address_id,territory,route_km,outside_city_km,base_city_fee,external_surcharge,final_fee,calculation_status,geographic_zone_analytics_only,taxi_reference,client_saving,driver_gap,passes_old_balanced
n11222053152,Протягайловка,7.939,,34,,,OUTSIDE_DISTANCE_UNAVAILABLE,4,,,,
n11888388469,Бендеры,3.777,0.0,18,0,18,CITY_OK,2,22.66,4.66,-0.34,False
n12143937485,Бендеры,3.241,0.0,15,0,15,CITY_OK,2,19.45,4.45,-0.55,False
n2321749385,Гиска,4.574,,21,,,OUTSIDE_DISTANCE_UNAVAILABLE,3,,,,
n2321749386,Гиска,4.751,,22,,,OUTSIDE_DISTANCE_UNAVAILABLE,3,,,,
n2321749387,Гиска,4.72,,21,,,OUTSIDE_DISTANCE_UNAVAILABLE,3,,,,
n2321749388,Гиска,4.634,,21,,,OUTSIDE_DISTANCE_UNAVAILABLE,3,,,,
n2321749389,Гиска,4.732,,21,,,OUTSIDE_DISTANCE_UNAVAILABLE,3,,,,
n2321749390,Гиска,4.696,,21,,,OUTSIDE_DISTANCE_UNAVAILABLE,3,,,,
n2321749391,Гиска,4.696,,21,,,OUTSIDE_DISTANCE_UNAVAILABLE,3,,,,
n2321749392,Гиска,5.029,,23,,,OUTSIDE_DISTANCE_UNAVAILABLE,3,,,,
n2321749393,Гиска,5.068,,23,,,OUTSIDE_DISTANCE_UNAVAILABLE,3,,,,
n2321749394,Гиска,5.174,,23,,,OUTSIDE_DISTANCE_UNAVAILABLE,3,,,,
n2321749401,Гиска,4.816,,22,,,OUTSIDE_DISTANCE_UNAVAILABLE,3,,,,
n2321749410,Гиска,4.794,,22,,,OUTSIDE_DISTANCE_UNAVAILABLE,3,,,,
n2321749411,Гиска,5.082,,23,,,OUTSIDE_DISTANCE_UNAVAILABLE,3,,,,
n2321749412,Гиска,5.176,,23,,,OUTSIDE_DISTANCE_UNAVAILABLE,3,,,,
n2321749413,Гиска,5.23,,23,,,OUTSIDE_DISTANCE_UNAVAILABLE,3,,,,
n2321749414,Гиска,5.315,,24,,,OUTSIDE_DISTANCE_UNAVAILABLE,4,,,,
n2321749415,Гиска,5.213,,23,,,OUTSIDE_DISTANCE_UNAVAILABLE,3,,,,
n2321749416,Гиска,5.305,,24,,,OUTSIDE_DISTANCE_UNAVAILABLE,4,,,,
n2321749417,Гиска,5.407,,24,,,OUTSIDE_DISTANCE_UNAVAILABLE,4,,,,
n2321749418,Гиска,5.494,,24,,,OUTSIDE_DISTANCE_UNAVAILABLE,4,,,,
n2321749419,Гиска,5.406,,24,,,OUTSIDE_DISTANCE_UNAVAILABLE,4,,,,
n2321749420,Гиска,5.557,,25,,,OUTSIDE_DISTANCE_UNAVAILABLE,4,,,,
n2321749421,Гиска,5.399,,24,,,OUTSIDE_DISTANCE_UNAVAILABLE,4,,,,
n2321749422,Гиска,5.609,,25,,,OUTSIDE_DISTANCE_UNAVAILABLE,4,,,,
n2321749424,Гиска,5.623,,25,,,OUTSIDE_DISTANCE_UNAVAILABLE,4,,,,
n2321749428,Гиска,6.466,,28,,,OUTSIDE_DISTANCE_UNAVAILABLE,4,,,,
n2321749430,Гиска,5.17,,23,,,OUTSIDE_DISTANCE_UNAVAILABLE,3,,,,
n2321749431,Гиска,5.254,,24,,,OUTSIDE_DISTANCE_UNAVAILABLE,3,,,,
n2321749432,Гиска,5.323,,24,,,OUTSIDE_DISTANCE_UNAVAILABLE,4,,,,
n2321749433,Гиска,5.466,,24,,,OUTSIDE_DISTANCE_UNAVAILABLE,4,,,,
n2321749435,Гиска,5.638,,25,,,OUTSIDE_DISTANCE_UNAVAILABLE,4,,,,
n2321749436,Гиска,5.62,,25,,,OUTSIDE_DISTANCE_UNAVAILABLE,4,,,,
n2321749437,Гиска,5.571,,25,,,OUTSIDE_DISTANCE_UNAVAILABLE,4,,,,
n2321749438,Гиска,5.642,,25,,,OUTSIDE_DISTANCE_UNAVAILABLE,4,,,,
n2321749439,Гиска,5.559,,25,,,OUTSIDE_DISTANCE_UNAVAILABLE,4,,,,
n2321749440,Гиска,5.559,,25,,,OUTSIDE_DISTANCE_UNAVAILABLE,4,,,,
n2321749441,Гиска,5.577,,25,,,OUTSIDE_DISTANCE_UNAVAILABLE,4,,,,
n2321749442,Гиска,5.576,,25,,,OUTSIDE_DISTANCE_UNAVAILABLE,4,,,,
n2321749444,Гиска,5.643,,25,,,OUTSIDE_DISTANCE_UNAVAILABLE,4,,,,
n2321749445,Гиска,6.142,,27,,,OUTSIDE_DISTANCE_UNAVAILABLE,4,,,,
n2321749446,Гиска,6.175,,27,,,OUTSIDE_DISTANCE_UNAVAILABLE,4,,,,
n2321749447,Гиска,6.134,,27,,,OUTSIDE_DISTANCE_UNAVAILABLE,4,,,,
n2321749451,Гиска,5.697,,25,,,OUTSIDE_DISTANCE_UNAVAILABLE,4,,,,
n2321749452,Гиска,5.687,,25,,,OUTSIDE_DISTANCE_UNAVAILABLE,4,,,,
n2321749453,Гиска,6.255,,28,,,OUTSIDE_DISTANCE_UNAVAILABLE,4,,,,
n2321749454,Гиска,6.248,,27,,,OUTSIDE_DISTANCE_UNAVAILABLE,4,,,,
n2321749456,Гиска,5.618,,25,,,OUTSIDE_DISTANCE_UNAVAILABLE,4,,,,
n2321749458,Гиска,5.638,,25,,,OUTSIDE_DISTANCE_UNAVAILABLE,4,,,,
n2321749459,Гиска,5.682,,25,,,OUTSIDE_DISTANCE_UNAVAILABLE,4,,,,
n2321749460,Гиска,5.725,,25,,,OUTSIDE_DISTANCE_UNAVAILABLE,4,,,,
n2321749461,Гиска,5.907,,26,,,OUTSIDE_DISTANCE_UNAVAILABLE,4,,,,
n2321749462,Гиска,5.722,,25,,,OUTSIDE_DISTANCE_UNAVAILABLE,4,,,,
n2321749463,Гиска,5.86,,26,,,OUTSIDE_DISTANCE_UNAVAILABLE,4,,,,
n2321749464,Гиска,5.864,,26,,,OUTSIDE_DISTANCE_UNAVAILABLE,4,,,,
n2321749465,Гиска,5.921,,26,,,OUTSIDE_DISTANCE_UNAVAILABLE,4,,,,
n2321749466,Гиска,5.909,,26,,,OUTSIDE_DISTANCE_UNAVAILABLE,4,,,,
n2321749467,Гиска,5.964,,26,,,OUTSIDE_DISTANCE_UNAVAILABLE,4,,,,
n2321749468,Гиска,5.971,,26,,,OUTSIDE_DISTANCE_UNAVAILABLE,4,,,,
n2321749469,Гиска,5.804,,26,,,OUTSIDE_DISTANCE_UNAVAILABLE,4,,,,
n2321749470,Гиска,5.816,,26,,,OUTSIDE_DISTANCE_UNAVAILABLE,4,,,,
n2321749471,Гиска,5.798,,26,,,OUTSIDE_DISTANCE_UNAVAILABLE,4,,,,
n2321749472,Гиска,5.805,,26,,,OUTSIDE_DISTANCE_UNAVAILABLE,4,,,,
n2321749473,Гиска,5.73,,25,,,OUTSIDE_DISTANCE_UNAVAILABLE,4,,,,
n2321749474,Гиска,6.323,,28,,,OUTSIDE_DISTANCE_UNAVAILABLE,4,,,,
n2321749475,Гиска,6.302,,28,,,OUTSIDE_DISTANCE_UNAVAILABLE,4,,,,
n2321749476,Гиска,6.39,,28,,,OUTSIDE_DISTANCE_UNAVAILABLE,4,,,,
n2321749477,Гиска,6.477,,28,,,OUTSIDE_DISTANCE_UNAVAILABLE,4,,,,
n2321749478,Гиска,6.484,,28,,,OUTSIDE_DISTANCE_UNAVAILABLE,4,,,,
n2321749479,Гиска,6.366,,28,,,OUTSIDE_DISTANCE_UNAVAILABLE,4,,,,
n2321749482,Гиска,6.385,,28,,,OUTSIDE_DISTANCE_UNAVAILABLE,4,,,,
n2321749483,Гиска,6.322,,28,,,OUTSIDE_DISTANCE_UNAVAILABLE,4,,,,
n2321749484,Гиска,6.17,,27,,,OUTSIDE_DISTANCE_UNAVAILABLE,4,,,,
n2321749485,Гиска,6.229,,27,,,OUTSIDE_DISTANCE_UNAVAILABLE,4,,,,
n2321749486,Гиска,6.177,,27,,,OUTSIDE_DISTANCE_UNAVAILABLE,4,,,,
n2321749487,Гиска,5.714,,25,,,OUTSIDE_DISTANCE_UNAVAILABLE,4,,,,
n2321749488,Гиска,5.771,,26,,,OUTSIDE_DISTANCE_UNAVAILABLE,4,,,,
n2321749489,Гиска,5.77,,26,,,OUTSIDE_DISTANCE_UNAVAILABLE,4,,,,
n2321749490,Гиска,5.969,,26,,,OUTSIDE_DISTANCE_UNAVAILABLE,4,,,,
n2321749491,Гиска,5.961,,26,,,OUTSIDE_DISTANCE_UNAVAILABLE,4,,,,
n2321749492,Гиска,5.809,,26,,,OUTSIDE_DISTANCE_UNAVAILABLE,4,,,,
n2321749493,Гиска,5.878,,26,,,OUTSIDE_DISTANCE_UNAVAILABLE,4,,,,
n2321749494,Гиска,5.804,,26,,,OUTSIDE_DISTANCE_UNAVAILABLE,4,,,,
n2321749495,Гиска,5.812,,26,,,OUTSIDE_DISTANCE_UNAVAILABLE,4,,,,
n2321833111,Бендеры,5.725,0.0,25,0,25,CITY_OK,3,34.35,9.35,4.35,False
n2321834521,Бендеры,5.562,0.0,25,0,25,CITY_OK,3,33.37,8.37,3.37,False
n2321834524,Бендеры,5.42,0.0,24,0,24,CITY_OK,3,32.52,8.52,3.52,False
n2321834527,Бендеры,5.414,0.0,24,0,24,CITY_OK,3,32.48,8.48,3.48,False
n2321834534,Бендеры,5.375,0.0,24,0,24,CITY_OK,3,32.25,8.25,3.25,False
n2321855312,Бендеры,5.202,0.0,23,0,23,CITY_OK,3,31.21,8.21,3.21,False
n2321855313,Бендеры,5.16,0.0,23,0,23,CITY_OK,3,30.96,7.96,2.96,False
n2321855335,Бендеры,5.328,0.0,24,0,24,CITY_OK,3,31.97,7.97,2.97,False
n2321855336,Бендеры,5.264,0.0,24,0,24,CITY_OK,3,31.58,7.58,2.58,True
n2321951516,Бендеры,5.228,0.0,23,0,23,CITY_OK,3,31.37,8.37,3.37,False
n2321951519,Бендеры,5.294,0.0,24,0,24,CITY_OK,3,31.76,7.76,2.76,False
n2321951523,Бендеры,5.1,0.0,23,0,23,CITY_OK,3,30.6,7.6,2.6,False
n2321993999,Бендеры,5.136,0.0,23,0,23,CITY_OK,3,30.82,7.82,2.82,False
n2321994003,Бендеры,5.071,0.0,23,0,23,CITY_OK,3,30.43,7.43,2.43,True
n2321994021,Бендеры,5.038,0.0,23,0,23,CITY_OK,3,30.23,7.23,2.23,True
n2321994025,Бендеры,5.266,0.0,24,0,24,CITY_OK,3,31.6,7.6,2.6,True
n2322107937,Бендеры,4.379,0.0,20,0,20,CITY_OK,3,26.27,6.27,1.27,True
n2322107940,Бендеры,6.515,0.0,29,0,29,CITY_OK,4,39.09,10.09,5.09,False
n2322107942,Бендеры,6.325,0.0,28,0,28,CITY_OK,4,37.95,9.95,4.95,False
n2322107948,Бендеры,6.543,0.0,29,0,29,CITY_OK,4,39.26,10.26,5.26,False
n2322107950,Бендеры,6.431,0.0,28,0,28,CITY_OK,4,38.59,10.59,5.59,False
n2322107952,Бендеры,6.373,0.0,28,0,28,CITY_OK,4,38.24,10.24,5.24,False
n2322107953,Бендеры,6.288,0.0,28,0,28,CITY_OK,4,37.73,9.73,4.73,False
n2322107954,Бендеры,6.368,0.0,28,0,28,CITY_OK,4,38.21,10.21,5.21,False
n2322107955,Бендеры,6.181,0.0,27,0,27,CITY_OK,4,37.09,10.09,5.09,False
n2322107956,Бендеры,6.191,0.0,27,0,27,CITY_OK,4,37.15,10.15,5.15,False
n2322107957,Бендеры,6.646,0.0,29,0,29,CITY_OK,4,39.88,10.88,5.88,False
n2322112853,Бендеры,6.527,0.0,29,0,29,CITY_OK,4,39.16,10.16,5.16,False
n2322112854,Бендеры,6.434,0.0,28,0,28,CITY_OK,4,38.6,10.6,5.6,False
n2322118077,Бендеры,6.171,0.0,27,0,27,CITY_OK,4,37.03,10.03,5.03,False
n2322118089,Бендеры,4.968,0.0,22,0,22,CITY_OK,3,29.81,7.81,2.81,False
n2322916164,Бендеры,1.497,0.0,14,0,14,CITY_OK,1,18.0,4.0,-1.0,False
n2322916165,Бендеры,1.532,0.0,14,0,14,CITY_OK,1,18.0,4.0,-1.0,False
n2322975402,Бендеры,1.686,0.0,14,0,14,CITY_OK,1,18.0,4.0,-1.0,False
n2322975403,Бендеры,1.688,0.0,14,0,14,CITY_OK,1,18.0,4.0,-1.0,False
n2323031531,Бендеры,1.492,0.0,14,0,14,CITY_OK,1,18.0,4.0,-1.0,False
n2323051089,Бендеры,0.903,0.0,14,0,14,CITY_OK,1,18.0,4.0,-1.0,False
n2323051105,Бендеры,0.71,0.0,14,0,14,CITY_OK,1,18.0,4.0,-1.0,False
n2323119091,Бендеры,0.832,0.0,14,0,14,CITY_OK,1,18.0,4.0,-1.0,False
n2323152058,Парканы,4.551,,21,,,OUTSIDE_DISTANCE_UNAVAILABLE,3,,,,
n2323152060,Парканы,5.464,,24,,,OUTSIDE_DISTANCE_UNAVAILABLE,3,,,,
n2323152061,Парканы,5.428,,24,,,OUTSIDE_DISTANCE_UNAVAILABLE,3,,,,
n2323152062,Парканы,5.748,,25,,,OUTSIDE_DISTANCE_UNAVAILABLE,4,,,,
n2323152063,Парканы,5.785,,26,,,OUTSIDE_DISTANCE_UNAVAILABLE,4,,,,
n2323152064,Парканы,5.654,,25,,,OUTSIDE_DISTANCE_UNAVAILABLE,4,,,,
n2323152065,Парканы,5.691,,25,,,OUTSIDE_DISTANCE_UNAVAILABLE,4,,,,
n2323152066,Парканы,5.684,,25,,,OUTSIDE_DISTANCE_UNAVAILABLE,4,,,,
n2323152068,Парканы,5.266,,24,,,OUTSIDE_DISTANCE_UNAVAILABLE,3,,,,
n2323152069,Парканы,5.396,,24,,,OUTSIDE_DISTANCE_UNAVAILABLE,3,,,,
n2323152070,Парканы,5.191,,23,,,OUTSIDE_DISTANCE_UNAVAILABLE,3,,,,
n2323152072,Парканы,5.443,,24,,,OUTSIDE_DISTANCE_UNAVAILABLE,3,,,,
n2323152073,Парканы,5.508,,25,,,OUTSIDE_DISTANCE_UNAVAILABLE,3,,,,
n2323152075,Парканы,5.549,,25,,,OUTSIDE_DISTANCE_UNAVAILABLE,4,,,,
n2323152078,Парканы,5.396,,24,,,OUTSIDE_DISTANCE_UNAVAILABLE,3,,,,
n2323152080,Парканы,4.378,,20,,,OUTSIDE_DISTANCE_UNAVAILABLE,3,,,,
n2323152081,Парканы,4.384,,20,,,OUTSIDE_DISTANCE_UNAVAILABLE,3,,,,
n2323152082,Парканы,5.25,,23,,,OUTSIDE_DISTANCE_UNAVAILABLE,3,,,,
n2323152083,Парканы,5.227,,23,,,OUTSIDE_DISTANCE_UNAVAILABLE,3,,,,
n2323152090,Парканы,3.325,,16,,,OUTSIDE_DISTANCE_UNAVAILABLE,2,,,,
n2323152091,Парканы,3.312,,16,,,OUTSIDE_DISTANCE_UNAVAILABLE,2,,,,
n2323152094,Парканы,3.594,,17,,,OUTSIDE_DISTANCE_UNAVAILABLE,2,,,,
n2323152095,Парканы,3.618,,17,,,OUTSIDE_DISTANCE_UNAVAILABLE,2,,,,
n2323152097,Парканы,3.786,,18,,,OUTSIDE_DISTANCE_UNAVAILABLE,2,,,,
n2323152098,Парканы,3.786,,18,,,OUTSIDE_DISTANCE_UNAVAILABLE,2,,,,
n2323152099,Парканы,3.958,,18,,,OUTSIDE_DISTANCE_UNAVAILABLE,2,,,,
n2323152107,Парканы,5.004,,23,,,OUTSIDE_DISTANCE_UNAVAILABLE,3,,,,
n2323152108,Парканы,4.922,,22,,,OUTSIDE_DISTANCE_UNAVAILABLE,3,,,,
n2323152109,Парканы,4.853,,22,,,OUTSIDE_DISTANCE_UNAVAILABLE,3,,,,
n2323152111,Парканы,4.902,,22,,,OUTSIDE_DISTANCE_UNAVAILABLE,3,,,,
n2323152112,Парканы,4.888,,22,,,OUTSIDE_DISTANCE_UNAVAILABLE,3,,,,
n2323152115,Парканы,5.463,,24,,,OUTSIDE_DISTANCE_UNAVAILABLE,3,,,,
n2323152117,Парканы,4.181,,19,,,OUTSIDE_DISTANCE_UNAVAILABLE,3,,,,
n2323152118,Парканы,4.216,,19,,,OUTSIDE_DISTANCE_UNAVAILABLE,3,,,,
n2323152119,Парканы,4.178,,19,,,OUTSIDE_DISTANCE_UNAVAILABLE,3,,,,
n2323152120,Парканы,4.228,,19,,,OUTSIDE_DISTANCE_UNAVAILABLE,3,,,,
n2323152121,Парканы,4.83,,22,,,OUTSIDE_DISTANCE_UNAVAILABLE,3,,,,
n2323152122,Парканы,4.826,,22,,,OUTSIDE_DISTANCE_UNAVAILABLE,3,,,,
n2323152123,Парканы,4.755,,22,,,OUTSIDE_DISTANCE_UNAVAILABLE,3,,,,
n2323152124,Парканы,4.886,,22,,,OUTSIDE_DISTANCE_UNAVAILABLE,3,,,,
n2323152125,Парканы,4.918,,22,,,OUTSIDE_DISTANCE_UNAVAILABLE,3,,,,
n2323152126,Парканы,4.83,,22,,,OUTSIDE_DISTANCE_UNAVAILABLE,3,,,,
n2323152127,Парканы,4.796,,22,,,OUTSIDE_DISTANCE_UNAVAILABLE,3,,,,
n2323152128,Парканы,5.374,,24,,,OUTSIDE_DISTANCE_UNAVAILABLE,3,,,,
n2323152130,Парканы,5.62,,25,,,OUTSIDE_DISTANCE_UNAVAILABLE,4,,,,
n2323152131,Парканы,5.626,,25,,,OUTSIDE_DISTANCE_UNAVAILABLE,4,,,,
n2323152132,Парканы,5.54,,25,,,OUTSIDE_DISTANCE_UNAVAILABLE,3,,,,
n2323152138,Парканы,4.12,,19,,,OUTSIDE_DISTANCE_UNAVAILABLE,3,,,,
n2323152139,Парканы,4.118,,19,,,OUTSIDE_DISTANCE_UNAVAILABLE,3,,,,
n2323152140,Парканы,4.122,,19,,,OUTSIDE_DISTANCE_UNAVAILABLE,3,,,,
n2323152145,Парканы,4.803,,22,,,OUTSIDE_DISTANCE_UNAVAILABLE,3,,,,
n2323152146,Парканы,4.796,,22,,,OUTSIDE_DISTANCE_UNAVAILABLE,3,,,,
n2323152148,Парканы,4.598,,21,,,OUTSIDE_DISTANCE_UNAVAILABLE,3,,,,
n2323152149,Парканы,4.644,,21,,,OUTSIDE_DISTANCE_UNAVAILABLE,3,,,,
n2323152150,Парканы,4.58,,21,,,OUTSIDE_DISTANCE_UNAVAILABLE,3,,,,
n2323152151,Парканы,3.945,,18,,,OUTSIDE_DISTANCE_UNAVAILABLE,2,,,,
n2323152152,Парканы,3.99,,18,,,OUTSIDE_DISTANCE_UNAVAILABLE,2,,,,
n2323152154,Парканы,3.862,,18,,,OUTSIDE_DISTANCE_UNAVAILABLE,2,,,,
n2323152155,Парканы,4.517,,21,,,OUTSIDE_DISTANCE_UNAVAILABLE,3,,,,
n2323152157,Парканы,4.746,,21,,,OUTSIDE_DISTANCE_UNAVAILABLE,3,,,,
n2323152159,Парканы,4.819,,22,,,OUTSIDE_DISTANCE_UNAVAILABLE,3,,,,
n2323214983,Бендеры,0.934,0.0,14,0,14,CITY_OK,1,18.0,4.0,-1.0,False
n2323214991,Бендеры,0.834,0.0,14,0,14,CITY_OK,1,18.0,4.0,-1.0,False
n2323220898,Бендеры,0.904,0.0,14,0,14,CITY_OK,1,18.0,4.0,-1.0,False
n2323227009,Бендеры,1.111,0.0,14,0,14,CITY_OK,1,18.0,4.0,-1.0,False
n2323261760,Бендеры,1.033,0.0,14,0,14,CITY_OK,1,18.0,4.0,-1.0,False
n2323263963,Бендеры,0.795,0.0,14,0,14,CITY_OK,1,18.0,4.0,-1.0,False
n2323270281,Бендеры,1.161,0.0,14,0,14,CITY_OK,1,18.0,4.0,-1.0,False
n2323271510,Бендеры,1.041,0.0,14,0,14,CITY_OK,1,18.0,4.0,-1.0,False
n2323280410,Бендеры,1.266,0.0,14,0,14,CITY_OK,1,18.0,4.0,-1.0,False
n2323280446,Бендеры,1.51,0.0,14,0,14,CITY_OK,1,18.0,4.0,-1.0,False
n2323343667,Парканы,4.341,,20,,,OUTSIDE_DISTANCE_UNAVAILABLE,3,,,,
n2323343668,Парканы,5.392,,24,,,OUTSIDE_DISTANCE_UNAVAILABLE,3,,,,
n2323343670,Парканы,3.733,,17,,,OUTSIDE_DISTANCE_UNAVAILABLE,2,,,,
n2323343672,Парканы,3.724,,17,,,OUTSIDE_DISTANCE_UNAVAILABLE,2,,,,
n2323343677,Парканы,3.807,,18,,,OUTSIDE_DISTANCE_UNAVAILABLE,2,,,,
n2323343678,Парканы,4.406,,20,,,OUTSIDE_DISTANCE_UNAVAILABLE,3,,,,
n2323343679,Парканы,4.404,,20,,,OUTSIDE_DISTANCE_UNAVAILABLE,3,,,,
n2323343680,Парканы,4.509,,21,,,OUTSIDE_DISTANCE_UNAVAILABLE,3,,,,
n2323343681,Парканы,4.402,,20,,,OUTSIDE_DISTANCE_UNAVAILABLE,3,,,,
n2323343682,Парканы,4.315,,20,,,OUTSIDE_DISTANCE_UNAVAILABLE,3,,,,
n2323343683,Парканы,4.321,,20,,,OUTSIDE_DISTANCE_UNAVAILABLE,3,,,,
n2323343684,Парканы,4.475,,20,,,OUTSIDE_DISTANCE_UNAVAILABLE,3,,,,
n2323343685,Парканы,4.545,,21,,,OUTSIDE_DISTANCE_UNAVAILABLE,3,,,,
n2323343687,Парканы,4.55,,21,,,OUTSIDE_DISTANCE_UNAVAILABLE,3,,,,
n2323343688,Парканы,4.689,,21,,,OUTSIDE_DISTANCE_UNAVAILABLE,3,,,,
n2323343689,Парканы,4.681,,21,,,OUTSIDE_DISTANCE_UNAVAILABLE,3,,,,
n2323343690,Парканы,4.766,,22,,,OUTSIDE_DISTANCE_UNAVAILABLE,3,,,,
n2323343691,Парканы,4.917,,22,,,OUTSIDE_DISTANCE_UNAVAILABLE,3,,,,
n2323343692,Парканы,4.91,,22,,,OUTSIDE_DISTANCE_UNAVAILABLE,3,,,,
n2323343693,Парканы,4.752,,22,,,OUTSIDE_DISTANCE_UNAVAILABLE,3,,,,
n2323343694,Парканы,4.843,,22,,,OUTSIDE_DISTANCE_UNAVAILABLE,3,,,,
n2323343695,Парканы,5.118,,23,,,OUTSIDE_DISTANCE_UNAVAILABLE,3,,,,
n2323343700,Парканы,4.793,,22,,,OUTSIDE_DISTANCE_UNAVAILABLE,3,,,,
n2323343701,Парканы,5.155,,23,,,OUTSIDE_DISTANCE_UNAVAILABLE,3,,,,
n2323343702,Парканы,5.451,,24,,,OUTSIDE_DISTANCE_UNAVAILABLE,3,,,,
n2323343703,Парканы,5.168,,23,,,OUTSIDE_DISTANCE_UNAVAILABLE,3,,,,
n2323343704,Парканы,5.431,,24,,,OUTSIDE_DISTANCE_UNAVAILABLE,3,,,,
n2323343707,Парканы,4.833,,22,,,OUTSIDE_DISTANCE_UNAVAILABLE,3,,,,
n2323343708,Парканы,4.871,,22,,,OUTSIDE_DISTANCE_UNAVAILABLE,3,,,,
n2323343709,Парканы,5.097,,23,,,OUTSIDE_DISTANCE_UNAVAILABLE,3,,,,
n2323343710,Парканы,5.078,,23,,,OUTSIDE_DISTANCE_UNAVAILABLE,3,,,,
n2323343711,Парканы,3.167,,15,,,OUTSIDE_DISTANCE_UNAVAILABLE,2,,,,
n2323343713,Парканы,3.576,,17,,,OUTSIDE_DISTANCE_UNAVAILABLE,2,,,,
n2323343723,Парканы,4.284,,20,,,OUTSIDE_DISTANCE_UNAVAILABLE,3,,,,
n2323343724,Парканы,4.305,,20,,,OUTSIDE_DISTANCE_UNAVAILABLE,3,,,,
n2323343727,Парканы,4.752,,22,,,OUTSIDE_DISTANCE_UNAVAILABLE,3,,,,
n2323352001,Парканы,3.345,,16,,,OUTSIDE_DISTANCE_UNAVAILABLE,2,,,,
n2323352002,Парканы,3.496,,16,,,OUTSIDE_DISTANCE_UNAVAILABLE,2,,,,
n2323352005,Парканы,4.443,,20,,,OUTSIDE_DISTANCE_UNAVAILABLE,3,,,,
n2323352006,Парканы,4.333,,20,,,OUTSIDE_DISTANCE_UNAVAILABLE,3,,,,
n2323352009,Парканы,3.841,,18,,,OUTSIDE_DISTANCE_UNAVAILABLE,2,,,,
n2323352013,Парканы,3.986,,18,,,OUTSIDE_DISTANCE_UNAVAILABLE,2,,,,
n2323352014,Парканы,4.036,,19,,,OUTSIDE_DISTANCE_UNAVAILABLE,2,,,,
n2323352015,Парканы,4.146,,19,,,OUTSIDE_DISTANCE_UNAVAILABLE,3,,,,
n2323352016,Парканы,4.15,,19,,,OUTSIDE_DISTANCE_UNAVAILABLE,3,,,,
n2323352017,Парканы,4.18,,19,,,OUTSIDE_DISTANCE_UNAVAILABLE,3,,,,
n2323352018,Парканы,4.219,,19,,,OUTSIDE_DISTANCE_UNAVAILABLE,3,,,,
n2323352019,Парканы,4.322,,20,,,OUTSIDE_DISTANCE_UNAVAILABLE,3,,,,
n2323366443,Бендеры,1.409,0.0,14,0,14,CITY_OK,1,18.0,4.0,-1.0,False
n2323407123,Парканы,3.791,,18,,,OUTSIDE_DISTANCE_UNAVAILABLE,2,,,,
n2323407145,Парканы,3.776,,18,,,OUTSIDE_DISTANCE_UNAVAILABLE,2,,,,
n2323407148,Парканы,4.808,,22,,,OUTSIDE_DISTANCE_UNAVAILABLE,3,,,,
n2323407151,Парканы,4.191,,19,,,OUTSIDE_DISTANCE_UNAVAILABLE,3,,,,
n2323407154,Парканы,4.007,,19,,,OUTSIDE_DISTANCE_UNAVAILABLE,2,,,,
n2323407157,Парканы,4.032,,19,,,OUTSIDE_DISTANCE_UNAVAILABLE,2,,,,
n2323407160,Парканы,4.135,,19,,,OUTSIDE_DISTANCE_UNAVAILABLE,3,,,,
n2323407164,Парканы,4.727,,21,,,OUTSIDE_DISTANCE_UNAVAILABLE,3,,,,
n2323407172,Парканы,4.584,,21,,,OUTSIDE_DISTANCE_UNAVAILABLE,3,,,,
n2323407177,Парканы,4.592,,21,,,OUTSIDE_DISTANCE_UNAVAILABLE,3,,,,
n2323407189,Парканы,4.908,,22,,,OUTSIDE_DISTANCE_UNAVAILABLE,3,,,,
n2323407192,Парканы,4.942,,22,,,OUTSIDE_DISTANCE_UNAVAILABLE,3,,,,
n2323407206,Парканы,4.487,,20,,,OUTSIDE_DISTANCE_UNAVAILABLE,3,,,,
n2323407211,Парканы,4.322,,20,,,OUTSIDE_DISTANCE_UNAVAILABLE,3,,,,
n2323407215,Парканы,4.309,,20,,,OUTSIDE_DISTANCE_UNAVAILABLE,3,,,,
n2323407230,Парканы,5.125,,23,,,OUTSIDE_DISTANCE_UNAVAILABLE,3,,,,
n2323407234,Парканы,5.292,,24,,,OUTSIDE_DISTANCE_UNAVAILABLE,3,,,,
n2323407237,Парканы,5.616,,25,,,OUTSIDE_DISTANCE_UNAVAILABLE,4,,,,
n2323407240,Парканы,5.613,,25,,,OUTSIDE_DISTANCE_UNAVAILABLE,4,,,,
n2323407244,Парканы,5.638,,25,,,OUTSIDE_DISTANCE_UNAVAILABLE,4,,,,
n2323407247,Парканы,5.631,,25,,,OUTSIDE_DISTANCE_UNAVAILABLE,4,,,,
n2323407249,Парканы,5.965,,26,,,OUTSIDE_DISTANCE_UNAVAILABLE,4,,,,
n2323407252,Парканы,6.065,,27,,,OUTSIDE_DISTANCE_UNAVAILABLE,4,,,,
n2323407255,Парканы,6.557,,29,,,OUTSIDE_DISTANCE_UNAVAILABLE,4,,,,
n2323407258,Парканы,6.515,,29,,,OUTSIDE_DISTANCE_UNAVAILABLE,4,,,,
n2323407261,Парканы,6.554,,29,,,OUTSIDE_DISTANCE_UNAVAILABLE,4,,,,
n2323407267,Парканы,7.111,,31,,,OUTSIDE_DISTANCE_UNAVAILABLE,4,,,,
n2323407271,Парканы,7.112,,31,,,OUTSIDE_DISTANCE_UNAVAILABLE,4,,,,
n2323407278,Парканы,3.286,,16,,,OUTSIDE_DISTANCE_UNAVAILABLE,2,,,,
n2323407281,Парканы,3.93,,18,,,OUTSIDE_DISTANCE_UNAVAILABLE,2,,,,
n2323407284,Парканы,3.394,,16,,,OUTSIDE_DISTANCE_UNAVAILABLE,2,,,,
n2323407286,Парканы,3.391,,16,,,OUTSIDE_DISTANCE_UNAVAILABLE,2,,,,
n2323407288,Парканы,4.074,,19,,,OUTSIDE_DISTANCE_UNAVAILABLE,3,,,,
n2323407289,Парканы,4.122,,19,,,OUTSIDE_DISTANCE_UNAVAILABLE,3,,,,
n2323407290,Парканы,4.17,,19,,,OUTSIDE_DISTANCE_UNAVAILABLE,3,,,,
n2323407291,Парканы,4.167,,19,,,OUTSIDE_DISTANCE_UNAVAILABLE,3,,,,
n2323407292,Парканы,4.808,,22,,,OUTSIDE_DISTANCE_UNAVAILABLE,3,,,,
n2323407293,Парканы,4.645,,21,,,OUTSIDE_DISTANCE_UNAVAILABLE,3,,,,
n2323407294,Парканы,4.647,,21,,,OUTSIDE_DISTANCE_UNAVAILABLE,3,,,,
n2323407295,Парканы,4.627,,21,,,OUTSIDE_DISTANCE_UNAVAILABLE,3,,,,
n2323407298,Парканы,4.801,,22,,,OUTSIDE_DISTANCE_UNAVAILABLE,3,,,,
n2323407299,Парканы,4.862,,22,,,OUTSIDE_DISTANCE_UNAVAILABLE,3,,,,
n2323407300,Парканы,4.988,,22,,,OUTSIDE_DISTANCE_UNAVAILABLE,3,,,,
n2323407301,Парканы,5.058,,23,,,OUTSIDE_DISTANCE_UNAVAILABLE,3,,,,
n2323452875,Бендеры,3.567,0.0,17,0,17,CITY_OK,2,21.4,4.4,-0.6,False
n2323574994,Бендеры,2.858,0.0,14,0,14,CITY_OK,2,18.0,4.0,-1.0,False
n2323574999,Бендеры,2.883,0.0,14,0,14,CITY_OK,2,18.0,4.0,-1.0,False
n2323588975,Парканы,5.051,,23,,,OUTSIDE_DISTANCE_UNAVAILABLE,3,,,,
n2323588981,Парканы,5.489,,24,,,OUTSIDE_DISTANCE_UNAVAILABLE,3,,,,
n2323588984,Парканы,5.716,,25,,,OUTSIDE_DISTANCE_UNAVAILABLE,4,,,,
n2323588987,Парканы,5.729,,25,,,OUTSIDE_DISTANCE_UNAVAILABLE,4,,,,
n2323588990,Парканы,5.794,,26,,,OUTSIDE_DISTANCE_UNAVAILABLE,4,,,,
n2323588993,Парканы,5.858,,26,,,OUTSIDE_DISTANCE_UNAVAILABLE,4,,,,
n2323588999,Парканы,6.335,,28,,,OUTSIDE_DISTANCE_UNAVAILABLE,4,,,,
n2323589005,Парканы,5.313,,24,,,OUTSIDE_DISTANCE_UNAVAILABLE,3,,,,
n2323589008,Парканы,5.302,,24,,,OUTSIDE_DISTANCE_UNAVAILABLE,3,,,,
n2323589013,Парканы,5.4,,24,,,OUTSIDE_DISTANCE_UNAVAILABLE,3,,,,
n2323589016,Парканы,5.408,,24,,,OUTSIDE_DISTANCE_UNAVAILABLE,3,,,,
n2323589027,Парканы,5.144,,23,,,OUTSIDE_DISTANCE_UNAVAILABLE,3,,,,
n2323589031,Парканы,5.173,,23,,,OUTSIDE_DISTANCE_UNAVAILABLE,3,,,,
n2323589034,Парканы,5.723,,25,,,OUTSIDE_DISTANCE_UNAVAILABLE,4,,,,
n2323589038,Парканы,5.723,,25,,,OUTSIDE_DISTANCE_UNAVAILABLE,4,,,,
n2323589045,Парканы,6.136,,27,,,OUTSIDE_DISTANCE_UNAVAILABLE,4,,,,
n2323589056,Парканы,6.441,,28,,,OUTSIDE_DISTANCE_UNAVAILABLE,4,,,,
n2323589062,Парканы,4.95,,22,,,OUTSIDE_DISTANCE_UNAVAILABLE,3,,,,
n2323589065,Парканы,4.988,,22,,,OUTSIDE_DISTANCE_UNAVAILABLE,3,,,,
n2323589068,Парканы,4.994,,22,,,OUTSIDE_DISTANCE_UNAVAILABLE,3,,,,
n2323589071,Парканы,5.023,,23,,,OUTSIDE_DISTANCE_UNAVAILABLE,3,,,,
n2323589077,Парканы,5.576,,25,,,OUTSIDE_DISTANCE_UNAVAILABLE,4,,,,
n2323589084,Парканы,5.662,,25,,,OUTSIDE_DISTANCE_UNAVAILABLE,4,,,,
n2323589087,Парканы,5.969,,26,,,OUTSIDE_DISTANCE_UNAVAILABLE,4,,,,
n2323589090,Парканы,6.01,,27,,,OUTSIDE_DISTANCE_UNAVAILABLE,4,,,,
n2323589094,Парканы,6.007,,27,,,OUTSIDE_DISTANCE_UNAVAILABLE,4,,,,
n2323589098,Парканы,5.162,,23,,,OUTSIDE_DISTANCE_UNAVAILABLE,3,,,,
n2323589099,Парканы,5.787,,26,,,OUTSIDE_DISTANCE_UNAVAILABLE,4,,,,
n2323589100,Парканы,5.686,,25,,,OUTSIDE_DISTANCE_UNAVAILABLE,4,,,,
n2323589102,Парканы,5.227,,23,,,OUTSIDE_DISTANCE_UNAVAILABLE,3,,,,
n2323589104,Парканы,5.258,,24,,,OUTSIDE_DISTANCE_UNAVAILABLE,3,,,,
n2323589109,Парканы,5.26,,24,,,OUTSIDE_DISTANCE_UNAVAILABLE,3,,,,
n2323589112,Парканы,5.793,,26,,,OUTSIDE_DISTANCE_UNAVAILABLE,4,,,,
n2323589115,Парканы,5.796,,26,,,OUTSIDE_DISTANCE_UNAVAILABLE,4,,,,
n2323589118,Парканы,5.832,,26,,,OUTSIDE_DISTANCE_UNAVAILABLE,4,,,,
n2323589121,Парканы,5.835,,26,,,OUTSIDE_DISTANCE_UNAVAILABLE,4,,,,
n2323589124,Парканы,6.206,,27,,,OUTSIDE_DISTANCE_UNAVAILABLE,4,,,,
n2323589127,Парканы,6.156,,27,,,OUTSIDE_DISTANCE_UNAVAILABLE,4,,,,
n2323589130,Парканы,6.964,,30,,,OUTSIDE_DISTANCE_UNAVAILABLE,4,,,,
n2323589133,Парканы,7.027,,31,,,OUTSIDE_DISTANCE_UNAVAILABLE,4,,,,
n2323672952,Бендеры,3.747,0.0,17,0,17,CITY_OK,2,22.48,5.48,0.48,True
n2323674179,Парканы,5.495,,24,,,OUTSIDE_DISTANCE_UNAVAILABLE,3,,,,
n2323674180,Парканы,5.46,,24,,,OUTSIDE_DISTANCE_UNAVAILABLE,3,,,,
n2323674181,Парканы,5.476,,24,,,OUTSIDE_DISTANCE_UNAVAILABLE,3,,,,
n2323674182,Парканы,5.561,,25,,,OUTSIDE_DISTANCE_UNAVAILABLE,4,,,,
n2323674183,Парканы,6.145,,27,,,OUTSIDE_DISTANCE_UNAVAILABLE,4,,,,
n2323674184,Парканы,6.095,,27,,,OUTSIDE_DISTANCE_UNAVAILABLE,4,,,,
n2323674185,Парканы,6.47,,28,,,OUTSIDE_DISTANCE_UNAVAILABLE,4,,,,
n2323674187,Парканы,7.151,,31,,,OUTSIDE_DISTANCE_UNAVAILABLE,4,,,,
n2323674189,Парканы,6.187,,27,,,OUTSIDE_DISTANCE_UNAVAILABLE,4,,,,
n2323674191,Парканы,6.611,,29,,,OUTSIDE_DISTANCE_UNAVAILABLE,4,,,,
n2323674192,Парканы,6.612,,29,,,OUTSIDE_DISTANCE_UNAVAILABLE,4,,,,
n2323674193,Парканы,6.578,,29,,,OUTSIDE_DISTANCE_UNAVAILABLE,4,,,,
n2323674194,Парканы,6.611,,29,,,OUTSIDE_DISTANCE_UNAVAILABLE,4,,,,
n2323674197,Парканы,6.622,,29,,,OUTSIDE_DISTANCE_UNAVAILABLE,4,,,,
n2323674199,Парканы,4.671,,21,,,OUTSIDE_DISTANCE_UNAVAILABLE,3,,,,
n2323674201,Парканы,4.683,,21,,,OUTSIDE_DISTANCE_UNAVAILABLE,3,,,,
n2323674202,Парканы,4.802,,22,,,OUTSIDE_DISTANCE_UNAVAILABLE,3,,,,
n2323674203,Парканы,4.814,,22,,,OUTSIDE_DISTANCE_UNAVAILABLE,3,,,,
n2323674204,Парканы,4.862,,22,,,OUTSIDE_DISTANCE_UNAVAILABLE,3,,,,
n2323674205,Парканы,4.866,,22,,,OUTSIDE_DISTANCE_UNAVAILABLE,3,,,,
n2323674206,Парканы,5.485,,24,,,OUTSIDE_DISTANCE_UNAVAILABLE,3,,,,
n2323674207,Парканы,5.486,,24,,,OUTSIDE_DISTANCE_UNAVAILABLE,3,,,,
n2323674208,Парканы,5.556,,25,,,OUTSIDE_DISTANCE_UNAVAILABLE,4,,,,
n2323674209,Парканы,5.555,,25,,,OUTSIDE_DISTANCE_UNAVAILABLE,4,,,,
n2323674210,Парканы,5.984,,26,,,OUTSIDE_DISTANCE_UNAVAILABLE,4,,,,
n2323674211,Парканы,5.995,,26,,,OUTSIDE_DISTANCE_UNAVAILABLE,4,,,,
n2323674214,Парканы,6.271,,28,,,OUTSIDE_DISTANCE_UNAVAILABLE,4,,,,
n2323674215,Парканы,4.825,,22,,,OUTSIDE_DISTANCE_UNAVAILABLE,3,,,,
n2323674216,Парканы,4.835,,22,,,OUTSIDE_DISTANCE_UNAVAILABLE,3,,,,
n2323674217,Парканы,4.927,,22,,,OUTSIDE_DISTANCE_UNAVAILABLE,3,,,,
n2323674218,Парканы,4.996,,22,,,OUTSIDE_DISTANCE_UNAVAILABLE,3,,,,
n2323674221,Парканы,5.125,,23,,,OUTSIDE_DISTANCE_UNAVAILABLE,3,,,,
n2323674223,Парканы,5.63,,25,,,OUTSIDE_DISTANCE_UNAVAILABLE,4,,,,
n2323674224,Парканы,5.665,,25,,,OUTSIDE_DISTANCE_UNAVAILABLE,4,,,,
n2323674225,Парканы,5.921,,26,,,OUTSIDE_DISTANCE_UNAVAILABLE,4,,,,
n2323674226,Парканы,5.949,,26,,,OUTSIDE_DISTANCE_UNAVAILABLE,4,,,,
n2323674227,Парканы,6.128,,27,,,OUTSIDE_DISTANCE_UNAVAILABLE,4,,,,
n2323674229,Парканы,6.126,,27,,,OUTSIDE_DISTANCE_UNAVAILABLE,4,,,,
n2323674230,Парканы,6.124,,27,,,OUTSIDE_DISTANCE_UNAVAILABLE,4,,,,
n2323674232,Парканы,6.705,,29,,,OUTSIDE_DISTANCE_UNAVAILABLE,4,,,,
n2323674233,Парканы,5.555,,25,,,OUTSIDE_DISTANCE_UNAVAILABLE,4,,,,
n2323674234,Парканы,5.581,,25,,,OUTSIDE_DISTANCE_UNAVAILABLE,4,,,,
n2323674235,Парканы,6.037,,27,,,OUTSIDE_DISTANCE_UNAVAILABLE,4,,,,
n2323674236,Парканы,6.045,,27,,,OUTSIDE_DISTANCE_UNAVAILABLE,4,,,,
n2323674238,Парканы,6.263,,28,,,OUTSIDE_DISTANCE_UNAVAILABLE,4,,,,
n2323674239,Парканы,6.226,,27,,,OUTSIDE_DISTANCE_UNAVAILABLE,4,,,,
n2323674240,Парканы,6.251,,28,,,OUTSIDE_DISTANCE_UNAVAILABLE,4,,,,
n2323674243,Парканы,6.739,,29,,,OUTSIDE_DISTANCE_UNAVAILABLE,4,,,,
n2323674245,Парканы,5.613,,25,,,OUTSIDE_DISTANCE_UNAVAILABLE,4,,,,
n2323674247,Парканы,6.38,,28,,,OUTSIDE_DISTANCE_UNAVAILABLE,4,,,,
n2323682855,Бендеры,2.181,0.0,14,0,14,CITY_OK,2,18.0,4.0,-1.0,False
n2323682856,Бендеры,2.225,0.0,14,0,14,CITY_OK,2,18.0,4.0,-1.0,False
n2323734789,Бендеры,2.561,0.0,14,0,14,CITY_OK,2,18.0,4.0,-1.0,False
n2323734801,Бендеры,2.549,0.0,14,0,14,CITY_OK,2,18.0,4.0,-1.0,False
n2323734818,Бендеры,2.421,0.0,14,0,14,CITY_OK,2,18.0,4.0,-1.0,False
n2323734825,Бендеры,2.415,0.0,14,0,14,CITY_OK,2,18.0,4.0,-1.0,False
n2323734826,Бендеры,2.529,0.0,14,0,14,CITY_OK,2,18.0,4.0,-1.0,False
n2323734827,Бендеры,2.562,0.0,14,0,14,CITY_OK,2,18.0,4.0,-1.0,False
n2323793868,Бендеры,2.418,0.0,14,0,14,CITY_OK,2,18.0,4.0,-1.0,False
n2323793885,Бендеры,1.821,0.0,14,0,14,CITY_OK,1,18.0,4.0,-1.0,False
n2323793895,Бендеры,1.74,0.0,14,0,14,CITY_OK,1,18.0,4.0,-1.0,False
n2323793904,Бендеры,1.768,0.0,14,0,14,CITY_OK,1,18.0,4.0,-1.0,False
n2323793911,Бендеры,1.848,0.0,14,0,14,CITY_OK,1,18.0,4.0,-1.0,False
n2323793913,Бендеры,2.075,0.0,14,0,14,CITY_OK,1,18.0,4.0,-1.0,False
n2323793924,Бендеры,2.416,0.0,14,0,14,CITY_OK,2,18.0,4.0,-1.0,False
n2323793925,Бендеры,2.478,0.0,14,0,14,CITY_OK,2,18.0,4.0,-1.0,False
n2323793938,Бендеры,1.7,0.0,14,0,14,CITY_OK,1,18.0,4.0,-1.0,False
n2325366572,Бендеры,4.489,0.0,20,0,20,CITY_OK,3,26.93,6.93,1.93,True
n2325366573,Бендеры,4.452,0.0,20,0,20,CITY_OK,2,26.71,6.71,1.71,True
n2325366574,Бендеры,4.34,0.0,20,0,20,CITY_OK,2,26.04,6.04,1.04,True
n2325366575,Бендеры,4.323,0.0,20,0,20,CITY_OK,2,25.94,5.94,0.94,True
n2325366576,Бендеры,4.228,0.0,19,0,19,CITY_OK,2,25.37,6.37,1.37,True
n2325366580,Бендеры,4.75,0.0,21,0,21,CITY_OK,3,28.5,7.5,2.5,False
n2325366582,Бендеры,3.938,0.0,18,0,18,CITY_OK,2,23.63,5.63,0.63,True
n2325366583,Бендеры,4.159,0.0,19,0,19,CITY_OK,2,24.95,5.95,0.95,True
n2325366591,Бендеры,6.471,0.0,28,0,28,CITY_OK,4,38.83,10.83,5.83,False
n2325366600,Бендеры,4.47,0.0,20,0,20,CITY_OK,2,26.82,6.82,1.82,True
n2325402378,Бендеры,3.501,0.0,17,0,17,CITY_OK,2,21.01,4.01,-0.99,False
n2325412688,Бендеры,3.28,0.0,16,0,16,CITY_OK,2,19.68,3.68,-1.32,False
n2325422554,Бендеры,3.424,0.0,16,0,16,CITY_OK,2,20.54,4.54,-0.46,False
n2325729632,Бендеры,4.409,0.0,20,0,20,CITY_OK,2,26.45,6.45,1.45,True
n2325729678,Бендеры,4.383,0.0,20,0,20,CITY_OK,2,26.3,6.3,1.3,True
n2325729685,Бендеры,4.389,0.0,20,0,20,CITY_OK,2,26.33,6.33,1.33,True
n2325729692,Бендеры,4.14,0.0,19,0,19,CITY_OK,2,24.84,5.84,0.84,True
n2325729693,Бендеры,4.005,0.0,19,0,19,CITY_OK,2,24.03,5.03,0.03,True
n2325729694,Бендеры,4.075,0.0,19,0,19,CITY_OK,2,24.45,5.45,0.45,True
n2325729697,Бендеры,4.342,0.0,20,0,20,CITY_OK,2,26.05,6.05,1.05,True
n2325729699,Бендеры,4.367,0.0,20,0,20,CITY_OK,2,26.2,6.2,1.2,True
n2325729703,Бендеры,4.4,0.0,20,0,20,CITY_OK,2,26.4,6.4,1.4,True
n2325729708,Бендеры,4.196,0.0,19,0,19,CITY_OK,2,25.18,6.18,1.18,True
n2325729715,Бендеры,4.807,0.0,22,0,22,CITY_OK,3,28.84,6.84,1.84,True
n2325729718,Бендеры,4.564,0.0,21,0,21,CITY_OK,3,27.38,6.38,1.38,True
n2325785717,Бендеры,3.562,0.0,17,0,17,CITY_OK,2,21.37,4.37,-0.63,False
n2325809577,Бендеры,3.729,0.0,17,0,17,CITY_OK,2,22.37,5.37,0.37,True
n2325809586,Бендеры,4.046,0.0,19,0,19,CITY_OK,2,24.28,5.28,0.28,True
n2325809665,Бендеры,4.384,0.0,20,0,20,CITY_OK,3,26.3,6.3,1.3,True
n2325958287,Бендеры,5.106,0.0,23,0,23,CITY_OK,3,30.64,7.64,2.64,False
n2328051587,Гиска,4.532,,21,,,OUTSIDE_DISTANCE_UNAVAILABLE,3,,,,
n2328051595,Бендеры,4.088,0.0,19,0,19,CITY_OK,3,24.53,5.53,0.53,True
n2328051598,Бендеры,4.091,0.0,19,0,19,CITY_OK,3,24.55,5.55,0.55,True
n2328168376,Бендеры,4.581,0.0,21,0,21,CITY_OK,3,27.49,6.49,1.49,True
n2328168377,Бендеры,4.547,0.0,21,0,21,CITY_OK,3,27.28,6.28,1.28,True
n2328168378,Бендеры,4.647,0.0,21,0,21,CITY_OK,3,27.88,6.88,1.88,True
n2330549394,Бендеры,5.316,0.0,24,0,24,CITY_OK,3,31.9,7.9,2.9,False
n2330549398,Бендеры,5.484,0.0,24,0,24,CITY_OK,3,32.9,8.9,3.9,False
n2330549402,Бендеры,4.896,0.0,22,0,22,CITY_OK,3,29.38,7.38,2.38,True
n2330550601,Бендеры,4.995,0.0,22,0,22,CITY_OK,3,29.97,7.97,2.97,False
n2334239345,Бендеры,4.38,0.0,20,0,20,CITY_OK,3,26.28,6.28,1.28,True
n2334260105,Бендеры,5.368,0.0,24,0,24,CITY_OK,3,32.21,8.21,3.21,False
n2334305069,Бендеры,6.664,0.0,29,0,29,CITY_OK,4,39.98,10.98,5.98,False
n2334305071,Бендеры,6.713,0.0,29,0,29,CITY_OK,4,40.28,11.28,6.28,False
n2334331706,Бендеры,7.099,0.0,31,0,31,CITY_OK,4,42.59,11.59,6.59,False
n2334331709,Бендеры,7.19,0.0,31,0,31,CITY_OK,4,43.14,12.14,7.14,False
n2334331710,Бендеры,7.086,0.0,31,0,31,CITY_OK,4,42.52,11.52,6.52,False
n2334331711,Бендеры,7.024,0.0,31,0,31,CITY_OK,4,42.14,11.14,6.14,False
n2334331712,Бендеры,6.976,0.0,30,0,30,CITY_OK,4,41.86,11.86,6.86,False
n2334331713,Бендеры,6.979,0.0,30,0,30,CITY_OK,4,41.87,11.87,6.87,False
n2334331716,Бендеры,6.882,0.0,30,0,30,CITY_OK,4,41.29,11.29,6.29,False
n2334331723,Бендеры,6.894,0.0,30,0,30,CITY_OK,4,41.36,11.36,6.36,False
n2334331724,Бендеры,4.434,0.0,20,0,20,CITY_OK,2,26.6,6.6,1.6,True
n2334334346,Бендеры,7.0,0.0,30,0,30,CITY_OK,3,42.0,12.0,7.0,False
n2334334349,Бендеры,6.928,0.0,30,0,30,CITY_OK,4,41.57,11.57,6.57,False
n2334338351,Бендеры,7.108,0.0,31,0,31,CITY_OK,4,42.65,11.65,6.65,False
n2334338352,Бендеры,7.027,0.0,31,0,31,CITY_OK,4,42.16,11.16,6.16,False
n2334338353,Бендеры,7.123,0.0,31,0,31,CITY_OK,4,42.74,11.74,6.74,False
n2337326463,Бендеры,4.495,0.0,20,0,20,CITY_OK,3,26.97,6.97,1.97,True
n2337326464,Бендеры,4.425,0.0,20,0,20,CITY_OK,2,26.55,6.55,1.55,True
n2337326466,Бендеры,4.232,0.0,19,0,19,CITY_OK,2,25.39,6.39,1.39,True
n2337855688,Бендеры,4.127,0.0,19,0,19,CITY_OK,2,24.76,5.76,0.76,True
n2337855692,Бендеры,4.15,0.0,19,0,19,CITY_OK,2,24.9,5.9,0.9,True
n2337855693,Бендеры,4.195,0.0,19,0,19,CITY_OK,2,25.17,6.17,1.17,True
n2337863649,Протягайловка,6.266,,28,,,OUTSIDE_DISTANCE_UNAVAILABLE,4,,,,
n2337865679,Бендеры,6.195,0.0,27,0,27,CITY_OK,4,37.17,10.17,5.17,False
n2337880821,Бендеры,6.03,0.0,27,0,27,CITY_OK,4,36.18,9.18,4.18,False
n2337889954,Бендеры,5.928,0.0,26,0,26,CITY_OK,4,35.57,9.57,4.57,False
n2337889957,Бендеры,5.879,0.0,26,0,26,CITY_OK,4,35.27,9.27,4.27,False
n2337889960,Бендеры,6.104,0.0,27,0,27,CITY_OK,4,36.62,9.62,4.62,False
n2337889966,Бендеры,5.995,0.0,26,0,26,CITY_OK,4,35.97,9.97,4.97,False
n2337900323,Протягайловка,8.049,,35,,,OUTSIDE_DISTANCE_UNAVAILABLE,4,,,,
n2337900327,Протягайловка,8.052,,35,,,OUTSIDE_DISTANCE_UNAVAILABLE,4,,,,
n2337904420,Протягайловка,8.134,,35,,,OUTSIDE_DISTANCE_UNAVAILABLE,4,,,,
n2337904421,Протягайловка,8.13,,35,,,OUTSIDE_DISTANCE_UNAVAILABLE,4,,,,
n2337904422,Протягайловка,8.55,,37,,,OUTSIDE_DISTANCE_UNAVAILABLE,4,,,,
n2337904423,Протягайловка,8.56,,37,,,OUTSIDE_DISTANCE_UNAVAILABLE,4,,,,
n2337904427,Протягайловка,8.014,,35,,,OUTSIDE_DISTANCE_UNAVAILABLE,4,,,,
n2337904428,Протягайловка,8.018,,35,,,OUTSIDE_DISTANCE_UNAVAILABLE,4,,,,
n2337908044,Протягайловка,8.459,,36,,,OUTSIDE_DISTANCE_UNAVAILABLE,4,,,,
n2337908045,Протягайловка,8.43,,36,,,OUTSIDE_DISTANCE_UNAVAILABLE,4,,,,
n2337908046,Протягайловка,8.371,,36,,,OUTSIDE_DISTANCE_UNAVAILABLE,4,,,,
n2337908047,Протягайловка,8.591,,37,,,OUTSIDE_DISTANCE_UNAVAILABLE,4,,,,
n2337908048,Протягайловка,9.033,,39,,,OUTSIDE_DISTANCE_UNAVAILABLE,4,,,,
n2337908049,Протягайловка,7.658,,33,,,OUTSIDE_DISTANCE_UNAVAILABLE,4,,,,
n2337912607,Протягайловка,7.811,,34,,,OUTSIDE_DISTANCE_UNAVAILABLE,4,,,,
n2337912608,Протягайловка,7.185,,31,,,OUTSIDE_DISTANCE_UNAVAILABLE,4,,,,
n2337912609,Протягайловка,7.189,,31,,,OUTSIDE_DISTANCE_UNAVAILABLE,4,,,,
n2337912610,Протягайловка,7.163,,31,,,OUTSIDE_DISTANCE_UNAVAILABLE,4,,,,
n2337912620,Протягайловка,6.747,,29,,,OUTSIDE_DISTANCE_UNAVAILABLE,4,,,,
n2337912625,Протягайловка,6.397,,28,,,OUTSIDE_DISTANCE_UNAVAILABLE,4,,,,
n2337929291,Протягайловка,8.886,,38,,,OUTSIDE_DISTANCE_UNAVAILABLE,4,,,,
n2337929292,Протягайловка,8.614,,37,,,OUTSIDE_DISTANCE_UNAVAILABLE,4,,,,
n2337929293,Протягайловка,8.705,,37,,,OUTSIDE_DISTANCE_UNAVAILABLE,4,,,,
n2337929294,Протягайловка,8.539,,37,,,OUTSIDE_DISTANCE_UNAVAILABLE,4,,,,
n2337929295,Протягайловка,8.461,,36,,,OUTSIDE_DISTANCE_UNAVAILABLE,4,,,,
n2337929297,Протягайловка,8.412,,36,,,OUTSIDE_DISTANCE_UNAVAILABLE,4,,,,
n2337929298,Протягайловка,8.405,,36,,,OUTSIDE_DISTANCE_UNAVAILABLE,4,,,,
n2337929299,Протягайловка,7.999,,34,,,OUTSIDE_DISTANCE_UNAVAILABLE,4,,,,
n2337929300,Протягайловка,7.966,,34,,,OUTSIDE_DISTANCE_UNAVAILABLE,4,,,,
n2337929301,Протягайловка,7.965,,34,,,OUTSIDE_DISTANCE_UNAVAILABLE,4,,,,
n2337929302,Протягайловка,7.846,,34,,,OUTSIDE_DISTANCE_UNAVAILABLE,4,,,,
n2337929303,Протягайловка,7.812,,34,,,OUTSIDE_DISTANCE_UNAVAILABLE,4,,,,
n2337929304,Протягайловка,7.537,,33,,,OUTSIDE_DISTANCE_UNAVAILABLE,4,,,,
n2337929305,Протягайловка,7.516,,33,,,OUTSIDE_DISTANCE_UNAVAILABLE,4,,,,
n2337934498,Протягайловка,7.852,,34,,,OUTSIDE_DISTANCE_UNAVAILABLE,4,,,,
n2337934499,Протягайловка,7.71,,33,,,OUTSIDE_DISTANCE_UNAVAILABLE,4,,,,
n2337934500,Протягайловка,7.714,,33,,,OUTSIDE_DISTANCE_UNAVAILABLE,4,,,,
n2337934501,Протягайловка,7.705,,33,,,OUTSIDE_DISTANCE_UNAVAILABLE,4,,,,
n2337934502,Протягайловка,7.897,,34,,,OUTSIDE_DISTANCE_UNAVAILABLE,4,,,,
n2337934503,Протягайловка,7.754,,34,,,OUTSIDE_DISTANCE_UNAVAILABLE,4,,,,
n2337934504,Протягайловка,7.76,,34,,,OUTSIDE_DISTANCE_UNAVAILABLE,4,,,,
n2337934505,Протягайловка,7.663,,33,,,OUTSIDE_DISTANCE_UNAVAILABLE,4,,,,
n2337934506,Протягайловка,7.649,,33,,,OUTSIDE_DISTANCE_UNAVAILABLE,4,,,,
n2337934507,Протягайловка,7.487,,32,,,OUTSIDE_DISTANCE_UNAVAILABLE,4,,,,
n2337934508,Протягайловка,7.188,,31,,,OUTSIDE_DISTANCE_UNAVAILABLE,4,,,,
n2337934509,Протягайловка,7.367,,32,,,OUTSIDE_DISTANCE_UNAVAILABLE,4,,,,
n2337934510,Протягайловка,7.323,,32,,,OUTSIDE_DISTANCE_UNAVAILABLE,4,,,,
n2337934511,Протягайловка,7.163,,31,,,OUTSIDE_DISTANCE_UNAVAILABLE,4,,,,
n2337938412,Протягайловка,7.144,,31,,,OUTSIDE_DISTANCE_UNAVAILABLE,4,,,,
n2337938413,Протягайловка,7.155,,31,,,OUTSIDE_DISTANCE_UNAVAILABLE,4,,,,
n2337938418,Протягайловка,7.084,,31,,,OUTSIDE_DISTANCE_UNAVAILABLE,4,,,,
n2337938419,Протягайловка,7.024,,31,,,OUTSIDE_DISTANCE_UNAVAILABLE,4,,,,
n2337938422,Протягайловка,6.871,,30,,,OUTSIDE_DISTANCE_UNAVAILABLE,4,,,,
n2337938423,Протягайловка,6.824,,30,,,OUTSIDE_DISTANCE_UNAVAILABLE,4,,,,
n2337938424,Протягайловка,6.848,,30,,,OUTSIDE_DISTANCE_UNAVAILABLE,4,,,,
n2337948153,Протягайловка,7.249,,31,,,OUTSIDE_DISTANCE_UNAVAILABLE,4,,,,
n2337948154,Протягайловка,7.292,,32,,,OUTSIDE_DISTANCE_UNAVAILABLE,4,,,,
n2337948155,Протягайловка,7.26,,32,,,OUTSIDE_DISTANCE_UNAVAILABLE,4,,,,
n2337948156,Протягайловка,7.316,,32,,,OUTSIDE_DISTANCE_UNAVAILABLE,4,,,,
n2337948157,Протягайловка,7.313,,32,,,OUTSIDE_DISTANCE_UNAVAILABLE,4,,,,
n2337948158,Протягайловка,7.499,,32,,,OUTSIDE_DISTANCE_UNAVAILABLE,4,,,,
n2337948159,Протягайловка,7.026,,31,,,OUTSIDE_DISTANCE_UNAVAILABLE,4,,,,
n2337948160,Протягайловка,6.85,,30,,,OUTSIDE_DISTANCE_UNAVAILABLE,4,,,,
n2337948161,Протягайловка,6.764,,30,,,OUTSIDE_DISTANCE_UNAVAILABLE,4,,,,
n2337948163,Протягайловка,6.684,,29,,,OUTSIDE_DISTANCE_UNAVAILABLE,4,,,,
n2337948164,Протягайловка,6.648,,29,,,OUTSIDE_DISTANCE_UNAVAILABLE,4,,,,
n2337948165,Протягайловка,6.674,,29,,,OUTSIDE_DISTANCE_UNAVAILABLE,4,,,,
n2337951349,Протягайловка,6.522,,29,,,OUTSIDE_DISTANCE_UNAVAILABLE,4,,,,
n2337951352,Протягайловка,6.551,,29,,,OUTSIDE_DISTANCE_UNAVAILABLE,4,,,,
n2337964959,Протягайловка,5.861,,26,,,OUTSIDE_DISTANCE_UNAVAILABLE,4,,,,
n2337964962,Протягайловка,4.85,,22,,,OUTSIDE_DISTANCE_UNAVAILABLE,3,,,,
n2337964963,Протягайловка,4.836,,22,,,OUTSIDE_DISTANCE_UNAVAILABLE,3,,,,
n2337964964,Протягайловка,5.865,,26,,,OUTSIDE_DISTANCE_UNAVAILABLE,4,,,,
n2337964965,Протягайловка,5.891,,26,,,OUTSIDE_DISTANCE_UNAVAILABLE,4,,,,
n2337964966,Протягайловка,6.016,,27,,,OUTSIDE_DISTANCE_UNAVAILABLE,4,,,,
n2337964967,Протягайловка,6.021,,27,,,OUTSIDE_DISTANCE_UNAVAILABLE,4,,,,
n2337964968,Протягайловка,6.001,,27,,,OUTSIDE_DISTANCE_UNAVAILABLE,4,,,,
n2337964969,Протягайловка,5.932,,26,,,OUTSIDE_DISTANCE_UNAVAILABLE,4,,,,
n2337985506,Протягайловка,5.794,,26,,,OUTSIDE_DISTANCE_UNAVAILABLE,4,,,,
n2337985508,Протягайловка,5.818,,26,,,OUTSIDE_DISTANCE_UNAVAILABLE,4,,,,
n2337985509,Бендеры,5.655,0.0,25,0,25,CITY_OK,3,33.93,8.93,3.93,False
n2337985514,Протягайловка,5.116,,23,,,OUTSIDE_DISTANCE_UNAVAILABLE,3,,,,
n2337985515,Протягайловка,5.096,,23,,,OUTSIDE_DISTANCE_UNAVAILABLE,3,,,,
n2337985516,Протягайловка,4.968,,22,,,OUTSIDE_DISTANCE_UNAVAILABLE,3,,,,
n2337985517,Протягайловка,4.947,,22,,,OUTSIDE_DISTANCE_UNAVAILABLE,3,,,,
n2337985520,Протягайловка,4.849,,22,,,OUTSIDE_DISTANCE_UNAVAILABLE,3,,,,
n2337985521,Протягайловка,4.848,,22,,,OUTSIDE_DISTANCE_UNAVAILABLE,3,,,,
n2337985527,Протягайловка,4.895,,22,,,OUTSIDE_DISTANCE_UNAVAILABLE,3,,,,
n2337985528,Протягайловка,4.555,,21,,,OUTSIDE_DISTANCE_UNAVAILABLE,3,,,,
n2337985537,Бендеры,4.42,0.0,20,0,20,CITY_OK,3,26.52,6.52,1.52,True
n2337992799,Бендеры,4.451,0.0,20,0,20,CITY_OK,3,26.71,6.71,1.71,True
n2337992800,Бендеры,4.289,0.0,20,0,20,CITY_OK,3,25.73,5.73,0.73,True
n2339105464,Бендеры,5.139,0.0,23,0,23,CITY_OK,3,30.83,7.83,2.83,False
n2339237483,Бендеры,4.601,0.0,21,0,21,CITY_OK,3,27.61,6.61,1.61,True
n2339271515,Бендеры,3.732,0.0,17,0,17,CITY_OK,2,22.39,5.39,0.39,True
n2339316692,Бендеры,7.059,0.0,31,0,31,CITY_OK,4,42.35,11.35,6.35,False
n2340126065,Бендеры,1.787,0.0,14,0,14,CITY_OK,1,18.0,4.0,-1.0,False
n2340126066,Бендеры,1.782,0.0,14,0,14,CITY_OK,1,18.0,4.0,-1.0,False
n2340501491,Бендеры,1.847,0.0,14,0,14,CITY_OK,1,18.0,4.0,-1.0,False
n2341956428,Гиска,5.84,,26,,,OUTSIDE_DISTANCE_UNAVAILABLE,4,,,,
n2341956433,Гиска,5.952,,26,,,OUTSIDE_DISTANCE_UNAVAILABLE,4,,,,
n2341956435,Гиска,5.949,,26,,,OUTSIDE_DISTANCE_UNAVAILABLE,4,,,,
n2341956439,Гиска,6.033,,27,,,OUTSIDE_DISTANCE_UNAVAILABLE,4,,,,
n2341956445,Гиска,6.032,,27,,,OUTSIDE_DISTANCE_UNAVAILABLE,4,,,,
n2341956451,Гиска,6.059,,27,,,OUTSIDE_DISTANCE_UNAVAILABLE,4,,,,
n2341956455,Гиска,6.112,,27,,,OUTSIDE_DISTANCE_UNAVAILABLE,4,,,,
n2341956458,Гиска,6.188,,27,,,OUTSIDE_DISTANCE_UNAVAILABLE,4,,,,
n2341956460,Гиска,6.158,,27,,,OUTSIDE_DISTANCE_UNAVAILABLE,4,,,,
n2341956467,Гиска,6.46,,28,,,OUTSIDE_DISTANCE_UNAVAILABLE,4,,,,
n2341956507,Гиска,6.6,,29,,,OUTSIDE_DISTANCE_UNAVAILABLE,4,,,,
n2341956526,Гиска,6.392,,28,,,OUTSIDE_DISTANCE_UNAVAILABLE,4,,,,
n2341956531,Гиска,6.536,,29,,,OUTSIDE_DISTANCE_UNAVAILABLE,4,,,,
n2341956537,Гиска,6.328,,28,,,OUTSIDE_DISTANCE_UNAVAILABLE,4,,,,
n2341956543,Гиска,6.285,,28,,,OUTSIDE_DISTANCE_UNAVAILABLE,4,,,,
n2341956546,Гиска,6.248,,27,,,OUTSIDE_DISTANCE_UNAVAILABLE,4,,,,
n2341956557,Гиска,6.644,,29,,,OUTSIDE_DISTANCE_UNAVAILABLE,4,,,,
n2341956562,Гиска,6.645,,29,,,OUTSIDE_DISTANCE_UNAVAILABLE,4,,,,
n2341956566,Гиска,6.523,,29,,,OUTSIDE_DISTANCE_UNAVAILABLE,4,,,,
n2341956576,Гиска,6.618,,29,,,OUTSIDE_DISTANCE_UNAVAILABLE,4,,,,
n2341956594,Гиска,6.669,,29,,,OUTSIDE_DISTANCE_UNAVAILABLE,4,,,,
n2341956599,Гиска,6.647,,29,,,OUTSIDE_DISTANCE_UNAVAILABLE,4,,,,
n2341956604,Гиска,6.54,,29,,,OUTSIDE_DISTANCE_UNAVAILABLE,4,,,,
n2341956609,Гиска,6.424,,28,,,OUTSIDE_DISTANCE_UNAVAILABLE,4,,,,
n2341956612,Гиска,6.461,,28,,,OUTSIDE_DISTANCE_UNAVAILABLE,4,,,,
n2341956615,Гиска,6.625,,29,,,OUTSIDE_DISTANCE_UNAVAILABLE,4,,,,
n2341956618,Гиска,6.728,,29,,,OUTSIDE_DISTANCE_UNAVAILABLE,4,,,,
n2341956621,Гиска,6.913,,30,,,OUTSIDE_DISTANCE_UNAVAILABLE,4,,,,
n2341956624,Гиска,6.969,,30,,,OUTSIDE_DISTANCE_UNAVAILABLE,4,,,,
n2341956627,Гиска,7.015,,31,,,OUTSIDE_DISTANCE_UNAVAILABLE,4,,,,
n2341956681,Гиска,7.198,,31,,,OUTSIDE_DISTANCE_UNAVAILABLE,4,,,,
n2341956682,Гиска,7.226,,31,,,OUTSIDE_DISTANCE_UNAVAILABLE,4,,,,
n2341956684,Гиска,7.272,,32,,,OUTSIDE_DISTANCE_UNAVAILABLE,4,,,,
n2341956685,Гиска,7.331,,32,,,OUTSIDE_DISTANCE_UNAVAILABLE,4,,,,
n2341956686,Гиска,7.261,,32,,,OUTSIDE_DISTANCE_UNAVAILABLE,4,,,,
n2341956689,Гиска,6.96,,30,,,OUTSIDE_DISTANCE_UNAVAILABLE,4,,,,
n2341956692,Гиска,7.323,,32,,,OUTSIDE_DISTANCE_UNAVAILABLE,4,,,,
n2341956693,Гиска,7.244,,31,,,OUTSIDE_DISTANCE_UNAVAILABLE,4,,,,
n2341956694,Гиска,7.384,,32,,,OUTSIDE_DISTANCE_UNAVAILABLE,4,,,,
n2341956699,Гиска,7.973,,34,,,OUTSIDE_DISTANCE_UNAVAILABLE,4,,,,
n2341956700,Гиска,8.001,,35,,,OUTSIDE_DISTANCE_UNAVAILABLE,4,,,,
n2341956701,Гиска,7.925,,34,,,OUTSIDE_DISTANCE_UNAVAILABLE,4,,,,
n2341956702,Гиска,7.965,,34,,,OUTSIDE_DISTANCE_UNAVAILABLE,4,,,,
n2341956703,Гиска,7.936,,34,,,OUTSIDE_DISTANCE_UNAVAILABLE,4,,,,
n2341956704,Гиска,8.028,,35,,,OUTSIDE_DISTANCE_UNAVAILABLE,4,,,,
n2341956705,Гиска,8.144,,35,,,OUTSIDE_DISTANCE_UNAVAILABLE,4,,,,
n2341956706,Гиска,8.127,,35,,,OUTSIDE_DISTANCE_UNAVAILABLE,4,,,,
n2341956707,Гиска,8.07,,35,,,OUTSIDE_DISTANCE_UNAVAILABLE,4,,,,
n2341956708,Гиска,8.019,,35,,,OUTSIDE_DISTANCE_UNAVAILABLE,4,,,,
n2341956709,Гиска,8.071,,35,,,OUTSIDE_DISTANCE_UNAVAILABLE,4,,,,
n2341956710,Гиска,8.107,,35,,,OUTSIDE_DISTANCE_UNAVAILABLE,4,,,,
n2341956711,Гиска,8.135,,35,,,OUTSIDE_DISTANCE_UNAVAILABLE,4,,,,
n2341956712,Гиска,8.163,,35,,,OUTSIDE_DISTANCE_UNAVAILABLE,4,,,,
n2341956713,Гиска,8.24,,35,,,OUTSIDE_DISTANCE_UNAVAILABLE,4,,,,
n2341956714,Гиска,8.229,,35,,,OUTSIDE_DISTANCE_UNAVAILABLE,4,,,,
n2341956715,Гиска,8.276,,36,,,OUTSIDE_DISTANCE_UNAVAILABLE,4,,,,
n2341956716,Гиска,8.271,,36,,,OUTSIDE_DISTANCE_UNAVAILABLE,4,,,,
n2341956717,Гиска,8.247,,35,,,OUTSIDE_DISTANCE_UNAVAILABLE,4,,,,
n2341956718,Гиска,8.305,,36,,,OUTSIDE_DISTANCE_UNAVAILABLE,4,,,,
n2341956719,Гиска,8.433,,36,,,OUTSIDE_DISTANCE_UNAVAILABLE,4,,,,
n2341956720,Гиска,8.695,,37,,,OUTSIDE_DISTANCE_UNAVAILABLE,4,,,,
n2341956721,Гиска,8.836,,38,,,OUTSIDE_DISTANCE_UNAVAILABLE,4,,,,
n2341956722,Гиска,8.845,,38,,,OUTSIDE_DISTANCE_UNAVAILABLE,4,,,,
n2341956723,Гиска,8.791,,38,,,OUTSIDE_DISTANCE_UNAVAILABLE,4,,,,
n2341956724,Гиска,8.798,,38,,,OUTSIDE_DISTANCE_UNAVAILABLE,4,,,,
n2341956725,Гиска,8.245,,35,,,OUTSIDE_DISTANCE_UNAVAILABLE,4,,,,
n2341956726,Гиска,8.258,,36,,,OUTSIDE_DISTANCE_UNAVAILABLE,4,,,,
n2341956729,Гиска,8.389,,36,,,OUTSIDE_DISTANCE_UNAVAILABLE,4,,,,
n2341956730,Гиска,8.703,,37,,,OUTSIDE_DISTANCE_UNAVAILABLE,4,,,,
n2341956731,Гиска,8.702,,37,,,OUTSIDE_DISTANCE_UNAVAILABLE,4,,,,
n2341956732,Гиска,8.748,,37,,,OUTSIDE_DISTANCE_UNAVAILABLE,4,,,,
n2341956733,Гиска,8.858,,38,,,OUTSIDE_DISTANCE_UNAVAILABLE,4,,,,
n2341956734,Гиска,8.909,,38,,,OUTSIDE_DISTANCE_UNAVAILABLE,4,,,,
n2341956736,Гиска,8.824,,38,,,OUTSIDE_DISTANCE_UNAVAILABLE,4,,,,
n2341956737,Гиска,8.865,,38,,,OUTSIDE_DISTANCE_UNAVAILABLE,4,,,,
n2341956738,Гиска,8.9,,38,,,OUTSIDE_DISTANCE_UNAVAILABLE,4,,,,
n2341956740,Гиска,8.902,,38,,,OUTSIDE_DISTANCE_UNAVAILABLE,4,,,,
n2341956741,Гиска,8.943,,38,,,OUTSIDE_DISTANCE_UNAVAILABLE,4,,,,
n2341956742,Гиска,9.014,,39,,,OUTSIDE_DISTANCE_UNAVAILABLE,4,,,,
n2341956743,Гиска,8.996,,38,,,OUTSIDE_DISTANCE_UNAVAILABLE,4,,,,
n2341956744,Гиска,9.056,,39,,,OUTSIDE_DISTANCE_UNAVAILABLE,4,,,,
n2341956745,Гиска,9.125,,39,,,OUTSIDE_DISTANCE_UNAVAILABLE,4,,,,
n2341956746,Гиска,9.37,,40,,,OUTSIDE_DISTANCE_UNAVAILABLE,4,,,,
n2341956747,Гиска,9.371,,40,,,OUTSIDE_DISTANCE_UNAVAILABLE,4,,,,
n2341956750,Гиска,7.058,,31,,,OUTSIDE_DISTANCE_UNAVAILABLE,4,,,,
n2341956751,Гиска,7.101,,31,,,OUTSIDE_DISTANCE_UNAVAILABLE,4,,,,
n2341956752,Гиска,7.07,,31,,,OUTSIDE_DISTANCE_UNAVAILABLE,4,,,,
n2341956753,Гиска,7.311,,32,,,OUTSIDE_DISTANCE_UNAVAILABLE,4,,,,
n2341956754,Гиска,7.286,,32,,,OUTSIDE_DISTANCE_UNAVAILABLE,4,,,,
n2341956755,Гиска,7.331,,32,,,OUTSIDE_DISTANCE_UNAVAILABLE,4,,,,
n2341956758,Гиска,7.64,,33,,,OUTSIDE_DISTANCE_UNAVAILABLE,4,,,,
n2341956759,Гиска,7.645,,33,,,OUTSIDE_DISTANCE_UNAVAILABLE,4,,,,
n2341956760,Гиска,7.447,,32,,,OUTSIDE_DISTANCE_UNAVAILABLE,4,,,,
n2341956761,Гиска,7.448,,32,,,OUTSIDE_DISTANCE_UNAVAILABLE,4,,,,
n2341956762,Гиска,7.506,,33,,,OUTSIDE_DISTANCE_UNAVAILABLE,4,,,,
n2341956763,Гиска,7.507,,33,,,OUTSIDE_DISTANCE_UNAVAILABLE,4,,,,
n2341956764,Гиска,7.476,,32,,,OUTSIDE_DISTANCE_UNAVAILABLE,4,,,,
n2341956765,Гиска,7.442,,32,,,OUTSIDE_DISTANCE_UNAVAILABLE,4,,,,
n2341956766,Гиска,7.441,,32,,,OUTSIDE_DISTANCE_UNAVAILABLE,4,,,,
n2341956767,Гиска,7.874,,34,,,OUTSIDE_DISTANCE_UNAVAILABLE,4,,,,
n2341956768,Гиска,7.867,,34,,,OUTSIDE_DISTANCE_UNAVAILABLE,4,,,,
n2341956769,Гиска,7.84,,34,,,OUTSIDE_DISTANCE_UNAVAILABLE,4,,,,
n2341956770,Гиска,7.608,,33,,,OUTSIDE_DISTANCE_UNAVAILABLE,4,,,,
n2341956771,Гиска,7.61,,33,,,OUTSIDE_DISTANCE_UNAVAILABLE,4,,,,
n2341956772,Гиска,7.666,,33,,,OUTSIDE_DISTANCE_UNAVAILABLE,4,,,,
n2341956773,Гиска,8.152,,35,,,OUTSIDE_DISTANCE_UNAVAILABLE,4,,,,
n2341956774,Гиска,8.151,,35,,,OUTSIDE_DISTANCE_UNAVAILABLE,4,,,,
n2341956775,Гиска,8.212,,35,,,OUTSIDE_DISTANCE_UNAVAILABLE,4,,,,
n2341956776,Гиска,8.256,,36,,,OUTSIDE_DISTANCE_UNAVAILABLE,4,,,,
n2341956777,Гиска,8.247,,35,,,OUTSIDE_DISTANCE_UNAVAILABLE,4,,,,
n2341956778,Гиска,8.247,,35,,,OUTSIDE_DISTANCE_UNAVAILABLE,4,,,,
n2341956779,Гиска,8.378,,36,,,OUTSIDE_DISTANCE_UNAVAILABLE,4,,,,
n2341959256,Гиска,5.983,,26,,,OUTSIDE_DISTANCE_UNAVAILABLE,4,,,,
n2341959259,Гиска,6.027,,27,,,OUTSIDE_DISTANCE_UNAVAILABLE,4,,,,
n2341959262,Гиска,5.978,,26,,,OUTSIDE_DISTANCE_UNAVAILABLE,4,,,,
n2341959265,Гиска,6.035,,27,,,OUTSIDE_DISTANCE_UNAVAILABLE,4,,,,
n2341959268,Гиска,6.061,,27,,,OUTSIDE_DISTANCE_UNAVAILABLE,4,,,,
n2341959271,Гиска,6.099,,27,,,OUTSIDE_DISTANCE_UNAVAILABLE,4,,,,
n2341959274,Гиска,6.069,,27,,,OUTSIDE_DISTANCE_UNAVAILABLE,4,,,,
n2341959277,Гиска,6.139,,27,,,OUTSIDE_DISTANCE_UNAVAILABLE,4,,,,
n2345371687,Парканы,6.461,,28,,,OUTSIDE_DISTANCE_UNAVAILABLE,4,,,,
n2345372385,Парканы,6.128,,27,,,OUTSIDE_DISTANCE_UNAVAILABLE,4,,,,
n2345372390,Парканы,6.018,,27,,,OUTSIDE_DISTANCE_UNAVAILABLE,4,,,,
n2345373678,Парканы,5.411,,24,,,OUTSIDE_DISTANCE_UNAVAILABLE,3,,,,
n2345373679,Парканы,6.017,,27,,,OUTSIDE_DISTANCE_UNAVAILABLE,4,,,,
n2345390239,Парканы,6.174,,27,,,OUTSIDE_DISTANCE_UNAVAILABLE,4,,,,
n2345390240,Парканы,6.291,,28,,,OUTSIDE_DISTANCE_UNAVAILABLE,4,,,,
n2345390241,Парканы,6.293,,28,,,OUTSIDE_DISTANCE_UNAVAILABLE,4,,,,
n2345390242,Парканы,6.44,,28,,,OUTSIDE_DISTANCE_UNAVAILABLE,4,,,,
n2345390824,Парканы,5.438,,24,,,OUTSIDE_DISTANCE_UNAVAILABLE,3,,,,
n2450882336,Парканы,4.567,,21,,,OUTSIDE_DISTANCE_UNAVAILABLE,3,,,,
n2450882337,Парканы,4.58,,21,,,OUTSIDE_DISTANCE_UNAVAILABLE,3,,,,
n2450882338,Парканы,4.594,,21,,,OUTSIDE_DISTANCE_UNAVAILABLE,3,,,,
n2450882339,Парканы,4.608,,21,,,OUTSIDE_DISTANCE_UNAVAILABLE,3,,,,
n2450882340,Парканы,4.622,,21,,,OUTSIDE_DISTANCE_UNAVAILABLE,3,,,,
n2450882341,Парканы,4.637,,21,,,OUTSIDE_DISTANCE_UNAVAILABLE,3,,,,
n2450882342,Парканы,4.649,,21,,,OUTSIDE_DISTANCE_UNAVAILABLE,3,,,,
n2450882343,Парканы,4.661,,21,,,OUTSIDE_DISTANCE_UNAVAILABLE,3,,,,
n2450882344,Парканы,4.673,,21,,,OUTSIDE_DISTANCE_UNAVAILABLE,3,,,,
n2450882345,Парканы,4.685,,21,,,OUTSIDE_DISTANCE_UNAVAILABLE,3,,,,
n2450882346,Парканы,4.696,,21,,,OUTSIDE_DISTANCE_UNAVAILABLE,3,,,,
n2450882347,Парканы,4.709,,21,,,OUTSIDE_DISTANCE_UNAVAILABLE,3,,,,
n2450882349,Парканы,4.72,,21,,,OUTSIDE_DISTANCE_UNAVAILABLE,3,,,,
n2450882351,Парканы,4.734,,21,,,OUTSIDE_DISTANCE_UNAVAILABLE,3,,,,
n2450882354,Парканы,4.745,,21,,,OUTSIDE_DISTANCE_UNAVAILABLE,3,,,,
n2450882355,Парканы,4.755,,22,,,OUTSIDE_DISTANCE_UNAVAILABLE,3,,,,
n2450882356,Парканы,4.765,,22,,,OUTSIDE_DISTANCE_UNAVAILABLE,3,,,,
n2450882357,Парканы,4.777,,22,,,OUTSIDE_DISTANCE_UNAVAILABLE,3,,,,
n2450882358,Парканы,4.789,,22,,,OUTSIDE_DISTANCE_UNAVAILABLE,3,,,,
n2450882359,Парканы,4.799,,22,,,OUTSIDE_DISTANCE_UNAVAILABLE,3,,,,
n2450882360,Парканы,4.809,,22,,,OUTSIDE_DISTANCE_UNAVAILABLE,3,,,,
n2450882361,Парканы,4.822,,22,,,OUTSIDE_DISTANCE_UNAVAILABLE,3,,,,
n2450882362,Парканы,4.833,,22,,,OUTSIDE_DISTANCE_UNAVAILABLE,3,,,,
n2450882363,Парканы,4.843,,22,,,OUTSIDE_DISTANCE_UNAVAILABLE,3,,,,
n2450882364,Парканы,4.857,,22,,,OUTSIDE_DISTANCE_UNAVAILABLE,3,,,,
n2450882365,Парканы,4.871,,22,,,OUTSIDE_DISTANCE_UNAVAILABLE,3,,,,
n2450882366,Парканы,4.886,,22,,,OUTSIDE_DISTANCE_UNAVAILABLE,3,,,,
n2450882367,Парканы,4.904,,22,,,OUTSIDE_DISTANCE_UNAVAILABLE,3,,,,
n2450882368,Парканы,4.922,,22,,,OUTSIDE_DISTANCE_UNAVAILABLE,3,,,,
n2450882369,Парканы,4.938,,22,,,OUTSIDE_DISTANCE_UNAVAILABLE,3,,,,
n2450882370,Парканы,4.965,,22,,,OUTSIDE_DISTANCE_UNAVAILABLE,3,,,,
n2450882371,Парканы,4.98,,22,,,OUTSIDE_DISTANCE_UNAVAILABLE,3,,,,
n2450882372,Парканы,4.995,,22,,,OUTSIDE_DISTANCE_UNAVAILABLE,3,,,,
n2450882373,Парканы,5.01,,23,,,OUTSIDE_DISTANCE_UNAVAILABLE,3,,,,
n2450882374,Парканы,5.026,,23,,,OUTSIDE_DISTANCE_UNAVAILABLE,3,,,,
n2450882375,Парканы,5.042,,23,,,OUTSIDE_DISTANCE_UNAVAILABLE,3,,,,
n2450882376,Парканы,5.056,,23,,,OUTSIDE_DISTANCE_UNAVAILABLE,3,,,,
n2450882377,Парканы,5.07,,23,,,OUTSIDE_DISTANCE_UNAVAILABLE,3,,,,
n2450882378,Парканы,5.084,,23,,,OUTSIDE_DISTANCE_UNAVAILABLE,3,,,,
n2450882379,Парканы,5.1,,23,,,OUTSIDE_DISTANCE_UNAVAILABLE,3,,,,
n2450882380,Парканы,5.115,,23,,,OUTSIDE_DISTANCE_UNAVAILABLE,3,,,,
n2450882381,Парканы,5.129,,23,,,OUTSIDE_DISTANCE_UNAVAILABLE,3,,,,
n2450882382,Парканы,5.144,,23,,,OUTSIDE_DISTANCE_UNAVAILABLE,3,,,,
n2450882383,Парканы,5.165,,23,,,OUTSIDE_DISTANCE_UNAVAILABLE,3,,,,
n2450882384,Парканы,5.186,,23,,,OUTSIDE_DISTANCE_UNAVAILABLE,3,,,,
n2450882385,Парканы,5.202,,23,,,OUTSIDE_DISTANCE_UNAVAILABLE,3,,,,
n2450882386,Парканы,5.219,,23,,,OUTSIDE_DISTANCE_UNAVAILABLE,3,,,,
n2450882387,Парканы,5.238,,23,,,OUTSIDE_DISTANCE_UNAVAILABLE,3,,,,
n2450882388,Парканы,5.254,,24,,,OUTSIDE_DISTANCE_UNAVAILABLE,3,,,,
n2450882389,Парканы,5.272,,24,,,OUTSIDE_DISTANCE_UNAVAILABLE,3,,,,
n2450882390,Парканы,5.287,,24,,,OUTSIDE_DISTANCE_UNAVAILABLE,3,,,,
n2450882391,Парканы,5.325,,24,,,OUTSIDE_DISTANCE_UNAVAILABLE,3,,,,
n2450882392,Парканы,5.308,,24,,,OUTSIDE_DISTANCE_UNAVAILABLE,3,,,,
n2450882393,Парканы,5.343,,24,,,OUTSIDE_DISTANCE_UNAVAILABLE,3,,,,
n2450882394,Парканы,5.36,,24,,,OUTSIDE_DISTANCE_UNAVAILABLE,3,,,,
n2450882395,Парканы,5.377,,24,,,OUTSIDE_DISTANCE_UNAVAILABLE,3,,,,
n2450882396,Парканы,5.397,,24,,,OUTSIDE_DISTANCE_UNAVAILABLE,3,,,,
n2450882397,Парканы,5.414,,24,,,OUTSIDE_DISTANCE_UNAVAILABLE,3,,,,
n2450882398,Парканы,5.431,,24,,,OUTSIDE_DISTANCE_UNAVAILABLE,3,,,,
n2450882399,Парканы,5.446,,24,,,OUTSIDE_DISTANCE_UNAVAILABLE,3,,,,
n2450934139,Парканы,4.579,,21,,,OUTSIDE_DISTANCE_UNAVAILABLE,3,,,,
n2450934140,Парканы,4.627,,21,,,OUTSIDE_DISTANCE_UNAVAILABLE,3,,,,
n2450934141,Парканы,4.601,,21,,,OUTSIDE_DISTANCE_UNAVAILABLE,3,,,,
n2450934142,Парканы,4.652,,21,,,OUTSIDE_DISTANCE_UNAVAILABLE,3,,,,
n2450934143,Парканы,4.674,,21,,,OUTSIDE_DISTANCE_UNAVAILABLE,3,,,,
n2450934144,Парканы,4.693,,21,,,OUTSIDE_DISTANCE_UNAVAILABLE,3,,,,
n2450934145,Парканы,4.712,,21,,,OUTSIDE_DISTANCE_UNAVAILABLE,3,,,,
n2450934146,Парканы,4.73,,21,,,OUTSIDE_DISTANCE_UNAVAILABLE,3,,,,
n2450934147,Парканы,4.749,,21,,,OUTSIDE_DISTANCE_UNAVAILABLE,3,,,,
n2450934148,Парканы,4.767,,22,,,OUTSIDE_DISTANCE_UNAVAILABLE,3,,,,
n2450934149,Парканы,4.786,,22,,,OUTSIDE_DISTANCE_UNAVAILABLE,3,,,,
n2450934150,Парканы,4.806,,22,,,OUTSIDE_DISTANCE_UNAVAILABLE,3,,,,
n2450934151,Парканы,4.827,,22,,,OUTSIDE_DISTANCE_UNAVAILABLE,3,,,,
n2450934152,Парканы,4.844,,22,,,OUTSIDE_DISTANCE_UNAVAILABLE,3,,,,
n2450934153,Парканы,4.864,,22,,,OUTSIDE_DISTANCE_UNAVAILABLE,3,,,,
n2450934154,Парканы,4.882,,22,,,OUTSIDE_DISTANCE_UNAVAILABLE,3,,,,
n2450934155,Парканы,4.904,,22,,,OUTSIDE_DISTANCE_UNAVAILABLE,3,,,,
n2450934156,Парканы,4.926,,22,,,OUTSIDE_DISTANCE_UNAVAILABLE,3,,,,
n2450934157,Парканы,4.949,,22,,,OUTSIDE_DISTANCE_UNAVAILABLE,3,,,,
n2450934158,Парканы,4.975,,22,,,OUTSIDE_DISTANCE_UNAVAILABLE,3,,,,
n2450934159,Парканы,5.0,,22,,,OUTSIDE_DISTANCE_UNAVAILABLE,3,,,,
n2450934160,Парканы,5.025,,23,,,OUTSIDE_DISTANCE_UNAVAILABLE,3,,,,
n2450934161,Парканы,5.043,,23,,,OUTSIDE_DISTANCE_UNAVAILABLE,3,,,,
n2450934162,Парканы,5.062,,23,,,OUTSIDE_DISTANCE_UNAVAILABLE,3,,,,
n2450934163,Парканы,5.098,,23,,,OUTSIDE_DISTANCE_UNAVAILABLE,3,,,,
n2450934164,Парканы,5.08,,23,,,OUTSIDE_DISTANCE_UNAVAILABLE,3,,,,
n2450934165,Парканы,5.117,,23,,,OUTSIDE_DISTANCE_UNAVAILABLE,3,,,,
n2450934166,Парканы,5.136,,23,,,OUTSIDE_DISTANCE_UNAVAILABLE,3,,,,
n2450934167,Парканы,5.154,,23,,,OUTSIDE_DISTANCE_UNAVAILABLE,3,,,,
n2450934168,Парканы,5.17,,23,,,OUTSIDE_DISTANCE_UNAVAILABLE,3,,,,
n2450934169,Парканы,5.185,,23,,,OUTSIDE_DISTANCE_UNAVAILABLE,3,,,,
n2450934171,Парканы,5.2,,23,,,OUTSIDE_DISTANCE_UNAVAILABLE,3,,,,
n2450934173,Парканы,5.216,,23,,,OUTSIDE_DISTANCE_UNAVAILABLE,3,,,,
n2450934175,Парканы,5.233,,23,,,OUTSIDE_DISTANCE_UNAVAILABLE,3,,,,
n2450934176,Парканы,5.249,,23,,,OUTSIDE_DISTANCE_UNAVAILABLE,3,,,,
n2450934177,Парканы,5.264,,24,,,OUTSIDE_DISTANCE_UNAVAILABLE,3,,,,
n2450934178,Парканы,5.282,,24,,,OUTSIDE_DISTANCE_UNAVAILABLE,3,,,,
n2450934179,Парканы,5.301,,24,,,OUTSIDE_DISTANCE_UNAVAILABLE,3,,,,
n2450934180,Парканы,5.316,,24,,,OUTSIDE_DISTANCE_UNAVAILABLE,3,,,,
n2450934181,Парканы,5.331,,24,,,OUTSIDE_DISTANCE_UNAVAILABLE,3,,,,
n2450934182,Парканы,5.348,,24,,,OUTSIDE_DISTANCE_UNAVAILABLE,3,,,,
n2450934183,Парканы,5.371,,24,,,OUTSIDE_DISTANCE_UNAVAILABLE,3,,,,
n2450934184,Парканы,5.394,,24,,,OUTSIDE_DISTANCE_UNAVAILABLE,3,,,,
n2450934185,Парканы,5.42,,24,,,OUTSIDE_DISTANCE_UNAVAILABLE,3,,,,
n2450934186,Парканы,5.446,,24,,,OUTSIDE_DISTANCE_UNAVAILABLE,3,,,,
n2450934187,Парканы,5.468,,24,,,OUTSIDE_DISTANCE_UNAVAILABLE,3,,,,
n2450934188,Парканы,5.408,,24,,,OUTSIDE_DISTANCE_UNAVAILABLE,3,,,,
n2450934189,Парканы,5.433,,24,,,OUTSIDE_DISTANCE_UNAVAILABLE,3,,,,
n2450934190,Парканы,5.458,,24,,,OUTSIDE_DISTANCE_UNAVAILABLE,3,,,,
n2450934191,Парканы,5.484,,24,,,OUTSIDE_DISTANCE_UNAVAILABLE,3,,,,
n2450934192,Парканы,5.508,,25,,,OUTSIDE_DISTANCE_UNAVAILABLE,3,,,,
n2450934193,Парканы,5.531,,25,,,OUTSIDE_DISTANCE_UNAVAILABLE,3,,,,
n2450934194,Парканы,5.559,,25,,,OUTSIDE_DISTANCE_UNAVAILABLE,4,,,,
n2450934195,Парканы,5.584,,25,,,OUTSIDE_DISTANCE_UNAVAILABLE,4,,,,
n2450934196,Парканы,5.603,,25,,,OUTSIDE_DISTANCE_UNAVAILABLE,4,,,,
n2450934197,Парканы,5.62,,25,,,OUTSIDE_DISTANCE_UNAVAILABLE,4,,,,
n2450951710,Парканы,5.636,,25,,,OUTSIDE_DISTANCE_UNAVAILABLE,4,,,,
n2450951713,Парканы,5.654,,25,,,OUTSIDE_DISTANCE_UNAVAILABLE,3,,,,
n2450951717,Парканы,6.041,,27,,,OUTSIDE_DISTANCE_UNAVAILABLE,4,,,,
n2450951721,Парканы,6.024,,27,,,OUTSIDE_DISTANCE_UNAVAILABLE,4,,,,
n2450951725,Парканы,6.01,,27,,,OUTSIDE_DISTANCE_UNAVAILABLE,4,,,,
n2450951728,Парканы,5.994,,26,,,OUTSIDE_DISTANCE_UNAVAILABLE,4,,,,
n2450951732,Парканы,5.978,,26,,,OUTSIDE_DISTANCE_UNAVAILABLE,4,,,,
n2450951736,Парканы,5.963,,26,,,OUTSIDE_DISTANCE_UNAVAILABLE,4,,,,
n2450951740,Парканы,5.949,,26,,,OUTSIDE_DISTANCE_UNAVAILABLE,4,,,,
n2450951744,Парканы,5.933,,26,,,OUTSIDE_DISTANCE_UNAVAILABLE,4,,,,
n2450951747,Парканы,5.917,,26,,,OUTSIDE_DISTANCE_UNAVAILABLE,4,,,,
n2450951751,Парканы,5.902,,26,,,OUTSIDE_DISTANCE_UNAVAILABLE,4,,,,
n2450951755,Парканы,5.888,,26,,,OUTSIDE_DISTANCE_UNAVAILABLE,4,,,,
n2450951762,Парканы,5.857,,26,,,OUTSIDE_DISTANCE_UNAVAILABLE,4,,,,
n2450951765,Парканы,5.843,,26,,,OUTSIDE_DISTANCE_UNAVAILABLE,4,,,,
n2450951770,Парканы,5.827,,26,,,OUTSIDE_DISTANCE_UNAVAILABLE,4,,,,
n2450951774,Парканы,5.812,,26,,,OUTSIDE_DISTANCE_UNAVAILABLE,4,,,,
n2450951777,Парканы,5.796,,26,,,OUTSIDE_DISTANCE_UNAVAILABLE,4,,,,
n2450951781,Парканы,5.78,,26,,,OUTSIDE_DISTANCE_UNAVAILABLE,4,,,,
n2450951785,Парканы,5.764,,26,,,OUTSIDE_DISTANCE_UNAVAILABLE,4,,,,
n2450951789,Парканы,5.775,,26,,,OUTSIDE_DISTANCE_UNAVAILABLE,4,,,,
n2450951793,Парканы,5.793,,26,,,OUTSIDE_DISTANCE_UNAVAILABLE,4,,,,
n2450951803,Парканы,5.81,,26,,,OUTSIDE_DISTANCE_UNAVAILABLE,4,,,,
n2450962238,Парканы,5.443,,24,,,OUTSIDE_DISTANCE_UNAVAILABLE,3,,,,
n2450962239,Парканы,5.464,,24,,,OUTSIDE_DISTANCE_UNAVAILABLE,3,,,,
n2450962240,Парканы,5.481,,24,,,OUTSIDE_DISTANCE_UNAVAILABLE,3,,,,
n2450962241,Парканы,5.498,,24,,,OUTSIDE_DISTANCE_UNAVAILABLE,3,,,,
n2450962242,Парканы,5.516,,25,,,OUTSIDE_DISTANCE_UNAVAILABLE,3,,,,
n2450962243,Парканы,5.533,,25,,,OUTSIDE_DISTANCE_UNAVAILABLE,3,,,,
n2450962244,Парканы,5.549,,25,,,OUTSIDE_DISTANCE_UNAVAILABLE,4,,,,
n2450962245,Парканы,5.564,,25,,,OUTSIDE_DISTANCE_UNAVAILABLE,4,,,,
n2450962246,Парканы,5.58,,25,,,OUTSIDE_DISTANCE_UNAVAILABLE,4,,,,
n2450962247,Парканы,5.598,,25,,,OUTSIDE_DISTANCE_UNAVAILABLE,4,,,,
n2450962248,Парканы,5.613,,25,,,OUTSIDE_DISTANCE_UNAVAILABLE,4,,,,
n2450962249,Парканы,5.631,,25,,,OUTSIDE_DISTANCE_UNAVAILABLE,4,,,,
n2450962250,Парканы,5.647,,25,,,OUTSIDE_DISTANCE_UNAVAILABLE,4,,,,
n2450962252,Парканы,5.662,,25,,,OUTSIDE_DISTANCE_UNAVAILABLE,4,,,,
n2450962253,Парканы,6.034,,27,,,OUTSIDE_DISTANCE_UNAVAILABLE,4,,,,
n2450962254,Парканы,6.017,,27,,,OUTSIDE_DISTANCE_UNAVAILABLE,4,,,,
n2450962255,Парканы,5.998,,26,,,OUTSIDE_DISTANCE_UNAVAILABLE,4,,,,
n2450962256,Парканы,5.981,,26,,,OUTSIDE_DISTANCE_UNAVAILABLE,4,,,,
n2450962258,Парканы,5.965,,26,,,OUTSIDE_DISTANCE_UNAVAILABLE,4,,,,
n2450962260,Парканы,5.946,,26,,,OUTSIDE_DISTANCE_UNAVAILABLE,4,,,,
n2450962261,Парканы,5.929,,26,,,OUTSIDE_DISTANCE_UNAVAILABLE,4,,,,
n2450962262,Парканы,5.914,,26,,,OUTSIDE_DISTANCE_UNAVAILABLE,4,,,,
n2450962263,Парканы,5.899,,26,,,OUTSIDE_DISTANCE_UNAVAILABLE,4,,,,
n2450962264,Парканы,5.884,,26,,,OUTSIDE_DISTANCE_UNAVAILABLE,4,,,,
n2450962265,Парканы,5.869,,26,,,OUTSIDE_DISTANCE_UNAVAILABLE,4,,,,
n2450962266,Парканы,5.851,,26,,,OUTSIDE_DISTANCE_UNAVAILABLE,4,,,,
n2450962267,Парканы,5.834,,26,,,OUTSIDE_DISTANCE_UNAVAILABLE,4,,,,
n2450962268,Парканы,5.817,,26,,,OUTSIDE_DISTANCE_UNAVAILABLE,4,,,,
n2450962269,Парканы,5.802,,26,,,OUTSIDE_DISTANCE_UNAVAILABLE,4,,,,
n2450962270,Парканы,5.787,,26,,,OUTSIDE_DISTANCE_UNAVAILABLE,4,,,,
n2451248421,Парканы,4.403,,20,,,OUTSIDE_DISTANCE_UNAVAILABLE,3,,,,
n2451248422,Парканы,4.423,,20,,,OUTSIDE_DISTANCE_UNAVAILABLE,3,,,,
n2451248424,Парканы,4.452,,20,,,OUTSIDE_DISTANCE_UNAVAILABLE,3,,,,
n2451248425,Парканы,4.469,,20,,,OUTSIDE_DISTANCE_UNAVAILABLE,3,,,,
n2451248426,Парканы,4.484,,20,,,OUTSIDE_DISTANCE_UNAVAILABLE,3,,,,
n2451248427,Парканы,4.496,,20,,,OUTSIDE_DISTANCE_UNAVAILABLE,3,,,,
n2451248428,Парканы,4.512,,21,,,OUTSIDE_DISTANCE_UNAVAILABLE,3,,,,
n2451248429,Парканы,4.526,,21,,,OUTSIDE_DISTANCE_UNAVAILABLE,3,,,,
n2451248430,Парканы,4.54,,21,,,OUTSIDE_DISTANCE_UNAVAILABLE,3,,,,
n2451248431,Парканы,4.553,,21,,,OUTSIDE_DISTANCE_UNAVAILABLE,3,,,,
n2451248434,Парканы,4.596,,21,,,OUTSIDE_DISTANCE_UNAVAILABLE,3,,,,
n2451248437,Парканы,4.637,,21,,,OUTSIDE_DISTANCE_UNAVAILABLE,3,,,,
n2451248438,Парканы,4.65,,21,,,OUTSIDE_DISTANCE_UNAVAILABLE,3,,,,
n2451248439,Парканы,4.664,,21,,,OUTSIDE_DISTANCE_UNAVAILABLE,3,,,,
n2451248440,Парканы,4.676,,21,,,OUTSIDE_DISTANCE_UNAVAILABLE,3,,,,
n2451248441,Парканы,4.691,,21,,,OUTSIDE_DISTANCE_UNAVAILABLE,3,,,,
n2451248442,Парканы,4.706,,21,,,OUTSIDE_DISTANCE_UNAVAILABLE,3,,,,
n2451248443,Парканы,4.718,,21,,,OUTSIDE_DISTANCE_UNAVAILABLE,3,,,,
n2451248444,Парканы,4.73,,21,,,OUTSIDE_DISTANCE_UNAVAILABLE,3,,,,
n2451248445,Парканы,4.744,,21,,,OUTSIDE_DISTANCE_UNAVAILABLE,3,,,,
n2451248446,Парканы,4.763,,22,,,OUTSIDE_DISTANCE_UNAVAILABLE,3,,,,
n2451248447,Парканы,4.783,,22,,,OUTSIDE_DISTANCE_UNAVAILABLE,3,,,,
n2451248448,Парканы,4.804,,22,,,OUTSIDE_DISTANCE_UNAVAILABLE,3,,,,
n2451248449,Парканы,4.827,,22,,,OUTSIDE_DISTANCE_UNAVAILABLE,3,,,,
n2452525852,Парканы,4.85,,22,,,OUTSIDE_DISTANCE_UNAVAILABLE,3,,,,
n2452525861,Парканы,4.872,,22,,,OUTSIDE_DISTANCE_UNAVAILABLE,3,,,,
n2452525867,Парканы,4.895,,22,,,OUTSIDE_DISTANCE_UNAVAILABLE,3,,,,
n2452525872,Парканы,4.916,,22,,,OUTSIDE_DISTANCE_UNAVAILABLE,3,,,,
n2452525877,Парканы,4.941,,22,,,OUTSIDE_DISTANCE_UNAVAILABLE,3,,,,
n2452525883,Парканы,4.959,,22,,,OUTSIDE_DISTANCE_UNAVAILABLE,3,,,,
n2452525888,Парканы,4.98,,22,,,OUTSIDE_DISTANCE_UNAVAILABLE,3,,,,
n2452525893,Парканы,5.004,,23,,,OUTSIDE_DISTANCE_UNAVAILABLE,3,,,,
n2452525899,Парканы,5.024,,23,,,OUTSIDE_DISTANCE_UNAVAILABLE,3,,,,
n2452525904,Парканы,5.05,,23,,,OUTSIDE_DISTANCE_UNAVAILABLE,3,,,,
n2452525910,Парканы,5.072,,23,,,OUTSIDE_DISTANCE_UNAVAILABLE,3,,,,
n2452525915,Парканы,5.095,,23,,,OUTSIDE_DISTANCE_UNAVAILABLE,3,,,,
n2452525920,Парканы,5.121,,23,,,OUTSIDE_DISTANCE_UNAVAILABLE,3,,,,
n2452536231,Парканы,5.186,,23,,,OUTSIDE_DISTANCE_UNAVAILABLE,3,,,,
n2452536232,Парканы,5.144,,23,,,OUTSIDE_DISTANCE_UNAVAILABLE,3,,,,
n2452549454,Парканы,4.389,,20,,,OUTSIDE_DISTANCE_UNAVAILABLE,3,,,,
n2452549455,Парканы,4.401,,20,,,OUTSIDE_DISTANCE_UNAVAILABLE,3,,,,
n2452549456,Парканы,4.413,,20,,,OUTSIDE_DISTANCE_UNAVAILABLE,3,,,,
n2452549460,Парканы,4.469,,20,,,OUTSIDE_DISTANCE_UNAVAILABLE,3,,,,
n2452549461,Парканы,4.483,,20,,,OUTSIDE_DISTANCE_UNAVAILABLE,3,,,,
n2452549462,Парканы,4.497,,20,,,OUTSIDE_DISTANCE_UNAVAILABLE,3,,,,
n2452549463,Парканы,4.509,,21,,,OUTSIDE_DISTANCE_UNAVAILABLE,3,,,,
n2452549465,Парканы,4.54,,21,,,OUTSIDE_DISTANCE_UNAVAILABLE,3,,,,
n2452549466,Парканы,4.555,,21,,,OUTSIDE_DISTANCE_UNAVAILABLE,3,,,,
n2452549467,Парканы,4.57,,21,,,OUTSIDE_DISTANCE_UNAVAILABLE,3,,,,
n2452549468,Парканы,4.584,,21,,,OUTSIDE_DISTANCE_UNAVAILABLE,3,,,,
n2452549469,Парканы,4.597,,21,,,OUTSIDE_DISTANCE_UNAVAILABLE,3,,,,
n2452549470,Парканы,4.611,,21,,,OUTSIDE_DISTANCE_UNAVAILABLE,3,,,,
n2452549471,Парканы,4.627,,21,,,OUTSIDE_DISTANCE_UNAVAILABLE,3,,,,
n2452549472,Парканы,4.641,,21,,,OUTSIDE_DISTANCE_UNAVAILABLE,3,,,,
n2452549475,Парканы,4.655,,21,,,OUTSIDE_DISTANCE_UNAVAILABLE,3,,,,
n2452549479,Парканы,4.671,,21,,,OUTSIDE_DISTANCE_UNAVAILABLE,3,,,,
n2452549483,Парканы,4.684,,21,,,OUTSIDE_DISTANCE_UNAVAILABLE,3,,,,
n2452549485,Парканы,4.696,,21,,,OUTSIDE_DISTANCE_UNAVAILABLE,3,,,,
n2452549490,Парканы,4.71,,21,,,OUTSIDE_DISTANCE_UNAVAILABLE,3,,,,
n2452549493,Парканы,4.723,,21,,,OUTSIDE_DISTANCE_UNAVAILABLE,3,,,,
n2452549496,Парканы,4.737,,21,,,OUTSIDE_DISTANCE_UNAVAILABLE,3,,,,
n2452549499,Парканы,4.75,,21,,,OUTSIDE_DISTANCE_UNAVAILABLE,3,,,,
n2452549512,Парканы,4.765,,22,,,OUTSIDE_DISTANCE_UNAVAILABLE,3,,,,
n2452549516,Парканы,4.779,,22,,,OUTSIDE_DISTANCE_UNAVAILABLE,3,,,,
n2452549519,Парканы,4.794,,22,,,OUTSIDE_DISTANCE_UNAVAILABLE,3,,,,
n2452549522,Парканы,4.808,,22,,,OUTSIDE_DISTANCE_UNAVAILABLE,3,,,,
n2452549525,Парканы,4.827,,22,,,OUTSIDE_DISTANCE_UNAVAILABLE,3,,,,
n2452549527,Парканы,4.843,,22,,,OUTSIDE_DISTANCE_UNAVAILABLE,3,,,,
n2452549528,Парканы,4.861,,22,,,OUTSIDE_DISTANCE_UNAVAILABLE,3,,,,
n2452549529,Парканы,4.879,,22,,,OUTSIDE_DISTANCE_UNAVAILABLE,3,,,,
n2452549530,Парканы,5.161,,23,,,OUTSIDE_DISTANCE_UNAVAILABLE,3,,,,
n2452549531,Парканы,4.898,,22,,,OUTSIDE_DISTANCE_UNAVAILABLE,3,,,,
n2452549532,Парканы,4.913,,22,,,OUTSIDE_DISTANCE_UNAVAILABLE,3,,,,
n2452549533,Парканы,4.933,,22,,,OUTSIDE_DISTANCE_UNAVAILABLE,3,,,,
n2452549536,Парканы,4.95,,22,,,OUTSIDE_DISTANCE_UNAVAILABLE,3,,,,
n2452549539,Парканы,4.968,,22,,,OUTSIDE_DISTANCE_UNAVAILABLE,3,,,,
n2452549542,Парканы,4.984,,22,,,OUTSIDE_DISTANCE_UNAVAILABLE,3,,,,
n2452549546,Парканы,4.998,,22,,,OUTSIDE_DISTANCE_UNAVAILABLE,3,,,,
n2452549549,Парканы,5.014,,23,,,OUTSIDE_DISTANCE_UNAVAILABLE,3,,,,
n2452549552,Парканы,5.029,,23,,,OUTSIDE_DISTANCE_UNAVAILABLE,3,,,,
n2452549555,Парканы,5.043,,23,,,OUTSIDE_DISTANCE_UNAVAILABLE,3,,,,
n2452549559,Парканы,5.057,,23,,,OUTSIDE_DISTANCE_UNAVAILABLE,3,,,,
n2452549565,Парканы,5.087,,23,,,OUTSIDE_DISTANCE_UNAVAILABLE,3,,,,
n2452549568,Парканы,5.098,,23,,,OUTSIDE_DISTANCE_UNAVAILABLE,3,,,,
n2452549572,Парканы,5.112,,23,,,OUTSIDE_DISTANCE_UNAVAILABLE,3,,,,
n2452549575,Парканы,5.126,,23,,,OUTSIDE_DISTANCE_UNAVAILABLE,3,,,,
n2452549578,Парканы,5.144,,23,,,OUTSIDE_DISTANCE_UNAVAILABLE,3,,,,
n2452552086,Парканы,5.188,,23,,,OUTSIDE_DISTANCE_UNAVAILABLE,3,,,,
n2452552090,Парканы,5.21,,23,,,OUTSIDE_DISTANCE_UNAVAILABLE,3,,,,
n2452552094,Парканы,5.236,,23,,,OUTSIDE_DISTANCE_UNAVAILABLE,3,,,,
n2452552097,Парканы,5.254,,24,,,OUTSIDE_DISTANCE_UNAVAILABLE,3,,,,
n2452552100,Парканы,5.274,,24,,,OUTSIDE_DISTANCE_UNAVAILABLE,3,,,,
n2452636916,Парканы,4.206,,19,,,OUTSIDE_DISTANCE_UNAVAILABLE,3,,,,
n2452658345,Парканы,4.222,,19,,,OUTSIDE_DISTANCE_UNAVAILABLE,3,,,,
n2453493584,Парканы,5.349,,24,,,OUTSIDE_DISTANCE_UNAVAILABLE,3,,,,
n2453493588,Парканы,5.377,,24,,,OUTSIDE_DISTANCE_UNAVAILABLE,3,,,,
n2453493590,Парканы,5.364,,24,,,OUTSIDE_DISTANCE_UNAVAILABLE,3,,,,
n2453493591,Парканы,5.393,,24,,,OUTSIDE_DISTANCE_UNAVAILABLE,3,,,,
n2453493592,Парканы,5.409,,24,,,OUTSIDE_DISTANCE_UNAVAILABLE,3,,,,
n2453493593,Парканы,5.424,,24,,,OUTSIDE_DISTANCE_UNAVAILABLE,3,,,,
n2453639983,Парканы,4.424,,20,,,OUTSIDE_DISTANCE_UNAVAILABLE,3,,,,
n2453640061,Парканы,4.759,,22,,,OUTSIDE_DISTANCE_UNAVAILABLE,3,,,,
n2453641349,Парканы,5.177,,23,,,OUTSIDE_DISTANCE_UNAVAILABLE,3,,,,
n2453641356,Парканы,5.407,,24,,,OUTSIDE_DISTANCE_UNAVAILABLE,3,,,,
n2453641357,Парканы,5.428,,24,,,OUTSIDE_DISTANCE_UNAVAILABLE,3,,,,
n2453641359,Парканы,5.57,,25,,,OUTSIDE_DISTANCE_UNAVAILABLE,4,,,,
n2453641361,Парканы,5.528,,25,,,OUTSIDE_DISTANCE_UNAVAILABLE,3,,,,
n2453641362,Парканы,5.507,,25,,,OUTSIDE_DISTANCE_UNAVAILABLE,3,,,,
n2453641363,Парканы,5.487,,24,,,OUTSIDE_DISTANCE_UNAVAILABLE,3,,,,
n2453643607,Парканы,5.428,,24,,,OUTSIDE_DISTANCE_UNAVAILABLE,3,,,,
n2453643608,Парканы,5.445,,24,,,OUTSIDE_DISTANCE_UNAVAILABLE,3,,,,
n2453643609,Парканы,5.462,,24,,,OUTSIDE_DISTANCE_UNAVAILABLE,3,,,,
n2453643610,Парканы,5.482,,24,,,OUTSIDE_DISTANCE_UNAVAILABLE,3,,,,
n2453643611,Парканы,5.631,,25,,,OUTSIDE_DISTANCE_UNAVAILABLE,4,,,,
n2453643612,Парканы,5.642,,25,,,OUTSIDE_DISTANCE_UNAVAILABLE,4,,,,
n2453643613,Парканы,5.66,,25,,,OUTSIDE_DISTANCE_UNAVAILABLE,4,,,,
n2453643614,Парканы,5.552,,25,,,OUTSIDE_DISTANCE_UNAVAILABLE,4,,,,
n2453643615,Парканы,5.634,,25,,,OUTSIDE_DISTANCE_UNAVAILABLE,4,,,,
n2453643616,Парканы,5.632,,25,,,OUTSIDE_DISTANCE_UNAVAILABLE,4,,,,
n2453643618,Парканы,4.013,,19,,,OUTSIDE_DISTANCE_UNAVAILABLE,2,,,,
n2453643619,Парканы,4.032,,19,,,OUTSIDE_DISTANCE_UNAVAILABLE,2,,,,
n2453643620,Парканы,4.052,,19,,,OUTSIDE_DISTANCE_UNAVAILABLE,3,,,,
n2453643621,Парканы,4.069,,19,,,OUTSIDE_DISTANCE_UNAVAILABLE,3,,,,
n2453643622,Парканы,4.093,,19,,,OUTSIDE_DISTANCE_UNAVAILABLE,3,,,,
n2453643623,Парканы,4.112,,19,,,OUTSIDE_DISTANCE_UNAVAILABLE,3,,,,
n2453643628,Парканы,3.986,,18,,,OUTSIDE_DISTANCE_UNAVAILABLE,2,,,,
n2453643629,Парканы,4.0,,18,,,OUTSIDE_DISTANCE_UNAVAILABLE,2,,,,
n2453643630,Парканы,4.015,,19,,,OUTSIDE_DISTANCE_UNAVAILABLE,2,,,,
n2453643631,Парканы,4.031,,19,,,OUTSIDE_DISTANCE_UNAVAILABLE,2,,,,
n2453643632,Парканы,4.047,,19,,,OUTSIDE_DISTANCE_UNAVAILABLE,3,,,,
n2453643633,Парканы,4.064,,19,,,OUTSIDE_DISTANCE_UNAVAILABLE,3,,,,
n2453643634,Парканы,4.081,,19,,,OUTSIDE_DISTANCE_UNAVAILABLE,3,,,,
n2453643635,Парканы,4.098,,19,,,OUTSIDE_DISTANCE_UNAVAILABLE,3,,,,
n2453643636,Парканы,4.115,,19,,,OUTSIDE_DISTANCE_UNAVAILABLE,3,,,,
n2453643637,Парканы,4.132,,19,,,OUTSIDE_DISTANCE_UNAVAILABLE,3,,,,
n2453643638,Парканы,4.146,,19,,,OUTSIDE_DISTANCE_UNAVAILABLE,3,,,,
n2453643639,Парканы,4.161,,19,,,OUTSIDE_DISTANCE_UNAVAILABLE,3,,,,
n2453644684,Парканы,4.543,,21,,,OUTSIDE_DISTANCE_UNAVAILABLE,3,,,,
n2453644685,Парканы,4.29,,20,,,OUTSIDE_DISTANCE_UNAVAILABLE,3,,,,
n2453644686,Парканы,4.327,,20,,,OUTSIDE_DISTANCE_UNAVAILABLE,3,,,,
n2453644687,Парканы,4.344,,20,,,OUTSIDE_DISTANCE_UNAVAILABLE,3,,,,
n2453644688,Парканы,4.361,,20,,,OUTSIDE_DISTANCE_UNAVAILABLE,3,,,,
n2453644689,Парканы,4.38,,20,,,OUTSIDE_DISTANCE_UNAVAILABLE,3,,,,
n2453644690,Парканы,4.399,,20,,,OUTSIDE_DISTANCE_UNAVAILABLE,3,,,,
n2453644691,Парканы,4.415,,20,,,OUTSIDE_DISTANCE_UNAVAILABLE,3,,,,
n2453644692,Парканы,4.436,,20,,,OUTSIDE_DISTANCE_UNAVAILABLE,3,,,,
n2453644693,Парканы,4.452,,20,,,OUTSIDE_DISTANCE_UNAVAILABLE,3,,,,
n2453644694,Парканы,4.467,,20,,,OUTSIDE_DISTANCE_UNAVAILABLE,3,,,,
n2453644695,Парканы,4.481,,20,,,OUTSIDE_DISTANCE_UNAVAILABLE,3,,,,
n2453644696,Парканы,4.501,,21,,,OUTSIDE_DISTANCE_UNAVAILABLE,3,,,,
n2453644697,Парканы,4.522,,21,,,OUTSIDE_DISTANCE_UNAVAILABLE,3,,,,
n2453644698,Парканы,4.562,,21,,,OUTSIDE_DISTANCE_UNAVAILABLE,3,,,,
n2453644699,Парканы,4.578,,21,,,OUTSIDE_DISTANCE_UNAVAILABLE,3,,,,
n2453644700,Парканы,4.593,,21,,,OUTSIDE_DISTANCE_UNAVAILABLE,3,,,,
n2453644701,Парканы,4.61,,21,,,OUTSIDE_DISTANCE_UNAVAILABLE,3,,,,
n2453644702,Парканы,4.632,,21,,,OUTSIDE_DISTANCE_UNAVAILABLE,3,,,,
n2453644703,Парканы,4.65,,21,,,OUTSIDE_DISTANCE_UNAVAILABLE,3,,,,
n2453644704,Парканы,4.669,,21,,,OUTSIDE_DISTANCE_UNAVAILABLE,3,,,,
n2453644705,Парканы,4.687,,21,,,OUTSIDE_DISTANCE_UNAVAILABLE,3,,,,
n2453644706,Парканы,4.706,,21,,,OUTSIDE_DISTANCE_UNAVAILABLE,3,,,,
n2453644707,Парканы,4.723,,21,,,OUTSIDE_DISTANCE_UNAVAILABLE,3,,,,
n2453644708,Парканы,4.742,,21,,,OUTSIDE_DISTANCE_UNAVAILABLE,3,,,,
n2453644709,Парканы,4.766,,22,,,OUTSIDE_DISTANCE_UNAVAILABLE,3,,,,
n2453644710,Парканы,4.786,,22,,,OUTSIDE_DISTANCE_UNAVAILABLE,3,,,,
n2453644711,Парканы,4.809,,22,,,OUTSIDE_DISTANCE_UNAVAILABLE,3,,,,
n2453733103,Парканы,4.527,,21,,,OUTSIDE_DISTANCE_UNAVAILABLE,3,,,,
n2453733104,Парканы,4.544,,21,,,OUTSIDE_DISTANCE_UNAVAILABLE,3,,,,
n2453733105,Парканы,4.232,,19,,,OUTSIDE_DISTANCE_UNAVAILABLE,3,,,,
n2453733106,Парканы,4.245,,19,,,OUTSIDE_DISTANCE_UNAVAILABLE,3,,,,
n2453733107,Парканы,4.261,,20,,,OUTSIDE_DISTANCE_UNAVAILABLE,3,,,,
n2453733108,Парканы,4.275,,20,,,OUTSIDE_DISTANCE_UNAVAILABLE,3,,,,
n2453733110,Парканы,4.304,,20,,,OUTSIDE_DISTANCE_UNAVAILABLE,3,,,,
n2453733111,Парканы,4.321,,20,,,OUTSIDE_DISTANCE_UNAVAILABLE,3,,,,
n2453777666,Парканы,4.91,,22,,,OUTSIDE_DISTANCE_UNAVAILABLE,3,,,,
n2453777668,Парканы,4.955,,22,,,OUTSIDE_DISTANCE_UNAVAILABLE,3,,,,
n2453777669,Парканы,5.187,,23,,,OUTSIDE_DISTANCE_UNAVAILABLE,3,,,,
n2453777670,Парканы,5.206,,23,,,OUTSIDE_DISTANCE_UNAVAILABLE,3,,,,
n2453777671,Парканы,5.223,,23,,,OUTSIDE_DISTANCE_UNAVAILABLE,3,,,,
n2453777672,Парканы,5.24,,23,,,OUTSIDE_DISTANCE_UNAVAILABLE,3,,,,
n2453777673,Парканы,5.259,,24,,,OUTSIDE_DISTANCE_UNAVAILABLE,3,,,,
n2453777674,Парканы,5.275,,24,,,OUTSIDE_DISTANCE_UNAVAILABLE,3,,,,
n2453777675,Парканы,5.292,,24,,,OUTSIDE_DISTANCE_UNAVAILABLE,3,,,,
n2453777676,Парканы,5.355,,24,,,OUTSIDE_DISTANCE_UNAVAILABLE,3,,,,
n2453777677,Парканы,5.332,,24,,,OUTSIDE_DISTANCE_UNAVAILABLE,3,,,,
n2453777678,Парканы,5.311,,24,,,OUTSIDE_DISTANCE_UNAVAILABLE,3,,,,
n2453786264,Парканы,5.167,,23,,,OUTSIDE_DISTANCE_UNAVAILABLE,3,,,,
n2453786265,Парканы,5.152,,23,,,OUTSIDE_DISTANCE_UNAVAILABLE,3,,,,
n2453786266,Парканы,5.133,,23,,,OUTSIDE_DISTANCE_UNAVAILABLE,3,,,,
n2453786267,Парканы,5.113,,23,,,OUTSIDE_DISTANCE_UNAVAILABLE,3,,,,
n2453786268,Парканы,5.096,,23,,,OUTSIDE_DISTANCE_UNAVAILABLE,3,,,,
n2453786269,Парканы,5.077,,23,,,OUTSIDE_DISTANCE_UNAVAILABLE,3,,,,
n2454293010,Парканы,5.383,,24,,,OUTSIDE_DISTANCE_UNAVAILABLE,3,,,,
n2454293011,Парканы,5.398,,24,,,OUTSIDE_DISTANCE_UNAVAILABLE,3,,,,
n2454293012,Парканы,5.416,,24,,,OUTSIDE_DISTANCE_UNAVAILABLE,3,,,,
n2454293013,Парканы,5.435,,24,,,OUTSIDE_DISTANCE_UNAVAILABLE,3,,,,
n2454293014,Парканы,5.456,,24,,,OUTSIDE_DISTANCE_UNAVAILABLE,3,,,,
n2454293015,Парканы,5.475,,24,,,OUTSIDE_DISTANCE_UNAVAILABLE,3,,,,
n2454293016,Парканы,5.367,,24,,,OUTSIDE_DISTANCE_UNAVAILABLE,3,,,,
n2454293017,Парканы,5.349,,24,,,OUTSIDE_DISTANCE_UNAVAILABLE,3,,,,
n2454293018,Парканы,5.213,,23,,,OUTSIDE_DISTANCE_UNAVAILABLE,3,,,,
n2454293019,Парканы,5.228,,23,,,OUTSIDE_DISTANCE_UNAVAILABLE,3,,,,
n2454293020,Парканы,5.244,,23,,,OUTSIDE_DISTANCE_UNAVAILABLE,3,,,,
n2454293021,Парканы,5.261,,24,,,OUTSIDE_DISTANCE_UNAVAILABLE,3,,,,
n2454293022,Парканы,5.277,,24,,,OUTSIDE_DISTANCE_UNAVAILABLE,3,,,,
n2454293023,Парканы,5.296,,24,,,OUTSIDE_DISTANCE_UNAVAILABLE,3,,,,
n2454293024,Парканы,5.316,,24,,,OUTSIDE_DISTANCE_UNAVAILABLE,3,,,,
n2454293025,Парканы,5.334,,24,,,OUTSIDE_DISTANCE_UNAVAILABLE,3,,,,
n2454293026,Парканы,5.193,,23,,,OUTSIDE_DISTANCE_UNAVAILABLE,3,,,,
n2454293027,Парканы,5.175,,23,,,OUTSIDE_DISTANCE_UNAVAILABLE,3,,,,
n2454293028,Парканы,5.15,,23,,,OUTSIDE_DISTANCE_UNAVAILABLE,3,,,,
n2454293029,Парканы,5.13,,23,,,OUTSIDE_DISTANCE_UNAVAILABLE,3,,,,
n2454293030,Парканы,5.111,,23,,,OUTSIDE_DISTANCE_UNAVAILABLE,3,,,,
n2454293031,Парканы,5.091,,23,,,OUTSIDE_DISTANCE_UNAVAILABLE,3,,,,
n2454293032,Парканы,5.073,,23,,,OUTSIDE_DISTANCE_UNAVAILABLE,3,,,,
n2454293033,Парканы,5.054,,23,,,OUTSIDE_DISTANCE_UNAVAILABLE,3,,,,
n2454293034,Парканы,5.038,,23,,,OUTSIDE_DISTANCE_UNAVAILABLE,3,,,,
n2454293035,Парканы,5.022,,23,,,OUTSIDE_DISTANCE_UNAVAILABLE,3,,,,
n2454293036,Парканы,5.005,,23,,,OUTSIDE_DISTANCE_UNAVAILABLE,3,,,,
n2454293037,Парканы,4.988,,22,,,OUTSIDE_DISTANCE_UNAVAILABLE,3,,,,
n2454293038,Парканы,4.973,,22,,,OUTSIDE_DISTANCE_UNAVAILABLE,3,,,,
n2454300337,Парканы,4.9,,22,,,OUTSIDE_DISTANCE_UNAVAILABLE,3,,,,
n2454300338,Парканы,4.912,,22,,,OUTSIDE_DISTANCE_UNAVAILABLE,3,,,,
n2454300339,Парканы,4.928,,22,,,OUTSIDE_DISTANCE_UNAVAILABLE,3,,,,
n2454300340,Парканы,4.943,,22,,,OUTSIDE_DISTANCE_UNAVAILABLE,3,,,,
n2454300341,Парканы,4.956,,22,,,OUTSIDE_DISTANCE_UNAVAILABLE,3,,,,
n2454312931,Парканы,4.833,,22,,,OUTSIDE_DISTANCE_UNAVAILABLE,3,,,,
n2454312932,Парканы,4.814,,22,,,OUTSIDE_DISTANCE_UNAVAILABLE,3,,,,
n2454312933,Парканы,4.558,,21,,,OUTSIDE_DISTANCE_UNAVAILABLE,3,,,,
n2454312934,Парканы,4.577,,21,,,OUTSIDE_DISTANCE_UNAVAILABLE,3,,,,
n2454864183,Парканы,4.341,,20,,,OUTSIDE_DISTANCE_UNAVAILABLE,3,,,,
n2454864184,Парканы,4.361,,20,,,OUTSIDE_DISTANCE_UNAVAILABLE,3,,,,
n2454864185,Парканы,4.381,,20,,,OUTSIDE_DISTANCE_UNAVAILABLE,3,,,,
n2454864186,Парканы,4.401,,20,,,OUTSIDE_DISTANCE_UNAVAILABLE,3,,,,
n2454864187,Парканы,4.422,,20,,,OUTSIDE_DISTANCE_UNAVAILABLE,3,,,,
n2454864188,Парканы,4.441,,20,,,OUTSIDE_DISTANCE_UNAVAILABLE,3,,,,
n2454864189,Парканы,4.511,,21,,,OUTSIDE_DISTANCE_UNAVAILABLE,3,,,,
n2454864190,Парканы,4.495,,20,,,OUTSIDE_DISTANCE_UNAVAILABLE,3,,,,
n2454864191,Парканы,4.477,,20,,,OUTSIDE_DISTANCE_UNAVAILABLE,3,,,,
n2454864192,Парканы,4.458,,20,,,OUTSIDE_DISTANCE_UNAVAILABLE,3,,,,
n2454864193,Парканы,4.595,,21,,,OUTSIDE_DISTANCE_UNAVAILABLE,3,,,,
n2454864194,Парканы,4.611,,21,,,OUTSIDE_DISTANCE_UNAVAILABLE,3,,,,
n2454864195,Парканы,4.627,,21,,,OUTSIDE_DISTANCE_UNAVAILABLE,3,,,,
n2454864196,Парканы,4.645,,21,,,OUTSIDE_DISTANCE_UNAVAILABLE,3,,,,
n2454864197,Парканы,4.667,,21,,,OUTSIDE_DISTANCE_UNAVAILABLE,3,,,,
n2454864198,Парканы,4.69,,21,,,OUTSIDE_DISTANCE_UNAVAILABLE,3,,,,
n2454864199,Парканы,4.712,,21,,,OUTSIDE_DISTANCE_UNAVAILABLE,3,,,,
n2454864200,Парканы,4.733,,21,,,OUTSIDE_DISTANCE_UNAVAILABLE,3,,,,
n2454864201,Парканы,4.752,,22,,,OUTSIDE_DISTANCE_UNAVAILABLE,3,,,,
n2454864203,Парканы,4.792,,22,,,OUTSIDE_DISTANCE_UNAVAILABLE,3,,,,
n2454864204,Парканы,4.731,,21,,,OUTSIDE_DISTANCE_UNAVAILABLE,3,,,,
n2454864205,Парканы,4.711,,21,,,OUTSIDE_DISTANCE_UNAVAILABLE,3,,,,
n2454871404,Парканы,3.807,,18,,,OUTSIDE_DISTANCE_UNAVAILABLE,2,,,,
n2454871405,Парканы,3.823,,18,,,OUTSIDE_DISTANCE_UNAVAILABLE,2,,,,
n2454871408,Парканы,4.0,,18,,,OUTSIDE_DISTANCE_UNAVAILABLE,2,,,,
n2454871409,Парканы,4.019,,19,,,OUTSIDE_DISTANCE_UNAVAILABLE,2,,,,
n2454871410,Парканы,4.033,,19,,,OUTSIDE_DISTANCE_UNAVAILABLE,2,,,,
n2454871411,Парканы,4.047,,19,,,OUTSIDE_DISTANCE_UNAVAILABLE,3,,,,
n2454871412,Парканы,4.063,,19,,,OUTSIDE_DISTANCE_UNAVAILABLE,3,,,,
n2454871413,Парканы,3.804,,18,,,OUTSIDE_DISTANCE_UNAVAILABLE,2,,,,
n2454871414,Парканы,3.822,,18,,,OUTSIDE_DISTANCE_UNAVAILABLE,2,,,,
n2454871415,Парканы,3.838,,18,,,OUTSIDE_DISTANCE_UNAVAILABLE,2,,,,
n2454871416,Парканы,3.863,,18,,,OUTSIDE_DISTANCE_UNAVAILABLE,2,,,,
n2454871417,Парканы,3.887,,18,,,OUTSIDE_DISTANCE_UNAVAILABLE,2,,,,
n2454871418,Парканы,3.911,,18,,,OUTSIDE_DISTANCE_UNAVAILABLE,2,,,,
n2454871419,Парканы,3.934,,18,,,OUTSIDE_DISTANCE_UNAVAILABLE,2,,,,
n2454871420,Парканы,3.957,,18,,,OUTSIDE_DISTANCE_UNAVAILABLE,2,,,,
n2454871421,Парканы,3.981,,18,,,OUTSIDE_DISTANCE_UNAVAILABLE,2,,,,
n2454871422,Парканы,4.007,,19,,,OUTSIDE_DISTANCE_UNAVAILABLE,2,,,,
n2454871425,Парканы,4.157,,19,,,OUTSIDE_DISTANCE_UNAVAILABLE,3,,,,
n2454871426,Парканы,4.138,,19,,,OUTSIDE_DISTANCE_UNAVAILABLE,3,,,,
n2454871427,Парканы,4.457,,20,,,OUTSIDE_DISTANCE_UNAVAILABLE,3,,,,
n2454871428,Парканы,4.471,,20,,,OUTSIDE_DISTANCE_UNAVAILABLE,3,,,,
n2454871429,Парканы,4.176,,19,,,OUTSIDE_DISTANCE_UNAVAILABLE,3,,,,
n2454871430,Парканы,4.198,,19,,,OUTSIDE_DISTANCE_UNAVAILABLE,3,,,,
n2454871431,Парканы,4.219,,19,,,OUTSIDE_DISTANCE_UNAVAILABLE,3,,,,
n2454871432,Парканы,4.239,,19,,,OUTSIDE_DISTANCE_UNAVAILABLE,3,,,,
n2454871433,Парканы,4.258,,20,,,OUTSIDE_DISTANCE_UNAVAILABLE,3,,,,
n2454871434,Парканы,4.274,,20,,,OUTSIDE_DISTANCE_UNAVAILABLE,3,,,,
n2454871435,Парканы,4.294,,20,,,OUTSIDE_DISTANCE_UNAVAILABLE,3,,,,
n2454871436,Парканы,4.313,,20,,,OUTSIDE_DISTANCE_UNAVAILABLE,3,,,,
n2454871437,Парканы,4.329,,20,,,OUTSIDE_DISTANCE_UNAVAILABLE,3,,,,
n2454871438,Парканы,4.348,,20,,,OUTSIDE_DISTANCE_UNAVAILABLE,3,,,,
n2454871439,Парканы,4.368,,20,,,OUTSIDE_DISTANCE_UNAVAILABLE,3,,,,
n2454871441,Парканы,4.406,,20,,,OUTSIDE_DISTANCE_UNAVAILABLE,3,,,,
n2454871442,Парканы,4.423,,20,,,OUTSIDE_DISTANCE_UNAVAILABLE,3,,,,
n2454871443,Парканы,4.439,,20,,,OUTSIDE_DISTANCE_UNAVAILABLE,3,,,,
n2454871444,Парканы,4.484,,20,,,OUTSIDE_DISTANCE_UNAVAILABLE,3,,,,
n2454871445,Парканы,4.497,,20,,,OUTSIDE_DISTANCE_UNAVAILABLE,3,,,,
n2454871446,Парканы,4.513,,21,,,OUTSIDE_DISTANCE_UNAVAILABLE,3,,,,
n2454871447,Парканы,4.527,,21,,,OUTSIDE_DISTANCE_UNAVAILABLE,3,,,,
n2454871448,Парканы,4.539,,21,,,OUTSIDE_DISTANCE_UNAVAILABLE,3,,,,
n2454871449,Парканы,4.551,,21,,,OUTSIDE_DISTANCE_UNAVAILABLE,3,,,,
n2454871451,Парканы,4.564,,21,,,OUTSIDE_DISTANCE_UNAVAILABLE,3,,,,
n2454871452,Парканы,4.594,,21,,,OUTSIDE_DISTANCE_UNAVAILABLE,3,,,,
n2454871453,Парканы,4.612,,21,,,OUTSIDE_DISTANCE_UNAVAILABLE,3,,,,
n2454871454,Парканы,4.627,,21,,,OUTSIDE_DISTANCE_UNAVAILABLE,3,,,,
n2454871455,Парканы,4.643,,21,,,OUTSIDE_DISTANCE_UNAVAILABLE,3,,,,
n2454871456,Парканы,4.659,,21,,,OUTSIDE_DISTANCE_UNAVAILABLE,3,,,,
n2454871457,Парканы,4.676,,21,,,OUTSIDE_DISTANCE_UNAVAILABLE,3,,,,
n2454871458,Парканы,4.694,,21,,,OUTSIDE_DISTANCE_UNAVAILABLE,3,,,,
n2454871459,Парканы,4.715,,21,,,OUTSIDE_DISTANCE_UNAVAILABLE,3,,,,
n2454871460,Парканы,4.737,,21,,,OUTSIDE_DISTANCE_UNAVAILABLE,3,,,,
n2454871461,Парканы,4.466,,20,,,OUTSIDE_DISTANCE_UNAVAILABLE,3,,,,
n2454871462,Парканы,4.488,,20,,,OUTSIDE_DISTANCE_UNAVAILABLE,3,,,,
n2454871463,Парканы,4.137,,19,,,OUTSIDE_DISTANCE_UNAVAILABLE,3,,,,
n2454871464,Парканы,4.158,,19,,,OUTSIDE_DISTANCE_UNAVAILABLE,3,,,,
n2454871465,Парканы,4.197,,19,,,OUTSIDE_DISTANCE_UNAVAILABLE,3,,,,
n2454871466,Парканы,4.176,,19,,,OUTSIDE_DISTANCE_UNAVAILABLE,3,,,,
n2454871467,Парканы,4.221,,19,,,OUTSIDE_DISTANCE_UNAVAILABLE,3,,,,
n2454871468,Парканы,4.242,,19,,,OUTSIDE_DISTANCE_UNAVAILABLE,3,,,,
n2454871469,Парканы,4.259,,20,,,OUTSIDE_DISTANCE_UNAVAILABLE,3,,,,
n2454871470,Парканы,4.281,,20,,,OUTSIDE_DISTANCE_UNAVAILABLE,3,,,,
n2454871471,Парканы,4.31,,20,,,OUTSIDE_DISTANCE_UNAVAILABLE,3,,,,
n2454871472,Парканы,4.335,,20,,,OUTSIDE_DISTANCE_UNAVAILABLE,3,,,,
n2454871473,Парканы,4.356,,20,,,OUTSIDE_DISTANCE_UNAVAILABLE,3,,,,
n2454871474,Парканы,4.373,,20,,,OUTSIDE_DISTANCE_UNAVAILABLE,3,,,,
n2454871475,Парканы,4.391,,20,,,OUTSIDE_DISTANCE_UNAVAILABLE,3,,,,
n2454871476,Парканы,4.411,,20,,,OUTSIDE_DISTANCE_UNAVAILABLE,3,,,,
n2454871477,Парканы,4.429,,20,,,OUTSIDE_DISTANCE_UNAVAILABLE,3,,,,
n2454871478,Парканы,4.447,,20,,,OUTSIDE_DISTANCE_UNAVAILABLE,3,,,,
n2454871479,Парканы,4.509,,21,,,OUTSIDE_DISTANCE_UNAVAILABLE,3,,,,
n2454871480,Парканы,4.536,,21,,,OUTSIDE_DISTANCE_UNAVAILABLE,3,,,,
n2454871481,Парканы,4.561,,21,,,OUTSIDE_DISTANCE_UNAVAILABLE,3,,,,
n2454871482,Парканы,4.591,,21,,,OUTSIDE_DISTANCE_UNAVAILABLE,3,,,,
n2454871483,Парканы,4.61,,21,,,OUTSIDE_DISTANCE_UNAVAILABLE,3,,,,
n2454871484,Парканы,4.63,,21,,,OUTSIDE_DISTANCE_UNAVAILABLE,3,,,,
n2454871485,Парканы,4.651,,21,,,OUTSIDE_DISTANCE_UNAVAILABLE,3,,,,
n2454871486,Парканы,4.674,,21,,,OUTSIDE_DISTANCE_UNAVAILABLE,3,,,,
n2454871487,Парканы,4.693,,21,,,OUTSIDE_DISTANCE_UNAVAILABLE,3,,,,
n2454871488,Парканы,4.88,,22,,,OUTSIDE_DISTANCE_UNAVAILABLE,3,,,,
n2454873363,Парканы,4.813,,22,,,OUTSIDE_DISTANCE_UNAVAILABLE,3,,,,
n2454873364,Парканы,4.83,,22,,,OUTSIDE_DISTANCE_UNAVAILABLE,3,,,,
n2454873365,Парканы,4.845,,22,,,OUTSIDE_DISTANCE_UNAVAILABLE,3,,,,
n2454873366,Парканы,4.863,,22,,,OUTSIDE_DISTANCE_UNAVAILABLE,3,,,,
n2454873367,Парканы,4.898,,22,,,OUTSIDE_DISTANCE_UNAVAILABLE,3,,,,
n2454873368,Парканы,4.915,,22,,,OUTSIDE_DISTANCE_UNAVAILABLE,3,,,,
n2454873369,Парканы,4.935,,22,,,OUTSIDE_DISTANCE_UNAVAILABLE,3,,,,
n2454873370,Парканы,4.951,,22,,,OUTSIDE_DISTANCE_UNAVAILABLE,3,,,,
n2454873371,Парканы,4.967,,22,,,OUTSIDE_DISTANCE_UNAVAILABLE,3,,,,
n2454873372,Парканы,4.985,,22,,,OUTSIDE_DISTANCE_UNAVAILABLE,3,,,,
n2454873373,Парканы,5.006,,23,,,OUTSIDE_DISTANCE_UNAVAILABLE,3,,,,
n2454873374,Парканы,5.025,,23,,,OUTSIDE_DISTANCE_UNAVAILABLE,3,,,,
n2454873375,Парканы,5.074,,23,,,OUTSIDE_DISTANCE_UNAVAILABLE,3,,,,
n2454873376,Парканы,5.044,,23,,,OUTSIDE_DISTANCE_UNAVAILABLE,3,,,,
n2454873377,Парканы,5.059,,23,,,OUTSIDE_DISTANCE_UNAVAILABLE,3,,,,
n2454873378,Парканы,5.086,,23,,,OUTSIDE_DISTANCE_UNAVAILABLE,3,,,,
n2454873379,Парканы,5.106,,23,,,OUTSIDE_DISTANCE_UNAVAILABLE,3,,,,
n2454873380,Парканы,5.122,,23,,,OUTSIDE_DISTANCE_UNAVAILABLE,3,,,,
n2454873381,Парканы,5.135,,23,,,OUTSIDE_DISTANCE_UNAVAILABLE,3,,,,
n2454873382,Парканы,5.15,,23,,,OUTSIDE_DISTANCE_UNAVAILABLE,3,,,,
n2454873383,Парканы,5.163,,23,,,OUTSIDE_DISTANCE_UNAVAILABLE,3,,,,
n2454873384,Парканы,5.178,,23,,,OUTSIDE_DISTANCE_UNAVAILABLE,3,,,,
n2454873385,Парканы,5.195,,23,,,OUTSIDE_DISTANCE_UNAVAILABLE,3,,,,
n2454873386,Парканы,5.211,,23,,,OUTSIDE_DISTANCE_UNAVAILABLE,3,,,,
n2454873387,Парканы,5.226,,23,,,OUTSIDE_DISTANCE_UNAVAILABLE,3,,,,
n2454873388,Парканы,5.242,,23,,,OUTSIDE_DISTANCE_UNAVAILABLE,3,,,,
n2454873389,Парканы,5.257,,24,,,OUTSIDE_DISTANCE_UNAVAILABLE,3,,,,
n2454873390,Парканы,5.274,,24,,,OUTSIDE_DISTANCE_UNAVAILABLE,3,,,,
n2454873391,Парканы,5.29,,24,,,OUTSIDE_DISTANCE_UNAVAILABLE,3,,,,
n2454873392,Парканы,5.309,,24,,,OUTSIDE_DISTANCE_UNAVAILABLE,3,,,,
n2454873393,Парканы,5.332,,24,,,OUTSIDE_DISTANCE_UNAVAILABLE,3,,,,
n2454873394,Парканы,5.351,,24,,,OUTSIDE_DISTANCE_UNAVAILABLE,3,,,,
n2454873395,Парканы,5.37,,24,,,OUTSIDE_DISTANCE_UNAVAILABLE,3,,,,
n2455020886,Парканы,4.815,,22,,,OUTSIDE_DISTANCE_UNAVAILABLE,3,,,,
n2455020887,Парканы,4.834,,22,,,OUTSIDE_DISTANCE_UNAVAILABLE,3,,,,
n2455020888,Парканы,4.852,,22,,,OUTSIDE_DISTANCE_UNAVAILABLE,3,,,,
n2455020889,Парканы,4.868,,22,,,OUTSIDE_DISTANCE_UNAVAILABLE,3,,,,
n2455020890,Парканы,4.884,,22,,,OUTSIDE_DISTANCE_UNAVAILABLE,3,,,,
n2455020891,Парканы,4.902,,22,,,OUTSIDE_DISTANCE_UNAVAILABLE,3,,,,
n2455020892,Парканы,4.918,,22,,,OUTSIDE_DISTANCE_UNAVAILABLE,3,,,,
n2455020893,Парканы,4.935,,22,,,OUTSIDE_DISTANCE_UNAVAILABLE,3,,,,
n2455020894,Парканы,4.952,,22,,,OUTSIDE_DISTANCE_UNAVAILABLE,3,,,,
n2455020895,Парканы,4.969,,22,,,OUTSIDE_DISTANCE_UNAVAILABLE,3,,,,
n2455020896,Парканы,4.987,,22,,,OUTSIDE_DISTANCE_UNAVAILABLE,3,,,,
n2455020897,Парканы,5.003,,23,,,OUTSIDE_DISTANCE_UNAVAILABLE,3,,,,
n2455020898,Парканы,5.022,,23,,,OUTSIDE_DISTANCE_UNAVAILABLE,3,,,,
n2455020899,Парканы,5.036,,23,,,OUTSIDE_DISTANCE_UNAVAILABLE,3,,,,
n2455020900,Парканы,5.05,,23,,,OUTSIDE_DISTANCE_UNAVAILABLE,3,,,,
n2455020901,Парканы,5.066,,23,,,OUTSIDE_DISTANCE_UNAVAILABLE,3,,,,
n2455020902,Парканы,5.083,,23,,,OUTSIDE_DISTANCE_UNAVAILABLE,3,,,,
n2455020903,Парканы,5.1,,23,,,OUTSIDE_DISTANCE_UNAVAILABLE,3,,,,
n2455020904,Парканы,5.117,,23,,,OUTSIDE_DISTANCE_UNAVAILABLE,3,,,,
n2455020905,Парканы,5.138,,23,,,OUTSIDE_DISTANCE_UNAVAILABLE,3,,,,
n2455020906,Парканы,5.161,,23,,,OUTSIDE_DISTANCE_UNAVAILABLE,3,,,,
n2455020907,Парканы,5.375,,24,,,OUTSIDE_DISTANCE_UNAVAILABLE,3,,,,
n2456715975,Парканы,5.186,,23,,,OUTSIDE_DISTANCE_UNAVAILABLE,3,,,,
n2456715976,Парканы,5.209,,23,,,OUTSIDE_DISTANCE_UNAVAILABLE,3,,,,
n2456715977,Парканы,5.233,,23,,,OUTSIDE_DISTANCE_UNAVAILABLE,3,,,,
n2456715978,Парканы,5.261,,24,,,OUTSIDE_DISTANCE_UNAVAILABLE,3,,,,
n2456715979,Парканы,5.285,,24,,,OUTSIDE_DISTANCE_UNAVAILABLE,3,,,,
n2456715980,Парканы,5.309,,24,,,OUTSIDE_DISTANCE_UNAVAILABLE,3,,,,
n2456715981,Парканы,5.334,,24,,,OUTSIDE_DISTANCE_UNAVAILABLE,3,,,,
n2456715983,Парканы,5.355,,24,,,OUTSIDE_DISTANCE_UNAVAILABLE,3,,,,
n2456752022,Парканы,4.99,,22,,,OUTSIDE_DISTANCE_UNAVAILABLE,3,,,,
n2456752023,Парканы,5.012,,23,,,OUTSIDE_DISTANCE_UNAVAILABLE,3,,,,
n2456752024,Парканы,5.034,,23,,,OUTSIDE_DISTANCE_UNAVAILABLE,3,,,,
n2456752025,Парканы,5.057,,23,,,OUTSIDE_DISTANCE_UNAVAILABLE,3,,,,
n2456772549,Парканы,3.623,,17,,,OUTSIDE_DISTANCE_UNAVAILABLE,2,,,,
n2456772554,Парканы,3.646,,17,,,OUTSIDE_DISTANCE_UNAVAILABLE,2,,,,
n2456772555,Парканы,3.668,,17,,,OUTSIDE_DISTANCE_UNAVAILABLE,2,,,,
n2456772556,Парканы,3.687,,17,,,OUTSIDE_DISTANCE_UNAVAILABLE,2,,,,
n2456772557,Парканы,3.704,,17,,,OUTSIDE_DISTANCE_UNAVAILABLE,2,,,,
n2456772558,Парканы,3.719,,17,,,OUTSIDE_DISTANCE_UNAVAILABLE,2,,,,
n2456772559,Парканы,3.736,,17,,,OUTSIDE_DISTANCE_UNAVAILABLE,2,,,,
n2456772562,Парканы,3.787,,18,,,OUTSIDE_DISTANCE_UNAVAILABLE,2,,,,
n2456772564,Парканы,3.824,,18,,,OUTSIDE_DISTANCE_UNAVAILABLE,2,,,,
n2456772566,Парканы,3.844,,18,,,OUTSIDE_DISTANCE_UNAVAILABLE,2,,,,
n2456772567,Парканы,3.865,,18,,,OUTSIDE_DISTANCE_UNAVAILABLE,2,,,,
n2456772568,Парканы,3.884,,18,,,OUTSIDE_DISTANCE_UNAVAILABLE,2,,,,
n2456772569,Парканы,3.9,,18,,,OUTSIDE_DISTANCE_UNAVAILABLE,2,,,,
n2456772570,Парканы,3.916,,18,,,OUTSIDE_DISTANCE_UNAVAILABLE,2,,,,
n2456772571,Парканы,3.936,,18,,,OUTSIDE_DISTANCE_UNAVAILABLE,2,,,,
n2457246729,Парканы,3.628,,17,,,OUTSIDE_DISTANCE_UNAVAILABLE,2,,,,
n2457246735,Парканы,3.647,,17,,,OUTSIDE_DISTANCE_UNAVAILABLE,2,,,,
n2457246740,Парканы,3.671,,17,,,OUTSIDE_DISTANCE_UNAVAILABLE,2,,,,
n2457246745,Парканы,3.695,,17,,,OUTSIDE_DISTANCE_UNAVAILABLE,2,,,,
n2457246751,Парканы,3.713,,17,,,OUTSIDE_DISTANCE_UNAVAILABLE,2,,,,
n2457246755,Парканы,3.732,,17,,,OUTSIDE_DISTANCE_UNAVAILABLE,2,,,,
n2457246760,Парканы,3.753,,18,,,OUTSIDE_DISTANCE_UNAVAILABLE,2,,,,
n2457246765,Парканы,3.769,,18,,,OUTSIDE_DISTANCE_UNAVAILABLE,2,,,,
n2457246771,Парканы,3.788,,18,,,OUTSIDE_DISTANCE_UNAVAILABLE,2,,,,
n2457246784,Парканы,3.805,,18,,,OUTSIDE_DISTANCE_UNAVAILABLE,2,,,,
n2457246789,Парканы,3.825,,18,,,OUTSIDE_DISTANCE_UNAVAILABLE,2,,,,
n2457246795,Парканы,3.845,,18,,,OUTSIDE_DISTANCE_UNAVAILABLE,2,,,,
n2457246799,Парканы,3.866,,18,,,OUTSIDE_DISTANCE_UNAVAILABLE,2,,,,
n2457246804,Парканы,3.887,,18,,,OUTSIDE_DISTANCE_UNAVAILABLE,2,,,,
n2457246810,Парканы,3.905,,18,,,OUTSIDE_DISTANCE_UNAVAILABLE,2,,,,
n2457278414,Парканы,4.31,,20,,,OUTSIDE_DISTANCE_UNAVAILABLE,3,,,,
n2457278418,Парканы,4.015,,19,,,OUTSIDE_DISTANCE_UNAVAILABLE,2,,,,
n2457278422,Парканы,4.034,,19,,,OUTSIDE_DISTANCE_UNAVAILABLE,2,,,,
n2457278425,Парканы,4.056,,19,,,OUTSIDE_DISTANCE_UNAVAILABLE,3,,,,
n2457278432,Парканы,4.101,,19,,,OUTSIDE_DISTANCE_UNAVAILABLE,3,,,,
n2457278435,Парканы,4.12,,19,,,OUTSIDE_DISTANCE_UNAVAILABLE,3,,,,
n2457278439,Парканы,4.143,,19,,,OUTSIDE_DISTANCE_UNAVAILABLE,3,,,,
n2457278442,Парканы,4.167,,19,,,OUTSIDE_DISTANCE_UNAVAILABLE,3,,,,
n2457278445,Парканы,4.189,,19,,,OUTSIDE_DISTANCE_UNAVAILABLE,3,,,,
n2457278452,Парканы,4.232,,19,,,OUTSIDE_DISTANCE_UNAVAILABLE,3,,,,
n2457278455,Парканы,4.251,,20,,,OUTSIDE_DISTANCE_UNAVAILABLE,3,,,,
n2457278458,Парканы,4.272,,20,,,OUTSIDE_DISTANCE_UNAVAILABLE,3,,,,
n2457394273,Парканы,4.33,,20,,,OUTSIDE_DISTANCE_UNAVAILABLE,3,,,,
n2457394278,Парканы,4.354,,20,,,OUTSIDE_DISTANCE_UNAVAILABLE,3,,,,
n2457394283,Парканы,4.373,,20,,,OUTSIDE_DISTANCE_UNAVAILABLE,3,,,,
n2457394287,Парканы,4.398,,20,,,OUTSIDE_DISTANCE_UNAVAILABLE,3,,,,
n2457394293,Парканы,4.422,,20,,,OUTSIDE_DISTANCE_UNAVAILABLE,3,,,,
n2457394299,Парканы,4.449,,20,,,OUTSIDE_DISTANCE_UNAVAILABLE,3,,,,
n2457394304,Парканы,4.478,,20,,,OUTSIDE_DISTANCE_UNAVAILABLE,3,,,,
n2457394309,Парканы,4.503,,21,,,OUTSIDE_DISTANCE_UNAVAILABLE,3,,,,
n2457394314,Парканы,4.526,,21,,,OUTSIDE_DISTANCE_UNAVAILABLE,3,,,,
n2457394318,Парканы,4.596,,21,,,OUTSIDE_DISTANCE_UNAVAILABLE,3,,,,
n2457394323,Парканы,4.513,,21,,,OUTSIDE_DISTANCE_UNAVAILABLE,3,,,,
n2457394325,Парканы,4.56,,21,,,OUTSIDE_DISTANCE_UNAVAILABLE,3,,,,
n2457402037,Парканы,4.284,,20,,,OUTSIDE_DISTANCE_UNAVAILABLE,3,,,,
n2457402046,Парканы,4.013,,19,,,OUTSIDE_DISTANCE_UNAVAILABLE,2,,,,
n2457402049,Парканы,4.034,,19,,,OUTSIDE_DISTANCE_UNAVAILABLE,2,,,,
n2457402052,Парканы,4.052,,19,,,OUTSIDE_DISTANCE_UNAVAILABLE,2,,,,
n2457402055,Парканы,4.071,,19,,,OUTSIDE_DISTANCE_UNAVAILABLE,3,,,,
n2457402059,Парканы,4.091,,19,,,OUTSIDE_DISTANCE_UNAVAILABLE,3,,,,
n2457402062,Парканы,4.109,,19,,,OUTSIDE_DISTANCE_UNAVAILABLE,3,,,,
n2457402065,Парканы,4.132,,19,,,OUTSIDE_DISTANCE_UNAVAILABLE,3,,,,
n2457402068,Парканы,4.15,,19,,,OUTSIDE_DISTANCE_UNAVAILABLE,3,,,,
n2457402072,Парканы,4.17,,19,,,OUTSIDE_DISTANCE_UNAVAILABLE,3,,,,
n2457402075,Парканы,4.193,,19,,,OUTSIDE_DISTANCE_UNAVAILABLE,3,,,,
n2457402078,Парканы,4.214,,19,,,OUTSIDE_DISTANCE_UNAVAILABLE,3,,,,
n2457402081,Парканы,4.237,,19,,,OUTSIDE_DISTANCE_UNAVAILABLE,3,,,,
n2457402085,Парканы,4.258,,20,,,OUTSIDE_DISTANCE_UNAVAILABLE,3,,,,
n2457441177,Парканы,4.306,,20,,,OUTSIDE_DISTANCE_UNAVAILABLE,3,,,,
n2457441182,Парканы,4.332,,20,,,OUTSIDE_DISTANCE_UNAVAILABLE,3,,,,
n2457441187,Парканы,4.348,,20,,,OUTSIDE_DISTANCE_UNAVAILABLE,3,,,,
n2457441194,Парканы,4.368,,20,,,OUTSIDE_DISTANCE_UNAVAILABLE,3,,,,
n2457441219,Парканы,4.463,,20,,,OUTSIDE_DISTANCE_UNAVAILABLE,3,,,,
n2457441225,Парканы,4.481,,20,,,OUTSIDE_DISTANCE_UNAVAILABLE,3,,,,
n2457441236,Парканы,4.507,,21,,,OUTSIDE_DISTANCE_UNAVAILABLE,3,,,,
n2457441241,Парканы,4.523,,21,,,OUTSIDE_DISTANCE_UNAVAILABLE,3,,,,
n2457441247,Парканы,4.54,,21,,,OUTSIDE_DISTANCE_UNAVAILABLE,3,,,,
n2457441252,Парканы,4.551,,21,,,OUTSIDE_DISTANCE_UNAVAILABLE,3,,,,
n2457441257,Парканы,4.571,,21,,,OUTSIDE_DISTANCE_UNAVAILABLE,3,,,,
n2457441262,Парканы,4.588,,21,,,OUTSIDE_DISTANCE_UNAVAILABLE,3,,,,
n2457441265,Парканы,4.604,,21,,,OUTSIDE_DISTANCE_UNAVAILABLE,3,,,,
n2457441268,Парканы,4.621,,21,,,OUTSIDE_DISTANCE_UNAVAILABLE,3,,,,
n2457441274,Парканы,4.49,,20,,,OUTSIDE_DISTANCE_UNAVAILABLE,3,,,,
n2457441279,Парканы,4.468,,20,,,OUTSIDE_DISTANCE_UNAVAILABLE,3,,,,
n2457441297,Парканы,4.765,,22,,,OUTSIDE_DISTANCE_UNAVAILABLE,3,,,,
n2457441302,Парканы,4.78,,22,,,OUTSIDE_DISTANCE_UNAVAILABLE,3,,,,
n2457441307,Парканы,4.8,,22,,,OUTSIDE_DISTANCE_UNAVAILABLE,3,,,,
n2457441312,Парканы,4.821,,22,,,OUTSIDE_DISTANCE_UNAVAILABLE,3,,,,
n2457441317,Парканы,4.857,,22,,,OUTSIDE_DISTANCE_UNAVAILABLE,3,,,,
n2457441322,Парканы,4.824,,22,,,OUTSIDE_DISTANCE_UNAVAILABLE,3,,,,
n2457441327,Парканы,4.562,,21,,,OUTSIDE_DISTANCE_UNAVAILABLE,3,,,,
n2457441332,Парканы,4.588,,21,,,OUTSIDE_DISTANCE_UNAVAILABLE,3,,,,
n2457441338,Парканы,4.607,,21,,,OUTSIDE_DISTANCE_UNAVAILABLE,3,,,,
n2457441342,Парканы,4.627,,21,,,OUTSIDE_DISTANCE_UNAVAILABLE,3,,,,
n2457441347,Парканы,4.646,,21,,,OUTSIDE_DISTANCE_UNAVAILABLE,3,,,,
n2457441352,Парканы,4.666,,21,,,OUTSIDE_DISTANCE_UNAVAILABLE,3,,,,
n2457441356,Парканы,4.684,,21,,,OUTSIDE_DISTANCE_UNAVAILABLE,3,,,,
n2457441360,Парканы,4.704,,21,,,OUTSIDE_DISTANCE_UNAVAILABLE,3,,,,
n2457441365,Парканы,4.722,,21,,,OUTSIDE_DISTANCE_UNAVAILABLE,3,,,,
n2457441370,Парканы,4.74,,21,,,OUTSIDE_DISTANCE_UNAVAILABLE,3,,,,
n2457441374,Парканы,4.761,,22,,,OUTSIDE_DISTANCE_UNAVAILABLE,3,,,,
n2457441379,Парканы,4.781,,22,,,OUTSIDE_DISTANCE_UNAVAILABLE,3,,,,
n2457441384,Парканы,4.803,,22,,,OUTSIDE_DISTANCE_UNAVAILABLE,3,,,,
n2457458969,Парканы,4.595,,21,,,OUTSIDE_DISTANCE_UNAVAILABLE,3,,,,
n2457458970,Парканы,4.61,,21,,,OUTSIDE_DISTANCE_UNAVAILABLE,3,,,,
n2457458971,Парканы,4.629,,21,,,OUTSIDE_DISTANCE_UNAVAILABLE,3,,,,
n2457458972,Парканы,4.649,,21,,,OUTSIDE_DISTANCE_UNAVAILABLE,3,,,,
n2457458973,Парканы,4.665,,21,,,OUTSIDE_DISTANCE_UNAVAILABLE,3,,,,
n2457458974,Парканы,4.681,,21,,,OUTSIDE_DISTANCE_UNAVAILABLE,3,,,,
n2457458977,Парканы,4.715,,21,,,OUTSIDE_DISTANCE_UNAVAILABLE,3,,,,
n2457458979,Парканы,4.73,,21,,,OUTSIDE_DISTANCE_UNAVAILABLE,3,,,,
n2457458982,Парканы,4.744,,21,,,OUTSIDE_DISTANCE_UNAVAILABLE,3,,,,
n2457458985,Парканы,4.761,,22,,,OUTSIDE_DISTANCE_UNAVAILABLE,3,,,,
n2457458988,Парканы,4.775,,22,,,OUTSIDE_DISTANCE_UNAVAILABLE,3,,,,
n2457458991,Парканы,4.793,,22,,,OUTSIDE_DISTANCE_UNAVAILABLE,3,,,,
n2457458994,Парканы,4.811,,22,,,OUTSIDE_DISTANCE_UNAVAILABLE,3,,,,
n2457458998,Парканы,4.829,,22,,,OUTSIDE_DISTANCE_UNAVAILABLE,3,,,,
n2457459001,Парканы,4.851,,22,,,OUTSIDE_DISTANCE_UNAVAILABLE,3,,,,
n2457459007,Парканы,4.886,,22,,,OUTSIDE_DISTANCE_UNAVAILABLE,3,,,,
n2457459010,Парканы,4.909,,22,,,OUTSIDE_DISTANCE_UNAVAILABLE,3,,,,
n2457459013,Парканы,4.923,,22,,,OUTSIDE_DISTANCE_UNAVAILABLE,3,,,,
n2457459016,Парканы,4.944,,22,,,OUTSIDE_DISTANCE_UNAVAILABLE,3,,,,
n2457459019,Парканы,4.956,,22,,,OUTSIDE_DISTANCE_UNAVAILABLE,3,,,,
n2457459022,Парканы,4.971,,22,,,OUTSIDE_DISTANCE_UNAVAILABLE,3,,,,
n2457459026,Парканы,4.986,,22,,,OUTSIDE_DISTANCE_UNAVAILABLE,3,,,,
n2457459029,Парканы,4.998,,22,,,OUTSIDE_DISTANCE_UNAVAILABLE,3,,,,
n2457459032,Парканы,5.023,,23,,,OUTSIDE_DISTANCE_UNAVAILABLE,3,,,,
n2457459035,Парканы,5.047,,23,,,OUTSIDE_DISTANCE_UNAVAILABLE,3,,,,
n2457459038,Парканы,5.07,,23,,,OUTSIDE_DISTANCE_UNAVAILABLE,3,,,,
n2457459041,Парканы,5.096,,23,,,OUTSIDE_DISTANCE_UNAVAILABLE,3,,,,
n2457459044,Парканы,5.128,,23,,,OUTSIDE_DISTANCE_UNAVAILABLE,3,,,,
n2457459048,Парканы,5.161,,23,,,OUTSIDE_DISTANCE_UNAVAILABLE,3,,,,
n2457490457,Парканы,4.765,,22,,,OUTSIDE_DISTANCE_UNAVAILABLE,3,,,,
n2457490462,Парканы,4.788,,22,,,OUTSIDE_DISTANCE_UNAVAILABLE,3,,,,
n2457490470,Парканы,4.81,,22,,,OUTSIDE_DISTANCE_UNAVAILABLE,3,,,,
n2457490477,Парканы,4.854,,22,,,OUTSIDE_DISTANCE_UNAVAILABLE,3,,,,
n2457490484,Парканы,4.83,,22,,,OUTSIDE_DISTANCE_UNAVAILABLE,3,,,,
n2457490492,Парканы,4.837,,22,,,OUTSIDE_DISTANCE_UNAVAILABLE,3,,,,
n2457490500,Парканы,4.853,,22,,,OUTSIDE_DISTANCE_UNAVAILABLE,3,,,,
n2457490507,Парканы,4.87,,22,,,OUTSIDE_DISTANCE_UNAVAILABLE,3,,,,
n2457490514,Парканы,4.888,,22,,,OUTSIDE_DISTANCE_UNAVAILABLE,3,,,,
n2457490520,Парканы,4.905,,22,,,OUTSIDE_DISTANCE_UNAVAILABLE,3,,,,
n2457490525,Парканы,4.918,,22,,,OUTSIDE_DISTANCE_UNAVAILABLE,3,,,,
n2457490531,Парканы,4.931,,22,,,OUTSIDE_DISTANCE_UNAVAILABLE,3,,,,
n2457490536,Парканы,4.944,,22,,,OUTSIDE_DISTANCE_UNAVAILABLE,3,,,,
n2457490542,Парканы,4.959,,22,,,OUTSIDE_DISTANCE_UNAVAILABLE,3,,,,
n2457490546,Парканы,4.968,,22,,,OUTSIDE_DISTANCE_UNAVAILABLE,3,,,,
n2457490551,Парканы,4.99,,22,,,OUTSIDE_DISTANCE_UNAVAILABLE,3,,,,
n2457490558,Парканы,5.002,,23,,,OUTSIDE_DISTANCE_UNAVAILABLE,3,,,,
n2457490581,Парканы,5.015,,23,,,OUTSIDE_DISTANCE_UNAVAILABLE,3,,,,
n2457490589,Парканы,5.029,,23,,,OUTSIDE_DISTANCE_UNAVAILABLE,3,,,,
n2457490597,Парканы,5.041,,23,,,OUTSIDE_DISTANCE_UNAVAILABLE,3,,,,
n2457490606,Парканы,5.055,,23,,,OUTSIDE_DISTANCE_UNAVAILABLE,3,,,,
n2457490613,Парканы,5.066,,23,,,OUTSIDE_DISTANCE_UNAVAILABLE,3,,,,
n2457490618,Парканы,5.08,,23,,,OUTSIDE_DISTANCE_UNAVAILABLE,3,,,,
n2457490624,Парканы,5.093,,23,,,OUTSIDE_DISTANCE_UNAVAILABLE,3,,,,
n2457490630,Парканы,5.11,,23,,,OUTSIDE_DISTANCE_UNAVAILABLE,3,,,,
n2457490636,Парканы,5.124,,23,,,OUTSIDE_DISTANCE_UNAVAILABLE,3,,,,
n2457490641,Парканы,5.146,,23,,,OUTSIDE_DISTANCE_UNAVAILABLE,3,,,,
n2457490649,Парканы,5.161,,23,,,OUTSIDE_DISTANCE_UNAVAILABLE,3,,,,
n2457490657,Парканы,5.174,,23,,,OUTSIDE_DISTANCE_UNAVAILABLE,3,,,,
n2457490665,Парканы,5.221,,23,,,OUTSIDE_DISTANCE_UNAVAILABLE,3,,,,
n2457490673,Парканы,5.234,,23,,,OUTSIDE_DISTANCE_UNAVAILABLE,3,,,,
n2457490698,Парканы,5.281,,24,,,OUTSIDE_DISTANCE_UNAVAILABLE,3,,,,
n2457490705,Парканы,5.293,,24,,,OUTSIDE_DISTANCE_UNAVAILABLE,3,,,,
n2457490713,Парканы,5.306,,24,,,OUTSIDE_DISTANCE_UNAVAILABLE,3,,,,
n2457490721,Парканы,5.318,,24,,,OUTSIDE_DISTANCE_UNAVAILABLE,3,,,,
n2457490729,Парканы,5.332,,24,,,OUTSIDE_DISTANCE_UNAVAILABLE,3,,,,
n2457490764,Парканы,5.394,,24,,,OUTSIDE_DISTANCE_UNAVAILABLE,3,,,,
n2457518533,Парканы,5.239,,23,,,OUTSIDE_DISTANCE_UNAVAILABLE,3,,,,
n2457518534,Парканы,5.255,,24,,,OUTSIDE_DISTANCE_UNAVAILABLE,3,,,,
n2457518535,Парканы,5.419,,24,,,OUTSIDE_DISTANCE_UNAVAILABLE,3,,,,
n2457518536,Парканы,5.419,,24,,,OUTSIDE_DISTANCE_UNAVAILABLE,3,,,,
n2457518537,Парканы,5.436,,24,,,OUTSIDE_DISTANCE_UNAVAILABLE,3,,,,
n2457518538,Парканы,5.452,,24,,,OUTSIDE_DISTANCE_UNAVAILABLE,3,,,,
n2457518539,Парканы,5.466,,24,,,OUTSIDE_DISTANCE_UNAVAILABLE,3,,,,
n2457518541,Парканы,5.497,,24,,,OUTSIDE_DISTANCE_UNAVAILABLE,3,,,,
n2457518542,Парканы,5.513,,25,,,OUTSIDE_DISTANCE_UNAVAILABLE,3,,,,
n2457518543,Парканы,5.531,,25,,,OUTSIDE_DISTANCE_UNAVAILABLE,3,,,,
n2457518544,Парканы,5.328,,24,,,OUTSIDE_DISTANCE_UNAVAILABLE,3,,,,
n2457518545,Парканы,5.342,,24,,,OUTSIDE_DISTANCE_UNAVAILABLE,3,,,,
n2457518546,Парканы,5.359,,24,,,OUTSIDE_DISTANCE_UNAVAILABLE,3,,,,
n2457518547,Парканы,5.374,,24,,,OUTSIDE_DISTANCE_UNAVAILABLE,3,,,,
n2457518548,Парканы,5.389,,24,,,OUTSIDE_DISTANCE_UNAVAILABLE,3,,,,
n2457518549,Парканы,5.406,,24,,,OUTSIDE_DISTANCE_UNAVAILABLE,3,,,,
n2457518550,Парканы,5.425,,24,,,OUTSIDE_DISTANCE_UNAVAILABLE,3,,,,
n2457518551,Парканы,5.445,,24,,,OUTSIDE_DISTANCE_UNAVAILABLE,3,,,,
n2457518552,Парканы,5.468,,24,,,OUTSIDE_DISTANCE_UNAVAILABLE,3,,,,
n2457518553,Парканы,5.492,,24,,,OUTSIDE_DISTANCE_UNAVAILABLE,3,,,,
n2457518554,Парканы,5.51,,25,,,OUTSIDE_DISTANCE_UNAVAILABLE,3,,,,
n2457518555,Парканы,5.549,,25,,,OUTSIDE_DISTANCE_UNAVAILABLE,4,,,,
n2457518556,Парканы,5.564,,25,,,OUTSIDE_DISTANCE_UNAVAILABLE,4,,,,
n2457518557,Парканы,5.579,,25,,,OUTSIDE_DISTANCE_UNAVAILABLE,4,,,,
n2457518558,Парканы,5.592,,25,,,OUTSIDE_DISTANCE_UNAVAILABLE,4,,,,
n2457518559,Парканы,5.606,,25,,,OUTSIDE_DISTANCE_UNAVAILABLE,4,,,,
n2457518560,Парканы,5.62,,25,,,OUTSIDE_DISTANCE_UNAVAILABLE,4,,,,
n2457518561,Парканы,5.635,,25,,,OUTSIDE_DISTANCE_UNAVAILABLE,4,,,,
n2457518562,Парканы,5.651,,25,,,OUTSIDE_DISTANCE_UNAVAILABLE,4,,,,
n2457518563,Парканы,5.665,,25,,,OUTSIDE_DISTANCE_UNAVAILABLE,4,,,,
n2457566424,Парканы,5.184,,23,,,OUTSIDE_DISTANCE_UNAVAILABLE,3,,,,
n2457566425,Парканы,5.201,,23,,,OUTSIDE_DISTANCE_UNAVAILABLE,3,,,,
n2457566426,Парканы,5.215,,23,,,OUTSIDE_DISTANCE_UNAVAILABLE,3,,,,
n2457566427,Парканы,5.228,,23,,,OUTSIDE_DISTANCE_UNAVAILABLE,3,,,,
n2457566428,Парканы,5.241,,23,,,OUTSIDE_DISTANCE_UNAVAILABLE,3,,,,
n2457566429,Парканы,5.259,,24,,,OUTSIDE_DISTANCE_UNAVAILABLE,3,,,,
n2457566430,Парканы,5.274,,24,,,OUTSIDE_DISTANCE_UNAVAILABLE,3,,,,
n2457566431,Парканы,5.288,,24,,,OUTSIDE_DISTANCE_UNAVAILABLE,3,,,,
n2457566432,Парканы,5.301,,24,,,OUTSIDE_DISTANCE_UNAVAILABLE,3,,,,
n2457566433,Парканы,5.317,,24,,,OUTSIDE_DISTANCE_UNAVAILABLE,3,,,,
n2457566434,Парканы,5.334,,24,,,OUTSIDE_DISTANCE_UNAVAILABLE,3,,,,
n2457566435,Парканы,5.348,,24,,,OUTSIDE_DISTANCE_UNAVAILABLE,3,,,,
n2457566436,Парканы,5.364,,24,,,OUTSIDE_DISTANCE_UNAVAILABLE,3,,,,
n2457566437,Парканы,5.375,,24,,,OUTSIDE_DISTANCE_UNAVAILABLE,3,,,,
n2457566438,Парканы,5.534,,25,,,OUTSIDE_DISTANCE_UNAVAILABLE,3,,,,
n2457566439,Парканы,5.517,,25,,,OUTSIDE_DISTANCE_UNAVAILABLE,3,,,,
n2457566440,Парканы,5.5,,24,,,OUTSIDE_DISTANCE_UNAVAILABLE,3,,,,
n2457566441,Парканы,5.487,,24,,,OUTSIDE_DISTANCE_UNAVAILABLE,3,,,,
n2457566442,Парканы,5.474,,24,,,OUTSIDE_DISTANCE_UNAVAILABLE,3,,,,
n2457566443,Парканы,5.459,,24,,,OUTSIDE_DISTANCE_UNAVAILABLE,3,,,,
n2457566444,Парканы,5.441,,24,,,OUTSIDE_DISTANCE_UNAVAILABLE,3,,,,
n2457566445,Парканы,5.17,,23,,,OUTSIDE_DISTANCE_UNAVAILABLE,3,,,,
n2457566446,Парканы,5.186,,23,,,OUTSIDE_DISTANCE_UNAVAILABLE,3,,,,
n2457566447,Парканы,5.204,,23,,,OUTSIDE_DISTANCE_UNAVAILABLE,3,,,,
n2457566448,Парканы,5.218,,23,,,OUTSIDE_DISTANCE_UNAVAILABLE,3,,,,
n2457566449,Парканы,5.237,,23,,,OUTSIDE_DISTANCE_UNAVAILABLE,3,,,,
n2457566451,Парканы,5.271,,24,,,OUTSIDE_DISTANCE_UNAVAILABLE,3,,,,
n2457566452,Парканы,5.289,,24,,,OUTSIDE_DISTANCE_UNAVAILABLE,3,,,,
n2457566453,Парканы,5.306,,24,,,OUTSIDE_DISTANCE_UNAVAILABLE,3,,,,
n2457566454,Парканы,5.321,,24,,,OUTSIDE_DISTANCE_UNAVAILABLE,3,,,,
n2457566455,Парканы,5.338,,24,,,OUTSIDE_DISTANCE_UNAVAILABLE,3,,,,
n2457566456,Парканы,5.356,,24,,,OUTSIDE_DISTANCE_UNAVAILABLE,3,,,,
n2457566457,Парканы,5.371,,24,,,OUTSIDE_DISTANCE_UNAVAILABLE,3,,,,
n2457566458,Парканы,5.531,,25,,,OUTSIDE_DISTANCE_UNAVAILABLE,3,,,,
n2457566459,Парканы,5.517,,25,,,OUTSIDE_DISTANCE_UNAVAILABLE,3,,,,
n2457566460,Парканы,5.5,,24,,,OUTSIDE_DISTANCE_UNAVAILABLE,3,,,,
n2457566461,Парканы,5.485,,24,,,OUTSIDE_DISTANCE_UNAVAILABLE,3,,,,
n2457566462,Парканы,5.468,,24,,,OUTSIDE_DISTANCE_UNAVAILABLE,3,,,,
n2457583288,Парканы,4.782,,22,,,OUTSIDE_DISTANCE_UNAVAILABLE,3,,,,
n2457583290,Парканы,4.806,,22,,,OUTSIDE_DISTANCE_UNAVAILABLE,3,,,,
n2457583291,Парканы,4.819,,22,,,OUTSIDE_DISTANCE_UNAVAILABLE,3,,,,
n2457583292,Парканы,4.831,,22,,,OUTSIDE_DISTANCE_UNAVAILABLE,3,,,,
n2457583293,Парканы,4.85,,22,,,OUTSIDE_DISTANCE_UNAVAILABLE,3,,,,
n2457583294,Парканы,4.866,,22,,,OUTSIDE_DISTANCE_UNAVAILABLE,3,,,,
n2457583295,Парканы,4.881,,22,,,OUTSIDE_DISTANCE_UNAVAILABLE,3,,,,
n2457583296,Парканы,5.067,,23,,,OUTSIDE_DISTANCE_UNAVAILABLE,3,,,,
n2457583297,Парканы,5.051,,23,,,OUTSIDE_DISTANCE_UNAVAILABLE,3,,,,
n2457583298,Парканы,5.032,,23,,,OUTSIDE_DISTANCE_UNAVAILABLE,3,,,,
n2457583300,Парканы,5.086,,23,,,OUTSIDE_DISTANCE_UNAVAILABLE,3,,,,
n2457583301,Парканы,5.068,,23,,,OUTSIDE_DISTANCE_UNAVAILABLE,3,,,,
n2457583303,Парканы,4.921,,22,,,OUTSIDE_DISTANCE_UNAVAILABLE,3,,,,
n2457583304,Парканы,4.955,,22,,,OUTSIDE_DISTANCE_UNAVAILABLE,3,,,,
n2457583305,Парканы,5.0,,22,,,OUTSIDE_DISTANCE_UNAVAILABLE,3,,,,
n2457583306,Парканы,5.021,,23,,,OUTSIDE_DISTANCE_UNAVAILABLE,3,,,,
n2457583307,Парканы,4.706,,21,,,OUTSIDE_DISTANCE_UNAVAILABLE,3,,,,
n2457583308,Парканы,4.723,,21,,,OUTSIDE_DISTANCE_UNAVAILABLE,3,,,,
n2457583309,Парканы,4.74,,21,,,OUTSIDE_DISTANCE_UNAVAILABLE,3,,,,
n2457583311,Парканы,4.774,,22,,,OUTSIDE_DISTANCE_UNAVAILABLE,3,,,,
n2457583312,Парканы,4.791,,22,,,OUTSIDE_DISTANCE_UNAVAILABLE,3,,,,
n2457583313,Парканы,4.809,,22,,,OUTSIDE_DISTANCE_UNAVAILABLE,3,,,,
n2457583314,Парканы,4.827,,22,,,OUTSIDE_DISTANCE_UNAVAILABLE,3,,,,
n2457583315,Парканы,4.844,,22,,,OUTSIDE_DISTANCE_UNAVAILABLE,3,,,,
n2457583316,Парканы,4.861,,22,,,OUTSIDE_DISTANCE_UNAVAILABLE,3,,,,
n2457583317,Парканы,4.878,,22,,,OUTSIDE_DISTANCE_UNAVAILABLE,3,,,,
n2457583318,Парканы,4.899,,22,,,OUTSIDE_DISTANCE_UNAVAILABLE,3,,,,
n2457583319,Парканы,4.896,,22,,,OUTSIDE_DISTANCE_UNAVAILABLE,3,,,,
n2457583320,Парканы,4.604,,21,,,OUTSIDE_DISTANCE_UNAVAILABLE,3,,,,
n2457583321,Парканы,4.57,,21,,,OUTSIDE_DISTANCE_UNAVAILABLE,3,,,,
n2457583322,Парканы,4.589,,21,,,OUTSIDE_DISTANCE_UNAVAILABLE,3,,,,
n2457583323,Парканы,4.607,,21,,,OUTSIDE_DISTANCE_UNAVAILABLE,3,,,,
n2457583324,Парканы,4.626,,21,,,OUTSIDE_DISTANCE_UNAVAILABLE,3,,,,
n2457583325,Парканы,4.644,,21,,,OUTSIDE_DISTANCE_UNAVAILABLE,3,,,,
n2457583326,Парканы,4.661,,21,,,OUTSIDE_DISTANCE_UNAVAILABLE,3,,,,
n2457583327,Парканы,4.675,,21,,,OUTSIDE_DISTANCE_UNAVAILABLE,3,,,,
n2457583328,Парканы,4.691,,21,,,OUTSIDE_DISTANCE_UNAVAILABLE,3,,,,
n2457583329,Парканы,4.708,,21,,,OUTSIDE_DISTANCE_UNAVAILABLE,3,,,,
n2457584903,Парканы,4.344,,20,,,OUTSIDE_DISTANCE_UNAVAILABLE,3,,,,
n2457584904,Парканы,4.374,,20,,,OUTSIDE_DISTANCE_UNAVAILABLE,3,,,,
n2457584906,Парканы,4.422,,20,,,OUTSIDE_DISTANCE_UNAVAILABLE,3,,,,
n2457584907,Парканы,4.424,,20,,,OUTSIDE_DISTANCE_UNAVAILABLE,3,,,,
n2457584908,Парканы,4.443,,20,,,OUTSIDE_DISTANCE_UNAVAILABLE,3,,,,
n2457584909,Парканы,4.515,,21,,,OUTSIDE_DISTANCE_UNAVAILABLE,3,,,,
n2457584910,Парканы,4.498,,20,,,OUTSIDE_DISTANCE_UNAVAILABLE,3,,,,
n2457584911,Парканы,4.482,,20,,,OUTSIDE_DISTANCE_UNAVAILABLE,3,,,,
n2457584912,Парканы,4.463,,20,,,OUTSIDE_DISTANCE_UNAVAILABLE,3,,,,
n2457584913,Парканы,4.44,,20,,,OUTSIDE_DISTANCE_UNAVAILABLE,3,,,,
n2457584914,Парканы,4.518,,21,,,OUTSIDE_DISTANCE_UNAVAILABLE,3,,,,
n2457584915,Парканы,4.505,,21,,,OUTSIDE_DISTANCE_UNAVAILABLE,3,,,,
n2457584916,Парканы,4.485,,20,,,OUTSIDE_DISTANCE_UNAVAILABLE,3,,,,
n2457584917,Парканы,4.465,,20,,,OUTSIDE_DISTANCE_UNAVAILABLE,3,,,,
n2457584918,Парканы,4.448,,20,,,OUTSIDE_DISTANCE_UNAVAILABLE,3,,,,
n2457584919,Парканы,4.429,,20,,,OUTSIDE_DISTANCE_UNAVAILABLE,3,,,,
n2457584920,Парканы,4.41,,20,,,OUTSIDE_DISTANCE_UNAVAILABLE,3,,,,
n2457584921,Парканы,4.322,,20,,,OUTSIDE_DISTANCE_UNAVAILABLE,3,,,,
n2457584922,Парканы,4.339,,20,,,OUTSIDE_DISTANCE_UNAVAILABLE,3,,,,
n2457584923,Парканы,4.355,,20,,,OUTSIDE_DISTANCE_UNAVAILABLE,3,,,,
n2457584924,Парканы,4.37,,20,,,OUTSIDE_DISTANCE_UNAVAILABLE,3,,,,
n2457584925,Парканы,4.386,,20,,,OUTSIDE_DISTANCE_UNAVAILABLE,3,,,,
n2457584926,Парканы,4.031,,19,,,OUTSIDE_DISTANCE_UNAVAILABLE,2,,,,
n2457584927,Парканы,4.046,,19,,,OUTSIDE_DISTANCE_UNAVAILABLE,3,,,,
n2457584928,Парканы,4.061,,19,,,OUTSIDE_DISTANCE_UNAVAILABLE,3,,,,
n2457584929,Парканы,4.078,,19,,,OUTSIDE_DISTANCE_UNAVAILABLE,3,,,,
n2457584930,Парканы,4.095,,19,,,OUTSIDE_DISTANCE_UNAVAILABLE,3,,,,
n2457584931,Парканы,4.111,,19,,,OUTSIDE_DISTANCE_UNAVAILABLE,3,,,,
n2457584932,Парканы,4.129,,19,,,OUTSIDE_DISTANCE_UNAVAILABLE,3,,,,
n2457584933,Парканы,4.147,,19,,,OUTSIDE_DISTANCE_UNAVAILABLE,3,,,,
n2457584934,Парканы,4.163,,19,,,OUTSIDE_DISTANCE_UNAVAILABLE,3,,,,
n2457584935,Парканы,4.178,,19,,,OUTSIDE_DISTANCE_UNAVAILABLE,3,,,,
n2457584936,Парканы,4.194,,19,,,OUTSIDE_DISTANCE_UNAVAILABLE,3,,,,
n2457584937,Парканы,4.21,,19,,,OUTSIDE_DISTANCE_UNAVAILABLE,3,,,,
n2457584938,Парканы,4.227,,19,,,OUTSIDE_DISTANCE_UNAVAILABLE,3,,,,
n2457584939,Парканы,4.244,,19,,,OUTSIDE_DISTANCE_UNAVAILABLE,3,,,,
n2457584940,Парканы,4.26,,20,,,OUTSIDE_DISTANCE_UNAVAILABLE,3,,,,
n2457586634,Парканы,3.181,,15,,,OUTSIDE_DISTANCE_UNAVAILABLE,2,,,,
n2457586635,Парканы,3.199,,15,,,OUTSIDE_DISTANCE_UNAVAILABLE,2,,,,
n2457586636,Парканы,3.214,,15,,,OUTSIDE_DISTANCE_UNAVAILABLE,2,,,,
n2457586637,Парканы,3.23,,15,,,OUTSIDE_DISTANCE_UNAVAILABLE,2,,,,
n2457586638,Парканы,3.247,,15,,,OUTSIDE_DISTANCE_UNAVAILABLE,2,,,,
n2457586639,Парканы,3.267,,16,,,OUTSIDE_DISTANCE_UNAVAILABLE,2,,,,
n2457586640,Парканы,3.281,,16,,,OUTSIDE_DISTANCE_UNAVAILABLE,2,,,,
n2457586641,Парканы,3.294,,16,,,OUTSIDE_DISTANCE_UNAVAILABLE,2,,,,
n2457586642,Парканы,3.307,,16,,,OUTSIDE_DISTANCE_UNAVAILABLE,2,,,,
n2457586643,Парканы,3.321,,16,,,OUTSIDE_DISTANCE_UNAVAILABLE,2,,,,
n2457586644,Парканы,3.333,,16,,,OUTSIDE_DISTANCE_UNAVAILABLE,2,,,,
n2457586645,Парканы,3.35,,16,,,OUTSIDE_DISTANCE_UNAVAILABLE,2,,,,
n2457586646,Парканы,3.365,,16,,,OUTSIDE_DISTANCE_UNAVAILABLE,2,,,,
n2457586648,Парканы,3.394,,16,,,OUTSIDE_DISTANCE_UNAVAILABLE,2,,,,
n2457586649,Парканы,3.411,,16,,,OUTSIDE_DISTANCE_UNAVAILABLE,2,,,,
n2457586650,Парканы,3.426,,16,,,OUTSIDE_DISTANCE_UNAVAILABLE,2,,,,
n2457586652,Парканы,3.451,,16,,,OUTSIDE_DISTANCE_UNAVAILABLE,2,,,,
n2457586653,Парканы,3.466,,16,,,OUTSIDE_DISTANCE_UNAVAILABLE,2,,,,
n2457586656,Парканы,3.507,,17,,,OUTSIDE_DISTANCE_UNAVAILABLE,2,,,,
n2457586657,Парканы,3.52,,17,,,OUTSIDE_DISTANCE_UNAVAILABLE,2,,,,
n2457586658,Парканы,3.538,,17,,,OUTSIDE_DISTANCE_UNAVAILABLE,2,,,,
n2457586659,Парканы,3.551,,17,,,OUTSIDE_DISTANCE_UNAVAILABLE,2,,,,
n2457586660,Парканы,3.604,,17,,,OUTSIDE_DISTANCE_UNAVAILABLE,2,,,,
n2457586661,Парканы,3.23,,15,,,OUTSIDE_DISTANCE_UNAVAILABLE,2,,,,
n2457586662,Парканы,3.274,,16,,,OUTSIDE_DISTANCE_UNAVAILABLE,2,,,,
n2457586663,Парканы,3.292,,16,,,OUTSIDE_DISTANCE_UNAVAILABLE,2,,,,
n2457586665,Парканы,3.335,,16,,,OUTSIDE_DISTANCE_UNAVAILABLE,2,,,,
n2457586666,Парканы,3.354,,16,,,OUTSIDE_DISTANCE_UNAVAILABLE,2,,,,
n2457586667,Парканы,3.374,,16,,,OUTSIDE_DISTANCE_UNAVAILABLE,2,,,,
n2457586668,Парканы,3.784,,18,,,OUTSIDE_DISTANCE_UNAVAILABLE,2,,,,
n2457586669,Парканы,3.421,,16,,,OUTSIDE_DISTANCE_UNAVAILABLE,2,,,,
n2457586670,Парканы,3.441,,16,,,OUTSIDE_DISTANCE_UNAVAILABLE,2,,,,
n2457586671,Парканы,3.468,,16,,,OUTSIDE_DISTANCE_UNAVAILABLE,2,,,,
n2457586878,Парканы,3.487,,16,,,OUTSIDE_DISTANCE_UNAVAILABLE,2,,,,
n2457586879,Парканы,3.51,,17,,,OUTSIDE_DISTANCE_UNAVAILABLE,2,,,,
n2457586880,Парканы,3.533,,17,,,OUTSIDE_DISTANCE_UNAVAILABLE,2,,,,
n2457586881,Парканы,3.557,,17,,,OUTSIDE_DISTANCE_UNAVAILABLE,2,,,,
n2457586882,Парканы,3.579,,17,,,OUTSIDE_DISTANCE_UNAVAILABLE,2,,,,
n2457586883,Парканы,3.814,,18,,,OUTSIDE_DISTANCE_UNAVAILABLE,2,,,,
n2457589694,Парканы,3.798,,18,,,OUTSIDE_DISTANCE_UNAVAILABLE,2,,,,
n2457589695,Парканы,3.644,,17,,,OUTSIDE_DISTANCE_UNAVAILABLE,2,,,,
n2457589696,Парканы,3.625,,17,,,OUTSIDE_DISTANCE_UNAVAILABLE,2,,,,
n2457589697,Парканы,3.662,,17,,,OUTSIDE_DISTANCE_UNAVAILABLE,2,,,,
n2457589700,Парканы,3.705,,17,,,OUTSIDE_DISTANCE_UNAVAILABLE,2,,,,
n2457589701,Парканы,3.743,,17,,,OUTSIDE_DISTANCE_UNAVAILABLE,2,,,,
n2457589702,Парканы,3.765,,18,,,OUTSIDE_DISTANCE_UNAVAILABLE,2,,,,
n2457589703,Парканы,3.394,,16,,,OUTSIDE_DISTANCE_UNAVAILABLE,2,,,,
n2457589704,Парканы,3.723,,17,,,OUTSIDE_DISTANCE_UNAVAILABLE,2,,,,
n2457589705,Парканы,3.83,,18,,,OUTSIDE_DISTANCE_UNAVAILABLE,2,,,,
n2457589706,Парканы,3.845,,18,,,OUTSIDE_DISTANCE_UNAVAILABLE,2,,,,
n2457589707,Парканы,3.861,,18,,,OUTSIDE_DISTANCE_UNAVAILABLE,2,,,,
n2457589708,Парканы,3.878,,18,,,OUTSIDE_DISTANCE_UNAVAILABLE,2,,,,
n2457589709,Парканы,3.891,,18,,,OUTSIDE_DISTANCE_UNAVAILABLE,2,,,,
n2457589710,Парканы,3.905,,18,,,OUTSIDE_DISTANCE_UNAVAILABLE,2,,,,
n2457589711,Парканы,3.918,,18,,,OUTSIDE_DISTANCE_UNAVAILABLE,2,,,,
n2457589712,Парканы,3.931,,18,,,OUTSIDE_DISTANCE_UNAVAILABLE,2,,,,
n2457589713,Парканы,3.943,,18,,,OUTSIDE_DISTANCE_UNAVAILABLE,2,,,,
n2457589714,Парканы,3.954,,18,,,OUTSIDE_DISTANCE_UNAVAILABLE,2,,,,
n2457589715,Парканы,3.966,,18,,,OUTSIDE_DISTANCE_UNAVAILABLE,2,,,,
n2457589716,Парканы,3.982,,18,,,OUTSIDE_DISTANCE_UNAVAILABLE,2,,,,
n2457589717,Парканы,3.996,,18,,,OUTSIDE_DISTANCE_UNAVAILABLE,2,,,,
n2457589718,Парканы,4.017,,19,,,OUTSIDE_DISTANCE_UNAVAILABLE,2,,,,
n2457590776,Парканы,3.752,,18,,,OUTSIDE_DISTANCE_UNAVAILABLE,2,,,,
n2457590777,Парканы,3.781,,18,,,OUTSIDE_DISTANCE_UNAVAILABLE,2,,,,
n2457590778,Парканы,3.8,,18,,,OUTSIDE_DISTANCE_UNAVAILABLE,2,,,,
n2457590779,Парканы,3.823,,18,,,OUTSIDE_DISTANCE_UNAVAILABLE,2,,,,
n2457590780,Парканы,3.844,,18,,,OUTSIDE_DISTANCE_UNAVAILABLE,2,,,,
n2457590781,Парканы,3.864,,18,,,OUTSIDE_DISTANCE_UNAVAILABLE,2,,,,
n2457590782,Парканы,3.889,,18,,,OUTSIDE_DISTANCE_UNAVAILABLE,2,,,,
n2457590783,Парканы,3.905,,18,,,OUTSIDE_DISTANCE_UNAVAILABLE,2,,,,
n2457590784,Парканы,3.92,,18,,,OUTSIDE_DISTANCE_UNAVAILABLE,2,,,,
n2457590785,Парканы,3.938,,18,,,OUTSIDE_DISTANCE_UNAVAILABLE,2,,,,
n2457590786,Парканы,3.953,,18,,,OUTSIDE_DISTANCE_UNAVAILABLE,2,,,,
n2457590787,Парканы,3.971,,18,,,OUTSIDE_DISTANCE_UNAVAILABLE,2,,,,
n2457590788,Парканы,3.991,,18,,,OUTSIDE_DISTANCE_UNAVAILABLE,2,,,,
n2457590789,Парканы,4.01,,19,,,OUTSIDE_DISTANCE_UNAVAILABLE,2,,,,
n2457591897,Парканы,4.137,,19,,,OUTSIDE_DISTANCE_UNAVAILABLE,3,,,,
n2457591898,Парканы,4.132,,19,,,OUTSIDE_DISTANCE_UNAVAILABLE,3,,,,
n2457591899,Парканы,4.147,,19,,,OUTSIDE_DISTANCE_UNAVAILABLE,3,,,,
n2457591900,Парканы,4.165,,19,,,OUTSIDE_DISTANCE_UNAVAILABLE,3,,,,
n2457591901,Парканы,4.183,,19,,,OUTSIDE_DISTANCE_UNAVAILABLE,3,,,,
n2457591902,Парканы,4.2,,19,,,OUTSIDE_DISTANCE_UNAVAILABLE,3,,,,
n2457591903,Парканы,4.215,,19,,,OUTSIDE_DISTANCE_UNAVAILABLE,3,,,,
n2457591904,Парканы,4.23,,19,,,OUTSIDE_DISTANCE_UNAVAILABLE,3,,,,
n2457591905,Парканы,4.245,,19,,,OUTSIDE_DISTANCE_UNAVAILABLE,3,,,,
n2457591906,Парканы,4.262,,20,,,OUTSIDE_DISTANCE_UNAVAILABLE,3,,,,
n2457591907,Парканы,4.533,,21,,,OUTSIDE_DISTANCE_UNAVAILABLE,3,,,,
n2457591908,Парканы,4.548,,21,,,OUTSIDE_DISTANCE_UNAVAILABLE,3,,,,
n2457591909,Парканы,4.562,,21,,,OUTSIDE_DISTANCE_UNAVAILABLE,3,,,,
n2457591910,Парканы,4.582,,21,,,OUTSIDE_DISTANCE_UNAVAILABLE,3,,,,
n2457591911,Парканы,4.598,,21,,,OUTSIDE_DISTANCE_UNAVAILABLE,3,,,,
n2457591912,Парканы,4.618,,21,,,OUTSIDE_DISTANCE_UNAVAILABLE,3,,,,
n2457591913,Парканы,4.646,,21,,,OUTSIDE_DISTANCE_UNAVAILABLE,3,,,,
n2457591914,Парканы,4.67,,21,,,OUTSIDE_DISTANCE_UNAVAILABLE,3,,,,
n2457591915,Парканы,4.699,,21,,,OUTSIDE_DISTANCE_UNAVAILABLE,3,,,,
n2457591916,Парканы,4.713,,21,,,OUTSIDE_DISTANCE_UNAVAILABLE,3,,,,
n2457591917,Парканы,4.727,,21,,,OUTSIDE_DISTANCE_UNAVAILABLE,3,,,,
n2457591918,Парканы,4.746,,21,,,OUTSIDE_DISTANCE_UNAVAILABLE,3,,,,
n2457591919,Парканы,4.775,,22,,,OUTSIDE_DISTANCE_UNAVAILABLE,3,,,,
n2457591920,Парканы,4.76,,22,,,OUTSIDE_DISTANCE_UNAVAILABLE,3,,,,
n2457615994,Парканы,3.517,,17,,,OUTSIDE_DISTANCE_UNAVAILABLE,2,,,,
n2457615995,Парканы,3.532,,17,,,OUTSIDE_DISTANCE_UNAVAILABLE,2,,,,
n2457615996,Парканы,3.546,,17,,,OUTSIDE_DISTANCE_UNAVAILABLE,2,,,,
n2457615997,Парканы,3.563,,17,,,OUTSIDE_DISTANCE_UNAVAILABLE,2,,,,
n2457615998,Парканы,3.577,,17,,,OUTSIDE_DISTANCE_UNAVAILABLE,2,,,,
n2457615999,Парканы,3.591,,17,,,OUTSIDE_DISTANCE_UNAVAILABLE,2,,,,
n2457616000,Парканы,3.606,,17,,,OUTSIDE_DISTANCE_UNAVAILABLE,2,,,,
n2457616001,Парканы,3.621,,17,,,OUTSIDE_DISTANCE_UNAVAILABLE,2,,,,
n2457616002,Парканы,3.643,,17,,,OUTSIDE_DISTANCE_UNAVAILABLE,2,,,,
n2457616003,Парканы,3.66,,17,,,OUTSIDE_DISTANCE_UNAVAILABLE,2,,,,
n2457616004,Парканы,3.677,,17,,,OUTSIDE_DISTANCE_UNAVAILABLE,2,,,,
n2457616005,Парканы,3.697,,17,,,OUTSIDE_DISTANCE_UNAVAILABLE,2,,,,
n2457616006,Парканы,3.718,,17,,,OUTSIDE_DISTANCE_UNAVAILABLE,2,,,,
n2457616007,Парканы,3.751,,18,,,OUTSIDE_DISTANCE_UNAVAILABLE,2,,,,
n2457616008,Парканы,3.772,,18,,,OUTSIDE_DISTANCE_UNAVAILABLE,2,,,,
n2457616009,Парканы,3.796,,18,,,OUTSIDE_DISTANCE_UNAVAILABLE,2,,,,
n2457616010,Парканы,3.818,,18,,,OUTSIDE_DISTANCE_UNAVAILABLE,2,,,,
n2457616011,Парканы,3.833,,18,,,OUTSIDE_DISTANCE_UNAVAILABLE,2,,,,
n2457622745,Парканы,3.863,,18,,,OUTSIDE_DISTANCE_UNAVAILABLE,2,,,,
n2457622746,Парканы,3.885,,18,,,OUTSIDE_DISTANCE_UNAVAILABLE,2,,,,
n2457622747,Парканы,3.912,,18,,,OUTSIDE_DISTANCE_UNAVAILABLE,2,,,,
n2457622751,Парканы,3.93,,18,,,OUTSIDE_DISTANCE_UNAVAILABLE,2,,,,
n2457622753,Парканы,3.955,,18,,,OUTSIDE_DISTANCE_UNAVAILABLE,2,,,,
n2457622754,Парканы,3.981,,18,,,OUTSIDE_DISTANCE_UNAVAILABLE,2,,,,
n2457622756,Парканы,4.038,,19,,,OUTSIDE_DISTANCE_UNAVAILABLE,2,,,,
n2457622757,Парканы,4.597,,21,,,OUTSIDE_DISTANCE_UNAVAILABLE,3,,,,
n2457622758,Парканы,4.067,,19,,,OUTSIDE_DISTANCE_UNAVAILABLE,3,,,,
n2457622760,Парканы,4.596,,21,,,OUTSIDE_DISTANCE_UNAVAILABLE,3,,,,
n2457622761,Парканы,4.57,,21,,,OUTSIDE_DISTANCE_UNAVAILABLE,3,,,,
n2457622762,Парканы,4.55,,21,,,OUTSIDE_DISTANCE_UNAVAILABLE,3,,,,
n2457622928,Парканы,4.522,,21,,,OUTSIDE_DISTANCE_UNAVAILABLE,3,,,,
n2457626510,Парканы,4.412,,20,,,OUTSIDE_DISTANCE_UNAVAILABLE,3,,,,
n2457626514,Парканы,4.453,,20,,,OUTSIDE_DISTANCE_UNAVAILABLE,3,,,,
n2457626521,Парканы,4.425,,20,,,OUTSIDE_DISTANCE_UNAVAILABLE,3,,,,
n2457626524,Парканы,4.399,,20,,,OUTSIDE_DISTANCE_UNAVAILABLE,3,,,,
n2457626533,Парканы,4.348,,20,,,OUTSIDE_DISTANCE_UNAVAILABLE,3,,,,
n2457626537,Парканы,4.366,,20,,,OUTSIDE_DISTANCE_UNAVAILABLE,3,,,,
n2457626540,Парканы,4.396,,20,,,OUTSIDE_DISTANCE_UNAVAILABLE,3,,,,
n2457626546,Парканы,4.736,,21,,,OUTSIDE_DISTANCE_UNAVAILABLE,3,,,,
n2457626552,Парканы,4.68,,21,,,OUTSIDE_DISTANCE_UNAVAILABLE,3,,,,
n2457626555,Парканы,4.707,,21,,,OUTSIDE_DISTANCE_UNAVAILABLE,3,,,,
n2457626558,Парканы,4.726,,21,,,OUTSIDE_DISTANCE_UNAVAILABLE,3,,,,
n2457626561,Парканы,4.747,,21,,,OUTSIDE_DISTANCE_UNAVAILABLE,3,,,,
n2457626564,Парканы,4.768,,22,,,OUTSIDE_DISTANCE_UNAVAILABLE,3,,,,
n2457626567,Парканы,4.793,,22,,,OUTSIDE_DISTANCE_UNAVAILABLE,3,,,,
n2457631779,Парканы,4.85,,22,,,OUTSIDE_DISTANCE_UNAVAILABLE,3,,,,
n2457631780,Парканы,4.873,,22,,,OUTSIDE_DISTANCE_UNAVAILABLE,3,,,,
n2457631781,Парканы,4.899,,22,,,OUTSIDE_DISTANCE_UNAVAILABLE,3,,,,
n2457631783,Парканы,4.858,,22,,,OUTSIDE_DISTANCE_UNAVAILABLE,3,,,,
n2457631785,Парканы,4.912,,22,,,OUTSIDE_DISTANCE_UNAVAILABLE,3,,,,
n2457739759,Парканы,4.569,,21,,,OUTSIDE_DISTANCE_UNAVAILABLE,3,,,,
n2457739760,Парканы,4.555,,21,,,OUTSIDE_DISTANCE_UNAVAILABLE,3,,,,
n2457739761,Парканы,4.535,,21,,,OUTSIDE_DISTANCE_UNAVAILABLE,3,,,,
n2457739762,Парканы,4.508,,21,,,OUTSIDE_DISTANCE_UNAVAILABLE,3,,,,
n2457739763,Парканы,4.483,,20,,,OUTSIDE_DISTANCE_UNAVAILABLE,3,,,,
n2457739764,Парканы,4.456,,20,,,OUTSIDE_DISTANCE_UNAVAILABLE,3,,,,
n2457739765,Парканы,4.44,,20,,,OUTSIDE_DISTANCE_UNAVAILABLE,3,,,,
n2457739766,Парканы,4.427,,20,,,OUTSIDE_DISTANCE_UNAVAILABLE,3,,,,
n2457739767,Парканы,4.411,,20,,,OUTSIDE_DISTANCE_UNAVAILABLE,3,,,,
n2457739768,Парканы,4.392,,20,,,OUTSIDE_DISTANCE_UNAVAILABLE,3,,,,
n2457746139,Парканы,3.902,,18,,,OUTSIDE_DISTANCE_UNAVAILABLE,2,,,,
n2457746140,Парканы,3.889,,18,,,OUTSIDE_DISTANCE_UNAVAILABLE,2,,,,
n2457746141,Парканы,3.874,,18,,,OUTSIDE_DISTANCE_UNAVAILABLE,2,,,,
n2457786461,Парканы,3.916,,18,,,OUTSIDE_DISTANCE_UNAVAILABLE,2,,,,
n2457786462,Парканы,3.947,,18,,,OUTSIDE_DISTANCE_UNAVAILABLE,2,,,,
n2457786484,Парканы,4.444,,20,,,OUTSIDE_DISTANCE_UNAVAILABLE,3,,,,
n2457786485,Парканы,4.465,,20,,,OUTSIDE_DISTANCE_UNAVAILABLE,3,,,,
n2457786486,Парканы,4.485,,20,,,OUTSIDE_DISTANCE_UNAVAILABLE,3,,,,
n2457786487,Парканы,4.508,,21,,,OUTSIDE_DISTANCE_UNAVAILABLE,3,,,,
n2457786488,Парканы,4.538,,21,,,OUTSIDE_DISTANCE_UNAVAILABLE,3,,,,
n2457822033,Парканы,4.703,,21,,,OUTSIDE_DISTANCE_UNAVAILABLE,3,,,,
n2457822037,Парканы,4.747,,21,,,OUTSIDE_DISTANCE_UNAVAILABLE,3,,,,
n2457822039,Парканы,4.763,,22,,,OUTSIDE_DISTANCE_UNAVAILABLE,3,,,,
n2457822042,Парканы,4.783,,22,,,OUTSIDE_DISTANCE_UNAVAILABLE,3,,,,
n2457822045,Парканы,4.798,,22,,,OUTSIDE_DISTANCE_UNAVAILABLE,3,,,,
n2457822048,Парканы,4.826,,22,,,OUTSIDE_DISTANCE_UNAVAILABLE,3,,,,
n2457822051,Парканы,4.848,,22,,,OUTSIDE_DISTANCE_UNAVAILABLE,3,,,,
n2457822055,Парканы,4.884,,22,,,OUTSIDE_DISTANCE_UNAVAILABLE,3,,,,
n2457822058,Парканы,4.905,,22,,,OUTSIDE_DISTANCE_UNAVAILABLE,3,,,,
n2457822060,Парканы,4.929,,22,,,OUTSIDE_DISTANCE_UNAVAILABLE,3,,,,
n2457838401,Парканы,4.974,,22,,,OUTSIDE_DISTANCE_UNAVAILABLE,3,,,,
n2457838402,Парканы,4.95,,22,,,OUTSIDE_DISTANCE_UNAVAILABLE,3,,,,
n2457838403,Парканы,4.925,,22,,,OUTSIDE_DISTANCE_UNAVAILABLE,3,,,,
n2457838404,Парканы,4.907,,22,,,OUTSIDE_DISTANCE_UNAVAILABLE,3,,,,
n2457838405,Парканы,4.881,,22,,,OUTSIDE_DISTANCE_UNAVAILABLE,3,,,,
n2457838406,Парканы,4.868,,22,,,OUTSIDE_DISTANCE_UNAVAILABLE,3,,,,
n2457838407,Парканы,4.846,,22,,,OUTSIDE_DISTANCE_UNAVAILABLE,3,,,,
n2457838408,Парканы,4.825,,22,,,OUTSIDE_DISTANCE_UNAVAILABLE,3,,,,
n2457838409,Парканы,4.811,,22,,,OUTSIDE_DISTANCE_UNAVAILABLE,3,,,,
n2457838410,Парканы,4.795,,22,,,OUTSIDE_DISTANCE_UNAVAILABLE,3,,,,
n2457838411,Парканы,4.78,,22,,,OUTSIDE_DISTANCE_UNAVAILABLE,3,,,,
n2457838412,Парканы,4.766,,22,,,OUTSIDE_DISTANCE_UNAVAILABLE,3,,,,
n2457838413,Парканы,4.66,,21,,,OUTSIDE_DISTANCE_UNAVAILABLE,3,,,,
n2457838415,Парканы,4.678,,21,,,OUTSIDE_DISTANCE_UNAVAILABLE,3,,,,
n2457838418,Парканы,4.705,,21,,,OUTSIDE_DISTANCE_UNAVAILABLE,3,,,,
n2457838419,Парканы,4.753,,22,,,OUTSIDE_DISTANCE_UNAVAILABLE,3,,,,
n2457838421,Парканы,4.733,,21,,,OUTSIDE_DISTANCE_UNAVAILABLE,3,,,,
n2457838422,Парканы,5.047,,23,,,OUTSIDE_DISTANCE_UNAVAILABLE,3,,,,
n2457838423,Парканы,5.073,,23,,,OUTSIDE_DISTANCE_UNAVAILABLE,3,,,,
n2457838424,Парканы,5.095,,23,,,OUTSIDE_DISTANCE_UNAVAILABLE,3,,,,
n2457838425,Парканы,5.144,,23,,,OUTSIDE_DISTANCE_UNAVAILABLE,3,,,,
n2457838426,Парканы,5.164,,23,,,OUTSIDE_DISTANCE_UNAVAILABLE,3,,,,
n2457838427,Парканы,5.181,,23,,,OUTSIDE_DISTANCE_UNAVAILABLE,3,,,,
n2457838428,Парканы,5.201,,23,,,OUTSIDE_DISTANCE_UNAVAILABLE,3,,,,
n2457838429,Парканы,5.218,,23,,,OUTSIDE_DISTANCE_UNAVAILABLE,3,,,,
n2457838430,Парканы,5.233,,23,,,OUTSIDE_DISTANCE_UNAVAILABLE,3,,,,
n2457838431,Парканы,5.252,,24,,,OUTSIDE_DISTANCE_UNAVAILABLE,3,,,,
n2457838432,Парканы,5.269,,24,,,OUTSIDE_DISTANCE_UNAVAILABLE,3,,,,
n2457838433,Парканы,5.289,,24,,,OUTSIDE_DISTANCE_UNAVAILABLE,3,,,,
n2457974018,Парканы,5.307,,24,,,OUTSIDE_DISTANCE_UNAVAILABLE,3,,,,
n2457974022,Парканы,5.323,,24,,,OUTSIDE_DISTANCE_UNAVAILABLE,3,,,,
n2457974026,Парканы,5.345,,24,,,OUTSIDE_DISTANCE_UNAVAILABLE,3,,,,
n2457974029,Парканы,5.369,,24,,,OUTSIDE_DISTANCE_UNAVAILABLE,3,,,,
n2457974040,Парканы,5.391,,24,,,OUTSIDE_DISTANCE_UNAVAILABLE,3,,,,
n2457974043,Парканы,5.55,,25,,,OUTSIDE_DISTANCE_UNAVAILABLE,4,,,,
n2457974047,Парканы,5.527,,25,,,OUTSIDE_DISTANCE_UNAVAILABLE,3,,,,
n2457974050,Парканы,5.503,,25,,,OUTSIDE_DISTANCE_UNAVAILABLE,3,,,,
n2457974053,Парканы,5.466,,24,,,OUTSIDE_DISTANCE_UNAVAILABLE,3,,,,
n2457974055,Парканы,5.421,,24,,,OUTSIDE_DISTANCE_UNAVAILABLE,3,,,,
n2457979557,Парканы,5.615,,25,,,OUTSIDE_DISTANCE_UNAVAILABLE,4,,,,
n2457979558,Парканы,5.636,,25,,,OUTSIDE_DISTANCE_UNAVAILABLE,4,,,,
n2457979559,Парканы,5.657,,25,,,OUTSIDE_DISTANCE_UNAVAILABLE,4,,,,
n2457979560,Парканы,5.677,,25,,,OUTSIDE_DISTANCE_UNAVAILABLE,4,,,,
n2457979561,Парканы,5.702,,25,,,OUTSIDE_DISTANCE_UNAVAILABLE,4,,,,
n2457979562,Парканы,5.721,,25,,,OUTSIDE_DISTANCE_UNAVAILABLE,4,,,,
n2457979563,Парканы,5.74,,25,,,OUTSIDE_DISTANCE_UNAVAILABLE,4,,,,
n2457979564,Парканы,5.761,,26,,,OUTSIDE_DISTANCE_UNAVAILABLE,4,,,,
n2457979565,Парканы,5.884,,26,,,OUTSIDE_DISTANCE_UNAVAILABLE,4,,,,
n2457979566,Парканы,5.951,,26,,,OUTSIDE_DISTANCE_UNAVAILABLE,4,,,,
n2457979567,Парканы,5.936,,26,,,OUTSIDE_DISTANCE_UNAVAILABLE,4,,,,
n2457979569,Парканы,5.922,,26,,,OUTSIDE_DISTANCE_UNAVAILABLE,4,,,,
n2457979570,Парканы,5.902,,26,,,OUTSIDE_DISTANCE_UNAVAILABLE,4,,,,
n2457979571,Парканы,5.864,,26,,,OUTSIDE_DISTANCE_UNAVAILABLE,4,,,,
n2457979572,Парканы,5.848,,26,,,OUTSIDE_DISTANCE_UNAVAILABLE,4,,,,
n2457979573,Парканы,5.83,,26,,,OUTSIDE_DISTANCE_UNAVAILABLE,4,,,,
n2457979574,Парканы,5.817,,26,,,OUTSIDE_DISTANCE_UNAVAILABLE,4,,,,
n2457979576,Парканы,5.801,,26,,,OUTSIDE_DISTANCE_UNAVAILABLE,4,,,,
n2457979577,Парканы,5.78,,26,,,OUTSIDE_DISTANCE_UNAVAILABLE,4,,,,
n2457994811,Парканы,5.0,,22,,,OUTSIDE_DISTANCE_UNAVAILABLE,3,,,,
n2457994823,Парканы,5.033,,23,,,OUTSIDE_DISTANCE_UNAVAILABLE,3,,,,
n2457994852,Парканы,5.215,,23,,,OUTSIDE_DISTANCE_UNAVAILABLE,3,,,,
n2457994912,Парканы,5.56,,25,,,OUTSIDE_DISTANCE_UNAVAILABLE,4,,,,
n2457994932,Парканы,5.464,,24,,,OUTSIDE_DISTANCE_UNAVAILABLE,3,,,,
n2458002332,Парканы,5.722,,25,,,OUTSIDE_DISTANCE_UNAVAILABLE,4,,,,
n2458002333,Парканы,5.747,,25,,,OUTSIDE_DISTANCE_UNAVAILABLE,4,,,,
n2458002334,Парканы,5.78,,26,,,OUTSIDE_DISTANCE_UNAVAILABLE,4,,,,
n2458002336,Парканы,5.843,,26,,,OUTSIDE_DISTANCE_UNAVAILABLE,4,,,,
n2458002337,Парканы,5.867,,26,,,OUTSIDE_DISTANCE_UNAVAILABLE,4,,,,
n2458002338,Парканы,5.96,,26,,,OUTSIDE_DISTANCE_UNAVAILABLE,4,,,,
n2458002339,Парканы,5.944,,26,,,OUTSIDE_DISTANCE_UNAVAILABLE,4,,,,
n2458002340,Парканы,5.925,,26,,,OUTSIDE_DISTANCE_UNAVAILABLE,4,,,,
n2458002341,Парканы,5.906,,26,,,OUTSIDE_DISTANCE_UNAVAILABLE,4,,,,
n2458002342,Парканы,5.888,,26,,,OUTSIDE_DISTANCE_UNAVAILABLE,4,,,,
n2458005782,Парканы,6.03,,27,,,OUTSIDE_DISTANCE_UNAVAILABLE,4,,,,
n2458005785,Парканы,6.051,,27,,,OUTSIDE_DISTANCE_UNAVAILABLE,4,,,,
n2458005789,Парканы,6.069,,27,,,OUTSIDE_DISTANCE_UNAVAILABLE,4,,,,
n2458005792,Парканы,6.019,,27,,,OUTSIDE_DISTANCE_UNAVAILABLE,4,,,,
n2458005796,Парканы,6.036,,27,,,OUTSIDE_DISTANCE_UNAVAILABLE,4,,,,
n2458005799,Парканы,6.053,,27,,,OUTSIDE_DISTANCE_UNAVAILABLE,4,,,,
n2458005806,Парканы,6.099,,27,,,OUTSIDE_DISTANCE_UNAVAILABLE,4,,,,
n2458005809,Парканы,6.117,,27,,,OUTSIDE_DISTANCE_UNAVAILABLE,4,,,,
n2458005813,Парканы,6.139,,27,,,OUTSIDE_DISTANCE_UNAVAILABLE,4,,,,
n2458005816,Парканы,6.165,,27,,,OUTSIDE_DISTANCE_UNAVAILABLE,4,,,,
n2458005820,Парканы,6.193,,27,,,OUTSIDE_DISTANCE_UNAVAILABLE,4,,,,
n2458005823,Парканы,6.215,,27,,,OUTSIDE_DISTANCE_UNAVAILABLE,4,,,,
n2458005826,Парканы,6.236,,27,,,OUTSIDE_DISTANCE_UNAVAILABLE,4,,,,
n2458005830,Парканы,6.257,,28,,,OUTSIDE_DISTANCE_UNAVAILABLE,4,,,,
n2458009122,Парканы,6.301,,28,,,OUTSIDE_DISTANCE_UNAVAILABLE,4,,,,
n2458009123,Парканы,6.315,,28,,,OUTSIDE_DISTANCE_UNAVAILABLE,4,,,,
n2458009124,Парканы,6.335,,28,,,OUTSIDE_DISTANCE_UNAVAILABLE,4,,,,
n2458009125,Парканы,6.362,,28,,,OUTSIDE_DISTANCE_UNAVAILABLE,4,,,,
n2458009126,Парканы,6.382,,28,,,OUTSIDE_DISTANCE_UNAVAILABLE,4,,,,
n2458103810,Парканы,6.518,,29,,,OUTSIDE_DISTANCE_UNAVAILABLE,4,,,,
n2458103811,Парканы,6.471,,28,,,OUTSIDE_DISTANCE_UNAVAILABLE,4,,,,
n2458103812,Парканы,6.452,,28,,,OUTSIDE_DISTANCE_UNAVAILABLE,4,,,,
n2458103813,Парканы,6.428,,28,,,OUTSIDE_DISTANCE_UNAVAILABLE,4,,,,
n2458103814,Парканы,6.409,,28,,,OUTSIDE_DISTANCE_UNAVAILABLE,4,,,,
n2458103815,Парканы,6.518,,29,,,OUTSIDE_DISTANCE_UNAVAILABLE,4,,,,
n2458103816,Парканы,6.529,,29,,,OUTSIDE_DISTANCE_UNAVAILABLE,4,,,,
n2458103817,Парканы,6.545,,29,,,OUTSIDE_DISTANCE_UNAVAILABLE,4,,,,
n2458103818,Парканы,6.563,,29,,,OUTSIDE_DISTANCE_UNAVAILABLE,4,,,,
n2458103819,Парканы,6.584,,29,,,OUTSIDE_DISTANCE_UNAVAILABLE,4,,,,
n2458103820,Парканы,6.602,,29,,,OUTSIDE_DISTANCE_UNAVAILABLE,4,,,,
n2458103821,Парканы,6.62,,29,,,OUTSIDE_DISTANCE_UNAVAILABLE,4,,,,
n2458103822,Парканы,6.636,,29,,,OUTSIDE_DISTANCE_UNAVAILABLE,4,,,,
n2458103823,Парканы,6.654,,29,,,OUTSIDE_DISTANCE_UNAVAILABLE,4,,,,
n2458103824,Парканы,6.669,,29,,,OUTSIDE_DISTANCE_UNAVAILABLE,4,,,,
n2458103825,Парканы,6.685,,29,,,OUTSIDE_DISTANCE_UNAVAILABLE,4,,,,
n2458108748,Парканы,6.476,,28,,,OUTSIDE_DISTANCE_UNAVAILABLE,4,,,,
n2458108749,Парканы,6.456,,28,,,OUTSIDE_DISTANCE_UNAVAILABLE,4,,,,
n2458108750,Парканы,6.433,,28,,,OUTSIDE_DISTANCE_UNAVAILABLE,4,,,,
n2458108751,Парканы,6.41,,28,,,OUTSIDE_DISTANCE_UNAVAILABLE,4,,,,
n2458108754,Парканы,6.389,,28,,,OUTSIDE_DISTANCE_UNAVAILABLE,4,,,,
n2458108757,Парканы,6.367,,28,,,OUTSIDE_DISTANCE_UNAVAILABLE,4,,,,
n2458108760,Парканы,6.346,,28,,,OUTSIDE_DISTANCE_UNAVAILABLE,4,,,,
n2458108763,Парканы,6.322,,28,,,OUTSIDE_DISTANCE_UNAVAILABLE,4,,,,
n2458108766,Парканы,6.299,,28,,,OUTSIDE_DISTANCE_UNAVAILABLE,4,,,,
n2458108769,Парканы,6.282,,28,,,OUTSIDE_DISTANCE_UNAVAILABLE,4,,,,
n2458108772,Парканы,6.262,,28,,,OUTSIDE_DISTANCE_UNAVAILABLE,4,,,,
n2458108775,Парканы,6.228,,27,,,OUTSIDE_DISTANCE_UNAVAILABLE,4,,,,
n2458108778,Парканы,6.245,,27,,,OUTSIDE_DISTANCE_UNAVAILABLE,4,,,,
n2458108781,Парканы,6.196,,27,,,OUTSIDE_DISTANCE_UNAVAILABLE,4,,,,
n2458108784,Парканы,6.213,,27,,,OUTSIDE_DISTANCE_UNAVAILABLE,4,,,,
n2458108787,Парканы,6.16,,27,,,OUTSIDE_DISTANCE_UNAVAILABLE,4,,,,
n2458108791,Парканы,6.178,,27,,,OUTSIDE_DISTANCE_UNAVAILABLE,4,,,,
n2458108794,Парканы,6.136,,27,,,OUTSIDE_DISTANCE_UNAVAILABLE,4,,,,
n2458108796,Парканы,6.112,,27,,,OUTSIDE_DISTANCE_UNAVAILABLE,4,,,,
n2458108799,Парканы,6.088,,27,,,OUTSIDE_DISTANCE_UNAVAILABLE,4,,,,
n2458125639,Парканы,6.242,,27,,,OUTSIDE_DISTANCE_UNAVAILABLE,4,,,,
n2458125640,Парканы,6.206,,27,,,OUTSIDE_DISTANCE_UNAVAILABLE,4,,,,
n2458125641,Парканы,6.194,,27,,,OUTSIDE_DISTANCE_UNAVAILABLE,4,,,,
n2458125642,Парканы,6.222,,27,,,OUTSIDE_DISTANCE_UNAVAILABLE,4,,,,
n2458125643,Парканы,6.246,,27,,,OUTSIDE_DISTANCE_UNAVAILABLE,4,,,,
n2458125644,Парканы,6.269,,28,,,OUTSIDE_DISTANCE_UNAVAILABLE,4,,,,
n2458166485,Парканы,6.264,,28,,,OUTSIDE_DISTANCE_UNAVAILABLE,4,,,,
n2458166486,Парканы,6.224,,27,,,OUTSIDE_DISTANCE_UNAVAILABLE,4,,,,
n2458166487,Парканы,6.246,,27,,,OUTSIDE_DISTANCE_UNAVAILABLE,4,,,,
n2458166488,Парканы,6.309,,28,,,OUTSIDE_DISTANCE_UNAVAILABLE,4,,,,
n2458166489,Парканы,6.318,,28,,,OUTSIDE_DISTANCE_UNAVAILABLE,4,,,,
n2458166490,Парканы,6.279,,28,,,OUTSIDE_DISTANCE_UNAVAILABLE,4,,,,
n2458166491,Парканы,6.297,,28,,,OUTSIDE_DISTANCE_UNAVAILABLE,4,,,,
n2458166492,Парканы,6.309,,28,,,OUTSIDE_DISTANCE_UNAVAILABLE,4,,,,
n2458166493,Парканы,6.335,,28,,,OUTSIDE_DISTANCE_UNAVAILABLE,4,,,,
n2458166494,Парканы,6.358,,28,,,OUTSIDE_DISTANCE_UNAVAILABLE,4,,,,
n2458166495,Парканы,6.378,,28,,,OUTSIDE_DISTANCE_UNAVAILABLE,4,,,,
n2458166496,Парканы,6.398,,28,,,OUTSIDE_DISTANCE_UNAVAILABLE,4,,,,
n2458166497,Парканы,6.416,,28,,,OUTSIDE_DISTANCE_UNAVAILABLE,4,,,,
n2458166498,Парканы,6.439,,28,,,OUTSIDE_DISTANCE_UNAVAILABLE,4,,,,
n2458166499,Парканы,6.465,,28,,,OUTSIDE_DISTANCE_UNAVAILABLE,4,,,,
n2458166500,Парканы,6.492,,28,,,OUTSIDE_DISTANCE_UNAVAILABLE,4,,,,
n2458166501,Парканы,6.522,,29,,,OUTSIDE_DISTANCE_UNAVAILABLE,4,,,,
n2458166502,Парканы,6.543,,29,,,OUTSIDE_DISTANCE_UNAVAILABLE,4,,,,
n2458166503,Парканы,6.567,,29,,,OUTSIDE_DISTANCE_UNAVAILABLE,4,,,,
n2458166504,Парканы,6.325,,28,,,OUTSIDE_DISTANCE_UNAVAILABLE,4,,,,
n2458166505,Парканы,6.34,,28,,,OUTSIDE_DISTANCE_UNAVAILABLE,4,,,,
n2458166506,Парканы,6.36,,28,,,OUTSIDE_DISTANCE_UNAVAILABLE,4,,,,
n2458166507,Парканы,6.38,,28,,,OUTSIDE_DISTANCE_UNAVAILABLE,4,,,,
n2458166508,Парканы,6.399,,28,,,OUTSIDE_DISTANCE_UNAVAILABLE,4,,,,
n2458166509,Парканы,6.419,,28,,,OUTSIDE_DISTANCE_UNAVAILABLE,4,,,,
n2458166510,Парканы,6.443,,28,,,OUTSIDE_DISTANCE_UNAVAILABLE,4,,,,
n2458166511,Парканы,6.481,,28,,,OUTSIDE_DISTANCE_UNAVAILABLE,4,,,,
n2458166512,Парканы,6.51,,29,,,OUTSIDE_DISTANCE_UNAVAILABLE,4,,,,
n2458166513,Парканы,6.546,,29,,,OUTSIDE_DISTANCE_UNAVAILABLE,4,,,,
n2458166514,Парканы,6.565,,29,,,OUTSIDE_DISTANCE_UNAVAILABLE,4,,,,
n2458166515,Парканы,6.587,,29,,,OUTSIDE_DISTANCE_UNAVAILABLE,4,,,,
n2458166516,Парканы,6.612,,29,,,OUTSIDE_DISTANCE_UNAVAILABLE,4,,,,
n2458166517,Парканы,6.63,,29,,,OUTSIDE_DISTANCE_UNAVAILABLE,4,,,,
n2458166518,Парканы,6.649,,29,,,OUTSIDE_DISTANCE_UNAVAILABLE,4,,,,
n2458166519,Парканы,6.668,,29,,,OUTSIDE_DISTANCE_UNAVAILABLE,4,,,,
n2458166520,Парканы,6.688,,29,,,OUTSIDE_DISTANCE_UNAVAILABLE,4,,,,
n2458166521,Парканы,6.713,,29,,,OUTSIDE_DISTANCE_UNAVAILABLE,4,,,,
n2458166522,Парканы,6.632,,29,,,OUTSIDE_DISTANCE_UNAVAILABLE,4,,,,
n2458166523,Парканы,6.65,,29,,,OUTSIDE_DISTANCE_UNAVAILABLE,4,,,,
n2458166524,Парканы,6.667,,29,,,OUTSIDE_DISTANCE_UNAVAILABLE,4,,,,
n2458166525,Парканы,6.682,,29,,,OUTSIDE_DISTANCE_UNAVAILABLE,4,,,,
n2458166526,Парканы,7.202,,31,,,OUTSIDE_DISTANCE_UNAVAILABLE,4,,,,
n2458166527,Парканы,7.213,,31,,,OUTSIDE_DISTANCE_UNAVAILABLE,4,,,,
n2458166528,Парканы,6.703,,29,,,OUTSIDE_DISTANCE_UNAVAILABLE,4,,,,
n2458166529,Парканы,7.196,,31,,,OUTSIDE_DISTANCE_UNAVAILABLE,4,,,,
n2458170163,Парканы,7.176,,31,,,OUTSIDE_DISTANCE_UNAVAILABLE,4,,,,
n2458170166,Парканы,7.184,,31,,,OUTSIDE_DISTANCE_UNAVAILABLE,4,,,,
n2458170169,Парканы,7.164,,31,,,OUTSIDE_DISTANCE_UNAVAILABLE,4,,,,
n2458170173,Парканы,7.145,,31,,,OUTSIDE_DISTANCE_UNAVAILABLE,4,,,,
n2458170176,Парканы,7.125,,31,,,OUTSIDE_DISTANCE_UNAVAILABLE,4,,,,
n2458170179,Парканы,7.107,,31,,,OUTSIDE_DISTANCE_UNAVAILABLE,4,,,,
n2458170182,Парканы,7.088,,31,,,OUTSIDE_DISTANCE_UNAVAILABLE,4,,,,
n2458170184,Парканы,7.156,,31,,,OUTSIDE_DISTANCE_UNAVAILABLE,4,,,,
n2458170187,Парканы,7.137,,31,,,OUTSIDE_DISTANCE_UNAVAILABLE,4,,,,
n2458170190,Парканы,7.113,,31,,,OUTSIDE_DISTANCE_UNAVAILABLE,4,,,,
n2458170193,Парканы,7.087,,31,,,OUTSIDE_DISTANCE_UNAVAILABLE,4,,,,
n2458170196,Парканы,7.066,,31,,,OUTSIDE_DISTANCE_UNAVAILABLE,4,,,,
n2458170199,Парканы,7.045,,31,,,OUTSIDE_DISTANCE_UNAVAILABLE,4,,,,
n2458170202,Парканы,7.003,,31,,,OUTSIDE_DISTANCE_UNAVAILABLE,4,,,,
n2458170203,Парканы,7.006,,31,,,OUTSIDE_DISTANCE_UNAVAILABLE,4,,,,
n2458170206,Парканы,7.025,,31,,,OUTSIDE_DISTANCE_UNAVAILABLE,4,,,,
n2458170209,Парканы,7.046,,31,,,OUTSIDE_DISTANCE_UNAVAILABLE,4,,,,
n2458170212,Парканы,7.065,,31,,,OUTSIDE_DISTANCE_UNAVAILABLE,4,,,,
n2458187349,Парканы,6.178,,27,,,OUTSIDE_DISTANCE_UNAVAILABLE,4,,,,
n2458187353,Парканы,6.198,,27,,,OUTSIDE_DISTANCE_UNAVAILABLE,4,,,,
n2458187359,Парканы,6.237,,27,,,OUTSIDE_DISTANCE_UNAVAILABLE,4,,,,
n2458187362,Парканы,5.882,,26,,,OUTSIDE_DISTANCE_UNAVAILABLE,4,,,,
n2458187365,Парканы,5.902,,26,,,OUTSIDE_DISTANCE_UNAVAILABLE,4,,,,
n2458187368,Парканы,5.922,,26,,,OUTSIDE_DISTANCE_UNAVAILABLE,4,,,,
n2458208198,Парканы,5.836,,26,,,OUTSIDE_DISTANCE_UNAVAILABLE,4,,,,
n2458208199,Парканы,5.854,,26,,,OUTSIDE_DISTANCE_UNAVAILABLE,4,,,,
n2458208200,Парканы,5.868,,26,,,OUTSIDE_DISTANCE_UNAVAILABLE,4,,,,
n2458208201,Парканы,5.884,,26,,,OUTSIDE_DISTANCE_UNAVAILABLE,4,,,,
n2458208205,Парканы,5.93,,26,,,OUTSIDE_DISTANCE_UNAVAILABLE,4,,,,
n2458208206,Парканы,5.949,,26,,,OUTSIDE_DISTANCE_UNAVAILABLE,4,,,,
n2458208207,Парканы,5.966,,26,,,OUTSIDE_DISTANCE_UNAVAILABLE,4,,,,
n2458208208,Парканы,5.986,,26,,,OUTSIDE_DISTANCE_UNAVAILABLE,4,,,,
n2458208209,Парканы,5.942,,26,,,OUTSIDE_DISTANCE_UNAVAILABLE,4,,,,
n2458208210,Парканы,5.963,,26,,,OUTSIDE_DISTANCE_UNAVAILABLE,4,,,,
n2458208567,Парканы,6.01,,27,,,OUTSIDE_DISTANCE_UNAVAILABLE,4,,,,
n2458208568,Парканы,6.267,,28,,,OUTSIDE_DISTANCE_UNAVAILABLE,4,,,,
n2458209279,Парканы,6.038,,27,,,OUTSIDE_DISTANCE_UNAVAILABLE,4,,,,
n2458243384,Парканы,5.846,,26,,,OUTSIDE_DISTANCE_UNAVAILABLE,4,,,,
n2458243387,Парканы,5.847,,26,,,OUTSIDE_DISTANCE_UNAVAILABLE,4,,,,
n2458243391,Парканы,5.291,,24,,,OUTSIDE_DISTANCE_UNAVAILABLE,3,,,,
n2458317621,Парканы,5.288,,24,,,OUTSIDE_DISTANCE_UNAVAILABLE,3,,,,
n2458317624,Парканы,5.345,,24,,,OUTSIDE_DISTANCE_UNAVAILABLE,3,,,,
n2458317634,Парканы,5.423,,24,,,OUTSIDE_DISTANCE_UNAVAILABLE,3,,,,
n2458317637,Парканы,5.452,,24,,,OUTSIDE_DISTANCE_UNAVAILABLE,3,,,,
n2458317645,Парканы,5.866,,26,,,OUTSIDE_DISTANCE_UNAVAILABLE,4,,,,
n2458317647,Парканы,5.885,,26,,,OUTSIDE_DISTANCE_UNAVAILABLE,4,,,,
n2458317649,Парканы,5.863,,26,,,OUTSIDE_DISTANCE_UNAVAILABLE,4,,,,
n2458317652,Парканы,5.885,,26,,,OUTSIDE_DISTANCE_UNAVAILABLE,4,,,,
n2458317654,Парканы,5.906,,26,,,OUTSIDE_DISTANCE_UNAVAILABLE,4,,,,
n2458317656,Парканы,5.902,,26,,,OUTSIDE_DISTANCE_UNAVAILABLE,4,,,,
n2458317658,Парканы,5.918,,26,,,OUTSIDE_DISTANCE_UNAVAILABLE,4,,,,
n2458317660,Парканы,5.934,,26,,,OUTSIDE_DISTANCE_UNAVAILABLE,4,,,,
n2458317662,Парканы,5.952,,26,,,OUTSIDE_DISTANCE_UNAVAILABLE,4,,,,
n2458317664,Парканы,5.928,,26,,,OUTSIDE_DISTANCE_UNAVAILABLE,4,,,,
n2458317666,Парканы,5.947,,26,,,OUTSIDE_DISTANCE_UNAVAILABLE,4,,,,
n2458317668,Парканы,5.659,,25,,,OUTSIDE_DISTANCE_UNAVAILABLE,4,,,,
n2458317670,Парканы,5.642,,25,,,OUTSIDE_DISTANCE_UNAVAILABLE,4,,,,
n2458317672,Парканы,5.622,,25,,,OUTSIDE_DISTANCE_UNAVAILABLE,4,,,,
n2458317674,Парканы,5.648,,25,,,OUTSIDE_DISTANCE_UNAVAILABLE,4,,,,
n2458317676,Парканы,5.605,,25,,,OUTSIDE_DISTANCE_UNAVAILABLE,4,,,,
n2458317678,Парканы,5.585,,25,,,OUTSIDE_DISTANCE_UNAVAILABLE,4,,,,
n2458317680,Парканы,5.565,,25,,,OUTSIDE_DISTANCE_UNAVAILABLE,4,,,,
n2458317682,Парканы,5.628,,25,,,OUTSIDE_DISTANCE_UNAVAILABLE,4,,,,
n2458317684,Парканы,5.614,,25,,,OUTSIDE_DISTANCE_UNAVAILABLE,4,,,,
n2458317686,Парканы,5.596,,25,,,OUTSIDE_DISTANCE_UNAVAILABLE,4,,,,
n2458317689,Парканы,5.578,,25,,,OUTSIDE_DISTANCE_UNAVAILABLE,4,,,,
n2458317691,Парканы,5.557,,25,,,OUTSIDE_DISTANCE_UNAVAILABLE,4,,,,
n2458317693,Парканы,5.55,,25,,,OUTSIDE_DISTANCE_UNAVAILABLE,4,,,,
n2458317695,Парканы,5.53,,25,,,OUTSIDE_DISTANCE_UNAVAILABLE,3,,,,
n2458317698,Парканы,5.51,,25,,,OUTSIDE_DISTANCE_UNAVAILABLE,3,,,,
n2458317700,Парканы,5.493,,24,,,OUTSIDE_DISTANCE_UNAVAILABLE,3,,,,
n2458350587,Парканы,5.537,,25,,,OUTSIDE_DISTANCE_UNAVAILABLE,3,,,,
n2458350588,Парканы,5.538,,25,,,OUTSIDE_DISTANCE_UNAVAILABLE,3,,,,
n2458350589,Парканы,5.491,,24,,,OUTSIDE_DISTANCE_UNAVAILABLE,3,,,,
n2458350590,Парканы,5.47,,24,,,OUTSIDE_DISTANCE_UNAVAILABLE,3,,,,
n2458350591,Парканы,5.448,,24,,,OUTSIDE_DISTANCE_UNAVAILABLE,3,,,,
n2458350592,Парканы,5.416,,24,,,OUTSIDE_DISTANCE_UNAVAILABLE,3,,,,
n2458352180,Парканы,5.311,,24,,,OUTSIDE_DISTANCE_UNAVAILABLE,3,,,,
n2458352183,Парканы,5.339,,24,,,OUTSIDE_DISTANCE_UNAVAILABLE,3,,,,
n2458352186,Парканы,5.367,,24,,,OUTSIDE_DISTANCE_UNAVAILABLE,3,,,,
n2458352883,Парканы,5.392,,24,,,OUTSIDE_DISTANCE_UNAVAILABLE,3,,,,
n2458353526,Парканы,5.318,,24,,,OUTSIDE_DISTANCE_UNAVAILABLE,3,,,,
n2458354171,Парканы,5.373,,24,,,OUTSIDE_DISTANCE_UNAVAILABLE,3,,,,
n2458354172,Парканы,5.398,,24,,,OUTSIDE_DISTANCE_UNAVAILABLE,3,,,,
n2458355834,Парканы,5.473,,24,,,OUTSIDE_DISTANCE_UNAVAILABLE,3,,,,
n2458363360,Парканы,5.271,,24,,,OUTSIDE_DISTANCE_UNAVAILABLE,3,,,,
n2458363361,Парканы,5.262,,24,,,OUTSIDE_DISTANCE_UNAVAILABLE,3,,,,
n2458363362,Парканы,5.283,,24,,,OUTSIDE_DISTANCE_UNAVAILABLE,3,,,,
n2458363363,Парканы,5.301,,24,,,OUTSIDE_DISTANCE_UNAVAILABLE,3,,,,
n2458363364,Парканы,5.287,,24,,,OUTSIDE_DISTANCE_UNAVAILABLE,3,,,,
n2458363365,Парканы,5.302,,24,,,OUTSIDE_DISTANCE_UNAVAILABLE,3,,,,
n2458363366,Парканы,5.323,,24,,,OUTSIDE_DISTANCE_UNAVAILABLE,3,,,,
n2458363368,Парканы,5.342,,24,,,OUTSIDE_DISTANCE_UNAVAILABLE,3,,,,
n2458363369,Парканы,5.316,,24,,,OUTSIDE_DISTANCE_UNAVAILABLE,3,,,,
n2458363370,Парканы,5.331,,24,,,OUTSIDE_DISTANCE_UNAVAILABLE,3,,,,
n2458363371,Парканы,5.359,,24,,,OUTSIDE_DISTANCE_UNAVAILABLE,3,,,,
n2458363372,Парканы,5.357,,24,,,OUTSIDE_DISTANCE_UNAVAILABLE,3,,,,
n2458363374,Парканы,5.373,,24,,,OUTSIDE_DISTANCE_UNAVAILABLE,3,,,,
n2458363375,Парканы,5.021,,23,,,OUTSIDE_DISTANCE_UNAVAILABLE,3,,,,
n2458363376,Парканы,4.995,,22,,,OUTSIDE_DISTANCE_UNAVAILABLE,3,,,,
n2458363377,Парканы,5.022,,23,,,OUTSIDE_DISTANCE_UNAVAILABLE,3,,,,
n2458363378,Парканы,5.007,,23,,,OUTSIDE_DISTANCE_UNAVAILABLE,3,,,,
n2458363379,Парканы,4.991,,22,,,OUTSIDE_DISTANCE_UNAVAILABLE,3,,,,
n2458363380,Парканы,4.966,,22,,,OUTSIDE_DISTANCE_UNAVAILABLE,3,,,,
n2458363381,Парканы,4.969,,22,,,OUTSIDE_DISTANCE_UNAVAILABLE,3,,,,
n2458363382,Парканы,4.951,,22,,,OUTSIDE_DISTANCE_UNAVAILABLE,3,,,,
n2458363386,Парканы,4.952,,22,,,OUTSIDE_DISTANCE_UNAVAILABLE,3,,,,
n2458363389,Парканы,4.939,,22,,,OUTSIDE_DISTANCE_UNAVAILABLE,3,,,,
n2458363390,Парканы,4.929,,22,,,OUTSIDE_DISTANCE_UNAVAILABLE,3,,,,
n2458367768,Парканы,4.923,,22,,,OUTSIDE_DISTANCE_UNAVAILABLE,3,,,,
n2458367769,Парканы,4.912,,22,,,OUTSIDE_DISTANCE_UNAVAILABLE,3,,,,
n2458367770,Парканы,4.9,,22,,,OUTSIDE_DISTANCE_UNAVAILABLE,3,,,,
n2458367771,Парканы,4.881,,22,,,OUTSIDE_DISTANCE_UNAVAILABLE,3,,,,
n2458367772,Парканы,4.872,,22,,,OUTSIDE_DISTANCE_UNAVAILABLE,3,,,,
n2458367773,Парканы,4.837,,22,,,OUTSIDE_DISTANCE_UNAVAILABLE,3,,,,
n2458371475,Парканы,4.815,,22,,,OUTSIDE_DISTANCE_UNAVAILABLE,3,,,,
n2458371476,Парканы,4.895,,22,,,OUTSIDE_DISTANCE_UNAVAILABLE,3,,,,
n2458371477,Парканы,4.879,,22,,,OUTSIDE_DISTANCE_UNAVAILABLE,3,,,,
n2458371478,Парканы,4.865,,22,,,OUTSIDE_DISTANCE_UNAVAILABLE,3,,,,
n2458371479,Парканы,4.83,,22,,,OUTSIDE_DISTANCE_UNAVAILABLE,3,,,,
n2458371480,Парканы,4.847,,22,,,OUTSIDE_DISTANCE_UNAVAILABLE,3,,,,
n2458439679,Парканы,3.984,,18,,,OUTSIDE_DISTANCE_UNAVAILABLE,2,,,,
n2458439680,Парканы,3.966,,18,,,OUTSIDE_DISTANCE_UNAVAILABLE,2,,,,
n2458439682,Парканы,3.95,,18,,,OUTSIDE_DISTANCE_UNAVAILABLE,2,,,,
n2458439684,Парканы,3.932,,18,,,OUTSIDE_DISTANCE_UNAVAILABLE,2,,,,
n2458439687,Парканы,3.911,,18,,,OUTSIDE_DISTANCE_UNAVAILABLE,2,,,,
n2458439689,Парканы,3.882,,18,,,OUTSIDE_DISTANCE_UNAVAILABLE,2,,,,
n2458439692,Парканы,3.893,,18,,,OUTSIDE_DISTANCE_UNAVAILABLE,2,,,,
n2458439694,Парканы,3.879,,18,,,OUTSIDE_DISTANCE_UNAVAILABLE,2,,,,
n2458439697,Парканы,3.86,,18,,,OUTSIDE_DISTANCE_UNAVAILABLE,2,,,,
n2458439700,Парканы,3.839,,18,,,OUTSIDE_DISTANCE_UNAVAILABLE,2,,,,
n2458439702,Парканы,3.816,,18,,,OUTSIDE_DISTANCE_UNAVAILABLE,2,,,,
n2458439705,Парканы,3.82,,18,,,OUTSIDE_DISTANCE_UNAVAILABLE,2,,,,
n2458439707,Парканы,3.799,,18,,,OUTSIDE_DISTANCE_UNAVAILABLE,2,,,,
n2458439710,Парканы,3.797,,18,,,OUTSIDE_DISTANCE_UNAVAILABLE,2,,,,
n2458439712,Парканы,3.756,,18,,,OUTSIDE_DISTANCE_UNAVAILABLE,2,,,,
n2458439715,Парканы,3.771,,18,,,OUTSIDE_DISTANCE_UNAVAILABLE,2,,,,
n2458439717,Парканы,3.74,,17,,,OUTSIDE_DISTANCE_UNAVAILABLE,2,,,,
n2458439720,Парканы,3.717,,17,,,OUTSIDE_DISTANCE_UNAVAILABLE,2,,,,
n2458439723,Парканы,3.693,,17,,,OUTSIDE_DISTANCE_UNAVAILABLE,2,,,,
n2458439725,Парканы,3.653,,17,,,OUTSIDE_DISTANCE_UNAVAILABLE,2,,,,
n2458439728,Парканы,3.624,,17,,,OUTSIDE_DISTANCE_UNAVAILABLE,2,,,,
n2458446861,Парканы,3.784,,18,,,OUTSIDE_DISTANCE_UNAVAILABLE,2,,,,
n2458446866,Парканы,3.804,,18,,,OUTSIDE_DISTANCE_UNAVAILABLE,2,,,,
n2458446868,Парканы,3.822,,18,,,OUTSIDE_DISTANCE_UNAVAILABLE,2,,,,
n2458446872,Парканы,3.849,,18,,,OUTSIDE_DISTANCE_UNAVAILABLE,2,,,,
n2458446877,Парканы,3.86,,18,,,OUTSIDE_DISTANCE_UNAVAILABLE,2,,,,
n2458446881,Парканы,3.871,,18,,,OUTSIDE_DISTANCE_UNAVAILABLE,2,,,,
n2458446884,Парканы,3.885,,18,,,OUTSIDE_DISTANCE_UNAVAILABLE,2,,,,
n2458446887,Парканы,3.833,,18,,,OUTSIDE_DISTANCE_UNAVAILABLE,2,,,,
n2458446891,Парканы,3.85,,18,,,OUTSIDE_DISTANCE_UNAVAILABLE,2,,,,
n2458446894,Парканы,3.871,,18,,,OUTSIDE_DISTANCE_UNAVAILABLE,2,,,,
n2458446914,Парканы,3.906,,18,,,OUTSIDE_DISTANCE_UNAVAILABLE,2,,,,
n2458454746,Парканы,4.847,,22,,,OUTSIDE_DISTANCE_UNAVAILABLE,3,,,,
n2458462438,Парканы,4.863,,22,,,OUTSIDE_DISTANCE_UNAVAILABLE,3,,,,
n2458462441,Парканы,4.827,,22,,,OUTSIDE_DISTANCE_UNAVAILABLE,3,,,,
n2458462443,Парканы,4.852,,22,,,OUTSIDE_DISTANCE_UNAVAILABLE,3,,,,
n2458462446,Парканы,4.872,,22,,,OUTSIDE_DISTANCE_UNAVAILABLE,3,,,,
n2458462449,Парканы,4.909,,22,,,OUTSIDE_DISTANCE_UNAVAILABLE,3,,,,
n2458462452,Парканы,4.223,,19,,,OUTSIDE_DISTANCE_UNAVAILABLE,3,,,,
n2458462454,Парканы,4.209,,19,,,OUTSIDE_DISTANCE_UNAVAILABLE,3,,,,
n2458462457,Парканы,4.198,,19,,,OUTSIDE_DISTANCE_UNAVAILABLE,3,,,,
n2458462460,Парканы,4.171,,19,,,OUTSIDE_DISTANCE_UNAVAILABLE,3,,,,
n2458462463,Парканы,4.147,,19,,,OUTSIDE_DISTANCE_UNAVAILABLE,3,,,,
n2458462466,Парканы,4.121,,19,,,OUTSIDE_DISTANCE_UNAVAILABLE,3,,,,
n2458462468,Парканы,4.093,,19,,,OUTSIDE_DISTANCE_UNAVAILABLE,3,,,,
n2458462471,Парканы,4.075,,19,,,OUTSIDE_DISTANCE_UNAVAILABLE,3,,,,
n2458462474,Парканы,4.057,,19,,,OUTSIDE_DISTANCE_UNAVAILABLE,3,,,,
n2458462475,Парканы,4.03,,19,,,OUTSIDE_DISTANCE_UNAVAILABLE,2,,,,
n2458462476,Парканы,4.008,,19,,,OUTSIDE_DISTANCE_UNAVAILABLE,2,,,,
n2458462477,Парканы,3.997,,18,,,OUTSIDE_DISTANCE_UNAVAILABLE,2,,,,
n2458462478,Парканы,3.98,,18,,,OUTSIDE_DISTANCE_UNAVAILABLE,2,,,,
n2458462484,Парканы,3.961,,18,,,OUTSIDE_DISTANCE_UNAVAILABLE,2,,,,
n2458462487,Парканы,3.942,,18,,,OUTSIDE_DISTANCE_UNAVAILABLE,2,,,,
n2458462489,Парканы,3.928,,18,,,OUTSIDE_DISTANCE_UNAVAILABLE,2,,,,
n2458492984,Парканы,4.952,,22,,,OUTSIDE_DISTANCE_UNAVAILABLE,3,,,,
n2458492985,Парканы,4.967,,22,,,OUTSIDE_DISTANCE_UNAVAILABLE,3,,,,
n2458492986,Парканы,4.982,,22,,,OUTSIDE_DISTANCE_UNAVAILABLE,3,,,,
n2458492987,Парканы,4.962,,22,,,OUTSIDE_DISTANCE_UNAVAILABLE,3,,,,
n2458492988,Парканы,4.975,,22,,,OUTSIDE_DISTANCE_UNAVAILABLE,3,,,,
n2458492989,Парканы,4.987,,22,,,OUTSIDE_DISTANCE_UNAVAILABLE,3,,,,
n2458492990,Парканы,5.002,,23,,,OUTSIDE_DISTANCE_UNAVAILABLE,3,,,,
n2458492991,Парканы,5.015,,23,,,OUTSIDE_DISTANCE_UNAVAILABLE,3,,,,
n2458492992,Парканы,5.036,,23,,,OUTSIDE_DISTANCE_UNAVAILABLE,3,,,,
n2458492993,Парканы,5.05,,23,,,OUTSIDE_DISTANCE_UNAVAILABLE,3,,,,
n2458492994,Парканы,5.064,,23,,,OUTSIDE_DISTANCE_UNAVAILABLE,3,,,,
n2458492995,Парканы,5.076,,23,,,OUTSIDE_DISTANCE_UNAVAILABLE,3,,,,
n2458492996,Парканы,4.996,,22,,,OUTSIDE_DISTANCE_UNAVAILABLE,3,,,,
n2458492997,Парканы,5.008,,23,,,OUTSIDE_DISTANCE_UNAVAILABLE,3,,,,
n2458492998,Парканы,5.023,,23,,,OUTSIDE_DISTANCE_UNAVAILABLE,3,,,,
n2458492999,Парканы,5.037,,23,,,OUTSIDE_DISTANCE_UNAVAILABLE,3,,,,
n2458493000,Парканы,5.049,,23,,,OUTSIDE_DISTANCE_UNAVAILABLE,3,,,,
n2458493001,Парканы,5.074,,23,,,OUTSIDE_DISTANCE_UNAVAILABLE,3,,,,
n2458493002,Парканы,5.092,,23,,,OUTSIDE_DISTANCE_UNAVAILABLE,3,,,,
n2458493003,Парканы,5.103,,23,,,OUTSIDE_DISTANCE_UNAVAILABLE,3,,,,
n2458493004,Парканы,5.089,,23,,,OUTSIDE_DISTANCE_UNAVAILABLE,3,,,,
n2458493005,Парканы,5.115,,23,,,OUTSIDE_DISTANCE_UNAVAILABLE,3,,,,
n2458493006,Парканы,5.129,,23,,,OUTSIDE_DISTANCE_UNAVAILABLE,3,,,,
n2458493007,Парканы,5.127,,23,,,OUTSIDE_DISTANCE_UNAVAILABLE,3,,,,
n2458493008,Парканы,4.822,,22,,,OUTSIDE_DISTANCE_UNAVAILABLE,3,,,,
n2458493009,Парканы,4.81,,22,,,OUTSIDE_DISTANCE_UNAVAILABLE,3,,,,
n2458493010,Парканы,4.786,,22,,,OUTSIDE_DISTANCE_UNAVAILABLE,3,,,,
n2458493011,Парканы,4.757,,22,,,OUTSIDE_DISTANCE_UNAVAILABLE,3,,,,
n2458493012,Парканы,4.774,,22,,,OUTSIDE_DISTANCE_UNAVAILABLE,3,,,,
n2458493013,Парканы,4.8,,22,,,OUTSIDE_DISTANCE_UNAVAILABLE,3,,,,
n2458493014,Парканы,4.761,,22,,,OUTSIDE_DISTANCE_UNAVAILABLE,3,,,,
n2458493015,Парканы,4.744,,21,,,OUTSIDE_DISTANCE_UNAVAILABLE,3,,,,
n2458493016,Парканы,4.73,,21,,,OUTSIDE_DISTANCE_UNAVAILABLE,3,,,,
n2458493017,Парканы,4.735,,21,,,OUTSIDE_DISTANCE_UNAVAILABLE,3,,,,
n2458493018,Парканы,4.72,,21,,,OUTSIDE_DISTANCE_UNAVAILABLE,3,,,,
n2458493019,Парканы,4.711,,21,,,OUTSIDE_DISTANCE_UNAVAILABLE,3,,,,
n2458493020,Парканы,4.699,,21,,,OUTSIDE_DISTANCE_UNAVAILABLE,3,,,,
n2458493021,Парканы,4.686,,21,,,OUTSIDE_DISTANCE_UNAVAILABLE,3,,,,
n2458493022,Парканы,4.662,,21,,,OUTSIDE_DISTANCE_UNAVAILABLE,3,,,,
n2458493023,Парканы,4.714,,21,,,OUTSIDE_DISTANCE_UNAVAILABLE,3,,,,
n2458493024,Парканы,4.702,,21,,,OUTSIDE_DISTANCE_UNAVAILABLE,3,,,,
n2458493025,Парканы,4.683,,21,,,OUTSIDE_DISTANCE_UNAVAILABLE,3,,,,
n2458493026,Парканы,4.657,,21,,,OUTSIDE_DISTANCE_UNAVAILABLE,3,,,,
n2458493027,Парканы,4.644,,21,,,OUTSIDE_DISTANCE_UNAVAILABLE,3,,,,
n2458493028,Парканы,4.631,,21,,,OUTSIDE_DISTANCE_UNAVAILABLE,3,,,,
n2458493029,Парканы,4.617,,21,,,OUTSIDE_DISTANCE_UNAVAILABLE,3,,,,
n2458493030,Парканы,4.604,,21,,,OUTSIDE_DISTANCE_UNAVAILABLE,3,,,,
n2458493031,Парканы,4.591,,21,,,OUTSIDE_DISTANCE_UNAVAILABLE,3,,,,
n2458498620,Парканы,4.575,,21,,,OUTSIDE_DISTANCE_UNAVAILABLE,3,,,,
n2458498621,Парканы,4.637,,21,,,OUTSIDE_DISTANCE_UNAVAILABLE,3,,,,
n2458498622,Парканы,4.627,,21,,,OUTSIDE_DISTANCE_UNAVAILABLE,3,,,,
n2458498623,Парканы,4.613,,21,,,OUTSIDE_DISTANCE_UNAVAILABLE,3,,,,
n2458498624,Парканы,4.59,,21,,,OUTSIDE_DISTANCE_UNAVAILABLE,3,,,,
n2458498625,Парканы,4.569,,21,,,OUTSIDE_DISTANCE_UNAVAILABLE,3,,,,
n2458498626,Парканы,4.551,,21,,,OUTSIDE_DISTANCE_UNAVAILABLE,3,,,,
n2458498627,Парканы,4.529,,21,,,OUTSIDE_DISTANCE_UNAVAILABLE,3,,,,
n2458498628,Парканы,4.56,,21,,,OUTSIDE_DISTANCE_UNAVAILABLE,3,,,,
n2458498629,Парканы,4.549,,21,,,OUTSIDE_DISTANCE_UNAVAILABLE,3,,,,
n2458498630,Парканы,4.515,,21,,,OUTSIDE_DISTANCE_UNAVAILABLE,3,,,,
n2458498631,Парканы,4.493,,20,,,OUTSIDE_DISTANCE_UNAVAILABLE,3,,,,
n2458498632,Парканы,4.479,,20,,,OUTSIDE_DISTANCE_UNAVAILABLE,3,,,,
n2458498633,Парканы,4.466,,20,,,OUTSIDE_DISTANCE_UNAVAILABLE,3,,,,
n2458498634,Парканы,4.522,,21,,,OUTSIDE_DISTANCE_UNAVAILABLE,3,,,,
n2458498635,Парканы,4.495,,20,,,OUTSIDE_DISTANCE_UNAVAILABLE,3,,,,
n2458498636,Парканы,4.462,,20,,,OUTSIDE_DISTANCE_UNAVAILABLE,3,,,,
n2458498637,Парканы,4.431,,20,,,OUTSIDE_DISTANCE_UNAVAILABLE,3,,,,
n2458498638,Парканы,4.351,,20,,,OUTSIDE_DISTANCE_UNAVAILABLE,3,,,,
n2458498639,Парканы,4.438,,20,,,OUTSIDE_DISTANCE_UNAVAILABLE,3,,,,
n2458498640,Парканы,4.424,,20,,,OUTSIDE_DISTANCE_UNAVAILABLE,3,,,,
n2458498641,Парканы,4.41,,20,,,OUTSIDE_DISTANCE_UNAVAILABLE,3,,,,
n2458498642,Парканы,4.384,,20,,,OUTSIDE_DISTANCE_UNAVAILABLE,3,,,,
n2458498643,Парканы,4.372,,20,,,OUTSIDE_DISTANCE_UNAVAILABLE,3,,,,
n2458498644,Парканы,4.359,,20,,,OUTSIDE_DISTANCE_UNAVAILABLE,3,,,,
n2458498645,Парканы,4.283,,20,,,OUTSIDE_DISTANCE_UNAVAILABLE,3,,,,
n2458498646,Парканы,4.239,,19,,,OUTSIDE_DISTANCE_UNAVAILABLE,3,,,,
n2458498647,Парканы,4.209,,19,,,OUTSIDE_DISTANCE_UNAVAILABLE,3,,,,
n2458498648,Парканы,4.32,,20,,,OUTSIDE_DISTANCE_UNAVAILABLE,3,,,,
n2458498649,Парканы,4.273,,20,,,OUTSIDE_DISTANCE_UNAVAILABLE,3,,,,
n2458498650,Парканы,4.225,,19,,,OUTSIDE_DISTANCE_UNAVAILABLE,3,,,,
n2458498651,Парканы,4.165,,19,,,OUTSIDE_DISTANCE_UNAVAILABLE,3,,,,
n2458498652,Парканы,4.182,,19,,,OUTSIDE_DISTANCE_UNAVAILABLE,3,,,,
n2458498653,Парканы,4.195,,19,,,OUTSIDE_DISTANCE_UNAVAILABLE,3,,,,
n2458504596,Парканы,4.323,,20,,,OUTSIDE_DISTANCE_UNAVAILABLE,3,,,,
n2458504597,Парканы,4.336,,20,,,OUTSIDE_DISTANCE_UNAVAILABLE,3,,,,
n2458504598,Парканы,4.356,,20,,,OUTSIDE_DISTANCE_UNAVAILABLE,3,,,,
n2458504599,Парканы,4.419,,20,,,OUTSIDE_DISTANCE_UNAVAILABLE,3,,,,
n2458504600,Парканы,4.434,,20,,,OUTSIDE_DISTANCE_UNAVAILABLE,3,,,,
n2458504601,Парканы,4.375,,20,,,OUTSIDE_DISTANCE_UNAVAILABLE,3,,,,
n2458504602,Парканы,4.394,,20,,,OUTSIDE_DISTANCE_UNAVAILABLE,3,,,,
n2458504603,Парканы,4.408,,20,,,OUTSIDE_DISTANCE_UNAVAILABLE,3,,,,
n2458504604,Парканы,4.424,,20,,,OUTSIDE_DISTANCE_UNAVAILABLE,3,,,,
n2458504605,Парканы,4.443,,20,,,OUTSIDE_DISTANCE_UNAVAILABLE,3,,,,
n2458504606,Парканы,4.444,,20,,,OUTSIDE_DISTANCE_UNAVAILABLE,3,,,,
n2458504607,Парканы,4.459,,20,,,OUTSIDE_DISTANCE_UNAVAILABLE,3,,,,
n2458504608,Парканы,4.47,,20,,,OUTSIDE_DISTANCE_UNAVAILABLE,3,,,,
n2458504609,Парканы,4.493,,20,,,OUTSIDE_DISTANCE_UNAVAILABLE,3,,,,
n2458504610,Парканы,4.458,,20,,,OUTSIDE_DISTANCE_UNAVAILABLE,3,,,,
n2458504611,Парканы,4.475,,20,,,OUTSIDE_DISTANCE_UNAVAILABLE,3,,,,
n2458504612,Парканы,4.489,,20,,,OUTSIDE_DISTANCE_UNAVAILABLE,3,,,,
n2458504613,Парканы,4.503,,21,,,OUTSIDE_DISTANCE_UNAVAILABLE,3,,,,
n2458505584,Парканы,4.525,,21,,,OUTSIDE_DISTANCE_UNAVAILABLE,3,,,,
n2458505585,Парканы,4.54,,21,,,OUTSIDE_DISTANCE_UNAVAILABLE,3,,,,
n2458505586,Парканы,4.522,,21,,,OUTSIDE_DISTANCE_UNAVAILABLE,3,,,,
n2458505587,Парканы,4.549,,21,,,OUTSIDE_DISTANCE_UNAVAILABLE,3,,,,
n2458529464,Парканы,4.571,,21,,,OUTSIDE_DISTANCE_UNAVAILABLE,3,,,,
n2458529467,Парканы,4.588,,21,,,OUTSIDE_DISTANCE_UNAVAILABLE,3,,,,
n2458529470,Парканы,4.605,,21,,,OUTSIDE_DISTANCE_UNAVAILABLE,3,,,,
n2458529472,Парканы,4.622,,21,,,OUTSIDE_DISTANCE_UNAVAILABLE,3,,,,
n2458529475,Парканы,4.552,,21,,,OUTSIDE_DISTANCE_UNAVAILABLE,3,,,,
n2458529478,Парканы,4.571,,21,,,OUTSIDE_DISTANCE_UNAVAILABLE,3,,,,
n2458529481,Парканы,4.591,,21,,,OUTSIDE_DISTANCE_UNAVAILABLE,3,,,,
n2458529483,Парканы,4.611,,21,,,OUTSIDE_DISTANCE_UNAVAILABLE,3,,,,
n2458529484,Парканы,4.627,,21,,,OUTSIDE_DISTANCE_UNAVAILABLE,3,,,,
n2458529485,Парканы,4.642,,21,,,OUTSIDE_DISTANCE_UNAVAILABLE,3,,,,
n2458529486,Парканы,4.659,,21,,,OUTSIDE_DISTANCE_UNAVAILABLE,3,,,,
n2458529487,Парканы,4.676,,21,,,OUTSIDE_DISTANCE_UNAVAILABLE,3,,,,
n2458529488,Парканы,4.639,,21,,,OUTSIDE_DISTANCE_UNAVAILABLE,3,,,,
n2458529490,Парканы,4.653,,21,,,OUTSIDE_DISTANCE_UNAVAILABLE,3,,,,
n2458529493,Парканы,4.668,,21,,,OUTSIDE_DISTANCE_UNAVAILABLE,3,,,,
n2458529496,Парканы,4.686,,21,,,OUTSIDE_DISTANCE_UNAVAILABLE,3,,,,
n2458529499,Парканы,4.687,,21,,,OUTSIDE_DISTANCE_UNAVAILABLE,3,,,,
n2458529502,Парканы,4.714,,21,,,OUTSIDE_DISTANCE_UNAVAILABLE,3,,,,
n2458529507,Парканы,4.705,,21,,,OUTSIDE_DISTANCE_UNAVAILABLE,3,,,,
n2458529510,Парканы,4.727,,21,,,OUTSIDE_DISTANCE_UNAVAILABLE,3,,,,
n2458529514,Парканы,4.76,,22,,,OUTSIDE_DISTANCE_UNAVAILABLE,3,,,,
n2458529530,Парканы,4.784,,22,,,OUTSIDE_DISTANCE_UNAVAILABLE,3,,,,
n2458529532,Парканы,4.806,,22,,,OUTSIDE_DISTANCE_UNAVAILABLE,3,,,,
n2458531639,Парканы,4.978,,22,,,OUTSIDE_DISTANCE_UNAVAILABLE,3,,,,
n2458533168,Парканы,5.253,,24,,,OUTSIDE_DISTANCE_UNAVAILABLE,3,,,,
n2458533169,Парканы,4.826,,22,,,OUTSIDE_DISTANCE_UNAVAILABLE,3,,,,
n2458533170,Парканы,4.85,,22,,,OUTSIDE_DISTANCE_UNAVAILABLE,3,,,,
n2458533171,Парканы,4.866,,22,,,OUTSIDE_DISTANCE_UNAVAILABLE,3,,,,
n2458618713,Парканы,4.881,,22,,,OUTSIDE_DISTANCE_UNAVAILABLE,3,,,,
n2458618716,Парканы,4.915,,22,,,OUTSIDE_DISTANCE_UNAVAILABLE,3,,,,
n2458650284,Парканы,4.935,,22,,,OUTSIDE_DISTANCE_UNAVAILABLE,3,,,,
n2458650285,Парканы,4.946,,22,,,OUTSIDE_DISTANCE_UNAVAILABLE,3,,,,
n2458650286,Парканы,4.963,,22,,,OUTSIDE_DISTANCE_UNAVAILABLE,3,,,,
n2458650287,Парканы,4.997,,22,,,OUTSIDE_DISTANCE_UNAVAILABLE,3,,,,
n2458650288,Парканы,5.009,,23,,,OUTSIDE_DISTANCE_UNAVAILABLE,3,,,,
n2458650289,Парканы,5.028,,23,,,OUTSIDE_DISTANCE_UNAVAILABLE,3,,,,
n2458658695,Парканы,5.042,,23,,,OUTSIDE_DISTANCE_UNAVAILABLE,3,,,,
n2458658696,Парканы,5.056,,23,,,OUTSIDE_DISTANCE_UNAVAILABLE,3,,,,
n2458658697,Парканы,5.079,,23,,,OUTSIDE_DISTANCE_UNAVAILABLE,3,,,,
n2458658698,Парканы,5.093,,23,,,OUTSIDE_DISTANCE_UNAVAILABLE,3,,,,
n2458658699,Парканы,5.129,,23,,,OUTSIDE_DISTANCE_UNAVAILABLE,3,,,,
n2458658700,Парканы,5.158,,23,,,OUTSIDE_DISTANCE_UNAVAILABLE,3,,,,
n2458658701,Парканы,5.184,,23,,,OUTSIDE_DISTANCE_UNAVAILABLE,3,,,,
n2458658702,Парканы,5.2,,23,,,OUTSIDE_DISTANCE_UNAVAILABLE,3,,,,
n2458658703,Парканы,5.211,,23,,,OUTSIDE_DISTANCE_UNAVAILABLE,3,,,,
n2458658704,Парканы,5.231,,23,,,OUTSIDE_DISTANCE_UNAVAILABLE,3,,,,
n2458660233,Парканы,5.126,,23,,,OUTSIDE_DISTANCE_UNAVAILABLE,3,,,,
n2458660234,Парканы,5.239,,23,,,OUTSIDE_DISTANCE_UNAVAILABLE,3,,,,
n2458660235,Парканы,5.219,,23,,,OUTSIDE_DISTANCE_UNAVAILABLE,3,,,,
n2458660236,Парканы,5.201,,23,,,OUTSIDE_DISTANCE_UNAVAILABLE,3,,,,
n2458660237,Парканы,5.18,,23,,,OUTSIDE_DISTANCE_UNAVAILABLE,3,,,,
n2458660238,Парканы,5.165,,23,,,OUTSIDE_DISTANCE_UNAVAILABLE,3,,,,
n2458660240,Парканы,5.101,,23,,,OUTSIDE_DISTANCE_UNAVAILABLE,3,,,,
n2458660241,Парканы,5.062,,23,,,OUTSIDE_DISTANCE_UNAVAILABLE,3,,,,
n2458660242,Парканы,5.05,,23,,,OUTSIDE_DISTANCE_UNAVAILABLE,3,,,,
n2458660243,Парканы,4.739,,21,,,OUTSIDE_DISTANCE_UNAVAILABLE,3,,,,
n2458660244,Парканы,4.758,,22,,,OUTSIDE_DISTANCE_UNAVAILABLE,3,,,,
n2458660245,Парканы,4.779,,22,,,OUTSIDE_DISTANCE_UNAVAILABLE,3,,,,
n2458660246,Парканы,4.814,,22,,,OUTSIDE_DISTANCE_UNAVAILABLE,3,,,,
n2458660247,Парканы,4.84,,22,,,OUTSIDE_DISTANCE_UNAVAILABLE,3,,,,
n2458664570,Парканы,4.857,,22,,,OUTSIDE_DISTANCE_UNAVAILABLE,3,,,,
n2458664571,Парканы,4.893,,22,,,OUTSIDE_DISTANCE_UNAVAILABLE,3,,,,
n2458664572,Парканы,4.907,,22,,,OUTSIDE_DISTANCE_UNAVAILABLE,3,,,,
n2458664573,Парканы,4.919,,22,,,OUTSIDE_DISTANCE_UNAVAILABLE,3,,,,
n2458664574,Парканы,4.934,,22,,,OUTSIDE_DISTANCE_UNAVAILABLE,3,,,,
n2458664575,Парканы,4.946,,22,,,OUTSIDE_DISTANCE_UNAVAILABLE,3,,,,
n2458664576,Парканы,4.975,,22,,,OUTSIDE_DISTANCE_UNAVAILABLE,3,,,,
n2458664577,Парканы,4.985,,22,,,OUTSIDE_DISTANCE_UNAVAILABLE,3,,,,
n2458664578,Парканы,4.999,,22,,,OUTSIDE_DISTANCE_UNAVAILABLE,3,,,,
n2458675448,Парканы,5.308,,24,,,OUTSIDE_DISTANCE_UNAVAILABLE,3,,,,
n2458675449,Парканы,5.321,,24,,,OUTSIDE_DISTANCE_UNAVAILABLE,3,,,,
n2458675450,Парканы,5.304,,24,,,OUTSIDE_DISTANCE_UNAVAILABLE,3,,,,
n2458675451,Парканы,5.319,,24,,,OUTSIDE_DISTANCE_UNAVAILABLE,3,,,,
n2458675452,Парканы,5.344,,24,,,OUTSIDE_DISTANCE_UNAVAILABLE,3,,,,
n2458675453,Парканы,5.364,,24,,,OUTSIDE_DISTANCE_UNAVAILABLE,3,,,,
n2458675454,Парканы,5.377,,24,,,OUTSIDE_DISTANCE_UNAVAILABLE,3,,,,
n2458675455,Парканы,5.65,,25,,,OUTSIDE_DISTANCE_UNAVAILABLE,4,,,,
n2458675456,Парканы,5.68,,25,,,OUTSIDE_DISTANCE_UNAVAILABLE,4,,,,
n2458675457,Парканы,5.715,,25,,,OUTSIDE_DISTANCE_UNAVAILABLE,4,,,,
n2458675458,Парканы,5.454,,24,,,OUTSIDE_DISTANCE_UNAVAILABLE,3,,,,
n2458675459,Парканы,5.405,,24,,,OUTSIDE_DISTANCE_UNAVAILABLE,3,,,,
n2458675460,Парканы,5.632,,25,,,OUTSIDE_DISTANCE_UNAVAILABLE,4,,,,
n2458675461,Парканы,5.651,,25,,,OUTSIDE_DISTANCE_UNAVAILABLE,4,,,,
n2458675462,Парканы,5.673,,25,,,OUTSIDE_DISTANCE_UNAVAILABLE,4,,,,
n2458675463,Парканы,5.693,,25,,,OUTSIDE_DISTANCE_UNAVAILABLE,4,,,,
n2458675464,Парканы,5.713,,25,,,OUTSIDE_DISTANCE_UNAVAILABLE,4,,,,
n2458675465,Парканы,5.738,,25,,,OUTSIDE_DISTANCE_UNAVAILABLE,4,,,,
n2458675466,Парканы,5.441,,24,,,OUTSIDE_DISTANCE_UNAVAILABLE,3,,,,
n2458675467,Парканы,5.422,,24,,,OUTSIDE_DISTANCE_UNAVAILABLE,3,,,,
n2458675468,Парканы,5.402,,24,,,OUTSIDE_DISTANCE_UNAVAILABLE,3,,,,
n2458675469,Парканы,5.386,,24,,,OUTSIDE_DISTANCE_UNAVAILABLE,3,,,,
n2458675470,Парканы,5.367,,24,,,OUTSIDE_DISTANCE_UNAVAILABLE,3,,,,
n2458675471,Парканы,5.34,,24,,,OUTSIDE_DISTANCE_UNAVAILABLE,3,,,,
n2458684403,Парканы,5.615,,25,,,OUTSIDE_DISTANCE_UNAVAILABLE,4,,,,
n2458684404,Парканы,5.639,,25,,,OUTSIDE_DISTANCE_UNAVAILABLE,4,,,,
n2458684405,Парканы,5.647,,25,,,OUTSIDE_DISTANCE_UNAVAILABLE,4,,,,
n2458684406,Парканы,5.663,,25,,,OUTSIDE_DISTANCE_UNAVAILABLE,4,,,,
n2458684407,Парканы,5.676,,25,,,OUTSIDE_DISTANCE_UNAVAILABLE,4,,,,
n2458684408,Парканы,5.671,,25,,,OUTSIDE_DISTANCE_UNAVAILABLE,4,,,,
n2458684409,Парканы,5.654,,25,,,OUTSIDE_DISTANCE_UNAVAILABLE,4,,,,
n2458684410,Парканы,5.623,,25,,,OUTSIDE_DISTANCE_UNAVAILABLE,4,,,,
n2458684411,Парканы,5.575,,25,,,OUTSIDE_DISTANCE_UNAVAILABLE,4,,,,
n2458684412,Парканы,5.691,,25,,,OUTSIDE_DISTANCE_UNAVAILABLE,4,,,,
n2458684413,Парканы,5.708,,25,,,OUTSIDE_DISTANCE_UNAVAILABLE,4,,,,
n2458684414,Парканы,5.722,,25,,,OUTSIDE_DISTANCE_UNAVAILABLE,4,,,,
n2458684415,Парканы,5.685,,25,,,OUTSIDE_DISTANCE_UNAVAILABLE,4,,,,
n2458684416,Парканы,5.7,,25,,,OUTSIDE_DISTANCE_UNAVAILABLE,4,,,,
n2458684417,Парканы,5.715,,25,,,OUTSIDE_DISTANCE_UNAVAILABLE,4,,,,
n2458684418,Парканы,5.738,,25,,,OUTSIDE_DISTANCE_UNAVAILABLE,4,,,,
n2458684419,Парканы,5.752,,26,,,OUTSIDE_DISTANCE_UNAVAILABLE,4,,,,
n2458684420,Парканы,5.768,,26,,,OUTSIDE_DISTANCE_UNAVAILABLE,4,,,,
n2458684421,Парканы,5.73,,25,,,OUTSIDE_DISTANCE_UNAVAILABLE,4,,,,
n2458684422,Парканы,5.743,,25,,,OUTSIDE_DISTANCE_UNAVAILABLE,4,,,,
n2458684423,Парканы,5.757,,26,,,OUTSIDE_DISTANCE_UNAVAILABLE,4,,,,
n2458684424,Парканы,5.781,,26,,,OUTSIDE_DISTANCE_UNAVAILABLE,4,,,,
n2458684425,Парканы,5.795,,26,,,OUTSIDE_DISTANCE_UNAVAILABLE,4,,,,
n2458684426,Парканы,5.811,,26,,,OUTSIDE_DISTANCE_UNAVAILABLE,4,,,,
n2458684427,Парканы,5.822,,26,,,OUTSIDE_DISTANCE_UNAVAILABLE,4,,,,
n2458684428,Парканы,5.77,,26,,,OUTSIDE_DISTANCE_UNAVAILABLE,4,,,,
n2458684429,Парканы,5.784,,26,,,OUTSIDE_DISTANCE_UNAVAILABLE,4,,,,
n2458684430,Парканы,5.798,,26,,,OUTSIDE_DISTANCE_UNAVAILABLE,4,,,,
n2458684431,Парканы,5.815,,26,,,OUTSIDE_DISTANCE_UNAVAILABLE,4,,,,
n2458684432,Парканы,5.831,,26,,,OUTSIDE_DISTANCE_UNAVAILABLE,4,,,,
n2458684433,Парканы,5.849,,26,,,OUTSIDE_DISTANCE_UNAVAILABLE,4,,,,
n2458684434,Парканы,5.863,,26,,,OUTSIDE_DISTANCE_UNAVAILABLE,4,,,,
n2458684435,Парканы,5.879,,26,,,OUTSIDE_DISTANCE_UNAVAILABLE,4,,,,
n2458684436,Парканы,5.896,,26,,,OUTSIDE_DISTANCE_UNAVAILABLE,4,,,,
n2458684437,Парканы,5.945,,26,,,OUTSIDE_DISTANCE_UNAVAILABLE,4,,,,
n2458684438,Парканы,5.984,,26,,,OUTSIDE_DISTANCE_UNAVAILABLE,4,,,,
n2458684439,Парканы,5.914,,26,,,OUTSIDE_DISTANCE_UNAVAILABLE,4,,,,
n2458684441,Парканы,6.019,,27,,,OUTSIDE_DISTANCE_UNAVAILABLE,4,,,,
n2458688076,Парканы,6.062,,27,,,OUTSIDE_DISTANCE_UNAVAILABLE,4,,,,
n2458688082,Парканы,6.028,,27,,,OUTSIDE_DISTANCE_UNAVAILABLE,4,,,,
n2458688085,Парканы,6.009,,27,,,OUTSIDE_DISTANCE_UNAVAILABLE,4,,,,
n2458688088,Парканы,5.99,,26,,,OUTSIDE_DISTANCE_UNAVAILABLE,4,,,,
n2458688091,Парканы,5.976,,26,,,OUTSIDE_DISTANCE_UNAVAILABLE,4,,,,
n2458688094,Парканы,6.078,,27,,,OUTSIDE_DISTANCE_UNAVAILABLE,4,,,,
n2458688097,Парканы,6.095,,27,,,OUTSIDE_DISTANCE_UNAVAILABLE,4,,,,
n2458688099,Парканы,6.109,,27,,,OUTSIDE_DISTANCE_UNAVAILABLE,4,,,,
n2458688102,Парканы,6.072,,27,,,OUTSIDE_DISTANCE_UNAVAILABLE,4,,,,
n2458688104,Парканы,6.088,,27,,,OUTSIDE_DISTANCE_UNAVAILABLE,4,,,,
n2458688107,Парканы,6.103,,27,,,OUTSIDE_DISTANCE_UNAVAILABLE,4,,,,
n2458700718,Парканы,5.943,,26,,,OUTSIDE_DISTANCE_UNAVAILABLE,4,,,,
n2458700719,Парканы,5.96,,26,,,OUTSIDE_DISTANCE_UNAVAILABLE,4,,,,
n2458700720,Парканы,5.835,,26,,,OUTSIDE_DISTANCE_UNAVAILABLE,4,,,,
n2458700722,Парканы,5.849,,26,,,OUTSIDE_DISTANCE_UNAVAILABLE,4,,,,
n2458700723,Парканы,5.863,,26,,,OUTSIDE_DISTANCE_UNAVAILABLE,4,,,,
n2458700725,Парканы,5.876,,26,,,OUTSIDE_DISTANCE_UNAVAILABLE,4,,,,
n2458700727,Парканы,5.888,,26,,,OUTSIDE_DISTANCE_UNAVAILABLE,4,,,,
n2458700729,Парканы,5.902,,26,,,OUTSIDE_DISTANCE_UNAVAILABLE,4,,,,
n2458700733,Парканы,5.916,,26,,,OUTSIDE_DISTANCE_UNAVAILABLE,4,,,,
n2458700735,Парканы,5.93,,26,,,OUTSIDE_DISTANCE_UNAVAILABLE,4,,,,
n2458735858,Парканы,6.125,,27,,,OUTSIDE_DISTANCE_UNAVAILABLE,4,,,,
n2458735861,Парканы,6.141,,27,,,OUTSIDE_DISTANCE_UNAVAILABLE,4,,,,
n2458735863,Парканы,6.158,,27,,,OUTSIDE_DISTANCE_UNAVAILABLE,4,,,,
n2458735866,Парканы,6.175,,27,,,OUTSIDE_DISTANCE_UNAVAILABLE,4,,,,
n2458735869,Парканы,6.119,,27,,,OUTSIDE_DISTANCE_UNAVAILABLE,4,,,,
n2458735871,Парканы,6.135,,27,,,OUTSIDE_DISTANCE_UNAVAILABLE,4,,,,
n2458735874,Парканы,6.15,,27,,,OUTSIDE_DISTANCE_UNAVAILABLE,4,,,,
n2458735877,Парканы,6.168,,27,,,OUTSIDE_DISTANCE_UNAVAILABLE,4,,,,
n2458735880,Парканы,6.193,,27,,,OUTSIDE_DISTANCE_UNAVAILABLE,4,,,,
n2458735883,Парканы,6.184,,27,,,OUTSIDE_DISTANCE_UNAVAILABLE,4,,,,
n2458735885,Парканы,6.201,,27,,,OUTSIDE_DISTANCE_UNAVAILABLE,4,,,,
n2458735887,Парканы,6.215,,27,,,OUTSIDE_DISTANCE_UNAVAILABLE,4,,,,
n2458735890,Парканы,6.229,,27,,,OUTSIDE_DISTANCE_UNAVAILABLE,4,,,,
n2458735893,Парканы,6.207,,27,,,OUTSIDE_DISTANCE_UNAVAILABLE,4,,,,
n2458735895,Парканы,6.22,,27,,,OUTSIDE_DISTANCE_UNAVAILABLE,4,,,,
n2458735898,Парканы,6.235,,27,,,OUTSIDE_DISTANCE_UNAVAILABLE,4,,,,
n2458735901,Парканы,6.249,,27,,,OUTSIDE_DISTANCE_UNAVAILABLE,4,,,,
n2458735904,Парканы,6.244,,27,,,OUTSIDE_DISTANCE_UNAVAILABLE,4,,,,
n2458735907,Парканы,6.26,,28,,,OUTSIDE_DISTANCE_UNAVAILABLE,4,,,,
n2458735910,Парканы,6.275,,28,,,OUTSIDE_DISTANCE_UNAVAILABLE,4,,,,
n2458735912,Парканы,6.261,,28,,,OUTSIDE_DISTANCE_UNAVAILABLE,4,,,,
n2458735915,Парканы,6.275,,28,,,OUTSIDE_DISTANCE_UNAVAILABLE,4,,,,
n2458735918,Парканы,6.286,,28,,,OUTSIDE_DISTANCE_UNAVAILABLE,4,,,,
n2458735921,Парканы,6.29,,28,,,OUTSIDE_DISTANCE_UNAVAILABLE,4,,,,
n2458735924,Парканы,6.304,,28,,,OUTSIDE_DISTANCE_UNAVAILABLE,4,,,,
n2458735926,Парканы,6.299,,28,,,OUTSIDE_DISTANCE_UNAVAILABLE,4,,,,
n2458735929,Парканы,6.31,,28,,,OUTSIDE_DISTANCE_UNAVAILABLE,4,,,,
n2458735932,Парканы,6.322,,28,,,OUTSIDE_DISTANCE_UNAVAILABLE,4,,,,
n2458735934,Парканы,6.333,,28,,,OUTSIDE_DISTANCE_UNAVAILABLE,4,,,,
n2458735937,Парканы,6.346,,28,,,OUTSIDE_DISTANCE_UNAVAILABLE,4,,,,
n2458735940,Парканы,6.32,,28,,,OUTSIDE_DISTANCE_UNAVAILABLE,4,,,,
n2458735942,Парканы,6.334,,28,,,OUTSIDE_DISTANCE_UNAVAILABLE,4,,,,
n2458735945,Парканы,6.351,,28,,,OUTSIDE_DISTANCE_UNAVAILABLE,4,,,,
n2458735948,Парканы,6.367,,28,,,OUTSIDE_DISTANCE_UNAVAILABLE,4,,,,
n2458735950,Парканы,6.375,,28,,,OUTSIDE_DISTANCE_UNAVAILABLE,4,,,,
n2458735953,Парканы,6.359,,28,,,OUTSIDE_DISTANCE_UNAVAILABLE,4,,,,
n2458735956,Парканы,6.369,,28,,,OUTSIDE_DISTANCE_UNAVAILABLE,4,,,,
n2458735958,Парканы,6.381,,28,,,OUTSIDE_DISTANCE_UNAVAILABLE,4,,,,
n2458735961,Парканы,6.394,,28,,,OUTSIDE_DISTANCE_UNAVAILABLE,4,,,,
n2458735964,Парканы,6.407,,28,,,OUTSIDE_DISTANCE_UNAVAILABLE,4,,,,
n2458735967,Парканы,6.418,,28,,,OUTSIDE_DISTANCE_UNAVAILABLE,4,,,,
n2458735970,Парканы,6.432,,28,,,OUTSIDE_DISTANCE_UNAVAILABLE,4,,,,
n2458735972,Парканы,6.449,,28,,,OUTSIDE_DISTANCE_UNAVAILABLE,4,,,,
n2458735973,Парканы,6.463,,28,,,OUTSIDE_DISTANCE_UNAVAILABLE,4,,,,
n2458735974,Парканы,6.476,,28,,,OUTSIDE_DISTANCE_UNAVAILABLE,4,,,,
n2458735975,Парканы,6.49,,28,,,OUTSIDE_DISTANCE_UNAVAILABLE,4,,,,
n2458735976,Парканы,6.505,,29,,,OUTSIDE_DISTANCE_UNAVAILABLE,4,,,,
n2458739064,Парканы,6.395,,28,,,OUTSIDE_DISTANCE_UNAVAILABLE,4,,,,
n2458739065,Парканы,6.406,,28,,,OUTSIDE_DISTANCE_UNAVAILABLE,4,,,,
n2458739066,Парканы,6.417,,28,,,OUTSIDE_DISTANCE_UNAVAILABLE,4,,,,
n2458739067,Парканы,6.429,,28,,,OUTSIDE_DISTANCE_UNAVAILABLE,4,,,,
n2458739068,Парканы,6.444,,28,,,OUTSIDE_DISTANCE_UNAVAILABLE,4,,,,
n2458739069,Парканы,6.462,,28,,,OUTSIDE_DISTANCE_UNAVAILABLE,4,,,,
n2458739070,Парканы,6.478,,28,,,OUTSIDE_DISTANCE_UNAVAILABLE,4,,,,
n2458739071,Парканы,6.495,,28,,,OUTSIDE_DISTANCE_UNAVAILABLE,4,,,,
n2458850213,Парканы,4.88,,22,,,OUTSIDE_DISTANCE_UNAVAILABLE,3,,,,
n2458850214,Парканы,4.902,,22,,,OUTSIDE_DISTANCE_UNAVAILABLE,3,,,,
n2458850215,Парканы,4.886,,22,,,OUTSIDE_DISTANCE_UNAVAILABLE,3,,,,
n2458850216,Парканы,4.906,,22,,,OUTSIDE_DISTANCE_UNAVAILABLE,3,,,,
n2458850217,Парканы,4.919,,22,,,OUTSIDE_DISTANCE_UNAVAILABLE,3,,,,
n2458850218,Парканы,4.938,,22,,,OUTSIDE_DISTANCE_UNAVAILABLE,3,,,,
n2458850219,Парканы,4.953,,22,,,OUTSIDE_DISTANCE_UNAVAILABLE,3,,,,
n2458850220,Парканы,4.972,,22,,,OUTSIDE_DISTANCE_UNAVAILABLE,3,,,,
n2458850221,Парканы,4.987,,22,,,OUTSIDE_DISTANCE_UNAVAILABLE,3,,,,
n2458850222,Парканы,5.003,,23,,,OUTSIDE_DISTANCE_UNAVAILABLE,3,,,,
n2458850223,Парканы,5.021,,23,,,OUTSIDE_DISTANCE_UNAVAILABLE,3,,,,
n2458850224,Парканы,5.04,,23,,,OUTSIDE_DISTANCE_UNAVAILABLE,3,,,,
n2458850225,Парканы,5.059,,23,,,OUTSIDE_DISTANCE_UNAVAILABLE,3,,,,
n2458850226,Парканы,5.07,,23,,,OUTSIDE_DISTANCE_UNAVAILABLE,3,,,,
n2458850227,Парканы,5.082,,23,,,OUTSIDE_DISTANCE_UNAVAILABLE,3,,,,
n2458850228,Парканы,5.099,,23,,,OUTSIDE_DISTANCE_UNAVAILABLE,3,,,,
n2458850229,Парканы,5.12,,23,,,OUTSIDE_DISTANCE_UNAVAILABLE,3,,,,
n2458850230,Парканы,5.466,,24,,,OUTSIDE_DISTANCE_UNAVAILABLE,3,,,,
n2458850231,Парканы,5.47,,24,,,OUTSIDE_DISTANCE_UNAVAILABLE,3,,,,
n2458850232,Парканы,5.451,,24,,,OUTSIDE_DISTANCE_UNAVAILABLE,3,,,,
n2458850233,Парканы,5.432,,24,,,OUTSIDE_DISTANCE_UNAVAILABLE,3,,,,
n2458850234,Парканы,5.418,,24,,,OUTSIDE_DISTANCE_UNAVAILABLE,3,,,,
n2458850235,Парканы,5.41,,24,,,OUTSIDE_DISTANCE_UNAVAILABLE,3,,,,
n2458850723,Парканы,5.141,,23,,,OUTSIDE_DISTANCE_UNAVAILABLE,3,,,,
n2458850724,Парканы,5.157,,23,,,OUTSIDE_DISTANCE_UNAVAILABLE,3,,,,
n2458850725,Парканы,5.176,,23,,,OUTSIDE_DISTANCE_UNAVAILABLE,3,,,,
n2458850726,Парканы,5.197,,23,,,OUTSIDE_DISTANCE_UNAVAILABLE,3,,,,
n2458850727,Парканы,5.213,,23,,,OUTSIDE_DISTANCE_UNAVAILABLE,3,,,,
n2458850728,Парканы,5.231,,23,,,OUTSIDE_DISTANCE_UNAVAILABLE,3,,,,
n2458850729,Парканы,5.255,,24,,,OUTSIDE_DISTANCE_UNAVAILABLE,3,,,,
n2458850730,Парканы,5.272,,24,,,OUTSIDE_DISTANCE_UNAVAILABLE,3,,,,
n2458850731,Парканы,5.288,,24,,,OUTSIDE_DISTANCE_UNAVAILABLE,3,,,,
n2458850732,Парканы,5.312,,24,,,OUTSIDE_DISTANCE_UNAVAILABLE,3,,,,
n2458850733,Парканы,5.324,,24,,,OUTSIDE_DISTANCE_UNAVAILABLE,3,,,,
n2458850734,Парканы,5.384,,24,,,OUTSIDE_DISTANCE_UNAVAILABLE,3,,,,
n2458850735,Парканы,5.342,,24,,,OUTSIDE_DISTANCE_UNAVAILABLE,3,,,,
n2458850736,Парканы,5.356,,24,,,OUTSIDE_DISTANCE_UNAVAILABLE,3,,,,
n2458850737,Парканы,5.371,,24,,,OUTSIDE_DISTANCE_UNAVAILABLE,3,,,,
n2458850738,Парканы,5.399,,24,,,OUTSIDE_DISTANCE_UNAVAILABLE,3,,,,
n2458850739,Парканы,5.411,,24,,,OUTSIDE_DISTANCE_UNAVAILABLE,3,,,,
n2458850740,Парканы,5.428,,24,,,OUTSIDE_DISTANCE_UNAVAILABLE,3,,,,
n2458850741,Парканы,5.447,,24,,,OUTSIDE_DISTANCE_UNAVAILABLE,3,,,,
n2458875253,Парканы,5.394,,24,,,OUTSIDE_DISTANCE_UNAVAILABLE,3,,,,
n2458875257,Парканы,5.378,,24,,,OUTSIDE_DISTANCE_UNAVAILABLE,3,,,,
n2458875260,Парканы,5.36,,24,,,OUTSIDE_DISTANCE_UNAVAILABLE,3,,,,
n2458875262,Парканы,5.343,,24,,,OUTSIDE_DISTANCE_UNAVAILABLE,3,,,,
n2458875264,Парканы,5.328,,24,,,OUTSIDE_DISTANCE_UNAVAILABLE,3,,,,
n2458875266,Парканы,5.309,,24,,,OUTSIDE_DISTANCE_UNAVAILABLE,3,,,,
n2458875269,Парканы,5.297,,24,,,OUTSIDE_DISTANCE_UNAVAILABLE,3,,,,
n2458875271,Парканы,5.29,,24,,,OUTSIDE_DISTANCE_UNAVAILABLE,3,,,,
n2458875273,Парканы,5.273,,24,,,OUTSIDE_DISTANCE_UNAVAILABLE,3,,,,
n2458875276,Парканы,5.255,,24,,,OUTSIDE_DISTANCE_UNAVAILABLE,3,,,,
n2458875278,Парканы,5.233,,23,,,OUTSIDE_DISTANCE_UNAVAILABLE,3,,,,
n2458875280,Парканы,5.223,,23,,,OUTSIDE_DISTANCE_UNAVAILABLE,3,,,,
n2458875282,Парканы,5.214,,23,,,OUTSIDE_DISTANCE_UNAVAILABLE,3,,,,
n2458875285,Парканы,5.195,,23,,,OUTSIDE_DISTANCE_UNAVAILABLE,3,,,,
n2458875287,Парканы,5.179,,23,,,OUTSIDE_DISTANCE_UNAVAILABLE,3,,,,
n2458875290,Парканы,5.16,,23,,,OUTSIDE_DISTANCE_UNAVAILABLE,3,,,,
n2458875292,Парканы,5.141,,23,,,OUTSIDE_DISTANCE_UNAVAILABLE,3,,,,
n2458875294,Парканы,5.12,,23,,,OUTSIDE_DISTANCE_UNAVAILABLE,3,,,,
n2458875297,Парканы,5.101,,23,,,OUTSIDE_DISTANCE_UNAVAILABLE,3,,,,
n2458875301,Парканы,5.087,,23,,,OUTSIDE_DISTANCE_UNAVAILABLE,3,,,,
n2458875304,Парканы,5.07,,23,,,OUTSIDE_DISTANCE_UNAVAILABLE,3,,,,
n2458875306,Парканы,5.055,,23,,,OUTSIDE_DISTANCE_UNAVAILABLE,3,,,,
n2458875308,Парканы,5.041,,23,,,OUTSIDE_DISTANCE_UNAVAILABLE,3,,,,
n2458875311,Парканы,5.022,,23,,,OUTSIDE_DISTANCE_UNAVAILABLE,3,,,,
n2458875313,Парканы,4.921,,22,,,OUTSIDE_DISTANCE_UNAVAILABLE,3,,,,
n2458875315,Парканы,5.004,,23,,,OUTSIDE_DISTANCE_UNAVAILABLE,3,,,,
n2458875318,Парканы,4.991,,22,,,OUTSIDE_DISTANCE_UNAVAILABLE,3,,,,
n2458875320,Парканы,4.972,,22,,,OUTSIDE_DISTANCE_UNAVAILABLE,3,,,,
n2458875322,Парканы,4.94,,22,,,OUTSIDE_DISTANCE_UNAVAILABLE,3,,,,
n2458915128,Парканы,5.572,,25,,,OUTSIDE_DISTANCE_UNAVAILABLE,4,,,,
n2458915132,Парканы,5.587,,25,,,OUTSIDE_DISTANCE_UNAVAILABLE,4,,,,
n2458915134,Парканы,5.603,,25,,,OUTSIDE_DISTANCE_UNAVAILABLE,4,,,,
n2458915135,Парканы,5.584,,25,,,OUTSIDE_DISTANCE_UNAVAILABLE,4,,,,
n2458915136,Парканы,5.606,,25,,,OUTSIDE_DISTANCE_UNAVAILABLE,4,,,,
n2458915137,Парканы,5.625,,25,,,OUTSIDE_DISTANCE_UNAVAILABLE,4,,,,
n2458915138,Парканы,5.617,,25,,,OUTSIDE_DISTANCE_UNAVAILABLE,4,,,,
n2458915139,Парканы,5.636,,25,,,OUTSIDE_DISTANCE_UNAVAILABLE,4,,,,
n2458915140,Парканы,5.687,,25,,,OUTSIDE_DISTANCE_UNAVAILABLE,4,,,,
n2458915141,Парканы,5.668,,25,,,OUTSIDE_DISTANCE_UNAVAILABLE,4,,,,
n2458915142,Парканы,5.644,,25,,,OUTSIDE_DISTANCE_UNAVAILABLE,4,,,,
n2458959238,Парканы,5.652,,25,,,OUTSIDE_DISTANCE_UNAVAILABLE,4,,,,
n2458959239,Парканы,5.666,,25,,,OUTSIDE_DISTANCE_UNAVAILABLE,4,,,,
n2458959240,Парканы,5.707,,25,,,OUTSIDE_DISTANCE_UNAVAILABLE,4,,,,
n2458959241,Парканы,5.745,,25,,,OUTSIDE_DISTANCE_UNAVAILABLE,4,,,,
n2458959242,Парканы,5.767,,26,,,OUTSIDE_DISTANCE_UNAVAILABLE,4,,,,
n2458959243,Парканы,5.788,,26,,,OUTSIDE_DISTANCE_UNAVAILABLE,4,,,,
n2458959244,Парканы,6.344,,28,,,OUTSIDE_DISTANCE_UNAVAILABLE,4,,,,
n2458959245,Парканы,6.321,,28,,,OUTSIDE_DISTANCE_UNAVAILABLE,4,,,,
n2458959246,Парканы,5.684,,25,,,OUTSIDE_DISTANCE_UNAVAILABLE,4,,,,
n2458959247,Парканы,5.704,,25,,,OUTSIDE_DISTANCE_UNAVAILABLE,4,,,,
n2458959248,Парканы,5.72,,25,,,OUTSIDE_DISTANCE_UNAVAILABLE,4,,,,
n2458959249,Парканы,5.735,,25,,,OUTSIDE_DISTANCE_UNAVAILABLE,4,,,,
n2458959250,Парканы,5.75,,25,,,OUTSIDE_DISTANCE_UNAVAILABLE,4,,,,
n2458959251,Парканы,5.768,,26,,,OUTSIDE_DISTANCE_UNAVAILABLE,4,,,,
n2458959252,Парканы,5.8,,26,,,OUTSIDE_DISTANCE_UNAVAILABLE,4,,,,
n2458959253,Парканы,6.331,,28,,,OUTSIDE_DISTANCE_UNAVAILABLE,4,,,,
n2458959254,Парканы,6.3,,28,,,OUTSIDE_DISTANCE_UNAVAILABLE,4,,,,
n2458959255,Парканы,6.279,,28,,,OUTSIDE_DISTANCE_UNAVAILABLE,4,,,,
n2458959256,Парканы,6.261,,28,,,OUTSIDE_DISTANCE_UNAVAILABLE,4,,,,
n2458959257,Парканы,6.237,,27,,,OUTSIDE_DISTANCE_UNAVAILABLE,4,,,,
n2458959258,Парканы,6.218,,27,,,OUTSIDE_DISTANCE_UNAVAILABLE,4,,,,
n2458959259,Парканы,6.194,,27,,,OUTSIDE_DISTANCE_UNAVAILABLE,4,,,,
n2458959260,Парканы,6.179,,27,,,OUTSIDE_DISTANCE_UNAVAILABLE,4,,,,
n2458959261,Парканы,6.156,,27,,,OUTSIDE_DISTANCE_UNAVAILABLE,4,,,,
n2458959262,Парканы,6.132,,27,,,OUTSIDE_DISTANCE_UNAVAILABLE,4,,,,
n2458959263,Парканы,6.112,,27,,,OUTSIDE_DISTANCE_UNAVAILABLE,4,,,,
n2459008230,Парканы,6.312,,28,,,OUTSIDE_DISTANCE_UNAVAILABLE,4,,,,
n2459008231,Парканы,6.274,,28,,,OUTSIDE_DISTANCE_UNAVAILABLE,4,,,,
n2459008232,Парканы,6.255,,28,,,OUTSIDE_DISTANCE_UNAVAILABLE,4,,,,
n2459008233,Парканы,6.229,,27,,,OUTSIDE_DISTANCE_UNAVAILABLE,4,,,,
n2459008234,Парканы,6.209,,27,,,OUTSIDE_DISTANCE_UNAVAILABLE,4,,,,
n2459008235,Парканы,6.19,,27,,,OUTSIDE_DISTANCE_UNAVAILABLE,4,,,,
n2459008236,Парканы,6.167,,27,,,OUTSIDE_DISTANCE_UNAVAILABLE,4,,,,
n2459008237,Парканы,6.15,,27,,,OUTSIDE_DISTANCE_UNAVAILABLE,4,,,,
n2459008238,Парканы,6.132,,27,,,OUTSIDE_DISTANCE_UNAVAILABLE,4,,,,
n2459008239,Парканы,6.108,,27,,,OUTSIDE_DISTANCE_UNAVAILABLE,4,,,,
n2459008240,Парканы,6.093,,27,,,OUTSIDE_DISTANCE_UNAVAILABLE,4,,,,
n2459008241,Парканы,6.078,,27,,,OUTSIDE_DISTANCE_UNAVAILABLE,4,,,,
n2459008242,Парканы,6.062,,27,,,OUTSIDE_DISTANCE_UNAVAILABLE,4,,,,
n2459008243,Парканы,6.046,,27,,,OUTSIDE_DISTANCE_UNAVAILABLE,4,,,,
n2459008244,Парканы,6.025,,27,,,OUTSIDE_DISTANCE_UNAVAILABLE,4,,,,
n2459008245,Парканы,5.982,,26,,,OUTSIDE_DISTANCE_UNAVAILABLE,4,,,,
n2459008246,Парканы,5.986,,26,,,OUTSIDE_DISTANCE_UNAVAILABLE,4,,,,
n2459008247,Парканы,5.997,,26,,,OUTSIDE_DISTANCE_UNAVAILABLE,4,,,,
n2459008248,Парканы,6.01,,27,,,OUTSIDE_DISTANCE_UNAVAILABLE,4,,,,
n2459008249,Парканы,6.003,,27,,,OUTSIDE_DISTANCE_UNAVAILABLE,4,,,,
n2459008250,Парканы,6.019,,27,,,OUTSIDE_DISTANCE_UNAVAILABLE,4,,,,
n2459008251,Парканы,6.035,,27,,,OUTSIDE_DISTANCE_UNAVAILABLE,4,,,,
n2459008252,Парканы,6.053,,27,,,OUTSIDE_DISTANCE_UNAVAILABLE,4,,,,
n2459008253,Парканы,6.067,,27,,,OUTSIDE_DISTANCE_UNAVAILABLE,4,,,,
n2459008254,Парканы,6.081,,27,,,OUTSIDE_DISTANCE_UNAVAILABLE,4,,,,
n2459008255,Парканы,6.096,,27,,,OUTSIDE_DISTANCE_UNAVAILABLE,4,,,,
n2459008256,Парканы,6.008,,27,,,OUTSIDE_DISTANCE_UNAVAILABLE,4,,,,
n2459008257,Парканы,6.026,,27,,,OUTSIDE_DISTANCE_UNAVAILABLE,4,,,,
n2459008258,Парканы,6.045,,27,,,OUTSIDE_DISTANCE_UNAVAILABLE,4,,,,
n2459008259,Парканы,6.066,,27,,,OUTSIDE_DISTANCE_UNAVAILABLE,4,,,,
n2459008260,Парканы,6.086,,27,,,OUTSIDE_DISTANCE_UNAVAILABLE,4,,,,
n2459008261,Парканы,6.104,,27,,,OUTSIDE_DISTANCE_UNAVAILABLE,4,,,,
n2459013792,Парканы,6.175,,27,,,OUTSIDE_DISTANCE_UNAVAILABLE,4,,,,
n2459013797,Парканы,6.213,,27,,,OUTSIDE_DISTANCE_UNAVAILABLE,4,,,,
n2459051284,Парканы,4.997,,22,,,OUTSIDE_DISTANCE_UNAVAILABLE,3,,,,
n2459051286,Парканы,5.011,,23,,,OUTSIDE_DISTANCE_UNAVAILABLE,3,,,,
n2459051289,Парканы,5.025,,23,,,OUTSIDE_DISTANCE_UNAVAILABLE,3,,,,
n2459051292,Парканы,5.038,,23,,,OUTSIDE_DISTANCE_UNAVAILABLE,3,,,,
n2459051295,Парканы,5.049,,23,,,OUTSIDE_DISTANCE_UNAVAILABLE,3,,,,
n2459051298,Парканы,5.064,,23,,,OUTSIDE_DISTANCE_UNAVAILABLE,3,,,,
n2459051301,Парканы,5.079,,23,,,OUTSIDE_DISTANCE_UNAVAILABLE,3,,,,
n2459051305,Парканы,5.097,,23,,,OUTSIDE_DISTANCE_UNAVAILABLE,3,,,,
n2459051310,Парканы,5.114,,23,,,OUTSIDE_DISTANCE_UNAVAILABLE,3,,,,
n2459051313,Парканы,5.134,,23,,,OUTSIDE_DISTANCE_UNAVAILABLE,3,,,,
n2459051316,Парканы,5.15,,23,,,OUTSIDE_DISTANCE_UNAVAILABLE,3,,,,
n2459051319,Парканы,5.166,,23,,,OUTSIDE_DISTANCE_UNAVAILABLE,3,,,,
n2459051322,Парканы,5.18,,23,,,OUTSIDE_DISTANCE_UNAVAILABLE,3,,,,
n2459051324,Парканы,5.2,,23,,,OUTSIDE_DISTANCE_UNAVAILABLE,3,,,,
n2459051327,Парканы,5.214,,23,,,OUTSIDE_DISTANCE_UNAVAILABLE,3,,,,
n2459051330,Парканы,5.231,,23,,,OUTSIDE_DISTANCE_UNAVAILABLE,3,,,,
n2459051333,Парканы,5.245,,23,,,OUTSIDE_DISTANCE_UNAVAILABLE,3,,,,
n2459051336,Парканы,5.266,,24,,,OUTSIDE_DISTANCE_UNAVAILABLE,3,,,,
n2459051339,Парканы,5.286,,24,,,OUTSIDE_DISTANCE_UNAVAILABLE,3,,,,
n2459051342,Парканы,5.304,,24,,,OUTSIDE_DISTANCE_UNAVAILABLE,3,,,,
n2459051345,Парканы,5.321,,24,,,OUTSIDE_DISTANCE_UNAVAILABLE,3,,,,
n2459051348,Парканы,5.343,,24,,,OUTSIDE_DISTANCE_UNAVAILABLE,3,,,,
n2459051350,Парканы,5.359,,24,,,OUTSIDE_DISTANCE_UNAVAILABLE,3,,,,
n2459051351,Парканы,5.377,,24,,,OUTSIDE_DISTANCE_UNAVAILABLE,3,,,,
n2459051352,Парканы,5.397,,24,,,OUTSIDE_DISTANCE_UNAVAILABLE,3,,,,
n2459051354,Парканы,5.42,,24,,,OUTSIDE_DISTANCE_UNAVAILABLE,3,,,,
n2459051355,Парканы,5.371,,24,,,OUTSIDE_DISTANCE_UNAVAILABLE,3,,,,
n2459051358,Парканы,5.51,,25,,,OUTSIDE_DISTANCE_UNAVAILABLE,3,,,,
n2459051359,Парканы,5.527,,25,,,OUTSIDE_DISTANCE_UNAVAILABLE,3,,,,
n2459051360,Парканы,5.543,,25,,,OUTSIDE_DISTANCE_UNAVAILABLE,4,,,,
n2459051361,Парканы,5.561,,25,,,OUTSIDE_DISTANCE_UNAVAILABLE,4,,,,
n2459051362,Парканы,5.577,,25,,,OUTSIDE_DISTANCE_UNAVAILABLE,4,,,,
n2459051363,Парканы,5.595,,25,,,OUTSIDE_DISTANCE_UNAVAILABLE,4,,,,
n2459051364,Парканы,5.611,,25,,,OUTSIDE_DISTANCE_UNAVAILABLE,4,,,,
n2459051365,Парканы,5.629,,25,,,OUTSIDE_DISTANCE_UNAVAILABLE,4,,,,
n2459051366,Парканы,5.648,,25,,,OUTSIDE_DISTANCE_UNAVAILABLE,4,,,,
n2459081089,Парканы,5.611,,25,,,OUTSIDE_DISTANCE_UNAVAILABLE,4,,,,
n2459081093,Парканы,5.597,,25,,,OUTSIDE_DISTANCE_UNAVAILABLE,4,,,,
n2459081098,Парканы,5.584,,25,,,OUTSIDE_DISTANCE_UNAVAILABLE,4,,,,
n2459081103,Парканы,5.57,,25,,,OUTSIDE_DISTANCE_UNAVAILABLE,4,,,,
n2459081109,Парканы,5.556,,25,,,OUTSIDE_DISTANCE_UNAVAILABLE,4,,,,
n2459081114,Парканы,5.545,,25,,,OUTSIDE_DISTANCE_UNAVAILABLE,4,,,,
n2459081119,Парканы,5.527,,25,,,OUTSIDE_DISTANCE_UNAVAILABLE,3,,,,
n2459081125,Парканы,5.502,,25,,,OUTSIDE_DISTANCE_UNAVAILABLE,3,,,,
n2459081129,Парканы,5.515,,25,,,OUTSIDE_DISTANCE_UNAVAILABLE,3,,,,
n2459081133,Парканы,5.491,,24,,,OUTSIDE_DISTANCE_UNAVAILABLE,3,,,,
n2459081139,Парканы,5.474,,24,,,OUTSIDE_DISTANCE_UNAVAILABLE,3,,,,
n2459081144,Парканы,5.457,,24,,,OUTSIDE_DISTANCE_UNAVAILABLE,3,,,,
n2459081149,Парканы,5.663,,25,,,OUTSIDE_DISTANCE_UNAVAILABLE,4,,,,
n2459081153,Парканы,5.675,,25,,,OUTSIDE_DISTANCE_UNAVAILABLE,4,,,,
n2459081158,Парканы,5.683,,25,,,OUTSIDE_DISTANCE_UNAVAILABLE,4,,,,
n2459081162,Парканы,5.695,,25,,,OUTSIDE_DISTANCE_UNAVAILABLE,4,,,,
n2459081167,Парканы,5.708,,25,,,OUTSIDE_DISTANCE_UNAVAILABLE,4,,,,
n2459081173,Парканы,5.719,,25,,,OUTSIDE_DISTANCE_UNAVAILABLE,4,,,,
n2459081177,Парканы,5.732,,25,,,OUTSIDE_DISTANCE_UNAVAILABLE,4,,,,
n2459081182,Парканы,5.747,,25,,,OUTSIDE_DISTANCE_UNAVAILABLE,4,,,,
n2459081187,Парканы,5.76,,26,,,OUTSIDE_DISTANCE_UNAVAILABLE,4,,,,
n2459081196,Парканы,5.773,,26,,,OUTSIDE_DISTANCE_UNAVAILABLE,4,,,,
n2459081202,Парканы,5.786,,26,,,OUTSIDE_DISTANCE_UNAVAILABLE,4,,,,
n2459081206,Парканы,5.801,,26,,,OUTSIDE_DISTANCE_UNAVAILABLE,4,,,,
n2459081209,Парканы,5.813,,26,,,OUTSIDE_DISTANCE_UNAVAILABLE,4,,,,
n2459081212,Парканы,5.824,,26,,,OUTSIDE_DISTANCE_UNAVAILABLE,4,,,,
n2459081217,Парканы,5.838,,26,,,OUTSIDE_DISTANCE_UNAVAILABLE,4,,,,
n2459081223,Парканы,5.85,,26,,,OUTSIDE_DISTANCE_UNAVAILABLE,4,,,,
n2459081228,Парканы,5.862,,26,,,OUTSIDE_DISTANCE_UNAVAILABLE,4,,,,
n2459081235,Парканы,5.873,,26,,,OUTSIDE_DISTANCE_UNAVAILABLE,4,,,,
n2459081241,Парканы,5.887,,26,,,OUTSIDE_DISTANCE_UNAVAILABLE,4,,,,
n2459081248,Парканы,5.9,,26,,,OUTSIDE_DISTANCE_UNAVAILABLE,4,,,,
n2459081254,Парканы,5.914,,26,,,OUTSIDE_DISTANCE_UNAVAILABLE,4,,,,
n2459081259,Парканы,5.928,,26,,,OUTSIDE_DISTANCE_UNAVAILABLE,4,,,,
n2459081276,Парканы,5.667,,25,,,OUTSIDE_DISTANCE_UNAVAILABLE,4,,,,
n2459081279,Парканы,5.686,,25,,,OUTSIDE_DISTANCE_UNAVAILABLE,4,,,,
n2459081282,Парканы,5.707,,25,,,OUTSIDE_DISTANCE_UNAVAILABLE,4,,,,
n2459081284,Парканы,5.724,,25,,,OUTSIDE_DISTANCE_UNAVAILABLE,4,,,,
n2459081287,Парканы,5.74,,25,,,OUTSIDE_DISTANCE_UNAVAILABLE,4,,,,
n2459081290,Парканы,5.754,,26,,,OUTSIDE_DISTANCE_UNAVAILABLE,4,,,,
n2459081293,Парканы,5.772,,26,,,OUTSIDE_DISTANCE_UNAVAILABLE,4,,,,
n2459081295,Парканы,5.787,,26,,,OUTSIDE_DISTANCE_UNAVAILABLE,4,,,,
n2459081298,Парканы,5.804,,26,,,OUTSIDE_DISTANCE_UNAVAILABLE,4,,,,
n2459147555,Парканы,5.849,,26,,,OUTSIDE_DISTANCE_UNAVAILABLE,4,,,,
n2459147556,Парканы,5.865,,26,,,OUTSIDE_DISTANCE_UNAVAILABLE,4,,,,
n2459147557,Парканы,5.878,,26,,,OUTSIDE_DISTANCE_UNAVAILABLE,4,,,,
n2459147559,Парканы,5.891,,26,,,OUTSIDE_DISTANCE_UNAVAILABLE,4,,,,
n2459147560,Парканы,5.906,,26,,,OUTSIDE_DISTANCE_UNAVAILABLE,4,,,,
n2459147561,Парканы,6.45,,28,,,OUTSIDE_DISTANCE_UNAVAILABLE,4,,,,
n2459147562,Парканы,6.429,,28,,,OUTSIDE_DISTANCE_UNAVAILABLE,4,,,,
n2459147563,Парканы,6.412,,28,,,OUTSIDE_DISTANCE_UNAVAILABLE,4,,,,
n2459147565,Парканы,6.394,,28,,,OUTSIDE_DISTANCE_UNAVAILABLE,4,,,,
n2459147566,Парканы,6.378,,28,,,OUTSIDE_DISTANCE_UNAVAILABLE,4,,,,
n2459147567,Парканы,6.363,,28,,,OUTSIDE_DISTANCE_UNAVAILABLE,4,,,,
n2459147569,Парканы,6.346,,28,,,OUTSIDE_DISTANCE_UNAVAILABLE,4,,,,
n2459147570,Парканы,6.33,,28,,,OUTSIDE_DISTANCE_UNAVAILABLE,4,,,,
n2459147572,Парканы,6.314,,28,,,OUTSIDE_DISTANCE_UNAVAILABLE,4,,,,
n2459147574,Парканы,6.282,,28,,,OUTSIDE_DISTANCE_UNAVAILABLE,4,,,,
n2459147575,Парканы,6.265,,28,,,OUTSIDE_DISTANCE_UNAVAILABLE,4,,,,
n2459147577,Парканы,6.235,,27,,,OUTSIDE_DISTANCE_UNAVAILABLE,4,,,,
n2459147579,Парканы,6.216,,27,,,OUTSIDE_DISTANCE_UNAVAILABLE,4,,,,
n2459147580,Парканы,6.201,,27,,,OUTSIDE_DISTANCE_UNAVAILABLE,4,,,,
n2459147581,Парканы,6.186,,27,,,OUTSIDE_DISTANCE_UNAVAILABLE,4,,,,
n2459147582,Парканы,6.172,,27,,,OUTSIDE_DISTANCE_UNAVAILABLE,4,,,,
n2459147584,Парканы,6.157,,27,,,OUTSIDE_DISTANCE_UNAVAILABLE,4,,,,
n2459147585,Парканы,6.141,,27,,,OUTSIDE_DISTANCE_UNAVAILABLE,4,,,,
n2459147587,Парканы,6.476,,28,,,OUTSIDE_DISTANCE_UNAVAILABLE,4,,,,
n2459147588,Парканы,6.463,,28,,,OUTSIDE_DISTANCE_UNAVAILABLE,4,,,,
n2459147589,Парканы,6.451,,28,,,OUTSIDE_DISTANCE_UNAVAILABLE,4,,,,
n2459147591,Парканы,6.438,,28,,,OUTSIDE_DISTANCE_UNAVAILABLE,4,,,,
n2459147592,Парканы,6.423,,28,,,OUTSIDE_DISTANCE_UNAVAILABLE,4,,,,
n2459147593,Парканы,6.411,,28,,,OUTSIDE_DISTANCE_UNAVAILABLE,4,,,,
n2459147595,Парканы,6.395,,28,,,OUTSIDE_DISTANCE_UNAVAILABLE,4,,,,
n2459147596,Парканы,6.383,,28,,,OUTSIDE_DISTANCE_UNAVAILABLE,4,,,,
n2459147597,Парканы,6.367,,28,,,OUTSIDE_DISTANCE_UNAVAILABLE,4,,,,
n2459147598,Парканы,6.354,,28,,,OUTSIDE_DISTANCE_UNAVAILABLE,4,,,,
n2459147599,Парканы,6.34,,28,,,OUTSIDE_DISTANCE_UNAVAILABLE,4,,,,
n2459147600,Парканы,6.327,,28,,,OUTSIDE_DISTANCE_UNAVAILABLE,4,,,,
n2459147601,Парканы,6.314,,28,,,OUTSIDE_DISTANCE_UNAVAILABLE,4,,,,
n2459147603,Парканы,6.289,,28,,,OUTSIDE_DISTANCE_UNAVAILABLE,4,,,,
n2459147604,Парканы,6.274,,28,,,OUTSIDE_DISTANCE_UNAVAILABLE,4,,,,
n2459147605,Парканы,6.261,,28,,,OUTSIDE_DISTANCE_UNAVAILABLE,4,,,,
n2459147606,Парканы,6.247,,27,,,OUTSIDE_DISTANCE_UNAVAILABLE,4,,,,
n2459147607,Парканы,6.231,,27,,,OUTSIDE_DISTANCE_UNAVAILABLE,4,,,,
n2459147608,Парканы,6.216,,27,,,OUTSIDE_DISTANCE_UNAVAILABLE,4,,,,
n2459147609,Парканы,6.203,,27,,,OUTSIDE_DISTANCE_UNAVAILABLE,4,,,,
n2459147610,Парканы,6.188,,27,,,OUTSIDE_DISTANCE_UNAVAILABLE,4,,,,
n2459147611,Парканы,6.158,,27,,,OUTSIDE_DISTANCE_UNAVAILABLE,4,,,,
n2459147612,Парканы,6.143,,27,,,OUTSIDE_DISTANCE_UNAVAILABLE,4,,,,
n2459147613,Парканы,6.193,,27,,,OUTSIDE_DISTANCE_UNAVAILABLE,4,,,,
n2459147616,Парканы,6.236,,27,,,OUTSIDE_DISTANCE_UNAVAILABLE,4,,,,
n2459147617,Парканы,6.26,,28,,,OUTSIDE_DISTANCE_UNAVAILABLE,4,,,,
n2459147618,Парканы,6.138,,27,,,OUTSIDE_DISTANCE_UNAVAILABLE,4,,,,
n2459147619,Парканы,6.154,,27,,,OUTSIDE_DISTANCE_UNAVAILABLE,4,,,,
n2459147620,Парканы,6.166,,27,,,OUTSIDE_DISTANCE_UNAVAILABLE,4,,,,
n2459147621,Парканы,6.183,,27,,,OUTSIDE_DISTANCE_UNAVAILABLE,4,,,,
n2459147622,Парканы,6.197,,27,,,OUTSIDE_DISTANCE_UNAVAILABLE,4,,,,
n2459147623,Парканы,6.214,,27,,,OUTSIDE_DISTANCE_UNAVAILABLE,4,,,,
n2459147624,Парканы,6.231,,27,,,OUTSIDE_DISTANCE_UNAVAILABLE,4,,,,
n2459147625,Парканы,6.258,,28,,,OUTSIDE_DISTANCE_UNAVAILABLE,4,,,,
n2459147635,Парканы,6.308,,28,,,OUTSIDE_DISTANCE_UNAVAILABLE,4,,,,
n2459147637,Парканы,6.327,,28,,,OUTSIDE_DISTANCE_UNAVAILABLE,4,,,,
n2459147638,Парканы,6.354,,28,,,OUTSIDE_DISTANCE_UNAVAILABLE,4,,,,
n2459147639,Парканы,6.282,,28,,,OUTSIDE_DISTANCE_UNAVAILABLE,4,,,,
n2459147640,Парканы,6.304,,28,,,OUTSIDE_DISTANCE_UNAVAILABLE,4,,,,
n2459147641,Парканы,6.315,,28,,,OUTSIDE_DISTANCE_UNAVAILABLE,4,,,,
n2459147642,Парканы,6.327,,28,,,OUTSIDE_DISTANCE_UNAVAILABLE,4,,,,
n2459147644,Парканы,6.335,,28,,,OUTSIDE_DISTANCE_UNAVAILABLE,4,,,,
n2459147645,Парканы,6.346,,28,,,OUTSIDE_DISTANCE_UNAVAILABLE,4,,,,
n2459265202,Парканы,6.357,,28,,,OUTSIDE_DISTANCE_UNAVAILABLE,4,,,,
n2459265203,Парканы,6.369,,28,,,OUTSIDE_DISTANCE_UNAVAILABLE,4,,,,
n2459265204,Парканы,6.379,,28,,,OUTSIDE_DISTANCE_UNAVAILABLE,4,,,,
n2459265205,Парканы,6.389,,28,,,OUTSIDE_DISTANCE_UNAVAILABLE,4,,,,
n2459265206,Парканы,6.4,,28,,,OUTSIDE_DISTANCE_UNAVAILABLE,4,,,,
n2459265207,Парканы,6.409,,28,,,OUTSIDE_DISTANCE_UNAVAILABLE,4,,,,
n2459265208,Парканы,6.424,,28,,,OUTSIDE_DISTANCE_UNAVAILABLE,4,,,,
n2459265209,Парканы,6.467,,28,,,OUTSIDE_DISTANCE_UNAVAILABLE,4,,,,
n2459265210,Парканы,6.48,,28,,,OUTSIDE_DISTANCE_UNAVAILABLE,4,,,,
n2459265211,Парканы,6.493,,28,,,OUTSIDE_DISTANCE_UNAVAILABLE,4,,,,
n2459265212,Парканы,6.506,,29,,,OUTSIDE_DISTANCE_UNAVAILABLE,4,,,,
n2459265229,Парканы,5.596,,25,,,OUTSIDE_DISTANCE_UNAVAILABLE,4,,,,
n2459265230,Парканы,5.622,,25,,,OUTSIDE_DISTANCE_UNAVAILABLE,4,,,,
n2459265231,Парканы,5.647,,25,,,OUTSIDE_DISTANCE_UNAVAILABLE,4,,,,
n2459265232,Парканы,5.669,,25,,,OUTSIDE_DISTANCE_UNAVAILABLE,4,,,,
n2459265233,Парканы,5.692,,25,,,OUTSIDE_DISTANCE_UNAVAILABLE,4,,,,
n2459265234,Парканы,5.712,,25,,,OUTSIDE_DISTANCE_UNAVAILABLE,4,,,,
n2459265235,Парканы,5.737,,25,,,OUTSIDE_DISTANCE_UNAVAILABLE,4,,,,
n2459265236,Парканы,5.79,,26,,,OUTSIDE_DISTANCE_UNAVAILABLE,4,,,,
n2459265237,Парканы,5.76,,26,,,OUTSIDE_DISTANCE_UNAVAILABLE,4,,,,
n2459265238,Парканы,5.812,,26,,,OUTSIDE_DISTANCE_UNAVAILABLE,4,,,,
n2459265239,Парканы,5.836,,26,,,OUTSIDE_DISTANCE_UNAVAILABLE,4,,,,
n2459265240,Парканы,5.859,,26,,,OUTSIDE_DISTANCE_UNAVAILABLE,4,,,,
n2459265242,Парканы,5.889,,26,,,OUTSIDE_DISTANCE_UNAVAILABLE,4,,,,
n2459265245,Парканы,5.916,,26,,,OUTSIDE_DISTANCE_UNAVAILABLE,4,,,,
n2459265248,Парканы,5.939,,26,,,OUTSIDE_DISTANCE_UNAVAILABLE,4,,,,
n2459265251,Парканы,5.964,,26,,,OUTSIDE_DISTANCE_UNAVAILABLE,4,,,,
n2459265253,Парканы,5.985,,26,,,OUTSIDE_DISTANCE_UNAVAILABLE,4,,,,
n2459265254,Парканы,6.013,,27,,,OUTSIDE_DISTANCE_UNAVAILABLE,4,,,,
n2459265255,Парканы,5.603,,25,,,OUTSIDE_DISTANCE_UNAVAILABLE,4,,,,
n2459265256,Парканы,5.619,,25,,,OUTSIDE_DISTANCE_UNAVAILABLE,4,,,,
n2459265257,Парканы,5.651,,25,,,OUTSIDE_DISTANCE_UNAVAILABLE,4,,,,
n2459265258,Парканы,5.673,,25,,,OUTSIDE_DISTANCE_UNAVAILABLE,4,,,,
n2459265259,Парканы,5.699,,25,,,OUTSIDE_DISTANCE_UNAVAILABLE,4,,,,
n2459265260,Парканы,5.721,,25,,,OUTSIDE_DISTANCE_UNAVAILABLE,4,,,,
n2459265261,Парканы,5.741,,25,,,OUTSIDE_DISTANCE_UNAVAILABLE,4,,,,
n2459265262,Парканы,5.76,,26,,,OUTSIDE_DISTANCE_UNAVAILABLE,4,,,,
n2459265263,Парканы,5.779,,26,,,OUTSIDE_DISTANCE_UNAVAILABLE,4,,,,
n2459265264,Парканы,5.799,,26,,,OUTSIDE_DISTANCE_UNAVAILABLE,4,,,,
n2459265265,Парканы,5.823,,26,,,OUTSIDE_DISTANCE_UNAVAILABLE,4,,,,
n2459265266,Парканы,5.845,,26,,,OUTSIDE_DISTANCE_UNAVAILABLE,4,,,,
n2459265267,Парканы,5.866,,26,,,OUTSIDE_DISTANCE_UNAVAILABLE,4,,,,
n2459265268,Парканы,5.893,,26,,,OUTSIDE_DISTANCE_UNAVAILABLE,4,,,,
n2459265269,Парканы,5.918,,26,,,OUTSIDE_DISTANCE_UNAVAILABLE,4,,,,
n2459265270,Парканы,5.941,,26,,,OUTSIDE_DISTANCE_UNAVAILABLE,4,,,,
n2459265271,Парканы,5.966,,26,,,OUTSIDE_DISTANCE_UNAVAILABLE,4,,,,
n2459265272,Парканы,5.988,,26,,,OUTSIDE_DISTANCE_UNAVAILABLE,4,,,,
n2459265273,Парканы,6.011,,27,,,OUTSIDE_DISTANCE_UNAVAILABLE,4,,,,
n2459265274,Парканы,6.629,,29,,,OUTSIDE_DISTANCE_UNAVAILABLE,4,,,,
n2459265275,Парканы,6.604,,29,,,OUTSIDE_DISTANCE_UNAVAILABLE,4,,,,
n2459265276,Парканы,6.578,,29,,,OUTSIDE_DISTANCE_UNAVAILABLE,4,,,,
n2459265277,Парканы,6.555,,29,,,OUTSIDE_DISTANCE_UNAVAILABLE,4,,,,
n2459265278,Парканы,6.529,,29,,,OUTSIDE_DISTANCE_UNAVAILABLE,4,,,,
n2459265279,Парканы,6.502,,29,,,OUTSIDE_DISTANCE_UNAVAILABLE,4,,,,
n2459265280,Парканы,6.473,,28,,,OUTSIDE_DISTANCE_UNAVAILABLE,4,,,,
n2459265281,Парканы,6.441,,28,,,OUTSIDE_DISTANCE_UNAVAILABLE,4,,,,
n2459265282,Парканы,6.411,,28,,,OUTSIDE_DISTANCE_UNAVAILABLE,4,,,,
n2459265283,Парканы,6.38,,28,,,OUTSIDE_DISTANCE_UNAVAILABLE,4,,,,
n2459265284,Парканы,6.348,,28,,,OUTSIDE_DISTANCE_UNAVAILABLE,4,,,,
n2459265285,Парканы,6.316,,28,,,OUTSIDE_DISTANCE_UNAVAILABLE,4,,,,
n2459265286,Парканы,6.286,,28,,,OUTSIDE_DISTANCE_UNAVAILABLE,4,,,,
n2459265287,Парканы,6.588,,29,,,OUTSIDE_DISTANCE_UNAVAILABLE,4,,,,
n2459265288,Парканы,6.565,,29,,,OUTSIDE_DISTANCE_UNAVAILABLE,4,,,,
n2459265289,Парканы,6.544,,29,,,OUTSIDE_DISTANCE_UNAVAILABLE,4,,,,
n2459265290,Парканы,6.521,,29,,,OUTSIDE_DISTANCE_UNAVAILABLE,4,,,,
n2459265291,Парканы,6.5,,28,,,OUTSIDE_DISTANCE_UNAVAILABLE,4,,,,
n2459265292,Парканы,6.479,,28,,,OUTSIDE_DISTANCE_UNAVAILABLE,4,,,,
n2459265293,Парканы,6.455,,28,,,OUTSIDE_DISTANCE_UNAVAILABLE,4,,,,
n2459265294,Парканы,6.43,,28,,,OUTSIDE_DISTANCE_UNAVAILABLE,4,,,,
n2459265295,Парканы,6.404,,28,,,OUTSIDE_DISTANCE_UNAVAILABLE,4,,,,
n2459265296,Парканы,6.374,,28,,,OUTSIDE_DISTANCE_UNAVAILABLE,4,,,,
n2459265297,Парканы,6.313,,28,,,OUTSIDE_DISTANCE_UNAVAILABLE,4,,,,
n2459265299,Парканы,6.271,,28,,,OUTSIDE_DISTANCE_UNAVAILABLE,4,,,,
n2459265300,Парканы,6.292,,28,,,OUTSIDE_DISTANCE_UNAVAILABLE,4,,,,
n2459265301,Парканы,6.308,,28,,,OUTSIDE_DISTANCE_UNAVAILABLE,4,,,,
n2459265302,Парканы,6.328,,28,,,OUTSIDE_DISTANCE_UNAVAILABLE,4,,,,
n2459265303,Парканы,6.343,,28,,,OUTSIDE_DISTANCE_UNAVAILABLE,4,,,,
n2459265304,Парканы,6.361,,28,,,OUTSIDE_DISTANCE_UNAVAILABLE,4,,,,
n2459265306,Парканы,6.286,,28,,,OUTSIDE_DISTANCE_UNAVAILABLE,4,,,,
n2459265307,Парканы,6.306,,28,,,OUTSIDE_DISTANCE_UNAVAILABLE,4,,,,
n2459265308,Парканы,6.323,,28,,,OUTSIDE_DISTANCE_UNAVAILABLE,4,,,,
n2459265309,Парканы,6.342,,28,,,OUTSIDE_DISTANCE_UNAVAILABLE,4,,,,
n2459265310,Парканы,6.361,,28,,,OUTSIDE_DISTANCE_UNAVAILABLE,4,,,,
n2459265311,Парканы,6.387,,28,,,OUTSIDE_DISTANCE_UNAVAILABLE,4,,,,
n2459265312,Парканы,6.405,,28,,,OUTSIDE_DISTANCE_UNAVAILABLE,4,,,,
n2459265313,Парканы,6.423,,28,,,OUTSIDE_DISTANCE_UNAVAILABLE,4,,,,
n2459265314,Парканы,6.446,,28,,,OUTSIDE_DISTANCE_UNAVAILABLE,4,,,,
n2459265315,Парканы,6.47,,28,,,OUTSIDE_DISTANCE_UNAVAILABLE,4,,,,
n2459265316,Парканы,6.49,,28,,,OUTSIDE_DISTANCE_UNAVAILABLE,4,,,,
n2459265317,Парканы,6.512,,29,,,OUTSIDE_DISTANCE_UNAVAILABLE,4,,,,
n2459265318,Парканы,6.529,,29,,,OUTSIDE_DISTANCE_UNAVAILABLE,4,,,,
n2459265319,Парканы,6.383,,28,,,OUTSIDE_DISTANCE_UNAVAILABLE,4,,,,
n2459265320,Парканы,6.404,,28,,,OUTSIDE_DISTANCE_UNAVAILABLE,4,,,,
n2459265321,Парканы,6.42,,28,,,OUTSIDE_DISTANCE_UNAVAILABLE,4,,,,
n2459265322,Парканы,6.437,,28,,,OUTSIDE_DISTANCE_UNAVAILABLE,4,,,,
n2459265323,Парканы,6.454,,28,,,OUTSIDE_DISTANCE_UNAVAILABLE,4,,,,
n2459265324,Парканы,6.473,,28,,,OUTSIDE_DISTANCE_UNAVAILABLE,4,,,,
n2459265325,Парканы,6.491,,28,,,OUTSIDE_DISTANCE_UNAVAILABLE,4,,,,
n2459265326,Парканы,6.506,,29,,,OUTSIDE_DISTANCE_UNAVAILABLE,4,,,,
n2459265327,Парканы,6.524,,29,,,OUTSIDE_DISTANCE_UNAVAILABLE,4,,,,
n2459265328,Парканы,6.541,,29,,,OUTSIDE_DISTANCE_UNAVAILABLE,4,,,,
n2459265330,Парканы,6.573,,29,,,OUTSIDE_DISTANCE_UNAVAILABLE,4,,,,
n2459265331,Парканы,6.59,,29,,,OUTSIDE_DISTANCE_UNAVAILABLE,4,,,,
n2459265332,Парканы,6.607,,29,,,OUTSIDE_DISTANCE_UNAVAILABLE,4,,,,
n2459265333,Парканы,6.552,,29,,,OUTSIDE_DISTANCE_UNAVAILABLE,4,,,,
n2459265334,Парканы,6.571,,29,,,OUTSIDE_DISTANCE_UNAVAILABLE,4,,,,
n2459265335,Парканы,6.591,,29,,,OUTSIDE_DISTANCE_UNAVAILABLE,4,,,,
n2459265336,Парканы,6.607,,29,,,OUTSIDE_DISTANCE_UNAVAILABLE,4,,,,
n2459265339,Парканы,6.63,,29,,,OUTSIDE_DISTANCE_UNAVAILABLE,4,,,,
n2459265341,Парканы,6.651,,29,,,OUTSIDE_DISTANCE_UNAVAILABLE,4,,,,
n2459265349,Парканы,6.672,,29,,,OUTSIDE_DISTANCE_UNAVAILABLE,4,,,,
n2459265352,Парканы,6.622,,29,,,OUTSIDE_DISTANCE_UNAVAILABLE,4,,,,
n2459265356,Парканы,6.637,,29,,,OUTSIDE_DISTANCE_UNAVAILABLE,4,,,,
n2459265358,Парканы,6.651,,29,,,OUTSIDE_DISTANCE_UNAVAILABLE,4,,,,
n2459265362,Парканы,6.673,,29,,,OUTSIDE_DISTANCE_UNAVAILABLE,4,,,,
n2459265365,Парканы,6.695,,29,,,OUTSIDE_DISTANCE_UNAVAILABLE,4,,,,
n2459281647,Парканы,5.631,,25,,,OUTSIDE_DISTANCE_UNAVAILABLE,4,,,,
n2459281650,Парканы,5.652,,25,,,OUTSIDE_DISTANCE_UNAVAILABLE,4,,,,
n2459281653,Парканы,5.67,,25,,,OUTSIDE_DISTANCE_UNAVAILABLE,4,,,,
n2459281656,Парканы,5.689,,25,,,OUTSIDE_DISTANCE_UNAVAILABLE,4,,,,
n2459281659,Парканы,5.707,,25,,,OUTSIDE_DISTANCE_UNAVAILABLE,4,,,,
n2459281662,Парканы,5.724,,25,,,OUTSIDE_DISTANCE_UNAVAILABLE,4,,,,
n2459281665,Парканы,5.742,,25,,,OUTSIDE_DISTANCE_UNAVAILABLE,4,,,,
n2459281668,Парканы,5.757,,26,,,OUTSIDE_DISTANCE_UNAVAILABLE,4,,,,
n2459281672,Парканы,5.774,,26,,,OUTSIDE_DISTANCE_UNAVAILABLE,4,,,,
n2459281676,Парканы,5.794,,26,,,OUTSIDE_DISTANCE_UNAVAILABLE,4,,,,
n2459281679,Парканы,5.81,,26,,,OUTSIDE_DISTANCE_UNAVAILABLE,4,,,,
n2459281682,Парканы,5.826,,26,,,OUTSIDE_DISTANCE_UNAVAILABLE,4,,,,
n2459281685,Парканы,5.843,,26,,,OUTSIDE_DISTANCE_UNAVAILABLE,4,,,,
n2459281692,Парканы,5.859,,26,,,OUTSIDE_DISTANCE_UNAVAILABLE,4,,,,
n2459281695,Парканы,5.88,,26,,,OUTSIDE_DISTANCE_UNAVAILABLE,4,,,,
n2459281698,Парканы,5.896,,26,,,OUTSIDE_DISTANCE_UNAVAILABLE,4,,,,
n2459281701,Парканы,5.91,,26,,,OUTSIDE_DISTANCE_UNAVAILABLE,4,,,,
n2459281704,Парканы,5.928,,26,,,OUTSIDE_DISTANCE_UNAVAILABLE,4,,,,
n2459281707,Парканы,5.944,,26,,,OUTSIDE_DISTANCE_UNAVAILABLE,4,,,,
n2459281710,Парканы,5.959,,26,,,OUTSIDE_DISTANCE_UNAVAILABLE,4,,,,
n2459281713,Парканы,5.976,,26,,,OUTSIDE_DISTANCE_UNAVAILABLE,4,,,,
n2459281716,Парканы,5.992,,26,,,OUTSIDE_DISTANCE_UNAVAILABLE,4,,,,
n2459281719,Парканы,6.006,,27,,,OUTSIDE_DISTANCE_UNAVAILABLE,4,,,,
n2459281722,Парканы,6.02,,27,,,OUTSIDE_DISTANCE_UNAVAILABLE,4,,,,
n2459281725,Парканы,6.035,,27,,,OUTSIDE_DISTANCE_UNAVAILABLE,4,,,,
n2459281727,Парканы,6.051,,27,,,OUTSIDE_DISTANCE_UNAVAILABLE,4,,,,
n2459281729,Парканы,6.065,,27,,,OUTSIDE_DISTANCE_UNAVAILABLE,4,,,,
n2459281732,Парканы,6.093,,27,,,OUTSIDE_DISTANCE_UNAVAILABLE,4,,,,
n2459281735,Парканы,6.078,,27,,,OUTSIDE_DISTANCE_UNAVAILABLE,4,,,,
n2459281738,Парканы,6.681,,29,,,OUTSIDE_DISTANCE_UNAVAILABLE,4,,,,
n2459281741,Парканы,6.666,,29,,,OUTSIDE_DISTANCE_UNAVAILABLE,4,,,,
n2459281742,Парканы,6.65,,29,,,OUTSIDE_DISTANCE_UNAVAILABLE,4,,,,
n2459281743,Парканы,6.635,,29,,,OUTSIDE_DISTANCE_UNAVAILABLE,4,,,,
n2459281744,Парканы,6.617,,29,,,OUTSIDE_DISTANCE_UNAVAILABLE,4,,,,
n2459281745,Парканы,6.596,,29,,,OUTSIDE_DISTANCE_UNAVAILABLE,4,,,,
n2459281746,Парканы,6.578,,29,,,OUTSIDE_DISTANCE_UNAVAILABLE,4,,,,
n2459281747,Парканы,6.56,,29,,,OUTSIDE_DISTANCE_UNAVAILABLE,4,,,,
n2459281748,Парканы,6.543,,29,,,OUTSIDE_DISTANCE_UNAVAILABLE,4,,,,
n2459281749,Парканы,6.527,,29,,,OUTSIDE_DISTANCE_UNAVAILABLE,4,,,,
n2459281750,Парканы,6.508,,29,,,OUTSIDE_DISTANCE_UNAVAILABLE,4,,,,
n2459281751,Парканы,6.49,,28,,,OUTSIDE_DISTANCE_UNAVAILABLE,4,,,,
n2459281752,Парканы,6.471,,28,,,OUTSIDE_DISTANCE_UNAVAILABLE,4,,,,
n2459281753,Парканы,6.453,,28,,,OUTSIDE_DISTANCE_UNAVAILABLE,4,,,,
n2459281754,Парканы,6.439,,28,,,OUTSIDE_DISTANCE_UNAVAILABLE,4,,,,
n2459281755,Парканы,6.422,,28,,,OUTSIDE_DISTANCE_UNAVAILABLE,4,,,,
n2459281756,Парканы,6.4,,28,,,OUTSIDE_DISTANCE_UNAVAILABLE,4,,,,
n2459417127,Парканы,3.369,,16,,,OUTSIDE_DISTANCE_UNAVAILABLE,2,,,,
n2459417132,Парканы,3.388,,16,,,OUTSIDE_DISTANCE_UNAVAILABLE,2,,,,
n2459417136,Парканы,3.41,,16,,,OUTSIDE_DISTANCE_UNAVAILABLE,2,,,,
n2459417142,Парканы,3.43,,16,,,OUTSIDE_DISTANCE_UNAVAILABLE,2,,,,
n2459417147,Парканы,3.449,,16,,,OUTSIDE_DISTANCE_UNAVAILABLE,2,,,,
n2459417175,Парканы,3.892,,18,,,OUTSIDE_DISTANCE_UNAVAILABLE,2,,,,
n2459417271,Парканы,4.135,,19,,,OUTSIDE_DISTANCE_UNAVAILABLE,3,,,,
n2459417296,Парканы,3.341,,16,,,OUTSIDE_DISTANCE_UNAVAILABLE,2,,,,
n2459417300,Парканы,3.356,,16,,,OUTSIDE_DISTANCE_UNAVAILABLE,2,,,,
n2459417305,Парканы,3.37,,16,,,OUTSIDE_DISTANCE_UNAVAILABLE,2,,,,
n2459417310,Парканы,3.385,,16,,,OUTSIDE_DISTANCE_UNAVAILABLE,2,,,,
n2459417315,Парканы,3.404,,16,,,OUTSIDE_DISTANCE_UNAVAILABLE,2,,,,
n2459417319,Парканы,3.421,,16,,,OUTSIDE_DISTANCE_UNAVAILABLE,2,,,,
n2459417344,Парканы,3.439,,16,,,OUTSIDE_DISTANCE_UNAVAILABLE,2,,,,
n2459417346,Парканы,3.46,,16,,,OUTSIDE_DISTANCE_UNAVAILABLE,2,,,,
n2459417347,Парканы,3.478,,16,,,OUTSIDE_DISTANCE_UNAVAILABLE,2,,,,
n2459417349,Парканы,3.495,,16,,,OUTSIDE_DISTANCE_UNAVAILABLE,2,,,,
n2459417352,Парканы,3.511,,17,,,OUTSIDE_DISTANCE_UNAVAILABLE,2,,,,
n2459417355,Парканы,3.527,,17,,,OUTSIDE_DISTANCE_UNAVAILABLE,2,,,,
n2459417358,Парканы,3.545,,17,,,OUTSIDE_DISTANCE_UNAVAILABLE,2,,,,
n2459417360,Парканы,3.562,,17,,,OUTSIDE_DISTANCE_UNAVAILABLE,2,,,,
n2459417363,Парканы,3.581,,17,,,OUTSIDE_DISTANCE_UNAVAILABLE,2,,,,
n2459417364,Парканы,3.6,,17,,,OUTSIDE_DISTANCE_UNAVAILABLE,2,,,,
n2459417365,Парканы,3.62,,17,,,OUTSIDE_DISTANCE_UNAVAILABLE,2,,,,
n2459417366,Парканы,3.642,,17,,,OUTSIDE_DISTANCE_UNAVAILABLE,2,,,,
n2459417367,Парканы,3.662,,17,,,OUTSIDE_DISTANCE_UNAVAILABLE,2,,,,
n2459417368,Парканы,3.682,,17,,,OUTSIDE_DISTANCE_UNAVAILABLE,2,,,,
n2459417369,Парканы,3.704,,17,,,OUTSIDE_DISTANCE_UNAVAILABLE,2,,,,
n2459417370,Парканы,3.688,,17,,,OUTSIDE_DISTANCE_UNAVAILABLE,2,,,,
n2459417371,Парканы,3.669,,17,,,OUTSIDE_DISTANCE_UNAVAILABLE,2,,,,
n2459417374,Парканы,3.651,,17,,,OUTSIDE_DISTANCE_UNAVAILABLE,2,,,,
n2459417377,Парканы,3.634,,17,,,OUTSIDE_DISTANCE_UNAVAILABLE,2,,,,
n2459417379,Парканы,3.618,,17,,,OUTSIDE_DISTANCE_UNAVAILABLE,2,,,,
n2459417383,Парканы,3.598,,17,,,OUTSIDE_DISTANCE_UNAVAILABLE,2,,,,
n2459417386,Парканы,3.583,,17,,,OUTSIDE_DISTANCE_UNAVAILABLE,2,,,,
n2459417390,Парканы,3.564,,17,,,OUTSIDE_DISTANCE_UNAVAILABLE,2,,,,
n2459417394,Парканы,3.551,,17,,,OUTSIDE_DISTANCE_UNAVAILABLE,2,,,,
n2459417398,Парканы,3.536,,17,,,OUTSIDE_DISTANCE_UNAVAILABLE,2,,,,
n2459417402,Парканы,3.52,,17,,,OUTSIDE_DISTANCE_UNAVAILABLE,2,,,,
n2459417407,Парканы,3.505,,17,,,OUTSIDE_DISTANCE_UNAVAILABLE,2,,,,
n2459417420,Парканы,3.457,,16,,,OUTSIDE_DISTANCE_UNAVAILABLE,2,,,,
n2459417426,Парканы,3.44,,16,,,OUTSIDE_DISTANCE_UNAVAILABLE,2,,,,
n2459417431,Парканы,3.425,,16,,,OUTSIDE_DISTANCE_UNAVAILABLE,2,,,,
n2459417441,Парканы,3.386,,16,,,OUTSIDE_DISTANCE_UNAVAILABLE,2,,,,
n2459417455,Парканы,3.328,,16,,,OUTSIDE_DISTANCE_UNAVAILABLE,2,,,,
n2459459646,Парканы,3.75,,17,,,OUTSIDE_DISTANCE_UNAVAILABLE,2,,,,
n2459459647,Парканы,3.77,,18,,,OUTSIDE_DISTANCE_UNAVAILABLE,2,,,,
n2459459648,Парканы,3.793,,18,,,OUTSIDE_DISTANCE_UNAVAILABLE,2,,,,
n2459459649,Парканы,3.812,,18,,,OUTSIDE_DISTANCE_UNAVAILABLE,2,,,,
n2459459650,Парканы,3.832,,18,,,OUTSIDE_DISTANCE_UNAVAILABLE,2,,,,
n2459459651,Парканы,3.854,,18,,,OUTSIDE_DISTANCE_UNAVAILABLE,2,,,,
n2459459652,Парканы,3.876,,18,,,OUTSIDE_DISTANCE_UNAVAILABLE,2,,,,
n2459459653,Парканы,3.897,,18,,,OUTSIDE_DISTANCE_UNAVAILABLE,2,,,,
n2459459654,Парканы,3.922,,18,,,OUTSIDE_DISTANCE_UNAVAILABLE,2,,,,
n2459459655,Парканы,3.95,,18,,,OUTSIDE_DISTANCE_UNAVAILABLE,2,,,,
n2459459656,Парканы,3.976,,18,,,OUTSIDE_DISTANCE_UNAVAILABLE,2,,,,
n2459459657,Парканы,4.003,,19,,,OUTSIDE_DISTANCE_UNAVAILABLE,2,,,,
n2459459658,Парканы,4.026,,19,,,OUTSIDE_DISTANCE_UNAVAILABLE,2,,,,
n2459459659,Парканы,4.051,,19,,,OUTSIDE_DISTANCE_UNAVAILABLE,3,,,,
n2459459660,Парканы,4.073,,19,,,OUTSIDE_DISTANCE_UNAVAILABLE,3,,,,
n2459459661,Парканы,4.096,,19,,,OUTSIDE_DISTANCE_UNAVAILABLE,3,,,,
n2459459662,Парканы,4.128,,19,,,OUTSIDE_DISTANCE_UNAVAILABLE,3,,,,
n2459459663,Парканы,4.157,,19,,,OUTSIDE_DISTANCE_UNAVAILABLE,3,,,,
n2459459664,Парканы,4.185,,19,,,OUTSIDE_DISTANCE_UNAVAILABLE,3,,,,
n2459459665,Парканы,4.207,,19,,,OUTSIDE_DISTANCE_UNAVAILABLE,3,,,,
n2459459666,Парканы,4.237,,19,,,OUTSIDE_DISTANCE_UNAVAILABLE,3,,,,
n2459459667,Парканы,4.268,,20,,,OUTSIDE_DISTANCE_UNAVAILABLE,3,,,,
n2459459668,Парканы,4.301,,20,,,OUTSIDE_DISTANCE_UNAVAILABLE,3,,,,
n2459459669,Парканы,4.334,,20,,,OUTSIDE_DISTANCE_UNAVAILABLE,3,,,,
n2459459670,Парканы,4.359,,20,,,OUTSIDE_DISTANCE_UNAVAILABLE,3,,,,
n2459459671,Парканы,4.382,,20,,,OUTSIDE_DISTANCE_UNAVAILABLE,3,,,,
n2459459672,Парканы,3.824,,18,,,OUTSIDE_DISTANCE_UNAVAILABLE,2,,,,
n2459459673,Парканы,3.842,,18,,,OUTSIDE_DISTANCE_UNAVAILABLE,2,,,,
n2459459674,Парканы,3.861,,18,,,OUTSIDE_DISTANCE_UNAVAILABLE,2,,,,
n2459459675,Парканы,3.876,,18,,,OUTSIDE_DISTANCE_UNAVAILABLE,2,,,,
n2459459676,Парканы,3.892,,18,,,OUTSIDE_DISTANCE_UNAVAILABLE,2,,,,
n2459459677,Парканы,3.912,,18,,,OUTSIDE_DISTANCE_UNAVAILABLE,2,,,,
n2459459678,Парканы,3.929,,18,,,OUTSIDE_DISTANCE_UNAVAILABLE,2,,,,
n2459459679,Парканы,3.947,,18,,,OUTSIDE_DISTANCE_UNAVAILABLE,2,,,,
n2459459680,Парканы,3.965,,18,,,OUTSIDE_DISTANCE_UNAVAILABLE,2,,,,
n2459459681,Парканы,3.981,,18,,,OUTSIDE_DISTANCE_UNAVAILABLE,2,,,,
n2459459683,Парканы,4.013,,19,,,OUTSIDE_DISTANCE_UNAVAILABLE,2,,,,
n2459459684,Парканы,4.027,,19,,,OUTSIDE_DISTANCE_UNAVAILABLE,2,,,,
n2459459685,Парканы,4.04,,19,,,OUTSIDE_DISTANCE_UNAVAILABLE,2,,,,
n2459459686,Парканы,4.057,,19,,,OUTSIDE_DISTANCE_UNAVAILABLE,3,,,,
n2459459687,Парканы,4.073,,19,,,OUTSIDE_DISTANCE_UNAVAILABLE,3,,,,
n2459459688,Парканы,4.088,,19,,,OUTSIDE_DISTANCE_UNAVAILABLE,3,,,,
n2459459689,Парканы,4.102,,19,,,OUTSIDE_DISTANCE_UNAVAILABLE,3,,,,
n2459459690,Парканы,4.123,,19,,,OUTSIDE_DISTANCE_UNAVAILABLE,3,,,,
n2459459691,Парканы,4.162,,19,,,OUTSIDE_DISTANCE_UNAVAILABLE,3,,,,
n2459459692,Парканы,4.142,,19,,,OUTSIDE_DISTANCE_UNAVAILABLE,3,,,,
n2459459693,Парканы,4.183,,19,,,OUTSIDE_DISTANCE_UNAVAILABLE,3,,,,
n2459459694,Парканы,4.202,,19,,,OUTSIDE_DISTANCE_UNAVAILABLE,3,,,,
n2459459695,Парканы,4.217,,19,,,OUTSIDE_DISTANCE_UNAVAILABLE,3,,,,
n2459459696,Парканы,4.239,,19,,,OUTSIDE_DISTANCE_UNAVAILABLE,3,,,,
n2459459697,Парканы,4.259,,20,,,OUTSIDE_DISTANCE_UNAVAILABLE,3,,,,
n2459459698,Парканы,4.28,,20,,,OUTSIDE_DISTANCE_UNAVAILABLE,3,,,,
n2459459699,Парканы,4.301,,20,,,OUTSIDE_DISTANCE_UNAVAILABLE,3,,,,
n2459459700,Парканы,4.322,,20,,,OUTSIDE_DISTANCE_UNAVAILABLE,3,,,,
n2459459701,Парканы,4.347,,20,,,OUTSIDE_DISTANCE_UNAVAILABLE,3,,,,
n2459459702,Парканы,4.364,,20,,,OUTSIDE_DISTANCE_UNAVAILABLE,3,,,,
n2459459703,Парканы,4.384,,20,,,OUTSIDE_DISTANCE_UNAVAILABLE,3,,,,
n2459596423,Парканы,3.413,,16,,,OUTSIDE_DISTANCE_UNAVAILABLE,2,,,,
n2459596424,Парканы,3.438,,16,,,OUTSIDE_DISTANCE_UNAVAILABLE,2,,,,
n2459596426,Парканы,3.48,,16,,,OUTSIDE_DISTANCE_UNAVAILABLE,2,,,,
n2459596427,Парканы,3.509,,17,,,OUTSIDE_DISTANCE_UNAVAILABLE,2,,,,
n2459596428,Парканы,3.532,,17,,,OUTSIDE_DISTANCE_UNAVAILABLE,2,,,,
n2459596429,Парканы,3.549,,17,,,OUTSIDE_DISTANCE_UNAVAILABLE,2,,,,
n2459596430,Парканы,3.568,,17,,,OUTSIDE_DISTANCE_UNAVAILABLE,2,,,,
n2459596431,Парканы,3.589,,17,,,OUTSIDE_DISTANCE_UNAVAILABLE,2,,,,
n2459596432,Парканы,3.605,,17,,,OUTSIDE_DISTANCE_UNAVAILABLE,2,,,,
n2459596433,Парканы,3.631,,17,,,OUTSIDE_DISTANCE_UNAVAILABLE,2,,,,
n2459596434,Парканы,3.671,,17,,,OUTSIDE_DISTANCE_UNAVAILABLE,2,,,,
n2459596435,Парканы,3.695,,17,,,OUTSIDE_DISTANCE_UNAVAILABLE,2,,,,
n2459596436,Парканы,3.726,,17,,,OUTSIDE_DISTANCE_UNAVAILABLE,2,,,,
n2459596437,Парканы,3.752,,18,,,OUTSIDE_DISTANCE_UNAVAILABLE,2,,,,
n2459596438,Парканы,3.777,,18,,,OUTSIDE_DISTANCE_UNAVAILABLE,2,,,,
n2459596439,Парканы,3.807,,18,,,OUTSIDE_DISTANCE_UNAVAILABLE,2,,,,
n2459596440,Парканы,3.844,,18,,,OUTSIDE_DISTANCE_UNAVAILABLE,2,,,,
n2459596441,Парканы,3.874,,18,,,OUTSIDE_DISTANCE_UNAVAILABLE,2,,,,
n2459596442,Парканы,3.891,,18,,,OUTSIDE_DISTANCE_UNAVAILABLE,2,,,,
n2459596443,Парканы,3.927,,18,,,OUTSIDE_DISTANCE_UNAVAILABLE,2,,,,
n2459596444,Парканы,3.951,,18,,,OUTSIDE_DISTANCE_UNAVAILABLE,2,,,,
n2459596445,Парканы,4.026,,19,,,OUTSIDE_DISTANCE_UNAVAILABLE,2,,,,
n2459596446,Парканы,4.004,,19,,,OUTSIDE_DISTANCE_UNAVAILABLE,2,,,,
n2459596447,Парканы,3.979,,18,,,OUTSIDE_DISTANCE_UNAVAILABLE,2,,,,
n2459596448,Парканы,3.411,,16,,,OUTSIDE_DISTANCE_UNAVAILABLE,2,,,,
n2459596449,Парканы,3.432,,16,,,OUTSIDE_DISTANCE_UNAVAILABLE,2,,,,
n2459596450,Парканы,3.453,,16,,,OUTSIDE_DISTANCE_UNAVAILABLE,2,,,,
n2459596451,Парканы,3.475,,16,,,OUTSIDE_DISTANCE_UNAVAILABLE,2,,,,
n2459596452,Парканы,3.491,,16,,,OUTSIDE_DISTANCE_UNAVAILABLE,2,,,,
n2459596453,Парканы,3.508,,17,,,OUTSIDE_DISTANCE_UNAVAILABLE,2,,,,
n2459596454,Парканы,3.523,,17,,,OUTSIDE_DISTANCE_UNAVAILABLE,2,,,,
n2459596455,Парканы,3.544,,17,,,OUTSIDE_DISTANCE_UNAVAILABLE,2,,,,
n2459596456,Парканы,3.563,,17,,,OUTSIDE_DISTANCE_UNAVAILABLE,2,,,,
n2459596457,Парканы,3.583,,17,,,OUTSIDE_DISTANCE_UNAVAILABLE,2,,,,
n2459596458,Парканы,3.601,,17,,,OUTSIDE_DISTANCE_UNAVAILABLE,2,,,,
n2459596459,Парканы,3.618,,17,,,OUTSIDE_DISTANCE_UNAVAILABLE,2,,,,
n2459596460,Парканы,3.63,,17,,,OUTSIDE_DISTANCE_UNAVAILABLE,2,,,,
n2459596461,Парканы,3.652,,17,,,OUTSIDE_DISTANCE_UNAVAILABLE,2,,,,
n2459596462,Парканы,3.672,,17,,,OUTSIDE_DISTANCE_UNAVAILABLE,2,,,,
n2459596463,Парканы,3.691,,17,,,OUTSIDE_DISTANCE_UNAVAILABLE,2,,,,
n2459596464,Парканы,3.709,,17,,,OUTSIDE_DISTANCE_UNAVAILABLE,2,,,,
n2459596465,Парканы,3.724,,17,,,OUTSIDE_DISTANCE_UNAVAILABLE,2,,,,
n2459596466,Парканы,3.742,,17,,,OUTSIDE_DISTANCE_UNAVAILABLE,2,,,,
n2459596467,Парканы,3.759,,18,,,OUTSIDE_DISTANCE_UNAVAILABLE,2,,,,
n2459596468,Парканы,3.777,,18,,,OUTSIDE_DISTANCE_UNAVAILABLE,2,,,,
n2459596469,Парканы,3.796,,18,,,OUTSIDE_DISTANCE_UNAVAILABLE,2,,,,
n2459596470,Парканы,3.813,,18,,,OUTSIDE_DISTANCE_UNAVAILABLE,2,,,,
n2459596471,Парканы,3.835,,18,,,OUTSIDE_DISTANCE_UNAVAILABLE,2,,,,
n2459596472,Парканы,3.853,,18,,,OUTSIDE_DISTANCE_UNAVAILABLE,2,,,,
n2459596473,Парканы,3.87,,18,,,OUTSIDE_DISTANCE_UNAVAILABLE,2,,,,
n2459596474,Парканы,3.891,,18,,,OUTSIDE_DISTANCE_UNAVAILABLE,2,,,,
n2459596475,Парканы,3.907,,18,,,OUTSIDE_DISTANCE_UNAVAILABLE,2,,,,
n2459596476,Парканы,3.922,,18,,,OUTSIDE_DISTANCE_UNAVAILABLE,2,,,,
n2459596477,Парканы,3.941,,18,,,OUTSIDE_DISTANCE_UNAVAILABLE,2,,,,
n2459596478,Парканы,4.03,,19,,,OUTSIDE_DISTANCE_UNAVAILABLE,2,,,,
n2459596479,Парканы,4.011,,19,,,OUTSIDE_DISTANCE_UNAVAILABLE,2,,,,
n2459596480,Парканы,3.992,,18,,,OUTSIDE_DISTANCE_UNAVAILABLE,2,,,,
n2459596481,Парканы,3.971,,18,,,OUTSIDE_DISTANCE_UNAVAILABLE,2,,,,
n2459596482,Парканы,3.984,,18,,,OUTSIDE_DISTANCE_UNAVAILABLE,2,,,,
n2459596483,Парканы,4.014,,19,,,OUTSIDE_DISTANCE_UNAVAILABLE,2,,,,
n2459596484,Парканы,4.053,,19,,,OUTSIDE_DISTANCE_UNAVAILABLE,3,,,,
n2459596485,Парканы,4.053,,19,,,OUTSIDE_DISTANCE_UNAVAILABLE,3,,,,
n2459596486,Парканы,4.071,,19,,,OUTSIDE_DISTANCE_UNAVAILABLE,3,,,,
n2459596487,Парканы,4.081,,19,,,OUTSIDE_DISTANCE_UNAVAILABLE,3,,,,
n2459596488,Парканы,4.094,,19,,,OUTSIDE_DISTANCE_UNAVAILABLE,3,,,,
n2459596489,Парканы,4.107,,19,,,OUTSIDE_DISTANCE_UNAVAILABLE,2,,,,
n2459596490,Парканы,4.12,,19,,,OUTSIDE_DISTANCE_UNAVAILABLE,3,,,,
n2459596491,Парканы,4.135,,19,,,OUTSIDE_DISTANCE_UNAVAILABLE,3,,,,
n2459596492,Парканы,4.162,,19,,,OUTSIDE_DISTANCE_UNAVAILABLE,3,,,,
n2459596493,Парканы,4.147,,19,,,OUTSIDE_DISTANCE_UNAVAILABLE,3,,,,
n2459596494,Парканы,4.174,,19,,,OUTSIDE_DISTANCE_UNAVAILABLE,3,,,,
n2459596495,Парканы,4.189,,19,,,OUTSIDE_DISTANCE_UNAVAILABLE,3,,,,
n2459596496,Парканы,4.203,,19,,,OUTSIDE_DISTANCE_UNAVAILABLE,3,,,,
n2459596497,Парканы,4.219,,19,,,OUTSIDE_DISTANCE_UNAVAILABLE,3,,,,
n2459596499,Парканы,4.249,,19,,,OUTSIDE_DISTANCE_UNAVAILABLE,3,,,,
n2459596500,Парканы,4.263,,20,,,OUTSIDE_DISTANCE_UNAVAILABLE,3,,,,
n2459596501,Парканы,4.279,,20,,,OUTSIDE_DISTANCE_UNAVAILABLE,3,,,,
n2459596502,Парканы,4.281,,20,,,OUTSIDE_DISTANCE_UNAVAILABLE,3,,,,
n2459596503,Парканы,4.305,,20,,,OUTSIDE_DISTANCE_UNAVAILABLE,3,,,,
n2459596504,Парканы,4.318,,20,,,OUTSIDE_DISTANCE_UNAVAILABLE,3,,,,
n2459596505,Парканы,4.333,,20,,,OUTSIDE_DISTANCE_UNAVAILABLE,3,,,,
n2459596506,Парканы,4.35,,20,,,OUTSIDE_DISTANCE_UNAVAILABLE,3,,,,
n2459596507,Парканы,4.366,,20,,,OUTSIDE_DISTANCE_UNAVAILABLE,3,,,,
n2459596508,Парканы,4.381,,20,,,OUTSIDE_DISTANCE_UNAVAILABLE,3,,,,
n2459596509,Парканы,4.399,,20,,,OUTSIDE_DISTANCE_UNAVAILABLE,3,,,,
n2459596510,Парканы,4.422,,20,,,OUTSIDE_DISTANCE_UNAVAILABLE,3,,,,
n2459596511,Парканы,4.439,,20,,,OUTSIDE_DISTANCE_UNAVAILABLE,3,,,,
n2459596512,Парканы,4.46,,20,,,OUTSIDE_DISTANCE_UNAVAILABLE,3,,,,
n2459596513,Парканы,5.362,,24,,,OUTSIDE_DISTANCE_UNAVAILABLE,3,,,,
n2459596514,Парканы,4.098,,19,,,OUTSIDE_DISTANCE_UNAVAILABLE,3,,,,
n2459596515,Парканы,4.124,,19,,,OUTSIDE_DISTANCE_UNAVAILABLE,3,,,,
n2459596516,Парканы,4.15,,19,,,OUTSIDE_DISTANCE_UNAVAILABLE,3,,,,
n2459596517,Парканы,4.176,,19,,,OUTSIDE_DISTANCE_UNAVAILABLE,3,,,,
n2459596518,Парканы,4.201,,19,,,OUTSIDE_DISTANCE_UNAVAILABLE,3,,,,
n2459596519,Парканы,4.224,,19,,,OUTSIDE_DISTANCE_UNAVAILABLE,3,,,,
n2459596520,Парканы,4.247,,19,,,OUTSIDE_DISTANCE_UNAVAILABLE,3,,,,
n2459596521,Парканы,4.272,,20,,,OUTSIDE_DISTANCE_UNAVAILABLE,3,,,,
n2459596522,Парканы,4.294,,20,,,OUTSIDE_DISTANCE_UNAVAILABLE,3,,,,
n2459596523,Парканы,4.324,,20,,,OUTSIDE_DISTANCE_UNAVAILABLE,3,,,,
n2459596524,Парканы,4.353,,20,,,OUTSIDE_DISTANCE_UNAVAILABLE,3,,,,
n2459596525,Парканы,4.377,,20,,,OUTSIDE_DISTANCE_UNAVAILABLE,3,,,,
n2459596526,Парканы,4.407,,20,,,OUTSIDE_DISTANCE_UNAVAILABLE,3,,,,
n2459596527,Парканы,4.431,,20,,,OUTSIDE_DISTANCE_UNAVAILABLE,3,,,,
n2459596528,Парканы,4.459,,20,,,OUTSIDE_DISTANCE_UNAVAILABLE,3,,,,
n2459596529,Парканы,5.36,,24,,,OUTSIDE_DISTANCE_UNAVAILABLE,3,,,,
n2459596538,Парканы,5.377,,24,,,OUTSIDE_DISTANCE_UNAVAILABLE,3,,,,
n2459596539,Парканы,5.342,,24,,,OUTSIDE_DISTANCE_UNAVAILABLE,3,,,,
n2459596540,Парканы,5.349,,24,,,OUTSIDE_DISTANCE_UNAVAILABLE,3,,,,
n2459596559,Парканы,6.769,,30,,,OUTSIDE_DISTANCE_UNAVAILABLE,4,,,,
n2459682646,Парканы,4.183,,19,,,OUTSIDE_DISTANCE_UNAVAILABLE,3,,,,
n2459682647,Парканы,4.199,,19,,,OUTSIDE_DISTANCE_UNAVAILABLE,3,,,,
n2459682648,Парканы,4.212,,19,,,OUTSIDE_DISTANCE_UNAVAILABLE,3,,,,
n2459682649,Парканы,4.229,,19,,,OUTSIDE_DISTANCE_UNAVAILABLE,3,,,,
n2459682650,Парканы,4.245,,19,,,OUTSIDE_DISTANCE_UNAVAILABLE,3,,,,
n2459682651,Парканы,4.262,,20,,,OUTSIDE_DISTANCE_UNAVAILABLE,3,,,,
n2459682652,Парканы,4.275,,20,,,OUTSIDE_DISTANCE_UNAVAILABLE,3,,,,
n2459682653,Парканы,4.295,,20,,,OUTSIDE_DISTANCE_UNAVAILABLE,3,,,,
n2459682654,Парканы,4.311,,20,,,OUTSIDE_DISTANCE_UNAVAILABLE,3,,,,
n2459682655,Парканы,4.334,,20,,,OUTSIDE_DISTANCE_UNAVAILABLE,3,,,,
n2459682656,Парканы,4.362,,20,,,OUTSIDE_DISTANCE_UNAVAILABLE,3,,,,
n2459682657,Парканы,4.385,,20,,,OUTSIDE_DISTANCE_UNAVAILABLE,3,,,,
n2459682658,Парканы,4.407,,20,,,OUTSIDE_DISTANCE_UNAVAILABLE,3,,,,
n2459682659,Парканы,4.428,,20,,,OUTSIDE_DISTANCE_UNAVAILABLE,3,,,,
n2459682660,Парканы,5.299,,24,,,OUTSIDE_DISTANCE_UNAVAILABLE,3,,,,
n2459682661,Парканы,5.276,,24,,,OUTSIDE_DISTANCE_UNAVAILABLE,3,,,,
n2459682662,Парканы,5.246,,23,,,OUTSIDE_DISTANCE_UNAVAILABLE,3,,,,
n2459682663,Парканы,5.222,,23,,,OUTSIDE_DISTANCE_UNAVAILABLE,3,,,,
n2459682664,Парканы,5.2,,23,,,OUTSIDE_DISTANCE_UNAVAILABLE,3,,,,
n2459682665,Парканы,5.177,,23,,,OUTSIDE_DISTANCE_UNAVAILABLE,3,,,,
n2459682666,Парканы,4.191,,19,,,OUTSIDE_DISTANCE_UNAVAILABLE,3,,,,
n2459682667,Парканы,4.214,,19,,,OUTSIDE_DISTANCE_UNAVAILABLE,3,,,,
n2459682668,Парканы,4.237,,19,,,OUTSIDE_DISTANCE_UNAVAILABLE,3,,,,
n2459682669,Парканы,4.264,,20,,,OUTSIDE_DISTANCE_UNAVAILABLE,3,,,,
n2459682670,Парканы,4.285,,20,,,OUTSIDE_DISTANCE_UNAVAILABLE,3,,,,
n2459682671,Парканы,4.304,,20,,,OUTSIDE_DISTANCE_UNAVAILABLE,3,,,,
n2459682672,Парканы,4.329,,20,,,OUTSIDE_DISTANCE_UNAVAILABLE,3,,,,
n2459682673,Парканы,4.354,,20,,,OUTSIDE_DISTANCE_UNAVAILABLE,3,,,,
n2459682674,Парканы,4.374,,20,,,OUTSIDE_DISTANCE_UNAVAILABLE,3,,,,
n2459682675,Парканы,4.398,,20,,,OUTSIDE_DISTANCE_UNAVAILABLE,3,,,,
n2459682676,Парканы,4.421,,20,,,OUTSIDE_DISTANCE_UNAVAILABLE,3,,,,
n2459682677,Парканы,5.307,,24,,,OUTSIDE_DISTANCE_UNAVAILABLE,3,,,,
n2459682678,Парканы,5.284,,24,,,OUTSIDE_DISTANCE_UNAVAILABLE,3,,,,
n2459682679,Парканы,5.263,,24,,,OUTSIDE_DISTANCE_UNAVAILABLE,3,,,,
n2459682680,Парканы,5.234,,23,,,OUTSIDE_DISTANCE_UNAVAILABLE,3,,,,
n2459682681,Парканы,5.203,,23,,,OUTSIDE_DISTANCE_UNAVAILABLE,3,,,,
n2459682682,Парканы,5.18,,23,,,OUTSIDE_DISTANCE_UNAVAILABLE,3,,,,
n2459682683,Парканы,5.186,,23,,,OUTSIDE_DISTANCE_UNAVAILABLE,3,,,,
n2459682684,Парканы,5.222,,23,,,OUTSIDE_DISTANCE_UNAVAILABLE,3,,,,
n2459682685,Парканы,5.253,,24,,,OUTSIDE_DISTANCE_UNAVAILABLE,3,,,,
n2459682686,Парканы,5.287,,24,,,OUTSIDE_DISTANCE_UNAVAILABLE,3,,,,
n2459682687,Парканы,5.314,,24,,,OUTSIDE_DISTANCE_UNAVAILABLE,3,,,,
n2459682688,Парканы,5.334,,24,,,OUTSIDE_DISTANCE_UNAVAILABLE,3,,,,
n2459682689,Парканы,5.358,,24,,,OUTSIDE_DISTANCE_UNAVAILABLE,3,,,,
n2459682690,Парканы,5.383,,24,,,OUTSIDE_DISTANCE_UNAVAILABLE,3,,,,
n2459682691,Парканы,5.406,,24,,,OUTSIDE_DISTANCE_UNAVAILABLE,3,,,,
n2459682692,Парканы,5.433,,24,,,OUTSIDE_DISTANCE_UNAVAILABLE,3,,,,
n2459682693,Парканы,5.459,,24,,,OUTSIDE_DISTANCE_UNAVAILABLE,3,,,,
n2459682694,Парканы,5.481,,24,,,OUTSIDE_DISTANCE_UNAVAILABLE,3,,,,
n2459682695,Парканы,5.503,,25,,,OUTSIDE_DISTANCE_UNAVAILABLE,3,,,,
n2459682696,Парканы,5.526,,25,,,OUTSIDE_DISTANCE_UNAVAILABLE,3,,,,
n2459682697,Парканы,5.548,,25,,,OUTSIDE_DISTANCE_UNAVAILABLE,4,,,,
n2459682698,Парканы,5.568,,25,,,OUTSIDE_DISTANCE_UNAVAILABLE,4,,,,
n2459682699,Парканы,5.922,,26,,,OUTSIDE_DISTANCE_UNAVAILABLE,4,,,,
n2459682700,Парканы,5.9,,26,,,OUTSIDE_DISTANCE_UNAVAILABLE,4,,,,
n2459682701,Парканы,5.879,,26,,,OUTSIDE_DISTANCE_UNAVAILABLE,4,,,,
n2459682702,Парканы,5.857,,26,,,OUTSIDE_DISTANCE_UNAVAILABLE,4,,,,
n2459682703,Парканы,5.836,,26,,,OUTSIDE_DISTANCE_UNAVAILABLE,4,,,,
n2459682704,Парканы,5.812,,26,,,OUTSIDE_DISTANCE_UNAVAILABLE,4,,,,
n2459682705,Парканы,5.787,,26,,,OUTSIDE_DISTANCE_UNAVAILABLE,4,,,,
n2459682706,Парканы,5.767,,26,,,OUTSIDE_DISTANCE_UNAVAILABLE,4,,,,
n2459682707,Парканы,5.741,,25,,,OUTSIDE_DISTANCE_UNAVAILABLE,4,,,,
n2459682708,Парканы,5.755,,26,,,OUTSIDE_DISTANCE_UNAVAILABLE,4,,,,
n2459682709,Парканы,5.791,,26,,,OUTSIDE_DISTANCE_UNAVAILABLE,4,,,,
n2459682710,Парканы,5.825,,26,,,OUTSIDE_DISTANCE_UNAVAILABLE,4,,,,
n2459682711,Парканы,5.865,,26,,,OUTSIDE_DISTANCE_UNAVAILABLE,4,,,,
n2459682712,Парканы,5.904,,26,,,OUTSIDE_DISTANCE_UNAVAILABLE,4,,,,
n2459682713,Парканы,5.942,,26,,,OUTSIDE_DISTANCE_UNAVAILABLE,4,,,,
n2459682714,Парканы,5.973,,26,,,OUTSIDE_DISTANCE_UNAVAILABLE,4,,,,
n2459682715,Парканы,6.005,,27,,,OUTSIDE_DISTANCE_UNAVAILABLE,4,,,,
n2459682716,Парканы,6.206,,27,,,OUTSIDE_DISTANCE_UNAVAILABLE,4,,,,
n2459682717,Парканы,6.172,,27,,,OUTSIDE_DISTANCE_UNAVAILABLE,4,,,,
n2459682718,Парканы,6.139,,27,,,OUTSIDE_DISTANCE_UNAVAILABLE,4,,,,
n2459682719,Парканы,6.154,,27,,,OUTSIDE_DISTANCE_UNAVAILABLE,4,,,,
n2459682720,Парканы,6.173,,27,,,OUTSIDE_DISTANCE_UNAVAILABLE,4,,,,
n2459682721,Парканы,6.193,,27,,,OUTSIDE_DISTANCE_UNAVAILABLE,4,,,,
n2459682722,Парканы,6.213,,27,,,OUTSIDE_DISTANCE_UNAVAILABLE,4,,,,
n2459682723,Парканы,6.233,,27,,,OUTSIDE_DISTANCE_UNAVAILABLE,4,,,,
n2459682724,Парканы,6.252,,28,,,OUTSIDE_DISTANCE_UNAVAILABLE,4,,,,
n2459682725,Парканы,6.272,,28,,,OUTSIDE_DISTANCE_UNAVAILABLE,4,,,,
n2459682726,Парканы,6.291,,28,,,OUTSIDE_DISTANCE_UNAVAILABLE,4,,,,
n2459682727,Парканы,6.314,,28,,,OUTSIDE_DISTANCE_UNAVAILABLE,4,,,,
n2459682728,Парканы,6.333,,28,,,OUTSIDE_DISTANCE_UNAVAILABLE,4,,,,
n2459682729,Парканы,6.353,,28,,,OUTSIDE_DISTANCE_UNAVAILABLE,4,,,,
n2459682730,Парканы,6.374,,28,,,OUTSIDE_DISTANCE_UNAVAILABLE,4,,,,
n2459682731,Парканы,6.394,,28,,,OUTSIDE_DISTANCE_UNAVAILABLE,4,,,,
n2459682732,Парканы,6.417,,28,,,OUTSIDE_DISTANCE_UNAVAILABLE,4,,,,
n2459682733,Парканы,6.463,,28,,,OUTSIDE_DISTANCE_UNAVAILABLE,4,,,,
n2459682737,Парканы,6.734,,29,,,OUTSIDE_DISTANCE_UNAVAILABLE,4,,,,
n2459721898,Парканы,5.182,,23,,,OUTSIDE_DISTANCE_UNAVAILABLE,3,,,,
n2459721901,Парканы,5.199,,23,,,OUTSIDE_DISTANCE_UNAVAILABLE,3,,,,
n2459721904,Парканы,5.215,,23,,,OUTSIDE_DISTANCE_UNAVAILABLE,3,,,,
n2459721907,Парканы,5.229,,23,,,OUTSIDE_DISTANCE_UNAVAILABLE,3,,,,
n2459721910,Парканы,5.244,,23,,,OUTSIDE_DISTANCE_UNAVAILABLE,3,,,,
n2459721913,Парканы,5.26,,24,,,OUTSIDE_DISTANCE_UNAVAILABLE,3,,,,
n2459721915,Парканы,5.28,,24,,,OUTSIDE_DISTANCE_UNAVAILABLE,3,,,,
n2459721918,Парканы,5.294,,24,,,OUTSIDE_DISTANCE_UNAVAILABLE,3,,,,
n2459721921,Парканы,5.311,,24,,,OUTSIDE_DISTANCE_UNAVAILABLE,3,,,,
n2459721924,Парканы,5.326,,24,,,OUTSIDE_DISTANCE_UNAVAILABLE,3,,,,
n2459721927,Парканы,5.342,,24,,,OUTSIDE_DISTANCE_UNAVAILABLE,3,,,,
n2459721930,Парканы,5.359,,24,,,OUTSIDE_DISTANCE_UNAVAILABLE,3,,,,
n2459721932,Парканы,5.372,,24,,,OUTSIDE_DISTANCE_UNAVAILABLE,3,,,,
n2459721934,Парканы,5.388,,24,,,OUTSIDE_DISTANCE_UNAVAILABLE,3,,,,
n2459721935,Парканы,5.402,,24,,,OUTSIDE_DISTANCE_UNAVAILABLE,3,,,,
n2459721936,Парканы,5.419,,24,,,OUTSIDE_DISTANCE_UNAVAILABLE,3,,,,
n2459721939,Парканы,5.435,,24,,,OUTSIDE_DISTANCE_UNAVAILABLE,3,,,,
n2459721943,Парканы,5.452,,24,,,OUTSIDE_DISTANCE_UNAVAILABLE,3,,,,
n2459721946,Парканы,5.466,,24,,,OUTSIDE_DISTANCE_UNAVAILABLE,3,,,,
n2459721949,Парканы,5.482,,24,,,OUTSIDE_DISTANCE_UNAVAILABLE,3,,,,
n2459721952,Парканы,5.501,,25,,,OUTSIDE_DISTANCE_UNAVAILABLE,3,,,,
n2459721955,Парканы,5.516,,25,,,OUTSIDE_DISTANCE_UNAVAILABLE,3,,,,
n2459721962,Парканы,5.534,,25,,,OUTSIDE_DISTANCE_UNAVAILABLE,3,,,,
n2459721964,Парканы,5.553,,25,,,OUTSIDE_DISTANCE_UNAVAILABLE,4,,,,
n2459721967,Парканы,5.573,,25,,,OUTSIDE_DISTANCE_UNAVAILABLE,4,,,,
n2459721970,Парканы,5.92,,26,,,OUTSIDE_DISTANCE_UNAVAILABLE,4,,,,
n2459721973,Парканы,5.9,,26,,,OUTSIDE_DISTANCE_UNAVAILABLE,4,,,,
n2459721976,Парканы,5.883,,26,,,OUTSIDE_DISTANCE_UNAVAILABLE,4,,,,
n2459722048,Парканы,5.886,,26,,,OUTSIDE_DISTANCE_UNAVAILABLE,4,,,,
n2459722178,Парканы,6.498,,28,,,OUTSIDE_DISTANCE_UNAVAILABLE,4,,,,
n2459722182,Парканы,6.518,,29,,,OUTSIDE_DISTANCE_UNAVAILABLE,4,,,,
n2459722185,Парканы,6.538,,29,,,OUTSIDE_DISTANCE_UNAVAILABLE,4,,,,
n2459722188,Парканы,6.554,,29,,,OUTSIDE_DISTANCE_UNAVAILABLE,4,,,,
n2459722189,Парканы,6.581,,29,,,OUTSIDE_DISTANCE_UNAVAILABLE,4,,,,
n2459722190,Парканы,6.601,,29,,,OUTSIDE_DISTANCE_UNAVAILABLE,4,,,,
n2459760159,Парканы,4.035,,19,,,OUTSIDE_DISTANCE_UNAVAILABLE,2,,,,
n2459760160,Парканы,4.026,,19,,,OUTSIDE_DISTANCE_UNAVAILABLE,2,,,,
n2459760162,Парканы,4.022,,19,,,OUTSIDE_DISTANCE_UNAVAILABLE,2,,,,
n2459760165,Парканы,4.043,,19,,,OUTSIDE_DISTANCE_UNAVAILABLE,3,,,,
n2459760167,Парканы,4.06,,19,,,OUTSIDE_DISTANCE_UNAVAILABLE,3,,,,
n2459760168,Парканы,4.08,,19,,,OUTSIDE_DISTANCE_UNAVAILABLE,3,,,,
n2459760169,Парканы,4.101,,19,,,OUTSIDE_DISTANCE_UNAVAILABLE,3,,,,
n2459760170,Парканы,4.787,,22,,,OUTSIDE_DISTANCE_UNAVAILABLE,3,,,,
n2459760171,Парканы,4.767,,22,,,OUTSIDE_DISTANCE_UNAVAILABLE,3,,,,
n2459760172,Парканы,4.752,,22,,,OUTSIDE_DISTANCE_UNAVAILABLE,3,,,,
n2459760174,Парканы,4.712,,21,,,OUTSIDE_DISTANCE_UNAVAILABLE,3,,,,
n2459760175,Парканы,4.691,,21,,,OUTSIDE_DISTANCE_UNAVAILABLE,3,,,,
n2459760176,Парканы,4.67,,21,,,OUTSIDE_DISTANCE_UNAVAILABLE,3,,,,
n2459760177,Парканы,4.921,,22,,,OUTSIDE_DISTANCE_UNAVAILABLE,3,,,,
n2459760178,Парканы,4.742,,21,,,OUTSIDE_DISTANCE_UNAVAILABLE,3,,,,
n2459760179,Парканы,4.757,,22,,,OUTSIDE_DISTANCE_UNAVAILABLE,3,,,,
n2459760180,Парканы,4.773,,22,,,OUTSIDE_DISTANCE_UNAVAILABLE,3,,,,
n2459760181,Парканы,4.787,,22,,,OUTSIDE_DISTANCE_UNAVAILABLE,3,,,,
n2459760182,Парканы,4.802,,22,,,OUTSIDE_DISTANCE_UNAVAILABLE,3,,,,
n2459760183,Парканы,4.819,,22,,,OUTSIDE_DISTANCE_UNAVAILABLE,3,,,,
n2459760184,Парканы,4.836,,22,,,OUTSIDE_DISTANCE_UNAVAILABLE,3,,,,
n2459760185,Парканы,4.855,,22,,,OUTSIDE_DISTANCE_UNAVAILABLE,3,,,,
n2459760186,Парканы,4.871,,22,,,OUTSIDE_DISTANCE_UNAVAILABLE,3,,,,
n2459760187,Парканы,4.89,,22,,,OUTSIDE_DISTANCE_UNAVAILABLE,3,,,,
n2459760188,Парканы,4.91,,22,,,OUTSIDE_DISTANCE_UNAVAILABLE,3,,,,
n2459760189,Парканы,4.934,,22,,,OUTSIDE_DISTANCE_UNAVAILABLE,3,,,,
n2459760197,Парканы,5.234,,23,,,OUTSIDE_DISTANCE_UNAVAILABLE,3,,,,
n2459760201,Парканы,5.204,,23,,,OUTSIDE_DISTANCE_UNAVAILABLE,3,,,,
n2459760204,Парканы,5.156,,23,,,OUTSIDE_DISTANCE_UNAVAILABLE,3,,,,
n2459760207,Парканы,5.187,,23,,,OUTSIDE_DISTANCE_UNAVAILABLE,3,,,,
n2459760228,Парканы,5.324,,24,,,OUTSIDE_DISTANCE_UNAVAILABLE,3,,,,
n2459760231,Парканы,5.356,,24,,,OUTSIDE_DISTANCE_UNAVAILABLE,3,,,,
n2459760233,Парканы,5.388,,24,,,OUTSIDE_DISTANCE_UNAVAILABLE,3,,,,
n2459760235,Парканы,5.417,,24,,,OUTSIDE_DISTANCE_UNAVAILABLE,3,,,,
n2459760236,Парканы,5.445,,24,,,OUTSIDE_DISTANCE_UNAVAILABLE,3,,,,
n2459760237,Парканы,5.476,,24,,,OUTSIDE_DISTANCE_UNAVAILABLE,3,,,,
n2459760238,Парканы,5.503,,25,,,OUTSIDE_DISTANCE_UNAVAILABLE,3,,,,
n2459760239,Парканы,5.529,,25,,,OUTSIDE_DISTANCE_UNAVAILABLE,3,,,,
n2459760240,Парканы,5.552,,25,,,OUTSIDE_DISTANCE_UNAVAILABLE,4,,,,
n2459760241,Парканы,5.864,,26,,,OUTSIDE_DISTANCE_UNAVAILABLE,4,,,,
n2459760242,Парканы,5.837,,26,,,OUTSIDE_DISTANCE_UNAVAILABLE,4,,,,
n2459760243,Парканы,5.809,,26,,,OUTSIDE_DISTANCE_UNAVAILABLE,4,,,,
n2459760244,Парканы,5.076,,23,,,OUTSIDE_DISTANCE_UNAVAILABLE,3,,,,
n2459760245,Парканы,5.097,,23,,,OUTSIDE_DISTANCE_UNAVAILABLE,3,,,,
n2459760246,Парканы,5.116,,23,,,OUTSIDE_DISTANCE_UNAVAILABLE,3,,,,
n2459760247,Парканы,5.136,,23,,,OUTSIDE_DISTANCE_UNAVAILABLE,3,,,,
n2459760248,Парканы,5.162,,23,,,OUTSIDE_DISTANCE_UNAVAILABLE,3,,,,
n2459760249,Парканы,5.177,,23,,,OUTSIDE_DISTANCE_UNAVAILABLE,3,,,,
n2459760250,Парканы,5.194,,23,,,OUTSIDE_DISTANCE_UNAVAILABLE,3,,,,
n2459760251,Парканы,5.621,,25,,,OUTSIDE_DISTANCE_UNAVAILABLE,4,,,,
n2459760252,Парканы,5.605,,25,,,OUTSIDE_DISTANCE_UNAVAILABLE,4,,,,
n2459760253,Парканы,5.586,,25,,,OUTSIDE_DISTANCE_UNAVAILABLE,4,,,,
n2459760254,Парканы,5.568,,25,,,OUTSIDE_DISTANCE_UNAVAILABLE,4,,,,
n2459760255,Парканы,5.546,,25,,,OUTSIDE_DISTANCE_UNAVAILABLE,4,,,,
n2459760256,Парканы,5.5,,24,,,OUTSIDE_DISTANCE_UNAVAILABLE,3,,,,
n2459760257,Парканы,5.523,,25,,,OUTSIDE_DISTANCE_UNAVAILABLE,3,,,,
n2459760258,Парканы,5.074,,23,,,OUTSIDE_DISTANCE_UNAVAILABLE,3,,,,
n2459760259,Парканы,5.096,,23,,,OUTSIDE_DISTANCE_UNAVAILABLE,3,,,,
n2459760260,Парканы,5.118,,23,,,OUTSIDE_DISTANCE_UNAVAILABLE,3,,,,
n2459760261,Парканы,5.141,,23,,,OUTSIDE_DISTANCE_UNAVAILABLE,3,,,,
n2459760262,Парканы,5.161,,23,,,OUTSIDE_DISTANCE_UNAVAILABLE,3,,,,
n2459760263,Парканы,5.182,,23,,,OUTSIDE_DISTANCE_UNAVAILABLE,3,,,,
n2459760264,Парканы,5.628,,25,,,OUTSIDE_DISTANCE_UNAVAILABLE,4,,,,
n2459760265,Парканы,5.589,,25,,,OUTSIDE_DISTANCE_UNAVAILABLE,4,,,,
n2459760266,Парканы,5.566,,25,,,OUTSIDE_DISTANCE_UNAVAILABLE,4,,,,
n2459760267,Парканы,5.544,,25,,,OUTSIDE_DISTANCE_UNAVAILABLE,4,,,,
n2459760268,Парканы,5.514,,25,,,OUTSIDE_DISTANCE_UNAVAILABLE,3,,,,
n2459780615,Парканы,5.575,,25,,,OUTSIDE_DISTANCE_UNAVAILABLE,4,,,,
n2459780616,Парканы,5.595,,25,,,OUTSIDE_DISTANCE_UNAVAILABLE,4,,,,
n2459780617,Парканы,5.611,,25,,,OUTSIDE_DISTANCE_UNAVAILABLE,4,,,,
n2459780618,Парканы,5.631,,25,,,OUTSIDE_DISTANCE_UNAVAILABLE,4,,,,
n2459780619,Парканы,5.652,,25,,,OUTSIDE_DISTANCE_UNAVAILABLE,4,,,,
n2459780620,Парканы,5.671,,25,,,OUTSIDE_DISTANCE_UNAVAILABLE,4,,,,
n2459780621,Парканы,5.691,,25,,,OUTSIDE_DISTANCE_UNAVAILABLE,4,,,,
n2459780622,Парканы,5.713,,25,,,OUTSIDE_DISTANCE_UNAVAILABLE,4,,,,
n2459780623,Парканы,5.735,,25,,,OUTSIDE_DISTANCE_UNAVAILABLE,4,,,,
n2459780624,Парканы,5.756,,26,,,OUTSIDE_DISTANCE_UNAVAILABLE,4,,,,
n2459780625,Парканы,5.776,,26,,,OUTSIDE_DISTANCE_UNAVAILABLE,4,,,,
n2459780626,Парканы,5.798,,26,,,OUTSIDE_DISTANCE_UNAVAILABLE,4,,,,
n2459780627,Парканы,5.819,,26,,,OUTSIDE_DISTANCE_UNAVAILABLE,4,,,,
n2459780628,Парканы,5.84,,26,,,OUTSIDE_DISTANCE_UNAVAILABLE,4,,,,
n2459780629,Парканы,5.86,,26,,,OUTSIDE_DISTANCE_UNAVAILABLE,4,,,,
n2459780630,Парканы,5.88,,26,,,OUTSIDE_DISTANCE_UNAVAILABLE,4,,,,
n2459780631,Парканы,5.9,,26,,,OUTSIDE_DISTANCE_UNAVAILABLE,4,,,,
n2459780632,Парканы,6.147,,27,,,OUTSIDE_DISTANCE_UNAVAILABLE,4,,,,
n2459780633,Парканы,6.064,,27,,,OUTSIDE_DISTANCE_UNAVAILABLE,4,,,,
n2459780634,Парканы,6.107,,27,,,OUTSIDE_DISTANCE_UNAVAILABLE,4,,,,
n2459780636,Парканы,6.062,,27,,,OUTSIDE_DISTANCE_UNAVAILABLE,4,,,,
n2459780637,Парканы,6.078,,27,,,OUTSIDE_DISTANCE_UNAVAILABLE,4,,,,
n2459780638,Парканы,6.092,,27,,,OUTSIDE_DISTANCE_UNAVAILABLE,4,,,,
n2459780639,Парканы,6.125,,27,,,OUTSIDE_DISTANCE_UNAVAILABLE,4,,,,
n2459780640,Парканы,6.142,,27,,,OUTSIDE_DISTANCE_UNAVAILABLE,4,,,,
n2459780642,Парканы,6.157,,27,,,OUTSIDE_DISTANCE_UNAVAILABLE,4,,,,
n2459780643,Парканы,6.171,,27,,,OUTSIDE_DISTANCE_UNAVAILABLE,4,,,,
n2459780644,Парканы,6.186,,27,,,OUTSIDE_DISTANCE_UNAVAILABLE,4,,,,
n2459780645,Парканы,6.2,,27,,,OUTSIDE_DISTANCE_UNAVAILABLE,4,,,,
n2459780646,Парканы,6.214,,27,,,OUTSIDE_DISTANCE_UNAVAILABLE,4,,,,
n2459780647,Парканы,6.228,,27,,,OUTSIDE_DISTANCE_UNAVAILABLE,4,,,,
n2459780648,Парканы,6.244,,27,,,OUTSIDE_DISTANCE_UNAVAILABLE,4,,,,
n2459780649,Парканы,6.261,,28,,,OUTSIDE_DISTANCE_UNAVAILABLE,4,,,,
n2459780650,Парканы,6.275,,28,,,OUTSIDE_DISTANCE_UNAVAILABLE,4,,,,
n2459780651,Парканы,6.292,,28,,,OUTSIDE_DISTANCE_UNAVAILABLE,4,,,,
n2459780652,Парканы,6.31,,28,,,OUTSIDE_DISTANCE_UNAVAILABLE,4,,,,
n2459780653,Парканы,6.329,,28,,,OUTSIDE_DISTANCE_UNAVAILABLE,4,,,,
n2459780656,Парканы,6.491,,28,,,OUTSIDE_DISTANCE_UNAVAILABLE,4,,,,
n2459780657,Парканы,6.47,,28,,,OUTSIDE_DISTANCE_UNAVAILABLE,4,,,,
n2459780658,Парканы,6.445,,28,,,OUTSIDE_DISTANCE_UNAVAILABLE,4,,,,
n2459858308,Парканы,6.409,,28,,,OUTSIDE_DISTANCE_UNAVAILABLE,4,,,,
n2459858309,Парканы,6.45,,28,,,OUTSIDE_DISTANCE_UNAVAILABLE,4,,,,
n2459858310,Парканы,6.468,,28,,,OUTSIDE_DISTANCE_UNAVAILABLE,4,,,,
n2459858311,Парканы,6.485,,28,,,OUTSIDE_DISTANCE_UNAVAILABLE,4,,,,
n2459858312,Парканы,6.506,,29,,,OUTSIDE_DISTANCE_UNAVAILABLE,4,,,,
n2459858313,Парканы,6.524,,29,,,OUTSIDE_DISTANCE_UNAVAILABLE,4,,,,
n2459858314,Парканы,6.544,,29,,,OUTSIDE_DISTANCE_UNAVAILABLE,4,,,,
n2459858315,Парканы,6.565,,29,,,OUTSIDE_DISTANCE_UNAVAILABLE,4,,,,
n2459858316,Парканы,6.586,,29,,,OUTSIDE_DISTANCE_UNAVAILABLE,4,,,,
n2459858317,Парканы,6.608,,29,,,OUTSIDE_DISTANCE_UNAVAILABLE,4,,,,
n2459858318,Парканы,6.625,,29,,,OUTSIDE_DISTANCE_UNAVAILABLE,4,,,,
n2459858319,Парканы,6.646,,29,,,OUTSIDE_DISTANCE_UNAVAILABLE,4,,,,
n2459858320,Парканы,6.665,,29,,,OUTSIDE_DISTANCE_UNAVAILABLE,4,,,,
n2459858321,Парканы,6.687,,29,,,OUTSIDE_DISTANCE_UNAVAILABLE,4,,,,
n2459858322,Парканы,6.705,,29,,,OUTSIDE_DISTANCE_UNAVAILABLE,4,,,,
n2459858323,Парканы,6.726,,29,,,OUTSIDE_DISTANCE_UNAVAILABLE,4,,,,
n2459858324,Парканы,6.748,,29,,,OUTSIDE_DISTANCE_UNAVAILABLE,4,,,,
n2459858325,Парканы,6.767,,30,,,OUTSIDE_DISTANCE_UNAVAILABLE,4,,,,
n2459858326,Парканы,6.785,,30,,,OUTSIDE_DISTANCE_UNAVAILABLE,4,,,,
n2459858327,Парканы,7.415,,32,,,OUTSIDE_DISTANCE_UNAVAILABLE,4,,,,
n2459858328,Парканы,7.394,,32,,,OUTSIDE_DISTANCE_UNAVAILABLE,4,,,,
n2459858329,Парканы,7.373,,32,,,OUTSIDE_DISTANCE_UNAVAILABLE,4,,,,
n2459858330,Парканы,7.351,,32,,,OUTSIDE_DISTANCE_UNAVAILABLE,4,,,,
n2459858331,Парканы,7.332,,32,,,OUTSIDE_DISTANCE_UNAVAILABLE,4,,,,
n2459858332,Парканы,7.309,,32,,,OUTSIDE_DISTANCE_UNAVAILABLE,4,,,,
n2459858333,Парканы,7.282,,32,,,OUTSIDE_DISTANCE_UNAVAILABLE,4,,,,
n2459858334,Парканы,7.257,,32,,,OUTSIDE_DISTANCE_UNAVAILABLE,4,,,,
n2459858335,Парканы,7.234,,31,,,OUTSIDE_DISTANCE_UNAVAILABLE,4,,,,
n2459858336,Парканы,7.212,,31,,,OUTSIDE_DISTANCE_UNAVAILABLE,4,,,,
n2459858337,Парканы,7.181,,31,,,OUTSIDE_DISTANCE_UNAVAILABLE,4,,,,
n2459858338,Парканы,7.109,,31,,,OUTSIDE_DISTANCE_UNAVAILABLE,4,,,,
n2459893728,Парканы,7.174,,31,,,OUTSIDE_DISTANCE_UNAVAILABLE,4,,,,
n2459893729,Парканы,7.199,,31,,,OUTSIDE_DISTANCE_UNAVAILABLE,4,,,,
n2459893731,Парканы,7.218,,31,,,OUTSIDE_DISTANCE_UNAVAILABLE,4,,,,
n2459893732,Парканы,7.242,,31,,,OUTSIDE_DISTANCE_UNAVAILABLE,4,,,,
n2459893733,Парканы,7.26,,32,,,OUTSIDE_DISTANCE_UNAVAILABLE,4,,,,
n2459893734,Парканы,7.282,,32,,,OUTSIDE_DISTANCE_UNAVAILABLE,4,,,,
n2459893735,Парканы,7.305,,32,,,OUTSIDE_DISTANCE_UNAVAILABLE,4,,,,
n2459893736,Парканы,7.326,,32,,,OUTSIDE_DISTANCE_UNAVAILABLE,4,,,,
n2459893737,Парканы,7.345,,32,,,OUTSIDE_DISTANCE_UNAVAILABLE,4,,,,
n2459893738,Парканы,7.365,,32,,,OUTSIDE_DISTANCE_UNAVAILABLE,4,,,,
n2459893739,Парканы,7.387,,32,,,OUTSIDE_DISTANCE_UNAVAILABLE,4,,,,
n2459893740,Парканы,7.406,,32,,,OUTSIDE_DISTANCE_UNAVAILABLE,4,,,,
n2459893741,Парканы,6.791,,30,,,OUTSIDE_DISTANCE_UNAVAILABLE,4,,,,
n2459893742,Парканы,6.771,,30,,,OUTSIDE_DISTANCE_UNAVAILABLE,4,,,,
n2459893743,Парканы,6.749,,29,,,OUTSIDE_DISTANCE_UNAVAILABLE,4,,,,
n2459893744,Парканы,6.726,,29,,,OUTSIDE_DISTANCE_UNAVAILABLE,4,,,,
n2459893745,Парканы,6.707,,29,,,OUTSIDE_DISTANCE_UNAVAILABLE,4,,,,
n2459893746,Парканы,6.686,,29,,,OUTSIDE_DISTANCE_UNAVAILABLE,4,,,,
n2459893747,Парканы,6.669,,29,,,OUTSIDE_DISTANCE_UNAVAILABLE,4,,,,
n2459893749,Парканы,6.651,,29,,,OUTSIDE_DISTANCE_UNAVAILABLE,4,,,,
n2459893750,Парканы,6.631,,29,,,OUTSIDE_DISTANCE_UNAVAILABLE,4,,,,
n2459893751,Парканы,6.612,,29,,,OUTSIDE_DISTANCE_UNAVAILABLE,4,,,,
n2459893753,Парканы,6.595,,29,,,OUTSIDE_DISTANCE_UNAVAILABLE,4,,,,
n2459893754,Парканы,6.572,,29,,,OUTSIDE_DISTANCE_UNAVAILABLE,4,,,,
n2459893755,Парканы,6.553,,29,,,OUTSIDE_DISTANCE_UNAVAILABLE,4,,,,
n2459893756,Парканы,6.529,,29,,,OUTSIDE_DISTANCE_UNAVAILABLE,4,,,,
n2459893759,Парканы,6.506,,29,,,OUTSIDE_DISTANCE_UNAVAILABLE,4,,,,
n2459893762,Парканы,6.484,,28,,,OUTSIDE_DISTANCE_UNAVAILABLE,4,,,,
n2459893766,Парканы,6.433,,28,,,OUTSIDE_DISTANCE_UNAVAILABLE,4,,,,
n2459893769,Парканы,6.449,,28,,,OUTSIDE_DISTANCE_UNAVAILABLE,4,,,,
n2459893772,Парканы,6.463,,28,,,OUTSIDE_DISTANCE_UNAVAILABLE,4,,,,
n2459893775,Парканы,6.483,,28,,,OUTSIDE_DISTANCE_UNAVAILABLE,4,,,,
n2459893778,Парканы,6.354,,28,,,OUTSIDE_DISTANCE_UNAVAILABLE,4,,,,
n2459893781,Парканы,6.335,,28,,,OUTSIDE_DISTANCE_UNAVAILABLE,4,,,,
n2459893784,Парканы,6.316,,28,,,OUTSIDE_DISTANCE_UNAVAILABLE,4,,,,
n2459893787,Парканы,6.297,,28,,,OUTSIDE_DISTANCE_UNAVAILABLE,4,,,,
n2459893791,Парканы,6.277,,28,,,OUTSIDE_DISTANCE_UNAVAILABLE,4,,,,
n2459893794,Парканы,6.255,,28,,,OUTSIDE_DISTANCE_UNAVAILABLE,4,,,,
n2459893797,Парканы,6.235,,27,,,OUTSIDE_DISTANCE_UNAVAILABLE,4,,,,
n2459893801,Парканы,6.213,,27,,,OUTSIDE_DISTANCE_UNAVAILABLE,4,,,,
n2459893804,Парканы,6.193,,27,,,OUTSIDE_DISTANCE_UNAVAILABLE,4,,,,
n2459893807,Парканы,6.171,,27,,,OUTSIDE_DISTANCE_UNAVAILABLE,4,,,,
n2459893817,Парканы,6.071,,27,,,OUTSIDE_DISTANCE_UNAVAILABLE,4,,,,
n2459893820,Парканы,6.043,,27,,,OUTSIDE_DISTANCE_UNAVAILABLE,4,,,,
n2459893823,Парканы,6.054,,27,,,OUTSIDE_DISTANCE_UNAVAILABLE,4,,,,
n2459893826,Парканы,6.079,,27,,,OUTSIDE_DISTANCE_UNAVAILABLE,4,,,,
n2459893829,Парканы,6.103,,27,,,OUTSIDE_DISTANCE_UNAVAILABLE,4,,,,
n2460033740,Парканы,5.903,,26,,,OUTSIDE_DISTANCE_UNAVAILABLE,4,,,,
n2460033741,Парканы,5.888,,26,,,OUTSIDE_DISTANCE_UNAVAILABLE,4,,,,
n2460033742,Парканы,5.872,,26,,,OUTSIDE_DISTANCE_UNAVAILABLE,4,,,,
n2460033743,Парканы,5.856,,26,,,OUTSIDE_DISTANCE_UNAVAILABLE,4,,,,
n2460033744,Парканы,5.84,,26,,,OUTSIDE_DISTANCE_UNAVAILABLE,4,,,,
n2460033745,Парканы,5.821,,26,,,OUTSIDE_DISTANCE_UNAVAILABLE,4,,,,
n2460033746,Парканы,5.802,,26,,,OUTSIDE_DISTANCE_UNAVAILABLE,4,,,,
n2460033747,Парканы,5.785,,26,,,OUTSIDE_DISTANCE_UNAVAILABLE,4,,,,
n2460033748,Парканы,5.769,,26,,,OUTSIDE_DISTANCE_UNAVAILABLE,4,,,,
n2460033749,Парканы,5.75,,25,,,OUTSIDE_DISTANCE_UNAVAILABLE,4,,,,
n2460033750,Парканы,5.736,,25,,,OUTSIDE_DISTANCE_UNAVAILABLE,4,,,,
n2460033751,Парканы,5.722,,25,,,OUTSIDE_DISTANCE_UNAVAILABLE,4,,,,
n2460033752,Парканы,5.702,,25,,,OUTSIDE_DISTANCE_UNAVAILABLE,4,,,,
n2460033753,Парканы,5.682,,25,,,OUTSIDE_DISTANCE_UNAVAILABLE,4,,,,
n2460033754,Парканы,5.663,,25,,,OUTSIDE_DISTANCE_UNAVAILABLE,4,,,,
n2460033755,Парканы,5.643,,25,,,OUTSIDE_DISTANCE_UNAVAILABLE,4,,,,
n2460033756,Парканы,5.619,,25,,,OUTSIDE_DISTANCE_UNAVAILABLE,4,,,,
n2460033757,Парканы,5.601,,25,,,OUTSIDE_DISTANCE_UNAVAILABLE,4,,,,
n2460033758,Парканы,5.581,,25,,,OUTSIDE_DISTANCE_UNAVAILABLE,4,,,,
n2460033759,Парканы,5.563,,25,,,OUTSIDE_DISTANCE_UNAVAILABLE,4,,,,
n2460033760,Парканы,5.509,,25,,,OUTSIDE_DISTANCE_UNAVAILABLE,3,,,,
n2460033761,Парканы,5.492,,24,,,OUTSIDE_DISTANCE_UNAVAILABLE,3,,,,
n2460033762,Парканы,5.544,,25,,,OUTSIDE_DISTANCE_UNAVAILABLE,4,,,,
n2460033763,Парканы,5.526,,25,,,OUTSIDE_DISTANCE_UNAVAILABLE,3,,,,
n2460033764,Парканы,5.473,,24,,,OUTSIDE_DISTANCE_UNAVAILABLE,3,,,,
n2460033768,Парканы,7.334,,32,,,OUTSIDE_DISTANCE_UNAVAILABLE,4,,,,
n2460033769,Парканы,7.352,,32,,,OUTSIDE_DISTANCE_UNAVAILABLE,4,,,,
n2460033770,Парканы,7.37,,32,,,OUTSIDE_DISTANCE_UNAVAILABLE,4,,,,
n2460033771,Парканы,7.386,,32,,,OUTSIDE_DISTANCE_UNAVAILABLE,4,,,,
n2460033772,Парканы,7.401,,32,,,OUTSIDE_DISTANCE_UNAVAILABLE,4,,,,
n2460033773,Парканы,7.415,,32,,,OUTSIDE_DISTANCE_UNAVAILABLE,4,,,,
n2460033774,Парканы,7.431,,32,,,OUTSIDE_DISTANCE_UNAVAILABLE,4,,,,
n2460033775,Парканы,7.449,,32,,,OUTSIDE_DISTANCE_UNAVAILABLE,4,,,,
n2460033776,Парканы,7.466,,32,,,OUTSIDE_DISTANCE_UNAVAILABLE,4,,,,
n2460033777,Парканы,7.484,,32,,,OUTSIDE_DISTANCE_UNAVAILABLE,4,,,,
n2460033778,Парканы,7.501,,33,,,OUTSIDE_DISTANCE_UNAVAILABLE,4,,,,
n2460033779,Парканы,7.521,,33,,,OUTSIDE_DISTANCE_UNAVAILABLE,4,,,,
n2460033780,Парканы,7.538,,33,,,OUTSIDE_DISTANCE_UNAVAILABLE,4,,,,
n2460033781,Парканы,7.557,,33,,,OUTSIDE_DISTANCE_UNAVAILABLE,4,,,,
n2460033782,Парканы,7.575,,33,,,OUTSIDE_DISTANCE_UNAVAILABLE,4,,,,
n2460033783,Парканы,6.886,,30,,,OUTSIDE_DISTANCE_UNAVAILABLE,4,,,,
n2460033784,Парканы,6.861,,30,,,OUTSIDE_DISTANCE_UNAVAILABLE,4,,,,
n2460033785,Парканы,6.827,,30,,,OUTSIDE_DISTANCE_UNAVAILABLE,4,,,,
n2460033786,Парканы,6.801,,30,,,OUTSIDE_DISTANCE_UNAVAILABLE,4,,,,
n2460033787,Парканы,6.777,,30,,,OUTSIDE_DISTANCE_UNAVAILABLE,4,,,,
n2460033788,Парканы,6.751,,30,,,OUTSIDE_DISTANCE_UNAVAILABLE,4,,,,
n2460033789,Парканы,6.725,,29,,,OUTSIDE_DISTANCE_UNAVAILABLE,4,,,,
n2460033790,Парканы,6.701,,29,,,OUTSIDE_DISTANCE_UNAVAILABLE,4,,,,
n2460033791,Парканы,6.677,,29,,,OUTSIDE_DISTANCE_UNAVAILABLE,4,,,,
n2460033792,Парканы,6.651,,29,,,OUTSIDE_DISTANCE_UNAVAILABLE,4,,,,
n2460033793,Парканы,6.621,,29,,,OUTSIDE_DISTANCE_UNAVAILABLE,4,,,,
n2460033794,Парканы,6.627,,29,,,OUTSIDE_DISTANCE_UNAVAILABLE,4,,,,
n2460033795,Парканы,6.64,,29,,,OUTSIDE_DISTANCE_UNAVAILABLE,4,,,,
n2460033796,Парканы,6.664,,29,,,OUTSIDE_DISTANCE_UNAVAILABLE,4,,,,
n2460033797,Парканы,6.684,,29,,,OUTSIDE_DISTANCE_UNAVAILABLE,4,,,,
n2460033798,Парканы,6.523,,29,,,OUTSIDE_DISTANCE_UNAVAILABLE,4,,,,
n2460033799,Парканы,6.486,,28,,,OUTSIDE_DISTANCE_UNAVAILABLE,4,,,,
n2460033800,Парканы,6.458,,28,,,OUTSIDE_DISTANCE_UNAVAILABLE,4,,,,
n2460033801,Парканы,6.428,,28,,,OUTSIDE_DISTANCE_UNAVAILABLE,4,,,,
n2460033802,Парканы,6.393,,28,,,OUTSIDE_DISTANCE_UNAVAILABLE,4,,,,
n2460033803,Парканы,6.352,,28,,,OUTSIDE_DISTANCE_UNAVAILABLE,4,,,,
n2460033807,Парканы,6.198,,27,,,OUTSIDE_DISTANCE_UNAVAILABLE,4,,,,
n2460033808,Парканы,6.205,,27,,,OUTSIDE_DISTANCE_UNAVAILABLE,4,,,,
n2460033809,Парканы,6.224,,27,,,OUTSIDE_DISTANCE_UNAVAILABLE,4,,,,
n2460033810,Парканы,6.242,,27,,,OUTSIDE_DISTANCE_UNAVAILABLE,4,,,,
n2460033811,Парканы,6.263,,28,,,OUTSIDE_DISTANCE_UNAVAILABLE,4,,,,
n2460033812,Парканы,6.281,,28,,,OUTSIDE_DISTANCE_UNAVAILABLE,4,,,,
n2460033813,Парканы,6.296,,28,,,OUTSIDE_DISTANCE_UNAVAILABLE,4,,,,
n2460033814,Парканы,6.315,,28,,,OUTSIDE_DISTANCE_UNAVAILABLE,4,,,,
n2460033815,Парканы,6.334,,28,,,OUTSIDE_DISTANCE_UNAVAILABLE,4,,,,
n2460033816,Парканы,6.351,,28,,,OUTSIDE_DISTANCE_UNAVAILABLE,4,,,,
n2460033817,Парканы,6.365,,28,,,OUTSIDE_DISTANCE_UNAVAILABLE,4,,,,
n2460033818,Парканы,6.38,,28,,,OUTSIDE_DISTANCE_UNAVAILABLE,4,,,,
n2460033819,Парканы,6.396,,28,,,OUTSIDE_DISTANCE_UNAVAILABLE,4,,,,
n2460033820,Парканы,6.41,,28,,,OUTSIDE_DISTANCE_UNAVAILABLE,4,,,,
n2460033821,Парканы,6.423,,28,,,OUTSIDE_DISTANCE_UNAVAILABLE,4,,,,
n2460033822,Парканы,6.439,,28,,,OUTSIDE_DISTANCE_UNAVAILABLE,4,,,,
n2460033823,Парканы,6.454,,28,,,OUTSIDE_DISTANCE_UNAVAILABLE,4,,,,
n2460033824,Парканы,6.469,,28,,,OUTSIDE_DISTANCE_UNAVAILABLE,4,,,,
n2460033826,Парканы,6.5,,28,,,OUTSIDE_DISTANCE_UNAVAILABLE,4,,,,
n2460033827,Парканы,6.516,,29,,,OUTSIDE_DISTANCE_UNAVAILABLE,4,,,,
n2460033828,Парканы,6.532,,29,,,OUTSIDE_DISTANCE_UNAVAILABLE,4,,,,
n2460033829,Парканы,6.545,,29,,,OUTSIDE_DISTANCE_UNAVAILABLE,4,,,,
n2460033830,Парканы,6.681,,29,,,OUTSIDE_DISTANCE_UNAVAILABLE,4,,,,
n2460033831,Парканы,6.666,,29,,,OUTSIDE_DISTANCE_UNAVAILABLE,4,,,,
n2460033832,Парканы,6.657,,29,,,OUTSIDE_DISTANCE_UNAVAILABLE,4,,,,
n2460033833,Парканы,6.641,,29,,,OUTSIDE_DISTANCE_UNAVAILABLE,4,,,,
n2460033835,Парканы,6.623,,29,,,OUTSIDE_DISTANCE_UNAVAILABLE,4,,,,
n2460033836,Парканы,6.639,,29,,,OUTSIDE_DISTANCE_UNAVAILABLE,4,,,,
n2460033837,Парканы,6.657,,29,,,OUTSIDE_DISTANCE_UNAVAILABLE,4,,,,
n2460035229,Парканы,6.665,,29,,,OUTSIDE_DISTANCE_UNAVAILABLE,4,,,,
n2460035232,Парканы,6.679,,29,,,OUTSIDE_DISTANCE_UNAVAILABLE,4,,,,
n2460035235,Парканы,6.694,,29,,,OUTSIDE_DISTANCE_UNAVAILABLE,4,,,,
n2460035238,Парканы,6.709,,29,,,OUTSIDE_DISTANCE_UNAVAILABLE,4,,,,
n2460035242,Парканы,6.725,,29,,,OUTSIDE_DISTANCE_UNAVAILABLE,4,,,,
n2460035245,Парканы,6.739,,29,,,OUTSIDE_DISTANCE_UNAVAILABLE,4,,,,
n2460035248,Парканы,6.754,,30,,,OUTSIDE_DISTANCE_UNAVAILABLE,4,,,,
n2460035251,Парканы,6.768,,30,,,OUTSIDE_DISTANCE_UNAVAILABLE,4,,,,
n2460035254,Парканы,6.784,,30,,,OUTSIDE_DISTANCE_UNAVAILABLE,4,,,,
n2460035257,Парканы,6.799,,30,,,OUTSIDE_DISTANCE_UNAVAILABLE,4,,,,
n2460035264,Парканы,6.815,,30,,,OUTSIDE_DISTANCE_UNAVAILABLE,4,,,,
n2460035268,Парканы,6.828,,30,,,OUTSIDE_DISTANCE_UNAVAILABLE,4,,,,
n2460035271,Парканы,6.844,,30,,,OUTSIDE_DISTANCE_UNAVAILABLE,4,,,,
n2460035274,Парканы,6.859,,30,,,OUTSIDE_DISTANCE_UNAVAILABLE,4,,,,
n2460035277,Парканы,6.875,,30,,,OUTSIDE_DISTANCE_UNAVAILABLE,4,,,,
n2460035280,Парканы,6.889,,30,,,OUTSIDE_DISTANCE_UNAVAILABLE,4,,,,
n2460035283,Парканы,7.574,,33,,,OUTSIDE_DISTANCE_UNAVAILABLE,4,,,,
n2460035286,Парканы,7.56,,33,,,OUTSIDE_DISTANCE_UNAVAILABLE,4,,,,
n2460035289,Парканы,7.546,,33,,,OUTSIDE_DISTANCE_UNAVAILABLE,4,,,,
n2460035292,Парканы,7.531,,33,,,OUTSIDE_DISTANCE_UNAVAILABLE,4,,,,
n2460035295,Парканы,7.515,,33,,,OUTSIDE_DISTANCE_UNAVAILABLE,4,,,,
n2460035298,Парканы,7.501,,33,,,OUTSIDE_DISTANCE_UNAVAILABLE,4,,,,
n2460055522,Парканы,7.486,,32,,,OUTSIDE_DISTANCE_UNAVAILABLE,4,,,,
n2460055523,Парканы,7.473,,32,,,OUTSIDE_DISTANCE_UNAVAILABLE,4,,,,
n2460055525,Парканы,7.442,,32,,,OUTSIDE_DISTANCE_UNAVAILABLE,4,,,,
n2460055526,Парканы,7.428,,32,,,OUTSIDE_DISTANCE_UNAVAILABLE,4,,,,
n2460055527,Парканы,7.413,,32,,,OUTSIDE_DISTANCE_UNAVAILABLE,4,,,,
n2460055528,Парканы,7.397,,32,,,OUTSIDE_DISTANCE_UNAVAILABLE,4,,,,
n2460055529,Парканы,7.38,,32,,,OUTSIDE_DISTANCE_UNAVAILABLE,4,,,,
n2460055530,Парканы,7.363,,32,,,OUTSIDE_DISTANCE_UNAVAILABLE,4,,,,
n2460055531,Парканы,7.345,,32,,,OUTSIDE_DISTANCE_UNAVAILABLE,4,,,,
n2460055532,Парканы,7.329,,32,,,OUTSIDE_DISTANCE_UNAVAILABLE,4,,,,
n2460055533,Парканы,7.311,,32,,,OUTSIDE_DISTANCE_UNAVAILABLE,4,,,,
n2460055534,Парканы,7.292,,32,,,OUTSIDE_DISTANCE_UNAVAILABLE,4,,,,
n2460055535,Парканы,7.276,,32,,,OUTSIDE_DISTANCE_UNAVAILABLE,4,,,,
n2460055536,Парканы,6.646,,29,,,OUTSIDE_DISTANCE_UNAVAILABLE,4,,,,
n2460055537,Парканы,6.667,,29,,,OUTSIDE_DISTANCE_UNAVAILABLE,4,,,,
n2460055538,Парканы,6.69,,29,,,OUTSIDE_DISTANCE_UNAVAILABLE,4,,,,
n2460055539,Парканы,6.712,,29,,,OUTSIDE_DISTANCE_UNAVAILABLE,4,,,,
n2460055540,Парканы,6.731,,29,,,OUTSIDE_DISTANCE_UNAVAILABLE,4,,,,
n2460055541,Парканы,6.748,,29,,,OUTSIDE_DISTANCE_UNAVAILABLE,4,,,,
n2460055542,Парканы,6.769,,30,,,OUTSIDE_DISTANCE_UNAVAILABLE,4,,,,
n2460055543,Парканы,6.786,,30,,,OUTSIDE_DISTANCE_UNAVAILABLE,4,,,,
n2460055544,Парканы,6.806,,30,,,OUTSIDE_DISTANCE_UNAVAILABLE,4,,,,
n2460055545,Парканы,6.826,,30,,,OUTSIDE_DISTANCE_UNAVAILABLE,4,,,,
n2460055546,Парканы,6.843,,30,,,OUTSIDE_DISTANCE_UNAVAILABLE,4,,,,
n2460055547,Парканы,6.865,,30,,,OUTSIDE_DISTANCE_UNAVAILABLE,4,,,,
n2460055548,Парканы,6.89,,30,,,OUTSIDE_DISTANCE_UNAVAILABLE,4,,,,
n2460055549,Парканы,6.578,,29,,,OUTSIDE_DISTANCE_UNAVAILABLE,4,,,,
n2460055550,Парканы,6.593,,29,,,OUTSIDE_DISTANCE_UNAVAILABLE,4,,,,
n2460055551,Парканы,6.608,,29,,,OUTSIDE_DISTANCE_UNAVAILABLE,4,,,,
n2460055552,Парканы,6.627,,29,,,OUTSIDE_DISTANCE_UNAVAILABLE,4,,,,
n2460055553,Парканы,6.645,,29,,,OUTSIDE_DISTANCE_UNAVAILABLE,4,,,,
n2460055554,Парканы,6.665,,29,,,OUTSIDE_DISTANCE_UNAVAILABLE,4,,,,
n2460055555,Парканы,6.69,,29,,,OUTSIDE_DISTANCE_UNAVAILABLE,4,,,,
n2460055556,Парканы,6.708,,29,,,OUTSIDE_DISTANCE_UNAVAILABLE,4,,,,
n2460055557,Парканы,6.727,,29,,,OUTSIDE_DISTANCE_UNAVAILABLE,4,,,,
n2460055558,Парканы,6.744,,29,,,OUTSIDE_DISTANCE_UNAVAILABLE,4,,,,
n2460055559,Парканы,6.761,,30,,,OUTSIDE_DISTANCE_UNAVAILABLE,4,,,,
n2460055560,Парканы,6.781,,30,,,OUTSIDE_DISTANCE_UNAVAILABLE,4,,,,
n2460055561,Парканы,6.8,,30,,,OUTSIDE_DISTANCE_UNAVAILABLE,4,,,,
n2460055562,Парканы,6.816,,30,,,OUTSIDE_DISTANCE_UNAVAILABLE,4,,,,
n2460055563,Парканы,6.83,,30,,,OUTSIDE_DISTANCE_UNAVAILABLE,4,,,,
n2460055564,Парканы,6.848,,30,,,OUTSIDE_DISTANCE_UNAVAILABLE,4,,,,
n2460055565,Парканы,6.864,,30,,,OUTSIDE_DISTANCE_UNAVAILABLE,4,,,,
n2460055566,Парканы,6.88,,30,,,OUTSIDE_DISTANCE_UNAVAILABLE,4,,,,
n2460055567,Парканы,6.898,,30,,,OUTSIDE_DISTANCE_UNAVAILABLE,4,,,,
n2460055568,Парканы,6.919,,30,,,OUTSIDE_DISTANCE_UNAVAILABLE,4,,,,
n2460055569,Парканы,6.937,,30,,,OUTSIDE_DISTANCE_UNAVAILABLE,4,,,,
n2460055570,Парканы,6.952,,30,,,OUTSIDE_DISTANCE_UNAVAILABLE,4,,,,
n2460055571,Парканы,6.972,,30,,,OUTSIDE_DISTANCE_UNAVAILABLE,4,,,,
n2460055572,Парканы,6.993,,30,,,OUTSIDE_DISTANCE_UNAVAILABLE,4,,,,
n2460055573,Парканы,7.007,,31,,,OUTSIDE_DISTANCE_UNAVAILABLE,4,,,,
n2460055575,Парканы,7.009,,31,,,OUTSIDE_DISTANCE_UNAVAILABLE,4,,,,
n2460055576,Парканы,6.837,,30,,,OUTSIDE_DISTANCE_UNAVAILABLE,4,,,,
n2460055577,Парканы,6.817,,30,,,OUTSIDE_DISTANCE_UNAVAILABLE,4,,,,
n2460055578,Парканы,6.803,,30,,,OUTSIDE_DISTANCE_UNAVAILABLE,4,,,,
n2460055579,Парканы,6.784,,30,,,OUTSIDE_DISTANCE_UNAVAILABLE,4,,,,
n2460055580,Парканы,6.764,,30,,,OUTSIDE_DISTANCE_UNAVAILABLE,4,,,,
n2460055581,Парканы,6.747,,29,,,OUTSIDE_DISTANCE_UNAVAILABLE,4,,,,
n2460055582,Парканы,6.598,,29,,,OUTSIDE_DISTANCE_UNAVAILABLE,4,,,,
n2460293599,Парканы,5.713,,25,,,OUTSIDE_DISTANCE_UNAVAILABLE,4,,,,
n2460293600,Парканы,5.697,,25,,,OUTSIDE_DISTANCE_UNAVAILABLE,4,,,,
n2460293601,Парканы,5.679,,25,,,OUTSIDE_DISTANCE_UNAVAILABLE,4,,,,
n2460293602,Парканы,5.659,,25,,,OUTSIDE_DISTANCE_UNAVAILABLE,4,,,,
n2460293603,Парканы,5.642,,25,,,OUTSIDE_DISTANCE_UNAVAILABLE,4,,,,
n2460293604,Парканы,5.622,,25,,,OUTSIDE_DISTANCE_UNAVAILABLE,4,,,,
n2460293605,Парканы,5.6,,25,,,OUTSIDE_DISTANCE_UNAVAILABLE,4,,,,
n2460293606,Парканы,5.577,,25,,,OUTSIDE_DISTANCE_UNAVAILABLE,4,,,,
n2460293607,Парканы,5.558,,25,,,OUTSIDE_DISTANCE_UNAVAILABLE,4,,,,
n2460293608,Парканы,5.537,,25,,,OUTSIDE_DISTANCE_UNAVAILABLE,3,,,,
n2460293609,Парканы,5.513,,25,,,OUTSIDE_DISTANCE_UNAVAILABLE,3,,,,
n2460293610,Парканы,5.488,,24,,,OUTSIDE_DISTANCE_UNAVAILABLE,3,,,,
n2460293611,Парканы,5.466,,24,,,OUTSIDE_DISTANCE_UNAVAILABLE,3,,,,
n2460293612,Парканы,5.447,,24,,,OUTSIDE_DISTANCE_UNAVAILABLE,3,,,,
n2460293613,Парканы,5.433,,24,,,OUTSIDE_DISTANCE_UNAVAILABLE,3,,,,
n2460293614,Парканы,5.699,,25,,,OUTSIDE_DISTANCE_UNAVAILABLE,4,,,,
n2460293615,Парканы,5.673,,25,,,OUTSIDE_DISTANCE_UNAVAILABLE,4,,,,
n2460293616,Парканы,5.648,,25,,,OUTSIDE_DISTANCE_UNAVAILABLE,4,,,,
n2460293617,Парканы,5.624,,25,,,OUTSIDE_DISTANCE_UNAVAILABLE,4,,,,
n2460293618,Парканы,5.6,,25,,,OUTSIDE_DISTANCE_UNAVAILABLE,4,,,,
n2460293619,Парканы,5.581,,25,,,OUTSIDE_DISTANCE_UNAVAILABLE,4,,,,
n2460293620,Парканы,5.561,,25,,,OUTSIDE_DISTANCE_UNAVAILABLE,4,,,,
n2460293621,Парканы,5.54,,25,,,OUTSIDE_DISTANCE_UNAVAILABLE,3,,,,
n2460293622,Парканы,5.518,,25,,,OUTSIDE_DISTANCE_UNAVAILABLE,3,,,,
n2460300196,Парканы,5.434,,24,,,OUTSIDE_DISTANCE_UNAVAILABLE,3,,,,
n2460300197,Парканы,5.455,,24,,,OUTSIDE_DISTANCE_UNAVAILABLE,3,,,,
n2460300198,Парканы,5.477,,24,,,OUTSIDE_DISTANCE_UNAVAILABLE,3,,,,
n2460300199,Парканы,5.495,,24,,,OUTSIDE_DISTANCE_UNAVAILABLE,3,,,,
n2460690882,Парканы,5.51,,25,,,OUTSIDE_DISTANCE_UNAVAILABLE,3,,,,
n2460690883,Парканы,5.53,,25,,,OUTSIDE_DISTANCE_UNAVAILABLE,3,,,,
n2460690884,Парканы,5.546,,25,,,OUTSIDE_DISTANCE_UNAVAILABLE,4,,,,
n2460690885,Парканы,5.563,,25,,,OUTSIDE_DISTANCE_UNAVAILABLE,4,,,,
n2460690887,Парканы,5.582,,25,,,OUTSIDE_DISTANCE_UNAVAILABLE,4,,,,
n2460690890,Парканы,5.599,,25,,,OUTSIDE_DISTANCE_UNAVAILABLE,4,,,,
n2460690893,Парканы,5.929,,26,,,OUTSIDE_DISTANCE_UNAVAILABLE,4,,,,
n2460690897,Парканы,5.911,,26,,,OUTSIDE_DISTANCE_UNAVAILABLE,4,,,,
n2460690900,Парканы,5.886,,26,,,OUTSIDE_DISTANCE_UNAVAILABLE,4,,,,
n2460690903,Парканы,5.863,,26,,,OUTSIDE_DISTANCE_UNAVAILABLE,4,,,,
n2460690904,Парканы,5.421,,24,,,OUTSIDE_DISTANCE_UNAVAILABLE,3,,,,
n2460690905,Парканы,5.435,,24,,,OUTSIDE_DISTANCE_UNAVAILABLE,3,,,,
n2460690909,Парканы,5.449,,24,,,OUTSIDE_DISTANCE_UNAVAILABLE,3,,,,
n2460690912,Парканы,5.463,,24,,,OUTSIDE_DISTANCE_UNAVAILABLE,3,,,,
n2460690915,Парканы,5.477,,24,,,OUTSIDE_DISTANCE_UNAVAILABLE,3,,,,
n2460690918,Парканы,5.491,,24,,,OUTSIDE_DISTANCE_UNAVAILABLE,3,,,,
n2460690921,Парканы,5.506,,25,,,OUTSIDE_DISTANCE_UNAVAILABLE,3,,,,
n2460690922,Парканы,5.522,,25,,,OUTSIDE_DISTANCE_UNAVAILABLE,3,,,,
n2460690923,Парканы,5.539,,25,,,OUTSIDE_DISTANCE_UNAVAILABLE,3,,,,
n2460690924,Парканы,5.554,,25,,,OUTSIDE_DISTANCE_UNAVAILABLE,4,,,,
n2460690925,Парканы,5.569,,25,,,OUTSIDE_DISTANCE_UNAVAILABLE,4,,,,
n2460690926,Парканы,5.584,,25,,,OUTSIDE_DISTANCE_UNAVAILABLE,4,,,,
n2460690927,Парканы,5.601,,25,,,OUTSIDE_DISTANCE_UNAVAILABLE,4,,,,
n2460690928,Парканы,5.927,,26,,,OUTSIDE_DISTANCE_UNAVAILABLE,4,,,,
n2460690929,Парканы,5.907,,26,,,OUTSIDE_DISTANCE_UNAVAILABLE,4,,,,
n2460690930,Парканы,5.893,,26,,,OUTSIDE_DISTANCE_UNAVAILABLE,4,,,,
n2460690931,Парканы,5.878,,26,,,OUTSIDE_DISTANCE_UNAVAILABLE,4,,,,
n2460690932,Парканы,5.863,,26,,,OUTSIDE_DISTANCE_UNAVAILABLE,4,,,,
n2460690933,Парканы,5.85,,26,,,OUTSIDE_DISTANCE_UNAVAILABLE,4,,,,
n2460690934,Парканы,5.833,,26,,,OUTSIDE_DISTANCE_UNAVAILABLE,4,,,,
n2460702940,Парканы,5.974,,26,,,OUTSIDE_DISTANCE_UNAVAILABLE,4,,,,
n2460702942,Парканы,6.136,,27,,,OUTSIDE_DISTANCE_UNAVAILABLE,4,,,,
n2460702943,Парканы,6.44,,28,,,OUTSIDE_DISTANCE_UNAVAILABLE,4,,,,
n2460702944,Парканы,6.289,,28,,,OUTSIDE_DISTANCE_UNAVAILABLE,4,,,,
n2460702950,Парканы,6.128,,27,,,OUTSIDE_DISTANCE_UNAVAILABLE,4,,,,
n2460702951,Парканы,6.164,,27,,,OUTSIDE_DISTANCE_UNAVAILABLE,4,,,,
n2460702952,Парканы,6.19,,27,,,OUTSIDE_DISTANCE_UNAVAILABLE,4,,,,
n2460702953,Парканы,6.217,,27,,,OUTSIDE_DISTANCE_UNAVAILABLE,4,,,,
n2460702954,Парканы,6.244,,27,,,OUTSIDE_DISTANCE_UNAVAILABLE,4,,,,
n2460702955,Парканы,6.261,,28,,,OUTSIDE_DISTANCE_UNAVAILABLE,4,,,,
n2460744688,Парканы,5.741,,25,,,OUTSIDE_DISTANCE_UNAVAILABLE,4,,,,
n2460744689,Парканы,5.761,,26,,,OUTSIDE_DISTANCE_UNAVAILABLE,4,,,,
n2460744690,Парканы,5.784,,26,,,OUTSIDE_DISTANCE_UNAVAILABLE,4,,,,
n2460744691,Парканы,5.807,,26,,,OUTSIDE_DISTANCE_UNAVAILABLE,4,,,,
n2460744692,Парканы,5.826,,26,,,OUTSIDE_DISTANCE_UNAVAILABLE,4,,,,
n2460744693,Парканы,5.866,,26,,,OUTSIDE_DISTANCE_UNAVAILABLE,4,,,,
n2460744694,Парканы,5.894,,26,,,OUTSIDE_DISTANCE_UNAVAILABLE,4,,,,
n2460744695,Парканы,5.927,,26,,,OUTSIDE_DISTANCE_UNAVAILABLE,4,,,,
n2460744696,Парканы,5.97,,26,,,OUTSIDE_DISTANCE_UNAVAILABLE,4,,,,
n2460744698,Парканы,5.994,,26,,,OUTSIDE_DISTANCE_UNAVAILABLE,4,,,,
n2460744701,Парканы,6.021,,27,,,OUTSIDE_DISTANCE_UNAVAILABLE,4,,,,
n2460744704,Парканы,6.255,,28,,,OUTSIDE_DISTANCE_UNAVAILABLE,4,,,,
n2460744707,Парканы,6.38,,28,,,OUTSIDE_DISTANCE_UNAVAILABLE,4,,,,
n2460744710,Парканы,6.355,,28,,,OUTSIDE_DISTANCE_UNAVAILABLE,4,,,,
n2460744718,Парканы,3.65,,17,,,OUTSIDE_DISTANCE_UNAVAILABLE,2,,,,
n2460744721,Парканы,3.667,,17,,,OUTSIDE_DISTANCE_UNAVAILABLE,2,,,,
n2460744731,Парканы,3.729,,17,,,OUTSIDE_DISTANCE_UNAVAILABLE,2,,,,
n2460744732,Парканы,3.745,,17,,,OUTSIDE_DISTANCE_UNAVAILABLE,2,,,,
n2460744733,Парканы,3.782,,18,,,OUTSIDE_DISTANCE_UNAVAILABLE,2,,,,
n2460744734,Парканы,3.798,,18,,,OUTSIDE_DISTANCE_UNAVAILABLE,2,,,,
n2460744735,Парканы,3.831,,18,,,OUTSIDE_DISTANCE_UNAVAILABLE,2,,,,
n2460744736,Парканы,3.849,,18,,,OUTSIDE_DISTANCE_UNAVAILABLE,2,,,,
n2460744737,Парканы,3.865,,18,,,OUTSIDE_DISTANCE_UNAVAILABLE,2,,,,
n2460744738,Парканы,3.882,,18,,,OUTSIDE_DISTANCE_UNAVAILABLE,2,,,,
n2460744739,Парканы,3.898,,18,,,OUTSIDE_DISTANCE_UNAVAILABLE,2,,,,
n2460744740,Парканы,3.918,,18,,,OUTSIDE_DISTANCE_UNAVAILABLE,2,,,,
n2460744741,Парканы,3.937,,18,,,OUTSIDE_DISTANCE_UNAVAILABLE,2,,,,
n2460744742,Парканы,3.961,,18,,,OUTSIDE_DISTANCE_UNAVAILABLE,2,,,,
n2460744743,Парканы,3.984,,18,,,OUTSIDE_DISTANCE_UNAVAILABLE,2,,,,
n2460744744,Парканы,4.007,,19,,,OUTSIDE_DISTANCE_UNAVAILABLE,2,,,,
n2460744745,Парканы,4.021,,19,,,OUTSIDE_DISTANCE_UNAVAILABLE,2,,,,
n2460744747,Парканы,4.069,,19,,,OUTSIDE_DISTANCE_UNAVAILABLE,3,,,,
n2460744748,Парканы,4.087,,19,,,OUTSIDE_DISTANCE_UNAVAILABLE,3,,,,
n2460744749,Парканы,4.104,,19,,,OUTSIDE_DISTANCE_UNAVAILABLE,3,,,,
n2460744750,Парканы,4.124,,19,,,OUTSIDE_DISTANCE_UNAVAILABLE,3,,,,
n2460744751,Парканы,4.153,,19,,,OUTSIDE_DISTANCE_UNAVAILABLE,3,,,,
n2460744752,Парканы,4.173,,19,,,OUTSIDE_DISTANCE_UNAVAILABLE,3,,,,
n2460744758,Парканы,4.243,,19,,,OUTSIDE_DISTANCE_UNAVAILABLE,3,,,,
n2460744760,Парканы,4.267,,20,,,OUTSIDE_DISTANCE_UNAVAILABLE,3,,,,
n2460765249,Парканы,5.909,,26,,,OUTSIDE_DISTANCE_UNAVAILABLE,4,,,,
n2460765250,Парканы,5.938,,26,,,OUTSIDE_DISTANCE_UNAVAILABLE,4,,,,
n2460765251,Парканы,5.985,,26,,,OUTSIDE_DISTANCE_UNAVAILABLE,4,,,,
n2883806386,Парканы,3.496,,16,,,OUTSIDE_DISTANCE_UNAVAILABLE,2,,,,
n3255557548,Бендеры,0.936,0.0,14,0,14,CITY_OK,1,18.0,4.0,-1.0,False
n3464331849,Парканы,4.104,,19,,,OUTSIDE_DISTANCE_UNAVAILABLE,3,,,,
n3585409145,Бендеры,0.195,0.0,14,0,14,CITY_OK,1,18.0,4.0,-1.0,False
n3773251959,Бендеры,6.399,0.0,28,0,28,CITY_OK,3,38.39,10.39,5.39,False
n4162783293,Бендеры,5.991,0.0,26,0,26,CITY_OK,4,35.95,9.95,4.95,False
n4162783497,Бендеры,4.833,0.0,22,0,22,CITY_OK,3,29.0,7.0,2.0,True
n4167041985,Бендеры,1.345,0.0,14,0,14,CITY_OK,1,18.0,4.0,-1.0,False
n4167041986,Бендеры,1.275,0.0,14,0,14,CITY_OK,1,18.0,4.0,-1.0,False
n4196580392,Бендеры,0.111,0.0,14,0,14,CITY_OK,1,18.0,4.0,-1.0,False
n4196596589,Бендеры,0.081,0.0,14,0,14,CITY_OK,1,18.0,4.0,-1.0,False
n4243884391,Бендеры,3.636,0.0,17,0,17,CITY_OK,2,21.82,4.82,-0.18,False
n4243940691,Бендеры,1.237,0.0,14,0,14,CITY_OK,1,18.0,4.0,-1.0,False
n4243991698,Бендеры,0.983,0.0,14,0,14,CITY_OK,1,18.0,4.0,-1.0,False
n4259963192,Бендеры,1.349,0.0,14,0,14,CITY_OK,1,18.0,4.0,-1.0,False
n4271457905,Бендеры,1.137,0.0,14,0,14,CITY_OK,1,18.0,4.0,-1.0,False
n4393903637,Парканы,6.265,,28,,,OUTSIDE_DISTANCE_UNAVAILABLE,4,,,,
n4397872765,Бендеры,2.268,0.0,14,0,14,CITY_OK,2,18.0,4.0,-1.0,False
n4397872766,Бендеры,2.186,0.0,14,0,14,CITY_OK,2,18.0,4.0,-1.0,False
n4397873350,Бендеры,3.729,0.0,17,0,17,CITY_OK,2,22.37,5.37,0.37,True
n4397873702,Бендеры,3.813,0.0,18,0,18,CITY_OK,2,22.88,4.88,-0.12,False
n4397873703,Бендеры,3.724,0.0,17,0,17,CITY_OK,2,22.34,5.34,0.34,True
n4397873847,Бендеры,3.737,0.0,17,0,17,CITY_OK,2,22.42,5.42,0.42,True
n4397874066,Бендеры,2.157,0.0,14,0,14,CITY_OK,2,18.0,4.0,-1.0,False
n4397874067,Бендеры,2.111,0.0,14,0,14,CITY_OK,2,18.0,4.0,-1.0,False
n4397874068,Бендеры,2.099,0.0,14,0,14,CITY_OK,2,18.0,4.0,-1.0,False
n4397874069,Бендеры,2.018,0.0,14,0,14,CITY_OK,1,18.0,4.0,-1.0,False
n4397874158,Бендеры,4.926,0.0,22,0,22,CITY_OK,3,29.56,7.56,2.56,False
n4397874166,Бендеры,5.527,0.0,25,0,25,CITY_OK,3,33.16,8.16,3.16,False
n4397874238,Бендеры,3.639,0.0,17,0,17,CITY_OK,2,21.83,4.83,-0.17,False
n4418837238,Парканы,7.075,,31,,,OUTSIDE_DISTANCE_UNAVAILABLE,4,,,,
n4418842154,Парканы,7.071,,31,,,OUTSIDE_DISTANCE_UNAVAILABLE,4,,,,
n4466336290,Парканы,5.185,,23,,,OUTSIDE_DISTANCE_UNAVAILABLE,3,,,,
n4515161591,Бендеры,3.51,0.0,17,0,17,CITY_OK,2,21.06,4.06,-0.94,False
n4552708935,Протягайловка,7.379,,32,,,OUTSIDE_DISTANCE_UNAVAILABLE,4,,,,
n4552709337,Протягайловка,6.859,,30,,,OUTSIDE_DISTANCE_UNAVAILABLE,4,,,,
n4552709338,Протягайловка,7.031,,31,,,OUTSIDE_DISTANCE_UNAVAILABLE,4,,,,
n4580309456,Бендеры,4.505,0.0,21,0,21,CITY_OK,3,27.03,6.03,1.03,True
n4586898394,Бендеры,0.411,0.0,14,0,14,CITY_OK,1,18.0,4.0,-1.0,False
n4682684591,Гиска,6.952,,30,,,OUTSIDE_DISTANCE_UNAVAILABLE,4,,,,
n4770861709,Бендеры,1.109,0.0,14,0,14,CITY_OK,1,18.0,4.0,-1.0,False
n4813753096,Протягайловка,6.636,,29,,,OUTSIDE_DISTANCE_UNAVAILABLE,4,,,,
n4816665218,Парканы,6.266,,28,,,OUTSIDE_DISTANCE_UNAVAILABLE,4,,,,
n4818941315,Парканы,6.581,,29,,,OUTSIDE_DISTANCE_UNAVAILABLE,4,,,,
n4818943343,Парканы,5.967,,26,,,OUTSIDE_DISTANCE_UNAVAILABLE,4,,,,
n4835050371,Бендеры,5.357,0.0,24,0,24,CITY_OK,3,32.14,8.14,3.14,False
n4835050372,Бендеры,5.351,0.0,24,0,24,CITY_OK,3,32.11,8.11,3.11,False
n4835050373,Бендеры,5.253,0.0,24,0,24,CITY_OK,3,31.52,7.52,2.52,True
n4835076144,Бендеры,5.33,0.0,24,0,24,CITY_OK,3,31.98,7.98,2.98,False
n4835076145,Бендеры,5.323,0.0,24,0,24,CITY_OK,3,31.94,7.94,2.94,False
n4835076146,Бендеры,5.269,0.0,24,0,24,CITY_OK,3,31.61,7.61,2.61,True
n4853320322,Бендеры,3.463,0.0,16,0,16,CITY_OK,2,20.78,4.78,-0.22,False
n4886201534,Протягайловка,8.757,,38,,,OUTSIDE_DISTANCE_UNAVAILABLE,4,,,,
n4886201637,Бендеры,6.465,0.0,28,0,28,CITY_OK,4,38.79,10.79,5.79,False
n4905409919,Гиска,8.485,,36,,,OUTSIDE_DISTANCE_UNAVAILABLE,4,,,,
n4905410755,Гиска,7.573,,33,,,OUTSIDE_DISTANCE_UNAVAILABLE,4,,,,
n4905410762,Гиска,7.4,,32,,,OUTSIDE_DISTANCE_UNAVAILABLE,4,,,,
n4905410771,Гиска,6.312,,28,,,OUTSIDE_DISTANCE_UNAVAILABLE,4,,,,
n4905410976,Гиска,8.583,,37,,,OUTSIDE_DISTANCE_UNAVAILABLE,4,,,,
n4905410987,Гиска,8.561,,37,,,OUTSIDE_DISTANCE_UNAVAILABLE,4,,,,
n4905410988,Гиска,8.529,,37,,,OUTSIDE_DISTANCE_UNAVAILABLE,4,,,,
n4905411113,Гиска,8.898,,38,,,OUTSIDE_DISTANCE_UNAVAILABLE,4,,,,
n4905411115,Гиска,8.874,,38,,,OUTSIDE_DISTANCE_UNAVAILABLE,4,,,,
n4905411196,Гиска,8.71,,37,,,OUTSIDE_DISTANCE_UNAVAILABLE,4,,,,
n4905411200,Гиска,8.629,,37,,,OUTSIDE_DISTANCE_UNAVAILABLE,4,,,,
n4905411203,Гиска,8.536,,37,,,OUTSIDE_DISTANCE_UNAVAILABLE,4,,,,
n4905411204,Гиска,8.504,,37,,,OUTSIDE_DISTANCE_UNAVAILABLE,4,,,,
n4905411206,Гиска,7.856,,34,,,OUTSIDE_DISTANCE_UNAVAILABLE,4,,,,
n4905411230,Гиска,8.797,,38,,,OUTSIDE_DISTANCE_UNAVAILABLE,4,,,,
n4905411373,Гиска,8.129,,35,,,OUTSIDE_DISTANCE_UNAVAILABLE,4,,,,
n4905411401,Гиска,7.08,,31,,,OUTSIDE_DISTANCE_UNAVAILABLE,4,,,,
n4905411564,Гиска,6.105,,27,,,OUTSIDE_DISTANCE_UNAVAILABLE,4,,,,
n4905411576,Гиска,6.237,,27,,,OUTSIDE_DISTANCE_UNAVAILABLE,4,,,,
n4905411595,Гиска,6.138,,27,,,OUTSIDE_DISTANCE_UNAVAILABLE,4,,,,
n4919278864,Бендеры,5.161,0.0,23,0,23,CITY_OK,3,30.97,7.97,2.97,False
n4919309516,Бендеры,5.329,0.0,24,0,24,CITY_OK,3,31.97,7.97,2.97,False
n4919312070,Бендеры,4.284,0.0,20,0,20,CITY_OK,2,25.7,5.7,0.7,True
n4919312077,Бендеры,3.987,0.0,18,0,18,CITY_OK,2,23.92,5.92,0.92,True
n4988629677,Протягайловка,8.783,,38,,,OUTSIDE_DISTANCE_UNAVAILABLE,4,,,,
n4988629679,Протягайловка,8.593,,37,,,OUTSIDE_DISTANCE_UNAVAILABLE,4,,,,
n4988629680,Протягайловка,8.279,,36,,,OUTSIDE_DISTANCE_UNAVAILABLE,4,,,,
n4988629681,Протягайловка,8.205,,35,,,OUTSIDE_DISTANCE_UNAVAILABLE,4,,,,
n4988629682,Протягайловка,8.133,,35,,,OUTSIDE_DISTANCE_UNAVAILABLE,4,,,,
n4988629683,Протягайловка,8.003,,35,,,OUTSIDE_DISTANCE_UNAVAILABLE,4,,,,
n4988629853,Протягайловка,8.608,,37,,,OUTSIDE_DISTANCE_UNAVAILABLE,4,,,,
n4988629867,Протягайловка,8.2,,35,,,OUTSIDE_DISTANCE_UNAVAILABLE,4,,,,
n4988629868,Протягайловка,8.056,,35,,,OUTSIDE_DISTANCE_UNAVAILABLE,4,,,,
n4988629869,Протягайловка,8.079,,35,,,OUTSIDE_DISTANCE_UNAVAILABLE,4,,,,
n4988630003,Протягайловка,8.541,,37,,,OUTSIDE_DISTANCE_UNAVAILABLE,4,,,,
n4988630004,Протягайловка,8.255,,36,,,OUTSIDE_DISTANCE_UNAVAILABLE,4,,,,
n4988630194,Протягайловка,8.331,,36,,,OUTSIDE_DISTANCE_UNAVAILABLE,4,,,,
n4988630195,Протягайловка,8.232,,35,,,OUTSIDE_DISTANCE_UNAVAILABLE,4,,,,
n4988630196,Протягайловка,8.152,,35,,,OUTSIDE_DISTANCE_UNAVAILABLE,4,,,,
n4988630197,Протягайловка,8.028,,35,,,OUTSIDE_DISTANCE_UNAVAILABLE,4,,,,
n4988630198,Протягайловка,8.374,,36,,,OUTSIDE_DISTANCE_UNAVAILABLE,4,,,,
n4988630634,Протягайловка,7.257,,32,,,OUTSIDE_DISTANCE_UNAVAILABLE,4,,,,
n4988630721,Бендеры,4.351,0.0,20,0,20,CITY_OK,3,26.11,6.11,1.11,True
n4991183336,Гиска,6.875,,30,,,OUTSIDE_DISTANCE_UNAVAILABLE,4,,,,
n4997937710,Бендеры,4.84,0.0,22,0,22,CITY_OK,3,29.04,7.04,2.04,True
n4997938726,Протягайловка,7.747,,33,,,OUTSIDE_DISTANCE_UNAVAILABLE,4,,,,
n5108196253,Протягайловка,7.096,,31,,,OUTSIDE_DISTANCE_UNAVAILABLE,4,,,,
n5108197316,Протягайловка,7.104,,31,,,OUTSIDE_DISTANCE_UNAVAILABLE,4,,,,
n5108197333,Протягайловка,7.443,,32,,,OUTSIDE_DISTANCE_UNAVAILABLE,4,,,,
n5108197536,Протягайловка,7.493,,32,,,OUTSIDE_DISTANCE_UNAVAILABLE,4,,,,
n5133765200,Бендеры,1.393,0.0,14,0,14,CITY_OK,1,18.0,4.0,-1.0,False
n5160467350,Бендеры,4.54,0.0,21,0,21,CITY_OK,3,27.24,6.24,1.24,True
n5160588260,Бендеры,2.735,0.0,14,0,14,CITY_OK,2,18.0,4.0,-1.0,False
n5162957729,Бендеры,4.984,0.0,22,0,22,CITY_OK,3,29.9,7.9,2.9,False
n5168724812,Бендеры,3.424,0.0,16,0,16,CITY_OK,2,20.54,4.54,-0.46,False
n5172818451,Бендеры,6.989,0.0,30,0,30,CITY_OK,4,41.93,11.93,6.93,False
n5172818452,Бендеры,7.19,0.0,31,0,31,CITY_OK,4,43.14,12.14,7.14,False
n5172818456,Бендеры,6.905,0.0,30,0,30,CITY_OK,4,41.43,11.43,6.43,False
n5172818464,Бендеры,6.472,0.0,28,0,28,CITY_OK,4,38.83,10.83,5.83,False
n5172818844,Бендеры,7.117,0.0,31,0,31,CITY_OK,4,42.7,11.7,6.7,False
n5172819425,Бендеры,7.181,0.0,31,0,31,CITY_OK,4,43.09,12.09,7.09,False
n5411906006,Бендеры,5.442,0.0,24,0,24,CITY_OK,3,32.65,8.65,3.65,False
n5415952341,Протягайловка,6.224,,27,,,OUTSIDE_DISTANCE_UNAVAILABLE,4,,,,
n5418190324,Бендеры,3.705,0.0,17,0,17,CITY_OK,2,22.23,5.23,0.23,True
n5418269427,Бендеры,1.045,0.0,14,0,14,CITY_OK,1,18.0,4.0,-1.0,False
n5418292287,Бендеры,1.066,0.0,14,0,14,CITY_OK,1,18.0,4.0,-1.0,False
n5627150211,Гиска,4.598,,21,,,OUTSIDE_DISTANCE_UNAVAILABLE,3,,,,
n5640999867,Бендеры,5.747,0.0,25,0,25,CITY_OK,3,34.48,9.48,4.48,False
n5653832210,Парканы,4.144,,19,,,OUTSIDE_DISTANCE_UNAVAILABLE,3,,,,
n5653832463,Парканы,4.485,,20,,,OUTSIDE_DISTANCE_UNAVAILABLE,3,,,,
n5653833599,Бендеры,5.816,0.0,26,0,26,CITY_OK,3,34.9,8.9,3.9,False
n5653833601,Парканы,3.966,,18,,,OUTSIDE_DISTANCE_UNAVAILABLE,2,,,,
n5653833602,Парканы,4.023,,19,,,OUTSIDE_DISTANCE_UNAVAILABLE,2,,,,
n5653833905,Парканы,3.988,,18,,,OUTSIDE_DISTANCE_UNAVAILABLE,2,,,,
n5653834380,Парканы,4.667,,21,,,OUTSIDE_DISTANCE_UNAVAILABLE,3,,,,
n5653834429,Парканы,5.135,,23,,,OUTSIDE_DISTANCE_UNAVAILABLE,3,,,,
n5653834962,Парканы,4.06,,19,,,OUTSIDE_DISTANCE_UNAVAILABLE,3,,,,
n5653835279,Парканы,4.377,,20,,,OUTSIDE_DISTANCE_UNAVAILABLE,3,,,,
n5653835310,Парканы,4.695,,21,,,OUTSIDE_DISTANCE_UNAVAILABLE,3,,,,
n5653835438,Парканы,4.539,,21,,,OUTSIDE_DISTANCE_UNAVAILABLE,3,,,,
n5682775200,Бендеры,4.179,0.0,19,0,19,CITY_OK,2,25.07,6.07,1.07,True
n5708918557,Бендеры,4.114,0.0,19,0,19,CITY_OK,2,24.68,5.68,0.68,True
n6428859910,Бендеры,6.219,0.0,27,0,27,CITY_OK,4,37.31,10.31,5.31,False
n6539017900,Бендеры,0.579,0.0,14,0,14,CITY_OK,1,18.0,4.0,-1.0,False
n6560452192,Бендеры,0.466,0.0,14,0,14,CITY_OK,1,18.0,4.0,-1.0,False
n6777588144,Протягайловка,8.436,,36,,,OUTSIDE_DISTANCE_UNAVAILABLE,4,,,,
n6861250966,Парканы,4.006,,19,,,OUTSIDE_DISTANCE_UNAVAILABLE,2,,,,
n6861292342,Парканы,3.991,,18,,,OUTSIDE_DISTANCE_UNAVAILABLE,2,,,,
n7006221771,Бендеры,0.645,0.0,14,0,14,CITY_OK,1,18.0,4.0,-1.0,False
n7082734511,Бендеры,2.382,0.0,14,0,14,CITY_OK,2,18.0,4.0,-1.0,False
n7082742762,Бендеры,2.356,0.0,14,0,14,CITY_OK,2,18.0,4.0,-1.0,False
n7913464568,Парканы,4.214,,19,,,OUTSIDE_DISTANCE_UNAVAILABLE,3,,,,
n7923584705,Парканы,4.188,,19,,,OUTSIDE_DISTANCE_UNAVAILABLE,3,,,,
n7923584706,Парканы,4.204,,19,,,OUTSIDE_DISTANCE_UNAVAILABLE,3,,,,
n8219706370,Бендеры,6.18,0.0,27,0,27,CITY_OK,4,37.08,10.08,5.08,False
n8411901617,Бендеры,0.285,0.0,14,0,14,CITY_OK,1,18.0,4.0,-1.0,False
n9022204072,Бендеры,0.919,0.0,14,0,14,CITY_OK,1,18.0,4.0,-1.0,False
n9170522018,Бендеры,5.576,0.0,25,0,25,CITY_OK,3,33.46,8.46,3.46,False
w1011535183,Гиска,4.57,,21,,,OUTSIDE_DISTANCE_UNAVAILABLE,3,,,,
w1011535184,Гиска,4.594,,21,,,OUTSIDE_DISTANCE_UNAVAILABLE,3,,,,
w103643494,Бендеры,5.101,0.0,23,0,23,CITY_OK,3,30.61,7.61,2.61,False
w103643496,Бендеры,5.057,0.0,23,0,23,CITY_OK,3,30.34,7.34,2.34,True
w103643500,Бендеры,5.09,0.0,23,0,23,CITY_OK,3,30.54,7.54,2.54,True
w103643501,Бендеры,4.92,0.0,22,0,22,CITY_OK,3,29.52,7.52,2.52,False
w103643502,Бендеры,5.792,0.0,26,0,26,CITY_OK,3,34.75,8.75,3.75,False
w103643504,Бендеры,5.054,0.0,23,0,23,CITY_OK,3,30.32,7.32,2.32,True
w103643508,Бендеры,5.175,0.0,23,0,23,CITY_OK,3,31.05,8.05,3.05,False
w103643510,Бендеры,5.186,0.0,23,0,23,CITY_OK,3,31.12,8.12,3.12,False
w103771199,Бендеры,5.409,0.0,24,0,24,CITY_OK,3,32.45,8.45,3.45,False
w103771201,Бендеры,5.44,0.0,24,0,24,CITY_OK,3,32.64,8.64,3.64,False
w103771202,Бендеры,5.462,0.0,24,0,24,CITY_OK,3,32.77,8.77,3.77,False
w103992693,Бендеры,6.933,0.0,30,0,30,CITY_OK,4,41.6,11.6,6.6,False
w103992696,Бендеры,6.881,0.0,30,0,30,CITY_OK,4,41.29,11.29,6.29,False
w103992712,Бендеры,6.861,0.0,30,0,30,CITY_OK,4,41.17,11.17,6.17,False
w103992714,Бендеры,6.905,0.0,30,0,30,CITY_OK,4,41.43,11.43,6.43,False
w103992745,Бендеры,6.88,0.0,30,0,30,CITY_OK,4,41.28,11.28,6.28,False
w103992827,Бендеры,6.849,0.0,30,0,30,CITY_OK,4,41.09,11.09,6.09,False
w103992836,Бендеры,6.832,0.0,30,0,30,CITY_OK,4,40.99,10.99,5.99,False
w103992837,Бендеры,6.934,0.0,30,0,30,CITY_OK,4,41.6,11.6,6.6,False
w103992856,Бендеры,6.769,0.0,30,0,30,CITY_OK,4,40.61,10.61,5.61,False
w103992858,Бендеры,6.975,0.0,30,0,30,CITY_OK,4,41.85,11.85,6.85,False
w103992864,Бендеры,6.958,0.0,30,0,30,CITY_OK,4,41.75,11.75,6.75,False
w103992878,Бендеры,6.917,0.0,30,0,30,CITY_OK,4,41.5,11.5,6.5,False
w107683764,Бендеры,1.353,0.0,14,0,14,CITY_OK,1,18.0,4.0,-1.0,False
w107683765,Бендеры,1.201,0.0,14,0,14,CITY_OK,1,18.0,4.0,-1.0,False
w107683766,Бендеры,0.838,0.0,14,0,14,CITY_OK,1,18.0,4.0,-1.0,False
w107683767,Бендеры,1.459,0.0,14,0,14,CITY_OK,1,18.0,4.0,-1.0,False
w107683773,Бендеры,1.484,0.0,14,0,14,CITY_OK,1,18.0,4.0,-1.0,False
w115331339,Бендеры,5.037,0.0,23,0,23,CITY_OK,3,30.22,7.22,2.22,True
w115331341,Бендеры,2.481,0.0,14,0,14,CITY_OK,2,18.0,4.0,-1.0,False
w115331342,Бендеры,5.271,0.0,24,0,24,CITY_OK,3,31.63,7.63,2.63,True
w115331343,Бендеры,4.876,0.0,22,0,22,CITY_OK,3,29.26,7.26,2.26,True
w115331347,Бендеры,4.915,0.0,22,0,22,CITY_OK,3,29.49,7.49,2.49,False
w115331348,Бендеры,4.602,0.0,21,0,21,CITY_OK,3,27.61,6.61,1.61,True
w115331353,Бендеры,4.247,0.0,19,0,19,CITY_OK,3,25.48,6.48,1.48,True
w115331357,Бендеры,4.291,0.0,20,0,20,CITY_OK,3,25.75,5.75,0.75,True
w115331358,Бендеры,4.831,0.0,22,0,22,CITY_OK,3,28.99,6.99,1.99,True
w115331365,Бендеры,4.975,0.0,22,0,22,CITY_OK,3,29.85,7.85,2.85,False
w115331367,Бендеры,5.405,0.0,24,0,24,CITY_OK,4,32.43,8.43,3.43,False
w115331371,Бендеры,5.186,0.0,23,0,23,CITY_OK,3,31.12,8.12,3.12,False
w115331384,Бендеры,4.919,0.0,22,0,22,CITY_OK,3,29.51,7.51,2.51,False
w115331390,Бендеры,3.972,0.0,18,0,18,CITY_OK,3,23.83,5.83,0.83,True
w115331391,Бендеры,4.416,0.0,20,0,20,CITY_OK,3,26.5,6.5,1.5,True
w115331393,Бендеры,4.042,0.0,19,0,19,CITY_OK,3,24.25,5.25,0.25,True
w115331395,Бендеры,4.259,0.0,20,0,20,CITY_OK,3,25.55,5.55,0.55,True
w115331398,Бендеры,2.39,0.0,14,0,14,CITY_OK,2,18.0,4.0,-1.0,False
w115331399,Бендеры,4.356,0.0,20,0,20,CITY_OK,3,26.14,6.14,1.14,True
w115331400,Бендеры,4.995,0.0,22,0,22,CITY_OK,3,29.97,7.97,2.97,False
w115331404,Бендеры,4.92,0.0,22,0,22,CITY_OK,3,29.52,7.52,2.52,False
w115331405,Бендеры,4.494,0.0,20,0,20,CITY_OK,3,26.96,6.96,1.96,True
w115331407,Бендеры,4.111,0.0,19,0,19,CITY_OK,3,24.67,5.67,0.67,True
w115331410,Бендеры,5.004,0.0,23,0,23,CITY_OK,3,30.02,7.02,2.02,True
w115331411,Бендеры,4.283,0.0,20,0,20,CITY_OK,3,25.7,5.7,0.7,True
w115331412,Бендеры,4.508,0.0,21,0,21,CITY_OK,3,27.05,6.05,1.05,True
w115331414,Бендеры,4.942,0.0,22,0,22,CITY_OK,3,29.65,7.65,2.65,False
w115331415,Бендеры,4.994,0.0,22,0,22,CITY_OK,3,29.96,7.96,2.96,False
w115331418,Бендеры,5.04,0.0,23,0,23,CITY_OK,3,30.24,7.24,2.24,True
w115331419,Бендеры,4.278,0.0,20,0,20,CITY_OK,3,25.67,5.67,0.67,True
w115331420,Бендеры,5.229,0.0,23,0,23,CITY_OK,3,31.37,8.37,3.37,False
w115331421,Бендеры,5.284,0.0,24,0,24,CITY_OK,4,31.7,7.7,2.7,False
w115331426,Бендеры,4.699,0.0,21,0,21,CITY_OK,3,28.19,7.19,2.19,True
w115331427,Бендеры,2.34,0.0,14,0,14,CITY_OK,2,18.0,4.0,-1.0,False
w115331428,Бендеры,2.36,0.0,14,0,14,CITY_OK,2,18.0,4.0,-1.0,False
w115331430,Бендеры,2.387,0.0,14,0,14,CITY_OK,2,18.0,4.0,-1.0,False
w115331432,Бендеры,4.699,0.0,21,0,21,CITY_OK,3,28.19,7.19,2.19,True
w115331434,Бендеры,4.791,0.0,22,0,22,CITY_OK,3,28.75,6.75,1.75,True
w115331437,Бендеры,4.627,0.0,21,0,21,CITY_OK,3,27.76,6.76,1.76,True
w115331442,Бендеры,4.154,0.0,19,0,19,CITY_OK,3,24.92,5.92,0.92,True
w115331445,Бендеры,4.566,0.0,21,0,21,CITY_OK,3,27.4,6.4,1.4,True
w115331446,Бендеры,5.082,0.0,23,0,23,CITY_OK,3,30.49,7.49,2.49,True
w115331452,Бендеры,4.819,0.0,22,0,22,CITY_OK,3,28.91,6.91,1.91,True
w115331454,Бендеры,5.073,0.0,23,0,23,CITY_OK,3,30.44,7.44,2.44,True
w115331461,Бендеры,5.0,0.0,22,0,22,CITY_OK,3,30.0,8.0,3.0,False
w115331462,Бендеры,5.26,0.0,24,0,24,CITY_OK,4,31.56,7.56,2.56,True
w115331466,Бендеры,4.456,0.0,20,0,20,CITY_OK,3,26.74,6.74,1.74,True
w115331469,Бендеры,2.497,0.0,14,0,14,CITY_OK,2,18.0,4.0,-1.0,False
w115331476,Бендеры,5.059,0.0,23,0,23,CITY_OK,3,30.35,7.35,2.35,True
w115331479,Бендеры,2.223,0.0,14,0,14,CITY_OK,2,18.0,4.0,-1.0,False
w115331482,Бендеры,4.419,0.0,20,0,20,CITY_OK,3,26.51,6.51,1.51,True
w115331485,Бендеры,5.095,0.0,23,0,23,CITY_OK,3,30.57,7.57,2.57,False
w115331487,Бендеры,4.728,0.0,21,0,21,CITY_OK,3,28.37,7.37,2.37,False
w115331488,Бендеры,4.435,0.0,20,0,20,CITY_OK,3,26.61,6.61,1.61,True
w115331493,Бендеры,4.258,0.0,20,0,20,CITY_OK,3,25.55,5.55,0.55,True
w115331495,Бендеры,2.392,0.0,14,0,14,CITY_OK,2,18.0,4.0,-1.0,False
w115331496,Бендеры,4.239,0.0,19,0,19,CITY_OK,3,25.43,6.43,1.43,True
w115331497,Бендеры,4.956,0.0,22,0,22,CITY_OK,3,29.74,7.74,2.74,False
w115331498,Бендеры,3.682,0.0,17,0,17,CITY_OK,2,22.09,5.09,0.09,True
w115331500,Бендеры,4.401,0.0,20,0,20,CITY_OK,3,26.41,6.41,1.41,True
w115331509,Бендеры,4.315,0.0,20,0,20,CITY_OK,3,25.89,5.89,0.89,True
w115331511,Бендеры,4.931,0.0,22,0,22,CITY_OK,3,29.59,7.59,2.59,False
w115331512,Бендеры,4.324,0.0,20,0,20,CITY_OK,3,25.94,5.94,0.94,True
w115331513,Бендеры,5.421,0.0,24,0,24,CITY_OK,4,32.53,8.53,3.53,False
w115331518,Бендеры,4.579,0.0,21,0,21,CITY_OK,3,27.47,6.47,1.47,True
w115331519,Бендеры,4.68,0.0,21,0,21,CITY_OK,3,28.08,7.08,2.08,True
w115331521,Бендеры,1.219,0.0,14,0,14,CITY_OK,1,18.0,4.0,-1.0,False
w115331522,Бендеры,5.048,0.0,23,0,23,CITY_OK,3,30.29,7.29,2.29,True
w115331523,Бендеры,4.864,0.0,22,0,22,CITY_OK,3,29.18,7.18,2.18,True
w115331525,Бендеры,4.965,0.0,22,0,22,CITY_OK,3,29.79,7.79,2.79,False
w116073002,Бендеры,3.562,0.0,17,0,17,CITY_OK,2,21.37,4.37,-0.63,False
w116073003,Бендеры,3.527,0.0,17,0,17,CITY_OK,2,21.16,4.16,-0.84,False
w116073008,Бендеры,4.021,0.0,19,0,19,CITY_OK,2,24.13,5.13,0.13,True
w116073594,Бендеры,4.878,0.0,22,0,22,CITY_OK,3,29.27,7.27,2.27,True
w133751334,Бендеры,1.29,0.0,14,0,14,CITY_OK,1,18.0,4.0,-1.0,False
w133751335,Бендеры,1.411,0.0,14,0,14,CITY_OK,1,18.0,4.0,-1.0,False
w133816652,Бендеры,1.074,0.0,14,0,14,CITY_OK,1,18.0,4.0,-1.0,False
w134039473,Бендеры,0.328,0.0,14,0,14,CITY_OK,1,18.0,4.0,-1.0,False
w136387824,Бендеры,0.235,0.0,14,0,14,CITY_OK,1,18.0,4.0,-1.0,False
w136388285,Бендеры,0.713,0.0,14,0,14,CITY_OK,1,18.0,4.0,-1.0,False
w136388286,Бендеры,0.884,0.0,14,0,14,CITY_OK,1,18.0,4.0,-1.0,False
w136395357,Бендеры,1.552,0.0,14,0,14,CITY_OK,1,18.0,4.0,-1.0,False
w159914378,Бендеры,3.747,0.0,17,0,17,CITY_OK,2,22.48,5.48,0.48,True
w160024295,Бендеры,3.267,0.0,16,0,16,CITY_OK,2,19.6,3.6,-1.4,False
w160024307,Бендеры,3.326,0.0,16,0,16,CITY_OK,2,19.96,3.96,-1.04,False
w160138776,Бендеры,1.257,0.0,14,0,14,CITY_OK,1,18.0,4.0,-1.0,False
w160140423,Бендеры,0.148,0.0,14,0,14,CITY_OK,1,18.0,4.0,-1.0,False
w160140425,Бендеры,0.212,0.0,14,0,14,CITY_OK,1,18.0,4.0,-1.0,False
w160140427,Бендеры,0.536,0.0,14,0,14,CITY_OK,1,18.0,4.0,-1.0,False
w160140428,Бендеры,0.748,0.0,14,0,14,CITY_OK,1,18.0,4.0,-1.0,False
w160140432,Бендеры,0.248,0.0,14,0,14,CITY_OK,1,18.0,4.0,-1.0,False
w160140719,Бендеры,0.536,0.0,14,0,14,CITY_OK,1,18.0,4.0,-1.0,False
w160140720,Бендеры,0.5,0.0,14,0,14,CITY_OK,1,18.0,4.0,-1.0,False
w160140722,Бендеры,0.521,0.0,14,0,14,CITY_OK,1,18.0,4.0,-1.0,False
w160140723,Бендеры,0.495,0.0,14,0,14,CITY_OK,1,18.0,4.0,-1.0,False
w160140724,Бендеры,0.602,0.0,14,0,14,CITY_OK,1,18.0,4.0,-1.0,False
w160141577,Бендеры,0.598,0.0,14,0,14,CITY_OK,1,18.0,4.0,-1.0,False
w160141578,Бендеры,0.683,0.0,14,0,14,CITY_OK,1,18.0,4.0,-1.0,False
w160141579,Бендеры,0.916,0.0,14,0,14,CITY_OK,1,18.0,4.0,-1.0,False
w160141580,Бендеры,0.677,0.0,14,0,14,CITY_OK,1,18.0,4.0,-1.0,False
w160143063,Бендеры,0.624,0.0,14,0,14,CITY_OK,1,18.0,4.0,-1.0,False
w160143065,Бендеры,0.592,0.0,14,0,14,CITY_OK,1,18.0,4.0,-1.0,False
w160400930,Бендеры,4.827,0.0,22,0,22,CITY_OK,3,28.96,6.96,1.96,True
w160400931,Бендеры,4.827,0.0,22,0,22,CITY_OK,3,28.96,6.96,1.96,True
w160400932,Бендеры,5.05,0.0,23,0,23,CITY_OK,3,30.3,7.3,2.3,True
w160400933,Бендеры,5.122,0.0,23,0,23,CITY_OK,3,30.73,7.73,2.73,False
w160400934,Бендеры,5.05,0.0,23,0,23,CITY_OK,3,30.3,7.3,2.3,True
w160400935,Бендеры,5.027,0.0,23,0,23,CITY_OK,3,30.16,7.16,2.16,True
w160401061,Бендеры,5.082,0.0,23,0,23,CITY_OK,3,30.49,7.49,2.49,True
w161048734,Бендеры,2.932,0.0,14,0,14,CITY_OK,2,18.0,4.0,-1.0,False
w161048739,Бендеры,2.885,0.0,14,0,14,CITY_OK,2,18.0,4.0,-1.0,False
w161048746,Бендеры,2.808,0.0,14,0,14,CITY_OK,2,18.0,4.0,-1.0,False
w161048749,Бендеры,2.971,0.0,14,0,14,CITY_OK,2,18.0,4.0,-1.0,False
w161048766,Бендеры,3.589,0.0,17,0,17,CITY_OK,2,21.53,4.53,-0.47,False
w161048769,Бендеры,2.705,0.0,14,0,14,CITY_OK,2,18.0,4.0,-1.0,False
w161058096,Бендеры,1.512,0.0,14,0,14,CITY_OK,1,18.0,4.0,-1.0,False
w161058097,Бендеры,1.313,0.0,14,0,14,CITY_OK,1,18.0,4.0,-1.0,False
w161058098,Бендеры,1.577,0.0,14,0,14,CITY_OK,1,18.0,4.0,-1.0,False
w161058100,Бендеры,1.355,0.0,14,0,14,CITY_OK,1,18.0,4.0,-1.0,False
w161058102,Бендеры,0.967,0.0,14,0,14,CITY_OK,1,18.0,4.0,-1.0,False
w161058104,Бендеры,4.702,0.0,21,0,21,CITY_OK,3,28.21,7.21,2.21,True
w161058105,Бендеры,1.064,0.0,14,0,14,CITY_OK,1,18.0,4.0,-1.0,False
w161058106,Бендеры,1.003,0.0,14,0,14,CITY_OK,1,18.0,4.0,-1.0,False
w161058107,Бендеры,4.696,0.0,21,0,21,CITY_OK,3,28.18,7.18,2.18,True
w161058108,Бендеры,4.624,0.0,21,0,21,CITY_OK,3,27.74,6.74,1.74,True
w161058110,Бендеры,4.7,0.0,21,0,21,CITY_OK,3,28.2,7.2,2.2,True
w161058111,Бендеры,0.688,0.0,14,0,14,CITY_OK,1,18.0,4.0,-1.0,False
w161058112,Бендеры,4.741,0.0,21,0,21,CITY_OK,3,28.45,7.45,2.45,False
w161058114,Бендеры,0.697,0.0,14,0,14,CITY_OK,1,18.0,4.0,-1.0,False
w161058116,Бендеры,0.382,0.0,14,0,14,CITY_OK,1,18.0,4.0,-1.0,False
w161058117,Бендеры,0.84,0.0,14,0,14,CITY_OK,1,18.0,4.0,-1.0,False
w161068048,Бендеры,1.785,0.0,14,0,14,CITY_OK,1,18.0,4.0,-1.0,False
w161068049,Бендеры,0.546,0.0,14,0,14,CITY_OK,1,18.0,4.0,-1.0,False
w161068050,Бендеры,0.4,0.0,14,0,14,CITY_OK,1,18.0,4.0,-1.0,False
w161068052,Бендеры,1.132,0.0,14,0,14,CITY_OK,1,18.0,4.0,-1.0,False
w161068055,Бендеры,0.174,0.0,14,0,14,CITY_OK,1,18.0,4.0,-1.0,False
w161100404,Бендеры,0.793,0.0,14,0,14,CITY_OK,1,18.0,4.0,-1.0,False
w161100418,Бендеры,1.051,0.0,14,0,14,CITY_OK,1,18.0,4.0,-1.0,False
w161100421,Бендеры,0.871,0.0,14,0,14,CITY_OK,1,18.0,4.0,-1.0,False
w161100423,Бендеры,1.089,0.0,14,0,14,CITY_OK,1,18.0,4.0,-1.0,False
w161100426,Бендеры,0.851,0.0,14,0,14,CITY_OK,1,18.0,4.0,-1.0,False
w161100428,Бендеры,0.926,0.0,14,0,14,CITY_OK,1,18.0,4.0,-1.0,False
w161100430,Бендеры,0.818,0.0,14,0,14,CITY_OK,1,18.0,4.0,-1.0,False
w161100432,Бендеры,0.752,0.0,14,0,14,CITY_OK,1,18.0,4.0,-1.0,False
w161100434,Бендеры,0.983,0.0,14,0,14,CITY_OK,1,18.0,4.0,-1.0,False
w161100435,Бендеры,0.711,0.0,14,0,14,CITY_OK,1,18.0,4.0,-1.0,False
w161100439,Бендеры,0.958,0.0,14,0,14,CITY_OK,1,18.0,4.0,-1.0,False
w161635482,Бендеры,4.371,0.0,20,0,20,CITY_OK,3,26.23,6.23,1.23,True
w161635483,Бендеры,4.479,0.0,20,0,20,CITY_OK,3,26.87,6.87,1.87,True
w161635484,Бендеры,4.488,0.0,20,0,20,CITY_OK,3,26.93,6.93,1.93,True
w161635485,Бендеры,5.103,0.0,23,0,23,CITY_OK,3,30.62,7.62,2.62,False
w161635486,Бендеры,4.476,0.0,20,0,20,CITY_OK,3,26.86,6.86,1.86,True
w162030331,Бендеры,0.423,0.0,14,0,14,CITY_OK,1,18.0,4.0,-1.0,False
w162030333,Бендеры,0.032,0.0,14,0,14,CITY_OK,1,18.0,4.0,-1.0,False
w162030335,Бендеры,0.19,0.0,14,0,14,CITY_OK,1,18.0,4.0,-1.0,False
w162030341,Бендеры,0.937,0.0,14,0,14,CITY_OK,1,18.0,4.0,-1.0,False
w164985952,Бендеры,0.929,0.0,14,0,14,CITY_OK,1,18.0,4.0,-1.0,False
w164985953,Бендеры,0.322,0.0,14,0,14,CITY_OK,1,18.0,4.0,-1.0,False
w164985956,Бендеры,0.849,0.0,14,0,14,CITY_OK,1,18.0,4.0,-1.0,False
w164985957,Бендеры,0.233,0.0,14,0,14,CITY_OK,1,18.0,4.0,-1.0,False
w164985958,Бендеры,0.809,0.0,14,0,14,CITY_OK,1,18.0,4.0,-1.0,False
w164986723,Бендеры,0.952,0.0,14,0,14,CITY_OK,1,18.0,4.0,-1.0,False
w164986724,Бендеры,0.977,0.0,14,0,14,CITY_OK,1,18.0,4.0,-1.0,False
w164986729,Бендеры,1.023,0.0,14,0,14,CITY_OK,1,18.0,4.0,-1.0,False
w164986730,Бендеры,0.877,0.0,14,0,14,CITY_OK,1,18.0,4.0,-1.0,False
w164986740,Бендеры,0.753,0.0,14,0,14,CITY_OK,1,18.0,4.0,-1.0,False
w164987473,Бендеры,1.134,0.0,14,0,14,CITY_OK,1,18.0,4.0,-1.0,False
w164987476,Бендеры,0.307,0.0,14,0,14,CITY_OK,1,18.0,4.0,-1.0,False
w164987480,Бендеры,1.094,0.0,14,0,14,CITY_OK,1,18.0,4.0,-1.0,False
w164987484,Бендеры,0.999,0.0,14,0,14,CITY_OK,1,18.0,4.0,-1.0,False
w164987486,Бендеры,0.257,0.0,14,0,14,CITY_OK,1,18.0,4.0,-1.0,False
w164987640,Бендеры,0.46,0.0,14,0,14,CITY_OK,1,18.0,4.0,-1.0,False
w164987642,Бендеры,0.439,0.0,14,0,14,CITY_OK,1,18.0,4.0,-1.0,False
w164987755,Бендеры,0.601,0.0,14,0,14,CITY_OK,1,18.0,4.0,-1.0,False
w164987756,Бендеры,0.734,0.0,14,0,14,CITY_OK,1,18.0,4.0,-1.0,False
w164987758,Бендеры,0.486,0.0,14,0,14,CITY_OK,1,18.0,4.0,-1.0,False
w164987759,Бендеры,0.516,0.0,14,0,14,CITY_OK,1,18.0,4.0,-1.0,False
w164987762,Бендеры,0.458,0.0,14,0,14,CITY_OK,1,18.0,4.0,-1.0,False
w164988226,Бендеры,1.101,0.0,14,0,14,CITY_OK,1,18.0,4.0,-1.0,False
w164988228,Бендеры,1.171,0.0,14,0,14,CITY_OK,1,18.0,4.0,-1.0,False
w164988229,Бендеры,1.178,0.0,14,0,14,CITY_OK,1,18.0,4.0,-1.0,False
w164988230,Бендеры,0.989,0.0,14,0,14,CITY_OK,1,18.0,4.0,-1.0,False
w164988233,Бендеры,0.714,0.0,14,0,14,CITY_OK,1,18.0,4.0,-1.0,False
w164988237,Бендеры,0.763,0.0,14,0,14,CITY_OK,1,18.0,4.0,-1.0,False
w164988241,Бендеры,0.907,0.0,14,0,14,CITY_OK,1,18.0,4.0,-1.0,False
w164988247,Бендеры,0.779,0.0,14,0,14,CITY_OK,1,18.0,4.0,-1.0,False
w165439283,Бендеры,5.457,0.0,24,0,24,CITY_OK,3,32.74,8.74,3.74,False
w165439286,Бендеры,4.659,0.0,21,0,21,CITY_OK,3,27.95,6.95,1.95,True
w165439289,Бендеры,4.776,0.0,22,0,22,CITY_OK,3,28.66,6.66,1.66,True
w165439290,Бендеры,4.499,0.0,20,0,20,CITY_OK,2,26.99,6.99,1.99,True
w165439291,Бендеры,4.768,0.0,22,0,22,CITY_OK,3,28.61,6.61,1.61,True
w165439295,Бендеры,4.367,0.0,20,0,20,CITY_OK,2,26.2,6.2,1.2,True
w165439299,Бендеры,4.822,0.0,22,0,22,CITY_OK,3,28.93,6.93,1.93,True
w165439302,Бендеры,5.465,0.0,24,0,24,CITY_OK,3,32.79,8.79,3.79,False
w165439303,Бендеры,4.406,0.0,20,0,20,CITY_OK,2,26.44,6.44,1.44,True
w165439307,Бендеры,4.614,0.0,21,0,21,CITY_OK,3,27.68,6.68,1.68,True
w165439308,Бендеры,4.486,0.0,20,0,20,CITY_OK,3,26.92,6.92,1.92,True
w165439309,Бендеры,5.102,0.0,23,0,23,CITY_OK,3,30.61,7.61,2.61,False
w165439310,Бендеры,4.445,0.0,20,0,20,CITY_OK,2,26.67,6.67,1.67,True
w165445042,Бендеры,4.264,0.0,20,0,20,CITY_OK,2,25.58,5.58,0.58,True
w165625167,Бендеры,0.768,0.0,14,0,14,CITY_OK,1,18.0,4.0,-1.0,False
w165627299,Бендеры,0.45,0.0,14,0,14,CITY_OK,1,18.0,4.0,-1.0,False
w165627302,Бендеры,1.435,0.0,14,0,14,CITY_OK,1,18.0,4.0,-1.0,False
w165627306,Бендеры,0.088,0.0,14,0,14,CITY_OK,1,18.0,4.0,-1.0,False
w165627314,Бендеры,1.465,0.0,14,0,14,CITY_OK,1,18.0,4.0,-1.0,False
w165627341,Бендеры,0.457,0.0,14,0,14,CITY_OK,1,18.0,4.0,-1.0,False
w165627348,Бендеры,0.094,0.0,14,0,14,CITY_OK,1,18.0,4.0,-1.0,False
w165627354,Бендеры,0.511,0.0,14,0,14,CITY_OK,1,18.0,4.0,-1.0,False
w165628185,Бендеры,1.082,0.0,14,0,14,CITY_OK,1,18.0,4.0,-1.0,False
w165631084,Бендеры,1.156,0.0,14,0,14,CITY_OK,1,18.0,4.0,-1.0,False
w165631090,Бендеры,0.738,0.0,14,0,14,CITY_OK,1,18.0,4.0,-1.0,False
w165631093,Бендеры,1.248,0.0,14,0,14,CITY_OK,1,18.0,4.0,-1.0,False
w165631094,Бендеры,0.775,0.0,14,0,14,CITY_OK,1,18.0,4.0,-1.0,False
w165631102,Бендеры,1.187,0.0,14,0,14,CITY_OK,1,18.0,4.0,-1.0,False
w165631104,Бендеры,0.701,0.0,14,0,14,CITY_OK,1,18.0,4.0,-1.0,False
w165631108,Бендеры,1.201,0.0,14,0,14,CITY_OK,1,18.0,4.0,-1.0,False
w165631109,Бендеры,1.165,0.0,14,0,14,CITY_OK,1,18.0,4.0,-1.0,False
w165631122,Бендеры,1.121,0.0,14,0,14,CITY_OK,1,18.0,4.0,-1.0,False
w165631123,Бендеры,1.065,0.0,14,0,14,CITY_OK,1,18.0,4.0,-1.0,False
w165631126,Бендеры,1.086,0.0,14,0,14,CITY_OK,1,18.0,4.0,-1.0,False
w165631133,Бендеры,1.218,0.0,14,0,14,CITY_OK,1,18.0,4.0,-1.0,False
w165631138,Бендеры,0.578,0.0,14,0,14,CITY_OK,1,18.0,4.0,-1.0,False
w165631140,Бендеры,1.14,0.0,14,0,14,CITY_OK,1,18.0,4.0,-1.0,False
w165631142,Бендеры,0.934,0.0,14,0,14,CITY_OK,1,18.0,4.0,-1.0,False
w165631143,Бендеры,0.757,0.0,14,0,14,CITY_OK,1,18.0,4.0,-1.0,False
w165631144,Бендеры,1.19,0.0,14,0,14,CITY_OK,1,18.0,4.0,-1.0,False
w165763737,Бендеры,4.001,0.0,19,0,19,CITY_OK,2,24.01,5.01,0.01,True
w165763743,Бендеры,4.235,0.0,19,0,19,CITY_OK,2,25.41,6.41,1.41,True
w165763744,Бендеры,3.454,0.0,16,0,16,CITY_OK,2,20.72,4.72,-0.28,False
w165763747,Бендеры,3.884,0.0,18,0,18,CITY_OK,2,23.3,5.3,0.3,True
w165763748,Бендеры,3.712,0.0,17,0,17,CITY_OK,2,22.27,5.27,0.27,True
w165763752,Бендеры,3.887,0.0,18,0,18,CITY_OK,2,23.32,5.32,0.32,True
w165765812,Бендеры,4.415,0.0,20,0,20,CITY_OK,2,26.49,6.49,1.49,True
w183481012,Бендеры,3.655,0.0,17,0,17,CITY_OK,2,21.93,4.93,-0.07,False
w184989535,Бендеры,5.155,0.0,23,0,23,CITY_OK,3,30.93,7.93,2.93,False
w184989536,Бендеры,5.471,0.0,24,0,24,CITY_OK,3,32.83,8.83,3.83,False
w184989544,Бендеры,5.703,0.0,25,0,25,CITY_OK,3,34.22,9.22,4.22,False
w184989565,Бендеры,5.855,0.0,26,0,26,CITY_OK,3,35.13,9.13,4.13,False
w209262272,Бендеры,3.34,0.0,16,0,16,CITY_OK,2,20.04,4.04,-0.96,False
w209262296,Бендеры,3.483,0.0,16,0,16,CITY_OK,2,20.9,4.9,-0.1,False
w209267113,Бендеры,6.496,0.0,28,0,28,CITY_OK,4,38.98,10.98,5.98,False
w209267114,Бендеры,6.651,0.0,29,0,29,CITY_OK,4,39.91,10.91,5.91,False
w209267117,Бендеры,6.741,0.0,29,0,29,CITY_OK,4,40.45,11.45,6.45,False
w209267119,Бендеры,4.954,0.0,22,0,22,CITY_OK,3,29.72,7.72,2.72,False
w209267127,Бендеры,6.171,0.0,27,0,27,CITY_OK,4,37.03,10.03,5.03,False
w209267129,Бендеры,6.114,0.0,27,0,27,CITY_OK,3,36.68,9.68,4.68,False
w209267130,Бендеры,6.442,0.0,28,0,28,CITY_OK,4,38.65,10.65,5.65,False
w209267135,Бендеры,6.274,0.0,28,0,28,CITY_OK,4,37.64,9.64,4.64,False
w209267138,Бендеры,6.069,0.0,27,0,27,CITY_OK,3,36.41,9.41,4.41,False
w209267141,Бендеры,4.826,0.0,22,0,22,CITY_OK,3,28.96,6.96,1.96,True
w209267146,Бендеры,6.24,0.0,27,0,27,CITY_OK,4,37.44,10.44,5.44,False
w209267147,Бендеры,6.099,0.0,27,0,27,CITY_OK,3,36.59,9.59,4.59,False
w209267149,Бендеры,6.337,0.0,28,0,28,CITY_OK,4,38.02,10.02,5.02,False
w209267152,Бендеры,4.506,0.0,21,0,21,CITY_OK,3,27.04,6.04,1.04,True
w209267155,Бендеры,6.664,0.0,29,0,29,CITY_OK,4,39.98,10.98,5.98,False
w209267156,Бендеры,6.219,0.0,27,0,27,CITY_OK,4,37.31,10.31,5.31,False
w209267157,Бендеры,6.269,0.0,28,0,28,CITY_OK,4,37.61,9.61,4.61,False
w209267161,Бендеры,6.424,0.0,28,0,28,CITY_OK,4,38.54,10.54,5.54,False
w209267166,Бендеры,5.003,0.0,23,0,23,CITY_OK,3,30.02,7.02,2.02,True
w209267167,Бендеры,6.566,0.0,29,0,29,CITY_OK,4,39.4,10.4,5.4,False
w209267170,Бендеры,6.224,0.0,27,0,27,CITY_OK,4,37.34,10.34,5.34,False
w209267171,Бендеры,6.084,0.0,27,0,27,CITY_OK,3,36.5,9.5,4.5,False
w209267172,Бендеры,6.682,0.0,29,0,29,CITY_OK,4,40.09,11.09,6.09,False
w209267174,Бендеры,4.722,0.0,21,0,21,CITY_OK,3,28.33,7.33,2.33,True
w209267177,Бендеры,6.298,0.0,28,0,28,CITY_OK,4,37.79,9.79,4.79,False
w209267179,Бендеры,6.623,0.0,29,0,29,CITY_OK,4,39.74,10.74,5.74,False
w209267180,Бендеры,6.219,0.0,27,0,27,CITY_OK,4,37.31,10.31,5.31,False
w209267181,Бендеры,6.395,0.0,28,0,28,CITY_OK,4,38.37,10.37,5.37,False
w209267184,Бендеры,6.314,0.0,28,0,28,CITY_OK,4,37.88,9.88,4.88,False
w209273564,Бендеры,7.22,0.0,31,0,31,CITY_OK,4,43.32,12.32,7.32,False
w209273565,Бендеры,7.135,0.0,31,0,31,CITY_OK,4,42.81,11.81,6.81,False
w209273566,Бендеры,5.79,0.0,26,0,26,CITY_OK,3,34.74,8.74,3.74,False
w209273567,Бендеры,7.176,0.0,31,0,31,CITY_OK,4,43.06,12.06,7.06,False
w209273568,Бендеры,7.311,0.0,32,0,32,CITY_OK,4,43.87,11.87,6.87,False
w209273570,Бендеры,7.253,0.0,32,0,32,CITY_OK,4,43.52,11.52,6.52,False
w209273571,Бендеры,5.699,0.0,25,0,25,CITY_OK,3,34.19,9.19,4.19,False
w209273573,Бендеры,6.66,0.0,29,0,29,CITY_OK,4,39.96,10.96,5.96,False
w209273575,Бендеры,5.999,0.0,26,0,26,CITY_OK,3,35.99,9.99,4.99,False
w209273576,Бендеры,6.757,0.0,30,0,30,CITY_OK,4,40.54,10.54,5.54,False
w209273577,Бендеры,6.318,0.0,28,0,28,CITY_OK,4,37.91,9.91,4.91,False
w209273578,Бендеры,6.64,0.0,29,0,29,CITY_OK,4,39.84,10.84,5.84,False
w209273580,Бендеры,6.435,0.0,28,0,28,CITY_OK,4,38.61,10.61,5.61,False
w209273583,Бендеры,6.477,0.0,28,0,28,CITY_OK,4,38.86,10.86,5.86,False
w209273585,Бендеры,5.99,0.0,26,0,26,CITY_OK,3,35.94,9.94,4.94,False
w209273586,Бендеры,5.975,0.0,26,0,26,CITY_OK,4,35.85,9.85,4.85,False
w209273587,Бендеры,6.668,0.0,29,0,29,CITY_OK,4,40.01,11.01,6.01,False
w209273588,Бендеры,6.592,0.0,29,0,29,CITY_OK,4,39.55,10.55,5.55,False
w209273591,Бендеры,5.707,0.0,25,0,25,CITY_OK,3,34.24,9.24,4.24,False
w209273592,Бендеры,6.15,0.0,27,0,27,CITY_OK,4,36.9,9.9,4.9,False
w209273593,Бендеры,6.34,0.0,28,0,28,CITY_OK,4,38.04,10.04,5.04,False
w209273594,Бендеры,6.369,0.0,28,0,28,CITY_OK,4,38.21,10.21,5.21,False
w209273596,Бендеры,6.824,0.0,30,0,30,CITY_OK,4,40.94,10.94,5.94,False
w209273598,Бендеры,6.654,0.0,29,0,29,CITY_OK,4,39.92,10.92,5.92,False
w209273600,Бендеры,6.49,0.0,28,0,28,CITY_OK,4,38.94,10.94,5.94,False
w209273601,Бендеры,5.95,0.0,26,0,26,CITY_OK,3,35.7,9.7,4.7,False
w209273604,Бендеры,6.376,0.0,28,0,28,CITY_OK,4,38.26,10.26,5.26,False
w209273608,Бендеры,6.021,0.0,27,0,27,CITY_OK,3,36.13,9.13,4.13,False
w209273609,Бендеры,6.667,0.0,29,0,29,CITY_OK,4,40.0,11.0,6.0,False
w209273610,Бендеры,6.013,0.0,27,0,27,CITY_OK,3,36.08,9.08,4.08,False
w209273611,Бендеры,6.33,0.0,28,0,28,CITY_OK,4,37.98,9.98,4.98,False
w209273612,Бендеры,6.728,0.0,29,0,29,CITY_OK,4,40.37,11.37,6.37,False
w209273614,Бендеры,6.061,0.0,27,0,27,CITY_OK,3,36.37,9.37,4.37,False
w209273615,Бендеры,6.051,0.0,27,0,27,CITY_OK,3,36.31,9.31,4.31,False
w209273619,Бендеры,5.967,0.0,26,0,26,CITY_OK,4,35.8,9.8,4.8,False
w209273621,Бендеры,5.888,0.0,26,0,26,CITY_OK,4,35.33,9.33,4.33,False
w209273632,Бендеры,6.032,0.0,27,0,27,CITY_OK,3,36.19,9.19,4.19,False
w209273633,Бендеры,6.535,0.0,29,0,29,CITY_OK,4,39.21,10.21,5.21,False
w209273634,Бендеры,5.75,0.0,25,0,25,CITY_OK,3,34.5,9.5,4.5,False
w209273635,Бендеры,6.537,0.0,29,0,29,CITY_OK,4,39.22,10.22,5.22,False
w209273637,Бендеры,6.062,0.0,27,0,27,CITY_OK,3,36.37,9.37,4.37,False
w209273643,Бендеры,6.015,0.0,27,0,27,CITY_OK,3,36.09,9.09,4.09,False
w209287624,Бендеры,4.83,0.0,22,0,22,CITY_OK,3,28.98,6.98,1.98,True
w209287626,Бендеры,5.179,0.0,23,0,23,CITY_OK,3,31.07,8.07,3.07,False
w209287627,Бендеры,4.929,0.0,22,0,22,CITY_OK,3,29.57,7.57,2.57,False
w209287628,Бендеры,4.801,0.0,22,0,22,CITY_OK,3,28.81,6.81,1.81,True
w209287629,Бендеры,5.019,0.0,23,0,23,CITY_OK,3,30.11,7.11,2.11,True
w209287630,Бендеры,4.829,0.0,22,0,22,CITY_OK,3,28.97,6.97,1.97,True
w209287631,Бендеры,5.126,0.0,23,0,23,CITY_OK,3,30.76,7.76,2.76,False
w209287632,Бендеры,4.932,0.0,22,0,22,CITY_OK,3,29.59,7.59,2.59,False
w209287633,Бендеры,5.207,0.0,23,0,23,CITY_OK,3,31.24,8.24,3.24,False
w209287634,Бендеры,5.163,0.0,23,0,23,CITY_OK,3,30.98,7.98,2.98,False
w209287635,Бендеры,5.049,0.0,23,0,23,CITY_OK,3,30.29,7.29,2.29,True
w209287636,Бендеры,5.093,0.0,23,0,23,CITY_OK,3,30.56,7.56,2.56,False
w209287637,Бендеры,6.122,0.0,27,0,27,CITY_OK,4,36.73,9.73,4.73,False
w209287638,Бендеры,5.151,0.0,23,0,23,CITY_OK,3,30.91,7.91,2.91,False
w209287640,Бендеры,4.814,0.0,22,0,22,CITY_OK,3,28.88,6.88,1.88,True
w209287641,Бендеры,4.873,0.0,22,0,22,CITY_OK,3,29.24,7.24,2.24,True
w209287642,Бендеры,5.21,0.0,23,0,23,CITY_OK,3,31.26,8.26,3.26,False
w209287645,Бендеры,5.181,0.0,23,0,23,CITY_OK,3,31.09,8.09,3.09,False
w209287646,Бендеры,4.933,0.0,22,0,22,CITY_OK,3,29.6,7.6,2.6,False
w209287648,Бендеры,4.931,0.0,22,0,22,CITY_OK,3,29.59,7.59,2.59,False
w209287649,Бендеры,4.974,0.0,22,0,22,CITY_OK,3,29.84,7.84,2.84,False
w209287650,Бендеры,5.037,0.0,23,0,23,CITY_OK,3,30.22,7.22,2.22,True
w209287651,Бендеры,5.123,0.0,23,0,23,CITY_OK,3,30.74,7.74,2.74,False
w209287654,Бендеры,5.168,0.0,23,0,23,CITY_OK,3,31.01,8.01,3.01,False
w209287656,Бендеры,5.155,0.0,23,0,23,CITY_OK,3,30.93,7.93,2.93,False
w209287657,Бендеры,4.905,0.0,22,0,22,CITY_OK,3,29.43,7.43,2.43,True
w209287658,Бендеры,5.115,0.0,23,0,23,CITY_OK,3,30.69,7.69,2.69,False
w209287660,Бендеры,6.123,0.0,27,0,27,CITY_OK,4,36.74,9.74,4.74,False
w209287661,Бендеры,4.743,0.0,21,0,21,CITY_OK,3,28.46,7.46,2.46,False
w209287662,Бендеры,5.159,0.0,23,0,23,CITY_OK,3,30.95,7.95,2.95,False
w209287663,Бендеры,5.049,0.0,23,0,23,CITY_OK,3,30.29,7.29,2.29,True
w209287664,Бендеры,5.079,0.0,23,0,23,CITY_OK,3,30.47,7.47,2.47,True
w209287665,Бендеры,5.196,0.0,23,0,23,CITY_OK,3,31.18,8.18,3.18,False
w209287666,Бендеры,5.257,0.0,24,0,24,CITY_OK,3,31.54,7.54,2.54,True
w209287667,Бендеры,6.209,0.0,27,0,27,CITY_OK,4,37.25,10.25,5.25,False
w209287668,Бендеры,4.725,0.0,21,0,21,CITY_OK,3,28.35,7.35,2.35,False
w209287670,Бендеры,4.786,0.0,22,0,22,CITY_OK,3,28.72,6.72,1.72,True
w209287671,Бендеры,6.131,0.0,27,0,27,CITY_OK,4,36.79,9.79,4.79,False
w209287672,Бендеры,5.016,0.0,23,0,23,CITY_OK,3,30.1,7.1,2.1,True
w209287673,Бендеры,5.108,0.0,23,0,23,CITY_OK,3,30.65,7.65,2.65,False
w209287674,Бендеры,5.166,0.0,23,0,23,CITY_OK,3,31.0,8.0,3.0,False
w209287675,Бендеры,5.349,0.0,24,0,24,CITY_OK,3,32.09,8.09,3.09,False
w209287676,Бендеры,5.112,0.0,23,0,23,CITY_OK,3,30.67,7.67,2.67,False
w209287677,Бендеры,5.053,0.0,23,0,23,CITY_OK,3,30.32,7.32,2.32,True
w209287679,Бендеры,4.8,0.0,22,0,22,CITY_OK,3,28.8,6.8,1.8,True
w209287680,Бендеры,4.628,0.0,21,0,21,CITY_OK,3,27.77,6.77,1.77,True
w209287681,Бендеры,6.045,0.0,27,0,27,CITY_OK,4,36.27,9.27,4.27,False
w209287682,Бендеры,4.829,0.0,22,0,22,CITY_OK,3,28.97,6.97,1.97,True
w209287683,Бендеры,5.238,0.0,23,0,23,CITY_OK,3,31.43,8.43,3.43,False
w209287686,Бендеры,5.064,0.0,23,0,23,CITY_OK,3,30.38,7.38,2.38,True
w209287687,Бендеры,5.181,0.0,23,0,23,CITY_OK,3,31.09,8.09,3.09,False
w209287688,Бендеры,4.926,0.0,22,0,22,CITY_OK,3,29.56,7.56,2.56,False
w209287689,Бендеры,5.244,0.0,23,0,23,CITY_OK,3,31.46,8.46,3.46,False
w209287690,Бендеры,4.926,0.0,22,0,22,CITY_OK,3,29.56,7.56,2.56,False
w209287691,Бендеры,4.8,0.0,22,0,22,CITY_OK,3,28.8,6.8,1.8,True
w209287693,Бендеры,6.088,0.0,27,0,27,CITY_OK,4,36.53,9.53,4.53,False
w209287695,Бендеры,4.796,0.0,22,0,22,CITY_OK,3,28.78,6.78,1.78,True
w209287696,Бендеры,4.579,0.0,21,0,21,CITY_OK,3,27.47,6.47,1.47,True
w209287698,Бендеры,5.225,0.0,23,0,23,CITY_OK,3,31.35,8.35,3.35,False
w209287699,Бендеры,5.137,0.0,23,0,23,CITY_OK,3,30.82,7.82,2.82,False
w209287700,Бендеры,4.968,0.0,22,0,22,CITY_OK,3,29.81,7.81,2.81,False
w209287701,Бендеры,4.898,0.0,22,0,22,CITY_OK,3,29.39,7.39,2.39,True
w209416015,Бендеры,4.965,0.0,22,0,22,CITY_OK,3,29.79,7.79,2.79,False
w209416017,Бендеры,5.248,0.0,23,0,23,CITY_OK,3,31.49,8.49,3.49,False
w209416019,Бендеры,5.078,0.0,23,0,23,CITY_OK,3,30.47,7.47,2.47,True
w209416021,Бендеры,4.924,0.0,22,0,22,CITY_OK,3,29.54,7.54,2.54,False
w209416024,Бендеры,5.064,0.0,23,0,23,CITY_OK,3,30.38,7.38,2.38,True
w209416025,Бендеры,4.908,0.0,22,0,22,CITY_OK,3,29.45,7.45,2.45,False
w209416026,Бендеры,4.937,0.0,22,0,22,CITY_OK,3,29.62,7.62,2.62,False
w209416027,Бендеры,5.408,0.0,24,0,24,CITY_OK,3,32.45,8.45,3.45,False
w209416028,Бендеры,5.407,0.0,24,0,24,CITY_OK,3,32.44,8.44,3.44,False
w209416029,Бендеры,5.532,0.0,25,0,25,CITY_OK,3,33.19,8.19,3.19,False
w209416030,Бендеры,5.334,0.0,24,0,24,CITY_OK,3,32.0,8.0,3.0,False
w209416033,Бендеры,5.005,0.0,23,0,23,CITY_OK,3,30.03,7.03,2.03,True
w209416037,Бендеры,5.018,0.0,23,0,23,CITY_OK,3,30.11,7.11,2.11,True
w209416038,Бендеры,5.365,0.0,24,0,24,CITY_OK,3,32.19,8.19,3.19,False
w209416039,Бендеры,5.305,0.0,24,0,24,CITY_OK,3,31.83,7.83,2.83,False
w209416040,Бендеры,4.994,0.0,22,0,22,CITY_OK,3,29.96,7.96,2.96,False
w209416041,Бендеры,5.291,0.0,24,0,24,CITY_OK,3,31.75,7.75,2.75,False
w209416042,Бендеры,5.377,0.0,24,0,24,CITY_OK,3,32.26,8.26,3.26,False
w209416044,Бендеры,5.049,0.0,23,0,23,CITY_OK,3,30.29,7.29,2.29,True
w209416045,Бендеры,4.979,0.0,22,0,22,CITY_OK,3,29.87,7.87,2.87,False
w209416049,Бендеры,5.518,0.0,25,0,25,CITY_OK,3,33.11,8.11,3.11,False
w209416050,Бендеры,4.979,0.0,22,0,22,CITY_OK,3,29.87,7.87,2.87,False
w209416051,Бендеры,4.878,0.0,22,0,22,CITY_OK,3,29.27,7.27,2.27,True
w209416052,Бендеры,4.894,0.0,22,0,22,CITY_OK,3,29.36,7.36,2.36,True
w209416053,Бендеры,5.034,0.0,23,0,23,CITY_OK,3,30.2,7.2,2.2,True
w209416054,Бендеры,5.005,0.0,23,0,23,CITY_OK,3,30.03,7.03,2.03,True
w209416055,Бендеры,5.14,0.0,23,0,23,CITY_OK,3,30.84,7.84,2.84,False
w209416056,Бендеры,4.951,0.0,22,0,22,CITY_OK,3,29.71,7.71,2.71,False
w209416057,Бендеры,4.895,0.0,22,0,22,CITY_OK,3,29.37,7.37,2.37,True
w209416059,Бендеры,5.016,0.0,23,0,23,CITY_OK,3,30.1,7.1,2.1,True
w209416061,Бендеры,4.966,0.0,22,0,22,CITY_OK,3,29.8,7.8,2.8,False
w209416062,Бендеры,4.936,0.0,22,0,22,CITY_OK,3,29.62,7.62,2.62,False
w209416063,Бендеры,5.503,0.0,25,0,25,CITY_OK,3,33.02,8.02,3.02,False
w209416065,Бендеры,5.383,0.0,24,0,24,CITY_OK,3,32.3,8.3,3.3,False
w209416068,Бендеры,5.386,0.0,24,0,24,CITY_OK,3,32.32,8.32,3.32,False
w209416072,Бендеры,4.992,0.0,22,0,22,CITY_OK,3,29.95,7.95,2.95,False
w209416073,Бендеры,4.994,0.0,22,0,22,CITY_OK,3,29.96,7.96,2.96,False
w209416075,Бендеры,5.26,0.0,24,0,24,CITY_OK,3,31.56,7.56,2.56,True
w209416076,Бендеры,5.157,0.0,23,0,23,CITY_OK,3,30.94,7.94,2.94,False
w209416077,Бендеры,4.909,0.0,22,0,22,CITY_OK,3,29.45,7.45,2.45,False
w209416078,Бендеры,5.348,0.0,24,0,24,CITY_OK,3,32.09,8.09,3.09,False
w209416079,Бендеры,5.301,0.0,24,0,24,CITY_OK,3,31.81,7.81,2.81,False
w209416080,Бендеры,4.952,0.0,22,0,22,CITY_OK,3,29.71,7.71,2.71,False
w209416081,Бендеры,4.922,0.0,22,0,22,CITY_OK,3,29.53,7.53,2.53,False
w209416082,Бендеры,5.421,0.0,24,0,24,CITY_OK,3,32.53,8.53,3.53,False
w209416084,Бендеры,5.392,0.0,24,0,24,CITY_OK,3,32.35,8.35,3.35,False
w209416089,Бендеры,4.871,0.0,22,0,22,CITY_OK,3,29.23,7.23,2.23,True
w209416090,Бендеры,5.237,0.0,23,0,23,CITY_OK,3,31.42,8.42,3.42,False
w209416092,Бендеры,5.488,0.0,24,0,24,CITY_OK,3,32.93,8.93,3.93,False
w209416093,Бендеры,5.275,0.0,24,0,24,CITY_OK,3,31.65,7.65,2.65,True
w209654269,Бендеры,2.579,0.0,14,0,14,CITY_OK,2,18.0,4.0,-1.0,False
w209654272,Бендеры,2.773,0.0,14,0,14,CITY_OK,2,18.0,4.0,-1.0,False
w209654273,Бендеры,2.778,0.0,14,0,14,CITY_OK,2,18.0,4.0,-1.0,False
w209654289,Бендеры,2.991,0.0,14,0,14,CITY_OK,2,18.0,4.0,-1.0,False
w209654291,Бендеры,2.734,0.0,14,0,14,CITY_OK,2,18.0,4.0,-1.0,False
w209654292,Бендеры,4.97,0.0,22,0,22,CITY_OK,3,29.82,7.82,2.82,False
w209654294,Бендеры,1.335,0.0,14,0,14,CITY_OK,1,18.0,4.0,-1.0,False
w209654312,Бендеры,1.348,0.0,14,0,14,CITY_OK,1,18.0,4.0,-1.0,False
w209654318,Бендеры,2.811,0.0,14,0,14,CITY_OK,2,18.0,4.0,-1.0,False
w209654351,Бендеры,3.038,0.0,15,0,15,CITY_OK,2,18.23,3.23,-1.77,False
w209654357,Бендеры,4.802,0.0,22,0,22,CITY_OK,3,28.81,6.81,1.81,True
w209654368,Бендеры,2.522,0.0,14,0,14,CITY_OK,2,18.0,4.0,-1.0,False
w209654376,Бендеры,2.944,0.0,14,0,14,CITY_OK,2,18.0,4.0,-1.0,False
w209654379,Бендеры,2.065,0.0,14,0,14,CITY_OK,1,18.0,4.0,-1.0,False
w209654391,Бендеры,5.242,0.0,23,0,23,CITY_OK,3,31.45,8.45,3.45,False
w209654393,Бендеры,2.748,0.0,14,0,14,CITY_OK,2,18.0,4.0,-1.0,False
w209654402,Бендеры,2.674,0.0,14,0,14,CITY_OK,2,18.0,4.0,-1.0,False
w209654410,Бендеры,5.629,0.0,25,0,25,CITY_OK,3,33.77,8.77,3.77,False
w211496742,Бендеры,1.522,0.0,14,0,14,CITY_OK,1,18.0,4.0,-1.0,False
w211496746,Бендеры,1.357,0.0,14,0,14,CITY_OK,1,18.0,4.0,-1.0,False
w211496748,Бендеры,1.239,0.0,14,0,14,CITY_OK,1,18.0,4.0,-1.0,False
w211496751,Бендеры,0.894,0.0,14,0,14,CITY_OK,1,18.0,4.0,-1.0,False
w211496753,Бендеры,1.069,0.0,14,0,14,CITY_OK,1,18.0,4.0,-1.0,False
w211496754,Бендеры,0.85,0.0,14,0,14,CITY_OK,1,18.0,4.0,-1.0,False
w211496755,Бендеры,1.52,0.0,14,0,14,CITY_OK,1,18.0,4.0,-1.0,False
w211496759,Бендеры,1.086,0.0,14,0,14,CITY_OK,1,18.0,4.0,-1.0,False
w211496761,Бендеры,0.885,0.0,14,0,14,CITY_OK,1,18.0,4.0,-1.0,False
w211496762,Бендеры,1.276,0.0,14,0,14,CITY_OK,1,18.0,4.0,-1.0,False
w211496764,Бендеры,0.458,0.0,14,0,14,CITY_OK,1,18.0,4.0,-1.0,False
w211496765,Бендеры,0.953,0.0,14,0,14,CITY_OK,1,18.0,4.0,-1.0,False
w211496769,Бендеры,1.496,0.0,14,0,14,CITY_OK,1,18.0,4.0,-1.0,False
w211496770,Бендеры,1.566,0.0,14,0,14,CITY_OK,1,18.0,4.0,-1.0,False
w211496773,Бендеры,1.446,0.0,14,0,14,CITY_OK,1,18.0,4.0,-1.0,False
w211496774,Бендеры,0.883,0.0,14,0,14,CITY_OK,1,18.0,4.0,-1.0,False
w211496777,Бендеры,0.738,0.0,14,0,14,CITY_OK,1,18.0,4.0,-1.0,False
w211496778,Бендеры,0.934,0.0,14,0,14,CITY_OK,1,18.0,4.0,-1.0,False
w211496781,Бендеры,1.445,0.0,14,0,14,CITY_OK,1,18.0,4.0,-1.0,False
w211496784,Бендеры,1.518,0.0,14,0,14,CITY_OK,1,18.0,4.0,-1.0,False
w211496787,Бендеры,1.552,0.0,14,0,14,CITY_OK,1,18.0,4.0,-1.0,False
w211496790,Бендеры,1.247,0.0,14,0,14,CITY_OK,1,18.0,4.0,-1.0,False
w211496791,Бендеры,0.86,0.0,14,0,14,CITY_OK,1,18.0,4.0,-1.0,False
w211496793,Бендеры,1.428,0.0,14,0,14,CITY_OK,1,18.0,4.0,-1.0,False
w211496794,Бендеры,1.524,0.0,14,0,14,CITY_OK,1,18.0,4.0,-1.0,False
w222738960,Бендеры,1.585,0.0,14,0,14,CITY_OK,1,18.0,4.0,-1.0,False
w222738961,Бендеры,1.403,0.0,14,0,14,CITY_OK,1,18.0,4.0,-1.0,False
w222738962,Бендеры,1.444,0.0,14,0,14,CITY_OK,1,18.0,4.0,-1.0,False
w222738963,Бендеры,1.599,0.0,14,0,14,CITY_OK,1,18.0,4.0,-1.0,False
w222738964,Бендеры,1.124,0.0,14,0,14,CITY_OK,1,18.0,4.0,-1.0,False
w222751376,Бендеры,1.513,0.0,14,0,14,CITY_OK,1,18.0,4.0,-1.0,False
w222751377,Бендеры,1.489,0.0,14,0,14,CITY_OK,1,18.0,4.0,-1.0,False
w222751378,Бендеры,1.496,0.0,14,0,14,CITY_OK,1,18.0,4.0,-1.0,False
w222751379,Бендеры,1.282,0.0,14,0,14,CITY_OK,1,18.0,4.0,-1.0,False
w222751380,Бендеры,1.276,0.0,14,0,14,CITY_OK,1,18.0,4.0,-1.0,False
w222751381,Бендеры,1.3,0.0,14,0,14,CITY_OK,1,18.0,4.0,-1.0,False
w222755778,Бендеры,1.597,0.0,14,0,14,CITY_OK,1,18.0,4.0,-1.0,False
w222762485,Бендеры,1.956,0.0,14,0,14,CITY_OK,1,18.0,4.0,-1.0,False
w222762487,Бендеры,1.819,0.0,14,0,14,CITY_OK,1,18.0,4.0,-1.0,False
w222762488,Бендеры,1.801,0.0,14,0,14,CITY_OK,1,18.0,4.0,-1.0,False
w222764128,Бендеры,2.452,0.0,14,0,14,CITY_OK,2,18.0,4.0,-1.0,False
w222767138,Бендеры,1.507,0.0,14,0,14,CITY_OK,1,18.0,4.0,-1.0,False
w222767139,Бендеры,1.546,0.0,14,0,14,CITY_OK,1,18.0,4.0,-1.0,False
w222769338,Бендеры,4.209,0.0,19,0,19,CITY_OK,3,25.25,6.25,1.25,True
w222772631,Бендеры,4.511,0.0,21,0,21,CITY_OK,3,27.07,6.07,1.07,True
w222772632,Бендеры,4.504,0.0,21,0,21,CITY_OK,3,27.02,6.02,1.02,True
w222772634,Гиска,4.028,,19,,,OUTSIDE_DISTANCE_UNAVAILABLE,3,,,,
w222773039,Бендеры,0.889,0.0,14,0,14,CITY_OK,1,18.0,4.0,-1.0,False
w222774399,Бендеры,1.523,0.0,14,0,14,CITY_OK,1,18.0,4.0,-1.0,False
w222774400,Бендеры,1.485,0.0,14,0,14,CITY_OK,1,18.0,4.0,-1.0,False
w222774401,Бендеры,1.445,0.0,14,0,14,CITY_OK,1,18.0,4.0,-1.0,False
w222774402,Бендеры,1.41,0.0,14,0,14,CITY_OK,1,18.0,4.0,-1.0,False
w222774403,Бендеры,1.44,0.0,14,0,14,CITY_OK,1,18.0,4.0,-1.0,False
w222774404,Бендеры,1.318,0.0,14,0,14,CITY_OK,1,18.0,4.0,-1.0,False
w222777767,Бендеры,1.273,0.0,14,0,14,CITY_OK,1,18.0,4.0,-1.0,False
w222777769,Бендеры,1.28,0.0,14,0,14,CITY_OK,1,18.0,4.0,-1.0,False
w222778762,Бендеры,5.217,0.0,23,0,23,CITY_OK,3,31.3,8.3,3.3,False
w222781518,Бендеры,0.904,0.0,14,0,14,CITY_OK,1,18.0,4.0,-1.0,False
w222787494,Бендеры,2.019,0.0,14,0,14,CITY_OK,1,18.0,4.0,-1.0,False
w222787497,Бендеры,1.669,0.0,14,0,14,CITY_OK,1,18.0,4.0,-1.0,False
w222787503,Бендеры,1.118,0.0,14,0,14,CITY_OK,1,18.0,4.0,-1.0,False
w222789266,Бендеры,0.449,0.0,14,0,14,CITY_OK,1,18.0,4.0,-1.0,False
w222794975,Бендеры,1.0,0.0,14,0,14,CITY_OK,1,18.0,4.0,-1.0,False
w222794976,Бендеры,0.591,0.0,14,0,14,CITY_OK,1,18.0,4.0,-1.0,False
w222794979,Бендеры,0.602,0.0,14,0,14,CITY_OK,1,18.0,4.0,-1.0,False
w222794980,Бендеры,0.619,0.0,14,0,14,CITY_OK,1,18.0,4.0,-1.0,False
w222794982,Бендеры,0.844,0.0,14,0,14,CITY_OK,1,18.0,4.0,-1.0,False
w222795241,Бендеры,0.86,0.0,14,0,14,CITY_OK,1,18.0,4.0,-1.0,False
w222802642,Бендеры,2.016,0.0,14,0,14,CITY_OK,1,18.0,4.0,-1.0,False
w222823672,Бендеры,0.853,0.0,14,0,14,CITY_OK,1,18.0,4.0,-1.0,False
w222823677,Бендеры,0.288,0.0,14,0,14,CITY_OK,1,18.0,4.0,-1.0,False
w222823680,Бендеры,0.447,0.0,14,0,14,CITY_OK,1,18.0,4.0,-1.0,False
w222830311,Бендеры,1.598,0.0,14,0,14,CITY_OK,1,18.0,4.0,-1.0,False
w222832794,Бендеры,0.918,0.0,14,0,14,CITY_OK,1,18.0,4.0,-1.0,False
w222832795,Бендеры,1.408,0.0,14,0,14,CITY_OK,1,18.0,4.0,-1.0,False
w222832799,Бендеры,0.859,0.0,14,0,14,CITY_OK,1,18.0,4.0,-1.0,False
w222832800,Бендеры,0.732,0.0,14,0,14,CITY_OK,1,18.0,4.0,-1.0,False
w222832801,Бендеры,0.735,0.0,14,0,14,CITY_OK,1,18.0,4.0,-1.0,False
w222832802,Бендеры,0.644,0.0,14,0,14,CITY_OK,1,18.0,4.0,-1.0,False
w222832804,Бендеры,0.783,0.0,14,0,14,CITY_OK,1,18.0,4.0,-1.0,False
w222835374,Бендеры,0.712,0.0,14,0,14,CITY_OK,1,18.0,4.0,-1.0,False
w222864358,Гиска,3.99,,18,,,OUTSIDE_DISTANCE_UNAVAILABLE,3,,,,
w222864359,Гиска,4.133,,19,,,OUTSIDE_DISTANCE_UNAVAILABLE,3,,,,
w222864363,Гиска,4.296,,20,,,OUTSIDE_DISTANCE_UNAVAILABLE,3,,,,
w222864364,Гиска,4.495,,20,,,OUTSIDE_DISTANCE_UNAVAILABLE,3,,,,
w222865629,Гиска,4.099,,19,,,OUTSIDE_DISTANCE_UNAVAILABLE,3,,,,
w222865630,Гиска,4.044,,19,,,OUTSIDE_DISTANCE_UNAVAILABLE,3,,,,
w222865631,Гиска,4.017,,19,,,OUTSIDE_DISTANCE_UNAVAILABLE,3,,,,
w222871672,Гиска,4.429,,20,,,OUTSIDE_DISTANCE_UNAVAILABLE,3,,,,
w222871674,Гиска,4.693,,21,,,OUTSIDE_DISTANCE_UNAVAILABLE,3,,,,
w222946262,Бендеры,2.785,0.0,14,0,14,CITY_OK,2,18.0,4.0,-1.0,False
w222946263,Бендеры,2.692,0.0,14,0,14,CITY_OK,2,18.0,4.0,-1.0,False
w222946264,Бендеры,2.692,0.0,14,0,14,CITY_OK,2,18.0,4.0,-1.0,False
w222986044,Бендеры,6.93,0.0,30,0,30,CITY_OK,4,41.58,11.58,6.58,False
w222986045,Бендеры,6.81,0.0,30,0,30,CITY_OK,4,40.86,10.86,5.86,False
w222986047,Бендеры,6.794,0.0,30,0,30,CITY_OK,4,40.76,10.76,5.76,False
w222986049,Бендеры,6.768,0.0,30,0,30,CITY_OK,4,40.61,10.61,5.61,False
w222986064,Бендеры,6.669,0.0,29,0,29,CITY_OK,4,40.01,11.01,6.01,False
w223398167,Бендеры,0.744,0.0,14,0,14,CITY_OK,1,18.0,4.0,-1.0,False
w223405804,Бендеры,0.825,0.0,14,0,14,CITY_OK,1,18.0,4.0,-1.0,False
w223413303,Бендеры,0.641,0.0,14,0,14,CITY_OK,1,18.0,4.0,-1.0,False
w223428250,Бендеры,1.119,0.0,14,0,14,CITY_OK,1,18.0,4.0,-1.0,False
w223437258,Парканы,3.678,,17,,,OUTSIDE_DISTANCE_UNAVAILABLE,2,,,,
w223437272,Парканы,3.504,,17,,,OUTSIDE_DISTANCE_UNAVAILABLE,2,,,,
w223680282,Бендеры,4.087,0.0,19,0,19,CITY_OK,2,24.52,5.52,0.52,True
w223680351,Бендеры,4.127,0.0,19,0,19,CITY_OK,2,24.76,5.76,0.76,True
w223680911,Бендеры,4.154,0.0,19,0,19,CITY_OK,2,24.92,5.92,0.92,True
w223680912,Бендеры,4.116,0.0,19,0,19,CITY_OK,2,24.7,5.7,0.7,True
w223681142,Бендеры,4.14,0.0,19,0,19,CITY_OK,2,24.84,5.84,0.84,True
w223681143,Бендеры,4.347,0.0,20,0,20,CITY_OK,2,26.08,6.08,1.08,True
w223681290,Бендеры,4.26,0.0,20,0,20,CITY_OK,2,25.56,5.56,0.56,True
w223681291,Бендеры,4.26,0.0,20,0,20,CITY_OK,2,25.56,5.56,0.56,True
w223691986,Бендеры,4.333,0.0,20,0,20,CITY_OK,2,26.0,6.0,1.0,True
w223883040,Бендеры,4.215,0.0,19,0,19,CITY_OK,3,25.29,6.29,1.29,True
w223883041,Бендеры,4.242,0.0,19,0,19,CITY_OK,3,25.45,6.45,1.45,True
w223883817,Бендеры,2.49,0.0,14,0,14,CITY_OK,2,18.0,4.0,-1.0,False
w223977260,Бендеры,5.147,0.0,23,0,23,CITY_OK,3,30.88,7.88,2.88,False
w224082046,Бендеры,3.003,0.0,15,0,15,CITY_OK,2,18.02,3.02,-1.98,False
w224083295,Бендеры,5.423,0.0,24,0,24,CITY_OK,3,32.54,8.54,3.54,False
w224340921,Бендеры,4.228,0.0,19,0,19,CITY_OK,2,25.37,6.37,1.37,True
w224364415,Бендеры,2.465,0.0,14,0,14,CITY_OK,2,18.0,4.0,-1.0,False
w224364418,Бендеры,2.085,0.0,14,0,14,CITY_OK,1,18.0,4.0,-1.0,False
w224364419,Бендеры,1.94,0.0,14,0,14,CITY_OK,1,18.0,4.0,-1.0,False
w224368127,Бендеры,1.81,0.0,14,0,14,CITY_OK,1,18.0,4.0,-1.0,False
w224392570,Бендеры,0.878,0.0,14,0,14,CITY_OK,1,18.0,4.0,-1.0,False
w224502653,Бендеры,0.57,0.0,14,0,14,CITY_OK,1,18.0,4.0,-1.0,False
w224502668,Бендеры,0.64,0.0,14,0,14,CITY_OK,1,18.0,4.0,-1.0,False
w224621713,Бендеры,5.939,0.0,26,0,26,CITY_OK,3,35.63,9.63,4.63,False
w224621714,Бендеры,5.2,0.0,23,0,23,CITY_OK,3,31.2,8.2,3.2,False
w224682791,Бендеры,4.59,0.0,21,0,21,CITY_OK,3,27.54,6.54,1.54,True
w224685220,Бендеры,2.589,0.0,14,0,14,CITY_OK,2,18.0,4.0,-1.0,False
w224861630,Гиска,5.506,,25,,,OUTSIDE_DISTANCE_UNAVAILABLE,4,,,,
w224865587,Гиска,7.053,,31,,,OUTSIDE_DISTANCE_UNAVAILABLE,4,,,,
w224865589,Гиска,7.133,,31,,,OUTSIDE_DISTANCE_UNAVAILABLE,4,,,,
w224924635,Бендеры,1.337,0.0,14,0,14,CITY_OK,1,18.0,4.0,-1.0,False
w224936649,Протягайловка,6.404,,28,,,OUTSIDE_DISTANCE_UNAVAILABLE,4,,,,
w224936651,Протягайловка,6.272,,28,,,OUTSIDE_DISTANCE_UNAVAILABLE,4,,,,
w224936652,Протягайловка,6.313,,28,,,OUTSIDE_DISTANCE_UNAVAILABLE,4,,,,
w224936653,Протягайловка,6.369,,28,,,OUTSIDE_DISTANCE_UNAVAILABLE,4,,,,
w224936654,Протягайловка,6.342,,28,,,OUTSIDE_DISTANCE_UNAVAILABLE,4,,,,
w224936656,Протягайловка,6.524,,29,,,OUTSIDE_DISTANCE_UNAVAILABLE,4,,,,
w224936657,Протягайловка,6.504,,29,,,OUTSIDE_DISTANCE_UNAVAILABLE,4,,,,
w224936658,Протягайловка,6.427,,28,,,OUTSIDE_DISTANCE_UNAVAILABLE,4,,,,
w224936659,Протягайловка,6.902,,30,,,OUTSIDE_DISTANCE_UNAVAILABLE,4,,,,
w224943526,Бендеры,6.022,0.0,27,0,27,CITY_OK,3,36.13,9.13,4.13,False
w224944755,Бендеры,0.757,0.0,14,0,14,CITY_OK,1,18.0,4.0,-1.0,False
w224948878,Бендеры,0.89,0.0,14,0,14,CITY_OK,1,18.0,4.0,-1.0,False
w224949298,Бендеры,0.777,0.0,14,0,14,CITY_OK,1,18.0,4.0,-1.0,False
w224950589,Бендеры,0.908,0.0,14,0,14,CITY_OK,1,18.0,4.0,-1.0,False
w225089308,Бендеры,4.108,0.0,19,0,19,CITY_OK,3,24.65,5.65,0.65,True
w225209888,Бендеры,4.31,0.0,20,0,20,CITY_OK,2,25.86,5.86,0.86,True
w225221599,Бендеры,3.55,0.0,17,0,17,CITY_OK,2,21.3,4.3,-0.7,False
w225221600,Бендеры,3.506,0.0,17,0,17,CITY_OK,2,21.04,4.04,-0.96,False
w225221601,Бендеры,3.562,0.0,17,0,17,CITY_OK,2,21.37,4.37,-0.63,False
w225221602,Бендеры,3.434,0.0,16,0,16,CITY_OK,2,20.6,4.6,-0.4,False
w225221603,Бендеры,3.383,0.0,16,0,16,CITY_OK,2,20.3,4.3,-0.7,False
w225234071,Бендеры,1.793,0.0,14,0,14,CITY_OK,1,18.0,4.0,-1.0,False
w225251580,Бендеры,5.057,0.0,23,0,23,CITY_OK,3,30.34,7.34,2.34,True
w225255275,Бендеры,4.594,0.0,21,0,21,CITY_OK,3,27.56,6.56,1.56,True
w225418012,Гиска,6.49,,28,,,OUTSIDE_DISTANCE_UNAVAILABLE,4,,,,
w225418014,Гиска,6.521,,29,,,OUTSIDE_DISTANCE_UNAVAILABLE,4,,,,
w225418016,Гиска,7.155,,31,,,OUTSIDE_DISTANCE_UNAVAILABLE,4,,,,
w225418018,Гиска,7.173,,31,,,OUTSIDE_DISTANCE_UNAVAILABLE,4,,,,
w225418020,Гиска,7.228,,31,,,OUTSIDE_DISTANCE_UNAVAILABLE,4,,,,
w225418023,Гиска,7.304,,32,,,OUTSIDE_DISTANCE_UNAVAILABLE,4,,,,
w225418025,Гиска,7.242,,31,,,OUTSIDE_DISTANCE_UNAVAILABLE,4,,,,
w225418027,Гиска,7.29,,32,,,OUTSIDE_DISTANCE_UNAVAILABLE,4,,,,
w225418031,Гиска,7.28,,32,,,OUTSIDE_DISTANCE_UNAVAILABLE,4,,,,
w225418033,Гиска,7.282,,32,,,OUTSIDE_DISTANCE_UNAVAILABLE,4,,,,
w231243205,Протягайловка,6.347,,28,,,OUTSIDE_DISTANCE_UNAVAILABLE,4,,,,
w231243206,Протягайловка,6.347,,28,,,OUTSIDE_DISTANCE_UNAVAILABLE,4,,,,
w231243207,Бендеры,6.537,0.0,29,0,29,CITY_OK,4,39.22,10.22,5.22,False
w231243208,Протягайловка,6.383,,28,,,OUTSIDE_DISTANCE_UNAVAILABLE,4,,,,
w231731655,Бендеры,0.939,0.0,14,0,14,CITY_OK,1,18.0,4.0,-1.0,False
w237810074,Парканы,3.516,,17,,,OUTSIDE_DISTANCE_UNAVAILABLE,2,,,,
w237873683,Парканы,4.434,,20,,,OUTSIDE_DISTANCE_UNAVAILABLE,3,,,,
w238116827,Парканы,5.204,,23,,,OUTSIDE_DISTANCE_UNAVAILABLE,3,,,,
w240944089,Бендеры,4.272,0.0,20,0,20,CITY_OK,3,25.63,5.63,0.63,True
w255717187,Гиска,4.059,,19,,,OUTSIDE_DISTANCE_UNAVAILABLE,3,,,,
w255958964,Гиска,4.56,,21,,,OUTSIDE_DISTANCE_UNAVAILABLE,3,,,,
w255960438,Гиска,4.486,,20,,,OUTSIDE_DISTANCE_UNAVAILABLE,3,,,,
w256217556,Бендеры,0.426,0.0,14,0,14,CITY_OK,1,18.0,4.0,-1.0,False
w256217671,Бендеры,1.517,0.0,14,0,14,CITY_OK,1,18.0,4.0,-1.0,False
w256217673,Бендеры,1.488,0.0,14,0,14,CITY_OK,1,18.0,4.0,-1.0,False
w256217674,Бендеры,1.401,0.0,14,0,14,CITY_OK,1,18.0,4.0,-1.0,False
w256218358,Бендеры,0.515,0.0,14,0,14,CITY_OK,1,18.0,4.0,-1.0,False
w256218360,Бендеры,0.573,0.0,14,0,14,CITY_OK,1,18.0,4.0,-1.0,False
w256218361,Бендеры,0.557,0.0,14,0,14,CITY_OK,1,18.0,4.0,-1.0,False
w256218362,Бендеры,0.562,0.0,14,0,14,CITY_OK,1,18.0,4.0,-1.0,False
w256218363,Бендеры,0.59,0.0,14,0,14,CITY_OK,1,18.0,4.0,-1.0,False
w256218367,Бендеры,0.623,0.0,14,0,14,CITY_OK,1,18.0,4.0,-1.0,False
w256218368,Бендеры,0.642,0.0,14,0,14,CITY_OK,1,18.0,4.0,-1.0,False
w256218705,Бендеры,0.734,0.0,14,0,14,CITY_OK,1,18.0,4.0,-1.0,False
w256218707,Бендеры,0.762,0.0,14,0,14,CITY_OK,1,18.0,4.0,-1.0,False
w256218708,Бендеры,0.871,0.0,14,0,14,CITY_OK,1,18.0,4.0,-1.0,False
w256218709,Бендеры,0.84,0.0,14,0,14,CITY_OK,1,18.0,4.0,-1.0,False
w256220903,Бендеры,0.912,0.0,14,0,14,CITY_OK,1,18.0,4.0,-1.0,False
w256220904,Бендеры,0.901,0.0,14,0,14,CITY_OK,1,18.0,4.0,-1.0,False
w256220905,Бендеры,0.879,0.0,14,0,14,CITY_OK,1,18.0,4.0,-1.0,False
w256221580,Бендеры,1.248,0.0,14,0,14,CITY_OK,1,18.0,4.0,-1.0,False
w256221582,Бендеры,1.268,0.0,14,0,14,CITY_OK,1,18.0,4.0,-1.0,False
w256221583,Бендеры,1.288,0.0,14,0,14,CITY_OK,1,18.0,4.0,-1.0,False
w256221586,Бендеры,1.303,0.0,14,0,14,CITY_OK,1,18.0,4.0,-1.0,False
w256222005,Бендеры,1.41,0.0,14,0,14,CITY_OK,1,18.0,4.0,-1.0,False
w256882651,Гиска,5.263,,24,,,OUTSIDE_DISTANCE_UNAVAILABLE,4,,,,
w256882784,Гиска,5.221,,23,,,OUTSIDE_DISTANCE_UNAVAILABLE,3,,,,
w256882786,Гиска,5.249,,23,,,OUTSIDE_DISTANCE_UNAVAILABLE,3,,,,
w256884199,Гиска,5.411,,24,,,OUTSIDE_DISTANCE_UNAVAILABLE,4,,,,
w256886077,Гиска,5.526,,25,,,OUTSIDE_DISTANCE_UNAVAILABLE,4,,,,
w256886078,Гиска,5.553,,25,,,OUTSIDE_DISTANCE_UNAVAILABLE,4,,,,
w256886081,Гиска,5.605,,25,,,OUTSIDE_DISTANCE_UNAVAILABLE,4,,,,
w256886085,Гиска,6.395,,28,,,OUTSIDE_DISTANCE_UNAVAILABLE,4,,,,
w256886088,Гиска,6.473,,28,,,OUTSIDE_DISTANCE_UNAVAILABLE,4,,,,
w256886089,Гиска,6.4,,28,,,OUTSIDE_DISTANCE_UNAVAILABLE,4,,,,
w256886090,Гиска,6.276,,28,,,OUTSIDE_DISTANCE_UNAVAILABLE,4,,,,
w284637162,Протягайловка,6.377,,28,,,OUTSIDE_DISTANCE_UNAVAILABLE,4,,,,
w284637163,Протягайловка,6.357,,28,,,OUTSIDE_DISTANCE_UNAVAILABLE,4,,,,
w284637166,Протягайловка,6.395,,28,,,OUTSIDE_DISTANCE_UNAVAILABLE,4,,,,
w284637168,Протягайловка,6.416,,28,,,OUTSIDE_DISTANCE_UNAVAILABLE,4,,,,
w284637169,Протягайловка,6.434,,28,,,OUTSIDE_DISTANCE_UNAVAILABLE,4,,,,
w284637171,Протягайловка,6.45,,28,,,OUTSIDE_DISTANCE_UNAVAILABLE,4,,,,
w284637172,Протягайловка,6.545,,29,,,OUTSIDE_DISTANCE_UNAVAILABLE,4,,,,
w284637175,Протягайловка,6.415,,28,,,OUTSIDE_DISTANCE_UNAVAILABLE,4,,,,
w284637176,Протягайловка,6.396,,28,,,OUTSIDE_DISTANCE_UNAVAILABLE,4,,,,
w284637179,Протягайловка,6.335,,28,,,OUTSIDE_DISTANCE_UNAVAILABLE,4,,,,
w284637180,Протягайловка,6.316,,28,,,OUTSIDE_DISTANCE_UNAVAILABLE,4,,,,
w284637185,Протягайловка,6.303,,28,,,OUTSIDE_DISTANCE_UNAVAILABLE,4,,,,
w284637186,Протягайловка,6.253,,28,,,OUTSIDE_DISTANCE_UNAVAILABLE,4,,,,
w284637188,Протягайловка,6.232,,27,,,OUTSIDE_DISTANCE_UNAVAILABLE,4,,,,
w284637189,Протягайловка,6.253,,28,,,OUTSIDE_DISTANCE_UNAVAILABLE,4,,,,
w284637190,Протягайловка,6.234,,27,,,OUTSIDE_DISTANCE_UNAVAILABLE,4,,,,
w284637191,Протягайловка,6.212,,27,,,OUTSIDE_DISTANCE_UNAVAILABLE,4,,,,
w284637192,Протягайловка,6.151,,27,,,OUTSIDE_DISTANCE_UNAVAILABLE,4,,,,
w284637193,Протягайловка,6.173,,27,,,OUTSIDE_DISTANCE_UNAVAILABLE,4,,,,
w284637194,Протягайловка,6.194,,27,,,OUTSIDE_DISTANCE_UNAVAILABLE,4,,,,
w284637197,Бендеры,6.317,0.0,28,0,28,CITY_OK,4,37.9,9.9,4.9,False
w284637199,Бендеры,6.212,0.0,27,0,27,CITY_OK,4,37.27,10.27,5.27,False
w284637201,Протягайловка,6.419,,28,,,OUTSIDE_DISTANCE_UNAVAILABLE,4,,,,
w284637202,Протягайловка,6.382,,28,,,OUTSIDE_DISTANCE_UNAVAILABLE,4,,,,
w284637203,Протягайловка,6.359,,28,,,OUTSIDE_DISTANCE_UNAVAILABLE,4,,,,
w284637204,Протягайловка,6.416,,28,,,OUTSIDE_DISTANCE_UNAVAILABLE,4,,,,
w284637205,Протягайловка,6.421,,28,,,OUTSIDE_DISTANCE_UNAVAILABLE,4,,,,
w284637252,Протягайловка,6.236,,27,,,OUTSIDE_DISTANCE_UNAVAILABLE,4,,,,
w284637253,Протягайловка,6.214,,27,,,OUTSIDE_DISTANCE_UNAVAILABLE,4,,,,
w284637255,Протягайловка,6.326,,28,,,OUTSIDE_DISTANCE_UNAVAILABLE,4,,,,
w284650843,Парканы,3.791,,18,,,OUTSIDE_DISTANCE_UNAVAILABLE,2,,,,
w284650845,Парканы,3.767,,18,,,OUTSIDE_DISTANCE_UNAVAILABLE,2,,,,
w284650846,Парканы,3.747,,17,,,OUTSIDE_DISTANCE_UNAVAILABLE,2,,,,
w284650849,Парканы,3.716,,17,,,OUTSIDE_DISTANCE_UNAVAILABLE,2,,,,
w284650892,Парканы,4.161,,19,,,OUTSIDE_DISTANCE_UNAVAILABLE,3,,,,
w284651574,Парканы,4.184,,19,,,OUTSIDE_DISTANCE_UNAVAILABLE,3,,,,
w284651576,Парканы,4.152,,19,,,OUTSIDE_DISTANCE_UNAVAILABLE,3,,,,
w284651577,Парканы,4.136,,19,,,OUTSIDE_DISTANCE_UNAVAILABLE,3,,,,
w284651579,Парканы,4.203,,19,,,OUTSIDE_DISTANCE_UNAVAILABLE,3,,,,
w284651581,Парканы,4.221,,19,,,OUTSIDE_DISTANCE_UNAVAILABLE,3,,,,
w284651582,Парканы,4.234,,19,,,OUTSIDE_DISTANCE_UNAVAILABLE,3,,,,
w284652434,Парканы,3.584,,17,,,OUTSIDE_DISTANCE_UNAVAILABLE,2,,,,
w284659754,Парканы,3.997,,18,,,OUTSIDE_DISTANCE_UNAVAILABLE,2,,,,
w284683007,Парканы,6.878,,30,,,OUTSIDE_DISTANCE_UNAVAILABLE,4,,,,
w284686407,Парканы,4.025,,19,,,OUTSIDE_DISTANCE_UNAVAILABLE,2,,,,
w284686408,Парканы,4.015,,19,,,OUTSIDE_DISTANCE_UNAVAILABLE,2,,,,
w284686410,Парканы,4.04,,19,,,OUTSIDE_DISTANCE_UNAVAILABLE,3,,,,
w284686411,Парканы,4.046,,19,,,OUTSIDE_DISTANCE_UNAVAILABLE,3,,,,
w284687489,Парканы,5.327,,24,,,OUTSIDE_DISTANCE_UNAVAILABLE,3,,,,
w284751807,Бендеры,2.525,0.0,14,0,14,CITY_OK,2,18.0,4.0,-1.0,False
w284751808,Бендеры,2.609,0.0,14,0,14,CITY_OK,2,18.0,4.0,-1.0,False
w284829096,Парканы,4.334,,20,,,OUTSIDE_DISTANCE_UNAVAILABLE,3,,,,
w284829100,Парканы,4.359,,20,,,OUTSIDE_DISTANCE_UNAVAILABLE,3,,,,
w284829106,Парканы,4.437,,20,,,OUTSIDE_DISTANCE_UNAVAILABLE,3,,,,
w284829108,Парканы,4.418,,20,,,OUTSIDE_DISTANCE_UNAVAILABLE,3,,,,
w284829110,Парканы,4.397,,20,,,OUTSIDE_DISTANCE_UNAVAILABLE,3,,,,
w284829117,Парканы,4.379,,20,,,OUTSIDE_DISTANCE_UNAVAILABLE,3,,,,
w284829119,Парканы,4.598,,21,,,OUTSIDE_DISTANCE_UNAVAILABLE,3,,,,
w284829120,Парканы,4.731,,21,,,OUTSIDE_DISTANCE_UNAVAILABLE,3,,,,
w284829134,Парканы,7.116,,31,,,OUTSIDE_DISTANCE_UNAVAILABLE,4,,,,
w284981816,Парканы,4.171,,19,,,OUTSIDE_DISTANCE_UNAVAILABLE,3,,,,
w284981817,Парканы,4.181,,19,,,OUTSIDE_DISTANCE_UNAVAILABLE,3,,,,
w284981822,Парканы,4.192,,19,,,OUTSIDE_DISTANCE_UNAVAILABLE,3,,,,
w284981823,Парканы,4.203,,19,,,OUTSIDE_DISTANCE_UNAVAILABLE,3,,,,
w284981827,Парканы,4.219,,19,,,OUTSIDE_DISTANCE_UNAVAILABLE,3,,,,
w284981828,Парканы,4.198,,19,,,OUTSIDE_DISTANCE_UNAVAILABLE,3,,,,
w284981829,Парканы,4.234,,19,,,OUTSIDE_DISTANCE_UNAVAILABLE,3,,,,
w284981831,Парканы,4.258,,20,,,OUTSIDE_DISTANCE_UNAVAILABLE,3,,,,
w284981833,Парканы,4.242,,19,,,OUTSIDE_DISTANCE_UNAVAILABLE,3,,,,
w284981835,Парканы,4.269,,20,,,OUTSIDE_DISTANCE_UNAVAILABLE,3,,,,
w284982243,Парканы,4.274,,20,,,OUTSIDE_DISTANCE_UNAVAILABLE,3,,,,
w284982245,Парканы,4.282,,20,,,OUTSIDE_DISTANCE_UNAVAILABLE,3,,,,
w284982246,Парканы,4.295,,20,,,OUTSIDE_DISTANCE_UNAVAILABLE,3,,,,
w284982249,Парканы,4.295,,20,,,OUTSIDE_DISTANCE_UNAVAILABLE,3,,,,
w284982250,Парканы,4.311,,20,,,OUTSIDE_DISTANCE_UNAVAILABLE,3,,,,
w284982256,Парканы,4.365,,20,,,OUTSIDE_DISTANCE_UNAVAILABLE,3,,,,
w284982259,Парканы,4.32,,20,,,OUTSIDE_DISTANCE_UNAVAILABLE,3,,,,
w284982261,Парканы,4.345,,20,,,OUTSIDE_DISTANCE_UNAVAILABLE,3,,,,
w284982262,Парканы,4.364,,20,,,OUTSIDE_DISTANCE_UNAVAILABLE,3,,,,
w285013139,Бендеры,0.406,0.0,14,0,14,CITY_OK,1,18.0,4.0,-1.0,False
w285017217,Парканы,4.048,,19,,,OUTSIDE_DISTANCE_UNAVAILABLE,3,,,,
w285071411,Бендеры,4.724,0.0,21,0,21,CITY_OK,3,28.34,7.34,2.34,False
w285071413,Бендеры,4.76,0.0,22,0,22,CITY_OK,3,28.56,6.56,1.56,True
w285072091,Бендеры,1.54,0.0,14,0,14,CITY_OK,1,18.0,4.0,-1.0,False
w285072093,Бендеры,1.507,0.0,14,0,14,CITY_OK,1,18.0,4.0,-1.0,False
w285072095,Бендеры,1.575,0.0,14,0,14,CITY_OK,1,18.0,4.0,-1.0,False
w285072097,Бендеры,1.718,0.0,14,0,14,CITY_OK,1,18.0,4.0,-1.0,False
w285072098,Бендеры,1.741,0.0,14,0,14,CITY_OK,1,18.0,4.0,-1.0,False
w285072101,Бендеры,1.536,0.0,14,0,14,CITY_OK,1,18.0,4.0,-1.0,False
w285072103,Бендеры,1.883,0.0,14,0,14,CITY_OK,1,18.0,4.0,-1.0,False
w285072106,Бендеры,1.701,0.0,14,0,14,CITY_OK,1,18.0,4.0,-1.0,False
w285072112,Бендеры,1.7,0.0,14,0,14,CITY_OK,1,18.0,4.0,-1.0,False
w285073235,Бендеры,0.839,0.0,14,0,14,CITY_OK,1,18.0,4.0,-1.0,False
w285073236,Бендеры,1.261,0.0,14,0,14,CITY_OK,1,18.0,4.0,-1.0,False
w285073238,Бендеры,0.805,0.0,14,0,14,CITY_OK,1,18.0,4.0,-1.0,False
w285073241,Бендеры,0.756,0.0,14,0,14,CITY_OK,1,18.0,4.0,-1.0,False
w285073244,Бендеры,1.238,0.0,14,0,14,CITY_OK,1,18.0,4.0,-1.0,False
w285073245,Бендеры,0.923,0.0,14,0,14,CITY_OK,1,18.0,4.0,-1.0,False
w285073246,Бендеры,1.193,0.0,14,0,14,CITY_OK,1,18.0,4.0,-1.0,False
w285073247,Бендеры,0.797,0.0,14,0,14,CITY_OK,1,18.0,4.0,-1.0,False
w285073248,Бендеры,0.761,0.0,14,0,14,CITY_OK,1,18.0,4.0,-1.0,False
w285073250,Бендеры,0.543,0.0,14,0,14,CITY_OK,1,18.0,4.0,-1.0,False
w285073253,Бендеры,0.734,0.0,14,0,14,CITY_OK,1,18.0,4.0,-1.0,False
w285073254,Бендеры,0.805,0.0,14,0,14,CITY_OK,1,18.0,4.0,-1.0,False
w285073257,Бендеры,0.832,0.0,14,0,14,CITY_OK,1,18.0,4.0,-1.0,False
w285073258,Бендеры,0.793,0.0,14,0,14,CITY_OK,1,18.0,4.0,-1.0,False
w285073259,Бендеры,0.85,0.0,14,0,14,CITY_OK,1,18.0,4.0,-1.0,False
w285073260,Бендеры,0.83,0.0,14,0,14,CITY_OK,1,18.0,4.0,-1.0,False
w285073914,Бендеры,0.85,0.0,14,0,14,CITY_OK,1,18.0,4.0,-1.0,False
w285073917,Бендеры,0.803,0.0,14,0,14,CITY_OK,1,18.0,4.0,-1.0,False
w285073923,Бендеры,1.166,0.0,14,0,14,CITY_OK,1,18.0,4.0,-1.0,False
w285073925,Бендеры,1.147,0.0,14,0,14,CITY_OK,1,18.0,4.0,-1.0,False
w285073926,Бендеры,0.978,0.0,14,0,14,CITY_OK,1,18.0,4.0,-1.0,False
w285073928,Бендеры,0.896,0.0,14,0,14,CITY_OK,1,18.0,4.0,-1.0,False
w285073929,Бендеры,0.862,0.0,14,0,14,CITY_OK,1,18.0,4.0,-1.0,False
w285073931,Бендеры,0.871,0.0,14,0,14,CITY_OK,1,18.0,4.0,-1.0,False
w285073932,Бендеры,0.882,0.0,14,0,14,CITY_OK,1,18.0,4.0,-1.0,False
w285074326,Бендеры,1.027,0.0,14,0,14,CITY_OK,1,18.0,4.0,-1.0,False
w285074327,Бендеры,1.027,0.0,14,0,14,CITY_OK,1,18.0,4.0,-1.0,False
w285074328,Бендеры,0.865,0.0,14,0,14,CITY_OK,1,18.0,4.0,-1.0,False
w285191969,Парканы,4.396,,20,,,OUTSIDE_DISTANCE_UNAVAILABLE,3,,,,
w285192064,Парканы,4.201,,19,,,OUTSIDE_DISTANCE_UNAVAILABLE,3,,,,
w285192629,Парканы,4.169,,19,,,OUTSIDE_DISTANCE_UNAVAILABLE,3,,,,
w285193317,Парканы,4.433,,20,,,OUTSIDE_DISTANCE_UNAVAILABLE,3,,,,
w285193318,Парканы,4.418,,20,,,OUTSIDE_DISTANCE_UNAVAILABLE,3,,,,
w285193321,Парканы,4.434,,20,,,OUTSIDE_DISTANCE_UNAVAILABLE,3,,,,
w285193323,Парканы,4.461,,20,,,OUTSIDE_DISTANCE_UNAVAILABLE,3,,,,
w285193324,Парканы,4.457,,20,,,OUTSIDE_DISTANCE_UNAVAILABLE,3,,,,
w285196649,Парканы,5.343,,24,,,OUTSIDE_DISTANCE_UNAVAILABLE,3,,,,
w285196651,Парканы,5.316,,24,,,OUTSIDE_DISTANCE_UNAVAILABLE,3,,,,
w285196652,Парканы,5.336,,24,,,OUTSIDE_DISTANCE_UNAVAILABLE,3,,,,
w285196655,Парканы,5.025,,23,,,OUTSIDE_DISTANCE_UNAVAILABLE,3,,,,
w285196658,Парканы,5.083,,23,,,OUTSIDE_DISTANCE_UNAVAILABLE,3,,,,
w285196662,Парканы,5.094,,23,,,OUTSIDE_DISTANCE_UNAVAILABLE,3,,,,
w285196672,Парканы,5.136,,23,,,OUTSIDE_DISTANCE_UNAVAILABLE,3,,,,
w285196674,Парканы,5.127,,23,,,OUTSIDE_DISTANCE_UNAVAILABLE,3,,,,
w285452242,Парканы,4.247,,19,,,OUTSIDE_DISTANCE_UNAVAILABLE,3,,,,
w285452245,Парканы,4.117,,19,,,OUTSIDE_DISTANCE_UNAVAILABLE,3,,,,
w286134082,Бендеры,0.75,0.0,14,0,14,CITY_OK,1,18.0,4.0,-1.0,False
w286134083,Бендеры,0.698,0.0,14,0,14,CITY_OK,1,18.0,4.0,-1.0,False
w286134084,Бендеры,0.673,0.0,14,0,14,CITY_OK,1,18.0,4.0,-1.0,False
w286134134,Бендеры,0.598,0.0,14,0,14,CITY_OK,1,18.0,4.0,-1.0,False
w286135677,Бендеры,1.118,0.0,14,0,14,CITY_OK,1,18.0,4.0,-1.0,False
w286136333,Бендеры,0.99,0.0,14,0,14,CITY_OK,1,18.0,4.0,-1.0,False
w286137903,Бендеры,0.548,0.0,14,0,14,CITY_OK,1,18.0,4.0,-1.0,False
w286137906,Бендеры,0.562,0.0,14,0,14,CITY_OK,1,18.0,4.0,-1.0,False
w286137907,Бендеры,0.583,0.0,14,0,14,CITY_OK,1,18.0,4.0,-1.0,False
w286138472,Бендеры,0.601,0.0,14,0,14,CITY_OK,1,18.0,4.0,-1.0,False
w286138474,Бендеры,0.629,0.0,14,0,14,CITY_OK,1,18.0,4.0,-1.0,False
w286138715,Бендеры,0.679,0.0,14,0,14,CITY_OK,1,18.0,4.0,-1.0,False
w286138716,Бендеры,0.649,0.0,14,0,14,CITY_OK,1,18.0,4.0,-1.0,False
w286138755,Бендеры,0.599,0.0,14,0,14,CITY_OK,1,18.0,4.0,-1.0,False
w286876155,Парканы,3.718,,17,,,OUTSIDE_DISTANCE_UNAVAILABLE,2,,,,
w287018438,Парканы,4.481,,20,,,OUTSIDE_DISTANCE_UNAVAILABLE,3,,,,
w287018439,Парканы,4.475,,20,,,OUTSIDE_DISTANCE_UNAVAILABLE,3,,,,
w287643876,Парканы,4.062,,19,,,OUTSIDE_DISTANCE_UNAVAILABLE,3,,,,
w287643878,Парканы,4.09,,19,,,OUTSIDE_DISTANCE_UNAVAILABLE,3,,,,
w287643916,Бендеры,0.985,0.0,14,0,14,CITY_OK,1,18.0,4.0,-1.0,False
w287643917,Бендеры,1.0,0.0,14,0,14,CITY_OK,1,18.0,4.0,-1.0,False
w287643919,Бендеры,0.756,0.0,14,0,14,CITY_OK,1,18.0,4.0,-1.0,False
w287722485,Парканы,5.16,,23,,,OUTSIDE_DISTANCE_UNAVAILABLE,3,,,,
w287830913,Парканы,4.508,,21,,,OUTSIDE_DISTANCE_UNAVAILABLE,3,,,,
w287830914,Парканы,4.493,,20,,,OUTSIDE_DISTANCE_UNAVAILABLE,3,,,,
w288392730,Парканы,4.288,,20,,,OUTSIDE_DISTANCE_UNAVAILABLE,3,,,,
w288392731,Парканы,4.279,,20,,,OUTSIDE_DISTANCE_UNAVAILABLE,3,,,,
w288392735,Парканы,4.259,,20,,,OUTSIDE_DISTANCE_UNAVAILABLE,3,,,,
w288392737,Парканы,4.08,,19,,,OUTSIDE_DISTANCE_UNAVAILABLE,3,,,,
w288392738,Парканы,4.115,,19,,,OUTSIDE_DISTANCE_UNAVAILABLE,3,,,,
w288392819,Парканы,4.131,,19,,,OUTSIDE_DISTANCE_UNAVAILABLE,3,,,,
w288392881,Парканы,4.143,,19,,,OUTSIDE_DISTANCE_UNAVAILABLE,3,,,,
w288717191,Бендеры,0.892,0.0,14,0,14,CITY_OK,1,18.0,4.0,-1.0,False
w288717192,Бендеры,0.91,0.0,14,0,14,CITY_OK,1,18.0,4.0,-1.0,False
w288717198,Бендеры,0.561,0.0,14,0,14,CITY_OK,1,18.0,4.0,-1.0,False
w288717202,Бендеры,0.587,0.0,14,0,14,CITY_OK,1,18.0,4.0,-1.0,False
w288717205,Бендеры,0.488,0.0,14,0,14,CITY_OK,1,18.0,4.0,-1.0,False
w288717207,Бендеры,0.131,0.0,14,0,14,CITY_OK,1,18.0,4.0,-1.0,False
w288717219,Бендеры,0.676,0.0,14,0,14,CITY_OK,1,18.0,4.0,-1.0,False
w288717223,Бендеры,0.645,0.0,14,0,14,CITY_OK,1,18.0,4.0,-1.0,False
w288717225,Бендеры,0.684,0.0,14,0,14,CITY_OK,1,18.0,4.0,-1.0,False
w288717229,Бендеры,1.194,0.0,14,0,14,CITY_OK,1,18.0,4.0,-1.0,False
w288717231,Бендеры,0.733,0.0,14,0,14,CITY_OK,1,18.0,4.0,-1.0,False
w289022006,Бендеры,1.137,0.0,14,0,14,CITY_OK,1,18.0,4.0,-1.0,False
w289022007,Бендеры,1.206,0.0,14,0,14,CITY_OK,1,18.0,4.0,-1.0,False
w289022008,Бендеры,1.165,0.0,14,0,14,CITY_OK,1,18.0,4.0,-1.0,False
w289022009,Бендеры,1.12,0.0,14,0,14,CITY_OK,1,18.0,4.0,-1.0,False
w289022010,Бендеры,1.428,0.0,14,0,14,CITY_OK,1,18.0,4.0,-1.0,False
w289022011,Бендеры,1.196,0.0,14,0,14,CITY_OK,1,18.0,4.0,-1.0,False
w289022012,Бендеры,1.168,0.0,14,0,14,CITY_OK,1,18.0,4.0,-1.0,False
w289022014,Бендеры,1.476,0.0,14,0,14,CITY_OK,1,18.0,4.0,-1.0,False
w289022015,Бендеры,1.452,0.0,14,0,14,CITY_OK,1,18.0,4.0,-1.0,False
w289022017,Бендеры,1.046,0.0,14,0,14,CITY_OK,1,18.0,4.0,-1.0,False
w289022018,Бендеры,1.409,0.0,14,0,14,CITY_OK,1,18.0,4.0,-1.0,False
w289100545,Бендеры,1.176,0.0,14,0,14,CITY_OK,1,18.0,4.0,-1.0,False
w289100546,Бендеры,1.141,0.0,14,0,14,CITY_OK,1,18.0,4.0,-1.0,False
w289100547,Бендеры,1.114,0.0,14,0,14,CITY_OK,1,18.0,4.0,-1.0,False
w289100548,Бендеры,1.093,0.0,14,0,14,CITY_OK,1,18.0,4.0,-1.0,False
w289100549,Бендеры,1.041,0.0,14,0,14,CITY_OK,1,18.0,4.0,-1.0,False
w289100551,Бендеры,0.956,0.0,14,0,14,CITY_OK,1,18.0,4.0,-1.0,False
w289100567,Бендеры,0.61,0.0,14,0,14,CITY_OK,1,18.0,4.0,-1.0,False
w289102408,Бендеры,0.627,0.0,14,0,14,CITY_OK,1,18.0,4.0,-1.0,False
w289102409,Бендеры,0.643,0.0,14,0,14,CITY_OK,1,18.0,4.0,-1.0,False
w289102410,Бендеры,0.668,0.0,14,0,14,CITY_OK,1,18.0,4.0,-1.0,False
w289102411,Бендеры,0.602,0.0,14,0,14,CITY_OK,1,18.0,4.0,-1.0,False
w289102413,Бендеры,0.643,0.0,14,0,14,CITY_OK,1,18.0,4.0,-1.0,False
w289102414,Бендеры,0.666,0.0,14,0,14,CITY_OK,1,18.0,4.0,-1.0,False
w289102415,Бендеры,0.683,0.0,14,0,14,CITY_OK,1,18.0,4.0,-1.0,False
w289102419,Бендеры,0.457,0.0,14,0,14,CITY_OK,1,18.0,4.0,-1.0,False
w289102420,Бендеры,0.487,0.0,14,0,14,CITY_OK,1,18.0,4.0,-1.0,False
w289102421,Бендеры,0.8,0.0,14,0,14,CITY_OK,1,18.0,4.0,-1.0,False
w289102422,Бендеры,0.511,0.0,14,0,14,CITY_OK,1,18.0,4.0,-1.0,False
w289102423,Бендеры,0.527,0.0,14,0,14,CITY_OK,1,18.0,4.0,-1.0,False
w289102546,Бендеры,0.775,0.0,14,0,14,CITY_OK,1,18.0,4.0,-1.0,False
w289102547,Бендеры,0.796,0.0,14,0,14,CITY_OK,1,18.0,4.0,-1.0,False
w289102548,Бендеры,0.702,0.0,14,0,14,CITY_OK,1,18.0,4.0,-1.0,False
w289102552,Бендеры,0.638,0.0,14,0,14,CITY_OK,1,18.0,4.0,-1.0,False
w289999059,Бендеры,0.884,0.0,14,0,14,CITY_OK,1,18.0,4.0,-1.0,False
w290295803,Бендеры,1.018,0.0,14,0,14,CITY_OK,1,18.0,4.0,-1.0,False
w290295804,Бендеры,0.976,0.0,14,0,14,CITY_OK,1,18.0,4.0,-1.0,False
w290295805,Бендеры,0.992,0.0,14,0,14,CITY_OK,1,18.0,4.0,-1.0,False
w290295809,Бендеры,1.016,0.0,14,0,14,CITY_OK,1,18.0,4.0,-1.0,False
w290295811,Бендеры,1.032,0.0,14,0,14,CITY_OK,1,18.0,4.0,-1.0,False
w290295813,Бендеры,0.989,0.0,14,0,14,CITY_OK,1,18.0,4.0,-1.0,False
w290295816,Бендеры,1.006,0.0,14,0,14,CITY_OK,1,18.0,4.0,-1.0,False
w290295817,Бендеры,1.02,0.0,14,0,14,CITY_OK,1,18.0,4.0,-1.0,False
w290295829,Бендеры,0.503,0.0,14,0,14,CITY_OK,1,18.0,4.0,-1.0,False
w290295841,Бендеры,0.91,0.0,14,0,14,CITY_OK,1,18.0,4.0,-1.0,False
w290326312,Бендеры,0.66,0.0,14,0,14,CITY_OK,1,18.0,4.0,-1.0,False
w290326317,Бендеры,0.668,0.0,14,0,14,CITY_OK,1,18.0,4.0,-1.0,False
w290326318,Бендеры,0.605,0.0,14,0,14,CITY_OK,1,18.0,4.0,-1.0,False
w290326319,Бендеры,0.617,0.0,14,0,14,CITY_OK,1,18.0,4.0,-1.0,False
w290326320,Бендеры,0.637,0.0,14,0,14,CITY_OK,1,18.0,4.0,-1.0,False
w290326321,Бендеры,0.687,0.0,14,0,14,CITY_OK,1,18.0,4.0,-1.0,False
w290326323,Бендеры,0.603,0.0,14,0,14,CITY_OK,1,18.0,4.0,-1.0,False
w290326324,Бендеры,0.492,0.0,14,0,14,CITY_OK,1,18.0,4.0,-1.0,False
w290326325,Бендеры,1.383,0.0,14,0,14,CITY_OK,1,18.0,4.0,-1.0,False
w290326327,Бендеры,1.363,0.0,14,0,14,CITY_OK,1,18.0,4.0,-1.0,False
w290326328,Бендеры,1.247,0.0,14,0,14,CITY_OK,1,18.0,4.0,-1.0,False
w290326329,Бендеры,1.227,0.0,14,0,14,CITY_OK,1,18.0,4.0,-1.0,False
w290326330,Бендеры,1.201,0.0,14,0,14,CITY_OK,1,18.0,4.0,-1.0,False
w290334241,Бендеры,1.089,0.0,14,0,14,CITY_OK,1,18.0,4.0,-1.0,False
w290334242,Бендеры,1.058,0.0,14,0,14,CITY_OK,1,18.0,4.0,-1.0,False
w290334244,Бендеры,1.071,0.0,14,0,14,CITY_OK,1,18.0,4.0,-1.0,False
w290334247,Бендеры,1.127,0.0,14,0,14,CITY_OK,1,18.0,4.0,-1.0,False
w290334248,Бендеры,1.21,0.0,14,0,14,CITY_OK,1,18.0,4.0,-1.0,False
w290334249,Бендеры,1.229,0.0,14,0,14,CITY_OK,1,18.0,4.0,-1.0,False
w290334252,Бендеры,1.036,0.0,14,0,14,CITY_OK,1,18.0,4.0,-1.0,False
w290334258,Бендеры,1.408,0.0,14,0,14,CITY_OK,1,18.0,4.0,-1.0,False
w290334259,Бендеры,1.188,0.0,14,0,14,CITY_OK,1,18.0,4.0,-1.0,False
w290334260,Бендеры,1.021,0.0,14,0,14,CITY_OK,1,18.0,4.0,-1.0,False
w290334261,Бендеры,0.908,0.0,14,0,14,CITY_OK,1,18.0,4.0,-1.0,False
w290334267,Бендеры,1.048,0.0,14,0,14,CITY_OK,1,18.0,4.0,-1.0,False
w290334269,Бендеры,1.03,0.0,14,0,14,CITY_OK,1,18.0,4.0,-1.0,False
w290334270,Бендеры,0.962,0.0,14,0,14,CITY_OK,1,18.0,4.0,-1.0,False
w290334271,Бендеры,0.986,0.0,14,0,14,CITY_OK,1,18.0,4.0,-1.0,False
w290334272,Бендеры,1.004,0.0,14,0,14,CITY_OK,1,18.0,4.0,-1.0,False
w290334276,Бендеры,1.274,0.0,14,0,14,CITY_OK,1,18.0,4.0,-1.0,False
w290334277,Бендеры,1.291,0.0,14,0,14,CITY_OK,1,18.0,4.0,-1.0,False
w290334286,Бендеры,0.472,0.0,14,0,14,CITY_OK,1,18.0,4.0,-1.0,False
w290334287,Бендеры,0.488,0.0,14,0,14,CITY_OK,1,18.0,4.0,-1.0,False
w290334289,Бендеры,0.509,0.0,14,0,14,CITY_OK,1,18.0,4.0,-1.0,False
w290334290,Бендеры,0.512,0.0,14,0,14,CITY_OK,1,18.0,4.0,-1.0,False
w290334291,Бендеры,0.899,0.0,14,0,14,CITY_OK,1,18.0,4.0,-1.0,False
w290334293,Бендеры,0.612,0.0,14,0,14,CITY_OK,1,18.0,4.0,-1.0,False
w290334294,Бендеры,0.775,0.0,14,0,14,CITY_OK,1,18.0,4.0,-1.0,False
w290334295,Бендеры,0.798,0.0,14,0,14,CITY_OK,1,18.0,4.0,-1.0,False
w290334297,Бендеры,0.825,0.0,14,0,14,CITY_OK,1,18.0,4.0,-1.0,False
w290334301,Бендеры,1.093,0.0,14,0,14,CITY_OK,1,18.0,4.0,-1.0,False
w290334303,Бендеры,1.08,0.0,14,0,14,CITY_OK,1,18.0,4.0,-1.0,False
w290334304,Бендеры,1.056,0.0,14,0,14,CITY_OK,1,18.0,4.0,-1.0,False
w290334307,Бендеры,1.032,0.0,14,0,14,CITY_OK,1,18.0,4.0,-1.0,False
w290334308,Бендеры,1.042,0.0,14,0,14,CITY_OK,1,18.0,4.0,-1.0,False
w290336188,Бендеры,1.013,0.0,14,0,14,CITY_OK,1,18.0,4.0,-1.0,False
w290336191,Бендеры,1.004,0.0,14,0,14,CITY_OK,1,18.0,4.0,-1.0,False
w290336193,Бендеры,1.287,0.0,14,0,14,CITY_OK,1,18.0,4.0,-1.0,False
w290336602,Бендеры,1.368,0.0,14,0,14,CITY_OK,1,18.0,4.0,-1.0,False
w290336603,Бендеры,1.261,0.0,14,0,14,CITY_OK,1,18.0,4.0,-1.0,False
w290336605,Бендеры,1.224,0.0,14,0,14,CITY_OK,1,18.0,4.0,-1.0,False
w290851732,Бендеры,0.92,0.0,14,0,14,CITY_OK,1,18.0,4.0,-1.0,False
w290851733,Бендеры,1.297,0.0,14,0,14,CITY_OK,1,18.0,4.0,-1.0,False
w290851735,Бендеры,1.32,0.0,14,0,14,CITY_OK,1,18.0,4.0,-1.0,False
w290851737,Бендеры,1.184,0.0,14,0,14,CITY_OK,1,18.0,4.0,-1.0,False
w290851742,Бендеры,0.964,0.0,14,0,14,CITY_OK,1,18.0,4.0,-1.0,False
w290851748,Бендеры,1.046,0.0,14,0,14,CITY_OK,1,18.0,4.0,-1.0,False
w290885033,Бендеры,0.94,0.0,14,0,14,CITY_OK,1,18.0,4.0,-1.0,False
w291294913,Бендеры,0.795,0.0,14,0,14,CITY_OK,1,18.0,4.0,-1.0,False
w291294914,Бендеры,0.773,0.0,14,0,14,CITY_OK,1,18.0,4.0,-1.0,False
w291294915,Бендеры,0.735,0.0,14,0,14,CITY_OK,1,18.0,4.0,-1.0,False
w291294916,Бендеры,0.311,0.0,14,0,14,CITY_OK,1,18.0,4.0,-1.0,False
w291294918,Бендеры,0.297,0.0,14,0,14,CITY_OK,1,18.0,4.0,-1.0,False
w291296565,Бендеры,0.711,0.0,14,0,14,CITY_OK,1,18.0,4.0,-1.0,False
w291296567,Бендеры,0.806,0.0,14,0,14,CITY_OK,1,18.0,4.0,-1.0,False
w291296569,Бендеры,0.936,0.0,14,0,14,CITY_OK,1,18.0,4.0,-1.0,False
w291296578,Бендеры,0.719,0.0,14,0,14,CITY_OK,1,18.0,4.0,-1.0,False
w291377830,Бендеры,1.059,0.0,14,0,14,CITY_OK,1,18.0,4.0,-1.0,False
w291377832,Бендеры,1.152,0.0,14,0,14,CITY_OK,1,18.0,4.0,-1.0,False
w291377833,Бендеры,1.016,0.0,14,0,14,CITY_OK,1,18.0,4.0,-1.0,False
w291377835,Бендеры,1.134,0.0,14,0,14,CITY_OK,1,18.0,4.0,-1.0,False
w291377836,Бендеры,1.152,0.0,14,0,14,CITY_OK,1,18.0,4.0,-1.0,False
w291377837,Бендеры,1.009,0.0,14,0,14,CITY_OK,1,18.0,4.0,-1.0,False
w291377839,Бендеры,0.991,0.0,14,0,14,CITY_OK,1,18.0,4.0,-1.0,False
w291377841,Бендеры,0.975,0.0,14,0,14,CITY_OK,1,18.0,4.0,-1.0,False
w291377842,Бендеры,0.959,0.0,14,0,14,CITY_OK,1,18.0,4.0,-1.0,False
w291377845,Бендеры,1.001,0.0,14,0,14,CITY_OK,1,18.0,4.0,-1.0,False
w291377846,Бендеры,0.978,0.0,14,0,14,CITY_OK,1,18.0,4.0,-1.0,False
w291377847,Бендеры,0.997,0.0,14,0,14,CITY_OK,1,18.0,4.0,-1.0,False
w291377853,Бендеры,1.044,0.0,14,0,14,CITY_OK,1,18.0,4.0,-1.0,False
w291423975,Бендеры,1.224,0.0,14,0,14,CITY_OK,1,18.0,4.0,-1.0,False
w291423977,Бендеры,1.256,0.0,14,0,14,CITY_OK,1,18.0,4.0,-1.0,False
w291423988,Бендеры,1.289,0.0,14,0,14,CITY_OK,1,18.0,4.0,-1.0,False
w291423990,Бендеры,1.216,0.0,14,0,14,CITY_OK,1,18.0,4.0,-1.0,False
w291423996,Бендеры,1.215,0.0,14,0,14,CITY_OK,1,18.0,4.0,-1.0,False
w291423999,Бендеры,1.247,0.0,14,0,14,CITY_OK,1,18.0,4.0,-1.0,False
w291424001,Бендеры,1.232,0.0,14,0,14,CITY_OK,1,18.0,4.0,-1.0,False
w291424305,Бендеры,0.951,0.0,14,0,14,CITY_OK,1,18.0,4.0,-1.0,False
w291424307,Бендеры,0.929,0.0,14,0,14,CITY_OK,1,18.0,4.0,-1.0,False
w291424309,Бендеры,0.977,0.0,14,0,14,CITY_OK,1,18.0,4.0,-1.0,False
w291424334,Бендеры,0.716,0.0,14,0,14,CITY_OK,1,18.0,4.0,-1.0,False
w291424372,Бендеры,0.694,0.0,14,0,14,CITY_OK,1,18.0,4.0,-1.0,False
w291431956,Бендеры,0.842,0.0,14,0,14,CITY_OK,1,18.0,4.0,-1.0,False
w291431957,Бендеры,0.864,0.0,14,0,14,CITY_OK,1,18.0,4.0,-1.0,False
w291432103,Бендеры,1.108,0.0,14,0,14,CITY_OK,1,18.0,4.0,-1.0,False
w291432267,Бендеры,0.892,0.0,14,0,14,CITY_OK,1,18.0,4.0,-1.0,False
w291432269,Бендеры,0.809,0.0,14,0,14,CITY_OK,1,18.0,4.0,-1.0,False
w291432271,Бендеры,0.771,0.0,14,0,14,CITY_OK,1,18.0,4.0,-1.0,False
w291432273,Бендеры,0.702,0.0,14,0,14,CITY_OK,1,18.0,4.0,-1.0,False
w291432274,Бендеры,0.719,0.0,14,0,14,CITY_OK,1,18.0,4.0,-1.0,False
w291432277,Бендеры,0.75,0.0,14,0,14,CITY_OK,1,18.0,4.0,-1.0,False
w291721549,Бендеры,1.021,0.0,14,0,14,CITY_OK,1,18.0,4.0,-1.0,False
w291721550,Бендеры,1.001,0.0,14,0,14,CITY_OK,1,18.0,4.0,-1.0,False
w291721551,Бендеры,0.986,0.0,14,0,14,CITY_OK,1,18.0,4.0,-1.0,False
w291721552,Бендеры,0.92,0.0,14,0,14,CITY_OK,1,18.0,4.0,-1.0,False
w291721553,Бендеры,0.964,0.0,14,0,14,CITY_OK,1,18.0,4.0,-1.0,False
w291721558,Бендеры,0.743,0.0,14,0,14,CITY_OK,1,18.0,4.0,-1.0,False
w291721560,Бендеры,0.759,0.0,14,0,14,CITY_OK,1,18.0,4.0,-1.0,False
w291721562,Бендеры,0.784,0.0,14,0,14,CITY_OK,1,18.0,4.0,-1.0,False
w291721567,Бендеры,0.979,0.0,14,0,14,CITY_OK,1,18.0,4.0,-1.0,False
w291721568,Бендеры,0.95,0.0,14,0,14,CITY_OK,1,18.0,4.0,-1.0,False
w292041218,Бендеры,0.583,0.0,14,0,14,CITY_OK,1,18.0,4.0,-1.0,False
w292041225,Бендеры,0.878,0.0,14,0,14,CITY_OK,1,18.0,4.0,-1.0,False
w292041227,Бендеры,0.995,0.0,14,0,14,CITY_OK,1,18.0,4.0,-1.0,False
w292041229,Бендеры,1.189,0.0,14,0,14,CITY_OK,1,18.0,4.0,-1.0,False
w292101885,Бендеры,1.282,0.0,14,0,14,CITY_OK,1,18.0,4.0,-1.0,False
w292101887,Бендеры,1.059,0.0,14,0,14,CITY_OK,1,18.0,4.0,-1.0,False
w292101890,Бендеры,1.149,0.0,14,0,14,CITY_OK,1,18.0,4.0,-1.0,False
w292101891,Бендеры,1.007,0.0,14,0,14,CITY_OK,1,18.0,4.0,-1.0,False
w292101892,Бендеры,1.035,0.0,14,0,14,CITY_OK,1,18.0,4.0,-1.0,False
w292101894,Бендеры,0.987,0.0,14,0,14,CITY_OK,1,18.0,4.0,-1.0,False
w292460883,Бендеры,0.659,0.0,14,0,14,CITY_OK,1,18.0,4.0,-1.0,False
w292460884,Бендеры,0.678,0.0,14,0,14,CITY_OK,1,18.0,4.0,-1.0,False
w292900977,Бендеры,1.632,0.0,14,0,14,CITY_OK,1,18.0,4.0,-1.0,False
w292900978,Бендеры,1.651,0.0,14,0,14,CITY_OK,1,18.0,4.0,-1.0,False
w292900980,Бендеры,1.719,0.0,14,0,14,CITY_OK,1,18.0,4.0,-1.0,False
w293173067,Бендеры,1.737,0.0,14,0,14,CITY_OK,1,18.0,4.0,-1.0,False
w293173072,Бендеры,1.866,0.0,14,0,14,CITY_OK,1,18.0,4.0,-1.0,False
w293173073,Бендеры,1.792,0.0,14,0,14,CITY_OK,1,18.0,4.0,-1.0,False
w293173075,Бендеры,1.767,0.0,14,0,14,CITY_OK,1,18.0,4.0,-1.0,False
w293173091,Бендеры,1.637,0.0,14,0,14,CITY_OK,1,18.0,4.0,-1.0,False
w293173092,Бендеры,1.669,0.0,14,0,14,CITY_OK,1,18.0,4.0,-1.0,False
w293173094,Бендеры,1.651,0.0,14,0,14,CITY_OK,1,18.0,4.0,-1.0,False
w293173095,Бендеры,0.982,0.0,14,0,14,CITY_OK,1,18.0,4.0,-1.0,False
w293173097,Бендеры,0.572,0.0,14,0,14,CITY_OK,1,18.0,4.0,-1.0,False
w293173098,Бендеры,0.588,0.0,14,0,14,CITY_OK,1,18.0,4.0,-1.0,False
w293173105,Бендеры,0.6,0.0,14,0,14,CITY_OK,1,18.0,4.0,-1.0,False
w293713540,Бендеры,0.708,0.0,14,0,14,CITY_OK,1,18.0,4.0,-1.0,False
w293713542,Бендеры,1.078,0.0,14,0,14,CITY_OK,1,18.0,4.0,-1.0,False
w293713543,Бендеры,0.813,0.0,14,0,14,CITY_OK,1,18.0,4.0,-1.0,False
w293713544,Бендеры,0.542,0.0,14,0,14,CITY_OK,1,18.0,4.0,-1.0,False
w293713545,Бендеры,0.552,0.0,14,0,14,CITY_OK,1,18.0,4.0,-1.0,False
w293713877,Бендеры,0.502,0.0,14,0,14,CITY_OK,1,18.0,4.0,-1.0,False
w293713879,Бендеры,0.647,0.0,14,0,14,CITY_OK,1,18.0,4.0,-1.0,False
w293713880,Бендеры,0.665,0.0,14,0,14,CITY_OK,1,18.0,4.0,-1.0,False
w293713881,Бендеры,0.668,0.0,14,0,14,CITY_OK,1,18.0,4.0,-1.0,False
w293713883,Бендеры,0.693,0.0,14,0,14,CITY_OK,1,18.0,4.0,-1.0,False
w293713884,Бендеры,0.705,0.0,14,0,14,CITY_OK,1,18.0,4.0,-1.0,False
w293715050,Бендеры,0.775,0.0,14,0,14,CITY_OK,1,18.0,4.0,-1.0,False
w293715055,Бендеры,0.719,0.0,14,0,14,CITY_OK,1,18.0,4.0,-1.0,False
w293715056,Бендеры,0.733,0.0,14,0,14,CITY_OK,1,18.0,4.0,-1.0,False
w293715059,Бендеры,0.762,0.0,14,0,14,CITY_OK,1,18.0,4.0,-1.0,False
w293715060,Бендеры,0.784,0.0,14,0,14,CITY_OK,1,18.0,4.0,-1.0,False
w294043065,Парканы,4.15,,19,,,OUTSIDE_DISTANCE_UNAVAILABLE,3,,,,
w294043068,Парканы,4.169,,19,,,OUTSIDE_DISTANCE_UNAVAILABLE,3,,,,
w294043073,Парканы,4.196,,19,,,OUTSIDE_DISTANCE_UNAVAILABLE,3,,,,
w294043076,Парканы,4.221,,19,,,OUTSIDE_DISTANCE_UNAVAILABLE,3,,,,
w294043077,Парканы,4.237,,19,,,OUTSIDE_DISTANCE_UNAVAILABLE,3,,,,
w294074601,Бендеры,0.93,0.0,14,0,14,CITY_OK,1,18.0,4.0,-1.0,False
w294680388,Бендеры,1.049,0.0,14,0,14,CITY_OK,1,18.0,4.0,-1.0,False
w294680389,Бендеры,1.069,0.0,14,0,14,CITY_OK,1,18.0,4.0,-1.0,False
w294680392,Бендеры,0.742,0.0,14,0,14,CITY_OK,1,18.0,4.0,-1.0,False
w294680393,Бендеры,0.759,0.0,14,0,14,CITY_OK,1,18.0,4.0,-1.0,False
w294680394,Бендеры,0.771,0.0,14,0,14,CITY_OK,1,18.0,4.0,-1.0,False
w294680395,Бендеры,0.784,0.0,14,0,14,CITY_OK,1,18.0,4.0,-1.0,False
w294680397,Бендеры,0.879,0.0,14,0,14,CITY_OK,1,18.0,4.0,-1.0,False
w294942534,Парканы,4.473,,20,,,OUTSIDE_DISTANCE_UNAVAILABLE,3,,,,
w294956273,Парканы,4.501,,21,,,OUTSIDE_DISTANCE_UNAVAILABLE,3,,,,
w294956276,Парканы,4.535,,21,,,OUTSIDE_DISTANCE_UNAVAILABLE,3,,,,
w294956277,Парканы,4.582,,21,,,OUTSIDE_DISTANCE_UNAVAILABLE,3,,,,
w294956278,Парканы,4.568,,21,,,OUTSIDE_DISTANCE_UNAVAILABLE,3,,,,
w294963846,Парканы,3.738,,17,,,OUTSIDE_DISTANCE_UNAVAILABLE,2,,,,
w295003771,Бендеры,1.063,0.0,14,0,14,CITY_OK,1,18.0,4.0,-1.0,False
w295003772,Бендеры,1.046,0.0,14,0,14,CITY_OK,1,18.0,4.0,-1.0,False
w295003774,Бендеры,1.036,0.0,14,0,14,CITY_OK,1,18.0,4.0,-1.0,False
w295003775,Бендеры,1.02,0.0,14,0,14,CITY_OK,1,18.0,4.0,-1.0,False
w295003778,Бендеры,0.905,0.0,14,0,14,CITY_OK,1,18.0,4.0,-1.0,False
w295003779,Бендеры,0.924,0.0,14,0,14,CITY_OK,1,18.0,4.0,-1.0,False
w295003780,Бендеры,0.945,0.0,14,0,14,CITY_OK,1,18.0,4.0,-1.0,False
w295003782,Бендеры,0.996,0.0,14,0,14,CITY_OK,1,18.0,4.0,-1.0,False
w295003786,Бендеры,1.042,0.0,14,0,14,CITY_OK,1,18.0,4.0,-1.0,False
w295003788,Бендеры,1.149,0.0,14,0,14,CITY_OK,1,18.0,4.0,-1.0,False
w295003790,Бендеры,1.06,0.0,14,0,14,CITY_OK,1,18.0,4.0,-1.0,False
w295003791,Бендеры,1.009,0.0,14,0,14,CITY_OK,1,18.0,4.0,-1.0,False
w295003794,Бендеры,0.973,0.0,14,0,14,CITY_OK,1,18.0,4.0,-1.0,False
w295004044,Бендеры,0.949,0.0,14,0,14,CITY_OK,1,18.0,4.0,-1.0,False
w295004046,Бендеры,0.985,0.0,14,0,14,CITY_OK,1,18.0,4.0,-1.0,False
w295004054,Бендеры,0.896,0.0,14,0,14,CITY_OK,1,18.0,4.0,-1.0,False
w295004059,Бендеры,0.904,0.0,14,0,14,CITY_OK,1,18.0,4.0,-1.0,False
w295009405,Бендеры,2.435,0.0,14,0,14,CITY_OK,2,18.0,4.0,-1.0,False
w295009406,Бендеры,2.41,0.0,14,0,14,CITY_OK,2,18.0,4.0,-1.0,False
w295009407,Бендеры,2.393,0.0,14,0,14,CITY_OK,2,18.0,4.0,-1.0,False
w295020165,Бендеры,0.491,0.0,14,0,14,CITY_OK,1,18.0,4.0,-1.0,False
w295020170,Бендеры,1.378,0.0,14,0,14,CITY_OK,1,18.0,4.0,-1.0,False
w295020171,Бендеры,0.564,0.0,14,0,14,CITY_OK,1,18.0,4.0,-1.0,False
w295020172,Бендеры,0.575,0.0,14,0,14,CITY_OK,1,18.0,4.0,-1.0,False
w295020173,Бендеры,0.585,0.0,14,0,14,CITY_OK,1,18.0,4.0,-1.0,False
w295020174,Бендеры,0.601,0.0,14,0,14,CITY_OK,1,18.0,4.0,-1.0,False
w295020177,Бендеры,0.614,0.0,14,0,14,CITY_OK,1,18.0,4.0,-1.0,False
w295020179,Бендеры,0.636,0.0,14,0,14,CITY_OK,1,18.0,4.0,-1.0,False
w295020180,Бендеры,0.647,0.0,14,0,14,CITY_OK,1,18.0,4.0,-1.0,False
w295020182,Бендеры,0.663,0.0,14,0,14,CITY_OK,1,18.0,4.0,-1.0,False
w295020183,Бендеры,0.673,0.0,14,0,14,CITY_OK,1,18.0,4.0,-1.0,False
w295020184,Бендеры,0.687,0.0,14,0,14,CITY_OK,1,18.0,4.0,-1.0,False
w295020189,Бендеры,0.817,0.0,14,0,14,CITY_OK,1,18.0,4.0,-1.0,False
w295020775,Бендеры,0.696,0.0,14,0,14,CITY_OK,1,18.0,4.0,-1.0,False
w295020776,Бендеры,0.709,0.0,14,0,14,CITY_OK,1,18.0,4.0,-1.0,False
w295020777,Бендеры,0.739,0.0,14,0,14,CITY_OK,1,18.0,4.0,-1.0,False
w295020778,Бендеры,0.831,0.0,14,0,14,CITY_OK,1,18.0,4.0,-1.0,False
w295020779,Бендеры,0.844,0.0,14,0,14,CITY_OK,1,18.0,4.0,-1.0,False
w295022295,Бендеры,0.867,0.0,14,0,14,CITY_OK,1,18.0,4.0,-1.0,False
w295025850,Бендеры,0.736,0.0,14,0,14,CITY_OK,1,18.0,4.0,-1.0,False
w295025851,Бендеры,0.748,0.0,14,0,14,CITY_OK,1,18.0,4.0,-1.0,False
w295025852,Бендеры,0.908,0.0,14,0,14,CITY_OK,1,18.0,4.0,-1.0,False
w295025853,Бендеры,0.925,0.0,14,0,14,CITY_OK,1,18.0,4.0,-1.0,False
w295025854,Бендеры,0.911,0.0,14,0,14,CITY_OK,1,18.0,4.0,-1.0,False
w295025855,Бендеры,0.945,0.0,14,0,14,CITY_OK,1,18.0,4.0,-1.0,False
w295025857,Бендеры,0.907,0.0,14,0,14,CITY_OK,1,18.0,4.0,-1.0,False
w295025861,Бендеры,1.004,0.0,14,0,14,CITY_OK,1,18.0,4.0,-1.0,False
w295025862,Бендеры,1.021,0.0,14,0,14,CITY_OK,1,18.0,4.0,-1.0,False
w295025865,Бендеры,1.044,0.0,14,0,14,CITY_OK,1,18.0,4.0,-1.0,False
w295025866,Бендеры,1.061,0.0,14,0,14,CITY_OK,1,18.0,4.0,-1.0,False
w295025867,Бендеры,1.085,0.0,14,0,14,CITY_OK,1,18.0,4.0,-1.0,False
w295025870,Бендеры,1.095,0.0,14,0,14,CITY_OK,1,18.0,4.0,-1.0,False
w295025871,Бендеры,1.109,0.0,14,0,14,CITY_OK,1,18.0,4.0,-1.0,False
w295025872,Бендеры,1.197,0.0,14,0,14,CITY_OK,1,18.0,4.0,-1.0,False
w295025877,Бендеры,1.125,0.0,14,0,14,CITY_OK,1,18.0,4.0,-1.0,False
w295025878,Бендеры,1.154,0.0,14,0,14,CITY_OK,1,18.0,4.0,-1.0,False
w295025879,Бендеры,1.227,0.0,14,0,14,CITY_OK,1,18.0,4.0,-1.0,False
w295025880,Бендеры,1.111,0.0,14,0,14,CITY_OK,1,18.0,4.0,-1.0,False
w295025882,Бендеры,1.017,0.0,14,0,14,CITY_OK,1,18.0,4.0,-1.0,False
w295025883,Бендеры,1.016,0.0,14,0,14,CITY_OK,1,18.0,4.0,-1.0,False
w295025884,Бендеры,0.813,0.0,14,0,14,CITY_OK,1,18.0,4.0,-1.0,False
w295025885,Бендеры,0.798,0.0,14,0,14,CITY_OK,1,18.0,4.0,-1.0,False
w295025886,Бендеры,0.779,0.0,14,0,14,CITY_OK,1,18.0,4.0,-1.0,False
w295025887,Бендеры,0.761,0.0,14,0,14,CITY_OK,1,18.0,4.0,-1.0,False
w295025888,Бендеры,0.896,0.0,14,0,14,CITY_OK,1,18.0,4.0,-1.0,False
w295025890,Бендеры,0.844,0.0,14,0,14,CITY_OK,1,18.0,4.0,-1.0,False
w295026687,Бендеры,0.721,0.0,14,0,14,CITY_OK,1,18.0,4.0,-1.0,False
w295026689,Бендеры,0.75,0.0,14,0,14,CITY_OK,1,18.0,4.0,-1.0,False
w295026690,Бендеры,0.738,0.0,14,0,14,CITY_OK,1,18.0,4.0,-1.0,False
w295026693,Бендеры,0.769,0.0,14,0,14,CITY_OK,1,18.0,4.0,-1.0,False
w295026695,Бендеры,0.786,0.0,14,0,14,CITY_OK,1,18.0,4.0,-1.0,False
w295026705,Бендеры,1.21,0.0,14,0,14,CITY_OK,1,18.0,4.0,-1.0,False
w295026708,Бендеры,1.187,0.0,14,0,14,CITY_OK,1,18.0,4.0,-1.0,False
w295026709,Бендеры,1.167,0.0,14,0,14,CITY_OK,1,18.0,4.0,-1.0,False
w295026710,Бендеры,1.318,0.0,14,0,14,CITY_OK,1,18.0,4.0,-1.0,False
w295027082,Бендеры,1.645,0.0,14,0,14,CITY_OK,1,18.0,4.0,-1.0,False
w295027389,Бендеры,1.627,0.0,14,0,14,CITY_OK,1,18.0,4.0,-1.0,False
w295027462,Бендеры,1.612,0.0,14,0,14,CITY_OK,1,18.0,4.0,-1.0,False
w295027665,Бендеры,1.603,0.0,14,0,14,CITY_OK,1,18.0,4.0,-1.0,False
w295028196,Бендеры,1.09,0.0,14,0,14,CITY_OK,1,18.0,4.0,-1.0,False
w295028198,Бендеры,1.134,0.0,14,0,14,CITY_OK,1,18.0,4.0,-1.0,False
w295028204,Бендеры,0.617,0.0,14,0,14,CITY_OK,1,18.0,4.0,-1.0,False
w295028209,Бендеры,0.673,0.0,14,0,14,CITY_OK,1,18.0,4.0,-1.0,False
w295028213,Бендеры,0.772,0.0,14,0,14,CITY_OK,1,18.0,4.0,-1.0,False
w295029117,Бендеры,0.839,0.0,14,0,14,CITY_OK,1,18.0,4.0,-1.0,False
w295029118,Бендеры,0.818,0.0,14,0,14,CITY_OK,1,18.0,4.0,-1.0,False
w295029119,Бендеры,0.79,0.0,14,0,14,CITY_OK,1,18.0,4.0,-1.0,False
w295029123,Бендеры,0.859,0.0,14,0,14,CITY_OK,1,18.0,4.0,-1.0,False
w295029127,Бендеры,0.932,0.0,14,0,14,CITY_OK,1,18.0,4.0,-1.0,False
w295029585,Бендеры,0.97,0.0,14,0,14,CITY_OK,1,18.0,4.0,-1.0,False
w295029586,Бендеры,0.919,0.0,14,0,14,CITY_OK,1,18.0,4.0,-1.0,False
w295029588,Бендеры,0.887,0.0,14,0,14,CITY_OK,1,18.0,4.0,-1.0,False
w295029589,Бендеры,0.905,0.0,14,0,14,CITY_OK,1,18.0,4.0,-1.0,False
w295029590,Бендеры,0.925,0.0,14,0,14,CITY_OK,1,18.0,4.0,-1.0,False
w295029591,Бендеры,0.948,0.0,14,0,14,CITY_OK,1,18.0,4.0,-1.0,False
w295029592,Бендеры,1.151,0.0,14,0,14,CITY_OK,1,18.0,4.0,-1.0,False
w295029593,Бендеры,0.684,0.0,14,0,14,CITY_OK,1,18.0,4.0,-1.0,False
w295029594,Бендеры,0.669,0.0,14,0,14,CITY_OK,1,18.0,4.0,-1.0,False
w295029595,Бендеры,0.656,0.0,14,0,14,CITY_OK,1,18.0,4.0,-1.0,False
w295029596,Бендеры,0.641,0.0,14,0,14,CITY_OK,1,18.0,4.0,-1.0,False
w295029599,Бендеры,0.787,0.0,14,0,14,CITY_OK,1,18.0,4.0,-1.0,False
w295029601,Бендеры,0.822,0.0,14,0,14,CITY_OK,1,18.0,4.0,-1.0,False
w295029778,Бендеры,0.717,0.0,14,0,14,CITY_OK,1,18.0,4.0,-1.0,False
w295029780,Бендеры,0.804,0.0,14,0,14,CITY_OK,1,18.0,4.0,-1.0,False
w295029783,Бендеры,0.583,0.0,14,0,14,CITY_OK,1,18.0,4.0,-1.0,False
w295029954,Бендеры,0.856,0.0,14,0,14,CITY_OK,1,18.0,4.0,-1.0,False
w295029955,Бендеры,0.883,0.0,14,0,14,CITY_OK,1,18.0,4.0,-1.0,False
w295029956,Бендеры,0.893,0.0,14,0,14,CITY_OK,1,18.0,4.0,-1.0,False
w295029957,Бендеры,0.907,0.0,14,0,14,CITY_OK,1,18.0,4.0,-1.0,False
w295055233,Бендеры,0.846,0.0,14,0,14,CITY_OK,1,18.0,4.0,-1.0,False
w295055234,Бендеры,0.872,0.0,14,0,14,CITY_OK,1,18.0,4.0,-1.0,False
w295055235,Бендеры,0.865,0.0,14,0,14,CITY_OK,1,18.0,4.0,-1.0,False
w295055236,Бендеры,0.883,0.0,14,0,14,CITY_OK,1,18.0,4.0,-1.0,False
w295055237,Бендеры,0.887,0.0,14,0,14,CITY_OK,1,18.0,4.0,-1.0,False
w295055239,Бендеры,0.911,0.0,14,0,14,CITY_OK,1,18.0,4.0,-1.0,False
w295055240,Бендеры,1.009,0.0,14,0,14,CITY_OK,1,18.0,4.0,-1.0,False
w295055241,Бендеры,0.942,0.0,14,0,14,CITY_OK,1,18.0,4.0,-1.0,False
w295055242,Бендеры,0.925,0.0,14,0,14,CITY_OK,1,18.0,4.0,-1.0,False
w295055243,Бендеры,0.911,0.0,14,0,14,CITY_OK,1,18.0,4.0,-1.0,False
w295055763,Бендеры,1.003,0.0,14,0,14,CITY_OK,1,18.0,4.0,-1.0,False
w295055766,Бендеры,1.085,0.0,14,0,14,CITY_OK,1,18.0,4.0,-1.0,False
w295055767,Бендеры,0.978,0.0,14,0,14,CITY_OK,1,18.0,4.0,-1.0,False
w295055768,Бендеры,0.967,0.0,14,0,14,CITY_OK,1,18.0,4.0,-1.0,False
w295055769,Бендеры,1.097,0.0,14,0,14,CITY_OK,1,18.0,4.0,-1.0,False
w295055771,Бендеры,1.108,0.0,14,0,14,CITY_OK,1,18.0,4.0,-1.0,False
w295056015,Бендеры,1.117,0.0,14,0,14,CITY_OK,1,18.0,4.0,-1.0,False
w295056016,Бендеры,1.131,0.0,14,0,14,CITY_OK,1,18.0,4.0,-1.0,False
w295056017,Бендеры,1.145,0.0,14,0,14,CITY_OK,1,18.0,4.0,-1.0,False
w295057154,Бендеры,1.041,0.0,14,0,14,CITY_OK,1,18.0,4.0,-1.0,False
w295057157,Бендеры,1.0,0.0,14,0,14,CITY_OK,1,18.0,4.0,-1.0,False
w295057158,Бендеры,1.015,0.0,14,0,14,CITY_OK,1,18.0,4.0,-1.0,False
w295057164,Бендеры,1.144,0.0,14,0,14,CITY_OK,1,18.0,4.0,-1.0,False
w295057297,Бендеры,1.122,0.0,14,0,14,CITY_OK,1,18.0,4.0,-1.0,False
w295057541,Бендеры,0.952,0.0,14,0,14,CITY_OK,1,18.0,4.0,-1.0,False
w295072424,Бендеры,0.797,0.0,14,0,14,CITY_OK,1,18.0,4.0,-1.0,False
w295072426,Бендеры,0.932,0.0,14,0,14,CITY_OK,1,18.0,4.0,-1.0,False
w295072500,Бендеры,0.855,0.0,14,0,14,CITY_OK,1,18.0,4.0,-1.0,False
w295072501,Бендеры,0.88,0.0,14,0,14,CITY_OK,1,18.0,4.0,-1.0,False
w295073313,Бендеры,0.908,0.0,14,0,14,CITY_OK,1,18.0,4.0,-1.0,False
w295073314,Бендеры,0.897,0.0,14,0,14,CITY_OK,1,18.0,4.0,-1.0,False
w295073316,Бендеры,0.902,0.0,14,0,14,CITY_OK,1,18.0,4.0,-1.0,False
w295073318,Бендеры,0.927,0.0,14,0,14,CITY_OK,1,18.0,4.0,-1.0,False
w295073319,Бендеры,0.993,0.0,14,0,14,CITY_OK,1,18.0,4.0,-1.0,False
w295073320,Бендеры,1.058,0.0,14,0,14,CITY_OK,1,18.0,4.0,-1.0,False
w295073322,Бендеры,1.007,0.0,14,0,14,CITY_OK,1,18.0,4.0,-1.0,False
w295073323,Бендеры,1.028,0.0,14,0,14,CITY_OK,1,18.0,4.0,-1.0,False
w295073327,Бендеры,1.056,0.0,14,0,14,CITY_OK,1,18.0,4.0,-1.0,False
w295073329,Бендеры,1.038,0.0,14,0,14,CITY_OK,1,18.0,4.0,-1.0,False
w295073629,Бендеры,1.062,0.0,14,0,14,CITY_OK,1,18.0,4.0,-1.0,False
w295073630,Бендеры,1.075,0.0,14,0,14,CITY_OK,1,18.0,4.0,-1.0,False
w295073631,Бендеры,1.052,0.0,14,0,14,CITY_OK,1,18.0,4.0,-1.0,False
w295073853,Бендеры,1.23,0.0,14,0,14,CITY_OK,1,18.0,4.0,-1.0,False
w295073854,Бендеры,1.21,0.0,14,0,14,CITY_OK,1,18.0,4.0,-1.0,False
w295073856,Бендеры,1.087,0.0,14,0,14,CITY_OK,1,18.0,4.0,-1.0,False
w295073857,Бендеры,1.107,0.0,14,0,14,CITY_OK,1,18.0,4.0,-1.0,False
w295073859,Бендеры,1.195,0.0,14,0,14,CITY_OK,1,18.0,4.0,-1.0,False
w295073861,Бендеры,1.241,0.0,14,0,14,CITY_OK,1,18.0,4.0,-1.0,False
w295074287,Бендеры,1.147,0.0,14,0,14,CITY_OK,1,18.0,4.0,-1.0,False
w295074288,Бендеры,1.168,0.0,14,0,14,CITY_OK,1,18.0,4.0,-1.0,False
w295074289,Бендеры,1.187,0.0,14,0,14,CITY_OK,1,18.0,4.0,-1.0,False
w295074290,Бендеры,1.201,0.0,14,0,14,CITY_OK,1,18.0,4.0,-1.0,False
w295074291,Бендеры,1.252,0.0,14,0,14,CITY_OK,1,18.0,4.0,-1.0,False
w295074292,Бендеры,1.227,0.0,14,0,14,CITY_OK,1,18.0,4.0,-1.0,False
w295074297,Бендеры,1.175,0.0,14,0,14,CITY_OK,1,18.0,4.0,-1.0,False
w295074768,Бендеры,0.942,0.0,14,0,14,CITY_OK,1,18.0,4.0,-1.0,False
w295074769,Бендеры,0.923,0.0,14,0,14,CITY_OK,1,18.0,4.0,-1.0,False
w295074771,Бендеры,0.908,0.0,14,0,14,CITY_OK,1,18.0,4.0,-1.0,False
w295074772,Бендеры,0.956,0.0,14,0,14,CITY_OK,1,18.0,4.0,-1.0,False
w295075229,Бендеры,0.849,0.0,14,0,14,CITY_OK,1,18.0,4.0,-1.0,False
w295075231,Бендеры,0.978,0.0,14,0,14,CITY_OK,1,18.0,4.0,-1.0,False
w295075235,Бендеры,1.21,0.0,14,0,14,CITY_OK,1,18.0,4.0,-1.0,False
w295075236,Бендеры,1.19,0.0,14,0,14,CITY_OK,1,18.0,4.0,-1.0,False
w295075238,Бендеры,1.225,0.0,14,0,14,CITY_OK,1,18.0,4.0,-1.0,False
w295075239,Бендеры,1.14,0.0,14,0,14,CITY_OK,1,18.0,4.0,-1.0,False
w295075776,Бендеры,0.855,0.0,14,0,14,CITY_OK,1,18.0,4.0,-1.0,False
w295075777,Бендеры,0.874,0.0,14,0,14,CITY_OK,1,18.0,4.0,-1.0,False
w295075778,Бендеры,0.868,0.0,14,0,14,CITY_OK,1,18.0,4.0,-1.0,False
w295075782,Бендеры,0.894,0.0,14,0,14,CITY_OK,1,18.0,4.0,-1.0,False
w295075783,Бендеры,0.908,0.0,14,0,14,CITY_OK,1,18.0,4.0,-1.0,False
w295075784,Бендеры,0.919,0.0,14,0,14,CITY_OK,1,18.0,4.0,-1.0,False
w295075786,Бендеры,0.904,0.0,14,0,14,CITY_OK,1,18.0,4.0,-1.0,False
w295075787,Бендеры,0.926,0.0,14,0,14,CITY_OK,1,18.0,4.0,-1.0,False
w295075788,Бендеры,0.915,0.0,14,0,14,CITY_OK,1,18.0,4.0,-1.0,False
w295075789,Бендеры,0.938,0.0,14,0,14,CITY_OK,1,18.0,4.0,-1.0,False
w295076069,Бендеры,1.263,0.0,14,0,14,CITY_OK,1,18.0,4.0,-1.0,False
w295076070,Бендеры,1.245,0.0,14,0,14,CITY_OK,1,18.0,4.0,-1.0,False
w295076071,Бендеры,0.949,0.0,14,0,14,CITY_OK,1,18.0,4.0,-1.0,False
w295076072,Бендеры,0.963,0.0,14,0,14,CITY_OK,1,18.0,4.0,-1.0,False
w295076073,Бендеры,1.028,0.0,14,0,14,CITY_OK,1,18.0,4.0,-1.0,False
w295076075,Бендеры,1.06,0.0,14,0,14,CITY_OK,1,18.0,4.0,-1.0,False
w295076076,Бендеры,1.15,0.0,14,0,14,CITY_OK,1,18.0,4.0,-1.0,False
w295076077,Бендеры,1.178,0.0,14,0,14,CITY_OK,1,18.0,4.0,-1.0,False
w295076078,Бендеры,1.211,0.0,14,0,14,CITY_OK,1,18.0,4.0,-1.0,False
w295076080,Бендеры,1.23,0.0,14,0,14,CITY_OK,1,18.0,4.0,-1.0,False
w295076082,Бендеры,1.024,0.0,14,0,14,CITY_OK,1,18.0,4.0,-1.0,False
w295076083,Бендеры,1.08,0.0,14,0,14,CITY_OK,1,18.0,4.0,-1.0,False
w295076084,Бендеры,1.067,0.0,14,0,14,CITY_OK,1,18.0,4.0,-1.0,False
w295076085,Бендеры,1.054,0.0,14,0,14,CITY_OK,1,18.0,4.0,-1.0,False
w295076086,Бендеры,1.042,0.0,14,0,14,CITY_OK,1,18.0,4.0,-1.0,False
w295076540,Бендеры,1.225,0.0,14,0,14,CITY_OK,1,18.0,4.0,-1.0,False
w295076541,Бендеры,1.249,0.0,14,0,14,CITY_OK,1,18.0,4.0,-1.0,False
w295076542,Бендеры,1.214,0.0,14,0,14,CITY_OK,1,18.0,4.0,-1.0,False
w295076543,Бендеры,1.2,0.0,14,0,14,CITY_OK,1,18.0,4.0,-1.0,False
w295076544,Бендеры,1.187,0.0,14,0,14,CITY_OK,1,18.0,4.0,-1.0,False
w295076545,Бендеры,1.172,0.0,14,0,14,CITY_OK,1,18.0,4.0,-1.0,False
w295076546,Бендеры,1.241,0.0,14,0,14,CITY_OK,1,18.0,4.0,-1.0,False
w295076548,Бендеры,1.144,0.0,14,0,14,CITY_OK,1,18.0,4.0,-1.0,False
w295076550,Бендеры,1.211,0.0,14,0,14,CITY_OK,1,18.0,4.0,-1.0,False
w295076555,Бендеры,1.152,0.0,14,0,14,CITY_OK,1,18.0,4.0,-1.0,False
w295077108,Бендеры,1.159,0.0,14,0,14,CITY_OK,1,18.0,4.0,-1.0,False
w295077109,Бендеры,1.173,0.0,14,0,14,CITY_OK,1,18.0,4.0,-1.0,False
w295077110,Бендеры,1.189,0.0,14,0,14,CITY_OK,1,18.0,4.0,-1.0,False
w295077112,Бендеры,1.217,0.0,14,0,14,CITY_OK,1,18.0,4.0,-1.0,False
w295077114,Бендеры,1.377,0.0,14,0,14,CITY_OK,1,18.0,4.0,-1.0,False
w295077115,Бендеры,1.354,0.0,14,0,14,CITY_OK,1,18.0,4.0,-1.0,False
w295077116,Бендеры,1.338,0.0,14,0,14,CITY_OK,1,18.0,4.0,-1.0,False
w295077118,Бендеры,1.312,0.0,14,0,14,CITY_OK,1,18.0,4.0,-1.0,False
w295077119,Бендеры,1.257,0.0,14,0,14,CITY_OK,1,18.0,4.0,-1.0,False
w295077121,Бендеры,1.245,0.0,14,0,14,CITY_OK,1,18.0,4.0,-1.0,False
w295077710,Бендеры,0.991,0.0,14,0,14,CITY_OK,1,18.0,4.0,-1.0,False
w295077711,Бендеры,0.925,0.0,14,0,14,CITY_OK,1,18.0,4.0,-1.0,False
w295077712,Бендеры,0.944,0.0,14,0,14,CITY_OK,1,18.0,4.0,-1.0,False
w295077714,Бендеры,1.19,0.0,14,0,14,CITY_OK,1,18.0,4.0,-1.0,False
w295077715,Бендеры,1.179,0.0,14,0,14,CITY_OK,1,18.0,4.0,-1.0,False
w295077722,Бендеры,1.046,0.0,14,0,14,CITY_OK,1,18.0,4.0,-1.0,False
w295077723,Бендеры,1.07,0.0,14,0,14,CITY_OK,1,18.0,4.0,-1.0,False
w295077724,Бендеры,1.083,0.0,14,0,14,CITY_OK,1,18.0,4.0,-1.0,False
w295078224,Бендеры,1.145,0.0,14,0,14,CITY_OK,1,18.0,4.0,-1.0,False
w295078229,Бендеры,1.086,0.0,14,0,14,CITY_OK,1,18.0,4.0,-1.0,False
w295078230,Бендеры,1.602,0.0,14,0,14,CITY_OK,1,18.0,4.0,-1.0,False
w295078231,Бендеры,1.047,0.0,14,0,14,CITY_OK,1,18.0,4.0,-1.0,False
w295078232,Бендеры,1.022,0.0,14,0,14,CITY_OK,1,18.0,4.0,-1.0,False
w295078233,Бендеры,1.002,0.0,14,0,14,CITY_OK,1,18.0,4.0,-1.0,False
w295078902,Бендеры,1.006,0.0,14,0,14,CITY_OK,1,18.0,4.0,-1.0,False
w295078903,Бендеры,1.028,0.0,14,0,14,CITY_OK,1,18.0,4.0,-1.0,False
w295078907,Бендеры,1.05,0.0,14,0,14,CITY_OK,1,18.0,4.0,-1.0,False
w295078908,Бендеры,1.121,0.0,14,0,14,CITY_OK,1,18.0,4.0,-1.0,False
w295078909,Бендеры,1.107,0.0,14,0,14,CITY_OK,1,18.0,4.0,-1.0,False
w295078910,Бендеры,1.09,0.0,14,0,14,CITY_OK,1,18.0,4.0,-1.0,False
w295078911,Бендеры,1.07,0.0,14,0,14,CITY_OK,1,18.0,4.0,-1.0,False
w295079338,Бендеры,1.083,0.0,14,0,14,CITY_OK,1,18.0,4.0,-1.0,False
w295079343,Бендеры,1.178,0.0,14,0,14,CITY_OK,1,18.0,4.0,-1.0,False
w295079348,Бендеры,1.196,0.0,14,0,14,CITY_OK,1,18.0,4.0,-1.0,False
w295080194,Бендеры,1.105,0.0,14,0,14,CITY_OK,1,18.0,4.0,-1.0,False
w295080197,Бендеры,1.192,0.0,14,0,14,CITY_OK,1,18.0,4.0,-1.0,False
w295080198,Бендеры,1.209,0.0,14,0,14,CITY_OK,1,18.0,4.0,-1.0,False
w295080202,Бендеры,1.236,0.0,14,0,14,CITY_OK,1,18.0,4.0,-1.0,False
w295080203,Бендеры,1.251,0.0,14,0,14,CITY_OK,1,18.0,4.0,-1.0,False
w295080204,Бендеры,1.209,0.0,14,0,14,CITY_OK,1,18.0,4.0,-1.0,False
w295080209,Бендеры,1.161,0.0,14,0,14,CITY_OK,1,18.0,4.0,-1.0,False
w295080210,Бендеры,1.203,0.0,14,0,14,CITY_OK,1,18.0,4.0,-1.0,False
w295080213,Бендеры,1.216,0.0,14,0,14,CITY_OK,1,18.0,4.0,-1.0,False
w295080214,Бендеры,1.226,0.0,14,0,14,CITY_OK,1,18.0,4.0,-1.0,False
w295080215,Бендеры,1.244,0.0,14,0,14,CITY_OK,1,18.0,4.0,-1.0,False
w295080216,Бендеры,1.286,0.0,14,0,14,CITY_OK,1,18.0,4.0,-1.0,False
w295080217,Бендеры,1.312,0.0,14,0,14,CITY_OK,1,18.0,4.0,-1.0,False
w295080219,Бендеры,1.331,0.0,14,0,14,CITY_OK,1,18.0,4.0,-1.0,False
w295080221,Бендеры,1.346,0.0,14,0,14,CITY_OK,1,18.0,4.0,-1.0,False
w295080223,Бендеры,1.332,0.0,14,0,14,CITY_OK,1,18.0,4.0,-1.0,False
w295080224,Бендеры,1.164,0.0,14,0,14,CITY_OK,1,18.0,4.0,-1.0,False
w295080225,Бендеры,1.177,0.0,14,0,14,CITY_OK,1,18.0,4.0,-1.0,False
w295080228,Бендеры,1.189,0.0,14,0,14,CITY_OK,1,18.0,4.0,-1.0,False
w295080229,Бендеры,1.205,0.0,14,0,14,CITY_OK,1,18.0,4.0,-1.0,False
w295080230,Бендеры,1.228,0.0,14,0,14,CITY_OK,1,18.0,4.0,-1.0,False
w295080339,Бендеры,1.186,0.0,14,0,14,CITY_OK,1,18.0,4.0,-1.0,False
w295080340,Бендеры,1.198,0.0,14,0,14,CITY_OK,1,18.0,4.0,-1.0,False
w295080341,Бендеры,1.224,0.0,14,0,14,CITY_OK,1,18.0,4.0,-1.0,False
w295080423,Бендеры,1.204,0.0,14,0,14,CITY_OK,1,18.0,4.0,-1.0,False
w295081106,Бендеры,0.776,0.0,14,0,14,CITY_OK,1,18.0,4.0,-1.0,False
w295081109,Бендеры,0.899,0.0,14,0,14,CITY_OK,1,18.0,4.0,-1.0,False
w295081110,Бендеры,0.928,0.0,14,0,14,CITY_OK,1,18.0,4.0,-1.0,False
w295081111,Бендеры,0.941,0.0,14,0,14,CITY_OK,1,18.0,4.0,-1.0,False
w295081113,Бендеры,1.093,0.0,14,0,14,CITY_OK,1,18.0,4.0,-1.0,False
w295081367,Бендеры,0.848,0.0,14,0,14,CITY_OK,1,18.0,4.0,-1.0,False
w295081368,Бендеры,0.836,0.0,14,0,14,CITY_OK,1,18.0,4.0,-1.0,False
w295081369,Бендеры,0.819,0.0,14,0,14,CITY_OK,1,18.0,4.0,-1.0,False
w295081370,Бендеры,0.8,0.0,14,0,14,CITY_OK,1,18.0,4.0,-1.0,False
w295081486,Бендеры,1.081,0.0,14,0,14,CITY_OK,1,18.0,4.0,-1.0,False
w295081487,Бендеры,1.054,0.0,14,0,14,CITY_OK,1,18.0,4.0,-1.0,False
w295081493,Бендеры,1.034,0.0,14,0,14,CITY_OK,1,18.0,4.0,-1.0,False
w295081494,Бендеры,1.019,0.0,14,0,14,CITY_OK,1,18.0,4.0,-1.0,False
w295088556,Бендеры,1.22,0.0,14,0,14,CITY_OK,1,18.0,4.0,-1.0,False
w295088557,Бендеры,1.235,0.0,14,0,14,CITY_OK,1,18.0,4.0,-1.0,False
w295088559,Бендеры,1.248,0.0,14,0,14,CITY_OK,1,18.0,4.0,-1.0,False
w295088560,Бендеры,1.331,0.0,14,0,14,CITY_OK,1,18.0,4.0,-1.0,False
w295088561,Бендеры,1.314,0.0,14,0,14,CITY_OK,1,18.0,4.0,-1.0,False
w295088563,Бендеры,1.354,0.0,14,0,14,CITY_OK,1,18.0,4.0,-1.0,False
w295088565,Бендеры,1.381,0.0,14,0,14,CITY_OK,1,18.0,4.0,-1.0,False
w295088567,Бендеры,1.351,0.0,14,0,14,CITY_OK,1,18.0,4.0,-1.0,False
w295088568,Бендеры,1.38,0.0,14,0,14,CITY_OK,1,18.0,4.0,-1.0,False
w295088569,Бендеры,1.254,0.0,14,0,14,CITY_OK,1,18.0,4.0,-1.0,False
w295088573,Бендеры,1.298,0.0,14,0,14,CITY_OK,1,18.0,4.0,-1.0,False
w295088574,Бендеры,1.312,0.0,14,0,14,CITY_OK,1,18.0,4.0,-1.0,False
w295088581,Бендеры,1.598,0.0,14,0,14,CITY_OK,1,18.0,4.0,-1.0,False
w295088584,Бендеры,5.129,0.0,23,0,23,CITY_OK,3,30.77,7.77,2.77,False
w295088589,Бендеры,1.573,0.0,14,0,14,CITY_OK,1,18.0,4.0,-1.0,False
w295115431,Бендеры,1.118,0.0,14,0,14,CITY_OK,1,18.0,4.0,-1.0,False
w295115436,Бендеры,1.362,0.0,14,0,14,CITY_OK,1,18.0,4.0,-1.0,False
w295115437,Бендеры,1.61,0.0,14,0,14,CITY_OK,1,18.0,4.0,-1.0,False
w295115815,Бендеры,1.215,0.0,14,0,14,CITY_OK,1,18.0,4.0,-1.0,False
w295116699,Бендеры,1.129,0.0,14,0,14,CITY_OK,1,18.0,4.0,-1.0,False
w295116700,Бендеры,1.13,0.0,14,0,14,CITY_OK,1,18.0,4.0,-1.0,False
w295116701,Бендеры,1.121,0.0,14,0,14,CITY_OK,1,18.0,4.0,-1.0,False
w295117479,Бендеры,1.304,0.0,14,0,14,CITY_OK,1,18.0,4.0,-1.0,False
w295117482,Бендеры,1.329,0.0,14,0,14,CITY_OK,1,18.0,4.0,-1.0,False
w295117483,Бендеры,1.393,0.0,14,0,14,CITY_OK,1,18.0,4.0,-1.0,False
w295117484,Бендеры,1.349,0.0,14,0,14,CITY_OK,1,18.0,4.0,-1.0,False
w295117486,Бендеры,1.362,0.0,14,0,14,CITY_OK,1,18.0,4.0,-1.0,False
w295117488,Бендеры,1.457,0.0,14,0,14,CITY_OK,1,18.0,4.0,-1.0,False
w295117489,Бендеры,1.407,0.0,14,0,14,CITY_OK,1,18.0,4.0,-1.0,False
w295117490,Бендеры,1.433,0.0,14,0,14,CITY_OK,1,18.0,4.0,-1.0,False
w295117491,Бендеры,1.45,0.0,14,0,14,CITY_OK,1,18.0,4.0,-1.0,False
w295117953,Бендеры,1.392,0.0,14,0,14,CITY_OK,1,18.0,4.0,-1.0,False
w295117954,Бендеры,1.408,0.0,14,0,14,CITY_OK,1,18.0,4.0,-1.0,False
w295117956,Бендеры,1.434,0.0,14,0,14,CITY_OK,1,18.0,4.0,-1.0,False
w295117957,Бендеры,1.377,0.0,14,0,14,CITY_OK,1,18.0,4.0,-1.0,False
w295118193,Бендеры,1.087,0.0,14,0,14,CITY_OK,1,18.0,4.0,-1.0,False
w295118194,Бендеры,0.94,0.0,14,0,14,CITY_OK,1,18.0,4.0,-1.0,False
w295118195,Бендеры,0.921,0.0,14,0,14,CITY_OK,1,18.0,4.0,-1.0,False
w295118196,Бендеры,0.907,0.0,14,0,14,CITY_OK,1,18.0,4.0,-1.0,False
w295118197,Бендеры,0.846,0.0,14,0,14,CITY_OK,1,18.0,4.0,-1.0,False
w295118198,Бендеры,0.86,0.0,14,0,14,CITY_OK,1,18.0,4.0,-1.0,False
w295118199,Бендеры,0.834,0.0,14,0,14,CITY_OK,1,18.0,4.0,-1.0,False
w295118200,Бендеры,0.871,0.0,14,0,14,CITY_OK,1,18.0,4.0,-1.0,False
w295118201,Бендеры,0.891,0.0,14,0,14,CITY_OK,1,18.0,4.0,-1.0,False
w295118202,Бендеры,0.822,0.0,14,0,14,CITY_OK,1,18.0,4.0,-1.0,False
w295118204,Бендеры,1.014,0.0,14,0,14,CITY_OK,1,18.0,4.0,-1.0,False
w295118205,Бендеры,0.935,0.0,14,0,14,CITY_OK,1,18.0,4.0,-1.0,False
w295118207,Бендеры,0.952,0.0,14,0,14,CITY_OK,1,18.0,4.0,-1.0,False
w295123512,Бендеры,1.297,0.0,14,0,14,CITY_OK,1,18.0,4.0,-1.0,False
w295123513,Бендеры,1.149,0.0,14,0,14,CITY_OK,1,18.0,4.0,-1.0,False
w295123514,Бендеры,1.165,0.0,14,0,14,CITY_OK,1,18.0,4.0,-1.0,False
w295125742,Бендеры,1.212,0.0,14,0,14,CITY_OK,1,18.0,4.0,-1.0,False
w295126202,Бендеры,1.24,0.0,14,0,14,CITY_OK,1,18.0,4.0,-1.0,False
w295144385,Бендеры,1.153,0.0,14,0,14,CITY_OK,1,18.0,4.0,-1.0,False
w295144388,Бендеры,1.183,0.0,14,0,14,CITY_OK,1,18.0,4.0,-1.0,False
w295144390,Бендеры,1.166,0.0,14,0,14,CITY_OK,1,18.0,4.0,-1.0,False
w295144392,Бендеры,1.056,0.0,14,0,14,CITY_OK,1,18.0,4.0,-1.0,False
w295144396,Бендеры,1.2,0.0,14,0,14,CITY_OK,1,18.0,4.0,-1.0,False
w295144398,Бендеры,1.212,0.0,14,0,14,CITY_OK,1,18.0,4.0,-1.0,False
w295144400,Бендеры,1.224,0.0,14,0,14,CITY_OK,1,18.0,4.0,-1.0,False
w295151355,Бендеры,1.231,0.0,14,0,14,CITY_OK,1,18.0,4.0,-1.0,False
w295151356,Бендеры,1.254,0.0,14,0,14,CITY_OK,1,18.0,4.0,-1.0,False
w295151357,Бендеры,1.27,0.0,14,0,14,CITY_OK,1,18.0,4.0,-1.0,False
w295151358,Бендеры,1.282,0.0,14,0,14,CITY_OK,1,18.0,4.0,-1.0,False
w295151359,Бендеры,1.292,0.0,14,0,14,CITY_OK,1,18.0,4.0,-1.0,False
w295151360,Бендеры,1.309,0.0,14,0,14,CITY_OK,1,18.0,4.0,-1.0,False
w295151362,Бендеры,1.58,0.0,14,0,14,CITY_OK,1,18.0,4.0,-1.0,False
w295151363,Бендеры,1.562,0.0,14,0,14,CITY_OK,1,18.0,4.0,-1.0,False
w295151364,Бендеры,1.542,0.0,14,0,14,CITY_OK,1,18.0,4.0,-1.0,False
w295151370,Бендеры,1.359,0.0,14,0,14,CITY_OK,1,18.0,4.0,-1.0,False
w295151610,Бендеры,1.113,0.0,14,0,14,CITY_OK,1,18.0,4.0,-1.0,False
w295151611,Бендеры,1.127,0.0,14,0,14,CITY_OK,1,18.0,4.0,-1.0,False
w295151615,Бендеры,1.168,0.0,14,0,14,CITY_OK,1,18.0,4.0,-1.0,False
w295151619,Бендеры,1.304,0.0,14,0,14,CITY_OK,1,18.0,4.0,-1.0,False
w295151620,Бендеры,1.317,0.0,14,0,14,CITY_OK,1,18.0,4.0,-1.0,False
w295151629,Бендеры,1.522,0.0,14,0,14,CITY_OK,1,18.0,4.0,-1.0,False
w295153377,Бендеры,1.539,0.0,14,0,14,CITY_OK,1,18.0,4.0,-1.0,False
w295153378,Бендеры,1.575,0.0,14,0,14,CITY_OK,1,18.0,4.0,-1.0,False
w295153380,Бендеры,1.477,0.0,14,0,14,CITY_OK,1,18.0,4.0,-1.0,False
w295153381,Бендеры,1.45,0.0,14,0,14,CITY_OK,1,18.0,4.0,-1.0,False
w295153382,Бендеры,1.462,0.0,14,0,14,CITY_OK,1,18.0,4.0,-1.0,False
w295153384,Бендеры,1.432,0.0,14,0,14,CITY_OK,1,18.0,4.0,-1.0,False
w295153386,Бендеры,1.422,0.0,14,0,14,CITY_OK,1,18.0,4.0,-1.0,False
w295153387,Бендеры,1.408,0.0,14,0,14,CITY_OK,1,18.0,4.0,-1.0,False
w295153388,Бендеры,1.437,0.0,14,0,14,CITY_OK,1,18.0,4.0,-1.0,False
w295153393,Бендеры,1.478,0.0,14,0,14,CITY_OK,1,18.0,4.0,-1.0,False
w295153394,Бендеры,1.466,0.0,14,0,14,CITY_OK,1,18.0,4.0,-1.0,False
w295153395,Бендеры,1.594,0.0,14,0,14,CITY_OK,1,18.0,4.0,-1.0,False
w295153396,Бендеры,1.482,0.0,14,0,14,CITY_OK,1,18.0,4.0,-1.0,False
w295193345,Бендеры,0.949,0.0,14,0,14,CITY_OK,1,18.0,4.0,-1.0,False
w295193350,Бендеры,1.004,0.0,14,0,14,CITY_OK,1,18.0,4.0,-1.0,False
w295193352,Бендеры,1.022,0.0,14,0,14,CITY_OK,1,18.0,4.0,-1.0,False
w295193353,Бендеры,1.021,0.0,14,0,14,CITY_OK,1,18.0,4.0,-1.0,False
w295193354,Бендеры,1.038,0.0,14,0,14,CITY_OK,1,18.0,4.0,-1.0,False
w295193355,Бендеры,0.872,0.0,14,0,14,CITY_OK,1,18.0,4.0,-1.0,False
w295193357,Бендеры,1.208,0.0,14,0,14,CITY_OK,1,18.0,4.0,-1.0,False
w295193359,Бендеры,1.184,0.0,14,0,14,CITY_OK,1,18.0,4.0,-1.0,False
w295193360,Бендеры,1.169,0.0,14,0,14,CITY_OK,1,18.0,4.0,-1.0,False
w295193361,Бендеры,1.296,0.0,14,0,14,CITY_OK,1,18.0,4.0,-1.0,False
w295193362,Бендеры,1.276,0.0,14,0,14,CITY_OK,1,18.0,4.0,-1.0,False
w295196021,Бендеры,1.118,0.0,14,0,14,CITY_OK,1,18.0,4.0,-1.0,False
w295196023,Бендеры,1.236,0.0,14,0,14,CITY_OK,1,18.0,4.0,-1.0,False
w295196025,Бендеры,1.117,0.0,14,0,14,CITY_OK,1,18.0,4.0,-1.0,False
w295196032,Бендеры,0.981,0.0,14,0,14,CITY_OK,1,18.0,4.0,-1.0,False
w295196033,Бендеры,1.086,0.0,14,0,14,CITY_OK,1,18.0,4.0,-1.0,False
w295196034,Бендеры,1.112,0.0,14,0,14,CITY_OK,1,18.0,4.0,-1.0,False
w295196183,Бендеры,1.173,0.0,14,0,14,CITY_OK,1,18.0,4.0,-1.0,False
w295197139,Бендеры,1.139,0.0,14,0,14,CITY_OK,1,18.0,4.0,-1.0,False
w295197140,Бендеры,1.123,0.0,14,0,14,CITY_OK,1,18.0,4.0,-1.0,False
w295197142,Бендеры,1.193,0.0,14,0,14,CITY_OK,1,18.0,4.0,-1.0,False
w295197143,Бендеры,1.181,0.0,14,0,14,CITY_OK,1,18.0,4.0,-1.0,False
w295197144,Бендеры,1.168,0.0,14,0,14,CITY_OK,1,18.0,4.0,-1.0,False
w295197150,Бендеры,1.583,0.0,14,0,14,CITY_OK,1,18.0,4.0,-1.0,False
w295197290,Бендеры,1.317,0.0,14,0,14,CITY_OK,1,18.0,4.0,-1.0,False
w295197292,Бендеры,1.347,0.0,14,0,14,CITY_OK,1,18.0,4.0,-1.0,False
w295197296,Бендеры,1.33,0.0,14,0,14,CITY_OK,1,18.0,4.0,-1.0,False
w295199119,Бендеры,2.004,0.0,14,0,14,CITY_OK,1,18.0,4.0,-1.0,False
w295199121,Бендеры,2.023,0.0,14,0,14,CITY_OK,1,18.0,4.0,-1.0,False
w295199122,Бендеры,2.037,0.0,14,0,14,CITY_OK,1,18.0,4.0,-1.0,False
w295199123,Бендеры,2.046,0.0,14,0,14,CITY_OK,1,18.0,4.0,-1.0,False
w295199124,Бендеры,2.067,0.0,14,0,14,CITY_OK,1,18.0,4.0,-1.0,False
w295199125,Бендеры,1.578,0.0,14,0,14,CITY_OK,1,18.0,4.0,-1.0,False
w295209147,Бендеры,1.825,0.0,14,0,14,CITY_OK,1,18.0,4.0,-1.0,False
w295209148,Бендеры,1.606,0.0,14,0,14,CITY_OK,1,18.0,4.0,-1.0,False
w295209149,Бендеры,1.637,0.0,14,0,14,CITY_OK,1,18.0,4.0,-1.0,False
w295209150,Бендеры,1.659,0.0,14,0,14,CITY_OK,1,18.0,4.0,-1.0,False
w295209151,Бендеры,1.579,0.0,14,0,14,CITY_OK,1,18.0,4.0,-1.0,False
w295209152,Бендеры,1.605,0.0,14,0,14,CITY_OK,1,18.0,4.0,-1.0,False
w295209153,Бендеры,1.628,0.0,14,0,14,CITY_OK,1,18.0,4.0,-1.0,False
w295209154,Бендеры,1.662,0.0,14,0,14,CITY_OK,1,18.0,4.0,-1.0,False
w295209157,Бендеры,1.435,0.0,14,0,14,CITY_OK,1,18.0,4.0,-1.0,False
w295209159,Бендеры,1.474,0.0,14,0,14,CITY_OK,1,18.0,4.0,-1.0,False
w295209160,Бендеры,1.462,0.0,14,0,14,CITY_OK,1,18.0,4.0,-1.0,False
w295209161,Бендеры,1.591,0.0,14,0,14,CITY_OK,1,18.0,4.0,-1.0,False
w295209162,Бендеры,1.577,0.0,14,0,14,CITY_OK,1,18.0,4.0,-1.0,False
w295209165,Бендеры,1.927,0.0,14,0,14,CITY_OK,1,18.0,4.0,-1.0,False
w295209166,Бендеры,1.594,0.0,14,0,14,CITY_OK,1,18.0,4.0,-1.0,False
w295209167,Бендеры,1.609,0.0,14,0,14,CITY_OK,1,18.0,4.0,-1.0,False
w295209168,Бендеры,1.621,0.0,14,0,14,CITY_OK,1,18.0,4.0,-1.0,False
w295209169,Бендеры,1.642,0.0,14,0,14,CITY_OK,1,18.0,4.0,-1.0,False
w295209170,Бендеры,1.66,0.0,14,0,14,CITY_OK,1,18.0,4.0,-1.0,False
w295334392,Бендеры,1.144,0.0,14,0,14,CITY_OK,1,18.0,4.0,-1.0,False
w295334394,Бендеры,1.142,0.0,14,0,14,CITY_OK,1,18.0,4.0,-1.0,False
w295334396,Бендеры,1.156,0.0,14,0,14,CITY_OK,1,18.0,4.0,-1.0,False
w295334398,Бендеры,1.209,0.0,14,0,14,CITY_OK,1,18.0,4.0,-1.0,False
w295334399,Бендеры,1.22,0.0,14,0,14,CITY_OK,1,18.0,4.0,-1.0,False
w295334400,Бендеры,1.234,0.0,14,0,14,CITY_OK,1,18.0,4.0,-1.0,False
w295334401,Бендеры,1.252,0.0,14,0,14,CITY_OK,1,18.0,4.0,-1.0,False
w295334406,Бендеры,1.32,0.0,14,0,14,CITY_OK,1,18.0,4.0,-1.0,False
w295334408,Бендеры,1.272,0.0,14,0,14,CITY_OK,1,18.0,4.0,-1.0,False
w295334409,Бендеры,1.264,0.0,14,0,14,CITY_OK,1,18.0,4.0,-1.0,False
w295334410,Бендеры,1.348,0.0,14,0,14,CITY_OK,1,18.0,4.0,-1.0,False
w295334411,Бендеры,1.362,0.0,14,0,14,CITY_OK,1,18.0,4.0,-1.0,False
w295334412,Бендеры,1.379,0.0,14,0,14,CITY_OK,1,18.0,4.0,-1.0,False
w295334413,Бендеры,1.392,0.0,14,0,14,CITY_OK,1,18.0,4.0,-1.0,False
w295334416,Бендеры,1.42,0.0,14,0,14,CITY_OK,1,18.0,4.0,-1.0,False
w295334417,Бендеры,1.425,0.0,14,0,14,CITY_OK,1,18.0,4.0,-1.0,False
w295334418,Бендеры,1.226,0.0,14,0,14,CITY_OK,1,18.0,4.0,-1.0,False
w295334419,Бендеры,1.237,0.0,14,0,14,CITY_OK,1,18.0,4.0,-1.0,False
w295334421,Бендеры,1.25,0.0,14,0,14,CITY_OK,1,18.0,4.0,-1.0,False
w295334422,Бендеры,1.263,0.0,14,0,14,CITY_OK,1,18.0,4.0,-1.0,False
w295334425,Бендеры,1.333,0.0,14,0,14,CITY_OK,1,18.0,4.0,-1.0,False
w295334426,Бендеры,1.323,0.0,14,0,14,CITY_OK,1,18.0,4.0,-1.0,False
w295334428,Бендеры,1.319,0.0,14,0,14,CITY_OK,1,18.0,4.0,-1.0,False
w295334429,Бендеры,1.326,0.0,14,0,14,CITY_OK,1,18.0,4.0,-1.0,False
w295334433,Бендеры,1.347,0.0,14,0,14,CITY_OK,1,18.0,4.0,-1.0,False
w295334514,Бендеры,1.158,0.0,14,0,14,CITY_OK,1,18.0,4.0,-1.0,False
w295334515,Бендеры,1.172,0.0,14,0,14,CITY_OK,1,18.0,4.0,-1.0,False
w295334516,Бендеры,1.185,0.0,14,0,14,CITY_OK,1,18.0,4.0,-1.0,False
w295334517,Бендеры,1.2,0.0,14,0,14,CITY_OK,1,18.0,4.0,-1.0,False
w295334519,Бендеры,1.216,0.0,14,0,14,CITY_OK,1,18.0,4.0,-1.0,False
w295335646,Бендеры,1.476,0.0,14,0,14,CITY_OK,1,18.0,4.0,-1.0,False
w295335648,Бендеры,1.45,0.0,14,0,14,CITY_OK,1,18.0,4.0,-1.0,False
w295335649,Бендеры,1.435,0.0,14,0,14,CITY_OK,1,18.0,4.0,-1.0,False
w295335651,Бендеры,1.448,0.0,14,0,14,CITY_OK,1,18.0,4.0,-1.0,False
w295335653,Бендеры,1.459,0.0,14,0,14,CITY_OK,1,18.0,4.0,-1.0,False
w295335654,Бендеры,1.467,0.0,14,0,14,CITY_OK,1,18.0,4.0,-1.0,False
w295335655,Бендеры,1.484,0.0,14,0,14,CITY_OK,1,18.0,4.0,-1.0,False
w295335656,Бендеры,1.501,0.0,14,0,14,CITY_OK,1,18.0,4.0,-1.0,False
w295335658,Бендеры,1.33,0.0,14,0,14,CITY_OK,1,18.0,4.0,-1.0,False
w295335659,Бендеры,1.353,0.0,14,0,14,CITY_OK,1,18.0,4.0,-1.0,False
w295335660,Бендеры,1.364,0.0,14,0,14,CITY_OK,1,18.0,4.0,-1.0,False
w295335661,Бендеры,1.381,0.0,14,0,14,CITY_OK,1,18.0,4.0,-1.0,False
w295335665,Бендеры,1.407,0.0,14,0,14,CITY_OK,1,18.0,4.0,-1.0,False
w295339051,Бендеры,1.323,0.0,14,0,14,CITY_OK,1,18.0,4.0,-1.0,False
w295339052,Бендеры,1.343,0.0,14,0,14,CITY_OK,1,18.0,4.0,-1.0,False
w295339053,Бендеры,1.363,0.0,14,0,14,CITY_OK,1,18.0,4.0,-1.0,False
w295339054,Бендеры,1.383,0.0,14,0,14,CITY_OK,1,18.0,4.0,-1.0,False
w295339059,Бендеры,1.425,0.0,14,0,14,CITY_OK,1,18.0,4.0,-1.0,False
w295339060,Бендеры,1.423,0.0,14,0,14,CITY_OK,1,18.0,4.0,-1.0,False
w295339356,Бендеры,1.428,0.0,14,0,14,CITY_OK,1,18.0,4.0,-1.0,False
w295339393,Бендеры,1.438,0.0,14,0,14,CITY_OK,1,18.0,4.0,-1.0,False
w295341613,Бендеры,1.33,0.0,14,0,14,CITY_OK,1,18.0,4.0,-1.0,False
w295341614,Бендеры,1.34,0.0,14,0,14,CITY_OK,1,18.0,4.0,-1.0,False
w295341615,Бендеры,1.35,0.0,14,0,14,CITY_OK,1,18.0,4.0,-1.0,False
w295341616,Бендеры,1.364,0.0,14,0,14,CITY_OK,1,18.0,4.0,-1.0,False
w295341617,Бендеры,1.374,0.0,14,0,14,CITY_OK,1,18.0,4.0,-1.0,False
w295341619,Бендеры,1.386,0.0,14,0,14,CITY_OK,1,18.0,4.0,-1.0,False
w295341620,Бендеры,1.577,0.0,14,0,14,CITY_OK,1,18.0,4.0,-1.0,False
w295341621,Бендеры,1.585,0.0,14,0,14,CITY_OK,1,18.0,4.0,-1.0,False
w295341624,Бендеры,1.606,0.0,14,0,14,CITY_OK,1,18.0,4.0,-1.0,False
w295341625,Бендеры,1.617,0.0,14,0,14,CITY_OK,1,18.0,4.0,-1.0,False
w295341626,Бендеры,1.63,0.0,14,0,14,CITY_OK,1,18.0,4.0,-1.0,False
w295341627,Бендеры,1.649,0.0,14,0,14,CITY_OK,1,18.0,4.0,-1.0,False
w295341629,Бендеры,1.675,0.0,14,0,14,CITY_OK,1,18.0,4.0,-1.0,False
w295341630,Бендеры,1.685,0.0,14,0,14,CITY_OK,1,18.0,4.0,-1.0,False
w295341633,Бендеры,1.703,0.0,14,0,14,CITY_OK,1,18.0,4.0,-1.0,False
w295341635,Бендеры,1.449,0.0,14,0,14,CITY_OK,1,18.0,4.0,-1.0,False
w295342112,Бендеры,1.207,0.0,14,0,14,CITY_OK,1,18.0,4.0,-1.0,False
w295342113,Бендеры,1.229,0.0,14,0,14,CITY_OK,1,18.0,4.0,-1.0,False
w295342114,Бендеры,1.456,0.0,14,0,14,CITY_OK,1,18.0,4.0,-1.0,False
w295342115,Бендеры,1.257,0.0,14,0,14,CITY_OK,1,18.0,4.0,-1.0,False
w295342116,Бендеры,1.269,0.0,14,0,14,CITY_OK,1,18.0,4.0,-1.0,False
w295342117,Бендеры,1.456,0.0,14,0,14,CITY_OK,1,18.0,4.0,-1.0,False
w295342118,Бендеры,1.456,0.0,14,0,14,CITY_OK,1,18.0,4.0,-1.0,False
w295342125,Бендеры,1.25,0.0,14,0,14,CITY_OK,1,18.0,4.0,-1.0,False
w295342126,Бендеры,1.3,0.0,14,0,14,CITY_OK,1,18.0,4.0,-1.0,False
w295342127,Бендеры,1.337,0.0,14,0,14,CITY_OK,1,18.0,4.0,-1.0,False
w295342128,Бендеры,1.351,0.0,14,0,14,CITY_OK,1,18.0,4.0,-1.0,False
w295342130,Бендеры,1.363,0.0,14,0,14,CITY_OK,1,18.0,4.0,-1.0,False
w295342523,Бендеры,1.415,0.0,14,0,14,CITY_OK,1,18.0,4.0,-1.0,False
w295342525,Бендеры,1.382,0.0,14,0,14,CITY_OK,1,18.0,4.0,-1.0,False
w295342530,Бендеры,1.437,0.0,14,0,14,CITY_OK,1,18.0,4.0,-1.0,False
w295342532,Бендеры,1.404,0.0,14,0,14,CITY_OK,1,18.0,4.0,-1.0,False
w295342533,Бендеры,1.448,0.0,14,0,14,CITY_OK,1,18.0,4.0,-1.0,False
w295342534,Бендеры,1.28,0.0,14,0,14,CITY_OK,1,18.0,4.0,-1.0,False
w295342535,Бендеры,1.301,0.0,14,0,14,CITY_OK,1,18.0,4.0,-1.0,False
w295342536,Бендеры,1.354,0.0,14,0,14,CITY_OK,1,18.0,4.0,-1.0,False
w295342539,Бендеры,1.447,0.0,14,0,14,CITY_OK,1,18.0,4.0,-1.0,False
w295342540,Бендеры,1.498,0.0,14,0,14,CITY_OK,1,18.0,4.0,-1.0,False
w295401013,Бендеры,1.4,0.0,14,0,14,CITY_OK,1,18.0,4.0,-1.0,False
w295401014,Бендеры,1.355,0.0,14,0,14,CITY_OK,1,18.0,4.0,-1.0,False
w295401015,Бендеры,1.374,0.0,14,0,14,CITY_OK,1,18.0,4.0,-1.0,False
w295401016,Бендеры,1.39,0.0,14,0,14,CITY_OK,1,18.0,4.0,-1.0,False
w295401018,Бендеры,1.401,0.0,14,0,14,CITY_OK,1,18.0,4.0,-1.0,False
w295401019,Бендеры,1.41,0.0,14,0,14,CITY_OK,1,18.0,4.0,-1.0,False
w295401020,Бендеры,1.428,0.0,14,0,14,CITY_OK,1,18.0,4.0,-1.0,False
w295401021,Бендеры,1.474,0.0,14,0,14,CITY_OK,1,18.0,4.0,-1.0,False
w295401024,Бендеры,1.508,0.0,14,0,14,CITY_OK,1,18.0,4.0,-1.0,False
w295401025,Бендеры,1.52,0.0,14,0,14,CITY_OK,1,18.0,4.0,-1.0,False
w295401028,Бендеры,1.543,0.0,14,0,14,CITY_OK,1,18.0,4.0,-1.0,False
w295401029,Бендеры,1.555,0.0,14,0,14,CITY_OK,1,18.0,4.0,-1.0,False
w295401030,Бендеры,1.567,0.0,14,0,14,CITY_OK,1,18.0,4.0,-1.0,False
w295401031,Бендеры,1.578,0.0,14,0,14,CITY_OK,1,18.0,4.0,-1.0,False
w295401032,Бендеры,1.787,0.0,14,0,14,CITY_OK,1,18.0,4.0,-1.0,False
w295401034,Бендеры,1.348,0.0,14,0,14,CITY_OK,1,18.0,4.0,-1.0,False
w295401035,Бендеры,1.363,0.0,14,0,14,CITY_OK,1,18.0,4.0,-1.0,False
w295401036,Бендеры,1.375,0.0,14,0,14,CITY_OK,1,18.0,4.0,-1.0,False
w295401037,Бендеры,1.395,0.0,14,0,14,CITY_OK,1,18.0,4.0,-1.0,False
w295401038,Бендеры,1.414,0.0,14,0,14,CITY_OK,1,18.0,4.0,-1.0,False
w295401039,Бендеры,1.426,0.0,14,0,14,CITY_OK,1,18.0,4.0,-1.0,False
w295401040,Бендеры,1.437,0.0,14,0,14,CITY_OK,1,18.0,4.0,-1.0,False
w295401042,Бендеры,1.453,0.0,14,0,14,CITY_OK,1,18.0,4.0,-1.0,False
w295401043,Бендеры,1.471,0.0,14,0,14,CITY_OK,1,18.0,4.0,-1.0,False
w295401044,Бендеры,1.485,0.0,14,0,14,CITY_OK,1,18.0,4.0,-1.0,False
w295401045,Бендеры,1.499,0.0,14,0,14,CITY_OK,1,18.0,4.0,-1.0,False
w295401046,Бендеры,1.51,0.0,14,0,14,CITY_OK,1,18.0,4.0,-1.0,False
w295401048,Бендеры,1.522,0.0,14,0,14,CITY_OK,1,18.0,4.0,-1.0,False
w295401050,Бендеры,1.536,0.0,14,0,14,CITY_OK,1,18.0,4.0,-1.0,False
w295401051,Бендеры,1.549,0.0,14,0,14,CITY_OK,1,18.0,4.0,-1.0,False
w295401054,Бендеры,1.635,0.0,14,0,14,CITY_OK,1,18.0,4.0,-1.0,False
w295401056,Бендеры,1.768,0.0,14,0,14,CITY_OK,1,18.0,4.0,-1.0,False
w295401059,Бендеры,1.669,0.0,14,0,14,CITY_OK,1,18.0,4.0,-1.0,False
w295401060,Бендеры,1.655,0.0,14,0,14,CITY_OK,1,18.0,4.0,-1.0,False
w295401061,Бендеры,1.513,0.0,14,0,14,CITY_OK,1,18.0,4.0,-1.0,False
w295401062,Бендеры,1.525,0.0,14,0,14,CITY_OK,1,18.0,4.0,-1.0,False
w295401063,Бендеры,1.421,0.0,14,0,14,CITY_OK,1,18.0,4.0,-1.0,False
w295401064,Бендеры,1.468,0.0,14,0,14,CITY_OK,1,18.0,4.0,-1.0,False
w295401065,Бендеры,1.472,0.0,14,0,14,CITY_OK,1,18.0,4.0,-1.0,False
w295401066,Бендеры,1.556,0.0,14,0,14,CITY_OK,1,18.0,4.0,-1.0,False
w295401067,Бендеры,1.505,0.0,14,0,14,CITY_OK,1,18.0,4.0,-1.0,False
w295401068,Бендеры,1.568,0.0,14,0,14,CITY_OK,1,18.0,4.0,-1.0,False
w295401069,Бендеры,1.581,0.0,14,0,14,CITY_OK,1,18.0,4.0,-1.0,False
w295401070,Бендеры,1.592,0.0,14,0,14,CITY_OK,1,18.0,4.0,-1.0,False
w295401071,Бендеры,1.779,0.0,14,0,14,CITY_OK,1,18.0,4.0,-1.0,False
w295401072,Бендеры,1.547,0.0,14,0,14,CITY_OK,1,18.0,4.0,-1.0,False
w295401073,Бендеры,1.757,0.0,14,0,14,CITY_OK,1,18.0,4.0,-1.0,False
w295401074,Бендеры,1.743,0.0,14,0,14,CITY_OK,1,18.0,4.0,-1.0,False
w295401075,Бендеры,1.643,0.0,14,0,14,CITY_OK,1,18.0,4.0,-1.0,False
w295401076,Бендеры,1.48,0.0,14,0,14,CITY_OK,1,18.0,4.0,-1.0,False
w295401077,Бендеры,1.461,0.0,14,0,14,CITY_OK,1,18.0,4.0,-1.0,False
w295401079,Бендеры,1.419,0.0,14,0,14,CITY_OK,1,18.0,4.0,-1.0,False
w295401081,Бендеры,1.545,0.0,14,0,14,CITY_OK,1,18.0,4.0,-1.0,False
w295401082,Бендеры,1.547,0.0,14,0,14,CITY_OK,1,18.0,4.0,-1.0,False
w295401083,Бендеры,1.626,0.0,14,0,14,CITY_OK,1,18.0,4.0,-1.0,False
w295401085,Бендеры,1.568,0.0,14,0,14,CITY_OK,1,18.0,4.0,-1.0,False
w295401086,Бендеры,1.323,0.0,14,0,14,CITY_OK,1,18.0,4.0,-1.0,False
w295401088,Бендеры,1.372,0.0,14,0,14,CITY_OK,1,18.0,4.0,-1.0,False
w295401089,Бендеры,1.411,0.0,14,0,14,CITY_OK,1,18.0,4.0,-1.0,False
w295401090,Бендеры,1.322,0.0,14,0,14,CITY_OK,1,18.0,4.0,-1.0,False
w295401091,Бендеры,1.33,0.0,14,0,14,CITY_OK,1,18.0,4.0,-1.0,False
w295401092,Бендеры,1.344,0.0,14,0,14,CITY_OK,1,18.0,4.0,-1.0,False
w295401096,Бендеры,1.464,0.0,14,0,14,CITY_OK,1,18.0,4.0,-1.0,False
w295401097,Бендеры,1.477,0.0,14,0,14,CITY_OK,1,18.0,4.0,-1.0,False
w295401098,Бендеры,1.497,0.0,14,0,14,CITY_OK,1,18.0,4.0,-1.0,False
w295401099,Бендеры,1.515,0.0,14,0,14,CITY_OK,1,18.0,4.0,-1.0,False
w295401100,Бендеры,1.529,0.0,14,0,14,CITY_OK,1,18.0,4.0,-1.0,False
w295401101,Бендеры,1.544,0.0,14,0,14,CITY_OK,1,18.0,4.0,-1.0,False
w295401102,Бендеры,1.56,0.0,14,0,14,CITY_OK,1,18.0,4.0,-1.0,False
w295401103,Бендеры,1.36,0.0,14,0,14,CITY_OK,1,18.0,4.0,-1.0,False
w295401104,Бендеры,1.375,0.0,14,0,14,CITY_OK,1,18.0,4.0,-1.0,False
w295401106,Бендеры,1.388,0.0,14,0,14,CITY_OK,1,18.0,4.0,-1.0,False
w295421401,Бендеры,1.398,0.0,14,0,14,CITY_OK,1,18.0,4.0,-1.0,False
w295421404,Бендеры,1.413,0.0,14,0,14,CITY_OK,1,18.0,4.0,-1.0,False
w295421406,Бендеры,1.429,0.0,14,0,14,CITY_OK,1,18.0,4.0,-1.0,False
w295421407,Бендеры,1.442,0.0,14,0,14,CITY_OK,1,18.0,4.0,-1.0,False
w295421408,Бендеры,1.456,0.0,14,0,14,CITY_OK,1,18.0,4.0,-1.0,False
w295421409,Бендеры,1.47,0.0,14,0,14,CITY_OK,1,18.0,4.0,-1.0,False
w295421412,Бендеры,1.483,0.0,14,0,14,CITY_OK,1,18.0,4.0,-1.0,False
w295421413,Бендеры,1.495,0.0,14,0,14,CITY_OK,1,18.0,4.0,-1.0,False
w295421416,Бендеры,1.511,0.0,14,0,14,CITY_OK,1,18.0,4.0,-1.0,False
w295421419,Бендеры,1.537,0.0,14,0,14,CITY_OK,1,18.0,4.0,-1.0,False
w295421420,Бендеры,1.555,0.0,14,0,14,CITY_OK,1,18.0,4.0,-1.0,False
w295421423,Бендеры,1.663,0.0,14,0,14,CITY_OK,1,18.0,4.0,-1.0,False
w295421425,Бендеры,1.675,0.0,14,0,14,CITY_OK,1,18.0,4.0,-1.0,False
w295421427,Бендеры,1.65,0.0,14,0,14,CITY_OK,1,18.0,4.0,-1.0,False
w295421429,Бендеры,1.576,0.0,14,0,14,CITY_OK,1,18.0,4.0,-1.0,False
w295421430,Бендеры,1.584,0.0,14,0,14,CITY_OK,1,18.0,4.0,-1.0,False
w295421433,Бендеры,1.619,0.0,14,0,14,CITY_OK,1,18.0,4.0,-1.0,False
w295421436,Бендеры,1.587,0.0,14,0,14,CITY_OK,1,18.0,4.0,-1.0,False
w295421437,Бендеры,1.609,0.0,14,0,14,CITY_OK,1,18.0,4.0,-1.0,False
w295421438,Бендеры,1.352,0.0,14,0,14,CITY_OK,1,18.0,4.0,-1.0,False
w295421440,Бендеры,1.361,0.0,14,0,14,CITY_OK,1,18.0,4.0,-1.0,False
w295421441,Бендеры,1.378,0.0,14,0,14,CITY_OK,1,18.0,4.0,-1.0,False
w295421443,Бендеры,1.393,0.0,14,0,14,CITY_OK,1,18.0,4.0,-1.0,False
w295421446,Бендеры,1.405,0.0,14,0,14,CITY_OK,1,18.0,4.0,-1.0,False
w295421447,Бендеры,1.422,0.0,14,0,14,CITY_OK,1,18.0,4.0,-1.0,False
w295421449,Бендеры,1.442,0.0,14,0,14,CITY_OK,1,18.0,4.0,-1.0,False
w295421450,Бендеры,1.456,0.0,14,0,14,CITY_OK,1,18.0,4.0,-1.0,False
w295421451,Бендеры,1.47,0.0,14,0,14,CITY_OK,1,18.0,4.0,-1.0,False
w295421452,Бендеры,1.508,0.0,14,0,14,CITY_OK,1,18.0,4.0,-1.0,False
w295421454,Бендеры,1.524,0.0,14,0,14,CITY_OK,1,18.0,4.0,-1.0,False
w295421456,Бендеры,1.547,0.0,14,0,14,CITY_OK,1,18.0,4.0,-1.0,False
w295421457,Бендеры,1.499,0.0,14,0,14,CITY_OK,1,18.0,4.0,-1.0,False
w295421458,Бендеры,1.52,0.0,14,0,14,CITY_OK,1,18.0,4.0,-1.0,False
w295421463,Бендеры,1.537,0.0,14,0,14,CITY_OK,1,18.0,4.0,-1.0,False
w295422055,Бендеры,1.439,0.0,14,0,14,CITY_OK,1,18.0,4.0,-1.0,False
w295422735,Бендеры,1.187,0.0,14,0,14,CITY_OK,1,18.0,4.0,-1.0,False
w295422737,Бендеры,1.166,0.0,14,0,14,CITY_OK,1,18.0,4.0,-1.0,False
w295422788,Бендеры,1.56,0.0,14,0,14,CITY_OK,1,18.0,4.0,-1.0,False
w295423294,Бендеры,1.459,0.0,14,0,14,CITY_OK,1,18.0,4.0,-1.0,False
w295423296,Бендеры,1.816,0.0,14,0,14,CITY_OK,1,18.0,4.0,-1.0,False
w295423297,Бендеры,1.802,0.0,14,0,14,CITY_OK,1,18.0,4.0,-1.0,False
w295423300,Бендеры,1.721,0.0,14,0,14,CITY_OK,1,18.0,4.0,-1.0,False
w295423302,Бендеры,1.508,0.0,14,0,14,CITY_OK,1,18.0,4.0,-1.0,False
w295423303,Бендеры,1.427,0.0,14,0,14,CITY_OK,1,18.0,4.0,-1.0,False
w295423304,Бендеры,1.435,0.0,14,0,14,CITY_OK,1,18.0,4.0,-1.0,False
w295423305,Бендеры,1.449,0.0,14,0,14,CITY_OK,1,18.0,4.0,-1.0,False
w295423306,Бендеры,1.461,0.0,14,0,14,CITY_OK,1,18.0,4.0,-1.0,False
w295423309,Бендеры,1.473,0.0,14,0,14,CITY_OK,1,18.0,4.0,-1.0,False
w295423310,Бендеры,1.682,0.0,14,0,14,CITY_OK,1,18.0,4.0,-1.0,False
w295423311,Бендеры,1.668,0.0,14,0,14,CITY_OK,1,18.0,4.0,-1.0,False
w295423312,Бендеры,1.696,0.0,14,0,14,CITY_OK,1,18.0,4.0,-1.0,False
w295423314,Бендеры,1.904,0.0,14,0,14,CITY_OK,1,18.0,4.0,-1.0,False
w295423610,Бендеры,1.19,0.0,14,0,14,CITY_OK,1,18.0,4.0,-1.0,False
w295540305,Бендеры,1.458,0.0,14,0,14,CITY_OK,1,18.0,4.0,-1.0,False
w295540307,Бендеры,1.475,0.0,14,0,14,CITY_OK,1,18.0,4.0,-1.0,False
w295540308,Бендеры,1.489,0.0,14,0,14,CITY_OK,1,18.0,4.0,-1.0,False
w295540309,Бендеры,1.5,0.0,14,0,14,CITY_OK,1,18.0,4.0,-1.0,False
w295540310,Бендеры,1.515,0.0,14,0,14,CITY_OK,1,18.0,4.0,-1.0,False
w295540311,Бендеры,1.586,0.0,14,0,14,CITY_OK,1,18.0,4.0,-1.0,False
w295540312,Бендеры,1.558,0.0,14,0,14,CITY_OK,1,18.0,4.0,-1.0,False
w295540314,Бендеры,1.53,0.0,14,0,14,CITY_OK,1,18.0,4.0,-1.0,False
w295540315,Бендеры,1.605,0.0,14,0,14,CITY_OK,1,18.0,4.0,-1.0,False
w295540316,Бендеры,1.545,0.0,14,0,14,CITY_OK,1,18.0,4.0,-1.0,False
w295540317,Бендеры,1.529,0.0,14,0,14,CITY_OK,1,18.0,4.0,-1.0,False
w295540320,Бендеры,1.56,0.0,14,0,14,CITY_OK,1,18.0,4.0,-1.0,False
w295540333,Бендеры,1.71,0.0,14,0,14,CITY_OK,1,18.0,4.0,-1.0,False
w295540335,Бендеры,1.692,0.0,14,0,14,CITY_OK,1,18.0,4.0,-1.0,False
w295571380,Бендеры,4.375,0.0,20,0,20,CITY_OK,2,26.25,6.25,1.25,True
w295619133,Бендеры,1.534,0.0,14,0,14,CITY_OK,1,18.0,4.0,-1.0,False
w295619134,Бендеры,1.513,0.0,14,0,14,CITY_OK,1,18.0,4.0,-1.0,False
w295619135,Бендеры,1.518,0.0,14,0,14,CITY_OK,1,18.0,4.0,-1.0,False
w295619137,Бендеры,1.758,0.0,14,0,14,CITY_OK,1,18.0,4.0,-1.0,False
w295619138,Бендеры,1.695,0.0,14,0,14,CITY_OK,1,18.0,4.0,-1.0,False
w295619150,Бендеры,1.687,0.0,14,0,14,CITY_OK,1,18.0,4.0,-1.0,False
w295619151,Бендеры,1.715,0.0,14,0,14,CITY_OK,1,18.0,4.0,-1.0,False
w295619153,Бендеры,1.713,0.0,14,0,14,CITY_OK,1,18.0,4.0,-1.0,False
w295619766,Бендеры,1.508,0.0,14,0,14,CITY_OK,1,18.0,4.0,-1.0,False
w295619767,Бендеры,1.517,0.0,14,0,14,CITY_OK,1,18.0,4.0,-1.0,False
w295619768,Бендеры,1.452,0.0,14,0,14,CITY_OK,1,18.0,4.0,-1.0,False
w295619772,Бендеры,1.425,0.0,14,0,14,CITY_OK,1,18.0,4.0,-1.0,False
w295620279,Бендеры,1.337,0.0,14,0,14,CITY_OK,1,18.0,4.0,-1.0,False
w295620281,Бендеры,1.331,0.0,14,0,14,CITY_OK,1,18.0,4.0,-1.0,False
w295638544,Бендеры,1.301,0.0,14,0,14,CITY_OK,1,18.0,4.0,-1.0,False
w295638549,Бендеры,1.268,0.0,14,0,14,CITY_OK,1,18.0,4.0,-1.0,False
w295707126,Бендеры,1.817,0.0,14,0,14,CITY_OK,1,18.0,4.0,-1.0,False
w295707127,Бендеры,1.832,0.0,14,0,14,CITY_OK,1,18.0,4.0,-1.0,False
w295707130,Бендеры,1.848,0.0,14,0,14,CITY_OK,1,18.0,4.0,-1.0,False
w295707132,Бендеры,1.728,0.0,14,0,14,CITY_OK,1,18.0,4.0,-1.0,False
w295707134,Бендеры,1.861,0.0,14,0,14,CITY_OK,1,18.0,4.0,-1.0,False
w295707136,Бендеры,1.878,0.0,14,0,14,CITY_OK,1,18.0,4.0,-1.0,False
w295707138,Бендеры,1.756,0.0,14,0,14,CITY_OK,1,18.0,4.0,-1.0,False
w295707139,Бендеры,1.791,0.0,14,0,14,CITY_OK,1,18.0,4.0,-1.0,False
w295707140,Бендеры,1.806,0.0,14,0,14,CITY_OK,1,18.0,4.0,-1.0,False
w295707142,Бендеры,1.821,0.0,14,0,14,CITY_OK,1,18.0,4.0,-1.0,False
w295707143,Бендеры,1.696,0.0,14,0,14,CITY_OK,1,18.0,4.0,-1.0,False
w295707144,Бендеры,1.682,0.0,14,0,14,CITY_OK,1,18.0,4.0,-1.0,False
w295707146,Бендеры,1.667,0.0,14,0,14,CITY_OK,1,18.0,4.0,-1.0,False
w295707148,Бендеры,1.653,0.0,14,0,14,CITY_OK,1,18.0,4.0,-1.0,False
w295850166,Бендеры,1.641,0.0,14,0,14,CITY_OK,1,18.0,4.0,-1.0,False
w295850168,Бендеры,1.625,0.0,14,0,14,CITY_OK,1,18.0,4.0,-1.0,False
w295850169,Бендеры,1.637,0.0,14,0,14,CITY_OK,1,18.0,4.0,-1.0,False
w295850170,Бендеры,1.571,0.0,14,0,14,CITY_OK,1,18.0,4.0,-1.0,False
w295850172,Бендеры,1.597,0.0,14,0,14,CITY_OK,1,18.0,4.0,-1.0,False
w295850173,Бендеры,1.601,0.0,14,0,14,CITY_OK,1,18.0,4.0,-1.0,False
w295998427,Бендеры,5.172,0.0,23,0,23,CITY_OK,3,31.03,8.03,3.03,False
w295998440,Бендеры,5.064,0.0,23,0,23,CITY_OK,3,30.38,7.38,2.38,True
w295998451,Бендеры,5.172,0.0,23,0,23,CITY_OK,3,31.03,8.03,3.03,False
w295998453,Бендеры,5.173,0.0,23,0,23,CITY_OK,3,31.04,8.04,3.04,False
w296175715,Бендеры,2.348,0.0,14,0,14,CITY_OK,2,18.0,4.0,-1.0,False
w297019342,Бендеры,4.984,0.0,22,0,22,CITY_OK,3,29.9,7.9,2.9,False
w297019343,Бендеры,4.916,0.0,22,0,22,CITY_OK,3,29.5,7.5,2.5,False
w297019344,Бендеры,5.002,0.0,23,0,23,CITY_OK,3,30.01,7.01,2.01,True
w297019345,Бендеры,4.958,0.0,22,0,22,CITY_OK,3,29.75,7.75,2.75,False
w297047299,Бендеры,4.135,0.0,19,0,19,CITY_OK,2,24.81,5.81,0.81,True
w297047300,Бендеры,4.155,0.0,19,0,19,CITY_OK,2,24.93,5.93,0.93,True
w298266136,Бендеры,1.072,0.0,14,0,14,CITY_OK,1,18.0,4.0,-1.0,False
w298266531,Бендеры,1.284,0.0,14,0,14,CITY_OK,1,18.0,4.0,-1.0,False
w298266532,Бендеры,1.306,0.0,14,0,14,CITY_OK,1,18.0,4.0,-1.0,False
w298266534,Бендеры,1.262,0.0,14,0,14,CITY_OK,1,18.0,4.0,-1.0,False
w298266535,Бендеры,1.328,0.0,14,0,14,CITY_OK,1,18.0,4.0,-1.0,False
w298266536,Бендеры,1.349,0.0,14,0,14,CITY_OK,1,18.0,4.0,-1.0,False
w298266537,Бендеры,1.365,0.0,14,0,14,CITY_OK,1,18.0,4.0,-1.0,False
w298266538,Бендеры,2.013,0.0,14,0,14,CITY_OK,1,18.0,4.0,-1.0,False
w298266541,Бендеры,1.289,0.0,14,0,14,CITY_OK,1,18.0,4.0,-1.0,False
w298266543,Бендеры,1.319,0.0,14,0,14,CITY_OK,1,18.0,4.0,-1.0,False
w298266607,Бендеры,1.768,0.0,14,0,14,CITY_OK,1,18.0,4.0,-1.0,False
w298266608,Бендеры,1.759,0.0,14,0,14,CITY_OK,1,18.0,4.0,-1.0,False
w299220284,Бендеры,1.89,0.0,14,0,14,CITY_OK,1,18.0,4.0,-1.0,False
w299220528,Бендеры,1.951,0.0,14,0,14,CITY_OK,1,18.0,4.0,-1.0,False
w299220529,Бендеры,1.934,0.0,14,0,14,CITY_OK,1,18.0,4.0,-1.0,False
w299339811,Бендеры,0.956,0.0,14,0,14,CITY_OK,1,18.0,4.0,-1.0,False
w299339812,Бендеры,0.998,0.0,14,0,14,CITY_OK,1,18.0,4.0,-1.0,False
w299339814,Бендеры,0.953,0.0,14,0,14,CITY_OK,1,18.0,4.0,-1.0,False
w299339815,Бендеры,0.995,0.0,14,0,14,CITY_OK,1,18.0,4.0,-1.0,False
w299339816,Бендеры,1.04,0.0,14,0,14,CITY_OK,1,18.0,4.0,-1.0,False
w299339817,Бендеры,1.083,0.0,14,0,14,CITY_OK,1,18.0,4.0,-1.0,False
w299339961,Бендеры,1.069,0.0,14,0,14,CITY_OK,1,18.0,4.0,-1.0,False
w299340246,Бендеры,1.127,0.0,14,0,14,CITY_OK,1,18.0,4.0,-1.0,False
w299347921,Бендеры,1.22,0.0,14,0,14,CITY_OK,1,18.0,4.0,-1.0,False
w299347924,Бендеры,1.276,0.0,14,0,14,CITY_OK,1,18.0,4.0,-1.0,False
w299347928,Бендеры,1.276,0.0,14,0,14,CITY_OK,1,18.0,4.0,-1.0,False
w299347929,Бендеры,1.428,0.0,14,0,14,CITY_OK,1,18.0,4.0,-1.0,False
w299347932,Бендеры,1.399,0.0,14,0,14,CITY_OK,1,18.0,4.0,-1.0,False
w299347934,Бендеры,1.38,0.0,14,0,14,CITY_OK,1,18.0,4.0,-1.0,False
w299347935,Бендеры,1.359,0.0,14,0,14,CITY_OK,1,18.0,4.0,-1.0,False
w299347937,Бендеры,1.375,0.0,14,0,14,CITY_OK,1,18.0,4.0,-1.0,False
w299347938,Бендеры,1.357,0.0,14,0,14,CITY_OK,1,18.0,4.0,-1.0,False
w299347940,Бендеры,1.381,0.0,14,0,14,CITY_OK,1,18.0,4.0,-1.0,False
w299347941,Бендеры,1.302,0.0,14,0,14,CITY_OK,1,18.0,4.0,-1.0,False
w299347943,Бендеры,1.331,0.0,14,0,14,CITY_OK,1,18.0,4.0,-1.0,False
w299347945,Бендеры,1.318,0.0,14,0,14,CITY_OK,1,18.0,4.0,-1.0,False
w299348682,Бендеры,1.409,0.0,14,0,14,CITY_OK,1,18.0,4.0,-1.0,False
w299349210,Бендеры,1.796,0.0,14,0,14,CITY_OK,1,18.0,4.0,-1.0,False
w299349211,Бендеры,1.829,0.0,14,0,14,CITY_OK,1,18.0,4.0,-1.0,False
w299349213,Бендеры,1.38,0.0,14,0,14,CITY_OK,1,18.0,4.0,-1.0,False
w299349818,Бендеры,1.368,0.0,14,0,14,CITY_OK,1,18.0,4.0,-1.0,False
w299349821,Бендеры,1.385,0.0,14,0,14,CITY_OK,1,18.0,4.0,-1.0,False
w299349823,Бендеры,1.4,0.0,14,0,14,CITY_OK,1,18.0,4.0,-1.0,False
w299349826,Бендеры,2.012,0.0,14,0,14,CITY_OK,1,18.0,4.0,-1.0,False
w299349828,Бендеры,1.991,0.0,14,0,14,CITY_OK,1,18.0,4.0,-1.0,False
w299349830,Бендеры,1.975,0.0,14,0,14,CITY_OK,1,18.0,4.0,-1.0,False
w299349832,Бендеры,1.962,0.0,14,0,14,CITY_OK,1,18.0,4.0,-1.0,False
w299349833,Бендеры,1.945,0.0,14,0,14,CITY_OK,1,18.0,4.0,-1.0,False
w299349835,Бендеры,1.933,0.0,14,0,14,CITY_OK,1,18.0,4.0,-1.0,False
w299349839,Бендеры,1.452,0.0,14,0,14,CITY_OK,1,18.0,4.0,-1.0,False
w299349841,Бендеры,1.467,0.0,14,0,14,CITY_OK,1,18.0,4.0,-1.0,False
w299349843,Бендеры,1.479,0.0,14,0,14,CITY_OK,1,18.0,4.0,-1.0,False
w299349849,Бендеры,1.525,0.0,14,0,14,CITY_OK,1,18.0,4.0,-1.0,False
w299357218,Бендеры,2.473,0.0,14,0,14,CITY_OK,2,18.0,4.0,-1.0,False
w299357219,Бендеры,2.474,0.0,14,0,14,CITY_OK,2,18.0,4.0,-1.0,False
w299357717,Бендеры,1.817,0.0,14,0,14,CITY_OK,1,18.0,4.0,-1.0,False
w299357718,Бендеры,1.884,0.0,14,0,14,CITY_OK,1,18.0,4.0,-1.0,False
w299357719,Бендеры,1.871,0.0,14,0,14,CITY_OK,1,18.0,4.0,-1.0,False
w299357720,Бендеры,1.892,0.0,14,0,14,CITY_OK,1,18.0,4.0,-1.0,False
w299374553,Парканы,5.028,,23,,,OUTSIDE_DISTANCE_UNAVAILABLE,3,,,,
w299409645,Бендеры,3.709,0.0,17,0,17,CITY_OK,2,22.25,5.25,0.25,True
w299629688,Бендеры,5.299,0.0,24,0,24,CITY_OK,3,31.79,7.79,2.79,False
w299629712,Бендеры,5.066,0.0,23,0,23,CITY_OK,3,30.4,7.4,2.4,True
w299629715,Бендеры,5.095,0.0,23,0,23,CITY_OK,3,30.57,7.57,2.57,False
w299629718,Бендеры,2.363,0.0,14,0,14,CITY_OK,2,18.0,4.0,-1.0,False
w299629721,Бендеры,2.378,0.0,14,0,14,CITY_OK,2,18.0,4.0,-1.0,False
w299629722,Бендеры,2.393,0.0,14,0,14,CITY_OK,2,18.0,4.0,-1.0,False
w299629871,Бендеры,2.06,0.0,14,0,14,CITY_OK,1,18.0,4.0,-1.0,False
w299797685,Бендеры,0.921,0.0,14,0,14,CITY_OK,1,18.0,4.0,-1.0,False
w299800907,Бендеры,1.426,0.0,14,0,14,CITY_OK,1,18.0,4.0,-1.0,False
w299800908,Бендеры,1.439,0.0,14,0,14,CITY_OK,1,18.0,4.0,-1.0,False
w299800909,Бендеры,1.452,0.0,14,0,14,CITY_OK,1,18.0,4.0,-1.0,False
w299800910,Бендеры,1.464,0.0,14,0,14,CITY_OK,1,18.0,4.0,-1.0,False
w299801037,Бендеры,1.424,0.0,14,0,14,CITY_OK,1,18.0,4.0,-1.0,False
w299801040,Бендеры,1.442,0.0,14,0,14,CITY_OK,1,18.0,4.0,-1.0,False
w299956671,Бендеры,7.458,0.0,32,0,32,CITY_OK,4,44.75,12.75,7.75,False
w301224316,Бендеры,1.564,0.0,14,0,14,CITY_OK,1,18.0,4.0,-1.0,False
w301224317,Бендеры,1.541,0.0,14,0,14,CITY_OK,1,18.0,4.0,-1.0,False
w301224319,Бендеры,1.593,0.0,14,0,14,CITY_OK,1,18.0,4.0,-1.0,False
w301224321,Бендеры,1.575,0.0,14,0,14,CITY_OK,1,18.0,4.0,-1.0,False
w301224323,Бендеры,1.549,0.0,14,0,14,CITY_OK,1,18.0,4.0,-1.0,False
w301224324,Бендеры,1.615,0.0,14,0,14,CITY_OK,1,18.0,4.0,-1.0,False
w301225908,Бендеры,1.635,0.0,14,0,14,CITY_OK,1,18.0,4.0,-1.0,False
w301226096,Бендеры,1.66,0.0,14,0,14,CITY_OK,1,18.0,4.0,-1.0,False
w301226098,Бендеры,1.669,0.0,14,0,14,CITY_OK,1,18.0,4.0,-1.0,False
w301226099,Бендеры,1.679,0.0,14,0,14,CITY_OK,1,18.0,4.0,-1.0,False
w301226100,Бендеры,1.69,0.0,14,0,14,CITY_OK,1,18.0,4.0,-1.0,False
w301226103,Бендеры,1.534,0.0,14,0,14,CITY_OK,1,18.0,4.0,-1.0,False
w301226105,Бендеры,1.543,0.0,14,0,14,CITY_OK,1,18.0,4.0,-1.0,False
w301440291,Бендеры,1.905,0.0,14,0,14,CITY_OK,1,18.0,4.0,-1.0,False
w301440598,Бендеры,1.668,0.0,14,0,14,CITY_OK,1,18.0,4.0,-1.0,False
w301442644,Бендеры,1.65,0.0,14,0,14,CITY_OK,1,18.0,4.0,-1.0,False
w301442645,Бендеры,1.641,0.0,14,0,14,CITY_OK,1,18.0,4.0,-1.0,False
w301442647,Бендеры,1.629,0.0,14,0,14,CITY_OK,1,18.0,4.0,-1.0,False
w301442648,Бендеры,1.615,0.0,14,0,14,CITY_OK,1,18.0,4.0,-1.0,False
w301630521,Бендеры,1.592,0.0,14,0,14,CITY_OK,1,18.0,4.0,-1.0,False
w301630523,Бендеры,1.626,0.0,14,0,14,CITY_OK,1,18.0,4.0,-1.0,False
w301630524,Бендеры,1.645,0.0,14,0,14,CITY_OK,1,18.0,4.0,-1.0,False
w301630525,Бендеры,1.631,0.0,14,0,14,CITY_OK,1,18.0,4.0,-1.0,False
w301630526,Бендеры,1.616,0.0,14,0,14,CITY_OK,1,18.0,4.0,-1.0,False
w301630527,Бендеры,1.606,0.0,14,0,14,CITY_OK,1,18.0,4.0,-1.0,False
w301630530,Бендеры,1.646,0.0,14,0,14,CITY_OK,1,18.0,4.0,-1.0,False
w301630531,Бендеры,1.657,0.0,14,0,14,CITY_OK,1,18.0,4.0,-1.0,False
w301630532,Бендеры,1.86,0.0,14,0,14,CITY_OK,1,18.0,4.0,-1.0,False
w301630534,Бендеры,1.787,0.0,14,0,14,CITY_OK,1,18.0,4.0,-1.0,False
w301630536,Бендеры,1.832,0.0,14,0,14,CITY_OK,1,18.0,4.0,-1.0,False
w301630537,Бендеры,1.802,0.0,14,0,14,CITY_OK,1,18.0,4.0,-1.0,False
w301630540,Бендеры,2.11,0.0,14,0,14,CITY_OK,2,18.0,4.0,-1.0,False
w301630541,Бендеры,1.86,0.0,14,0,14,CITY_OK,1,18.0,4.0,-1.0,False
w301630544,Бендеры,1.688,0.0,14,0,14,CITY_OK,1,18.0,4.0,-1.0,False
w301630551,Бендеры,1.741,0.0,14,0,14,CITY_OK,1,18.0,4.0,-1.0,False
w301630552,Бендеры,1.752,0.0,14,0,14,CITY_OK,1,18.0,4.0,-1.0,False
w301630556,Бендеры,1.756,0.0,14,0,14,CITY_OK,1,18.0,4.0,-1.0,False
w301630558,Бендеры,1.763,0.0,14,0,14,CITY_OK,1,18.0,4.0,-1.0,False
w301630559,Бендеры,1.771,0.0,14,0,14,CITY_OK,1,18.0,4.0,-1.0,False
w301630561,Бендеры,1.784,0.0,14,0,14,CITY_OK,1,18.0,4.0,-1.0,False
w301630562,Бендеры,1.796,0.0,14,0,14,CITY_OK,1,18.0,4.0,-1.0,False
w301630564,Бендеры,1.859,0.0,14,0,14,CITY_OK,1,18.0,4.0,-1.0,False
w301630565,Бендеры,1.78,0.0,14,0,14,CITY_OK,1,18.0,4.0,-1.0,False
w301630566,Бендеры,1.825,0.0,14,0,14,CITY_OK,1,18.0,4.0,-1.0,False
w301630568,Бендеры,1.817,0.0,14,0,14,CITY_OK,1,18.0,4.0,-1.0,False
w301635367,Бендеры,1.82,0.0,14,0,14,CITY_OK,1,18.0,4.0,-1.0,False
w301635369,Бендеры,1.833,0.0,14,0,14,CITY_OK,1,18.0,4.0,-1.0,False
w301635370,Бендеры,1.85,0.0,14,0,14,CITY_OK,1,18.0,4.0,-1.0,False
w301635371,Бендеры,1.866,0.0,14,0,14,CITY_OK,1,18.0,4.0,-1.0,False
w301635372,Бендеры,1.88,0.0,14,0,14,CITY_OK,1,18.0,4.0,-1.0,False
w301635374,Бендеры,1.877,0.0,14,0,14,CITY_OK,1,18.0,4.0,-1.0,False
w301635375,Бендеры,1.898,0.0,14,0,14,CITY_OK,1,18.0,4.0,-1.0,False
w301635376,Бендеры,1.915,0.0,14,0,14,CITY_OK,1,18.0,4.0,-1.0,False
w301635377,Бендеры,1.895,0.0,14,0,14,CITY_OK,1,18.0,4.0,-1.0,False
w301635379,Бендеры,1.911,0.0,14,0,14,CITY_OK,1,18.0,4.0,-1.0,False
w301635380,Бендеры,1.971,0.0,14,0,14,CITY_OK,1,18.0,4.0,-1.0,False
w301635381,Бендеры,1.941,0.0,14,0,14,CITY_OK,1,18.0,4.0,-1.0,False
w301635382,Бендеры,1.927,0.0,14,0,14,CITY_OK,1,18.0,4.0,-1.0,False
w301635687,Бендеры,1.923,0.0,14,0,14,CITY_OK,1,18.0,4.0,-1.0,False
w301635689,Бендеры,1.937,0.0,14,0,14,CITY_OK,1,18.0,4.0,-1.0,False
w301635692,Бендеры,1.982,0.0,14,0,14,CITY_OK,1,18.0,4.0,-1.0,False
w301635697,Бендеры,2.004,0.0,14,0,14,CITY_OK,1,18.0,4.0,-1.0,False
w301635698,Бендеры,1.976,0.0,14,0,14,CITY_OK,1,18.0,4.0,-1.0,False
w301635701,Бендеры,1.982,0.0,14,0,14,CITY_OK,1,18.0,4.0,-1.0,False
w301635703,Бендеры,2.006,0.0,14,0,14,CITY_OK,1,18.0,4.0,-1.0,False
w301635704,Бендеры,1.992,0.0,14,0,14,CITY_OK,1,18.0,4.0,-1.0,False
w301982088,Бендеры,4.692,0.0,21,0,21,CITY_OK,3,28.15,7.15,2.15,True
w301982089,Бендеры,4.733,0.0,21,0,21,CITY_OK,3,28.4,7.4,2.4,False
w301982090,Бендеры,4.769,0.0,22,0,22,CITY_OK,3,28.61,6.61,1.61,True
w301982096,Бендеры,4.829,0.0,22,0,22,CITY_OK,3,28.97,6.97,1.97,True
w301982100,Бендеры,5.09,0.0,23,0,23,CITY_OK,3,30.54,7.54,2.54,True
w301982104,Бендеры,4.907,0.0,22,0,22,CITY_OK,3,29.44,7.44,2.44,True
w301982107,Бендеры,4.885,0.0,22,0,22,CITY_OK,3,29.31,7.31,2.31,True
w301982108,Бендеры,4.853,0.0,22,0,22,CITY_OK,3,29.12,7.12,2.12,True
w301982110,Бендеры,4.831,0.0,22,0,22,CITY_OK,3,28.99,6.99,1.99,True
w301982111,Бендеры,4.819,0.0,22,0,22,CITY_OK,3,28.91,6.91,1.91,True
w301982112,Бендеры,4.802,0.0,22,0,22,CITY_OK,3,28.81,6.81,1.81,True
w301982113,Бендеры,4.803,0.0,22,0,22,CITY_OK,3,28.82,6.82,1.82,True
w302066893,Бендеры,4.601,0.0,21,0,21,CITY_OK,3,27.61,6.61,1.61,True
w302066894,Бендеры,4.676,0.0,21,0,21,CITY_OK,3,28.06,7.06,2.06,True
w302066895,Бендеры,4.58,0.0,21,0,21,CITY_OK,3,27.48,6.48,1.48,True
w302066901,Бендеры,4.718,0.0,21,0,21,CITY_OK,3,28.31,7.31,2.31,True
w302066902,Бендеры,4.731,0.0,21,0,21,CITY_OK,3,28.39,7.39,2.39,False
w302066903,Бендеры,4.702,0.0,21,0,21,CITY_OK,3,28.21,7.21,2.21,True
w302066905,Бендеры,4.663,0.0,21,0,21,CITY_OK,3,27.98,6.98,1.98,True
w302066906,Бендеры,4.679,0.0,21,0,21,CITY_OK,3,28.07,7.07,2.07,True
w302066907,Бендеры,4.696,0.0,21,0,21,CITY_OK,3,28.18,7.18,2.18,True
w302066909,Бендеры,4.742,0.0,21,0,21,CITY_OK,3,28.45,7.45,2.45,False
w302066911,Бендеры,4.721,0.0,21,0,21,CITY_OK,3,28.33,7.33,2.33,True
w302066913,Бендеры,4.898,0.0,22,0,22,CITY_OK,3,29.39,7.39,2.39,True
w302066914,Бендеры,4.918,0.0,22,0,22,CITY_OK,3,29.51,7.51,2.51,False
w302066922,Бендеры,4.476,0.0,20,0,20,CITY_OK,3,26.86,6.86,1.86,True
w302066923,Бендеры,4.429,0.0,20,0,20,CITY_OK,3,26.57,6.57,1.57,True
w302066924,Бендеры,4.485,0.0,20,0,20,CITY_OK,3,26.91,6.91,1.91,True
w302066925,Бендеры,4.467,0.0,20,0,20,CITY_OK,3,26.8,6.8,1.8,True
w302066929,Бендеры,4.462,0.0,20,0,20,CITY_OK,3,26.77,6.77,1.77,True
w302066930,Бендеры,4.486,0.0,20,0,20,CITY_OK,3,26.92,6.92,1.92,True
w302066931,Бендеры,4.519,0.0,21,0,21,CITY_OK,3,27.11,6.11,1.11,True
w302066932,Бендеры,4.574,0.0,21,0,21,CITY_OK,3,27.44,6.44,1.44,True
w302066945,Бендеры,4.617,0.0,21,0,21,CITY_OK,3,27.7,6.7,1.7,True
w302066946,Бендеры,4.718,0.0,21,0,21,CITY_OK,3,28.31,7.31,2.31,True
w302066947,Бендеры,4.703,0.0,21,0,21,CITY_OK,3,28.22,7.22,2.22,True
w302066948,Бендеры,4.661,0.0,21,0,21,CITY_OK,3,27.97,6.97,1.97,True
w302066949,Бендеры,4.64,0.0,21,0,21,CITY_OK,3,27.84,6.84,1.84,True
w302066951,Бендеры,4.684,0.0,21,0,21,CITY_OK,3,28.1,7.1,2.1,True
w302066953,Бендеры,4.807,0.0,22,0,22,CITY_OK,3,28.84,6.84,1.84,True
w302067664,Бендеры,4.644,0.0,21,0,21,CITY_OK,3,27.86,6.86,1.86,True
w302067666,Бендеры,4.628,0.0,21,0,21,CITY_OK,3,27.77,6.77,1.77,True
w302067676,Бендеры,4.662,0.0,21,0,21,CITY_OK,3,27.97,6.97,1.97,True
w302067678,Бендеры,4.711,0.0,21,0,21,CITY_OK,3,28.27,7.27,2.27,True
w302074717,Бендеры,5.022,0.0,23,0,23,CITY_OK,3,30.13,7.13,2.13,True
w302074718,Бендеры,5.005,0.0,23,0,23,CITY_OK,3,30.03,7.03,2.03,True
w302074719,Бендеры,5.004,0.0,23,0,23,CITY_OK,3,30.02,7.02,2.02,True
w302074720,Бендеры,4.986,0.0,22,0,22,CITY_OK,3,29.92,7.92,2.92,False
w302074721,Бендеры,5.046,0.0,23,0,23,CITY_OK,3,30.28,7.28,2.28,True
w302074722,Бендеры,5.101,0.0,23,0,23,CITY_OK,3,30.61,7.61,2.61,False
w302074724,Бендеры,5.023,0.0,23,0,23,CITY_OK,3,30.14,7.14,2.14,True
w302074725,Бендеры,5.071,0.0,23,0,23,CITY_OK,3,30.43,7.43,2.43,True
w302074727,Бендеры,5.089,0.0,23,0,23,CITY_OK,3,30.53,7.53,2.53,True
w302074728,Бендеры,5.084,0.0,23,0,23,CITY_OK,3,30.5,7.5,2.5,True
w302074735,Бендеры,5.124,0.0,23,0,23,CITY_OK,3,30.74,7.74,2.74,False
w302074736,Бендеры,5.145,0.0,23,0,23,CITY_OK,3,30.87,7.87,2.87,False
w302074738,Бендеры,5.261,0.0,24,0,24,CITY_OK,3,31.57,7.57,2.57,True
w302074740,Бендеры,5.217,0.0,23,0,23,CITY_OK,3,31.3,8.3,3.3,False
w302074741,Бендеры,5.232,0.0,23,0,23,CITY_OK,3,31.39,8.39,3.39,False
w302074745,Бендеры,5.156,0.0,23,0,23,CITY_OK,3,30.94,7.94,2.94,False
w302074746,Бендеры,5.213,0.0,23,0,23,CITY_OK,3,31.28,8.28,3.28,False
w302074747,Бендеры,5.227,0.0,23,0,23,CITY_OK,3,31.36,8.36,3.36,False
w302074748,Бендеры,5.243,0.0,23,0,23,CITY_OK,3,31.46,8.46,3.46,False
w302074749,Бендеры,5.258,0.0,24,0,24,CITY_OK,3,31.55,7.55,2.55,True
w302074753,Бендеры,5.302,0.0,24,0,24,CITY_OK,3,31.81,7.81,2.81,False
w302074755,Бендеры,5.212,0.0,23,0,23,CITY_OK,3,31.27,8.27,3.27,False
w302141408,Бендеры,2.406,0.0,14,0,14,CITY_OK,2,18.0,4.0,-1.0,False
w302141409,Бендеры,2.421,0.0,14,0,14,CITY_OK,2,18.0,4.0,-1.0,False
w302141410,Бендеры,2.421,0.0,14,0,14,CITY_OK,2,18.0,4.0,-1.0,False
w302364396,Бендеры,2.022,0.0,14,0,14,CITY_OK,1,18.0,4.0,-1.0,False
w302364398,Бендеры,1.983,0.0,14,0,14,CITY_OK,1,18.0,4.0,-1.0,False
w302364399,Бендеры,2.035,0.0,14,0,14,CITY_OK,1,18.0,4.0,-1.0,False
w302364401,Бендеры,1.923,0.0,14,0,14,CITY_OK,1,18.0,4.0,-1.0,False
w302364406,Бендеры,1.87,0.0,14,0,14,CITY_OK,1,18.0,4.0,-1.0,False
w302364407,Бендеры,1.855,0.0,14,0,14,CITY_OK,1,18.0,4.0,-1.0,False
w302364414,Бендеры,1.911,0.0,14,0,14,CITY_OK,1,18.0,4.0,-1.0,False
w302364419,Бендеры,1.833,0.0,14,0,14,CITY_OK,1,18.0,4.0,-1.0,False
w302364425,Бендеры,1.853,0.0,14,0,14,CITY_OK,1,18.0,4.0,-1.0,False
w302364429,Бендеры,1.876,0.0,14,0,14,CITY_OK,1,18.0,4.0,-1.0,False
w302364432,Бендеры,1.879,0.0,14,0,14,CITY_OK,1,18.0,4.0,-1.0,False
w302364433,Бендеры,1.873,0.0,14,0,14,CITY_OK,1,18.0,4.0,-1.0,False
w302364434,Бендеры,1.9,0.0,14,0,14,CITY_OK,1,18.0,4.0,-1.0,False
w302364509,Бендеры,1.915,0.0,14,0,14,CITY_OK,1,18.0,4.0,-1.0,False
w302364514,Бендеры,1.765,0.0,14,0,14,CITY_OK,1,18.0,4.0,-1.0,False
w302365003,Бендеры,2.145,0.0,14,0,14,CITY_OK,2,18.0,4.0,-1.0,False
w302365004,Бендеры,2.124,0.0,14,0,14,CITY_OK,2,18.0,4.0,-1.0,False
w302365005,Бендеры,2.111,0.0,14,0,14,CITY_OK,2,18.0,4.0,-1.0,False
w302365006,Бендеры,2.141,0.0,14,0,14,CITY_OK,2,18.0,4.0,-1.0,False
w302365009,Бендеры,2.154,0.0,14,0,14,CITY_OK,2,18.0,4.0,-1.0,False
w302365010,Бендеры,2.167,0.0,14,0,14,CITY_OK,2,18.0,4.0,-1.0,False
w302365020,Бендеры,1.886,0.0,14,0,14,CITY_OK,1,18.0,4.0,-1.0,False
w302365080,Бендеры,1.939,0.0,14,0,14,CITY_OK,1,18.0,4.0,-1.0,False
w302365081,Бендеры,2.322,0.0,14,0,14,CITY_OK,2,18.0,4.0,-1.0,False
w302365816,Бендеры,2.056,0.0,14,0,14,CITY_OK,1,18.0,4.0,-1.0,False
w302365817,Бендеры,2.077,0.0,14,0,14,CITY_OK,1,18.0,4.0,-1.0,False
w302365820,Бендеры,2.031,0.0,14,0,14,CITY_OK,1,18.0,4.0,-1.0,False
w302366061,Бендеры,1.992,0.0,14,0,14,CITY_OK,1,18.0,4.0,-1.0,False
w302366063,Бендеры,2.013,0.0,14,0,14,CITY_OK,1,18.0,4.0,-1.0,False
w302366065,Бендеры,1.992,0.0,14,0,14,CITY_OK,1,18.0,4.0,-1.0,False
w302366068,Бендеры,1.978,0.0,14,0,14,CITY_OK,1,18.0,4.0,-1.0,False
w302366069,Бендеры,1.913,0.0,14,0,14,CITY_OK,1,18.0,4.0,-1.0,False
w302366070,Бендеры,1.929,0.0,14,0,14,CITY_OK,1,18.0,4.0,-1.0,False
w302366071,Бендеры,1.949,0.0,14,0,14,CITY_OK,1,18.0,4.0,-1.0,False
w302366072,Бендеры,1.963,0.0,14,0,14,CITY_OK,1,18.0,4.0,-1.0,False
w302368270,Бендеры,2.392,0.0,14,0,14,CITY_OK,2,18.0,4.0,-1.0,False
w302368615,Бендеры,2.324,0.0,14,0,14,CITY_OK,2,18.0,4.0,-1.0,False
w302368616,Бендеры,2.328,0.0,14,0,14,CITY_OK,2,18.0,4.0,-1.0,False
w302368617,Бендеры,4.714,0.0,21,0,21,CITY_OK,3,28.28,7.28,2.28,True
w302369878,Бендеры,5.245,0.0,23,0,23,CITY_OK,3,31.47,8.47,3.47,False
w302369879,Бендеры,5.262,0.0,24,0,24,CITY_OK,3,31.57,7.57,2.57,True
w302369880,Бендеры,5.329,0.0,24,0,24,CITY_OK,3,31.97,7.97,2.97,False
w302370519,Бендеры,1.265,0.0,14,0,14,CITY_OK,1,18.0,4.0,-1.0,False
w302370538,Бендеры,1.395,0.0,14,0,14,CITY_OK,1,18.0,4.0,-1.0,False
w302370866,Бендеры,0.759,0.0,14,0,14,CITY_OK,1,18.0,4.0,-1.0,False
w302375946,Бендеры,2.087,0.0,14,0,14,CITY_OK,1,18.0,4.0,-1.0,False
w302375950,Бендеры,2.101,0.0,14,0,14,CITY_OK,2,18.0,4.0,-1.0,False
w302375951,Бендеры,2.115,0.0,14,0,14,CITY_OK,2,18.0,4.0,-1.0,False
w302375953,Бендеры,2.121,0.0,14,0,14,CITY_OK,2,18.0,4.0,-1.0,False
w302375955,Бендеры,2.412,0.0,14,0,14,CITY_OK,2,18.0,4.0,-1.0,False
w302375956,Бендеры,2.397,0.0,14,0,14,CITY_OK,2,18.0,4.0,-1.0,False
w302375958,Бендеры,2.38,0.0,14,0,14,CITY_OK,2,18.0,4.0,-1.0,False
w302375960,Бендеры,2.366,0.0,14,0,14,CITY_OK,2,18.0,4.0,-1.0,False
w302375963,Бендеры,2.35,0.0,14,0,14,CITY_OK,2,18.0,4.0,-1.0,False
w302375967,Бендеры,2.334,0.0,14,0,14,CITY_OK,2,18.0,4.0,-1.0,False
w302375968,Бендеры,2.32,0.0,14,0,14,CITY_OK,2,18.0,4.0,-1.0,False
w302375970,Бендеры,2.306,0.0,14,0,14,CITY_OK,2,18.0,4.0,-1.0,False
w302375971,Бендеры,2.289,0.0,14,0,14,CITY_OK,2,18.0,4.0,-1.0,False
w302375973,Бендеры,2.318,0.0,14,0,14,CITY_OK,2,18.0,4.0,-1.0,False
w302375976,Бендеры,2.303,0.0,14,0,14,CITY_OK,2,18.0,4.0,-1.0,False
w302375977,Бендеры,2.262,0.0,14,0,14,CITY_OK,2,18.0,4.0,-1.0,False
w302375979,Бендеры,2.132,0.0,14,0,14,CITY_OK,2,18.0,4.0,-1.0,False
w302375980,Бендеры,2.215,0.0,14,0,14,CITY_OK,2,18.0,4.0,-1.0,False
w302375981,Бендеры,2.158,0.0,14,0,14,CITY_OK,2,18.0,4.0,-1.0,False
w302375982,Бендеры,2.147,0.0,14,0,14,CITY_OK,2,18.0,4.0,-1.0,False
w302376200,Бендеры,2.039,0.0,14,0,14,CITY_OK,1,18.0,4.0,-1.0,False
w302488618,Бендеры,2.051,0.0,14,0,14,CITY_OK,1,18.0,4.0,-1.0,False
w302488619,Бендеры,2.019,0.0,14,0,14,CITY_OK,1,18.0,4.0,-1.0,False
w302488627,Бендеры,1.964,0.0,14,0,14,CITY_OK,1,18.0,4.0,-1.0,False
w302488631,Бендеры,1.949,0.0,14,0,14,CITY_OK,1,18.0,4.0,-1.0,False
w302488632,Бендеры,1.939,0.0,14,0,14,CITY_OK,1,18.0,4.0,-1.0,False
w302488635,Бендеры,1.91,0.0,14,0,14,CITY_OK,1,18.0,4.0,-1.0,False
w302490087,Бендеры,1.867,0.0,14,0,14,CITY_OK,1,18.0,4.0,-1.0,False
w302490088,Бендеры,1.456,0.0,14,0,14,CITY_OK,1,18.0,4.0,-1.0,False
w302490091,Бендеры,1.479,0.0,14,0,14,CITY_OK,1,18.0,4.0,-1.0,False
w302490093,Бендеры,1.847,0.0,14,0,14,CITY_OK,1,18.0,4.0,-1.0,False
w302490098,Бендеры,1.891,0.0,14,0,14,CITY_OK,1,18.0,4.0,-1.0,False
w302490099,Бендеры,1.813,0.0,14,0,14,CITY_OK,1,18.0,4.0,-1.0,False
w302490103,Бендеры,1.833,0.0,14,0,14,CITY_OK,1,18.0,4.0,-1.0,False
w302490107,Бендеры,1.812,0.0,14,0,14,CITY_OK,1,18.0,4.0,-1.0,False
w302490108,Бендеры,1.798,0.0,14,0,14,CITY_OK,1,18.0,4.0,-1.0,False
w302490110,Бендеры,1.548,0.0,14,0,14,CITY_OK,1,18.0,4.0,-1.0,False
w302490111,Бендеры,1.786,0.0,14,0,14,CITY_OK,1,18.0,4.0,-1.0,False
w302490112,Бендеры,1.767,0.0,14,0,14,CITY_OK,1,18.0,4.0,-1.0,False
w302490113,Бендеры,1.74,0.0,14,0,14,CITY_OK,1,18.0,4.0,-1.0,False
w302490115,Бендеры,1.833,0.0,14,0,14,CITY_OK,1,18.0,4.0,-1.0,False
w302492922,Бендеры,2.294,0.0,14,0,14,CITY_OK,2,18.0,4.0,-1.0,False
w302492924,Бендеры,2.28,0.0,14,0,14,CITY_OK,2,18.0,4.0,-1.0,False
w302492926,Бендеры,2.268,0.0,14,0,14,CITY_OK,2,18.0,4.0,-1.0,False
w302492928,Бендеры,2.365,0.0,14,0,14,CITY_OK,2,18.0,4.0,-1.0,False
w302492930,Бендеры,2.387,0.0,14,0,14,CITY_OK,2,18.0,4.0,-1.0,False
w302492932,Бендеры,2.192,0.0,14,0,14,CITY_OK,2,18.0,4.0,-1.0,False
w302492933,Бендеры,2.211,0.0,14,0,14,CITY_OK,2,18.0,4.0,-1.0,False
w302492935,Бендеры,2.227,0.0,14,0,14,CITY_OK,2,18.0,4.0,-1.0,False
w302492936,Бендеры,2.244,0.0,14,0,14,CITY_OK,2,18.0,4.0,-1.0,False
w302492937,Бендеры,2.255,0.0,14,0,14,CITY_OK,2,18.0,4.0,-1.0,False
w302537732,Бендеры,1.807,0.0,14,0,14,CITY_OK,1,18.0,4.0,-1.0,False
w302537733,Бендеры,1.789,0.0,14,0,14,CITY_OK,1,18.0,4.0,-1.0,False
w302537734,Бендеры,1.841,0.0,14,0,14,CITY_OK,1,18.0,4.0,-1.0,False
w302537735,Бендеры,1.836,0.0,14,0,14,CITY_OK,1,18.0,4.0,-1.0,False
w302537738,Бендеры,1.925,0.0,14,0,14,CITY_OK,1,18.0,4.0,-1.0,False
w302537739,Бендеры,1.903,0.0,14,0,14,CITY_OK,1,18.0,4.0,-1.0,False
w302537741,Бендеры,1.932,0.0,14,0,14,CITY_OK,1,18.0,4.0,-1.0,False
w302537742,Бендеры,1.945,0.0,14,0,14,CITY_OK,1,18.0,4.0,-1.0,False
w302537743,Бендеры,1.952,0.0,14,0,14,CITY_OK,1,18.0,4.0,-1.0,False
w302537744,Бендеры,1.964,0.0,14,0,14,CITY_OK,1,18.0,4.0,-1.0,False
w302537745,Бендеры,1.977,0.0,14,0,14,CITY_OK,1,18.0,4.0,-1.0,False
w302537746,Бендеры,2.002,0.0,14,0,14,CITY_OK,1,18.0,4.0,-1.0,False
w302537747,Бендеры,2.018,0.0,14,0,14,CITY_OK,1,18.0,4.0,-1.0,False
w302537749,Бендеры,1.954,0.0,14,0,14,CITY_OK,1,18.0,4.0,-1.0,False
w302537750,Бендеры,2.039,0.0,14,0,14,CITY_OK,1,18.0,4.0,-1.0,False
w302539247,Бендеры,1.897,0.0,14,0,14,CITY_OK,1,18.0,4.0,-1.0,False
w302539248,Бендеры,1.939,0.0,14,0,14,CITY_OK,1,18.0,4.0,-1.0,False
w302539249,Бендеры,2.064,0.0,14,0,14,CITY_OK,1,18.0,4.0,-1.0,False
w303139361,Бендеры,2.082,0.0,14,0,14,CITY_OK,1,18.0,4.0,-1.0,False
w303139362,Бендеры,2.093,0.0,14,0,14,CITY_OK,2,18.0,4.0,-1.0,False
w303139363,Бендеры,2.106,0.0,14,0,14,CITY_OK,2,18.0,4.0,-1.0,False
w303139364,Бендеры,2.116,0.0,14,0,14,CITY_OK,2,18.0,4.0,-1.0,False
w303139372,Бендеры,2.337,0.0,14,0,14,CITY_OK,2,18.0,4.0,-1.0,False
w303140573,Бендеры,2.128,0.0,14,0,14,CITY_OK,2,18.0,4.0,-1.0,False
w303140574,Бендеры,2.141,0.0,14,0,14,CITY_OK,2,18.0,4.0,-1.0,False
w303140576,Бендеры,2.154,0.0,14,0,14,CITY_OK,2,18.0,4.0,-1.0,False
w303140577,Бендеры,2.167,0.0,14,0,14,CITY_OK,2,18.0,4.0,-1.0,False
w303140587,Бендеры,2.176,0.0,14,0,14,CITY_OK,2,18.0,4.0,-1.0,False
w303140590,Бендеры,2.183,0.0,14,0,14,CITY_OK,2,18.0,4.0,-1.0,False
w303140593,Бендеры,2.198,0.0,14,0,14,CITY_OK,2,18.0,4.0,-1.0,False
w303140596,Бендеры,1.975,0.0,14,0,14,CITY_OK,1,18.0,4.0,-1.0,False
w303140598,Бендеры,2.1,0.0,14,0,14,CITY_OK,2,18.0,4.0,-1.0,False
w303140602,Бендеры,1.853,0.0,14,0,14,CITY_OK,1,18.0,4.0,-1.0,False
w303140603,Бендеры,1.873,0.0,14,0,14,CITY_OK,1,18.0,4.0,-1.0,False
w303140604,Бендеры,1.953,0.0,14,0,14,CITY_OK,1,18.0,4.0,-1.0,False
w303140605,Бендеры,1.966,0.0,14,0,14,CITY_OK,1,18.0,4.0,-1.0,False
w303140607,Бендеры,1.923,0.0,14,0,14,CITY_OK,1,18.0,4.0,-1.0,False
w303140609,Бендеры,1.954,0.0,14,0,14,CITY_OK,1,18.0,4.0,-1.0,False
w303140612,Бендеры,2.309,0.0,14,0,14,CITY_OK,2,18.0,4.0,-1.0,False
w303140615,Бендеры,1.996,0.0,14,0,14,CITY_OK,1,18.0,4.0,-1.0,False
w303140617,Бендеры,2.008,0.0,14,0,14,CITY_OK,1,18.0,4.0,-1.0,False
w303140618,Бендеры,2.022,0.0,14,0,14,CITY_OK,1,18.0,4.0,-1.0,False
w303140619,Бендеры,2.08,0.0,14,0,14,CITY_OK,1,18.0,4.0,-1.0,False
w303140620,Бендеры,2.153,0.0,14,0,14,CITY_OK,2,18.0,4.0,-1.0,False
w303140625,Бендеры,2.292,0.0,14,0,14,CITY_OK,2,18.0,4.0,-1.0,False
w303140626,Бендеры,2.275,0.0,14,0,14,CITY_OK,2,18.0,4.0,-1.0,False
w303140628,Бендеры,2.156,0.0,14,0,14,CITY_OK,2,18.0,4.0,-1.0,False
w303140630,Бендеры,2.187,0.0,14,0,14,CITY_OK,2,18.0,4.0,-1.0,False
w303140631,Бендеры,2.208,0.0,14,0,14,CITY_OK,2,18.0,4.0,-1.0,False
w303140633,Бендеры,2.28,0.0,14,0,14,CITY_OK,2,18.0,4.0,-1.0,False
w303140682,Бендеры,2.276,0.0,14,0,14,CITY_OK,2,18.0,4.0,-1.0,False
w303140683,Бендеры,2.257,0.0,14,0,14,CITY_OK,2,18.0,4.0,-1.0,False
w303140685,Бендеры,2.228,0.0,14,0,14,CITY_OK,2,18.0,4.0,-1.0,False
w303142450,Бендеры,1.895,0.0,14,0,14,CITY_OK,1,18.0,4.0,-1.0,False
w303317641,Бендеры,2.268,0.0,14,0,14,CITY_OK,2,18.0,4.0,-1.0,False
w303317645,Бендеры,2.296,0.0,14,0,14,CITY_OK,2,18.0,4.0,-1.0,False
w303317646,Бендеры,2.312,0.0,14,0,14,CITY_OK,2,18.0,4.0,-1.0,False
w303317647,Бендеры,2.378,0.0,14,0,14,CITY_OK,2,18.0,4.0,-1.0,False
w303317648,Бендеры,2.395,0.0,14,0,14,CITY_OK,2,18.0,4.0,-1.0,False
w303317650,Бендеры,2.267,0.0,14,0,14,CITY_OK,2,18.0,4.0,-1.0,False
w303317652,Бендеры,2.272,0.0,14,0,14,CITY_OK,2,18.0,4.0,-1.0,False
w303317653,Бендеры,2.286,0.0,14,0,14,CITY_OK,2,18.0,4.0,-1.0,False
w303317655,Бендеры,2.322,0.0,14,0,14,CITY_OK,2,18.0,4.0,-1.0,False
w303317656,Бендеры,2.342,0.0,14,0,14,CITY_OK,2,18.0,4.0,-1.0,False
w303317657,Бендеры,2.075,0.0,14,0,14,CITY_OK,1,18.0,4.0,-1.0,False
w303317658,Бендеры,2.115,0.0,14,0,14,CITY_OK,2,18.0,4.0,-1.0,False
w303317661,Бендеры,2.139,0.0,14,0,14,CITY_OK,2,18.0,4.0,-1.0,False
w303317662,Бендеры,2.216,0.0,14,0,14,CITY_OK,2,18.0,4.0,-1.0,False
w303317663,Бендеры,2.226,0.0,14,0,14,CITY_OK,2,18.0,4.0,-1.0,False
w303317665,Бендеры,2.165,0.0,14,0,14,CITY_OK,2,18.0,4.0,-1.0,False
w303317666,Бендеры,2.239,0.0,14,0,14,CITY_OK,2,18.0,4.0,-1.0,False
w303317668,Бендеры,2.18,0.0,14,0,14,CITY_OK,2,18.0,4.0,-1.0,False
w303317669,Бендеры,2.193,0.0,14,0,14,CITY_OK,2,18.0,4.0,-1.0,False
w303317671,Бендеры,2.269,0.0,14,0,14,CITY_OK,2,18.0,4.0,-1.0,False
w303319318,Бендеры,2.284,0.0,14,0,14,CITY_OK,2,18.0,4.0,-1.0,False
w303319320,Бендеры,2.22,0.0,14,0,14,CITY_OK,2,18.0,4.0,-1.0,False
w303319325,Бендеры,2.301,0.0,14,0,14,CITY_OK,2,18.0,4.0,-1.0,False
w303319329,Бендеры,2.329,0.0,14,0,14,CITY_OK,2,18.0,4.0,-1.0,False
w303319331,Бендеры,2.236,0.0,14,0,14,CITY_OK,2,18.0,4.0,-1.0,False
w303319335,Бендеры,2.252,0.0,14,0,14,CITY_OK,2,18.0,4.0,-1.0,False
w303319336,Бендеры,2.357,0.0,14,0,14,CITY_OK,2,18.0,4.0,-1.0,False
w303319337,Бендеры,2.273,0.0,14,0,14,CITY_OK,2,18.0,4.0,-1.0,False
w303319338,Бендеры,2.286,0.0,14,0,14,CITY_OK,2,18.0,4.0,-1.0,False
w303319339,Бендеры,2.382,0.0,14,0,14,CITY_OK,2,18.0,4.0,-1.0,False
w303319340,Бендеры,2.396,0.0,14,0,14,CITY_OK,2,18.0,4.0,-1.0,False
w303319341,Бендеры,2.308,0.0,14,0,14,CITY_OK,2,18.0,4.0,-1.0,False
w303319346,Бендеры,2.33,0.0,14,0,14,CITY_OK,2,18.0,4.0,-1.0,False
w303319349,Бендеры,2.352,0.0,14,0,14,CITY_OK,2,18.0,4.0,-1.0,False
w303319350,Бендеры,2.362,0.0,14,0,14,CITY_OK,2,18.0,4.0,-1.0,False
w303319352,Бендеры,2.378,0.0,14,0,14,CITY_OK,2,18.0,4.0,-1.0,False
w303319358,Бендеры,2.282,0.0,14,0,14,CITY_OK,2,18.0,4.0,-1.0,False
w303319359,Бендеры,2.255,0.0,14,0,14,CITY_OK,2,18.0,4.0,-1.0,False
w303319360,Бендеры,2.227,0.0,14,0,14,CITY_OK,2,18.0,4.0,-1.0,False
w303319361,Бендеры,2.409,0.0,14,0,14,CITY_OK,2,18.0,4.0,-1.0,False
w303319362,Бендеры,2.426,0.0,14,0,14,CITY_OK,2,18.0,4.0,-1.0,False
w303319364,Бендеры,2.205,0.0,14,0,14,CITY_OK,2,18.0,4.0,-1.0,False
w303319365,Бендеры,2.446,0.0,14,0,14,CITY_OK,2,18.0,4.0,-1.0,False
w303319366,Бендеры,2.299,0.0,14,0,14,CITY_OK,2,18.0,4.0,-1.0,False
w303319367,Бендеры,2.283,0.0,14,0,14,CITY_OK,2,18.0,4.0,-1.0,False
w303319368,Бендеры,2.291,0.0,14,0,14,CITY_OK,2,18.0,4.0,-1.0,False
w303319369,Бендеры,2.279,0.0,14,0,14,CITY_OK,2,18.0,4.0,-1.0,False
w303319370,Бендеры,2.185,0.0,14,0,14,CITY_OK,2,18.0,4.0,-1.0,False
w303319372,Бендеры,2.537,0.0,14,0,14,CITY_OK,2,18.0,4.0,-1.0,False
w303323444,Бендеры,1.931,0.0,14,0,14,CITY_OK,1,18.0,4.0,-1.0,False
w303323445,Бендеры,1.946,0.0,14,0,14,CITY_OK,1,18.0,4.0,-1.0,False
w303323448,Бендеры,1.96,0.0,14,0,14,CITY_OK,1,18.0,4.0,-1.0,False
w303323451,Бендеры,1.976,0.0,14,0,14,CITY_OK,1,18.0,4.0,-1.0,False
w303323452,Бендеры,1.912,0.0,14,0,14,CITY_OK,1,18.0,4.0,-1.0,False
w303323454,Бендеры,1.991,0.0,14,0,14,CITY_OK,1,18.0,4.0,-1.0,False
w303323455,Бендеры,2.006,0.0,14,0,14,CITY_OK,1,18.0,4.0,-1.0,False
w303323456,Бендеры,2.068,0.0,14,0,14,CITY_OK,1,18.0,4.0,-1.0,False
w303323457,Бендеры,2.018,0.0,14,0,14,CITY_OK,1,18.0,4.0,-1.0,False
w303323458,Бендеры,2.067,0.0,14,0,14,CITY_OK,1,18.0,4.0,-1.0,False
w303323459,Бендеры,2.084,0.0,14,0,14,CITY_OK,1,18.0,4.0,-1.0,False
w303323460,Бендеры,1.931,0.0,14,0,14,CITY_OK,1,18.0,4.0,-1.0,False
w303323461,Бендеры,1.948,0.0,14,0,14,CITY_OK,1,18.0,4.0,-1.0,False
w303323462,Бендеры,1.966,0.0,14,0,14,CITY_OK,1,18.0,4.0,-1.0,False
w303323463,Бендеры,1.982,0.0,14,0,14,CITY_OK,1,18.0,4.0,-1.0,False
w303323464,Бендеры,1.999,0.0,14,0,14,CITY_OK,1,18.0,4.0,-1.0,False
w303323465,Бендеры,2.014,0.0,14,0,14,CITY_OK,1,18.0,4.0,-1.0,False
w303323466,Бендеры,2.03,0.0,14,0,14,CITY_OK,1,18.0,4.0,-1.0,False
w303323467,Бендеры,2.059,0.0,14,0,14,CITY_OK,1,18.0,4.0,-1.0,False
w303323471,Бендеры,2.021,0.0,14,0,14,CITY_OK,1,18.0,4.0,-1.0,False
w303323472,Бендеры,2.042,0.0,14,0,14,CITY_OK,1,18.0,4.0,-1.0,False
w303323473,Бендеры,2.057,0.0,14,0,14,CITY_OK,1,18.0,4.0,-1.0,False
w303323474,Бендеры,2.07,0.0,14,0,14,CITY_OK,1,18.0,4.0,-1.0,False
w303323476,Бендеры,2.094,0.0,14,0,14,CITY_OK,2,18.0,4.0,-1.0,False
w303323477,Бендеры,2.109,0.0,14,0,14,CITY_OK,2,18.0,4.0,-1.0,False
w303323480,Бендеры,2.161,0.0,14,0,14,CITY_OK,2,18.0,4.0,-1.0,False
w303323481,Бендеры,1.976,0.0,14,0,14,CITY_OK,1,18.0,4.0,-1.0,False
w303323484,Бендеры,1.991,0.0,14,0,14,CITY_OK,1,18.0,4.0,-1.0,False
w303323488,Бендеры,2.017,0.0,14,0,14,CITY_OK,1,18.0,4.0,-1.0,False
w303323489,Бендеры,2.028,0.0,14,0,14,CITY_OK,1,18.0,4.0,-1.0,False
w303323490,Бендеры,2.04,0.0,14,0,14,CITY_OK,1,18.0,4.0,-1.0,False
w303323491,Бендеры,2.051,0.0,14,0,14,CITY_OK,1,18.0,4.0,-1.0,False
w303323493,Бендеры,2.068,0.0,14,0,14,CITY_OK,1,18.0,4.0,-1.0,False
w303323494,Бендеры,2.107,0.0,14,0,14,CITY_OK,2,18.0,4.0,-1.0,False
w303833019,Бендеры,2.121,0.0,14,0,14,CITY_OK,2,18.0,4.0,-1.0,False
w303833025,Бендеры,2.135,0.0,14,0,14,CITY_OK,2,18.0,4.0,-1.0,False
w303833027,Бендеры,2.16,0.0,14,0,14,CITY_OK,2,18.0,4.0,-1.0,False
w303833028,Бендеры,2.18,0.0,14,0,14,CITY_OK,2,18.0,4.0,-1.0,False
w303833032,Бендеры,2.113,0.0,14,0,14,CITY_OK,2,18.0,4.0,-1.0,False
w303833036,Бендеры,2.219,0.0,14,0,14,CITY_OK,2,18.0,4.0,-1.0,False
w303833038,Бендеры,2.235,0.0,14,0,14,CITY_OK,2,18.0,4.0,-1.0,False
w303833040,Бендеры,2.25,0.0,14,0,14,CITY_OK,2,18.0,4.0,-1.0,False
w303833042,Бендеры,2.268,0.0,14,0,14,CITY_OK,2,18.0,4.0,-1.0,False
w303833045,Бендеры,2.283,0.0,14,0,14,CITY_OK,2,18.0,4.0,-1.0,False
w303833051,Бендеры,2.24,0.0,14,0,14,CITY_OK,2,18.0,4.0,-1.0,False
w303833053,Бендеры,2.256,0.0,14,0,14,CITY_OK,2,18.0,4.0,-1.0,False
w303833058,Бендеры,2.269,0.0,14,0,14,CITY_OK,2,18.0,4.0,-1.0,False
w303833061,Бендеры,2.283,0.0,14,0,14,CITY_OK,2,18.0,4.0,-1.0,False
w303833068,Бендеры,2.243,0.0,14,0,14,CITY_OK,2,18.0,4.0,-1.0,False
w303833070,Бендеры,2.201,0.0,14,0,14,CITY_OK,2,18.0,4.0,-1.0,False
w303833072,Бендеры,2.188,0.0,14,0,14,CITY_OK,2,18.0,4.0,-1.0,False
w303833074,Бендеры,2.291,0.0,14,0,14,CITY_OK,2,18.0,4.0,-1.0,False
w303833076,Бендеры,2.307,0.0,14,0,14,CITY_OK,2,18.0,4.0,-1.0,False
w303833078,Бендеры,2.321,0.0,14,0,14,CITY_OK,2,18.0,4.0,-1.0,False
w303833080,Бендеры,2.262,0.0,14,0,14,CITY_OK,2,18.0,4.0,-1.0,False
w303833087,Бендеры,2.323,0.0,14,0,14,CITY_OK,2,18.0,4.0,-1.0,False
w303833091,Бендеры,2.308,0.0,14,0,14,CITY_OK,2,18.0,4.0,-1.0,False
w303833095,Бендеры,2.404,0.0,14,0,14,CITY_OK,2,18.0,4.0,-1.0,False
w303833096,Бендеры,2.423,0.0,14,0,14,CITY_OK,2,18.0,4.0,-1.0,False
w303833098,Бендеры,2.419,0.0,14,0,14,CITY_OK,2,18.0,4.0,-1.0,False
w303836248,Бендеры,2.396,0.0,14,0,14,CITY_OK,2,18.0,4.0,-1.0,False
w303836250,Бендеры,2.372,0.0,14,0,14,CITY_OK,2,18.0,4.0,-1.0,False
w303836258,Бендеры,2.45,0.0,14,0,14,CITY_OK,2,18.0,4.0,-1.0,False
w303836260,Бендеры,2.464,0.0,14,0,14,CITY_OK,2,18.0,4.0,-1.0,False
w303836261,Бендеры,2.345,0.0,14,0,14,CITY_OK,2,18.0,4.0,-1.0,False
w303836262,Бендеры,2.342,0.0,14,0,14,CITY_OK,2,18.0,4.0,-1.0,False
w303836263,Бендеры,2.348,0.0,14,0,14,CITY_OK,2,18.0,4.0,-1.0,False
w303836264,Бендеры,2.171,0.0,14,0,14,CITY_OK,2,18.0,4.0,-1.0,False
w303836266,Бендеры,2.155,0.0,14,0,14,CITY_OK,2,18.0,4.0,-1.0,False
w303839503,Бендеры,2.139,0.0,14,0,14,CITY_OK,2,18.0,4.0,-1.0,False
w303839505,Бендеры,2.123,0.0,14,0,14,CITY_OK,2,18.0,4.0,-1.0,False
w303839507,Бендеры,2.109,0.0,14,0,14,CITY_OK,2,18.0,4.0,-1.0,False
w303839509,Бендеры,2.092,0.0,14,0,14,CITY_OK,2,18.0,4.0,-1.0,False
w303839511,Бендеры,2.079,0.0,14,0,14,CITY_OK,1,18.0,4.0,-1.0,False
w303839514,Бендеры,2.062,0.0,14,0,14,CITY_OK,1,18.0,4.0,-1.0,False
w303839515,Бендеры,2.182,0.0,14,0,14,CITY_OK,2,18.0,4.0,-1.0,False
w303839516,Бендеры,2.2,0.0,14,0,14,CITY_OK,2,18.0,4.0,-1.0,False
w303841861,Бендеры,2.248,0.0,14,0,14,CITY_OK,2,18.0,4.0,-1.0,False
w303841864,Бендеры,2.354,0.0,14,0,14,CITY_OK,2,18.0,4.0,-1.0,False
w303841865,Бендеры,2.275,0.0,14,0,14,CITY_OK,2,18.0,4.0,-1.0,False
w303841866,Бендеры,2.251,0.0,14,0,14,CITY_OK,2,18.0,4.0,-1.0,False
w303841867,Бендеры,2.215,0.0,14,0,14,CITY_OK,2,18.0,4.0,-1.0,False
w303841869,Бендеры,2.232,0.0,14,0,14,CITY_OK,2,18.0,4.0,-1.0,False
w303841870,Бендеры,2.211,0.0,14,0,14,CITY_OK,2,18.0,4.0,-1.0,False
w303841873,Бендеры,2.316,0.0,14,0,14,CITY_OK,2,18.0,4.0,-1.0,False
w303841877,Бендеры,2.198,0.0,14,0,14,CITY_OK,2,18.0,4.0,-1.0,False
w303841878,Бендеры,2.334,0.0,14,0,14,CITY_OK,2,18.0,4.0,-1.0,False
w303841882,Бендеры,2.361,0.0,14,0,14,CITY_OK,2,18.0,4.0,-1.0,False
w303849073,Бендеры,2.111,0.0,14,0,14,CITY_OK,2,18.0,4.0,-1.0,False
w303849074,Бендеры,2.12,0.0,14,0,14,CITY_OK,2,18.0,4.0,-1.0,False
w303849076,Бендеры,2.137,0.0,14,0,14,CITY_OK,2,18.0,4.0,-1.0,False
w303849077,Бендеры,2.121,0.0,14,0,14,CITY_OK,2,18.0,4.0,-1.0,False
w303849078,Бендеры,2.142,0.0,14,0,14,CITY_OK,2,18.0,4.0,-1.0,False
w303849080,Бендеры,2.218,0.0,14,0,14,CITY_OK,2,18.0,4.0,-1.0,False
w303849082,Бендеры,2.129,0.0,14,0,14,CITY_OK,2,18.0,4.0,-1.0,False
w303849083,Бендеры,2.184,0.0,14,0,14,CITY_OK,2,18.0,4.0,-1.0,False
w303849085,Бендеры,2.171,0.0,14,0,14,CITY_OK,2,18.0,4.0,-1.0,False
w303849086,Бендеры,2.156,0.0,14,0,14,CITY_OK,2,18.0,4.0,-1.0,False
w303849087,Бендеры,2.142,0.0,14,0,14,CITY_OK,2,18.0,4.0,-1.0,False
w303849090,Бендеры,2.244,0.0,14,0,14,CITY_OK,2,18.0,4.0,-1.0,False
w303849091,Бендеры,2.301,0.0,14,0,14,CITY_OK,2,18.0,4.0,-1.0,False
w303849093,Бендеры,2.267,0.0,14,0,14,CITY_OK,2,18.0,4.0,-1.0,False
w303849096,Бендеры,2.202,0.0,14,0,14,CITY_OK,2,18.0,4.0,-1.0,False
w303849097,Бендеры,2.152,0.0,14,0,14,CITY_OK,2,18.0,4.0,-1.0,False
w303849098,Бендеры,2.256,0.0,14,0,14,CITY_OK,2,18.0,4.0,-1.0,False
w303849100,Бендеры,2.246,0.0,14,0,14,CITY_OK,2,18.0,4.0,-1.0,False
w303849102,Бендеры,2.246,0.0,14,0,14,CITY_OK,2,18.0,4.0,-1.0,False
w303910040,Бендеры,2.347,0.0,14,0,14,CITY_OK,2,18.0,4.0,-1.0,False
w303910041,Бендеры,2.369,0.0,14,0,14,CITY_OK,2,18.0,4.0,-1.0,False
w303910042,Бендеры,2.382,0.0,14,0,14,CITY_OK,2,18.0,4.0,-1.0,False
w303910045,Бендеры,2.409,0.0,14,0,14,CITY_OK,2,18.0,4.0,-1.0,False
w303910046,Бендеры,2.432,0.0,14,0,14,CITY_OK,2,18.0,4.0,-1.0,False
w303910047,Бендеры,2.372,0.0,14,0,14,CITY_OK,2,18.0,4.0,-1.0,False
w303912200,Бендеры,2.383,0.0,14,0,14,CITY_OK,2,18.0,4.0,-1.0,False
w303912201,Бендеры,2.401,0.0,14,0,14,CITY_OK,2,18.0,4.0,-1.0,False
w303912202,Бендеры,2.41,0.0,14,0,14,CITY_OK,2,18.0,4.0,-1.0,False
w303912203,Бендеры,2.425,0.0,14,0,14,CITY_OK,2,18.0,4.0,-1.0,False
w303912204,Бендеры,2.441,0.0,14,0,14,CITY_OK,2,18.0,4.0,-1.0,False
w303912206,Бендеры,2.454,0.0,14,0,14,CITY_OK,2,18.0,4.0,-1.0,False
w303912207,Бендеры,2.556,0.0,14,0,14,CITY_OK,2,18.0,4.0,-1.0,False
w303912208,Бендеры,2.574,0.0,14,0,14,CITY_OK,2,18.0,4.0,-1.0,False
w303912209,Бендеры,2.513,0.0,14,0,14,CITY_OK,2,18.0,4.0,-1.0,False
w303912210,Бендеры,2.469,0.0,14,0,14,CITY_OK,2,18.0,4.0,-1.0,False
w303912212,Бендеры,2.48,0.0,14,0,14,CITY_OK,2,18.0,4.0,-1.0,False
w303912213,Бендеры,2.494,0.0,14,0,14,CITY_OK,2,18.0,4.0,-1.0,False
w303912215,Бендеры,2.51,0.0,14,0,14,CITY_OK,2,18.0,4.0,-1.0,False
w303912216,Бендеры,2.449,0.0,14,0,14,CITY_OK,2,18.0,4.0,-1.0,False
w303912217,Бендеры,2.499,0.0,14,0,14,CITY_OK,2,18.0,4.0,-1.0,False
w303912218,Бендеры,2.501,0.0,14,0,14,CITY_OK,2,18.0,4.0,-1.0,False
w303912219,Бендеры,2.554,0.0,14,0,14,CITY_OK,2,18.0,4.0,-1.0,False
w303912222,Бендеры,2.552,0.0,14,0,14,CITY_OK,2,18.0,4.0,-1.0,False
w303912223,Бендеры,2.572,0.0,14,0,14,CITY_OK,2,18.0,4.0,-1.0,False
w303912224,Бендеры,2.593,0.0,14,0,14,CITY_OK,2,18.0,4.0,-1.0,False
w303912225,Бендеры,2.608,0.0,14,0,14,CITY_OK,2,18.0,4.0,-1.0,False
w303912226,Бендеры,2.624,0.0,14,0,14,CITY_OK,2,18.0,4.0,-1.0,False
w303915656,Бендеры,7.223,0.0,31,0,31,CITY_OK,4,43.34,12.34,7.34,False
w303915657,Бендеры,7.195,0.0,31,0,31,CITY_OK,4,43.17,12.17,7.17,False
w303915659,Бендеры,7.123,0.0,31,0,31,CITY_OK,4,42.74,11.74,6.74,False
w303915660,Бендеры,7.16,0.0,31,0,31,CITY_OK,4,42.96,11.96,6.96,False
w303915676,Бендеры,4.441,0.0,20,0,20,CITY_OK,3,26.65,6.65,1.65,True
w303915677,Бендеры,4.477,0.0,20,0,20,CITY_OK,3,26.86,6.86,1.86,True
w303915683,Бендеры,4.474,0.0,20,0,20,CITY_OK,3,26.84,6.84,1.84,True
w303915686,Бендеры,4.576,0.0,21,0,21,CITY_OK,3,27.46,6.46,1.46,True
w303915687,Бендеры,4.612,0.0,21,0,21,CITY_OK,3,27.67,6.67,1.67,True
w303915689,Бендеры,4.605,0.0,21,0,21,CITY_OK,3,27.63,6.63,1.63,True
w303915691,Бендеры,4.564,0.0,21,0,21,CITY_OK,3,27.38,6.38,1.38,True
w303915693,Бендеры,4.654,0.0,21,0,21,CITY_OK,3,27.92,6.92,1.92,True
w303915694,Бендеры,4.685,0.0,21,0,21,CITY_OK,3,28.11,7.11,2.11,True
w303915696,Бендеры,4.668,0.0,21,0,21,CITY_OK,3,28.01,7.01,2.01,True
w303915697,Бендеры,4.685,0.0,21,0,21,CITY_OK,3,28.11,7.11,2.11,True
w303915700,Бендеры,4.713,0.0,21,0,21,CITY_OK,3,28.28,7.28,2.28,True
w303915701,Бендеры,4.702,0.0,21,0,21,CITY_OK,3,28.21,7.21,2.21,True
w303915703,Бендеры,4.696,0.0,21,0,21,CITY_OK,3,28.18,7.18,2.18,True
w303915704,Бендеры,4.713,0.0,21,0,21,CITY_OK,3,28.28,7.28,2.28,True
w303915705,Бендеры,4.614,0.0,21,0,21,CITY_OK,3,27.68,6.68,1.68,True
w303915706,Бендеры,4.59,0.0,21,0,21,CITY_OK,3,27.54,6.54,1.54,True
w303915708,Бендеры,4.576,0.0,21,0,21,CITY_OK,3,27.46,6.46,1.46,True
w303915709,Бендеры,4.553,0.0,21,0,21,CITY_OK,3,27.32,6.32,1.32,True
w303915713,Бендеры,2.543,0.0,14,0,14,CITY_OK,2,18.0,4.0,-1.0,False
w303915714,Бендеры,2.557,0.0,14,0,14,CITY_OK,2,18.0,4.0,-1.0,False
w303915715,Бендеры,2.575,0.0,14,0,14,CITY_OK,2,18.0,4.0,-1.0,False
w303915716,Бендеры,2.59,0.0,14,0,14,CITY_OK,2,18.0,4.0,-1.0,False
w303915718,Бендеры,2.605,0.0,14,0,14,CITY_OK,2,18.0,4.0,-1.0,False
w303915719,Бендеры,2.619,0.0,14,0,14,CITY_OK,2,18.0,4.0,-1.0,False
w303915721,Бендеры,2.63,0.0,14,0,14,CITY_OK,2,18.0,4.0,-1.0,False
w303915722,Бендеры,2.641,0.0,14,0,14,CITY_OK,2,18.0,4.0,-1.0,False
w303915723,Бендеры,2.655,0.0,14,0,14,CITY_OK,2,18.0,4.0,-1.0,False
w303915724,Бендеры,2.656,0.0,14,0,14,CITY_OK,2,18.0,4.0,-1.0,False
w303917471,Бендеры,3.727,0.0,17,0,17,CITY_OK,2,22.36,5.36,0.36,True
w303981457,Бендеры,2.415,0.0,14,0,14,CITY_OK,2,18.0,4.0,-1.0,False
w303981459,Бендеры,2.43,0.0,14,0,14,CITY_OK,2,18.0,4.0,-1.0,False
w303981460,Бендеры,2.448,0.0,14,0,14,CITY_OK,2,18.0,4.0,-1.0,False
w303981462,Бендеры,2.462,0.0,14,0,14,CITY_OK,2,18.0,4.0,-1.0,False
w303981467,Бендеры,2.173,0.0,14,0,14,CITY_OK,2,18.0,4.0,-1.0,False
w303981468,Бендеры,2.201,0.0,14,0,14,CITY_OK,2,18.0,4.0,-1.0,False
w303981470,Бендеры,2.184,0.0,14,0,14,CITY_OK,2,18.0,4.0,-1.0,False
w303981471,Бендеры,2.193,0.0,14,0,14,CITY_OK,2,18.0,4.0,-1.0,False
w303982146,Бендеры,2.208,0.0,14,0,14,CITY_OK,2,18.0,4.0,-1.0,False
w303982147,Бендеры,2.219,0.0,14,0,14,CITY_OK,2,18.0,4.0,-1.0,False
w303982149,Бендеры,2.221,0.0,14,0,14,CITY_OK,2,18.0,4.0,-1.0,False
w303982151,Бендеры,2.239,0.0,14,0,14,CITY_OK,2,18.0,4.0,-1.0,False
w303982153,Бендеры,2.225,0.0,14,0,14,CITY_OK,2,18.0,4.0,-1.0,False
w303982154,Бендеры,2.212,0.0,14,0,14,CITY_OK,2,18.0,4.0,-1.0,False
w303982757,Бендеры,2.222,0.0,14,0,14,CITY_OK,2,18.0,4.0,-1.0,False
w303982768,Бендеры,2.237,0.0,14,0,14,CITY_OK,2,18.0,4.0,-1.0,False
w303985839,Бендеры,2.081,0.0,14,0,14,CITY_OK,1,18.0,4.0,-1.0,False
w303985841,Бендеры,2.084,0.0,14,0,14,CITY_OK,1,18.0,4.0,-1.0,False
w303985843,Бендеры,2.116,0.0,14,0,14,CITY_OK,2,18.0,4.0,-1.0,False
w303985844,Бендеры,2.133,0.0,14,0,14,CITY_OK,2,18.0,4.0,-1.0,False
w303985845,Бендеры,2.148,0.0,14,0,14,CITY_OK,2,18.0,4.0,-1.0,False
w303985846,Бендеры,2.289,0.0,14,0,14,CITY_OK,2,18.0,4.0,-1.0,False
w303985847,Бендеры,2.21,0.0,14,0,14,CITY_OK,2,18.0,4.0,-1.0,False
w303985848,Бендеры,2.182,0.0,14,0,14,CITY_OK,2,18.0,4.0,-1.0,False
w303985849,Бендеры,2.196,0.0,14,0,14,CITY_OK,2,18.0,4.0,-1.0,False
w303985850,Бендеры,2.246,0.0,14,0,14,CITY_OK,2,18.0,4.0,-1.0,False
w303985851,Бендеры,2.252,0.0,14,0,14,CITY_OK,2,18.0,4.0,-1.0,False
w303985852,Бендеры,2.264,0.0,14,0,14,CITY_OK,2,18.0,4.0,-1.0,False
w303985854,Бендеры,2.278,0.0,14,0,14,CITY_OK,2,18.0,4.0,-1.0,False
w303985855,Бендеры,2.293,0.0,14,0,14,CITY_OK,2,18.0,4.0,-1.0,False
w303985856,Бендеры,2.314,0.0,14,0,14,CITY_OK,2,18.0,4.0,-1.0,False
w303985857,Бендеры,2.329,0.0,14,0,14,CITY_OK,2,18.0,4.0,-1.0,False
w303985859,Бендеры,2.232,0.0,14,0,14,CITY_OK,2,18.0,4.0,-1.0,False
w303985862,Бендеры,2.26,0.0,14,0,14,CITY_OK,2,18.0,4.0,-1.0,False
w303985863,Бендеры,2.273,0.0,14,0,14,CITY_OK,2,18.0,4.0,-1.0,False
w303985864,Бендеры,2.302,0.0,14,0,14,CITY_OK,2,18.0,4.0,-1.0,False
w303985865,Бендеры,2.316,0.0,14,0,14,CITY_OK,2,18.0,4.0,-1.0,False
w303985866,Бендеры,2.328,0.0,14,0,14,CITY_OK,2,18.0,4.0,-1.0,False
w303985867,Бендеры,2.288,0.0,14,0,14,CITY_OK,2,18.0,4.0,-1.0,False
w303985870,Бендеры,2.23,0.0,14,0,14,CITY_OK,2,18.0,4.0,-1.0,False
w303985871,Бендеры,2.248,0.0,14,0,14,CITY_OK,2,18.0,4.0,-1.0,False
w303985873,Бендеры,2.275,0.0,14,0,14,CITY_OK,2,18.0,4.0,-1.0,False
w303985874,Бендеры,2.29,0.0,14,0,14,CITY_OK,2,18.0,4.0,-1.0,False
w303985876,Бендеры,2.308,0.0,14,0,14,CITY_OK,2,18.0,4.0,-1.0,False
w303985877,Бендеры,2.32,0.0,14,0,14,CITY_OK,2,18.0,4.0,-1.0,False
w303985878,Бендеры,2.236,0.0,14,0,14,CITY_OK,2,18.0,4.0,-1.0,False
w303985879,Бендеры,2.329,0.0,14,0,14,CITY_OK,2,18.0,4.0,-1.0,False
w303985880,Бендеры,2.279,0.0,14,0,14,CITY_OK,2,18.0,4.0,-1.0,False
w303985881,Бендеры,2.264,0.0,14,0,14,CITY_OK,2,18.0,4.0,-1.0,False
w303985882,Бендеры,2.251,0.0,14,0,14,CITY_OK,2,18.0,4.0,-1.0,False
w303985885,Бендеры,2.247,0.0,14,0,14,CITY_OK,2,18.0,4.0,-1.0,False
w303985886,Бендеры,2.263,0.0,14,0,14,CITY_OK,2,18.0,4.0,-1.0,False
w303985887,Бендеры,2.276,0.0,14,0,14,CITY_OK,2,18.0,4.0,-1.0,False
w303985889,Бендеры,2.291,0.0,14,0,14,CITY_OK,2,18.0,4.0,-1.0,False
w303985891,Бендеры,2.35,0.0,14,0,14,CITY_OK,2,18.0,4.0,-1.0,False
w303985892,Бендеры,2.32,0.0,14,0,14,CITY_OK,2,18.0,4.0,-1.0,False
w303985893,Бендеры,2.306,0.0,14,0,14,CITY_OK,2,18.0,4.0,-1.0,False
w303987583,Бендеры,2.271,0.0,14,0,14,CITY_OK,2,18.0,4.0,-1.0,False
w303987585,Бендеры,2.301,0.0,14,0,14,CITY_OK,2,18.0,4.0,-1.0,False
w304008912,Бендеры,2.444,0.0,14,0,14,CITY_OK,2,18.0,4.0,-1.0,False
w304008913,Бендеры,2.196,0.0,14,0,14,CITY_OK,2,18.0,4.0,-1.0,False
w304008917,Бендеры,2.516,0.0,14,0,14,CITY_OK,2,18.0,4.0,-1.0,False
w304053793,Бендеры,5.754,0.0,26,0,26,CITY_OK,3,34.52,8.52,3.52,False
w304087545,Бендеры,2.397,0.0,14,0,14,CITY_OK,2,18.0,4.0,-1.0,False
w304087546,Бендеры,2.412,0.0,14,0,14,CITY_OK,2,18.0,4.0,-1.0,False
w304087548,Бендеры,2.486,0.0,14,0,14,CITY_OK,2,18.0,4.0,-1.0,False
w304087549,Бендеры,2.44,0.0,14,0,14,CITY_OK,2,18.0,4.0,-1.0,False
w304087552,Бендеры,2.49,0.0,14,0,14,CITY_OK,2,18.0,4.0,-1.0,False
w304087553,Бендеры,2.488,0.0,14,0,14,CITY_OK,2,18.0,4.0,-1.0,False
w304087554,Бендеры,2.5,0.0,14,0,14,CITY_OK,2,18.0,4.0,-1.0,False
w304087555,Бендеры,2.537,0.0,14,0,14,CITY_OK,2,18.0,4.0,-1.0,False
w304087558,Бендеры,2.543,0.0,14,0,14,CITY_OK,2,18.0,4.0,-1.0,False
w304087560,Бендеры,2.459,0.0,14,0,14,CITY_OK,2,18.0,4.0,-1.0,False
w304087564,Бендеры,2.197,0.0,14,0,14,CITY_OK,2,18.0,4.0,-1.0,False
w304087565,Бендеры,2.197,0.0,14,0,14,CITY_OK,2,18.0,4.0,-1.0,False
w304087566,Бендеры,2.197,0.0,14,0,14,CITY_OK,2,18.0,4.0,-1.0,False
w304087567,Бендеры,2.197,0.0,14,0,14,CITY_OK,2,18.0,4.0,-1.0,False
w304087568,Бендеры,2.368,0.0,14,0,14,CITY_OK,2,18.0,4.0,-1.0,False
w304087569,Бендеры,2.357,0.0,14,0,14,CITY_OK,2,18.0,4.0,-1.0,False
w304087570,Бендеры,2.336,0.0,14,0,14,CITY_OK,2,18.0,4.0,-1.0,False
w304087571,Бендеры,2.317,0.0,14,0,14,CITY_OK,2,18.0,4.0,-1.0,False
w304087572,Бендеры,2.297,0.0,14,0,14,CITY_OK,2,18.0,4.0,-1.0,False
w304087574,Бендеры,2.28,0.0,14,0,14,CITY_OK,2,18.0,4.0,-1.0,False
w304087658,Бендеры,2.346,0.0,14,0,14,CITY_OK,2,18.0,4.0,-1.0,False
w304088417,Бендеры,4.5,0.0,20,0,20,CITY_OK,3,27.0,7.0,2.0,True
w304088422,Бендеры,4.551,0.0,21,0,21,CITY_OK,3,27.31,6.31,1.31,True
w304088423,Бендеры,4.528,0.0,21,0,21,CITY_OK,3,27.17,6.17,1.17,True
w304088424,Бендеры,4.479,0.0,20,0,20,CITY_OK,3,26.87,6.87,1.87,True
w304088426,Бендеры,4.509,0.0,21,0,21,CITY_OK,3,27.05,6.05,1.05,True
w304088427,Бендеры,4.492,0.0,20,0,20,CITY_OK,3,26.95,6.95,1.95,True
w304088428,Бендеры,4.467,0.0,20,0,20,CITY_OK,3,26.8,6.8,1.8,True
w304088430,Бендеры,4.456,0.0,20,0,20,CITY_OK,3,26.74,6.74,1.74,True
w304088431,Бендеры,4.417,0.0,20,0,20,CITY_OK,3,26.5,6.5,1.5,True
w304088435,Бендеры,4.438,0.0,20,0,20,CITY_OK,3,26.63,6.63,1.63,True
w304088436,Бендеры,4.464,0.0,20,0,20,CITY_OK,3,26.78,6.78,1.78,True
w304088437,Бендеры,4.447,0.0,20,0,20,CITY_OK,3,26.68,6.68,1.68,True
w304088440,Бендеры,4.396,0.0,20,0,20,CITY_OK,3,26.38,6.38,1.38,True
w304088444,Бендеры,4.36,0.0,20,0,20,CITY_OK,3,26.16,6.16,1.16,True
w304088445,Бендеры,4.344,0.0,20,0,20,CITY_OK,3,26.06,6.06,1.06,True
w304088447,Бендеры,4.329,0.0,20,0,20,CITY_OK,3,25.97,5.97,0.97,True
w304088449,Бендеры,4.312,0.0,20,0,20,CITY_OK,3,25.87,5.87,0.87,True
w304088450,Бендеры,4.329,0.0,20,0,20,CITY_OK,3,25.97,5.97,0.97,True
w304088451,Бендеры,4.346,0.0,20,0,20,CITY_OK,3,26.08,6.08,1.08,True
w304088452,Бендеры,4.403,0.0,20,0,20,CITY_OK,3,26.42,6.42,1.42,True
w304491951,Бендеры,2.382,0.0,14,0,14,CITY_OK,2,18.0,4.0,-1.0,False
w304491952,Бендеры,2.445,0.0,14,0,14,CITY_OK,2,18.0,4.0,-1.0,False
w304687295,Бендеры,2.404,0.0,14,0,14,CITY_OK,2,18.0,4.0,-1.0,False
w304687299,Бендеры,2.367,0.0,14,0,14,CITY_OK,2,18.0,4.0,-1.0,False
w304687300,Бендеры,2.38,0.0,14,0,14,CITY_OK,2,18.0,4.0,-1.0,False
w304687301,Бендеры,2.393,0.0,14,0,14,CITY_OK,2,18.0,4.0,-1.0,False
w304687302,Бендеры,2.408,0.0,14,0,14,CITY_OK,2,18.0,4.0,-1.0,False
w304687305,Бендеры,2.447,0.0,14,0,14,CITY_OK,2,18.0,4.0,-1.0,False
w304687309,Бендеры,2.48,0.0,14,0,14,CITY_OK,2,18.0,4.0,-1.0,False
w304873402,Парканы,4.787,,22,,,OUTSIDE_DISTANCE_UNAVAILABLE,3,,,,
w304873403,Парканы,4.8,,22,,,OUTSIDE_DISTANCE_UNAVAILABLE,3,,,,
w304873404,Парканы,4.954,,22,,,OUTSIDE_DISTANCE_UNAVAILABLE,3,,,,
w304873405,Парканы,4.914,,22,,,OUTSIDE_DISTANCE_UNAVAILABLE,3,,,,
w304873407,Парканы,4.929,,22,,,OUTSIDE_DISTANCE_UNAVAILABLE,3,,,,
w305228562,Бендеры,2.416,0.0,14,0,14,CITY_OK,2,18.0,4.0,-1.0,False
w305228563,Бендеры,2.398,0.0,14,0,14,CITY_OK,2,18.0,4.0,-1.0,False
w305228565,Бендеры,2.506,0.0,14,0,14,CITY_OK,2,18.0,4.0,-1.0,False
w305228566,Бендеры,2.497,0.0,14,0,14,CITY_OK,2,18.0,4.0,-1.0,False
w305228568,Бендеры,2.335,0.0,14,0,14,CITY_OK,2,18.0,4.0,-1.0,False
w305228569,Бендеры,2.356,0.0,14,0,14,CITY_OK,2,18.0,4.0,-1.0,False
w305228570,Бендеры,2.371,0.0,14,0,14,CITY_OK,2,18.0,4.0,-1.0,False
w305228571,Бендеры,2.384,0.0,14,0,14,CITY_OK,2,18.0,4.0,-1.0,False
w305228573,Бендеры,2.322,0.0,14,0,14,CITY_OK,2,18.0,4.0,-1.0,False
w305228574,Бендеры,2.369,0.0,14,0,14,CITY_OK,2,18.0,4.0,-1.0,False
w305228575,Бендеры,2.405,0.0,14,0,14,CITY_OK,2,18.0,4.0,-1.0,False
w305228577,Бендеры,2.43,0.0,14,0,14,CITY_OK,2,18.0,4.0,-1.0,False
w305228578,Бендеры,2.45,0.0,14,0,14,CITY_OK,2,18.0,4.0,-1.0,False
w305228579,Бендеры,2.469,0.0,14,0,14,CITY_OK,2,18.0,4.0,-1.0,False
w305229280,Бендеры,2.321,0.0,14,0,14,CITY_OK,2,18.0,4.0,-1.0,False
w305229281,Бендеры,2.347,0.0,14,0,14,CITY_OK,2,18.0,4.0,-1.0,False
w305229282,Бендеры,2.47,0.0,14,0,14,CITY_OK,2,18.0,4.0,-1.0,False
w305229283,Бендеры,2.456,0.0,14,0,14,CITY_OK,2,18.0,4.0,-1.0,False
w305229284,Бендеры,2.438,0.0,14,0,14,CITY_OK,2,18.0,4.0,-1.0,False
w305229286,Бендеры,2.422,0.0,14,0,14,CITY_OK,2,18.0,4.0,-1.0,False
w305229289,Бендеры,2.34,0.0,14,0,14,CITY_OK,2,18.0,4.0,-1.0,False
w305229290,Бендеры,2.383,0.0,14,0,14,CITY_OK,2,18.0,4.0,-1.0,False
w305229291,Бендеры,2.368,0.0,14,0,14,CITY_OK,2,18.0,4.0,-1.0,False
w305229293,Бендеры,2.368,0.0,14,0,14,CITY_OK,2,18.0,4.0,-1.0,False
w305229296,Бендеры,2.362,0.0,14,0,14,CITY_OK,2,18.0,4.0,-1.0,False
w305229299,Бендеры,2.345,0.0,14,0,14,CITY_OK,2,18.0,4.0,-1.0,False
w305229300,Бендеры,2.518,0.0,14,0,14,CITY_OK,2,18.0,4.0,-1.0,False
w305229302,Бендеры,2.33,0.0,14,0,14,CITY_OK,2,18.0,4.0,-1.0,False
w305229303,Бендеры,2.315,0.0,14,0,14,CITY_OK,2,18.0,4.0,-1.0,False
w305229304,Бендеры,2.3,0.0,14,0,14,CITY_OK,2,18.0,4.0,-1.0,False
w305229307,Бендеры,2.359,0.0,14,0,14,CITY_OK,2,18.0,4.0,-1.0,False
w305229575,Бендеры,2.373,0.0,14,0,14,CITY_OK,2,18.0,4.0,-1.0,False
w305229577,Бендеры,2.388,0.0,14,0,14,CITY_OK,2,18.0,4.0,-1.0,False
w305229579,Бендеры,2.402,0.0,14,0,14,CITY_OK,2,18.0,4.0,-1.0,False
w305229580,Бендеры,2.414,0.0,14,0,14,CITY_OK,2,18.0,4.0,-1.0,False
w305230302,Бендеры,2.43,0.0,14,0,14,CITY_OK,2,18.0,4.0,-1.0,False
w305230303,Бендеры,2.445,0.0,14,0,14,CITY_OK,2,18.0,4.0,-1.0,False
w305230304,Бендеры,2.456,0.0,14,0,14,CITY_OK,2,18.0,4.0,-1.0,False
w305230306,Бендеры,2.471,0.0,14,0,14,CITY_OK,2,18.0,4.0,-1.0,False
w305230307,Бендеры,2.486,0.0,14,0,14,CITY_OK,2,18.0,4.0,-1.0,False
w305230309,Бендеры,2.608,0.0,14,0,14,CITY_OK,2,18.0,4.0,-1.0,False
w305230310,Бендеры,2.594,0.0,14,0,14,CITY_OK,2,18.0,4.0,-1.0,False
w305230311,Бендеры,2.581,0.0,14,0,14,CITY_OK,2,18.0,4.0,-1.0,False
w305230313,Бендеры,2.567,0.0,14,0,14,CITY_OK,2,18.0,4.0,-1.0,False
w305230315,Бендеры,2.54,0.0,14,0,14,CITY_OK,2,18.0,4.0,-1.0,False
w305230316,Бендеры,2.514,0.0,14,0,14,CITY_OK,2,18.0,4.0,-1.0,False
w305230318,Бендеры,2.611,0.0,14,0,14,CITY_OK,2,18.0,4.0,-1.0,False
w305230320,Бендеры,2.598,0.0,14,0,14,CITY_OK,2,18.0,4.0,-1.0,False
w305230322,Бендеры,2.582,0.0,14,0,14,CITY_OK,2,18.0,4.0,-1.0,False
w305230324,Бендеры,2.567,0.0,14,0,14,CITY_OK,2,18.0,4.0,-1.0,False
w305230325,Бендеры,2.554,0.0,14,0,14,CITY_OK,2,18.0,4.0,-1.0,False
w305230326,Бендеры,2.541,0.0,14,0,14,CITY_OK,2,18.0,4.0,-1.0,False
w305230327,Бендеры,2.527,0.0,14,0,14,CITY_OK,2,18.0,4.0,-1.0,False
w305230330,Бендеры,2.405,0.0,14,0,14,CITY_OK,2,18.0,4.0,-1.0,False
w305230332,Бендеры,2.368,0.0,14,0,14,CITY_OK,2,18.0,4.0,-1.0,False
w305230333,Бендеры,2.399,0.0,14,0,14,CITY_OK,2,18.0,4.0,-1.0,False
w305230334,Бендеры,2.384,0.0,14,0,14,CITY_OK,2,18.0,4.0,-1.0,False
w305767310,Бендеры,1.868,0.0,14,0,14,CITY_OK,1,18.0,4.0,-1.0,False
w305767312,Бендеры,1.884,0.0,14,0,14,CITY_OK,1,18.0,4.0,-1.0,False
w305767316,Бендеры,1.811,0.0,14,0,14,CITY_OK,1,18.0,4.0,-1.0,False
w305767318,Бендеры,1.9,0.0,14,0,14,CITY_OK,1,18.0,4.0,-1.0,False
w305767320,Бендеры,1.912,0.0,14,0,14,CITY_OK,1,18.0,4.0,-1.0,False
w305767322,Бендеры,1.849,0.0,14,0,14,CITY_OK,1,18.0,4.0,-1.0,False
w305767326,Бендеры,1.863,0.0,14,0,14,CITY_OK,1,18.0,4.0,-1.0,False
w305767335,Бендеры,1.94,0.0,14,0,14,CITY_OK,1,18.0,4.0,-1.0,False
w305767343,Бендеры,1.922,0.0,14,0,14,CITY_OK,1,18.0,4.0,-1.0,False
w305767345,Бендеры,1.907,0.0,14,0,14,CITY_OK,1,18.0,4.0,-1.0,False
w305767357,Бендеры,1.935,0.0,14,0,14,CITY_OK,1,18.0,4.0,-1.0,False
w305767359,Бендеры,1.946,0.0,14,0,14,CITY_OK,1,18.0,4.0,-1.0,False
w305767362,Бендеры,2.291,0.0,14,0,14,CITY_OK,2,18.0,4.0,-1.0,False
w305767365,Бендеры,2.259,0.0,14,0,14,CITY_OK,2,18.0,4.0,-1.0,False
w305767366,Бендеры,1.904,0.0,14,0,14,CITY_OK,1,18.0,4.0,-1.0,False
w305767369,Бендеры,1.918,0.0,14,0,14,CITY_OK,1,18.0,4.0,-1.0,False
w305767370,Бендеры,1.904,0.0,14,0,14,CITY_OK,1,18.0,4.0,-1.0,False
w305767371,Бендеры,1.939,0.0,14,0,14,CITY_OK,1,18.0,4.0,-1.0,False
w305767374,Бендеры,1.958,0.0,14,0,14,CITY_OK,1,18.0,4.0,-1.0,False
w305767377,Бендеры,2.082,0.0,14,0,14,CITY_OK,1,18.0,4.0,-1.0,False
w305767378,Бендеры,2.044,0.0,14,0,14,CITY_OK,1,18.0,4.0,-1.0,False
w305767381,Бендеры,1.938,0.0,14,0,14,CITY_OK,1,18.0,4.0,-1.0,False
w305767383,Бендеры,1.95,0.0,14,0,14,CITY_OK,1,18.0,4.0,-1.0,False
w305768166,Бендеры,1.965,0.0,14,0,14,CITY_OK,1,18.0,4.0,-1.0,False
w305768169,Бендеры,2.321,0.0,14,0,14,CITY_OK,2,18.0,4.0,-1.0,False
w305769873,Бендеры,2.307,0.0,14,0,14,CITY_OK,2,18.0,4.0,-1.0,False
w305888560,Парканы,4.5,,20,,,OUTSIDE_DISTANCE_UNAVAILABLE,3,,,,
w305963630,Бендеры,2.423,0.0,14,0,14,CITY_OK,2,18.0,4.0,-1.0,False
w305963631,Бендеры,2.448,0.0,14,0,14,CITY_OK,2,18.0,4.0,-1.0,False
w305963632,Бендеры,2.462,0.0,14,0,14,CITY_OK,2,18.0,4.0,-1.0,False
w305963634,Бендеры,2.475,0.0,14,0,14,CITY_OK,2,18.0,4.0,-1.0,False
w305963635,Бендеры,2.5,0.0,14,0,14,CITY_OK,2,18.0,4.0,-1.0,False
w305963637,Бендеры,2.532,0.0,14,0,14,CITY_OK,2,18.0,4.0,-1.0,False
w305963638,Бендеры,2.222,0.0,14,0,14,CITY_OK,2,18.0,4.0,-1.0,False
w305963641,Бендеры,2.149,0.0,14,0,14,CITY_OK,2,18.0,4.0,-1.0,False
w305964592,Бендеры,2.242,0.0,14,0,14,CITY_OK,2,18.0,4.0,-1.0,False
w305964593,Бендеры,2.254,0.0,14,0,14,CITY_OK,2,18.0,4.0,-1.0,False
w305964594,Бендеры,2.27,0.0,14,0,14,CITY_OK,2,18.0,4.0,-1.0,False
w306078207,Парканы,5.511,,25,,,OUTSIDE_DISTANCE_UNAVAILABLE,3,,,,
w306078210,Парканы,5.537,,25,,,OUTSIDE_DISTANCE_UNAVAILABLE,3,,,,
w306078227,Парканы,5.415,,24,,,OUTSIDE_DISTANCE_UNAVAILABLE,3,,,,
w306078229,Парканы,5.442,,24,,,OUTSIDE_DISTANCE_UNAVAILABLE,3,,,,
w306078488,Парканы,5.154,,23,,,OUTSIDE_DISTANCE_UNAVAILABLE,3,,,,
w306078492,Парканы,5.197,,23,,,OUTSIDE_DISTANCE_UNAVAILABLE,3,,,,
w306078493,Парканы,4.526,,21,,,OUTSIDE_DISTANCE_UNAVAILABLE,3,,,,
w306078496,Парканы,4.512,,21,,,OUTSIDE_DISTANCE_UNAVAILABLE,3,,,,
w306078498,Парканы,4.531,,21,,,OUTSIDE_DISTANCE_UNAVAILABLE,3,,,,
w306078689,Парканы,4.551,,21,,,OUTSIDE_DISTANCE_UNAVAILABLE,3,,,,
w306078690,Парканы,4.554,,21,,,OUTSIDE_DISTANCE_UNAVAILABLE,3,,,,
w306078691,Парканы,4.567,,21,,,OUTSIDE_DISTANCE_UNAVAILABLE,3,,,,
w306078692,Парканы,4.578,,21,,,OUTSIDE_DISTANCE_UNAVAILABLE,3,,,,
w306078693,Парканы,4.569,,21,,,OUTSIDE_DISTANCE_UNAVAILABLE,3,,,,
w306078694,Парканы,4.591,,21,,,OUTSIDE_DISTANCE_UNAVAILABLE,3,,,,
w306078695,Парканы,4.593,,21,,,OUTSIDE_DISTANCE_UNAVAILABLE,3,,,,
w306081799,Парканы,5.456,,24,,,OUTSIDE_DISTANCE_UNAVAILABLE,3,,,,
w306081800,Парканы,5.471,,24,,,OUTSIDE_DISTANCE_UNAVAILABLE,3,,,,
w306081802,Парканы,5.489,,24,,,OUTSIDE_DISTANCE_UNAVAILABLE,3,,,,
w306081803,Парканы,5.453,,24,,,OUTSIDE_DISTANCE_UNAVAILABLE,3,,,,
w306081804,Парканы,5.506,,25,,,OUTSIDE_DISTANCE_UNAVAILABLE,3,,,,
w306081930,Парканы,5.541,,25,,,OUTSIDE_DISTANCE_UNAVAILABLE,4,,,,
w306081939,Парканы,5.523,,25,,,OUTSIDE_DISTANCE_UNAVAILABLE,3,,,,
w306081940,Парканы,5.536,,25,,,OUTSIDE_DISTANCE_UNAVAILABLE,3,,,,
w306082136,Парканы,5.547,,25,,,OUTSIDE_DISTANCE_UNAVAILABLE,4,,,,
w306082138,Парканы,5.57,,25,,,OUTSIDE_DISTANCE_UNAVAILABLE,4,,,,
w306082139,Парканы,5.449,,24,,,OUTSIDE_DISTANCE_UNAVAILABLE,3,,,,
w306082141,Парканы,5.432,,24,,,OUTSIDE_DISTANCE_UNAVAILABLE,3,,,,
w306082333,Парканы,5.365,,24,,,OUTSIDE_DISTANCE_UNAVAILABLE,3,,,,
w306082337,Парканы,5.313,,24,,,OUTSIDE_DISTANCE_UNAVAILABLE,3,,,,
w306082867,Парканы,5.22,,23,,,OUTSIDE_DISTANCE_UNAVAILABLE,3,,,,
w306082873,Парканы,5.249,,23,,,OUTSIDE_DISTANCE_UNAVAILABLE,3,,,,
w306084781,Парканы,5.283,,24,,,OUTSIDE_DISTANCE_UNAVAILABLE,3,,,,
w306084784,Парканы,5.297,,24,,,OUTSIDE_DISTANCE_UNAVAILABLE,3,,,,
w306084785,Парканы,5.28,,24,,,OUTSIDE_DISTANCE_UNAVAILABLE,3,,,,
w306084786,Парканы,5.266,,24,,,OUTSIDE_DISTANCE_UNAVAILABLE,3,,,,
w306084787,Парканы,5.246,,23,,,OUTSIDE_DISTANCE_UNAVAILABLE,3,,,,
w306084792,Парканы,4.61,,21,,,OUTSIDE_DISTANCE_UNAVAILABLE,3,,,,
w306084793,Парканы,4.608,,21,,,OUTSIDE_DISTANCE_UNAVAILABLE,3,,,,
w306084795,Парканы,4.628,,21,,,OUTSIDE_DISTANCE_UNAVAILABLE,3,,,,
w306087432,Парканы,5.076,,23,,,OUTSIDE_DISTANCE_UNAVAILABLE,3,,,,
w306087434,Парканы,4.961,,22,,,OUTSIDE_DISTANCE_UNAVAILABLE,3,,,,
w306087437,Парканы,4.961,,22,,,OUTSIDE_DISTANCE_UNAVAILABLE,3,,,,
w306087438,Парканы,4.643,,21,,,OUTSIDE_DISTANCE_UNAVAILABLE,3,,,,
w306087439,Парканы,4.63,,21,,,OUTSIDE_DISTANCE_UNAVAILABLE,3,,,,
w306087440,Парканы,4.64,,21,,,OUTSIDE_DISTANCE_UNAVAILABLE,3,,,,
w306087444,Парканы,4.665,,21,,,OUTSIDE_DISTANCE_UNAVAILABLE,3,,,,
w306217586,Бендеры,2.191,0.0,14,0,14,CITY_OK,2,18.0,4.0,-1.0,False
w306217588,Бендеры,2.216,0.0,14,0,14,CITY_OK,2,18.0,4.0,-1.0,False
w306217590,Бендеры,2.227,0.0,14,0,14,CITY_OK,2,18.0,4.0,-1.0,False
w306217591,Бендеры,2.241,0.0,14,0,14,CITY_OK,2,18.0,4.0,-1.0,False
w306217592,Бендеры,2.282,0.0,14,0,14,CITY_OK,2,18.0,4.0,-1.0,False
w306217593,Бендеры,2.294,0.0,14,0,14,CITY_OK,2,18.0,4.0,-1.0,False
w306217594,Бендеры,2.303,0.0,14,0,14,CITY_OK,2,18.0,4.0,-1.0,False
w306217595,Бендеры,2.318,0.0,14,0,14,CITY_OK,2,18.0,4.0,-1.0,False
w306217596,Бендеры,2.337,0.0,14,0,14,CITY_OK,2,18.0,4.0,-1.0,False
w306217598,Бендеры,2.368,0.0,14,0,14,CITY_OK,2,18.0,4.0,-1.0,False
w306217600,Бендеры,2.389,0.0,14,0,14,CITY_OK,2,18.0,4.0,-1.0,False
w306217601,Бендеры,2.406,0.0,14,0,14,CITY_OK,2,18.0,4.0,-1.0,False
w306217602,Бендеры,2.277,0.0,14,0,14,CITY_OK,2,18.0,4.0,-1.0,False
w306217604,Бендеры,2.299,0.0,14,0,14,CITY_OK,2,18.0,4.0,-1.0,False
w306217605,Бендеры,2.313,0.0,14,0,14,CITY_OK,2,18.0,4.0,-1.0,False
w306217606,Бендеры,2.255,0.0,14,0,14,CITY_OK,2,18.0,4.0,-1.0,False
w306217608,Бендеры,2.268,0.0,14,0,14,CITY_OK,2,18.0,4.0,-1.0,False
w306217609,Бендеры,2.283,0.0,14,0,14,CITY_OK,2,18.0,4.0,-1.0,False
w306217611,Бендеры,2.295,0.0,14,0,14,CITY_OK,2,18.0,4.0,-1.0,False
w306217613,Бендеры,2.308,0.0,14,0,14,CITY_OK,2,18.0,4.0,-1.0,False
w306217615,Бендеры,2.326,0.0,14,0,14,CITY_OK,2,18.0,4.0,-1.0,False
w306217616,Бендеры,2.341,0.0,14,0,14,CITY_OK,2,18.0,4.0,-1.0,False
w306217617,Бендеры,2.355,0.0,14,0,14,CITY_OK,2,18.0,4.0,-1.0,False
w306217618,Бендеры,2.368,0.0,14,0,14,CITY_OK,2,18.0,4.0,-1.0,False
w306217620,Бендеры,2.381,0.0,14,0,14,CITY_OK,2,18.0,4.0,-1.0,False
w306217621,Бендеры,2.32,0.0,14,0,14,CITY_OK,2,18.0,4.0,-1.0,False
w306217622,Бендеры,2.334,0.0,14,0,14,CITY_OK,2,18.0,4.0,-1.0,False
w306217623,Бендеры,2.346,0.0,14,0,14,CITY_OK,2,18.0,4.0,-1.0,False
w306217624,Бендеры,2.395,0.0,14,0,14,CITY_OK,2,18.0,4.0,-1.0,False
w306217625,Бендеры,2.409,0.0,14,0,14,CITY_OK,2,18.0,4.0,-1.0,False
w306217626,Бендеры,2.422,0.0,14,0,14,CITY_OK,2,18.0,4.0,-1.0,False
w306217627,Бендеры,2.436,0.0,14,0,14,CITY_OK,2,18.0,4.0,-1.0,False
w306217628,Бендеры,2.36,0.0,14,0,14,CITY_OK,2,18.0,4.0,-1.0,False
w306217629,Бендеры,2.374,0.0,14,0,14,CITY_OK,2,18.0,4.0,-1.0,False
w306217630,Бендеры,2.387,0.0,14,0,14,CITY_OK,2,18.0,4.0,-1.0,False
w306218430,Бендеры,2.4,0.0,14,0,14,CITY_OK,2,18.0,4.0,-1.0,False
w306218431,Бендеры,2.413,0.0,14,0,14,CITY_OK,2,18.0,4.0,-1.0,False
w306218432,Бендеры,2.427,0.0,14,0,14,CITY_OK,2,18.0,4.0,-1.0,False
w306218434,Бендеры,2.509,0.0,14,0,14,CITY_OK,2,18.0,4.0,-1.0,False
w306218435,Бендеры,2.462,0.0,14,0,14,CITY_OK,2,18.0,4.0,-1.0,False
w306218436,Бендеры,2.449,0.0,14,0,14,CITY_OK,2,18.0,4.0,-1.0,False
w306218438,Бендеры,2.273,0.0,14,0,14,CITY_OK,2,18.0,4.0,-1.0,False
w306218439,Бендеры,2.287,0.0,14,0,14,CITY_OK,2,18.0,4.0,-1.0,False
w306218440,Бендеры,2.305,0.0,14,0,14,CITY_OK,2,18.0,4.0,-1.0,False
w306218441,Бендеры,2.324,0.0,14,0,14,CITY_OK,2,18.0,4.0,-1.0,False
w306218442,Бендеры,2.379,0.0,14,0,14,CITY_OK,2,18.0,4.0,-1.0,False
w306218443,Бендеры,2.393,0.0,14,0,14,CITY_OK,2,18.0,4.0,-1.0,False
w306218449,Бендеры,2.42,0.0,14,0,14,CITY_OK,2,18.0,4.0,-1.0,False
w306218479,Бендеры,2.3,0.0,14,0,14,CITY_OK,2,18.0,4.0,-1.0,False
w306218480,Бендеры,2.313,0.0,14,0,14,CITY_OK,2,18.0,4.0,-1.0,False
w306218483,Бендеры,2.326,0.0,14,0,14,CITY_OK,2,18.0,4.0,-1.0,False
w306219464,Бендеры,4.193,0.0,19,0,19,CITY_OK,2,25.16,6.16,1.16,True
w306219465,Бендеры,4.148,0.0,19,0,19,CITY_OK,2,24.89,5.89,0.89,True
w306219466,Бендеры,4.131,0.0,19,0,19,CITY_OK,2,24.79,5.79,0.79,True
w306219468,Бендеры,4.112,0.0,19,0,19,CITY_OK,2,24.67,5.67,0.67,True
w306219469,Бендеры,4.088,0.0,19,0,19,CITY_OK,2,24.53,5.53,0.53,True
w306219470,Бендеры,4.071,0.0,19,0,19,CITY_OK,2,24.43,5.43,0.43,True
w306219472,Бендеры,4.241,0.0,19,0,19,CITY_OK,2,25.45,6.45,1.45,True
w306219481,Бендеры,4.251,0.0,20,0,20,CITY_OK,2,25.51,5.51,0.51,True
w306219483,Бендеры,4.051,0.0,19,0,19,CITY_OK,2,24.31,5.31,0.31,True
w306219486,Бендеры,4.03,0.0,19,0,19,CITY_OK,2,24.18,5.18,0.18,True
w306219488,Бендеры,4.018,0.0,19,0,19,CITY_OK,2,24.11,5.11,0.11,True
w306219489,Бендеры,3.996,0.0,18,0,18,CITY_OK,2,23.98,5.98,0.98,True
w306229390,Бендеры,1.983,0.0,14,0,14,CITY_OK,1,18.0,4.0,-1.0,False
w306229392,Бендеры,2.295,0.0,14,0,14,CITY_OK,2,18.0,4.0,-1.0,False
w307843657,Бендеры,2.354,0.0,14,0,14,CITY_OK,2,18.0,4.0,-1.0,False
w307843660,Бендеры,2.34,0.0,14,0,14,CITY_OK,2,18.0,4.0,-1.0,False
w307843664,Бендеры,2.368,0.0,14,0,14,CITY_OK,2,18.0,4.0,-1.0,False
w307843665,Бендеры,2.382,0.0,14,0,14,CITY_OK,2,18.0,4.0,-1.0,False
w307843666,Бендеры,2.408,0.0,14,0,14,CITY_OK,2,18.0,4.0,-1.0,False
w307843667,Бендеры,2.42,0.0,14,0,14,CITY_OK,2,18.0,4.0,-1.0,False
w307843668,Бендеры,2.395,0.0,14,0,14,CITY_OK,2,18.0,4.0,-1.0,False
w307843670,Бендеры,2.409,0.0,14,0,14,CITY_OK,2,18.0,4.0,-1.0,False
w307843671,Бендеры,2.549,0.0,14,0,14,CITY_OK,2,18.0,4.0,-1.0,False
w307843672,Бендеры,2.496,0.0,14,0,14,CITY_OK,2,18.0,4.0,-1.0,False
w307843673,Бендеры,2.433,0.0,14,0,14,CITY_OK,2,18.0,4.0,-1.0,False
w307843674,Бендеры,2.447,0.0,14,0,14,CITY_OK,2,18.0,4.0,-1.0,False
w307844742,Бендеры,1.885,0.0,14,0,14,CITY_OK,1,18.0,4.0,-1.0,False
w307844746,Бендеры,2.171,0.0,14,0,14,CITY_OK,2,18.0,4.0,-1.0,False
w307844748,Бендеры,1.905,0.0,14,0,14,CITY_OK,1,18.0,4.0,-1.0,False
w307844749,Бендеры,1.972,0.0,14,0,14,CITY_OK,1,18.0,4.0,-1.0,False
w309866944,Бендеры,3.531,0.0,17,0,17,CITY_OK,2,21.19,4.19,-0.81,False
w310206419,Бендеры,3.326,0.0,16,0,16,CITY_OK,2,19.96,3.96,-1.04,False
w310206420,Бендеры,3.333,0.0,16,0,16,CITY_OK,2,20.0,4.0,-1.0,False
w310206421,Бендеры,3.347,0.0,16,0,16,CITY_OK,2,20.08,4.08,-0.92,False
w310206422,Бендеры,3.675,0.0,17,0,17,CITY_OK,2,22.05,5.05,0.05,True
w310488383,Бендеры,4.425,0.0,20,0,20,CITY_OK,3,26.55,6.55,1.55,True
w310488384,Бендеры,4.451,0.0,20,0,20,CITY_OK,3,26.71,6.71,1.71,True
w310488385,Бендеры,4.466,0.0,20,0,20,CITY_OK,3,26.8,6.8,1.8,True
w310488387,Бендеры,4.527,0.0,21,0,21,CITY_OK,3,27.16,6.16,1.16,True
w310488388,Бендеры,4.356,0.0,20,0,20,CITY_OK,3,26.14,6.14,1.14,True
w310488608,Бендеры,3.662,0.0,17,0,17,CITY_OK,2,21.97,4.97,-0.03,False
w310488609,Бендеры,3.645,0.0,17,0,17,CITY_OK,2,21.87,4.87,-0.13,False
w310492787,Бендеры,5.228,0.0,23,0,23,CITY_OK,3,31.37,8.37,3.37,False
w315035700,Бендеры,2.928,0.0,14,0,14,CITY_OK,2,18.0,4.0,-1.0,False
w315035701,Бендеры,2.926,0.0,14,0,14,CITY_OK,2,18.0,4.0,-1.0,False
w315036780,Бендеры,2.95,0.0,14,0,14,CITY_OK,2,18.0,4.0,-1.0,False
w315044950,Бендеры,2.277,0.0,14,0,14,CITY_OK,2,18.0,4.0,-1.0,False
w315044952,Бендеры,2.265,0.0,14,0,14,CITY_OK,2,18.0,4.0,-1.0,False
w315044954,Бендеры,2.241,0.0,14,0,14,CITY_OK,2,18.0,4.0,-1.0,False
w315107914,Протягайловка,6.35,,28,,,OUTSIDE_DISTANCE_UNAVAILABLE,4,,,,
w315108089,Протягайловка,6.33,,28,,,OUTSIDE_DISTANCE_UNAVAILABLE,4,,,,
w315108090,Протягайловка,6.327,,28,,,OUTSIDE_DISTANCE_UNAVAILABLE,4,,,,
w315108091,Протягайловка,6.307,,28,,,OUTSIDE_DISTANCE_UNAVAILABLE,4,,,,
w315108139,Протягайловка,6.259,,28,,,OUTSIDE_DISTANCE_UNAVAILABLE,4,,,,
w315108143,Протягайловка,6.244,,27,,,OUTSIDE_DISTANCE_UNAVAILABLE,4,,,,
w315108146,Протягайловка,6.195,,27,,,OUTSIDE_DISTANCE_UNAVAILABLE,4,,,,
w315108367,Бендеры,5.016,0.0,23,0,23,CITY_OK,3,30.1,7.1,2.1,True
w315108368,Бендеры,5.028,0.0,23,0,23,CITY_OK,3,30.17,7.17,2.17,True
w315108369,Бендеры,5.095,0.0,23,0,23,CITY_OK,3,30.57,7.57,2.57,False
w315108370,Бендеры,5.11,0.0,23,0,23,CITY_OK,3,30.66,7.66,2.66,False
w315108371,Бендеры,5.125,0.0,23,0,23,CITY_OK,3,30.75,7.75,2.75,False
w315108372,Бендеры,5.141,0.0,23,0,23,CITY_OK,3,30.85,7.85,2.85,False
w315108395,Бендеры,4.994,0.0,22,0,22,CITY_OK,3,29.96,7.96,2.96,False
w315108397,Бендеры,4.903,0.0,22,0,22,CITY_OK,3,29.42,7.42,2.42,True
w315108398,Бендеры,4.889,0.0,22,0,22,CITY_OK,3,29.33,7.33,2.33,True
w315109552,Бендеры,4.328,0.0,20,0,20,CITY_OK,3,25.97,5.97,0.97,True
w315109553,Бендеры,4.276,0.0,20,0,20,CITY_OK,3,25.66,5.66,0.66,True
w315109554,Бендеры,4.31,0.0,20,0,20,CITY_OK,3,25.86,5.86,0.86,True
w315109557,Бендеры,4.461,0.0,20,0,20,CITY_OK,3,26.77,6.77,1.77,True
w315109558,Бендеры,4.442,0.0,20,0,20,CITY_OK,3,26.65,6.65,1.65,True
w315109559,Бендеры,4.33,0.0,20,0,20,CITY_OK,3,25.98,5.98,0.98,True
w315109561,Бендеры,4.317,0.0,20,0,20,CITY_OK,3,25.9,5.9,0.9,True
w315109562,Бендеры,4.326,0.0,20,0,20,CITY_OK,3,25.96,5.96,0.96,True
w315193130,Бендеры,5.163,0.0,23,0,23,CITY_OK,3,30.98,7.98,2.98,False
w315193131,Бендеры,5.132,0.0,23,0,23,CITY_OK,3,30.79,7.79,2.79,False
w315193133,Бендеры,5.086,0.0,23,0,23,CITY_OK,3,30.52,7.52,2.52,True
w315193134,Бендеры,5.07,0.0,23,0,23,CITY_OK,3,30.42,7.42,2.42,True
w315193136,Бендеры,5.037,0.0,23,0,23,CITY_OK,3,30.22,7.22,2.22,True
w315193137,Бендеры,5.024,0.0,23,0,23,CITY_OK,3,30.14,7.14,2.14,True
w315193143,Бендеры,5.155,0.0,23,0,23,CITY_OK,3,30.93,7.93,2.93,False
w315193149,Бендеры,5.169,0.0,23,0,23,CITY_OK,3,31.01,8.01,3.01,False
w315193151,Бендеры,5.055,0.0,23,0,23,CITY_OK,3,30.33,7.33,2.33,True
w315193155,Бендеры,5.146,0.0,23,0,23,CITY_OK,3,30.88,7.88,2.88,False
w315193157,Бендеры,5.13,0.0,23,0,23,CITY_OK,3,30.78,7.78,2.78,False
w315193161,Бендеры,5.068,0.0,23,0,23,CITY_OK,3,30.41,7.41,2.41,True
w315193162,Бендеры,5.082,0.0,23,0,23,CITY_OK,3,30.49,7.49,2.49,True
w315193163,Бендеры,5.182,0.0,23,0,23,CITY_OK,3,31.09,8.09,3.09,False
w315193166,Бендеры,5.141,0.0,23,0,23,CITY_OK,3,30.85,7.85,2.85,False
w315193168,Бендеры,5.151,0.0,23,0,23,CITY_OK,3,30.91,7.91,2.91,False
w315193170,Бендеры,5.254,0.0,24,0,24,CITY_OK,3,31.52,7.52,2.52,True
w315193207,Бендеры,4.875,0.0,22,0,22,CITY_OK,3,29.25,7.25,2.25,True
w315270992,Парканы,4.924,,22,,,OUTSIDE_DISTANCE_UNAVAILABLE,3,,,,
w315270994,Парканы,4.9,,22,,,OUTSIDE_DISTANCE_UNAVAILABLE,3,,,,
w315271154,Парканы,4.875,,22,,,OUTSIDE_DISTANCE_UNAVAILABLE,3,,,,
w315271163,Парканы,4.935,,22,,,OUTSIDE_DISTANCE_UNAVAILABLE,3,,,,
w315271165,Парканы,4.866,,22,,,OUTSIDE_DISTANCE_UNAVAILABLE,3,,,,
w315271166,Парканы,4.893,,22,,,OUTSIDE_DISTANCE_UNAVAILABLE,3,,,,
w315357741,Парканы,4.852,,22,,,OUTSIDE_DISTANCE_UNAVAILABLE,3,,,,
w315360423,Парканы,4.83,,22,,,OUTSIDE_DISTANCE_UNAVAILABLE,3,,,,
w315360426,Парканы,4.807,,22,,,OUTSIDE_DISTANCE_UNAVAILABLE,3,,,,
w315360428,Парканы,4.797,,22,,,OUTSIDE_DISTANCE_UNAVAILABLE,3,,,,
w315360429,Парканы,4.84,,22,,,OUTSIDE_DISTANCE_UNAVAILABLE,3,,,,
w315360430,Парканы,4.812,,22,,,OUTSIDE_DISTANCE_UNAVAILABLE,3,,,,
w315360432,Парканы,4.796,,22,,,OUTSIDE_DISTANCE_UNAVAILABLE,3,,,,
w315360434,Парканы,4.824,,22,,,OUTSIDE_DISTANCE_UNAVAILABLE,3,,,,
w315364632,Парканы,4.77,,22,,,OUTSIDE_DISTANCE_UNAVAILABLE,3,,,,
w315364635,Парканы,4.77,,22,,,OUTSIDE_DISTANCE_UNAVAILABLE,3,,,,
w315364636,Парканы,4.759,,22,,,OUTSIDE_DISTANCE_UNAVAILABLE,3,,,,
w315364638,Парканы,4.685,,21,,,OUTSIDE_DISTANCE_UNAVAILABLE,3,,,,
w315364639,Парканы,4.704,,21,,,OUTSIDE_DISTANCE_UNAVAILABLE,3,,,,
w315364640,Парканы,4.721,,21,,,OUTSIDE_DISTANCE_UNAVAILABLE,3,,,,
w315364642,Парканы,4.738,,21,,,OUTSIDE_DISTANCE_UNAVAILABLE,3,,,,
w315364643,Парканы,4.721,,21,,,OUTSIDE_DISTANCE_UNAVAILABLE,3,,,,
w315364644,Парканы,4.709,,21,,,OUTSIDE_DISTANCE_UNAVAILABLE,3,,,,
w315364646,Парканы,4.681,,21,,,OUTSIDE_DISTANCE_UNAVAILABLE,3,,,,
w315364647,Парканы,4.667,,21,,,OUTSIDE_DISTANCE_UNAVAILABLE,3,,,,
w315423559,Парканы,4.899,,22,,,OUTSIDE_DISTANCE_UNAVAILABLE,3,,,,
w315423560,Парканы,4.887,,22,,,OUTSIDE_DISTANCE_UNAVAILABLE,3,,,,
w315423563,Парканы,4.868,,22,,,OUTSIDE_DISTANCE_UNAVAILABLE,3,,,,
w315423566,Парканы,4.776,,22,,,OUTSIDE_DISTANCE_UNAVAILABLE,3,,,,
w315423569,Парканы,4.814,,22,,,OUTSIDE_DISTANCE_UNAVAILABLE,3,,,,
w315423571,Парканы,4.83,,22,,,OUTSIDE_DISTANCE_UNAVAILABLE,3,,,,
w315423572,Парканы,4.818,,22,,,OUTSIDE_DISTANCE_UNAVAILABLE,3,,,,
w315423573,Парканы,4.842,,22,,,OUTSIDE_DISTANCE_UNAVAILABLE,3,,,,
w315423576,Парканы,4.836,,22,,,OUTSIDE_DISTANCE_UNAVAILABLE,3,,,,
w315423577,Парканы,4.853,,22,,,OUTSIDE_DISTANCE_UNAVAILABLE,3,,,,
w315423578,Парканы,4.864,,22,,,OUTSIDE_DISTANCE_UNAVAILABLE,3,,,,
w315425206,Бендеры,5.14,0.0,23,0,23,CITY_OK,3,30.84,7.84,2.84,False
w315425207,Бендеры,5.248,0.0,23,0,23,CITY_OK,3,31.49,8.49,3.49,False
w315425208,Бендеры,5.157,0.0,23,0,23,CITY_OK,3,30.94,7.94,2.94,False
w315425209,Бендеры,5.171,0.0,23,0,23,CITY_OK,3,31.03,8.03,3.03,False
w315425210,Бендеры,5.185,0.0,23,0,23,CITY_OK,3,31.11,8.11,3.11,False
w315425211,Бендеры,5.2,0.0,23,0,23,CITY_OK,3,31.2,8.2,3.2,False
w315425213,Бендеры,5.214,0.0,23,0,23,CITY_OK,3,31.28,8.28,3.28,False
w315425215,Бендеры,5.229,0.0,23,0,23,CITY_OK,3,31.37,8.37,3.37,False
w315425216,Бендеры,5.242,0.0,23,0,23,CITY_OK,3,31.45,8.45,3.45,False
w315425217,Бендеры,5.258,0.0,24,0,24,CITY_OK,3,31.55,7.55,2.55,True
w315425218,Бендеры,5.179,0.0,23,0,23,CITY_OK,3,31.07,8.07,3.07,False
w315425219,Бендеры,5.254,0.0,24,0,24,CITY_OK,3,31.52,7.52,2.52,True
w315425222,Бендеры,5.245,0.0,23,0,23,CITY_OK,3,31.47,8.47,3.47,False
w315425223,Бендеры,5.297,0.0,24,0,24,CITY_OK,3,31.78,7.78,2.78,False
w315425226,Бендеры,5.285,0.0,24,0,24,CITY_OK,3,31.71,7.71,2.71,False
w315425228,Бендеры,5.361,0.0,24,0,24,CITY_OK,3,32.17,8.17,3.17,False
w315425242,Бендеры,5.376,0.0,24,0,24,CITY_OK,3,32.26,8.26,3.26,False
w315425243,Бендеры,5.205,0.0,23,0,23,CITY_OK,3,31.23,8.23,3.23,False
w315425245,Бендеры,5.258,0.0,24,0,24,CITY_OK,3,31.55,7.55,2.55,True
w315425247,Бендеры,5.271,0.0,24,0,24,CITY_OK,3,31.63,7.63,2.63,True
w315425248,Бендеры,5.265,0.0,24,0,24,CITY_OK,3,31.59,7.59,2.59,True
w315425250,Бендеры,5.282,0.0,24,0,24,CITY_OK,3,31.69,7.69,2.69,False
w315425252,Бендеры,5.299,0.0,24,0,24,CITY_OK,3,31.79,7.79,2.79,False
w315425254,Бендеры,5.289,0.0,24,0,24,CITY_OK,3,31.73,7.73,2.73,False
w315425255,Бендеры,5.298,0.0,24,0,24,CITY_OK,3,31.79,7.79,2.79,False
w315425256,Бендеры,5.179,0.0,23,0,23,CITY_OK,3,31.07,8.07,3.07,False
w315425259,Бендеры,5.106,0.0,23,0,23,CITY_OK,3,30.64,7.64,2.64,False
w315425263,Бендеры,5.167,0.0,23,0,23,CITY_OK,3,31.0,8.0,3.0,False
w315425271,Бендеры,5.01,0.0,23,0,23,CITY_OK,3,30.06,7.06,2.06,True
w315618129,Бендеры,5.304,0.0,24,0,24,CITY_OK,3,31.82,7.82,2.82,False
w315618131,Бендеры,5.317,0.0,24,0,24,CITY_OK,3,31.9,7.9,2.9,False
w315618133,Бендеры,5.333,0.0,24,0,24,CITY_OK,3,32.0,8.0,3.0,False
w315618134,Бендеры,5.347,0.0,24,0,24,CITY_OK,3,32.08,8.08,3.08,False
w315618136,Бендеры,5.363,0.0,24,0,24,CITY_OK,3,32.18,8.18,3.18,False
w315618137,Бендеры,5.362,0.0,24,0,24,CITY_OK,3,32.17,8.17,3.17,False
w315618139,Бендеры,5.445,0.0,24,0,24,CITY_OK,3,32.67,8.67,3.67,False
w315618140,Бендеры,5.459,0.0,24,0,24,CITY_OK,3,32.75,8.75,3.75,False
w315618141,Бендеры,5.362,0.0,24,0,24,CITY_OK,3,32.17,8.17,3.17,False
w315618142,Бендеры,5.347,0.0,24,0,24,CITY_OK,3,32.08,8.08,3.08,False
w315618146,Бендеры,5.334,0.0,24,0,24,CITY_OK,3,32.0,8.0,3.0,False
w315618151,Бендеры,5.382,0.0,24,0,24,CITY_OK,3,32.29,8.29,3.29,False
w315618152,Бендеры,5.417,0.0,24,0,24,CITY_OK,3,32.5,8.5,3.5,False
w315618153,Бендеры,5.397,0.0,24,0,24,CITY_OK,3,32.38,8.38,3.38,False
w315618154,Бендеры,5.332,0.0,24,0,24,CITY_OK,3,31.99,7.99,2.99,False
w315618155,Бендеры,5.317,0.0,24,0,24,CITY_OK,3,31.9,7.9,2.9,False
w315618156,Бендеры,5.524,0.0,25,0,25,CITY_OK,3,33.14,8.14,3.14,False
w315618157,Бендеры,5.435,0.0,24,0,24,CITY_OK,3,32.61,8.61,3.61,False
w315618160,Бендеры,5.451,0.0,24,0,24,CITY_OK,3,32.71,8.71,3.71,False
w315618161,Бендеры,5.366,0.0,24,0,24,CITY_OK,3,32.2,8.2,3.2,False
w315618162,Бендеры,5.542,0.0,25,0,25,CITY_OK,3,33.25,8.25,3.25,False
w315618163,Бендеры,5.451,0.0,24,0,24,CITY_OK,3,32.71,8.71,3.71,False
w315618164,Бендеры,5.436,0.0,24,0,24,CITY_OK,3,32.62,8.62,3.62,False
w315618165,Бендеры,5.349,0.0,24,0,24,CITY_OK,3,32.09,8.09,3.09,False
w315618168,Бендеры,5.523,0.0,25,0,25,CITY_OK,3,33.14,8.14,3.14,False
w315618169,Бендеры,5.541,0.0,25,0,25,CITY_OK,3,33.25,8.25,3.25,False
w315618170,Бендеры,5.435,0.0,24,0,24,CITY_OK,3,32.61,8.61,3.61,False
w315618171,Бендеры,5.533,0.0,25,0,25,CITY_OK,3,33.2,8.2,3.2,False
w315618172,Бендеры,5.466,0.0,24,0,24,CITY_OK,3,32.8,8.8,3.8,False
w315618173,Бендеры,5.218,0.0,23,0,23,CITY_OK,3,31.31,8.31,3.31,False
w315618354,Бендеры,4.862,0.0,22,0,22,CITY_OK,3,29.17,7.17,2.17,True
w315618356,Бендеры,4.849,0.0,22,0,22,CITY_OK,3,29.09,7.09,2.09,True
w315618357,Бендеры,4.836,0.0,22,0,22,CITY_OK,3,29.02,7.02,2.02,True
w315618358,Бендеры,4.822,0.0,22,0,22,CITY_OK,3,28.93,6.93,1.93,True
w315618360,Бендеры,4.808,0.0,22,0,22,CITY_OK,3,28.85,6.85,1.85,True
w315618361,Бендеры,4.787,0.0,22,0,22,CITY_OK,3,28.72,6.72,1.72,True
w315618362,Бендеры,4.804,0.0,22,0,22,CITY_OK,3,28.82,6.82,1.82,True
w315618365,Бендеры,4.818,0.0,22,0,22,CITY_OK,3,28.91,6.91,1.91,True
w315801269,Парканы,5.868,,26,,,OUTSIDE_DISTANCE_UNAVAILABLE,4,,,,
w315807198,Бендеры,5.39,0.0,24,0,24,CITY_OK,3,32.34,8.34,3.34,False
w315807199,Бендеры,5.305,0.0,24,0,24,CITY_OK,3,31.83,7.83,2.83,False
w315807200,Бендеры,5.35,0.0,24,0,24,CITY_OK,3,32.1,8.1,3.1,False
w315807202,Бендеры,5.218,0.0,23,0,23,CITY_OK,3,31.31,8.31,3.31,False
w315807203,Бендеры,5.233,0.0,23,0,23,CITY_OK,3,31.4,8.4,3.4,False
w315807206,Бендеры,5.357,0.0,24,0,24,CITY_OK,3,32.14,8.14,3.14,False
w315807207,Бендеры,5.369,0.0,24,0,24,CITY_OK,3,32.21,8.21,3.21,False
w315807208,Бендеры,5.25,0.0,23,0,23,CITY_OK,3,31.5,8.5,3.5,False
w315807210,Бендеры,5.27,0.0,24,0,24,CITY_OK,3,31.62,7.62,2.62,True
w315807212,Бендеры,5.286,0.0,24,0,24,CITY_OK,3,31.72,7.72,2.72,False
w315807218,Бендеры,5.488,0.0,24,0,24,CITY_OK,3,32.93,8.93,3.93,False
w315807220,Бендеры,5.513,0.0,25,0,25,CITY_OK,3,33.08,8.08,3.08,False
w315807221,Бендеры,5.531,0.0,25,0,25,CITY_OK,3,33.19,8.19,3.19,False
w315807222,Бендеры,5.57,0.0,25,0,25,CITY_OK,3,33.42,8.42,3.42,False
w315807223,Бендеры,5.62,0.0,25,0,25,CITY_OK,3,33.72,8.72,3.72,False
w315807224,Бендеры,5.629,0.0,25,0,25,CITY_OK,3,33.77,8.77,3.77,False
w315807231,Бендеры,5.537,0.0,25,0,25,CITY_OK,3,33.22,8.22,3.22,False
w315807232,Бендеры,5.45,0.0,24,0,24,CITY_OK,3,32.7,8.7,3.7,False
w315807407,Бендеры,5.448,0.0,24,0,24,CITY_OK,3,32.69,8.69,3.69,False
w315848053,Бендеры,0.71,0.0,14,0,14,CITY_OK,1,18.0,4.0,-1.0,False
w315848054,Бендеры,1.084,0.0,14,0,14,CITY_OK,1,18.0,4.0,-1.0,False
w315848055,Бендеры,1.188,0.0,14,0,14,CITY_OK,1,18.0,4.0,-1.0,False
w315848058,Бендеры,2.227,0.0,14,0,14,CITY_OK,2,18.0,4.0,-1.0,False
w315848059,Бендеры,3.031,0.0,15,0,15,CITY_OK,2,18.19,3.19,-1.81,False
w315848061,Бендеры,2.213,0.0,14,0,14,CITY_OK,2,18.0,4.0,-1.0,False
w315848062,Бендеры,2.188,0.0,14,0,14,CITY_OK,2,18.0,4.0,-1.0,False
w315851301,Бендеры,5.399,0.0,24,0,24,CITY_OK,3,32.39,8.39,3.39,False
w315851303,Бендеры,5.434,0.0,24,0,24,CITY_OK,3,32.6,8.6,3.6,False
w315851304,Бендеры,5.416,0.0,24,0,24,CITY_OK,3,32.5,8.5,3.5,False
w315851305,Бендеры,5.384,0.0,24,0,24,CITY_OK,3,32.3,8.3,3.3,False
w315851307,Бендеры,5.52,0.0,25,0,25,CITY_OK,3,33.12,8.12,3.12,False
w315851310,Бендеры,5.433,0.0,24,0,24,CITY_OK,3,32.6,8.6,3.6,False
w315851312,Бендеры,5.364,0.0,24,0,24,CITY_OK,3,32.18,8.18,3.18,False
w315851314,Бендеры,5.345,0.0,24,0,24,CITY_OK,3,32.07,8.07,3.07,False
w315851319,Бендеры,5.503,0.0,25,0,25,CITY_OK,3,33.02,8.02,3.02,False
w315851320,Бендеры,5.485,0.0,24,0,24,CITY_OK,3,32.91,8.91,3.91,False
w315851322,Бендеры,5.469,0.0,24,0,24,CITY_OK,3,32.81,8.81,3.81,False
w315851323,Бендеры,5.451,0.0,24,0,24,CITY_OK,3,32.71,8.71,3.71,False
w315851325,Бендеры,5.487,0.0,24,0,24,CITY_OK,3,32.92,8.92,3.92,False
w315851326,Бендеры,5.489,0.0,24,0,24,CITY_OK,3,32.93,8.93,3.93,False
w315851327,Бендеры,5.323,0.0,24,0,24,CITY_OK,3,31.94,7.94,2.94,False
w315851328,Бендеры,5.443,0.0,24,0,24,CITY_OK,3,32.66,8.66,3.66,False
w315851329,Бендеры,5.563,0.0,25,0,25,CITY_OK,3,33.38,8.38,3.38,False
w315851332,Бендеры,5.652,0.0,25,0,25,CITY_OK,3,33.91,8.91,3.91,False
w315851334,Бендеры,5.671,0.0,25,0,25,CITY_OK,3,34.03,9.03,4.03,False
w315851335,Бендеры,5.578,0.0,25,0,25,CITY_OK,3,33.47,8.47,3.47,False
w316026031,Бендеры,3.564,0.0,17,0,17,CITY_OK,2,21.38,4.38,-0.62,False
w316026055,Бендеры,3.816,0.0,18,0,18,CITY_OK,2,22.9,4.9,-0.1,False
w316026074,Бендеры,4.35,0.0,20,0,20,CITY_OK,2,26.1,6.1,1.1,True
w316027125,Бендеры,6.38,0.0,28,0,28,CITY_OK,4,38.28,10.28,5.28,False
w316027126,Бендеры,6.398,0.0,28,0,28,CITY_OK,4,38.39,10.39,5.39,False
w316027128,Бендеры,6.412,0.0,28,0,28,CITY_OK,4,38.47,10.47,5.47,False
w316027129,Бендеры,6.403,0.0,28,0,28,CITY_OK,4,38.42,10.42,5.42,False
w316027138,Бендеры,7.018,0.0,31,0,31,CITY_OK,4,42.11,11.11,6.11,False
w316027473,Бендеры,4.447,0.0,20,0,20,CITY_OK,2,26.68,6.68,1.68,True
w316027884,Бендеры,6.636,0.0,29,0,29,CITY_OK,4,39.82,10.82,5.82,False
w316027892,Бендеры,4.357,0.0,20,0,20,CITY_OK,2,26.14,6.14,1.14,True
w316027893,Бендеры,4.372,0.0,20,0,20,CITY_OK,2,26.23,6.23,1.23,True
w316027896,Бендеры,4.387,0.0,20,0,20,CITY_OK,2,26.32,6.32,1.32,True
w316031264,Бендеры,5.333,0.0,24,0,24,CITY_OK,3,32.0,8.0,3.0,False
w316031266,Бендеры,5.35,0.0,24,0,24,CITY_OK,3,32.1,8.1,3.1,False
w316031267,Бендеры,5.365,0.0,24,0,24,CITY_OK,3,32.19,8.19,3.19,False
w316031270,Бендеры,5.38,0.0,24,0,24,CITY_OK,3,32.28,8.28,3.28,False
w316645007,Бендеры,5.451,0.0,24,0,24,CITY_OK,3,32.71,8.71,3.71,False
w316645008,Бендеры,5.466,0.0,24,0,24,CITY_OK,3,32.8,8.8,3.8,False
w316645009,Бендеры,5.481,0.0,24,0,24,CITY_OK,3,32.89,8.89,3.89,False
w316645010,Бендеры,5.494,0.0,24,0,24,CITY_OK,3,32.96,8.96,3.96,False
w316645110,Бендеры,5.395,0.0,24,0,24,CITY_OK,3,32.37,8.37,3.37,False
w316645114,Бендеры,5.409,0.0,24,0,24,CITY_OK,3,32.45,8.45,3.45,False
w316645115,Бендеры,5.425,0.0,24,0,24,CITY_OK,3,32.55,8.55,3.55,False
w316645117,Бендеры,5.487,0.0,24,0,24,CITY_OK,3,32.92,8.92,3.92,False
w316645118,Бендеры,5.476,0.0,24,0,24,CITY_OK,3,32.86,8.86,3.86,False
w316645120,Бендеры,5.524,0.0,25,0,25,CITY_OK,3,33.14,8.14,3.14,False
w316645121,Бендеры,5.586,0.0,25,0,25,CITY_OK,3,33.52,8.52,3.52,False
w316645123,Бендеры,5.475,0.0,24,0,24,CITY_OK,3,32.85,8.85,3.85,False
w316665821,Бендеры,5.542,0.0,25,0,25,CITY_OK,3,33.25,8.25,3.25,False
w316665822,Бендеры,5.454,0.0,24,0,24,CITY_OK,3,32.72,8.72,3.72,False
w316758835,Бендеры,5.562,0.0,25,0,25,CITY_OK,3,33.37,8.37,3.37,False
w316758836,Бендеры,5.47,0.0,24,0,24,CITY_OK,3,32.82,8.82,3.82,False
w316758837,Бендеры,5.484,0.0,24,0,24,CITY_OK,3,32.9,8.9,3.9,False
w316758839,Бендеры,5.577,0.0,25,0,25,CITY_OK,3,33.46,8.46,3.46,False
w316759038,Бендеры,5.592,0.0,25,0,25,CITY_OK,3,33.55,8.55,3.55,False
w316759045,Бендеры,5.542,0.0,25,0,25,CITY_OK,3,33.25,8.25,3.25,False
w316759046,Бендеры,5.522,0.0,25,0,25,CITY_OK,3,33.13,8.13,3.13,False
w316759073,Бендеры,5.632,0.0,25,0,25,CITY_OK,3,33.79,8.79,3.79,False
w316759216,Бендеры,5.561,0.0,25,0,25,CITY_OK,3,33.37,8.37,3.37,False
w316759217,Бендеры,5.649,0.0,25,0,25,CITY_OK,3,33.89,8.89,3.89,False
w316759219,Бендеры,5.573,0.0,25,0,25,CITY_OK,3,33.44,8.44,3.44,False
w316759220,Бендеры,5.663,0.0,25,0,25,CITY_OK,3,33.98,8.98,3.98,False
w316759289,Бендеры,5.681,0.0,25,0,25,CITY_OK,3,34.09,9.09,4.09,False
w316759464,Бендеры,5.595,0.0,25,0,25,CITY_OK,3,33.57,8.57,3.57,False
w316759468,Бендеры,5.698,0.0,25,0,25,CITY_OK,3,34.19,9.19,4.19,False
w316759508,Бендеры,5.611,0.0,25,0,25,CITY_OK,3,33.67,8.67,3.67,False
w316785287,Бендеры,5.518,0.0,25,0,25,CITY_OK,3,33.11,8.11,3.11,False
w316785289,Бендеры,5.582,0.0,25,0,25,CITY_OK,3,33.49,8.49,3.49,False
w316785290,Бендеры,5.606,0.0,25,0,25,CITY_OK,3,33.64,8.64,3.64,False
w316785291,Бендеры,5.681,0.0,25,0,25,CITY_OK,3,34.09,9.09,4.09,False
w316785292,Бендеры,5.629,0.0,25,0,25,CITY_OK,3,33.77,8.77,3.77,False
w316785294,Бендеры,5.678,0.0,25,0,25,CITY_OK,3,34.07,9.07,4.07,False
w316785297,Бендеры,5.716,0.0,25,0,25,CITY_OK,3,34.3,9.3,4.3,False
w316785300,Бендеры,5.708,0.0,25,0,25,CITY_OK,3,34.25,9.25,4.25,False
w316844574,Протягайловка,8.418,,36,,,OUTSIDE_DISTANCE_UNAVAILABLE,4,,,,
w316844623,Протягайловка,8.446,,36,,,OUTSIDE_DISTANCE_UNAVAILABLE,4,,,,
w316844666,Протягайловка,8.541,,37,,,OUTSIDE_DISTANCE_UNAVAILABLE,4,,,,
w316845602,Протягайловка,8.603,,37,,,OUTSIDE_DISTANCE_UNAVAILABLE,4,,,,
w316845603,Протягайловка,8.676,,37,,,OUTSIDE_DISTANCE_UNAVAILABLE,4,,,,
w316845604,Протягайловка,9.064,,39,,,OUTSIDE_DISTANCE_UNAVAILABLE,4,,,,
w316845623,Протягайловка,9.021,,39,,,OUTSIDE_DISTANCE_UNAVAILABLE,4,,,,
w316845675,Протягайловка,8.997,,38,,,OUTSIDE_DISTANCE_UNAVAILABLE,4,,,,
w316845688,Протягайловка,8.773,,38,,,OUTSIDE_DISTANCE_UNAVAILABLE,4,,,,
w316845811,Протягайловка,8.802,,38,,,OUTSIDE_DISTANCE_UNAVAILABLE,4,,,,
w316845828,Протягайловка,8.826,,38,,,OUTSIDE_DISTANCE_UNAVAILABLE,4,,,,
w316846224,Протягайловка,9.121,,39,,,OUTSIDE_DISTANCE_UNAVAILABLE,4,,,,
w317051431,Бендеры,5.494,0.0,24,0,24,CITY_OK,3,32.96,8.96,3.96,False
w317051432,Бендеры,5.605,0.0,25,0,25,CITY_OK,3,33.63,8.63,3.63,False
w317051433,Бендеры,5.507,0.0,25,0,25,CITY_OK,3,33.04,8.04,3.04,False
w317051435,Бендеры,5.521,0.0,25,0,25,CITY_OK,3,33.13,8.13,3.13,False
w317051437,Бендеры,5.537,0.0,25,0,25,CITY_OK,3,33.22,8.22,3.22,False
w317051439,Бендеры,5.622,0.0,25,0,25,CITY_OK,3,33.73,8.73,3.73,False
w317051440,Бендеры,5.55,0.0,25,0,25,CITY_OK,3,33.3,8.3,3.3,False
w317051441,Бендеры,5.634,0.0,25,0,25,CITY_OK,3,33.8,8.8,3.8,False
w317051442,Бендеры,5.649,0.0,25,0,25,CITY_OK,3,33.89,8.89,3.89,False
w317051443,Бендеры,5.664,0.0,25,0,25,CITY_OK,3,33.98,8.98,3.98,False
w317051444,Бендеры,5.678,0.0,25,0,25,CITY_OK,3,34.07,9.07,4.07,False
w317051446,Бендеры,5.564,0.0,25,0,25,CITY_OK,3,33.38,8.38,3.38,False
w317051448,Бендеры,5.694,0.0,25,0,25,CITY_OK,3,34.16,9.16,4.16,False
w317051449,Бендеры,5.643,0.0,25,0,25,CITY_OK,3,33.86,8.86,3.86,False
w317051450,Бендеры,5.628,0.0,25,0,25,CITY_OK,3,33.77,8.77,3.77,False
w317051454,Бендеры,5.583,0.0,25,0,25,CITY_OK,3,33.5,8.5,3.5,False
w317051455,Бендеры,5.633,0.0,25,0,25,CITY_OK,3,33.8,8.8,3.8,False
w317051457,Бендеры,5.598,0.0,25,0,25,CITY_OK,3,33.59,8.59,3.59,False
w317051459,Бендеры,5.684,0.0,25,0,25,CITY_OK,3,34.1,9.1,4.1,False
w317051462,Бендеры,5.612,0.0,25,0,25,CITY_OK,3,33.67,8.67,3.67,False
w317051463,Бендеры,5.702,0.0,25,0,25,CITY_OK,3,34.21,9.21,4.21,False
w317051464,Бендеры,5.627,0.0,25,0,25,CITY_OK,3,33.76,8.76,3.76,False
w317051466,Бендеры,5.644,0.0,25,0,25,CITY_OK,3,33.86,8.86,3.86,False
w317051467,Бендеры,5.661,0.0,25,0,25,CITY_OK,3,33.97,8.97,3.97,False
w317051468,Бендеры,5.734,0.0,25,0,25,CITY_OK,3,34.4,9.4,4.4,False
w317051471,Бендеры,5.719,0.0,25,0,25,CITY_OK,3,34.31,9.31,4.31,False
w317051473,Бендеры,5.75,0.0,25,0,25,CITY_OK,3,34.5,9.5,4.5,False
w317051475,Бендеры,5.734,0.0,25,0,25,CITY_OK,3,34.4,9.4,4.4,False
w317051477,Бендеры,5.784,0.0,26,0,26,CITY_OK,3,34.7,8.7,3.7,False
w317051479,Бендеры,5.765,0.0,26,0,26,CITY_OK,3,34.59,8.59,3.59,False
w317051487,Бендеры,5.677,0.0,25,0,25,CITY_OK,3,34.06,9.06,4.06,False
w317051494,Бендеры,5.733,0.0,25,0,25,CITY_OK,3,34.4,9.4,4.4,False
w317051496,Бендеры,5.756,0.0,26,0,26,CITY_OK,3,34.54,8.54,3.54,False
w317051499,Бендеры,5.789,0.0,26,0,26,CITY_OK,3,34.73,8.73,3.73,False
w317051503,Бендеры,5.768,0.0,26,0,26,CITY_OK,3,34.61,8.61,3.61,False
w317053500,Бендеры,5.636,0.0,25,0,25,CITY_OK,3,33.82,8.82,3.82,False
w317053502,Бендеры,5.656,0.0,25,0,25,CITY_OK,3,33.94,8.94,3.94,False
w317053508,Бендеры,5.747,0.0,25,0,25,CITY_OK,3,34.48,9.48,4.48,False
w317053511,Бендеры,5.672,0.0,25,0,25,CITY_OK,3,34.03,9.03,4.03,False
w317053513,Бендеры,5.762,0.0,26,0,26,CITY_OK,3,34.57,8.57,3.57,False
w317053514,Бендеры,5.777,0.0,26,0,26,CITY_OK,3,34.66,8.66,3.66,False
w317053517,Бендеры,5.79,0.0,26,0,26,CITY_OK,3,34.74,8.74,3.74,False
w317053518,Бендеры,5.804,0.0,26,0,26,CITY_OK,3,34.82,8.82,3.82,False
w317053520,Бендеры,5.702,0.0,25,0,25,CITY_OK,3,34.21,9.21,4.21,False
w317053522,Бендеры,5.802,0.0,26,0,26,CITY_OK,3,34.81,8.81,3.81,False
w317053524,Бендеры,5.782,0.0,26,0,26,CITY_OK,3,34.69,8.69,3.69,False
w317053527,Бендеры,5.756,0.0,26,0,26,CITY_OK,3,34.54,8.54,3.54,False
w317053529,Бендеры,5.787,0.0,26,0,26,CITY_OK,3,34.72,8.72,3.72,False
w317053530,Бендеры,5.821,0.0,26,0,26,CITY_OK,3,34.93,8.93,3.93,False
w317053531,Бендеры,5.867,0.0,26,0,26,CITY_OK,3,35.2,9.2,4.2,False
w317053532,Бендеры,5.803,0.0,26,0,26,CITY_OK,3,34.82,8.82,3.82,False
w317053535,Бендеры,5.786,0.0,26,0,26,CITY_OK,3,34.72,8.72,3.72,False
w317053537,Бендеры,5.879,0.0,26,0,26,CITY_OK,3,35.27,9.27,4.27,False
w317053539,Бендеры,5.845,0.0,26,0,26,CITY_OK,3,35.07,9.07,4.07,False
w317053540,Бендеры,5.815,0.0,26,0,26,CITY_OK,3,34.89,8.89,3.89,False
w317053541,Бендеры,5.8,0.0,26,0,26,CITY_OK,3,34.8,8.8,3.8,False
w317053543,Бендеры,5.917,0.0,26,0,26,CITY_OK,3,35.5,9.5,4.5,False
w317053545,Бендеры,5.716,0.0,25,0,25,CITY_OK,3,34.3,9.3,4.3,False
w317053546,Бендеры,5.775,0.0,26,0,26,CITY_OK,3,34.65,8.65,3.65,False
w317055528,Бендеры,6.144,0.0,27,0,27,CITY_OK,4,36.86,9.86,4.86,False
w317055532,Бендеры,6.124,0.0,27,0,27,CITY_OK,4,36.74,9.74,4.74,False
w317055533,Бендеры,6.158,0.0,27,0,27,CITY_OK,4,36.95,9.95,4.95,False
w317055538,Бендеры,6.173,0.0,27,0,27,CITY_OK,4,37.04,10.04,5.04,False
w317055539,Бендеры,6.039,0.0,27,0,27,CITY_OK,3,36.23,9.23,4.23,False
w317055540,Бендеры,6.188,0.0,27,0,27,CITY_OK,4,37.13,10.13,5.13,False
w317055542,Бендеры,6.202,0.0,27,0,27,CITY_OK,4,37.21,10.21,5.21,False
w317055544,Бендеры,6.273,0.0,28,0,28,CITY_OK,4,37.64,9.64,4.64,False
w317055545,Бендеры,6.229,0.0,27,0,27,CITY_OK,4,37.37,10.37,5.37,False
w317058936,Бендеры,2.524,0.0,14,0,14,CITY_OK,2,18.0,4.0,-1.0,False
w317058938,Бендеры,2.929,0.0,14,0,14,CITY_OK,2,18.0,4.0,-1.0,False
w317089135,Бендеры,2.281,0.0,14,0,14,CITY_OK,2,18.0,4.0,-1.0,False
w317089138,Бендеры,2.267,0.0,14,0,14,CITY_OK,2,18.0,4.0,-1.0,False
w317089139,Бендеры,2.265,0.0,14,0,14,CITY_OK,2,18.0,4.0,-1.0,False
w317089142,Бендеры,2.952,0.0,14,0,14,CITY_OK,2,18.0,4.0,-1.0,False
w317089143,Бендеры,2.908,0.0,14,0,14,CITY_OK,2,18.0,4.0,-1.0,False
w317089144,Бендеры,3.026,0.0,15,0,15,CITY_OK,2,18.16,3.16,-1.84,False
w317089145,Бендеры,3.035,0.0,15,0,15,CITY_OK,2,18.21,3.21,-1.79,False
w317089309,Бендеры,1.969,0.0,14,0,14,CITY_OK,1,18.0,4.0,-1.0,False
w317089310,Бендеры,1.948,0.0,14,0,14,CITY_OK,1,18.0,4.0,-1.0,False
w317095287,Бендеры,1.002,0.0,14,0,14,CITY_OK,1,18.0,4.0,-1.0,False
w317148284,Бендеры,3.946,0.0,18,0,18,CITY_OK,2,23.68,5.68,0.68,True
w317148288,Бендеры,4.802,0.0,22,0,22,CITY_OK,3,28.81,6.81,1.81,True
w317148591,Бендеры,5.983,0.0,26,0,26,CITY_OK,3,35.9,9.9,4.9,False
w317148593,Бендеры,5.994,0.0,26,0,26,CITY_OK,3,35.96,9.96,4.96,False
w317148594,Бендеры,6.037,0.0,27,0,27,CITY_OK,3,36.22,9.22,4.22,False
w317148596,Бендеры,6.053,0.0,27,0,27,CITY_OK,3,36.32,9.32,4.32,False
w317148597,Бендеры,6.08,0.0,27,0,27,CITY_OK,3,36.48,9.48,4.48,False
w317148599,Бендеры,6.088,0.0,27,0,27,CITY_OK,3,36.53,9.53,4.53,False
w317149166,Бендеры,5.841,0.0,26,0,26,CITY_OK,3,35.05,9.05,4.05,False
w317149167,Бендеры,5.857,0.0,26,0,26,CITY_OK,3,35.14,9.14,4.14,False
w317149168,Бендеры,5.872,0.0,26,0,26,CITY_OK,3,35.23,9.23,4.23,False
w317149169,Бендеры,5.887,0.0,26,0,26,CITY_OK,3,35.32,9.32,4.32,False
w317149174,Бендеры,6.23,0.0,27,0,27,CITY_OK,4,37.38,10.38,5.38,False
w317149175,Бендеры,5.813,0.0,26,0,26,CITY_OK,3,34.88,8.88,3.88,False
w317149176,Бендеры,5.829,0.0,26,0,26,CITY_OK,3,34.97,8.97,3.97,False
w317149177,Бендеры,6.213,0.0,27,0,27,CITY_OK,4,37.28,10.28,5.28,False
w317149178,Бендеры,6.195,0.0,27,0,27,CITY_OK,4,37.17,10.17,5.17,False
w317149187,Бендеры,5.687,0.0,25,0,25,CITY_OK,3,34.12,9.12,4.12,False
w317149188,Бендеры,5.792,0.0,26,0,26,CITY_OK,3,34.75,8.75,3.75,False
w317149190,Бендеры,5.701,0.0,25,0,25,CITY_OK,3,34.21,9.21,4.21,False
w317149192,Бендеры,5.809,0.0,26,0,26,CITY_OK,3,34.85,8.85,3.85,False
w317149194,Бендеры,5.717,0.0,25,0,25,CITY_OK,3,34.3,9.3,4.3,False
w317149365,Бендеры,5.233,0.0,23,0,23,CITY_OK,3,31.4,8.4,3.4,False
w317149367,Бендеры,5.321,0.0,24,0,24,CITY_OK,3,31.93,7.93,2.93,False
w317149370,Бендеры,5.362,0.0,24,0,24,CITY_OK,3,32.17,8.17,3.17,False
w317149372,Бендеры,5.427,0.0,24,0,24,CITY_OK,3,32.56,8.56,3.56,False
w317149374,Бендеры,5.301,0.0,24,0,24,CITY_OK,3,31.81,7.81,2.81,False
w317149376,Бендеры,5.348,0.0,24,0,24,CITY_OK,3,32.09,8.09,3.09,False
w317484798,Бендеры,4.402,0.0,20,0,20,CITY_OK,2,26.41,6.41,1.41,True
w317484800,Бендеры,4.373,0.0,20,0,20,CITY_OK,2,26.24,6.24,1.24,True
w317484802,Бендеры,4.389,0.0,20,0,20,CITY_OK,2,26.33,6.33,1.33,True
w317484803,Бендеры,4.404,0.0,20,0,20,CITY_OK,2,26.42,6.42,1.42,True
w317484806,Бендеры,4.418,0.0,20,0,20,CITY_OK,2,26.51,6.51,1.51,True
w317484807,Бендеры,4.434,0.0,20,0,20,CITY_OK,2,26.6,6.6,1.6,True
w317484810,Бендеры,4.448,0.0,20,0,20,CITY_OK,2,26.69,6.69,1.69,True
w317484816,Бендеры,4.417,0.0,20,0,20,CITY_OK,2,26.5,6.5,1.5,True
w318043420,Бендеры,5.252,0.0,24,0,24,CITY_OK,3,31.51,7.51,2.51,True
w318043422,Бендеры,5.192,0.0,23,0,23,CITY_OK,3,31.15,8.15,3.15,False
w318044453,Бендеры,5.165,0.0,23,0,23,CITY_OK,3,30.99,7.99,2.99,False
w318044635,Бендеры,5.15,0.0,23,0,23,CITY_OK,3,30.9,7.9,2.9,False
w318044637,Бендеры,5.135,0.0,23,0,23,CITY_OK,3,30.81,7.81,2.81,False
w318044638,Бендеры,5.122,0.0,23,0,23,CITY_OK,3,30.73,7.73,2.73,False
w318044639,Бендеры,5.107,0.0,23,0,23,CITY_OK,3,30.64,7.64,2.64,False
w318044640,Бендеры,5.093,0.0,23,0,23,CITY_OK,3,30.56,7.56,2.56,False
w318044882,Бендеры,5.294,0.0,24,0,24,CITY_OK,3,31.76,7.76,2.76,False
w318044883,Бендеры,5.312,0.0,24,0,24,CITY_OK,3,31.87,7.87,2.87,False
w318044885,Бендеры,5.286,0.0,24,0,24,CITY_OK,3,31.72,7.72,2.72,False
w318044886,Бендеры,5.251,0.0,24,0,24,CITY_OK,3,31.51,7.51,2.51,True
w318048547,Бендеры,4.435,0.0,20,0,20,CITY_OK,2,26.61,6.61,1.61,True
w318048549,Бендеры,4.45,0.0,20,0,20,CITY_OK,2,26.7,6.7,1.7,True
w318048550,Бендеры,4.465,0.0,20,0,20,CITY_OK,2,26.79,6.79,1.79,True
w318048552,Бендеры,4.479,0.0,20,0,20,CITY_OK,2,26.87,6.87,1.87,True
w318048553,Бендеры,4.737,0.0,21,0,21,CITY_OK,3,28.42,7.42,2.42,False
w318048554,Бендеры,4.706,0.0,21,0,21,CITY_OK,3,28.24,7.24,2.24,True
w318048555,Бендеры,4.722,0.0,21,0,21,CITY_OK,3,28.33,7.33,2.33,True
w318051675,Бендеры,4.261,0.0,20,0,20,CITY_OK,2,25.57,5.57,0.57,True
w318051676,Бендеры,4.233,0.0,19,0,19,CITY_OK,2,25.4,6.4,1.4,True
w318051677,Бендеры,4.248,0.0,19,0,19,CITY_OK,2,25.49,6.49,1.49,True
w318051680,Бендеры,4.263,0.0,20,0,20,CITY_OK,2,25.58,5.58,0.58,True
w318051681,Бендеры,4.279,0.0,20,0,20,CITY_OK,2,25.67,5.67,0.67,True
w318051682,Бендеры,4.278,0.0,20,0,20,CITY_OK,2,25.67,5.67,0.67,True
w318051683,Бендеры,4.293,0.0,20,0,20,CITY_OK,2,25.76,5.76,0.76,True
w318051685,Бендеры,4.293,0.0,20,0,20,CITY_OK,2,25.76,5.76,0.76,True
w318051686,Бендеры,4.309,0.0,20,0,20,CITY_OK,2,25.85,5.85,0.85,True
w318051687,Бендеры,4.307,0.0,20,0,20,CITY_OK,2,25.84,5.84,0.84,True
w318051688,Бендеры,4.691,0.0,21,0,21,CITY_OK,3,28.15,7.15,2.15,True
w318051689,Бендеры,4.677,0.0,21,0,21,CITY_OK,3,28.06,7.06,2.06,True
w318051690,Бендеры,4.322,0.0,20,0,20,CITY_OK,2,25.93,5.93,0.93,True
w318051691,Бендеры,4.322,0.0,20,0,20,CITY_OK,2,25.93,5.93,0.93,True
w318051694,Бендеры,4.338,0.0,20,0,20,CITY_OK,2,26.03,6.03,1.03,True
w318057739,Бендеры,4.335,0.0,20,0,20,CITY_OK,2,26.01,6.01,1.01,True
w318057740,Бендеры,4.353,0.0,20,0,20,CITY_OK,2,26.12,6.12,1.12,True
w318057741,Бендеры,4.073,0.0,19,0,19,CITY_OK,2,24.44,5.44,0.44,True
w318057742,Бендеры,4.365,0.0,20,0,20,CITY_OK,2,26.19,6.19,1.19,True
w318057743,Бендеры,4.381,0.0,20,0,20,CITY_OK,2,26.29,6.29,1.29,True
w318057744,Бендеры,4.354,0.0,20,0,20,CITY_OK,2,26.12,6.12,1.12,True
w318057745,Бендеры,4.367,0.0,20,0,20,CITY_OK,2,26.2,6.2,1.2,True
w318058436,Бендеры,4.662,0.0,21,0,21,CITY_OK,3,27.97,6.97,1.97,True
w318058440,Бендеры,4.382,0.0,20,0,20,CITY_OK,2,26.29,6.29,1.29,True
w318058441,Бендеры,4.703,0.0,21,0,21,CITY_OK,3,28.22,7.22,2.22,True
w318058442,Бендеры,4.606,0.0,21,0,21,CITY_OK,3,27.64,6.64,1.64,True
w318058443,Бендеры,4.619,0.0,21,0,21,CITY_OK,3,27.71,6.71,1.71,True
w318058445,Бендеры,4.631,0.0,21,0,21,CITY_OK,3,27.79,6.79,1.79,True
w318058451,Бендеры,4.636,0.0,21,0,21,CITY_OK,3,27.82,6.82,1.82,True
w318058455,Бендеры,4.655,0.0,21,0,21,CITY_OK,3,27.93,6.93,1.93,True
w318070625,Бендеры,5.734,0.0,25,0,25,CITY_OK,3,34.4,9.4,4.4,False
w318070626,Бендеры,5.825,0.0,26,0,26,CITY_OK,3,34.95,8.95,3.95,False
w318070627,Бендеры,5.842,0.0,26,0,26,CITY_OK,3,35.05,9.05,4.05,False
w318070628,Бендеры,5.751,0.0,26,0,26,CITY_OK,3,34.51,8.51,3.51,False
w318070629,Бендеры,5.918,0.0,26,0,26,CITY_OK,3,35.51,9.51,4.51,False
w318070630,Бендеры,5.866,0.0,26,0,26,CITY_OK,3,35.2,9.2,4.2,False
w318070632,Бендеры,5.767,0.0,26,0,26,CITY_OK,3,34.6,8.6,3.6,False
w318070633,Бендеры,5.817,0.0,26,0,26,CITY_OK,3,34.9,8.9,3.9,False
w318070636,Бендеры,5.866,0.0,26,0,26,CITY_OK,3,35.2,9.2,4.2,False
w318070638,Бендеры,5.843,0.0,26,0,26,CITY_OK,3,35.06,9.06,4.06,False
w318070639,Бендеры,5.926,0.0,26,0,26,CITY_OK,3,35.56,9.56,4.56,False
w318070641,Бендеры,6.312,0.0,28,0,28,CITY_OK,4,37.87,9.87,4.87,False
w318070642,Бендеры,5.857,0.0,26,0,26,CITY_OK,3,35.14,9.14,4.14,False
w318070643,Бендеры,6.228,0.0,27,0,27,CITY_OK,4,37.37,10.37,5.37,False
w318070645,Бендеры,6.251,0.0,28,0,28,CITY_OK,4,37.51,9.51,4.51,False
w318070647,Бендеры,5.888,0.0,26,0,26,CITY_OK,3,35.33,9.33,4.33,False
w318070648,Бендеры,5.874,0.0,26,0,26,CITY_OK,3,35.24,9.24,4.24,False
w318071320,Бендеры,5.768,0.0,26,0,26,CITY_OK,3,34.61,8.61,3.61,False
w318071326,Бендеры,4.125,0.0,19,0,19,CITY_OK,2,24.75,5.75,0.75,True
w318071327,Бендеры,4.099,0.0,19,0,19,CITY_OK,2,24.59,5.59,0.59,True
w318071328,Бендеры,4.071,0.0,19,0,19,CITY_OK,2,24.43,5.43,0.43,True
w318071344,Бендеры,6.258,0.0,28,0,28,CITY_OK,4,37.55,9.55,4.55,False
w318071345,Бендеры,6.288,0.0,28,0,28,CITY_OK,4,37.73,9.73,4.73,False
w318071347,Бендеры,6.279,0.0,28,0,28,CITY_OK,4,37.67,9.67,4.67,False
w318071348,Бендеры,6.275,0.0,28,0,28,CITY_OK,4,37.65,9.65,4.65,False
w318071349,Бендеры,6.264,0.0,28,0,28,CITY_OK,4,37.58,9.58,4.58,False
w318071350,Бендеры,6.28,0.0,28,0,28,CITY_OK,4,37.68,9.68,4.68,False
w318071363,Бендеры,6.327,0.0,28,0,28,CITY_OK,4,37.96,9.96,4.96,False
w318071364,Бендеры,6.34,0.0,28,0,28,CITY_OK,4,38.04,10.04,5.04,False
w318072344,Бендеры,6.43,0.0,28,0,28,CITY_OK,4,38.58,10.58,5.58,False
w318072345,Бендеры,6.414,0.0,28,0,28,CITY_OK,4,38.48,10.48,5.48,False
w318072346,Бендеры,6.399,0.0,28,0,28,CITY_OK,4,38.39,10.39,5.39,False
w318072347,Бендеры,6.384,0.0,28,0,28,CITY_OK,4,38.3,10.3,5.3,False
w318072351,Бендеры,6.508,0.0,29,0,29,CITY_OK,4,39.05,10.05,5.05,False
w318072352,Бендеры,6.496,0.0,28,0,28,CITY_OK,4,38.98,10.98,5.98,False
w318072358,Бендеры,6.358,0.0,28,0,28,CITY_OK,4,38.15,10.15,5.15,False
w318072368,Бендеры,6.094,0.0,27,0,27,CITY_OK,3,36.56,9.56,4.56,False
w318072372,Бендеры,6.257,0.0,28,0,28,CITY_OK,4,37.54,9.54,4.54,False
w318072374,Бендеры,6.272,0.0,28,0,28,CITY_OK,4,37.63,9.63,4.63,False
w318072377,Бендеры,6.261,0.0,28,0,28,CITY_OK,4,37.57,9.57,4.57,False
w318072382,Бендеры,6.276,0.0,28,0,28,CITY_OK,4,37.66,9.66,4.66,False
w318072708,Бендеры,4.51,0.0,21,0,21,CITY_OK,3,27.06,6.06,1.06,True
w318083425,Бендеры,5.302,0.0,24,0,24,CITY_OK,3,31.81,7.81,2.81,False
w318083426,Бендеры,5.313,0.0,24,0,24,CITY_OK,3,31.88,7.88,2.88,False
w318083428,Бендеры,5.316,0.0,24,0,24,CITY_OK,3,31.9,7.9,2.9,False
w318083432,Бендеры,5.332,0.0,24,0,24,CITY_OK,3,31.99,7.99,2.99,False
w318083433,Бендеры,5.348,0.0,24,0,24,CITY_OK,3,32.09,8.09,3.09,False
w318083438,Бендеры,5.429,0.0,24,0,24,CITY_OK,3,32.57,8.57,3.57,False
w318083440,Бендеры,5.381,0.0,24,0,24,CITY_OK,3,32.29,8.29,3.29,False
w318083442,Бендеры,5.366,0.0,24,0,24,CITY_OK,3,32.2,8.2,3.2,False
w318083464,Бендеры,5.433,0.0,24,0,24,CITY_OK,3,32.6,8.6,3.6,False
w318083469,Бендеры,5.424,0.0,24,0,24,CITY_OK,3,32.54,8.54,3.54,False
w318083474,Бендеры,5.45,0.0,24,0,24,CITY_OK,3,32.7,8.7,3.7,False
w318083475,Бендеры,5.442,0.0,24,0,24,CITY_OK,3,32.65,8.65,3.65,False
w318083477,Бендеры,5.468,0.0,24,0,24,CITY_OK,3,32.81,8.81,3.81,False
w318083480,Бендеры,5.484,0.0,24,0,24,CITY_OK,3,32.9,8.9,3.9,False
w318083482,Бендеры,5.457,0.0,24,0,24,CITY_OK,3,32.74,8.74,3.74,False
w318084686,Бендеры,5.474,0.0,24,0,24,CITY_OK,3,32.84,8.84,3.84,False
w318084687,Бендеры,5.501,0.0,25,0,25,CITY_OK,3,33.01,8.01,3.01,False
w318084689,Бендеры,5.52,0.0,25,0,25,CITY_OK,3,33.12,8.12,3.12,False
w318084690,Бендеры,5.492,0.0,24,0,24,CITY_OK,3,32.95,8.95,3.95,False
w318084693,Бендеры,5.588,0.0,25,0,25,CITY_OK,3,33.53,8.53,3.53,False
w318084696,Бендеры,5.561,0.0,25,0,25,CITY_OK,3,33.37,8.37,3.37,False
w318084700,Бендеры,5.536,0.0,25,0,25,CITY_OK,3,33.22,8.22,3.22,False
w318084701,Бендеры,5.554,0.0,25,0,25,CITY_OK,3,33.32,8.32,3.32,False
w318084702,Бендеры,5.572,0.0,25,0,25,CITY_OK,3,33.43,8.43,3.43,False
w318084704,Бендеры,5.543,0.0,25,0,25,CITY_OK,3,33.26,8.26,3.26,False
w318084707,Бендеры,5.522,0.0,25,0,25,CITY_OK,3,33.13,8.13,3.13,False
w318084710,Бендеры,5.495,0.0,24,0,24,CITY_OK,3,32.97,8.97,3.97,False
w318084711,Бендеры,5.587,0.0,25,0,25,CITY_OK,3,33.52,8.52,3.52,False
w318084713,Бендеры,5.547,0.0,25,0,25,CITY_OK,3,33.28,8.28,3.28,False
w318085081,Бендеры,5.773,0.0,26,0,26,CITY_OK,3,34.64,8.64,3.64,False
w318085082,Бендеры,5.777,0.0,26,0,26,CITY_OK,3,34.66,8.66,3.66,False
w318085546,Бендеры,5.801,0.0,26,0,26,CITY_OK,3,34.81,8.81,3.81,False
w318085547,Бендеры,5.8,0.0,26,0,26,CITY_OK,3,34.8,8.8,3.8,False
w318085548,Бендеры,5.861,0.0,26,0,26,CITY_OK,3,35.17,9.17,4.17,False
w318085549,Бендеры,5.82,0.0,26,0,26,CITY_OK,3,34.92,8.92,3.92,False
w318085550,Бендеры,5.861,0.0,26,0,26,CITY_OK,3,35.17,9.17,4.17,False
w318085551,Бендеры,5.864,0.0,26,0,26,CITY_OK,3,35.18,9.18,4.18,False
w318085552,Бендеры,5.844,0.0,26,0,26,CITY_OK,3,35.06,9.06,4.06,False
w318085555,Бендеры,5.843,0.0,26,0,26,CITY_OK,3,35.06,9.06,4.06,False
w318085557,Бендеры,5.871,0.0,26,0,26,CITY_OK,3,35.23,9.23,4.23,False
w318085558,Бендеры,5.857,0.0,26,0,26,CITY_OK,3,35.14,9.14,4.14,False
w318090581,Бендеры,6.098,0.0,27,0,27,CITY_OK,3,36.59,9.59,4.59,False
w318090582,Бендеры,6.113,0.0,27,0,27,CITY_OK,3,36.68,9.68,4.68,False
w318090583,Бендеры,6.128,0.0,27,0,27,CITY_OK,4,36.77,9.77,4.77,False
w318090584,Бендеры,6.143,0.0,27,0,27,CITY_OK,4,36.86,9.86,4.86,False
w318090595,Бендеры,6.137,0.0,27,0,27,CITY_OK,4,36.82,9.82,4.82,False
w318090596,Бендеры,6.176,0.0,27,0,27,CITY_OK,4,37.06,10.06,5.06,False
w318090600,Бендеры,6.275,0.0,28,0,28,CITY_OK,4,37.65,9.65,4.65,False
w318090605,Бендеры,6.097,0.0,27,0,27,CITY_OK,4,36.58,9.58,4.58,False
w318090606,Бендеры,6.127,0.0,27,0,27,CITY_OK,4,36.76,9.76,4.76,False
w318120119,Бендеры,5.719,0.0,25,0,25,CITY_OK,3,34.31,9.31,4.31,False
w318120121,Бендеры,5.73,0.0,25,0,25,CITY_OK,3,34.38,9.38,4.38,False
w318120122,Бендеры,5.749,0.0,25,0,25,CITY_OK,3,34.49,9.49,4.49,False
w318120123,Бендеры,5.722,0.0,25,0,25,CITY_OK,3,34.33,9.33,4.33,False
w318120125,Бендеры,5.755,0.0,26,0,26,CITY_OK,3,34.53,8.53,3.53,False
w318120128,Бендеры,5.755,0.0,26,0,26,CITY_OK,3,34.53,8.53,3.53,False
w318120129,Бендеры,5.182,0.0,23,0,23,CITY_OK,3,31.09,8.09,3.09,False
w318120131,Бендеры,5.197,0.0,23,0,23,CITY_OK,3,31.18,8.18,3.18,False
w318120134,Бендеры,5.231,0.0,23,0,23,CITY_OK,3,31.39,8.39,3.39,False
w318120135,Бендеры,5.335,0.0,24,0,24,CITY_OK,3,32.01,8.01,3.01,False
w318120136,Бендеры,5.247,0.0,23,0,23,CITY_OK,3,31.48,8.48,3.48,False
w318120137,Бендеры,5.258,0.0,24,0,24,CITY_OK,3,31.55,7.55,2.55,True
w318120138,Бендеры,5.349,0.0,24,0,24,CITY_OK,3,32.09,8.09,3.09,False
w318120139,Бендеры,5.366,0.0,24,0,24,CITY_OK,3,32.2,8.2,3.2,False
w318120142,Бендеры,5.301,0.0,24,0,24,CITY_OK,3,31.81,7.81,2.81,False
w318120143,Бендеры,5.286,0.0,24,0,24,CITY_OK,3,31.72,7.72,2.72,False
w318122806,Бендеры,2.582,0.0,14,0,14,CITY_OK,2,18.0,4.0,-1.0,False
w318122808,Бендеры,3.347,0.0,16,0,16,CITY_OK,2,20.08,4.08,-0.92,False
w318122810,Бендеры,3.36,0.0,16,0,16,CITY_OK,2,20.16,4.16,-0.84,False
w318122811,Бендеры,3.374,0.0,16,0,16,CITY_OK,2,20.24,4.24,-0.76,False
w318122813,Бендеры,3.388,0.0,16,0,16,CITY_OK,2,20.33,4.33,-0.67,False
w318122843,Бендеры,3.354,0.0,16,0,16,CITY_OK,2,20.12,4.12,-0.88,False
w318122845,Бендеры,3.427,0.0,16,0,16,CITY_OK,2,20.56,4.56,-0.44,False
w318122869,Бендеры,4.503,0.0,21,0,21,CITY_OK,3,27.02,6.02,1.02,True
w318122870,Бендеры,4.478,0.0,20,0,20,CITY_OK,3,26.87,6.87,1.87,True
w318122872,Бендеры,4.45,0.0,20,0,20,CITY_OK,3,26.7,6.7,1.7,True
w318122873,Бендеры,4.418,0.0,20,0,20,CITY_OK,3,26.51,6.51,1.51,True
w318122875,Бендеры,4.388,0.0,20,0,20,CITY_OK,3,26.33,6.33,1.33,True
w318122878,Бендеры,4.359,0.0,20,0,20,CITY_OK,3,26.15,6.15,1.15,True
w318122879,Бендеры,4.348,0.0,20,0,20,CITY_OK,3,26.09,6.09,1.09,True
w318122880,Бендеры,4.373,0.0,20,0,20,CITY_OK,3,26.24,6.24,1.24,True
w318184631,Бендеры,4.627,0.0,21,0,21,CITY_OK,3,27.76,6.76,1.76,True
w318185745,Бендеры,4.551,0.0,21,0,21,CITY_OK,3,27.31,6.31,1.31,True
w318185748,Бендеры,4.61,0.0,21,0,21,CITY_OK,3,27.66,6.66,1.66,True
w318185749,Бендеры,4.524,0.0,21,0,21,CITY_OK,3,27.14,6.14,1.14,True
w318188258,Бендеры,3.336,0.0,16,0,16,CITY_OK,2,20.02,4.02,-0.98,False
w318188260,Бендеры,3.387,0.0,16,0,16,CITY_OK,2,20.32,4.32,-0.68,False
w318188261,Бендеры,3.4,0.0,16,0,16,CITY_OK,2,20.4,4.4,-0.6,False
w318188262,Бендеры,3.415,0.0,16,0,16,CITY_OK,2,20.49,4.49,-0.51,False
w318188263,Бендеры,3.43,0.0,16,0,16,CITY_OK,2,20.58,4.58,-0.42,False
w318188264,Бендеры,3.445,0.0,16,0,16,CITY_OK,2,20.67,4.67,-0.33,False
w318188265,Бендеры,3.517,0.0,17,0,17,CITY_OK,2,21.1,4.1,-0.9,False
w318188266,Бендеры,3.464,0.0,16,0,16,CITY_OK,2,20.78,4.78,-0.22,False
w318188267,Бендеры,3.449,0.0,16,0,16,CITY_OK,2,20.69,4.69,-0.31,False
w318188268,Бендеры,3.434,0.0,16,0,16,CITY_OK,2,20.6,4.6,-0.4,False
w318188269,Бендеры,3.462,0.0,16,0,16,CITY_OK,2,20.77,4.77,-0.23,False
w318188270,Бендеры,3.475,0.0,16,0,16,CITY_OK,2,20.85,4.85,-0.15,False
w318188274,Бендеры,3.49,0.0,16,0,16,CITY_OK,2,20.94,4.94,-0.06,False
w318188275,Бендеры,3.511,0.0,17,0,17,CITY_OK,2,21.07,4.07,-0.93,False
w318188277,Бендеры,3.521,0.0,17,0,17,CITY_OK,2,21.13,4.13,-0.87,False
w318188278,Бендеры,3.536,0.0,17,0,17,CITY_OK,2,21.22,4.22,-0.78,False
w318188280,Бендеры,3.551,0.0,17,0,17,CITY_OK,2,21.31,4.31,-0.69,False
w318188283,Бендеры,3.153,0.0,15,0,15,CITY_OK,2,18.92,3.92,-1.08,False
w318188286,Бендеры,3.165,0.0,15,0,15,CITY_OK,2,18.99,3.99,-1.01,False
w318188287,Бендеры,3.149,0.0,15,0,15,CITY_OK,2,18.89,3.89,-1.11,False
w318188288,Бендеры,3.178,0.0,15,0,15,CITY_OK,2,19.07,4.07,-0.93,False
w318188289,Бендеры,3.172,0.0,15,0,15,CITY_OK,2,19.03,4.03,-0.97,False
w318188290,Бендеры,3.187,0.0,15,0,15,CITY_OK,2,19.12,4.12,-0.88,False
w318188291,Бендеры,3.193,0.0,15,0,15,CITY_OK,2,19.16,4.16,-0.84,False
w318188293,Бендеры,3.202,0.0,15,0,15,CITY_OK,2,19.21,4.21,-0.79,False
w318188294,Бендеры,3.219,0.0,15,0,15,CITY_OK,2,19.31,4.31,-0.69,False
w318188296,Бендеры,3.271,0.0,16,0,16,CITY_OK,2,19.63,3.63,-1.37,False
w318188297,Бендеры,3.29,0.0,16,0,16,CITY_OK,2,19.74,3.74,-1.26,False
w318188298,Бендеры,3.304,0.0,16,0,16,CITY_OK,2,19.82,3.82,-1.18,False
w318188299,Бендеры,3.319,0.0,16,0,16,CITY_OK,2,19.91,3.91,-1.09,False
w318188300,Бендеры,3.334,0.0,16,0,16,CITY_OK,2,20.0,4.0,-1.0,False
w318188302,Бендеры,3.444,0.0,16,0,16,CITY_OK,2,20.66,4.66,-0.34,False
w318212937,Бендеры,0.773,0.0,14,0,14,CITY_OK,1,18.0,4.0,-1.0,False
w318344309,Протягайловка,6.306,,28,,,OUTSIDE_DISTANCE_UNAVAILABLE,4,,,,
w318344310,Протягайловка,6.286,,28,,,OUTSIDE_DISTANCE_UNAVAILABLE,4,,,,
w318344384,Протягайловка,6.162,,27,,,OUTSIDE_DISTANCE_UNAVAILABLE,4,,,,
w318406772,Бендеры,4.593,0.0,21,0,21,CITY_OK,3,27.56,6.56,1.56,True
w318406774,Бендеры,4.575,0.0,21,0,21,CITY_OK,3,27.45,6.45,1.45,True
w318406775,Бендеры,4.555,0.0,21,0,21,CITY_OK,3,27.33,6.33,1.33,True
w318406776,Бендеры,4.54,0.0,21,0,21,CITY_OK,3,27.24,6.24,1.24,True
w318406779,Бендеры,4.571,0.0,21,0,21,CITY_OK,3,27.43,6.43,1.43,True
w318406781,Бендеры,4.597,0.0,21,0,21,CITY_OK,3,27.58,6.58,1.58,True
w318406782,Бендеры,4.48,0.0,20,0,20,CITY_OK,3,26.88,6.88,1.88,True
w318406783,Бендеры,4.462,0.0,20,0,20,CITY_OK,3,26.77,6.77,1.77,True
w318406787,Бендеры,4.415,0.0,20,0,20,CITY_OK,3,26.49,6.49,1.49,True
w318406789,Бендеры,4.446,0.0,20,0,20,CITY_OK,3,26.68,6.68,1.68,True
w318406792,Бендеры,4.43,0.0,20,0,20,CITY_OK,3,26.58,6.58,1.58,True
w318406793,Бендеры,4.637,0.0,21,0,21,CITY_OK,3,27.82,6.82,1.82,True
w318406795,Бендеры,4.534,0.0,21,0,21,CITY_OK,3,27.2,6.2,1.2,True
w318407797,Бендеры,1.013,0.0,14,0,14,CITY_OK,1,18.0,4.0,-1.0,False
w318548535,Бендеры,5.773,0.0,26,0,26,CITY_OK,3,34.64,8.64,3.64,False
w318548540,Бендеры,5.79,0.0,26,0,26,CITY_OK,3,34.74,8.74,3.74,False
w318548543,Бендеры,5.777,0.0,26,0,26,CITY_OK,3,34.66,8.66,3.66,False
w318548545,Бендеры,5.794,0.0,26,0,26,CITY_OK,3,34.76,8.76,3.76,False
w318548547,Бендеры,5.808,0.0,26,0,26,CITY_OK,3,34.85,8.85,3.85,False
w318548551,Бендеры,5.828,0.0,26,0,26,CITY_OK,3,34.97,8.97,3.97,False
w318548552,Бендеры,5.942,0.0,26,0,26,CITY_OK,3,35.65,9.65,4.65,False
w318548553,Бендеры,5.928,0.0,26,0,26,CITY_OK,3,35.57,9.57,4.57,False
w318548554,Бендеры,5.953,0.0,26,0,26,CITY_OK,4,35.72,9.72,4.72,False
w318548555,Бендеры,5.845,0.0,26,0,26,CITY_OK,3,35.07,9.07,4.07,False
w318548576,Бендеры,5.624,0.0,25,0,25,CITY_OK,3,33.74,8.74,3.74,False
w318548577,Бендеры,5.636,0.0,25,0,25,CITY_OK,3,33.82,8.82,3.82,False
w318548578,Бендеры,5.602,0.0,25,0,25,CITY_OK,3,33.61,8.61,3.61,False
w318701773,Бендеры,4.037,0.0,19,0,19,CITY_OK,2,24.22,5.22,0.22,True
w318701775,Бендеры,3.838,0.0,18,0,18,CITY_OK,2,23.03,5.03,0.03,True
w318701776,Бендеры,3.825,0.0,18,0,18,CITY_OK,2,22.95,4.95,-0.05,False
w318701778,Бендеры,4.059,0.0,19,0,19,CITY_OK,2,24.35,5.35,0.35,True
w318701779,Бендеры,3.79,0.0,18,0,18,CITY_OK,2,22.74,4.74,-0.26,False
w318701780,Бендеры,4.084,0.0,19,0,19,CITY_OK,2,24.5,5.5,0.5,True
w318701782,Бендеры,4.743,0.0,21,0,21,CITY_OK,3,28.46,7.46,2.46,False
w318701784,Бендеры,4.725,0.0,21,0,21,CITY_OK,3,28.35,7.35,2.35,False
w318701793,Бендеры,3.773,0.0,18,0,18,CITY_OK,2,22.64,4.64,-0.36,False
w318701795,Бендеры,4.111,0.0,19,0,19,CITY_OK,2,24.67,5.67,0.67,True
w318701796,Бендеры,3.763,0.0,18,0,18,CITY_OK,2,22.58,4.58,-0.42,False
w318701800,Бендеры,3.745,0.0,17,0,17,CITY_OK,2,22.47,5.47,0.47,True
w318701803,Бендеры,4.137,0.0,19,0,19,CITY_OK,2,24.82,5.82,0.82,True
w318701805,Бендеры,4.157,0.0,19,0,19,CITY_OK,2,24.94,5.94,0.94,True
w318701809,Бендеры,3.721,0.0,17,0,17,CITY_OK,2,22.33,5.33,0.33,True
w318701810,Бендеры,3.704,0.0,17,0,17,CITY_OK,2,22.22,5.22,0.22,True
w318701858,Бендеры,3.692,0.0,17,0,17,CITY_OK,2,22.15,5.15,0.15,True
w318701862,Бендеры,4.212,0.0,19,0,19,CITY_OK,2,25.27,6.27,1.27,True
w318701865,Бендеры,3.637,0.0,17,0,17,CITY_OK,2,21.82,4.82,-0.18,False
w318701866,Бендеры,3.632,0.0,17,0,17,CITY_OK,2,21.79,4.79,-0.21,False
w318702077,Бендеры,3.612,0.0,17,0,17,CITY_OK,2,21.67,4.67,-0.33,False
w318702079,Бендеры,3.595,0.0,17,0,17,CITY_OK,2,21.57,4.57,-0.43,False
w318702082,Бендеры,4.276,0.0,20,0,20,CITY_OK,2,25.66,5.66,0.66,True
w318702083,Бендеры,4.296,0.0,20,0,20,CITY_OK,2,25.78,5.78,0.78,True
w318702491,Бендеры,4.183,0.0,19,0,19,CITY_OK,2,25.1,6.1,1.1,True
w319132158,Бендеры,5.445,0.0,24,0,24,CITY_OK,3,32.67,8.67,3.67,False
w319133046,Бендеры,5.461,0.0,24,0,24,CITY_OK,3,32.77,8.77,3.77,False
w319133048,Бендеры,5.479,0.0,24,0,24,CITY_OK,3,32.87,8.87,3.87,False
w319133052,Бендеры,5.583,0.0,25,0,25,CITY_OK,3,33.5,8.5,3.5,False
w319133053,Бендеры,5.567,0.0,25,0,25,CITY_OK,3,33.4,8.4,3.4,False
w319134604,Бендеры,6.259,0.0,28,0,28,CITY_OK,4,37.55,9.55,4.55,False
w319134694,Бендеры,6.263,0.0,28,0,28,CITY_OK,4,37.58,9.58,4.58,False
w319135680,Бендеры,4.699,0.0,21,0,21,CITY_OK,3,28.19,7.19,2.19,True
w319135681,Бендеры,3.935,0.0,18,0,18,CITY_OK,2,23.61,5.61,0.61,True
w319135682,Бендеры,3.965,0.0,18,0,18,CITY_OK,2,23.79,5.79,0.79,True
w319135683,Бендеры,4.626,0.0,21,0,21,CITY_OK,3,27.76,6.76,1.76,True
w319139339,Бендеры,4.678,0.0,21,0,21,CITY_OK,3,28.07,7.07,2.07,True
w319139341,Бендеры,4.662,0.0,21,0,21,CITY_OK,3,27.97,6.97,1.97,True
w319139342,Бендеры,4.643,0.0,21,0,21,CITY_OK,3,27.86,6.86,1.86,True
w319139344,Бендеры,4.601,0.0,21,0,21,CITY_OK,3,27.61,6.61,1.61,True
w319139349,Бендеры,4.57,0.0,21,0,21,CITY_OK,3,27.42,6.42,1.42,True
w319139352,Бендеры,4.518,0.0,21,0,21,CITY_OK,3,27.11,6.11,1.11,True
w319139353,Бендеры,4.544,0.0,21,0,21,CITY_OK,3,27.26,6.26,1.26,True
w319139357,Бендеры,4.488,0.0,20,0,20,CITY_OK,3,26.93,6.93,1.93,True
w319139358,Бендеры,4.439,0.0,20,0,20,CITY_OK,2,26.63,6.63,1.63,True
w319139359,Бендеры,3.982,0.0,18,0,18,CITY_OK,2,23.89,5.89,0.89,True
w319139360,Бендеры,4.002,0.0,19,0,19,CITY_OK,2,24.01,5.01,0.01,True
w319139364,Бендеры,4.052,0.0,19,0,19,CITY_OK,2,24.31,5.31,0.31,True
w319139366,Бендеры,4.007,0.0,19,0,19,CITY_OK,2,24.04,5.04,0.04,True
w319139367,Бендеры,4.136,0.0,19,0,19,CITY_OK,2,24.82,5.82,0.82,True
w319139368,Бендеры,4.163,0.0,19,0,19,CITY_OK,2,24.98,5.98,0.98,True
w319139372,Бендеры,4.422,0.0,20,0,20,CITY_OK,2,26.53,6.53,1.53,True
w319141416,Бендеры,4.079,0.0,19,0,19,CITY_OK,2,24.47,5.47,0.47,True
w319141417,Бендеры,4.129,0.0,19,0,19,CITY_OK,2,24.77,5.77,0.77,True
w319141418,Бендеры,4.112,0.0,19,0,19,CITY_OK,2,24.67,5.67,0.67,True
w319141423,Бендеры,3.966,0.0,18,0,18,CITY_OK,2,23.8,5.8,0.8,True
w319141424,Бендеры,3.946,0.0,18,0,18,CITY_OK,2,23.68,5.68,0.68,True
w319141427,Бендеры,3.924,0.0,18,0,18,CITY_OK,2,23.54,5.54,0.54,True
w319141430,Бендеры,3.824,0.0,18,0,18,CITY_OK,2,22.94,4.94,-0.06,False
w319141431,Бендеры,3.844,0.0,18,0,18,CITY_OK,2,23.06,5.06,0.06,True
w319141434,Бендеры,4.205,0.0,19,0,19,CITY_OK,2,25.23,6.23,1.23,True
w319141437,Бендеры,4.086,0.0,19,0,19,CITY_OK,2,24.52,5.52,0.52,True
w319141439,Бендеры,4.057,0.0,19,0,19,CITY_OK,2,24.34,5.34,0.34,True
w319141442,Бендеры,4.032,0.0,19,0,19,CITY_OK,2,24.19,5.19,0.19,True
w319141443,Бендеры,4.018,0.0,19,0,19,CITY_OK,2,24.11,5.11,0.11,True
w319141455,Бендеры,3.813,0.0,18,0,18,CITY_OK,2,22.88,4.88,-0.12,False
w319141456,Бендеры,3.79,0.0,18,0,18,CITY_OK,2,22.74,4.74,-0.26,False
w319141457,Бендеры,3.956,0.0,18,0,18,CITY_OK,2,23.74,5.74,0.74,True
w319141459,Бендеры,3.925,0.0,18,0,18,CITY_OK,2,23.55,5.55,0.55,True
w319141460,Бендеры,3.875,0.0,18,0,18,CITY_OK,2,23.25,5.25,0.25,True
w319141461,Бендеры,3.855,0.0,18,0,18,CITY_OK,2,23.13,5.13,0.13,True
w319142246,Бендеры,3.765,0.0,18,0,18,CITY_OK,2,22.59,4.59,-0.41,False
w319142248,Бендеры,3.705,0.0,17,0,17,CITY_OK,2,22.23,5.23,0.23,True
w319144136,Бендеры,3.747,0.0,17,0,17,CITY_OK,2,22.48,5.48,0.48,True
w319144143,Бендеры,3.693,0.0,17,0,17,CITY_OK,2,22.16,5.16,0.16,True
w319144146,Бендеры,3.671,0.0,17,0,17,CITY_OK,2,22.03,5.03,0.03,True
w319144149,Бендеры,3.656,0.0,17,0,17,CITY_OK,2,21.94,4.94,-0.06,False
w319144151,Бендеры,3.642,0.0,17,0,17,CITY_OK,2,21.85,4.85,-0.15,False
w319144154,Бендеры,3.627,0.0,17,0,17,CITY_OK,2,21.76,4.76,-0.24,False
w319144157,Бендеры,3.602,0.0,17,0,17,CITY_OK,2,21.61,4.61,-0.39,False
w319144160,Бендеры,3.587,0.0,17,0,17,CITY_OK,2,21.52,4.52,-0.48,False
w319144163,Бендеры,3.571,0.0,17,0,17,CITY_OK,2,21.43,4.43,-0.57,False
w319144165,Бендеры,3.559,0.0,17,0,17,CITY_OK,2,21.35,4.35,-0.65,False
w319144169,Бендеры,3.547,0.0,17,0,17,CITY_OK,2,21.28,4.28,-0.72,False
w319144172,Бендеры,3.532,0.0,17,0,17,CITY_OK,2,21.19,4.19,-0.81,False
w319144175,Бендеры,3.517,0.0,17,0,17,CITY_OK,2,21.1,4.1,-0.9,False
w319144185,Бендеры,3.58,0.0,17,0,17,CITY_OK,2,21.48,4.48,-0.52,False
w319144188,Бендеры,3.563,0.0,17,0,17,CITY_OK,2,21.38,4.38,-0.62,False
w319144191,Бендеры,3.55,0.0,17,0,17,CITY_OK,2,21.3,4.3,-0.7,False
w319144200,Бендеры,3.647,0.0,17,0,17,CITY_OK,2,21.88,4.88,-0.12,False
w319144217,Бендеры,3.533,0.0,17,0,17,CITY_OK,2,21.2,4.2,-0.8,False
w319144220,Бендеры,3.517,0.0,17,0,17,CITY_OK,2,21.1,4.1,-0.9,False
w319144223,Бендеры,3.591,0.0,17,0,17,CITY_OK,2,21.55,4.55,-0.45,False
w319147343,Бендеры,3.42,0.0,16,0,16,CITY_OK,2,20.52,4.52,-0.48,False
w319147344,Бендеры,3.405,0.0,16,0,16,CITY_OK,2,20.43,4.43,-0.57,False
w319147345,Бендеры,3.389,0.0,16,0,16,CITY_OK,2,20.33,4.33,-0.67,False
w319147346,Бендеры,3.375,0.0,16,0,16,CITY_OK,2,20.25,4.25,-0.75,False
w319147347,Бендеры,3.359,0.0,16,0,16,CITY_OK,2,20.15,4.15,-0.85,False
w319147348,Бендеры,3.342,0.0,16,0,16,CITY_OK,2,20.05,4.05,-0.95,False
w319151371,Бендеры,0.481,0.0,14,0,14,CITY_OK,1,18.0,4.0,-1.0,False
w319157779,Бендеры,0.88,0.0,14,0,14,CITY_OK,1,18.0,4.0,-1.0,False
w319158519,Бендеры,2.251,0.0,14,0,14,CITY_OK,2,18.0,4.0,-1.0,False
w319158520,Бендеры,2.189,0.0,14,0,14,CITY_OK,2,18.0,4.0,-1.0,False
w319158522,Бендеры,2.251,0.0,14,0,14,CITY_OK,2,18.0,4.0,-1.0,False
w319158526,Бендеры,1.926,0.0,14,0,14,CITY_OK,1,18.0,4.0,-1.0,False
w319158527,Бендеры,2.176,0.0,14,0,14,CITY_OK,2,18.0,4.0,-1.0,False
w319158528,Бендеры,2.153,0.0,14,0,14,CITY_OK,2,18.0,4.0,-1.0,False
w319158529,Бендеры,2.156,0.0,14,0,14,CITY_OK,2,18.0,4.0,-1.0,False
w319158533,Бендеры,2.13,0.0,14,0,14,CITY_OK,2,18.0,4.0,-1.0,False
w319223032,Бендеры,6.289,0.0,28,0,28,CITY_OK,4,37.73,9.73,4.73,False
w319223034,Бендеры,6.317,0.0,28,0,28,CITY_OK,4,37.9,9.9,4.9,False
w319223038,Бендеры,6.442,0.0,28,0,28,CITY_OK,4,38.65,10.65,5.65,False
w319226838,Бендеры,6.601,0.0,29,0,29,CITY_OK,4,39.61,10.61,5.61,False
w319226848,Бендеры,6.632,0.0,29,0,29,CITY_OK,4,39.79,10.79,5.79,False
w319226853,Бендеры,6.648,0.0,29,0,29,CITY_OK,4,39.89,10.89,5.89,False
w319226855,Бендеры,6.723,0.0,29,0,29,CITY_OK,4,40.34,11.34,6.34,False
w319226856,Бендеры,6.711,0.0,29,0,29,CITY_OK,4,40.27,11.27,6.27,False
w319226862,Бендеры,6.749,0.0,29,0,29,CITY_OK,4,40.49,11.49,6.49,False
w319226864,Бендеры,6.8,0.0,30,0,30,CITY_OK,4,40.8,10.8,5.8,False
w319227705,Бендеры,6.274,0.0,28,0,28,CITY_OK,4,37.64,9.64,4.64,False
w319227708,Бендеры,6.299,0.0,28,0,28,CITY_OK,4,37.79,9.79,4.79,False
w319227709,Бендеры,6.316,0.0,28,0,28,CITY_OK,4,37.9,9.9,4.9,False
w319227711,Бендеры,6.334,0.0,28,0,28,CITY_OK,4,38.0,10.0,5.0,False
w319227713,Бендеры,6.572,0.0,29,0,29,CITY_OK,4,39.43,10.43,5.43,False
w319227716,Бендеры,6.358,0.0,28,0,28,CITY_OK,4,38.15,10.15,5.15,False
w319227717,Бендеры,6.562,0.0,29,0,29,CITY_OK,4,39.37,10.37,5.37,False
w319227725,Бендеры,6.627,0.0,29,0,29,CITY_OK,4,39.76,10.76,5.76,False
w319227726,Бендеры,6.657,0.0,29,0,29,CITY_OK,4,39.94,10.94,5.94,False
w319227727,Бендеры,6.684,0.0,29,0,29,CITY_OK,4,40.1,11.1,6.1,False
w319227728,Бендеры,6.775,0.0,30,0,30,CITY_OK,4,40.65,10.65,5.65,False
w319227729,Бендеры,6.755,0.0,30,0,30,CITY_OK,4,40.53,10.53,5.53,False
w319227731,Бендеры,6.734,0.0,29,0,29,CITY_OK,4,40.4,11.4,6.4,False
w319227732,Бендеры,6.718,0.0,29,0,29,CITY_OK,4,40.31,11.31,6.31,False
w319227862,Бендеры,6.588,0.0,29,0,29,CITY_OK,4,39.53,10.53,5.53,False
w319227863,Бендеры,6.619,0.0,29,0,29,CITY_OK,4,39.71,10.71,5.71,False
w319227864,Бендеры,6.635,0.0,29,0,29,CITY_OK,4,39.81,10.81,5.81,False
w319227866,Бендеры,4.184,0.0,19,0,19,CITY_OK,2,25.1,6.1,1.1,True
w319228130,Бендеры,2.012,0.0,14,0,14,CITY_OK,1,18.0,4.0,-1.0,False
w319228131,Бендеры,1.998,0.0,14,0,14,CITY_OK,1,18.0,4.0,-1.0,False
w319228132,Бендеры,2.027,0.0,14,0,14,CITY_OK,1,18.0,4.0,-1.0,False
w319228133,Бендеры,2.04,0.0,14,0,14,CITY_OK,1,18.0,4.0,-1.0,False
w319228158,Бендеры,1.94,0.0,14,0,14,CITY_OK,1,18.0,4.0,-1.0,False
w319228159,Бендеры,1.94,0.0,14,0,14,CITY_OK,1,18.0,4.0,-1.0,False
w319228160,Бендеры,1.955,0.0,14,0,14,CITY_OK,1,18.0,4.0,-1.0,False
w319229120,Бендеры,1.961,0.0,14,0,14,CITY_OK,1,18.0,4.0,-1.0,False
w319229121,Бендеры,1.946,0.0,14,0,14,CITY_OK,1,18.0,4.0,-1.0,False
w319230834,Бендеры,2.055,0.0,14,0,14,CITY_OK,1,18.0,4.0,-1.0,False
w319230835,Бендеры,2.038,0.0,14,0,14,CITY_OK,1,18.0,4.0,-1.0,False
w319230837,Бендеры,2.047,0.0,14,0,14,CITY_OK,1,18.0,4.0,-1.0,False
w319230916,Бендеры,2.059,0.0,14,0,14,CITY_OK,1,18.0,4.0,-1.0,False
w319305792,Бендеры,6.655,0.0,29,0,29,CITY_OK,4,39.93,10.93,5.93,False
w319305801,Бендеры,6.676,0.0,29,0,29,CITY_OK,4,40.06,11.06,6.06,False
w319305804,Бендеры,6.705,0.0,29,0,29,CITY_OK,4,40.23,11.23,6.23,False
w319305807,Бендеры,6.729,0.0,29,0,29,CITY_OK,4,40.37,11.37,6.37,False
w319305814,Бендеры,4.209,0.0,19,0,19,CITY_OK,2,25.25,6.25,1.25,True
w319305819,Бендеры,4.02,0.0,19,0,19,CITY_OK,2,24.12,5.12,0.12,True
w319366971,Бендеры,4.619,0.0,21,0,21,CITY_OK,3,27.71,6.71,1.71,True
w319366972,Бендеры,4.638,0.0,21,0,21,CITY_OK,3,27.83,6.83,1.83,True
w319366973,Бендеры,4.649,0.0,21,0,21,CITY_OK,3,27.89,6.89,1.89,True
w319366974,Бендеры,4.661,0.0,21,0,21,CITY_OK,3,27.97,6.97,1.97,True
w319366975,Бендеры,4.677,0.0,21,0,21,CITY_OK,3,28.06,7.06,2.06,True
w319366977,Бендеры,4.691,0.0,21,0,21,CITY_OK,3,28.15,7.15,2.15,True
w319366983,Бендеры,4.737,0.0,21,0,21,CITY_OK,3,28.42,7.42,2.42,False
w319366987,Бендеры,4.994,0.0,22,0,22,CITY_OK,3,29.96,7.96,2.96,False
w319366994,Бендеры,5.401,0.0,24,0,24,CITY_OK,3,32.41,8.41,3.41,False
w319366999,Бендеры,4.94,0.0,22,0,22,CITY_OK,3,29.64,7.64,2.64,False
w319367001,Бендеры,4.96,0.0,22,0,22,CITY_OK,3,29.76,7.76,2.76,False
w319367003,Бендеры,4.923,0.0,22,0,22,CITY_OK,3,29.54,7.54,2.54,False
w319370820,Бендеры,4.896,0.0,22,0,22,CITY_OK,3,29.38,7.38,2.38,True
w319370821,Бендеры,4.879,0.0,22,0,22,CITY_OK,3,29.27,7.27,2.27,True
w319370823,Бендеры,4.863,0.0,22,0,22,CITY_OK,3,29.18,7.18,2.18,True
w319370825,Бендеры,4.824,0.0,22,0,22,CITY_OK,3,28.94,6.94,1.94,True
w319381956,Бендеры,1.916,0.0,14,0,14,CITY_OK,1,18.0,4.0,-1.0,False
w319381959,Бендеры,1.879,0.0,14,0,14,CITY_OK,1,18.0,4.0,-1.0,False
w319381961,Бендеры,1.905,0.0,14,0,14,CITY_OK,1,18.0,4.0,-1.0,False
w319381962,Бендеры,1.993,0.0,14,0,14,CITY_OK,1,18.0,4.0,-1.0,False
w319381963,Бендеры,2.003,0.0,14,0,14,CITY_OK,1,18.0,4.0,-1.0,False
w319381967,Бендеры,2.137,0.0,14,0,14,CITY_OK,2,18.0,4.0,-1.0,False
w319381968,Бендеры,2.23,0.0,14,0,14,CITY_OK,2,18.0,4.0,-1.0,False
w319381969,Бендеры,2.243,0.0,14,0,14,CITY_OK,2,18.0,4.0,-1.0,False
w319381971,Бендеры,2.204,0.0,14,0,14,CITY_OK,2,18.0,4.0,-1.0,False
w319381974,Бендеры,2.118,0.0,14,0,14,CITY_OK,2,18.0,4.0,-1.0,False
w319381978,Бендеры,2.081,0.0,14,0,14,CITY_OK,1,18.0,4.0,-1.0,False
w319381980,Бендеры,1.989,0.0,14,0,14,CITY_OK,1,18.0,4.0,-1.0,False
w319382044,Бендеры,1.93,0.0,14,0,14,CITY_OK,1,18.0,4.0,-1.0,False
w319382045,Бендеры,2.03,0.0,14,0,14,CITY_OK,1,18.0,4.0,-1.0,False
w319382535,Бендеры,2.043,0.0,14,0,14,CITY_OK,1,18.0,4.0,-1.0,False
w319382538,Бендеры,2.059,0.0,14,0,14,CITY_OK,1,18.0,4.0,-1.0,False
w319382539,Бендеры,1.952,0.0,14,0,14,CITY_OK,1,18.0,4.0,-1.0,False
w319382542,Бендеры,1.967,0.0,14,0,14,CITY_OK,1,18.0,4.0,-1.0,False
w319382543,Бендеры,2.074,0.0,14,0,14,CITY_OK,1,18.0,4.0,-1.0,False
w319382544,Бендеры,1.982,0.0,14,0,14,CITY_OK,1,18.0,4.0,-1.0,False
w319382545,Бендеры,2.089,0.0,14,0,14,CITY_OK,1,18.0,4.0,-1.0,False
w319382546,Бендеры,1.992,0.0,14,0,14,CITY_OK,1,18.0,4.0,-1.0,False
w319382547,Бендеры,2.077,0.0,14,0,14,CITY_OK,1,18.0,4.0,-1.0,False
w319382548,Бендеры,2.092,0.0,14,0,14,CITY_OK,1,18.0,4.0,-1.0,False
w319384353,Бендеры,2.113,0.0,14,0,14,CITY_OK,2,18.0,4.0,-1.0,False
w319384354,Бендеры,2.104,0.0,14,0,14,CITY_OK,2,18.0,4.0,-1.0,False
w319384355,Бендеры,2.102,0.0,14,0,14,CITY_OK,2,18.0,4.0,-1.0,False
w319384356,Бендеры,2.116,0.0,14,0,14,CITY_OK,2,18.0,4.0,-1.0,False
w319384359,Бендеры,2.024,0.0,14,0,14,CITY_OK,1,18.0,4.0,-1.0,False
w319384360,Бендеры,2.034,0.0,14,0,14,CITY_OK,1,18.0,4.0,-1.0,False
w319384361,Бендеры,2.134,0.0,14,0,14,CITY_OK,2,18.0,4.0,-1.0,False
w319384381,Бендеры,3.583,0.0,17,0,17,CITY_OK,2,21.5,4.5,-0.5,False
w319384383,Бендеры,3.446,0.0,16,0,16,CITY_OK,2,20.68,4.68,-0.32,False
w319384387,Бендеры,2.995,0.0,14,0,14,CITY_OK,2,18.0,4.0,-1.0,False
w319384388,Бендеры,2.972,0.0,14,0,14,CITY_OK,2,18.0,4.0,-1.0,False
w319385263,Бендеры,2.741,0.0,14,0,14,CITY_OK,2,18.0,4.0,-1.0,False
w319385264,Бендеры,2.149,0.0,14,0,14,CITY_OK,2,18.0,4.0,-1.0,False
w319385267,Бендеры,2.132,0.0,14,0,14,CITY_OK,2,18.0,4.0,-1.0,False
w319386245,Бендеры,4.415,0.0,20,0,20,CITY_OK,3,26.49,6.49,1.49,True
w319386246,Бендеры,4.375,0.0,20,0,20,CITY_OK,3,26.25,6.25,1.25,True
w319386383,Протягайловка,6.374,,28,,,OUTSIDE_DISTANCE_UNAVAILABLE,4,,,,
w319386384,Протягайловка,6.392,,28,,,OUTSIDE_DISTANCE_UNAVAILABLE,4,,,,
w319386385,Протягайловка,6.41,,28,,,OUTSIDE_DISTANCE_UNAVAILABLE,4,,,,
w319390717,Бендеры,3.441,0.0,16,0,16,CITY_OK,2,20.65,4.65,-0.35,False
w319390719,Бендеры,3.426,0.0,16,0,16,CITY_OK,2,20.56,4.56,-0.44,False
w319390721,Бендеры,3.408,0.0,16,0,16,CITY_OK,2,20.45,4.45,-0.55,False
w319390725,Бендеры,3.389,0.0,16,0,16,CITY_OK,2,20.33,4.33,-0.67,False
w319390729,Бендеры,3.372,0.0,16,0,16,CITY_OK,2,20.23,4.23,-0.77,False
w319390733,Бендеры,3.356,0.0,16,0,16,CITY_OK,2,20.14,4.14,-0.86,False
w319390735,Бендеры,3.337,0.0,16,0,16,CITY_OK,2,20.02,4.02,-0.98,False
w319390737,Бендеры,3.435,0.0,16,0,16,CITY_OK,2,20.61,4.61,-0.39,False
w319390740,Бендеры,3.327,0.0,16,0,16,CITY_OK,2,19.96,3.96,-1.04,False
w319390744,Бендеры,3.314,0.0,16,0,16,CITY_OK,2,19.88,3.88,-1.12,False
w319390746,Бендеры,3.329,0.0,16,0,16,CITY_OK,2,19.97,3.97,-1.03,False
w319390755,Бендеры,3.333,0.0,16,0,16,CITY_OK,2,20.0,4.0,-1.0,False
w319390758,Бендеры,3.346,0.0,16,0,16,CITY_OK,2,20.08,4.08,-0.92,False
w319390759,Бендеры,3.362,0.0,16,0,16,CITY_OK,2,20.17,4.17,-0.83,False
w319390760,Бендеры,3.388,0.0,16,0,16,CITY_OK,2,20.33,4.33,-0.67,False
w319390762,Бендеры,3.417,0.0,16,0,16,CITY_OK,2,20.5,4.5,-0.5,False
w319390765,Бендеры,3.432,0.0,16,0,16,CITY_OK,2,20.59,4.59,-0.41,False
w319400641,Бендеры,3.598,0.0,17,0,17,CITY_OK,2,21.59,4.59,-0.41,False
w319400642,Бендеры,3.615,0.0,17,0,17,CITY_OK,2,21.69,4.69,-0.31,False
w319400643,Бендеры,3.715,0.0,17,0,17,CITY_OK,2,22.29,5.29,0.29,True
w319401191,Бендеры,4.694,0.0,21,0,21,CITY_OK,3,28.16,7.16,2.16,True
w319401764,Бендеры,5.663,0.0,25,0,25,CITY_OK,3,33.98,8.98,3.98,False
w319402241,Бендеры,4.239,0.0,19,0,19,CITY_OK,2,25.43,6.43,1.43,True
w319402243,Бендеры,4.148,0.0,19,0,19,CITY_OK,2,24.89,5.89,0.89,True
w319523921,Бендеры,4.311,0.0,20,0,20,CITY_OK,2,25.87,5.87,0.87,True
w319523923,Бендеры,4.326,0.0,20,0,20,CITY_OK,2,25.96,5.96,0.96,True
w319523925,Бендеры,4.441,0.0,20,0,20,CITY_OK,2,26.65,6.65,1.65,True
w319549548,Бендеры,2.152,0.0,14,0,14,CITY_OK,2,18.0,4.0,-1.0,False
w319549549,Бендеры,2.167,0.0,14,0,14,CITY_OK,2,18.0,4.0,-1.0,False
w319549550,Бендеры,2.181,0.0,14,0,14,CITY_OK,2,18.0,4.0,-1.0,False
w319549551,Бендеры,2.35,0.0,14,0,14,CITY_OK,2,18.0,4.0,-1.0,False
w319549552,Бендеры,2.014,0.0,14,0,14,CITY_OK,1,18.0,4.0,-1.0,False
w319549553,Бендеры,2.045,0.0,14,0,14,CITY_OK,1,18.0,4.0,-1.0,False
w319549554,Бендеры,2.017,0.0,14,0,14,CITY_OK,1,18.0,4.0,-1.0,False
w319550322,Бендеры,2.058,0.0,14,0,14,CITY_OK,1,18.0,4.0,-1.0,False
w319550323,Бендеры,2.08,0.0,14,0,14,CITY_OK,1,18.0,4.0,-1.0,False
w319550655,Бендеры,2.134,0.0,14,0,14,CITY_OK,2,18.0,4.0,-1.0,False
w319615905,Бендеры,3.937,0.0,18,0,18,CITY_OK,2,23.62,5.62,0.62,True
w319615906,Бендеры,3.962,0.0,18,0,18,CITY_OK,2,23.77,5.77,0.77,True
w319615907,Бендеры,3.937,0.0,18,0,18,CITY_OK,2,23.62,5.62,0.62,True
w319615908,Бендеры,4.061,0.0,19,0,19,CITY_OK,2,24.37,5.37,0.37,True
w319615909,Бендеры,3.955,0.0,18,0,18,CITY_OK,2,23.73,5.73,0.73,True
w319615914,Бендеры,4.173,0.0,19,0,19,CITY_OK,2,25.04,6.04,1.04,True
w319616162,Бендеры,3.651,0.0,17,0,17,CITY_OK,2,21.91,4.91,-0.09,False
w319616165,Бендеры,3.859,0.0,18,0,18,CITY_OK,2,23.15,5.15,0.15,True
w319616171,Бендеры,3.613,0.0,17,0,17,CITY_OK,2,21.68,4.68,-0.32,False
w319616179,Бендеры,3.823,0.0,18,0,18,CITY_OK,2,22.94,4.94,-0.06,False
w319616180,Бендеры,3.813,0.0,18,0,18,CITY_OK,2,22.88,4.88,-0.12,False
w319616182,Бендеры,3.572,0.0,17,0,17,CITY_OK,2,21.43,4.43,-0.57,False
w319616184,Бендеры,3.601,0.0,17,0,17,CITY_OK,2,21.61,4.61,-0.39,False
w319616189,Бендеры,3.474,0.0,16,0,16,CITY_OK,2,20.84,4.84,-0.16,False
w319616191,Бендеры,3.452,0.0,16,0,16,CITY_OK,2,20.71,4.71,-0.29,False
w319620037,Бендеры,4.409,0.0,20,0,20,CITY_OK,2,26.45,6.45,1.45,True
w319620039,Бендеры,4.499,0.0,20,0,20,CITY_OK,3,26.99,6.99,1.99,True
w319620040,Бендеры,4.407,0.0,20,0,20,CITY_OK,2,26.44,6.44,1.44,True
w319620043,Бендеры,4.47,0.0,20,0,20,CITY_OK,2,26.82,6.82,1.82,True
w319620046,Бендеры,4.464,0.0,20,0,20,CITY_OK,2,26.78,6.78,1.78,True
w319620058,Бендеры,4.197,0.0,19,0,19,CITY_OK,2,25.18,6.18,1.18,True
w319697053,Бендеры,2.331,0.0,14,0,14,CITY_OK,2,18.0,4.0,-1.0,False
w319697054,Бендеры,2.307,0.0,14,0,14,CITY_OK,2,18.0,4.0,-1.0,False
w319697055,Бендеры,2.141,0.0,14,0,14,CITY_OK,2,18.0,4.0,-1.0,False
w319697056,Бендеры,2.216,0.0,14,0,14,CITY_OK,2,18.0,4.0,-1.0,False
w319839780,Бендеры,2.17,0.0,14,0,14,CITY_OK,2,18.0,4.0,-1.0,False
w319839782,Бендеры,2.246,0.0,14,0,14,CITY_OK,2,18.0,4.0,-1.0,False
w319839783,Бендеры,2.218,0.0,14,0,14,CITY_OK,2,18.0,4.0,-1.0,False
w319839785,Бендеры,2.125,0.0,14,0,14,CITY_OK,2,18.0,4.0,-1.0,False
w319845486,Бендеры,2.211,0.0,14,0,14,CITY_OK,2,18.0,4.0,-1.0,False
w319845488,Бендеры,2.305,0.0,14,0,14,CITY_OK,2,18.0,4.0,-1.0,False
w319845492,Бендеры,2.17,0.0,14,0,14,CITY_OK,2,18.0,4.0,-1.0,False
w319845496,Бендеры,2.142,0.0,14,0,14,CITY_OK,2,18.0,4.0,-1.0,False
w319845498,Бендеры,2.156,0.0,14,0,14,CITY_OK,2,18.0,4.0,-1.0,False
w319845500,Бендеры,2.173,0.0,14,0,14,CITY_OK,2,18.0,4.0,-1.0,False
w319850087,Бендеры,2.427,0.0,14,0,14,CITY_OK,2,18.0,4.0,-1.0,False
w319850088,Бендеры,2.421,0.0,14,0,14,CITY_OK,2,18.0,4.0,-1.0,False
w319850089,Бендеры,2.409,0.0,14,0,14,CITY_OK,2,18.0,4.0,-1.0,False
w319850091,Бендеры,2.326,0.0,14,0,14,CITY_OK,2,18.0,4.0,-1.0,False
w319850092,Бендеры,2.346,0.0,14,0,14,CITY_OK,2,18.0,4.0,-1.0,False
w319850093,Бендеры,2.364,0.0,14,0,14,CITY_OK,2,18.0,4.0,-1.0,False
w319850095,Бендеры,2.366,0.0,14,0,14,CITY_OK,2,18.0,4.0,-1.0,False
w319856583,Бендеры,2.056,0.0,14,0,14,CITY_OK,1,18.0,4.0,-1.0,False
w319856584,Бендеры,2.076,0.0,14,0,14,CITY_OK,1,18.0,4.0,-1.0,False
w319856585,Бендеры,2.092,0.0,14,0,14,CITY_OK,1,18.0,4.0,-1.0,False
w319856586,Бендеры,2.335,0.0,14,0,14,CITY_OK,2,18.0,4.0,-1.0,False
w319856591,Бендеры,2.384,0.0,14,0,14,CITY_OK,2,18.0,4.0,-1.0,False
w319856592,Бендеры,2.338,0.0,14,0,14,CITY_OK,2,18.0,4.0,-1.0,False
w319856593,Бендеры,2.322,0.0,14,0,14,CITY_OK,2,18.0,4.0,-1.0,False
w319856595,Бендеры,2.284,0.0,14,0,14,CITY_OK,2,18.0,4.0,-1.0,False
w319856598,Бендеры,2.191,0.0,14,0,14,CITY_OK,2,18.0,4.0,-1.0,False
w319856599,Бендеры,2.174,0.0,14,0,14,CITY_OK,2,18.0,4.0,-1.0,False
w319856600,Бендеры,2.16,0.0,14,0,14,CITY_OK,2,18.0,4.0,-1.0,False
w319856688,Бендеры,2.301,0.0,14,0,14,CITY_OK,2,18.0,4.0,-1.0,False
w319857609,Бендеры,2.318,0.0,14,0,14,CITY_OK,2,18.0,4.0,-1.0,False
w319857611,Бендеры,2.333,0.0,14,0,14,CITY_OK,2,18.0,4.0,-1.0,False
w319857612,Бендеры,2.382,0.0,14,0,14,CITY_OK,2,18.0,4.0,-1.0,False
w319857613,Бендеры,2.365,0.0,14,0,14,CITY_OK,2,18.0,4.0,-1.0,False
w319857614,Бендеры,2.218,0.0,14,0,14,CITY_OK,2,18.0,4.0,-1.0,False
w319857615,Бендеры,2.42,0.0,14,0,14,CITY_OK,2,18.0,4.0,-1.0,False
w320112484,Бендеры,2.774,0.0,14,0,14,CITY_OK,2,18.0,4.0,-1.0,False
w320112485,Бендеры,2.845,0.0,14,0,14,CITY_OK,2,18.0,4.0,-1.0,False
w320112486,Бендеры,2.765,0.0,14,0,14,CITY_OK,2,18.0,4.0,-1.0,False
w320112487,Бендеры,2.764,0.0,14,0,14,CITY_OK,2,18.0,4.0,-1.0,False
w320112491,Бендеры,2.311,0.0,14,0,14,CITY_OK,2,18.0,4.0,-1.0,False
w320184026,Бендеры,5.02,0.0,23,0,23,CITY_OK,3,30.12,7.12,2.12,True
w320184027,Бендеры,4.621,0.0,21,0,21,CITY_OK,3,27.73,6.73,1.73,True
w320187934,Бендеры,2.561,0.0,14,0,14,CITY_OK,2,18.0,4.0,-1.0,False
w320187936,Бендеры,2.289,0.0,14,0,14,CITY_OK,2,18.0,4.0,-1.0,False
w320187937,Бендеры,2.106,0.0,14,0,14,CITY_OK,2,18.0,4.0,-1.0,False
w320187938,Бендеры,2.201,0.0,14,0,14,CITY_OK,2,18.0,4.0,-1.0,False
w320187940,Бендеры,2.236,0.0,14,0,14,CITY_OK,2,18.0,4.0,-1.0,False
w320187941,Бендеры,2.22,0.0,14,0,14,CITY_OK,2,18.0,4.0,-1.0,False
w320187942,Бендеры,2.177,0.0,14,0,14,CITY_OK,2,18.0,4.0,-1.0,False
w320187944,Бендеры,2.089,0.0,14,0,14,CITY_OK,1,18.0,4.0,-1.0,False
w320187945,Бендеры,2.073,0.0,14,0,14,CITY_OK,1,18.0,4.0,-1.0,False
w320187947,Бендеры,2.079,0.0,14,0,14,CITY_OK,1,18.0,4.0,-1.0,False
w320187948,Бендеры,2.091,0.0,14,0,14,CITY_OK,1,18.0,4.0,-1.0,False
w320266309,Бендеры,2.241,0.0,14,0,14,CITY_OK,2,18.0,4.0,-1.0,False
w320266311,Бендеры,2.235,0.0,14,0,14,CITY_OK,2,18.0,4.0,-1.0,False
w320266315,Бендеры,2.271,0.0,14,0,14,CITY_OK,2,18.0,4.0,-1.0,False
w320266316,Бендеры,2.29,0.0,14,0,14,CITY_OK,2,18.0,4.0,-1.0,False
w320266318,Бендеры,2.303,0.0,14,0,14,CITY_OK,2,18.0,4.0,-1.0,False
w320266319,Бендеры,2.318,0.0,14,0,14,CITY_OK,2,18.0,4.0,-1.0,False
w320266322,Бендеры,2.332,0.0,14,0,14,CITY_OK,2,18.0,4.0,-1.0,False
w320266323,Бендеры,2.348,0.0,14,0,14,CITY_OK,2,18.0,4.0,-1.0,False
w320266328,Бендеры,2.328,0.0,14,0,14,CITY_OK,2,18.0,4.0,-1.0,False
w320266330,Бендеры,2.334,0.0,14,0,14,CITY_OK,2,18.0,4.0,-1.0,False
w320266332,Бендеры,2.32,0.0,14,0,14,CITY_OK,2,18.0,4.0,-1.0,False
w320266334,Бендеры,2.366,0.0,14,0,14,CITY_OK,2,18.0,4.0,-1.0,False
w320266339,Бендеры,2.38,0.0,14,0,14,CITY_OK,2,18.0,4.0,-1.0,False
w320266340,Бендеры,2.437,0.0,14,0,14,CITY_OK,2,18.0,4.0,-1.0,False
w320267175,Бендеры,2.445,0.0,14,0,14,CITY_OK,2,18.0,4.0,-1.0,False
w320267178,Бендеры,2.462,0.0,14,0,14,CITY_OK,2,18.0,4.0,-1.0,False
w320267180,Бендеры,2.478,0.0,14,0,14,CITY_OK,2,18.0,4.0,-1.0,False
w320270280,Бендеры,2.616,0.0,14,0,14,CITY_OK,2,18.0,4.0,-1.0,False
w320270283,Бендеры,2.571,0.0,14,0,14,CITY_OK,2,18.0,4.0,-1.0,False
w320270286,Бендеры,2.585,0.0,14,0,14,CITY_OK,2,18.0,4.0,-1.0,False
w320270287,Бендеры,2.606,0.0,14,0,14,CITY_OK,2,18.0,4.0,-1.0,False
w320270288,Бендеры,2.619,0.0,14,0,14,CITY_OK,2,18.0,4.0,-1.0,False
w320270289,Бендеры,2.632,0.0,14,0,14,CITY_OK,2,18.0,4.0,-1.0,False
w320271098,Бендеры,2.493,0.0,14,0,14,CITY_OK,2,18.0,4.0,-1.0,False
w320271099,Бендеры,2.508,0.0,14,0,14,CITY_OK,2,18.0,4.0,-1.0,False
w320271100,Бендеры,2.522,0.0,14,0,14,CITY_OK,2,18.0,4.0,-1.0,False
w320271101,Бендеры,2.565,0.0,14,0,14,CITY_OK,2,18.0,4.0,-1.0,False
w320273758,Бендеры,2.461,0.0,14,0,14,CITY_OK,2,18.0,4.0,-1.0,False
w320273760,Бендеры,2.494,0.0,14,0,14,CITY_OK,2,18.0,4.0,-1.0,False
w320273761,Бендеры,2.466,0.0,14,0,14,CITY_OK,2,18.0,4.0,-1.0,False
w320273764,Бендеры,2.425,0.0,14,0,14,CITY_OK,2,18.0,4.0,-1.0,False
w320273765,Бендеры,2.423,0.0,14,0,14,CITY_OK,2,18.0,4.0,-1.0,False
w320273766,Бендеры,2.459,0.0,14,0,14,CITY_OK,2,18.0,4.0,-1.0,False
w320273768,Бендеры,2.466,0.0,14,0,14,CITY_OK,2,18.0,4.0,-1.0,False
w320273769,Бендеры,2.479,0.0,14,0,14,CITY_OK,2,18.0,4.0,-1.0,False
w320273770,Бендеры,2.497,0.0,14,0,14,CITY_OK,2,18.0,4.0,-1.0,False
w320273771,Бендеры,2.51,0.0,14,0,14,CITY_OK,2,18.0,4.0,-1.0,False
w320275313,Бендеры,2.16,0.0,14,0,14,CITY_OK,2,18.0,4.0,-1.0,False
w320275321,Бендеры,2.526,0.0,14,0,14,CITY_OK,2,18.0,4.0,-1.0,False
w320275324,Бендеры,2.553,0.0,14,0,14,CITY_OK,2,18.0,4.0,-1.0,False
w320275325,Бендеры,2.582,0.0,14,0,14,CITY_OK,2,18.0,4.0,-1.0,False
w320275329,Бендеры,2.598,0.0,14,0,14,CITY_OK,2,18.0,4.0,-1.0,False
w320275330,Бендеры,2.584,0.0,14,0,14,CITY_OK,2,18.0,4.0,-1.0,False
w320275333,Бендеры,2.615,0.0,14,0,14,CITY_OK,2,18.0,4.0,-1.0,False
w320275338,Бендеры,2.475,0.0,14,0,14,CITY_OK,2,18.0,4.0,-1.0,False
w320275339,Бендеры,2.49,0.0,14,0,14,CITY_OK,2,18.0,4.0,-1.0,False
w320275344,Бендеры,2.505,0.0,14,0,14,CITY_OK,2,18.0,4.0,-1.0,False
w320275345,Бендеры,2.522,0.0,14,0,14,CITY_OK,2,18.0,4.0,-1.0,False
w320275346,Бендеры,2.538,0.0,14,0,14,CITY_OK,2,18.0,4.0,-1.0,False
w320275349,Бендеры,2.814,0.0,14,0,14,CITY_OK,2,18.0,4.0,-1.0,False
w320276660,Бендеры,2.399,0.0,14,0,14,CITY_OK,2,18.0,4.0,-1.0,False
w320276661,Бендеры,2.633,0.0,14,0,14,CITY_OK,2,18.0,4.0,-1.0,False
w320276666,Бендеры,2.456,0.0,14,0,14,CITY_OK,2,18.0,4.0,-1.0,False
w320276667,Бендеры,2.323,0.0,14,0,14,CITY_OK,2,18.0,4.0,-1.0,False
w320276671,Бендеры,2.341,0.0,14,0,14,CITY_OK,2,18.0,4.0,-1.0,False
w320276672,Бендеры,2.356,0.0,14,0,14,CITY_OK,2,18.0,4.0,-1.0,False
w320276674,Бендеры,2.414,0.0,14,0,14,CITY_OK,2,18.0,4.0,-1.0,False
w320287582,Бендеры,2.468,0.0,14,0,14,CITY_OK,2,18.0,4.0,-1.0,False
w320342628,Бендеры,4.893,0.0,22,0,22,CITY_OK,3,29.36,7.36,2.36,True
w320342629,Бендеры,4.87,0.0,22,0,22,CITY_OK,3,29.22,7.22,2.22,True
w320342631,Бендеры,4.846,0.0,22,0,22,CITY_OK,3,29.08,7.08,2.08,True
w320342632,Бендеры,4.798,0.0,22,0,22,CITY_OK,3,28.79,6.79,1.79,True
w320342787,Бендеры,4.743,0.0,21,0,21,CITY_OK,3,28.46,7.46,2.46,False
w320342789,Бендеры,4.775,0.0,22,0,22,CITY_OK,3,28.65,6.65,1.65,True
w320342791,Бендеры,4.817,0.0,22,0,22,CITY_OK,3,28.9,6.9,1.9,True
w320342793,Бендеры,4.799,0.0,22,0,22,CITY_OK,3,28.79,6.79,1.79,True
w320342794,Бендеры,4.732,0.0,21,0,21,CITY_OK,3,28.39,7.39,2.39,False
w320342797,Бендеры,4.753,0.0,22,0,22,CITY_OK,3,28.52,6.52,1.52,True
w320342799,Бендеры,4.725,0.0,21,0,21,CITY_OK,3,28.35,7.35,2.35,False
w320342800,Бендеры,4.712,0.0,21,0,21,CITY_OK,3,28.27,7.27,2.27,True
w320343105,Бендеры,4.694,0.0,21,0,21,CITY_OK,3,28.16,7.16,2.16,True
w320343106,Бендеры,4.678,0.0,21,0,21,CITY_OK,3,28.07,7.07,2.07,True
w320343108,Бендеры,4.658,0.0,21,0,21,CITY_OK,3,27.95,6.95,1.95,True
w320344001,Бендеры,4.687,0.0,21,0,21,CITY_OK,3,28.12,7.12,2.12,True
w320344002,Протягайловка,4.736,,21,,,OUTSIDE_DISTANCE_UNAVAILABLE,3,,,,
w320376691,Бендеры,0.773,0.0,14,0,14,CITY_OK,1,18.0,4.0,-1.0,False
w320382878,Бендеры,3.34,0.0,16,0,16,CITY_OK,2,20.04,4.04,-0.96,False
w320382879,Бендеры,3.402,0.0,16,0,16,CITY_OK,2,20.41,4.41,-0.59,False
w320437619,Бендеры,4.912,0.0,22,0,22,CITY_OK,3,29.47,7.47,2.47,False
w320437620,Бендеры,4.927,0.0,22,0,22,CITY_OK,3,29.56,7.56,2.56,False
w320437622,Бендеры,4.942,0.0,22,0,22,CITY_OK,3,29.65,7.65,2.65,False
w320437623,Бендеры,4.958,0.0,22,0,22,CITY_OK,3,29.75,7.75,2.75,False
w320437626,Бендеры,4.971,0.0,22,0,22,CITY_OK,3,29.83,7.83,2.83,False
w320437629,Бендеры,5.419,0.0,24,0,24,CITY_OK,3,32.51,8.51,3.51,False
w320437630,Бендеры,5.033,0.0,23,0,23,CITY_OK,3,30.2,7.2,2.2,True
w320437631,Бендеры,5.394,0.0,24,0,24,CITY_OK,3,32.36,8.36,3.36,False
w320437632,Бендеры,5.371,0.0,24,0,24,CITY_OK,3,32.23,8.23,3.23,False
w320437634,Бендеры,5.356,0.0,24,0,24,CITY_OK,3,32.14,8.14,3.14,False
w320437636,Бендеры,5.344,0.0,24,0,24,CITY_OK,3,32.06,8.06,3.06,False
w320437637,Бендеры,5.329,0.0,24,0,24,CITY_OK,3,31.97,7.97,2.97,False
w320437642,Бендеры,5.581,0.0,25,0,25,CITY_OK,3,33.49,8.49,3.49,False
w320437658,Бендеры,4.835,0.0,22,0,22,CITY_OK,3,29.01,7.01,2.01,True
w320438933,Бендеры,5.008,0.0,23,0,23,CITY_OK,3,30.05,7.05,2.05,True
w320438935,Бендеры,5.026,0.0,23,0,23,CITY_OK,3,30.16,7.16,2.16,True
w320438936,Бендеры,5.66,0.0,25,0,25,CITY_OK,3,33.96,8.96,3.96,False
w320438940,Бендеры,5.046,0.0,23,0,23,CITY_OK,3,30.28,7.28,2.28,True
w320438942,Бендеры,5.594,0.0,25,0,25,CITY_OK,3,33.56,8.56,3.56,False
w320438943,Бендеры,5.568,0.0,25,0,25,CITY_OK,3,33.41,8.41,3.41,False
w320438945,Бендеры,5.8,0.0,26,0,26,CITY_OK,3,34.8,8.8,3.8,False
w320438948,Бендеры,5.537,0.0,25,0,25,CITY_OK,3,33.22,8.22,3.22,False
w320439366,Бендеры,5.676,0.0,25,0,25,CITY_OK,3,34.06,9.06,4.06,False
w320439368,Бендеры,5.63,0.0,25,0,25,CITY_OK,3,33.78,8.78,3.78,False
w320439372,Бендеры,5.605,0.0,25,0,25,CITY_OK,3,33.63,8.63,3.63,False
w320440052,Бендеры,5.685,0.0,25,0,25,CITY_OK,3,34.11,9.11,4.11,False
w320440053,Бендеры,5.698,0.0,25,0,25,CITY_OK,3,34.19,9.19,4.19,False
w320440054,Бендеры,5.709,0.0,25,0,25,CITY_OK,3,34.25,9.25,4.25,False
w320440055,Бендеры,5.628,0.0,25,0,25,CITY_OK,3,33.77,8.77,3.77,False
w320440057,Бендеры,5.06,0.0,23,0,23,CITY_OK,3,30.36,7.36,2.36,True
w320440062,Бендеры,5.047,0.0,23,0,23,CITY_OK,3,30.28,7.28,2.28,True
w320440063,Бендеры,5.541,0.0,25,0,25,CITY_OK,3,33.25,8.25,3.25,False
w320440070,Бендеры,5.02,0.0,23,0,23,CITY_OK,3,30.12,7.12,2.12,True
w320440071,Бендеры,5.008,0.0,23,0,23,CITY_OK,3,30.05,7.05,2.05,True
w320440073,Бендеры,4.986,0.0,22,0,22,CITY_OK,3,29.92,7.92,2.92,False
w320440076,Бендеры,5.543,0.0,25,0,25,CITY_OK,3,33.26,8.26,3.26,False
w320444304,Бендеры,3.46,0.0,16,0,16,CITY_OK,2,20.76,4.76,-0.24,False
w320444305,Бендеры,3.473,0.0,16,0,16,CITY_OK,2,20.84,4.84,-0.16,False
w320444307,Бендеры,3.512,0.0,17,0,17,CITY_OK,2,21.07,4.07,-0.93,False
w320444308,Бендеры,3.51,0.0,17,0,17,CITY_OK,2,21.06,4.06,-0.94,False
w320444312,Бендеры,3.496,0.0,16,0,16,CITY_OK,2,20.98,4.98,-0.02,False
w320444313,Бендеры,3.483,0.0,16,0,16,CITY_OK,2,20.9,4.9,-0.1,False
w320444314,Бендеры,3.491,0.0,16,0,16,CITY_OK,2,20.95,4.95,-0.05,False
w320444317,Бендеры,3.467,0.0,16,0,16,CITY_OK,2,20.8,4.8,-0.2,False
w320444319,Бендеры,3.475,0.0,16,0,16,CITY_OK,2,20.85,4.85,-0.15,False
w320444320,Бендеры,3.458,0.0,16,0,16,CITY_OK,2,20.75,4.75,-0.25,False
w320444322,Бендеры,3.436,0.0,16,0,16,CITY_OK,2,20.62,4.62,-0.38,False
w320444323,Бендеры,3.512,0.0,17,0,17,CITY_OK,2,21.07,4.07,-0.93,False
w320444325,Бендеры,3.535,0.0,17,0,17,CITY_OK,2,21.21,4.21,-0.79,False
w320444326,Бендеры,3.364,0.0,16,0,16,CITY_OK,2,20.18,4.18,-0.82,False
w320444327,Бендеры,3.562,0.0,17,0,17,CITY_OK,2,21.37,4.37,-0.63,False
w320444329,Бендеры,3.567,0.0,17,0,17,CITY_OK,2,21.4,4.4,-0.6,False
w321410561,Бендеры,4.148,0.0,19,0,19,CITY_OK,2,24.89,5.89,0.89,True
w323015623,Бендеры,0.491,0.0,14,0,14,CITY_OK,1,18.0,4.0,-1.0,False
w323694275,Бендеры,2.805,0.0,14,0,14,CITY_OK,2,18.0,4.0,-1.0,False
w323694276,Бендеры,2.892,0.0,14,0,14,CITY_OK,2,18.0,4.0,-1.0,False
w323694277,Бендеры,2.912,0.0,14,0,14,CITY_OK,2,18.0,4.0,-1.0,False
w323694279,Бендеры,2.872,0.0,14,0,14,CITY_OK,2,18.0,4.0,-1.0,False
w323694860,Бендеры,2.651,0.0,14,0,14,CITY_OK,2,18.0,4.0,-1.0,False
w323713293,Бендеры,1.036,0.0,14,0,14,CITY_OK,1,18.0,4.0,-1.0,False
w323713303,Бендеры,0.117,0.0,14,0,14,CITY_OK,1,18.0,4.0,-1.0,False
w323713312,Бендеры,0.873,0.0,14,0,14,CITY_OK,1,18.0,4.0,-1.0,False
w324427417,Бендеры,2.681,0.0,14,0,14,CITY_OK,2,18.0,4.0,-1.0,False
w324427418,Бендеры,2.696,0.0,14,0,14,CITY_OK,2,18.0,4.0,-1.0,False
w324427419,Бендеры,2.707,0.0,14,0,14,CITY_OK,2,18.0,4.0,-1.0,False
w324427421,Бендеры,2.423,0.0,14,0,14,CITY_OK,2,18.0,4.0,-1.0,False
w324427752,Бендеры,2.472,0.0,14,0,14,CITY_OK,2,18.0,4.0,-1.0,False
w324427754,Бендеры,2.61,0.0,14,0,14,CITY_OK,2,18.0,4.0,-1.0,False
w324427756,Бендеры,2.67,0.0,14,0,14,CITY_OK,2,18.0,4.0,-1.0,False
w324427758,Бендеры,2.687,0.0,14,0,14,CITY_OK,2,18.0,4.0,-1.0,False
w324427761,Бендеры,2.698,0.0,14,0,14,CITY_OK,2,18.0,4.0,-1.0,False
w325664973,Бендеры,4.52,0.0,21,0,21,CITY_OK,3,27.12,6.12,1.12,True
w325664974,Бендеры,4.536,0.0,21,0,21,CITY_OK,3,27.22,6.22,1.22,True
w326811190,Бендеры,6.042,0.0,27,0,27,CITY_OK,4,36.25,9.25,4.25,False
w326811191,Бендеры,6.078,0.0,27,0,27,CITY_OK,4,36.47,9.47,4.47,False
w330410217,Бендеры,3.567,0.0,17,0,17,CITY_OK,2,21.4,4.4,-0.6,False
w330410218,Бендеры,3.759,0.0,18,0,18,CITY_OK,2,22.55,4.55,-0.45,False
w330410219,Бендеры,3.602,0.0,17,0,17,CITY_OK,2,21.61,4.61,-0.39,False
w330410220,Бендеры,3.563,0.0,17,0,17,CITY_OK,2,21.38,4.38,-0.62,False
w330410221,Бендеры,3.23,0.0,15,0,15,CITY_OK,2,19.38,4.38,-0.62,False
w330410222,Бендеры,3.283,0.0,16,0,16,CITY_OK,2,19.7,3.7,-1.3,False
w330410223,Бендеры,3.686,0.0,17,0,17,CITY_OK,2,22.12,5.12,0.12,True
w330410224,Бендеры,3.308,0.0,16,0,16,CITY_OK,2,19.85,3.85,-1.15,False
w330883122,Бендеры,3.648,0.0,17,0,17,CITY_OK,2,21.89,4.89,-0.11,False
w330883123,Бендеры,3.87,0.0,18,0,18,CITY_OK,2,23.22,5.22,0.22,True
w330883125,Бендеры,3.268,0.0,16,0,16,CITY_OK,2,19.61,3.61,-1.39,False
w330883126,Бендеры,3.252,0.0,16,0,16,CITY_OK,2,19.51,3.51,-1.49,False
w333962864,Бендеры,2.66,0.0,14,0,14,CITY_OK,2,18.0,4.0,-1.0,False
w333962866,Бендеры,2.605,0.0,14,0,14,CITY_OK,2,18.0,4.0,-1.0,False
w333962868,Бендеры,2.639,0.0,14,0,14,CITY_OK,2,18.0,4.0,-1.0,False
w333962871,Бендеры,2.617,0.0,14,0,14,CITY_OK,2,18.0,4.0,-1.0,False
w333967536,Бендеры,0.775,0.0,14,0,14,CITY_OK,1,18.0,4.0,-1.0,False
w333999696,Бендеры,3.34,0.0,16,0,16,CITY_OK,2,20.04,4.04,-0.96,False
w335008068,Бендеры,5.105,0.0,23,0,23,CITY_OK,3,30.63,7.63,2.63,False
w336800599,Бендеры,4.228,0.0,19,0,19,CITY_OK,2,25.37,6.37,1.37,True
w337742110,Бендеры,2.599,0.0,14,0,14,CITY_OK,2,18.0,4.0,-1.0,False
w337742114,Бендеры,2.487,0.0,14,0,14,CITY_OK,2,18.0,4.0,-1.0,False
w337742118,Бендеры,2.57,0.0,14,0,14,CITY_OK,2,18.0,4.0,-1.0,False
w337742120,Бендеры,2.584,0.0,14,0,14,CITY_OK,2,18.0,4.0,-1.0,False
w337742121,Бендеры,2.55,0.0,14,0,14,CITY_OK,2,18.0,4.0,-1.0,False
w339209786,Протягайловка,6.161,,27,,,OUTSIDE_DISTANCE_UNAVAILABLE,4,,,,
w339300187,Протягайловка,4.964,,22,,,OUTSIDE_DISTANCE_UNAVAILABLE,3,,,,
w339300188,Бендеры,4.869,0.0,22,0,22,CITY_OK,3,29.21,7.21,2.21,True
w339300190,Бендеры,4.813,0.0,22,0,22,CITY_OK,3,28.88,6.88,1.88,True
w340414302,Бендеры,2.673,0.0,14,0,14,CITY_OK,2,18.0,4.0,-1.0,False
w340414303,Бендеры,2.655,0.0,14,0,14,CITY_OK,2,18.0,4.0,-1.0,False
w340414305,Бендеры,2.741,0.0,14,0,14,CITY_OK,2,18.0,4.0,-1.0,False
w340414306,Бендеры,2.87,0.0,14,0,14,CITY_OK,2,18.0,4.0,-1.0,False
w340414535,Бендеры,2.895,0.0,14,0,14,CITY_OK,2,18.0,4.0,-1.0,False
w340414537,Бендеры,2.912,0.0,14,0,14,CITY_OK,2,18.0,4.0,-1.0,False
w340414538,Бендеры,2.799,0.0,14,0,14,CITY_OK,2,18.0,4.0,-1.0,False
w340414539,Бендеры,2.819,0.0,14,0,14,CITY_OK,2,18.0,4.0,-1.0,False
w340414540,Бендеры,2.84,0.0,14,0,14,CITY_OK,2,18.0,4.0,-1.0,False
w340414542,Бендеры,2.928,0.0,14,0,14,CITY_OK,2,18.0,4.0,-1.0,False
w340414544,Бендеры,2.891,0.0,14,0,14,CITY_OK,2,18.0,4.0,-1.0,False
w340414545,Бендеры,2.871,0.0,14,0,14,CITY_OK,2,18.0,4.0,-1.0,False
w340414546,Бендеры,2.808,0.0,14,0,14,CITY_OK,2,18.0,4.0,-1.0,False
w340414547,Бендеры,2.854,0.0,14,0,14,CITY_OK,2,18.0,4.0,-1.0,False
w340414548,Бендеры,2.87,0.0,14,0,14,CITY_OK,2,18.0,4.0,-1.0,False
w342058738,Бендеры,3.574,0.0,17,0,17,CITY_OK,2,21.44,4.44,-0.56,False
w342058739,Бендеры,3.596,0.0,17,0,17,CITY_OK,2,21.58,4.58,-0.42,False
w342058741,Бендеры,3.611,0.0,17,0,17,CITY_OK,2,21.67,4.67,-0.33,False
w342058744,Бендеры,3.626,0.0,17,0,17,CITY_OK,2,21.76,4.76,-0.24,False
w342058745,Бендеры,3.642,0.0,17,0,17,CITY_OK,2,21.85,4.85,-0.15,False
w342058746,Бендеры,3.55,0.0,17,0,17,CITY_OK,2,21.3,4.3,-0.7,False
w342059482,Бендеры,4.355,0.0,20,0,20,CITY_OK,3,26.13,6.13,1.13,True
w342059483,Бендеры,4.367,0.0,20,0,20,CITY_OK,3,26.2,6.2,1.2,True
w342059486,Бендеры,4.467,0.0,20,0,20,CITY_OK,3,26.8,6.8,1.8,True
w342059487,Бендеры,4.455,0.0,20,0,20,CITY_OK,3,26.73,6.73,1.73,True
w342059488,Бендеры,4.48,0.0,20,0,20,CITY_OK,3,26.88,6.88,1.88,True
w342059489,Бендеры,4.494,0.0,20,0,20,CITY_OK,3,26.96,6.96,1.96,True
w342101744,Бендеры,5.864,0.0,26,0,26,CITY_OK,3,35.18,9.18,4.18,False
w342101746,Бендеры,5.888,0.0,26,0,26,CITY_OK,4,35.33,9.33,4.33,False
w342101752,Бендеры,5.933,0.0,26,0,26,CITY_OK,4,35.6,9.6,4.6,False
w345068936,Парканы,6.636,,29,,,OUTSIDE_DISTANCE_UNAVAILABLE,4,,,,
w345068937,Парканы,6.659,,29,,,OUTSIDE_DISTANCE_UNAVAILABLE,4,,,,
w350364157,Бендеры,3.079,0.0,15,0,15,CITY_OK,2,18.47,3.47,-1.53,False
w350364158,Бендеры,3.103,0.0,15,0,15,CITY_OK,2,18.62,3.62,-1.38,False
w350364160,Бендеры,3.676,0.0,17,0,17,CITY_OK,2,22.06,5.06,0.06,True
w350364161,Бендеры,3.659,0.0,17,0,17,CITY_OK,2,21.95,4.95,-0.05,False
w351684270,Бендеры,1.555,0.0,14,0,14,CITY_OK,1,18.0,4.0,-1.0,False
w351854665,Бендеры,5.3,0.0,24,0,24,CITY_OK,3,31.8,7.8,2.8,False
w351855709,Бендеры,4.097,0.0,19,0,19,CITY_OK,2,24.58,5.58,0.58,True
w351855710,Бендеры,4.107,0.0,19,0,19,CITY_OK,2,24.64,5.64,0.64,True
w351855713,Бендеры,4.133,0.0,19,0,19,CITY_OK,2,24.8,5.8,0.8,True
w351856030,Бендеры,4.64,0.0,21,0,21,CITY_OK,3,27.84,6.84,1.84,True
w351857160,Бендеры,2.835,0.0,14,0,14,CITY_OK,2,18.0,4.0,-1.0,False
w351857161,Бендеры,2.717,0.0,14,0,14,CITY_OK,2,18.0,4.0,-1.0,False
w351859012,Бендеры,2.549,0.0,14,0,14,CITY_OK,2,18.0,4.0,-1.0,False
w351861439,Бендеры,2.597,0.0,14,0,14,CITY_OK,2,18.0,4.0,-1.0,False
w351861441,Бендеры,2.559,0.0,14,0,14,CITY_OK,2,18.0,4.0,-1.0,False
w351861443,Бендеры,2.616,0.0,14,0,14,CITY_OK,2,18.0,4.0,-1.0,False
w351861444,Бендеры,2.636,0.0,14,0,14,CITY_OK,2,18.0,4.0,-1.0,False
w352042423,Протягайловка,6.455,,28,,,OUTSIDE_DISTANCE_UNAVAILABLE,4,,,,
w352042424,Протягайловка,6.258,,28,,,OUTSIDE_DISTANCE_UNAVAILABLE,4,,,,
w352042425,Протягайловка,6.278,,28,,,OUTSIDE_DISTANCE_UNAVAILABLE,4,,,,
w352042426,Протягайловка,6.697,,29,,,OUTSIDE_DISTANCE_UNAVAILABLE,4,,,,
w352042428,Протягайловка,6.619,,29,,,OUTSIDE_DISTANCE_UNAVAILABLE,4,,,,
w352042429,Протягайловка,6.478,,28,,,OUTSIDE_DISTANCE_UNAVAILABLE,4,,,,
w352042430,Протягайловка,6.499,,28,,,OUTSIDE_DISTANCE_UNAVAILABLE,4,,,,
w352042431,Протягайловка,6.517,,29,,,OUTSIDE_DISTANCE_UNAVAILABLE,4,,,,
w352042432,Протягайловка,6.566,,29,,,OUTSIDE_DISTANCE_UNAVAILABLE,4,,,,
w352042433,Протягайловка,6.583,,29,,,OUTSIDE_DISTANCE_UNAVAILABLE,4,,,,
w352042540,Протягайловка,6.388,,28,,,OUTSIDE_DISTANCE_UNAVAILABLE,4,,,,
w352042541,Протягайловка,6.371,,28,,,OUTSIDE_DISTANCE_UNAVAILABLE,4,,,,
w352042542,Протягайловка,6.297,,28,,,OUTSIDE_DISTANCE_UNAVAILABLE,4,,,,
w352042587,Протягайловка,6.566,,29,,,OUTSIDE_DISTANCE_UNAVAILABLE,4,,,,
w352064498,Бендеры,5.968,0.0,26,0,26,CITY_OK,4,35.81,9.81,4.81,False
w352064499,Бендеры,5.954,0.0,26,0,26,CITY_OK,4,35.72,9.72,4.72,False
w352064500,Бендеры,5.866,0.0,26,0,26,CITY_OK,3,35.2,9.2,4.2,False
w352064501,Бендеры,6.013,0.0,27,0,27,CITY_OK,4,36.08,9.08,4.08,False
w352064505,Бендеры,5.533,0.0,25,0,25,CITY_OK,3,33.2,8.2,3.2,False
w352064506,Бендеры,5.525,0.0,25,0,25,CITY_OK,3,33.15,8.15,3.15,False
w352064507,Бендеры,5.555,0.0,25,0,25,CITY_OK,3,33.33,8.33,3.33,False
w352109788,Бендеры,3.856,0.0,18,0,18,CITY_OK,2,23.14,5.14,0.14,True
w352109789,Бендеры,3.888,0.0,18,0,18,CITY_OK,2,23.33,5.33,0.33,True
w352110120,Бендеры,4.541,0.0,21,0,21,CITY_OK,3,27.25,6.25,1.25,True
w352110238,Бендеры,4.498,0.0,20,0,20,CITY_OK,3,26.99,6.99,1.99,True
w352110239,Бендеры,4.485,0.0,20,0,20,CITY_OK,2,26.91,6.91,1.91,True
w352110827,Бендеры,5.802,0.0,26,0,26,CITY_OK,3,34.81,8.81,3.81,False
w352111431,Бендеры,5.843,0.0,26,0,26,CITY_OK,3,35.06,9.06,4.06,False
w352111432,Бендеры,5.823,0.0,26,0,26,CITY_OK,3,34.94,8.94,3.94,False
w352111433,Бендеры,6.011,0.0,27,0,27,CITY_OK,4,36.07,9.07,4.07,False
w352111435,Бендеры,6.024,0.0,27,0,27,CITY_OK,4,36.14,9.14,4.14,False
w352111436,Бендеры,6.035,0.0,27,0,27,CITY_OK,4,36.21,9.21,4.21,False
w352111438,Бендеры,6.007,0.0,27,0,27,CITY_OK,4,36.04,9.04,4.04,False
w352111439,Бендеры,5.985,0.0,26,0,26,CITY_OK,4,35.91,9.91,4.91,False
w352111440,Бендеры,5.968,0.0,26,0,26,CITY_OK,4,35.81,9.81,4.81,False
w352111443,Бендеры,5.941,0.0,26,0,26,CITY_OK,4,35.65,9.65,4.65,False
w352111747,Бендеры,5.928,0.0,26,0,26,CITY_OK,4,35.57,9.57,4.57,False
w352111750,Бендеры,5.913,0.0,26,0,26,CITY_OK,3,35.48,9.48,4.48,False
w352148076,Бендеры,4.219,0.0,19,0,19,CITY_OK,2,25.31,6.31,1.31,True
w352148078,Бендеры,4.548,0.0,21,0,21,CITY_OK,3,27.29,6.29,1.29,True
w352148079,Бендеры,4.523,0.0,21,0,21,CITY_OK,3,27.14,6.14,1.14,True
w352148088,Бендеры,4.03,0.0,19,0,19,CITY_OK,2,24.18,5.18,0.18,True
w352148094,Бендеры,6.769,0.0,30,0,30,CITY_OK,4,40.61,10.61,5.61,False
w352148095,Бендеры,5.026,0.0,23,0,23,CITY_OK,3,30.16,7.16,2.16,True
w352148096,Бендеры,6.746,0.0,29,0,29,CITY_OK,4,40.48,11.48,6.48,False
w352148098,Бендеры,6.864,0.0,30,0,30,CITY_OK,4,41.18,11.18,6.18,False
w352149217,Бендеры,5.309,0.0,24,0,24,CITY_OK,3,31.85,7.85,2.85,False
w352149222,Бендеры,5.255,0.0,24,0,24,CITY_OK,3,31.53,7.53,2.53,True
w352149223,Бендеры,5.201,0.0,23,0,23,CITY_OK,3,31.21,8.21,3.21,False
w352149225,Бендеры,5.288,0.0,24,0,24,CITY_OK,3,31.73,7.73,2.73,False
w352149226,Бендеры,5.338,0.0,24,0,24,CITY_OK,3,32.03,8.03,3.03,False
w352149230,Бендеры,4.932,0.0,22,0,22,CITY_OK,3,29.59,7.59,2.59,False
w352149826,Бендеры,5.678,0.0,25,0,25,CITY_OK,3,34.07,9.07,4.07,False
w352149827,Бендеры,5.282,0.0,24,0,24,CITY_OK,3,31.69,7.69,2.69,False
w352149828,Бендеры,5.652,0.0,25,0,25,CITY_OK,3,33.91,8.91,3.91,False
w352149830,Бендеры,5.24,0.0,23,0,23,CITY_OK,3,31.44,8.44,3.44,False
w352151085,Бендеры,5.282,0.0,24,0,24,CITY_OK,3,31.69,7.69,2.69,False
w352151102,Бендеры,4.603,0.0,21,0,21,CITY_OK,3,27.62,6.62,1.62,True
w352151103,Бендеры,4.591,0.0,21,0,21,CITY_OK,3,27.55,6.55,1.55,True
w352151105,Бендеры,5.166,0.0,23,0,23,CITY_OK,3,31.0,8.0,3.0,False
w352151496,Бендеры,5.251,0.0,24,0,24,CITY_OK,3,31.51,7.51,2.51,True
w352151497,Бендеры,5.267,0.0,24,0,24,CITY_OK,3,31.6,7.6,2.6,True
w352151499,Бендеры,5.156,0.0,23,0,23,CITY_OK,3,30.94,7.94,2.94,False
w352152715,Бендеры,5.131,0.0,23,0,23,CITY_OK,3,30.79,7.79,2.79,False
w352152718,Бендеры,5.118,0.0,23,0,23,CITY_OK,3,30.71,7.71,2.71,False
w352152723,Бендеры,5.083,0.0,23,0,23,CITY_OK,3,30.5,7.5,2.5,True
w352152725,Бендеры,5.067,0.0,23,0,23,CITY_OK,3,30.4,7.4,2.4,True
w352152727,Бендеры,5.054,0.0,23,0,23,CITY_OK,3,30.32,7.32,2.32,True
w352152729,Бендеры,5.039,0.0,23,0,23,CITY_OK,3,30.23,7.23,2.23,True
w352152731,Бендеры,5.025,0.0,23,0,23,CITY_OK,3,30.15,7.15,2.15,True
w352152733,Бендеры,5.011,0.0,23,0,23,CITY_OK,3,30.07,7.07,2.07,True
w352152735,Бендеры,4.995,0.0,22,0,22,CITY_OK,3,29.97,7.97,2.97,False
w352152737,Бендеры,4.97,0.0,22,0,22,CITY_OK,3,29.82,7.82,2.82,False
w352152740,Бендеры,4.957,0.0,22,0,22,CITY_OK,3,29.74,7.74,2.74,False
w352152757,Бендеры,5.354,0.0,24,0,24,CITY_OK,3,32.12,8.12,3.12,False
w352153725,Бендеры,4.795,0.0,22,0,22,CITY_OK,3,28.77,6.77,1.77,True
w352153727,Бендеры,4.978,0.0,22,0,22,CITY_OK,3,29.87,7.87,2.87,False
w352153729,Бендеры,5.013,0.0,23,0,23,CITY_OK,3,30.08,7.08,2.08,True
w352153731,Бендеры,4.694,0.0,21,0,21,CITY_OK,3,28.16,7.16,2.16,True
w352153734,Бендеры,4.648,0.0,21,0,21,CITY_OK,3,27.89,6.89,1.89,True
w352155381,Бендеры,4.964,0.0,22,0,22,CITY_OK,3,29.78,7.78,2.78,False
w352155383,Бендеры,4.939,0.0,22,0,22,CITY_OK,3,29.63,7.63,2.63,False
w352155384,Бендеры,4.916,0.0,22,0,22,CITY_OK,3,29.5,7.5,2.5,False
w352155385,Бендеры,4.893,0.0,22,0,22,CITY_OK,3,29.36,7.36,2.36,True
w352155386,Бендеры,4.878,0.0,22,0,22,CITY_OK,3,29.27,7.27,2.27,True
w352155387,Бендеры,4.851,0.0,22,0,22,CITY_OK,3,29.11,7.11,2.11,True
w352155388,Бендеры,4.835,0.0,22,0,22,CITY_OK,3,29.01,7.01,2.01,True
w352155391,Бендеры,4.503,0.0,21,0,21,CITY_OK,3,27.02,6.02,1.02,True
w352155392,Бендеры,4.469,0.0,20,0,20,CITY_OK,2,26.81,6.81,1.81,True
w352156639,Протягайловка,6.145,,27,,,OUTSIDE_DISTANCE_UNAVAILABLE,4,,,,
w352156642,Протягайловка,6.19,,27,,,OUTSIDE_DISTANCE_UNAVAILABLE,4,,,,
w352156643,Протягайловка,6.255,,28,,,OUTSIDE_DISTANCE_UNAVAILABLE,4,,,,
w352156644,Протягайловка,6.208,,27,,,OUTSIDE_DISTANCE_UNAVAILABLE,4,,,,
w352156646,Протягайловка,6.115,,27,,,OUTSIDE_DISTANCE_UNAVAILABLE,4,,,,
w352156650,Протягайловка,6.054,,27,,,OUTSIDE_DISTANCE_UNAVAILABLE,4,,,,
w352156651,Протягайловка,6.033,,27,,,OUTSIDE_DISTANCE_UNAVAILABLE,4,,,,
w352156653,Протягайловка,6.013,,27,,,OUTSIDE_DISTANCE_UNAVAILABLE,4,,,,
w352158426,Протягайловка,5.989,,26,,,OUTSIDE_DISTANCE_UNAVAILABLE,4,,,,
w352158429,Протягайловка,6.001,,27,,,OUTSIDE_DISTANCE_UNAVAILABLE,4,,,,
w352158431,Протягайловка,5.973,,26,,,OUTSIDE_DISTANCE_UNAVAILABLE,4,,,,
w352158434,Протягайловка,5.948,,26,,,OUTSIDE_DISTANCE_UNAVAILABLE,4,,,,
w352158436,Протягайловка,5.855,,26,,,OUTSIDE_DISTANCE_UNAVAILABLE,4,,,,
w352158439,Протягайловка,5.876,,26,,,OUTSIDE_DISTANCE_UNAVAILABLE,4,,,,
w352158442,Протягайловка,5.934,,26,,,OUTSIDE_DISTANCE_UNAVAILABLE,4,,,,
w352158444,Протягайловка,5.918,,26,,,OUTSIDE_DISTANCE_UNAVAILABLE,4,,,,
w352158450,Протягайловка,5.892,,26,,,OUTSIDE_DISTANCE_UNAVAILABLE,4,,,,
w352158458,Протягайловка,6.227,,27,,,OUTSIDE_DISTANCE_UNAVAILABLE,4,,,,
w352158464,Протягайловка,6.206,,27,,,OUTSIDE_DISTANCE_UNAVAILABLE,4,,,,
w352158480,Протягайловка,6.351,,28,,,OUTSIDE_DISTANCE_UNAVAILABLE,4,,,,
w352158482,Протягайловка,6.884,,30,,,OUTSIDE_DISTANCE_UNAVAILABLE,4,,,,
w352160026,Протягайловка,6.319,,28,,,OUTSIDE_DISTANCE_UNAVAILABLE,4,,,,
w352160030,Протягайловка,6.443,,28,,,OUTSIDE_DISTANCE_UNAVAILABLE,4,,,,
w352160038,Протягайловка,6.656,,29,,,OUTSIDE_DISTANCE_UNAVAILABLE,4,,,,
w352160040,Протягайловка,6.92,,30,,,OUTSIDE_DISTANCE_UNAVAILABLE,4,,,,
w352160042,Протягайловка,6.684,,29,,,OUTSIDE_DISTANCE_UNAVAILABLE,4,,,,
w352160043,Протягайловка,6.639,,29,,,OUTSIDE_DISTANCE_UNAVAILABLE,4,,,,
w352160045,Протягайловка,6.354,,28,,,OUTSIDE_DISTANCE_UNAVAILABLE,4,,,,
w352160049,Протягайловка,6.349,,28,,,OUTSIDE_DISTANCE_UNAVAILABLE,4,,,,
w352160050,Протягайловка,6.368,,28,,,OUTSIDE_DISTANCE_UNAVAILABLE,4,,,,
w352160183,Протягайловка,6.36,,28,,,OUTSIDE_DISTANCE_UNAVAILABLE,4,,,,
w352160184,Протягайловка,6.377,,28,,,OUTSIDE_DISTANCE_UNAVAILABLE,4,,,,
w352160189,Протягайловка,6.428,,28,,,OUTSIDE_DISTANCE_UNAVAILABLE,4,,,,
w352161704,Бендеры,5.756,0.0,26,0,26,CITY_OK,4,34.54,8.54,3.54,False
w352161705,Бендеры,5.733,0.0,25,0,25,CITY_OK,3,34.4,9.4,4.4,False
w352161706,Бендеры,5.717,0.0,25,0,25,CITY_OK,3,34.3,9.3,4.3,False
w352161707,Бендеры,5.698,0.0,25,0,25,CITY_OK,3,34.19,9.19,4.19,False
w352161708,Бендеры,5.659,0.0,25,0,25,CITY_OK,3,33.95,8.95,3.95,False
w352161709,Бендеры,5.678,0.0,25,0,25,CITY_OK,3,34.07,9.07,4.07,False
w352161710,Бендеры,5.643,0.0,25,0,25,CITY_OK,3,33.86,8.86,3.86,False
w352161711,Бендеры,5.629,0.0,25,0,25,CITY_OK,3,33.77,8.77,3.77,False
w352161713,Бендеры,5.604,0.0,25,0,25,CITY_OK,3,33.62,8.62,3.62,False
w352161714,Бендеры,5.588,0.0,25,0,25,CITY_OK,3,33.53,8.53,3.53,False
w352161715,Бендеры,5.57,0.0,25,0,25,CITY_OK,3,33.42,8.42,3.42,False
w352161716,Протягайловка,5.708,,25,,,OUTSIDE_DISTANCE_UNAVAILABLE,3,,,,
w352161717,Бендеры,5.742,0.0,25,0,25,CITY_OK,3,34.45,9.45,4.45,False
w352161718,Протягайловка,5.744,,25,,,OUTSIDE_DISTANCE_UNAVAILABLE,3,,,,
w352161719,Протягайловка,5.662,,25,,,OUTSIDE_DISTANCE_UNAVAILABLE,3,,,,
w352161999,Протягайловка,5.649,,25,,,OUTSIDE_DISTANCE_UNAVAILABLE,3,,,,
w352162004,Протягайловка,5.847,,26,,,OUTSIDE_DISTANCE_UNAVAILABLE,4,,,,
w352162874,Бендеры,4.965,0.0,22,0,22,CITY_OK,3,29.79,7.79,2.79,False
w352163169,Бендеры,5.97,0.0,26,0,26,CITY_OK,4,35.82,9.82,4.82,False
w352163170,Протягайловка,5.95,,26,,,OUTSIDE_DISTANCE_UNAVAILABLE,4,,,,
w352163171,Бендеры,5.961,0.0,26,0,26,CITY_OK,4,35.77,9.77,4.77,False
w352163174,Протягайловка,5.927,,26,,,OUTSIDE_DISTANCE_UNAVAILABLE,4,,,,
w352163175,Протягайловка,5.907,,26,,,OUTSIDE_DISTANCE_UNAVAILABLE,4,,,,
w352163176,Протягайловка,6.345,,28,,,OUTSIDE_DISTANCE_UNAVAILABLE,4,,,,
w352163177,Бендеры,5.926,0.0,26,0,26,CITY_OK,4,35.56,9.56,4.56,False
w352263797,Бендеры,6.078,0.0,27,0,27,CITY_OK,4,36.47,9.47,4.47,False
w352263798,Бендеры,6.195,0.0,27,0,27,CITY_OK,4,37.17,10.17,5.17,False
w352263801,Бендеры,6.216,0.0,27,0,27,CITY_OK,4,37.3,10.3,5.3,False
w352263803,Бендеры,6.231,0.0,27,0,27,CITY_OK,4,37.39,10.39,5.39,False
w352263806,Бендеры,6.216,0.0,27,0,27,CITY_OK,4,37.3,10.3,5.3,False
w352263808,Бендеры,6.2,0.0,27,0,27,CITY_OK,4,37.2,10.2,5.2,False
w352263809,Бендеры,6.2,0.0,27,0,27,CITY_OK,4,37.2,10.2,5.2,False
w352263811,Бендеры,6.185,0.0,27,0,27,CITY_OK,4,37.11,10.11,5.11,False
w352263813,Бендеры,6.172,0.0,27,0,27,CITY_OK,4,37.03,10.03,5.03,False
w352263814,Бендеры,6.16,0.0,27,0,27,CITY_OK,4,36.96,9.96,4.96,False
w352263816,Бендеры,6.143,0.0,27,0,27,CITY_OK,4,36.86,9.86,4.86,False
w352263818,Бендеры,6.218,0.0,27,0,27,CITY_OK,4,37.31,10.31,5.31,False
w352263822,Бендеры,6.056,0.0,27,0,27,CITY_OK,4,36.34,9.34,4.34,False
w352263824,Бендеры,6.039,0.0,27,0,27,CITY_OK,4,36.23,9.23,4.23,False
w352263828,Бендеры,6.024,0.0,27,0,27,CITY_OK,4,36.14,9.14,4.14,False
w352263829,Бендеры,6.009,0.0,27,0,27,CITY_OK,4,36.05,9.05,4.05,False
w352263831,Бендеры,6.065,0.0,27,0,27,CITY_OK,4,36.39,9.39,4.39,False
w352263832,Бендеры,6.181,0.0,27,0,27,CITY_OK,4,37.09,10.09,5.09,False
w352263834,Бендеры,6.166,0.0,27,0,27,CITY_OK,4,37.0,10.0,5.0,False
w352263835,Бендеры,6.099,0.0,27,0,27,CITY_OK,4,36.59,9.59,4.59,False
w352263837,Бендеры,6.11,0.0,27,0,27,CITY_OK,4,36.66,9.66,4.66,False
w352263839,Бендеры,6.133,0.0,27,0,27,CITY_OK,4,36.8,9.8,4.8,False
w352263840,Бендеры,6.062,0.0,27,0,27,CITY_OK,4,36.37,9.37,4.37,False
w352263842,Бендеры,6.048,0.0,27,0,27,CITY_OK,4,36.29,9.29,4.29,False
w352263844,Бендеры,6.036,0.0,27,0,27,CITY_OK,4,36.22,9.22,4.22,False
w352263846,Бендеры,6.061,0.0,27,0,27,CITY_OK,4,36.37,9.37,4.37,False
w352265835,Бендеры,5.846,0.0,26,0,26,CITY_OK,4,35.08,9.08,4.08,False
w352265836,Протягайловка,6.283,,28,,,OUTSIDE_DISTANCE_UNAVAILABLE,4,,,,
w352265841,Бендеры,6.106,0.0,27,0,27,CITY_OK,4,36.64,9.64,4.64,False
w352265843,Бендеры,6.121,0.0,27,0,27,CITY_OK,4,36.73,9.73,4.73,False
w352265844,Бендеры,6.039,0.0,27,0,27,CITY_OK,4,36.23,9.23,4.23,False
w352265846,Бендеры,6.026,0.0,27,0,27,CITY_OK,4,36.16,9.16,4.16,False
w352265853,Бендеры,6.032,0.0,27,0,27,CITY_OK,4,36.19,9.19,4.19,False
w352265854,Бендеры,5.952,0.0,26,0,26,CITY_OK,4,35.71,9.71,4.71,False
w352265855,Бендеры,5.968,0.0,26,0,26,CITY_OK,4,35.81,9.81,4.81,False
w352265856,Бендеры,6.011,0.0,27,0,27,CITY_OK,4,36.07,9.07,4.07,False
w352265858,Протягайловка,5.702,,25,,,OUTSIDE_DISTANCE_UNAVAILABLE,3,,,,
w352265859,Протягайловка,5.724,,25,,,OUTSIDE_DISTANCE_UNAVAILABLE,3,,,,
w352265860,Протягайловка,5.756,,26,,,OUTSIDE_DISTANCE_UNAVAILABLE,4,,,,
w352265861,Протягайловка,5.784,,26,,,OUTSIDE_DISTANCE_UNAVAILABLE,4,,,,
w352265862,Протягайловка,5.805,,26,,,OUTSIDE_DISTANCE_UNAVAILABLE,4,,,,
w352265863,Бендеры,4.946,0.0,22,0,22,CITY_OK,3,29.68,7.68,2.68,False
w352265865,Бендеры,4.924,0.0,22,0,22,CITY_OK,3,29.54,7.54,2.54,False
w352265866,Бендеры,4.899,0.0,22,0,22,CITY_OK,3,29.39,7.39,2.39,True
w352265869,Протягайловка,4.997,,22,,,OUTSIDE_DISTANCE_UNAVAILABLE,3,,,,
w352284664,Бендеры,5.808,0.0,26,0,26,CITY_OK,3,34.85,8.85,3.85,False
w352284665,Протягайловка,5.846,,26,,,OUTSIDE_DISTANCE_UNAVAILABLE,3,,,,
w352284839,Бендеры,4.752,0.0,22,0,22,CITY_OK,3,28.51,6.51,1.51,True
w352285305,Протягайловка,4.736,,21,,,OUTSIDE_DISTANCE_UNAVAILABLE,3,,,,
w352285307,Бендеры,4.791,0.0,22,0,22,CITY_OK,3,28.75,6.75,1.75,True
w352285308,Бендеры,4.772,0.0,22,0,22,CITY_OK,3,28.63,6.63,1.63,True
w352285313,Протягайловка,4.939,,22,,,OUTSIDE_DISTANCE_UNAVAILABLE,3,,,,
w352285314,Протягайловка,4.922,,22,,,OUTSIDE_DISTANCE_UNAVAILABLE,3,,,,
w352285315,Протягайловка,4.9,,22,,,OUTSIDE_DISTANCE_UNAVAILABLE,3,,,,
w352285316,Протягайловка,4.835,,22,,,OUTSIDE_DISTANCE_UNAVAILABLE,3,,,,
w352285322,Бендеры,4.599,0.0,21,0,21,CITY_OK,3,27.59,6.59,1.59,True
w352285324,Протягайловка,4.9,,22,,,OUTSIDE_DISTANCE_UNAVAILABLE,3,,,,
w352285325,Протягайловка,4.924,,22,,,OUTSIDE_DISTANCE_UNAVAILABLE,3,,,,
w352285326,Протягайловка,4.945,,22,,,OUTSIDE_DISTANCE_UNAVAILABLE,3,,,,
w352285327,Протягайловка,4.994,,22,,,OUTSIDE_DISTANCE_UNAVAILABLE,3,,,,
w352285330,Протягайловка,5.014,,23,,,OUTSIDE_DISTANCE_UNAVAILABLE,3,,,,
w352285582,Бендеры,6.291,0.0,28,0,28,CITY_OK,4,37.75,9.75,4.75,False
w352285583,Бендеры,6.307,0.0,28,0,28,CITY_OK,4,37.84,9.84,4.84,False
w352285585,Бендеры,6.323,0.0,28,0,28,CITY_OK,4,37.94,9.94,4.94,False
w352285586,Бендеры,6.18,0.0,27,0,27,CITY_OK,4,37.08,10.08,5.08,False
w352285587,Бендеры,6.168,0.0,27,0,27,CITY_OK,4,37.01,10.01,5.01,False
w352285588,Бендеры,6.153,0.0,27,0,27,CITY_OK,4,36.92,9.92,4.92,False
w352285589,Бендеры,6.137,0.0,27,0,27,CITY_OK,4,36.82,9.82,4.82,False
w352285804,Бендеры,6.125,0.0,27,0,27,CITY_OK,4,36.75,9.75,4.75,False
w352285806,Бендеры,6.11,0.0,27,0,27,CITY_OK,4,36.66,9.66,4.66,False
w352285807,Бендеры,6.096,0.0,27,0,27,CITY_OK,4,36.58,9.58,4.58,False
w352285809,Бендеры,6.079,0.0,27,0,27,CITY_OK,4,36.47,9.47,4.47,False
w352285810,Бендеры,6.055,0.0,27,0,27,CITY_OK,4,36.33,9.33,4.33,False
w352285811,Бендеры,6.04,0.0,27,0,27,CITY_OK,4,36.24,9.24,4.24,False
w352285813,Протягайловка,6.092,,27,,,OUTSIDE_DISTANCE_UNAVAILABLE,4,,,,
w352285814,Протягайловка,6.155,,27,,,OUTSIDE_DISTANCE_UNAVAILABLE,4,,,,
w352285815,Протягайловка,6.061,,27,,,OUTSIDE_DISTANCE_UNAVAILABLE,4,,,,
w352285816,Протягайловка,6.043,,27,,,OUTSIDE_DISTANCE_UNAVAILABLE,4,,,,
w352285817,Протягайловка,6.021,,27,,,OUTSIDE_DISTANCE_UNAVAILABLE,4,,,,
w352285818,Протягайловка,5.996,,26,,,OUTSIDE_DISTANCE_UNAVAILABLE,4,,,,
w352306056,Бендеры,3.142,0.0,15,0,15,CITY_OK,2,18.85,3.85,-1.15,False
w352306057,Бендеры,3.158,0.0,15,0,15,CITY_OK,2,18.95,3.95,-1.05,False
w352306058,Бендеры,2.865,0.0,14,0,14,CITY_OK,2,18.0,4.0,-1.0,False
w352306063,Бендеры,2.765,0.0,14,0,14,CITY_OK,2,18.0,4.0,-1.0,False
w352306067,Бендеры,3.215,0.0,15,0,15,CITY_OK,2,19.29,4.29,-0.71,False
w352306070,Бендеры,2.885,0.0,14,0,14,CITY_OK,2,18.0,4.0,-1.0,False
w352306072,Бендеры,2.874,0.0,14,0,14,CITY_OK,2,18.0,4.0,-1.0,False
w352306073,Бендеры,2.858,0.0,14,0,14,CITY_OK,2,18.0,4.0,-1.0,False
w352306074,Бендеры,2.838,0.0,14,0,14,CITY_OK,2,18.0,4.0,-1.0,False
w352306075,Бендеры,2.819,0.0,14,0,14,CITY_OK,2,18.0,4.0,-1.0,False
w352306076,Бендеры,2.696,0.0,14,0,14,CITY_OK,2,18.0,4.0,-1.0,False
w352306078,Бендеры,2.815,0.0,14,0,14,CITY_OK,2,18.0,4.0,-1.0,False
w352306079,Бендеры,2.796,0.0,14,0,14,CITY_OK,2,18.0,4.0,-1.0,False
w352306081,Бендеры,2.774,0.0,14,0,14,CITY_OK,2,18.0,4.0,-1.0,False
w352306082,Бендеры,2.657,0.0,14,0,14,CITY_OK,2,18.0,4.0,-1.0,False
w352306083,Бендеры,2.762,0.0,14,0,14,CITY_OK,2,18.0,4.0,-1.0,False
w352306084,Бендеры,2.786,0.0,14,0,14,CITY_OK,2,18.0,4.0,-1.0,False
w352306085,Бендеры,2.834,0.0,14,0,14,CITY_OK,2,18.0,4.0,-1.0,False
w352306358,Бендеры,2.722,0.0,14,0,14,CITY_OK,2,18.0,4.0,-1.0,False
w352306359,Бендеры,2.707,0.0,14,0,14,CITY_OK,2,18.0,4.0,-1.0,False
w352306360,Бендеры,2.756,0.0,14,0,14,CITY_OK,2,18.0,4.0,-1.0,False
w352306361,Бендеры,2.734,0.0,14,0,14,CITY_OK,2,18.0,4.0,-1.0,False
w352306362,Бендеры,2.716,0.0,14,0,14,CITY_OK,2,18.0,4.0,-1.0,False
w352306363,Бендеры,2.696,0.0,14,0,14,CITY_OK,2,18.0,4.0,-1.0,False
w352306364,Бендеры,3.246,0.0,15,0,15,CITY_OK,2,19.48,4.48,-0.52,False
w352306365,Бендеры,3.266,0.0,16,0,16,CITY_OK,2,19.6,3.6,-1.4,False
w352306367,Бендеры,3.258,0.0,16,0,16,CITY_OK,2,19.55,3.55,-1.45,False
w352306368,Бендеры,3.408,0.0,16,0,16,CITY_OK,2,20.45,4.45,-0.55,False
w352306779,Бендеры,2.868,0.0,14,0,14,CITY_OK,2,18.0,4.0,-1.0,False
w352306780,Бендеры,2.99,0.0,14,0,14,CITY_OK,2,18.0,4.0,-1.0,False
w352306781,Бендеры,2.846,0.0,14,0,14,CITY_OK,2,18.0,4.0,-1.0,False
w352306787,Бендеры,2.911,0.0,14,0,14,CITY_OK,2,18.0,4.0,-1.0,False
w352306788,Бендеры,2.913,0.0,14,0,14,CITY_OK,2,18.0,4.0,-1.0,False
w352306789,Бендеры,2.929,0.0,14,0,14,CITY_OK,2,18.0,4.0,-1.0,False
w352306790,Бендеры,2.947,0.0,14,0,14,CITY_OK,2,18.0,4.0,-1.0,False
w352306791,Бендеры,2.93,0.0,14,0,14,CITY_OK,2,18.0,4.0,-1.0,False
w352306792,Бендеры,2.95,0.0,14,0,14,CITY_OK,2,18.0,4.0,-1.0,False
w352307860,Бендеры,2.895,0.0,14,0,14,CITY_OK,2,18.0,4.0,-1.0,False
w352307861,Бендеры,2.912,0.0,14,0,14,CITY_OK,2,18.0,4.0,-1.0,False
w352307862,Бендеры,2.925,0.0,14,0,14,CITY_OK,2,18.0,4.0,-1.0,False
w352307863,Бендеры,2.95,0.0,14,0,14,CITY_OK,2,18.0,4.0,-1.0,False
w352307864,Бендеры,2.941,0.0,14,0,14,CITY_OK,2,18.0,4.0,-1.0,False
w352307865,Бендеры,2.962,0.0,14,0,14,CITY_OK,2,18.0,4.0,-1.0,False
w352307867,Бендеры,2.977,0.0,14,0,14,CITY_OK,2,18.0,4.0,-1.0,False
w352307869,Бендеры,3.054,0.0,15,0,15,CITY_OK,2,18.32,3.32,-1.68,False
w352307870,Бендеры,3.026,0.0,15,0,15,CITY_OK,2,18.16,3.16,-1.84,False
w352307871,Бендеры,3.0,0.0,14,0,14,CITY_OK,2,18.0,4.0,-1.0,False
w352307872,Бендеры,3.003,0.0,15,0,15,CITY_OK,2,18.02,3.02,-1.98,False
w352307873,Бендеры,3.065,0.0,15,0,15,CITY_OK,2,18.39,3.39,-1.61,False
w352307875,Бендеры,3.423,0.0,16,0,16,CITY_OK,2,20.54,4.54,-0.46,False
w352309081,Бендеры,3.065,0.0,15,0,15,CITY_OK,2,18.39,3.39,-1.61,False
w352309082,Бендеры,3.062,0.0,15,0,15,CITY_OK,2,18.37,3.37,-1.63,False
w352309084,Бендеры,3.191,0.0,15,0,15,CITY_OK,2,19.15,4.15,-0.85,False
w352309085,Бендеры,3.147,0.0,15,0,15,CITY_OK,2,18.88,3.88,-1.12,False
w352309529,Бендеры,3.152,0.0,15,0,15,CITY_OK,2,18.91,3.91,-1.09,False
w352309763,Бендеры,3.221,0.0,15,0,15,CITY_OK,2,19.33,4.33,-0.67,False
w352309767,Бендеры,3.196,0.0,15,0,15,CITY_OK,2,19.18,4.18,-0.82,False
w352309768,Бендеры,3.281,0.0,16,0,16,CITY_OK,2,19.69,3.69,-1.31,False
w352309769,Бендеры,3.361,0.0,16,0,16,CITY_OK,2,20.17,4.17,-0.83,False
w352309772,Бендеры,3.234,0.0,15,0,15,CITY_OK,2,19.4,4.4,-0.6,False
w352309774,Бендеры,3.212,0.0,15,0,15,CITY_OK,2,19.27,4.27,-0.73,False
w352309776,Бендеры,3.245,0.0,15,0,15,CITY_OK,2,19.47,4.47,-0.53,False
w352309777,Бендеры,3.192,0.0,15,0,15,CITY_OK,2,19.15,4.15,-0.85,False
w352309779,Бендеры,3.226,0.0,15,0,15,CITY_OK,2,19.36,4.36,-0.64,False
w352312092,Бендеры,3.177,0.0,15,0,15,CITY_OK,2,19.06,4.06,-0.94,False
w352312093,Бендеры,3.195,0.0,15,0,15,CITY_OK,2,19.17,4.17,-0.83,False
w352312096,Бендеры,3.211,0.0,15,0,15,CITY_OK,2,19.27,4.27,-0.73,False
w352312097,Бендеры,3.226,0.0,15,0,15,CITY_OK,2,19.36,4.36,-0.64,False
w352312099,Бендеры,3.076,0.0,15,0,15,CITY_OK,2,18.46,3.46,-1.54,False
w352312100,Бендеры,3.397,0.0,16,0,16,CITY_OK,2,20.38,4.38,-0.62,False
w352312102,Бендеры,3.419,0.0,16,0,16,CITY_OK,2,20.51,4.51,-0.49,False
w352312105,Бендеры,3.4,0.0,16,0,16,CITY_OK,2,20.4,4.4,-0.6,False
w352312106,Бендеры,3.499,0.0,16,0,16,CITY_OK,2,20.99,4.99,-0.01,False
w352312107,Бендеры,3.478,0.0,16,0,16,CITY_OK,2,20.87,4.87,-0.13,False
w352312109,Бендеры,3.428,0.0,16,0,16,CITY_OK,2,20.57,4.57,-0.43,False
w352312110,Бендеры,3.446,0.0,16,0,16,CITY_OK,2,20.68,4.68,-0.32,False
w352312112,Бендеры,3.468,0.0,16,0,16,CITY_OK,2,20.81,4.81,-0.19,False
w352312113,Бендеры,3.351,0.0,16,0,16,CITY_OK,2,20.11,4.11,-0.89,False
w352312114,Бендеры,3.38,0.0,16,0,16,CITY_OK,2,20.28,4.28,-0.72,False
w352312119,Бендеры,3.384,0.0,16,0,16,CITY_OK,2,20.3,4.3,-0.7,False
w352312123,Бендеры,3.384,0.0,16,0,16,CITY_OK,2,20.3,4.3,-0.7,False
w352312124,Бендеры,3.367,0.0,16,0,16,CITY_OK,2,20.2,4.2,-0.8,False
w352312126,Бендеры,3.354,0.0,16,0,16,CITY_OK,2,20.12,4.12,-0.88,False
w352312127,Бендеры,3.357,0.0,16,0,16,CITY_OK,2,20.14,4.14,-0.86,False
w352312128,Бендеры,3.348,0.0,16,0,16,CITY_OK,2,20.09,4.09,-0.91,False
w352312130,Бендеры,3.338,0.0,16,0,16,CITY_OK,2,20.03,4.03,-0.97,False
w352312131,Бендеры,3.335,0.0,16,0,16,CITY_OK,2,20.01,4.01,-0.99,False
w352312132,Бендеры,3.3,0.0,16,0,16,CITY_OK,2,19.8,3.8,-1.2,False
w352312134,Бендеры,3.282,0.0,16,0,16,CITY_OK,2,19.69,3.69,-1.31,False
w352312135,Бендеры,3.284,0.0,16,0,16,CITY_OK,2,19.7,3.7,-1.3,False
w352312136,Бендеры,3.3,0.0,16,0,16,CITY_OK,2,19.8,3.8,-1.2,False
w352312139,Бендеры,3.314,0.0,16,0,16,CITY_OK,2,19.88,3.88,-1.12,False
w352313147,Бендеры,3.463,0.0,16,0,16,CITY_OK,2,20.78,4.78,-0.22,False
w352313148,Бендеры,3.435,0.0,16,0,16,CITY_OK,2,20.61,4.61,-0.39,False
w352313149,Бендеры,3.412,0.0,16,0,16,CITY_OK,2,20.47,4.47,-0.53,False
w352313152,Бендеры,3.845,0.0,18,0,18,CITY_OK,2,23.07,5.07,0.07,True
w352313153,Бендеры,3.866,0.0,18,0,18,CITY_OK,2,23.2,5.2,0.2,True
w352313154,Бендеры,3.845,0.0,18,0,18,CITY_OK,2,23.07,5.07,0.07,True
w352313155,Бендеры,3.825,0.0,18,0,18,CITY_OK,2,22.95,4.95,-0.05,False
w352313157,Бендеры,3.81,0.0,18,0,18,CITY_OK,2,22.86,4.86,-0.14,False
w352313159,Бендеры,3.846,0.0,18,0,18,CITY_OK,2,23.08,5.08,0.08,True
w352313160,Бендеры,3.865,0.0,18,0,18,CITY_OK,2,23.19,5.19,0.19,True
w352313728,Бендеры,3.783,0.0,18,0,18,CITY_OK,2,22.7,4.7,-0.3,False
w352313729,Бендеры,3.825,0.0,18,0,18,CITY_OK,2,22.95,4.95,-0.05,False
w352313730,Бендеры,3.781,0.0,18,0,18,CITY_OK,2,22.69,4.69,-0.31,False
w352313737,Протягайловка,4.824,,22,,,OUTSIDE_DISTANCE_UNAVAILABLE,3,,,,
w352313738,Бендеры,4.612,0.0,21,0,21,CITY_OK,3,27.67,6.67,1.67,True
w352314106,Бендеры,4.611,0.0,21,0,21,CITY_OK,3,27.67,6.67,1.67,True
w352314156,Бендеры,4.668,0.0,21,0,21,CITY_OK,3,28.01,7.01,2.01,True
w352314365,Бендеры,4.558,0.0,21,0,21,CITY_OK,3,27.35,6.35,1.35,True
w352314367,Бендеры,4.538,0.0,21,0,21,CITY_OK,3,27.23,6.23,1.23,True
w352314370,Бендеры,4.503,0.0,21,0,21,CITY_OK,3,27.02,6.02,1.02,True
w352314379,Бендеры,4.453,0.0,20,0,20,CITY_OK,3,26.72,6.72,1.72,True
w352316538,Протягайловка,5.837,,26,,,OUTSIDE_DISTANCE_UNAVAILABLE,4,,,,
w352316539,Протягайловка,5.857,,26,,,OUTSIDE_DISTANCE_UNAVAILABLE,4,,,,
w352316540,Протягайловка,5.875,,26,,,OUTSIDE_DISTANCE_UNAVAILABLE,4,,,,
w352316541,Протягайловка,5.161,,23,,,OUTSIDE_DISTANCE_UNAVAILABLE,3,,,,
w352316542,Протягайловка,5.144,,23,,,OUTSIDE_DISTANCE_UNAVAILABLE,3,,,,
w352316543,Протягайловка,5.061,,23,,,OUTSIDE_DISTANCE_UNAVAILABLE,3,,,,
w352316544,Протягайловка,5.041,,23,,,OUTSIDE_DISTANCE_UNAVAILABLE,3,,,,
w352316545,Протягайловка,5.09,,23,,,OUTSIDE_DISTANCE_UNAVAILABLE,3,,,,
w352316547,Протягайловка,5.041,,23,,,OUTSIDE_DISTANCE_UNAVAILABLE,3,,,,
w352317980,Протягайловка,5.08,,23,,,OUTSIDE_DISTANCE_UNAVAILABLE,3,,,,
w352317981,Протягайловка,5.062,,23,,,OUTSIDE_DISTANCE_UNAVAILABLE,3,,,,
w352317982,Протягайловка,5.101,,23,,,OUTSIDE_DISTANCE_UNAVAILABLE,3,,,,
w352317983,Протягайловка,5.121,,23,,,OUTSIDE_DISTANCE_UNAVAILABLE,3,,,,
w352317984,Протягайловка,5.12,,23,,,OUTSIDE_DISTANCE_UNAVAILABLE,3,,,,
w352318002,Протягайловка,5.818,,26,,,OUTSIDE_DISTANCE_UNAVAILABLE,4,,,,
w352318003,Протягайловка,5.766,,26,,,OUTSIDE_DISTANCE_UNAVAILABLE,4,,,,
w352318007,Протягайловка,5.766,,26,,,OUTSIDE_DISTANCE_UNAVAILABLE,4,,,,
w352318377,Протягайловка,5.161,,23,,,OUTSIDE_DISTANCE_UNAVAILABLE,3,,,,
w352318379,Протягайловка,5.853,,26,,,OUTSIDE_DISTANCE_UNAVAILABLE,4,,,,
w352318380,Протягайловка,5.871,,26,,,OUTSIDE_DISTANCE_UNAVAILABLE,4,,,,
w352318381,Протягайловка,5.143,,23,,,OUTSIDE_DISTANCE_UNAVAILABLE,3,,,,
w352322795,Протягайловка,5.149,,23,,,OUTSIDE_DISTANCE_UNAVAILABLE,3,,,,
w352325330,Протягайловка,5.008,,23,,,OUTSIDE_DISTANCE_UNAVAILABLE,3,,,,
w352325333,Протягайловка,5.864,,26,,,OUTSIDE_DISTANCE_UNAVAILABLE,4,,,,
w352326112,Протягайловка,6.264,,28,,,OUTSIDE_DISTANCE_UNAVAILABLE,4,,,,
w352326113,Протягайловка,6.244,,27,,,OUTSIDE_DISTANCE_UNAVAILABLE,4,,,,
w352326114,Протягайловка,6.202,,27,,,OUTSIDE_DISTANCE_UNAVAILABLE,4,,,,
w352326115,Протягайловка,6.263,,28,,,OUTSIDE_DISTANCE_UNAVAILABLE,4,,,,
w352326116,Протягайловка,6.286,,28,,,OUTSIDE_DISTANCE_UNAVAILABLE,4,,,,
w352326117,Протягайловка,6.185,,27,,,OUTSIDE_DISTANCE_UNAVAILABLE,4,,,,
w352326118,Протягайловка,6.164,,27,,,OUTSIDE_DISTANCE_UNAVAILABLE,4,,,,
w352326119,Протягайловка,6.144,,27,,,OUTSIDE_DISTANCE_UNAVAILABLE,4,,,,
w352326120,Протягайловка,5.886,,26,,,OUTSIDE_DISTANCE_UNAVAILABLE,4,,,,
w352326121,Протягайловка,6.126,,27,,,OUTSIDE_DISTANCE_UNAVAILABLE,4,,,,
w352326122,Протягайловка,6.086,,27,,,OUTSIDE_DISTANCE_UNAVAILABLE,4,,,,
w352326123,Протягайловка,5.927,,26,,,OUTSIDE_DISTANCE_UNAVAILABLE,4,,,,
w352326124,Протягайловка,5.904,,26,,,OUTSIDE_DISTANCE_UNAVAILABLE,4,,,,
w352326939,Бендеры,6.066,0.0,27,0,27,CITY_OK,4,36.4,9.4,4.4,False
w352326941,Протягайловка,6.224,,27,,,OUTSIDE_DISTANCE_UNAVAILABLE,4,,,,
w352326942,Протягайловка,6.145,,27,,,OUTSIDE_DISTANCE_UNAVAILABLE,4,,,,
w352326945,Протягайловка,6.101,,27,,,OUTSIDE_DISTANCE_UNAVAILABLE,4,,,,
w352326946,Протягайловка,6.082,,27,,,OUTSIDE_DISTANCE_UNAVAILABLE,4,,,,
w352326947,Протягайловка,6.062,,27,,,OUTSIDE_DISTANCE_UNAVAILABLE,4,,,,
w352326949,Протягайловка,6.269,,28,,,OUTSIDE_DISTANCE_UNAVAILABLE,4,,,,
w352326950,Протягайловка,6.248,,27,,,OUTSIDE_DISTANCE_UNAVAILABLE,4,,,,
w352326951,Протягайловка,6.209,,27,,,OUTSIDE_DISTANCE_UNAVAILABLE,4,,,,
w352326952,Протягайловка,6.186,,27,,,OUTSIDE_DISTANCE_UNAVAILABLE,4,,,,
w352326955,Протягайловка,6.077,,27,,,OUTSIDE_DISTANCE_UNAVAILABLE,4,,,,
w352332816,Бендеры,4.793,0.0,22,0,22,CITY_OK,3,28.76,6.76,1.76,True
w352332818,Бендеры,4.332,0.0,20,0,20,CITY_OK,2,25.99,5.99,0.99,True
w352332819,Бендеры,4.349,0.0,20,0,20,CITY_OK,2,26.09,6.09,1.09,True
w352332820,Бендеры,4.301,0.0,20,0,20,CITY_OK,2,25.81,5.81,0.81,True
w352332826,Бендеры,4.323,0.0,20,0,20,CITY_OK,2,25.94,5.94,0.94,True
w352332827,Бендеры,4.341,0.0,20,0,20,CITY_OK,2,26.05,6.05,1.05,True
w352332833,Бендеры,4.446,0.0,20,0,20,CITY_OK,2,26.68,6.68,1.68,True
w352332834,Бендеры,4.463,0.0,20,0,20,CITY_OK,2,26.78,6.78,1.78,True
w352332836,Бендеры,4.517,0.0,21,0,21,CITY_OK,3,27.1,6.1,1.1,True
w352332837,Бендеры,4.54,0.0,21,0,21,CITY_OK,3,27.24,6.24,1.24,True
w352332839,Бендеры,4.561,0.0,21,0,21,CITY_OK,3,27.37,6.37,1.37,True
w352332840,Бендеры,4.49,0.0,20,0,20,CITY_OK,3,26.94,6.94,1.94,True
w352332841,Бендеры,4.548,0.0,21,0,21,CITY_OK,3,27.29,6.29,1.29,True
w352332842,Бендеры,4.51,0.0,21,0,21,CITY_OK,3,27.06,6.06,1.06,True
w352333655,Протягайловка,6.393,,28,,,OUTSIDE_DISTANCE_UNAVAILABLE,4,,,,
w352333662,Протягайловка,6.409,,28,,,OUTSIDE_DISTANCE_UNAVAILABLE,4,,,,
w352333663,Протягайловка,6.423,,28,,,OUTSIDE_DISTANCE_UNAVAILABLE,4,,,,
w352333664,Протягайловка,6.439,,28,,,OUTSIDE_DISTANCE_UNAVAILABLE,4,,,,
w352333670,Протягайловка,6.456,,28,,,OUTSIDE_DISTANCE_UNAVAILABLE,4,,,,
w352333671,Протягайловка,6.469,,28,,,OUTSIDE_DISTANCE_UNAVAILABLE,4,,,,
w352334980,Протягайловка,6.751,,30,,,OUTSIDE_DISTANCE_UNAVAILABLE,4,,,,
w352334981,Протягайловка,6.866,,30,,,OUTSIDE_DISTANCE_UNAVAILABLE,4,,,,
w352334985,Протягайловка,6.736,,29,,,OUTSIDE_DISTANCE_UNAVAILABLE,4,,,,
w352334988,Протягайловка,6.803,,30,,,OUTSIDE_DISTANCE_UNAVAILABLE,4,,,,
w352334990,Протягайловка,6.803,,30,,,OUTSIDE_DISTANCE_UNAVAILABLE,4,,,,
w352339715,Протягайловка,6.466,,28,,,OUTSIDE_DISTANCE_UNAVAILABLE,4,,,,
w352339716,Протягайловка,6.48,,28,,,OUTSIDE_DISTANCE_UNAVAILABLE,4,,,,
w352339720,Протягайловка,6.527,,29,,,OUTSIDE_DISTANCE_UNAVAILABLE,4,,,,
w352339722,Протягайловка,6.595,,29,,,OUTSIDE_DISTANCE_UNAVAILABLE,4,,,,
w352341358,Протягайловка,6.543,,29,,,OUTSIDE_DISTANCE_UNAVAILABLE,4,,,,
w352341360,Протягайловка,6.577,,29,,,OUTSIDE_DISTANCE_UNAVAILABLE,4,,,,
w352341364,Протягайловка,6.792,,30,,,OUTSIDE_DISTANCE_UNAVAILABLE,4,,,,
w352341366,Протягайловка,6.763,,30,,,OUTSIDE_DISTANCE_UNAVAILABLE,4,,,,
w352341370,Протягайловка,6.691,,29,,,OUTSIDE_DISTANCE_UNAVAILABLE,4,,,,
w352342445,Протягайловка,6.618,,29,,,OUTSIDE_DISTANCE_UNAVAILABLE,4,,,,
w352342451,Протягайловка,6.558,,29,,,OUTSIDE_DISTANCE_UNAVAILABLE,4,,,,
w352346364,Протягайловка,6.492,,28,,,OUTSIDE_DISTANCE_UNAVAILABLE,4,,,,
w352346366,Протягайловка,6.512,,29,,,OUTSIDE_DISTANCE_UNAVAILABLE,4,,,,
w352346370,Протягайловка,6.533,,29,,,OUTSIDE_DISTANCE_UNAVAILABLE,4,,,,
w352346372,Протягайловка,6.575,,29,,,OUTSIDE_DISTANCE_UNAVAILABLE,4,,,,
w352346375,Протягайловка,6.767,,30,,,OUTSIDE_DISTANCE_UNAVAILABLE,4,,,,
w352346383,Протягайловка,6.602,,29,,,OUTSIDE_DISTANCE_UNAVAILABLE,4,,,,
w352346384,Протягайловка,6.623,,29,,,OUTSIDE_DISTANCE_UNAVAILABLE,4,,,,
w352346386,Протягайловка,6.685,,29,,,OUTSIDE_DISTANCE_UNAVAILABLE,4,,,,
w352346388,Протягайловка,6.731,,29,,,OUTSIDE_DISTANCE_UNAVAILABLE,4,,,,
w352346396,Протягайловка,6.84,,30,,,OUTSIDE_DISTANCE_UNAVAILABLE,4,,,,
w352347156,Протягайловка,6.787,,30,,,OUTSIDE_DISTANCE_UNAVAILABLE,4,,,,
w352347160,Протягайловка,6.809,,30,,,OUTSIDE_DISTANCE_UNAVAILABLE,4,,,,
w352347162,Протягайловка,6.831,,30,,,OUTSIDE_DISTANCE_UNAVAILABLE,4,,,,
w352348451,Протягайловка,6.613,,29,,,OUTSIDE_DISTANCE_UNAVAILABLE,4,,,,
w352348453,Протягайловка,6.69,,29,,,OUTSIDE_DISTANCE_UNAVAILABLE,4,,,,
w352348455,Протягайловка,6.702,,29,,,OUTSIDE_DISTANCE_UNAVAILABLE,4,,,,
w352357662,Бендеры,1.152,0.0,14,0,14,CITY_OK,1,18.0,4.0,-1.0,False
w352365954,Бендеры,4.805,0.0,22,0,22,CITY_OK,3,28.83,6.83,1.83,True
w352365957,Бендеры,4.777,0.0,22,0,22,CITY_OK,3,28.66,6.66,1.66,True
w352366732,Протягайловка,5.899,,26,,,OUTSIDE_DISTANCE_UNAVAILABLE,4,,,,
w352464254,Бендеры,3.137,0.0,15,0,15,CITY_OK,2,18.82,3.82,-1.18,False
w352464255,Бендеры,3.09,0.0,15,0,15,CITY_OK,2,18.54,3.54,-1.46,False
w352464257,Бендеры,3.133,0.0,15,0,15,CITY_OK,2,18.8,3.8,-1.2,False
w352464258,Бендеры,3.088,0.0,15,0,15,CITY_OK,2,18.53,3.53,-1.47,False
w352464259,Бендеры,3.066,0.0,15,0,15,CITY_OK,2,18.4,3.4,-1.6,False
w352464260,Бендеры,3.047,0.0,15,0,15,CITY_OK,2,18.28,3.28,-1.72,False
w352464261,Бендеры,3.02,0.0,15,0,15,CITY_OK,2,18.12,3.12,-1.88,False
w352464262,Бендеры,3.046,0.0,15,0,15,CITY_OK,2,18.28,3.28,-1.72,False
w352468381,Бендеры,3.159,0.0,15,0,15,CITY_OK,2,18.95,3.95,-1.05,False
w352468384,Бендеры,3.175,0.0,15,0,15,CITY_OK,2,19.05,4.05,-0.95,False
w352468386,Бендеры,3.045,0.0,15,0,15,CITY_OK,2,18.27,3.27,-1.73,False
w352468392,Бендеры,3.241,0.0,15,0,15,CITY_OK,2,19.45,4.45,-0.55,False
w352468394,Бендеры,3.2,0.0,15,0,15,CITY_OK,2,19.2,4.2,-0.8,False
w352468396,Бендеры,3.22,0.0,15,0,15,CITY_OK,2,19.32,4.32,-0.68,False
w352468398,Бендеры,3.189,0.0,15,0,15,CITY_OK,2,19.13,4.13,-0.87,False
w352468400,Бендеры,3.204,0.0,15,0,15,CITY_OK,2,19.22,4.22,-0.78,False
w352468401,Бендеры,3.313,0.0,16,0,16,CITY_OK,2,19.88,3.88,-1.12,False
w352468405,Бендеры,3.327,0.0,16,0,16,CITY_OK,2,19.96,3.96,-1.04,False
w352468407,Бендеры,3.056,0.0,15,0,15,CITY_OK,2,18.34,3.34,-1.66,False
w352468410,Бендеры,3.086,0.0,15,0,15,CITY_OK,2,18.52,3.52,-1.48,False
w352468412,Бендеры,3.195,0.0,15,0,15,CITY_OK,2,19.17,4.17,-0.83,False
w352468414,Бендеры,3.1,0.0,15,0,15,CITY_OK,2,18.6,3.6,-1.4,False
w352469699,Бендеры,3.201,0.0,15,0,15,CITY_OK,2,19.21,4.21,-0.79,False
w352469700,Бендеры,3.198,0.0,15,0,15,CITY_OK,2,19.19,4.19,-0.81,False
w352469701,Бендеры,3.222,0.0,15,0,15,CITY_OK,2,19.33,4.33,-0.67,False
w352469702,Бендеры,3.238,0.0,15,0,15,CITY_OK,2,19.43,4.43,-0.57,False
w352469704,Бендеры,3.212,0.0,15,0,15,CITY_OK,2,19.27,4.27,-0.73,False
w352469710,Бендеры,3.312,0.0,16,0,16,CITY_OK,2,19.87,3.87,-1.13,False
w352469712,Бендеры,3.311,0.0,16,0,16,CITY_OK,2,19.87,3.87,-1.13,False
w352469714,Бендеры,3.489,0.0,16,0,16,CITY_OK,2,20.93,4.93,-0.07,False
w352469716,Бендеры,3.502,0.0,17,0,17,CITY_OK,2,21.01,4.01,-0.99,False
w352469717,Бендеры,3.324,0.0,16,0,16,CITY_OK,2,19.94,3.94,-1.06,False
w352469718,Бендеры,3.346,0.0,16,0,16,CITY_OK,2,20.08,4.08,-0.92,False
w352469720,Бендеры,3.45,0.0,16,0,16,CITY_OK,2,20.7,4.7,-0.3,False
w352469721,Бендеры,3.451,0.0,16,0,16,CITY_OK,2,20.71,4.71,-0.29,False
w352470459,Бендеры,3.563,0.0,17,0,17,CITY_OK,2,21.38,4.38,-0.62,False
w352470465,Бендеры,3.721,0.0,17,0,17,CITY_OK,2,22.33,5.33,0.33,True
w352470466,Бендеры,3.747,0.0,17,0,17,CITY_OK,2,22.48,5.48,0.48,True
w352470471,Бендеры,3.696,0.0,17,0,17,CITY_OK,2,22.18,5.18,0.18,True
w352470475,Бендеры,3.534,0.0,17,0,17,CITY_OK,2,21.2,4.2,-0.8,False
w352470477,Бендеры,3.55,0.0,17,0,17,CITY_OK,2,21.3,4.3,-0.7,False
w352470478,Бендеры,3.565,0.0,17,0,17,CITY_OK,2,21.39,4.39,-0.61,False
w352470488,Бендеры,3.643,0.0,17,0,17,CITY_OK,2,21.86,4.86,-0.14,False
w352470802,Бендеры,3.82,0.0,18,0,18,CITY_OK,2,22.92,4.92,-0.08,False
w352470806,Бендеры,3.838,0.0,18,0,18,CITY_OK,2,23.03,5.03,0.03,True
w352470809,Бендеры,3.85,0.0,18,0,18,CITY_OK,2,23.1,5.1,0.1,True
w352470810,Бендеры,3.862,0.0,18,0,18,CITY_OK,2,23.17,5.17,0.17,True
w352470814,Бендеры,3.887,0.0,18,0,18,CITY_OK,2,23.32,5.32,0.32,True
w352493645,Бендеры,0.937,0.0,14,0,14,CITY_OK,1,18.0,4.0,-1.0,False
w352628941,Протягайловка,5.88,,26,,,OUTSIDE_DISTANCE_UNAVAILABLE,4,,,,
w352630226,Протягайловка,5.927,,26,,,OUTSIDE_DISTANCE_UNAVAILABLE,4,,,,
w352630227,Протягайловка,5.908,,26,,,OUTSIDE_DISTANCE_UNAVAILABLE,4,,,,
w352630240,Протягайловка,5.719,,25,,,OUTSIDE_DISTANCE_UNAVAILABLE,3,,,,
w352631872,Протягайловка,5.264,,24,,,OUTSIDE_DISTANCE_UNAVAILABLE,3,,,,
w352633543,Протягайловка,6.136,,27,,,OUTSIDE_DISTANCE_UNAVAILABLE,4,,,,
w352633545,Протягайловка,6.087,,27,,,OUTSIDE_DISTANCE_UNAVAILABLE,4,,,,
w352633546,Протягайловка,6.01,,27,,,OUTSIDE_DISTANCE_UNAVAILABLE,4,,,,
w352633549,Протягайловка,6.055,,27,,,OUTSIDE_DISTANCE_UNAVAILABLE,4,,,,
w352633550,Протягайловка,6.071,,27,,,OUTSIDE_DISTANCE_UNAVAILABLE,4,,,,
w352667476,Бендеры,4.796,0.0,22,0,22,CITY_OK,3,28.78,6.78,1.78,True
w352667478,Бендеры,4.818,0.0,22,0,22,CITY_OK,3,28.91,6.91,1.91,True
w352667484,Бендеры,4.709,0.0,21,0,21,CITY_OK,3,28.25,7.25,2.25,True
w352667485,Бендеры,4.729,0.0,21,0,21,CITY_OK,3,28.37,7.37,2.37,False
w352667487,Бендеры,4.741,0.0,21,0,21,CITY_OK,3,28.45,7.45,2.45,False
w352667488,Бендеры,4.782,0.0,22,0,22,CITY_OK,3,28.69,6.69,1.69,True
w352667493,Бендеры,4.307,0.0,20,0,20,CITY_OK,2,25.84,5.84,0.84,True
w352667495,Бендеры,4.811,0.0,22,0,22,CITY_OK,3,28.87,6.87,1.87,True
w352667496,Бендеры,4.826,0.0,22,0,22,CITY_OK,3,28.96,6.96,1.96,True
w352667497,Бендеры,4.362,0.0,20,0,20,CITY_OK,2,26.17,6.17,1.17,True
w352668630,Бендеры,4.767,0.0,22,0,22,CITY_OK,3,28.6,6.6,1.6,True
w352668646,Бендеры,4.782,0.0,22,0,22,CITY_OK,3,28.69,6.69,1.69,True
w352668649,Бендеры,4.801,0.0,22,0,22,CITY_OK,3,28.81,6.81,1.81,True
w352668652,Бендеры,4.761,0.0,22,0,22,CITY_OK,3,28.57,6.57,1.57,True
w352668654,Бендеры,4.731,0.0,21,0,21,CITY_OK,3,28.39,7.39,2.39,False
w352669559,Бендеры,6.426,0.0,28,0,28,CITY_OK,4,38.56,10.56,5.56,False
w352679834,Бендеры,4.555,0.0,21,0,21,CITY_OK,3,27.33,6.33,1.33,True
w352679835,Бендеры,4.571,0.0,21,0,21,CITY_OK,3,27.43,6.43,1.43,True
w352679837,Бендеры,4.588,0.0,21,0,21,CITY_OK,3,27.53,6.53,1.53,True
w352679838,Бендеры,4.606,0.0,21,0,21,CITY_OK,3,27.64,6.64,1.64,True
w352679839,Бендеры,4.622,0.0,21,0,21,CITY_OK,3,27.73,6.73,1.73,True
w352679840,Бендеры,4.444,0.0,20,0,20,CITY_OK,3,26.66,6.66,1.66,True
w352679841,Бендеры,4.484,0.0,20,0,20,CITY_OK,3,26.9,6.9,1.9,True
w352680191,Протягайловка,6.194,,27,,,OUTSIDE_DISTANCE_UNAVAILABLE,4,,,,
w352680192,Протягайловка,6.61,,29,,,OUTSIDE_DISTANCE_UNAVAILABLE,4,,,,
w352680270,Протягайловка,6.693,,29,,,OUTSIDE_DISTANCE_UNAVAILABLE,4,,,,
w352680272,Протягайловка,6.711,,29,,,OUTSIDE_DISTANCE_UNAVAILABLE,4,,,,
w352680274,Протягайловка,6.705,,29,,,OUTSIDE_DISTANCE_UNAVAILABLE,4,,,,
w352685623,Бендеры,1.505,0.0,14,0,14,CITY_OK,1,18.0,4.0,-1.0,False
w352687110,Бендеры,0.809,0.0,14,0,14,CITY_OK,1,18.0,4.0,-1.0,False
w352687111,Бендеры,0.827,0.0,14,0,14,CITY_OK,1,18.0,4.0,-1.0,False
w352689080,Бендеры,0.771,0.0,14,0,14,CITY_OK,1,18.0,4.0,-1.0,False
w352736528,Протягайловка,6.22,,27,,,OUTSIDE_DISTANCE_UNAVAILABLE,4,,,,
w352736530,Протягайловка,6.275,,28,,,OUTSIDE_DISTANCE_UNAVAILABLE,4,,,,
w352736531,Протягайловка,6.253,,28,,,OUTSIDE_DISTANCE_UNAVAILABLE,4,,,,
w352736532,Протягайловка,6.242,,27,,,OUTSIDE_DISTANCE_UNAVAILABLE,4,,,,
w352737016,Бендеры,4.492,0.0,20,0,20,CITY_OK,3,26.95,6.95,1.95,True
w352737019,Бендеры,4.51,0.0,21,0,21,CITY_OK,3,27.06,6.06,1.06,True
w352737020,Бендеры,4.54,0.0,21,0,21,CITY_OK,3,27.24,6.24,1.24,True
w352737022,Бендеры,4.557,0.0,21,0,21,CITY_OK,3,27.34,6.34,1.34,True
w352750136,Бендеры,4.693,0.0,21,0,21,CITY_OK,3,28.16,7.16,2.16,True
w352767283,Бендеры,0.593,0.0,14,0,14,CITY_OK,1,18.0,4.0,-1.0,False
w352769456,Бендеры,0.815,0.0,14,0,14,CITY_OK,1,18.0,4.0,-1.0,False
w352773550,Бендеры,0.795,0.0,14,0,14,CITY_OK,1,18.0,4.0,-1.0,False
w352775340,Бендеры,1.066,0.0,14,0,14,CITY_OK,1,18.0,4.0,-1.0,False
w352787255,Бендеры,4.638,0.0,21,0,21,CITY_OK,3,27.83,6.83,1.83,True
w352787256,Бендеры,4.656,0.0,21,0,21,CITY_OK,3,27.94,6.94,1.94,True
w353042920,Протягайловка,6.138,,27,,,OUTSIDE_DISTANCE_UNAVAILABLE,4,,,,
w353042921,Протягайловка,6.138,,27,,,OUTSIDE_DISTANCE_UNAVAILABLE,4,,,,
w353042924,Протягайловка,5.155,,23,,,OUTSIDE_DISTANCE_UNAVAILABLE,3,,,,
w353042925,Протягайловка,5.141,,23,,,OUTSIDE_DISTANCE_UNAVAILABLE,3,,,,
w353042927,Протягайловка,5.122,,23,,,OUTSIDE_DISTANCE_UNAVAILABLE,3,,,,
w353042928,Протягайловка,5.106,,23,,,OUTSIDE_DISTANCE_UNAVAILABLE,3,,,,
w353043455,Протягайловка,6.318,,28,,,OUTSIDE_DISTANCE_UNAVAILABLE,4,,,,
w353043457,Протягайловка,6.333,,28,,,OUTSIDE_DISTANCE_UNAVAILABLE,4,,,,
w353044310,Протягайловка,4.484,,20,,,OUTSIDE_DISTANCE_UNAVAILABLE,3,,,,
w353044311,Бендеры,4.425,0.0,20,0,20,CITY_OK,3,26.55,6.55,1.55,True
w353044312,Бендеры,4.402,0.0,20,0,20,CITY_OK,3,26.41,6.41,1.41,True
w353044313,Бендеры,4.377,0.0,20,0,20,CITY_OK,3,26.26,6.26,1.26,True
w353044314,Бендеры,4.354,0.0,20,0,20,CITY_OK,3,26.12,6.12,1.12,True
w353044316,Бендеры,4.703,0.0,21,0,21,CITY_OK,3,28.22,7.22,2.22,True
w353044457,Бендеры,3.655,0.0,17,0,17,CITY_OK,2,21.93,4.93,-0.07,False
w353046234,Протягайловка,6.252,,28,,,OUTSIDE_DISTANCE_UNAVAILABLE,4,,,,
w353046235,Протягайловка,6.173,,27,,,OUTSIDE_DISTANCE_UNAVAILABLE,4,,,,
w353046237,Протягайловка,6.181,,27,,,OUTSIDE_DISTANCE_UNAVAILABLE,4,,,,
w353046241,Протягайловка,5.119,,23,,,OUTSIDE_DISTANCE_UNAVAILABLE,3,,,,
w353054609,Протягайловка,5.092,,23,,,OUTSIDE_DISTANCE_UNAVAILABLE,3,,,,
w353054733,Протягайловка,6.25,,27,,,OUTSIDE_DISTANCE_UNAVAILABLE,4,,,,
w353054734,Протягайловка,6.275,,28,,,OUTSIDE_DISTANCE_UNAVAILABLE,4,,,,
w353143172,Протягайловка,6.293,,28,,,OUTSIDE_DISTANCE_UNAVAILABLE,4,,,,
w353143173,Протягайловка,6.31,,28,,,OUTSIDE_DISTANCE_UNAVAILABLE,4,,,,
w353143544,Протягайловка,6.34,,28,,,OUTSIDE_DISTANCE_UNAVAILABLE,4,,,,
w353143627,Протягайловка,6.34,,28,,,OUTSIDE_DISTANCE_UNAVAILABLE,4,,,,
w353143628,Протягайловка,6.409,,28,,,OUTSIDE_DISTANCE_UNAVAILABLE,4,,,,
w353258566,Протягайловка,6.205,,27,,,OUTSIDE_DISTANCE_UNAVAILABLE,4,,,,
w353258939,Протягайловка,6.335,,28,,,OUTSIDE_DISTANCE_UNAVAILABLE,4,,,,
w353258949,Протягайловка,6.375,,28,,,OUTSIDE_DISTANCE_UNAVAILABLE,4,,,,
w353258951,Протягайловка,6.401,,28,,,OUTSIDE_DISTANCE_UNAVAILABLE,4,,,,
w353259234,Протягайловка,6.91,,30,,,OUTSIDE_DISTANCE_UNAVAILABLE,4,,,,
w353259236,Протягайловка,6.865,,30,,,OUTSIDE_DISTANCE_UNAVAILABLE,4,,,,
w353259629,Протягайловка,6.899,,30,,,OUTSIDE_DISTANCE_UNAVAILABLE,4,,,,
w353259631,Протягайловка,6.927,,30,,,OUTSIDE_DISTANCE_UNAVAILABLE,4,,,,
w353388713,Гиска,3.923,,18,,,OUTSIDE_DISTANCE_UNAVAILABLE,3,,,,
w353388714,Гиска,3.983,,18,,,OUTSIDE_DISTANCE_UNAVAILABLE,2,,,,
w353388716,Гиска,3.959,,18,,,OUTSIDE_DISTANCE_UNAVAILABLE,2,,,,
w353389124,Гиска,4.094,,19,,,OUTSIDE_DISTANCE_UNAVAILABLE,3,,,,
w353389125,Гиска,4.056,,19,,,OUTSIDE_DISTANCE_UNAVAILABLE,3,,,,
w353389129,Гиска,4.037,,19,,,OUTSIDE_DISTANCE_UNAVAILABLE,3,,,,
w353389130,Гиска,4.023,,19,,,OUTSIDE_DISTANCE_UNAVAILABLE,3,,,,
w353389132,Гиска,3.99,,18,,,OUTSIDE_DISTANCE_UNAVAILABLE,3,,,,
w353389133,Гиска,4.113,,19,,,OUTSIDE_DISTANCE_UNAVAILABLE,3,,,,
w353389135,Гиска,4.135,,19,,,OUTSIDE_DISTANCE_UNAVAILABLE,3,,,,
w353389137,Гиска,4.128,,19,,,OUTSIDE_DISTANCE_UNAVAILABLE,3,,,,
w353389138,Гиска,4.163,,19,,,OUTSIDE_DISTANCE_UNAVAILABLE,3,,,,
w353389139,Гиска,4.196,,19,,,OUTSIDE_DISTANCE_UNAVAILABLE,3,,,,
w353389140,Гиска,4.161,,19,,,OUTSIDE_DISTANCE_UNAVAILABLE,3,,,,
w353389389,Гиска,4.176,,19,,,OUTSIDE_DISTANCE_UNAVAILABLE,3,,,,
w353389392,Гиска,4.193,,19,,,OUTSIDE_DISTANCE_UNAVAILABLE,3,,,,
w353389393,Гиска,4.212,,19,,,OUTSIDE_DISTANCE_UNAVAILABLE,3,,,,
w353389394,Гиска,4.235,,19,,,OUTSIDE_DISTANCE_UNAVAILABLE,3,,,,
w353389395,Гиска,4.236,,19,,,OUTSIDE_DISTANCE_UNAVAILABLE,3,,,,
w353389396,Гиска,4.252,,20,,,OUTSIDE_DISTANCE_UNAVAILABLE,3,,,,
w353389398,Гиска,4.273,,20,,,OUTSIDE_DISTANCE_UNAVAILABLE,3,,,,
w353389400,Гиска,4.385,,20,,,OUTSIDE_DISTANCE_UNAVAILABLE,3,,,,
w353389401,Гиска,4.369,,20,,,OUTSIDE_DISTANCE_UNAVAILABLE,3,,,,
w353609864,Гиска,4.328,,20,,,OUTSIDE_DISTANCE_UNAVAILABLE,3,,,,
w353609865,Гиска,4.293,,20,,,OUTSIDE_DISTANCE_UNAVAILABLE,3,,,,
w353609874,Гиска,4.278,,20,,,OUTSIDE_DISTANCE_UNAVAILABLE,3,,,,
w353610685,Гиска,4.452,,20,,,OUTSIDE_DISTANCE_UNAVAILABLE,3,,,,
w353610686,Гиска,4.397,,20,,,OUTSIDE_DISTANCE_UNAVAILABLE,3,,,,
w353610692,Гиска,4.324,,20,,,OUTSIDE_DISTANCE_UNAVAILABLE,3,,,,
w353610695,Гиска,4.305,,20,,,OUTSIDE_DISTANCE_UNAVAILABLE,3,,,,
w353610697,Гиска,4.26,,20,,,OUTSIDE_DISTANCE_UNAVAILABLE,3,,,,
w353610698,Гиска,4.245,,19,,,OUTSIDE_DISTANCE_UNAVAILABLE,3,,,,
w353610699,Гиска,4.258,,20,,,OUTSIDE_DISTANCE_UNAVAILABLE,3,,,,
w353610700,Гиска,4.279,,20,,,OUTSIDE_DISTANCE_UNAVAILABLE,3,,,,
w353610701,Гиска,4.239,,19,,,OUTSIDE_DISTANCE_UNAVAILABLE,3,,,,
w353610703,Гиска,4.227,,19,,,OUTSIDE_DISTANCE_UNAVAILABLE,3,,,,
w353610704,Гиска,4.193,,19,,,OUTSIDE_DISTANCE_UNAVAILABLE,3,,,,
w353610706,Гиска,4.174,,19,,,OUTSIDE_DISTANCE_UNAVAILABLE,3,,,,
w353610708,Гиска,4.12,,19,,,OUTSIDE_DISTANCE_UNAVAILABLE,3,,,,
w353610709,Гиска,4.096,,19,,,OUTSIDE_DISTANCE_UNAVAILABLE,3,,,,
w353610710,Гиска,4.2,,19,,,OUTSIDE_DISTANCE_UNAVAILABLE,3,,,,
w353610790,Гиска,4.164,,19,,,OUTSIDE_DISTANCE_UNAVAILABLE,3,,,,
w353610793,Гиска,4.405,,20,,,OUTSIDE_DISTANCE_UNAVAILABLE,3,,,,
w353610911,Гиска,4.424,,20,,,OUTSIDE_DISTANCE_UNAVAILABLE,3,,,,
w353610913,Гиска,4.444,,20,,,OUTSIDE_DISTANCE_UNAVAILABLE,3,,,,
w353610914,Гиска,4.46,,20,,,OUTSIDE_DISTANCE_UNAVAILABLE,3,,,,
w353619643,Гиска,4.474,,20,,,OUTSIDE_DISTANCE_UNAVAILABLE,3,,,,
w353619644,Гиска,4.499,,20,,,OUTSIDE_DISTANCE_UNAVAILABLE,3,,,,
w353619647,Гиска,4.215,,19,,,OUTSIDE_DISTANCE_UNAVAILABLE,3,,,,
w353619648,Гиска,3.981,,18,,,OUTSIDE_DISTANCE_UNAVAILABLE,3,,,,
w353619657,Бендеры,3.026,0.0,15,0,15,CITY_OK,2,18.16,3.16,-1.84,False
w353619668,Бендеры,3.104,0.0,15,0,15,CITY_OK,2,18.62,3.62,-1.38,False
w353619672,Гиска,3.66,,17,,,OUTSIDE_DISTANCE_UNAVAILABLE,2,,,,
w353619679,Гиска,3.865,,18,,,OUTSIDE_DISTANCE_UNAVAILABLE,3,,,,
w353619682,Гиска,3.838,,18,,,OUTSIDE_DISTANCE_UNAVAILABLE,3,,,,
w353675534,Бендеры,0.435,0.0,14,0,14,CITY_OK,1,18.0,4.0,-1.0,False
w353817270,Гиска,3.66,,17,,,OUTSIDE_DISTANCE_UNAVAILABLE,2,,,,
w353817271,Гиска,3.686,,17,,,OUTSIDE_DISTANCE_UNAVAILABLE,2,,,,
w353817272,Гиска,3.708,,17,,,OUTSIDE_DISTANCE_UNAVAILABLE,2,,,,
w353817654,Гиска,3.857,,18,,,OUTSIDE_DISTANCE_UNAVAILABLE,3,,,,
w353817655,Гиска,3.906,,18,,,OUTSIDE_DISTANCE_UNAVAILABLE,3,,,,
w353818412,Гиска,3.73,,17,,,OUTSIDE_DISTANCE_UNAVAILABLE,2,,,,
w353818413,Гиска,3.718,,17,,,OUTSIDE_DISTANCE_UNAVAILABLE,2,,,,
w353818414,Гиска,3.743,,17,,,OUTSIDE_DISTANCE_UNAVAILABLE,2,,,,
w353818415,Гиска,3.753,,18,,,OUTSIDE_DISTANCE_UNAVAILABLE,3,,,,
w353818416,Гиска,3.768,,18,,,OUTSIDE_DISTANCE_UNAVAILABLE,3,,,,
w353818418,Гиска,3.816,,18,,,OUTSIDE_DISTANCE_UNAVAILABLE,3,,,,
w353818442,Гиска,3.948,,18,,,OUTSIDE_DISTANCE_UNAVAILABLE,3,,,,
w353818443,Гиска,3.953,,18,,,OUTSIDE_DISTANCE_UNAVAILABLE,3,,,,
w353818444,Гиска,3.93,,18,,,OUTSIDE_DISTANCE_UNAVAILABLE,3,,,,
w353822503,Гиска,3.851,,18,,,OUTSIDE_DISTANCE_UNAVAILABLE,3,,,,
w353822507,Гиска,3.873,,18,,,OUTSIDE_DISTANCE_UNAVAILABLE,3,,,,
w353822508,Гиска,3.785,,18,,,OUTSIDE_DISTANCE_UNAVAILABLE,3,,,,
w353822606,Гиска,3.846,,18,,,OUTSIDE_DISTANCE_UNAVAILABLE,3,,,,
w353824488,Гиска,3.862,,18,,,OUTSIDE_DISTANCE_UNAVAILABLE,3,,,,
w353825064,Гиска,3.877,,18,,,OUTSIDE_DISTANCE_UNAVAILABLE,3,,,,
w353825065,Гиска,3.891,,18,,,OUTSIDE_DISTANCE_UNAVAILABLE,3,,,,
w353825066,Бендеры,3.905,0.0,18,0,18,CITY_OK,3,23.43,5.43,0.43,True
w353825068,Бендеры,3.941,0.0,18,0,18,CITY_OK,3,23.65,5.65,0.65,True
w353974255,Бендеры,4.459,0.0,20,0,20,CITY_OK,3,26.75,6.75,1.75,True
w353974419,Бендеры,4.506,0.0,21,0,21,CITY_OK,3,27.04,6.04,1.04,True
w353975790,Бендеры,4.402,0.0,20,0,20,CITY_OK,3,26.41,6.41,1.41,True
w353978195,Бендеры,4.381,0.0,20,0,20,CITY_OK,3,26.29,6.29,1.29,True
w354300756,Бендеры,2.972,0.0,14,0,14,CITY_OK,2,18.0,4.0,-1.0,False
w354300757,Бендеры,3.098,0.0,15,0,15,CITY_OK,2,18.59,3.59,-1.41,False
w354300758,Бендеры,3.005,0.0,15,0,15,CITY_OK,2,18.03,3.03,-1.97,False
w354300759,Бендеры,2.988,0.0,14,0,14,CITY_OK,2,18.0,4.0,-1.0,False
w354300761,Бендеры,3.529,0.0,17,0,17,CITY_OK,2,21.17,4.17,-0.83,False
w354300762,Бендеры,3.037,0.0,15,0,15,CITY_OK,2,18.22,3.22,-1.78,False
w354300763,Бендеры,2.975,0.0,14,0,14,CITY_OK,2,18.0,4.0,-1.0,False
w354300764,Бендеры,2.887,0.0,14,0,14,CITY_OK,2,18.0,4.0,-1.0,False
w354626503,Бендеры,2.954,0.0,14,0,14,CITY_OK,2,18.0,4.0,-1.0,False
w354626504,Бендеры,2.858,0.0,14,0,14,CITY_OK,2,18.0,4.0,-1.0,False
w354626913,Бендеры,2.78,0.0,14,0,14,CITY_OK,2,18.0,4.0,-1.0,False
w354630979,Бендеры,4.286,0.0,20,0,20,CITY_OK,3,25.72,5.72,0.72,True
w354632079,Бендеры,4.262,0.0,20,0,20,CITY_OK,3,25.57,5.57,0.57,True
w354632082,Бендеры,3.884,0.0,18,0,18,CITY_OK,2,23.3,5.3,0.3,True
w354639222,Бендеры,1.482,0.0,14,0,14,CITY_OK,1,18.0,4.0,-1.0,False
w354639224,Бендеры,1.671,0.0,14,0,14,CITY_OK,1,18.0,4.0,-1.0,False
w354639226,Бендеры,1.683,0.0,14,0,14,CITY_OK,1,18.0,4.0,-1.0,False
w355035116,Бендеры,0.769,0.0,14,0,14,CITY_OK,1,18.0,4.0,-1.0,False
w355036589,Бендеры,1.026,0.0,14,0,14,CITY_OK,1,18.0,4.0,-1.0,False
w355036590,Бендеры,1.026,0.0,14,0,14,CITY_OK,1,18.0,4.0,-1.0,False
w355036591,Бендеры,1.194,0.0,14,0,14,CITY_OK,1,18.0,4.0,-1.0,False
w355037969,Бендеры,0.795,0.0,14,0,14,CITY_OK,1,18.0,4.0,-1.0,False
w355037970,Бендеры,0.861,0.0,14,0,14,CITY_OK,1,18.0,4.0,-1.0,False
w356957296,Протягайловка,6.961,,30,,,OUTSIDE_DISTANCE_UNAVAILABLE,4,,,,
w356960994,Бендеры,4.556,0.0,21,0,21,CITY_OK,3,27.34,6.34,1.34,True
w356960996,Бендеры,4.465,0.0,20,0,20,CITY_OK,3,26.79,6.79,1.79,True
w356960998,Бендеры,4.522,0.0,21,0,21,CITY_OK,3,27.13,6.13,1.13,True
w356960999,Бендеры,4.492,0.0,20,0,20,CITY_OK,3,26.95,6.95,1.95,True
w356961001,Бендеры,4.468,0.0,20,0,20,CITY_OK,3,26.81,6.81,1.81,True
w356961005,Бендеры,4.4,0.0,20,0,20,CITY_OK,3,26.4,6.4,1.4,True
w361002547,Протягайловка,6.742,,29,,,OUTSIDE_DISTANCE_UNAVAILABLE,4,,,,
w361002549,Протягайловка,6.731,,29,,,OUTSIDE_DISTANCE_UNAVAILABLE,4,,,,
w367552888,Протягайловка,6.783,,30,,,OUTSIDE_DISTANCE_UNAVAILABLE,4,,,,
w367552889,Протягайловка,6.762,,30,,,OUTSIDE_DISTANCE_UNAVAILABLE,4,,,,
w367553678,Гиска,4.137,,19,,,OUTSIDE_DISTANCE_UNAVAILABLE,3,,,,
w367553679,Гиска,4.128,,19,,,OUTSIDE_DISTANCE_UNAVAILABLE,3,,,,
w367553681,Гиска,4.118,,19,,,OUTSIDE_DISTANCE_UNAVAILABLE,3,,,,
w367553682,Гиска,4.079,,19,,,OUTSIDE_DISTANCE_UNAVAILABLE,3,,,,
w367553685,Гиска,3.895,,18,,,OUTSIDE_DISTANCE_UNAVAILABLE,3,,,,
w367553906,Гиска,4.078,,19,,,OUTSIDE_DISTANCE_UNAVAILABLE,3,,,,
w367553908,Гиска,4.02,,19,,,OUTSIDE_DISTANCE_UNAVAILABLE,3,,,,
w373899387,Бендеры,6.393,0.0,28,0,28,CITY_OK,4,38.36,10.36,5.36,False
w398944550,Бендеры,2.316,0.0,14,0,14,CITY_OK,2,18.0,4.0,-1.0,False
w399048809,Бендеры,3.676,0.0,17,0,17,CITY_OK,2,22.06,5.06,0.06,True
w399048810,Бендеры,3.928,0.0,18,0,18,CITY_OK,2,23.57,5.57,0.57,True
w399048811,Бендеры,3.426,0.0,16,0,16,CITY_OK,2,20.56,4.56,-0.44,False
w399048812,Бендеры,3.385,0.0,16,0,16,CITY_OK,2,20.31,4.31,-0.69,False
w399048815,Бендеры,3.816,0.0,18,0,18,CITY_OK,2,22.9,4.9,-0.1,False
w399048967,Бендеры,4.131,0.0,19,0,19,CITY_OK,2,24.79,5.79,0.79,True
w399048969,Бендеры,4.094,0.0,19,0,19,CITY_OK,2,24.56,5.56,0.56,True
w399048970,Бендеры,3.691,0.0,17,0,17,CITY_OK,2,22.15,5.15,0.15,True
w399048971,Бендеры,3.702,0.0,17,0,17,CITY_OK,2,22.21,5.21,0.21,True
w399048972,Бендеры,3.728,0.0,17,0,17,CITY_OK,2,22.37,5.37,0.37,True
w399048973,Бендеры,3.814,0.0,18,0,18,CITY_OK,2,22.88,4.88,-0.12,False
w399052058,Бендеры,5.886,0.0,26,0,26,CITY_OK,3,35.32,9.32,4.32,False
w400824549,Бендеры,4.455,0.0,20,0,20,CITY_OK,3,26.73,6.73,1.73,True
w400824551,Бендеры,4.389,0.0,20,0,20,CITY_OK,3,26.33,6.33,1.33,True
w400824552,Бендеры,4.405,0.0,20,0,20,CITY_OK,3,26.43,6.43,1.43,True
w400824553,Бендеры,4.498,0.0,20,0,20,CITY_OK,3,26.99,6.99,1.99,True
w400824556,Бендеры,4.057,0.0,19,0,19,CITY_OK,3,24.34,5.34,0.34,True
w400824557,Гиска,4.034,,19,,,OUTSIDE_DISTANCE_UNAVAILABLE,3,,,,
w401161023,Протягайловка,6.804,,30,,,OUTSIDE_DISTANCE_UNAVAILABLE,4,,,,
w401161031,Протягайловка,5.95,,26,,,OUTSIDE_DISTANCE_UNAVAILABLE,4,,,,
w401161033,Протягайловка,6.436,,28,,,OUTSIDE_DISTANCE_UNAVAILABLE,4,,,,
w401161034,Протягайловка,6.461,,28,,,OUTSIDE_DISTANCE_UNAVAILABLE,4,,,,
w401161035,Протягайловка,6.485,,28,,,OUTSIDE_DISTANCE_UNAVAILABLE,4,,,,
w401161036,Протягайловка,6.435,,28,,,OUTSIDE_DISTANCE_UNAVAILABLE,4,,,,
w401161038,Протягайловка,6.46,,28,,,OUTSIDE_DISTANCE_UNAVAILABLE,4,,,,
w401161039,Протягайловка,6.488,,28,,,OUTSIDE_DISTANCE_UNAVAILABLE,4,,,,
w401161040,Протягайловка,6.364,,28,,,OUTSIDE_DISTANCE_UNAVAILABLE,4,,,,
w401161041,Протягайловка,6.388,,28,,,OUTSIDE_DISTANCE_UNAVAILABLE,4,,,,
w401161042,Протягайловка,6.414,,28,,,OUTSIDE_DISTANCE_UNAVAILABLE,4,,,,
w401161045,Протягайловка,6.409,,28,,,OUTSIDE_DISTANCE_UNAVAILABLE,4,,,,
w401161048,Протягайловка,6.431,,28,,,OUTSIDE_DISTANCE_UNAVAILABLE,4,,,,
w401165487,Гиска,7.083,,31,,,OUTSIDE_DISTANCE_UNAVAILABLE,4,,,,
w402777350,Гиска,4.05,,19,,,OUTSIDE_DISTANCE_UNAVAILABLE,3,,,,
w402777351,Гиска,4.063,,19,,,OUTSIDE_DISTANCE_UNAVAILABLE,3,,,,
w402777352,Гиска,4.098,,19,,,OUTSIDE_DISTANCE_UNAVAILABLE,3,,,,
w402777354,Гиска,4.113,,19,,,OUTSIDE_DISTANCE_UNAVAILABLE,3,,,,
w402777357,Гиска,4.446,,20,,,OUTSIDE_DISTANCE_UNAVAILABLE,3,,,,
w402777358,Гиска,4.462,,20,,,OUTSIDE_DISTANCE_UNAVAILABLE,3,,,,
w402777360,Гиска,4.479,,20,,,OUTSIDE_DISTANCE_UNAVAILABLE,3,,,,
w402777361,Гиска,4.495,,20,,,OUTSIDE_DISTANCE_UNAVAILABLE,3,,,,
w402951440,Бендеры,4.65,0.0,21,0,21,CITY_OK,3,27.9,6.9,1.9,True
w402951443,Бендеры,4.606,0.0,21,0,21,CITY_OK,3,27.64,6.64,1.64,True
w402951444,Бендеры,4.614,0.0,21,0,21,CITY_OK,3,27.68,6.68,1.68,True
w404680628,Бендеры,2.358,0.0,14,0,14,CITY_OK,2,18.0,4.0,-1.0,False
w404683586,Бендеры,1.178,0.0,14,0,14,CITY_OK,1,18.0,4.0,-1.0,False
w404683587,Бендеры,1.185,0.0,14,0,14,CITY_OK,1,18.0,4.0,-1.0,False
w404770742,Бендеры,4.17,0.0,19,0,19,CITY_OK,2,25.02,6.02,1.02,True
w404770743,Бендеры,4.182,0.0,19,0,19,CITY_OK,2,25.09,6.09,1.09,True
w404770744,Бендеры,4.199,0.0,19,0,19,CITY_OK,2,25.19,6.19,1.19,True
w404770745,Бендеры,4.227,0.0,19,0,19,CITY_OK,2,25.36,6.36,1.36,True
w404770746,Бендеры,4.224,0.0,19,0,19,CITY_OK,2,25.34,6.34,1.34,True
w404770747,Бендеры,4.216,0.0,19,0,19,CITY_OK,2,25.3,6.3,1.3,True
w404770748,Бендеры,4.262,0.0,20,0,20,CITY_OK,2,25.57,5.57,0.57,True
w404770749,Бендеры,4.222,0.0,19,0,19,CITY_OK,2,25.33,6.33,1.33,True
w404770750,Бендеры,4.22,0.0,19,0,19,CITY_OK,2,25.32,6.32,1.32,True
w404770751,Бендеры,4.742,0.0,21,0,21,CITY_OK,3,28.45,7.45,2.45,False
w404770752,Бендеры,4.816,0.0,22,0,22,CITY_OK,3,28.9,6.9,1.9,True
w404770759,Бендеры,4.038,0.0,19,0,19,CITY_OK,2,24.23,5.23,0.23,True
w404770760,Бендеры,4.597,0.0,21,0,21,CITY_OK,3,27.58,6.58,1.58,True
w404770762,Бендеры,3.806,0.0,18,0,18,CITY_OK,2,22.84,4.84,-0.16,False
w404770763,Бендеры,3.784,0.0,18,0,18,CITY_OK,2,22.7,4.7,-0.3,False
w404770764,Бендеры,3.764,0.0,18,0,18,CITY_OK,2,22.58,4.58,-0.42,False
w404770766,Бендеры,3.745,0.0,17,0,17,CITY_OK,2,22.47,5.47,0.47,True
w404770767,Бендеры,3.862,0.0,18,0,18,CITY_OK,2,23.17,5.17,0.17,True
w404771105,Бендеры,3.913,0.0,18,0,18,CITY_OK,2,23.48,5.48,0.48,True
w404771107,Бендеры,3.441,0.0,16,0,16,CITY_OK,2,20.65,4.65,-0.35,False
w404771108,Бендеры,3.454,0.0,16,0,16,CITY_OK,2,20.72,4.72,-0.28,False
w404771109,Бендеры,3.469,0.0,16,0,16,CITY_OK,2,20.81,4.81,-0.19,False
w404771112,Бендеры,3.526,0.0,17,0,17,CITY_OK,2,21.16,4.16,-0.84,False
w404771116,Бендеры,3.772,0.0,18,0,18,CITY_OK,2,22.63,4.63,-0.37,False
w404771117,Бендеры,3.534,0.0,17,0,17,CITY_OK,2,21.2,4.2,-0.8,False
w404772337,Бендеры,4.123,0.0,19,0,19,CITY_OK,2,24.74,5.74,0.74,True
w404772338,Бендеры,4.096,0.0,19,0,19,CITY_OK,2,24.58,5.58,0.58,True
w404772339,Бендеры,4.175,0.0,19,0,19,CITY_OK,2,25.05,6.05,1.05,True
w404772340,Бендеры,4.195,0.0,19,0,19,CITY_OK,2,25.17,6.17,1.17,True
w404772341,Бендеры,4.195,0.0,19,0,19,CITY_OK,2,25.17,6.17,1.17,True
w404772342,Бендеры,4.156,0.0,19,0,19,CITY_OK,2,24.94,5.94,0.94,True
w404772343,Бендеры,4.139,0.0,19,0,19,CITY_OK,2,24.83,5.83,0.83,True
w404772345,Бендеры,4.11,0.0,19,0,19,CITY_OK,2,24.66,5.66,0.66,True
w404772346,Бендеры,4.027,0.0,19,0,19,CITY_OK,2,24.16,5.16,0.16,True
w404772347,Бендеры,4.003,0.0,19,0,19,CITY_OK,2,24.02,5.02,0.02,True
w404772349,Бендеры,4.045,0.0,19,0,19,CITY_OK,2,24.27,5.27,0.27,True
w404772350,Бендеры,4.069,0.0,19,0,19,CITY_OK,2,24.41,5.41,0.41,True
w404772351,Бендеры,4.092,0.0,19,0,19,CITY_OK,2,24.55,5.55,0.55,True
w404772353,Бендеры,3.922,0.0,18,0,18,CITY_OK,2,23.53,5.53,0.53,True
w404772355,Бендеры,3.894,0.0,18,0,18,CITY_OK,2,23.36,5.36,0.36,True
w404772356,Бендеры,3.869,0.0,18,0,18,CITY_OK,2,23.21,5.21,0.21,True
w404772357,Бендеры,3.994,0.0,18,0,18,CITY_OK,2,23.96,5.96,0.96,True
w404772358,Бендеры,4.004,0.0,19,0,19,CITY_OK,2,24.02,5.02,0.02,True
w404772360,Бендеры,4.073,0.0,19,0,19,CITY_OK,2,24.44,5.44,0.44,True
w404772361,Бендеры,3.825,0.0,18,0,18,CITY_OK,2,22.95,4.95,-0.05,False
w404772363,Бендеры,3.803,0.0,18,0,18,CITY_OK,2,22.82,4.82,-0.18,False
w404772364,Бендеры,3.786,0.0,18,0,18,CITY_OK,2,22.72,4.72,-0.28,False
w404772365,Бендеры,3.767,0.0,18,0,18,CITY_OK,2,22.6,4.6,-0.4,False
w404774408,Бендеры,4.057,0.0,19,0,19,CITY_OK,2,24.34,5.34,0.34,True
w404774412,Бендеры,3.832,0.0,18,0,18,CITY_OK,2,22.99,4.99,-0.01,False
w404774413,Бендеры,3.813,0.0,18,0,18,CITY_OK,2,22.88,4.88,-0.12,False
w404774414,Бендеры,3.982,0.0,18,0,18,CITY_OK,2,23.89,5.89,0.89,True
w404774415,Бендеры,4.001,0.0,19,0,19,CITY_OK,2,24.01,5.01,0.01,True
w404774416,Бендеры,4.018,0.0,19,0,19,CITY_OK,2,24.11,5.11,0.11,True
w404774417,Бендеры,4.033,0.0,19,0,19,CITY_OK,2,24.2,5.2,0.2,True
w404774418,Бендеры,4.234,0.0,19,0,19,CITY_OK,2,25.4,6.4,1.4,True
w404774420,Бендеры,4.244,0.0,19,0,19,CITY_OK,2,25.46,6.46,1.46,True
w404774423,Бендеры,3.741,0.0,17,0,17,CITY_OK,2,22.45,5.45,0.45,True
w404774424,Бендеры,3.715,0.0,17,0,17,CITY_OK,2,22.29,5.29,0.29,True
w404774426,Бендеры,3.73,0.0,17,0,17,CITY_OK,2,22.38,5.38,0.38,True
w404774427,Бендеры,3.746,0.0,17,0,17,CITY_OK,2,22.48,5.48,0.48,True
w404774439,Бендеры,3.468,0.0,16,0,16,CITY_OK,2,20.81,4.81,-0.19,False
w404774440,Бендеры,3.456,0.0,16,0,16,CITY_OK,2,20.74,4.74,-0.26,False
w404774441,Бендеры,3.439,0.0,16,0,16,CITY_OK,2,20.63,4.63,-0.37,False
w404774442,Бендеры,3.418,0.0,16,0,16,CITY_OK,2,20.51,4.51,-0.49,False
w404776025,Бендеры,3.45,0.0,16,0,16,CITY_OK,2,20.7,4.7,-0.3,False
w404776027,Бендеры,3.491,0.0,16,0,16,CITY_OK,2,20.95,4.95,-0.05,False
w404776029,Бендеры,3.52,0.0,17,0,17,CITY_OK,2,21.12,4.12,-0.88,False
w404776033,Бендеры,3.451,0.0,16,0,16,CITY_OK,2,20.71,4.71,-0.29,False
w404776036,Бендеры,3.587,0.0,17,0,17,CITY_OK,2,21.52,4.52,-0.48,False
w404776039,Бендеры,3.705,0.0,17,0,17,CITY_OK,2,22.23,5.23,0.23,True
w404776040,Бендеры,4.215,0.0,19,0,19,CITY_OK,2,25.29,6.29,1.29,True
w404776041,Бендеры,4.215,0.0,19,0,19,CITY_OK,2,25.29,6.29,1.29,True
w404776044,Бендеры,4.067,0.0,19,0,19,CITY_OK,2,24.4,5.4,0.4,True
w404791979,Бендеры,3.748,0.0,17,0,17,CITY_OK,2,22.49,5.49,0.49,True
w404791980,Бендеры,3.778,0.0,18,0,18,CITY_OK,2,22.67,4.67,-0.33,False
w404791981,Бендеры,3.792,0.0,18,0,18,CITY_OK,2,22.75,4.75,-0.25,False
w404791982,Бендеры,3.828,0.0,18,0,18,CITY_OK,2,22.97,4.97,-0.03,False
w404791983,Бендеры,3.844,0.0,18,0,18,CITY_OK,2,23.06,5.06,0.06,True
w404791984,Бендеры,4.045,0.0,19,0,19,CITY_OK,2,24.27,5.27,0.27,True
w404791985,Бендеры,4.058,0.0,19,0,19,CITY_OK,2,24.35,5.35,0.35,True
w404797999,Бендеры,3.921,0.0,18,0,18,CITY_OK,2,23.53,5.53,0.53,True
w404798000,Бендеры,3.922,0.0,18,0,18,CITY_OK,2,23.53,5.53,0.53,True
w404798001,Бендеры,3.94,0.0,18,0,18,CITY_OK,2,23.64,5.64,0.64,True
w404798002,Бендеры,3.947,0.0,18,0,18,CITY_OK,2,23.68,5.68,0.68,True
w404798005,Бендеры,4.036,0.0,19,0,19,CITY_OK,2,24.22,5.22,0.22,True
w404798007,Бендеры,3.975,0.0,18,0,18,CITY_OK,2,23.85,5.85,0.85,True
w404798008,Бендеры,3.988,0.0,18,0,18,CITY_OK,2,23.93,5.93,0.93,True
w404798009,Бендеры,4.019,0.0,19,0,19,CITY_OK,2,24.11,5.11,0.11,True
w404798015,Бендеры,3.94,0.0,18,0,18,CITY_OK,2,23.64,5.64,0.64,True
w404798017,Бендеры,3.979,0.0,18,0,18,CITY_OK,2,23.87,5.87,0.87,True
w404798019,Бендеры,3.998,0.0,18,0,18,CITY_OK,2,23.99,5.99,0.99,True
w404798021,Бендеры,4.013,0.0,19,0,19,CITY_OK,2,24.08,5.08,0.08,True
w404798022,Бендеры,3.999,0.0,18,0,18,CITY_OK,2,23.99,5.99,0.99,True
w404798023,Бендеры,3.945,0.0,18,0,18,CITY_OK,2,23.67,5.67,0.67,True
w404798024,Бендеры,3.963,0.0,18,0,18,CITY_OK,2,23.78,5.78,0.78,True
w404798026,Бендеры,4.004,0.0,19,0,19,CITY_OK,2,24.02,5.02,0.02,True
w404798027,Бендеры,3.907,0.0,18,0,18,CITY_OK,2,23.44,5.44,0.44,True
w404798031,Бендеры,3.406,0.0,16,0,16,CITY_OK,2,20.44,4.44,-0.56,False
w404798033,Бендеры,3.698,0.0,17,0,17,CITY_OK,2,22.19,5.19,0.19,True
w404798035,Бендеры,3.979,0.0,18,0,18,CITY_OK,2,23.87,5.87,0.87,True
w404859435,Бендеры,3.513,0.0,17,0,17,CITY_OK,2,21.08,4.08,-0.92,False
w404859439,Бендеры,3.506,0.0,17,0,17,CITY_OK,2,21.04,4.04,-0.96,False
w404859440,Бендеры,3.528,0.0,17,0,17,CITY_OK,2,21.17,4.17,-0.83,False
w404859441,Бендеры,3.658,0.0,17,0,17,CITY_OK,2,21.95,4.95,-0.05,False
w404859442,Бендеры,3.543,0.0,17,0,17,CITY_OK,2,21.26,4.26,-0.74,False
w404859443,Бендеры,3.665,0.0,17,0,17,CITY_OK,2,21.99,4.99,-0.01,False
w405000972,Протягайловка,6.516,,29,,,OUTSIDE_DISTANCE_UNAVAILABLE,4,,,,
w405000973,Протягайловка,6.483,,28,,,OUTSIDE_DISTANCE_UNAVAILABLE,4,,,,
w405000974,Протягайловка,6.455,,28,,,OUTSIDE_DISTANCE_UNAVAILABLE,4,,,,
w405000975,Протягайловка,6.542,,29,,,OUTSIDE_DISTANCE_UNAVAILABLE,4,,,,
w405000976,Протягайловка,6.51,,29,,,OUTSIDE_DISTANCE_UNAVAILABLE,4,,,,
w405000977,Протягайловка,6.53,,29,,,OUTSIDE_DISTANCE_UNAVAILABLE,4,,,,
w405000978,Протягайловка,6.557,,29,,,OUTSIDE_DISTANCE_UNAVAILABLE,4,,,,
w405000979,Протягайловка,6.568,,29,,,OUTSIDE_DISTANCE_UNAVAILABLE,4,,,,
w405000980,Протягайловка,6.436,,28,,,OUTSIDE_DISTANCE_UNAVAILABLE,4,,,,
w405000981,Протягайловка,6.582,,29,,,OUTSIDE_DISTANCE_UNAVAILABLE,4,,,,
w405093285,Бендеры,4.124,0.0,19,0,19,CITY_OK,2,24.74,5.74,0.74,True
w405093288,Бендеры,4.019,0.0,19,0,19,CITY_OK,2,24.11,5.11,0.11,True
w405093289,Бендеры,4.04,0.0,19,0,19,CITY_OK,2,24.24,5.24,0.24,True
w405093290,Бендеры,4.067,0.0,19,0,19,CITY_OK,2,24.4,5.4,0.4,True
w405093325,Бендеры,5.003,0.0,23,0,23,CITY_OK,3,30.02,7.02,2.02,True
w405112643,Бендеры,4.808,0.0,22,0,22,CITY_OK,3,28.85,6.85,1.85,True
w405112651,Бендеры,5.233,0.0,23,0,23,CITY_OK,3,31.4,8.4,3.4,False
w405112653,Бендеры,5.213,0.0,23,0,23,CITY_OK,3,31.28,8.28,3.28,False
w405112654,Бендеры,5.194,0.0,23,0,23,CITY_OK,3,31.16,8.16,3.16,False
w405112655,Бендеры,5.215,0.0,23,0,23,CITY_OK,3,31.29,8.29,3.29,False
w405112662,Гиска,4.516,,21,,,OUTSIDE_DISTANCE_UNAVAILABLE,3,,,,
w405112663,Гиска,4.54,,21,,,OUTSIDE_DISTANCE_UNAVAILABLE,3,,,,
w405112664,Бендеры,4.139,0.0,19,0,19,CITY_OK,3,24.83,5.83,0.83,True
w405112665,Бендеры,4.157,0.0,19,0,19,CITY_OK,3,24.94,5.94,0.94,True
w405169663,Гиска,4.605,,21,,,OUTSIDE_DISTANCE_UNAVAILABLE,3,,,,
w405169665,Гиска,4.621,,21,,,OUTSIDE_DISTANCE_UNAVAILABLE,3,,,,
w405169667,Гиска,4.577,,21,,,OUTSIDE_DISTANCE_UNAVAILABLE,3,,,,
w405169669,Гиска,4.559,,21,,,OUTSIDE_DISTANCE_UNAVAILABLE,3,,,,
w405169671,Гиска,4.558,,21,,,OUTSIDE_DISTANCE_UNAVAILABLE,3,,,,
w405169675,Гиска,4.129,,19,,,OUTSIDE_DISTANCE_UNAVAILABLE,3,,,,
w405169684,Бендеры,4.045,0.0,19,0,19,CITY_OK,3,24.27,5.27,0.27,True
w405169685,Бендеры,4.057,0.0,19,0,19,CITY_OK,3,24.34,5.34,0.34,True
w405169688,Бендеры,2.649,0.0,14,0,14,CITY_OK,2,18.0,4.0,-1.0,False
w405169689,Бендеры,2.671,0.0,14,0,14,CITY_OK,2,18.0,4.0,-1.0,False
w405169691,Бендеры,2.937,0.0,14,0,14,CITY_OK,2,18.0,4.0,-1.0,False
w405169693,Бендеры,2.893,0.0,14,0,14,CITY_OK,2,18.0,4.0,-1.0,False
w405169694,Бендеры,2.911,0.0,14,0,14,CITY_OK,2,18.0,4.0,-1.0,False
w405169696,Бендеры,3.025,0.0,15,0,15,CITY_OK,2,18.15,3.15,-1.85,False
w405169697,Бендеры,2.973,0.0,14,0,14,CITY_OK,2,18.0,4.0,-1.0,False
w405169699,Бендеры,4.342,0.0,20,0,20,CITY_OK,3,26.05,6.05,1.05,True
w405169700,Бендеры,4.288,0.0,20,0,20,CITY_OK,3,25.73,5.73,0.73,True
w405169702,Бендеры,4.293,0.0,20,0,20,CITY_OK,3,25.76,5.76,0.76,True
w405169703,Бендеры,4.28,0.0,20,0,20,CITY_OK,3,25.68,5.68,0.68,True
w405171327,Бендеры,4.267,0.0,20,0,20,CITY_OK,3,25.6,5.6,0.6,True
w405171334,Бендеры,3.484,0.0,16,0,16,CITY_OK,2,20.9,4.9,-0.1,False
w405171335,Бендеры,3.471,0.0,16,0,16,CITY_OK,2,20.83,4.83,-0.17,False
w405171336,Бендеры,3.55,0.0,17,0,17,CITY_OK,2,21.3,4.3,-0.7,False
w405171337,Бендеры,3.556,0.0,17,0,17,CITY_OK,2,21.34,4.34,-0.66,False
w405292292,Бендеры,3.423,0.0,16,0,16,CITY_OK,2,20.54,4.54,-0.46,False
w405292294,Бендеры,3.361,0.0,16,0,16,CITY_OK,2,20.17,4.17,-0.83,False
w405292297,Бендеры,3.432,0.0,16,0,16,CITY_OK,2,20.59,4.59,-0.41,False
w405292298,Бендеры,3.464,0.0,16,0,16,CITY_OK,2,20.78,4.78,-0.22,False
w405292300,Бендеры,3.324,0.0,16,0,16,CITY_OK,2,19.94,3.94,-1.06,False
w405292301,Бендеры,3.334,0.0,16,0,16,CITY_OK,2,20.0,4.0,-1.0,False
w405292302,Бендеры,3.342,0.0,16,0,16,CITY_OK,2,20.05,4.05,-0.95,False
w405292551,Бендеры,4.329,0.0,20,0,20,CITY_OK,3,25.97,5.97,0.97,True
w405292552,Бендеры,4.354,0.0,20,0,20,CITY_OK,3,26.12,6.12,1.12,True
w405292553,Бендеры,4.34,0.0,20,0,20,CITY_OK,3,26.04,6.04,1.04,True
w405292554,Бендеры,4.255,0.0,20,0,20,CITY_OK,3,25.53,5.53,0.53,True
w405292555,Бендеры,4.315,0.0,20,0,20,CITY_OK,3,25.89,5.89,0.89,True
w405292556,Бендеры,4.302,0.0,20,0,20,CITY_OK,3,25.81,5.81,0.81,True
w405292557,Бендеры,4.237,0.0,19,0,19,CITY_OK,3,25.42,6.42,1.42,True
w405292559,Бендеры,4.169,0.0,19,0,19,CITY_OK,3,25.01,6.01,1.01,True
w405297205,Бендеры,4.287,0.0,20,0,20,CITY_OK,3,25.72,5.72,0.72,True
w405297207,Бендеры,4.223,0.0,19,0,19,CITY_OK,3,25.34,6.34,1.34,True
w405297211,Бендеры,4.273,0.0,20,0,20,CITY_OK,3,25.64,5.64,0.64,True
w405297212,Бендеры,4.205,0.0,19,0,19,CITY_OK,3,25.23,6.23,1.23,True
w405297213,Бендеры,4.192,0.0,19,0,19,CITY_OK,3,25.15,6.15,1.15,True
w405297214,Бендеры,4.257,0.0,20,0,20,CITY_OK,3,25.54,5.54,0.54,True
w405297215,Бендеры,4.172,0.0,19,0,19,CITY_OK,3,25.03,6.03,1.03,True
w405297216,Бендеры,4.313,0.0,20,0,20,CITY_OK,3,25.88,5.88,0.88,True
w405297219,Бендеры,4.299,0.0,20,0,20,CITY_OK,3,25.79,5.79,0.79,True
w405297220,Бендеры,4.285,0.0,20,0,20,CITY_OK,3,25.71,5.71,0.71,True
w405297222,Бендеры,4.273,0.0,20,0,20,CITY_OK,3,25.64,5.64,0.64,True
w405297224,Бендеры,4.26,0.0,20,0,20,CITY_OK,3,25.56,5.56,0.56,True
w405297226,Бендеры,4.309,0.0,20,0,20,CITY_OK,3,25.85,5.85,0.85,True
w405297662,Бендеры,4.235,0.0,19,0,19,CITY_OK,3,25.41,6.41,1.41,True
w405297664,Бендеры,4.248,0.0,19,0,19,CITY_OK,3,25.49,6.49,1.49,True
w405297665,Бендеры,4.206,0.0,19,0,19,CITY_OK,3,25.24,6.24,1.24,True
w405505204,Бендеры,4.416,0.0,20,0,20,CITY_OK,3,26.5,6.5,1.5,True
w405505205,Бендеры,4.315,0.0,20,0,20,CITY_OK,3,25.89,5.89,0.89,True
w405505208,Бендеры,4.303,0.0,20,0,20,CITY_OK,3,25.82,5.82,0.82,True
w405505210,Бендеры,4.285,0.0,20,0,20,CITY_OK,3,25.71,5.71,0.71,True
w405505211,Бендеры,4.303,0.0,20,0,20,CITY_OK,3,25.82,5.82,0.82,True
w405505216,Бендеры,4.316,0.0,20,0,20,CITY_OK,3,25.9,5.9,0.9,True
w405505218,Бендеры,4.308,0.0,20,0,20,CITY_OK,3,25.85,5.85,0.85,True
w405505219,Бендеры,4.329,0.0,20,0,20,CITY_OK,3,25.97,5.97,0.97,True
w405505221,Бендеры,4.346,0.0,20,0,20,CITY_OK,3,26.08,6.08,1.08,True
w405505223,Бендеры,4.358,0.0,20,0,20,CITY_OK,3,26.15,6.15,1.15,True
w405505225,Бендеры,4.373,0.0,20,0,20,CITY_OK,3,26.24,6.24,1.24,True
w405505226,Бендеры,4.387,0.0,20,0,20,CITY_OK,3,26.32,6.32,1.32,True
w405505228,Бендеры,4.399,0.0,20,0,20,CITY_OK,3,26.39,6.39,1.39,True
w405505229,Бендеры,4.411,0.0,20,0,20,CITY_OK,3,26.47,6.47,1.47,True
w405505230,Бендеры,4.425,0.0,20,0,20,CITY_OK,3,26.55,6.55,1.55,True
w405505231,Бендеры,4.44,0.0,20,0,20,CITY_OK,3,26.64,6.64,1.64,True
w405505232,Бендеры,4.454,0.0,20,0,20,CITY_OK,3,26.72,6.72,1.72,True
w405505233,Бендеры,4.467,0.0,20,0,20,CITY_OK,3,26.8,6.8,1.8,True
w405505236,Бендеры,4.481,0.0,20,0,20,CITY_OK,3,26.89,6.89,1.89,True
w405505237,Бендеры,4.503,0.0,21,0,21,CITY_OK,3,27.02,6.02,1.02,True
w405505879,Бендеры,4.324,0.0,20,0,20,CITY_OK,3,25.94,5.94,0.94,True
w405505880,Бендеры,4.339,0.0,20,0,20,CITY_OK,3,26.03,6.03,1.03,True
w405505881,Бендеры,4.356,0.0,20,0,20,CITY_OK,3,26.14,6.14,1.14,True
w405505884,Бендеры,4.369,0.0,20,0,20,CITY_OK,3,26.21,6.21,1.21,True
w405505885,Бендеры,4.383,0.0,20,0,20,CITY_OK,3,26.3,6.3,1.3,True
w405505887,Бендеры,4.397,0.0,20,0,20,CITY_OK,3,26.38,6.38,1.38,True
w405505889,Бендеры,4.41,0.0,20,0,20,CITY_OK,3,26.46,6.46,1.46,True
w405505890,Бендеры,4.44,0.0,20,0,20,CITY_OK,3,26.64,6.64,1.64,True
w405505892,Бендеры,4.425,0.0,20,0,20,CITY_OK,3,26.55,6.55,1.55,True
w405741143,Парканы,5.289,,24,,,OUTSIDE_DISTANCE_UNAVAILABLE,3,,,,
w406631293,Бендеры,2.944,0.0,14,0,14,CITY_OK,2,18.0,4.0,-1.0,False
w406631294,Бендеры,2.836,0.0,14,0,14,CITY_OK,2,18.0,4.0,-1.0,False
w406631295,Бендеры,2.814,0.0,14,0,14,CITY_OK,2,18.0,4.0,-1.0,False
w406631296,Бендеры,2.688,0.0,14,0,14,CITY_OK,2,18.0,4.0,-1.0,False
w406631297,Бендеры,2.708,0.0,14,0,14,CITY_OK,2,18.0,4.0,-1.0,False
w406631299,Бендеры,4.173,0.0,19,0,19,CITY_OK,3,25.04,6.04,1.04,True
w406631300,Бендеры,4.088,0.0,19,0,19,CITY_OK,3,24.53,5.53,0.53,True
w406631301,Бендеры,4.105,0.0,19,0,19,CITY_OK,3,24.63,5.63,0.63,True
w406631302,Бендеры,4.187,0.0,19,0,19,CITY_OK,3,25.12,6.12,1.12,True
w406631303,Бендеры,4.204,0.0,19,0,19,CITY_OK,3,25.22,6.22,1.22,True
w406631305,Бендеры,4.187,0.0,19,0,19,CITY_OK,3,25.12,6.12,1.12,True
w406631306,Бендеры,4.204,0.0,19,0,19,CITY_OK,3,25.22,6.22,1.22,True
w406631307,Бендеры,4.568,0.0,21,0,21,CITY_OK,3,27.41,6.41,1.41,True
w406631308,Бендеры,4.583,0.0,21,0,21,CITY_OK,3,27.5,6.5,1.5,True
w406631309,Бендеры,4.601,0.0,21,0,21,CITY_OK,3,27.61,6.61,1.61,True
w406631310,Бендеры,4.634,0.0,21,0,21,CITY_OK,3,27.8,6.8,1.8,True
w406637926,Бендеры,4.54,0.0,21,0,21,CITY_OK,3,27.24,6.24,1.24,True
w406637927,Бендеры,4.509,0.0,21,0,21,CITY_OK,3,27.05,6.05,1.05,True
w406637928,Бендеры,4.21,0.0,19,0,19,CITY_OK,3,25.26,6.26,1.26,True
w406637929,Бендеры,4.122,0.0,19,0,19,CITY_OK,3,24.73,5.73,0.73,True
w406637930,Бендеры,4.138,0.0,19,0,19,CITY_OK,3,24.83,5.83,0.83,True
w406637931,Бендеры,4.161,0.0,19,0,19,CITY_OK,3,24.97,5.97,0.97,True
w406639375,Гиска,5.695,,25,,,OUTSIDE_DISTANCE_UNAVAILABLE,4,,,,
w406639379,Бендеры,4.367,0.0,20,0,20,CITY_OK,3,26.2,6.2,1.2,True
w406639380,Бендеры,4.352,0.0,20,0,20,CITY_OK,3,26.11,6.11,1.11,True
w406640928,Бендеры,4.453,0.0,20,0,20,CITY_OK,3,26.72,6.72,1.72,True
w406640931,Бендеры,4.418,0.0,20,0,20,CITY_OK,3,26.51,6.51,1.51,True
w406640932,Бендеры,4.409,0.0,20,0,20,CITY_OK,3,26.45,6.45,1.45,True
w406640933,Бендеры,4.372,0.0,20,0,20,CITY_OK,3,26.23,6.23,1.23,True
w407354359,Бендеры,5.294,0.0,24,0,24,CITY_OK,4,31.76,7.76,2.76,False
w407354360,Бендеры,5.314,0.0,24,0,24,CITY_OK,4,31.88,7.88,2.88,False
w407354361,Бендеры,5.334,0.0,24,0,24,CITY_OK,4,32.0,8.0,3.0,False
w407354362,Бендеры,5.353,0.0,24,0,24,CITY_OK,4,32.12,8.12,3.12,False
w407354364,Бендеры,5.372,0.0,24,0,24,CITY_OK,4,32.23,8.23,3.23,False
w407354366,Бендеры,5.37,0.0,24,0,24,CITY_OK,4,32.22,8.22,3.22,False
w407354369,Бендеры,5.349,0.0,24,0,24,CITY_OK,4,32.09,8.09,3.09,False
w407354372,Бендеры,5.328,0.0,24,0,24,CITY_OK,4,31.97,7.97,2.97,False
w407354375,Бендеры,5.465,0.0,24,0,24,CITY_OK,4,32.79,8.79,3.79,False
w407354377,Бендеры,5.29,0.0,24,0,24,CITY_OK,4,31.74,7.74,2.74,False
w407354379,Бендеры,5.472,0.0,24,0,24,CITY_OK,4,32.83,8.83,3.83,False
w407356386,Бендеры,4.367,0.0,20,0,20,CITY_OK,3,26.2,6.2,1.2,True
w407356389,Бендеры,4.448,0.0,20,0,20,CITY_OK,3,26.69,6.69,1.69,True
w407356391,Бендеры,4.311,0.0,20,0,20,CITY_OK,3,25.87,5.87,0.87,True
w407356392,Бендеры,4.325,0.0,20,0,20,CITY_OK,3,25.95,5.95,0.95,True
w407356393,Бендеры,4.335,0.0,20,0,20,CITY_OK,3,26.01,6.01,1.01,True
w407356394,Бендеры,4.352,0.0,20,0,20,CITY_OK,3,26.11,6.11,1.11,True
w407356395,Бендеры,4.369,0.0,20,0,20,CITY_OK,3,26.21,6.21,1.21,True
w407356397,Бендеры,4.386,0.0,20,0,20,CITY_OK,3,26.32,6.32,1.32,True
w407356398,Бендеры,4.403,0.0,20,0,20,CITY_OK,3,26.42,6.42,1.42,True
w408595946,Бендеры,4.079,0.0,19,0,19,CITY_OK,2,24.47,5.47,0.47,True
w409311287,Бендеры,4.388,0.0,20,0,20,CITY_OK,3,26.33,6.33,1.33,True
w409311288,Бендеры,4.269,0.0,20,0,20,CITY_OK,3,25.61,5.61,0.61,True
w409311292,Бендеры,4.361,0.0,20,0,20,CITY_OK,3,26.17,6.17,1.17,True
w409311293,Бендеры,4.359,0.0,20,0,20,CITY_OK,3,26.15,6.15,1.15,True
w409311294,Бендеры,4.34,0.0,20,0,20,CITY_OK,3,26.04,6.04,1.04,True
w409311296,Бендеры,4.365,0.0,20,0,20,CITY_OK,3,26.19,6.19,1.19,True
w409311299,Бендеры,4.528,0.0,21,0,21,CITY_OK,3,27.17,6.17,1.17,True
w409311301,Бендеры,4.381,0.0,20,0,20,CITY_OK,3,26.29,6.29,1.29,True
w409311302,Бендеры,4.396,0.0,20,0,20,CITY_OK,3,26.38,6.38,1.38,True
w409311304,Бендеры,4.358,0.0,20,0,20,CITY_OK,3,26.15,6.15,1.15,True
w409311305,Бендеры,4.324,0.0,20,0,20,CITY_OK,3,25.94,5.94,0.94,True
w409311307,Бендеры,4.31,0.0,20,0,20,CITY_OK,3,25.86,5.86,0.86,True
w409311685,Бендеры,4.323,0.0,20,0,20,CITY_OK,3,25.94,5.94,0.94,True
w409311689,Бендеры,4.245,0.0,19,0,19,CITY_OK,3,25.47,6.47,1.47,True
w409311690,Бендеры,4.225,0.0,19,0,19,CITY_OK,3,25.35,6.35,1.35,True
w409311692,Бендеры,4.208,0.0,19,0,19,CITY_OK,3,25.25,6.25,1.25,True
w409311693,Бендеры,4.306,0.0,20,0,20,CITY_OK,3,25.84,5.84,0.84,True
w409311694,Бендеры,4.292,0.0,20,0,20,CITY_OK,3,25.75,5.75,0.75,True
w409311695,Бендеры,4.31,0.0,20,0,20,CITY_OK,3,25.86,5.86,0.86,True
w409312168,Бендеры,4.291,0.0,20,0,20,CITY_OK,3,25.75,5.75,0.75,True
w409312170,Бендеры,4.232,0.0,19,0,19,CITY_OK,3,25.39,6.39,1.39,True
w409312788,Бендеры,4.244,0.0,19,0,19,CITY_OK,3,25.46,6.46,1.46,True
w409312794,Бендеры,4.261,0.0,20,0,20,CITY_OK,3,25.57,5.57,0.57,True
w409312795,Бендеры,4.266,0.0,20,0,20,CITY_OK,3,25.6,5.6,0.6,True
w409312797,Бендеры,4.277,0.0,20,0,20,CITY_OK,3,25.66,5.66,0.66,True
w409312800,Бендеры,4.271,0.0,20,0,20,CITY_OK,3,25.63,5.63,0.63,True
w409312801,Бендеры,4.241,0.0,19,0,19,CITY_OK,3,25.45,6.45,1.45,True
w409312803,Бендеры,4.29,0.0,20,0,20,CITY_OK,3,25.74,5.74,0.74,True
w409312805,Бендеры,4.267,0.0,20,0,20,CITY_OK,3,25.6,5.6,0.6,True
w409312807,Бендеры,4.234,0.0,19,0,19,CITY_OK,3,25.4,6.4,1.4,True
w409312808,Бендеры,4.248,0.0,19,0,19,CITY_OK,3,25.49,6.49,1.49,True
w409312809,Бендеры,4.267,0.0,20,0,20,CITY_OK,3,25.6,5.6,0.6,True
w409312810,Бендеры,4.312,0.0,20,0,20,CITY_OK,3,25.87,5.87,0.87,True
w409312811,Бендеры,4.325,0.0,20,0,20,CITY_OK,3,25.95,5.95,0.95,True
w409312812,Бендеры,4.34,0.0,20,0,20,CITY_OK,3,26.04,6.04,1.04,True
w409312813,Бендеры,4.355,0.0,20,0,20,CITY_OK,3,26.13,6.13,1.13,True
w409314650,Бендеры,4.429,0.0,20,0,20,CITY_OK,3,26.57,6.57,1.57,True
w409314651,Бендеры,4.397,0.0,20,0,20,CITY_OK,3,26.38,6.38,1.38,True
w409314655,Бендеры,4.416,0.0,20,0,20,CITY_OK,3,26.5,6.5,1.5,True
w409314656,Бендеры,4.472,0.0,20,0,20,CITY_OK,3,26.83,6.83,1.83,True
w409314658,Бендеры,4.501,0.0,21,0,21,CITY_OK,3,27.01,6.01,1.01,True
w409314659,Бендеры,4.537,0.0,21,0,21,CITY_OK,3,27.22,6.22,1.22,True
w409314660,Бендеры,4.52,0.0,21,0,21,CITY_OK,3,27.12,6.12,1.12,True
w409314661,Бендеры,4.678,0.0,21,0,21,CITY_OK,3,28.07,7.07,2.07,True
w409314662,Бендеры,4.531,0.0,21,0,21,CITY_OK,3,27.19,6.19,1.19,True
w409314663,Бендеры,4.547,0.0,21,0,21,CITY_OK,3,27.28,6.28,1.28,True
w409314664,Бендеры,4.555,0.0,21,0,21,CITY_OK,3,27.33,6.33,1.33,True
w409314668,Бендеры,4.503,0.0,21,0,21,CITY_OK,3,27.02,6.02,1.02,True
w409314669,Бендеры,4.486,0.0,20,0,20,CITY_OK,3,26.92,6.92,1.92,True
w409314670,Бендеры,4.468,0.0,20,0,20,CITY_OK,3,26.81,6.81,1.81,True
w410936926,Гиска,4.529,,21,,,OUTSIDE_DISTANCE_UNAVAILABLE,3,,,,
w410936927,Гиска,4.509,,21,,,OUTSIDE_DISTANCE_UNAVAILABLE,3,,,,
w410946402,Бендеры,4.119,0.0,19,0,19,CITY_OK,3,24.71,5.71,0.71,True
w410946408,Бендеры,4.369,0.0,20,0,20,CITY_OK,3,26.21,6.21,1.21,True
w410946412,Бендеры,4.256,0.0,20,0,20,CITY_OK,3,25.54,5.54,0.54,True
w410946415,Бендеры,4.199,0.0,19,0,19,CITY_OK,3,25.19,6.19,1.19,True
w414674677,Бендеры,4.015,0.0,19,0,19,CITY_OK,3,24.09,5.09,0.09,True
w414674678,Бендеры,3.491,0.0,16,0,16,CITY_OK,2,20.95,4.95,-0.05,False
w414674681,Бендеры,3.762,0.0,18,0,18,CITY_OK,3,22.57,4.57,-0.43,False
w414674682,Бендеры,3.775,0.0,18,0,18,CITY_OK,3,22.65,4.65,-0.35,False
w414674683,Бендеры,3.774,0.0,18,0,18,CITY_OK,3,22.64,4.64,-0.36,False
w414674684,Бендеры,4.001,0.0,19,0,19,CITY_OK,3,24.01,5.01,0.01,True
w414674689,Бендеры,3.965,0.0,18,0,18,CITY_OK,3,23.79,5.79,0.79,True
w414674691,Бендеры,3.95,0.0,18,0,18,CITY_OK,3,23.7,5.7,0.7,True
w414674692,Бендеры,3.937,0.0,18,0,18,CITY_OK,3,23.62,5.62,0.62,True
w414674693,Бендеры,3.918,0.0,18,0,18,CITY_OK,3,23.51,5.51,0.51,True
w414674696,Бендеры,3.906,0.0,18,0,18,CITY_OK,3,23.44,5.44,0.44,True
w414674698,Бендеры,4.012,0.0,19,0,19,CITY_OK,3,24.07,5.07,0.07,True
w414674700,Бендеры,3.813,0.0,18,0,18,CITY_OK,3,22.88,4.88,-0.12,False
w414674701,Бендеры,3.827,0.0,18,0,18,CITY_OK,3,22.96,4.96,-0.04,False
w414674702,Бендеры,3.842,0.0,18,0,18,CITY_OK,3,23.05,5.05,0.05,True
w414674703,Бендеры,3.857,0.0,18,0,18,CITY_OK,3,23.14,5.14,0.14,True
w414674706,Бендеры,3.981,0.0,18,0,18,CITY_OK,3,23.89,5.89,0.89,True
w414674707,Бендеры,3.927,0.0,18,0,18,CITY_OK,3,23.56,5.56,0.56,True
w414674709,Бендеры,3.905,0.0,18,0,18,CITY_OK,3,23.43,5.43,0.43,True
w414674710,Бендеры,3.912,0.0,18,0,18,CITY_OK,3,23.47,5.47,0.47,True
w414674711,Бендеры,3.949,0.0,18,0,18,CITY_OK,3,23.69,5.69,0.69,True
w415264232,Бендеры,1.211,0.0,14,0,14,CITY_OK,1,18.0,4.0,-1.0,False
w415332374,Бендеры,1.146,0.0,14,0,14,CITY_OK,1,18.0,4.0,-1.0,False
w415723868,Бендеры,1.566,0.0,14,0,14,CITY_OK,1,18.0,4.0,-1.0,False
w415725978,Бендеры,0.789,0.0,14,0,14,CITY_OK,1,18.0,4.0,-1.0,False
w415731971,Бендеры,2.809,0.0,14,0,14,CITY_OK,2,18.0,4.0,-1.0,False
w415733540,Бендеры,2.756,0.0,14,0,14,CITY_OK,2,18.0,4.0,-1.0,False
w41843993,Бендеры,0.915,0.0,14,0,14,CITY_OK,1,18.0,4.0,-1.0,False
w41852205,Бендеры,1.874,0.0,14,0,14,CITY_OK,1,18.0,4.0,-1.0,False
w41852206,Бендеры,1.894,0.0,14,0,14,CITY_OK,1,18.0,4.0,-1.0,False
w41852207,Бендеры,1.696,0.0,14,0,14,CITY_OK,1,18.0,4.0,-1.0,False
w41852208,Бендеры,1.927,0.0,14,0,14,CITY_OK,1,18.0,4.0,-1.0,False
w41852209,Бендеры,1.789,0.0,14,0,14,CITY_OK,1,18.0,4.0,-1.0,False
w41852210,Бендеры,1.99,0.0,14,0,14,CITY_OK,1,18.0,4.0,-1.0,False
w41852211,Бендеры,1.656,0.0,14,0,14,CITY_OK,1,18.0,4.0,-1.0,False
w41852297,Бендеры,1.663,0.0,14,0,14,CITY_OK,1,18.0,4.0,-1.0,False
w41852298,Бендеры,1.774,0.0,14,0,14,CITY_OK,1,18.0,4.0,-1.0,False
w41852299,Бендеры,2.023,0.0,14,0,14,CITY_OK,1,18.0,4.0,-1.0,False
w41852300,Бендеры,2.052,0.0,14,0,14,CITY_OK,1,18.0,4.0,-1.0,False
w421314022,Протягайловка,8.436,,36,,,OUTSIDE_DISTANCE_UNAVAILABLE,4,,,,
w421314023,Протягайловка,8.453,,36,,,OUTSIDE_DISTANCE_UNAVAILABLE,4,,,,
w421314024,Протягайловка,8.5,,36,,,OUTSIDE_DISTANCE_UNAVAILABLE,4,,,,
w421314025,Протягайловка,8.471,,36,,,OUTSIDE_DISTANCE_UNAVAILABLE,4,,,,
w421314026,Протягайловка,8.424,,36,,,OUTSIDE_DISTANCE_UNAVAILABLE,4,,,,
w421314028,Протягайловка,8.412,,36,,,OUTSIDE_DISTANCE_UNAVAILABLE,4,,,,
w421314029,Протягайловка,8.394,,36,,,OUTSIDE_DISTANCE_UNAVAILABLE,4,,,,
w421314030,Протягайловка,8.373,,36,,,OUTSIDE_DISTANCE_UNAVAILABLE,4,,,,
w421314032,Протягайловка,8.344,,36,,,OUTSIDE_DISTANCE_UNAVAILABLE,4,,,,
w422854008,Бендеры,0.991,0.0,14,0,14,CITY_OK,1,18.0,4.0,-1.0,False
w422854009,Бендеры,1.006,0.0,14,0,14,CITY_OK,1,18.0,4.0,-1.0,False
w422854010,Бендеры,1.024,0.0,14,0,14,CITY_OK,1,18.0,4.0,-1.0,False
w422942731,Гиска,6.606,,29,,,OUTSIDE_DISTANCE_UNAVAILABLE,4,,,,
w424745270,Протягайловка,6.512,,29,,,OUTSIDE_DISTANCE_UNAVAILABLE,4,,,,
w424745272,Протягайловка,6.546,,29,,,OUTSIDE_DISTANCE_UNAVAILABLE,4,,,,
w424745273,Протягайловка,6.523,,29,,,OUTSIDE_DISTANCE_UNAVAILABLE,4,,,,
w424745274,Протягайловка,6.608,,29,,,OUTSIDE_DISTANCE_UNAVAILABLE,4,,,,
w424745276,Протягайловка,6.596,,29,,,OUTSIDE_DISTANCE_UNAVAILABLE,4,,,,
w424745277,Протягайловка,6.634,,29,,,OUTSIDE_DISTANCE_UNAVAILABLE,4,,,,
w424745278,Протягайловка,6.622,,29,,,OUTSIDE_DISTANCE_UNAVAILABLE,4,,,,
w424745867,Гиска,7.336,,32,,,OUTSIDE_DISTANCE_UNAVAILABLE,4,,,,
w424795691,Протягайловка,6.967,,30,,,OUTSIDE_DISTANCE_UNAVAILABLE,4,,,,
w424796429,Протягайловка,6.977,,30,,,OUTSIDE_DISTANCE_UNAVAILABLE,4,,,,
w424796430,Протягайловка,6.993,,30,,,OUTSIDE_DISTANCE_UNAVAILABLE,4,,,,
w424796431,Протягайловка,7.011,,31,,,OUTSIDE_DISTANCE_UNAVAILABLE,4,,,,
w424796432,Протягайловка,7.027,,31,,,OUTSIDE_DISTANCE_UNAVAILABLE,4,,,,
w425915837,Протягайловка,6.657,,29,,,OUTSIDE_DISTANCE_UNAVAILABLE,4,,,,
w425915838,Протягайловка,6.648,,29,,,OUTSIDE_DISTANCE_UNAVAILABLE,4,,,,
w426526607,Протягайловка,6.99,,30,,,OUTSIDE_DISTANCE_UNAVAILABLE,4,,,,
w426526609,Протягайловка,7.012,,31,,,OUTSIDE_DISTANCE_UNAVAILABLE,4,,,,
w428711641,Протягайловка,7.057,,31,,,OUTSIDE_DISTANCE_UNAVAILABLE,4,,,,
w428711642,Протягайловка,7.076,,31,,,OUTSIDE_DISTANCE_UNAVAILABLE,4,,,,
w428711643,Протягайловка,7.04,,31,,,OUTSIDE_DISTANCE_UNAVAILABLE,4,,,,
w428711646,Протягайловка,7.057,,31,,,OUTSIDE_DISTANCE_UNAVAILABLE,4,,,,
w428711649,Протягайловка,7.097,,31,,,OUTSIDE_DISTANCE_UNAVAILABLE,4,,,,
w428711653,Протягайловка,5.672,,25,,,OUTSIDE_DISTANCE_UNAVAILABLE,3,,,,
w428778437,Бендеры,2.817,0.0,14,0,14,CITY_OK,2,18.0,4.0,-1.0,False
w428778438,Бендеры,2.864,0.0,14,0,14,CITY_OK,2,18.0,4.0,-1.0,False
w428778439,Бендеры,2.863,0.0,14,0,14,CITY_OK,2,18.0,4.0,-1.0,False
w428778441,Бендеры,2.951,0.0,14,0,14,CITY_OK,2,18.0,4.0,-1.0,False
w428778443,Бендеры,3.064,0.0,15,0,15,CITY_OK,2,18.38,3.38,-1.62,False
w428778444,Бендеры,3.08,0.0,15,0,15,CITY_OK,2,18.48,3.48,-1.52,False
w438037259,Протягайловка,8.51,,37,,,OUTSIDE_DISTANCE_UNAVAILABLE,4,,,,
w438037450,Протягайловка,8.517,,37,,,OUTSIDE_DISTANCE_UNAVAILABLE,4,,,,
w438037579,Протягайловка,8.498,,36,,,OUTSIDE_DISTANCE_UNAVAILABLE,4,,,,
w438037691,Протягайловка,8.539,,37,,,OUTSIDE_DISTANCE_UNAVAILABLE,4,,,,
w438040296,Протягайловка,8.193,,35,,,OUTSIDE_DISTANCE_UNAVAILABLE,4,,,,
w438040297,Протягайловка,8.191,,35,,,OUTSIDE_DISTANCE_UNAVAILABLE,4,,,,
w438040299,Протягайловка,8.152,,35,,,OUTSIDE_DISTANCE_UNAVAILABLE,4,,,,
w438040314,Протягайловка,7.58,,33,,,OUTSIDE_DISTANCE_UNAVAILABLE,4,,,,
w438040319,Протягайловка,7.587,,33,,,OUTSIDE_DISTANCE_UNAVAILABLE,4,,,,
w438040321,Протягайловка,7.519,,33,,,OUTSIDE_DISTANCE_UNAVAILABLE,4,,,,
w438042066,Протягайловка,8.386,,36,,,OUTSIDE_DISTANCE_UNAVAILABLE,4,,,,
w439463474,Гиска,7.382,,32,,,OUTSIDE_DISTANCE_UNAVAILABLE,4,,,,
w441641177,Протягайловка,6.675,,29,,,OUTSIDE_DISTANCE_UNAVAILABLE,4,,,,
w441641178,Протягайловка,6.71,,29,,,OUTSIDE_DISTANCE_UNAVAILABLE,4,,,,
w441641179,Протягайловка,6.676,,29,,,OUTSIDE_DISTANCE_UNAVAILABLE,4,,,,
w441641182,Протягайловка,6.735,,29,,,OUTSIDE_DISTANCE_UNAVAILABLE,4,,,,
w441641823,Протягайловка,6.763,,30,,,OUTSIDE_DISTANCE_UNAVAILABLE,4,,,,
w441641825,Протягайловка,6.786,,30,,,OUTSIDE_DISTANCE_UNAVAILABLE,4,,,,
w441641826,Протягайловка,6.812,,30,,,OUTSIDE_DISTANCE_UNAVAILABLE,4,,,,
w441641827,Протягайловка,6.838,,30,,,OUTSIDE_DISTANCE_UNAVAILABLE,4,,,,
w441641829,Протягайловка,6.865,,30,,,OUTSIDE_DISTANCE_UNAVAILABLE,4,,,,
w441641830,Протягайловка,6.86,,30,,,OUTSIDE_DISTANCE_UNAVAILABLE,4,,,,
w441641832,Протягайловка,6.769,,30,,,OUTSIDE_DISTANCE_UNAVAILABLE,4,,,,
w441677563,Бендеры,2.026,0.0,14,0,14,CITY_OK,1,18.0,4.0,-1.0,False
w441951719,Бендеры,3.674,0.0,17,0,17,CITY_OK,2,22.04,5.04,0.04,True
w442395853,Протягайловка,7.91,,34,,,OUTSIDE_DISTANCE_UNAVAILABLE,4,,,,
w442395854,Протягайловка,7.932,,34,,,OUTSIDE_DISTANCE_UNAVAILABLE,4,,,,
w442395855,Протягайловка,7.951,,34,,,OUTSIDE_DISTANCE_UNAVAILABLE,4,,,,
w442395856,Протягайловка,7.974,,34,,,OUTSIDE_DISTANCE_UNAVAILABLE,4,,,,
w442395862,Протягайловка,6.809,,30,,,OUTSIDE_DISTANCE_UNAVAILABLE,4,,,,
w442395863,Протягайловка,6.781,,30,,,OUTSIDE_DISTANCE_UNAVAILABLE,4,,,,
w442395864,Протягайловка,6.755,,30,,,OUTSIDE_DISTANCE_UNAVAILABLE,4,,,,
w442395865,Протягайловка,6.728,,29,,,OUTSIDE_DISTANCE_UNAVAILABLE,4,,,,
w442395866,Протягайловка,6.704,,29,,,OUTSIDE_DISTANCE_UNAVAILABLE,4,,,,
w442395868,Протягайловка,6.762,,30,,,OUTSIDE_DISTANCE_UNAVAILABLE,4,,,,
w442395876,Бендеры,6.648,0.0,29,0,29,CITY_OK,4,39.89,10.89,5.89,False
w442395879,Бендеры,7.269,0.0,32,0,32,CITY_OK,4,43.61,11.61,6.61,False
w443446821,Бендеры,2.53,0.0,14,0,14,CITY_OK,2,18.0,4.0,-1.0,False
w443454569,Протягайловка,7.459,,32,,,OUTSIDE_DISTANCE_UNAVAILABLE,4,,,,
w444628311,Бендеры,1.798,0.0,14,0,14,CITY_OK,1,18.0,4.0,-1.0,False
w445972312,Бендеры,4.539,0.0,21,0,21,CITY_OK,3,27.23,6.23,1.23,True
w445972315,Бендеры,4.417,0.0,20,0,20,CITY_OK,3,26.5,6.5,1.5,True
w446100568,Гиска,4.627,,21,,,OUTSIDE_DISTANCE_UNAVAILABLE,3,,,,
w446491251,Бендеры,0.887,0.0,14,0,14,CITY_OK,1,18.0,4.0,-1.0,False
w450204067,Протягайловка,7.203,,31,,,OUTSIDE_DISTANCE_UNAVAILABLE,4,,,,
w450204069,Протягайловка,7.237,,31,,,OUTSIDE_DISTANCE_UNAVAILABLE,4,,,,
w461204241,Гиска,4.599,,21,,,OUTSIDE_DISTANCE_UNAVAILABLE,3,,,,
w461204243,Гиска,4.593,,21,,,OUTSIDE_DISTANCE_UNAVAILABLE,3,,,,
w461204245,Гиска,4.58,,21,,,OUTSIDE_DISTANCE_UNAVAILABLE,3,,,,
w47467967,Бендеры,3.439,0.0,16,0,16,CITY_OK,2,20.63,4.63,-0.37,False
w47467969,Бендеры,3.239,0.0,15,0,15,CITY_OK,2,19.43,4.43,-0.57,False
w47467971,Бендеры,3.489,0.0,16,0,16,CITY_OK,2,20.93,4.93,-0.07,False
w47467972,Бендеры,3.193,0.0,15,0,15,CITY_OK,2,19.16,4.16,-0.84,False
w47467973,Бендеры,3.289,0.0,16,0,16,CITY_OK,2,19.73,3.73,-1.27,False
w47475148,Бендеры,3.35,0.0,16,0,16,CITY_OK,2,20.1,4.1,-0.9,False
w47475149,Бендеры,4.22,0.0,19,0,19,CITY_OK,3,25.32,6.32,1.32,True
w47475152,Бендеры,3.401,0.0,16,0,16,CITY_OK,2,20.41,4.41,-0.59,False
w47475154,Бендеры,3.848,0.0,18,0,18,CITY_OK,3,23.09,5.09,0.09,True
w47475155,Бендеры,3.41,0.0,16,0,16,CITY_OK,2,20.46,4.46,-0.54,False
w47475156,Бендеры,3.236,0.0,15,0,15,CITY_OK,2,19.42,4.42,-0.58,False
w47475157,Бендеры,3.288,0.0,16,0,16,CITY_OK,2,19.73,3.73,-1.27,False
w47475158,Бендеры,2.933,0.0,14,0,14,CITY_OK,2,18.0,4.0,-1.0,False
w47475160,Бендеры,3.268,0.0,16,0,16,CITY_OK,2,19.61,3.61,-1.39,False
w47475161,Бендеры,3.212,0.0,15,0,15,CITY_OK,2,19.27,4.27,-0.73,False
w47475164,Бендеры,3.267,0.0,16,0,16,CITY_OK,2,19.6,3.6,-1.4,False
w47475165,Бендеры,3.331,0.0,16,0,16,CITY_OK,2,19.99,3.99,-1.01,False
w47475167,Бендеры,3.231,0.0,15,0,15,CITY_OK,2,19.39,4.39,-0.61,False
w47475169,Бендеры,3.16,0.0,15,0,15,CITY_OK,2,18.96,3.96,-1.04,False
w47475176,Бендеры,3.361,0.0,16,0,16,CITY_OK,2,20.17,4.17,-0.83,False
w47475180,Бендеры,3.319,0.0,16,0,16,CITY_OK,2,19.91,3.91,-1.09,False
w47475181,Бендеры,3.26,0.0,16,0,16,CITY_OK,2,19.56,3.56,-1.44,False
w47475182,Бендеры,3.054,0.0,15,0,15,CITY_OK,2,18.32,3.32,-1.68,False
w47475183,Бендеры,3.198,0.0,15,0,15,CITY_OK,2,19.19,4.19,-0.81,False
w47475184,Бендеры,2.812,0.0,14,0,14,CITY_OK,2,18.0,4.0,-1.0,False
w47475186,Бендеры,2.729,0.0,14,0,14,CITY_OK,2,18.0,4.0,-1.0,False
w47475970,Бендеры,4.24,0.0,19,0,19,CITY_OK,2,25.44,6.44,1.44,True
w47475971,Бендеры,4.31,0.0,20,0,20,CITY_OK,2,25.86,5.86,0.86,True
w47475972,Бендеры,4.204,0.0,19,0,19,CITY_OK,2,25.22,6.22,1.22,True
w47475973,Бендеры,4.276,0.0,20,0,20,CITY_OK,2,25.66,5.66,0.66,True
w476163294,Парканы,7.263,,32,,,OUTSIDE_DISTANCE_UNAVAILABLE,4,,,,
w476163297,Парканы,7.284,,32,,,OUTSIDE_DISTANCE_UNAVAILABLE,4,,,,
w476163299,Парканы,7.296,,32,,,OUTSIDE_DISTANCE_UNAVAILABLE,4,,,,
w476163301,Парканы,7.308,,32,,,OUTSIDE_DISTANCE_UNAVAILABLE,4,,,,
w484497586,Бендеры,5.557,0.0,25,0,25,CITY_OK,3,33.34,8.34,3.34,False
w489021267,Протягайловка,8.455,,36,,,OUTSIDE_DISTANCE_UNAVAILABLE,4,,,,
w493081348,Бендеры,2.039,0.0,14,0,14,CITY_OK,1,18.0,4.0,-1.0,False
w493081351,Бендеры,1.821,0.0,14,0,14,CITY_OK,1,18.0,4.0,-1.0,False
w511417416,Гиска,5.163,,23,,,OUTSIDE_DISTANCE_UNAVAILABLE,3,,,,
w511417418,Гиска,5.108,,23,,,OUTSIDE_DISTANCE_UNAVAILABLE,3,,,,
w511417420,Бендеры,4.18,0.0,19,0,19,CITY_OK,3,25.08,6.08,1.08,True
w515829316,Бендеры,4.896,0.0,22,0,22,CITY_OK,3,29.38,7.38,2.38,True
w515856073,Бендеры,4.782,0.0,22,0,22,CITY_OK,3,28.69,6.69,1.69,True
w515862141,Бендеры,4.915,0.0,22,0,22,CITY_OK,3,29.49,7.49,2.49,False
w515863616,Бендеры,4.895,0.0,22,0,22,CITY_OK,3,29.37,7.37,2.37,True
w515863617,Бендеры,4.912,0.0,22,0,22,CITY_OK,3,29.47,7.47,2.47,False
w515863618,Бендеры,4.874,0.0,22,0,22,CITY_OK,3,29.24,7.24,2.24,True
w515863620,Бендеры,4.871,0.0,22,0,22,CITY_OK,3,29.23,7.23,2.23,True
w515863621,Бендеры,4.855,0.0,22,0,22,CITY_OK,3,29.13,7.13,2.13,True
w515863622,Бендеры,4.855,0.0,22,0,22,CITY_OK,3,29.13,7.13,2.13,True
w515863623,Бендеры,4.83,0.0,22,0,22,CITY_OK,3,28.98,6.98,1.98,True
w515863624,Бендеры,4.827,0.0,22,0,22,CITY_OK,3,28.96,6.96,1.96,True
w515863625,Бендеры,4.81,0.0,22,0,22,CITY_OK,3,28.86,6.86,1.86,True
w515863626,Бендеры,4.796,0.0,22,0,22,CITY_OK,3,28.78,6.78,1.78,True
w515863627,Бендеры,4.782,0.0,22,0,22,CITY_OK,3,28.69,6.69,1.69,True
w515863628,Бендеры,4.768,0.0,22,0,22,CITY_OK,3,28.61,6.61,1.61,True
w515863629,Бендеры,4.753,0.0,22,0,22,CITY_OK,3,28.52,6.52,1.52,True
w515863631,Бендеры,4.738,0.0,21,0,21,CITY_OK,3,28.43,7.43,2.43,False
w515863633,Бендеры,4.722,0.0,21,0,21,CITY_OK,3,28.33,7.33,2.33,True
w515863635,Бендеры,4.708,0.0,21,0,21,CITY_OK,3,28.25,7.25,2.25,True
w515863636,Бендеры,4.695,0.0,21,0,21,CITY_OK,3,28.17,7.17,2.17,True
w515864764,Бендеры,4.841,0.0,22,0,22,CITY_OK,3,29.05,7.05,2.05,True
w515864766,Бендеры,4.664,0.0,21,0,21,CITY_OK,3,27.98,6.98,1.98,True
w515864767,Бендеры,4.679,0.0,21,0,21,CITY_OK,3,28.07,7.07,2.07,True
w515864768,Бендеры,4.633,0.0,21,0,21,CITY_OK,3,27.8,6.8,1.8,True
w515864769,Бендеры,4.604,0.0,21,0,21,CITY_OK,3,27.62,6.62,1.62,True
w515864770,Бендеры,4.83,0.0,22,0,22,CITY_OK,3,28.98,6.98,1.98,True
w515864771,Бендеры,4.888,0.0,22,0,22,CITY_OK,3,29.33,7.33,2.33,True
w515864772,Бендеры,4.589,0.0,21,0,21,CITY_OK,3,27.53,6.53,1.53,True
w515864773,Бендеры,4.567,0.0,21,0,21,CITY_OK,3,27.4,6.4,1.4,True
w516134057,Бендеры,5.944,0.0,26,0,26,CITY_OK,3,35.66,9.66,4.66,False
w518287021,Бендеры,0.884,0.0,14,0,14,CITY_OK,1,18.0,4.0,-1.0,False
w525027750,Протягайловка,8.619,,37,,,OUTSIDE_DISTANCE_UNAVAILABLE,4,,,,
w528218630,Бендеры,0.961,0.0,14,0,14,CITY_OK,1,18.0,4.0,-1.0,False
w528387454,Бендеры,4.578,0.0,21,0,21,CITY_OK,3,27.47,6.47,1.47,True
w528387455,Бендеры,4.558,0.0,21,0,21,CITY_OK,3,27.35,6.35,1.35,True
w528387456,Бендеры,4.594,0.0,21,0,21,CITY_OK,3,27.56,6.56,1.56,True
w528387459,Бендеры,4.548,0.0,21,0,21,CITY_OK,3,27.29,6.29,1.29,True
w528387460,Бендеры,4.551,0.0,21,0,21,CITY_OK,3,27.31,6.31,1.31,True
w528387461,Бендеры,4.521,0.0,21,0,21,CITY_OK,3,27.13,6.13,1.13,True
w528486032,Бендеры,3.934,0.0,18,0,18,CITY_OK,2,23.6,5.6,0.6,True
w528507074,Бендеры,5.728,0.0,25,0,25,CITY_OK,3,34.37,9.37,4.37,False
w528507076,Бендеры,5.895,0.0,26,0,26,CITY_OK,3,35.37,9.37,4.37,False
w531442965,Гиска,5.059,,23,,,OUTSIDE_DISTANCE_UNAVAILABLE,3,,,,
w531442968,Гиска,5.059,,23,,,OUTSIDE_DISTANCE_UNAVAILABLE,3,,,,
w531442969,Гиска,4.846,,22,,,OUTSIDE_DISTANCE_UNAVAILABLE,3,,,,
w531442971,Гиска,4.88,,22,,,OUTSIDE_DISTANCE_UNAVAILABLE,3,,,,
w531442972,Гиска,4.918,,22,,,OUTSIDE_DISTANCE_UNAVAILABLE,3,,,,
w531443828,Бендеры,4.769,0.0,22,0,22,CITY_OK,3,28.61,6.61,1.61,True
w531443829,Бендеры,4.788,0.0,22,0,22,CITY_OK,3,28.73,6.73,1.73,True
w531443830,Бендеры,4.636,0.0,21,0,21,CITY_OK,3,27.82,6.82,1.82,True
w531443831,Бендеры,4.652,0.0,21,0,21,CITY_OK,3,27.91,6.91,1.91,True
w531446214,Бендеры,4.728,0.0,21,0,21,CITY_OK,3,28.37,7.37,2.37,False
w531446216,Бендеры,4.788,0.0,22,0,22,CITY_OK,3,28.73,6.73,1.73,True
w531446217,Бендеры,4.828,0.0,22,0,22,CITY_OK,3,28.97,6.97,1.97,True
w531446815,Бендеры,4.935,0.0,22,0,22,CITY_OK,3,29.61,7.61,2.61,False
w531448058,Бендеры,4.808,0.0,22,0,22,CITY_OK,3,28.85,6.85,1.85,True
w531448060,Бендеры,4.85,0.0,22,0,22,CITY_OK,3,29.1,7.1,2.1,True
w531449255,Бендеры,4.849,0.0,22,0,22,CITY_OK,3,29.09,7.09,2.09,True
w531449256,Бендеры,4.87,0.0,22,0,22,CITY_OK,3,29.22,7.22,2.22,True
w531449257,Бендеры,4.869,0.0,22,0,22,CITY_OK,3,29.21,7.21,2.21,True
w531449258,Бендеры,4.902,0.0,22,0,22,CITY_OK,3,29.41,7.41,2.41,True
w531449259,Гиска,4.937,,22,,,OUTSIDE_DISTANCE_UNAVAILABLE,3,,,,
w531451246,Гиска,4.958,,22,,,OUTSIDE_DISTANCE_UNAVAILABLE,3,,,,
w531451247,Гиска,4.987,,22,,,OUTSIDE_DISTANCE_UNAVAILABLE,3,,,,
w531451251,Бендеры,4.905,0.0,22,0,22,CITY_OK,3,29.43,7.43,2.43,True
w531451252,Бендеры,4.924,0.0,22,0,22,CITY_OK,3,29.54,7.54,2.54,False
w531466227,Бендеры,4.505,0.0,21,0,21,CITY_OK,3,27.03,6.03,1.03,True
w531466228,Бендеры,4.489,0.0,20,0,20,CITY_OK,3,26.93,6.93,1.93,True
w531466229,Бендеры,4.473,0.0,20,0,20,CITY_OK,3,26.84,6.84,1.84,True
w531470021,Бендеры,4.459,0.0,20,0,20,CITY_OK,3,26.75,6.75,1.75,True
w531470022,Бендеры,4.445,0.0,20,0,20,CITY_OK,3,26.67,6.67,1.67,True
w531470023,Бендеры,4.429,0.0,20,0,20,CITY_OK,3,26.57,6.57,1.57,True
w531470024,Бендеры,4.401,0.0,20,0,20,CITY_OK,3,26.41,6.41,1.41,True
w531651450,Бендеры,2.934,0.0,14,0,14,CITY_OK,2,18.0,4.0,-1.0,False
w531651451,Бендеры,2.897,0.0,14,0,14,CITY_OK,2,18.0,4.0,-1.0,False
w531651452,Бендеры,2.875,0.0,14,0,14,CITY_OK,2,18.0,4.0,-1.0,False
w531651455,Бендеры,2.882,0.0,14,0,14,CITY_OK,2,18.0,4.0,-1.0,False
w531651458,Бендеры,3.048,0.0,15,0,15,CITY_OK,2,18.29,3.29,-1.71,False
w531651463,Бендеры,2.754,0.0,14,0,14,CITY_OK,2,18.0,4.0,-1.0,False
w531939441,Гиска,6.646,,29,,,OUTSIDE_DISTANCE_UNAVAILABLE,4,,,,
w531939442,Гиска,6.67,,29,,,OUTSIDE_DISTANCE_UNAVAILABLE,4,,,,
w531939443,Гиска,6.677,,29,,,OUTSIDE_DISTANCE_UNAVAILABLE,4,,,,
w531939446,Гиска,6.66,,29,,,OUTSIDE_DISTANCE_UNAVAILABLE,4,,,,
w531939448,Гиска,6.617,,29,,,OUTSIDE_DISTANCE_UNAVAILABLE,4,,,,
w531939449,Гиска,6.506,,29,,,OUTSIDE_DISTANCE_UNAVAILABLE,4,,,,
w531939451,Гиска,6.582,,29,,,OUTSIDE_DISTANCE_UNAVAILABLE,4,,,,
w531939454,Гиска,6.561,,29,,,OUTSIDE_DISTANCE_UNAVAILABLE,4,,,,
w531939455,Гиска,6.539,,29,,,OUTSIDE_DISTANCE_UNAVAILABLE,4,,,,
w531939457,Гиска,6.524,,29,,,OUTSIDE_DISTANCE_UNAVAILABLE,4,,,,
w531939461,Гиска,6.577,,29,,,OUTSIDE_DISTANCE_UNAVAILABLE,4,,,,
w531939465,Гиска,6.822,,30,,,OUTSIDE_DISTANCE_UNAVAILABLE,4,,,,
w531939467,Гиска,6.788,,30,,,OUTSIDE_DISTANCE_UNAVAILABLE,4,,,,
w532010840,Бендеры,4.181,0.0,19,0,19,CITY_OK,3,25.09,6.09,1.09,True
w532683944,Бендеры,3.419,0.0,16,0,16,CITY_OK,2,20.51,4.51,-0.49,False
w532689732,Бендеры,4.193,0.0,19,0,19,CITY_OK,2,25.16,6.16,1.16,True
w532689733,Бендеры,3.672,0.0,17,0,17,CITY_OK,2,22.03,5.03,0.03,True
w532689734,Бендеры,4.801,0.0,22,0,22,CITY_OK,3,28.81,6.81,1.81,True
w532912846,Бендеры,3.796,0.0,18,0,18,CITY_OK,2,22.78,4.78,-0.22,False
w561469641,Бендеры,5.501,0.0,25,0,25,CITY_OK,3,33.01,8.01,3.01,False
w561982547,Бендеры,4.328,0.0,20,0,20,CITY_OK,3,25.97,5.97,0.97,True
w582365653,Протягайловка,6.458,,28,,,OUTSIDE_DISTANCE_UNAVAILABLE,4,,,,
w589383529,Протягайловка,7.302,,32,,,OUTSIDE_DISTANCE_UNAVAILABLE,4,,,,
w644316162,Бендеры,5.341,0.0,24,0,24,CITY_OK,3,32.05,8.05,3.05,False
w644885224,Протягайловка,6.184,,27,,,OUTSIDE_DISTANCE_UNAVAILABLE,4,,,,
w644905610,Бендеры,1.554,0.0,14,0,14,CITY_OK,1,18.0,4.0,-1.0,False
w657282821,Бендеры,1.998,0.0,14,0,14,CITY_OK,1,18.0,4.0,-1.0,False
w666173093,Бендеры,4.996,0.0,22,0,22,CITY_OK,3,29.98,7.98,2.98,False
w667705936,Бендеры,3.716,0.0,17,0,17,CITY_OK,2,22.3,5.3,0.3,True
w677073030,Протягайловка,4.809,,22,,,OUTSIDE_DISTANCE_UNAVAILABLE,3,,,,
w677073031,Протягайловка,4.957,,22,,,OUTSIDE_DISTANCE_UNAVAILABLE,3,,,,
w679824638,Бендеры,4.625,0.0,21,0,21,CITY_OK,3,27.75,6.75,1.75,True
w679824639,Бендеры,4.634,0.0,21,0,21,CITY_OK,3,27.8,6.8,1.8,True
w692836262,Бендеры,0.541,0.0,14,0,14,CITY_OK,1,18.0,4.0,-1.0,False
w701103174,Бендеры,0.791,0.0,14,0,14,CITY_OK,1,18.0,4.0,-1.0,False
w704981811,Бендеры,0.72,0.0,14,0,14,CITY_OK,1,18.0,4.0,-1.0,False
w705816382,Бендеры,2.334,0.0,14,0,14,CITY_OK,2,18.0,4.0,-1.0,False
w705834164,Бендеры,2.348,0.0,14,0,14,CITY_OK,2,18.0,4.0,-1.0,False
w705834165,Бендеры,2.358,0.0,14,0,14,CITY_OK,2,18.0,4.0,-1.0,False
w706969535,Бендеры,4.661,0.0,21,0,21,CITY_OK,3,27.97,6.97,1.97,True
w706969542,Бендеры,5.105,0.0,23,0,23,CITY_OK,3,30.63,7.63,2.63,False
w707299270,Гиска,8.096,,35,,,OUTSIDE_DISTANCE_UNAVAILABLE,4,,,,
w757835185,Бендеры,4.709,0.0,21,0,21,CITY_OK,3,28.25,7.25,2.25,True
w757869686,Бендеры,5.66,0.0,25,0,25,CITY_OK,3,33.96,8.96,3.96,False
w757869687,Бендеры,5.674,0.0,25,0,25,CITY_OK,3,34.04,9.04,4.04,False
w806228939,Бендеры,0.529,0.0,14,0,14,CITY_OK,1,18.0,4.0,-1.0,False
w806236956,Бендеры,0.795,0.0,14,0,14,CITY_OK,1,18.0,4.0,-1.0,False
w87493523,Бендеры,4.571,0.0,21,0,21,CITY_OK,3,27.43,6.43,1.43,True
w87493524,Бендеры,5.124,0.0,23,0,23,CITY_OK,3,30.74,7.74,2.74,False
w87493527,Бендеры,3.605,0.0,17,0,17,CITY_OK,2,21.63,4.63,-0.37,False
w87493532,Бендеры,4.956,0.0,22,0,22,CITY_OK,3,29.74,7.74,2.74,False
w87496991,Бендеры,0.708,0.0,14,0,14,CITY_OK,1,18.0,4.0,-1.0,False
w87499740,Бендеры,4.081,0.0,19,0,19,CITY_OK,2,24.49,5.49,0.49,True
w91847056,Бендеры,5.191,0.0,23,0,23,CITY_OK,3,31.15,8.15,3.15,False
w91847057,Бендеры,5.275,0.0,24,0,24,CITY_OK,3,31.65,7.65,2.65,True
w91847058,Бендеры,5.087,0.0,23,0,23,CITY_OK,3,30.52,7.52,2.52,True
w91847060,Бендеры,5.403,0.0,24,0,24,CITY_OK,3,32.42,8.42,3.42,False
w91847063,Бендеры,5.577,0.0,25,0,25,CITY_OK,3,33.46,8.46,3.46,False
w91847066,Бендеры,5.167,0.0,23,0,23,CITY_OK,3,31.0,8.0,3.0,False
w91847068,Бендеры,5.375,0.0,24,0,24,CITY_OK,3,32.25,8.25,3.25,False
w91847069,Бендеры,5.365,0.0,24,0,24,CITY_OK,3,32.19,8.19,3.19,False
w91847070,Бендеры,5.249,0.0,23,0,23,CITY_OK,3,31.49,8.49,3.49,False
w91847071,Бендеры,5.269,0.0,24,0,24,CITY_OK,3,31.61,7.61,2.61,True
w91847072,Бендеры,5.458,0.0,24,0,24,CITY_OK,3,32.75,8.75,3.75,False
w91847073,Бендеры,5.629,0.0,25,0,25,CITY_OK,3,33.77,8.77,3.77,False
w91847078,Бендеры,4.996,0.0,22,0,22,CITY_OK,3,29.98,7.98,2.98,False
w91847083,Бендеры,5.164,0.0,23,0,23,CITY_OK,3,30.98,7.98,2.98,False
w91847086,Бендеры,5.543,0.0,25,0,25,CITY_OK,3,33.26,8.26,3.26,False
w91847092,Бендеры,5.321,0.0,24,0,24,CITY_OK,3,31.93,7.93,2.93,False
w91847096,Бендеры,5.379,0.0,24,0,24,CITY_OK,3,32.27,8.27,3.27,False
w91847100,Бендеры,5.784,0.0,26,0,26,CITY_OK,3,34.7,8.7,3.7,False
w91847103,Бендеры,5.521,0.0,25,0,25,CITY_OK,3,33.13,8.13,3.13,False
w91847104,Бендеры,5.666,0.0,25,0,25,CITY_OK,3,34.0,9.0,4.0,False
w91847106,Бендеры,5.094,0.0,23,0,23,CITY_OK,3,30.56,7.56,2.56,False
w91847107,Бендеры,5.236,0.0,23,0,23,CITY_OK,3,31.42,8.42,3.42,False
w91847108,Бендеры,5.001,0.0,23,0,23,CITY_OK,3,30.01,7.01,2.01,True
w91847109,Бендеры,5.209,0.0,23,0,23,CITY_OK,3,31.25,8.25,3.25,False
w91847111,Бендеры,5.741,0.0,25,0,25,CITY_OK,3,34.45,9.45,4.45,False
w91847112,Бендеры,5.068,0.0,23,0,23,CITY_OK,3,30.41,7.41,2.41,True
w91847113,Бендеры,5.305,0.0,24,0,24,CITY_OK,3,31.83,7.83,2.83,False
w91847115,Бендеры,5.407,0.0,24,0,24,CITY_OK,3,32.44,8.44,3.44,False
w91847116,Бендеры,5.581,0.0,25,0,25,CITY_OK,3,33.49,8.49,3.49,False
w91847117,Бендеры,5.161,0.0,23,0,23,CITY_OK,3,30.97,7.97,2.97,False
w91847118,Бендеры,4.985,0.0,22,0,22,CITY_OK,3,29.91,7.91,2.91,False
w91847446,Бендеры,4.453,0.0,20,0,20,CITY_OK,2,26.72,6.72,1.72,True
w91847447,Бендеры,4.466,0.0,20,0,20,CITY_OK,2,26.8,6.8,1.8,True
w91847448,Бендеры,4.184,0.0,19,0,19,CITY_OK,2,25.1,6.1,1.1,True
w91847449,Бендеры,4.258,0.0,20,0,20,CITY_OK,2,25.55,5.55,0.55,True
w91847450,Бендеры,4.379,0.0,20,0,20,CITY_OK,2,26.27,6.27,1.27,True
w91847452,Бендеры,4.355,0.0,20,0,20,CITY_OK,2,26.13,6.13,1.13,True
w91847453,Бендеры,4.718,0.0,21,0,21,CITY_OK,3,28.31,7.31,2.31,True
w91847454,Бендеры,4.696,0.0,21,0,21,CITY_OK,3,28.18,7.18,2.18,True
w91847455,Бендеры,4.804,0.0,22,0,22,CITY_OK,3,28.82,6.82,1.82,True
w91847457,Бендеры,4.941,0.0,22,0,22,CITY_OK,3,29.65,7.65,2.65,False
w91847458,Бендеры,4.531,0.0,21,0,21,CITY_OK,3,27.19,6.19,1.19,True
w91847460,Бендеры,4.645,0.0,21,0,21,CITY_OK,3,27.87,6.87,1.87,True
w91847461,Бендеры,5.011,0.0,23,0,23,CITY_OK,3,30.07,7.07,2.07,True
w91848269,Бендеры,4.447,0.0,20,0,20,CITY_OK,2,26.68,6.68,1.68,True
w91848273,Бендеры,4.922,0.0,22,0,22,CITY_OK,3,29.53,7.53,2.53,False
w91848274,Бендеры,4.448,0.0,20,0,20,CITY_OK,2,26.69,6.69,1.69,True
w91848275,Бендеры,4.963,0.0,22,0,22,CITY_OK,3,29.78,7.78,2.78,False
w91848277,Бендеры,4.499,0.0,20,0,20,CITY_OK,3,26.99,6.99,1.99,True
w91848280,Бендеры,4.29,0.0,20,0,20,CITY_OK,2,25.74,5.74,0.74,True
w91848281,Бендеры,5.048,0.0,23,0,23,CITY_OK,3,30.29,7.29,2.29,True
w91848283,Бендеры,4.506,0.0,21,0,21,CITY_OK,3,27.04,6.04,1.04,True
w91848284,Бендеры,5.048,0.0,23,0,23,CITY_OK,3,30.29,7.29,2.29,True
w91848285,Бендеры,4.372,0.0,20,0,20,CITY_OK,2,26.23,6.23,1.23,True
w91848287,Бендеры,4.441,0.0,20,0,20,CITY_OK,2,26.65,6.65,1.65,True
w91848289,Бендеры,4.75,0.0,21,0,21,CITY_OK,3,28.5,7.5,2.5,False
w91848290,Бендеры,4.545,0.0,21,0,21,CITY_OK,3,27.27,6.27,1.27,True
w91848291,Бендеры,4.278,0.0,20,0,20,CITY_OK,2,25.67,5.67,0.67,True
w91848292,Бендеры,5.025,0.0,23,0,23,CITY_OK,3,30.15,7.15,2.15,True
w91848293,Бендеры,4.41,0.0,20,0,20,CITY_OK,2,26.46,6.46,1.46,True
w91848295,Бендеры,4.639,0.0,21,0,21,CITY_OK,3,27.83,6.83,1.83,True
w91848799,Бендеры,6.718,0.0,29,0,29,CITY_OK,4,40.31,11.31,6.31,False
w91848801,Бендеры,4.984,0.0,22,0,22,CITY_OK,3,29.9,7.9,2.9,False
w91848803,Бендеры,6.907,0.0,30,0,30,CITY_OK,4,41.44,11.44,6.44,False
w91848805,Бендеры,4.467,0.0,20,0,20,CITY_OK,2,26.8,6.8,1.8,True
w91848807,Бендеры,4.656,0.0,21,0,21,CITY_OK,3,27.94,6.94,1.94,True
w91848808,Бендеры,4.457,0.0,20,0,20,CITY_OK,2,26.74,6.74,1.74,True
w91848809,Бендеры,6.767,0.0,30,0,30,CITY_OK,4,40.6,10.6,5.6,False
w91848810,Бендеры,4.534,0.0,21,0,21,CITY_OK,3,27.2,6.2,1.2,True
w91848811,Бендеры,4.573,0.0,21,0,21,CITY_OK,3,27.44,6.44,1.44,True
w91848812,Бендеры,4.431,0.0,20,0,20,CITY_OK,2,26.59,6.59,1.59,True
w91850334,Бендеры,5.704,0.0,25,0,25,CITY_OK,3,34.22,9.22,4.22,False
w91850336,Бендеры,6.369,0.0,28,0,28,CITY_OK,4,38.21,10.21,5.21,False
w91850337,Бендеры,6.038,0.0,27,0,27,CITY_OK,4,36.23,9.23,4.23,False
w91850345,Бендеры,6.061,0.0,27,0,27,CITY_OK,4,36.37,9.37,4.37,False
w91850348,Протягайловка,6.663,,29,,,OUTSIDE_DISTANCE_UNAVAILABLE,4,,,,
w91850354,Бендеры,5.683,0.0,25,0,25,CITY_OK,3,34.1,9.1,4.1,False
w91850356,Бендеры,7.261,0.0,32,0,32,CITY_OK,4,43.57,11.57,6.57,False
w91850362,Бендеры,5.747,0.0,25,0,25,CITY_OK,3,34.48,9.48,4.48,False
w91850925,Бендеры,5.184,0.0,23,0,23,CITY_OK,3,31.1,8.1,3.1,False
w96821596,Бендеры,3.498,0.0,16,0,16,CITY_OK,2,20.99,4.99,-0.01,False
w96821598,Бендеры,1.126,0.0,14,0,14,CITY_OK,1,18.0,4.0,-1.0,False
w96821603,Бендеры,0.979,0.0,14,0,14,CITY_OK,1,18.0,4.0,-1.0,False
w96821604,Бендеры,1.184,0.0,14,0,14,CITY_OK,1,18.0,4.0,-1.0,False
w96821606,Бендеры,0.886,0.0,14,0,14,CITY_OK,1,18.0,4.0,-1.0,False
w96821612,Бендеры,0.799,0.0,14,0,14,CITY_OK,1,18.0,4.0,-1.0,False
w96821615,Бендеры,1.095,0.0,14,0,14,CITY_OK,1,18.0,4.0,-1.0,False
w96821618,Бендеры,0.232,0.0,14,0,14,CITY_OK,1,18.0,4.0,-1.0,False
w96821629,Бендеры,1.073,0.0,14,0,14,CITY_OK,1,18.0,4.0,-1.0,False
w96821630,Бендеры,0.379,0.0,14,0,14,CITY_OK,1,18.0,4.0,-1.0,False
w96821642,Бендеры,3.697,0.0,17,0,17,CITY_OK,2,22.18,5.18,0.18,True
w96821644,Бендеры,1.154,0.0,14,0,14,CITY_OK,1,18.0,4.0,-1.0,False
w96821653,Бендеры,0.985,0.0,14,0,14,CITY_OK,1,18.0,4.0,-1.0,False
w96821656,Бендеры,0.809,0.0,14,0,14,CITY_OK,1,18.0,4.0,-1.0,False
w96821658,Бендеры,0.916,0.0,14,0,14,CITY_OK,1,18.0,4.0,-1.0,False
w96821668,Бендеры,1.151,0.0,14,0,14,CITY_OK,1,18.0,4.0,-1.0,False
w96821674,Бендеры,1.28,0.0,14,0,14,CITY_OK,1,18.0,4.0,-1.0,False
w96821681,Бендеры,3.404,0.0,16,0,16,CITY_OK,2,20.42,4.42,-0.58,False
w96821683,Бендеры,1.177,0.0,14,0,14,CITY_OK,1,18.0,4.0,-1.0,False
w96821686,Бендеры,4.189,0.0,19,0,19,CITY_OK,2,25.13,6.13,1.13,True
w96821694,Бендеры,1.078,0.0,14,0,14,CITY_OK,1,18.0,4.0,-1.0,False
w96821703,Бендеры,0.857,0.0,14,0,14,CITY_OK,1,18.0,4.0,-1.0,False
w96821707,Бендеры,1.115,0.0,14,0,14,CITY_OK,1,18.0,4.0,-1.0,False
w96821724,Бендеры,1.412,0.0,14,0,14,CITY_OK,1,18.0,4.0,-1.0,False
w96821730,Бендеры,1.137,0.0,14,0,14,CITY_OK,1,18.0,4.0,-1.0,False
w96821731,Бендеры,0.278,0.0,14,0,14,CITY_OK,1,18.0,4.0,-1.0,False
w96821733,Бендеры,0.83,0.0,14,0,14,CITY_OK,1,18.0,4.0,-1.0,False
w96821744,Бендеры,3.437,0.0,16,0,16,CITY_OK,2,20.62,4.62,-0.38,False
w96821756,Бендеры,1.379,0.0,14,0,14,CITY_OK,1,18.0,4.0,-1.0,False
w96821759,Бендеры,3.171,0.0,15,0,15,CITY_OK,2,19.03,4.03,-0.97,False
w96821762,Бендеры,1.394,0.0,14,0,14,CITY_OK,1,18.0,4.0,-1.0,False
w96821767,Бендеры,3.345,0.0,16,0,16,CITY_OK,2,20.07,4.07,-0.93,False
w96921985,Бендеры,3.571,0.0,17,0,17,CITY_OK,2,21.43,4.43,-0.57,False
