address_id,route_km,taxi_reference_rub,driver_best_take_rub,formula_fee_rub,client_saving_rub,driver_gap_rub,balanced_ok
w531651455,2.882,18.0,13.0,12,6.0,1.0,True
n2323574999,2.883,18.0,13.0,12,6.0,1.0,True
w161048739,2.885,18.0,13.0,12,6.0,1.0,True
w352306070,2.885,18.0,13.0,12,6.0,1.0,True
w354300764,2.887,18.0,13.0,12,6.0,1.0,True
w340414544,2.891,18.0,13.0,12,6.0,1.0,True
w323694276,2.892,18.0,13.0,12,6.0,1.0,True
w405169693,2.893,18.0,13.0,12,6.0,1.0,True
w340414535,2.895,18.0,13.0,12,6.0,1.0,True
w352307860,2.895,18.0,13.0,12,6.0,1.0,True
w531651451,2.897,18.0,13.0,12,6.0,1.0,True
w317089143,2.908,18.0,13.0,12,6.0,1.0,True
w352306787,2.911,18.0,13.0,12,6.0,1.0,True
w405169694,2.911,18.0,13.0,12,6.0,1.0,True
w323694277,2.912,18.0,13.0,12,6.0,1.0,True
w340414537,2.912,18.0,13.0,12,6.0,1.0,True
w352307861,2.912,18.0,13.0,12,6.0,1.0,True
w352306788,2.913,18.0,13.0,12,6.0,1.0,True
w352307862,2.925,18.0,13.0,12,6.0,1.0,True
w315035701,2.926,18.0,13.0,12,6.0,1.0,True
w315035700,2.928,18.0,13.0,12,6.0,1.0,True
w340414542,2.928,18.0,13.0,12,6.0,1.0,True
w317058938,2.929,18.0,13.0,12,6.0,1.0,True
w352306789,2.929,18.0,13.0,12,6.0,1.0,True
w352306791,2.93,18.0,13.0,12,6.0,1.0,True
w161048734,2.932,18.0,13.0,12,6.0,1.0,True
w47475158,2.933,18.0,13.0,12,6.0,1.0,True
w531651450,2.934,18.0,13.0,12,6.0,1.0,True
w405169691,2.937,18.0,13.0,12,6.0,1.0,True
w352307864,2.941,18.0,13.0,12,6.0,1.0,True
w209654376,2.944,18.0,13.0,12,6.0,1.0,True
w406631293,2.944,18.0,13.0,12,6.0,1.0,True
w352306790,2.947,18.0,13.0,12,6.0,1.0,True
w315036780,2.95,18.0,13.0,12,6.0,1.0,True
w352306792,2.95,18.0,13.0,12,6.0,1.0,True
w352307863,2.95,18.0,13.0,12,6.0,1.0,True
w428778441,2.951,18.0,13.0,12,6.0,1.0,True
w317089142,2.952,18.0,13.0,12,6.0,1.0,True
w354626503,2.954,18.0,13.0,12,6.0,1.0,True
w352307865,2.962,18.0,13.0,12,6.0,1.0,True
w161048749,2.971,18.0,13.0,12,6.0,1.0,True
w319384388,2.972,18.0,13.0,12,6.0,1.0,True
w354300756,2.972,18.0,13.0,12,6.0,1.0,True
w405169697,2.973,18.0,13.0,12,6.0,1.0,True
w354300763,2.975,18.0,13.0,12,6.0,1.0,True
w352307867,2.977,18.0,13.0,12,6.0,1.0,True
w354300759,2.988,18.0,13.0,12,6.0,1.0,True
w352306780,2.99,18.0,13.0,12,6.0,1.0,True
w209654289,2.991,18.0,13.0,12,6.0,1.0,True
w319384387,2.995,18.0,13.0,12,6.0,1.0,True
w352307871,3.0,18.0,13.0,13,5.0,0.0,True
w224082046,3.003,18.02,13.02,13,5.02,0.02,True
w352307872,3.003,18.02,13.02,13,5.02,0.02,True
w354300758,3.005,18.03,13.03,13,5.03,0.03,True
w352464261,3.02,18.12,13.12,13,5.12,0.12,True
w405169696,3.025,18.15,13.15,13,5.15,0.15,True
w317089144,3.026,18.16,13.16,13,5.16,0.16,True
w352307870,3.026,18.16,13.16,13,5.16,0.16,True
w353619657,3.026,18.16,13.16,13,5.16,0.16,True
w315848059,3.031,18.19,13.19,13,5.19,0.19,True
w317089145,3.035,18.21,13.21,13,5.21,0.21,True
w354300762,3.037,18.22,13.22,13,5.22,0.22,True
w209654351,3.038,18.23,13.23,13,5.23,0.23,True
w352468386,3.045,18.27,13.27,13,5.27,0.27,True
w352464262,3.046,18.28,13.28,13,5.28,0.28,True
w352464260,3.047,18.28,13.28,13,5.28,0.28,True
w531651458,3.048,18.29,13.29,13,5.29,0.29,True
w352307869,3.054,18.32,13.32,13,5.32,0.32,True
w47475182,3.054,18.32,13.32,13,5.32,0.32,True
w352468407,3.056,18.34,13.34,13,5.34,0.34,True
w352309082,3.062,18.37,13.37,13,5.37,0.37,True
w428778443,3.064,18.38,13.38,13,5.38,0.38,True
w352307873,3.065,18.39,13.39,13,5.39,0.39,True
w352309081,3.065,18.39,13.39,13,5.39,0.39,True
w352464259,3.066,18.4,13.4,13,5.4,0.4,True
w352312099,3.076,18.46,13.46,13,5.46,0.46,True
w350364157,3.079,18.47,13.47,13,5.47,0.47,True
w428778444,3.08,18.48,13.48,13,5.48,0.48,True
w352468410,3.086,18.52,13.52,13,5.52,0.52,True
w352464258,3.088,18.53,13.53,13,5.53,0.53,True
w352464255,3.09,18.54,13.54,13,5.54,0.54,True
w354300757,3.098,18.59,13.59,13,5.59,0.59,True
w352468414,3.1,18.6,13.6,13,5.6,0.6,True
w350364158,3.103,18.62,13.62,13,5.62,0.62,True
w353619668,3.104,18.62,13.62,13,5.62,0.62,True
w352464257,3.133,18.8,13.8,13,5.8,0.8,True
w352464254,3.137,18.82,13.82,13,5.82,0.82,True
w352306056,3.142,18.85,13.85,13,5.85,0.85,True
w352309085,3.147,18.88,13.88,13,5.88,0.88,True
w318188287,3.149,18.89,13.89,13,5.89,0.89,True
w352309529,3.152,18.91,13.91,13,5.91,0.91,True
w318188283,3.153,18.92,13.92,13,5.92,0.92,True
w352306057,3.158,18.95,13.95,13,5.95,0.95,True
w352468381,3.159,18.95,13.95,13,5.95,0.95,True
w47475169,3.16,18.96,13.96,13,5.96,0.96,True
w318188286,3.165,18.99,13.99,13,5.99,0.99,True
w96821759,3.171,19.03,14.03,14,5.03,0.03,True
w318188289,3.172,19.03,14.03,14,5.03,0.03,True
w352468384,3.175,19.05,14.05,14,5.05,0.05,True
w352312092,3.177,19.06,14.06,14,5.06,0.06,True
w318188288,3.178,19.07,14.07,14,5.07,0.07,True
w318188290,3.187,19.12,14.12,14,5.12,0.12,True
w352468398,3.189,19.13,14.13,14,5.13,0.13,True
w352309084,3.191,19.15,14.15,14,5.15,0.15,True
w352309777,3.192,19.15,14.15,14,5.15,0.15,True
w318188291,3.193,19.16,14.16,14,5.16,0.16,True
w47467972,3.193,19.16,14.16,14,5.16,0.16,True
w352312093,3.195,19.17,14.17,14,5.17,0.17,True
w352468412,3.195,19.17,14.17,14,5.17,0.17,True
w352309767,3.196,19.18,14.18,14,5.18,0.18,True
w352469700,3.198,19.19,14.19,14,5.19,0.19,True
w47475183,3.198,19.19,14.19,14,5.19,0.19,True
w352468394,3.2,19.2,14.2,14,5.2,0.2,True
w352469699,3.201,19.21,14.21,14,5.21,0.21,True
w318188293,3.202,19.21,14.21,14,5.21,0.21,True
w352468400,3.204,19.22,14.22,14,5.22,0.22,True
w352312096,3.211,19.27,14.27,14,5.27,0.27,True
w352309774,3.212,19.27,14.27,14,5.27,0.27,True
w352469704,3.212,19.27,14.27,14,5.27,0.27,True
w47475161,3.212,19.27,14.27,14,5.27,0.27,True
w352306067,3.215,19.29,14.29,14,5.29,0.29,True
w318188294,3.219,19.31,14.31,14,5.31,0.31,True
w352468396,3.22,19.32,14.32,14,5.32,0.32,True
w352309763,3.221,19.33,14.33,14,5.33,0.33,True
w352469701,3.222,19.33,14.33,14,5.33,0.33,True
w352309779,3.226,19.36,14.36,14,5.36,0.36,True
w352312097,3.226,19.36,14.36,14,5.36,0.36,True
w330410221,3.23,19.38,14.38,14,5.38,0.38,True
w47475167,3.231,19.39,14.39,14,5.39,0.39,True
w352309772,3.234,19.4,14.4,14,5.4,0.4,True
w47475156,3.236,19.42,14.42,14,5.42,0.42,True
w352469702,3.238,19.43,14.43,14,5.43,0.43,True
w47467969,3.239,19.43,14.43,14,5.43,0.43,True
n12143937485,3.241,19.45,14.45,14,5.45,0.45,True
w352468392,3.241,19.45,14.45,14,5.45,0.45,True
w352309776,3.245,19.47,14.47,14,5.47,0.47,True
w352306364,3.246,19.48,14.48,14,5.48,0.48,True
w330883126,3.252,19.51,14.51,14,5.51,0.51,True
w352306367,3.258,19.55,14.55,14,5.55,0.55,True
w47475181,3.26,19.56,14.56,14,5.56,0.56,True
w352306365,3.266,19.6,14.6,14,5.6,0.6,True
w160024295,3.267,19.6,14.6,14,5.6,0.6,True
w47475164,3.267,19.6,14.6,14,5.6,0.6,True
w330883125,3.268,19.61,14.61,14,5.61,0.61,True
w47475160,3.268,19.61,14.61,14,5.61,0.61,True
w318188296,3.271,19.63,14.63,14,5.63,0.63,True
n2325412688,3.28,19.68,14.68,14,5.68,0.68,True
w352309768,3.281,19.69,14.69,14,5.69,0.69,True
w352312134,3.282,19.69,14.69,14,5.69,0.69,True
w330410222,3.283,19.7,14.7,14,5.7,0.7,True
w352312135,3.284,19.7,14.7,14,5.7,0.7,True
w47475157,3.288,19.73,14.73,14,5.73,0.73,True
w47467973,3.289,19.73,14.73,14,5.73,0.73,True
w318188297,3.29,19.74,14.74,14,5.74,0.74,True
w352312132,3.3,19.8,14.8,14,5.8,0.8,True
w352312136,3.3,19.8,14.8,14,5.8,0.8,True
w318188298,3.304,19.82,14.82,14,5.82,0.82,True
w330410224,3.308,19.85,14.85,14,5.85,0.85,True
w352469712,3.311,19.87,14.87,14,5.87,0.87,True
w352469710,3.312,19.87,14.87,14,5.87,0.87,True
w352468401,3.313,19.88,14.88,14,5.88,0.88,True
w319390744,3.314,19.88,14.88,14,5.88,0.88,True
w352312139,3.314,19.88,14.88,14,5.88,0.88,True
w318188299,3.319,19.91,14.91,14,5.91,0.91,True
w47475180,3.319,19.91,14.91,14,5.91,0.91,True
w352469717,3.324,19.94,14.94,14,5.94,0.94,True
w405292300,3.324,19.94,14.94,14,5.94,0.94,True
w160024307,3.326,19.96,14.96,14,5.96,0.96,True
w310206419,3.326,19.96,14.96,14,5.96,0.96,True
w319390740,3.327,19.96,14.96,14,5.96,0.96,True
w352468405,3.327,19.96,14.96,14,5.96,0.96,True
w319390746,3.329,19.97,14.97,14,5.97,0.97,True
w47475165,3.331,19.99,14.99,14,5.99,0.99,True
w310206420,3.333,20.0,15.0,14,6.0,1.0,True
w319390755,3.333,20.0,15.0,14,6.0,1.0,True
w318188300,3.334,20.0,15.0,15,5.0,0.0,True
w405292301,3.334,20.0,15.0,15,5.0,0.0,True
w352312131,3.335,20.01,15.01,15,5.01,0.01,True
w318188258,3.336,20.02,15.02,15,5.02,0.02,True
w319390735,3.337,20.02,15.02,15,5.02,0.02,True
w352312130,3.338,20.03,15.03,15,5.03,0.03,True
w209262272,3.34,20.04,15.04,15,5.04,0.04,True
w320382878,3.34,20.04,15.04,15,5.04,0.04,True
w333999696,3.34,20.04,15.04,15,5.04,0.04,True
w319147348,3.342,20.05,15.05,15,5.05,0.05,True
w405292302,3.342,20.05,15.05,15,5.05,0.05,True
w96821767,3.345,20.07,15.07,15,5.07,0.07,True
w319390758,3.346,20.08,15.08,15,5.08,0.08,True
w352469718,3.346,20.08,15.08,15,5.08,0.08,True
w310206421,3.347,20.08,15.08,15,5.08,0.08,True
w318122808,3.347,20.08,15.08,15,5.08,0.08,True
w352312128,3.348,20.09,15.09,15,5.09,0.09,True
w47475148,3.35,20.1,15.1,15,5.1,0.1,True
w352312113,3.351,20.11,15.11,15,5.11,0.11,True
w318122843,3.354,20.12,15.12,15,5.12,0.12,True
w352312126,3.354,20.12,15.12,15,5.12,0.12,True
w319390733,3.356,20.14,15.14,15,5.14,0.14,True
w352312127,3.357,20.14,15.14,15,5.14,0.14,True
w319147347,3.359,20.15,15.15,15,5.15,0.15,True
w318122810,3.36,20.16,15.16,15,5.16,0.16,True
w352309769,3.361,20.17,15.17,15,5.17,0.17,True
w405292294,3.361,20.17,15.17,15,5.17,0.17,True
w47475176,3.361,20.17,15.17,15,5.17,0.17,True
w319390759,3.362,20.17,15.17,15,5.17,0.17,True
w320444326,3.364,20.18,15.18,15,5.18,0.18,True
w352312124,3.367,20.2,15.2,15,5.2,0.2,True
w319390729,3.372,20.23,15.23,15,5.23,0.23,True
w318122811,3.374,20.24,15.24,15,5.24,0.24,True
w319147346,3.375,20.25,15.25,15,5.25,0.25,True
w352312114,3.38,20.28,15.28,15,5.28,0.28,True
w225221603,3.383,20.3,15.3,15,5.3,0.3,True
w352312119,3.384,20.3,15.3,15,5.3,0.3,True
w352312123,3.384,20.3,15.3,15,5.3,0.3,True
w399048812,3.385,20.31,15.31,15,5.31,0.31,True
w318188260,3.387,20.32,15.32,15,5.32,0.32,True
w318122813,3.388,20.33,15.33,15,5.33,0.33,True
w319390760,3.388,20.33,15.33,15,5.33,0.33,True
w319147345,3.389,20.33,15.33,15,5.33,0.33,True
w319390725,3.389,20.33,15.33,15,5.33,0.33,True
w352312100,3.397,20.38,15.38,15,5.38,0.38,True
w318188261,3.4,20.4,15.4,15,5.4,0.4,True
w352312105,3.4,20.4,15.4,15,5.4,0.4,True
w47475152,3.401,20.41,15.41,15,5.41,0.41,True
w320382879,3.402,20.41,15.41,15,5.41,0.41,True
w96821681,3.404,20.42,15.42,15,5.42,0.42,True
w319147344,3.405,20.43,15.43,15,5.43,0.43,True
w404798031,3.406,20.44,15.44,15,5.44,0.44,True
w319390721,3.408,20.45,15.45,15,5.45,0.45,True
w352306368,3.408,20.45,15.45,15,5.45,0.45,True
w47475155,3.41,20.46,15.46,15,5.46,0.46,True
w352313149,3.412,20.47,15.47,15,5.47,0.47,True
w318188262,3.415,20.49,15.49,15,5.49,0.49,True
w319390762,3.417,20.5,15.5,15,5.5,0.5,True
w404774442,3.418,20.51,15.51,15,5.51,0.51,True
w352312102,3.419,20.51,15.51,15,5.51,0.51,True
w532683944,3.419,20.51,15.51,15,5.51,0.51,True
w319147343,3.42,20.52,15.52,15,5.52,0.52,True
w352307875,3.423,20.54,15.54,15,5.54,0.54,True
w405292292,3.423,20.54,15.54,15,5.54,0.54,True
n2325422554,3.424,20.54,15.54,15,5.54,0.54,True
n5168724812,3.424,20.54,15.54,15,5.54,0.54,True
w319390719,3.426,20.56,15.56,15,5.56,0.56,True
w399048811,3.426,20.56,15.56,15,5.56,0.56,True
w318122845,3.427,20.56,15.56,15,5.56,0.56,True
w352312109,3.428,20.57,15.57,15,5.57,0.57,True
w318188263,3.43,20.58,15.58,15,5.58,0.58,True
w319390765,3.432,20.59,15.59,15,5.59,0.59,True
w405292297,3.432,20.59,15.59,15,5.59,0.59,True
w225221602,3.434,20.6,15.6,15,5.6,0.6,True
w318188268,3.434,20.6,15.6,15,5.6,0.6,True
w319390737,3.435,20.61,15.61,15,5.61,0.61,True
w352313148,3.435,20.61,15.61,15,5.61,0.61,True
w320444322,3.436,20.62,15.62,15,5.62,0.62,True
w96821744,3.437,20.62,15.62,15,5.62,0.62,True
w404774441,3.439,20.63,15.63,15,5.63,0.63,True
w47467967,3.439,20.63,15.63,15,5.63,0.63,True
w319390717,3.441,20.65,15.65,15,5.65,0.65,True
w404771107,3.441,20.65,15.65,15,5.65,0.65,True
w318188302,3.444,20.66,15.66,15,5.66,0.66,True
w318188264,3.445,20.67,15.67,15,5.67,0.67,True
w319384383,3.446,20.68,15.68,15,5.68,0.68,True
w352312110,3.446,20.68,15.68,15,5.68,0.68,True
w318188267,3.449,20.69,15.69,15,5.69,0.69,True
w352469720,3.45,20.7,15.7,15,5.7,0.7,True
w404776025,3.45,20.7,15.7,15,5.7,0.7,True
w352469721,3.451,20.71,15.71,15,5.71,0.71,True
w404776033,3.451,20.71,15.71,15,5.71,0.71,True
w319616191,3.452,20.71,15.71,15,5.71,0.71,True
w165763744,3.454,20.72,15.72,15,5.72,0.72,True
w404771108,3.454,20.72,15.72,15,5.72,0.72,True
w404774440,3.456,20.74,15.74,15,5.74,0.74,True
w320444320,3.458,20.75,15.75,15,5.75,0.75,True
w320444304,3.46,20.76,15.76,15,5.76,0.76,True
w318188269,3.462,20.77,15.77,15,5.77,0.77,True
n4853320322,3.463,20.78,15.78,15,5.78,0.78,True
w352313147,3.463,20.78,15.78,15,5.78,0.78,True
w318188266,3.464,20.78,15.78,15,5.78,0.78,True
w405292298,3.464,20.78,15.78,15,5.78,0.78,True
w320444317,3.467,20.8,15.8,15,5.8,0.8,True
w352312112,3.468,20.81,15.81,15,5.81,0.81,True
w404774439,3.468,20.81,15.81,15,5.81,0.81,True
w404771109,3.469,20.81,15.81,15,5.81,0.81,True
w405171335,3.471,20.83,15.83,15,5.83,0.83,True
w320444305,3.473,20.84,15.84,15,5.84,0.84,True
w319616189,3.474,20.84,15.84,15,5.84,0.84,True
w318188270,3.475,20.85,15.85,15,5.85,0.85,True
w320444319,3.475,20.85,15.85,15,5.85,0.85,True
w352312107,3.478,20.87,15.87,15,5.87,0.87,True
w209262296,3.483,20.9,15.9,15,5.9,0.9,True
w320444313,3.483,20.9,15.9,15,5.9,0.9,True
w405171334,3.484,20.9,15.9,15,5.9,0.9,True
w352469714,3.489,20.93,15.93,15,5.93,0.93,True
w47467971,3.489,20.93,15.93,15,5.93,0.93,True
w318188274,3.49,20.94,15.94,15,5.94,0.94,True
w320444314,3.491,20.95,15.95,15,5.95,0.95,True
w404776027,3.491,20.95,15.95,15,5.95,0.95,True
w414674678,3.491,20.95,15.95,15,5.95,0.95,True
w320444312,3.496,20.98,15.98,15,5.98,0.98,True
w96821596,3.498,20.99,15.99,15,5.99,0.99,True
w352312106,3.499,20.99,15.99,15,5.99,0.99,True
n2325402378,3.501,21.01,16.01,16,5.01,0.01,True
w352469716,3.502,21.01,16.01,16,5.01,0.01,True
w225221600,3.506,21.04,16.04,16,5.04,0.04,True
w404859439,3.506,21.04,16.04,16,5.04,0.04,True
n4515161591,3.51,21.06,16.06,16,5.06,0.06,True
w320444308,3.51,21.06,16.06,16,5.06,0.06,True
w318188275,3.511,21.07,16.07,16,5.07,0.07,True
w320444307,3.512,21.07,16.07,16,5.07,0.07,True
w320444323,3.512,21.07,16.07,16,5.07,0.07,True
w404859435,3.513,21.08,16.08,16,5.08,0.08,True
w318188265,3.517,21.1,16.1,16,5.1,0.1,True
w319144175,3.517,21.1,16.1,16,5.1,0.1,True
w319144220,3.517,21.1,16.1,16,5.1,0.1,True
w404776029,3.52,21.12,16.12,16,5.12,0.12,True
w318188277,3.521,21.13,16.13,16,5.13,0.13,True
w404771112,3.526,21.16,16.16,16,5.16,0.16,True
w116073003,3.527,21.16,16.16,16,5.16,0.16,True
w404859440,3.528,21.17,16.17,16,5.17,0.17,True
w354300761,3.529,21.17,16.17,16,5.17,0.17,True
w309866944,3.531,21.19,16.19,16,5.19,0.19,True
w319144172,3.532,21.19,16.19,16,5.19,0.19,True
w319144217,3.533,21.2,16.2,16,5.2,0.2,True
w352470475,3.534,21.2,16.2,16,5.2,0.2,True
w404771117,3.534,21.2,16.2,16,5.2,0.2,True
w320444325,3.535,21.21,16.21,16,5.21,0.21,True
w318188278,3.536,21.22,16.22,16,5.22,0.22,True
w404859442,3.543,21.26,16.26,16,5.26,0.26,True
w319144169,3.547,21.28,16.28,16,5.28,0.28,True
w225221599,3.55,21.3,16.3,16,5.3,0.3,True
w319144191,3.55,21.3,16.3,16,5.3,0.3,True
w342058746,3.55,21.3,16.3,16,5.3,0.3,True
w352470477,3.55,21.3,16.3,16,5.3,0.3,True
w405171336,3.55,21.3,16.3,16,5.3,0.3,True
w318188280,3.551,21.31,16.31,16,5.31,0.31,True
w405171337,3.556,21.34,16.34,16,5.34,0.34,True
w319144165,3.559,21.35,16.35,16,5.35,0.35,True
n2325785717,3.562,21.37,16.37,16,5.37,0.37,True
w116073002,3.562,21.37,16.37,16,5.37,0.37,True
w225221601,3.562,21.37,16.37,16,5.37,0.37,True
w320444327,3.562,21.37,16.37,16,5.37,0.37,True
w319144188,3.563,21.38,16.38,16,5.38,0.38,True
w330410220,3.563,21.38,16.38,16,5.38,0.38,True
w352470459,3.563,21.38,16.38,16,5.38,0.38,True
w316026031,3.564,21.38,16.38,16,5.38,0.38,True
w352470478,3.565,21.39,16.39,16,5.39,0.39,True
n2323452875,3.567,21.4,16.4,16,5.4,0.4,True
w320444329,3.567,21.4,16.4,16,5.4,0.4,True
w330410217,3.567,21.4,16.4,16,5.4,0.4,True
w319144163,3.571,21.43,16.43,16,5.43,0.43,True
w96921985,3.571,21.43,16.43,16,5.43,0.43,True
w319616182,3.572,21.43,16.43,16,5.43,0.43,True
w342058738,3.574,21.44,16.44,16,5.44,0.44,True
w319144185,3.58,21.48,16.48,16,5.48,0.48,True
w319384381,3.583,21.5,16.5,16,5.5,0.5,True
w319144160,3.587,21.52,16.52,16,5.52,0.52,True
w404776036,3.587,21.52,16.52,16,5.52,0.52,True
w161048766,3.589,21.53,16.53,16,5.53,0.53,True
w319144223,3.591,21.55,16.55,16,5.55,0.55,True
w318702079,3.595,21.57,16.57,16,5.57,0.57,True
w342058739,3.596,21.58,16.58,16,5.58,0.58,True
w319400641,3.598,21.59,16.59,16,5.59,0.59,True
w319616184,3.601,21.61,16.61,16,5.61,0.61,True
w319144157,3.602,21.61,16.61,16,5.61,0.61,True
w330410219,3.602,21.61,16.61,16,5.61,0.61,True
w87493527,3.605,21.63,16.63,16,5.63,0.63,True
w342058741,3.611,21.67,16.67,16,5.67,0.67,True
w318702077,3.612,21.67,16.67,16,5.67,0.67,True
w319616171,3.613,21.68,16.68,16,5.68,0.68,True
w319400642,3.615,21.69,16.69,16,5.69,0.69,True
w342058744,3.626,21.76,16.76,16,5.76,0.76,True
w319144154,3.627,21.76,16.76,16,5.76,0.76,True
w318701866,3.632,21.79,16.79,16,5.79,0.79,True
n4243884391,3.636,21.82,16.82,16,5.82,0.82,True
w318701865,3.637,21.82,16.82,16,5.82,0.82,True
n4397874238,3.639,21.83,16.83,16,5.83,0.83,True
w319144151,3.642,21.85,16.85,16,5.85,0.85,True
w342058745,3.642,21.85,16.85,16,5.85,0.85,True
w352470488,3.643,21.86,16.86,16,5.86,0.86,True
w310488609,3.645,21.87,16.87,16,5.87,0.87,True
w319144200,3.647,21.88,16.88,16,5.88,0.88,True
w330883122,3.648,21.89,16.89,16,5.89,0.89,True
w319616162,3.651,21.91,16.91,16,5.91,0.91,True
w183481012,3.655,21.93,16.93,16,5.93,0.93,True
w353044457,3.655,21.93,16.93,16,5.93,0.93,True
w319144149,3.656,21.94,16.94,16,5.94,0.94,True
w404859441,3.658,21.95,16.95,16,5.95,0.95,True
w350364161,3.659,21.95,16.95,16,5.95,0.95,True
w310488608,3.662,21.97,16.97,16,5.97,0.97,True
w404859443,3.665,21.99,16.99,16,5.99,0.99,True
w319144146,3.671,22.03,17.03,17,5.03,0.03,True
w532689733,3.672,22.03,17.03,17,5.03,0.03,True
w441951719,3.674,22.04,17.04,17,5.04,0.04,True
w310206422,3.675,22.05,17.05,17,5.05,0.05,True
w350364160,3.676,22.06,17.06,17,5.06,0.06,True
w399048809,3.676,22.06,17.06,17,5.06,0.06,True
w115331498,3.682,22.09,17.09,17,5.09,0.09,True
w330410223,3.686,22.12,17.12,17,5.12,0.12,True
w399048970,3.691,22.15,17.15,17,5.15,0.15,True
w318701858,3.692,22.15,17.15,17,5.15,0.15,True
w319144143,3.693,22.16,17.16,17,5.16,0.16,True
w352470471,3.696,22.18,17.18,17,5.18,0.18,True
w96821642,3.697,22.18,17.18,17,5.18,0.18,True
w404798033,3.698,22.19,17.19,17,5.19,0.19,True
w399048971,3.702,22.21,17.21,17,5.21,0.21,True
w318701810,3.704,22.22,17.22,17,5.22,0.22,True
n5418190324,3.705,22.23,17.23,17,5.23,0.23,True
w319142248,3.705,22.23,17.23,17,5.23,0.23,True
w404776039,3.705,22.23,17.23,17,5.23,0.23,True
w299409645,3.709,22.25,17.25,17,5.25,0.25,True
w165763748,3.712,22.27,17.27,17,5.27,0.27,True
w319400643,3.715,22.29,17.29,17,5.29,0.29,True
w404774424,3.715,22.29,17.29,17,5.29,0.29,True
w667705936,3.716,22.3,17.3,17,5.3,0.3,True
w318701809,3.721,22.33,17.33,17,5.33,0.33,True
w352470465,3.721,22.33,17.33,17,5.33,0.33,True
n4397873703,3.724,22.34,17.34,17,5.34,0.34,True
w303917471,3.727,22.36,17.36,17,5.36,0.36,True
w399048972,3.728,22.37,17.37,17,5.37,0.37,True
n2325809577,3.729,22.37,17.37,17,5.37,0.37,True
n4397873350,3.729,22.37,17.37,17,5.37,0.37,True
w404774426,3.73,22.38,17.38,17,5.38,0.38,True
n2339271515,3.732,22.39,17.39,17,5.39,0.39,True
n4397873847,3.737,22.42,17.42,17,5.42,0.42,True
w404774423,3.741,22.45,17.45,17,5.45,0.45,True
w318701800,3.745,22.47,17.47,17,5.47,0.47,True
w404770766,3.745,22.47,17.47,17,5.47,0.47,True
w404774427,3.746,22.48,17.48,17,5.48,0.48,True
n2323672952,3.747,22.48,17.48,17,5.48,0.48,True
w159914378,3.747,22.48,17.48,17,5.48,0.48,True
w319144136,3.747,22.48,17.48,17,5.48,0.48,True
w352470466,3.747,22.48,17.48,17,5.48,0.48,True
w404791979,3.748,22.49,17.49,17,5.49,0.49,True
w330410218,3.759,22.55,17.55,17,5.55,0.55,True
w414674681,3.762,22.57,17.57,17,5.57,0.57,True
w318701796,3.763,22.58,17.58,17,5.58,0.58,True
w404770764,3.764,22.58,17.58,17,5.58,0.58,True
w319142246,3.765,22.59,17.59,17,5.59,0.59,True
w404772365,3.767,22.6,17.6,17,5.6,0.6,True
w404771116,3.772,22.63,17.63,17,5.63,0.63,True
w318701793,3.773,22.64,17.64,17,5.64,0.64,True
w414674683,3.774,22.64,17.64,17,5.64,0.64,True
w414674682,3.775,22.65,17.65,17,5.65,0.65,True
n11888388469,3.777,22.66,17.66,17,5.66,0.66,True
w404791980,3.778,22.67,17.67,17,5.67,0.67,True
w352313730,3.781,22.69,17.69,17,5.69,0.69,True
w352313728,3.783,22.7,17.7,17,5.7,0.7,True
w404770763,3.784,22.7,17.7,17,5.7,0.7,True
w404772364,3.786,22.72,17.72,17,5.72,0.72,True
w318701779,3.79,22.74,17.74,17,5.74,0.74,True
w319141456,3.79,22.74,17.74,17,5.74,0.74,True
w404791981,3.792,22.75,17.75,17,5.75,0.75,True
w532912846,3.796,22.78,17.78,17,5.78,0.78,True
w404772363,3.803,22.82,17.82,17,5.82,0.82,True
w404770762,3.806,22.84,17.84,17,5.84,0.84,True
w352313157,3.81,22.86,17.86,17,5.86,0.86,True
n4397873702,3.813,22.88,17.88,17,5.88,0.88,True
w319141455,3.813,22.88,17.88,17,5.88,0.88,True
w319616180,3.813,22.88,17.88,17,5.88,0.88,True
w404774413,3.813,22.88,17.88,17,5.88,0.88,True
w414674700,3.813,22.88,17.88,17,5.88,0.88,True
w399048973,3.814,22.88,17.88,17,5.88,0.88,True
w316026055,3.816,22.9,17.9,17,5.9,0.9,True
w399048815,3.816,22.9,17.9,17,5.9,0.9,True
w352470802,3.82,22.92,17.92,17,5.92,0.92,True
w319616179,3.823,22.94,17.94,17,5.94,0.94,True
w319141430,3.824,22.94,17.94,17,5.94,0.94,True
w318701776,3.825,22.95,17.95,17,5.95,0.95,True
w352313155,3.825,22.95,17.95,17,5.95,0.95,True
w352313729,3.825,22.95,17.95,17,5.95,0.95,True
w404772361,3.825,22.95,17.95,17,5.95,0.95,True
w414674701,3.827,22.96,17.96,17,5.96,0.96,True
w404791982,3.828,22.97,17.97,17,5.97,0.97,True
w404774412,3.832,22.99,17.99,17,5.99,0.99,True
w318701775,3.838,23.03,18.03,18,5.03,0.03,True
w352470806,3.838,23.03,18.03,18,5.03,0.03,True
w414674702,3.842,23.05,18.05,18,5.05,0.05,True
w319141431,3.844,23.06,18.06,18,5.06,0.06,True
w404791983,3.844,23.06,18.06,18,5.06,0.06,True
w352313152,3.845,23.07,18.07,18,5.07,0.07,True
w352313154,3.845,23.07,18.07,18,5.07,0.07,True
w352313159,3.846,23.08,18.08,18,5.08,0.08,True
w47475154,3.848,23.09,18.09,18,5.09,0.09,True
w352470809,3.85,23.1,18.1,18,5.1,0.1,True
w319141461,3.855,23.13,18.13,18,5.13,0.13,True
w352109788,3.856,23.14,18.14,18,5.14,0.14,True
w414674703,3.857,23.14,18.14,18,5.14,0.14,True
w319616165,3.859,23.15,18.15,18,5.15,0.15,True
w352470810,3.862,23.17,18.17,18,5.17,0.17,True
w404770767,3.862,23.17,18.17,18,5.17,0.17,True
w352313160,3.865,23.19,18.19,18,5.19,0.19,True
w352313153,3.866,23.2,18.2,18,5.2,0.2,True
w404772356,3.869,23.21,18.21,18,5.21,0.21,True
w330883123,3.87,23.22,18.22,18,5.22,0.22,True
w319141460,3.875,23.25,18.25,18,5.25,0.25,True
w165763747,3.884,23.3,18.3,18,5.3,0.3,True
w354632082,3.884,23.3,18.3,18,5.3,0.3,True
w165763752,3.887,23.32,18.32,18,5.32,0.32,True
w352470814,3.887,23.32,18.32,18,5.32,0.32,True
w352109789,3.888,23.33,18.33,18,5.33,0.33,True
w404772355,3.894,23.36,18.36,18,5.36,0.36,True
w353825066,3.905,23.43,18.43,18,5.43,0.43,True
w414674709,3.905,23.43,18.43,18,5.43,0.43,True
w414674696,3.906,23.44,18.44,18,5.44,0.44,True
w404798027,3.907,23.44,18.44,18,5.44,0.44,True
w414674710,3.912,23.47,18.47,18,5.47,0.47,True
w404771105,3.913,23.48,18.48,18,5.48,0.48,True
w414674693,3.918,23.51,18.51,18,5.51,0.51,True
w404797999,3.921,23.53,18.53,18,5.53,0.53,True
w404772353,3.922,23.53,18.53,18,5.53,0.53,True
w404798000,3.922,23.53,18.53,18,5.53,0.53,True
w319141427,3.924,23.54,18.54,18,5.54,0.54,True
w319141459,3.925,23.55,18.55,18,5.55,0.55,True
w414674707,3.927,23.56,18.56,18,5.56,0.56,True
w399048810,3.928,23.57,18.57,18,5.57,0.57,True
w528486032,3.934,23.6,18.6,18,5.6,0.6,True
w319135681,3.935,23.61,18.61,18,5.61,0.61,True
w319615905,3.937,23.62,18.62,18,5.62,0.62,True
w319615907,3.937,23.62,18.62,18,5.62,0.62,True
w414674692,3.937,23.62,18.62,18,5.62,0.62,True
n2325366582,3.938,23.63,18.63,18,5.63,0.63,True
w404798001,3.94,23.64,18.64,18,5.64,0.64,True
w404798015,3.94,23.64,18.64,18,5.64,0.64,True
w353825068,3.941,23.65,18.65,18,5.65,0.65,True
w404798023,3.945,23.67,18.67,18,5.67,0.67,True
w317148284,3.946,23.68,18.68,18,5.68,0.68,True
w319141424,3.946,23.68,18.68,18,5.68,0.68,True
w404798002,3.947,23.68,18.68,18,5.68,0.68,True
w414674711,3.949,23.69,18.69,18,5.69,0.69,True
w414674691,3.95,23.7,18.7,18,5.7,0.7,True
w319615909,3.955,23.73,18.73,18,5.73,0.73,True
w319141457,3.956,23.74,18.74,18,5.74,0.74,True
w319615906,3.962,23.77,18.77,18,5.77,0.77,True
w404798024,3.963,23.78,18.78,18,5.78,0.78,True
w319135682,3.965,23.79,18.79,18,5.79,0.79,True
w414674689,3.965,23.79,18.79,18,5.79,0.79,True
w319141423,3.966,23.8,18.8,18,5.8,0.8,True
w115331390,3.972,23.83,18.83,18,5.83,0.83,True
w404798007,3.975,23.85,18.85,18,5.85,0.85,True
w404798017,3.979,23.87,18.87,18,5.87,0.87,True
w404798035,3.979,23.87,18.87,18,5.87,0.87,True
w414674706,3.981,23.89,18.89,18,5.89,0.89,True
w319139359,3.982,23.89,18.89,18,5.89,0.89,True
w404774414,3.982,23.89,18.89,18,5.89,0.89,True
n4919312077,3.987,23.92,18.92,18,5.92,0.92,True
w404798008,3.988,23.93,18.93,18,5.93,0.93,True
w404772357,3.994,23.96,18.96,18,5.96,0.96,True
w306219489,3.996,23.98,18.98,18,5.98,0.98,True
w404798019,3.998,23.99,18.99,18,5.99,0.99,True
w404798022,3.999,23.99,18.99,18,5.99,0.99,True
w165763737,4.001,24.01,19.01,19,5.01,0.01,True
w404774415,4.001,24.01,19.01,19,5.01,0.01,True
w414674684,4.001,24.01,19.01,19,5.01,0.01,True
w319139360,4.002,24.01,19.01,19,5.01,0.01,True
w404772347,4.003,24.02,19.02,19,5.02,0.02,True
w404772358,4.004,24.02,19.02,19,5.02,0.02,True
w404798026,4.004,24.02,19.02,19,5.02,0.02,True
n2325729693,4.005,24.03,19.03,19,5.03,0.03,True
w319139366,4.007,24.04,19.04,19,5.04,0.04,True
w414674698,4.012,24.07,19.07,19,5.07,0.07,True
w404798021,4.013,24.08,19.08,19,5.08,0.08,True
w414674677,4.015,24.09,19.09,19,5.09,0.09,True
w306219488,4.018,24.11,19.11,19,5.11,0.11,True
w319141443,4.018,24.11,19.11,19,5.11,0.11,True
w404774416,4.018,24.11,19.11,19,5.11,0.11,True
w404798009,4.019,24.11,19.11,19,5.11,0.11,True
w405093288,4.019,24.11,19.11,19,5.11,0.11,True
w319305819,4.02,24.12,19.12,19,5.12,0.12,True
w116073008,4.021,24.13,19.13,19,5.13,0.13,True
w404772346,4.027,24.16,19.16,19,5.16,0.16,True
w306219486,4.03,24.18,19.18,19,5.18,0.18,True
w352148088,4.03,24.18,19.18,19,5.18,0.18,True
w319141442,4.032,24.19,19.19,19,5.19,0.19,True
w404774417,4.033,24.2,19.2,19,5.2,0.2,True
w404798005,4.036,24.22,19.22,19,5.22,0.22,True
w318701773,4.037,24.22,19.22,19,5.22,0.22,True
w404770759,4.038,24.23,19.23,19,5.23,0.23,True
w405093289,4.04,24.24,19.24,19,5.24,0.24,True
w115331393,4.042,24.25,19.25,19,5.25,0.25,True
w404772349,4.045,24.27,19.27,19,5.27,0.27,True
w404791984,4.045,24.27,19.27,19,5.27,0.27,True
w405169684,4.045,24.27,19.27,19,5.27,0.27,True
n2325809586,4.046,24.28,19.28,19,5.28,0.28,True
w306219483,4.051,24.31,19.31,19,5.31,0.31,True
w319139364,4.052,24.31,19.31,19,5.31,0.31,True
w319141439,4.057,24.34,19.34,19,5.34,0.34,True
w400824556,4.057,24.34,19.34,19,5.34,0.34,True
w404774408,4.057,24.34,19.34,19,5.34,0.34,True
w405169685,4.057,24.34,19.34,19,5.34,0.34,True
w404791985,4.058,24.35,19.35,19,5.35,0.35,True
w318701778,4.059,24.35,19.35,19,5.35,0.35,True
w319615908,4.061,24.37,19.37,19,5.37,0.37,True
w404776044,4.067,24.4,19.4,19,5.4,0.4,True
w405093290,4.067,24.4,19.4,19,5.4,0.4,True
w404772350,4.069,24.41,19.41,19,5.41,0.41,True
w306219470,4.071,24.43,19.43,19,5.43,0.43,True
w318071328,4.071,24.43,19.43,19,5.43,0.43,True
w318057741,4.073,24.44,19.44,19,5.44,0.44,True
w404772360,4.073,24.44,19.44,19,5.44,0.44,True
n2325729694,4.075,24.45,19.45,19,5.45,0.45,True
w319141416,4.079,24.47,19.47,19,5.47,0.47,True
w408595946,4.079,24.47,19.47,19,5.47,0.47,True
w87499740,4.081,24.49,19.49,19,5.49,0.49,True
w318701780,4.084,24.5,19.5,19,5.5,0.5,True
w319141437,4.086,24.52,19.52,19,5.52,0.52,True
w223680282,4.087,24.52,19.52,19,5.52,0.52,True
n2328051595,4.088,24.53,19.53,19,5.53,0.53,True
w306219469,4.088,24.53,19.53,19,5.53,0.53,True
w406631300,4.088,24.53,19.53,19,5.53,0.53,True
n2328051598,4.091,24.55,19.55,19,5.55,0.55,True
w404772351,4.092,24.55,19.55,19,5.55,0.55,True
w399048969,4.094,24.56,19.56,19,5.56,0.56,True
w404772338,4.096,24.58,19.58,19,5.58,0.58,True
w351855709,4.097,24.58,19.58,19,5.58,0.58,True
w318071327,4.099,24.59,19.59,19,5.59,0.59,True
w406631301,4.105,24.63,19.63,19,5.63,0.63,True
w351855710,4.107,24.64,19.64,19,5.64,0.64,True
w225089308,4.108,24.65,19.65,19,5.65,0.65,True
w404772345,4.11,24.66,19.66,19,5.66,0.66,True
w115331407,4.111,24.67,19.67,19,5.67,0.67,True
w318701795,4.111,24.67,19.67,19,5.67,0.67,True
w306219468,4.112,24.67,19.67,19,5.67,0.67,True
w319141418,4.112,24.67,19.67,19,5.67,0.67,True
n5708918557,4.114,24.68,19.68,19,5.68,0.68,True
w223680912,4.116,24.7,19.7,19,5.7,0.7,True
w410946402,4.119,24.71,19.71,19,5.71,0.71,True
w406637929,4.122,24.73,19.73,19,5.73,0.73,True
w404772337,4.123,24.74,19.74,19,5.74,0.74,True
w405093285,4.124,24.74,19.74,19,5.74,0.74,True
w318071326,4.125,24.75,19.75,19,5.75,0.75,True
n2337855688,4.127,24.76,19.76,19,5.76,0.76,True
w223680351,4.127,24.76,19.76,19,5.76,0.76,True
w319141417,4.129,24.77,19.77,19,5.77,0.77,True
w306219466,4.131,24.79,19.79,19,5.79,0.79,True
w399048967,4.131,24.79,19.79,19,5.79,0.79,True
w351855713,4.133,24.8,19.8,19,5.8,0.8,True
w297047299,4.135,24.81,19.81,19,5.81,0.81,True
w319139367,4.136,24.82,19.82,19,5.82,0.82,True
w318701803,4.137,24.82,19.82,19,5.82,0.82,True
w406637930,4.138,24.83,19.83,19,5.83,0.83,True
w404772343,4.139,24.83,19.83,19,5.83,0.83,True
w405112664,4.139,24.83,19.83,19,5.83,0.83,True
n2325729692,4.14,24.84,19.84,19,5.84,0.84,True
w223681142,4.14,24.84,19.84,19,5.84,0.84,True
w306219465,4.148,24.89,19.89,19,5.89,0.89,True
w319402243,4.148,24.89,19.89,19,5.89,0.89,True
w321410561,4.148,24.89,19.89,19,5.89,0.89,True
n2337855692,4.15,24.9,19.9,19,5.9,0.9,True
w115331442,4.154,24.92,19.92,19,5.92,0.92,True
w223680911,4.154,24.92,19.92,19,5.92,0.92,True
w297047300,4.155,24.93,19.93,19,5.93,0.93,True
w404772342,4.156,24.94,19.94,19,5.94,0.94,True
w318701805,4.157,24.94,19.94,19,5.94,0.94,True
w405112665,4.157,24.94,19.94,19,5.94,0.94,True
n2325366583,4.159,24.95,19.95,19,5.95,0.95,True
w406637931,4.161,24.97,19.97,19,5.97,0.97,True
w319139368,4.163,24.98,19.98,19,5.98,0.98,True
w405292559,4.169,25.01,20.01,20,5.01,0.01,True
w404770742,4.17,25.02,20.02,20,5.02,0.02,True
w405297215,4.172,25.03,20.03,20,5.03,0.03,True
w319615914,4.173,25.04,20.04,20,5.04,0.04,True
w406631299,4.173,25.04,20.04,20,5.04,0.04,True
w404772339,4.175,25.05,20.05,20,5.05,0.05,True
n5682775200,4.179,25.07,20.07,20,5.07,0.07,True
w511417420,4.18,25.08,20.08,20,5.08,0.08,True
w532010840,4.181,25.09,20.09,20,5.09,0.09,True
w404770743,4.182,25.09,20.09,20,5.09,0.09,True
w318702491,4.183,25.1,20.1,20,5.1,0.1,True
w319227866,4.184,25.1,20.1,20,5.1,0.1,True
w91847448,4.184,25.1,20.1,20,5.1,0.1,True
w406631302,4.187,25.12,20.12,20,5.12,0.12,True
w406631305,4.187,25.12,20.12,20,5.12,0.12,True
w96821686,4.189,25.13,20.13,20,5.13,0.13,True
w405297213,4.192,25.15,20.15,20,5.15,0.15,True
w306219464,4.193,25.16,20.16,20,5.16,0.16,True
w532689732,4.193,25.16,20.16,20,5.16,0.16,True
n2337855693,4.195,25.17,20.17,20,5.17,0.17,True
w404772340,4.195,25.17,20.17,20,5.17,0.17,True
w404772341,4.195,25.17,20.17,20,5.17,0.17,True
n2325729708,4.196,25.18,20.18,20,5.18,0.18,True
w319620058,4.197,25.18,20.18,20,5.18,0.18,True
w404770744,4.199,25.19,20.19,20,5.19,0.19,True
w410946415,4.199,25.19,20.19,20,5.19,0.19,True
w406631303,4.204,25.22,20.22,20,5.22,0.22,True
w406631306,4.204,25.22,20.22,20,5.22,0.22,True
w47475972,4.204,25.22,20.22,20,5.22,0.22,True
w319141434,4.205,25.23,20.23,20,5.23,0.23,True
w405297212,4.205,25.23,20.23,20,5.23,0.23,True
w405297665,4.206,25.24,20.24,20,5.24,0.24,True
w409311692,4.208,25.25,20.25,20,5.25,0.25,True
w222769338,4.209,25.25,20.25,20,5.25,0.25,True
w319305814,4.209,25.25,20.25,20,5.25,0.25,True
w406637928,4.21,25.26,20.26,20,5.26,0.26,True
w318701862,4.212,25.27,20.27,20,5.27,0.27,True
w223883040,4.215,25.29,20.29,20,5.29,0.29,True
w404776040,4.215,25.29,20.29,20,5.29,0.29,True
w404776041,4.215,25.29,20.29,20,5.29,0.29,True
w404770747,4.216,25.3,20.3,20,5.3,0.3,True
w352148076,4.219,25.31,20.31,20,5.31,0.31,True
w404770750,4.22,25.32,20.32,20,5.32,0.32,True
w47475149,4.22,25.32,20.32,20,5.32,0.32,True
w404770749,4.222,25.33,20.33,20,5.33,0.33,True
w405297207,4.223,25.34,20.34,20,5.34,0.34,True
w404770746,4.224,25.34,20.34,20,5.34,0.34,True
w409311690,4.225,25.35,20.35,20,5.35,0.35,True
w404770745,4.227,25.36,20.36,20,5.36,0.36,True
n2325366576,4.228,25.37,20.37,20,5.37,0.37,True
w224340921,4.228,25.37,20.37,20,5.37,0.37,True
w336800599,4.228,25.37,20.37,20,5.37,0.37,True
n2337326466,4.232,25.39,20.39,20,5.39,0.39,True
w409312170,4.232,25.39,20.39,20,5.39,0.39,True
w318051676,4.233,25.4,20.4,20,5.4,0.4,True
w404774418,4.234,25.4,20.4,20,5.4,0.4,True
w409312807,4.234,25.4,20.4,20,5.4,0.4,True
w165763743,4.235,25.41,20.41,20,5.41,0.41,True
w405297662,4.235,25.41,20.41,20,5.41,0.41,True
w405292557,4.237,25.42,20.42,20,5.42,0.42,True
w115331496,4.239,25.43,20.43,20,5.43,0.43,True
w319402241,4.239,25.43,20.43,20,5.43,0.43,True
w47475970,4.24,25.44,20.44,20,5.44,0.44,True
w306219472,4.241,25.45,20.45,20,5.45,0.45,True
w409312801,4.241,25.45,20.45,20,5.45,0.45,True
w223883041,4.242,25.45,20.45,20,5.45,0.45,True
w404774420,4.244,25.46,20.46,20,5.46,0.46,True
w409312788,4.244,25.46,20.46,20,5.46,0.46,True
w409311689,4.245,25.47,20.47,20,5.47,0.47,True
w115331353,4.247,25.48,20.48,20,5.48,0.48,True
w318051677,4.248,25.49,20.49,20,5.49,0.49,True
w405297664,4.248,25.49,20.49,20,5.49,0.49,True
w409312808,4.248,25.49,20.49,20,5.49,0.49,True
w306219481,4.251,25.51,20.51,20,5.51,0.51,True
w405292554,4.255,25.53,20.53,20,5.53,0.53,True
w410946412,4.256,25.54,20.54,20,5.54,0.54,True
w405297214,4.257,25.54,20.54,20,5.54,0.54,True
w115331493,4.258,25.55,20.55,20,5.55,0.55,True
w91847449,4.258,25.55,20.55,20,5.55,0.55,True
w115331395,4.259,25.55,20.55,20,5.55,0.55,True
w223681290,4.26,25.56,20.56,20,5.56,0.56,True
w223681291,4.26,25.56,20.56,20,5.56,0.56,True
w405297224,4.26,25.56,20.56,20,5.56,0.56,True
w318051675,4.261,25.57,20.57,20,5.57,0.57,True
w409312794,4.261,25.57,20.57,20,5.57,0.57,True
w354632079,4.262,25.57,20.57,20,5.57,0.57,True
w404770748,4.262,25.57,20.57,20,5.57,0.57,True
w318051680,4.263,25.58,20.58,20,5.58,0.58,True
w165445042,4.264,25.58,20.58,20,5.58,0.58,True
w409312795,4.266,25.6,20.6,20,5.6,0.6,True
w405171327,4.267,25.6,20.6,20,5.6,0.6,True
w409312805,4.267,25.6,20.6,20,5.6,0.6,True
w409312809,4.267,25.6,20.6,20,5.6,0.6,True
w409311288,4.269,25.61,20.61,20,5.61,0.61,True
w409312800,4.271,25.63,20.63,20,5.63,0.63,True
w240944089,4.272,25.63,20.63,20,5.63,0.63,True
w405297211,4.273,25.64,20.64,20,5.64,0.64,True
w405297222,4.273,25.64,20.64,20,5.64,0.64,True
w315109553,4.276,25.66,20.66,20,5.66,0.66,True
w318702082,4.276,25.66,20.66,20,5.66,0.66,True
w47475973,4.276,25.66,20.66,20,5.66,0.66,True
w409312797,4.277,25.66,20.66,20,5.66,0.66,True
w115331419,4.278,25.67,20.67,20,5.67,0.67,True
w318051682,4.278,25.67,20.67,20,5.67,0.67,True
w91848291,4.278,25.67,20.67,20,5.67,0.67,True
w318051681,4.279,25.67,20.67,20,5.67,0.67,True
w405169703,4.28,25.68,20.68,20,5.68,0.68,True
w115331411,4.283,25.7,20.7,20,5.7,0.7,True
n4919312070,4.284,25.7,20.7,20,5.7,0.7,True
w405297220,4.285,25.71,20.71,20,5.71,0.71,True
w405505210,4.285,25.71,20.71,20,5.71,0.71,True
w354630979,4.286,25.72,20.72,20,5.72,0.72,True
w405297205,4.287,25.72,20.72,20,5.72,0.72,True
w405169700,4.288,25.73,20.73,20,5.73,0.73,True
n2337992800,4.289,25.73,20.73,20,5.73,0.73,True
w409312803,4.29,25.74,20.74,20,5.74,0.74,True
w91848280,4.29,25.74,20.74,20,5.74,0.74,True
w115331357,4.291,25.75,20.75,20,5.75,0.75,True
w409312168,4.291,25.75,20.75,20,5.75,0.75,True
w409311694,4.292,25.75,20.75,20,5.75,0.75,True
w318051683,4.293,25.76,20.76,20,5.76,0.76,True
w318051685,4.293,25.76,20.76,20,5.76,0.76,True
w405169702,4.293,25.76,20.76,20,5.76,0.76,True
w318702083,4.296,25.78,20.78,20,5.78,0.78,True
w405297219,4.299,25.79,20.79,20,5.79,0.79,True
w352332820,4.301,25.81,20.81,20,5.81,0.81,True
w405292556,4.302,25.81,20.81,20,5.81,0.81,True
w405505208,4.303,25.82,20.82,20,5.82,0.82,True
w405505211,4.303,25.82,20.82,20,5.82,0.82,True
w409311693,4.306,25.84,20.84,20,5.84,0.84,True
w318051687,4.307,25.84,20.84,20,5.84,0.84,True
w352667493,4.307,25.84,20.84,20,5.84,0.84,True
w405505218,4.308,25.85,20.85,20,5.85,0.85,True
w318051686,4.309,25.85,20.85,20,5.85,0.85,True
w405297226,4.309,25.85,20.85,20,5.85,0.85,True
w225209888,4.31,25.86,20.86,20,5.86,0.86,True
w315109554,4.31,25.86,20.86,20,5.86,0.86,True
w409311307,4.31,25.86,20.86,20,5.86,0.86,True
w409311695,4.31,25.86,20.86,20,5.86,0.86,True
w47475971,4.31,25.86,20.86,20,5.86,0.86,True
w319523921,4.311,25.87,20.87,20,5.87,0.87,True
w407356391,4.311,25.87,20.87,20,5.87,0.87,True
w304088449,4.312,25.87,20.87,20,5.87,0.87,True
w409312810,4.312,25.87,20.87,20,5.87,0.87,True
w405297216,4.313,25.88,20.88,20,5.88,0.88,True
w115331509,4.315,25.89,20.89,20,5.89,0.89,True
w405292555,4.315,25.89,20.89,20,5.89,0.89,True
w405505205,4.315,25.89,20.89,20,5.89,0.89,True
w405505216,4.316,25.9,20.9,20,5.9,0.9,True
w315109561,4.317,25.9,20.9,20,5.9,0.9,True
w318051690,4.322,25.93,20.93,20,5.93,0.93,True
w318051691,4.322,25.93,20.93,20,5.93,0.93,True
n2325366575,4.323,25.94,20.94,20,5.94,0.94,True
w352332826,4.323,25.94,20.94,20,5.94,0.94,True
w409311685,4.323,25.94,20.94,20,5.94,0.94,True
w115331512,4.324,25.94,20.94,20,5.94,0.94,True
w405505879,4.324,25.94,20.94,20,5.94,0.94,True
w409311305,4.324,25.94,20.94,20,5.94,0.94,True
w407356392,4.325,25.95,20.95,20,5.95,0.95,True
w409312811,4.325,25.95,20.95,20,5.95,0.95,True
w315109562,4.326,25.96,20.96,20,5.96,0.96,True
w319523923,4.326,25.96,20.96,20,5.96,0.96,True
w315109552,4.328,25.97,20.97,20,5.97,0.97,True
w561982547,4.328,25.97,20.97,20,5.97,0.97,True
w304088447,4.329,25.97,20.97,20,5.97,0.97,True
w304088450,4.329,25.97,20.97,20,5.97,0.97,True
w405292551,4.329,25.97,20.97,20,5.97,0.97,True
w405505219,4.329,25.97,20.97,20,5.97,0.97,True
w315109559,4.33,25.98,20.98,20,5.98,0.98,True
w352332818,4.332,25.99,20.99,20,5.99,0.99,True
w223691986,4.333,26.0,21.0,20,6.0,1.0,True
w318057739,4.335,26.01,21.01,21,5.01,0.01,True
w407356393,4.335,26.01,21.01,21,5.01,0.01,True
w318051694,4.338,26.03,21.03,21,5.03,0.03,True
w405505880,4.339,26.03,21.03,21,5.03,0.03,True
n2325366574,4.34,26.04,21.04,21,5.04,0.04,True
w405292553,4.34,26.04,21.04,21,5.04,0.04,True
w409311294,4.34,26.04,21.04,21,5.04,0.04,True
w409312812,4.34,26.04,21.04,21,5.04,0.04,True
w352332827,4.341,26.05,21.05,21,5.05,0.05,True
n2325729697,4.342,26.05,21.05,21,5.05,0.05,True
w405169699,4.342,26.05,21.05,21,5.05,0.05,True
w304088445,4.344,26.06,21.06,21,5.06,0.06,True
w304088451,4.346,26.08,21.08,21,5.08,0.08,True
w405505221,4.346,26.08,21.08,21,5.08,0.08,True
w223681143,4.347,26.08,21.08,21,5.08,0.08,True
w318122879,4.348,26.09,21.09,21,5.09,0.09,True
w352332819,4.349,26.09,21.09,21,5.09,0.09,True
w316026074,4.35,26.1,21.1,21,5.1,0.1,True
n4988630721,4.351,26.11,21.11,21,5.11,0.11,True
w406639380,4.352,26.11,21.11,21,5.11,0.11,True
w407356394,4.352,26.11,21.11,21,5.11,0.11,True
w318057740,4.353,26.12,21.12,21,5.12,0.12,True
w318057744,4.354,26.12,21.12,21,5.12,0.12,True
w353044314,4.354,26.12,21.12,21,5.12,0.12,True
w405292552,4.354,26.12,21.12,21,5.12,0.12,True
w342059482,4.355,26.13,21.13,21,5.13,0.13,True
w409312813,4.355,26.13,21.13,21,5.13,0.13,True
w91847452,4.355,26.13,21.13,21,5.13,0.13,True
w115331399,4.356,26.14,21.14,21,5.14,0.14,True
w310488388,4.356,26.14,21.14,21,5.14,0.14,True
w405505881,4.356,26.14,21.14,21,5.14,0.14,True
w316027892,4.357,26.14,21.14,21,5.14,0.14,True
w405505223,4.358,26.15,21.15,21,5.15,0.15,True
w409311304,4.358,26.15,21.15,21,5.15,0.15,True
w318122878,4.359,26.15,21.15,21,5.15,0.15,True
w409311293,4.359,26.15,21.15,21,5.15,0.15,True
w304088444,4.36,26.16,21.16,21,5.16,0.16,True
w409311292,4.361,26.17,21.17,21,5.17,0.17,True
w352667497,4.362,26.17,21.17,21,5.17,0.17,True
w318057742,4.365,26.19,21.19,21,5.19,0.19,True
w409311296,4.365,26.19,21.19,21,5.19,0.19,True
n2325729699,4.367,26.2,21.2,21,5.2,0.2,True
w165439295,4.367,26.2,21.2,21,5.2,0.2,True
w318057745,4.367,26.2,21.2,21,5.2,0.2,True
w342059483,4.367,26.2,21.2,21,5.2,0.2,True
w406639379,4.367,26.2,21.2,21,5.2,0.2,True
w407356386,4.367,26.2,21.2,21,5.2,0.2,True
w405505884,4.369,26.21,21.21,21,5.21,0.21,True
w407356395,4.369,26.21,21.21,21,5.21,0.21,True
w410946408,4.369,26.21,21.21,21,5.21,0.21,True
w161635482,4.371,26.23,21.23,21,5.23,0.23,True
w316027893,4.372,26.23,21.23,21,5.23,0.23,True
w406640933,4.372,26.23,21.23,21,5.23,0.23,True
w91848285,4.372,26.23,21.23,21,5.23,0.23,True
w317484800,4.373,26.24,21.24,21,5.24,0.24,True
w318122880,4.373,26.24,21.24,21,5.24,0.24,True
w405505225,4.373,26.24,21.24,21,5.24,0.24,True
w295571380,4.375,26.25,21.25,21,5.25,0.25,True
w319386246,4.375,26.25,21.25,21,5.25,0.25,True
w353044313,4.377,26.26,21.26,21,5.26,0.26,True
n2322107937,4.379,26.27,21.27,21,5.27,0.27,True
w91847450,4.379,26.27,21.27,21,5.27,0.27,True
n2334239345,4.38,26.28,21.28,21,5.28,0.28,True
w318057743,4.381,26.29,21.29,21,5.29,0.29,True
w353978195,4.381,26.29,21.29,21,5.29,0.29,True
w409311301,4.381,26.29,21.29,21,5.29,0.29,True
w318058440,4.382,26.29,21.29,21,5.29,0.29,True
n2325729678,4.383,26.3,21.3,21,5.3,0.3,True
w405505885,4.383,26.3,21.3,21,5.3,0.3,True
n2325809665,4.384,26.3,21.3,21,5.3,0.3,True
w407356397,4.386,26.32,21.32,21,5.32,0.32,True
w316027896,4.387,26.32,21.32,21,5.32,0.32,True
w405505226,4.387,26.32,21.32,21,5.32,0.32,True
w318122875,4.388,26.33,21.33,21,5.33,0.33,True
w409311287,4.388,26.33,21.33,21,5.33,0.33,True
n2325729685,4.389,26.33,21.33,21,5.33,0.33,True
w317484802,4.389,26.33,21.33,21,5.33,0.33,True
w400824551,4.389,26.33,21.33,21,5.33,0.33,True
w304088440,4.396,26.38,21.38,21,5.38,0.38,True
w409311302,4.396,26.38,21.38,21,5.38,0.38,True
w405505887,4.397,26.38,21.38,21,5.38,0.38,True
w409314651,4.397,26.38,21.38,21,5.38,0.38,True
w405505228,4.399,26.39,21.39,21,5.39,0.39,True
n2325729703,4.4,26.4,21.4,21,5.4,0.4,True
w356961005,4.4,26.4,21.4,21,5.4,0.4,True
w115331500,4.401,26.41,21.41,21,5.41,0.41,True
w531470024,4.401,26.41,21.41,21,5.41,0.41,True
w317484798,4.402,26.41,21.41,21,5.41,0.41,True
w353044312,4.402,26.41,21.41,21,5.41,0.41,True
w353975790,4.402,26.41,21.41,21,5.41,0.41,True
w304088452,4.403,26.42,21.42,21,5.42,0.42,True
w407356398,4.403,26.42,21.42,21,5.42,0.42,True
w317484803,4.404,26.42,21.42,21,5.42,0.42,True
w400824552,4.405,26.43,21.43,21,5.43,0.43,True
w165439303,4.406,26.44,21.44,21,5.44,0.44,True
w319620040,4.407,26.44,21.44,21,5.44,0.44,True
n2325729632,4.409,26.45,21.45,21,5.45,0.45,True
w319620037,4.409,26.45,21.45,21,5.45,0.45,True
w406640932,4.409,26.45,21.45,21,5.45,0.45,True
w405505889,4.41,26.46,21.46,21,5.46,0.46,True
w91848293,4.41,26.46,21.46,21,5.46,0.46,True
w405505229,4.411,26.47,21.47,21,5.47,0.47,True
w165765812,4.415,26.49,21.49,21,5.49,0.49,True
w318406787,4.415,26.49,21.49,21,5.49,0.49,True
w319386245,4.415,26.49,21.49,21,5.49,0.49,True
w115331391,4.416,26.5,21.5,21,5.5,0.5,True
w405505204,4.416,26.5,21.5,21,5.5,0.5,True
w409314655,4.416,26.5,21.5,21,5.5,0.5,True
w304088431,4.417,26.5,21.5,21,5.5,0.5,True
w317484816,4.417,26.5,21.5,21,5.5,0.5,True
w445972315,4.417,26.5,21.5,21,5.5,0.5,True
w317484806,4.418,26.51,21.51,21,5.51,0.51,True
w318122873,4.418,26.51,21.51,21,5.51,0.51,True
w406640931,4.418,26.51,21.51,21,5.51,0.51,True
w115331482,4.419,26.51,21.51,21,5.51,0.51,True
n2337985537,4.42,26.52,21.52,21,5.52,0.52,True
w319139372,4.422,26.53,21.53,21,5.53,0.53,True
n2337326464,4.425,26.55,21.55,21,5.55,0.55,True
w310488383,4.425,26.55,21.55,21,5.55,0.55,True
w353044311,4.425,26.55,21.55,21,5.55,0.55,True
w405505230,4.425,26.55,21.55,21,5.55,0.55,True
w405505892,4.425,26.55,21.55,21,5.55,0.55,True
w302066923,4.429,26.57,21.57,21,5.57,0.57,True
w409314650,4.429,26.57,21.57,21,5.57,0.57,True
w531470023,4.429,26.57,21.57,21,5.57,0.57,True
w318406792,4.43,26.58,21.58,21,5.58,0.58,True
w91848812,4.431,26.59,21.59,21,5.59,0.59,True
n2334331724,4.434,26.6,21.6,21,5.6,0.6,True
w317484807,4.434,26.6,21.6,21,5.6,0.6,True
w115331488,4.435,26.61,21.61,21,5.61,0.61,True
w318048547,4.435,26.61,21.61,21,5.61,0.61,True
w304088435,4.438,26.63,21.63,21,5.63,0.63,True
w319139358,4.439,26.63,21.63,21,5.63,0.63,True
w405505231,4.44,26.64,21.64,21,5.64,0.64,True
w405505890,4.44,26.64,21.64,21,5.64,0.64,True
w303915676,4.441,26.65,21.65,21,5.65,0.65,True
w319523925,4.441,26.65,21.65,21,5.65,0.65,True
w91848287,4.441,26.65,21.65,21,5.65,0.65,True
w315109558,4.442,26.65,21.65,21,5.65,0.65,True
w352679840,4.444,26.66,21.66,21,5.66,0.66,True
w165439310,4.445,26.67,21.67,21,5.67,0.67,True
w531470022,4.445,26.67,21.67,21,5.67,0.67,True
w318406789,4.446,26.68,21.68,21,5.68,0.68,True
w352332833,4.446,26.68,21.68,21,5.68,0.68,True
w304088437,4.447,26.68,21.68,21,5.68,0.68,True
w316027473,4.447,26.68,21.68,21,5.68,0.68,True
w91848269,4.447,26.68,21.68,21,5.68,0.68,True
w317484810,4.448,26.69,21.69,21,5.69,0.69,True
w407356389,4.448,26.69,21.69,21,5.69,0.69,True
w91848274,4.448,26.69,21.69,21,5.69,0.69,True
w318048549,4.45,26.7,21.7,21,5.7,0.7,True
w318122872,4.45,26.7,21.7,21,5.7,0.7,True
n2337992799,4.451,26.71,21.71,21,5.71,0.71,True
w310488384,4.451,26.71,21.71,21,5.71,0.71,True
n2325366573,4.452,26.71,21.71,21,5.71,0.71,True
w352314379,4.453,26.72,21.72,21,5.72,0.72,True
w406640928,4.453,26.72,21.72,21,5.72,0.72,True
w91847446,4.453,26.72,21.72,21,5.72,0.72,True
w405505232,4.454,26.72,21.72,21,5.72,0.72,True
w342059487,4.455,26.73,21.73,21,5.73,0.73,True
w400824549,4.455,26.73,21.73,21,5.73,0.73,True
w115331466,4.456,26.74,21.74,21,5.74,0.74,True
w304088430,4.456,26.74,21.74,21,5.74,0.74,True
w91848808,4.457,26.74,21.74,21,5.74,0.74,True
w353974255,4.459,26.75,21.75,21,5.75,0.75,True
w531470021,4.459,26.75,21.75,21,5.75,0.75,True
w315109557,4.461,26.77,21.77,21,5.77,0.77,True
w302066929,4.462,26.77,21.77,21,5.77,0.77,True
w318406783,4.462,26.77,21.77,21,5.77,0.77,True
w352332834,4.463,26.78,21.78,21,5.78,0.78,True
w304088436,4.464,26.78,21.78,21,5.78,0.78,True
w319620046,4.464,26.78,21.78,21,5.78,0.78,True
w318048550,4.465,26.79,21.79,21,5.79,0.79,True
w356960996,4.465,26.79,21.79,21,5.79,0.79,True
w310488385,4.466,26.8,21.8,21,5.8,0.8,True
w91847447,4.466,26.8,21.8,21,5.8,0.8,True
w302066925,4.467,26.8,21.8,21,5.8,0.8,True
w304088428,4.467,26.8,21.8,21,5.8,0.8,True
w342059486,4.467,26.8,21.8,21,5.8,0.8,True
w405505233,4.467,26.8,21.8,21,5.8,0.8,True
w91848805,4.467,26.8,21.8,21,5.8,0.8,True
w356961001,4.468,26.81,21.81,21,5.81,0.81,True
w409314670,4.468,26.81,21.81,21,5.81,0.81,True
w352155392,4.469,26.81,21.81,21,5.81,0.81,True
n2325366600,4.47,26.82,21.82,21,5.82,0.82,True
w319620043,4.47,26.82,21.82,21,5.82,0.82,True
w409314656,4.472,26.83,21.83,21,5.83,0.83,True
w531466229,4.473,26.84,21.84,21,5.84,0.84,True
w303915683,4.474,26.84,21.84,21,5.84,0.84,True
w161635486,4.476,26.86,21.86,21,5.86,0.86,True
w302066922,4.476,26.86,21.86,21,5.86,0.86,True
w303915677,4.477,26.86,21.86,21,5.86,0.86,True
w318122870,4.478,26.87,21.87,21,5.87,0.87,True
w161635483,4.479,26.87,21.87,21,5.87,0.87,True
w304088424,4.479,26.87,21.87,21,5.87,0.87,True
w318048552,4.479,26.87,21.87,21,5.87,0.87,True
w318406782,4.48,26.88,21.88,21,5.88,0.88,True
w342059488,4.48,26.88,21.88,21,5.88,0.88,True
w405505236,4.481,26.89,21.89,21,5.89,0.89,True
w352679841,4.484,26.9,21.9,21,5.9,0.9,True
w302066924,4.485,26.91,21.91,21,5.91,0.91,True
w352110239,4.485,26.91,21.91,21,5.91,0.91,True
w165439308,4.486,26.92,21.92,21,5.92,0.92,True
w302066930,4.486,26.92,21.92,21,5.92,0.92,True
w409314669,4.486,26.92,21.92,21,5.92,0.92,True
w161635484,4.488,26.93,21.93,21,5.93,0.93,True
w319139357,4.488,26.93,21.93,21,5.93,0.93,True
n2325366572,4.489,26.93,21.93,21,5.93,0.93,True
w531466228,4.489,26.93,21.93,21,5.93,0.93,True
w352332840,4.49,26.94,21.94,21,5.94,0.94,True
w304088427,4.492,26.95,21.95,21,5.95,0.95,True
w352737016,4.492,26.95,21.95,21,5.95,0.95,True
w356960999,4.492,26.95,21.95,21,5.95,0.95,True
w115331405,4.494,26.96,21.96,21,5.96,0.96,True
w342059489,4.494,26.96,21.96,21,5.96,0.96,True
n2337326463,4.495,26.97,21.97,21,5.97,0.97,True
w352110238,4.498,26.99,21.99,21,5.99,0.99,True
w400824553,4.498,26.99,21.99,21,5.99,0.99,True
w165439290,4.499,26.99,21.99,21,5.99,0.99,True
w319620039,4.499,26.99,21.99,21,5.99,0.99,True
w91848277,4.499,26.99,21.99,21,5.99,0.99,True
w304088417,4.5,27.0,22.0,22,5.0,0.0,True
w409314658,4.501,27.01,22.01,22,5.01,0.01,True
w318122869,4.503,27.02,22.02,22,5.02,0.02,True
w352155391,4.503,27.02,22.02,22,5.02,0.02,True
w352314370,4.503,27.02,22.02,22,5.02,0.02,True
w405505237,4.503,27.02,22.02,22,5.02,0.02,True
w409314668,4.503,27.02,22.02,22,5.02,0.02,True
w222772632,4.504,27.02,22.02,22,5.02,0.02,True
n4580309456,4.505,27.03,22.03,22,5.03,0.03,True
w531466227,4.505,27.03,22.03,22,5.03,0.03,True
w209267152,4.506,27.04,22.04,22,5.04,0.04,True
w353974419,4.506,27.04,22.04,22,5.04,0.04,True
w91848283,4.506,27.04,22.04,22,5.04,0.04,True
w115331412,4.508,27.05,22.05,22,5.05,0.05,True
w304088426,4.509,27.05,22.05,22,5.05,0.05,True
w406637927,4.509,27.05,22.05,22,5.05,0.05,True
w318072708,4.51,27.06,22.06,22,5.06,0.06,True
w352332842,4.51,27.06,22.06,22,5.06,0.06,True
w352737019,4.51,27.06,22.06,22,5.06,0.06,True
w222772631,4.511,27.07,22.07,22,5.07,0.07,True
w352332836,4.517,27.1,22.1,22,5.1,0.1,True
w319139352,4.518,27.11,22.11,22,5.11,0.11,True
w302066931,4.519,27.11,22.11,22,5.11,0.11,True
w325664973,4.52,27.12,22.12,22,5.12,0.12,True
w409314660,4.52,27.12,22.12,22,5.12,0.12,True
w528387461,4.521,27.13,22.13,22,5.13,0.13,True
w356960998,4.522,27.13,22.13,22,5.13,0.13,True
w352148079,4.523,27.14,22.14,22,5.14,0.14,True
w318185749,4.524,27.14,22.14,22,5.14,0.14,True
w310488387,4.527,27.16,22.16,22,5.16,0.16,True
w304088423,4.528,27.17,22.17,22,5.17,0.17,True
w409311299,4.528,27.17,22.17,22,5.17,0.17,True
w409314662,4.531,27.19,22.19,22,5.19,0.19,True
w91847458,4.531,27.19,22.19,22,5.19,0.19,True
w318406795,4.534,27.2,22.2,22,5.2,0.2,True
w91848810,4.534,27.2,22.2,22,5.2,0.2,True
w325664974,4.536,27.22,22.22,22,5.22,0.22,True
w409314659,4.537,27.22,22.22,22,5.22,0.22,True
w352314367,4.538,27.23,22.23,22,5.23,0.23,True
w445972312,4.539,27.23,22.23,22,5.23,0.23,True
n5160467350,4.54,27.24,22.24,22,5.24,0.24,True
w318406776,4.54,27.24,22.24,22,5.24,0.24,True
w352332837,4.54,27.24,22.24,22,5.24,0.24,True
w352737020,4.54,27.24,22.24,22,5.24,0.24,True
w406637926,4.54,27.24,22.24,22,5.24,0.24,True
w352110120,4.541,27.25,22.25,22,5.25,0.25,True
w319139353,4.544,27.26,22.26,22,5.26,0.26,True
w91848290,4.545,27.27,22.27,22,5.27,0.27,True
n2328168377,4.547,27.28,22.28,22,5.28,0.28,True
w409314663,4.547,27.28,22.28,22,5.28,0.28,True
w352148078,4.548,27.29,22.29,22,5.29,0.29,True
w352332841,4.548,27.29,22.29,22,5.29,0.29,True
w528387459,4.548,27.29,22.29,22,5.29,0.29,True
w304088422,4.551,27.31,22.31,22,5.31,0.31,True
w318185745,4.551,27.31,22.31,22,5.31,0.31,True
w528387460,4.551,27.31,22.31,22,5.31,0.31,True
w303915709,4.553,27.32,22.32,22,5.32,0.32,True
w318406775,4.555,27.33,22.33,22,5.33,0.33,True
w352679834,4.555,27.33,22.33,22,5.33,0.33,True
w409314664,4.555,27.33,22.33,22,5.33,0.33,True
w356960994,4.556,27.34,22.34,22,5.34,0.34,True
w352737022,4.557,27.34,22.34,22,5.34,0.34,True
w352314365,4.558,27.35,22.35,22,5.35,0.35,True
w528387455,4.558,27.35,22.35,22,5.35,0.35,True
w352332839,4.561,27.37,22.37,22,5.37,0.37,True
n2325729718,4.564,27.38,22.38,22,5.38,0.38,True
w303915691,4.564,27.38,22.38,22,5.38,0.38,True
w115331445,4.566,27.4,22.4,22,5.4,0.4,True
w515864773,4.567,27.4,22.4,22,5.4,0.4,True
w406631307,4.568,27.41,22.41,22,5.41,0.41,True
w319139349,4.57,27.42,22.42,22,5.42,0.42,True
w318406779,4.571,27.43,22.43,22,5.43,0.43,True
w352679835,4.571,27.43,22.43,22,5.43,0.43,True
w87493523,4.571,27.43,22.43,22,5.43,0.43,True
w91848811,4.573,27.44,22.44,22,5.44,0.44,True
w302066932,4.574,27.44,22.44,22,5.44,0.44,True
w318406774,4.575,27.45,22.45,22,5.45,0.45,True
w303915686,4.576,27.46,22.46,22,5.46,0.46,True
w303915708,4.576,27.46,22.46,22,5.46,0.46,True
w528387454,4.578,27.47,22.47,22,5.47,0.47,True
w115331518,4.579,27.47,22.47,22,5.47,0.47,True
w209287696,4.579,27.47,22.47,22,5.47,0.47,True
w302066895,4.58,27.48,22.48,22,5.48,0.48,True
n2328168376,4.581,27.49,22.49,22,5.49,0.49,True
w406631308,4.583,27.5,22.5,22,5.5,0.5,True
w352679837,4.588,27.53,22.53,22,5.53,0.53,True
w515864772,4.589,27.53,22.53,22,5.53,0.53,True
w224682791,4.59,27.54,22.54,22,5.54,0.54,True
w303915706,4.59,27.54,22.54,22,5.54,0.54,True
w352151103,4.591,27.55,22.55,22,5.55,0.55,True
w318406772,4.593,27.56,22.56,22,5.56,0.56,True
w225255275,4.594,27.56,22.56,22,5.56,0.56,True
w528387456,4.594,27.56,22.56,22,5.56,0.56,True
w318406781,4.597,27.58,22.58,22,5.58,0.58,True
w404770760,4.597,27.58,22.58,22,5.58,0.58,True
w352285322,4.599,27.59,22.59,22,5.59,0.59,True
n2339237483,4.601,27.61,22.61,22,5.61,0.61,True
w302066893,4.601,27.61,22.61,22,5.61,0.61,True
w319139344,4.601,27.61,22.61,22,5.61,0.61,True
w406631309,4.601,27.61,22.61,22,5.61,0.61,True
w115331348,4.602,27.61,22.61,22,5.61,0.61,True
w352151102,4.603,27.62,22.62,22,5.62,0.62,True
w515864769,4.604,27.62,22.62,22,5.62,0.62,True
w303915689,4.605,27.63,22.63,22,5.63,0.63,True
w318058442,4.606,27.64,22.64,22,5.64,0.64,True
w352679838,4.606,27.64,22.64,22,5.64,0.64,True
w402951443,4.606,27.64,22.64,22,5.64,0.64,True
w318185748,4.61,27.66,22.66,22,5.66,0.66,True
w352314106,4.611,27.67,22.67,22,5.67,0.67,True
w303915687,4.612,27.67,22.67,22,5.67,0.67,True
w352313738,4.612,27.67,22.67,22,5.67,0.67,True
w165439307,4.614,27.68,22.68,22,5.68,0.68,True
w303915705,4.614,27.68,22.68,22,5.68,0.68,True
w402951444,4.614,27.68,22.68,22,5.68,0.68,True
w302066945,4.617,27.7,22.7,22,5.7,0.7,True
w318058443,4.619,27.71,22.71,22,5.71,0.71,True
w319366971,4.619,27.71,22.71,22,5.71,0.71,True
w320184027,4.621,27.73,22.73,22,5.73,0.73,True
w352679839,4.622,27.73,22.73,22,5.73,0.73,True
w161058108,4.624,27.74,22.74,22,5.74,0.74,True
w679824638,4.625,27.75,22.75,22,5.75,0.75,True
w319135683,4.626,27.76,22.76,22,5.76,0.76,True
w115331437,4.627,27.76,22.76,22,5.76,0.76,True
w318184631,4.627,27.76,22.76,22,5.76,0.76,True
w209287680,4.628,27.77,22.77,22,5.77,0.77,True
w302067666,4.628,27.77,22.77,22,5.77,0.77,True
w318058445,4.631,27.79,22.79,22,5.79,0.79,True
w515864768,4.633,27.8,22.8,22,5.8,0.8,True
w406631310,4.634,27.8,22.8,22,5.8,0.8,True
w679824639,4.634,27.8,22.8,22,5.8,0.8,True
w318058451,4.636,27.82,22.82,22,5.82,0.82,True
w531443830,4.636,27.82,22.82,22,5.82,0.82,True
w318406793,4.637,27.82,22.82,22,5.82,0.82,True
w319366972,4.638,27.83,22.83,22,5.83,0.83,True
w352787255,4.638,27.83,22.83,22,5.83,0.83,True
w91848295,4.639,27.83,22.83,22,5.83,0.83,True
w302066949,4.64,27.84,22.84,22,5.84,0.84,True
w351856030,4.64,27.84,22.84,22,5.84,0.84,True
w319139342,4.643,27.86,22.86,22,5.86,0.86,True
w302067664,4.644,27.86,22.86,22,5.86,0.86,True
w91847460,4.645,27.87,22.87,22,5.87,0.87,True
n2328168378,4.647,27.88,22.88,22,5.88,0.88,True
w352153734,4.648,27.89,22.89,22,5.89,0.89,True
w319366973,4.649,27.89,22.89,22,5.89,0.89,True
w402951440,4.65,27.9,22.9,22,5.9,0.9,True
w531443831,4.652,27.91,22.91,22,5.91,0.91,True
w303915693,4.654,27.92,22.92,22,5.92,0.92,True
w318058455,4.655,27.93,22.93,22,5.93,0.93,True
w352787256,4.656,27.94,22.94,22,5.94,0.94,True
w91848807,4.656,27.94,22.94,22,5.94,0.94,True
w320343108,4.658,27.95,22.95,22,5.95,0.95,True
w165439286,4.659,27.95,22.95,22,5.95,0.95,True
w302066948,4.661,27.97,22.97,22,5.97,0.97,True
w319366974,4.661,27.97,22.97,22,5.97,0.97,True
w706969535,4.661,27.97,22.97,22,5.97,0.97,True
w302067676,4.662,27.97,22.97,22,5.97,0.97,True
w318058436,4.662,27.97,22.97,22,5.97,0.97,True
w319139341,4.662,27.97,22.97,22,5.97,0.97,True
w302066905,4.663,27.98,22.98,22,5.98,0.98,True
w515864766,4.664,27.98,22.98,22,5.98,0.98,True
w303915696,4.668,28.01,23.01,23,5.01,0.01,True
w352314156,4.668,28.01,23.01,23,5.01,0.01,True
w302066894,4.676,28.06,23.06,23,5.06,0.06,True
w318051689,4.677,28.06,23.06,23,5.06,0.06,True
w319366975,4.677,28.06,23.06,23,5.06,0.06,True
w319139339,4.678,28.07,23.07,23,5.07,0.07,True
w320343106,4.678,28.07,23.07,23,5.07,0.07,True
w409314661,4.678,28.07,23.07,23,5.07,0.07,True
w302066906,4.679,28.07,23.07,23,5.07,0.07,True
w515864767,4.679,28.07,23.07,23,5.07,0.07,True
w115331519,4.68,28.08,23.08,23,5.08,0.08,True
w302066951,4.684,28.1,23.1,23,5.1,0.1,True
w303915694,4.685,28.11,23.11,23,5.11,0.11,True
w303915697,4.685,28.11,23.11,23,5.11,0.11,True
w320344001,4.687,28.12,23.12,23,5.12,0.12,True
w318051688,4.691,28.15,23.15,23,5.15,0.15,True
w319366977,4.691,28.15,23.15,23,5.15,0.15,True
w301982088,4.692,28.15,23.15,23,5.15,0.15,True
w352750136,4.693,28.16,23.16,23,5.16,0.16,True
w319401191,4.694,28.16,23.16,23,5.16,0.16,True
w320343105,4.694,28.16,23.16,23,5.16,0.16,True
w352153731,4.694,28.16,23.16,23,5.16,0.16,True
w515863636,4.695,28.17,23.17,23,5.17,0.17,True
w161058107,4.696,28.18,23.18,23,5.18,0.18,True
w302066907,4.696,28.18,23.18,23,5.18,0.18,True
w303915703,4.696,28.18,23.18,23,5.18,0.18,True
w91847454,4.696,28.18,23.18,23,5.18,0.18,True
w115331426,4.699,28.19,23.19,23,5.19,0.19,True
w115331432,4.699,28.19,23.19,23,5.19,0.19,True
w319135680,4.699,28.19,23.19,23,5.19,0.19,True
w161058110,4.7,28.2,23.2,23,5.2,0.2,True
w161058104,4.702,28.21,23.21,23,5.21,0.21,True
w302066903,4.702,28.21,23.21,23,5.21,0.21,True
w303915701,4.702,28.21,23.21,23,5.21,0.21,True
w302066947,4.703,28.22,23.22,23,5.22,0.22,True
w318058441,4.703,28.22,23.22,23,5.22,0.22,True
w353044316,4.703,28.22,23.22,23,5.22,0.22,True
w318048554,4.706,28.24,23.24,23,5.24,0.24,True
w515863635,4.708,28.25,23.25,23,5.25,0.25,True
w352667484,4.709,28.25,23.25,23,5.25,0.25,True
w757835185,4.709,28.25,23.25,23,5.25,0.25,True
w302067678,4.711,28.27,23.27,23,5.27,0.27,True
w320342800,4.712,28.27,23.27,23,5.27,0.27,True
w303915700,4.713,28.28,23.28,23,5.28,0.28,True
w303915704,4.713,28.28,23.28,23,5.28,0.28,True
w302368617,4.714,28.28,23.28,23,5.28,0.28,True
w302066901,4.718,28.31,23.31,23,5.31,0.31,True
w302066946,4.718,28.31,23.31,23,5.31,0.31,True
w91847453,4.718,28.31,23.31,23,5.31,0.31,True
w302066911,4.721,28.33,23.33,23,5.33,0.33,True
w209267174,4.722,28.33,23.33,23,5.33,0.33,True
w318048555,4.722,28.33,23.33,23,5.33,0.33,True
w515863633,4.722,28.33,23.33,23,5.33,0.33,True
w285071411,4.724,28.34,23.34,23,5.34,0.34,True
w209287668,4.725,28.35,23.35,23,5.35,0.35,True
w318701784,4.725,28.35,23.35,23,5.35,0.35,True
w320342799,4.725,28.35,23.35,23,5.35,0.35,True
w115331487,4.728,28.37,23.37,23,5.37,0.37,True
w531446214,4.728,28.37,23.37,23,5.37,0.37,True
w352667485,4.729,28.37,23.37,23,5.37,0.37,True
w302066902,4.731,28.39,23.39,23,5.39,0.39,True
w352668654,4.731,28.39,23.39,23,5.39,0.39,True
w320342794,4.732,28.39,23.39,23,5.39,0.39,True
w301982089,4.733,28.4,23.4,23,5.4,0.4,True
w318048553,4.737,28.42,23.42,23,5.42,0.42,True
w319366983,4.737,28.42,23.42,23,5.42,0.42,True
w515863631,4.738,28.43,23.43,23,5.43,0.43,True
w161058112,4.741,28.45,23.45,23,5.45,0.45,True
w352667487,4.741,28.45,23.45,23,5.45,0.45,True
w302066909,4.742,28.45,23.45,23,5.45,0.45,True
w404770751,4.742,28.45,23.45,23,5.45,0.45,True
w209287661,4.743,28.46,23.46,23,5.46,0.46,True
w318701782,4.743,28.46,23.46,23,5.46,0.46,True
w320342787,4.743,28.46,23.46,23,5.46,0.46,True
n2325366580,4.75,28.5,23.5,23,5.5,0.5,True
w91848289,4.75,28.5,23.5,23,5.5,0.5,True
w352284839,4.752,28.51,23.51,23,5.51,0.51,True
w320342797,4.753,28.52,23.52,23,5.52,0.52,True
w515863629,4.753,28.52,23.52,23,5.52,0.52,True
w285071413,4.76,28.56,23.56,23,5.56,0.56,True
w352668652,4.761,28.57,23.57,23,5.57,0.57,True
w352668630,4.767,28.6,23.6,23,5.6,0.6,True
w165439291,4.768,28.61,23.61,23,5.61,0.61,True
w515863628,4.768,28.61,23.61,23,5.61,0.61,True
w301982090,4.769,28.61,23.61,23,5.61,0.61,True
w531443828,4.769,28.61,23.61,23,5.61,0.61,True
w352285308,4.772,28.63,23.63,23,5.63,0.63,True
w320342789,4.775,28.65,23.65,23,5.65,0.65,True
w165439289,4.776,28.66,23.66,23,5.66,0.66,True
w352365957,4.777,28.66,23.66,23,5.66,0.66,True
w352667488,4.782,28.69,23.69,23,5.69,0.69,True
w352668646,4.782,28.69,23.69,23,5.69,0.69,True
w515856073,4.782,28.69,23.69,23,5.69,0.69,True
w515863627,4.782,28.69,23.69,23,5.69,0.69,True
w209287670,4.786,28.72,23.72,23,5.72,0.72,True
w315618361,4.787,28.72,23.72,23,5.72,0.72,True
w531443829,4.788,28.73,23.73,23,5.73,0.73,True
w531446216,4.788,28.73,23.73,23,5.73,0.73,True
w115331434,4.791,28.75,23.75,23,5.75,0.75,True
w352285307,4.791,28.75,23.75,23,5.75,0.75,True
w352332816,4.793,28.76,23.76,23,5.76,0.76,True
w352153725,4.795,28.77,23.77,23,5.77,0.77,True
w209287695,4.796,28.78,23.78,23,5.78,0.78,True
w352667476,4.796,28.78,23.78,23,5.78,0.78,True
w515863626,4.796,28.78,23.78,23,5.78,0.78,True
w320342632,4.798,28.79,23.79,23,5.79,0.79,True
w320342793,4.799,28.79,23.79,23,5.79,0.79,True
w209287679,4.8,28.8,23.8,23,5.8,0.8,True
w209287691,4.8,28.8,23.8,23,5.8,0.8,True
w209287628,4.801,28.81,23.81,23,5.81,0.81,True
w352668649,4.801,28.81,23.81,23,5.81,0.81,True
w532689734,4.801,28.81,23.81,23,5.81,0.81,True
w209654357,4.802,28.81,23.81,23,5.81,0.81,True
w301982112,4.802,28.81,23.81,23,5.81,0.81,True
w317148288,4.802,28.81,23.81,23,5.81,0.81,True
w301982113,4.803,28.82,23.82,23,5.82,0.82,True
w315618362,4.804,28.82,23.82,23,5.82,0.82,True
w91847455,4.804,28.82,23.82,23,5.82,0.82,True
w352365954,4.805,28.83,23.83,23,5.83,0.83,True
n2325729715,4.807,28.84,23.84,23,5.84,0.84,True
w302066953,4.807,28.84,23.84,23,5.84,0.84,True
w315618360,4.808,28.85,23.85,23,5.85,0.85,True
w405112643,4.808,28.85,23.85,23,5.85,0.85,True
w531448058,4.808,28.85,23.85,23,5.85,0.85,True
w515863625,4.81,28.86,23.86,23,5.86,0.86,True
w352667495,4.811,28.87,23.87,23,5.87,0.87,True
w339300190,4.813,28.88,23.88,23,5.88,0.88,True
w209287640,4.814,28.88,23.88,23,5.88,0.88,True
w404770752,4.816,28.9,23.9,23,5.9,0.9,True
w320342791,4.817,28.9,23.9,23,5.9,0.9,True
w315618365,4.818,28.91,23.91,23,5.91,0.91,True
w352667478,4.818,28.91,23.91,23,5.91,0.91,True
w115331452,4.819,28.91,23.91,23,5.91,0.91,True
w301982111,4.819,28.91,23.91,23,5.91,0.91,True
w165439299,4.822,28.93,23.93,23,5.93,0.93,True
w315618358,4.822,28.93,23.93,23,5.93,0.93,True
w319370825,4.824,28.94,23.94,23,5.94,0.94,True
w209267141,4.826,28.96,23.96,23,5.96,0.96,True
w352667496,4.826,28.96,23.96,23,5.96,0.96,True
w160400930,4.827,28.96,23.96,23,5.96,0.96,True
w160400931,4.827,28.96,23.96,23,5.96,0.96,True
w515863624,4.827,28.96,23.96,23,5.96,0.96,True
w531446217,4.828,28.97,23.97,23,5.97,0.97,True
w209287630,4.829,28.97,23.97,23,5.97,0.97,True
w209287682,4.829,28.97,23.97,23,5.97,0.97,True
w301982096,4.829,28.97,23.97,23,5.97,0.97,True
w209287624,4.83,28.98,23.98,23,5.98,0.98,True
w515863623,4.83,28.98,23.98,23,5.98,0.98,True
w515864770,4.83,28.98,23.98,23,5.98,0.98,True
w115331358,4.831,28.99,23.99,23,5.99,0.99,True
w301982110,4.831,28.99,23.99,23,5.99,0.99,True
n4162783497,4.833,29.0,24.0,23,6.0,1.0,True
w320437658,4.835,29.01,24.01,24,5.01,0.01,True
w352155388,4.835,29.01,24.01,24,5.01,0.01,True
w315618357,4.836,29.02,24.02,24,5.02,0.02,True
n4997937710,4.84,29.04,24.04,24,5.04,0.04,True
w515864764,4.841,29.05,24.05,24,5.05,0.05,True
w320342631,4.846,29.08,24.08,24,5.08,0.08,True
w315618356,4.849,29.09,24.09,24,5.09,0.09,True
w531449255,4.849,29.09,24.09,24,5.09,0.09,True
w531448060,4.85,29.1,24.1,24,5.1,0.1,True
w352155387,4.851,29.11,24.11,24,5.11,0.11,True
w301982108,4.853,29.12,24.12,24,5.12,0.12,True
w515863621,4.855,29.13,24.13,24,5.13,0.13,True
w515863622,4.855,29.13,24.13,24,5.13,0.13,True
w315618354,4.862,29.17,24.17,24,5.17,0.17,True
w319370823,4.863,29.18,24.18,24,5.18,0.18,True
w115331523,4.864,29.18,24.18,24,5.18,0.18,True
w339300188,4.869,29.21,24.21,24,5.21,0.21,True
w531449257,4.869,29.21,24.21,24,5.21,0.21,True
w320342629,4.87,29.22,24.22,24,5.22,0.22,True
w531449256,4.87,29.22,24.22,24,5.22,0.22,True
w209416089,4.871,29.23,24.23,24,5.23,0.23,True
w515863620,4.871,29.23,24.23,24,5.23,0.23,True
w209287641,4.873,29.24,24.24,24,5.24,0.24,True
w515863618,4.874,29.24,24.24,24,5.24,0.24,True
w315193207,4.875,29.25,24.25,24,5.25,0.25,True
w115331343,4.876,29.26,24.26,24,5.26,0.26,True
w116073594,4.878,29.27,24.27,24,5.27,0.27,True
w209416051,4.878,29.27,24.27,24,5.27,0.27,True
w352155386,4.878,29.27,24.27,24,5.27,0.27,True
w319370821,4.879,29.27,24.27,24,5.27,0.27,True
w301982107,4.885,29.31,24.31,24,5.31,0.31,True
w515864771,4.888,29.33,24.33,24,5.33,0.33,True
w315108398,4.889,29.33,24.33,24,5.33,0.33,True
w320342628,4.893,29.36,24.36,24,5.36,0.36,True
w352155385,4.893,29.36,24.36,24,5.36,0.36,True
w209416052,4.894,29.36,24.36,24,5.36,0.36,True
w209416057,4.895,29.37,24.37,24,5.37,0.37,True
w515863616,4.895,29.37,24.37,24,5.37,0.37,True
n2330549402,4.896,29.38,24.38,24,5.38,0.38,True
w319370820,4.896,29.38,24.38,24,5.38,0.38,True
w515829316,4.896,29.38,24.38,24,5.38,0.38,True
w209287701,4.898,29.39,24.39,24,5.39,0.39,True
w302066913,4.898,29.39,24.39,24,5.39,0.39,True
w352265866,4.899,29.39,24.39,24,5.39,0.39,True
w531449258,4.902,29.41,24.41,24,5.41,0.41,True
w315108397,4.903,29.42,24.42,24,5.42,0.42,True
w209287657,4.905,29.43,24.43,24,5.43,0.43,True
w531451251,4.905,29.43,24.43,24,5.43,0.43,True
w301982104,4.907,29.44,24.44,24,5.44,0.44,True
w209416025,4.908,29.45,24.45,24,5.45,0.45,True
w209416077,4.909,29.45,24.45,24,5.45,0.45,True
w320437619,4.912,29.47,24.47,24,5.47,0.47,True
w515863617,4.912,29.47,24.47,24,5.47,0.47,True
w115331347,4.915,29.49,24.49,24,5.49,0.49,True
w515862141,4.915,29.49,24.49,24,5.49,0.49,True
w297019343,4.916,29.5,24.5,24,5.5,0.5,True
w352155384,4.916,29.5,24.5,24,5.5,0.5,True
w302066914,4.918,29.51,24.51,24,5.51,0.51,True
w115331384,4.919,29.51,24.51,24,5.51,0.51,True
w103643501,4.92,29.52,24.52,24,5.52,0.52,True
w115331404,4.92,29.52,24.52,24,5.52,0.52,True
w209416081,4.922,29.53,24.53,24,5.53,0.53,True
w91848273,4.922,29.53,24.53,24,5.53,0.53,True
w319367003,4.923,29.54,24.54,24,5.54,0.54,True
w209416021,4.924,29.54,24.54,24,5.54,0.54,True
w352265865,4.924,29.54,24.54,24,5.54,0.54,True
w531451252,4.924,29.54,24.54,24,5.54,0.54,True
n4397874158,4.926,29.56,24.56,24,5.56,0.56,True
w209287688,4.926,29.56,24.56,24,5.56,0.56,True
w209287690,4.926,29.56,24.56,24,5.56,0.56,True
w320437620,4.927,29.56,24.56,24,5.56,0.56,True
w209287627,4.929,29.57,24.57,24,5.57,0.57,True
w115331511,4.931,29.59,24.59,24,5.59,0.59,True
w209287648,4.931,29.59,24.59,24,5.59,0.59,True
w209287632,4.932,29.59,24.59,24,5.59,0.59,True
w352149230,4.932,29.59,24.59,24,5.59,0.59,True
w209287646,4.933,29.6,24.6,24,5.6,0.6,True
w531446815,4.935,29.61,24.61,24,5.61,0.61,True
w209416062,4.936,29.62,24.62,24,5.62,0.62,True
w209416026,4.937,29.62,24.62,24,5.62,0.62,True
w352155383,4.939,29.63,24.63,24,5.63,0.63,True
w319366999,4.94,29.64,24.64,24,5.64,0.64,True
w91847457,4.941,29.65,24.65,24,5.65,0.65,True
w115331414,4.942,29.65,24.65,24,5.65,0.65,True
w320437622,4.942,29.65,24.65,24,5.65,0.65,True
w352265863,4.946,29.68,24.68,24,5.68,0.68,True
w209416056,4.951,29.71,24.71,24,5.71,0.71,True
w209416080,4.952,29.71,24.71,24,5.71,0.71,True
w209267119,4.954,29.72,24.72,24,5.72,0.72,True
w115331497,4.956,29.74,24.74,24,5.74,0.74,True
w87493532,4.956,29.74,24.74,24,5.74,0.74,True
w352152740,4.957,29.74,24.74,24,5.74,0.74,True
w297019345,4.958,29.75,24.75,24,5.75,0.75,True
w320437623,4.958,29.75,24.75,24,5.75,0.75,True
w319367001,4.96,29.76,24.76,24,5.76,0.76,True
w91848275,4.963,29.78,24.78,24,5.78,0.78,True
w352155381,4.964,29.78,24.78,24,5.78,0.78,True
w115331525,4.965,29.79,24.79,24,5.79,0.79,True
w209416015,4.965,29.79,24.79,24,5.79,0.79,True
w352162874,4.965,29.79,24.79,24,5.79,0.79,True
w209416061,4.966,29.8,24.8,24,5.8,0.8,True
n2322118089,4.968,29.81,24.81,24,5.81,0.81,True
w209287700,4.968,29.81,24.81,24,5.81,0.81,True
w209654292,4.97,29.82,24.82,24,5.82,0.82,True
w352152737,4.97,29.82,24.82,24,5.82,0.82,True
w320437626,4.971,29.83,24.83,24,5.83,0.83,True
w209287649,4.974,29.84,24.84,24,5.84,0.84,True
w115331365,4.975,29.85,24.85,24,5.85,0.85,True
w352153727,4.978,29.87,24.87,24,5.87,0.87,True
w209416045,4.979,29.87,24.87,24,5.87,0.87,True
w209416050,4.979,29.87,24.87,24,5.87,0.87,True
n5162957729,4.984,29.9,24.9,24,5.9,0.9,True
w297019342,4.984,29.9,24.9,24,5.9,0.9,True
w91848801,4.984,29.9,24.9,24,5.9,0.9,True
w91847118,4.985,29.91,24.91,24,5.91,0.91,True
w302074720,4.986,29.92,24.92,24,5.92,0.92,True
w320440073,4.986,29.92,24.92,24,5.92,0.92,True
w209416072,4.992,29.95,24.95,24,5.95,0.95,True
w115331415,4.994,29.96,24.96,24,5.96,0.96,True
w209416040,4.994,29.96,24.96,24,5.96,0.96,True
w209416073,4.994,29.96,24.96,24,5.96,0.96,True
w315108395,4.994,29.96,24.96,24,5.96,0.96,True
w319366987,4.994,29.96,24.96,24,5.96,0.96,True
n2330550601,4.995,29.97,24.97,24,5.97,0.97,True
w115331400,4.995,29.97,24.97,24,5.97,0.97,True
w352152735,4.995,29.97,24.97,24,5.97,0.97,True
w666173093,4.996,29.98,24.98,24,5.98,0.98,True
w91847078,4.996,29.98,24.98,24,5.98,0.98,True
w115331461,5.0,30.0,25.0,25,5.0,0.0,True
w91847108,5.001,30.01,25.01,25,5.01,0.01,True
w297019344,5.002,30.01,25.01,25,5.01,0.01,True
w209267166,5.003,30.02,25.02,25,5.02,0.02,True
w405093325,5.003,30.02,25.02,25,5.02,0.02,True
w115331410,5.004,30.02,25.02,25,5.02,0.02,True
w302074719,5.004,30.02,25.02,25,5.02,0.02,True
w209416033,5.005,30.03,25.03,25,5.03,0.03,True
w209416054,5.005,30.03,25.03,25,5.03,0.03,True
w302074718,5.005,30.03,25.03,25,5.03,0.03,True
w320438933,5.008,30.05,25.05,25,5.05,0.05,True
w320440071,5.008,30.05,25.05,25,5.05,0.05,True
w315425271,5.01,30.06,25.06,25,5.06,0.06,True
w352152733,5.011,30.07,25.07,25,5.07,0.07,True
w91847461,5.011,30.07,25.07,25,5.07,0.07,True
w352153729,5.013,30.08,25.08,25,5.08,0.08,True
w209287672,5.016,30.1,25.1,25,5.1,0.1,True
w209416059,5.016,30.1,25.1,25,5.1,0.1,True
w315108367,5.016,30.1,25.1,25,5.1,0.1,True
w209416037,5.018,30.11,25.11,25,5.11,0.11,True
w209287629,5.019,30.11,25.11,25,5.11,0.11,True
w320184026,5.02,30.12,25.12,25,5.12,0.12,True
w320440070,5.02,30.12,25.12,25,5.12,0.12,True
w302074717,5.022,30.13,25.13,25,5.13,0.13,True
w302074724,5.023,30.14,25.14,25,5.14,0.14,True
w315193137,5.024,30.14,25.14,25,5.14,0.14,True
w352152731,5.025,30.15,25.15,25,5.15,0.15,True
w91848292,5.025,30.15,25.15,25,5.15,0.15,True
w320438935,5.026,30.16,25.16,25,5.16,0.16,True
w352148095,5.026,30.16,25.16,25,5.16,0.16,True
w160400935,5.027,30.16,25.16,25,5.16,0.16,True
w315108368,5.028,30.17,25.17,25,5.17,0.17,True
w320437630,5.033,30.2,25.2,25,5.2,0.2,True
w209416053,5.034,30.2,25.2,25,5.2,0.2,True
w115331339,5.037,30.22,25.22,25,5.22,0.22,True
w209287650,5.037,30.22,25.22,25,5.22,0.22,True
w315193136,5.037,30.22,25.22,25,5.22,0.22,True
n2321994021,5.038,30.23,25.23,25,5.23,0.23,True
w352152729,5.039,30.23,25.23,25,5.23,0.23,True
w115331418,5.04,30.24,25.24,25,5.24,0.24,True
w302074721,5.046,30.28,25.28,25,5.28,0.28,True
w320438940,5.046,30.28,25.28,25,5.28,0.28,True
w320440062,5.047,30.28,25.28,25,5.28,0.28,True
w115331522,5.048,30.29,25.29,25,5.29,0.29,True
w91848281,5.048,30.29,25.29,25,5.29,0.29,True
w91848284,5.048,30.29,25.29,25,5.29,0.29,True
w209287635,5.049,30.29,25.29,25,5.29,0.29,True
w209287663,5.049,30.29,25.29,25,5.29,0.29,True
w209416044,5.049,30.29,25.29,25,5.29,0.29,True
w160400932,5.05,30.3,25.3,25,5.3,0.3,True
w160400934,5.05,30.3,25.3,25,5.3,0.3,True
w209287677,5.053,30.32,25.32,25,5.32,0.32,True
w103643504,5.054,30.32,25.32,25,5.32,0.32,True
w352152727,5.054,30.32,25.32,25,5.32,0.32,True
w315193151,5.055,30.33,25.33,25,5.33,0.33,True
w103643496,5.057,30.34,25.34,25,5.34,0.34,True
w225251580,5.057,30.34,25.34,25,5.34,0.34,True
w115331476,5.059,30.35,25.35,25,5.35,0.35,True
w320440057,5.06,30.36,25.36,25,5.36,0.36,True
w209287686,5.064,30.38,25.38,25,5.38,0.38,True
w209416024,5.064,30.38,25.38,25,5.38,0.38,True
w295998440,5.064,30.38,25.38,25,5.38,0.38,True
w299629712,5.066,30.4,25.4,25,5.4,0.4,True
w352152725,5.067,30.4,25.4,25,5.4,0.4,True
w315193161,5.068,30.41,25.41,25,5.41,0.41,True
w91847112,5.068,30.41,25.41,25,5.41,0.41,True
w315193134,5.07,30.42,25.42,25,5.42,0.42,True
n2321994003,5.071,30.43,25.43,25,5.43,0.43,True
w302074725,5.071,30.43,25.43,25,5.43,0.43,True
w115331454,5.073,30.44,25.44,25,5.44,0.44,True
w209416019,5.078,30.47,25.47,25,5.47,0.47,True
w209287664,5.079,30.47,25.47,25,5.47,0.47,True
w115331446,5.082,30.49,25.49,25,5.49,0.49,True
w160401061,5.082,30.49,25.49,25,5.49,0.49,True
w315193162,5.082,30.49,25.49,25,5.49,0.49,True
w352152723,5.083,30.5,25.5,25,5.5,0.5,True
w302074728,5.084,30.5,25.5,25,5.5,0.5,True
w315193133,5.086,30.52,25.52,25,5.52,0.52,True
w91847058,5.087,30.52,25.52,25,5.52,0.52,True
w302074727,5.089,30.53,25.53,25,5.53,0.53,True
w103643500,5.09,30.54,25.54,25,5.54,0.54,True
w301982100,5.09,30.54,25.54,25,5.54,0.54,True
w209287636,5.093,30.56,25.56,25,5.56,0.56,True
w318044640,5.093,30.56,25.56,25,5.56,0.56,True
w91847106,5.094,30.56,25.56,25,5.56,0.56,True
w115331485,5.095,30.57,25.57,25,5.57,0.57,True
w299629715,5.095,30.57,25.57,25,5.57,0.57,True
w315108369,5.095,30.57,25.57,25,5.57,0.57,True
n2321951523,5.1,30.6,25.6,25,5.6,0.6,True
w103643494,5.101,30.61,25.61,25,5.61,0.61,True
w302074722,5.101,30.61,25.61,25,5.61,0.61,True
w165439309,5.102,30.61,25.61,25,5.61,0.61,True
w161635485,5.103,30.62,25.62,25,5.62,0.62,True
w335008068,5.105,30.63,25.63,25,5.63,0.63,True
w706969542,5.105,30.63,25.63,25,5.63,0.63,True
n2325958287,5.106,30.64,25.64,25,5.64,0.64,True
w315425259,5.106,30.64,25.64,25,5.64,0.64,True
w318044639,5.107,30.64,25.64,25,5.64,0.64,True
w209287673,5.108,30.65,25.65,25,5.65,0.65,True
w315108370,5.11,30.66,25.66,25,5.66,0.66,True
w209287676,5.112,30.67,25.67,25,5.67,0.67,True
w209287658,5.115,30.69,25.69,25,5.69,0.69,True
w352152718,5.118,30.71,25.71,25,5.71,0.71,True
w160400933,5.122,30.73,25.73,25,5.73,0.73,True
w318044638,5.122,30.73,25.73,25,5.73,0.73,True
w209287651,5.123,30.74,25.74,25,5.74,0.74,True
w302074735,5.124,30.74,25.74,25,5.74,0.74,True
w87493524,5.124,30.74,25.74,25,5.74,0.74,True
w315108371,5.125,30.75,25.75,25,5.75,0.75,True
w209287631,5.126,30.76,25.76,25,5.76,0.76,True
w295088584,5.129,30.77,25.77,25,5.77,0.77,True
w315193157,5.13,30.78,25.78,25,5.78,0.78,True
w352152715,5.131,30.79,25.79,25,5.79,0.79,True
w315193131,5.132,30.79,25.79,25,5.79,0.79,True
w318044637,5.135,30.81,25.81,25,5.81,0.81,True
n2321993999,5.136,30.82,25.82,25,5.82,0.82,True
w209287699,5.137,30.82,25.82,25,5.82,0.82,True
n2339105464,5.139,30.83,25.83,25,5.83,0.83,True
w209416055,5.14,30.84,25.84,25,5.84,0.84,True
w315425206,5.14,30.84,25.84,25,5.84,0.84,True
w315108372,5.141,30.85,25.85,25,5.85,0.85,True
w315193166,5.141,30.85,25.85,25,5.85,0.85,True
w302074736,5.145,30.87,25.87,25,5.87,0.87,True
w315193155,5.146,30.88,25.88,25,5.88,0.88,True
w223977260,5.147,30.88,25.88,25,5.88,0.88,True
w318044635,5.15,30.9,25.9,25,5.9,0.9,True
w209287638,5.151,30.91,25.91,25,5.91,0.91,True
w315193168,5.151,30.91,25.91,25,5.91,0.91,True
w184989535,5.155,30.93,25.93,25,5.93,0.93,True
w209287656,5.155,30.93,25.93,25,5.93,0.93,True
w315193143,5.155,30.93,25.93,25,5.93,0.93,True
w302074745,5.156,30.94,25.94,25,5.94,0.94,True
w352151499,5.156,30.94,25.94,25,5.94,0.94,True
w209416076,5.157,30.94,25.94,25,5.94,0.94,True
w315425208,5.157,30.94,25.94,25,5.94,0.94,True
w209287662,5.159,30.95,25.95,25,5.95,0.95,True
n2321855313,5.16,30.96,25.96,25,5.96,0.96,True
n4919278864,5.161,30.97,25.97,25,5.97,0.97,True
w91847117,5.161,30.97,25.97,25,5.97,0.97,True
w209287634,5.163,30.98,25.98,25,5.98,0.98,True
w315193130,5.163,30.98,25.98,25,5.98,0.98,True
w91847083,5.164,30.98,25.98,25,5.98,0.98,True
w318044453,5.165,30.99,25.99,25,5.99,0.99,True
w209287674,5.166,31.0,26.0,25,6.0,1.0,True
w352151105,5.166,31.0,26.0,25,6.0,1.0,True
w315425263,5.167,31.0,26.0,26,5.0,0.0,True
w91847066,5.167,31.0,26.0,26,5.0,0.0,True
w209287654,5.168,31.01,26.01,26,5.01,0.01,True
w315193149,5.169,31.01,26.01,26,5.01,0.01,True
w315425209,5.171,31.03,26.03,26,5.03,0.03,True
w295998427,5.172,31.03,26.03,26,5.03,0.03,True
w295998451,5.172,31.03,26.03,26,5.03,0.03,True
w295998453,5.173,31.04,26.04,26,5.04,0.04,True
w103643508,5.175,31.05,26.05,26,5.05,0.05,True
w209287626,5.179,31.07,26.07,26,5.07,0.07,True
w315425218,5.179,31.07,26.07,26,5.07,0.07,True
w315425256,5.179,31.07,26.07,26,5.07,0.07,True
w209287645,5.181,31.09,26.09,26,5.09,0.09,True
w209287687,5.181,31.09,26.09,26,5.09,0.09,True
w315193163,5.182,31.09,26.09,26,5.09,0.09,True
w318120129,5.182,31.09,26.09,26,5.09,0.09,True
w91850925,5.184,31.1,26.1,26,5.1,0.1,True
w315425210,5.185,31.11,26.11,26,5.11,0.11,True
w103643510,5.186,31.12,26.12,26,5.12,0.12,True
w115331371,5.186,31.12,26.12,26,5.12,0.12,True
w91847056,5.191,31.15,26.15,26,5.15,0.15,True
w318043422,5.192,31.15,26.15,26,5.15,0.15,True
w405112654,5.194,31.16,26.16,26,5.16,0.16,True
w209287665,5.196,31.18,26.18,26,5.18,0.18,True
w318120131,5.197,31.18,26.18,26,5.18,0.18,True
w224621714,5.2,31.2,26.2,26,5.2,0.2,True
w315425211,5.2,31.2,26.2,26,5.2,0.2,True
w352149223,5.201,31.21,26.21,26,5.21,0.21,True
n2321855312,5.202,31.21,26.21,26,5.21,0.21,True
w315425243,5.205,31.23,26.23,26,5.23,0.23,True
w209287633,5.207,31.24,26.24,26,5.24,0.24,True
w91847109,5.209,31.25,26.25,26,5.25,0.25,True
w209287642,5.21,31.26,26.26,26,5.26,0.26,True
w302074755,5.212,31.27,26.27,26,5.27,0.27,True
w302074746,5.213,31.28,26.28,26,5.28,0.28,True
w405112653,5.213,31.28,26.28,26,5.28,0.28,True
w315425213,5.214,31.28,26.28,26,5.28,0.28,True
w405112655,5.215,31.29,26.29,26,5.29,0.29,True
w222778762,5.217,31.3,26.3,26,5.3,0.3,True
w302074740,5.217,31.3,26.3,26,5.3,0.3,True
w315618173,5.218,31.31,26.31,26,5.31,0.31,True
w315807202,5.218,31.31,26.31,26,5.31,0.31,True
w209287698,5.225,31.35,26.35,26,5.35,0.35,True
w302074747,5.227,31.36,26.36,26,5.36,0.36,True
n2321951516,5.228,31.37,26.37,26,5.37,0.37,True
w310492787,5.228,31.37,26.37,26,5.37,0.37,True
w115331420,5.229,31.37,26.37,26,5.37,0.37,True
w315425215,5.229,31.37,26.37,26,5.37,0.37,True
w318120134,5.231,31.39,26.39,26,5.39,0.39,True
w302074741,5.232,31.39,26.39,26,5.39,0.39,True
w315807203,5.233,31.4,26.4,26,5.4,0.4,True
w317149365,5.233,31.4,26.4,26,5.4,0.4,True
w405112651,5.233,31.4,26.4,26,5.4,0.4,True
w91847107,5.236,31.42,26.42,26,5.42,0.42,True
w209416090,5.237,31.42,26.42,26,5.42,0.42,True
w209287683,5.238,31.43,26.43,26,5.43,0.43,True
w352149830,5.24,31.44,26.44,26,5.44,0.44,True
w209654391,5.242,31.45,26.45,26,5.45,0.45,True
w315425216,5.242,31.45,26.45,26,5.45,0.45,True
w302074748,5.243,31.46,26.46,26,5.46,0.46,True
w209287689,5.244,31.46,26.46,26,5.46,0.46,True
w302369878,5.245,31.47,26.47,26,5.47,0.47,True
w315425222,5.245,31.47,26.47,26,5.47,0.47,True
w318120136,5.247,31.48,26.48,26,5.48,0.48,True
w209416017,5.248,31.49,26.49,26,5.49,0.49,True
w315425207,5.248,31.49,26.49,26,5.49,0.49,True
w91847070,5.249,31.49,26.49,26,5.49,0.49,True
w315807208,5.25,31.5,26.5,26,5.5,0.5,True
w318044886,5.251,31.51,26.51,26,5.51,0.51,True
w352151496,5.251,31.51,26.51,26,5.51,0.51,True
w318043420,5.252,31.51,26.51,26,5.51,0.51,True
n4835050373,5.253,31.52,26.52,26,5.52,0.52,True
w315193170,5.254,31.52,26.52,26,5.52,0.52,True
w315425219,5.254,31.52,26.52,26,5.52,0.52,True
w352149222,5.255,31.53,26.53,26,5.53,0.53,True
w209287666,5.257,31.54,26.54,26,5.54,0.54,True
w302074749,5.258,31.55,26.55,26,5.55,0.55,True
w315425217,5.258,31.55,26.55,26,5.55,0.55,True
w315425245,5.258,31.55,26.55,26,5.55,0.55,True
w318120137,5.258,31.55,26.55,26,5.55,0.55,True
w115331462,5.26,31.56,26.56,26,5.56,0.56,True
w209416075,5.26,31.56,26.56,26,5.56,0.56,True
w302074738,5.261,31.57,26.57,26,5.57,0.57,True
w302369879,5.262,31.57,26.57,26,5.57,0.57,True
n2321855336,5.264,31.58,26.58,26,5.58,0.58,True
w315425248,5.265,31.59,26.59,26,5.59,0.59,True
n2321994025,5.266,31.6,26.6,26,5.6,0.6,True
w352151497,5.267,31.6,26.6,26,5.6,0.6,True
n4835076146,5.269,31.61,26.61,26,5.61,0.61,True
w91847071,5.269,31.61,26.61,26,5.61,0.61,True
w315807210,5.27,31.62,26.62,26,5.62,0.62,True
w115331342,5.271,31.63,26.63,26,5.63,0.63,True
w315425247,5.271,31.63,26.63,26,5.63,0.63,True
w209416093,5.275,31.65,26.65,26,5.65,0.65,True
w91847057,5.275,31.65,26.65,26,5.65,0.65,True
w315425250,5.282,31.69,26.69,26,5.69,0.69,True
w352149827,5.282,31.69,26.69,26,5.69,0.69,True
w352151085,5.282,31.69,26.69,26,5.69,0.69,True
w115331421,5.284,31.7,26.7,26,5.7,0.7,True
w315425226,5.285,31.71,26.71,26,5.71,0.71,True
w315807212,5.286,31.72,26.72,26,5.72,0.72,True
w318044885,5.286,31.72,26.72,26,5.72,0.72,True
w318120143,5.286,31.72,26.72,26,5.72,0.72,True
w352149225,5.288,31.73,26.73,26,5.73,0.73,True
w315425254,5.289,31.73,26.73,26,5.73,0.73,True
w407354377,5.29,31.74,26.74,26,5.74,0.74,True
w209416041,5.291,31.75,26.75,26,5.75,0.75,True
n2321951519,5.294,31.76,26.76,26,5.76,0.76,True
w318044882,5.294,31.76,26.76,26,5.76,0.76,True
w407354359,5.294,31.76,26.76,26,5.76,0.76,True
w315425223,5.297,31.78,26.78,26,5.78,0.78,True
w315425255,5.298,31.79,26.79,26,5.79,0.79,True
w299629688,5.299,31.79,26.79,26,5.79,0.79,True
w315425252,5.299,31.79,26.79,26,5.79,0.79,True
w351854665,5.3,31.8,26.8,26,5.8,0.8,True
w209416079,5.301,31.81,26.81,26,5.81,0.81,True
w317149374,5.301,31.81,26.81,26,5.81,0.81,True
w318120142,5.301,31.81,26.81,26,5.81,0.81,True
w302074753,5.302,31.81,26.81,26,5.81,0.81,True
w318083425,5.302,31.81,26.81,26,5.81,0.81,True
w315618129,5.304,31.82,26.82,26,5.82,0.82,True
w209416039,5.305,31.83,26.83,26,5.83,0.83,True
w315807199,5.305,31.83,26.83,26,5.83,0.83,True
w91847113,5.305,31.83,26.83,26,5.83,0.83,True
w352149217,5.309,31.85,26.85,26,5.85,0.85,True
w318044883,5.312,31.87,26.87,26,5.87,0.87,True
w318083426,5.313,31.88,26.88,26,5.88,0.88,True
w407354360,5.314,31.88,26.88,26,5.88,0.88,True
n2330549394,5.316,31.9,26.9,26,5.9,0.9,True
w318083428,5.316,31.9,26.9,26,5.9,0.9,True
w315618131,5.317,31.9,26.9,26,5.9,0.9,True
w315618155,5.317,31.9,26.9,26,5.9,0.9,True
w317149367,5.321,31.93,26.93,26,5.93,0.93,True
w91847092,5.321,31.93,26.93,26,5.93,0.93,True
n4835076145,5.323,31.94,26.94,26,5.94,0.94,True
w315851327,5.323,31.94,26.94,26,5.94,0.94,True
n2321855335,5.328,31.97,26.97,26,5.97,0.97,True
w407354372,5.328,31.97,26.97,26,5.97,0.97,True
n4919309516,5.329,31.97,26.97,26,5.97,0.97,True
w302369880,5.329,31.97,26.97,26,5.97,0.97,True
w320437637,5.329,31.97,26.97,26,5.97,0.97,True
n4835076144,5.33,31.98,26.98,26,5.98,0.98,True
w315618154,5.332,31.99,26.99,26,5.99,0.99,True
w318083432,5.332,31.99,26.99,26,5.99,0.99,True
w315618133,5.333,32.0,27.0,26,6.0,1.0,True
w316031264,5.333,32.0,27.0,26,6.0,1.0,True
w209416030,5.334,32.0,27.0,27,5.0,0.0,True
w315618146,5.334,32.0,27.0,27,5.0,0.0,True
w407354361,5.334,32.0,27.0,27,5.0,0.0,True
w318120135,5.335,32.01,27.01,27,5.01,0.01,True
w352149226,5.338,32.03,27.03,27,5.03,0.03,True
w644316162,5.341,32.05,27.05,27,5.05,0.05,True
w320437636,5.344,32.06,27.06,27,5.06,0.06,True
w315851314,5.345,32.07,27.07,27,5.07,0.07,True
w315618134,5.347,32.08,27.08,27,5.08,0.08,True
w315618142,5.347,32.08,27.08,27,5.08,0.08,True
w209416078,5.348,32.09,27.09,27,5.09,0.09,True
w317149376,5.348,32.09,27.09,27,5.09,0.09,True
w318083433,5.348,32.09,27.09,27,5.09,0.09,True
w209287675,5.349,32.09,27.09,27,5.09,0.09,True
w315618165,5.349,32.09,27.09,27,5.09,0.09,True
w318120138,5.349,32.09,27.09,27,5.09,0.09,True
w407354369,5.349,32.09,27.09,27,5.09,0.09,True
w315807200,5.35,32.1,27.1,27,5.1,0.1,True
w316031266,5.35,32.1,27.1,27,5.1,0.1,True
n4835050372,5.351,32.11,27.11,27,5.11,0.11,True
w407354362,5.353,32.12,27.12,27,5.12,0.12,True
w352152757,5.354,32.12,27.12,27,5.12,0.12,True
w320437634,5.356,32.14,27.14,27,5.14,0.14,True
n4835050371,5.357,32.14,27.14,27,5.14,0.14,True
w315807206,5.357,32.14,27.14,27,5.14,0.14,True
w315425228,5.361,32.17,27.17,27,5.17,0.17,True
w315618137,5.362,32.17,27.17,27,5.17,0.17,True
w315618141,5.362,32.17,27.17,27,5.17,0.17,True
w317149370,5.362,32.17,27.17,27,5.17,0.17,True
w315618136,5.363,32.18,27.18,27,5.18,0.18,True
w315851312,5.364,32.18,27.18,27,5.18,0.18,True
w209416038,5.365,32.19,27.19,27,5.19,0.19,True
w316031267,5.365,32.19,27.19,27,5.19,0.19,True
w91847069,5.365,32.19,27.19,27,5.19,0.19,True
w315618161,5.366,32.2,27.2,27,5.2,0.2,True
w318083442,5.366,32.2,27.2,27,5.2,0.2,True
w318120139,5.366,32.2,27.2,27,5.2,0.2,True
n2334260105,5.368,32.21,27.21,27,5.21,0.21,True
w315807207,5.369,32.21,27.21,27,5.21,0.21,True
w407354366,5.37,32.22,27.22,27,5.22,0.22,True
w320437632,5.371,32.23,27.23,27,5.23,0.23,True
w407354364,5.372,32.23,27.23,27,5.23,0.23,True
n2321834534,5.375,32.25,27.25,27,5.25,0.25,True
w91847068,5.375,32.25,27.25,27,5.25,0.25,True
w315425242,5.376,32.26,27.26,27,5.26,0.26,True
w209416042,5.377,32.26,27.26,27,5.26,0.26,True
w91847096,5.379,32.27,27.27,27,5.27,0.27,True
w316031270,5.38,32.28,27.28,27,5.28,0.28,True
w318083440,5.381,32.29,27.29,27,5.29,0.29,True
w315618151,5.382,32.29,27.29,27,5.29,0.29,True
w209416065,5.383,32.3,27.3,27,5.3,0.3,True
w315851305,5.384,32.3,27.3,27,5.3,0.3,True
w209416068,5.386,32.32,27.32,27,5.32,0.32,True
w315807198,5.39,32.34,27.34,27,5.34,0.34,True
w209416084,5.392,32.35,27.35,27,5.35,0.35,True
w320437631,5.394,32.36,27.36,27,5.36,0.36,True
w316645110,5.395,32.37,27.37,27,5.37,0.37,True
w315618153,5.397,32.38,27.38,27,5.38,0.38,True
w315851301,5.399,32.39,27.39,27,5.39,0.39,True
w319366994,5.401,32.41,27.41,27,5.41,0.41,True
w91847060,5.403,32.42,27.42,27,5.42,0.42,True
w115331367,5.405,32.43,27.43,27,5.43,0.43,True
w209416028,5.407,32.44,27.44,27,5.44,0.44,True
w91847115,5.407,32.44,27.44,27,5.44,0.44,True
w209416027,5.408,32.45,27.45,27,5.45,0.45,True
w103771199,5.409,32.45,27.45,27,5.45,0.45,True
w316645114,5.409,32.45,27.45,27,5.45,0.45,True
n2321834527,5.414,32.48,27.48,27,5.48,0.48,True
w315851304,5.416,32.5,27.5,27,5.5,0.5,True
w315618152,5.417,32.5,27.5,27,5.5,0.5,True
w320437629,5.419,32.51,27.51,27,5.51,0.51,True
n2321834524,5.42,32.52,27.52,27,5.52,0.52,True
w115331513,5.421,32.53,27.53,27,5.53,0.53,True
w209416082,5.421,32.53,27.53,27,5.53,0.53,True
w224083295,5.423,32.54,27.54,27,5.54,0.54,True
w318083469,5.424,32.54,27.54,27,5.54,0.54,True
w316645115,5.425,32.55,27.55,27,5.55,0.55,True
w317149372,5.427,32.56,27.56,27,5.56,0.56,True
w318083438,5.429,32.57,27.57,27,5.57,0.57,True
w315851310,5.433,32.6,27.6,27,5.6,0.6,True
w318083464,5.433,32.6,27.6,27,5.6,0.6,True
w315851303,5.434,32.6,27.6,27,5.6,0.6,True
w315618157,5.435,32.61,27.61,27,5.61,0.61,True
w315618170,5.435,32.61,27.61,27,5.61,0.61,True
w315618164,5.436,32.62,27.62,27,5.62,0.62,True
w103771201,5.44,32.64,27.64,27,5.64,0.64,True
n5411906006,5.442,32.65,27.65,27,5.65,0.65,True
w318083475,5.442,32.65,27.65,27,5.65,0.65,True
w315851328,5.443,32.66,27.66,27,5.66,0.66,True
w315618139,5.445,32.67,27.67,27,5.67,0.67,True
w319132158,5.445,32.67,27.67,27,5.67,0.67,True
w315807407,5.448,32.69,27.69,27,5.69,0.69,True
w315807232,5.45,32.7,27.7,27,5.7,0.7,True
w318083474,5.45,32.7,27.7,27,5.7,0.7,True
w315618160,5.451,32.71,27.71,27,5.71,0.71,True
w315618163,5.451,32.71,27.71,27,5.71,0.71,True
w315851323,5.451,32.71,27.71,27,5.71,0.71,True
w316645007,5.451,32.71,27.71,27,5.71,0.71,True
w316665822,5.454,32.72,27.72,27,5.72,0.72,True
w165439283,5.457,32.74,27.74,27,5.74,0.74,True
w318083482,5.457,32.74,27.74,27,5.74,0.74,True
w91847072,5.458,32.75,27.75,27,5.75,0.75,True
w315618140,5.459,32.75,27.75,27,5.75,0.75,True
w319133046,5.461,32.77,27.77,27,5.77,0.77,True
w103771202,5.462,32.77,27.77,27,5.77,0.77,True
w165439302,5.465,32.79,27.79,27,5.79,0.79,True
w407354375,5.465,32.79,27.79,27,5.79,0.79,True
w315618172,5.466,32.8,27.8,27,5.8,0.8,True
w316645008,5.466,32.8,27.8,27,5.8,0.8,True
w318083477,5.468,32.81,27.81,27,5.81,0.81,True
w315851322,5.469,32.81,27.81,27,5.81,0.81,True
w316758836,5.47,32.82,27.82,27,5.82,0.82,True
w184989536,5.471,32.83,27.83,27,5.83,0.83,True
w407354379,5.472,32.83,27.83,27,5.83,0.83,True
w318084686,5.474,32.84,27.84,27,5.84,0.84,True
w316645123,5.475,32.85,27.85,27,5.85,0.85,True
w316645118,5.476,32.86,27.86,27,5.86,0.86,True
w319133048,5.479,32.87,27.87,27,5.87,0.87,True
w316645009,5.481,32.89,27.89,27,5.89,0.89,True
n2330549398,5.484,32.9,27.9,27,5.9,0.9,True
w316758837,5.484,32.9,27.9,27,5.9,0.9,True
w318083480,5.484,32.9,27.9,27,5.9,0.9,True
w315851320,5.485,32.91,27.91,27,5.91,0.91,True
w315851325,5.487,32.92,27.92,27,5.92,0.92,True
w316645117,5.487,32.92,27.92,27,5.92,0.92,True
w209416092,5.488,32.93,27.93,27,5.93,0.93,True
w315807218,5.488,32.93,27.93,27,5.93,0.93,True
w315851326,5.489,32.93,27.93,27,5.93,0.93,True
w318084690,5.492,32.95,27.95,27,5.95,0.95,True
w316645010,5.494,32.96,27.96,27,5.96,0.96,True
w317051431,5.494,32.96,27.96,27,5.96,0.96,True
w318084710,5.495,32.97,27.97,27,5.97,0.97,True
w318084687,5.501,33.01,28.01,28,5.01,0.01,True
w561469641,5.501,33.01,28.01,28,5.01,0.01,True
w209416063,5.503,33.02,28.02,28,5.02,0.02,True
w315851319,5.503,33.02,28.02,28,5.02,0.02,True
w317051433,5.507,33.04,28.04,28,5.04,0.04,True
w315807220,5.513,33.08,28.08,28,5.08,0.08,True
w209416049,5.518,33.11,28.11,28,5.11,0.11,True
w316785287,5.518,33.11,28.11,28,5.11,0.11,True
w315851307,5.52,33.12,28.12,28,5.12,0.12,True
w318084689,5.52,33.12,28.12,28,5.12,0.12,True
w317051435,5.521,33.13,28.13,28,5.13,0.13,True
w91847103,5.521,33.13,28.13,28,5.13,0.13,True
w316759046,5.522,33.13,28.13,28,5.13,0.13,True
w318084707,5.522,33.13,28.13,28,5.13,0.13,True
w315618168,5.523,33.14,28.14,28,5.14,0.14,True
w315618156,5.524,33.14,28.14,28,5.14,0.14,True
w316645120,5.524,33.14,28.14,28,5.14,0.14,True
w352064506,5.525,33.15,28.15,28,5.15,0.15,True
n4397874166,5.527,33.16,28.16,28,5.16,0.16,True
w315807221,5.531,33.19,28.19,28,5.19,0.19,True
w209416029,5.532,33.19,28.19,28,5.19,0.19,True
w315618171,5.533,33.2,28.2,28,5.2,0.2,True
w352064505,5.533,33.2,28.2,28,5.2,0.2,True
w318084700,5.536,33.22,28.22,28,5.22,0.22,True
w315807231,5.537,33.22,28.22,28,5.22,0.22,True
w317051437,5.537,33.22,28.22,28,5.22,0.22,True
w320438948,5.537,33.22,28.22,28,5.22,0.22,True
w315618169,5.541,33.25,28.25,28,5.25,0.25,True
w320440063,5.541,33.25,28.25,28,5.25,0.25,True
w315618162,5.542,33.25,28.25,28,5.25,0.25,True
w316665821,5.542,33.25,28.25,28,5.25,0.25,True
w316759045,5.542,33.25,28.25,28,5.25,0.25,True
w318084704,5.543,33.26,28.26,28,5.26,0.26,True
w320440076,5.543,33.26,28.26,28,5.26,0.26,True
w91847086,5.543,33.26,28.26,28,5.26,0.26,True
w318084713,5.547,33.28,28.28,28,5.28,0.28,True
w317051440,5.55,33.3,28.3,28,5.3,0.3,True
w318084701,5.554,33.32,28.32,28,5.32,0.32,True
w352064507,5.555,33.33,28.33,28,5.33,0.33,True
w484497586,5.557,33.34,28.34,28,5.34,0.34,True
w316759216,5.561,33.37,28.37,28,5.37,0.37,True
w318084696,5.561,33.37,28.37,28,5.37,0.37,True
n2321834521,5.562,33.37,28.37,28,5.37,0.37,True
w316758835,5.562,33.37,28.37,28,5.37,0.37,True
w315851329,5.563,33.38,28.38,28,5.38,0.38,True
w317051446,5.564,33.38,28.38,28,5.38,0.38,True
w319133053,5.567,33.4,28.4,28,5.4,0.4,True
w320438943,5.568,33.41,28.41,28,5.41,0.41,True
w315807222,5.57,33.42,28.42,28,5.42,0.42,True
w352161715,5.57,33.42,28.42,28,5.42,0.42,True
w318084702,5.572,33.43,28.43,28,5.43,0.43,True
w316759219,5.573,33.44,28.44,28,5.44,0.44,True
n9170522018,5.576,33.46,28.46,28,5.46,0.46,True
w316758839,5.577,33.46,28.46,28,5.46,0.46,True
w91847063,5.577,33.46,28.46,28,5.46,0.46,True
w315851335,5.578,33.47,28.47,28,5.47,0.47,True
w320437642,5.581,33.49,28.49,28,5.49,0.49,True
w91847116,5.581,33.49,28.49,28,5.49,0.49,True
w316785289,5.582,33.49,28.49,28,5.49,0.49,True
w317051454,5.583,33.5,28.5,28,5.5,0.5,True
w319133052,5.583,33.5,28.5,28,5.5,0.5,True
w316645121,5.586,33.52,28.52,28,5.52,0.52,True
w318084711,5.587,33.52,28.52,28,5.52,0.52,True
w318084693,5.588,33.53,28.53,28,5.53,0.53,True
w352161714,5.588,33.53,28.53,28,5.53,0.53,True
w316759038,5.592,33.55,28.55,28,5.55,0.55,True
w320438942,5.594,33.56,28.56,28,5.56,0.56,True
w316759464,5.595,33.57,28.57,28,5.57,0.57,True
w317051457,5.598,33.59,28.59,28,5.59,0.59,True
w318548578,5.602,33.61,28.61,28,5.61,0.61,True
w352161713,5.604,33.62,28.62,28,5.62,0.62,True
w317051432,5.605,33.63,28.63,28,5.63,0.63,True
w320439372,5.605,33.63,28.63,28,5.63,0.63,True
w316785290,5.606,33.64,28.64,28,5.64,0.64,True
w316759508,5.611,33.67,28.67,28,5.67,0.67,True
w317051462,5.612,33.67,28.67,28,5.67,0.67,True
w315807223,5.62,33.72,28.72,28,5.72,0.72,True
w317051439,5.622,33.73,28.73,28,5.73,0.73,True
w318548576,5.624,33.74,28.74,28,5.74,0.74,True
w317051464,5.627,33.76,28.76,28,5.76,0.76,True
w317051450,5.628,33.77,28.77,28,5.77,0.77,True
w320440055,5.628,33.77,28.77,28,5.77,0.77,True
w209654410,5.629,33.77,28.77,28,5.77,0.77,True
w315807224,5.629,33.77,28.77,28,5.77,0.77,True
w316785292,5.629,33.77,28.77,28,5.77,0.77,True
w352161711,5.629,33.77,28.77,28,5.77,0.77,True
w91847073,5.629,33.77,28.77,28,5.77,0.77,True
w320439368,5.63,33.78,28.78,28,5.78,0.78,True
w316759073,5.632,33.79,28.79,28,5.79,0.79,True
w317051455,5.633,33.8,28.8,28,5.8,0.8,True
w317051441,5.634,33.8,28.8,28,5.8,0.8,True
w317053500,5.636,33.82,28.82,28,5.82,0.82,True
w318548577,5.636,33.82,28.82,28,5.82,0.82,True
w317051449,5.643,33.86,28.86,28,5.86,0.86,True
w352161710,5.643,33.86,28.86,28,5.86,0.86,True
w317051466,5.644,33.86,28.86,28,5.86,0.86,True
w316759217,5.649,33.89,28.89,28,5.89,0.89,True
w317051442,5.649,33.89,28.89,28,5.89,0.89,True
w315851332,5.652,33.91,28.91,28,5.91,0.91,True
w352149828,5.652,33.91,28.91,28,5.91,0.91,True
n2337985509,5.655,33.93,28.93,28,5.93,0.93,True
w317053502,5.656,33.94,28.94,28,5.94,0.94,True
w352161708,5.659,33.95,28.95,28,5.95,0.95,True
w320438936,5.66,33.96,28.96,28,5.96,0.96,True
w757869686,5.66,33.96,28.96,28,5.96,0.96,True
w317051467,5.661,33.97,28.97,28,5.97,0.97,True
w316759220,5.663,33.98,28.98,28,5.98,0.98,True
w319401764,5.663,33.98,28.98,28,5.98,0.98,True
w317051443,5.664,33.98,28.98,28,5.98,0.98,True
w91847104,5.666,34.0,29.0,28,6.0,1.0,True
w315851334,5.671,34.03,29.03,29,5.03,0.03,True
w317053511,5.672,34.03,29.03,29,5.03,0.03,True
w757869687,5.674,34.04,29.04,29,5.04,0.04,True
w320439366,5.676,34.06,29.06,29,5.06,0.06,True
w317051487,5.677,34.06,29.06,29,5.06,0.06,True
w316785294,5.678,34.07,29.07,29,5.07,0.07,True
w317051444,5.678,34.07,29.07,29,5.07,0.07,True
w352149826,5.678,34.07,29.07,29,5.07,0.07,True
w352161709,5.678,34.07,29.07,29,5.07,0.07,True
w316759289,5.681,34.09,29.09,29,5.09,0.09,True
w316785291,5.681,34.09,29.09,29,5.09,0.09,True
w91850354,5.683,34.1,29.1,29,5.1,0.1,True
w317051459,5.684,34.1,29.1,29,5.1,0.1,True
w320440052,5.685,34.11,29.11,29,5.11,0.11,True
w317149187,5.687,34.12,29.12,29,5.12,0.12,True
w317051448,5.694,34.16,29.16,29,5.16,0.16,True
w316759468,5.698,34.19,29.19,29,5.19,0.19,True
w320440053,5.698,34.19,29.19,29,5.19,0.19,True
w352161707,5.698,34.19,29.19,29,5.19,0.19,True
w209273571,5.699,34.19,29.19,29,5.19,0.19,True
w317149190,5.701,34.21,29.21,29,5.21,0.21,True
w317051463,5.702,34.21,29.21,29,5.21,0.21,True
w317053520,5.702,34.21,29.21,29,5.21,0.21,True
w184989544,5.703,34.22,29.22,29,5.22,0.22,True
w91850334,5.704,34.22,29.22,29,5.22,0.22,True
w209273591,5.707,34.24,29.24,29,5.24,0.24,True
w316785300,5.708,34.25,29.25,29,5.25,0.25,True
w320440054,5.709,34.25,29.25,29,5.25,0.25,True
w316785297,5.716,34.3,29.3,29,5.3,0.3,True
w317053545,5.716,34.3,29.3,29,5.3,0.3,True
w317149194,5.717,34.3,29.3,29,5.3,0.3,True
w352161706,5.717,34.3,29.3,29,5.3,0.3,True
w317051471,5.719,34.31,29.31,29,5.31,0.31,True
w318120119,5.719,34.31,29.31,29,5.31,0.31,True
w318120123,5.722,34.33,29.33,29,5.33,0.33,True
n2321833111,5.725,34.35,29.35,29,5.35,0.35,True
w528507074,5.728,34.37,29.37,29,5.37,0.37,True
w318120121,5.73,34.38,29.38,29,5.38,0.38,True
w317051494,5.733,34.4,29.4,29,5.4,0.4,True
w352161705,5.733,34.4,29.4,29,5.4,0.4,True
w317051468,5.734,34.4,29.4,29,5.4,0.4,True
w317051475,5.734,34.4,29.4,29,5.4,0.4,True
w318070625,5.734,34.4,29.4,29,5.4,0.4,True
w91847111,5.741,34.45,29.45,29,5.45,0.45,True
w352161717,5.742,34.45,29.45,29,5.45,0.45,True
n5640999867,5.747,34.48,29.48,29,5.48,0.48,True
w317053508,5.747,34.48,29.48,29,5.48,0.48,True
w91850362,5.747,34.48,29.48,29,5.48,0.48,True
w318120122,5.749,34.49,29.49,29,5.49,0.49,True
w209273634,5.75,34.5,29.5,29,5.5,0.5,True
w317051473,5.75,34.5,29.5,29,5.5,0.5,True
w318070628,5.751,34.51,29.51,29,5.51,0.51,True
w304053793,5.754,34.52,29.52,29,5.52,0.52,True
w318120125,5.755,34.53,29.53,29,5.53,0.53,True
w318120128,5.755,34.53,29.53,29,5.53,0.53,True
w317051496,5.756,34.54,29.54,29,5.54,0.54,True
w317053527,5.756,34.54,29.54,29,5.54,0.54,True
w352161704,5.756,34.54,29.54,29,5.54,0.54,True
w317053513,5.762,34.57,29.57,29,5.57,0.57,True
w317051479,5.765,34.59,29.59,29,5.59,0.59,True
w318070632,5.767,34.6,29.6,29,5.6,0.6,True
w317051503,5.768,34.61,29.61,29,5.61,0.61,True
w318071320,5.768,34.61,29.61,29,5.61,0.61,True
w318085081,5.773,34.64,29.64,29,5.64,0.64,True
w318548535,5.773,34.64,29.64,29,5.64,0.64,True
w317053546,5.775,34.65,29.65,29,5.65,0.65,True
w317053514,5.777,34.66,29.66,29,5.66,0.66,True
w318085082,5.777,34.66,29.66,29,5.66,0.66,True
w318548543,5.777,34.66,29.66,29,5.66,0.66,True
w317053524,5.782,34.69,29.69,29,5.69,0.69,True
w317051477,5.784,34.7,29.7,29,5.7,0.7,True
w91847100,5.784,34.7,29.7,29,5.7,0.7,True
w317053535,5.786,34.72,29.72,29,5.72,0.72,True
w317053529,5.787,34.72,29.72,29,5.72,0.72,True
w317051499,5.789,34.73,29.73,29,5.73,0.73,True
w209273566,5.79,34.74,29.74,29,5.74,0.74,True
w317053517,5.79,34.74,29.74,29,5.74,0.74,True
w318548540,5.79,34.74,29.74,29,5.74,0.74,True
w103643502,5.792,34.75,29.75,29,5.75,0.75,True
w317149188,5.792,34.75,29.75,29,5.75,0.75,True
w318548545,5.794,34.76,29.76,29,5.76,0.76,True
w317053541,5.8,34.8,29.8,29,5.8,0.8,True
w318085547,5.8,34.8,29.8,29,5.8,0.8,True
w320438945,5.8,34.8,29.8,29,5.8,0.8,True
w318085546,5.801,34.81,29.81,29,5.81,0.81,True
w317053522,5.802,34.81,29.81,29,5.81,0.81,True
w352110827,5.802,34.81,29.81,29,5.81,0.81,True
w317053532,5.803,34.82,29.82,29,5.82,0.82,True
w317053518,5.804,34.82,29.82,29,5.82,0.82,True
w318548547,5.808,34.85,29.85,29,5.85,0.85,True
w352284664,5.808,34.85,29.85,29,5.85,0.85,True
w317149192,5.809,34.85,29.85,29,5.85,0.85,True
w317149175,5.813,34.88,29.88,29,5.88,0.88,True
w317053540,5.815,34.89,29.89,29,5.89,0.89,True
n5653833599,5.816,34.9,29.9,29,5.9,0.9,True
w318070633,5.817,34.9,29.9,29,5.9,0.9,True
w318085549,5.82,34.92,29.92,29,5.92,0.92,True
w317053530,5.821,34.93,29.93,29,5.93,0.93,True
w352111432,5.823,34.94,29.94,29,5.94,0.94,True
w318070626,5.825,34.95,29.95,29,5.95,0.95,True
w318548551,5.828,34.97,29.97,29,5.97,0.97,True
w317149176,5.829,34.97,29.97,29,5.97,0.97,True
w317149166,5.841,35.05,30.05,30,5.05,0.05,True
w318070627,5.842,35.05,30.05,30,5.05,0.05,True
w318070638,5.843,35.06,30.06,30,5.06,0.06,True
w318085555,5.843,35.06,30.06,30,5.06,0.06,True
w352111431,5.843,35.06,30.06,30,5.06,0.06,True
w318085552,5.844,35.06,30.06,30,5.06,0.06,True
w317053539,5.845,35.07,30.07,30,5.07,0.07,True
w318548555,5.845,35.07,30.07,30,5.07,0.07,True
w352265835,5.846,35.08,30.08,30,5.08,0.08,True
w184989565,5.855,35.13,30.13,30,5.13,0.13,True
w317149167,5.857,35.14,30.14,30,5.14,0.14,True
w318070642,5.857,35.14,30.14,30,5.14,0.14,True
w318085558,5.857,35.14,30.14,30,5.14,0.14,True
w318085548,5.861,35.17,30.17,30,5.17,0.17,True
w318085550,5.861,35.17,30.17,30,5.17,0.17,True
w318085551,5.864,35.18,30.18,30,5.18,0.18,True
w342101744,5.864,35.18,30.18,30,5.18,0.18,True
w318070630,5.866,35.2,30.2,30,5.2,0.2,True
w318070636,5.866,35.2,30.2,30,5.2,0.2,True
w352064500,5.866,35.2,30.2,30,5.2,0.2,True
w317053531,5.867,35.2,30.2,30,5.2,0.2,True
w318085557,5.871,35.23,30.23,30,5.23,0.23,True
w317149168,5.872,35.23,30.23,30,5.23,0.23,True
w318070648,5.874,35.24,30.24,30,5.24,0.24,True
n2337889957,5.879,35.27,30.27,30,5.27,0.27,True
w317053537,5.879,35.27,30.27,30,5.27,0.27,True
w399052058,5.886,35.32,30.32,30,5.32,0.32,True
w317149169,5.887,35.32,30.32,30,5.32,0.32,True
w209273621,5.888,35.33,30.33,30,5.33,0.33,True
w318070647,5.888,35.33,30.33,30,5.33,0.33,True
w342101746,5.888,35.33,30.33,30,5.33,0.33,True
w528507076,5.895,35.37,30.37,30,5.37,0.37,True
w352111750,5.913,35.48,30.48,30,5.48,0.48,True
w317053543,5.917,35.5,30.5,30,5.5,0.5,True
w318070629,5.918,35.51,30.51,30,5.51,0.51,True
w318070639,5.926,35.56,30.56,30,5.56,0.56,True
w352163177,5.926,35.56,30.56,30,5.56,0.56,True
n2337889954,5.928,35.57,30.57,30,5.57,0.57,True
w318548553,5.928,35.57,30.57,30,5.57,0.57,True
w352111747,5.928,35.57,30.57,30,5.57,0.57,True
w342101752,5.933,35.6,30.6,30,5.6,0.6,True
w224621713,5.939,35.63,30.63,30,5.63,0.63,True
w352111443,5.941,35.65,30.65,30,5.65,0.65,True
w318548552,5.942,35.65,30.65,30,5.65,0.65,True
w516134057,5.944,35.66,30.66,30,5.66,0.66,True
w209273601,5.95,35.7,30.7,30,5.7,0.7,True
w352265854,5.952,35.71,30.71,30,5.71,0.71,True
w318548554,5.953,35.72,30.72,30,5.72,0.72,True
w352064499,5.954,35.72,30.72,30,5.72,0.72,True
w352163171,5.961,35.77,30.77,30,5.77,0.77,True
w209273619,5.967,35.8,30.8,30,5.8,0.8,True
w352064498,5.968,35.81,30.81,30,5.81,0.81,True
w352111440,5.968,35.81,30.81,30,5.81,0.81,True
w352265855,5.968,35.81,30.81,30,5.81,0.81,True
w352163169,5.97,35.82,30.82,30,5.82,0.82,True
w209273586,5.975,35.85,30.85,30,5.85,0.85,True
w317148591,5.983,35.9,30.9,30,5.9,0.9,True
w352111439,5.985,35.91,30.91,30,5.91,0.91,True
w209273585,5.99,35.94,30.94,30,5.94,0.94,True
n4162783293,5.991,35.95,30.95,30,5.95,0.95,True
w317148593,5.994,35.96,30.96,30,5.96,0.96,True
n2337889966,5.995,35.97,30.97,30,5.97,0.97,True
w209273575,5.999,35.99,30.99,30,5.99,0.99,True
w352111438,6.007,36.04,31.04,31,5.04,0.04,True
w352263829,6.009,36.05,31.05,31,5.05,0.05,True
w352111433,6.011,36.07,31.07,31,5.07,0.07,True
w352265856,6.011,36.07,31.07,31,5.07,0.07,True
w209273610,6.013,36.08,31.08,31,5.08,0.08,True
w352064501,6.013,36.08,31.08,31,5.08,0.08,True
w209273643,6.015,36.09,31.09,31,5.09,0.09,True
w209273608,6.021,36.13,31.13,31,5.13,0.13,True
w224943526,6.022,36.13,31.13,31,5.13,0.13,True
w352111435,6.024,36.14,31.14,31,5.14,0.14,True
w352263828,6.024,36.14,31.14,31,5.14,0.14,True
w352265846,6.026,36.16,31.16,31,5.16,0.16,True
n2337880821,6.03,36.18,31.18,31,5.18,0.18,True
w209273632,6.032,36.19,31.19,31,5.19,0.19,True
w352265853,6.032,36.19,31.19,31,5.19,0.19,True
w352111436,6.035,36.21,31.21,31,5.21,0.21,True
w352263844,6.036,36.22,31.22,31,5.22,0.22,True
w317148594,6.037,36.22,31.22,31,5.22,0.22,True
w91850337,6.038,36.23,31.23,31,5.23,0.23,True
w317055539,6.039,36.23,31.23,31,5.23,0.23,True
w352263824,6.039,36.23,31.23,31,5.23,0.23,True
w352265844,6.039,36.23,31.23,31,5.23,0.23,True
w352285811,6.04,36.24,31.24,31,5.24,0.24,True
w326811190,6.042,36.25,31.25,31,5.25,0.25,True
w209287681,6.045,36.27,31.27,31,5.27,0.27,True
w352263842,6.048,36.29,31.29,31,5.29,0.29,True
w209273615,6.051,36.31,31.31,31,5.31,0.31,True
w317148596,6.053,36.32,31.32,31,5.32,0.32,True
w352285810,6.055,36.33,31.33,31,5.33,0.33,True
w352263822,6.056,36.34,31.34,31,5.34,0.34,True
w209273614,6.061,36.37,31.37,31,5.37,0.37,True
w352263846,6.061,36.37,31.37,31,5.37,0.37,True
w91850345,6.061,36.37,31.37,31,5.37,0.37,True
w209273637,6.062,36.37,31.37,31,5.37,0.37,True
w352263840,6.062,36.37,31.37,31,5.37,0.37,True
w352263831,6.065,36.39,31.39,31,5.39,0.39,True
w352326939,6.066,36.4,31.4,31,5.4,0.4,True
w209267138,6.069,36.41,31.41,31,5.41,0.41,True
w326811191,6.078,36.47,31.47,31,5.47,0.47,True
w352263797,6.078,36.47,31.47,31,5.47,0.47,True
w352285809,6.079,36.47,31.47,31,5.47,0.47,True
w317148597,6.08,36.48,31.48,31,5.48,0.48,True
w209267171,6.084,36.5,31.5,31,5.5,0.5,True
w209287693,6.088,36.53,31.53,31,5.53,0.53,True
w317148599,6.088,36.53,31.53,31,5.53,0.53,True
w318072368,6.094,36.56,31.56,31,5.56,0.56,True
w352285807,6.096,36.58,31.58,31,5.58,0.58,True
w318090605,6.097,36.58,31.58,31,5.58,0.58,True
w318090581,6.098,36.59,31.59,31,5.59,0.59,True
w209267147,6.099,36.59,31.59,31,5.59,0.59,True
w352263835,6.099,36.59,31.59,31,5.59,0.59,True
n2337889960,6.104,36.62,31.62,31,5.62,0.62,True
w352265841,6.106,36.64,31.64,31,5.64,0.64,True
w352263837,6.11,36.66,31.66,31,5.66,0.66,True
w352285806,6.11,36.66,31.66,31,5.66,0.66,True
w318090582,6.113,36.68,31.68,31,5.68,0.68,True
w209267129,6.114,36.68,31.68,31,5.68,0.68,True
w352265843,6.121,36.73,31.73,31,5.73,0.73,True
w209287637,6.122,36.73,31.73,31,5.73,0.73,True
w209287660,6.123,36.74,31.74,31,5.74,0.74,True
w317055532,6.124,36.74,31.74,31,5.74,0.74,True
w352285804,6.125,36.75,31.75,31,5.75,0.75,True
w318090606,6.127,36.76,31.76,31,5.76,0.76,True
w318090583,6.128,36.77,31.77,31,5.77,0.77,True
w209287671,6.131,36.79,31.79,31,5.79,0.79,True
w352263839,6.133,36.8,31.8,31,5.8,0.8,True
w318090595,6.137,36.82,31.82,31,5.82,0.82,True
w352285589,6.137,36.82,31.82,31,5.82,0.82,True
w318090584,6.143,36.86,31.86,31,5.86,0.86,True
w352263816,6.143,36.86,31.86,31,5.86,0.86,True
w317055528,6.144,36.86,31.86,31,5.86,0.86,True
w209273592,6.15,36.9,31.9,31,5.9,0.9,True
w352285588,6.153,36.92,31.92,31,5.92,0.92,True
w317055533,6.158,36.95,31.95,31,5.95,0.95,True
w352263814,6.16,36.96,31.96,31,5.96,0.96,True
w352263834,6.166,37.0,32.0,31,6.0,1.0,True
w352285587,6.168,37.01,32.01,32,5.01,0.01,True
n2322118077,6.171,37.03,32.03,32,5.03,0.03,True
w209267127,6.171,37.03,32.03,32,5.03,0.03,True
w352263813,6.172,37.03,32.03,32,5.03,0.03,True
w317055538,6.173,37.04,32.04,32,5.04,0.04,True
w318090596,6.176,37.06,32.06,32,5.06,0.06,True
n8219706370,6.18,37.08,32.08,32,5.08,0.08,True
w352285586,6.18,37.08,32.08,32,5.08,0.08,True
n2322107955,6.181,37.09,32.09,32,5.09,0.09,True
w352263832,6.181,37.09,32.09,32,5.09,0.09,True
w352263811,6.185,37.11,32.11,32,5.11,0.11,True
w317055540,6.188,37.13,32.13,32,5.13,0.13,True
n2322107956,6.191,37.15,32.15,32,5.15,0.15,True
n2337865679,6.195,37.17,32.17,32,5.17,0.17,True
w317149178,6.195,37.17,32.17,32,5.17,0.17,True
w352263798,6.195,37.17,32.17,32,5.17,0.17,True
w352263808,6.2,37.2,32.2,32,5.2,0.2,True
w352263809,6.2,37.2,32.2,32,5.2,0.2,True
w317055542,6.202,37.21,32.21,32,5.21,0.21,True
w209287667,6.209,37.25,32.25,32,5.25,0.25,True
w284637199,6.212,37.27,32.27,32,5.27,0.27,True
w317149177,6.213,37.28,32.28,32,5.28,0.28,True
w352263801,6.216,37.3,32.3,32,5.3,0.3,True
w352263806,6.216,37.3,32.3,32,5.3,0.3,True
w352263818,6.218,37.31,32.31,32,5.31,0.31,True
n6428859910,6.219,37.31,32.31,32,5.31,0.31,True
w209267156,6.219,37.31,32.31,32,5.31,0.31,True
w209267180,6.219,37.31,32.31,32,5.31,0.31,True
w209267170,6.224,37.34,32.34,32,5.34,0.34,True
w318070643,6.228,37.37,32.37,32,5.37,0.37,True
w317055545,6.229,37.37,32.37,32,5.37,0.37,True
w317149174,6.23,37.38,32.38,32,5.38,0.38,True
w352263803,6.231,37.39,32.39,32,5.39,0.39,True
w209267146,6.24,37.44,32.44,32,5.44,0.44,True
w318070645,6.251,37.51,32.51,32,5.51,0.51,True
w318072372,6.257,37.54,32.54,32,5.54,0.54,True
w318071344,6.258,37.55,32.55,32,5.55,0.55,True
w319134604,6.259,37.55,32.55,32,5.55,0.55,True
w318072377,6.261,37.57,32.57,32,5.57,0.57,True
w319134694,6.263,37.58,32.58,32,5.58,0.58,True
w318071349,6.264,37.58,32.58,32,5.58,0.58,True
w209267157,6.269,37.61,32.61,32,5.61,0.61,True
w318072374,6.272,37.63,32.63,32,5.63,0.63,True
w317055544,6.273,37.64,32.64,32,5.64,0.64,True
w209267135,6.274,37.64,32.64,32,5.64,0.64,True
w319227705,6.274,37.64,32.64,32,5.64,0.64,True
w318071348,6.275,37.65,32.65,32,5.65,0.65,True
w318090600,6.275,37.65,32.65,32,5.65,0.65,True
w318072382,6.276,37.66,32.66,32,5.66,0.66,True
w318071347,6.279,37.67,32.67,32,5.67,0.67,True
w318071350,6.28,37.68,32.68,32,5.68,0.68,True
n2322107953,6.288,37.73,32.73,32,5.73,0.73,True
w318071345,6.288,37.73,32.73,32,5.73,0.73,True
w319223032,6.289,37.73,32.73,32,5.73,0.73,True
w352285582,6.291,37.75,32.75,32,5.75,0.75,True
w209267177,6.298,37.79,32.79,32,5.79,0.79,True
w319227708,6.299,37.79,32.79,32,5.79,0.79,True
w352285583,6.307,37.84,32.84,32,5.84,0.84,True
w318070641,6.312,37.87,32.87,32,5.87,0.87,True
w209267184,6.314,37.88,32.88,32,5.88,0.88,True
w319227709,6.316,37.9,32.9,32,5.9,0.9,True
w284637197,6.317,37.9,32.9,32,5.9,0.9,True
w319223034,6.317,37.9,32.9,32,5.9,0.9,True
w209273577,6.318,37.91,32.91,32,5.91,0.91,True
w352285585,6.323,37.94,32.94,32,5.94,0.94,True
n2322107942,6.325,37.95,32.95,32,5.95,0.95,True
w318071363,6.327,37.96,32.96,32,5.96,0.96,True
w209273611,6.33,37.98,32.98,32,5.98,0.98,True
w319227711,6.334,38.0,33.0,33,5.0,0.0,True
w209267149,6.337,38.02,33.02,33,5.02,0.02,True
w209273593,6.34,38.04,33.04,33,5.04,0.04,True
w318071364,6.34,38.04,33.04,33,5.04,0.04,True
w318072358,6.358,38.15,33.15,33,5.15,0.15,True
w319227716,6.358,38.15,33.15,33,5.15,0.15,True
n2322107954,6.368,38.21,33.21,33,5.21,0.21,True
w209273594,6.369,38.21,33.21,33,5.21,0.21,True
w91850336,6.369,38.21,33.21,33,5.21,0.21,True
n2322107952,6.373,38.24,33.24,33,5.24,0.24,True
w209273604,6.376,38.26,33.26,33,5.26,0.26,True
w316027125,6.38,38.28,33.28,33,5.28,0.28,True
w318072347,6.384,38.3,33.3,33,5.3,0.3,True
w373899387,6.393,38.36,33.36,33,5.36,0.36,True
w209267181,6.395,38.37,33.37,33,5.37,0.37,True
w316027126,6.398,38.39,33.39,33,5.39,0.39,True
n3773251959,6.399,38.39,33.39,33,5.39,0.39,True
w318072346,6.399,38.39,33.39,33,5.39,0.39,True
w316027129,6.403,38.42,33.42,33,5.42,0.42,True
w316027128,6.412,38.47,33.47,33,5.47,0.47,True
w318072345,6.414,38.48,33.48,33,5.48,0.48,True
w209267161,6.424,38.54,33.54,33,5.54,0.54,True
w352669559,6.426,38.56,33.56,33,5.56,0.56,True
w318072344,6.43,38.58,33.58,33,5.58,0.58,True
n2322107950,6.431,38.59,33.59,33,5.59,0.59,True
n2322112854,6.434,38.6,33.6,33,5.6,0.6,True
w209273580,6.435,38.61,33.61,33,5.61,0.61,True
w209267130,6.442,38.65,33.65,33,5.65,0.65,True
w319223038,6.442,38.65,33.65,33,5.65,0.65,True
n4886201637,6.465,38.79,33.79,33,5.79,0.79,True
n2325366591,6.471,38.83,33.83,33,5.83,0.83,True
n5172818464,6.472,38.83,33.83,33,5.83,0.83,True
w209273583,6.477,38.86,33.86,33,5.86,0.86,True
w209273600,6.49,38.94,33.94,33,5.94,0.94,True
w209267113,6.496,38.98,33.98,33,5.98,0.98,True
w318072352,6.496,38.98,33.98,33,5.98,0.98,True
w318072351,6.508,39.05,34.05,34,5.05,0.05,True
n2322107940,6.515,39.09,34.09,34,5.09,0.09,True
n2322112853,6.527,39.16,34.16,34,5.16,0.16,True
w209273633,6.535,39.21,34.21,34,5.21,0.21,True
w209273635,6.537,39.22,34.22,34,5.22,0.22,True
w231243207,6.537,39.22,34.22,34,5.22,0.22,True
n2322107948,6.543,39.26,34.26,34,5.26,0.26,True
w319227717,6.562,39.37,34.37,34,5.37,0.37,True
w209267167,6.566,39.4,34.4,34,5.4,0.4,True
w319227713,6.572,39.43,34.43,34,5.43,0.43,True
w319227862,6.588,39.53,34.53,34,5.53,0.53,True
w209273588,6.592,39.55,34.55,34,5.55,0.55,True
w319226838,6.601,39.61,34.61,34,5.61,0.61,True
w319227863,6.619,39.71,34.71,34,5.71,0.71,True
w209267179,6.623,39.74,34.74,34,5.74,0.74,True
w319227725,6.627,39.76,34.76,34,5.76,0.76,True
w319226848,6.632,39.79,34.79,34,5.79,0.79,True
w319227864,6.635,39.81,34.81,34,5.81,0.81,True
w316027884,6.636,39.82,34.82,34,5.82,0.82,True
w209273578,6.64,39.84,34.84,34,5.84,0.84,True
n2322107957,6.646,39.88,34.88,34,5.88,0.88,True
w319226853,6.648,39.89,34.89,34,5.89,0.89,True
w442395876,6.648,39.89,34.89,34,5.89,0.89,True
w209267114,6.651,39.91,34.91,34,5.91,0.91,True
w209273598,6.654,39.92,34.92,34,5.92,0.92,True
w319305792,6.655,39.93,34.93,34,5.93,0.93,True
w319227726,6.657,39.94,34.94,34,5.94,0.94,True
w209273573,6.66,39.96,34.96,34,5.96,0.96,True
n2334305069,6.664,39.98,34.98,34,5.98,0.98,True
w209267155,6.664,39.98,34.98,34,5.98,0.98,True
w209273609,6.667,40.0,35.0,35,5.0,0.0,True
w209273587,6.668,40.01,35.01,35,5.01,0.01,True
w222986064,6.669,40.01,35.01,35,5.01,0.01,True
w319305801,6.676,40.06,35.06,35,5.06,0.06,True
w209267172,6.682,40.09,35.09,35,5.09,0.09,True
w319227727,6.684,40.1,35.1,35,5.1,0.1,True
w319305804,6.705,40.23,35.23,35,5.23,0.23,True
w319226856,6.711,40.27,35.27,35,5.27,0.27,True
n2334305071,6.713,40.28,35.28,35,5.28,0.28,True
w319227732,6.718,40.31,35.31,35,5.31,0.31,True
w91848799,6.718,40.31,35.31,35,5.31,0.31,True
w319226855,6.723,40.34,35.34,35,5.34,0.34,True
w209273612,6.728,40.37,35.37,35,5.37,0.37,True
w319305807,6.729,40.37,35.37,35,5.37,0.37,True
w319227731,6.734,40.4,35.4,35,5.4,0.4,True
w209267117,6.741,40.45,35.45,35,5.45,0.45,True
w352148096,6.746,40.48,35.48,35,5.48,0.48,True
w319226862,6.749,40.49,35.49,35,5.49,0.49,True
w319227729,6.755,40.53,35.53,35,5.53,0.53,True
w209273576,6.757,40.54,35.54,35,5.54,0.54,True
w91848809,6.767,40.6,35.6,35,5.6,0.6,True
w222986049,6.768,40.61,35.61,35,5.61,0.61,True
w103992856,6.769,40.61,35.61,35,5.61,0.61,True
w352148094,6.769,40.61,35.61,35,5.61,0.61,True
w319227728,6.775,40.65,35.65,35,5.65,0.65,True
w222986047,6.794,40.76,35.76,35,5.76,0.76,True
w319226864,6.8,40.8,35.8,35,5.8,0.8,True
w222986045,6.81,40.86,35.86,35,5.86,0.86,True
w209273596,6.824,40.94,35.94,35,5.94,0.94,True
w103992836,6.832,40.99,35.99,35,5.99,0.99,True
w103992827,6.849,41.09,36.09,36,5.09,0.09,True
w103992712,6.861,41.17,36.17,36,5.17,0.17,True
w352148098,6.864,41.18,36.18,36,5.18,0.18,True
w103992745,6.88,41.28,36.28,36,5.28,0.28,True
w103992696,6.881,41.29,36.29,36,5.29,0.29,True
n2334331716,6.882,41.29,36.29,36,5.29,0.29,True
n2334331723,6.894,41.36,36.36,36,5.36,0.36,True
n5172818456,6.905,41.43,36.43,36,5.43,0.43,True
w103992714,6.905,41.43,36.43,36,5.43,0.43,True
w91848803,6.907,41.44,36.44,36,5.44,0.44,True
w103992878,6.917,41.5,36.5,36,5.5,0.5,True
n2334334349,6.928,41.57,36.57,36,5.57,0.57,True
w222986044,6.93,41.58,36.58,36,5.58,0.58,True
w103992693,6.933,41.6,36.6,36,5.6,0.6,True
w103992837,6.934,41.6,36.6,36,5.6,0.6,True
w103992864,6.958,41.75,36.75,36,5.75,0.75,True
w103992858,6.975,41.85,36.85,36,5.85,0.85,True
n2334331712,6.976,41.86,36.86,36,5.86,0.86,True
n2334331713,6.979,41.87,36.87,36,5.87,0.87,True
n5172818451,6.989,41.93,36.93,36,5.93,0.93,True
n2334334346,7.0,42.0,37.0,37,5.0,0.0,True
w316027138,7.018,42.11,37.11,37,5.11,0.11,True
n2334331711,7.024,42.14,37.14,37,5.14,0.14,True
n2334338352,7.027,42.16,37.16,37,5.16,0.16,True
n2339316692,7.059,42.35,37.35,37,5.35,0.35,True
n2334331710,7.086,42.52,37.52,37,5.52,0.52,True
n2334331706,7.099,42.59,37.59,37,5.59,0.59,True
n2334338351,7.108,42.65,37.65,37,5.65,0.65,True
n5172818844,7.117,42.7,37.7,37,5.7,0.7,True
n2334338353,7.123,42.74,37.74,37,5.74,0.74,True
w303915659,7.123,42.74,37.74,37,5.74,0.74,True
w209273565,7.135,42.81,37.81,37,5.81,0.81,True
w303915660,7.16,42.96,37.96,37,5.96,0.96,True
w209273567,7.176,43.06,38.06,38,5.06,0.06,True
n5172819425,7.181,43.09,38.09,38,5.09,0.09,True
n2334331709,7.19,43.14,38.14,38,5.14,0.14,True
n5172818452,7.19,43.14,38.14,38,5.14,0.14,True
w303915657,7.195,43.17,38.17,38,5.17,0.17,True
w209273564,7.22,43.32,38.32,38,5.32,0.32,True
w303915656,7.223,43.34,38.34,38,5.34,0.34,True
w209273570,7.253,43.52,38.52,38,5.52,0.52,True
w91850356,7.261,43.57,38.57,38,5.57,0.57,True
w442395879,7.269,43.61,38.61,38,5.61,0.61,True
w209273568,7.311,43.87,38.87,38,5.87,0.87,True
w299956671,7.458,44.75,39.75,39,5.75,0.75,True
