model_id,address_a,address_b,street_a,distance_m,zone_a,zone_b,fee_a_rub,fee_b_rub,price_jump_rub
CITY_K4R_dp_optimal_jenks,n2321993999,w222764128,Путейская улица,136.1,4,2,28,13,15
CITY_K4R_dp_optimal_jenks,n2321993999,w295009405,Путейская улица,185.2,4,2,28,13,15
CITY_K4R_dp_optimal_jenks,n2321993999,w295009406,Путейская улица,199.2,4,2,28,13,15
CITY_K4R_dp_optimal_jenks,n2321993999,w295009407,Путейская улица,213.4,4,2,28,13,15
CITY_K4R_dp_optimal_jenks,n2321993999,w302368270,Путейская улица,239.2,4,2,28,13,15
CITY_K4R_dp_optimal_jenks,n2321994003,w222764128,улица Тургенева,195.9,4,2,28,13,15
CITY_K4R_dp_optimal_jenks,n2321994003,w295009405,улица Тургенева,248.8,4,2,28,13,15
CITY_K4R_dp_optimal_jenks,n2334331706,w302370519,Кишинёвская улица,237.9,4,1,28,13,15
CITY_K4R_dp_optimal_jenks,n2334331709,w302370519,Кишинёвская улица,194.0,4,1,28,13,15
CITY_K4R_dp_optimal_jenks,n5172818452,w302370519,Кишинёвская улица,196.8,4,1,28,13,15
CITY_K4R_dp_optimal_jenks,n5172818844,w302370519,Кишинёвская улица,225.4,4,1,28,13,15
CITY_K4R_dp_optimal_jenks,n5172819425,w302370519,Кишинёвская улица,207.5,4,1,28,13,15
CITY_K4R_dp_optimal_jenks,w107683766,w299956671,улица Сергея Лазо,207.2,1,4,13,28,15
CITY_K4R_dp_optimal_jenks,w165631093,w303915656,улица Дзержинского,238.5,1,4,13,28,15
CITY_K4R_dp_optimal_jenks,w165631109,w303915656,улица Дзержинского,249.8,1,4,13,28,15
CITY_K4R_dp_optimal_jenks,w222764128,w301982100,улица Георге Асаке,150.1,2,4,13,28,15
CITY_K4R_dp_optimal_jenks,w222764128,w302074727,улица Георге Асаке,216.1,2,4,13,28,15
CITY_K4R_dp_optimal_jenks,w222764128,w302074728,улица Георге Асаке,191.4,2,4,13,28,15
CITY_K4R_dp_optimal_jenks,w222764128,w302074735,улица Георге Асаке,246.8,2,4,13,28,15
CITY_K4R_dp_optimal_jenks,w222773039,w299956671,улица Дзержинского,208.2,1,4,13,28,15
CITY_K4R_dp_optimal_jenks,w290851742,w299956671,улица Академика Фёдорова,182.6,1,4,13,28,15
CITY_K4R_dp_optimal_jenks,w295009405,w301982100,улица Георге Асаке,201.8,2,4,13,28,15
CITY_K4R_dp_optimal_jenks,w295009405,w302074728,улица Георге Асаке,239.0,2,4,13,28,15
CITY_K4R_dp_optimal_jenks,w295009406,w301982100,улица Георге Асаке,212.8,2,4,13,28,15
CITY_K4R_dp_optimal_jenks,w295009407,w301982100,улица Георге Асаке,225.7,2,4,13,28,15
CITY_K4R_dp_optimal_jenks,w301982100,w302368270,улица Старого,248.3,4,2,28,13,15
CITY_K4R_dp_optimal_jenks,w302370519,w303915657,улица Дзержинского,198.1,1,4,13,28,15
CITY_K4R_dp_optimal_jenks,w302370519,w303915656,улица Дзержинского,175.4,1,4,13,28,15
CITY_K4R_dp_optimal_jenks,w302370519,w303915659,улица Дзержинского,214.6,1,4,13,28,15
CITY_K4R_dp_optimal_jenks,w302370519,w303915660,улица Дзержинского,197.2,1,4,13,28,15
CITY_K4R_dp_optimal_jenks,n12143937485,w47475165,улица Победы,198.1,2,3,13,21,8
CITY_K4R_dp_optimal_jenks,n12143937485,w47475148,улица Победы,112.4,2,3,13,21,8
CITY_K4R_dp_optimal_jenks,n12143937485,w47475154,улица Победы,172.8,2,3,13,21,8
CITY_K4R_dp_optimal_jenks,n12143937485,w47475155,улица Победы,156.1,2,3,13,21,8
CITY_K4R_dp_optimal_jenks,n12143937485,w47475176,улица Победы,89.3,2,3,13,21,8
CITY_K4R_dp_optimal_jenks,n12143937485,w47475180,улица Победы,66.9,2,3,13,21,8
CITY_K4R_dp_optimal_jenks,n2323452875,w352468394,улица Асаке,240.5,3,2,21,13,8
CITY_K4R_dp_optimal_jenks,n2323452875,w352468396,улица Асаке,224.2,3,2,21,13,8
CITY_K4R_dp_optimal_jenks,n2323452875,w352469699,улица Асаке,224.3,3,2,21,13,8
CITY_K4R_dp_optimal_jenks,n2323452875,w352469700,улица Асаке,221.7,3,2,21,13,8
CITY_K4R_dp_optimal_jenks,n2323452875,w352469704,улица Асаке,212.9,3,2,21,13,8
CITY_K4R_dp_optimal_jenks,n2323452875,w352468392,улица Асаке,207.2,3,2,21,13,8
CITY_K4R_dp_optimal_jenks,n2323452875,w352469701,улица Асаке,205.4,3,2,21,13,8
CITY_K4R_dp_optimal_jenks,n2323452875,w352469702,улица Асаке,192.4,3,2,21,13,8
CITY_K4R_dp_optimal_jenks,n2323452875,w352468398,улица Асаке,246.6,3,2,21,13,8
CITY_K4R_dp_optimal_jenks,n2323452875,w352468400,улица Асаке,232.7,3,2,21,13,8
CITY_K4R_dp_optimal_jenks,n2323574994,w352312112,переулок Павлова,248.0,2,3,13,21,8
CITY_K4R_dp_optimal_jenks,n2323574994,w352312130,переулок Павлова,217.8,2,3,13,21,8
CITY_K4R_dp_optimal_jenks,n2323574994,w352312132,переулок Павлова,208.0,2,3,13,21,8
CITY_K4R_dp_optimal_jenks,n2323574994,w352312134,переулок Павлова,215.8,2,3,13,21,8
CITY_K4R_dp_optimal_jenks,n2323574994,w352312135,переулок Павлова,238.5,2,3,13,21,8
CITY_K4R_dp_optimal_jenks,n2323574994,w352312136,переулок Павлова,227.8,2,3,13,21,8
CITY_K4R_dp_optimal_jenks,n2323574994,w352312139,переулок Павлова,225.4,2,3,13,21,8
CITY_K4R_dp_optimal_jenks,n2323574994,w352307875,переулок Павлова,165.7,2,3,13,21,8
CITY_K4R_dp_optimal_jenks,n2323574994,w352312100,переулок Павлова,169.8,2,3,13,21,8
CITY_K4R_dp_optimal_jenks,n2323574994,w352312105,переулок Павлова,196.9,2,3,13,21,8
CITY_K4R_dp_optimal_jenks,n2323574994,w352312123,переулок Павлова,196.5,2,3,13,21,8
CITY_K4R_dp_optimal_jenks,n2323574994,w352312124,переулок Павлова,201.9,2,3,13,21,8
CITY_K4R_dp_optimal_jenks,n2323574994,w352312126,переулок Павлова,182.4,2,3,13,21,8
CITY_K4R_dp_optimal_jenks,n2323574994,w352312127,переулок Павлова,203.6,2,3,13,21,8
CITY_K4R_dp_optimal_jenks,n2323574994,w352312128,переулок Павлова,203.1,2,3,13,21,8
CITY_K4R_dp_optimal_jenks,n2323574994,w352312131,переулок Павлова,192.6,2,3,13,21,8
CITY_K4R_dp_optimal_jenks,n2323574994,w352312106,переулок Павлова,249.2,2,3,13,21,8
CITY_K4R_dp_optimal_jenks,n2323574994,w352312102,переулок Павлова,192.5,2,3,13,21,8
CITY_K4R_dp_optimal_jenks,n2323574999,w352312107,переулок Павлова,249.5,2,3,13,21,8
CITY_K4R_dp_optimal_jenks,n2323574999,w352312112,переулок Павлова,244.8,2,3,13,21,8
CITY_K4R_dp_optimal_jenks,n2323574999,w352312130,переулок Павлова,216.9,2,3,13,21,8
CITY_K4R_dp_optimal_jenks,n2323574999,w352312132,переулок Павлова,212.6,2,3,13,21,8
CITY_K4R_dp_optimal_jenks,n2323574999,w352312134,переулок Павлова,222.3,2,3,13,21,8
CITY_K4R_dp_optimal_jenks,n2323574999,w352312135,переулок Павлова,243.1,2,3,13,21,8
CITY_K4R_dp_optimal_jenks,n2323574999,w352312136,переулок Павлова,231.3,2,3,13,21,8
CITY_K4R_dp_optimal_jenks,n2323574999,w352312139,переулок Павлова,227.3,2,3,13,21,8
CITY_K4R_dp_optimal_jenks,n2323574999,w352307875,переулок Павлова,155.9,2,3,13,21,8
CITY_K4R_dp_optimal_jenks,n2323574999,w352312100,переулок Павлова,163.6,2,3,13,21,8
CITY_K4R_dp_optimal_jenks,n2323574999,w352312105,переулок Павлова,189.4,2,3,13,21,8
CITY_K4R_dp_optimal_jenks,n2323574999,w352312123,переулок Павлова,190.9,2,3,13,21,8
CITY_K4R_dp_optimal_jenks,n2323574999,w352312124,переулок Павлова,198.3,2,3,13,21,8
CITY_K4R_dp_optimal_jenks,n2323574999,w352312126,переулок Павлова,181.8,2,3,13,21,8
CITY_K4R_dp_optimal_jenks,n2323574999,w352312127,переулок Павлова,201.3,2,3,13,21,8
CITY_K4R_dp_optimal_jenks,n2323574999,w352312128,переулок Павлова,201.9,2,3,13,21,8
CITY_K4R_dp_optimal_jenks,n2323574999,w352312131,переулок Павлова,193.9,2,3,13,21,8
CITY_K4R_dp_optimal_jenks,n2323574999,w352312106,переулок Павлова,242.9,2,3,13,21,8
CITY_K4R_dp_optimal_jenks,n2323574999,w352312102,переулок Павлова,183.0,2,3,13,21,8
CITY_K4R_dp_optimal_jenks,n2323672952,w330410221,улица Асаке,223.3,3,2,21,13,8
CITY_K4R_dp_optimal_jenks,n2323672952,w330883125,улица Асаке,198.3,3,2,21,13,8
CITY_K4R_dp_optimal_jenks,n2323672952,w330883126,улица Асаке,209.4,3,2,21,13,8
CITY_K4R_dp_optimal_jenks,n2323672952,w352309763,улица Асаке,236.3,3,2,21,13,8
CITY_K4R_dp_optimal_jenks,n2323672952,w352309776,улица Асаке,234.8,3,2,21,13,8
CITY_K4R_dp_optimal_jenks,n2323672952,w352309779,улица Асаке,247.0,3,2,21,13,8
CITY_K4R_dp_optimal_jenks,n2325412688,w318188290,улица Энгельса,247.2,3,2,21,13,8
CITY_K4R_dp_optimal_jenks,n2325412688,w318188293,улица Энгельса,230.6,3,2,21,13,8
CITY_K4R_dp_optimal_jenks,n2325412688,w318188294,улица Энгельса,216.0,3,2,21,13,8
CITY_K4R_dp_optimal_jenks,n2325412688,w318188296,улица Энгельса,166.9,3,2,21,13,8
CITY_K4R_dp_optimal_jenks,n2325412688,w96821759,улица Энгельса,153.9,3,2,21,13,8
CITY_K4R_dp_optimal_jenks,n2325412688,w160024295,улица Энгельса,119.7,3,2,21,13,8
CITY_K4R_dp_optimal_jenks,n2325422554,w160024295,Пограничный переулок,179.6,3,2,21,13,8
CITY_K4R_dp_optimal_jenks,n4397873350,w330410221,улица Асаке,221.6,3,2,21,13,8
CITY_K4R_dp_optimal_jenks,n4397873350,w330883125,улица Асаке,200.2,3,2,21,13,8
CITY_K4R_dp_optimal_jenks,n4397873350,w330883126,улица Асаке,209.8,3,2,21,13,8
CITY_K4R_dp_optimal_jenks,n4397873350,w352309763,улица Асаке,229.6,3,2,21,13,8
CITY_K4R_dp_optimal_jenks,n4397873350,w352309767,улица Асаке,246.9,3,2,21,13,8
CITY_K4R_dp_optimal_jenks,n4397873350,w352309776,улица Асаке,236.8,3,2,21,13,8
CITY_K4R_dp_optimal_jenks,n4397873350,w352309779,улица Асаке,247.3,3,2,21,13,8
CITY_K4R_dp_optimal_jenks,n4397873702,w330410221,улица Асаке,208.8,3,2,21,13,8
CITY_K4R_dp_optimal_jenks,n4397873702,w330883125,улица Асаке,176.1,3,2,21,13,8
CITY_K4R_dp_optimal_jenks,n4397873702,w330883126,улица Асаке,190.2,3,2,21,13,8
CITY_K4R_dp_optimal_jenks,n4397873702,w352309763,улица Асаке,234.2,3,2,21,13,8
CITY_K4R_dp_optimal_jenks,n4397873702,w352309767,улица Асаке,240.9,3,2,21,13,8
CITY_K4R_dp_optimal_jenks,n4397873702,w352309772,улица Асаке,212.3,3,2,21,13,8
CITY_K4R_dp_optimal_jenks,n4397873702,w352309774,улица Асаке,222.6,3,2,21,13,8
CITY_K4R_dp_optimal_jenks,n4397873702,w352309776,улица Асаке,210.0,3,2,21,13,8
CITY_K4R_dp_optimal_jenks,n4397873702,w352309779,улица Асаке,225.8,3,2,21,13,8
CITY_K4R_dp_optimal_jenks,n4397873702,w352309777,улица Асаке,233.5,3,2,21,13,8
CITY_K4R_dp_optimal_jenks,n4397873703,w330410221,улица Асаке,239.9,3,2,21,13,8
CITY_K4R_dp_optimal_jenks,n4397873703,w330883125,улица Асаке,217.0,3,2,21,13,8
CITY_K4R_dp_optimal_jenks,n4397873703,w330883126,улица Асаке,227.3,3,2,21,13,8
CITY_K4R_dp_optimal_jenks,n4397873703,w352309763,улица Асаке,249.3,3,2,21,13,8
CITY_K4R_dp_optimal_jenks,n4397873847,w330410221,улица Асаке,230.2,3,2,21,13,8
CITY_K4R_dp_optimal_jenks,n4397873847,w330883125,улица Асаке,206.2,3,2,21,13,8
CITY_K4R_dp_optimal_jenks,n4397873847,w330883126,улица Асаке,216.9,3,2,21,13,8
CITY_K4R_dp_optimal_jenks,n4397873847,w352309763,улица Асаке,241.7,3,2,21,13,8
CITY_K4R_dp_optimal_jenks,n4397873847,w352309776,улица Асаке,242.8,3,2,21,13,8
CITY_K4R_dp_optimal_jenks,n4397874238,w352469702,улица Асаке,243.3,3,2,21,13,8
CITY_K4R_dp_optimal_jenks,n4853320322,w160024295,Пограничный переулок,222.7,3,2,21,13,8
CITY_K4R_dp_optimal_jenks,n5168724812,w318188283,Колхозный переулок,249.1,3,2,21,13,8
CITY_K4R_dp_optimal_jenks,n5168724812,w318188286,Колхозный переулок,220.9,3,2,21,13,8
CITY_K4R_dp_optimal_jenks,n5168724812,w318188287,Колхозный переулок,236.9,3,2,21,13,8
CITY_K4R_dp_optimal_jenks,n5168724812,w318188288,Колхозный переулок,209.7,3,2,21,13,8
CITY_K4R_dp_optimal_jenks,n5168724812,w318188289,Колхозный переулок,235.2,3,2,21,13,8
CITY_K4R_dp_optimal_jenks,n5168724812,w318188290,Колхозный переулок,222.5,3,2,21,13,8
CITY_K4R_dp_optimal_jenks,n5168724812,w318188291,Колхозный переулок,196.7,3,2,21,13,8
CITY_K4R_dp_optimal_jenks,n5168724812,w318188293,Колхозный переулок,216.2,3,2,21,13,8
CITY_K4R_dp_optimal_jenks,n5168724812,w318188294,Колхозный переулок,199.8,3,2,21,13,8
CITY_K4R_dp_optimal_jenks,n5168724812,w318188296,Колхозный переулок,169.2,3,2,21,13,8
CITY_K4R_dp_optimal_jenks,n5168724812,w96821759,Колхозный переулок,206.0,3,2,21,13,8
CITY_K4R_dp_optimal_jenks,w160024295,w319390725,Пограничный переулок,246.1,2,3,13,21,8
CITY_K4R_dp_optimal_jenks,w160024295,w318188258,Пограничный переулок,131.9,2,3,13,21,8
CITY_K4R_dp_optimal_jenks,w160024295,w318188297,Пограничный переулок,119.8,2,3,13,21,8
CITY_K4R_dp_optimal_jenks,w160024295,w318188298,Пограничный переулок,118.1,2,3,13,21,8
CITY_K4R_dp_optimal_jenks,w160024295,w318188299,Пограничный переулок,116.7,2,3,13,21,8
CITY_K4R_dp_optimal_jenks,w160024295,w318188300,Пограничный переулок,110.3,2,3,13,21,8
CITY_K4R_dp_optimal_jenks,w160024295,w319390729,Пограничный переулок,236.8,2,3,13,21,8
CITY_K4R_dp_optimal_jenks,w160024295,w319390733,Пограничный переулок,225.9,2,3,13,21,8
CITY_K4R_dp_optimal_jenks,w160024295,w319390735,Пограничный переулок,209.0,2,3,13,21,8
CITY_K4R_dp_optimal_jenks,w160024295,w319390740,Пограничный переулок,176.8,2,3,13,21,8
CITY_K4R_dp_optimal_jenks,w160024295,w319390744,Пограничный переулок,146.2,2,3,13,21,8
CITY_K4R_dp_optimal_jenks,w160024295,w319390746,Пограничный переулок,145.4,2,3,13,21,8
CITY_K4R_dp_optimal_jenks,w160024295,w319390755,Пограничный переулок,188.6,2,3,13,21,8
CITY_K4R_dp_optimal_jenks,w160024295,w319390758,Пограничный переулок,197.2,2,3,13,21,8
CITY_K4R_dp_optimal_jenks,w160024295,w319390759,Пограничный переулок,213.8,2,3,13,21,8
CITY_K4R_dp_optimal_jenks,w160024295,w319390760,Пограничный переулок,247.6,2,3,13,21,8
CITY_K4R_dp_optimal_jenks,w160024295,w319390762,Пограничный переулок,238.1,2,3,13,21,8
CITY_K4R_dp_optimal_jenks,w160024295,w319390765,Пограничный переулок,232.6,2,3,13,21,8
CITY_K4R_dp_optimal_jenks,w160024295,w319616189,Пограничный переулок,219.1,2,3,13,21,8
CITY_K4R_dp_optimal_jenks,w160024295,w320382878,Пограничный переулок,181.2,2,3,13,21,8
CITY_K4R_dp_optimal_jenks,w160024295,w320382879,Пограничный переулок,154.8,2,3,13,21,8
CITY_K4R_dp_optimal_jenks,w160024295,w320444323,Пограничный переулок,223.2,2,3,13,21,8
CITY_K4R_dp_optimal_jenks,w160024295,w320444325,Пограничный переулок,227.0,2,3,13,21,8
CITY_K4R_dp_optimal_jenks,w160024295,w320444326,Пограничный переулок,169.0,2,3,13,21,8
CITY_K4R_dp_optimal_jenks,w160024295,w404776027,Пограничный переулок,250.0,2,3,13,21,8
CITY_K4R_dp_optimal_jenks,w160024295,w404776029,Пограничный переулок,244.1,2,3,13,21,8
CITY_K4R_dp_optimal_jenks,w160024295,w96821681,Пограничный переулок,184.5,2,3,13,21,8
CITY_K4R_dp_optimal_jenks,w160024295,w96821744,Пограничный переулок,222.0,2,3,13,21,8
CITY_K4R_dp_optimal_jenks,w160024295,w160024307,Пограничный переулок,43.4,2,3,13,21,8
CITY_K4R_dp_optimal_jenks,w160024295,w209262272,Пограничный переулок,161.0,2,3,13,21,8
CITY_K4R_dp_optimal_jenks,w160024295,w225221603,Пограничный переулок,143.1,2,3,13,21,8
CITY_K4R_dp_optimal_jenks,w160024295,w318188260,Пограничный переулок,120.2,2,3,13,21,8
CITY_K4R_dp_optimal_jenks,w160024295,w318188261,Пограничный переулок,129.5,2,3,13,21,8
CITY_K4R_dp_optimal_jenks,w160024295,w318188262,Пограничный переулок,135.3,2,3,13,21,8
CITY_K4R_dp_optimal_jenks,w160024295,w318188263,Пограничный переулок,149.2,2,3,13,21,8
CITY_K4R_dp_optimal_jenks,w160024295,w318188264,Пограничный переулок,159.2,2,3,13,21,8
CITY_K4R_dp_optimal_jenks,w160024295,w318188265,Пограничный переулок,212.2,2,3,13,21,8
CITY_K4R_dp_optimal_jenks,w160024295,w318188266,Пограничный переулок,202.3,2,3,13,21,8
CITY_K4R_dp_optimal_jenks,w160024295,w318188267,Пограничный переулок,190.0,2,3,13,21,8
CITY_K4R_dp_optimal_jenks,w160024295,w318188268,Пограничный переулок,180.3,2,3,13,21,8
CITY_K4R_dp_optimal_jenks,w160024295,w318188269,Пограничный переулок,170.4,2,3,13,21,8
CITY_K4R_dp_optimal_jenks,w160024295,w318188270,Пограничный переулок,185.5,2,3,13,21,8
CITY_K4R_dp_optimal_jenks,w160024295,w318188274,Пограничный переулок,198.2,2,3,13,21,8
CITY_K4R_dp_optimal_jenks,w160024295,w318188275,Пограничный переулок,209.9,2,3,13,21,8
CITY_K4R_dp_optimal_jenks,w160024295,w318188277,Пограничный переулок,223.8,2,3,13,21,8
CITY_K4R_dp_optimal_jenks,w160024295,w319147343,Пограничный переулок,170.9,2,3,13,21,8
CITY_K4R_dp_optimal_jenks,w160024295,w319147344,Пограничный переулок,164.2,2,3,13,21,8
CITY_K4R_dp_optimal_jenks,w160024295,w319147345,Пограничный переулок,155.8,2,3,13,21,8
CITY_K4R_dp_optimal_jenks,w160024295,w319147346,Пограничный переулок,149.5,2,3,13,21,8
CITY_K4R_dp_optimal_jenks,w160024295,w319147347,Пограничный переулок,145.8,2,3,13,21,8
CITY_K4R_dp_optimal_jenks,w160024295,w319147348,Пограничный переулок,145.0,2,3,13,21,8
CITY_K4R_dp_optimal_jenks,w160024295,w399048811,Пограничный переулок,188.7,2,3,13,21,8
CITY_K4R_dp_optimal_jenks,w160024295,w96821767,Пограничный переулок,111.4,2,3,13,21,8
CITY_K4R_dp_optimal_jenks,w160024295,w209262296,Пограничный переулок,239.3,2,3,13,21,8
CITY_K4R_dp_optimal_jenks,w160024295,w309866944,Пограничный переулок,246.9,2,3,13,21,8
CITY_K4R_dp_optimal_jenks,w160024295,w318188278,Пограничный переулок,237.3,2,3,13,21,8
CITY_K4R_dp_optimal_jenks,w160024295,w318188280,Пограничный переулок,248.7,2,3,13,21,8
CITY_K4R_dp_optimal_jenks,w160024295,w399048812,Пограничный переулок,224.4,2,3,13,21,8
CITY_K4R_dp_optimal_jenks,w160024295,w404771107,Пограничный переулок,197.7,2,3,13,21,8
CITY_K4R_dp_optimal_jenks,w160024295,w404771108,Пограничный переулок,198.8,2,3,13,21,8
CITY_K4R_dp_optimal_jenks,w160024295,w404771109,Пограничный переулок,205.2,2,3,13,21,8
CITY_K4R_dp_optimal_jenks,w160024295,w404771112,Пограничный переулок,232.4,2,3,13,21,8
CITY_K4R_dp_optimal_jenks,w160024295,w404798031,Пограничный переулок,241.3,2,3,13,21,8
CITY_K4R_dp_optimal_jenks,w160024307,w318188283,улица Энгельса,188.1,3,2,21,13,8
CITY_K4R_dp_optimal_jenks,w160024307,w318188286,улица Энгельса,205.9,3,2,21,13,8
CITY_K4R_dp_optimal_jenks,w160024307,w318188287,улица Энгельса,212.2,3,2,21,13,8
CITY_K4R_dp_optimal_jenks,w160024307,w318188288,улица Энгельса,198.7,3,2,21,13,8
CITY_K4R_dp_optimal_jenks,w160024307,w318188289,улица Энгельса,174.4,3,2,21,13,8
CITY_K4R_dp_optimal_jenks,w160024307,w318188290,улица Энгельса,168.6,3,2,21,13,8
CITY_K4R_dp_optimal_jenks,w160024307,w318188291,улица Энгельса,194.0,3,2,21,13,8
CITY_K4R_dp_optimal_jenks,w160024307,w318188293,улица Энгельса,154.8,3,2,21,13,8
CITY_K4R_dp_optimal_jenks,w160024307,w318188294,улица Энгельса,152.9,3,2,21,13,8
CITY_K4R_dp_optimal_jenks,w160024307,w318188296,улица Энгельса,141.2,3,2,21,13,8
CITY_K4R_dp_optimal_jenks,w160024307,w96821759,улица Энгельса,99.9,3,2,21,13,8
CITY_K4R_dp_optimal_jenks,w161058107,w303915713,улица Тургенева,206.6,3,2,21,13,8
CITY_K4R_dp_optimal_jenks,w161058107,w303915714,улица Тургенева,212.3,3,2,21,13,8
CITY_K4R_dp_optimal_jenks,w161058107,w303915715,улица Тургенева,215.3,3,2,21,13,8
CITY_K4R_dp_optimal_jenks,w161058107,w303915716,улица Тургенева,224.7,3,2,21,13,8
CITY_K4R_dp_optimal_jenks,w161058107,w303915718,улица Тургенева,233.4,3,2,21,13,8
CITY_K4R_dp_optimal_jenks,w161058107,w303915719,улица Тургенева,245.0,3,2,21,13,8
CITY_K4R_dp_optimal_jenks,w161058107,w222764128,улица Тургенева,214.9,3,2,21,13,8
CITY_K4R_dp_optimal_jenks,w161058108,w303915713,Киевская улица,244.1,3,2,21,13,8
CITY_K4R_dp_optimal_jenks,w161058108,w303915714,Киевская улица,246.6,3,2,21,13,8
CITY_K4R_dp_optimal_jenks,w161058108,w303915715,Киевская улица,245.4,3,2,21,13,8
CITY_K4R_dp_optimal_jenks,w209262272,w96821759,Пограничный переулок,245.4,3,2,21,13,8
CITY_K4R_dp_optimal_jenks,w209654273,w352312130,улица Мичурина,249.0,2,3,13,21,8
CITY_K4R_dp_optimal_jenks,w209654273,w352312132,улица Мичурина,200.3,2,3,13,21,8
CITY_K4R_dp_optimal_jenks,w209654273,w352312134,улица Мичурина,185.0,2,3,13,21,8
CITY_K4R_dp_optimal_jenks,w209654273,w352312135,улица Мичурина,207.9,2,3,13,21,8
CITY_K4R_dp_optimal_jenks,w209654273,w352312136,улица Мичурина,215.0,2,3,13,21,8
CITY_K4R_dp_optimal_jenks,w209654273,w352312139,улица Мичурина,228.5,2,3,13,21,8
CITY_K4R_dp_optimal_jenks,w209654273,w352468405,улица Мичурина,242.6,2,3,13,21,8
CITY_K4R_dp_optimal_jenks,w209654273,w352312126,улица Мичурина,237.6,2,3,13,21,8
CITY_K4R_dp_optimal_jenks,w209654273,w352312128,улица Мичурина,247.2,2,3,13,21,8
CITY_K4R_dp_optimal_jenks,w209654273,w352312131,улица Мичурина,224.9,2,3,13,21,8
CITY_K4R_dp_optimal_jenks,w209654289,w352306368,улица Мичурина,247.2,2,3,13,21,8
CITY_K4R_dp_optimal_jenks,w209654289,w352312113,улица Мичурина,247.3,2,3,13,21,8
CITY_K4R_dp_optimal_jenks,w209654289,w352312130,улица Мичурина,248.7,2,3,13,21,8
CITY_K4R_dp_optimal_jenks,w209654289,w352312132,улица Мичурина,199.7,2,3,13,21,8
CITY_K4R_dp_optimal_jenks,w209654289,w352312134,улица Мичурина,182.6,2,3,13,21,8
CITY_K4R_dp_optimal_jenks,w209654289,w352312135,улица Мичурина,202.3,2,3,13,21,8
CITY_K4R_dp_optimal_jenks,w209654289,w352312136,улица Мичурина,211.6,2,3,13,21,8
CITY_K4R_dp_optimal_jenks,w209654289,w352312139,улица Мичурина,226.0,2,3,13,21,8
CITY_K4R_dp_optimal_jenks,w209654289,w352468401,улица Мичурина,224.6,2,3,13,21,8
CITY_K4R_dp_optimal_jenks,w209654289,w352468405,улица Мичурина,210.5,2,3,13,21,8
CITY_K4R_dp_optimal_jenks,w209654289,w352312126,улица Мичурина,241.9,2,3,13,21,8
CITY_K4R_dp_optimal_jenks,w209654289,w352312128,улица Мичурина,248.9,2,3,13,21,8
CITY_K4R_dp_optimal_jenks,w209654289,w352312131,улица Мичурина,227.4,2,3,13,21,8
CITY_K4R_dp_optimal_jenks,w209654291,w352312132,улица Мичурина,213.4,2,3,13,21,8
CITY_K4R_dp_optimal_jenks,w209654291,w352312134,улица Мичурина,200.9,2,3,13,21,8
CITY_K4R_dp_optimal_jenks,w209654291,w352312135,улица Мичурина,226.9,2,3,13,21,8
CITY_K4R_dp_optimal_jenks,w209654291,w352312136,улица Мичурина,231.2,2,3,13,21,8
CITY_K4R_dp_optimal_jenks,w209654291,w352312139,улица Мичурина,242.9,2,3,13,21,8
CITY_K4R_dp_optimal_jenks,w209654291,w352312126,улица Мичурина,242.6,2,3,13,21,8
CITY_K4R_dp_optimal_jenks,w209654291,w352312131,улица Мичурина,232.9,2,3,13,21,8
CITY_K4R_dp_optimal_jenks,w209654351,w352306368,улица Мичурина,229.4,2,3,13,21,8
CITY_K4R_dp_optimal_jenks,w209654351,w352312109,улица Мичурина,240.8,2,3,13,21,8
CITY_K4R_dp_optimal_jenks,w209654351,w352312113,улица Мичурина,217.4,2,3,13,21,8
CITY_K4R_dp_optimal_jenks,w209654351,w352312114,улица Мичурина,240.8,2,3,13,21,8
CITY_K4R_dp_optimal_jenks,w209654351,w352312119,улица Мичурина,236.8,2,3,13,21,8
CITY_K4R_dp_optimal_jenks,w209654351,w352312130,улица Мичурина,244.1,2,3,13,21,8
CITY_K4R_dp_optimal_jenks,w209654351,w352312132,улица Мичурина,196.7,2,3,13,21,8
CITY_K4R_dp_optimal_jenks,w209654351,w352312134,улица Мичурина,178.0,2,3,13,21,8
CITY_K4R_dp_optimal_jenks,w209654351,w352312135,улица Мичурина,191.7,2,3,13,21,8
CITY_K4R_dp_optimal_jenks,w209654351,w352312136,улица Мичурина,203.8,2,3,13,21,8
CITY_K4R_dp_optimal_jenks,w209654351,w352312139,улица Мичурина,219.1,2,3,13,21,8
CITY_K4R_dp_optimal_jenks,w209654351,w352468401,улица Мичурина,175.2,2,3,13,21,8
CITY_K4R_dp_optimal_jenks,w209654351,w352468405,улица Мичурина,161.2,2,3,13,21,8
CITY_K4R_dp_optimal_jenks,w209654351,w352312126,улица Мичурина,244.5,2,3,13,21,8
CITY_K4R_dp_optimal_jenks,w209654351,w352312128,улица Мичурина,247.4,2,3,13,21,8
CITY_K4R_dp_optimal_jenks,w209654351,w352312131,улица Мичурина,227.7,2,3,13,21,8
CITY_K4R_dp_optimal_jenks,w209654376,w352312134,Загородная улица,241.4,2,3,13,21,8
CITY_K4R_dp_optimal_jenks,w209654376,w352468401,Загородная улица,217.6,2,3,13,21,8
CITY_K4R_dp_optimal_jenks,w209654376,w352468405,Загородная улица,205.2,2,3,13,21,8
CITY_K4R_dp_optimal_jenks,w222764128,w301982088,улица Георге Асаке,187.8,2,3,13,21,8
CITY_K4R_dp_optimal_jenks,w222764128,w301982089,улица Георге Асаке,165.4,2,3,13,21,8
CITY_K4R_dp_optimal_jenks,w222764128,w301982090,улица Георге Асаке,160.3,2,3,13,21,8
CITY_K4R_dp_optimal_jenks,w222764128,w301982096,улица Георге Асаке,172.4,2,3,13,21,8
CITY_K4R_dp_optimal_jenks,w222764128,w302368617,улица Георге Асаке,172.3,2,3,13,21,8
CITY_K4R_dp_optimal_jenks,w222764128,w303915693,улица Георге Асаке,230.4,2,3,13,21,8
CITY_K4R_dp_optimal_jenks,w222764128,w303915694,улица Георге Асаке,203.2,2,3,13,21,8
CITY_K4R_dp_optimal_jenks,w222764128,w303915696,улица Георге Асаке,233.5,2,3,13,21,8
CITY_K4R_dp_optimal_jenks,w222764128,w303915697,улица Георге Асаке,242.4,2,3,13,21,8
CITY_K4R_dp_optimal_jenks,w222764128,w303915700,улица Георге Асаке,201.9,2,3,13,21,8
CITY_K4R_dp_optimal_jenks,w222764128,w303915703,улица Георге Асаке,218.2,2,3,13,21,8
CITY_K4R_dp_optimal_jenks,w222764128,w303915704,улица Георге Асаке,194.7,2,3,13,21,8
CITY_K4R_dp_optimal_jenks,w222764128,w301982104,улица Георге Асаке,142.7,2,3,13,21,8
CITY_K4R_dp_optimal_jenks,w222764128,w301982107,улица Георге Асаке,110.0,2,3,13,21,8
CITY_K4R_dp_optimal_jenks,w222764128,w301982108,улица Георге Асаке,104.9,2,3,13,21,8
CITY_K4R_dp_optimal_jenks,w222764128,w301982110,улица Георге Асаке,108.0,2,3,13,21,8
CITY_K4R_dp_optimal_jenks,w222764128,w301982111,улица Георге Асаке,111.3,2,3,13,21,8
CITY_K4R_dp_optimal_jenks,w222764128,w301982112,улица Георге Асаке,126.4,2,3,13,21,8
CITY_K4R_dp_optimal_jenks,w222764128,w301982113,улица Георге Асаке,113.3,2,3,13,21,8
CITY_K4R_dp_optimal_jenks,w222946262,w352306368,улица Чкалова,242.8,2,3,13,21,8
CITY_K4R_dp_optimal_jenks,w222946262,w352312109,улица Чкалова,242.2,2,3,13,21,8
CITY_K4R_dp_optimal_jenks,w222946262,w352312130,улица Чкалова,215.0,2,3,13,21,8
CITY_K4R_dp_optimal_jenks,w222946262,w352312132,улица Чкалова,171.3,2,3,13,21,8
CITY_K4R_dp_optimal_jenks,w222946262,w352312134,улица Чкалова,161.9,2,3,13,21,8
CITY_K4R_dp_optimal_jenks,w222946262,w352312135,улица Чкалова,189.7,2,3,13,21,8
CITY_K4R_dp_optimal_jenks,w222946262,w352312136,улица Чкалова,191.1,2,3,13,21,8
CITY_K4R_dp_optimal_jenks,w222946262,w352312139,улица Чкалова,201.0,2,3,13,21,8
CITY_K4R_dp_optimal_jenks,w222946262,w352307875,улица Чкалова,237.1,2,3,13,21,8
CITY_K4R_dp_optimal_jenks,w222946262,w352312100,улица Чкалова,220.0,2,3,13,21,8
CITY_K4R_dp_optimal_jenks,w222946262,w352312105,улица Чкалова,244.1,2,3,13,21,8
CITY_K4R_dp_optimal_jenks,w222946262,w352312123,улица Чкалова,232.3,2,3,13,21,8
CITY_K4R_dp_optimal_jenks,w222946262,w352312124,улица Чкалова,223.2,2,3,13,21,8
CITY_K4R_dp_optimal_jenks,w222946262,w352312126,улица Чкалова,194.0,2,3,13,21,8
CITY_K4R_dp_optimal_jenks,w222946262,w352312127,улица Чкалова,216.3,2,3,13,21,8
CITY_K4R_dp_optimal_jenks,w222946262,w352312128,улица Чкалова,208.7,2,3,13,21,8
CITY_K4R_dp_optimal_jenks,w222946262,w352312131,улица Чкалова,186.4,2,3,13,21,8
CITY_K4R_dp_optimal_jenks,w222946263,w352312130,улица Чкалова,247.1,2,3,13,21,8
CITY_K4R_dp_optimal_jenks,w222946263,w352312132,улица Чкалова,207.9,2,3,13,21,8
CITY_K4R_dp_optimal_jenks,w222946263,w352312134,улица Чкалова,201.5,2,3,13,21,8
CITY_K4R_dp_optimal_jenks,w222946263,w352312135,улица Чкалова,230.0,2,3,13,21,8
CITY_K4R_dp_optimal_jenks,w222946263,w352312136,улица Чкалова,229.1,2,3,13,21,8
CITY_K4R_dp_optimal_jenks,w222946263,w352312139,улица Чкалова,236.9,2,3,13,21,8
CITY_K4R_dp_optimal_jenks,w222946263,w352312100,улица Чкалова,239.8,2,3,13,21,8
CITY_K4R_dp_optimal_jenks,w222946263,w352312126,улица Чкалова,221.2,2,3,13,21,8
CITY_K4R_dp_optimal_jenks,w222946263,w352312127,улица Чкалова,244.9,2,3,13,21,8
CITY_K4R_dp_optimal_jenks,w222946263,w352312128,улица Чкалова,238.5,2,3,13,21,8
CITY_K4R_dp_optimal_jenks,w222946263,w352312131,улица Чкалова,217.2,2,3,13,21,8
CITY_K4R_dp_optimal_jenks,w222946264,w352312132,улица Димитрова,244.4,2,3,13,21,8
CITY_K4R_dp_optimal_jenks,w222946264,w352312134,улица Димитрова,240.0,2,3,13,21,8
CITY_K4R_dp_optimal_jenks,w222946264,w352312131,улица Димитрова,249.6,2,3,13,21,8
CITY_K4R_dp_optimal_jenks,w224082046,w47475176,улица Победы,225.0,2,3,13,21,8
CITY_K4R_dp_optimal_jenks,w224082046,w47475180,улица Победы,224.2,2,3,13,21,8
CITY_K4R_dp_optimal_jenks,w225221599,w352306056,улица Пирогова,239.2,3,2,21,13,8
CITY_K4R_dp_optimal_jenks,w225221599,w352306057,улица Пирогова,242.3,3,2,21,13,8
CITY_K4R_dp_optimal_jenks,w225221599,w352306058,улица Пирогова,243.8,3,2,21,13,8
CITY_K4R_dp_optimal_jenks,w225221599,w352306067,улица Пирогова,175.9,3,2,21,13,8
CITY_K4R_dp_optimal_jenks,w225221599,w352306070,улица Пирогова,206.3,3,2,21,13,8
CITY_K4R_dp_optimal_jenks,w225221599,w352306072,улица Пирогова,222.3,3,2,21,13,8
CITY_K4R_dp_optimal_jenks,w225221599,w352306073,улица Пирогова,227.2,3,2,21,13,8
CITY_K4R_dp_optimal_jenks,w225221599,w352306364,улица Пирогова,150.4,3,2,21,13,8
CITY_K4R_dp_optimal_jenks,w225221599,w352306365,улица Пирогова,140.1,3,2,21,13,8
CITY_K4R_dp_optimal_jenks,w225221599,w352306367,улица Пирогова,125.9,3,2,21,13,8
CITY_K4R_dp_optimal_jenks,w225221599,w352307860,улица Пирогова,182.7,3,2,21,13,8
CITY_K4R_dp_optimal_jenks,w225221599,w352307861,улица Пирогова,173.4,3,2,21,13,8
CITY_K4R_dp_optimal_jenks,w225221599,w323694276,улица Пирогова,212.2,3,2,21,13,8
CITY_K4R_dp_optimal_jenks,w225221599,w323694277,улица Пирогова,177.3,3,2,21,13,8
CITY_K4R_dp_optimal_jenks,w225221599,w323694279,улица Пирогова,228.7,3,2,21,13,8
CITY_K4R_dp_optimal_jenks,w225221599,w340414535,улица Пирогова,203.2,3,2,21,13,8
CITY_K4R_dp_optimal_jenks,w225221599,w340414537,улица Пирогова,196.0,3,2,21,13,8
CITY_K4R_dp_optimal_jenks,w225221599,w340414538,улица Пирогова,238.2,3,2,21,13,8
CITY_K4R_dp_optimal_jenks,w225221599,w340414539,улица Пирогова,220.7,3,2,21,13,8
CITY_K4R_dp_optimal_jenks,w225221599,w340414540,улица Пирогова,209.2,3,2,21,13,8
CITY_K4R_dp_optimal_jenks,w225221599,w340414542,улица Пирогова,181.2,3,2,21,13,8
CITY_K4R_dp_optimal_jenks,w225221599,w340414544,улица Пирогова,193.7,3,2,21,13,8
CITY_K4R_dp_optimal_jenks,w225221599,w340414545,улица Пирогова,214.8,3,2,21,13,8
CITY_K4R_dp_optimal_jenks,w225221599,w352306074,улица Пирогова,241.8,3,2,21,13,8
CITY_K4R_dp_optimal_jenks,w225221599,w352306075,улица Пирогова,249.0,3,2,21,13,8
CITY_K4R_dp_optimal_jenks,w225221599,w352306779,улица Пирогова,242.9,3,2,21,13,8
CITY_K4R_dp_optimal_jenks,w225221599,w352306780,улица Пирогова,176.7,3,2,21,13,8
CITY_K4R_dp_optimal_jenks,w225221599,w352306787,улица Пирогова,198.7,3,2,21,13,8
CITY_K4R_dp_optimal_jenks,w225221599,w352306788,улица Пирогова,229.7,3,2,21,13,8
CITY_K4R_dp_optimal_jenks,w225221599,w352306789,улица Пирогова,198.4,3,2,21,13,8
CITY_K4R_dp_optimal_jenks,w225221599,w352306790,улица Пирогова,193.3,3,2,21,13,8
CITY_K4R_dp_optimal_jenks,w225221599,w352306791,улица Пирогова,225.5,3,2,21,13,8
CITY_K4R_dp_optimal_jenks,w225221599,w352306792,улица Пирогова,223.0,3,2,21,13,8
CITY_K4R_dp_optimal_jenks,w225221599,w352307862,улица Пирогова,167.5,3,2,21,13,8
CITY_K4R_dp_optimal_jenks,w225221599,w352307863,улица Пирогова,160.5,3,2,21,13,8
CITY_K4R_dp_optimal_jenks,w225221599,w352307864,улица Пирогова,151.9,3,2,21,13,8
CITY_K4R_dp_optimal_jenks,w225221599,w352307865,улица Пирогова,145.4,3,2,21,13,8
CITY_K4R_dp_optimal_jenks,w225221599,w352307867,улица Пирогова,149.0,3,2,21,13,8
CITY_K4R_dp_optimal_jenks,w225221599,w352307869,улица Пирогова,149.0,3,2,21,13,8
CITY_K4R_dp_optimal_jenks,w225221599,w352307870,улица Пирогова,154.7,3,2,21,13,8
CITY_K4R_dp_optimal_jenks,w225221599,w352307871,улица Пирогова,162.8,3,2,21,13,8
CITY_K4R_dp_optimal_jenks,w225221599,w352307872,улица Пирогова,168.6,3,2,21,13,8
CITY_K4R_dp_optimal_jenks,w225221599,w330410221,улица Пирогова,93.6,3,2,21,13,8
CITY_K4R_dp_optimal_jenks,w225221599,w330883125,улица Пирогова,114.8,3,2,21,13,8
CITY_K4R_dp_optimal_jenks,w225221599,w330883126,улица Пирогова,106.1,3,2,21,13,8
CITY_K4R_dp_optimal_jenks,w225221599,w352309763,улица Пирогова,58.5,3,2,21,13,8
CITY_K4R_dp_optimal_jenks,w225221599,w352309767,улица Пирогова,88.9,3,2,21,13,8
CITY_K4R_dp_optimal_jenks,w225221599,w352309772,улица Пирогова,179.2,3,2,21,13,8
CITY_K4R_dp_optimal_jenks,w225221599,w352309774,улица Пирогова,165.5,3,2,21,13,8
CITY_K4R_dp_optimal_jenks,w225221599,w352309776,улица Пирогова,129.2,3,2,21,13,8
CITY_K4R_dp_optimal_jenks,w225221599,w352309779,улица Пирогова,122.1,3,2,21,13,8
CITY_K4R_dp_optimal_jenks,w225221599,w352312097,улица Пирогова,63.9,3,2,21,13,8
CITY_K4R_dp_optimal_jenks,w225221599,w304687305,улица Пирогова,219.6,3,2,21,13,8
CITY_K4R_dp_optimal_jenks,w225221599,w305230309,улица Пирогова,249.8,3,2,21,13,8
CITY_K4R_dp_optimal_jenks,w225221599,w305230318,улица Пирогова,232.5,3,2,21,13,8
CITY_K4R_dp_optimal_jenks,w225221599,w305230320,улица Пирогова,226.2,3,2,21,13,8
CITY_K4R_dp_optimal_jenks,w225221599,w305230322,улица Пирогова,219.8,3,2,21,13,8
CITY_K4R_dp_optimal_jenks,w225221599,w305230324,улица Пирогова,218.0,3,2,21,13,8
CITY_K4R_dp_optimal_jenks,w225221599,w305230325,улица Пирогова,218.4,3,2,21,13,8
CITY_K4R_dp_optimal_jenks,w225221599,w305230326,улица Пирогова,212.3,3,2,21,13,8
CITY_K4R_dp_optimal_jenks,w225221599,w305230327,улица Пирогова,211.9,3,2,21,13,8
CITY_K4R_dp_optimal_jenks,w225221599,w352307873,улица Пирогова,150.1,3,2,21,13,8
CITY_K4R_dp_optimal_jenks,w225221599,w352309081,улица Пирогова,149.1,3,2,21,13,8
CITY_K4R_dp_optimal_jenks,w225221599,w352309082,улица Пирогова,135.8,3,2,21,13,8
CITY_K4R_dp_optimal_jenks,w225221599,w352309084,улица Пирогова,118.6,3,2,21,13,8
CITY_K4R_dp_optimal_jenks,w225221599,w352309085,улица Пирогова,133.0,3,2,21,13,8
CITY_K4R_dp_optimal_jenks,w225221599,w352309529,улица Пирогова,132.1,3,2,21,13,8
CITY_K4R_dp_optimal_jenks,w225221599,w352309777,улица Пирогова,154.1,3,2,21,13,8
CITY_K4R_dp_optimal_jenks,w225221599,w352312092,улица Пирогова,108.7,3,2,21,13,8
CITY_K4R_dp_optimal_jenks,w225221599,w352312093,улица Пирогова,89.8,3,2,21,13,8
CITY_K4R_dp_optimal_jenks,w225221599,w352312096,улица Пирогова,76.1,3,2,21,13,8
CITY_K4R_dp_optimal_jenks,w225221599,w352312099,улица Пирогова,124.6,3,2,21,13,8
CITY_K4R_dp_optimal_jenks,w225221600,w352306056,улица Пирогова,247.1,3,2,21,13,8
CITY_K4R_dp_optimal_jenks,w225221600,w352306067,улица Пирогова,191.7,3,2,21,13,8
CITY_K4R_dp_optimal_jenks,w225221600,w352306070,улица Пирогова,226.5,3,2,21,13,8
CITY_K4R_dp_optimal_jenks,w225221600,w352306072,улица Пирогова,243.4,3,2,21,13,8
CITY_K4R_dp_optimal_jenks,w225221600,w352306364,улица Пирогова,170.4,3,2,21,13,8
CITY_K4R_dp_optimal_jenks,w225221600,w352306365,улица Пирогова,164.1,3,2,21,13,8
CITY_K4R_dp_optimal_jenks,w225221600,w352306367,улица Пирогова,144.1,3,2,21,13,8
CITY_K4R_dp_optimal_jenks,w225221600,w352307860,улица Пирогова,207.5,3,2,21,13,8
CITY_K4R_dp_optimal_jenks,w225221600,w352307861,улица Пирогова,200.5,3,2,21,13,8
CITY_K4R_dp_optimal_jenks,w225221600,w323694276,улица Пирогова,246.7,3,2,21,13,8
CITY_K4R_dp_optimal_jenks,w225221600,w323694277,улица Пирогова,213.5,3,2,21,13,8
CITY_K4R_dp_optimal_jenks,w225221600,w340414535,улица Пирогова,229.9,3,2,21,13,8
CITY_K4R_dp_optimal_jenks,w225221600,w340414537,улица Пирогова,229.5,3,2,21,13,8
CITY_K4R_dp_optimal_jenks,w225221600,w340414540,улица Пирогова,237.8,3,2,21,13,8
CITY_K4R_dp_optimal_jenks,w225221600,w340414542,улица Пирогова,214.2,3,2,21,13,8
CITY_K4R_dp_optimal_jenks,w225221600,w340414544,улица Пирогова,231.0,3,2,21,13,8
CITY_K4R_dp_optimal_jenks,w225221600,w352306780,улица Пирогова,215.3,3,2,21,13,8
CITY_K4R_dp_optimal_jenks,w225221600,w352306787,улица Пирогова,238.3,3,2,21,13,8
CITY_K4R_dp_optimal_jenks,w225221600,w352306789,улица Пирогова,238.6,3,2,21,13,8
CITY_K4R_dp_optimal_jenks,w225221600,w352306790,улица Пирогова,233.7,3,2,21,13,8
CITY_K4R_dp_optimal_jenks,w225221600,w352307862,улица Пирогова,196.5,3,2,21,13,8
CITY_K4R_dp_optimal_jenks,w225221600,w352307863,улица Пирогова,191.6,3,2,21,13,8
CITY_K4R_dp_optimal_jenks,w225221600,w352307864,улица Пирогова,185.8,3,2,21,13,8
CITY_K4R_dp_optimal_jenks,w225221600,w352307865,улица Пирогова,181.7,3,2,21,13,8
CITY_K4R_dp_optimal_jenks,w225221600,w352307867,улица Пирогова,186.8,3,2,21,13,8
CITY_K4R_dp_optimal_jenks,w225221600,w352307869,улица Пирогова,188.0,3,2,21,13,8
CITY_K4R_dp_optimal_jenks,w225221600,w352307870,улица Пирогова,194.9,3,2,21,13,8
CITY_K4R_dp_optimal_jenks,w225221600,w352307871,улица Пирогова,203.2,3,2,21,13,8
CITY_K4R_dp_optimal_jenks,w225221600,w352307872,улица Пирогова,208.5,3,2,21,13,8
CITY_K4R_dp_optimal_jenks,w225221600,w330410221,улица Пирогова,104.5,3,2,21,13,8
CITY_K4R_dp_optimal_jenks,w225221600,w330883125,улица Пирогова,112.6,3,2,21,13,8
CITY_K4R_dp_optimal_jenks,w225221600,w330883126,улица Пирогова,109.2,3,2,21,13,8
CITY_K4R_dp_optimal_jenks,w225221600,w352309763,улица Пирогова,85.2,3,2,21,13,8
CITY_K4R_dp_optimal_jenks,w225221600,w352309767,улица Пирогова,112.3,3,2,21,13,8
CITY_K4R_dp_optimal_jenks,w225221600,w352309772,улица Пирогова,182.5,3,2,21,13,8
CITY_K4R_dp_optimal_jenks,w225221600,w352309774,улица Пирогова,172.8,3,2,21,13,8
CITY_K4R_dp_optimal_jenks,w225221600,w352309776,улица Пирогова,137.1,3,2,21,13,8
CITY_K4R_dp_optimal_jenks,w225221600,w352309779,улица Пирогова,135.6,3,2,21,13,8
CITY_K4R_dp_optimal_jenks,w225221600,w352312097,улица Пирогова,100.7,3,2,21,13,8
CITY_K4R_dp_optimal_jenks,w225221600,w305230318,улица Пирогова,248.3,3,2,21,13,8
CITY_K4R_dp_optimal_jenks,w225221600,w305230320,улица Пирогова,243.9,3,2,21,13,8
CITY_K4R_dp_optimal_jenks,w225221600,w305230322,улица Пирогова,240.0,3,2,21,13,8
CITY_K4R_dp_optimal_jenks,w225221600,w305230324,улица Пирогова,240.3,3,2,21,13,8
CITY_K4R_dp_optimal_jenks,w225221600,w305230325,улица Пирогова,242.8,3,2,21,13,8
CITY_K4R_dp_optimal_jenks,w225221600,w305230326,улица Пирогова,238.4,3,2,21,13,8
CITY_K4R_dp_optimal_jenks,w225221600,w305230327,улица Пирогова,239.8,3,2,21,13,8
CITY_K4R_dp_optimal_jenks,w225221600,w352307873,улица Пирогова,189.3,3,2,21,13,8
CITY_K4R_dp_optimal_jenks,w225221600,w352309081,улица Пирогова,185.3,3,2,21,13,8
CITY_K4R_dp_optimal_jenks,w225221600,w352309082,улица Пирогова,173.3,3,2,21,13,8
CITY_K4R_dp_optimal_jenks,w225221600,w352309084,улица Пирогова,141.6,3,2,21,13,8
CITY_K4R_dp_optimal_jenks,w225221600,w352309085,улица Пирогова,155.3,3,2,21,13,8
CITY_K4R_dp_optimal_jenks,w225221600,w352309529,улица Пирогова,160.9,3,2,21,13,8
CITY_K4R_dp_optimal_jenks,w225221600,w352309777,улица Пирогова,165.7,3,2,21,13,8
CITY_K4R_dp_optimal_jenks,w225221600,w352312092,улица Пирогова,140.3,3,2,21,13,8
CITY_K4R_dp_optimal_jenks,w225221600,w352312093,улица Пирогова,122.2,3,2,21,13,8
CITY_K4R_dp_optimal_jenks,w225221600,w352312096,улица Пирогова,111.0,3,2,21,13,8
CITY_K4R_dp_optimal_jenks,w225221600,w352312099,улица Пирогова,163.1,3,2,21,13,8
CITY_K4R_dp_optimal_jenks,w225221601,w352306067,переулок Пирогова,246.2,3,2,21,13,8
CITY_K4R_dp_optimal_jenks,w225221601,w352306364,переулок Пирогова,220.7,3,2,21,13,8
CITY_K4R_dp_optimal_jenks,w225221601,w352306365,переулок Пирогова,209.9,3,2,21,13,8
CITY_K4R_dp_optimal_jenks,w225221601,w352306367,переулок Пирогова,196.3,3,2,21,13,8
CITY_K4R_dp_optimal_jenks,w225221601,w352307861,переулок Пирогова,241.7,3,2,21,13,8
CITY_K4R_dp_optimal_jenks,w225221601,w323694277,переулок Пирогова,235.7,3,2,21,13,8
CITY_K4R_dp_optimal_jenks,w225221601,w340414542,переулок Пирогова,244.6,3,2,21,13,8
CITY_K4R_dp_optimal_jenks,w225221601,w340414544,переулок Пирогова,249.1,3,2,21,13,8
CITY_K4R_dp_optimal_jenks,w225221601,w352306780,переулок Пирогова,228.7,3,2,21,13,8
CITY_K4R_dp_optimal_jenks,w225221601,w352306787,переулок Пирогова,244.3,3,2,21,13,8
CITY_K4R_dp_optimal_jenks,w225221601,w352306789,переулок Пирогова,239.4,3,2,21,13,8
CITY_K4R_dp_optimal_jenks,w225221601,w352306790,переулок Пирогова,229.5,3,2,21,13,8
CITY_K4R_dp_optimal_jenks,w225221601,w352307862,переулок Пирогова,234.8,3,2,21,13,8
CITY_K4R_dp_optimal_jenks,w225221601,w352307863,переулок Пирогова,226.3,3,2,21,13,8
CITY_K4R_dp_optimal_jenks,w225221601,w352307864,переулок Пирогова,214.9,3,2,21,13,8
CITY_K4R_dp_optimal_jenks,w225221601,w352307865,переулок Пирогова,204.6,3,2,21,13,8
CITY_K4R_dp_optimal_jenks,w225221601,w352307867,переулок Пирогова,204.5,3,2,21,13,8
CITY_K4R_dp_optimal_jenks,w225221601,w352307869,переулок Пирогова,200.6,3,2,21,13,8
CITY_K4R_dp_optimal_jenks,w225221601,w352307870,переулок Пирогова,197.6,3,2,21,13,8
CITY_K4R_dp_optimal_jenks,w225221601,w352307871,переулок Пирогова,197.5,3,2,21,13,8
CITY_K4R_dp_optimal_jenks,w225221601,w352307872,переулок Пирогова,194.7,3,2,21,13,8
CITY_K4R_dp_optimal_jenks,w225221601,w330410221,переулок Пирогова,42.1,3,2,21,13,8
CITY_K4R_dp_optimal_jenks,w225221601,w330883125,переулок Пирогова,46.0,3,2,21,13,8
CITY_K4R_dp_optimal_jenks,w225221601,w330883126,переулок Пирогова,41.8,3,2,21,13,8
CITY_K4R_dp_optimal_jenks,w225221601,w352309763,переулок Пирогова,54.2,3,2,21,13,8
CITY_K4R_dp_optimal_jenks,w225221601,w352309767,переулок Пирогова,64.9,3,2,21,13,8
CITY_K4R_dp_optimal_jenks,w225221601,w352309772,переулок Пирогова,115.1,3,2,21,13,8
CITY_K4R_dp_optimal_jenks,w225221601,w352309774,переулок Пирогова,105.6,3,2,21,13,8
CITY_K4R_dp_optimal_jenks,w225221601,w352309776,переулок Пирогова,70.5,3,2,21,13,8
CITY_K4R_dp_optimal_jenks,w225221601,w352309779,переулок Пирогова,72.4,3,2,21,13,8
CITY_K4R_dp_optimal_jenks,w225221601,w352312097,переулок Пирогова,86.3,3,2,21,13,8
CITY_K4R_dp_optimal_jenks,w225221601,w299357218,переулок Пирогова,237.0,3,2,21,13,8
CITY_K4R_dp_optimal_jenks,w225221601,w304087552,переулок Пирогова,241.7,3,2,21,13,8
CITY_K4R_dp_optimal_jenks,w225221601,w304087560,переулок Пирогова,240.4,3,2,21,13,8
CITY_K4R_dp_optimal_jenks,w225221601,w304491952,переулок Пирогова,243.4,3,2,21,13,8
CITY_K4R_dp_optimal_jenks,w225221601,w304687295,переулок Пирогова,234.7,3,2,21,13,8
CITY_K4R_dp_optimal_jenks,w225221601,w304687302,переулок Пирогова,243.3,3,2,21,13,8
CITY_K4R_dp_optimal_jenks,w225221601,w304687305,переулок Пирогова,215.7,3,2,21,13,8
CITY_K4R_dp_optimal_jenks,w225221601,w305230318,переулок Пирогова,183.7,3,2,21,13,8
CITY_K4R_dp_optimal_jenks,w225221601,w305230320,переулок Пирогова,180.7,3,2,21,13,8
CITY_K4R_dp_optimal_jenks,w225221601,w305230322,переулок Пирогова,178.7,3,2,21,13,8
CITY_K4R_dp_optimal_jenks,w225221601,w305230324,переулок Пирогова,181.2,3,2,21,13,8
CITY_K4R_dp_optimal_jenks,w225221601,w305230325,переулок Пирогова,185.8,3,2,21,13,8
CITY_K4R_dp_optimal_jenks,w225221601,w305230326,переулок Пирогова,183.8,3,2,21,13,8
CITY_K4R_dp_optimal_jenks,w225221601,w305230327,переулок Пирогова,187.9,3,2,21,13,8
CITY_K4R_dp_optimal_jenks,w225221601,w305230330,переулок Пирогова,246.0,3,2,21,13,8
CITY_K4R_dp_optimal_jenks,w225221601,w318122806,переулок Пирогова,204.7,3,2,21,13,8
CITY_K4R_dp_optimal_jenks,w225221601,w352307873,переулок Пирогова,171.2,3,2,21,13,8
CITY_K4R_dp_optimal_jenks,w225221601,w352309081,переулок Пирогова,154.8,3,2,21,13,8
CITY_K4R_dp_optimal_jenks,w225221601,w352309082,переулок Пирогова,148.5,3,2,21,13,8
CITY_K4R_dp_optimal_jenks,w225221601,w352309084,переулок Пирогова,88.5,3,2,21,13,8
CITY_K4R_dp_optimal_jenks,w225221601,w352309085,переулок Пирогова,100.0,3,2,21,13,8
CITY_K4R_dp_optimal_jenks,w225221601,w352309529,переулок Пирогова,115.2,3,2,21,13,8
CITY_K4R_dp_optimal_jenks,w225221601,w352309777,переулок Пирогова,100.0,3,2,21,13,8
CITY_K4R_dp_optimal_jenks,w225221601,w352312092,переулок Пирогова,102.9,3,2,21,13,8
CITY_K4R_dp_optimal_jenks,w225221601,w352312093,переулок Пирогова,89.8,3,2,21,13,8
CITY_K4R_dp_optimal_jenks,w225221601,w352312096,переулок Пирогова,87.8,3,2,21,13,8
CITY_K4R_dp_optimal_jenks,w225221601,w352312099,переулок Пирогова,143.5,3,2,21,13,8
CITY_K4R_dp_optimal_jenks,w225221601,w304087558,переулок Пирогова,243.8,3,2,21,13,8
CITY_K4R_dp_optimal_jenks,w225221602,w352464254,улица Пирогова,234.3,3,2,21,13,8
CITY_K4R_dp_optimal_jenks,w225221602,w352464258,улица Пирогова,248.6,3,2,21,13,8
CITY_K4R_dp_optimal_jenks,w225221602,w352306056,улица Пирогова,205.0,3,2,21,13,8
CITY_K4R_dp_optimal_jenks,w225221602,w352306057,улица Пирогова,210.7,3,2,21,13,8
CITY_K4R_dp_optimal_jenks,w225221602,w352306058,улица Пирогова,214.5,3,2,21,13,8
CITY_K4R_dp_optimal_jenks,w225221602,w352306067,улица Пирогова,148.5,3,2,21,13,8
CITY_K4R_dp_optimal_jenks,w225221602,w352306070,улица Пирогова,183.8,3,2,21,13,8
CITY_K4R_dp_optimal_jenks,w225221602,w352306072,улица Пирогова,200.8,3,2,21,13,8
CITY_K4R_dp_optimal_jenks,w225221602,w352306073,улица Пирогова,209.2,3,2,21,13,8
CITY_K4R_dp_optimal_jenks,w225221602,w352306364,улица Пирогова,128.0,3,2,21,13,8
CITY_K4R_dp_optimal_jenks,w225221602,w352306365,улица Пирогова,123.1,3,2,21,13,8
CITY_K4R_dp_optimal_jenks,w225221602,w352306367,улица Пирогова,101.4,3,2,21,13,8
CITY_K4R_dp_optimal_jenks,w225221602,w352307860,улица Пирогова,166.3,3,2,21,13,8
CITY_K4R_dp_optimal_jenks,w225221602,w352307861,улица Пирогова,160.5,3,2,21,13,8
CITY_K4R_dp_optimal_jenks,w225221602,w352464257,улица Пирогова,229.8,3,2,21,13,8
CITY_K4R_dp_optimal_jenks,w225221602,w352468381,улица Пирогова,237.8,3,2,21,13,8
CITY_K4R_dp_optimal_jenks,w225221602,w352468384,улица Пирогова,235.4,3,2,21,13,8
CITY_K4R_dp_optimal_jenks,w225221602,w352468398,улица Пирогова,239.2,3,2,21,13,8
CITY_K4R_dp_optimal_jenks,w225221602,w352468400,улица Пирогова,239.6,3,2,21,13,8
CITY_K4R_dp_optimal_jenks,w225221602,w323694276,улица Пирогова,212.4,3,2,21,13,8
CITY_K4R_dp_optimal_jenks,w225221602,w323694277,улица Пирогова,182.0,3,2,21,13,8
CITY_K4R_dp_optimal_jenks,w225221602,w323694279,улица Пирогова,230.9,3,2,21,13,8
CITY_K4R_dp_optimal_jenks,w225221602,w340414535,улица Пирогова,189.4,3,2,21,13,8
CITY_K4R_dp_optimal_jenks,w225221602,w340414537,улица Пирогова,194.1,3,2,21,13,8
CITY_K4R_dp_optimal_jenks,w225221602,w340414538,улица Пирогова,232.4,3,2,21,13,8
CITY_K4R_dp_optimal_jenks,w225221602,w340414539,улица Пирогова,213.0,3,2,21,13,8
CITY_K4R_dp_optimal_jenks,w225221602,w340414540,улица Пирогова,198.2,3,2,21,13,8
CITY_K4R_dp_optimal_jenks,w225221602,w340414542,улица Пирогова,178.5,3,2,21,13,8
CITY_K4R_dp_optimal_jenks,w225221602,w340414544,улица Пирогова,201.0,3,2,21,13,8
CITY_K4R_dp_optimal_jenks,w225221602,w340414545,улица Пирогова,222.4,3,2,21,13,8
CITY_K4R_dp_optimal_jenks,w225221602,w352306074,улица Пирогова,226.4,3,2,21,13,8
CITY_K4R_dp_optimal_jenks,w225221602,w352306075,улица Пирогова,236.6,3,2,21,13,8
CITY_K4R_dp_optimal_jenks,w225221602,w352306780,улица Пирогова,188.5,3,2,21,13,8
CITY_K4R_dp_optimal_jenks,w225221602,w352306787,улица Пирогова,215.0,3,2,21,13,8
CITY_K4R_dp_optimal_jenks,w225221602,w352306788,улица Пирогова,247.3,3,2,21,13,8
CITY_K4R_dp_optimal_jenks,w225221602,w352306789,улица Пирогова,218.2,3,2,21,13,8
CITY_K4R_dp_optimal_jenks,w225221602,w352306790,улица Пирогова,216.5,3,2,21,13,8
CITY_K4R_dp_optimal_jenks,w225221602,w352306791,улица Пирогова,246.0,3,2,21,13,8
CITY_K4R_dp_optimal_jenks,w225221602,w352306792,улица Пирогова,246.6,3,2,21,13,8
CITY_K4R_dp_optimal_jenks,w225221602,w352307862,улица Пирогова,157.7,3,2,21,13,8
CITY_K4R_dp_optimal_jenks,w225221602,w352307863,улица Пирогова,154.5,3,2,21,13,8
CITY_K4R_dp_optimal_jenks,w225221602,w352307864,улица Пирогова,151.6,3,2,21,13,8
CITY_K4R_dp_optimal_jenks,w225221602,w352307865,улица Пирогова,151.1,3,2,21,13,8
CITY_K4R_dp_optimal_jenks,w225221602,w352307867,улица Пирогова,158.8,3,2,21,13,8
CITY_K4R_dp_optimal_jenks,w225221602,w352307869,улица Пирогова,162.9,3,2,21,13,8
CITY_K4R_dp_optimal_jenks,w225221602,w352307870,улица Пирогова,175.4,3,2,21,13,8
CITY_K4R_dp_optimal_jenks,w225221602,w352307871,улица Пирогова,188.4,3,2,21,13,8
CITY_K4R_dp_optimal_jenks,w225221602,w352307872,улица Пирогова,198.6,3,2,21,13,8
CITY_K4R_dp_optimal_jenks,w225221602,w330410221,улица Пирогова,134.5,3,2,21,13,8
CITY_K4R_dp_optimal_jenks,w225221602,w330883125,улица Пирогова,150.2,3,2,21,13,8
CITY_K4R_dp_optimal_jenks,w225221602,w330883126,улица Пирогова,144.0,3,2,21,13,8
CITY_K4R_dp_optimal_jenks,w225221602,w352309763,улица Пирогова,102.1,3,2,21,13,8
CITY_K4R_dp_optimal_jenks,w225221602,w352309767,улица Пирогова,132.5,3,2,21,13,8
CITY_K4R_dp_optimal_jenks,w225221602,w352309772,улица Пирогова,218.0,3,2,21,13,8
CITY_K4R_dp_optimal_jenks,w225221602,w352309774,улица Пирогова,205.9,3,2,21,13,8
CITY_K4R_dp_optimal_jenks,w225221602,w352309776,улица Пирогова,169.5,3,2,21,13,8
CITY_K4R_dp_optimal_jenks,w225221602,w352309779,улица Пирогова,164.2,3,2,21,13,8
CITY_K4R_dp_optimal_jenks,w225221602,w352312097,улица Пирогова,103.9,3,2,21,13,8
CITY_K4R_dp_optimal_jenks,w225221602,w352307873,улица Пирогова,183.3,3,2,21,13,8
CITY_K4R_dp_optimal_jenks,w225221602,w352309081,улица Пирогова,187.6,3,2,21,13,8
CITY_K4R_dp_optimal_jenks,w225221602,w352309082,улица Пирогова,172.7,3,2,21,13,8
CITY_K4R_dp_optimal_jenks,w225221602,w352309084,улица Пирогова,162.2,3,2,21,13,8
CITY_K4R_dp_optimal_jenks,w225221602,w352309085,улица Пирогова,176.6,3,2,21,13,8
CITY_K4R_dp_optimal_jenks,w225221602,w352309529,улица Пирогова,175.0,3,2,21,13,8
CITY_K4R_dp_optimal_jenks,w225221602,w352309777,улица Пирогова,195.9,3,2,21,13,8
CITY_K4R_dp_optimal_jenks,w225221602,w352312092,улица Пирогова,150.9,3,2,21,13,8
CITY_K4R_dp_optimal_jenks,w225221602,w352312093,улица Пирогова,132.1,3,2,21,13,8
CITY_K4R_dp_optimal_jenks,w225221602,w352312096,улица Пирогова,117.3,3,2,21,13,8
CITY_K4R_dp_optimal_jenks,w225221602,w352312099,улица Пирогова,160.1,3,2,21,13,8
CITY_K4R_dp_optimal_jenks,w225221603,w96821759,Пограничный переулок,233.3,3,2,21,13,8
CITY_K4R_dp_optimal_jenks,w284751807,w318122813,Школьный переулок,236.6,2,3,13,21,8
CITY_K4R_dp_optimal_jenks,w284751808,w318122811,улица Георге Асаке,246.8,2,3,13,21,8
CITY_K4R_dp_optimal_jenks,w284751808,w318122813,улица Георге Асаке,232.0,2,3,13,21,8
CITY_K4R_dp_optimal_jenks,w295009405,w301982088,улица Георге Асаке,223.6,2,3,13,21,8
CITY_K4R_dp_optimal_jenks,w295009405,w301982089,улица Георге Асаке,208.9,2,3,13,21,8
CITY_K4R_dp_optimal_jenks,w295009405,w301982090,улица Георге Асаке,208.7,2,3,13,21,8
CITY_K4R_dp_optimal_jenks,w295009405,w301982096,улица Георге Асаке,225.1,2,3,13,21,8
CITY_K4R_dp_optimal_jenks,w295009405,w302368617,улица Георге Асаке,203.0,2,3,13,21,8
CITY_K4R_dp_optimal_jenks,w295009405,w303915694,улица Георге Асаке,233.8,2,3,13,21,8
CITY_K4R_dp_optimal_jenks,w295009405,w303915700,улица Георге Асаке,224.2,2,3,13,21,8
CITY_K4R_dp_optimal_jenks,w295009405,w303915703,улица Георге Асаке,235.1,2,3,13,21,8
CITY_K4R_dp_optimal_jenks,w295009405,w303915704,улица Георге Асаке,212.8,2,3,13,21,8
CITY_K4R_dp_optimal_jenks,w295009405,w301982104,улица Георге Асаке,195.7,2,3,13,21,8
CITY_K4R_dp_optimal_jenks,w295009405,w301982107,улица Георге Асаке,162.9,2,3,13,21,8
CITY_K4R_dp_optimal_jenks,w295009405,w301982108,улица Георге Асаке,155.5,2,3,13,21,8
CITY_K4R_dp_optimal_jenks,w295009405,w301982110,улица Георге Асаке,155.1,2,3,13,21,8
CITY_K4R_dp_optimal_jenks,w295009405,w301982111,улица Георге Асаке,155.8,2,3,13,21,8
CITY_K4R_dp_optimal_jenks,w295009405,w301982112,улица Георге Асаке,168.1,2,3,13,21,8
CITY_K4R_dp_optimal_jenks,w295009405,w301982113,улица Георге Асаке,154.1,2,3,13,21,8
CITY_K4R_dp_optimal_jenks,w295009406,w301982088,улица Георге Асаке,212.1,2,3,13,21,8
CITY_K4R_dp_optimal_jenks,w295009406,w301982089,улица Георге Асаке,202.3,2,3,13,21,8
CITY_K4R_dp_optimal_jenks,w295009406,w301982090,улица Георге Асаке,206.4,2,3,13,21,8
CITY_K4R_dp_optimal_jenks,w295009406,w301982096,улица Георге Асаке,229.4,2,3,13,21,8
CITY_K4R_dp_optimal_jenks,w295009406,w302368617,улица Георге Асаке,189.3,2,3,13,21,8
CITY_K4R_dp_optimal_jenks,w295009406,w303915693,улица Георге Асаке,249.6,2,3,13,21,8
CITY_K4R_dp_optimal_jenks,w295009406,w303915694,улица Георге Асаке,219.5,2,3,13,21,8
CITY_K4R_dp_optimal_jenks,w295009406,w303915696,улица Георге Асаке,248.7,2,3,13,21,8
CITY_K4R_dp_optimal_jenks,w295009406,w303915700,улица Георге Асаке,206.7,2,3,13,21,8
CITY_K4R_dp_optimal_jenks,w295009406,w303915703,улица Георге Асаке,215.6,2,3,13,21,8
CITY_K4R_dp_optimal_jenks,w295009406,w303915704,улица Георге Асаке,194.0,2,3,13,21,8
CITY_K4R_dp_optimal_jenks,w295009406,w301982104,улица Георге Асаке,202.6,2,3,13,21,8
CITY_K4R_dp_optimal_jenks,w295009406,w301982107,улица Георге Асаке,168.6,2,3,13,21,8
CITY_K4R_dp_optimal_jenks,w295009406,w301982108,улица Георге Асаке,156.6,2,3,13,21,8
CITY_K4R_dp_optimal_jenks,w295009406,w301982110,улица Георге Асаке,152.6,2,3,13,21,8
CITY_K4R_dp_optimal_jenks,w295009406,w301982111,улица Георге Асаке,151.2,2,3,13,21,8
CITY_K4R_dp_optimal_jenks,w295009406,w301982112,улица Георге Асаке,161.1,2,3,13,21,8
CITY_K4R_dp_optimal_jenks,w295009406,w301982113,улица Георге Асаке,147.0,2,3,13,21,8
CITY_K4R_dp_optimal_jenks,w295009407,w301982088,улица Георге Асаке,211.3,2,3,13,21,8
CITY_K4R_dp_optimal_jenks,w295009407,w301982089,улица Георге Асаке,205.2,2,3,13,21,8
CITY_K4R_dp_optimal_jenks,w295009407,w301982090,улица Георге Асаке,212.0,2,3,13,21,8
CITY_K4R_dp_optimal_jenks,w295009407,w301982096,улица Георге Асаке,238.9,2,3,13,21,8
CITY_K4R_dp_optimal_jenks,w295009407,w302368617,улица Георге Асаке,186.8,2,3,13,21,8
CITY_K4R_dp_optimal_jenks,w295009407,w303915693,улица Георге Асаке,246.9,2,3,13,21,8
CITY_K4R_dp_optimal_jenks,w295009407,w303915694,улица Георге Асаке,216.4,2,3,13,21,8
CITY_K4R_dp_optimal_jenks,w295009407,w303915696,улица Георге Асаке,245.0,2,3,13,21,8
CITY_K4R_dp_optimal_jenks,w295009407,w303915697,улица Георге Асаке,249.3,2,3,13,21,8
CITY_K4R_dp_optimal_jenks,w295009407,w303915700,улица Георге Асаке,200.8,2,3,13,21,8
CITY_K4R_dp_optimal_jenks,w295009407,w303915703,улица Георге Асаке,207.7,2,3,13,21,8
CITY_K4R_dp_optimal_jenks,w295009407,w303915704,улица Георге Асаке,186.8,2,3,13,21,8
CITY_K4R_dp_optimal_jenks,w295009407,w301982104,улица Георге Асаке,213.5,2,3,13,21,8
CITY_K4R_dp_optimal_jenks,w295009407,w301982107,улица Георге Асаке,179.1,2,3,13,21,8
CITY_K4R_dp_optimal_jenks,w295009407,w301982108,улица Георге Асаке,164.8,2,3,13,21,8
CITY_K4R_dp_optimal_jenks,w295009407,w301982110,улица Георге Асаке,158.6,2,3,13,21,8
CITY_K4R_dp_optimal_jenks,w295009407,w301982111,улица Георге Асаке,155.9,2,3,13,21,8
CITY_K4R_dp_optimal_jenks,w295009407,w301982112,улица Георге Асаке,164.1,2,3,13,21,8
CITY_K4R_dp_optimal_jenks,w295009407,w301982113,улица Георге Асаке,150.2,2,3,13,21,8
CITY_K4R_dp_optimal_jenks,w299357218,w352307875,тупик Некрасова,244.8,2,3,13,21,8
CITY_K4R_dp_optimal_jenks,w299357218,w352312105,тупик Некрасова,249.1,2,3,13,21,8
CITY_K4R_dp_optimal_jenks,w299357218,w310206419,тупик Некрасова,223.6,2,3,13,21,8
CITY_K4R_dp_optimal_jenks,w299357218,w310206420,тупик Некрасова,235.4,2,3,13,21,8
CITY_K4R_dp_optimal_jenks,w299357218,w310206421,тупик Некрасова,244.2,2,3,13,21,8
CITY_K4R_dp_optimal_jenks,w299357218,w318122808,тупик Некрасова,203.6,2,3,13,21,8
CITY_K4R_dp_optimal_jenks,w299357218,w318122810,тупик Некрасова,198.4,2,3,13,21,8
CITY_K4R_dp_optimal_jenks,w299357218,w318122811,тупик Некрасова,184.2,2,3,13,21,8
CITY_K4R_dp_optimal_jenks,w299357218,w318122813,тупик Некрасова,175.3,2,3,13,21,8
CITY_K4R_dp_optimal_jenks,w299357218,w330410222,тупик Некрасова,218.3,2,3,13,21,8
CITY_K4R_dp_optimal_jenks,w299357218,w330410223,тупик Некрасова,233.2,2,3,13,21,8
CITY_K4R_dp_optimal_jenks,w299357218,w330410224,тупик Некрасова,217.0,2,3,13,21,8
CITY_K4R_dp_optimal_jenks,w299357218,w333999696,тупик Некрасова,192.2,2,3,13,21,8
CITY_K4R_dp_optimal_jenks,w299357218,w352309768,тупик Некрасова,174.7,2,3,13,21,8
CITY_K4R_dp_optimal_jenks,w299357218,w352309769,тупик Некрасова,172.3,2,3,13,21,8
CITY_K4R_dp_optimal_jenks,w299357218,w441951719,тупик Некрасова,240.5,2,3,13,21,8
CITY_K4R_dp_optimal_jenks,w299357218,w352312102,тупик Некрасова,234.3,2,3,13,21,8
CITY_K4R_dp_optimal_jenks,w299357219,w318122808,тупик Некрасова,230.8,2,3,13,21,8
CITY_K4R_dp_optimal_jenks,w299357219,w318122810,тупик Некрасова,224.6,2,3,13,21,8
CITY_K4R_dp_optimal_jenks,w299357219,w318122811,тупик Некрасова,210.1,2,3,13,21,8
CITY_K4R_dp_optimal_jenks,w299357219,w318122813,тупик Некрасова,200.1,2,3,13,21,8
CITY_K4R_dp_optimal_jenks,w299357219,w330410222,тупик Некрасова,248.8,2,3,13,21,8
CITY_K4R_dp_optimal_jenks,w299357219,w330410224,тупик Некрасова,246.6,2,3,13,21,8
CITY_K4R_dp_optimal_jenks,w299357219,w333999696,тупик Некрасова,221.1,2,3,13,21,8
CITY_K4R_dp_optimal_jenks,w299357219,w352309768,тупик Некрасова,204.7,2,3,13,21,8
CITY_K4R_dp_optimal_jenks,w299357219,w352309769,тупик Некрасова,200.8,2,3,13,21,8
CITY_K4R_dp_optimal_jenks,w301982088,w302368616,Киевская улица,198.5,3,2,21,13,8
CITY_K4R_dp_optimal_jenks,w301982088,w303836248,Киевская улица,241.9,3,2,21,13,8
CITY_K4R_dp_optimal_jenks,w301982088,w303836250,Киевская улица,229.0,3,2,21,13,8
CITY_K4R_dp_optimal_jenks,w301982088,w303915713,Киевская улица,152.0,3,2,21,13,8
CITY_K4R_dp_optimal_jenks,w301982088,w303915714,Киевская улица,157.2,3,2,21,13,8
CITY_K4R_dp_optimal_jenks,w301982088,w303915715,Киевская улица,160.0,3,2,21,13,8
CITY_K4R_dp_optimal_jenks,w301982088,w303915716,Киевская улица,169.6,3,2,21,13,8
CITY_K4R_dp_optimal_jenks,w301982088,w303915718,Киевская улица,178.6,3,2,21,13,8
CITY_K4R_dp_optimal_jenks,w301982088,w303915719,Киевская улица,190.5,3,2,21,13,8
CITY_K4R_dp_optimal_jenks,w301982088,w303915721,Киевская улица,197.8,3,2,21,13,8
CITY_K4R_dp_optimal_jenks,w301982088,w303915722,Киевская улица,207.3,3,2,21,13,8
CITY_K4R_dp_optimal_jenks,w301982088,w303915723,Киевская улица,216.4,3,2,21,13,8
CITY_K4R_dp_optimal_jenks,w301982088,w303915724,Киевская улица,227.0,3,2,21,13,8
CITY_K4R_dp_optimal_jenks,w301982088,w705816382,Киевская улица,247.1,3,2,21,13,8
CITY_K4R_dp_optimal_jenks,w301982088,w705834164,Киевская улица,215.7,3,2,21,13,8
CITY_K4R_dp_optimal_jenks,w301982088,w705834165,Киевская улица,217.4,3,2,21,13,8
CITY_K4R_dp_optimal_jenks,w301982088,w302368270,Киевская улица,205.3,3,2,21,13,8
CITY_K4R_dp_optimal_jenks,w301982088,w302368615,Киевская улица,211.5,3,2,21,13,8
CITY_K4R_dp_optimal_jenks,w301982089,w302368616,улица Тургенева,211.3,3,2,21,13,8
CITY_K4R_dp_optimal_jenks,w301982089,w303836250,улица Тургенева,248.5,3,2,21,13,8
CITY_K4R_dp_optimal_jenks,w301982089,w303915713,улица Тургенева,174.7,3,2,21,13,8
CITY_K4R_dp_optimal_jenks,w301982089,w303915714,улица Тургенева,183.1,3,2,21,13,8
CITY_K4R_dp_optimal_jenks,w301982089,w303915715,улица Тургенева,189.6,3,2,21,13,8
CITY_K4R_dp_optimal_jenks,w301982089,w303915716,улица Тургенева,201.3,3,2,21,13,8
CITY_K4R_dp_optimal_jenks,w301982089,w303915718,улица Тургенева,212.1,3,2,21,13,8
CITY_K4R_dp_optimal_jenks,w301982089,w303915719,улица Тургенева,225.2,3,2,21,13,8
CITY_K4R_dp_optimal_jenks,w301982089,w303915721,улица Тургенева,233.7,3,2,21,13,8
CITY_K4R_dp_optimal_jenks,w301982089,w303915722,улица Тургенева,243.9,3,2,21,13,8
CITY_K4R_dp_optimal_jenks,w301982089,w705834164,улица Тургенева,231.6,3,2,21,13,8
CITY_K4R_dp_optimal_jenks,w301982089,w705834165,улица Тургенева,235.4,3,2,21,13,8
CITY_K4R_dp_optimal_jenks,w301982089,w302368270,улица Тургенева,207.0,3,2,21,13,8
CITY_K4R_dp_optimal_jenks,w301982089,w302368615,улица Тургенева,220.6,3,2,21,13,8
CITY_K4R_dp_optimal_jenks,w301982090,w302368616,улица Тургенева,230.9,3,2,21,13,8
CITY_K4R_dp_optimal_jenks,w301982090,w303915713,улица Тургенева,200.8,3,2,21,13,8
CITY_K4R_dp_optimal_jenks,w301982090,w303915714,улица Тургенева,210.6,3,2,21,13,8
CITY_K4R_dp_optimal_jenks,w301982090,w303915715,улица Тургенева,218.9,3,2,21,13,8
CITY_K4R_dp_optimal_jenks,w301982090,w303915716,улица Тургенева,231.4,3,2,21,13,8
CITY_K4R_dp_optimal_jenks,w301982090,w303915718,улица Тургенева,243.0,3,2,21,13,8
CITY_K4R_dp_optimal_jenks,w301982090,w302368270,улица Тургенева,219.4,3,2,21,13,8
CITY_K4R_dp_optimal_jenks,w301982090,w302368615,улица Тургенева,237.7,3,2,21,13,8
CITY_K4R_dp_optimal_jenks,w301982104,w303915713,Путейская улица,243.6,3,2,21,13,8
CITY_K4R_dp_optimal_jenks,w301982104,w302368270,Путейская улица,232.0,3,2,21,13,8
CITY_K4R_dp_optimal_jenks,w301982107,w302368616,Путейская улица,223.8,3,2,21,13,8
CITY_K4R_dp_optimal_jenks,w301982107,w303915713,Путейская улица,212.4,3,2,21,13,8
CITY_K4R_dp_optimal_jenks,w301982107,w303915714,Путейская улица,225.3,3,2,21,13,8
CITY_K4R_dp_optimal_jenks,w301982107,w303915715,Путейская улица,238.2,3,2,21,13,8
CITY_K4R_dp_optimal_jenks,w301982107,w705834164,Путейская улица,247.6,3,2,21,13,8
CITY_K4R_dp_optimal_jenks,w301982107,w302368270,Путейская улица,197.3,3,2,21,13,8
CITY_K4R_dp_optimal_jenks,w301982107,w302368615,Путейская улица,224.2,3,2,21,13,8
CITY_K4R_dp_optimal_jenks,w301982108,w302368616,Путейская улица,199.8,3,2,21,13,8
CITY_K4R_dp_optimal_jenks,w301982108,w302492922,Путейская улица,249.6,3,2,21,13,8
CITY_K4R_dp_optimal_jenks,w301982108,w303836250,Путейская улица,244.8,3,2,21,13,8
CITY_K4R_dp_optimal_jenks,w301982108,w303915713,Путейская улица,183.7,3,2,21,13,8
CITY_K4R_dp_optimal_jenks,w301982108,w303915714,Путейская улица,196.1,3,2,21,13,8
CITY_K4R_dp_optimal_jenks,w301982108,w303915715,Путейская улица,208.4,3,2,21,13,8
CITY_K4R_dp_optimal_jenks,w301982108,w303915716,Путейская улица,222.7,3,2,21,13,8
CITY_K4R_dp_optimal_jenks,w301982108,w303915718,Путейская улица,236.0,3,2,21,13,8
CITY_K4R_dp_optimal_jenks,w301982108,w705816382,Путейская улица,241.3,3,2,21,13,8
CITY_K4R_dp_optimal_jenks,w301982108,w705834164,Путейская улица,223.2,3,2,21,13,8
CITY_K4R_dp_optimal_jenks,w301982108,w705834165,Путейская улица,230.3,3,2,21,13,8
CITY_K4R_dp_optimal_jenks,w301982108,w302368270,Путейская улица,178.4,3,2,21,13,8
CITY_K4R_dp_optimal_jenks,w301982108,w302368615,Путейская улица,202.3,3,2,21,13,8
CITY_K4R_dp_optimal_jenks,w301982110,w302368616,Путейская улица,185.0,3,2,21,13,8
CITY_K4R_dp_optimal_jenks,w301982110,w302492922,Путейская улица,237.1,3,2,21,13,8
CITY_K4R_dp_optimal_jenks,w301982110,w302492924,Путейская улица,249.7,3,2,21,13,8
CITY_K4R_dp_optimal_jenks,w301982110,w303836248,Путейская улица,248.8,3,2,21,13,8
CITY_K4R_dp_optimal_jenks,w301982110,w303836250,Путейская улица,228.5,3,2,21,13,8
CITY_K4R_dp_optimal_jenks,w301982110,w303915713,Путейская улица,164.4,3,2,21,13,8
CITY_K4R_dp_optimal_jenks,w301982110,w303915714,Путейская улица,176.3,3,2,21,13,8
CITY_K4R_dp_optimal_jenks,w301982110,w303915715,Путейская улица,187.9,3,2,21,13,8
CITY_K4R_dp_optimal_jenks,w301982110,w303915716,Путейская улица,202.0,3,2,21,13,8
CITY_K4R_dp_optimal_jenks,w301982110,w303915718,Путейская улица,215.0,3,2,21,13,8
CITY_K4R_dp_optimal_jenks,w301982110,w303915719,Путейская улица,229.4,3,2,21,13,8
CITY_K4R_dp_optimal_jenks,w301982110,w303915721,Путейская улица,239.3,3,2,21,13,8
CITY_K4R_dp_optimal_jenks,w301982110,w705816382,Путейская улица,228.4,3,2,21,13,8
CITY_K4R_dp_optimal_jenks,w301982110,w705834164,Путейская улица,207.8,3,2,21,13,8
CITY_K4R_dp_optimal_jenks,w301982110,w705834165,Путейская улица,214.2,3,2,21,13,8
CITY_K4R_dp_optimal_jenks,w301982110,w302368270,Путейская улица,168.1,3,2,21,13,8
CITY_K4R_dp_optimal_jenks,w301982110,w302368615,Путейская улица,189.3,3,2,21,13,8
CITY_K4R_dp_optimal_jenks,w301982111,w302368616,Путейская улица,176.7,3,2,21,13,8
CITY_K4R_dp_optimal_jenks,w301982111,w302492922,Путейская улица,230.2,3,2,21,13,8
CITY_K4R_dp_optimal_jenks,w301982111,w302492924,Путейская улица,243.0,3,2,21,13,8
CITY_K4R_dp_optimal_jenks,w301982111,w302492928,Путейская улица,246.8,3,2,21,13,8
CITY_K4R_dp_optimal_jenks,w301982111,w303836248,Путейская улица,239.0,3,2,21,13,8
CITY_K4R_dp_optimal_jenks,w301982111,w303836250,Путейская улица,219.3,3,2,21,13,8
CITY_K4R_dp_optimal_jenks,w301982111,w303915713,Путейская улица,153.5,3,2,21,13,8
CITY_K4R_dp_optimal_jenks,w301982111,w303915714,Путейская улица,165.0,3,2,21,13,8
CITY_K4R_dp_optimal_jenks,w301982111,w303915715,Путейская улица,176.2,3,2,21,13,8
CITY_K4R_dp_optimal_jenks,w301982111,w303915716,Путейская улица,190.1,3,2,21,13,8
CITY_K4R_dp_optimal_jenks,w301982111,w303915718,Путейская улица,203.0,3,2,21,13,8
CITY_K4R_dp_optimal_jenks,w301982111,w303915719,Путейская улица,217.3,3,2,21,13,8
CITY_K4R_dp_optimal_jenks,w301982111,w303915721,Путейская улица,227.2,3,2,21,13,8
CITY_K4R_dp_optimal_jenks,w301982111,w303915722,Путейская улица,238.2,3,2,21,13,8
CITY_K4R_dp_optimal_jenks,w301982111,w705816382,Путейская улица,221.2,3,2,21,13,8
CITY_K4R_dp_optimal_jenks,w301982111,w705834164,Путейская улица,199.2,3,2,21,13,8
CITY_K4R_dp_optimal_jenks,w301982111,w705834165,Путейская улица,205.2,3,2,21,13,8
CITY_K4R_dp_optimal_jenks,w301982111,w302368270,Путейская улица,162.9,3,2,21,13,8
CITY_K4R_dp_optimal_jenks,w301982111,w302368615,Путейская улица,182.2,3,2,21,13,8
CITY_K4R_dp_optimal_jenks,w301982112,w302368616,Путейская улица,175.8,3,2,21,13,8
CITY_K4R_dp_optimal_jenks,w301982112,w302492922,Путейская улица,231.4,3,2,21,13,8
CITY_K4R_dp_optimal_jenks,w301982112,w302492924,Путейская улица,244.7,3,2,21,13,8
CITY_K4R_dp_optimal_jenks,w301982112,w302492928,Путейская улица,245.9,3,2,21,13,8
CITY_K4R_dp_optimal_jenks,w301982112,w303836248,Путейская улица,234.4,3,2,21,13,8
CITY_K4R_dp_optimal_jenks,w301982112,w303836250,Путейская улица,216.1,3,2,21,13,8
CITY_K4R_dp_optimal_jenks,w301982112,w303915713,Путейская улица,146.5,3,2,21,13,8
CITY_K4R_dp_optimal_jenks,w301982112,w303915714,Путейская улица,156.9,3,2,21,13,8
CITY_K4R_dp_optimal_jenks,w301982112,w303915715,Путейская улица,166.6,3,2,21,13,8
CITY_K4R_dp_optimal_jenks,w301982112,w303915716,Путейская улица,179.9,3,2,21,13,8
CITY_K4R_dp_optimal_jenks,w301982112,w303915718,Путейская улица,192.2,3,2,21,13,8
CITY_K4R_dp_optimal_jenks,w301982112,w303915719,Путейская улица,206.3,3,2,21,13,8
CITY_K4R_dp_optimal_jenks,w301982112,w303915721,Путейская улица,215.8,3,2,21,13,8
CITY_K4R_dp_optimal_jenks,w301982112,w303915722,Путейская улица,226.7,3,2,21,13,8
CITY_K4R_dp_optimal_jenks,w301982112,w303915723,Путейская улица,238.4,3,2,21,13,8
CITY_K4R_dp_optimal_jenks,w301982112,w705816382,Путейская улица,222.0,3,2,21,13,8
CITY_K4R_dp_optimal_jenks,w301982112,w705834164,Путейская улица,197.4,3,2,21,13,8
CITY_K4R_dp_optimal_jenks,w301982112,w705834165,Путейская улица,202.4,3,2,21,13,8
CITY_K4R_dp_optimal_jenks,w301982112,w302368270,Путейская улица,167.3,3,2,21,13,8
CITY_K4R_dp_optimal_jenks,w301982112,w302368615,Путейская улица,183.3,3,2,21,13,8
CITY_K4R_dp_optimal_jenks,w301982113,w302368616,Путейская улица,164.6,3,2,21,13,8
CITY_K4R_dp_optimal_jenks,w301982113,w302492922,Путейская улица,219.3,3,2,21,13,8
CITY_K4R_dp_optimal_jenks,w301982113,w302492924,Путейская улица,232.4,3,2,21,13,8
CITY_K4R_dp_optimal_jenks,w301982113,w302492926,Путейская улица,242.2,3,2,21,13,8
CITY_K4R_dp_optimal_jenks,w301982113,w302492928,Путейская улица,234.7,3,2,21,13,8
CITY_K4R_dp_optimal_jenks,w301982113,w303833096,Путейская улица,245.3,3,2,21,13,8
CITY_K4R_dp_optimal_jenks,w301982113,w303836248,Путейская улица,225.2,3,2,21,13,8
CITY_K4R_dp_optimal_jenks,w301982113,w303836250,Путейская улица,206.1,3,2,21,13,8
CITY_K4R_dp_optimal_jenks,w301982113,w303915713,Путейская улица,138.7,3,2,21,13,8
CITY_K4R_dp_optimal_jenks,w301982113,w303915714,Путейская улица,150.0,3,2,21,13,8
CITY_K4R_dp_optimal_jenks,w301982113,w303915715,Путейская улица,160.8,3,2,21,13,8
CITY_K4R_dp_optimal_jenks,w301982113,w303915716,Путейская улица,174.6,3,2,21,13,8
CITY_K4R_dp_optimal_jenks,w301982113,w303915718,Путейская улица,187.5,3,2,21,13,8
CITY_K4R_dp_optimal_jenks,w301982113,w303915719,Путейская улица,201.8,3,2,21,13,8
CITY_K4R_dp_optimal_jenks,w301982113,w303915721,Путейская улица,211.6,3,2,21,13,8
CITY_K4R_dp_optimal_jenks,w301982113,w303915722,Путейская улица,222.7,3,2,21,13,8
CITY_K4R_dp_optimal_jenks,w301982113,w303915723,Путейская улица,234.9,3,2,21,13,8
CITY_K4R_dp_optimal_jenks,w301982113,w303915724,Путейская улица,247.2,3,2,21,13,8
CITY_K4R_dp_optimal_jenks,w301982113,w705816382,Путейская улица,210.1,3,2,21,13,8
CITY_K4R_dp_optimal_jenks,w301982113,w705834164,Путейская улица,186.6,3,2,21,13,8
CITY_K4R_dp_optimal_jenks,w301982113,w705834165,Путейская улица,192.1,3,2,21,13,8
CITY_K4R_dp_optimal_jenks,w301982113,w302368270,Путейская улица,154.1,3,2,21,13,8
CITY_K4R_dp_optimal_jenks,w301982113,w302368615,Путейская улица,171.2,3,2,21,13,8
CITY_K4R_dp_optimal_jenks,w302368270,w303915706,Путейская улица,244.0,2,3,13,21,8
CITY_K4R_dp_optimal_jenks,w302368270,w302368617,Путейская улица,178.1,2,3,13,21,8
CITY_K4R_dp_optimal_jenks,w302368270,w303915693,Путейская улица,236.5,2,3,13,21,8
CITY_K4R_dp_optimal_jenks,w302368270,w303915694,Путейская улица,205.7,2,3,13,21,8
CITY_K4R_dp_optimal_jenks,w302368270,w303915696,Путейская улица,232.4,2,3,13,21,8
CITY_K4R_dp_optimal_jenks,w302368270,w303915697,Путейская улица,234.7,2,3,13,21,8
CITY_K4R_dp_optimal_jenks,w302368270,w303915700,Путейская улица,184.5,2,3,13,21,8
CITY_K4R_dp_optimal_jenks,w302368270,w303915701,Путейская улица,236.7,2,3,13,21,8
CITY_K4R_dp_optimal_jenks,w302368270,w303915703,Путейская улица,187.2,2,3,13,21,8
CITY_K4R_dp_optimal_jenks,w302368270,w303915704,Путейская улица,168.4,2,3,13,21,8
CITY_K4R_dp_optimal_jenks,w302368270,w303915705,Путейская улица,236.5,2,3,13,21,8
CITY_K4R_dp_optimal_jenks,w302368615,w303915706,улица Георге Асаке,231.3,2,3,13,21,8
CITY_K4R_dp_optimal_jenks,w302368615,w303915708,улица Георге Асаке,236.8,2,3,13,21,8
CITY_K4R_dp_optimal_jenks,w302368615,w303915709,улица Георге Асаке,243.8,2,3,13,21,8
CITY_K4R_dp_optimal_jenks,w302368615,w302368617,улица Георге Асаке,182.3,2,3,13,21,8
CITY_K4R_dp_optimal_jenks,w302368615,w303915693,улица Георге Асаке,237.3,2,3,13,21,8
CITY_K4R_dp_optimal_jenks,w302368615,w303915694,улица Георге Асаке,206.9,2,3,13,21,8
CITY_K4R_dp_optimal_jenks,w302368615,w303915696,улица Георге Асаке,231.1,2,3,13,21,8
CITY_K4R_dp_optimal_jenks,w302368615,w303915697,улица Георге Асаке,231.0,2,3,13,21,8
CITY_K4R_dp_optimal_jenks,w302368615,w303915700,улица Георге Асаке,180.1,2,3,13,21,8
CITY_K4R_dp_optimal_jenks,w302368615,w303915701,улица Георге Асаке,230.2,2,3,13,21,8
CITY_K4R_dp_optimal_jenks,w302368615,w303915703,улица Георге Асаке,177.6,2,3,13,21,8
CITY_K4R_dp_optimal_jenks,w302368615,w303915704,улица Георге Асаке,161.9,2,3,13,21,8
CITY_K4R_dp_optimal_jenks,w302368615,w303915705,улица Георге Асаке,227.1,2,3,13,21,8
CITY_K4R_dp_optimal_jenks,w302368616,w303915706,улица Георге Асаке,211.7,2,3,13,21,8
CITY_K4R_dp_optimal_jenks,w302368616,w303915708,улица Георге Асаке,216.8,2,3,13,21,8
CITY_K4R_dp_optimal_jenks,w302368616,w303915709,улица Георге Асаке,223.4,2,3,13,21,8
CITY_K4R_dp_optimal_jenks,w302368616,w302368617,улица Георге Асаке,168.7,2,3,13,21,8
CITY_K4R_dp_optimal_jenks,w302368616,w303915693,улица Георге Асаке,221.8,2,3,13,21,8
CITY_K4R_dp_optimal_jenks,w302368616,w303915694,улица Георге Асаке,191.7,2,3,13,21,8
CITY_K4R_dp_optimal_jenks,w302368616,w303915696,улица Георге Асаке,214.7,2,3,13,21,8
CITY_K4R_dp_optimal_jenks,w302368616,w303915697,улица Георге Асаке,213.7,2,3,13,21,8
CITY_K4R_dp_optimal_jenks,w302368616,w303915700,улица Георге Асаке,163.0,2,3,13,21,8
CITY_K4R_dp_optimal_jenks,w302368616,w303915701,улица Георге Асаке,212.2,2,3,13,21,8
CITY_K4R_dp_optimal_jenks,w302368616,w303915703,улица Георге Асаке,158.8,2,3,13,21,8
CITY_K4R_dp_optimal_jenks,w302368616,w303915704,улица Георге Асаке,144.2,2,3,13,21,8
CITY_K4R_dp_optimal_jenks,w302368616,w303915705,улица Георге Асаке,208.2,2,3,13,21,8
CITY_K4R_dp_optimal_jenks,w302368617,w302492922,Киевская улица,227.7,3,2,21,13,8
CITY_K4R_dp_optimal_jenks,w302368617,w302492924,Киевская улица,241.7,3,2,21,13,8
CITY_K4R_dp_optimal_jenks,w302368617,w302492928,Киевская улица,234.6,3,2,21,13,8
CITY_K4R_dp_optimal_jenks,w302368617,w303833095,Киевская улица,244.1,3,2,21,13,8
CITY_K4R_dp_optimal_jenks,w302368617,w303833096,Киевская улица,225.7,3,2,21,13,8
CITY_K4R_dp_optimal_jenks,w302368617,w303836248,Киевская улица,211.6,3,2,21,13,8
CITY_K4R_dp_optimal_jenks,w302368617,w303836250,Киевская улица,198.6,3,2,21,13,8
CITY_K4R_dp_optimal_jenks,w302368617,w303836258,Киевская улица,239.8,3,2,21,13,8
CITY_K4R_dp_optimal_jenks,w302368617,w303836260,Киевская улица,246.5,3,2,21,13,8
CITY_K4R_dp_optimal_jenks,w302368617,w303915713,Киевская улица,121.6,3,2,21,13,8
CITY_K4R_dp_optimal_jenks,w302368617,w303915714,Киевская улица,127.1,3,2,21,13,8
CITY_K4R_dp_optimal_jenks,w302368617,w303915715,Киевская улица,130.6,3,2,21,13,8
CITY_K4R_dp_optimal_jenks,w302368617,w303915716,Киевская улица,140.9,3,2,21,13,8
CITY_K4R_dp_optimal_jenks,w302368617,w303915718,Киевская улица,150.6,3,2,21,13,8
CITY_K4R_dp_optimal_jenks,w302368617,w303915719,Киевская улица,163.1,3,2,21,13,8
CITY_K4R_dp_optimal_jenks,w302368617,w303915721,Киевская улица,171.1,3,2,21,13,8
CITY_K4R_dp_optimal_jenks,w302368617,w303915722,Киевская улица,181.0,3,2,21,13,8
CITY_K4R_dp_optimal_jenks,w302368617,w303915723,Киевская улица,190.9,3,2,21,13,8
CITY_K4R_dp_optimal_jenks,w302368617,w303915724,Киевская улица,202.1,3,2,21,13,8
CITY_K4R_dp_optimal_jenks,w302368617,w705816382,Киевская улица,217.4,3,2,21,13,8
CITY_K4R_dp_optimal_jenks,w302368617,w705834164,Киевская улица,185.5,3,2,21,13,8
CITY_K4R_dp_optimal_jenks,w302368617,w705834165,Киевская улица,187.1,3,2,21,13,8
CITY_K4R_dp_optimal_jenks,w302492922,w303915700,Первомайская улица,220.7,2,3,13,21,8
CITY_K4R_dp_optimal_jenks,w302492922,w303915703,Первомайская улица,214.3,2,3,13,21,8
CITY_K4R_dp_optimal_jenks,w302492922,w303915704,Первомайская улица,201.5,2,3,13,21,8
CITY_K4R_dp_optimal_jenks,w302492924,w303915700,Первомайская улица,234.8,2,3,13,21,8
CITY_K4R_dp_optimal_jenks,w302492924,w303915703,Первомайская улица,228.0,2,3,13,21,8
CITY_K4R_dp_optimal_jenks,w302492924,w303915704,Первомайская улица,215.5,2,3,13,21,8
CITY_K4R_dp_optimal_jenks,w302492926,w303915700,Первомайская улица,246.3,2,3,13,21,8
CITY_K4R_dp_optimal_jenks,w302492926,w303915703,Первомайская улица,239.6,2,3,13,21,8
CITY_K4R_dp_optimal_jenks,w302492926,w303915704,Первомайская улица,227.1,2,3,13,21,8
CITY_K4R_dp_optimal_jenks,w302492928,w303915700,улица Георге Асаке,221.8,2,3,13,21,8
CITY_K4R_dp_optimal_jenks,w302492928,w303915703,улица Георге Асаке,211.6,2,3,13,21,8
CITY_K4R_dp_optimal_jenks,w302492928,w303915704,улица Георге Асаке,202.0,2,3,13,21,8
CITY_K4R_dp_optimal_jenks,w302492930,w303915700,улица Георге Асаке,249.2,2,3,13,21,8
CITY_K4R_dp_optimal_jenks,w302492930,w303915703,улица Георге Асаке,236.6,2,3,13,21,8
CITY_K4R_dp_optimal_jenks,w302492930,w303915704,улица Георге Асаке,229.1,2,3,13,21,8
CITY_K4R_dp_optimal_jenks,w302492937,w303915704,Первомайская улица,239.4,2,3,13,21,8
CITY_K4R_dp_optimal_jenks,w303833095,w303915706,улица Георге Асаке,248.5,2,3,13,21,8
CITY_K4R_dp_optimal_jenks,w303833095,w303915708,улица Георге Асаке,248.5,2,3,13,21,8
CITY_K4R_dp_optimal_jenks,w303833095,w303915709,улица Георге Асаке,246.0,2,3,13,21,8
CITY_K4R_dp_optimal_jenks,w303833095,w303915700,улица Георге Асаке,224.5,2,3,13,21,8
CITY_K4R_dp_optimal_jenks,w303833095,w303915703,улица Георге Асаке,209.9,2,3,13,21,8
CITY_K4R_dp_optimal_jenks,w303833095,w303915704,улица Георге Асаке,204.4,2,3,13,21,8
CITY_K4R_dp_optimal_jenks,w303833096,w303915706,улица Георге Асаке,216.7,2,3,13,21,8
CITY_K4R_dp_optimal_jenks,w303833096,w303915708,улица Георге Асаке,215.6,2,3,13,21,8
CITY_K4R_dp_optimal_jenks,w303833096,w303915709,улица Георге Асаке,211.5,2,3,13,21,8
CITY_K4R_dp_optimal_jenks,w303833096,w303915694,улица Георге Асаке,238.5,2,3,13,21,8
CITY_K4R_dp_optimal_jenks,w303833096,w303915697,улица Георге Асаке,244.7,2,3,13,21,8
CITY_K4R_dp_optimal_jenks,w303833096,w303915700,улица Георге Асаке,200.7,2,3,13,21,8
CITY_K4R_dp_optimal_jenks,w303833096,w303915701,улица Георге Асаке,236.0,2,3,13,21,8
CITY_K4R_dp_optimal_jenks,w303833096,w303915703,улица Георге Асаке,183.1,2,3,13,21,8
CITY_K4R_dp_optimal_jenks,w303833096,w303915704,улица Георге Асаке,180.9,2,3,13,21,8
CITY_K4R_dp_optimal_jenks,w303833096,w303915705,улица Георге Асаке,223.9,2,3,13,21,8
CITY_K4R_dp_optimal_jenks,w303833098,w303915706,улица Георге Асаке,248.6,2,3,13,21,8
CITY_K4R_dp_optimal_jenks,w303833098,w303915708,улица Георге Асаке,247.7,2,3,13,21,8
CITY_K4R_dp_optimal_jenks,w303833098,w303915709,улица Георге Асаке,243.7,2,3,13,21,8
CITY_K4R_dp_optimal_jenks,w303833098,w303915700,улица Георге Асаке,229.5,2,3,13,21,8
CITY_K4R_dp_optimal_jenks,w303833098,w303915703,улица Георге Асаке,213.2,2,3,13,21,8
CITY_K4R_dp_optimal_jenks,w303833098,w303915704,улица Георге Асаке,209.5,2,3,13,21,8
CITY_K4R_dp_optimal_jenks,w303836248,w303915706,улица Георге Асаке,216.4,2,3,13,21,8
CITY_K4R_dp_optimal_jenks,w303836248,w303915708,улица Георге Асаке,217.0,2,3,13,21,8
CITY_K4R_dp_optimal_jenks,w303836248,w303915709,улица Георге Асаке,215.8,2,3,13,21,8
CITY_K4R_dp_optimal_jenks,w303836248,w303915694,улица Георге Асаке,227.3,2,3,13,21,8
CITY_K4R_dp_optimal_jenks,w303836248,w303915696,улица Георге Асаке,243.4,2,3,13,21,8
CITY_K4R_dp_optimal_jenks,w303836248,w303915697,улица Георге Асаке,237.8,2,3,13,21,8
CITY_K4R_dp_optimal_jenks,w303836248,w303915700,улица Георге Асаке,191.2,2,3,13,21,8
CITY_K4R_dp_optimal_jenks,w303836248,w303915701,улица Георге Асаке,230.9,2,3,13,21,8
CITY_K4R_dp_optimal_jenks,w303836248,w303915703,улица Георге Асаке,176.6,2,3,13,21,8
CITY_K4R_dp_optimal_jenks,w303836248,w303915704,улица Георге Асаке,171.1,2,3,13,21,8
CITY_K4R_dp_optimal_jenks,w303836248,w303915705,улица Георге Асаке,220.8,2,3,13,21,8
CITY_K4R_dp_optimal_jenks,w303836250,w303915706,улица Георге Асаке,216.6,2,3,13,21,8
CITY_K4R_dp_optimal_jenks,w303836250,w303915708,улица Георге Асаке,218.8,2,3,13,21,8
CITY_K4R_dp_optimal_jenks,w303836250,w303915709,улица Георге Асаке,220.3,2,3,13,21,8
CITY_K4R_dp_optimal_jenks,w303836250,w303915693,улица Георге Асаке,245.2,2,3,13,21,8
CITY_K4R_dp_optimal_jenks,w303836250,w303915694,улица Георге Асаке,217.0,2,3,13,21,8
CITY_K4R_dp_optimal_jenks,w303836250,w303915696,улица Георге Асаке,235.6,2,3,13,21,8
CITY_K4R_dp_optimal_jenks,w303836250,w303915697,улица Георге Асаке,231.6,2,3,13,21,8
CITY_K4R_dp_optimal_jenks,w303836250,w303915700,улица Георге Асаке,182.9,2,3,13,21,8
CITY_K4R_dp_optimal_jenks,w303836250,w303915701,улица Георге Асаке,226.4,2,3,13,21,8
CITY_K4R_dp_optimal_jenks,w303836250,w303915703,улица Георге Асаке,171.6,2,3,13,21,8
CITY_K4R_dp_optimal_jenks,w303836250,w303915704,улица Георге Асаке,162.9,2,3,13,21,8
CITY_K4R_dp_optimal_jenks,w303836250,w303915705,улица Георге Асаке,218.3,2,3,13,21,8
CITY_K4R_dp_optimal_jenks,w303836258,w303915706,улица Георге Асаке,217.8,2,3,13,21,8
CITY_K4R_dp_optimal_jenks,w303836258,w303915708,улица Георге Асаке,215.0,2,3,13,21,8
CITY_K4R_dp_optimal_jenks,w303836258,w303915709,улица Георге Асаке,208.0,2,3,13,21,8
CITY_K4R_dp_optimal_jenks,w303836258,w303915694,улица Георге Асаке,249.7,2,3,13,21,8
CITY_K4R_dp_optimal_jenks,w303836258,w303915700,улица Георге Асаке,211.0,2,3,13,21,8
CITY_K4R_dp_optimal_jenks,w303836258,w303915701,улица Георге Асаке,241.5,2,3,13,21,8
CITY_K4R_dp_optimal_jenks,w303836258,w303915703,улица Георге Асаке,190.7,2,3,13,21,8
CITY_K4R_dp_optimal_jenks,w303836258,w303915704,улица Георге Асаке,191.7,2,3,13,21,8
CITY_K4R_dp_optimal_jenks,w303836258,w303915705,улица Георге Асаке,227.6,2,3,13,21,8
CITY_K4R_dp_optimal_jenks,w303836260,w303915706,улица Георге Асаке,217.6,2,3,13,21,8
CITY_K4R_dp_optimal_jenks,w303836260,w303915708,улица Георге Асаке,213.9,2,3,13,21,8
CITY_K4R_dp_optimal_jenks,w303836260,w303915709,улица Георге Асаке,205.5,2,3,13,21,8
CITY_K4R_dp_optimal_jenks,w303836260,w303915700,улица Георге Асаке,215.8,2,3,13,21,8
CITY_K4R_dp_optimal_jenks,w303836260,w303915701,улица Георге Асаке,243.5,2,3,13,21,8
CITY_K4R_dp_optimal_jenks,w303836260,w303915703,улица Георге Асаке,194.2,2,3,13,21,8
CITY_K4R_dp_optimal_jenks,w303836260,w303915704,улица Георге Асаке,196.9,2,3,13,21,8
CITY_K4R_dp_optimal_jenks,w303836260,w303915705,улица Георге Асаке,228.9,2,3,13,21,8
CITY_K4R_dp_optimal_jenks,w303912207,w303915706,улица Георге Асаке,248.0,2,3,13,21,8
CITY_K4R_dp_optimal_jenks,w303912207,w303915708,улица Георге Асаке,240.3,2,3,13,21,8
CITY_K4R_dp_optimal_jenks,w303912207,w303915709,улица Георге Асаке,225.0,2,3,13,21,8
CITY_K4R_dp_optimal_jenks,w303912207,w303915703,улица Георге Асаке,241.5,2,3,13,21,8
CITY_K4R_dp_optimal_jenks,w303912208,w303915706,улица Георге Асаке,241.7,2,3,13,21,8
CITY_K4R_dp_optimal_jenks,w303912208,w303915708,улица Георге Асаке,234.8,2,3,13,21,8
CITY_K4R_dp_optimal_jenks,w303912208,w303915709,улица Георге Асаке,220.9,2,3,13,21,8
CITY_K4R_dp_optimal_jenks,w303912208,w303915703,улица Георге Асаке,231.5,2,3,13,21,8
CITY_K4R_dp_optimal_jenks,w303912208,w303915704,улица Георге Асаке,239.1,2,3,13,21,8
CITY_K4R_dp_optimal_jenks,w303912222,w303915709,улица Георге Асаке,239.2,2,3,13,21,8
CITY_K4R_dp_optimal_jenks,w303912223,w303915709,улица Георге Асаке,246.3,2,3,13,21,8
CITY_K4R_dp_optimal_jenks,w303912225,w318122813,улица Георге Асаке,237.9,2,3,13,21,8
CITY_K4R_dp_optimal_jenks,w303912226,w318122810,улица Георге Асаке,246.6,2,3,13,21,8
CITY_K4R_dp_optimal_jenks,w303912226,w318122811,улица Георге Асаке,236.3,2,3,13,21,8
CITY_K4R_dp_optimal_jenks,w303912226,w318122813,улица Георге Асаке,222.0,2,3,13,21,8
CITY_K4R_dp_optimal_jenks,w303915686,w303915713,Киевская улица,235.2,3,2,21,13,8
CITY_K4R_dp_optimal_jenks,w303915686,w303915714,Киевская улица,233.7,3,2,21,13,8
CITY_K4R_dp_optimal_jenks,w303915686,w303915715,Киевская улица,227.6,3,2,21,13,8
CITY_K4R_dp_optimal_jenks,w303915686,w303915716,Киевская улица,230.1,3,2,21,13,8
CITY_K4R_dp_optimal_jenks,w303915686,w303915718,Киевская улица,232.2,3,2,21,13,8
CITY_K4R_dp_optimal_jenks,w303915686,w303915719,Киевская улица,238.4,3,2,21,13,8
CITY_K4R_dp_optimal_jenks,w303915686,w303915721,Киевская улица,240.7,3,2,21,13,8
CITY_K4R_dp_optimal_jenks,w303915686,w303915722,Киевская улица,245.9,3,2,21,13,8
CITY_K4R_dp_optimal_jenks,w303915686,w303915723,Киевская улица,248.5,3,2,21,13,8
CITY_K4R_dp_optimal_jenks,w303915689,w303915713,Киевская улица,211.1,3,2,21,13,8
CITY_K4R_dp_optimal_jenks,w303915689,w303915714,Киевская улица,210.8,3,2,21,13,8
CITY_K4R_dp_optimal_jenks,w303915689,w303915715,Киевская улица,206.2,3,2,21,13,8
CITY_K4R_dp_optimal_jenks,w303915689,w303915716,Киевская улица,210.0,3,2,21,13,8
CITY_K4R_dp_optimal_jenks,w303915689,w303915718,Киевская улица,213.6,3,2,21,13,8
CITY_K4R_dp_optimal_jenks,w303915689,w303915719,Киевская улица,221.1,3,2,21,13,8
CITY_K4R_dp_optimal_jenks,w303915689,w303915721,Киевская улица,224.5,3,2,21,13,8
CITY_K4R_dp_optimal_jenks,w303915689,w303915722,Киевская улица,230.8,3,2,21,13,8
CITY_K4R_dp_optimal_jenks,w303915689,w303915723,Киевская улица,234.8,3,2,21,13,8
CITY_K4R_dp_optimal_jenks,w303915689,w303915724,Киевская улица,241.9,3,2,21,13,8
CITY_K4R_dp_optimal_jenks,w303915691,w303915713,улица Островского,206.8,3,2,21,13,8
CITY_K4R_dp_optimal_jenks,w303915691,w303915714,улица Островского,203.6,3,2,21,13,8
CITY_K4R_dp_optimal_jenks,w303915691,w303915715,улица Островского,195.7,3,2,21,13,8
CITY_K4R_dp_optimal_jenks,w303915691,w303915716,улица Островского,196.7,3,2,21,13,8
CITY_K4R_dp_optimal_jenks,w303915691,w303915718,улица Островского,197.6,3,2,21,13,8
CITY_K4R_dp_optimal_jenks,w303915691,w303915719,улица Островского,202.7,3,2,21,13,8
CITY_K4R_dp_optimal_jenks,w303915691,w303915721,улица Островского,204.4,3,2,21,13,8
CITY_K4R_dp_optimal_jenks,w303915691,w303915722,улица Островского,209.1,3,2,21,13,8
CITY_K4R_dp_optimal_jenks,w303915691,w303915723,улица Островского,210.9,3,2,21,13,8
CITY_K4R_dp_optimal_jenks,w303915691,w303915724,улица Островского,216.5,3,2,21,13,8
CITY_K4R_dp_optimal_jenks,w303915693,w303915713,улица Тургенева,168.3,3,2,21,13,8
CITY_K4R_dp_optimal_jenks,w303915693,w303915714,улица Тургенева,169.8,3,2,21,13,8
CITY_K4R_dp_optimal_jenks,w303915693,w303915715,улица Тургенева,167.8,3,2,21,13,8
CITY_K4R_dp_optimal_jenks,w303915693,w303915716,улица Тургенева,174.0,3,2,21,13,8
CITY_K4R_dp_optimal_jenks,w303915693,w303915718,улица Тургенева,179.8,3,2,21,13,8
CITY_K4R_dp_optimal_jenks,w303915693,w303915719,улица Тургенева,189.4,3,2,21,13,8
CITY_K4R_dp_optimal_jenks,w303915693,w303915721,улица Тургенева,194.6,3,2,21,13,8
CITY_K4R_dp_optimal_jenks,w303915693,w303915722,улица Тургенева,202.5,3,2,21,13,8
CITY_K4R_dp_optimal_jenks,w303915693,w303915723,улица Тургенева,209.0,3,2,21,13,8
CITY_K4R_dp_optimal_jenks,w303915693,w303915724,улица Тургенева,217.9,3,2,21,13,8
CITY_K4R_dp_optimal_jenks,w303915693,w705834164,улица Тургенева,235.7,3,2,21,13,8
CITY_K4R_dp_optimal_jenks,w303915693,w705834165,улица Тургенева,235.4,3,2,21,13,8
CITY_K4R_dp_optimal_jenks,w303915694,w303915713,Киевская улица,139.7,3,2,21,13,8
CITY_K4R_dp_optimal_jenks,w303915694,w303915714,Киевская улица,142.4,3,2,21,13,8
CITY_K4R_dp_optimal_jenks,w303915694,w303915715,Киевская улица,142.2,3,2,21,13,8
CITY_K4R_dp_optimal_jenks,w303915694,w303915716,Киевская улица,149.9,3,2,21,13,8
CITY_K4R_dp_optimal_jenks,w303915694,w303915718,Киевская улица,157.4,3,2,21,13,8
CITY_K4R_dp_optimal_jenks,w303915694,w303915719,Киевская улица,168.2,3,2,21,13,8
CITY_K4R_dp_optimal_jenks,w303915694,w303915721,Киевская улица,174.6,3,2,21,13,8
CITY_K4R_dp_optimal_jenks,w303915694,w303915722,Киевская улица,183.5,3,2,21,13,8
CITY_K4R_dp_optimal_jenks,w303915694,w303915723,Киевская улица,191.5,3,2,21,13,8
CITY_K4R_dp_optimal_jenks,w303915694,w303915724,Киевская улица,201.5,3,2,21,13,8
CITY_K4R_dp_optimal_jenks,w303915694,w705816382,Киевская улица,240.1,3,2,21,13,8
CITY_K4R_dp_optimal_jenks,w303915694,w705834164,Киевская улица,206.4,3,2,21,13,8
CITY_K4R_dp_optimal_jenks,w303915694,w705834165,Киевская улица,206.7,3,2,21,13,8
CITY_K4R_dp_optimal_jenks,w303915696,w303915713,улица Тургенева,159.5,3,2,21,13,8
CITY_K4R_dp_optimal_jenks,w303915696,w303915714,улица Тургенева,159.9,3,2,21,13,8
CITY_K4R_dp_optimal_jenks,w303915696,w303915715,улица Тургенева,156.6,3,2,21,13,8
CITY_K4R_dp_optimal_jenks,w303915696,w303915716,улица Тургенева,161.8,3,2,21,13,8
CITY_K4R_dp_optimal_jenks,w303915696,w303915718,улица Тургенева,167.0,3,2,21,13,8
CITY_K4R_dp_optimal_jenks,w303915696,w303915719,улица Тургенева,176.0,3,2,21,13,8
CITY_K4R_dp_optimal_jenks,w303915696,w303915721,улица Тургенева,180.8,3,2,21,13,8
CITY_K4R_dp_optimal_jenks,w303915696,w303915722,улица Тургенева,188.3,3,2,21,13,8
CITY_K4R_dp_optimal_jenks,w303915696,w303915723,улица Тургенева,194.4,3,2,21,13,8
CITY_K4R_dp_optimal_jenks,w303915696,w303915724,улица Тургенева,203.1,3,2,21,13,8
CITY_K4R_dp_optimal_jenks,w303915696,w705834164,улица Тургенева,227.4,3,2,21,13,8
CITY_K4R_dp_optimal_jenks,w303915696,w705834165,улица Тургенева,226.5,3,2,21,13,8
CITY_K4R_dp_optimal_jenks,w303915697,w303915713,улица Тургенева,156.8,3,2,21,13,8
CITY_K4R_dp_optimal_jenks,w303915697,w303915714,улица Тургенева,155.8,3,2,21,13,8
CITY_K4R_dp_optimal_jenks,w303915697,w303915715,улица Тургенева,150.8,3,2,21,13,8
CITY_K4R_dp_optimal_jenks,w303915697,w303915716,улица Тургенева,154.7,3,2,21,13,8
CITY_K4R_dp_optimal_jenks,w303915697,w303915718,улица Тургенева,158.6,3,2,21,13,8
CITY_K4R_dp_optimal_jenks,w303915697,w303915719,улица Тургенева,166.7,3,2,21,13,8
CITY_K4R_dp_optimal_jenks,w303915697,w303915721,улица Тургенева,170.8,3,2,21,13,8
CITY_K4R_dp_optimal_jenks,w303915697,w303915722,улица Тургенева,177.8,3,2,21,13,8
CITY_K4R_dp_optimal_jenks,w303915697,w303915723,улица Тургенева,183.0,3,2,21,13,8
CITY_K4R_dp_optimal_jenks,w303915697,w303915724,улица Тургенева,191.1,3,2,21,13,8
CITY_K4R_dp_optimal_jenks,w303915697,w705834164,улица Тургенева,225.0,3,2,21,13,8
CITY_K4R_dp_optimal_jenks,w303915697,w705834165,улица Тургенева,223.3,3,2,21,13,8
CITY_K4R_dp_optimal_jenks,w303915700,w303915713,Киевская улица,106.9,3,2,21,13,8
CITY_K4R_dp_optimal_jenks,w303915700,w303915714,Киевская улица,107.2,3,2,21,13,8
CITY_K4R_dp_optimal_jenks,w303915700,w303915715,Киевская улица,104.8,3,2,21,13,8
CITY_K4R_dp_optimal_jenks,w303915700,w303915716,Киевская улица,111.4,3,2,21,13,8
CITY_K4R_dp_optimal_jenks,w303915700,w303915718,Киевская улица,118.2,3,2,21,13,8
CITY_K4R_dp_optimal_jenks,w303915700,w303915719,Киевская улица,128.9,3,2,21,13,8
CITY_K4R_dp_optimal_jenks,w303915700,w303915721,Киевская улица,135.2,3,2,21,13,8
CITY_K4R_dp_optimal_jenks,w303915700,w303915722,Киевская улица,144.1,3,2,21,13,8
CITY_K4R_dp_optimal_jenks,w303915700,w303915723,Киевская улица,152.4,3,2,21,13,8
CITY_K4R_dp_optimal_jenks,w303915700,w303915724,Киевская улица,162.7,3,2,21,13,8
CITY_K4R_dp_optimal_jenks,w303915700,w705816382,Киевская улица,210.3,3,2,21,13,8
CITY_K4R_dp_optimal_jenks,w303915700,w705834164,Киевская улица,174.9,3,2,21,13,8
CITY_K4R_dp_optimal_jenks,w303915700,w705834165,Киевская улица,173.8,3,2,21,13,8
CITY_K4R_dp_optimal_jenks,w303915701,w303915713,улица Тургенева,153.8,3,2,21,13,8
CITY_K4R_dp_optimal_jenks,w303915701,w303915714,улица Тургенева,151.2,3,2,21,13,8
CITY_K4R_dp_optimal_jenks,w303915701,w303915715,улица Тургенева,144.2,3,2,21,13,8
CITY_K4R_dp_optimal_jenks,w303915701,w303915716,улица Тургенева,146.5,3,2,21,13,8
CITY_K4R_dp_optimal_jenks,w303915701,w303915718,улица Тургенева,149.0,3,2,21,13,8
CITY_K4R_dp_optimal_jenks,w303915701,w303915719,улица Тургенева,155.9,3,2,21,13,8
CITY_K4R_dp_optimal_jenks,w303915701,w303915721,улица Тургенева,159.1,3,2,21,13,8
CITY_K4R_dp_optimal_jenks,w303915701,w303915722,улица Тургенева,165.4,3,2,21,13,8
CITY_K4R_dp_optimal_jenks,w303915701,w303915723,улица Тургенева,169.6,3,2,21,13,8
CITY_K4R_dp_optimal_jenks,w303915701,w303915724,улица Тургенева,177.1,3,2,21,13,8
CITY_K4R_dp_optimal_jenks,w303915701,w705834164,улица Тургенева,221.7,3,2,21,13,8
CITY_K4R_dp_optimal_jenks,w303915701,w705834165,улица Тургенева,219.1,3,2,21,13,8
CITY_K4R_dp_optimal_jenks,w303915703,w303915713,улица Тургенева,99.8,3,2,21,13,8
CITY_K4R_dp_optimal_jenks,w303915703,w303915714,улица Тургенева,96.4,3,2,21,13,8
CITY_K4R_dp_optimal_jenks,w303915703,w303915715,улица Тургенева,89.7,3,2,21,13,8
CITY_K4R_dp_optimal_jenks,w303915703,w303915716,улица Тургенева,93.1,3,2,21,13,8
CITY_K4R_dp_optimal_jenks,w303915703,w303915718,улица Тургенева,97.4,3,2,21,13,8
CITY_K4R_dp_optimal_jenks,w303915703,w303915719,улица Тургенева,106.3,3,2,21,13,8
CITY_K4R_dp_optimal_jenks,w303915703,w303915721,улица Тургенева,111.5,3,2,21,13,8
CITY_K4R_dp_optimal_jenks,w303915703,w303915722,улица Тургенева,119.6,3,2,21,13,8
CITY_K4R_dp_optimal_jenks,w303915703,w303915723,улица Тургенева,126.8,3,2,21,13,8
CITY_K4R_dp_optimal_jenks,w303915703,w303915724,улица Тургенева,136.5,3,2,21,13,8
CITY_K4R_dp_optimal_jenks,w303915703,w705816382,улица Тургенева,203.9,3,2,21,13,8
CITY_K4R_dp_optimal_jenks,w303915703,w705834164,улица Тургенева,167.2,3,2,21,13,8
CITY_K4R_dp_optimal_jenks,w303915703,w705834165,улица Тургенева,164.3,3,2,21,13,8
CITY_K4R_dp_optimal_jenks,w303915704,w303915713,Киевская улица,87.2,3,2,21,13,8
CITY_K4R_dp_optimal_jenks,w303915704,w303915714,Киевская улица,87.2,3,2,21,13,8
CITY_K4R_dp_optimal_jenks,w303915704,w303915715,Киевская улица,84.8,3,2,21,13,8
CITY_K4R_dp_optimal_jenks,w303915704,w303915716,Киевская улица,91.9,3,2,21,13,8
CITY_K4R_dp_optimal_jenks,w303915704,w303915718,Киевская улица,99.5,3,2,21,13,8
CITY_K4R_dp_optimal_jenks,w303915704,w303915719,Киевская улица,110.8,3,2,21,13,8
CITY_K4R_dp_optimal_jenks,w303915704,w303915721,Киевская улица,117.9,3,2,21,13,8
CITY_K4R_dp_optimal_jenks,w303915704,w303915722,Киевская улица,127.3,3,2,21,13,8
CITY_K4R_dp_optimal_jenks,w303915704,w303915723,Киевская улица,136.6,3,2,21,13,8
CITY_K4R_dp_optimal_jenks,w303915704,w303915724,Киевская улица,147.5,3,2,21,13,8
CITY_K4R_dp_optimal_jenks,w303915704,w705816382,Киевская улица,191.1,3,2,21,13,8
CITY_K4R_dp_optimal_jenks,w303915704,w705834164,Киевская улица,155.4,3,2,21,13,8
CITY_K4R_dp_optimal_jenks,w303915704,w705834165,Киевская улица,154.0,3,2,21,13,8
CITY_K4R_dp_optimal_jenks,w303915705,w303915713,улица Тургенева,148.9,3,2,21,13,8
CITY_K4R_dp_optimal_jenks,w303915705,w303915714,улица Тургенева,144.4,3,2,21,13,8
CITY_K4R_dp_optimal_jenks,w303915705,w303915715,улица Тургенева,135.4,3,2,21,13,8
CITY_K4R_dp_optimal_jenks,w303915705,w303915716,улица Тургенева,135.8,3,2,21,13,8
CITY_K4R_dp_optimal_jenks,w303915705,w303915718,улица Тургенева,136.6,3,2,21,13,8
CITY_K4R_dp_optimal_jenks,w303915705,w303915719,улица Тургенева,142.1,3,2,21,13,8
CITY_K4R_dp_optimal_jenks,w303915705,w303915721,улица Тургенева,144.3,3,2,21,13,8
CITY_K4R_dp_optimal_jenks,w303915705,w303915722,улица Тургенева,149.7,3,2,21,13,8
CITY_K4R_dp_optimal_jenks,w303915705,w303915723,улица Тургенева,152.9,3,2,21,13,8
CITY_K4R_dp_optimal_jenks,w303915705,w303915724,улица Тургенева,159.7,3,2,21,13,8
CITY_K4R_dp_optimal_jenks,w303915705,w705834164,улица Тургенева,215.6,3,2,21,13,8
CITY_K4R_dp_optimal_jenks,w303915705,w705834165,улица Тургенева,212.1,3,2,21,13,8
CITY_K4R_dp_optimal_jenks,w303915706,w303915713,улица Тургенева,152.2,3,2,21,13,8
CITY_K4R_dp_optimal_jenks,w303915706,w303915714,улица Тургенева,145.5,3,2,21,13,8
CITY_K4R_dp_optimal_jenks,w303915706,w303915715,улица Тургенева,134.0,3,2,21,13,8
CITY_K4R_dp_optimal_jenks,w303915706,w303915716,улица Тургенева,131.8,3,2,21,13,8
CITY_K4R_dp_optimal_jenks,w303915706,w303915718,улица Тургенева,130.1,3,2,21,13,8
CITY_K4R_dp_optimal_jenks,w303915706,w303915719,улица Тургенева,133.3,3,2,21,13,8
CITY_K4R_dp_optimal_jenks,w303915706,w303915721,улица Тургенева,133.8,3,2,21,13,8
CITY_K4R_dp_optimal_jenks,w303915706,w303915722,улица Тургенева,137.7,3,2,21,13,8
CITY_K4R_dp_optimal_jenks,w303915706,w303915723,улица Тургенева,139.0,3,2,21,13,8
CITY_K4R_dp_optimal_jenks,w303915706,w303915724,улица Тургенева,144.4,3,2,21,13,8
CITY_K4R_dp_optimal_jenks,w303915706,w705834164,улица Тургенева,216.6,3,2,21,13,8
CITY_K4R_dp_optimal_jenks,w303915706,w705834165,улица Тургенева,211.8,3,2,21,13,8
CITY_K4R_dp_optimal_jenks,w303915708,w303915713,улица Тургенева,157.7,3,2,21,13,8
CITY_K4R_dp_optimal_jenks,w303915708,w303915714,улица Тургенева,150.0,3,2,21,13,8
CITY_K4R_dp_optimal_jenks,w303915708,w303915715,улица Тургенева,137.2,3,2,21,13,8
CITY_K4R_dp_optimal_jenks,w303915708,w303915716,улица Тургенева,133.4,3,2,21,13,8
CITY_K4R_dp_optimal_jenks,w303915708,w303915718,улица Тургенева,130.3,3,2,21,13,8
CITY_K4R_dp_optimal_jenks,w303915708,w303915719,улица Тургенева,131.9,3,2,21,13,8
CITY_K4R_dp_optimal_jenks,w303915708,w303915721,улица Тургенева,131.3,3,2,21,13,8
CITY_K4R_dp_optimal_jenks,w303915708,w303915722,улица Тургенева,134.1,3,2,21,13,8
CITY_K4R_dp_optimal_jenks,w303915708,w303915723,улица Тургенева,133.9,3,2,21,13,8
CITY_K4R_dp_optimal_jenks,w303915708,w303915724,улица Тургенева,138.3,3,2,21,13,8
CITY_K4R_dp_optimal_jenks,w303915708,w705834164,улица Тургенева,220.3,3,2,21,13,8
CITY_K4R_dp_optimal_jenks,w303915708,w705834165,улица Тургенева,214.9,3,2,21,13,8
CITY_K4R_dp_optimal_jenks,w303915709,w303915713,улица Тургенева,165.5,3,2,21,13,8
CITY_K4R_dp_optimal_jenks,w303915709,w303915714,улица Тургенева,156.0,3,2,21,13,8
CITY_K4R_dp_optimal_jenks,w303915709,w303915715,улица Тургенева,141.4,3,2,21,13,8
CITY_K4R_dp_optimal_jenks,w303915709,w303915716,улица Тургенева,135.2,3,2,21,13,8
CITY_K4R_dp_optimal_jenks,w303915709,w303915718,улица Тургенева,129.6,3,2,21,13,8
CITY_K4R_dp_optimal_jenks,w303915709,w303915719,улица Тургенева,128.7,3,2,21,13,8
CITY_K4R_dp_optimal_jenks,w303915709,w303915721,улица Тургенева,126.1,3,2,21,13,8
CITY_K4R_dp_optimal_jenks,w303915709,w303915722,улица Тургенева,126.9,3,2,21,13,8
CITY_K4R_dp_optimal_jenks,w303915709,w303915723,улица Тургенева,124.3,3,2,21,13,8
CITY_K4R_dp_optimal_jenks,w303915709,w303915724,улица Тургенева,126.7,3,2,21,13,8
CITY_K4R_dp_optimal_jenks,w303915709,w705834164,улица Тургенева,224.4,3,2,21,13,8
CITY_K4R_dp_optimal_jenks,w303915709,w705834165,улица Тургенева,218.0,3,2,21,13,8
CITY_K4R_dp_optimal_jenks,w303915713,w304088417,Путейская улица,214.8,2,3,13,21,8
CITY_K4R_dp_optimal_jenks,w303915713,w304088424,Путейская улица,235.6,2,3,13,21,8
CITY_K4R_dp_optimal_jenks,w303915713,w304088422,Путейская улица,218.2,2,3,13,21,8
CITY_K4R_dp_optimal_jenks,w303915713,w304088423,Путейская улица,240.4,2,3,13,21,8
CITY_K4R_dp_optimal_jenks,w303915714,w304088417,Путейская улица,207.0,2,3,13,21,8
CITY_K4R_dp_optimal_jenks,w303915714,w304088424,Путейская улица,228.0,2,3,13,21,8
CITY_K4R_dp_optimal_jenks,w303915714,w304088430,Путейская улица,249.9,2,3,13,21,8
CITY_K4R_dp_optimal_jenks,w303915714,w304088422,Путейская улица,213.3,2,3,13,21,8
CITY_K4R_dp_optimal_jenks,w303915714,w304088423,Путейская улица,235.5,2,3,13,21,8
CITY_K4R_dp_optimal_jenks,w303915715,w304088417,Путейская улица,193.8,2,3,13,21,8
CITY_K4R_dp_optimal_jenks,w303915715,w304088424,Путейская улица,215.0,2,3,13,21,8
CITY_K4R_dp_optimal_jenks,w303915715,w304088430,Путейская улица,237.1,2,3,13,21,8
CITY_K4R_dp_optimal_jenks,w303915715,w304088422,Путейская улица,203.2,2,3,13,21,8
CITY_K4R_dp_optimal_jenks,w303915715,w304088423,Путейская улица,225.3,2,3,13,21,8
CITY_K4R_dp_optimal_jenks,w303915715,w304088426,Путейская улица,244.5,2,3,13,21,8
CITY_K4R_dp_optimal_jenks,w303915716,w304088417,Путейская улица,189.1,2,3,13,21,8
CITY_K4R_dp_optimal_jenks,w303915716,w304088424,Путейская улица,210.5,2,3,13,21,8
CITY_K4R_dp_optimal_jenks,w303915716,w304088430,Путейская улица,232.6,2,3,13,21,8
CITY_K4R_dp_optimal_jenks,w303915716,w304088422,Путейская улица,202.0,2,3,13,21,8
CITY_K4R_dp_optimal_jenks,w303915716,w304088423,Путейская улица,223.9,2,3,13,21,8
CITY_K4R_dp_optimal_jenks,w303915716,w304088426,Путейская улица,242.7,2,3,13,21,8
CITY_K4R_dp_optimal_jenks,w303915718,w304088417,Путейская улица,184.6,2,3,13,21,8
CITY_K4R_dp_optimal_jenks,w303915718,w304088424,Путейская улица,206.1,2,3,13,21,8
CITY_K4R_dp_optimal_jenks,w303915718,w304088430,Путейская улица,228.2,2,3,13,21,8
CITY_K4R_dp_optimal_jenks,w303915718,w304088435,Путейская улица,246.7,2,3,13,21,8
CITY_K4R_dp_optimal_jenks,w303915718,w304088422,Путейская улица,200.8,2,3,13,21,8
CITY_K4R_dp_optimal_jenks,w303915718,w304088423,Путейская улица,222.5,2,3,13,21,8
CITY_K4R_dp_optimal_jenks,w303915718,w304088426,Путейская улица,240.8,2,3,13,21,8
CITY_K4R_dp_optimal_jenks,w303915719,w304088417,Путейская улица,184.4,2,3,13,21,8
CITY_K4R_dp_optimal_jenks,w303915719,w304088424,Путейская улица,205.8,2,3,13,21,8
CITY_K4R_dp_optimal_jenks,w303915719,w304088430,Путейская улица,227.8,2,3,13,21,8
CITY_K4R_dp_optimal_jenks,w303915719,w304088435,Путейская улица,245.8,2,3,13,21,8
CITY_K4R_dp_optimal_jenks,w303915719,w304088422,Путейская улица,203.9,2,3,13,21,8
CITY_K4R_dp_optimal_jenks,w303915719,w304088423,Путейская улица,225.2,2,3,13,21,8
CITY_K4R_dp_optimal_jenks,w303915719,w304088426,Путейская улица,243.0,2,3,13,21,8
CITY_K4R_dp_optimal_jenks,w303915721,w304088417,Путейская улица,182.0,2,3,13,21,8
CITY_K4R_dp_optimal_jenks,w303915721,w304088424,Путейская улица,203.3,2,3,13,21,8
CITY_K4R_dp_optimal_jenks,w303915721,w304088430,Путейская улица,225.1,2,3,13,21,8
CITY_K4R_dp_optimal_jenks,w303915721,w304088435,Путейская улица,242.8,2,3,13,21,8
CITY_K4R_dp_optimal_jenks,w303915721,w304088422,Путейская улица,203.9,2,3,13,21,8
CITY_K4R_dp_optimal_jenks,w303915721,w304088423,Путейская улица,224.8,2,3,13,21,8
CITY_K4R_dp_optimal_jenks,w303915721,w304088426,Путейская улица,242.2,2,3,13,21,8
CITY_K4R_dp_optimal_jenks,w303915722,w304088417,Путейская улица,182.8,2,3,13,21,8
CITY_K4R_dp_optimal_jenks,w303915722,w304088424,Путейская улица,203.9,2,3,13,21,8
CITY_K4R_dp_optimal_jenks,w303915722,w304088430,Путейская улица,225.5,2,3,13,21,8
CITY_K4R_dp_optimal_jenks,w303915722,w304088435,Путейская улица,242.7,2,3,13,21,8
CITY_K4R_dp_optimal_jenks,w303915722,w304088422,Путейская улица,207.1,2,3,13,21,8
CITY_K4R_dp_optimal_jenks,w303915722,w304088423,Путейская улица,227.6,2,3,13,21,8
CITY_K4R_dp_optimal_jenks,w303915722,w304088426,Путейская улица,244.5,2,3,13,21,8
CITY_K4R_dp_optimal_jenks,w303915723,w304088417,Путейская улица,179.8,2,3,13,21,8
CITY_K4R_dp_optimal_jenks,w303915723,w304088424,Путейская улица,200.5,2,3,13,21,8
CITY_K4R_dp_optimal_jenks,w303915723,w304088430,Путейская улица,221.7,2,3,13,21,8
CITY_K4R_dp_optimal_jenks,w303915723,w304088435,Путейская улица,238.3,2,3,13,21,8
CITY_K4R_dp_optimal_jenks,w303915723,w304088422,Путейская улица,206.9,2,3,13,21,8
CITY_K4R_dp_optimal_jenks,w303915723,w304088423,Путейская улица,226.8,2,3,13,21,8
CITY_K4R_dp_optimal_jenks,w303915723,w304088426,Путейская улица,243.0,2,3,13,21,8
CITY_K4R_dp_optimal_jenks,w303915724,w304088417,Путейская улица,181.2,2,3,13,21,8
CITY_K4R_dp_optimal_jenks,w303915724,w304088424,Путейская улица,201.5,2,3,13,21,8
CITY_K4R_dp_optimal_jenks,w303915724,w304088430,Путейская улица,222.3,2,3,13,21,8
CITY_K4R_dp_optimal_jenks,w303915724,w304088435,Путейская улица,238.3,2,3,13,21,8
CITY_K4R_dp_optimal_jenks,w303915724,w304088422,Путейская улица,210.8,2,3,13,21,8
CITY_K4R_dp_optimal_jenks,w303915724,w304088423,Путейская улица,230.2,2,3,13,21,8
CITY_K4R_dp_optimal_jenks,w303915724,w304088426,Путейская улица,245.7,2,3,13,21,8
CITY_K4R_dp_optimal_jenks,w303985891,w352307875,тупик Некрасова,239.5,2,3,13,21,8
CITY_K4R_dp_optimal_jenks,w303985891,w352312102,тупик Некрасова,243.1,2,3,13,21,8
CITY_K4R_dp_optimal_jenks,w303985892,w352307875,Загородная улица,247.3,2,3,13,21,8
CITY_K4R_dp_optimal_jenks,w303987585,w352307875,Загородная улица,240.9,2,3,13,21,8
CITY_K4R_dp_optimal_jenks,w303987585,w352312102,Загородная улица,249.8,2,3,13,21,8
CITY_K4R_dp_optimal_jenks,w304087548,w318122811,Школьный переулок,248.1,2,3,13,21,8
CITY_K4R_dp_optimal_jenks,w304087548,w318122813,Школьный переулок,234.9,2,3,13,21,8
CITY_K4R_dp_optimal_jenks,w304087549,w318122813,Школьный переулок,242.2,2,3,13,21,8
CITY_K4R_dp_optimal_jenks,w304087552,w310206419,тупик Некрасова,220.1,2,3,13,21,8
CITY_K4R_dp_optimal_jenks,w304087552,w310206420,тупик Некрасова,232.5,2,3,13,21,8
CITY_K4R_dp_optimal_jenks,w304087552,w310206421,тупик Некрасова,242.1,2,3,13,21,8
CITY_K4R_dp_optimal_jenks,w304087552,w318122808,тупик Некрасова,199.5,2,3,13,21,8
CITY_K4R_dp_optimal_jenks,w304087552,w318122810,тупик Некрасова,193.1,2,3,13,21,8
CITY_K4R_dp_optimal_jenks,w304087552,w318122811,тупик Некрасова,178.6,2,3,13,21,8
CITY_K4R_dp_optimal_jenks,w304087552,w318122813,тупик Некрасова,168.6,2,3,13,21,8
CITY_K4R_dp_optimal_jenks,w304087552,w330410222,тупик Некрасова,220.1,2,3,13,21,8
CITY_K4R_dp_optimal_jenks,w304087552,w330410223,тупик Некрасова,233.3,2,3,13,21,8
CITY_K4R_dp_optimal_jenks,w304087552,w330410224,тупик Некрасова,216.4,2,3,13,21,8
CITY_K4R_dp_optimal_jenks,w304087552,w333999696,тупик Некрасова,190.5,2,3,13,21,8
CITY_K4R_dp_optimal_jenks,w304087552,w352309768,тупик Некрасова,175.2,2,3,13,21,8
CITY_K4R_dp_optimal_jenks,w304087552,w352309769,тупик Некрасова,169.9,2,3,13,21,8
CITY_K4R_dp_optimal_jenks,w304087552,w441951719,тупик Некрасова,241.7,2,3,13,21,8
CITY_K4R_dp_optimal_jenks,w304087552,w352312102,тупик Некрасова,247.5,2,3,13,21,8
CITY_K4R_dp_optimal_jenks,w304087553,w310206419,тупик Некрасова,247.3,2,3,13,21,8
CITY_K4R_dp_optimal_jenks,w304087553,w318122808,тупик Некрасова,226.5,2,3,13,21,8
CITY_K4R_dp_optimal_jenks,w304087553,w318122810,тупик Некрасова,219.4,2,3,13,21,8
CITY_K4R_dp_optimal_jenks,w304087553,w318122811,тупик Некрасова,204.8,2,3,13,21,8
CITY_K4R_dp_optimal_jenks,w304087553,w318122813,тупик Некрасова,194.2,2,3,13,21,8
CITY_K4R_dp_optimal_jenks,w304087553,w330410222,тупик Некрасова,248.4,2,3,13,21,8
CITY_K4R_dp_optimal_jenks,w304087553,w330410224,тупик Некрасова,244.6,2,3,13,21,8
CITY_K4R_dp_optimal_jenks,w304087553,w333999696,тупик Некрасова,218.4,2,3,13,21,8
CITY_K4R_dp_optimal_jenks,w304087553,w352309768,тупик Некрасова,203.5,2,3,13,21,8
CITY_K4R_dp_optimal_jenks,w304087553,w352309769,тупик Некрасова,197.7,2,3,13,21,8
CITY_K4R_dp_optimal_jenks,w304087554,w310206419,тупик Некрасова,245.3,2,3,13,21,8
CITY_K4R_dp_optimal_jenks,w304087554,w318122808,тупик Некрасова,224.3,2,3,13,21,8
CITY_K4R_dp_optimal_jenks,w304087554,w318122810,тупик Некрасова,216.4,2,3,13,21,8
CITY_K4R_dp_optimal_jenks,w304087554,w318122811,тупик Некрасова,201.7,2,3,13,21,8
CITY_K4R_dp_optimal_jenks,w304087554,w318122813,тупик Некрасова,190.5,2,3,13,21,8
CITY_K4R_dp_optimal_jenks,w304087554,w330410222,тупик Некрасова,249.9,2,3,13,21,8
CITY_K4R_dp_optimal_jenks,w304087554,w330410224,тупик Некрасова,244.6,2,3,13,21,8
CITY_K4R_dp_optimal_jenks,w304087554,w333999696,тупик Некрасова,217.8,2,3,13,21,8
CITY_K4R_dp_optimal_jenks,w304087554,w352309768,тупик Некрасова,204.4,2,3,13,21,8
CITY_K4R_dp_optimal_jenks,w304087554,w352309769,тупик Некрасова,196.8,2,3,13,21,8
CITY_K4R_dp_optimal_jenks,w304087555,w310206419,тупик Некрасова,239.2,2,3,13,21,8
CITY_K4R_dp_optimal_jenks,w304087555,w318122808,тупик Некрасова,217.9,2,3,13,21,8
CITY_K4R_dp_optimal_jenks,w304087555,w318122810,тупик Некрасова,209.2,2,3,13,21,8
CITY_K4R_dp_optimal_jenks,w304087555,w318122811,тупик Некрасова,194.4,2,3,13,21,8
CITY_K4R_dp_optimal_jenks,w304087555,w318122813,тупик Некрасова,182.4,2,3,13,21,8
CITY_K4R_dp_optimal_jenks,w304087555,w330410222,тупик Некрасова,248.0,2,3,13,21,8
CITY_K4R_dp_optimal_jenks,w304087555,w330410224,тупик Некрасова,240.8,2,3,13,21,8
CITY_K4R_dp_optimal_jenks,w304087555,w333999696,тупик Некрасова,213.4,2,3,13,21,8
CITY_K4R_dp_optimal_jenks,w304087555,w352309768,тупик Некрасова,201.9,2,3,13,21,8
CITY_K4R_dp_optimal_jenks,w304087555,w352309769,тупик Некрасова,192.1,2,3,13,21,8
CITY_K4R_dp_optimal_jenks,w304087558,w310206419,тупик Некрасова,213.2,2,3,13,21,8
CITY_K4R_dp_optimal_jenks,w304087558,w310206420,тупик Некрасова,226.3,2,3,13,21,8
CITY_K4R_dp_optimal_jenks,w304087558,w310206421,тупик Некрасова,236.7,2,3,13,21,8
CITY_K4R_dp_optimal_jenks,w304087558,w318122808,тупик Некрасова,192.2,2,3,13,21,8
CITY_K4R_dp_optimal_jenks,w304087558,w318122810,тупик Некрасова,184.5,2,3,13,21,8
CITY_K4R_dp_optimal_jenks,w304087558,w318122811,тупик Некрасова,169.8,2,3,13,21,8
CITY_K4R_dp_optimal_jenks,w304087558,w318122813,тупик Некрасова,158.8,2,3,13,21,8
CITY_K4R_dp_optimal_jenks,w304087558,w330410222,тупик Некрасова,218.9,2,3,13,21,8
CITY_K4R_dp_optimal_jenks,w304087558,w330410223,тупик Некрасова,230.2,2,3,13,21,8
CITY_K4R_dp_optimal_jenks,w304087558,w330410224,тупик Некрасова,212.8,2,3,13,21,8
CITY_K4R_dp_optimal_jenks,w304087558,w333999696,тупик Некрасова,185.8,2,3,13,21,8
CITY_K4R_dp_optimal_jenks,w304087558,w352309768,тупик Некрасова,173.1,2,3,13,21,8
CITY_K4R_dp_optimal_jenks,w304087558,w352309769,тупик Некрасова,164.7,2,3,13,21,8
CITY_K4R_dp_optimal_jenks,w304087558,w441951719,тупик Некрасова,239.7,2,3,13,21,8
CITY_K4R_dp_optimal_jenks,w304087560,w352307875,тупик Некрасова,238.2,2,3,13,21,8
CITY_K4R_dp_optimal_jenks,w304087560,w352312105,тупик Некрасова,244.5,2,3,13,21,8
CITY_K4R_dp_optimal_jenks,w304087560,w310206419,тупик Некрасова,233.2,2,3,13,21,8
CITY_K4R_dp_optimal_jenks,w304087560,w310206420,тупик Некрасова,244.5,2,3,13,21,8
CITY_K4R_dp_optimal_jenks,w304087560,w318122808,тупик Некрасова,213.5,2,3,13,21,8
CITY_K4R_dp_optimal_jenks,w304087560,w318122810,тупик Некрасова,209.1,2,3,13,21,8
CITY_K4R_dp_optimal_jenks,w304087560,w318122811,тупик Некрасова,195.2,2,3,13,21,8
CITY_K4R_dp_optimal_jenks,w304087560,w318122813,тупик Некрасова,186.8,2,3,13,21,8
CITY_K4R_dp_optimal_jenks,w304087560,w330410222,тупик Некрасова,224.3,2,3,13,21,8
CITY_K4R_dp_optimal_jenks,w304087560,w330410223,тупик Некрасова,240.3,2,3,13,21,8
CITY_K4R_dp_optimal_jenks,w304087560,w330410224,тупик Некрасова,224.6,2,3,13,21,8
CITY_K4R_dp_optimal_jenks,w304087560,w333999696,тупик Некрасова,200.7,2,3,13,21,8
CITY_K4R_dp_optimal_jenks,w304087560,w352309768,тупик Некрасова,181.8,2,3,13,21,8
CITY_K4R_dp_optimal_jenks,w304087560,w352309769,тупик Некрасова,181.3,2,3,13,21,8
CITY_K4R_dp_optimal_jenks,w304087560,w441951719,тупик Некрасова,246.8,2,3,13,21,8
CITY_K4R_dp_optimal_jenks,w304087560,w352312102,тупик Некрасова,229.1,2,3,13,21,8
CITY_K4R_dp_optimal_jenks,w304087658,w352307875,Загородная улица,210.6,2,3,13,21,8
CITY_K4R_dp_optimal_jenks,w304087658,w352312100,Загородная улица,236.7,2,3,13,21,8
CITY_K4R_dp_optimal_jenks,w304087658,w352312105,Загородная улица,235.5,2,3,13,21,8
CITY_K4R_dp_optimal_jenks,w304087658,w352312102,Загородная улица,217.2,2,3,13,21,8
CITY_K4R_dp_optimal_jenks,w304491951,w352307875,тупик Некрасова,200.7,2,3,13,21,8
CITY_K4R_dp_optimal_jenks,w304491951,w352312100,тупик Некрасова,225.9,2,3,13,21,8
CITY_K4R_dp_optimal_jenks,w304491951,w352312105,тупик Некрасова,218.5,2,3,13,21,8
CITY_K4R_dp_optimal_jenks,w304491951,w352312123,тупик Некрасова,234.2,2,3,13,21,8
CITY_K4R_dp_optimal_jenks,w304491951,w318122813,тупик Некрасова,249.5,2,3,13,21,8
CITY_K4R_dp_optimal_jenks,w304491951,w333999696,тупик Некрасова,247.9,2,3,13,21,8
CITY_K4R_dp_optimal_jenks,w304491951,w352309768,тупик Некрасова,223.3,2,3,13,21,8
CITY_K4R_dp_optimal_jenks,w304491951,w352309769,тупик Некрасова,232.2,2,3,13,21,8
CITY_K4R_dp_optimal_jenks,w304491951,w352312106,тупик Некрасова,243.2,2,3,13,21,8
CITY_K4R_dp_optimal_jenks,w304491951,w352312102,тупик Некрасова,200.7,2,3,13,21,8
CITY_K4R_dp_optimal_jenks,w304491952,w352307875,тупик Некрасова,231.0,2,3,13,21,8
CITY_K4R_dp_optimal_jenks,w304491952,w352312105,тупик Некрасова,239.3,2,3,13,21,8
CITY_K4R_dp_optimal_jenks,w304491952,w310206419,тупик Некрасова,242.4,2,3,13,21,8
CITY_K4R_dp_optimal_jenks,w304491952,w318122808,тупик Некрасова,223.1,2,3,13,21,8
CITY_K4R_dp_optimal_jenks,w304491952,w318122810,тупик Некрасова,219.5,2,3,13,21,8
CITY_K4R_dp_optimal_jenks,w304491952,w318122811,тупик Некрасова,205.8,2,3,13,21,8
CITY_K4R_dp_optimal_jenks,w304491952,w318122813,тупик Некрасова,198.1,2,3,13,21,8
CITY_K4R_dp_optimal_jenks,w304491952,w330410222,тупик Некрасова,229.8,2,3,13,21,8
CITY_K4R_dp_optimal_jenks,w304491952,w330410223,тупик Некрасова,247.0,2,3,13,21,8
CITY_K4R_dp_optimal_jenks,w304491952,w330410224,тупик Некрасова,231.8,2,3,13,21,8
CITY_K4R_dp_optimal_jenks,w304491952,w333999696,тупик Некрасова,208.9,2,3,13,21,8
CITY_K4R_dp_optimal_jenks,w304491952,w352309768,тупик Некрасова,188.7,2,3,13,21,8
CITY_K4R_dp_optimal_jenks,w304491952,w352309769,тупик Некрасова,190.1,2,3,13,21,8
CITY_K4R_dp_optimal_jenks,w304491952,w352312106,тупик Некрасова,249.9,2,3,13,21,8
CITY_K4R_dp_optimal_jenks,w304491952,w352312102,тупик Некрасова,223.4,2,3,13,21,8
CITY_K4R_dp_optimal_jenks,w304687295,w352312107,Загородная улица,228.3,2,3,13,21,8
CITY_K4R_dp_optimal_jenks,w304687295,w352312112,Загородная улица,235.9,2,3,13,21,8
CITY_K4R_dp_optimal_jenks,w304687295,w352312130,Загородная улица,240.9,2,3,13,21,8
CITY_K4R_dp_optimal_jenks,w304687295,w352307875,Загородная улица,158.8,2,3,13,21,8
CITY_K4R_dp_optimal_jenks,w304687295,w352312100,Загородная улица,184.3,2,3,13,21,8
CITY_K4R_dp_optimal_jenks,w304687295,w352312105,Загородная улица,178.6,2,3,13,21,8
CITY_K4R_dp_optimal_jenks,w304687295,w352312123,Загородная улица,194.1,2,3,13,21,8
CITY_K4R_dp_optimal_jenks,w304687295,w352312124,Загородная улица,211.9,2,3,13,21,8
CITY_K4R_dp_optimal_jenks,w304687295,w352312126,Загородная улица,227.0,2,3,13,21,8
CITY_K4R_dp_optimal_jenks,w304687295,w352312127,Загородная улица,222.5,2,3,13,21,8
CITY_K4R_dp_optimal_jenks,w304687295,w352312128,Загородная улица,231.1,2,3,13,21,8
CITY_K4R_dp_optimal_jenks,w304687295,w352312131,Загородная улица,245.6,2,3,13,21,8
CITY_K4R_dp_optimal_jenks,w304687295,w318122813,Загородная улица,249.4,2,3,13,21,8
CITY_K4R_dp_optimal_jenks,w304687295,w330410222,Загородная улица,239.3,2,3,13,21,8
CITY_K4R_dp_optimal_jenks,w304687295,w333999696,Загородная улица,238.0,2,3,13,21,8
CITY_K4R_dp_optimal_jenks,w304687295,w352309768,Загородная улица,211.3,2,3,13,21,8
CITY_K4R_dp_optimal_jenks,w304687295,w352309769,Загородная улица,225.1,2,3,13,21,8
CITY_K4R_dp_optimal_jenks,w304687295,w352312106,Загородная улица,207.7,2,3,13,21,8
CITY_K4R_dp_optimal_jenks,w304687295,w352312102,Загородная улица,160.6,2,3,13,21,8
CITY_K4R_dp_optimal_jenks,w304687299,w352307875,Загородная улица,190.4,2,3,13,21,8
CITY_K4R_dp_optimal_jenks,w304687299,w352312100,Загородная улица,216.5,2,3,13,21,8
CITY_K4R_dp_optimal_jenks,w304687299,w352312105,Загородная улица,215.3,2,3,13,21,8
CITY_K4R_dp_optimal_jenks,w304687299,w352312123,Загородная улица,230.0,2,3,13,21,8
CITY_K4R_dp_optimal_jenks,w304687299,w352312124,Загородная улица,247.8,2,3,13,21,8
CITY_K4R_dp_optimal_jenks,w304687299,w352312106,Загородная улица,249.5,2,3,13,21,8
CITY_K4R_dp_optimal_jenks,w304687299,w352312102,Загородная улица,197.0,2,3,13,21,8
CITY_K4R_dp_optimal_jenks,w304687300,w352307875,Загородная улица,177.1,2,3,13,21,8
CITY_K4R_dp_optimal_jenks,w304687300,w352312100,Загородная улица,203.1,2,3,13,21,8
CITY_K4R_dp_optimal_jenks,w304687300,w352312105,Загородная улица,202.0,2,3,13,21,8
CITY_K4R_dp_optimal_jenks,w304687300,w352312123,Загородная улица,216.8,2,3,13,21,8
CITY_K4R_dp_optimal_jenks,w304687300,w352312124,Загородная улица,234.5,2,3,13,21,8
CITY_K4R_dp_optimal_jenks,w304687300,w352312126,Загородная улица,246.2,2,3,13,21,8
CITY_K4R_dp_optimal_jenks,w304687300,w352312127,Загородная улица,244.8,2,3,13,21,8
CITY_K4R_dp_optimal_jenks,w304687300,w352309768,Загородная улица,248.4,2,3,13,21,8
CITY_K4R_dp_optimal_jenks,w304687300,w352312106,Загородная улица,236.7,2,3,13,21,8
CITY_K4R_dp_optimal_jenks,w304687300,w352312102,Загородная улица,183.7,2,3,13,21,8
CITY_K4R_dp_optimal_jenks,w304687301,w352312107,Загородная улица,245.0,2,3,13,21,8
CITY_K4R_dp_optimal_jenks,w304687301,w352307875,Загородная улица,163.6,2,3,13,21,8
CITY_K4R_dp_optimal_jenks,w304687301,w352312100,Загородная улица,189.7,2,3,13,21,8
CITY_K4R_dp_optimal_jenks,w304687301,w352312105,Загородная улица,189.3,2,3,13,21,8
CITY_K4R_dp_optimal_jenks,w304687301,w352312123,Загородная улица,203.9,2,3,13,21,8
CITY_K4R_dp_optimal_jenks,w304687301,w352312124,Загородная улица,221.6,2,3,13,21,8
CITY_K4R_dp_optimal_jenks,w304687301,w352312126,Загородная улица,232.7,2,3,13,21,8
CITY_K4R_dp_optimal_jenks,w304687301,w352312127,Загородная улица,231.8,2,3,13,21,8
CITY_K4R_dp_optimal_jenks,w304687301,w352312128,Загородная улица,239.8,2,3,13,21,8
CITY_K4R_dp_optimal_jenks,w304687301,w352309768,Загородная улица,244.2,2,3,13,21,8
CITY_K4R_dp_optimal_jenks,w304687301,w352312106,Загородная улица,225.3,2,3,13,21,8
CITY_K4R_dp_optimal_jenks,w304687301,w352312102,Загородная улица,171.0,2,3,13,21,8
CITY_K4R_dp_optimal_jenks,w304687302,w352312107,Загородная улица,228.1,2,3,13,21,8
CITY_K4R_dp_optimal_jenks,w304687302,w352312112,Загородная улица,234.5,2,3,13,21,8
CITY_K4R_dp_optimal_jenks,w304687302,w352312130,Загородная улица,236.0,2,3,13,21,8
CITY_K4R_dp_optimal_jenks,w304687302,w352307875,Загородная улица,150.0,2,3,13,21,8
CITY_K4R_dp_optimal_jenks,w304687302,w352312100,Загородная улица,176.0,2,3,13,21,8
CITY_K4R_dp_optimal_jenks,w304687302,w352312105,Загородная улица,173.9,2,3,13,21,8
CITY_K4R_dp_optimal_jenks,w304687302,w352312123,Загородная улица,188.8,2,3,13,21,8
CITY_K4R_dp_optimal_jenks,w304687302,w352312124,Загородная улица,206.6,2,3,13,21,8
CITY_K4R_dp_optimal_jenks,w304687302,w352312126,Загородная улица,219.1,2,3,13,21,8
CITY_K4R_dp_optimal_jenks,w304687302,w352312127,Загородная улица,217.0,2,3,13,21,8
CITY_K4R_dp_optimal_jenks,w304687302,w352312128,Загородная улица,225.1,2,3,13,21,8
CITY_K4R_dp_optimal_jenks,w304687302,w352312131,Загородная улица,237.9,2,3,13,21,8
CITY_K4R_dp_optimal_jenks,w304687302,w352309768,Загородная улица,226.7,2,3,13,21,8
CITY_K4R_dp_optimal_jenks,w304687302,w352309769,Загородная улица,242.3,2,3,13,21,8
CITY_K4R_dp_optimal_jenks,w304687302,w352312106,Загородная улица,208.2,2,3,13,21,8
CITY_K4R_dp_optimal_jenks,w304687302,w352312102,Загородная улица,155.6,2,3,13,21,8
CITY_K4R_dp_optimal_jenks,w304687305,w352312107,Загородная улица,192.5,2,3,13,21,8
CITY_K4R_dp_optimal_jenks,w304687305,w352312109,Загородная улица,237.8,2,3,13,21,8
CITY_K4R_dp_optimal_jenks,w304687305,w352312110,Загородная улица,221.7,2,3,13,21,8
CITY_K4R_dp_optimal_jenks,w304687305,w352312112,Загородная улица,198.3,2,3,13,21,8
CITY_K4R_dp_optimal_jenks,w304687305,w352312130,Загородная улица,198.5,2,3,13,21,8
CITY_K4R_dp_optimal_jenks,w304687305,w352312132,Загородная улица,233.0,2,3,13,21,8
CITY_K4R_dp_optimal_jenks,w304687305,w352312136,Загородная улица,237.3,2,3,13,21,8
CITY_K4R_dp_optimal_jenks,w304687305,w352312139,Загородная улица,223.8,2,3,13,21,8
CITY_K4R_dp_optimal_jenks,w304687305,w352307875,Загородная улица,112.3,2,3,13,21,8
CITY_K4R_dp_optimal_jenks,w304687305,w352312100,Загородная улица,138.3,2,3,13,21,8
CITY_K4R_dp_optimal_jenks,w304687305,w352312105,Загородная улица,136.5,2,3,13,21,8
CITY_K4R_dp_optimal_jenks,w304687305,w352312123,Загородная улица,151.2,2,3,13,21,8
CITY_K4R_dp_optimal_jenks,w304687305,w352312124,Загородная улица,169.0,2,3,13,21,8
CITY_K4R_dp_optimal_jenks,w304687305,w352312126,Загородная улица,181.4,2,3,13,21,8
CITY_K4R_dp_optimal_jenks,w304687305,w352312127,Загородная улица,179.4,2,3,13,21,8
CITY_K4R_dp_optimal_jenks,w304687305,w352312128,Загородная улица,187.5,2,3,13,21,8
CITY_K4R_dp_optimal_jenks,w304687305,w352312131,Загородная улица,200.2,2,3,13,21,8
CITY_K4R_dp_optimal_jenks,w304687305,w330410222,Загородная улица,229.3,2,3,13,21,8
CITY_K4R_dp_optimal_jenks,w304687305,w330410224,Загородная улица,247.3,2,3,13,21,8
CITY_K4R_dp_optimal_jenks,w304687305,w333999696,Загородная улица,238.3,2,3,13,21,8
CITY_K4R_dp_optimal_jenks,w304687305,w352309768,Загородная улица,210.1,2,3,13,21,8
CITY_K4R_dp_optimal_jenks,w304687305,w352309769,Загородная улица,229.3,2,3,13,21,8
CITY_K4R_dp_optimal_jenks,w304687305,w352312106,Загородная улица,173.2,2,3,13,21,8
CITY_K4R_dp_optimal_jenks,w304687305,w352312102,Загородная улица,118.2,2,3,13,21,8
CITY_K4R_dp_optimal_jenks,w304687309,w352307875,переулок Некрасова,191.6,2,3,13,21,8
CITY_K4R_dp_optimal_jenks,w304687309,w352312100,переулок Некрасова,217.2,2,3,13,21,8
CITY_K4R_dp_optimal_jenks,w304687309,w352312105,переулок Некрасова,222.1,2,3,13,21,8
CITY_K4R_dp_optimal_jenks,w304687309,w352312123,переулок Некрасова,235.4,2,3,13,21,8
CITY_K4R_dp_optimal_jenks,w304687309,w352312102,переулок Некрасова,204.3,2,3,13,21,8
CITY_K4R_dp_optimal_jenks,w305229282,w352307875,переулок Некрасова,196.0,2,3,13,21,8
CITY_K4R_dp_optimal_jenks,w305229282,w352312100,переулок Некрасова,221.0,2,3,13,21,8
CITY_K4R_dp_optimal_jenks,w305229282,w352312105,переулок Некрасова,227.9,2,3,13,21,8
CITY_K4R_dp_optimal_jenks,w305229282,w352312123,переулок Некрасова,240.7,2,3,13,21,8
CITY_K4R_dp_optimal_jenks,w305229282,w352312102,переулок Некрасова,210.5,2,3,13,21,8
CITY_K4R_dp_optimal_jenks,w305229283,w352307875,переулок Некрасова,204.7,2,3,13,21,8
CITY_K4R_dp_optimal_jenks,w305229283,w352312100,переулок Некрасова,229.2,2,3,13,21,8
CITY_K4R_dp_optimal_jenks,w305229283,w352312105,переулок Некрасова,237.6,2,3,13,21,8
CITY_K4R_dp_optimal_jenks,w305229283,w352312123,переулок Некрасова,249.9,2,3,13,21,8
CITY_K4R_dp_optimal_jenks,w305229283,w352312102,переулок Некрасова,220.5,2,3,13,21,8
CITY_K4R_dp_optimal_jenks,w305229284,w352307875,переулок Некрасова,212.7,2,3,13,21,8
CITY_K4R_dp_optimal_jenks,w305229284,w352312100,переулок Некрасова,236.6,2,3,13,21,8
CITY_K4R_dp_optimal_jenks,w305229284,w352312105,переулок Некрасова,246.7,2,3,13,21,8
CITY_K4R_dp_optimal_jenks,w305229284,w352312102,переулок Некрасова,230.1,2,3,13,21,8
CITY_K4R_dp_optimal_jenks,w305229286,w352307875,переулок Некрасова,221.4,2,3,13,21,8
CITY_K4R_dp_optimal_jenks,w305229286,w352312100,переулок Некрасова,244.6,2,3,13,21,8
CITY_K4R_dp_optimal_jenks,w305229286,w352312102,переулок Некрасова,240.0,2,3,13,21,8
CITY_K4R_dp_optimal_jenks,w305229289,w352307875,переулок Некрасова,231.7,2,3,13,21,8
CITY_K4R_dp_optimal_jenks,w305229290,w352307875,переулок Некрасова,243.2,2,3,13,21,8
CITY_K4R_dp_optimal_jenks,w305229291,w352307875,переулок Некрасова,246.4,2,3,13,21,8
CITY_K4R_dp_optimal_jenks,w305229300,w352307875,улица Правды,196.0,2,3,13,21,8
CITY_K4R_dp_optimal_jenks,w305229300,w352312100,улица Правды,216.4,2,3,13,21,8
CITY_K4R_dp_optimal_jenks,w305229300,w352312105,улица Правды,232.4,2,3,13,21,8
CITY_K4R_dp_optimal_jenks,w305229300,w352312123,улица Правды,241.4,2,3,13,21,8
CITY_K4R_dp_optimal_jenks,w305229300,w352312102,улица Правды,218.1,2,3,13,21,8
CITY_K4R_dp_optimal_jenks,w305230303,w352307875,улица Правды,239.3,2,3,13,21,8
CITY_K4R_dp_optimal_jenks,w305230304,w352307875,улица Правды,230.1,2,3,13,21,8
CITY_K4R_dp_optimal_jenks,w305230304,w352312100,улица Правды,245.5,2,3,13,21,8
CITY_K4R_dp_optimal_jenks,w305230306,w352307875,улица Правды,218.6,2,3,13,21,8
CITY_K4R_dp_optimal_jenks,w305230306,w352312100,улица Правды,235.0,2,3,13,21,8
CITY_K4R_dp_optimal_jenks,w305230306,w352312102,улица Правды,243.4,2,3,13,21,8
CITY_K4R_dp_optimal_jenks,w305230307,w352307875,улица Правды,203.8,2,3,13,21,8
CITY_K4R_dp_optimal_jenks,w305230307,w352312100,улица Правды,220.7,2,3,13,21,8
CITY_K4R_dp_optimal_jenks,w305230307,w352312105,улица Правды,240.6,2,3,13,21,8
CITY_K4R_dp_optimal_jenks,w305230307,w352312123,улица Правды,247.2,2,3,13,21,8
CITY_K4R_dp_optimal_jenks,w305230307,w352312102,улица Правды,228.4,2,3,13,21,8
CITY_K4R_dp_optimal_jenks,w305230309,w352312107,улица Правды,218.7,2,3,13,21,8
CITY_K4R_dp_optimal_jenks,w305230309,w352312110,улица Правды,244.6,2,3,13,21,8
CITY_K4R_dp_optimal_jenks,w305230309,w352312112,улица Правды,221.8,2,3,13,21,8
CITY_K4R_dp_optimal_jenks,w305230309,w352312130,улица Правды,213.8,2,3,13,21,8
CITY_K4R_dp_optimal_jenks,w305230309,w352312132,улица Правды,239.6,2,3,13,21,8
CITY_K4R_dp_optimal_jenks,w305230309,w352312136,улица Правды,248.3,2,3,13,21,8
CITY_K4R_dp_optimal_jenks,w305230309,w352312139,улица Правды,236.6,2,3,13,21,8
CITY_K4R_dp_optimal_jenks,w305230309,w352307875,улица Правды,123.2,2,3,13,21,8
CITY_K4R_dp_optimal_jenks,w305230309,w352312100,улица Правды,148.1,2,3,13,21,8
CITY_K4R_dp_optimal_jenks,w305230309,w352312105,улица Правды,155.8,2,3,13,21,8
CITY_K4R_dp_optimal_jenks,w305230309,w352312123,улица Правды,168.1,2,3,13,21,8
CITY_K4R_dp_optimal_jenks,w305230309,w352312124,улица Правды,184.7,2,3,13,21,8
CITY_K4R_dp_optimal_jenks,w305230309,w352312126,улица Правды,189.4,2,3,13,21,8
CITY_K4R_dp_optimal_jenks,w305230309,w352312127,улица Правды,193.9,2,3,13,21,8
CITY_K4R_dp_optimal_jenks,w305230309,w352312128,улица Правды,200.5,2,3,13,21,8
CITY_K4R_dp_optimal_jenks,w305230309,w352312131,улица Правды,208.2,2,3,13,21,8
CITY_K4R_dp_optimal_jenks,w305230309,w352312106,улица Правды,201.7,2,3,13,21,8
CITY_K4R_dp_optimal_jenks,w305230309,w352312102,улица Правды,138.8,2,3,13,21,8
CITY_K4R_dp_optimal_jenks,w305230310,w352312107,улица Правды,227.6,2,3,13,21,8
CITY_K4R_dp_optimal_jenks,w305230310,w352312112,улица Правды,230.1,2,3,13,21,8
CITY_K4R_dp_optimal_jenks,w305230310,w352312130,улица Правды,220.1,2,3,13,21,8
CITY_K4R_dp_optimal_jenks,w305230310,w352312132,улица Правды,243.6,2,3,13,21,8
CITY_K4R_dp_optimal_jenks,w305230310,w352312139,улица Правды,242.2,2,3,13,21,8
CITY_K4R_dp_optimal_jenks,w305230310,w352307875,улица Правды,129.8,2,3,13,21,8
CITY_K4R_dp_optimal_jenks,w305230310,w352312100,улица Правды,154.0,2,3,13,21,8
CITY_K4R_dp_optimal_jenks,w305230310,w352312105,улица Правды,163.7,2,3,13,21,8
CITY_K4R_dp_optimal_jenks,w305230310,w352312123,улица Правды,175.3,2,3,13,21,8
CITY_K4R_dp_optimal_jenks,w305230310,w352312124,улица Правды,191.4,2,3,13,21,8
CITY_K4R_dp_optimal_jenks,w305230310,w352312126,улица Правды,194.2,2,3,13,21,8
CITY_K4R_dp_optimal_jenks,w305230310,w352312127,улица Правды,200.2,2,3,13,21,8
CITY_K4R_dp_optimal_jenks,w305230310,w352312128,улица Правды,206.4,2,3,13,21,8
CITY_K4R_dp_optimal_jenks,w305230310,w352312131,улица Правды,212.8,2,3,13,21,8
CITY_K4R_dp_optimal_jenks,w305230310,w352312106,улица Правды,211.3,2,3,13,21,8
CITY_K4R_dp_optimal_jenks,w305230310,w352312102,улица Правды,147.2,2,3,13,21,8
CITY_K4R_dp_optimal_jenks,w305230311,w352312107,улица Правды,236.1,2,3,13,21,8
CITY_K4R_dp_optimal_jenks,w305230311,w352312112,улица Правды,237.9,2,3,13,21,8
CITY_K4R_dp_optimal_jenks,w305230311,w352312130,улица Правды,226.0,2,3,13,21,8
CITY_K4R_dp_optimal_jenks,w305230311,w352312132,улица Правды,247.0,2,3,13,21,8
CITY_K4R_dp_optimal_jenks,w305230311,w352312139,улица Правды,247.3,2,3,13,21,8
CITY_K4R_dp_optimal_jenks,w305230311,w352307875,улица Правды,136.5,2,3,13,21,8
CITY_K4R_dp_optimal_jenks,w305230311,w352312100,улица Правды,159.7,2,3,13,21,8
CITY_K4R_dp_optimal_jenks,w305230311,w352312105,улица Правды,171.4,2,3,13,21,8
CITY_K4R_dp_optimal_jenks,w305230311,w352312123,улица Правды,182.3,2,3,13,21,8
CITY_K4R_dp_optimal_jenks,w305230311,w352312124,улица Правды,197.9,2,3,13,21,8
CITY_K4R_dp_optimal_jenks,w305230311,w352312126,улица Правды,198.7,2,3,13,21,8
CITY_K4R_dp_optimal_jenks,w305230311,w352312127,улица Правды,206.3,2,3,13,21,8
CITY_K4R_dp_optimal_jenks,w305230311,w352312128,улица Правды,212.0,2,3,13,21,8
CITY_K4R_dp_optimal_jenks,w305230311,w352312131,улица Правды,217.0,2,3,13,21,8
CITY_K4R_dp_optimal_jenks,w305230311,w352312106,улица Правды,220.5,2,3,13,21,8
CITY_K4R_dp_optimal_jenks,w305230311,w352312102,улица Правды,155.6,2,3,13,21,8
CITY_K4R_dp_optimal_jenks,w305230313,w352312107,улица Правды,245.9,2,3,13,21,8
CITY_K4R_dp_optimal_jenks,w305230313,w352312112,улица Правды,247.2,2,3,13,21,8
CITY_K4R_dp_optimal_jenks,w305230313,w352312130,улица Правды,233.7,2,3,13,21,8
CITY_K4R_dp_optimal_jenks,w305230313,w352307875,улица Правды,145.2,2,3,13,21,8
CITY_K4R_dp_optimal_jenks,w305230313,w352312100,улица Правды,167.5,2,3,13,21,8
CITY_K4R_dp_optimal_jenks,w305230313,w352312105,улица Правды,180.8,2,3,13,21,8
CITY_K4R_dp_optimal_jenks,w305230313,w352312123,улица Правды,191.0,2,3,13,21,8
CITY_K4R_dp_optimal_jenks,w305230313,w352312124,улица Правды,206.0,2,3,13,21,8
CITY_K4R_dp_optimal_jenks,w305230313,w352312126,улица Правды,205.2,2,3,13,21,8
CITY_K4R_dp_optimal_jenks,w305230313,w352312127,улица Правды,214.1,2,3,13,21,8
CITY_K4R_dp_optimal_jenks,w305230313,w352312128,улица Правды,219.4,2,3,13,21,8
CITY_K4R_dp_optimal_jenks,w305230313,w352312131,улица Правды,223.2,2,3,13,21,8
CITY_K4R_dp_optimal_jenks,w305230313,w352312106,улица Правды,230.9,2,3,13,21,8
CITY_K4R_dp_optimal_jenks,w305230313,w352312102,улица Правды,165.5,2,3,13,21,8
CITY_K4R_dp_optimal_jenks,w305230315,w352312130,улица Правды,249.9,2,3,13,21,8
CITY_K4R_dp_optimal_jenks,w305230315,w352307875,улица Правды,163.9,2,3,13,21,8
CITY_K4R_dp_optimal_jenks,w305230315,w352312100,улица Правды,184.4,2,3,13,21,8
CITY_K4R_dp_optimal_jenks,w305230315,w352312105,улица Правды,200.4,2,3,13,21,8
CITY_K4R_dp_optimal_jenks,w305230315,w352312123,улица Правды,209.3,2,3,13,21,8
CITY_K4R_dp_optimal_jenks,w305230315,w352312124,улица Правды,223.4,2,3,13,21,8
CITY_K4R_dp_optimal_jenks,w305230315,w352312126,улица Правды,219.5,2,3,13,21,8
CITY_K4R_dp_optimal_jenks,w305230315,w352312127,улица Правды,230.6,2,3,13,21,8
CITY_K4R_dp_optimal_jenks,w305230315,w352312128,улица Правды,235.2,2,3,13,21,8
CITY_K4R_dp_optimal_jenks,w305230315,w352312131,улица Правды,236.7,2,3,13,21,8
CITY_K4R_dp_optimal_jenks,w305230315,w352312102,улица Правды,186.2,2,3,13,21,8
CITY_K4R_dp_optimal_jenks,w305230316,w352307875,улица Правды,181.8,2,3,13,21,8
CITY_K4R_dp_optimal_jenks,w305230316,w352312100,улица Правды,200.5,2,3,13,21,8
CITY_K4R_dp_optimal_jenks,w305230316,w352312105,улица Правды,218.6,2,3,13,21,8
CITY_K4R_dp_optimal_jenks,w305230316,w352312123,улица Правды,226.3,2,3,13,21,8
CITY_K4R_dp_optimal_jenks,w305230316,w352312124,улица Правды,239.4,2,3,13,21,8
CITY_K4R_dp_optimal_jenks,w305230316,w352312126,улица Правды,233.0,2,3,13,21,8
CITY_K4R_dp_optimal_jenks,w305230316,w352312127,улица Правды,246.0,2,3,13,21,8
CITY_K4R_dp_optimal_jenks,w305230316,w352312128,улица Правды,249.9,2,3,13,21,8
CITY_K4R_dp_optimal_jenks,w305230316,w352312131,улица Правды,249.5,2,3,13,21,8
CITY_K4R_dp_optimal_jenks,w305230316,w352312102,улица Правды,205.4,2,3,13,21,8
CITY_K4R_dp_optimal_jenks,w305230318,w352312107,улица Правды,226.2,2,3,13,21,8
CITY_K4R_dp_optimal_jenks,w305230318,w352312112,улица Правды,238.3,2,3,13,21,8
CITY_K4R_dp_optimal_jenks,w305230318,w352307875,улица Правды,210.4,2,3,13,21,8
CITY_K4R_dp_optimal_jenks,w305230318,w352312100,улица Правды,228.7,2,3,13,21,8
CITY_K4R_dp_optimal_jenks,w305230318,w352312105,улица Правды,208.5,2,3,13,21,8
CITY_K4R_dp_optimal_jenks,w305230318,w352312123,улица Правды,223.1,2,3,13,21,8
CITY_K4R_dp_optimal_jenks,w305230318,w352312124,улица Правды,237.8,2,3,13,21,8
CITY_K4R_dp_optimal_jenks,w305230318,w352312127,улица Правды,247.9,2,3,13,21,8
CITY_K4R_dp_optimal_jenks,w305230318,w310206419,улица Правды,176.0,2,3,13,21,8
CITY_K4R_dp_optimal_jenks,w305230318,w310206420,улица Правды,186.5,2,3,13,21,8
CITY_K4R_dp_optimal_jenks,w305230318,w310206421,улица Правды,194.2,2,3,13,21,8
CITY_K4R_dp_optimal_jenks,w305230318,w310206422,улица Правды,206.7,2,3,13,21,8
CITY_K4R_dp_optimal_jenks,w305230318,w310488608,улица Правды,217.2,2,3,13,21,8
CITY_K4R_dp_optimal_jenks,w305230318,w310488609,улица Правды,219.4,2,3,13,21,8
CITY_K4R_dp_optimal_jenks,w305230318,w318122808,улица Правды,157.0,2,3,13,21,8
CITY_K4R_dp_optimal_jenks,w305230318,w318122810,улица Правды,154.3,2,3,13,21,8
CITY_K4R_dp_optimal_jenks,w305230318,w318122811,улица Правды,141.2,2,3,13,21,8
CITY_K4R_dp_optimal_jenks,w305230318,w318122813,улица Правды,135.0,2,3,13,21,8
CITY_K4R_dp_optimal_jenks,w305230318,w330410217,улица Правды,209.4,2,3,13,21,8
CITY_K4R_dp_optimal_jenks,w305230318,w330410222,улица Правды,165.2,2,3,13,21,8
CITY_K4R_dp_optimal_jenks,w305230318,w330410223,улица Правды,181.1,2,3,13,21,8
CITY_K4R_dp_optimal_jenks,w305230318,w330410224,улица Правды,165.5,2,3,13,21,8
CITY_K4R_dp_optimal_jenks,w305230318,w330883122,улица Правды,230.0,2,3,13,21,8
CITY_K4R_dp_optimal_jenks,w305230318,w333999696,улица Правды,142.2,2,3,13,21,8
CITY_K4R_dp_optimal_jenks,w305230318,w352309768,улица Правды,122.6,2,3,13,21,8
CITY_K4R_dp_optimal_jenks,w305230318,w352309769,улица Правды,123.5,2,3,13,21,8
CITY_K4R_dp_optimal_jenks,w305230318,w352312106,улица Правды,206.0,2,3,13,21,8
CITY_K4R_dp_optimal_jenks,w305230318,w441951719,улица Правды,187.7,2,3,13,21,8
CITY_K4R_dp_optimal_jenks,w305230318,w352312102,улица Правды,195.7,2,3,13,21,8
CITY_K4R_dp_optimal_jenks,w305230320,w352312107,улица Правды,218.1,2,3,13,21,8
CITY_K4R_dp_optimal_jenks,w305230320,w352312110,улица Правды,249.5,2,3,13,21,8
CITY_K4R_dp_optimal_jenks,w305230320,w352312112,улица Правды,229.9,2,3,13,21,8
CITY_K4R_dp_optimal_jenks,w305230320,w352307875,улица Правды,198.2,2,3,13,21,8
CITY_K4R_dp_optimal_jenks,w305230320,w352312100,улица Правды,217.0,2,3,13,21,8
CITY_K4R_dp_optimal_jenks,w305230320,w352312105,улица Правды,197.6,2,3,13,21,8
CITY_K4R_dp_optimal_jenks,w305230320,w352312123,улица Правды,212.4,2,3,13,21,8
CITY_K4R_dp_optimal_jenks,w305230320,w352312124,улица Правды,227.4,2,3,13,21,8
CITY_K4R_dp_optimal_jenks,w305230320,w352312127,улица Правды,237.6,2,3,13,21,8
CITY_K4R_dp_optimal_jenks,w305230320,w352312128,улица Правды,247.0,2,3,13,21,8
CITY_K4R_dp_optimal_jenks,w305230320,w310206419,улица Правды,181.4,2,3,13,21,8
CITY_K4R_dp_optimal_jenks,w305230320,w310206420,улица Правды,191.1,2,3,13,21,8
CITY_K4R_dp_optimal_jenks,w305230320,w310206421,улица Правды,198.0,2,3,13,21,8
CITY_K4R_dp_optimal_jenks,w305230320,w310206422,улица Правды,209.8,2,3,13,21,8
CITY_K4R_dp_optimal_jenks,w305230320,w310488608,улица Правды,219.9,2,3,13,21,8
CITY_K4R_dp_optimal_jenks,w305230320,w310488609,улица Правды,219.9,2,3,13,21,8
CITY_K4R_dp_optimal_jenks,w305230320,w318122808,улица Правды,163.3,2,3,13,21,8
CITY_K4R_dp_optimal_jenks,w305230320,w318122810,улица Правды,161.7,2,3,13,21,8
CITY_K4R_dp_optimal_jenks,w305230320,w318122811,улица Правды,149.1,2,3,13,21,8
CITY_K4R_dp_optimal_jenks,w305230320,w318122813,улица Правды,143.9,2,3,13,21,8
CITY_K4R_dp_optimal_jenks,w305230320,w330410217,улица Правды,208.0,2,3,13,21,8
CITY_K4R_dp_optimal_jenks,w305230320,w330410222,улица Правды,165.5,2,3,13,21,8
CITY_K4R_dp_optimal_jenks,w305230320,w330410223,улица Правды,182.9,2,3,13,21,8
CITY_K4R_dp_optimal_jenks,w305230320,w330410224,улица Правды,168.2,2,3,13,21,8
CITY_K4R_dp_optimal_jenks,w305230320,w330883122,улица Правды,232.3,2,3,13,21,8
CITY_K4R_dp_optimal_jenks,w305230320,w333999696,улица Правды,146.4,2,3,13,21,8
CITY_K4R_dp_optimal_jenks,w305230320,w352309768,улица Правды,124.8,2,3,13,21,8
CITY_K4R_dp_optimal_jenks,w305230320,w352309769,улица Правды,128.8,2,3,13,21,8
CITY_K4R_dp_optimal_jenks,w305230320,w352312106,улица Правды,197.5,2,3,13,21,8
CITY_K4R_dp_optimal_jenks,w305230320,w441951719,улица Правды,188.4,2,3,13,21,8
CITY_K4R_dp_optimal_jenks,w305230320,w352312102,улица Правды,184.2,2,3,13,21,8
CITY_K4R_dp_optimal_jenks,w305230322,w352312107,улица Правды,209.5,2,3,13,21,8
CITY_K4R_dp_optimal_jenks,w305230322,w352312110,улица Правды,241.2,2,3,13,21,8
CITY_K4R_dp_optimal_jenks,w305230322,w352312112,улица Правды,220.9,2,3,13,21,8
CITY_K4R_dp_optimal_jenks,w305230322,w352312130,улица Правды,240.0,2,3,13,21,8
CITY_K4R_dp_optimal_jenks,w305230322,w352307875,улица Правды,183.9,2,3,13,21,8
CITY_K4R_dp_optimal_jenks,w305230322,w352312100,улица Правды,203.6,2,3,13,21,8
CITY_K4R_dp_optimal_jenks,w305230322,w352312105,улица Правды,185.2,2,3,13,21,8
CITY_K4R_dp_optimal_jenks,w305230322,w352312123,улица Правды,200.2,2,3,13,21,8
CITY_K4R_dp_optimal_jenks,w305230322,w352312124,улица Правды,215.8,2,3,13,21,8
CITY_K4R_dp_optimal_jenks,w305230322,w352312126,улица Правды,239.9,2,3,13,21,8
CITY_K4R_dp_optimal_jenks,w305230322,w352312127,улица Правды,226.2,2,3,13,21,8
CITY_K4R_dp_optimal_jenks,w305230322,w352312128,улица Правды,235.6,2,3,13,21,8
CITY_K4R_dp_optimal_jenks,w305230322,w310206419,улица Правды,189.3,2,3,13,21,8
CITY_K4R_dp_optimal_jenks,w305230322,w310206420,улица Правды,198.1,2,3,13,21,8
CITY_K4R_dp_optimal_jenks,w305230322,w310206421,улица Правды,204.0,2,3,13,21,8
CITY_K4R_dp_optimal_jenks,w305230322,w310206422,улица Правды,215.0,2,3,13,21,8
CITY_K4R_dp_optimal_jenks,w305230322,w310488608,улица Правды,224.6,2,3,13,21,8
CITY_K4R_dp_optimal_jenks,w305230322,w310488609,улица Правды,222.1,2,3,13,21,8
CITY_K4R_dp_optimal_jenks,w305230322,w318122808,улица Правды,172.1,2,3,13,21,8
CITY_K4R_dp_optimal_jenks,w305230322,w318122810,улица Правды,171.9,2,3,13,21,8
CITY_K4R_dp_optimal_jenks,w305230322,w318122811,улица Правды,159.9,2,3,13,21,8
CITY_K4R_dp_optimal_jenks,w305230322,w318122813,улица Правды,155.8,2,3,13,21,8
CITY_K4R_dp_optimal_jenks,w305230322,w330410217,улица Правды,207.8,2,3,13,21,8
CITY_K4R_dp_optimal_jenks,w305230322,w330410222,улица Правды,167.7,2,3,13,21,8
CITY_K4R_dp_optimal_jenks,w305230322,w330410223,улица Правды,186.8,2,3,13,21,8
CITY_K4R_dp_optimal_jenks,w305230322,w330410224,улица Правды,173.0,2,3,13,21,8
CITY_K4R_dp_optimal_jenks,w305230322,w330883122,улица Правды,236.3,2,3,13,21,8
CITY_K4R_dp_optimal_jenks,w305230322,w333999696,улица Правды,153.2,2,3,13,21,8
CITY_K4R_dp_optimal_jenks,w305230322,w352309768,улица Правды,129.7,2,3,13,21,8
CITY_K4R_dp_optimal_jenks,w305230322,w352309769,улица Правды,137.0,2,3,13,21,8
CITY_K4R_dp_optimal_jenks,w305230322,w352312106,улица Правды,188.6,2,3,13,21,8
CITY_K4R_dp_optimal_jenks,w305230322,w441951719,улица Правды,190.9,2,3,13,21,8
CITY_K4R_dp_optimal_jenks,w305230322,w352312102,улица Правды,171.1,2,3,13,21,8
CITY_K4R_dp_optimal_jenks,w305230324,w352312107,улица Правды,205.4,2,3,13,21,8
CITY_K4R_dp_optimal_jenks,w305230324,w352312110,улица Правды,237.3,2,3,13,21,8
CITY_K4R_dp_optimal_jenks,w305230324,w352312112,улица Правды,216.3,2,3,13,21,8
CITY_K4R_dp_optimal_jenks,w305230324,w352312130,улица Правды,233.5,2,3,13,21,8
CITY_K4R_dp_optimal_jenks,w305230324,w352307875,улица Правды,173.6,2,3,13,21,8
CITY_K4R_dp_optimal_jenks,w305230324,w352312100,улица Правды,194.1,2,3,13,21,8
CITY_K4R_dp_optimal_jenks,w305230324,w352312105,улица Правды,177.1,2,3,13,21,8
CITY_K4R_dp_optimal_jenks,w305230324,w352312123,улица Правды,192.4,2,3,13,21,8
CITY_K4R_dp_optimal_jenks,w305230324,w352312124,улица Правды,208.4,2,3,13,21,8
CITY_K4R_dp_optimal_jenks,w305230324,w352312126,улица Правды,231.7,2,3,13,21,8
CITY_K4R_dp_optimal_jenks,w305230324,w352312127,улица Правды,219.0,2,3,13,21,8
CITY_K4R_dp_optimal_jenks,w305230324,w352312128,улица Правды,228.4,2,3,13,21,8
CITY_K4R_dp_optimal_jenks,w305230324,w352312131,улица Правды,247.8,2,3,13,21,8
CITY_K4R_dp_optimal_jenks,w305230324,w310206419,улица Правды,199.4,2,3,13,21,8
CITY_K4R_dp_optimal_jenks,w305230324,w310206420,улица Правды,207.5,2,3,13,21,8
CITY_K4R_dp_optimal_jenks,w305230324,w310206421,улица Правды,212.6,2,3,13,21,8
CITY_K4R_dp_optimal_jenks,w305230324,w310206422,улица Правды,223.1,2,3,13,21,8
CITY_K4R_dp_optimal_jenks,w305230324,w310488608,улица Правды,232.2,2,3,13,21,8
CITY_K4R_dp_optimal_jenks,w305230324,w310488609,улица Правды,227.7,2,3,13,21,8
CITY_K4R_dp_optimal_jenks,w305230324,w318122808,улица Правды,182.9,2,3,13,21,8
CITY_K4R_dp_optimal_jenks,w305230324,w318122810,улица Правды,183.5,2,3,13,21,8
CITY_K4R_dp_optimal_jenks,w305230324,w318122811,улица Правды,172.0,2,3,13,21,8
CITY_K4R_dp_optimal_jenks,w305230324,w318122813,улица Правды,168.5,2,3,13,21,8
CITY_K4R_dp_optimal_jenks,w305230324,w330410217,улица Правды,211.6,2,3,13,21,8
CITY_K4R_dp_optimal_jenks,w305230324,w330410222,улица Правды,173.6,2,3,13,21,8
CITY_K4R_dp_optimal_jenks,w305230324,w330410223,улица Правды,193.9,2,3,13,21,8
CITY_K4R_dp_optimal_jenks,w305230324,w330410224,улица Правды,181.0,2,3,13,21,8
CITY_K4R_dp_optimal_jenks,w305230324,w330883122,улица Правды,243.4,2,3,13,21,8
CITY_K4R_dp_optimal_jenks,w305230324,w333999696,улица Правды,162.6,2,3,13,21,8
CITY_K4R_dp_optimal_jenks,w305230324,w352309768,улица Правды,138.0,2,3,13,21,8
CITY_K4R_dp_optimal_jenks,w305230324,w352309769,улица Правды,147.4,2,3,13,21,8
CITY_K4R_dp_optimal_jenks,w305230324,w352312106,улица Правды,184.3,2,3,13,21,8
CITY_K4R_dp_optimal_jenks,w305230324,w441951719,улица Правды,196.9,2,3,13,21,8
CITY_K4R_dp_optimal_jenks,w305230324,w352312102,улица Правды,162.3,2,3,13,21,8
CITY_K4R_dp_optimal_jenks,w305230325,w352312107,улица Правды,203.6,2,3,13,21,8
CITY_K4R_dp_optimal_jenks,w305230325,w352312110,улица Правды,235.6,2,3,13,21,8
CITY_K4R_dp_optimal_jenks,w305230325,w352312112,улица Правды,214.0,2,3,13,21,8
CITY_K4R_dp_optimal_jenks,w305230325,w352312130,улица Правды,229.2,2,3,13,21,8
CITY_K4R_dp_optimal_jenks,w305230325,w352307875,улица Правды,165.1,2,3,13,21,8
CITY_K4R_dp_optimal_jenks,w305230325,w352312100,улица Правды,186.6,2,3,13,21,8
CITY_K4R_dp_optimal_jenks,w305230325,w352312105,улица Правды,171.1,2,3,13,21,8
CITY_K4R_dp_optimal_jenks,w305230325,w352312123,улица Правды,186.7,2,3,13,21,8
CITY_K4R_dp_optimal_jenks,w305230325,w352312124,улица Правды,203.2,2,3,13,21,8
CITY_K4R_dp_optimal_jenks,w305230325,w352312126,улица Правды,225.3,2,3,13,21,8
CITY_K4R_dp_optimal_jenks,w305230325,w352312127,улица Правды,213.8,2,3,13,21,8
CITY_K4R_dp_optimal_jenks,w305230325,w352312128,улица Правды,223.2,2,3,13,21,8
CITY_K4R_dp_optimal_jenks,w305230325,w352312131,улица Правды,242.0,2,3,13,21,8
CITY_K4R_dp_optimal_jenks,w305230325,w310206419,улица Правды,210.5,2,3,13,21,8
CITY_K4R_dp_optimal_jenks,w305230325,w310206420,улица Правды,218.1,2,3,13,21,8
CITY_K4R_dp_optimal_jenks,w305230325,w310206421,улица Правды,222.6,2,3,13,21,8
CITY_K4R_dp_optimal_jenks,w305230325,w310206422,улица Правды,232.5,2,3,13,21,8
CITY_K4R_dp_optimal_jenks,w305230325,w310488608,улица Правды,241.2,2,3,13,21,8
CITY_K4R_dp_optimal_jenks,w305230325,w310488609,улица Правды,235.1,2,3,13,21,8
CITY_K4R_dp_optimal_jenks,w305230325,w318122808,улица Правды,194.7,2,3,13,21,8
CITY_K4R_dp_optimal_jenks,w305230325,w318122810,улица Правды,195.8,2,3,13,21,8
CITY_K4R_dp_optimal_jenks,w305230325,w318122811,улица Правды,184.6,2,3,13,21,8
CITY_K4R_dp_optimal_jenks,w305230325,w318122813,улица Правды,181.6,2,3,13,21,8
CITY_K4R_dp_optimal_jenks,w305230325,w330410217,улица Правды,217.4,2,3,13,21,8
CITY_K4R_dp_optimal_jenks,w305230325,w330410222,улица Правды,181.4,2,3,13,21,8
CITY_K4R_dp_optimal_jenks,w305230325,w330410223,улица Правды,202.6,2,3,13,21,8
CITY_K4R_dp_optimal_jenks,w305230325,w330410224,улица Правды,190.5,2,3,13,21,8
CITY_K4R_dp_optimal_jenks,w305230325,w333999696,улица Правды,173.4,2,3,13,21,8
CITY_K4R_dp_optimal_jenks,w305230325,w352309768,улица Правды,147.9,2,3,13,21,8
CITY_K4R_dp_optimal_jenks,w305230325,w352309769,улица Правды,159.0,2,3,13,21,8
CITY_K4R_dp_optimal_jenks,w305230325,w352312106,улица Правды,182.4,2,3,13,21,8
CITY_K4R_dp_optimal_jenks,w305230325,w441951719,улица Правды,204.7,2,3,13,21,8
CITY_K4R_dp_optimal_jenks,w305230325,w352312102,улица Правды,155.6,2,3,13,21,8
CITY_K4R_dp_optimal_jenks,w305230326,w352312107,улица Правды,195.7,2,3,13,21,8
CITY_K4R_dp_optimal_jenks,w305230326,w352312109,улица Правды,245.8,2,3,13,21,8
CITY_K4R_dp_optimal_jenks,w305230326,w352312110,улица Правды,227.6,2,3,13,21,8
CITY_K4R_dp_optimal_jenks,w305230326,w352312112,улица Правды,205.6,2,3,13,21,8
CITY_K4R_dp_optimal_jenks,w305230326,w352312130,улица Правды,219.2,2,3,13,21,8
CITY_K4R_dp_optimal_jenks,w305230326,w352312139,улица Правды,245.7,2,3,13,21,8
CITY_K4R_dp_optimal_jenks,w305230326,w352307875,улица Правды,152.6,2,3,13,21,8
CITY_K4R_dp_optimal_jenks,w305230326,w352312100,улица Правды,174.6,2,3,13,21,8
CITY_K4R_dp_optimal_jenks,w305230326,w352312105,улица Правды,160.1,2,3,13,21,8
CITY_K4R_dp_optimal_jenks,w305230326,w352312123,улица Правды,175.8,2,3,13,21,8
CITY_K4R_dp_optimal_jenks,w305230326,w352312124,улица Правды,192.6,2,3,13,21,8
CITY_K4R_dp_optimal_jenks,w305230326,w352312126,улица Правды,214.0,2,3,13,21,8
CITY_K4R_dp_optimal_jenks,w305230326,w352312127,улица Правды,203.3,2,3,13,21,8
CITY_K4R_dp_optimal_jenks,w305230326,w352312128,улица Правды,212.6,2,3,13,21,8
CITY_K4R_dp_optimal_jenks,w305230326,w352312131,улица Правды,231.0,2,3,13,21,8
CITY_K4R_dp_optimal_jenks,w305230326,w310206419,улица Правды,216.0,2,3,13,21,8
CITY_K4R_dp_optimal_jenks,w305230326,w310206420,улица Правды,222.7,2,3,13,21,8
CITY_K4R_dp_optimal_jenks,w305230326,w310206421,улица Правды,226.5,2,3,13,21,8
CITY_K4R_dp_optimal_jenks,w305230326,w310206422,улица Правды,235.6,2,3,13,21,8
CITY_K4R_dp_optimal_jenks,w305230326,w310488608,улица Правды,243.9,2,3,13,21,8
CITY_K4R_dp_optimal_jenks,w305230326,w310488609,улица Правды,235.7,2,3,13,21,8
CITY_K4R_dp_optimal_jenks,w305230326,w318122808,улица Правды,201.0,2,3,13,21,8
CITY_K4R_dp_optimal_jenks,w305230326,w318122810,улица Правды,203.1,2,3,13,21,8
CITY_K4R_dp_optimal_jenks,w305230326,w318122811,улица Правды,192.5,2,3,13,21,8
CITY_K4R_dp_optimal_jenks,w305230326,w318122813,улица Правды,190.4,2,3,13,21,8
CITY_K4R_dp_optimal_jenks,w305230326,w330410217,улица Правды,216.4,2,3,13,21,8
CITY_K4R_dp_optimal_jenks,w305230326,w330410222,улица Правды,182.8,2,3,13,21,8
CITY_K4R_dp_optimal_jenks,w305230326,w330410223,улица Правды,205.0,2,3,13,21,8
CITY_K4R_dp_optimal_jenks,w305230326,w330410224,улица Правды,193.9,2,3,13,21,8
CITY_K4R_dp_optimal_jenks,w305230326,w333999696,улица Правды,178.4,2,3,13,21,8
CITY_K4R_dp_optimal_jenks,w305230326,w352309768,улица Правды,152.1,2,3,13,21,8
CITY_K4R_dp_optimal_jenks,w305230326,w352309769,улица Правды,165.3,2,3,13,21,8
CITY_K4R_dp_optimal_jenks,w305230326,w352312106,улица Правды,174.4,2,3,13,21,8
CITY_K4R_dp_optimal_jenks,w305230326,w441951719,улица Правды,206.0,2,3,13,21,8
CITY_K4R_dp_optimal_jenks,w305230326,w352312102,улица Правды,144.1,2,3,13,21,8
CITY_K4R_dp_optimal_jenks,w305230327,w352312107,улица Правды,193.2,2,3,13,21,8
CITY_K4R_dp_optimal_jenks,w305230327,w352312109,улица Правды,243.0,2,3,13,21,8
CITY_K4R_dp_optimal_jenks,w305230327,w352312110,улица Правды,225.0,2,3,13,21,8
CITY_K4R_dp_optimal_jenks,w305230327,w352312112,улица Правды,202.6,2,3,13,21,8
CITY_K4R_dp_optimal_jenks,w305230327,w352312130,улица Правды,214.0,2,3,13,21,8
CITY_K4R_dp_optimal_jenks,w305230327,w352312139,улица Правды,240.6,2,3,13,21,8
CITY_K4R_dp_optimal_jenks,w305230327,w352307875,улица Правды,143.6,2,3,13,21,8
CITY_K4R_dp_optimal_jenks,w305230327,w352312100,улица Правды,166.5,2,3,13,21,8
CITY_K4R_dp_optimal_jenks,w305230327,w352312105,улица Правды,153.8,2,3,13,21,8
CITY_K4R_dp_optimal_jenks,w305230327,w352312123,улица Правды,169.5,2,3,13,21,8
CITY_K4R_dp_optimal_jenks,w305230327,w352312124,улица Правды,186.7,2,3,13,21,8
CITY_K4R_dp_optimal_jenks,w305230327,w352312126,улица Правды,206.9,2,3,13,21,8
CITY_K4R_dp_optimal_jenks,w305230327,w352312127,улица Правды,197.5,2,3,13,21,8
CITY_K4R_dp_optimal_jenks,w305230327,w352312128,улица Правды,206.7,2,3,13,21,8
CITY_K4R_dp_optimal_jenks,w305230327,w352312131,улица Правды,224.3,2,3,13,21,8
CITY_K4R_dp_optimal_jenks,w305230327,w310206419,улица Правды,226.0,2,3,13,21,8
CITY_K4R_dp_optimal_jenks,w305230327,w310206420,улица Правды,232.2,2,3,13,21,8
CITY_K4R_dp_optimal_jenks,w305230327,w310206421,улица Правды,235.3,2,3,13,21,8
CITY_K4R_dp_optimal_jenks,w305230327,w310206422,улица Правды,243.8,2,3,13,21,8
CITY_K4R_dp_optimal_jenks,w305230327,w310488609,улица Правды,241.9,2,3,13,21,8
CITY_K4R_dp_optimal_jenks,w305230327,w318122808,улица Правды,211.6,2,3,13,21,8
CITY_K4R_dp_optimal_jenks,w305230327,w318122810,улица Правды,214.3,2,3,13,21,8
CITY_K4R_dp_optimal_jenks,w305230327,w318122811,улица Правды,204.1,2,3,13,21,8
CITY_K4R_dp_optimal_jenks,w305230327,w318122813,улица Правды,202.4,2,3,13,21,8
CITY_K4R_dp_optimal_jenks,w305230327,w330410217,улица Правды,221.2,2,3,13,21,8
CITY_K4R_dp_optimal_jenks,w305230327,w330410222,улица Правды,189.8,2,3,13,21,8
CITY_K4R_dp_optimal_jenks,w305230327,w330410223,улица Правды,212.8,2,3,13,21,8
CITY_K4R_dp_optimal_jenks,w305230327,w330410224,улица Правды,202.4,2,3,13,21,8
CITY_K4R_dp_optimal_jenks,w305230327,w333999696,улица Правды,188.2,2,3,13,21,8
CITY_K4R_dp_optimal_jenks,w305230327,w352309768,улица Правды,161.3,2,3,13,21,8
CITY_K4R_dp_optimal_jenks,w305230327,w352309769,улица Правды,175.9,2,3,13,21,8
CITY_K4R_dp_optimal_jenks,w305230327,w352312106,улица Правды,172.0,2,3,13,21,8
CITY_K4R_dp_optimal_jenks,w305230327,w441951719,улица Правды,212.8,2,3,13,21,8
CITY_K4R_dp_optimal_jenks,w305230327,w352312102,улица Правды,137.1,2,3,13,21,8
CITY_K4R_dp_optimal_jenks,w305230330,w352307875,тупик Некрасова,202.5,2,3,13,21,8
CITY_K4R_dp_optimal_jenks,w305230330,w352312100,тупик Некрасова,226.9,2,3,13,21,8
CITY_K4R_dp_optimal_jenks,w305230330,w352312105,тупик Некрасова,216.8,2,3,13,21,8
CITY_K4R_dp_optimal_jenks,w305230330,w352312123,тупик Некрасова,232.5,2,3,13,21,8
CITY_K4R_dp_optimal_jenks,w305230330,w352312124,тупик Некрасова,250.0,2,3,13,21,8
CITY_K4R_dp_optimal_jenks,w305230330,w318122808,тупик Некрасова,247.1,2,3,13,21,8
CITY_K4R_dp_optimal_jenks,w305230330,w318122810,тупик Некрасова,246.0,2,3,13,21,8
CITY_K4R_dp_optimal_jenks,w305230330,w318122811,тупик Некрасова,233.4,2,3,13,21,8
CITY_K4R_dp_optimal_jenks,w305230330,w318122813,тупик Некрасова,227.9,2,3,13,21,8
CITY_K4R_dp_optimal_jenks,w305230330,w330410222,тупик Некрасова,240.7,2,3,13,21,8
CITY_K4R_dp_optimal_jenks,w305230330,w330410224,тупик Некрасова,248.0,2,3,13,21,8
CITY_K4R_dp_optimal_jenks,w305230330,w333999696,тупик Некрасова,228.6,2,3,13,21,8
CITY_K4R_dp_optimal_jenks,w305230330,w352309768,тупик Некрасова,204.8,2,3,13,21,8
CITY_K4R_dp_optimal_jenks,w305230330,w352309769,тупик Некрасова,212.2,2,3,13,21,8
CITY_K4R_dp_optimal_jenks,w305230330,w352312106,тупик Некрасова,236.6,2,3,13,21,8
CITY_K4R_dp_optimal_jenks,w305230330,w352312102,тупик Некрасова,199.5,2,3,13,21,8
CITY_K4R_dp_optimal_jenks,w310206419,w330410221,улица Менделеева,115.9,3,2,21,13,8
CITY_K4R_dp_optimal_jenks,w310206419,w330883125,улица Менделеева,78.3,3,2,21,13,8
CITY_K4R_dp_optimal_jenks,w310206419,w330883126,улица Менделеева,93.8,3,2,21,13,8
CITY_K4R_dp_optimal_jenks,w310206419,w352309763,улица Менделеева,157.7,3,2,21,13,8
CITY_K4R_dp_optimal_jenks,w310206419,w352309767,улица Менделеева,149.4,3,2,21,13,8
CITY_K4R_dp_optimal_jenks,w310206419,w352309772,улица Менделеева,87.7,3,2,21,13,8
CITY_K4R_dp_optimal_jenks,w310206419,w352309774,улица Менделеева,101.1,3,2,21,13,8
CITY_K4R_dp_optimal_jenks,w310206419,w352309776,улица Менделеева,100.0,3,2,21,13,8
CITY_K4R_dp_optimal_jenks,w310206419,w352309779,улица Менделеева,118.8,3,2,21,13,8
CITY_K4R_dp_optimal_jenks,w310206419,w352312097,улица Менделеева,190.8,3,2,21,13,8
CITY_K4R_dp_optimal_jenks,w310206419,w318122806,улица Менделеева,184.5,3,2,21,13,8
CITY_K4R_dp_optimal_jenks,w310206419,w352309081,улица Менделеева,234.7,3,2,21,13,8
CITY_K4R_dp_optimal_jenks,w310206419,w352309082,улица Менделеева,235.5,3,2,21,13,8
CITY_K4R_dp_optimal_jenks,w310206419,w352309084,улица Менделеева,152.8,3,2,21,13,8
CITY_K4R_dp_optimal_jenks,w310206419,w352309085,улица Менделеева,154.5,3,2,21,13,8
CITY_K4R_dp_optimal_jenks,w310206419,w352309529,улица Менделеева,183.0,3,2,21,13,8
CITY_K4R_dp_optimal_jenks,w310206419,w352309777,улица Менделеева,115.7,3,2,21,13,8
CITY_K4R_dp_optimal_jenks,w310206419,w352312092,улица Менделеева,185.8,3,2,21,13,8
CITY_K4R_dp_optimal_jenks,w310206419,w352312093,улица Менделеева,181.4,3,2,21,13,8
CITY_K4R_dp_optimal_jenks,w310206419,w352312096,улица Менделеева,187.0,3,2,21,13,8
CITY_K4R_dp_optimal_jenks,w310206419,w352312099,улица Менделеева,235.8,3,2,21,13,8
CITY_K4R_dp_optimal_jenks,w310206420,w330410221,улица Менделеева,113.5,3,2,21,13,8
CITY_K4R_dp_optimal_jenks,w310206420,w330883125,улица Менделеева,75.9,3,2,21,13,8
CITY_K4R_dp_optimal_jenks,w310206420,w330883126,улица Менделеева,91.6,3,2,21,13,8
CITY_K4R_dp_optimal_jenks,w310206420,w352309763,улица Менделеева,152.9,3,2,21,13,8
CITY_K4R_dp_optimal_jenks,w310206420,w352309767,улица Менделеева,147.5,3,2,21,13,8
CITY_K4R_dp_optimal_jenks,w310206420,w352309772,улица Менделеева,97.3,3,2,21,13,8
CITY_K4R_dp_optimal_jenks,w310206420,w352309774,улица Менделеева,108.5,3,2,21,13,8
CITY_K4R_dp_optimal_jenks,w310206420,w352309776,улица Менделеева,102.4,3,2,21,13,8
CITY_K4R_dp_optimal_jenks,w310206420,w352309779,улица Менделеева,120.5,3,2,21,13,8
CITY_K4R_dp_optimal_jenks,w310206420,w352312097,улица Менделеева,186.2,3,2,21,13,8
CITY_K4R_dp_optimal_jenks,w310206420,w318122806,улица Менделеева,196.4,3,2,21,13,8
CITY_K4R_dp_optimal_jenks,w310206420,w352309081,улица Менделеева,235.3,3,2,21,13,8
CITY_K4R_dp_optimal_jenks,w310206420,w352309082,улица Менделеева,234.9,3,2,21,13,8
CITY_K4R_dp_optimal_jenks,w310206420,w352309084,улица Менделеева,153.9,3,2,21,13,8
CITY_K4R_dp_optimal_jenks,w310206420,w352309085,улица Менделеева,156.9,3,2,21,13,8
CITY_K4R_dp_optimal_jenks,w310206420,w352309529,улица Менделеева,184.5,3,2,21,13,8
CITY_K4R_dp_optimal_jenks,w310206420,w352309777,улица Менделеева,121.4,3,2,21,13,8
CITY_K4R_dp_optimal_jenks,w310206420,w352312092,улица Менделеева,185.1,3,2,21,13,8
CITY_K4R_dp_optimal_jenks,w310206420,w352312093,улица Менделеева,179.2,3,2,21,13,8
CITY_K4R_dp_optimal_jenks,w310206420,w352312096,улица Менделеева,183.5,3,2,21,13,8
CITY_K4R_dp_optimal_jenks,w310206420,w352312099,улица Менделеева,234.2,3,2,21,13,8
CITY_K4R_dp_optimal_jenks,w310206421,w330410221,улица Менделеева,109.4,3,2,21,13,8
CITY_K4R_dp_optimal_jenks,w310206421,w330883125,улица Менделеева,72.6,3,2,21,13,8
CITY_K4R_dp_optimal_jenks,w310206421,w330883126,улица Менделеева,88.2,3,2,21,13,8
CITY_K4R_dp_optimal_jenks,w310206421,w352309763,улица Менделеева,146.0,3,2,21,13,8
CITY_K4R_dp_optimal_jenks,w310206421,w352309767,улица Менделеева,143.4,3,2,21,13,8
CITY_K4R_dp_optimal_jenks,w310206421,w352309772,улица Менделеева,104.8,3,2,21,13,8
CITY_K4R_dp_optimal_jenks,w310206421,w352309774,улица Менделеева,113.7,3,2,21,13,8
CITY_K4R_dp_optimal_jenks,w310206421,w352309776,улица Менделеева,102.9,3,2,21,13,8
CITY_K4R_dp_optimal_jenks,w310206421,w352309779,улица Менделеева,120.1,3,2,21,13,8
CITY_K4R_dp_optimal_jenks,w310206421,w352312097,улица Менделеева,179.3,3,2,21,13,8
CITY_K4R_dp_optimal_jenks,w310206421,w318122806,улица Менделеева,205.5,3,2,21,13,8
CITY_K4R_dp_optimal_jenks,w310206421,w352309081,улица Менделеева,232.9,3,2,21,13,8
CITY_K4R_dp_optimal_jenks,w310206421,w352309082,улица Менделеева,231.4,3,2,21,13,8
CITY_K4R_dp_optimal_jenks,w310206421,w352309084,улица Менделеева,152.5,3,2,21,13,8
CITY_K4R_dp_optimal_jenks,w310206421,w352309085,улица Менделеева,156.8,3,2,21,13,8
CITY_K4R_dp_optimal_jenks,w310206421,w352309529,улица Менделеева,183.3,3,2,21,13,8
CITY_K4R_dp_optimal_jenks,w310206421,w352309777,улица Менделеева,124.7,3,2,21,13,8
CITY_K4R_dp_optimal_jenks,w310206421,w352312092,улица Менделеева,181.8,3,2,21,13,8
CITY_K4R_dp_optimal_jenks,w310206421,w352312093,улица Менделеева,174.6,3,2,21,13,8
CITY_K4R_dp_optimal_jenks,w310206421,w352312096,улица Менделеева,177.7,3,2,21,13,8
CITY_K4R_dp_optimal_jenks,w310206421,w352312099,улица Менделеева,229.9,3,2,21,13,8
CITY_K4R_dp_optimal_jenks,w310206422,w330410221,улица Менделеева,111.7,3,2,21,13,8
CITY_K4R_dp_optimal_jenks,w310206422,w330883125,улица Менделеева,76.8,3,2,21,13,8
CITY_K4R_dp_optimal_jenks,w310206422,w330883126,улица Менделеева,91.6,3,2,21,13,8
CITY_K4R_dp_optimal_jenks,w310206422,w352309763,улица Менделеева,144.5,3,2,21,13,8
CITY_K4R_dp_optimal_jenks,w310206422,w352309767,улица Менделеева,145.2,3,2,21,13,8
CITY_K4R_dp_optimal_jenks,w310206422,w352309772,улица Менделеева,117.5,3,2,21,13,8
CITY_K4R_dp_optimal_jenks,w310206422,w352309774,улица Менделеева,124.7,3,2,21,13,8
CITY_K4R_dp_optimal_jenks,w310206422,w352309776,улица Менделеева,110.1,3,2,21,13,8
CITY_K4R_dp_optimal_jenks,w310206422,w352309779,улица Менделеева,126.1,3,2,21,13,8
CITY_K4R_dp_optimal_jenks,w310206422,w352312097,улица Менделеева,177.5,3,2,21,13,8
CITY_K4R_dp_optimal_jenks,w310206422,w318122806,улица Менделеева,219.0,3,2,21,13,8
CITY_K4R_dp_optimal_jenks,w310206422,w352309081,улица Менделеева,236.0,3,2,21,13,8
CITY_K4R_dp_optimal_jenks,w310206422,w352309082,улица Менделеева,233.3,3,2,21,13,8
CITY_K4R_dp_optimal_jenks,w310206422,w352309084,улица Менделеева,157.2,3,2,21,13,8
CITY_K4R_dp_optimal_jenks,w310206422,w352309085,улица Менделеева,162.8,3,2,21,13,8
CITY_K4R_dp_optimal_jenks,w310206422,w352309529,улица Менделеева,187.8,3,2,21,13,8
CITY_K4R_dp_optimal_jenks,w310206422,w352309777,улица Менделеева,134.1,3,2,21,13,8
CITY_K4R_dp_optimal_jenks,w310206422,w352312092,улица Менделеева,184.2,3,2,21,13,8
CITY_K4R_dp_optimal_jenks,w310206422,w352312093,улица Менделеева,175.5,3,2,21,13,8
CITY_K4R_dp_optimal_jenks,w310206422,w352312096,улица Менделеева,177.1,3,2,21,13,8
CITY_K4R_dp_optimal_jenks,w310206422,w352312099,улица Менделеева,230.8,3,2,21,13,8
CITY_K4R_dp_optimal_jenks,w310488608,w330410221,улица Менделеева,115.8,3,2,21,13,8
CITY_K4R_dp_optimal_jenks,w310488608,w330883125,улица Менделеева,82.8,3,2,21,13,8
CITY_K4R_dp_optimal_jenks,w310488608,w330883126,улица Менделеева,96.9,3,2,21,13,8
CITY_K4R_dp_optimal_jenks,w310488608,w352309763,улица Менделеева,145.4,3,2,21,13,8
CITY_K4R_dp_optimal_jenks,w310488608,w352309767,улица Менделеева,148.6,3,2,21,13,8
CITY_K4R_dp_optimal_jenks,w310488608,w352309772,улица Менделеева,128.4,3,2,21,13,8
CITY_K4R_dp_optimal_jenks,w310488608,w352309774,улица Менделеева,134.5,3,2,21,13,8
CITY_K4R_dp_optimal_jenks,w310488608,w352309776,улица Менделеева,117.5,3,2,21,13,8
CITY_K4R_dp_optimal_jenks,w310488608,w352309779,улица Менделеева,132.6,3,2,21,13,8
CITY_K4R_dp_optimal_jenks,w310488608,w352312097,улица Менделеева,177.9,3,2,21,13,8
CITY_K4R_dp_optimal_jenks,w310488608,w318122806,улица Менделеева,230.1,3,2,21,13,8
CITY_K4R_dp_optimal_jenks,w310488608,w352309081,улица Менделеева,240.0,3,2,21,13,8
CITY_K4R_dp_optimal_jenks,w310488608,w352309082,улица Менделеева,236.4,3,2,21,13,8
CITY_K4R_dp_optimal_jenks,w310488608,w352309084,улица Менделеева,162.6,3,2,21,13,8
CITY_K4R_dp_optimal_jenks,w310488608,w352309085,улица Менделеева,169.0,3,2,21,13,8
CITY_K4R_dp_optimal_jenks,w310488608,w352309529,улица Менделеева,193.0,3,2,21,13,8
CITY_K4R_dp_optimal_jenks,w310488608,w352309777,улица Менделеева,142.9,3,2,21,13,8
CITY_K4R_dp_optimal_jenks,w310488608,w352312092,улица Менделеева,187.9,3,2,21,13,8
CITY_K4R_dp_optimal_jenks,w310488608,w352312093,улица Менделеева,178.1,3,2,21,13,8
CITY_K4R_dp_optimal_jenks,w310488608,w352312096,улица Менделеева,178.6,3,2,21,13,8
CITY_K4R_dp_optimal_jenks,w310488608,w352312099,улица Менделеева,233.1,3,2,21,13,8
CITY_K4R_dp_optimal_jenks,w310488609,w352306367,улица Менделеева,232.8,3,2,21,13,8
CITY_K4R_dp_optimal_jenks,w310488609,w330410221,улица Менделеева,97.9,3,2,21,13,8
CITY_K4R_dp_optimal_jenks,w310488609,w330883125,улица Менделеева,73.4,3,2,21,13,8
CITY_K4R_dp_optimal_jenks,w310488609,w330883126,улица Менделеева,83.5,3,2,21,13,8
CITY_K4R_dp_optimal_jenks,w310488609,w352309763,улица Менделеева,118.6,3,2,21,13,8
CITY_K4R_dp_optimal_jenks,w310488609,w352309767,улица Менделеева,127.5,3,2,21,13,8
CITY_K4R_dp_optimal_jenks,w310488609,w352309772,улица Менделеева,134.6,3,2,21,13,8
CITY_K4R_dp_optimal_jenks,w310488609,w352309774,улица Менделеева,135.3,3,2,21,13,8
CITY_K4R_dp_optimal_jenks,w310488609,w352309776,улица Менделеева,110.0,3,2,21,13,8
CITY_K4R_dp_optimal_jenks,w310488609,w352309779,улица Менделеева,121.1,3,2,21,13,8
CITY_K4R_dp_optimal_jenks,w310488609,w352312097,улица Менделеева,149.8,3,2,21,13,8
CITY_K4R_dp_optimal_jenks,w310488609,w318122806,улица Менделеева,235.6,3,2,21,13,8
CITY_K4R_dp_optimal_jenks,w310488609,w352307873,улица Менделеева,236.0,3,2,21,13,8
CITY_K4R_dp_optimal_jenks,w310488609,w352309081,улица Менделеева,218.7,3,2,21,13,8
CITY_K4R_dp_optimal_jenks,w310488609,w352309082,улица Менделеева,213.1,3,2,21,13,8
CITY_K4R_dp_optimal_jenks,w310488609,w352309084,улица Менделеева,146.6,3,2,21,13,8
CITY_K4R_dp_optimal_jenks,w310488609,w352309085,улица Менделеева,155.5,3,2,21,13,8
CITY_K4R_dp_optimal_jenks,w310488609,w352309529,улица Менделеева,175.8,3,2,21,13,8
CITY_K4R_dp_optimal_jenks,w310488609,w352309777,улица Менделеева,138.8,3,2,21,13,8
CITY_K4R_dp_optimal_jenks,w310488609,w352312092,улица Менделеева,166.5,3,2,21,13,8
CITY_K4R_dp_optimal_jenks,w310488609,w352312093,улица Менделеева,154.3,3,2,21,13,8
CITY_K4R_dp_optimal_jenks,w310488609,w352312096,улица Менделеева,152.4,3,2,21,13,8
CITY_K4R_dp_optimal_jenks,w310488609,w352312099,улица Менделеева,208.2,3,2,21,13,8
CITY_K4R_dp_optimal_jenks,w318122806,w352307875,улица Правды,236.0,2,3,13,21,8
CITY_K4R_dp_optimal_jenks,w318122806,w352312105,улица Правды,234.5,2,3,13,21,8
CITY_K4R_dp_optimal_jenks,w318122806,w352312123,улица Правды,249.1,2,3,13,21,8
CITY_K4R_dp_optimal_jenks,w318122806,w318122808,улица Правды,164.3,2,3,13,21,8
CITY_K4R_dp_optimal_jenks,w318122806,w318122810,улица Правды,159.2,2,3,13,21,8
CITY_K4R_dp_optimal_jenks,w318122806,w318122811,улица Правды,145.1,2,3,13,21,8
CITY_K4R_dp_optimal_jenks,w318122806,w318122813,улица Правды,136.4,2,3,13,21,8
CITY_K4R_dp_optimal_jenks,w318122806,w330410217,улица Правды,228.4,2,3,13,21,8
CITY_K4R_dp_optimal_jenks,w318122806,w330410222,улица Правды,182.4,2,3,13,21,8
CITY_K4R_dp_optimal_jenks,w318122806,w330410223,улица Правды,195.7,2,3,13,21,8
CITY_K4R_dp_optimal_jenks,w318122806,w330410224,улица Правды,179.1,2,3,13,21,8
CITY_K4R_dp_optimal_jenks,w318122806,w330883122,улица Правды,243.6,2,3,13,21,8
CITY_K4R_dp_optimal_jenks,w318122806,w333999696,улица Правды,153.6,2,3,13,21,8
CITY_K4R_dp_optimal_jenks,w318122806,w352309768,улица Правды,137.6,2,3,13,21,8
CITY_K4R_dp_optimal_jenks,w318122806,w352309769,улица Правды,133.4,2,3,13,21,8
CITY_K4R_dp_optimal_jenks,w318122806,w352312106,улица Правды,231.3,2,3,13,21,8
CITY_K4R_dp_optimal_jenks,w318122806,w441951719,улица Правды,204.0,2,3,13,21,8
CITY_K4R_dp_optimal_jenks,w318122806,w352312102,улица Правды,221.6,2,3,13,21,8
CITY_K4R_dp_optimal_jenks,w318122808,w330410221,улица Менделеева,114.4,3,2,21,13,8
CITY_K4R_dp_optimal_jenks,w318122808,w330883125,улица Менделеева,78.5,3,2,21,13,8
CITY_K4R_dp_optimal_jenks,w318122808,w330883126,улица Менделеева,92.8,3,2,21,13,8
CITY_K4R_dp_optimal_jenks,w318122808,w352309763,улица Менделеева,158.9,3,2,21,13,8
CITY_K4R_dp_optimal_jenks,w318122808,w352309767,улица Менделеева,146.6,3,2,21,13,8
CITY_K4R_dp_optimal_jenks,w318122808,w352309772,улица Менделеева,70.6,3,2,21,13,8
CITY_K4R_dp_optimal_jenks,w318122808,w352309774,улица Менделеева,86.6,3,2,21,13,8
CITY_K4R_dp_optimal_jenks,w318122808,w352309776,улица Менделеева,92.5,3,2,21,13,8
CITY_K4R_dp_optimal_jenks,w318122808,w352309779,улица Менделеева,111.7,3,2,21,13,8
CITY_K4R_dp_optimal_jenks,w318122808,w352312097,улица Менделеева,191.2,3,2,21,13,8
CITY_K4R_dp_optimal_jenks,w318122808,w352309081,улица Менделеева,227.6,3,2,21,13,8
CITY_K4R_dp_optimal_jenks,w318122808,w352309082,улица Менделеева,230.0,3,2,21,13,8
CITY_K4R_dp_optimal_jenks,w318122808,w352309084,улица Менделеева,145.8,3,2,21,13,8
CITY_K4R_dp_optimal_jenks,w318122808,w352309085,улица Менделеева,145.5,3,2,21,13,8
CITY_K4R_dp_optimal_jenks,w318122808,w352309529,улица Менделеева,175.0,3,2,21,13,8
CITY_K4R_dp_optimal_jenks,w318122808,w352309777,улица Менделеева,103.2,3,2,21,13,8
CITY_K4R_dp_optimal_jenks,w318122808,w352312092,улица Менделеева,180.7,3,2,21,13,8
CITY_K4R_dp_optimal_jenks,w318122808,w352312093,улица Менделеева,178.4,3,2,21,13,8
CITY_K4R_dp_optimal_jenks,w318122808,w352312096,улица Менделеева,185.9,3,2,21,13,8
CITY_K4R_dp_optimal_jenks,w318122808,w352312099,улица Менделеева,231.6,3,2,21,13,8
CITY_K4R_dp_optimal_jenks,w318122810,w330410221,улица Менделеева,126.8,3,2,21,13,8
CITY_K4R_dp_optimal_jenks,w318122810,w330883125,улица Менделеева,92.1,3,2,21,13,8
CITY_K4R_dp_optimal_jenks,w318122810,w330883126,улица Менделеева,105.7,3,2,21,13,8
CITY_K4R_dp_optimal_jenks,w318122810,w352309763,улица Менделеева,172.0,3,2,21,13,8
CITY_K4R_dp_optimal_jenks,w318122810,w352309767,улица Менделеева,158.0,3,2,21,13,8
CITY_K4R_dp_optimal_jenks,w318122810,w352309772,улица Менделеева,72.3,3,2,21,13,8
CITY_K4R_dp_optimal_jenks,w318122810,w352309774,улица Менделеева,90.7,3,2,21,13,8
CITY_K4R_dp_optimal_jenks,w318122810,w352309776,улица Менделеева,102.1,3,2,21,13,8
CITY_K4R_dp_optimal_jenks,w318122810,w352309779,улица Менделеева,121.1,3,2,21,13,8
CITY_K4R_dp_optimal_jenks,w318122810,w352312097,улица Менделеева,203.9,3,2,21,13,8
CITY_K4R_dp_optimal_jenks,w318122810,w352309081,улица Менделеева,236.1,3,2,21,13,8
CITY_K4R_dp_optimal_jenks,w318122810,w352309082,улица Менделеева,239.4,3,2,21,13,8
CITY_K4R_dp_optimal_jenks,w318122810,w352309084,улица Менделеева,154.9,3,2,21,13,8
CITY_K4R_dp_optimal_jenks,w318122810,w352309085,улица Менделеева,153.3,3,2,21,13,8
CITY_K4R_dp_optimal_jenks,w318122810,w352309529,улица Менделеева,183.2,3,2,21,13,8
CITY_K4R_dp_optimal_jenks,w318122810,w352309777,улица Менделеева,108.8,3,2,21,13,8
CITY_K4R_dp_optimal_jenks,w318122810,w352312092,улица Менделеева,190.7,3,2,21,13,8
CITY_K4R_dp_optimal_jenks,w318122810,w352312093,улица Менделеева,189.7,3,2,21,13,8
CITY_K4R_dp_optimal_jenks,w318122810,w352312096,улица Менделеева,198.0,3,2,21,13,8
CITY_K4R_dp_optimal_jenks,w318122810,w352312099,улица Менделеева,241.9,3,2,21,13,8
CITY_K4R_dp_optimal_jenks,w318122811,w330410221,улица Менделеева,126.8,3,2,21,13,8
CITY_K4R_dp_optimal_jenks,w318122811,w330883125,улица Менделеева,94.5,3,2,21,13,8
CITY_K4R_dp_optimal_jenks,w318122811,w330883126,улица Менделеева,106.7,3,2,21,13,8
CITY_K4R_dp_optimal_jenks,w318122811,w352309763,улица Менделеева,172.9,3,2,21,13,8
CITY_K4R_dp_optimal_jenks,w318122811,w352309767,улица Менделеева,156.5,3,2,21,13,8
CITY_K4R_dp_optimal_jenks,w318122811,w352309772,улица Менделеева,62.9,3,2,21,13,8
CITY_K4R_dp_optimal_jenks,w318122811,w352309774,улица Менделеева,82.7,3,2,21,13,8
CITY_K4R_dp_optimal_jenks,w318122811,w352309776,улица Менделеева,99.0,3,2,21,13,8
CITY_K4R_dp_optimal_jenks,w318122811,w352309779,улица Менделеева,117.5,3,2,21,13,8
CITY_K4R_dp_optimal_jenks,w318122811,w352312097,улица Менделеева,203.9,3,2,21,13,8
CITY_K4R_dp_optimal_jenks,w318122811,w352309081,улица Менделеева,230.7,3,2,21,13,8
CITY_K4R_dp_optimal_jenks,w318122811,w352309082,улица Менделеева,235.1,3,2,21,13,8
CITY_K4R_dp_optimal_jenks,w318122811,w352309084,улица Менделеева,150.6,3,2,21,13,8
CITY_K4R_dp_optimal_jenks,w318122811,w352309085,улица Менделеева,147.7,3,2,21,13,8
CITY_K4R_dp_optimal_jenks,w318122811,w352309529,улица Менделеева,177.8,3,2,21,13,8
CITY_K4R_dp_optimal_jenks,w318122811,w352309777,улица Менделеева,101.7,3,2,21,13,8
CITY_K4R_dp_optimal_jenks,w318122811,w352312092,улица Менделеева,187.2,3,2,21,13,8
CITY_K4R_dp_optimal_jenks,w318122811,w352312093,улица Менделеева,187.6,3,2,21,13,8
CITY_K4R_dp_optimal_jenks,w318122811,w352312096,улица Менделеева,197.0,3,2,21,13,8
CITY_K4R_dp_optimal_jenks,w318122811,w352312099,улица Менделеева,238.4,3,2,21,13,8
CITY_K4R_dp_optimal_jenks,w318122813,w330410221,улица Менделеева,136.3,3,2,21,13,8
CITY_K4R_dp_optimal_jenks,w318122813,w330883125,улица Менделеева,105.9,3,2,21,13,8
CITY_K4R_dp_optimal_jenks,w318122813,w330883126,улица Менделеева,117.1,3,2,21,13,8
CITY_K4R_dp_optimal_jenks,w318122813,w352309763,улица Менделеева,182.6,3,2,21,13,8
CITY_K4R_dp_optimal_jenks,w318122813,w352309767,улица Менделеева,164.4,3,2,21,13,8
CITY_K4R_dp_optimal_jenks,w318122813,w352309772,улица Менделеева,64.3,3,2,21,13,8
CITY_K4R_dp_optimal_jenks,w318122813,w352309774,улица Менделеева,85.2,3,2,21,13,8
CITY_K4R_dp_optimal_jenks,w318122813,w352309776,улица Менделеева,106.3,3,2,21,13,8
CITY_K4R_dp_optimal_jenks,w318122813,w352309779,улица Менделеева,124.1,3,2,21,13,8
CITY_K4R_dp_optimal_jenks,w318122813,w352312097,улица Менделеева,212.9,3,2,21,13,8
CITY_K4R_dp_optimal_jenks,w318122813,w352309081,улица Менделеева,234.8,3,2,21,13,8
CITY_K4R_dp_optimal_jenks,w318122813,w352309082,улица Менделеева,240.2,3,2,21,13,8
CITY_K4R_dp_optimal_jenks,w318122813,w352309084,улица Менделеева,156.1,3,2,21,13,8
CITY_K4R_dp_optimal_jenks,w318122813,w352309085,улица Менделеева,151.9,3,2,21,13,8
CITY_K4R_dp_optimal_jenks,w318122813,w352309529,улица Менделеева,182.0,3,2,21,13,8
CITY_K4R_dp_optimal_jenks,w318122813,w352309777,улица Менделеева,104.9,3,2,21,13,8
CITY_K4R_dp_optimal_jenks,w318122813,w352312092,улица Менделеева,193.2,3,2,21,13,8
CITY_K4R_dp_optimal_jenks,w318122813,w352312093,улица Менделеева,194.9,3,2,21,13,8
CITY_K4R_dp_optimal_jenks,w318122813,w352312096,улица Менделеева,205.2,3,2,21,13,8
CITY_K4R_dp_optimal_jenks,w318122813,w352312099,улица Менделеева,244.3,3,2,21,13,8
CITY_K4R_dp_optimal_jenks,w318122845,w350364158,улица Тамары Кручок,246.8,3,2,21,13,8
CITY_K4R_dp_optimal_jenks,w318188258,w318188293,улица Энгельса,235.4,3,2,21,13,8
CITY_K4R_dp_optimal_jenks,w318188258,w318188294,улица Энгельса,220.1,3,2,21,13,8
CITY_K4R_dp_optimal_jenks,w318188258,w318188296,улица Энгельса,169.8,3,2,21,13,8
CITY_K4R_dp_optimal_jenks,w318188258,w96821759,улица Энгельса,160.0,3,2,21,13,8
CITY_K4R_dp_optimal_jenks,w318188260,w318188296,улица Шмидта,231.4,3,2,21,13,8
CITY_K4R_dp_optimal_jenks,w318188260,w96821759,улица Шмидта,201.5,3,2,21,13,8
CITY_K4R_dp_optimal_jenks,w318188261,w318188296,улица Шмидта,243.4,3,2,21,13,8
CITY_K4R_dp_optimal_jenks,w318188261,w96821759,улица Шмидта,212.6,3,2,21,13,8
CITY_K4R_dp_optimal_jenks,w318188262,w96821759,улица Шмидта,221.0,3,2,21,13,8
CITY_K4R_dp_optimal_jenks,w318188263,w96821759,улица Шмидта,235.9,3,2,21,13,8
CITY_K4R_dp_optimal_jenks,w318188264,w96821759,улица Шмидта,247.1,3,2,21,13,8
CITY_K4R_dp_optimal_jenks,w318188283,w320444304,улица Иона Солтыса,182.1,2,3,13,21,8
CITY_K4R_dp_optimal_jenks,w318188283,w320444305,улица Иона Солтыса,186.3,2,3,13,21,8
CITY_K4R_dp_optimal_jenks,w318188283,w318188302,улица Иона Солтыса,103.1,2,3,13,21,8
CITY_K4R_dp_optimal_jenks,w318188283,w319390717,улица Иона Солтыса,133.9,2,3,13,21,8
CITY_K4R_dp_optimal_jenks,w318188283,w319390719,улица Иона Солтыса,128.6,2,3,13,21,8
CITY_K4R_dp_optimal_jenks,w318188283,w319390721,улица Иона Солтыса,129.2,2,3,13,21,8
CITY_K4R_dp_optimal_jenks,w318188283,w319390725,улица Иона Солтыса,129.3,2,3,13,21,8
CITY_K4R_dp_optimal_jenks,w318188283,w320444307,улица Иона Солтыса,179.9,2,3,13,21,8
CITY_K4R_dp_optimal_jenks,w318188283,w320444308,улица Иона Солтыса,214.5,2,3,13,21,8
CITY_K4R_dp_optimal_jenks,w318188283,w320444314,улица Иона Солтыса,210.7,2,3,13,21,8
CITY_K4R_dp_optimal_jenks,w318188283,w320444319,улица Иона Солтыса,217.2,2,3,13,21,8
CITY_K4R_dp_optimal_jenks,w318188283,w318188297,улица Иона Солтыса,136.8,2,3,13,21,8
CITY_K4R_dp_optimal_jenks,w318188283,w318188298,улица Иона Солтыса,150.2,2,3,13,21,8
CITY_K4R_dp_optimal_jenks,w318188283,w318188299,улица Иона Солтыса,165.9,2,3,13,21,8
CITY_K4R_dp_optimal_jenks,w318188283,w318188300,улица Иона Солтыса,180.5,2,3,13,21,8
CITY_K4R_dp_optimal_jenks,w318188283,w319390729,улица Иона Солтыса,136.6,2,3,13,21,8
CITY_K4R_dp_optimal_jenks,w318188283,w319390733,улица Иона Солтыса,141.2,2,3,13,21,8
CITY_K4R_dp_optimal_jenks,w318188283,w319390735,улица Иона Солтыса,159.2,2,3,13,21,8
CITY_K4R_dp_optimal_jenks,w318188283,w319390737,улица Иона Солтыса,191.5,2,3,13,21,8
CITY_K4R_dp_optimal_jenks,w318188283,w319390740,улица Иона Солтыса,158.0,2,3,13,21,8
CITY_K4R_dp_optimal_jenks,w318188283,w319390744,улица Иона Солтыса,163.9,2,3,13,21,8
CITY_K4R_dp_optimal_jenks,w318188283,w319390746,улица Иона Солтыса,179.4,2,3,13,21,8
CITY_K4R_dp_optimal_jenks,w318188283,w319390755,улица Иона Солтыса,169.8,2,3,13,21,8
CITY_K4R_dp_optimal_jenks,w318188283,w319390758,улица Иона Солтыса,183.8,2,3,13,21,8
CITY_K4R_dp_optimal_jenks,w318188283,w319390759,улица Иона Солтыса,194.8,2,3,13,21,8
CITY_K4R_dp_optimal_jenks,w318188283,w319390760,улица Иона Солтыса,208.7,2,3,13,21,8
CITY_K4R_dp_optimal_jenks,w318188283,w319390762,улица Иона Солтыса,218.2,2,3,13,21,8
CITY_K4R_dp_optimal_jenks,w318188283,w319390765,улица Иона Солтыса,225.7,2,3,13,21,8
CITY_K4R_dp_optimal_jenks,w318188283,w319616189,улица Иона Солтыса,248.8,2,3,13,21,8
CITY_K4R_dp_optimal_jenks,w318188283,w319616191,улица Иона Солтыса,190.4,2,3,13,21,8
CITY_K4R_dp_optimal_jenks,w318188283,w320444312,улица Иона Солтыса,186.1,2,3,13,21,8
CITY_K4R_dp_optimal_jenks,w318188283,w320444313,улица Иона Солтыса,183.4,2,3,13,21,8
CITY_K4R_dp_optimal_jenks,w318188283,w320444317,улица Иона Солтыса,187.1,2,3,13,21,8
CITY_K4R_dp_optimal_jenks,w318188283,w320444320,улица Иона Солтыса,217.3,2,3,13,21,8
CITY_K4R_dp_optimal_jenks,w318188283,w320444322,улица Иона Солтыса,224.5,2,3,13,21,8
CITY_K4R_dp_optimal_jenks,w318188283,w404774442,улица Иона Солтыса,242.0,2,3,13,21,8
CITY_K4R_dp_optimal_jenks,w318188286,w320444304,улица Иона Солтыса,148.2,2,3,13,21,8
CITY_K4R_dp_optimal_jenks,w318188286,w320444305,улица Иона Солтыса,152.1,2,3,13,21,8
CITY_K4R_dp_optimal_jenks,w318188286,w318188302,улица Иона Солтыса,70.9,2,3,13,21,8
CITY_K4R_dp_optimal_jenks,w318188286,w319390717,улица Иона Солтыса,100.6,2,3,13,21,8
CITY_K4R_dp_optimal_jenks,w318188286,w319390719,улица Иона Солтыса,94.5,2,3,13,21,8
CITY_K4R_dp_optimal_jenks,w318188286,w319390721,улица Иона Солтыса,95.0,2,3,13,21,8
CITY_K4R_dp_optimal_jenks,w318188286,w319390725,улица Иона Солтыса,96.1,2,3,13,21,8
CITY_K4R_dp_optimal_jenks,w318188286,w320444307,улица Иона Солтыса,145.7,2,3,13,21,8
CITY_K4R_dp_optimal_jenks,w318188286,w320444308,улица Иона Солтыса,180.3,2,3,13,21,8
CITY_K4R_dp_optimal_jenks,w318188286,w320444314,улица Иона Солтыса,176.8,2,3,13,21,8
CITY_K4R_dp_optimal_jenks,w318188286,w320444319,улица Иона Солтыса,183.9,2,3,13,21,8
CITY_K4R_dp_optimal_jenks,w318188286,w404776033,улица Иона Солтыса,231.9,2,3,13,21,8
CITY_K4R_dp_optimal_jenks,w318188286,w404776036,улица Иона Солтыса,227.6,2,3,13,21,8
CITY_K4R_dp_optimal_jenks,w318188286,w318188297,улица Иона Солтыса,129.2,2,3,13,21,8
CITY_K4R_dp_optimal_jenks,w318188286,w318188298,улица Иона Солтыса,141.9,2,3,13,21,8
CITY_K4R_dp_optimal_jenks,w318188286,w318188299,улица Иона Солтыса,157.4,2,3,13,21,8
CITY_K4R_dp_optimal_jenks,w318188286,w318188300,улица Иона Солтыса,173.1,2,3,13,21,8
CITY_K4R_dp_optimal_jenks,w318188286,w319390729,улица Иона Солтыса,104.8,2,3,13,21,8
CITY_K4R_dp_optimal_jenks,w318188286,w319390733,улица Иона Солтыса,111.1,2,3,13,21,8
CITY_K4R_dp_optimal_jenks,w318188286,w319390735,улица Иона Солтыса,132.8,2,3,13,21,8
CITY_K4R_dp_optimal_jenks,w318188286,w319390737,улица Иона Солтыса,161.3,2,3,13,21,8
CITY_K4R_dp_optimal_jenks,w318188286,w319390740,улица Иона Солтыса,137.3,2,3,13,21,8
CITY_K4R_dp_optimal_jenks,w318188286,w319390744,улица Иона Солтыса,149.5,2,3,13,21,8
CITY_K4R_dp_optimal_jenks,w318188286,w319390746,улица Иона Солтыса,165.3,2,3,13,21,8
CITY_K4R_dp_optimal_jenks,w318188286,w319390755,улица Иона Солтыса,147.5,2,3,13,21,8
CITY_K4R_dp_optimal_jenks,w318188286,w319390758,улица Иона Солтыса,160.8,2,3,13,21,8
CITY_K4R_dp_optimal_jenks,w318188286,w319390759,улица Иона Солтыса,169.9,2,3,13,21,8
CITY_K4R_dp_optimal_jenks,w318188286,w319390760,улица Иона Солтыса,180.2,2,3,13,21,8
CITY_K4R_dp_optimal_jenks,w318188286,w319390762,улица Иона Солтыса,191.6,2,3,13,21,8
CITY_K4R_dp_optimal_jenks,w318188286,w319390765,улица Иона Солтыса,200.5,2,3,13,21,8
CITY_K4R_dp_optimal_jenks,w318188286,w319616189,улица Иона Солтыса,227.4,2,3,13,21,8
CITY_K4R_dp_optimal_jenks,w318188286,w319616191,улица Иона Солтыса,158.8,2,3,13,21,8
CITY_K4R_dp_optimal_jenks,w318188286,w320444312,улица Иона Солтыса,152.2,2,3,13,21,8
CITY_K4R_dp_optimal_jenks,w318188286,w320444313,улица Иона Солтыса,150.0,2,3,13,21,8
CITY_K4R_dp_optimal_jenks,w318188286,w320444317,улица Иона Солтыса,154.5,2,3,13,21,8
CITY_K4R_dp_optimal_jenks,w318188286,w320444320,улица Иона Солтыса,184.8,2,3,13,21,8
CITY_K4R_dp_optimal_jenks,w318188286,w320444322,улица Иона Солтыса,193.3,2,3,13,21,8
CITY_K4R_dp_optimal_jenks,w318188286,w404774441,улица Иона Солтыса,234.3,2,3,13,21,8
CITY_K4R_dp_optimal_jenks,w318188286,w404774442,улица Иона Солтыса,214.2,2,3,13,21,8
CITY_K4R_dp_optimal_jenks,w318188286,w404776025,улица Иона Солтыса,231.5,2,3,13,21,8
CITY_K4R_dp_optimal_jenks,w318188287,w320444304,улица Иона Солтыса,156.4,2,3,13,21,8
CITY_K4R_dp_optimal_jenks,w318188287,w320444305,улица Иона Солтыса,161.6,2,3,13,21,8
CITY_K4R_dp_optimal_jenks,w318188287,w318188302,улица Иона Солтыса,75.9,2,3,13,21,8
CITY_K4R_dp_optimal_jenks,w318188287,w319390717,улица Иона Солтыса,107.5,2,3,13,21,8
CITY_K4R_dp_optimal_jenks,w318188287,w319390719,улица Иона Солтыса,103.6,2,3,13,21,8
CITY_K4R_dp_optimal_jenks,w318188287,w319390721,улица Иона Солтыса,106.6,2,3,13,21,8
CITY_K4R_dp_optimal_jenks,w318188287,w319390725,улица Иона Солтыса,109.7,2,3,13,21,8
CITY_K4R_dp_optimal_jenks,w318188287,w320444307,улица Иона Солтыса,156.6,2,3,13,21,8
CITY_K4R_dp_optimal_jenks,w318188287,w320444308,улица Иона Солтыса,191.2,2,3,13,21,8
CITY_K4R_dp_optimal_jenks,w318188287,w320444314,улица Иона Солтыса,189.0,2,3,13,21,8
CITY_K4R_dp_optimal_jenks,w318188287,w320444319,улица Иона Солтыса,197.0,2,3,13,21,8
CITY_K4R_dp_optimal_jenks,w318188287,w404776033,улица Иона Солтыса,246.8,2,3,13,21,8
CITY_K4R_dp_optimal_jenks,w318188287,w404776036,улица Иона Солтыса,240.3,2,3,13,21,8
CITY_K4R_dp_optimal_jenks,w318188287,w318188297,улица Иона Солтыса,144.1,2,3,13,21,8
CITY_K4R_dp_optimal_jenks,w318188287,w318188298,улица Иона Солтыса,157.1,2,3,13,21,8
CITY_K4R_dp_optimal_jenks,w318188287,w318188299,улица Иона Солтыса,172.7,2,3,13,21,8
CITY_K4R_dp_optimal_jenks,w318188287,w318188300,улица Иона Солтыса,188.1,2,3,13,21,8
CITY_K4R_dp_optimal_jenks,w318188287,w319390729,улица Иона Солтыса,119.6,2,3,13,21,8
CITY_K4R_dp_optimal_jenks,w318188287,w319390733,улица Иона Солтыса,126.8,2,3,13,21,8
CITY_K4R_dp_optimal_jenks,w318188287,w319390735,улица Иона Солтыса,149.4,2,3,13,21,8
CITY_K4R_dp_optimal_jenks,w318188287,w319390737,улица Иона Солтыса,176.9,2,3,13,21,8
CITY_K4R_dp_optimal_jenks,w318188287,w319390740,улица Иона Солтыса,154.2,2,3,13,21,8
CITY_K4R_dp_optimal_jenks,w318188287,w319390744,улица Иона Солтыса,165.8,2,3,13,21,8
CITY_K4R_dp_optimal_jenks,w318188287,w319390746,улица Иона Солтыса,181.6,2,3,13,21,8
CITY_K4R_dp_optimal_jenks,w318188287,w319390755,улица Иона Солтыса,164.3,2,3,13,21,8
CITY_K4R_dp_optimal_jenks,w318188287,w319390758,улица Иона Солтыса,177.7,2,3,13,21,8
CITY_K4R_dp_optimal_jenks,w318188287,w319390759,улица Иона Солтыса,186.6,2,3,13,21,8
CITY_K4R_dp_optimal_jenks,w318188287,w319390760,улица Иона Солтыса,196.2,2,3,13,21,8
CITY_K4R_dp_optimal_jenks,w318188287,w319390762,улица Иона Солтыса,208.1,2,3,13,21,8
CITY_K4R_dp_optimal_jenks,w318188287,w319390765,улица Иона Солтыса,217.1,2,3,13,21,8
CITY_K4R_dp_optimal_jenks,w318188287,w319616189,улица Иона Солтыса,244.2,2,3,13,21,8
CITY_K4R_dp_optimal_jenks,w318188287,w319616191,улица Иона Солтыса,173.5,2,3,13,21,8
CITY_K4R_dp_optimal_jenks,w318188287,w320444312,улица Иона Солтыса,164.3,2,3,13,21,8
CITY_K4R_dp_optimal_jenks,w318188287,w320444313,улица Иона Солтыса,163.0,2,3,13,21,8
CITY_K4R_dp_optimal_jenks,w318188287,w320444317,улица Иона Солтыса,168.5,2,3,13,21,8
CITY_K4R_dp_optimal_jenks,w318188287,w320444320,улица Иона Солтыса,198.8,2,3,13,21,8
CITY_K4R_dp_optimal_jenks,w318188287,w320444322,улица Иона Солтыса,208.2,2,3,13,21,8
CITY_K4R_dp_optimal_jenks,w318188287,w404774442,улица Иона Солтыса,230.4,2,3,13,21,8
CITY_K4R_dp_optimal_jenks,w318188287,w404776025,улица Иона Солтыса,248.1,2,3,13,21,8
CITY_K4R_dp_optimal_jenks,w318188288,w320444304,улица Иона Солтыса,145.9,2,3,13,21,8
CITY_K4R_dp_optimal_jenks,w318188288,w320444305,улица Иона Солтыса,148.5,2,3,13,21,8
CITY_K4R_dp_optimal_jenks,w318188288,w318188302,улица Иона Солтыса,73.1,2,3,13,21,8
CITY_K4R_dp_optimal_jenks,w318188288,w319390717,улица Иона Солтыса,100.1,2,3,13,21,8
CITY_K4R_dp_optimal_jenks,w318188288,w319390719,улица Иона Солтыса,92.1,2,3,13,21,8
CITY_K4R_dp_optimal_jenks,w318188288,w319390721,улица Иона Солтыса,90.1,2,3,13,21,8
CITY_K4R_dp_optimal_jenks,w318188288,w319390725,улица Иона Солтыса,88.7,2,3,13,21,8
CITY_K4R_dp_optimal_jenks,w318188288,w320444307,улица Иона Солтыса,141.0,2,3,13,21,8
CITY_K4R_dp_optimal_jenks,w318188288,w320444308,улица Иона Солтыса,175.3,2,3,13,21,8
CITY_K4R_dp_optimal_jenks,w318188288,w320444314,улица Иона Солтыса,170.5,2,3,13,21,8
CITY_K4R_dp_optimal_jenks,w318188288,w320444319,улица Иона Солтыса,176.5,2,3,13,21,8
CITY_K4R_dp_optimal_jenks,w318188288,w404776033,улица Иона Солтыса,222.3,2,3,13,21,8
CITY_K4R_dp_optimal_jenks,w318188288,w404776036,улица Иона Солтыса,220.4,2,3,13,21,8
CITY_K4R_dp_optimal_jenks,w318188288,w318188297,улица Иона Солтыса,116.2,2,3,13,21,8
CITY_K4R_dp_optimal_jenks,w318188288,w318188298,улица Иона Солтыса,128.9,2,3,13,21,8
CITY_K4R_dp_optimal_jenks,w318188288,w318188299,улица Иона Солтыса,144.3,2,3,13,21,8
CITY_K4R_dp_optimal_jenks,w318188288,w318188300,улица Иона Солтыса,160.0,2,3,13,21,8
CITY_K4R_dp_optimal_jenks,w318188288,w319390729,улица Иона Солтыса,95.7,2,3,13,21,8
CITY_K4R_dp_optimal_jenks,w318188288,w319390733,улица Иона Солтыса,100.7,2,3,13,21,8
CITY_K4R_dp_optimal_jenks,w318188288,w319390735,улица Иона Солтыса,120.8,2,3,13,21,8
CITY_K4R_dp_optimal_jenks,w318188288,w319390737,улица Иона Солтыса,151.0,2,3,13,21,8
CITY_K4R_dp_optimal_jenks,w318188288,w319390740,улица Иона Солтыса,124.2,2,3,13,21,8
CITY_K4R_dp_optimal_jenks,w318188288,w319390744,улица Иона Солтыса,136.0,2,3,13,21,8
CITY_K4R_dp_optimal_jenks,w318188288,w319390746,улица Иона Солтыса,151.9,2,3,13,21,8
CITY_K4R_dp_optimal_jenks,w318188288,w319390755,улица Иона Солтыса,134.6,2,3,13,21,8
CITY_K4R_dp_optimal_jenks,w318188288,w319390758,улица Иона Солтыса,148.1,2,3,13,21,8
CITY_K4R_dp_optimal_jenks,w318188288,w319390759,улица Иона Солтыса,157.5,2,3,13,21,8
CITY_K4R_dp_optimal_jenks,w318188288,w319390760,улица Иона Солтыса,169.0,2,3,13,21,8
CITY_K4R_dp_optimal_jenks,w318188288,w319390762,улица Иона Солтыса,179.8,2,3,13,21,8
CITY_K4R_dp_optimal_jenks,w318188288,w319390765,улица Иона Солтыса,188.3,2,3,13,21,8
CITY_K4R_dp_optimal_jenks,w318188288,w319616189,улица Иона Солтыса,214.4,2,3,13,21,8
CITY_K4R_dp_optimal_jenks,w318188288,w319616191,улица Иона Солтыса,149.5,2,3,13,21,8
CITY_K4R_dp_optimal_jenks,w318188288,w320382879,улица Иона Солтыса,242.3,2,3,13,21,8
CITY_K4R_dp_optimal_jenks,w318188288,w320444312,улица Иона Солтыса,146.1,2,3,13,21,8
CITY_K4R_dp_optimal_jenks,w318188288,w320444313,улица Иона Солтыса,142.8,2,3,13,21,8
CITY_K4R_dp_optimal_jenks,w318188288,w320444317,улица Иона Солтыса,146.2,2,3,13,21,8
CITY_K4R_dp_optimal_jenks,w318188288,w320444320,улица Иона Солтыса,176.4,2,3,13,21,8
CITY_K4R_dp_optimal_jenks,w318188288,w320444322,улица Иона Солтыса,183.7,2,3,13,21,8
CITY_K4R_dp_optimal_jenks,w318188288,w320444323,улица Иона Солтыса,247.9,2,3,13,21,8
CITY_K4R_dp_optimal_jenks,w318188288,w404774440,улица Иона Солтыса,240.7,2,3,13,21,8
CITY_K4R_dp_optimal_jenks,w318188288,w404774441,улица Иона Солтыса,223.4,2,3,13,21,8
CITY_K4R_dp_optimal_jenks,w318188288,w404774442,улица Иона Солтыса,202.8,2,3,13,21,8
CITY_K4R_dp_optimal_jenks,w318188288,w404776025,улица Иона Солтыса,219.3,2,3,13,21,8
CITY_K4R_dp_optimal_jenks,w318188288,w404776027,улица Иона Солтыса,249.6,2,3,13,21,8
CITY_K4R_dp_optimal_jenks,w318188289,w320444304,улица Иона Солтыса,180.1,2,3,13,21,8
CITY_K4R_dp_optimal_jenks,w318188289,w320444305,улица Иона Солтыса,182.8,2,3,13,21,8
CITY_K4R_dp_optimal_jenks,w318188289,w318188302,улица Иона Солтыса,105.2,2,3,13,21,8
CITY_K4R_dp_optimal_jenks,w318188289,w319390717,улица Иона Солтыса,133.8,2,3,13,21,8
CITY_K4R_dp_optimal_jenks,w318188289,w319390719,улица Иона Солтыса,126.3,2,3,13,21,8
CITY_K4R_dp_optimal_jenks,w318188289,w319390721,улица Иона Солтыса,124.2,2,3,13,21,8
CITY_K4R_dp_optimal_jenks,w318188289,w319390725,улица Иона Солтыса,121.6,2,3,13,21,8
CITY_K4R_dp_optimal_jenks,w318188289,w320444307,улица Иона Солтыса,175.0,2,3,13,21,8
CITY_K4R_dp_optimal_jenks,w318188289,w320444308,улица Иона Солтыса,209.1,2,3,13,21,8
CITY_K4R_dp_optimal_jenks,w318188289,w320444314,улица Иона Солтыса,203.7,2,3,13,21,8
CITY_K4R_dp_optimal_jenks,w318188289,w320444319,улица Иона Солтыса,208.8,2,3,13,21,8
CITY_K4R_dp_optimal_jenks,w318188289,w318188297,улица Иона Солтыса,117.6,2,3,13,21,8
CITY_K4R_dp_optimal_jenks,w318188289,w318188298,улица Иона Солтыса,131.0,2,3,13,21,8
CITY_K4R_dp_optimal_jenks,w318188289,w318188299,улица Иона Солтыса,146.7,2,3,13,21,8
CITY_K4R_dp_optimal_jenks,w318188289,w318188300,улица Иона Солтыса,161.2,2,3,13,21,8
CITY_K4R_dp_optimal_jenks,w318188289,w319390729,улица Иона Солтыса,126.7,2,3,13,21,8
CITY_K4R_dp_optimal_jenks,w318188289,w319390733,улица Иона Солтыса,129.5,2,3,13,21,8
CITY_K4R_dp_optimal_jenks,w318188289,w319390735,улица Иона Солтыса,144.6,2,3,13,21,8
CITY_K4R_dp_optimal_jenks,w318188289,w319390737,улица Иона Солтыса,179.3,2,3,13,21,8
CITY_K4R_dp_optimal_jenks,w318188289,w319390740,улица Иона Солтыса,140.9,2,3,13,21,8
CITY_K4R_dp_optimal_jenks,w318188289,w319390744,улица Иона Солтыса,145.4,2,3,13,21,8
CITY_K4R_dp_optimal_jenks,w318188289,w319390746,улица Иона Солтыса,160.7,2,3,13,21,8
CITY_K4R_dp_optimal_jenks,w318188289,w319390755,улица Иона Солтыса,153.2,2,3,13,21,8
CITY_K4R_dp_optimal_jenks,w318188289,w319390758,улица Иона Солтыса,167.5,2,3,13,21,8
CITY_K4R_dp_optimal_jenks,w318188289,w319390759,улица Иона Солтыса,179.2,2,3,13,21,8
CITY_K4R_dp_optimal_jenks,w318188289,w319390760,улица Иона Солтыса,195.1,2,3,13,21,8
CITY_K4R_dp_optimal_jenks,w318188289,w319390762,улица Иона Солтыса,203.4,2,3,13,21,8
CITY_K4R_dp_optimal_jenks,w318188289,w319390765,улица Иона Солтыса,210.2,2,3,13,21,8
CITY_K4R_dp_optimal_jenks,w318188289,w319616189,улица Иона Солтыса,231.7,2,3,13,21,8
CITY_K4R_dp_optimal_jenks,w318188289,w319616191,улица Иона Солтыса,179.7,2,3,13,21,8
CITY_K4R_dp_optimal_jenks,w318188289,w320382879,улица Иона Солтыса,246.4,2,3,13,21,8
CITY_K4R_dp_optimal_jenks,w318188289,w320444312,улица Иона Солтыса,179.5,2,3,13,21,8
CITY_K4R_dp_optimal_jenks,w318188289,w320444313,улица Иона Солтыса,175.5,2,3,13,21,8
CITY_K4R_dp_optimal_jenks,w318188289,w320444317,улица Иона Солтыса,177.7,2,3,13,21,8
CITY_K4R_dp_optimal_jenks,w318188289,w320444320,улица Иона Солтыса,207.6,2,3,13,21,8
CITY_K4R_dp_optimal_jenks,w318188289,w320444322,улица Иона Солтыса,213.2,2,3,13,21,8
CITY_K4R_dp_optimal_jenks,w318188289,w404774441,улица Иона Солтыса,249.5,2,3,13,21,8
CITY_K4R_dp_optimal_jenks,w318188289,w404774442,улица Иона Солтыса,227.8,2,3,13,21,8
CITY_K4R_dp_optimal_jenks,w318188289,w404776025,улица Иона Солтыса,241.2,2,3,13,21,8
CITY_K4R_dp_optimal_jenks,w318188290,w320444304,улица Иона Солтыса,175.6,2,3,13,21,8
CITY_K4R_dp_optimal_jenks,w318188290,w320444305,улица Иона Солтыса,177.1,2,3,13,21,8
CITY_K4R_dp_optimal_jenks,w318188290,w318188302,улица Иона Солтыса,104.6,2,3,13,21,8
CITY_K4R_dp_optimal_jenks,w318188290,w319390717,улица Иона Солтыса,131.1,2,3,13,21,8
CITY_K4R_dp_optimal_jenks,w318188290,w319390719,улица Иона Солтыса,122.2,2,3,13,21,8
CITY_K4R_dp_optimal_jenks,w318188290,w319390721,улица Иона Солтыса,118.0,2,3,13,21,8
CITY_K4R_dp_optimal_jenks,w318188290,w319390725,улица Иона Солтыса,113.5,2,3,13,21,8
CITY_K4R_dp_optimal_jenks,w318188290,w320444307,улица Иона Солтыса,168.3,2,3,13,21,8
CITY_K4R_dp_optimal_jenks,w318188290,w320444308,улица Иона Солтыса,202.1,2,3,13,21,8
CITY_K4R_dp_optimal_jenks,w318188290,w320444314,улица Иона Солтыса,195.4,2,3,13,21,8
CITY_K4R_dp_optimal_jenks,w318188290,w320444319,улица Иона Солтыса,199.6,2,3,13,21,8
CITY_K4R_dp_optimal_jenks,w318188290,w404776033,улица Иона Солтыса,240.1,2,3,13,21,8
CITY_K4R_dp_optimal_jenks,w318188290,w404776036,улица Иона Солтыса,243.6,2,3,13,21,8
CITY_K4R_dp_optimal_jenks,w318188290,w318188297,улица Иона Солтыса,103.4,2,3,13,21,8
CITY_K4R_dp_optimal_jenks,w318188290,w318188298,улица Иона Солтыса,116.8,2,3,13,21,8
CITY_K4R_dp_optimal_jenks,w318188290,w318188299,улица Иона Солтыса,132.5,2,3,13,21,8
CITY_K4R_dp_optimal_jenks,w318188290,w318188300,улица Иона Солтыса,147.2,2,3,13,21,8
CITY_K4R_dp_optimal_jenks,w318188290,w319390729,улица Иона Солтыса,117.0,2,3,13,21,8
CITY_K4R_dp_optimal_jenks,w318188290,w319390733,улица Иона Солтыса,118.4,2,3,13,21,8
CITY_K4R_dp_optimal_jenks,w318188290,w319390735,улица Иона Солтыса,131.7,2,3,13,21,8
CITY_K4R_dp_optimal_jenks,w318188290,w319390737,улица Иона Солтыса,167.7,2,3,13,21,8
CITY_K4R_dp_optimal_jenks,w318188290,w319390740,улица Иона Солтыса,126.8,2,3,13,21,8
CITY_K4R_dp_optimal_jenks,w318188290,w319390744,улица Иона Солтыса,130.8,2,3,13,21,8
CITY_K4R_dp_optimal_jenks,w318188290,w319390746,улица Иона Солтыса,146.1,2,3,13,21,8
CITY_K4R_dp_optimal_jenks,w318188290,w319390755,улица Иона Солтыса,139.3,2,3,13,21,8
CITY_K4R_dp_optimal_jenks,w318188290,w319390758,улица Иона Солтыса,153.6,2,3,13,21,8
CITY_K4R_dp_optimal_jenks,w318188290,w319390759,улица Иона Солтыса,165.6,2,3,13,21,8
CITY_K4R_dp_optimal_jenks,w318188290,w319390760,улица Иона Солтыса,182.6,2,3,13,21,8
CITY_K4R_dp_optimal_jenks,w318188290,w319390762,улица Иона Солтыса,190.2,2,3,13,21,8
CITY_K4R_dp_optimal_jenks,w318188290,w319390765,улица Иона Солтыса,196.6,2,3,13,21,8
CITY_K4R_dp_optimal_jenks,w318188290,w319616189,улица Иона Солтыса,217.4,2,3,13,21,8
CITY_K4R_dp_optimal_jenks,w318188290,w319616191,улица Иона Солтыса,169.1,2,3,13,21,8
CITY_K4R_dp_optimal_jenks,w318188290,w320382879,улица Иона Солтыса,232.2,2,3,13,21,8
CITY_K4R_dp_optimal_jenks,w318188290,w320444312,улица Иона Солтыса,171.7,2,3,13,21,8
CITY_K4R_dp_optimal_jenks,w318188290,w320444313,улица Иона Солтыса,166.8,2,3,13,21,8
CITY_K4R_dp_optimal_jenks,w318188290,w320444317,улица Иона Солтыса,167.9,2,3,13,21,8
CITY_K4R_dp_optimal_jenks,w318188290,w320444320,улица Иона Солтыса,197.6,2,3,13,21,8
CITY_K4R_dp_optimal_jenks,w318188290,w320444322,улица Иона Солтыса,202.1,2,3,13,21,8
CITY_K4R_dp_optimal_jenks,w318188290,w320444323,улица Иона Солтыса,248.0,2,3,13,21,8
CITY_K4R_dp_optimal_jenks,w318188290,w404774441,улица Иона Солтыса,236.9,2,3,13,21,8
CITY_K4R_dp_optimal_jenks,w318188290,w404774442,улица Иона Солтыса,214.9,2,3,13,21,8
CITY_K4R_dp_optimal_jenks,w318188290,w404776025,улица Иона Солтыса,227.6,2,3,13,21,8
CITY_K4R_dp_optimal_jenks,w318188291,w320444304,улица Иона Солтыса,142.4,2,3,13,21,8
CITY_K4R_dp_optimal_jenks,w318188291,w320444305,улица Иона Солтыса,143.7,2,3,13,21,8
CITY_K4R_dp_optimal_jenks,w318188291,w318188302,улица Иона Солтыса,75.7,2,3,13,21,8
CITY_K4R_dp_optimal_jenks,w318188291,w319390717,улица Иона Солтыса,99.3,2,3,13,21,8
CITY_K4R_dp_optimal_jenks,w318188291,w319390719,улица Иона Солтыса,89.3,2,3,13,21,8
CITY_K4R_dp_optimal_jenks,w318188291,w319390721,улица Иона Солтыса,84.5,2,3,13,21,8
CITY_K4R_dp_optimal_jenks,w318188291,w319390725,улица Иона Солтыса,80.3,2,3,13,21,8
CITY_K4R_dp_optimal_jenks,w318188291,w320444307,улица Иона Солтыса,134.8,2,3,13,21,8
CITY_K4R_dp_optimal_jenks,w318188291,w320444308,улица Иона Солтыса,168.6,2,3,13,21,8
CITY_K4R_dp_optimal_jenks,w318188291,w320444314,улица Иона Солтыса,162.4,2,3,13,21,8
CITY_K4R_dp_optimal_jenks,w318188291,w320444319,улица Иона Солтыса,167.3,2,3,13,21,8
CITY_K4R_dp_optimal_jenks,w318188291,w404774439,улица Иона Солтыса,238.7,2,3,13,21,8
CITY_K4R_dp_optimal_jenks,w318188291,w404776033,улица Иона Солтыса,210.8,2,3,13,21,8
CITY_K4R_dp_optimal_jenks,w318188291,w404776036,улица Иона Солтыса,211.3,2,3,13,21,8
CITY_K4R_dp_optimal_jenks,w318188291,w318188297,улица Иона Солтыса,103.4,2,3,13,21,8
CITY_K4R_dp_optimal_jenks,w318188291,w318188298,улица Иона Солтыса,115.8,2,3,13,21,8
CITY_K4R_dp_optimal_jenks,w318188291,w318188299,улица Иона Солтыса,131.1,2,3,13,21,8
CITY_K4R_dp_optimal_jenks,w318188291,w318188300,улица Иона Солтыса,146.9,2,3,13,21,8
CITY_K4R_dp_optimal_jenks,w318188291,w319390729,улица Иона Солтыса,85.3,2,3,13,21,8
CITY_K4R_dp_optimal_jenks,w318188291,w319390733,улица Иона Солтыса,88.8,2,3,13,21,8
CITY_K4R_dp_optimal_jenks,w318188291,w319390735,улица Иона Солтыса,107.2,2,3,13,21,8
CITY_K4R_dp_optimal_jenks,w318188291,w319390737,улица Иона Солтыса,139.0,2,3,13,21,8
CITY_K4R_dp_optimal_jenks,w318188291,w319390740,улица Иона Солтыса,109.7,2,3,13,21,8
CITY_K4R_dp_optimal_jenks,w318188291,w319390744,улица Иона Солтыса,121.8,2,3,13,21,8
CITY_K4R_dp_optimal_jenks,w318188291,w319390746,улица Иона Солтыса,137.7,2,3,13,21,8
CITY_K4R_dp_optimal_jenks,w318188291,w319390755,улица Иона Солтыса,120.2,2,3,13,21,8
CITY_K4R_dp_optimal_jenks,w318188291,w319390758,улица Иона Солтыса,133.8,2,3,13,21,8
CITY_K4R_dp_optimal_jenks,w318188291,w319390759,улица Иона Солтыса,143.5,2,3,13,21,8
CITY_K4R_dp_optimal_jenks,w318188291,w319390760,улица Иона Солтыса,156.1,2,3,13,21,8
CITY_K4R_dp_optimal_jenks,w318188291,w319390762,улица Иона Солтыса,166.2,2,3,13,21,8
CITY_K4R_dp_optimal_jenks,w318188291,w319390765,улица Иона Солтыса,174.4,2,3,13,21,8
CITY_K4R_dp_optimal_jenks,w318188291,w319616189,улица Иона Солтыса,200.0,2,3,13,21,8
CITY_K4R_dp_optimal_jenks,w318188291,w319616191,улица Иона Солтыса,138.5,2,3,13,21,8
CITY_K4R_dp_optimal_jenks,w318188291,w320382879,улица Иона Солтыса,228.5,2,3,13,21,8
CITY_K4R_dp_optimal_jenks,w318188291,w320444312,улица Иона Солтыса,138.5,2,3,13,21,8
CITY_K4R_dp_optimal_jenks,w318188291,w320444313,улица Иона Солтыса,134.1,2,3,13,21,8
CITY_K4R_dp_optimal_jenks,w318188291,w320444317,улица Иона Солтыса,136.2,2,3,13,21,8
CITY_K4R_dp_optimal_jenks,w318188291,w320444320,улица Иона Солтыса,166.2,2,3,13,21,8
CITY_K4R_dp_optimal_jenks,w318188291,w320444322,улица Иона Солтыса,172.3,2,3,13,21,8
CITY_K4R_dp_optimal_jenks,w318188291,w320444323,улица Иона Солтыса,233.4,2,3,13,21,8
CITY_K4R_dp_optimal_jenks,w318188291,w404774440,улица Иона Солтыса,227.9,2,3,13,21,8
CITY_K4R_dp_optimal_jenks,w318188291,w404774441,улица Иона Солтыса,210.5,2,3,13,21,8
CITY_K4R_dp_optimal_jenks,w318188291,w404774442,улица Иона Солтыса,189.7,2,3,13,21,8
CITY_K4R_dp_optimal_jenks,w318188291,w404776025,улица Иона Солтыса,205.5,2,3,13,21,8
CITY_K4R_dp_optimal_jenks,w318188291,w404776027,улица Иона Солтыса,235.3,2,3,13,21,8
CITY_K4R_dp_optimal_jenks,w318188291,w96821681,улица Иона Солтыса,243.5,2,3,13,21,8
CITY_K4R_dp_optimal_jenks,w318188293,w320444304,улица Иона Солтыса,182.0,2,3,13,21,8
CITY_K4R_dp_optimal_jenks,w318188293,w320444305,улица Иона Солтыса,182.3,2,3,13,21,8
CITY_K4R_dp_optimal_jenks,w318188293,w318188302,улица Иона Солтыса,115.7,2,3,13,21,8
CITY_K4R_dp_optimal_jenks,w318188293,w319390717,улица Иона Солтыса,139.9,2,3,13,21,8
CITY_K4R_dp_optimal_jenks,w318188293,w319390719,улица Иона Солтыса,129.6,2,3,13,21,8
CITY_K4R_dp_optimal_jenks,w318188293,w319390721,улица Иона Солтыса,123.2,2,3,13,21,8
CITY_K4R_dp_optimal_jenks,w318188293,w319390725,улица Иона Солтыса,116.2,2,3,13,21,8
CITY_K4R_dp_optimal_jenks,w318188293,w320444307,улица Иона Солтыса,172.4,2,3,13,21,8
CITY_K4R_dp_optimal_jenks,w318188293,w320444308,улица Иона Солтыса,205.3,2,3,13,21,8
CITY_K4R_dp_optimal_jenks,w318188293,w320444314,улица Иона Солтыса,197.1,2,3,13,21,8
CITY_K4R_dp_optimal_jenks,w318188293,w320444319,улица Иона Солтыса,199.8,2,3,13,21,8
CITY_K4R_dp_optimal_jenks,w318188293,w404776033,улица Иона Солтыса,236.5,2,3,13,21,8
CITY_K4R_dp_optimal_jenks,w318188293,w404776036,улица Иона Солтыса,243.6,2,3,13,21,8
CITY_K4R_dp_optimal_jenks,w318188293,w318188297,улица Иона Солтыса,88.2,2,3,13,21,8
CITY_K4R_dp_optimal_jenks,w318188293,w318188298,улица Иона Солтыса,101.5,2,3,13,21,8
CITY_K4R_dp_optimal_jenks,w318188293,w318188299,улица Иона Солтыса,117.2,2,3,13,21,8
CITY_K4R_dp_optimal_jenks,w318188293,w318188300,улица Иона Солтыса,131.5,2,3,13,21,8
CITY_K4R_dp_optimal_jenks,w318188293,w319390729,улица Иона Солтыса,117.2,2,3,13,21,8
CITY_K4R_dp_optimal_jenks,w318188293,w319390733,улица Иона Солтыса,116.4,2,3,13,21,8
CITY_K4R_dp_optimal_jenks,w318188293,w319390735,улица Иона Солтыса,125.6,2,3,13,21,8
CITY_K4R_dp_optimal_jenks,w318188293,w319390737,улица Иона Солтыса,164.2,2,3,13,21,8
CITY_K4R_dp_optimal_jenks,w318188293,w319390740,улица Иона Солтыса,116.8,2,3,13,21,8
CITY_K4R_dp_optimal_jenks,w318188293,w319390744,улица Иона Солтыса,117.6,2,3,13,21,8
CITY_K4R_dp_optimal_jenks,w318188293,w319390746,улица Иона Солтыса,132.5,2,3,13,21,8
CITY_K4R_dp_optimal_jenks,w318188293,w319390755,улица Иона Солтыса,130.0,2,3,13,21,8
CITY_K4R_dp_optimal_jenks,w318188293,w319390758,улица Иона Солтыса,144.4,2,3,13,21,8
CITY_K4R_dp_optimal_jenks,w318188293,w319390759,улица Иона Солтыса,157.5,2,3,13,21,8
CITY_K4R_dp_optimal_jenks,w318188293,w319390760,улица Иона Солтыса,177.1,2,3,13,21,8
CITY_K4R_dp_optimal_jenks,w318188293,w319390762,улица Иона Солтыса,182.9,2,3,13,21,8
CITY_K4R_dp_optimal_jenks,w318188293,w319390765,улица Иона Солтыса,188.3,2,3,13,21,8
CITY_K4R_dp_optimal_jenks,w318188293,w319616189,улица Иона Солтыса,206.6,2,3,13,21,8
CITY_K4R_dp_optimal_jenks,w318188293,w319616191,улица Иона Солтыса,167.3,2,3,13,21,8
CITY_K4R_dp_optimal_jenks,w318188293,w320382879,улица Иона Солтыса,216.9,2,3,13,21,8
CITY_K4R_dp_optimal_jenks,w318188293,w320444312,улица Иона Солтыса,174.1,2,3,13,21,8
CITY_K4R_dp_optimal_jenks,w318188293,w320444313,улица Иона Солтыса,168.1,2,3,13,21,8
CITY_K4R_dp_optimal_jenks,w318188293,w320444317,улица Иона Солтыса,167.5,2,3,13,21,8
CITY_K4R_dp_optimal_jenks,w318188293,w320444320,улица Иона Солтыса,196.5,2,3,13,21,8
CITY_K4R_dp_optimal_jenks,w318188293,w320444322,улица Иона Солтыса,199.1,2,3,13,21,8
CITY_K4R_dp_optimal_jenks,w318188293,w320444323,улица Иона Солтыса,235.8,2,3,13,21,8
CITY_K4R_dp_optimal_jenks,w318188293,w320444326,улица Иона Солтыса,248.6,2,3,13,21,8
CITY_K4R_dp_optimal_jenks,w318188293,w404774440,улица Иона Солтыса,248.5,2,3,13,21,8
CITY_K4R_dp_optimal_jenks,w318188293,w404774441,улица Иона Солтыса,230.9,2,3,13,21,8
CITY_K4R_dp_optimal_jenks,w318188293,w404774442,улица Иона Солтыса,208.3,2,3,13,21,8
CITY_K4R_dp_optimal_jenks,w318188293,w404776025,улица Иона Солтыса,219.0,2,3,13,21,8
CITY_K4R_dp_optimal_jenks,w318188293,w404776027,улица Иона Солтыса,243.3,2,3,13,21,8
CITY_K4R_dp_optimal_jenks,w318188293,w96821681,улица Иона Солтыса,236.0,2,3,13,21,8
CITY_K4R_dp_optimal_jenks,w318188294,w320444304,улица Иона Солтыса,176.8,2,3,13,21,8
CITY_K4R_dp_optimal_jenks,w318188294,w320444305,улица Иона Солтыса,175.7,2,3,13,21,8
CITY_K4R_dp_optimal_jenks,w318188294,w318188302,улица Иона Солтыса,117.2,2,3,13,21,8
CITY_K4R_dp_optimal_jenks,w318188294,w319390717,улица Иона Солтыса,138.0,2,3,13,21,8
CITY_K4R_dp_optimal_jenks,w318188294,w319390719,улица Иона Солтыса,126.1,2,3,13,21,8
CITY_K4R_dp_optimal_jenks,w318188294,w319390721,улица Иона Солтыса,117.4,2,3,13,21,8
CITY_K4R_dp_optimal_jenks,w318188294,w319390725,улица Иона Солтыса,107.8,2,3,13,21,8
CITY_K4R_dp_optimal_jenks,w318188294,w320444307,улица Иона Солтыса,164.6,2,3,13,21,8
CITY_K4R_dp_optimal_jenks,w318188294,w320444308,улица Иона Солтыса,196.4,2,3,13,21,8
CITY_K4R_dp_optimal_jenks,w318188294,w320444314,улица Иона Солтыса,186.8,2,3,13,21,8
CITY_K4R_dp_optimal_jenks,w318188294,w320444319,улица Иона Солтыса,188.2,2,3,13,21,8
CITY_K4R_dp_optimal_jenks,w318188294,w404774439,улица Иона Солтыса,244.9,2,3,13,21,8
CITY_K4R_dp_optimal_jenks,w318188294,w404776033,улица Иона Солтыса,221.7,2,3,13,21,8
CITY_K4R_dp_optimal_jenks,w318188294,w404776036,улица Иона Солтыса,231.5,2,3,13,21,8
CITY_K4R_dp_optimal_jenks,w318188294,w318188297,улица Иона Солтыса,70.9,2,3,13,21,8
CITY_K4R_dp_optimal_jenks,w318188294,w318188298,улица Иона Солтыса,84.3,2,3,13,21,8
CITY_K4R_dp_optimal_jenks,w318188294,w318188299,улица Иона Солтыса,100.0,2,3,13,21,8
CITY_K4R_dp_optimal_jenks,w318188294,w318188300,улица Иона Солтыса,114.7,2,3,13,21,8
CITY_K4R_dp_optimal_jenks,w318188294,w319390729,улица Иона Солтыса,106.4,2,3,13,21,8
CITY_K4R_dp_optimal_jenks,w318188294,w319390733,улица Иона Солтыса,103.6,2,3,13,21,8
CITY_K4R_dp_optimal_jenks,w318188294,w319390735,улица Иона Солтыса,109.6,2,3,13,21,8
CITY_K4R_dp_optimal_jenks,w318188294,w319390737,улица Иона Солтыса,149.7,2,3,13,21,8
CITY_K4R_dp_optimal_jenks,w318188294,w319390740,улица Иона Солтыса,98.9,2,3,13,21,8
CITY_K4R_dp_optimal_jenks,w318188294,w319390744,улица Иона Солтыса,99.3,2,3,13,21,8
CITY_K4R_dp_optimal_jenks,w318188294,w319390746,улица Иона Солтыса,114.3,2,3,13,21,8
CITY_K4R_dp_optimal_jenks,w318188294,w319390755,улица Иона Солтыса,112.3,2,3,13,21,8
CITY_K4R_dp_optimal_jenks,w318188294,w319390758,улица Иона Солтыса,126.7,2,3,13,21,8
CITY_K4R_dp_optimal_jenks,w318188294,w319390759,улица Иона Солтыса,140.2,2,3,13,21,8
CITY_K4R_dp_optimal_jenks,w318188294,w319390760,улица Иона Солтыса,161.2,2,3,13,21,8
CITY_K4R_dp_optimal_jenks,w318188294,w319390762,улица Иона Солтыса,166.1,2,3,13,21,8
CITY_K4R_dp_optimal_jenks,w318188294,w319390765,улица Иона Солтыса,170.9,2,3,13,21,8
CITY_K4R_dp_optimal_jenks,w318188294,w319616189,улица Иона Солтыса,188.3,2,3,13,21,8
CITY_K4R_dp_optimal_jenks,w318188294,w319616191,улица Иона Солтыса,154.1,2,3,13,21,8
CITY_K4R_dp_optimal_jenks,w318188294,w320382879,улица Иона Солтыса,199.6,2,3,13,21,8
CITY_K4R_dp_optimal_jenks,w318188294,w320444312,улица Иона Солтыса,164.7,2,3,13,21,8
CITY_K4R_dp_optimal_jenks,w318188294,w320444313,улица Иона Солтыса,157.6,2,3,13,21,8
CITY_K4R_dp_optimal_jenks,w318188294,w320444317,улица Иона Солтыса,155.5,2,3,13,21,8
CITY_K4R_dp_optimal_jenks,w318188294,w320444320,улица Иона Солтыса,183.7,2,3,13,21,8
CITY_K4R_dp_optimal_jenks,w318188294,w320444322,улица Иона Солтыса,184.9,2,3,13,21,8
CITY_K4R_dp_optimal_jenks,w318188294,w320444323,улица Иона Солтыса,217.4,2,3,13,21,8
CITY_K4R_dp_optimal_jenks,w318188294,w320444325,улица Иона Солтыса,235.6,2,3,13,21,8
CITY_K4R_dp_optimal_jenks,w318188294,w320444326,улица Иона Солтыса,231.8,2,3,13,21,8
CITY_K4R_dp_optimal_jenks,w318188294,w404774440,улица Иона Солтыса,232.1,2,3,13,21,8
CITY_K4R_dp_optimal_jenks,w318188294,w404774441,улица Иона Солтыса,214.6,2,3,13,21,8
CITY_K4R_dp_optimal_jenks,w318188294,w404774442,улица Иона Солтыса,191.7,2,3,13,21,8
CITY_K4R_dp_optimal_jenks,w318188294,w404776025,улица Иона Солтыса,201.4,2,3,13,21,8
CITY_K4R_dp_optimal_jenks,w318188294,w404776027,улица Иона Солтыса,225.1,2,3,13,21,8
CITY_K4R_dp_optimal_jenks,w318188294,w404776029,улица Иона Солтыса,238.1,2,3,13,21,8
CITY_K4R_dp_optimal_jenks,w318188294,w96821681,улица Иона Солтыса,218.2,2,3,13,21,8
CITY_K4R_dp_optimal_jenks,w318188296,w320444304,улица Иона Солтыса,190.1,2,3,13,21,8
CITY_K4R_dp_optimal_jenks,w318188296,w320444305,улица Иона Солтыса,185.0,2,3,13,21,8
CITY_K4R_dp_optimal_jenks,w318188296,w318188302,улица Иона Солтыса,150.1,2,3,13,21,8
CITY_K4R_dp_optimal_jenks,w318188296,w319390717,улица Иона Солтыса,162.1,2,3,13,21,8
CITY_K4R_dp_optimal_jenks,w318188296,w319390719,улица Иона Солтыса,147.5,2,3,13,21,8
CITY_K4R_dp_optimal_jenks,w318188296,w319390721,улица Иона Солтыса,133.4,2,3,13,21,8
CITY_K4R_dp_optimal_jenks,w318188296,w319390725,улица Иона Солтыса,117.9,2,3,13,21,8
CITY_K4R_dp_optimal_jenks,w318188296,w320444307,улица Иона Солтыса,171.1,2,3,13,21,8
CITY_K4R_dp_optimal_jenks,w318188296,w320444308,улица Иона Солтыса,197.7,2,3,13,21,8
CITY_K4R_dp_optimal_jenks,w318188296,w320444314,улица Иона Солтыса,183.7,2,3,13,21,8
CITY_K4R_dp_optimal_jenks,w318188296,w320444319,улица Иона Солтыса,180.2,2,3,13,21,8
CITY_K4R_dp_optimal_jenks,w318188296,w404774439,улица Иона Солтыса,215.7,2,3,13,21,8
CITY_K4R_dp_optimal_jenks,w318188296,w404776033,улица Иона Солтыса,199.0,2,3,13,21,8
CITY_K4R_dp_optimal_jenks,w318188296,w404776036,улица Иона Солтыса,220.2,2,3,13,21,8
CITY_K4R_dp_optimal_jenks,w318188296,w318188297,улица Иона Солтыса,18.6,2,3,13,21,8
CITY_K4R_dp_optimal_jenks,w318188296,w318188298,улица Иона Солтыса,31.8,2,3,13,21,8
CITY_K4R_dp_optimal_jenks,w318188296,w318188299,улица Иона Солтыса,47.5,2,3,13,21,8
CITY_K4R_dp_optimal_jenks,w318188296,w318188300,улица Иона Солтыса,62.6,2,3,13,21,8
CITY_K4R_dp_optimal_jenks,w318188296,w319390729,улица Иона Солтыса,108.6,2,3,13,21,8
CITY_K4R_dp_optimal_jenks,w318188296,w319390733,улица Иона Солтыса,98.5,2,3,13,21,8
CITY_K4R_dp_optimal_jenks,w318188296,w319390735,улица Иона Солтыса,87.8,2,3,13,21,8
CITY_K4R_dp_optimal_jenks,w318188296,w319390737,улица Иона Солтыса,131.9,2,3,13,21,8
CITY_K4R_dp_optimal_jenks,w318188296,w319390740,улица Иона Солтыса,62.9,2,3,13,21,8
CITY_K4R_dp_optimal_jenks,w318188296,w319390744,улица Иона Солтыса,50.4,2,3,13,21,8
CITY_K4R_dp_optimal_jenks,w318188296,w319390746,улица Иона Солтыса,63.9,2,3,13,21,8
CITY_K4R_dp_optimal_jenks,w318188296,w319390755,улица Иона Солтыса,77.3,2,3,13,21,8
CITY_K4R_dp_optimal_jenks,w318188296,w319390758,улица Иона Солтыса,90.7,2,3,13,21,8
CITY_K4R_dp_optimal_jenks,w318188296,w319390759,улица Иона Солтыса,106.9,2,3,13,21,8
CITY_K4R_dp_optimal_jenks,w318188296,w319390760,улица Иона Солтыса,135.5,2,3,13,21,8
CITY_K4R_dp_optimal_jenks,w318188296,w319390762,улица Иона Солтыса,133.9,2,3,13,21,8
CITY_K4R_dp_optimal_jenks,w318188296,w319390765,улица Иона Солтыса,134.9,2,3,13,21,8
CITY_K4R_dp_optimal_jenks,w318188296,w319616189,улица Иона Солтыса,143.8,2,3,13,21,8
CITY_K4R_dp_optimal_jenks,w318188296,w319616191,улица Иона Солтыса,142.0,2,3,13,21,8
CITY_K4R_dp_optimal_jenks,w318188296,w320382878,улица Иона Солтыса,214.0,2,3,13,21,8
CITY_K4R_dp_optimal_jenks,w318188296,w320382879,улица Иона Солтыса,147.1,2,3,13,21,8
CITY_K4R_dp_optimal_jenks,w318188296,w320444312,улица Иона Солтыса,165.9,2,3,13,21,8
CITY_K4R_dp_optimal_jenks,w318188296,w320444313,улица Иона Солтыса,155.5,2,3,13,21,8
CITY_K4R_dp_optimal_jenks,w318188296,w320444317,улица Иона Солтыса,148.2,2,3,13,21,8
CITY_K4R_dp_optimal_jenks,w318188296,w320444320,улица Иона Солтыса,171.5,2,3,13,21,8
CITY_K4R_dp_optimal_jenks,w318188296,w320444322,улица Иона Солтыса,166.2,2,3,13,21,8
CITY_K4R_dp_optimal_jenks,w318188296,w320444323,улица Иона Солтыса,169.1,2,3,13,21,8
CITY_K4R_dp_optimal_jenks,w318188296,w320444325,улица Иона Солтыса,185.7,2,3,13,21,8
CITY_K4R_dp_optimal_jenks,w318188296,w320444326,улица Иона Солтыса,179.3,2,3,13,21,8
CITY_K4R_dp_optimal_jenks,w318188296,w404774440,улица Иона Солтыса,201.3,2,3,13,21,8
CITY_K4R_dp_optimal_jenks,w318188296,w404774441,улица Иона Солтыса,184.2,2,3,13,21,8
CITY_K4R_dp_optimal_jenks,w318188296,w404774442,улица Иона Солтыса,160.4,2,3,13,21,8
CITY_K4R_dp_optimal_jenks,w318188296,w404776025,улица Иона Солтыса,163.2,2,3,13,21,8
CITY_K4R_dp_optimal_jenks,w318188296,w404776027,улица Иона Солтыса,180.9,2,3,13,21,8
CITY_K4R_dp_optimal_jenks,w318188296,w404776029,улица Иона Солтыса,190.5,2,3,13,21,8
CITY_K4R_dp_optimal_jenks,w318188296,w96821681,улица Иона Солтыса,165.9,2,3,13,21,8
CITY_K4R_dp_optimal_jenks,w318188296,w96821744,улица Иона Солтыса,204.4,2,3,13,21,8
CITY_K4R_dp_optimal_jenks,w318188296,w319147346,улица Иона Солтыса,246.5,2,3,13,21,8
CITY_K4R_dp_optimal_jenks,w318188296,w319147347,улица Иона Солтыса,236.1,2,3,13,21,8
CITY_K4R_dp_optimal_jenks,w318188296,w319147348,улица Иона Солтыса,227.3,2,3,13,21,8
CITY_K4R_dp_optimal_jenks,w318188296,w96821767,улица Иона Солтыса,237.0,2,3,13,21,8
CITY_K4R_dp_optimal_jenks,w318188297,w96821759,улица Иона Солтыса,41.6,3,2,21,13,8
CITY_K4R_dp_optimal_jenks,w318188298,w96821759,улица Иона Солтыса,49.2,3,2,21,13,8
CITY_K4R_dp_optimal_jenks,w318188299,w96821759,улица Иона Солтыса,59.9,3,2,21,13,8
CITY_K4R_dp_optimal_jenks,w318188300,w96821759,улица Иона Солтыса,67.7,3,2,21,13,8
CITY_K4R_dp_optimal_jenks,w318188302,w96821759,переулок Иона Солтыса,181.3,3,2,21,13,8
CITY_K4R_dp_optimal_jenks,w319147344,w96821759,улица Шмидта,242.5,3,2,21,13,8
CITY_K4R_dp_optimal_jenks,w319147345,w96821759,улица Шмидта,231.1,3,2,21,13,8
CITY_K4R_dp_optimal_jenks,w319147346,w96821759,улица Шмидта,221.6,3,2,21,13,8
CITY_K4R_dp_optimal_jenks,w319147347,w96821759,улица Шмидта,213.2,3,2,21,13,8
CITY_K4R_dp_optimal_jenks,w319147348,w96821759,улица Шмидта,206.7,3,2,21,13,8
CITY_K4R_dp_optimal_jenks,w319390717,w96821759,переулок Иона Солтыса,197.4,3,2,21,13,8
CITY_K4R_dp_optimal_jenks,w319390719,w96821759,переулок Иона Солтыса,183.6,3,2,21,13,8
CITY_K4R_dp_optimal_jenks,w319390721,w96821759,переулок Иона Солтыса,171.0,3,2,21,13,8
CITY_K4R_dp_optimal_jenks,w319390725,w96821759,переулок Иона Солтыса,156.8,3,2,21,13,8
CITY_K4R_dp_optimal_jenks,w319390729,w96821759,переулок Иона Солтыса,148.8,3,2,21,13,8
CITY_K4R_dp_optimal_jenks,w319390733,w96821759,переулок Иона Солтыса,139.5,3,2,21,13,8
CITY_K4R_dp_optimal_jenks,w319390735,w96821759,Колхозный переулок,128.5,3,2,21,13,8
CITY_K4R_dp_optimal_jenks,w319390737,w96821759,Колхозная улица,172.6,3,2,21,13,8
CITY_K4R_dp_optimal_jenks,w319390740,w96821759,Колхозный переулок,101.1,3,2,21,13,8
CITY_K4R_dp_optimal_jenks,w319390744,w96821759,улица Иона Солтыса,79.4,3,2,21,13,8
CITY_K4R_dp_optimal_jenks,w319390746,w96821759,улица Иона Солтыса,87.8,3,2,21,13,8
CITY_K4R_dp_optimal_jenks,w319390755,w96821759,Колхозный переулок,115.1,3,2,21,13,8
CITY_K4R_dp_optimal_jenks,w319390758,w96821759,Колхозный переулок,127.3,3,2,21,13,8
CITY_K4R_dp_optimal_jenks,w319390759,w96821759,Колхозный переулок,144.1,3,2,21,13,8
CITY_K4R_dp_optimal_jenks,w319390760,w96821759,Колхозный переулок,174.6,3,2,21,13,8
CITY_K4R_dp_optimal_jenks,w319390762,w96821759,Колхозная улица,170.9,3,2,21,13,8
CITY_K4R_dp_optimal_jenks,w319390765,w96821759,Колхозная улица,169.8,3,2,21,13,8
CITY_K4R_dp_optimal_jenks,w319616189,w96821759,Колхозная улица,171.5,3,2,21,13,8
CITY_K4R_dp_optimal_jenks,w319616191,w96821759,Колхозная улица,183.2,3,2,21,13,8
CITY_K4R_dp_optimal_jenks,w320382878,w96821759,улица Энгельса,208.5,3,2,21,13,8
CITY_K4R_dp_optimal_jenks,w320382879,w96821759,улица Энгельса,150.8,3,2,21,13,8
CITY_K4R_dp_optimal_jenks,w320444304,w96821759,Колхозная улица,229.1,3,2,21,13,8
CITY_K4R_dp_optimal_jenks,w320444305,w96821759,Колхозная улица,224.8,3,2,21,13,8
CITY_K4R_dp_optimal_jenks,w320444307,w96821759,Колхозная улица,211.3,3,2,21,13,8
CITY_K4R_dp_optimal_jenks,w320444308,w96821759,Колхозная улица,238.6,3,2,21,13,8
CITY_K4R_dp_optimal_jenks,w320444312,w96821759,Колхозная улица,206.8,3,2,21,13,8
CITY_K4R_dp_optimal_jenks,w320444313,w96821759,Колхозная улица,196.6,3,2,21,13,8
CITY_K4R_dp_optimal_jenks,w320444314,w96821759,Колхозная улица,224.9,3,2,21,13,8
CITY_K4R_dp_optimal_jenks,w320444317,w96821759,Колхозная улица,189.5,3,2,21,13,8
CITY_K4R_dp_optimal_jenks,w320444319,w96821759,Колхозная улица,221.5,3,2,21,13,8
CITY_K4R_dp_optimal_jenks,w320444320,w96821759,Колхозная улица,212.6,3,2,21,13,8
CITY_K4R_dp_optimal_jenks,w320444322,w96821759,Колхозная улица,206.5,3,2,21,13,8
CITY_K4R_dp_optimal_jenks,w320444323,w96821759,Колхозная улица,190.6,3,2,21,13,8
CITY_K4R_dp_optimal_jenks,w320444325,w96821759,Колхозная улица,203.5,3,2,21,13,8
CITY_K4R_dp_optimal_jenks,w320444326,w96821759,улица Энгельса,179.3,3,2,21,13,8
CITY_K4R_dp_optimal_jenks,w323694275,w352306368,улица Чкалова,219.3,2,3,13,21,8
CITY_K4R_dp_optimal_jenks,w323694275,w352312107,улица Чкалова,224.9,2,3,13,21,8
CITY_K4R_dp_optimal_jenks,w323694275,w352312109,улица Чкалова,213.9,2,3,13,21,8
CITY_K4R_dp_optimal_jenks,w323694275,w352312110,улица Чкалова,218.2,2,3,13,21,8
CITY_K4R_dp_optimal_jenks,w323694275,w352312112,улица Чкалова,214.0,2,3,13,21,8
CITY_K4R_dp_optimal_jenks,w323694275,w352312130,улица Чкалова,177.1,2,3,13,21,8
CITY_K4R_dp_optimal_jenks,w323694275,w352312132,улица Чкалова,141.9,2,3,13,21,8
CITY_K4R_dp_optimal_jenks,w323694275,w352312134,улица Чкалова,139.0,2,3,13,21,8
CITY_K4R_dp_optimal_jenks,w323694275,w352312135,улица Чкалова,167.3,2,3,13,21,8
CITY_K4R_dp_optimal_jenks,w323694275,w352312136,улица Чкалова,163.7,2,3,13,21,8
CITY_K4R_dp_optimal_jenks,w323694275,w352312139,улица Чкалова,169.6,2,3,13,21,8
CITY_K4R_dp_optimal_jenks,w323694275,w352307875,улица Чкалова,181.8,2,3,13,21,8
CITY_K4R_dp_optimal_jenks,w323694275,w352312100,улица Чкалова,167.8,2,3,13,21,8
CITY_K4R_dp_optimal_jenks,w323694275,w352312105,улица Чкалова,194.1,2,3,13,21,8
CITY_K4R_dp_optimal_jenks,w323694275,w352312123,улица Чкалова,184.4,2,3,13,21,8
CITY_K4R_dp_optimal_jenks,w323694275,w352312124,улица Чкалова,178.5,2,3,13,21,8
CITY_K4R_dp_optimal_jenks,w323694275,w352312126,улица Чкалова,149.6,2,3,13,21,8
CITY_K4R_dp_optimal_jenks,w323694275,w352312127,улица Чкалова,173.6,2,3,13,21,8
CITY_K4R_dp_optimal_jenks,w323694275,w352312128,улица Чкалова,167.5,2,3,13,21,8
CITY_K4R_dp_optimal_jenks,w323694275,w352312131,улица Чкалова,147.0,2,3,13,21,8
CITY_K4R_dp_optimal_jenks,w323694275,w352312106,улица Чкалова,230.8,2,3,13,21,8
CITY_K4R_dp_optimal_jenks,w323694275,w352312102,улица Чкалова,201.0,2,3,13,21,8
CITY_K4R_dp_optimal_jenks,w323694276,w352306368,улица Павлова,179.9,2,3,13,21,8
CITY_K4R_dp_optimal_jenks,w323694276,w352312107,улица Павлова,182.1,2,3,13,21,8
CITY_K4R_dp_optimal_jenks,w323694276,w352312109,улица Павлова,173.0,2,3,13,21,8
CITY_K4R_dp_optimal_jenks,w323694276,w352312110,улица Павлова,176.2,2,3,13,21,8
CITY_K4R_dp_optimal_jenks,w323694276,w352312112,улица Павлова,171.3,2,3,13,21,8
CITY_K4R_dp_optimal_jenks,w323694276,w352312113,улица Павлова,225.3,2,3,13,21,8
CITY_K4R_dp_optimal_jenks,w323694276,w352312119,улица Павлова,215.6,2,3,13,21,8
CITY_K4R_dp_optimal_jenks,w323694276,w352312130,улица Павлова,134.5,2,3,13,21,8
CITY_K4R_dp_optimal_jenks,w323694276,w352312132,улица Павлова,101.9,2,3,13,21,8
CITY_K4R_dp_optimal_jenks,w323694276,w352312134,улица Павлова,101.9,2,3,13,21,8
CITY_K4R_dp_optimal_jenks,w323694276,w352312135,улица Павлова,129.3,2,3,13,21,8
CITY_K4R_dp_optimal_jenks,w323694276,w352312136,улица Павлова,123.9,2,3,13,21,8
CITY_K4R_dp_optimal_jenks,w323694276,w352312139,улица Павлова,128.4,2,3,13,21,8
CITY_K4R_dp_optimal_jenks,w323694276,w352307875,улица Павлова,143.6,2,3,13,21,8
CITY_K4R_dp_optimal_jenks,w323694276,w352312100,улица Павлова,127.3,2,3,13,21,8
CITY_K4R_dp_optimal_jenks,w323694276,w352312105,улица Павлова,152.7,2,3,13,21,8
CITY_K4R_dp_optimal_jenks,w323694276,w352312123,улица Павлова,142.2,2,3,13,21,8
CITY_K4R_dp_optimal_jenks,w323694276,w352312124,улица Павлова,135.8,2,3,13,21,8
CITY_K4R_dp_optimal_jenks,w323694276,w352312126,улица Павлова,106.8,2,3,13,21,8
CITY_K4R_dp_optimal_jenks,w323694276,w352312127,улица Павлова,130.7,2,3,13,21,8
CITY_K4R_dp_optimal_jenks,w323694276,w352312128,улица Павлова,124.7,2,3,13,21,8
CITY_K4R_dp_optimal_jenks,w323694276,w352312131,улица Павлова,104.3,2,3,13,21,8
CITY_K4R_dp_optimal_jenks,w323694276,w352312106,улица Павлова,188.0,2,3,13,21,8
CITY_K4R_dp_optimal_jenks,w323694276,w352312102,улица Павлова,160.8,2,3,13,21,8
CITY_K4R_dp_optimal_jenks,w323694277,w352306368,улица Павлова,152.1,2,3,13,21,8
CITY_K4R_dp_optimal_jenks,w323694277,w352312107,улица Павлова,145.8,2,3,13,21,8
CITY_K4R_dp_optimal_jenks,w323694277,w352312109,улица Павлова,142.4,2,3,13,21,8
CITY_K4R_dp_optimal_jenks,w323694277,w352312110,улица Павлова,143.1,2,3,13,21,8
CITY_K4R_dp_optimal_jenks,w323694277,w352312112,улица Павлова,135.6,2,3,13,21,8
CITY_K4R_dp_optimal_jenks,w323694277,w352312113,улица Павлова,204.4,2,3,13,21,8
CITY_K4R_dp_optimal_jenks,w323694277,w352312114,улица Павлова,227.7,2,3,13,21,8
CITY_K4R_dp_optimal_jenks,w323694277,w352312119,улица Павлова,190.0,2,3,13,21,8
CITY_K4R_dp_optimal_jenks,w323694277,w352312130,улица Павлова,99.5,2,3,13,21,8
CITY_K4R_dp_optimal_jenks,w323694277,w352312132,улица Павлова,75.9,2,3,13,21,8
CITY_K4R_dp_optimal_jenks,w323694277,w352312134,улица Павлова,82.4,2,3,13,21,8
CITY_K4R_dp_optimal_jenks,w323694277,w352312135,улица Павлова,106.0,2,3,13,21,8
CITY_K4R_dp_optimal_jenks,w323694277,w352312136,улица Павлова,97.0,2,3,13,21,8
CITY_K4R_dp_optimal_jenks,w323694277,w352312139,улица Павлова,98.0,2,3,13,21,8
CITY_K4R_dp_optimal_jenks,w323694277,w352307875,улица Павлова,107.4,2,3,13,21,8
CITY_K4R_dp_optimal_jenks,w323694277,w352312100,улица Павлова,89.4,2,3,13,21,8
CITY_K4R_dp_optimal_jenks,w323694277,w352312105,улица Павлова,114.3,2,3,13,21,8
CITY_K4R_dp_optimal_jenks,w323694277,w352312123,улица Павлова,103.8,2,3,13,21,8
CITY_K4R_dp_optimal_jenks,w323694277,w352312124,улица Павлова,97.9,2,3,13,21,8
CITY_K4R_dp_optimal_jenks,w323694277,w352312126,улица Павлова,69.3,2,3,13,21,8
CITY_K4R_dp_optimal_jenks,w323694277,w352312127,улица Павлова,93.5,2,3,13,21,8
CITY_K4R_dp_optimal_jenks,w323694277,w352312128,улица Павлова,88.3,2,3,13,21,8
CITY_K4R_dp_optimal_jenks,w323694277,w352312131,улица Павлова,69.6,2,3,13,21,8
CITY_K4R_dp_optimal_jenks,w323694277,w352312106,улица Павлова,150.3,2,3,13,21,8
CITY_K4R_dp_optimal_jenks,w323694277,w352312102,улица Павлова,123.0,2,3,13,21,8
CITY_K4R_dp_optimal_jenks,w323694279,w352306368,улица Павлова,199.0,2,3,13,21,8
CITY_K4R_dp_optimal_jenks,w323694279,w352312107,улица Павлова,197.5,2,3,13,21,8
CITY_K4R_dp_optimal_jenks,w323694279,w352312109,улица Павлова,191.3,2,3,13,21,8
CITY_K4R_dp_optimal_jenks,w323694279,w352312110,улица Павлова,193.6,2,3,13,21,8
CITY_K4R_dp_optimal_jenks,w323694279,w352312112,улица Павлова,187.2,2,3,13,21,8
CITY_K4R_dp_optimal_jenks,w323694279,w352312113,улица Павлова,245.5,2,3,13,21,8
CITY_K4R_dp_optimal_jenks,w323694279,w352312119,улица Павлова,235.2,2,3,13,21,8
CITY_K4R_dp_optimal_jenks,w323694279,w352312130,улица Павлова,150.8,2,3,13,21,8
CITY_K4R_dp_optimal_jenks,w323694279,w352312132,улица Павлова,121.0,2,3,13,21,8
CITY_K4R_dp_optimal_jenks,w323694279,w352312134,улица Павлова,122.0,2,3,13,21,8
CITY_K4R_dp_optimal_jenks,w323694279,w352312135,улица Павлова,149.1,2,3,13,21,8
CITY_K4R_dp_optimal_jenks,w323694279,w352312136,улица Павлова,143.0,2,3,13,21,8
CITY_K4R_dp_optimal_jenks,w323694279,w352312139,улица Павлова,146.6,2,3,13,21,8
CITY_K4R_dp_optimal_jenks,w323694279,w352307875,улица Павлова,149.5,2,3,13,21,8
CITY_K4R_dp_optimal_jenks,w323694279,w352312100,улица Павлова,136.1,2,3,13,21,8
CITY_K4R_dp_optimal_jenks,w323694279,w352312105,улица Павлова,162.9,2,3,13,21,8
CITY_K4R_dp_optimal_jenks,w323694279,w352312123,улица Павлова,153.8,2,3,13,21,8
CITY_K4R_dp_optimal_jenks,w323694279,w352312124,улица Павлова,149.2,2,3,13,21,8
CITY_K4R_dp_optimal_jenks,w323694279,w352312126,улица Павлова,120.9,2,3,13,21,8
CITY_K4R_dp_optimal_jenks,w323694279,w352312127,улица Павлова,145.2,2,3,13,21,8
CITY_K4R_dp_optimal_jenks,w323694279,w352312128,улица Павлова,139.9,2,3,13,21,8
CITY_K4R_dp_optimal_jenks,w323694279,w352312131,улица Павлова,120.7,2,3,13,21,8
CITY_K4R_dp_optimal_jenks,w323694279,w352312106,улица Павлова,201.8,2,3,13,21,8
CITY_K4R_dp_optimal_jenks,w323694279,w352312102,улица Павлова,169.1,2,3,13,21,8
CITY_K4R_dp_optimal_jenks,w330410217,w352306364,улица Менделеева,230.6,3,2,21,13,8
CITY_K4R_dp_optimal_jenks,w330410217,w352306365,улица Менделеева,222.5,3,2,21,13,8
CITY_K4R_dp_optimal_jenks,w330410217,w352306367,улица Менделеева,204.8,3,2,21,13,8
CITY_K4R_dp_optimal_jenks,w330410217,w352307863,улица Менделеева,244.7,3,2,21,13,8
CITY_K4R_dp_optimal_jenks,w330410217,w352307864,улица Менделеева,235.7,3,2,21,13,8
CITY_K4R_dp_optimal_jenks,w330410217,w352307865,улица Менделеева,227.7,3,2,21,13,8
CITY_K4R_dp_optimal_jenks,w330410217,w352307867,улица Менделеева,229.5,3,2,21,13,8
CITY_K4R_dp_optimal_jenks,w330410217,w352307869,улица Менделеева,227.2,3,2,21,13,8
CITY_K4R_dp_optimal_jenks,w330410217,w352307870,улица Менделеева,227.1,3,2,21,13,8
CITY_K4R_dp_optimal_jenks,w330410217,w352307871,улица Менделеева,229.0,3,2,21,13,8
CITY_K4R_dp_optimal_jenks,w330410217,w352307872,улица Менделеева,227.9,3,2,21,13,8
CITY_K4R_dp_optimal_jenks,w330410217,w330410221,улица Менделеева,74.6,3,2,21,13,8
CITY_K4R_dp_optimal_jenks,w330410217,w330883125,улица Менделеева,62.1,3,2,21,13,8
CITY_K4R_dp_optimal_jenks,w330410217,w330883126,улица Менделеева,66.4,3,2,21,13,8
CITY_K4R_dp_optimal_jenks,w330410217,w352309763,улица Менделеева,87.3,3,2,21,13,8
CITY_K4R_dp_optimal_jenks,w330410217,w352309767,улица Менделеева,100.1,3,2,21,13,8
CITY_K4R_dp_optimal_jenks,w330410217,w352309772,улица Менделеева,131.6,3,2,21,13,8
CITY_K4R_dp_optimal_jenks,w330410217,w352309774,улица Менделеева,127.1,3,2,21,13,8
CITY_K4R_dp_optimal_jenks,w330410217,w352309776,улица Менделеева,95.8,3,2,21,13,8
CITY_K4R_dp_optimal_jenks,w330410217,w352309779,улица Менделеева,102.4,3,2,21,13,8
CITY_K4R_dp_optimal_jenks,w330410217,w352312097,улица Менделеева,117.5,3,2,21,13,8
CITY_K4R_dp_optimal_jenks,w330410217,w352307873,улица Менделеева,204.9,3,2,21,13,8
CITY_K4R_dp_optimal_jenks,w330410217,w352309081,улица Менделеева,189.8,3,2,21,13,8
CITY_K4R_dp_optimal_jenks,w330410217,w352309082,улица Менделеева,182.9,3,2,21,13,8
CITY_K4R_dp_optimal_jenks,w330410217,w352309084,улица Менделеева,122.7,3,2,21,13,8
CITY_K4R_dp_optimal_jenks,w330410217,w352309085,улица Менделеева,133.3,3,2,21,13,8
CITY_K4R_dp_optimal_jenks,w330410217,w352309529,улица Менделеева,150.1,3,2,21,13,8
CITY_K4R_dp_optimal_jenks,w330410217,w352309777,улица Менделеева,125.9,3,2,21,13,8
CITY_K4R_dp_optimal_jenks,w330410217,w352312092,улица Менделеева,138.0,3,2,21,13,8
CITY_K4R_dp_optimal_jenks,w330410217,w352312093,улица Менделеева,124.4,3,2,21,13,8
CITY_K4R_dp_optimal_jenks,w330410217,w352312096,улица Менделеева,121.0,3,2,21,13,8
CITY_K4R_dp_optimal_jenks,w330410217,w352312099,улица Менделеева,177.1,3,2,21,13,8
CITY_K4R_dp_optimal_jenks,w330410218,w330883125,улица Асаке,226.5,3,2,21,13,8
CITY_K4R_dp_optimal_jenks,w330410218,w330883126,улица Асаке,239.3,3,2,21,13,8
CITY_K4R_dp_optimal_jenks,w330410219,w352306364,улица Менделеева,239.0,3,2,21,13,8
CITY_K4R_dp_optimal_jenks,w330410219,w352306365,улица Менделеева,235.1,3,2,21,13,8
CITY_K4R_dp_optimal_jenks,w330410219,w352306367,улица Менделеева,212.3,3,2,21,13,8
CITY_K4R_dp_optimal_jenks,w330410219,w330410221,улица Менделеева,126.8,3,2,21,13,8
CITY_K4R_dp_optimal_jenks,w330410219,w330883125,улица Менделеева,110.7,3,2,21,13,8
CITY_K4R_dp_optimal_jenks,w330410219,w330883126,улица Менделеева,117.6,3,2,21,13,8
CITY_K4R_dp_optimal_jenks,w330410219,w352309763,улица Менделеева,134.1,3,2,21,13,8
CITY_K4R_dp_optimal_jenks,w330410219,w352309767,улица Менделеева,150.9,3,2,21,13,8
CITY_K4R_dp_optimal_jenks,w330410219,w352309772,улица Менделеева,176.1,3,2,21,13,8
CITY_K4R_dp_optimal_jenks,w330410219,w352309774,улица Менделеева,174.9,3,2,21,13,8
CITY_K4R_dp_optimal_jenks,w330410219,w352309776,улица Менделеева,146.3,3,2,21,13,8
CITY_K4R_dp_optimal_jenks,w330410219,w352309779,улица Менделеева,154.3,3,2,21,13,8
CITY_K4R_dp_optimal_jenks,w330410219,w352312097,улица Менделеева,160.6,3,2,21,13,8
CITY_K4R_dp_optimal_jenks,w330410219,w352309081,улица Менделеева,238.5,3,2,21,13,8
CITY_K4R_dp_optimal_jenks,w330410219,w352309082,улица Менделеева,230.0,3,2,21,13,8
CITY_K4R_dp_optimal_jenks,w330410219,w352309084,улица Менделеева,174.7,3,2,21,13,8
CITY_K4R_dp_optimal_jenks,w330410219,w352309085,улица Менделеева,185.6,3,2,21,13,8
CITY_K4R_dp_optimal_jenks,w330410219,w352309529,улица Менделеева,201.6,3,2,21,13,8
CITY_K4R_dp_optimal_jenks,w330410219,w352309777,улица Менделеева,176.1,3,2,21,13,8
CITY_K4R_dp_optimal_jenks,w330410219,w352312092,улица Менделеева,187.7,3,2,21,13,8
CITY_K4R_dp_optimal_jenks,w330410219,w352312093,улица Менделеева,172.6,3,2,21,13,8
CITY_K4R_dp_optimal_jenks,w330410219,w352312096,улица Менделеева,166.7,3,2,21,13,8
CITY_K4R_dp_optimal_jenks,w330410219,w352312099,улица Менделеева,222.7,3,2,21,13,8
CITY_K4R_dp_optimal_jenks,w330410220,w352306067,улица Менделеева,244.1,3,2,21,13,8
CITY_K4R_dp_optimal_jenks,w330410220,w352306364,улица Менделеева,230.6,3,2,21,13,8
CITY_K4R_dp_optimal_jenks,w330410220,w352306365,улица Менделеева,229.9,3,2,21,13,8
CITY_K4R_dp_optimal_jenks,w330410220,w352306367,улица Менделеева,204.1,3,2,21,13,8
CITY_K4R_dp_optimal_jenks,w330410220,w330410221,улица Менделеева,159.7,3,2,21,13,8
CITY_K4R_dp_optimal_jenks,w330410220,w330883125,улица Менделеева,147.2,3,2,21,13,8
CITY_K4R_dp_optimal_jenks,w330410220,w330883126,улица Менделеева,152.9,3,2,21,13,8
CITY_K4R_dp_optimal_jenks,w330410220,w352309763,улица Менделеева,159.4,3,2,21,13,8
CITY_K4R_dp_optimal_jenks,w330410220,w352309767,улица Менделеева,180.3,3,2,21,13,8
CITY_K4R_dp_optimal_jenks,w330410220,w352309772,улица Менделеева,213.7,3,2,21,13,8
CITY_K4R_dp_optimal_jenks,w330410220,w352309774,улица Менделеева,211.9,3,2,21,13,8
CITY_K4R_dp_optimal_jenks,w330410220,w352309776,улица Менделеева,182.1,3,2,21,13,8
CITY_K4R_dp_optimal_jenks,w330410220,w352309779,улица Менделеева,188.6,3,2,21,13,8
CITY_K4R_dp_optimal_jenks,w330410220,w352312097,улица Менделеева,181.6,3,2,21,13,8
CITY_K4R_dp_optimal_jenks,w330410220,w352309084,улица Менделеева,206.1,3,2,21,13,8
CITY_K4R_dp_optimal_jenks,w330410220,w352309085,улица Менделеева,217.9,3,2,21,13,8
CITY_K4R_dp_optimal_jenks,w330410220,w352309529,улица Менделеева,231.2,3,2,21,13,8
CITY_K4R_dp_optimal_jenks,w330410220,w352309777,улица Менделеева,212.2,3,2,21,13,8
CITY_K4R_dp_optimal_jenks,w330410220,w352312092,улица Менделеева,214.8,3,2,21,13,8
CITY_K4R_dp_optimal_jenks,w330410220,w352312093,улица Менделеева,198.2,3,2,21,13,8
CITY_K4R_dp_optimal_jenks,w330410220,w352312096,улица Менделеева,189.9,3,2,21,13,8
CITY_K4R_dp_optimal_jenks,w330410220,w352312099,улица Менделеева,244.4,3,2,21,13,8
CITY_K4R_dp_optimal_jenks,w330410221,w352306368,переулок Пирогова,158.1,2,3,13,21,8
CITY_K4R_dp_optimal_jenks,w330410221,w352312107,переулок Пирогова,100.2,2,3,13,21,8
CITY_K4R_dp_optimal_jenks,w330410221,w352312109,переулок Пирогова,143.2,2,3,13,21,8
CITY_K4R_dp_optimal_jenks,w330410221,w352312110,переулок Пирогова,126.1,2,3,13,21,8
CITY_K4R_dp_optimal_jenks,w330410221,w352312112,переулок Пирогова,113.6,2,3,13,21,8
CITY_K4R_dp_optimal_jenks,w330410221,w352312113,переулок Пирогова,204.2,2,3,13,21,8
CITY_K4R_dp_optimal_jenks,w330410221,w352312114,переулок Пирогова,201.2,2,3,13,21,8
CITY_K4R_dp_optimal_jenks,w330410221,w352312119,переулок Пирогова,170.9,2,3,13,21,8
CITY_K4R_dp_optimal_jenks,w330410221,w352312130,переулок Пирогова,146.3,2,3,13,21,8
CITY_K4R_dp_optimal_jenks,w330410221,w352312132,переулок Пирогова,194.7,2,3,13,21,8
CITY_K4R_dp_optimal_jenks,w330410221,w352312134,переулок Пирогова,210.7,2,3,13,21,8
CITY_K4R_dp_optimal_jenks,w330410221,w352312135,переулок Пирогова,191.8,2,3,13,21,8
CITY_K4R_dp_optimal_jenks,w330410221,w352312136,переулок Пирогова,181.5,2,3,13,21,8
CITY_K4R_dp_optimal_jenks,w330410221,w352312139,переулок Пирогова,167.1,2,3,13,21,8
CITY_K4R_dp_optimal_jenks,w330410221,w352313147,переулок Пирогова,215.6,2,3,13,21,8
CITY_K4R_dp_optimal_jenks,w330410221,w352313148,переулок Пирогова,206.3,2,3,13,21,8
CITY_K4R_dp_optimal_jenks,w330410221,w352313149,переулок Пирогова,193.8,2,3,13,21,8
CITY_K4R_dp_optimal_jenks,w330410221,w352307875,переулок Пирогова,148.9,2,3,13,21,8
CITY_K4R_dp_optimal_jenks,w330410221,w352312100,переулок Пирогова,150.7,2,3,13,21,8
CITY_K4R_dp_optimal_jenks,w330410221,w352312105,переулок Пирогова,122.4,2,3,13,21,8
CITY_K4R_dp_optimal_jenks,w330410221,w352312123,переулок Пирогова,129.8,2,3,13,21,8
CITY_K4R_dp_optimal_jenks,w330410221,w352312124,переулок Пирогова,135.9,2,3,13,21,8
CITY_K4R_dp_optimal_jenks,w330410221,w352312126,переулок Пирогова,165.2,2,3,13,21,8
CITY_K4R_dp_optimal_jenks,w330410221,w352312127,переулок Пирогова,142.5,2,3,13,21,8
CITY_K4R_dp_optimal_jenks,w330410221,w352312128,переулок Пирогова,150.3,2,3,13,21,8
CITY_K4R_dp_optimal_jenks,w330410221,w352312131,переулок Пирогова,172.9,2,3,13,21,8
CITY_K4R_dp_optimal_jenks,w330410221,w352313728,переулок Пирогова,223.3,2,3,13,21,8
CITY_K4R_dp_optimal_jenks,w330410221,w352470471,переулок Пирогова,249.4,2,3,13,21,8
CITY_K4R_dp_optimal_jenks,w330410221,w532912846,переулок Пирогова,236.5,2,3,13,21,8
CITY_K4R_dp_optimal_jenks,w330410221,w330410222,переулок Пирогова,53.6,2,3,13,21,8
CITY_K4R_dp_optimal_jenks,w330410221,w330410223,переулок Пирогова,79.5,2,3,13,21,8
CITY_K4R_dp_optimal_jenks,w330410221,w330410224,переулок Пирогова,78.8,2,3,13,21,8
CITY_K4R_dp_optimal_jenks,w330410221,w330883122,переулок Пирогова,121.9,2,3,13,21,8
CITY_K4R_dp_optimal_jenks,w330410221,w330883123,переулок Пирогова,136.7,2,3,13,21,8
CITY_K4R_dp_optimal_jenks,w330410221,w333999696,переулок Пирогова,85.4,2,3,13,21,8
CITY_K4R_dp_optimal_jenks,w330410221,w352309768,переулок Пирогова,63.1,2,3,13,21,8
CITY_K4R_dp_optimal_jenks,w330410221,w352309769,переулок Пирогова,91.9,2,3,13,21,8
CITY_K4R_dp_optimal_jenks,w330410221,w352312106,переулок Пирогова,86.1,2,3,13,21,8
CITY_K4R_dp_optimal_jenks,w330410221,w352313152,переулок Пирогова,157.7,2,3,13,21,8
CITY_K4R_dp_optimal_jenks,w330410221,w352313153,переулок Пирогова,159.6,2,3,13,21,8
CITY_K4R_dp_optimal_jenks,w330410221,w352313154,переулок Пирогова,176.0,2,3,13,21,8
CITY_K4R_dp_optimal_jenks,w330410221,w352313155,переулок Пирогова,175.1,2,3,13,21,8
CITY_K4R_dp_optimal_jenks,w330410221,w352313157,переулок Пирогова,189.3,2,3,13,21,8
CITY_K4R_dp_optimal_jenks,w330410221,w352313159,переулок Пирогова,178.7,2,3,13,21,8
CITY_K4R_dp_optimal_jenks,w330410221,w352313160,переулок Пирогова,180.0,2,3,13,21,8
CITY_K4R_dp_optimal_jenks,w330410221,w352313729,переулок Пирогова,191.2,2,3,13,21,8
CITY_K4R_dp_optimal_jenks,w330410221,w352313730,переулок Пирогова,202.9,2,3,13,21,8
CITY_K4R_dp_optimal_jenks,w330410221,w352470475,переулок Пирогова,200.4,2,3,13,21,8
CITY_K4R_dp_optimal_jenks,w330410221,w352470477,переулок Пирогова,188.2,2,3,13,21,8
CITY_K4R_dp_optimal_jenks,w330410221,w352470478,переулок Пирогова,175.8,2,3,13,21,8
CITY_K4R_dp_optimal_jenks,w330410221,w352470802,переулок Пирогова,218.5,2,3,13,21,8
CITY_K4R_dp_optimal_jenks,w330410221,w352470806,переулок Пирогова,209.8,2,3,13,21,8
CITY_K4R_dp_optimal_jenks,w330410221,w352470809,переулок Пирогова,205.6,2,3,13,21,8
CITY_K4R_dp_optimal_jenks,w330410221,w352470810,переулок Пирогова,205.9,2,3,13,21,8
CITY_K4R_dp_optimal_jenks,w330410221,w352470814,переулок Пирогова,204.2,2,3,13,21,8
CITY_K4R_dp_optimal_jenks,w330410221,w441951719,переулок Пирогова,72.8,2,3,13,21,8
CITY_K4R_dp_optimal_jenks,w330410221,w352312102,переулок Пирогова,122.4,2,3,13,21,8
CITY_K4R_dp_optimal_jenks,w330410222,w352306367,переулок Пирогова,241.3,3,2,21,13,8
CITY_K4R_dp_optimal_jenks,w330410222,w352307865,переулок Пирогова,247.4,3,2,21,13,8
CITY_K4R_dp_optimal_jenks,w330410222,w352307867,переулок Пирогова,246.1,3,2,21,13,8
CITY_K4R_dp_optimal_jenks,w330410222,w352307869,переулок Пирогова,241.0,3,2,21,13,8
CITY_K4R_dp_optimal_jenks,w330410222,w352307870,переулок Пирогова,234.9,3,2,21,13,8
CITY_K4R_dp_optimal_jenks,w330410222,w352307871,переулок Пирогова,231.5,3,2,21,13,8
CITY_K4R_dp_optimal_jenks,w330410222,w352307872,переулок Пирогова,225.2,3,2,21,13,8
CITY_K4R_dp_optimal_jenks,w330410222,w330883125,переулок Пирогова,19.8,3,2,21,13,8
CITY_K4R_dp_optimal_jenks,w330410222,w330883126,переулок Пирогова,33.5,3,2,21,13,8
CITY_K4R_dp_optimal_jenks,w330410222,w352309763,переулок Пирогова,90.8,3,2,21,13,8
CITY_K4R_dp_optimal_jenks,w330410222,w352309767,переулок Пирогова,87.4,3,2,21,13,8
CITY_K4R_dp_optimal_jenks,w330410222,w352309772,переулок Пирогова,83.2,3,2,21,13,8
CITY_K4R_dp_optimal_jenks,w330410222,w352309774,переулок Пирогова,81.3,3,2,21,13,8
CITY_K4R_dp_optimal_jenks,w330410222,w352309776,переулок Пирогова,56.2,3,2,21,13,8
CITY_K4R_dp_optimal_jenks,w330410222,w352309779,переулок Пирогова,69.6,3,2,21,13,8
CITY_K4R_dp_optimal_jenks,w330410222,w352312097,переулок Пирогова,124.1,3,2,21,13,8
CITY_K4R_dp_optimal_jenks,w330410222,w352307873,переулок Пирогова,200.6,3,2,21,13,8
CITY_K4R_dp_optimal_jenks,w330410222,w352309081,переулок Пирогова,177.8,3,2,21,13,8
CITY_K4R_dp_optimal_jenks,w330410222,w352309082,переулок Пирогова,175.6,3,2,21,13,8
CITY_K4R_dp_optimal_jenks,w330410222,w352309084,переулок Пирогова,99.2,3,2,21,13,8
CITY_K4R_dp_optimal_jenks,w330410222,w352309085,переулок Пирогова,105.7,3,2,21,13,8
CITY_K4R_dp_optimal_jenks,w330410222,w352309529,переулок Пирогова,129.8,3,2,21,13,8
CITY_K4R_dp_optimal_jenks,w330410222,w352309777,переулок Пирогова,84.4,3,2,21,13,8
CITY_K4R_dp_optimal_jenks,w330410222,w352312092,переулок Пирогова,126.2,3,2,21,13,8
CITY_K4R_dp_optimal_jenks,w330410222,w352312093,переулок Пирогова,118.4,3,2,21,13,8
CITY_K4R_dp_optimal_jenks,w330410222,w352312096,переулок Пирогова,121.8,3,2,21,13,8
CITY_K4R_dp_optimal_jenks,w330410222,w352312099,переулок Пирогова,173.7,3,2,21,13,8
CITY_K4R_dp_optimal_jenks,w330410223,w330883125,улица Менделеева,44.4,3,2,21,13,8
CITY_K4R_dp_optimal_jenks,w330410223,w330883126,улица Менделеева,59.2,3,2,21,13,8
CITY_K4R_dp_optimal_jenks,w330410223,w352309763,улица Менделеева,114.9,3,2,21,13,8
CITY_K4R_dp_optimal_jenks,w330410223,w352309767,улица Менделеева,113.3,3,2,21,13,8
CITY_K4R_dp_optimal_jenks,w330410223,w352309772,улица Менделеева,94.0,3,2,21,13,8
CITY_K4R_dp_optimal_jenks,w330410223,w352309774,улица Менделеева,97.4,3,2,21,13,8
CITY_K4R_dp_optimal_jenks,w330410223,w352309776,улица Менделеева,78.6,3,2,21,13,8
CITY_K4R_dp_optimal_jenks,w330410223,w352309779,улица Менделеева,93.9,3,2,21,13,8
CITY_K4R_dp_optimal_jenks,w330410223,w352312097,улица Менделеева,148.2,3,2,21,13,8
CITY_K4R_dp_optimal_jenks,w330410223,w352307873,улица Менделеева,226.4,3,2,21,13,8
CITY_K4R_dp_optimal_jenks,w330410223,w352309081,улица Менделеева,203.7,3,2,21,13,8
CITY_K4R_dp_optimal_jenks,w330410223,w352309082,улица Менделеева,201.4,3,2,21,13,8
CITY_K4R_dp_optimal_jenks,w330410223,w352309084,улица Менделеева,124.7,3,2,21,13,8
CITY_K4R_dp_optimal_jenks,w330410223,w352309085,улица Менделеева,130.5,3,2,21,13,8
CITY_K4R_dp_optimal_jenks,w330410223,w352309529,улица Менделеева,155.4,3,2,21,13,8
CITY_K4R_dp_optimal_jenks,w330410223,w352309777,улица Менделеева,104.4,3,2,21,13,8
CITY_K4R_dp_optimal_jenks,w330410223,w352312092,улица Менделеева,152.1,3,2,21,13,8
CITY_K4R_dp_optimal_jenks,w330410223,w352312093,улица Менделеева,144.1,3,2,21,13,8
CITY_K4R_dp_optimal_jenks,w330410223,w352312096,улица Менделеева,146.7,3,2,21,13,8
CITY_K4R_dp_optimal_jenks,w330410223,w352312099,улица Менделеева,199.4,3,2,21,13,8
CITY_K4R_dp_optimal_jenks,w330410224,w330883125,переулок Пирогова,41.1,3,2,21,13,8
CITY_K4R_dp_optimal_jenks,w330410224,w330883126,переулок Пирогова,56.9,3,2,21,13,8
CITY_K4R_dp_optimal_jenks,w330410224,w352309763,переулок Пирогова,119.2,3,2,21,13,8
CITY_K4R_dp_optimal_jenks,w330410224,w352309767,переулок Пирогова,112.8,3,2,21,13,8
CITY_K4R_dp_optimal_jenks,w330410224,w352309772,переулок Пирогова,77.2,3,2,21,13,8
CITY_K4R_dp_optimal_jenks,w330410224,w352309774,переулок Пирогова,82.8,3,2,21,13,8
CITY_K4R_dp_optimal_jenks,w330410224,w352309776,переулок Пирогова,69.7,3,2,21,13,8
CITY_K4R_dp_optimal_jenks,w330410224,w352309779,переулок Пирогова,87.0,3,2,21,13,8
CITY_K4R_dp_optimal_jenks,w330410224,w352312097,переулок Пирогова,152.4,3,2,21,13,8
CITY_K4R_dp_optimal_jenks,w330410224,w352307873,переулок Пирогова,225.8,3,2,21,13,8
CITY_K4R_dp_optimal_jenks,w330410224,w352309081,переулок Пирогова,200.8,3,2,21,13,8
CITY_K4R_dp_optimal_jenks,w330410224,w352309082,переулок Пирогова,200.2,3,2,21,13,8
CITY_K4R_dp_optimal_jenks,w330410224,w352309084,переулок Пирогова,119.8,3,2,21,13,8
CITY_K4R_dp_optimal_jenks,w330410224,w352309085,переулок Пирогова,123.7,3,2,21,13,8
CITY_K4R_dp_optimal_jenks,w330410224,w352309529,переулок Пирогова,150.5,3,2,21,13,8
CITY_K4R_dp_optimal_jenks,w330410224,w352309777,переулок Пирогова,92.2,3,2,21,13,8
CITY_K4R_dp_optimal_jenks,w330410224,w352312092,переулок Пирогова,150.4,3,2,21,13,8
CITY_K4R_dp_optimal_jenks,w330410224,w352312093,переулок Пирогова,144.5,3,2,21,13,8
CITY_K4R_dp_optimal_jenks,w330410224,w352312096,переулок Пирогова,149.2,3,2,21,13,8
CITY_K4R_dp_optimal_jenks,w330410224,w352312099,переулок Пирогова,199.5,3,2,21,13,8
CITY_K4R_dp_optimal_jenks,w330883122,w330883125,улица Менделеева,91.5,3,2,21,13,8
CITY_K4R_dp_optimal_jenks,w330883122,w330883126,улица Менделеева,104.5,3,2,21,13,8
CITY_K4R_dp_optimal_jenks,w330883122,w352309763,улица Менделеева,147.4,3,2,21,13,8
CITY_K4R_dp_optimal_jenks,w330883122,w352309767,улица Менделеева,153.6,3,2,21,13,8
CITY_K4R_dp_optimal_jenks,w330883122,w352309772,улица Менделеева,141.7,3,2,21,13,8
CITY_K4R_dp_optimal_jenks,w330883122,w352309774,улица Менделеева,146.7,3,2,21,13,8
CITY_K4R_dp_optimal_jenks,w330883122,w352309776,улица Менделеева,127.3,3,2,21,13,8
CITY_K4R_dp_optimal_jenks,w330883122,w352309779,улица Менделеева,141.3,3,2,21,13,8
CITY_K4R_dp_optimal_jenks,w330883122,w352312097,улица Менделеева,179.2,3,2,21,13,8
CITY_K4R_dp_optimal_jenks,w330883122,w352309081,улица Менделеева,245.2,3,2,21,13,8
CITY_K4R_dp_optimal_jenks,w330883122,w352309082,улица Менделеева,240.6,3,2,21,13,8
CITY_K4R_dp_optimal_jenks,w330883122,w352309084,улица Менделеева,169.8,3,2,21,13,8
CITY_K4R_dp_optimal_jenks,w330883122,w352309085,улица Менделеева,177.2,3,2,21,13,8
CITY_K4R_dp_optimal_jenks,w330883122,w352309529,улица Менделеева,199.9,3,2,21,13,8
CITY_K4R_dp_optimal_jenks,w330883122,w352309777,улица Менделеева,153.9,3,2,21,13,8
CITY_K4R_dp_optimal_jenks,w330883122,w352312092,улица Менделеева,192.9,3,2,21,13,8
CITY_K4R_dp_optimal_jenks,w330883122,w352312093,улица Менделеева,181.9,3,2,21,13,8
CITY_K4R_dp_optimal_jenks,w330883122,w352312096,улица Менделеева,181.0,3,2,21,13,8
CITY_K4R_dp_optimal_jenks,w330883122,w352312099,улица Менделеева,236.4,3,2,21,13,8
CITY_K4R_dp_optimal_jenks,w330883123,w352306367,переулок Менделеева,248.6,3,2,21,13,8
CITY_K4R_dp_optimal_jenks,w330883123,w330883125,переулок Менделеева,111.2,3,2,21,13,8
CITY_K4R_dp_optimal_jenks,w330883123,w330883126,переулок Менделеева,122.2,3,2,21,13,8
CITY_K4R_dp_optimal_jenks,w330883123,w352309763,переулок Менделеева,154.7,3,2,21,13,8
CITY_K4R_dp_optimal_jenks,w330883123,w352309767,переулок Менделеева,165.8,3,2,21,13,8
CITY_K4R_dp_optimal_jenks,w330883123,w352309772,переулок Менделеева,167.3,3,2,21,13,8
CITY_K4R_dp_optimal_jenks,w330883123,w352309774,переулок Менделеева,170.6,3,2,21,13,8
CITY_K4R_dp_optimal_jenks,w330883123,w352309776,переулок Менделеева,147.8,3,2,21,13,8
CITY_K4R_dp_optimal_jenks,w330883123,w352309779,переулок Менделеева,159.7,3,2,21,13,8
CITY_K4R_dp_optimal_jenks,w330883123,w352312097,переулок Менделеева,184.4,3,2,21,13,8
CITY_K4R_dp_optimal_jenks,w330883123,w352309084,переулок Менделеева,185.4,3,2,21,13,8
CITY_K4R_dp_optimal_jenks,w330883123,w352309085,переулок Менделеева,194.3,3,2,21,13,8
CITY_K4R_dp_optimal_jenks,w330883123,w352309529,переулок Менделеева,214.5,3,2,21,13,8
CITY_K4R_dp_optimal_jenks,w330883123,w352309777,переулок Менделеева,175.9,3,2,21,13,8
CITY_K4R_dp_optimal_jenks,w330883123,w352312092,переулок Менделеева,204.6,3,2,21,13,8
CITY_K4R_dp_optimal_jenks,w330883123,w352312093,переулок Менделеева,191.6,3,2,21,13,8
CITY_K4R_dp_optimal_jenks,w330883123,w352312096,переулок Менделеева,188.4,3,2,21,13,8
CITY_K4R_dp_optimal_jenks,w330883123,w352312099,переулок Менделеева,244.5,3,2,21,13,8
CITY_K4R_dp_optimal_jenks,w330883125,w352470466,переулок Пирогова,241.5,2,3,13,21,8
CITY_K4R_dp_optimal_jenks,w330883125,w352306368,переулок Пирогова,179.1,2,3,13,21,8
CITY_K4R_dp_optimal_jenks,w330883125,w352312107,переулок Пирогова,130.0,2,3,13,21,8
CITY_K4R_dp_optimal_jenks,w330883125,w352312109,переулок Пирогова,167.0,2,3,13,21,8
CITY_K4R_dp_optimal_jenks,w330883125,w352312110,переулок Пирогова,151.6,2,3,13,21,8
CITY_K4R_dp_optimal_jenks,w330883125,w352312112,переулок Пирогова,143.1,2,3,13,21,8
CITY_K4R_dp_optimal_jenks,w330883125,w352312113,переулок Пирогова,216.0,2,3,13,21,8
CITY_K4R_dp_optimal_jenks,w330883125,w352312114,переулок Пирогова,208.4,2,3,13,21,8
CITY_K4R_dp_optimal_jenks,w330883125,w352312119,переулок Пирогова,184.4,2,3,13,21,8
CITY_K4R_dp_optimal_jenks,w330883125,w352312130,переулок Пирогова,178.0,2,3,13,21,8
CITY_K4R_dp_optimal_jenks,w330883125,w352312132,переулок Пирогова,225.3,2,3,13,21,8
CITY_K4R_dp_optimal_jenks,w330883125,w352312134,переулок Пирогова,240.0,2,3,13,21,8
CITY_K4R_dp_optimal_jenks,w330883125,w352312135,переулок Пирогова,218.8,2,3,13,21,8
CITY_K4R_dp_optimal_jenks,w330883125,w352312136,переулок Пирогова,210.1,2,3,13,21,8
CITY_K4R_dp_optimal_jenks,w330883125,w352312139,переулок Пирогова,196.6,2,3,13,21,8
CITY_K4R_dp_optimal_jenks,w330883125,w352313147,переулок Пирогова,208.0,2,3,13,21,8
CITY_K4R_dp_optimal_jenks,w330883125,w352313148,переулок Пирогова,203.4,2,3,13,21,8
CITY_K4R_dp_optimal_jenks,w330883125,w352313149,переулок Пирогова,195.1,2,3,13,21,8
CITY_K4R_dp_optimal_jenks,w330883125,w352307875,переулок Пирогова,186.6,2,3,13,21,8
CITY_K4R_dp_optimal_jenks,w330883125,w352312100,переулок Пирогова,187.9,2,3,13,21,8
CITY_K4R_dp_optimal_jenks,w330883125,w352312105,переулок Пирогова,159.6,2,3,13,21,8
CITY_K4R_dp_optimal_jenks,w330883125,w352312123,переулок Пирогова,166.1,2,3,13,21,8
CITY_K4R_dp_optimal_jenks,w330883125,w352312124,переулок Пирогова,170.8,2,3,13,21,8
CITY_K4R_dp_optimal_jenks,w330883125,w352312126,переулок Пирогова,199.9,2,3,13,21,8
CITY_K4R_dp_optimal_jenks,w330883125,w352312127,переулок Пирогова,176.6,2,3,13,21,8
CITY_K4R_dp_optimal_jenks,w330883125,w352312128,переулок Пирогова,183.8,2,3,13,21,8
CITY_K4R_dp_optimal_jenks,w330883125,w352312131,переулок Пирогова,206.0,2,3,13,21,8
CITY_K4R_dp_optimal_jenks,w330883125,w352313728,переулок Пирогова,193.3,2,3,13,21,8
CITY_K4R_dp_optimal_jenks,w330883125,w352470465,переулок Пирогова,249.0,2,3,13,21,8
CITY_K4R_dp_optimal_jenks,w330883125,w352470471,переулок Пирогова,231.1,2,3,13,21,8
CITY_K4R_dp_optimal_jenks,w330883125,w532912846,переулок Пирогова,204.5,2,3,13,21,8
CITY_K4R_dp_optimal_jenks,w330883125,w333999696,переулок Пирогова,50.7,2,3,13,21,8
CITY_K4R_dp_optimal_jenks,w330883125,w352309768,переулок Пирогова,36.4,2,3,13,21,8
CITY_K4R_dp_optimal_jenks,w330883125,w352309769,переулок Пирогова,62.5,2,3,13,21,8
CITY_K4R_dp_optimal_jenks,w330883125,w352312106,переулок Пирогова,119.2,2,3,13,21,8
CITY_K4R_dp_optimal_jenks,w330883125,w352313152,переулок Пирогова,128.8,2,3,13,21,8
CITY_K4R_dp_optimal_jenks,w330883125,w352313153,переулок Пирогова,137.6,2,3,13,21,8
CITY_K4R_dp_optimal_jenks,w330883125,w352313154,переулок Пирогова,151.4,2,3,13,21,8
CITY_K4R_dp_optimal_jenks,w330883125,w352313155,переулок Пирогова,144.5,2,3,13,21,8
CITY_K4R_dp_optimal_jenks,w330883125,w352313157,переулок Пирогова,157.8,2,3,13,21,8
CITY_K4R_dp_optimal_jenks,w330883125,w352313159,переулок Пирогова,143.6,2,3,13,21,8
CITY_K4R_dp_optimal_jenks,w330883125,w352313160,переулок Пирогова,143.6,2,3,13,21,8
CITY_K4R_dp_optimal_jenks,w330883125,w352313729,переулок Пирогова,164.1,2,3,13,21,8
CITY_K4R_dp_optimal_jenks,w330883125,w352313730,переулок Пирогова,174.5,2,3,13,21,8
CITY_K4R_dp_optimal_jenks,w330883125,w352470475,переулок Пирогова,184.9,2,3,13,21,8
CITY_K4R_dp_optimal_jenks,w330883125,w352470477,переулок Пирогова,171.0,2,3,13,21,8
CITY_K4R_dp_optimal_jenks,w330883125,w352470478,переулок Пирогова,157.3,2,3,13,21,8
CITY_K4R_dp_optimal_jenks,w330883125,w352470802,переулок Пирогова,184.9,2,3,13,21,8
CITY_K4R_dp_optimal_jenks,w330883125,w352470806,переулок Пирогова,174.9,2,3,13,21,8
CITY_K4R_dp_optimal_jenks,w330883125,w352470809,переулок Пирогова,169.8,2,3,13,21,8
CITY_K4R_dp_optimal_jenks,w330883125,w352470810,переулок Пирогова,169.4,2,3,13,21,8
CITY_K4R_dp_optimal_jenks,w330883125,w352470814,переулок Пирогова,166.8,2,3,13,21,8
CITY_K4R_dp_optimal_jenks,w330883125,w441951719,переулок Пирогова,42.9,2,3,13,21,8
CITY_K4R_dp_optimal_jenks,w330883125,w352312102,переулок Пирогова,160.1,2,3,13,21,8
CITY_K4R_dp_optimal_jenks,w330883126,w352470466,переулок Пирогова,246.4,2,3,13,21,8
CITY_K4R_dp_optimal_jenks,w330883126,w352306368,переулок Пирогова,171.0,2,3,13,21,8
CITY_K4R_dp_optimal_jenks,w330883126,w352312107,переулок Пирогова,118.0,2,3,13,21,8
CITY_K4R_dp_optimal_jenks,w330883126,w352312109,переулок Пирогова,157.6,2,3,13,21,8
CITY_K4R_dp_optimal_jenks,w330883126,w352312110,переулок Пирогова,141.5,2,3,13,21,8
CITY_K4R_dp_optimal_jenks,w330883126,w352312112,переулок Пирогова,131.2,2,3,13,21,8
CITY_K4R_dp_optimal_jenks,w330883126,w352312113,переулок Пирогова,211.8,2,3,13,21,8
CITY_K4R_dp_optimal_jenks,w330883126,w352312114,переулок Пирогова,206.1,2,3,13,21,8
CITY_K4R_dp_optimal_jenks,w330883126,w352312119,переулок Пирогова,179.3,2,3,13,21,8
CITY_K4R_dp_optimal_jenks,w330883126,w352312130,переулок Пирогова,165.3,2,3,13,21,8
CITY_K4R_dp_optimal_jenks,w330883126,w352312132,переулок Пирогова,213.2,2,3,13,21,8
CITY_K4R_dp_optimal_jenks,w330883126,w352312134,переулок Пирогова,228.5,2,3,13,21,8
CITY_K4R_dp_optimal_jenks,w330883126,w352312135,переулок Пирогова,208.2,2,3,13,21,8
CITY_K4R_dp_optimal_jenks,w330883126,w352312136,переулок Пирогова,198.8,2,3,13,21,8
CITY_K4R_dp_optimal_jenks,w330883126,w352312139,переулок Пирогова,184.9,2,3,13,21,8
CITY_K4R_dp_optimal_jenks,w330883126,w352313147,переулок Пирогова,211.9,2,3,13,21,8
CITY_K4R_dp_optimal_jenks,w330883126,w352313148,переулок Пирогова,205.3,2,3,13,21,8
CITY_K4R_dp_optimal_jenks,w330883126,w352313149,переулок Пирогова,195.2,2,3,13,21,8
CITY_K4R_dp_optimal_jenks,w330883126,w352307875,переулок Пирогова,170.9,2,3,13,21,8
CITY_K4R_dp_optimal_jenks,w330883126,w352312100,переулок Пирогова,172.6,2,3,13,21,8
CITY_K4R_dp_optimal_jenks,w330883126,w352312105,переулок Пирогова,144.3,2,3,13,21,8
CITY_K4R_dp_optimal_jenks,w330883126,w352312123,переулок Пирогова,151.3,2,3,13,21,8
CITY_K4R_dp_optimal_jenks,w330883126,w352312124,переулок Пирогова,156.7,2,3,13,21,8
CITY_K4R_dp_optimal_jenks,w330883126,w352312126,переулок Пирогова,186.0,2,3,13,21,8
CITY_K4R_dp_optimal_jenks,w330883126,w352312127,переулок Пирогова,162.9,2,3,13,21,8
CITY_K4R_dp_optimal_jenks,w330883126,w352312128,переулок Пирогова,170.4,2,3,13,21,8
CITY_K4R_dp_optimal_jenks,w330883126,w352312131,переулок Пирогова,192.8,2,3,13,21,8
CITY_K4R_dp_optimal_jenks,w330883126,w352313728,переулок Пирогова,206.4,2,3,13,21,8
CITY_K4R_dp_optimal_jenks,w330883126,w352470471,переулок Пирогова,239.5,2,3,13,21,8
CITY_K4R_dp_optimal_jenks,w330883126,w532912846,переулок Пирогова,218.4,2,3,13,21,8
CITY_K4R_dp_optimal_jenks,w330883126,w333999696,переулок Пирогова,64.1,2,3,13,21,8
CITY_K4R_dp_optimal_jenks,w330883126,w352309768,переулок Пирогова,44.5,2,3,13,21,8
CITY_K4R_dp_optimal_jenks,w330883126,w352309769,переулок Пирогова,72.8,2,3,13,21,8
CITY_K4R_dp_optimal_jenks,w330883126,w352312106,переулок Пирогова,105.8,2,3,13,21,8
CITY_K4R_dp_optimal_jenks,w330883126,w352313152,переулок Пирогова,141.3,2,3,13,21,8
CITY_K4R_dp_optimal_jenks,w330883126,w352313153,переулок Пирогова,147.2,2,3,13,21,8
CITY_K4R_dp_optimal_jenks,w330883126,w352313154,переулок Пирогова,162.2,2,3,13,21,8
CITY_K4R_dp_optimal_jenks,w330883126,w352313155,переулок Пирогова,157.8,2,3,13,21,8
CITY_K4R_dp_optimal_jenks,w330883126,w352313157,переулок Пирогова,171.5,2,3,13,21,8
CITY_K4R_dp_optimal_jenks,w330883126,w352313159,переулок Пирогова,158.6,2,3,13,21,8
CITY_K4R_dp_optimal_jenks,w330883126,w352313160,переулок Пирогова,159.1,2,3,13,21,8
CITY_K4R_dp_optimal_jenks,w330883126,w352313729,переулок Пирогова,176.0,2,3,13,21,8
CITY_K4R_dp_optimal_jenks,w330883126,w352313730,переулок Пирогова,187.0,2,3,13,21,8
CITY_K4R_dp_optimal_jenks,w330883126,w352470475,переулок Пирогова,192.0,2,3,13,21,8
CITY_K4R_dp_optimal_jenks,w330883126,w352470477,переулок Пирогова,178.8,2,3,13,21,8
CITY_K4R_dp_optimal_jenks,w330883126,w352470478,переулок Пирогова,165.6,2,3,13,21,8
CITY_K4R_dp_optimal_jenks,w330883126,w352470802,переулок Пирогова,199.4,2,3,13,21,8
CITY_K4R_dp_optimal_jenks,w330883126,w352470806,переулок Пирогова,189.9,2,3,13,21,8
CITY_K4R_dp_optimal_jenks,w330883126,w352470809,переулок Пирогова,185.1,2,3,13,21,8
CITY_K4R_dp_optimal_jenks,w330883126,w352470810,переулок Пирогова,184.9,2,3,13,21,8
CITY_K4R_dp_optimal_jenks,w330883126,w352470814,переулок Пирогова,182.6,2,3,13,21,8
CITY_K4R_dp_optimal_jenks,w330883126,w441951719,переулок Пирогова,55.1,2,3,13,21,8
CITY_K4R_dp_optimal_jenks,w330883126,w352312102,переулок Пирогова,144.5,2,3,13,21,8
CITY_K4R_dp_optimal_jenks,w333999696,w352309763,улица Менделеева,130.5,3,2,21,13,8
CITY_K4R_dp_optimal_jenks,w333999696,w352309767,улица Менделеева,117.4,3,2,21,13,8
CITY_K4R_dp_optimal_jenks,w333999696,w352309772,улица Менделеева,52.8,3,2,21,13,8
CITY_K4R_dp_optimal_jenks,w333999696,w352309774,улица Менделеева,63.7,3,2,21,13,8
CITY_K4R_dp_optimal_jenks,w333999696,w352309776,улица Менделеева,63.8,3,2,21,13,8
CITY_K4R_dp_optimal_jenks,w333999696,w352309779,улица Менделеева,82.9,3,2,21,13,8
CITY_K4R_dp_optimal_jenks,w333999696,w352312097,улица Менделеева,162.5,3,2,21,13,8
CITY_K4R_dp_optimal_jenks,w333999696,w352307873,улица Менделеева,227.3,3,2,21,13,8
CITY_K4R_dp_optimal_jenks,w333999696,w352309081,улица Менделеева,199.0,3,2,21,13,8
CITY_K4R_dp_optimal_jenks,w333999696,w352309082,улица Менделеева,201.0,3,2,21,13,8
CITY_K4R_dp_optimal_jenks,w333999696,w352309084,улица Менделеева,117.1,3,2,21,13,8
CITY_K4R_dp_optimal_jenks,w333999696,w352309085,улица Менделеева,117.6,3,2,21,13,8
CITY_K4R_dp_optimal_jenks,w333999696,w352309529,улица Менделеева,146.7,3,2,21,13,8
CITY_K4R_dp_optimal_jenks,w333999696,w352309777,улица Менделеева,77.9,3,2,21,13,8
CITY_K4R_dp_optimal_jenks,w333999696,w352312092,улица Менделеева,151.6,3,2,21,13,8
CITY_K4R_dp_optimal_jenks,w333999696,w352312093,улица Менделеева,149.2,3,2,21,13,8
CITY_K4R_dp_optimal_jenks,w333999696,w352312096,улица Менделеева,156.9,3,2,21,13,8
CITY_K4R_dp_optimal_jenks,w333999696,w352312099,улица Менделеева,202.4,3,2,21,13,8
CITY_K4R_dp_optimal_jenks,w340414305,w352307875,улица Павлова,237.4,2,3,13,21,8
CITY_K4R_dp_optimal_jenks,w340414305,w352312100,улица Павлова,243.0,2,3,13,21,8
CITY_K4R_dp_optimal_jenks,w340414306,w352312130,переулок Павлова,229.1,2,3,13,21,8
CITY_K4R_dp_optimal_jenks,w340414306,w352312132,переулок Павлова,221.6,2,3,13,21,8
CITY_K4R_dp_optimal_jenks,w340414306,w352312134,переулок Павлова,230.1,2,3,13,21,8
CITY_K4R_dp_optimal_jenks,w340414306,w352312136,переулок Павлова,241.0,2,3,13,21,8
CITY_K4R_dp_optimal_jenks,w340414306,w352312139,переулок Павлова,237.9,2,3,13,21,8
CITY_K4R_dp_optimal_jenks,w340414306,w352307875,переулок Павлова,171.9,2,3,13,21,8
CITY_K4R_dp_optimal_jenks,w340414306,w352312100,переулок Павлова,178.2,2,3,13,21,8
CITY_K4R_dp_optimal_jenks,w340414306,w352312105,переулок Павлова,204.6,2,3,13,21,8
CITY_K4R_dp_optimal_jenks,w340414306,w352312123,переулок Павлова,205.2,2,3,13,21,8
CITY_K4R_dp_optimal_jenks,w340414306,w352312124,переулок Павлова,211.8,2,3,13,21,8
CITY_K4R_dp_optimal_jenks,w340414306,w352312126,переулок Павлова,193.8,2,3,13,21,8
CITY_K4R_dp_optimal_jenks,w340414306,w352312127,переулок Павлова,214.2,2,3,13,21,8
CITY_K4R_dp_optimal_jenks,w340414306,w352312128,переулок Павлова,214.2,2,3,13,21,8
CITY_K4R_dp_optimal_jenks,w340414306,w352312131,переулок Павлова,204.8,2,3,13,21,8
CITY_K4R_dp_optimal_jenks,w340414306,w352312102,переулок Павлова,198.9,2,3,13,21,8
CITY_K4R_dp_optimal_jenks,w340414535,w352306368,улица Тельмана,153.3,2,3,13,21,8
CITY_K4R_dp_optimal_jenks,w340414535,w352312107,улица Тельмана,181.5,2,3,13,21,8
CITY_K4R_dp_optimal_jenks,w340414535,w352312109,улица Тельмана,154.2,2,3,13,21,8
CITY_K4R_dp_optimal_jenks,w340414535,w352312110,улица Тельмана,164.2,2,3,13,21,8
CITY_K4R_dp_optimal_jenks,w340414535,w352312112,улица Тельмана,168.6,2,3,13,21,8
CITY_K4R_dp_optimal_jenks,w340414535,w352312113,улица Тельмана,181.7,2,3,13,21,8
CITY_K4R_dp_optimal_jenks,w340414535,w352312114,улица Тельмана,208.2,2,3,13,21,8
CITY_K4R_dp_optimal_jenks,w340414535,w352312119,улица Тельмана,181.3,2,3,13,21,8
CITY_K4R_dp_optimal_jenks,w340414535,w352312130,улица Тельмана,134.1,2,3,13,21,8
CITY_K4R_dp_optimal_jenks,w340414535,w352312132,улица Тельмана,86.4,2,3,13,21,8
CITY_K4R_dp_optimal_jenks,w340414535,w352312134,улица Тельмана,73.7,2,3,13,21,8
CITY_K4R_dp_optimal_jenks,w340414535,w352312135,улица Тельмана,100.6,2,3,13,21,8
CITY_K4R_dp_optimal_jenks,w340414535,w352312136,улица Тельмана,103.9,2,3,13,21,8
CITY_K4R_dp_optimal_jenks,w340414535,w352312139,улица Тельмана,115.6,2,3,13,21,8
CITY_K4R_dp_optimal_jenks,w340414535,w352313149,улица Тельмана,239.6,2,3,13,21,8
CITY_K4R_dp_optimal_jenks,w340414535,w352468405,улица Тельмана,239.8,2,3,13,21,8
CITY_K4R_dp_optimal_jenks,w340414535,w352307875,улица Тельмана,181.2,2,3,13,21,8
CITY_K4R_dp_optimal_jenks,w340414535,w352312100,улица Тельмана,158.4,2,3,13,21,8
CITY_K4R_dp_optimal_jenks,w340414535,w352312105,улица Тельмана,176.6,2,3,13,21,8
CITY_K4R_dp_optimal_jenks,w340414535,w352312123,улица Тельмана,162.3,2,3,13,21,8
CITY_K4R_dp_optimal_jenks,w340414535,w352312124,улица Тельмана,149.2,2,3,13,21,8
CITY_K4R_dp_optimal_jenks,w340414535,w352312126,улица Тельмана,122.0,2,3,13,21,8
CITY_K4R_dp_optimal_jenks,w340414535,w352312127,улица Тельмана,140.3,2,3,13,21,8
CITY_K4R_dp_optimal_jenks,w340414535,w352312128,улица Тельмана,131.5,2,3,13,21,8
CITY_K4R_dp_optimal_jenks,w340414535,w352312131,улица Тельмана,109.1,2,3,13,21,8
CITY_K4R_dp_optimal_jenks,w340414535,w352312106,улица Тельмана,194.3,2,3,13,21,8
CITY_K4R_dp_optimal_jenks,w340414535,w352312102,улица Тельмана,190.1,2,3,13,21,8
CITY_K4R_dp_optimal_jenks,w340414537,w352306368,улица Павлова,161.0,2,3,13,21,8
CITY_K4R_dp_optimal_jenks,w340414537,w352312107,улица Павлова,167.2,2,3,13,21,8
CITY_K4R_dp_optimal_jenks,w340414537,w352312109,улица Павлова,155.0,2,3,13,21,8
CITY_K4R_dp_optimal_jenks,w340414537,w352312110,улица Павлова,159.2,2,3,13,21,8
CITY_K4R_dp_optimal_jenks,w340414537,w352312112,улица Павлова,155.8,2,3,13,21,8
CITY_K4R_dp_optimal_jenks,w340414537,w352312113,улица Павлова,205.5,2,3,13,21,8
CITY_K4R_dp_optimal_jenks,w340414537,w352312114,улица Павлова,230.5,2,3,13,21,8
CITY_K4R_dp_optimal_jenks,w340414537,w352312119,улица Павлова,196.3,2,3,13,21,8
CITY_K4R_dp_optimal_jenks,w340414537,w352312130,улица Павлова,118.9,2,3,13,21,8
CITY_K4R_dp_optimal_jenks,w340414537,w352312132,улица Павлова,83.2,2,3,13,21,8
CITY_K4R_dp_optimal_jenks,w340414537,w352312134,улица Павлова,82.3,2,3,13,21,8
CITY_K4R_dp_optimal_jenks,w340414537,w352312135,улица Павлова,109.9,2,3,13,21,8
CITY_K4R_dp_optimal_jenks,w340414537,w352312136,улица Павлова,105.1,2,3,13,21,8
CITY_K4R_dp_optimal_jenks,w340414537,w352312139,улица Павлова,110.6,2,3,13,21,8
CITY_K4R_dp_optimal_jenks,w340414537,w352307875,улица Павлова,139.2,2,3,13,21,8
CITY_K4R_dp_optimal_jenks,w340414537,w352312100,улица Павлова,120.2,2,3,13,21,8
CITY_K4R_dp_optimal_jenks,w340414537,w352312105,улица Павлова,143.7,2,3,13,21,8
CITY_K4R_dp_optimal_jenks,w340414537,w352312123,улица Павлова,131.9,2,3,13,21,8
CITY_K4R_dp_optimal_jenks,w340414537,w352312124,улица Павлова,123.4,2,3,13,21,8
CITY_K4R_dp_optimal_jenks,w340414537,w352312126,улица Павлова,94.1,2,3,13,21,8
CITY_K4R_dp_optimal_jenks,w340414537,w352312127,улица Павлова,117.3,2,3,13,21,8
CITY_K4R_dp_optimal_jenks,w340414537,w352312128,улица Павлова,110.4,2,3,13,21,8
CITY_K4R_dp_optimal_jenks,w340414537,w352312131,улица Павлова,89.0,2,3,13,21,8
CITY_K4R_dp_optimal_jenks,w340414537,w352312106,улица Павлова,174.7,2,3,13,21,8
CITY_K4R_dp_optimal_jenks,w340414537,w352312102,улица Павлова,153.7,2,3,13,21,8
CITY_K4R_dp_optimal_jenks,w340414538,w352306368,улица Димитрова,197.6,2,3,13,21,8
CITY_K4R_dp_optimal_jenks,w340414538,w352312107,улица Димитрова,210.9,2,3,13,21,8
CITY_K4R_dp_optimal_jenks,w340414538,w352312109,улица Димитрова,194.2,2,3,13,21,8
CITY_K4R_dp_optimal_jenks,w340414538,w352312110,улица Димитрова,200.5,2,3,13,21,8
CITY_K4R_dp_optimal_jenks,w340414538,w352312112,улица Димитрова,199.0,2,3,13,21,8
CITY_K4R_dp_optimal_jenks,w340414538,w352312113,улица Димитрова,234.2,2,3,13,21,8
CITY_K4R_dp_optimal_jenks,w340414538,w352312119,улица Димитрова,229.9,2,3,13,21,8
CITY_K4R_dp_optimal_jenks,w340414538,w352312130,улица Димитрова,162.2,2,3,13,21,8
CITY_K4R_dp_optimal_jenks,w340414538,w352312132,улица Димитрова,122.0,2,3,13,21,8
CITY_K4R_dp_optimal_jenks,w340414538,w352312134,улица Димитрова,116.1,2,3,13,21,8
CITY_K4R_dp_optimal_jenks,w340414538,w352312135,улица Димитрова,144.7,2,3,13,21,8
CITY_K4R_dp_optimal_jenks,w340414538,w352312136,улица Димитрова,143.2,2,3,13,21,8
CITY_K4R_dp_optimal_jenks,w340414538,w352312139,улица Димитрова,151.0,2,3,13,21,8
CITY_K4R_dp_optimal_jenks,w340414538,w352307875,улица Димитрова,181.6,2,3,13,21,8
CITY_K4R_dp_optimal_jenks,w340414538,w352312100,улица Димитрова,164.1,2,3,13,21,8
CITY_K4R_dp_optimal_jenks,w340414538,w352312105,улица Димитрова,188.3,2,3,13,21,8
CITY_K4R_dp_optimal_jenks,w340414538,w352312123,улица Димитрова,176.7,2,3,13,21,8
CITY_K4R_dp_optimal_jenks,w340414538,w352312124,улица Димитрова,168.2,2,3,13,21,8
CITY_K4R_dp_optimal_jenks,w340414538,w352312126,улица Димитрова,138.9,2,3,13,21,8
CITY_K4R_dp_optimal_jenks,w340414538,w352312127,улица Димитрова,161.8,2,3,13,21,8
CITY_K4R_dp_optimal_jenks,w340414538,w352312128,улица Димитрова,154.7,2,3,13,21,8
CITY_K4R_dp_optimal_jenks,w340414538,w352312131,улица Димитрова,132.8,2,3,13,21,8
CITY_K4R_dp_optimal_jenks,w340414538,w352312106,улица Димитрова,219.1,2,3,13,21,8
CITY_K4R_dp_optimal_jenks,w340414538,w352312102,улица Димитрова,197.6,2,3,13,21,8
CITY_K4R_dp_optimal_jenks,w340414539,w352306368,улица Димитрова,177.8,2,3,13,21,8
CITY_K4R_dp_optimal_jenks,w340414539,w352312107,улица Димитрова,194.8,2,3,13,21,8
CITY_K4R_dp_optimal_jenks,w340414539,w352312109,улица Димитрова,175.3,2,3,13,21,8
CITY_K4R_dp_optimal_jenks,w340414539,w352312110,улица Димитрова,182.5,2,3,13,21,8
CITY_K4R_dp_optimal_jenks,w340414539,w352312112,улица Димитрова,182.5,2,3,13,21,8
CITY_K4R_dp_optimal_jenks,w340414539,w352312113,улица Димитрова,213.2,2,3,13,21,8
CITY_K4R_dp_optimal_jenks,w340414539,w352312114,улица Димитрова,239.4,2,3,13,21,8
CITY_K4R_dp_optimal_jenks,w340414539,w352312119,улица Димитрова,209.4,2,3,13,21,8
CITY_K4R_dp_optimal_jenks,w340414539,w352312130,улица Димитрова,146.0,2,3,13,21,8
CITY_K4R_dp_optimal_jenks,w340414539,w352312132,улица Димитрова,103.4,2,3,13,21,8
CITY_K4R_dp_optimal_jenks,w340414539,w352312134,улица Димитрова,96.2,2,3,13,21,8
CITY_K4R_dp_optimal_jenks,w340414539,w352312135,улица Димитрова,124.7,2,3,13,21,8
CITY_K4R_dp_optimal_jenks,w340414539,w352312136,улица Димитрова,124.1,2,3,13,21,8
CITY_K4R_dp_optimal_jenks,w340414539,w352312139,улица Димитрова,132.9,2,3,13,21,8
CITY_K4R_dp_optimal_jenks,w340414539,w352307875,улица Димитрова,174.5,2,3,13,21,8
CITY_K4R_dp_optimal_jenks,w340414539,w352312100,улица Димитрова,154.9,2,3,13,21,8
CITY_K4R_dp_optimal_jenks,w340414539,w352312105,улица Димитрова,177.3,2,3,13,21,8
CITY_K4R_dp_optimal_jenks,w340414539,w352312123,улица Димитрова,164.7,2,3,13,21,8
CITY_K4R_dp_optimal_jenks,w340414539,w352312124,улица Димитрова,154.7,2,3,13,21,8
CITY_K4R_dp_optimal_jenks,w340414539,w352312126,улица Димитрова,125.7,2,3,13,21,8
CITY_K4R_dp_optimal_jenks,w340414539,w352312127,улица Димитрова,147.5,2,3,13,21,8
CITY_K4R_dp_optimal_jenks,w340414539,w352312128,улица Димитрова,139.8,2,3,13,21,8
CITY_K4R_dp_optimal_jenks,w340414539,w352312131,улица Димитрова,117.4,2,3,13,21,8
CITY_K4R_dp_optimal_jenks,w340414539,w352312106,улица Димитрова,204.4,2,3,13,21,8
CITY_K4R_dp_optimal_jenks,w340414539,w352312102,улица Димитрова,188.2,2,3,13,21,8
CITY_K4R_dp_optimal_jenks,w340414540,w352306368,улица Димитрова,162.5,2,3,13,21,8
CITY_K4R_dp_optimal_jenks,w340414540,w352312107,улица Димитрова,185.5,2,3,13,21,8
CITY_K4R_dp_optimal_jenks,w340414540,w352312109,улица Димитрова,161.7,2,3,13,21,8
CITY_K4R_dp_optimal_jenks,w340414540,w352312110,улица Димитрова,170.5,2,3,13,21,8
CITY_K4R_dp_optimal_jenks,w340414540,w352312112,улица Димитрова,172.8,2,3,13,21,8
CITY_K4R_dp_optimal_jenks,w340414540,w352312113,улица Димитрова,194.5,2,3,13,21,8
CITY_K4R_dp_optimal_jenks,w340414540,w352312114,улица Димитрова,220.8,2,3,13,21,8
CITY_K4R_dp_optimal_jenks,w340414540,w352312119,улица Димитрова,192.3,2,3,13,21,8
CITY_K4R_dp_optimal_jenks,w340414540,w352312130,улица Димитрова,137.2,2,3,13,21,8
CITY_K4R_dp_optimal_jenks,w340414540,w352312132,улица Димитрова,91.5,2,3,13,21,8
CITY_K4R_dp_optimal_jenks,w340414540,w352312134,улица Димитрова,81.4,2,3,13,21,8
CITY_K4R_dp_optimal_jenks,w340414540,w352312135,улица Димитрова,109.3,2,3,13,21,8
CITY_K4R_dp_optimal_jenks,w340414540,w352312136,улица Димитрова,110.7,2,3,13,21,8
CITY_K4R_dp_optimal_jenks,w340414540,w352312139,улица Димитрова,121.1,2,3,13,21,8
CITY_K4R_dp_optimal_jenks,w340414540,w352307875,улица Димитрова,176.5,2,3,13,21,8
CITY_K4R_dp_optimal_jenks,w340414540,w352312100,улица Димитрова,155.0,2,3,13,21,8
CITY_K4R_dp_optimal_jenks,w340414540,w352312105,улица Димитрова,175.1,2,3,13,21,8
CITY_K4R_dp_optimal_jenks,w340414540,w352312123,улица Димитрова,161.4,2,3,13,21,8
CITY_K4R_dp_optimal_jenks,w340414540,w352312124,улица Димитрова,149.6,2,3,13,21,8
CITY_K4R_dp_optimal_jenks,w340414540,w352312126,улица Димитрова,121.4,2,3,13,21,8
CITY_K4R_dp_optimal_jenks,w340414540,w352312127,улица Димитрова,141.4,2,3,13,21,8
CITY_K4R_dp_optimal_jenks,w340414540,w352312128,улица Димитрова,133.0,2,3,13,21,8
CITY_K4R_dp_optimal_jenks,w340414540,w352312131,улица Димитрова,110.4,2,3,13,21,8
CITY_K4R_dp_optimal_jenks,w340414540,w352312106,улица Димитрова,196.9,2,3,13,21,8
CITY_K4R_dp_optimal_jenks,w340414540,w352312102,улица Димитрова,187.5,2,3,13,21,8
CITY_K4R_dp_optimal_jenks,w340414542,w352306368,улица Павлова,145.3,2,3,13,21,8
CITY_K4R_dp_optimal_jenks,w340414542,w352312107,улица Павлова,153.2,2,3,13,21,8
CITY_K4R_dp_optimal_jenks,w340414542,w352312109,улица Павлова,139.4,2,3,13,21,8
CITY_K4R_dp_optimal_jenks,w340414542,w352312110,улица Павлова,144.1,2,3,13,21,8
CITY_K4R_dp_optimal_jenks,w340414542,w352312112,улица Павлова,141.5,2,3,13,21,8
CITY_K4R_dp_optimal_jenks,w340414542,w352312113,улица Павлова,190.3,2,3,13,21,8
CITY_K4R_dp_optimal_jenks,w340414542,w352312114,улица Павлова,215.1,2,3,13,21,8
CITY_K4R_dp_optimal_jenks,w340414542,w352312119,улица Павлова,180.6,2,3,13,21,8
CITY_K4R_dp_optimal_jenks,w340414542,w352312130,улица Павлова,104.6,2,3,13,21,8
CITY_K4R_dp_optimal_jenks,w340414542,w352312132,улица Павлова,67.5,2,3,13,21,8
CITY_K4R_dp_optimal_jenks,w340414542,w352312134,улица Павлова,66.8,2,3,13,21,8
CITY_K4R_dp_optimal_jenks,w340414542,w352312135,улица Павлова,94.2,2,3,13,21,8
CITY_K4R_dp_optimal_jenks,w340414542,w352312136,улица Павлова,89.4,2,3,13,21,8
CITY_K4R_dp_optimal_jenks,w340414542,w352312139,улица Павлова,95.2,2,3,13,21,8
CITY_K4R_dp_optimal_jenks,w340414542,w352313149,улица Павлова,243.2,2,3,13,21,8
CITY_K4R_dp_optimal_jenks,w340414542,w352307875,улица Павлова,132.9,2,3,13,21,8
CITY_K4R_dp_optimal_jenks,w340414542,w352312100,улица Павлова,112.0,2,3,13,21,8
CITY_K4R_dp_optimal_jenks,w340414542,w352312105,улица Павлова,133.7,2,3,13,21,8
CITY_K4R_dp_optimal_jenks,w340414542,w352312123,улица Павлова,121.0,2,3,13,21,8
CITY_K4R_dp_optimal_jenks,w340414542,w352312124,улица Павлова,111.2,2,3,13,21,8
CITY_K4R_dp_optimal_jenks,w340414542,w352312126,улица Павлова,82.0,2,3,13,21,8
CITY_K4R_dp_optimal_jenks,w340414542,w352312127,улица Павлова,104.4,2,3,13,21,8
CITY_K4R_dp_optimal_jenks,w340414542,w352312128,улица Павлова,97.0,2,3,13,21,8
CITY_K4R_dp_optimal_jenks,w340414542,w352312131,улица Павлова,75.1,2,3,13,21,8
CITY_K4R_dp_optimal_jenks,w340414542,w352312106,улица Павлова,161.6,2,3,13,21,8
CITY_K4R_dp_optimal_jenks,w340414542,w352312102,улица Павлова,145.0,2,3,13,21,8
CITY_K4R_dp_optimal_jenks,w340414544,w352306368,улица Павлова,172.1,2,3,13,21,8
CITY_K4R_dp_optimal_jenks,w340414544,w352312107,улица Павлова,160.8,2,3,13,21,8
CITY_K4R_dp_optimal_jenks,w340414544,w352312109,улица Павлова,161.5,2,3,13,21,8
CITY_K4R_dp_optimal_jenks,w340414544,w352312110,улица Павлова,161.0,2,3,13,21,8
CITY_K4R_dp_optimal_jenks,w340414544,w352312112,улица Павлова,151.6,2,3,13,21,8
CITY_K4R_dp_optimal_jenks,w340414544,w352312113,улица Павлова,225.5,2,3,13,21,8
CITY_K4R_dp_optimal_jenks,w340414544,w352312114,улица Павлова,248.7,2,3,13,21,8
CITY_K4R_dp_optimal_jenks,w340414544,w352312119,улица Павлова,210.5,2,3,13,21,8
CITY_K4R_dp_optimal_jenks,w340414544,w352312130,улица Павлова,116.5,2,3,13,21,8
CITY_K4R_dp_optimal_jenks,w340414544,w352312132,улица Павлова,96.8,2,3,13,21,8
CITY_K4R_dp_optimal_jenks,w340414544,w352312134,улица Павлова,103.7,2,3,13,21,8
CITY_K4R_dp_optimal_jenks,w340414544,w352312135,улица Павлова,127.1,2,3,13,21,8
CITY_K4R_dp_optimal_jenks,w340414544,w352312136,улица Павлова,117.6,2,3,13,21,8
CITY_K4R_dp_optimal_jenks,w340414544,w352312139,улица Павлова,117.6,2,3,13,21,8
CITY_K4R_dp_optimal_jenks,w340414544,w352307875,улица Павлова,108.5,2,3,13,21,8
CITY_K4R_dp_optimal_jenks,w340414544,w352312100,улица Павлова,94.9,2,3,13,21,8
CITY_K4R_dp_optimal_jenks,w340414544,w352312105,улица Павлова,122.0,2,3,13,21,8
CITY_K4R_dp_optimal_jenks,w340414544,w352312123,улица Павлова,113.6,2,3,13,21,8
CITY_K4R_dp_optimal_jenks,w340414544,w352312124,улица Павлова,110.6,2,3,13,21,8
CITY_K4R_dp_optimal_jenks,w340414544,w352312126,улица Павлова,83.7,2,3,13,21,8
CITY_K4R_dp_optimal_jenks,w340414544,w352312127,улица Павлова,107.9,2,3,13,21,8
CITY_K4R_dp_optimal_jenks,w340414544,w352312128,улица Павлова,103.9,2,3,13,21,8
CITY_K4R_dp_optimal_jenks,w340414544,w352312131,улица Павлова,87.5,2,3,13,21,8
CITY_K4R_dp_optimal_jenks,w340414544,w352312106,улица Павлова,163.2,2,3,13,21,8
CITY_K4R_dp_optimal_jenks,w340414544,w352312102,улица Павлова,127.8,2,3,13,21,8
CITY_K4R_dp_optimal_jenks,w340414545,w352306368,улица Павлова,193.3,2,3,13,21,8
CITY_K4R_dp_optimal_jenks,w340414545,w352312107,улица Павлова,181.7,2,3,13,21,8
CITY_K4R_dp_optimal_jenks,w340414545,w352312109,улица Павлова,182.9,2,3,13,21,8
CITY_K4R_dp_optimal_jenks,w340414545,w352312110,улица Павлова,182.4,2,3,13,21,8
CITY_K4R_dp_optimal_jenks,w340414545,w352312112,улица Павлова,172.7,2,3,13,21,8
CITY_K4R_dp_optimal_jenks,w340414545,w352312113,улица Павлова,245.7,2,3,13,21,8
CITY_K4R_dp_optimal_jenks,w340414545,w352312119,улица Павлова,231.5,2,3,13,21,8
CITY_K4R_dp_optimal_jenks,w340414545,w352312130,улица Павлова,137.8,2,3,13,21,8
CITY_K4R_dp_optimal_jenks,w340414545,w352312132,улица Павлова,117.3,2,3,13,21,8
CITY_K4R_dp_optimal_jenks,w340414545,w352312134,улица Павлова,122.9,2,3,13,21,8
CITY_K4R_dp_optimal_jenks,w340414545,w352312135,улица Павлова,147.4,2,3,13,21,8
CITY_K4R_dp_optimal_jenks,w340414545,w352312136,улица Павлова,138.4,2,3,13,21,8
CITY_K4R_dp_optimal_jenks,w340414545,w352312139,улица Павлова,138.9,2,3,13,21,8
CITY_K4R_dp_optimal_jenks,w340414545,w352307875,улица Павлова,122.6,2,3,13,21,8
CITY_K4R_dp_optimal_jenks,w340414545,w352312100,улица Павлова,112.1,2,3,13,21,8
CITY_K4R_dp_optimal_jenks,w340414545,w352312105,улица Павлова,139.9,2,3,13,21,8
CITY_K4R_dp_optimal_jenks,w340414545,w352312123,улица Павлова,132.7,2,3,13,21,8
CITY_K4R_dp_optimal_jenks,w340414545,w352312124,улица Павлова,130.9,2,3,13,21,8
CITY_K4R_dp_optimal_jenks,w340414545,w352312126,улица Павлова,104.7,2,3,13,21,8
CITY_K4R_dp_optimal_jenks,w340414545,w352312127,улица Павлова,128.7,2,3,13,21,8
CITY_K4R_dp_optimal_jenks,w340414545,w352312128,улица Павлова,125.1,2,3,13,21,8
CITY_K4R_dp_optimal_jenks,w340414545,w352312131,улица Павлова,108.9,2,3,13,21,8
CITY_K4R_dp_optimal_jenks,w340414545,w352312106,улица Павлова,183.3,2,3,13,21,8
CITY_K4R_dp_optimal_jenks,w340414545,w352312102,улица Павлова,144.0,2,3,13,21,8
CITY_K4R_dp_optimal_jenks,w340414546,w352306368,улица Чкалова,249.6,2,3,13,21,8
CITY_K4R_dp_optimal_jenks,w340414546,w352312107,улица Чкалова,249.1,2,3,13,21,8
CITY_K4R_dp_optimal_jenks,w340414546,w352312109,улица Чкалова,242.7,2,3,13,21,8
CITY_K4R_dp_optimal_jenks,w340414546,w352312110,улица Чкалова,245.4,2,3,13,21,8
CITY_K4R_dp_optimal_jenks,w340414546,w352312112,улица Чкалова,238.9,2,3,13,21,8
CITY_K4R_dp_optimal_jenks,w340414546,w352312130,улица Чкалова,202.6,2,3,13,21,8
CITY_K4R_dp_optimal_jenks,w340414546,w352312132,улица Чкалова,171.7,2,3,13,21,8
CITY_K4R_dp_optimal_jenks,w340414546,w352312134,улица Чкалова,170.7,2,3,13,21,8
CITY_K4R_dp_optimal_jenks,w340414546,w352312135,улица Чкалова,198.6,2,3,13,21,8
CITY_K4R_dp_optimal_jenks,w340414546,w352312136,улица Чкалова,193.7,2,3,13,21,8
CITY_K4R_dp_optimal_jenks,w340414546,w352312139,улица Чкалова,198.1,2,3,13,21,8
CITY_K4R_dp_optimal_jenks,w340414546,w352307875,улица Чкалова,193.4,2,3,13,21,8
CITY_K4R_dp_optimal_jenks,w340414546,w352312100,улица Чкалова,183.5,2,3,13,21,8
CITY_K4R_dp_optimal_jenks,w340414546,w352312105,улица Чкалова,211.2,2,3,13,21,8
CITY_K4R_dp_optimal_jenks,w340414546,w352312123,улица Чкалова,203.4,2,3,13,21,8
CITY_K4R_dp_optimal_jenks,w340414546,w352312124,улица Чкалова,200.0,2,3,13,21,8
CITY_K4R_dp_optimal_jenks,w340414546,w352312126,улица Чкалова,172.2,2,3,13,21,8
CITY_K4R_dp_optimal_jenks,w340414546,w352312127,улица Чкалова,196.5,2,3,13,21,8
CITY_K4R_dp_optimal_jenks,w340414546,w352312128,улица Чкалова,191.6,2,3,13,21,8
CITY_K4R_dp_optimal_jenks,w340414546,w352312131,улица Чкалова,172.5,2,3,13,21,8
CITY_K4R_dp_optimal_jenks,w340414546,w352312102,улица Чкалова,215.5,2,3,13,21,8
CITY_K4R_dp_optimal_jenks,w340414547,w352306368,улица Павлова,247.3,2,3,13,21,8
CITY_K4R_dp_optimal_jenks,w340414547,w352312107,улица Павлова,238.1,2,3,13,21,8
CITY_K4R_dp_optimal_jenks,w340414547,w352312109,улица Павлова,238.0,2,3,13,21,8
CITY_K4R_dp_optimal_jenks,w340414547,w352312110,улица Павлова,238.4,2,3,13,21,8
CITY_K4R_dp_optimal_jenks,w340414547,w352312112,улица Павлова,229.1,2,3,13,21,8
CITY_K4R_dp_optimal_jenks,w340414547,w352312130,улица Павлова,194.0,2,3,13,21,8
CITY_K4R_dp_optimal_jenks,w340414547,w352312132,улица Павлова,169.8,2,3,13,21,8
CITY_K4R_dp_optimal_jenks,w340414547,w352312134,улица Павлова,172.3,2,3,13,21,8
CITY_K4R_dp_optimal_jenks,w340414547,w352312135,улица Павлова,198.8,2,3,13,21,8
CITY_K4R_dp_optimal_jenks,w340414547,w352312136,улица Павлова,191.6,2,3,13,21,8
CITY_K4R_dp_optimal_jenks,w340414547,w352312139,улица Павлова,193.6,2,3,13,21,8
CITY_K4R_dp_optimal_jenks,w340414547,w352307875,улица Павлова,172.2,2,3,13,21,8
CITY_K4R_dp_optimal_jenks,w340414547,w352312100,улица Павлова,165.7,2,3,13,21,8
CITY_K4R_dp_optimal_jenks,w340414547,w352312105,улица Павлова,193.9,2,3,13,21,8
CITY_K4R_dp_optimal_jenks,w340414547,w352312123,улица Павлова,188.0,2,3,13,21,8
CITY_K4R_dp_optimal_jenks,w340414547,w352312124,улица Павлова,187.2,2,3,13,21,8
CITY_K4R_dp_optimal_jenks,w340414547,w352312126,улица Павлова,161.2,2,3,13,21,8
CITY_K4R_dp_optimal_jenks,w340414547,w352312127,улица Павлова,185.2,2,3,13,21,8
CITY_K4R_dp_optimal_jenks,w340414547,w352312128,улица Павлова,181.5,2,3,13,21,8
CITY_K4R_dp_optimal_jenks,w340414547,w352312131,улица Павлова,164.8,2,3,13,21,8
CITY_K4R_dp_optimal_jenks,w340414547,w352312106,улица Павлова,239.3,2,3,13,21,8
CITY_K4R_dp_optimal_jenks,w340414547,w352312102,улица Павлова,196.0,2,3,13,21,8
CITY_K4R_dp_optimal_jenks,w340414548,w352306368,улица Павлова,231.7,2,3,13,21,8
CITY_K4R_dp_optimal_jenks,w340414548,w352312107,улица Павлова,224.1,2,3,13,21,8
CITY_K4R_dp_optimal_jenks,w340414548,w352312109,улица Павлова,222.7,2,3,13,21,8
CITY_K4R_dp_optimal_jenks,w340414548,w352312110,улица Павлова,223.5,2,3,13,21,8
CITY_K4R_dp_optimal_jenks,w340414548,w352312112,улица Павлова,214.8,2,3,13,21,8
CITY_K4R_dp_optimal_jenks,w340414548,w352312130,улица Павлова,179.4,2,3,13,21,8
CITY_K4R_dp_optimal_jenks,w340414548,w352312132,улица Павлова,154.1,2,3,13,21,8
CITY_K4R_dp_optimal_jenks,w340414548,w352312134,улица Павлова,156.5,2,3,13,21,8
CITY_K4R_dp_optimal_jenks,w340414548,w352312135,улица Павлова,183.0,2,3,13,21,8
CITY_K4R_dp_optimal_jenks,w340414548,w352312136,улица Павлова,175.9,2,3,13,21,8
CITY_K4R_dp_optimal_jenks,w340414548,w352312139,улица Павлова,178.2,2,3,13,21,8
CITY_K4R_dp_optimal_jenks,w340414548,w352307875,улица Павлова,162.3,2,3,13,21,8
CITY_K4R_dp_optimal_jenks,w340414548,w352312100,улица Павлова,154.0,2,3,13,21,8
CITY_K4R_dp_optimal_jenks,w340414548,w352312105,улица Павлова,182.0,2,3,13,21,8
CITY_K4R_dp_optimal_jenks,w340414548,w352312123,улица Павлова,175.3,2,3,13,21,8
CITY_K4R_dp_optimal_jenks,w340414548,w352312124,улица Павлова,173.6,2,3,13,21,8
CITY_K4R_dp_optimal_jenks,w340414548,w352312126,улица Павлова,147.0,2,3,13,21,8
CITY_K4R_dp_optimal_jenks,w340414548,w352312127,улица Павлова,171.2,2,3,13,21,8
CITY_K4R_dp_optimal_jenks,w340414548,w352312128,улица Павлова,167.2,2,3,13,21,8
CITY_K4R_dp_optimal_jenks,w340414548,w352312131,улица Павлова,149.9,2,3,13,21,8
CITY_K4R_dp_optimal_jenks,w340414548,w352312106,улица Павлова,226.0,2,3,13,21,8
CITY_K4R_dp_optimal_jenks,w340414548,w352312102,улица Павлова,185.2,2,3,13,21,8
CITY_K4R_dp_optimal_jenks,w350364158,w414674678,улица Тамары Кручок,239.6,2,3,13,21,8
CITY_K4R_dp_optimal_jenks,w351857160,w352312112,улица Павлова,245.1,2,3,13,21,8
CITY_K4R_dp_optimal_jenks,w351857160,w352312130,улица Павлова,210.7,2,3,13,21,8
CITY_K4R_dp_optimal_jenks,w351857160,w352312132,улица Павлова,188.5,2,3,13,21,8
CITY_K4R_dp_optimal_jenks,w351857160,w352312134,улица Павлова,191.6,2,3,13,21,8
CITY_K4R_dp_optimal_jenks,w351857160,w352312135,улица Павлова,217.8,2,3,13,21,8
CITY_K4R_dp_optimal_jenks,w351857160,w352312136,улица Павлова,210.1,2,3,13,21,8
CITY_K4R_dp_optimal_jenks,w351857160,w352312139,улица Павлова,211.5,2,3,13,21,8
CITY_K4R_dp_optimal_jenks,w351857160,w352307875,улица Павлова,182.2,2,3,13,21,8
CITY_K4R_dp_optimal_jenks,w351857160,w352312100,улица Павлова,178.1,2,3,13,21,8
CITY_K4R_dp_optimal_jenks,w351857160,w352312105,улица Павлова,206.4,2,3,13,21,8
CITY_K4R_dp_optimal_jenks,w351857160,w352312123,улица Павлова,201.6,2,3,13,21,8
CITY_K4R_dp_optimal_jenks,w351857160,w352312124,улица Павлова,202.1,2,3,13,21,8
CITY_K4R_dp_optimal_jenks,w351857160,w352312126,улица Павлова,177.1,2,3,13,21,8
CITY_K4R_dp_optimal_jenks,w351857160,w352312127,улица Павлова,200.8,2,3,13,21,8
CITY_K4R_dp_optimal_jenks,w351857160,w352312128,улица Павлова,197.7,2,3,13,21,8
CITY_K4R_dp_optimal_jenks,w351857160,w352312131,улица Павлова,181.9,2,3,13,21,8
CITY_K4R_dp_optimal_jenks,w351857160,w352312102,улица Павлова,207.1,2,3,13,21,8
CITY_K4R_dp_optimal_jenks,w351857161,w352312130,улица Димитрова,221.5,2,3,13,21,8
CITY_K4R_dp_optimal_jenks,w351857161,w352312132,улица Димитрова,191.2,2,3,13,21,8
CITY_K4R_dp_optimal_jenks,w351857161,w352312134,улица Димитрова,190.2,2,3,13,21,8
CITY_K4R_dp_optimal_jenks,w351857161,w352312135,улица Димитрова,218.1,2,3,13,21,8
CITY_K4R_dp_optimal_jenks,w351857161,w352312136,улица Димитрова,213.2,2,3,13,21,8
CITY_K4R_dp_optimal_jenks,w351857161,w352312139,улица Димитрова,217.4,2,3,13,21,8
CITY_K4R_dp_optimal_jenks,w351857161,w352307875,улица Димитрова,208.4,2,3,13,21,8
CITY_K4R_dp_optimal_jenks,w351857161,w352312100,улица Димитрова,199.9,2,3,13,21,8
CITY_K4R_dp_optimal_jenks,w351857161,w352312105,улица Димитрова,227.8,2,3,13,21,8
CITY_K4R_dp_optimal_jenks,w351857161,w352312123,улица Димитрова,220.7,2,3,13,21,8
CITY_K4R_dp_optimal_jenks,w351857161,w352312124,улица Димитрова,218.0,2,3,13,21,8
CITY_K4R_dp_optimal_jenks,w351857161,w352312126,улица Димитрова,190.6,2,3,13,21,8
CITY_K4R_dp_optimal_jenks,w351857161,w352312127,улица Димитрова,214.9,2,3,13,21,8
CITY_K4R_dp_optimal_jenks,w351857161,w352312128,улица Димитрова,210.2,2,3,13,21,8
CITY_K4R_dp_optimal_jenks,w351857161,w352312131,улица Димитрова,191.5,2,3,13,21,8
CITY_K4R_dp_optimal_jenks,w351857161,w352312102,улица Димитрова,231.3,2,3,13,21,8
CITY_K4R_dp_optimal_jenks,w352306056,w352469712,Загородная улица,217.3,2,3,13,21,8
CITY_K4R_dp_optimal_jenks,w352306056,w352469717,Загородная улица,231.8,2,3,13,21,8
CITY_K4R_dp_optimal_jenks,w352306056,w352306368,Загородная улица,174.4,2,3,13,21,8
CITY_K4R_dp_optimal_jenks,w352306056,w352312107,Загородная улица,235.2,2,3,13,21,8
CITY_K4R_dp_optimal_jenks,w352306056,w352312109,Загородная улица,188.4,2,3,13,21,8
CITY_K4R_dp_optimal_jenks,w352306056,w352312110,Загородная улица,205.9,2,3,13,21,8
CITY_K4R_dp_optimal_jenks,w352306056,w352312112,Загородная улица,222.5,2,3,13,21,8
CITY_K4R_dp_optimal_jenks,w352306056,w352312113,Загородная улица,154.7,2,3,13,21,8
CITY_K4R_dp_optimal_jenks,w352306056,w352312114,Загородная улица,177.3,2,3,13,21,8
CITY_K4R_dp_optimal_jenks,w352306056,w352312119,Загородная улица,176.5,2,3,13,21,8
CITY_K4R_dp_optimal_jenks,w352306056,w352312130,Загородная улица,201.6,2,3,13,21,8
CITY_K4R_dp_optimal_jenks,w352306056,w352312132,Загородная улица,158.7,2,3,13,21,8
CITY_K4R_dp_optimal_jenks,w352306056,w352312134,Загородная улица,139.8,2,3,13,21,8
CITY_K4R_dp_optimal_jenks,w352306056,w352312135,Загородная улица,145.5,2,3,13,21,8
CITY_K4R_dp_optimal_jenks,w352306056,w352312136,Загородная улица,159.8,2,3,13,21,8
CITY_K4R_dp_optimal_jenks,w352306056,w352312139,Загородная улица,175.2,2,3,13,21,8
CITY_K4R_dp_optimal_jenks,w352306056,w352313148,Загородная улица,226.9,2,3,13,21,8
CITY_K4R_dp_optimal_jenks,w352306056,w352313149,Загородная улица,209.7,2,3,13,21,8
CITY_K4R_dp_optimal_jenks,w352306056,w352468401,Загородная улица,136.4,2,3,13,21,8
CITY_K4R_dp_optimal_jenks,w352306056,w352468405,Загородная улица,121.9,2,3,13,21,8
CITY_K4R_dp_optimal_jenks,w352306056,w352312123,Загородная улица,245.2,2,3,13,21,8
CITY_K4R_dp_optimal_jenks,w352306056,w352312124,Загородная улица,228.0,2,3,13,21,8
CITY_K4R_dp_optimal_jenks,w352306056,w352312126,Загородная улица,209.9,2,3,13,21,8
CITY_K4R_dp_optimal_jenks,w352306056,w352312127,Загородная улица,217.2,2,3,13,21,8
CITY_K4R_dp_optimal_jenks,w352306056,w352312128,Загородная улица,208.0,2,3,13,21,8
CITY_K4R_dp_optimal_jenks,w352306056,w352312131,Загородная улица,191.5,2,3,13,21,8
CITY_K4R_dp_optimal_jenks,w352306057,w352469712,улица Мичурина,237.6,2,3,13,21,8
CITY_K4R_dp_optimal_jenks,w352306057,w352306368,улица Мичурина,178.2,2,3,13,21,8
CITY_K4R_dp_optimal_jenks,w352306057,w352312107,улица Мичурина,235.3,2,3,13,21,8
CITY_K4R_dp_optimal_jenks,w352306057,w352312109,улица Мичурина,190.5,2,3,13,21,8
CITY_K4R_dp_optimal_jenks,w352306057,w352312110,улица Мичурина,207.3,2,3,13,21,8
CITY_K4R_dp_optimal_jenks,w352306057,w352312112,улица Мичурина,222.3,2,3,13,21,8
CITY_K4R_dp_optimal_jenks,w352306057,w352312113,улица Мичурина,165.7,2,3,13,21,8
CITY_K4R_dp_optimal_jenks,w352306057,w352312114,улица Мичурина,189.6,2,3,13,21,8
CITY_K4R_dp_optimal_jenks,w352306057,w352312119,улица Мичурина,184.7,2,3,13,21,8
CITY_K4R_dp_optimal_jenks,w352306057,w352312130,улица Мичурина,198.5,2,3,13,21,8
CITY_K4R_dp_optimal_jenks,w352306057,w352312132,улица Мичурина,153.2,2,3,13,21,8
CITY_K4R_dp_optimal_jenks,w352306057,w352312134,улица Мичурина,134.2,2,3,13,21,8
CITY_K4R_dp_optimal_jenks,w352306057,w352312135,улица Мичурина,143.8,2,3,13,21,8
CITY_K4R_dp_optimal_jenks,w352306057,w352312136,улица Мичурина,157.1,2,3,13,21,8
CITY_K4R_dp_optimal_jenks,w352306057,w352312139,улица Мичурина,172.5,2,3,13,21,8
CITY_K4R_dp_optimal_jenks,w352306057,w352313148,улица Мичурина,240.9,2,3,13,21,8
CITY_K4R_dp_optimal_jenks,w352306057,w352313149,улица Мичурина,222.5,2,3,13,21,8
CITY_K4R_dp_optimal_jenks,w352306057,w352468401,улица Мичурина,156.3,2,3,13,21,8
CITY_K4R_dp_optimal_jenks,w352306057,w352468405,улица Мичурина,141.8,2,3,13,21,8
CITY_K4R_dp_optimal_jenks,w352306057,w352312100,улица Мичурина,245.7,2,3,13,21,8
CITY_K4R_dp_optimal_jenks,w352306057,w352312123,улица Мичурина,240.3,2,3,13,21,8
CITY_K4R_dp_optimal_jenks,w352306057,w352312124,улица Мичурина,223.5,2,3,13,21,8
CITY_K4R_dp_optimal_jenks,w352306057,w352312126,улица Мичурина,203.4,2,3,13,21,8
CITY_K4R_dp_optimal_jenks,w352306057,w352312127,улица Мичурина,212.9,2,3,13,21,8
CITY_K4R_dp_optimal_jenks,w352306057,w352312128,улица Мичурина,203.5,2,3,13,21,8
CITY_K4R_dp_optimal_jenks,w352306057,w352312131,улица Мичурина,185.5,2,3,13,21,8
CITY_K4R_dp_optimal_jenks,w352306058,w352306368,улица Мичурина,180.7,2,3,13,21,8
CITY_K4R_dp_optimal_jenks,w352306058,w352312107,улица Мичурина,234.3,2,3,13,21,8
CITY_K4R_dp_optimal_jenks,w352306058,w352312109,улица Мичурина,191.5,2,3,13,21,8
CITY_K4R_dp_optimal_jenks,w352306058,w352312110,улица Мичурина,207.6,2,3,13,21,8
CITY_K4R_dp_optimal_jenks,w352306058,w352312112,улица Мичурина,221.1,2,3,13,21,8
CITY_K4R_dp_optimal_jenks,w352306058,w352312113,улица Мичурина,174.2,2,3,13,21,8
CITY_K4R_dp_optimal_jenks,w352306058,w352312114,улица Мичурина,198.9,2,3,13,21,8
CITY_K4R_dp_optimal_jenks,w352306058,w352312119,улица Мичурина,190.6,2,3,13,21,8
CITY_K4R_dp_optimal_jenks,w352306058,w352312130,улица Мичурина,195.1,2,3,13,21,8
CITY_K4R_dp_optimal_jenks,w352306058,w352312132,улица Мичурина,148.3,2,3,13,21,8
CITY_K4R_dp_optimal_jenks,w352306058,w352312134,улица Мичурина,129.4,2,3,13,21,8
CITY_K4R_dp_optimal_jenks,w352306058,w352312135,улица Мичурина,142.2,2,3,13,21,8
CITY_K4R_dp_optimal_jenks,w352306058,w352312136,улица Мичурина,154.5,2,3,13,21,8
CITY_K4R_dp_optimal_jenks,w352306058,w352312139,улица Мичурина,169.8,2,3,13,21,8
CITY_K4R_dp_optimal_jenks,w352306058,w352313149,улица Мичурина,232.1,2,3,13,21,8
CITY_K4R_dp_optimal_jenks,w352306058,w352468401,улица Мичурина,173.1,2,3,13,21,8
CITY_K4R_dp_optimal_jenks,w352306058,w352468405,улица Мичурина,158.6,2,3,13,21,8
CITY_K4R_dp_optimal_jenks,w352306058,w352312100,улица Мичурина,238.8,2,3,13,21,8
CITY_K4R_dp_optimal_jenks,w352306058,w352312123,улица Мичурина,235.1,2,3,13,21,8
CITY_K4R_dp_optimal_jenks,w352306058,w352312124,улица Мичурина,218.9,2,3,13,21,8
CITY_K4R_dp_optimal_jenks,w352306058,w352312126,улица Мичурина,197.2,2,3,13,21,8
CITY_K4R_dp_optimal_jenks,w352306058,w352312127,улица Мичурина,208.4,2,3,13,21,8
CITY_K4R_dp_optimal_jenks,w352306058,w352312128,улица Мичурина,199.0,2,3,13,21,8
CITY_K4R_dp_optimal_jenks,w352306058,w352312131,улица Мичурина,179.9,2,3,13,21,8
CITY_K4R_dp_optimal_jenks,w352306063,w352306368,улица Мичурина,232.5,2,3,13,21,8
CITY_K4R_dp_optimal_jenks,w352306063,w352312109,улица Мичурина,235.0,2,3,13,21,8
CITY_K4R_dp_optimal_jenks,w352306063,w352312110,улица Мичурина,245.7,2,3,13,21,8
CITY_K4R_dp_optimal_jenks,w352306063,w352312130,улица Мичурина,215.1,2,3,13,21,8
CITY_K4R_dp_optimal_jenks,w352306063,w352312132,улица Мичурина,168.0,2,3,13,21,8
CITY_K4R_dp_optimal_jenks,w352306063,w352312134,улица Мичурина,155.0,2,3,13,21,8
CITY_K4R_dp_optimal_jenks,w352306063,w352312135,улица Мичурина,180.8,2,3,13,21,8
CITY_K4R_dp_optimal_jenks,w352306063,w352312136,улица Мичурина,185.3,2,3,13,21,8
CITY_K4R_dp_optimal_jenks,w352306063,w352312139,улица Мичурина,197.3,2,3,13,21,8
CITY_K4R_dp_optimal_jenks,w352306063,w352312100,улица Мичурина,231.2,2,3,13,21,8
CITY_K4R_dp_optimal_jenks,w352306063,w352312123,улица Мичурина,239.5,2,3,13,21,8
CITY_K4R_dp_optimal_jenks,w352306063,w352312124,улица Мичурина,228.0,2,3,13,21,8
CITY_K4R_dp_optimal_jenks,w352306063,w352312126,улица Мичурина,199.6,2,3,13,21,8
CITY_K4R_dp_optimal_jenks,w352306063,w352312127,улица Мичурина,219.8,2,3,13,21,8
CITY_K4R_dp_optimal_jenks,w352306063,w352312128,улица Мичурина,211.4,2,3,13,21,8
CITY_K4R_dp_optimal_jenks,w352306063,w352312131,улица Мичурина,188.8,2,3,13,21,8
CITY_K4R_dp_optimal_jenks,w352306067,w352306368,Загородная улица,113.7,2,3,13,21,8
CITY_K4R_dp_optimal_jenks,w352306067,w352312107,Загородная улица,166.5,2,3,13,21,8
CITY_K4R_dp_optimal_jenks,w352306067,w352312109,Загородная улица,123.6,2,3,13,21,8
CITY_K4R_dp_optimal_jenks,w352306067,w352312110,Загородная улица,139.5,2,3,13,21,8
CITY_K4R_dp_optimal_jenks,w352306067,w352312112,Загородная улица,153.3,2,3,13,21,8
CITY_K4R_dp_optimal_jenks,w352306067,w352312113,Загородная улица,119.5,2,3,13,21,8
CITY_K4R_dp_optimal_jenks,w352306067,w352312114,Загородная улица,146.0,2,3,13,21,8
CITY_K4R_dp_optimal_jenks,w352306067,w352312119,Загородная улица,128.8,2,3,13,21,8
CITY_K4R_dp_optimal_jenks,w352306067,w352312130,Загородная улица,129.3,2,3,13,21,8
CITY_K4R_dp_optimal_jenks,w352306067,w352312132,Загородная улица,85.4,2,3,13,21,8
CITY_K4R_dp_optimal_jenks,w352306067,w352312134,Загородная улица,66.5,2,3,13,21,8
CITY_K4R_dp_optimal_jenks,w352306067,w352312135,Загородная улица,74.6,2,3,13,21,8
CITY_K4R_dp_optimal_jenks,w352306067,w352312136,Загородная улица,87.8,2,3,13,21,8
CITY_K4R_dp_optimal_jenks,w352306067,w352312139,Загородная улица,103.3,2,3,13,21,8
CITY_K4R_dp_optimal_jenks,w352306067,w352313147,Загородная улица,227.8,2,3,13,21,8
CITY_K4R_dp_optimal_jenks,w352306067,w352313148,Загородная улица,201.0,2,3,13,21,8
CITY_K4R_dp_optimal_jenks,w352306067,w352313149,Загородная улица,179.0,2,3,13,21,8
CITY_K4R_dp_optimal_jenks,w352306067,w352468401,Загородная улица,188.5,2,3,13,21,8
CITY_K4R_dp_optimal_jenks,w352306067,w352468405,Загородная улица,175.3,2,3,13,21,8
CITY_K4R_dp_optimal_jenks,w352306067,w352307875,Загородная улица,205.5,2,3,13,21,8
CITY_K4R_dp_optimal_jenks,w352306067,w352312100,Загородная улица,179.6,2,3,13,21,8
CITY_K4R_dp_optimal_jenks,w352306067,w352312105,Загородная улица,187.8,2,3,13,21,8
CITY_K4R_dp_optimal_jenks,w352306067,w352312123,Загородная улица,172.0,2,3,13,21,8
CITY_K4R_dp_optimal_jenks,w352306067,w352312124,Загородная улица,155.0,2,3,13,21,8
CITY_K4R_dp_optimal_jenks,w352306067,w352312126,Загородная улица,136.7,2,3,13,21,8
CITY_K4R_dp_optimal_jenks,w352306067,w352312127,Загородная улица,144.3,2,3,13,21,8
CITY_K4R_dp_optimal_jenks,w352306067,w352312128,Загородная улица,135.0,2,3,13,21,8
CITY_K4R_dp_optimal_jenks,w352306067,w352312131,Загородная улица,118.2,2,3,13,21,8
CITY_K4R_dp_optimal_jenks,w352306067,w352312106,Загородная улица,184.8,2,3,13,21,8
CITY_K4R_dp_optimal_jenks,w352306067,w352312102,Загородная улица,204.9,2,3,13,21,8
CITY_K4R_dp_optimal_jenks,w352306070,w352306368,улица Димитрова,147.8,2,3,13,21,8
CITY_K4R_dp_optimal_jenks,w352306070,w352312107,улица Димитрова,191.5,2,3,13,21,8
CITY_K4R_dp_optimal_jenks,w352306070,w352312109,улица Димитрова,154.3,2,3,13,21,8
CITY_K4R_dp_optimal_jenks,w352306070,w352312110,улица Димитрова,168.2,2,3,13,21,8
CITY_K4R_dp_optimal_jenks,w352306070,w352312112,улица Димитрова,178.1,2,3,13,21,8
CITY_K4R_dp_optimal_jenks,w352306070,w352312113,улица Димитрова,160.1,2,3,13,21,8
CITY_K4R_dp_optimal_jenks,w352306070,w352312114,улица Димитрова,186.6,2,3,13,21,8
CITY_K4R_dp_optimal_jenks,w352306070,w352312119,улица Димитрова,167.4,2,3,13,21,8
CITY_K4R_dp_optimal_jenks,w352306070,w352312130,улица Димитрова,148.4,2,3,13,21,8
CITY_K4R_dp_optimal_jenks,w352306070,w352312132,улица Димитрова,99.8,2,3,13,21,8
CITY_K4R_dp_optimal_jenks,w352306070,w352312134,улица Димитрова,81.9,2,3,13,21,8
CITY_K4R_dp_optimal_jenks,w352306070,w352312135,улица Димитрова,100.8,2,3,13,21,8
CITY_K4R_dp_optimal_jenks,w352306070,w352312136,улица Димитрова,110.2,2,3,13,21,8
CITY_K4R_dp_optimal_jenks,w352306070,w352312139,улица Димитрова,124.8,2,3,13,21,8
CITY_K4R_dp_optimal_jenks,w352306070,w352313148,улица Димитрова,241.6,2,3,13,21,8
CITY_K4R_dp_optimal_jenks,w352306070,w352313149,улица Димитрова,219.5,2,3,13,21,8
CITY_K4R_dp_optimal_jenks,w352306070,w352468401,улица Димитрова,210.7,2,3,13,21,8
CITY_K4R_dp_optimal_jenks,w352306070,w352468405,улица Димитрова,196.6,2,3,13,21,8
CITY_K4R_dp_optimal_jenks,w352306070,w352307875,улица Димитрова,211.5,2,3,13,21,8
CITY_K4R_dp_optimal_jenks,w352306070,w352312100,улица Димитрова,186.8,2,3,13,21,8
CITY_K4R_dp_optimal_jenks,w352306070,w352312105,улица Димитрова,200.5,2,3,13,21,8
CITY_K4R_dp_optimal_jenks,w352306070,w352312123,улица Димитрова,185.2,2,3,13,21,8
CITY_K4R_dp_optimal_jenks,w352306070,w352312124,улица Димитрова,169.7,2,3,13,21,8
CITY_K4R_dp_optimal_jenks,w352306070,w352312126,улица Димитрова,146.2,2,3,13,21,8
CITY_K4R_dp_optimal_jenks,w352306070,w352312127,улица Димитрова,159.5,2,3,13,21,8
CITY_K4R_dp_optimal_jenks,w352306070,w352312128,улица Димитрова,150.2,2,3,13,21,8
CITY_K4R_dp_optimal_jenks,w352306070,w352312131,улица Димитрова,129.8,2,3,13,21,8
CITY_K4R_dp_optimal_jenks,w352306070,w352312106,улица Димитрова,207.6,2,3,13,21,8
CITY_K4R_dp_optimal_jenks,w352306070,w352312102,улица Димитрова,216.0,2,3,13,21,8
CITY_K4R_dp_optimal_jenks,w352306072,w352306368,улица Димитрова,164.7,2,3,13,21,8
CITY_K4R_dp_optimal_jenks,w352306072,w352312107,улица Димитрова,206.1,2,3,13,21,8
CITY_K4R_dp_optimal_jenks,w352306072,w352312109,улица Димитрова,170.5,2,3,13,21,8
CITY_K4R_dp_optimal_jenks,w352306072,w352312110,улица Димитрова,183.9,2,3,13,21,8
CITY_K4R_dp_optimal_jenks,w352306072,w352312112,улица Димитрова,192.8,2,3,13,21,8
CITY_K4R_dp_optimal_jenks,w352306072,w352312113,улица Димитрова,177.5,2,3,13,21,8
CITY_K4R_dp_optimal_jenks,w352306072,w352312114,улица Димитрова,204.0,2,3,13,21,8
CITY_K4R_dp_optimal_jenks,w352306072,w352312119,улица Димитрова,185.0,2,3,13,21,8
CITY_K4R_dp_optimal_jenks,w352306072,w352312130,улица Димитрова,161.8,2,3,13,21,8
CITY_K4R_dp_optimal_jenks,w352306072,w352312132,улица Димитрова,112.8,2,3,13,21,8
CITY_K4R_dp_optimal_jenks,w352306072,w352312134,улица Димитрова,95.7,2,3,13,21,8
CITY_K4R_dp_optimal_jenks,w352306072,w352312135,улица Димитрова,116.6,2,3,13,21,8
CITY_K4R_dp_optimal_jenks,w352306072,w352312136,улица Димитрова,125.0,2,3,13,21,8
CITY_K4R_dp_optimal_jenks,w352306072,w352312139,улица Димитрова,139.2,2,3,13,21,8
CITY_K4R_dp_optimal_jenks,w352306072,w352313149,улица Димитрова,236.9,2,3,13,21,8
CITY_K4R_dp_optimal_jenks,w352306072,w352468401,улица Димитрова,218.8,2,3,13,21,8
CITY_K4R_dp_optimal_jenks,w352306072,w352468405,улица Димитрова,204.4,2,3,13,21,8
CITY_K4R_dp_optimal_jenks,w352306072,w352307875,улица Димитрова,219.9,2,3,13,21,8
CITY_K4R_dp_optimal_jenks,w352306072,w352312100,улица Димитрова,195.9,2,3,13,21,8
CITY_K4R_dp_optimal_jenks,w352306072,w352312105,улица Димитрова,211.4,2,3,13,21,8
CITY_K4R_dp_optimal_jenks,w352306072,w352312123,улица Димитрова,196.3,2,3,13,21,8
CITY_K4R_dp_optimal_jenks,w352306072,w352312124,улица Димитрова,181.5,2,3,13,21,8
CITY_K4R_dp_optimal_jenks,w352306072,w352312126,улица Димитрова,156.6,2,3,13,21,8
CITY_K4R_dp_optimal_jenks,w352306072,w352312127,улица Димитрова,171.7,2,3,13,21,8
CITY_K4R_dp_optimal_jenks,w352306072,w352312128,улица Димитрова,162.4,2,3,13,21,8
CITY_K4R_dp_optimal_jenks,w352306072,w352312131,улица Димитрова,141.2,2,3,13,21,8
CITY_K4R_dp_optimal_jenks,w352306072,w352312106,улица Димитрова,221.6,2,3,13,21,8
CITY_K4R_dp_optimal_jenks,w352306072,w352312102,улица Димитрова,226.2,2,3,13,21,8
CITY_K4R_dp_optimal_jenks,w352306073,w352306368,улица Димитрова,172.8,2,3,13,21,8
CITY_K4R_dp_optimal_jenks,w352306073,w352312107,улица Димитрова,208.1,2,3,13,21,8
CITY_K4R_dp_optimal_jenks,w352306073,w352312109,улица Димитрова,176.5,2,3,13,21,8
CITY_K4R_dp_optimal_jenks,w352306073,w352312110,улица Димитрова,188.3,2,3,13,21,8
CITY_K4R_dp_optimal_jenks,w352306073,w352312112,улица Димитрова,194.9,2,3,13,21,8
CITY_K4R_dp_optimal_jenks,w352306073,w352312113,улица Димитрова,191.8,2,3,13,21,8
CITY_K4R_dp_optimal_jenks,w352306073,w352312114,улица Димитрова,218.4,2,3,13,21,8
CITY_K4R_dp_optimal_jenks,w352306073,w352312119,улица Димитрова,196.4,2,3,13,21,8
CITY_K4R_dp_optimal_jenks,w352306073,w352312130,улица Димитрова,161.7,2,3,13,21,8
CITY_K4R_dp_optimal_jenks,w352306073,w352312132,улица Димитрова,113.0,2,3,13,21,8
CITY_K4R_dp_optimal_jenks,w352306073,w352312134,улица Димитрова,97.9,2,3,13,21,8
CITY_K4R_dp_optimal_jenks,w352306073,w352312135,улица Димитрова,122.1,2,3,13,21,8
CITY_K4R_dp_optimal_jenks,w352306073,w352312136,улица Димитрова,128.2,2,3,13,21,8
CITY_K4R_dp_optimal_jenks,w352306073,w352312139,улица Димитрова,141.3,2,3,13,21,8
CITY_K4R_dp_optimal_jenks,w352306073,w352468401,улица Димитрова,239.3,2,3,13,21,8
CITY_K4R_dp_optimal_jenks,w352306073,w352468405,улица Димитрова,224.9,2,3,13,21,8
CITY_K4R_dp_optimal_jenks,w352306073,w352307875,улица Димитрова,212.0,2,3,13,21,8
CITY_K4R_dp_optimal_jenks,w352306073,w352312100,улица Димитрова,189.1,2,3,13,21,8
CITY_K4R_dp_optimal_jenks,w352306073,w352312105,улица Димитрова,206.8,2,3,13,21,8
CITY_K4R_dp_optimal_jenks,w352306073,w352312123,улица Димитрова,192.3,2,3,13,21,8
CITY_K4R_dp_optimal_jenks,w352306073,w352312124,улица Димитрова,178.7,2,3,13,21,8
CITY_K4R_dp_optimal_jenks,w352306073,w352312126,улица Димитрова,152.1,2,3,13,21,8
CITY_K4R_dp_optimal_jenks,w352306073,w352312127,улица Димитрова,169.4,2,3,13,21,8
CITY_K4R_dp_optimal_jenks,w352306073,w352312128,улица Димитрова,160.4,2,3,13,21,8
CITY_K4R_dp_optimal_jenks,w352306073,w352312131,улица Димитрова,138.3,2,3,13,21,8
CITY_K4R_dp_optimal_jenks,w352306073,w352312106,улица Димитрова,222.1,2,3,13,21,8
CITY_K4R_dp_optimal_jenks,w352306073,w352312102,улица Димитрова,220.7,2,3,13,21,8
CITY_K4R_dp_optimal_jenks,w352306074,w352306368,улица Димитрова,190.1,2,3,13,21,8
CITY_K4R_dp_optimal_jenks,w352306074,w352312107,улица Димитрова,220.5,2,3,13,21,8
CITY_K4R_dp_optimal_jenks,w352306074,w352312109,улица Димитрова,192.2,2,3,13,21,8
CITY_K4R_dp_optimal_jenks,w352306074,w352312110,улица Димитрова,202.9,2,3,13,21,8
CITY_K4R_dp_optimal_jenks,w352306074,w352312112,улица Димитрова,207.5,2,3,13,21,8
CITY_K4R_dp_optimal_jenks,w352306074,w352312113,улица Димитрова,212.4,2,3,13,21,8
CITY_K4R_dp_optimal_jenks,w352306074,w352312114,улица Димитрова,239.0,2,3,13,21,8
CITY_K4R_dp_optimal_jenks,w352306074,w352312119,улица Димитрова,215.6,2,3,13,21,8
CITY_K4R_dp_optimal_jenks,w352306074,w352312130,улица Димитрова,172.9,2,3,13,21,8
CITY_K4R_dp_optimal_jenks,w352306074,w352312132,улица Димитрова,125.3,2,3,13,21,8
CITY_K4R_dp_optimal_jenks,w352306074,w352312134,улица Димитрова,112.2,2,3,13,21,8
CITY_K4R_dp_optimal_jenks,w352306074,w352312135,улица Димитрова,138.1,2,3,13,21,8
CITY_K4R_dp_optimal_jenks,w352306074,w352312136,улица Димитрова,142.5,2,3,13,21,8
CITY_K4R_dp_optimal_jenks,w352306074,w352312139,улица Димитрова,154.5,2,3,13,21,8
CITY_K4R_dp_optimal_jenks,w352306074,w352468405,улица Димитрова,244.1,2,3,13,21,8
CITY_K4R_dp_optimal_jenks,w352306074,w352307875,улица Димитрова,214.7,2,3,13,21,8
CITY_K4R_dp_optimal_jenks,w352306074,w352312100,улица Димитрова,193.3,2,3,13,21,8
CITY_K4R_dp_optimal_jenks,w352306074,w352312105,улица Димитрова,213.2,2,3,13,21,8
CITY_K4R_dp_optimal_jenks,w352306074,w352312123,улица Димитрова,199.4,2,3,13,21,8
CITY_K4R_dp_optimal_jenks,w352306074,w352312124,улица Димитрова,187.1,2,3,13,21,8
CITY_K4R_dp_optimal_jenks,w352306074,w352312126,улица Димитрова,159.2,2,3,13,21,8
CITY_K4R_dp_optimal_jenks,w352306074,w352312127,улица Димитрова,178.5,2,3,13,21,8
CITY_K4R_dp_optimal_jenks,w352306074,w352312128,улица Димитрова,169.8,2,3,13,21,8
CITY_K4R_dp_optimal_jenks,w352306074,w352312131,улица Димитрова,147.3,2,3,13,21,8
CITY_K4R_dp_optimal_jenks,w352306074,w352312106,улица Димитрова,233.1,2,3,13,21,8
CITY_K4R_dp_optimal_jenks,w352306074,w352312102,улица Димитрова,225.8,2,3,13,21,8
CITY_K4R_dp_optimal_jenks,w352306075,w352306368,улица Димитрова,200.5,2,3,13,21,8
CITY_K4R_dp_optimal_jenks,w352306075,w352312107,улица Димитрова,225.5,2,3,13,21,8
CITY_K4R_dp_optimal_jenks,w352306075,w352312109,улица Димитрова,200.9,2,3,13,21,8
CITY_K4R_dp_optimal_jenks,w352306075,w352312110,улица Димитрова,210.2,2,3,13,21,8
CITY_K4R_dp_optimal_jenks,w352306075,w352312112,улица Димитрова,212.8,2,3,13,21,8
CITY_K4R_dp_optimal_jenks,w352306075,w352312113,улица Димитрова,227.0,2,3,13,21,8
CITY_K4R_dp_optimal_jenks,w352306075,w352312119,улица Димитрова,228.1,2,3,13,21,8
CITY_K4R_dp_optimal_jenks,w352306075,w352312130,улица Димитрова,177.2,2,3,13,21,8
CITY_K4R_dp_optimal_jenks,w352306075,w352312132,улица Димитрова,131.3,2,3,13,21,8
CITY_K4R_dp_optimal_jenks,w352306075,w352312134,улица Димитрова,120.3,2,3,13,21,8
CITY_K4R_dp_optimal_jenks,w352306075,w352312135,улица Димитрова,147.6,2,3,13,21,8
CITY_K4R_dp_optimal_jenks,w352306075,w352312136,улица Димитрова,150.2,2,3,13,21,8
CITY_K4R_dp_optimal_jenks,w352306075,w352312139,улица Димитрова,161.0,2,3,13,21,8
CITY_K4R_dp_optimal_jenks,w352306075,w352307875,улица Димитрова,210.9,2,3,13,21,8
CITY_K4R_dp_optimal_jenks,w352306075,w352312100,улица Димитрова,190.9,2,3,13,21,8
CITY_K4R_dp_optimal_jenks,w352306075,w352312105,улица Димитрова,212.6,2,3,13,21,8
CITY_K4R_dp_optimal_jenks,w352306075,w352312123,улица Димитрова,199.6,2,3,13,21,8
CITY_K4R_dp_optimal_jenks,w352306075,w352312124,улица Димитрова,188.6,2,3,13,21,8
CITY_K4R_dp_optimal_jenks,w352306075,w352312126,улица Димитрова,159.9,2,3,13,21,8
CITY_K4R_dp_optimal_jenks,w352306075,w352312127,улица Димитрова,180.7,2,3,13,21,8
CITY_K4R_dp_optimal_jenks,w352306075,w352312128,улица Димитрова,172.5,2,3,13,21,8
CITY_K4R_dp_optimal_jenks,w352306075,w352312131,улица Димитрова,149.9,2,3,13,21,8
CITY_K4R_dp_optimal_jenks,w352306075,w352312106,улица Димитрова,236.7,2,3,13,21,8
CITY_K4R_dp_optimal_jenks,w352306075,w352312102,улица Димитрова,224.0,2,3,13,21,8
CITY_K4R_dp_optimal_jenks,w352306076,w352312130,улица Димитрова,238.1,2,3,13,21,8
CITY_K4R_dp_optimal_jenks,w352306076,w352312132,улица Димитрова,209.6,2,3,13,21,8
CITY_K4R_dp_optimal_jenks,w352306076,w352312134,улица Димитрова,209.3,2,3,13,21,8
CITY_K4R_dp_optimal_jenks,w352306076,w352312135,улица Димитрова,237.0,2,3,13,21,8
CITY_K4R_dp_optimal_jenks,w352306076,w352312136,улица Димитрова,231.6,2,3,13,21,8
CITY_K4R_dp_optimal_jenks,w352306076,w352312139,улица Димитрова,235.3,2,3,13,21,8
CITY_K4R_dp_optimal_jenks,w352306076,w352307875,улица Димитрова,219.2,2,3,13,21,8
CITY_K4R_dp_optimal_jenks,w352306076,w352312100,улица Димитрова,212.7,2,3,13,21,8
CITY_K4R_dp_optimal_jenks,w352306076,w352312105,улица Димитрова,240.9,2,3,13,21,8
CITY_K4R_dp_optimal_jenks,w352306076,w352312123,улица Димитрова,234.6,2,3,13,21,8
CITY_K4R_dp_optimal_jenks,w352306076,w352312124,улица Димитрова,233.1,2,3,13,21,8
CITY_K4R_dp_optimal_jenks,w352306076,w352312126,улица Димитрова,206.3,2,3,13,21,8
CITY_K4R_dp_optimal_jenks,w352306076,w352312127,улица Димитрова,230.5,2,3,13,21,8
CITY_K4R_dp_optimal_jenks,w352306076,w352312128,улица Димитрова,226.3,2,3,13,21,8
CITY_K4R_dp_optimal_jenks,w352306076,w352312131,улица Димитрова,208.3,2,3,13,21,8
CITY_K4R_dp_optimal_jenks,w352306076,w352312102,улица Димитрова,243.1,2,3,13,21,8
CITY_K4R_dp_optimal_jenks,w352306078,w352312130,улица Павлова,229.6,2,3,13,21,8
CITY_K4R_dp_optimal_jenks,w352306078,w352312132,улица Павлова,208.2,2,3,13,21,8
CITY_K4R_dp_optimal_jenks,w352306078,w352312134,улица Павлова,211.4,2,3,13,21,8
CITY_K4R_dp_optimal_jenks,w352306078,w352312135,улица Павлова,237.6,2,3,13,21,8
CITY_K4R_dp_optimal_jenks,w352306078,w352312136,улица Павлова,229.8,2,3,13,21,8
CITY_K4R_dp_optimal_jenks,w352306078,w352312139,улица Павлова,231.0,2,3,13,21,8
CITY_K4R_dp_optimal_jenks,w352306078,w352307875,улица Павлова,197.0,2,3,13,21,8
CITY_K4R_dp_optimal_jenks,w352306078,w352312100,улица Павлова,194.6,2,3,13,21,8
CITY_K4R_dp_optimal_jenks,w352306078,w352312105,улица Павлова,222.9,2,3,13,21,8
CITY_K4R_dp_optimal_jenks,w352306078,w352312123,улица Павлова,218.8,2,3,13,21,8
CITY_K4R_dp_optimal_jenks,w352306078,w352312124,улица Павлова,220.0,2,3,13,21,8
CITY_K4R_dp_optimal_jenks,w352306078,w352312126,улица Павлова,195.6,2,3,13,21,8
CITY_K4R_dp_optimal_jenks,w352306078,w352312127,улица Павлова,219.2,2,3,13,21,8
CITY_K4R_dp_optimal_jenks,w352306078,w352312128,улица Павлова,216.3,2,3,13,21,8
CITY_K4R_dp_optimal_jenks,w352306078,w352312131,улица Павлова,201.0,2,3,13,21,8
CITY_K4R_dp_optimal_jenks,w352306078,w352312102,улица Павлова,222.5,2,3,13,21,8
CITY_K4R_dp_optimal_jenks,w352306079,w352312130,улица Павлова,249.7,2,3,13,21,8
CITY_K4R_dp_optimal_jenks,w352306079,w352312132,улица Павлова,228.2,2,3,13,21,8
CITY_K4R_dp_optimal_jenks,w352306079,w352312134,улица Павлова,231.1,2,3,13,21,8
CITY_K4R_dp_optimal_jenks,w352306079,w352312136,улица Павлова,249.9,2,3,13,21,8
CITY_K4R_dp_optimal_jenks,w352306079,w352307875,улица Павлова,215.3,2,3,13,21,8
CITY_K4R_dp_optimal_jenks,w352306079,w352312100,улица Павлова,213.8,2,3,13,21,8
CITY_K4R_dp_optimal_jenks,w352306079,w352312105,улица Павлова,242.0,2,3,13,21,8
CITY_K4R_dp_optimal_jenks,w352306079,w352312123,улица Павлова,238.3,2,3,13,21,8
CITY_K4R_dp_optimal_jenks,w352306079,w352312124,улица Павлова,239.9,2,3,13,21,8
CITY_K4R_dp_optimal_jenks,w352306079,w352312126,улица Павлова,215.7,2,3,13,21,8
CITY_K4R_dp_optimal_jenks,w352306079,w352312127,улица Павлова,239.2,2,3,13,21,8
CITY_K4R_dp_optimal_jenks,w352306079,w352312128,улица Павлова,236.4,2,3,13,21,8
CITY_K4R_dp_optimal_jenks,w352306079,w352312131,улица Павлова,221.2,2,3,13,21,8
CITY_K4R_dp_optimal_jenks,w352306079,w352312102,улица Павлова,241.1,2,3,13,21,8
CITY_K4R_dp_optimal_jenks,w352306081,w352312132,улица Павлова,249.2,2,3,13,21,8
CITY_K4R_dp_optimal_jenks,w352306081,w352307875,улица Павлова,228.7,2,3,13,21,8
CITY_K4R_dp_optimal_jenks,w352306081,w352312100,улица Павлова,229.3,2,3,13,21,8
CITY_K4R_dp_optimal_jenks,w352306081,w352312126,улица Павлова,234.2,2,3,13,21,8
CITY_K4R_dp_optimal_jenks,w352306081,w352312131,улица Павлова,240.7,2,3,13,21,8
CITY_K4R_dp_optimal_jenks,w352306082,w352312132,улица Димитрова,246.4,2,3,13,21,8
CITY_K4R_dp_optimal_jenks,w352306082,w352312134,улица Димитрова,247.0,2,3,13,21,8
CITY_K4R_dp_optimal_jenks,w352306082,w352307875,улица Димитрова,244.5,2,3,13,21,8
CITY_K4R_dp_optimal_jenks,w352306082,w352312100,улица Димитрова,241.2,2,3,13,21,8
CITY_K4R_dp_optimal_jenks,w352306082,w352312126,улица Димитрова,239.3,2,3,13,21,8
CITY_K4R_dp_optimal_jenks,w352306082,w352312131,улица Димитрова,242.9,2,3,13,21,8
CITY_K4R_dp_optimal_jenks,w352306083,w352307875,улица Павлова,220.0,2,3,13,21,8
CITY_K4R_dp_optimal_jenks,w352306083,w352312100,улица Павлова,224.5,2,3,13,21,8
CITY_K4R_dp_optimal_jenks,w352306083,w352312126,улица Павлова,235.8,2,3,13,21,8
CITY_K4R_dp_optimal_jenks,w352306083,w352312131,улица Павлова,244.8,2,3,13,21,8
CITY_K4R_dp_optimal_jenks,w352306083,w352312102,улица Павлова,247.0,2,3,13,21,8
CITY_K4R_dp_optimal_jenks,w352306084,w352312130,улица Павлова,248.9,2,3,13,21,8
CITY_K4R_dp_optimal_jenks,w352306084,w352312132,улица Павлова,234.3,2,3,13,21,8
CITY_K4R_dp_optimal_jenks,w352306084,w352312134,улица Павлова,240.0,2,3,13,21,8
CITY_K4R_dp_optimal_jenks,w352306084,w352307875,улица Павлова,201.8,2,3,13,21,8
CITY_K4R_dp_optimal_jenks,w352306084,w352312100,улица Павлова,204.6,2,3,13,21,8
CITY_K4R_dp_optimal_jenks,w352306084,w352312105,улица Павлова,232.1,2,3,13,21,8
CITY_K4R_dp_optimal_jenks,w352306084,w352312123,улица Павлова,230.8,2,3,13,21,8
CITY_K4R_dp_optimal_jenks,w352306084,w352312124,улица Павлова,235.0,2,3,13,21,8
CITY_K4R_dp_optimal_jenks,w352306084,w352312126,улица Павлова,213.8,2,3,13,21,8
CITY_K4R_dp_optimal_jenks,w352306084,w352312127,улица Павлова,235.9,2,3,13,21,8
CITY_K4R_dp_optimal_jenks,w352306084,w352312128,улица Павлова,234.6,2,3,13,21,8
CITY_K4R_dp_optimal_jenks,w352306084,w352312131,улица Павлова,222.2,2,3,13,21,8
CITY_K4R_dp_optimal_jenks,w352306084,w352312102,улица Павлова,228.5,2,3,13,21,8
CITY_K4R_dp_optimal_jenks,w352306085,w352312107,переулок Павлова,249.7,2,3,13,21,8
CITY_K4R_dp_optimal_jenks,w352306085,w352312112,переулок Павлова,242.5,2,3,13,21,8
CITY_K4R_dp_optimal_jenks,w352306085,w352312130,переулок Павлова,210.2,2,3,13,21,8
CITY_K4R_dp_optimal_jenks,w352306085,w352312132,переулок Павлова,194.9,2,3,13,21,8
CITY_K4R_dp_optimal_jenks,w352306085,w352312134,переулок Павлова,200.8,2,3,13,21,8
CITY_K4R_dp_optimal_jenks,w352306085,w352312135,переулок Павлова,225.1,2,3,13,21,8
CITY_K4R_dp_optimal_jenks,w352306085,w352312136,переулок Павлова,215.6,2,3,13,21,8
CITY_K4R_dp_optimal_jenks,w352306085,w352312139,переулок Павлова,214.9,2,3,13,21,8
CITY_K4R_dp_optimal_jenks,w352306085,w352307875,переулок Павлова,168.7,2,3,13,21,8
CITY_K4R_dp_optimal_jenks,w352306085,w352312100,переулок Павлова,168.9,2,3,13,21,8
CITY_K4R_dp_optimal_jenks,w352306085,w352312105,переулок Павлова,196.9,2,3,13,21,8
CITY_K4R_dp_optimal_jenks,w352306085,w352312123,переулок Павлова,194.3,2,3,13,21,8
CITY_K4R_dp_optimal_jenks,w352306085,w352312124,переулок Павлова,197.5,2,3,13,21,8
CITY_K4R_dp_optimal_jenks,w352306085,w352312126,переулок Павлова,175.3,2,3,13,21,8
CITY_K4R_dp_optimal_jenks,w352306085,w352312127,переулок Павлова,197.8,2,3,13,21,8
CITY_K4R_dp_optimal_jenks,w352306085,w352312128,переулок Павлова,196.1,2,3,13,21,8
CITY_K4R_dp_optimal_jenks,w352306085,w352312131,переулок Павлова,183.1,2,3,13,21,8
CITY_K4R_dp_optimal_jenks,w352306085,w352312106,переулок Павлова,247.1,2,3,13,21,8
CITY_K4R_dp_optimal_jenks,w352306085,w352312102,переулок Павлова,194.9,2,3,13,21,8
CITY_K4R_dp_optimal_jenks,w352306360,w352307875,улица Павлова,245.7,2,3,13,21,8
CITY_K4R_dp_optimal_jenks,w352306360,w352312100,улица Павлова,247.0,2,3,13,21,8
CITY_K4R_dp_optimal_jenks,w352306364,w352470466,Загородная улица,248.8,2,3,13,21,8
CITY_K4R_dp_optimal_jenks,w352306364,w352306368,Загородная улица,91.8,2,3,13,21,8
CITY_K4R_dp_optimal_jenks,w352306364,w352312107,Загородная улица,137.7,2,3,13,21,8
CITY_K4R_dp_optimal_jenks,w352306364,w352312109,Загородная улица,98.2,2,3,13,21,8
CITY_K4R_dp_optimal_jenks,w352306364,w352312110,Загородная улица,112.6,2,3,13,21,8
CITY_K4R_dp_optimal_jenks,w352306364,w352312112,Загородная улица,124.4,2,3,13,21,8
CITY_K4R_dp_optimal_jenks,w352306364,w352312113,Загородная улица,113.8,2,3,13,21,8
CITY_K4R_dp_optimal_jenks,w352306364,w352312114,Загородная улица,140.2,2,3,13,21,8
CITY_K4R_dp_optimal_jenks,w352306364,w352312119,Загородная улица,114.8,2,3,13,21,8
CITY_K4R_dp_optimal_jenks,w352306364,w352312130,Загородная улица,98.6,2,3,13,21,8
CITY_K4R_dp_optimal_jenks,w352306364,w352312132,Загородная улица,54.4,2,3,13,21,8
CITY_K4R_dp_optimal_jenks,w352306364,w352312134,Загородная улица,35.7,2,3,13,21,8
CITY_K4R_dp_optimal_jenks,w352306364,w352312135,Загородная улица,45.7,2,3,13,21,8
CITY_K4R_dp_optimal_jenks,w352306364,w352312136,Загородная улица,57.5,2,3,13,21,8
CITY_K4R_dp_optimal_jenks,w352306364,w352312139,Загородная улица,72.9,2,3,13,21,8
CITY_K4R_dp_optimal_jenks,w352306364,w352313147,Загородная улица,222.3,2,3,13,21,8
CITY_K4R_dp_optimal_jenks,w352306364,w352313148,Загородная улица,195.2,2,3,13,21,8
CITY_K4R_dp_optimal_jenks,w352306364,w352313149,Загородная улица,171.7,2,3,13,21,8
CITY_K4R_dp_optimal_jenks,w352306364,w352468401,Загородная улица,213.3,2,3,13,21,8
CITY_K4R_dp_optimal_jenks,w352306364,w352468405,Загородная улица,200.7,2,3,13,21,8
CITY_K4R_dp_optimal_jenks,w352306364,w352307875,Загородная улица,174.8,2,3,13,21,8
CITY_K4R_dp_optimal_jenks,w352306364,w352312100,Загородная улица,148.8,2,3,13,21,8
CITY_K4R_dp_optimal_jenks,w352306364,w352312105,Загородная улица,156.7,2,3,13,21,8
CITY_K4R_dp_optimal_jenks,w352306364,w352312123,Загородная улица,140.9,2,3,13,21,8
CITY_K4R_dp_optimal_jenks,w352306364,w352312124,Загородная улица,123.9,2,3,13,21,8
CITY_K4R_dp_optimal_jenks,w352306364,w352312126,Загородная улица,105.8,2,3,13,21,8
CITY_K4R_dp_optimal_jenks,w352306364,w352312127,Загородная улица,113.1,2,3,13,21,8
CITY_K4R_dp_optimal_jenks,w352306364,w352312128,Загородная улица,103.9,2,3,13,21,8
CITY_K4R_dp_optimal_jenks,w352306364,w352312131,Загородная улица,87.2,2,3,13,21,8
CITY_K4R_dp_optimal_jenks,w352306364,w352312106,Загородная улица,155.2,2,3,13,21,8
CITY_K4R_dp_optimal_jenks,w352306364,w352312102,Загородная улица,173.8,2,3,13,21,8
CITY_K4R_dp_optimal_jenks,w352306365,w352306368,Загородная улица,86.8,2,3,13,21,8
CITY_K4R_dp_optimal_jenks,w352306365,w352312107,Загородная улица,123.6,2,3,13,21,8
CITY_K4R_dp_optimal_jenks,w352306365,w352312109,Загородная улица,89.1,2,3,13,21,8
CITY_K4R_dp_optimal_jenks,w352306365,w352312110,Загородная улица,101.3,2,3,13,21,8
CITY_K4R_dp_optimal_jenks,w352306365,w352312112,Загородная улица,110.2,2,3,13,21,8
CITY_K4R_dp_optimal_jenks,w352306365,w352312113,Загородная улица,120.6,2,3,13,21,8
CITY_K4R_dp_optimal_jenks,w352306365,w352312114,Загородная улица,146.3,2,3,13,21,8
CITY_K4R_dp_optimal_jenks,w352306365,w352312119,Загородная улица,115.8,2,3,13,21,8
CITY_K4R_dp_optimal_jenks,w352306365,w352312130,Загородная улица,81.3,2,3,13,21,8
CITY_K4R_dp_optimal_jenks,w352306365,w352312132,Загородная улица,34.8,2,3,13,21,8
CITY_K4R_dp_optimal_jenks,w352306365,w352312134,Загородная улица,15.8,2,3,13,21,8
CITY_K4R_dp_optimal_jenks,w352306365,w352312135,Загородная улица,34.8,2,3,13,21,8
CITY_K4R_dp_optimal_jenks,w352306365,w352312136,Загородная улица,42.3,2,3,13,21,8
CITY_K4R_dp_optimal_jenks,w352306365,w352312139,Загородная улица,57.0,2,3,13,21,8
CITY_K4R_dp_optimal_jenks,w352306365,w352313147,Загородная улица,227.2,2,3,13,21,8
CITY_K4R_dp_optimal_jenks,w352306365,w352313148,Загородная улица,200.2,2,3,13,21,8
CITY_K4R_dp_optimal_jenks,w352306365,w352313149,Загородная улица,176.1,2,3,13,21,8
CITY_K4R_dp_optimal_jenks,w352306365,w352468401,Загородная улица,232.8,2,3,13,21,8
CITY_K4R_dp_optimal_jenks,w352306365,w352468405,Загородная улица,220.3,2,3,13,21,8
CITY_K4R_dp_optimal_jenks,w352306365,w352307875,Загородная улица,154.7,2,3,13,21,8
CITY_K4R_dp_optimal_jenks,w352306365,w352312100,Загородная улица,128.8,2,3,13,21,8
CITY_K4R_dp_optimal_jenks,w352306365,w352312105,Загородная улица,137.5,2,3,13,21,8
CITY_K4R_dp_optimal_jenks,w352306365,w352312123,Загородная улица,121.8,2,3,13,21,8
CITY_K4R_dp_optimal_jenks,w352306365,w352312124,Загородная улица,105.1,2,3,13,21,8
CITY_K4R_dp_optimal_jenks,w352306365,w352312126,Загородная улица,85.9,2,3,13,21,8
CITY_K4R_dp_optimal_jenks,w352306365,w352312127,Загородная улица,94.5,2,3,13,21,8
CITY_K4R_dp_optimal_jenks,w352306365,w352312128,Загородная улица,85.1,2,3,13,21,8
CITY_K4R_dp_optimal_jenks,w352306365,w352312131,Загородная улица,67.5,2,3,13,21,8
CITY_K4R_dp_optimal_jenks,w352306365,w352312106,Загородная улица,139.8,2,3,13,21,8
CITY_K4R_dp_optimal_jenks,w352306365,w352312102,Загородная улица,154.4,2,3,13,21,8
CITY_K4R_dp_optimal_jenks,w352306367,w352470466,улица Фрунзе,226.1,2,3,13,21,8
CITY_K4R_dp_optimal_jenks,w352306367,w352306368,улица Фрунзе,65.4,2,3,13,21,8
CITY_K4R_dp_optimal_jenks,w352306367,w352312107,улица Фрунзе,116.8,2,3,13,21,8
CITY_K4R_dp_optimal_jenks,w352306367,w352312109,улица Фрунзе,73.5,2,3,13,21,8
CITY_K4R_dp_optimal_jenks,w352306367,w352312110,улица Фрунзе,89.3,2,3,13,21,8
CITY_K4R_dp_optimal_jenks,w352306367,w352312112,улица Фрунзе,103.9,2,3,13,21,8
CITY_K4R_dp_optimal_jenks,w352306367,w352312113,улица Фрунзе,90.9,2,3,13,21,8
CITY_K4R_dp_optimal_jenks,w352306367,w352312114,улица Фрунзе,116.7,2,3,13,21,8
CITY_K4R_dp_optimal_jenks,w352306367,w352312119,улица Фрунзе,88.6,2,3,13,21,8
CITY_K4R_dp_optimal_jenks,w352306367,w352312130,улица Фрунзе,83.6,2,3,13,21,8
CITY_K4R_dp_optimal_jenks,w352306367,w352312132,улица Фрунзе,49.9,2,3,13,21,8
CITY_K4R_dp_optimal_jenks,w352306367,w352312134,улица Фрунзе,36.7,2,3,13,21,8
CITY_K4R_dp_optimal_jenks,w352306367,w352312135,улица Фрунзе,27.0,2,3,13,21,8
CITY_K4R_dp_optimal_jenks,w352306367,w352312136,улица Фрунзе,42.4,2,3,13,21,8
CITY_K4R_dp_optimal_jenks,w352306367,w352312139,улица Фрунзе,57.1,2,3,13,21,8
CITY_K4R_dp_optimal_jenks,w352306367,w352313147,улица Фрунзе,198.1,2,3,13,21,8
CITY_K4R_dp_optimal_jenks,w352306367,w352313148,улица Фрунзе,171.1,2,3,13,21,8
CITY_K4R_dp_optimal_jenks,w352306367,w352313149,улица Фрунзе,147.2,2,3,13,21,8
CITY_K4R_dp_optimal_jenks,w352306367,w352468401,улица Фрунзе,212.8,2,3,13,21,8
CITY_K4R_dp_optimal_jenks,w352306367,w352468405,улица Фрунзе,201.2,2,3,13,21,8
CITY_K4R_dp_optimal_jenks,w352306367,w352307875,улица Фрунзе,167.9,2,3,13,21,8
CITY_K4R_dp_optimal_jenks,w352306367,w352312100,улица Фрунзе,141.9,2,3,13,21,8
CITY_K4R_dp_optimal_jenks,w352306367,w352312105,улица Фрунзе,145.0,2,3,13,21,8
CITY_K4R_dp_optimal_jenks,w352306367,w352312123,улица Фрунзе,129.4,2,3,13,21,8
CITY_K4R_dp_optimal_jenks,w352306367,w352312124,улица Фрунзе,111.7,2,3,13,21,8
CITY_K4R_dp_optimal_jenks,w352306367,w352312126,улица Фрунзе,99.4,2,3,13,21,8
CITY_K4R_dp_optimal_jenks,w352306367,w352312127,улица Фрунзе,101.0,2,3,13,21,8
CITY_K4R_dp_optimal_jenks,w352306367,w352312128,улица Фрунзе,92.3,2,3,13,21,8
CITY_K4R_dp_optimal_jenks,w352306367,w352312131,улица Фрунзе,80.5,2,3,13,21,8
CITY_K4R_dp_optimal_jenks,w352306367,w352312106,улица Фрунзе,135.8,2,3,13,21,8
CITY_K4R_dp_optimal_jenks,w352306367,w352313153,улица Фрунзе,243.5,2,3,13,21,8
CITY_K4R_dp_optimal_jenks,w352306367,w352470475,улица Фрунзе,230.6,2,3,13,21,8
CITY_K4R_dp_optimal_jenks,w352306367,w352470477,улица Фрунзе,233.8,2,3,13,21,8
CITY_K4R_dp_optimal_jenks,w352306367,w352470478,улица Фрунзе,234.4,2,3,13,21,8
CITY_K4R_dp_optimal_jenks,w352306367,w441951719,улица Фрунзе,240.0,2,3,13,21,8
CITY_K4R_dp_optimal_jenks,w352306367,w352312102,улица Фрунзе,162.9,2,3,13,21,8
CITY_K4R_dp_optimal_jenks,w352306368,w352464254,улица Пирогова,204.0,3,2,21,13,8
CITY_K4R_dp_optimal_jenks,w352306368,w352464255,улица Пирогова,221.2,3,2,21,13,8
CITY_K4R_dp_optimal_jenks,w352306368,w352464258,улица Пирогова,222.0,3,2,21,13,8
CITY_K4R_dp_optimal_jenks,w352306368,w352464259,улица Пирогова,245.3,3,2,21,13,8
CITY_K4R_dp_optimal_jenks,w352306368,w352464261,улица Пирогова,242.1,3,2,21,13,8
CITY_K4R_dp_optimal_jenks,w352306368,w352307860,улица Пирогова,130.0,3,2,21,13,8
CITY_K4R_dp_optimal_jenks,w352306368,w352307861,улица Пирогова,124.6,3,2,21,13,8
CITY_K4R_dp_optimal_jenks,w352306368,w352464257,улица Пирогова,202.9,3,2,21,13,8
CITY_K4R_dp_optimal_jenks,w352306368,w352468381,улица Пирогова,213.9,3,2,21,13,8
CITY_K4R_dp_optimal_jenks,w352306368,w352468384,улица Пирогова,213.6,3,2,21,13,8
CITY_K4R_dp_optimal_jenks,w352306368,w352468398,улица Пирогова,219.2,3,2,21,13,8
CITY_K4R_dp_optimal_jenks,w352306368,w352468400,улица Пирогова,221.6,3,2,21,13,8
CITY_K4R_dp_optimal_jenks,w352306368,w352306779,улица Пирогова,224.4,3,2,21,13,8
CITY_K4R_dp_optimal_jenks,w352306368,w352306780,улица Пирогова,162.5,3,2,21,13,8
CITY_K4R_dp_optimal_jenks,w352306368,w352306781,улица Пирогова,249.5,3,2,21,13,8
CITY_K4R_dp_optimal_jenks,w352306368,w352306787,улица Пирогова,191.4,3,2,21,13,8
CITY_K4R_dp_optimal_jenks,w352306368,w352306788,улица Пирогова,223.8,3,2,21,13,8
CITY_K4R_dp_optimal_jenks,w352306368,w352306789,улица Пирогова,197.1,3,2,21,13,8
CITY_K4R_dp_optimal_jenks,w352306368,w352306790,улица Пирогова,198.2,3,2,21,13,8
CITY_K4R_dp_optimal_jenks,w352306368,w352306791,улица Пирогова,224.7,3,2,21,13,8
CITY_K4R_dp_optimal_jenks,w352306368,w352306792,улица Пирогова,227.9,3,2,21,13,8
CITY_K4R_dp_optimal_jenks,w352306368,w352307862,улица Пирогова,122.5,3,2,21,13,8
CITY_K4R_dp_optimal_jenks,w352306368,w352307863,улица Пирогова,120.5,3,2,21,13,8
CITY_K4R_dp_optimal_jenks,w352306368,w352307864,улица Пирогова,120.0,3,2,21,13,8
CITY_K4R_dp_optimal_jenks,w352306368,w352307865,улица Пирогова,122.6,3,2,21,13,8
CITY_K4R_dp_optimal_jenks,w352306368,w352307867,улица Пирогова,132.5,3,2,21,13,8
CITY_K4R_dp_optimal_jenks,w352306368,w352307869,улица Пирогова,139.2,3,2,21,13,8
CITY_K4R_dp_optimal_jenks,w352306368,w352307870,улица Пирогова,156.3,3,2,21,13,8
CITY_K4R_dp_optimal_jenks,w352306368,w352307871,улица Пирогова,173.0,3,2,21,13,8
CITY_K4R_dp_optimal_jenks,w352306368,w352307872,улица Пирогова,187.0,3,2,21,13,8
CITY_K4R_dp_optimal_jenks,w352306368,w352309763,улица Пирогова,118.8,3,2,21,13,8
CITY_K4R_dp_optimal_jenks,w352306368,w352309767,улица Пирогова,149.0,3,2,21,13,8
CITY_K4R_dp_optimal_jenks,w352306368,w352309772,улица Пирогова,244.1,3,2,21,13,8
CITY_K4R_dp_optimal_jenks,w352306368,w352309774,улица Пирогова,230.0,3,2,21,13,8
CITY_K4R_dp_optimal_jenks,w352306368,w352309776,улица Пирогова,193.8,3,2,21,13,8
CITY_K4R_dp_optimal_jenks,w352306368,w352309779,улица Пирогова,185.7,3,2,21,13,8
CITY_K4R_dp_optimal_jenks,w352306368,w352312097,улица Пирогова,110.1,3,2,21,13,8
CITY_K4R_dp_optimal_jenks,w352306368,w352307873,улица Пирогова,175.7,3,2,21,13,8
CITY_K4R_dp_optimal_jenks,w352306368,w352309081,улица Пирогова,186.9,3,2,21,13,8
CITY_K4R_dp_optimal_jenks,w352306368,w352309082,улица Пирогова,170.3,3,2,21,13,8
CITY_K4R_dp_optimal_jenks,w352306368,w352309084,улица Пирогова,177.5,3,2,21,13,8
CITY_K4R_dp_optimal_jenks,w352306368,w352309085,улица Пирогова,191.8,3,2,21,13,8
CITY_K4R_dp_optimal_jenks,w352306368,w352309529,улица Пирогова,184.7,3,2,21,13,8
CITY_K4R_dp_optimal_jenks,w352306368,w352309777,улица Пирогова,217.8,3,2,21,13,8
CITY_K4R_dp_optimal_jenks,w352306368,w352312092,улица Пирогова,159.0,3,2,21,13,8
CITY_K4R_dp_optimal_jenks,w352306368,w352312093,улица Пирогова,140.8,3,2,21,13,8
CITY_K4R_dp_optimal_jenks,w352306368,w352312096,улица Пирогова,124.4,3,2,21,13,8
CITY_K4R_dp_optimal_jenks,w352306368,w352312099,улица Пирогова,156.3,3,2,21,13,8
CITY_K4R_dp_optimal_jenks,w352306779,w352312107,улица Павлова,208.8,2,3,13,21,8
CITY_K4R_dp_optimal_jenks,w352306779,w352312109,улица Павлова,213.3,2,3,13,21,8
CITY_K4R_dp_optimal_jenks,w352306779,w352312110,улица Павлова,211.8,2,3,13,21,8
CITY_K4R_dp_optimal_jenks,w352306779,w352312112,улица Павлова,200.7,2,3,13,21,8
CITY_K4R_dp_optimal_jenks,w352306779,w352312130,улица Павлова,166.9,2,3,13,21,8
CITY_K4R_dp_optimal_jenks,w352306779,w352312132,улица Павлова,148.9,2,3,13,21,8
CITY_K4R_dp_optimal_jenks,w352306779,w352312134,улица Павлова,154.6,2,3,13,21,8
CITY_K4R_dp_optimal_jenks,w352306779,w352312135,улица Павлова,179.0,2,3,13,21,8
CITY_K4R_dp_optimal_jenks,w352306779,w352312136,улица Павлова,169.9,2,3,13,21,8
CITY_K4R_dp_optimal_jenks,w352306779,w352312139,улица Павлова,169.7,2,3,13,21,8
CITY_K4R_dp_optimal_jenks,w352306779,w352307875,улица Павлова,138.5,2,3,13,21,8
CITY_K4R_dp_optimal_jenks,w352306779,w352312100,улица Павлова,133.0,2,3,13,21,8
CITY_K4R_dp_optimal_jenks,w352306779,w352312105,улица Павлова,161.4,2,3,13,21,8
CITY_K4R_dp_optimal_jenks,w352306779,w352312123,улица Павлова,156.4,2,3,13,21,8
CITY_K4R_dp_optimal_jenks,w352306779,w352312124,улица Павлова,157.1,2,3,13,21,8
CITY_K4R_dp_optimal_jenks,w352306779,w352312126,улица Павлова,132.7,2,3,13,21,8
CITY_K4R_dp_optimal_jenks,w352306779,w352312127,улица Павлова,156.1,2,3,13,21,8
CITY_K4R_dp_optimal_jenks,w352306779,w352312128,улица Павлова,153.4,2,3,13,21,8
CITY_K4R_dp_optimal_jenks,w352306779,w352312131,улица Павлова,138.8,2,3,13,21,8
CITY_K4R_dp_optimal_jenks,w352306779,w352312106,улица Павлова,208.4,2,3,13,21,8
CITY_K4R_dp_optimal_jenks,w352306779,w352312102,улица Павлова,162.6,2,3,13,21,8
CITY_K4R_dp_optimal_jenks,w352306780,w352312107,улица Тельмана,142.6,2,3,13,21,8
CITY_K4R_dp_optimal_jenks,w352306780,w352312109,улица Тельмана,149.6,2,3,13,21,8
CITY_K4R_dp_optimal_jenks,w352306780,w352312110,улица Тельмана,146.6,2,3,13,21,8
CITY_K4R_dp_optimal_jenks,w352306780,w352312112,улица Тельмана,134.6,2,3,13,21,8
CITY_K4R_dp_optimal_jenks,w352306780,w352312113,улица Тельмана,220.1,2,3,13,21,8
CITY_K4R_dp_optimal_jenks,w352306780,w352312114,улица Тельмана,241.8,2,3,13,21,8
CITY_K4R_dp_optimal_jenks,w352306780,w352312119,улица Тельмана,201.9,2,3,13,21,8
CITY_K4R_dp_optimal_jenks,w352306780,w352312130,улица Тельмана,101.5,2,3,13,21,8
CITY_K4R_dp_optimal_jenks,w352306780,w352312132,улица Тельмана,92.3,2,3,13,21,8
CITY_K4R_dp_optimal_jenks,w352306780,w352312134,улица Тельмана,103.3,2,3,13,21,8
CITY_K4R_dp_optimal_jenks,w352306780,w352312135,улица Тельмана,122.7,2,3,13,21,8
CITY_K4R_dp_optimal_jenks,w352306780,w352312136,улица Тельмана,110.9,2,3,13,21,8
CITY_K4R_dp_optimal_jenks,w352306780,w352312139,улица Тельмана,107.7,2,3,13,21,8
CITY_K4R_dp_optimal_jenks,w352306780,w352307875,улица Тельмана,83.9,2,3,13,21,8
CITY_K4R_dp_optimal_jenks,w352306780,w352312100,улица Тельмана,71.2,2,3,13,21,8
CITY_K4R_dp_optimal_jenks,w352306780,w352312105,улица Тельмана,98.8,2,3,13,21,8
CITY_K4R_dp_optimal_jenks,w352306780,w352312123,улица Тельмана,91.7,2,3,13,21,8
CITY_K4R_dp_optimal_jenks,w352306780,w352312124,улица Тельмана,91.0,2,3,13,21,8
CITY_K4R_dp_optimal_jenks,w352306780,w352312126,улица Тельмана,66.8,2,3,13,21,8
CITY_K4R_dp_optimal_jenks,w352306780,w352312127,улица Тельмана,90.0,2,3,13,21,8
CITY_K4R_dp_optimal_jenks,w352306780,w352312128,улица Тельмана,87.6,2,3,13,21,8
CITY_K4R_dp_optimal_jenks,w352306780,w352312131,улица Тельмана,75.0,2,3,13,21,8
CITY_K4R_dp_optimal_jenks,w352306780,w352312106,улица Тельмана,142.8,2,3,13,21,8
CITY_K4R_dp_optimal_jenks,w352306780,w352312102,улица Тельмана,103.7,2,3,13,21,8
CITY_K4R_dp_optimal_jenks,w352306781,w352312107,улица Павлова,230.2,2,3,13,21,8
CITY_K4R_dp_optimal_jenks,w352306781,w352312109,улица Павлова,237.7,2,3,13,21,8
CITY_K4R_dp_optimal_jenks,w352306781,w352312110,улица Павлова,235.2,2,3,13,21,8
CITY_K4R_dp_optimal_jenks,w352306781,w352312112,улица Павлова,222.8,2,3,13,21,8
CITY_K4R_dp_optimal_jenks,w352306781,w352312130,улица Павлова,190.2,2,3,13,21,8
CITY_K4R_dp_optimal_jenks,w352306781,w352312132,улица Павлова,174.8,2,3,13,21,8
CITY_K4R_dp_optimal_jenks,w352306781,w352312134,улица Павлова,181.1,2,3,13,21,8
CITY_K4R_dp_optimal_jenks,w352306781,w352312135,улица Павлова,205.1,2,3,13,21,8
CITY_K4R_dp_optimal_jenks,w352306781,w352312136,улица Павлова,195.5,2,3,13,21,8
CITY_K4R_dp_optimal_jenks,w352306781,w352312139,улица Павлова,194.7,2,3,13,21,8
CITY_K4R_dp_optimal_jenks,w352306781,w352307875,улица Павлова,152.0,2,3,13,21,8
CITY_K4R_dp_optimal_jenks,w352306781,w352312100,улица Павлова,150.5,2,3,13,21,8
CITY_K4R_dp_optimal_jenks,w352306781,w352312105,улица Павлова,178.6,2,3,13,21,8
CITY_K4R_dp_optimal_jenks,w352306781,w352312123,улица Павлова,175.5,2,3,13,21,8
CITY_K4R_dp_optimal_jenks,w352306781,w352312124,улица Павлова,178.0,2,3,13,21,8
CITY_K4R_dp_optimal_jenks,w352306781,w352312126,улица Павлова,155.3,2,3,13,21,8
CITY_K4R_dp_optimal_jenks,w352306781,w352312127,улица Павлова,178.1,2,3,13,21,8
CITY_K4R_dp_optimal_jenks,w352306781,w352312128,улица Павлова,176.2,2,3,13,21,8
CITY_K4R_dp_optimal_jenks,w352306781,w352312131,улица Павлова,163.0,2,3,13,21,8
CITY_K4R_dp_optimal_jenks,w352306781,w352312106,улица Павлова,228.1,2,3,13,21,8
CITY_K4R_dp_optimal_jenks,w352306781,w352312102,улица Павлова,177.6,2,3,13,21,8
CITY_K4R_dp_optimal_jenks,w352306787,w352312107,улица Чкалова,163.4,2,3,13,21,8
CITY_K4R_dp_optimal_jenks,w352306787,w352312109,улица Чкалова,177.1,2,3,13,21,8
CITY_K4R_dp_optimal_jenks,w352306787,w352312110,улица Чкалова,172.0,2,3,13,21,8
CITY_K4R_dp_optimal_jenks,w352306787,w352312112,улица Чкалова,157.2,2,3,13,21,8
CITY_K4R_dp_optimal_jenks,w352306787,w352312119,улица Чкалова,231.0,2,3,13,21,8
CITY_K4R_dp_optimal_jenks,w352306787,w352312130,улица Чкалова,127.3,2,3,13,21,8
CITY_K4R_dp_optimal_jenks,w352306787,w352312132,улица Чкалова,124.1,2,3,13,21,8
CITY_K4R_dp_optimal_jenks,w352306787,w352312134,улица Чкалова,135.7,2,3,13,21,8
CITY_K4R_dp_optimal_jenks,w352306787,w352312135,улица Чкалова,154.3,2,3,13,21,8
CITY_K4R_dp_optimal_jenks,w352306787,w352312136,улица Чкалова,141.7,2,3,13,21,8
CITY_K4R_dp_optimal_jenks,w352306787,w352312139,улица Чкалова,137.2,2,3,13,21,8
CITY_K4R_dp_optimal_jenks,w352306787,w352307875,улица Чкалова,84.5,2,3,13,21,8
CITY_K4R_dp_optimal_jenks,w352306787,w352312100,улица Чкалова,81.6,2,3,13,21,8
CITY_K4R_dp_optimal_jenks,w352306787,w352312105,улица Чкалова,109.8,2,3,13,21,8
CITY_K4R_dp_optimal_jenks,w352306787,w352312123,улица Чкалова,107.1,2,3,13,21,8
CITY_K4R_dp_optimal_jenks,w352306787,w352312124,улица Чкалова,111.2,2,3,13,21,8
CITY_K4R_dp_optimal_jenks,w352306787,w352312126,улица Чкалова,92.0,2,3,13,21,8
CITY_K4R_dp_optimal_jenks,w352306787,w352312127,улица Чкалова,112.8,2,3,13,21,8
CITY_K4R_dp_optimal_jenks,w352306787,w352312128,улица Чкалова,112.5,2,3,13,21,8
CITY_K4R_dp_optimal_jenks,w352306787,w352312131,улица Чкалова,103.7,2,3,13,21,8
CITY_K4R_dp_optimal_jenks,w352306787,w352312106,улица Чкалова,159.9,2,3,13,21,8
CITY_K4R_dp_optimal_jenks,w352306787,w352312102,улица Чкалова,109.3,2,3,13,21,8
CITY_K4R_dp_optimal_jenks,w352306788,w352312107,улица Чкалова,194.2,2,3,13,21,8
CITY_K4R_dp_optimal_jenks,w352306788,w352312109,улица Чкалова,209.5,2,3,13,21,8
CITY_K4R_dp_optimal_jenks,w352306788,w352312110,улица Чкалова,204.1,2,3,13,21,8
CITY_K4R_dp_optimal_jenks,w352306788,w352312112,улица Чкалова,188.6,2,3,13,21,8
CITY_K4R_dp_optimal_jenks,w352306788,w352312130,улица Чкалова,159.6,2,3,13,21,8
CITY_K4R_dp_optimal_jenks,w352306788,w352312132,улица Чкалова,155.6,2,3,13,21,8
CITY_K4R_dp_optimal_jenks,w352306788,w352312134,улица Чкалова,166.3,2,3,13,21,8
CITY_K4R_dp_optimal_jenks,w352306788,w352312135,улица Чкалова,186.0,2,3,13,21,8
CITY_K4R_dp_optimal_jenks,w352306788,w352312136,улица Чкалова,173.8,2,3,13,21,8
CITY_K4R_dp_optimal_jenks,w352306788,w352312139,улица Чкалова,169.6,2,3,13,21,8
CITY_K4R_dp_optimal_jenks,w352306788,w352307875,улица Чкалова,107.5,2,3,13,21,8
CITY_K4R_dp_optimal_jenks,w352306788,w352312100,улица Чкалова,110.0,2,3,13,21,8
CITY_K4R_dp_optimal_jenks,w352306788,w352312105,улица Чкалова,137.4,2,3,13,21,8
CITY_K4R_dp_optimal_jenks,w352306788,w352312123,улица Чкалова,136.6,2,3,13,21,8
CITY_K4R_dp_optimal_jenks,w352306788,w352312124,улица Чкалова,142.3,2,3,13,21,8
CITY_K4R_dp_optimal_jenks,w352306788,w352312126,улица Чкалова,124.4,2,3,13,21,8
CITY_K4R_dp_optimal_jenks,w352306788,w352312127,улица Чкалова,144.6,2,3,13,21,8
CITY_K4R_dp_optimal_jenks,w352306788,w352312128,улица Чкалова,144.7,2,3,13,21,8
CITY_K4R_dp_optimal_jenks,w352306788,w352312131,улица Чкалова,136.2,2,3,13,21,8
CITY_K4R_dp_optimal_jenks,w352306788,w352312106,улица Чкалова,189.4,2,3,13,21,8
CITY_K4R_dp_optimal_jenks,w352306788,w352312102,улица Чкалова,134.0,2,3,13,21,8
CITY_K4R_dp_optimal_jenks,w352306789,w352312107,улица Чкалова,162.7,2,3,13,21,8
CITY_K4R_dp_optimal_jenks,w352306789,w352312109,улица Чкалова,181.5,2,3,13,21,8
CITY_K4R_dp_optimal_jenks,w352306789,w352312110,улица Чкалова,174.6,2,3,13,21,8
CITY_K4R_dp_optimal_jenks,w352306789,w352312112,улица Чкалова,157.9,2,3,13,21,8
CITY_K4R_dp_optimal_jenks,w352306789,w352312119,улица Чкалова,236.8,2,3,13,21,8
CITY_K4R_dp_optimal_jenks,w352306789,w352312130,улица Чкалова,131.1,2,3,13,21,8
CITY_K4R_dp_optimal_jenks,w352306789,w352312132,улица Чкалова,134.2,2,3,13,21,8
CITY_K4R_dp_optimal_jenks,w352306789,w352312134,улица Чкалова,147.5,2,3,13,21,8
CITY_K4R_dp_optimal_jenks,w352306789,w352312135,улица Чкалова,163.7,2,3,13,21,8
CITY_K4R_dp_optimal_jenks,w352306789,w352312136,улица Чкалова,150.3,2,3,13,21,8
CITY_K4R_dp_optimal_jenks,w352306789,w352312139,улица Чкалова,144.0,2,3,13,21,8
CITY_K4R_dp_optimal_jenks,w352306789,w352307875,улица Чкалова,74.7,2,3,13,21,8
CITY_K4R_dp_optimal_jenks,w352306789,w352312100,улица Чкалова,77.5,2,3,13,21,8
CITY_K4R_dp_optimal_jenks,w352306789,w352312105,улица Чкалова,104.5,2,3,13,21,8
CITY_K4R_dp_optimal_jenks,w352306789,w352312123,улица Чкалова,104.4,2,3,13,21,8
CITY_K4R_dp_optimal_jenks,w352306789,w352312124,улица Чкалова,111.4,2,3,13,21,8
CITY_K4R_dp_optimal_jenks,w352306789,w352312126,улица Чкалова,96.4,2,3,13,21,8
CITY_K4R_dp_optimal_jenks,w352306789,w352312127,улица Чкалова,114.7,2,3,13,21,8
CITY_K4R_dp_optimal_jenks,w352306789,w352312128,улица Чкалова,115.9,2,3,13,21,8
CITY_K4R_dp_optimal_jenks,w352306789,w352312131,улица Чкалова,110.5,2,3,13,21,8
CITY_K4R_dp_optimal_jenks,w352306789,w352312106,улица Чкалова,156.9,2,3,13,21,8
CITY_K4R_dp_optimal_jenks,w352306789,w352312102,улица Чкалова,101.0,2,3,13,21,8
CITY_K4R_dp_optimal_jenks,w352306790,w352312107,улица Чкалова,157.6,2,3,13,21,8
CITY_K4R_dp_optimal_jenks,w352306790,w352312109,улица Чкалова,181.5,2,3,13,21,8
CITY_K4R_dp_optimal_jenks,w352306790,w352312110,улица Чкалова,172.8,2,3,13,21,8
CITY_K4R_dp_optimal_jenks,w352306790,w352312112,улица Чкалова,154.3,2,3,13,21,8
CITY_K4R_dp_optimal_jenks,w352306790,w352312119,улица Чкалова,237.8,2,3,13,21,8
CITY_K4R_dp_optimal_jenks,w352306790,w352312130,улица Чкалова,131.1,2,3,13,21,8
CITY_K4R_dp_optimal_jenks,w352306790,w352312132,улица Чкалова,141.0,2,3,13,21,8
CITY_K4R_dp_optimal_jenks,w352306790,w352312134,улица Чкалова,155.8,2,3,13,21,8
CITY_K4R_dp_optimal_jenks,w352306790,w352312135,улица Чкалова,169.3,2,3,13,21,8
CITY_K4R_dp_optimal_jenks,w352306790,w352312136,улица Чкалова,155.0,2,3,13,21,8
CITY_K4R_dp_optimal_jenks,w352306790,w352312139,улица Чкалова,147.1,2,3,13,21,8
CITY_K4R_dp_optimal_jenks,w352306790,w352307875,улица Чкалова,62.4,2,3,13,21,8
CITY_K4R_dp_optimal_jenks,w352306790,w352312100,улица Чкалова,71.0,2,3,13,21,8
CITY_K4R_dp_optimal_jenks,w352306790,w352312105,улица Чкалова,95.8,2,3,13,21,8
CITY_K4R_dp_optimal_jenks,w352306790,w352312123,улица Чкалова,98.4,2,3,13,21,8
CITY_K4R_dp_optimal_jenks,w352306790,w352312124,улица Чкалова,108.2,2,3,13,21,8
CITY_K4R_dp_optimal_jenks,w352306790,w352312126,улица Чкалова,98.1,2,3,13,21,8
CITY_K4R_dp_optimal_jenks,w352306790,w352312127,улица Чкалова,113.1,2,3,13,21,8
CITY_K4R_dp_optimal_jenks,w352306790,w352312128,улица Чкалова,115.8,2,3,13,21,8
CITY_K4R_dp_optimal_jenks,w352306790,w352312131,улица Чкалова,114.2,2,3,13,21,8
CITY_K4R_dp_optimal_jenks,w352306790,w352312106,улица Чкалова,149.5,2,3,13,21,8
CITY_K4R_dp_optimal_jenks,w352306790,w352312102,улица Чкалова,89.4,2,3,13,21,8
CITY_K4R_dp_optimal_jenks,w352306791,w352312107,улица Чкалова,189.8,2,3,13,21,8
CITY_K4R_dp_optimal_jenks,w352306791,w352312109,улица Чкалова,209.3,2,3,13,21,8
CITY_K4R_dp_optimal_jenks,w352306791,w352312110,улица Чкалова,202.3,2,3,13,21,8
CITY_K4R_dp_optimal_jenks,w352306791,w352312112,улица Чкалова,185.3,2,3,13,21,8
CITY_K4R_dp_optimal_jenks,w352306791,w352312130,улица Чкалова,158.9,2,3,13,21,8
CITY_K4R_dp_optimal_jenks,w352306791,w352312132,улица Чкалова,160.4,2,3,13,21,8
CITY_K4R_dp_optimal_jenks,w352306791,w352312134,улица Чкалова,172.6,2,3,13,21,8
CITY_K4R_dp_optimal_jenks,w352306791,w352312135,улица Чкалова,190.3,2,3,13,21,8
CITY_K4R_dp_optimal_jenks,w352306791,w352312136,улица Чкалова,177.2,2,3,13,21,8
CITY_K4R_dp_optimal_jenks,w352306791,w352312139,улица Чкалова,171.5,2,3,13,21,8
CITY_K4R_dp_optimal_jenks,w352306791,w352307875,улица Чкалова,97.3,2,3,13,21,8
CITY_K4R_dp_optimal_jenks,w352306791,w352312100,улица Чкалова,103.8,2,3,13,21,8
CITY_K4R_dp_optimal_jenks,w352306791,w352312105,улица Чкалова,129.8,2,3,13,21,8
CITY_K4R_dp_optimal_jenks,w352306791,w352312123,улица Чкалова,131.0,2,3,13,21,8
CITY_K4R_dp_optimal_jenks,w352306791,w352312124,улица Чкалова,138.8,2,3,13,21,8
CITY_K4R_dp_optimal_jenks,w352306791,w352312126,улица Чкалова,124.2,2,3,13,21,8
CITY_K4R_dp_optimal_jenks,w352306791,w352312127,улица Чкалова,142.4,2,3,13,21,8
CITY_K4R_dp_optimal_jenks,w352306791,w352312128,улица Чкалова,143.7,2,3,13,21,8
CITY_K4R_dp_optimal_jenks,w352306791,w352312131,улица Чкалова,137.9,2,3,13,21,8
CITY_K4R_dp_optimal_jenks,w352306791,w352312106,улица Чкалова,183.0,2,3,13,21,8
CITY_K4R_dp_optimal_jenks,w352306791,w352312102,улица Чкалова,124.3,2,3,13,21,8
CITY_K4R_dp_optimal_jenks,w352306792,w352312107,улица Чкалова,187.4,2,3,13,21,8
CITY_K4R_dp_optimal_jenks,w352306792,w352312109,улица Чкалова,211.3,2,3,13,21,8
CITY_K4R_dp_optimal_jenks,w352306792,w352312110,улица Чкалова,202.8,2,3,13,21,8
CITY_K4R_dp_optimal_jenks,w352306792,w352312112,улица Чкалова,184.3,2,3,13,21,8
CITY_K4R_dp_optimal_jenks,w352306792,w352312130,улица Чкалова,160.9,2,3,13,21,8
CITY_K4R_dp_optimal_jenks,w352306792,w352312132,улица Чкалова,168.0,2,3,13,21,8
CITY_K4R_dp_optimal_jenks,w352306792,w352312134,улица Чкалова,181.7,2,3,13,21,8
CITY_K4R_dp_optimal_jenks,w352306792,w352312135,улица Чкалова,197.1,2,3,13,21,8
CITY_K4R_dp_optimal_jenks,w352306792,w352312136,улица Чкалова,183.3,2,3,13,21,8
CITY_K4R_dp_optimal_jenks,w352306792,w352312139,улица Чкалова,176.1,2,3,13,21,8
CITY_K4R_dp_optimal_jenks,w352306792,w352307875,улица Чкалова,89.7,2,3,13,21,8
CITY_K4R_dp_optimal_jenks,w352306792,w352312100,улица Чкалова,100.8,2,3,13,21,8
CITY_K4R_dp_optimal_jenks,w352306792,w352312105,улица Чкалова,124.6,2,3,13,21,8
CITY_K4R_dp_optimal_jenks,w352306792,w352312123,улица Чкалова,128.2,2,3,13,21,8
CITY_K4R_dp_optimal_jenks,w352306792,w352312124,улица Чкалова,138.2,2,3,13,21,8
CITY_K4R_dp_optimal_jenks,w352306792,w352312126,улица Чкалова,127.4,2,3,13,21,8
CITY_K4R_dp_optimal_jenks,w352306792,w352312127,улица Чкалова,143.1,2,3,13,21,8
CITY_K4R_dp_optimal_jenks,w352306792,w352312128,улица Чкалова,145.6,2,3,13,21,8
CITY_K4R_dp_optimal_jenks,w352306792,w352312131,улица Чкалова,142.9,2,3,13,21,8
CITY_K4R_dp_optimal_jenks,w352306792,w352312106,улица Чкалова,178.6,2,3,13,21,8
CITY_K4R_dp_optimal_jenks,w352306792,w352312102,улица Чкалова,116.6,2,3,13,21,8
CITY_K4R_dp_optimal_jenks,w352307860,w352312107,улица Тельмана,163.7,2,3,13,21,8
CITY_K4R_dp_optimal_jenks,w352307860,w352312109,улица Тельмана,132.4,2,3,13,21,8
CITY_K4R_dp_optimal_jenks,w352307860,w352312110,улица Тельмана,143.8,2,3,13,21,8
CITY_K4R_dp_optimal_jenks,w352307860,w352312112,улица Тельмана,150.5,2,3,13,21,8
CITY_K4R_dp_optimal_jenks,w352307860,w352312113,улица Тельмана,156.6,2,3,13,21,8
CITY_K4R_dp_optimal_jenks,w352307860,w352312114,улица Тельмана,183.0,2,3,13,21,8
CITY_K4R_dp_optimal_jenks,w352307860,w352312119,улица Тельмана,156.6,2,3,13,21,8
CITY_K4R_dp_optimal_jenks,w352307860,w352312130,улица Тельмана,118.0,2,3,13,21,8
CITY_K4R_dp_optimal_jenks,w352307860,w352312132,улица Тельмана,69.0,2,3,13,21,8
CITY_K4R_dp_optimal_jenks,w352307860,w352312134,улица Тельмана,53.4,2,3,13,21,8
CITY_K4R_dp_optimal_jenks,w352307860,w352312135,улица Тельмана,78.1,2,3,13,21,8
CITY_K4R_dp_optimal_jenks,w352307860,w352312136,улица Тельмана,83.6,2,3,13,21,8
CITY_K4R_dp_optimal_jenks,w352307860,w352312139,улица Тельмана,96.8,2,3,13,21,8
CITY_K4R_dp_optimal_jenks,w352307860,w352313148,улица Тельмана,238.0,2,3,13,21,8
CITY_K4R_dp_optimal_jenks,w352307860,w352313149,улица Тельмана,214.5,2,3,13,21,8
CITY_K4R_dp_optimal_jenks,w352307860,w352468401,улица Тельмана,237.0,2,3,13,21,8
CITY_K4R_dp_optimal_jenks,w352307860,w352468405,улица Тельмана,223.3,2,3,13,21,8
CITY_K4R_dp_optimal_jenks,w352307860,w352307875,улица Тельмана,176.2,2,3,13,21,8
CITY_K4R_dp_optimal_jenks,w352307860,w352312100,улица Тельмана,151.8,2,3,13,21,8
CITY_K4R_dp_optimal_jenks,w352307860,w352312105,улица Тельмана,166.7,2,3,13,21,8
CITY_K4R_dp_optimal_jenks,w352307860,w352312123,улица Тельмана,151.6,2,3,13,21,8
CITY_K4R_dp_optimal_jenks,w352307860,w352312124,улица Тельмана,136.9,2,3,13,21,8
CITY_K4R_dp_optimal_jenks,w352307860,w352312126,улица Тельмана,112.0,2,3,13,21,8
CITY_K4R_dp_optimal_jenks,w352307860,w352312127,улица Тельмана,127.1,2,3,13,21,8
CITY_K4R_dp_optimal_jenks,w352307860,w352312128,улица Тельмана,117.9,2,3,13,21,8
CITY_K4R_dp_optimal_jenks,w352307860,w352312131,улица Тельмана,96.5,2,3,13,21,8
CITY_K4R_dp_optimal_jenks,w352307860,w352312106,улица Тельмана,178.2,2,3,13,21,8
CITY_K4R_dp_optimal_jenks,w352307860,w352312102,улица Тельмана,181.7,2,3,13,21,8
CITY_K4R_dp_optimal_jenks,w352307861,w352312107,улица Тельмана,152.1,2,3,13,21,8
CITY_K4R_dp_optimal_jenks,w352307861,w352312109,улица Тельмана,124.6,2,3,13,21,8
CITY_K4R_dp_optimal_jenks,w352307861,w352312110,улица Тельмана,134.4,2,3,13,21,8
CITY_K4R_dp_optimal_jenks,w352307861,w352312112,улица Тельмана,139.0,2,3,13,21,8
CITY_K4R_dp_optimal_jenks,w352307861,w352312113,улица Тельмана,158.0,2,3,13,21,8
CITY_K4R_dp_optimal_jenks,w352307861,w352312114,улица Тельмана,184.0,2,3,13,21,8
CITY_K4R_dp_optimal_jenks,w352307861,w352312119,улица Тельмана,154.5,2,3,13,21,8
CITY_K4R_dp_optimal_jenks,w352307861,w352312130,улица Тельмана,105.1,2,3,13,21,8
CITY_K4R_dp_optimal_jenks,w352307861,w352312132,улица Тельмана,56.8,2,3,13,21,8
CITY_K4R_dp_optimal_jenks,w352307861,w352312134,улица Тельмана,44.1,2,3,13,21,8
CITY_K4R_dp_optimal_jenks,w352307861,w352312135,улица Тельмана,71.5,2,3,13,21,8
CITY_K4R_dp_optimal_jenks,w352307861,w352312136,улица Тельмана,74.1,2,3,13,21,8
CITY_K4R_dp_optimal_jenks,w352307861,w352312139,улица Тельмана,85.9,2,3,13,21,8
CITY_K4R_dp_optimal_jenks,w352307861,w352313148,улица Тельмана,238.4,2,3,13,21,8
CITY_K4R_dp_optimal_jenks,w352307861,w352313149,улица Тельмана,214.4,2,3,13,21,8
CITY_K4R_dp_optimal_jenks,w352307861,w352468405,улица Тельмана,236.8,2,3,13,21,8
CITY_K4R_dp_optimal_jenks,w352307861,w352307875,улица Тельмана,159.8,2,3,13,21,8
CITY_K4R_dp_optimal_jenks,w352307861,w352312100,улица Тельмана,135.6,2,3,13,21,8
CITY_K4R_dp_optimal_jenks,w352307861,w352312105,улица Тельмана,151.2,2,3,13,21,8
CITY_K4R_dp_optimal_jenks,w352307861,w352312123,улица Тельмана,136.4,2,3,13,21,8
CITY_K4R_dp_optimal_jenks,w352307861,w352312124,улица Тельмана,122.2,2,3,13,21,8
CITY_K4R_dp_optimal_jenks,w352307861,w352312126,улица Тельмана,96.4,2,3,13,21,8
CITY_K4R_dp_optimal_jenks,w352307861,w352312127,улица Тельмана,112.7,2,3,13,21,8
CITY_K4R_dp_optimal_jenks,w352307861,w352312128,улица Тельмана,103.7,2,3,13,21,8
CITY_K4R_dp_optimal_jenks,w352307861,w352312131,улица Тельмана,81.8,2,3,13,21,8
CITY_K4R_dp_optimal_jenks,w352307861,w352312106,улица Тельмана,165.5,2,3,13,21,8
CITY_K4R_dp_optimal_jenks,w352307861,w352312102,улица Тельмана,165.9,2,3,13,21,8
CITY_K4R_dp_optimal_jenks,w352307862,w352312107,улица Тельмана,144.3,2,3,13,21,8
CITY_K4R_dp_optimal_jenks,w352307862,w352312109,улица Тельмана,120.5,2,3,13,21,8
CITY_K4R_dp_optimal_jenks,w352307862,w352312110,улица Тельмана,128.8,2,3,13,21,8
CITY_K4R_dp_optimal_jenks,w352307862,w352312112,улица Тельмана,131.4,2,3,13,21,8
CITY_K4R_dp_optimal_jenks,w352307862,w352312113,улица Тельмана,161.1,2,3,13,21,8
CITY_K4R_dp_optimal_jenks,w352307862,w352312114,улица Тельмана,186.6,2,3,13,21,8
CITY_K4R_dp_optimal_jenks,w352307862,w352312119,улица Тельмана,154.8,2,3,13,21,8
CITY_K4R_dp_optimal_jenks,w352307862,w352312130,улица Тельмана,96.4,2,3,13,21,8
CITY_K4R_dp_optimal_jenks,w352307862,w352312132,улица Тельмана,49.8,2,3,13,21,8
CITY_K4R_dp_optimal_jenks,w352307862,w352312134,улица Тельмана,40.9,2,3,13,21,8
CITY_K4R_dp_optimal_jenks,w352307862,w352312135,улица Тельмана,69.4,2,3,13,21,8
CITY_K4R_dp_optimal_jenks,w352307862,w352312136,улица Тельмана,69.3,2,3,13,21,8
CITY_K4R_dp_optimal_jenks,w352307862,w352312139,улица Тельмана,79.4,2,3,13,21,8
CITY_K4R_dp_optimal_jenks,w352307862,w352313148,улица Тельмана,240.3,2,3,13,21,8
CITY_K4R_dp_optimal_jenks,w352307862,w352313149,улица Тельмана,216.1,2,3,13,21,8
CITY_K4R_dp_optimal_jenks,w352307862,w352468405,улица Тельмана,248.1,2,3,13,21,8
CITY_K4R_dp_optimal_jenks,w352307862,w352307875,улица Тельмана,147.1,2,3,13,21,8
CITY_K4R_dp_optimal_jenks,w352307862,w352312100,улица Тельмана,123.2,2,3,13,21,8
CITY_K4R_dp_optimal_jenks,w352307862,w352312105,улица Тельмана,139.6,2,3,13,21,8
CITY_K4R_dp_optimal_jenks,w352307862,w352312123,улица Тельмана,125.0,2,3,13,21,8
CITY_K4R_dp_optimal_jenks,w352307862,w352312124,улица Тельмана,111.5,2,3,13,21,8
CITY_K4R_dp_optimal_jenks,w352307862,w352312126,улица Тельмана,84.9,2,3,13,21,8
CITY_K4R_dp_optimal_jenks,w352307862,w352312127,улица Тельмана,102.4,2,3,13,21,8
CITY_K4R_dp_optimal_jenks,w352307862,w352312128,улица Тельмана,93.6,2,3,13,21,8
CITY_K4R_dp_optimal_jenks,w352307862,w352312131,улица Тельмана,71.2,2,3,13,21,8
CITY_K4R_dp_optimal_jenks,w352307862,w352312106,улица Тельмана,156.5,2,3,13,21,8
CITY_K4R_dp_optimal_jenks,w352307862,w352312102,улица Тельмана,153.9,2,3,13,21,8
CITY_K4R_dp_optimal_jenks,w352307863,w352312107,улица Тельмана,135.2,2,3,13,21,8
CITY_K4R_dp_optimal_jenks,w352307863,w352312109,улица Тельмана,116.0,2,3,13,21,8
CITY_K4R_dp_optimal_jenks,w352307863,w352312110,улица Тельмана,122.4,2,3,13,21,8
CITY_K4R_dp_optimal_jenks,w352307863,w352312112,улица Тельмана,122.7,2,3,13,21,8
CITY_K4R_dp_optimal_jenks,w352307863,w352312113,улица Тельмана,164.4,2,3,13,21,8
CITY_K4R_dp_optimal_jenks,w352307863,w352312114,улица Тельмана,189.2,2,3,13,21,8
CITY_K4R_dp_optimal_jenks,w352307863,w352312119,улица Тельмана,155.0,2,3,13,21,8
CITY_K4R_dp_optimal_jenks,w352307863,w352312130,улица Тельмана,86.6,2,3,13,21,8
CITY_K4R_dp_optimal_jenks,w352307863,w352312132,улица Тельмана,43.7,2,3,13,21,8
CITY_K4R_dp_optimal_jenks,w352307863,w352312134,улица Тельмана,40.9,2,3,13,21,8
CITY_K4R_dp_optimal_jenks,w352307863,w352312135,улица Тельмана,68.6,2,3,13,21,8
CITY_K4R_dp_optimal_jenks,w352307863,w352312136,улица Тельмана,65.1,2,3,13,21,8
CITY_K4R_dp_optimal_jenks,w352307863,w352312139,улица Тельмана,72.8,2,3,13,21,8
CITY_K4R_dp_optimal_jenks,w352307863,w352313148,улица Тельмана,241.9,2,3,13,21,8
CITY_K4R_dp_optimal_jenks,w352307863,w352313149,улица Тельмана,217.4,2,3,13,21,8
CITY_K4R_dp_optimal_jenks,w352307863,w352307875,улица Тельмана,132.5,2,3,13,21,8
CITY_K4R_dp_optimal_jenks,w352307863,w352312100,улица Тельмана,108.8,2,3,13,21,8
CITY_K4R_dp_optimal_jenks,w352307863,w352312105,улица Тельмана,126.1,2,3,13,21,8
CITY_K4R_dp_optimal_jenks,w352307863,w352312123,улица Тельмана,111.8,2,3,13,21,8
CITY_K4R_dp_optimal_jenks,w352307863,w352312124,улица Тельмана,99.1,2,3,13,21,8
CITY_K4R_dp_optimal_jenks,w352307863,w352312126,улица Тельмана,71.6,2,3,13,21,8
CITY_K4R_dp_optimal_jenks,w352307863,w352312127,улица Тельмана,90.6,2,3,13,21,8
CITY_K4R_dp_optimal_jenks,w352307863,w352312128,улица Тельмана,82.1,2,3,13,21,8
CITY_K4R_dp_optimal_jenks,w352307863,w352312131,улица Тельмана,59.5,2,3,13,21,8
CITY_K4R_dp_optimal_jenks,w352307863,w352312106,улица Тельмана,146.0,2,3,13,21,8
CITY_K4R_dp_optimal_jenks,w352307863,w352312102,улица Тельмана,139.9,2,3,13,21,8
CITY_K4R_dp_optimal_jenks,w352307864,w352312107,улица Тельмана,123.5,2,3,13,21,8
CITY_K4R_dp_optimal_jenks,w352307864,w352312109,улица Тельмана,112.1,2,3,13,21,8
CITY_K4R_dp_optimal_jenks,w352307864,w352312110,улица Тельмана,115.4,2,3,13,21,8
CITY_K4R_dp_optimal_jenks,w352307864,w352312112,улица Тельмана,111.9,2,3,13,21,8
CITY_K4R_dp_optimal_jenks,w352307864,w352312113,улица Тельмана,170.6,2,3,13,21,8
CITY_K4R_dp_optimal_jenks,w352307864,w352312114,улица Тельмана,194.2,2,3,13,21,8
CITY_K4R_dp_optimal_jenks,w352307864,w352312119,улица Тельмана,157.2,2,3,13,21,8
CITY_K4R_dp_optimal_jenks,w352307864,w352312130,улица Тельмана,75.0,2,3,13,21,8
CITY_K4R_dp_optimal_jenks,w352307864,w352312132,улица Тельмана,42.6,2,3,13,21,8
CITY_K4R_dp_optimal_jenks,w352307864,w352312134,улица Тельмана,48.8,2,3,13,21,8
CITY_K4R_dp_optimal_jenks,w352307864,w352312135,улица Тельмана,72.3,2,3,13,21,8
CITY_K4R_dp_optimal_jenks,w352307864,w352312136,улица Тельмана,64.3,2,3,13,21,8
CITY_K4R_dp_optimal_jenks,w352307864,w352312139,улица Тельмана,67.5,2,3,13,21,8
CITY_K4R_dp_optimal_jenks,w352307864,w352313148,улица Тельмана,245.0,2,3,13,21,8
CITY_K4R_dp_optimal_jenks,w352307864,w352313149,улица Тельмана,220.5,2,3,13,21,8
CITY_K4R_dp_optimal_jenks,w352307864,w352307875,улица Тельмана,111.5,2,3,13,21,8
CITY_K4R_dp_optimal_jenks,w352307864,w352312100,улица Тельмана,88.3,2,3,13,21,8
CITY_K4R_dp_optimal_jenks,w352307864,w352312105,улица Тельмана,107.1,2,3,13,21,8
CITY_K4R_dp_optimal_jenks,w352307864,w352312123,улица Тельмана,93.5,2,3,13,21,8
CITY_K4R_dp_optimal_jenks,w352307864,w352312124,улица Тельмана,82.4,2,3,13,21,8
CITY_K4R_dp_optimal_jenks,w352307864,w352312126,улица Тельмана,53.6,2,3,13,21,8
CITY_K4R_dp_optimal_jenks,w352307864,w352312127,улица Тельмана,75.0,2,3,13,21,8
CITY_K4R_dp_optimal_jenks,w352307864,w352312128,улица Тельмана,67.4,2,3,13,21,8
CITY_K4R_dp_optimal_jenks,w352307864,w352312131,улица Тельмана,45.4,2,3,13,21,8
CITY_K4R_dp_optimal_jenks,w352307864,w352312106,улица Тельмана,132.0,2,3,13,21,8
CITY_K4R_dp_optimal_jenks,w352307864,w352312102,улица Тельмана,120.1,2,3,13,21,8
CITY_K4R_dp_optimal_jenks,w352307865,w352312107,улица Тельмана,114.2,2,3,13,21,8
CITY_K4R_dp_optimal_jenks,w352307865,w352312109,улица Тельмана,111.5,2,3,13,21,8
CITY_K4R_dp_optimal_jenks,w352307865,w352312110,улица Тельмана,111.4,2,3,13,21,8
CITY_K4R_dp_optimal_jenks,w352307865,w352312112,улица Тельмана,103.8,2,3,13,21,8
CITY_K4R_dp_optimal_jenks,w352307865,w352312113,улица Тельмана,178.4,2,3,13,21,8
CITY_K4R_dp_optimal_jenks,w352307865,w352312114,улица Тельмана,200.6,2,3,13,21,8
CITY_K4R_dp_optimal_jenks,w352307865,w352312119,улица Тельмана,161.4,2,3,13,21,8
CITY_K4R_dp_optimal_jenks,w352307865,w352312130,улица Тельмана,67.6,2,3,13,21,8
CITY_K4R_dp_optimal_jenks,w352307865,w352312132,улица Тельмана,50.3,2,3,13,21,8
CITY_K4R_dp_optimal_jenks,w352307865,w352312134,улица Тельмана,62.4,2,3,13,21,8
CITY_K4R_dp_optimal_jenks,w352307865,w352312135,улица Тельмана,80.8,2,3,13,21,8
CITY_K4R_dp_optimal_jenks,w352307865,w352312136,улица Тельмана,69.3,2,3,13,21,8
CITY_K4R_dp_optimal_jenks,w352307865,w352312139,улица Тельмана,67.8,2,3,13,21,8
CITY_K4R_dp_optimal_jenks,w352307865,w352313148,улица Тельмана,249.3,2,3,13,21,8
CITY_K4R_dp_optimal_jenks,w352307865,w352313149,улица Тельмана,224.8,2,3,13,21,8
CITY_K4R_dp_optimal_jenks,w352307865,w352307875,улица Тельмана,91.0,2,3,13,21,8
CITY_K4R_dp_optimal_jenks,w352307865,w352312100,улица Тельмана,68.3,2,3,13,21,8
CITY_K4R_dp_optimal_jenks,w352307865,w352312105,улица Тельмана,89.1,2,3,13,21,8
CITY_K4R_dp_optimal_jenks,w352307865,w352312123,улица Тельмана,76.6,2,3,13,21,8
CITY_K4R_dp_optimal_jenks,w352307865,w352312124,улица Тельмана,68.0,2,3,13,21,8
CITY_K4R_dp_optimal_jenks,w352307865,w352312126,улица Тельмана,38.7,2,3,13,21,8
CITY_K4R_dp_optimal_jenks,w352307865,w352312127,улица Тельмана,62.5,2,3,13,21,8
CITY_K4R_dp_optimal_jenks,w352307865,w352312128,улица Тельмана,56.6,2,3,13,21,8
CITY_K4R_dp_optimal_jenks,w352307865,w352312131,улица Тельмана,37.8,2,3,13,21,8
CITY_K4R_dp_optimal_jenks,w352307865,w352312106,улица Тельмана,119.8,2,3,13,21,8
CITY_K4R_dp_optimal_jenks,w352307865,w352312102,улица Тельмана,100.8,2,3,13,21,8
CITY_K4R_dp_optimal_jenks,w352307867,w352312107,улица Тельмана,115.9,2,3,13,21,8
CITY_K4R_dp_optimal_jenks,w352307867,w352312109,улица Тельмана,119.7,2,3,13,21,8
CITY_K4R_dp_optimal_jenks,w352307867,w352312110,улица Тельмана,117.4,2,3,13,21,8
CITY_K4R_dp_optimal_jenks,w352307867,w352312112,улица Тельмана,106.8,2,3,13,21,8
CITY_K4R_dp_optimal_jenks,w352307867,w352312113,улица Тельмана,190.7,2,3,13,21,8
CITY_K4R_dp_optimal_jenks,w352307867,w352312114,улица Тельмана,212.0,2,3,13,21,8
CITY_K4R_dp_optimal_jenks,w352307867,w352312119,улица Тельмана,171.9,2,3,13,21,8
CITY_K4R_dp_optimal_jenks,w352307867,w352312130,улица Тельмана,72.4,2,3,13,21,8
CITY_K4R_dp_optimal_jenks,w352307867,w352312132,улица Тельмана,64.2,2,3,13,21,8
CITY_K4R_dp_optimal_jenks,w352307867,w352312134,улица Тельмана,77.6,2,3,13,21,8
CITY_K4R_dp_optimal_jenks,w352307867,w352312135,улица Тельмана,94.2,2,3,13,21,8
CITY_K4R_dp_optimal_jenks,w352307867,w352312136,улица Тельмана,81.5,2,3,13,21,8
CITY_K4R_dp_optimal_jenks,w352307867,w352312139,улица Тельмана,77.8,2,3,13,21,8
CITY_K4R_dp_optimal_jenks,w352307867,w352313149,улица Тельмана,235.0,2,3,13,21,8
CITY_K4R_dp_optimal_jenks,w352307867,w352307875,улица Тельмана,78.4,2,3,13,21,8
CITY_K4R_dp_optimal_jenks,w352307867,w352312100,улица Тельмана,57.9,2,3,13,21,8
CITY_K4R_dp_optimal_jenks,w352307867,w352312105,улица Тельмана,81.7,2,3,13,21,8
CITY_K4R_dp_optimal_jenks,w352307867,w352312123,улица Тельмана,71.1,2,3,13,21,8
CITY_K4R_dp_optimal_jenks,w352307867,w352312124,улица Тельмана,66.1,2,3,13,21,8
CITY_K4R_dp_optimal_jenks,w352307867,w352312126,улица Тельмана,38.8,2,3,13,21,8
CITY_K4R_dp_optimal_jenks,w352307867,w352312127,улица Тельмана,63.0,2,3,13,21,8
CITY_K4R_dp_optimal_jenks,w352307867,w352312128,улица Тельмана,59.2,2,3,13,21,8
CITY_K4R_dp_optimal_jenks,w352307867,w352312131,улица Тельмана,45.1,2,3,13,21,8
CITY_K4R_dp_optimal_jenks,w352307867,w352312106,улица Тельмана,118.7,2,3,13,21,8
CITY_K4R_dp_optimal_jenks,w352307867,w352312102,улица Тельмана,91.3,2,3,13,21,8
CITY_K4R_dp_optimal_jenks,w352307869,w352312107,улица Тельмана,114.6,2,3,13,21,8
CITY_K4R_dp_optimal_jenks,w352307869,w352312109,улица Тельмана,124.8,2,3,13,21,8
CITY_K4R_dp_optimal_jenks,w352307869,w352312110,улица Тельмана,120.3,2,3,13,21,8
CITY_K4R_dp_optimal_jenks,w352307869,w352312112,улица Тельмана,107.0,2,3,13,21,8
CITY_K4R_dp_optimal_jenks,w352307869,w352312113,улица Тельмана,199.7,2,3,13,21,8
CITY_K4R_dp_optimal_jenks,w352307869,w352312114,улица Тельмана,219.9,2,3,13,21,8
CITY_K4R_dp_optimal_jenks,w352307869,w352312119,улица Тельмана,178.9,2,3,13,21,8
CITY_K4R_dp_optimal_jenks,w352307869,w352312130,улица Тельмана,75.4,2,3,13,21,8
CITY_K4R_dp_optimal_jenks,w352307869,w352312132,улица Тельмана,76.1,2,3,13,21,8
CITY_K4R_dp_optimal_jenks,w352307869,w352312134,улица Тельмана,90.9,2,3,13,21,8
CITY_K4R_dp_optimal_jenks,w352307869,w352312135,улица Тельмана,105.0,2,3,13,21,8
CITY_K4R_dp_optimal_jenks,w352307869,w352312136,улица Тельмана,91.4,2,3,13,21,8
CITY_K4R_dp_optimal_jenks,w352307869,w352312139,улица Тельмана,85.4,2,3,13,21,8
CITY_K4R_dp_optimal_jenks,w352307869,w352313149,улица Тельмана,241.5,2,3,13,21,8
CITY_K4R_dp_optimal_jenks,w352307869,w352307875,улица Тельмана,64.5,2,3,13,21,8
CITY_K4R_dp_optimal_jenks,w352307869,w352312100,улица Тельмана,46.3,2,3,13,21,8
CITY_K4R_dp_optimal_jenks,w352307869,w352312105,улица Тельмана,72.4,2,3,13,21,8
CITY_K4R_dp_optimal_jenks,w352307869,w352312123,улица Тельмана,64.0,2,3,13,21,8
CITY_K4R_dp_optimal_jenks,w352307869,w352312124,улица Тельмана,62.9,2,3,13,21,8
CITY_K4R_dp_optimal_jenks,w352307869,w352312126,улица Тельмана,40.0,2,3,13,21,8
CITY_K4R_dp_optimal_jenks,w352307869,w352312127,улица Тельмана,62.3,2,3,13,21,8
CITY_K4R_dp_optimal_jenks,w352307869,w352312128,улица Тельмана,60.8,2,3,13,21,8
CITY_K4R_dp_optimal_jenks,w352307869,w352312131,улица Тельмана,51.9,2,3,13,21,8
CITY_K4R_dp_optimal_jenks,w352307869,w352312106,улица Тельмана,114.7,2,3,13,21,8
CITY_K4R_dp_optimal_jenks,w352307869,w352312102,улица Тельмана,79.8,2,3,13,21,8
CITY_K4R_dp_optimal_jenks,w352307870,w352312107,улица Тельмана,119.0,2,3,13,21,8
CITY_K4R_dp_optimal_jenks,w352307870,w352312109,улица Тельмана,139.7,2,3,13,21,8
CITY_K4R_dp_optimal_jenks,w352307870,w352312110,улица Тельмана,131.6,2,3,13,21,8
CITY_K4R_dp_optimal_jenks,w352307870,w352312112,улица Тельмана,114.3,2,3,13,21,8
CITY_K4R_dp_optimal_jenks,w352307870,w352312113,улица Тельмана,219.4,2,3,13,21,8
CITY_K4R_dp_optimal_jenks,w352307870,w352312114,улица Тельмана,237.9,2,3,13,21,8
CITY_K4R_dp_optimal_jenks,w352307870,w352312119,улица Тельмана,195.8,2,3,13,21,8
CITY_K4R_dp_optimal_jenks,w352307870,w352312130,улица Тельмана,89.2,2,3,13,21,8
CITY_K4R_dp_optimal_jenks,w352307870,w352312132,улица Тельмана,101.5,2,3,13,21,8
CITY_K4R_dp_optimal_jenks,w352307870,w352312134,улица Тельмана,117.7,2,3,13,21,8
CITY_K4R_dp_optimal_jenks,w352307870,w352312135,улица Тельмана,128.7,2,3,13,21,8
CITY_K4R_dp_optimal_jenks,w352307870,w352312136,улица Тельмана,114.0,2,3,13,21,8
CITY_K4R_dp_optimal_jenks,w352307870,w352312139,улица Тельмана,105.4,2,3,13,21,8
CITY_K4R_dp_optimal_jenks,w352307870,w352307875,улица Тельмана,41.8,2,3,13,21,8
CITY_K4R_dp_optimal_jenks,w352307870,w352312100,улица Тельмана,34.9,2,3,13,21,8
CITY_K4R_dp_optimal_jenks,w352307870,w352312105,улица Тельмана,63.0,2,3,13,21,8
CITY_K4R_dp_optimal_jenks,w352307870,w352312123,улица Тельмана,61.1,2,3,13,21,8
CITY_K4R_dp_optimal_jenks,w352307870,w352312124,улица Тельмана,67.8,2,3,13,21,8
CITY_K4R_dp_optimal_jenks,w352307870,w352312126,улица Тельмана,56.2,2,3,13,21,8
CITY_K4R_dp_optimal_jenks,w352307870,w352312127,улица Тельмана,71.7,2,3,13,21,8
CITY_K4R_dp_optimal_jenks,w352307870,w352312128,улица Тельмана,74.0,2,3,13,21,8
CITY_K4R_dp_optimal_jenks,w352307870,w352312131,улица Тельмана,72.9,2,3,13,21,8
CITY_K4R_dp_optimal_jenks,w352307870,w352309768,улица Тельмана,244.1,2,3,13,21,8
CITY_K4R_dp_optimal_jenks,w352307870,w352312106,улица Тельмана,113.8,2,3,13,21,8
CITY_K4R_dp_optimal_jenks,w352307870,w441951719,улица Тельмана,247.7,2,3,13,21,8
CITY_K4R_dp_optimal_jenks,w352307870,w352312102,улица Тельмана,63.7,2,3,13,21,8
CITY_K4R_dp_optimal_jenks,w352307871,w352312107,улица Тельмана,127.3,2,3,13,21,8
CITY_K4R_dp_optimal_jenks,w352307871,w352312109,улица Тельмана,155.2,2,3,13,21,8
CITY_K4R_dp_optimal_jenks,w352307871,w352312110,улица Тельмана,144.8,2,3,13,21,8
CITY_K4R_dp_optimal_jenks,w352307871,w352312112,улица Тельмана,125.1,2,3,13,21,8
CITY_K4R_dp_optimal_jenks,w352307871,w352312113,улица Тельмана,237.6,2,3,13,21,8
CITY_K4R_dp_optimal_jenks,w352307871,w352312119,улица Тельмана,212.0,2,3,13,21,8
CITY_K4R_dp_optimal_jenks,w352307871,w352312130,улица Тельмана,105.7,2,3,13,21,8
CITY_K4R_dp_optimal_jenks,w352307871,w352312132,улица Тельмана,124.6,2,3,13,21,8
CITY_K4R_dp_optimal_jenks,w352307871,w352312134,улица Тельмана,141.5,2,3,13,21,8
CITY_K4R_dp_optimal_jenks,w352307871,w352312135,улица Тельмана,150.4,2,3,13,21,8
CITY_K4R_dp_optimal_jenks,w352307871,w352312136,улица Тельмана,135.2,2,3,13,21,8
CITY_K4R_dp_optimal_jenks,w352307871,w352312139,улица Тельмана,125.1,2,3,13,21,8
CITY_K4R_dp_optimal_jenks,w352307871,w352307875,улица Тельмана,30.6,2,3,13,21,8
CITY_K4R_dp_optimal_jenks,w352307871,w352312100,улица Тельмана,41.3,2,3,13,21,8
CITY_K4R_dp_optimal_jenks,w352307871,w352312105,улица Тельмана,64.0,2,3,13,21,8
CITY_K4R_dp_optimal_jenks,w352307871,w352312123,улица Тельмана,68.2,2,3,13,21,8
CITY_K4R_dp_optimal_jenks,w352307871,w352312124,улица Тельмана,80.0,2,3,13,21,8
CITY_K4R_dp_optimal_jenks,w352307871,w352312126,улица Тельмана,76.1,2,3,13,21,8
CITY_K4R_dp_optimal_jenks,w352307871,w352312127,улица Тельмана,86.6,2,3,13,21,8
CITY_K4R_dp_optimal_jenks,w352307871,w352312128,улица Тельмана,90.9,2,3,13,21,8
CITY_K4R_dp_optimal_jenks,w352307871,w352312131,улица Тельмана,94.3,2,3,13,21,8
CITY_K4R_dp_optimal_jenks,w352307871,w352309768,улица Тельмана,236.0,2,3,13,21,8
CITY_K4R_dp_optimal_jenks,w352307871,w352312106,улица Тельмана,118.0,2,3,13,21,8
CITY_K4R_dp_optimal_jenks,w352307871,w441951719,улица Тельмана,246.3,2,3,13,21,8
CITY_K4R_dp_optimal_jenks,w352307871,w352312102,улица Тельмана,57.5,2,3,13,21,8
CITY_K4R_dp_optimal_jenks,w352307872,w352312107,улица Тельмана,134.2,2,3,13,21,8
CITY_K4R_dp_optimal_jenks,w352307872,w352312109,улица Тельмана,168.2,2,3,13,21,8
CITY_K4R_dp_optimal_jenks,w352307872,w352312110,улица Тельмана,155.8,2,3,13,21,8
CITY_K4R_dp_optimal_jenks,w352307872,w352312112,улица Тельмана,134.3,2,3,13,21,8
CITY_K4R_dp_optimal_jenks,w352307872,w352312119,улица Тельмана,225.0,2,3,13,21,8
CITY_K4R_dp_optimal_jenks,w352307872,w352312130,улица Тельмана,120.8,2,3,13,21,8
CITY_K4R_dp_optimal_jenks,w352307872,w352312132,улица Тельмана,145.4,2,3,13,21,8
CITY_K4R_dp_optimal_jenks,w352307872,w352312134,улица Тельмана,163.0,2,3,13,21,8
CITY_K4R_dp_optimal_jenks,w352307872,w352312135,улица Тельмана,169.6,2,3,13,21,8
CITY_K4R_dp_optimal_jenks,w352307872,w352312136,улица Тельмана,154.0,2,3,13,21,8
CITY_K4R_dp_optimal_jenks,w352307872,w352312139,улица Тельмана,142.6,2,3,13,21,8
CITY_K4R_dp_optimal_jenks,w352307872,w352307875,улица Тельмана,32.0,2,3,13,21,8
CITY_K4R_dp_optimal_jenks,w352307872,w352312100,улица Тельмана,54.5,2,3,13,21,8
CITY_K4R_dp_optimal_jenks,w352307872,w352312105,улица Тельмана,68.7,2,3,13,21,8
CITY_K4R_dp_optimal_jenks,w352307872,w352312123,улица Тельмана,77.6,2,3,13,21,8
CITY_K4R_dp_optimal_jenks,w352307872,w352312124,улица Тельмана,92.6,2,3,13,21,8
CITY_K4R_dp_optimal_jenks,w352307872,w352312126,улица Тельмана,95.0,2,3,13,21,8
CITY_K4R_dp_optimal_jenks,w352307872,w352312127,улица Тельмана,100.9,2,3,13,21,8
CITY_K4R_dp_optimal_jenks,w352307872,w352312128,улица Тельмана,106.9,2,3,13,21,8
CITY_K4R_dp_optimal_jenks,w352307872,w352312131,улица Тельмана,113.8,2,3,13,21,8
CITY_K4R_dp_optimal_jenks,w352307872,w352309768,улица Тельмана,225.1,2,3,13,21,8
CITY_K4R_dp_optimal_jenks,w352307872,w352312106,улица Тельмана,121.5,2,3,13,21,8
CITY_K4R_dp_optimal_jenks,w352307872,w441951719,улица Тельмана,241.7,2,3,13,21,8
CITY_K4R_dp_optimal_jenks,w352307872,w352312102,улица Тельмана,56.0,2,3,13,21,8
CITY_K4R_dp_optimal_jenks,w352307873,w352312107,Загородная улица,117.2,2,3,13,21,8
CITY_K4R_dp_optimal_jenks,w352307873,w352312109,Загородная улица,156.1,2,3,13,21,8
CITY_K4R_dp_optimal_jenks,w352307873,w352312110,Загородная улица,142.0,2,3,13,21,8
CITY_K4R_dp_optimal_jenks,w352307873,w352312112,Загородная улица,119.4,2,3,13,21,8
CITY_K4R_dp_optimal_jenks,w352307873,w352312113,Загородная улица,241.3,2,3,13,21,8
CITY_K4R_dp_optimal_jenks,w352307873,w352312119,Загородная улица,212.2,2,3,13,21,8
CITY_K4R_dp_optimal_jenks,w352307873,w352312130,Загородная улица,112.2,2,3,13,21,8
CITY_K4R_dp_optimal_jenks,w352307873,w352312132,Загородная улица,144.4,2,3,13,21,8
CITY_K4R_dp_optimal_jenks,w352307873,w352312134,Загородная улица,162.9,2,3,13,21,8
CITY_K4R_dp_optimal_jenks,w352307873,w352312135,Загородная улица,165.2,2,3,13,21,8
CITY_K4R_dp_optimal_jenks,w352307873,w352312136,Загородная улица,149.5,2,3,13,21,8
CITY_K4R_dp_optimal_jenks,w352307873,w352312139,Загородная улица,136.5,2,3,13,21,8
CITY_K4R_dp_optimal_jenks,w352307873,w352307875,Загородная улица,23.8,2,3,13,21,8
CITY_K4R_dp_optimal_jenks,w352307873,w352312100,Загородная улица,49.7,2,3,13,21,8
CITY_K4R_dp_optimal_jenks,w352307873,w352312105,Загородная улица,53.1,2,3,13,21,8
CITY_K4R_dp_optimal_jenks,w352307873,w352312123,Загородная улица,65.6,2,3,13,21,8
CITY_K4R_dp_optimal_jenks,w352307873,w352312124,Загородная улица,82.7,2,3,13,21,8
CITY_K4R_dp_optimal_jenks,w352307873,w352312126,Загородная улица,92.8,2,3,13,21,8
CITY_K4R_dp_optimal_jenks,w352307873,w352312127,Загородная улица,92.5,2,3,13,21,8
CITY_K4R_dp_optimal_jenks,w352307873,w352312128,Загородная улица,100.0,2,3,13,21,8
CITY_K4R_dp_optimal_jenks,w352307873,w352312131,Загородная улица,111.6,2,3,13,21,8
CITY_K4R_dp_optimal_jenks,w352307873,w352309768,Загородная улица,200.1,2,3,13,21,8
CITY_K4R_dp_optimal_jenks,w352307873,w352309769,Загородная улица,226.3,2,3,13,21,8
CITY_K4R_dp_optimal_jenks,w352307873,w352312106,Загородная улица,102.2,2,3,13,21,8
CITY_K4R_dp_optimal_jenks,w352307873,w441951719,Загородная улица,217.5,2,3,13,21,8
CITY_K4R_dp_optimal_jenks,w352307873,w352312102,Загородная улица,36.7,2,3,13,21,8
CITY_K4R_dp_optimal_jenks,w352307875,w352309763,Загородная улица,113.2,3,2,21,13,8
CITY_K4R_dp_optimal_jenks,w352307875,w352309767,Загородная улица,115.2,3,2,21,13,8
CITY_K4R_dp_optimal_jenks,w352307875,w352309772,Загородная улица,213.2,3,2,21,13,8
CITY_K4R_dp_optimal_jenks,w352307875,w352309774,Загородная улица,192.2,3,2,21,13,8
CITY_K4R_dp_optimal_jenks,w352307875,w352309776,Загородная улица,170.0,3,2,21,13,8
CITY_K4R_dp_optimal_jenks,w352307875,w352309779,Загородная улица,151.4,3,2,21,13,8
CITY_K4R_dp_optimal_jenks,w352307875,w352312097,Загородная улица,82.1,3,2,21,13,8
CITY_K4R_dp_optimal_jenks,w352307875,w352309081,Загородная улица,55.3,3,2,21,13,8
CITY_K4R_dp_optimal_jenks,w352307875,w352309082,Загородная улица,40.1,3,2,21,13,8
CITY_K4R_dp_optimal_jenks,w352307875,w352309084,Загородная улица,119.1,3,2,21,13,8
CITY_K4R_dp_optimal_jenks,w352307875,w352309085,Загородная улица,125.5,3,2,21,13,8
CITY_K4R_dp_optimal_jenks,w352307875,w352309529,Загородная улица,97.2,3,2,21,13,8
CITY_K4R_dp_optimal_jenks,w352307875,w352309777,Загородная улица,172.6,3,2,21,13,8
CITY_K4R_dp_optimal_jenks,w352307875,w352312092,Загородная улица,81.9,3,2,21,13,8
CITY_K4R_dp_optimal_jenks,w352307875,w352312093,Загородная улица,83.2,3,2,21,13,8
CITY_K4R_dp_optimal_jenks,w352307875,w352312096,Загородная улица,79.9,3,2,21,13,8
CITY_K4R_dp_optimal_jenks,w352307875,w352312099,Загородная улица,31.1,3,2,21,13,8
CITY_K4R_dp_optimal_jenks,w352309081,w352312107,Загородная улица,121.1,2,3,13,21,8
CITY_K4R_dp_optimal_jenks,w352309081,w352312109,Загородная улица,166.8,2,3,13,21,8
CITY_K4R_dp_optimal_jenks,w352309081,w352312110,Загородная улица,150.4,2,3,13,21,8
CITY_K4R_dp_optimal_jenks,w352309081,w352312112,Загородная улица,127.0,2,3,13,21,8
CITY_K4R_dp_optimal_jenks,w352309081,w352312119,Загородная улица,220.0,2,3,13,21,8
CITY_K4R_dp_optimal_jenks,w352309081,w352312130,Загородная улица,130.0,2,3,13,21,8
CITY_K4R_dp_optimal_jenks,w352309081,w352312132,Загородная улица,169.2,2,3,13,21,8
CITY_K4R_dp_optimal_jenks,w352309081,w352312134,Загородная улица,188.2,2,3,13,21,8
CITY_K4R_dp_optimal_jenks,w352309081,w352312135,Загородная улица,186.0,2,3,13,21,8
CITY_K4R_dp_optimal_jenks,w352309081,w352312136,Загородная улица,170.4,2,3,13,21,8
CITY_K4R_dp_optimal_jenks,w352309081,w352312139,Загородная улица,156.1,2,3,13,21,8
CITY_K4R_dp_optimal_jenks,w352309081,w352312100,Загородная улица,77.7,2,3,13,21,8
CITY_K4R_dp_optimal_jenks,w352309081,w352312105,Загородная улица,67.8,2,3,13,21,8
CITY_K4R_dp_optimal_jenks,w352309081,w352312123,Загородная улица,83.4,2,3,13,21,8
CITY_K4R_dp_optimal_jenks,w352309081,w352312124,Загородная улица,101.1,2,3,13,21,8
CITY_K4R_dp_optimal_jenks,w352309081,w352312126,Загородная улица,118.6,2,3,13,21,8
CITY_K4R_dp_optimal_jenks,w352309081,w352312127,Загородная улица,111.8,2,3,13,21,8
CITY_K4R_dp_optimal_jenks,w352309081,w352312128,Загородная улица,120.6,2,3,13,21,8
CITY_K4R_dp_optimal_jenks,w352309081,w352312131,Загородная улица,136.5,2,3,13,21,8
CITY_K4R_dp_optimal_jenks,w352309081,w352309768,Загородная улица,171.1,2,3,13,21,8
CITY_K4R_dp_optimal_jenks,w352309081,w352309769,Загородная улица,195.9,2,3,13,21,8
CITY_K4R_dp_optimal_jenks,w352309081,w352312106,Загородная улица,102.0,2,3,13,21,8
CITY_K4R_dp_optimal_jenks,w352309081,w441951719,Загородная улица,196.8,2,3,13,21,8
CITY_K4R_dp_optimal_jenks,w352309081,w352312102,Загородная улица,49.9,2,3,13,21,8
CITY_K4R_dp_optimal_jenks,w352309082,w352312107,Загородная улица,106.0,2,3,13,21,8
CITY_K4R_dp_optimal_jenks,w352309082,w352312109,Загородная улица,150.3,2,3,13,21,8
CITY_K4R_dp_optimal_jenks,w352309082,w352312110,Загородная улица,134.3,2,3,13,21,8
CITY_K4R_dp_optimal_jenks,w352309082,w352312112,Загородная улица,110.9,2,3,13,21,8
CITY_K4R_dp_optimal_jenks,w352309082,w352312113,Загородная улица,235.2,2,3,13,21,8
CITY_K4R_dp_optimal_jenks,w352309082,w352312114,Загородная улица,246.1,2,3,13,21,8
CITY_K4R_dp_optimal_jenks,w352309082,w352312119,Загородная улица,204.3,2,3,13,21,8
CITY_K4R_dp_optimal_jenks,w352309082,w352312130,Загородная улица,112.2,2,3,13,21,8
CITY_K4R_dp_optimal_jenks,w352309082,w352312132,Загородная улица,151.3,2,3,13,21,8
CITY_K4R_dp_optimal_jenks,w352309082,w352312134,Загородная улица,170.2,2,3,13,21,8
CITY_K4R_dp_optimal_jenks,w352309082,w352312135,Загородная улица,168.1,2,3,13,21,8
CITY_K4R_dp_optimal_jenks,w352309082,w352312136,Загородная улица,152.5,2,3,13,21,8
CITY_K4R_dp_optimal_jenks,w352309082,w352312139,Загородная улица,138.2,2,3,13,21,8
CITY_K4R_dp_optimal_jenks,w352309082,w352312100,Загородная улица,60.5,2,3,13,21,8
CITY_K4R_dp_optimal_jenks,w352309082,w352312105,Загородная улица,50.0,2,3,13,21,8
CITY_K4R_dp_optimal_jenks,w352309082,w352312123,Загородная улица,65.5,2,3,13,21,8
CITY_K4R_dp_optimal_jenks,w352309082,w352312124,Загородная улица,83.2,2,3,13,21,8
CITY_K4R_dp_optimal_jenks,w352309082,w352312126,Загородная улица,100.8,2,3,13,21,8
CITY_K4R_dp_optimal_jenks,w352309082,w352312127,Загородная улица,93.9,2,3,13,21,8
CITY_K4R_dp_optimal_jenks,w352309082,w352312128,Загородная улица,102.7,2,3,13,21,8
CITY_K4R_dp_optimal_jenks,w352309082,w352312131,Загородная улица,118.6,2,3,13,21,8
CITY_K4R_dp_optimal_jenks,w352309082,w352309768,Загородная улица,173.7,2,3,13,21,8
CITY_K4R_dp_optimal_jenks,w352309082,w352309769,Загородная улица,199.8,2,3,13,21,8
CITY_K4R_dp_optimal_jenks,w352309082,w352312106,Загородная улица,87.9,2,3,13,21,8
CITY_K4R_dp_optimal_jenks,w352309082,w441951719,Загородная улица,193.2,2,3,13,21,8
CITY_K4R_dp_optimal_jenks,w352309082,w352312102,Загородная улица,32.0,2,3,13,21,8
CITY_K4R_dp_optimal_jenks,w352309084,w352312107,улица Пирогова,109.8,2,3,13,21,8
CITY_K4R_dp_optimal_jenks,w352309084,w352312109,улица Пирогова,159.4,2,3,13,21,8
CITY_K4R_dp_optimal_jenks,w352309084,w352312110,улица Пирогова,141.0,2,3,13,21,8
CITY_K4R_dp_optimal_jenks,w352309084,w352312112,улица Пирогова,122.0,2,3,13,21,8
CITY_K4R_dp_optimal_jenks,w352309084,w352312113,улица Пирогова,232.8,2,3,13,21,8
CITY_K4R_dp_optimal_jenks,w352309084,w352312114,улица Пирогова,234.4,2,3,13,21,8
CITY_K4R_dp_optimal_jenks,w352309084,w352312119,улица Пирогова,198.9,2,3,13,21,8
CITY_K4R_dp_optimal_jenks,w352309084,w352312130,улица Пирогова,146.2,2,3,13,21,8
CITY_K4R_dp_optimal_jenks,w352309084,w352312132,улица Пирогова,194.7,2,3,13,21,8
CITY_K4R_dp_optimal_jenks,w352309084,w352312134,улица Пирогова,212.7,2,3,13,21,8
CITY_K4R_dp_optimal_jenks,w352309084,w352312135,улица Пирогова,199.4,2,3,13,21,8
CITY_K4R_dp_optimal_jenks,w352309084,w352312136,улица Пирогова,186.4,2,3,13,21,8
CITY_K4R_dp_optimal_jenks,w352309084,w352312139,улица Пирогова,171.1,2,3,13,21,8
CITY_K4R_dp_optimal_jenks,w352309084,w352313148,улица Пирогова,247.2,2,3,13,21,8
CITY_K4R_dp_optimal_jenks,w352309084,w352313149,улица Пирогова,232.1,2,3,13,21,8
CITY_K4R_dp_optimal_jenks,w352309084,w352312100,улица Пирогова,128.7,2,3,13,21,8
CITY_K4R_dp_optimal_jenks,w352309084,w352312105,улица Пирогова,102.9,2,3,13,21,8
CITY_K4R_dp_optimal_jenks,w352309084,w352312123,улица Пирогова,115.1,2,3,13,21,8
CITY_K4R_dp_optimal_jenks,w352309084,w352312124,улица Пирогова,126.9,2,3,13,21,8
CITY_K4R_dp_optimal_jenks,w352309084,w352312126,улица Пирогова,154.9,2,3,13,21,8
CITY_K4R_dp_optimal_jenks,w352309084,w352312127,улица Пирогова,136.1,2,3,13,21,8
CITY_K4R_dp_optimal_jenks,w352309084,w352312128,улица Пирогова,145.2,2,3,13,21,8
CITY_K4R_dp_optimal_jenks,w352309084,w352312131,улица Пирогова,167.2,2,3,13,21,8
CITY_K4R_dp_optimal_jenks,w352309084,w352309768,улица Пирогова,89.4,2,3,13,21,8
CITY_K4R_dp_optimal_jenks,w352309084,w352309769,улица Пирогова,115.2,2,3,13,21,8
CITY_K4R_dp_optimal_jenks,w352309084,w352312106,улица Пирогова,89.7,2,3,13,21,8
CITY_K4R_dp_optimal_jenks,w352309084,w352313152,улица Пирогова,206.1,2,3,13,21,8
CITY_K4R_dp_optimal_jenks,w352309084,w352313153,улица Пирогова,208.2,2,3,13,21,8
CITY_K4R_dp_optimal_jenks,w352309084,w352313154,улица Пирогова,224.8,2,3,13,21,8
CITY_K4R_dp_optimal_jenks,w352309084,w352313155,улица Пирогова,223.1,2,3,13,21,8
CITY_K4R_dp_optimal_jenks,w352309084,w352313157,улица Пирогова,237.0,2,3,13,21,8
CITY_K4R_dp_optimal_jenks,w352309084,w352313159,улица Пирогова,224.0,2,3,13,21,8
CITY_K4R_dp_optimal_jenks,w352309084,w352313160,улица Пирогова,223.5,2,3,13,21,8
CITY_K4R_dp_optimal_jenks,w352309084,w352313729,улица Пирогова,239.9,2,3,13,21,8
CITY_K4R_dp_optimal_jenks,w352309084,w352470475,улица Пирогова,247.4,2,3,13,21,8
CITY_K4R_dp_optimal_jenks,w352309084,w352470477,улица Пирогова,235.9,2,3,13,21,8
CITY_K4R_dp_optimal_jenks,w352309084,w352470478,улица Пирогова,223.8,2,3,13,21,8
CITY_K4R_dp_optimal_jenks,w352309084,w352470810,улица Пирогова,249.2,2,3,13,21,8
CITY_K4R_dp_optimal_jenks,w352309084,w352470814,улица Пирогова,244.9,2,3,13,21,8
CITY_K4R_dp_optimal_jenks,w352309084,w441951719,улица Пирогова,120.4,2,3,13,21,8
CITY_K4R_dp_optimal_jenks,w352309084,w352312102,улица Пирогова,95.9,2,3,13,21,8
CITY_K4R_dp_optimal_jenks,w352309085,w352312107,улица Пирогова,123.8,2,3,13,21,8
CITY_K4R_dp_optimal_jenks,w352309085,w352312109,улица Пирогова,173.6,2,3,13,21,8
CITY_K4R_dp_optimal_jenks,w352309085,w352312110,улица Пирогова,155.1,2,3,13,21,8
CITY_K4R_dp_optimal_jenks,w352309085,w352312112,улица Пирогова,135.8,2,3,13,21,8
CITY_K4R_dp_optimal_jenks,w352309085,w352312113,улица Пирогова,247.1,2,3,13,21,8
CITY_K4R_dp_optimal_jenks,w352309085,w352312114,улица Пирогова,248.6,2,3,13,21,8
CITY_K4R_dp_optimal_jenks,w352309085,w352312119,улица Пирогова,213.3,2,3,13,21,8
CITY_K4R_dp_optimal_jenks,w352309085,w352312130,улица Пирогова,159.0,2,3,13,21,8
CITY_K4R_dp_optimal_jenks,w352309085,w352312132,улица Пирогова,207.2,2,3,13,21,8
CITY_K4R_dp_optimal_jenks,w352309085,w352312134,улица Пирогова,225.4,2,3,13,21,8
CITY_K4R_dp_optimal_jenks,w352309085,w352312135,улица Пирогова,212.8,2,3,13,21,8
CITY_K4R_dp_optimal_jenks,w352309085,w352312136,улица Пирогова,199.6,2,3,13,21,8
CITY_K4R_dp_optimal_jenks,w352309085,w352312139,улица Пирогова,184.2,2,3,13,21,8
CITY_K4R_dp_optimal_jenks,w352309085,w352313149,улица Пирогова,245.9,2,3,13,21,8
CITY_K4R_dp_optimal_jenks,w352309085,w352312100,улица Пирогова,137.3,2,3,13,21,8
CITY_K4R_dp_optimal_jenks,w352309085,w352312105,улица Пирогова,112.8,2,3,13,21,8
CITY_K4R_dp_optimal_jenks,w352309085,w352312123,улица Пирогова,125.8,2,3,13,21,8
CITY_K4R_dp_optimal_jenks,w352309085,w352312124,улица Пирогова,138.6,2,3,13,21,8
CITY_K4R_dp_optimal_jenks,w352309085,w352312126,улица Пирогова,165.9,2,3,13,21,8
CITY_K4R_dp_optimal_jenks,w352309085,w352312127,улица Пирогова,148.1,2,3,13,21,8
CITY_K4R_dp_optimal_jenks,w352309085,w352312128,улица Пирогова,157.3,2,3,13,21,8
CITY_K4R_dp_optimal_jenks,w352309085,w352312131,улица Пирогова,179.0,2,3,13,21,8
CITY_K4R_dp_optimal_jenks,w352309085,w352309768,улица Пирогова,89.3,2,3,13,21,8
CITY_K4R_dp_optimal_jenks,w352309085,w352309769,улица Пирогова,113.0,2,3,13,21,8
CITY_K4R_dp_optimal_jenks,w352309085,w352312106,улица Пирогова,103.5,2,3,13,21,8
CITY_K4R_dp_optimal_jenks,w352309085,w352313152,улица Пирогова,214.0,2,3,13,21,8
CITY_K4R_dp_optimal_jenks,w352309085,w352313153,улица Пирогова,218.1,2,3,13,21,8
CITY_K4R_dp_optimal_jenks,w352309085,w352313154,улица Пирогова,234.1,2,3,13,21,8
CITY_K4R_dp_optimal_jenks,w352309085,w352313155,улица Пирогова,230.4,2,3,13,21,8
CITY_K4R_dp_optimal_jenks,w352309085,w352313157,улица Пирогова,243.9,2,3,13,21,8
CITY_K4R_dp_optimal_jenks,w352309085,w352313159,улица Пирогова,229.0,2,3,13,21,8
CITY_K4R_dp_optimal_jenks,w352309085,w352313160,улица Пирогова,227.4,2,3,13,21,8
CITY_K4R_dp_optimal_jenks,w352309085,w352313729,улица Пирогова,248.5,2,3,13,21,8
CITY_K4R_dp_optimal_jenks,w352309085,w352470477,улица Пирогова,246.9,2,3,13,21,8
CITY_K4R_dp_optimal_jenks,w352309085,w352470478,улица Пирогова,234.5,2,3,13,21,8
CITY_K4R_dp_optimal_jenks,w352309085,w352470814,улица Пирогова,247.3,2,3,13,21,8
CITY_K4R_dp_optimal_jenks,w352309085,w441951719,улица Пирогова,127.8,2,3,13,21,8
CITY_K4R_dp_optimal_jenks,w352309085,w352312102,улица Пирогова,104.0,2,3,13,21,8
CITY_K4R_dp_optimal_jenks,w352309529,w352312107,улица Пирогова,115.0,2,3,13,21,8
CITY_K4R_dp_optimal_jenks,w352309529,w352312109,улица Пирогова,165.3,2,3,13,21,8
CITY_K4R_dp_optimal_jenks,w352309529,w352312110,улица Пирогова,147.0,2,3,13,21,8
CITY_K4R_dp_optimal_jenks,w352309529,w352312112,улица Пирогова,125.4,2,3,13,21,8
CITY_K4R_dp_optimal_jenks,w352309529,w352312113,улица Пирогова,244.3,2,3,13,21,8
CITY_K4R_dp_optimal_jenks,w352309529,w352312114,улица Пирогова,249.0,2,3,13,21,8
CITY_K4R_dp_optimal_jenks,w352309529,w352312119,улица Пирогова,210.9,2,3,13,21,8
CITY_K4R_dp_optimal_jenks,w352309529,w352312130,улица Пирогова,142.7,2,3,13,21,8
CITY_K4R_dp_optimal_jenks,w352309529,w352312132,улица Пирогова,189.2,2,3,13,21,8
CITY_K4R_dp_optimal_jenks,w352309529,w352312134,улица Пирогова,207.9,2,3,13,21,8
CITY_K4R_dp_optimal_jenks,w352309529,w352312135,улица Пирогова,198.5,2,3,13,21,8
CITY_K4R_dp_optimal_jenks,w352309529,w352312136,улица Пирогова,184.2,2,3,13,21,8
CITY_K4R_dp_optimal_jenks,w352309529,w352312139,улица Пирогова,168.9,2,3,13,21,8
CITY_K4R_dp_optimal_jenks,w352309529,w352312100,улица Пирогова,111.6,2,3,13,21,8
CITY_K4R_dp_optimal_jenks,w352309529,w352312105,улица Пирогова,89.6,2,3,13,21,8
CITY_K4R_dp_optimal_jenks,w352309529,w352312123,улица Пирогова,104.0,2,3,13,21,8
CITY_K4R_dp_optimal_jenks,w352309529,w352312124,улица Пирогова,118.8,2,3,13,21,8
CITY_K4R_dp_optimal_jenks,w352309529,w352312126,улица Пирогова,144.2,2,3,13,21,8
CITY_K4R_dp_optimal_jenks,w352309529,w352312127,улица Пирогова,129.1,2,3,13,21,8
CITY_K4R_dp_optimal_jenks,w352309529,w352312128,улица Пирогова,138.5,2,3,13,21,8
CITY_K4R_dp_optimal_jenks,w352309529,w352312131,улица Пирогова,159.0,2,3,13,21,8
CITY_K4R_dp_optimal_jenks,w352309529,w352309768,улица Пирогова,118.6,2,3,13,21,8
CITY_K4R_dp_optimal_jenks,w352309529,w352309769,улица Пирогова,143.0,2,3,13,21,8
CITY_K4R_dp_optimal_jenks,w352309529,w352312106,улица Пирогова,93.8,2,3,13,21,8
CITY_K4R_dp_optimal_jenks,w352309529,w352313152,улица Пирогова,235.9,2,3,13,21,8
CITY_K4R_dp_optimal_jenks,w352309529,w352313153,улица Пирогова,236.3,2,3,13,21,8
CITY_K4R_dp_optimal_jenks,w352309529,w441951719,улица Пирогова,150.6,2,3,13,21,8
CITY_K4R_dp_optimal_jenks,w352309529,w352312102,улица Пирогова,78.1,2,3,13,21,8
CITY_K4R_dp_optimal_jenks,w352309763,w352470466,улица Пирогова,243.1,2,3,13,21,8
CITY_K4R_dp_optimal_jenks,w352309763,w352312107,улица Пирогова,55.0,2,3,13,21,8
CITY_K4R_dp_optimal_jenks,w352309763,w352312109,улица Пирогова,101.7,2,3,13,21,8
CITY_K4R_dp_optimal_jenks,w352309763,w352312110,улица Пирогова,83.7,2,3,13,21,8
CITY_K4R_dp_optimal_jenks,w352309763,w352312112,улица Пирогова,68.3,2,3,13,21,8
CITY_K4R_dp_optimal_jenks,w352309763,w352312113,улица Пирогова,172.6,2,3,13,21,8
CITY_K4R_dp_optimal_jenks,w352309763,w352312114,улица Пирогова,174.8,2,3,13,21,8
CITY_K4R_dp_optimal_jenks,w352309763,w352312119,улица Пирогова,138.8,2,3,13,21,8
CITY_K4R_dp_optimal_jenks,w352309763,w352312130,улица Пирогова,99.9,2,3,13,21,8
CITY_K4R_dp_optimal_jenks,w352309763,w352312132,улица Пирогова,148.5,2,3,13,21,8
CITY_K4R_dp_optimal_jenks,w352309763,w352312134,улица Пирогова,164.8,2,3,13,21,8
CITY_K4R_dp_optimal_jenks,w352309763,w352312135,улица Пирогова,147.1,2,3,13,21,8
CITY_K4R_dp_optimal_jenks,w352309763,w352312136,улица Пирогова,136.0,2,3,13,21,8
CITY_K4R_dp_optimal_jenks,w352309763,w352312139,улица Пирогова,121.3,2,3,13,21,8
CITY_K4R_dp_optimal_jenks,w352309763,w352313147,улица Пирогова,206.1,2,3,13,21,8
CITY_K4R_dp_optimal_jenks,w352309763,w352313148,улица Пирогова,191.5,2,3,13,21,8
CITY_K4R_dp_optimal_jenks,w352309763,w352313149,улица Пирогова,174.6,2,3,13,21,8
CITY_K4R_dp_optimal_jenks,w352309763,w352312100,улица Пирогова,109.8,2,3,13,21,8
CITY_K4R_dp_optimal_jenks,w352309763,w352312105,улица Пирогова,81.6,2,3,13,21,8
CITY_K4R_dp_optimal_jenks,w352309763,w352312123,улица Пирогова,86.3,2,3,13,21,8
CITY_K4R_dp_optimal_jenks,w352309763,w352312124,улица Пирогова,90.4,2,3,13,21,8
CITY_K4R_dp_optimal_jenks,w352309763,w352312126,улица Пирогова,119.6,2,3,13,21,8
CITY_K4R_dp_optimal_jenks,w352309763,w352312127,улица Пирогова,96.5,2,3,13,21,8
CITY_K4R_dp_optimal_jenks,w352309763,w352312128,улица Пирогова,104.1,2,3,13,21,8
CITY_K4R_dp_optimal_jenks,w352309763,w352312131,улица Пирогова,126.6,2,3,13,21,8
CITY_K4R_dp_optimal_jenks,w352309763,w352313728,улица Пирогова,243.8,2,3,13,21,8
CITY_K4R_dp_optimal_jenks,w352309763,w352309768,улица Пирогова,109.4,2,3,13,21,8
CITY_K4R_dp_optimal_jenks,w352309763,w352309769,улица Пирогова,138.3,2,3,13,21,8
CITY_K4R_dp_optimal_jenks,w352309763,w352312106,улица Пирогова,39.7,2,3,13,21,8
CITY_K4R_dp_optimal_jenks,w352309763,w352313152,улица Пирогова,179.1,2,3,13,21,8
CITY_K4R_dp_optimal_jenks,w352309763,w352313153,улица Пирогова,171.4,2,3,13,21,8
CITY_K4R_dp_optimal_jenks,w352309763,w352313154,улица Пирогова,190.5,2,3,13,21,8
CITY_K4R_dp_optimal_jenks,w352309763,w352313155,улица Пирогова,198.1,2,3,13,21,8
CITY_K4R_dp_optimal_jenks,w352309763,w352313157,улица Пирогова,213.4,2,3,13,21,8
CITY_K4R_dp_optimal_jenks,w352309763,w352313159,улица Пирогова,209.5,2,3,13,21,8
CITY_K4R_dp_optimal_jenks,w352309763,w352313160,улица Пирогова,213.9,2,3,13,21,8
CITY_K4R_dp_optimal_jenks,w352309763,w352313729,улица Пирогова,208.4,2,3,13,21,8
CITY_K4R_dp_optimal_jenks,w352309763,w352313730,улица Пирогова,221.7,2,3,13,21,8
CITY_K4R_dp_optimal_jenks,w352309763,w352470475,улица Пирогова,201.4,2,3,13,21,8
CITY_K4R_dp_optimal_jenks,w352309763,w352470477,улица Пирогова,192.1,2,3,13,21,8
CITY_K4R_dp_optimal_jenks,w352309763,w352470478,улица Пирогова,181.9,2,3,13,21,8
CITY_K4R_dp_optimal_jenks,w352309763,w352470802,улица Пирогова,245.5,2,3,13,21,8
CITY_K4R_dp_optimal_jenks,w352309763,w352470806,улица Пирогова,239.6,2,3,13,21,8
CITY_K4R_dp_optimal_jenks,w352309763,w352470809,улица Пирогова,237.3,2,3,13,21,8
CITY_K4R_dp_optimal_jenks,w352309763,w352470810,улица Пирогова,239.4,2,3,13,21,8
CITY_K4R_dp_optimal_jenks,w352309763,w352470814,улица Пирогова,241.1,2,3,13,21,8
CITY_K4R_dp_optimal_jenks,w352309763,w441951719,улица Пирогова,103.2,2,3,13,21,8
CITY_K4R_dp_optimal_jenks,w352309763,w352312102,улица Пирогова,86.2,2,3,13,21,8
CITY_K4R_dp_optimal_jenks,w352309767,w352312107,переулок Пирогова,82.9,2,3,13,21,8
CITY_K4R_dp_optimal_jenks,w352309767,w352312109,переулок Пирогова,131.5,2,3,13,21,8
CITY_K4R_dp_optimal_jenks,w352309767,w352312110,переулок Пирогова,113.2,2,3,13,21,8
CITY_K4R_dp_optimal_jenks,w352309767,w352312112,переулок Пирогова,95.8,2,3,13,21,8
CITY_K4R_dp_optimal_jenks,w352309767,w352312113,переулок Пирогова,203.1,2,3,13,21,8
CITY_K4R_dp_optimal_jenks,w352309767,w352312114,переулок Пирогова,204.5,2,3,13,21,8
CITY_K4R_dp_optimal_jenks,w352309767,w352312119,переулок Пирогова,169.3,2,3,13,21,8
CITY_K4R_dp_optimal_jenks,w352309767,w352312130,переулок Пирогова,123.7,2,3,13,21,8
CITY_K4R_dp_optimal_jenks,w352309767,w352312132,переулок Пирогова,172.7,2,3,13,21,8
CITY_K4R_dp_optimal_jenks,w352309767,w352312134,переулок Пирогова,189.9,2,3,13,21,8
CITY_K4R_dp_optimal_jenks,w352309767,w352312135,переулок Пирогова,174.4,2,3,13,21,8
CITY_K4R_dp_optimal_jenks,w352309767,w352312136,переулок Пирогова,162.3,2,3,13,21,8
CITY_K4R_dp_optimal_jenks,w352309767,w352312139,переулок Пирогова,147.2,2,3,13,21,8
CITY_K4R_dp_optimal_jenks,w352309767,w352313147,переулок Пирогова,231.2,2,3,13,21,8
CITY_K4R_dp_optimal_jenks,w352309767,w352313148,переулок Пирогова,218.3,2,3,13,21,8
CITY_K4R_dp_optimal_jenks,w352309767,w352313149,переулок Пирогова,202.7,2,3,13,21,8
CITY_K4R_dp_optimal_jenks,w352309767,w352312100,переулок Пирогова,118.6,2,3,13,21,8
CITY_K4R_dp_optimal_jenks,w352309767,w352312105,переулок Пирогова,90.7,2,3,13,21,8
CITY_K4R_dp_optimal_jenks,w352309767,w352312123,переулок Пирогова,99.9,2,3,13,21,8
CITY_K4R_dp_optimal_jenks,w352309767,w352312124,переулок Пирогова,108.6,2,3,13,21,8
CITY_K4R_dp_optimal_jenks,w352309767,w352312126,переулок Пирогова,137.6,2,3,13,21,8
CITY_K4R_dp_optimal_jenks,w352309767,w352312127,переулок Пирогова,116.5,2,3,13,21,8
CITY_K4R_dp_optimal_jenks,w352309767,w352312128,переулок Пирогова,125.1,2,3,13,21,8
CITY_K4R_dp_optimal_jenks,w352309767,w352312131,переулок Пирогова,147.6,2,3,13,21,8
CITY_K4R_dp_optimal_jenks,w352309767,w352309768,переулок Пирогова,92.4,2,3,13,21,8
CITY_K4R_dp_optimal_jenks,w352309767,w352309769,переулок Пирогова,120.8,2,3,13,21,8
CITY_K4R_dp_optimal_jenks,w352309767,w352312106,переулок Пирогова,64.3,2,3,13,21,8
CITY_K4R_dp_optimal_jenks,w352309767,w352313152,переулок Пирогова,188.3,2,3,13,21,8
CITY_K4R_dp_optimal_jenks,w352309767,w352313153,переулок Пирогова,186.3,2,3,13,21,8
CITY_K4R_dp_optimal_jenks,w352309767,w352313154,переулок Пирогова,204.0,2,3,13,21,8
CITY_K4R_dp_optimal_jenks,w352309767,w352313155,переулок Пирогова,206.3,2,3,13,21,8
CITY_K4R_dp_optimal_jenks,w352309767,w352313157,переулок Пирогова,221.0,2,3,13,21,8
CITY_K4R_dp_optimal_jenks,w352309767,w352313159,переулок Пирогова,212.0,2,3,13,21,8
CITY_K4R_dp_optimal_jenks,w352309767,w352313160,переулок Пирогова,213.9,2,3,13,21,8
CITY_K4R_dp_optimal_jenks,w352309767,w352313729,переулок Пирогова,220.5,2,3,13,21,8
CITY_K4R_dp_optimal_jenks,w352309767,w352313730,переулок Пирогова,232.8,2,3,13,21,8
CITY_K4R_dp_optimal_jenks,w352309767,w352470475,переулок Пирогова,222.0,2,3,13,21,8
CITY_K4R_dp_optimal_jenks,w352309767,w352470477,переулок Пирогова,211.3,2,3,13,21,8
CITY_K4R_dp_optimal_jenks,w352309767,w352470478,переулок Пирогова,199.9,2,3,13,21,8
CITY_K4R_dp_optimal_jenks,w352309767,w352470806,переулок Пирогова,243.0,2,3,13,21,8
CITY_K4R_dp_optimal_jenks,w352309767,w352470809,переулок Пирогова,239.2,2,3,13,21,8
CITY_K4R_dp_optimal_jenks,w352309767,w352470810,переулок Пирогова,239.7,2,3,13,21,8
CITY_K4R_dp_optimal_jenks,w352309767,w352470814,переулок Пирогова,238.3,2,3,13,21,8
CITY_K4R_dp_optimal_jenks,w352309767,w441951719,переулок Пирогова,105.4,2,3,13,21,8
CITY_K4R_dp_optimal_jenks,w352309767,w352312102,переулок Пирогова,89.0,2,3,13,21,8
CITY_K4R_dp_optimal_jenks,w352309768,w352309772,переулок Пирогова,36.8,3,2,21,13,8
CITY_K4R_dp_optimal_jenks,w352309768,w352309774,переулок Пирогова,39.4,3,2,21,13,8
CITY_K4R_dp_optimal_jenks,w352309768,w352309776,переулок Пирогова,36.2,3,2,21,13,8
CITY_K4R_dp_optimal_jenks,w352309768,w352309779,переулок Пирогова,55.3,3,2,21,13,8
CITY_K4R_dp_optimal_jenks,w352309768,w352312097,переулок Пирогова,139.9,3,2,21,13,8
CITY_K4R_dp_optimal_jenks,w352309768,w352309777,переулок Пирогова,50.5,3,2,21,13,8
CITY_K4R_dp_optimal_jenks,w352309768,w352312092,переулок Пирогова,124.7,3,2,21,13,8
CITY_K4R_dp_optimal_jenks,w352309768,w352312093,переулок Пирогова,123.8,3,2,21,13,8
CITY_K4R_dp_optimal_jenks,w352309768,w352312096,переулок Пирогова,132.9,3,2,21,13,8
CITY_K4R_dp_optimal_jenks,w352309768,w352312099,переулок Пирогова,175.8,3,2,21,13,8
CITY_K4R_dp_optimal_jenks,w352309769,w352309772,улица Менделеева,35.2,3,2,21,13,8
CITY_K4R_dp_optimal_jenks,w352309769,w352309774,улица Менделеева,51.1,3,2,21,13,8
CITY_K4R_dp_optimal_jenks,w352309769,w352309776,улица Менделеева,63.2,3,2,21,13,8
CITY_K4R_dp_optimal_jenks,w352309769,w352309779,улица Менделеева,81.9,3,2,21,13,8
CITY_K4R_dp_optimal_jenks,w352309769,w352312097,улица Менделеева,168.7,3,2,21,13,8
CITY_K4R_dp_optimal_jenks,w352309769,w352309777,улица Менделеева,68.5,3,2,21,13,8
CITY_K4R_dp_optimal_jenks,w352309769,w352312092,улица Менделеева,151.5,3,2,21,13,8
CITY_K4R_dp_optimal_jenks,w352309769,w352312093,улица Менделеева,151.8,3,2,21,13,8
CITY_K4R_dp_optimal_jenks,w352309769,w352312096,улица Менделеева,161.4,3,2,21,13,8
CITY_K4R_dp_optimal_jenks,w352309769,w352312099,улица Менделеева,202.8,3,2,21,13,8
CITY_K4R_dp_optimal_jenks,w352309772,w352312107,улица Франко,186.2,2,3,13,21,8
CITY_K4R_dp_optimal_jenks,w352309772,w352312109,улица Франко,229.7,2,3,13,21,8
CITY_K4R_dp_optimal_jenks,w352309772,w352312110,улица Франко,212.7,2,3,13,21,8
CITY_K4R_dp_optimal_jenks,w352309772,w352312112,улица Франко,199.5,2,3,13,21,8
CITY_K4R_dp_optimal_jenks,w352309772,w352312130,улица Франко,230.6,2,3,13,21,8
CITY_K4R_dp_optimal_jenks,w352309772,w352312100,улица Франко,222.5,2,3,13,21,8
CITY_K4R_dp_optimal_jenks,w352309772,w352312105,улица Франко,196.0,2,3,13,21,8
CITY_K4R_dp_optimal_jenks,w352309772,w352312123,улица Франко,206.8,2,3,13,21,8
CITY_K4R_dp_optimal_jenks,w352309772,w352312124,улица Франко,216.3,2,3,13,21,8
CITY_K4R_dp_optimal_jenks,w352309772,w352312126,улица Франко,245.3,2,3,13,21,8
CITY_K4R_dp_optimal_jenks,w352309772,w352312127,улица Франко,224.3,2,3,13,21,8
CITY_K4R_dp_optimal_jenks,w352309772,w352312128,улица Франко,232.8,2,3,13,21,8
CITY_K4R_dp_optimal_jenks,w352309772,w352313728,улица Франко,235.9,2,3,13,21,8
CITY_K4R_dp_optimal_jenks,w352309772,w532912846,улица Франко,241.1,2,3,13,21,8
CITY_K4R_dp_optimal_jenks,w352309772,w352312106,улица Франко,170.4,2,3,13,21,8
CITY_K4R_dp_optimal_jenks,w352309772,w352313152,улица Франко,177.7,2,3,13,21,8
CITY_K4R_dp_optimal_jenks,w352309772,w352313153,улица Франко,196.4,2,3,13,21,8
CITY_K4R_dp_optimal_jenks,w352309772,w352313154,улица Франко,205.9,2,3,13,21,8
CITY_K4R_dp_optimal_jenks,w352309772,w352313155,улица Франко,188.8,2,3,13,21,8
CITY_K4R_dp_optimal_jenks,w352309772,w352313157,улица Франко,198.5,2,3,13,21,8
CITY_K4R_dp_optimal_jenks,w352309772,w352313159,улица Франко,173.2,2,3,13,21,8
CITY_K4R_dp_optimal_jenks,w352309772,w352313160,улица Франко,165.6,2,3,13,21,8
CITY_K4R_dp_optimal_jenks,w352309772,w352313729,улица Франко,214.1,2,3,13,21,8
CITY_K4R_dp_optimal_jenks,w352309772,w352313730,улица Франко,221.4,2,3,13,21,8
CITY_K4R_dp_optimal_jenks,w352309772,w352470475,улица Франко,248.4,2,3,13,21,8
CITY_K4R_dp_optimal_jenks,w352309772,w352470477,улица Франко,233.4,2,3,13,21,8
CITY_K4R_dp_optimal_jenks,w352309772,w352470478,улица Франко,219.0,2,3,13,21,8
CITY_K4R_dp_optimal_jenks,w352309772,w352470802,улица Франко,217.4,2,3,13,21,8
CITY_K4R_dp_optimal_jenks,w352309772,w352470806,улица Франко,202.7,2,3,13,21,8
CITY_K4R_dp_optimal_jenks,w352309772,w352470809,улица Франко,193.9,2,3,13,21,8
CITY_K4R_dp_optimal_jenks,w352309772,w352470810,улица Франко,188.8,2,3,13,21,8
CITY_K4R_dp_optimal_jenks,w352309772,w352470814,улица Франко,177.1,2,3,13,21,8
CITY_K4R_dp_optimal_jenks,w352309772,w441951719,улица Франко,103.3,2,3,13,21,8
CITY_K4R_dp_optimal_jenks,w352309772,w352312102,улица Франко,190.1,2,3,13,21,8
CITY_K4R_dp_optimal_jenks,w352309774,w352312107,улица Франко,169.5,2,3,13,21,8
CITY_K4R_dp_optimal_jenks,w352309774,w352312109,улица Франко,214.7,2,3,13,21,8
CITY_K4R_dp_optimal_jenks,w352309774,w352312110,улица Франко,197.3,2,3,13,21,8
CITY_K4R_dp_optimal_jenks,w352309774,w352312112,улица Франко,182.8,2,3,13,21,8
CITY_K4R_dp_optimal_jenks,w352309774,w352312119,улица Франко,241.9,2,3,13,21,8
CITY_K4R_dp_optimal_jenks,w352309774,w352312130,улица Франко,212.6,2,3,13,21,8
CITY_K4R_dp_optimal_jenks,w352309774,w352312139,улица Франко,235.5,2,3,13,21,8
CITY_K4R_dp_optimal_jenks,w352309774,w352312100,улица Франко,202.0,2,3,13,21,8
CITY_K4R_dp_optimal_jenks,w352309774,w352312105,улица Франко,175.8,2,3,13,21,8
CITY_K4R_dp_optimal_jenks,w352309774,w352312123,улица Франко,187.0,2,3,13,21,8
CITY_K4R_dp_optimal_jenks,w352309774,w352312124,улица Франко,197.2,2,3,13,21,8
CITY_K4R_dp_optimal_jenks,w352309774,w352312126,улица Франко,225.9,2,3,13,21,8
CITY_K4R_dp_optimal_jenks,w352309774,w352312127,улица Франко,205.5,2,3,13,21,8
CITY_K4R_dp_optimal_jenks,w352309774,w352312128,улица Франко,214.1,2,3,13,21,8
CITY_K4R_dp_optimal_jenks,w352309774,w352312131,улица Франко,236.6,2,3,13,21,8
CITY_K4R_dp_optimal_jenks,w352309774,w352313728,улица Франко,244.6,2,3,13,21,8
CITY_K4R_dp_optimal_jenks,w352309774,w352312106,улица Франко,152.7,2,3,13,21,8
CITY_K4R_dp_optimal_jenks,w352309774,w352313152,улица Франко,183.8,2,3,13,21,8
CITY_K4R_dp_optimal_jenks,w352309774,w352313153,улица Франко,198.8,2,3,13,21,8
CITY_K4R_dp_optimal_jenks,w352309774,w352313154,улица Франко,210.2,2,3,13,21,8
CITY_K4R_dp_optimal_jenks,w352309774,w352313155,улица Франко,196.5,2,3,13,21,8
CITY_K4R_dp_optimal_jenks,w352309774,w352313157,улица Франко,207.4,2,3,13,21,8
CITY_K4R_dp_optimal_jenks,w352309774,w352313159,улица Франко,184.7,2,3,13,21,8
CITY_K4R_dp_optimal_jenks,w352309774,w352313160,улица Франко,178.8,2,3,13,21,8
CITY_K4R_dp_optimal_jenks,w352309774,w352313729,улица Франко,220.2,2,3,13,21,8
CITY_K4R_dp_optimal_jenks,w352309774,w352313730,улица Франко,228.5,2,3,13,21,8
CITY_K4R_dp_optimal_jenks,w352309774,w352470475,улица Франко,248.7,2,3,13,21,8
CITY_K4R_dp_optimal_jenks,w352309774,w352470477,улица Франко,234.2,2,3,13,21,8
CITY_K4R_dp_optimal_jenks,w352309774,w352470478,улица Франко,220.2,2,3,13,21,8
CITY_K4R_dp_optimal_jenks,w352309774,w352470802,улица Франко,228.7,2,3,13,21,8
CITY_K4R_dp_optimal_jenks,w352309774,w352470806,улица Франко,215.1,2,3,13,21,8
CITY_K4R_dp_optimal_jenks,w352309774,w352470809,улица Франко,207.0,2,3,13,21,8
CITY_K4R_dp_optimal_jenks,w352309774,w352470810,улица Франко,202.9,2,3,13,21,8
CITY_K4R_dp_optimal_jenks,w352309774,w352470814,улица Франко,192.9,2,3,13,21,8
CITY_K4R_dp_optimal_jenks,w352309774,w441951719,улица Франко,103.6,2,3,13,21,8
CITY_K4R_dp_optimal_jenks,w352309774,w352312102,улица Франко,169.4,2,3,13,21,8
CITY_K4R_dp_optimal_jenks,w352309776,w352312107,переулок Пирогова,134.9,2,3,13,21,8
CITY_K4R_dp_optimal_jenks,w352309776,w352312109,переулок Пирогова,178.9,2,3,13,21,8
CITY_K4R_dp_optimal_jenks,w352309776,w352312110,переулок Пирогова,161.7,2,3,13,21,8
CITY_K4R_dp_optimal_jenks,w352309776,w352312112,переулок Пирогова,148.3,2,3,13,21,8
CITY_K4R_dp_optimal_jenks,w352309776,w352312113,переулок Пирогова,238.6,2,3,13,21,8
CITY_K4R_dp_optimal_jenks,w352309776,w352312114,переулок Пирогова,234.2,2,3,13,21,8
CITY_K4R_dp_optimal_jenks,w352309776,w352312119,переулок Пирогова,205.6,2,3,13,21,8
CITY_K4R_dp_optimal_jenks,w352309776,w352312130,переулок Пирогова,179.6,2,3,13,21,8
CITY_K4R_dp_optimal_jenks,w352309776,w352312132,переулок Пирогова,228.5,2,3,13,21,8
CITY_K4R_dp_optimal_jenks,w352309776,w352312134,переулок Пирогова,244.9,2,3,13,21,8
CITY_K4R_dp_optimal_jenks,w352309776,w352312135,переулок Пирогова,226.8,2,3,13,21,8
CITY_K4R_dp_optimal_jenks,w352309776,w352312136,переулок Пирогова,216.1,2,3,13,21,8
CITY_K4R_dp_optimal_jenks,w352309776,w352312139,переулок Пирогова,201.5,2,3,13,21,8
CITY_K4R_dp_optimal_jenks,w352309776,w352313147,переулок Пирогова,241.5,2,3,13,21,8
CITY_K4R_dp_optimal_jenks,w352309776,w352313148,переулок Пирогова,234.8,2,3,13,21,8
CITY_K4R_dp_optimal_jenks,w352309776,w352313149,переулок Пирогова,224.4,2,3,13,21,8
CITY_K4R_dp_optimal_jenks,w352309776,w352312100,переулок Пирогова,176.2,2,3,13,21,8
CITY_K4R_dp_optimal_jenks,w352309776,w352312105,переулок Пирогова,148.7,2,3,13,21,8
CITY_K4R_dp_optimal_jenks,w352309776,w352312123,переулок Пирогова,158.2,2,3,13,21,8
CITY_K4R_dp_optimal_jenks,w352309776,w352312124,переулок Пирогова,166.6,2,3,13,21,8
CITY_K4R_dp_optimal_jenks,w352309776,w352312126,переулок Пирогова,195.8,2,3,13,21,8
CITY_K4R_dp_optimal_jenks,w352309776,w352312127,переулок Пирогова,174.1,2,3,13,21,8
CITY_K4R_dp_optimal_jenks,w352309776,w352312128,переулок Пирогова,182.4,2,3,13,21,8
CITY_K4R_dp_optimal_jenks,w352309776,w352312131,переулок Пирогова,205.0,2,3,13,21,8
CITY_K4R_dp_optimal_jenks,w352309776,w352313728,переулок Пирогова,228.7,2,3,13,21,8
CITY_K4R_dp_optimal_jenks,w352309776,w532912846,переулок Пирогова,238.8,2,3,13,21,8
CITY_K4R_dp_optimal_jenks,w352309776,w352312106,переулок Пирогова,119.3,2,3,13,21,8
CITY_K4R_dp_optimal_jenks,w352309776,w352313152,переулок Пирогова,164.8,2,3,13,21,8
CITY_K4R_dp_optimal_jenks,w352309776,w352313153,переулок Пирогова,174.2,2,3,13,21,8
CITY_K4R_dp_optimal_jenks,w352309776,w352313154,переулок Пирогова,188.0,2,3,13,21,8
CITY_K4R_dp_optimal_jenks,w352309776,w352313155,переулок Пирогова,179.9,2,3,13,21,8
CITY_K4R_dp_optimal_jenks,w352309776,w352313157,переулок Пирогова,192.6,2,3,13,21,8
CITY_K4R_dp_optimal_jenks,w352309776,w352313159,переулок Пирогова,175.4,2,3,13,21,8
CITY_K4R_dp_optimal_jenks,w352309776,w352313160,переулок Пирогова,173.1,2,3,13,21,8
CITY_K4R_dp_optimal_jenks,w352309776,w352313729,переулок Пирогова,200.4,2,3,13,21,8
CITY_K4R_dp_optimal_jenks,w352309776,w352313730,переулок Пирогова,210.5,2,3,13,21,8
CITY_K4R_dp_optimal_jenks,w352309776,w352470475,переулок Пирогова,220.7,2,3,13,21,8
CITY_K4R_dp_optimal_jenks,w352309776,w352470477,переулок Пирогова,207.1,2,3,13,21,8
CITY_K4R_dp_optimal_jenks,w352309776,w352470478,переулок Пирогова,193.6,2,3,13,21,8
CITY_K4R_dp_optimal_jenks,w352309776,w352470802,переулок Пирогова,218.1,2,3,13,21,8
CITY_K4R_dp_optimal_jenks,w352309776,w352470806,переулок Пирогова,206.7,2,3,13,21,8
CITY_K4R_dp_optimal_jenks,w352309776,w352470809,переулок Пирогова,200.4,2,3,13,21,8
CITY_K4R_dp_optimal_jenks,w352309776,w352470810,переулок Пирогова,198.5,2,3,13,21,8
CITY_K4R_dp_optimal_jenks,w352309776,w352470814,переулок Пирогова,192.8,2,3,13,21,8
CITY_K4R_dp_optimal_jenks,w352309776,w441951719,переулок Пирогова,79.4,2,3,13,21,8
CITY_K4R_dp_optimal_jenks,w352309776,w352312102,переулок Пирогова,145.1,2,3,13,21,8
CITY_K4R_dp_optimal_jenks,w352309777,w352312107,улица Франко,154.9,2,3,13,21,8
CITY_K4R_dp_optimal_jenks,w352309777,w352312109,улица Франко,201.6,2,3,13,21,8
CITY_K4R_dp_optimal_jenks,w352309777,w352312110,улица Франко,183.8,2,3,13,21,8
CITY_K4R_dp_optimal_jenks,w352309777,w352312112,улица Франко,168.0,2,3,13,21,8
CITY_K4R_dp_optimal_jenks,w352309777,w352312119,улица Франко,232.4,2,3,13,21,8
CITY_K4R_dp_optimal_jenks,w352309777,w352312130,улица Франко,196.4,2,3,13,21,8
CITY_K4R_dp_optimal_jenks,w352309777,w352312132,улица Франко,245.3,2,3,13,21,8
CITY_K4R_dp_optimal_jenks,w352309777,w352312135,улица Франко,246.8,2,3,13,21,8
CITY_K4R_dp_optimal_jenks,w352309777,w352312136,улица Франко,235.0,2,3,13,21,8
CITY_K4R_dp_optimal_jenks,w352309777,w352312139,улица Франко,219.9,2,3,13,21,8
CITY_K4R_dp_optimal_jenks,w352309777,w352312100,улица Франко,182.9,2,3,13,21,8
CITY_K4R_dp_optimal_jenks,w352309777,w352312105,улица Франко,157.1,2,3,13,21,8
CITY_K4R_dp_optimal_jenks,w352309777,w352312123,улица Франко,168.8,2,3,13,21,8
CITY_K4R_dp_optimal_jenks,w352309777,w352312124,улица Франко,179.6,2,3,13,21,8
CITY_K4R_dp_optimal_jenks,w352309777,w352312126,улица Франко,208.1,2,3,13,21,8
CITY_K4R_dp_optimal_jenks,w352309777,w352312127,улица Франко,188.2,2,3,13,21,8
CITY_K4R_dp_optimal_jenks,w352309777,w352312128,улица Франко,197.0,2,3,13,21,8
CITY_K4R_dp_optimal_jenks,w352309777,w352312131,улица Франко,219.4,2,3,13,21,8
CITY_K4R_dp_optimal_jenks,w352309777,w352312106,улица Франко,137.0,2,3,13,21,8
CITY_K4R_dp_optimal_jenks,w352309777,w352313152,улица Франко,191.3,2,3,13,21,8
CITY_K4R_dp_optimal_jenks,w352309777,w352313153,улица Франко,203.0,2,3,13,21,8
CITY_K4R_dp_optimal_jenks,w352309777,w352313154,улица Франко,216.0,2,3,13,21,8
CITY_K4R_dp_optimal_jenks,w352309777,w352313155,улица Франко,205.4,2,3,13,21,8
CITY_K4R_dp_optimal_jenks,w352309777,w352313157,улица Франко,217.2,2,3,13,21,8
CITY_K4R_dp_optimal_jenks,w352309777,w352313159,улица Франко,196.9,2,3,13,21,8
CITY_K4R_dp_optimal_jenks,w352309777,w352313160,улица Франко,192.4,2,3,13,21,8
CITY_K4R_dp_optimal_jenks,w352309777,w352313729,улица Франко,227.4,2,3,13,21,8
CITY_K4R_dp_optimal_jenks,w352309777,w352313730,улица Франко,236.7,2,3,13,21,8
CITY_K4R_dp_optimal_jenks,w352309777,w352470477,улица Франко,236.7,2,3,13,21,8
CITY_K4R_dp_optimal_jenks,w352309777,w352470478,улица Франко,223.0,2,3,13,21,8
CITY_K4R_dp_optimal_jenks,w352309777,w352470802,улица Франко,240.5,2,3,13,21,8
CITY_K4R_dp_optimal_jenks,w352309777,w352470806,улица Франко,227.8,2,3,13,21,8
CITY_K4R_dp_optimal_jenks,w352309777,w352470809,улица Франко,220.4,2,3,13,21,8
CITY_K4R_dp_optimal_jenks,w352309777,w352470810,улица Франко,217.1,2,3,13,21,8
CITY_K4R_dp_optimal_jenks,w352309777,w352470814,улица Франко,208.5,2,3,13,21,8
CITY_K4R_dp_optimal_jenks,w352309777,w441951719,улица Франко,107.6,2,3,13,21,8
CITY_K4R_dp_optimal_jenks,w352309777,w352312102,улица Франко,150.1,2,3,13,21,8
CITY_K4R_dp_optimal_jenks,w352309779,w352312107,переулок Пирогова,123.2,2,3,13,21,8
CITY_K4R_dp_optimal_jenks,w352309779,w352312109,переулок Пирогова,169.5,2,3,13,21,8
CITY_K4R_dp_optimal_jenks,w352309779,w352312110,переулок Пирогова,151.7,2,3,13,21,8
CITY_K4R_dp_optimal_jenks,w352309779,w352312112,переулок Пирогова,136.4,2,3,13,21,8
CITY_K4R_dp_optimal_jenks,w352309779,w352312113,переулок Пирогова,234.4,2,3,13,21,8
CITY_K4R_dp_optimal_jenks,w352309779,w352312114,переулок Пирогова,232.1,2,3,13,21,8
CITY_K4R_dp_optimal_jenks,w352309779,w352312119,переулок Пирогова,200.8,2,3,13,21,8
CITY_K4R_dp_optimal_jenks,w352309779,w352312130,переулок Пирогова,165.9,2,3,13,21,8
CITY_K4R_dp_optimal_jenks,w352309779,w352312132,переулок Пирогова,214.9,2,3,13,21,8
CITY_K4R_dp_optimal_jenks,w352309779,w352312134,переулок Пирогова,231.9,2,3,13,21,8
CITY_K4R_dp_optimal_jenks,w352309779,w352312135,переулок Пирогова,215.2,2,3,13,21,8
CITY_K4R_dp_optimal_jenks,w352309779,w352312136,переулок Пирогова,203.7,2,3,13,21,8
CITY_K4R_dp_optimal_jenks,w352309779,w352312139,переулок Пирогова,188.8,2,3,13,21,8
CITY_K4R_dp_optimal_jenks,w352309779,w352313147,переулок Пирогова,245.9,2,3,13,21,8
CITY_K4R_dp_optimal_jenks,w352309779,w352313148,переулок Пирогова,237.2,2,3,13,21,8
CITY_K4R_dp_optimal_jenks,w352309779,w352313149,переулок Пирогова,225.0,2,3,13,21,8
CITY_K4R_dp_optimal_jenks,w352309779,w352312100,переулок Пирогова,158.4,2,3,13,21,8
CITY_K4R_dp_optimal_jenks,w352309779,w352312105,переулок Пирогова,131.2,2,3,13,21,8
CITY_K4R_dp_optimal_jenks,w352309779,w352312123,переулок Пирогова,141.5,2,3,13,21,8
CITY_K4R_dp_optimal_jenks,w352309779,w352312124,переулок Пирогова,150.9,2,3,13,21,8
CITY_K4R_dp_optimal_jenks,w352309779,w352312126,переулок Пирогова,179.9,2,3,13,21,8
CITY_K4R_dp_optimal_jenks,w352309779,w352312127,переулок Пирогова,159.0,2,3,13,21,8
CITY_K4R_dp_optimal_jenks,w352309779,w352312128,переулок Пирогова,167.5,2,3,13,21,8
CITY_K4R_dp_optimal_jenks,w352309779,w352312131,переулок Пирогова,190.1,2,3,13,21,8
CITY_K4R_dp_optimal_jenks,w352309779,w352313728,переулок Пирогова,243.2,2,3,13,21,8
CITY_K4R_dp_optimal_jenks,w352309779,w352312106,переулок Пирогова,106.0,2,3,13,21,8
CITY_K4R_dp_optimal_jenks,w352309779,w352313152,переулок Пирогова,178.4,2,3,13,21,8
CITY_K4R_dp_optimal_jenks,w352309779,w352313153,переулок Пирогова,184.8,2,3,13,21,8
CITY_K4R_dp_optimal_jenks,w352309779,w352313154,переулок Пирогова,199.8,2,3,13,21,8
CITY_K4R_dp_optimal_jenks,w352309779,w352313155,переулок Пирогова,194.4,2,3,13,21,8
CITY_K4R_dp_optimal_jenks,w352309779,w352313157,переулок Пирогова,207.6,2,3,13,21,8
CITY_K4R_dp_optimal_jenks,w352309779,w352313159,переулок Пирогова,192.2,2,3,13,21,8
CITY_K4R_dp_optimal_jenks,w352309779,w352313160,переулок Пирогова,190.7,2,3,13,21,8
CITY_K4R_dp_optimal_jenks,w352309779,w352313729,переулок Пирогова,213.4,2,3,13,21,8
CITY_K4R_dp_optimal_jenks,w352309779,w352313730,переулок Пирогова,224.1,2,3,13,21,8
CITY_K4R_dp_optimal_jenks,w352309779,w352470475,переулок Пирогова,228.6,2,3,13,21,8
CITY_K4R_dp_optimal_jenks,w352309779,w352470477,переулок Пирогова,215.7,2,3,13,21,8
CITY_K4R_dp_optimal_jenks,w352309779,w352470478,переулок Пирогова,202.7,2,3,13,21,8
CITY_K4R_dp_optimal_jenks,w352309779,w352470802,переулок Пирогова,234.3,2,3,13,21,8
CITY_K4R_dp_optimal_jenks,w352309779,w352470806,переулок Пирогова,223.6,2,3,13,21,8
CITY_K4R_dp_optimal_jenks,w352309779,w352470809,переулок Пирогова,217.8,2,3,13,21,8
CITY_K4R_dp_optimal_jenks,w352309779,w352470810,переулок Пирогова,216.3,2,3,13,21,8
CITY_K4R_dp_optimal_jenks,w352309779,w352470814,переулок Пирогова,211.3,2,3,13,21,8
CITY_K4R_dp_optimal_jenks,w352309779,w441951719,переулок Пирогова,92.2,2,3,13,21,8
CITY_K4R_dp_optimal_jenks,w352309779,w352312102,переулок Пирогова,126.8,2,3,13,21,8
CITY_K4R_dp_optimal_jenks,w352312092,w352312107,улица Пирогова,89.3,2,3,13,21,8
CITY_K4R_dp_optimal_jenks,w352312092,w352312109,улица Пирогова,139.5,2,3,13,21,8
CITY_K4R_dp_optimal_jenks,w352312092,w352312110,улица Пирогова,121.3,2,3,13,21,8
CITY_K4R_dp_optimal_jenks,w352312092,w352312112,улица Пирогова,99.4,2,3,13,21,8
CITY_K4R_dp_optimal_jenks,w352312092,w352312113,улица Пирогова,219.5,2,3,13,21,8
CITY_K4R_dp_optimal_jenks,w352312092,w352312114,улица Пирогова,225.3,2,3,13,21,8
CITY_K4R_dp_optimal_jenks,w352312092,w352312119,улица Пирогова,186.3,2,3,13,21,8
CITY_K4R_dp_optimal_jenks,w352312092,w352312130,улица Пирогова,116.9,2,3,13,21,8
CITY_K4R_dp_optimal_jenks,w352312092,w352312132,улица Пирогова,163.9,2,3,13,21,8
CITY_K4R_dp_optimal_jenks,w352312092,w352312134,улица Пирогова,182.5,2,3,13,21,8
CITY_K4R_dp_optimal_jenks,w352312092,w352312135,улица Пирогова,172.5,2,3,13,21,8
CITY_K4R_dp_optimal_jenks,w352312092,w352312136,улица Пирогова,158.4,2,3,13,21,8
CITY_K4R_dp_optimal_jenks,w352312092,w352312139,улица Пирогова,143.0,2,3,13,21,8
CITY_K4R_dp_optimal_jenks,w352312092,w352313148,улица Пирогова,246.2,2,3,13,21,8
CITY_K4R_dp_optimal_jenks,w352312092,w352313149,улица Пирогова,228.3,2,3,13,21,8
CITY_K4R_dp_optimal_jenks,w352312092,w352312100,улица Пирогова,91.6,2,3,13,21,8
CITY_K4R_dp_optimal_jenks,w352312092,w352312105,улица Пирогова,66.9,2,3,13,21,8
CITY_K4R_dp_optimal_jenks,w352312092,w352312123,улица Пирогова,80.3,2,3,13,21,8
CITY_K4R_dp_optimal_jenks,w352312092,w352312124,улица Пирогова,94.0,2,3,13,21,8
CITY_K4R_dp_optimal_jenks,w352312092,w352312126,улица Пирогова,120.5,2,3,13,21,8
CITY_K4R_dp_optimal_jenks,w352312092,w352312127,улица Пирогова,104.0,2,3,13,21,8
CITY_K4R_dp_optimal_jenks,w352312092,w352312128,улица Пирогова,113.4,2,3,13,21,8
CITY_K4R_dp_optimal_jenks,w352312092,w352312131,улица Пирогова,134.4,2,3,13,21,8
CITY_K4R_dp_optimal_jenks,w352312092,w352312106,улица Пирогова,68.1,2,3,13,21,8
CITY_K4R_dp_optimal_jenks,w352312092,w352313152,улица Пирогова,227.4,2,3,13,21,8
CITY_K4R_dp_optimal_jenks,w352312092,w352313153,улица Пирогова,224.0,2,3,13,21,8
CITY_K4R_dp_optimal_jenks,w352312092,w352313154,улица Пирогова,242.3,2,3,13,21,8
CITY_K4R_dp_optimal_jenks,w352312092,w352313155,улица Пирогова,245.5,2,3,13,21,8
CITY_K4R_dp_optimal_jenks,w352312092,w352470477,улица Пирогова,247.0,2,3,13,21,8
CITY_K4R_dp_optimal_jenks,w352312092,w352470478,улица Пирогова,236.3,2,3,13,21,8
CITY_K4R_dp_optimal_jenks,w352312092,w441951719,улица Пирогова,144.7,2,3,13,21,8
CITY_K4R_dp_optimal_jenks,w352312092,w352312102,улица Пирогова,58.6,2,3,13,21,8
CITY_K4R_dp_optimal_jenks,w352312093,w352312107,улица Пирогова,71.2,2,3,13,21,8
CITY_K4R_dp_optimal_jenks,w352312093,w352312109,улица Пирогова,121.5,2,3,13,21,8
CITY_K4R_dp_optimal_jenks,w352312093,w352312110,улица Пирогова,103.2,2,3,13,21,8
CITY_K4R_dp_optimal_jenks,w352312093,w352312112,улица Пирогова,81.9,2,3,13,21,8
CITY_K4R_dp_optimal_jenks,w352312093,w352312113,улица Пирогова,200.8,2,3,13,21,8
CITY_K4R_dp_optimal_jenks,w352312093,w352312114,улица Пирогова,206.4,2,3,13,21,8
CITY_K4R_dp_optimal_jenks,w352312093,w352312119,улица Пирогова,167.5,2,3,13,21,8
CITY_K4R_dp_optimal_jenks,w352312093,w352312130,улица Пирогова,102.4,2,3,13,21,8
CITY_K4R_dp_optimal_jenks,w352312093,w352312132,улица Пирогова,150.6,2,3,13,21,8
CITY_K4R_dp_optimal_jenks,w352312093,w352312134,улица Пирогова,168.8,2,3,13,21,8
CITY_K4R_dp_optimal_jenks,w352312093,w352312135,улица Пирогова,156.9,2,3,13,21,8
CITY_K4R_dp_optimal_jenks,w352312093,w352312136,улица Пирогова,143.3,2,3,13,21,8
CITY_K4R_dp_optimal_jenks,w352312093,w352312139,улица Пирогова,127.9,2,3,13,21,8
CITY_K4R_dp_optimal_jenks,w352312093,w352313147,улица Пирогова,243.7,2,3,13,21,8
CITY_K4R_dp_optimal_jenks,w352312093,w352313148,улица Пирогова,227.8,2,3,13,21,8
CITY_K4R_dp_optimal_jenks,w352312093,w352313149,улица Пирогова,209.7,2,3,13,21,8
CITY_K4R_dp_optimal_jenks,w352312093,w352312100,улица Пирогова,87.4,2,3,13,21,8
CITY_K4R_dp_optimal_jenks,w352312093,w352312105,улица Пирогова,60.1,2,3,13,21,8
CITY_K4R_dp_optimal_jenks,w352312093,w352312123,улица Пирогова,71.1,2,3,13,21,8
CITY_K4R_dp_optimal_jenks,w352312093,w352312124,улица Пирогова,82.4,2,3,13,21,8
CITY_K4R_dp_optimal_jenks,w352312093,w352312126,улица Пирогова,110.5,2,3,13,21,8
CITY_K4R_dp_optimal_jenks,w352312093,w352312127,улица Пирогова,91.6,2,3,13,21,8
CITY_K4R_dp_optimal_jenks,w352312093,w352312128,улица Пирогова,100.8,2,3,13,21,8
CITY_K4R_dp_optimal_jenks,w352312093,w352312131,улица Пирогова,122.6,2,3,13,21,8
CITY_K4R_dp_optimal_jenks,w352312093,w352312106,улица Пирогова,49.9,2,3,13,21,8
CITY_K4R_dp_optimal_jenks,w352312093,w352313152,улица Пирогова,215.2,2,3,13,21,8
CITY_K4R_dp_optimal_jenks,w352312093,w352313153,улица Пирогова,209.6,2,3,13,21,8
CITY_K4R_dp_optimal_jenks,w352312093,w352313154,улица Пирогова,228.4,2,3,13,21,8
CITY_K4R_dp_optimal_jenks,w352312093,w352313155,улица Пирогова,233.8,2,3,13,21,8
CITY_K4R_dp_optimal_jenks,w352312093,w352313157,улица Пирогова,248.8,2,3,13,21,8
CITY_K4R_dp_optimal_jenks,w352312093,w352313159,улица Пирогова,242.0,2,3,13,21,8
CITY_K4R_dp_optimal_jenks,w352312093,w352313160,улица Пирогова,244.6,2,3,13,21,8
CITY_K4R_dp_optimal_jenks,w352312093,w352313729,улица Пирогова,245.8,2,3,13,21,8
CITY_K4R_dp_optimal_jenks,w352312093,w352470475,улица Пирогова,240.2,2,3,13,21,8
CITY_K4R_dp_optimal_jenks,w352312093,w352470477,улица Пирогова,230.9,2,3,13,21,8
CITY_K4R_dp_optimal_jenks,w352312093,w352470478,улица Пирогова,220.7,2,3,13,21,8
CITY_K4R_dp_optimal_jenks,w352312093,w441951719,улица Пирогова,134.9,2,3,13,21,8
CITY_K4R_dp_optimal_jenks,w352312093,w352312102,улица Пирогова,57.1,2,3,13,21,8
CITY_K4R_dp_optimal_jenks,w352312096,w352312107,улица Пирогова,54.8,2,3,13,21,8
CITY_K4R_dp_optimal_jenks,w352312096,w352312109,улица Пирогова,105.0,2,3,13,21,8
CITY_K4R_dp_optimal_jenks,w352312096,w352312110,улица Пирогова,86.7,2,3,13,21,8
CITY_K4R_dp_optimal_jenks,w352312096,w352312112,улица Пирогова,65.2,2,3,13,21,8
CITY_K4R_dp_optimal_jenks,w352312096,w352312113,улица Пирогова,185.2,2,3,13,21,8
CITY_K4R_dp_optimal_jenks,w352312096,w352312114,улица Пирогова,191.7,2,3,13,21,8
CITY_K4R_dp_optimal_jenks,w352312096,w352312119,улица Пирогова,152.2,2,3,13,21,8
CITY_K4R_dp_optimal_jenks,w352312096,w352312130,улица Пирогова,86.4,2,3,13,21,8
CITY_K4R_dp_optimal_jenks,w352312096,w352312132,улица Пирогова,134.9,2,3,13,21,8
CITY_K4R_dp_optimal_jenks,w352312096,w352312134,улица Пирогова,152.9,2,3,13,21,8
CITY_K4R_dp_optimal_jenks,w352312096,w352312135,улица Пирогова,140.4,2,3,13,21,8
CITY_K4R_dp_optimal_jenks,w352312096,w352312136,улица Пирогова,127.0,2,3,13,21,8
CITY_K4R_dp_optimal_jenks,w352312096,w352312139,улица Пирогова,111.6,2,3,13,21,8
CITY_K4R_dp_optimal_jenks,w352312096,w352313147,улица Пирогова,232.5,2,3,13,21,8
CITY_K4R_dp_optimal_jenks,w352312096,w352313148,улица Пирогова,215.5,2,3,13,21,8
CITY_K4R_dp_optimal_jenks,w352312096,w352313149,улица Пирогова,196.5,2,3,13,21,8
CITY_K4R_dp_optimal_jenks,w352312096,w352312100,улица Пирогова,79.1,2,3,13,21,8
CITY_K4R_dp_optimal_jenks,w352312096,w352312105,улица Пирогова,50.8,2,3,13,21,8
CITY_K4R_dp_optimal_jenks,w352312096,w352312123,улица Пирогова,59.1,2,3,13,21,8
CITY_K4R_dp_optimal_jenks,w352312096,w352312124,улица Пирогова,68.3,2,3,13,21,8
CITY_K4R_dp_optimal_jenks,w352312096,w352312126,улица Пирогова,97.1,2,3,13,21,8
CITY_K4R_dp_optimal_jenks,w352312096,w352312127,улица Пирогова,76.8,2,3,13,21,8
CITY_K4R_dp_optimal_jenks,w352312096,w352312128,улица Пирогова,85.7,2,3,13,21,8
CITY_K4R_dp_optimal_jenks,w352312096,w352312131,улица Пирогова,108.0,2,3,13,21,8
CITY_K4R_dp_optimal_jenks,w352312096,w352312106,улица Пирогова,33.5,2,3,13,21,8
CITY_K4R_dp_optimal_jenks,w352312096,w352313152,улица Пирогова,212.8,2,3,13,21,8
CITY_K4R_dp_optimal_jenks,w352312096,w352313153,улица Пирогова,204.4,2,3,13,21,8
CITY_K4R_dp_optimal_jenks,w352312096,w352313154,улица Пирогова,223.8,2,3,13,21,8
CITY_K4R_dp_optimal_jenks,w352312096,w352313155,улица Пирогова,231.8,2,3,13,21,8
CITY_K4R_dp_optimal_jenks,w352312096,w352313157,улица Пирогова,247.1,2,3,13,21,8
CITY_K4R_dp_optimal_jenks,w352312096,w352313159,улица Пирогова,242.7,2,3,13,21,8
CITY_K4R_dp_optimal_jenks,w352312096,w352313160,улица Пирогова,246.6,2,3,13,21,8
CITY_K4R_dp_optimal_jenks,w352312096,w352313729,улица Пирогова,241.9,2,3,13,21,8
CITY_K4R_dp_optimal_jenks,w352312096,w352470475,улица Пирогова,231.7,2,3,13,21,8
CITY_K4R_dp_optimal_jenks,w352312096,w352470477,улица Пирогова,223.3,2,3,13,21,8
CITY_K4R_dp_optimal_jenks,w352312096,w352470478,улица Пирогова,213.8,2,3,13,21,8
CITY_K4R_dp_optimal_jenks,w352312096,w441951719,улица Пирогова,136.0,2,3,13,21,8
CITY_K4R_dp_optimal_jenks,w352312096,w352312102,улица Пирогова,52.8,2,3,13,21,8
CITY_K4R_dp_optimal_jenks,w352312097,w352312107,улица Пирогова,40.4,2,3,13,21,8
CITY_K4R_dp_optimal_jenks,w352312097,w352312109,улица Пирогова,90.6,2,3,13,21,8
CITY_K4R_dp_optimal_jenks,w352312097,w352312110,улица Пирогова,72.3,2,3,13,21,8
CITY_K4R_dp_optimal_jenks,w352312097,w352312112,улица Пирогова,50.8,2,3,13,21,8
CITY_K4R_dp_optimal_jenks,w352312097,w352312113,улица Пирогова,171.2,2,3,13,21,8
CITY_K4R_dp_optimal_jenks,w352312097,w352312114,улица Пирогова,178.3,2,3,13,21,8
CITY_K4R_dp_optimal_jenks,w352312097,w352312119,улица Пирогова,138.3,2,3,13,21,8
CITY_K4R_dp_optimal_jenks,w352312097,w352312130,улица Пирогова,73.9,2,3,13,21,8
CITY_K4R_dp_optimal_jenks,w352312097,w352312132,улица Пирогова,122.9,2,3,13,21,8
CITY_K4R_dp_optimal_jenks,w352312097,w352312134,улица Пирогова,140.4,2,3,13,21,8
CITY_K4R_dp_optimal_jenks,w352312097,w352312135,улица Пирогова,126.8,2,3,13,21,8
CITY_K4R_dp_optimal_jenks,w352312097,w352312136,улица Пирогова,113.8,2,3,13,21,8
CITY_K4R_dp_optimal_jenks,w352312097,w352312139,улица Пирогова,98.4,2,3,13,21,8
CITY_K4R_dp_optimal_jenks,w352312097,w352313147,улица Пирогова,221.7,2,3,13,21,8
CITY_K4R_dp_optimal_jenks,w352312097,w352313148,улица Пирогова,203.8,2,3,13,21,8
CITY_K4R_dp_optimal_jenks,w352312097,w352313149,улица Пирогова,184.2,2,3,13,21,8
CITY_K4R_dp_optimal_jenks,w352312097,w352312100,улица Пирогова,76.6,2,3,13,21,8
CITY_K4R_dp_optimal_jenks,w352312097,w352312105,улица Пирогова,48.6,2,3,13,21,8
CITY_K4R_dp_optimal_jenks,w352312097,w352312123,улица Пирогова,53.1,2,3,13,21,8
CITY_K4R_dp_optimal_jenks,w352312097,w352312124,улица Пирогова,59.0,2,3,13,21,8
CITY_K4R_dp_optimal_jenks,w352312097,w352312126,улица Пирогова,88.3,2,3,13,21,8
CITY_K4R_dp_optimal_jenks,w352312097,w352312127,улица Пирогова,66.4,2,3,13,21,8
CITY_K4R_dp_optimal_jenks,w352312097,w352312128,улица Пирогова,74.9,2,3,13,21,8
CITY_K4R_dp_optimal_jenks,w352312097,w352312131,улица Пирогова,97.4,2,3,13,21,8
CITY_K4R_dp_optimal_jenks,w352312097,w352312106,улица Пирогова,19.1,2,3,13,21,8
CITY_K4R_dp_optimal_jenks,w352312097,w352313152,улица Пирогова,209.5,2,3,13,21,8
CITY_K4R_dp_optimal_jenks,w352312097,w352313153,улица Пирогова,198.7,2,3,13,21,8
CITY_K4R_dp_optimal_jenks,w352312097,w352313154,улица Пирогова,218.5,2,3,13,21,8
CITY_K4R_dp_optimal_jenks,w352312097,w352313155,улица Пирогова,228.7,2,3,13,21,8
CITY_K4R_dp_optimal_jenks,w352312097,w352313157,улица Пирогова,244.2,2,3,13,21,8
CITY_K4R_dp_optimal_jenks,w352312097,w352313159,улица Пирогова,242.0,2,3,13,21,8
CITY_K4R_dp_optimal_jenks,w352312097,w352313160,улица Пирогова,246.9,2,3,13,21,8
CITY_K4R_dp_optimal_jenks,w352312097,w352313729,улица Пирогова,237.1,2,3,13,21,8
CITY_K4R_dp_optimal_jenks,w352312097,w352470475,улица Пирогова,223.1,2,3,13,21,8
CITY_K4R_dp_optimal_jenks,w352312097,w352470477,улица Пирогова,215.5,2,3,13,21,8
CITY_K4R_dp_optimal_jenks,w352312097,w352470478,улица Пирогова,206.6,2,3,13,21,8
CITY_K4R_dp_optimal_jenks,w352312097,w441951719,улица Пирогова,136.2,2,3,13,21,8
CITY_K4R_dp_optimal_jenks,w352312097,w352312102,улица Пирогова,55.6,2,3,13,21,8
CITY_K4R_dp_optimal_jenks,w352312099,w352312107,Загородная улица,93.4,2,3,13,21,8
CITY_K4R_dp_optimal_jenks,w352312099,w352312109,Загородная улица,136.3,2,3,13,21,8
CITY_K4R_dp_optimal_jenks,w352312099,w352312110,Загородная улица,120.7,2,3,13,21,8
CITY_K4R_dp_optimal_jenks,w352312099,w352312112,Загородная улица,97.4,2,3,13,21,8
CITY_K4R_dp_optimal_jenks,w352312099,w352312113,Загородная улица,221.4,2,3,13,21,8
CITY_K4R_dp_optimal_jenks,w352312099,w352312114,Загородная улица,232.9,2,3,13,21,8
CITY_K4R_dp_optimal_jenks,w352312099,w352312119,Загородная улица,190.9,2,3,13,21,8
CITY_K4R_dp_optimal_jenks,w352312099,w352312130,Загородная улица,97.4,2,3,13,21,8
CITY_K4R_dp_optimal_jenks,w352312099,w352312132,Загородная улица,136.5,2,3,13,21,8
CITY_K4R_dp_optimal_jenks,w352312099,w352312134,Загородная улица,155.6,2,3,13,21,8
CITY_K4R_dp_optimal_jenks,w352312099,w352312135,Загородная улица,153.2,2,3,13,21,8
CITY_K4R_dp_optimal_jenks,w352312099,w352312136,Загородная улица,137.6,2,3,13,21,8
CITY_K4R_dp_optimal_jenks,w352312099,w352312139,Загородная улица,123.4,2,3,13,21,8
CITY_K4R_dp_optimal_jenks,w352312099,w352313149,Загородная улица,243.0,2,3,13,21,8
CITY_K4R_dp_optimal_jenks,w352312099,w352312100,Загородная улица,47.4,2,3,13,21,8
CITY_K4R_dp_optimal_jenks,w352312099,w352312105,Загородная улица,35.1,2,3,13,21,8
CITY_K4R_dp_optimal_jenks,w352312099,w352312123,Загородная улица,50.6,2,3,13,21,8
CITY_K4R_dp_optimal_jenks,w352312099,w352312124,Загородная улица,68.3,2,3,13,21,8
CITY_K4R_dp_optimal_jenks,w352312099,w352312126,Загородная улица,86.4,2,3,13,21,8
CITY_K4R_dp_optimal_jenks,w352312099,w352312127,Загородная улица,79.0,2,3,13,21,8
CITY_K4R_dp_optimal_jenks,w352312099,w352312128,Загородная улица,87.8,2,3,13,21,8
CITY_K4R_dp_optimal_jenks,w352312099,w352312131,Загородная улица,104.0,2,3,13,21,8
CITY_K4R_dp_optimal_jenks,w352312099,w352312106,Загородная улица,76.5,2,3,13,21,8
CITY_K4R_dp_optimal_jenks,w352312099,w441951719,Загородная улица,190.1,2,3,13,21,8
CITY_K4R_dp_optimal_jenks,w352312099,w352312102,Загородная улица,17.1,2,3,13,21,8
CITY_K4R_dp_optimal_jenks,w352312109,w352464254,улица Пирогова,218.1,3,2,21,13,8
CITY_K4R_dp_optimal_jenks,w352312109,w352464255,улица Пирогова,235.4,3,2,21,13,8
CITY_K4R_dp_optimal_jenks,w352312109,w352464258,улица Пирогова,238.2,3,2,21,13,8
CITY_K4R_dp_optimal_jenks,w352312109,w352464257,улица Пирогова,219.1,3,2,21,13,8
CITY_K4R_dp_optimal_jenks,w352312109,w352468381,улица Пирогова,231.3,3,2,21,13,8
CITY_K4R_dp_optimal_jenks,w352312109,w352468384,улица Пирогова,231.7,3,2,21,13,8
CITY_K4R_dp_optimal_jenks,w352312109,w352468398,улица Пирогова,237.8,3,2,21,13,8
CITY_K4R_dp_optimal_jenks,w352312109,w352468400,улица Пирогова,240.7,3,2,21,13,8
CITY_K4R_dp_optimal_jenks,w352312110,w352464254,улица Пирогова,235.6,3,2,21,13,8
CITY_K4R_dp_optimal_jenks,w352312110,w352464257,улица Пирогова,237.3,3,2,21,13,8
CITY_K4R_dp_optimal_jenks,w352312110,w352468381,улица Пирогова,249.7,3,2,21,13,8
CITY_K4R_dp_optimal_jenks,w352312113,w352468394,улица Фрунзе,242.4,3,2,21,13,8
CITY_K4R_dp_optimal_jenks,w352312113,w352468396,улица Фрунзе,224.7,3,2,21,13,8
CITY_K4R_dp_optimal_jenks,w352312113,w352468412,улица Фрунзе,238.7,3,2,21,13,8
CITY_K4R_dp_optimal_jenks,w352312113,w352464254,улица Фрунзе,181.7,3,2,21,13,8
CITY_K4R_dp_optimal_jenks,w352312113,w352464255,улица Фрунзе,197.5,3,2,21,13,8
CITY_K4R_dp_optimal_jenks,w352312113,w352464258,улица Фрунзе,188.4,3,2,21,13,8
CITY_K4R_dp_optimal_jenks,w352312113,w352464259,улица Фрунзе,211.0,3,2,21,13,8
CITY_K4R_dp_optimal_jenks,w352312113,w352464260,улица Фрунзе,229.3,3,2,21,13,8
CITY_K4R_dp_optimal_jenks,w352312113,w352464261,улица Фрунзе,218.5,3,2,21,13,8
CITY_K4R_dp_optimal_jenks,w352312113,w352464262,улица Фрунзе,237.6,3,2,21,13,8
CITY_K4R_dp_optimal_jenks,w352312113,w352468386,улица Фрунзе,229.0,3,2,21,13,8
CITY_K4R_dp_optimal_jenks,w352312113,w352468407,улица Фрунзе,234.4,3,2,21,13,8
CITY_K4R_dp_optimal_jenks,w352312113,w352468410,улица Фрунзе,233.2,3,2,21,13,8
CITY_K4R_dp_optimal_jenks,w352312113,w352468414,улица Фрунзе,235.6,3,2,21,13,8
CITY_K4R_dp_optimal_jenks,w352312113,w352468392,улица Фрунзе,204.7,3,2,21,13,8
CITY_K4R_dp_optimal_jenks,w352312113,w352469701,улица Фрунзе,238.5,3,2,21,13,8
CITY_K4R_dp_optimal_jenks,w352312113,w352469702,улица Фрунзе,226.0,3,2,21,13,8
CITY_K4R_dp_optimal_jenks,w352312113,w352464257,улица Фрунзе,170.3,3,2,21,13,8
CITY_K4R_dp_optimal_jenks,w352312113,w352468381,улица Фрунзе,173.9,3,2,21,13,8
CITY_K4R_dp_optimal_jenks,w352312113,w352468384,улица Фрунзе,169.3,3,2,21,13,8
CITY_K4R_dp_optimal_jenks,w352312113,w352468398,улица Фрунзе,171.5,3,2,21,13,8
CITY_K4R_dp_optimal_jenks,w352312113,w352468400,улица Фрунзе,170.5,3,2,21,13,8
CITY_K4R_dp_optimal_jenks,w352312114,w352468394,улица Фрунзе,247.4,3,2,21,13,8
CITY_K4R_dp_optimal_jenks,w352312114,w352468396,улица Фрунзе,229.0,3,2,21,13,8
CITY_K4R_dp_optimal_jenks,w352312114,w352468412,улица Фрунзе,246.4,3,2,21,13,8
CITY_K4R_dp_optimal_jenks,w352312114,w352464254,улица Фрунзе,203.2,3,2,21,13,8
CITY_K4R_dp_optimal_jenks,w352312114,w352464255,улица Фрунзе,218.4,3,2,21,13,8
CITY_K4R_dp_optimal_jenks,w352312114,w352464258,улица Фрунзе,206.2,3,2,21,13,8
CITY_K4R_dp_optimal_jenks,w352312114,w352464259,улица Фрунзе,228.2,3,2,21,13,8
CITY_K4R_dp_optimal_jenks,w352312114,w352464260,улица Фрунзе,246.0,3,2,21,13,8
CITY_K4R_dp_optimal_jenks,w352312114,w352464261,улица Фрунзе,239.1,3,2,21,13,8
CITY_K4R_dp_optimal_jenks,w352312114,w352468386,улица Фрунзе,243.8,3,2,21,13,8
CITY_K4R_dp_optimal_jenks,w352312114,w352468407,улица Фрунзе,247.9,3,2,21,13,8
CITY_K4R_dp_optimal_jenks,w352312114,w352468410,улица Фрунзе,243.9,3,2,21,13,8
CITY_K4R_dp_optimal_jenks,w352312114,w352468414,улица Фрунзе,244.7,3,2,21,13,8
CITY_K4R_dp_optimal_jenks,w352312114,w352468392,улица Фрунзе,208.0,3,2,21,13,8
CITY_K4R_dp_optimal_jenks,w352312114,w352469701,улица Фрунзе,239.2,3,2,21,13,8
CITY_K4R_dp_optimal_jenks,w352312114,w352469702,улица Фрунзе,225.9,3,2,21,13,8
CITY_K4R_dp_optimal_jenks,w352312114,w352464257,улица Фрунзе,188.9,3,2,21,13,8
CITY_K4R_dp_optimal_jenks,w352312114,w352468381,улица Фрунзе,189.5,3,2,21,13,8
CITY_K4R_dp_optimal_jenks,w352312114,w352468384,улица Фрунзе,183.0,3,2,21,13,8
CITY_K4R_dp_optimal_jenks,w352312114,w352468398,улица Фрунзе,183.2,3,2,21,13,8
CITY_K4R_dp_optimal_jenks,w352312114,w352468400,улица Фрунзе,180.2,3,2,21,13,8
CITY_K4R_dp_optimal_jenks,w352312119,w352464254,улица Пирогова,205.0,3,2,21,13,8
CITY_K4R_dp_optimal_jenks,w352312119,w352464255,улица Пирогова,221.5,3,2,21,13,8
CITY_K4R_dp_optimal_jenks,w352312119,w352464258,улица Пирогова,216.0,3,2,21,13,8
CITY_K4R_dp_optimal_jenks,w352312119,w352464259,улица Пирогова,239.1,3,2,21,13,8
CITY_K4R_dp_optimal_jenks,w352312119,w352464261,улица Пирогова,242.7,3,2,21,13,8
CITY_K4R_dp_optimal_jenks,w352312119,w352468392,улица Пирогова,238.5,3,2,21,13,8
CITY_K4R_dp_optimal_jenks,w352312119,w352464257,улица Пирогова,197.4,3,2,21,13,8
CITY_K4R_dp_optimal_jenks,w352312119,w352468381,улица Пирогова,203.5,3,2,21,13,8
CITY_K4R_dp_optimal_jenks,w352312119,w352468384,улица Пирогова,200.3,3,2,21,13,8
CITY_K4R_dp_optimal_jenks,w352312119,w352468398,улица Пирогова,203.4,3,2,21,13,8
CITY_K4R_dp_optimal_jenks,w352312119,w352468400,улица Пирогова,203.2,3,2,21,13,8
CITY_K4R_dp_optimal_jenks,w352312126,w352464254,Загородная улица,237.5,3,2,21,13,8
CITY_K4R_dp_optimal_jenks,w352312126,w352464257,Загородная улица,250.0,3,2,21,13,8
CITY_K4R_dp_optimal_jenks,w352312127,w352464254,Загородная улица,245.8,3,2,21,13,8
CITY_K4R_dp_optimal_jenks,w352312128,w352464254,Загородная улица,236.5,3,2,21,13,8
CITY_K4R_dp_optimal_jenks,w352312128,w352464257,Загородная улица,246.3,3,2,21,13,8
CITY_K4R_dp_optimal_jenks,w352312130,w352464254,Загородная улица,230.5,3,2,21,13,8
CITY_K4R_dp_optimal_jenks,w352312130,w352464255,Загородная улица,247.6,3,2,21,13,8
CITY_K4R_dp_optimal_jenks,w352312130,w352464257,Загородная улица,238.5,3,2,21,13,8
CITY_K4R_dp_optimal_jenks,w352312131,w352464254,Загородная улица,219.3,3,2,21,13,8
CITY_K4R_dp_optimal_jenks,w352312131,w352464255,Загородная улица,235.9,3,2,21,13,8
CITY_K4R_dp_optimal_jenks,w352312131,w352464258,Загородная улица,249.3,3,2,21,13,8
CITY_K4R_dp_optimal_jenks,w352312131,w352464257,Загородная улица,231.2,3,2,21,13,8
CITY_K4R_dp_optimal_jenks,w352312132,w352464254,Загородная улица,186.7,3,2,21,13,8
CITY_K4R_dp_optimal_jenks,w352312132,w352464255,Загородная улица,203.4,3,2,21,13,8
CITY_K4R_dp_optimal_jenks,w352312132,w352464258,Загородная улица,216.5,3,2,21,13,8
CITY_K4R_dp_optimal_jenks,w352312132,w352464259,Загородная улица,238.2,3,2,21,13,8
CITY_K4R_dp_optimal_jenks,w352312132,w352464261,Загородная улица,221.9,3,2,21,13,8
CITY_K4R_dp_optimal_jenks,w352312132,w352464262,Загородная улица,244.3,3,2,21,13,8
CITY_K4R_dp_optimal_jenks,w352312132,w352464257,Загородная улица,198.4,3,2,21,13,8
CITY_K4R_dp_optimal_jenks,w352312132,w352468381,Загородная улица,217.5,3,2,21,13,8
CITY_K4R_dp_optimal_jenks,w352312132,w352468384,Загородная улица,223.1,3,2,21,13,8
CITY_K4R_dp_optimal_jenks,w352312132,w352468398,Загородная улица,233.0,3,2,21,13,8
CITY_K4R_dp_optimal_jenks,w352312132,w352468400,Загородная улица,240.2,3,2,21,13,8
CITY_K4R_dp_optimal_jenks,w352312134,w352464254,Загородная улица,167.7,3,2,21,13,8
CITY_K4R_dp_optimal_jenks,w352312134,w352464255,Загородная улица,184.3,3,2,21,13,8
CITY_K4R_dp_optimal_jenks,w352312134,w352464258,Загородная улица,197.8,3,2,21,13,8
CITY_K4R_dp_optimal_jenks,w352312134,w352464259,Загородная улица,219.4,3,2,21,13,8
CITY_K4R_dp_optimal_jenks,w352312134,w352464260,Загородная улица,237.3,3,2,21,13,8
CITY_K4R_dp_optimal_jenks,w352312134,w352464261,Загородная улица,202.9,3,2,21,13,8
CITY_K4R_dp_optimal_jenks,w352312134,w352464262,Загородная улица,225.2,3,2,21,13,8
CITY_K4R_dp_optimal_jenks,w352312134,w352468386,Загородная улица,248.0,3,2,21,13,8
CITY_K4R_dp_optimal_jenks,w352312134,w352464257,Загородная улица,179.8,3,2,21,13,8
CITY_K4R_dp_optimal_jenks,w352312134,w352468381,Загородная улица,199.4,3,2,21,13,8
CITY_K4R_dp_optimal_jenks,w352312134,w352468384,Загородная улица,205.4,3,2,21,13,8
CITY_K4R_dp_optimal_jenks,w352312134,w352468398,Загородная улица,215.7,3,2,21,13,8
CITY_K4R_dp_optimal_jenks,w352312134,w352468400,Загородная улица,223.4,3,2,21,13,8
CITY_K4R_dp_optimal_jenks,w352312135,w352464254,Загородная улица,174.8,3,2,21,13,8
CITY_K4R_dp_optimal_jenks,w352312135,w352464255,Загородная улица,192.0,3,2,21,13,8
CITY_K4R_dp_optimal_jenks,w352312135,w352464258,Загородная улица,200.6,3,2,21,13,8
CITY_K4R_dp_optimal_jenks,w352312135,w352464259,Загородная улица,223.2,3,2,21,13,8
CITY_K4R_dp_optimal_jenks,w352312135,w352464260,Загородная улица,241.7,3,2,21,13,8
CITY_K4R_dp_optimal_jenks,w352312135,w352464261,Загородная улица,211.7,3,2,21,13,8
CITY_K4R_dp_optimal_jenks,w352312135,w352464262,Загородная улица,234.0,3,2,21,13,8
CITY_K4R_dp_optimal_jenks,w352312135,w352464257,Загородная улица,181.9,3,2,21,13,8
CITY_K4R_dp_optimal_jenks,w352312135,w352468381,Загородная улица,198.5,3,2,21,13,8
CITY_K4R_dp_optimal_jenks,w352312135,w352468384,Загородная улица,202.3,3,2,21,13,8
CITY_K4R_dp_optimal_jenks,w352312135,w352468398,Загородная улица,211.1,3,2,21,13,8
CITY_K4R_dp_optimal_jenks,w352312135,w352468400,Загородная улица,217.0,3,2,21,13,8
CITY_K4R_dp_optimal_jenks,w352312136,w352464254,Загородная улица,188.9,3,2,21,13,8
CITY_K4R_dp_optimal_jenks,w352312136,w352464255,Загородная улица,206.0,3,2,21,13,8
CITY_K4R_dp_optimal_jenks,w352312136,w352464258,Загородная улица,215.6,3,2,21,13,8
CITY_K4R_dp_optimal_jenks,w352312136,w352464259,Загородная улица,238.0,3,2,21,13,8
CITY_K4R_dp_optimal_jenks,w352312136,w352464261,Загородная улица,225.4,3,2,21,13,8
CITY_K4R_dp_optimal_jenks,w352312136,w352464262,Загородная улица,247.7,3,2,21,13,8
CITY_K4R_dp_optimal_jenks,w352312136,w352464257,Загородная улица,197.0,3,2,21,13,8
CITY_K4R_dp_optimal_jenks,w352312136,w352468381,Загородная улица,214.0,3,2,21,13,8
CITY_K4R_dp_optimal_jenks,w352312136,w352468384,Загородная улица,218.0,3,2,21,13,8
CITY_K4R_dp_optimal_jenks,w352312136,w352468398,Загородная улица,226.8,3,2,21,13,8
CITY_K4R_dp_optimal_jenks,w352312136,w352468400,Загородная улица,232.8,3,2,21,13,8
CITY_K4R_dp_optimal_jenks,w352312139,w352464254,Загородная улица,204.2,3,2,21,13,8
CITY_K4R_dp_optimal_jenks,w352312139,w352464255,Загородная улица,221.4,3,2,21,13,8
CITY_K4R_dp_optimal_jenks,w352312139,w352464258,Загородная улица,230.6,3,2,21,13,8
CITY_K4R_dp_optimal_jenks,w352312139,w352464261,Загородная улица,240.9,3,2,21,13,8
CITY_K4R_dp_optimal_jenks,w352312139,w352464257,Загородная улица,211.9,3,2,21,13,8
CITY_K4R_dp_optimal_jenks,w352312139,w352468381,Загородная улица,228.6,3,2,21,13,8
CITY_K4R_dp_optimal_jenks,w352312139,w352468384,Загородная улица,232.1,3,2,21,13,8
CITY_K4R_dp_optimal_jenks,w352312139,w352468398,Загородная улица,240.7,3,2,21,13,8
CITY_K4R_dp_optimal_jenks,w352312139,w352468400,Загородная улица,246.2,3,2,21,13,8
CITY_K4R_dp_optimal_jenks,w352313147,w352468392,улица Фрунзе,235.9,3,2,21,13,8
CITY_K4R_dp_optimal_jenks,w352313147,w352469702,улица Фрунзе,242.6,3,2,21,13,8
CITY_K4R_dp_optimal_jenks,w352313147,w352468381,улица Фрунзе,248.5,3,2,21,13,8
CITY_K4R_dp_optimal_jenks,w352313147,w352468384,улица Фрунзе,238.1,3,2,21,13,8
CITY_K4R_dp_optimal_jenks,w352313147,w352468398,улица Фрунзе,233.9,3,2,21,13,8
CITY_K4R_dp_optimal_jenks,w352313147,w352468400,улица Фрунзе,226.2,3,2,21,13,8
CITY_K4R_dp_optimal_jenks,w352313148,w352468396,улица Фрунзе,246.6,3,2,21,13,8
CITY_K4R_dp_optimal_jenks,w352313148,w352464258,улица Фрунзе,248.1,3,2,21,13,8
CITY_K4R_dp_optimal_jenks,w352313148,w352468392,улица Фрунзе,224.8,3,2,21,13,8
CITY_K4R_dp_optimal_jenks,w352313148,w352469701,улица Фрунзе,249.6,3,2,21,13,8
CITY_K4R_dp_optimal_jenks,w352313148,w352469702,улица Фрунзе,235.2,3,2,21,13,8
CITY_K4R_dp_optimal_jenks,w352313148,w352464257,улица Фрунзе,232.4,3,2,21,13,8
CITY_K4R_dp_optimal_jenks,w352313148,w352468381,улица Фрунзе,228.2,3,2,21,13,8
CITY_K4R_dp_optimal_jenks,w352313148,w352468384,улица Фрунзе,218.9,3,2,21,13,8
CITY_K4R_dp_optimal_jenks,w352313148,w352468398,улица Фрунзе,216.0,3,2,21,13,8
CITY_K4R_dp_optimal_jenks,w352313148,w352468400,улица Фрунзе,209.6,3,2,21,13,8
CITY_K4R_dp_optimal_jenks,w352313149,w352468396,улица Фрунзе,246.0,3,2,21,13,8
CITY_K4R_dp_optimal_jenks,w352313149,w352464254,улица Фрунзе,234.9,3,2,21,13,8
CITY_K4R_dp_optimal_jenks,w352313149,w352464255,улица Фрунзе,249.7,3,2,21,13,8
CITY_K4R_dp_optimal_jenks,w352313149,w352464258,улица Фрунзе,235.6,3,2,21,13,8
CITY_K4R_dp_optimal_jenks,w352313149,w352468392,улица Фрунзе,224.4,3,2,21,13,8
CITY_K4R_dp_optimal_jenks,w352313149,w352469702,улица Фрунзе,238.2,3,2,21,13,8
CITY_K4R_dp_optimal_jenks,w352313149,w352464257,улица Фрунзе,218.9,3,2,21,13,8
CITY_K4R_dp_optimal_jenks,w352313149,w352468381,улица Фрунзе,217.3,3,2,21,13,8
CITY_K4R_dp_optimal_jenks,w352313149,w352468384,улица Фрунзе,209.3,3,2,21,13,8
CITY_K4R_dp_optimal_jenks,w352313149,w352468398,улица Фрунзе,208.0,3,2,21,13,8
CITY_K4R_dp_optimal_jenks,w352313149,w352468400,улица Фрунзе,203.2,3,2,21,13,8
CITY_K4R_dp_optimal_jenks,w352464254,w352469712,улица Мичурина,215.2,2,3,13,21,8
CITY_K4R_dp_optimal_jenks,w352464254,w352469717,улица Мичурина,229.3,2,3,13,21,8
CITY_K4R_dp_optimal_jenks,w352464254,w352468401,улица Мичурина,132.5,2,3,13,21,8
CITY_K4R_dp_optimal_jenks,w352464254,w352468405,улица Мичурина,118.1,2,3,13,21,8
CITY_K4R_dp_optimal_jenks,w352464255,w352469712,Загородная улица,215.3,2,3,13,21,8
CITY_K4R_dp_optimal_jenks,w352464255,w352469717,Загородная улица,229.1,2,3,13,21,8
CITY_K4R_dp_optimal_jenks,w352464255,w352468401,Загородная улица,132.7,2,3,13,21,8
CITY_K4R_dp_optimal_jenks,w352464255,w352468405,Загородная улица,118.7,2,3,13,21,8
CITY_K4R_dp_optimal_jenks,w352464257,w352469712,улица Мичурина,182.0,2,3,13,21,8
CITY_K4R_dp_optimal_jenks,w352464257,w352469714,улица Мичурина,240.9,2,3,13,21,8
CITY_K4R_dp_optimal_jenks,w352464257,w352469716,улица Мичурина,226.9,2,3,13,21,8
CITY_K4R_dp_optimal_jenks,w352464257,w352469717,улица Мичурина,196.2,2,3,13,21,8
CITY_K4R_dp_optimal_jenks,w352464257,w352468401,улица Мичурина,99.4,2,3,13,21,8
CITY_K4R_dp_optimal_jenks,w352464257,w352468405,улица Мичурина,85.0,2,3,13,21,8
CITY_K4R_dp_optimal_jenks,w352464258,w352469712,Загородная улица,180.2,2,3,13,21,8
CITY_K4R_dp_optimal_jenks,w352464258,w352469714,Загородная улица,238.1,2,3,13,21,8
CITY_K4R_dp_optimal_jenks,w352464258,w352469716,Загородная улица,224.7,2,3,13,21,8
CITY_K4R_dp_optimal_jenks,w352464258,w352469717,Загородная улица,194.0,2,3,13,21,8
CITY_K4R_dp_optimal_jenks,w352464258,w352468401,Загородная улица,97.8,2,3,13,21,8
CITY_K4R_dp_optimal_jenks,w352464258,w352468405,Загородная улица,84.1,2,3,13,21,8
CITY_K4R_dp_optimal_jenks,w352464259,w352469712,Загородная улица,182.4,2,3,13,21,8
CITY_K4R_dp_optimal_jenks,w352464259,w352469714,Загородная улица,238.4,2,3,13,21,8
CITY_K4R_dp_optimal_jenks,w352464259,w352469716,Загородная улица,225.9,2,3,13,21,8
CITY_K4R_dp_optimal_jenks,w352464259,w352469717,Загородная улица,195.5,2,3,13,21,8
CITY_K4R_dp_optimal_jenks,w352464259,w352468401,Загородная улица,102.5,2,3,13,21,8
CITY_K4R_dp_optimal_jenks,w352464259,w352468405,Загородная улица,90.3,2,3,13,21,8
CITY_K4R_dp_optimal_jenks,w352464260,w352469712,Загородная улица,185.7,2,3,13,21,8
CITY_K4R_dp_optimal_jenks,w352464260,w352469714,Загородная улица,239.6,2,3,13,21,8
CITY_K4R_dp_optimal_jenks,w352464260,w352469716,Загородная улица,228.0,2,3,13,21,8
CITY_K4R_dp_optimal_jenks,w352464260,w352469717,Загородная улица,198.1,2,3,13,21,8
CITY_K4R_dp_optimal_jenks,w352464260,w352468401,Загородная улица,109.3,2,3,13,21,8
CITY_K4R_dp_optimal_jenks,w352464260,w352468405,Загородная улица,98.6,2,3,13,21,8
CITY_K4R_dp_optimal_jenks,w352464261,w352469712,Загородная улица,222.6,2,3,13,21,8
CITY_K4R_dp_optimal_jenks,w352464261,w352469717,Загородная улица,236.0,2,3,13,21,8
CITY_K4R_dp_optimal_jenks,w352464261,w352468401,Загородная улица,141.2,2,3,13,21,8
CITY_K4R_dp_optimal_jenks,w352464261,w352468405,Загородная улица,128.0,2,3,13,21,8
CITY_K4R_dp_optimal_jenks,w352464262,w352469712,Загородная улица,222.4,2,3,13,21,8
CITY_K4R_dp_optimal_jenks,w352464262,w352469717,Загородная улица,235.2,2,3,13,21,8
CITY_K4R_dp_optimal_jenks,w352464262,w352468401,Загородная улица,143.5,2,3,13,21,8
CITY_K4R_dp_optimal_jenks,w352464262,w352468405,Загородная улица,131.4,2,3,13,21,8
CITY_K4R_dp_optimal_jenks,w352468381,w352469712,улица Мичурина,156.4,2,3,13,21,8
CITY_K4R_dp_optimal_jenks,w352468381,w352469714,улица Мичурина,215.0,2,3,13,21,8
CITY_K4R_dp_optimal_jenks,w352468381,w352469716,улица Мичурина,201.1,2,3,13,21,8
CITY_K4R_dp_optimal_jenks,w352468381,w352469717,улица Мичурина,170.4,2,3,13,21,8
CITY_K4R_dp_optimal_jenks,w352468381,w352468401,улица Мичурина,73.6,2,3,13,21,8
CITY_K4R_dp_optimal_jenks,w352468381,w352468405,улица Мичурина,59.5,2,3,13,21,8
CITY_K4R_dp_optimal_jenks,w352468384,w352469710,улица Мичурина,237.8,2,3,13,21,8
CITY_K4R_dp_optimal_jenks,w352468384,w352469712,улица Мичурина,140.4,2,3,13,21,8
CITY_K4R_dp_optimal_jenks,w352468384,w352469714,улица Мичурина,199.3,2,3,13,21,8
CITY_K4R_dp_optimal_jenks,w352468384,w352469716,улица Мичурина,185.2,2,3,13,21,8
CITY_K4R_dp_optimal_jenks,w352468384,w352469717,улица Мичурина,154.5,2,3,13,21,8
CITY_K4R_dp_optimal_jenks,w352468384,w352469718,улица Мичурина,239.9,2,3,13,21,8
CITY_K4R_dp_optimal_jenks,w352468384,w352469720,улица Мичурина,238.3,2,3,13,21,8
CITY_K4R_dp_optimal_jenks,w352468384,w352469721,улица Мичурина,236.5,2,3,13,21,8
CITY_K4R_dp_optimal_jenks,w352468384,w352470466,улица Мичурина,240.4,2,3,13,21,8
CITY_K4R_dp_optimal_jenks,w352468384,w352468401,улица Мичурина,57.7,2,3,13,21,8
CITY_K4R_dp_optimal_jenks,w352468384,w352468405,улица Мичурина,43.4,2,3,13,21,8
CITY_K4R_dp_optimal_jenks,w352468386,w352469710,Загородная улица,244.2,2,3,13,21,8
CITY_K4R_dp_optimal_jenks,w352468386,w352469712,Загородная улица,166.0,2,3,13,21,8
CITY_K4R_dp_optimal_jenks,w352468386,w352469714,Загородная улица,219.0,2,3,13,21,8
CITY_K4R_dp_optimal_jenks,w352468386,w352469716,Загородная улица,207.6,2,3,13,21,8
CITY_K4R_dp_optimal_jenks,w352468386,w352469717,Загородная улица,178.1,2,3,13,21,8
CITY_K4R_dp_optimal_jenks,w352468386,w352468401,Загородная улица,92.6,2,3,13,21,8
CITY_K4R_dp_optimal_jenks,w352468386,w352468405,Загородная улица,83.6,2,3,13,21,8
CITY_K4R_dp_optimal_jenks,w352468392,w352469710,переулок Мичурина,154.2,2,3,13,21,8
CITY_K4R_dp_optimal_jenks,w352468392,w352469712,переулок Мичурина,60.6,2,3,13,21,8
CITY_K4R_dp_optimal_jenks,w352468392,w352469714,переулок Мичурина,116.9,2,3,13,21,8
CITY_K4R_dp_optimal_jenks,w352468392,w352469716,переулок Мичурина,103.9,2,3,13,21,8
CITY_K4R_dp_optimal_jenks,w352468392,w352469717,переулок Мичурина,73.5,2,3,13,21,8
CITY_K4R_dp_optimal_jenks,w352468392,w352469718,переулок Мичурина,156.1,2,3,13,21,8
CITY_K4R_dp_optimal_jenks,w352468392,w352469720,переулок Мичурина,155.3,2,3,13,21,8
CITY_K4R_dp_optimal_jenks,w352468392,w352469721,переулок Мичурина,154.7,2,3,13,21,8
CITY_K4R_dp_optimal_jenks,w352468392,w352470459,переулок Мичурина,206.2,2,3,13,21,8
CITY_K4R_dp_optimal_jenks,w352468392,w352470466,переулок Мичурина,225.0,2,3,13,21,8
CITY_K4R_dp_optimal_jenks,w352468392,w352468401,переулок Мичурина,28.8,2,3,13,21,8
CITY_K4R_dp_optimal_jenks,w352468392,w352468405,переулок Мичурина,42.6,2,3,13,21,8
CITY_K4R_dp_optimal_jenks,w352468392,w352470465,переулок Мичурина,241.8,2,3,13,21,8
CITY_K4R_dp_optimal_jenks,w352468394,w352469710,переулок Мичурина,148.1,2,3,13,21,8
CITY_K4R_dp_optimal_jenks,w352468394,w352469712,переулок Мичурина,82.5,2,3,13,21,8
CITY_K4R_dp_optimal_jenks,w352468394,w352469714,переулок Мичурина,126.4,2,3,13,21,8
CITY_K4R_dp_optimal_jenks,w352468394,w352469716,переулок Мичурина,117.3,2,3,13,21,8
CITY_K4R_dp_optimal_jenks,w352468394,w352469717,переулок Мичурина,91.0,2,3,13,21,8
CITY_K4R_dp_optimal_jenks,w352468394,w352469718,переулок Мичурина,156.1,2,3,13,21,8
CITY_K4R_dp_optimal_jenks,w352468394,w352469720,переулок Мичурина,160.3,2,3,13,21,8
CITY_K4R_dp_optimal_jenks,w352468394,w352469721,переулок Мичурина,163.6,2,3,13,21,8
CITY_K4R_dp_optimal_jenks,w352468394,w352470459,переулок Мичурина,239.2,2,3,13,21,8
CITY_K4R_dp_optimal_jenks,w352468394,w352468401,переулок Мичурина,61.1,2,3,13,21,8
CITY_K4R_dp_optimal_jenks,w352468394,w352468405,переулок Мичурина,70.0,2,3,13,21,8
CITY_K4R_dp_optimal_jenks,w352468396,w352469710,переулок Мичурина,149.1,2,3,13,21,8
CITY_K4R_dp_optimal_jenks,w352468396,w352469712,переулок Мичурина,69.7,2,3,13,21,8
CITY_K4R_dp_optimal_jenks,w352468396,w352469714,переулок Мичурина,119.8,2,3,13,21,8
CITY_K4R_dp_optimal_jenks,w352468396,w352469716,переулок Мичурина,108.8,2,3,13,21,8
CITY_K4R_dp_optimal_jenks,w352468396,w352469717,переулок Мичурина,80.2,2,3,13,21,8
CITY_K4R_dp_optimal_jenks,w352468396,w352469718,переулок Мичурина,154.3,2,3,13,21,8
CITY_K4R_dp_optimal_jenks,w352468396,w352469720,переулок Мичурина,156.1,2,3,13,21,8
CITY_K4R_dp_optimal_jenks,w352468396,w352469721,переулок Мичурина,157.6,2,3,13,21,8
CITY_K4R_dp_optimal_jenks,w352468396,w352470459,переулок Мичурина,223.1,2,3,13,21,8
CITY_K4R_dp_optimal_jenks,w352468396,w352470466,переулок Мичурина,246.4,2,3,13,21,8
CITY_K4R_dp_optimal_jenks,w352468396,w352468401,переулок Мичурина,44.5,2,3,13,21,8
CITY_K4R_dp_optimal_jenks,w352468396,w352468405,переулок Мичурина,55.4,2,3,13,21,8
CITY_K4R_dp_optimal_jenks,w352468398,w352469710,улица Мичурина,223.4,2,3,13,21,8
CITY_K4R_dp_optimal_jenks,w352468398,w352469712,улица Мичурина,125.8,2,3,13,21,8
CITY_K4R_dp_optimal_jenks,w352468398,w352469714,улица Мичурина,184.6,2,3,13,21,8
CITY_K4R_dp_optimal_jenks,w352468398,w352469716,улица Мичурина,170.6,2,3,13,21,8
CITY_K4R_dp_optimal_jenks,w352468398,w352469717,улица Мичурина,139.9,2,3,13,21,8
CITY_K4R_dp_optimal_jenks,w352468398,w352469718,улица Мичурина,225.3,2,3,13,21,8
CITY_K4R_dp_optimal_jenks,w352468398,w352469720,улица Мичурина,223.7,2,3,13,21,8
CITY_K4R_dp_optimal_jenks,w352468398,w352469721,улица Мичурина,221.9,2,3,13,21,8
CITY_K4R_dp_optimal_jenks,w352468398,w352470459,улица Мичурина,246.5,2,3,13,21,8
CITY_K4R_dp_optimal_jenks,w352468398,w352470466,улица Мичурина,234.1,2,3,13,21,8
CITY_K4R_dp_optimal_jenks,w352468398,w352468401,улица Мичурина,43.1,2,3,13,21,8
CITY_K4R_dp_optimal_jenks,w352468398,w352468405,улица Мичурина,28.8,2,3,13,21,8
CITY_K4R_dp_optimal_jenks,w352468400,w352469710,улица Мичурина,210.1,2,3,13,21,8
CITY_K4R_dp_optimal_jenks,w352468400,w352469712,улица Мичурина,110.9,2,3,13,21,8
CITY_K4R_dp_optimal_jenks,w352468400,w352469714,улица Мичурина,169.9,2,3,13,21,8
CITY_K4R_dp_optimal_jenks,w352468400,w352469716,улица Мичурина,155.8,2,3,13,21,8
CITY_K4R_dp_optimal_jenks,w352468400,w352469717,улица Мичурина,125.1,2,3,13,21,8
CITY_K4R_dp_optimal_jenks,w352468400,w352469718,улица Мичурина,211.3,2,3,13,21,8
CITY_K4R_dp_optimal_jenks,w352468400,w352469720,улица Мичурина,209.1,2,3,13,21,8
CITY_K4R_dp_optimal_jenks,w352468400,w352469721,улица Мичурина,207.1,2,3,13,21,8
CITY_K4R_dp_optimal_jenks,w352468400,w352470459,улица Мичурина,232.4,2,3,13,21,8
CITY_K4R_dp_optimal_jenks,w352468400,w352470466,улица Мичурина,224.3,2,3,13,21,8
CITY_K4R_dp_optimal_jenks,w352468400,w352468401,улица Мичурина,28.4,2,3,13,21,8
CITY_K4R_dp_optimal_jenks,w352468400,w352468405,улица Мичурина,13.9,2,3,13,21,8
CITY_K4R_dp_optimal_jenks,w352468400,w352470465,улица Мичурина,245.1,2,3,13,21,8
CITY_K4R_dp_optimal_jenks,w352468401,w352468412,улица Мичурина,60.4,3,2,21,13,8
CITY_K4R_dp_optimal_jenks,w352468401,w352469699,улица Мичурина,83.2,3,2,21,13,8
CITY_K4R_dp_optimal_jenks,w352468401,w352469700,улица Мичурина,104.7,3,2,21,13,8
CITY_K4R_dp_optimal_jenks,w352468401,w352469704,улица Мичурина,113.9,3,2,21,13,8
CITY_K4R_dp_optimal_jenks,w352468401,w352468407,улица Мичурина,86.5,3,2,21,13,8
CITY_K4R_dp_optimal_jenks,w352468401,w352468410,улица Мичурина,67.3,3,2,21,13,8
CITY_K4R_dp_optimal_jenks,w352468401,w352468414,улица Мичурина,62.3,3,2,21,13,8
CITY_K4R_dp_optimal_jenks,w352468401,w352469701,улица Мичурина,68.1,3,2,21,13,8
CITY_K4R_dp_optimal_jenks,w352468401,w352469702,улица Мичурина,62.1,3,2,21,13,8
CITY_K4R_dp_optimal_jenks,w352468405,w352468412,улица Мичурина,64.1,3,2,21,13,8
CITY_K4R_dp_optimal_jenks,w352468405,w352469699,улица Мичурина,95.5,3,2,21,13,8
CITY_K4R_dp_optimal_jenks,w352468405,w352469700,улица Мичурина,117.6,3,2,21,13,8
CITY_K4R_dp_optimal_jenks,w352468405,w352469704,улица Мичурина,127.4,3,2,21,13,8
CITY_K4R_dp_optimal_jenks,w352468405,w352468407,улица Мичурина,79.5,3,2,21,13,8
CITY_K4R_dp_optimal_jenks,w352468405,w352468410,улица Мичурина,64.6,3,2,21,13,8
CITY_K4R_dp_optimal_jenks,w352468405,w352468414,улица Мичурина,62.7,3,2,21,13,8
CITY_K4R_dp_optimal_jenks,w352468405,w352469701,улица Мичурина,81.7,3,2,21,13,8
CITY_K4R_dp_optimal_jenks,w352468405,w352469702,улица Мичурина,76.4,3,2,21,13,8
CITY_K4R_dp_optimal_jenks,w352468407,w352469710,Загородная улица,230.7,2,3,13,21,8
CITY_K4R_dp_optimal_jenks,w352468407,w352469712,Загородная улица,155.7,2,3,13,21,8
CITY_K4R_dp_optimal_jenks,w352468407,w352469714,Загородная улица,207.2,2,3,13,21,8
CITY_K4R_dp_optimal_jenks,w352468407,w352469716,Загородная улица,196.3,2,3,13,21,8
CITY_K4R_dp_optimal_jenks,w352468407,w352469717,Загородная улица,167.3,2,3,13,21,8
CITY_K4R_dp_optimal_jenks,w352468407,w352469718,Загородная улица,239.0,2,3,13,21,8
CITY_K4R_dp_optimal_jenks,w352468407,w352469720,Загородная улица,242.6,2,3,13,21,8
CITY_K4R_dp_optimal_jenks,w352468407,w352469721,Загородная улица,244.9,2,3,13,21,8
CITY_K4R_dp_optimal_jenks,w352468410,w352469710,переулок Мичурина,201.6,2,3,13,21,8
CITY_K4R_dp_optimal_jenks,w352468410,w352469712,переулок Мичурина,128.3,2,3,13,21,8
CITY_K4R_dp_optimal_jenks,w352468410,w352469714,переулок Мичурина,178.4,2,3,13,21,8
CITY_K4R_dp_optimal_jenks,w352468410,w352469716,переулок Мичурина,167.9,2,3,13,21,8
CITY_K4R_dp_optimal_jenks,w352468410,w352469717,переулок Мичурина,139.3,2,3,13,21,8
CITY_K4R_dp_optimal_jenks,w352468410,w352469718,переулок Мичурина,209.8,2,3,13,21,8
CITY_K4R_dp_optimal_jenks,w352468410,w352469720,переулок Мичурина,213.5,2,3,13,21,8
CITY_K4R_dp_optimal_jenks,w352468410,w352469721,переулок Мичурина,216.0,2,3,13,21,8
CITY_K4R_dp_optimal_jenks,w352468412,w352469710,переулок Мичурина,173.4,2,3,13,21,8
CITY_K4R_dp_optimal_jenks,w352468412,w352469712,переулок Мичурина,104.5,2,3,13,21,8
CITY_K4R_dp_optimal_jenks,w352468412,w352469714,переулок Мичурина,151.6,2,3,13,21,8
CITY_K4R_dp_optimal_jenks,w352468412,w352469716,переулок Мичурина,141.8,2,3,13,21,8
CITY_K4R_dp_optimal_jenks,w352468412,w352469717,переулок Мичурина,114.3,2,3,13,21,8
CITY_K4R_dp_optimal_jenks,w352468412,w352469718,переулок Мичурина,181.8,2,3,13,21,8
CITY_K4R_dp_optimal_jenks,w352468412,w352469720,переулок Мичурина,185.9,2,3,13,21,8
CITY_K4R_dp_optimal_jenks,w352468412,w352469721,переулок Мичурина,188.9,2,3,13,21,8
CITY_K4R_dp_optimal_jenks,w352468414,w352469710,переулок Мичурина,187.5,2,3,13,21,8
CITY_K4R_dp_optimal_jenks,w352468414,w352469712,переулок Мичурина,116.2,2,3,13,21,8
CITY_K4R_dp_optimal_jenks,w352468414,w352469714,переулок Мичурина,164.9,2,3,13,21,8
CITY_K4R_dp_optimal_jenks,w352468414,w352469716,переулок Мичурина,154.8,2,3,13,21,8
CITY_K4R_dp_optimal_jenks,w352468414,w352469717,переулок Мичурина,126.7,2,3,13,21,8
CITY_K4R_dp_optimal_jenks,w352468414,w352469718,переулок Мичурина,195.8,2,3,13,21,8
CITY_K4R_dp_optimal_jenks,w352468414,w352469720,переулок Мичурина,199.7,2,3,13,21,8
CITY_K4R_dp_optimal_jenks,w352468414,w352469721,переулок Мичурина,202.4,2,3,13,21,8
CITY_K4R_dp_optimal_jenks,w352469699,w352469710,переулок Мичурина,112.4,2,3,13,21,8
CITY_K4R_dp_optimal_jenks,w352469699,w352469712,переулок Мичурина,64.0,2,3,13,21,8
CITY_K4R_dp_optimal_jenks,w352469699,w352469714,переулок Мичурина,95.2,2,3,13,21,8
CITY_K4R_dp_optimal_jenks,w352469699,w352469716,переулок Мичурина,88.5,2,3,13,21,8
CITY_K4R_dp_optimal_jenks,w352469699,w352469717,переулок Мичурина,67.4,2,3,13,21,8
CITY_K4R_dp_optimal_jenks,w352469699,w352469718,переулок Мичурина,121.1,2,3,13,21,8
CITY_K4R_dp_optimal_jenks,w352469699,w352469720,переулок Мичурина,126.5,2,3,13,21,8
CITY_K4R_dp_optimal_jenks,w352469699,w352469721,переулок Мичурина,131.1,2,3,13,21,8
CITY_K4R_dp_optimal_jenks,w352469699,w352470459,переулок Мичурина,222.7,2,3,13,21,8
CITY_K4R_dp_optimal_jenks,w352469700,w352469710,переулок Мичурина,89.8,2,3,13,21,8
CITY_K4R_dp_optimal_jenks,w352469700,w352469712,переулок Мичурина,66.3,2,3,13,21,8
CITY_K4R_dp_optimal_jenks,w352469700,w352469714,переулок Мичурина,81.0,2,3,13,21,8
CITY_K4R_dp_optimal_jenks,w352469700,w352469716,переулок Мичурина,77.9,2,3,13,21,8
CITY_K4R_dp_optimal_jenks,w352469700,w352469717,переулок Мичурина,64.6,2,3,13,21,8
CITY_K4R_dp_optimal_jenks,w352469700,w352469718,переулок Мичурина,100.4,2,3,13,21,8
CITY_K4R_dp_optimal_jenks,w352469700,w352469720,переулок Мичурина,107.9,2,3,13,21,8
CITY_K4R_dp_optimal_jenks,w352469700,w352469721,переулок Мичурина,114.3,2,3,13,21,8
CITY_K4R_dp_optimal_jenks,w352469700,w352470459,переулок Мичурина,219.7,2,3,13,21,8
CITY_K4R_dp_optimal_jenks,w352469701,w352469710,переулок Мичурина,116.6,2,3,13,21,8
CITY_K4R_dp_optimal_jenks,w352469701,w352469712,переулок Мичурина,45.0,2,3,13,21,8
CITY_K4R_dp_optimal_jenks,w352469701,w352469714,переулок Мичурина,87.5,2,3,13,21,8
CITY_K4R_dp_optimal_jenks,w352469701,w352469716,переулок Мичурина,77.7,2,3,13,21,8
CITY_K4R_dp_optimal_jenks,w352469701,w352469717,переулок Мичурина,51.7,2,3,13,21,8
CITY_K4R_dp_optimal_jenks,w352469701,w352469718,переулок Мичурина,121.1,2,3,13,21,8
CITY_K4R_dp_optimal_jenks,w352469701,w352469720,переулок Мичурина,123.1,2,3,13,21,8
CITY_K4R_dp_optimal_jenks,w352469701,w352469721,переулок Мичурина,125.1,2,3,13,21,8
CITY_K4R_dp_optimal_jenks,w352469701,w352470459,переулок Мичурина,203.9,2,3,13,21,8
CITY_K4R_dp_optimal_jenks,w352469701,w352470466,переулок Мичурина,241.5,2,3,13,21,8
CITY_K4R_dp_optimal_jenks,w352469702,w352469710,переулок Мичурина,120.2,2,3,13,21,8
CITY_K4R_dp_optimal_jenks,w352469702,w352469712,переулок Мичурина,33.3,2,3,13,21,8
CITY_K4R_dp_optimal_jenks,w352469702,w352469714,переулок Мичурина,83.7,2,3,13,21,8
CITY_K4R_dp_optimal_jenks,w352469702,w352469716,переулок Мичурина,71.9,2,3,13,21,8
CITY_K4R_dp_optimal_jenks,w352469702,w352469717,переулок Мичурина,43.0,2,3,13,21,8
CITY_K4R_dp_optimal_jenks,w352469702,w352469718,переулок Мичурина,121.8,2,3,13,21,8
CITY_K4R_dp_optimal_jenks,w352469702,w352469720,переулок Мичурина,121.4,2,3,13,21,8
CITY_K4R_dp_optimal_jenks,w352469702,w352469721,переулок Мичурина,121.7,2,3,13,21,8
CITY_K4R_dp_optimal_jenks,w352469702,w352470459,переулок Мичурина,190.9,2,3,13,21,8
CITY_K4R_dp_optimal_jenks,w352469702,w352470466,переулок Мичурина,226.7,2,3,13,21,8
CITY_K4R_dp_optimal_jenks,w352469702,w352470465,переулок Мичурина,240.5,2,3,13,21,8
CITY_K4R_dp_optimal_jenks,w352469704,w352469710,переулок Мичурина,75.3,2,3,13,21,8
CITY_K4R_dp_optimal_jenks,w352469704,w352469712,переулок Мичурина,63.4,2,3,13,21,8
CITY_K4R_dp_optimal_jenks,w352469704,w352469714,переулок Мичурина,67.7,2,3,13,21,8
CITY_K4R_dp_optimal_jenks,w352469704,w352469716,переулок Мичурина,66.5,2,3,13,21,8
CITY_K4R_dp_optimal_jenks,w352469704,w352469717,переулок Мичурина,58.4,2,3,13,21,8
CITY_K4R_dp_optimal_jenks,w352469704,w352469718,переулок Мичурина,85.3,2,3,13,21,8
CITY_K4R_dp_optimal_jenks,w352469704,w352469720,переулок Мичурина,92.9,2,3,13,21,8
CITY_K4R_dp_optimal_jenks,w352469704,w352469721,переулок Мичурина,99.8,2,3,13,21,8
CITY_K4R_dp_optimal_jenks,w352469704,w352470459,переулок Мичурина,210.8,2,3,13,21,8
CITY_K4R_dp_optimal_jenks,w399048811,w96821759,Подольская улица,247.5,3,2,21,13,8
CITY_K4R_dp_optimal_jenks,w404774440,w96821759,Колхозный переулок,237.6,3,2,21,13,8
CITY_K4R_dp_optimal_jenks,w404774441,w96821759,Колхозный переулок,221.0,3,2,21,13,8
CITY_K4R_dp_optimal_jenks,w404774442,w96821759,Колхозная улица,197.0,3,2,21,13,8
CITY_K4R_dp_optimal_jenks,w404776025,w96821759,Колхозная улица,196.0,3,2,21,13,8
CITY_K4R_dp_optimal_jenks,w404776027,w96821759,Колхозная улица,207.8,3,2,21,13,8
CITY_K4R_dp_optimal_jenks,w404776029,w96821759,Колхозная улица,212.6,3,2,21,13,8
CITY_K4R_dp_optimal_jenks,w404776033,w96821759,Колхозный переулок,238.1,3,2,21,13,8
CITY_K4R_dp_optimal_jenks,w47467967,w47475156,улица Космонавтов,113.0,3,2,21,13,8
CITY_K4R_dp_optimal_jenks,w47467967,w47467969,улица Космонавтов,200.1,3,2,21,13,8
CITY_K4R_dp_optimal_jenks,w47467967,w47467972,улица Космонавтов,248.2,3,2,21,13,8
CITY_K4R_dp_optimal_jenks,w47467969,w47467971,улица Космонавтов,249.0,2,3,13,21,8
CITY_K4R_dp_optimal_jenks,w47467969,w47467973,улица Космонавтов,49.0,2,3,13,21,8
CITY_K4R_dp_optimal_jenks,w47467969,w47475157,улица Космонавтов,124.2,2,3,13,21,8
CITY_K4R_dp_optimal_jenks,w47467971,w47475156,улица Космонавтов,150.0,3,2,21,13,8
CITY_K4R_dp_optimal_jenks,w47467972,w47467973,улица Космонавтов,97.1,2,3,13,21,8
CITY_K4R_dp_optimal_jenks,w47467972,w47475157,улица Космонавтов,172.2,2,3,13,21,8
CITY_K4R_dp_optimal_jenks,w47467973,w47475156,улица Космонавтов,112.5,3,2,21,13,8
CITY_K4R_dp_optimal_jenks,w47475148,w47475164,улица Победы,222.7,3,2,21,13,8
CITY_K4R_dp_optimal_jenks,w47475148,w47475167,улица Победы,220.0,3,2,21,13,8
CITY_K4R_dp_optimal_jenks,w47475148,w47475160,улица Победы,101.2,3,2,21,13,8
CITY_K4R_dp_optimal_jenks,w47475148,w47475161,улица Победы,156.0,3,2,21,13,8
CITY_K4R_dp_optimal_jenks,w47475148,w47475169,улица Победы,243.6,3,2,21,13,8
CITY_K4R_dp_optimal_jenks,w47475148,w47475181,улица Победы,212.9,3,2,21,13,8
CITY_K4R_dp_optimal_jenks,w47475148,w47475182,улица Победы,238.8,3,2,21,13,8
CITY_K4R_dp_optimal_jenks,w47475148,w47475183,улица Победы,132.3,3,2,21,13,8
CITY_K4R_dp_optimal_jenks,w47475149,w47475164,Коммунистическая улица,85.4,3,2,21,13,8
CITY_K4R_dp_optimal_jenks,w47475149,w47475167,Коммунистическая улица,170.8,3,2,21,13,8
CITY_K4R_dp_optimal_jenks,w47475149,w47475160,Коммунистическая улица,196.5,3,2,21,13,8
CITY_K4R_dp_optimal_jenks,w47475149,w47475161,Коммунистическая улица,169.9,3,2,21,13,8
CITY_K4R_dp_optimal_jenks,w47475149,w47475169,Коммунистическая улица,236.8,3,2,21,13,8
CITY_K4R_dp_optimal_jenks,w47475149,w47475183,Коммунистическая улица,234.1,3,2,21,13,8
CITY_K4R_dp_optimal_jenks,w47475152,w47475164,Коммунистическая улица,191.7,3,2,21,13,8
CITY_K4R_dp_optimal_jenks,w47475154,w47475160,улица Победы,176.7,3,2,21,13,8
CITY_K4R_dp_optimal_jenks,w47475154,w47475161,улица Победы,231.4,3,2,21,13,8
CITY_K4R_dp_optimal_jenks,w47475154,w47475183,улица Победы,203.5,3,2,21,13,8
CITY_K4R_dp_optimal_jenks,w47475155,w47475164,улица Космонавтов,206.8,3,2,21,13,8
CITY_K4R_dp_optimal_jenks,w47475155,w47475167,улица Космонавтов,226.1,3,2,21,13,8
CITY_K4R_dp_optimal_jenks,w47475155,w47475160,улица Космонавтов,111.1,3,2,21,13,8
CITY_K4R_dp_optimal_jenks,w47475155,w47475161,улица Космонавтов,161.4,3,2,21,13,8
CITY_K4R_dp_optimal_jenks,w47475155,w47475183,улица Космонавтов,160.2,3,2,21,13,8
CITY_K4R_dp_optimal_jenks,w47475156,w47475157,улица Космонавтов,93.7,2,3,13,21,8
CITY_K4R_dp_optimal_jenks,w47475160,w47475165,улица Победы,110.7,2,3,13,21,8
CITY_K4R_dp_optimal_jenks,w47475160,w47475176,улица Победы,53.5,2,3,13,21,8
CITY_K4R_dp_optimal_jenks,w47475160,w47475180,улица Победы,102.2,2,3,13,21,8
CITY_K4R_dp_optimal_jenks,w47475161,w47475165,улица Победы,104.5,2,3,13,21,8
CITY_K4R_dp_optimal_jenks,w47475161,w47475176,улица Победы,108.2,2,3,13,21,8
CITY_K4R_dp_optimal_jenks,w47475161,w47475180,улица Победы,150.6,2,3,13,21,8
CITY_K4R_dp_optimal_jenks,w47475164,w47475165,Коммунистическая улица,74.6,2,3,13,21,8
CITY_K4R_dp_optimal_jenks,w47475164,w47475176,Коммунистическая улица,177.4,2,3,13,21,8
CITY_K4R_dp_optimal_jenks,w47475164,w47475180,Коммунистическая улица,232.6,2,3,13,21,8
CITY_K4R_dp_optimal_jenks,w47475165,w47475167,Коммунистическая улица,140.3,3,2,21,13,8
CITY_K4R_dp_optimal_jenks,w47475165,w47475169,Коммунистическая улица,203.2,3,2,21,13,8
CITY_K4R_dp_optimal_jenks,w47475165,w47475183,Коммунистическая улица,159.8,3,2,21,13,8
CITY_K4R_dp_optimal_jenks,w47475167,w47475176,Коммунистическая улица,172.5,2,3,13,21,8
CITY_K4R_dp_optimal_jenks,w47475167,w47475180,Коммунистическая улица,208.0,2,3,13,21,8
CITY_K4R_dp_optimal_jenks,w47475169,w47475176,улица Победы,199.9,2,3,13,21,8
CITY_K4R_dp_optimal_jenks,w47475169,w47475180,улица Победы,216.1,2,3,13,21,8
CITY_K4R_dp_optimal_jenks,w47475176,w47475181,улица Победы,196.9,3,2,21,13,8
CITY_K4R_dp_optimal_jenks,w47475176,w47475182,улица Победы,213.9,3,2,21,13,8
CITY_K4R_dp_optimal_jenks,w47475176,w47475183,улица Победы,92.1,3,2,21,13,8
CITY_K4R_dp_optimal_jenks,w47475180,w47475181,улица Победы,158.2,3,2,21,13,8
CITY_K4R_dp_optimal_jenks,w47475180,w47475182,улица Победы,188.1,3,2,21,13,8
CITY_K4R_dp_optimal_jenks,w47475180,w47475183,улица Победы,105.0,3,2,21,13,8
CITY_K4R_dp_optimal_jenks,w96821681,w96821759,Колхозная улица,174.9,3,2,21,13,8
CITY_K4R_dp_optimal_jenks,w96821744,w96821759,Колхозная улица,215.0,3,2,21,13,8
CITY_K4R_dp_optimal_jenks,w96821759,w96821767,улица Энгельса,201.2,2,3,13,21,8
CITY_K5R_dp_optimal_jenks,n2334331706,w302370519,Кишинёвская улица,237.9,5,1,30,13,17
CITY_K5R_dp_optimal_jenks,n2334331709,w302370519,Кишинёвская улица,194.0,5,1,30,13,17
CITY_K5R_dp_optimal_jenks,n5172818452,w302370519,Кишинёвская улица,196.8,5,1,30,13,17
CITY_K5R_dp_optimal_jenks,n5172818844,w302370519,Кишинёвская улица,225.4,5,1,30,13,17
CITY_K5R_dp_optimal_jenks,n5172819425,w302370519,Кишинёвская улица,207.5,5,1,30,13,17
CITY_K5R_dp_optimal_jenks,w107683766,w299956671,улица Сергея Лазо,207.2,1,5,13,30,17
CITY_K5R_dp_optimal_jenks,w165631093,w303915656,улица Дзержинского,238.5,1,5,13,30,17
CITY_K5R_dp_optimal_jenks,w165631109,w303915656,улица Дзержинского,249.8,1,5,13,30,17
CITY_K5R_dp_optimal_jenks,w222773039,w299956671,улица Дзержинского,208.2,1,5,13,30,17
CITY_K5R_dp_optimal_jenks,w290851742,w299956671,улица Академика Фёдорова,182.6,1,5,13,30,17
CITY_K5R_dp_optimal_jenks,w302370519,w303915657,улица Дзержинского,198.1,1,5,13,30,17
CITY_K5R_dp_optimal_jenks,w302370519,w303915656,улица Дзержинского,175.4,1,5,13,30,17
CITY_K5R_dp_optimal_jenks,w302370519,w303915659,улица Дзержинского,214.6,1,5,13,30,17
CITY_K5R_dp_optimal_jenks,w302370519,w303915660,улица Дзержинского,197.2,1,5,13,30,17
CITY_K5R_dp_optimal_jenks,n4886201637,w318057741,Кишинёвская улица,220.6,5,3,30,16,14
CITY_K5R_dp_optimal_jenks,n4886201637,w318071328,Кишинёвская улица,233.9,5,3,30,16,14
CITY_K5R_dp_optimal_jenks,n4886201637,w319139360,Кишинёвская улица,247.0,5,3,30,16,14
CITY_K5R_dp_optimal_jenks,n4886201637,w319139364,Кишинёвская улица,237.8,5,3,30,16,14
CITY_K5R_dp_optimal_jenks,w209267155,w319141437,Бельцкая улица,231.2,5,3,30,16,14
CITY_K5R_dp_optimal_jenks,w209267155,w319139364,Бельцкая улица,225.0,5,3,30,16,14
CITY_K5R_dp_optimal_jenks,w209267155,w319141439,Бельцкая улица,241.1,5,3,30,16,14
CITY_K5R_dp_optimal_jenks,n2321993999,w222764128,Путейская улица,136.1,4,2,23,13,10
CITY_K5R_dp_optimal_jenks,n2321993999,w295009405,Путейская улица,185.2,4,2,23,13,10
CITY_K5R_dp_optimal_jenks,n2321993999,w295009406,Путейская улица,199.2,4,2,23,13,10
CITY_K5R_dp_optimal_jenks,n2321993999,w295009407,Путейская улица,213.4,4,2,23,13,10
CITY_K5R_dp_optimal_jenks,n2321993999,w302368270,Путейская улица,239.2,4,2,23,13,10
CITY_K5R_dp_optimal_jenks,n2321994003,w222764128,улица Тургенева,195.9,4,2,23,13,10
CITY_K5R_dp_optimal_jenks,n2321994003,w295009405,улица Тургенева,248.8,4,2,23,13,10
CITY_K5R_dp_optimal_jenks,w161058107,w303915713,улица Тургенева,206.6,4,2,23,13,10
CITY_K5R_dp_optimal_jenks,w161058107,w303915714,улица Тургенева,212.3,4,2,23,13,10
CITY_K5R_dp_optimal_jenks,w161058107,w303915715,улица Тургенева,215.3,4,2,23,13,10
CITY_K5R_dp_optimal_jenks,w161058107,w303915716,улица Тургенева,224.7,4,2,23,13,10
CITY_K5R_dp_optimal_jenks,w161058107,w303915718,улица Тургенева,233.4,4,2,23,13,10
CITY_K5R_dp_optimal_jenks,w161058107,w303915719,улица Тургенева,245.0,4,2,23,13,10
CITY_K5R_dp_optimal_jenks,w161058107,w222764128,улица Тургенева,214.9,4,2,23,13,10
CITY_K5R_dp_optimal_jenks,w161058108,w303915713,Киевская улица,244.1,4,2,23,13,10
CITY_K5R_dp_optimal_jenks,w161058108,w303915714,Киевская улица,246.6,4,2,23,13,10
CITY_K5R_dp_optimal_jenks,w161058108,w303915715,Киевская улица,245.4,4,2,23,13,10
CITY_K5R_dp_optimal_jenks,w222764128,w301982088,улица Георге Асаке,187.8,2,4,13,23,10
CITY_K5R_dp_optimal_jenks,w222764128,w301982089,улица Георге Асаке,165.4,2,4,13,23,10
CITY_K5R_dp_optimal_jenks,w222764128,w301982090,улица Георге Асаке,160.3,2,4,13,23,10
CITY_K5R_dp_optimal_jenks,w222764128,w301982096,улица Георге Асаке,172.4,2,4,13,23,10
CITY_K5R_dp_optimal_jenks,w222764128,w302368617,улица Георге Асаке,172.3,2,4,13,23,10
CITY_K5R_dp_optimal_jenks,w222764128,w303915693,улица Георге Асаке,230.4,2,4,13,23,10
CITY_K5R_dp_optimal_jenks,w222764128,w303915694,улица Георге Асаке,203.2,2,4,13,23,10
CITY_K5R_dp_optimal_jenks,w222764128,w303915696,улица Георге Асаке,233.5,2,4,13,23,10
CITY_K5R_dp_optimal_jenks,w222764128,w303915697,улица Георге Асаке,242.4,2,4,13,23,10
CITY_K5R_dp_optimal_jenks,w222764128,w303915700,улица Георге Асаке,201.9,2,4,13,23,10
CITY_K5R_dp_optimal_jenks,w222764128,w303915703,улица Георге Асаке,218.2,2,4,13,23,10
CITY_K5R_dp_optimal_jenks,w222764128,w303915704,улица Георге Асаке,194.7,2,4,13,23,10
CITY_K5R_dp_optimal_jenks,w222764128,w301982104,улица Георге Асаке,142.7,2,4,13,23,10
CITY_K5R_dp_optimal_jenks,w222764128,w301982107,улица Георге Асаке,110.0,2,4,13,23,10
CITY_K5R_dp_optimal_jenks,w222764128,w301982108,улица Георге Асаке,104.9,2,4,13,23,10
CITY_K5R_dp_optimal_jenks,w222764128,w301982110,улица Георге Асаке,108.0,2,4,13,23,10
CITY_K5R_dp_optimal_jenks,w222764128,w301982111,улица Георге Асаке,111.3,2,4,13,23,10
CITY_K5R_dp_optimal_jenks,w222764128,w301982112,улица Георге Асаке,126.4,2,4,13,23,10
CITY_K5R_dp_optimal_jenks,w222764128,w301982113,улица Георге Асаке,113.3,2,4,13,23,10
CITY_K5R_dp_optimal_jenks,w222764128,w301982100,улица Георге Асаке,150.1,2,4,13,23,10
CITY_K5R_dp_optimal_jenks,w222764128,w302074727,улица Георге Асаке,216.1,2,4,13,23,10
CITY_K5R_dp_optimal_jenks,w222764128,w302074728,улица Георге Асаке,191.4,2,4,13,23,10
CITY_K5R_dp_optimal_jenks,w222764128,w302074735,улица Георге Асаке,246.8,2,4,13,23,10
CITY_K5R_dp_optimal_jenks,w295009405,w301982088,улица Георге Асаке,223.6,2,4,13,23,10
CITY_K5R_dp_optimal_jenks,w295009405,w301982089,улица Георге Асаке,208.9,2,4,13,23,10
CITY_K5R_dp_optimal_jenks,w295009405,w301982090,улица Георге Асаке,208.7,2,4,13,23,10
CITY_K5R_dp_optimal_jenks,w295009405,w301982096,улица Георге Асаке,225.1,2,4,13,23,10
CITY_K5R_dp_optimal_jenks,w295009405,w302368617,улица Георге Асаке,203.0,2,4,13,23,10
CITY_K5R_dp_optimal_jenks,w295009405,w303915694,улица Георге Асаке,233.8,2,4,13,23,10
CITY_K5R_dp_optimal_jenks,w295009405,w303915700,улица Георге Асаке,224.2,2,4,13,23,10
CITY_K5R_dp_optimal_jenks,w295009405,w303915703,улица Георге Асаке,235.1,2,4,13,23,10
CITY_K5R_dp_optimal_jenks,w295009405,w303915704,улица Георге Асаке,212.8,2,4,13,23,10
CITY_K5R_dp_optimal_jenks,w295009405,w301982104,улица Георге Асаке,195.7,2,4,13,23,10
CITY_K5R_dp_optimal_jenks,w295009405,w301982107,улица Георге Асаке,162.9,2,4,13,23,10
CITY_K5R_dp_optimal_jenks,w295009405,w301982108,улица Георге Асаке,155.5,2,4,13,23,10
CITY_K5R_dp_optimal_jenks,w295009405,w301982110,улица Георге Асаке,155.1,2,4,13,23,10
CITY_K5R_dp_optimal_jenks,w295009405,w301982111,улица Георге Асаке,155.8,2,4,13,23,10
CITY_K5R_dp_optimal_jenks,w295009405,w301982112,улица Георге Асаке,168.1,2,4,13,23,10
CITY_K5R_dp_optimal_jenks,w295009405,w301982113,улица Георге Асаке,154.1,2,4,13,23,10
CITY_K5R_dp_optimal_jenks,w295009405,w301982100,улица Георге Асаке,201.8,2,4,13,23,10
CITY_K5R_dp_optimal_jenks,w295009405,w302074728,улица Георге Асаке,239.0,2,4,13,23,10
CITY_K5R_dp_optimal_jenks,w295009406,w301982088,улица Георге Асаке,212.1,2,4,13,23,10
CITY_K5R_dp_optimal_jenks,w295009406,w301982089,улица Георге Асаке,202.3,2,4,13,23,10
CITY_K5R_dp_optimal_jenks,w295009406,w301982090,улица Георге Асаке,206.4,2,4,13,23,10
CITY_K5R_dp_optimal_jenks,w295009406,w301982096,улица Георге Асаке,229.4,2,4,13,23,10
CITY_K5R_dp_optimal_jenks,w295009406,w302368617,улица Георге Асаке,189.3,2,4,13,23,10
CITY_K5R_dp_optimal_jenks,w295009406,w303915693,улица Георге Асаке,249.6,2,4,13,23,10
CITY_K5R_dp_optimal_jenks,w295009406,w303915694,улица Георге Асаке,219.5,2,4,13,23,10
CITY_K5R_dp_optimal_jenks,w295009406,w303915696,улица Георге Асаке,248.7,2,4,13,23,10
CITY_K5R_dp_optimal_jenks,w295009406,w303915700,улица Георге Асаке,206.7,2,4,13,23,10
CITY_K5R_dp_optimal_jenks,w295009406,w303915703,улица Георге Асаке,215.6,2,4,13,23,10
CITY_K5R_dp_optimal_jenks,w295009406,w303915704,улица Георге Асаке,194.0,2,4,13,23,10
CITY_K5R_dp_optimal_jenks,w295009406,w301982104,улица Георге Асаке,202.6,2,4,13,23,10
CITY_K5R_dp_optimal_jenks,w295009406,w301982107,улица Георге Асаке,168.6,2,4,13,23,10
CITY_K5R_dp_optimal_jenks,w295009406,w301982108,улица Георге Асаке,156.6,2,4,13,23,10
CITY_K5R_dp_optimal_jenks,w295009406,w301982110,улица Георге Асаке,152.6,2,4,13,23,10
CITY_K5R_dp_optimal_jenks,w295009406,w301982111,улица Георге Асаке,151.2,2,4,13,23,10
CITY_K5R_dp_optimal_jenks,w295009406,w301982112,улица Георге Асаке,161.1,2,4,13,23,10
CITY_K5R_dp_optimal_jenks,w295009406,w301982113,улица Георге Асаке,147.0,2,4,13,23,10
CITY_K5R_dp_optimal_jenks,w295009406,w301982100,улица Георге Асаке,212.8,2,4,13,23,10
CITY_K5R_dp_optimal_jenks,w295009407,w301982088,улица Георге Асаке,211.3,2,4,13,23,10
CITY_K5R_dp_optimal_jenks,w295009407,w301982089,улица Георге Асаке,205.2,2,4,13,23,10
CITY_K5R_dp_optimal_jenks,w295009407,w301982090,улица Георге Асаке,212.0,2,4,13,23,10
CITY_K5R_dp_optimal_jenks,w295009407,w301982096,улица Георге Асаке,238.9,2,4,13,23,10
CITY_K5R_dp_optimal_jenks,w295009407,w302368617,улица Георге Асаке,186.8,2,4,13,23,10
CITY_K5R_dp_optimal_jenks,w295009407,w303915693,улица Георге Асаке,246.9,2,4,13,23,10
CITY_K5R_dp_optimal_jenks,w295009407,w303915694,улица Георге Асаке,216.4,2,4,13,23,10
CITY_K5R_dp_optimal_jenks,w295009407,w303915696,улица Георге Асаке,245.0,2,4,13,23,10
CITY_K5R_dp_optimal_jenks,w295009407,w303915697,улица Георге Асаке,249.3,2,4,13,23,10
CITY_K5R_dp_optimal_jenks,w295009407,w303915700,улица Георге Асаке,200.8,2,4,13,23,10
CITY_K5R_dp_optimal_jenks,w295009407,w303915703,улица Георге Асаке,207.7,2,4,13,23,10
CITY_K5R_dp_optimal_jenks,w295009407,w303915704,улица Георге Асаке,186.8,2,4,13,23,10
CITY_K5R_dp_optimal_jenks,w295009407,w301982104,улица Георге Асаке,213.5,2,4,13,23,10
CITY_K5R_dp_optimal_jenks,w295009407,w301982107,улица Георге Асаке,179.1,2,4,13,23,10
CITY_K5R_dp_optimal_jenks,w295009407,w301982108,улица Георге Асаке,164.8,2,4,13,23,10
CITY_K5R_dp_optimal_jenks,w295009407,w301982110,улица Георге Асаке,158.6,2,4,13,23,10
CITY_K5R_dp_optimal_jenks,w295009407,w301982111,улица Георге Асаке,155.9,2,4,13,23,10
CITY_K5R_dp_optimal_jenks,w295009407,w301982112,улица Георге Асаке,164.1,2,4,13,23,10
CITY_K5R_dp_optimal_jenks,w295009407,w301982113,улица Георге Асаке,150.2,2,4,13,23,10
CITY_K5R_dp_optimal_jenks,w295009407,w301982100,улица Георге Асаке,225.7,2,4,13,23,10
CITY_K5R_dp_optimal_jenks,w301982088,w302368616,Киевская улица,198.5,4,2,23,13,10
CITY_K5R_dp_optimal_jenks,w301982088,w303836248,Киевская улица,241.9,4,2,23,13,10
CITY_K5R_dp_optimal_jenks,w301982088,w303836250,Киевская улица,229.0,4,2,23,13,10
CITY_K5R_dp_optimal_jenks,w301982088,w303915713,Киевская улица,152.0,4,2,23,13,10
CITY_K5R_dp_optimal_jenks,w301982088,w303915714,Киевская улица,157.2,4,2,23,13,10
CITY_K5R_dp_optimal_jenks,w301982088,w303915715,Киевская улица,160.0,4,2,23,13,10
CITY_K5R_dp_optimal_jenks,w301982088,w303915716,Киевская улица,169.6,4,2,23,13,10
CITY_K5R_dp_optimal_jenks,w301982088,w303915718,Киевская улица,178.6,4,2,23,13,10
CITY_K5R_dp_optimal_jenks,w301982088,w303915719,Киевская улица,190.5,4,2,23,13,10
CITY_K5R_dp_optimal_jenks,w301982088,w303915721,Киевская улица,197.8,4,2,23,13,10
CITY_K5R_dp_optimal_jenks,w301982088,w303915722,Киевская улица,207.3,4,2,23,13,10
CITY_K5R_dp_optimal_jenks,w301982088,w303915723,Киевская улица,216.4,4,2,23,13,10
CITY_K5R_dp_optimal_jenks,w301982088,w303915724,Киевская улица,227.0,4,2,23,13,10
CITY_K5R_dp_optimal_jenks,w301982088,w705816382,Киевская улица,247.1,4,2,23,13,10
CITY_K5R_dp_optimal_jenks,w301982088,w705834164,Киевская улица,215.7,4,2,23,13,10
CITY_K5R_dp_optimal_jenks,w301982088,w705834165,Киевская улица,217.4,4,2,23,13,10
CITY_K5R_dp_optimal_jenks,w301982088,w302368270,Киевская улица,205.3,4,2,23,13,10
CITY_K5R_dp_optimal_jenks,w301982088,w302368615,Киевская улица,211.5,4,2,23,13,10
CITY_K5R_dp_optimal_jenks,w301982089,w302368616,улица Тургенева,211.3,4,2,23,13,10
CITY_K5R_dp_optimal_jenks,w301982089,w303836250,улица Тургенева,248.5,4,2,23,13,10
CITY_K5R_dp_optimal_jenks,w301982089,w303915713,улица Тургенева,174.7,4,2,23,13,10
CITY_K5R_dp_optimal_jenks,w301982089,w303915714,улица Тургенева,183.1,4,2,23,13,10
CITY_K5R_dp_optimal_jenks,w301982089,w303915715,улица Тургенева,189.6,4,2,23,13,10
CITY_K5R_dp_optimal_jenks,w301982089,w303915716,улица Тургенева,201.3,4,2,23,13,10
CITY_K5R_dp_optimal_jenks,w301982089,w303915718,улица Тургенева,212.1,4,2,23,13,10
CITY_K5R_dp_optimal_jenks,w301982089,w303915719,улица Тургенева,225.2,4,2,23,13,10
CITY_K5R_dp_optimal_jenks,w301982089,w303915721,улица Тургенева,233.7,4,2,23,13,10
CITY_K5R_dp_optimal_jenks,w301982089,w303915722,улица Тургенева,243.9,4,2,23,13,10
CITY_K5R_dp_optimal_jenks,w301982089,w705834164,улица Тургенева,231.6,4,2,23,13,10
CITY_K5R_dp_optimal_jenks,w301982089,w705834165,улица Тургенева,235.4,4,2,23,13,10
CITY_K5R_dp_optimal_jenks,w301982089,w302368270,улица Тургенева,207.0,4,2,23,13,10
CITY_K5R_dp_optimal_jenks,w301982089,w302368615,улица Тургенева,220.6,4,2,23,13,10
CITY_K5R_dp_optimal_jenks,w301982090,w302368616,улица Тургенева,230.9,4,2,23,13,10
CITY_K5R_dp_optimal_jenks,w301982090,w303915713,улица Тургенева,200.8,4,2,23,13,10
CITY_K5R_dp_optimal_jenks,w301982090,w303915714,улица Тургенева,210.6,4,2,23,13,10
CITY_K5R_dp_optimal_jenks,w301982090,w303915715,улица Тургенева,218.9,4,2,23,13,10
CITY_K5R_dp_optimal_jenks,w301982090,w303915716,улица Тургенева,231.4,4,2,23,13,10
CITY_K5R_dp_optimal_jenks,w301982090,w303915718,улица Тургенева,243.0,4,2,23,13,10
CITY_K5R_dp_optimal_jenks,w301982090,w302368270,улица Тургенева,219.4,4,2,23,13,10
CITY_K5R_dp_optimal_jenks,w301982090,w302368615,улица Тургенева,237.7,4,2,23,13,10
CITY_K5R_dp_optimal_jenks,w301982100,w302368270,улица Старого,248.3,4,2,23,13,10
CITY_K5R_dp_optimal_jenks,w301982104,w303915713,Путейская улица,243.6,4,2,23,13,10
CITY_K5R_dp_optimal_jenks,w301982104,w302368270,Путейская улица,232.0,4,2,23,13,10
CITY_K5R_dp_optimal_jenks,w301982107,w302368616,Путейская улица,223.8,4,2,23,13,10
CITY_K5R_dp_optimal_jenks,w301982107,w303915713,Путейская улица,212.4,4,2,23,13,10
CITY_K5R_dp_optimal_jenks,w301982107,w303915714,Путейская улица,225.3,4,2,23,13,10
CITY_K5R_dp_optimal_jenks,w301982107,w303915715,Путейская улица,238.2,4,2,23,13,10
CITY_K5R_dp_optimal_jenks,w301982107,w705834164,Путейская улица,247.6,4,2,23,13,10
CITY_K5R_dp_optimal_jenks,w301982107,w302368270,Путейская улица,197.3,4,2,23,13,10
CITY_K5R_dp_optimal_jenks,w301982107,w302368615,Путейская улица,224.2,4,2,23,13,10
CITY_K5R_dp_optimal_jenks,w301982108,w302368616,Путейская улица,199.8,4,2,23,13,10
CITY_K5R_dp_optimal_jenks,w301982108,w302492922,Путейская улица,249.6,4,2,23,13,10
CITY_K5R_dp_optimal_jenks,w301982108,w303836250,Путейская улица,244.8,4,2,23,13,10
CITY_K5R_dp_optimal_jenks,w301982108,w303915713,Путейская улица,183.7,4,2,23,13,10
CITY_K5R_dp_optimal_jenks,w301982108,w303915714,Путейская улица,196.1,4,2,23,13,10
CITY_K5R_dp_optimal_jenks,w301982108,w303915715,Путейская улица,208.4,4,2,23,13,10
CITY_K5R_dp_optimal_jenks,w301982108,w303915716,Путейская улица,222.7,4,2,23,13,10
CITY_K5R_dp_optimal_jenks,w301982108,w303915718,Путейская улица,236.0,4,2,23,13,10
CITY_K5R_dp_optimal_jenks,w301982108,w705816382,Путейская улица,241.3,4,2,23,13,10
CITY_K5R_dp_optimal_jenks,w301982108,w705834164,Путейская улица,223.2,4,2,23,13,10
CITY_K5R_dp_optimal_jenks,w301982108,w705834165,Путейская улица,230.3,4,2,23,13,10
CITY_K5R_dp_optimal_jenks,w301982108,w302368270,Путейская улица,178.4,4,2,23,13,10
CITY_K5R_dp_optimal_jenks,w301982108,w302368615,Путейская улица,202.3,4,2,23,13,10
CITY_K5R_dp_optimal_jenks,w301982110,w302368616,Путейская улица,185.0,4,2,23,13,10
CITY_K5R_dp_optimal_jenks,w301982110,w302492922,Путейская улица,237.1,4,2,23,13,10
CITY_K5R_dp_optimal_jenks,w301982110,w302492924,Путейская улица,249.7,4,2,23,13,10
CITY_K5R_dp_optimal_jenks,w301982110,w303836248,Путейская улица,248.8,4,2,23,13,10
CITY_K5R_dp_optimal_jenks,w301982110,w303836250,Путейская улица,228.5,4,2,23,13,10
CITY_K5R_dp_optimal_jenks,w301982110,w303915713,Путейская улица,164.4,4,2,23,13,10
CITY_K5R_dp_optimal_jenks,w301982110,w303915714,Путейская улица,176.3,4,2,23,13,10
CITY_K5R_dp_optimal_jenks,w301982110,w303915715,Путейская улица,187.9,4,2,23,13,10
CITY_K5R_dp_optimal_jenks,w301982110,w303915716,Путейская улица,202.0,4,2,23,13,10
CITY_K5R_dp_optimal_jenks,w301982110,w303915718,Путейская улица,215.0,4,2,23,13,10
CITY_K5R_dp_optimal_jenks,w301982110,w303915719,Путейская улица,229.4,4,2,23,13,10
CITY_K5R_dp_optimal_jenks,w301982110,w303915721,Путейская улица,239.3,4,2,23,13,10
CITY_K5R_dp_optimal_jenks,w301982110,w705816382,Путейская улица,228.4,4,2,23,13,10
CITY_K5R_dp_optimal_jenks,w301982110,w705834164,Путейская улица,207.8,4,2,23,13,10
CITY_K5R_dp_optimal_jenks,w301982110,w705834165,Путейская улица,214.2,4,2,23,13,10
CITY_K5R_dp_optimal_jenks,w301982110,w302368270,Путейская улица,168.1,4,2,23,13,10
CITY_K5R_dp_optimal_jenks,w301982110,w302368615,Путейская улица,189.3,4,2,23,13,10
CITY_K5R_dp_optimal_jenks,w301982111,w302368616,Путейская улица,176.7,4,2,23,13,10
CITY_K5R_dp_optimal_jenks,w301982111,w302492922,Путейская улица,230.2,4,2,23,13,10
CITY_K5R_dp_optimal_jenks,w301982111,w302492924,Путейская улица,243.0,4,2,23,13,10
CITY_K5R_dp_optimal_jenks,w301982111,w302492928,Путейская улица,246.8,4,2,23,13,10
CITY_K5R_dp_optimal_jenks,w301982111,w303836248,Путейская улица,239.0,4,2,23,13,10
CITY_K5R_dp_optimal_jenks,w301982111,w303836250,Путейская улица,219.3,4,2,23,13,10
CITY_K5R_dp_optimal_jenks,w301982111,w303915713,Путейская улица,153.5,4,2,23,13,10
CITY_K5R_dp_optimal_jenks,w301982111,w303915714,Путейская улица,165.0,4,2,23,13,10
CITY_K5R_dp_optimal_jenks,w301982111,w303915715,Путейская улица,176.2,4,2,23,13,10
CITY_K5R_dp_optimal_jenks,w301982111,w303915716,Путейская улица,190.1,4,2,23,13,10
CITY_K5R_dp_optimal_jenks,w301982111,w303915718,Путейская улица,203.0,4,2,23,13,10
CITY_K5R_dp_optimal_jenks,w301982111,w303915719,Путейская улица,217.3,4,2,23,13,10
CITY_K5R_dp_optimal_jenks,w301982111,w303915721,Путейская улица,227.2,4,2,23,13,10
CITY_K5R_dp_optimal_jenks,w301982111,w303915722,Путейская улица,238.2,4,2,23,13,10
CITY_K5R_dp_optimal_jenks,w301982111,w705816382,Путейская улица,221.2,4,2,23,13,10
CITY_K5R_dp_optimal_jenks,w301982111,w705834164,Путейская улица,199.2,4,2,23,13,10
CITY_K5R_dp_optimal_jenks,w301982111,w705834165,Путейская улица,205.2,4,2,23,13,10
CITY_K5R_dp_optimal_jenks,w301982111,w302368270,Путейская улица,162.9,4,2,23,13,10
CITY_K5R_dp_optimal_jenks,w301982111,w302368615,Путейская улица,182.2,4,2,23,13,10
CITY_K5R_dp_optimal_jenks,w301982112,w302368616,Путейская улица,175.8,4,2,23,13,10
CITY_K5R_dp_optimal_jenks,w301982112,w302492922,Путейская улица,231.4,4,2,23,13,10
CITY_K5R_dp_optimal_jenks,w301982112,w302492924,Путейская улица,244.7,4,2,23,13,10
CITY_K5R_dp_optimal_jenks,w301982112,w302492928,Путейская улица,245.9,4,2,23,13,10
CITY_K5R_dp_optimal_jenks,w301982112,w303836248,Путейская улица,234.4,4,2,23,13,10
CITY_K5R_dp_optimal_jenks,w301982112,w303836250,Путейская улица,216.1,4,2,23,13,10
CITY_K5R_dp_optimal_jenks,w301982112,w303915713,Путейская улица,146.5,4,2,23,13,10
CITY_K5R_dp_optimal_jenks,w301982112,w303915714,Путейская улица,156.9,4,2,23,13,10
CITY_K5R_dp_optimal_jenks,w301982112,w303915715,Путейская улица,166.6,4,2,23,13,10
CITY_K5R_dp_optimal_jenks,w301982112,w303915716,Путейская улица,179.9,4,2,23,13,10
CITY_K5R_dp_optimal_jenks,w301982112,w303915718,Путейская улица,192.2,4,2,23,13,10
CITY_K5R_dp_optimal_jenks,w301982112,w303915719,Путейская улица,206.3,4,2,23,13,10
CITY_K5R_dp_optimal_jenks,w301982112,w303915721,Путейская улица,215.8,4,2,23,13,10
CITY_K5R_dp_optimal_jenks,w301982112,w303915722,Путейская улица,226.7,4,2,23,13,10
CITY_K5R_dp_optimal_jenks,w301982112,w303915723,Путейская улица,238.4,4,2,23,13,10
CITY_K5R_dp_optimal_jenks,w301982112,w705816382,Путейская улица,222.0,4,2,23,13,10
CITY_K5R_dp_optimal_jenks,w301982112,w705834164,Путейская улица,197.4,4,2,23,13,10
CITY_K5R_dp_optimal_jenks,w301982112,w705834165,Путейская улица,202.4,4,2,23,13,10
CITY_K5R_dp_optimal_jenks,w301982112,w302368270,Путейская улица,167.3,4,2,23,13,10
CITY_K5R_dp_optimal_jenks,w301982112,w302368615,Путейская улица,183.3,4,2,23,13,10
CITY_K5R_dp_optimal_jenks,w301982113,w302368616,Путейская улица,164.6,4,2,23,13,10
CITY_K5R_dp_optimal_jenks,w301982113,w302492922,Путейская улица,219.3,4,2,23,13,10
CITY_K5R_dp_optimal_jenks,w301982113,w302492924,Путейская улица,232.4,4,2,23,13,10
CITY_K5R_dp_optimal_jenks,w301982113,w302492926,Путейская улица,242.2,4,2,23,13,10
CITY_K5R_dp_optimal_jenks,w301982113,w302492928,Путейская улица,234.7,4,2,23,13,10
CITY_K5R_dp_optimal_jenks,w301982113,w303833096,Путейская улица,245.3,4,2,23,13,10
CITY_K5R_dp_optimal_jenks,w301982113,w303836248,Путейская улица,225.2,4,2,23,13,10
CITY_K5R_dp_optimal_jenks,w301982113,w303836250,Путейская улица,206.1,4,2,23,13,10
CITY_K5R_dp_optimal_jenks,w301982113,w303915713,Путейская улица,138.7,4,2,23,13,10
CITY_K5R_dp_optimal_jenks,w301982113,w303915714,Путейская улица,150.0,4,2,23,13,10
CITY_K5R_dp_optimal_jenks,w301982113,w303915715,Путейская улица,160.8,4,2,23,13,10
CITY_K5R_dp_optimal_jenks,w301982113,w303915716,Путейская улица,174.6,4,2,23,13,10
CITY_K5R_dp_optimal_jenks,w301982113,w303915718,Путейская улица,187.5,4,2,23,13,10
CITY_K5R_dp_optimal_jenks,w301982113,w303915719,Путейская улица,201.8,4,2,23,13,10
CITY_K5R_dp_optimal_jenks,w301982113,w303915721,Путейская улица,211.6,4,2,23,13,10
CITY_K5R_dp_optimal_jenks,w301982113,w303915722,Путейская улица,222.7,4,2,23,13,10
CITY_K5R_dp_optimal_jenks,w301982113,w303915723,Путейская улица,234.9,4,2,23,13,10
CITY_K5R_dp_optimal_jenks,w301982113,w303915724,Путейская улица,247.2,4,2,23,13,10
CITY_K5R_dp_optimal_jenks,w301982113,w705816382,Путейская улица,210.1,4,2,23,13,10
CITY_K5R_dp_optimal_jenks,w301982113,w705834164,Путейская улица,186.6,4,2,23,13,10
CITY_K5R_dp_optimal_jenks,w301982113,w705834165,Путейская улица,192.1,4,2,23,13,10
CITY_K5R_dp_optimal_jenks,w301982113,w302368270,Путейская улица,154.1,4,2,23,13,10
CITY_K5R_dp_optimal_jenks,w301982113,w302368615,Путейская улица,171.2,4,2,23,13,10
CITY_K5R_dp_optimal_jenks,w302368270,w303915706,Путейская улица,244.0,2,4,13,23,10
CITY_K5R_dp_optimal_jenks,w302368270,w302368617,Путейская улица,178.1,2,4,13,23,10
CITY_K5R_dp_optimal_jenks,w302368270,w303915693,Путейская улица,236.5,2,4,13,23,10
CITY_K5R_dp_optimal_jenks,w302368270,w303915694,Путейская улица,205.7,2,4,13,23,10
CITY_K5R_dp_optimal_jenks,w302368270,w303915696,Путейская улица,232.4,2,4,13,23,10
CITY_K5R_dp_optimal_jenks,w302368270,w303915697,Путейская улица,234.7,2,4,13,23,10
CITY_K5R_dp_optimal_jenks,w302368270,w303915700,Путейская улица,184.5,2,4,13,23,10
CITY_K5R_dp_optimal_jenks,w302368270,w303915701,Путейская улица,236.7,2,4,13,23,10
CITY_K5R_dp_optimal_jenks,w302368270,w303915703,Путейская улица,187.2,2,4,13,23,10
CITY_K5R_dp_optimal_jenks,w302368270,w303915704,Путейская улица,168.4,2,4,13,23,10
CITY_K5R_dp_optimal_jenks,w302368270,w303915705,Путейская улица,236.5,2,4,13,23,10
CITY_K5R_dp_optimal_jenks,w302368615,w303915706,улица Георге Асаке,231.3,2,4,13,23,10
CITY_K5R_dp_optimal_jenks,w302368615,w303915708,улица Георге Асаке,236.8,2,4,13,23,10
CITY_K5R_dp_optimal_jenks,w302368615,w303915709,улица Георге Асаке,243.8,2,4,13,23,10
CITY_K5R_dp_optimal_jenks,w302368615,w302368617,улица Георге Асаке,182.3,2,4,13,23,10
CITY_K5R_dp_optimal_jenks,w302368615,w303915693,улица Георге Асаке,237.3,2,4,13,23,10
CITY_K5R_dp_optimal_jenks,w302368615,w303915694,улица Георге Асаке,206.9,2,4,13,23,10
CITY_K5R_dp_optimal_jenks,w302368615,w303915696,улица Георге Асаке,231.1,2,4,13,23,10
CITY_K5R_dp_optimal_jenks,w302368615,w303915697,улица Георге Асаке,231.0,2,4,13,23,10
CITY_K5R_dp_optimal_jenks,w302368615,w303915700,улица Георге Асаке,180.1,2,4,13,23,10
CITY_K5R_dp_optimal_jenks,w302368615,w303915701,улица Георге Асаке,230.2,2,4,13,23,10
CITY_K5R_dp_optimal_jenks,w302368615,w303915703,улица Георге Асаке,177.6,2,4,13,23,10
CITY_K5R_dp_optimal_jenks,w302368615,w303915704,улица Георге Асаке,161.9,2,4,13,23,10
CITY_K5R_dp_optimal_jenks,w302368615,w303915705,улица Георге Асаке,227.1,2,4,13,23,10
CITY_K5R_dp_optimal_jenks,w302368616,w303915706,улица Георге Асаке,211.7,2,4,13,23,10
CITY_K5R_dp_optimal_jenks,w302368616,w303915708,улица Георге Асаке,216.8,2,4,13,23,10
CITY_K5R_dp_optimal_jenks,w302368616,w303915709,улица Георге Асаке,223.4,2,4,13,23,10
CITY_K5R_dp_optimal_jenks,w302368616,w302368617,улица Георге Асаке,168.7,2,4,13,23,10
CITY_K5R_dp_optimal_jenks,w302368616,w303915693,улица Георге Асаке,221.8,2,4,13,23,10
CITY_K5R_dp_optimal_jenks,w302368616,w303915694,улица Георге Асаке,191.7,2,4,13,23,10
CITY_K5R_dp_optimal_jenks,w302368616,w303915696,улица Георге Асаке,214.7,2,4,13,23,10
CITY_K5R_dp_optimal_jenks,w302368616,w303915697,улица Георге Асаке,213.7,2,4,13,23,10
CITY_K5R_dp_optimal_jenks,w302368616,w303915700,улица Георге Асаке,163.0,2,4,13,23,10
CITY_K5R_dp_optimal_jenks,w302368616,w303915701,улица Георге Асаке,212.2,2,4,13,23,10
CITY_K5R_dp_optimal_jenks,w302368616,w303915703,улица Георге Асаке,158.8,2,4,13,23,10
CITY_K5R_dp_optimal_jenks,w302368616,w303915704,улица Георге Асаке,144.2,2,4,13,23,10
CITY_K5R_dp_optimal_jenks,w302368616,w303915705,улица Георге Асаке,208.2,2,4,13,23,10
CITY_K5R_dp_optimal_jenks,w302368617,w302492922,Киевская улица,227.7,4,2,23,13,10
CITY_K5R_dp_optimal_jenks,w302368617,w302492924,Киевская улица,241.7,4,2,23,13,10
CITY_K5R_dp_optimal_jenks,w302368617,w302492928,Киевская улица,234.6,4,2,23,13,10
CITY_K5R_dp_optimal_jenks,w302368617,w303833095,Киевская улица,244.1,4,2,23,13,10
CITY_K5R_dp_optimal_jenks,w302368617,w303833096,Киевская улица,225.7,4,2,23,13,10
CITY_K5R_dp_optimal_jenks,w302368617,w303836248,Киевская улица,211.6,4,2,23,13,10
CITY_K5R_dp_optimal_jenks,w302368617,w303836250,Киевская улица,198.6,4,2,23,13,10
CITY_K5R_dp_optimal_jenks,w302368617,w303836258,Киевская улица,239.8,4,2,23,13,10
CITY_K5R_dp_optimal_jenks,w302368617,w303836260,Киевская улица,246.5,4,2,23,13,10
CITY_K5R_dp_optimal_jenks,w302368617,w303915713,Киевская улица,121.6,4,2,23,13,10
CITY_K5R_dp_optimal_jenks,w302368617,w303915714,Киевская улица,127.1,4,2,23,13,10
CITY_K5R_dp_optimal_jenks,w302368617,w303915715,Киевская улица,130.6,4,2,23,13,10
CITY_K5R_dp_optimal_jenks,w302368617,w303915716,Киевская улица,140.9,4,2,23,13,10
CITY_K5R_dp_optimal_jenks,w302368617,w303915718,Киевская улица,150.6,4,2,23,13,10
CITY_K5R_dp_optimal_jenks,w302368617,w303915719,Киевская улица,163.1,4,2,23,13,10
CITY_K5R_dp_optimal_jenks,w302368617,w303915721,Киевская улица,171.1,4,2,23,13,10
CITY_K5R_dp_optimal_jenks,w302368617,w303915722,Киевская улица,181.0,4,2,23,13,10
CITY_K5R_dp_optimal_jenks,w302368617,w303915723,Киевская улица,190.9,4,2,23,13,10
CITY_K5R_dp_optimal_jenks,w302368617,w303915724,Киевская улица,202.1,4,2,23,13,10
CITY_K5R_dp_optimal_jenks,w302368617,w705816382,Киевская улица,217.4,4,2,23,13,10
CITY_K5R_dp_optimal_jenks,w302368617,w705834164,Киевская улица,185.5,4,2,23,13,10
CITY_K5R_dp_optimal_jenks,w302368617,w705834165,Киевская улица,187.1,4,2,23,13,10
CITY_K5R_dp_optimal_jenks,w302492922,w303915700,Первомайская улица,220.7,2,4,13,23,10
CITY_K5R_dp_optimal_jenks,w302492922,w303915703,Первомайская улица,214.3,2,4,13,23,10
CITY_K5R_dp_optimal_jenks,w302492922,w303915704,Первомайская улица,201.5,2,4,13,23,10
CITY_K5R_dp_optimal_jenks,w302492924,w303915700,Первомайская улица,234.8,2,4,13,23,10
CITY_K5R_dp_optimal_jenks,w302492924,w303915703,Первомайская улица,228.0,2,4,13,23,10
CITY_K5R_dp_optimal_jenks,w302492924,w303915704,Первомайская улица,215.5,2,4,13,23,10
CITY_K5R_dp_optimal_jenks,w302492926,w303915700,Первомайская улица,246.3,2,4,13,23,10
CITY_K5R_dp_optimal_jenks,w302492926,w303915703,Первомайская улица,239.6,2,4,13,23,10
CITY_K5R_dp_optimal_jenks,w302492926,w303915704,Первомайская улица,227.1,2,4,13,23,10
CITY_K5R_dp_optimal_jenks,w302492928,w303915700,улица Георге Асаке,221.8,2,4,13,23,10
CITY_K5R_dp_optimal_jenks,w302492928,w303915703,улица Георге Асаке,211.6,2,4,13,23,10
CITY_K5R_dp_optimal_jenks,w302492928,w303915704,улица Георге Асаке,202.0,2,4,13,23,10
CITY_K5R_dp_optimal_jenks,w302492930,w303915700,улица Георге Асаке,249.2,2,4,13,23,10
CITY_K5R_dp_optimal_jenks,w302492930,w303915703,улица Георге Асаке,236.6,2,4,13,23,10
CITY_K5R_dp_optimal_jenks,w302492930,w303915704,улица Георге Асаке,229.1,2,4,13,23,10
CITY_K5R_dp_optimal_jenks,w302492937,w303915704,Первомайская улица,239.4,2,4,13,23,10
CITY_K5R_dp_optimal_jenks,w303833095,w303915706,улица Георге Асаке,248.5,2,4,13,23,10
CITY_K5R_dp_optimal_jenks,w303833095,w303915708,улица Георге Асаке,248.5,2,4,13,23,10
CITY_K5R_dp_optimal_jenks,w303833095,w303915709,улица Георге Асаке,246.0,2,4,13,23,10
CITY_K5R_dp_optimal_jenks,w303833095,w303915700,улица Георге Асаке,224.5,2,4,13,23,10
CITY_K5R_dp_optimal_jenks,w303833095,w303915703,улица Георге Асаке,209.9,2,4,13,23,10
CITY_K5R_dp_optimal_jenks,w303833095,w303915704,улица Георге Асаке,204.4,2,4,13,23,10
CITY_K5R_dp_optimal_jenks,w303833096,w303915706,улица Георге Асаке,216.7,2,4,13,23,10
CITY_K5R_dp_optimal_jenks,w303833096,w303915708,улица Георге Асаке,215.6,2,4,13,23,10
CITY_K5R_dp_optimal_jenks,w303833096,w303915709,улица Георге Асаке,211.5,2,4,13,23,10
CITY_K5R_dp_optimal_jenks,w303833096,w303915694,улица Георге Асаке,238.5,2,4,13,23,10
CITY_K5R_dp_optimal_jenks,w303833096,w303915697,улица Георге Асаке,244.7,2,4,13,23,10
CITY_K5R_dp_optimal_jenks,w303833096,w303915700,улица Георге Асаке,200.7,2,4,13,23,10
CITY_K5R_dp_optimal_jenks,w303833096,w303915701,улица Георге Асаке,236.0,2,4,13,23,10
CITY_K5R_dp_optimal_jenks,w303833096,w303915703,улица Георге Асаке,183.1,2,4,13,23,10
CITY_K5R_dp_optimal_jenks,w303833096,w303915704,улица Георге Асаке,180.9,2,4,13,23,10
CITY_K5R_dp_optimal_jenks,w303833096,w303915705,улица Георге Асаке,223.9,2,4,13,23,10
CITY_K5R_dp_optimal_jenks,w303833098,w303915706,улица Георге Асаке,248.6,2,4,13,23,10
CITY_K5R_dp_optimal_jenks,w303833098,w303915708,улица Георге Асаке,247.7,2,4,13,23,10
CITY_K5R_dp_optimal_jenks,w303833098,w303915709,улица Георге Асаке,243.7,2,4,13,23,10
CITY_K5R_dp_optimal_jenks,w303833098,w303915700,улица Георге Асаке,229.5,2,4,13,23,10
CITY_K5R_dp_optimal_jenks,w303833098,w303915703,улица Георге Асаке,213.2,2,4,13,23,10
CITY_K5R_dp_optimal_jenks,w303833098,w303915704,улица Георге Асаке,209.5,2,4,13,23,10
CITY_K5R_dp_optimal_jenks,w303836248,w303915706,улица Георге Асаке,216.4,2,4,13,23,10
CITY_K5R_dp_optimal_jenks,w303836248,w303915708,улица Георге Асаке,217.0,2,4,13,23,10
CITY_K5R_dp_optimal_jenks,w303836248,w303915709,улица Георге Асаке,215.8,2,4,13,23,10
CITY_K5R_dp_optimal_jenks,w303836248,w303915694,улица Георге Асаке,227.3,2,4,13,23,10
CITY_K5R_dp_optimal_jenks,w303836248,w303915696,улица Георге Асаке,243.4,2,4,13,23,10
CITY_K5R_dp_optimal_jenks,w303836248,w303915697,улица Георге Асаке,237.8,2,4,13,23,10
CITY_K5R_dp_optimal_jenks,w303836248,w303915700,улица Георге Асаке,191.2,2,4,13,23,10
CITY_K5R_dp_optimal_jenks,w303836248,w303915701,улица Георге Асаке,230.9,2,4,13,23,10
CITY_K5R_dp_optimal_jenks,w303836248,w303915703,улица Георге Асаке,176.6,2,4,13,23,10
CITY_K5R_dp_optimal_jenks,w303836248,w303915704,улица Георге Асаке,171.1,2,4,13,23,10
CITY_K5R_dp_optimal_jenks,w303836248,w303915705,улица Георге Асаке,220.8,2,4,13,23,10
CITY_K5R_dp_optimal_jenks,w303836250,w303915706,улица Георге Асаке,216.6,2,4,13,23,10
CITY_K5R_dp_optimal_jenks,w303836250,w303915708,улица Георге Асаке,218.8,2,4,13,23,10
CITY_K5R_dp_optimal_jenks,w303836250,w303915709,улица Георге Асаке,220.3,2,4,13,23,10
CITY_K5R_dp_optimal_jenks,w303836250,w303915693,улица Георге Асаке,245.2,2,4,13,23,10
CITY_K5R_dp_optimal_jenks,w303836250,w303915694,улица Георге Асаке,217.0,2,4,13,23,10
CITY_K5R_dp_optimal_jenks,w303836250,w303915696,улица Георге Асаке,235.6,2,4,13,23,10
CITY_K5R_dp_optimal_jenks,w303836250,w303915697,улица Георге Асаке,231.6,2,4,13,23,10
CITY_K5R_dp_optimal_jenks,w303836250,w303915700,улица Георге Асаке,182.9,2,4,13,23,10
CITY_K5R_dp_optimal_jenks,w303836250,w303915701,улица Георге Асаке,226.4,2,4,13,23,10
CITY_K5R_dp_optimal_jenks,w303836250,w303915703,улица Георге Асаке,171.6,2,4,13,23,10
CITY_K5R_dp_optimal_jenks,w303836250,w303915704,улица Георге Асаке,162.9,2,4,13,23,10
CITY_K5R_dp_optimal_jenks,w303836250,w303915705,улица Георге Асаке,218.3,2,4,13,23,10
CITY_K5R_dp_optimal_jenks,w303836258,w303915706,улица Георге Асаке,217.8,2,4,13,23,10
CITY_K5R_dp_optimal_jenks,w303836258,w303915708,улица Георге Асаке,215.0,2,4,13,23,10
CITY_K5R_dp_optimal_jenks,w303836258,w303915709,улица Георге Асаке,208.0,2,4,13,23,10
CITY_K5R_dp_optimal_jenks,w303836258,w303915694,улица Георге Асаке,249.7,2,4,13,23,10
CITY_K5R_dp_optimal_jenks,w303836258,w303915700,улица Георге Асаке,211.0,2,4,13,23,10
CITY_K5R_dp_optimal_jenks,w303836258,w303915701,улица Георге Асаке,241.5,2,4,13,23,10
CITY_K5R_dp_optimal_jenks,w303836258,w303915703,улица Георге Асаке,190.7,2,4,13,23,10
CITY_K5R_dp_optimal_jenks,w303836258,w303915704,улица Георге Асаке,191.7,2,4,13,23,10
CITY_K5R_dp_optimal_jenks,w303836258,w303915705,улица Георге Асаке,227.6,2,4,13,23,10
CITY_K5R_dp_optimal_jenks,w303836260,w303915706,улица Георге Асаке,217.6,2,4,13,23,10
CITY_K5R_dp_optimal_jenks,w303836260,w303915708,улица Георге Асаке,213.9,2,4,13,23,10
CITY_K5R_dp_optimal_jenks,w303836260,w303915709,улица Георге Асаке,205.5,2,4,13,23,10
CITY_K5R_dp_optimal_jenks,w303836260,w303915700,улица Георге Асаке,215.8,2,4,13,23,10
CITY_K5R_dp_optimal_jenks,w303836260,w303915701,улица Георге Асаке,243.5,2,4,13,23,10
CITY_K5R_dp_optimal_jenks,w303836260,w303915703,улица Георге Асаке,194.2,2,4,13,23,10
CITY_K5R_dp_optimal_jenks,w303836260,w303915704,улица Георге Асаке,196.9,2,4,13,23,10
CITY_K5R_dp_optimal_jenks,w303836260,w303915705,улица Георге Асаке,228.9,2,4,13,23,10
CITY_K5R_dp_optimal_jenks,w303912207,w303915706,улица Георге Асаке,248.0,2,4,13,23,10
CITY_K5R_dp_optimal_jenks,w303912207,w303915708,улица Георге Асаке,240.3,2,4,13,23,10
CITY_K5R_dp_optimal_jenks,w303912207,w303915709,улица Георге Асаке,225.0,2,4,13,23,10
CITY_K5R_dp_optimal_jenks,w303912207,w303915703,улица Георге Асаке,241.5,2,4,13,23,10
CITY_K5R_dp_optimal_jenks,w303912208,w303915706,улица Георге Асаке,241.7,2,4,13,23,10
CITY_K5R_dp_optimal_jenks,w303912208,w303915708,улица Георге Асаке,234.8,2,4,13,23,10
CITY_K5R_dp_optimal_jenks,w303912208,w303915709,улица Георге Асаке,220.9,2,4,13,23,10
CITY_K5R_dp_optimal_jenks,w303912208,w303915703,улица Георге Асаке,231.5,2,4,13,23,10
CITY_K5R_dp_optimal_jenks,w303912208,w303915704,улица Георге Асаке,239.1,2,4,13,23,10
CITY_K5R_dp_optimal_jenks,w303912222,w303915709,улица Георге Асаке,239.2,2,4,13,23,10
CITY_K5R_dp_optimal_jenks,w303912223,w303915709,улица Георге Асаке,246.3,2,4,13,23,10
CITY_K5R_dp_optimal_jenks,w303915686,w303915713,Киевская улица,235.2,4,2,23,13,10
CITY_K5R_dp_optimal_jenks,w303915686,w303915714,Киевская улица,233.7,4,2,23,13,10
CITY_K5R_dp_optimal_jenks,w303915686,w303915715,Киевская улица,227.6,4,2,23,13,10
CITY_K5R_dp_optimal_jenks,w303915686,w303915716,Киевская улица,230.1,4,2,23,13,10
CITY_K5R_dp_optimal_jenks,w303915686,w303915718,Киевская улица,232.2,4,2,23,13,10
CITY_K5R_dp_optimal_jenks,w303915686,w303915719,Киевская улица,238.4,4,2,23,13,10
CITY_K5R_dp_optimal_jenks,w303915686,w303915721,Киевская улица,240.7,4,2,23,13,10
CITY_K5R_dp_optimal_jenks,w303915686,w303915722,Киевская улица,245.9,4,2,23,13,10
CITY_K5R_dp_optimal_jenks,w303915686,w303915723,Киевская улица,248.5,4,2,23,13,10
CITY_K5R_dp_optimal_jenks,w303915689,w303915713,Киевская улица,211.1,4,2,23,13,10
CITY_K5R_dp_optimal_jenks,w303915689,w303915714,Киевская улица,210.8,4,2,23,13,10
CITY_K5R_dp_optimal_jenks,w303915689,w303915715,Киевская улица,206.2,4,2,23,13,10
CITY_K5R_dp_optimal_jenks,w303915689,w303915716,Киевская улица,210.0,4,2,23,13,10
CITY_K5R_dp_optimal_jenks,w303915689,w303915718,Киевская улица,213.6,4,2,23,13,10
CITY_K5R_dp_optimal_jenks,w303915689,w303915719,Киевская улица,221.1,4,2,23,13,10
CITY_K5R_dp_optimal_jenks,w303915689,w303915721,Киевская улица,224.5,4,2,23,13,10
CITY_K5R_dp_optimal_jenks,w303915689,w303915722,Киевская улица,230.8,4,2,23,13,10
CITY_K5R_dp_optimal_jenks,w303915689,w303915723,Киевская улица,234.8,4,2,23,13,10
CITY_K5R_dp_optimal_jenks,w303915689,w303915724,Киевская улица,241.9,4,2,23,13,10
CITY_K5R_dp_optimal_jenks,w303915691,w303915713,улица Островского,206.8,4,2,23,13,10
CITY_K5R_dp_optimal_jenks,w303915691,w303915714,улица Островского,203.6,4,2,23,13,10
CITY_K5R_dp_optimal_jenks,w303915691,w303915715,улица Островского,195.7,4,2,23,13,10
CITY_K5R_dp_optimal_jenks,w303915691,w303915716,улица Островского,196.7,4,2,23,13,10
CITY_K5R_dp_optimal_jenks,w303915691,w303915718,улица Островского,197.6,4,2,23,13,10
CITY_K5R_dp_optimal_jenks,w303915691,w303915719,улица Островского,202.7,4,2,23,13,10
CITY_K5R_dp_optimal_jenks,w303915691,w303915721,улица Островского,204.4,4,2,23,13,10
CITY_K5R_dp_optimal_jenks,w303915691,w303915722,улица Островского,209.1,4,2,23,13,10
CITY_K5R_dp_optimal_jenks,w303915691,w303915723,улица Островского,210.9,4,2,23,13,10
CITY_K5R_dp_optimal_jenks,w303915691,w303915724,улица Островского,216.5,4,2,23,13,10
CITY_K5R_dp_optimal_jenks,w303915693,w303915713,улица Тургенева,168.3,4,2,23,13,10
CITY_K5R_dp_optimal_jenks,w303915693,w303915714,улица Тургенева,169.8,4,2,23,13,10
CITY_K5R_dp_optimal_jenks,w303915693,w303915715,улица Тургенева,167.8,4,2,23,13,10
CITY_K5R_dp_optimal_jenks,w303915693,w303915716,улица Тургенева,174.0,4,2,23,13,10
CITY_K5R_dp_optimal_jenks,w303915693,w303915718,улица Тургенева,179.8,4,2,23,13,10
CITY_K5R_dp_optimal_jenks,w303915693,w303915719,улица Тургенева,189.4,4,2,23,13,10
CITY_K5R_dp_optimal_jenks,w303915693,w303915721,улица Тургенева,194.6,4,2,23,13,10
CITY_K5R_dp_optimal_jenks,w303915693,w303915722,улица Тургенева,202.5,4,2,23,13,10
CITY_K5R_dp_optimal_jenks,w303915693,w303915723,улица Тургенева,209.0,4,2,23,13,10
CITY_K5R_dp_optimal_jenks,w303915693,w303915724,улица Тургенева,217.9,4,2,23,13,10
CITY_K5R_dp_optimal_jenks,w303915693,w705834164,улица Тургенева,235.7,4,2,23,13,10
CITY_K5R_dp_optimal_jenks,w303915693,w705834165,улица Тургенева,235.4,4,2,23,13,10
CITY_K5R_dp_optimal_jenks,w303915694,w303915713,Киевская улица,139.7,4,2,23,13,10
CITY_K5R_dp_optimal_jenks,w303915694,w303915714,Киевская улица,142.4,4,2,23,13,10
CITY_K5R_dp_optimal_jenks,w303915694,w303915715,Киевская улица,142.2,4,2,23,13,10
CITY_K5R_dp_optimal_jenks,w303915694,w303915716,Киевская улица,149.9,4,2,23,13,10
CITY_K5R_dp_optimal_jenks,w303915694,w303915718,Киевская улица,157.4,4,2,23,13,10
CITY_K5R_dp_optimal_jenks,w303915694,w303915719,Киевская улица,168.2,4,2,23,13,10
CITY_K5R_dp_optimal_jenks,w303915694,w303915721,Киевская улица,174.6,4,2,23,13,10
CITY_K5R_dp_optimal_jenks,w303915694,w303915722,Киевская улица,183.5,4,2,23,13,10
CITY_K5R_dp_optimal_jenks,w303915694,w303915723,Киевская улица,191.5,4,2,23,13,10
CITY_K5R_dp_optimal_jenks,w303915694,w303915724,Киевская улица,201.5,4,2,23,13,10
CITY_K5R_dp_optimal_jenks,w303915694,w705816382,Киевская улица,240.1,4,2,23,13,10
CITY_K5R_dp_optimal_jenks,w303915694,w705834164,Киевская улица,206.4,4,2,23,13,10
CITY_K5R_dp_optimal_jenks,w303915694,w705834165,Киевская улица,206.7,4,2,23,13,10
CITY_K5R_dp_optimal_jenks,w303915696,w303915713,улица Тургенева,159.5,4,2,23,13,10
CITY_K5R_dp_optimal_jenks,w303915696,w303915714,улица Тургенева,159.9,4,2,23,13,10
CITY_K5R_dp_optimal_jenks,w303915696,w303915715,улица Тургенева,156.6,4,2,23,13,10
CITY_K5R_dp_optimal_jenks,w303915696,w303915716,улица Тургенева,161.8,4,2,23,13,10
CITY_K5R_dp_optimal_jenks,w303915696,w303915718,улица Тургенева,167.0,4,2,23,13,10
CITY_K5R_dp_optimal_jenks,w303915696,w303915719,улица Тургенева,176.0,4,2,23,13,10
CITY_K5R_dp_optimal_jenks,w303915696,w303915721,улица Тургенева,180.8,4,2,23,13,10
CITY_K5R_dp_optimal_jenks,w303915696,w303915722,улица Тургенева,188.3,4,2,23,13,10
CITY_K5R_dp_optimal_jenks,w303915696,w303915723,улица Тургенева,194.4,4,2,23,13,10
CITY_K5R_dp_optimal_jenks,w303915696,w303915724,улица Тургенева,203.1,4,2,23,13,10
CITY_K5R_dp_optimal_jenks,w303915696,w705834164,улица Тургенева,227.4,4,2,23,13,10
CITY_K5R_dp_optimal_jenks,w303915696,w705834165,улица Тургенева,226.5,4,2,23,13,10
CITY_K5R_dp_optimal_jenks,w303915697,w303915713,улица Тургенева,156.8,4,2,23,13,10
CITY_K5R_dp_optimal_jenks,w303915697,w303915714,улица Тургенева,155.8,4,2,23,13,10
CITY_K5R_dp_optimal_jenks,w303915697,w303915715,улица Тургенева,150.8,4,2,23,13,10
CITY_K5R_dp_optimal_jenks,w303915697,w303915716,улица Тургенева,154.7,4,2,23,13,10
CITY_K5R_dp_optimal_jenks,w303915697,w303915718,улица Тургенева,158.6,4,2,23,13,10
CITY_K5R_dp_optimal_jenks,w303915697,w303915719,улица Тургенева,166.7,4,2,23,13,10
CITY_K5R_dp_optimal_jenks,w303915697,w303915721,улица Тургенева,170.8,4,2,23,13,10
CITY_K5R_dp_optimal_jenks,w303915697,w303915722,улица Тургенева,177.8,4,2,23,13,10
CITY_K5R_dp_optimal_jenks,w303915697,w303915723,улица Тургенева,183.0,4,2,23,13,10
CITY_K5R_dp_optimal_jenks,w303915697,w303915724,улица Тургенева,191.1,4,2,23,13,10
CITY_K5R_dp_optimal_jenks,w303915697,w705834164,улица Тургенева,225.0,4,2,23,13,10
CITY_K5R_dp_optimal_jenks,w303915697,w705834165,улица Тургенева,223.3,4,2,23,13,10
CITY_K5R_dp_optimal_jenks,w303915700,w303915713,Киевская улица,106.9,4,2,23,13,10
CITY_K5R_dp_optimal_jenks,w303915700,w303915714,Киевская улица,107.2,4,2,23,13,10
CITY_K5R_dp_optimal_jenks,w303915700,w303915715,Киевская улица,104.8,4,2,23,13,10
CITY_K5R_dp_optimal_jenks,w303915700,w303915716,Киевская улица,111.4,4,2,23,13,10
CITY_K5R_dp_optimal_jenks,w303915700,w303915718,Киевская улица,118.2,4,2,23,13,10
CITY_K5R_dp_optimal_jenks,w303915700,w303915719,Киевская улица,128.9,4,2,23,13,10
CITY_K5R_dp_optimal_jenks,w303915700,w303915721,Киевская улица,135.2,4,2,23,13,10
CITY_K5R_dp_optimal_jenks,w303915700,w303915722,Киевская улица,144.1,4,2,23,13,10
CITY_K5R_dp_optimal_jenks,w303915700,w303915723,Киевская улица,152.4,4,2,23,13,10
CITY_K5R_dp_optimal_jenks,w303915700,w303915724,Киевская улица,162.7,4,2,23,13,10
CITY_K5R_dp_optimal_jenks,w303915700,w705816382,Киевская улица,210.3,4,2,23,13,10
CITY_K5R_dp_optimal_jenks,w303915700,w705834164,Киевская улица,174.9,4,2,23,13,10
CITY_K5R_dp_optimal_jenks,w303915700,w705834165,Киевская улица,173.8,4,2,23,13,10
CITY_K5R_dp_optimal_jenks,w303915701,w303915713,улица Тургенева,153.8,4,2,23,13,10
CITY_K5R_dp_optimal_jenks,w303915701,w303915714,улица Тургенева,151.2,4,2,23,13,10
CITY_K5R_dp_optimal_jenks,w303915701,w303915715,улица Тургенева,144.2,4,2,23,13,10
CITY_K5R_dp_optimal_jenks,w303915701,w303915716,улица Тургенева,146.5,4,2,23,13,10
CITY_K5R_dp_optimal_jenks,w303915701,w303915718,улица Тургенева,149.0,4,2,23,13,10
CITY_K5R_dp_optimal_jenks,w303915701,w303915719,улица Тургенева,155.9,4,2,23,13,10
CITY_K5R_dp_optimal_jenks,w303915701,w303915721,улица Тургенева,159.1,4,2,23,13,10
CITY_K5R_dp_optimal_jenks,w303915701,w303915722,улица Тургенева,165.4,4,2,23,13,10
CITY_K5R_dp_optimal_jenks,w303915701,w303915723,улица Тургенева,169.6,4,2,23,13,10
CITY_K5R_dp_optimal_jenks,w303915701,w303915724,улица Тургенева,177.1,4,2,23,13,10
CITY_K5R_dp_optimal_jenks,w303915701,w705834164,улица Тургенева,221.7,4,2,23,13,10
CITY_K5R_dp_optimal_jenks,w303915701,w705834165,улица Тургенева,219.1,4,2,23,13,10
CITY_K5R_dp_optimal_jenks,w303915703,w303915713,улица Тургенева,99.8,4,2,23,13,10
CITY_K5R_dp_optimal_jenks,w303915703,w303915714,улица Тургенева,96.4,4,2,23,13,10
CITY_K5R_dp_optimal_jenks,w303915703,w303915715,улица Тургенева,89.7,4,2,23,13,10
CITY_K5R_dp_optimal_jenks,w303915703,w303915716,улица Тургенева,93.1,4,2,23,13,10
CITY_K5R_dp_optimal_jenks,w303915703,w303915718,улица Тургенева,97.4,4,2,23,13,10
CITY_K5R_dp_optimal_jenks,w303915703,w303915719,улица Тургенева,106.3,4,2,23,13,10
CITY_K5R_dp_optimal_jenks,w303915703,w303915721,улица Тургенева,111.5,4,2,23,13,10
CITY_K5R_dp_optimal_jenks,w303915703,w303915722,улица Тургенева,119.6,4,2,23,13,10
CITY_K5R_dp_optimal_jenks,w303915703,w303915723,улица Тургенева,126.8,4,2,23,13,10
CITY_K5R_dp_optimal_jenks,w303915703,w303915724,улица Тургенева,136.5,4,2,23,13,10
CITY_K5R_dp_optimal_jenks,w303915703,w705816382,улица Тургенева,203.9,4,2,23,13,10
CITY_K5R_dp_optimal_jenks,w303915703,w705834164,улица Тургенева,167.2,4,2,23,13,10
CITY_K5R_dp_optimal_jenks,w303915703,w705834165,улица Тургенева,164.3,4,2,23,13,10
CITY_K5R_dp_optimal_jenks,w303915704,w303915713,Киевская улица,87.2,4,2,23,13,10
CITY_K5R_dp_optimal_jenks,w303915704,w303915714,Киевская улица,87.2,4,2,23,13,10
CITY_K5R_dp_optimal_jenks,w303915704,w303915715,Киевская улица,84.8,4,2,23,13,10
CITY_K5R_dp_optimal_jenks,w303915704,w303915716,Киевская улица,91.9,4,2,23,13,10
CITY_K5R_dp_optimal_jenks,w303915704,w303915718,Киевская улица,99.5,4,2,23,13,10
CITY_K5R_dp_optimal_jenks,w303915704,w303915719,Киевская улица,110.8,4,2,23,13,10
CITY_K5R_dp_optimal_jenks,w303915704,w303915721,Киевская улица,117.9,4,2,23,13,10
CITY_K5R_dp_optimal_jenks,w303915704,w303915722,Киевская улица,127.3,4,2,23,13,10
CITY_K5R_dp_optimal_jenks,w303915704,w303915723,Киевская улица,136.6,4,2,23,13,10
CITY_K5R_dp_optimal_jenks,w303915704,w303915724,Киевская улица,147.5,4,2,23,13,10
CITY_K5R_dp_optimal_jenks,w303915704,w705816382,Киевская улица,191.1,4,2,23,13,10
CITY_K5R_dp_optimal_jenks,w303915704,w705834164,Киевская улица,155.4,4,2,23,13,10
CITY_K5R_dp_optimal_jenks,w303915704,w705834165,Киевская улица,154.0,4,2,23,13,10
CITY_K5R_dp_optimal_jenks,w303915705,w303915713,улица Тургенева,148.9,4,2,23,13,10
CITY_K5R_dp_optimal_jenks,w303915705,w303915714,улица Тургенева,144.4,4,2,23,13,10
CITY_K5R_dp_optimal_jenks,w303915705,w303915715,улица Тургенева,135.4,4,2,23,13,10
CITY_K5R_dp_optimal_jenks,w303915705,w303915716,улица Тургенева,135.8,4,2,23,13,10
CITY_K5R_dp_optimal_jenks,w303915705,w303915718,улица Тургенева,136.6,4,2,23,13,10
CITY_K5R_dp_optimal_jenks,w303915705,w303915719,улица Тургенева,142.1,4,2,23,13,10
CITY_K5R_dp_optimal_jenks,w303915705,w303915721,улица Тургенева,144.3,4,2,23,13,10
CITY_K5R_dp_optimal_jenks,w303915705,w303915722,улица Тургенева,149.7,4,2,23,13,10
CITY_K5R_dp_optimal_jenks,w303915705,w303915723,улица Тургенева,152.9,4,2,23,13,10
CITY_K5R_dp_optimal_jenks,w303915705,w303915724,улица Тургенева,159.7,4,2,23,13,10
CITY_K5R_dp_optimal_jenks,w303915705,w705834164,улица Тургенева,215.6,4,2,23,13,10
CITY_K5R_dp_optimal_jenks,w303915705,w705834165,улица Тургенева,212.1,4,2,23,13,10
CITY_K5R_dp_optimal_jenks,w303915706,w303915713,улица Тургенева,152.2,4,2,23,13,10
CITY_K5R_dp_optimal_jenks,w303915706,w303915714,улица Тургенева,145.5,4,2,23,13,10
CITY_K5R_dp_optimal_jenks,w303915706,w303915715,улица Тургенева,134.0,4,2,23,13,10
CITY_K5R_dp_optimal_jenks,w303915706,w303915716,улица Тургенева,131.8,4,2,23,13,10
CITY_K5R_dp_optimal_jenks,w303915706,w303915718,улица Тургенева,130.1,4,2,23,13,10
CITY_K5R_dp_optimal_jenks,w303915706,w303915719,улица Тургенева,133.3,4,2,23,13,10
CITY_K5R_dp_optimal_jenks,w303915706,w303915721,улица Тургенева,133.8,4,2,23,13,10
CITY_K5R_dp_optimal_jenks,w303915706,w303915722,улица Тургенева,137.7,4,2,23,13,10
CITY_K5R_dp_optimal_jenks,w303915706,w303915723,улица Тургенева,139.0,4,2,23,13,10
CITY_K5R_dp_optimal_jenks,w303915706,w303915724,улица Тургенева,144.4,4,2,23,13,10
CITY_K5R_dp_optimal_jenks,w303915706,w705834164,улица Тургенева,216.6,4,2,23,13,10
CITY_K5R_dp_optimal_jenks,w303915706,w705834165,улица Тургенева,211.8,4,2,23,13,10
CITY_K5R_dp_optimal_jenks,w303915708,w303915713,улица Тургенева,157.7,4,2,23,13,10
CITY_K5R_dp_optimal_jenks,w303915708,w303915714,улица Тургенева,150.0,4,2,23,13,10
CITY_K5R_dp_optimal_jenks,w303915708,w303915715,улица Тургенева,137.2,4,2,23,13,10
CITY_K5R_dp_optimal_jenks,w303915708,w303915716,улица Тургенева,133.4,4,2,23,13,10
CITY_K5R_dp_optimal_jenks,w303915708,w303915718,улица Тургенева,130.3,4,2,23,13,10
CITY_K5R_dp_optimal_jenks,w303915708,w303915719,улица Тургенева,131.9,4,2,23,13,10
CITY_K5R_dp_optimal_jenks,w303915708,w303915721,улица Тургенева,131.3,4,2,23,13,10
CITY_K5R_dp_optimal_jenks,w303915708,w303915722,улица Тургенева,134.1,4,2,23,13,10
CITY_K5R_dp_optimal_jenks,w303915708,w303915723,улица Тургенева,133.9,4,2,23,13,10
CITY_K5R_dp_optimal_jenks,w303915708,w303915724,улица Тургенева,138.3,4,2,23,13,10
CITY_K5R_dp_optimal_jenks,w303915708,w705834164,улица Тургенева,220.3,4,2,23,13,10
CITY_K5R_dp_optimal_jenks,w303915708,w705834165,улица Тургенева,214.9,4,2,23,13,10
CITY_K5R_dp_optimal_jenks,w303915709,w303915713,улица Тургенева,165.5,4,2,23,13,10
CITY_K5R_dp_optimal_jenks,w303915709,w303915714,улица Тургенева,156.0,4,2,23,13,10
CITY_K5R_dp_optimal_jenks,w303915709,w303915715,улица Тургенева,141.4,4,2,23,13,10
CITY_K5R_dp_optimal_jenks,w303915709,w303915716,улица Тургенева,135.2,4,2,23,13,10
CITY_K5R_dp_optimal_jenks,w303915709,w303915718,улица Тургенева,129.6,4,2,23,13,10
CITY_K5R_dp_optimal_jenks,w303915709,w303915719,улица Тургенева,128.7,4,2,23,13,10
CITY_K5R_dp_optimal_jenks,w303915709,w303915721,улица Тургенева,126.1,4,2,23,13,10
CITY_K5R_dp_optimal_jenks,w303915709,w303915722,улица Тургенева,126.9,4,2,23,13,10
CITY_K5R_dp_optimal_jenks,w303915709,w303915723,улица Тургенева,124.3,4,2,23,13,10
CITY_K5R_dp_optimal_jenks,w303915709,w303915724,улица Тургенева,126.7,4,2,23,13,10
CITY_K5R_dp_optimal_jenks,w303915709,w705834164,улица Тургенева,224.4,4,2,23,13,10
CITY_K5R_dp_optimal_jenks,w303915709,w705834165,улица Тургенева,218.0,4,2,23,13,10
CITY_K5R_dp_optimal_jenks,w303915713,w304088417,Путейская улица,214.8,2,4,13,23,10
CITY_K5R_dp_optimal_jenks,w303915713,w304088424,Путейская улица,235.6,2,4,13,23,10
CITY_K5R_dp_optimal_jenks,w303915713,w304088422,Путейская улица,218.2,2,4,13,23,10
CITY_K5R_dp_optimal_jenks,w303915713,w304088423,Путейская улица,240.4,2,4,13,23,10
CITY_K5R_dp_optimal_jenks,w303915714,w304088417,Путейская улица,207.0,2,4,13,23,10
CITY_K5R_dp_optimal_jenks,w303915714,w304088424,Путейская улица,228.0,2,4,13,23,10
CITY_K5R_dp_optimal_jenks,w303915714,w304088430,Путейская улица,249.9,2,4,13,23,10
CITY_K5R_dp_optimal_jenks,w303915714,w304088422,Путейская улица,213.3,2,4,13,23,10
CITY_K5R_dp_optimal_jenks,w303915714,w304088423,Путейская улица,235.5,2,4,13,23,10
CITY_K5R_dp_optimal_jenks,w303915715,w304088417,Путейская улица,193.8,2,4,13,23,10
CITY_K5R_dp_optimal_jenks,w303915715,w304088424,Путейская улица,215.0,2,4,13,23,10
CITY_K5R_dp_optimal_jenks,w303915715,w304088430,Путейская улица,237.1,2,4,13,23,10
CITY_K5R_dp_optimal_jenks,w303915715,w304088422,Путейская улица,203.2,2,4,13,23,10
CITY_K5R_dp_optimal_jenks,w303915715,w304088423,Путейская улица,225.3,2,4,13,23,10
CITY_K5R_dp_optimal_jenks,w303915715,w304088426,Путейская улица,244.5,2,4,13,23,10
CITY_K5R_dp_optimal_jenks,w303915716,w304088417,Путейская улица,189.1,2,4,13,23,10
CITY_K5R_dp_optimal_jenks,w303915716,w304088424,Путейская улица,210.5,2,4,13,23,10
CITY_K5R_dp_optimal_jenks,w303915716,w304088430,Путейская улица,232.6,2,4,13,23,10
CITY_K5R_dp_optimal_jenks,w303915716,w304088422,Путейская улица,202.0,2,4,13,23,10
CITY_K5R_dp_optimal_jenks,w303915716,w304088423,Путейская улица,223.9,2,4,13,23,10
CITY_K5R_dp_optimal_jenks,w303915716,w304088426,Путейская улица,242.7,2,4,13,23,10
CITY_K5R_dp_optimal_jenks,w303915718,w304088417,Путейская улица,184.6,2,4,13,23,10
CITY_K5R_dp_optimal_jenks,w303915718,w304088424,Путейская улица,206.1,2,4,13,23,10
CITY_K5R_dp_optimal_jenks,w303915718,w304088430,Путейская улица,228.2,2,4,13,23,10
CITY_K5R_dp_optimal_jenks,w303915718,w304088435,Путейская улица,246.7,2,4,13,23,10
CITY_K5R_dp_optimal_jenks,w303915718,w304088422,Путейская улица,200.8,2,4,13,23,10
CITY_K5R_dp_optimal_jenks,w303915718,w304088423,Путейская улица,222.5,2,4,13,23,10
CITY_K5R_dp_optimal_jenks,w303915718,w304088426,Путейская улица,240.8,2,4,13,23,10
CITY_K5R_dp_optimal_jenks,w303915719,w304088417,Путейская улица,184.4,2,4,13,23,10
CITY_K5R_dp_optimal_jenks,w303915719,w304088424,Путейская улица,205.8,2,4,13,23,10
CITY_K5R_dp_optimal_jenks,w303915719,w304088430,Путейская улица,227.8,2,4,13,23,10
CITY_K5R_dp_optimal_jenks,w303915719,w304088435,Путейская улица,245.8,2,4,13,23,10
CITY_K5R_dp_optimal_jenks,w303915719,w304088422,Путейская улица,203.9,2,4,13,23,10
CITY_K5R_dp_optimal_jenks,w303915719,w304088423,Путейская улица,225.2,2,4,13,23,10
CITY_K5R_dp_optimal_jenks,w303915719,w304088426,Путейская улица,243.0,2,4,13,23,10
CITY_K5R_dp_optimal_jenks,w303915721,w304088417,Путейская улица,182.0,2,4,13,23,10
CITY_K5R_dp_optimal_jenks,w303915721,w304088424,Путейская улица,203.3,2,4,13,23,10
CITY_K5R_dp_optimal_jenks,w303915721,w304088430,Путейская улица,225.1,2,4,13,23,10
CITY_K5R_dp_optimal_jenks,w303915721,w304088435,Путейская улица,242.8,2,4,13,23,10
CITY_K5R_dp_optimal_jenks,w303915721,w304088422,Путейская улица,203.9,2,4,13,23,10
CITY_K5R_dp_optimal_jenks,w303915721,w304088423,Путейская улица,224.8,2,4,13,23,10
CITY_K5R_dp_optimal_jenks,w303915721,w304088426,Путейская улица,242.2,2,4,13,23,10
CITY_K5R_dp_optimal_jenks,w303915722,w304088417,Путейская улица,182.8,2,4,13,23,10
CITY_K5R_dp_optimal_jenks,w303915722,w304088424,Путейская улица,203.9,2,4,13,23,10
CITY_K5R_dp_optimal_jenks,w303915722,w304088430,Путейская улица,225.5,2,4,13,23,10
CITY_K5R_dp_optimal_jenks,w303915722,w304088435,Путейская улица,242.7,2,4,13,23,10
CITY_K5R_dp_optimal_jenks,w303915722,w304088422,Путейская улица,207.1,2,4,13,23,10
CITY_K5R_dp_optimal_jenks,w303915722,w304088423,Путейская улица,227.6,2,4,13,23,10
CITY_K5R_dp_optimal_jenks,w303915722,w304088426,Путейская улица,244.5,2,4,13,23,10
CITY_K5R_dp_optimal_jenks,w303915723,w304088417,Путейская улица,179.8,2,4,13,23,10
CITY_K5R_dp_optimal_jenks,w303915723,w304088424,Путейская улица,200.5,2,4,13,23,10
CITY_K5R_dp_optimal_jenks,w303915723,w304088430,Путейская улица,221.7,2,4,13,23,10
CITY_K5R_dp_optimal_jenks,w303915723,w304088435,Путейская улица,238.3,2,4,13,23,10
CITY_K5R_dp_optimal_jenks,w303915723,w304088422,Путейская улица,206.9,2,4,13,23,10
CITY_K5R_dp_optimal_jenks,w303915723,w304088423,Путейская улица,226.8,2,4,13,23,10
CITY_K5R_dp_optimal_jenks,w303915723,w304088426,Путейская улица,243.0,2,4,13,23,10
CITY_K5R_dp_optimal_jenks,w303915724,w304088417,Путейская улица,181.2,2,4,13,23,10
CITY_K5R_dp_optimal_jenks,w303915724,w304088424,Путейская улица,201.5,2,4,13,23,10
CITY_K5R_dp_optimal_jenks,w303915724,w304088430,Путейская улица,222.3,2,4,13,23,10
CITY_K5R_dp_optimal_jenks,w303915724,w304088435,Путейская улица,238.3,2,4,13,23,10
CITY_K5R_dp_optimal_jenks,w303915724,w304088422,Путейская улица,210.8,2,4,13,23,10
CITY_K5R_dp_optimal_jenks,w303915724,w304088423,Путейская улица,230.2,2,4,13,23,10
CITY_K5R_dp_optimal_jenks,w303915724,w304088426,Путейская улица,245.7,2,4,13,23,10
CITY_K6R_dp_optimal_jenks,n2334331706,w302370519,Кишинёвская улица,237.9,6,1,32,13,19
CITY_K6R_dp_optimal_jenks,n2334331709,w302370519,Кишинёвская улица,194.0,6,1,32,13,19
CITY_K6R_dp_optimal_jenks,n5172818452,w302370519,Кишинёвская улица,196.8,6,1,32,13,19
CITY_K6R_dp_optimal_jenks,n5172818844,w302370519,Кишинёвская улица,225.4,6,1,32,13,19
CITY_K6R_dp_optimal_jenks,n5172819425,w302370519,Кишинёвская улица,207.5,6,1,32,13,19
CITY_K6R_dp_optimal_jenks,w107683766,w299956671,улица Сергея Лазо,207.2,1,6,13,32,19
CITY_K6R_dp_optimal_jenks,w165631093,w303915656,улица Дзержинского,238.5,1,6,13,32,19
CITY_K6R_dp_optimal_jenks,w165631109,w303915656,улица Дзержинского,249.8,1,6,13,32,19
CITY_K6R_dp_optimal_jenks,w222773039,w299956671,улица Дзержинского,208.2,1,6,13,32,19
CITY_K6R_dp_optimal_jenks,w290851742,w299956671,улица Академика Фёдорова,182.6,1,6,13,32,19
CITY_K6R_dp_optimal_jenks,w302370519,w303915657,улица Дзержинского,198.1,1,6,13,32,19
CITY_K6R_dp_optimal_jenks,w302370519,w303915656,улица Дзержинского,175.4,1,6,13,32,19
CITY_K6R_dp_optimal_jenks,w302370519,w303915659,улица Дзержинского,214.6,1,6,13,32,19
CITY_K6R_dp_optimal_jenks,w302370519,w303915660,улица Дзержинского,197.2,1,6,13,32,19
CITY_K6R_dp_optimal_jenks,n2321993999,w222764128,Путейская улица,136.1,5,2,27,13,14
CITY_K6R_dp_optimal_jenks,n2321993999,w295009405,Путейская улица,185.2,5,2,27,13,14
CITY_K6R_dp_optimal_jenks,n2321993999,w295009406,Путейская улица,199.2,5,2,27,13,14
CITY_K6R_dp_optimal_jenks,n2321993999,w295009407,Путейская улица,213.4,5,2,27,13,14
CITY_K6R_dp_optimal_jenks,n2321993999,w302368270,Путейская улица,239.2,5,2,27,13,14
CITY_K6R_dp_optimal_jenks,n2321994003,w222764128,улица Тургенева,195.9,5,2,27,13,14
CITY_K6R_dp_optimal_jenks,n2321994003,w295009405,улица Тургенева,248.8,5,2,27,13,14
CITY_K6R_dp_optimal_jenks,w222764128,w301982104,улица Георге Асаке,142.7,2,5,13,27,14
CITY_K6R_dp_optimal_jenks,w222764128,w301982107,улица Георге Асаке,110.0,2,5,13,27,14
CITY_K6R_dp_optimal_jenks,w222764128,w301982100,улица Георге Асаке,150.1,2,5,13,27,14
CITY_K6R_dp_optimal_jenks,w222764128,w302074727,улица Георге Асаке,216.1,2,5,13,27,14
CITY_K6R_dp_optimal_jenks,w222764128,w302074728,улица Георге Асаке,191.4,2,5,13,27,14
CITY_K6R_dp_optimal_jenks,w222764128,w302074735,улица Георге Асаке,246.8,2,5,13,27,14
CITY_K6R_dp_optimal_jenks,w295009405,w301982104,улица Георге Асаке,195.7,2,5,13,27,14
CITY_K6R_dp_optimal_jenks,w295009405,w301982107,улица Георге Асаке,162.9,2,5,13,27,14
CITY_K6R_dp_optimal_jenks,w295009405,w301982100,улица Георге Асаке,201.8,2,5,13,27,14
CITY_K6R_dp_optimal_jenks,w295009405,w302074728,улица Георге Асаке,239.0,2,5,13,27,14
CITY_K6R_dp_optimal_jenks,w295009406,w301982104,улица Георге Асаке,202.6,2,5,13,27,14
CITY_K6R_dp_optimal_jenks,w295009406,w301982107,улица Георге Асаке,168.6,2,5,13,27,14
CITY_K6R_dp_optimal_jenks,w295009406,w301982100,улица Георге Асаке,212.8,2,5,13,27,14
CITY_K6R_dp_optimal_jenks,w295009407,w301982104,улица Георге Асаке,213.5,2,5,13,27,14
CITY_K6R_dp_optimal_jenks,w295009407,w301982107,улица Георге Асаке,179.1,2,5,13,27,14
CITY_K6R_dp_optimal_jenks,w295009407,w301982100,улица Георге Асаке,225.7,2,5,13,27,14
CITY_K6R_dp_optimal_jenks,w301982100,w302368270,улица Старого,248.3,5,2,27,13,14
CITY_K6R_dp_optimal_jenks,w301982104,w303915713,Путейская улица,243.6,5,2,27,13,14
CITY_K6R_dp_optimal_jenks,w301982104,w302368270,Путейская улица,232.0,5,2,27,13,14
CITY_K6R_dp_optimal_jenks,w301982107,w302368616,Путейская улица,223.8,5,2,27,13,14
CITY_K6R_dp_optimal_jenks,w301982107,w303915713,Путейская улица,212.4,5,2,27,13,14
CITY_K6R_dp_optimal_jenks,w301982107,w303915714,Путейская улица,225.3,5,2,27,13,14
CITY_K6R_dp_optimal_jenks,w301982107,w303915715,Путейская улица,238.2,5,2,27,13,14
CITY_K6R_dp_optimal_jenks,w301982107,w705834164,Путейская улица,247.6,5,2,27,13,14
CITY_K6R_dp_optimal_jenks,w301982107,w302368270,Путейская улица,197.3,5,2,27,13,14
CITY_K6R_dp_optimal_jenks,w301982107,w302368615,Путейская улица,224.2,5,2,27,13,14
CITY_K6R_dp_optimal_jenks,n2322107940,n2325366572,улица Ивана Шимкова,241.9,6,4,32,22,10
CITY_K6R_dp_optimal_jenks,n2322107940,w318185749,улица Ивана Шимкова,236.7,6,4,32,22,10
CITY_K6R_dp_optimal_jenks,n2322107948,w209267152,Фонтанная улица,221.6,6,4,32,22,10
CITY_K6R_dp_optimal_jenks,n2322107957,w209267152,улица Герцена,184.8,6,4,32,22,10
CITY_K6R_dp_optimal_jenks,n2322107957,w209267141,улица Герцена,235.3,6,4,32,22,10
CITY_K6R_dp_optimal_jenks,n2325366572,w209267181,Бельцкая улица,236.9,4,6,22,32,10
CITY_K6R_dp_optimal_jenks,n2325366572,w318072351,Бельцкая улица,239.2,4,6,22,32,10
CITY_K6R_dp_optimal_jenks,n2325366572,w318072352,Бельцкая улица,226.6,4,6,22,32,10
CITY_K6R_dp_optimal_jenks,n2325366572,n2334305069,Бельцкая улица,223.2,4,6,22,32,10
CITY_K6R_dp_optimal_jenks,n2325366572,w209267172,Бельцкая улица,157.5,4,6,22,32,10
CITY_K6R_dp_optimal_jenks,n2325366572,w209267179,Бельцкая улица,209.8,4,6,22,32,10
CITY_K6R_dp_optimal_jenks,n2325366572,n2325366591,Бельцкая улица,190.5,4,6,22,32,10
CITY_K6R_dp_optimal_jenks,n2325366572,n4886201637,Бельцкая улица,171.5,4,6,22,32,10
CITY_K6R_dp_optimal_jenks,n2325366572,w209267113,Бельцкая улица,157.0,4,6,22,32,10
CITY_K6R_dp_optimal_jenks,n2325366572,w209267114,Бельцкая улица,125.8,4,6,22,32,10
CITY_K6R_dp_optimal_jenks,n2325366572,w209267155,Бельцкая улица,42.1,4,6,22,32,10
CITY_K6R_dp_optimal_jenks,n2325366572,w91848799,Бельцкая улица,114.7,4,6,22,32,10
CITY_K6R_dp_optimal_jenks,n2325366572,w91848809,Бельцкая улица,105.6,4,6,22,32,10
CITY_K6R_dp_optimal_jenks,n2325366573,n2334305069,Бельцкая улица,227.8,4,6,22,32,10
CITY_K6R_dp_optimal_jenks,n2325366573,w209267172,Бельцкая улица,161.4,4,6,22,32,10
CITY_K6R_dp_optimal_jenks,n2325366573,w209267179,Бельцкая улица,222.7,4,6,22,32,10
CITY_K6R_dp_optimal_jenks,n2325366573,n2325366591,Бельцкая улица,227.0,4,6,22,32,10
CITY_K6R_dp_optimal_jenks,n2325366573,n4886201637,Бельцкая улица,207.3,4,6,22,32,10
CITY_K6R_dp_optimal_jenks,n2325366573,w209267113,Бельцкая улица,188.7,4,6,22,32,10
CITY_K6R_dp_optimal_jenks,n2325366573,w209267114,Бельцкая улица,157.9,4,6,22,32,10
CITY_K6R_dp_optimal_jenks,n2325366573,w209267155,Бельцкая улица,67.9,4,6,22,32,10
CITY_K6R_dp_optimal_jenks,n2325366573,w91848799,Бельцкая улица,130.1,4,6,22,32,10
CITY_K6R_dp_optimal_jenks,n2325366573,w91848809,Бельцкая улица,97.3,4,6,22,32,10
CITY_K6R_dp_optimal_jenks,n2325366574,w209267172,улица Титова,214.6,4,6,22,32,10
CITY_K6R_dp_optimal_jenks,n2325366574,w209267155,улица Титова,172.5,4,6,22,32,10
CITY_K6R_dp_optimal_jenks,n2325366574,w91848799,улица Титова,211.5,4,6,22,32,10
CITY_K6R_dp_optimal_jenks,n2325366574,w91848809,улица Титова,143.7,4,6,22,32,10
CITY_K6R_dp_optimal_jenks,n2325366575,w209267172,улица Титова,236.9,4,6,22,32,10
CITY_K6R_dp_optimal_jenks,n2325366575,w209267155,улица Титова,204.0,4,6,22,32,10
CITY_K6R_dp_optimal_jenks,n2325366575,w91848799,улица Титова,239.1,4,6,22,32,10
CITY_K6R_dp_optimal_jenks,n2325366575,w91848809,улица Титова,168.3,4,6,22,32,10
CITY_K6R_dp_optimal_jenks,n2325366576,w209267155,улица Титова,216.0,4,6,22,32,10
CITY_K6R_dp_optimal_jenks,n2325366576,w91848809,улица Титова,213.0,4,6,22,32,10
CITY_K6R_dp_optimal_jenks,n2325366580,n2325366591,Бельцкая улица,247.3,4,6,22,32,10
CITY_K6R_dp_optimal_jenks,n2325366580,n4886201637,Бельцкая улица,210.0,4,6,22,32,10
CITY_K6R_dp_optimal_jenks,n2325366583,w209267155,1-й переулок Петровского,218.4,4,6,22,32,10
CITY_K6R_dp_optimal_jenks,n2325366583,w91848809,1-й переулок Петровского,245.5,4,6,22,32,10
CITY_K6R_dp_optimal_jenks,n2325366591,n2334331724,Кишинёвская улица,229.4,6,4,32,22,10
CITY_K6R_dp_optimal_jenks,n2325366591,w223691986,Кишинёвская улица,197.0,6,4,32,22,10
CITY_K6R_dp_optimal_jenks,n2325366591,w316027473,Кишинёвская улица,248.8,6,4,32,22,10
CITY_K6R_dp_optimal_jenks,n2325366591,w316027892,Кишинёвская улица,154.4,6,4,32,22,10
CITY_K6R_dp_optimal_jenks,n2325366591,w316027893,Кишинёвская улица,143.3,6,4,32,22,10
CITY_K6R_dp_optimal_jenks,n2325366591,w316027896,Кишинёвская улица,132.3,6,4,32,22,10
CITY_K6R_dp_optimal_jenks,n2325366591,w317484800,Кишинёвская улица,163.2,6,4,32,22,10
CITY_K6R_dp_optimal_jenks,n2325366591,n4580309456,Кишинёвская улица,220.2,6,4,32,22,10
CITY_K6R_dp_optimal_jenks,n2325366591,w318058442,Кишинёвская улица,174.0,6,4,32,22,10
CITY_K6R_dp_optimal_jenks,n2325366591,w318058443,Кишинёвская улица,160.3,6,4,32,22,10
CITY_K6R_dp_optimal_jenks,n2325366591,w318072708,Кишинёвская улица,181.6,6,4,32,22,10
CITY_K6R_dp_optimal_jenks,n2325366591,w318184631,Кишинёвская улица,134.8,6,4,32,22,10
CITY_K6R_dp_optimal_jenks,n2325366591,w318185745,Кишинёвская улица,174.5,6,4,32,22,10
CITY_K6R_dp_optimal_jenks,n2325366591,w318185748,Кишинёвская улица,150.3,6,4,32,22,10
CITY_K6R_dp_optimal_jenks,n2325366591,w318185749,Кишинёвская улица,157.2,6,4,32,22,10
CITY_K6R_dp_optimal_jenks,n2325366591,w319139353,Кишинёвская улица,208.9,6,4,32,22,10
CITY_K6R_dp_optimal_jenks,n2325366591,w319139357,Кишинёвская улица,220.9,6,4,32,22,10
CITY_K6R_dp_optimal_jenks,n2325366591,n2325366600,Кишинёвская улица,80.1,6,4,32,22,10
CITY_K6R_dp_optimal_jenks,n2325366591,w223681290,Кишинёвская улица,231.9,6,4,32,22,10
CITY_K6R_dp_optimal_jenks,n2325366591,w223681291,Кишинёвская улица,216.3,6,4,32,22,10
CITY_K6R_dp_optimal_jenks,n2325366591,w317484798,Кишинёвская улица,120.5,6,4,32,22,10
CITY_K6R_dp_optimal_jenks,n2325366591,w317484802,Кишинёвская улица,151.2,6,4,32,22,10
CITY_K6R_dp_optimal_jenks,n2325366591,w317484803,Кишинёвская улица,143.2,6,4,32,22,10
CITY_K6R_dp_optimal_jenks,n2325366591,w317484806,Кишинёвская улица,109.1,6,4,32,22,10
CITY_K6R_dp_optimal_jenks,n2325366591,w317484807,Кишинёвская улица,99.9,6,4,32,22,10
CITY_K6R_dp_optimal_jenks,n2325366591,w317484810,Кишинёвская улица,85.4,6,4,32,22,10
CITY_K6R_dp_optimal_jenks,n2325366591,w317484816,Кишинёвская улица,135.7,6,4,32,22,10
CITY_K6R_dp_optimal_jenks,n2325366591,w318048547,Кишинёвская улица,126.4,6,4,32,22,10
CITY_K6R_dp_optimal_jenks,n2325366591,w318048549,Кишинёвская улица,120.9,6,4,32,22,10
CITY_K6R_dp_optimal_jenks,n2325366591,w318048550,Кишинёвская улица,115.0,6,4,32,22,10
CITY_K6R_dp_optimal_jenks,n2325366591,w318048552,Кишинёвская улица,111.9,6,4,32,22,10
CITY_K6R_dp_optimal_jenks,n2325366591,w318048553,Кишинёвская улица,113.2,6,4,32,22,10
CITY_K6R_dp_optimal_jenks,n2325366591,w318048554,Кишинёвская улица,120.2,6,4,32,22,10
CITY_K6R_dp_optimal_jenks,n2325366591,w318048555,Кишинёвская улица,112.0,6,4,32,22,10
CITY_K6R_dp_optimal_jenks,n2325366591,w318051675,Кишинёвская улица,214.3,6,4,32,22,10
CITY_K6R_dp_optimal_jenks,n2325366591,w318051676,Кишинёвская улица,199.5,6,4,32,22,10
CITY_K6R_dp_optimal_jenks,n2325366591,w318051677,Кишинёвская улица,188.2,6,4,32,22,10
CITY_K6R_dp_optimal_jenks,n2325366591,w318051680,Кишинёвская улица,186.1,6,4,32,22,10
CITY_K6R_dp_optimal_jenks,n2325366591,w318051681,Кишинёвская улица,181.3,6,4,32,22,10
CITY_K6R_dp_optimal_jenks,n2325366591,w318051682,Кишинёвская улица,211.1,6,4,32,22,10
CITY_K6R_dp_optimal_jenks,n2325366591,w318051683,Кишинёвская улица,177.7,6,4,32,22,10
CITY_K6R_dp_optimal_jenks,n2325366591,w318051685,Кишинёвская улица,209.6,6,4,32,22,10
CITY_K6R_dp_optimal_jenks,n2325366591,w318051686,Кишинёвская улица,175.0,6,4,32,22,10
CITY_K6R_dp_optimal_jenks,n2325366591,w318051687,Кишинёвская улица,206.5,6,4,32,22,10
CITY_K6R_dp_optimal_jenks,n2325366591,w318051688,Кишинёвская улица,121.4,6,4,32,22,10
CITY_K6R_dp_optimal_jenks,n2325366591,w318051689,Кишинёвская улица,128.3,6,4,32,22,10
CITY_K6R_dp_optimal_jenks,n2325366591,w318051690,Кишинёвская улица,210.7,6,4,32,22,10
CITY_K6R_dp_optimal_jenks,n2325366591,w318051691,Кишинёвская улица,173.6,6,4,32,22,10
CITY_K6R_dp_optimal_jenks,n2325366591,w318051694,Кишинёвская улица,167.7,6,4,32,22,10
CITY_K6R_dp_optimal_jenks,n2325366591,w318057739,Кишинёвская улица,205.8,6,4,32,22,10
CITY_K6R_dp_optimal_jenks,n2325366591,w318057740,Кишинёвская улица,210.5,6,4,32,22,10
CITY_K6R_dp_optimal_jenks,n2325366591,w318057742,Кишинёвская улица,208.7,6,4,32,22,10
CITY_K6R_dp_optimal_jenks,n2325366591,w318057743,Кишинёвская улица,212.8,6,4,32,22,10
CITY_K6R_dp_optimal_jenks,n2325366591,w318057744,Кишинёвская улица,175.3,6,4,32,22,10
CITY_K6R_dp_optimal_jenks,n2325366591,w318057745,Кишинёвская улица,173.5,6,4,32,22,10
CITY_K6R_dp_optimal_jenks,n2325366591,w318058436,Кишинёвская улица,160.0,6,4,32,22,10
CITY_K6R_dp_optimal_jenks,n2325366591,w318058440,Кишинёвская улица,183.9,6,4,32,22,10
CITY_K6R_dp_optimal_jenks,n2325366591,w318058441,Кишинёвская улица,197.8,6,4,32,22,10
CITY_K6R_dp_optimal_jenks,n2325366591,w318058445,Кишинёвская улица,154.3,6,4,32,22,10
CITY_K6R_dp_optimal_jenks,n2325366591,w318058451,Кишинёвская улица,183.4,6,4,32,22,10
CITY_K6R_dp_optimal_jenks,n2325366591,w318058455,Кишинёвская улица,189.6,6,4,32,22,10
CITY_K6R_dp_optimal_jenks,n2325366591,w319135683,Кишинёвская улица,208.8,6,4,32,22,10
CITY_K6R_dp_optimal_jenks,n2325366591,w319139339,Кишинёвская улица,226.3,6,4,32,22,10
CITY_K6R_dp_optimal_jenks,n2325366591,w319139341,Кишинёвская улица,220.9,6,4,32,22,10
CITY_K6R_dp_optimal_jenks,n2325366591,w319139342,Кишинёвская улица,213.9,6,4,32,22,10
CITY_K6R_dp_optimal_jenks,n2325366591,w319139344,Кишинёвская улица,223.1,6,4,32,22,10
CITY_K6R_dp_optimal_jenks,n2325366591,w319139349,Кишинёвская улица,217.7,6,4,32,22,10
CITY_K6R_dp_optimal_jenks,n2325366591,w319139352,Кишинёвская улица,228.7,6,4,32,22,10
CITY_K6R_dp_optimal_jenks,n2325366591,w319139358,Кишинёвская улица,241.6,6,4,32,22,10
CITY_K6R_dp_optimal_jenks,n2325366591,w319135680,Кишинёвская улица,242.7,6,4,32,22,10
CITY_K6R_dp_optimal_jenks,n2325366600,w209267130,улица Ивана Федько,241.8,4,6,22,32,10
CITY_K6R_dp_optimal_jenks,n2325366600,w209267149,улица Ивана Федько,171.8,4,6,22,32,10
CITY_K6R_dp_optimal_jenks,n2325366600,w209267157,улица Ивана Федько,249.3,4,6,22,32,10
CITY_K6R_dp_optimal_jenks,n2325366600,w209267161,улица Ивана Федько,217.1,4,6,22,32,10
CITY_K6R_dp_optimal_jenks,n2325366600,w209267167,улица Ивана Федько,141.5,4,6,22,32,10
CITY_K6R_dp_optimal_jenks,n2325366600,w209267177,улица Ивана Федько,223.6,4,6,22,32,10
CITY_K6R_dp_optimal_jenks,n2325366600,w209267181,улица Ивана Федько,118.8,4,6,22,32,10
CITY_K6R_dp_optimal_jenks,n2325366600,w209267184,улица Ивана Федько,223.4,4,6,22,32,10
CITY_K6R_dp_optimal_jenks,n2325366600,w316027125,улица Ивана Федько,157.4,4,6,22,32,10
CITY_K6R_dp_optimal_jenks,n2325366600,w318071345,улица Ивана Федько,241.0,4,6,22,32,10
CITY_K6R_dp_optimal_jenks,n2325366600,w318072344,улица Ивана Федько,230.2,4,6,22,32,10
CITY_K6R_dp_optimal_jenks,n2325366600,w318072345,улица Ивана Федько,246.2,4,6,22,32,10
CITY_K6R_dp_optimal_jenks,n2325366600,w318072351,улица Ивана Федько,224.7,4,6,22,32,10
CITY_K6R_dp_optimal_jenks,n2325366600,w318072352,улица Ивана Федько,215.4,4,6,22,32,10
CITY_K6R_dp_optimal_jenks,n2325366600,w316027126,улица Ивана Федько,198.9,4,6,22,32,10
CITY_K6R_dp_optimal_jenks,n2325366600,w316027128,улица Ивана Федько,174.2,4,6,22,32,10
CITY_K6R_dp_optimal_jenks,n2325366600,w316027129,улица Ивана Федько,199.6,4,6,22,32,10
CITY_K6R_dp_optimal_jenks,n2325366600,w316027884,улица Ивана Федько,154.1,4,6,22,32,10
CITY_K6R_dp_optimal_jenks,n2325366600,n4886201637,улица Ивана Федько,62.7,4,6,22,32,10
CITY_K6R_dp_optimal_jenks,n2325366600,w209267113,улица Ивана Федько,184.6,4,6,22,32,10
CITY_K6R_dp_optimal_jenks,n2325366600,w209267114,улица Ивана Федько,181.8,4,6,22,32,10
CITY_K6R_dp_optimal_jenks,n2325366600,w209267155,улица Ивана Федько,224.6,4,6,22,32,10
CITY_K6R_dp_optimal_jenks,n2325729632,w91848809,улица Титова,241.8,4,6,22,32,10
CITY_K6R_dp_optimal_jenks,n2334305069,w209267152,улица Панфилова,141.0,6,4,32,22,10
CITY_K6R_dp_optimal_jenks,n2334305069,w318185749,улица Панфилова,246.2,6,4,32,22,10
CITY_K6R_dp_optimal_jenks,n2334305069,w209267141,улица Панфилова,194.7,6,4,32,22,10
CITY_K6R_dp_optimal_jenks,n2334305069,w91848805,улица Панфилова,228.2,6,4,32,22,10
CITY_K6R_dp_optimal_jenks,n2334305069,w295571380,улица Панфилова,233.9,6,4,32,22,10
CITY_K6R_dp_optimal_jenks,n2334305069,w91848812,улица Панфилова,212.5,6,4,32,22,10
CITY_K6R_dp_optimal_jenks,n2334305071,w209267152,улица Панфилова,128.5,6,4,32,22,10
CITY_K6R_dp_optimal_jenks,n2334305071,w209267141,улица Панфилова,173.7,6,4,32,22,10
CITY_K6R_dp_optimal_jenks,n2334305071,w209267174,улица Панфилова,247.4,6,4,32,22,10
CITY_K6R_dp_optimal_jenks,n2334305071,w91848805,улица Панфилова,218.1,6,4,32,22,10
CITY_K6R_dp_optimal_jenks,n2334305071,w295571380,улица Панфилова,245.1,6,4,32,22,10
CITY_K6R_dp_optimal_jenks,n2334305071,w91848812,улица Панфилова,219.2,6,4,32,22,10
CITY_K6R_dp_optimal_jenks,n2334331712,w316027473,Кишинёвский переулок,244.1,6,4,32,22,10
CITY_K6R_dp_optimal_jenks,n2334331713,n2334331724,Кишинёвский переулок,228.3,6,4,32,22,10
CITY_K6R_dp_optimal_jenks,n2334331713,w316027473,Кишинёвский переулок,209.0,6,4,32,22,10
CITY_K6R_dp_optimal_jenks,n2334331716,n2334331724,Новый проезд,159.1,6,4,32,22,10
CITY_K6R_dp_optimal_jenks,n2334331716,w223691986,Новый проезд,228.7,6,4,32,22,10
CITY_K6R_dp_optimal_jenks,n2334331716,w316027473,Новый проезд,139.8,6,4,32,22,10
CITY_K6R_dp_optimal_jenks,n2334331723,n2334331724,Новый проезд,123.2,6,4,32,22,10
CITY_K6R_dp_optimal_jenks,n2334331723,w223691986,Новый проезд,195.5,6,4,32,22,10
CITY_K6R_dp_optimal_jenks,n2334331723,w316027473,Новый проезд,103.8,6,4,32,22,10
CITY_K6R_dp_optimal_jenks,n2334331723,w316027892,Новый проезд,220.9,6,4,32,22,10
CITY_K6R_dp_optimal_jenks,n2334331723,w316027893,Новый проезд,236.4,6,4,32,22,10
CITY_K6R_dp_optimal_jenks,n2334331723,w317484800,Новый проезд,246.2,6,4,32,22,10
CITY_K6R_dp_optimal_jenks,n2334331724,n5172818456,улица Клары Цеткин,204.1,4,6,22,32,10
CITY_K6R_dp_optimal_jenks,n2334331724,n2334338353,улица Клары Цеткин,247.4,4,6,22,32,10
CITY_K6R_dp_optimal_jenks,n2334331724,n2339316692,улица Клары Цеткин,212.6,4,6,22,32,10
CITY_K6R_dp_optimal_jenks,n2334331724,w316027138,улица Клары Цеткин,196.1,4,6,22,32,10
CITY_K6R_dp_optimal_jenks,n2334331724,w209267130,улица Клары Цеткин,130.3,4,6,22,32,10
CITY_K6R_dp_optimal_jenks,n2334331724,w209267135,улица Клары Цеткин,194.4,4,6,22,32,10
CITY_K6R_dp_optimal_jenks,n2334331724,w209267146,улица Клары Цеткин,235.2,4,6,22,32,10
CITY_K6R_dp_optimal_jenks,n2334331724,w209267149,улица Клары Цеткин,182.6,4,6,22,32,10
CITY_K6R_dp_optimal_jenks,n2334331724,w209267157,улица Клары Цеткин,227.5,4,6,22,32,10
CITY_K6R_dp_optimal_jenks,n2334331724,w209267161,улица Клары Цеткин,145.6,4,6,22,32,10
CITY_K6R_dp_optimal_jenks,n2334331724,w209267167,улица Клары Цеткин,148.1,4,6,22,32,10
CITY_K6R_dp_optimal_jenks,n2334331724,w209267170,улица Клары Цеткин,240.5,4,6,22,32,10
CITY_K6R_dp_optimal_jenks,n2334331724,w209267177,улица Клары Цеткин,223.3,4,6,22,32,10
CITY_K6R_dp_optimal_jenks,n2334331724,w209267180,улица Клары Цеткин,247.8,4,6,22,32,10
CITY_K6R_dp_optimal_jenks,n2334331724,w209267181,улица Клары Цеткин,195.5,4,6,22,32,10
CITY_K6R_dp_optimal_jenks,n2334331724,w209267184,улица Клары Цеткин,245.5,4,6,22,32,10
CITY_K6R_dp_optimal_jenks,n2334331724,w316027125,улица Клары Цеткин,126.9,4,6,22,32,10
CITY_K6R_dp_optimal_jenks,n2334331724,w318071344,улица Клары Цеткин,245.4,4,6,22,32,10
CITY_K6R_dp_optimal_jenks,n2334331724,w318071345,улица Клары Цеткин,241.2,4,6,22,32,10
CITY_K6R_dp_optimal_jenks,n2334331724,n2334334349,улица Клары Цеткин,153.5,4,6,22,32,10
CITY_K6R_dp_optimal_jenks,n2334331724,w316027126,улица Клары Цеткин,114.7,4,6,22,32,10
CITY_K6R_dp_optimal_jenks,n2334331724,w316027128,улица Клары Цеткин,83.7,4,6,22,32,10
CITY_K6R_dp_optimal_jenks,n2334331724,w316027129,улица Клары Цеткин,88.5,4,6,22,32,10
CITY_K6R_dp_optimal_jenks,n2334331724,w316027884,улица Клары Цеткин,62.5,4,6,22,32,10
CITY_K6R_dp_optimal_jenks,n2334331724,n2334334346,улица Клары Цеткин,159.9,4,6,22,32,10
CITY_K6R_dp_optimal_jenks,n2334331724,n2334338352,улица Клары Цеткин,196.1,4,6,22,32,10
CITY_K6R_dp_optimal_jenks,n2334334346,w223691986,Новый проезд,195.2,6,4,32,22,10
CITY_K6R_dp_optimal_jenks,n2334334346,w316027473,Новый проезд,142.2,6,4,32,22,10
CITY_K6R_dp_optimal_jenks,n2334334346,w316027892,Новый проезд,231.2,6,4,32,22,10
CITY_K6R_dp_optimal_jenks,n2334334346,w316027893,Новый проезд,245.8,6,4,32,22,10
CITY_K6R_dp_optimal_jenks,n2334334346,w317484800,Новый проезд,245.3,6,4,32,22,10
CITY_K6R_dp_optimal_jenks,n2334334346,w223681291,Новый проезд,234.9,6,4,32,22,10
CITY_K6R_dp_optimal_jenks,n2334334349,w223691986,Новый проезд,204.2,6,4,32,22,10
CITY_K6R_dp_optimal_jenks,n2334334349,w316027473,Новый проезд,134.6,6,4,32,22,10
CITY_K6R_dp_optimal_jenks,n2334334349,w316027892,Новый проезд,236.7,6,4,32,22,10
CITY_K6R_dp_optimal_jenks,n2334338352,w223691986,Новый проезд,222.9,6,4,32,22,10
CITY_K6R_dp_optimal_jenks,n2334338352,w316027473,Новый проезд,178.8,6,4,32,22,10
CITY_K6R_dp_optimal_jenks,n2334338352,w306219481,Новый проезд,249.2,6,4,32,22,10
CITY_K6R_dp_optimal_jenks,n2334338353,w316027473,Новый проезд,228.4,6,4,32,22,10
CITY_K6R_dp_optimal_jenks,n2339316692,w316027473,Новый проезд,194.0,6,4,32,22,10
CITY_K6R_dp_optimal_jenks,n4580309456,w209267172,Бельцкая улица,201.2,4,6,22,32,10
CITY_K6R_dp_optimal_jenks,n4580309456,n4886201637,Бельцкая улица,194.0,4,6,22,32,10
CITY_K6R_dp_optimal_jenks,n4580309456,w209267113,Бельцкая улица,203.1,4,6,22,32,10
CITY_K6R_dp_optimal_jenks,n4580309456,w209267114,Бельцкая улица,172.0,4,6,22,32,10
CITY_K6R_dp_optimal_jenks,n4580309456,w209267155,Бельцкая улица,91.8,4,6,22,32,10
CITY_K6R_dp_optimal_jenks,n4580309456,w91848799,Бельцкая улица,163.2,4,6,22,32,10
CITY_K6R_dp_optimal_jenks,n4580309456,w91848809,Бельцкая улица,140.1,4,6,22,32,10
CITY_K6R_dp_optimal_jenks,n4886201637,w223691986,Кишинёвская улица,202.8,6,4,32,22,10
CITY_K6R_dp_optimal_jenks,n4886201637,w316027892,Кишинёвская улица,162.5,6,4,32,22,10
CITY_K6R_dp_optimal_jenks,n4886201637,w316027893,Кишинёвская улица,149.0,6,4,32,22,10
CITY_K6R_dp_optimal_jenks,n4886201637,w316027896,Кишинёвская улица,136.0,6,4,32,22,10
CITY_K6R_dp_optimal_jenks,n4886201637,w317484800,Кишинёвская улица,161.4,6,4,32,22,10
CITY_K6R_dp_optimal_jenks,n4886201637,w318058442,Кишинёвская улица,135.9,6,4,32,22,10
CITY_K6R_dp_optimal_jenks,n4886201637,w318058443,Кишинёвская улица,121.8,6,4,32,22,10
CITY_K6R_dp_optimal_jenks,n4886201637,w318072708,Кишинёвская улица,157.4,6,4,32,22,10
CITY_K6R_dp_optimal_jenks,n4886201637,w318184631,Кишинёвская улица,98.5,6,4,32,22,10
CITY_K6R_dp_optimal_jenks,n4886201637,w318185745,Кишинёвская улица,143.3,6,4,32,22,10
CITY_K6R_dp_optimal_jenks,n4886201637,w318185748,Кишинёвская улица,115.0,6,4,32,22,10
CITY_K6R_dp_optimal_jenks,n4886201637,w318185749,Кишинёвская улица,134.0,6,4,32,22,10
CITY_K6R_dp_optimal_jenks,n4886201637,w319139353,Кишинёвская улица,177.5,6,4,32,22,10
CITY_K6R_dp_optimal_jenks,n4886201637,w319139357,Кишинёвская улица,197.3,6,4,32,22,10
CITY_K6R_dp_optimal_jenks,n4886201637,w223681143,Кишинёвская улица,246.2,6,4,32,22,10
CITY_K6R_dp_optimal_jenks,n4886201637,w223681290,Кишинёвская улица,217.2,6,4,32,22,10
CITY_K6R_dp_optimal_jenks,n4886201637,w223681291,Кишинёвская улица,208.1,6,4,32,22,10
CITY_K6R_dp_optimal_jenks,n4886201637,w317484798,Кишинёвская улица,122.0,6,4,32,22,10
CITY_K6R_dp_optimal_jenks,n4886201637,w317484802,Кишинёвская улица,147.5,6,4,32,22,10
CITY_K6R_dp_optimal_jenks,n4886201637,w317484803,Кишинёвская улица,136.5,6,4,32,22,10
CITY_K6R_dp_optimal_jenks,n4886201637,w317484806,Кишинёвская улица,107.1,6,4,32,22,10
CITY_K6R_dp_optimal_jenks,n4886201637,w317484807,Кишинёвская улица,93.4,6,4,32,22,10
CITY_K6R_dp_optimal_jenks,n4886201637,w317484810,Кишинёвская улица,77.5,6,4,32,22,10
CITY_K6R_dp_optimal_jenks,n4886201637,w317484816,Кишинёвская улица,125.8,6,4,32,22,10
CITY_K6R_dp_optimal_jenks,n4886201637,w318048547,Кишинёвская улица,112.2,6,4,32,22,10
CITY_K6R_dp_optimal_jenks,n4886201637,w318048549,Кишинёвская улица,102.7,6,4,32,22,10
CITY_K6R_dp_optimal_jenks,n4886201637,w318048550,Кишинёвская улица,93.0,6,4,32,22,10
CITY_K6R_dp_optimal_jenks,n4886201637,w318048552,Кишинёвская улица,85.5,6,4,32,22,10
CITY_K6R_dp_optimal_jenks,n4886201637,w318048553,Кишинёвская улица,82.6,6,4,32,22,10
CITY_K6R_dp_optimal_jenks,n4886201637,w318048554,Кишинёвская улица,83.3,6,4,32,22,10
CITY_K6R_dp_optimal_jenks,n4886201637,w318048555,Кишинёвская улица,77.8,6,4,32,22,10
CITY_K6R_dp_optimal_jenks,n4886201637,w318051675,Кишинёвская улица,190.7,6,4,32,22,10
CITY_K6R_dp_optimal_jenks,n4886201637,w318051676,Кишинёвская улица,182.6,6,4,32,22,10
CITY_K6R_dp_optimal_jenks,n4886201637,w318051677,Кишинёвская улица,169.2,6,4,32,22,10
CITY_K6R_dp_optimal_jenks,n4886201637,w318051680,Кишинёвская улица,164.2,6,4,32,22,10
CITY_K6R_dp_optimal_jenks,n4886201637,w318051681,Кишинёвская улица,156.6,6,4,32,22,10
CITY_K6R_dp_optimal_jenks,n4886201637,w318051682,Кишинёвская улица,185.0,6,4,32,22,10
CITY_K6R_dp_optimal_jenks,n4886201637,w318051683,Кишинёвская улица,150.6,6,4,32,22,10
CITY_K6R_dp_optimal_jenks,n4886201637,w318051685,Кишинёвская улица,181.5,6,4,32,22,10
CITY_K6R_dp_optimal_jenks,n4886201637,w318051686,Кишинёвская улица,145.3,6,4,32,22,10
CITY_K6R_dp_optimal_jenks,n4886201637,w318051687,Кишинёвская улица,176.4,6,4,32,22,10
CITY_K6R_dp_optimal_jenks,n4886201637,w318051688,Кишинёвская улица,82.4,6,4,32,22,10
CITY_K6R_dp_optimal_jenks,n4886201637,w318051689,Кишинёвская улица,88.4,6,4,32,22,10
CITY_K6R_dp_optimal_jenks,n4886201637,w318051690,Кишинёвская улица,178.5,6,4,32,22,10
CITY_K6R_dp_optimal_jenks,n4886201637,w318051691,Кишинёвская улица,141.7,6,4,32,22,10
CITY_K6R_dp_optimal_jenks,n4886201637,w318051694,Кишинёвская улица,133.6,6,4,32,22,10
CITY_K6R_dp_optimal_jenks,n4886201637,w318057739,Кишинёвская улица,172.1,6,4,32,22,10
CITY_K6R_dp_optimal_jenks,n4886201637,w318057740,Кишинёвская улица,174.9,6,4,32,22,10
CITY_K6R_dp_optimal_jenks,n4886201637,w318057741,Кишинёвская улица,220.6,6,4,32,22,10
CITY_K6R_dp_optimal_jenks,n4886201637,w318057742,Кишинёвская улица,172.0,6,4,32,22,10
CITY_K6R_dp_optimal_jenks,n4886201637,w318057743,Кишинёвская улица,174.9,6,4,32,22,10
CITY_K6R_dp_optimal_jenks,n4886201637,w318057744,Кишинёвская улица,139.2,6,4,32,22,10
CITY_K6R_dp_optimal_jenks,n4886201637,w318057745,Кишинёвская улица,136.0,6,4,32,22,10
CITY_K6R_dp_optimal_jenks,n4886201637,w318058436,Кишинёвская улица,120.1,6,4,32,22,10
CITY_K6R_dp_optimal_jenks,n4886201637,w318058440,Кишинёвская улица,145.3,6,4,32,22,10
CITY_K6R_dp_optimal_jenks,n4886201637,w318058441,Кишинёвская улица,158.1,6,4,32,22,10
CITY_K6R_dp_optimal_jenks,n4886201637,w318058445,Кишинёвская улица,115.1,6,4,32,22,10
CITY_K6R_dp_optimal_jenks,n4886201637,w318058451,Кишинёвская улица,143.7,6,4,32,22,10
CITY_K6R_dp_optimal_jenks,n4886201637,w318058455,Кишинёвская улица,149.6,6,4,32,22,10
CITY_K6R_dp_optimal_jenks,n4886201637,w318071326,Кишинёвская улица,236.5,6,4,32,22,10
CITY_K6R_dp_optimal_jenks,n4886201637,w318071328,Кишинёвская улица,233.9,6,4,32,22,10
CITY_K6R_dp_optimal_jenks,n4886201637,w319135683,Кишинёвская улица,169.9,6,4,32,22,10
CITY_K6R_dp_optimal_jenks,n4886201637,w319139339,Кишинёвская улица,186.3,6,4,32,22,10
CITY_K6R_dp_optimal_jenks,n4886201637,w319139341,Кишинёвская улица,180.9,6,4,32,22,10
CITY_K6R_dp_optimal_jenks,n4886201637,w319139342,Кишинёвская улица,174.3,6,4,32,22,10
CITY_K6R_dp_optimal_jenks,n4886201637,w319139344,Кишинёвская улица,185.9,6,4,32,22,10
CITY_K6R_dp_optimal_jenks,n4886201637,w319139349,Кишинёвская улица,183.2,6,4,32,22,10
CITY_K6R_dp_optimal_jenks,n4886201637,w319139352,Кишинёвская улица,200.2,6,4,32,22,10
CITY_K6R_dp_optimal_jenks,n4886201637,w319139358,Кишинёвская улица,218.5,6,4,32,22,10
CITY_K6R_dp_optimal_jenks,n4886201637,w319139372,Кишинёвская улица,234.9,6,4,32,22,10
CITY_K6R_dp_optimal_jenks,n4886201637,w318701782,Кишинёвская улица,223.5,6,4,32,22,10
CITY_K6R_dp_optimal_jenks,n4886201637,w318701784,Кишинёвская улица,214.4,6,4,32,22,10
CITY_K6R_dp_optimal_jenks,n4886201637,w319135680,Кишинёвская улица,202.7,6,4,32,22,10
CITY_K6R_dp_optimal_jenks,n4886201637,w319139360,Кишинёвская улица,247.0,6,4,32,22,10
CITY_K6R_dp_optimal_jenks,n4886201637,w319139364,Кишинёвская улица,237.8,6,4,32,22,10
CITY_K6R_dp_optimal_jenks,n5172818456,w316027473,Кишинёвская улица,184.7,6,4,32,22,10
CITY_K6R_dp_optimal_jenks,w209267113,w316027893,улица Панфилова,245.5,6,4,32,22,10
CITY_K6R_dp_optimal_jenks,w209267113,w316027896,улица Панфилова,236.0,6,4,32,22,10
CITY_K6R_dp_optimal_jenks,w209267113,w318058442,улица Панфилова,212.6,6,4,32,22,10
CITY_K6R_dp_optimal_jenks,w209267113,w318058443,улица Панфилова,204.3,6,4,32,22,10
CITY_K6R_dp_optimal_jenks,w209267113,w318072708,улица Панфилова,165.8,6,4,32,22,10
CITY_K6R_dp_optimal_jenks,w209267113,w318184631,улица Панфилова,172.6,6,4,32,22,10
CITY_K6R_dp_optimal_jenks,w209267113,w318185745,улица Панфилова,183.6,6,4,32,22,10
CITY_K6R_dp_optimal_jenks,w209267113,w318185748,улица Панфилова,180.3,6,4,32,22,10
CITY_K6R_dp_optimal_jenks,w209267113,w318185749,улица Панфилова,144.9,6,4,32,22,10
CITY_K6R_dp_optimal_jenks,w209267113,w319139353,улица Панфилова,211.9,6,4,32,22,10
CITY_K6R_dp_optimal_jenks,w209267113,w319139357,улица Панфилова,195.0,6,4,32,22,10
CITY_K6R_dp_optimal_jenks,w209267113,w317484798,улица Панфилова,225.5,6,4,32,22,10
CITY_K6R_dp_optimal_jenks,w209267113,w317484803,улица Панфилова,249.8,6,4,32,22,10
CITY_K6R_dp_optimal_jenks,w209267113,w317484806,улица Панфилова,215.3,6,4,32,22,10
CITY_K6R_dp_optimal_jenks,w209267113,w317484807,улица Панфилова,206.7,6,4,32,22,10
CITY_K6R_dp_optimal_jenks,w209267113,w317484810,улица Панфилова,192.0,6,4,32,22,10
CITY_K6R_dp_optimal_jenks,w209267113,w317484816,улица Панфилова,242.4,6,4,32,22,10
CITY_K6R_dp_optimal_jenks,w209267113,w318048547,улица Панфилова,232.6,6,4,32,22,10
CITY_K6R_dp_optimal_jenks,w209267113,w318048549,улица Панфилова,225.9,6,4,32,22,10
CITY_K6R_dp_optimal_jenks,w209267113,w318048550,улица Панфилова,218.2,6,4,32,22,10
CITY_K6R_dp_optimal_jenks,w209267113,w318048552,улица Панфилова,212.2,6,4,32,22,10
CITY_K6R_dp_optimal_jenks,w209267113,w318048553,улица Панфилова,209.7,6,4,32,22,10
CITY_K6R_dp_optimal_jenks,w209267113,w318048554,улица Панфилова,206.1,6,4,32,22,10
CITY_K6R_dp_optimal_jenks,w209267113,w318048555,улица Панфилова,203.7,6,4,32,22,10
CITY_K6R_dp_optimal_jenks,w209267113,w318051688,улица Панфилова,200.2,6,4,32,22,10
CITY_K6R_dp_optimal_jenks,w209267113,w318051689,улица Панфилова,200.7,6,4,32,22,10
CITY_K6R_dp_optimal_jenks,w209267113,w318058436,улица Панфилова,229.1,6,4,32,22,10
CITY_K6R_dp_optimal_jenks,w209267113,w318058445,улица Панфилова,204.2,6,4,32,22,10
CITY_K6R_dp_optimal_jenks,w209267113,w318058451,улица Панфилова,234.3,6,4,32,22,10
CITY_K6R_dp_optimal_jenks,w209267113,w318058455,улица Панфилова,247.6,6,4,32,22,10
CITY_K6R_dp_optimal_jenks,w209267113,w319135683,улица Панфилова,249.5,6,4,32,22,10
CITY_K6R_dp_optimal_jenks,w209267113,w319139349,улица Панфилова,232.2,6,4,32,22,10
CITY_K6R_dp_optimal_jenks,w209267113,w319139352,улица Панфилова,218.2,6,4,32,22,10
CITY_K6R_dp_optimal_jenks,w209267113,w319139358,улица Панфилова,211.5,6,4,32,22,10
CITY_K6R_dp_optimal_jenks,w209267113,w319139372,улица Панфилова,229.4,6,4,32,22,10
CITY_K6R_dp_optimal_jenks,w209267114,w316027896,Одесская улица,242.3,6,4,32,22,10
CITY_K6R_dp_optimal_jenks,w209267114,w209267152,Одесская улица,243.4,6,4,32,22,10
CITY_K6R_dp_optimal_jenks,w209267114,w318058442,Одесская улица,187.2,6,4,32,22,10
CITY_K6R_dp_optimal_jenks,w209267114,w318058443,Одесская улица,180.1,6,4,32,22,10
CITY_K6R_dp_optimal_jenks,w209267114,w318072708,Одесская улица,134.8,6,4,32,22,10
CITY_K6R_dp_optimal_jenks,w209267114,w318184631,Одесская улица,148.6,6,4,32,22,10
CITY_K6R_dp_optimal_jenks,w209267114,w318185745,Одесская улица,154.5,6,4,32,22,10
CITY_K6R_dp_optimal_jenks,w209267114,w318185748,Одесская улица,154.4,6,4,32,22,10
CITY_K6R_dp_optimal_jenks,w209267114,w318185749,Одесская улица,114.5,6,4,32,22,10
CITY_K6R_dp_optimal_jenks,w209267114,w319139353,Одесская улица,181.7,6,4,32,22,10
CITY_K6R_dp_optimal_jenks,w209267114,w319139357,Одесская улица,163.8,6,4,32,22,10
CITY_K6R_dp_optimal_jenks,w209267114,w317484798,Одесская улица,230.5,6,4,32,22,10
CITY_K6R_dp_optimal_jenks,w209267114,w317484806,Одесская улица,218.5,6,4,32,22,10
CITY_K6R_dp_optimal_jenks,w209267114,w317484807,Одесская улица,207.9,6,4,32,22,10
CITY_K6R_dp_optimal_jenks,w209267114,w317484810,Одесская улица,192.5,6,4,32,22,10
CITY_K6R_dp_optimal_jenks,w209267114,w317484816,Одесская улица,242.8,6,4,32,22,10
CITY_K6R_dp_optimal_jenks,w209267114,w318048547,Одесская улица,231.1,6,4,32,22,10
CITY_K6R_dp_optimal_jenks,w209267114,w318048549,Одесская улица,222.7,6,4,32,22,10
CITY_K6R_dp_optimal_jenks,w209267114,w318048550,Одесская улица,213.4,6,4,32,22,10
CITY_K6R_dp_optimal_jenks,w209267114,w318048552,Одесская улица,205.5,6,4,32,22,10
CITY_K6R_dp_optimal_jenks,w209267114,w318048553,Одесская улица,200.8,6,4,32,22,10
CITY_K6R_dp_optimal_jenks,w209267114,w318048554,Одесская улица,193.0,6,4,32,22,10
CITY_K6R_dp_optimal_jenks,w209267114,w318048555,Одесская улица,193.0,6,4,32,22,10
CITY_K6R_dp_optimal_jenks,w209267114,w318051688,Одесская улица,185.0,6,4,32,22,10
CITY_K6R_dp_optimal_jenks,w209267114,w318051689,Одесская улица,183.5,6,4,32,22,10
CITY_K6R_dp_optimal_jenks,w209267114,w318051694,Одесская улица,245.7,6,4,32,22,10
CITY_K6R_dp_optimal_jenks,w209267114,w318057744,Одесская улица,246.7,6,4,32,22,10
CITY_K6R_dp_optimal_jenks,w209267114,w318057745,Одесская улица,239.7,6,4,32,22,10
CITY_K6R_dp_optimal_jenks,w209267114,w318058436,Одесская улица,209.9,6,4,32,22,10
CITY_K6R_dp_optimal_jenks,w209267114,w318058440,Одесская улица,243.4,6,4,32,22,10
CITY_K6R_dp_optimal_jenks,w209267114,w318058441,Одесская улица,245.9,6,4,32,22,10
CITY_K6R_dp_optimal_jenks,w209267114,w318058445,Одесская улица,181.2,6,4,32,22,10
CITY_K6R_dp_optimal_jenks,w209267114,w318058451,Одесская улица,210.7,6,4,32,22,10
CITY_K6R_dp_optimal_jenks,w209267114,w318058455,Одесская улица,225.2,6,4,32,22,10
CITY_K6R_dp_optimal_jenks,w209267114,w319135683,Одесская улица,223.5,6,4,32,22,10
CITY_K6R_dp_optimal_jenks,w209267114,w319139342,Одесская улица,236.1,6,4,32,22,10
CITY_K6R_dp_optimal_jenks,w209267114,w295571380,Одесская улица,224.8,6,4,32,22,10
CITY_K6R_dp_optimal_jenks,w209267114,w319139344,Одесская улица,222.1,6,4,32,22,10
CITY_K6R_dp_optimal_jenks,w209267114,w319139349,Одесская улица,202.8,6,4,32,22,10
CITY_K6R_dp_optimal_jenks,w209267114,w319139352,Одесская улица,187.1,6,4,32,22,10
CITY_K6R_dp_optimal_jenks,w209267114,w319139358,Одесская улица,180.4,6,4,32,22,10
CITY_K6R_dp_optimal_jenks,w209267114,w319139372,Одесская улица,198.4,6,4,32,22,10
CITY_K6R_dp_optimal_jenks,w209267114,w91848812,Одесская улица,228.5,6,4,32,22,10
CITY_K6R_dp_optimal_jenks,w209267117,w209267152,улица Панфилова,111.5,6,4,32,22,10
CITY_K6R_dp_optimal_jenks,w209267117,w352155387,улица Панфилова,235.1,6,4,32,22,10
CITY_K6R_dp_optimal_jenks,w209267117,w352155388,улица Панфилова,242.4,6,4,32,22,10
CITY_K6R_dp_optimal_jenks,w209267117,w209267141,улица Панфилова,148.6,6,4,32,22,10
CITY_K6R_dp_optimal_jenks,w209267117,w209267174,улица Панфилова,216.4,6,4,32,22,10
CITY_K6R_dp_optimal_jenks,w209267117,w91848805,улица Панфилова,199.0,6,4,32,22,10
CITY_K6R_dp_optimal_jenks,w209267117,w295571380,улица Панфилова,239.9,6,4,32,22,10
CITY_K6R_dp_optimal_jenks,w209267117,w91848812,улица Панфилова,211.5,6,4,32,22,10
CITY_K6R_dp_optimal_jenks,w209267130,w223691986,Кишинёвская улица,204.1,6,4,32,22,10
CITY_K6R_dp_optimal_jenks,w209267130,w316027473,Кишинёвская улица,140.4,6,4,32,22,10
CITY_K6R_dp_optimal_jenks,w209267130,w316027892,Кишинёвская улица,184.5,6,4,32,22,10
CITY_K6R_dp_optimal_jenks,w209267130,w316027893,Кишинёвская улица,192.4,6,4,32,22,10
CITY_K6R_dp_optimal_jenks,w209267130,w316027896,Кишинёвская улица,198.5,6,4,32,22,10
CITY_K6R_dp_optimal_jenks,w209267130,w317484800,Кишинёвская улица,224.3,6,4,32,22,10
CITY_K6R_dp_optimal_jenks,w209267130,w317484798,Кишинёвская улица,204.6,6,4,32,22,10
CITY_K6R_dp_optimal_jenks,w209267130,w317484802,Кишинёвская улица,227.0,6,4,32,22,10
CITY_K6R_dp_optimal_jenks,w209267130,w317484803,Кишинёвская улица,234.6,6,4,32,22,10
CITY_K6R_dp_optimal_jenks,w209267130,w317484806,Кишинёвская улица,213.5,6,4,32,22,10
CITY_K6R_dp_optimal_jenks,w209267130,w317484807,Кишинёвская улица,223.7,6,4,32,22,10
CITY_K6R_dp_optimal_jenks,w209267130,w317484810,Кишинёвская улица,224.9,6,4,32,22,10
CITY_K6R_dp_optimal_jenks,w209267130,w317484816,Кишинёвская улица,241.4,6,4,32,22,10
CITY_K6R_dp_optimal_jenks,w209267135,w316027473,улица Богдана Хмельницкого,205.6,6,4,32,22,10
CITY_K6R_dp_optimal_jenks,w209267135,w316027892,улица Богдана Хмельницкого,232.2,6,4,32,22,10
CITY_K6R_dp_optimal_jenks,w209267135,w316027893,улица Богдана Хмельницкого,237.0,6,4,32,22,10
CITY_K6R_dp_optimal_jenks,w209267135,w316027896,улица Богдана Хмельницкого,240.0,6,4,32,22,10
CITY_K6R_dp_optimal_jenks,w209267135,w317484798,улица Богдана Хмельницкого,242.7,6,4,32,22,10
CITY_K6R_dp_optimal_jenks,w209267135,w317484806,улица Богдана Хмельницкого,248.1,6,4,32,22,10
CITY_K6R_dp_optimal_jenks,w209267141,w352148094,Одесская улица,217.6,4,6,22,32,10
CITY_K6R_dp_optimal_jenks,w209267141,w352148096,Одесская улица,236.4,4,6,22,32,10
CITY_K6R_dp_optimal_jenks,w209267141,w352148098,Одесская улица,223.9,4,6,22,32,10
CITY_K6R_dp_optimal_jenks,w209267141,w209267172,Одесская улица,174.6,4,6,22,32,10
CITY_K6R_dp_optimal_jenks,w209267141,w209267179,Одесская улица,236.7,4,6,22,32,10
CITY_K6R_dp_optimal_jenks,w209267141,w319226848,Одесская улица,241.6,4,6,22,32,10
CITY_K6R_dp_optimal_jenks,w209267141,w319226853,Одесская улица,226.0,4,6,22,32,10
CITY_K6R_dp_optimal_jenks,w209267141,w319226855,Одесская улица,208.3,4,6,22,32,10
CITY_K6R_dp_optimal_jenks,w209267141,w319226856,Одесская улица,197.3,4,6,22,32,10
CITY_K6R_dp_optimal_jenks,w209267141,w319226862,Одесская улица,169.5,4,6,22,32,10
CITY_K6R_dp_optimal_jenks,w209267141,w319226864,Одесская улица,176.3,4,6,22,32,10
CITY_K6R_dp_optimal_jenks,w209267141,w319227728,Одесская улица,193.7,4,6,22,32,10
CITY_K6R_dp_optimal_jenks,w209267141,w319227729,Одесская улица,204.8,4,6,22,32,10
CITY_K6R_dp_optimal_jenks,w209267141,w319227731,Одесская улица,223.1,4,6,22,32,10
CITY_K6R_dp_optimal_jenks,w209267141,w319227732,Одесская улица,234.9,4,6,22,32,10
CITY_K6R_dp_optimal_jenks,w209267141,w319305807,Одесская улица,248.8,4,6,22,32,10
CITY_K6R_dp_optimal_jenks,w209267141,w91848803,Одесская улица,139.5,4,6,22,32,10
CITY_K6R_dp_optimal_jenks,w209267141,w209267155,Одесская улица,233.4,4,6,22,32,10
CITY_K6R_dp_optimal_jenks,w209267141,w91848799,Одесская улица,215.7,4,6,22,32,10
CITY_K6R_dp_optimal_jenks,w209267141,w91848809,Одесская улица,149.8,4,6,22,32,10
CITY_K6R_dp_optimal_jenks,w209267146,w316027473,улица Богдана Хмельницкого,247.7,6,4,32,22,10
CITY_K6R_dp_optimal_jenks,w209267149,w223691986,улица Панфилова,206.7,6,4,32,22,10
CITY_K6R_dp_optimal_jenks,w209267149,w316027473,улица Панфилова,200.1,6,4,32,22,10
CITY_K6R_dp_optimal_jenks,w209267149,w316027892,улица Панфилова,169.7,6,4,32,22,10
CITY_K6R_dp_optimal_jenks,w209267149,w316027893,улица Панфилова,168.7,6,4,32,22,10
CITY_K6R_dp_optimal_jenks,w209267149,w316027896,улица Панфилова,166.9,6,4,32,22,10
CITY_K6R_dp_optimal_jenks,w209267149,w317484800,улица Панфилова,201.0,6,4,32,22,10
CITY_K6R_dp_optimal_jenks,w209267149,w317484798,улица Панфилова,164.8,6,4,32,22,10
CITY_K6R_dp_optimal_jenks,w209267149,w317484802,улица Панфилова,196.5,6,4,32,22,10
CITY_K6R_dp_optimal_jenks,w209267149,w317484803,улица Панфилова,197.4,6,4,32,22,10
CITY_K6R_dp_optimal_jenks,w209267149,w317484806,улица Панфилова,165.4,6,4,32,22,10
CITY_K6R_dp_optimal_jenks,w209267149,w317484807,улица Панфилова,168.2,6,4,32,22,10
CITY_K6R_dp_optimal_jenks,w209267149,w317484810,улица Панфилова,162.2,6,4,32,22,10
CITY_K6R_dp_optimal_jenks,w209267149,w317484816,улица Панфилова,198.1,6,4,32,22,10
CITY_K6R_dp_optimal_jenks,w209267149,w318048547,улица Панфилова,199.5,6,4,32,22,10
CITY_K6R_dp_optimal_jenks,w209267149,w318048549,улица Панфилова,201.9,6,4,32,22,10
CITY_K6R_dp_optimal_jenks,w209267149,w318048550,улица Панфилова,203.5,6,4,32,22,10
CITY_K6R_dp_optimal_jenks,w209267149,w318048552,улица Панфилова,207.4,6,4,32,22,10
CITY_K6R_dp_optimal_jenks,w209267149,w318048553,улица Панфилова,214.4,6,4,32,22,10
CITY_K6R_dp_optimal_jenks,w209267149,w318048554,улица Панфилова,230.0,6,4,32,22,10
CITY_K6R_dp_optimal_jenks,w209267149,w318048555,улица Панфилова,218.4,6,4,32,22,10
CITY_K6R_dp_optimal_jenks,w209267149,w318051688,улица Панфилова,234.6,6,4,32,22,10
CITY_K6R_dp_optimal_jenks,w209267149,w318051689,улица Панфилова,243.2,6,4,32,22,10
CITY_K6R_dp_optimal_jenks,w209267152,w319226838,Одесская улица,231.8,4,6,22,32,10
CITY_K6R_dp_optimal_jenks,w209267152,w352148094,Одесская улица,207.5,4,6,22,32,10
CITY_K6R_dp_optimal_jenks,w209267152,w352148096,Одесская улица,222.2,4,6,22,32,10
CITY_K6R_dp_optimal_jenks,w209267152,w352148098,Одесская улица,229.3,4,6,22,32,10
CITY_K6R_dp_optimal_jenks,w209267152,w209267172,Одесская улица,116.5,4,6,22,32,10
CITY_K6R_dp_optimal_jenks,w209267152,w209267179,Одесская улица,179.9,4,6,22,32,10
CITY_K6R_dp_optimal_jenks,w209267152,w319226848,Одесская улица,195.6,4,6,22,32,10
CITY_K6R_dp_optimal_jenks,w209267152,w319226853,Одесская улица,179.0,4,6,22,32,10
CITY_K6R_dp_optimal_jenks,w209267152,w319226855,Одесская улица,161.0,4,6,22,32,10
CITY_K6R_dp_optimal_jenks,w209267152,w319226856,Одесская улица,149.5,4,6,22,32,10
CITY_K6R_dp_optimal_jenks,w209267152,w319226862,Одесская улица,134.4,4,6,22,32,10
CITY_K6R_dp_optimal_jenks,w209267152,w319226864,Одесская улица,156.8,4,6,22,32,10
CITY_K6R_dp_optimal_jenks,w209267152,w319227727,Одесская улица,227.0,4,6,22,32,10
CITY_K6R_dp_optimal_jenks,w209267152,w319227728,Одесская улица,181.2,4,6,22,32,10
CITY_K6R_dp_optimal_jenks,w209267152,w319227729,Одесская улица,186.7,4,6,22,32,10
CITY_K6R_dp_optimal_jenks,w209267152,w319227731,Одесская улица,201.5,4,6,22,32,10
CITY_K6R_dp_optimal_jenks,w209267152,w319227732,Одесская улица,210.2,4,6,22,32,10
CITY_K6R_dp_optimal_jenks,w209267152,w319305804,Одесская улица,241.6,4,6,22,32,10
CITY_K6R_dp_optimal_jenks,w209267152,w319305807,Одесская улица,231.5,4,6,22,32,10
CITY_K6R_dp_optimal_jenks,w209267152,w91848803,Одесская улица,156.1,4,6,22,32,10
CITY_K6R_dp_optimal_jenks,w209267152,w209267155,Одесская улица,186.6,4,6,22,32,10
CITY_K6R_dp_optimal_jenks,w209267152,w91848799,Одесская улица,159.7,4,6,22,32,10
CITY_K6R_dp_optimal_jenks,w209267152,w91848809,Одесская улица,100.2,4,6,22,32,10
CITY_K6R_dp_optimal_jenks,w209267155,w318058442,Бельцкая улица,153.6,6,4,32,22,10
CITY_K6R_dp_optimal_jenks,w209267155,w318058443,Бельцкая улица,154.0,6,4,32,22,10
CITY_K6R_dp_optimal_jenks,w209267155,w318072708,Бельцкая улица,65.1,6,4,32,22,10
CITY_K6R_dp_optimal_jenks,w209267155,w318184631,Бельцкая улица,129.3,6,4,32,22,10
CITY_K6R_dp_optimal_jenks,w209267155,w318185745,Бельцкая улица,102.5,6,4,32,22,10
CITY_K6R_dp_optimal_jenks,w209267155,w318185748,Бельцкая улица,124.1,6,4,32,22,10
CITY_K6R_dp_optimal_jenks,w209267155,w318185749,Бельцкая улица,60.2,6,4,32,22,10
CITY_K6R_dp_optimal_jenks,w209267155,w319139353,Бельцкая улица,115.7,6,4,32,22,10
CITY_K6R_dp_optimal_jenks,w209267155,w319139357,Бельцкая улица,79.0,6,4,32,22,10
CITY_K6R_dp_optimal_jenks,w209267155,w317484810,Бельцкая улица,241.5,6,4,32,22,10
CITY_K6R_dp_optimal_jenks,w209267155,w318048550,Бельцкая улица,248.1,6,4,32,22,10
CITY_K6R_dp_optimal_jenks,w209267155,w318048552,Бельцкая улица,236.1,6,4,32,22,10
CITY_K6R_dp_optimal_jenks,w209267155,w318048553,Бельцкая улица,226.4,6,4,32,22,10
CITY_K6R_dp_optimal_jenks,w209267155,w318048554,Бельцкая улица,207.1,6,4,32,22,10
CITY_K6R_dp_optimal_jenks,w209267155,w318048555,Бельцкая улица,214.0,6,4,32,22,10
CITY_K6R_dp_optimal_jenks,w209267155,w318051688,Бельцкая улица,193.5,6,4,32,22,10
CITY_K6R_dp_optimal_jenks,w209267155,w318051689,Бельцкая улица,185.5,6,4,32,22,10
CITY_K6R_dp_optimal_jenks,w209267155,w318057744,Бельцкая улица,250.0,6,4,32,22,10
CITY_K6R_dp_optimal_jenks,w209267155,w318057745,Бельцкая улица,239.3,6,4,32,22,10
CITY_K6R_dp_optimal_jenks,w209267155,w318058436,Бельцкая улица,201.1,6,4,32,22,10
CITY_K6R_dp_optimal_jenks,w209267155,w318058440,Бельцкая улица,236.5,6,4,32,22,10
CITY_K6R_dp_optimal_jenks,w209267155,w318058441,Бельцкая улица,228.9,6,4,32,22,10
CITY_K6R_dp_optimal_jenks,w209267155,w318058445,Бельцкая улица,160.7,6,4,32,22,10
CITY_K6R_dp_optimal_jenks,w209267155,w318058451,Бельцкая улица,182.9,6,4,32,22,10
CITY_K6R_dp_optimal_jenks,w209267155,w318058455,Бельцкая улица,201.2,6,4,32,22,10
CITY_K6R_dp_optimal_jenks,w209267155,w319135683,Бельцкая улица,182.9,6,4,32,22,10
CITY_K6R_dp_optimal_jenks,w209267155,w319139339,Бельцкая улица,230.5,6,4,32,22,10
CITY_K6R_dp_optimal_jenks,w209267155,w319139341,Бельцкая улица,217.1,6,4,32,22,10
CITY_K6R_dp_optimal_jenks,w209267155,w319139342,Бельцкая улица,199.2,6,4,32,22,10
CITY_K6R_dp_optimal_jenks,w209267155,w91848805,Бельцкая улица,213.9,6,4,32,22,10
CITY_K6R_dp_optimal_jenks,w209267155,w295571380,Бельцкая улица,135.5,6,4,32,22,10
CITY_K6R_dp_optimal_jenks,w209267155,w319139344,Бельцкая улица,169.2,6,4,32,22,10
CITY_K6R_dp_optimal_jenks,w209267155,w319139349,Бельцкая улица,142.4,6,4,32,22,10
CITY_K6R_dp_optimal_jenks,w209267155,w319139352,Бельцкая улица,109.4,6,4,32,22,10
CITY_K6R_dp_optimal_jenks,w209267155,w319139358,Бельцкая улица,92.2,6,4,32,22,10
CITY_K6R_dp_optimal_jenks,w209267155,w319139367,Бельцкая улица,190.8,6,4,32,22,10
CITY_K6R_dp_optimal_jenks,w209267155,w319139368,Бельцкая улица,187.1,6,4,32,22,10
CITY_K6R_dp_optimal_jenks,w209267155,w319139372,Бельцкая улица,109.5,6,4,32,22,10
CITY_K6R_dp_optimal_jenks,w209267155,w319141437,Бельцкая улица,231.2,6,4,32,22,10
CITY_K6R_dp_optimal_jenks,w209267155,w319227866,Бельцкая улица,247.3,6,4,32,22,10
CITY_K6R_dp_optimal_jenks,w209267155,w91848812,Бельцкая улица,143.6,6,4,32,22,10
CITY_K6R_dp_optimal_jenks,w209267155,w319139364,Бельцкая улица,225.0,6,4,32,22,10
CITY_K6R_dp_optimal_jenks,w209267155,w319141439,Бельцкая улица,241.1,6,4,32,22,10
CITY_K6R_dp_optimal_jenks,w209267157,w316027473,улица Богдана Хмельницкого,241.6,6,4,32,22,10
CITY_K6R_dp_optimal_jenks,w209267157,w316027892,улица Богдана Хмельницкого,241.1,6,4,32,22,10
CITY_K6R_dp_optimal_jenks,w209267157,w316027893,улица Богдана Хмельницкого,242.4,6,4,32,22,10
CITY_K6R_dp_optimal_jenks,w209267157,w316027896,улица Богдана Хмельницкого,242.2,6,4,32,22,10
CITY_K6R_dp_optimal_jenks,w209267157,w317484798,улица Богдана Хмельницкого,241.5,6,4,32,22,10
CITY_K6R_dp_optimal_jenks,w209267157,w317484806,улица Богдана Хмельницкого,243.1,6,4,32,22,10
CITY_K6R_dp_optimal_jenks,w209267157,w317484807,улица Богдана Хмельницкого,246.4,6,4,32,22,10
CITY_K6R_dp_optimal_jenks,w209267157,w317484810,улица Богдана Хмельницкого,240.3,6,4,32,22,10
CITY_K6R_dp_optimal_jenks,w209267161,w223691986,Кишинёвская улица,202.9,6,4,32,22,10
CITY_K6R_dp_optimal_jenks,w209267161,w316027473,Кишинёвская улица,159.3,6,4,32,22,10
CITY_K6R_dp_optimal_jenks,w209267161,w316027892,Кишинёвская улица,176.3,6,4,32,22,10
CITY_K6R_dp_optimal_jenks,w209267161,w316027893,Кишинёвская улица,181.4,6,4,32,22,10
CITY_K6R_dp_optimal_jenks,w209267161,w316027896,Кишинёвская улица,185.0,6,4,32,22,10
CITY_K6R_dp_optimal_jenks,w209267161,w317484800,Кишинёвская улица,214.5,6,4,32,22,10
CITY_K6R_dp_optimal_jenks,w209267161,w317484798,Кишинёвская улица,188.6,6,4,32,22,10
CITY_K6R_dp_optimal_jenks,w209267161,w317484802,Кишинёвская улица,214.8,6,4,32,22,10
CITY_K6R_dp_optimal_jenks,w209267161,w317484803,Кишинёвская улица,220.3,6,4,32,22,10
CITY_K6R_dp_optimal_jenks,w209267161,w317484806,Кишинёвская улица,195.1,6,4,32,22,10
CITY_K6R_dp_optimal_jenks,w209267161,w317484807,Кишинёвская улица,203.2,6,4,32,22,10
CITY_K6R_dp_optimal_jenks,w209267161,w317484810,Кишинёвская улица,202.2,6,4,32,22,10
CITY_K6R_dp_optimal_jenks,w209267161,w317484816,Кишинёвская улица,225.3,6,4,32,22,10
CITY_K6R_dp_optimal_jenks,w209267161,w318048547,Кишинёвская улица,232.1,6,4,32,22,10
CITY_K6R_dp_optimal_jenks,w209267161,w318048549,Кишинёвская улица,238.4,6,4,32,22,10
CITY_K6R_dp_optimal_jenks,w209267161,w318048550,Кишинёвская улица,243.6,6,4,32,22,10
CITY_K6R_dp_optimal_jenks,w209267167,w223691986,Кишинёвская улица,163.3,6,4,32,22,10
CITY_K6R_dp_optimal_jenks,w209267167,w316027473,Кишинёвская улица,166.7,6,4,32,22,10
CITY_K6R_dp_optimal_jenks,w209267167,w316027892,Кишинёвская улица,126.1,6,4,32,22,10
CITY_K6R_dp_optimal_jenks,w209267167,w316027893,Кишинёвская улица,125.6,6,4,32,22,10
CITY_K6R_dp_optimal_jenks,w209267167,w316027896,Кишинёвская улица,124.6,6,4,32,22,10
CITY_K6R_dp_optimal_jenks,w209267167,w317484800,Кишинёвская улица,158.3,6,4,32,22,10
CITY_K6R_dp_optimal_jenks,w209267167,w318184631,Кишинёвская улица,239.5,6,4,32,22,10
CITY_K6R_dp_optimal_jenks,w209267167,w223681290,Кишинёвская улица,246.1,6,4,32,22,10
CITY_K6R_dp_optimal_jenks,w209267167,w223681291,Кишинёвская улица,215.8,6,4,32,22,10
CITY_K6R_dp_optimal_jenks,w209267167,w317484798,Кишинёвская улица,123.9,6,4,32,22,10
CITY_K6R_dp_optimal_jenks,w209267167,w317484802,Кишинёвская улица,154.6,6,4,32,22,10
CITY_K6R_dp_optimal_jenks,w209267167,w317484803,Кишинёвская улица,156.6,6,4,32,22,10
CITY_K6R_dp_optimal_jenks,w209267167,w317484806,Кишинёвская улица,126.5,6,4,32,22,10
CITY_K6R_dp_optimal_jenks,w209267167,w317484807,Кишинёвская улица,131.6,6,4,32,22,10
CITY_K6R_dp_optimal_jenks,w209267167,w317484810,Кишинёвская улица,128.2,6,4,32,22,10
CITY_K6R_dp_optimal_jenks,w209267167,w317484816,Кишинёвская улица,158.6,6,4,32,22,10
CITY_K6R_dp_optimal_jenks,w209267167,w318048547,Кишинёвская улица,162.2,6,4,32,22,10
CITY_K6R_dp_optimal_jenks,w209267167,w318048549,Кишинёвская улица,166.4,6,4,32,22,10
CITY_K6R_dp_optimal_jenks,w209267167,w318048550,Кишинёвская улица,170.0,6,4,32,22,10
CITY_K6R_dp_optimal_jenks,w209267167,w318048552,Кишинёвская улица,176.1,6,4,32,22,10
CITY_K6R_dp_optimal_jenks,w209267167,w318048553,Кишинёвская улица,185.2,6,4,32,22,10
CITY_K6R_dp_optimal_jenks,w209267167,w318048554,Кишинёвская улица,204.7,6,4,32,22,10
CITY_K6R_dp_optimal_jenks,w209267167,w318048555,Кишинёвская улица,191.4,6,4,32,22,10
CITY_K6R_dp_optimal_jenks,w209267167,w318051676,Кишинёвская улица,223.9,6,4,32,22,10
CITY_K6R_dp_optimal_jenks,w209267167,w318051677,Кишинёвская улица,219.5,6,4,32,22,10
CITY_K6R_dp_optimal_jenks,w209267167,w318051680,Кишинёвская улица,225.0,6,4,32,22,10
CITY_K6R_dp_optimal_jenks,w209267167,w318051681,Кишинёвская улица,227.9,6,4,32,22,10
CITY_K6R_dp_optimal_jenks,w209267167,w318051683,Кишинёвская улица,230.6,6,4,32,22,10
CITY_K6R_dp_optimal_jenks,w209267167,w318051686,Кишинёвская улица,234.6,6,4,32,22,10
CITY_K6R_dp_optimal_jenks,w209267167,w318051688,Кишинёвская улица,211.9,6,4,32,22,10
CITY_K6R_dp_optimal_jenks,w209267167,w318051689,Кишинёвская улица,222.2,6,4,32,22,10
CITY_K6R_dp_optimal_jenks,w209267167,w318051691,Кишинёвская улица,239.0,6,4,32,22,10
CITY_K6R_dp_optimal_jenks,w209267167,w318051694,Кишинёвская улица,239.6,6,4,32,22,10
CITY_K6R_dp_optimal_jenks,w209267172,w318072708,Одесская улица,185.4,6,4,32,22,10
CITY_K6R_dp_optimal_jenks,w209267172,w318184631,Одесская улица,249.4,6,4,32,22,10
CITY_K6R_dp_optimal_jenks,w209267172,w318185745,Одесская улица,224.8,6,4,32,22,10
CITY_K6R_dp_optimal_jenks,w209267172,w318185748,Одесская улица,246.0,6,4,32,22,10
CITY_K6R_dp_optimal_jenks,w209267172,w318185749,Одесская улица,182.8,6,4,32,22,10
CITY_K6R_dp_optimal_jenks,w209267172,w319139353,Одесская улица,233.4,6,4,32,22,10
CITY_K6R_dp_optimal_jenks,w209267172,w319139357,Одесская улица,184.0,6,4,32,22,10
CITY_K6R_dp_optimal_jenks,w209267172,w91848805,Одесская улица,190.7,6,4,32,22,10
CITY_K6R_dp_optimal_jenks,w209267172,w295571380,Одесская улица,174.5,6,4,32,22,10
CITY_K6R_dp_optimal_jenks,w209267172,w319139352,Одесская улица,219.0,6,4,32,22,10
CITY_K6R_dp_optimal_jenks,w209267172,w319139358,Одесская улица,186.1,6,4,32,22,10
CITY_K6R_dp_optimal_jenks,w209267172,w319139372,Одесская улица,197.6,6,4,32,22,10
CITY_K6R_dp_optimal_jenks,w209267172,w91848812,Одесская улица,157.6,6,4,32,22,10
CITY_K6R_dp_optimal_jenks,w209267174,w352148094,Одесская улица,245.1,4,6,22,32,10
CITY_K6R_dp_optimal_jenks,w209267174,w352148098,Одесская улица,227.9,4,6,22,32,10
CITY_K6R_dp_optimal_jenks,w209267174,w319226862,Одесская улица,233.2,4,6,22,32,10
CITY_K6R_dp_optimal_jenks,w209267174,w319226864,Одесская улица,221.5,4,6,22,32,10
CITY_K6R_dp_optimal_jenks,w209267174,w319227728,Одесская улица,227.7,4,6,22,32,10
CITY_K6R_dp_optimal_jenks,w209267174,w319227729,Одесская улица,244.5,4,6,22,32,10
CITY_K6R_dp_optimal_jenks,w209267174,w91848803,Одесская улица,143.1,4,6,22,32,10
CITY_K6R_dp_optimal_jenks,w209267174,w91848809,Одесская улица,238.7,4,6,22,32,10
CITY_K6R_dp_optimal_jenks,w209267177,w316027473,улица Панфилова,239.0,6,4,32,22,10
CITY_K6R_dp_optimal_jenks,w209267177,w316027892,улица Панфилова,224.3,6,4,32,22,10
CITY_K6R_dp_optimal_jenks,w209267177,w316027893,улица Панфилова,224.1,6,4,32,22,10
CITY_K6R_dp_optimal_jenks,w209267177,w316027896,улица Панфилова,222.5,6,4,32,22,10
CITY_K6R_dp_optimal_jenks,w209267177,w317484798,улица Панфилова,220.6,6,4,32,22,10
CITY_K6R_dp_optimal_jenks,w209267177,w317484806,улица Панфилова,220.8,6,4,32,22,10
CITY_K6R_dp_optimal_jenks,w209267177,w317484807,улица Панфилова,222.9,6,4,32,22,10
CITY_K6R_dp_optimal_jenks,w209267177,w317484810,улица Панфилова,215.8,6,4,32,22,10
CITY_K6R_dp_optimal_jenks,w209267179,w318072708,Фонтанная улица,234.2,6,4,32,22,10
CITY_K6R_dp_optimal_jenks,w209267179,w318185749,Фонтанная улица,224.8,6,4,32,22,10
CITY_K6R_dp_optimal_jenks,w209267179,w319139357,Фонтанная улица,242.3,6,4,32,22,10
CITY_K6R_dp_optimal_jenks,w209267179,w295571380,Фонтанная улица,247.0,6,4,32,22,10
CITY_K6R_dp_optimal_jenks,w209267179,w319139358,Фонтанная улица,248.6,6,4,32,22,10
CITY_K6R_dp_optimal_jenks,w209267179,w91848812,Фонтанная улица,231.3,6,4,32,22,10
CITY_K6R_dp_optimal_jenks,w209267181,w223691986,улица Панфилова,189.7,6,4,32,22,10
CITY_K6R_dp_optimal_jenks,w209267181,w316027473,улица Панфилова,214.7,6,4,32,22,10
CITY_K6R_dp_optimal_jenks,w209267181,w316027892,улица Панфилова,147.8,6,4,32,22,10
CITY_K6R_dp_optimal_jenks,w209267181,w316027893,улица Панфилова,141.7,6,4,32,22,10
CITY_K6R_dp_optimal_jenks,w209267181,w316027896,улица Панфилова,135.4,6,4,32,22,10
CITY_K6R_dp_optimal_jenks,w209267181,w317484800,улица Панфилова,170.2,6,4,32,22,10
CITY_K6R_dp_optimal_jenks,w209267181,w318058442,улица Панфилова,232.8,6,4,32,22,10
CITY_K6R_dp_optimal_jenks,w209267181,w318058443,улица Панфилова,219.2,6,4,32,22,10
CITY_K6R_dp_optimal_jenks,w209267181,w318072708,улица Панфилова,232.5,6,4,32,22,10
CITY_K6R_dp_optimal_jenks,w209267181,w318184631,улица Панфилова,193.2,6,4,32,22,10
CITY_K6R_dp_optimal_jenks,w209267181,w318185745,улица Панфилова,230.4,6,4,32,22,10
CITY_K6R_dp_optimal_jenks,w209267181,w318185748,улица Панфилова,208.3,6,4,32,22,10
CITY_K6R_dp_optimal_jenks,w209267181,w318185749,улица Панфилова,208.0,6,4,32,22,10
CITY_K6R_dp_optimal_jenks,w209267181,w223681291,улица Панфилова,228.0,6,4,32,22,10
CITY_K6R_dp_optimal_jenks,w209267181,w317484798,улица Панфилова,128.8,6,4,32,22,10
CITY_K6R_dp_optimal_jenks,w209267181,w317484802,улица Панфилова,162.1,6,4,32,22,10
CITY_K6R_dp_optimal_jenks,w209267181,w317484803,улица Панфилова,159.2,6,4,32,22,10
CITY_K6R_dp_optimal_jenks,w209267181,w317484806,улица Панфилова,124.4,6,4,32,22,10
CITY_K6R_dp_optimal_jenks,w209267181,w317484807,улица Панфилова,122.7,6,4,32,22,10
CITY_K6R_dp_optimal_jenks,w209267181,w317484810,улица Панфилова,113.3,6,4,32,22,10
CITY_K6R_dp_optimal_jenks,w209267181,w317484816,улица Панфилова,156.5,6,4,32,22,10
CITY_K6R_dp_optimal_jenks,w209267181,w318048547,улица Панфилова,153.9,6,4,32,22,10
CITY_K6R_dp_optimal_jenks,w209267181,w318048549,улица Панфилова,153.5,6,4,32,22,10
CITY_K6R_dp_optimal_jenks,w209267181,w318048550,улица Панфилова,152.5,6,4,32,22,10
CITY_K6R_dp_optimal_jenks,w209267181,w318048552,улица Панфилова,154.3,6,4,32,22,10
CITY_K6R_dp_optimal_jenks,w209267181,w318048553,улица Панфилова,159.7,6,4,32,22,10
CITY_K6R_dp_optimal_jenks,w209267181,w318048554,улица Панфилова,173.1,6,4,32,22,10
CITY_K6R_dp_optimal_jenks,w209267181,w318048555,улица Панфилова,162.3,6,4,32,22,10
CITY_K6R_dp_optimal_jenks,w209267181,w318051675,улица Панфилова,246.9,6,4,32,22,10
CITY_K6R_dp_optimal_jenks,w209267181,w318051676,улица Панфилова,224.1,6,4,32,22,10
CITY_K6R_dp_optimal_jenks,w209267181,w318051677,улица Панфилова,216.1,6,4,32,22,10
CITY_K6R_dp_optimal_jenks,w209267181,w318051680,улица Панфилова,217.9,6,4,32,22,10
CITY_K6R_dp_optimal_jenks,w209267181,w318051681,улица Панфилова,217.0,6,4,32,22,10
CITY_K6R_dp_optimal_jenks,w209267181,w318051682,улица Панфилова,247.2,6,4,32,22,10
CITY_K6R_dp_optimal_jenks,w209267181,w318051683,улица Панфилова,216.5,6,4,32,22,10
CITY_K6R_dp_optimal_jenks,w209267181,w318051685,улица Панфилова,248.5,6,4,32,22,10
CITY_K6R_dp_optimal_jenks,w209267181,w318051686,улица Панфилова,217.1,6,4,32,22,10
CITY_K6R_dp_optimal_jenks,w209267181,w318051687,улица Панфилова,248.1,6,4,32,22,10
CITY_K6R_dp_optimal_jenks,w209267181,w318051688,улица Панфилова,176.8,6,4,32,22,10
CITY_K6R_dp_optimal_jenks,w209267181,w318051689,улица Панфилова,185.1,6,4,32,22,10
CITY_K6R_dp_optimal_jenks,w209267181,w318051691,улица Панфилова,218.6,6,4,32,22,10
CITY_K6R_dp_optimal_jenks,w209267181,w318051694,улица Панфилова,215.7,6,4,32,22,10
CITY_K6R_dp_optimal_jenks,w209267181,w318057744,улица Панфилова,225.7,6,4,32,22,10
CITY_K6R_dp_optimal_jenks,w209267181,w318057745,улица Панфилова,225.8,6,4,32,22,10
CITY_K6R_dp_optimal_jenks,w209267181,w318058436,улица Панфилова,216.7,6,4,32,22,10
CITY_K6R_dp_optimal_jenks,w209267181,w318058440,улица Панфилова,237.8,6,4,32,22,10
CITY_K6R_dp_optimal_jenks,w209267181,w318058445,улица Панфилова,213.1,6,4,32,22,10
CITY_K6R_dp_optimal_jenks,w209267181,w318058451,улица Панфилова,242.0,6,4,32,22,10
CITY_K6R_dp_optimal_jenks,w209267181,w318058455,улица Панфилова,247.6,6,4,32,22,10
CITY_K6R_dp_optimal_jenks,w209267184,w316027892,улица Ивана Шимкова,237.1,6,4,32,22,10
CITY_K6R_dp_optimal_jenks,w209267184,w316027893,улица Ивана Шимкова,235.2,6,4,32,22,10
CITY_K6R_dp_optimal_jenks,w209267184,w316027896,улица Ивана Шимкова,232.2,6,4,32,22,10
CITY_K6R_dp_optimal_jenks,w209267184,w317484798,улица Ивана Шимкова,228.5,6,4,32,22,10
CITY_K6R_dp_optimal_jenks,w209267184,w317484806,улица Ивана Шимкова,226.8,6,4,32,22,10
CITY_K6R_dp_optimal_jenks,w209267184,w317484807,улица Ивана Шимкова,226.9,6,4,32,22,10
CITY_K6R_dp_optimal_jenks,w209267184,w317484810,улица Ивана Шимкова,218.2,6,4,32,22,10
CITY_K6R_dp_optimal_jenks,w223681143,w316027884,улица Клары Цеткин,230.3,4,6,22,32,10
CITY_K6R_dp_optimal_jenks,w223681290,w316027125,улица Клары Цеткин,247.1,4,6,22,32,10
CITY_K6R_dp_optimal_jenks,w223681290,w316027128,улица Клары Цеткин,234.0,4,6,22,32,10
CITY_K6R_dp_optimal_jenks,w223681290,w316027884,улица Клары Цеткин,188.4,4,6,22,32,10
CITY_K6R_dp_optimal_jenks,w223681291,w316027125,улица Клары Цеткин,214.3,4,6,22,32,10
CITY_K6R_dp_optimal_jenks,w223681291,w316027126,улица Клары Цеткин,237.5,4,6,22,32,10
CITY_K6R_dp_optimal_jenks,w223681291,w316027128,улица Клары Цеткин,197.7,4,6,22,32,10
CITY_K6R_dp_optimal_jenks,w223681291,w316027129,улица Клары Цеткин,221.4,4,6,22,32,10
CITY_K6R_dp_optimal_jenks,w223681291,w316027884,улица Клары Цеткин,151.1,4,6,22,32,10
CITY_K6R_dp_optimal_jenks,w223691986,w316027138,улица Клары Цеткин,248.9,4,6,22,32,10
CITY_K6R_dp_optimal_jenks,w223691986,w316027125,улица Клары Цеткин,155.4,4,6,22,32,10
CITY_K6R_dp_optimal_jenks,w223691986,w316027126,улица Клары Цеткин,171.1,4,6,22,32,10
CITY_K6R_dp_optimal_jenks,w223691986,w316027128,улица Клары Цеткин,130.6,4,6,22,32,10
CITY_K6R_dp_optimal_jenks,w223691986,w316027129,улица Клары Цеткин,152.2,4,6,22,32,10
CITY_K6R_dp_optimal_jenks,w223691986,w316027884,улица Клары Цеткин,82.5,4,6,22,32,10
CITY_K6R_dp_optimal_jenks,w295571380,w91848799,Бельцкая улица,170.4,4,6,22,32,10
CITY_K6R_dp_optimal_jenks,w295571380,w91848809,Бельцкая улица,102.9,4,6,22,32,10
CITY_K6R_dp_optimal_jenks,w316027125,w316027473,Кишинёвская улица,144.9,6,4,32,22,10
CITY_K6R_dp_optimal_jenks,w316027125,w316027892,Кишинёвская улица,122.5,6,4,32,22,10
CITY_K6R_dp_optimal_jenks,w316027125,w316027893,Кишинёвская улица,125.2,6,4,32,22,10
CITY_K6R_dp_optimal_jenks,w316027125,w316027896,Кишинёвская улица,127.0,6,4,32,22,10
CITY_K6R_dp_optimal_jenks,w316027125,w317484800,Кишинёвская улица,158.5,6,4,32,22,10
CITY_K6R_dp_optimal_jenks,w316027125,w317484798,Кишинёвская улица,129.2,6,4,32,22,10
CITY_K6R_dp_optimal_jenks,w316027125,w317484802,Кишинёвская улица,157.1,6,4,32,22,10
CITY_K6R_dp_optimal_jenks,w316027125,w317484803,Кишинёвская улица,161.4,6,4,32,22,10
CITY_K6R_dp_optimal_jenks,w316027125,w317484806,Кишинёвская улица,134.9,6,4,32,22,10
CITY_K6R_dp_optimal_jenks,w316027125,w317484807,Кишинёвская улица,142.6,6,4,32,22,10
CITY_K6R_dp_optimal_jenks,w316027125,w317484810,Кишинёвская улица,141.8,6,4,32,22,10
CITY_K6R_dp_optimal_jenks,w316027125,w317484816,Кишинёвская улица,165.6,6,4,32,22,10
CITY_K6R_dp_optimal_jenks,w316027125,w318048547,Кишинёвская улица,171.7,6,4,32,22,10
CITY_K6R_dp_optimal_jenks,w316027125,w318048549,Кишинёвская улица,177.8,6,4,32,22,10
CITY_K6R_dp_optimal_jenks,w316027125,w318048550,Кишинёвская улица,183.2,6,4,32,22,10
CITY_K6R_dp_optimal_jenks,w316027125,w318048552,Кишинёвская улица,190.8,6,4,32,22,10
CITY_K6R_dp_optimal_jenks,w316027125,w318048553,Кишинёвская улица,201.0,6,4,32,22,10
CITY_K6R_dp_optimal_jenks,w316027125,w318048554,Кишинёвская улица,222.6,6,4,32,22,10
CITY_K6R_dp_optimal_jenks,w316027125,w318048555,Кишинёвская улица,208.6,6,4,32,22,10
CITY_K6R_dp_optimal_jenks,w316027125,w318051676,Кишинёвская улица,228.0,6,4,32,22,10
CITY_K6R_dp_optimal_jenks,w316027125,w318051677,Кишинёвская улица,225.4,6,4,32,22,10
CITY_K6R_dp_optimal_jenks,w316027125,w318051680,Кишинёвская улица,232.4,6,4,32,22,10
CITY_K6R_dp_optimal_jenks,w316027125,w318051681,Кишинёвская улица,236.9,6,4,32,22,10
CITY_K6R_dp_optimal_jenks,w316027125,w318051683,Кишинёвская улица,241.0,6,4,32,22,10
CITY_K6R_dp_optimal_jenks,w316027125,w318051686,Кишинёвская улица,246.4,6,4,32,22,10
CITY_K6R_dp_optimal_jenks,w316027125,w318051688,Кишинёвская улица,230.9,6,4,32,22,10
CITY_K6R_dp_optimal_jenks,w316027125,w318051689,Кишинёвская улица,241.9,6,4,32,22,10
CITY_K6R_dp_optimal_jenks,w316027126,w316027473,Кишинёвская улица,129.6,6,4,32,22,10
CITY_K6R_dp_optimal_jenks,w316027126,w316027892,Кишинёвская улица,146.5,6,4,32,22,10
CITY_K6R_dp_optimal_jenks,w316027126,w316027893,Кишинёвская улица,152.9,6,4,32,22,10
CITY_K6R_dp_optimal_jenks,w316027126,w316027896,Кишинёвская улица,157.8,6,4,32,22,10
CITY_K6R_dp_optimal_jenks,w316027126,w317484800,Кишинёвская улица,185.6,6,4,32,22,10
CITY_K6R_dp_optimal_jenks,w316027126,w317484798,Кишинёвская улица,163.0,6,4,32,22,10
CITY_K6R_dp_optimal_jenks,w316027126,w317484802,Кишинёвская улица,187.0,6,4,32,22,10
CITY_K6R_dp_optimal_jenks,w316027126,w317484803,Кишинёвская улица,193.7,6,4,32,22,10
CITY_K6R_dp_optimal_jenks,w316027126,w317484806,Кишинёвская улица,171.2,6,4,32,22,10
CITY_K6R_dp_optimal_jenks,w316027126,w317484807,Кишинёвская улица,181.0,6,4,32,22,10
CITY_K6R_dp_optimal_jenks,w316027126,w317484810,Кишинёвская улица,182.0,6,4,32,22,10
CITY_K6R_dp_optimal_jenks,w316027126,w317484816,Кишинёвская улица,199.9,6,4,32,22,10
CITY_K6R_dp_optimal_jenks,w316027126,w318048547,Кишинёвская улица,208.3,6,4,32,22,10
CITY_K6R_dp_optimal_jenks,w316027126,w318048549,Кишинёвская улица,215.9,6,4,32,22,10
CITY_K6R_dp_optimal_jenks,w316027126,w318048550,Кишинёвская улица,222.5,6,4,32,22,10
CITY_K6R_dp_optimal_jenks,w316027126,w318048552,Кишинёвская улица,231.2,6,4,32,22,10
CITY_K6R_dp_optimal_jenks,w316027126,w318048553,Кишинёвская улица,242.1,6,4,32,22,10
CITY_K6R_dp_optimal_jenks,w316027128,w316027473,Кишинёвская улица,101.2,6,4,32,22,10
CITY_K6R_dp_optimal_jenks,w316027128,w316027892,Кишинёвская улица,107.7,6,4,32,22,10
CITY_K6R_dp_optimal_jenks,w316027128,w316027893,Кишинёвская улица,115.5,6,4,32,22,10
CITY_K6R_dp_optimal_jenks,w316027128,w316027896,Кишинёвская улица,122.1,6,4,32,22,10
CITY_K6R_dp_optimal_jenks,w316027128,w317484800,Кишинёвская улица,147.4,6,4,32,22,10
CITY_K6R_dp_optimal_jenks,w316027128,w317484798,Кишинёвская улица,129.2,6,4,32,22,10
CITY_K6R_dp_optimal_jenks,w316027128,w317484802,Кишинёвская улица,150.2,6,4,32,22,10
CITY_K6R_dp_optimal_jenks,w316027128,w317484803,Кишинёвская улица,158.2,6,4,32,22,10
CITY_K6R_dp_optimal_jenks,w316027128,w317484806,Кишинёвская улица,139.6,6,4,32,22,10
CITY_K6R_dp_optimal_jenks,w316027128,w317484807,Кишинёвская улица,151.4,6,4,32,22,10
CITY_K6R_dp_optimal_jenks,w316027128,w317484810,Кишинёвская улица,155.2,6,4,32,22,10
CITY_K6R_dp_optimal_jenks,w316027128,w317484816,Кишинёвская улица,165.8,6,4,32,22,10
CITY_K6R_dp_optimal_jenks,w316027128,w318048547,Кишинёвская улица,176.2,6,4,32,22,10
CITY_K6R_dp_optimal_jenks,w316027128,w318048549,Кишинёвская улица,185.3,6,4,32,22,10
CITY_K6R_dp_optimal_jenks,w316027128,w318048550,Кишинёвская улица,193.6,6,4,32,22,10
CITY_K6R_dp_optimal_jenks,w316027128,w318048552,Кишинёвская улица,203.8,6,4,32,22,10
CITY_K6R_dp_optimal_jenks,w316027128,w318048553,Кишинёвская улица,216.0,6,4,32,22,10
CITY_K6R_dp_optimal_jenks,w316027128,w318048554,Кишинёвская улица,241.1,6,4,32,22,10
CITY_K6R_dp_optimal_jenks,w316027128,w318048555,Кишинёвская улица,225.9,6,4,32,22,10
CITY_K6R_dp_optimal_jenks,w316027128,w318051676,Кишинёвская улица,220.8,6,4,32,22,10
CITY_K6R_dp_optimal_jenks,w316027128,w318051677,Кишинёвская улица,221.4,6,4,32,22,10
CITY_K6R_dp_optimal_jenks,w316027128,w318051680,Кишинёвская улица,230.9,6,4,32,22,10
CITY_K6R_dp_optimal_jenks,w316027128,w318051681,Кишинёвская улица,238.2,6,4,32,22,10
CITY_K6R_dp_optimal_jenks,w316027128,w318051683,Кишинёвская улица,244.7,6,4,32,22,10
CITY_K6R_dp_optimal_jenks,w316027129,w316027473,Кишинёвская улица,103.1,6,4,32,22,10
CITY_K6R_dp_optimal_jenks,w316027129,w316027892,Кишинёвская улица,132.7,6,4,32,22,10
CITY_K6R_dp_optimal_jenks,w316027129,w316027893,Кишинёвская улица,141.3,6,4,32,22,10
CITY_K6R_dp_optimal_jenks,w316027129,w316027896,Кишинёвская улица,148.3,6,4,32,22,10
CITY_K6R_dp_optimal_jenks,w316027129,w317484800,Кишинёвская улица,172.6,6,4,32,22,10
CITY_K6R_dp_optimal_jenks,w316027129,w317484798,Кишинёвская улица,155.6,6,4,32,22,10
CITY_K6R_dp_optimal_jenks,w316027129,w317484802,Кишинёвская улица,176.1,6,4,32,22,10
CITY_K6R_dp_optimal_jenks,w316027129,w317484803,Кишинёвская улица,184.4,6,4,32,22,10
CITY_K6R_dp_optimal_jenks,w316027129,w317484806,Кишинёвская улица,166.0,6,4,32,22,10
CITY_K6R_dp_optimal_jenks,w316027129,w317484807,Кишинёвская улица,177.6,6,4,32,22,10
CITY_K6R_dp_optimal_jenks,w316027129,w317484810,Кишинёвская улица,181.0,6,4,32,22,10
CITY_K6R_dp_optimal_jenks,w316027129,w317484816,Кишинёвская улица,192.2,6,4,32,22,10
CITY_K6R_dp_optimal_jenks,w316027129,w318048547,Кишинёвская улица,202.6,6,4,32,22,10
CITY_K6R_dp_optimal_jenks,w316027129,w318048549,Кишинёвская улица,211.6,6,4,32,22,10
CITY_K6R_dp_optimal_jenks,w316027129,w318048550,Кишинёвская улица,219.8,6,4,32,22,10
CITY_K6R_dp_optimal_jenks,w316027129,w318048552,Кишинёвская улица,229.8,6,4,32,22,10
CITY_K6R_dp_optimal_jenks,w316027129,w318048553,Кишинёвская улица,241.8,6,4,32,22,10
CITY_K6R_dp_optimal_jenks,w316027129,w318051676,Кишинёвская улица,246.3,6,4,32,22,10
CITY_K6R_dp_optimal_jenks,w316027129,w318051677,Кишинёвская улица,247.3,6,4,32,22,10
CITY_K6R_dp_optimal_jenks,w316027138,w316027473,Кишинёвский переулок,176.9,6,4,32,22,10
CITY_K6R_dp_optimal_jenks,w316027473,w316027884,Кишинёвская улица,81.8,4,6,22,32,10
CITY_K6R_dp_optimal_jenks,w316027884,w316027892,Кишинёвская улица,64.4,6,4,32,22,10
CITY_K6R_dp_optimal_jenks,w316027884,w316027893,Кишинёвская улица,75.6,6,4,32,22,10
CITY_K6R_dp_optimal_jenks,w316027884,w316027896,Кишинёвская улица,85.5,6,4,32,22,10
CITY_K6R_dp_optimal_jenks,w316027884,w317484800,Кишинёвская улица,104.4,6,4,32,22,10
CITY_K6R_dp_optimal_jenks,w316027884,w317484798,Кишинёвская улица,96.2,6,4,32,22,10
CITY_K6R_dp_optimal_jenks,w316027884,w317484802,Кишинёвская улица,109.9,6,4,32,22,10
CITY_K6R_dp_optimal_jenks,w316027884,w317484803,Кишинёвская улица,120.4,6,4,32,22,10
CITY_K6R_dp_optimal_jenks,w316027884,w317484806,Кишинёвская улица,110.2,6,4,32,22,10
CITY_K6R_dp_optimal_jenks,w316027884,w317484807,Кишинёвская улица,124.8,6,4,32,22,10
CITY_K6R_dp_optimal_jenks,w316027884,w317484810,Кишинёвская улица,133.0,6,4,32,22,10
CITY_K6R_dp_optimal_jenks,w316027884,w317484816,Кишинёвская улица,130.3,6,4,32,22,10
CITY_K6R_dp_optimal_jenks,w316027884,w318048547,Кишинёвская улица,143.9,6,4,32,22,10
CITY_K6R_dp_optimal_jenks,w316027884,w318048549,Кишинёвская улица,155.2,6,4,32,22,10
CITY_K6R_dp_optimal_jenks,w316027884,w318048550,Кишинёвская улица,165.9,6,4,32,22,10
CITY_K6R_dp_optimal_jenks,w316027884,w318048552,Кишинёвская улица,178.2,6,4,32,22,10
CITY_K6R_dp_optimal_jenks,w316027884,w318048553,Кишинёвская улица,191.8,6,4,32,22,10
CITY_K6R_dp_optimal_jenks,w316027884,w318048554,Кишинёвская улица,219.6,6,4,32,22,10
CITY_K6R_dp_optimal_jenks,w316027884,w318048555,Кишинёвская улица,203.7,6,4,32,22,10
CITY_K6R_dp_optimal_jenks,w316027884,w318051675,Кишинёвская улица,215.6,6,4,32,22,10
CITY_K6R_dp_optimal_jenks,w316027884,w318051676,Кишинёвская улица,178.2,6,4,32,22,10
CITY_K6R_dp_optimal_jenks,w316027884,w318051677,Кишинёвская улица,180.8,6,4,32,22,10
CITY_K6R_dp_optimal_jenks,w316027884,w318051680,Кишинёвская улица,191.8,6,4,32,22,10
CITY_K6R_dp_optimal_jenks,w316027884,w318051681,Кишинёвская улица,201.1,6,4,32,22,10
CITY_K6R_dp_optimal_jenks,w316027884,w318051682,Кишинёвская улица,225.0,6,4,32,22,10
CITY_K6R_dp_optimal_jenks,w316027884,w318051683,Кишинёвская улица,209.2,6,4,32,22,10
CITY_K6R_dp_optimal_jenks,w316027884,w318051685,Кишинёвская улица,233.7,6,4,32,22,10
CITY_K6R_dp_optimal_jenks,w316027884,w318051686,Кишинёвская улица,218.9,6,4,32,22,10
CITY_K6R_dp_optimal_jenks,w316027884,w318051687,Кишинёвская улица,241.2,6,4,32,22,10
CITY_K6R_dp_optimal_jenks,w316027884,w318051688,Кишинёвская улица,232.3,6,4,32,22,10
CITY_K6R_dp_optimal_jenks,w316027884,w318051689,Кишинёвская улица,245.6,6,4,32,22,10
CITY_K6R_dp_optimal_jenks,w316027884,w318051691,Кишинёвская улица,228.2,6,4,32,22,10
CITY_K6R_dp_optimal_jenks,w316027884,w318051694,Кишинёвская улица,235.1,6,4,32,22,10
CITY_K6R_dp_optimal_jenks,w316027892,w318071345,улица Ивана Федько,244.2,4,6,22,32,10
CITY_K6R_dp_optimal_jenks,w316027893,w318071345,улица Ивана Федько,243.8,4,6,22,32,10
CITY_K6R_dp_optimal_jenks,w316027896,w318071345,улица Ивана Федько,242.2,4,6,22,32,10
CITY_K6R_dp_optimal_jenks,w316027896,w318072352,улица Ивана Федько,244.7,4,6,22,32,10
CITY_K6R_dp_optimal_jenks,w317484798,w318071345,улица Ивана Федько,240.0,4,6,22,32,10
CITY_K6R_dp_optimal_jenks,w317484798,w318072344,улица Ивана Федько,245.7,4,6,22,32,10
CITY_K6R_dp_optimal_jenks,w317484798,w318072351,улица Ивана Федько,244.1,4,6,22,32,10
CITY_K6R_dp_optimal_jenks,w317484798,w318072352,улица Ивана Федько,237.7,4,6,22,32,10
CITY_K6R_dp_optimal_jenks,w317484806,w318071345,улица Ивана Федько,239.9,4,6,22,32,10
CITY_K6R_dp_optimal_jenks,w317484806,w318072344,улица Ивана Федько,241.6,4,6,22,32,10
CITY_K6R_dp_optimal_jenks,w317484806,w318072351,улица Ивана Федько,239.1,4,6,22,32,10
CITY_K6R_dp_optimal_jenks,w317484806,w318072352,улица Ивана Федько,231.9,4,6,22,32,10
CITY_K6R_dp_optimal_jenks,w317484807,w318071345,улица Ивана Федько,241.5,4,6,22,32,10
CITY_K6R_dp_optimal_jenks,w317484807,w318072344,улица Ивана Федько,239.3,4,6,22,32,10
CITY_K6R_dp_optimal_jenks,w317484807,w318072351,улица Ивана Федько,235.8,4,6,22,32,10
CITY_K6R_dp_optimal_jenks,w317484807,w318072352,улица Ивана Федько,227.8,4,6,22,32,10
CITY_K6R_dp_optimal_jenks,w317484810,w318071345,улица Ивана Федько,234.0,4,6,22,32,10
CITY_K6R_dp_optimal_jenks,w317484810,w318072344,улица Ивана Федько,228.5,4,6,22,32,10
CITY_K6R_dp_optimal_jenks,w317484810,w318072345,улица Ивана Федько,243.9,4,6,22,32,10
CITY_K6R_dp_optimal_jenks,w317484810,w318072351,улица Ивана Федько,224.4,4,6,22,32,10
CITY_K6R_dp_optimal_jenks,w317484810,w318072352,улица Ивана Федько,215.9,4,6,22,32,10
CITY_K6R_dp_optimal_jenks,w318048552,w318072352,улица Ивана Федько,248.3,4,6,22,32,10
CITY_K6R_dp_optimal_jenks,w318048553,w318072352,улица Ивана Федько,249.5,4,6,22,32,10
CITY_K6R_dp_optimal_jenks,w318048555,w318072352,улица Ивана Федько,247.1,4,6,22,32,10
CITY_K6R_dp_optimal_jenks,w318051688,w91848799,улица Ивана Федько,249.0,4,6,22,32,10
CITY_K6R_dp_optimal_jenks,w318051689,w91848799,улица Ивана Федько,243.8,4,6,22,32,10
CITY_K6R_dp_optimal_jenks,w318058442,w91848799,Бельцкая улица,223.8,4,6,22,32,10
CITY_K6R_dp_optimal_jenks,w318058442,w91848809,Бельцкая улица,231.1,4,6,22,32,10
CITY_K6R_dp_optimal_jenks,w318058443,w91848799,улица Ивана Федько,222.0,4,6,22,32,10
CITY_K6R_dp_optimal_jenks,w318058443,w91848809,улица Ивана Федько,234.3,4,6,22,32,10
CITY_K6R_dp_optimal_jenks,w318058445,w91848799,улица Ивана Федько,227.1,4,6,22,32,10
CITY_K6R_dp_optimal_jenks,w318058445,w91848809,улица Ивана Федько,242.4,4,6,22,32,10
CITY_K6R_dp_optimal_jenks,w318072344,w318185749,улица Ивана Шимкова,241.6,6,4,32,22,10
CITY_K6R_dp_optimal_jenks,w318072351,w318072708,улица Ивана Шимкова,248.9,6,4,32,22,10
CITY_K6R_dp_optimal_jenks,w318072351,w318184631,улица Ивана Шимкова,249.0,6,4,32,22,10
CITY_K6R_dp_optimal_jenks,w318072351,w318185749,улица Ивана Шимкова,227.9,6,4,32,22,10
CITY_K6R_dp_optimal_jenks,w318072352,w318072708,улица Ивана Шимкова,236.0,6,4,32,22,10
CITY_K6R_dp_optimal_jenks,w318072352,w318184631,улица Ивана Шимкова,236.2,6,4,32,22,10
CITY_K6R_dp_optimal_jenks,w318072352,w318185748,улица Ивана Шимкова,245.8,6,4,32,22,10
CITY_K6R_dp_optimal_jenks,w318072352,w318185749,улица Ивана Шимкова,214.9,6,4,32,22,10
CITY_K6R_dp_optimal_jenks,w318072708,w91848799,Бельцкая улица,139.3,4,6,22,32,10
CITY_K6R_dp_optimal_jenks,w318072708,w91848809,Бельцкая улица,135.0,4,6,22,32,10
CITY_K6R_dp_optimal_jenks,w318184631,w91848799,улица Ивана Федько,194.0,4,6,22,32,10
CITY_K6R_dp_optimal_jenks,w318184631,w91848809,улица Ивана Федько,212.8,4,6,22,32,10
CITY_K6R_dp_optimal_jenks,w318185745,w91848799,Бельцкая улица,175.5,4,6,22,32,10
CITY_K6R_dp_optimal_jenks,w318185745,w91848809,Бельцкая улица,176.5,4,6,22,32,10
CITY_K6R_dp_optimal_jenks,w318185748,w91848799,улица Ивана Федько,192.3,4,6,22,32,10
CITY_K6R_dp_optimal_jenks,w318185748,w91848809,улица Ивана Федько,205.1,4,6,22,32,10
CITY_K6R_dp_optimal_jenks,w318185749,w91848799,Бельцкая улица,131.6,4,6,22,32,10
CITY_K6R_dp_optimal_jenks,w318185749,w91848809,Бельцкая улица,141.0,4,6,22,32,10
CITY_K6R_dp_optimal_jenks,w319139344,w91848799,Бельцкая улица,243.1,4,6,22,32,10
CITY_K6R_dp_optimal_jenks,w319139344,w91848809,Бельцкая улица,234.3,4,6,22,32,10
CITY_K6R_dp_optimal_jenks,w319139349,w91848799,Бельцкая улица,216.6,4,6,22,32,10
CITY_K6R_dp_optimal_jenks,w319139349,w91848809,Бельцкая улица,204.5,4,6,22,32,10
CITY_K6R_dp_optimal_jenks,w319139352,w91848799,Бельцкая улица,181.2,4,6,22,32,10
CITY_K6R_dp_optimal_jenks,w319139352,w91848809,Бельцкая улица,156.9,4,6,22,32,10
CITY_K6R_dp_optimal_jenks,w319139353,w91848799,Бельцкая улица,189.7,4,6,22,32,10
CITY_K6R_dp_optimal_jenks,w319139353,w91848809,Бельцкая улица,176.7,4,6,22,32,10
CITY_K6R_dp_optimal_jenks,w319139357,w91848799,Бельцкая улица,148.0,4,6,22,32,10
CITY_K6R_dp_optimal_jenks,w319139357,w91848809,Бельцкая улица,122.1,4,6,22,32,10
CITY_K6R_dp_optimal_jenks,w319139358,w91848799,Бельцкая улица,156.1,4,6,22,32,10
CITY_K6R_dp_optimal_jenks,w319139358,w91848809,Бельцкая улица,119.5,4,6,22,32,10
CITY_K6R_dp_optimal_jenks,w319139367,w91848809,улица Титова,225.1,4,6,22,32,10
CITY_K6R_dp_optimal_jenks,w319139368,w91848809,улица Титова,211.0,4,6,22,32,10
CITY_K6R_dp_optimal_jenks,w319139372,w91848799,Бельцкая улица,171.1,4,6,22,32,10
CITY_K6R_dp_optimal_jenks,w319139372,w91848809,Бельцкая улица,128.5,4,6,22,32,10
CITY_K6R_dp_optimal_jenks,w319226855,w91848812,улица Герцена,245.6,6,4,32,22,10
CITY_K6R_dp_optimal_jenks,w319226856,w91848805,улица Герцена,239.1,6,4,32,22,10
CITY_K6R_dp_optimal_jenks,w319226856,w91848812,улица Герцена,234.0,6,4,32,22,10
CITY_K6R_dp_optimal_jenks,w319226862,w352155387,улица Панфилова,241.4,6,4,32,22,10
CITY_K6R_dp_optimal_jenks,w319226862,w91848805,улица Панфилова,221.3,6,4,32,22,10
CITY_K6R_dp_optimal_jenks,w319226862,w91848812,улица Панфилова,234.2,6,4,32,22,10
CITY_K6R_dp_optimal_jenks,w319226864,w352155387,улица Панфилова,205.3,6,4,32,22,10
CITY_K6R_dp_optimal_jenks,w319226864,w352155388,улица Панфилова,217.1,6,4,32,22,10
CITY_K6R_dp_optimal_jenks,w319226864,w91848805,улица Панфилова,235.2,6,4,32,22,10
CITY_K6R_dp_optimal_jenks,w319227728,w352155387,улица 12 Октября,194.0,6,4,32,22,10
CITY_K6R_dp_optimal_jenks,w319227728,w352155388,улица 12 Октября,208.0,6,4,32,22,10
CITY_K6R_dp_optimal_jenks,w319227728,w352668649,улица 12 Октября,245.0,6,4,32,22,10
CITY_K6R_dp_optimal_jenks,w319227729,w352155387,улица 12 Октября,214.6,6,4,32,22,10
CITY_K6R_dp_optimal_jenks,w319227729,w352155388,улица 12 Октября,228.5,6,4,32,22,10
CITY_K6R_dp_optimal_jenks,w319227731,w352155387,улица 12 Октября,234.6,6,4,32,22,10
CITY_K6R_dp_optimal_jenks,w319227731,w352155388,улица 12 Октября,248.8,6,4,32,22,10
CITY_K6R_dp_optimal_jenks,w319305807,w352155387,улица 12 Октября,237.6,6,4,32,22,10
CITY_K6R_dp_optimal_jenks,w319523921,w91848809,улица Титова,228.2,4,6,22,32,10
CITY_K6R_dp_optimal_jenks,w319523923,w91848809,улица Титова,240.6,4,6,22,32,10
CITY_K6R_dp_optimal_jenks,w352148094,w352155387,улица 12 Октября,198.0,6,4,32,22,10
CITY_K6R_dp_optimal_jenks,w352148094,w352155388,улица 12 Октября,213.8,6,4,32,22,10
CITY_K6R_dp_optimal_jenks,w352148094,w352668649,улица 12 Октября,248.2,6,4,32,22,10
CITY_K6R_dp_optimal_jenks,w352148096,w352155387,улица 12 Октября,220.8,6,4,32,22,10
CITY_K6R_dp_optimal_jenks,w352148096,w352155388,улица 12 Октября,236.9,6,4,32,22,10
CITY_K6R_dp_optimal_jenks,w352148098,w352155387,улица 12 Октября,153.7,6,4,32,22,10
CITY_K6R_dp_optimal_jenks,w352148098,w352155388,улица 12 Октября,172.0,6,4,32,22,10
CITY_K6R_dp_optimal_jenks,w352148098,w352668646,улица 12 Октября,223.9,6,4,32,22,10
CITY_K6R_dp_optimal_jenks,w352148098,w352668649,улица 12 Октября,201.1,6,4,32,22,10
CITY_K6R_dp_optimal_jenks,w352148098,w352668652,улица 12 Октября,245.0,6,4,32,22,10
CITY_K6R_dp_optimal_jenks,w352155387,w91848803,улица 12 Октября,106.4,4,6,22,32,10
CITY_K6R_dp_optimal_jenks,w352155388,w91848803,улица 12 Октября,117.6,4,6,22,32,10
CITY_K6R_dp_optimal_jenks,w352668646,w91848803,улица 12 Октября,173.8,4,6,22,32,10
CITY_K6R_dp_optimal_jenks,w352668649,w91848803,улица 12 Октября,157.1,4,6,22,32,10
CITY_K6R_dp_optimal_jenks,w352668652,w91848803,улица 12 Октября,192.9,4,6,22,32,10
CITY_K6R_dp_optimal_jenks,w352668654,w91848803,улица 12 Октября,221.6,4,6,22,32,10
CITY_K6R_dp_optimal_jenks,w91848799,w91848805,Одесская улица,216.9,6,4,32,22,10
CITY_K6R_dp_optimal_jenks,w91848799,w91848812,Одесская улица,164.1,6,4,32,22,10
CITY_K6R_dp_optimal_jenks,w91848803,w91848805,улица 12 Октября,201.0,6,4,32,22,10
CITY_K6R_dp_optimal_jenks,w91848803,w91848807,улица 12 Октября,204.3,6,4,32,22,10
CITY_K6R_dp_optimal_jenks,w91848805,w91848809,Одесская улица,142.2,4,6,22,32,10
CITY_K6R_dp_optimal_jenks,w91848808,w91848809,Одесская улица,209.9,4,6,22,32,10
CITY_K6R_dp_optimal_jenks,w91848809,w91848812,Одесская улица,90.4,6,4,32,22,10
CITY_K6R_dp_optimal_jenks,w161058107,w303915713,улица Тургенева,206.6,4,2,22,13,9
CITY_K6R_dp_optimal_jenks,w161058107,w303915714,улица Тургенева,212.3,4,2,22,13,9
CITY_K6R_dp_optimal_jenks,w161058107,w303915715,улица Тургенева,215.3,4,2,22,13,9
CITY_K6R_dp_optimal_jenks,w161058107,w303915716,улица Тургенева,224.7,4,2,22,13,9
CITY_K6R_dp_optimal_jenks,w161058107,w303915718,улица Тургенева,233.4,4,2,22,13,9
CITY_K6R_dp_optimal_jenks,w161058107,w303915719,улица Тургенева,245.0,4,2,22,13,9
CITY_K6R_dp_optimal_jenks,w161058107,w222764128,улица Тургенева,214.9,4,2,22,13,9
CITY_K6R_dp_optimal_jenks,w161058108,w303915713,Киевская улица,244.1,4,2,22,13,9
CITY_K6R_dp_optimal_jenks,w161058108,w303915714,Киевская улица,246.6,4,2,22,13,9
CITY_K6R_dp_optimal_jenks,w161058108,w303915715,Киевская улица,245.4,4,2,22,13,9
CITY_K6R_dp_optimal_jenks,w222764128,w301982088,улица Георге Асаке,187.8,2,4,13,22,9
CITY_K6R_dp_optimal_jenks,w222764128,w301982089,улица Георге Асаке,165.4,2,4,13,22,9
CITY_K6R_dp_optimal_jenks,w222764128,w301982090,улица Георге Асаке,160.3,2,4,13,22,9
CITY_K6R_dp_optimal_jenks,w222764128,w301982096,улица Георге Асаке,172.4,2,4,13,22,9
CITY_K6R_dp_optimal_jenks,w222764128,w302368617,улица Георге Асаке,172.3,2,4,13,22,9
CITY_K6R_dp_optimal_jenks,w222764128,w303915693,улица Георге Асаке,230.4,2,4,13,22,9
CITY_K6R_dp_optimal_jenks,w222764128,w303915694,улица Георге Асаке,203.2,2,4,13,22,9
CITY_K6R_dp_optimal_jenks,w222764128,w303915696,улица Георге Асаке,233.5,2,4,13,22,9
CITY_K6R_dp_optimal_jenks,w222764128,w303915697,улица Георге Асаке,242.4,2,4,13,22,9
CITY_K6R_dp_optimal_jenks,w222764128,w303915700,улица Георге Асаке,201.9,2,4,13,22,9
CITY_K6R_dp_optimal_jenks,w222764128,w303915703,улица Георге Асаке,218.2,2,4,13,22,9
CITY_K6R_dp_optimal_jenks,w222764128,w303915704,улица Георге Асаке,194.7,2,4,13,22,9
CITY_K6R_dp_optimal_jenks,w222764128,w301982108,улица Георге Асаке,104.9,2,4,13,22,9
CITY_K6R_dp_optimal_jenks,w222764128,w301982110,улица Георге Асаке,108.0,2,4,13,22,9
CITY_K6R_dp_optimal_jenks,w222764128,w301982111,улица Георге Асаке,111.3,2,4,13,22,9
CITY_K6R_dp_optimal_jenks,w222764128,w301982112,улица Георге Асаке,126.4,2,4,13,22,9
CITY_K6R_dp_optimal_jenks,w222764128,w301982113,улица Георге Асаке,113.3,2,4,13,22,9
CITY_K6R_dp_optimal_jenks,w295009405,w301982088,улица Георге Асаке,223.6,2,4,13,22,9
CITY_K6R_dp_optimal_jenks,w295009405,w301982089,улица Георге Асаке,208.9,2,4,13,22,9
CITY_K6R_dp_optimal_jenks,w295009405,w301982090,улица Георге Асаке,208.7,2,4,13,22,9
CITY_K6R_dp_optimal_jenks,w295009405,w301982096,улица Георге Асаке,225.1,2,4,13,22,9
CITY_K6R_dp_optimal_jenks,w295009405,w302368617,улица Георге Асаке,203.0,2,4,13,22,9
CITY_K6R_dp_optimal_jenks,w295009405,w303915694,улица Георге Асаке,233.8,2,4,13,22,9
CITY_K6R_dp_optimal_jenks,w295009405,w303915700,улица Георге Асаке,224.2,2,4,13,22,9
CITY_K6R_dp_optimal_jenks,w295009405,w303915703,улица Георге Асаке,235.1,2,4,13,22,9
CITY_K6R_dp_optimal_jenks,w295009405,w303915704,улица Георге Асаке,212.8,2,4,13,22,9
CITY_K6R_dp_optimal_jenks,w295009405,w301982108,улица Георге Асаке,155.5,2,4,13,22,9
CITY_K6R_dp_optimal_jenks,w295009405,w301982110,улица Георге Асаке,155.1,2,4,13,22,9
CITY_K6R_dp_optimal_jenks,w295009405,w301982111,улица Георге Асаке,155.8,2,4,13,22,9
CITY_K6R_dp_optimal_jenks,w295009405,w301982112,улица Георге Асаке,168.1,2,4,13,22,9
CITY_K6R_dp_optimal_jenks,w295009405,w301982113,улица Георге Асаке,154.1,2,4,13,22,9
CITY_K6R_dp_optimal_jenks,w295009406,w301982088,улица Георге Асаке,212.1,2,4,13,22,9
CITY_K6R_dp_optimal_jenks,w295009406,w301982089,улица Георге Асаке,202.3,2,4,13,22,9
CITY_K6R_dp_optimal_jenks,w295009406,w301982090,улица Георге Асаке,206.4,2,4,13,22,9
CITY_K6R_dp_optimal_jenks,w295009406,w301982096,улица Георге Асаке,229.4,2,4,13,22,9
CITY_K6R_dp_optimal_jenks,w295009406,w302368617,улица Георге Асаке,189.3,2,4,13,22,9
CITY_K6R_dp_optimal_jenks,w295009406,w303915693,улица Георге Асаке,249.6,2,4,13,22,9
CITY_K6R_dp_optimal_jenks,w295009406,w303915694,улица Георге Асаке,219.5,2,4,13,22,9
CITY_K6R_dp_optimal_jenks,w295009406,w303915696,улица Георге Асаке,248.7,2,4,13,22,9
CITY_K6R_dp_optimal_jenks,w295009406,w303915700,улица Георге Асаке,206.7,2,4,13,22,9
CITY_K6R_dp_optimal_jenks,w295009406,w303915703,улица Георге Асаке,215.6,2,4,13,22,9
CITY_K6R_dp_optimal_jenks,w295009406,w303915704,улица Георге Асаке,194.0,2,4,13,22,9
CITY_K6R_dp_optimal_jenks,w295009406,w301982108,улица Георге Асаке,156.6,2,4,13,22,9
CITY_K6R_dp_optimal_jenks,w295009406,w301982110,улица Георге Асаке,152.6,2,4,13,22,9
CITY_K6R_dp_optimal_jenks,w295009406,w301982111,улица Георге Асаке,151.2,2,4,13,22,9
CITY_K6R_dp_optimal_jenks,w295009406,w301982112,улица Георге Асаке,161.1,2,4,13,22,9
CITY_K6R_dp_optimal_jenks,w295009406,w301982113,улица Георге Асаке,147.0,2,4,13,22,9
CITY_K6R_dp_optimal_jenks,w295009407,w301982088,улица Георге Асаке,211.3,2,4,13,22,9
CITY_K6R_dp_optimal_jenks,w295009407,w301982089,улица Георге Асаке,205.2,2,4,13,22,9
CITY_K6R_dp_optimal_jenks,w295009407,w301982090,улица Георге Асаке,212.0,2,4,13,22,9
CITY_K6R_dp_optimal_jenks,w295009407,w301982096,улица Георге Асаке,238.9,2,4,13,22,9
CITY_K6R_dp_optimal_jenks,w295009407,w302368617,улица Георге Асаке,186.8,2,4,13,22,9
CITY_K6R_dp_optimal_jenks,w295009407,w303915693,улица Георге Асаке,246.9,2,4,13,22,9
CITY_K6R_dp_optimal_jenks,w295009407,w303915694,улица Георге Асаке,216.4,2,4,13,22,9
CITY_K6R_dp_optimal_jenks,w295009407,w303915696,улица Георге Асаке,245.0,2,4,13,22,9
CITY_K6R_dp_optimal_jenks,w295009407,w303915697,улица Георге Асаке,249.3,2,4,13,22,9
CITY_K6R_dp_optimal_jenks,w295009407,w303915700,улица Георге Асаке,200.8,2,4,13,22,9
CITY_K6R_dp_optimal_jenks,w295009407,w303915703,улица Георге Асаке,207.7,2,4,13,22,9
CITY_K6R_dp_optimal_jenks,w295009407,w303915704,улица Георге Асаке,186.8,2,4,13,22,9
CITY_K6R_dp_optimal_jenks,w295009407,w301982108,улица Георге Асаке,164.8,2,4,13,22,9
CITY_K6R_dp_optimal_jenks,w295009407,w301982110,улица Георге Асаке,158.6,2,4,13,22,9
CITY_K6R_dp_optimal_jenks,w295009407,w301982111,улица Георге Асаке,155.9,2,4,13,22,9
CITY_K6R_dp_optimal_jenks,w295009407,w301982112,улица Георге Асаке,164.1,2,4,13,22,9
CITY_K6R_dp_optimal_jenks,w295009407,w301982113,улица Георге Асаке,150.2,2,4,13,22,9
CITY_K6R_dp_optimal_jenks,w301982088,w302368616,Киевская улица,198.5,4,2,22,13,9
CITY_K6R_dp_optimal_jenks,w301982088,w303836248,Киевская улица,241.9,4,2,22,13,9
CITY_K6R_dp_optimal_jenks,w301982088,w303836250,Киевская улица,229.0,4,2,22,13,9
CITY_K6R_dp_optimal_jenks,w301982088,w303915713,Киевская улица,152.0,4,2,22,13,9
CITY_K6R_dp_optimal_jenks,w301982088,w303915714,Киевская улица,157.2,4,2,22,13,9
CITY_K6R_dp_optimal_jenks,w301982088,w303915715,Киевская улица,160.0,4,2,22,13,9
CITY_K6R_dp_optimal_jenks,w301982088,w303915716,Киевская улица,169.6,4,2,22,13,9
CITY_K6R_dp_optimal_jenks,w301982088,w303915718,Киевская улица,178.6,4,2,22,13,9
CITY_K6R_dp_optimal_jenks,w301982088,w303915719,Киевская улица,190.5,4,2,22,13,9
CITY_K6R_dp_optimal_jenks,w301982088,w303915721,Киевская улица,197.8,4,2,22,13,9
CITY_K6R_dp_optimal_jenks,w301982088,w303915722,Киевская улица,207.3,4,2,22,13,9
CITY_K6R_dp_optimal_jenks,w301982088,w303915723,Киевская улица,216.4,4,2,22,13,9
CITY_K6R_dp_optimal_jenks,w301982088,w303915724,Киевская улица,227.0,4,2,22,13,9
CITY_K6R_dp_optimal_jenks,w301982088,w705816382,Киевская улица,247.1,4,2,22,13,9
CITY_K6R_dp_optimal_jenks,w301982088,w705834164,Киевская улица,215.7,4,2,22,13,9
CITY_K6R_dp_optimal_jenks,w301982088,w705834165,Киевская улица,217.4,4,2,22,13,9
CITY_K6R_dp_optimal_jenks,w301982088,w302368270,Киевская улица,205.3,4,2,22,13,9
CITY_K6R_dp_optimal_jenks,w301982088,w302368615,Киевская улица,211.5,4,2,22,13,9
CITY_K6R_dp_optimal_jenks,w301982089,w302368616,улица Тургенева,211.3,4,2,22,13,9
CITY_K6R_dp_optimal_jenks,w301982089,w303836250,улица Тургенева,248.5,4,2,22,13,9
CITY_K6R_dp_optimal_jenks,w301982089,w303915713,улица Тургенева,174.7,4,2,22,13,9
CITY_K6R_dp_optimal_jenks,w301982089,w303915714,улица Тургенева,183.1,4,2,22,13,9
CITY_K6R_dp_optimal_jenks,w301982089,w303915715,улица Тургенева,189.6,4,2,22,13,9
CITY_K6R_dp_optimal_jenks,w301982089,w303915716,улица Тургенева,201.3,4,2,22,13,9
CITY_K6R_dp_optimal_jenks,w301982089,w303915718,улица Тургенева,212.1,4,2,22,13,9
CITY_K6R_dp_optimal_jenks,w301982089,w303915719,улица Тургенева,225.2,4,2,22,13,9
CITY_K6R_dp_optimal_jenks,w301982089,w303915721,улица Тургенева,233.7,4,2,22,13,9
CITY_K6R_dp_optimal_jenks,w301982089,w303915722,улица Тургенева,243.9,4,2,22,13,9
CITY_K6R_dp_optimal_jenks,w301982089,w705834164,улица Тургенева,231.6,4,2,22,13,9
CITY_K6R_dp_optimal_jenks,w301982089,w705834165,улица Тургенева,235.4,4,2,22,13,9
CITY_K6R_dp_optimal_jenks,w301982089,w302368270,улица Тургенева,207.0,4,2,22,13,9
CITY_K6R_dp_optimal_jenks,w301982089,w302368615,улица Тургенева,220.6,4,2,22,13,9
CITY_K6R_dp_optimal_jenks,w301982090,w302368616,улица Тургенева,230.9,4,2,22,13,9
CITY_K6R_dp_optimal_jenks,w301982090,w303915713,улица Тургенева,200.8,4,2,22,13,9
CITY_K6R_dp_optimal_jenks,w301982090,w303915714,улица Тургенева,210.6,4,2,22,13,9
CITY_K6R_dp_optimal_jenks,w301982090,w303915715,улица Тургенева,218.9,4,2,22,13,9
CITY_K6R_dp_optimal_jenks,w301982090,w303915716,улица Тургенева,231.4,4,2,22,13,9
CITY_K6R_dp_optimal_jenks,w301982090,w303915718,улица Тургенева,243.0,4,2,22,13,9
CITY_K6R_dp_optimal_jenks,w301982090,w302368270,улица Тургенева,219.4,4,2,22,13,9
CITY_K6R_dp_optimal_jenks,w301982090,w302368615,улица Тургенева,237.7,4,2,22,13,9
CITY_K6R_dp_optimal_jenks,w301982108,w302368616,Путейская улица,199.8,4,2,22,13,9
CITY_K6R_dp_optimal_jenks,w301982108,w302492922,Путейская улица,249.6,4,2,22,13,9
CITY_K6R_dp_optimal_jenks,w301982108,w303836250,Путейская улица,244.8,4,2,22,13,9
CITY_K6R_dp_optimal_jenks,w301982108,w303915713,Путейская улица,183.7,4,2,22,13,9
CITY_K6R_dp_optimal_jenks,w301982108,w303915714,Путейская улица,196.1,4,2,22,13,9
CITY_K6R_dp_optimal_jenks,w301982108,w303915715,Путейская улица,208.4,4,2,22,13,9
CITY_K6R_dp_optimal_jenks,w301982108,w303915716,Путейская улица,222.7,4,2,22,13,9
CITY_K6R_dp_optimal_jenks,w301982108,w303915718,Путейская улица,236.0,4,2,22,13,9
CITY_K6R_dp_optimal_jenks,w301982108,w705816382,Путейская улица,241.3,4,2,22,13,9
CITY_K6R_dp_optimal_jenks,w301982108,w705834164,Путейская улица,223.2,4,2,22,13,9
CITY_K6R_dp_optimal_jenks,w301982108,w705834165,Путейская улица,230.3,4,2,22,13,9
CITY_K6R_dp_optimal_jenks,w301982108,w302368270,Путейская улица,178.4,4,2,22,13,9
CITY_K6R_dp_optimal_jenks,w301982108,w302368615,Путейская улица,202.3,4,2,22,13,9
CITY_K6R_dp_optimal_jenks,w301982110,w302368616,Путейская улица,185.0,4,2,22,13,9
CITY_K6R_dp_optimal_jenks,w301982110,w302492922,Путейская улица,237.1,4,2,22,13,9
CITY_K6R_dp_optimal_jenks,w301982110,w302492924,Путейская улица,249.7,4,2,22,13,9
CITY_K6R_dp_optimal_jenks,w301982110,w303836248,Путейская улица,248.8,4,2,22,13,9
CITY_K6R_dp_optimal_jenks,w301982110,w303836250,Путейская улица,228.5,4,2,22,13,9
CITY_K6R_dp_optimal_jenks,w301982110,w303915713,Путейская улица,164.4,4,2,22,13,9
CITY_K6R_dp_optimal_jenks,w301982110,w303915714,Путейская улица,176.3,4,2,22,13,9
CITY_K6R_dp_optimal_jenks,w301982110,w303915715,Путейская улица,187.9,4,2,22,13,9
CITY_K6R_dp_optimal_jenks,w301982110,w303915716,Путейская улица,202.0,4,2,22,13,9
CITY_K6R_dp_optimal_jenks,w301982110,w303915718,Путейская улица,215.0,4,2,22,13,9
CITY_K6R_dp_optimal_jenks,w301982110,w303915719,Путейская улица,229.4,4,2,22,13,9
CITY_K6R_dp_optimal_jenks,w301982110,w303915721,Путейская улица,239.3,4,2,22,13,9
CITY_K6R_dp_optimal_jenks,w301982110,w705816382,Путейская улица,228.4,4,2,22,13,9
CITY_K6R_dp_optimal_jenks,w301982110,w705834164,Путейская улица,207.8,4,2,22,13,9
CITY_K6R_dp_optimal_jenks,w301982110,w705834165,Путейская улица,214.2,4,2,22,13,9
CITY_K6R_dp_optimal_jenks,w301982110,w302368270,Путейская улица,168.1,4,2,22,13,9
CITY_K6R_dp_optimal_jenks,w301982110,w302368615,Путейская улица,189.3,4,2,22,13,9
CITY_K6R_dp_optimal_jenks,w301982111,w302368616,Путейская улица,176.7,4,2,22,13,9
CITY_K6R_dp_optimal_jenks,w301982111,w302492922,Путейская улица,230.2,4,2,22,13,9
CITY_K6R_dp_optimal_jenks,w301982111,w302492924,Путейская улица,243.0,4,2,22,13,9
CITY_K6R_dp_optimal_jenks,w301982111,w302492928,Путейская улица,246.8,4,2,22,13,9
CITY_K6R_dp_optimal_jenks,w301982111,w303836248,Путейская улица,239.0,4,2,22,13,9
CITY_K6R_dp_optimal_jenks,w301982111,w303836250,Путейская улица,219.3,4,2,22,13,9
CITY_K6R_dp_optimal_jenks,w301982111,w303915713,Путейская улица,153.5,4,2,22,13,9
CITY_K6R_dp_optimal_jenks,w301982111,w303915714,Путейская улица,165.0,4,2,22,13,9
CITY_K6R_dp_optimal_jenks,w301982111,w303915715,Путейская улица,176.2,4,2,22,13,9
CITY_K6R_dp_optimal_jenks,w301982111,w303915716,Путейская улица,190.1,4,2,22,13,9
CITY_K6R_dp_optimal_jenks,w301982111,w303915718,Путейская улица,203.0,4,2,22,13,9
CITY_K6R_dp_optimal_jenks,w301982111,w303915719,Путейская улица,217.3,4,2,22,13,9
CITY_K6R_dp_optimal_jenks,w301982111,w303915721,Путейская улица,227.2,4,2,22,13,9
CITY_K6R_dp_optimal_jenks,w301982111,w303915722,Путейская улица,238.2,4,2,22,13,9
CITY_K6R_dp_optimal_jenks,w301982111,w705816382,Путейская улица,221.2,4,2,22,13,9
CITY_K6R_dp_optimal_jenks,w301982111,w705834164,Путейская улица,199.2,4,2,22,13,9
CITY_K6R_dp_optimal_jenks,w301982111,w705834165,Путейская улица,205.2,4,2,22,13,9
CITY_K6R_dp_optimal_jenks,w301982111,w302368270,Путейская улица,162.9,4,2,22,13,9
CITY_K6R_dp_optimal_jenks,w301982111,w302368615,Путейская улица,182.2,4,2,22,13,9
CITY_K6R_dp_optimal_jenks,w301982112,w302368616,Путейская улица,175.8,4,2,22,13,9
CITY_K6R_dp_optimal_jenks,w301982112,w302492922,Путейская улица,231.4,4,2,22,13,9
CITY_K6R_dp_optimal_jenks,w301982112,w302492924,Путейская улица,244.7,4,2,22,13,9
CITY_K6R_dp_optimal_jenks,w301982112,w302492928,Путейская улица,245.9,4,2,22,13,9
CITY_K6R_dp_optimal_jenks,w301982112,w303836248,Путейская улица,234.4,4,2,22,13,9
CITY_K6R_dp_optimal_jenks,w301982112,w303836250,Путейская улица,216.1,4,2,22,13,9
CITY_K6R_dp_optimal_jenks,w301982112,w303915713,Путейская улица,146.5,4,2,22,13,9
CITY_K6R_dp_optimal_jenks,w301982112,w303915714,Путейская улица,156.9,4,2,22,13,9
CITY_K6R_dp_optimal_jenks,w301982112,w303915715,Путейская улица,166.6,4,2,22,13,9
CITY_K6R_dp_optimal_jenks,w301982112,w303915716,Путейская улица,179.9,4,2,22,13,9
CITY_K6R_dp_optimal_jenks,w301982112,w303915718,Путейская улица,192.2,4,2,22,13,9
CITY_K6R_dp_optimal_jenks,w301982112,w303915719,Путейская улица,206.3,4,2,22,13,9
CITY_K6R_dp_optimal_jenks,w301982112,w303915721,Путейская улица,215.8,4,2,22,13,9
CITY_K6R_dp_optimal_jenks,w301982112,w303915722,Путейская улица,226.7,4,2,22,13,9
CITY_K6R_dp_optimal_jenks,w301982112,w303915723,Путейская улица,238.4,4,2,22,13,9
CITY_K6R_dp_optimal_jenks,w301982112,w705816382,Путейская улица,222.0,4,2,22,13,9
CITY_K6R_dp_optimal_jenks,w301982112,w705834164,Путейская улица,197.4,4,2,22,13,9
CITY_K6R_dp_optimal_jenks,w301982112,w705834165,Путейская улица,202.4,4,2,22,13,9
CITY_K6R_dp_optimal_jenks,w301982112,w302368270,Путейская улица,167.3,4,2,22,13,9
CITY_K6R_dp_optimal_jenks,w301982112,w302368615,Путейская улица,183.3,4,2,22,13,9
CITY_K6R_dp_optimal_jenks,w301982113,w302368616,Путейская улица,164.6,4,2,22,13,9
CITY_K6R_dp_optimal_jenks,w301982113,w302492922,Путейская улица,219.3,4,2,22,13,9
CITY_K6R_dp_optimal_jenks,w301982113,w302492924,Путейская улица,232.4,4,2,22,13,9
CITY_K6R_dp_optimal_jenks,w301982113,w302492926,Путейская улица,242.2,4,2,22,13,9
CITY_K6R_dp_optimal_jenks,w301982113,w302492928,Путейская улица,234.7,4,2,22,13,9
CITY_K6R_dp_optimal_jenks,w301982113,w303833096,Путейская улица,245.3,4,2,22,13,9
CITY_K6R_dp_optimal_jenks,w301982113,w303836248,Путейская улица,225.2,4,2,22,13,9
CITY_K6R_dp_optimal_jenks,w301982113,w303836250,Путейская улица,206.1,4,2,22,13,9
CITY_K6R_dp_optimal_jenks,w301982113,w303915713,Путейская улица,138.7,4,2,22,13,9
CITY_K6R_dp_optimal_jenks,w301982113,w303915714,Путейская улица,150.0,4,2,22,13,9
CITY_K6R_dp_optimal_jenks,w301982113,w303915715,Путейская улица,160.8,4,2,22,13,9
CITY_K6R_dp_optimal_jenks,w301982113,w303915716,Путейская улица,174.6,4,2,22,13,9
CITY_K6R_dp_optimal_jenks,w301982113,w303915718,Путейская улица,187.5,4,2,22,13,9
CITY_K6R_dp_optimal_jenks,w301982113,w303915719,Путейская улица,201.8,4,2,22,13,9
CITY_K6R_dp_optimal_jenks,w301982113,w303915721,Путейская улица,211.6,4,2,22,13,9
CITY_K6R_dp_optimal_jenks,w301982113,w303915722,Путейская улица,222.7,4,2,22,13,9
CITY_K6R_dp_optimal_jenks,w301982113,w303915723,Путейская улица,234.9,4,2,22,13,9
CITY_K6R_dp_optimal_jenks,w301982113,w303915724,Путейская улица,247.2,4,2,22,13,9
CITY_K6R_dp_optimal_jenks,w301982113,w705816382,Путейская улица,210.1,4,2,22,13,9
CITY_K6R_dp_optimal_jenks,w301982113,w705834164,Путейская улица,186.6,4,2,22,13,9
CITY_K6R_dp_optimal_jenks,w301982113,w705834165,Путейская улица,192.1,4,2,22,13,9
CITY_K6R_dp_optimal_jenks,w301982113,w302368270,Путейская улица,154.1,4,2,22,13,9
CITY_K6R_dp_optimal_jenks,w301982113,w302368615,Путейская улица,171.2,4,2,22,13,9
CITY_K6R_dp_optimal_jenks,w302368270,w303915706,Путейская улица,244.0,2,4,13,22,9
CITY_K6R_dp_optimal_jenks,w302368270,w302368617,Путейская улица,178.1,2,4,13,22,9
CITY_K6R_dp_optimal_jenks,w302368270,w303915693,Путейская улица,236.5,2,4,13,22,9
CITY_K6R_dp_optimal_jenks,w302368270,w303915694,Путейская улица,205.7,2,4,13,22,9
CITY_K6R_dp_optimal_jenks,w302368270,w303915696,Путейская улица,232.4,2,4,13,22,9
CITY_K6R_dp_optimal_jenks,w302368270,w303915697,Путейская улица,234.7,2,4,13,22,9
CITY_K6R_dp_optimal_jenks,w302368270,w303915700,Путейская улица,184.5,2,4,13,22,9
CITY_K6R_dp_optimal_jenks,w302368270,w303915701,Путейская улица,236.7,2,4,13,22,9
CITY_K6R_dp_optimal_jenks,w302368270,w303915703,Путейская улица,187.2,2,4,13,22,9
CITY_K6R_dp_optimal_jenks,w302368270,w303915704,Путейская улица,168.4,2,4,13,22,9
CITY_K6R_dp_optimal_jenks,w302368270,w303915705,Путейская улица,236.5,2,4,13,22,9
CITY_K6R_dp_optimal_jenks,w302368615,w303915706,улица Георге Асаке,231.3,2,4,13,22,9
CITY_K6R_dp_optimal_jenks,w302368615,w303915708,улица Георге Асаке,236.8,2,4,13,22,9
CITY_K6R_dp_optimal_jenks,w302368615,w303915709,улица Георге Асаке,243.8,2,4,13,22,9
CITY_K6R_dp_optimal_jenks,w302368615,w302368617,улица Георге Асаке,182.3,2,4,13,22,9
CITY_K6R_dp_optimal_jenks,w302368615,w303915693,улица Георге Асаке,237.3,2,4,13,22,9
CITY_K6R_dp_optimal_jenks,w302368615,w303915694,улица Георге Асаке,206.9,2,4,13,22,9
CITY_K6R_dp_optimal_jenks,w302368615,w303915696,улица Георге Асаке,231.1,2,4,13,22,9
CITY_K6R_dp_optimal_jenks,w302368615,w303915697,улица Георге Асаке,231.0,2,4,13,22,9
CITY_K6R_dp_optimal_jenks,w302368615,w303915700,улица Георге Асаке,180.1,2,4,13,22,9
CITY_K6R_dp_optimal_jenks,w302368615,w303915701,улица Георге Асаке,230.2,2,4,13,22,9
CITY_K6R_dp_optimal_jenks,w302368615,w303915703,улица Георге Асаке,177.6,2,4,13,22,9
CITY_K6R_dp_optimal_jenks,w302368615,w303915704,улица Георге Асаке,161.9,2,4,13,22,9
CITY_K6R_dp_optimal_jenks,w302368615,w303915705,улица Георге Асаке,227.1,2,4,13,22,9
CITY_K6R_dp_optimal_jenks,w302368616,w303915706,улица Георге Асаке,211.7,2,4,13,22,9
CITY_K6R_dp_optimal_jenks,w302368616,w303915708,улица Георге Асаке,216.8,2,4,13,22,9
CITY_K6R_dp_optimal_jenks,w302368616,w303915709,улица Георге Асаке,223.4,2,4,13,22,9
CITY_K6R_dp_optimal_jenks,w302368616,w302368617,улица Георге Асаке,168.7,2,4,13,22,9
CITY_K6R_dp_optimal_jenks,w302368616,w303915693,улица Георге Асаке,221.8,2,4,13,22,9
CITY_K6R_dp_optimal_jenks,w302368616,w303915694,улица Георге Асаке,191.7,2,4,13,22,9
CITY_K6R_dp_optimal_jenks,w302368616,w303915696,улица Георге Асаке,214.7,2,4,13,22,9
CITY_K6R_dp_optimal_jenks,w302368616,w303915697,улица Георге Асаке,213.7,2,4,13,22,9
CITY_K6R_dp_optimal_jenks,w302368616,w303915700,улица Георге Асаке,163.0,2,4,13,22,9
CITY_K6R_dp_optimal_jenks,w302368616,w303915701,улица Георге Асаке,212.2,2,4,13,22,9
CITY_K6R_dp_optimal_jenks,w302368616,w303915703,улица Георге Асаке,158.8,2,4,13,22,9
CITY_K6R_dp_optimal_jenks,w302368616,w303915704,улица Георге Асаке,144.2,2,4,13,22,9
CITY_K6R_dp_optimal_jenks,w302368616,w303915705,улица Георге Асаке,208.2,2,4,13,22,9
CITY_K6R_dp_optimal_jenks,w302368617,w302492922,Киевская улица,227.7,4,2,22,13,9
CITY_K6R_dp_optimal_jenks,w302368617,w302492924,Киевская улица,241.7,4,2,22,13,9
CITY_K6R_dp_optimal_jenks,w302368617,w302492928,Киевская улица,234.6,4,2,22,13,9
CITY_K6R_dp_optimal_jenks,w302368617,w303833095,Киевская улица,244.1,4,2,22,13,9
CITY_K6R_dp_optimal_jenks,w302368617,w303833096,Киевская улица,225.7,4,2,22,13,9
CITY_K6R_dp_optimal_jenks,w302368617,w303836248,Киевская улица,211.6,4,2,22,13,9
CITY_K6R_dp_optimal_jenks,w302368617,w303836250,Киевская улица,198.6,4,2,22,13,9
CITY_K6R_dp_optimal_jenks,w302368617,w303836258,Киевская улица,239.8,4,2,22,13,9
CITY_K6R_dp_optimal_jenks,w302368617,w303836260,Киевская улица,246.5,4,2,22,13,9
CITY_K6R_dp_optimal_jenks,w302368617,w303915713,Киевская улица,121.6,4,2,22,13,9
CITY_K6R_dp_optimal_jenks,w302368617,w303915714,Киевская улица,127.1,4,2,22,13,9
CITY_K6R_dp_optimal_jenks,w302368617,w303915715,Киевская улица,130.6,4,2,22,13,9
CITY_K6R_dp_optimal_jenks,w302368617,w303915716,Киевская улица,140.9,4,2,22,13,9
CITY_K6R_dp_optimal_jenks,w302368617,w303915718,Киевская улица,150.6,4,2,22,13,9
CITY_K6R_dp_optimal_jenks,w302368617,w303915719,Киевская улица,163.1,4,2,22,13,9
CITY_K6R_dp_optimal_jenks,w302368617,w303915721,Киевская улица,171.1,4,2,22,13,9
CITY_K6R_dp_optimal_jenks,w302368617,w303915722,Киевская улица,181.0,4,2,22,13,9
CITY_K6R_dp_optimal_jenks,w302368617,w303915723,Киевская улица,190.9,4,2,22,13,9
CITY_K6R_dp_optimal_jenks,w302368617,w303915724,Киевская улица,202.1,4,2,22,13,9
CITY_K6R_dp_optimal_jenks,w302368617,w705816382,Киевская улица,217.4,4,2,22,13,9
CITY_K6R_dp_optimal_jenks,w302368617,w705834164,Киевская улица,185.5,4,2,22,13,9
CITY_K6R_dp_optimal_jenks,w302368617,w705834165,Киевская улица,187.1,4,2,22,13,9
CITY_K6R_dp_optimal_jenks,w302492922,w303915700,Первомайская улица,220.7,2,4,13,22,9
CITY_K6R_dp_optimal_jenks,w302492922,w303915703,Первомайская улица,214.3,2,4,13,22,9
CITY_K6R_dp_optimal_jenks,w302492922,w303915704,Первомайская улица,201.5,2,4,13,22,9
CITY_K6R_dp_optimal_jenks,w302492924,w303915700,Первомайская улица,234.8,2,4,13,22,9
CITY_K6R_dp_optimal_jenks,w302492924,w303915703,Первомайская улица,228.0,2,4,13,22,9
CITY_K6R_dp_optimal_jenks,w302492924,w303915704,Первомайская улица,215.5,2,4,13,22,9
CITY_K6R_dp_optimal_jenks,w302492926,w303915700,Первомайская улица,246.3,2,4,13,22,9
CITY_K6R_dp_optimal_jenks,w302492926,w303915703,Первомайская улица,239.6,2,4,13,22,9
CITY_K6R_dp_optimal_jenks,w302492926,w303915704,Первомайская улица,227.1,2,4,13,22,9
CITY_K6R_dp_optimal_jenks,w302492928,w303915700,улица Георге Асаке,221.8,2,4,13,22,9
CITY_K6R_dp_optimal_jenks,w302492928,w303915703,улица Георге Асаке,211.6,2,4,13,22,9
CITY_K6R_dp_optimal_jenks,w302492928,w303915704,улица Георге Асаке,202.0,2,4,13,22,9
CITY_K6R_dp_optimal_jenks,w302492930,w303915700,улица Георге Асаке,249.2,2,4,13,22,9
CITY_K6R_dp_optimal_jenks,w302492930,w303915703,улица Георге Асаке,236.6,2,4,13,22,9
CITY_K6R_dp_optimal_jenks,w302492930,w303915704,улица Георге Асаке,229.1,2,4,13,22,9
CITY_K6R_dp_optimal_jenks,w302492937,w303915704,Первомайская улица,239.4,2,4,13,22,9
CITY_K6R_dp_optimal_jenks,w303833095,w303915706,улица Георге Асаке,248.5,2,4,13,22,9
CITY_K6R_dp_optimal_jenks,w303833095,w303915708,улица Георге Асаке,248.5,2,4,13,22,9
CITY_K6R_dp_optimal_jenks,w303833095,w303915709,улица Георге Асаке,246.0,2,4,13,22,9
CITY_K6R_dp_optimal_jenks,w303833095,w303915700,улица Георге Асаке,224.5,2,4,13,22,9
CITY_K6R_dp_optimal_jenks,w303833095,w303915703,улица Георге Асаке,209.9,2,4,13,22,9
CITY_K6R_dp_optimal_jenks,w303833095,w303915704,улица Георге Асаке,204.4,2,4,13,22,9
CITY_K6R_dp_optimal_jenks,w303833096,w303915706,улица Георге Асаке,216.7,2,4,13,22,9
CITY_K6R_dp_optimal_jenks,w303833096,w303915708,улица Георге Асаке,215.6,2,4,13,22,9
CITY_K6R_dp_optimal_jenks,w303833096,w303915709,улица Георге Асаке,211.5,2,4,13,22,9
CITY_K6R_dp_optimal_jenks,w303833096,w303915694,улица Георге Асаке,238.5,2,4,13,22,9
CITY_K6R_dp_optimal_jenks,w303833096,w303915697,улица Георге Асаке,244.7,2,4,13,22,9
CITY_K6R_dp_optimal_jenks,w303833096,w303915700,улица Георге Асаке,200.7,2,4,13,22,9
CITY_K6R_dp_optimal_jenks,w303833096,w303915701,улица Георге Асаке,236.0,2,4,13,22,9
CITY_K6R_dp_optimal_jenks,w303833096,w303915703,улица Георге Асаке,183.1,2,4,13,22,9
CITY_K6R_dp_optimal_jenks,w303833096,w303915704,улица Георге Асаке,180.9,2,4,13,22,9
CITY_K6R_dp_optimal_jenks,w303833096,w303915705,улица Георге Асаке,223.9,2,4,13,22,9
CITY_K6R_dp_optimal_jenks,w303833098,w303915706,улица Георге Асаке,248.6,2,4,13,22,9
CITY_K6R_dp_optimal_jenks,w303833098,w303915708,улица Георге Асаке,247.7,2,4,13,22,9
CITY_K6R_dp_optimal_jenks,w303833098,w303915709,улица Георге Асаке,243.7,2,4,13,22,9
CITY_K6R_dp_optimal_jenks,w303833098,w303915700,улица Георге Асаке,229.5,2,4,13,22,9
CITY_K6R_dp_optimal_jenks,w303833098,w303915703,улица Георге Асаке,213.2,2,4,13,22,9
CITY_K6R_dp_optimal_jenks,w303833098,w303915704,улица Георге Асаке,209.5,2,4,13,22,9
CITY_K6R_dp_optimal_jenks,w303836248,w303915706,улица Георге Асаке,216.4,2,4,13,22,9
CITY_K6R_dp_optimal_jenks,w303836248,w303915708,улица Георге Асаке,217.0,2,4,13,22,9
CITY_K6R_dp_optimal_jenks,w303836248,w303915709,улица Георге Асаке,215.8,2,4,13,22,9
CITY_K6R_dp_optimal_jenks,w303836248,w303915694,улица Георге Асаке,227.3,2,4,13,22,9
CITY_K6R_dp_optimal_jenks,w303836248,w303915696,улица Георге Асаке,243.4,2,4,13,22,9
CITY_K6R_dp_optimal_jenks,w303836248,w303915697,улица Георге Асаке,237.8,2,4,13,22,9
CITY_K6R_dp_optimal_jenks,w303836248,w303915700,улица Георге Асаке,191.2,2,4,13,22,9
CITY_K6R_dp_optimal_jenks,w303836248,w303915701,улица Георге Асаке,230.9,2,4,13,22,9
CITY_K6R_dp_optimal_jenks,w303836248,w303915703,улица Георге Асаке,176.6,2,4,13,22,9
CITY_K6R_dp_optimal_jenks,w303836248,w303915704,улица Георге Асаке,171.1,2,4,13,22,9
CITY_K6R_dp_optimal_jenks,w303836248,w303915705,улица Георге Асаке,220.8,2,4,13,22,9
CITY_K6R_dp_optimal_jenks,w303836250,w303915706,улица Георге Асаке,216.6,2,4,13,22,9
CITY_K6R_dp_optimal_jenks,w303836250,w303915708,улица Георге Асаке,218.8,2,4,13,22,9
CITY_K6R_dp_optimal_jenks,w303836250,w303915709,улица Георге Асаке,220.3,2,4,13,22,9
CITY_K6R_dp_optimal_jenks,w303836250,w303915693,улица Георге Асаке,245.2,2,4,13,22,9
CITY_K6R_dp_optimal_jenks,w303836250,w303915694,улица Георге Асаке,217.0,2,4,13,22,9
CITY_K6R_dp_optimal_jenks,w303836250,w303915696,улица Георге Асаке,235.6,2,4,13,22,9
CITY_K6R_dp_optimal_jenks,w303836250,w303915697,улица Георге Асаке,231.6,2,4,13,22,9
CITY_K6R_dp_optimal_jenks,w303836250,w303915700,улица Георге Асаке,182.9,2,4,13,22,9
CITY_K6R_dp_optimal_jenks,w303836250,w303915701,улица Георге Асаке,226.4,2,4,13,22,9
CITY_K6R_dp_optimal_jenks,w303836250,w303915703,улица Георге Асаке,171.6,2,4,13,22,9
CITY_K6R_dp_optimal_jenks,w303836250,w303915704,улица Георге Асаке,162.9,2,4,13,22,9
CITY_K6R_dp_optimal_jenks,w303836250,w303915705,улица Георге Асаке,218.3,2,4,13,22,9
CITY_K6R_dp_optimal_jenks,w303836258,w303915706,улица Георге Асаке,217.8,2,4,13,22,9
CITY_K6R_dp_optimal_jenks,w303836258,w303915708,улица Георге Асаке,215.0,2,4,13,22,9
CITY_K6R_dp_optimal_jenks,w303836258,w303915709,улица Георге Асаке,208.0,2,4,13,22,9
CITY_K6R_dp_optimal_jenks,w303836258,w303915694,улица Георге Асаке,249.7,2,4,13,22,9
CITY_K6R_dp_optimal_jenks,w303836258,w303915700,улица Георге Асаке,211.0,2,4,13,22,9
CITY_K6R_dp_optimal_jenks,w303836258,w303915701,улица Георге Асаке,241.5,2,4,13,22,9
CITY_K6R_dp_optimal_jenks,w303836258,w303915703,улица Георге Асаке,190.7,2,4,13,22,9
CITY_K6R_dp_optimal_jenks,w303836258,w303915704,улица Георге Асаке,191.7,2,4,13,22,9
CITY_K6R_dp_optimal_jenks,w303836258,w303915705,улица Георге Асаке,227.6,2,4,13,22,9
CITY_K6R_dp_optimal_jenks,w303836260,w303915706,улица Георге Асаке,217.6,2,4,13,22,9
CITY_K6R_dp_optimal_jenks,w303836260,w303915708,улица Георге Асаке,213.9,2,4,13,22,9
CITY_K6R_dp_optimal_jenks,w303836260,w303915709,улица Георге Асаке,205.5,2,4,13,22,9
CITY_K6R_dp_optimal_jenks,w303836260,w303915700,улица Георге Асаке,215.8,2,4,13,22,9
CITY_K6R_dp_optimal_jenks,w303836260,w303915701,улица Георге Асаке,243.5,2,4,13,22,9
CITY_K6R_dp_optimal_jenks,w303836260,w303915703,улица Георге Асаке,194.2,2,4,13,22,9
CITY_K6R_dp_optimal_jenks,w303836260,w303915704,улица Георге Асаке,196.9,2,4,13,22,9
CITY_K6R_dp_optimal_jenks,w303836260,w303915705,улица Георге Асаке,228.9,2,4,13,22,9
CITY_K6R_dp_optimal_jenks,w303912207,w303915706,улица Георге Асаке,248.0,2,4,13,22,9
CITY_K6R_dp_optimal_jenks,w303912207,w303915708,улица Георге Асаке,240.3,2,4,13,22,9
CITY_K6R_dp_optimal_jenks,w303912207,w303915709,улица Георге Асаке,225.0,2,4,13,22,9
CITY_K6R_dp_optimal_jenks,w303912207,w303915703,улица Георге Асаке,241.5,2,4,13,22,9
CITY_K6R_dp_optimal_jenks,w303912208,w303915706,улица Георге Асаке,241.7,2,4,13,22,9
CITY_K6R_dp_optimal_jenks,w303912208,w303915708,улица Георге Асаке,234.8,2,4,13,22,9
CITY_K6R_dp_optimal_jenks,w303912208,w303915709,улица Георге Асаке,220.9,2,4,13,22,9
CITY_K6R_dp_optimal_jenks,w303912208,w303915703,улица Георге Асаке,231.5,2,4,13,22,9
CITY_K6R_dp_optimal_jenks,w303912208,w303915704,улица Георге Асаке,239.1,2,4,13,22,9
CITY_K6R_dp_optimal_jenks,w303912222,w303915709,улица Георге Асаке,239.2,2,4,13,22,9
CITY_K6R_dp_optimal_jenks,w303912223,w303915709,улица Георге Асаке,246.3,2,4,13,22,9
CITY_K6R_dp_optimal_jenks,w303915686,w303915713,Киевская улица,235.2,4,2,22,13,9
CITY_K6R_dp_optimal_jenks,w303915686,w303915714,Киевская улица,233.7,4,2,22,13,9
CITY_K6R_dp_optimal_jenks,w303915686,w303915715,Киевская улица,227.6,4,2,22,13,9
CITY_K6R_dp_optimal_jenks,w303915686,w303915716,Киевская улица,230.1,4,2,22,13,9
CITY_K6R_dp_optimal_jenks,w303915686,w303915718,Киевская улица,232.2,4,2,22,13,9
CITY_K6R_dp_optimal_jenks,w303915686,w303915719,Киевская улица,238.4,4,2,22,13,9
CITY_K6R_dp_optimal_jenks,w303915686,w303915721,Киевская улица,240.7,4,2,22,13,9
CITY_K6R_dp_optimal_jenks,w303915686,w303915722,Киевская улица,245.9,4,2,22,13,9
CITY_K6R_dp_optimal_jenks,w303915686,w303915723,Киевская улица,248.5,4,2,22,13,9
CITY_K6R_dp_optimal_jenks,w303915689,w303915713,Киевская улица,211.1,4,2,22,13,9
CITY_K6R_dp_optimal_jenks,w303915689,w303915714,Киевская улица,210.8,4,2,22,13,9
CITY_K6R_dp_optimal_jenks,w303915689,w303915715,Киевская улица,206.2,4,2,22,13,9
CITY_K6R_dp_optimal_jenks,w303915689,w303915716,Киевская улица,210.0,4,2,22,13,9
CITY_K6R_dp_optimal_jenks,w303915689,w303915718,Киевская улица,213.6,4,2,22,13,9
CITY_K6R_dp_optimal_jenks,w303915689,w303915719,Киевская улица,221.1,4,2,22,13,9
CITY_K6R_dp_optimal_jenks,w303915689,w303915721,Киевская улица,224.5,4,2,22,13,9
CITY_K6R_dp_optimal_jenks,w303915689,w303915722,Киевская улица,230.8,4,2,22,13,9
CITY_K6R_dp_optimal_jenks,w303915689,w303915723,Киевская улица,234.8,4,2,22,13,9
CITY_K6R_dp_optimal_jenks,w303915689,w303915724,Киевская улица,241.9,4,2,22,13,9
CITY_K6R_dp_optimal_jenks,w303915691,w303915713,улица Островского,206.8,4,2,22,13,9
CITY_K6R_dp_optimal_jenks,w303915691,w303915714,улица Островского,203.6,4,2,22,13,9
CITY_K6R_dp_optimal_jenks,w303915691,w303915715,улица Островского,195.7,4,2,22,13,9
CITY_K6R_dp_optimal_jenks,w303915691,w303915716,улица Островского,196.7,4,2,22,13,9
CITY_K6R_dp_optimal_jenks,w303915691,w303915718,улица Островского,197.6,4,2,22,13,9
CITY_K6R_dp_optimal_jenks,w303915691,w303915719,улица Островского,202.7,4,2,22,13,9
CITY_K6R_dp_optimal_jenks,w303915691,w303915721,улица Островского,204.4,4,2,22,13,9
CITY_K6R_dp_optimal_jenks,w303915691,w303915722,улица Островского,209.1,4,2,22,13,9
CITY_K6R_dp_optimal_jenks,w303915691,w303915723,улица Островского,210.9,4,2,22,13,9
CITY_K6R_dp_optimal_jenks,w303915691,w303915724,улица Островского,216.5,4,2,22,13,9
CITY_K6R_dp_optimal_jenks,w303915693,w303915713,улица Тургенева,168.3,4,2,22,13,9
CITY_K6R_dp_optimal_jenks,w303915693,w303915714,улица Тургенева,169.8,4,2,22,13,9
CITY_K6R_dp_optimal_jenks,w303915693,w303915715,улица Тургенева,167.8,4,2,22,13,9
CITY_K6R_dp_optimal_jenks,w303915693,w303915716,улица Тургенева,174.0,4,2,22,13,9
CITY_K6R_dp_optimal_jenks,w303915693,w303915718,улица Тургенева,179.8,4,2,22,13,9
CITY_K6R_dp_optimal_jenks,w303915693,w303915719,улица Тургенева,189.4,4,2,22,13,9
CITY_K6R_dp_optimal_jenks,w303915693,w303915721,улица Тургенева,194.6,4,2,22,13,9
CITY_K6R_dp_optimal_jenks,w303915693,w303915722,улица Тургенева,202.5,4,2,22,13,9
CITY_K6R_dp_optimal_jenks,w303915693,w303915723,улица Тургенева,209.0,4,2,22,13,9
CITY_K6R_dp_optimal_jenks,w303915693,w303915724,улица Тургенева,217.9,4,2,22,13,9
CITY_K6R_dp_optimal_jenks,w303915693,w705834164,улица Тургенева,235.7,4,2,22,13,9
CITY_K6R_dp_optimal_jenks,w303915693,w705834165,улица Тургенева,235.4,4,2,22,13,9
CITY_K6R_dp_optimal_jenks,w303915694,w303915713,Киевская улица,139.7,4,2,22,13,9
CITY_K6R_dp_optimal_jenks,w303915694,w303915714,Киевская улица,142.4,4,2,22,13,9
CITY_K6R_dp_optimal_jenks,w303915694,w303915715,Киевская улица,142.2,4,2,22,13,9
CITY_K6R_dp_optimal_jenks,w303915694,w303915716,Киевская улица,149.9,4,2,22,13,9
CITY_K6R_dp_optimal_jenks,w303915694,w303915718,Киевская улица,157.4,4,2,22,13,9
CITY_K6R_dp_optimal_jenks,w303915694,w303915719,Киевская улица,168.2,4,2,22,13,9
CITY_K6R_dp_optimal_jenks,w303915694,w303915721,Киевская улица,174.6,4,2,22,13,9
CITY_K6R_dp_optimal_jenks,w303915694,w303915722,Киевская улица,183.5,4,2,22,13,9
CITY_K6R_dp_optimal_jenks,w303915694,w303915723,Киевская улица,191.5,4,2,22,13,9
CITY_K6R_dp_optimal_jenks,w303915694,w303915724,Киевская улица,201.5,4,2,22,13,9
CITY_K6R_dp_optimal_jenks,w303915694,w705816382,Киевская улица,240.1,4,2,22,13,9
CITY_K6R_dp_optimal_jenks,w303915694,w705834164,Киевская улица,206.4,4,2,22,13,9
CITY_K6R_dp_optimal_jenks,w303915694,w705834165,Киевская улица,206.7,4,2,22,13,9
CITY_K6R_dp_optimal_jenks,w303915696,w303915713,улица Тургенева,159.5,4,2,22,13,9
CITY_K6R_dp_optimal_jenks,w303915696,w303915714,улица Тургенева,159.9,4,2,22,13,9
CITY_K6R_dp_optimal_jenks,w303915696,w303915715,улица Тургенева,156.6,4,2,22,13,9
CITY_K6R_dp_optimal_jenks,w303915696,w303915716,улица Тургенева,161.8,4,2,22,13,9
CITY_K6R_dp_optimal_jenks,w303915696,w303915718,улица Тургенева,167.0,4,2,22,13,9
CITY_K6R_dp_optimal_jenks,w303915696,w303915719,улица Тургенева,176.0,4,2,22,13,9
CITY_K6R_dp_optimal_jenks,w303915696,w303915721,улица Тургенева,180.8,4,2,22,13,9
CITY_K6R_dp_optimal_jenks,w303915696,w303915722,улица Тургенева,188.3,4,2,22,13,9
CITY_K6R_dp_optimal_jenks,w303915696,w303915723,улица Тургенева,194.4,4,2,22,13,9
CITY_K6R_dp_optimal_jenks,w303915696,w303915724,улица Тургенева,203.1,4,2,22,13,9
CITY_K6R_dp_optimal_jenks,w303915696,w705834164,улица Тургенева,227.4,4,2,22,13,9
CITY_K6R_dp_optimal_jenks,w303915696,w705834165,улица Тургенева,226.5,4,2,22,13,9
CITY_K6R_dp_optimal_jenks,w303915697,w303915713,улица Тургенева,156.8,4,2,22,13,9
CITY_K6R_dp_optimal_jenks,w303915697,w303915714,улица Тургенева,155.8,4,2,22,13,9
CITY_K6R_dp_optimal_jenks,w303915697,w303915715,улица Тургенева,150.8,4,2,22,13,9
CITY_K6R_dp_optimal_jenks,w303915697,w303915716,улица Тургенева,154.7,4,2,22,13,9
CITY_K6R_dp_optimal_jenks,w303915697,w303915718,улица Тургенева,158.6,4,2,22,13,9
CITY_K6R_dp_optimal_jenks,w303915697,w303915719,улица Тургенева,166.7,4,2,22,13,9
CITY_K6R_dp_optimal_jenks,w303915697,w303915721,улица Тургенева,170.8,4,2,22,13,9
CITY_K6R_dp_optimal_jenks,w303915697,w303915722,улица Тургенева,177.8,4,2,22,13,9
CITY_K6R_dp_optimal_jenks,w303915697,w303915723,улица Тургенева,183.0,4,2,22,13,9
CITY_K6R_dp_optimal_jenks,w303915697,w303915724,улица Тургенева,191.1,4,2,22,13,9
CITY_K6R_dp_optimal_jenks,w303915697,w705834164,улица Тургенева,225.0,4,2,22,13,9
CITY_K6R_dp_optimal_jenks,w303915697,w705834165,улица Тургенева,223.3,4,2,22,13,9
CITY_K6R_dp_optimal_jenks,w303915700,w303915713,Киевская улица,106.9,4,2,22,13,9
CITY_K6R_dp_optimal_jenks,w303915700,w303915714,Киевская улица,107.2,4,2,22,13,9
CITY_K6R_dp_optimal_jenks,w303915700,w303915715,Киевская улица,104.8,4,2,22,13,9
CITY_K6R_dp_optimal_jenks,w303915700,w303915716,Киевская улица,111.4,4,2,22,13,9
CITY_K6R_dp_optimal_jenks,w303915700,w303915718,Киевская улица,118.2,4,2,22,13,9
CITY_K6R_dp_optimal_jenks,w303915700,w303915719,Киевская улица,128.9,4,2,22,13,9
CITY_K6R_dp_optimal_jenks,w303915700,w303915721,Киевская улица,135.2,4,2,22,13,9
CITY_K6R_dp_optimal_jenks,w303915700,w303915722,Киевская улица,144.1,4,2,22,13,9
CITY_K6R_dp_optimal_jenks,w303915700,w303915723,Киевская улица,152.4,4,2,22,13,9
CITY_K6R_dp_optimal_jenks,w303915700,w303915724,Киевская улица,162.7,4,2,22,13,9
CITY_K6R_dp_optimal_jenks,w303915700,w705816382,Киевская улица,210.3,4,2,22,13,9
CITY_K6R_dp_optimal_jenks,w303915700,w705834164,Киевская улица,174.9,4,2,22,13,9
CITY_K6R_dp_optimal_jenks,w303915700,w705834165,Киевская улица,173.8,4,2,22,13,9
CITY_K6R_dp_optimal_jenks,w303915701,w303915713,улица Тургенева,153.8,4,2,22,13,9
CITY_K6R_dp_optimal_jenks,w303915701,w303915714,улица Тургенева,151.2,4,2,22,13,9
CITY_K6R_dp_optimal_jenks,w303915701,w303915715,улица Тургенева,144.2,4,2,22,13,9
CITY_K6R_dp_optimal_jenks,w303915701,w303915716,улица Тургенева,146.5,4,2,22,13,9
CITY_K6R_dp_optimal_jenks,w303915701,w303915718,улица Тургенева,149.0,4,2,22,13,9
CITY_K6R_dp_optimal_jenks,w303915701,w303915719,улица Тургенева,155.9,4,2,22,13,9
CITY_K6R_dp_optimal_jenks,w303915701,w303915721,улица Тургенева,159.1,4,2,22,13,9
CITY_K6R_dp_optimal_jenks,w303915701,w303915722,улица Тургенева,165.4,4,2,22,13,9
CITY_K6R_dp_optimal_jenks,w303915701,w303915723,улица Тургенева,169.6,4,2,22,13,9
CITY_K6R_dp_optimal_jenks,w303915701,w303915724,улица Тургенева,177.1,4,2,22,13,9
CITY_K6R_dp_optimal_jenks,w303915701,w705834164,улица Тургенева,221.7,4,2,22,13,9
CITY_K6R_dp_optimal_jenks,w303915701,w705834165,улица Тургенева,219.1,4,2,22,13,9
CITY_K6R_dp_optimal_jenks,w303915703,w303915713,улица Тургенева,99.8,4,2,22,13,9
CITY_K6R_dp_optimal_jenks,w303915703,w303915714,улица Тургенева,96.4,4,2,22,13,9
CITY_K6R_dp_optimal_jenks,w303915703,w303915715,улица Тургенева,89.7,4,2,22,13,9
CITY_K6R_dp_optimal_jenks,w303915703,w303915716,улица Тургенева,93.1,4,2,22,13,9
CITY_K6R_dp_optimal_jenks,w303915703,w303915718,улица Тургенева,97.4,4,2,22,13,9
CITY_K6R_dp_optimal_jenks,w303915703,w303915719,улица Тургенева,106.3,4,2,22,13,9
CITY_K6R_dp_optimal_jenks,w303915703,w303915721,улица Тургенева,111.5,4,2,22,13,9
CITY_K6R_dp_optimal_jenks,w303915703,w303915722,улица Тургенева,119.6,4,2,22,13,9
CITY_K6R_dp_optimal_jenks,w303915703,w303915723,улица Тургенева,126.8,4,2,22,13,9
CITY_K6R_dp_optimal_jenks,w303915703,w303915724,улица Тургенева,136.5,4,2,22,13,9
CITY_K6R_dp_optimal_jenks,w303915703,w705816382,улица Тургенева,203.9,4,2,22,13,9
CITY_K6R_dp_optimal_jenks,w303915703,w705834164,улица Тургенева,167.2,4,2,22,13,9
CITY_K6R_dp_optimal_jenks,w303915703,w705834165,улица Тургенева,164.3,4,2,22,13,9
CITY_K6R_dp_optimal_jenks,w303915704,w303915713,Киевская улица,87.2,4,2,22,13,9
CITY_K6R_dp_optimal_jenks,w303915704,w303915714,Киевская улица,87.2,4,2,22,13,9
CITY_K6R_dp_optimal_jenks,w303915704,w303915715,Киевская улица,84.8,4,2,22,13,9
CITY_K6R_dp_optimal_jenks,w303915704,w303915716,Киевская улица,91.9,4,2,22,13,9
CITY_K6R_dp_optimal_jenks,w303915704,w303915718,Киевская улица,99.5,4,2,22,13,9
CITY_K6R_dp_optimal_jenks,w303915704,w303915719,Киевская улица,110.8,4,2,22,13,9
CITY_K6R_dp_optimal_jenks,w303915704,w303915721,Киевская улица,117.9,4,2,22,13,9
CITY_K6R_dp_optimal_jenks,w303915704,w303915722,Киевская улица,127.3,4,2,22,13,9
CITY_K6R_dp_optimal_jenks,w303915704,w303915723,Киевская улица,136.6,4,2,22,13,9
CITY_K6R_dp_optimal_jenks,w303915704,w303915724,Киевская улица,147.5,4,2,22,13,9
CITY_K6R_dp_optimal_jenks,w303915704,w705816382,Киевская улица,191.1,4,2,22,13,9
CITY_K6R_dp_optimal_jenks,w303915704,w705834164,Киевская улица,155.4,4,2,22,13,9
CITY_K6R_dp_optimal_jenks,w303915704,w705834165,Киевская улица,154.0,4,2,22,13,9
CITY_K6R_dp_optimal_jenks,w303915705,w303915713,улица Тургенева,148.9,4,2,22,13,9
CITY_K6R_dp_optimal_jenks,w303915705,w303915714,улица Тургенева,144.4,4,2,22,13,9
CITY_K6R_dp_optimal_jenks,w303915705,w303915715,улица Тургенева,135.4,4,2,22,13,9
CITY_K6R_dp_optimal_jenks,w303915705,w303915716,улица Тургенева,135.8,4,2,22,13,9
CITY_K6R_dp_optimal_jenks,w303915705,w303915718,улица Тургенева,136.6,4,2,22,13,9
CITY_K6R_dp_optimal_jenks,w303915705,w303915719,улица Тургенева,142.1,4,2,22,13,9
CITY_K6R_dp_optimal_jenks,w303915705,w303915721,улица Тургенева,144.3,4,2,22,13,9
CITY_K6R_dp_optimal_jenks,w303915705,w303915722,улица Тургенева,149.7,4,2,22,13,9
CITY_K6R_dp_optimal_jenks,w303915705,w303915723,улица Тургенева,152.9,4,2,22,13,9
CITY_K6R_dp_optimal_jenks,w303915705,w303915724,улица Тургенева,159.7,4,2,22,13,9
CITY_K6R_dp_optimal_jenks,w303915705,w705834164,улица Тургенева,215.6,4,2,22,13,9
CITY_K6R_dp_optimal_jenks,w303915705,w705834165,улица Тургенева,212.1,4,2,22,13,9
CITY_K6R_dp_optimal_jenks,w303915706,w303915713,улица Тургенева,152.2,4,2,22,13,9
CITY_K6R_dp_optimal_jenks,w303915706,w303915714,улица Тургенева,145.5,4,2,22,13,9
CITY_K6R_dp_optimal_jenks,w303915706,w303915715,улица Тургенева,134.0,4,2,22,13,9
CITY_K6R_dp_optimal_jenks,w303915706,w303915716,улица Тургенева,131.8,4,2,22,13,9
CITY_K6R_dp_optimal_jenks,w303915706,w303915718,улица Тургенева,130.1,4,2,22,13,9
CITY_K6R_dp_optimal_jenks,w303915706,w303915719,улица Тургенева,133.3,4,2,22,13,9
CITY_K6R_dp_optimal_jenks,w303915706,w303915721,улица Тургенева,133.8,4,2,22,13,9
CITY_K6R_dp_optimal_jenks,w303915706,w303915722,улица Тургенева,137.7,4,2,22,13,9
CITY_K6R_dp_optimal_jenks,w303915706,w303915723,улица Тургенева,139.0,4,2,22,13,9
CITY_K6R_dp_optimal_jenks,w303915706,w303915724,улица Тургенева,144.4,4,2,22,13,9
CITY_K6R_dp_optimal_jenks,w303915706,w705834164,улица Тургенева,216.6,4,2,22,13,9
CITY_K6R_dp_optimal_jenks,w303915706,w705834165,улица Тургенева,211.8,4,2,22,13,9
CITY_K6R_dp_optimal_jenks,w303915708,w303915713,улица Тургенева,157.7,4,2,22,13,9
CITY_K6R_dp_optimal_jenks,w303915708,w303915714,улица Тургенева,150.0,4,2,22,13,9
CITY_K6R_dp_optimal_jenks,w303915708,w303915715,улица Тургенева,137.2,4,2,22,13,9
CITY_K6R_dp_optimal_jenks,w303915708,w303915716,улица Тургенева,133.4,4,2,22,13,9
CITY_K6R_dp_optimal_jenks,w303915708,w303915718,улица Тургенева,130.3,4,2,22,13,9
CITY_K6R_dp_optimal_jenks,w303915708,w303915719,улица Тургенева,131.9,4,2,22,13,9
CITY_K6R_dp_optimal_jenks,w303915708,w303915721,улица Тургенева,131.3,4,2,22,13,9
CITY_K6R_dp_optimal_jenks,w303915708,w303915722,улица Тургенева,134.1,4,2,22,13,9
CITY_K6R_dp_optimal_jenks,w303915708,w303915723,улица Тургенева,133.9,4,2,22,13,9
CITY_K6R_dp_optimal_jenks,w303915708,w303915724,улица Тургенева,138.3,4,2,22,13,9
CITY_K6R_dp_optimal_jenks,w303915708,w705834164,улица Тургенева,220.3,4,2,22,13,9
CITY_K6R_dp_optimal_jenks,w303915708,w705834165,улица Тургенева,214.9,4,2,22,13,9
CITY_K6R_dp_optimal_jenks,w303915709,w303915713,улица Тургенева,165.5,4,2,22,13,9
CITY_K6R_dp_optimal_jenks,w303915709,w303915714,улица Тургенева,156.0,4,2,22,13,9
CITY_K6R_dp_optimal_jenks,w303915709,w303915715,улица Тургенева,141.4,4,2,22,13,9
CITY_K6R_dp_optimal_jenks,w303915709,w303915716,улица Тургенева,135.2,4,2,22,13,9
CITY_K6R_dp_optimal_jenks,w303915709,w303915718,улица Тургенева,129.6,4,2,22,13,9
CITY_K6R_dp_optimal_jenks,w303915709,w303915719,улица Тургенева,128.7,4,2,22,13,9
CITY_K6R_dp_optimal_jenks,w303915709,w303915721,улица Тургенева,126.1,4,2,22,13,9
CITY_K6R_dp_optimal_jenks,w303915709,w303915722,улица Тургенева,126.9,4,2,22,13,9
CITY_K6R_dp_optimal_jenks,w303915709,w303915723,улица Тургенева,124.3,4,2,22,13,9
CITY_K6R_dp_optimal_jenks,w303915709,w303915724,улица Тургенева,126.7,4,2,22,13,9
CITY_K6R_dp_optimal_jenks,w303915709,w705834164,улица Тургенева,224.4,4,2,22,13,9
CITY_K6R_dp_optimal_jenks,w303915709,w705834165,улица Тургенева,218.0,4,2,22,13,9
CITY_K6R_dp_optimal_jenks,w303915713,w304088417,Путейская улица,214.8,2,4,13,22,9
CITY_K6R_dp_optimal_jenks,w303915713,w304088424,Путейская улица,235.6,2,4,13,22,9
CITY_K6R_dp_optimal_jenks,w303915713,w304088422,Путейская улица,218.2,2,4,13,22,9
CITY_K6R_dp_optimal_jenks,w303915713,w304088423,Путейская улица,240.4,2,4,13,22,9
CITY_K6R_dp_optimal_jenks,w303915714,w304088417,Путейская улица,207.0,2,4,13,22,9
CITY_K6R_dp_optimal_jenks,w303915714,w304088424,Путейская улица,228.0,2,4,13,22,9
CITY_K6R_dp_optimal_jenks,w303915714,w304088430,Путейская улица,249.9,2,4,13,22,9
CITY_K6R_dp_optimal_jenks,w303915714,w304088422,Путейская улица,213.3,2,4,13,22,9
CITY_K6R_dp_optimal_jenks,w303915714,w304088423,Путейская улица,235.5,2,4,13,22,9
CITY_K6R_dp_optimal_jenks,w303915715,w304088417,Путейская улица,193.8,2,4,13,22,9
CITY_K6R_dp_optimal_jenks,w303915715,w304088424,Путейская улица,215.0,2,4,13,22,9
CITY_K6R_dp_optimal_jenks,w303915715,w304088430,Путейская улица,237.1,2,4,13,22,9
CITY_K6R_dp_optimal_jenks,w303915715,w304088422,Путейская улица,203.2,2,4,13,22,9
CITY_K6R_dp_optimal_jenks,w303915715,w304088423,Путейская улица,225.3,2,4,13,22,9
CITY_K6R_dp_optimal_jenks,w303915715,w304088426,Путейская улица,244.5,2,4,13,22,9
CITY_K6R_dp_optimal_jenks,w303915716,w304088417,Путейская улица,189.1,2,4,13,22,9
CITY_K6R_dp_optimal_jenks,w303915716,w304088424,Путейская улица,210.5,2,4,13,22,9
CITY_K6R_dp_optimal_jenks,w303915716,w304088430,Путейская улица,232.6,2,4,13,22,9
CITY_K6R_dp_optimal_jenks,w303915716,w304088422,Путейская улица,202.0,2,4,13,22,9
CITY_K6R_dp_optimal_jenks,w303915716,w304088423,Путейская улица,223.9,2,4,13,22,9
CITY_K6R_dp_optimal_jenks,w303915716,w304088426,Путейская улица,242.7,2,4,13,22,9
CITY_K6R_dp_optimal_jenks,w303915718,w304088417,Путейская улица,184.6,2,4,13,22,9
CITY_K6R_dp_optimal_jenks,w303915718,w304088424,Путейская улица,206.1,2,4,13,22,9
CITY_K6R_dp_optimal_jenks,w303915718,w304088430,Путейская улица,228.2,2,4,13,22,9
CITY_K6R_dp_optimal_jenks,w303915718,w304088435,Путейская улица,246.7,2,4,13,22,9
CITY_K6R_dp_optimal_jenks,w303915718,w304088422,Путейская улица,200.8,2,4,13,22,9
CITY_K6R_dp_optimal_jenks,w303915718,w304088423,Путейская улица,222.5,2,4,13,22,9
CITY_K6R_dp_optimal_jenks,w303915718,w304088426,Путейская улица,240.8,2,4,13,22,9
CITY_K6R_dp_optimal_jenks,w303915719,w304088417,Путейская улица,184.4,2,4,13,22,9
CITY_K6R_dp_optimal_jenks,w303915719,w304088424,Путейская улица,205.8,2,4,13,22,9
CITY_K6R_dp_optimal_jenks,w303915719,w304088430,Путейская улица,227.8,2,4,13,22,9
CITY_K6R_dp_optimal_jenks,w303915719,w304088435,Путейская улица,245.8,2,4,13,22,9
CITY_K6R_dp_optimal_jenks,w303915719,w304088422,Путейская улица,203.9,2,4,13,22,9
CITY_K6R_dp_optimal_jenks,w303915719,w304088423,Путейская улица,225.2,2,4,13,22,9
CITY_K6R_dp_optimal_jenks,w303915719,w304088426,Путейская улица,243.0,2,4,13,22,9
CITY_K6R_dp_optimal_jenks,w303915721,w304088417,Путейская улица,182.0,2,4,13,22,9
CITY_K6R_dp_optimal_jenks,w303915721,w304088424,Путейская улица,203.3,2,4,13,22,9
CITY_K6R_dp_optimal_jenks,w303915721,w304088430,Путейская улица,225.1,2,4,13,22,9
CITY_K6R_dp_optimal_jenks,w303915721,w304088435,Путейская улица,242.8,2,4,13,22,9
CITY_K6R_dp_optimal_jenks,w303915721,w304088422,Путейская улица,203.9,2,4,13,22,9
CITY_K6R_dp_optimal_jenks,w303915721,w304088423,Путейская улица,224.8,2,4,13,22,9
CITY_K6R_dp_optimal_jenks,w303915721,w304088426,Путейская улица,242.2,2,4,13,22,9
CITY_K6R_dp_optimal_jenks,w303915722,w304088417,Путейская улица,182.8,2,4,13,22,9
CITY_K6R_dp_optimal_jenks,w303915722,w304088424,Путейская улица,203.9,2,4,13,22,9
CITY_K6R_dp_optimal_jenks,w303915722,w304088430,Путейская улица,225.5,2,4,13,22,9
CITY_K6R_dp_optimal_jenks,w303915722,w304088435,Путейская улица,242.7,2,4,13,22,9
CITY_K6R_dp_optimal_jenks,w303915722,w304088422,Путейская улица,207.1,2,4,13,22,9
CITY_K6R_dp_optimal_jenks,w303915722,w304088423,Путейская улица,227.6,2,4,13,22,9
CITY_K6R_dp_optimal_jenks,w303915722,w304088426,Путейская улица,244.5,2,4,13,22,9
CITY_K6R_dp_optimal_jenks,w303915723,w304088417,Путейская улица,179.8,2,4,13,22,9
CITY_K6R_dp_optimal_jenks,w303915723,w304088424,Путейская улица,200.5,2,4,13,22,9
CITY_K6R_dp_optimal_jenks,w303915723,w304088430,Путейская улица,221.7,2,4,13,22,9
CITY_K6R_dp_optimal_jenks,w303915723,w304088435,Путейская улица,238.3,2,4,13,22,9
CITY_K6R_dp_optimal_jenks,w303915723,w304088422,Путейская улица,206.9,2,4,13,22,9
CITY_K6R_dp_optimal_jenks,w303915723,w304088423,Путейская улица,226.8,2,4,13,22,9
CITY_K6R_dp_optimal_jenks,w303915723,w304088426,Путейская улица,243.0,2,4,13,22,9
CITY_K6R_dp_optimal_jenks,w303915724,w304088417,Путейская улица,181.2,2,4,13,22,9
CITY_K6R_dp_optimal_jenks,w303915724,w304088424,Путейская улица,201.5,2,4,13,22,9
CITY_K6R_dp_optimal_jenks,w303915724,w304088430,Путейская улица,222.3,2,4,13,22,9
CITY_K6R_dp_optimal_jenks,w303915724,w304088435,Путейская улица,238.3,2,4,13,22,9
CITY_K6R_dp_optimal_jenks,w303915724,w304088422,Путейская улица,210.8,2,4,13,22,9
CITY_K6R_dp_optimal_jenks,w303915724,w304088423,Путейская улица,230.2,2,4,13,22,9
CITY_K6R_dp_optimal_jenks,w303915724,w304088426,Путейская улица,245.7,2,4,13,22,9
