uid,settlement_ru,district,street_ru,housenumber,current_zone,snap_distance_m,central_A_duration_min,central_B_distance_km,central_C_generalized_km,central_D_time_value,central_shortest_distance_km,central_segment_status,central_segment_flags,bam_B_distance_km,outer_B_distance_km
n4919312070,Бендеры,Борисовка,1-й Братский переулок,1 А,2,16.8,6.61,4.2837,4.2784,7.587,4.2837,OWNER_REVIEW_ROUTE,segment_highway_service,0.9486,2.7382
w319402241,Бендеры,Борисовка,1-й Братский переулок,12,2,13.7,6.5,4.239,4.2337,7.489,4.239,OWNER_REVIEW_ROUTE,segment_highway_service,0.9038,2.6935
w319305814,Бендеры,Борисовка,1-й Братский переулок,14,2,14.3,6.34,4.2089,4.2037,7.377,4.2089,OWNER_REVIEW_ROUTE,segment_highway_service,0.8738,2.6634
n2325729678,Бендеры,Борисовка,1-й Братский переулок,16,2,14.7,6.85,4.3832,4.3777,7.807,4.3832,OWNER_REVIEW_ROUTE,segment_highway_service,1.0481,2.8378
n2325729685,Бендеры,Борисовка,1-й Братский переулок,23,2,16.3,6.86,4.3895,4.384,7.82,4.3895,OWNER_REVIEW_ROUTE,segment_highway_service,1.0544,2.8441
w319141459,Бендеры,Борисовка,1-й переулок Петровского,1,2,13.2,6.24,3.9248,3.9203,7.042,3.9248,OWNER_REVIEW_ROUTE,segment_highway_service,0.5897,2.3793
w319141457,Бендеры,Борисовка,1-й переулок Петровского,3,2,13.8,6.31,3.9567,3.9522,7.113,3.9567,OWNER_REVIEW_ROUTE,segment_highway_service,0.8566,2.4113
w319615907,Бендеры,Борисовка,1-й переулок Петровского,4,2,18.7,6.26,3.9369,3.9324,7.069,3.9369,OWNER_REVIEW_ROUTE,segment_highway_service,0.6018,2.3914
w319615909,Бендеры,Борисовка,1-й переулок Петровского,6,2,13.3,6.31,3.9552,3.9507,7.109,3.9552,OWNER_REVIEW_ROUTE,segment_highway_service,0.8581,2.4097
w319402243,Бендеры,Борисовка,1-й переулок Петровского,10,2,20.2,6.34,4.1477,4.1428,7.316,4.1477,OWNER_REVIEW_ROUTE,segment_highway_service,0.8126,2.6022
w319141434,Бендеры,Борисовка,1-й переулок Петровского,11,2,15.5,6.33,4.2061,4.2009,7.371,4.2061,OWNER_REVIEW_ROUTE,segment_highway_service,0.871,2.6606
w319227866,Бендеры,Борисовка,1-й переулок Петровского,16,2,21.4,6.28,4.1841,4.1789,7.323,4.1841,OWNER_REVIEW_ROUTE,segment_highway_service,0.849,2.6387
n2325366583,Бендеры,Борисовка,1-й переулок Петровского,29,2,5.2,6.22,4.1587,4.1535,7.267,4.1587,OWNER_REVIEW_ROUTE,segment_highway_service,0.8236,2.6132
w319305819,Бендеры,Борисовка,2-й Братский переулок,1,2,14.7,6.5,4.0201,4.0155,7.269,4.0201,OWNER_REVIEW_ROUTE,segment_highway_service,0.892,2.4746
n2325729693,Бендеры,Борисовка,2-й Братский переулок,2,2,0.0,6.46,4.0045,3.9999,7.235,4.0045,OWNER_REVIEW_ROUTE,segment_highway_service,0.8764,2.459
w319615908,Бендеры,Борисовка,2-й Братский переулок,3,2,11.0,6.6,4.0612,4.0565,7.36,4.0612,OWNER_REVIEW_ROUTE,segment_highway_service,0.9331,2.5158
w351855709,Бендеры,Борисовка,2-й Братский переулок,5,2,15.8,6.68,4.0969,4.0922,7.438,4.0969,OWNER_REVIEW_ROUTE,segment_highway_service,0.9688,2.5515
n4919312077,Бендеры,Борисовка,2-й Братский переулок,6 Б,2,8.8,6.42,3.9873,3.9827,7.196,3.9873,OWNER_REVIEW_ROUTE,segment_highway_service,0.8592,2.4418
w351855710,Бендеры,Борисовка,2-й Братский переулок,7,2,29.0,6.71,4.1069,4.1021,7.46,4.1069,OWNER_REVIEW_ROUTE,segment_highway_service,0.9788,2.5614
w351855713,Бендеры,Борисовка,2-й Братский переулок,9,2,14.7,6.77,4.1341,4.1292,7.52,4.1341,OWNER_REVIEW_ROUTE,segment_highway_service,1.006,2.5886
n2325729692,Бендеры,Борисовка,2-й Братский переулок,12,2,3.6,6.78,4.1395,4.1346,7.531,4.1395,OWNER_REVIEW_ROUTE,segment_highway_service,1.0113,2.594
w319141416,Бендеры,Борисовка,2-й переулок Петровского,4,2,21.9,6.14,4.0793,4.0746,7.149,4.0793,OWNER_REVIEW_ROUTE,segment_highway_service,0.7442,2.5339
w319141422,Бендеры,Борисовка,2-й переулок Петровского,4,2,13.4,6.04,4.0388,4.0341,7.061,4.0388,OWNER_REVIEW_ROUTE,segment_highway_service,0.7037,2.4933
w319141417,Бендеры,Борисовка,2-й переулок Петровского,5,2,13.0,6.26,4.1288,4.1239,7.258,4.1288,OWNER_REVIEW_ROUTE,segment_highway_service,0.7936,2.5833
w319141418,Бендеры,Борисовка,2-й переулок Петровского,8,2,17.1,6.22,4.1119,4.1071,7.221,4.1119,OWNER_REVIEW_ROUTE,segment_highway_service,0.7768,2.5664
n5708918557,Бендеры,Борисовка,2-й переулок Петровского,15,2,13.8,6.22,4.1145,4.1097,7.227,4.1145,OWNER_REVIEW_ROUTE,segment_highway_service,0.7794,2.569
w319139366,Бендеры,Борисовка,2-й переулок Петровского,45,2,9.1,5.97,4.0068,4.0021,6.991,4.0068,OWNER_REVIEW_ROUTE,segment_highway_service,0.6717,2.4613
w317148593,Бендеры,Борисовка,Безымянный переулок,23,3,25.8,6.14,5.9943,5.9914,9.065,5.1264,OK,,1.7913,3.5809
w209273615,Бендеры,Борисовка,Безымянный переулок,42,3,27.4,6.19,6.0509,6.048,9.148,5.0697,OK,,1.7346,3.5243
w317055539,Бендеры,Борисовка,Безымянный переулок,44,3,18.3,6.18,6.0384,6.0355,9.129,5.0822,OK,,1.7471,3.5368
w209273643,Бендеры,Борисовка,Безымянный переулок,46,3,19.6,6.16,6.0149,6.012,9.095,5.1057,OK,,1.7706,3.5602
w209273632,Бендеры,Борисовка,Безымянный переулок,48,3,15.5,6.34,6.0317,6.0287,9.203,5.1936,OK,,1.8585,3.6481
w209273614,Бендеры,Борисовка,Безымянный переулок,50в,3,14.2,6.65,6.0608,6.0576,9.387,5.2548,OWNER_REVIEW_ROUTE,segment_highway_service,1.9197,3.7093
w318090595,Бендеры,Борисовка,Безымянный переулок,63,4,21.8,6.6,6.1368,6.1335,9.435,5.2987,OK,,1.9636,3.7532
w319139357,Бендеры,Борисовка,Бельцкая улица,1,3,17.3,6.75,4.4878,4.4819,7.864,4.4878,OWNER_REVIEW_ROUTE,segment_highway_service,1.1526,2.9423
w318185745,Бендеры,Борисовка,Бельцкая улица,2,3,12.4,6.83,4.5514,4.5454,7.966,4.5514,OWNER_REVIEW_ROUTE,segment_highway_service,1.2163,3.0059
n4580309456,Бендеры,Борисовка,Бельцкая улица,3,3,23.2,6.77,4.5049,4.499,7.891,4.5049,OWNER_REVIEW_ROUTE,segment_highway_service,1.1698,2.9594
w318058451,Бендеры,Борисовка,Бельцкая улица,4,3,12.1,6.94,4.6361,4.6298,8.104,4.6361,OWNER_REVIEW_ROUTE,segment_highway_service,1.301,3.0906
w319139352,Бендеры,Борисовка,Бельцкая улица,5,3,35.8,6.79,4.5176,4.5117,7.912,4.5176,OWNER_REVIEW_ROUTE,segment_highway_service,1.1825,2.9721
w319139353,Бендеры,Борисовка,Бельцкая улица,7,3,21.3,6.82,4.5445,4.5385,7.955,4.5445,OWNER_REVIEW_ROUTE,segment_highway_service,1.2094,2.999
w318058455,Бендеры,Борисовка,Бельцкая улица,8,3,13.0,6.96,4.6551,4.6488,8.135,4.6551,OWNER_REVIEW_ROUTE,segment_highway_service,1.32,3.1096
w319139349,Бендеры,Борисовка,Бельцкая улица,9,3,32.4,6.85,4.5702,4.5641,7.997,4.5702,OWNER_REVIEW_ROUTE,segment_highway_service,1.2351,3.0247
n2325366580,Бендеры,Борисовка,Бельцкая улица,10,3,17.2,7.08,4.7498,4.7432,8.29,4.7498,OWNER_REVIEW_ROUTE,segment_highway_service,1.4147,3.2043
w319139344,Бендеры,Борисовка,Бельцкая улица,11,3,36.5,6.89,4.6003,4.5942,8.046,4.6003,OWNER_REVIEW_ROUTE,segment_highway_service,1.2652,3.0549
w319135683,Бендеры,Борисовка,Бельцкая улица,13,3,17.4,6.92,4.6262,4.6199,8.088,4.6262,OWNER_REVIEW_ROUTE,segment_highway_service,1.2911,3.0807
w532689734,Бендеры,Борисовка,Бельцкая улица,14,3,9.7,7.14,4.8015,4.7947,8.373,4.8015,OWNER_REVIEW_ROUTE,segment_highway_service,1.4664,3.256
w319139342,Бендеры,Борисовка,Бельцкая улица,15,3,17.6,6.94,4.6437,4.6374,8.116,4.6437,OWNER_REVIEW_ROUTE,segment_highway_service,1.3086,3.0983
w306219486,Бендеры,Борисовка,Бельцкая улица,16,2,15.5,6.11,4.0303,4.0257,7.088,4.0303,OWNER_REVIEW_ROUTE,segment_highway_service,0.6952,2.4848
w319139341,Бендеры,Борисовка,Бельцкая улица,17,3,17.7,6.97,4.6628,4.6565,8.148,4.6628,OWNER_REVIEW_ROUTE,segment_highway_service,1.3277,3.1174
w306219483,Бендеры,Борисовка,Бельцкая улица,18,2,15.6,6.14,4.0511,4.0465,7.121,4.0511,OWNER_REVIEW_ROUTE,segment_highway_service,0.716,2.5056
w319139339,Бендеры,Борисовка,Бельцкая улица,19,3,17.0,6.99,4.6773,4.6709,8.171,4.6773,OWNER_REVIEW_ROUTE,segment_highway_service,1.3422,3.1318
w306219470,Бендеры,Борисовка,Бельцкая улица,20,2,16.1,6.17,4.0701,4.0654,7.153,4.0701,OWNER_REVIEW_ROUTE,segment_highway_service,0.735,2.5246
w319135680,Бендеры,Борисовка,Бельцкая улица,21,3,23.7,7.01,4.699,4.6925,8.207,4.699,OWNER_REVIEW_ROUTE,segment_highway_service,1.3639,3.1535
w306219469,Бендеры,Борисовка,Бельцкая улица,22,2,19.7,6.19,4.0881,4.0835,7.181,4.0881,OWNER_REVIEW_ROUTE,segment_highway_service,0.753,2.5427
w318701784,Бендеры,Борисовка,Бельцкая улица,23,3,20.3,7.05,4.7248,4.7182,8.249,4.7248,OWNER_REVIEW_ROUTE,segment_highway_service,1.3897,3.1793
w306219468,Бендеры,Борисовка,Бельцкая улица,24,2,19.1,6.22,4.1121,4.1073,7.22,4.1121,OWNER_REVIEW_ROUTE,segment_highway_service,0.777,2.5666
w318701782,Бендеры,Борисовка,Бельцкая улица,25,3,19.6,7.07,4.7437,4.7371,8.28,4.7437,OWNER_REVIEW_ROUTE,segment_highway_service,1.4086,3.1982
w306219466,Бендеры,Борисовка,Бельцкая улица,26,2,15.4,6.24,4.1307,4.1259,7.251,4.1307,OWNER_REVIEW_ROUTE,segment_highway_service,0.7956,2.5853
w317148288,Бендеры,Борисовка,Бельцкая улица,27,3,27.3,7.14,4.8016,4.7948,8.373,4.8016,OWNER_REVIEW_ROUTE,segment_highway_service,1.4665,3.2561
w306219465,Бендеры,Борисовка,Бельцкая улица,28,2,16.0,6.26,4.1479,4.143,7.279,4.1479,OWNER_REVIEW_ROUTE,segment_highway_service,0.8127,2.6024
w209267155,Бендеры,Борисовка,Бельцкая улица,29,4,17.2,7.09,6.664,6.6609,10.209,4.65,OWNER_REVIEW_ROUTE,segment_highway_service,1.3149,3.1045
w318701773,Бендеры,Борисовка,Бельцкая улица,33,2,21.1,6.12,4.0376,4.033,7.099,4.0376,OWNER_REVIEW_ROUTE,segment_highway_service,0.7025,2.4921
w295571380,Бендеры,Борисовка,Бельцкая улица,33б,2,17.0,6.58,4.3743,4.3686,7.667,4.3743,OWNER_REVIEW_ROUTE,segment_highway_service,1.0392,2.8288
w318058442,Бендеры,Борисовка,Бельцкая улица,34,3,13.9,6.9,4.6062,4.6,8.055,4.6062,OWNER_REVIEW_ROUTE,segment_highway_service,1.2711,3.0608
w318701778,Бендеры,Борисовка,Бельцкая улица,35,2,18.0,6.15,4.0594,4.0548,7.135,4.0594,OWNER_REVIEW_ROUTE,segment_highway_service,0.7243,2.5139
w319144223,Бендеры,Борисовка,Бельцкая улица,36/36а,2,24.1,5.41,3.5915,3.5879,6.295,3.5915,OWNER_REVIEW_ROUTE,segment_highway_service,0.2564,2.046
w318701780,Бендеры,Борисовка,Бельцкая улица,37,2,18.2,6.18,4.084,4.0794,7.175,4.084,OWNER_REVIEW_ROUTE,segment_highway_service,0.7489,2.5386
w318701795,Бендеры,Борисовка,Бельцкая улица,41,2,20.8,6.22,4.1116,4.1069,7.22,4.1116,OWNER_REVIEW_ROUTE,segment_highway_service,0.7765,2.5661
w318701803,Бендеры,Борисовка,Бельцкая улица,43,2,18.0,6.25,4.1371,4.1323,7.261,4.1371,OWNER_REVIEW_ROUTE,segment_highway_service,0.802,2.5916
w318701805,Бендеры,Борисовка,Бельцкая улица,45,2,17.2,6.27,4.1568,4.1519,7.293,4.1568,OWNER_REVIEW_ROUTE,segment_highway_service,0.8217,2.6113
w532689732,Бендеры,Борисовка,Бельцкая улица,49,2,22.2,6.32,4.1936,4.1887,7.354,4.1936,OWNER_REVIEW_ROUTE,segment_highway_service,0.8585,2.6481
w318701862,Бендеры,Борисовка,Бельцкая улица,51,2,25.5,6.34,4.2129,4.2079,7.385,4.2129,OWNER_REVIEW_ROUTE,segment_highway_service,0.8778,2.6674
w318702082,Бендеры,Борисовка,Бельцкая улица,55,2,27.3,6.42,4.2759,4.2708,7.487,4.2759,OWNER_REVIEW_ROUTE,segment_highway_service,0.9408,2.7305
w318702083,Бендеры,Борисовка,Бельцкая улица,57,2,18.5,6.45,4.2963,4.2911,7.52,4.2963,OWNER_REVIEW_ROUTE,segment_highway_service,0.9612,2.7508
w318185749,Бендеры,Борисовка,Бельцкая улица,92,3,27.1,6.77,4.5238,4.518,7.91,4.5238,OWNER_REVIEW_ROUTE,segment_highway_service,1.1887,2.9783
w318072708,Бендеры,Борисовка,Бельцкая улица,94,3,16.0,6.78,4.5099,4.504,7.899,4.5099,OWNER_REVIEW_ROUTE,segment_highway_service,1.1748,2.9644
n2325366572,Бендеры,Борисовка,Бельцкая улица,98,3,5.8,6.73,4.4891,4.4833,7.854,4.4891,OWNER_REVIEW_ROUTE,segment_highway_service,1.154,2.9436
n2325366573,Бендеры,Борисовка,Бельцкая улица,100,2,6.5,6.68,4.4526,4.4469,7.794,4.4526,OWNER_REVIEW_ROUTE,segment_highway_service,1.1175,2.9072
w319139358,Бендеры,Борисовка,Бельцкая улица,104,2,28.7,6.67,4.4391,4.4333,7.772,4.4391,OWNER_REVIEW_ROUTE,segment_highway_service,1.1039,2.8936
w319139372,Бендеры,Борисовка,Бельцкая улица,106,2,35.8,6.65,4.4225,4.4168,7.746,4.4225,OWNER_REVIEW_ROUTE,segment_highway_service,1.0874,2.877
n2337855688,Бендеры,Борисовка,Братская улица,7,2,15.3,6.72,4.1273,4.1224,7.487,4.1273,OWNER_REVIEW_ROUTE,segment_highway_service,0.7922,2.5818
w297047299,Бендеры,Борисовка,Братская улица,8,2,20.2,6.74,4.1345,4.1297,7.504,4.1345,OWNER_REVIEW_ROUTE,segment_highway_service,0.7994,2.5891
w297047300,Бендеры,Борисовка,Братская улица,10,2,19.9,6.79,4.1552,4.1503,7.549,4.1552,OWNER_REVIEW_ROUTE,segment_highway_service,0.8201,2.6097
n2337855692,Бендеры,Борисовка,Братская улица,11,2,15.0,6.78,4.1498,4.1449,7.537,4.1498,OWNER_REVIEW_ROUTE,segment_highway_service,0.8147,2.6043
w319615914,Бендеры,Борисовка,Братская улица,12,2,14.1,6.83,4.1731,4.1682,7.589,4.1731,OWNER_REVIEW_ROUTE,segment_highway_service,1.1721,2.6276
n5682775200,Бендеры,Борисовка,Братская улица,12/1,2,18.2,6.85,4.1794,4.1745,7.604,4.1794,OWNER_REVIEW_ROUTE,segment_highway_service,1.1658,2.6339
n2337855693,Бендеры,Борисовка,Братская улица,13,2,15.7,6.89,4.1953,4.1904,7.639,4.1953,OWNER_REVIEW_ROUTE,segment_highway_service,1.1499,2.6498
w319620058,Бендеры,Борисовка,Братская улица,14,2,15.2,6.89,4.1968,4.1918,7.642,4.1968,OWNER_REVIEW_ROUTE,segment_highway_service,1.1484,2.6513
n2325729703,Бендеры,Борисовка,Братская улица,22,2,9.8,6.72,4.4001,4.3945,7.76,4.4001,OWNER_REVIEW_ROUTE,segment_highway_service,1.065,2.8546
n2325729718,Бендеры,Борисовка,Варницкий тупик,1,3,15.3,7.21,4.5645,4.5586,8.171,4.5645,OWNER_REVIEW_ROUTE,segment_highway_service,1.2294,3.019
w352110120,Бендеры,Борисовка,Варницкий тупик,9,3,9.3,7.16,4.5406,4.5348,8.119,4.5406,OWNER_REVIEW_ROUTE,segment_highway_service,1.2055,2.9952
n2325729715,Бендеры,Борисовка,Варницкий тупик,13,3,22.4,7.22,4.8072,4.8011,8.417,4.8072,OWNER_REVIEW_ROUTE,segment_highway_service,1.4721,3.2617
w352667478,Бендеры,Борисовка,Варницкий тупик,14,3,17.7,7.25,4.8179,4.8118,8.44,4.8179,OWNER_REVIEW_ROUTE,segment_highway_service,1.4828,3.2725
w352667476,Бендеры,Борисовка,Варницкий тупик,16,3,18.3,7.19,4.7956,4.7895,8.391,4.7956,OWNER_REVIEW_ROUTE,segment_highway_service,1.4605,3.2501
n2337985509,Бендеры,Хомутяновка,Гербовецкая улица,1,3,27.3,6.42,5.6548,5.7375,8.867,5.3955,OK,,3.9152,5.7049
w352064505,Бендеры,Хомутяновка,Гербовецкая улица,4,3,28.6,6.24,5.5325,5.5275,8.653,5.5325,OK,,3.793,5.5826
w352064507,Бендеры,Хомутяновка,Гербовецкая улица,6,3,29.0,6.28,5.5546,5.5496,8.692,5.5546,OK,,3.8151,5.6047
w352161715,Бендеры,Хомутяновка,Гербовецкая улица,8,3,30.4,6.3,5.5698,5.5963,8.718,5.4804,OK,,3.8303,5.6199
w352161714,Бендеры,Хомутяновка,Гербовецкая улица,10,3,34.0,6.33,5.588,5.6265,8.751,5.4622,OK,,3.8485,5.6381
w352161713,Бендеры,Хомутяновка,Гербовецкая улица,12,3,28.8,6.35,5.6035,5.6522,8.778,5.4468,OK,,3.8639,5.6536
w352161711,Бендеры,Хомутяновка,Гербовецкая улица,14,3,39.5,6.39,5.629,5.6947,8.822,5.4212,OK,,3.8895,5.6791
w352161710,Бендеры,Хомутяновка,Гербовецкая улица,16,3,27.9,6.41,5.6425,5.717,8.846,5.4077,OK,,3.903,5.6926
w352161708,Бендеры,Хомутяновка,Гербовецкая улица,18,3,42.0,6.43,5.6594,5.7452,8.875,5.3908,OK,,3.9199,5.7095
w352161709,Бендеры,Хомутяновка,Гербовецкая улица,20,3,29.4,6.46,5.6775,5.7753,8.907,5.3727,OK,,3.938,5.7276
w352161707,Бендеры,Хомутяновка,Гербовецкая улица,22,3,27.9,6.49,5.6977,5.8088,8.943,5.6977,OK,,3.9582,5.7478
w352161706,Бендеры,Хомутяновка,Гербовецкая улица,24,3,28.6,6.52,5.7168,5.8405,8.976,5.7168,OK,,3.9773,5.7669
w352161705,Бендеры,Хомутяновка,Гербовецкая улица,26,3,39.2,6.54,5.7332,5.8678,9.004,5.7332,OK,,3.9937,5.7833
w352161717,Бендеры,Хомутяновка,Гербовецкая улица,28,3,43.9,6.56,5.7422,5.8828,9.021,5.7422,OK,,4.0027,5.7923
w352161704,Бендеры,Хомутяновка,Гербовецкая улица,30,4,39.9,6.58,5.7561,5.9058,9.044,5.7561,OK,,4.0166,5.8062
n2321951519,Бендеры,Хомутяновка,Гербовецкая улица,43,3,7.0,5.89,5.2933,5.289,8.236,5.2933,OK,,3.5538,5.3435
n4919309516,Бендеры,Хомутяновка,Гербовецкая улица,45,3,20.7,5.94,5.3283,5.3239,8.297,5.3283,OK,,3.5888,5.3785
w320440076,Бендеры,Хомутяновка,Гербовецкая улица,49,3,19.0,6.26,5.5426,5.5376,8.671,5.5426,OK,,3.803,5.5927
w353974419,Бендеры,Хомутяновка,Главная улица,1,3,18.1,6.11,4.505,4.5006,7.562,4.505,OK,,4.3591,5.7575
w353974255,Бендеры,Хомутяновка,Главная улица,3,3,21.5,6.0,4.4589,4.4545,7.461,4.4589,OK,,4.3129,5.7113
w318084711,Бендеры,Хомутяновка,Глинная улица,1,3,11.3,6.47,5.5873,5.5832,8.821,5.5873,OK,,3.1664,4.956
w318548578,Бендеры,Хомутяновка,Глинная улица,3,3,25.8,6.5,5.6022,5.598,8.853,5.6022,OK,,3.1813,4.9709
w318548576,Бендеры,Хомутяновка,Глинная улица,5,3,12.1,6.55,5.6238,5.6195,8.9,5.6238,OK,,3.2029,4.9925
w318548577,Бендеры,Хомутяновка,Глинная улица,7,3,10.0,6.58,5.6359,5.6316,8.928,5.6359,OK,,3.215,5.0046
w318084713,Бендеры,Хомутяновка,Глинная улица,9,3,9.2,6.37,5.5473,5.5433,8.732,5.5473,OK,,3.1264,4.916
w315109557,Бендеры,Хомутяновка,Дачная улица,1,3,20.4,5.14,4.4611,4.4579,7.029,4.4611,OK,,3.5434,5.7135
w315109558,Бендеры,Хомутяновка,Дачная улица,3,3,18.4,5.09,4.4421,4.4389,6.988,4.4421,OK,,3.5624,5.6946
w318406782,Бендеры,Хомутяновка,Дачная улица,4,3,16.2,5.18,4.48,4.4768,7.072,4.48,OK,,3.5245,5.7324
w318406783,Бендеры,Хомутяновка,Дачная улица,6,3,17.0,5.14,4.4625,4.4593,7.033,4.4625,OK,,3.542,5.7149
w318406789,Бендеры,Хомутяновка,Дачная улица,8,3,19.6,5.1,4.4457,4.4425,6.996,4.4457,OK,,3.5588,5.6981
w318406792,Бендеры,Хомутяновка,Дачная улица,10,3,16.0,5.06,4.4294,4.4262,6.96,4.4294,OK,,3.6406,5.6819
w299956671,Бендеры,Хомутяновка,Деповская улица,5,4,22.3,8.43,7.4577,7.4541,11.674,5.2194,OWNER_REVIEW_ROUTE,segment_highway_service,1.8843,3.674
w317051444,Бендеры,Хомутяновка,Железнодорожная улица,3,3,18.5,6.43,5.678,5.6746,8.892,5.678,OK,,2.5043,4.2939
w317149176,Бендеры,Хомутяновка,Железнодорожная улица,4,3,20.2,6.58,5.8281,5.8247,9.118,5.6302,OK,,2.2951,4.0847
w317051443,Бендеры,Хомутяновка,Железнодорожная улица,5,3,19.6,6.4,5.6646,5.6611,8.863,5.6646,OK,,2.5177,4.3073
w317149175,Бендеры,Хомутяновка,Железнодорожная улица,6,3,17.6,6.54,5.8127,5.8093,9.084,5.6456,OK,,2.3105,4.1001
w317051442,Бендеры,Хомутяновка,Железнодорожная улица,7,3,22.3,6.36,5.648,5.6446,8.826,5.648,OK,,2.5343,4.3239
w317051499,Бендеры,Хомутяновка,Железнодорожная улица,8,3,19.7,6.48,5.788,5.7845,9.03,5.6704,OK,,2.3352,4.1249
w317051441,Бендеры,Хомутяновка,Железнодорожная улица,9,3,17.2,6.32,5.6341,5.6307,8.796,5.6341,OK,,2.5481,4.3378
w317051496,Бендеры,Хомутяновка,Железнодорожная улица,10,3,16.5,6.41,5.7555,5.752,8.959,5.7555,OK,,2.3677,4.1573
w317051439,Бендеры,Хомутяновка,Железнодорожная улица,11,3,18.8,6.29,5.6219,5.6184,8.769,5.6219,OK,,2.5604,4.3501
w317051432,Бендеры,Хомутяновка,Железнодорожная улица,13,3,20.0,6.25,5.605,5.6015,8.732,5.605,OK,,2.6626,4.4522
w317051487,Бендеры,Хомутяновка,Железнодорожная улица,16,3,18.1,6.42,5.6766,5.6732,8.889,5.6766,OK,,2.5057,4.2953
n9170522018,Бендеры,Хомутяновка,Железнодорожная улица,17,3,9.5,6.18,5.5758,5.5724,8.667,5.5758,OK,,2.6334,4.423
w317051467,Бендеры,Хомутяновка,Железнодорожная улица,18,3,17.1,6.39,5.6608,5.6573,8.855,5.6608,OK,,2.5215,4.3111
w317051466,Бендеры,Хомутяновка,Железнодорожная улица,20,3,19.2,6.35,5.6442,5.6408,8.818,5.6442,OK,,2.538,4.3277
w316645121,Бендеры,Хомутяновка,Железнодорожная улица,21,3,20.9,6.27,5.5868,5.5833,8.72,5.5868,OK,,2.6444,4.434
w317051464,Бендеры,Хомутяновка,Железнодорожная улица,22,3,18.7,6.31,5.6271,5.6237,8.78,5.6271,OK,,2.5551,4.3448
w316645120,Бендеры,Хомутяновка,Железнодорожная улица,23,3,17.3,6.28,5.5237,5.5202,8.661,5.5237,OK,,2.6569,4.4466
w317051462,Бендеры,Хомутяновка,Железнодорожная улица,24,3,20.2,6.27,5.6118,5.6084,8.747,5.6118,OK,,2.6695,4.4591
w317051457,Бендеры,Хомутяновка,Железнодорожная улица,26,3,19.6,6.24,5.597,5.5936,8.715,5.597,OK,,2.6547,4.4443
w316645010,Бендеры,Хомутяновка,Железнодорожная улица,27,3,19.6,6.2,5.4932,5.4897,8.594,5.4932,OK,,2.6874,4.4771
w316645009,Бендеры,Хомутяновка,Железнодорожная улица,29,3,17.8,6.17,5.4799,5.4764,8.565,5.4799,OK,,2.7007,4.4904
w316645008,Бендеры,Хомутяновка,Железнодорожная улица,31,3,21.0,6.14,5.4658,5.4623,8.534,5.4658,OK,,2.8196,4.6092
w316645007,Бендеры,Хомутяновка,Железнодорожная улица,33,3,19.5,6.1,5.4516,5.4481,8.502,5.4516,OK,,2.8054,4.595
w316785287,Бендеры,Хомутяновка,Железнодорожная улица,34,3,23.7,6.26,5.5179,5.5144,8.648,5.5179,OK,,2.6627,4.4524
w561469641,Бендеры,Хомутяновка,Железнодорожная улица,36,3,24.6,6.22,5.5015,5.498,8.612,5.5015,OK,,2.6791,4.4688
w316758837,Бендеры,Хомутяновка,Железнодорожная улица,38,3,23.0,6.18,5.4846,5.4812,8.575,5.4846,OK,,2.696,4.4856
w315618139,Бендеры,Хомутяновка,Железнодорожная улица,39,3,19.7,6.14,5.4452,5.4418,8.515,5.4452,OK,,2.799,4.5887
w316758836,Бендеры,Хомутяновка,Железнодорожная улица,40,3,20.5,6.15,5.4703,5.4668,8.544,5.4703,OK,,2.8241,4.6137
w315618140,Бендеры,Хомутяновка,Железнодорожная улица,41,3,19.8,6.17,5.4591,5.4557,8.546,5.4591,OK,,2.8129,4.6025
w316665822,Бендеры,Хомутяновка,Железнодорожная улица,42,3,21.5,6.11,5.4539,5.4504,8.507,5.4539,OK,,2.8077,4.5973
w315618141,Бендеры,Хомутяновка,Железнодорожная улица,43,3,19.5,6.18,5.3614,5.3579,8.45,5.3614,OK,,2.8281,4.6177
w315618142,Бендеры,Хомутяновка,Железнодорожная улица,45,3,19.9,6.14,5.3465,5.343,8.417,5.3465,OK,,2.843,4.6327
w315618133,Бендеры,Хомутяновка,Железнодорожная улица,47,3,20.7,6.11,5.3328,5.3293,8.387,5.3328,OK,,2.8567,4.6463
w315618160,Бендеры,Хомутяновка,Железнодорожная улица,48,3,20.9,6.15,5.4502,5.4467,8.526,5.4502,OK,,2.804,4.5936
w315618131,Бендеры,Хомутяновка,Железнодорожная улица,49,3,23.6,6.07,5.3175,5.314,8.353,5.3175,OK,,2.872,4.6616
w315618161,Бендеры,Хомутяновка,Железнодорожная улица,50,3,19.2,6.19,5.3664,5.3629,8.461,5.3664,OK,,2.8231,4.6128
w315618129,Бендеры,Хомутяновка,Железнодорожная улица,51,3,20.5,6.04,5.3038,5.3004,8.323,5.3038,OK,,2.8857,4.6753
w315618165,Бендеры,Хомутяновка,Железнодорожная улица,52,3,19.7,6.15,5.3488,5.3453,8.422,5.3488,OK,,2.8407,4.6303
w184989544,Бендеры,Хомутяновка,Железнодорожная улица,52а,3,56.7,6.19,5.7032,5.7001,8.797,5.7032,OWNER_REVIEW_ROUTE,segment_highway_service,2.2244,4.014
w315425254,Бендеры,Хомутяновка,Железнодорожная улица,53,3,21.5,6.0,5.289,5.2855,8.291,5.289,OK,,3.0253,4.8149
w315618154,Бендеры,Хомутяновка,Железнодорожная улица,54,3,29.8,6.11,5.332,5.3285,8.385,5.332,OK,,2.8575,4.6471
w315425247,Бендеры,Хомутяновка,Железнодорожная улица,55,3,35.6,5.96,5.2711,5.2677,8.251,5.2711,OK,,3.0074,4.7971
w315618155,Бендеры,Хомутяновка,Железнодорожная улица,56,3,23.6,6.07,5.3163,5.3129,8.35,5.3163,OK,,2.8732,4.6628
w315425245,Бендеры,Хомутяновка,Железнодорожная улица,57,3,26.7,5.93,5.2581,5.2546,8.222,5.2581,OK,,2.9943,4.784
w315425252,Бендеры,Хомутяновка,Железнодорожная улица,58,3,18.3,6.03,5.2983,5.2948,8.311,5.2983,OK,,2.8912,4.6809
w315425250,Бендеры,Хомутяновка,Железнодорожная улица,60,3,18.4,5.99,5.2821,5.2786,8.275,5.2821,OK,,3.0183,4.808
w315425248,Бендеры,Хомутяновка,Железнодорожная улица,62,3,17.4,5.94,5.2649,5.2614,8.237,5.2649,OK,,3.0012,4.7908
w315193170,Бендеры,Хомутяновка,Железнодорожная улица,63,3,21.9,5.97,5.2539,5.2504,8.241,5.2539,OK,,2.9902,4.7798
w315193163,Бендеры,Хомутяновка,Железнодорожная улица,65,3,22.1,5.95,5.1815,5.178,8.155,5.1815,OK,,3.0062,4.7959
w315193149,Бендеры,Хомутяновка,Железнодорожная улица,67,3,21.4,5.92,5.1687,5.1653,8.126,5.1687,OK,,3.019,4.8086
w315425219,Бендеры,Хомутяновка,Железнодорожная улица,68,3,16.6,5.97,5.2534,5.25,8.24,5.2534,OK,,2.9897,4.7794
w315193143,Бендеры,Хомутяновка,Железнодорожная улица,69,3,22.8,5.88,5.1541,5.1507,8.094,5.1541,OK,,3.0336,4.8232
w315425218,Бендеры,Хомутяновка,Железнодорожная улица,70,3,18.2,5.94,5.1792,5.1757,8.149,5.1792,OK,,3.0085,4.7982
w315108372,Бендеры,Хомутяновка,Железнодорожная улица,71,3,28.3,5.85,5.1417,5.1383,8.068,5.1417,OK,,3.046,4.8356
w315193130,Бендеры,Хомутяновка,Железнодорожная улица,72,3,22.7,5.9,5.1631,5.1597,8.114,5.1631,OK,,3.0246,4.8142
w315108371,Бендеры,Хомутяновка,Железнодорожная улица,73,3,21.6,5.81,5.1251,5.1217,8.031,5.1251,OK,,3.0626,4.8522
w315193155,Бендеры,Хомутяновка,Железнодорожная улица,74,3,17.5,5.86,5.1461,5.1427,8.077,5.1461,OK,,3.0416,4.8312
w315108370,Бендеры,Хомутяновка,Железнодорожная улица,75,3,21.8,5.77,5.1094,5.1059,7.995,5.1094,OK,,3.1953,4.9849
w315108369,Бендеры,Хомутяновка,Железнодорожная улица,77,3,21.9,5.74,5.0944,5.091,7.962,5.0944,OK,,3.1803,4.9699
w315193133,Бендеры,Хомутяновка,Железнодорожная улица,80,3,18.4,5.71,5.0859,5.0825,7.943,5.0859,OK,,3.1718,4.9614
w302074717,Бендеры,Хомутяновка,Железнодорожная улица,85,3,20.0,5.56,5.0226,5.0192,7.805,5.0226,OK,,3.2831,5.0728
w302074724,Бендеры,Хомутяновка,Железнодорожная улица,86,3,18.5,5.56,5.0224,5.019,7.804,5.0224,OK,,3.2829,5.0725
w302074719,Бендеры,Хомутяновка,Железнодорожная улица,87,3,21.2,5.52,5.0045,5.0011,7.765,5.0045,OK,,3.265,5.0546
w302074718,Бендеры,Хомутяновка,Железнодорожная улица,88,3,17.8,5.52,5.0052,5.0018,7.767,5.0052,OK,,3.2657,5.0553
w302074720,Бендеры,Хомутяновка,Железнодорожная улица,89,3,24.0,5.48,4.9856,4.9822,7.724,4.9856,OK,,3.2461,5.0357
w297019342,Бендеры,Хомутяновка,Железнодорожная улица,90,3,18.0,5.47,4.9833,4.9799,7.718,4.9833,OK,,3.2438,5.0334
w209287641,Бендеры,Хомутяновка,Железнодорожная улица,93,3,9.5,5.88,4.8727,4.8692,7.81,4.8727,OWNER_REVIEW_ROUTE,segment_highway_service,3.426,6.1252
w318406781,Бендеры,Хомутяновка,Железнодорожная улица,95,3,20.8,5.46,4.6572,4.6537,7.386,4.6572,OK,,3.6273,5.9096
w318406779,Бендеры,Хомутяновка,Железнодорожная улица,97а,3,20.0,5.39,4.5702,4.5667,7.267,4.5702,OK,,3.6545,5.8227
w209287691,Бендеры,Хомутяновка,Железнодорожная улица,98,3,27.1,5.54,4.7993,4.7959,7.572,4.7993,OK,,3.3906,6.0518
w209287682,Бендеры,Хомутяновка,Железнодорожная улица,100,3,9.3,5.87,4.8288,4.8252,7.765,4.8288,OWNER_REVIEW_ROUTE,segment_highway_service,3.5452,6.0812
w302067664,Бендеры,Хомутяновка,Железнодорожная улица,102,3,22.8,5.37,4.6443,4.6408,7.328,4.6443,OK,,3.6144,5.8967
w302067666,Бендеры,Хомутяновка,Железнодорожная улица,104,3,12.1,5.33,4.6275,4.624,7.291,4.6275,OK,,3.5976,5.8799
w318406795,Бендеры,Хомутяновка,Железнодорожная улица,116,3,9.5,5.31,4.5334,4.5299,7.186,4.5334,OK,,3.7445,5.7859
n2339105464,Бендеры,Хомутяновка,Железнодорожный тупик,2,3,7.5,5.93,5.1385,5.135,8.104,5.1385,OK,,3.1024,4.892
w315425256,Бендеры,Хомутяновка,Железнодорожный тупик,5,3,12.4,6.03,5.179,5.1754,8.193,5.179,OK,,3.1429,4.9325
w315193157,Бендеры,Хомутяновка,Железнодорожный тупик,76,3,13.2,5.91,5.1298,5.1264,8.085,5.1298,OK,,3.0937,4.8834
w315193131,Бендеры,Хомутяновка,Железнодорожный тупик,78,3,10.4,5.92,5.1322,5.1287,8.091,5.1322,OK,,3.0961,4.8857
w91850354,Бендеры,Хомутяновка,Кагульская улица,2,3,16.7,6.81,5.6821,5.6778,9.086,5.6821,OWNER_REVIEW_ROUTE,segment_highway_service,3.2612,5.0508
w209273586,Бендеры,Хомутяновка,Кагульская улица,4,4,15.4,7.45,5.975,5.9707,9.702,5.975,OWNER_REVIEW_ROUTE,segment_highway_service,3.0396,4.8292
w352110827,Бендеры,Хомутяновка,Кагульская улица,5,3,8.0,6.99,5.802,5.7977,9.298,5.802,OK,,3.126,4.9157
w352111432,Бендеры,Хомутяновка,Кагульская улица,7,3,18.4,7.04,5.8226,5.8182,9.343,5.8226,OK,,3.1055,4.8951
w352111431,Бендеры,Хомутяновка,Кагульская улица,9,3,20.4,7.09,5.8427,5.8383,9.388,5.8427,OK,,3.0854,4.875
w352064500,Бендеры,Хомутяновка,Кагульская улица,11,3,17.3,7.14,5.8659,5.8615,9.438,5.8659,OK,,3.0622,4.8518
w528507076,Бендеры,Хомутяновка,Кагульская улица,13,3,10.6,7.21,5.8941,5.8897,9.501,5.8941,OK,,3.034,4.8236
w302368617,Бендеры,Хомутяновка,Киевская улица,1,3,9.8,5.42,4.7145,4.7107,7.425,4.7145,OK,,3.6846,5.9669
w303915694,Бендеры,Хомутяновка,Киевская улица,3,3,18.2,5.35,4.6846,4.6809,7.36,4.6846,OK,,3.6548,5.9371
w161058108,Бендеры,Хомутяновка,Киевская улица,6,3,13.4,5.33,4.6243,4.6209,7.292,4.6243,OWNER_REVIEW_ROUTE,segment_highway_service,3.5945,5.8768
w303915689,Бендеры,Хомутяновка,Киевская улица,7,3,10.7,5.16,4.6051,4.6016,7.184,4.6051,OK,,3.5752,5.8575
w303915687,Бендеры,Хомутяновка,Киевская улица,8а,3,13.2,5.29,4.6118,4.6084,7.254,4.6118,OWNER_REVIEW_ROUTE,segment_highway_service,3.5819,5.8642
w303915686,Бендеры,Хомутяновка,Киевская улица,9,3,16.0,5.09,4.5763,4.5728,7.12,4.5763,OK,,3.5464,5.8287
w302066925,Бендеры,Хомутяновка,Киевская улица,10,3,12.7,4.83,4.4665,4.4634,6.88,4.4665,OK,,3.4366,5.7189
w301982088,Бендеры,Хомутяновка,Киевская улица,11,3,10.6,5.37,4.6919,4.6882,7.376,4.6919,OK,,3.662,5.9443
w303915681,Бендеры,Хомутяновка,Киевская улица,11,3,15.2,5.04,4.5556,4.5523,7.076,4.5556,OK,,3.5258,5.8081
w302066923,Бендеры,Хомутяновка,Киевская улица,12,3,15.2,4.74,4.4292,4.4262,6.798,4.4292,OK,,3.3994,5.6817
w303915677,Бендеры,Хомутяновка,Киевская улица,17,3,15.6,4.85,4.4769,4.4737,6.903,4.4769,OK,,3.447,5.7293
w304088436,Бендеры,Хомутяновка,Киевская улица,19,3,15.1,4.82,4.4639,4.4608,6.874,4.4639,OK,,3.434,5.7163
w304088437,Бендеры,Хомутяновка,Киевская улица,21,3,20.0,4.78,4.4469,4.4439,6.837,4.4469,OK,,3.4171,5.6994
w302066924,Бендеры,Хомутяновка,Киевская улица,22/1,3,16.4,4.87,4.485,4.4818,6.921,4.485,OK,,3.4551,5.7374
w304088440,Бендеры,Хомутяновка,Киевская улица,23,3,14.5,4.66,4.3959,4.393,6.726,4.3959,OK,,3.3896,5.6484
w310488383,Бендеры,Хомутяновка,Киевская улица,25,3,14.6,4.81,4.4245,4.4215,6.829,4.4245,OK,,3.3946,5.6769
w310488384,Бендеры,Хомутяновка,Киевская улица,27,3,18.0,4.87,4.4511,4.448,6.887,4.4511,OK,,3.4212,5.7035
w310488385,Бендеры,Хомутяновка,Киевская улица,29,3,17.9,4.91,4.4659,4.4628,6.92,4.4659,OK,,3.4361,5.7184
w310488387,Бендеры,Хомутяновка,Киевская улица,31,3,19.2,5.14,4.5275,4.5243,7.097,4.5275,OK,,3.4977,5.78
w318406775,Бендеры,Хомутяновка,Киевская улица,33,3,14.8,5.12,4.5554,4.5521,7.116,4.5554,OK,,3.5256,5.8079
w318406776,Бендеры,Хомутяновка,Киевская улица,33а,3,15.1,5.08,4.5396,4.5363,7.081,4.5396,OK,,3.5097,5.792
w318406774,Бендеры,Хомутяновка,Киевская улица,35,3,17.6,5.17,4.5744,4.571,7.158,4.5744,OK,,3.5446,5.8269
w209287696,Бендеры,Хомутяновка,Киевская улица,36,3,20.5,5.18,4.5785,4.5751,7.167,4.5785,OK,,3.5487,5.8309
w318406772,Бендеры,Хомутяновка,Киевская улица,37,3,13.3,5.21,4.5922,4.5888,7.196,4.5922,OK,,3.5624,5.8446
n2322107937,Бендеры,Хомутяновка,Киевская улица,43,3,26.7,4.64,4.3796,4.3767,6.702,4.3796,OK,,3.4059,5.6321
w304088444,Бендеры,Хомутяновка,Киевская улица,45,3,20.2,4.63,4.3595,4.3565,6.673,4.3595,OK,,3.426,5.6119
w302066929,Бендеры,Хомутяновка,Киевская улица,138,3,23.0,4.72,4.462,4.459,6.823,4.462,OK,,3.3235,5.7144
n2334239345,Бендеры,Хомутяновка,Киевская улица,140,3,13.6,4.64,4.3803,4.3773,6.703,4.3803,OK,,3.4052,5.6327
w310488388,Бендеры,Хомутяновка,Киевская улица,142,3,24.6,4.62,4.3567,4.3538,6.668,4.3567,OK,,3.4288,5.6091
w209267167,Бендеры,Борисовка,Кишинёвская улица,1,4,35.8,6.85,6.5654,6.5624,9.99,4.7745,OWNER_REVIEW_ROUTE,segment_highway_service,1.4394,3.229
w209267130,Бендеры,Борисовка,Кишинёвская улица,1а,4,21.7,7.14,6.4418,6.4386,10.009,4.9374,OWNER_REVIEW_ROUTE,segment_highway_service,1.6023,3.3919
w209267161,Бендеры,Борисовка,Кишинёвская улица,1б,4,14.4,7.06,6.4244,6.4211,9.957,4.92,OWNER_REVIEW_ROUTE,segment_highway_service,1.5849,3.3745
w316027129,Бендеры,Борисовка,Кишинёвская улица,3,4,31.1,6.87,6.4032,6.4,9.837,4.8589,OWNER_REVIEW_ROUTE,segment_highway_service,1.5238,3.3134
n2334331709,Бендеры,Борисовка,Кишинёвская улица,4,4,0.1,7.94,7.1895,7.1859,11.158,4.9513,OWNER_REVIEW_ROUTE,segment_highway_service,1.6161,3.4058
w316027128,Бендеры,Борисовка,Кишинёвская улица,5,4,10.9,6.9,6.412,6.4088,9.863,4.8501,OWNER_REVIEW_ROUTE,segment_highway_service,1.515,3.3046
w316027126,Бендеры,Борисовка,Кишинёвская улица,7,4,17.3,6.96,6.3984,6.3952,9.879,4.894,OWNER_REVIEW_ROUTE,segment_highway_service,1.5589,3.3485
w303915656,Бендеры,Борисовка,Кишинёвская улица,8,4,13.6,8.07,7.2233,7.2197,11.259,4.9851,OWNER_REVIEW_ROUTE,segment_highway_service,1.65,3.4396
n5172819425,Бендеры,Борисовка,Кишинёвская улица,8/1,4,10.7,7.9,7.1805,7.1769,11.131,4.9423,OWNER_REVIEW_ROUTE,segment_highway_service,1.6071,3.3968
n5172818452,Бендеры,Борисовка,Кишинёвская улица,8/2,4,5.3,7.94,7.1897,7.1861,11.158,4.9514,OWNER_REVIEW_ROUTE,segment_highway_service,1.6163,3.406
w316027125,Бендеры,Борисовка,Кишинёвская улица,9,4,19.4,6.77,6.3794,6.3763,9.764,4.8827,OWNER_REVIEW_ROUTE,segment_highway_service,1.5476,3.3372
w303915657,Бендеры,Борисовка,Кишинёвская улица,10,4,14.1,7.96,7.1944,7.1909,11.173,4.9562,OWNER_REVIEW_ROUTE,segment_highway_service,1.6211,3.4108
w303915659,Бендеры,Борисовка,Кишинёвская улица,12,4,29.5,7.69,7.1232,7.1197,10.966,4.8849,OWNER_REVIEW_ROUTE,segment_highway_service,1.5498,3.3395
n5172818844,Бендеры,Борисовка,Кишинёвская улица,12/3,4,21.4,7.67,7.1161,7.1126,10.953,4.8778,OWNER_REVIEW_ROUTE,segment_highway_service,1.5427,3.3324
w303915660,Бендеры,Борисовка,Кишинёвская улица,14,4,26.9,9.15,7.1602,7.1566,11.733,4.9219,OWNER_REVIEW_ROUTE,segment_highway_service,1.5868,3.3765
n2334331706,Бендеры,Борисовка,Кишинёвская улица,16,4,21.0,7.65,7.0981,7.0946,10.921,4.8599,OWNER_REVIEW_ROUTE,segment_highway_service,1.5248,3.3144
n2334331710,Бендеры,Борисовка,Кишинёвская улица,20,4,12.2,8.8,7.0864,7.0829,11.488,4.8481,OWNER_REVIEW_ROUTE,segment_highway_service,1.513,3.3027
n2334331711,Бендеры,Борисовка,Кишинёвская улица,24,4,25.6,7.54,7.0235,7.0202,10.792,4.7853,OWNER_REVIEW_ROUTE,segment_highway_service,1.4502,3.2398
n5172818456,Бендеры,Борисовка,Кишинёвская улица,34/2,4,27.8,7.36,6.9046,6.9013,10.584,4.6664,OWNER_REVIEW_ROUTE,segment_highway_service,1.3313,3.1209
w316027473,Бендеры,Борисовка,Кишинёвская улица,54,2,28.9,7.22,4.4466,4.4419,8.056,4.4466,OWNER_REVIEW_ROUTE,segment_highway_service,1.1115,2.9012
w316027884,Бендеры,Борисовка,Кишинёвская улица,60,4,26.9,6.95,6.6352,6.6322,10.112,4.8443,OWNER_REVIEW_ROUTE,segment_highway_service,1.5092,3.2988
n2325366591,Бендеры,Борисовка,Кишинёвская улица,76,4,10.5,6.71,6.4699,6.467,9.822,4.679,OWNER_REVIEW_ROUTE,segment_highway_service,1.3439,3.1336
n4886201637,Бендеры,Борисовка,Кишинёвская улица,78,4,42.8,6.59,6.4648,6.4619,9.758,4.6558,OWNER_REVIEW_ROUTE,segment_highway_service,1.3207,3.1103
n2334331712,Бендеры,Борисовка,Кишинёвский переулок,32,4,22.4,7.6,6.9763,6.9729,10.775,4.7381,OWNER_REVIEW_ROUTE,segment_highway_service,1.403,3.1926
n2334331713,Бендеры,Борисовка,Кишинёвский переулок,34,4,12.6,7.6,6.979,6.9756,10.78,4.7408,OWNER_REVIEW_ROUTE,segment_highway_service,1.4056,3.1953
w316027138,Бендеры,Борисовка,Кишинёвский переулок,38,4,44.7,7.7,7.0179,7.0145,10.866,4.7797,OWNER_REVIEW_ROUTE,segment_highway_service,1.4446,3.2342
w319620046,Бендеры,Борисовка,Кишинёвский тупик,1,2,7.3,6.88,4.4645,4.4588,7.903,4.4645,OWNER_REVIEW_ROUTE,segment_highway_service,1.1294,2.919
w352667518,Бендеры,Борисовка,Кишинёвский тупик,1,2,14.3,6.82,4.4511,4.4454,7.859,4.4511,OWNER_REVIEW_ROUTE,segment_highway_service,1.116,2.9056
w352148079,Бендеры,Борисовка,Кишинёвский тупик,2,3,10.2,7.02,4.5233,4.5175,8.032,4.5233,OWNER_REVIEW_ROUTE,segment_highway_service,1.1882,2.9778
w352110238,Бендеры,Борисовка,Кишинёвский тупик,2а,3,8.7,6.96,4.4984,4.4926,7.977,4.4984,OWNER_REVIEW_ROUTE,segment_highway_service,1.1633,2.9529
w352155392,Бендеры,Борисовка,Кишинёвский тупик,3,2,15.5,6.89,4.4695,4.4638,7.914,4.4695,OWNER_REVIEW_ROUTE,segment_highway_service,1.1344,2.924
w352148078,Бендеры,Борисовка,Кишинёвский тупик,4,3,10.3,7.08,4.5483,4.5425,8.087,4.5483,OWNER_REVIEW_ROUTE,segment_highway_service,1.2132,3.0029
w352110239,Бендеры,Борисовка,Кишинёвский тупик,5,2,13.0,6.92,4.4851,4.4793,7.948,4.4851,OWNER_REVIEW_ROUTE,segment_highway_service,1.15,2.9396
w352155391,Бендеры,Борисовка,Кишинёвский тупик,7,3,14.7,6.97,4.5033,4.4975,7.987,4.5033,OWNER_REVIEW_ROUTE,segment_highway_service,1.1682,2.9578
w352148076,Бендеры,Борисовка,Кишинёвский тупик,8а,2,14.1,6.95,4.2193,4.2142,7.696,4.2193,OWNER_REVIEW_ROUTE,segment_highway_service,0.8841,2.6738
n2325729708,Бендеры,Борисовка,Кишинёвский тупик,10,2,14.8,6.9,4.1961,4.1911,7.644,4.1961,OWNER_REVIEW_ROUTE,segment_highway_service,0.8609,2.6506
w161058098,Бендеры,Хомутяновка,Комсомольская улица,1,1,10.1,2.75,1.5774,1.5749,2.954,1.5425,OWNER_REVIEW_ROUTE,segment_highway_service,4.3128,2.8298
w211496794,Бендеры,Хомутяновка,Комсомольская улица,2,1,19.5,2.61,1.5245,1.5222,2.828,1.5245,OK,,4.2599,2.7769
w446490135,Бендеры,Хомутяновка,Комсомольская улица,2,1,15.1,2.67,1.5011,1.4989,2.839,1.5011,OWNER_REVIEW_ROUTE,segment_highway_service,4.2365,2.7535
w295088581,Бендеры,Хомутяновка,Комсомольская улица,2б,1,19.2,2.62,1.5976,1.5951,2.906,1.5626,OK,,4.333,2.85
w211496742,Бендеры,Хомутяновка,Комсомольская улица,4,1,26.6,2.76,1.5217,1.5194,2.9,1.5217,OWNER_REVIEW_ROUTE,segment_highway_service,4.2571,2.7741
w211496784,Бендеры,Хомутяновка,Комсомольская улица,5,1,13.2,2.69,1.5176,1.5154,2.861,1.5176,OWNER_REVIEW_ROUTE,segment_highway_service,4.2531,2.7701
w211496787,Бендеры,Хомутяновка,Комсомольская улица,6,1,16.8,2.88,1.5512,1.549,2.989,1.5512,OWNER_REVIEW_ROUTE,segment_highway_service,4.2867,2.8037
w211496781,Бендеры,Хомутяновка,Комсомольская улица,7A,1,28.6,2.42,1.4449,1.4428,2.652,1.4449,OK,,4.1804,2.6974
w211496770,Бендеры,Хомутяновка,Комсомольская улица,8,1,18.2,2.94,1.566,1.5638,3.034,1.566,OWNER_REVIEW_ROUTE,segment_highway_service,4.3015,2.8184
w415723868,Бендеры,Хомутяновка,Комсомольская улица,10,1,22.3,2.94,1.566,1.5638,3.034,1.566,OWNER_REVIEW_ROUTE,segment_highway_service,4.3015,2.8184
w290334258,Бендеры,Хомутяновка,Комсомольская улица,44,1,29.1,2.33,1.4077,1.4057,2.571,1.4077,OK,,4.1432,2.6602
w318057741,Бендеры,Борисовка,Кооперативный тупик,5,2,16.4,6.22,4.0727,4.0681,7.182,4.0727,OWNER_REVIEW_ROUTE,segment_highway_service,0.7376,2.5272
w318071328,Бендеры,Борисовка,Кооперативный тупик,6,2,16.5,6.21,4.0705,4.066,7.176,4.0705,OWNER_REVIEW_ROUTE,segment_highway_service,0.7354,2.525
w352263831,Бендеры,Хомутяновка,Лесовой переулок,2,4,13.4,7.46,6.0645,6.06,9.792,6.0645,OK,,3.1291,4.9188
n2337880821,Бендеры,Хомутяновка,Лесовой переулок,3,4,5.6,7.37,6.0295,6.025,9.715,6.0295,OK,,3.0941,4.8838
w352263797,Бендеры,Хомутяновка,Лесовой переулок,5,4,13.2,7.49,6.0782,6.0736,9.822,6.0782,OK,,3.1428,4.9324
w352265856,Бендеры,Хомутяновка,Лесовой переулок,7,4,11.1,7.33,6.0099,6.0055,9.672,6.0099,OK,,3.0746,4.8642
w352263835,Бендеры,Хомутяновка,Лесовой переулок,22,4,10.4,7.54,6.0989,6.0943,9.868,6.0989,OK,,3.1635,4.9531
w352263837,Бендеры,Хомутяновка,Лесовой переулок,22а,4,11.5,7.56,6.1103,6.1056,9.893,6.1103,OK,,3.1749,4.9645
w317051448,Бендеры,Хомутяновка,Молодёжная улица,1,3,14.0,6.23,5.6937,5.6903,8.807,5.6937,OK,,2.4535,4.2431
w318070636,Бендеры,Хомутяновка,Молодёжная улица,9,3,18.2,6.64,5.8656,5.8618,9.185,5.8656,OK,,2.504,4.2936
w318070630,Бендеры,Хомутяновка,Молодёжная улица,11,3,15.3,6.64,5.8658,5.862,9.186,5.8658,OK,,2.5038,4.2934
w317051494,Бендеры,Хомутяновка,Молодёжная улица,12,3,18.0,6.32,5.7326,5.7291,8.892,5.7326,OK,,2.4924,4.282
w317051475,Бендеры,Хомутяновка,Молодёжная улица,14,3,13.4,6.32,5.7334,5.7299,8.893,5.7334,OK,,2.4932,4.2828
w317051503,Бендеры,Хомутяновка,Молодёжная улица,15,3,23.2,6.4,5.7681,5.7645,8.97,5.7681,OK,,2.5279,4.3175
w317051477,Бендеры,Хомутяновка,Молодёжная улица,17,3,14.8,6.44,5.7844,5.7808,9.005,5.7844,OK,,2.5443,4.3339
w184989536,Бендеры,Хомутяновка,Молодёжная улица,52,3,17.3,5.66,5.4708,5.4679,8.299,5.4708,OK,,2.3147,4.1043
w209654410,Бендеры,Хомутяновка,Молодёжная улица,52а/1,3,24.6,6.07,5.6292,5.6259,8.665,5.6292,OK,,2.389,4.1786
w161058097,Бендеры,Хомутяновка,Московская улица,2,1,16.1,2.12,1.3123,1.31,2.373,1.3123,OWNER_REVIEW_ROUTE,segment_highway_service,4.0477,2.5647
w291423988,Бендеры,Хомутяновка,Московская улица,9,1,20.5,1.95,1.2893,1.2871,2.267,1.2893,OWNER_REVIEW_ROUTE,segment_highway_service,4.0247,2.5417
n2339316692,Бендеры,Борисовка,Новый проезд,1/3,4,15.9,7.89,7.0585,7.0551,11.001,4.8203,OWNER_REVIEW_ROUTE,segment_highway_service,1.4852,3.2748
n2334334346,Бендеры,Борисовка,Новый проезд,1а,3,16.8,7.75,7.0005,6.9971,10.873,4.7623,OWNER_REVIEW_ROUTE,segment_highway_service,1.4272,3.2168
w184989559,Бендеры,Борисовка,Новый проезд,1а,3,8.1,7.52,4.5225,4.5177,8.284,4.5225,OWNER_REVIEW_ROUTE,segment_highway_service,1.1874,2.977
n2334334349,Бендеры,Борисовка,Новый проезд,3а,4,16.1,7.57,6.9281,6.9248,10.712,4.6899,OWNER_REVIEW_ROUTE,segment_highway_service,1.3548,3.1444
n2334338352,Бендеры,Борисовка,Новый проезд,4,4,9.1,7.81,7.027,7.0236,10.931,4.7888,OWNER_REVIEW_ROUTE,segment_highway_service,1.4537,3.2433
n2334338353,Бендеры,Борисовка,Новый проезд,5,4,20.5,7.73,7.0316,7.0282,10.896,4.7934,OWNER_REVIEW_ROUTE,segment_highway_service,1.4583,3.2479
n2334338351,Бендеры,Борисовка,Новый проезд,10,4,4.9,7.91,7.1078,7.1042,11.064,4.8696,OWNER_REVIEW_ROUTE,segment_highway_service,1.5345,3.3241
n2334331716,Бендеры,Борисовка,Новый проезд,40,4,13.7,7.46,6.8819,6.8787,10.611,4.6437,OWNER_REVIEW_ROUTE,segment_highway_service,1.3086,3.0982
n2334331723,Бендеры,Борисовка,Новый проезд,46,4,20.2,7.49,6.8938,6.8905,10.637,4.6556,OWNER_REVIEW_ROUTE,segment_highway_service,1.3205,3.1101
w91848805,Бендеры,Борисовка,Одесская улица,1,2,11.9,7.13,4.4675,4.4616,8.031,4.4675,OWNER_REVIEW_ROUTE,segment_highway_service,1.1324,2.922
w91848809,Бендеры,Борисовка,Одесская улица,3,4,12.0,7.57,6.7668,6.7635,10.553,4.7528,OWNER_REVIEW_ROUTE,segment_highway_service,1.4177,3.2073
w91848807,Бендеры,Борисовка,Одесская улица,4,3,23.5,7.08,4.6565,4.6504,8.197,4.6565,OWNER_REVIEW_ROUTE,segment_highway_service,1.3214,3.111
w91848799,Бендеры,Борисовка,Одесская улица,5,4,10.4,7.22,6.7179,6.7146,10.328,4.7038,OWNER_REVIEW_ROUTE,segment_highway_service,1.3687,3.1583
w209267174,Бендеры,Борисовка,Одесская улица,6,3,55.8,7.18,4.722,4.7158,8.314,4.722,OWNER_REVIEW_ROUTE,segment_highway_service,1.3869,3.1765
w209267141,Бендеры,Борисовка,Одесская улица,8,3,14.2,7.54,4.826,4.8197,8.594,4.826,OWNER_REVIEW_ROUTE,segment_highway_service,1.4908,3.2805
w209267152,Бендеры,Борисовка,Одесская улица,10,3,13.3,7.75,4.8966,4.8903,8.77,4.8966,OWNER_REVIEW_ROUTE,segment_highway_service,1.5615,3.3511
w209267119,Бендеры,Борисовка,Одесская улица,12,3,13.3,7.89,4.9544,4.948,8.902,4.9544,OWNER_REVIEW_ROUTE,segment_highway_service,1.6193,3.4089
w209267172,Бендеры,Борисовка,Одесская улица,14,4,12.5,7.43,6.6819,6.6784,10.399,4.8076,OWNER_REVIEW_ROUTE,segment_highway_service,1.4724,3.2621
w209267114,Бендеры,Борисовка,Одесская улица,27,4,16.1,7.14,6.6502,6.6471,10.223,4.6361,OWNER_REVIEW_ROUTE,segment_highway_service,1.301,3.0906
w91848812,Бендеры,Борисовка,Одесская улица,33,2,15.1,6.86,4.4313,4.4255,7.862,4.4313,OWNER_REVIEW_ROUTE,segment_highway_service,1.0962,2.8858
w91848808,Бендеры,Борисовка,Одесская улица,35,2,15.8,6.89,4.457,4.4512,7.899,4.457,OWNER_REVIEW_ROUTE,segment_highway_service,1.1219,2.9115
w91848810,Бендеры,Борисовка,Одесская улица,37,3,15.4,7.08,4.5338,4.5279,8.071,4.5338,OWNER_REVIEW_ROUTE,segment_highway_service,1.1987,2.9884
w91848811,Бендеры,Борисовка,Одесская улица,39,3,17.7,7.01,4.5732,4.5672,8.077,4.5732,OWNER_REVIEW_ROUTE,segment_highway_service,1.2381,3.0277
w224682791,Бендеры,Борисовка,Одесская улица,67а,3,58.5,6.83,4.5904,4.5844,8.003,4.5904,OWNER_REVIEW_ROUTE,segment_highway_service,1.2553,3.0449
w209273611,Бендеры,Хомутяновка,Пионерская улица,3,4,13.6,7.33,6.3295,6.3256,9.995,5.7811,OWNER_REVIEW_ROUTE,segment_highway_service,2.446,4.2356
w209273594,Бендеры,Хомутяновка,Пионерская улица,5,4,15.3,7.51,6.3689,6.3649,10.123,5.8205,OWNER_REVIEW_ROUTE,segment_highway_service,2.4854,4.275
w209273613,Бендеры,Хомутяновка,Пионерская улица,5,4,14.3,7.29,6.3156,6.3117,9.963,5.7672,OWNER_REVIEW_ROUTE,segment_highway_service,2.4321,4.2217
w209273580,Бендеры,Борисовка,Пионерская улица,7,4,14.5,7.89,6.4348,6.4308,10.378,5.8864,OWNER_REVIEW_ROUTE,segment_highway_service,2.5513,4.3409
w209273616,Бендеры,Хомутяновка,Пионерская улица,7,4,14.7,7.67,6.3808,6.3769,10.217,5.8325,OWNER_REVIEW_ROUTE,segment_highway_service,2.4974,4.287
w209273593,Бендеры,Хомутяновка,Пионерская улица,9,4,12.7,7.42,6.3397,6.3358,10.05,5.7913,OWNER_REVIEW_ROUTE,segment_highway_service,2.4562,4.2458
w209273618,Бендеры,Борисовка,Пионерская улица,9,4,15.9,7.27,6.3028,6.299,9.939,5.7544,OWNER_REVIEW_ROUTE,segment_highway_service,2.4193,4.209
w352669559,Бендеры,Борисовка,Пионерская улица,15,4,18.6,7.46,6.4251,6.4211,10.157,6.4251,OWNER_REVIEW_ROUTE,segment_highway_service,2.5416,4.3312
w222986045,Бендеры,Борисовка,Пионерская улица,19,4,14.8,8.62,6.8098,6.8053,11.121,6.2615,OWNER_REVIEW_ROUTE,segment_highway_service,2.9264,4.716
w222986047,Бендеры,Борисовка,Пионерская улица,21,4,12.0,8.56,6.794,6.7894,11.073,6.2456,OWNER_REVIEW_ROUTE,segment_highway_service,2.9105,4.7001
w222986049,Бендеры,Борисовка,Пионерская улица,23,4,11.5,8.46,6.7681,6.7635,10.996,6.2197,OWNER_REVIEW_ROUTE,segment_highway_service,2.8846,4.6742
w103992693,Бендеры,Борисовка,Пионерская улица,27,4,14.7,9.01,6.9328,6.928,11.439,6.3844,OWNER_REVIEW_ROUTE,segment_highway_service,3.0493,4.839
w103992762,Бендеры,Борисовка,Пионерская улица,27,4,14.1,8.88,6.8993,6.8945,11.338,6.3509,OWNER_REVIEW_ROUTE,segment_highway_service,3.0158,4.8054
w103992885,Бендеры,Борисовка,Пионерская улица,27,4,13.9,8.76,6.8705,6.8658,11.253,6.3221,OWNER_REVIEW_ROUTE,segment_highway_service,2.987,4.7766
w352670176,Бендеры,Борисовка,Пионерская улица,27,4,21.1,8.3,6.7499,6.7453,10.899,6.2015,OWNER_REVIEW_ROUTE,segment_highway_service,2.8664,4.656
w103992864,Бендеры,Борисовка,Пионерская улица,31,4,14.3,9.11,6.9582,6.9533,11.515,6.4098,OWNER_REVIEW_ROUTE,segment_highway_service,3.0747,4.8643
w103992858,Бендеры,Борисовка,Пионерская улица,33,4,14.2,9.18,6.975,6.9701,11.566,6.4266,OWNER_REVIEW_ROUTE,segment_highway_service,3.0915,4.8812
w103992712,Бендеры,Борисовка,Пионерская улица,35,4,11.2,8.65,6.8606,6.8559,11.183,6.3122,OWNER_REVIEW_ROUTE,segment_highway_service,2.9771,4.7667
w103992696,Бендеры,Борисовка,Пионерская улица,37,4,14.0,8.73,6.8814,6.8767,11.246,6.333,OWNER_REVIEW_ROUTE,segment_highway_service,2.9979,4.7876
w318090605,Бендеры,Борисовка,Пионерский переулок,7,4,9.5,6.73,6.0966,6.0933,9.46,5.5483,OK,,2.2132,4.0028
w353044316,Бендеры,Хомутяновка,Протягайловская улица,12,3,12.5,7.77,4.7031,4.6984,8.587,4.7031,OWNER_REVIEW_ROUTE,segment_highway_service,4.3411,5.9556
w354630979,Бендеры,Хомутяновка,Протягайловская улица,13,3,12.4,5.47,4.2855,4.281,7.019,4.2855,OK,,4.6682,5.5379
w353044314,Бендеры,Хомутяновка,Протягайловская улица,16,3,16.6,5.63,4.3544,4.3502,7.17,4.3544,OK,,4.7371,5.6069
w353978195,Бендеры,Хомутяновка,Протягайловская улица,17,3,15.8,5.7,4.3813,4.377,7.23,4.3813,OK,,4.3583,5.6338
w353044313,Бендеры,Хомутяновка,Протягайловская улица,18,3,18.5,5.69,4.3765,4.3721,7.219,4.3765,OK,,4.3632,5.6289
w353975790,Бендеры,Хомутяновка,Протягайловская улица,19,3,12.9,5.75,4.4022,4.3979,7.276,4.4022,OK,,4.3375,5.6546
w353044312,Бендеры,Хомутяновка,Протягайловская улица,20,3,15.2,5.75,4.4021,4.3977,7.275,4.4021,OK,,4.3376,5.6545
w353044311,Бендеры,Хомутяновка,Протягайловская улица,22,3,21.0,5.8,4.4248,4.4204,7.326,4.4248,OK,,4.3149,5.6772
n2321993999,Бендеры,Хомутяновка,Путейская улица,2,3,3.4,5.95,5.1359,5.1321,8.112,5.1359,OK,,3.3963,6.3883
w301982104,Бендеры,Хомутяновка,Путейская улица,4,3,44.0,5.94,4.9066,4.9027,7.874,4.9066,OK,,3.4427,6.159
w301982107,Бендеры,Хомутяновка,Путейская улица,6,3,17.3,5.88,4.8846,4.8807,7.825,4.8846,OK,,3.4647,6.137
w301982108,Бендеры,Хомутяновка,Путейская улица,10,3,17.1,5.81,4.8532,4.8492,7.757,4.8532,OK,,3.4961,6.1056
w301982110,Бендеры,Хомутяновка,Путейская улица,10а,3,18.1,5.75,4.8308,4.8269,7.707,4.8308,OK,,3.5185,6.0832
w301982111,Бендеры,Хомутяновка,Путейская улица,12,3,18.2,5.72,4.818,4.8141,7.679,4.818,OK,,3.5313,6.0705
w301982112,Бендеры,Хомутяновка,Путейская улица,12а,3,28.3,5.68,4.802,4.7981,7.644,4.802,OK,,3.5472,6.0545
w301982113,Бендеры,Хомутяновка,Путейская улица,12б,3,14.3,5.69,4.8029,4.7989,7.646,4.8029,OK,,3.5464,6.0553
w352064506,Бендеры,Хомутяновка,Санаторная улица,2,3,26.8,6.3,5.525,5.5202,8.677,5.525,OK,,3.7854,5.5751
w352284664,Бендеры,Хомутяновка,Санаторная улица,56,3,21.1,7.1,5.807,5.8406,9.359,5.807,OK,,3.4365,5.2262
w352265835,Бендеры,Хомутяновка,Санаторная улица,58,4,19.6,7.19,5.8451,5.904,9.443,5.8451,OK,,3.4746,5.2642
w352163177,Бендеры,Хомутяновка,Санаторная улица,70,4,22.0,7.39,5.9252,6.0375,9.619,5.9252,OK,,3.5547,5.3443
w352163171,Бендеры,Хомутяновка,Санаторная улица,72,4,22.7,7.47,5.9607,6.0966,9.697,5.9607,OK,,3.5902,5.3798
w352163169,Бендеры,Хомутяновка,Санаторная улица,74,4,24.6,7.5,5.9702,6.1125,9.718,5.9702,OK,,3.5997,5.3893
w161058110,Бендеры,Хомутяновка,Севастопольская улица,1а,3,10.3,5.54,4.6997,4.6965,7.469,4.6997,OWNER_REVIEW_ROUTE,segment_highway_service,3.4162,5.9522
w302066913,Бендеры,Хомутяновка,Севастопольская улица,2,3,18.6,5.38,4.8973,4.8942,7.588,4.8973,OK,,3.1578,6.1498
w302066914,Бендеры,Хомутяновка,Севастопольская улица,4,3,21.0,5.43,4.9176,4.9144,7.633,4.9176,OK,,3.1781,6.1701
w161058104,Бендеры,Хомутяновка,Севастопольская улица,4а,3,29.6,5.44,4.7015,4.6981,7.424,4.7015,OWNER_REVIEW_ROUTE,segment_highway_service,3.4179,5.9539
w161058112,Бендеры,Хомутяновка,Севастопольская улица,5,3,41.5,5.49,4.7405,4.7373,7.486,4.7405,OWNER_REVIEW_ROUTE,segment_highway_service,3.3004,5.993
w302066902,Бендеры,Хомутяновка,Севастопольская улица,10,3,29.1,5.39,4.7313,4.7282,7.424,4.7313,OK,,3.246,5.9838
w302066901,Бендеры,Хомутяновка,Севастопольская улица,12,3,18.5,5.35,4.7181,4.7149,7.395,4.7181,OK,,3.2593,5.9705
w302066903,Бендеры,Хомутяновка,Севастопольская улица,14,3,19.4,5.31,4.7016,4.6984,7.358,4.7016,OK,,3.2758,5.954
w302066894,Бендеры,Хомутяновка,Севастопольская улица,16,3,18.5,5.25,4.6754,4.6722,7.3,4.6754,OK,,3.3919,5.9279
w303915676,Бендеры,Хомутяновка,Севастопольская улица,24,3,24.3,5.0,4.4406,4.4374,6.941,4.4406,OK,,3.5386,5.693
w304088452,Бендеры,Хомутяновка,Севастопольская улица,26,3,14.3,4.91,4.4029,4.3997,6.859,4.4029,OK,,3.614,5.6553
w302074753,Бендеры,Хомутяновка,Треугольный переулок,1,3,7.9,6.21,5.3013,5.2979,8.406,5.3013,OK,,2.8716,4.6612
w351854665,Бендеры,Хомутяновка,Треугольный переулок,2,3,8.1,6.21,5.2992,5.2958,8.402,5.2992,OK,,2.8695,4.6591
w302074755,Бендеры,Хомутяновка,Треугольный переулок,3,3,12.8,6.0,5.2124,5.2092,8.21,5.2124,OK,,2.7826,4.5722
w302369879,Бендеры,Хомутяновка,Треугольный переулок,4,3,12.7,6.11,5.2623,5.259,8.32,5.2623,OK,,2.8325,4.6222
w302074746,Бендеры,Хомутяновка,Треугольный переулок,5,3,14.6,6.0,5.2135,5.2103,8.213,5.2135,OK,,2.7838,4.5734
w302369878,Бендеры,Хомутяновка,Треугольный переулок,6,3,12.5,6.07,5.245,5.2417,8.282,5.245,OK,,2.8152,4.6049
w302074749,Бендеры,Хомутяновка,Треугольный переулок,7,3,14.4,6.11,5.2584,5.2551,8.312,5.2584,OK,,2.8286,4.6183
n4835076144,Бендеры,Хомутяновка,Треугольный переулок,8 кв. 2,3,15.0,6.28,5.3294,5.3259,8.468,5.3294,OK,,2.8996,4.6892
n4835076145,Бендеры,Хомутяновка,Треугольный переулок,8 кв. 3,3,27.5,6.26,5.3232,5.3197,8.454,5.3232,OK,,2.8934,4.6831
w302074748,Бендеры,Хомутяновка,Треугольный переулок,9,3,12.7,6.07,5.2427,5.2394,8.277,5.2427,OK,,2.8129,4.6025
w302074747,Бендеры,Хомутяновка,Треугольный переулок,11,3,13.5,6.03,5.2272,5.2239,8.243,5.2272,OK,,2.7974,4.5871
w209267179,Бендеры,Борисовка,Фонтанная улица,5,4,24.7,7.26,6.6232,6.6199,10.256,4.7489,OWNER_REVIEW_ROUTE,segment_highway_service,1.4138,3.2034
n2322107948,Бендеры,Борисовка,Фонтанная улица,8,4,20.1,7.28,6.5431,6.5397,10.184,4.7951,OWNER_REVIEW_ROUTE,segment_highway_service,1.46,3.2496
n5172818464,Бендеры,Борисовка,Фонтанная улица,18,4,17.8,7.11,6.4721,6.4686,10.027,4.8661,OWNER_REVIEW_ROUTE,segment_highway_service,1.531,3.3207
n2322107950,Бендеры,Борисовка,Фонтанная улица,22,4,13.8,7.01,6.4304,6.427,9.935,4.9078,OWNER_REVIEW_ROUTE,segment_highway_service,1.5727,3.3623
n2322107954,Бендеры,Борисовка,Фонтанная улица,24,4,15.6,6.94,6.3672,6.3637,9.839,5.2015,OWNER_REVIEW_ROUTE,segment_highway_service,1.8664,3.656
w319134694,Бендеры,Борисовка,Фонтанная улица,30,4,17.0,6.91,6.2634,6.2601,9.716,5.2273,OK,,1.8922,3.6818
n2322107952,Бендеры,Борисовка,Фонтанная улица,35,4,12.6,6.96,6.3735,6.3701,9.854,5.1489,,,1.8138,3.6034
n2322107955,Бендеры,Борисовка,Фонтанная улица,36,4,17.1,6.71,6.1812,6.1778,9.535,5.3431,,,2.008,3.7976
n2322107953,Бендеры,Борисовка,Фонтанная улица,41,4,9.9,6.96,6.2877,6.2843,9.769,5.2031,,,1.868,3.6576
w318090601,Бендеры,Борисовка,Фонтанная улица,41,4,20.1,6.96,6.2882,6.2849,9.77,5.2025,,,1.8674,3.657
w318090600,Бендеры,Борисовка,Фонтанная улица,43,4,20.2,6.93,6.2744,6.2711,9.74,5.2163,,,1.8812,3.6708
n2322107956,Бендеры,Борисовка,Фонтанная улица,59,4,15.4,6.73,6.1914,6.1881,9.558,5.3534,,,2.0182,3.8079
w318090596,Бендеры,Борисовка,Фонтанная улица,61,4,19.0,6.7,6.1762,6.1729,9.525,5.3381,,,2.003,3.7927
w352667497,Бендеры,Борисовка,Хотинская улица,4,2,18.4,7.19,4.3616,4.3563,7.958,4.3616,,,1.5166,2.8162
w352667495,Бендеры,Борисовка,Хотинская улица,4а,3,14.4,7.2,4.811,4.8049,8.409,4.811,,,1.4759,3.2655
w352667496,Бендеры,Борисовка,Хотинская улица,4б,3,15.2,7.24,4.8267,4.8206,8.444,4.8267,,,1.4916,3.2812
w352667493,Бендеры,Борисовка,Хотинская улица,6,2,15.2,7.06,4.3074,4.3022,7.839,4.3074,,,0.9723,2.7619
w352667488,Бендеры,Борисовка,Хотинская улица,18,3,14.0,7.13,4.7825,4.7764,8.347,4.7825,,,1.4474,3.237
w91848287,Бендеры,Борисовка,Хотинская улица,49,2,16.4,6.91,4.4407,4.4354,7.896,4.4407,,,1.1411,2.8952
w91848274,Бендеры,Борисовка,Хотинская улица,51,2,15.0,6.88,4.4483,4.4429,7.887,4.4483,,,1.1487,2.9028
w91848283,Бендеры,Борисовка,Хотинская улица,53,3,21.4,7.2,4.5063,4.5008,8.107,4.5063,,,1.2067,2.9608
w91848277,Бендеры,Борисовка,Хотинская улица,55,3,20.4,7.05,4.4992,4.4936,8.024,4.4992,,,1.1996,2.9537
w352153734,Бендеры,Борисовка,Хотинская улица,73,3,22.6,7.91,5.0561,5.0499,9.01,5.0561,,,1.721,3.5106
w352153729,Бендеры,Борисовка,Хотинская улица,77,3,18.0,7.74,5.0138,5.0076,8.883,5.0138,,,1.6787,3.4683
w352153731,Бендеры,Борисовка,Хотинская улица,144,3,18.8,6.91,4.6933,4.6874,8.15,4.6933,,,1.3582,3.1478
w352667484,Бендеры,Борисовка,Хотинская улица,146,3,18.2,6.89,4.7089,4.703,8.153,4.7089,,,1.3738,3.1634
w352667485,Бендеры,Борисовка,Хотинская улица,148,3,19.4,6.91,4.7286,4.7227,8.185,4.7286,,,1.3935,3.1832
w352667487,Бендеры,Борисовка,Хотинская улица,150,3,21.7,6.93,4.7408,4.7348,8.205,4.7408,,,1.4057,3.1953
w116073594,Бендеры,Борисовка,Хотинская улица,152,3,59.9,7.29,4.8783,4.8721,8.522,4.8783,,,1.5432,3.3328
w209287668,Бендеры,Хомутяновка,Школьная улица,4,3,11.1,5.66,4.7247,4.7213,7.552,4.7247,,,3.4412,5.9771
w209287692,Бендеры,Хомутяновка,Школьная улица,4,3,15.3,5.45,4.6732,4.67,7.397,4.6732,,,3.3897,5.9257
w302066931,Бендеры,Хомутяновка,Школьная улица,5,3,13.1,4.78,4.5184,4.5155,6.906,4.5184,,,3.2671,5.7709
w209287627,Бендеры,Хомутяновка,Школьная улица,6,3,41.1,5.94,4.9286,4.9247,7.901,4.9286,,,3.5379,6.181
w302066932,Бендеры,Хомутяновка,Школьная улица,7,3,23.9,4.97,4.5733,4.5703,7.057,4.5733,,,3.2898,5.8257
w302066945,Бендеры,Хомутяновка,Школьная улица,9,3,16.5,5.07,4.6162,4.613,7.153,4.6162,,,3.3326,5.8686
w302066949,Бендеры,Хомутяновка,Школьная улица,11,3,22.6,5.13,4.6398,4.6366,7.205,4.6398,,,3.3563,5.8922
w302066948,Бендеры,Хомутяновка,Школьная улица,13,3,17.7,5.18,4.6607,4.6575,7.251,4.6607,,,3.3772,5.9132
w302066951,Бендеры,Хомутяновка,Школьная улица,15,3,17.8,5.24,4.6836,4.6803,7.301,4.6836,,,3.4001,5.936
w302066947,Бендеры,Хомутяновка,Школьная улица,17,3,17.0,5.28,4.7027,4.6993,7.343,4.7027,,,3.4191,5.9551
w302066893,Бендеры,Хомутяновка,Школьная улица,18,3,24.8,4.98,4.6005,4.5974,7.091,4.6005,,,3.317,5.8529
w302066946,Бендеры,Хомутяновка,Школьная улица,19,3,17.3,5.32,4.7175,4.7141,7.376,4.7175,,,3.434,5.97
w302066953,Бендеры,Хомутяновка,Школьная улица,21,3,16.7,5.7,4.8069,4.8034,7.657,4.8069,,,3.5234,6.0594
w209287640,Бендеры,Хомутяновка,Школьная улица,23,3,15.7,6.17,4.8143,4.8105,7.901,4.8143,,,3.8669,6.0667
w209287688,Бендеры,Хомутяновка,Школьная улица,24,3,9.6,6.02,4.9259,4.922,7.935,4.9259,,,3.6424,6.1784
w209287701,Бендеры,Хомутяновка,Школьная улица,27,3,16.3,5.87,4.8974,4.8936,7.832,4.8974,,,3.6139,6.1498
w209287646,Бендеры,Хомутяновка,Школьная улица,29,3,11.0,6.01,4.9324,4.9285,7.937,4.9324,,,3.6489,6.1848
w302066895,Бендеры,Хомутяновка,Школьная улица,39,3,32.4,4.83,4.5796,4.5767,6.995,4.5796,,,3.2059,5.8321
w302066922,Бендеры,Хомутяновка,Школьная улица,41,3,13.4,4.74,4.4759,4.4729,6.843,4.4759,,,3.3096,5.7283
w209287680,Бендеры,Хомутяновка,Школьная улица,134,3,14.2,5.19,4.6285,4.6254,7.222,4.6285,,,3.3449,5.8809
w302066930,Бендеры,Хомутяновка,Школьная улица,136,3,14.3,4.75,4.486,4.483,6.858,4.486,,,3.2995,5.7384
w295998453,Бендеры,Хомутяновка,переулок Бородина,1,3,15.0,5.91,5.1725,5.1692,8.128,5.1725,,,2.9254,4.7151
w295998427,Бендеры,Хомутяновка,переулок Бородина,4,3,32.7,5.91,5.1712,5.1679,8.125,5.1712,,,2.9242,4.7138
w295998451,Бендеры,Хомутяновка,переулок Бородина,5,3,36.6,5.91,5.1723,5.1691,8.127,5.1723,,,2.9253,4.715
n4835076146,Бендеры,Хомутяновка,переулок Бородина,6 кв. 1,3,15.4,6.14,5.2684,5.2649,8.339,5.2684,,,3.0214,4.8111
n4835050373,Бендеры,Хомутяновка,переулок Бородина,6 кв. 2,3,13.0,6.11,5.2536,5.2502,8.306,5.2536,,,3.0066,4.7962
n2321994025,Бендеры,Хомутяновка,переулок Бородина,9,3,8.5,6.14,5.2664,5.2629,8.335,5.2664,,,3.0194,4.809
n4835050375,Бендеры,Хомутяновка,переулок Бородина,9,3,11.5,6.01,5.2129,5.2095,8.216,5.2129,,,2.9658,4.7555
w295088584,Бендеры,Хомутяновка,переулок Бородина,11,3,15.9,5.81,5.129,5.1259,8.031,5.129,,,2.882,4.6717
w295998452,Бендеры,Хомутяновка,переулок Бородина,11,3,16.3,5.85,5.1471,5.1439,8.071,5.1471,,,2.9001,4.6897
w315425226,Бендеры,Хомутяновка,переулок Лермонтова,1,3,12.1,5.96,5.2848,5.2812,8.263,5.2848,,,3.0211,4.8107
w315807200,Бендеры,Хомутяновка,переулок Лермонтова,7,3,13.9,6.11,5.3502,5.3465,8.407,5.3502,,,3.0865,4.8762
w209287634,Бендеры,Хомутяновка,переулок Лермонтова,13а,3,15.7,5.65,5.1631,5.16,7.989,5.1631,,,2.7632,4.5529
w209287672,Бендеры,Хомутяновка,переулок Лермонтова,15,3,21.1,5.23,5.015,5.0121,7.632,5.015,,,2.7705,4.5602
w318083438,Бендеры,Хомутяновка,переулок Лермонтова,16,3,8.6,6.14,5.4284,5.4244,8.5,5.4284,,,3.2941,5.0838
w315807198,Бендеры,Хомутяновка,переулок Лермонтова,17,3,10.7,6.21,5.3902,5.3863,8.495,5.3902,,,3.1265,4.9161
w317149371,Бендеры,Хомутяновка,переулок Лермонтова,17,3,11.7,6.37,5.5248,5.5205,8.711,5.5248,,,3.1978,4.9874
n5411906006,Бендеры,Хомутяновка,переулок Лермонтова,25,3,8.1,6.17,5.4418,5.4377,8.529,5.4418,,,3.2808,5.0704
w317149372,Бендеры,Хомутяновка,переулок Лермонтова,40,3,6.6,6.3,5.4268,5.4228,8.576,5.4268,,,3.1631,4.9528
w209287676,Бендеры,Хомутяновка,переулок Лермонтова,57,3,10.0,5.54,5.112,5.1088,7.884,5.112,,,2.8483,4.6379
w315425206,Бендеры,Хомутяновка,переулок Лермонтова,58,3,10.3,5.61,5.1406,5.1373,7.946,5.1406,,,2.8768,4.6665
w315425243,Бендеры,Хомутяновка,переулок Лермонтова,59,3,13.4,5.76,5.2047,5.2013,8.087,5.2047,,,2.941,4.7306
w315193166,Бендеры,Хомутяновка,переулок Лермонтова,60,3,9.6,5.61,5.1413,5.1381,7.948,5.1413,,,2.8776,4.6673
w315425207,Бендеры,Хомутяновка,переулок Лермонтова,64,3,13.9,5.87,5.2479,5.2444,8.182,5.2479,,,2.9842,4.7738
w315851315,Бендеры,Хомутяновка,переулок Лермонтова,64,3,13.7,6.06,5.3274,5.3237,8.357,5.3274,,,3.0637,4.8533
w315425222,Бендеры,Хомутяновка,переулок Лермонтова,66,3,11.7,5.86,5.2443,5.2408,8.173,5.2443,,,2.9806,4.7702
w315425235,Бендеры,Хомутяновка,переулок Лермонтова,66,3,13.2,6.06,5.3282,5.3245,8.358,5.3282,,,3.0645,4.8541
w315425255,Бендеры,Хомутяновка,переулок Лермонтова,67,3,14.3,5.99,5.2981,5.2945,8.292,5.2981,,,3.0344,4.824
w315425223,Бендеры,Хомутяновка,переулок Лермонтова,69,3,12.1,5.99,5.2967,5.2931,8.289,5.2967,,,3.033,4.8226
w209287636,Бендеры,Хомутяновка,переулок Лермонтова,90,3,22.6,5.31,5.0927,5.0898,7.745,5.0927,,,2.6928,4.4825
w209287664,Бендеры,Хомутяновка,переулок Лермонтова,92,3,22.5,5.29,5.0787,5.0758,7.725,5.0787,,,2.7068,4.4964
w209287686,Бендеры,Хомутяновка,переулок Лермонтова,94,3,23.2,5.28,5.0637,5.0607,7.702,5.0637,,,2.7219,4.5115
w209287635,Бендеры,Хомутяновка,переулок Лермонтова,96,3,23.3,5.26,5.0497,5.0468,7.682,5.0497,,,2.7358,4.5254
w209287663,Бендеры,Хомутяновка,переулок Лермонтова,98,3,8.9,5.39,5.0484,5.0454,7.744,5.0484,,,2.7847,4.5743
w209416044,Бендеры,Хомутяновка,переулок Лермонтова,100,3,9.7,5.39,5.0488,5.0458,7.745,5.0488,,,2.7851,4.5747
w209416040,Бендеры,Хомутяновка,переулок Лермонтова,102,3,22.6,5.21,4.9939,4.9909,7.601,4.9939,,,2.7917,4.5813
w209416045,Бендеры,Хомутяновка,переулок Лермонтова,104,3,21.4,5.2,4.9791,4.9762,7.579,4.9791,,,2.8064,4.596
w209273600,Бендеры,Хомутяновка,переулок Осипенко,1,4,10.3,7.59,6.4907,6.4864,10.288,5.9423,,,2.6072,4.3968
w209273620,Бендеры,Хомутяновка,переулок Осипенко,1,4,11.4,7.25,6.4032,6.399,10.026,5.8548,,,2.5197,4.3093
w209273631,Бендеры,Хомутяновка,переулок Осипенко,1,4,11.4,7.42,6.4456,6.4414,10.153,5.8973,,,2.5622,4.3518
w209273577,Бендеры,Хомутяновка,переулок Осипенко,2,4,17.2,6.87,6.3177,6.3137,9.754,5.7693,,,2.4342,4.2238
w209273606,Бендеры,Хомутяновка,переулок Осипенко,2,4,9.3,7.53,6.4825,6.4783,10.248,5.9341,,,2.599,4.3887
w209273627,Бендеры,Хомутяновка,переулок Осипенко,2,4,13.8,7.11,6.3852,6.381,9.943,5.8368,,,2.5017,4.2913
w209273583,Бендеры,Хомутяновка,переулок Осипенко,4,4,10.4,7.45,6.4762,6.472,10.201,5.9279,,,2.5928,4.3824
w209273635,Бендеры,Хомутяновка,переулок Осипенко,6,4,13.4,7.58,6.5371,6.5328,10.325,5.9887,,,2.6536,4.4432
w209273633,Бендеры,Хомутяновка,переулок Осипенко,9,4,10.9,7.69,6.5352,6.5308,10.378,5.9868,,,2.6517,4.4413
w209273588,Бендеры,Хомутяновка,переулок Осипенко,11,4,12.3,7.79,6.592,6.5876,10.489,6.0436,,,2.7085,4.4981
w231243207,Бендеры,Хомутяновка,переулок Осипенко,15,4,45.5,7.5,6.5368,6.5326,10.286,5.9885,,,2.6534,4.443
n2337865679,Бендеры,Хомутяновка,переулок Полоза,6,4,8.4,7.71,6.1955,6.1906,10.051,6.1955,,,3.2601,5.0497
w284637187,Бендеры,Хомутяновка,переулок Полоза,6,4,13.2,7.79,6.2271,6.2221,10.121,6.2271,,,3.2917,5.0813
w284637199,Бендеры,Хомутяновка,переулок Полоза,49,4,19.6,7.84,6.2119,6.2071,10.134,6.2119,,,3.2765,5.0661
w284637197,Бендеры,Хомутяновка,переулок Полоза,78,4,25.6,8.1,6.3173,6.3123,10.366,6.3173,,,3.3819,5.1716
w318090606,Бендеры,Борисовка,улица 12 Октября,9,4,18.6,6.71,6.127,6.1238,9.479,5.3593,,,2.0242,3.8139
w209267166,Бендеры,Борисовка,улица 12 Октября,10,3,12.9,8.15,5.0033,4.9967,9.081,5.0033,,,1.6682,3.4578
n8219706370,Бендеры,Борисовка,улица 12 Октября,15,4,21.1,6.83,6.1804,6.1772,9.596,5.4093,,,2.0742,3.8638
n2322118077,Бендеры,Борисовка,улица 12 Октября,16,4,7.9,6.81,6.1711,6.1678,9.575,5.3999,,,2.0648,3.8545
w319134604,Бендеры,Борисовка,улица 12 Октября,17,4,18.5,7.17,6.2586,6.2552,9.841,5.4874,,,2.1523,3.942
w319227705,Бендеры,Борисовка,улица 12 Октября,21,4,17.6,7.06,6.2739,6.2706,9.803,5.5028,,,2.1676,3.9573
w319227708,Бендеры,Борисовка,улица 12 Октября,23,4,14.7,7.12,6.2995,6.2963,9.86,5.3433,,,2.0082,3.7978
w319227709,Бендеры,Борисовка,улица 12 Октября,25,4,16.6,7.16,6.3161,6.3129,9.896,5.3267,,,1.9916,3.7813
w319227711,Бендеры,Борисовка,улица 12 Октября,27,4,15.3,7.2,6.333,6.3298,9.933,5.3098,,,1.9747,3.7643
w319223032,Бендеры,Борисовка,улица 12 Октября,28,4,25.0,7.09,6.2889,6.2857,9.836,5.5178,,,2.1827,3.9723
w319227716,Бендеры,Борисовка,улица 12 Октября,29,4,18.1,7.26,6.358,6.3547,9.988,5.2849,,,1.9498,3.7394
w319223034,Бендеры,Борисовка,улица 12 Октября,30,4,19.0,7.16,6.317,6.3138,9.898,5.3258,,,1.9907,3.7803
w319227713,Бендеры,Борисовка,улица 12 Октября,31,4,9.7,7.39,6.5717,6.5678,10.268,5.2956,,,1.9605,3.7501
w319227862,Бендеры,Борисовка,улица 12 Октября,33,4,16.0,7.37,6.5879,6.584,10.273,5.3118,,,1.9767,3.7663
w319227717,Бендеры,Борисовка,улица 12 Октября,34,4,18.8,7.31,6.5615,6.5576,10.215,5.2854,,,1.9503,3.7399
w319227863,Бендеры,Борисовка,улица 12 Октября,35,4,30.7,7.44,6.6186,6.6147,10.341,5.3425,,,2.0074,3.797
w319227725,Бендеры,Борисовка,улица 12 Октября,36,4,16.4,7.46,6.6274,6.6235,10.36,5.189,,,1.8539,3.6435
w319227864,Бендеры,Борисовка,улица 12 Октября,37,4,20.9,7.48,6.635,6.6311,10.377,5.1814,,,1.8463,3.6359
w319227726,Бендеры,Борисовка,улица 12 Октября,38,4,13.0,7.54,6.6573,6.6534,10.426,5.1591,,,1.824,3.6136
w319305792,Бендеры,Борисовка,улица 12 Октября,39,4,14.5,7.53,6.6542,6.6503,10.419,5.1622,,,1.8271,3.6168
w319227727,Бендеры,Борисовка,улица 12 Октября,40,4,24.6,7.6,6.6835,6.6796,10.483,5.1329,,,1.7978,3.5874
w319305801,Бендеры,Борисовка,улица 12 Октября,41,4,19.9,7.58,6.6766,6.6727,10.468,5.1398,,,1.8047,3.5943
w319227732,Бендеры,Борисовка,улица 12 Октября,42,4,13.6,7.68,6.7181,6.7143,10.56,5.0983,,,1.7631,3.5528
w319227731,Бендеры,Борисовка,улица 12 Октября,44,4,11.7,7.72,6.7343,6.7304,10.595,5.0821,,,1.747,3.5366
w319305804,Бендеры,Борисовка,улица 12 Октября,45,4,16.4,7.65,6.7053,6.7014,10.531,5.1111,,,1.776,3.5656
w319227729,Бендеры,Борисовка,улица 12 Октября,46,4,15.4,7.77,6.755,6.7512,10.641,5.0614,,,1.7262,3.5159
w319305807,Бендеры,Борисовка,улица 12 Октября,47,4,20.9,7.71,6.7286,6.7248,10.583,5.0878,,,1.7527,3.5423
w319227728,Бендеры,Борисовка,улица 12 Октября,48,4,10.3,7.82,6.7751,6.7713,10.685,5.0413,,,1.7062,3.4958
w352148096,Бендеры,Борисовка,улица 12 Октября,49,4,20.3,7.75,6.7455,6.7416,10.62,5.0709,,,1.7358,3.5255
w91848803,Бендеры,Борисовка,улица 12 Октября,50,4,16.3,8.03,6.9064,6.9024,10.92,4.9823,,,1.6472,3.4368
w352148094,Бендеры,Борисовка,улица 12 Октября,51,4,15.5,7.8,6.7684,6.7645,10.67,5.048,,,1.7129,3.5026
w91848801,Бендеры,Борисовка,улица 12 Октября,52,3,16.6,8.09,4.9837,4.9773,9.026,4.9837,,,1.6486,3.4383
w352148095,Бендеры,Борисовка,улица 12 Октября,53,3,15.5,7.86,5.0255,5.0192,8.957,5.0255,,,1.6904,3.48
w352148098,Бендеры,Борисовка,улица 12 Октября,55,4,52.7,7.8,5.0,4.9937,8.901,5.0,,,1.6649,3.4546
w352155381,Бендеры,Борисовка,улица 12 Октября,57,3,22.8,7.72,4.9651,4.9588,8.823,4.9651,,,1.63,3.4196
w352155383,Бендеры,Борисовка,улица 12 Октября,59,3,30.4,7.66,4.9398,4.9335,8.768,4.9398,,,1.6047,3.3944
w352155384,Бендеры,Борисовка,улица 12 Октября,61,3,19.7,7.6,4.9158,4.9095,8.715,4.9158,,,1.5807,3.3704
w352155385,Бендеры,Борисовка,улица 12 Октября,63,3,13.1,7.54,4.8923,4.886,8.664,4.8923,,,1.5572,3.3468
w352155386,Бендеры,Борисовка,улица 12 Октября,65,3,12.1,7.51,4.8781,4.8718,8.632,4.8781,,,1.543,3.3326
w352155387,Бендеры,Борисовка,улица 12 Октября,67,3,21.6,7.44,4.8508,4.8444,8.572,4.8508,,,1.5157,3.3053
w352155388,Бендеры,Борисовка,улица 12 Октября,69,3,9.1,7.41,4.8347,4.8283,8.537,4.8347,,,1.4996,3.2892
w352668649,Бендеры,Борисовка,улица 12 Октября,71,3,34.6,7.33,4.8014,4.795,8.464,4.8014,,,1.4662,3.2559
w352668646,Бендеры,Борисовка,улица 12 Октября,73,3,23.1,7.28,4.7821,4.7757,8.421,4.7821,,,1.447,3.2366
w352668652,Бендеры,Борисовка,улица 12 Октября,75,3,20.3,7.23,4.761,4.7547,8.375,4.761,,,1.4259,3.2156
w352668630,Бендеры,Борисовка,улица 12 Октября,76,3,20.4,7.16,4.7674,4.7601,8.347,4.7674,,,1.4323,3.2219
w352668654,Бендеры,Борисовка,улица 12 Октября,77,3,16.3,7.16,4.731,4.7246,8.309,4.731,,,1.3959,3.1855
w352153727,Бендеры,Борисовка,улица 12 Октября,79,3,14.5,7.6,4.9784,4.9723,8.777,4.9784,,,1.6433,3.433
w318120142,Бендеры,Хомутяновка,улица 23 Августа,1,3,16.3,6.01,5.3007,5.2964,8.307,5.3007,,,3.5611,5.3508
n2330549394,Бендеры,Хомутяновка,улица 23 Августа,2,3,5.6,6.05,5.3165,5.3122,8.342,5.3165,,,3.577,5.3666
w320437638,Бендеры,Хомутяновка,улица 23 Августа,2,3,19.9,6.04,5.3133,5.309,8.335,5.3133,,,3.5737,5.3634
w318120135,Бендеры,Хомутяновка,улица 23 Августа,3,3,22.4,6.09,5.3347,5.3305,8.382,5.3347,,,3.5952,5.3848
w320437637,Бендеры,Хомутяновка,улица 23 Августа,4,3,21.5,6.08,5.3285,5.3243,8.369,5.3285,,,3.589,5.3786
w318120138,Бендеры,Хомутяновка,улица 23 Августа,5,3,15.9,6.13,5.3489,5.3447,8.413,5.3489,,,3.6094,5.399
w320437636,Бендеры,Хомутяновка,улица 23 Августа,6,3,20.2,6.11,5.3431,5.3388,8.401,5.3431,,,3.6036,5.3932
w318120139,Бендеры,Хомутяновка,улица 23 Августа,7,3,14.0,6.17,5.3666,5.3623,8.452,5.3666,,,3.6271,5.4167
w320437634,Бендеры,Хомутяновка,улица 23 Августа,8,3,16.9,6.15,5.356,5.3518,8.429,5.356,,,3.6165,5.4062
w320437632,Бендеры,Хомутяновка,улица 23 Августа,10,3,17.0,6.18,5.371,5.3667,8.462,5.371,,,3.6314,5.4211
w320437631,Бендеры,Хомутяновка,улица 23 Августа,12,3,15.7,6.24,5.3938,5.3896,8.511,5.3938,,,3.6543,5.4439
w320437629,Бендеры,Хомутяновка,улица 23 Августа,14,3,12.3,6.29,5.4185,5.4142,8.566,5.4185,,,3.6789,5.4686
w319366994,Бендеры,Хомутяновка,улица 23 Августа,39,3,14.8,6.25,5.4012,5.397,8.528,5.4012,,,3.6617,5.4513
w318120143,Бендеры,Хомутяновка,улица 23 Августа,41,3,16.4,5.98,5.2858,5.2815,8.274,5.2858,,,3.5462,5.3359
w315807223,Бендеры,Хомутяновка,улица 40 лет Советской Пионерии,3,3,15.6,6.47,5.62,5.616,8.856,5.62,,,2.9738,4.7635
w317053500,Бендеры,Хомутяновка,улица 40 лет Советской Пионерии,4,3,19.6,6.51,5.6353,5.6313,8.889,5.6353,,,2.9892,4.7788
w315851332,Бендеры,Хомутяновка,улица 40 лет Советской Пионерии,5,3,17.6,6.55,5.6525,5.6484,8.928,5.6525,,,3.0063,4.7959
w315851334,Бендеры,Хомутяновка,улица 40 лет Советской Пионерии,9,3,16.1,6.59,5.6708,5.6666,8.967,5.6708,,,3.0246,4.8142
w318120122,Бендеры,Хомутяновка,улица 40 лет Советской Пионерии,12,3,20.4,6.73,5.7486,5.7443,9.112,5.7486,,,3.087,4.8766
w318120121,Бендеры,Хомутяновка,улица 40 лет Советской Пионерии,14,3,18.8,6.68,5.7303,5.7259,9.072,5.7303,,,3.1053,4.895
w209416079,Бендеры,Хомутяновка,улица 40 лет Советской Пионерии,35,3,14.0,5.71,5.3005,5.2974,8.154,5.3005,,,2.6544,4.444
w316645004,Бендеры,Хомутяновка,улица 40 лет Советской Пионерии,35,3,14.2,5.93,5.3961,5.3928,8.363,5.3961,,,2.75,4.5396
w299629688,Бендеры,Хомутяновка,улица 40 лет Советской Пионерии,37,3,16.8,5.7,5.2988,5.2957,8.15,5.2988,,,2.6526,4.4423
w315618138,Бендеры,Хомутяновка,улица 40 лет Советской Пионерии,37,3,15.9,5.94,5.3966,5.3932,8.364,5.3966,,,2.7504,4.5401
w315851329,Бендеры,Хомутяновка,улица 40 лет Советской Пионерии,41,3,18.3,6.33,5.5633,5.5595,8.731,5.5633,,,2.9171,4.7067
w315807222,Бендеры,Хомутяновка,улица 40 лет Советской Пионерии,43,3,19.1,6.35,5.5697,5.5658,8.745,5.5697,,,2.9235,4.7131
w315618170,Бендеры,Хомутяновка,улица 40 лет Советской Пионерии,44,3,18.6,6.03,5.4353,5.4318,8.45,5.4353,,,2.7891,4.5787
w315618157,Бендеры,Хомутяновка,улица 40 лет Советской Пионерии,46,3,18.3,6.03,5.4354,5.4319,8.45,5.4354,,,2.7892,4.5789
w315807218,Бендеры,Хомутяновка,улица 40 лет Советской Пионерии,47,3,15.9,6.16,5.4875,5.4839,8.565,5.4875,,,2.8414,4.631
w209416093,Бендеры,Хомутяновка,улица 40 лет Советской Пионерии,68,3,20.8,5.47,5.2748,5.2719,8.011,5.2748,,,2.5107,4.3003
w209416075,Бендеры,Хомутяновка,улица 40 лет Советской Пионерии,70,3,20.0,5.46,5.2601,5.2572,7.99,5.2601,,,2.5254,4.315
w209416017,Бендеры,Хомутяновка,улица 40 лет Советской Пионерии,72,3,19.8,5.45,5.2476,5.2447,7.972,5.2476,,,2.5379,4.3276
w209416090,Бендеры,Хомутяновка,улица 40 лет Советской Пионерии,74,3,11.3,5.56,5.2371,5.2341,8.015,5.2371,,,2.5909,4.3805
w209287683,Бендеры,Хомутяновка,улица 40 лет Советской Пионерии,76,3,20.0,5.56,5.2375,5.2346,8.016,5.2375,,,2.5914,4.381
w318070645,Бендеры,Хомутяновка,улица 50 лет ВЛКСМ,1,4,14.6,6.71,6.251,6.247,9.608,5.7026,,,2.3675,4.1571
w318072368,Бендеры,Борисовка,улица 50 лет ВЛКСМ,5,3,16.4,6.35,6.0936,6.0907,9.27,5.1033,,,1.7682,3.5578
w399052058,Бендеры,Хомутяновка,улица 50 лет ВЛКСМ,5а/1,3,43.1,6.29,5.8865,5.8835,9.032,5.3643,,,2.0291,3.8188
w184989565,Бендеры,Хомутяновка,улица 50 лет ВЛКСМ,5а/4,3,108.4,6.17,5.855,5.8511,8.938,5.3328,,,1.9977,3.7873
w373899387,Бендеры,Хомутяновка,улица 50 лет ВЛКСМ,6,4,15.4,7.17,6.3929,6.3887,9.978,5.8445,,,2.5094,4.299
n3773251959,Бендеры,Хомутяновка,улица 50 лет ВЛКСМ,6а,3,15.2,6.94,6.3985,6.3942,9.867,5.8501,,,2.515,4.3046
w373899213,Бендеры,Хомутяновка,улица 50 лет ВЛКСМ,6а,3,21.0,8.21,5.9638,5.9595,10.068,5.9638,,,2.6419,4.4315
n4162783293,Бендеры,Хомутяновка,улица 50 лет ВЛКСМ,7а,4,9.0,6.95,5.991,5.9866,9.467,5.991,,,2.6595,4.4491
n8929118892,Бендеры,Хомутяновка,улица 50 лет ВЛКСМ,7а,4,10.6,6.98,6.0101,6.0056,9.501,5.9756,,,2.6405,4.4301
w209273607,Бендеры,Хомутяновка,улица 50 лет ВЛКСМ,7а,4,16.1,7.84,6.6681,6.6634,10.587,6.1197,,,2.7846,4.5742
w209273604,Бендеры,Хомутяновка,улица 50 лет ВЛКСМ,11,4,33.1,7.14,6.3757,6.3715,9.943,5.8273,,,2.4922,4.2818
w209273610,Бендеры,Хомутяновка,улица 50 лет ВЛКСМ,13,3,18.4,6.6,6.0127,6.0096,9.311,5.3049,,,1.9698,3.7595
w516134057,Бендеры,Борисовка,улица 50 лет ВЛКСМ,19а,3,5.5,6.18,5.9445,5.9416,9.035,5.1986,,,1.8635,3.6531
w317148591,Бендеры,Борисовка,улица 50 лет ВЛКСМ,21,3,13.9,6.28,5.9833,5.9803,9.121,5.2374,,,1.9022,3.6919
w317148594,Бендеры,Борисовка,улица 50 лет ВЛКСМ,25,3,14.1,6.41,6.0371,6.034,9.24,5.2912,,,1.9561,3.7457
w317148596,Бендеры,Борисовка,улица 50 лет ВЛКСМ,27,3,14.5,6.44,6.0536,6.0505,9.276,5.3077,,,1.9726,3.7622
w317148597,Бендеры,Борисовка,улица 50 лет ВЛКСМ,29,3,19.9,6.51,6.0796,6.0764,9.333,5.3337,,,1.9986,3.7882
w317148599,Бендеры,Борисовка,улица 50 лет ВЛКСМ,31,3,17.6,6.53,6.0875,6.0843,9.351,5.3416,,,2.0065,3.7961
w209273637,Бендеры,Борисовка,улица 50 лет ВЛКСМ,50,3,13.7,6.57,6.0618,6.0588,9.345,5.2237,,,1.8886,3.6783
w209273585,Бендеры,Хомутяновка,улица 50 лет ВЛКСМ,50а,3,17.1,6.48,5.9893,5.9862,9.228,5.2815,,,1.9464,3.736
w304053793,Бендеры,Хомутяновка,улица 50 лет ВЛКСМ,52б,3,27.3,5.92,5.7543,5.7513,8.714,5.7543,,,2.0313,3.8209
w161058100,Бендеры,Хомутяновка,улица Академика Фёдорова,3,1,15.3,2.29,1.3544,1.3521,2.499,1.3544,,,4.0898,2.6068
w161058096,Бендеры,Хомутяновка,улица Академика Фёдорова,5,1,18.0,2.32,1.4735,1.4711,2.634,1.4386,,,4.209,2.726
w222774404,Бендеры,Хомутяновка,улица Академика Фёдорова,16,1,17.5,1.95,1.3179,1.3156,2.291,1.283,,,4.0533,2.5703
w222774405,Бендеры,Хомутяновка,улица Академика Фёдорова,16,1,14.9,2.0,1.3519,1.3496,2.353,1.244,,,4.0873,2.6043
w222774403,Бендеры,Хомутяновка,улица Академика Фёдорова,18,1,13.1,2.41,1.4397,1.4372,2.645,1.4047,,,4.1751,2.6921
w222774402,Бендеры,Хомутяновка,улица Академика Фёдорова,20,1,19.7,2.17,1.4103,1.408,2.495,1.3754,,,4.1458,2.6628
w222774401,Бендеры,Хомутяновка,улица Академика Фёдорова,24,1,20.8,2.25,1.4447,1.4424,2.571,1.4098,,,4.1802,2.6972
w222774400,Бендеры,Хомутяновка,улица Академика Фёдорова,26,1,21.5,2.35,1.485,1.4826,2.659,1.4501,,,4.2205,2.7375
w222774399,Бендеры,Хомутяновка,улица Академика Фёдорова,28,1,19.9,2.44,1.5231,1.5207,2.743,1.4881,,,4.2585,2.7755
w136395357,Бендеры,Хомутяновка,улица Академика Фёдорова,30,1,31.1,2.51,1.5513,1.5489,2.805,1.5164,,,4.2867,2.8037
w319223038,Бендеры,Борисовка,улица Богдана Хмельницкого,1,4,10.9,7.0,6.4421,6.4385,9.945,5.1659,,,1.8308,3.6205
n2322112854,Бендеры,Борисовка,улица Богдана Хмельницкого,2,4,7.3,6.98,6.4332,6.4297,9.925,5.1571,,,1.822,3.6116
w209267135,Бендеры,Борисовка,улица Богдана Хмельницкого,3,4,13.0,6.67,6.2743,6.2713,9.608,4.9126,,,1.5775,3.3672
w209267157,Бендеры,Борисовка,улица Богдана Хмельницкого,16,4,21.8,6.4,6.2697,6.2668,9.469,4.851,,,1.5159,3.3055
w318071344,Бендеры,Борисовка,улица Богдана Хмельницкого,18,4,37.3,6.39,6.2572,6.2543,9.451,4.8634,,,1.5283,3.3179
w318071347,Бендеры,Борисовка,улица Богдана Хмельницкого,19,4,12.3,6.61,6.279,6.2759,9.586,5.0028,,,1.6677,3.4573
w209267146,Бендеры,Борисовка,улица Богдана Хмельницкого,20,4,21.3,6.37,6.2398,6.2369,9.425,4.8809,,,1.5458,3.3354
w318071350,Бендеры,Борисовка,улица Богдана Хмельницкого,21,4,13.6,6.61,6.28,6.2769,9.588,5.0039,,,1.6688,3.4584
w209267170,Бендеры,Борисовка,улица Богдана Хмельницкого,22,4,20.8,6.35,6.2241,6.2212,9.401,4.8966,,,1.5615,3.3511
w209267180,Бендеры,Борисовка,улица Богдана Хмельницкого,24,4,7.8,6.47,6.2196,6.2166,9.455,4.9434,,,1.6083,3.3979
w318072376,Бендеры,Борисовка,улица Богдана Хмельницкого,24,4,10.4,6.69,6.3129,6.3096,9.66,5.0367,,,1.7016,3.4912
w209267156,Бендеры,Борисовка,улица Богдана Хмельницкого,26,4,12.9,6.47,6.219,6.216,9.453,4.9428,,,1.6077,3.3974
w209267127,Бендеры,Борисовка,улица Богдана Хмельницкого,28,4,21.3,6.31,6.1715,6.1686,9.325,4.9491,,,1.614,3.4036
w315109552,Бендеры,Хомутяновка,улица Бориса Главана,3,3,15.2,4.68,4.328,4.325,6.666,4.328,,,3.5391,5.5805
w315109554,Бендеры,Хомутяновка,улица Бориса Главана,5,3,14.8,4.72,4.3105,4.3074,6.671,4.3105,,,3.5216,5.5629
w315109553,Бендеры,Хомутяновка,улица Бориса Главана,5а,3,22.4,4.75,4.2761,4.2731,6.649,4.2761,,,3.5823,5.5286
w319386246,Бендеры,Хомутяновка,улица Бориса Главана,7,3,12.6,4.87,4.3749,4.3717,6.812,4.3749,,,3.586,5.6273
w319386245,Бендеры,Хомутяновка,улица Бориса Главана,9,3,15.1,4.97,4.4143,4.411,6.899,4.4143,,,3.6254,5.6667
w352314379,Бендеры,Хомутяновка,улица Бориса Главана,11,3,16.3,5.06,4.4535,4.4501,6.986,4.4535,,,3.6646,5.7059
w352314370,Бендеры,Хомутяновка,улица Бориса Главана,13,3,16.6,5.18,4.5029,4.4994,7.094,4.5029,,,3.7141,5.7554
w352314367,Бендеры,Хомутяновка,улица Бориса Главана,15,3,15.6,5.26,4.5377,4.5341,7.17,4.5377,,,3.7489,5.7902
w304088451,Бендеры,Хомутяновка,улица Бориса Главана,16,3,26.1,4.72,4.3461,4.343,6.706,4.3461,,,3.5573,5.5986
w352314365,Бендеры,Хомутяновка,улица Бориса Главана,17,3,23.8,5.31,4.5574,4.5538,7.213,4.5574,,,3.7686,5.8099
w304088450,Бендеры,Хомутяновка,улица Бориса Главана,18,3,17.2,4.68,4.3291,4.326,6.669,4.3291,,,3.5402,5.5815
w352313738,Бендеры,Хомутяновка,улица Бориса Главана,19,3,16.3,5.47,4.6125,4.6087,7.347,4.6125,,,3.8236,5.865
w315109561,Бендеры,Хомутяновка,улица Бориса Главана,20,3,15.8,4.74,4.3172,4.3142,6.686,4.3172,,,3.5283,5.5696
w315109559,Бендеры,Хомутяновка,улица Бориса Главана,22,3,27.2,4.77,4.3303,4.3272,6.714,4.3303,,,3.5414,5.5827
n4988630721,Бендеры,Хомутяновка,улица Бориса Главана,24,3,19.1,4.82,4.3511,4.3479,6.759,4.3511,,,3.5622,5.6035
w318406787,Бендеры,Хомутяновка,улица Бориса Главана,24а,3,19.6,4.97,4.4155,4.4122,6.902,4.4155,,,3.6266,5.668
w318406793,Бендеры,Хомутяновка,улица Бориса Главана,32а,3,16.8,5.61,4.6368,4.6329,7.439,4.6368,,,3.732,5.8892
w320343108,Бендеры,Хомутяновка,улица Бориса Главана,34,3,18.4,5.66,4.6584,4.6545,7.487,4.6584,,,3.7104,5.9108
w352285322,Бендеры,Хомутяновка,улица Бориса Главана,40,3,16.8,5.44,4.5989,4.5951,7.316,4.5989,,,3.81,5.8513
w352314106,Бендеры,Хомутяновка,улица Бориса Главана,42,3,16.7,5.46,4.6103,4.6065,7.342,4.6103,,,3.8214,5.8627
w352314156,Бендеры,Хомутяновка,улица Бориса Главана,44,3,21.1,5.6,4.6677,4.6638,7.468,4.6677,,,3.8788,5.9201
w285071411,Бендеры,Хомутяновка,улица Бориса Главана,46,3,14.9,5.74,4.724,4.7199,7.592,4.724,,,3.9351,5.9764
w304088445,Бендеры,Хомутяновка,улица Бориса Главана,47,3,16.4,4.61,4.3446,4.3417,6.65,4.3446,,,3.4409,5.5971
w285071413,Бендеры,Хомутяновка,улица Бориса Главана,48,3,24.4,5.82,4.7598,4.7557,7.671,4.7598,,,3.9709,6.0123
w304088447,Бендеры,Хомутяновка,улица Бориса Главана,49,3,15.7,4.6,4.3294,4.3265,6.629,4.3294,,,3.4561,5.5819
w352365957,Бендеры,Хомутяновка,улица Бориса Главана,50,3,20.2,5.86,4.7768,4.7726,7.709,4.7768,,,3.9879,6.0293
w304088449,Бендеры,Хомутяновка,улица Бориса Главана,51,3,18.8,4.58,4.312,4.309,6.603,4.312,,,3.4736,5.5644
w352365954,Бендеры,Хомутяновка,улица Бориса Главана,52,3,17.8,5.93,4.8045,4.8003,7.77,4.8045,,,4.0156,6.057
w315109562,Бендеры,Хомутяновка,улица Бориса Главана,144,3,14.9,4.59,4.3259,4.3229,6.623,4.3259,,,3.4597,5.5783
w302369880,Бендеры,Хомутяновка,улица Бородина,1,3,16.5,5.77,5.3291,5.326,8.213,5.3291,,,2.722,4.5116
w302369881,Бендеры,Хомутяновка,улица Бородина,1,3,14.3,5.81,5.3467,5.3435,8.252,5.3467,,,2.7395,4.5291
w209287633,Бендеры,Хомутяновка,улица Бородина,2,3,12.1,5.69,5.2068,5.2034,8.05,5.2068,,,2.7135,4.5031
w209287684,Бендеры,Хомутяновка,улица Бородина,2,3,10.8,5.66,5.1636,5.1606,7.993,5.1636,,,2.7638,4.5534
w302074745,Бендеры,Хомутяновка,улица Бородина,7,3,18.2,5.83,5.1565,5.1533,8.072,5.1565,,,2.8095,4.5992
w209287662,Бендеры,Хомутяновка,улица Бородина,9,3,19.2,5.36,5.158,5.1551,7.841,5.158,,,2.6276,4.4172
w295088583,Бендеры,Хомутяновка,улица Бородина,9,3,25.2,5.79,5.1388,5.1357,8.034,5.1388,,,2.8272,4.6168
w209287658,Бендеры,Хомутяновка,улица Бородина,13,3,19.9,5.33,5.1143,5.1114,7.778,5.1143,,,2.6712,4.4608
w295998442,Бендеры,Хомутяновка,улица Бородина,13,3,21.0,5.65,5.0802,5.0771,7.904,5.0802,,,2.994,4.7836
w295998440,Бендеры,Хомутяновка,улица Бородина,15,3,19.4,5.61,5.0642,5.0611,7.869,5.0642,,,2.9781,4.7677
n2321994021,Бендеры,Хомутяновка,улица Бородина,17,3,13.6,5.54,5.0373,5.0342,7.81,5.0373,,,2.9512,4.7408
w209654275,Бендеры,Хомутяновка,улица Бородина,17,3,13.7,5.61,5.0641,5.061,7.868,5.0641,,,2.978,4.7676
w209287645,Бендеры,Хомутяновка,улица Бородина,78,3,23.0,5.39,5.18,5.1771,7.873,5.18,,,2.6055,4.3952
w209287674,Бендеры,Хомутяновка,улица Бородина,80,3,22.1,5.37,5.1652,5.1623,7.851,5.1652,,,2.6203,4.4099
w209287638,Бендеры,Хомутяновка,улица Бородина,82,3,22.0,5.36,5.1502,5.1473,7.829,5.1502,,,2.6353,4.4249
w209287699,Бендеры,Хомутяновка,улица Бородина,84,3,21.5,5.35,5.1367,5.1337,7.81,5.1367,,,2.6489,4.4385
w318051676,Бендеры,Борисовка,улица Гастелло,1,2,11.6,6.67,4.2329,4.2283,7.569,4.2329,,,0.8978,2.6874
w318051675,Бендеры,Борисовка,улица Гастелло,2,2,15.4,6.74,4.2618,4.2571,7.632,4.2618,,,0.9267,2.7163
w318051677,Бендеры,Борисовка,улица Гастелло,3,2,17.0,6.71,4.2483,4.2437,7.602,4.2483,,,0.9132,2.7028
w318051682,Бендеры,Борисовка,улица Гастелло,4,2,16.3,6.78,4.2785,4.2739,7.668,4.2785,,,0.9434,2.733
w318051680,Бендеры,Борисовка,улица Гастелло,5,2,13.5,6.75,4.2633,4.2587,7.636,4.2633,,,0.9282,2.7179
w318051685,Бендеры,Борисовка,улица Гастелло,6,2,17.3,6.81,4.2925,4.2878,7.7,4.2925,,,0.9573,2.747
w318051681,Бендеры,Борисовка,улица Гастелло,7,2,13.8,6.78,4.2796,4.2749,7.671,4.2796,,,0.9445,2.7341
w318051687,Бендеры,Борисовка,улица Гастелло,8,2,15.7,6.85,4.3068,4.3021,7.731,4.3068,,,0.9717,2.7613
w318051683,Бендеры,Борисовка,улица Гастелло,9,2,14.8,6.82,4.2935,4.2888,7.702,4.2935,,,0.9584,2.748
w318051690,Бендеры,Борисовка,улица Гастелло,10,2,20.4,6.89,4.3224,4.3177,7.766,4.3224,,,0.9873,2.7769
w318051686,Бендеры,Борисовка,улица Гастелло,11,2,15.7,6.85,4.3087,4.304,7.735,4.3087,,,0.9736,2.7632
w318057739,Бендеры,Борисовка,улица Гастелло,12,2,15.1,6.92,4.3351,4.3304,7.793,4.3351,,,1.0,2.7896
w318051691,Бендеры,Борисовка,улица Гастелло,13,2,16.6,6.89,4.3226,4.318,7.766,4.3226,,,0.9875,2.7772
w318057740,Бендеры,Борисовка,улица Гастелло,14,2,17.9,6.96,4.3532,4.3485,7.833,4.3532,,,1.0181,2.8077
w318051694,Бендеры,Борисовка,улица Гастелло,15,2,23.2,6.92,4.3375,4.3328,7.799,4.3375,,,1.0024,2.792
w318057742,Бендеры,Борисовка,улица Гастелло,16,2,13.9,6.99,4.3652,4.3605,7.859,4.3652,,,1.0301,2.8197
w318057744,Бендеры,Борисовка,улица Гастелло,17,2,17.9,6.96,4.354,4.3493,7.835,4.354,,,1.0189,2.8086
w318057743,Бендеры,Борисовка,улица Гастелло,18,2,14.2,7.03,4.3809,4.3762,7.894,4.3809,,,1.0458,2.8354
w318057745,Бендеры,Борисовка,улица Гастелло,19,2,22.5,6.99,4.3664,4.3617,7.862,4.3664,,,1.0313,2.8209
w318058440,Бендеры,Борисовка,улица Гастелло,21,2,16.6,7.03,4.3825,4.3777,7.898,4.3825,,,1.0474,2.837
w318058441,Бендеры,Борисовка,улица Гастелло,23,3,12.8,7.04,4.7035,4.6971,8.226,4.7035,,,1.3684,3.158
w222764128,Бендеры,Хомутяновка,улица Георге Асаке,8,2,72.9,3.94,2.4511,2.4489,4.422,2.4511,,,5.1866,3.7036
n2322107957,Бендеры,Борисовка,улица Герцена,1,4,8.1,7.53,6.6465,6.6428,10.412,4.868,,,1.5329,3.3225
w319226856,Бендеры,Борисовка,улица Герцена,2,4,16.7,7.49,6.7108,6.7072,10.456,4.8365,,,1.5014,3.291
w319226855,Бендеры,Борисовка,улица Герцена,4,4,17.5,7.52,6.7225,6.7189,10.482,4.8482,,,1.5131,3.3027
w319226853,Бендеры,Борисовка,улица Герцена,6,4,15.2,7.54,6.6484,6.6447,10.417,4.866,,,1.5309,3.3205
w319226848,Бендеры,Борисовка,улица Герцена,8,4,18.6,7.5,6.6316,6.6279,10.379,4.8829,,,1.5478,3.3374
w319226838,Бендеры,Борисовка,улица Герцена,9,4,14.8,7.42,6.6001,6.5964,10.31,4.9144,,,1.5793,3.3689
n2322112853,Бендеры,Борисовка,улица Герцена,17,4,10.5,7.24,6.5265,6.5228,10.148,4.988,,,1.6529,3.4425
n2337326463,Бендеры,Борисовка,улица Глядковской,1,3,17.0,7.19,4.495,4.4898,8.092,4.495,,,1.1599,2.9495
n2337326464,Бендеры,Борисовка,улица Глядковской,3,2,0.2,7.03,4.425,4.4196,7.938,4.425,,,1.0899,2.8796
n2337326466,Бендеры,Борисовка,улица Глядковской,7,2,11.5,6.56,4.2318,4.227,7.513,4.2318,,,0.8967,2.6863
w297047597,Бендеры,Борисовка,улица Глядковской,7,2,78.6,6.53,4.2184,4.2136,7.484,4.2184,,,0.8833,2.6729
w316026073,Бендеры,Борисовка,улица Глядковской,7,2,45.2,7.08,4.3348,4.33,7.873,4.3348,,,0.9997,2.7893
w316026076,Бендеры,Борисовка,улица Глядковской,7,2,7.4,6.5,4.2045,4.1998,7.454,4.2045,,,0.8694,2.6591
w306219481,Бендеры,Борисовка,улица Глядковской,7а,2,61.5,6.61,4.2505,4.2457,7.555,4.2505,,,0.9154,2.705
w223680351,Бендеры,Борисовка,улица Глядковской,9,2,18.0,6.31,4.1264,4.1218,7.281,4.1264,,,0.7913,2.581
w223680911,Бендеры,Борисовка,улица Глядковской,9а,2,18.2,6.38,4.1541,4.1494,7.342,4.1541,,,0.819,2.6086
w316026074,Бендеры,Борисовка,улица Глядковской,9б,2,52.6,7.14,4.3503,4.3455,7.919,4.3503,,,1.0152,2.8048
w223680282,Бендеры,Борисовка,улица Глядковской,11,2,21.8,6.22,4.0874,4.0828,7.196,4.0874,,,0.7523,2.5419
w306219488,Бендеры,Борисовка,улица Глядковской,12а,2,17.0,6.06,4.0189,4.0144,7.046,4.0189,,,0.6838,2.4734
w306219489,Бендеры,Борисовка,улица Глядковской,14,2,17.7,6.0,3.9968,3.9924,6.997,3.9968,,,0.6617,2.4513
w317149178,Бендеры,Хомутяновка,улица Гоголя,1,4,20.3,6.66,6.1953,6.1915,9.524,5.6469,,,2.3118,4.1014
w318070643,Бендеры,Хомутяновка,улица Гоголя,2,4,12.7,6.73,6.2273,6.2236,9.594,5.6789,,,2.3438,4.1335
w317149177,Бендеры,Хомутяновка,улица Гоголя,3,4,18.9,6.7,6.2129,6.2091,9.562,5.6645,,,2.3294,4.1191
w318070647,Бендеры,Хомутяновка,улица Гоголя,4,3,8.4,6.72,5.8883,5.8846,9.251,5.6951,,,2.36,4.1496
w317149174,Бендеры,Хомутяновка,улица Гоголя,5,4,23.6,6.74,6.2301,6.2263,9.6,5.6817,,,2.3466,4.1362
w318070648,Бендеры,Хомутяновка,улица Гоголя,6,3,14.7,6.69,5.8739,5.8702,9.219,5.7095,,,2.3744,4.164
w317149169,Бендеры,Хомутяновка,улица Гоголя,7,3,21.2,6.72,5.8871,5.8834,9.248,5.6962,,,2.3611,4.1508
w318070642,Бендеры,Хомутяновка,улица Гоголя,8,3,25.1,6.65,5.8573,5.8536,9.182,5.7261,,,2.391,4.1806
w317149168,Бендеры,Хомутяновка,улица Гоголя,9,3,22.1,6.69,5.8724,5.8687,9.216,5.711,,,2.3759,4.1655
w318070638,Бендеры,Хомутяновка,улица Гоголя,10,3,26.7,6.61,5.843,5.8393,9.15,5.7404,,,2.4053,4.1949
w317149167,Бендеры,Хомутяновка,улица Гоголя,11,3,21.5,6.65,5.8573,5.8536,9.182,5.7261,,,2.391,4.1806
w317149166,Бендеры,Хомутяновка,улица Гоголя,13,3,19.7,6.61,5.8407,5.837,9.146,5.7427,,,2.4076,4.1972
w318070633,Бендеры,Хомутяновка,улица Гоголя,14,3,9.9,6.61,5.8169,5.8132,9.122,5.8169,,,2.4583,4.2479
w318070632,Бендеры,Хомутяновка,улица Гоголя,16,3,9.8,6.64,5.7666,5.7629,9.088,5.7666,,,2.4767,4.2663
w318070628,Бендеры,Хомутяновка,улица Гоголя,18,3,10.9,6.6,5.7502,5.7466,9.052,5.7502,,,2.493,4.2827
w317051479,Бендеры,Хомутяновка,улица Гоголя,19,3,18.3,6.64,5.7649,5.7612,9.084,5.7649,,,2.4784,4.268
w318070625,Бендеры,Хомутяновка,улица Гоголя,20,3,12.0,6.56,5.7338,5.7301,9.015,5.7338,,,2.5095,4.2991
w317051473,Бендеры,Хомутяновка,улица Гоголя,21,3,19.0,6.6,5.7501,5.7465,9.052,5.7501,,,2.4931,4.2828
w317149194,Бендеры,Хомутяновка,улица Гоголя,22,3,11.4,6.52,5.7168,5.7131,8.978,5.7168,,,2.5265,4.3161
w317051468,Бендеры,Хомутяновка,улица Гоголя,23,3,19.7,6.56,5.7331,5.7294,9.014,5.7331,,,2.5102,4.2998
w317149190,Бендеры,Хомутяновка,улица Гоголя,24,3,12.1,6.49,5.7016,5.6979,8.945,5.7016,,,2.5417,4.3313
w317051471,Бендеры,Хомутяновка,улица Гоголя,25,3,37.8,6.53,5.7184,5.7147,8.982,5.7184,,,2.5249,4.3145
w317149187,Бендеры,Хомутяновка,улица Гоголя,26,3,9.8,6.45,5.6872,5.6835,8.913,5.6872,,,2.5561,4.3457
w317051463,Бендеры,Хомутяновка,улица Гоголя,27,3,17.9,6.49,5.7015,5.6978,8.945,5.7015,,,2.5418,4.3314
w317051459,Бендеры,Хомутяновка,улица Гоголя,29,3,19.2,6.44,5.6847,5.681,8.907,5.6847,,,2.5586,4.3483
w316785294,Бендеры,Хомутяновка,улица Гоголя,32,3,11.0,6.49,5.6784,5.6747,8.923,5.6784,,,2.736,4.5256
w316759508,Бендеры,Хомутяновка,улица Гоголя,34,3,11.0,6.48,5.6101,5.6064,8.852,5.6101,,,2.7533,4.5429
w316785291,Бендеры,Хомутяновка,улица Гоголя,35,3,19.8,6.5,5.6815,5.6778,8.93,5.6815,,,2.7391,4.5288
w316759464,Бендеры,Хомутяновка,улица Гоголя,36,3,10.8,6.45,5.5951,5.5914,8.818,5.5951,,,2.7683,4.5579
w316785290,Бендеры,Хомутяновка,улица Гоголя,37,3,22.6,6.47,5.6055,5.6018,8.841,5.6055,,,2.7579,4.5475
w316759219,Бендеры,Хомутяновка,улица Гоголя,38,3,22.2,6.39,5.5735,5.5698,8.771,5.5735,,,2.7899,4.5795
w316759038,Бендеры,Хомутяновка,улица Гоголя,39,3,18.5,6.44,5.5916,5.5879,8.811,5.5916,,,2.7718,4.5614
w316759216,Бендеры,Хомутяновка,улица Гоголя,40,3,11.5,6.36,5.5602,5.5566,8.742,5.5602,,,2.9141,4.7037
w316758839,Бендеры,Хомутяновка,улица Гоголя,41,3,17.0,6.41,5.5773,5.5736,8.78,5.5773,,,2.7861,4.5757
w316759045,Бендеры,Хомутяновка,улица Гоголя,42,3,17.6,6.32,5.5425,5.5388,8.703,5.5425,,,2.8963,4.6859
w316758835,Бендеры,Хомутяновка,улица Гоголя,43,3,21.8,6.37,5.5626,5.5589,8.747,5.5626,,,2.8008,4.5905
w316759046,Бендеры,Хомутяновка,улица Гоголя,44,3,12.0,6.27,5.5221,5.5184,8.658,5.5221,,,2.8759,4.6655
w316665821,Бендеры,Хомутяновка,улица Гоголя,45,3,17.3,6.32,5.5417,5.538,8.701,5.5417,,,2.8955,4.6851
w315618168,Бендеры,Хомутяновка,улица Гоголя,46,3,12.2,6.33,5.5226,5.5189,8.688,5.5226,,,2.8764,4.666
w315618169,Бендеры,Хомутяновка,улица Гоголя,48,3,15.3,6.37,5.5406,5.5369,8.727,5.5406,,,2.8944,4.6841
w315618156,Бендеры,Хомутяновка,улица Гоголя,49,3,18.0,6.33,5.5238,5.5201,8.69,5.5238,,,2.8777,4.6673
w315807232,Бендеры,Хомутяновка,улица Гоголя,50,3,16.3,6.39,5.4507,5.447,8.644,5.4507,,,2.9119,4.7015
w315618162,Бендеры,Хомутяновка,улица Гоголя,51,3,16.4,6.38,5.5415,5.5379,8.729,5.5415,,,2.8954,4.685
w315851303,Бендеры,Хомутяновка,улица Гоголя,52,3,13.3,6.34,5.4331,5.4294,8.606,5.4331,,,2.9295,4.7191
w315618163,Бендеры,Хомутяновка,улица Гоголя,53,3,19.8,6.39,5.4509,5.4472,8.644,5.4509,,,2.9117,4.7013
w315851304,Бендеры,Хомутяновка,улица Гоголя,54,3,18.2,6.3,5.4157,5.4121,8.567,5.4157,,,2.9468,4.7365
w315618164,Бендеры,Хомутяновка,улица Гоголя,55,3,17.3,6.35,5.4364,5.4328,8.613,5.4364,,,2.9262,4.7158
w315851301,Бендеры,Хомутяновка,улица Гоголя,56,3,18.6,6.26,5.3995,5.3959,8.531,5.3995,,,2.963,4.7527
w315618152,Бендеры,Хомутяновка,улица Гоголя,57,3,16.2,6.31,5.4167,5.413,8.569,5.4167,,,2.9459,4.7356
w315851305,Бендеры,Хомутяновка,улица Гоголя,58,3,20.1,6.23,5.3841,5.3805,8.497,5.3841,,,3.1204,4.9101
w315618153,Бендеры,Хомутяновка,улица Гоголя,59,3,33.1,6.26,5.3969,5.3932,8.526,5.3969,,,2.9657,4.7553
w315851312,Бендеры,Хомутяновка,улица Гоголя,60,3,15.8,6.18,5.3646,5.3609,8.455,5.3646,,,3.1009,4.8905
w315618151,Бендеры,Хомутяновка,улица Гоголя,61,3,15.0,6.22,5.3819,5.3782,8.493,5.3819,,,3.1181,4.9078
w315851314,Бендеры,Хомутяновка,улица Гоголя,62,3,13.7,6.13,5.3445,5.3408,8.41,5.3445,,,3.0808,4.8704
w315618136,Бендеры,Хомутяновка,улица Гоголя,63,3,17.6,6.18,5.363,5.3593,8.451,5.363,,,3.0993,4.8889
w315618134,Бендеры,Хомутяновка,улица Гоголя,65,3,22.6,6.14,5.347,5.3433,8.416,5.347,,,3.0833,4.8729
w315807206,Бендеры,Хомутяновка,улица Гоголя,68,3,12.7,6.22,5.3568,5.3531,8.468,5.3568,,,3.0931,4.8827
w315425228,Бендеры,Хомутяновка,улица Гоголя,69,3,12.5,6.23,5.3609,5.3572,8.478,5.3609,,,3.0972,4.8868
w315807207,Бендеры,Хомутяновка,улица Гоголя,70,3,9.8,6.25,5.3687,5.365,8.495,5.3687,,,3.105,4.8946
w315425242,Бендеры,Хомутяновка,улица Гоголя,73,3,13.8,6.27,5.3754,5.3717,8.51,5.3754,,,3.1117,4.9013
w211496773,Бендеры,Хомутяновка,улица Дзержинского,12,1,40.8,2.42,1.4457,1.4438,2.655,1.4457,,,4.1812,2.6982
w291423975,Бендеры,Хомутяновка,улица Дзержинского,36,1,35.1,1.89,1.2239,1.222,2.167,1.2239,,,3.9594,2.4764
w291423977,Бендеры,Хомутяновка,улица Дзержинского,38,1,35.6,1.97,1.2567,1.2547,2.239,1.2567,,,3.9921,2.5091
w290851735,Бендеры,Хомутяновка,улица Дзержинского,42,1,27.4,2.12,1.3203,1.3184,2.379,1.3203,,,4.0558,2.5728
w290851733,Бендеры,Хомутяновка,улица Дзержинского,42A,1,25.8,2.06,1.2967,1.2947,2.328,1.2967,,,4.0321,2.5491
w222767138,Бендеры,Хомутяновка,улица Дзержинского,46,1,28.1,2.56,1.507,1.5051,2.789,1.507,,,4.2424,2.7594
w209416057,Бендеры,Хомутяновка,улица Добродеева,1,3,13.2,5.28,4.8947,4.8916,7.533,4.8947,,,2.98,4.7696
w315425259,Бендеры,Хомутяновка,улица Добродеева,2,3,17.3,5.78,5.1058,5.1022,7.996,5.1058,,,3.1912,4.9808
w209416077,Бендеры,Хомутяновка,улица Добродеева,3,3,15.2,5.31,4.9091,4.9061,7.564,4.9091,,,2.9945,4.7841
w318083426,Бендеры,Хомутяновка,улица Добродеева,4,3,12.9,6.02,5.3125,5.3084,8.322,5.3125,,,3.573,5.3626
w209416021,Бендеры,Хомутяновка,улица Добродеева,5,3,14.8,5.34,4.9236,4.9205,7.596,4.9236,,,3.009,4.7986
w209416026,Бендеры,Хомутяновка,улица Добродеева,7,3,15.1,5.38,4.9363,4.9331,7.624,4.9363,,,3.0216,4.8112
w209416056,Бендеры,Хомутяновка,улица Добродеева,9,3,15.6,5.41,4.9503,4.9464,7.654,4.9503,,,3.0356,4.8253
w209416015,Бендеры,Хомутяновка,улица Добродеева,11,3,15.6,5.44,4.9644,4.9612,7.685,4.9644,,,3.0498,4.8394
w209416050,Бендеры,Хомутяновка,улица Добродеева,13,3,14.7,5.48,4.9788,4.9756,7.717,4.9788,,,3.0642,4.8538
w209416072,Бендеры,Хомутяновка,улица Добродеева,15,3,14.4,5.51,4.9915,4.9882,7.745,4.9915,,,3.0768,4.8665
w209416033,Бендеры,Хомутяновка,улица Добродеева,17,3,14.3,5.54,5.0049,5.0015,7.774,5.0049,,,3.0902,4.8798
w209416059,Бендеры,Хомутяновка,улица Добродеева,19,3,10.2,5.56,5.0161,5.0127,7.799,5.0161,,,3.1014,4.8911
w318044640,Бендеры,Хомутяновка,улица Добродеева,21,3,12.5,5.75,5.0927,5.0891,7.967,5.0927,,,3.178,4.9676
w318044639,Бендеры,Хомутяновка,улица Добродеева,23,3,11.9,5.78,5.1071,5.1035,7.999,5.1071,,,3.1924,4.9821
w318044638,Бендеры,Хомутяновка,улица Добродеева,25,3,12.6,5.82,5.1219,5.1183,8.031,5.1219,,,3.2073,4.9969
w318044637,Бендеры,Хомутяновка,улица Добродеева,27,3,14.0,5.85,5.135,5.1313,8.06,5.135,,,3.2203,5.01
w318044635,Бендеры,Хомутяновка,улица Добродеева,29,3,12.3,5.89,5.1498,5.1461,8.094,5.1498,,,3.2352,5.0248
w318044453,Бендеры,Хомутяновка,улица Добродеева,31,3,11.9,5.92,5.165,5.1613,8.127,5.165,,,3.2504,5.04
w318043422,Бендеры,Хомутяновка,улица Добродеева,33,3,11.2,5.99,5.1921,5.1882,8.186,5.1921,,,3.2774,5.067
n2321855336,Бендеры,Хомутяновка,улица Добродеева,35,3,15.2,6.06,5.2635,5.2595,8.291,5.2635,,,3.3537,5.1433
n2321855335,Бендеры,Хомутяновка,улица Добродеева,37,3,14.1,6.06,5.3275,5.3234,8.355,5.3275,,,3.588,5.3776
w318043420,Бендеры,Хомутяновка,улица Добродеева,59,3,9.5,5.99,5.2514,5.2474,8.247,5.2514,,,3.3008,5.0904
w315108367,Бендеры,Хомутяновка,улица Добродеева,79,3,30.0,5.56,5.0153,5.0119,7.797,5.0153,,,3.1006,4.8902
n4397874158,Бендеры,Хомутяновка,улица Добродеева,79а,3,8.9,5.35,4.9258,4.9227,7.601,4.9258,,,3.0112,4.8008
w315108368,Бендеры,Хомутяновка,улица Добродеева,81,3,12.2,5.59,5.0273,5.0239,7.823,5.0273,,,3.1126,4.9023
w315193134,Бендеры,Хомутяновка,улица Добродеева,82,3,17.2,5.69,5.0694,5.0659,7.916,5.0694,,,3.1547,4.9443
w302074725,Бендеры,Хомутяновка,улица Добродеева,84,3,12.0,5.7,5.0706,5.0671,7.919,5.0706,,,3.1559,4.9455
w209416052,Бендеры,Хомутяновка,улица Добродеева,116,3,21.0,5.12,4.8939,4.891,7.454,4.8939,,,2.8916,4.6813
w209416051,Бендеры,Хомутяновка,улица Добродеева,118,3,21.2,5.11,4.8776,4.8747,7.431,4.8776,,,2.9079,4.6975
w209416089,Бендеры,Хомутяновка,улица Добродеева,120,3,7.9,5.22,4.8706,4.8676,7.48,4.8706,,,2.956,4.7456
n4162783497,Бендеры,Хомутяновка,улица Добродеева,122,3,11.8,5.06,4.833,4.8295,7.365,4.833,,,2.9525,4.7421
w209416036,Бендеры,Хомутяновка,улица Добродеева,122,3,13.1,5.22,4.8708,4.8678,7.48,4.8708,,,2.9561,4.7458
w315618365,Бендеры,Хомутяновка,улица Добродеева,124,3,21.0,5.05,4.8178,4.8149,7.343,4.8178,,,2.9677,4.7574
n2325366582,Бендеры,Борисовка,улица Зои Космодемьянской,1,2,17.2,5.89,3.9373,3.9329,6.881,3.9373,,,0.6022,2.3918
w319141456,Бендеры,Борисовка,улица Зои Космодемьянской,4,2,14.3,5.84,3.7897,3.7855,6.708,3.7897,,,0.4546,2.2442
w165763748,Бендеры,Борисовка,улица Зои Космодемьянской,6,2,41.5,5.75,3.7123,3.7083,6.588,3.7123,,,0.3772,2.1668
w116073008,Бендеры,Борисовка,улица Зои Космодемьянской,8-Б,2,48.1,6.37,4.0216,4.0173,7.208,4.0216,,,0.6865,2.4762
w165763747,Бендеры,Борисовка,улица Зои Космодемьянской,8а,2,64.3,6.0,3.8837,3.8795,6.886,3.8837,,,0.5486,2.3382
w321410561,Бендеры,Борисовка,улица Зои Космодемьянской,10/1,2,9.6,6.87,4.1483,4.1438,7.582,4.1483,,,0.8132,2.6029
w165763743,Бендеры,Борисовка,улица Зои Космодемьянской,14,2,22.0,6.42,4.2359,4.2309,7.446,4.2359,,,0.9363,2.6905
w91848279,Бендеры,Борисовка,улица Зои Космодемьянской,16,2,11.8,6.67,4.3748,4.3696,7.708,4.3748,,,1.0752,2.8293
w91848271,Бендеры,Борисовка,улица Зои Космодемьянской,18,2,20.4,6.77,4.4206,4.4153,7.806,4.4206,,,1.121,2.8751
w317148284,Бендеры,Борисовка,улица Зои Космодемьянской,29,2,13.6,5.9,3.9461,3.9417,6.896,3.9461,,,0.611,2.4007
w165765812,Бендеры,Борисовка,улица Зои Космодемьянской,39,2,39.8,6.34,4.4158,4.4107,7.587,4.4158,,,0.8562,2.8703
w91848285,Бендеры,Борисовка,улица Зои Космодемьянской,41,2,15.2,6.63,4.3727,4.3675,7.688,4.3727,,,1.0731,2.8272
w91848293,Бендеры,Борисовка,улица Зои Космодемьянской,43,2,14.4,6.78,4.4097,4.4045,7.799,4.4097,,,1.1101,2.8642
w319141430,Бендеры,Борисовка,улица Зои Космодемьянской,53,2,15.9,5.89,3.8235,3.8193,6.767,3.8235,,,0.4884,2.2781
w317484800,Бендеры,Борисовка,улица Ивана Федько,2,2,17.7,7.01,4.3742,4.3695,7.882,4.3742,,,1.0391,2.8287
w316027892,Бендеры,Борисовка,улица Ивана Федько,3,2,18.8,6.98,4.3578,4.3532,7.846,4.3578,,,1.0227,2.8123
w317484802,Бендеры,Борисовка,улица Ивана Федько,4,2,15.3,7.05,4.3888,4.3841,7.914,4.3888,,,1.0537,2.8434
w316027893,Бендеры,Борисовка,улица Ивана Федько,5,2,15.6,7.01,4.3729,4.3682,7.879,4.3729,,,1.0377,2.8274
w317484803,Бендеры,Борисовка,улица Ивана Федько,6,2,17.3,7.08,4.4034,4.3987,7.946,4.4034,,,1.0683,2.8579
w316027896,Бендеры,Борисовка,улица Ивана Федько,7,2,14.8,7.05,4.3868,4.3822,7.91,4.3868,,,1.0517,2.8414
w317484816,Бендеры,Борисовка,улица Ивана Федько,8,2,18.1,7.12,4.4174,4.4127,7.977,4.4174,,,1.0823,2.8719
w317484798,Бендеры,Борисовка,улица Ивана Федько,9,2,15.3,7.08,4.4017,4.397,7.943,4.4017,,,1.0666,2.8562
w318048547,Бендеры,Борисовка,улица Ивана Федько,10,2,18.1,7.16,4.4359,4.4311,8.018,4.4359,,,1.1008,2.8904
w317484806,Бендеры,Борисовка,улица Ивана Федько,11,2,14.6,7.12,4.4185,4.4137,7.979,4.4185,,,1.0833,2.873
w318048549,Бендеры,Борисовка,улица Ивана Федько,12,2,18.2,7.2,4.4502,4.4455,8.049,4.4502,,,1.1151,2.9048
w317484807,Бендеры,Борисовка,улица Ивана Федько,13,2,13.3,7.16,4.4347,4.4299,8.015,4.4347,,,1.0996,2.8892
w318048550,Бендеры,Борисовка,улица Ивана Федько,14,2,16.5,7.23,4.4646,4.4598,8.08,4.4646,,,1.1295,2.9191
w317484810,Бендеры,Борисовка,улица Ивана Федько,15,2,21.9,7.19,4.4481,4.4434,8.045,4.4481,,,1.113,2.9026
w318048552,Бендеры,Борисовка,улица Ивана Федько,16,2,16.0,7.27,4.4794,4.4746,8.114,4.4794,,,1.1443,2.9339
w318048553,Бендеры,Борисовка,улица Ивана Федько,18,3,18.0,7.25,4.7367,4.7305,8.361,4.7367,,,1.4016,3.1913
n2325366600,Бендеры,Борисовка,улица Ивана Федько,19,2,18.3,7.24,4.4695,4.4647,8.091,4.4695,,,1.1343,2.924
w318048555,Бендеры,Борисовка,улица Ивана Федько,20,3,15.6,7.21,4.722,4.7158,8.329,4.722,,,1.3869,3.1765
w318048554,Бендеры,Борисовка,улица Ивана Федько,22,3,20.7,7.18,4.7068,4.7007,8.295,4.7068,,,1.3717,3.1614
w318051688,Бендеры,Борисовка,улица Ивана Федько,24,3,16.4,7.14,4.6909,4.6847,8.26,4.6909,,,1.3558,3.1454
w318051689,Бендеры,Борисовка,улица Ивана Федько,26,3,17.2,7.11,4.6769,4.6707,8.229,4.6769,,,1.3418,3.1314
w318058436,Бендеры,Борисовка,улица Ивана Федько,28,3,44.9,7.07,4.6616,4.6554,8.196,4.6616,,,1.3265,3.1161
w318058445,Бендеры,Борисовка,улица Ивана Федько,30,3,15.0,7.0,4.6307,4.6245,8.128,4.6307,,,1.2956,3.0852
w318058443,Бендеры,Борисовка,улица Ивана Федько,32,3,12.1,6.97,4.6196,4.6135,8.104,4.6196,,,1.2845,3.0741
w318184631,Бендеры,Борисовка,улица Ивана Федько,35,3,18.5,6.99,4.6279,4.6218,8.122,4.6279,,,1.2928,3.0825
w318185748,Бендеры,Борисовка,улица Ивана Федько,37,3,16.5,6.95,4.6106,4.6045,8.084,4.6106,,,1.2755,3.0652
w318072352,Бендеры,Борисовка,улица Ивана Шимкова,1,4,18.0,6.97,6.4959,6.4927,9.979,4.8667,,,1.5316,3.3212
n2322107940,Бендеры,Борисовка,улица Ивана Шимкова,2,4,19.3,7.01,6.5154,6.5122,10.022,4.8862,,,1.5511,3.3407
w318072351,Бендеры,Борисовка,улица Ивана Шимкова,3,4,16.8,7.0,6.5089,6.5057,10.008,4.8797,,,1.5446,3.3342
w318072344,Бендеры,Борисовка,улица Ивана Шимкова,5,4,22.1,7.01,6.4298,6.4266,9.935,4.8932,,,1.5581,3.3477
w318072345,Бендеры,Борисовка,улица Ивана Шимкова,7,4,15.4,6.97,6.4141,6.4109,9.9,4.9089,,,1.5738,3.3634
w318072346,Бендеры,Борисовка,улица Ивана Шимкова,9,4,14.9,6.94,6.399,6.3958,9.867,4.924,,,1.5889,3.3785
w209267184,Бендеры,Борисовка,улица Ивана Шимкова,10,4,45.1,6.44,6.3128,6.3099,9.532,4.8079,,,1.4728,3.2624
w318072347,Бендеры,Борисовка,улица Ивана Шимкова,11,4,18.3,6.9,6.3838,6.3806,9.834,4.9392,,,1.6041,3.3938
w318072358,Бендеры,Борисовка,улица Ивана Шимкова,13,4,26.1,6.84,6.3582,6.355,9.777,5.082,,,1.7469,3.5365
w318071345,Бендеры,Борисовка,улица Ивана Шимкова,14,4,38.8,6.42,6.288,6.2851,9.495,4.8326,,,1.4975,3.2871
w318071364,Бендеры,Борисовка,улица Ивана Шимкова,15,4,18.5,6.79,6.3399,6.3368,9.737,5.0638,,,1.7287,3.5183
w318071363,Бендеры,Борисовка,улица Ивана Шимкова,17,4,14.9,6.76,6.3275,6.3243,9.709,5.0513,,,1.7162,3.5059
n2322107942,Бендеры,Борисовка,улица Ивана Шимкова,22,4,17.0,6.76,6.3255,6.3223,9.706,5.0494,,,1.7143,3.5039
w318071348,Бендеры,Борисовка,улица Ивана Шимкова,23,4,15.4,6.73,6.2752,6.272,9.639,5.0505,,,1.7154,3.505
w318071349,Бендеры,Борисовка,улица Ивана Шимкова,25,4,16.0,6.7,6.2637,6.2605,9.614,5.098,,,1.7629,3.5525
w318072382,Бендеры,Борисовка,улица Ивана Шимкова,26,4,12.6,6.73,6.2755,6.2723,9.64,5.0502,,,1.7151,3.5047
w317055545,Бендеры,Борисовка,улица Ивана Шимкова,27,4,11.1,6.58,6.229,6.2258,9.517,5.0633,,,1.7282,3.5178
n6428859910,Бендеры,Борисовка,улица Ивана Шимкова,27А,4,12.1,6.55,6.2193,6.2162,9.496,5.0536,,,1.7185,3.5081
w318072377,Бендеры,Борисовка,улица Ивана Шимкова,28,4,12.1,6.7,6.2617,6.2585,9.61,5.096,,,1.7609,3.5505
w317055544,Бендеры,Борисовка,улица Ивана Шимкова,29,4,17.7,6.77,6.2726,6.2694,9.657,5.1069,,,1.7718,3.5614
w318072372,Бендеры,Борисовка,улица Ивана Шимкова,30,4,10.4,6.64,6.2567,6.2535,9.578,5.091,,,1.7559,3.5455
w317055542,Бендеры,Борисовка,улица Ивана Шимкова,31,4,16.9,6.78,6.2018,6.1986,9.593,5.121,,,1.7859,3.5755
w318072374,Бендеры,Борисовка,улица Ивана Шимкова,32,4,11.1,6.77,6.2715,6.2683,9.655,5.1058,,,1.7707,3.5603
w317055540,Бендеры,Борисовка,улица Ивана Шимкова,33,4,17.9,6.75,6.1871,6.1839,9.561,5.1357,,,1.8006,3.5902
w209267129,Бендеры,Борисовка,улица Ивана Шимкова,34,3,20.7,6.25,6.1141,6.1112,9.24,5.0066,,,1.6715,3.4611
w318090588,Бендеры,Борисовка,улица Ивана Шимкова,34,3,11.1,6.79,6.2031,6.2,9.596,5.1196,,,1.7845,3.5741
w317055538,Бендеры,Борисовка,улица Ивана Шимкова,35,4,17.2,6.71,6.173,6.1698,9.53,5.1498,,,1.8147,3.6043
w209267147,Бендеры,Борисовка,улица Ивана Шимкова,36,3,20.4,6.24,6.099,6.0962,9.218,5.0216,,,1.6865,3.4761
w318090593,Бендеры,Борисовка,улица Ивана Шимкова,36,3,33.1,6.72,6.1773,6.1741,9.54,5.1455,,,1.8104,3.6
w317055533,Бендеры,Борисовка,улица Ивана Шимкова,37,4,17.7,6.68,6.1569,6.1537,9.495,5.1658,,,1.8307,3.6204
w209267171,Бендеры,Борисовка,улица Ивана Шимкова,38,3,20.1,6.22,6.0841,6.0813,9.197,5.0365,,,1.7014,3.491
w318090587,Бендеры,Борисовка,улица Ивана Шимкова,38,3,10.3,6.71,6.1722,6.169,9.529,5.1506,,,1.8155,3.6051
w317055528,Бендеры,Борисовка,улица Ивана Шимкова,39,4,18.0,6.65,6.1444,6.1412,9.468,5.1784,,,1.8433,3.6329
w209267138,Бендеры,Борисовка,улица Ивана Шимкова,40,3,20.6,6.21,6.069,6.0661,9.174,5.0516,,,1.7165,3.5061
w318090586,Бендеры,Борисовка,улица Ивана Шимкова,40,3,11.1,6.68,6.1581,6.1549,9.497,5.1647,,,1.8296,3.6192
w317055532,Бендеры,Борисовка,улица Ивана Шимкова,41,4,18.3,6.6,6.1237,6.1205,9.422,5.2856,,,1.9505,3.7401
w318090584,Бендеры,Борисовка,улица Ивана Шимкова,42,4,10.8,6.64,6.1432,6.14,9.465,5.1796,,,1.8445,3.6341
w318090583,Бендеры,Борисовка,улица Ивана Шимкова,44,4,19.3,6.61,6.1281,6.1249,9.431,5.29,,,1.9549,3.7445
w318090582,Бендеры,Борисовка,улица Ивана Шимкова,46,3,10.0,6.57,6.1122,6.109,9.396,5.2741,,,1.939,3.7287
w318090581,Бендеры,Борисовка,улица Ивана Шимкова,48,3,13.7,6.53,6.0973,6.0941,9.364,5.2592,,,1.9241,3.7138
w209273592,Бендеры,Борисовка,улица Ивана Шимкова,50,4,12.2,6.78,6.1494,6.1462,9.539,5.3113,,,1.9762,3.7659
w209273608,Бендеры,Борисовка,улица Ивана Шимкова,50б,3,13.3,6.56,6.0206,6.0173,9.299,5.4722,,,2.1371,3.9267
w209273575,Бендеры,Хомутяновка,улица Ивана Шимкова,52,3,13.6,6.45,5.9985,5.9953,9.224,5.4502,,,2.1151,3.9047
w224943526,Бендеры,Хомутяновка,улица Ивана Шимкова,52а,3,16.0,6.65,6.0217,6.0186,9.348,5.3139,,,1.9788,3.7684
w103992856,Бендеры,Борисовка,улица Интернационалистов,2,4,14.0,8.3,6.7697,6.7651,10.919,6.2214,,,2.8862,4.6759
w103992874,Бендеры,Борисовка,улица Интернационалистов,2,4,13.4,8.44,6.8053,6.8006,11.026,6.257,,,2.9218,4.7115
w103992827,Бендеры,Борисовка,улица Интернационалистов,4,4,11.5,8.45,6.8492,6.8444,11.074,6.3008,,,2.9657,4.7554
w222986042,Бендеры,Борисовка,улица Интернационалистов,4,4,13.0,8.34,6.8206,6.8159,10.989,6.2723,,,2.9372,4.7268
w209273570,Бендеры,Хомутяновка,улица Интернационалистов,5,4,12.7,9.39,7.2531,7.2476,11.947,6.7048,,,3.3696,5.1593
w209273565,Бендеры,Хомутяновка,улица Интернационалистов,7,4,18.7,8.87,7.1343,7.1287,11.569,6.5859,,,3.2508,5.0404
w103992714,Бендеры,Борисовка,улица Интернационалистов,8,4,11.1,8.55,6.9051,6.9002,11.181,6.3568,,,3.0217,4.8113
w209273568,Бендеры,Хомутяновка,улица Интернационалистов,9,4,13.0,9.62,7.3109,7.3052,12.118,6.7625,,,3.4274,5.217
w103992745,Бендеры,Борисовка,улица Интернационалистов,10,4,11.2,8.45,6.8801,6.8752,11.106,6.3317,,,2.9966,4.7862
w209273567,Бендеры,Хомутяновка,улица Интернационалистов,11,4,12.1,9.01,7.1755,7.1698,11.681,6.6271,,,3.292,5.0817
w91850356,Бендеры,Хомутяновка,улица Интернационалистов,13,4,12.9,9.02,7.2609,7.255,11.77,6.7125,,,3.3774,5.167
w222986064,Бендеры,Хомутяновка,улица Интернационалистов,13а,4,18.2,8.88,6.6682,6.8439,11.109,6.6682,,,3.438,5.2276
w442395876,Бендеры,Хомутяновка,улица Интернационалистов,13б,4,18.1,8.8,6.6479,6.8236,11.048,6.6479,,,3.4177,5.2073
w91850336,Бендеры,Хомутяновка,улица Интернационалистов,15,4,14.0,8.73,6.3696,6.3646,10.736,6.3696,,,3.4715,5.2611
w222986044,Бендеры,Борисовка,улица Интернационалистов,25,4,26.0,9.02,6.9296,6.9247,11.439,6.3812,,,3.0461,4.8357
w319366971,Бендеры,Хомутяновка,улица Калашникова,3,3,11.3,5.55,4.6192,4.6157,7.396,4.6192,,,3.6719,5.8717
w302067676,Бендеры,Хомутяновка,улица Калашникова,4,3,22.1,5.66,4.6623,4.6587,7.491,4.6623,,,3.715,5.9148
w319366972,Бендеры,Хомутяновка,улица Калашникова,5,3,12.0,5.6,4.6381,4.6345,7.437,4.6381,,,3.6908,5.8905
w302067678,Бендеры,Хомутяновка,улица Калашникова,6,3,18.5,5.85,4.7323,4.7287,7.656,4.7323,,,3.785,5.9848
w209287670,Бендеры,Хомутяновка,улица Калашникова,6а,3,12.0,6.16,4.7858,4.782,7.864,4.7858,,,3.8384,6.0382
w319366973,Бендеры,Хомутяновка,улица Калашникова,7,3,11.4,5.62,4.6489,4.6453,7.461,4.6489,,,3.7016,5.9014
n2330549402,Бендеры,Хомутяновка,улица Калашникова,8,3,9.2,6.22,4.8956,4.8918,8.004,4.8956,,,3.7896,6.1481
w319366997,Бендеры,Хомутяновка,улица Калашникова,8,3,19.7,6.31,4.9323,4.9285,8.085,4.9323,,,3.7529,6.1848
w319366974,Бендеры,Хомутяновка,улица Калашникова,9,3,11.4,5.65,4.6602,4.6566,7.486,4.6602,,,3.7128,5.9126
w319366975,Бендеры,Хомутяновка,улица Калашникова,11,3,11.6,5.69,4.6772,4.6736,7.523,4.6772,,,3.7299,5.9296
w320437630,Бендеры,Хомутяновка,улица Калашникова,12,3,19.2,6.55,5.0328,5.0289,8.307,5.0328,,,3.7657,6.2852
w319366977,Бендеры,Хомутяновка,улица Калашникова,13,3,10.8,5.72,4.6907,4.6871,7.553,4.6907,,,3.7434,5.9432
w320437642,Бендеры,Хомутяновка,улица Калашникова,14а,3,19.7,6.53,5.5804,5.5756,8.844,5.5609,,,3.8409,5.6305
w757835185,Бендеры,Хомутяновка,улица Калашникова,15,3,18.6,5.77,4.7093,4.7057,7.594,4.7093,,,3.762,5.9617
w320342794,Бендеры,Хомутяновка,улица Калашникова,17,3,15.3,5.83,4.7321,4.7285,7.645,4.7321,,,3.7848,5.9846
w320342787,Бендеры,Хомутяновка,улица Калашникова,19,3,34.2,5.85,4.7426,4.7389,7.668,4.7426,,,3.7952,5.995
w320342632,Бендеры,Хомутяновка,улица Калашникова,21,3,17.7,5.98,4.7974,4.7936,7.789,4.7974,,,3.7302,6.0498
n2330549398,Бендеры,Хомутяновка,улица Калашникова,22,3,5.2,6.29,5.4833,5.4785,8.631,5.4833,,,3.7437,5.5334
w319370825,Бендеры,Хомутяновка,улица Калашникова,23,3,15.3,6.05,4.8246,4.8209,7.849,4.8246,,,3.7029,6.0771
w209287695,Бендеры,Хомутяновка,улица Калашникова,25,3,10.6,6.13,4.7956,4.7919,7.862,4.7956,,,3.6129,6.0481
w319370824,Бендеры,Хомутяновка,улица Калашникова,25,3,16.6,6.08,4.8399,4.8361,7.882,4.8399,,,3.6912,6.0923
w319370823,Бендеры,Хомутяновка,улица Калашникова,29,3,21.2,6.14,4.8629,4.8591,7.932,4.8629,,,3.7142,6.1153
w319370821,Бендеры,Хомутяновка,улица Калашникова,31,3,16.7,6.18,4.8789,4.8751,7.967,4.8789,,,3.7303,6.1314
w319370820,Бендеры,Хомутяновка,улица Калашникова,33,3,17.2,6.22,4.8961,4.8922,8.005,4.8961,,,3.7892,6.1485
w319367003,Бендеры,Хомутяновка,улица Калашникова,35,3,19.7,6.28,4.9231,4.9192,8.065,4.9231,,,3.7622,6.1755
w319366999,Бендеры,Хомутяновка,улица Калашникова,37,3,17.0,6.32,4.9391,4.9353,8.1,4.9391,,,3.7461,6.1916
w297019345,Бендеры,Хомутяновка,улица Калашникова,39,3,16.2,6.37,4.9581,4.9542,8.141,4.9581,,,3.7272,6.2105
w297019344,Бендеры,Хомутяновка,улица Калашникова,41,3,9.5,6.63,5.0014,4.9975,8.315,5.0014,,,3.7344,6.2539
w320438933,Бендеры,Хомутяновка,улица Калашникова,43,3,17.6,6.49,5.0082,5.0043,8.252,5.0082,,,3.7411,6.2607
n2337889960,Бендеры,Хомутяновка,улица Калашникова,44,4,32.9,7.76,6.1033,6.266,9.984,6.1033,,,3.3425,5.1321
w320438935,Бендеры,Хомутяновка,улица Калашникова,45,3,14.8,6.53,5.026,5.0221,8.292,5.026,,,3.759,6.2785
w352285811,Бендеры,Хомутяновка,улица Калашникова,46,4,14.9,7.68,6.0401,6.2028,9.878,6.0401,,,3.2793,5.0689
w320438940,Бендеры,Хомутяновка,улица Калашникова,47,3,16.3,6.58,5.046,5.042,8.335,5.046,,,3.8646,5.6543
w352285810,Бендеры,Хомутяновка,улица Калашникова,48,4,20.1,7.71,6.0548,6.2174,9.911,6.0548,,,3.294,5.0836
w320438942,Бендеры,Хомутяновка,улица Калашникова,49,3,13.5,6.56,5.5935,5.5887,8.873,5.5478,,,3.854,5.6436
w352285809,Бендеры,Хомутяновка,улица Калашникова,50,4,16.6,7.77,6.0786,6.2412,9.963,6.0786,,,3.3177,5.1074
w320438943,Бендеры,Хомутяновка,улица Калашникова,53,3,22.7,6.5,5.5674,5.5625,8.816,5.5674,,,3.8279,5.6175
w352285807,Бендеры,Хомутяновка,улица Калашникова,54,4,19.7,7.81,6.0963,6.2589,10.002,6.0963,,,3.3355,5.1251
w484497586,Бендеры,Хомутяновка,улица Калашникова,55,3,12.9,6.47,5.5567,5.5519,8.792,5.5567,,,3.8172,5.6068
w352285806,Бендеры,Хомутяновка,улица Калашникова,56,4,17.4,7.84,6.1101,6.2728,10.033,6.1101,,,3.3493,5.1389
w320438948,Бендеры,Хомутяновка,улица Калашникова,57,3,15.0,6.42,5.5363,5.5315,8.747,5.5363,,,3.7968,5.5865
w352285804,Бендеры,Хомутяновка,улица Калашникова,58,4,18.4,7.88,6.1239,6.2866,10.063,6.1239,,,3.3631,5.1527
w352285589,Бендеры,Хомутяновка,улица Калашникова,60,4,17.5,7.91,6.1373,6.2999,10.092,6.1373,,,3.3765,5.1661
w352285588,Бендеры,Хомутяновка,улица Калашникова,62,4,18.4,7.95,6.1535,6.3161,10.129,6.1535,,,3.3926,5.1823
w352285587,Бендеры,Хомутяновка,улица Калашникова,64,4,18.0,7.98,6.1678,6.3304,10.159,6.1678,,,3.415,5.2047
w352285586,Бендеры,Хомутяновка,улица Калашникова,66,4,22.8,8.01,6.1791,6.3418,10.184,6.1791,,,3.4037,5.1933
w352285585,Бендеры,Хомутяновка,улица Калашникова,68,4,23.8,8.03,6.3229,6.3179,10.338,6.2837,,,3.3875,5.1772
w352285583,Бендеры,Хомутяновка,улица Калашникова,70,4,20.7,7.99,6.3064,6.3014,10.301,6.3064,,,3.371,5.1607
w352285582,Бендеры,Хомутяновка,улица Калашникова,72,4,19.0,7.95,6.29,6.285,10.266,6.29,,,3.3546,5.1442
w318071326,Бендеры,Борисовка,улица Клары Цеткин,3,2,20.0,6.32,4.1248,4.1202,7.286,4.1248,,,0.7897,2.5793
w223691986,Бендеры,Борисовка,улица Клары Цеткин,4,2,12.9,6.82,4.3331,4.3284,7.744,4.3331,,,0.998,2.7876
w318071327,Бендеры,Борисовка,улица Клары Цеткин,5,2,16.9,6.26,4.0998,4.0952,7.231,4.0998,,,0.7647,2.5543
w318071331,Бендеры,Борисовка,улица Клары Цеткин,5,2,13.8,6.2,4.0747,4.0701,7.176,4.0747,,,0.7396,2.5292
w223681291,Бендеры,Борисовка,улица Клары Цеткин,6,2,19.7,6.65,4.2604,4.2557,7.584,4.2604,,,0.9253,2.7149
w223681143,Бендеры,Борисовка,улица Клары Цеткин,8,2,18.7,7.12,4.3467,4.3419,7.908,4.3467,,,1.0116,2.8012
w223681290,Бендеры,Борисовка,улица Клары Цеткин,8а,2,16.1,6.78,4.2602,4.2556,7.649,4.2602,,,0.9251,2.7148
w223681142,Бендеры,Борисовка,улица Клары Цеткин,10,2,14.5,6.36,4.1401,4.1356,7.319,4.1401,,,0.805,2.5946
w306219472,Бендеры,Борисовка,улица Клары Цеткин,10/5,2,16.4,6.49,4.2409,4.2359,7.483,4.2409,,,0.9058,2.6954
w336800599,Бендеры,Борисовка,улица Клары Цеткин,10/6,2,13.2,6.45,4.2277,4.2227,7.454,4.2277,,,0.8925,2.6822
w223680912,Бендеры,Борисовка,улица Клары Цеткин,12,2,18.8,6.3,4.1158,4.1112,7.266,4.1158,,,0.7807,2.5703
w306219464,Бендеры,Борисовка,улица Клары Цеткин,30,2,11.4,6.37,4.193,4.1881,7.378,4.193,,,0.8579,2.6475
w224340921,Бендеры,Борисовка,улица Клары Цеткин,32,2,77.9,6.45,4.2277,4.2227,7.454,4.2277,,,0.8925,2.6822
n2334331724,Бендеры,Борисовка,улица Клары Цеткин,56,2,18.6,7.06,4.4341,4.4294,7.966,4.4341,,,1.099,2.8886
w326811190,Бендеры,Хомутяновка,улица Кошевого,1,4,20.2,7.41,6.0415,6.037,9.748,6.0415,,,3.1061,4.8957
w352064501,Бендеры,Хомутяновка,улица Кошевого,1а,4,11.8,7.35,6.0135,6.0091,9.687,6.0135,,,3.0781,4.8678
w352265841,Бендеры,Хомутяновка,улица Кошевого,3,4,11.9,7.57,6.1056,6.101,9.889,6.1056,,,3.1703,4.9599
w352111443,Бендеры,Хомутяновка,улица Кошевого,4,4,19.1,7.17,5.9412,5.9369,9.528,5.9412,,,3.0058,4.7954
w352265843,Бендеры,Хомутяновка,улица Кошевого,5,4,15.7,7.6,6.1209,6.1163,9.923,6.1209,,,3.1855,4.9752
w352111440,Бендеры,Хомутяновка,улица Кошевого,6,4,17.1,7.24,5.9684,5.964,9.588,5.9684,,,3.033,4.8226
w352265844,Бендеры,Хомутяновка,улица Кошевого,7,4,11.1,7.58,6.0385,6.2011,9.828,6.0385,,,3.2025,4.9921
w352111439,Бендеры,Хомутяновка,улица Кошевого,8,4,15.5,7.28,5.9848,5.9804,9.624,5.9848,,,3.0494,4.8391
w352265846,Бендеры,Хомутяновка,улица Кошевого,9,4,16.7,7.55,6.0259,6.1884,9.8,6.0259,,,3.2152,5.0048
w352111438,Бендеры,Хомутяновка,улица Кошевого,10,4,24.6,7.33,6.0065,6.0021,9.671,6.0065,,,3.0711,4.8608
w352111436,Бендеры,Хомутяновка,улица Кошевого,10а,4,18.4,7.4,6.0357,6.0312,9.736,6.0357,,,3.1003,4.8899
w326811191,Бендеры,Хомутяновка,улица Кошевого,14,4,14.1,7.5,6.0778,6.0732,9.829,6.0778,,,3.1424,4.932
w352265852,Бендеры,Хомутяновка,улица Кошевого,14,4,16.6,7.61,6.0511,6.2136,9.855,6.0511,,,3.19,4.9796
w352265853,Бендеры,Хомутяновка,улица Кошевого,16,4,18.6,7.56,6.0317,6.1943,9.813,6.0317,,,3.2093,4.9989
w352326939,Бендеры,Хомутяновка,улица Кошевого,38,4,13.1,7.69,6.0665,6.2726,9.91,6.0665,,,3.3591,5.1487
n2337889966,Бендеры,Хомутяновка,улица Кошевого,42,4,14.5,7.51,5.9944,6.1528,9.751,5.9944,,,3.2869,5.0766
w644316162,Бендеры,Хомутяновка,улица Крянгэ,1,3,16.5,5.96,5.3403,5.3363,8.319,5.3403,,,3.6008,5.3904
w318083428,Бендеры,Хомутяновка,улица Крянгэ,6,3,20.8,5.92,5.3158,5.3117,8.277,5.3158,,,3.5762,5.3659
w318084710,Бендеры,Хомутяновка,улица Крянгэ,7,3,17.7,6.19,5.4947,5.4906,8.59,5.4947,,,3.1559,4.9455
w318083432,Бендеры,Хомутяновка,улица Крянгэ,8,3,18.1,5.94,5.3312,5.3271,8.304,5.3312,,,3.5917,5.3813
w318083433,Бендеры,Хомутяновка,улица Крянгэ,10,3,18.9,5.97,5.3482,5.3441,8.333,5.3482,,,3.6087,5.3983
w318083442,Бендеры,Хомутяновка,улица Крянгэ,12,3,22.9,6.0,5.3655,5.3615,8.363,5.3655,,,3.626,5.4156
w209273571,Бендеры,Хомутяновка,улица Крянгэ,13,3,19.0,6.8,5.6992,5.6951,9.101,5.6992,,,3.1187,4.9083
w318083440,Бендеры,Хомутяновка,улица Крянгэ,14,3,19.2,6.02,5.38,5.376,8.388,5.38,,,3.6405,5.4301
w91850334,Бендеры,Хомутяновка,улица Крянгэ,15,3,12.6,6.74,5.704,5.6998,9.073,5.704,,,3.0665,4.8561
w91850362,Бендеры,Хомутяновка,улица Крянгэ,17,3,16.3,6.94,5.7469,5.7427,9.218,5.7469,,,3.1094,4.899
w319132158,Бендеры,Хомутяновка,улица Крянгэ,20,3,17.6,6.11,5.4443,5.4403,8.502,5.4443,,,3.2062,4.9958
w319133046,Бендеры,Хомутяновка,улица Крянгэ,22,3,19.0,6.14,5.4611,5.4571,8.531,5.4611,,,3.1894,4.9791
w319133048,Бендеры,Хомутяновка,улица Крянгэ,24,3,18.6,6.17,5.4795,5.4755,8.564,5.4795,,,3.1711,4.9607
w319133053,Бендеры,Хомутяновка,улица Крянгэ,34,3,19.3,6.3,5.5671,5.5631,8.716,5.5671,,,3.0834,4.8731
w319133052,Бендеры,Хомутяновка,улица Крянгэ,36,3,26.8,6.32,5.5824,5.5784,8.743,5.5824,,,3.0681,4.8578
w209273634,Бендеры,Хомутяновка,улица Крянгэ,40,3,11.1,6.78,5.75,5.7458,9.139,5.75,,,3.0357,4.8253
w209273591,Бендеры,Хомутяновка,улица Крянгэ,42,3,21.9,6.61,5.7069,5.7029,9.009,5.7069,,,2.9927,4.7823
w209273619,Бендеры,Хомутяновка,улица Крянгэ,44,4,16.7,7.15,5.9673,5.963,9.543,5.9673,,,2.8725,4.6622
w320344001,Бендеры,Хомутяновка,улица Куйбышева,1,3,18.0,5.83,4.6871,4.6832,7.602,4.6871,,,3.8125,5.9395
w320343106,Бендеры,Хомутяновка,улица Куйбышева,2,3,18.1,5.81,4.6771,4.6733,7.58,4.6771,,,3.8026,5.9296
w320343105,Бендеры,Хомутяновка,улица Куйбышева,4,3,21.3,5.85,4.6947,4.6908,7.619,4.6947,,,3.8201,5.9472
w352284839,Бендеры,Хомутяновка,улица Куйбышева,5,3,13.3,5.99,4.7525,4.7486,7.747,4.7525,,,3.878,6.005
w320342800,Бендеры,Хомутяновка,улица Куйбышева,6,3,16.1,5.89,4.7121,4.7082,7.656,4.7121,,,3.8375,5.9646
w352285308,Бендеры,Хомутяновка,улица Куйбышева,7,3,14.1,6.03,4.7717,4.7677,7.788,4.7717,,,3.8971,6.0241
w320342799,Бендеры,Хомутяновка,улица Куйбышева,8,3,21.9,5.92,4.7255,4.7216,7.687,4.7255,,,3.8509,5.9779
w352285307,Бендеры,Хомутяновка,улица Куйбышева,9,3,14.9,6.08,4.7908,4.7868,7.831,4.7908,,,3.9162,6.0433
w320342797,Бендеры,Хомутяновка,улица Куйбышева,10,3,16.4,5.99,4.752,4.7481,7.745,4.752,,,3.8774,6.0045
w339300190,Бендеры,Хомутяновка,улица Куйбышева,11,3,17.2,6.13,4.8128,4.8088,7.879,4.8128,,,3.9382,6.0653
w320342789,Бендеры,Хомутяновка,улица Куйбышева,12,3,16.8,6.04,4.7746,4.7706,7.795,4.7746,,,3.9,6.027
w320437658,Бендеры,Хомутяновка,улица Куйбышева,13,3,23.8,6.19,4.8353,4.8313,7.929,4.8353,,,3.9607,6.0878
w320342793,Бендеры,Хомутяновка,улица Куйбышева,14,3,16.8,6.1,4.7991,4.7951,7.849,4.7991,,,3.9245,6.0515
n2330550601,Бендеры,Хомутяновка,улица Куйбышева,15,3,13.4,6.57,4.9953,4.9912,8.281,4.9953,,,4.0401,6.2477
w320438938,Бендеры,Хомутяновка,улица Куйбышева,15,3,18.7,6.23,4.8526,4.8486,7.967,4.8526,,,3.978,6.105
w320342791,Бендеры,Хомутяновка,улица Куйбышева,16,3,23.5,6.14,4.8173,4.8133,7.889,4.8173,,,3.9427,6.0697
w339300188,Бендеры,Хомутяновка,улица Куйбышева,17,3,25.3,6.27,4.8689,4.8648,8.002,4.8689,,,3.9943,6.1213
w320342631,Бендеры,Хомутяновка,улица Куйбышева,18,3,32.4,6.21,4.8459,4.8419,7.952,4.8459,,,3.9713,6.0983
w352265866,Бендеры,Хомутяновка,улица Куйбышева,19,3,21.0,6.34,4.8986,4.8945,8.068,4.8986,,,4.024,6.1511
w320342629,Бендеры,Хомутяновка,улица Куйбышева,20,3,26.8,6.27,4.8689,4.8648,8.002,4.8689,,,3.9943,6.1213
w352265865,Бендеры,Хомутяновка,улица Куйбышева,21,3,13.1,6.4,4.9244,4.9203,8.124,4.9244,,,4.111,6.1768
w320342628,Бендеры,Хомутяновка,улица Куйбышева,22,3,22.7,6.32,4.8921,4.8881,8.054,4.8921,,,4.0176,6.1446
w352265863,Бендеры,Хомутяновка,улица Куйбышева,23,3,14.7,6.45,4.9459,4.9418,8.173,4.9459,,,4.0895,6.1983
w320437619,Бендеры,Хомутяновка,улица Куйбышева,24,3,19.3,6.37,4.9123,4.9082,8.098,4.9123,,,4.1231,6.1648
w352162874,Бендеры,Хомутяновка,улица Куйбышева,25,3,16.4,6.5,4.9648,4.9606,8.214,4.9648,,,4.0706,6.2172
w320437620,Бендеры,Хомутяновка,улица Куйбышева,26,3,20.8,6.41,4.9262,4.9221,8.129,4.9262,,,4.1091,6.1787
w320440073,Бендеры,Хомутяновка,улица Куйбышева,27,3,14.1,6.55,4.9863,4.9822,8.261,4.9863,,,4.0491,6.2388
w320437622,Бендеры,Хомутяновка,улица Куйбышева,28,3,19.1,6.44,4.9411,4.937,8.162,4.9411,,,4.0943,6.1935
w320440071,Бендеры,Хомутяновка,улица Куйбышева,29,3,16.4,6.6,5.007,5.0028,8.307,5.007,,,4.0284,6.2594
w320437623,Бендеры,Хомутяновка,улица Куйбышева,30,3,18.1,6.48,4.9581,4.954,8.199,4.9581,,,4.0773,6.2105
w320440070,Бендеры,Хомутяновка,улица Куйбышева,31,3,27.4,6.63,5.0202,5.0161,8.336,5.0202,,,4.0151,6.2727
w320437626,Бендеры,Хомутяновка,улица Куйбышева,32,3,18.3,6.51,4.9716,4.9674,8.229,4.9716,,,4.0638,6.224
w320440062,Бендеры,Хомутяновка,улица Куйбышева,33,3,15.7,6.69,5.0466,5.0424,8.393,5.0466,,,3.9888,6.299
w666173093,Бендеры,Хомутяновка,улица Куйбышева,34,3,14.9,6.57,4.9958,4.9917,8.282,4.9958,,,4.0395,6.2483
w320440054,Бендеры,Хомутяновка,улица Куйбышева,35,3,15.5,6.73,5.7085,5.7035,9.073,5.4136,,,3.969,5.7586
w320438936,Бендеры,Хомутяновка,улица Куйбышева,37,3,12.9,6.61,5.6594,5.6544,8.965,5.4627,,,3.9199,5.7095
w320440052,Бендеры,Хомутяновка,улица Куйбышева,37а,3,14.4,6.67,5.6852,5.6802,9.022,5.4369,,,3.9457,5.7353
w320440055,Бендеры,Хомутяновка,улица Куйбышева,39,3,15.3,6.53,5.6272,5.6222,8.894,5.4949,,,3.8876,5.6773
w320440057,Бендеры,Хомутяновка,улица Куйбышева,40,3,17.4,6.72,5.06,5.0558,8.422,5.06,,,3.9754,6.3124
w320440053,Бендеры,Хомутяновка,улица Куйбышева,42,3,18.6,6.71,5.6987,5.6937,9.051,5.4234,,,3.9592,5.7488
w757869687,Бендеры,Хомутяновка,улица Куйбышева,44,3,17.3,6.64,5.6735,5.6685,8.996,5.4486,,,3.934,5.7236
w757869686,Бендеры,Хомутяновка,улица Куйбышева,46,3,17.2,6.61,5.6593,5.6543,8.964,5.4628,,,3.9198,5.7094
w320439368,Бендеры,Хомутяновка,улица Куйбышева,48,3,15.5,6.54,5.6302,5.6253,8.9,5.4919,,,3.8907,5.6803
w320439372,Бендеры,Хомутяновка,улица Куйбышева,50,3,13.1,6.48,5.6046,5.5997,8.845,5.5175,,,3.8651,5.6547
w320439366,Бендеры,Хомутяновка,улица Куйбышева,51,3,44.8,6.65,5.6755,5.6705,9.001,5.4466,,,3.936,5.7256
w320440063,Бендеры,Хомутяновка,улица Куйбышева,52,3,13.5,6.33,5.5404,5.5355,8.703,5.5404,,,3.8009,5.5905
w209273601,Бендеры,Хомутяновка,улица Лермонтова,2,3,12.4,7.08,5.9502,5.946,9.492,5.9502,,,2.8555,4.6451
w209273566,Бендеры,Хомутяновка,улица Лермонтова,4,3,15.1,7.03,5.7899,5.7856,9.303,5.7899,,,2.9228,4.7124
w318548554,Бендеры,Хомутяновка,улица Лермонтова,5,4,21.1,7.46,5.9526,5.9482,9.682,5.9526,,,3.3065,5.0961
w318548553,Бендеры,Хомутяновка,улица Лермонтова,7,3,18.2,6.96,5.9277,5.9235,9.409,5.9277,,,2.8329,4.6226
w318548552,Бендеры,Хомутяновка,улица Лермонтова,9,3,23.4,7.0,5.9415,5.9374,9.44,5.9415,,,2.8468,4.6364
w318548547,Бендеры,Хомутяновка,улица Лермонтова,11,3,16.0,6.96,5.8079,5.8036,9.289,5.8079,,,2.8668,4.6564
w318548540,Бендеры,Хомутяновка,улица Лермонтова,13,3,16.9,6.92,5.7893,5.7851,9.248,5.7893,,,2.8853,4.6749
w318548535,Бендеры,Хомутяновка,улица Лермонтова,15,3,16.0,6.88,5.7735,5.7693,9.213,5.7735,,,2.9011,4.6908
w318120119,Бендеры,Хомутяновка,улица Лермонтова,16,3,15.1,6.75,5.7199,5.7156,9.094,5.7199,,,2.9548,4.7444
w318120125,Бендеры,Хомутяновка,улица Лермонтова,17,3,16.9,6.83,5.7549,5.7507,9.171,5.7549,,,2.9197,4.7093
n2321834521,Бендеры,Хомутяновка,улица Лермонтова,18,3,16.0,6.69,5.5622,5.5584,8.91,5.5622,,,3.0068,4.7964
w318084698,Бендеры,Хомутяновка,улица Лермонтова,18,3,9.9,6.75,5.7204,5.7162,9.095,5.7204,,,2.9542,4.7439
w318084696,Бендеры,Хомутяновка,улица Лермонтова,21,3,15.7,6.69,5.5608,5.5569,8.907,5.5608,,,3.0083,4.7979
w318084704,Бендеры,Хомутяновка,улица Лермонтова,23,3,14.7,6.65,5.5427,5.5389,8.867,5.5427,,,3.0263,4.8159
n4397874166,Бендеры,Хомутяновка,улица Лермонтова,24,3,14.8,6.61,5.5267,5.5228,8.831,5.5267,,,3.0424,4.832
w318084707,Бендеры,Хомутяновка,улица Лермонтова,25,3,17.1,6.6,5.5228,5.5189,8.823,5.5228,,,3.0463,4.8359
w318084690,Бендеры,Хомутяновка,улица Лермонтова,29,3,19.6,6.53,5.4926,5.4887,8.756,5.4926,,,3.0765,4.8661
w318084686,Бендеры,Хомутяновка,улица Лермонтова,31,3,16.1,6.48,5.474,5.4701,8.715,5.474,,,3.0951,4.8847
w318083482,Бендеры,Хомутяновка,улица Лермонтова,33,3,12.1,6.44,5.4566,5.4527,8.677,5.4566,,,3.2978,5.0874
w318083475,Бендеры,Хомутяновка,улица Лермонтова,35,3,15.1,6.41,5.4423,5.4384,8.646,5.4423,,,3.2834,5.073
w318083469,Бендеры,Хомутяновка,улица Лермонтова,37,3,14.8,6.36,5.424,5.4201,8.606,5.424,,,3.2652,5.0548
n2321834527,Бендеры,Хомутяновка,улица Лермонтова,38,3,12.4,6.34,5.4143,5.4104,8.583,5.4143,,,3.2555,5.0451
n4919278864,Бендеры,Хомутяновка,улица Лермонтова,38а,3,14.0,5.73,5.1612,5.1573,8.028,5.1612,,,3.4217,5.2113
w318043413,Бендеры,Хомутяновка,улица Лермонтова,38а,3,23.1,5.77,5.1753,5.1714,8.059,5.1753,,,3.4358,5.2255
n2321834524,Бендеры,Хомутяновка,улица Лермонтова,39,3,13.8,6.35,5.4197,5.4158,8.596,5.4197,,,3.2608,5.0505
w318083466,Бендеры,Хомутяновка,улица Лермонтова,39,3,13.4,6.32,5.4072,5.4034,8.568,5.4072,,,3.2484,5.038
n2321834534,Бендеры,Хомутяновка,улица Лермонтова,41,3,10.2,6.25,5.3753,5.3714,8.498,5.3753,,,3.2418,5.0315
w317149370,Бендеры,Хомутяновка,улица Лермонтова,43,3,15.9,6.21,5.3616,5.3578,8.468,5.3616,,,3.2555,5.0451
w317149376,Бендеры,Хомутяновка,улица Лермонтова,45,3,16.3,6.18,5.3479,5.344,8.438,5.3479,,,3.2692,5.0588
w318044883,Бендеры,Хомутяновка,улица Лермонтова,49,3,18.4,6.09,5.3123,5.3084,8.36,5.3123,,,3.5728,5.3624
w318083425,Бендеры,Хомутяновка,улица Лермонтова,50,3,11.7,6.07,5.3014,5.2975,8.336,5.3014,,,3.5619,5.3515
w318044882,Бендеры,Хомутяновка,улица Лермонтова,51,3,17.9,6.05,5.2943,5.2904,8.32,5.2943,,,3.5547,5.3444
n2321855312,Бендеры,Хомутяновка,улица Лермонтова,56,3,14.2,5.83,5.2012,5.1973,8.116,5.2012,,,3.4617,5.2513
n2321855313,Бендеры,Хомутяновка,улица Лермонтова,60,3,13.5,5.73,5.1595,5.1556,8.024,5.1595,,,3.42,5.2096
w528507074,Бендеры,Хомутяновка,улица Ломоносова,1,3,25.1,6.9,5.7285,5.7241,9.18,5.7285,,,3.3076,5.0972
w320438945,Бендеры,Хомутяновка,улица Ломоносова,2,3,24.1,7.08,5.8003,5.7957,9.338,5.8003,,,3.3794,5.169
n5653833599,Бендеры,Хомутяновка,улица Ломоносова,2А,3,4.6,7.11,5.8162,5.8116,9.373,5.8162,,,3.3281,5.1177
w342101744,Бендеры,Хомутяновка,улица Ломоносова,4,3,16.1,7.23,5.8638,5.8592,9.478,5.8638,,,3.2804,5.0701
w342101746,Бендеры,Хомутяновка,улица Ломоносова,6,4,17.3,7.29,5.888,5.8833,9.53,5.888,,,3.2563,5.0459
w342101752,Бендеры,Хомутяновка,улица Ломоносова,8,4,16.4,7.39,5.9326,5.9279,9.629,5.9326,,,3.2117,5.0013
w352064499,Бендеры,Хомутяновка,улица Ломоносова,12,4,17.6,7.44,5.9544,5.9497,9.677,5.9544,,,3.1899,4.9795
w352263847,Бендеры,Хомутяновка,улица Ломоносова,12,4,9.6,7.57,6.0078,6.0031,9.794,6.0078,,,3.1773,4.9669
w352064498,Бендеры,Хомутяновка,улица Ломоносова,12a,4,19.5,7.48,5.9678,5.9631,9.706,5.9678,,,3.1765,4.9661
n2337889957,Бендеры,Хомутяновка,улица Ломоносова,15,4,10.2,7.26,5.8792,5.8746,9.512,5.8792,,,3.2651,5.0547
w352111433,Бендеры,Хомутяновка,улица Ломоносова,16,4,15.6,7.58,6.0108,6.0061,9.8,6.0108,,,3.1803,4.9699
n5640999867,Бендеры,Хомутяновка,улица Ломоносова,17,3,28.9,8.01,5.7467,5.7421,9.749,5.7467,,,3.3258,5.1154
w352111435,Бендеры,Хомутяновка,улица Ломоносова,18,4,18.6,7.61,6.0239,6.0192,9.829,6.0239,,,3.1934,4.983
n2337889954,Бендеры,Хомутяновка,улица Ломоносова,19,4,12.4,7.38,5.9278,5.9231,9.619,5.9278,,,3.2165,5.0061
w352263846,Бендеры,Хомутяновка,улица Ломоносова,20,4,20.9,7.7,6.0608,6.0561,9.91,6.0608,,,3.216,5.0056
w352263844,Бендеры,Хомутяновка,улица Ломоносова,21,4,15.2,7.64,6.0357,6.031,9.855,6.0357,,,3.2051,4.9948
w352263842,Бендеры,Хомутяновка,улица Ломоносова,23,4,15.5,7.67,6.0488,6.0441,9.884,6.0488,,,3.228,5.0177
w352263834,Бендеры,Хомутяновка,улица Ломоносова,24,4,21.3,7.76,6.1657,6.161,10.047,6.1657,,,3.2303,5.0199
w352263840,Бендеры,Хомутяновка,улица Ломоносова,25,4,11.1,7.7,6.0613,6.0567,9.911,6.0613,,,3.2154,5.0051
w352263832,Бендеры,Хомутяновка,улица Ломоносова,26,4,18.5,7.8,6.1807,6.1761,10.08,6.1807,,,3.2453,5.035
w352263839,Бендеры,Хомутяновка,улица Ломоносова,27,4,13.9,7.68,6.1334,6.1287,9.972,6.1334,,,3.198,4.9876
w352263808,Бендеры,Хомутяновка,улица Ломоносова,28,4,17.9,7.84,6.1998,6.1952,10.121,6.1998,,,3.2644,5.0541
w352263816,Бендеры,Хомутяновка,улица Ломоносова,29,4,19.5,7.71,6.1434,6.1387,9.998,6.1434,,,3.208,4.9976
w352263806,Бендеры,Хомутяновка,улица Ломоносова,30,4,15.5,7.88,6.216,6.2113,10.157,6.216,,,3.2806,5.0702
w352263814,Бендеры,Хомутяновка,улица Ломоносова,31,4,14.8,7.75,6.1594,6.1548,10.033,6.1594,,,3.224,5.0137
w352263818,Бендеры,Хомутяновка,улица Ломоносова,32,4,14.3,7.86,6.2172,6.2124,10.149,6.2172,,,3.2819,5.0715
w352263813,Бендеры,Хомутяновка,улица Ломоносова,33,4,11.1,7.78,6.1722,6.1676,10.061,6.1722,,,3.2369,5.0265
w352263811,Бендеры,Хомутяновка,улица Ломоносова,35,4,21.1,7.81,6.1851,6.1804,10.089,6.1851,,,3.2497,5.0393
w352263809,Бендеры,Хомутяновка,улица Ломоносова,37,4,15.9,7.84,6.1998,6.1952,10.121,6.1998,,,3.2644,5.0541
w352263803,Бендеры,Хомутяновка,улица Ломоносова,41,4,11.5,7.92,6.2312,6.2266,10.19,6.2312,,,3.2958,5.0855
w352263801,Бендеры,Хомутяновка,улица Ломоносова,45,4,15.9,7.86,6.2162,6.2113,10.147,6.2162,,,3.2808,5.0704
w352263798,Бендеры,Хомутяновка,улица Ломоносова,47,4,10.7,7.81,6.1953,6.1905,10.1,6.1953,,,3.2599,5.0496
w318085551,Бендеры,Хомутяновка,улица Матросова,3,3,5.4,7.1,5.8646,5.8603,9.416,5.8646,,,3.2184,5.008
w209273621,Бендеры,Хомутяновка,улица Матросова,4,4,15.1,7.2,5.8878,5.8836,9.487,5.8878,,,3.2417,5.0313
w318085550,Бендеры,Хомутяновка,улица Матросова,5,3,14.9,7.09,5.8612,5.8569,9.406,5.8612,,,3.215,5.0046
w318548555,Бендеры,Хомутяновка,улица Матросова,6,3,11.9,7.03,5.8449,5.8407,9.36,5.8449,,,3.1988,4.9884
w318085549,Бендеры,Хомутяновка,улица Матросова,7,3,17.5,6.97,5.8198,5.8156,9.305,5.8198,,,3.1737,4.9633
w318548551,Бендеры,Хомутяновка,улица Матросова,8,3,11.9,6.99,5.8278,5.8236,9.323,5.8278,,,3.1817,4.9713
w318085546,Бендеры,Хомутяновка,улица Матросова,9,3,16.9,6.92,5.8006,5.7964,9.263,5.8006,,,3.1545,4.9441
w318120123,Бендеры,Хомутяновка,улица Матросова,10,3,9.8,6.74,5.7224,5.7181,9.091,5.7224,,,3.0762,4.8658
w318548549,Бендеры,Хомутяновка,улица Матросова,10,3,13.0,6.95,5.8098,5.8056,9.283,5.8098,,,3.1636,4.9532
w318085082,Бендеры,Хомутяновка,улица Матросова,11,3,14.6,6.87,5.7772,5.7729,9.211,5.7772,,,3.131,4.9206
w318548545,Бендеры,Хомутяновка,улица Матросова,12,3,12.0,6.91,5.7937,5.7895,9.247,5.7937,,,3.1475,4.9371
w315851335,Бендеры,Хомутяновка,улица Матросова,13,3,18.5,6.67,5.5779,5.574,8.913,5.5779,,,3.1,4.8897
w318548543,Бендеры,Хомутяновка,улица Матросова,14,3,12.9,6.87,5.7767,5.7725,9.21,5.7767,,,3.1305,4.9201
w315618171,Бендеры,Хомутяновка,улица Матросова,15,3,24.9,6.56,5.5332,5.5292,8.814,5.5332,,,3.2695,5.0591
w318120128,Бендеры,Хомутяновка,улица Матросова,16,3,12.5,6.81,5.7549,5.7507,9.162,5.7549,,,3.1087,4.8983
w318084693,Бендеры,Хомутяновка,улица Матросова,18,3,18.4,6.69,5.5873,5.5833,8.933,5.5873,,,3.0907,4.8803
w315807199,Бендеры,Хомутяновка,улица Матросова,19,3,21.3,6.26,5.3047,5.301,8.437,5.3047,,,3.1899,4.9796
w318084702,Бендеры,Хомутяновка,улица Матросова,20,3,11.8,6.65,5.571,5.567,8.898,5.571,,,3.107,4.8966
w315807212,Бендеры,Хомутяновка,улица Матросова,21,3,15.8,6.22,5.2866,5.2829,8.397,5.2866,,,3.208,4.9977
w318084701,Бендеры,Хомутяновка,улица Матросова,22,3,11.8,6.61,5.5539,5.55,8.86,5.5539,,,3.1241,4.9137
w315807210,Бендеры,Хомутяновка,улица Матросова,23,3,18.4,6.18,5.2701,5.2664,8.362,5.2701,,,3.3554,5.1451
w315807208,Бендеры,Хомутяновка,улица Матросова,25,3,14.9,6.14,5.2503,5.2466,8.318,5.2503,,,3.3356,5.1253
w318084700,Бендеры,Хомутяновка,улица Матросова,26,3,13.4,6.57,5.536,5.5321,8.82,5.536,,,3.2723,5.0619
w315807203,Бендеры,Хомутяновка,улица Матросова,27,3,15.0,6.09,5.2332,5.2295,8.281,5.2332,,,3.3186,5.1082
w318084689,Бендеры,Хомутяновка,улица Матросова,28,3,14.6,6.53,5.5203,5.5164,8.786,5.5203,,,3.2566,5.0462
w315618173,Бендеры,Хомутяновка,улица Матросова,29,3,17.9,6.06,5.2179,5.2142,8.246,5.2179,,,3.3032,5.0928
w318084687,Бендеры,Хомутяновка,улица Матросова,30,3,15.7,6.49,5.5012,5.4972,8.744,5.5012,,,3.2375,5.0271
w318083480,Бендеры,Хомутяновка,улица Матросова,32,3,11.6,6.44,5.4844,5.4805,8.707,5.4844,,,3.2207,5.0103
w318083477,Бендеры,Хомутяновка,улица Матросова,34,3,12.0,6.41,5.4685,5.4645,8.672,5.4685,,,3.2048,4.9944
w315425263,Бендеры,Хомутяновка,улица Матросова,35,3,19.1,5.93,5.1663,5.1626,8.133,5.1663,,,3.2516,5.0413
w318083474,Бендеры,Хомутяновка,улица Матросова,36,3,11.4,6.36,5.4502,5.4462,8.632,5.4502,,,3.1864,4.9761
w318083464,Бендеры,Хомутяновка,улица Матросова,38,3,10.5,6.32,5.433,5.429,8.594,5.433,,,3.1692,4.9589
w317149367,Бендеры,Хомутяновка,улица Матросова,42,3,15.7,6.31,5.3207,5.3171,8.473,5.3207,,,3.1739,4.9635
w317149374,Бендеры,Хомутяновка,улица Матросова,44,3,12.3,6.26,5.3007,5.297,8.429,5.3007,,,3.1939,4.9836
w318044885,Бендеры,Хомутяновка,улица Матросова,46,3,14.1,6.22,5.2851,5.2814,8.394,5.2851,,,3.2095,4.9991
w318044886,Бендеры,Хомутяновка,улица Матросова,50,3,9.9,6.14,5.2512,5.2475,8.32,5.2512,,,3.3365,5.1262
w317149365,Бендеры,Хомутяновка,улица Матросова,52,3,10.0,6.09,5.233,5.2293,8.28,5.233,,,3.3183,5.108
w315807202,Бендеры,Хомутяновка,улица Матросова,54,3,13.2,6.06,5.2178,5.2141,8.246,5.2178,,,3.3031,5.0927
w317053543,Бендеры,Хомутяновка,улица Осипенко,4,3,20.0,6.85,5.9169,5.913,9.34,5.9169,,,2.5118,4.3015
w318070641,Бендеры,Хомутяновка,улица Осипенко,5,4,28.9,6.84,6.3118,6.3078,9.73,5.7634,,,2.4283,4.218
w317053539,Бендеры,Хомутяновка,улица Осипенко,6,3,17.3,6.83,5.8446,5.8406,9.262,5.8446,,,2.5261,4.3158
w318070639,Бендеры,Хомутяновка,улица Осипенко,7,3,22.1,6.82,5.9266,5.9227,9.336,5.7781,,,2.443,4.2327
w317053540,Бендеры,Хомутяновка,улица Осипенко,8,3,22.8,6.76,5.8151,5.8112,9.198,5.8151,,,2.5556,4.3452
w317053541,Бендеры,Хомутяновка,улица Осипенко,10,3,16.0,6.73,5.7997,5.7958,9.164,5.7997,,,2.571,4.3606
w317053535,Бендеры,Хомутяновка,улица Осипенко,12,3,16.5,6.69,5.7856,5.7817,9.133,5.7856,,,2.585,4.3747
w318070629,Бендеры,Хомутяновка,улица Осипенко,13,3,21.8,6.85,5.9184,5.9145,9.343,5.9184,,,2.5134,4.303
w318071320,Бендеры,Хомутяновка,улица Осипенко,14,3,21.6,6.65,5.7679,5.764,9.094,5.7679,,,2.6028,4.3924
w318070627,Бендеры,Хомутяновка,улица Осипенко,15,3,25.5,6.83,5.8421,5.8382,9.257,5.8421,,,2.5286,4.3182
w317053520,Бендеры,Хомутяновка,улица Осипенко,16,3,16.4,6.7,5.7016,5.6977,9.052,5.7016,,,2.6689,4.4586
w318070626,Бендеры,Хомутяновка,улица Осипенко,17,3,25.8,6.79,5.8248,5.8209,9.219,5.8248,,,2.5458,4.3355
w317053511,Бендеры,Хомутяновка,улица Осипенко,18,3,15.5,6.63,5.6719,5.668,8.987,5.6719,,,2.6986,4.4883
w317149192,Бендеры,Хомутяновка,улица Осипенко,19,3,23.3,6.75,5.8091,5.8051,9.184,5.8091,,,2.5616,4.3512
w317053502,Бендеры,Хомутяновка,улица Осипенко,20,3,18.4,6.59,5.6562,5.6522,8.952,5.6562,,,2.7144,4.504
w317149188,Бендеры,Хомутяновка,улица Осипенко,21,3,22.7,6.71,5.7926,5.7887,9.148,5.7926,,,2.5781,4.3677
w317053546,Бендеры,Хомутяновка,улица Осипенко,23,3,29.5,6.67,5.7749,5.7709,9.109,5.7749,,,2.5958,4.3855
w315807221,Бендеры,Хомутяновка,улица Осипенко,24,3,18.4,6.58,5.5309,5.527,8.821,5.5309,,,3.0047,4.7943
w315807220,Бендеры,Хомутяновка,улица Осипенко,26,3,18.3,6.54,5.5125,5.5086,8.78,5.5125,,,3.0231,4.8127
w315851325,Бендеры,Хомутяновка,улица Осипенко,28,3,24.0,6.47,5.4868,5.4829,8.723,5.4868,,,3.0488,4.8384
w315618172,Бендеры,Хомутяновка,улица Осипенко,30,3,21.4,6.42,5.4657,5.4617,8.677,5.4657,,,3.2019,4.9916
w316759468,Бендеры,Хомутяновка,улица Осипенко,31,3,23.4,6.69,5.6973,5.6933,9.042,5.6973,,,2.6733,4.4629
w316759289,Бендеры,Хомутяновка,улица Осипенко,33,3,38.6,6.65,5.6818,5.6779,9.008,5.6818,,,2.6888,4.4784
w316759220,Бендеры,Хомутяновка,улица Осипенко,35,3,22.2,6.61,5.6636,5.6597,8.969,5.6636,,,2.7069,4.4966
w316759217,Бендеры,Хомутяновка,улица Осипенко,37,3,25.2,6.58,5.6495,5.6456,8.937,5.6495,,,2.7211,4.5107
w316759073,Бендеры,Хомутяновка,улица Осипенко,39,3,22.1,6.53,5.6313,5.6274,8.897,5.6313,,,2.7393,4.5289
w315807224,Бендеры,Хомутяновка,улица Осипенко,45,3,26.7,6.58,5.6284,5.6245,8.92,5.6284,,,2.9822,4.7719
w315807231,Бендеры,Хомутяновка,улица Осипенко,47,3,21.6,6.59,5.537,5.5331,8.834,5.537,,,2.9986,4.7882
w315851307,Бендеры,Хомутяновка,улица Осипенко,49,3,26.2,6.55,5.5199,5.516,8.797,5.5199,,,3.0157,4.8054
w315851319,Бендеры,Хомутяновка,улица Осипенко,51,3,20.5,6.51,5.5034,5.4995,8.76,5.5034,,,3.0322,4.8219
w315851320,Бендеры,Хомутяновка,улица Осипенко,53,3,22.1,6.47,5.4854,5.4815,8.72,5.4854,,,3.0502,4.8398
w315851322,Бендеры,Хомутяновка,улица Осипенко,55,3,25.0,6.43,5.4689,5.465,8.684,5.4689,,,3.2052,4.9948
w315851323,Бендеры,Хомутяновка,улица Осипенко,57,3,25.9,6.39,5.4507,5.4468,8.644,5.4507,,,3.187,4.9766
w315851310,Бендеры,Хомутяновка,улица Осипенко,59,3,28.4,6.34,5.4329,5.429,8.605,5.4329,,,3.1692,4.9589
w303915691,Бендеры,Хомутяновка,улица Островского,2,3,8.6,5.31,4.5644,4.5609,7.221,4.5644,,,3.6341,5.8169
w304088423,Бендеры,Хомутяновка,улица Островского,5,3,15.2,5.22,4.528,4.5246,7.14,4.528,,,3.5977,5.7805
w304088426,Бендеры,Хомутяновка,улица Островского,7,3,17.6,5.18,4.5082,4.5048,7.097,4.5082,,,3.5778,5.7606
w304088427,Бендеры,Хомутяновка,улица Островского,9,3,11.1,5.14,4.4921,4.4888,7.061,4.4921,,,3.5617,5.7445
w303915683,Бендеры,Хомутяновка,улица Островского,10,3,11.0,5.09,4.4736,4.4704,7.021,4.4736,,,3.5433,5.7261
w304088428,Бендеры,Хомутяновка,улица Островского,11,3,11.3,5.08,4.4669,4.4637,7.006,4.4669,,,3.5366,5.7193
w209273598,Бендеры,Хомутяновка,улица Павлика Морозова,1,4,11.9,7.66,6.6541,6.6494,10.482,6.1057,,,2.7706,4.5603
w209273623,Бендеры,Хомутяновка,улица Павлика Морозова,1,4,13.0,7.83,6.6974,6.6927,10.612,6.149,,,2.8139,4.6035
w209273578,Бендеры,Хомутяновка,улица Павлика Морозова,2,4,11.6,7.72,6.6391,6.6344,10.501,6.0907,,,2.7556,4.5452
w209273609,Бендеры,Хомутяновка,улица Павлика Морозова,3,4,11.9,7.68,6.6664,6.6617,10.506,6.118,,,2.7829,4.5725
w209273587,Бендеры,Хомутяновка,улица Павлика Морозова,4,4,12.8,7.82,6.6681,6.6634,10.576,6.1197,,,2.7846,4.5743
w209273573,Бендеры,Хомутяновка,улица Павлика Морозова,5,4,19.2,7.5,6.6597,6.6551,10.411,6.1114,,,2.7763,4.5659
w209273612,Бендеры,Хомутяновка,улица Павлика Морозова,6,4,11.0,7.81,6.7278,6.7231,10.634,6.1794,,,2.8443,4.6339
w209273576,Бендеры,Хомутяновка,улица Павлика Морозова,7,4,13.1,7.84,6.7562,6.7514,10.678,6.2078,,,2.8727,4.6623
w209273596,Бендеры,Хомутяновка,улица Павлика Морозова,8,4,44.4,7.9,6.8234,6.8186,10.773,6.8234,,,2.9399,4.7295
w209273644,Бендеры,Хомутяновка,улица Павлика Морозова,8,4,79.1,8.03,6.8794,6.8746,10.896,6.8794,,,2.9959,4.7855
w442395879,Бендеры,Борисовка,улица Павлика Морозова,12,4,55.4,9.26,7.2683,7.2625,11.898,6.7199,,,3.3848,5.1744
w103992836,Бендеры,Хомутяновка,улица Павлика Морозова,13,4,26.6,8.01,6.8323,6.8275,10.838,6.8323,,,2.9489,4.7385
n5172818451,Бендеры,Борисовка,улица Павлика Морозова,15,4,26.0,8.52,6.9892,6.9842,11.25,6.4408,,,3.1057,4.8953
w222986041,Бендеры,Борисовка,улица Павлика Морозова,15,4,19.6,8.35,6.8616,6.8568,11.037,6.3132,,,2.9781,4.7677
w103992878,Бендеры,Борисовка,улица Павлика Морозова,17,4,13.4,8.57,6.9165,6.9117,11.201,6.3682,,,3.0331,4.8227
w103992837,Бендеры,Борисовка,улица Павлика Морозова,19,4,14.7,8.64,6.9333,6.9284,11.252,6.3849,,,3.0498,4.8395
w209267149,Бендеры,Борисовка,улица Панфилова,1,4,18.6,6.46,6.3364,6.3335,9.566,4.7842,,,1.4491,3.2387
w209267181,Бендеры,Борисовка,улица Панфилова,1а,4,19.9,6.51,6.3945,6.3916,9.651,4.7262,,,1.391,3.1807
w209267117,Бендеры,Борисовка,улица Панфилова,4A,4,9.7,7.47,6.7412,6.7375,10.476,4.8669,,,1.5318,3.3214
n2334305069,Бендеры,Борисовка,улица Панфилова,7,4,13.9,7.29,6.6645,6.6609,10.308,4.7901,,,1.455,3.2447
n2334305071,Бендеры,Борисовка,улица Панфилова,9,4,10.7,7.4,6.7131,6.7094,10.414,4.8388,,,1.5037,3.2933
w209267177,Бендеры,Борисовка,улица Панфилова,12,4,22.1,6.42,6.2984,6.2956,9.511,4.8222,,,1.4871,3.2767
w319226862,Бендеры,Борисовка,улица Панфилова,15,4,11.9,7.49,6.7491,6.7452,10.493,4.8747,,,1.5396,3.3293
w319226864,Бендеры,Борисовка,улица Панфилова,17,4,14.3,7.61,6.7996,6.7957,10.605,4.9253,,,1.5902,3.3798
w209267113,Бендеры,Борисовка,улица Панфилова,25,4,19.0,7.11,6.5096,6.5064,10.067,4.8804,,,1.5453,3.3349
w319615905,Бендеры,Борисовка,улица Петровского,2,2,15.2,6.17,3.9367,3.9322,7.023,3.9367,,,0.6016,2.3913
w165763752,Бендеры,Борисовка,улица Петровского,5,2,29.5,6.06,3.8877,3.8832,6.915,3.8877,,,0.5526,2.3422
w165763737,Бендеры,Борисовка,улица Петровского,7,2,44.1,6.33,4.0014,3.9967,7.166,4.0014,,,0.6663,2.4559
w116073003,Бендеры,Борисовка,улица Петровского,8,2,13.5,5.24,3.5276,3.5239,6.149,3.5276,,,0.1925,1.9821
w116073004,Бендеры,Борисовка,улица Петровского,8,2,19.7,5.59,3.6941,3.6901,6.49,3.6941,,,0.359,2.1487
w116073002,Бендеры,Борисовка,улица Петровского,10,2,13.5,5.38,3.562,3.5583,6.252,3.562,,,0.2269,2.0165
n2325402378,Бендеры,Борисовка,улица Петровского,17,2,22.2,5.13,3.5015,3.4979,6.066,3.5015,,,0.1663,1.956
w319144175,Бендеры,Борисовка,улица Петровского,19,2,17.9,5.17,3.5175,3.5138,6.101,3.5175,,,0.1824,1.972
w319144172,Бендеры,Борисовка,улица Петровского,21,2,17.2,5.2,3.532,3.5284,6.133,3.532,,,0.1969,1.9866
w319144169,Бендеры,Борисовка,улица Петровского,23,2,21.3,5.24,3.5469,3.5432,6.166,3.5469,,,0.2118,2.0014
w91848280,Бендеры,Борисовка,улица Петровского,24,2,13.9,7.2,4.2901,4.2849,7.892,4.2901,,,0.955,2.7447
w319144165,Бендеры,Борисовка,улица Петровского,25,2,16.7,5.26,3.5588,3.5551,6.191,3.5588,,,0.2237,2.0133
w225209888,Бендеры,Борисовка,улица Петровского,26,2,30.2,7.28,4.3101,4.3049,7.952,4.3101,,,0.975,2.7647
w319144163,Бендеры,Борисовка,улица Петровского,27,2,21.0,5.29,3.5717,3.5679,6.219,3.5717,,,0.2366,2.0262
w319144160,Бендеры,Борисовка,улица Петровского,29,2,22.4,5.33,3.5873,3.5836,6.254,3.5873,,,0.2522,2.0419
w319144157,Бендеры,Борисовка,улица Петровского,31,2,21.9,5.37,3.6021,3.5983,6.286,3.6021,,,0.267,2.0566
w319144154,Бендеры,Борисовка,улица Петровского,33,2,18.8,5.43,3.6276,3.6237,6.343,3.6276,,,0.2925,2.0821
w319144151,Бендеры,Борисовка,улица Петровского,35,2,22.3,5.46,3.6418,3.6379,6.374,3.6418,,,0.3067,2.0964
w319144149,Бендеры,Борисовка,улица Петровского,37,2,17.3,5.5,3.6567,3.6528,6.408,3.6567,,,0.3216,2.1113
w319144146,Бендеры,Борисовка,улица Петровского,39,2,18.9,5.54,3.6705,3.6665,6.438,3.6705,,,0.3354,2.125
w319142248,Бендеры,Борисовка,улица Петровского,43,2,18.3,5.62,3.7054,3.7013,6.515,3.7054,,,0.3703,2.1599
w91848269,Бендеры,Борисовка,улица Петровского,45,2,13.1,6.93,4.4471,4.4418,7.911,4.4471,,,0.9577,2.9016
w91848291,Бендеры,Борисовка,улица Петровского,47,2,12.4,7.07,4.2777,4.2726,7.814,4.2777,,,0.9426,2.7322
w319141461,Бендеры,Борисовка,улица Петровского,49,2,18.6,5.98,3.855,3.8506,6.843,3.855,,,0.5199,2.3095
w319141460,Бендеры,Борисовка,улица Петровского,51,2,21.1,6.03,3.8757,3.8713,6.889,3.8757,,,0.5406,2.3302
w319615906,Бендеры,Борисовка,улица Петровского,53,2,14.4,6.23,3.9621,3.9575,7.079,3.9621,,,0.627,2.4166
w352148088,Бендеры,Борисовка,улица Петровского,61,2,17.4,6.4,4.0305,4.0258,7.229,4.0305,,,0.6954,2.485
n2325729694,Бендеры,Борисовка,улица Петровского,65,2,16.4,6.5,4.0747,4.0699,7.326,4.0747,,,0.7396,2.5292
w317051450,Бендеры,Хомутяновка,улица Ползунова,2,3,11.4,6.16,5.6278,5.6246,8.705,5.6278,,,2.3876,4.1772
w317051449,Бендеры,Хомутяновка,улица Ползунова,4,3,15.7,6.19,5.6429,5.6398,8.739,5.6429,,,2.4028,4.1924
w317051446,Бендеры,Хомутяновка,улица Ползунова,6,3,12.8,6.16,5.5642,5.5611,8.643,5.5642,,,2.419,4.2087
w317051440,Бендеры,Хомутяновка,улица Ползунова,8,3,15.8,6.12,5.5496,5.5464,8.611,5.5496,,,2.4337,4.2233
w209416029,Бендеры,Хомутяновка,улица Ползунова,9,3,13.3,6.08,5.5321,5.5289,8.573,5.5321,,,2.4512,4.2408
w317051437,Бендеры,Хомутяновка,улица Ползунова,10,3,17.1,6.09,5.5366,5.5334,8.582,5.5366,,,2.4467,4.2363
w209416049,Бендеры,Хомутяновка,улица Ползунова,11,3,14.1,6.05,5.5174,5.5142,8.541,5.5174,,,2.575,4.3646
w317051435,Бендеры,Хомутяновка,улица Ползунова,12,3,15.2,6.06,5.5209,5.5178,8.548,5.5209,,,2.4623,4.252
w209416063,Бендеры,Хомутяновка,улица Ползунова,13,3,14.0,6.01,5.5035,5.5004,8.51,5.5035,,,2.5611,4.3508
w317051433,Бендеры,Хомутяновка,улица Ползунова,14,3,12.8,6.02,5.5066,5.5034,8.517,5.5066,,,2.5642,4.3539
w209416092,Бендеры,Хомутяновка,улица Ползунова,15,3,15.8,5.97,5.4878,5.4847,8.475,5.4878,,,2.5455,4.3351
w317051431,Бендеры,Хомутяновка,улица Ползунова,16,3,11.9,5.99,5.4942,5.491,8.489,5.4942,,,2.5518,4.3414
w315851326,Бендеры,Хомутяновка,улица Ползунова,21,3,14.4,6.04,5.4888,5.4856,8.506,5.4888,,,2.5464,4.3361
w316645117,Бендеры,Хомутяновка,улица Ползунова,22,3,14.7,6.03,5.4865,5.4833,8.501,5.4865,,,2.5441,4.3338
w209416082,Бендеры,Хомутяновка,улица Ползунова,23,3,14.9,6.03,5.4208,5.4176,8.434,5.4208,,,2.5625,4.3521
w316645115,Бендеры,Хомутяновка,улица Ползунова,24,3,20.2,6.04,5.4249,5.4217,8.443,5.4249,,,2.5584,4.3481
w209416028,Бендеры,Хомутяновка,улица Ползунова,25,3,14.7,5.99,5.4069,5.4037,8.404,5.4069,,,2.5764,4.366
w316645114,Бендеры,Хомутяновка,улица Ползунова,26,3,13.6,6.0,5.4094,5.4062,8.409,5.4094,,,2.5739,4.3635
w209416084,Бендеры,Хомутяновка,улица Ползунова,27,3,15.0,5.96,5.392,5.3888,8.371,5.392,,,2.5913,4.3809
w316645110,Бендеры,Хомутяновка,улица Ползунова,28,3,14.1,5.96,5.3943,5.3911,8.376,5.3943,,,2.589,4.3786
w209416042,Бендеры,Хомутяновка,улица Ползунова,29,3,14.5,5.92,5.3768,5.3737,8.338,5.3768,,,2.6064,4.3961
w316031270,Бендеры,Хомутяновка,улица Ползунова,30,3,13.2,5.93,5.3795,5.3763,8.344,5.3795,,,2.6038,4.3934
w209416038,Бендеры,Хомутяновка,улица Ползунова,31,3,15.5,5.89,5.3644,5.3612,8.31,5.3644,,,2.7182,4.5078
w316031267,Бендеры,Хомутяновка,улица Ползунова,32,3,14.5,5.89,5.3642,5.361,8.31,5.3642,,,2.718,4.5076
w209416078,Бендеры,Хомутяновка,улица Ползунова,33,3,15.2,5.85,5.3482,5.3451,8.275,5.3482,,,2.7021,4.4917
w316031266,Бендеры,Хомутяновка,улица Ползунова,34,3,13.5,5.86,5.3495,5.3463,8.278,5.3495,,,2.7033,4.4929
w316031264,Бендеры,Хомутяновка,улица Ползунова,36,3,13.0,5.82,5.3335,5.3303,8.243,5.3335,,,2.6873,4.4769
w315618146,Бендеры,Хомутяновка,улица Ползунова,38,3,14.1,5.88,5.3347,5.3315,8.273,5.3347,,,2.6885,4.4782
w209287675,Бендеры,Хомутяновка,улица Ползунова,39,3,14.9,5.91,5.3487,5.3455,8.304,5.3487,,,2.7025,4.4921
w315618137,Бендеры,Хомутяновка,улица Ползунова,40,3,16.2,5.94,5.3617,5.3585,8.333,5.3617,,,2.7155,4.5052
w209287666,Бендеры,Хомутяновка,улица Ползунова,41,3,16.7,5.92,5.2568,5.2537,8.219,5.2568,,,2.7319,4.5215
w315425217,Бендеры,Хомутяновка,улица Ползунова,42,3,13.6,5.93,5.2578,5.2546,8.222,5.2578,,,2.731,4.5206
w209287689,Бендеры,Хомутяновка,улица Ползунова,43,3,19.5,5.89,5.2437,5.2405,8.19,5.2437,,,2.745,4.5347
w315425216,Бендеры,Хомутяновка,улица Ползунова,44,3,13.8,5.89,5.2415,5.2383,8.186,5.2415,,,2.7472,4.5369
w209287698,Бендеры,Хомутяновка,улица Ползунова,45,3,15.1,5.85,5.2253,5.2221,8.15,5.2253,,,2.7635,4.5531
w315425215,Бендеры,Хомутяновка,улица Ползунова,46,3,13.2,5.86,5.2279,5.2247,8.156,5.2279,,,2.7608,4.5505
w209287642,Бендеры,Хомутяновка,улица Ползунова,47,3,14.5,5.81,5.21,5.2069,8.117,5.21,,,2.7787,4.5683
w315425213,Бендеры,Хомутяновка,улица Ползунова,48,3,15.1,5.83,5.2147,5.2115,8.127,5.2147,,,2.7741,4.5637
w209287665,Бендеры,Хомутяновка,улица Ползунова,49,3,14.4,5.78,5.1962,5.193,8.086,5.1962,,,2.7925,4.5822
w315425211,Бендеры,Хомутяновка,улица Ползунова,50,3,15.0,5.79,5.1997,5.1965,8.094,5.1997,,,2.7891,4.5787
w209287687,Бендеры,Хомутяновка,улица Ползунова,51,3,13.8,5.74,5.1811,5.1779,8.053,5.1811,,,2.9174,4.707
w315425210,Бендеры,Хомутяновка,улица Ползунова,52,3,14.1,5.75,5.1849,5.1817,8.062,5.1849,,,2.9212,4.7108
w209287654,Бендеры,Хомутяновка,улица Ползунова,53,3,14.4,5.71,5.1674,5.1642,8.023,5.1674,,,2.9037,4.6933
w315425209,Бендеры,Хомутяновка,улица Ползунова,54,3,14.3,5.72,5.1711,5.1679,8.031,5.1711,,,2.9074,4.697
w209287656,Бендеры,Хомутяновка,улица Ползунова,55,3,13.9,5.68,5.1546,5.1514,7.995,5.1546,,,2.8909,4.6805
w315425208,Бендеры,Хомутяновка,улица Ползунова,56,3,16.6,5.69,5.1567,5.1535,7.999,5.1567,,,2.893,4.6826
w209416055,Бендеры,Хомутяновка,улица Ползунова,59,3,13.8,5.7,5.1405,5.1373,7.991,5.1405,,,2.8768,4.6665
w209416076,Бендеры,Хомутяновка,улица Ползунова,61,3,14.4,5.74,5.1565,5.1533,8.026,5.1565,,,2.8928,4.6824
w315193168,Бендеры,Хомутяновка,улица Ползунова,62,3,14.9,5.72,5.1508,5.1476,8.013,5.1508,,,2.8871,4.6767
w209416019,Бендеры,Хомутяновка,улица Ползунова,63,3,15.0,5.75,5.0779,5.0747,7.951,5.0779,,,2.9065,4.6961
w315193162,Бендеры,Хомутяновка,улица Ползунова,64,3,14.7,5.76,5.0824,5.0792,7.962,5.0824,,,2.902,4.6916
w209416024,Бендеры,Хомутяновка,улица Ползунова,65,3,14.9,5.71,5.064,5.0609,7.921,5.064,,,2.9203,4.71
w315193161,Бендеры,Хомутяновка,улица Ползунова,66,3,14.8,5.72,5.0684,5.0652,7.931,5.0684,,,2.916,4.7056
w315193151,Бендеры,Хомутяновка,улица Ползунова,68,3,35.4,5.69,5.0547,5.0515,7.901,5.0547,,,2.9297,4.7193
w209416053,Бендеры,Хомутяновка,улица Ползунова,69,3,14.5,5.64,5.0339,5.0308,7.855,5.0339,,,2.9505,4.7401
w315193136,Бендеры,Хомутяновка,улица Ползунова,70,3,17.8,5.65,5.0365,5.0333,7.861,5.0365,,,2.9479,4.7375
w209416037,Бендеры,Хомутяновка,улица Ползунова,71,3,23.7,5.6,5.018,5.0148,7.82,5.018,,,2.9664,4.756
w315193137,Бендеры,Хомутяновка,улица Ползунова,72,3,16.7,5.62,5.0241,5.0209,7.833,5.0241,,,2.9603,4.7499
w209416054,Бендеры,Хомутяновка,улица Ползунова,73,3,14.7,5.57,5.0051,5.0019,7.791,5.0051,,,3.0904,4.88
w315425271,Бендеры,Хомутяновка,улица Ползунова,74,3,15.0,5.58,5.0096,5.0064,7.801,5.0096,,,3.0949,4.8845
w209416073,Бендеры,Хомутяновка,улица Ползунова,75,3,17.2,5.54,4.9931,4.9899,7.765,4.9931,,,3.0784,4.868
w315108395,Бендеры,Хомутяновка,улица Ползунова,76,3,23.1,5.54,4.9934,4.9902,7.766,4.9934,,,3.0788,4.8684
w209287651,Бендеры,Хомутяновка,улица Ползунова,86,3,25.7,5.33,5.1228,5.1199,7.789,5.1228,,,2.6627,4.4523
w209287673,Бендеры,Хомутяновка,улица Ползунова,88,3,22.4,5.32,5.1076,5.1047,7.768,5.1076,,,2.6779,4.4675
w352111747,Бендеры,Хомутяновка,улица Полоза,2,4,24.9,7.07,5.9276,5.9233,9.463,5.9276,,,2.9922,4.7818
w352111750,Бендеры,Хомутяновка,улица Полоза,2а,3,8.7,7.04,5.9127,5.9084,9.431,5.9127,,,2.9773,4.7669
w352265854,Бендеры,Хомутяновка,улица Полоза,3,4,11.6,7.13,5.9518,5.9475,9.517,5.9518,,,3.0164,4.8061
w91850337,Бендеры,Хомутяновка,улица Полоза,4,4,18.3,7.45,6.0384,6.034,9.763,6.0384,,,3.1031,4.8927
w352265855,Бендеры,Хомутяновка,улица Полоза,5,4,11.1,7.17,5.9675,5.9632,9.551,5.9675,,,3.0322,4.8218
w91850345,Бендеры,Хомутяновка,улица Полоза,6,4,15.5,7.54,6.0615,6.0569,9.832,6.0615,,,3.1261,4.9157
w209287637,Бендеры,Хомутяновка,улица Полоза,8,4,12.6,7.78,6.1218,6.1173,10.013,6.1218,,,3.1864,4.9761
w352263829,Бендеры,Хомутяновка,улица Полоза,9,4,10.3,7.27,6.0095,6.0051,9.644,6.0095,,,3.0741,4.8638
w209273564,Бендеры,Хомутяновка,улица Полоза,10,4,56.9,9.16,7.2199,7.2143,11.802,6.6715,,,3.3364,5.1261
w209287659,Бендеры,Хомутяновка,улица Полоза,10,4,13.5,7.96,6.1674,6.1628,10.15,6.1674,,,3.232,5.0216
w352263828,Бендеры,Хомутяновка,улица Полоза,11,4,10.9,7.3,6.0242,6.0197,9.676,6.0242,,,3.0888,4.8784
w209287667,Бендеры,Хомутяновка,улица Полоза,12,4,12.4,8.13,6.2089,6.2043,10.275,6.2089,,,3.2736,5.0632
w352263824,Бендеры,Хомутяновка,улица Полоза,13,4,11.0,7.34,6.0387,6.0341,9.707,6.0387,,,3.1033,4.8929
w209287681,Бендеры,Хомутяновка,улица Полоза,14,4,12.1,7.42,6.0457,6.0412,9.754,6.0457,,,3.1103,4.8999
w352263822,Бендеры,Хомутяновка,улица Полоза,15,4,13.2,7.38,6.0563,6.0517,9.746,6.0563,,,3.1209,4.9105
w209287660,Бендеры,Хомутяновка,улица Полоза,16,4,13.4,7.72,6.1222,6.1177,9.984,6.1222,,,3.1868,4.9764
w209287693,Бендеры,Хомутяновка,улица Полоза,18,4,18.5,7.49,6.0876,6.0831,9.833,6.0876,,,3.1523,4.9419
w209287671,Бендеры,Хомутяновка,улица Полоза,20,4,14.0,7.67,6.131,6.1264,9.963,6.131,,,3.1956,4.9853
w209654391,Бендеры,Хомутяновка,улица Сергея Ревенялэ,2,3,13.3,6.14,5.2416,5.2381,8.314,5.2416,,,3.0415,4.8311
w209654392,Бендеры,Хомутяновка,улица Сергея Ревенялэ,2,3,13.0,6.0,5.2045,5.201,8.203,5.2045,,,3.1184,4.908
w299629715,Бендеры,Хомутяновка,улица Сергея Ревенялэ,2а/1,3,17.9,6.15,5.0946,5.0911,8.171,5.0946,,,3.3551,6.347
w302074741,Бендеры,Хомутяновка,улица Сергея Ревенялэ,3,3,17.2,6.02,5.2323,5.2288,8.243,5.2323,,,3.1462,4.9358
w302074740,Бендеры,Хомутяновка,улица Сергея Ревенялэ,5,3,16.1,5.9,5.2172,5.2137,8.169,5.2172,,,3.1311,4.9207
n4835050372,Бендеры,Хомутяновка,улица Сергея Ревенялэ,"6 кв. 3,4",3,25.9,6.31,5.3508,5.3472,8.504,5.3508,,,2.9617,4.7514
w302074738,Бендеры,Хомутяновка,улица Сергея Ревенялэ,7,3,18.5,6.01,5.261,5.2574,8.265,5.261,,,3.1748,4.9645
n4835050371,Бендеры,Хомутяновка,улица Сергея Ревенялэ,8 кв. 1,3,15.2,6.35,5.3581,5.3546,8.531,5.3581,,,2.9283,4.7179
w302074736,Бендеры,Хомутяновка,улица Сергея Ревенялэ,9,3,18.6,6.05,5.1455,5.1419,8.171,5.1455,,,3.2065,4.9961
w302074735,Бендеры,Хомутяновка,улица Сергея Ревенялэ,11,3,15.8,6.0,5.1245,5.1209,8.125,5.1245,,,3.2274,5.0171
w302074727,Бендеры,Хомутяновка,улица Сергея Ревенялэ,13,3,16.6,5.92,5.0889,5.0853,8.046,5.0889,,,3.263,6.3413
w317053527,Бендеры,Хомутяновка,улица Спартака,1,3,9.1,6.58,5.7556,5.7516,9.047,5.7556,,,2.6473,4.4369
w317053524,Бендеры,Хомутяновка,улица Спартака,3,3,9.8,6.65,5.7824,5.7783,9.106,5.7824,,,2.6741,4.4637
w317053529,Бендеры,Хомутяновка,улица Спартака,4,3,15.6,6.66,5.7864,5.7824,9.115,5.7864,,,2.6781,4.4678
w317053522,Бендеры,Хомутяновка,улица Спартака,5,3,8.3,6.69,5.8018,5.7977,9.148,5.8018,,,2.6935,4.4831
w317053532,Бендеры,Хомутяновка,улица Спартака,6,3,14.6,6.7,5.8027,5.7986,9.151,5.8027,,,2.6944,4.4841
w317053530,Бендеры,Хомутяновка,улица Спартака,8,3,14.2,6.74,5.8201,5.816,9.189,5.8201,,,2.7118,4.5015
w315807407,Бендеры,Хомутяновка,улица Спартака,17,3,10.4,5.84,5.4479,5.4447,8.37,5.4479,,,2.5055,4.2951
w316172927,Бендеры,Хомутяновка,улица Спартака,17,3,12.3,6.07,5.5417,5.5383,8.577,5.5417,,,2.5993,4.3889
w316645123,Бендеры,Хомутяновка,улица Спартака,18,3,11.0,5.91,5.4749,5.4717,8.431,5.4749,,,2.5325,4.3221
w315851328,Бендеры,Хомутяновка,улица Спартака,19,3,13.6,5.83,5.4427,5.4396,8.359,5.4427,,,2.5003,4.29
w316645122,Бендеры,Хомутяновка,улица Спартака,19,3,9.7,6.07,5.5419,5.5385,8.578,5.5419,,,2.5996,4.3892
w316645118,Бендеры,Хомутяновка,улица Спартака,20,3,9.9,5.91,5.4754,5.4722,8.431,5.4754,,,2.533,4.3226
w317053545,Бендеры,Хомутяновка,улица Спартака,25,3,11.6,6.49,5.7161,5.7123,8.961,5.7161,,,2.7737,4.5634
w316785297,Бендеры,Хомутяновка,улица Спартака,27,3,8.9,6.49,5.7157,5.7118,8.96,5.7157,,,2.7733,4.5629
w317051454,Бендеры,Хомутяновка,улица Спартака,28,3,12.4,6.17,5.5824,5.5789,8.666,5.5824,,,2.64,4.4296
w317149184,Бендеры,Хомутяновка,улица Спартака,28,3,17.8,6.41,5.6823,5.6785,8.886,5.6823,,,2.7399,4.5295
w316785300,Бендеры,Хомутяновка,улица Спартака,29,3,26.5,6.47,5.7081,5.7043,8.943,5.7081,,,2.7657,4.5553
w316785289,Бендеры,Хомутяновка,улица Спартака,30,3,11.7,6.17,5.5817,5.5782,8.664,5.5817,,,2.6393,4.4289
w316785295,Бендеры,Хомутяновка,улица Спартака,30,3,10.4,6.36,5.6625,5.6588,8.842,5.6625,,,2.7201,4.5098
w317051455,Бендеры,Хомутяновка,улица Спартака,31,3,10.4,6.29,5.6327,5.6291,8.776,5.6327,,,2.6903,4.4799
w316785292,Бендеры,Хомутяновка,улица Спартака,33,3,8.1,6.28,5.6288,5.6252,8.768,5.6288,,,2.6864,4.476
w209416027,Бендеры,Хомутяновка,улица Спартака,54,3,21.8,5.6,5.4081,5.4052,8.206,5.4081,,,2.3775,4.1671
w209416068,Бендеры,Хомутяновка,улица Спартака,56,3,17.4,5.69,5.3856,5.3827,8.233,5.3856,,,2.4433,4.2329
w209416065,Бендеры,Хомутяновка,улица Спартака,58,3,14.1,5.69,5.3823,5.3794,8.226,5.3823,,,2.44,4.2296
w209416030,Бендеры,Хомутяновка,улица Спартака,60,3,19.1,5.53,5.334,5.331,8.098,5.334,,,2.4516,4.2412
w315851327,Бендеры,Хомутяновка,улица Спартака,62,3,21.6,5.52,5.3229,5.32,8.082,5.3229,,,2.4626,4.2522
w209416039,Бендеры,Хомутяновка,улица Спартака,64,3,19.3,5.5,5.3052,5.3023,8.056,5.3052,,,2.4803,4.27
w209416041,Бендеры,Хомутяновка,улица Спартака,66,3,21.0,5.49,5.2909,5.288,8.035,5.2909,,,2.4946,4.2842
w302074728,Бендеры,Хомутяновка,улица Старого,2,3,27.8,5.8,5.084,5.0803,7.985,5.084,,,3.3445,6.3364
w209654292,Бендеры,Хомутяновка,улица Старого,2а,3,22.3,5.65,4.9699,4.9665,7.797,4.9699,,,3.2304,6.2224
w302074726,Бендеры,Хомутяновка,улица Старого,2а,3,19.1,6.16,5.1769,5.1731,8.258,5.1769,,,3.4374,6.4294
w315193177,Бендеры,Хомутяновка,улица Старого,2а,3,21.9,5.83,5.0134,5.01,7.928,5.0134,,,3.2738,6.2658
w301982100,Бендеры,Хомутяновка,улица Старого,3,3,31.4,5.82,5.0901,5.0864,7.998,5.0901,,,3.3506,6.3425
w315618360,Бендеры,Хомутяновка,улица Старого,4,3,25.2,5.15,4.8079,4.8048,7.385,4.8079,,,3.0684,4.858
w315618358,Бендеры,Хомутяновка,улица Старого,6,3,23.7,5.17,4.8217,4.8187,7.409,4.8217,,,3.0822,4.8718
w315618357,Бендеры,Хомутяновка,улица Старого,8,3,23.1,5.2,4.8359,4.8327,7.434,4.8359,,,3.0963,4.886
w209287632,Бендеры,Хомутяновка,улица Старого,9,3,12.1,5.36,4.8443,4.8412,7.527,4.8443,,,3.1048,4.8944
w315618356,Бендеры,Хомутяновка,улица Старого,10,3,22.9,5.22,4.8492,4.8461,7.458,4.8492,,,3.1097,4.8993
w209287679,Бендеры,Хомутяновка,улица Старого,11,3,13.6,5.47,4.7997,4.7965,7.534,4.7997,,,3.1815,6.0521
w315618354,Бендеры,Хомутяновка,улица Старого,12,3,24.9,5.24,4.8622,4.859,7.481,4.8622,,,3.1226,4.9123
w209287650,Бендеры,Хомутяновка,улица Старого,13,3,12.3,5.81,5.0373,5.0337,7.941,5.0373,,,3.2978,5.0874
w315193207,Бендеры,Хомутяновка,улица Старого,14,3,22.6,5.25,4.875,4.8718,7.502,4.875,,,3.1355,4.9251
w315108398,Бендеры,Хомутяновка,улица Старого,16,3,22.2,5.28,4.8891,4.8859,7.527,4.8891,,,3.1496,4.9392
w315108397,Бендеры,Хомутяновка,улица Старого,18,3,22.1,5.3,4.9025,4.8992,7.551,4.9025,,,3.163,4.9526
w302074722,Бендеры,Хомутяновка,улица Старого,19,3,15.9,5.74,5.1,5.0962,7.972,5.1,,,3.3605,5.1501
w297019343,Бендеры,Хомутяновка,улица Старого,20,3,21.9,5.32,4.9159,4.9126,7.574,4.9159,,,3.1764,4.966
w209287631,Бендеры,Хомутяновка,улица Старого,21,3,11.9,5.88,5.1253,5.1215,8.064,5.1253,,,3.3858,5.1754
w209654357,Бендеры,Хомутяновка,улица Старого,21/1,3,25.3,5.04,4.8017,4.7988,7.319,4.8017,,,2.9838,4.7734
w302066909,Бендеры,Хомутяновка,улица Старого,23,3,20.3,4.98,4.7413,4.7384,7.232,4.7413,,,3.0443,5.9937
w302066911,Бендеры,Хомутяновка,улица Старого,25,3,35.8,4.96,4.7212,4.7182,7.202,4.7212,,,3.0644,5.9736
w302074721,Бендеры,Хомутяновка,улица Старого,27,3,27.9,5.96,4.9819,4.9783,7.964,4.9819,,,3.483,6.2343
w318120129,Бендеры,Хомутяновка,улица Старого,39,3,17.3,5.72,5.1813,5.1773,8.04,5.1813,,,3.4418,5.2314
n2321951516,Бендеры,Хомутяновка,улица Старого,40,3,10.4,5.79,5.2277,5.2236,8.12,5.2277,,,3.4882,5.2778
w315618362,Бендеры,Хомутяновка,улица Старого,126,3,22.6,5.04,4.8035,4.8006,7.322,4.8035,,,2.982,4.7717
w315618361,Бендеры,Хомутяновка,улица Старого,128,3,20.3,5.02,4.7868,4.7838,7.298,4.7868,,,2.9988,4.7884
w319366983,Бендеры,Хомутяновка,улица Старого,130Б,3,17.9,4.98,4.737,4.7341,7.225,4.737,,,3.0485,5.9895
w209287624,Бендеры,Хомутяновка,улица Старого,130а,3,22.6,5.31,4.8303,4.8273,7.484,4.8303,,,3.0908,4.8804
n2325366576,Бендеры,Борисовка,улица Титова,2а,2,12.7,6.28,4.2279,4.2226,7.368,4.2279,,,0.8928,2.6824
w319620037,Бендеры,Борисовка,улица Титова,3,2,16.4,6.71,4.4081,4.4025,7.763,4.4081,,,1.073,2.8627
w319139368,Бендеры,Борисовка,улица Титова,4,2,21.3,6.16,4.1632,4.158,7.241,4.1632,,,0.8281,2.6177
w319139367,Бендеры,Борисовка,улица Титова,6,2,16.4,6.11,4.1365,4.1314,7.194,4.1365,,,0.8014,2.591
n2325729699,Бендеры,Борисовка,улица Титова,7,2,6.0,6.61,4.3673,4.3617,7.674,4.3673,,,1.0322,2.8218
n2325729697,Бендеры,Борисовка,улица Титова,9,2,4.8,6.55,4.3418,4.3362,7.618,4.3418,,,1.0067,2.7963
w303917471,Бендеры,Борисовка,улица Титова,10/2,2,13.8,5.55,3.727,3.7233,6.503,3.727,,,0.4274,2.1815
w96821686,Бендеры,Борисовка,улица Титова,10а,2,15.2,7.04,4.1892,4.1846,7.712,4.1892,,,0.8541,2.6438
w319139364,Бендеры,Борисовка,улица Титова,12,2,11.1,5.99,4.0523,4.0474,7.046,4.0523,,,0.7171,2.5068
w319139360,Бендеры,Борисовка,улица Титова,14,2,16.7,5.91,4.0016,3.9969,6.957,4.0016,,,0.6665,2.4561
w319139359,Бендеры,Борисовка,улица Титова,16,2,15.2,5.88,3.9819,3.9772,6.924,3.9819,,,0.6468,2.4364
w319135682,Бендеры,Борисовка,улица Титова,18,2,18.9,5.86,3.9647,3.9601,6.893,3.9647,,,0.6296,2.4192
w319135681,Бендеры,Борисовка,улица Титова,20,2,30.1,5.81,3.9347,3.9302,6.841,3.9347,,,0.5996,2.3892
w318701775,Бендеры,Борисовка,улица Титова,24,2,31.4,5.67,3.8378,3.8335,6.671,3.8378,,,0.5027,2.2923
w318701776,Бендеры,Борисовка,улица Титова,26,2,20.4,5.65,3.8256,3.8213,6.65,3.8256,,,0.4905,2.2801
w318701779,Бендеры,Борисовка,улица Титова,30,2,14.2,5.59,3.7907,3.7865,6.588,3.7907,,,0.4556,2.2452
w318701793,Бендеры,Борисовка,улица Титова,32,2,12.6,5.57,3.7731,3.769,6.558,3.7731,,,0.438,2.2276
w318701796,Бендеры,Борисовка,улица Титова,34,2,14.5,5.55,3.7629,3.7588,6.54,3.7629,,,0.4278,2.2174
w318701800,Бендеры,Борисовка,улица Титова,36,2,27.7,5.53,3.7458,3.7418,6.51,3.7458,,,0.4107,2.2003
w319141437,Бендеры,Борисовка,улица Титова,37,2,16.8,6.04,4.0861,4.0811,7.105,4.0861,,,0.751,2.5407
w318701809,Бендеры,Борисовка,улица Титова,38,2,17.1,5.49,3.7215,3.7175,6.467,3.7215,,,0.3864,2.1761
w319141439,Бендеры,Борисовка,улица Титова,39,2,14.2,6.0,4.057,4.0521,7.055,4.057,,,0.7219,2.5115
w318701810,Бендеры,Борисовка,улица Титова,40,2,19.0,5.47,3.7043,3.7003,6.438,3.7043,,,0.3692,2.1588
w319141442,Бендеры,Борисовка,улица Титова,41,2,26.1,5.96,4.0324,4.0275,7.012,4.0324,,,0.6973,2.4869
w318701858,Бендеры,Борисовка,улица Титова,42,2,17.1,5.45,3.6918,3.6879,6.415,3.6918,,,0.3567,2.1464
w319141443,Бендеры,Борисовка,улица Титова,43,2,15.9,5.94,4.018,4.0132,6.986,4.018,,,0.6829,2.4726
w532689733,Бендеры,Борисовка,улица Титова,44,2,13.7,5.42,3.6726,3.6687,6.382,3.6726,,,0.3375,2.1271
w318701865,Бендеры,Борисовка,улица Титова,46,2,15.0,5.36,3.6375,3.6337,6.32,3.6375,,,0.3024,2.092
w319141423,Бендеры,Борисовка,улица Титова,47,2,20.6,5.86,3.9657,3.9611,6.895,3.9657,,,0.6306,2.4202
w318702077,Бендеры,Борисовка,улица Титова,48,2,18.8,5.33,3.6118,3.608,6.275,3.6118,,,0.2767,2.0663
w319141424,Бендеры,Борисовка,улица Титова,49,2,14.3,5.83,3.9458,3.9412,6.86,3.9458,,,0.6107,2.4003
w318702079,Бендеры,Борисовка,улица Титова,50,2,15.3,5.3,3.5951,3.5914,6.246,3.5951,,,0.26,2.0496
w319141427,Бендеры,Борисовка,улица Титова,51,2,20.0,5.8,3.9241,3.9196,6.822,3.9241,,,0.589,2.3786
w319144185,Бендеры,Борисовка,улица Титова,52,2,20.5,5.28,3.5807,3.577,6.221,3.5807,,,0.2456,2.0352
w318701866,Бендеры,Борисовка,улица Титова,53,2,38.3,5.36,3.6319,3.6281,6.31,3.6319,,,0.2968,2.0864
w319144188,Бендеры,Борисовка,улица Титова,54,2,17.3,5.25,3.5632,3.5596,6.191,3.5632,,,0.2281,2.0177
w319141431,Бендеры,Борисовка,улица Титова,55,2,20.3,5.67,3.8438,3.8395,6.681,3.8438,,,0.5087,2.2983
w319144191,Бендеры,Борисовка,улица Титова,56,2,15.5,5.24,3.5501,3.5465,6.168,3.5501,,,0.215,2.0046
w319141455,Бендеры,Борисовка,улица Титова,57,2,38.9,5.63,3.8133,3.8091,6.628,3.8133,,,0.4782,2.2678
w319144217,Бендеры,Борисовка,улица Титова,58,2,16.9,5.21,3.5335,3.53,6.139,3.5335,,,0.1984,1.9881
w319142246,Бендеры,Борисовка,улица Титова,59,2,17.7,5.56,3.7658,3.7617,6.545,3.7658,,,0.4307,2.2204
w319144220,Бендеры,Борисовка,улица Титова,60,2,13.3,5.19,3.5168,3.5133,6.109,3.5168,,,0.1817,1.9713
w319144136,Бендеры,Борисовка,улица Титова,61,2,17.3,5.53,3.7468,3.7428,6.512,3.7468,,,0.4117,2.2013
n4515161591,Бендеры,Борисовка,улица Титова,62,2,11.9,5.17,3.5099,3.5064,6.097,3.5099,,,0.1748,1.9644
w532689729,Бендеры,Борисовка,улица Титова,62,2,14.3,5.17,3.5146,3.5112,6.1,3.5146,,,0.1795,1.9692
w319144143,Бендеры,Борисовка,улица Титова,67,2,15.8,5.45,3.6936,3.6897,6.419,3.6936,,,0.3585,2.1481
w319144200,Бендеры,Борисовка,улица Титова,73,2,15.3,5.38,3.647,3.6431,6.337,3.647,,,0.3119,2.1015
w319144203,Бендеры,Борисовка,улица Титова,73,2,17.8,5.35,3.6282,3.6245,6.304,3.6282,,,0.2931,2.0828
n2325366574,Бендеры,Борисовка,улица Титова,112,2,7.2,6.54,4.341,4.3353,7.613,4.341,,,1.0059,2.7955
n2325366575,Бендеры,Борисовка,улица Титова,114,2,6.5,6.41,4.323,4.3174,7.526,4.323,,,0.9879,2.7776
w319523921,Бендеры,Борисовка,улица Титова,118,2,34.5,6.48,4.3107,4.3052,7.55,4.3107,,,0.9756,2.7652
w319523923,Бендеры,Борисовка,улица Титова,120,2,33.5,6.49,4.3926,4.3869,7.638,4.3926,,,1.0575,2.8471
n2325729632,Бендеры,Борисовка,улица Титова,122,2,5.7,6.51,4.4085,4.4028,7.664,4.4085,,,1.0734,2.863
w319523925,Бендеры,Борисовка,улица Титова,124,2,27.7,6.55,4.4416,4.4358,7.718,4.4416,,,1.1065,2.8961
w319620040,Бендеры,Борисовка,улица Титова,126,2,25.9,6.71,4.4078,4.4022,7.763,4.4078,,,1.0727,2.8624
w319620039,Бендеры,Борисовка,улица Титова,128,3,24.4,6.77,4.4331,4.4274,7.819,4.4331,,,1.098,2.8876
w319620043,Бендеры,Борисовка,улица Титова,130,2,14.3,6.86,4.4699,4.4641,7.901,4.4699,,,1.1348,2.9244
w224621713,Бендеры,Хомутяновка,улица Толстого,3,3,15.3,8.11,5.9392,5.935,9.995,5.9392,,,2.6173,4.407
w317053537,Бендеры,Хомутяновка,улица Толстого,5,3,13.9,6.91,5.8788,5.8746,9.335,5.8788,,,2.7705,4.5602
w317053531,Бендеры,Хомутяновка,улица Толстого,7,3,24.2,6.88,5.8666,5.8625,9.308,5.8666,,,2.7583,4.548
w318085557,Бендеры,Хомутяновка,улица Толстого,8,3,16.3,6.89,5.8708,5.8666,9.317,5.8708,,,2.7625,4.5521
w318085558,Бендеры,Хомутяновка,улица Толстого,10,3,15.0,6.86,5.8573,5.8531,9.287,5.8573,,,2.749,4.5386
w317053518,Бендеры,Хомутяновка,улица Толстого,11,3,17.5,6.96,5.8045,5.8003,9.282,5.8045,,,2.7664,4.556
w318085555,Бендеры,Хомутяновка,улица Толстого,12,3,10.3,6.83,5.8425,5.8383,9.255,5.8425,,,2.7342,4.5238
w317053517,Бендеры,Хомутяновка,улица Толстого,13,3,16.2,6.92,5.7901,5.7859,9.25,5.7901,,,2.7807,4.5704
w318085552,Бендеры,Хомутяновка,улица Толстого,14,3,16.2,6.88,5.844,5.8399,9.286,5.844,,,2.7358,4.5254
w317053514,Бендеры,Хомутяновка,улица Толстого,15,3,17.1,6.89,5.7765,5.7723,9.22,5.7765,,,2.7943,4.584
w318085548,Бендеры,Хомутяновка,улица Толстого,16,3,14.4,6.92,5.861,5.8568,9.323,5.861,,,2.7527,4.5423
w317053513,Бендеры,Хомутяновка,улица Толстого,17,3,16.8,6.85,5.7613,5.7571,9.187,5.7613,,,2.8095,4.5992
w318085547,Бендеры,Хомутяновка,улица Толстого,18,3,12.2,6.94,5.8003,5.7961,9.273,5.8003,,,2.7705,4.5602
w317053508,Бендеры,Хомутяновка,улица Толстого,19,3,18.4,6.82,5.7479,5.7437,9.157,5.7479,,,2.823,4.6126
w318085081,Бендеры,Хомутяновка,улица Толстого,20,3,10.5,6.88,5.7729,5.7687,9.212,5.7729,,,2.7979,4.5875
n2321833111,Бендеры,Хомутяновка,улица Толстого,21,3,11.0,6.76,5.7248,5.7206,9.106,5.7248,,,3.0786,4.8682
w317053507,Бендеры,Хомутяновка,улица Толстого,21,3,32.6,6.79,5.7348,5.7306,9.128,5.7348,,,2.8361,4.6257
n2321994003,Бендеры,Хомутяновка,улица Тургенева,1,3,1.8,5.79,5.0704,5.0669,7.965,5.0704,,,3.3309,6.3229
w301982096,Бендеры,Хомутяновка,улица Тургенева,3,3,12.3,5.74,4.8288,4.8251,7.699,4.8288,,,3.3708,6.0812
w161058107,Бендеры,Хомутяновка,улица Тургенева,4,3,11.3,5.52,4.696,4.6924,7.457,4.696,,,3.6661,5.9484
w303915690,Бендеры,Хомутяновка,улица Тургенева,4,3,9.5,5.43,4.696,4.6925,7.412,4.696,,,3.6662,5.9485
w301982090,Бендеры,Хомутяновка,улица Тургенева,7,3,20.0,5.59,4.7682,4.7645,7.565,4.7682,,,3.4314,6.0207
w301982089,Бендеры,Хомутяновка,улица Тургенева,9,3,22.2,5.51,4.7323,4.7286,7.486,4.7323,,,3.4673,5.9847
w303915693,Бендеры,Хомутяновка,улица Тургенева,13,3,12.6,5.28,4.6535,4.6499,7.292,4.6535,,,3.6237,5.906
w303915696,Бендеры,Хомутяновка,улица Тургенева,15,3,16.6,5.36,4.6684,4.6648,7.351,4.6684,,,3.6385,5.9208
w303915697,Бендеры,Хомутяновка,улица Тургенева,17,3,14.7,5.4,4.6841,4.6805,7.386,4.6841,,,3.6543,5.9366
w299629712,Бендеры,Хомутяновка,улица Халтурина,2а/1,3,10.5,6.04,5.066,5.0626,8.085,5.066,,,3.3265,6.3184
w184989535,Бендеры,Хомутяновка,улица Халтурина,6,3,14.4,5.73,5.1546,5.1511,8.02,5.1546,,,3.0684,4.8581
w209287700,Бендеры,Хомутяновка,улица Халтурина,19,3,28.8,5.29,4.9679,4.9649,7.61,4.9679,,,2.8818,4.6714
w209416061,Бендеры,Хомутяновка,улица Халтурина,106,3,22.2,5.19,4.9661,4.9632,7.56,4.9661,,,2.8194,4.609
w209416080,Бендеры,Хомутяновка,улица Халтурина,108,3,22.8,5.17,4.952,4.9491,7.54,4.952,,,2.8335,4.6232
w209416062,Бендеры,Хомутяновка,улица Халтурина,110,3,20.9,5.16,4.9358,4.9329,7.516,4.9358,,,2.8497,4.6393
w209416081,Бендеры,Хомутяновка,улица Халтурина,112,3,20.9,5.15,4.9216,4.9187,7.495,4.9216,,,2.8639,4.6535
w209416025,Бендеры,Хомутяновка,улица Халтурина,114,3,20.3,5.13,4.9079,4.905,7.475,4.9079,,,2.8777,4.6673
w209287626,Бендеры,Хомутяновка,улица Чайковского,1,3,15.8,6.09,5.1784,5.1746,8.223,5.1784,,,3.4389,5.2285
w318120131,Бендеры,Хомутяновка,улица Чайковского,2,3,23.2,5.86,5.1966,5.1926,8.125,5.1966,,,3.4571,5.2467
w209287677,Бендеры,Хомутяновка,улица Чайковского,3,3,12.4,6.12,5.0529,5.049,8.111,5.0529,,,3.554,6.3053
w318120134,Бендеры,Хомутяновка,улица Чайковского,4,3,19.0,5.94,5.23,5.226,8.198,5.23,,,3.4905,5.2801
w318120136,Бендеры,Хомутяновка,улица Чайковского,6,3,18.3,5.98,5.247,5.2431,8.236,5.247,,,3.5075,5.2971
w318120137,Бендеры,Хомутяновка,улица Чайковского,8,3,16.2,6.0,5.2581,5.2541,8.26,5.2581,,,3.5186,5.3082
w319366987,Бендеры,Хомутяновка,улица Чайковского,12,3,20.3,6.01,4.9942,4.9902,8.002,4.9942,,,3.5978,6.2467
w319367001,Бендеры,Хомутяновка,улица Чайковского,14,3,12.6,5.93,4.9595,4.9555,7.925,4.9595,,,3.6326,6.2119
n2337992799,Бендеры,Хомутяновка,улица Чернышевского,26,3,8.2,6.11,4.4511,4.4467,7.508,4.4511,,,4.4162,5.7035
n4997937710,Бендеры,Хомутяновка,улица Чехова,1,3,10.5,5.71,4.8401,4.8366,7.698,4.8401,,,3.3934,6.0925
w209287678,Бендеры,Хомутяновка,улица Чехова,1,3,13.4,5.65,4.8069,4.8036,7.634,4.8069,,,3.308,6.0593
w209287628,Бендеры,Хомутяновка,улица Чехова,2,3,13.3,5.5,4.801,4.7978,7.553,4.801,,,3.3021,6.0535
w209287648,Бендеры,Хомутяновка,улица Чехова,3,3,16.8,5.67,4.9311,4.9274,7.764,4.9311,,,3.4322,6.1835
w209287690,Бендеры,Хомутяновка,улица Чехова,4,3,12.3,5.79,4.9262,4.9226,7.823,4.9262,,,3.3449,6.1786
w209287649,Бендеры,Хомутяновка,улица Чехова,8,3,16.4,5.93,4.9747,4.9711,7.941,4.9747,,,3.4758,6.2272
w209287629,Бендеры,Хомутяновка,улица Чехова,10,3,13.7,6.1,5.019,5.0152,8.067,5.019,,,3.4472,6.2714
w319366988,Бендеры,Хомутяновка,улица Чехова,10,3,13.9,5.96,5.0572,5.0532,8.04,5.0572,,,3.5554,6.3096
w209287657,Бендеры,Хомутяновка,улица Чехова,14а,3,10.8,5.66,4.9046,4.901,7.732,4.9046,,,3.4057,6.157
w302066907,Бендеры,Хомутяновка,улица Чехова,27,3,23.5,4.94,4.6962,4.6933,7.165,4.6962,,,3.0893,5.9487
w302066906,Бендеры,Хомутяновка,улица Чехова,29,3,20.8,4.92,4.6793,4.6764,7.14,4.6793,,,3.1062,5.9318
n2321951523,Бендеры,Хомутяновка,улица Чехова,30,3,6.2,6.07,5.0995,5.0954,8.133,5.0995,,,3.5977,6.3519
w302066905,Бендеры,Хомутяновка,улица Чехова,31,3,20.3,4.91,4.6631,4.6602,7.116,4.6631,,,3.1224,5.9156
w209287630,Бендеры,Хомутяновка,улица Чехова,130,3,14.3,5.61,4.8286,4.8253,7.635,4.8286,,,3.3297,6.081
w209287661,Бендеры,Хомутяновка,улица Чехова,132,3,12.1,5.36,4.7428,4.7396,7.421,4.7428,,,3.2438,5.9952
n2457589696,Парканы,Парканы,улица Ленина,40,2,26.3,4.44,3.6258,4.9695,5.843,3.6258,,,4.3571,2.8741
n2457586882,Парканы,Парканы,улица Ленина,36,2,25.3,4.37,3.5797,4.8927,5.764,3.5797,,,4.311,2.828
n2457586660,Парканы,Парканы,улица Ленина,38,2,25.2,4.4,3.6046,4.9342,5.806,3.6046,,,4.3359,2.8529
n2457586881,Парканы,Парканы,улица Ленина,32,2,25.6,4.33,3.5573,4.8552,5.725,3.5573,,,4.2886,2.8055
n2457589695,Парканы,Парканы,улица Ленина,42,2,24.6,4.46,3.6446,5.0007,5.876,3.6446,,,4.3759,2.8929
n2457589697,Парканы,Парканы,улица Ленина,44,2,25.0,4.49,3.6624,5.0303,5.907,3.6624,,,4.3937,2.9107
n2457586879,Парканы,Парканы,улица Ленина,28,2,25.4,4.26,3.5102,4.7767,5.643,3.5102,,,4.2415,2.7585
n2457586880,Парканы,Парканы,улица Ленина,30,2,23.8,4.3,3.5332,4.815,5.682,3.5332,,,4.2644,2.7814
n2457589700,Парканы,Парканы,улица Ленина,46,2,25.9,4.56,3.7049,5.1012,5.982,3.7049,,,4.4362,2.9532
n2457586878,Парканы,Парканы,улица Ленина,26,2,25.4,4.23,3.4876,4.7392,5.603,3.4876,,,4.2189,2.7359
n2457589704,Парканы,Парканы,улица Ленина,48,2,26.3,4.58,3.7227,5.1308,6.014,3.7227,,,4.454,2.971
n2457589701,Парканы,Парканы,улица Ленина,50,2,26.0,4.61,3.7431,5.1648,6.049,3.7431,,,4.4744,2.9914
n2457586671,Парканы,Парканы,улица Ленина,24,2,27.0,4.2,3.4673,4.7053,5.567,3.4673,,,4.1986,2.7156
n2457589702,Парканы,Парканы,улица Ленина,52,2,26.5,4.64,3.7655,5.2022,6.088,3.7655,,,4.4968,3.0138
n2457586668,Парканы,Парканы,улица Ленина,54,2,25.5,4.67,3.7838,5.2327,6.12,3.7838,,,4.5151,3.0321
n2457586669,Парканы,Парканы,улица Ленина,20,2,33.3,4.13,3.4207,4.6275,5.486,3.4207,,,4.1519,2.6689
n2457589694,Парканы,Парканы,улица Ленина,56,2,24.6,4.69,3.7985,5.2572,6.146,3.7985,,,4.5297,3.0467
n2457586883,Парканы,Парканы,улица Ленина,58,2,24.9,4.72,3.8138,5.2827,6.173,3.8138,,,4.5451,3.0621
n2457589705,Парканы,Парканы,улица Ленина,60,2,26.7,4.74,3.831,5.3113,6.203,3.831,,,4.5623,3.0793
n2457586670,Парканы,Парканы,улица Ленина,22,2,22.6,4.16,3.4409,4.6613,5.522,3.4409,,,4.1722,2.6892
n2457589706,Парканы,Парканы,улица Ленина,62,2,24.6,4.76,3.8452,5.335,6.228,3.8452,,,4.5765,3.0935
n2457589707,Парканы,Парканы,улица Ленина,64,2,24.1,4.79,3.8609,5.3612,6.255,3.8609,,,4.5922,3.1092
n2457589703,Парканы,Парканы,улица Ленина,18,2,29.8,4.09,3.3943,4.5835,5.44,3.3943,,,4.1256,2.6426
n2457589708,Парканы,Парканы,улица Ленина,66,2,24.4,4.81,3.8774,5.3885,6.284,3.8774,,,4.6086,3.1256
n2457589709,Парканы,Парканы,улица Ленина,68,2,24.2,4.83,3.8917,5.4125,6.309,3.8917,,,4.623,3.14
n2457589710,Парканы,Парканы,улица Ленина,70,2,23.5,4.86,3.905,5.4347,6.332,3.905,,,4.6363,3.1533
n2457589711,Парканы,Парканы,улица Ленина,72,2,25.0,4.87,3.9175,5.4555,6.354,3.9175,,,4.6488,3.1658
n2457589712,Парканы,Парканы,улица Ленина,74,2,26.8,4.89,3.9311,5.4782,6.378,3.9311,,,4.6624,3.1794
n2457589713,Парканы,Парканы,улица Ленина,76,2,27.2,4.91,3.9428,5.4977,6.399,3.9428,,,4.6741,3.1911
n2457586667,Парканы,Парканы,улица Ленина,16,2,27.4,4.06,3.3743,4.5503,5.405,3.3743,,,4.1056,2.6226
n2457518558,Парканы,Парканы,улица Маяковского,34,4,18.5,7.88,5.5921,8.2427,9.53,5.5921,,,6.3234,4.8404
n2452549555,Парканы,Парканы,улица Чкалова,89,3,18.6,7.17,5.0424,7.3245,8.626,5.0424,,,5.7737,4.2907
n2457974022,Парканы,Парканы,улица Кирова,132,3,12.4,5.97,5.3236,7.796,8.31,5.3236,,,6.0549,4.5719
n2458505584,Парканы,Парканы,улица Карла Маркса,58,3,10.7,5.46,4.5256,6.4647,7.255,4.5256,,,5.2569,3.7739
n2458529470,Парканы,Парканы,улица Карла Маркса,39,3,14.0,5.58,4.605,6.597,7.393,4.605,,,5.3363,3.8533
n2451248424,Парканы,Парканы,улица Чкалова,10,3,16.5,5.75,4.4513,6.3392,7.325,4.4513,,,5.1826,3.6996
n2458493000,Парканы,Парканы,улица Энгельса,74,3,6.1,6.47,5.0492,7.3383,8.283,5.0492,,,5.7805,4.2975
n2458492990,Парканы,Парканы,улица Энгельса,69,3,15.0,6.36,5.0024,7.2605,8.181,5.0024,,,5.7337,4.2507
n2452549552,Парканы,Парканы,улица Чкалова,87,3,20.0,7.14,5.0291,7.3022,8.597,5.0291,,,5.7604,4.2774
n2452549549,Парканы,Парканы,улица Чкалова,85,3,18.4,7.1,5.0145,7.2778,8.564,5.0145,,,5.7458,4.2628
n2458363368,Парканы,Парканы,улица Мичурина,31,3,19.7,6.35,5.3422,7.8263,8.516,5.3422,,,6.0735,4.5905
n2458505585,Парканы,Парканы,улица Карла Маркса,60,3,10.7,5.48,4.5395,6.4878,7.279,4.5395,,,5.2708,3.7878
n2458529472,Парканы,Парканы,улица Карла Маркса,41,3,15.5,5.6,4.6229,6.6268,7.425,4.6229,,,5.3542,3.8712
n2451248422,Парканы,Парканы,улица Чкалова,6,3,16.2,5.68,4.4229,6.2918,7.264,4.4229,,,5.1542,3.6712
n2452549546,Парканы,Парканы,улица Чкалова,83,3,19.0,7.06,4.999,7.252,8.531,4.999,,,5.7303,4.2473
n2452549542,Парканы,Парканы,улица Чкалова,81,3,17.4,7.03,4.9845,7.2278,8.499,4.9845,,,5.7158,4.2328
n2458492999,Парканы,Парканы,улица Энгельса,76,3,5.6,6.44,5.0371,7.3183,8.257,5.0371,,,5.7684,4.2854
n2458363375,Парканы,Парканы,улица Мичурина,22,3,5.5,6.39,5.0202,7.2903,8.214,5.0202,,,5.7514,4.2684
n2458529475,Парканы,Парканы,улица Карла Маркса,62,3,9.5,5.5,4.5525,6.5095,7.302,4.5525,,,5.2838,3.8008
n2451248421,Парканы,Парканы,улица Чкалова,4,3,16.5,5.64,4.4035,6.2593,7.221,4.4035,,,5.1348,3.6517
n2458492989,Парканы,Парканы,улица Энгельса,71,3,15.8,6.32,4.9868,7.2345,8.146,4.9868,,,5.7181,4.2351
n2452549539,Парканы,Парканы,улица Чкалова,79,3,18.2,6.99,4.9676,7.1997,8.462,4.9676,,,5.6989,4.2159
n2459682704,Парканы,Парканы,улица Петра Николаева,88,4,9.4,6.92,5.8128,8.6108,9.27,5.8128,,,6.5441,5.0611
n2452549533,Парканы,Парканы,улица Чкалова,75,3,18.5,6.9,4.9327,7.1415,8.384,4.9327,,,5.664,4.181
n2452549536,Парканы,Парканы,улица Чкалова,77,3,19.6,6.94,4.9498,7.17,8.422,4.9498,,,5.6811,4.1981
n2323152081,Парканы,Парканы,улица Чкалова,2,3,16.1,5.59,4.3842,6.2272,7.178,4.3842,,,5.1155,3.6325
n2458529485,Парканы,Парканы,улица Карла Маркса,43,3,14.4,5.63,4.6415,6.6578,7.457,4.6415,,,5.3728,3.8898
n2452549532,Парканы,Парканы,улица Чкалова,73,3,18.6,6.86,4.9136,7.1095,8.343,4.9136,,,5.6448,4.1618
n2458492998,Парканы,Парканы,улица Энгельса,78,3,5.5,6.41,5.0241,7.2965,8.228,5.0241,,,5.7554,4.2724
n2458529478,Парканы,Парканы,улица Карла Маркса,64,3,8.8,5.53,4.571,6.5402,7.333,4.571,,,5.3022,3.8192
n2459893728,Парканы,Парканы,улица Романенко,172,4,7.8,8.33,7.1742,10.879,11.339,7.1742,,,7.9055,6.4225
n2459858338,Парканы,Парканы,улица Романенко,171,4,20.8,8.13,7.1089,10.7703,11.175,7.1089,,,7.8402,6.3572
n2460055530,Парканы,Парканы,улица Свердлова,126,4,9.8,8.78,7.3631,11.1935,11.753,7.3631,,,8.0944,6.6114
n2460055565,Парканы,Парканы,улица Карла Маркса,330,4,11.0,8.56,6.864,10.3615,11.142,6.864,,,7.5953,6.1123
n2460033768,Парканы,Парканы,улица Свердлова,81,4,14.1,8.71,7.3343,11.1455,11.689,7.3343,,,8.0656,6.5826
n2460055531,Парканы,Парканы,улица Свердлова,128,4,10.0,8.73,7.3441,11.1617,11.711,7.3441,,,8.0754,6.5924
n2323674187,Парканы,Парканы,улица Романенко,174,4,5.7,8.28,7.1515,10.8412,11.289,7.1515,,,7.8828,6.3998
n2460055566,Парканы,Парканы,улица Карла Маркса,332,4,11.0,8.58,6.8808,10.3895,11.172,6.8808,,,7.6121,6.1291
n2460055532,Парканы,Парканы,улица Свердлова,130,4,8.7,8.7,7.3294,11.1373,11.679,7.3294,,,8.0607,6.5777
w476163301,Парканы,Парканы,улица Свердлова,83,4,14.6,8.65,7.3084,11.1023,11.633,7.3084,,,8.0397,6.5567
n2460055567,Парканы,Парканы,улица Карла Маркса,334,4,10.9,8.61,6.8976,10.4177,11.202,6.8976,,,7.6289,6.1459
n2460055533,Парканы,Парканы,улица Свердлова,132,4,8.9,8.65,7.3103,11.1055,11.637,7.3103,,,8.0416,6.5586
w476163299,Парканы,Парканы,улица Свердлова,85,4,13.9,8.62,7.2962,11.082,11.605,7.2962,,,8.0275,6.5445
n2460055568,Парканы,Парканы,улица Карла Маркса,336,4,9.9,8.64,6.9191,10.4533,11.239,6.9191,,,7.6504,6.1674
w476163297,Парканы,Парканы,улица Свердлова,87,4,10.0,8.59,7.2844,11.0623,11.579,7.2844,,,8.0157,6.5327
n2460055534,Парканы,Парканы,улица Свердлова,134,4,9.7,8.61,7.2914,11.074,11.595,7.2914,,,8.0227,6.5397
n2460055569,Парканы,Парканы,улица Карла Маркса,338,4,10.0,8.67,6.937,10.4832,11.27,6.937,,,7.6683,6.1853
n2460055535,Парканы,Парканы,улица Свердлова,136,4,7.1,8.57,7.2765,11.049,11.562,7.2765,,,8.0078,6.5248
w476163294,Парканы,Парканы,улица Свердлова,89,4,11.9,8.54,7.2628,11.0263,11.532,7.2628,,,7.9941,6.5111
w284829134,Парканы,Парканы,Заводская улица,4 А,4,13.1,9.81,7.1162,10.7807,12.023,7.1162,,,7.8475,6.3645
n2460055570,Парканы,Парканы,улица Карла Маркса,340,4,8.9,8.69,6.9517,10.5077,11.296,6.9517,,,7.683,6.2
w476163293,Парканы,Парканы,улица Свердлова,136,4,12.4,8.51,7.268,11.0348,11.524,7.268,,,7.9993,6.5163
n2460055571,Парканы,Парканы,улица Карла Маркса,342,4,7.0,8.72,6.9722,10.542,11.332,6.9722,,,7.7035,6.2205
n4418842154,Парканы,Парканы,Заводская улица,2,4,19.7,9.63,7.0708,10.7052,11.887,7.0708,,,7.8021,6.3191
n2460055575,Парканы,Парканы,улица Карла Маркса,329,4,21.7,8.78,7.0099,10.6047,11.397,7.0099,,,7.7412,6.2582
n2460055572,Парканы,Парканы,улица Карла Маркса,344,4,7.5,8.75,6.9934,10.5773,11.369,6.9934,,,7.7247,6.2417
n2460055573,Парканы,Парканы,улица Карла Маркса,346,4,6.3,8.77,7.0071,10.6,11.393,7.0071,,,7.7384,6.2554
n4418837238,Парканы,Парканы,Заводская улица,1,4,24.5,9.53,7.0754,10.7128,11.841,7.0754,,,7.8067,6.3237
n2323407271,Парканы,Парканы,улица Карла Маркса,241,4,23.7,8.93,7.1125,10.7757,11.578,7.1125,,,7.8438,6.3608
n2323407267,Парканы,Парканы,улица Карла Маркса,348,4,13.6,8.93,7.1103,10.7722,11.574,7.1103,,,7.8416,6.3586
w353817270,Гиска,Гиска,улица Суворова,79,2,24.7,3.63,3.6598,3.6597,5.476,3.6598,,,6.3517,4.8687
w353619672,Гиска,Гиска,улица Суворова,6,2,27.8,3.63,3.6601,3.6599,5.478,3.6601,,,6.3519,4.8689
w222871674,Гиска,Гиска,Студенческая улица,8,3,34.1,6.72,4.6932,5.4795,8.052,4.6932,,,7.2736,5.9457
w353817271,Гиска,Гиска,улица Суворова,81,2,29.5,3.66,3.6862,3.686,5.515,3.6862,,,6.3781,4.895
w353619649,Гиска,Гиска,улица Суворова,8,2,27.6,3.66,3.6915,3.6913,5.523,3.6915,,,6.3834,4.9004
w255717187,Гиска,Гиска,Студенческая улица,1,3,10.8,5.22,4.0586,4.4233,6.67,4.0586,,,6.639,5.3111
w353817272,Гиска,Гиска,улица Суворова,83а,2,24.4,3.68,3.7073,3.7071,5.546,3.7073,,,6.3992,4.9162
w353818413,Гиска,Гиска,улица Суворова,83,2,22.4,3.69,3.7185,3.7184,5.563,3.7185,,,6.4104,4.9274
w353619675,Гиска,Гиска,улица Суворова,10,2,31.8,3.68,3.7128,3.7126,5.554,3.7128,,,6.4046,4.9216
w222865631,Гиска,Гиска,Студенческая улица,3,3,23.1,5.12,4.0169,4.3538,6.577,4.0169,,,6.5972,5.2693
w353818412,Гиска,Гиска,улица Суворова,85,2,28.6,3.7,3.7295,3.7294,5.579,3.7295,,,6.4214,4.9384
w222865630,Гиска,Гиска,Студенческая улица,5,3,22.4,5.23,4.0436,4.3982,6.657,4.0436,,,6.6239,5.296
w353818414,Гиска,Гиска,улица Суворова,87,2,25.1,3.71,3.7429,3.7427,5.599,3.7429,,,6.4348,4.9518
w222865629,Гиска,Гиска,Студенческая улица,7,3,9.2,5.45,4.099,4.4905,6.822,4.099,,,6.6794,5.3515
w353818415,Гиска,Гиска,улица Суворова,89,3,26.0,3.72,3.754,3.7538,5.615,3.754,,,6.4459,4.9629
w353818416,Гиска,Гиска,улица Суворова,91,3,29.3,3.73,3.7685,3.7683,5.636,3.7685,,,6.4603,4.9773
w353388716,Гиска,Гиска,улица Суворова,8,2,33.7,4.19,3.9591,4.0605,6.054,3.9591,,,6.651,5.168
w353388713,Гиска,Гиска,улица Суворова,4,3,32.2,4.1,3.9231,4.0007,5.975,3.9231,,,6.615,5.132
w446100566,Гиска,Гиска,улица Суворова,6,2,23.1,4.15,3.9425,4.0327,6.017,3.9425,,,6.6343,5.1513
w353388714,Гиска,Гиска,улица Суворова,10,2,22.6,4.25,3.9827,4.0997,6.106,3.9827,,,6.6746,5.1916
w353822508,Гиска,Гиска,улица Суворова,93,3,28.0,3.75,3.7851,3.785,5.66,3.7851,,,6.477,4.994
w353619679,Гиска,Гиска,улица Суворова,2,3,9.8,3.97,3.8656,3.905,5.848,3.8656,,,6.5574,5.0744
w353619682,Гиска,Гиска,улица Суворова,16а,3,10.2,3.9,3.8385,3.86,5.788,3.8385,,,6.5304,5.0474
w222864358,Гиска,Гиска,улица Ленина,2/A,3,18.2,4.89,3.9895,4.3082,6.432,3.9895,,,6.5698,5.2419
w255958964,Гиска,Гиска,Студенческая улица,7/A,3,13.1,6.44,4.5594,5.2567,7.779,4.5594,,,7.1397,5.8118
w353389124,Гиска,Гиска,улица Кирова,2,3,14.7,4.51,4.0943,4.285,6.352,4.0943,,,6.7861,5.3031
w353818418,Гиска,Гиска,улица Суворова,95,3,29.3,3.78,3.8163,3.8161,5.706,3.8163,,,6.5081,5.0251
w353389132,Гиска,Гиска,улица Суворова,11,3,12.7,4.26,3.9903,4.1122,6.122,3.9903,,,6.6821,5.1991
w353817655,Гиска,Гиска,улица Суворова,1,3,13.3,4.06,3.9064,3.9729,5.937,3.9064,,,6.5983,5.1152
w353389129,Гиска,Гиска,улица Суворова,17,3,15.5,4.38,4.0372,4.19,6.226,4.0372,,,6.729,5.246
n2321749478,Гиска,Гиска,Госпитальная улица,35,4,15.4,8.26,6.4839,8.461,10.616,6.4839,,,9.0642,7.7363
n2321749419,Гиска,Гиска,Молодёжная улица,1,4,7.8,6.31,5.406,6.6668,8.559,5.406,,,7.9863,6.6584
n2321749477,Гиска,Гиска,Госпитальная улица,39,4,16.6,8.25,6.4772,8.4498,10.601,6.4772,,,9.0576,7.7297
n2321749431,Гиска,Гиска,улица Ленина,59,3,25.0,5.89,5.2532,6.4127,8.196,5.2532,,,7.8335,6.5057
n2321749421,Гиска,Гиска,Молодёжная улица,2,4,29.4,6.29,5.3988,6.6548,8.544,5.3988,,,7.9791,6.6512
n2321749432,Гиска,Гиска,Молодёжная улица,61,4,40.1,6.11,5.3224,6.5278,8.376,5.3224,,,7.9027,6.5748
n4905411564,Гиска,Гиска,Госпитальная улица,63,4,11.1,7.54,6.1045,7.8302,9.874,6.1045,,,8.6849,7.357
n2321749433,Гиска,Гиска,улица Ленина,71,4,30.2,6.16,5.4656,6.7665,8.546,5.4656,,,8.0459,6.718
n2321749440,Гиска,Гиска,улица Мира,80,4,7.9,6.41,5.559,6.9222,8.763,5.559,,,8.1393,6.8114
n2321749441,Гиска,Гиска,улица Мира,93,4,27.4,6.44,5.5763,6.9508,8.794,5.5763,,,8.1566,6.8288
w224861630,Гиска,Гиска,улица Ленина,73/A,4,15.0,6.16,5.5059,6.8337,8.586,5.5059,,,8.0862,6.7583
n2321749451,Гиска,Гиска,улица 60 лет Октября,2,4,10.1,6.81,5.6964,7.151,9.101,5.6964,,,8.2768,6.9489
n2321749439,Гиска,Гиска,улица Мира,82,4,2.8,6.44,5.5594,6.9227,8.78,5.5594,,,8.1397,6.8118
n2321749456,Гиска,Гиска,улица 60 лет Октября,3,4,22.9,6.53,5.6183,7.021,8.882,5.6183,,,8.1986,6.8707
n2321749442,Гиска,Гиска,улица Мира,95,4,23.3,6.42,5.5758,6.9502,8.788,5.5758,,,8.1561,6.8282
n2321749452,Гиска,Гиска,улица 60 лет Октября,1,4,33.7,6.79,5.6868,7.135,9.08,5.6868,,,8.2672,6.9393
n2321749457,Гиска,Гиска,улица 60 лет Октября,2,4,25.4,6.49,5.6028,6.9952,8.848,5.6028,,,8.1831,6.8552
n2321749435,Гиска,Гиска,улица Ленина,75,4,11.7,6.56,5.6383,7.0542,8.919,5.6383,,,8.2187,6.8908
n2321749459,Гиска,Гиска,улица Бориса Главана,5,4,8.0,6.68,5.6816,7.1265,9.021,5.6816,,,8.262,6.9341
n2321749487,Гиска,Гиска,улица Ленина,15,4,14.6,6.6,5.7142,7.1805,9.013,5.7142,,,8.2945,6.9666
n2321749437,Гиска,Гиска,улица Ленина,90а,4,7.0,6.23,5.5705,6.9413,8.686,5.5705,,,8.1508,6.8229
n2321749458,Гиска,Гиска,улица 60 лет Октября,4,4,27.8,6.58,5.6382,7.0542,8.926,5.6382,,,8.2186,6.8907
n2321749444,Гиска,Гиска,улица Ленина,101,4,26.0,6.58,5.6427,7.0613,8.932,5.6427,,,8.223,6.8951
n2321749472,Гиска,Гиска,Госпитальная улица,52,4,8.1,6.97,5.8049,7.3317,9.292,5.8049,,,8.3852,7.0573
n2321749473,Гиска,Гиска,Госпитальная улица,54,4,13.5,6.79,5.7299,7.207,9.127,5.7299,,,8.3102,6.9823
n2321749460,Гиска,Гиска,улица Бориса Главана,6,4,11.1,6.81,5.7248,7.1983,9.131,5.7248,,,8.3052,6.9773
n2321749436,Гиска,Гиска,улица Ленина,77,4,37.0,6.28,5.6195,7.023,8.761,5.6195,,,8.1998,6.8719
n2321749489,Гиска,Гиска,улица Курило,20,4,9.2,6.79,5.7704,7.274,9.165,5.7704,,,8.3507,7.0228
n2321749488,Гиска,Гиска,улица Курило,13,4,30.5,6.79,5.7713,7.2757,9.167,5.7713,,,8.3517,7.0238
n2321749462,Гиска,Гиска,улица Бориса Главана,7,4,30.6,6.81,5.7221,7.1938,9.125,5.7221,,,8.3024,6.9746
n2341956741,Гиска,Гиска,Садовая улица,22,4,0.4,10.68,8.9426,12.5487,14.28,8.9426,,,11.5229,10.1951
n2341956738,Гиска,Гиска,Садовая улица,1,4,21.8,10.57,8.8998,12.4773,14.186,8.8998,,,11.4801,10.1522
n4905411230,Гиска,Гиска,улица Ленина,266,4,11.6,10.37,8.7969,12.306,13.981,8.7969,,,11.3772,10.0493
n2341956740,Гиска,Гиска,Садовая улица,24,4,0.2,10.58,8.9024,12.4815,14.192,8.9024,,,11.4827,10.1548
n2341956736,Гиска,Гиска,улица Ленина,270,4,6.6,10.41,8.8238,12.3507,14.028,8.8238,,,11.4041,10.0762
n2341956724,Гиска,Гиска,Садовая улица,291,4,7.0,10.4,8.798,12.3078,13.997,8.798,,,11.3784,10.0505
n2341956721,Гиска,Гиска,улица Гагарина,52,4,19.7,10.62,8.836,12.3713,14.145,8.836,,,11.4163,10.0884
n2341956723,Гиска,Гиска,улица Гагарина,28,4,27.5,10.51,8.7901,12.2948,14.043,8.7901,,,11.3704,10.0425
n2341956737,Гиска,Гиска,улица Ленина,274,4,5.7,10.47,8.8642,12.4178,14.099,8.8642,,,11.4445,10.1166
n2341956722,Гиска,Гиска,улица Гагарина,57,4,15.4,10.64,8.844,12.3847,14.162,8.844,,,11.4243,10.0964
n4905411115,Гиска,Гиска,улица Ленина,295,4,16.0,10.49,8.8744,12.4348,14.117,8.8744,,,11.4547,10.1268
n2341956733,Гиска,Гиска,Садовая улица,26,4,1.9,10.54,8.8574,12.4068,14.127,8.8574,,,11.4377,10.1098
n4905411113,Гиска,Гиска,улица Ленина,297,4,16.8,10.52,8.8975,12.4732,14.158,8.8975,,,11.4778,10.1499
n2341956729,Гиска,Гиска,Садовая улица,5,4,21.9,9.6,8.3895,11.6285,13.192,8.3895,,,10.9698,9.6419
n2341956743,Гиска,Гиска,улица Ленина,276,4,7.0,10.67,8.9956,12.6365,14.329,8.9956,,,11.576,10.2481
n2341956734,Гиска,Гиска,Садовая улица,30,4,8.7,10.66,8.9089,12.4927,14.241,8.9089,,,11.4893,10.1614
n2341956744,Гиска,Гиска,улица Ленина,280,4,6.1,10.76,9.0564,12.7373,14.436,9.0564,,,11.6367,10.3088
n2341956731,Гиска,Гиска,улица Гагарина,42,4,10.1,10.8,8.7025,12.1483,14.101,8.7025,,,11.2828,9.9549
n2341956776,Гиска,Гиска,Садовая улица,11,4,26.3,9.28,8.2552,11.4047,12.897,8.2552,,,10.8356,9.5077
n2341956732,Гиска,Гиска,улица Гагарина,51,4,0.2,10.91,8.748,12.2237,14.201,8.748,,,11.3283,10.0004
n2341956730,Гиска,Гиска,улица Гагарина,49,4,12.6,10.8,8.7031,12.1493,14.102,8.7031,,,11.2835,9.9556
n2341956773,Гиска,Гиска,улица Победы,66а,4,7.0,9.04,8.152,11.2328,12.671,8.152,,,10.7323,9.4044
n2341956774,Гиска,Гиска,улица Победы,81а,4,16.5,9.04,8.1515,11.232,12.671,8.1515,,,10.7319,9.404
n2341956745,Гиска,Гиска,улица Ленина,313,4,11.0,10.86,9.1248,12.8512,14.555,9.1248,,,11.7051,10.3772
n2341956775,Гиска,Гиска,улица Победы,68,4,3.1,9.1,8.2117,11.332,12.764,8.2117,,,10.792,9.4641
n2341956778,Гиска,Гиска,Садовая улица,13,4,26.3,9.28,8.2465,11.3902,12.887,8.2465,,,10.8268,9.4989
n2341956777,Гиска,Гиска,Садовая улица,33,4,22.6,9.28,8.2468,11.3907,12.888,8.2468,,,10.8271,9.4992
n2341956746,Гиска,Гиска,улица Ленина,296,4,8.4,11.23,9.3699,13.2585,14.983,9.3699,,,11.9502,10.6223
n2341956747,Гиска,Гиска,улица Ленина,329,4,10.9,11.23,9.3712,13.2607,14.986,9.3712,,,11.9515,10.6236
n2341956779,Гиска,Гиска,Садовая улица,17,4,22.4,9.6,8.3785,11.6102,13.178,8.3785,,,10.9588,9.6309
w353259234,Протягайловка,Протягайловка,Банный переулок,1,4,15.0,8.39,6.9109,7.8263,11.108,6.9109,,,5.1714,6.961
w352158444,Протягайловка,Протягайловка,Гербовецкая улица,38,4,24.7,6.82,5.9179,6.1748,9.326,5.9179,,,4.1783,5.968
w352156653,Протягайловка,Протягайловка,Гербовецкая улица,50,4,19.5,6.96,6.0128,6.3328,9.493,6.0128,,,4.2733,6.0629
w319386383,Протягайловка,Протягайловка,Гербовецкая улица,72,4,21.3,7.5,6.3736,6.933,10.124,6.3736,,,4.6341,6.4238
n2337938423,Протягайловка,Протягайловка,Гербовецкая улица,103,4,22.3,8.18,6.8241,7.6818,10.912,6.8241,,,5.0846,6.8742
w352366732,Протягайловка,Протягайловка,Гербовецкий переулок,4,4,23.0,6.92,5.8987,6.1432,9.36,5.8987,,,4.1592,5.9489
w450204069,Протягайловка,Протягайловка,Главная улица,3,4,9.2,9.41,7.2362,8.3677,11.94,6.2548,,,5.4967,7.2863
w353046237,Протягайловка,Протягайловка,Главная улица,79,4,15.2,7.61,6.181,6.6125,9.986,6.181,,,4.4414,6.2311
n2337948154,Протягайловка,Протягайловка,Главная улица,157,4,16.1,9.41,7.2927,8.4617,11.998,5.9987,,,5.5532,7.3428
n5108197536,Протягайловка,Протягайловка,Главная улица,204,4,10.1,9.82,7.4927,8.7948,12.404,7.4927,,,5.7532,7.5428
n2337985521,Протягайловка,Протягайловка,Комсомольская улица,3,3,16.7,6.05,4.8471,4.8428,7.872,4.8471,,,4.0583,6.0996
n2337985508,Протягайловка,Протягайловка,Комсомольская улица,65,4,19.4,6.86,5.8176,6.0087,9.245,5.8176,,,4.0781,5.8677
n2337929302,Протягайловка,Протягайловка,Лесовая улица,14,4,9.1,9.86,7.8464,9.3827,12.775,7.8464,,,6.1068,7.8965
w284637255,Протягайловка,Протягайловка,Луговая улица,9,4,24.6,8.6,6.3254,6.7036,10.626,6.1675,,,3.6179,5.4076
w352326946,Протягайловка,Протягайловка,Луговая улица,49,4,20.5,7.58,6.0816,6.4477,9.873,6.0816,,,4.3421,6.1317
w352341370,Протягайловка,Протягайловка,Молодёжный переулок,39,4,11.3,8.68,6.6907,7.4622,11.032,6.6907,,,4.0274,5.8171
w224936658,Протягайловка,Протягайловка,Первомайская улица,17,4,23.1,7.93,6.427,7.0228,10.394,6.427,,,4.6874,6.4771
w352333664,Протягайловка,Протягайловка,Первомайская улица,34,4,13.6,7.96,6.4391,7.043,10.421,6.4391,,,4.6996,6.4892
w352346372,Протягайловка,Протягайловка,Первомайская улица,48,4,14.5,8.3,6.5756,7.2703,10.726,6.5756,,,4.8361,6.6257
n2337912610,Протягайловка,Протягайловка,Первомайская улица,91,4,9.0,9.77,7.163,8.2493,12.048,7.163,,,4.4998,6.2894
w224936659,Протягайловка,Протягайловка,Первомайский переулок,6,4,45.0,8.68,6.9022,7.8118,11.243,6.9022,,,5.1626,6.9523
n2337900323,Протягайловка,Протягайловка,Садовая улица,4,4,10.8,10.03,8.0485,8.3776,13.064,7.5001,,,4.165,5.9546
w316844574,Протягайловка,Протягайловка,Садовая улица,40,4,15.2,11.1,8.4181,10.3912,13.969,8.4181,,,5.1185,6.8727
w284637179,Протягайловка,Протягайловка,Санаторная улица,16,4,18.8,8.05,6.3338,6.3683,10.36,6.3338,,,3.3984,5.1881
w352285817,Протягайловка,Протягайловка,Санаторная улица,38,4,17.1,7.49,6.0206,6.1965,9.766,6.0206,,,3.3131,5.1027
w421314022,Протягайловка,Протягайловка,Совхозная улица,50,4,21.1,11.13,8.4356,10.3633,13.999,8.4356,,,6.6961,8.4857
w677073030,Протягайловка,Протягайловка,переулок Куйбышева,5,3,13.9,6.21,4.8087,4.8641,7.916,4.8087,,,3.9341,6.0611
w284637253,Протягайловка,Протягайловка,улица 50 лет Победы,20,4,16.8,8.09,6.2144,6.519,10.257,6.2144,,,3.5496,5.3392
w352326113,Протягайловка,Протягайловка,улица 50 лет Победы,57,4,19.0,8.21,6.2439,6.5683,10.346,6.2439,,,3.5364,5.3261
n4988629869,Протягайловка,Протягайловка,улица Академика Берга,11,4,25.5,10.33,8.0789,9.8264,13.243,8.0789,,,4.7792,6.5334
n2337908046,Протягайловка,Протягайловка,улица Академика Берга,82,4,6.7,10.69,8.3715,10.3141,13.718,8.3715,,,5.0719,6.826
w405000976,Протягайловка,Протягайловка,улица Алеку Руссо,9,4,15.8,8.52,6.51,7.1603,10.768,6.51,,,4.7705,6.5601
w425915837,Протягайловка,Протягайловка,улица Алеку Руссо,21,4,17.1,8.87,6.6573,7.4053,11.093,6.6573,,,4.9178,6.7074
w441641826,Протягайловка,Протягайловка,улица Алеку Руссо,33,4,14.2,9.24,6.8122,7.663,11.434,6.8122,,,5.0727,6.8623
w352156643,Протягайловка,Протягайловка,улица Космонавтов,12,4,8.6,7.53,6.2541,6.7347,10.02,6.2541,,,4.5146,6.3042
w352265869,Протягайловка,Протягайловка,улица Мира,12,3,25.0,6.67,4.997,5.1778,8.329,4.997,,,4.1224,6.2495
w352316542,Протягайловка,Протягайловка,улица Мира,24,3,26.5,7.02,5.1435,5.4218,8.653,5.1435,,,4.1754,6.396
w352265860,Протягайловка,Протягайловка,улица Мира,38,4,20.7,6.78,5.7556,5.9057,9.143,5.7556,,,4.0161,5.8057
w353259631,Протягайловка,Протягайловка,улица Мунтяна,7,4,16.2,8.75,6.9264,7.8522,11.302,6.9264,,,5.1869,6.9765
w428711642,Протягайловка,Протягайловка,улица Мунтяна,18,4,12.1,9.11,7.0764,8.1018,11.632,7.0764,,,5.3369,7.1265
w438040299,Протягайловка,Протягайловка,улица Мунтяна,91,4,15.7,10.88,8.1519,9.8913,13.593,8.1519,,,6.4124,8.202
n2337904428,Протягайловка,Протягайловка,улица Николая Белана,1,4,12.3,10.57,8.0174,9.7236,13.302,8.0174,,,4.7178,6.4719
w582365653,Протягайловка,Протягайловка,улица Штефан чел Маре,9,4,20.3,8.41,6.4571,7.0722,10.663,6.4571,,,4.7176,6.5072
