settlement_or_district,uid,street,house,current_zone,current_route_km,current_route_s,reverse_route_km,corridorA_km,corridorA_s,corridorB_km,corridorB_s,shortest_valid_km,best_valid_km,chosen_route,difference_current_minus_best_km,driver_cost_current,provisional_proposed_zone,owner_review_required
Хомутяновка,n2337985509,Гербовецкая улица,1,3,5.6548,385.5,5.6548,6.9449,435.4,6.2,493.9,5.3955,5.3955,shortest,0.259,7.582,3,True
Хомутяновка,w352064505,Гербовецкая улица,4,3,5.5325,374.5,5.5325,6.8226,424.4,6.0777,482.9,5.5325,5.5325,fastest,0.0,7.405,3,True
Хомутяновка,w352064507,Гербовецкая улица,6,3,5.5546,376.5,5.5546,6.8447,426.4,6.0998,484.9,5.5546,5.5546,fastest,0.0,7.437,3,True
Хомутяновка,w352161715,Гербовецкая улица,8,3,5.5698,377.8,5.5698,6.8599,427.7,6.115,486.2,5.4804,5.4804,shortest,0.089,7.459,3,True
Хомутяновка,w352161714,Гербовецкая улица,10,3,5.588,379.5,5.588,6.8782,429.4,6.1332,487.9,5.4622,5.4622,shortest,0.126,7.486,3,True
Хомутяновка,w352161713,Гербовецкая улица,12,3,5.6035,380.9,5.6035,6.8936,430.8,6.1487,489.3,5.4468,5.4468,shortest,0.157,7.508,3,True
Хомутяновка,w352161711,Гербовецкая улица,14,3,5.629,383.2,5.629,6.9192,433.1,6.1742,491.6,5.4212,5.4212,shortest,0.208,7.545,3,True
Хомутяновка,w352161710,Гербовецкая улица,16,3,5.6425,384.4,5.6425,6.9326,434.3,6.1877,492.8,5.4077,5.4077,shortest,0.235,7.564,3,True
Хомутяновка,w352161708,Гербовецкая улица,18,3,5.6594,385.9,5.6594,6.9496,435.8,6.2046,494.3,5.3908,5.3908,shortest,0.269,7.589,3,True
Хомутяновка,w352161709,Гербовецкая улица,20,3,5.6775,387.5,5.6775,6.9677,437.4,6.2227,495.9,5.3727,5.3727,shortest,0.305,7.615,3,True
Хомутяновка,w352161707,Гербовецкая улица,22,3,5.6977,389.4,5.6977,6.9878,439.3,6.2429,497.8,5.6977,5.6977,fastest,0.0,7.645,4,True
Хомутяновка,w352161706,Гербовецкая улица,24,3,5.7168,391.1,5.7168,7.0069,441,6.262,499.5,5.7168,5.7168,fastest,0.0,7.672,4,True
Хомутяновка,w352161705,Гербовецкая улица,26,3,5.7332,392.5,5.7332,7.0233,442.4,6.2784,500.9,5.7332,5.7332,fastest,0.0,7.696,4,True
Хомутяновка,w352161717,Гербовецкая улица,28,3,5.7422,393.4,5.7422,7.0323,443.3,6.2874,501.8,5.7422,5.7422,fastest,0.0,7.709,4,True
Хомутяновка,w352161704,Гербовецкая улица,30,4,5.7561,394.6,5.7561,7.0462,444.5,6.3013,503,5.7561,5.7561,fastest,0.0,7.729,4,True
Хомутяновка,n2321951519,Гербовецкая улица,43,3,5.2933,353.1,5.2933,6.5835,403,5.8386,461.5,5.2933,5.2933,fastest,0.0,7.059,3,True
Хомутяновка,n4919309516,Гербовецкая улица,45,3,5.3283,356.2,5.3283,6.6185,406.1,5.8736,464.6,5.3283,5.3283,fastest,0.0,7.109,3,True
Хомутяновка,w320440076,Гербовецкая улица,49,3,5.5426,375.4,5.5426,6.8327,425.3,6.0878,483.8,5.5426,5.5426,fastest,0.0,7.42,3,True
Хомутяновка,w353974419,Главная улица,1,3,4.505,366.9,4.505,5.7952,416.8,5.0502,475.3,4.505,4.505,fastest,0.0,6.339,3,True
Хомутяновка,w353974255,Главная улица,3,3,4.4589,360.2,4.4589,5.749,410.1,5.0041,468.6,4.4589,4.4589,fastest,0.0,6.26,3,True
Хомутяновка,w318084711,Глинная улица,1,3,5.5873,388,5.5873,6.8775,437.9,6.1325,496.4,5.5873,5.5873,fastest,0.0,7.527,4,True
Хомутяновка,w318548578,Глинная улица,3,3,5.6022,390.1,5.6022,6.8923,440,6.1474,498.5,5.6022,5.6022,fastest,0.0,7.553,4,True
Хомутяновка,w318548576,Глинная улица,5,3,5.6238,393.2,5.6238,6.9139,443.1,6.169,501.6,5.6238,5.6238,fastest,0.0,7.59,4,True
Хомутяновка,w318548577,Глинная улица,7,3,5.6359,395,5.6359,6.926,444.9,6.1811,503.4,5.6359,5.6359,fastest,0.0,7.611,4,True
Хомутяновка,w318084713,Глинная улица,9,3,5.5473,382.2,5.5473,6.8374,432.1,6.0925,490.6,5.5473,5.5473,fastest,0.0,7.458,3,True
Хомутяновка,w315109557,Дачная улица,1,3,4.4611,308.2,4.4611,5.7512,358.1,5.0063,416.6,4.4611,4.4611,fastest,0.0,6.002,3,True
Хомутяновка,w315109558,Дачная улица,3,3,4.4421,305.5,4.4421,5.7323,355.4,4.9873,413.9,4.4421,4.4421,fastest,0.0,5.97,3,True
Хомутяновка,w318406782,Дачная улица,4,3,4.48,311,4.5544,5.7701,360.9,5.0252,419.4,4.48,4.48,fastest,0.0,6.035,3,True
Хомутяновка,w318406783,Дачная улица,6,3,4.4625,308.5,4.5719,5.7526,358.4,5.0077,416.9,4.4625,4.4625,fastest,0.0,6.005,3,True
Хомутяновка,w318406789,Дачная улица,8,3,4.4457,306,4.4457,5.7358,355.9,4.9909,414.4,4.4457,4.4457,fastest,0.0,5.976,3,True
Хомутяновка,w318406792,Дачная улица,10,3,4.4294,303.7,4.4294,5.7196,353.6,4.9746,412.1,4.4294,4.4294,fastest,0.0,5.948,3,True
Хомутяновка,w299956671,Деповская улица,5,4,7.4577,505.9,4.7509,8.7478,555.8,8.0029,614.3,5.2194,5.2194,shortest,2.238,9.987,3,True
Хомутяновка,w317051444,Железнодорожная улица,3,3,5.678,385.7,5.7445,6.9681,435.6,6.2232,494.1,5.678,5.678,fastest,0.0,7.606,4,True
Хомутяновка,w317149176,Железнодорожная улица,4,3,5.8281,394.8,5.8281,7.1183,444.7,6.3734,503.2,5.6302,5.6302,shortest,0.198,7.802,4,True
Хомутяновка,w317051443,Железнодорожная улица,5,3,5.6646,383.8,5.7579,6.9547,433.7,6.2098,492.2,5.6646,5.6646,fastest,0.0,7.584,4,True
Хомутяновка,w317149175,Железнодорожная улица,6,3,5.8127,392.6,5.8127,7.1028,442.5,6.3579,501,5.6456,5.6456,shortest,0.167,7.776,4,True
Хомутяновка,w317051442,Железнодорожная улица,7,3,5.648,381.4,5.648,6.9381,431.3,6.1932,489.8,5.648,5.648,fastest,0.0,7.555,4,True
Хомутяновка,w317051499,Железнодорожная улица,8,3,5.788,389,5.788,7.0781,438.9,6.3332,497.4,5.6704,5.6704,shortest,0.118,7.733,4,True
Хомутяновка,w317051441,Железнодорожная улица,9,3,5.6341,379.4,5.6341,6.9243,429.3,6.1793,487.8,5.6341,5.6341,fastest,0.0,7.531,4,True
Хомутяновка,w317051496,Железнодорожная улица,10,3,5.7555,384.4,5.7555,7.0456,434.3,6.3007,492.8,5.7555,5.7555,fastest,0.0,7.677,4,True
Хомутяновка,w317051439,Железнодорожная улица,11,3,5.6219,377.7,5.6219,6.912,427.6,6.1671,486.1,5.6219,5.6219,fastest,0.0,7.51,4,True
Хомутяновка,w317051432,Железнодорожная улица,13,3,5.605,375.2,5.605,6.8951,425.1,6.1502,483.6,5.605,5.605,fastest,0.0,7.481,4,True
Хомутяновка,w317051487,Железнодорожная улица,16,3,5.6766,385.5,5.7459,6.9667,435.4,6.2218,493.9,5.6766,5.6766,fastest,0.0,7.604,4,True
Хомутяновка,n9170522018,Железнодорожная улица,17,3,5.5758,371,5.5758,6.8659,420.9,6.121,479.4,5.5758,5.5758,fastest,0.0,7.431,3,True
Хомутяновка,w317051467,Железнодорожная улица,18,3,5.6608,383.3,5.7617,6.9509,433.2,6.206,491.7,5.6608,5.6608,fastest,0.0,7.577,4,True
Хомутяновка,w317051466,Железнодорожная улица,20,3,5.6442,380.9,5.6442,6.9344,430.8,6.1894,489.3,5.6442,5.6442,fastest,0.0,7.549,4,True
Хомутяновка,w316645121,Железнодорожная улица,21,3,5.5868,376,5.5868,6.8769,425.9,6.132,484.4,5.5868,5.5868,fastest,0.0,7.467,4,True
Хомутяновка,w317051464,Железнодорожная улица,22,3,5.6271,378.4,5.6271,6.9173,428.3,6.1723,486.8,5.6271,5.6271,fastest,0.0,7.519,4,True
Хомутяновка,w316645120,Железнодорожная улица,23,3,5.5237,376.5,5.5993,6.8138,426.4,6.0689,484.9,5.5237,5.5237,fastest,0.0,7.406,3,True
Хомутяновка,w317051462,Железнодорожная улица,24,3,5.6118,376.2,5.6118,6.902,426.1,6.157,484.6,5.6118,5.6118,fastest,0.0,7.493,4,True
Хомутяновка,w317051457,Железнодорожная улица,26,3,5.597,374.1,5.597,6.8872,424,6.1422,482.5,5.597,5.597,fastest,0.0,7.468,4,True
Хомутяновка,w316645010,Железнодорожная улица,27,3,5.4932,372.1,5.4932,6.7833,422,6.0384,480.5,5.4932,5.4932,fastest,0.0,7.354,3,True
Хомутяновка,w316645009,Железнодорожная улица,29,3,5.4799,370.2,5.4799,6.77,420.1,6.0251,478.6,5.4799,5.4799,fastest,0.0,7.331,3,True
Хомутяновка,w316645008,Железнодорожная улица,31,3,5.4658,368.2,5.4658,6.7559,418.1,6.011,476.6,5.4658,5.4658,fastest,0.0,7.307,3,True
Хомутяновка,w316645007,Железнодорожная улица,33,3,5.4516,366.1,5.4516,6.7417,416,5.9968,474.5,5.4516,5.4516,fastest,0.0,7.282,3,True
Хомутяновка,w316785287,Железнодорожная улица,34,3,5.5179,375.6,5.6051,6.808,425.5,6.0631,484,5.5179,5.5179,fastest,0.0,7.396,3,True
Хомутяновка,w561469641,Железнодорожная улица,36,3,5.5015,373.3,5.5015,6.7916,423.2,6.0467,481.7,5.5015,5.5015,fastest,0.0,7.368,3,True
Хомутяновка,w316758837,Железнодорожная улица,38,3,5.4846,370.9,5.4846,6.7747,420.8,6.0298,479.3,5.4846,5.4846,fastest,0.0,7.339,3,True
Хомутяновка,w315618139,Железнодорожная улица,39,3,5.4452,368.4,5.4452,6.7353,418.3,5.9904,476.8,5.4452,5.4452,fastest,0.0,7.287,3,True
Хомутяновка,w316758836,Железнодорожная улица,40,3,5.4703,368.8,5.4703,6.7604,418.7,6.0155,477.2,5.4703,5.4703,fastest,0.0,7.314,3,True
Хомутяновка,w315618140,Железнодорожная улица,41,3,5.4591,370.4,5.4591,6.7492,420.3,6.0043,478.8,5.4591,5.4591,fastest,0.0,7.311,3,True
Хомутяновка,w316665822,Железнодорожная улица,42,3,5.4539,366.4,5.4539,6.744,416.3,5.9991,474.8,5.4539,5.4539,fastest,0.0,7.286,3,True
Хомутяновка,w315618141,Железнодорожная улица,43,3,5.3614,370.6,5.4743,6.6515,420.5,5.9066,479,5.3614,5.3614,fastest,0.0,7.214,3,True
Хомутяновка,w315618142,Железнодорожная улица,45,3,5.3465,368.5,5.4892,6.6366,418.4,5.8917,476.9,5.3465,5.3465,fastest,0.0,7.189,3,True
Хомутяновка,w315618133,Железнодорожная улица,47,3,5.3328,366.5,5.3328,6.6229,416.4,5.878,474.9,5.3328,5.3328,fastest,0.0,7.165,3,True
Хомутяновка,w315618160,Железнодорожная улица,48,3,5.4502,369.1,5.4502,6.7403,419,5.9954,477.5,5.4502,5.4502,fastest,0.0,7.296,3,True
Хомутяновка,w315618131,Железнодорожная улица,49,3,5.3175,364.3,5.3175,6.6076,414.2,5.8627,472.7,5.3175,5.3175,fastest,0.0,7.139,3,True
Хомутяновка,w315618161,Железнодорожная улица,50,3,5.3664,371.3,5.4693,6.6565,421.2,5.9116,479.7,5.3664,5.3664,fastest,0.0,7.223,3,True
Хомутяновка,w315618129,Железнодорожная улица,51,3,5.3038,362.3,5.3038,6.5939,412.2,5.849,470.7,5.3038,5.3038,fastest,0.0,7.115,3,True
Хомутяновка,w315618165,Железнодорожная улица,52,3,5.3488,368.8,5.4869,6.6389,418.7,5.894,477.2,5.3488,5.3488,fastest,0.0,7.193,3,True
Хомутяновка,w184989544,Железнодорожная улица,52а,3,5.7032,371.2,5.7032,6.9933,421.1,6.2484,479.6,5.7032,5.7032,fastest,0.0,7.559,4,True
Хомутяновка,w315425254,Железнодорожная улица,53,3,5.289,360.2,5.289,6.5791,410.1,5.8342,468.6,5.289,5.289,fastest,0.0,7.09,3,True
Хомутяновка,w315618154,Железнодорожная улица,54,3,5.332,366.4,5.332,6.6221,416.3,5.8772,474.8,5.332,5.332,fastest,0.0,7.164,3,True
Хомутяновка,w315425247,Железнодорожная улица,55,3,5.2711,357.6,5.2711,6.5613,407.5,5.8163,466,5.2711,5.2711,fastest,0.0,7.059,3,True
Хомутяновка,w315618155,Железнодорожная улица,56,3,5.3163,364.1,5.3163,6.6065,414,5.8615,472.5,5.3163,5.3163,fastest,0.0,7.137,3,True
Хомутяновка,w315425245,Железнодорожная улица,57,3,5.2581,355.7,5.2581,6.5482,405.6,5.8033,464.1,5.2581,5.2581,fastest,0.0,7.037,3,True
Хомутяновка,w315425252,Железнодорожная улица,58,3,5.2983,361.5,5.2983,6.5884,411.4,5.8435,469.9,5.2983,5.2983,fastest,0.0,7.106,3,True
Хомутяновка,w315425250,Железнодорожная улица,60,3,5.2821,359.2,5.2821,6.5722,409.1,5.8273,467.6,5.2821,5.2821,fastest,0.0,7.078,3,True
Хомутяновка,w315425248,Железнодорожная улица,62,3,5.2649,356.7,5.2649,6.555,406.6,5.8101,465.1,5.2649,5.2649,fastest,0.0,7.048,3,True
Хомутяновка,w315193170,Железнодорожная улица,63,3,5.2539,358.4,5.2539,6.544,408.3,5.7991,466.8,5.2539,5.2539,fastest,0.0,7.046,3,True
Хомутяновка,w315193163,Железнодорожная улица,65,3,5.1815,356.8,5.2699,6.4716,406.7,5.7267,465.2,5.1815,5.1815,fastest,0.0,6.965,3,True
Хомутяновка,w315193149,Железнодорожная улица,67,3,5.1687,354.9,5.1687,6.4588,404.8,5.7139,463.3,5.1687,5.1687,fastest,0.0,6.943,3,True
Хомутяновка,w315425219,Железнодорожная улица,68,3,5.2534,358.4,5.2534,6.5436,408.3,5.7986,466.8,5.2534,5.2534,fastest,0.0,7.045,3,True
Хомутяновка,w315193143,Железнодорожная улица,69,3,5.1541,352.8,5.1541,6.4443,402.7,5.6994,461.2,5.1541,5.1541,fastest,0.0,6.918,3,True
Хомутяновка,w315425218,Железнодорожная улица,70,3,5.1792,356.4,5.2723,6.4693,406.3,5.7244,464.8,5.1792,5.1792,fastest,0.0,6.961,3,True
Хомутяновка,w315108372,Железнодорожная улица,71,3,5.1417,351.1,5.1417,6.4319,401,5.6869,459.5,5.1417,5.1417,fastest,0.0,6.897,3,True
Хомутяновка,w315193130,Железнодорожная улица,72,3,5.1631,354.1,5.1631,6.4532,404,5.7083,462.5,5.1631,5.1631,fastest,0.0,6.934,3,True
Хомутяновка,w315108371,Железнодорожная улица,73,3,5.1251,348.7,5.1251,6.4152,398.6,5.6703,457.1,5.1251,5.1251,fastest,0.0,6.869,3,True
Хомутяновка,w315193155,Железнодорожная улица,74,3,5.1461,351.7,5.1461,6.4362,401.6,5.6913,460.1,5.1461,5.1461,fastest,0.0,6.905,3,True
Хомутяновка,w315108370,Железнодорожная улица,75,3,5.1094,346.3,5.1094,6.3995,396.2,5.6546,454.7,5.1094,5.1094,fastest,0.0,6.841,3,True
Хомутяновка,w315108369,Железнодорожная улица,77,3,5.0944,344.1,5.0944,6.3845,394,5.6396,452.5,5.0944,5.0944,fastest,0.0,6.815,3,True
Хомутяновка,w315193133,Железнодорожная улица,80,3,5.0859,342.9,5.0859,6.376,392.8,5.6311,451.3,5.0859,5.0859,fastest,0.0,6.8,3,True
Хомутяновка,w302074717,Железнодорожная улица,85,3,5.0226,333.9,5.0226,6.3128,383.8,5.5678,442.3,5.0226,5.0226,fastest,0.0,6.692,3,True
Хомутяновка,w302074724,Железнодорожная улица,86,3,5.0224,333.8,5.0224,6.3125,383.7,5.5676,442.2,5.0224,5.0224,fastest,0.0,6.691,3,True
Хомутяновка,w302074719,Железнодорожная улица,87,3,5.0045,331.3,5.0045,6.2946,381.2,5.5497,439.7,5.0045,5.0045,fastest,0.0,6.661,3,True
Хомутяновка,w302074718,Железнодорожная улица,88,3,5.0052,331.4,5.0052,6.2953,381.3,5.5504,439.8,5.0052,5.0052,fastest,0.0,6.662,3,True
Хомутяновка,w302074720,Железнодорожная улица,89,3,4.9856,328.6,4.9856,6.2757,378.5,5.5308,437,4.9856,4.9856,fastest,0.0,6.629,3,True
Хомутяновка,w297019342,Железнодорожная улица,90,3,4.9833,328.2,4.9833,6.2734,378.1,5.5285,436.6,4.9833,4.9833,fastest,0.0,6.624,3,True
Хомутяновка,w209287641,Железнодорожная улица,93,3,4.8727,352.5,4.927,6.1629,402.4,5.418,460.9,4.8727,4.8727,fastest,0.0,6.635,3,True
Хомутяновка,w318406781,Железнодорожная улица,95,3,4.6572,327.4,4.6572,5.9473,377.3,5.2024,435.8,4.6572,4.6572,fastest,0.0,6.294,3,True
Хомутяновка,w318406779,Железнодорожная улица,97а,3,4.5702,323.6,4.5702,5.8604,373.5,5.1154,432,4.5702,4.5702,fastest,0.0,6.188,3,True
Хомутяновка,w209287691,Железнодорожная улица,98,3,4.7993,332.7,4.7993,6.0895,382.6,5.3446,441.1,4.7993,4.7993,fastest,0.0,6.463,3,True
Хомутяновка,w209287682,Железнодорожная улица,100,3,4.8288,352.3,4.7498,6.1189,402.2,5.374,460.7,4.8288,4.8288,fastest,0.0,6.59,3,True
Хомутяновка,w302067664,Железнодорожная улица,102,3,4.6443,322,4.6443,5.9344,371.9,5.1895,430.4,4.6443,4.6443,fastest,0.0,6.254,3,True
Хомутяновка,w302067666,Железнодорожная улица,104,3,4.6275,319.6,4.6275,5.9176,369.5,5.1727,428,4.6275,4.6275,fastest,0.0,6.226,3,True
Хомутяновка,w318406795,Железнодорожная улица,116,3,4.5334,318.3,4.5334,5.8236,368.2,5.0786,426.7,4.5334,4.5334,fastest,0.0,6.125,3,True
Хомутяновка,n2339105464,Железнодорожный тупик,2,3,5.1385,355.9,5.1385,6.4287,405.8,5.6837,464.3,5.1385,5.1385,fastest,0.0,6.918,3,True
Хомутяновка,w315425256,Железнодорожный тупик,5,3,5.179,361.7,5.179,6.4691,411.6,5.7242,470.1,5.179,5.179,fastest,0.0,6.987,3,True
Хомутяновка,w315193157,Железнодорожный тупик,76,3,5.1298,354.6,5.1298,6.42,404.5,5.6751,463,5.1298,5.1298,fastest,0.0,6.903,3,True
Хомутяновка,w315193131,Железнодорожный тупик,78,3,5.1322,355,5.1322,6.4223,404.9,5.6774,463.4,5.1322,5.1322,fastest,0.0,6.907,3,True
Хомутяновка,w91850354,Кагульская улица,2,3,5.6821,408.5,5.6821,6.9722,458.4,6.2273,516.9,5.6821,5.6821,fastest,0.0,7.725,4,True
Хомутяновка,w209273586,Кагульская улица,4,4,5.975,447.2,5.975,7.2651,497.1,6.5202,555.6,5.975,5.975,fastest,0.0,8.211,4,True
Хомутяновка,w352110827,Кагульская улица,5,3,5.802,419.5,5.802,7.0921,469.4,6.3472,527.9,5.802,5.802,fastest,0.0,7.899,4,True
Хомутяновка,w352111432,Кагульская улица,7,3,5.8226,422.5,5.8226,7.1127,472.4,6.3678,530.9,5.8226,5.8226,fastest,0.0,7.935,4,True
Хомутяновка,w352111431,Кагульская улица,9,3,5.8427,425.4,5.8427,7.1328,475.3,6.3879,533.8,5.8427,5.8427,fastest,0.0,7.97,4,True
Хомутяновка,w352064500,Кагульская улица,11,3,5.8659,428.7,5.8659,7.156,478.6,6.4111,537.1,5.8659,5.8659,fastest,0.0,8.009,4,True
Хомутяновка,w528507076,Кагульская улица,13,3,5.8941,432.8,5.9693,7.1842,482.7,6.4393,541.2,5.8941,5.8941,fastest,0.0,8.058,4,True
Хомутяновка,w302368617,Киевская улица,1,3,4.7145,325.3,4.7145,6.0046,375.2,5.2597,433.7,4.7145,4.7145,fastest,0.0,6.341,3,True
Хомутяновка,w303915694,Киевская улица,3,3,4.6846,321,4.6846,5.9748,370.9,5.2298,429.4,4.6846,4.6846,fastest,0.0,6.29,3,True
Хомутяновка,w161058108,Киевская улица,6,3,4.6243,320.1,4.6243,5.9144,370,5.1695,428.5,4.6243,4.6243,fastest,0.0,6.225,3,True
Хомутяновка,w303915689,Киевская улица,7,3,4.6051,309.5,4.6051,5.8952,359.4,5.1503,417.9,4.6051,4.6051,fastest,0.0,6.153,3,True
Хомутяновка,w303915687,Киевская улица,8а,3,4.6118,317.1,4.6118,5.9019,367,5.157,425.5,4.6118,4.6118,fastest,0.0,6.197,3,True
Хомутяновка,w303915686,Киевская улица,9,3,4.5763,305.3,4.5763,5.8664,355.2,5.1215,413.7,4.5763,4.5763,fastest,0.0,6.103,3,True
Хомутяновка,w302066925,Киевская улица,10,3,4.4665,289.6,4.4665,5.7566,339.5,5.0117,398,4.4665,4.4665,fastest,0.0,5.915,3,True
Хомутяновка,w301982088,Киевская улица,11,3,4.6919,322.1,4.6919,5.982,372,5.2371,430.5,4.6919,4.6919,fastest,0.0,6.302,3,True
Хомутяновка,w303915681,Киевская улица,11,3,4.5556,302.4,4.5556,5.8458,352.3,5.1009,410.8,4.5556,4.5556,fastest,0.0,6.068,3,True
Хомутяновка,w302066923,Киевская улица,12,3,4.4292,284.2,4.4292,5.7193,334.1,4.9744,392.6,4.4292,4.4292,fastest,0.0,5.85,3,True
Хомутяновка,w303915677,Киевская улица,17,3,4.4769,291.1,4.4769,5.767,341,5.0221,399.5,4.4769,4.4769,fastest,0.0,5.932,3,True
Хомутяновка,w304088436,Киевская улица,19,3,4.4639,289.2,4.4639,5.754,339.1,5.0091,397.6,4.4639,4.4639,fastest,0.0,5.91,3,True
Хомутяновка,w304088437,Киевская улица,21,3,4.4469,286.8,4.4469,5.7371,336.7,4.9921,395.2,4.4469,4.4469,fastest,0.0,5.881,3,True
Хомутяновка,w302066924,Киевская улица,22/1,3,4.485,292.3,4.485,5.7751,342.2,5.0302,400.7,4.485,4.485,fastest,0.0,5.947,3,True
Хомутяновка,w304088440,Киевская улица,23,3,4.3959,279.6,4.3959,5.6861,329.5,4.9412,388,4.3959,4.3959,fastest,0.0,5.794,3,True
Хомутяновка,w310488383,Киевская улица,25,3,4.4245,288.5,4.4245,5.7146,338.4,4.9697,396.9,4.4245,4.4245,fastest,0.0,5.867,3,True
Хомутяновка,w310488384,Киевская улица,27,3,4.4511,292.3,4.4511,5.7412,342.2,4.9963,400.7,4.4511,4.4511,fastest,0.0,5.913,3,True
Хомутяновка,w310488385,Киевская улица,29,3,4.4659,294.5,4.4659,5.7561,344.4,5.0111,402.9,4.4659,4.4659,fastest,0.0,5.938,3,True
Хомутяновка,w310488387,Киевская улица,31,3,4.5275,308.3,4.5275,5.8177,358.2,5.0728,416.7,4.5275,4.5275,fastest,0.0,6.069,3,True
Хомутяновка,w318406775,Киевская улица,33,3,4.5554,307.3,4.5554,5.8456,357.2,5.1006,415.7,4.5554,4.5554,fastest,0.0,6.092,3,True
Хомутяновка,w318406776,Киевская улица,33а,3,4.5396,305,4.5396,5.8297,354.9,5.0848,413.4,4.5396,4.5396,fastest,0.0,6.065,3,True
Хомутяновка,w318406774,Киевская улица,35,3,4.5744,310,4.5744,5.8645,359.9,5.1196,418.4,4.5744,4.5744,fastest,0.0,6.124,3,True
Хомутяновка,w209287696,Киевская улица,36,3,4.5785,310.6,4.5785,5.8686,360.5,5.1237,419,4.5785,4.5785,fastest,0.0,6.131,3,True
Хомутяновка,w318406772,Киевская улица,37,3,4.5922,312.5,4.5922,5.8823,362.4,5.1374,420.9,4.5922,4.5922,fastest,0.0,6.155,3,True
Хомутяновка,n2322107937,Киевская улица,43,3,4.3796,278.7,4.3796,5.6697,328.6,4.9248,387.1,4.3796,4.3796,fastest,0.0,5.773,3,True
Хомутяновка,w304088444,Киевская улица,45,3,4.3595,277.6,4.3595,5.6496,327.5,4.9047,386,4.3595,4.3595,fastest,0.0,5.747,3,True
Хомутяновка,w302066929,Киевская улица,138,3,4.462,283.3,4.462,5.7521,333.2,5.0072,391.7,4.462,4.462,fastest,0.0,5.878,3,True
Хомутяновка,n2334239345,Киевская улица,140,3,4.3803,278.7,4.3803,5.6704,328.6,4.9255,387.1,4.3803,4.3803,fastest,0.0,5.774,3,True
Хомутяновка,w310488388,Киевская улица,142,3,4.3567,277.4,4.3567,5.6468,327.3,4.9019,385.8,4.3567,4.3567,fastest,0.0,5.744,3,True
Хомутяновка,w161058098,Комсомольская улица,1,1,1.5774,165.2,1.5774,6.1671,450.6,4.5312,441.9,1.5425,1.5425,shortest,0.035,2.403,1,True
Хомутяновка,w211496794,Комсомольская улица,2,1,1.5245,156.4,1.5245,6.0236,420.8,4.3876,412.1,1.5245,1.5245,fastest,0.0,2.306,1,True
Хомутяновка,w446490135,Комсомольская улица,2,1,1.5011,160.5,1.5011,6.0002,424.9,4.3642,416.2,1.5011,1.5011,fastest,0.0,2.304,1,True
Хомутяновка,w295088581,Комсомольская улица,2б,1,1.5976,157,1.5976,6.1113,439.1,4.4753,430.4,1.5626,1.5626,shortest,0.035,2.383,1,True
Хомутяновка,w211496742,Комсомольская улица,4,1,1.5217,165.4,1.5217,6.0207,429.8,4.3848,421.1,1.5217,1.5217,fastest,0.0,2.349,1,True
Хомутяновка,w211496784,Комсомольская улица,5,1,1.5176,161.2,1.5176,6.0167,425.6,4.3808,416.9,1.5176,1.5176,fastest,0.0,2.324,1,True
Хомутяновка,w211496787,Комсомольская улица,6,1,1.5512,172.5,1.5512,6.0503,436.9,4.4143,428.2,1.5512,1.5512,fastest,0.0,2.414,1,True
Хомутяновка,w211496781,Комсомольская улица,7A,1,1.4449,144.9,1.4449,5.944,409.3,4.308,400.6,1.4449,1.4449,fastest,0.0,2.169,1,True
Хомутяновка,w211496770,Комсомольская улица,8,1,1.566,176.1,1.566,6.0651,440.5,4.4291,431.8,1.566,1.566,fastest,0.0,2.446,1,True
Хомутяновка,w415723868,Комсомольская улица,10,1,1.566,176.1,1.566,6.0651,440.5,4.4291,431.8,1.566,1.566,fastest,0.0,2.446,1,True
Хомутяновка,w290334258,Комсомольская улица,44,1,1.4077,139.6,1.4077,5.9068,404,4.2708,395.3,1.4077,1.4077,fastest,0.0,2.106,1,True
Хомутяновка,w352263831,Лесовой переулок,2,4,6.0645,447.3,6.0645,7.3546,497.2,6.6097,555.7,6.0645,6.0645,fastest,0.0,8.301,4,True
Хомутяновка,n2337880821,Лесовой переулок,3,4,6.0295,442.3,6.0295,7.3197,492.2,6.5747,550.7,6.0295,6.0295,fastest,0.0,8.241,4,True
Хомутяновка,w352263797,Лесовой переулок,5,4,6.0782,449.3,6.0782,7.3683,499.2,6.6234,557.7,6.0782,6.0782,fastest,0.0,8.325,4,True
Хомутяновка,w352265856,Лесовой переулок,7,4,6.0099,439.5,6.0099,7.3001,489.4,6.5551,547.9,6.0099,6.0099,fastest,0.0,8.207,4,True
Хомутяновка,w352263835,Лесовой переулок,22,4,6.0989,452.3,6.0989,7.389,502.2,6.6441,560.7,6.0989,6.0989,fastest,0.0,8.36,4,True
Хомутяновка,w352263837,Лесовой переулок,22а,4,6.1103,453.9,6.1103,7.4004,503.8,6.6555,562.3,6.1103,6.1103,fastest,0.0,8.38,4,True
Хомутяновка,w317051448,Молодёжная улица,1,3,5.6937,373.6,5.6937,6.9838,423.5,6.2389,482,5.6937,5.6937,fastest,0.0,7.562,4,True
Хомутяновка,w318070636,Молодёжная улица,9,3,5.8656,398.3,5.8656,7.1558,448.2,6.4109,506.7,5.8656,5.8656,fastest,0.0,7.857,4,True
Хомутяновка,w318070630,Молодёжная улица,11,3,5.8658,398.4,5.8658,7.156,448.3,6.411,506.8,5.8658,5.8658,fastest,0.0,7.858,4,True
Хомутяновка,w317051494,Молодёжная улица,12,3,5.7326,379.1,5.7326,7.0227,429,6.2778,487.5,5.7326,5.7326,fastest,0.0,7.628,4,True
Хомутяновка,w317051475,Молодёжная улица,14,3,5.7334,379.2,5.7334,7.0235,429.1,6.2786,487.6,5.7334,5.7334,fastest,0.0,7.629,4,True
Хомутяновка,w317051503,Молодёжная улица,15,3,5.7681,384.2,5.7681,7.0582,434.1,6.3133,492.6,5.7681,5.7681,fastest,0.0,7.689,4,True
Хомутяновка,w317051477,Молодёжная улица,17,3,5.7844,386.5,5.7844,7.0746,436.4,6.3297,494.9,5.7844,5.7844,fastest,0.0,7.717,4,True
Хомутяновка,w184989536,Молодёжная улица,52,3,5.4708,339.4,5.4708,6.761,389.3,6.016,447.8,5.4708,5.4708,fastest,0.0,7.168,3,True
Хомутяновка,w209654410,Молодёжная улица,52а/1,3,5.6292,364.3,5.6292,6.9193,414.2,6.1744,472.7,5.6292,5.6292,fastest,0.0,7.451,4,True
Хомутяновка,w161058097,Московская улица,2,1,1.3123,127.3,1.3123,6.2508,420.3,4.6149,411.6,1.3123,1.3123,fastest,0.0,1.949,1,True
Хомутяновка,w291423988,Московская улица,9,1,1.2893,117.3,1.2893,6.2278,410.3,4.5919,401.6,1.2893,1.2893,fastest,0.0,1.876,1,True
Хомутяновка,w209273611,Пионерская улица,3,4,6.3295,439.9,6.3295,7.6196,489.8,6.8747,548.3,5.7811,5.7811,shortest,0.548,8.529,4,True
Хомутяновка,w209273594,Пионерская улица,5,4,6.3689,450.5,6.3689,7.659,500.4,6.9141,558.9,5.8205,5.8205,shortest,0.548,8.621,4,True
Хомутяновка,w209273613,Пионерская улица,5,4,6.3156,437.7,6.3156,7.6057,487.6,6.8608,546.1,5.7672,5.7672,shortest,0.548,8.504,4,True
Хомутяновка,w209273616,Пионерская улица,7,4,6.3808,460.3,6.3808,7.671,510.2,6.9261,568.7,5.8325,5.8325,shortest,0.548,8.682,4,True
Хомутяновка,w209273593,Пионерская улица,9,4,6.3397,445.2,6.3397,7.6298,495.1,6.8849,553.6,5.7913,5.7913,shortest,0.548,8.566,4,True
Хомутяновка,w353044316,Протягайловская улица,12,3,4.7031,466.1,4.7031,5.9932,516,5.2483,574.5,4.7031,4.7031,fastest,0.0,7.034,3,True
Хомутяновка,w354630979,Протягайловская улица,13,3,4.2855,328,4.2855,5.5756,377.9,4.8307,436.4,4.2855,4.2855,fastest,0.0,5.925,3,True
Хомутяновка,w353044314,Протягайловская улица,16,3,4.3544,337.9,4.3544,5.6446,387.8,4.8996,446.3,4.3544,4.3544,fastest,0.0,6.044,3,True
Хомутяновка,w353978195,Протягайловская улица,17,3,4.3813,341.8,4.3813,5.6714,391.7,4.9265,450.2,4.3813,4.3813,fastest,0.0,6.09,3,True
Хомутяновка,w353044313,Протягайловская улица,18,3,4.3765,341.1,4.3765,5.6666,391,4.9217,449.5,4.3765,4.3765,fastest,0.0,6.082,3,True
Хомутяновка,w353975790,Протягайловская улица,19,3,4.4022,344.8,4.4022,5.6923,394.7,4.9474,453.2,4.4022,4.4022,fastest,0.0,6.126,3,True
Хомутяновка,w353044312,Протягайловская улица,20,3,4.4021,344.8,4.4021,5.6922,394.7,4.9473,453.2,4.4021,4.4021,fastest,0.0,6.126,3,True
Хомутяновка,w353044311,Протягайловская улица,22,3,4.4248,348.1,4.4248,5.7149,398,4.97,456.5,4.4248,4.4248,fastest,0.0,6.165,3,True
Хомутяновка,n2321993999,Путейская улица,2,3,5.1359,357.1,4.9529,6.426,407,5.6811,465.5,5.1359,5.1359,fastest,0.0,6.921,3,True
Хомутяновка,w301982104,Путейская улица,4,3,4.9066,356.1,4.9066,6.1967,406,5.4518,464.5,4.9066,4.9066,fastest,0.0,6.687,3,True
Хомутяновка,w301982107,Путейская улица,6,3,4.8846,352.9,4.8846,6.1747,402.8,5.4298,461.3,4.8846,4.8846,fastest,0.0,6.649,3,True
Хомутяновка,w301982108,Путейская улица,10,3,4.8532,348.4,4.8532,6.1433,398.3,5.3984,456.8,4.8532,4.8532,fastest,0.0,6.595,3,True
Хомутяновка,w301982110,Путейская улица,10а,3,4.8308,345.2,4.8308,6.1209,395.1,5.376,453.6,4.8308,4.8308,fastest,0.0,6.557,3,True
Хомутяновка,w301982111,Путейская улица,12,3,4.818,343.3,4.818,6.1081,393.2,5.3632,451.7,4.818,4.818,fastest,0.0,6.534,3,True
Хомутяновка,w301982112,Путейская улица,12а,3,4.802,341,4.802,6.0922,390.9,5.3473,449.4,4.802,4.802,fastest,0.0,6.507,3,True
Хомутяновка,w301982113,Путейская улица,12б,3,4.8029,341.2,4.8029,6.093,391.1,5.3481,449.6,4.8029,4.8029,fastest,0.0,6.509,3,True
Хомутяновка,w352064506,Санаторная улица,2,3,5.525,378.2,5.525,6.8151,428.1,6.0702,486.6,5.525,5.525,fastest,0.0,7.416,3,True
Хомутяновка,w352284664,Санаторная улица,56,3,5.807,426.2,5.807,7.0972,476.1,6.3522,534.6,5.807,5.807,fastest,0.0,7.938,4,True
Хомутяновка,w352265835,Санаторная улица,58,4,5.8451,431.7,5.8451,7.1352,481.6,6.3903,540.1,5.8451,5.8451,fastest,0.0,8.004,4,True
Хомутяновка,w352163177,Санаторная улица,70,4,5.9252,443.3,5.9252,7.2153,493.2,6.4704,551.7,5.9252,5.9252,fastest,0.0,8.142,4,True
Хомутяновка,w352163171,Санаторная улица,72,4,5.9607,448.4,5.9607,7.2508,498.3,6.5059,556.8,5.9607,5.9607,fastest,0.0,8.203,4,True
Хомутяновка,w352163169,Санаторная улица,74,4,5.9702,449.7,5.9702,7.2603,499.6,6.5154,558.1,5.9702,5.9702,fastest,0.0,8.219,4,True
Хомутяновка,w161058110,Севастопольская улица,1а,3,4.6997,332.3,4.6997,5.9898,382.2,5.2449,440.7,4.6997,4.6997,fastest,0.0,6.361,3,True
Хомутяновка,w302066913,Севастопольская улица,2,3,4.8973,322.9,4.8973,6.1875,372.8,5.4425,431.3,4.8973,4.8973,fastest,0.0,6.512,3,True
Хомутяновка,w302066914,Севастопольская улица,4,3,4.9176,325.8,4.9176,6.2077,375.7,5.4628,434.2,4.9176,4.9176,fastest,0.0,6.547,3,True
Хомутяновка,w161058104,Севастопольская улица,4а,3,4.7015,326.7,4.7015,5.9916,376.6,5.2467,435.1,4.7015,4.7015,fastest,0.0,6.335,3,True
Хомутяновка,w161058112,Севастопольская улица,5,3,4.7405,329.5,4.7405,6.0306,379.4,5.2857,437.9,4.7405,4.7405,fastest,0.0,6.388,3,True
Хомутяновка,w302066902,Севастопольская улица,10,3,4.7313,323.1,4.7313,6.0215,373,5.2766,431.5,4.7313,4.7313,fastest,0.0,6.347,3,True
Хомутяновка,w302066901,Севастопольская улица,12,3,4.7181,321.2,4.7181,6.0082,371.1,5.2633,429.6,4.7181,4.7181,fastest,0.0,6.324,3,True
Хомутяновка,w302066903,Севастопольская улица,14,3,4.7016,318.8,4.7016,5.9917,368.7,5.2468,427.2,4.7016,4.7016,fastest,0.0,6.296,3,True
Хомутяновка,w302066894,Севастопольская улица,16,3,4.6754,315,4.6754,5.9655,364.9,5.2206,423.4,4.6754,4.6754,fastest,0.0,6.25,3,True
Хомутяновка,w303915676,Севастопольская улица,24,3,4.4406,300.1,4.4406,5.7307,350,4.9858,408.5,4.4406,4.4406,fastest,0.0,5.941,3,True
Хомутяновка,w304088452,Севастопольская улица,26,3,4.4029,294.7,4.4029,5.693,344.6,4.9481,403.1,4.4029,4.4029,fastest,0.0,5.876,3,True
Хомутяновка,w302074753,Треугольный переулок,1,3,5.3013,372.6,5.4787,6.5914,422.5,5.8465,481,5.3013,5.3013,fastest,0.0,7.164,3,True
Хомутяновка,w351854665,Треугольный переулок,2,3,5.2992,372.3,5.4766,6.5893,422.2,5.8444,480.7,5.2992,5.2992,fastest,0.0,7.161,3,True
Хомутяновка,w302074755,Треугольный переулок,3,3,5.2124,359.7,5.3898,6.5025,409.6,5.7576,468.1,5.2124,5.2124,fastest,0.0,7.011,3,True
Хомутяновка,w302369879,Треугольный переулок,4,3,5.2623,366.9,5.4397,6.5524,416.8,5.8075,475.3,5.2623,5.2623,fastest,0.0,7.097,3,True
Хомутяновка,w302074746,Треугольный переулок,5,3,5.2135,359.9,5.3909,6.5036,409.8,5.7587,468.3,5.2135,5.2135,fastest,0.0,7.013,3,True
Хомутяновка,w302369878,Треугольный переулок,6,3,5.245,364.4,5.4224,6.5351,414.3,5.7902,472.8,5.245,5.245,fastest,0.0,7.067,3,True
Хомутяновка,w302074749,Треугольный переулок,7,3,5.2584,366.4,5.4358,6.5485,416.3,5.8036,474.8,5.2584,5.2584,fastest,0.0,7.09,3,True
Хомутяновка,n4835076144,Треугольный переулок,8 кв. 2,3,5.3294,376.6,5.5068,6.6195,426.5,5.8746,485,5.3294,5.3294,fastest,0.0,7.212,3,True
Хомутяновка,n4835076145,Треугольный переулок,8 кв. 3,3,5.3232,375.7,5.5006,6.6133,425.6,5.8684,484.1,5.3232,5.3232,fastest,0.0,7.202,3,True
Хомутяновка,w302074748,Треугольный переулок,9,3,5.2427,364.1,5.4201,6.5328,414,5.7879,472.5,5.2427,5.2427,fastest,0.0,7.063,3,True
Хомутяновка,w302074747,Треугольный переулок,11,3,5.2272,361.9,5.4046,6.5173,411.8,5.7724,470.3,5.2272,5.2272,fastest,0.0,7.037,3,True
Хомутяновка,w209287668,Школьная улица,4,3,4.7247,339.3,4.7247,6.0148,389.2,5.2699,447.7,4.7247,4.7247,fastest,0.0,6.421,3,True
Хомутяновка,w209287692,Школьная улица,4,3,4.6732,326.9,4.6732,5.9634,376.8,5.2185,435.3,4.6732,4.6732,fastest,0.0,6.308,3,True
Хомутяновка,w302066931,Школьная улица,5,3,4.5184,286.5,4.5184,5.8086,336.4,5.0637,394.9,4.5184,4.5184,fastest,0.0,5.951,3,True
Хомутяновка,w209287627,Школьная улица,6,3,4.9286,356.7,4.9286,6.2187,406.6,5.4738,465.1,4.9286,4.9286,fastest,0.0,6.712,3,True
Хомутяновка,w302066932,Школьная улица,7,3,4.5733,298.1,4.5733,5.8634,348,5.1185,406.5,4.5733,4.5733,fastest,0.0,6.064,3,True
Хомутяновка,w302066945,Школьная улица,9,3,4.6162,304.4,4.6162,5.9063,354.3,5.1614,412.8,4.6162,4.6162,fastest,0.0,6.138,3,True
Хомутяновка,w302066949,Школьная улица,11,3,4.6398,307.8,4.6398,5.9299,357.7,5.185,416.2,4.6398,4.6398,fastest,0.0,6.179,3,True
Хомутяновка,w302066948,Школьная улица,13,3,4.6607,310.8,4.6607,5.9509,360.7,5.206,419.2,4.6607,4.6607,fastest,0.0,6.215,3,True
Хомутяновка,w302066951,Школьная улица,15,3,4.6836,314.1,4.6836,5.9737,364,5.2288,422.5,4.6836,4.6836,fastest,0.0,6.254,3,True
Хомутяновка,w302066947,Школьная улица,17,3,4.7027,316.8,4.7027,5.9928,366.7,5.2479,425.2,4.7027,4.7027,fastest,0.0,6.287,3,True
Хомутяновка,w302066893,Школьная улица,18,3,4.6005,298.9,4.6005,5.8906,348.8,5.1457,407.3,4.6005,4.6005,fastest,0.0,6.095,3,True
Хомутяновка,w302066946,Школьная улица,19,3,4.7175,319,4.7175,6.0077,368.9,5.2628,427.4,4.7175,4.7175,fastest,0.0,6.312,3,True
Хомутяновка,w302066953,Школьная улица,21,3,4.8069,342,4.728,6.0971,391.9,5.3521,450.4,4.8069,4.8069,fastest,0.0,6.517,3,True
Хомутяновка,w209287640,Школьная улица,23,3,4.8143,370.4,4.8143,6.1044,420.3,5.3595,478.8,4.8143,4.8143,fastest,0.0,6.666,3,True
Хомутяновка,w209287688,Школьная улица,24,3,4.9259,361.1,4.9259,6.216,411,5.4711,469.5,4.9259,4.9259,fastest,0.0,6.731,3,True
Хомутяновка,w209287701,Школьная улица,27,3,4.8974,352.1,4.8974,6.1875,402,5.4426,460.5,4.8974,4.8974,fastest,0.0,6.658,3,True
Хомутяновка,w209287646,Школьная улица,29,3,4.9324,360.5,4.9324,6.2225,410.4,5.4776,468.9,4.9324,4.9324,fastest,0.0,6.735,3,True
Хомутяновка,w302066895,Школьная улица,39,3,4.5796,289.8,4.5796,5.8698,339.7,5.1248,398.2,4.5796,4.5796,fastest,0.0,6.029,3,True
Хомутяновка,w302066922,Школьная улица,41,3,4.4759,284.1,4.4759,5.766,334,5.0211,392.5,4.4759,4.4759,fastest,0.0,5.896,3,True
Хомутяновка,w209287680,Школьная улица,134,3,4.6285,311.2,4.6285,5.9186,361.1,5.1737,419.6,4.6285,4.6285,fastest,0.0,6.184,3,True
Хомутяновка,w302066930,Школьная улица,136,3,4.486,284.7,4.486,5.7761,334.6,5.0312,393.1,4.486,4.486,fastest,0.0,5.909,3,True
Хомутяновка,w295998453,переулок Бородина,1,3,5.1725,354.6,5.1725,6.4626,404.5,5.7177,463,5.1725,5.1725,fastest,0.0,6.946,3,True
Хомутяновка,w295998427,переулок Бородина,4,3,5.1712,354.4,5.1712,6.4613,404.3,5.7164,462.8,5.1712,5.1712,fastest,0.0,6.943,3,True
Хомутяновка,w295998451,переулок Бородина,5,3,5.1723,354.6,5.1723,6.4625,404.5,5.7175,463,5.1723,5.1723,fastest,0.0,6.945,3,True
Хомутяновка,n4835076146,переулок Бородина,6 кв. 1,3,5.2684,368.5,5.2684,6.5586,418.4,5.8136,476.9,5.2684,5.2684,fastest,0.0,7.111,3,True
Хомутяновка,n4835050373,переулок Бородина,6 кв. 2,3,5.2536,366.3,5.2536,6.5438,416.2,5.7988,474.7,5.2536,5.2536,fastest,0.0,7.085,3,True
Хомутяновка,n2321994025,переулок Бородина,9,3,5.2664,368.2,5.2664,6.5565,418.1,5.8116,476.6,5.2664,5.2664,fastest,0.0,7.107,3,True
Хомутяновка,n4835050375,переулок Бородина,9,3,5.2129,360.4,5.2129,6.503,410.3,5.7581,468.8,5.2129,5.2129,fastest,0.0,7.015,3,True
Хомутяновка,w295088584,переулок Бородина,11,3,5.129,348.3,5.129,6.4192,398.2,5.6743,456.7,5.129,5.129,fastest,0.0,6.87,3,True
Хомутяновка,w295998452,переулок Бородина,11,3,5.1471,350.9,5.1471,6.4372,400.8,5.6923,459.3,5.1471,5.1471,fastest,0.0,6.902,3,True
Хомутяновка,w315425226,переулок Лермонтова,1,3,5.2848,357.4,5.2848,6.5749,407.3,5.83,465.8,5.2848,5.2848,fastest,0.0,7.072,3,True
Хомутяновка,w315807200,переулок Лермонтова,7,3,5.3502,366.8,5.3502,6.6404,416.7,5.8955,475.2,5.3502,5.3502,fastest,0.0,7.184,3,True
Хомутяновка,w209287634,переулок Лермонтова,13а,3,5.1631,339.1,5.1631,6.4532,389,5.7083,447.5,5.1631,5.1631,fastest,0.0,6.859,3,True
Хомутяновка,w209287672,переулок Лермонтова,15,3,5.015,314,5.015,6.3051,363.9,5.5602,422.4,5.015,5.015,fastest,0.0,6.585,3,True
Хомутяновка,w318083438,переулок Лермонтова,16,3,5.4284,368.6,5.4284,6.7186,418.5,5.9737,477,5.4284,5.4284,fastest,0.0,7.271,3,True
Хомутяновка,w315807198,переулок Лермонтова,17,3,5.3902,372.6,5.3902,6.6803,422.5,5.9354,481,5.3902,5.3902,fastest,0.0,7.253,3,True
Хомутяновка,w317149371,переулок Лермонтова,17,3,5.5248,382.4,5.4615,6.815,432.3,6.07,490.8,5.5248,5.5248,fastest,0.0,7.437,3,True
Хомутяновка,n5411906006,переулок Лермонтова,25,3,5.4418,370.5,5.4418,6.7319,420.4,5.987,478.9,5.4418,5.4418,fastest,0.0,7.294,3,True
Хомутяновка,w317149372,переулок Лермонтова,40,3,5.4268,377.9,5.4268,6.717,427.8,5.972,486.3,5.4268,5.4268,fastest,0.0,7.316,3,True
Хомутяновка,w209287676,переулок Лермонтова,57,3,5.112,332.6,5.112,6.4021,382.5,5.6572,441,5.112,5.112,fastest,0.0,6.775,3,True
Хомутяновка,w315425206,переулок Лермонтова,58,3,5.1406,336.7,5.1406,6.4307,386.6,5.6858,445.1,5.1406,5.1406,fastest,0.0,6.824,3,True
Хомутяновка,w315425243,переулок Лермонтова,59,3,5.2047,345.9,5.2047,6.4949,395.8,5.7499,454.3,5.2047,5.2047,fastest,0.0,6.934,3,True
Хомутяновка,w315193166,переулок Лермонтова,60,3,5.1413,336.8,5.1413,6.4315,386.7,5.6866,445.2,5.1413,5.1413,fastest,0.0,6.825,3,True
Хомутяновка,w315425207,переулок Лермонтова,64,3,5.2479,352.1,5.2479,6.538,402,5.7931,460.5,5.2479,5.2479,fastest,0.0,7.008,3,True
Хомутяновка,w315851315,переулок Лермонтова,64,3,5.3274,363.5,5.3274,6.6175,413.4,5.8726,471.9,5.3274,5.3274,fastest,0.0,7.145,3,True
Хомутяновка,w315425222,переулок Лермонтова,66,3,5.2443,351.5,5.2443,6.5344,401.4,5.7895,459.9,5.2443,5.2443,fastest,0.0,7.002,3,True
Хомутяновка,w315425235,переулок Лермонтова,66,3,5.3282,363.6,5.3282,6.6183,413.5,5.8734,472,5.3282,5.3282,fastest,0.0,7.146,3,True
Хомутяновка,w315425255,переулок Лермонтова,67,3,5.2981,359.3,5.2981,6.5883,409.2,5.8433,467.7,5.2981,5.2981,fastest,0.0,7.095,3,True
Хомутяновка,w315425223,переулок Лермонтова,69,3,5.2967,359.1,5.2967,6.5868,409,5.8419,467.5,5.2967,5.2967,fastest,0.0,7.092,3,True
Хомутяновка,w209287636,переулок Лермонтова,90,3,5.0927,318.3,5.0927,6.3828,368.2,5.6379,426.7,5.0927,5.0927,fastest,0.0,6.684,3,True
Хомутяновка,w209287664,переулок Лермонтова,92,3,5.0787,317.5,5.0787,6.3689,367.4,5.6239,425.9,5.0787,5.0787,fastest,0.0,6.666,3,True
Хомутяновка,w209287686,переулок Лермонтова,94,3,5.0637,316.6,5.0637,6.3538,366.5,5.6089,425,5.0637,5.0637,fastest,0.0,6.647,3,True
Хомутяновка,w209287635,переулок Лермонтова,96,3,5.0497,315.9,5.0497,6.3399,365.8,5.5949,424.3,5.0497,5.0497,fastest,0.0,6.629,3,True
Хомутяновка,w209287663,переулок Лермонтова,98,3,5.0484,323.5,5.0484,6.3385,373.4,5.5936,431.9,5.0484,5.0484,fastest,0.0,6.666,3,True
Хомутяновка,w209416044,переулок Лермонтова,100,3,5.0488,323.5,5.0488,6.3389,373.4,5.594,431.9,5.0488,5.0488,fastest,0.0,6.666,3,True
Хомутяновка,w209416040,переулок Лермонтова,102,3,4.9939,312.9,4.9939,6.284,362.8,5.5391,421.3,4.9939,4.9939,fastest,0.0,6.558,3,True
Хомутяновка,w209416045,переулок Лермонтова,104,3,4.9791,312,4.9791,6.2693,361.9,5.5243,420.4,4.9791,4.9791,fastest,0.0,6.539,3,True
Хомутяновка,w209273600,переулок Осипенко,1,4,6.4907,455.7,6.4907,7.7808,505.6,7.0359,564.1,5.9423,5.9423,shortest,0.548,8.769,4,True
Хомутяновка,w209273620,переулок Осипенко,1,4,6.4032,434.7,6.4032,7.6933,484.6,6.9484,543.1,5.8548,5.8548,shortest,0.548,8.577,4,True
Хомутяновка,w209273631,переулок Осипенко,1,4,6.4456,444.9,6.4456,7.7358,494.8,6.9909,553.3,5.8973,5.8973,shortest,0.548,8.67,4,True
Хомутяновка,w209273577,переулок Осипенко,2,4,6.3177,412.3,6.3177,7.6078,462.2,6.8629,520.7,5.7693,5.7693,shortest,0.548,8.379,4,True
Хомутяновка,w209273606,переулок Осипенко,2,4,6.4825,451.9,6.4825,7.7726,501.8,7.0277,560.3,5.9341,5.9341,shortest,0.548,8.742,4,True
Хомутяновка,w209273627,переулок Осипенко,2,4,6.3852,426.9,6.3852,7.6753,476.8,6.9304,535.3,5.8368,5.8368,shortest,0.548,8.52,4,True
Хомутяновка,w209273583,переулок Осипенко,4,4,6.4762,447,6.4762,7.7664,496.9,7.0214,555.4,5.9279,5.9279,shortest,0.548,8.711,4,True
Хомутяновка,w209273635,переулок Осипенко,6,4,6.5371,454.5,6.5371,7.8272,504.4,7.0823,562.9,5.9887,5.9887,shortest,0.548,8.81,4,True
Хомутяновка,w209273633,переулок Осипенко,9,4,6.5352,461.1,6.5352,7.8253,511,7.0804,569.5,5.9868,5.9868,shortest,0.548,8.841,4,True
Хомутяновка,w209273588,переулок Осипенко,11,4,6.592,467.7,6.592,7.8821,517.6,7.1372,576.1,6.0436,6.0436,shortest,0.548,8.931,4,True
Хомутяновка,w231243207,переулок Осипенко,15,4,6.5368,449.9,6.5368,7.827,499.8,7.082,558.3,5.9885,5.9885,shortest,0.548,8.786,4,True
Хомутяновка,n2337865679,переулок Полоза,6,4,6.1955,462.7,6.1955,7.4856,512.6,6.7407,571.1,6.1955,6.1955,fastest,0.0,8.509,4,True
Хомутяновка,w284637187,переулок Полоза,6,4,6.2271,467.3,6.2271,7.5172,517.2,6.7723,575.7,6.2271,6.2271,fastest,0.0,8.564,4,True
Хомутяновка,w284637199,переулок Полоза,49,4,6.2119,470.6,6.2119,7.502,520.5,6.7571,579,6.2119,6.2119,fastest,0.0,8.565,4,True
Хомутяновка,w284637197,переулок Полоза,78,4,6.3173,485.9,6.3173,7.6074,535.8,6.8625,594.3,6.3173,6.3173,fastest,0.0,8.747,4,True
Хомутяновка,w318120142,улица 23 Августа,1,3,5.3007,360.8,5.3007,6.5908,410.7,5.8459,469.2,5.3007,5.3007,fastest,0.0,7.105,3,True
Хомутяновка,n2330549394,улица 23 Августа,2,3,5.3165,363.1,5.3165,6.6066,413,5.8617,471.5,5.3165,5.3165,fastest,0.0,7.132,3,True
Хомутяновка,w320437638,улица 23 Августа,2,3,5.3133,362.6,5.3133,6.6034,412.5,5.8585,471,5.3133,5.3133,fastest,0.0,7.126,3,True
Хомутяновка,w318120135,улица 23 Августа,3,3,5.3347,365.7,5.3347,6.6248,415.6,5.8799,474.1,5.3347,5.3347,fastest,0.0,7.163,3,True
Хомутяновка,w320437637,улица 23 Августа,4,3,5.3285,364.8,5.3285,6.6186,414.7,5.8737,473.2,5.3285,5.3285,fastest,0.0,7.152,3,True
Хомутяновка,w318120138,улица 23 Августа,5,3,5.3489,367.7,5.3489,6.6391,417.6,5.8941,476.1,5.3489,5.3489,fastest,0.0,7.187,3,True
Хомутяновка,w320437636,улица 23 Августа,6,3,5.3431,366.9,5.3431,6.6332,416.8,5.8883,475.3,5.3431,5.3431,fastest,0.0,7.178,3,True
Хомутяновка,w318120139,улица 23 Августа,7,3,5.3666,370.3,5.3666,6.6567,420.2,5.9118,478.7,5.3666,5.3666,fastest,0.0,7.218,3,True
Хомутяновка,w320437634,улица 23 Августа,8,3,5.356,368.8,5.356,6.6462,418.7,5.9013,477.2,5.356,5.356,fastest,0.0,7.2,3,True
Хомутяновка,w320437632,улица 23 Августа,10,3,5.371,370.9,5.371,6.6611,420.8,5.9162,479.3,5.371,5.371,fastest,0.0,7.226,3,True
Хомутяновка,w320437631,улица 23 Августа,12,3,5.3938,374.1,5.3938,6.684,424,5.939,482.5,5.3938,5.3938,fastest,0.0,7.264,3,True
Хомутяновка,w320437629,улица 23 Августа,14,3,5.4185,377.7,5.4185,6.7086,427.6,5.9637,486.1,5.4185,5.4185,fastest,0.0,7.307,3,True
Хомутяновка,w319366994,улица 23 Августа,39,3,5.4012,375.2,5.4012,6.6914,425.1,5.9464,483.6,5.4012,5.4012,fastest,0.0,7.277,3,True
Хомутяновка,w318120143,улица 23 Августа,41,3,5.2858,358.6,5.2858,6.5759,408.5,5.831,467,5.2858,5.2858,fastest,0.0,7.079,3,True
Хомутяновка,w315807223,улица 40 лет Советской Пионерии,3,3,5.62,388.3,5.62,6.9101,438.2,6.1652,496.7,5.62,5.62,fastest,0.0,7.562,4,True
Хомутяновка,w317053500,улица 40 лет Советской Пионерии,4,3,5.6353,390.5,5.6353,6.9255,440.4,6.1806,498.9,5.6353,5.6353,fastest,0.0,7.588,4,True
Хомутяновка,w315851332,улица 40 лет Советской Пионерии,5,3,5.6525,393,5.6525,6.9426,442.9,6.1977,501.4,5.6525,5.6525,fastest,0.0,7.617,4,True
Хомутяновка,w315851334,улица 40 лет Советской Пионерии,9,3,5.6708,395.6,5.6708,6.9609,445.5,6.216,504,5.6708,5.6708,fastest,0.0,7.649,4,True
Хомутяновка,w318120122,улица 40 лет Советской Пионерии,12,3,5.7486,403.6,5.7331,7.0388,453.5,6.2939,512,5.7486,5.7486,fastest,0.0,7.767,4,True
Хомутяновка,w318120121,улица 40 лет Советской Пионерии,14,3,5.7303,401,5.7303,7.0204,450.9,6.2755,509.4,5.7303,5.7303,fastest,0.0,7.735,4,True
Хомутяновка,w209416079,улица 40 лет Советской Пионерии,35,3,5.3005,342.4,5.3005,6.5907,392.3,5.8458,450.8,5.3005,5.3005,fastest,0.0,7.013,3,True
Хомутяновка,w316645004,улица 40 лет Советской Пионерии,35,3,5.3961,356,5.3961,6.6863,405.9,5.9414,464.4,5.3961,5.3961,fastest,0.0,7.176,3,True
Хомутяновка,w299629688,улица 40 лет Советской Пионерии,37,3,5.2988,342.2,5.2988,6.5889,392.1,5.844,450.6,5.2988,5.2988,fastest,0.0,7.01,3,True
Хомутяновка,w315618138,улица 40 лет Советской Пионерии,37,3,5.3966,356.1,5.3966,6.6867,406,5.9418,464.5,5.3966,5.3966,fastest,0.0,7.177,3,True
Хомутяновка,w315851329,улица 40 лет Советской Пионерии,41,3,5.5633,380.1,5.5633,6.8534,430,6.1085,488.5,5.5633,5.5633,fastest,0.0,7.464,3,True
Хомутяновка,w315807222,улица 40 лет Советской Пионерии,43,3,5.5697,381,5.5697,6.8598,430.9,6.1149,489.4,5.5697,5.5697,fastest,0.0,7.475,3,True
Хомутяновка,w315618170,улица 40 лет Советской Пионерии,44,3,5.4353,361.8,5.4353,6.7254,411.7,5.9805,470.2,5.4353,5.4353,fastest,0.0,7.244,3,True
Хомутяновка,w315618157,улица 40 лет Советской Пионерии,46,3,5.4354,361.8,5.4354,6.7256,411.7,5.9806,470.2,5.4354,5.4354,fastest,0.0,7.244,3,True
Хомутяновка,w315807218,улица 40 лет Советской Пионерии,47,3,5.4875,369.3,5.4875,6.7777,419.2,6.0327,477.7,5.4875,5.4875,fastest,0.0,7.334,3,True
Хомутяновка,w209416093,улица 40 лет Советской Пионерии,68,3,5.2748,328.4,5.2748,6.565,378.3,5.8201,436.8,5.2748,5.2748,fastest,0.0,6.917,3,True
Хомутяновка,w209416075,улица 40 лет Советской Пионерии,70,3,5.2601,327.6,5.2601,6.5502,377.5,5.8053,436,5.2601,5.2601,fastest,0.0,6.898,3,True
Хомутяновка,w209416017,улица 40 лет Советской Пионерии,72,3,5.2476,326.9,5.2476,6.5377,376.8,5.7928,435.3,5.2476,5.2476,fastest,0.0,6.882,3,True
Хомутяновка,w209416090,улица 40 лет Советской Пионерии,74,3,5.2371,333.3,5.2371,6.5272,383.2,5.7823,441.7,5.2371,5.2371,fastest,0.0,6.904,3,True
Хомутяновка,w209287683,улица 40 лет Советской Пионерии,76,3,5.2375,333.4,5.2375,6.5277,383.3,5.7827,441.8,5.2375,5.2375,fastest,0.0,6.904,3,True
Хомутяновка,w318070645,улица 50 лет ВЛКСМ,1,4,6.251,402.8,6.251,7.5411,452.7,6.7962,511.2,5.7026,5.7026,shortest,0.548,8.265,4,True
Хомутяновка,w399052058,улица 50 лет ВЛКСМ,5а/1,3,5.8865,377.5,5.8865,7.1766,427.4,6.4317,485.9,5.3643,5.3643,shortest,0.522,7.774,3,True
Хомутяновка,w184989565,улица 50 лет ВЛКСМ,5а/4,3,5.855,370,5.855,7.1451,419.9,6.4002,478.4,5.3328,5.3328,shortest,0.522,7.705,3,True
Хомутяновка,w373899387,улица 50 лет ВЛКСМ,6,4,6.3929,430.2,6.3929,7.683,480.1,6.9381,538.6,5.8445,5.8445,shortest,0.548,8.544,4,True
Хомутяновка,n3773251959,улица 50 лет ВЛКСМ,6а,3,6.3985,416.2,6.3985,7.6886,466.1,6.9437,524.6,5.8501,5.8501,shortest,0.548,8.479,4,True
Хомутяновка,w373899213,улица 50 лет ВЛКСМ,6а,3,5.9638,492.5,6.5254,7.2539,542.4,6.509,600.9,5.9638,5.9638,fastest,0.0,8.426,4,True
Хомутяновка,n4162783293,улица 50 лет ВЛКСМ,7а,4,5.991,417.1,5.991,7.2812,467,6.5362,525.5,5.991,5.991,fastest,0.0,8.076,4,True
Хомутяновка,n8929118892,улица 50 лет ВЛКСМ,7а,4,6.0101,418.9,6.0101,7.3002,468.8,6.5553,527.3,5.9756,5.9756,shortest,0.035,8.105,4,True
Хомутяновка,w209273607,улица 50 лет ВЛКСМ,7а,4,6.6681,470.3,6.2191,7.9582,520.2,7.2133,578.7,6.1197,6.1197,shortest,0.548,9.02,4,True
Хомутяновка,w209273604,улица 50 лет ВЛКСМ,11,4,6.3757,428.1,6.3757,7.6658,478,6.9209,536.5,5.8273,5.8273,shortest,0.548,8.516,4,True
Хомутяновка,w209273610,улица 50 лет ВЛКСМ,13,3,6.0127,395.8,6.0127,7.3028,445.7,6.5579,504.2,5.3049,5.3049,shortest,0.708,7.992,3,True
Хомутяновка,w209273585,улица 50 лет ВЛКСМ,50а,3,5.9893,388.7,5.9893,7.2794,438.6,6.5345,497.1,5.2815,5.2815,shortest,0.708,7.933,3,True
Хомутяновка,w304053793,улица 50 лет ВЛКСМ,52б,3,5.7543,355.2,5.7543,7.0444,405.1,6.2995,463.6,5.7543,5.7543,fastest,0.0,7.53,4,True
Хомутяновка,w161058100,улица Академика Фёдорова,3,1,1.3544,137.4,1.3544,6.2929,430.4,4.657,421.7,1.3544,1.3544,fastest,0.0,2.041,1,True
Хомутяновка,w161058096,улица Академика Фёдорова,5,1,1.4735,139.3,1.4735,6.4121,432.3,4.7761,423.6,1.4386,1.4386,shortest,0.035,2.17,1,True
Хомутяновка,w222774404,улица Академика Фёдорова,16,1,1.3179,116.8,1.3179,6.2565,409.8,4.6205,401.1,1.283,1.283,shortest,0.035,1.902,1,True
Хомутяновка,w222774405,улица Академика Фёдорова,16,1,1.3519,120.1,1.244,6.2905,413.1,4.6545,404.4,1.244,1.244,shortest,0.108,1.952,1,True
Хомутяновка,w222774403,улица Академика Фёдорова,18,1,1.4397,144.6,1.4397,6.3782,437.6,4.7422,428.9,1.4047,1.4047,shortest,0.035,2.163,1,True
Хомутяновка,w222774402,улица Академика Фёдорова,20,1,1.4103,130.2,1.4103,6.3489,423.2,4.7129,414.5,1.3754,1.3754,shortest,0.035,2.061,1,True
Хомутяновка,w222774401,улица Академика Фёдорова,24,1,1.4447,135.1,1.4447,6.3833,428.1,4.7473,419.4,1.4098,1.4098,shortest,0.035,2.12,1,True
Хомутяновка,w222774400,улица Академика Фёдорова,26,1,1.485,140.9,1.485,6.4236,433.9,4.7876,425.2,1.4501,1.4501,shortest,0.035,2.19,1,True
Хомутяновка,w222774399,улица Академика Фёдорова,28,1,1.5231,146.4,1.5231,6.1245,438.4,4.4886,429.7,1.4881,1.4881,shortest,0.035,2.255,1,True
Хомутяновка,w136395357,улица Академика Фёдорова,30,1,1.5513,150.5,1.5513,6.0963,434.3,4.4603,425.6,1.5164,1.5164,shortest,0.035,2.304,1,True
Хомутяновка,w315109552,улица Бориса Главана,3,3,4.328,280.6,4.328,5.6182,330.5,4.8732,389,4.328,4.328,fastest,0.0,5.731,3,True
Хомутяновка,w315109554,улица Бориса Главана,5,3,4.3105,283.2,4.3105,5.6006,333.1,4.8557,391.6,4.3105,4.3105,fastest,0.0,5.726,3,True
Хомутяновка,w315109553,улица Бориса Главана,5а,3,4.2761,284.8,4.2761,5.5662,334.7,4.8213,393.2,4.2761,4.2761,fastest,0.0,5.7,3,True
Хомутяновка,w319386246,улица Бориса Главана,7,3,4.3749,292.4,4.3749,5.665,342.3,4.9201,400.8,4.3749,4.3749,fastest,0.0,5.837,3,True
Хомутяновка,w319386245,улица Бориса Главана,9,3,4.4143,298.2,4.4143,5.7044,348.1,4.9595,406.6,4.4143,4.4143,fastest,0.0,5.905,3,True
Хомутяновка,w352314379,улица Бориса Главана,11,3,4.4535,303.9,4.4535,5.7436,353.8,4.9987,412.3,4.4535,4.4535,fastest,0.0,5.973,3,True
Хомутяновка,w352314370,улица Бориса Главана,13,3,4.5029,310.9,4.5029,5.7931,360.8,5.0482,419.3,4.5029,4.5029,fastest,0.0,6.057,3,True
Хомутяновка,w352314367,улица Бориса Главана,15,3,4.5377,315.9,4.5377,5.8279,365.8,5.0829,424.3,4.5377,4.5377,fastest,0.0,6.117,3,True
Хомутяновка,w304088451,улица Бориса Главана,16,3,4.3461,283.2,4.3461,5.6363,333.1,4.8914,391.6,4.3461,4.3461,fastest,0.0,5.762,3,True
Хомутяновка,w352314365,улица Бориса Главана,17,3,4.5574,318.7,4.5574,5.8476,368.6,5.1026,427.1,4.5574,4.5574,fastest,0.0,6.151,3,True
Хомутяновка,w304088450,улица Бориса Главана,18,3,4.3291,280.8,4.3291,5.6192,330.7,4.8743,389.2,4.3291,4.3291,fastest,0.0,5.733,3,True
Хомутяновка,w352313738,улица Бориса Главана,19,3,4.6125,328.1,4.6125,5.9026,378,5.1577,436.5,4.6125,4.6125,fastest,0.0,6.253,3,True
Хомутяновка,w315109561,улица Бориса Главана,20,3,4.3172,284.2,4.3172,5.6073,334.1,4.8624,392.6,4.3172,4.3172,fastest,0.0,5.738,3,True
Хомутяновка,w315109559,улица Бориса Главана,22,3,4.3303,286,4.3303,5.6204,335.9,4.8755,394.4,4.3303,4.3303,fastest,0.0,5.76,3,True
Хомутяновка,n4988630721,улица Бориса Главана,24,3,4.3511,289,4.3511,5.6412,338.9,4.8963,397.4,4.3511,4.3511,fastest,0.0,5.796,3,True
Хомутяновка,w318406787,улица Бориса Главана,24а,3,4.4155,298.4,4.4155,5.7057,348.3,4.9607,406.8,4.4155,4.4155,fastest,0.0,5.907,3,True
Хомутяновка,w318406793,улица Бориса Главана,32а,3,4.6368,336.3,4.6368,5.9269,386.2,5.182,444.7,4.6368,4.6368,fastest,0.0,6.318,3,True
Хомутяновка,w320343108,улица Бориса Главана,34,3,4.6584,339.4,4.7402,5.9485,389.3,5.2036,447.8,4.6584,4.6584,fastest,0.0,6.355,3,True
Хомутяновка,w352285322,улица Бориса Главана,40,3,4.5989,326.1,4.5989,5.889,376,5.1441,434.5,4.5989,4.5989,fastest,0.0,6.229,3,True
Хомутяновка,w352314106,улица Бориса Главана,42,3,4.6103,327.8,4.6103,5.9004,377.7,5.1555,436.2,4.6103,4.6103,fastest,0.0,6.249,3,True
Хомутяновка,w352314156,улица Бориса Главана,44,3,4.6677,336,4.6677,5.9578,385.9,5.2129,444.4,4.6677,4.6677,fastest,0.0,6.348,3,True
Хомутяновка,w285071411,улица Бориса Главана,46,3,4.724,344.2,4.724,6.0141,394.1,5.2692,452.6,4.724,4.724,fastest,0.0,6.445,3,True
Хомутяновка,w304088445,улица Бориса Главана,47,3,4.3446,276.7,4.3446,5.6347,326.6,4.8898,385.1,4.3446,4.3446,fastest,0.0,5.728,3,True
Хомутяновка,w285071413,улица Бориса Главана,48,3,4.7598,349.4,4.7598,6.05,399.3,5.305,457.8,4.7598,4.7598,fastest,0.0,6.507,3,True
Хомутяновка,w304088447,улица Бориса Главана,49,3,4.3294,275.9,4.3294,5.6196,325.8,4.8746,384.3,4.3294,4.3294,fastest,0.0,5.709,3,True
Хомутяновка,w352365957,улица Бориса Главана,50,3,4.7768,351.9,4.7768,6.0669,401.8,5.322,460.3,4.7768,4.7768,fastest,0.0,6.536,3,True
Хомутяновка,w304088449,улица Бориса Главана,51,3,4.312,274.9,4.312,5.6021,324.8,4.8572,383.3,4.312,4.312,fastest,0.0,5.687,3,True
Хомутяновка,w352365954,улица Бориса Главана,52,3,4.8045,355.9,4.8045,6.0946,405.8,5.3497,464.3,4.8045,4.8045,fastest,0.0,6.584,3,True
Хомутяновка,w315109562,улица Бориса Главана,144,3,4.3259,275.7,4.3259,5.616,325.6,4.8711,384.1,4.3259,4.3259,fastest,0.0,5.704,3,True
Хомутяновка,w302369880,улица Бородина,1,3,5.3291,346.1,5.3291,6.6193,396,5.8743,454.5,5.3291,5.3291,fastest,0.0,7.06,3,True
Хомутяновка,w302369881,улица Бородина,1,3,5.3467,348.6,5.3467,6.6368,398.5,5.8919,457,5.3467,5.3467,fastest,0.0,7.09,3,True
Хомутяновка,w209287633,улица Бородина,2,3,5.2068,341.2,5.2068,6.4969,391.1,5.752,449.6,5.2068,5.2068,fastest,0.0,6.913,3,True
Хомутяновка,w209287684,улица Бородина,2,3,5.1636,339.5,5.1636,6.4538,389.4,5.7088,447.9,5.1636,5.1636,fastest,0.0,6.861,3,True
Хомутяновка,w302074745,улица Бородина,7,3,5.1565,349.9,5.1565,6.4466,399.8,5.7017,458.3,5.1565,5.1565,fastest,0.0,6.906,3,True
Хомутяновка,w209287662,улица Бородина,9,3,5.158,321.9,5.158,6.4481,371.8,5.7032,430.3,5.158,5.158,fastest,0.0,6.768,3,True
Хомутяновка,w295088583,улица Бородина,9,3,5.1388,347.4,5.1388,6.429,397.3,5.6841,455.8,5.1388,5.1388,fastest,0.0,6.876,3,True
Хомутяновка,w209287658,улица Бородина,13,3,5.1143,319.6,5.1143,6.4045,369.5,5.6595,428,5.1143,5.1143,fastest,0.0,6.712,3,True
Хомутяновка,w295998442,улица Бородина,13,3,5.0802,338.8,5.0802,6.3703,388.7,5.6254,447.2,5.0802,5.0802,fastest,0.0,6.774,3,True
Хомутяновка,w295998440,улица Бородина,15,3,5.0642,336.6,5.0642,6.3544,386.5,5.6094,445,5.0642,5.0642,fastest,0.0,6.747,3,True
Хомутяновка,n2321994021,улица Бородина,17,3,5.0373,332.7,5.0373,6.3274,382.6,5.5825,441.1,5.0373,5.0373,fastest,0.0,6.701,3,True
Хомутяновка,w209654275,улица Бородина,17,3,5.0641,336.5,5.0641,6.3542,386.4,5.6093,444.9,5.0641,5.0641,fastest,0.0,6.747,3,True
Хомутяновка,w209287645,улица Бородина,78,3,5.18,323.1,5.18,6.4701,373,5.7252,431.5,5.18,5.18,fastest,0.0,6.795,3,True
Хомутяновка,w209287674,улица Бородина,80,3,5.1652,322.3,5.1652,6.4554,372.2,5.7104,430.7,5.1652,5.1652,fastest,0.0,6.777,3,True
Хомутяновка,w209287638,улица Бородина,82,3,5.1502,321.5,5.1502,6.4404,371.4,5.6954,429.9,5.1502,5.1502,fastest,0.0,6.758,3,True
Хомутяновка,w209287699,улица Бородина,84,3,5.1367,320.8,5.1367,6.4268,370.7,5.6819,429.2,5.1367,5.1367,fastest,0.0,6.741,3,True
Хомутяновка,w222764128,улица Георге Асаке,8,2,2.4511,236.5,2.4511,5.571,410.9,3.935,402.2,2.4511,2.4511,fastest,0.0,3.634,2,True
Хомутяновка,w317149178,улица Гоголя,1,4,6.1953,399.4,6.1953,7.4854,449.3,6.7405,507.8,5.6469,5.6469,shortest,0.548,8.192,4,True
Хомутяновка,w318070643,улица Гоголя,2,4,6.2273,404,6.2273,7.5174,453.9,6.7725,512.4,5.6789,5.6789,shortest,0.548,8.247,4,True
Хомутяновка,w317149177,улица Гоголя,3,4,6.2129,401.9,6.2129,7.503,451.8,6.7581,510.3,5.6645,5.6645,shortest,0.548,8.222,4,True
Хомутяновка,w318070647,улица Гоголя,4,3,5.8883,403.5,6.2434,7.1784,453.4,6.4335,511.9,5.6951,5.6951,shortest,0.193,7.906,4,True
Хомутяновка,w317149174,улица Гоголя,5,4,6.2301,404.4,6.2301,7.5202,454.3,6.7753,512.8,5.6817,5.6817,shortest,0.548,8.252,4,True
Хомутяновка,w318070648,улица Гоголя,6,3,5.8739,401.4,5.8739,7.164,451.3,6.4191,509.8,5.7095,5.7095,shortest,0.164,7.881,4,True
Хомутяновка,w317149169,улица Гоголя,7,3,5.8871,403.3,6.2446,7.1773,453.2,6.4323,511.7,5.6962,5.6962,shortest,0.191,7.904,4,True
Хомутяновка,w318070642,улица Гоголя,8,3,5.8573,399,5.8573,7.1474,448.9,6.4025,507.4,5.7261,5.7261,shortest,0.131,7.852,4,True
Хомутяновка,w317149168,улица Гоголя,9,3,5.8724,401.2,5.8724,7.1625,451.1,6.4176,509.6,5.711,5.711,shortest,0.161,7.878,4,True
Хомутяновка,w318070638,улица Гоголя,10,3,5.843,396.9,5.843,7.1331,446.8,6.3882,505.3,5.7404,5.7404,shortest,0.103,7.827,4,True
Хомутяновка,w317149167,улица Гоголя,11,3,5.8573,399,5.8573,7.1474,448.9,6.4025,507.4,5.7261,5.7261,shortest,0.131,7.852,4,True
Хомутяновка,w317149166,улица Гоголя,13,3,5.8407,396.6,5.8407,7.1308,446.5,6.3859,505,5.7427,5.7427,shortest,0.098,7.824,4,True
Хомутяновка,w318070633,улица Гоголя,14,3,5.8169,396.6,5.8169,7.1071,446.5,6.3621,505,5.8169,5.8169,fastest,0.0,7.8,4,True
Хомутяновка,w318070632,улица Гоголя,16,3,5.7666,398.6,5.8353,7.0567,448.5,6.3118,507,5.7666,5.7666,fastest,0.0,7.76,4,True
Хомутяновка,w318070628,улица Гоголя,18,3,5.7502,396.2,5.8517,7.0404,446.1,6.2955,504.6,5.7502,5.7502,fastest,0.0,7.731,4,True
Хомутяновка,w317051479,улица Гоголя,19,3,5.7649,398.3,5.8371,7.055,448.2,6.3101,506.7,5.7649,5.7649,fastest,0.0,7.756,4,True
Хомутяновка,w318070625,улица Гоголя,20,3,5.7338,393.8,5.7338,7.0239,443.7,6.279,502.2,5.7338,5.7338,fastest,0.0,7.703,4,True
Хомутяновка,w317051473,улица Гоголя,21,3,5.7501,396.2,5.8518,7.0403,446.1,6.2953,504.6,5.7501,5.7501,fastest,0.0,7.731,4,True
Хомутяновка,w317149194,улица Гоголя,22,3,5.7168,391.4,5.7168,7.0069,441.3,6.262,499.8,5.7168,5.7168,fastest,0.0,7.674,4,True
Хомутяновка,w317051468,улица Гоголя,23,3,5.7331,393.7,5.7331,7.0232,443.6,6.2783,502.1,5.7331,5.7331,fastest,0.0,7.702,4,True
Хомутяновка,w317149190,улица Гоголя,24,3,5.7016,389.2,5.7016,6.9917,439.1,6.2468,497.6,5.7016,5.7016,fastest,0.0,7.648,4,True
Хомутяновка,w317051471,улица Гоголя,25,3,5.7184,391.6,5.7184,7.0085,441.5,6.2636,500,5.7184,5.7184,fastest,0.0,7.676,4,True
Хомутяновка,w317149187,улица Гоголя,26,3,5.6872,387.1,5.6872,6.9773,437,6.2324,495.5,5.6872,5.6872,fastest,0.0,7.623,4,True
Хомутяновка,w317051463,улица Гоголя,27,3,5.7015,389.2,5.7015,6.9916,439.1,6.2467,497.6,5.7015,5.7015,fastest,0.0,7.647,4,True
Хомутяновка,w317051459,улица Гоголя,29,3,5.6847,386.7,5.6847,6.9748,436.6,6.2299,495.1,5.6847,5.6847,fastest,0.0,7.618,4,True
Хомутяновка,w316785294,улица Гоголя,32,3,5.6784,389.3,5.6784,6.9685,439.2,6.2236,497.7,5.6784,5.6784,fastest,0.0,7.625,4,True
Хомутяновка,w316759508,улица Гоголя,34,3,5.6101,389,5.6957,6.9002,438.9,6.1553,497.4,5.6101,5.6101,fastest,0.0,7.555,4,True
Хомутяновка,w316785291,улица Гоголя,35,3,5.6815,389.8,5.6815,6.9716,439.7,6.2267,498.2,5.6815,5.6815,fastest,0.0,7.63,4,True
Хомутяновка,w316759464,улица Гоголя,36,3,5.5951,386.8,5.5951,6.8852,436.7,6.1403,495.2,5.5951,5.5951,fastest,0.0,7.529,4,True
Хомутяновка,w316785290,улица Гоголя,37,3,5.6055,388.3,5.7003,6.8956,438.2,6.1507,496.7,5.6055,5.6055,fastest,0.0,7.547,4,True
Хомутяновка,w316759219,улица Гоголя,38,3,5.5735,383.7,5.5735,6.8636,433.6,6.1187,492.1,5.5735,5.5735,fastest,0.0,7.492,3,True
Хомутяновка,w316759038,улица Гоголя,39,3,5.5916,386.3,5.5916,6.8817,436.2,6.1368,494.7,5.5916,5.5916,fastest,0.0,7.523,4,True
Хомутяновка,w316759216,улица Гоголя,40,3,5.5602,381.8,5.5602,6.8504,431.7,6.1055,490.2,5.5602,5.5602,fastest,0.0,7.469,3,True
Хомутяновка,w316758839,улица Гоголя,41,3,5.5773,384.3,5.5773,6.8674,434.2,6.1225,492.7,5.5773,5.5773,fastest,0.0,7.499,4,True
Хомутяновка,w316759045,улица Гоголя,42,3,5.5425,379.2,5.5425,6.8326,429.1,6.0877,487.6,5.5425,5.5425,fastest,0.0,7.439,3,True
Хомутяновка,w316758835,улица Гоголя,43,3,5.5626,382.1,5.5626,6.8527,432,6.1078,490.5,5.5626,5.5626,fastest,0.0,7.473,3,True
Хомутяновка,w316759046,улица Гоголя,44,3,5.5221,376.3,5.5221,6.8122,426.2,6.0673,484.7,5.5221,5.5221,fastest,0.0,7.404,3,True
Хомутяновка,w316665821,улица Гоголя,45,3,5.5417,379.1,5.5417,6.8318,429,6.0869,487.5,5.5417,5.5417,fastest,0.0,7.437,3,True
Хомутяновка,w315618168,улица Гоголя,46,3,5.5226,379.8,5.5226,6.8127,429.7,6.0678,488.2,5.5226,5.5226,fastest,0.0,7.422,3,True
Хомутяновка,w315618169,улица Гоголя,48,3,5.5406,382.4,5.5406,6.8307,432.3,6.0858,490.8,5.5406,5.5406,fastest,0.0,7.453,3,True
Хомутяновка,w315618156,улица Гоголя,49,3,5.5238,380,5.5238,6.814,429.9,6.069,488.4,5.5238,5.5238,fastest,0.0,7.424,3,True
Хомутяновка,w315807232,улица Гоголя,50,3,5.4507,383.2,5.5581,6.7408,433.1,5.9959,491.6,5.4507,5.4507,fastest,0.0,7.367,3,True
Хомутяновка,w315618162,улица Гоголя,51,3,5.5415,382.5,5.5415,6.8317,432.4,6.0867,490.9,5.5415,5.5415,fastest,0.0,7.454,3,True
Хомутяновка,w315851303,улица Гоголя,52,3,5.4331,380.7,5.4331,6.7232,430.6,5.9783,489.1,5.4331,5.4331,fastest,0.0,7.337,3,True
Хомутяновка,w315618163,улица Гоголя,53,3,5.4509,383.2,5.5579,6.741,433.1,5.9961,491.6,5.4509,5.4509,fastest,0.0,7.367,3,True
Хомутяновка,w315851304,улица Гоголя,54,3,5.4157,378.2,5.4157,6.7059,428.1,5.9609,486.6,5.4157,5.4157,fastest,0.0,7.307,3,True
Хомутяновка,w315618164,улица Гоголя,55,3,5.4364,381.2,5.5723,6.7266,431.1,5.9816,489.6,5.4364,5.4364,fastest,0.0,7.342,3,True
Хомутяновка,w315851301,улица Гоголя,56,3,5.3995,375.8,5.3995,6.6897,425.7,5.9447,484.2,5.3995,5.3995,fastest,0.0,7.278,3,True
Хомутяновка,w315618152,улица Гоголя,57,3,5.4167,378.3,5.4167,6.7068,428.2,5.9619,486.7,5.4167,5.4167,fastest,0.0,7.308,3,True
Хомутяновка,w315851305,улица Гоголя,58,3,5.3841,373.6,5.3841,6.6743,423.5,5.9293,482,5.3841,5.3841,fastest,0.0,7.252,3,True
Хомутяновка,w315618153,улица Гоголя,59,3,5.3969,375.5,5.3969,6.687,425.4,5.9421,483.9,5.3969,5.3969,fastest,0.0,7.274,3,True
Хомутяновка,w315851312,улица Гоголя,60,3,5.3646,370.8,5.3646,6.6547,420.7,5.9098,479.2,5.3646,5.3646,fastest,0.0,7.219,3,True
Хомутяновка,w315618151,улица Гоголя,61,3,5.3819,373.3,5.3819,6.672,423.2,5.9271,481.7,5.3819,5.3819,fastest,0.0,7.248,3,True
Хомутяновка,w315851314,улица Гоголя,62,3,5.3445,367.9,5.3445,6.6346,417.8,5.8897,476.3,5.3445,5.3445,fastest,0.0,7.184,3,True
Хомутяновка,w315618136,улица Гоголя,63,3,5.363,370.6,5.363,6.6531,420.5,5.9082,479,5.363,5.363,fastest,0.0,7.216,3,True
Хомутяновка,w315618134,улица Гоголя,65,3,5.347,368.3,5.347,6.6372,418.2,5.8922,476.7,5.347,5.347,fastest,0.0,7.189,3,True
Хомутяновка,w315807206,улица Гоголя,68,3,5.3568,373.4,5.3568,6.6469,423.3,5.902,481.8,5.3568,5.3568,fastest,0.0,7.224,3,True
Хомутяновка,w315425228,улица Гоголя,69,3,5.3609,374,5.3609,6.651,423.9,5.9061,482.4,5.3609,5.3609,fastest,0.0,7.231,3,True
Хомутяновка,w315807207,улица Гоголя,70,3,5.3687,375.1,5.3687,6.6588,425,5.9139,483.5,5.3687,5.3687,fastest,0.0,7.244,3,True
Хомутяновка,w315425242,улица Гоголя,73,3,5.3754,376.1,5.3754,6.6655,426,5.9206,484.5,5.3754,5.3754,fastest,0.0,7.256,3,True
Хомутяновка,w211496773,улица Дзержинского,12,1,1.4457,145.1,1.4457,5.8243,411.3,4.1884,402.6,1.4457,1.4457,fastest,0.0,2.171,1,True
Хомутяновка,w291423975,улица Дзержинского,36,1,1.2239,113.2,1.2239,6.1625,406.2,4.5265,397.5,1.2239,1.2239,fastest,0.0,1.79,1,True
Хомутяновка,w291423977,улица Дзержинского,38,1,1.2567,117.9,1.2567,6.1952,410.9,4.5593,402.2,1.2567,1.2567,fastest,0.0,1.846,1,True
Хомутяновка,w290851735,улица Дзержинского,42,1,1.3203,127.1,1.3203,5.9431,411.1,4.3071,402.4,1.3203,1.3203,fastest,0.0,1.956,1,True
Хомутяновка,w290851733,улица Дзержинского,42A,1,1.2967,123.7,1.2967,5.9668,414.5,4.3308,405.8,1.2967,1.2967,fastest,0.0,1.915,1,True
Хомутяновка,w222767138,улица Дзержинского,46,1,1.507,153.9,1.507,5.7631,402.5,4.1271,393.8,1.507,1.507,fastest,0.0,2.276,1,True
Хомутяновка,w209416057,улица Добродеева,1,3,4.8947,316.6,4.8947,6.1848,366.5,5.4399,425,4.8947,4.8947,fastest,0.0,6.478,3,True
Хомутяновка,w315425259,улица Добродеева,2,3,5.1058,346.8,5.1058,6.396,396.7,5.651,455.2,5.1058,5.1058,fastest,0.0,6.84,3,True
Хомутяновка,w209416077,улица Добродеева,3,3,4.9091,318.6,4.9091,6.1993,368.5,5.4543,427,4.9091,4.9091,fastest,0.0,6.502,3,True
Хомутяновка,w318083426,улица Добродеева,4,3,5.3125,361.2,5.3125,6.6027,411.1,5.8577,469.6,5.3125,5.3125,fastest,0.0,7.119,3,True
Хомутяновка,w209416021,улица Добродеева,5,3,4.9236,320.7,4.9236,6.2138,370.6,5.4688,429.1,4.9236,4.9236,fastest,0.0,6.527,3,True
Хомутяновка,w209416026,улица Добродеева,7,3,4.9363,322.5,4.9363,6.2264,372.4,5.4815,430.9,4.9363,4.9363,fastest,0.0,6.549,3,True
Хомутяновка,w209416056,улица Добродеева,9,3,4.9503,324.5,4.9503,6.2404,374.4,5.4955,432.9,4.9503,4.9503,fastest,0.0,6.573,3,True
Хомутяновка,w209416015,улица Добродеева,11,3,4.9644,326.5,4.9644,6.2545,376.4,5.5096,434.9,4.9644,4.9644,fastest,0.0,6.597,3,True
Хомутяновка,w209416050,улица Добродеева,13,3,4.9788,328.6,4.9788,6.269,378.5,5.524,437,4.9788,4.9788,fastest,0.0,6.622,3,True
Хомутяновка,w209416072,улица Добродеева,15,3,4.9915,330.4,4.9915,6.2816,380.3,5.5367,438.8,4.9915,4.9915,fastest,0.0,6.644,3,True
Хомутяновка,w209416033,улица Добродеева,17,3,5.0049,332.3,5.0049,6.295,382.2,5.5501,440.7,5.0049,5.0049,fastest,0.0,6.666,3,True
Хомутяновка,w209416059,улица Добродеева,19,3,5.0161,333.9,5.0161,6.3062,383.8,5.5613,442.3,5.0161,5.0161,fastest,0.0,6.686,3,True
Хомутяновка,w318044640,улица Добродеева,21,3,5.0927,344.9,5.0927,6.3828,394.8,5.6379,453.3,5.0927,5.0927,fastest,0.0,6.817,3,True
Хомутяновка,w318044639,улица Добродеева,23,3,5.1071,347,5.1071,6.3972,396.9,5.6523,455.4,5.1071,5.1071,fastest,0.0,6.842,3,True
Хомутяновка,w318044638,улица Добродеева,25,3,5.1219,349.1,5.1219,6.412,399,5.6671,457.5,5.1219,5.1219,fastest,0.0,6.867,3,True
Хомутяновка,w318044637,улица Добродеева,27,3,5.135,351,5.135,6.4251,400.9,5.6802,459.4,5.135,5.135,fastest,0.0,6.89,3,True
Хомутяновка,w318044635,улица Добродеева,29,3,5.1498,353.3,5.1498,6.4399,403.2,5.695,461.7,5.1498,5.1498,fastest,0.0,6.916,3,True
Хомутяновка,w318044453,улица Добродеева,31,3,5.165,355.4,5.165,6.4551,405.3,5.7102,463.8,5.165,5.165,fastest,0.0,6.942,3,True
Хомутяновка,w318043422,улица Добродеева,33,3,5.1921,359.3,5.1921,6.4822,409.2,5.7373,467.7,5.1921,5.1921,fastest,0.0,6.989,3,True
Хомутяновка,n2321855336,улица Добродеева,35,3,5.2635,363.3,5.2635,6.5536,413.2,5.8087,471.7,5.2635,5.2635,fastest,0.0,7.08,3,True
Хомутяновка,n2321855335,улица Добродеева,37,3,5.3275,363.3,5.3275,6.6176,413.2,5.8727,471.7,5.3275,5.3275,fastest,0.0,7.144,3,True
Хомутяновка,w318043420,улица Добродеева,59,3,5.2514,359.5,5.2155,6.5415,409.4,5.7966,467.9,5.2514,5.2514,fastest,0.0,7.049,3,True
Хомутяновка,w315108367,улица Добродеева,79,3,5.0153,333.8,5.0153,6.3054,383.7,5.5605,442.2,5.0153,5.0153,fastest,0.0,6.684,3,True
Хомутяновка,n4397874158,улица Добродеева,79а,3,4.9258,321,4.9258,6.216,370.9,5.471,429.4,4.9258,4.9258,fastest,0.0,6.531,3,True
Хомутяновка,w315108368,улица Добродеева,81,3,5.0273,335.5,5.0273,6.3174,385.4,5.5725,443.9,5.0273,5.0273,fastest,0.0,6.705,3,True
Хомутяновка,w315193134,улица Добродеева,82,3,5.0694,341.6,5.0694,6.3595,391.5,5.6146,450,5.0694,5.0694,fastest,0.0,6.777,3,True
Хомутяновка,w302074725,улица Добродеева,84,3,5.0706,341.8,5.0706,6.3607,391.7,5.6158,450.2,5.0706,5.0706,fastest,0.0,6.78,3,True
Хомутяновка,w209416052,улица Добродеева,116,3,4.8939,307.2,4.8939,6.184,357.1,5.4391,415.6,4.8939,4.8939,fastest,0.0,6.43,3,True
Хомутяновка,w209416051,улица Добродеева,118,3,4.8776,306.4,4.8776,6.1677,356.3,5.4228,414.8,4.8776,4.8776,fastest,0.0,6.41,3,True
Хомутяновка,w209416089,улица Добродеева,120,3,4.8706,313.1,4.8706,6.1607,363,5.4158,421.5,4.8706,4.8706,fastest,0.0,6.436,3,True
Хомутяновка,n4162783497,улица Добродеева,122,3,4.833,303.9,4.833,6.1231,353.8,5.3782,412.3,4.833,4.833,fastest,0.0,6.353,3,True
Хомутяновка,w209416036,улица Добродеева,122,3,4.8708,313.1,4.8708,6.1609,363,5.416,421.5,4.8708,4.8708,fastest,0.0,6.436,3,True
Хомутяновка,w315618365,улица Добродеева,124,3,4.8178,303,4.8178,6.1079,352.9,5.363,411.4,4.8178,4.8178,fastest,0.0,6.333,3,True
Хомутяновка,w209273575,улица Ивана Шимкова,52,3,5.9985,387.1,5.9985,7.2887,437,6.5437,495.5,5.4502,5.4502,shortest,0.548,7.934,3,True
Хомутяновка,w224943526,улица Ивана Шимкова,52а,3,6.0217,399.1,6.0217,7.3118,449,6.5669,507.5,5.3139,5.3139,shortest,0.708,8.017,3,True
Хомутяновка,w209273570,улица Интернационалистов,5,4,7.2531,563.3,7.2531,8.5433,613.2,7.7983,671.7,6.7048,6.7048,shortest,0.548,10.07,4,True
Хомутяновка,w209273565,улица Интернационалистов,7,4,7.1343,532.2,7.1343,8.4244,582.1,7.6795,640.6,6.5859,6.5859,shortest,0.548,9.795,4,True
Хомутяновка,w209273568,улица Интернационалистов,9,4,7.3109,576.9,7.3109,8.601,626.8,7.8561,685.3,6.7625,6.7625,shortest,0.548,10.195,4,True
Хомутяновка,w209273567,улица Интернационалистов,11,4,7.1755,540.6,7.2604,8.4656,590.5,7.7207,649,6.6271,6.6271,shortest,0.548,9.879,4,True
Хомутяновка,w91850356,улица Интернационалистов,13,4,7.2609,541.1,7.2609,8.551,591,7.8061,649.5,6.7125,6.7125,shortest,0.548,9.966,4,True
Хомутяновка,w222986064,улица Интернационалистов,13а,4,6.6682,532.9,7.3215,7.9583,582.8,7.2134,641.3,6.6682,6.6682,fastest,0.0,9.333,4,True
Хомутяновка,w442395876,улица Интернационалистов,13б,4,6.6479,528,7.3012,7.938,577.9,7.1931,636.4,6.6479,6.6479,fastest,0.0,9.288,4,True
Хомутяновка,w91850336,улица Интернационалистов,15,4,6.3696,524,6.3696,7.6597,573.9,6.9148,632.4,6.3696,6.3696,fastest,0.0,8.99,4,True
Хомутяновка,w319366971,улица Калашникова,3,3,4.6192,333.2,4.6192,5.9094,383.1,5.1644,441.6,4.6192,4.6192,fastest,0.0,6.285,3,True
Хомутяновка,w302067676,улица Калашникова,4,3,4.6623,339.4,4.6623,5.9525,389.3,5.2075,447.8,4.6623,4.6623,fastest,0.0,6.359,3,True
Хомутяновка,w319366972,улица Калашникова,5,3,4.6381,335.9,4.6381,5.9282,385.8,5.1833,444.3,4.6381,4.6381,fastest,0.0,6.318,3,True
Хомутяновка,w302067678,улица Калашникова,6,3,4.7323,350.8,4.7323,6.0224,400.7,5.2775,459.2,4.7323,4.7323,fastest,0.0,6.486,3,True
Хомутяновка,w209287670,улица Калашникова,6а,3,4.7858,369.4,4.7858,6.0759,419.3,5.331,477.8,4.7858,4.7858,fastest,0.0,6.633,3,True
Хомутяновка,w319366973,улица Калашникова,7,3,4.6489,337.5,4.6489,5.9391,387.4,5.1941,445.9,4.6489,4.6489,fastest,0.0,6.336,3,True
Хомутяновка,n2330549402,улица Калашникова,8,3,4.8956,373,5.0311,6.1858,422.9,5.4409,481.4,4.8956,4.8956,fastest,0.0,6.761,3,True
Хомутяновка,w319366997,улица Калашникова,8,3,4.9323,378.3,5.0677,6.2224,428.2,5.4775,486.7,4.9323,4.9323,fastest,0.0,6.824,3,True
Хомутяновка,w319366974,улица Калашникова,9,3,4.6602,339.1,4.6602,5.9503,389,5.2054,447.5,4.6602,4.6602,fastest,0.0,6.356,3,True
Хомутяновка,w319366975,улица Калашникова,11,3,4.6772,341.5,4.6772,5.9673,391.4,5.2224,449.9,4.6772,4.6772,fastest,0.0,6.385,3,True
Хомутяновка,w320437630,улица Калашникова,12,3,5.0328,392.9,5.1682,6.3229,442.8,5.578,501.3,5.0328,5.0328,fastest,0.0,6.997,3,True
Хомутяновка,w319366977,улица Калашникова,13,3,4.6907,343.5,4.6907,5.9809,393.4,5.2359,451.9,4.6907,4.6907,fastest,0.0,6.408,3,True
Хомутяновка,w320437642,улица Калашникова,14а,3,5.5804,391.6,5.5804,6.8706,441.5,6.1256,500,5.5609,5.5609,shortest,0.019,7.538,3,True
Хомутяновка,w757835185,улица Калашникова,15,3,4.7093,346.2,4.7093,5.9994,396.1,5.2545,454.6,4.7093,4.7093,fastest,0.0,6.44,3,True
Хомутяновка,w320342794,улица Калашникова,17,3,4.7321,349.6,4.7321,6.0223,399.5,5.2773,458,4.7321,4.7321,fastest,0.0,6.48,3,True
Хомутяновка,w320342787,улица Калашникова,19,3,4.7426,351.1,4.7426,6.0327,401,5.2878,459.5,4.7426,4.7426,fastest,0.0,6.498,3,True
Хомутяновка,w320342632,улица Калашникова,21,3,4.7974,359,4.7974,6.0875,408.9,5.3426,467.4,4.7974,4.7974,fastest,0.0,6.592,3,True
Хомутяновка,n2330549398,улица Калашникова,22,3,5.4833,377.7,5.4833,6.7734,427.6,6.0285,486.1,5.4833,5.4833,fastest,0.0,7.372,3,True
Хомутяновка,w319370825,улица Калашникова,23,3,4.8246,362.9,4.987,6.1148,412.8,5.3699,471.3,4.8246,4.8246,fastest,0.0,6.639,3,True
Хомутяновка,w209287695,улица Калашникова,25,3,4.7956,368,4.7956,6.0858,417.9,5.3408,476.4,4.7956,4.7956,fastest,0.0,6.636,3,True
Хомутяновка,w319370824,улица Калашникова,25,3,4.8399,365,4.9753,6.13,414.9,5.3851,473.4,4.8399,4.8399,fastest,0.0,6.665,3,True
Хомутяновка,w319370823,улица Калашникова,29,3,4.8629,368.3,4.9983,6.153,418.2,5.4081,476.7,4.8629,4.8629,fastest,0.0,6.704,3,True
Хомутяновка,w319370821,улица Калашникова,31,3,4.8789,370.6,5.0144,6.1691,420.5,5.4241,479,4.8789,4.8789,fastest,0.0,6.732,3,True
Хомутяновка,w319370820,улица Калашникова,33,3,4.8961,373.1,5.0315,6.1862,423,5.4413,481.5,4.8961,4.8961,fastest,0.0,6.762,3,True
Хомутяновка,w319367003,улица Калашникова,35,3,4.9231,377,5.0585,6.2132,426.9,5.4683,485.4,4.9231,4.9231,fastest,0.0,6.808,3,True
Хомутяновка,w319366999,улица Калашникова,37,3,4.9391,379.3,5.0746,6.2293,429.2,5.4843,487.7,4.9391,4.9391,fastest,0.0,6.836,3,True
Хомутяновка,w297019345,улица Калашникова,39,3,4.9581,382,5.4667,6.2482,431.9,5.5033,490.4,4.9581,4.9581,fastest,0.0,6.868,3,True
Хомутяновка,w297019344,улица Калашникова,41,3,5.0014,397.6,5.1369,6.2916,447.5,5.5466,506,5.0014,5.0014,fastest,0.0,6.989,3,True
Хомутяновка,w320438933,улица Калашникова,43,3,5.0082,389.3,5.1436,6.2983,439.2,5.5534,497.7,5.0082,5.0082,fastest,0.0,6.955,3,True
Хомутяновка,n2337889960,улица Калашникова,44,4,6.1033,465.7,6.1033,7.3935,515.6,6.6486,574.1,6.1033,6.1033,fastest,0.0,8.432,4,True
Хомутяновка,w320438935,улица Калашникова,45,3,5.026,391.9,5.1615,6.3162,441.8,5.5712,500.3,5.026,5.026,fastest,0.0,6.986,3,True
Хомутяновка,w352285811,улица Калашникова,46,4,6.0401,460.6,6.0401,7.3303,510.5,6.5854,569,6.0401,6.0401,fastest,0.0,8.343,4,True
Хомутяновка,w320438940,улица Калашникова,47,3,5.046,394.7,5.6042,6.3361,444.6,5.5912,503.1,5.046,5.046,fastest,0.0,7.02,3,True
Хомутяновка,w352285810,улица Калашникова,48,4,6.0548,462.7,6.0548,7.3449,512.6,6.6,571.1,6.0548,6.0548,fastest,0.0,8.368,4,True
Хомутяновка,w320438942,улица Калашникова,49,3,5.5935,393.5,5.5935,6.8837,443.4,6.1387,501.9,5.5478,5.5478,shortest,0.046,7.561,3,True
Хомутяновка,w352285809,улица Калашникова,50,4,6.0786,466.1,6.0786,7.3687,516,6.6238,574.5,6.0786,6.0786,fastest,0.0,8.409,4,True
Хомутяновка,w320438943,улица Калашникова,53,3,5.5674,389.8,5.5674,6.8575,439.7,6.1126,498.2,5.5674,5.5674,fastest,0.0,7.516,3,True
Хомутяновка,w352285807,улица Калашникова,54,4,6.0963,468.7,6.0963,7.3864,518.6,6.6415,577.1,6.0963,6.0963,fastest,0.0,8.44,4,True
Хомутяновка,w484497586,улица Калашникова,55,3,5.5567,388.2,5.5567,6.8469,438.1,6.1019,496.6,5.5567,5.5567,fastest,0.0,7.498,3,True
Хомутяновка,w352285806,улица Калашникова,56,4,6.1101,470.7,6.1101,7.4002,520.6,6.6553,579.1,6.1101,6.1101,fastest,0.0,8.464,4,True
Хомутяновка,w320438948,улица Калашникова,57,3,5.5363,385.3,5.5363,6.8265,435.2,6.0815,493.7,5.5363,5.5363,fastest,0.0,7.463,3,True
Хомутяновка,w352285804,улица Калашникова,58,4,6.1239,472.7,6.1239,7.4141,522.6,6.6692,581.1,6.1239,6.1239,fastest,0.0,8.487,4,True
Хомутяновка,w352285589,улица Калашникова,60,4,6.1373,474.6,6.1373,7.4274,524.5,6.6825,583,6.1373,6.1373,fastest,0.0,8.51,4,True
Хомутяновка,w352285588,улица Калашникова,62,4,6.1535,477,6.1535,7.4436,526.9,6.6987,585.4,6.1535,6.1535,fastest,0.0,8.538,4,True
Хомутяновка,w352285587,улица Калашникова,64,4,6.1678,479,6.1678,7.4579,528.9,6.713,587.4,6.1678,6.1678,fastest,0.0,8.563,4,True
Хомутяновка,w352285586,улица Калашникова,66,4,6.1791,480.6,6.3391,7.4693,530.5,6.7243,589,6.1791,6.1791,fastest,0.0,8.582,4,True
Хомутяновка,w352285585,улица Калашникова,68,4,6.3229,481.8,6.3229,7.613,531.7,6.8681,590.2,6.2837,6.2837,shortest,0.039,8.732,4,True
Хомутяновка,w352285583,улица Калашникова,70,4,6.3064,479.4,6.3064,7.5965,529.3,6.8516,587.8,6.3064,6.3064,fastest,0.0,8.703,4,True
Хомутяновка,w352285582,улица Калашникова,72,4,6.29,477.1,6.29,7.5801,527,6.8352,585.5,6.29,6.29,fastest,0.0,8.675,4,True
Хомутяновка,w326811190,улица Кошевого,1,4,6.0415,444.8,6.0415,7.3316,494.7,6.5867,553.2,6.0415,6.0415,fastest,0.0,8.265,4,True
Хомутяновка,w352064501,улица Кошевого,1а,4,6.0135,440.8,6.0135,7.3036,490.7,6.5587,549.2,6.0135,6.0135,fastest,0.0,8.217,4,True
Хомутяновка,w352265841,улица Кошевого,3,4,6.1056,454,6.1056,7.3958,503.9,6.6508,562.4,6.1056,6.1056,fastest,0.0,8.376,4,True
Хомутяновка,w352111443,улица Кошевого,4,4,5.9412,430.4,5.9412,7.2313,480.3,6.4864,538.8,5.9412,5.9412,fastest,0.0,8.093,4,True
Хомутяновка,w352265843,улица Кошевого,5,4,6.1209,456.2,6.1209,7.4111,506.1,6.6661,564.6,6.1209,6.1209,fastest,0.0,8.402,4,True
Хомутяновка,w352111440,улица Кошевого,6,4,5.9684,434.3,5.9684,7.2585,484.2,6.5136,542.7,5.9684,5.9684,fastest,0.0,8.14,4,True
Хомутяновка,w352265844,улица Кошевого,7,4,6.0385,454.7,6.1379,7.3287,504.6,6.5837,563.1,6.0385,6.0385,fastest,0.0,8.312,4,True
Хомутяновка,w352111439,улица Кошевого,8,4,5.9848,436.7,5.9848,7.2749,486.6,6.53,545.1,5.9848,5.9848,fastest,0.0,8.168,4,True
Хомутяновка,w352265846,улица Кошевого,9,4,6.0259,452.9,6.1505,7.316,502.8,6.5711,561.3,6.0259,6.0259,fastest,0.0,8.29,4,True
Хомутяновка,w352111438,улица Кошевого,10,4,6.0065,439.8,6.0065,7.2967,489.7,6.5517,548.2,6.0065,6.0065,fastest,0.0,8.206,4,True
Хомутяновка,w352111436,улица Кошевого,10а,4,6.0357,444,6.0357,7.3258,493.9,6.5809,552.4,6.0357,6.0357,fastest,0.0,8.256,4,True
Хомутяновка,w326811191,улица Кошевого,14,4,6.0778,450.1,6.0778,7.3679,500,6.623,558.5,6.0778,6.0778,fastest,0.0,8.328,4,True
Хомутяновка,w352265852,улица Кошевого,14,4,6.0511,456.5,6.1253,7.3412,506.4,6.5963,564.9,6.0511,6.0511,fastest,0.0,8.334,4,True
Хомутяновка,w352265853,улица Кошевого,16,4,6.0317,453.7,6.1447,7.3218,503.6,6.5769,562.1,6.0317,6.0317,fastest,0.0,8.3,4,True
Хомутяновка,w352326939,улица Кошевого,38,4,6.0665,461.2,6.0665,7.3567,511.1,6.6117,569.6,6.0665,6.0665,fastest,0.0,8.372,4,True
Хомутяновка,n2337889966,улица Кошевого,42,4,5.9944,450.8,5.9944,7.2845,500.7,6.5396,559.2,5.9944,5.9944,fastest,0.0,8.248,4,True
Хомутяновка,w644316162,улица Крянгэ,1,3,5.3403,357.5,5.3403,6.6304,407.4,5.8855,465.9,5.3403,5.3403,fastest,0.0,7.128,3,True
Хомутяновка,w318083428,улица Крянгэ,6,3,5.3158,355.3,5.3158,6.6059,405.2,5.861,463.7,5.3158,5.3158,fastest,0.0,7.092,3,True
Хомутяновка,w318084710,улица Крянгэ,7,3,5.4947,371.4,5.4947,6.7848,421.3,6.0399,479.8,5.4947,5.4947,fastest,0.0,7.352,3,True
Хомутяновка,w318083432,улица Крянгэ,8,3,5.3312,356.7,5.3312,6.6213,406.6,5.8764,465.1,5.3312,5.3312,fastest,0.0,7.115,3,True
Хомутяновка,w318083433,улица Крянгэ,10,3,5.3482,358.2,5.3482,6.6383,408.1,5.8934,466.6,5.3482,5.3482,fastest,0.0,7.139,3,True
Хомутяновка,w318083442,улица Крянгэ,12,3,5.3655,359.7,5.3655,6.6556,409.6,5.9107,468.1,5.3655,5.3655,fastest,0.0,7.164,3,True
Хомутяновка,w209273571,улица Крянгэ,13,3,5.6992,408.2,5.6992,6.9893,458.1,6.2444,516.6,5.6992,5.6992,fastest,0.0,7.74,4,True
Хомутяновка,w318083440,улица Крянгэ,14,3,5.38,361,5.38,6.6701,410.9,5.9252,469.4,5.38,5.38,fastest,0.0,7.185,3,True
Хомутяновка,w91850334,улица Крянгэ,15,3,5.704,404.3,5.704,6.9941,454.2,6.2492,512.7,5.704,5.704,fastest,0.0,7.726,4,True
Хомутяновка,w91850362,улица Крянгэ,17,3,5.7469,416.5,5.7469,7.037,466.4,6.2921,524.9,5.7469,5.7469,fastest,0.0,7.829,4,True
Хомутяновка,w319132158,улица Крянгэ,20,3,5.4443,366.9,5.4443,6.7345,416.8,5.9896,475.3,5.4443,5.4443,fastest,0.0,7.279,3,True
Хомутяновка,w319133046,улица Крянгэ,22,3,5.4611,368.4,5.4611,6.7512,418.3,6.0063,476.8,5.4611,5.4611,fastest,0.0,7.303,3,True
Хомутяновка,w319133048,улица Крянгэ,24,3,5.4795,370.1,5.4795,6.7696,420,6.0247,478.5,5.4795,5.4795,fastest,0.0,7.33,3,True
Хомутяновка,w319133053,улица Крянгэ,34,3,5.5671,377.9,5.5671,6.8572,427.8,6.1123,486.3,5.5671,5.5671,fastest,0.0,7.457,3,True
Хомутяновка,w319133052,улица Крянгэ,36,3,5.5824,379.3,5.5824,6.8725,429.2,6.1276,487.7,5.5824,5.5824,fastest,0.0,7.479,4,True
Хомутяновка,w209273634,улица Крянгэ,40,3,5.75,406.7,5.75,7.0401,456.6,6.2952,515.1,5.75,5.75,fastest,0.0,7.784,4,True
Хомутяновка,w209273591,улица Крянгэ,42,3,5.7069,396.3,5.7069,6.9971,446.2,6.2521,504.7,5.7069,5.7069,fastest,0.0,7.688,4,True
Хомутяновка,w209273619,улица Крянгэ,44,4,5.9673,429.1,5.9673,7.2574,479,6.5125,537.5,5.9673,5.9673,fastest,0.0,8.113,4,True
Хомутяновка,w320344001,улица Куйбышева,1,3,4.6871,349.8,4.6871,5.9772,399.7,5.2323,458.2,4.6871,4.6871,fastest,0.0,6.436,3,True
Хомутяновка,w320343106,улица Куйбышева,2,3,4.6771,348.3,4.6771,5.9673,398.2,5.2224,456.7,4.6771,4.6771,fastest,0.0,6.419,3,True
Хомутяновка,w320343105,улица Куйбышева,4,3,4.6947,350.9,4.6947,5.9849,400.8,5.2399,459.3,4.6947,4.6947,fastest,0.0,6.449,3,True
Хомутяновка,w352284839,улица Куйбышева,5,3,4.7525,359.3,4.7525,6.0427,409.2,5.2977,467.7,4.7525,4.7525,fastest,0.0,6.549,3,True
Хомутяновка,w320342800,улица Куйбышева,6,3,4.7121,353.3,4.7121,6.0023,403.2,5.2573,461.7,4.7121,4.7121,fastest,0.0,6.479,3,True
Хомутяновка,w352285308,улица Куйбышева,7,3,4.7717,362,4.7717,6.0618,411.9,5.3169,470.4,4.7717,4.7717,fastest,0.0,6.582,3,True
Хомутяновка,w320342799,улица Куйбышева,8,3,4.7255,355.4,4.7255,6.0156,405.3,5.2707,463.8,4.7255,4.7255,fastest,0.0,6.503,3,True
Хомутяновка,w352285307,улица Куйбышева,9,3,4.7908,364.8,4.7908,6.0809,414.7,5.336,473.2,4.7908,4.7908,fastest,0.0,6.615,3,True
Хомутяновка,w320342797,улица Куйбышева,10,3,4.752,359.2,4.752,6.0422,409.1,5.2972,467.6,4.752,4.752,fastest,0.0,6.548,3,True
Хомутяновка,w339300190,улица Куйбышева,11,3,4.8128,368,4.8128,6.1029,417.9,5.358,476.4,4.8128,4.8128,fastest,0.0,6.653,3,True
Хомутяновка,w320342789,улица Куйбышева,12,3,4.7746,362.4,4.7746,6.0647,412.3,5.3198,470.8,4.7746,4.7746,fastest,0.0,6.587,3,True
Хомутяновка,w320437658,улица Куйбышева,13,3,4.8353,371.2,4.8353,6.1254,421.1,5.3805,479.6,4.8353,4.8353,fastest,0.0,6.691,3,True
Хомутяновка,w320342793,улица Куйбышева,14,3,4.7991,366,4.7991,6.0892,415.9,5.3443,474.4,4.7991,4.7991,fastest,0.0,6.629,3,True
Хомутяновка,n2330550601,улица Куйбышева,15,3,4.9953,394.3,4.9953,6.2854,444.2,5.5405,502.7,4.9953,4.9953,fastest,0.0,6.967,3,True
Хомутяновка,w320438938,улица Куйбышева,15,3,4.8526,373.7,4.8526,6.1427,423.6,5.3978,482.1,4.8526,4.8526,fastest,0.0,6.721,3,True
Хомутяновка,w320342791,улица Куйбышева,16,3,4.8173,368.6,4.8173,6.1074,418.5,5.3625,477,4.8173,4.8173,fastest,0.0,6.66,3,True
Хомутяновка,w339300188,улица Куйбышева,17,3,4.8689,376,4.8689,6.159,425.9,5.4141,484.4,4.8689,4.8689,fastest,0.0,6.749,3,True
Хомутяновка,w320342631,улица Куйбышева,18,3,4.8459,372.7,4.8459,6.136,422.6,5.3911,481.1,4.8459,4.8459,fastest,0.0,6.709,3,True
Хомутяновка,w352265866,улица Куйбышева,19,3,4.8986,380.3,4.8986,6.1887,430.2,5.4438,488.7,4.8986,4.8986,fastest,0.0,6.8,3,True
Хомутяновка,w320342629,улица Куйбышева,20,3,4.8689,376,4.8689,6.159,425.9,5.4141,484.4,4.8689,4.8689,fastest,0.0,6.749,3,True
Хомутяновка,w352265865,улица Куйбышева,21,3,4.9244,384,4.9244,6.2145,433.9,5.4696,492.4,4.9244,4.9244,fastest,0.0,6.844,3,True
Хомутяновка,w320342628,улица Куйбышева,22,3,4.8921,379.4,4.8921,6.1823,429.3,5.4373,487.8,4.8921,4.8921,fastest,0.0,6.789,3,True
Хомутяновка,w352265863,улица Куйбышева,23,3,4.9459,387.2,4.9459,6.236,437.1,5.4911,495.6,4.9459,4.9459,fastest,0.0,6.882,3,True
Хомутяновка,w320437619,улица Куйбышева,24,3,4.9123,382.3,4.9123,6.2024,432.2,5.4575,490.7,4.9123,4.9123,fastest,0.0,6.824,3,True
Хомутяновка,w352162874,улица Куйбышева,25,3,4.9648,389.9,4.9648,6.2549,439.8,5.51,498.3,4.9648,4.9648,fastest,0.0,6.914,3,True
Хомутяновка,w320437620,улица Куйбышева,26,3,4.9262,384.3,4.9262,6.2164,434.2,5.4715,492.7,4.9262,4.9262,fastest,0.0,6.848,3,True
Хомутяновка,w320440073,улица Куйбышева,27,3,4.9863,393,4.9863,6.2764,442.9,5.5315,501.4,4.9863,4.9863,fastest,0.0,6.951,3,True
Хомутяновка,w320437622,улица Куйбышева,28,3,4.9411,386.5,4.9411,6.2312,436.4,5.4863,494.9,4.9411,4.9411,fastest,0.0,6.874,3,True
Хомутяновка,w320440071,улица Куйбышева,29,3,5.007,396,5.007,6.2971,445.9,5.5522,504.4,5.007,5.007,fastest,0.0,6.987,3,True
Хомутяновка,w320437623,улица Куйбышева,30,3,4.9581,388.9,4.9581,6.2482,438.8,5.5033,497.3,4.9581,4.9581,fastest,0.0,6.903,3,True
Хомутяновка,w320440070,улица Куйбышева,31,3,5.0202,397.9,5.0202,6.3104,447.8,5.5654,506.3,5.0202,5.0202,fastest,0.0,7.01,3,True
Хомутяновка,w320437626,улица Куйбышева,32,3,4.9716,390.9,4.9716,6.2617,440.8,5.5168,499.3,4.9716,4.9716,fastest,0.0,6.926,3,True
Хомутяновка,w320440062,улица Куйбышева,33,3,5.0466,401.6,5.0466,6.3367,451.5,5.5918,510,5.0466,5.0466,fastest,0.0,7.055,3,True
Хомутяновка,w666173093,улица Куйбышева,34,3,4.9958,394.4,4.9958,6.286,444.3,5.541,502.8,4.9958,4.9958,fastest,0.0,6.968,3,True
Хомутяновка,w320440054,улица Куйбышева,35,3,5.7085,403.7,5.7085,6.9986,453.6,6.2537,512.1,5.4136,5.4136,shortest,0.295,7.727,3,True
Хомутяновка,w320438936,улица Куйбышева,37,3,5.6594,396.7,5.6594,6.9495,446.6,6.2046,505.1,5.4627,5.4627,shortest,0.197,7.643,3,True
Хомутяновка,w320440052,улица Куйбышева,37а,3,5.6852,400.4,5.6852,6.9753,450.3,6.2304,508.8,5.4369,5.4369,shortest,0.248,7.687,3,True
Хомутяновка,w320440055,улица Куйбышева,39,3,5.6272,392,5.6272,6.9173,441.9,6.1724,500.4,5.4949,5.4949,shortest,0.132,7.587,3,True
Хомутяновка,w320440057,улица Куйбышева,40,3,5.06,403.5,5.06,6.3501,453.4,5.6052,511.9,5.06,5.06,fastest,0.0,7.077,3,True
Хомутяновка,w320440053,улица Куйбышева,42,3,5.6987,402.3,5.6987,6.9888,452.2,6.2439,510.7,5.4234,5.4234,shortest,0.275,7.71,3,True
Хомутяновка,w757869687,улица Куйбышева,44,3,5.6735,398.7,5.6735,6.9636,448.6,6.2187,507.1,5.4486,5.4486,shortest,0.225,7.667,3,True
Хомутяновка,w757869686,улица Куйбышева,46,3,5.6593,396.6,5.6593,6.9494,446.5,6.2045,505,5.4628,5.4628,shortest,0.197,7.642,3,True
Хомутяновка,w320439368,улица Куйбышева,48,3,5.6302,392.4,5.6302,6.9203,442.3,6.1754,500.8,5.4919,5.4919,shortest,0.138,7.592,3,True
Хомутяновка,w320439372,улица Куйбышева,50,3,5.6046,388.8,5.6046,6.8947,438.7,6.1498,497.2,5.5175,5.5175,shortest,0.087,7.549,3,True
Хомутяновка,w320439366,улица Куйбышева,51,3,5.6755,399,5.6755,6.9656,448.9,6.2207,507.4,5.4466,5.4466,shortest,0.229,7.671,3,True
Хомутяновка,w320440063,улица Куйбышева,52,3,5.5404,379.5,5.5404,6.8305,429.4,6.0856,487.9,5.5404,5.5404,fastest,0.0,7.438,3,True
Хомутяновка,w209273601,улица Лермонтова,2,3,5.9502,425,5.9502,7.2403,474.9,6.4954,533.4,5.9502,5.9502,fastest,0.0,8.075,4,True
Хомутяновка,w209273566,улица Лермонтова,4,3,5.7899,421.6,5.7899,7.08,471.5,6.3351,530,5.7899,5.7899,fastest,0.0,7.898,4,True
Хомутяновка,w318548554,улица Лермонтова,5,4,5.9526,447.5,5.9526,7.2428,497.4,6.4978,555.9,5.9526,5.9526,fastest,0.0,8.19,4,True
Хомутяновка,w318548553,улица Лермонтова,7,3,5.9277,417.8,5.8417,7.2178,467.7,6.4729,526.2,5.9277,5.9277,fastest,0.0,8.017,4,True
Хомутяновка,w318548552,улица Лермонтова,9,3,5.9415,419.8,5.8278,7.2317,469.7,6.4867,528.2,5.9415,5.9415,fastest,0.0,8.04,4,True
Хомутяновка,w318548547,улица Лермонтова,11,3,5.8079,417.7,5.8079,7.098,467.6,6.3531,526.1,5.8079,5.8079,fastest,0.0,7.896,4,True
Хомутяновка,w318548540,улица Лермонтова,13,3,5.7893,415,5.7893,7.0794,464.9,6.3345,523.4,5.7893,5.7893,fastest,0.0,7.864,4,True
Хомутяновка,w318548535,улица Лермонтова,15,3,5.7735,412.7,5.7735,7.0636,462.6,6.3187,521.1,5.7735,5.7735,fastest,0.0,7.837,4,True
Хомутяновка,w318120119,улица Лермонтова,16,3,5.7199,404.9,5.7199,7.01,454.8,6.2651,513.3,5.7199,5.7199,fastest,0.0,7.744,4,True
Хомутяновка,w318120125,улица Лермонтова,17,3,5.7549,409.9,5.7549,7.0451,459.8,6.3001,518.3,5.7549,5.7549,fastest,0.0,7.804,4,True
Хомутяновка,n2321834521,улица Лермонтова,18,3,5.5622,401.7,5.5622,6.8524,451.6,6.1074,510.1,5.5622,5.5622,fastest,0.0,7.571,3,True
Хомутяновка,w318084698,улица Лермонтова,18,3,5.7204,405,5.7204,7.0105,454.9,6.2656,513.4,5.7204,5.7204,fastest,0.0,7.745,4,True
Хомутяновка,w318084696,улица Лермонтова,21,3,5.5608,401.5,5.5608,6.8509,451.4,6.106,509.9,5.5608,5.5608,fastest,0.0,7.568,3,True
Хомутяновка,w318084704,улица Лермонтова,23,3,5.5427,398.9,5.5427,6.8329,448.8,6.0879,507.3,5.5427,5.5427,fastest,0.0,7.537,3,True
Хомутяновка,n4397874166,улица Лермонтова,24,3,5.5267,396.5,5.5267,6.8168,446.4,6.0719,504.9,5.5267,5.5267,fastest,0.0,7.509,3,True
Хомутяновка,w318084707,улица Лермонтова,25,3,5.5228,396,5.5228,6.8129,445.9,6.068,504.4,5.5228,5.5228,fastest,0.0,7.503,3,True
Хомутяновка,w318084690,улица Лермонтова,29,3,5.4926,391.6,5.4926,6.7827,441.5,6.0378,500,5.4926,5.4926,fastest,0.0,7.451,3,True
Хомутяновка,w318084686,улица Лермонтова,31,3,5.474,388.9,5.474,6.7641,438.8,6.0192,497.3,5.474,5.474,fastest,0.0,7.418,3,True
Хомутяновка,w318083482,улица Лермонтова,33,3,5.4566,386.4,5.4566,6.7467,436.3,6.0018,494.8,5.4566,5.4566,fastest,0.0,7.389,3,True
Хомутяновка,w318083475,улица Лермонтова,35,3,5.4423,384.4,5.4423,6.7324,434.3,5.9875,492.8,5.4423,5.4423,fastest,0.0,7.364,3,True
Хомутяновка,w318083469,улица Лермонтова,37,3,5.424,381.8,5.424,6.7141,431.7,5.9692,490.2,5.424,5.424,fastest,0.0,7.333,3,True
Хомутяновка,n2321834527,улица Лермонтова,38,3,5.4143,380.3,5.4143,6.7044,430.2,5.9595,488.7,5.4143,5.4143,fastest,0.0,7.316,3,True
Хомутяновка,n4919278864,улица Лермонтова,38а,3,5.1612,344,5.1612,6.4513,393.9,5.7064,452.4,5.1612,5.1612,fastest,0.0,6.881,3,True
Хомутяновка,w318043413,улица Лермонтова,38а,3,5.1753,346,5.1753,6.4655,395.9,5.7205,454.4,5.1753,5.1753,fastest,0.0,6.905,3,True
Хомутяновка,n2321834524,улица Лермонтова,39,3,5.4197,381.1,5.4197,6.7098,431,5.9649,489.5,5.4197,5.4197,fastest,0.0,7.325,3,True
Хомутяновка,w318083466,улица Лермонтова,39,3,5.4072,379.3,5.4072,6.6974,429.2,5.9525,487.7,5.4072,5.4072,fastest,0.0,7.304,3,True
Хомутяновка,n2321834534,улица Лермонтова,41,3,5.3753,374.7,5.3753,6.6654,424.6,5.9205,483.1,5.3753,5.3753,fastest,0.0,7.249,3,True
Хомутяновка,w317149370,улица Лермонтова,43,3,5.3616,372.8,5.3616,6.6518,422.7,5.9068,481.2,5.3616,5.3616,fastest,0.0,7.226,3,True
Хомутяновка,w317149376,улица Лермонтова,45,3,5.3479,370.8,5.3479,6.6381,420.7,5.8931,479.2,5.3479,5.3479,fastest,0.0,7.202,3,True
Хомутяновка,w318044883,улица Лермонтова,49,3,5.3123,365.7,5.3123,6.6024,415.6,5.8575,474.1,5.3123,5.3123,fastest,0.0,7.141,3,True
Хомутяновка,w318083425,улица Лермонтова,50,3,5.3014,364.1,5.3014,6.5915,414,5.8466,472.5,5.3014,5.3014,fastest,0.0,7.122,3,True
Хомутяновка,w318044882,улица Лермонтова,51,3,5.2943,363.1,5.2943,6.5844,413,5.8395,471.5,5.2943,5.2943,fastest,0.0,7.11,3,True
Хомутяновка,n2321855312,улица Лермонтова,56,3,5.2012,349.8,5.2012,6.4914,399.7,5.7464,458.2,5.2012,5.2012,fastest,0.0,6.95,3,True
Хомутяновка,n2321855313,улица Лермонтова,60,3,5.1595,343.7,5.1595,6.4497,393.6,5.7047,452.1,5.1595,5.1595,fastest,0.0,6.878,3,True
Хомутяновка,w528507074,улица Ломоносова,1,3,5.7285,414.2,5.7285,7.0186,464.1,6.2737,522.6,5.7285,5.7285,fastest,0.0,7.8,4,True
Хомутяновка,w320438945,улица Ломоносова,2,3,5.8003,424.5,5.8003,7.0904,474.4,6.3455,532.9,5.8003,5.8003,fastest,0.0,7.923,4,True
Хомутяновка,n5653833599,улица Ломоносова,2А,3,5.8162,426.8,5.8162,7.1064,476.7,6.3614,535.2,5.8162,5.8162,fastest,0.0,7.95,4,True
Хомутяновка,w342101744,улица Ломоносова,4,3,5.8638,433.7,5.8638,7.154,483.6,6.409,542.1,5.8638,5.8638,fastest,0.0,8.032,4,True
Хомутяновка,w342101746,улица Ломоносова,6,4,5.888,437.1,5.888,7.1781,487,6.4332,545.5,5.888,5.888,fastest,0.0,8.073,4,True
Хомутяновка,w342101752,улица Ломоносова,8,4,5.9326,443.6,5.9326,7.2227,493.5,6.4778,552,5.9326,5.9326,fastest,0.0,8.151,4,True
Хомутяновка,w352064499,улица Ломоносова,12,4,5.9544,446.7,5.9544,7.2445,496.6,6.4996,555.1,5.9544,5.9544,fastest,0.0,8.188,4,True
Хомутяновка,w352263847,улица Ломоносова,12,4,6.0078,454.3,6.0078,7.2979,504.2,6.553,562.7,6.0078,6.0078,fastest,0.0,8.279,4,True
Хомутяновка,w352064498,улица Ломоносова,12a,4,5.9678,448.6,5.9678,7.2579,498.5,6.513,557,5.9678,5.9678,fastest,0.0,8.211,4,True
Хомутяновка,n2337889957,улица Ломоносова,15,4,5.8792,435.9,5.8792,7.1694,485.8,6.4244,544.3,5.8792,5.8792,fastest,0.0,8.059,4,True
Хомутяновка,w352111433,улица Ломоносова,16,4,6.0108,454.7,6.0108,7.301,504.6,6.556,563.1,6.0108,6.0108,fastest,0.0,8.284,4,True
Хомутяновка,n5640999867,улица Ломоносова,17,3,5.7467,480.3,5.7467,7.0368,530.2,6.2919,588.7,5.7467,5.7467,fastest,0.0,8.148,4,True
Хомутяновка,w352111435,улица Ломоносова,18,4,6.0239,456.6,6.0239,7.314,506.5,6.5691,565,6.0239,6.0239,fastest,0.0,8.307,4,True
Хомутяновка,n2337889954,улица Ломоносова,19,4,5.9278,442.9,5.9278,7.2179,492.8,6.473,551.3,5.9278,5.9278,fastest,0.0,8.142,4,True
Хомутяновка,w352263846,улица Ломоносова,20,4,6.0608,461.9,6.1514,7.3509,511.8,6.606,570.3,6.0608,6.0608,fastest,0.0,8.37,4,True
Хомутяновка,w352263844,улица Ломоносова,21,4,6.0357,458.3,6.0357,7.3258,508.2,6.5809,566.7,6.0357,6.0357,fastest,0.0,8.327,4,True
Хомутяновка,w352263842,улица Ломоносова,23,4,6.0488,460.2,6.0488,7.3389,510.1,6.594,568.6,6.0488,6.0488,fastest,0.0,8.35,4,True
Хомутяновка,w352263834,улица Ломоносова,24,4,6.1657,465.7,6.1657,7.4558,515.6,6.7109,574.1,6.1657,6.1657,fastest,0.0,8.494,4,True
Хомутяновка,w352263840,улица Ломоносова,25,4,6.0613,462,6.1508,7.3515,511.9,6.6065,570.4,6.0613,6.0613,fastest,0.0,8.371,4,True
Хомутяновка,w352263832,улица Ломоносова,26,4,6.1807,467.9,6.1807,7.4709,517.8,6.7259,576.3,6.1807,6.1807,fastest,0.0,8.52,4,True
Хомутяновка,w352263839,улица Ломоносова,27,4,6.1334,460.6,6.1334,7.4235,510.5,6.6786,569,6.1334,6.1334,fastest,0.0,8.436,4,True
Хомутяновка,w352263808,улица Ломоносова,28,4,6.1998,470.6,6.1998,7.4899,520.5,6.745,579,6.1998,6.1998,fastest,0.0,8.553,4,True
Хомутяновка,w352263816,улица Ломоносова,29,4,6.1434,462.5,6.1434,7.4335,512.4,6.6886,570.9,6.1434,6.1434,fastest,0.0,8.456,4,True
Хомутяновка,w352263806,улица Ломоносова,30,4,6.216,472.9,6.216,7.5061,522.8,6.7612,581.3,6.216,6.216,fastest,0.0,8.581,4,True
Хомутяновка,w352263814,улица Ломоносова,31,4,6.1594,464.8,6.1594,7.4495,514.7,6.7046,573.2,6.1594,6.1594,fastest,0.0,8.483,4,True
Хомутяновка,w352263818,улица Ломоносова,32,4,6.2172,471.8,6.2172,7.5074,521.7,6.7624,580.2,6.2172,6.2172,fastest,0.0,8.576,4,True
Хомутяновка,w352263813,улица Ломоносова,33,4,6.1722,466.7,6.1722,7.4624,516.6,6.7174,575.1,6.1722,6.1722,fastest,0.0,8.506,4,True
Хомутяновка,w352263811,улица Ломоносова,35,4,6.1851,468.5,6.1851,7.4752,518.4,6.7303,576.9,6.1851,6.1851,fastest,0.0,8.528,4,True
Хомутяновка,w352263809,улица Ломоносова,37,4,6.1998,470.6,6.1998,7.4899,520.5,6.745,579,6.1998,6.1998,fastest,0.0,8.553,4,True
Хомутяновка,w352263803,улица Ломоносова,41,4,6.2312,475.1,6.2495,7.5214,525,6.7764,583.5,6.2312,6.2312,fastest,0.0,8.607,4,True
Хомутяновка,w352263801,улица Ломоносова,45,4,6.2162,471.7,6.2162,7.5063,521.6,6.7614,580.1,6.2162,6.2162,fastest,0.0,8.575,4,True
Хомутяновка,w352263798,улица Ломоносова,47,4,6.1953,468.6,6.1953,7.4854,518.5,6.7405,577,6.1953,6.1953,fastest,0.0,8.538,4,True
Хомутяновка,w318085551,улица Матросова,3,3,5.8646,426.2,5.8646,7.1547,476.1,6.4098,534.6,5.8646,5.8646,fastest,0.0,7.996,4,True
Хомутяновка,w209273621,улица Матросова,4,4,5.8878,431.9,5.8878,7.178,481.8,6.433,540.3,5.8878,5.8878,fastest,0.0,8.047,4,True
Хомутяновка,w318085550,улица Матросова,5,3,5.8612,425.4,5.8612,7.1513,475.3,6.4064,533.8,5.8612,5.8612,fastest,0.0,7.988,4,True
Хомутяновка,w318548555,улица Матросова,6,3,5.8449,421.8,5.8449,7.1351,471.7,6.3901,530.2,5.8449,5.8449,fastest,0.0,7.954,4,True
Хомутяновка,w318085549,улица Матросова,7,3,5.8198,418.2,5.8198,7.11,468.1,6.365,526.6,5.8198,5.8198,fastest,0.0,7.911,4,True
Хомутяновка,w318548551,улица Матросова,8,3,5.8278,419.4,5.8278,7.118,469.3,6.373,527.8,5.8278,5.8278,fastest,0.0,7.925,4,True
Хомутяновка,w318085546,улица Матросова,9,3,5.8006,415.5,5.8006,7.0908,465.4,6.3459,523.9,5.8006,5.8006,fastest,0.0,7.878,4,True
Хомутяновка,w318120123,улица Матросова,10,3,5.7224,404.2,5.7224,7.0125,454.1,6.2676,512.6,5.7224,5.7224,fastest,0.0,7.743,4,True
Хомутяновка,w318548549,улица Матросова,10,3,5.8098,416.8,5.8098,7.0999,466.7,6.355,525.2,5.8098,5.8098,fastest,0.0,7.894,4,True
Хомутяновка,w318085082,улица Матросова,11,3,5.7772,412.1,5.7772,7.0673,462,6.3224,520.5,5.7772,5.7772,fastest,0.0,7.838,4,True
Хомутяновка,w318548545,улица Матросова,12,3,5.7937,414.4,5.7937,7.0838,464.3,6.3389,522.8,5.7937,5.7937,fastest,0.0,7.866,4,True
Хомутяновка,w315851335,улица Матросова,13,3,5.5779,400.2,5.5779,6.868,450.1,6.1231,508.6,5.5779,5.5779,fastest,0.0,7.579,4,True
Хомутяновка,w318548543,улица Матросова,14,3,5.7767,412,5.7767,7.0668,461.9,6.3219,520.4,5.7767,5.7767,fastest,0.0,7.837,4,True
Хомутяновка,w315618171,улица Матросова,15,3,5.5332,393.7,5.5332,6.8233,443.6,6.0784,502.1,5.5332,5.5332,fastest,0.0,7.502,3,True
Хомутяновка,w318120128,улица Матросова,16,3,5.7549,408.9,5.7549,7.045,458.8,6.3001,517.3,5.7549,5.7549,fastest,0.0,7.799,4,True
Хомутяновка,w318084693,улица Матросова,18,3,5.5873,401.5,5.5873,6.8774,451.4,6.1325,509.9,5.5873,5.5873,fastest,0.0,7.595,4,True
Хомутяновка,w315807199,улица Матросова,19,3,5.3047,375.9,5.3047,6.5948,425.8,5.8499,484.3,5.3047,5.3047,fastest,0.0,7.184,3,True
Хомутяновка,w318084702,улица Матросова,20,3,5.571,399.2,5.571,6.8611,449.1,6.1162,507.6,5.571,5.571,fastest,0.0,7.567,3,True
Хомутяновка,w315807212,улица Матросова,21,3,5.2866,373.3,5.2866,6.5767,423.2,5.8318,481.7,5.2866,5.2866,fastest,0.0,7.153,3,True
Хомутяновка,w318084701,улица Матросова,22,3,5.5539,396.7,5.5539,6.844,446.6,6.0991,505.1,5.5539,5.5539,fastest,0.0,7.537,3,True
Хомутяновка,w315807210,улица Матросова,23,3,5.2701,371,5.2701,6.5602,420.9,5.8153,479.4,5.2701,5.2701,fastest,0.0,7.125,3,True
Хомутяновка,w315807208,улица Матросова,25,3,5.2503,368.1,5.2503,6.5404,418,5.7955,476.5,5.2503,5.2503,fastest,0.0,7.091,3,True
Хомутяновка,w318084700,улица Матросова,26,3,5.536,394.1,5.536,6.8261,444,6.0812,502.5,5.536,5.536,fastest,0.0,7.506,3,True
Хомутяновка,w315807203,улица Матросова,27,3,5.2332,365.7,5.2332,6.5233,415.6,5.7784,474.1,5.2332,5.2332,fastest,0.0,7.062,3,True
Хомутяновка,w318084689,улица Матросова,28,3,5.5203,391.9,5.5203,6.8104,441.8,6.0655,500.3,5.5203,5.5203,fastest,0.0,7.48,3,True
Хомутяновка,w315618173,улица Матросова,29,3,5.2179,363.4,5.2179,6.508,413.3,5.7631,471.8,5.2179,5.2179,fastest,0.0,7.035,3,True
Хомутяновка,w318084687,улица Матросова,30,3,5.5012,389.1,5.5012,6.7913,439,6.0464,497.5,5.5012,5.5012,fastest,0.0,7.447,3,True
Хомутяновка,w318083480,улица Матросова,32,3,5.4844,386.7,5.4844,6.7746,436.6,6.0296,495.1,5.4844,5.4844,fastest,0.0,7.418,3,True
Хомутяновка,w318083477,улица Матросова,34,3,5.4685,384.4,5.4685,6.7586,434.3,6.0137,492.8,5.4685,5.4685,fastest,0.0,7.39,3,True
Хомутяновка,w315425263,улица Матросова,35,3,5.1663,356,5.1663,6.4564,405.9,5.7115,464.4,5.1663,5.1663,fastest,0.0,6.946,3,True
Хомутяновка,w318083474,улица Матросова,36,3,5.4502,381.8,5.4502,6.7403,431.7,5.9954,490.2,5.4502,5.4502,fastest,0.0,7.359,3,True
Хомутяновка,w318083464,улица Матросова,38,3,5.433,379.3,5.433,6.7231,429.2,5.9782,487.7,5.433,5.433,fastest,0.0,7.329,3,True
Хомутяновка,w317149367,улица Матросова,42,3,5.3207,378.3,5.3207,6.6109,428.2,5.8659,486.7,5.3207,5.3207,fastest,0.0,7.212,3,True
Хомутяновка,w317149374,улица Матросова,44,3,5.3007,375.4,5.3007,6.5908,425.3,5.8459,483.8,5.3007,5.3007,fastest,0.0,7.178,3,True
Хомутяновка,w318044885,улица Матросова,46,3,5.2851,373.1,5.2851,6.5752,423,5.8303,481.5,5.2851,5.2851,fastest,0.0,7.151,3,True
Хомутяновка,w318044886,улица Матросова,50,3,5.2512,368.2,5.2512,6.5413,418.1,5.7964,476.6,5.2512,5.2512,fastest,0.0,7.092,3,True
Хомутяновка,w317149365,улица Матросова,52,3,5.233,365.6,5.233,6.5231,415.5,5.7782,474,5.233,5.233,fastest,0.0,7.061,3,True
Хомутяновка,w315807202,улица Матросова,54,3,5.2178,363.4,5.2178,6.5079,413.3,5.763,471.8,5.2178,5.2178,fastest,0.0,7.035,3,True
Хомутяновка,w317053543,улица Осипенко,4,3,5.9169,410.8,5.9169,7.207,460.7,6.4621,519.2,5.9169,5.9169,fastest,0.0,7.971,4,True
Хомутяновка,w318070641,улица Осипенко,5,4,6.3118,410.2,6.3118,7.6019,460.1,6.857,518.6,5.7634,5.7634,shortest,0.548,8.363,4,True
Хомутяновка,w317053539,улица Осипенко,6,3,5.8446,410.1,5.9312,7.1347,460,6.3898,518.5,5.8446,5.8446,fastest,0.0,7.895,4,True
Хомутяновка,w318070639,улица Осипенко,7,3,5.9266,409.1,6.3265,7.2167,459,6.4718,517.5,5.7781,5.7781,shortest,0.148,7.972,4,True
Хомутяновка,w317053540,улица Осипенко,8,3,5.8151,405.9,5.8151,7.1052,455.8,6.3603,514.3,5.8151,5.8151,fastest,0.0,7.845,4,True
Хомутяновка,w317053541,улица Осипенко,10,3,5.7997,403.7,5.7997,7.0898,453.6,6.3449,512.1,5.7997,5.7997,fastest,0.0,7.818,4,True
Хомутяновка,w317053535,улица Осипенко,12,3,5.7856,401.7,5.7856,7.0758,451.6,6.3308,510.1,5.7856,5.7856,fastest,0.0,7.794,4,True
Хомутяновка,w318070629,улица Осипенко,13,3,5.9184,411,5.9184,7.2085,460.9,6.4636,519.4,5.9184,5.9184,fastest,0.0,7.973,4,True
Хомутяновка,w318071320,улица Осипенко,14,3,5.7679,399.1,5.7679,7.058,449,6.3131,507.5,5.7679,5.7679,fastest,0.0,7.763,4,True
Хомутяновка,w318070627,улица Осипенко,15,3,5.8421,409.8,5.9336,7.1322,459.7,6.3873,518.2,5.8421,5.8421,fastest,0.0,7.891,4,True
Хомутяновка,w317053520,улица Осипенко,16,3,5.7016,402,5.7772,6.9918,451.9,6.2468,510.4,5.7016,5.7016,fastest,0.0,7.712,4,True
Хомутяновка,w318070626,улица Осипенко,17,3,5.8248,407.3,5.8248,7.115,457.2,6.3701,515.7,5.8248,5.8248,fastest,0.0,7.861,4,True
Хомутяновка,w317053511,улица Осипенко,18,3,5.6719,397.8,5.6719,6.9621,447.7,6.2171,506.2,5.6719,5.6719,fastest,0.0,7.661,4,True
Хомутяновка,w317149192,улица Осипенко,19,3,5.8091,405,5.8091,7.0992,454.9,6.3543,513.4,5.8091,5.8091,fastest,0.0,7.834,4,True
Хомутяновка,w317053502,улица Осипенко,20,3,5.6562,395.5,5.6562,6.9463,445.4,6.2014,503.9,5.6562,5.6562,fastest,0.0,7.634,4,True
Хомутяновка,w317149188,улица Осипенко,21,3,5.7926,402.7,5.7926,7.0827,452.6,6.3378,511.1,5.7926,5.7926,fastest,0.0,7.806,4,True
Хомутяновка,w317053546,улица Осипенко,23,3,5.7749,400.1,5.7749,7.065,450,6.3201,508.5,5.7749,5.7749,fastest,0.0,7.775,4,True
Хомутяновка,w315807221,улица Осипенко,24,3,5.5309,394.8,5.6509,6.821,444.7,6.0761,503.2,5.5309,5.5309,fastest,0.0,7.505,3,True
Хомутяновка,w315807220,улица Осипенко,26,3,5.5125,392.1,5.5125,6.8026,442,6.0577,500.5,5.5125,5.5125,fastest,0.0,7.473,3,True
Хомутяновка,w315851325,улица Осипенко,28,3,5.4868,388.4,5.4868,6.777,438.3,6.032,496.8,5.4868,5.4868,fastest,0.0,7.429,3,True
Хомутяновка,w315618172,улица Осипенко,30,3,5.4657,385.3,5.4657,6.7558,435.2,6.0109,493.7,5.4657,5.4657,fastest,0.0,7.392,3,True
Хомутяновка,w316759468,улица Осипенко,31,3,5.6973,401.4,5.7816,6.9874,451.3,6.2425,509.8,5.6973,5.6973,fastest,0.0,7.704,4,True
Хомутяновка,w316759289,улица Осипенко,33,3,5.6818,399.2,5.6818,6.9719,449.1,6.227,507.6,5.6818,5.6818,fastest,0.0,7.678,4,True
Хомутяновка,w316759220,улица Осипенко,35,3,5.6636,396.6,5.6636,6.9538,446.5,6.2088,505,5.6636,5.6636,fastest,0.0,7.647,4,True
Хомутяновка,w316759217,улица Осипенко,37,3,5.6495,394.5,5.6495,6.9396,444.4,6.1947,502.9,5.6495,5.6495,fastest,0.0,7.622,4,True
Хомутяновка,w316759073,улица Осипенко,39,3,5.6313,391.9,5.6313,6.9214,441.8,6.1765,500.3,5.6313,5.6313,fastest,0.0,7.591,4,True
Хомутяновка,w315807224,улица Осипенко,45,3,5.6284,395,5.6284,6.9185,444.9,6.1736,503.4,5.6284,5.6284,fastest,0.0,7.603,4,True
Хомутяновка,w315807231,улица Осипенко,47,3,5.537,395.6,5.6448,6.8272,445.5,6.0822,504,5.537,5.537,fastest,0.0,7.515,3,True
Хомутяновка,w315851307,улица Осипенко,49,3,5.5199,393.2,5.5199,6.81,443.1,6.0651,501.6,5.5199,5.5199,fastest,0.0,7.486,3,True
Хомутяновка,w315851319,улица Осипенко,51,3,5.5034,390.8,5.5034,6.7935,440.7,6.0486,499.2,5.5034,5.5034,fastest,0.0,7.457,3,True
Хомутяновка,w315851320,улица Осипенко,53,3,5.4854,388.2,5.4854,6.7756,438.1,6.0307,496.6,5.4854,5.4854,fastest,0.0,7.426,3,True
Хомутяновка,w315851322,улица Осипенко,55,3,5.4689,385.8,5.4689,6.759,435.7,6.0141,494.2,5.4689,5.4689,fastest,0.0,7.398,3,True
Хомутяновка,w315851323,улица Осипенко,57,3,5.4507,383.2,5.4507,6.7408,433.1,5.9959,491.6,5.4507,5.4507,fastest,0.0,7.367,3,True
Хомутяновка,w315851310,улица Осипенко,59,3,5.4329,380.6,5.4329,6.7231,430.5,5.9782,489,5.4329,5.4329,fastest,0.0,7.336,3,True
Хомутяновка,w303915691,улица Островского,2,3,4.5644,318.8,4.5644,5.8545,368.7,5.1096,427.2,4.5644,4.5644,fastest,0.0,6.158,3,True
Хомутяновка,w304088423,улица Островского,5,3,4.528,313.5,4.528,5.8181,363.4,5.0732,421.9,4.528,4.528,fastest,0.0,6.095,3,True
Хомутяновка,w304088426,улица Островского,7,3,4.5082,310.7,4.5082,5.7983,360.6,5.0534,419.1,4.5082,4.5082,fastest,0.0,6.062,3,True
Хомутяновка,w304088427,улица Островского,9,3,4.4921,308.3,4.4921,5.7822,358.2,5.0373,416.7,4.4921,4.4921,fastest,0.0,6.034,3,True
Хомутяновка,w303915683,улица Островского,10,3,4.4736,305.7,4.4736,5.7637,355.6,5.0188,414.1,4.4736,4.4736,fastest,0.0,6.002,3,True
Хомутяновка,w304088428,улица Островского,11,3,4.4669,304.7,4.4669,5.757,354.6,5.0121,413.1,4.4669,4.4669,fastest,0.0,5.99,3,True
Хомутяновка,w209273598,улица Павлика Морозова,1,4,6.6541,459.3,6.2051,7.9442,509.2,7.1993,567.7,6.1057,6.1057,shortest,0.548,8.951,4,True
Хомутяновка,w209273623,улица Павлика Морозова,1,4,6.6974,469.7,6.2484,7.9875,519.6,7.2426,578.1,6.149,6.149,shortest,0.548,9.046,4,True
Хомутяновка,w209273578,улица Павлика Морозова,2,4,6.6391,463.4,6.1901,7.9292,513.3,7.1843,571.8,6.0907,6.0907,shortest,0.548,8.956,4,True
Хомутяновка,w209273609,улица Павлика Морозова,3,4,6.6664,460.7,6.2174,7.9565,510.6,7.2116,569.1,6.118,6.118,shortest,0.548,8.97,4,True
Хомутяновка,w209273587,улица Павлика Морозова,4,4,6.6681,469,6.2191,7.9582,518.9,7.2133,577.4,6.1197,6.1197,shortest,0.548,9.013,4,True
Хомутяновка,w209273573,улица Павлика Морозова,5,4,6.6597,450.2,6.2108,7.9499,500.1,7.2049,558.6,6.1114,6.1114,shortest,0.548,8.911,4,True
Хомутяновка,w209273612,улица Павлика Морозова,6,4,6.7278,468.7,6.2788,8.0179,518.6,7.273,577.1,6.1794,6.1794,shortest,0.548,9.071,4,True
Хомутяновка,w209273576,улица Павлика Морозова,7,4,6.7562,470.6,6.3072,8.0463,520.5,7.3014,579,6.2078,6.2078,shortest,0.548,9.109,4,True
Хомутяновка,w209273596,улица Павлика Морозова,8,4,6.8234,473.9,6.3744,8.1135,523.8,7.3686,582.3,6.8234,6.8234,fastest,0.0,9.193,4,True
Хомутяновка,w209273644,улица Павлика Морозова,8,4,6.8794,482,6.4304,8.1695,531.9,7.4246,590.4,6.8794,6.8794,fastest,0.0,9.289,4,True
Хомутяновка,w103992836,улица Павлика Морозова,13,4,6.8323,480.7,6.3834,8.1225,530.6,7.3775,589.1,6.8323,6.8323,fastest,0.0,9.236,4,True
Хомутяновка,w317051450,улица Ползунова,2,3,5.6278,369.3,5.6278,6.9179,419.2,6.173,477.7,5.6278,5.6278,fastest,0.0,7.474,4,True
Хомутяновка,w317051449,улица Ползунова,4,3,5.6429,371.5,5.6429,6.9331,421.4,6.1882,479.9,5.6429,5.6429,fastest,0.0,7.5,4,True
Хомутяновка,w317051446,улица Ползунова,6,3,5.5642,369.5,5.6592,6.8544,419.4,6.1094,477.9,5.5642,5.5642,fastest,0.0,7.412,3,True
Хомутяновка,w317051440,улица Ползунова,8,3,5.5496,367.4,5.5496,6.8397,417.3,6.0948,475.8,5.5496,5.5496,fastest,0.0,7.387,3,True
Хомутяновка,w209416029,улица Ползунова,9,3,5.5321,364.9,5.5321,6.8222,414.8,6.0773,473.3,5.5321,5.5321,fastest,0.0,7.357,3,True
Хомутяновка,w317051437,улица Ползунова,10,3,5.5366,365.5,5.5366,6.8267,415.4,6.0818,473.9,5.5366,5.5366,fastest,0.0,7.364,3,True
Хомутяновка,w209416049,улица Ползунова,11,3,5.5174,362.8,5.5174,6.8075,412.7,6.0626,471.2,5.5174,5.5174,fastest,0.0,7.331,3,True
Хомутяновка,w317051435,улица Ползунова,12,3,5.5209,363.3,5.5209,6.811,413.2,6.0661,471.7,5.5209,5.5209,fastest,0.0,7.337,3,True
Хомутяновка,w209416063,улица Ползунова,13,3,5.5035,360.8,5.5035,6.7936,410.7,6.0487,469.2,5.5035,5.5035,fastest,0.0,7.307,3,True
Хомутяновка,w317051433,улица Ползунова,14,3,5.5066,361.2,5.5066,6.7967,411.1,6.0518,469.6,5.5066,5.5066,fastest,0.0,7.313,3,True
Хомутяновка,w209416092,улица Ползунова,15,3,5.4878,358.5,5.4878,6.778,408.4,6.0331,466.9,5.4878,5.4878,fastest,0.0,7.28,3,True
Хомутяновка,w317051431,улица Ползунова,16,3,5.4942,359.4,5.4942,6.7843,409.3,6.0394,467.8,5.4942,5.4942,fastest,0.0,7.291,3,True
Хомутяновка,w315851326,улица Ползунова,21,3,5.4888,362.1,5.4888,6.7789,412,6.034,470.5,5.4888,5.4888,fastest,0.0,7.299,3,True
Хомутяновка,w316645117,улица Ползунова,22,3,5.4865,361.7,5.4865,6.7766,411.6,6.0317,470.1,5.4865,5.4865,fastest,0.0,7.295,3,True
Хомутяновка,w209416082,улица Ползунова,23,3,5.4208,361.6,5.5049,6.7109,411.5,5.966,470,5.4208,5.4208,fastest,0.0,7.229,3,True
Хомутяновка,w316645115,улица Ползунова,24,3,5.4249,362.2,5.5008,6.715,412.1,5.9701,470.6,5.4249,5.4249,fastest,0.0,7.236,3,True
Хомутяновка,w209416028,улица Ползунова,25,3,5.4069,359.6,5.4069,6.697,409.5,5.9521,468,5.4069,5.4069,fastest,0.0,7.205,3,True
Хомутяновка,w316645114,улица Ползунова,26,3,5.4094,360,5.5163,6.6995,409.9,5.9546,468.4,5.4094,5.4094,fastest,0.0,7.209,3,True
Хомутяновка,w209416084,улица Ползунова,27,3,5.392,357.5,5.392,6.6821,407.4,5.9372,465.9,5.392,5.392,fastest,0.0,7.18,3,True
Хомутяновка,w316645110,улица Ползунова,28,3,5.3943,357.8,5.3943,6.6844,407.7,5.9395,466.2,5.3943,5.3943,fastest,0.0,7.183,3,True
Хомутяновка,w209416042,улица Ползунова,29,3,5.3768,355.3,5.3768,6.667,405.2,5.9221,463.7,5.3768,5.3768,fastest,0.0,7.153,3,True
Хомутяновка,w316031270,улица Ползунова,30,3,5.3795,355.7,5.3795,6.6696,405.6,5.9247,464.1,5.3795,5.3795,fastest,0.0,7.158,3,True
Хомутяновка,w209416038,улица Ползунова,31,3,5.3644,353.5,5.3644,6.6545,403.4,5.9096,461.9,5.3644,5.3644,fastest,0.0,7.132,3,True
Хомутяновка,w316031267,улица Ползунова,32,3,5.3642,353.5,5.3642,6.6543,403.4,5.9094,461.9,5.3642,5.3642,fastest,0.0,7.132,3,True
Хомутяновка,w209416078,улица Ползунова,33,3,5.3482,351.2,5.3482,6.6384,401.1,5.8934,459.6,5.3482,5.3482,fastest,0.0,7.104,3,True
Хомутяновка,w316031266,улица Ползунова,34,3,5.3495,351.4,5.3495,6.6396,401.3,5.8947,459.8,5.3495,5.3495,fastest,0.0,7.106,3,True
Хомутяновка,w316031264,улица Ползунова,36,3,5.3335,349.1,5.3335,6.6236,399,5.8787,457.5,5.3335,5.3335,fastest,0.0,7.079,3,True
Хомутяновка,w315618146,улица Ползунова,38,3,5.3347,352.6,5.3347,6.6249,402.5,5.8799,461,5.3347,5.3347,fastest,0.0,7.098,3,True
Хомутяновка,w209287675,улица Ползунова,39,3,5.3487,354.6,5.3487,6.6388,404.5,5.8939,463,5.3487,5.3487,fastest,0.0,7.122,3,True
Хомутяновка,w315618137,улица Ползунова,40,3,5.3617,356.5,5.3617,6.6518,406.4,5.9069,464.9,5.3617,5.3617,fastest,0.0,7.144,3,True
Хомутяновка,w209287666,улица Ползунова,41,3,5.2568,355.5,5.3781,6.547,405.4,5.802,463.9,5.2568,5.2568,fastest,0.0,7.034,3,True
Хомутяновка,w315425217,улица Ползунова,42,3,5.2578,355.7,5.3771,6.5479,405.6,5.803,464.1,5.2578,5.2578,fastest,0.0,7.036,3,True
Хомутяновка,w209287689,улица Ползунова,43,3,5.2437,353.6,5.2437,6.5338,403.5,5.7889,462,5.2437,5.2437,fastest,0.0,7.012,3,True
Хомутяновка,w315425216,улица Ползунова,44,3,5.2415,353.3,5.2415,6.5316,403.2,5.7867,461.7,5.2415,5.2415,fastest,0.0,7.008,3,True
Хомутяновка,w209287698,улица Ползунова,45,3,5.2253,351,5.2253,6.5154,400.9,5.7705,459.4,5.2253,5.2253,fastest,0.0,6.98,3,True
Хомутяновка,w315425215,улица Ползунова,46,3,5.2279,351.4,5.2279,6.518,401.3,5.7731,459.8,5.2279,5.2279,fastest,0.0,6.985,3,True
Хомутяновка,w209287642,улица Ползунова,47,3,5.21,348.8,5.21,6.5002,398.7,5.7553,457.2,5.21,5.21,fastest,0.0,6.954,3,True
Хомутяновка,w315425213,улица Ползунова,48,3,5.2147,349.5,5.2147,6.5048,399.4,5.7599,457.9,5.2147,5.2147,fastest,0.0,6.962,3,True
Хомутяновка,w209287665,улица Ползунова,49,3,5.1962,346.8,5.1962,6.4863,396.7,5.7414,455.2,5.1962,5.1962,fastest,0.0,6.93,3,True
Хомутяновка,w315425211,улица Ползунова,50,3,5.1997,347.3,5.1997,6.4898,397.2,5.7449,455.7,5.1997,5.1997,fastest,0.0,6.936,3,True
Хомутяновка,w209287687,улица Ползунова,51,3,5.1811,344.6,5.1811,6.4712,394.5,5.7263,453,5.1811,5.1811,fastest,0.0,6.904,3,True
Хомутяновка,w315425210,улица Ползунова,52,3,5.1849,345.2,5.1849,6.475,395.1,5.7301,453.6,5.1849,5.1849,fastest,0.0,6.911,3,True
Хомутяновка,w209287654,улица Ползунова,53,3,5.1674,342.7,5.1674,6.4575,392.6,5.7126,451.1,5.1674,5.1674,fastest,0.0,6.881,3,True
Хомутяновка,w315425209,улица Ползунова,54,3,5.1711,343.2,5.1711,6.4612,393.1,5.7163,451.6,5.1711,5.1711,fastest,0.0,6.887,3,True
Хомутяновка,w209287656,улица Ползунова,55,3,5.1546,340.8,5.1546,6.4447,390.7,5.6998,449.2,5.1546,5.1546,fastest,0.0,6.859,3,True
Хомутяновка,w315425208,улица Ползунова,56,3,5.1567,341.1,5.1567,6.4468,391,5.7019,449.5,5.1567,5.1567,fastest,0.0,6.862,3,True
Хомутяновка,w209416055,улица Ползунова,59,3,5.1405,342,5.1405,6.4307,391.9,5.6857,450.4,5.1405,5.1405,fastest,0.0,6.851,3,True
Хомутяновка,w209416076,улица Ползунова,61,3,5.1565,344.3,5.1565,6.4466,394.2,5.7017,452.7,5.1565,5.1565,fastest,0.0,6.878,3,True
Хомутяновка,w315193168,улица Ползунова,62,3,5.1508,343.5,5.1508,6.4409,393.4,5.696,451.9,5.1508,5.1508,fastest,0.0,6.868,3,True
Хомутяновка,w209416019,улица Ползунова,63,3,5.0779,344.8,5.1702,6.368,394.7,5.6231,453.2,5.0779,5.0779,fastest,0.0,6.802,3,True
Хомутяновка,w315193162,улица Ползунова,64,3,5.0824,345.5,5.1657,6.3725,395.4,5.6276,453.9,5.0824,5.0824,fastest,0.0,6.81,3,True
Хомутяновка,w209416024,улица Ползунова,65,3,5.064,342.8,5.184,6.3542,392.7,5.6093,451.2,5.064,5.064,fastest,0.0,6.778,3,True
Хомутяновка,w315193161,улица Ползунова,66,3,5.0684,343.5,5.1797,6.3585,393.4,5.6136,451.9,5.0684,5.0684,fastest,0.0,6.786,3,True
Хомутяновка,w315193151,улица Ползунова,68,3,5.0547,341.5,5.0547,6.3448,391.4,5.5999,449.9,5.0547,5.0547,fastest,0.0,6.762,3,True
Хомутяновка,w209416053,улица Ползунова,69,3,5.0339,338.5,5.0339,6.3241,388.4,5.5791,446.9,5.0339,5.0339,fastest,0.0,6.726,3,True
Хомутяновка,w315193136,улица Ползунова,70,3,5.0365,338.9,5.0365,6.3266,388.8,5.5817,447.3,5.0365,5.0365,fastest,0.0,6.731,3,True
Хомутяновка,w209416037,улица Ползунова,71,3,5.018,336.2,5.018,6.3081,386.1,5.5632,444.6,5.018,5.018,fastest,0.0,6.699,3,True
Хомутяновка,w315193137,улица Ползунова,72,3,5.0241,337.1,5.0241,6.3142,387,5.5693,445.5,5.0241,5.0241,fastest,0.0,6.71,3,True
Хомутяновка,w209416054,улица Ползунова,73,3,5.0051,334.3,5.0051,6.2952,384.2,5.5503,442.7,5.0051,5.0051,fastest,0.0,6.677,3,True
Хомутяновка,w315425271,улица Ползунова,74,3,5.0096,335,5.0096,6.2997,384.9,5.5548,443.4,5.0096,5.0096,fastest,0.0,6.685,3,True
Хомутяновка,w209416073,улица Ползунова,75,3,4.9931,332.6,4.9931,6.2832,382.5,5.5383,441,4.9931,4.9931,fastest,0.0,6.656,3,True
Хомутяновка,w315108395,улица Ползунова,76,3,4.9934,332.7,4.9934,6.2835,382.6,5.5386,441.1,4.9934,4.9934,fastest,0.0,6.657,3,True
Хомутяновка,w209287651,улица Ползунова,86,3,5.1228,320,5.1228,6.413,369.9,5.6681,428.4,5.1228,5.1228,fastest,0.0,6.723,3,True
Хомутяновка,w209287673,улица Ползунова,88,3,5.1076,319.2,5.1076,6.3978,369.1,5.6529,427.6,5.1076,5.1076,fastest,0.0,6.704,3,True
Хомутяновка,w352111747,улица Полоза,2,4,5.9276,424.3,5.9276,7.2177,474.2,6.4728,532.7,5.9276,5.9276,fastest,0.0,8.049,4,True
Хомутяновка,w352111750,улица Полоза,2а,3,5.9127,422.2,5.9127,7.2028,472.1,6.4579,530.6,5.9127,5.9127,fastest,0.0,8.024,4,True
Хомутяновка,w352265854,улица Полоза,3,4,5.9518,427.8,5.9518,7.2419,477.7,6.497,536.2,5.9518,5.9518,fastest,0.0,8.091,4,True
Хомутяновка,w91850337,улица Полоза,4,4,6.0384,447,6.0384,7.3286,496.9,6.5836,555.4,6.0384,6.0384,fastest,0.0,8.273,4,True
Хомутяновка,w352265855,улица Полоза,5,4,5.9675,430,5.9675,7.2577,479.9,6.5127,538.4,5.9675,5.9675,fastest,0.0,8.117,4,True
Хомутяновка,w91850345,улица Полоза,6,4,6.0615,452.5,6.0615,7.3516,502.4,6.6067,560.9,6.0615,6.0615,fastest,0.0,8.324,4,True
Хомутяновка,w209287637,улица Полоза,8,4,6.1218,467,6.1218,7.412,516.9,6.667,575.4,6.1218,6.1218,fastest,0.0,8.457,4,True
Хомутяновка,w352263829,улица Полоза,9,4,6.0095,436.1,6.0095,7.2996,486,6.5547,544.5,6.0095,6.0095,fastest,0.0,8.19,4,True
Хомутяновка,w209273564,улица Полоза,10,4,7.2199,549.8,7.2199,8.51,599.7,7.7651,658.2,6.6715,6.6715,shortest,0.548,9.969,4,True
Хомутяновка,w209287659,улица Полоза,10,4,6.1674,477.9,6.1674,7.4575,527.8,6.7126,586.3,6.1674,6.1674,fastest,0.0,8.557,4,True
Хомутяновка,w352263828,улица Полоза,11,4,6.0242,438.2,6.0242,7.3143,488.1,6.5694,546.6,6.0242,6.0242,fastest,0.0,8.215,4,True
Хомутяновка,w209287667,улица Полоза,12,4,6.2089,487.9,6.2089,7.4991,537.8,6.7541,596.3,6.2089,6.2089,fastest,0.0,8.648,4,True
Хомутяновка,w352263824,улица Полоза,13,4,6.0387,440.2,6.0387,7.3288,490.1,6.5839,548.6,6.0387,6.0387,fastest,0.0,8.24,4,True
Хомутяновка,w209287681,улица Полоза,14,4,6.0457,445,6.0457,7.3358,494.9,6.5909,553.4,6.0457,6.0457,fastest,0.0,8.271,4,True
Хомутяновка,w352263822,улица Полоза,15,4,6.0563,442.8,6.0563,7.3464,492.7,6.6015,551.2,6.0563,6.0563,fastest,0.0,8.27,4,True
Хомутяновка,w209287660,улица Полоза,16,4,6.1222,463.4,6.1222,7.4123,513.3,6.6674,571.8,6.1222,6.1222,fastest,0.0,8.439,4,True
Хомутяновка,w209287693,улица Полоза,18,4,6.0876,449.5,6.0876,7.3778,499.4,6.6329,557.9,6.0876,6.0876,fastest,0.0,8.335,4,True
Хомутяновка,w209287671,улица Полоза,20,4,6.131,459.9,6.131,7.4212,509.8,6.6762,568.3,6.131,6.131,fastest,0.0,8.431,4,True
Хомутяновка,w209654391,улица Сергея Ревенялэ,2,3,5.2416,368.7,5.2416,6.5318,418.6,5.7869,477.1,5.2416,5.2416,fastest,0.0,7.085,3,True
Хомутяновка,w209654392,улица Сергея Ревенялэ,2,3,5.2045,359.8,5.2045,6.4947,409.7,5.7497,468.2,5.2045,5.2045,fastest,0.0,7.004,3,True
Хомутяновка,w299629715,улица Сергея Ревенялэ,2а/1,3,5.0946,369.2,5.0946,6.3847,419.1,5.6398,477.6,5.0946,5.0946,fastest,0.0,6.941,3,True
Хомутяновка,w302074741,улица Сергея Ревенялэ,3,3,5.2323,361.3,5.2323,6.5225,411.2,5.7775,469.7,5.2323,5.2323,fastest,0.0,7.039,3,True
Хомутяновка,w302074740,улица Сергея Ревенялэ,5,3,5.2172,354.2,5.2172,6.5074,404.1,5.7625,462.6,5.2172,5.2172,fastest,0.0,6.988,3,True
Хомутяновка,n4835050372,улица Сергея Ревенялэ,"6 кв. 3,4",3,5.3508,378.4,5.3508,6.641,428.3,5.896,486.8,5.3508,5.3508,fastest,0.0,7.243,3,True
Хомутяновка,w302074738,улица Сергея Ревенялэ,7,3,5.261,360.5,5.261,6.5511,410.4,5.8062,468.9,5.261,5.261,fastest,0.0,7.063,3,True
Хомутяновка,n4835050371,улица Сергея Ревенялэ,8 кв. 1,3,5.3581,380.8,5.5355,6.6482,430.7,5.9033,489.2,5.3581,5.3581,fastest,0.0,7.262,3,True
Хомутяновка,w302074736,улица Сергея Ревенялэ,9,3,5.1455,363.1,5.1455,6.4356,413,5.6907,471.5,5.1455,5.1455,fastest,0.0,6.961,3,True
Хомутяновка,w302074735,улица Сергея Ревенялэ,11,3,5.1245,360.1,5.1245,6.4146,410,5.6697,468.5,5.1245,5.1245,fastest,0.0,6.925,3,True
Хомутяновка,w302074727,улица Сергея Ревенялэ,13,3,5.0889,354.9,5.0889,6.379,404.8,5.6341,463.3,5.0889,5.0889,fastest,0.0,6.863,3,True
Хомутяновка,w317053527,улица Спартака,1,3,5.7556,395,5.7556,7.0457,444.9,6.3008,503.4,5.7556,5.7556,fastest,0.0,7.731,4,True
Хомутяновка,w317053524,улица Спартака,3,3,5.7824,398.8,5.7824,7.0725,448.7,6.3276,507.2,5.7824,5.7824,fastest,0.0,7.776,4,True
Хомутяновка,w317053529,улица Спартака,4,3,5.7864,399.4,5.7864,7.0766,449.3,6.3316,507.8,5.7864,5.7864,fastest,0.0,7.783,4,True
Хомутяновка,w317053522,улица Спартака,5,3,5.8018,401.6,5.8018,7.0919,451.5,6.347,510,5.8018,5.8018,fastest,0.0,7.81,4,True
Хомутяновка,w317053532,улица Спартака,6,3,5.8027,401.8,5.8027,7.0929,451.7,6.3479,510.2,5.8027,5.8027,fastest,0.0,7.812,4,True
Хомутяновка,w317053530,улица Спартака,8,3,5.8201,404.3,5.8201,7.1102,454.2,6.3653,512.7,5.8201,5.8201,fastest,0.0,7.842,4,True
Хомутяновка,w315807407,улица Спартака,17,3,5.4479,350.7,5.4479,6.738,400.6,5.9931,459.1,5.4479,5.4479,fastest,0.0,7.201,3,True
Хомутяновка,w316172927,улица Спартака,17,3,5.5417,364.2,5.5417,6.8318,414.1,6.0869,472.6,5.5417,5.5417,fastest,0.0,7.363,3,True
Хомутяновка,w316645123,улица Спартака,18,3,5.4749,354.7,5.4749,6.765,404.6,6.0201,463.1,5.4749,5.4749,fastest,0.0,7.248,3,True
Хомутяновка,w315851328,улица Спартака,19,3,5.4427,349.9,5.4427,6.7328,399.8,5.9879,458.3,5.4427,5.4427,fastest,0.0,7.192,3,True
Хомутяновка,w316645122,улица Спартака,19,3,5.5419,364.3,5.5419,6.8321,414.2,6.0871,472.7,5.5419,5.5419,fastest,0.0,7.363,3,True
Хомутяновка,w316645118,улица Спартака,20,3,5.4754,354.7,5.4754,6.7655,404.6,6.0206,463.1,5.4754,5.4754,fastest,0.0,7.249,3,True
Хомутяновка,w317053545,улица Спартака,25,3,5.7161,389.4,5.7161,7.0062,439.3,6.2613,497.8,5.7161,5.7161,fastest,0.0,7.663,4,True
Хомутяновка,w316785297,улица Спартака,27,3,5.7157,389.3,5.7157,7.0058,439.2,6.2609,497.7,5.7157,5.7157,fastest,0.0,7.662,4,True
Хомутяновка,w317051454,улица Спартака,28,3,5.5824,370,5.5824,6.8725,419.9,6.1276,478.4,5.5824,5.5824,fastest,0.0,7.432,4,True
Хомутяновка,w317149184,улица Спартака,28,3,5.6823,384.5,5.6823,6.9724,434.4,6.2275,492.9,5.6823,5.6823,fastest,0.0,7.605,4,True
Хомутяновка,w316785300,улица Спартака,29,3,5.7081,388.2,5.7081,6.9982,438.1,6.2533,496.6,5.7081,5.7081,fastest,0.0,7.649,4,True
Хомутяновка,w316785289,улица Спартака,30,3,5.5817,369.9,5.5817,6.8718,419.8,6.1269,478.3,5.5817,5.5817,fastest,0.0,7.431,4,True
Хомутяновка,w316785295,улица Спартака,30,3,5.6625,381.6,5.6625,6.9527,431.5,6.2077,490,5.6625,5.6625,fastest,0.0,7.571,4,True
Хомутяновка,w317051455,улица Спартака,31,3,5.6327,377.2,5.6327,6.9228,427.1,6.1779,485.6,5.6327,5.6327,fastest,0.0,7.519,4,True
Хомутяновка,w316785292,улица Спартака,33,3,5.6288,376.7,5.6288,6.9189,426.6,6.174,485.1,5.6288,5.6288,fastest,0.0,7.512,4,True
Хомутяновка,w209416027,улица Спартака,54,3,5.4081,335.8,5.4081,6.6982,385.7,5.9533,444.2,5.4081,5.4081,fastest,0.0,7.087,3,True
Хомутяновка,w209416068,улица Спартака,56,3,5.3856,341.7,5.3856,6.6758,391.6,5.9309,450.1,5.3856,5.3856,fastest,0.0,7.094,3,True
Хомутяновка,w209416065,улица Спартака,58,3,5.3823,341.2,5.3823,6.6725,391.1,5.9276,449.6,5.3823,5.3823,fastest,0.0,7.088,3,True
Хомутяновка,w209416030,улица Спартака,60,3,5.334,331.7,5.334,6.6241,381.6,5.8792,440.1,5.334,5.334,fastest,0.0,6.992,3,True
Хомутяновка,w315851327,улица Спартака,62,3,5.3229,331.1,5.3229,6.613,381,5.8681,439.5,5.3229,5.3229,fastest,0.0,6.978,3,True
Хомутяновка,w209416039,улица Спартака,64,3,5.3052,330.1,5.3052,6.5953,380,5.8504,438.5,5.3052,5.3052,fastest,0.0,6.956,3,True
Хомутяновка,w209416041,улица Спартака,66,3,5.2909,329.3,5.2909,6.5811,379.2,5.8361,437.7,5.2909,5.2909,fastest,0.0,6.937,3,True
Хомутяновка,w302074728,улица Старого,2,3,5.084,348.1,5.084,6.3741,398,5.6292,456.5,5.084,5.084,fastest,0.0,6.824,3,True
Хомутяновка,w209654292,улица Старого,2а,3,4.9699,339.2,4.9699,6.26,389.1,5.5151,447.6,4.9699,4.9699,fastest,0.0,6.666,3,True
Хомутяновка,w302074726,улица Старого,2а,3,5.1769,369.7,5.1769,6.467,419.6,5.7221,478.1,5.1769,5.1769,fastest,0.0,7.025,3,True
Хомутяновка,w315193177,улица Старого,2а,3,5.0134,349.7,5.0134,6.3035,399.6,5.5586,458.1,5.0134,5.0134,fastest,0.0,6.762,3,True
Хомутяновка,w301982100,улица Старого,3,3,5.0901,349,5.0901,6.3802,398.9,5.6353,457.4,5.0901,5.0901,fastest,0.0,6.835,3,True
Хомутяновка,w315618360,улица Старого,4,3,4.8079,309.2,4.8079,6.098,359.1,5.3531,417.6,4.8079,4.8079,fastest,0.0,6.354,3,True
Хомутяновка,w315618358,улица Старого,6,3,4.8217,310.5,4.8217,6.1119,360.4,5.3669,418.9,4.8217,4.8217,fastest,0.0,6.374,3,True
Хомутяновка,w315618357,улица Старого,8,3,4.8359,311.8,4.8359,6.126,361.7,5.3811,420.2,4.8359,4.8359,fastest,0.0,6.395,3,True
Хомутяновка,w209287632,улица Старого,9,3,4.8443,321.9,4.8443,6.1344,371.8,5.3895,430.3,4.8443,4.8443,fastest,0.0,6.454,3,True
Хомутяновка,w315618356,улица Старого,10,3,4.8492,313,4.8492,6.1394,362.9,5.3944,421.4,4.8492,4.8492,fastest,0.0,6.414,3,True
Хомутяновка,w209287679,улица Старого,11,3,4.7997,328.1,4.921,6.0898,378,5.3449,436.5,4.7997,4.7997,fastest,0.0,6.44,3,True
Хомутяновка,w315618354,улица Старого,12,3,4.8622,314.2,4.8622,6.1523,364.1,5.4074,422.6,4.8622,4.8622,fastest,0.0,6.433,3,True
Хомутяновка,w209287650,улица Старого,13,3,5.0373,348.5,5.0373,6.3274,398.4,5.5825,456.9,5.0373,5.0373,fastest,0.0,6.78,3,True
Хомутяновка,w315193207,улица Старого,14,3,4.875,315.3,4.875,6.1651,365.2,5.4202,423.7,4.875,4.875,fastest,0.0,6.452,3,True
Хомутяновка,w315108398,улица Старого,16,3,4.8891,316.6,4.8891,6.1792,366.5,5.4343,425,4.8891,4.8891,fastest,0.0,6.472,3,True
Хомутяновка,w315108397,улица Старого,18,3,4.9025,317.8,4.9025,6.1927,367.7,5.4477,426.2,4.9025,4.9025,fastest,0.0,6.492,3,True
Хомутяновка,w302074722,улица Старого,19,3,5.1,344.6,5.1,6.3901,394.5,5.6452,453,5.1,5.1,fastest,0.0,6.823,3,True
Хомутяновка,w297019343,улица Старого,20,3,4.9159,319,4.9159,6.206,368.9,5.4611,427.4,4.9159,4.9159,fastest,0.0,6.511,3,True
Хомутяновка,w209287631,улица Старого,21,3,5.1253,352.6,5.1253,6.4154,402.5,5.6705,461,5.1253,5.1253,fastest,0.0,6.888,3,True
Хомутяновка,w209654357,улица Старого,21/1,3,4.8017,302.1,4.8017,6.0919,352,5.3469,410.5,4.8017,4.8017,fastest,0.0,6.312,3,True
Хомутяновка,w302066909,улица Старого,23,3,4.7413,298.9,4.7413,6.0314,348.8,5.2865,407.3,4.7413,4.7413,fastest,0.0,6.236,3,True
Хомутяновка,w302066911,улица Старого,25,3,4.7212,297.7,4.7212,6.0113,347.6,5.2664,406.1,4.7212,4.7212,fastest,0.0,6.21,3,True
Хомутяновка,w302074721,улица Старого,27,3,4.9819,357.8,4.9819,6.272,407.7,5.5271,466.2,4.9819,4.9819,fastest,0.0,6.771,3,True
Хомутяновка,w318120129,улица Старого,39,3,5.1813,343,5.1813,6.4714,392.9,5.7265,451.4,5.1813,5.1813,fastest,0.0,6.896,3,True
Хомутяновка,n2321951516,улица Старого,40,3,5.2277,347.1,5.2277,6.5178,397,5.7729,455.5,5.2277,5.2277,fastest,0.0,6.963,3,True
Хомутяновка,w315618362,улица Старого,126,3,4.8035,302.2,4.8035,6.0936,352.1,5.3487,410.6,4.8035,4.8035,fastest,0.0,6.314,3,True
Хомутяновка,w315618361,улица Старого,128,3,4.7868,301.3,4.7868,6.0769,351.2,5.332,409.7,4.7868,4.7868,fastest,0.0,6.293,3,True
Хомутяновка,w319366983,улица Старого,130Б,3,4.737,298.6,4.737,6.0272,348.5,5.2822,407,4.737,4.737,fastest,0.0,6.23,3,True
Хомутяновка,w209287624,улица Старого,130а,3,4.8303,318.5,4.8303,6.1205,368.4,5.3755,426.9,4.8303,4.8303,fastest,0.0,6.423,3,True
Хомутяновка,w224621713,улица Толстого,3,3,5.9392,486.7,6.5008,7.2294,536.6,6.4844,595.1,5.9392,5.9392,fastest,0.0,8.373,4,True
Хомутяновка,w317053537,улица Толстого,5,3,5.8788,414.7,5.8788,7.169,464.6,6.424,523.1,5.8788,5.8788,fastest,0.0,7.952,4,True
Хомутяновка,w317053531,улица Толстого,7,3,5.8666,413,5.8666,7.1568,462.9,6.4118,521.4,5.8666,5.8666,fastest,0.0,7.932,4,True
Хомутяновка,w318085557,улица Толстого,8,3,5.8708,413.6,5.8708,7.1609,463.5,6.416,522,5.8708,5.8708,fastest,0.0,7.939,4,True
Хомутяновка,w318085558,улица Толстого,10,3,5.8573,411.6,5.8573,7.1474,461.5,6.4025,520,5.8573,5.8573,fastest,0.0,7.915,4,True
Хомутяновка,w317053518,улица Толстого,11,3,5.8045,417.3,5.8747,7.0946,467.2,6.3497,525.7,5.8045,5.8045,fastest,0.0,7.891,4,True
Хомутяновка,w318085555,улица Толстого,12,3,5.8425,409.5,5.8425,7.1326,459.4,6.3877,517.9,5.8425,5.8425,fastest,0.0,7.89,4,True
Хомутяновка,w317053517,улица Толстого,13,3,5.7901,415.2,5.889,7.0802,465.1,6.3353,523.6,5.7901,5.7901,fastest,0.0,7.866,4,True
Хомутяновка,w318085552,улица Толстого,14,3,5.844,413,5.844,7.1342,462.9,6.3892,521.4,5.844,5.844,fastest,0.0,7.909,4,True
Хомутяновка,w317053514,улица Толстого,15,3,5.7765,413.2,5.7765,7.0666,463.1,6.3217,521.6,5.7765,5.7765,fastest,0.0,7.843,4,True
Хомутяновка,w318085548,улица Толстого,16,3,5.861,415.4,5.861,7.1511,465.3,6.4062,523.8,5.861,5.861,fastest,0.0,7.938,4,True
Хомутяновка,w317053513,улица Толстого,17,3,5.7613,411.1,5.7613,7.0514,461,6.3065,519.5,5.7613,5.7613,fastest,0.0,7.817,4,True
Хомутяновка,w318085547,улица Толстого,18,3,5.8003,416.7,5.8788,7.0904,466.6,6.3455,525.1,5.8003,5.8003,fastest,0.0,7.884,4,True
Хомутяновка,w317053508,улица Толстого,19,3,5.7479,409.1,5.7479,7.038,459,6.2931,517.5,5.7479,5.7479,fastest,0.0,7.793,4,True
Хомутяновка,w318085081,улица Толстого,20,3,5.7729,412.7,5.7729,7.063,462.6,6.3181,521.1,5.7729,5.7729,fastest,0.0,7.836,4,True
Хомутяновка,n2321833111,улица Толстого,21,3,5.7248,405.8,5.7248,7.0149,455.7,6.27,514.2,5.7248,5.7248,fastest,0.0,7.754,4,True
Хомутяновка,w317053507,улица Толстого,21,3,5.7348,407.2,5.7348,7.0249,457.1,6.28,515.6,5.7348,5.7348,fastest,0.0,7.771,4,True
Хомутяновка,n2321994003,улица Тургенева,1,3,5.0704,347.4,4.8687,6.3606,397.3,5.6156,455.8,5.0704,5.0704,fastest,0.0,6.807,3,True
Хомутяновка,w301982096,улица Тургенева,3,3,4.8288,344.4,4.8288,6.1189,394.3,5.374,452.8,4.8288,4.8288,fastest,0.0,6.551,3,True
Хомутяновка,w161058107,улица Тургенева,4,3,4.696,331.3,4.696,5.9861,381.2,5.2412,439.7,4.696,4.696,fastest,0.0,6.353,3,True
Хомутяновка,w303915690,улица Тургенева,4,3,4.696,325.9,4.6116,5.9862,375.8,5.2413,434.3,4.696,4.696,fastest,0.0,6.325,3,True
Хомутяновка,w301982090,улица Тургенева,7,3,4.7682,335.6,4.7682,6.0583,385.5,5.3134,444,4.7682,4.7682,fastest,0.0,6.446,3,True
Хомутяновка,w301982089,улица Тургенева,9,3,4.7323,330.4,4.7323,6.0224,380.3,5.2775,438.8,4.7323,4.7323,fastest,0.0,6.384,3,True
Хомутяновка,w303915693,улица Тургенева,13,3,4.6535,316.6,4.6535,5.9437,366.5,5.1987,425,4.6535,4.6535,fastest,0.0,6.237,3,True
Хомутяновка,w303915696,улица Тургенева,15,3,4.6684,321.9,4.6684,5.9585,371.8,5.2136,430.3,4.6684,4.6684,fastest,0.0,6.278,3,True
Хомутяновка,w303915697,улица Тургенева,17,3,4.6841,324.2,4.6841,5.9742,374.1,5.2293,432.6,4.6841,4.6841,fastest,0.0,6.305,3,True
Хомутяновка,w299629712,улица Халтурина,2а/1,3,5.066,362.3,5.066,6.3561,412.2,5.6112,470.7,5.066,5.066,fastest,0.0,6.877,3,True
Хомутяновка,w184989535,улица Халтурина,6,3,5.1546,343.9,5.1546,6.4447,393.8,5.6998,452.3,5.1546,5.1546,fastest,0.0,6.874,3,True
Хомутяновка,w209287700,улица Халтурина,19,3,4.9679,317.1,4.9679,6.258,367,5.5131,425.5,4.9679,4.9679,fastest,0.0,6.553,3,True
Хомутяновка,w209416061,улица Халтурина,106,3,4.9661,311.3,4.9661,6.2563,361.2,5.5113,419.7,4.9661,4.9661,fastest,0.0,6.523,3,True
Хомутяновка,w209416080,улица Халтурина,108,3,4.952,310.5,4.952,6.2421,360.4,5.4972,418.9,4.952,4.952,fastest,0.0,6.505,3,True
Хомутяновка,w209416062,улица Халтурина,110,3,4.9358,309.6,4.9358,6.226,359.5,5.481,418,4.9358,4.9358,fastest,0.0,6.484,3,True
Хомутяновка,w209416081,улица Халтурина,112,3,4.9216,308.8,4.9216,6.2117,358.7,5.4668,417.2,4.9216,4.9216,fastest,0.0,6.466,3,True
Хомутяновка,w209416025,улица Халтурина,114,3,4.9079,308,4.9079,6.198,357.9,5.4531,416.4,4.9079,4.9079,fastest,0.0,6.448,3,True
Хомутяновка,w209287626,улица Чайковского,1,3,5.1784,365.4,5.1784,6.4685,415.3,5.7236,473.8,5.1784,5.1784,fastest,0.0,7.005,3,True
Хомутяновка,w318120131,улица Чайковского,2,3,5.1966,351.4,5.1966,6.4867,401.3,5.7418,459.8,5.1966,5.1966,fastest,0.0,6.954,3,True
Хомутяновка,w209287677,улица Чайковского,3,3,5.0529,367,5.0529,6.343,416.9,5.5981,475.4,5.0529,5.0529,fastest,0.0,6.888,3,True
Хомутяновка,w318120134,улица Чайковского,4,3,5.23,356.2,5.23,6.5201,406.1,5.7752,464.6,5.23,5.23,fastest,0.0,7.011,3,True
Хомутяновка,w318120136,улица Чайковского,6,3,5.247,358.7,5.247,6.5372,408.6,5.7922,467.1,5.247,5.247,fastest,0.0,7.04,3,True
Хомутяновка,w318120137,улица Чайковского,8,3,5.2581,360.2,5.2581,6.5482,410.1,5.8033,468.6,5.2581,5.2581,fastest,0.0,7.059,3,True
Хомутяновка,w319366987,улица Чайковского,12,3,4.9942,360.9,4.9942,6.2843,410.8,5.5394,469.3,4.9942,4.9942,fastest,0.0,6.799,3,True
Хомутяновка,w319367001,улица Чайковского,14,3,4.9595,355.9,4.9595,6.2496,405.8,5.5047,464.3,4.9595,4.9595,fastest,0.0,6.739,3,True
Хомутяновка,n2337992799,улица Чернышевского,26,3,4.4511,366.8,4.4511,5.7412,416.7,4.9963,475.2,4.4511,4.4511,fastest,0.0,6.285,3,True
Хомутяновка,n4997937710,улица Чехова,1,3,4.8401,342.9,4.8943,6.1302,392.8,5.3853,451.3,4.8401,4.8401,fastest,0.0,6.555,3,True
Хомутяновка,w209287678,улица Чехова,1,3,4.8069,339.2,4.8069,6.097,389.1,5.3521,447.6,4.8069,4.8069,fastest,0.0,6.503,3,True
Хомутяновка,w209287628,улица Чехова,2,3,4.801,330.2,4.801,6.0912,380.1,5.3462,438.6,4.801,4.801,fastest,0.0,6.452,3,True
Хомутяновка,w209287648,улица Чехова,3,3,4.9311,339.9,4.9311,6.2212,389.8,5.4763,448.3,4.9311,4.9311,fastest,0.0,6.631,3,True
Хомутяновка,w209287690,улица Чехова,4,3,4.9262,347.6,5.0844,6.2163,397.5,5.4714,456,4.9262,4.9262,fastest,0.0,6.664,3,True
Хомутяновка,w209287649,улица Чехова,8,3,4.9747,356,4.9747,6.2648,405.9,5.5199,464.4,4.9747,4.9747,fastest,0.0,6.755,3,True
Хомутяновка,w209287629,улица Чехова,10,3,5.019,365.8,5.019,6.3091,415.7,5.5642,474.2,5.019,5.019,fastest,0.0,6.848,3,True
Хомутяновка,w319366988,улица Чехова,10,3,5.0572,357.9,5.0572,6.3473,407.8,5.6024,466.3,5.0572,5.0572,fastest,0.0,6.847,3,True
Хомутяновка,w209287657,улица Чехова,14а,3,4.9046,339.3,4.9046,6.1947,389.2,5.4498,447.7,4.9046,4.9046,fastest,0.0,6.601,3,True
Хомутяновка,w302066907,улица Чехова,27,3,4.6962,296.3,4.6962,5.9863,346.2,5.2414,404.7,4.6962,4.6962,fastest,0.0,6.178,3,True
Хомутяновка,w302066906,улица Чехова,29,3,4.6793,295.3,4.6793,5.9695,345.2,5.2245,403.7,4.6793,4.6793,fastest,0.0,6.156,3,True
Хомутяновка,n2321951523,улица Чехова,30,3,5.0995,364,5.0995,6.3896,413.9,5.6447,472.4,5.0995,5.0995,fastest,0.0,6.92,3,True
Хомутяновка,w302066905,улица Чехова,31,3,4.6631,294.4,4.6631,5.9532,344.3,5.2083,402.8,4.6631,4.6631,fastest,0.0,6.135,3,True
Хомутяновка,w209287630,улица Чехова,130,3,4.8286,336.8,4.8286,6.1187,386.7,5.3738,445.2,4.8286,4.8286,fastest,0.0,6.513,3,True
Хомутяновка,w209287661,улица Чехова,132,3,4.7428,321.4,4.7428,6.0329,371.3,5.288,429.8,4.7428,4.7428,fastest,0.0,6.35,3,True
