uid,street,house,current_zone,snap_m,true_shortest_unconstrained_km,best_entry_id,best_entry_road,best_via_entry_km,via_entry_minus_free_km,entries_evaluated,all_entry_km_json,owner_review_required
w353259234,Банный переулок,1,4,15.4,6.2156,Про-028,Главная улица,6.2156,0.0,21,"{""Про-028"": 6.2156, ""Про-029"": 7.4274, ""Про-030"": 7.101, ""Про-031"": 6.409, ""Про-032"": 9.9397, ""Про-033"": 7.0109, ""Про-034"": 6.4688, ""Про-035"": 6.4688, ""Про-036"": 6.4688, ""Про-037"": 8.38, ""Про-038"": 7.3988, ""Про-039"": 8.0176, ""Про-040"": 7.5373, ""Про-041"": 8.3442, ""Про-042"": 9.6462, ""Про-043"": 8.6565, ""Про-044"": 8.4368, ""Про-045"": 8.2577, ""Про-046"": 8.5422, ""Про-047"": 12.229, ""Про-048"": 11.0819}",True
w356957296,Банный переулок,3,4,44.8,6.1246,Про-028,Главная улица,6.1246,0.0,21,"{""Про-028"": 6.1246, ""Про-029"": 7.5183, ""Про-030"": 7.1919, ""Про-031"": 6.4999, ""Про-032"": 10.0307, ""Про-033"": 7.1018, ""Про-034"": 6.5597, ""Про-035"": 6.5597, ""Про-036"": 6.5597, ""Про-037"": 8.4709, ""Про-038"": 7.4897, ""Про-039"": 8.1085, ""Про-040"": 7.6282, ""Про-041"": 8.4351, ""Про-042"": 9.7371, ""Про-043"": 8.7474, ""Про-044"": 8.5277, ""Про-045"": 8.3487, ""Про-046"": 8.6331, ""Про-047"": 12.269, ""Про-048"": 11.1728}",True
n2337938419,Банный переулок,5,4,26.3,6.1131,Про-028,Главная улица,6.1131,0.0,21,"{""Про-028"": 6.1131, ""Про-029"": 7.5298, ""Про-030"": 7.2034, ""Про-031"": 6.5114, ""Про-032"": 10.0422, ""Про-033"": 7.1133, ""Про-034"": 6.5712, ""Про-035"": 6.5712, ""Про-036"": 6.5712, ""Про-037"": 8.4824, ""Про-038"": 7.5012, ""Про-039"": 8.12, ""Про-040"": 7.6397, ""Про-041"": 8.4466, ""Про-042"": 9.7486, ""Про-043"": 8.7589, ""Про-044"": 8.5392, ""Про-045"": 8.3602, ""Про-046"": 8.6446, ""Про-047"": 12.2575, ""Про-048"": 11.1843}",True
n2337938418,Банный переулок,9,4,23.1,6.0454,Про-028,Главная улица,6.0454,0.0,21,"{""Про-028"": 6.0454, ""Про-029"": 7.5975, ""Про-030"": 7.2711, ""Про-031"": 6.5326, ""Про-032"": 10.1099, ""Про-033"": 7.181, ""Про-034"": 6.6389, ""Про-035"": 6.6389, ""Про-036"": 6.6389, ""Про-037"": 8.5501, ""Про-038"": 7.5689, ""Про-039"": 8.1877, ""Про-040"": 7.7074, ""Про-041"": 8.5143, ""Про-042"": 9.8163, ""Про-043"": 8.8266, ""Про-044"": 8.6069, ""Про-045"": 8.4279, ""Про-046"": 8.7123, ""Про-047"": 12.1898, ""Про-048"": 11.252}",True
n2337938422,Банный переулок,105,4,29.8,6.2795,Про-028,Главная улица,6.2795,0.0,21,"{""Про-028"": 6.2795, ""Про-029"": 7.3635, ""Про-030"": 7.0371, ""Про-031"": 6.345, ""Про-032"": 9.8758, ""Про-033"": 6.9469, ""Про-034"": 6.4048, ""Про-035"": 6.4048, ""Про-036"": 6.4048, ""Про-037"": 8.3161, ""Про-038"": 7.3349, ""Про-039"": 7.9537, ""Про-040"": 7.4734, ""Про-041"": 8.2803, ""Про-042"": 9.5823, ""Про-043"": 8.5926, ""Про-044"": 8.3728, ""Про-045"": 8.1938, ""Про-046"": 8.4783, ""Про-047"": 12.165, ""Про-048"": 11.018}",True
w352162004,Гербовецкая улица,2,4,21.4,5.3414,Про-028,Главная улица,5.3414,0.0,21,"{""Про-028"": 5.3414, ""Про-029"": 7.2121, ""Про-030"": 6.2679, ""Про-031"": 5.3414, ""Про-032"": 9.2806, ""Про-033"": 5.9433, ""Про-034"": 5.4012, ""Про-035"": 5.4012, ""Про-036"": 5.4012, ""Про-037"": 8.1647, ""Про-038"": 6.8355, ""Про-039"": 7.8022, ""Про-040"": 7.3219, ""Про-041"": 8.1289, ""Про-042"": 8.9871, ""Про-043"": 8.4411, ""Про-044"": 8.2214, ""Про-045"": 8.0424, ""Про-046"": 8.3269, ""Про-047"": 13.1687, ""Про-048"": 11.1218}",True
n2337964959,Гербовецкая улица,3,4,6.4,5.3652,Про-028,Главная улица,5.3652,0.0,21,"{""Про-028"": 5.3652, ""Про-029"": 7.1358, ""Про-030"": 6.1916, ""Про-031"": 5.3652, ""Про-032"": 9.2043, ""Про-033"": 5.9671, ""Про-034"": 5.425, ""Про-035"": 5.425, ""Про-036"": 5.425, ""Про-037"": 8.0884, ""Про-038"": 6.7592, ""Про-039"": 7.726, ""Про-040"": 7.2457, ""Про-041"": 8.0526, ""Про-042"": 8.9108, ""Про-043"": 8.3649, ""Про-044"": 8.1451, ""Про-045"": 7.9661, ""Про-046"": 8.2506, ""Про-047"": 13.245, ""Про-048"": 11.0455}",True
w224936654,Гербовецкая улица,11,4,16.2,5.8452,Про-028,Главная улица,5.8452,0.0,21,"{""Про-028"": 5.8452, ""Про-029"": 7.4682, ""Про-030"": 6.7717, ""Про-031"": 5.8452, ""Про-032"": 9.7844, ""Про-033"": 6.447, ""Про-034"": 5.9049, ""Про-035"": 5.9049, ""Про-036"": 5.9049, ""Про-037"": 8.4208, ""Про-038"": 7.3393, ""Про-039"": 8.0584, ""Про-040"": 7.5781, ""Про-041"": 8.385, ""Про-042"": 9.4909, ""Про-043"": 8.6973, ""Про-044"": 8.4776, ""Про-045"": 8.2985, ""Про-046"": 8.583, ""Про-047"": 12.8912, ""Про-048"": 11.1227}",True
w224936656,Гербовецкая улица,15,4,31.5,6.0347,Про-028,Главная улица,6.0347,0.0,21,"{""Про-028"": 6.0347, ""Про-029"": 7.1776, ""Про-030"": 6.8512, ""Про-031"": 6.0347, ""Про-032"": 9.6899, ""Про-033"": 6.6366, ""Про-034"": 6.0945, ""Про-035"": 6.0945, ""Про-036"": 6.0945, ""Про-037"": 8.1302, ""Про-038"": 7.149, ""Про-039"": 7.7678, ""Про-040"": 7.2875, ""Про-041"": 8.0944, ""Про-042"": 9.3964, ""Про-043"": 8.4067, ""Про-044"": 8.187, ""Про-045"": 8.0079, ""Про-046"": 8.2924, ""Про-047"": 13.1452, ""Про-048"": 10.8321}",True
w352158436,Гербовецкая улица,32,4,18.3,5.3652,Про-028,Главная улица,5.3652,0.0,21,"{""Про-028"": 5.3652, ""Про-029"": 7.1358, ""Про-030"": 6.1916, ""Про-031"": 5.3652, ""Про-032"": 9.2043, ""Про-033"": 5.9671, ""Про-034"": 5.425, ""Про-035"": 5.425, ""Про-036"": 5.425, ""Про-037"": 8.0884, ""Про-038"": 6.7592, ""Про-039"": 7.726, ""Про-040"": 7.2457, ""Про-041"": 8.0526, ""Про-042"": 8.9108, ""Про-043"": 8.3649, ""Про-044"": 8.1451, ""Про-045"": 7.9661, ""Про-046"": 8.2506, ""Про-047"": 13.245, ""Про-048"": 11.0455}",True
w352158439,Гербовецкая улица,34,4,28.8,5.3673,Про-028,Главная улица,5.3673,0.0,21,"{""Про-028"": 5.3673, ""Про-029"": 7.238, ""Про-030"": 6.2938, ""Про-031"": 5.3673, ""Про-032"": 9.3065, ""Про-033"": 5.9692, ""Про-034"": 5.4271, ""Про-035"": 5.4271, ""Про-036"": 5.4271, ""Про-037"": 8.1906, ""Про-038"": 6.8614, ""Про-039"": 7.8282, ""Про-040"": 7.3479, ""Про-041"": 8.1548, ""Про-042"": 9.013, ""Про-043"": 8.4671, ""Про-044"": 8.2473, ""Про-045"": 8.0683, ""Про-046"": 8.3528, ""Про-047"": 13.1428, ""Про-048"": 11.1207}",True
w352158450,Гербовецкая улица,36,4,36.9,5.3673,Про-028,Главная улица,5.3673,0.0,21,"{""Про-028"": 5.3673, ""Про-029"": 7.238, ""Про-030"": 6.2938, ""Про-031"": 5.3673, ""Про-032"": 9.3065, ""Про-033"": 5.9692, ""Про-034"": 5.4271, ""Про-035"": 5.4271, ""Про-036"": 5.4271, ""Про-037"": 8.1906, ""Про-038"": 6.8614, ""Про-039"": 7.8282, ""Про-040"": 7.3479, ""Про-041"": 8.1548, ""Про-042"": 9.013, ""Про-043"": 8.4671, ""Про-044"": 8.2473, ""Про-045"": 8.0683, ""Про-046"": 8.3528, ""Про-047"": 13.1428, ""Про-048"": 11.1207}",True
w352158444,Гербовецкая улица,38,4,59.7,5.3673,Про-028,Главная улица,5.3673,0.0,21,"{""Про-028"": 5.3673, ""Про-029"": 7.238, ""Про-030"": 6.2938, ""Про-031"": 5.3673, ""Про-032"": 9.3065, ""Про-033"": 5.9692, ""Про-034"": 5.4271, ""Про-035"": 5.4271, ""Про-036"": 5.4271, ""Про-037"": 8.1906, ""Про-038"": 6.8614, ""Про-039"": 7.8282, ""Про-040"": 7.3479, ""Про-041"": 8.1548, ""Про-042"": 9.013, ""Про-043"": 8.4671, ""Про-044"": 8.2473, ""Про-045"": 8.0683, ""Про-046"": 8.3528, ""Про-047"": 13.1428, ""Про-048"": 11.1207}",True
w352158464,Гербовецкая улица,39,4,25.2,5.732,Про-028,Главная улица,5.732,0.0,21,"{""Про-028"": 5.732, ""Про-029"": 7.3551, ""Про-030"": 6.6585, ""Про-031"": 5.732, ""Про-032"": 9.6713, ""Про-033"": 6.3339, ""Про-034"": 5.7918, ""Про-035"": 5.7918, ""Про-036"": 5.7918, ""Про-037"": 8.3077, ""Про-038"": 7.2261, ""Про-039"": 7.9453, ""Про-040"": 7.465, ""Про-041"": 8.2719, ""Про-042"": 9.3777, ""Про-043"": 8.5842, ""Про-044"": 8.3644, ""Про-045"": 8.1854, ""Про-046"": 8.4699, ""Про-047"": 12.7781, ""Про-048"": 11.0096}",True
w352158442,Гербовецкая улица,40,4,73.1,5.3673,Про-028,Главная улица,5.3673,0.0,21,"{""Про-028"": 5.3673, ""Про-029"": 7.238, ""Про-030"": 6.2938, ""Про-031"": 5.3673, ""Про-032"": 9.3065, ""Про-033"": 5.9692, ""Про-034"": 5.4271, ""Про-035"": 5.4271, ""Про-036"": 5.4271, ""Про-037"": 8.1906, ""Про-038"": 6.8614, ""Про-039"": 7.8282, ""Про-040"": 7.3479, ""Про-041"": 8.1548, ""Про-042"": 9.013, ""Про-043"": 8.4671, ""Про-044"": 8.2473, ""Про-045"": 8.0683, ""Про-046"": 8.3528, ""Про-047"": 13.1428, ""Про-048"": 11.1207}",True
w352158458,Гербовецкая улица,41,4,13.6,5.732,Про-028,Главная улица,5.732,0.0,21,"{""Про-028"": 5.732, ""Про-029"": 7.3551, ""Про-030"": 6.6585, ""Про-031"": 5.732, ""Про-032"": 9.6713, ""Про-033"": 6.3339, ""Про-034"": 5.7918, ""Про-035"": 5.7918, ""Про-036"": 5.7918, ""Про-037"": 8.3077, ""Про-038"": 7.2261, ""Про-039"": 7.9453, ""Про-040"": 7.465, ""Про-041"": 8.2719, ""Про-042"": 9.3777, ""Про-043"": 8.5842, ""Про-044"": 8.3644, ""Про-045"": 8.1854, ""Про-046"": 8.4699, ""Про-047"": 12.7781, ""Про-048"": 11.0096}",True
w352158434,Гербовецкая улица,42,4,69.0,5.5164,Про-028,Главная улица,5.5164,0.0,21,"{""Про-028"": 5.5164, ""Про-029"": 7.3171, ""Про-030"": 6.4429, ""Про-031"": 5.5164, ""Про-032"": 9.4556, ""Про-033"": 6.1183, ""Про-034"": 5.5762, ""Про-035"": 5.5762, ""Про-036"": 5.5762, ""Про-037"": 8.2697, ""Про-038"": 7.0105, ""Про-039"": 7.9073, ""Про-040"": 7.427, ""Про-041"": 8.2339, ""Про-042"": 9.1621, ""Про-043"": 8.5462, ""Про-044"": 8.3264, ""Про-045"": 8.1474, ""Про-046"": 8.4319, ""Про-047"": 12.9937, ""Про-048"": 10.9716}",True
w224936649,Гербовецкая улица,43,4,62.4,5.9568,Про-028,Главная улица,5.9568,0.0,21,"{""Про-028"": 5.9568, ""Про-029"": 7.5799, ""Про-030"": 6.8833, ""Про-031"": 5.9568, ""Про-032"": 9.896, ""Про-033"": 6.5587, ""Про-034"": 6.0166, ""Про-035"": 6.0166, ""Про-036"": 6.0166, ""Про-037"": 8.5325, ""Про-038"": 7.4509, ""Про-039"": 8.1701, ""Про-040"": 7.6898, ""Про-041"": 8.4967, ""Про-042"": 9.6025, ""Про-043"": 8.809, ""Про-044"": 8.5892, ""Про-045"": 8.4102, ""Про-046"": 8.6947, ""Про-047"": 12.7944, ""Про-048"": 11.2344}",True
w352158431,Гербовецкая улица,44,4,46.5,5.5164,Про-028,Главная улица,5.5164,0.0,21,"{""Про-028"": 5.5164, ""Про-029"": 7.3171, ""Про-030"": 6.4429, ""Про-031"": 5.5164, ""Про-032"": 9.4556, ""Про-033"": 6.1183, ""Про-034"": 5.5762, ""Про-035"": 5.5762, ""Про-036"": 5.5762, ""Про-037"": 8.2697, ""Про-038"": 7.0105, ""Про-039"": 7.9073, ""Про-040"": 7.427, ""Про-041"": 8.2339, ""Про-042"": 9.1621, ""Про-043"": 8.5462, ""Про-044"": 8.3264, ""Про-045"": 8.1474, ""Про-046"": 8.4319, ""Про-047"": 12.9937, ""Про-048"": 10.9716}",True
w352158480,Гербовецкая улица,45,4,19.6,5.8363,Про-028,Главная улица,5.8363,0.0,21,"{""Про-028"": 5.8363, ""Про-029"": 7.4593, ""Про-030"": 6.7628, ""Про-031"": 5.8363, ""Про-032"": 9.7755, ""Про-033"": 6.4382, ""Про-034"": 5.8961, ""Про-035"": 5.8961, ""Про-036"": 5.8961, ""Про-037"": 8.4119, ""Про-038"": 7.3304, ""Про-039"": 8.0495, ""Про-040"": 7.5692, ""Про-041"": 8.3761, ""Про-042"": 9.482, ""Про-043"": 8.6884, ""Про-044"": 8.4687, ""Про-045"": 8.2896, ""Про-046"": 8.5741, ""Про-047"": 12.6738, ""Про-048"": 11.1138}",True
w352158426,Гербовецкая улица,46,4,33.5,5.5164,Про-028,Главная улица,5.5164,0.0,21,"{""Про-028"": 5.5164, ""Про-029"": 7.3171, ""Про-030"": 6.4429, ""Про-031"": 5.5164, ""Про-032"": 9.4556, ""Про-033"": 6.1183, ""Про-034"": 5.5762, ""Про-035"": 5.5762, ""Про-036"": 5.5762, ""Про-037"": 8.2697, ""Про-038"": 7.0105, ""Про-039"": 7.9073, ""Про-040"": 7.427, ""Про-041"": 8.2339, ""Про-042"": 9.1621, ""Про-043"": 8.5462, ""Про-044"": 8.3264, ""Про-045"": 8.1474, ""Про-046"": 8.4319, ""Про-047"": 12.9937, ""Про-048"": 10.9716}",True
w352160183,Гербовецкая улица,47,4,31.5,5.8363,Про-028,Главная улица,5.8363,0.0,21,"{""Про-028"": 5.8363, ""Про-029"": 7.4593, ""Про-030"": 6.7628, ""Про-031"": 5.8363, ""Про-032"": 9.7755, ""Про-033"": 6.4382, ""Про-034"": 5.8961, ""Про-035"": 5.8961, ""Про-036"": 5.8961, ""Про-037"": 8.4119, ""Про-038"": 7.3304, ""Про-039"": 8.0495, ""Про-040"": 7.5692, ""Про-041"": 8.3761, ""Про-042"": 9.482, ""Про-043"": 8.6884, ""Про-044"": 8.4687, ""Про-045"": 8.2896, ""Про-046"": 8.5741, ""Про-047"": 12.6738, ""Про-048"": 11.1138}",True
w352158429,Гербовецкая улица,48,4,28.2,5.5164,Про-028,Главная улица,5.5164,0.0,21,"{""Про-028"": 5.5164, ""Про-029"": 7.3171, ""Про-030"": 6.4429, ""Про-031"": 5.5164, ""Про-032"": 9.4556, ""Про-033"": 6.1183, ""Про-034"": 5.5762, ""Про-035"": 5.5762, ""Про-036"": 5.5762, ""Про-037"": 8.2697, ""Про-038"": 7.0105, ""Про-039"": 7.9073, ""Про-040"": 7.427, ""Про-041"": 8.2339, ""Про-042"": 9.1621, ""Про-043"": 8.5462, ""Про-044"": 8.3264, ""Про-045"": 8.1474, ""Про-046"": 8.4319, ""Про-047"": 12.9937, ""Про-048"": 10.9716}",True
w352160184,Гербовецкая улица,49,4,46.9,5.8363,Про-028,Главная улица,5.8363,0.0,21,"{""Про-028"": 5.8363, ""Про-029"": 7.4593, ""Про-030"": 6.7628, ""Про-031"": 5.8363, ""Про-032"": 9.7755, ""Про-033"": 6.4382, ""Про-034"": 5.8961, ""Про-035"": 5.8961, ""Про-036"": 5.8961, ""Про-037"": 8.4119, ""Про-038"": 7.3304, ""Про-039"": 8.0495, ""Про-040"": 7.5692, ""Про-041"": 8.3761, ""Про-042"": 9.482, ""Про-043"": 8.6884, ""Про-044"": 8.4687, ""Про-045"": 8.2896, ""Про-046"": 8.5741, ""Про-047"": 12.6738, ""Про-048"": 11.1138}",True
w352156653,Гербовецкая улица,50,4,19.6,5.5164,Про-028,Главная улица,5.5164,0.0,21,"{""Про-028"": 5.5164, ""Про-029"": 7.3171, ""Про-030"": 6.4429, ""Про-031"": 5.5164, ""Про-032"": 9.4556, ""Про-033"": 6.1183, ""Про-034"": 5.5762, ""Про-035"": 5.5762, ""Про-036"": 5.5762, ""Про-037"": 8.2697, ""Про-038"": 7.0105, ""Про-039"": 7.9073, ""Про-040"": 7.427, ""Про-041"": 8.2339, ""Про-042"": 9.1621, ""Про-043"": 8.5462, ""Про-044"": 8.3264, ""Про-045"": 8.1474, ""Про-046"": 8.4319, ""Про-047"": 12.9937, ""Про-048"": 10.9716}",True
w352156651,Гербовецкая улица,52,4,32.4,5.5164,Про-028,Главная улица,5.5164,0.0,21,"{""Про-028"": 5.5164, ""Про-029"": 7.3171, ""Про-030"": 6.4429, ""Про-031"": 5.5164, ""Про-032"": 9.4556, ""Про-033"": 6.1183, ""Про-034"": 5.5762, ""Про-035"": 5.5762, ""Про-036"": 5.5762, ""Про-037"": 8.2697, ""Про-038"": 7.0105, ""Про-039"": 7.9073, ""Про-040"": 7.427, ""Про-041"": 8.2339, ""Про-042"": 9.1621, ""Про-043"": 8.5462, ""Про-044"": 8.3264, ""Про-045"": 8.1474, ""Про-046"": 8.4319, ""Про-047"": 12.9937, ""Про-048"": 10.9716}",True
w352156650,Гербовецкая улица,54,4,32.1,5.581,Про-028,Главная улица,5.581,0.0,21,"{""Про-028"": 5.581, ""Про-029"": 7.2526, ""Про-030"": 6.5074, ""Про-031"": 5.581, ""Про-032"": 9.5202, ""Про-033"": 6.1828, ""Про-034"": 5.6407, ""Про-035"": 5.6407, ""Про-036"": 5.6407, ""Про-037"": 8.2052, ""Про-038"": 7.0751, ""Про-039"": 7.8427, ""Про-040"": 7.3624, ""Про-041"": 8.1693, ""Про-042"": 9.2266, ""Про-043"": 8.4816, ""Про-044"": 8.2619, ""Про-045"": 8.0829, ""Про-046"": 8.3674, ""Про-047"": 12.9291, ""Про-048"": 10.9071}",True
w352160189,Гербовецкая улица,55,4,98.8,5.8363,Про-028,Главная улица,5.8363,0.0,21,"{""Про-028"": 5.8363, ""Про-029"": 7.4593, ""Про-030"": 6.7628, ""Про-031"": 5.8363, ""Про-032"": 9.7755, ""Про-033"": 6.4382, ""Про-034"": 5.8961, ""Про-035"": 5.8961, ""Про-036"": 5.8961, ""Про-037"": 8.4119, ""Про-038"": 7.3304, ""Про-039"": 8.0495, ""Про-040"": 7.5692, ""Про-041"": 8.3761, ""Про-042"": 9.482, ""Про-043"": 8.6884, ""Про-044"": 8.4687, ""Про-045"": 8.2896, ""Про-046"": 8.5741, ""Про-047"": 12.6738, ""Про-048"": 11.1138}",True
w315108146,Гербовецкая улица,58,4,41.3,5.741,Про-028,Главная улица,5.741,0.0,21,"{""Про-028"": 5.741, ""Про-029"": 7.364, ""Про-030"": 6.6675, ""Про-031"": 5.741, ""Про-032"": 9.6802, ""Про-033"": 6.3428, ""Про-034"": 5.8007, ""Про-035"": 5.8007, ""Про-036"": 5.8007, ""Про-037"": 8.3166, ""Про-038"": 7.2351, ""Про-039"": 7.9542, ""Про-040"": 7.4739, ""Про-041"": 8.2808, ""Про-042"": 9.3867, ""Про-043"": 8.5931, ""Про-044"": 8.3734, ""Про-045"": 8.1943, ""Про-046"": 8.4788, ""Про-047"": 12.787, ""Про-048"": 11.0185}",True
w315108143,Гербовецкая улица,60,4,22.2,5.741,Про-028,Главная улица,5.741,0.0,21,"{""Про-028"": 5.741, ""Про-029"": 7.364, ""Про-030"": 6.6675, ""Про-031"": 5.741, ""Про-032"": 9.6802, ""Про-033"": 6.3428, ""Про-034"": 5.8007, ""Про-035"": 5.8007, ""Про-036"": 5.8007, ""Про-037"": 8.3166, ""Про-038"": 7.2351, ""Про-039"": 7.9542, ""Про-040"": 7.4739, ""Про-041"": 8.2808, ""Про-042"": 9.3867, ""Про-043"": 8.5931, ""Про-044"": 8.3734, ""Про-045"": 8.1943, ""Про-046"": 8.4788, ""Про-047"": 12.787, ""Про-048"": 11.0185}",True
w315108139,Гербовецкая улица,62,4,17.4,5.7665,Про-028,Главная улица,5.7665,0.0,21,"{""Про-028"": 5.7665, ""Про-029"": 7.3896, ""Про-030"": 6.693, ""Про-031"": 5.7665, ""Про-032"": 9.7057, ""Про-033"": 6.3684, ""Про-034"": 5.8263, ""Про-035"": 5.8263, ""Про-036"": 5.8263, ""Про-037"": 8.3422, ""Про-038"": 7.2606, ""Про-039"": 7.9797, ""Про-040"": 7.4994, ""Про-041"": 8.3064, ""Про-042"": 9.4122, ""Про-043"": 8.6186, ""Про-044"": 8.3989, ""Про-045"": 8.2199, ""Про-046"": 8.5044, ""Про-047"": 12.8125, ""Про-048"": 11.0441}",True
w315108091,Гербовецкая улица,64,4,16.5,5.8025,Про-028,Главная улица,5.8025,0.0,21,"{""Про-028"": 5.8025, ""Про-029"": 7.4255, ""Про-030"": 6.7289, ""Про-031"": 5.8025, ""Про-032"": 9.7417, ""Про-033"": 6.4043, ""Про-034"": 5.8622, ""Про-035"": 5.8622, ""Про-036"": 5.8622, ""Про-037"": 8.3781, ""Про-038"": 7.2966, ""Про-039"": 8.0157, ""Про-040"": 7.5354, ""Про-041"": 8.3423, ""Про-042"": 9.4481, ""Про-043"": 8.6546, ""Про-044"": 8.4348, ""Про-045"": 8.2558, ""Про-046"": 8.5403, ""Про-047"": 12.8485, ""Про-048"": 11.08}",True
w315108090,Гербовецкая улица,66,4,18.5,5.8285,Про-028,Главная улица,5.8285,0.0,21,"{""Про-028"": 5.8285, ""Про-029"": 7.4515, ""Про-030"": 6.755, ""Про-031"": 5.8285, ""Про-032"": 9.7677, ""Про-033"": 6.4304, ""Про-034"": 5.8882, ""Про-035"": 5.8882, ""Про-036"": 5.8882, ""Про-037"": 8.4041, ""Про-038"": 7.3226, ""Про-039"": 8.0417, ""Про-040"": 7.5614, ""Про-041"": 8.3683, ""Про-042"": 9.4742, ""Про-043"": 8.6806, ""Про-044"": 8.4609, ""Про-045"": 8.2818, ""Про-046"": 8.5663, ""Про-047"": 12.8745, ""Про-048"": 11.106}",True
w315108089,Гербовецкая улица,68,4,21.0,5.8285,Про-028,Главная улица,5.8285,0.0,21,"{""Про-028"": 5.8285, ""Про-029"": 7.4515, ""Про-030"": 6.755, ""Про-031"": 5.8285, ""Про-032"": 9.7677, ""Про-033"": 6.4304, ""Про-034"": 5.8882, ""Про-035"": 5.8882, ""Про-036"": 5.8882, ""Про-037"": 8.4041, ""Про-038"": 7.3226, ""Про-039"": 8.0417, ""Про-040"": 7.5614, ""Про-041"": 8.3683, ""Про-042"": 9.4742, ""Про-043"": 8.6806, ""Про-044"": 8.4609, ""Про-045"": 8.2818, ""Про-046"": 8.5663, ""Про-047"": 12.8745, ""Про-048"": 11.106}",True
w352341358,Гербовецкая улица,69,4,123.8,6.2229,Про-028,Главная улица,6.2229,0.0,21,"{""Про-028"": 6.2229, ""Про-029"": 7.1483, ""Про-030"": 6.8219, ""Про-031"": 6.2229, ""Про-032"": 9.6606, ""Про-033"": 6.7686, ""Про-034"": 6.2827, ""Про-035"": 6.2827, ""Про-036"": 6.2827, ""Про-037"": 8.1009, ""Про-038"": 7.1197, ""Про-039"": 7.7385, ""Про-040"": 7.2582, ""Про-041"": 8.0651, ""Про-042"": 9.3671, ""Про-043"": 8.3774, ""Про-044"": 8.1576, ""Про-045"": 7.9786, ""Про-046"": 8.2631, ""Про-047"": 12.3802, ""Про-048"": 10.8028}",True
w315107914,Гербовецкая улица,70,4,29.9,5.8363,Про-028,Главная улица,5.8363,0.0,21,"{""Про-028"": 5.8363, ""Про-029"": 7.4593, ""Про-030"": 6.7628, ""Про-031"": 5.8363, ""Про-032"": 9.7755, ""Про-033"": 6.4382, ""Про-034"": 5.8961, ""Про-035"": 5.8961, ""Про-036"": 5.8961, ""Про-037"": 8.4119, ""Про-038"": 7.3304, ""Про-039"": 8.0495, ""Про-040"": 7.5692, ""Про-041"": 8.3761, ""Про-042"": 9.482, ""Про-043"": 8.6884, ""Про-044"": 8.4687, ""Про-045"": 8.2896, ""Про-046"": 8.5741, ""Про-047"": 12.6738, ""Про-048"": 11.1138}",True
w319386383,Гербовецкая улица,72,4,45.6,5.8363,Про-028,Главная улица,5.8363,0.0,21,"{""Про-028"": 5.8363, ""Про-029"": 7.4593, ""Про-030"": 6.7628, ""Про-031"": 5.8363, ""Про-032"": 9.7755, ""Про-033"": 6.4382, ""Про-034"": 5.8961, ""Про-035"": 5.8961, ""Про-036"": 5.8961, ""Про-037"": 8.4119, ""Про-038"": 7.3304, ""Про-039"": 8.0495, ""Про-040"": 7.5692, ""Про-041"": 8.3761, ""Про-042"": 9.482, ""Про-043"": 8.6884, ""Про-044"": 8.4687, ""Про-045"": 8.2896, ""Про-046"": 8.5741, ""Про-047"": 12.6738, ""Про-048"": 11.1138}",True
w352341360,Гербовецкая улица,73,4,95.7,6.1721,Про-028,Главная улица,6.1721,0.0,21,"{""Про-028"": 6.1721, ""Про-029"": 7.1991, ""Про-030"": 6.8726, ""Про-031"": 6.1721, ""Про-032"": 9.7114, ""Про-033"": 6.774, ""Про-034"": 6.2319, ""Про-035"": 6.2319, ""Про-036"": 6.2319, ""Про-037"": 8.1517, ""Про-038"": 7.1704, ""Про-039"": 7.7893, ""Про-040"": 7.309, ""Про-041"": 8.1159, ""Про-042"": 9.4179, ""Про-043"": 8.4281, ""Про-044"": 8.2084, ""Про-045"": 8.0294, ""Про-046"": 8.3139, ""Про-047"": 12.338, ""Про-048"": 10.8536}",True
w319386384,Гербовецкая улица,76,4,63.5,5.8363,Про-028,Главная улица,5.8363,0.0,21,"{""Про-028"": 5.8363, ""Про-029"": 7.4593, ""Про-030"": 6.7628, ""Про-031"": 5.8363, ""Про-032"": 9.7755, ""Про-033"": 6.4382, ""Про-034"": 5.8961, ""Про-035"": 5.8961, ""Про-036"": 5.8961, ""Про-037"": 8.4119, ""Про-038"": 7.3304, ""Про-039"": 8.0495, ""Про-040"": 7.5692, ""Про-041"": 8.3761, ""Про-042"": 9.482, ""Про-043"": 8.6884, ""Про-044"": 8.4687, ""Про-045"": 8.2896, ""Про-046"": 8.5741, ""Про-047"": 12.6738, ""Про-048"": 11.1138}",True
w352680192,Гербовецкая улица,77,4,62.8,6.1721,Про-028,Главная улица,6.1721,0.0,21,"{""Про-028"": 6.1721, ""Про-029"": 7.1991, ""Про-030"": 6.8726, ""Про-031"": 6.1721, ""Про-032"": 9.7114, ""Про-033"": 6.774, ""Про-034"": 6.2319, ""Про-035"": 6.2319, ""Про-036"": 6.2319, ""Про-037"": 8.1517, ""Про-038"": 7.1704, ""Про-039"": 7.7893, ""Про-040"": 7.309, ""Про-041"": 8.1159, ""Про-042"": 9.4179, ""Про-043"": 8.4281, ""Про-044"": 8.2084, ""Про-045"": 8.0294, ""Про-046"": 8.3139, ""Про-047"": 12.338, ""Про-048"": 10.8536}",True
w319386385,Гербовецкая улица,78,4,82.9,5.8363,Про-028,Главная улица,5.8363,0.0,21,"{""Про-028"": 5.8363, ""Про-029"": 7.4593, ""Про-030"": 6.7628, ""Про-031"": 5.8363, ""Про-032"": 9.7755, ""Про-033"": 6.4382, ""Про-034"": 5.8961, ""Про-035"": 5.8961, ""Про-036"": 5.8961, ""Про-037"": 8.4119, ""Про-038"": 7.3304, ""Про-039"": 8.0495, ""Про-040"": 7.5692, ""Про-041"": 8.3761, ""Про-042"": 9.482, ""Про-043"": 8.6884, ""Про-044"": 8.4687, ""Про-045"": 8.2896, ""Про-046"": 8.5741, ""Про-047"": 12.6738, ""Про-048"": 11.1138}",True
w352339715,Гербовецкая улица,84,4,100.5,6.3364,Про-028,Главная улица,6.3364,0.0,21,"{""Про-028"": 6.3364, ""Про-029"": 7.0638, ""Про-030"": 6.7373, ""Про-031"": 6.3364, ""Про-032"": 9.5761, ""Про-033"": 6.6841, ""Про-034"": 6.3961, ""Про-035"": 6.3961, ""Про-036"": 6.3961, ""Про-037"": 8.0164, ""Про-038"": 7.0351, ""Про-039"": 7.654, ""Про-040"": 7.1737, ""Про-041"": 7.9806, ""Про-042"": 9.2826, ""Про-043"": 8.2928, ""Про-044"": 8.0731, ""Про-045"": 7.8941, ""Про-046"": 8.1786, ""Про-047"": 12.5612, ""Про-048"": 10.7183}",True
w352339716,Гербовецкая улица,86,4,97.6,6.3364,Про-028,Главная улица,6.3364,0.0,21,"{""Про-028"": 6.3364, ""Про-029"": 7.0638, ""Про-030"": 6.7373, ""Про-031"": 6.3364, ""Про-032"": 9.5761, ""Про-033"": 6.6841, ""Про-034"": 6.3961, ""Про-035"": 6.3961, ""Про-036"": 6.3961, ""Про-037"": 8.0164, ""Про-038"": 7.0351, ""Про-039"": 7.654, ""Про-040"": 7.1737, ""Про-041"": 7.9806, ""Про-042"": 9.2826, ""Про-043"": 8.2928, ""Про-044"": 8.0731, ""Про-045"": 7.8941, ""Про-046"": 8.1786, ""Про-047"": 12.5612, ""Про-048"": 10.7183}",True
n2337948165,Гербовецкая улица,87,4,21.2,6.1764,Про-028,Главная улица,6.1764,0.0,21,"{""Про-028"": 6.1764, ""Про-029"": 7.1948, ""Про-030"": 6.8684, ""Про-031"": 6.1764, ""Про-032"": 9.7071, ""Про-033"": 6.7782, ""Про-034"": 6.2361, ""Про-035"": 6.2361, ""Про-036"": 6.2361, ""Про-037"": 8.1474, ""Про-038"": 7.1662, ""Про-039"": 7.785, ""Про-040"": 7.3047, ""Про-041"": 8.1116, ""Про-042"": 9.4136, ""Про-043"": 8.4239, ""Про-044"": 8.2041, ""Про-045"": 8.0251, ""Про-046"": 8.3096, ""Про-047"": 12.3337, ""Про-048"": 10.8493}",True
w352339722,Гербовецкая улица,96,4,59.3,6.2229,Про-028,Главная улица,6.2229,0.0,21,"{""Про-028"": 6.2229, ""Про-029"": 7.1483, ""Про-030"": 6.8219, ""Про-031"": 6.2229, ""Про-032"": 9.6606, ""Про-033"": 6.7686, ""Про-034"": 6.2827, ""Про-035"": 6.2827, ""Про-036"": 6.2827, ""Про-037"": 8.1009, ""Про-038"": 7.1197, ""Про-039"": 7.7385, ""Про-040"": 7.2582, ""Про-041"": 8.0651, ""Про-042"": 9.3671, ""Про-043"": 8.3774, ""Про-044"": 8.1576, ""Про-045"": 7.9786, ""Про-046"": 8.2631, ""Про-047"": 12.3802, ""Про-048"": 10.8028}",True
n2337948164,Гербовецкая улица,98,4,25.9,6.1721,Про-028,Главная улица,6.1721,0.0,21,"{""Про-028"": 6.1721, ""Про-029"": 7.1991, ""Про-030"": 6.8726, ""Про-031"": 6.1721, ""Про-032"": 9.7114, ""Про-033"": 6.774, ""Про-034"": 6.2319, ""Про-035"": 6.2319, ""Про-036"": 6.2319, ""Про-037"": 8.1517, ""Про-038"": 7.1704, ""Про-039"": 7.7893, ""Про-040"": 7.309, ""Про-041"": 8.1159, ""Про-042"": 9.4179, ""Про-043"": 8.4281, ""Про-044"": 8.2084, ""Про-045"": 8.0294, ""Про-046"": 8.3139, ""Про-047"": 12.338, ""Про-048"": 10.8536}",True
w352339720,Гербовецкая улица,98а,4,88.9,6.3364,Про-028,Главная улица,6.3364,0.0,21,"{""Про-028"": 6.3364, ""Про-029"": 7.0638, ""Про-030"": 6.7373, ""Про-031"": 6.3364, ""Про-032"": 9.5761, ""Про-033"": 6.6841, ""Про-034"": 6.3961, ""Про-035"": 6.3961, ""Про-036"": 6.3961, ""Про-037"": 8.0164, ""Про-038"": 7.0351, ""Про-039"": 7.654, ""Про-040"": 7.1737, ""Про-041"": 7.9806, ""Про-042"": 9.2826, ""Про-043"": 8.2928, ""Про-044"": 8.0731, ""Про-045"": 7.8941, ""Про-046"": 8.1786, ""Про-047"": 12.5612, ""Про-048"": 10.7183}",True
n2337948163,Гербовецкая улица,100,4,15.4,6.1764,Про-028,Главная улица,6.1764,0.0,21,"{""Про-028"": 6.1764, ""Про-029"": 7.1948, ""Про-030"": 6.8684, ""Про-031"": 6.1764, ""Про-032"": 9.7071, ""Про-033"": 6.7782, ""Про-034"": 6.2361, ""Про-035"": 6.2361, ""Про-036"": 6.2361, ""Про-037"": 8.1474, ""Про-038"": 7.1662, ""Про-039"": 7.785, ""Про-040"": 7.3047, ""Про-041"": 8.1116, ""Про-042"": 9.4136, ""Про-043"": 8.4239, ""Про-044"": 8.2041, ""Про-045"": 8.0251, ""Про-046"": 8.3096, ""Про-047"": 12.3337, ""Про-048"": 10.8493}",True
n2337938423,Гербовецкая улица,103,4,29.4,6.2795,Про-028,Главная улица,6.2795,0.0,21,"{""Про-028"": 6.2795, ""Про-029"": 7.3635, ""Про-030"": 7.0371, ""Про-031"": 6.345, ""Про-032"": 9.8758, ""Про-033"": 6.9469, ""Про-034"": 6.4048, ""Про-035"": 6.4048, ""Про-036"": 6.4048, ""Про-037"": 8.3161, ""Про-038"": 7.3349, ""Про-039"": 7.9537, ""Про-040"": 7.4734, ""Про-041"": 8.2803, ""Про-042"": 9.5823, ""Про-043"": 8.5926, ""Про-044"": 8.3728, ""Про-045"": 8.1938, ""Про-046"": 8.4783, ""Про-047"": 12.165, ""Про-048"": 11.018}",True
n2337938424,Гербовецкая улица,112,4,14.0,6.2795,Про-028,Главная улица,6.2795,0.0,21,"{""Про-028"": 6.2795, ""Про-029"": 7.3635, ""Про-030"": 7.0371, ""Про-031"": 6.345, ""Про-032"": 9.8758, ""Про-033"": 6.9469, ""Про-034"": 6.4048, ""Про-035"": 6.4048, ""Про-036"": 6.4048, ""Про-037"": 8.3161, ""Про-038"": 7.3349, ""Про-039"": 7.9537, ""Про-040"": 7.4734, ""Про-041"": 8.2803, ""Про-042"": 9.5823, ""Про-043"": 8.5926, ""Про-044"": 8.3728, ""Про-045"": 8.1938, ""Про-046"": 8.4783, ""Про-047"": 12.165, ""Про-048"": 11.018}",True
w424796429,Гербовецкая улица,115,4,71.5,6.4811,Про-028,Главная улица,6.4811,0.0,21,"{""Про-028"": 6.4811, ""Про-029"": 7.5651, ""Про-030"": 7.2387, ""Про-031"": 6.5467, ""Про-032"": 10.0775, ""Про-033"": 7.1486, ""Про-034"": 6.6065, ""Про-035"": 6.6065, ""Про-036"": 6.6065, ""Про-037"": 8.5177, ""Про-038"": 7.5365, ""Про-039"": 8.1553, ""Про-040"": 7.675, ""Про-041"": 8.4819, ""Про-042"": 9.7839, ""Про-043"": 8.7942, ""Про-044"": 8.5745, ""Про-045"": 8.3955, ""Про-046"": 8.6799, ""Про-047"": 11.9634, ""Про-048"": 11.2196}",True
w424796430,Гербовецкая улица,117,4,56.2,6.4811,Про-028,Главная улица,6.4811,0.0,21,"{""Про-028"": 6.4811, ""Про-029"": 7.5651, ""Про-030"": 7.2387, ""Про-031"": 6.5467, ""Про-032"": 10.0775, ""Про-033"": 7.1486, ""Про-034"": 6.6065, ""Про-035"": 6.6065, ""Про-036"": 6.6065, ""Про-037"": 8.5177, ""Про-038"": 7.5365, ""Про-039"": 8.1553, ""Про-040"": 7.675, ""Про-041"": 8.4819, ""Про-042"": 9.7839, ""Про-043"": 8.7942, ""Про-044"": 8.5745, ""Про-045"": 8.3955, ""Про-046"": 8.6799, ""Про-047"": 11.9634, ""Про-048"": 11.2196}",True
w424796431,Гербовецкая улица,119,4,39.5,6.4811,Про-028,Главная улица,6.4811,0.0,21,"{""Про-028"": 6.4811, ""Про-029"": 7.5651, ""Про-030"": 7.2387, ""Про-031"": 6.5467, ""Про-032"": 10.0775, ""Про-033"": 7.1486, ""Про-034"": 6.6065, ""Про-035"": 6.6065, ""Про-036"": 6.6065, ""Про-037"": 8.5177, ""Про-038"": 7.5365, ""Про-039"": 8.1553, ""Про-040"": 7.675, ""Про-041"": 8.4819, ""Про-042"": 9.7839, ""Про-043"": 8.7942, ""Про-044"": 8.5745, ""Про-045"": 8.3955, ""Про-046"": 8.6799, ""Про-047"": 11.9634, ""Про-048"": 11.2196}",True
w424796432,Гербовецкая улица,121,4,28.4,6.4811,Про-028,Главная улица,6.4811,0.0,21,"{""Про-028"": 6.4811, ""Про-029"": 7.5651, ""Про-030"": 7.2387, ""Про-031"": 6.5467, ""Про-032"": 10.0775, ""Про-033"": 7.1486, ""Про-034"": 6.6065, ""Про-035"": 6.6065, ""Про-036"": 6.6065, ""Про-037"": 8.5177, ""Про-038"": 7.5365, ""Про-039"": 8.1553, ""Про-040"": 7.675, ""Про-041"": 8.4819, ""Про-042"": 9.7839, ""Про-043"": 8.7942, ""Про-044"": 8.5745, ""Про-045"": 8.3955, ""Про-046"": 8.6799, ""Про-047"": 11.9634, ""Про-048"": 11.2196}",True
w443454569,Гербовецкая улица,157,4,55.5,6.9459,Про-028,Главная улица,6.9459,0.0,21,"{""Про-028"": 6.9459, ""Про-029"": 8.0299, ""Про-030"": 7.7035, ""Про-031"": 7.0115, ""Про-032"": 10.5422, ""Про-033"": 7.6133, ""Про-034"": 7.0712, ""Про-035"": 7.0712, ""Про-036"": 7.0712, ""Про-037"": 8.9825, ""Про-038"": 8.0013, ""Про-039"": 8.6201, ""Про-040"": 8.1398, ""Про-041"": 8.9467, ""Про-042"": 10.2487, ""Про-043"": 9.259, ""Про-044"": 9.0392, ""Про-045"": 8.8602, ""Про-046"": 9.1447, ""Про-047"": 11.4986, ""Про-048"": 11.6241}",True
n2337934506,Гербовецкая улица,173,4,20.8,6.9275,Про-028,Главная улица,6.9275,0.0,21,"{""Про-028"": 6.9275, ""Про-029"": 8.1555, ""Про-030"": 7.8291, ""Про-031"": 7.1371, ""Про-032"": 10.6678, ""Про-033"": 7.7389, ""Про-034"": 7.1968, ""Про-035"": 7.1968, ""Про-036"": 7.1968, ""Про-037"": 9.1081, ""Про-038"": 8.1269, ""Про-039"": 8.7457, ""Про-040"": 8.2654, ""Про-041"": 9.0723, ""Про-042"": 10.3743, ""Про-043"": 9.3846, ""Про-044"": 9.1648, ""Про-045"": 8.9858, ""Про-046"": 9.2703, ""Про-047"": 11.373, ""Про-048"": 11.4985}",True
n2337934507,Гербовецкая улица,180,4,26.5,6.9459,Про-028,Главная улица,6.9459,0.0,21,"{""Про-028"": 6.9459, ""Про-029"": 8.0299, ""Про-030"": 7.7035, ""Про-031"": 7.0115, ""Про-032"": 10.5422, ""Про-033"": 7.6133, ""Про-034"": 7.0712, ""Про-035"": 7.0712, ""Про-036"": 7.0712, ""Про-037"": 8.9825, ""Про-038"": 8.0013, ""Про-039"": 8.6201, ""Про-040"": 8.1398, ""Про-041"": 8.9467, ""Про-042"": 10.2487, ""Про-043"": 9.259, ""Про-044"": 9.0392, ""Про-045"": 8.8602, ""Про-046"": 9.1447, ""Про-047"": 11.4986, ""Про-048"": 11.6241}",True
n2337934505,Гербовецкая улица,198,4,24.4,6.8823,Про-028,Главная улица,6.8823,0.0,21,"{""Про-028"": 6.8823, ""Про-029"": 8.2007, ""Про-030"": 7.8742, ""Про-031"": 7.1822, ""Про-032"": 10.713, ""Про-033"": 7.7841, ""Про-034"": 7.242, ""Про-035"": 7.242, ""Про-036"": 7.242, ""Про-037"": 9.1533, ""Про-038"": 8.172, ""Про-039"": 8.7909, ""Про-040"": 8.3105, ""Про-041"": 9.1175, ""Про-042"": 10.4194, ""Про-043"": 9.4297, ""Про-044"": 9.21, ""Про-045"": 9.031, ""Про-046"": 9.3155, ""Про-047"": 11.3279, ""Про-048"": 11.4534}",True
w353042920,Гербовецкий переулок,2а,4,25.8,5.0281,Про-028,Главная улица,5.0281,0.0,21,"{""Про-028"": 5.0281, ""Про-029"": 7.5373, ""Про-030"": 6.5931, ""Про-031"": 5.5153, ""Про-032"": 9.6058, ""Про-033"": 6.2685, ""Про-034"": 5.7264, ""Про-035"": 5.7264, ""Про-036"": 5.7264, ""Про-037"": 8.4899, ""Про-038"": 7.1607, ""Про-039"": 8.1275, ""Про-040"": 7.6472, ""Про-041"": 8.4541, ""Про-042"": 9.3123, ""Про-043"": 8.7664, ""Про-044"": 8.5466, ""Про-045"": 8.3676, ""Про-046"": 8.6521, ""Про-047"": 13.0898, ""Про-048"": 11.447}",True
w352628941,Гербовецкий переулок,3,4,59.4,5.3302,Про-028,Главная улица,5.3302,0.0,21,"{""Про-028"": 5.3302, ""Про-029"": 7.2009, ""Про-030"": 6.2567, ""Про-031"": 5.3302, ""Про-032"": 9.2694, ""Про-033"": 5.9321, ""Про-034"": 5.39, ""Про-035"": 5.39, ""Про-036"": 5.39, ""Про-037"": 8.1535, ""Про-038"": 6.8243, ""Про-039"": 7.7911, ""Про-040"": 7.3108, ""Про-041"": 8.1177, ""Про-042"": 8.9759, ""Про-043"": 8.43, ""Про-044"": 8.2102, ""Про-045"": 8.0312, ""Про-046"": 8.3157, ""Про-047"": 13.21, ""Про-048"": 11.1106}",True
w352366732,Гербовецкий переулок,4,4,60.6,5.3673,Про-028,Главная улица,5.3673,0.0,21,"{""Про-028"": 5.3673, ""Про-029"": 7.238, ""Про-030"": 6.2938, ""Про-031"": 5.3673, ""Про-032"": 9.3065, ""Про-033"": 5.9692, ""Про-034"": 5.4271, ""Про-035"": 5.4271, ""Про-036"": 5.4271, ""Про-037"": 8.1906, ""Про-038"": 6.8614, ""Про-039"": 7.8282, ""Про-040"": 7.3479, ""Про-041"": 8.1548, ""Про-042"": 9.013, ""Про-043"": 8.4671, ""Про-044"": 8.2473, ""Про-045"": 8.0683, ""Про-046"": 8.3528, ""Про-047"": 13.1428, ""Про-048"": 11.1207}",True
w352630227,Гербовецкий переулок,5,4,73.2,5.2124,Про-028,Главная улица,5.2124,0.0,21,"{""Про-028"": 5.2124, ""Про-029"": 7.353, ""Про-030"": 6.4088, ""Про-031"": 5.4823, ""Про-032"": 9.4216, ""Про-033"": 6.0842, ""Про-034"": 5.5421, ""Про-035"": 5.5421, ""Про-036"": 5.5421, ""Про-037"": 8.3056, ""Про-038"": 6.9764, ""Про-039"": 7.9432, ""Про-040"": 7.4629, ""Про-041"": 8.2698, ""Про-042"": 9.128, ""Про-043"": 8.5821, ""Про-044"": 8.3624, ""Про-045"": 8.1833, ""Про-046"": 8.4678, ""Про-047"": 13.2557, ""Про-048"": 11.2627}",True
w352630226,Гербовецкий переулок,7,4,53.7,5.2124,Про-028,Главная улица,5.2124,0.0,21,"{""Про-028"": 5.2124, ""Про-029"": 7.353, ""Про-030"": 6.4088, ""Про-031"": 5.4823, ""Про-032"": 9.4216, ""Про-033"": 6.0842, ""Про-034"": 5.5421, ""Про-035"": 5.5421, ""Про-036"": 5.5421, ""Про-037"": 8.3056, ""Про-038"": 6.9764, ""Про-039"": 7.9432, ""Про-040"": 7.4629, ""Про-041"": 8.2698, ""Про-042"": 9.128, ""Про-043"": 8.5821, ""Про-044"": 8.3624, ""Про-045"": 8.1833, ""Про-046"": 8.4678, ""Про-047"": 13.2557, ""Про-048"": 11.2627}",True
w352633546,Гербовецкий переулок,8,4,28.9,5.2037,Про-028,Главная улица,5.2037,0.0,21,"{""Про-028"": 5.2037, ""Про-029"": 7.3617, ""Про-030"": 6.4175, ""Про-031"": 5.491, ""Про-032"": 9.4302, ""Про-033"": 6.0929, ""Про-034"": 5.5508, ""Про-035"": 5.5508, ""Про-036"": 5.5508, ""Про-037"": 8.3143, ""Про-038"": 6.9851, ""Про-039"": 7.9519, ""Про-040"": 7.4716, ""Про-041"": 8.2785, ""Про-042"": 9.1367, ""Про-043"": 8.5908, ""Про-044"": 8.371, ""Про-045"": 8.192, ""Про-046"": 8.4765, ""Про-047"": 13.247, ""Про-048"": 11.2714}",True
w401161031,Гербовецкий переулок,9,4,30.9,5.2124,Про-028,Главная улица,5.2124,0.0,21,"{""Про-028"": 5.2124, ""Про-029"": 7.353, ""Про-030"": 6.4088, ""Про-031"": 5.4823, ""Про-032"": 9.4216, ""Про-033"": 6.0842, ""Про-034"": 5.5421, ""Про-035"": 5.5421, ""Про-036"": 5.5421, ""Про-037"": 8.3056, ""Про-038"": 6.9764, ""Про-039"": 7.9432, ""Про-040"": 7.4629, ""Про-041"": 8.2698, ""Про-042"": 9.128, ""Про-043"": 8.5821, ""Про-044"": 8.3624, ""Про-045"": 8.1833, ""Про-046"": 8.4678, ""Про-047"": 13.2557, ""Про-048"": 11.2627}",True
w352633545,Гербовецкий переулок,10,4,32.3,5.0889,Про-028,Главная улица,5.0889,0.0,21,"{""Про-028"": 5.0889, ""Про-029"": 7.4765, ""Про-030"": 6.5323, ""Про-031"": 5.5761, ""Про-032"": 9.545, ""Про-033"": 6.2077, ""Про-034"": 5.6656, ""Про-035"": 5.6656, ""Про-036"": 5.6656, ""Про-037"": 8.4291, ""Про-038"": 7.0999, ""Про-039"": 8.0667, ""Про-040"": 7.5864, ""Про-041"": 8.3933, ""Про-042"": 9.2515, ""Про-043"": 8.7056, ""Про-044"": 8.4858, ""Про-045"": 8.3068, ""Про-046"": 8.5913, ""Про-047"": 13.1322, ""Про-048"": 11.3862}",True
w352633549,Гербовецкий переулок,11,4,49.3,5.0889,Про-028,Главная улица,5.0889,0.0,21,"{""Про-028"": 5.0889, ""Про-029"": 7.4765, ""Про-030"": 6.5323, ""Про-031"": 5.5761, ""Про-032"": 9.545, ""Про-033"": 6.2077, ""Про-034"": 5.6656, ""Про-035"": 5.6656, ""Про-036"": 5.6656, ""Про-037"": 8.4291, ""Про-038"": 7.0999, ""Про-039"": 8.0667, ""Про-040"": 7.5864, ""Про-041"": 8.3933, ""Про-042"": 9.2515, ""Про-043"": 8.7056, ""Про-044"": 8.4858, ""Про-045"": 8.3068, ""Про-046"": 8.5913, ""Про-047"": 13.1322, ""Про-048"": 11.3862}",True
w352633543,Гербовецкий переулок,12,4,42.7,5.0516,Про-028,Главная улица,5.0516,0.0,21,"{""Про-028"": 5.0516, ""Про-029"": 7.5423, ""Про-030"": 6.5981, ""Про-031"": 5.5387, ""Про-032"": 9.6108, ""Про-033"": 6.2735, ""Про-034"": 5.7314, ""Про-035"": 5.7314, ""Про-036"": 5.7314, ""Про-037"": 8.4949, ""Про-038"": 7.1657, ""Про-039"": 8.1325, ""Про-040"": 7.6522, ""Про-041"": 8.4591, ""Про-042"": 9.3173, ""Про-043"": 8.7714, ""Про-044"": 8.5516, ""Про-045"": 8.3726, ""Про-046"": 8.6571, ""Про-047"": 13.0664, ""Про-048"": 11.452}",True
w352633550,Гербовецкий переулок,13,4,38.7,5.0889,Про-028,Главная улица,5.0889,0.0,21,"{""Про-028"": 5.0889, ""Про-029"": 7.4765, ""Про-030"": 6.5323, ""Про-031"": 5.5761, ""Про-032"": 9.545, ""Про-033"": 6.2077, ""Про-034"": 5.6656, ""Про-035"": 5.6656, ""Про-036"": 5.6656, ""Про-037"": 8.4291, ""Про-038"": 7.0999, ""Про-039"": 8.0667, ""Про-040"": 7.5864, ""Про-041"": 8.3933, ""Про-042"": 9.2515, ""Про-043"": 8.7056, ""Про-044"": 8.4858, ""Про-045"": 8.3068, ""Про-046"": 8.5913, ""Про-047"": 13.1322, ""Про-048"": 11.3862}",True
w353042921,Гербовецкий переулок,78,4,26.3,5.0175,Про-028,Главная улица,5.0175,0.0,21,"{""Про-028"": 5.0175, ""Про-029"": 7.5479, ""Про-030"": 6.6037, ""Про-031"": 5.5046, ""Про-032"": 9.6165, ""Про-033"": 6.2791, ""Про-034"": 5.737, ""Про-035"": 5.737, ""Про-036"": 5.737, ""Про-037"": 8.5005, ""Про-038"": 7.1713, ""Про-039"": 8.1381, ""Про-040"": 7.6578, ""Про-041"": 8.4647, ""Про-042"": 9.3229, ""Про-043"": 8.777, ""Про-044"": 8.5573, ""Про-045"": 8.3782, ""Про-046"": 8.6627, ""Про-047"": 13.1005, ""Про-048"": 11.4576}",True
w450204067,Главная улица,1,4,47.7,6.0061,Про-028,Главная улица,6.0061,0.0,21,"{""Про-028"": 6.0061, ""Про-029"": 7.6755, ""Про-030"": 7.3491, ""Про-031"": 6.4932, ""Про-032"": 10.1878, ""Про-033"": 7.228, ""Про-034"": 6.6859, ""Про-035"": 6.6859, ""Про-036"": 6.6859, ""Про-037"": 8.6281, ""Про-038"": 7.6469, ""Про-039"": 8.2657, ""Про-040"": 7.7854, ""Про-041"": 8.5923, ""Про-042"": 9.8943, ""Про-043"": 8.9046, ""Про-044"": 8.6848, ""Про-045"": 8.5058, ""Про-046"": 8.7903, ""Про-047"": 12.1119, ""Про-048"": 11.33}",True
n2337985528,Главная улица,2а,3,20.4,4.3852,Про-028,Главная улица,4.3852,0.0,21,"{""Про-028"": 4.3852, ""Про-029"": 8.1125, ""Про-030"": 7.1083, ""Про-031"": 4.6897, ""Про-032"": 9.4493, ""Про-033"": 6.6052, ""Про-034"": 6.063, ""Про-035"": 5.0688, ""Про-036"": 5.3582, ""Про-037"": 8.6611, ""Про-038"": 7.6759, ""Про-039"": 8.7027, ""Про-040"": 8.2224, ""Про-041"": 9.0293, ""Про-042"": 9.1557, ""Про-043"": 9.3416, ""Про-044"": 9.1218, ""Про-045"": 8.9428, ""Про-046"": 9.2273, ""Про-047"": 13.9155, ""Про-048"": 12.0222}",True
w450204069,Главная улица,3,4,33.9,6.1189,Про-028,Главная улица,6.1189,0.0,21,"{""Про-028"": 6.1189, ""Про-029"": 7.7883, ""Про-030"": 7.4619, ""Про-031"": 6.6061, ""Про-032"": 10.3006, ""Про-033"": 7.3408, ""Про-034"": 6.7987, ""Про-035"": 6.7987, ""Про-036"": 6.7987, ""Про-037"": 8.7409, ""Про-038"": 7.7597, ""Про-039"": 8.3785, ""Про-040"": 7.8982, ""Про-041"": 8.7051, ""Про-042"": 10.0071, ""Про-043"": 9.0174, ""Про-044"": 8.7977, ""Про-045"": 8.6186, ""Про-046"": 8.9031, ""Про-047"": 12.2247, ""Про-048"": 11.4428}",True
w589383529,Главная улица,7,4,34.9,6.1189,Про-028,Главная улица,6.1189,0.0,21,"{""Про-028"": 6.1189, ""Про-029"": 7.7883, ""Про-030"": 7.4619, ""Про-031"": 6.6061, ""Про-032"": 10.3006, ""Про-033"": 7.3408, ""Про-034"": 6.7987, ""Про-035"": 6.7987, ""Про-036"": 6.7987, ""Про-037"": 8.7409, ""Про-038"": 7.7597, ""Про-039"": 8.3785, ""Про-040"": 7.8982, ""Про-041"": 8.7051, ""Про-042"": 10.0071, ""Про-043"": 9.0174, ""Про-044"": 8.7977, ""Про-045"": 8.6186, ""Про-046"": 8.9031, ""Про-047"": 12.2247, ""Про-048"": 11.4428}",True
w353044310,Главная улица,24,3,17.3,4.3117,Про-028,Главная улица,4.3117,0.0,21,"{""Про-028"": 4.3117, ""Про-029"": 8.1861, ""Про-030"": 7.1819, ""Про-031"": 4.7632, ""Про-032"": 9.5229, ""Про-033"": 6.6787, ""Про-034"": 6.1366, ""Про-035"": 5.1424, ""Про-036"": 5.4318, ""Про-037"": 8.7347, ""Про-038"": 7.7495, ""Про-039"": 8.7763, ""Про-040"": 8.296, ""Про-041"": 9.1029, ""Про-042"": 9.2293, ""Про-043"": 9.4151, ""Про-044"": 9.1954, ""Про-045"": 9.0164, ""Про-046"": 9.3009, ""Про-047"": 13.8419, ""Про-048"": 12.0958}",True
n2337964962,Главная улица,46,3,58.2,4.6281,Про-028,Главная улица,4.6281,0.0,21,"{""Про-028"": 4.6281, ""Про-029"": 7.9373, ""Про-030"": 6.9931, ""Про-031"": 5.1152, ""Про-032"": 9.8748, ""Про-033"": 6.6685, ""Про-034"": 6.1264, ""Про-035"": 5.4944, ""Про-036"": 5.7838, ""Про-037"": 8.8899, ""Про-038"": 7.5608, ""Про-039"": 8.5275, ""Про-040"": 8.0472, ""Про-041"": 8.8541, ""Про-042"": 9.5813, ""Про-043"": 9.1664, ""Про-044"": 8.9467, ""Про-045"": 8.7677, ""Про-046"": 9.0521, ""Про-047"": 13.4899, ""Про-048"": 11.847}",True
n2337964963,Главная улица,49,3,42.7,4.6281,Про-028,Главная улица,4.6281,0.0,21,"{""Про-028"": 4.6281, ""Про-029"": 7.9373, ""Про-030"": 6.9931, ""Про-031"": 5.1152, ""Про-032"": 9.8748, ""Про-033"": 6.6685, ""Про-034"": 6.1264, ""Про-035"": 5.4944, ""Про-036"": 5.7838, ""Про-037"": 8.8899, ""Про-038"": 7.5608, ""Про-039"": 8.5275, ""Про-040"": 8.0472, ""Про-041"": 8.8541, ""Про-042"": 9.5813, ""Про-043"": 9.1664, ""Про-044"": 8.9467, ""Про-045"": 8.7677, ""Про-046"": 9.0521, ""Про-047"": 13.4899, ""Про-048"": 11.847}",True
w353054609,Главная улица,67,3,40.7,4.9633,Про-028,Главная улица,4.9633,0.0,21,"{""Про-028"": 4.9633, ""Про-029"": 7.6022, ""Про-030"": 6.658, ""Про-031"": 5.4504, ""Про-032"": 9.6707, ""Про-033"": 6.3334, ""Про-034"": 5.7913, ""Про-035"": 5.7913, ""Про-036"": 5.7913, ""Про-037"": 8.5548, ""Про-038"": 7.2256, ""Про-039"": 8.1924, ""Про-040"": 7.712, ""Про-041"": 8.519, ""Про-042"": 9.3772, ""Про-043"": 8.8312, ""Про-044"": 8.6115, ""Про-045"": 8.4325, ""Про-046"": 8.717, ""Про-047"": 13.1547, ""Про-048"": 11.5119}",True
w353046241,Главная улица,69,3,21.9,4.9633,Про-028,Главная улица,4.9633,0.0,21,"{""Про-028"": 4.9633, ""Про-029"": 7.6022, ""Про-030"": 6.658, ""Про-031"": 5.4504, ""Про-032"": 9.6707, ""Про-033"": 6.3334, ""Про-034"": 5.7913, ""Про-035"": 5.7913, ""Про-036"": 5.7913, ""Про-037"": 8.5548, ""Про-038"": 7.2256, ""Про-039"": 8.1924, ""Про-040"": 7.712, ""Про-041"": 8.519, ""Про-042"": 9.3772, ""Про-043"": 8.8312, ""Про-044"": 8.6115, ""Про-045"": 8.4325, ""Про-046"": 8.717, ""Про-047"": 13.1547, ""Про-048"": 11.5119}",True
w353042928,Главная улица,70,3,31.8,4.9633,Про-028,Главная улица,4.9633,0.0,21,"{""Про-028"": 4.9633, ""Про-029"": 7.6022, ""Про-030"": 6.658, ""Про-031"": 5.4504, ""Про-032"": 9.6707, ""Про-033"": 6.3334, ""Про-034"": 5.7913, ""Про-035"": 5.7913, ""Про-036"": 5.7913, ""Про-037"": 8.5548, ""Про-038"": 7.2256, ""Про-039"": 8.1924, ""Про-040"": 7.712, ""Про-041"": 8.519, ""Про-042"": 9.3772, ""Про-043"": 8.8312, ""Про-044"": 8.6115, ""Про-045"": 8.4325, ""Про-046"": 8.717, ""Про-047"": 13.1547, ""Про-048"": 11.5119}",True
w353042927,Главная улица,72,3,20.0,4.9633,Про-028,Главная улица,4.9633,0.0,21,"{""Про-028"": 4.9633, ""Про-029"": 7.6022, ""Про-030"": 6.658, ""Про-031"": 5.4504, ""Про-032"": 9.6707, ""Про-033"": 6.3334, ""Про-034"": 5.7913, ""Про-035"": 5.7913, ""Про-036"": 5.7913, ""Про-037"": 8.5548, ""Про-038"": 7.2256, ""Про-039"": 8.1924, ""Про-040"": 7.712, ""Про-041"": 8.519, ""Про-042"": 9.3772, ""Про-043"": 8.8312, ""Про-044"": 8.6115, ""Про-045"": 8.4325, ""Про-046"": 8.717, ""Про-047"": 13.1547, ""Про-048"": 11.5119}",True
w353042925,Главная улица,74,3,19.5,4.9633,Про-028,Главная улица,4.9633,0.0,21,"{""Про-028"": 4.9633, ""Про-029"": 7.6022, ""Про-030"": 6.658, ""Про-031"": 5.4504, ""Про-032"": 9.6707, ""Про-033"": 6.3334, ""Про-034"": 5.7913, ""Про-035"": 5.7913, ""Про-036"": 5.7913, ""Про-037"": 8.5548, ""Про-038"": 7.2256, ""Про-039"": 8.1924, ""Про-040"": 7.712, ""Про-041"": 8.519, ""Про-042"": 9.3772, ""Про-043"": 8.8312, ""Про-044"": 8.6115, ""Про-045"": 8.4325, ""Про-046"": 8.717, ""Про-047"": 13.1547, ""Про-048"": 11.5119}",True
w353042924,Главная улица,76,3,31.3,4.9633,Про-028,Главная улица,4.9633,0.0,21,"{""Про-028"": 4.9633, ""Про-029"": 7.6022, ""Про-030"": 6.658, ""Про-031"": 5.4504, ""Про-032"": 9.6707, ""Про-033"": 6.3334, ""Про-034"": 5.7913, ""Про-035"": 5.7913, ""Про-036"": 5.7913, ""Про-037"": 8.5548, ""Про-038"": 7.2256, ""Про-039"": 8.1924, ""Про-040"": 7.712, ""Про-041"": 8.519, ""Про-042"": 9.3772, ""Про-043"": 8.8312, ""Про-044"": 8.6115, ""Про-045"": 8.4325, ""Про-046"": 8.717, ""Про-047"": 13.1547, ""Про-048"": 11.5119}",True
w353046235,Главная улица,77,4,21.1,5.0281,Про-028,Главная улица,5.0281,0.0,21,"{""Про-028"": 5.0281, ""Про-029"": 7.5373, ""Про-030"": 6.5931, ""Про-031"": 5.5153, ""Про-032"": 9.6058, ""Про-033"": 6.2685, ""Про-034"": 5.7264, ""Про-035"": 5.7264, ""Про-036"": 5.7264, ""Про-037"": 8.4899, ""Про-038"": 7.1607, ""Про-039"": 8.1275, ""Про-040"": 7.6472, ""Про-041"": 8.4541, ""Про-042"": 9.3123, ""Про-043"": 8.7664, ""Про-044"": 8.5466, ""Про-045"": 8.3676, ""Про-046"": 8.6521, ""Про-047"": 13.0898, ""Про-048"": 11.447}",True
w353046237,Главная улица,79,4,19.7,5.0516,Про-028,Главная улица,5.0516,0.0,21,"{""Про-028"": 5.0516, ""Про-029"": 7.5423, ""Про-030"": 6.5981, ""Про-031"": 5.5387, ""Про-032"": 9.6108, ""Про-033"": 6.2735, ""Про-034"": 5.7314, ""Про-035"": 5.7314, ""Про-036"": 5.7314, ""Про-037"": 8.4949, ""Про-038"": 7.1657, ""Про-039"": 8.1325, ""Про-040"": 7.6522, ""Про-041"": 8.4591, ""Про-042"": 9.3173, ""Про-043"": 8.7714, ""Про-044"": 8.5516, ""Про-045"": 8.3726, ""Про-046"": 8.6571, ""Про-047"": 13.0664, ""Про-048"": 11.452}",True
w352680191,Главная улица,80,4,35.4,5.0516,Про-028,Главная улица,5.0516,0.0,21,"{""Про-028"": 5.0516, ""Про-029"": 7.5423, ""Про-030"": 6.5981, ""Про-031"": 5.5387, ""Про-032"": 9.6108, ""Про-033"": 6.2735, ""Про-034"": 5.7314, ""Про-035"": 5.7314, ""Про-036"": 5.7314, ""Про-037"": 8.4949, ""Про-038"": 7.1657, ""Про-039"": 8.1325, ""Про-040"": 7.6522, ""Про-041"": 8.4591, ""Про-042"": 9.3173, ""Про-043"": 8.7714, ""Про-044"": 8.5516, ""Про-045"": 8.3726, ""Про-046"": 8.6571, ""Про-047"": 13.0664, ""Про-048"": 11.452}",True
w353258566,Главная улица,81,4,40.4,5.0516,Про-028,Главная улица,5.0516,0.0,21,"{""Про-028"": 5.0516, ""Про-029"": 7.5423, ""Про-030"": 6.5981, ""Про-031"": 5.5387, ""Про-032"": 9.6108, ""Про-033"": 6.2735, ""Про-034"": 5.7314, ""Про-035"": 5.7314, ""Про-036"": 5.7314, ""Про-037"": 8.4949, ""Про-038"": 7.1657, ""Про-039"": 8.1325, ""Про-040"": 7.6522, ""Про-041"": 8.4591, ""Про-042"": 9.3173, ""Про-043"": 8.7714, ""Про-044"": 8.5516, ""Про-045"": 8.3726, ""Про-046"": 8.6571, ""Про-047"": 13.0664, ""Про-048"": 11.452}",True
w352736528,Главная улица,82,4,42.3,5.1325,Про-028,Главная улица,5.1325,0.0,21,"{""Про-028"": 5.1325, ""Про-029"": 7.6232, ""Про-030"": 6.679, ""Про-031"": 5.6196, ""Про-032"": 9.6918, ""Про-033"": 6.3544, ""Про-034"": 5.8123, ""Про-035"": 5.8123, ""Про-036"": 5.8123, ""Про-037"": 8.5758, ""Про-038"": 7.2466, ""Про-039"": 8.2134, ""Про-040"": 7.7331, ""Про-041"": 8.54, ""Про-042"": 9.3982, ""Про-043"": 8.8523, ""Про-044"": 8.6326, ""Про-045"": 8.4535, ""Про-046"": 8.738, ""Про-047"": 12.9855, ""Про-048"": 11.5329}",True
w352736532,Главная улица,84,4,17.6,5.1325,Про-028,Главная улица,5.1325,0.0,21,"{""Про-028"": 5.1325, ""Про-029"": 7.6232, ""Про-030"": 6.679, ""Про-031"": 5.6196, ""Про-032"": 9.6918, ""Про-033"": 6.3544, ""Про-034"": 5.8123, ""Про-035"": 5.8123, ""Про-036"": 5.8123, ""Про-037"": 8.5758, ""Про-038"": 7.2466, ""Про-039"": 8.2134, ""Про-040"": 7.7331, ""Про-041"": 8.54, ""Про-042"": 9.3982, ""Про-043"": 8.8523, ""Про-044"": 8.6326, ""Про-045"": 8.4535, ""Про-046"": 8.738, ""Про-047"": 12.9855, ""Про-048"": 11.5329}",True
w352736531,Главная улица,86,4,18.7,5.1325,Про-028,Главная улица,5.1325,0.0,21,"{""Про-028"": 5.1325, ""Про-029"": 7.6232, ""Про-030"": 6.679, ""Про-031"": 5.6196, ""Про-032"": 9.6918, ""Про-033"": 6.3544, ""Про-034"": 5.8123, ""Про-035"": 5.8123, ""Про-036"": 5.8123, ""Про-037"": 8.5758, ""Про-038"": 7.2466, ""Про-039"": 8.2134, ""Про-040"": 7.7331, ""Про-041"": 8.54, ""Про-042"": 9.3982, ""Про-043"": 8.8523, ""Про-044"": 8.6326, ""Про-045"": 8.4535, ""Про-046"": 8.738, ""Про-047"": 12.9855, ""Про-048"": 11.5329}",True
w352736530,Главная улица,88,4,29.9,5.1325,Про-028,Главная улица,5.1325,0.0,21,"{""Про-028"": 5.1325, ""Про-029"": 7.6232, ""Про-030"": 6.679, ""Про-031"": 5.6196, ""Про-032"": 9.6918, ""Про-033"": 6.3544, ""Про-034"": 5.8123, ""Про-035"": 5.8123, ""Про-036"": 5.8123, ""Про-037"": 8.5758, ""Про-038"": 7.2466, ""Про-039"": 8.2134, ""Про-040"": 7.7331, ""Про-041"": 8.54, ""Про-042"": 9.3982, ""Про-043"": 8.8523, ""Про-044"": 8.6326, ""Про-045"": 8.4535, ""Про-046"": 8.738, ""Про-047"": 12.9855, ""Про-048"": 11.5329}",True
w353258939,Главная улица,93,4,26.2,5.1977,Про-028,Главная улица,5.1977,0.0,21,"{""Про-028"": 5.1977, ""Про-029"": 7.6884, ""Про-030"": 6.7442, ""Про-031"": 5.6848, ""Про-032"": 9.7569, ""Про-033"": 6.4196, ""Про-034"": 5.8775, ""Про-035"": 5.8775, ""Про-036"": 5.8775, ""Про-037"": 8.641, ""Про-038"": 7.3118, ""Про-039"": 8.2786, ""Про-040"": 7.7983, ""Про-041"": 8.6052, ""Про-042"": 9.4634, ""Про-043"": 8.9175, ""Про-044"": 8.6977, ""Про-045"": 8.5187, ""Про-046"": 8.8032, ""Про-047"": 12.9203, ""Про-048"": 11.5981}",True
w353043455,Главная улица,96,4,26.5,5.1977,Про-028,Главная улица,5.1977,0.0,21,"{""Про-028"": 5.1977, ""Про-029"": 7.6884, ""Про-030"": 6.7442, ""Про-031"": 5.6848, ""Про-032"": 9.7569, ""Про-033"": 6.4196, ""Про-034"": 5.8775, ""Про-035"": 5.8775, ""Про-036"": 5.8775, ""Про-037"": 8.641, ""Про-038"": 7.3118, ""Про-039"": 8.2786, ""Про-040"": 7.7983, ""Про-041"": 8.6052, ""Про-042"": 9.4634, ""Про-043"": 8.9175, ""Про-044"": 8.6977, ""Про-045"": 8.5187, ""Про-046"": 8.8032, ""Про-047"": 12.9203, ""Про-048"": 11.5981}",True
w353043457,Главная улица,98,4,30.8,5.1977,Про-028,Главная улица,5.1977,0.0,21,"{""Про-028"": 5.1977, ""Про-029"": 7.6884, ""Про-030"": 6.7442, ""Про-031"": 5.6848, ""Про-032"": 9.7569, ""Про-033"": 6.4196, ""Про-034"": 5.8775, ""Про-035"": 5.8775, ""Про-036"": 5.8775, ""Про-037"": 8.641, ""Про-038"": 7.3118, ""Про-039"": 8.2786, ""Про-040"": 7.7983, ""Про-041"": 8.6052, ""Про-042"": 9.4634, ""Про-043"": 8.9175, ""Про-044"": 8.6977, ""Про-045"": 8.5187, ""Про-046"": 8.8032, ""Про-047"": 12.9203, ""Про-048"": 11.5981}",True
n2337951352,Главная улица,111,4,28.7,5.4484,Про-028,Главная улица,5.4484,0.0,21,"{""Про-028"": 5.4484, ""Про-029"": 7.9391, ""Про-030"": 6.9949, ""Про-031"": 5.9355, ""Про-032"": 10.0076, ""Про-033"": 6.6703, ""Про-034"": 6.1282, ""Про-035"": 6.1282, ""Про-036"": 6.1282, ""Про-037"": 8.8917, ""Про-038"": 7.5625, ""Про-039"": 8.5293, ""Про-040"": 8.049, ""Про-041"": 8.8559, ""Про-042"": 9.7141, ""Про-043"": 9.1682, ""Про-044"": 8.9484, ""Про-045"": 8.7694, ""Про-046"": 9.0539, ""Про-047"": 12.6696, ""Про-048"": 11.8488}",True
n2337951349,Главная улица,126,4,14.8,5.4151,Про-028,Главная улица,5.4151,0.0,21,"{""Про-028"": 5.4151, ""Про-029"": 7.9058, ""Про-030"": 6.9616, ""Про-031"": 5.9022, ""Про-032"": 9.9743, ""Про-033"": 6.637, ""Про-034"": 6.0949, ""Про-035"": 6.0949, ""Про-036"": 6.0949, ""Про-037"": 8.8584, ""Про-038"": 7.5292, ""Про-039"": 8.496, ""Про-040"": 8.0157, ""Про-041"": 8.8226, ""Про-042"": 9.6808, ""Про-043"": 9.1349, ""Про-044"": 8.9151, ""Про-045"": 8.7361, ""Про-046"": 9.0206, ""Про-047"": 12.7029, ""Про-048"": 11.8155}",True
n2337948154,Главная улица,157,4,16.3,5.8281,Про-028,Главная улица,5.8281,0.0,21,"{""Про-028"": 5.8281, ""Про-029"": 7.8149, ""Про-030"": 7.3746, ""Про-031"": 6.3152, ""Про-032"": 10.3272, ""Про-033"": 7.05, ""Про-034"": 6.5079, ""Про-035"": 6.5079, ""Про-036"": 6.5079, ""Про-037"": 8.7675, ""Про-038"": 7.7863, ""Про-039"": 8.4051, ""Про-040"": 7.9248, ""Про-041"": 8.7317, ""Про-042"": 10.0337, ""Про-043"": 9.044, ""Про-044"": 8.8242, ""Про-045"": 8.6452, ""Про-046"": 8.9297, ""Про-047"": 12.2899, ""Про-048"": 11.4694}",True
n2337948153,Главная улица,159,4,27.1,5.8742,Про-028,Главная улица,5.8742,0.0,21,"{""Про-028"": 5.8742, ""Про-029"": 7.7688, ""Про-030"": 7.4207, ""Про-031"": 6.3613, ""Про-032"": 10.2811, ""Про-033"": 7.0961, ""Про-034"": 6.554, ""Про-035"": 6.554, ""Про-036"": 6.554, ""Про-037"": 8.7214, ""Про-038"": 7.7401, ""Про-039"": 8.359, ""Про-040"": 7.8787, ""Про-041"": 8.6856, ""Про-042"": 9.9876, ""Про-043"": 8.9978, ""Про-044"": 8.7781, ""Про-045"": 8.5991, ""Про-046"": 8.8836, ""Про-047"": 12.2438, ""Про-048"": 11.4233}",True
n2337948155,Главная улица,168,4,7.8,5.8644,Про-028,Главная улица,5.8644,0.0,21,"{""Про-028"": 5.8644, ""Про-029"": 7.7786, ""Про-030"": 7.4109, ""Про-031"": 6.3515, ""Про-032"": 10.2909, ""Про-033"": 7.0863, ""Про-034"": 6.5442, ""Про-035"": 6.5442, ""Про-036"": 6.5442, ""Про-037"": 8.7312, ""Про-038"": 7.75, ""Про-039"": 8.3688, ""Про-040"": 7.8885, ""Про-041"": 8.6954, ""Про-042"": 9.9974, ""Про-043"": 9.0077, ""Про-044"": 8.7879, ""Про-045"": 8.6089, ""Про-046"": 8.8934, ""Про-047"": 12.2536, ""Про-048"": 11.4331}",True
n2337938412,Главная улица,171,4,18.1,5.9868,Про-028,Главная улица,5.9868,0.0,21,"{""Про-028"": 5.9868, ""Про-029"": 7.6562, ""Про-030"": 7.3298, ""Про-031"": 6.4739, ""Про-032"": 10.1685, ""Про-033"": 7.2087, ""Про-034"": 6.6666, ""Про-035"": 6.6666, ""Про-036"": 6.6666, ""Про-037"": 8.6088, ""Про-038"": 7.6276, ""Про-039"": 8.2464, ""Про-040"": 7.7661, ""Про-041"": 8.573, ""Про-042"": 9.875, ""Про-043"": 8.8853, ""Про-044"": 8.6655, ""Про-045"": 8.4865, ""Про-046"": 8.771, ""Про-047"": 12.1312, ""Про-048"": 11.3107}",True
n4988630634,Главная улица,172,4,10.4,5.8644,Про-028,Главная улица,5.8644,0.0,21,"{""Про-028"": 5.8644, ""Про-029"": 7.7786, ""Про-030"": 7.4109, ""Про-031"": 6.3515, ""Про-032"": 10.2909, ""Про-033"": 7.0863, ""Про-034"": 6.5442, ""Про-035"": 6.5442, ""Про-036"": 6.5442, ""Про-037"": 8.7312, ""Про-038"": 7.75, ""Про-039"": 8.3688, ""Про-040"": 7.8885, ""Про-041"": 8.6954, ""Про-042"": 9.9974, ""Про-043"": 9.0077, ""Про-044"": 8.7879, ""Про-045"": 8.6089, ""Про-046"": 8.8934, ""Про-047"": 12.2536, ""Про-048"": 11.4331}",True
n2337934503,Главная улица,175,4,19.9,6.8565,Про-028,Главная улица,6.8565,0.0,21,"{""Про-028"": 6.8565, ""Про-029"": 8.2671, ""Про-030"": 7.9406, ""Про-031"": 7.2486, ""Про-032"": 10.7794, ""Про-033"": 7.8505, ""Про-034"": 7.3084, ""Про-035"": 7.3084, ""Про-036"": 7.3084, ""Про-037"": 9.2197, ""Про-038"": 8.2384, ""Про-039"": 8.8573, ""Про-040"": 8.377, ""Про-041"": 9.1839, ""Про-042"": 10.4859, ""Про-043"": 9.4961, ""Про-044"": 9.2764, ""Про-045"": 9.0974, ""Про-046"": 9.3819, ""Про-047"": 11.2615, ""Про-048"": 11.5198}",True
n2337938413,Главная улица,178,4,15.0,5.9602,Про-028,Главная улица,5.9602,0.0,21,"{""Про-028"": 5.9602, ""Про-029"": 7.6828, ""Про-030"": 7.3563, ""Про-031"": 6.4473, ""Про-032"": 10.1951, ""Про-033"": 7.1821, ""Про-034"": 6.64, ""Про-035"": 6.64, ""Про-036"": 6.64, ""Про-037"": 8.6354, ""Про-038"": 7.6542, ""Про-039"": 8.273, ""Про-040"": 7.7927, ""Про-041"": 8.5996, ""Про-042"": 9.9016, ""Про-043"": 8.9119, ""Про-044"": 8.6921, ""Про-045"": 8.5131, ""Про-046"": 8.7976, ""Про-047"": 12.1578, ""Про-048"": 11.3373}",True
n2337934511,Главная улица,180,4,13.8,6.0061,Про-028,Главная улица,6.0061,0.0,21,"{""Про-028"": 6.0061, ""Про-029"": 7.6755, ""Про-030"": 7.3491, ""Про-031"": 6.4932, ""Про-032"": 10.1878, ""Про-033"": 7.228, ""Про-034"": 6.6859, ""Про-035"": 6.6859, ""Про-036"": 6.6859, ""Про-037"": 8.6281, ""Про-038"": 7.6469, ""Про-039"": 8.2657, ""Про-040"": 7.7854, ""Про-041"": 8.5923, ""Про-042"": 9.8943, ""Про-043"": 8.9046, ""Про-044"": 8.6848, ""Про-045"": 8.5058, ""Про-046"": 8.7903, ""Про-047"": 12.1119, ""Про-048"": 11.33}",True
n2337934510,Главная улица,189,4,27.7,6.1569,Про-028,Главная улица,6.1569,0.0,21,"{""Про-028"": 6.1569, ""Про-029"": 7.8263, ""Про-030"": 7.4999, ""Про-031"": 6.644, ""Про-032"": 10.3386, ""Про-033"": 7.3788, ""Про-034"": 6.8367, ""Про-035"": 6.8367, ""Про-036"": 6.8367, ""Про-037"": 8.7789, ""Про-038"": 7.7977, ""Про-039"": 8.4165, ""Про-040"": 7.9362, ""Про-041"": 8.7431, ""Про-042"": 10.0451, ""Про-043"": 9.0554, ""Про-044"": 8.8356, ""Про-045"": 8.6566, ""Про-046"": 8.9411, ""Про-047"": 11.9611, ""Про-048"": 11.4808}",True
n2337934509,Главная улица,195,4,20.0,6.2276,Про-028,Главная улица,6.2276,0.0,21,"{""Про-028"": 6.2276, ""Про-029"": 7.897, ""Про-030"": 7.5705, ""Про-031"": 6.7147, ""Про-032"": 10.4093, ""Про-033"": 7.4495, ""Про-034"": 6.9074, ""Про-035"": 6.9074, ""Про-036"": 6.9074, ""Про-037"": 8.8496, ""Про-038"": 7.8684, ""Про-039"": 8.4872, ""Про-040"": 8.0069, ""Про-041"": 8.8138, ""Про-042"": 10.1158, ""Про-043"": 9.1261, ""Про-044"": 8.9063, ""Про-045"": 8.7273, ""Про-046"": 9.0118, ""Про-047"": 11.9562, ""Про-048"": 11.5515}",True
n2337934499,Главная улица,200,4,11.9,6.8579,Про-028,Главная улица,6.8579,0.0,21,"{""Про-028"": 6.8579, ""Про-029"": 8.225, ""Про-030"": 7.8986, ""Про-031"": 7.2066, ""Про-032"": 10.7374, ""Про-033"": 7.8085, ""Про-034"": 7.2664, ""Про-035"": 7.2664, ""Про-036"": 7.2664, ""Про-037"": 9.1776, ""Про-038"": 8.1964, ""Про-039"": 8.8152, ""Про-040"": 8.3349, ""Про-041"": 9.1418, ""Про-042"": 10.4438, ""Про-043"": 9.4541, ""Про-044"": 9.2344, ""Про-045"": 9.0554, ""Про-046"": 9.3399, ""Про-047"": 11.3035, ""Про-048"": 11.4778}",True
n5108197333,Главная улица,201,4,49.7,6.2507,Про-028,Главная улица,6.2507,0.0,21,"{""Про-028"": 6.2507, ""Про-029"": 7.9201, ""Про-030"": 7.5937, ""Про-031"": 6.7378, ""Про-032"": 10.4324, ""Про-033"": 7.4726, ""Про-034"": 6.9305, ""Про-035"": 6.9305, ""Про-036"": 6.9305, ""Про-037"": 8.8727, ""Про-038"": 7.8915, ""Про-039"": 8.5103, ""Про-040"": 8.03, ""Про-041"": 8.8369, ""Про-042"": 10.1389, ""Про-043"": 9.1492, ""Про-044"": 8.9294, ""Про-045"": 8.7504, ""Про-046"": 9.0349, ""Про-047"": 11.8673, ""Про-048"": 11.5746}",True
n5108197536,Главная улица,204,4,51.8,6.3935,Про-028,Главная улица,6.3935,0.0,21,"{""Про-028"": 6.3935, ""Про-029"": 8.0629, ""Про-030"": 7.7365, ""Про-031"": 6.8806, ""Про-032"": 10.5752, ""Про-033"": 7.6154, ""Про-034"": 7.0733, ""Про-035"": 7.0733, ""Про-036"": 7.0733, ""Про-037"": 9.0155, ""Про-038"": 8.0343, ""Про-039"": 8.6531, ""Про-040"": 8.1728, ""Про-041"": 8.9797, ""Про-042"": 10.2817, ""Про-043"": 9.292, ""Про-044"": 9.0722, ""Про-045"": 8.8932, ""Про-046"": 9.1777, ""Про-047"": 11.7245, ""Про-048"": 11.7174}",True
n2337934508,Главная улица,238,4,23.8,5.9313,Про-028,Главная улица,5.9313,0.0,21,"{""Про-028"": 5.9313, ""Про-029"": 7.7117, ""Про-030"": 7.3853, ""Про-031"": 6.4184, ""Про-032"": 10.224, ""Про-033"": 7.1532, ""Про-034"": 6.6111, ""Про-035"": 6.6111, ""Про-036"": 6.6111, ""Про-037"": 8.6643, ""Про-038"": 7.6831, ""Про-039"": 8.3019, ""Про-040"": 7.8216, ""Про-041"": 8.6285, ""Про-042"": 9.9305, ""Про-043"": 8.9408, ""Про-044"": 8.7211, ""Про-045"": 8.542, ""Про-046"": 8.8265, ""Про-047"": 12.1867, ""Про-048"": 11.3662}",True
n2337934504,Главная улица,263,4,36.8,6.8565,Про-028,Главная улица,6.8565,0.0,21,"{""Про-028"": 6.8565, ""Про-029"": 8.2671, ""Про-030"": 7.9406, ""Про-031"": 7.2486, ""Про-032"": 10.7794, ""Про-033"": 7.8505, ""Про-034"": 7.3084, ""Про-035"": 7.3084, ""Про-036"": 7.3084, ""Про-037"": 9.2197, ""Про-038"": 8.2384, ""Про-039"": 8.8573, ""Про-040"": 8.377, ""Про-041"": 9.1839, ""Про-042"": 10.4859, ""Про-043"": 9.4961, ""Про-044"": 9.2764, ""Про-045"": 9.0974, ""Про-046"": 9.3819, ""Про-047"": 11.2615, ""Про-048"": 11.5198}",True
w353054733,Главный переулок,1,4,12.7,5.0872,Про-028,Главная улица,5.0872,0.0,21,"{""Про-028"": 5.0872, ""Про-029"": 7.6177, ""Про-030"": 6.6735, ""Про-031"": 5.5744, ""Про-032"": 9.6862, ""Про-033"": 6.3489, ""Про-034"": 5.8068, ""Про-035"": 5.8068, ""Про-036"": 5.8068, ""Про-037"": 8.5703, ""Про-038"": 7.2411, ""Про-039"": 8.2079, ""Про-040"": 7.7276, ""Про-041"": 8.5345, ""Про-042"": 9.3927, ""Про-043"": 8.8467, ""Про-044"": 8.627, ""Про-045"": 8.448, ""Про-046"": 8.7325, ""Про-047"": 13.1702, ""Про-048"": 11.5274}",True
w353046234,Главный переулок,2,4,26.9,5.0872,Про-028,Главная улица,5.0872,0.0,21,"{""Про-028"": 5.0872, ""Про-029"": 7.6177, ""Про-030"": 6.6735, ""Про-031"": 5.5744, ""Про-032"": 9.6862, ""Про-033"": 6.3489, ""Про-034"": 5.8068, ""Про-035"": 5.8068, ""Про-036"": 5.8068, ""Про-037"": 8.5703, ""Про-038"": 7.2411, ""Про-039"": 8.2079, ""Про-040"": 7.7276, ""Про-041"": 8.5345, ""Про-042"": 9.3927, ""Про-043"": 8.8467, ""Про-044"": 8.627, ""Про-045"": 8.448, ""Про-046"": 8.7325, ""Про-047"": 13.1702, ""Про-048"": 11.5274}",True
w353054734,Главный переулок,3,4,34.7,5.0872,Про-028,Главная улица,5.0872,0.0,21,"{""Про-028"": 5.0872, ""Про-029"": 7.6177, ""Про-030"": 6.6735, ""Про-031"": 5.5744, ""Про-032"": 9.6862, ""Про-033"": 6.3489, ""Про-034"": 5.8068, ""Про-035"": 5.8068, ""Про-036"": 5.8068, ""Про-037"": 8.5703, ""Про-038"": 7.2411, ""Про-039"": 8.2079, ""Про-040"": 7.7276, ""Про-041"": 8.5345, ""Про-042"": 9.3927, ""Про-043"": 8.8467, ""Про-044"": 8.627, ""Про-045"": 8.448, ""Про-046"": 8.7325, ""Про-047"": 13.1702, ""Про-048"": 11.5274}",True
w353143172,Главный переулок,4,4,29.0,5.1568,Про-028,Главная улица,5.1568,0.0,21,"{""Про-028"": 5.1568, ""Про-029"": 7.6873, ""Про-030"": 6.7431, ""Про-031"": 5.644, ""Про-032"": 9.7558, ""Про-033"": 6.4185, ""Про-034"": 5.8763, ""Про-035"": 5.8763, ""Про-036"": 5.8763, ""Про-037"": 8.6399, ""Про-038"": 7.3107, ""Про-039"": 8.2774, ""Про-040"": 7.7971, ""Про-041"": 8.604, ""Про-042"": 9.4623, ""Про-043"": 8.9163, ""Про-044"": 8.6966, ""Про-045"": 8.5176, ""Про-046"": 8.8021, ""Про-047"": 13.2398, ""Про-048"": 11.597}",True
w353143173,Главный переулок,5,4,16.8,5.1568,Про-028,Главная улица,5.1568,0.0,21,"{""Про-028"": 5.1568, ""Про-029"": 7.6873, ""Про-030"": 6.7431, ""Про-031"": 5.644, ""Про-032"": 9.7558, ""Про-033"": 6.4185, ""Про-034"": 5.8763, ""Про-035"": 5.8763, ""Про-036"": 5.8763, ""Про-037"": 8.6399, ""Про-038"": 7.3107, ""Про-039"": 8.2774, ""Про-040"": 7.7971, ""Про-041"": 8.604, ""Про-042"": 9.4623, ""Про-043"": 8.9163, ""Про-044"": 8.6966, ""Про-045"": 8.5176, ""Про-046"": 8.8021, ""Про-047"": 13.2398, ""Про-048"": 11.597}",True
w353143627,Главный переулок,6,4,30.8,5.1568,Про-028,Главная улица,5.1568,0.0,21,"{""Про-028"": 5.1568, ""Про-029"": 7.6873, ""Про-030"": 6.7431, ""Про-031"": 5.644, ""Про-032"": 9.7558, ""Про-033"": 6.4185, ""Про-034"": 5.8763, ""Про-035"": 5.8763, ""Про-036"": 5.8763, ""Про-037"": 8.6399, ""Про-038"": 7.3107, ""Про-039"": 8.2774, ""Про-040"": 7.7971, ""Про-041"": 8.604, ""Про-042"": 9.4623, ""Про-043"": 8.9163, ""Про-044"": 8.6966, ""Про-045"": 8.5176, ""Про-046"": 8.8021, ""Про-047"": 13.2398, ""Про-048"": 11.597}",True
w353143544,Главный переулок,7,4,33.3,5.1568,Про-028,Главная улица,5.1568,0.0,21,"{""Про-028"": 5.1568, ""Про-029"": 7.6873, ""Про-030"": 6.7431, ""Про-031"": 5.644, ""Про-032"": 9.7558, ""Про-033"": 6.4185, ""Про-034"": 5.8763, ""Про-035"": 5.8763, ""Про-036"": 5.8763, ""Про-037"": 8.6399, ""Про-038"": 7.3107, ""Про-039"": 8.2774, ""Про-040"": 7.7971, ""Про-041"": 8.604, ""Про-042"": 9.4623, ""Про-043"": 8.9163, ""Про-044"": 8.6966, ""Про-045"": 8.5176, ""Про-046"": 8.8021, ""Про-047"": 13.2398, ""Про-048"": 11.597}",True
n2337985527,Комсомольская улица,1,3,23.0,4.6258,Про-028,Главная улица,4.647,0.0212,21,"{""Про-028"": 4.647, ""Про-029"": 8.1231, ""Про-030"": 7.119, ""Про-031"": 4.7701, ""Про-032"": 9.3885, ""Про-033"": 6.6158, ""Про-034"": 6.0737, ""Про-035"": 5.0081, ""Про-036"": 5.2974, ""Про-037"": 8.6003, ""Про-038"": 7.6866, ""Про-039"": 8.7133, ""Про-040"": 8.233, ""Про-041"": 9.0399, ""Про-042"": 9.0949, ""Про-043"": 9.3522, ""Про-044"": 9.1325, ""Про-045"": 8.9534, ""Про-046"": 9.2379, ""Про-047"": 14.1772, ""Про-048"": 12.0328}",True
n2337985520,Комсомольская улица,2,3,25.1,4.5374,Про-028,Главная улица,4.5374,0.0,21,"{""Про-028"": 4.5374, ""Про-029"": 7.9603, ""Про-030"": 6.9561, ""Про-031"": 4.5374, ""Про-032"": 9.2971, ""Про-033"": 6.453, ""Про-034"": 5.9108, ""Про-035"": 4.9166, ""Про-036"": 5.206, ""Про-037"": 8.5089, ""Про-038"": 7.5237, ""Про-039"": 8.5505, ""Про-040"": 8.0702, ""Про-041"": 8.8771, ""Про-042"": 9.0035, ""Про-043"": 9.1894, ""Про-044"": 8.9696, ""Про-045"": 8.7906, ""Про-046"": 9.0751, ""Про-047"": 13.9726, ""Про-048"": 11.87}",True
n2337985521,Комсомольская улица,3,3,27.4,4.5374,Про-028,Главная улица,4.5374,0.0,21,"{""Про-028"": 4.5374, ""Про-029"": 7.9603, ""Про-030"": 6.9561, ""Про-031"": 4.5374, ""Про-032"": 9.2971, ""Про-033"": 6.453, ""Про-034"": 5.9108, ""Про-035"": 4.9166, ""Про-036"": 5.206, ""Про-037"": 8.5089, ""Про-038"": 7.5237, ""Про-039"": 8.5505, ""Про-040"": 8.0702, ""Про-041"": 8.8771, ""Про-042"": 9.0035, ""Про-043"": 9.1894, ""Про-044"": 8.9696, ""Про-045"": 8.7906, ""Про-046"": 9.0751, ""Про-047"": 13.9726, ""Про-048"": 11.87}",True
n2337985506,Комсомольская улица,10,4,17.4,5.1068,Про-028,Главная улица,5.1068,0.0,21,"{""Про-028"": 5.1068, ""Про-029"": 7.3909, ""Про-030"": 6.3868, ""Про-031"": 5.1068, ""Про-032"": 9.2876, ""Про-033"": 5.8836, ""Про-034"": 5.3415, ""Про-035"": 5.3415, ""Про-036"": 5.3415, ""Про-037"": 8.3435, ""Про-038"": 6.9544, ""Про-039"": 7.9811, ""Про-040"": 7.5008, ""Про-041"": 8.3077, ""Про-042"": 8.994, ""Про-043"": 8.62, ""Про-044"": 8.4002, ""Про-045"": 8.2212, ""Про-046"": 8.5057, ""Про-047"": 13.4033, ""Про-048"": 11.3006}",True
n2337985517,Комсомольская улица,14,3,26.5,4.6806,Про-028,Главная улица,4.6806,0.0,21,"{""Про-028"": 4.6806, ""Про-029"": 7.8171, ""Про-030"": 6.8129, ""Про-031"": 4.6806, ""Про-032"": 9.4402, ""Про-033"": 6.3098, ""Про-034"": 5.7677, ""Про-035"": 5.0598, ""Про-036"": 5.3492, ""Про-037"": 8.6521, ""Про-038"": 7.3806, ""Про-039"": 8.4073, ""Про-040"": 7.927, ""Про-041"": 8.7339, ""Про-042"": 9.1467, ""Про-043"": 9.0462, ""Про-044"": 8.8264, ""Про-045"": 8.6474, ""Про-046"": 8.9319, ""Про-047"": 13.8295, ""Про-048"": 11.7268}",True
n2337985516,Комсомольская улица,19,3,14.7,4.6806,Про-028,Главная улица,4.6806,0.0,21,"{""Про-028"": 4.6806, ""Про-029"": 7.8171, ""Про-030"": 6.8129, ""Про-031"": 4.6806, ""Про-032"": 9.4402, ""Про-033"": 6.3098, ""Про-034"": 5.7677, ""Про-035"": 5.0598, ""Про-036"": 5.3492, ""Про-037"": 8.6521, ""Про-038"": 7.3806, ""Про-039"": 8.4073, ""Про-040"": 7.927, ""Про-041"": 8.7339, ""Про-042"": 9.1467, ""Про-043"": 9.0462, ""Про-044"": 8.8264, ""Про-045"": 8.6474, ""Про-046"": 8.9319, ""Про-047"": 13.8295, ""Про-048"": 11.7268}",True
w352325330,Комсомольская улица,20,3,18.8,4.7227,Про-028,Главная улица,4.7227,0.0,21,"{""Про-028"": 4.7227, ""Про-029"": 7.775, ""Про-030"": 6.7709, ""Про-031"": 4.7227, ""Про-032"": 9.4823, ""Про-033"": 6.2677, ""Про-034"": 5.7256, ""Про-035"": 5.1019, ""Про-036"": 5.3913, ""Про-037"": 8.6942, ""Про-038"": 7.3385, ""Про-039"": 8.3652, ""Про-040"": 7.8849, ""Про-041"": 8.6918, ""Про-042"": 9.1888, ""Про-043"": 9.0041, ""Про-044"": 8.7844, ""Про-045"": 8.6053, ""Про-046"": 8.8898, ""Про-047"": 13.7874, ""Про-048"": 11.6847}",True
n2337985514,Комсомольская улица,32,3,58.5,4.8844,Про-028,Главная улица,4.8844,0.0,21,"{""Про-028"": 4.8844, ""Про-029"": 7.6133, ""Про-030"": 6.6091, ""Про-031"": 4.8844, ""Про-032"": 9.5099, ""Про-033"": 6.106, ""Про-034"": 5.5638, ""Про-035"": 5.2636, ""Про-036"": 5.553, ""Про-037"": 8.5659, ""Про-038"": 7.1767, ""Про-039"": 8.2035, ""Про-040"": 7.7232, ""Про-041"": 8.5301, ""Про-042"": 9.2164, ""Про-043"": 8.8424, ""Про-044"": 8.6226, ""Про-045"": 8.4436, ""Про-046"": 8.7281, ""Про-047"": 13.6256, ""Про-048"": 11.523}",True
w352322795,Комсомольская улица,36,3,29.0,4.8844,Про-028,Главная улица,4.8844,0.0,21,"{""Про-028"": 4.8844, ""Про-029"": 7.6133, ""Про-030"": 6.6091, ""Про-031"": 4.8844, ""Про-032"": 9.5099, ""Про-033"": 6.106, ""Про-034"": 5.5638, ""Про-035"": 5.2636, ""Про-036"": 5.553, ""Про-037"": 8.5659, ""Про-038"": 7.1767, ""Про-039"": 8.2035, ""Про-040"": 7.7232, ""Про-041"": 8.5301, ""Про-042"": 9.2164, ""Про-043"": 8.8424, ""Про-044"": 8.6226, ""Про-045"": 8.4436, ""Про-046"": 8.7281, ""Про-047"": 13.6256, ""Про-048"": 11.523}",True
n2337985515,Комсомольская улица,37,3,53.5,4.761,Про-028,Главная улица,4.761,0.0,21,"{""Про-028"": 4.761, ""Про-029"": 7.7367, ""Про-030"": 6.7326, ""Про-031"": 4.761, ""Про-032"": 9.5206, ""Про-033"": 6.2294, ""Про-034"": 5.6873, ""Про-035"": 5.1402, ""Про-036"": 5.4296, ""Про-037"": 8.6893, ""Про-038"": 7.3002, ""Про-039"": 8.3269, ""Про-040"": 7.8466, ""Про-041"": 8.6535, ""Про-042"": 9.2271, ""Про-043"": 8.9658, ""Про-044"": 8.746, ""Про-045"": 8.567, ""Про-046"": 8.8515, ""Про-047"": 13.7491, ""Про-048"": 11.6464}",True
w352631872,Комсомольская улица,53,3,55.4,5.0277,Про-028,Главная улица,5.0277,0.0,21,"{""Про-028"": 5.0277, ""Про-029"": 7.47, ""Про-030"": 6.4658, ""Про-031"": 5.0277, ""Про-032"": 9.3667, ""Про-033"": 5.9627, ""Про-034"": 5.4206, ""Про-035"": 5.4069, ""Про-036"": 5.4206, ""Про-037"": 8.4226, ""Про-038"": 7.0335, ""Про-039"": 8.0602, ""Про-040"": 7.5799, ""Про-041"": 8.3868, ""Про-042"": 9.0731, ""Про-043"": 8.6991, ""Про-044"": 8.4793, ""Про-045"": 8.3003, ""Про-046"": 8.5848, ""Про-047"": 13.4824, ""Про-048"": 11.3797}",True
w352318007,Комсомольская улица,60,4,20.1,5.124,Про-028,Главная улица,5.124,0.0,21,"{""Про-028"": 5.124, ""Про-029"": 7.3737, ""Про-030"": 6.3695, ""Про-031"": 5.124, ""Про-032"": 9.2704, ""Про-033"": 5.8664, ""Про-034"": 5.3243, ""Про-035"": 5.3243, ""Про-036"": 5.3243, ""Про-037"": 8.3263, ""Про-038"": 6.9372, ""Про-039"": 7.9639, ""Про-040"": 7.4836, ""Про-041"": 8.2905, ""Про-042"": 8.9768, ""Про-043"": 8.6028, ""Про-044"": 8.383, ""Про-045"": 8.204, ""Про-046"": 8.4885, ""Про-047"": 13.3861, ""Про-048"": 11.2834}",True
w352161718,Комсомольская улица,62,3,24.0,5.124,Про-028,Главная улица,5.124,0.0,21,"{""Про-028"": 5.124, ""Про-029"": 7.3737, ""Про-030"": 6.3695, ""Про-031"": 5.124, ""Про-032"": 9.2704, ""Про-033"": 5.8664, ""Про-034"": 5.3243, ""Про-035"": 5.3243, ""Про-036"": 5.3243, ""Про-037"": 8.3263, ""Про-038"": 6.9372, ""Про-039"": 7.9639, ""Про-040"": 7.4836, ""Про-041"": 8.2905, ""Про-042"": 8.9768, ""Про-043"": 8.6028, ""Про-044"": 8.383, ""Про-045"": 8.204, ""Про-046"": 8.4885, ""Про-047"": 13.3861, ""Про-048"": 11.2834}",True
w352161716,Комсомольская улица,64,3,22.0,5.1943,Про-028,Главная улица,5.1943,0.0,21,"{""Про-028"": 5.1943, ""Про-029"": 7.3035, ""Про-030"": 6.2993, ""Про-031"": 5.1943, ""Про-032"": 9.2001, ""Про-033"": 5.7961, ""Про-034"": 5.254, ""Про-035"": 5.254, ""Про-036"": 5.254, ""Про-037"": 8.2561, ""Про-038"": 6.8669, ""Про-039"": 7.8937, ""Про-040"": 7.4134, ""Про-041"": 8.2203, ""Про-042"": 8.9066, ""Про-043"": 8.5325, ""Про-044"": 8.3128, ""Про-045"": 8.1338, ""Про-046"": 8.4183, ""Про-047"": 13.3158, ""Про-048"": 11.2132}",True
n2337985508,Комсомольская улица,65,4,43.4,5.0277,Про-028,Главная улица,5.0277,0.0,21,"{""Про-028"": 5.0277, ""Про-029"": 7.47, ""Про-030"": 6.4658, ""Про-031"": 5.0277, ""Про-032"": 9.3667, ""Про-033"": 5.9627, ""Про-034"": 5.4206, ""Про-035"": 5.4069, ""Про-036"": 5.4206, ""Про-037"": 8.4226, ""Про-038"": 7.0335, ""Про-039"": 8.0602, ""Про-040"": 7.5799, ""Про-041"": 8.3868, ""Про-042"": 9.0731, ""Про-043"": 8.6991, ""Про-044"": 8.4793, ""Про-045"": 8.3003, ""Про-046"": 8.5848, ""Про-047"": 13.4824, ""Про-048"": 11.3797}",True
w352630240,Комсомольская улица,71,3,11.1,5.1585,Про-028,Главная улица,5.1585,0.0,21,"{""Про-028"": 5.1585, ""Про-029"": 7.3393, ""Про-030"": 6.3351, ""Про-031"": 5.1585, ""Про-032"": 9.2359, ""Про-033"": 5.8319, ""Про-034"": 5.2898, ""Про-035"": 5.2898, ""Про-036"": 5.2898, ""Про-037"": 8.2919, ""Про-038"": 6.9027, ""Про-039"": 7.9294, ""Про-040"": 7.4491, ""Про-041"": 8.256, ""Про-042"": 8.9424, ""Про-043"": 8.5683, ""Про-044"": 8.3486, ""Про-045"": 8.1696, ""Про-046"": 8.4541, ""Про-047"": 13.3516, ""Про-048"": 11.249}",True
n2337964966,Комсомольский переулок,1,4,18.8,5.5113,Про-028,Главная улица,5.5113,0.0,21,"{""Про-028"": 5.5113, ""Про-029"": 7.3819, ""Про-030"": 6.4377, ""Про-031"": 5.5113, ""Про-032"": 9.4505, ""Про-033"": 6.1131, ""Про-034"": 5.571, ""Про-035"": 5.571, ""Про-036"": 5.571, ""Про-037"": 8.3345, ""Про-038"": 7.0054, ""Про-039"": 7.9721, ""Про-040"": 7.4918, ""Про-041"": 8.2987, ""Про-042"": 9.1569, ""Про-043"": 8.611, ""Про-044"": 8.3913, ""Про-045"": 8.2123, ""Про-046"": 8.4967, ""Про-047"": 13.391, ""Про-048"": 11.2916}",True
w352628940,Комсомольский переулок,1,4,22.0,5.3489,Про-028,Главная улица,5.3489,0.0,21,"{""Про-028"": 5.3489, ""Про-029"": 7.2196, ""Про-030"": 6.2754, ""Про-031"": 5.3489, ""Про-032"": 9.2881, ""Про-033"": 5.9507, ""Про-034"": 5.4086, ""Про-035"": 5.4086, ""Про-036"": 5.4086, ""Про-037"": 8.1722, ""Про-038"": 6.843, ""Про-039"": 7.8097, ""Про-040"": 7.3294, ""Про-041"": 8.1363, ""Про-042"": 8.9945, ""Про-043"": 8.4486, ""Про-044"": 8.2289, ""Про-045"": 8.0499, ""Про-046"": 8.3344, ""Про-047"": 13.2286, ""Про-048"": 11.1293}",True
n2337964967,Комсомольский переулок,2,4,10.1,5.5289,Про-028,Главная улица,5.5289,0.0,21,"{""Про-028"": 5.5289, ""Про-029"": 7.3996, ""Про-030"": 6.4554, ""Про-031"": 5.5289, ""Про-032"": 9.4681, ""Про-033"": 6.1308, ""Про-034"": 5.5887, ""Про-035"": 5.5887, ""Про-036"": 5.5887, ""Про-037"": 8.3522, ""Про-038"": 7.023, ""Про-039"": 7.9898, ""Про-040"": 7.5095, ""Про-041"": 8.3164, ""Про-042"": 9.1746, ""Про-043"": 8.6287, ""Про-044"": 8.4089, ""Про-045"": 8.2299, ""Про-046"": 8.5144, ""Про-047"": 13.4087, ""Про-048"": 11.3093}",True
n2337964968,Комсомольский переулок,4,4,22.8,5.5113,Про-028,Главная улица,5.5113,0.0,21,"{""Про-028"": 5.5113, ""Про-029"": 7.3819, ""Про-030"": 6.4377, ""Про-031"": 5.5113, ""Про-032"": 9.4505, ""Про-033"": 6.1131, ""Про-034"": 5.571, ""Про-035"": 5.571, ""Про-036"": 5.571, ""Про-037"": 8.3345, ""Про-038"": 7.0054, ""Про-039"": 7.9721, ""Про-040"": 7.4918, ""Про-041"": 8.2987, ""Про-042"": 9.1569, ""Про-043"": 8.611, ""Про-044"": 8.3913, ""Про-045"": 8.2123, ""Про-046"": 8.4967, ""Про-047"": 13.391, ""Про-048"": 11.2916}",True
n2337964969,Комсомольский переулок,8,4,13.9,5.4373,Про-028,Главная улица,5.4373,0.0,21,"{""Про-028"": 5.4373, ""Про-029"": 7.308, ""Про-030"": 6.3638, ""Про-031"": 5.4373, ""Про-032"": 9.3765, ""Про-033"": 6.0392, ""Про-034"": 5.4971, ""Про-035"": 5.4971, ""Про-036"": 5.4971, ""Про-037"": 8.2606, ""Про-038"": 6.9314, ""Про-039"": 7.8982, ""Про-040"": 7.4179, ""Про-041"": 8.2248, ""Про-042"": 9.083, ""Про-043"": 8.537, ""Про-044"": 8.3173, ""Про-045"": 8.1383, ""Про-046"": 8.4228, ""Про-047"": 13.3171, ""Про-048"": 11.2177}",True
n2337964965,Комсомольский переулок,9,4,24.6,5.3806,Про-028,Главная улица,5.3806,0.0,21,"{""Про-028"": 5.3806, ""Про-029"": 7.2513, ""Про-030"": 6.3071, ""Про-031"": 5.3806, ""Про-032"": 9.3198, ""Про-033"": 5.9825, ""Про-034"": 5.4404, ""Про-035"": 5.4404, ""Про-036"": 5.4404, ""Про-037"": 8.2039, ""Про-038"": 6.8747, ""Про-039"": 7.8415, ""Про-040"": 7.3612, ""Про-041"": 8.1681, ""Про-042"": 9.0263, ""Про-043"": 8.4804, ""Про-044"": 8.2606, ""Про-045"": 8.0816, ""Про-046"": 8.3661, ""Про-047"": 13.2604, ""Про-048"": 11.161}",True
n2337964964,Комсомольский переулок,13,4,33.2,5.3806,Про-028,Главная улица,5.3806,0.0,21,"{""Про-028"": 5.3806, ""Про-029"": 7.2513, ""Про-030"": 6.3071, ""Про-031"": 5.3806, ""Про-032"": 9.3198, ""Про-033"": 5.9825, ""Про-034"": 5.4404, ""Про-035"": 5.4404, ""Про-036"": 5.4404, ""Про-037"": 8.2039, ""Про-038"": 6.8747, ""Про-039"": 7.8415, ""Про-040"": 7.3612, ""Про-041"": 8.1681, ""Про-042"": 9.0263, ""Про-043"": 8.4804, ""Про-044"": 8.2606, ""Про-045"": 8.0816, ""Про-046"": 8.3661, ""Про-047"": 13.2604, ""Про-048"": 11.161}",True
n2337934500,Лесовая улица,1,4,35.0,6.8579,Про-028,Главная улица,6.8579,0.0,21,"{""Про-028"": 6.8579, ""Про-029"": 8.225, ""Про-030"": 7.8986, ""Про-031"": 7.2066, ""Про-032"": 10.7374, ""Про-033"": 7.8085, ""Про-034"": 7.2664, ""Про-035"": 7.2664, ""Про-036"": 7.2664, ""Про-037"": 9.1776, ""Про-038"": 8.1964, ""Про-039"": 8.8152, ""Про-040"": 8.3349, ""Про-041"": 9.1418, ""Про-042"": 10.4438, ""Про-043"": 9.4541, ""Про-044"": 9.2344, ""Про-045"": 9.0554, ""Про-046"": 9.3399, ""Про-047"": 11.3035, ""Про-048"": 11.4778}",True
n2337934501,Лесовая улица,2,4,25.5,6.8823,Про-028,Главная улица,6.8823,0.0,21,"{""Про-028"": 6.8823, ""Про-029"": 8.2007, ""Про-030"": 7.8742, ""Про-031"": 7.1822, ""Про-032"": 10.713, ""Про-033"": 7.7841, ""Про-034"": 7.242, ""Про-035"": 7.242, ""Про-036"": 7.242, ""Про-037"": 9.1533, ""Про-038"": 8.172, ""Про-039"": 8.7909, ""Про-040"": 8.3105, ""Про-041"": 9.1175, ""Про-042"": 10.4194, ""Про-043"": 9.4297, ""Про-044"": 9.21, ""Про-045"": 9.031, ""Про-046"": 9.3155, ""Про-047"": 11.3279, ""Про-048"": 11.4534}",True
n2337929303,Лесовая улица,12,4,19.1,7.0265,Про-028,Главная улица,7.0265,0.0,21,"{""Про-028"": 7.0265, ""Про-029"": 8.3448, ""Про-030"": 8.0184, ""Про-031"": 7.3264, ""Про-032"": 10.8572, ""Про-033"": 7.9283, ""Про-034"": 7.3862, ""Про-035"": 7.3862, ""Про-036"": 7.3862, ""Про-037"": 9.2974, ""Про-038"": 8.3162, ""Про-039"": 8.935, ""Про-040"": 8.4547, ""Про-041"": 9.2616, ""Про-042"": 10.5636, ""Про-043"": 9.5739, ""Про-044"": 9.3542, ""Про-045"": 9.1752, ""Про-046"": 9.4596, ""Про-047"": 11.472, ""Про-048"": 11.3092}",True
n2337929302,Лесовая улица,14,4,22.0,7.0265,Про-028,Главная улица,7.0265,0.0,21,"{""Про-028"": 7.0265, ""Про-029"": 8.3448, ""Про-030"": 8.0184, ""Про-031"": 7.3264, ""Про-032"": 10.8572, ""Про-033"": 7.9283, ""Про-034"": 7.3862, ""Про-035"": 7.3862, ""Про-036"": 7.3862, ""Про-037"": 9.2974, ""Про-038"": 8.3162, ""Про-039"": 8.935, ""Про-040"": 8.4547, ""Про-041"": 9.2616, ""Про-042"": 10.5636, ""Про-043"": 9.5739, ""Про-044"": 9.3542, ""Про-045"": 9.1752, ""Про-046"": 9.4596, ""Про-047"": 11.472, ""Про-048"": 11.3092}",True
w421314032,Лесовая улица,45,4,13.8,7.5504,Про-028,Главная улица,7.5504,0.0,21,"{""Про-028"": 7.5504, ""Про-029"": 8.8688, ""Про-030"": 8.5423, ""Про-031"": 7.8503, ""Про-032"": 10.7827, ""Про-033"": 8.4522, ""Про-034"": 7.9101, ""Про-035"": 7.9101, ""Про-036"": 7.9101, ""Про-037"": 9.8214, ""Про-038"": 8.8401, ""Про-039"": 9.459, ""Про-040"": 8.9787, ""Про-041"": 9.7856, ""Про-042"": 11.0876, ""Про-043"": 10.0978, ""Про-044"": 9.8781, ""Про-045"": 9.6991, ""Про-046"": 9.9836, ""Про-047"": 11.996, ""Про-048"": 10.9492}",True
w421314030,Лесовая улица,47,4,27.6,7.5504,Про-028,Главная улица,7.5504,0.0,21,"{""Про-028"": 7.5504, ""Про-029"": 8.8688, ""Про-030"": 8.5423, ""Про-031"": 7.8503, ""Про-032"": 10.7827, ""Про-033"": 8.4522, ""Про-034"": 7.9101, ""Про-035"": 7.9101, ""Про-036"": 7.9101, ""Про-037"": 9.8214, ""Про-038"": 8.8401, ""Про-039"": 9.459, ""Про-040"": 8.9787, ""Про-041"": 9.7856, ""Про-042"": 11.0876, ""Про-043"": 10.0978, ""Про-044"": 9.8781, ""Про-045"": 9.6991, ""Про-046"": 9.9836, ""Про-047"": 11.996, ""Про-048"": 10.9492}",True
w421314029,Лесовая улица,49,4,46.1,7.5504,Про-028,Главная улица,7.5504,0.0,21,"{""Про-028"": 7.5504, ""Про-029"": 8.8688, ""Про-030"": 8.5423, ""Про-031"": 7.8503, ""Про-032"": 10.7827, ""Про-033"": 8.4522, ""Про-034"": 7.9101, ""Про-035"": 7.9101, ""Про-036"": 7.9101, ""Про-037"": 9.8214, ""Про-038"": 8.8401, ""Про-039"": 9.459, ""Про-040"": 8.9787, ""Про-041"": 9.7856, ""Про-042"": 11.0876, ""Про-043"": 10.0978, ""Про-044"": 9.8781, ""Про-045"": 9.6991, ""Про-046"": 9.9836, ""Про-047"": 11.996, ""Про-048"": 10.9492}",True
w421314028,Лесовая улица,51,4,29.8,7.638,Про-028,Главная улица,7.638,0.0,21,"{""Про-028"": 7.638, ""Про-029"": 8.9564, ""Про-030"": 8.63, ""Про-031"": 7.938, ""Про-032"": 10.6951, ""Про-033"": 8.5398, ""Про-034"": 7.9977, ""Про-035"": 7.9977, ""Про-036"": 7.9977, ""Про-037"": 9.909, ""Про-038"": 8.9278, ""Про-039"": 9.5466, ""Про-040"": 9.0663, ""Про-041"": 9.8732, ""Про-042"": 11.1752, ""Про-043"": 10.1855, ""Про-044"": 9.9657, ""Про-045"": 9.7867, ""Про-046"": 10.0712, ""Про-047"": 11.9119, ""Про-048"": 10.8616}",True
w421314026,Лесовая улица,53,4,23.0,7.638,Про-028,Главная улица,7.638,0.0,21,"{""Про-028"": 7.638, ""Про-029"": 8.9564, ""Про-030"": 8.63, ""Про-031"": 7.938, ""Про-032"": 10.6951, ""Про-033"": 8.5398, ""Про-034"": 7.9977, ""Про-035"": 7.9977, ""Про-036"": 7.9977, ""Про-037"": 9.909, ""Про-038"": 8.9278, ""Про-039"": 9.5466, ""Про-040"": 9.0663, ""Про-041"": 9.8732, ""Про-042"": 11.1752, ""Про-043"": 10.1855, ""Про-044"": 9.9657, ""Про-045"": 9.7867, ""Про-046"": 10.0712, ""Про-047"": 11.9119, ""Про-048"": 10.8616}",True
n2337929295,Лесовая улица,55,4,26.2,7.638,Про-028,Главная улица,7.638,0.0,21,"{""Про-028"": 7.638, ""Про-029"": 8.9564, ""Про-030"": 8.63, ""Про-031"": 7.938, ""Про-032"": 10.6951, ""Про-033"": 8.5398, ""Про-034"": 7.9977, ""Про-035"": 7.9977, ""Про-036"": 7.9977, ""Про-037"": 9.909, ""Про-038"": 8.9278, ""Про-039"": 9.5466, ""Про-040"": 9.0663, ""Про-041"": 9.8732, ""Про-042"": 11.1752, ""Про-043"": 10.1855, ""Про-044"": 9.9657, ""Про-045"": 9.7867, ""Про-046"": 10.0712, ""Про-047"": 11.9119, ""Про-048"": 10.8616}",True
n2337929297,Лесовая улица,58,4,33.1,7.638,Про-028,Главная улица,7.638,0.0,21,"{""Про-028"": 7.638, ""Про-029"": 8.9564, ""Про-030"": 8.63, ""Про-031"": 7.938, ""Про-032"": 10.6951, ""Про-033"": 8.5398, ""Про-034"": 7.9977, ""Про-035"": 7.9977, ""Про-036"": 7.9977, ""Про-037"": 9.909, ""Про-038"": 8.9278, ""Про-039"": 9.5466, ""Про-040"": 9.0663, ""Про-041"": 9.8732, ""Про-042"": 11.1752, ""Про-043"": 10.1855, ""Про-044"": 9.9657, ""Про-045"": 9.7867, ""Про-046"": 10.0712, ""Про-047"": 11.9119, ""Про-048"": 10.8616}",True
w489021267,Лесовая улица,70,4,32.8,7.638,Про-028,Главная улица,7.638,0.0,21,"{""Про-028"": 7.638, ""Про-029"": 8.9564, ""Про-030"": 8.63, ""Про-031"": 7.938, ""Про-032"": 10.6951, ""Про-033"": 8.5398, ""Про-034"": 7.9977, ""Про-035"": 7.9977, ""Про-036"": 7.9977, ""Про-037"": 9.909, ""Про-038"": 8.9278, ""Про-039"": 9.5466, ""Про-040"": 9.0663, ""Про-041"": 9.8732, ""Про-042"": 11.1752, ""Про-043"": 10.1855, ""Про-044"": 9.9657, ""Про-045"": 9.7867, ""Про-046"": 10.0712, ""Про-047"": 11.9119, ""Про-048"": 10.8616}",True
n2337929292,Лесовая улица,80,4,21.0,7.8501,Про-028,Главная улица,7.8501,0.0,21,"{""Про-028"": 7.8501, ""Про-029"": 9.1685, ""Про-030"": 8.8421, ""Про-031"": 8.1501, ""Про-032"": 10.483, ""Про-033"": 8.752, ""Про-034"": 8.2098, ""Про-035"": 8.2098, ""Про-036"": 8.2098, ""Про-037"": 10.1211, ""Про-038"": 9.1399, ""Про-039"": 9.7587, ""Про-040"": 9.2784, ""Про-041"": 10.0853, ""Про-042"": 11.3873, ""Про-043"": 10.3976, ""Про-044"": 10.1778, ""Про-045"": 9.9988, ""Про-046"": 10.2833, ""Про-047"": 12.1185, ""Про-048"": 10.6495}",True
w284637204,Луговая улица,1,4,38.8,5.9553,Про-033,Санаторная улица,5.9553,0.0,21,"{""Про-028"": 6.166, ""Про-029"": 6.335, ""Про-030"": 6.0086, ""Про-031"": 6.166, ""Про-032"": 8.8474, ""Про-033"": 5.9553, ""Про-034"": 6.0322, ""Про-035"": 6.0322, ""Про-036"": 6.0322, ""Про-037"": 7.2876, ""Про-038"": 6.3064, ""Про-039"": 6.9252, ""Про-040"": 6.4449, ""Про-041"": 7.2518, ""Про-042"": 8.5538, ""Про-043"": 7.5641, ""Про-044"": 7.3444, ""Про-045"": 7.1654, ""Про-046"": 7.4498, ""Про-047"": 13.1935, ""Про-048"": 10.2447}",True
w284637205,Луговая улица,3,4,53.2,5.9417,Про-033,Санаторная улица,5.9417,0.0,21,"{""Про-028"": 6.1261, ""Про-029"": 6.3749, ""Про-030"": 5.995, ""Про-031"": 6.1261, ""Про-032"": 8.8872, ""Про-033"": 5.9417, ""Про-034"": 6.0186, ""Про-035"": 6.0186, ""Про-036"": 6.0186, ""Про-037"": 7.3275, ""Про-038"": 6.3463, ""Про-039"": 6.9651, ""Про-040"": 6.4848, ""Про-041"": 7.2917, ""Про-042"": 8.5937, ""Про-043"": 7.604, ""Про-044"": 7.3842, ""Про-045"": 7.2052, ""Про-046"": 7.4897, ""Про-047"": 13.2334, ""Про-048"": 10.2846}",True
w284637255,Луговая улица,9,4,56.9,5.7785,Про-033,Санаторная улица,5.7785,0.0,21,"{""Про-028"": 6.092, ""Про-029"": 6.461, ""Про-030"": 5.8317, ""Про-031"": 6.092, ""Про-032"": 8.8445, ""Про-033"": 5.7785, ""Про-034"": 5.8553, ""Про-035"": 5.8553, ""Про-036"": 5.8553, ""Про-037"": 7.4136, ""Про-038"": 6.2121, ""Про-039"": 7.0512, ""Про-040"": 6.5709, ""Про-041"": 7.3778, ""Про-042"": 8.5509, ""Про-043"": 7.6901, ""Про-044"": 7.4703, ""Про-045"": 7.2913, ""Про-046"": 7.5758, ""Про-047"": 13.3704, ""Про-048"": 10.3707}",True
w318344309,Луговая улица,11,4,63.4,5.7785,Про-033,Санаторная улица,5.7785,0.0,21,"{""Про-028"": 6.092, ""Про-029"": 6.461, ""Про-030"": 5.8317, ""Про-031"": 6.092, ""Про-032"": 8.8445, ""Про-033"": 5.7785, ""Про-034"": 5.8553, ""Про-035"": 5.8553, ""Про-036"": 5.8553, ""Про-037"": 7.4136, ""Про-038"": 6.2121, ""Про-039"": 7.0512, ""Про-040"": 6.5709, ""Про-041"": 7.3778, ""Про-042"": 8.5509, ""Про-043"": 7.6901, ""Про-044"": 7.4703, ""Про-045"": 7.2913, ""Про-046"": 7.5758, ""Про-047"": 13.3704, ""Про-048"": 10.3707}",True
w318344310,Луговая улица,13,4,73.1,5.7671,Про-033,Санаторная улица,5.7671,0.0,21,"{""Про-028"": 6.1033, ""Про-029"": 6.4724, ""Про-030"": 5.8204, ""Про-031"": 6.1033, ""Про-032"": 8.8331, ""Про-033"": 5.7671, ""Про-034"": 5.844, ""Про-035"": 5.844, ""Про-036"": 5.844, ""Про-037"": 7.425, ""Про-038"": 6.2008, ""Про-039"": 7.0626, ""Про-040"": 6.5822, ""Про-041"": 7.3892, ""Про-042"": 8.5396, ""Про-043"": 7.7014, ""Про-044"": 7.4817, ""Про-045"": 7.3027, ""Про-046"": 7.5872, ""Про-047"": 13.3817, ""Про-048"": 10.3821}",True
w352326949,Луговая улица,15,4,66.5,5.7766,Про-033,Санаторная улица,5.7766,0.0,21,"{""Про-028"": 5.8822, ""Про-029"": 6.6188, ""Про-030"": 5.8298, ""Про-031"": 5.8822, ""Про-032"": 8.8426, ""Про-033"": 5.7766, ""Про-034"": 5.8534, ""Про-035"": 5.8534, ""Про-036"": 5.8534, ""Про-037"": 7.5714, ""Про-038"": 6.3975, ""Про-039"": 7.209, ""Про-040"": 6.7287, ""Про-041"": 7.5356, ""Про-042"": 8.549, ""Про-043"": 7.8479, ""Про-044"": 7.6281, ""Про-045"": 7.4491, ""Про-046"": 7.7336, ""Про-047"": 13.4773, ""Про-048"": 10.5285}",True
w352326950,Луговая улица,17,4,47.5,5.7766,Про-033,Санаторная улица,5.7766,0.0,21,"{""Про-028"": 5.8822, ""Про-029"": 6.6188, ""Про-030"": 5.8298, ""Про-031"": 5.8822, ""Про-032"": 8.8426, ""Про-033"": 5.7766, ""Про-034"": 5.8534, ""Про-035"": 5.8534, ""Про-036"": 5.8534, ""Про-037"": 7.5714, ""Про-038"": 6.3975, ""Про-039"": 7.209, ""Про-040"": 6.7287, ""Про-041"": 7.5356, ""Про-042"": 8.549, ""Про-043"": 7.8479, ""Про-044"": 7.6281, ""Про-045"": 7.4491, ""Про-046"": 7.7336, ""Про-047"": 13.4773, ""Про-048"": 10.5285}",True
n5415952341,Луговая улица,19,4,28.1,5.7766,Про-033,Санаторная улица,5.7766,0.0,21,"{""Про-028"": 5.8822, ""Про-029"": 6.6188, ""Про-030"": 5.8298, ""Про-031"": 5.8822, ""Про-032"": 8.8426, ""Про-033"": 5.7766, ""Про-034"": 5.8534, ""Про-035"": 5.8534, ""Про-036"": 5.8534, ""Про-037"": 7.5714, ""Про-038"": 6.3975, ""Про-039"": 7.209, ""Про-040"": 6.7287, ""Про-041"": 7.5356, ""Про-042"": 8.549, ""Про-043"": 7.8479, ""Про-044"": 7.6281, ""Про-045"": 7.4491, ""Про-046"": 7.7336, ""Про-047"": 13.4773, ""Про-048"": 10.5285}",True
w352326951,Луговая улица,21,4,27.1,5.7766,Про-033,Санаторная улица,5.7766,0.0,21,"{""Про-028"": 5.8822, ""Про-029"": 6.6188, ""Про-030"": 5.8298, ""Про-031"": 5.8822, ""Про-032"": 8.8426, ""Про-033"": 5.7766, ""Про-034"": 5.8534, ""Про-035"": 5.8534, ""Про-036"": 5.8534, ""Про-037"": 7.5714, ""Про-038"": 6.3975, ""Про-039"": 7.209, ""Про-040"": 6.7287, ""Про-041"": 7.5356, ""Про-042"": 8.549, ""Про-043"": 7.8479, ""Про-044"": 7.6281, ""Про-045"": 7.4491, ""Про-046"": 7.7336, ""Про-047"": 13.4773, ""Про-048"": 10.5285}",True
w352326952,Луговая улица,23,4,33.0,5.7766,Про-033,Санаторная улица,5.7766,0.0,21,"{""Про-028"": 5.8822, ""Про-029"": 6.6188, ""Про-030"": 5.8298, ""Про-031"": 5.8822, ""Про-032"": 8.8426, ""Про-033"": 5.7766, ""Про-034"": 5.8534, ""Про-035"": 5.8534, ""Про-036"": 5.8534, ""Про-037"": 7.5714, ""Про-038"": 6.3975, ""Про-039"": 7.209, ""Про-040"": 6.7287, ""Про-041"": 7.5356, ""Про-042"": 8.549, ""Про-043"": 7.8479, ""Про-044"": 7.6281, ""Про-045"": 7.4491, ""Про-046"": 7.7336, ""Про-047"": 13.4773, ""Про-048"": 10.5285}",True
w352326941,Луговая улица,35,4,27.1,5.72,Про-028,Главная улица,5.72,0.0,21,"{""Про-028"": 5.72, ""Про-029"": 6.781, ""Про-030"": 5.8368, ""Про-031"": 5.72, ""Про-032"": 8.8496, ""Про-033"": 5.7835, ""Про-034"": 5.7798, ""Про-035"": 5.7798, ""Про-036"": 5.7798, ""Про-037"": 7.7336, ""Про-038"": 6.4044, ""Про-039"": 7.3712, ""Про-040"": 6.8909, ""Про-041"": 7.6978, ""Про-042"": 8.556, ""Про-043"": 8.0101, ""Про-044"": 7.7904, ""Про-045"": 7.6113, ""Про-046"": 7.8958, ""Про-047"": 13.5998, ""Про-048"": 10.6907}",True
w644885224,Луговая улица,39,4,47.6,5.72,Про-028,Главная улица,5.72,0.0,21,"{""Про-028"": 5.72, ""Про-029"": 6.781, ""Про-030"": 5.8368, ""Про-031"": 5.72, ""Про-032"": 8.8496, ""Про-033"": 5.7835, ""Про-034"": 5.7798, ""Про-035"": 5.7798, ""Про-036"": 5.7798, ""Про-037"": 7.7336, ""Про-038"": 6.4044, ""Про-039"": 7.3712, ""Про-040"": 6.8909, ""Про-041"": 7.6978, ""Про-042"": 8.556, ""Про-043"": 8.0101, ""Про-044"": 7.7904, ""Про-045"": 7.6113, ""Про-046"": 7.8958, ""Про-047"": 13.5998, ""Про-048"": 10.6907}",True
w352326942,Луговая улица,43,4,75.1,5.72,Про-028,Главная улица,5.72,0.0,21,"{""Про-028"": 5.72, ""Про-029"": 6.781, ""Про-030"": 5.8368, ""Про-031"": 5.72, ""Про-032"": 8.8496, ""Про-033"": 5.7835, ""Про-034"": 5.7798, ""Про-035"": 5.7798, ""Про-036"": 5.7798, ""Про-037"": 7.7336, ""Про-038"": 6.4044, ""Про-039"": 7.3712, ""Про-040"": 6.8909, ""Про-041"": 7.6978, ""Про-042"": 8.556, ""Про-043"": 8.0101, ""Про-044"": 7.7904, ""Про-045"": 7.6113, ""Про-046"": 7.8958, ""Про-047"": 13.5998, ""Про-048"": 10.6907}",True
w352326945,Луговая улица,47,4,62.0,5.5462,Про-028,Главная улица,5.5462,0.0,21,"{""Про-028"": 5.5462, ""Про-029"": 6.9548, ""Про-030"": 6.0106, ""Про-031"": 5.5462, ""Про-032"": 9.0233, ""Про-033"": 5.9573, ""Про-034"": 5.606, ""Про-035"": 5.606, ""Про-036"": 5.606, ""Про-037"": 7.9074, ""Про-038"": 6.5782, ""Про-039"": 7.545, ""Про-040"": 7.0647, ""Про-041"": 7.8716, ""Про-042"": 8.7298, ""Про-043"": 8.1839, ""Про-044"": 7.9641, ""Про-045"": 7.7851, ""Про-046"": 8.0696, ""Про-047"": 13.426, ""Про-048"": 10.8645}",True
w352326946,Луговая улица,49,4,44.3,5.5462,Про-028,Главная улица,5.5462,0.0,21,"{""Про-028"": 5.5462, ""Про-029"": 6.9548, ""Про-030"": 6.0106, ""Про-031"": 5.5462, ""Про-032"": 9.0233, ""Про-033"": 5.9573, ""Про-034"": 5.606, ""Про-035"": 5.606, ""Про-036"": 5.606, ""Про-037"": 7.9074, ""Про-038"": 6.5782, ""Про-039"": 7.545, ""Про-040"": 7.0647, ""Про-041"": 7.8716, ""Про-042"": 8.7298, ""Про-043"": 8.1839, ""Про-044"": 7.9641, ""Про-045"": 7.7851, ""Про-046"": 8.0696, ""Про-047"": 13.426, ""Про-048"": 10.8645}",True
w352326947,Луговая улица,51,4,27.1,5.5462,Про-028,Главная улица,5.5462,0.0,21,"{""Про-028"": 5.5462, ""Про-029"": 6.9548, ""Про-030"": 6.0106, ""Про-031"": 5.5462, ""Про-032"": 9.0233, ""Про-033"": 5.9573, ""Про-034"": 5.606, ""Про-035"": 5.606, ""Про-036"": 5.606, ""Про-037"": 7.9074, ""Про-038"": 6.5782, ""Про-039"": 7.545, ""Про-040"": 7.0647, ""Про-041"": 7.8716, ""Про-042"": 8.7298, ""Про-043"": 8.1839, ""Про-044"": 7.9641, ""Про-045"": 7.7851, ""Про-046"": 8.0696, ""Про-047"": 13.426, ""Про-048"": 10.8645}",True
w316845675,Мирная улица,30,4,38.6,7.7077,Про-029,улица Интернационалистов,7.7077,0.0,21,"{""Про-028"": 7.8346, ""Про-029"": 7.7077, ""Про-030"": 7.7382, ""Про-031"": 7.8346, ""Про-032"": 8.4986, ""Про-033"": 7.7077, ""Про-034"": 7.7846, ""Про-035"": 7.7846, ""Про-036"": 7.7846, ""Про-037"": 8.0471, ""Про-038"": 7.7612, ""Про-039"": 7.7077, ""Про-040"": 7.7077, ""Про-041"": 7.7862, ""Про-042"": 9.815, ""Про-043"": 8.0985, ""Про-044"": 7.8788, ""Про-045"": 7.8241, ""Про-046"": 7.9842, ""Про-047"": 14.1398, ""Про-048"": 8.6651}",True
w352346388,Молодёжная улица,19,4,21.3,6.2011,Про-033,Санаторная улица,6.2011,0.0,21,"{""Про-028"": 6.2527, ""Про-029"": 6.5808, ""Про-030"": 6.2544, ""Про-031"": 6.2527, ""Про-032"": 9.0931, ""Про-033"": 6.2011, ""Про-034"": 6.278, ""Про-035"": 6.278, ""Про-036"": 6.278, ""Про-037"": 7.5334, ""Про-038"": 6.5522, ""Про-039"": 7.171, ""Про-040"": 6.6907, ""Про-041"": 7.4976, ""Про-042"": 8.7996, ""Про-043"": 7.8099, ""Про-044"": 7.5901, ""Про-045"": 7.4111, ""Про-046"": 7.6956, ""Про-047"": 12.9477, ""Про-048"": 10.3967}",True
w352346386,Молодёжная улица,58,4,18.5,6.172,Про-028,Главная улица,6.172,0.0,21,"{""Про-028"": 6.172, ""Про-029"": 6.6615, ""Про-030"": 6.3351, ""Про-031"": 6.172, ""Про-032"": 9.1738, ""Про-033"": 6.2818, ""Про-034"": 6.2318, ""Про-035"": 6.2318, ""Про-036"": 6.2318, ""Про-037"": 7.6141, ""Про-038"": 6.6329, ""Про-039"": 7.2517, ""Про-040"": 6.7714, ""Про-041"": 7.5783, ""Про-042"": 8.8803, ""Про-043"": 7.8906, ""Про-044"": 7.6709, ""Про-045"": 7.4918, ""Про-046"": 7.7763, ""Про-047"": 12.867, ""Про-048"": 10.316}",True
w352348453,Молодёжная улица,60,4,26.1,6.172,Про-028,Главная улица,6.172,0.0,21,"{""Про-028"": 6.172, ""Про-029"": 6.6615, ""Про-030"": 6.3351, ""Про-031"": 6.172, ""Про-032"": 9.1738, ""Про-033"": 6.2818, ""Про-034"": 6.2318, ""Про-035"": 6.2318, ""Про-036"": 6.2318, ""Про-037"": 7.6141, ""Про-038"": 6.6329, ""Про-039"": 7.2517, ""Про-040"": 6.7714, ""Про-041"": 7.5783, ""Про-042"": 8.8803, ""Про-043"": 7.8906, ""Про-044"": 7.6709, ""Про-045"": 7.4918, ""Про-046"": 7.7763, ""Про-047"": 12.867, ""Про-048"": 10.316}",True
w352334990,Молодёжный переулок,1,4,15.4,6.3065,Про-028,Главная улица,6.3065,0.0,21,"{""Про-028"": 6.3065, ""Про-029"": 6.796, ""Про-030"": 6.4696, ""Про-031"": 6.3065, ""Про-032"": 9.3084, ""Про-033"": 6.4163, ""Про-034"": 6.3663, ""Про-035"": 6.3663, ""Про-036"": 6.3663, ""Про-037"": 7.7486, ""Про-038"": 6.7674, ""Про-039"": 7.3862, ""Про-040"": 6.9059, ""Про-041"": 7.7128, ""Про-042"": 9.0148, ""Про-043"": 8.0251, ""Про-044"": 7.8054, ""Про-045"": 7.6264, ""Про-046"": 7.9108, ""Про-047"": 13.0015, ""Про-048"": 10.4505}",True
w352346396,Молодёжный переулок,2,4,25.7,6.3435,Про-028,Главная улица,6.3435,0.0,21,"{""Про-028"": 6.3435, ""Про-029"": 6.833, ""Про-030"": 6.5066, ""Про-031"": 6.3435, ""Про-032"": 9.3453, ""Про-033"": 6.4533, ""Про-034"": 6.4032, ""Про-035"": 6.4032, ""Про-036"": 6.4032, ""Про-037"": 7.7856, ""Про-038"": 6.8044, ""Про-039"": 7.4232, ""Про-040"": 6.9429, ""Про-041"": 7.7498, ""Про-042"": 9.0518, ""Про-043"": 8.0621, ""Про-044"": 7.8423, ""Про-045"": 7.6633, ""Про-046"": 7.9478, ""Про-047"": 13.0385, ""Про-048"": 10.4136}",True
w352334988,Молодёжный переулок,3,4,27.1,6.3065,Про-028,Главная улица,6.3065,0.0,21,"{""Про-028"": 6.3065, ""Про-029"": 6.796, ""Про-030"": 6.4696, ""Про-031"": 6.3065, ""Про-032"": 9.3084, ""Про-033"": 6.4163, ""Про-034"": 6.3663, ""Про-035"": 6.3663, ""Про-036"": 6.3663, ""Про-037"": 7.7486, ""Про-038"": 6.7674, ""Про-039"": 7.3862, ""Про-040"": 6.9059, ""Про-041"": 7.7128, ""Про-042"": 9.0148, ""Про-043"": 8.0251, ""Про-044"": 7.8054, ""Про-045"": 7.6264, ""Про-046"": 7.9108, ""Про-047"": 13.0015, ""Про-048"": 10.4505}",True
w352346375,Молодёжный переулок,4,4,24.1,6.2891,Про-028,Главная улица,6.2891,0.0,21,"{""Про-028"": 6.2891, ""Про-029"": 6.7786, ""Про-030"": 6.4522, ""Про-031"": 6.2891, ""Про-032"": 9.291, ""Про-033"": 6.3989, ""Про-034"": 6.3489, ""Про-035"": 6.3489, ""Про-036"": 6.3489, ""Про-037"": 7.7312, ""Про-038"": 6.75, ""Про-039"": 7.3688, ""Про-040"": 6.8885, ""Про-041"": 7.6954, ""Про-042"": 8.9974, ""Про-043"": 8.0077, ""Про-044"": 7.788, ""Про-045"": 7.609, ""Про-046"": 7.8934, ""Про-047"": 12.9841, ""Про-048"": 10.4331}",True
w352341364,Молодёжный переулок,5,4,22.1,6.2891,Про-028,Главная улица,6.2891,0.0,21,"{""Про-028"": 6.2891, ""Про-029"": 6.7786, ""Про-030"": 6.4522, ""Про-031"": 6.2891, ""Про-032"": 9.291, ""Про-033"": 6.3989, ""Про-034"": 6.3489, ""Про-035"": 6.3489, ""Про-036"": 6.3489, ""Про-037"": 7.7312, ""Про-038"": 6.75, ""Про-039"": 7.3688, ""Про-040"": 6.8885, ""Про-041"": 7.6954, ""Про-042"": 8.9974, ""Про-043"": 8.0077, ""Про-044"": 7.788, ""Про-045"": 7.609, ""Про-046"": 7.8934, ""Про-047"": 12.9841, ""Про-048"": 10.4331}",True
w352341366,Молодёжный переулок,7,4,27.9,6.2891,Про-028,Главная улица,6.2891,0.0,21,"{""Про-028"": 6.2891, ""Про-029"": 6.7786, ""Про-030"": 6.4522, ""Про-031"": 6.2891, ""Про-032"": 9.291, ""Про-033"": 6.3989, ""Про-034"": 6.3489, ""Про-035"": 6.3489, ""Про-036"": 6.3489, ""Про-037"": 7.7312, ""Про-038"": 6.75, ""Про-039"": 7.3688, ""Про-040"": 6.8885, ""Про-041"": 7.6954, ""Про-042"": 8.9974, ""Про-043"": 8.0077, ""Про-044"": 7.788, ""Про-045"": 7.609, ""Про-046"": 7.8934, ""Про-047"": 12.9841, ""Про-048"": 10.4331}",True
w352341370,Молодёжный переулок,39,4,24.8,6.172,Про-028,Главная улица,6.172,0.0,21,"{""Про-028"": 6.172, ""Про-029"": 6.6615, ""Про-030"": 6.3351, ""Про-031"": 6.172, ""Про-032"": 9.1738, ""Про-033"": 6.2818, ""Про-034"": 6.2318, ""Про-035"": 6.2318, ""Про-036"": 6.2318, ""Про-037"": 7.6141, ""Про-038"": 6.6329, ""Про-039"": 7.2517, ""Про-040"": 6.7714, ""Про-041"": 7.5783, ""Про-042"": 8.8803, ""Про-043"": 7.8906, ""Про-044"": 7.6709, ""Про-045"": 7.4918, ""Про-046"": 7.7763, ""Про-047"": 12.867, ""Про-048"": 10.316}",True
w352156646,Первомайская улица,2,4,16.2,5.6182,Про-028,Главная улица,5.6182,0.0,21,"{""Про-028"": 5.6182, ""Про-029"": 7.2153, ""Про-030"": 6.5447, ""Про-031"": 5.6182, ""Про-032"": 9.5574, ""Про-033"": 6.22, ""Про-034"": 5.6779, ""Про-035"": 5.6779, ""Про-036"": 5.6779, ""Про-037"": 8.168, ""Про-038"": 7.1123, ""Про-039"": 7.8055, ""Про-040"": 7.3252, ""Про-041"": 8.1321, ""Про-042"": 9.2639, ""Про-043"": 8.4444, ""Про-044"": 8.2247, ""Про-045"": 8.0457, ""Про-046"": 8.3302, ""Про-047"": 12.9178, ""Про-048"": 10.8699}",True
w352156639,Первомайская улица,4,4,21.0,5.6523,Про-028,Главная улица,5.6523,0.0,21,"{""Про-028"": 5.6523, ""Про-029"": 7.1812, ""Про-030"": 6.5788, ""Про-031"": 5.6523, ""Про-032"": 9.5915, ""Про-033"": 6.2542, ""Про-034"": 5.7121, ""Про-035"": 5.7121, ""Про-036"": 5.7121, ""Про-037"": 8.1338, ""Про-038"": 7.1464, ""Про-039"": 7.7714, ""Про-040"": 7.2911, ""Про-041"": 8.098, ""Про-042"": 9.298, ""Про-043"": 8.4103, ""Про-044"": 8.1906, ""Про-045"": 8.0116, ""Про-046"": 8.296, ""Про-047"": 12.9519, ""Про-048"": 10.8357}",True
w224936651,Первомайская улица,5,4,16.8,5.7638,Про-028,Главная улица,5.7638,0.0,21,"{""Про-028"": 5.7638, ""Про-029"": 7.1413, ""Про-030"": 6.6903, ""Про-031"": 5.7638, ""Про-032"": 9.6536, ""Про-033"": 6.3657, ""Про-034"": 5.8236, ""Про-035"": 5.8236, ""Про-036"": 5.8236, ""Про-037"": 8.0939, ""Про-038"": 7.1127, ""Про-039"": 7.7315, ""Про-040"": 7.2512, ""Про-041"": 8.0581, ""Про-042"": 9.3601, ""Про-043"": 8.3704, ""Про-044"": 8.1507, ""Про-045"": 7.9716, ""Про-046"": 8.2561, ""Про-047"": 13.0634, ""Про-048"": 10.7958}",True
w318344384,Первомайская улица,6,4,24.3,5.6523,Про-028,Главная улица,5.6523,0.0,21,"{""Про-028"": 5.6523, ""Про-029"": 7.1812, ""Про-030"": 6.5788, ""Про-031"": 5.6523, ""Про-032"": 9.5915, ""Про-033"": 6.2542, ""Про-034"": 5.7121, ""Про-035"": 5.7121, ""Про-036"": 5.7121, ""Про-037"": 8.1338, ""Про-038"": 7.1464, ""Про-039"": 7.7714, ""Про-040"": 7.2911, ""Про-041"": 8.098, ""Про-042"": 9.298, ""Про-043"": 8.4103, ""Про-044"": 8.1906, ""Про-045"": 8.0116, ""Про-046"": 8.296, ""Про-047"": 12.9519, ""Про-048"": 10.8357}",True
w224936652,Первомайская улица,7,4,20.9,5.8309,Про-028,Главная улица,5.8309,0.0,21,"{""Про-028"": 5.8309, ""Про-029"": 7.2084, ""Про-030"": 6.7574, ""Про-031"": 5.8309, ""Про-032"": 9.7207, ""Про-033"": 6.4328, ""Про-034"": 5.8906, ""Про-035"": 5.8906, ""Про-036"": 5.8906, ""Про-037"": 8.161, ""Про-038"": 7.1798, ""Про-039"": 7.7986, ""Про-040"": 7.3183, ""Про-041"": 8.1252, ""Про-042"": 9.4272, ""Про-043"": 8.4375, ""Про-044"": 8.2177, ""Про-045"": 8.0387, ""Про-046"": 8.3232, ""Про-047"": 13.1305, ""Про-048"": 10.8629}",True
w352156642,Первомайская улица,8,4,39.6,5.728,Про-028,Главная улица,5.728,0.0,21,"{""Про-028"": 5.728, ""Про-029"": 7.1055, ""Про-030"": 6.6545, ""Про-031"": 5.728, ""Про-032"": 9.6178, ""Про-033"": 6.3299, ""Про-034"": 5.7878, ""Про-035"": 5.7878, ""Про-036"": 5.7878, ""Про-037"": 8.0581, ""Про-038"": 7.0769, ""Про-039"": 7.6957, ""Про-040"": 7.2154, ""Про-041"": 8.0223, ""Про-042"": 9.3243, ""Про-043"": 8.3346, ""Про-044"": 8.1149, ""Про-045"": 7.9358, ""Про-046"": 8.2203, ""Про-047"": 13.0276, ""Про-048"": 10.76}",True
w224936653,Первомайская улица,9,4,26.6,5.8309,Про-028,Главная улица,5.8309,0.0,21,"{""Про-028"": 5.8309, ""Про-029"": 7.2084, ""Про-030"": 6.7574, ""Про-031"": 5.8309, ""Про-032"": 9.7207, ""Про-033"": 6.4328, ""Про-034"": 5.8906, ""Про-035"": 5.8906, ""Про-036"": 5.8906, ""Про-037"": 8.161, ""Про-038"": 7.1798, ""Про-039"": 7.7986, ""Про-040"": 7.3183, ""Про-041"": 8.1252, ""Про-042"": 9.4272, ""Про-043"": 8.4375, ""Про-044"": 8.2177, ""Про-045"": 8.0387, ""Про-046"": 8.3232, ""Про-047"": 13.1305, ""Про-048"": 10.8629}",True
w352156644,Первомайская улица,10,4,24.9,5.728,Про-028,Главная улица,5.728,0.0,21,"{""Про-028"": 5.728, ""Про-029"": 7.1055, ""Про-030"": 6.6545, ""Про-031"": 5.728, ""Про-032"": 9.6178, ""Про-033"": 6.3299, ""Про-034"": 5.7878, ""Про-035"": 5.7878, ""Про-036"": 5.7878, ""Про-037"": 8.0581, ""Про-038"": 7.0769, ""Про-039"": 7.6957, ""Про-040"": 7.2154, ""Про-041"": 8.0223, ""Про-042"": 9.3243, ""Про-043"": 8.3346, ""Про-044"": 8.1149, ""Про-045"": 7.9358, ""Про-046"": 8.2203, ""Про-047"": 13.0276, ""Про-048"": 10.76}",True
w352042424,Первомайская улица,14,4,31.8,5.7383,Про-028,Главная улица,5.7383,0.0,21,"{""Про-028"": 5.7383, ""Про-029"": 7.0952, ""Про-030"": 6.6648, ""Про-031"": 5.7383, ""Про-032"": 9.6075, ""Про-033"": 6.3402, ""Про-034"": 5.7981, ""Про-035"": 5.7981, ""Про-036"": 5.7981, ""Про-037"": 8.0478, ""Про-038"": 7.0666, ""Про-039"": 7.6854, ""Про-040"": 7.2051, ""Про-041"": 8.012, ""Про-042"": 9.314, ""Про-043"": 8.3243, ""Про-044"": 8.1045, ""Про-045"": 7.9255, ""Про-046"": 8.21, ""Про-047"": 13.0379, ""Про-048"": 10.7497}",True
w224936657,Первомайская улица,15,4,34.8,6.0347,Про-028,Главная улица,6.0347,0.0,21,"{""Про-028"": 6.0347, ""Про-029"": 7.1776, ""Про-030"": 6.8512, ""Про-031"": 6.0347, ""Про-032"": 9.6899, ""Про-033"": 6.6366, ""Про-034"": 6.0945, ""Про-035"": 6.0945, ""Про-036"": 6.0945, ""Про-037"": 8.1302, ""Про-038"": 7.149, ""Про-039"": 7.7678, ""Про-040"": 7.2875, ""Про-041"": 8.0944, ""Про-042"": 9.3964, ""Про-043"": 8.4067, ""Про-044"": 8.187, ""Про-045"": 8.0079, ""Про-046"": 8.2924, ""Про-047"": 13.1452, ""Про-048"": 10.8321}",True
w352042425,Первомайская улица,16,4,47.8,5.7383,Про-028,Главная улица,5.7383,0.0,21,"{""Про-028"": 5.7383, ""Про-029"": 7.0952, ""Про-030"": 6.6648, ""Про-031"": 5.7383, ""Про-032"": 9.6075, ""Про-033"": 6.3402, ""Про-034"": 5.7981, ""Про-035"": 5.7981, ""Про-036"": 5.7981, ""Про-037"": 8.0478, ""Про-038"": 7.0666, ""Про-039"": 7.6854, ""Про-040"": 7.2051, ""Про-041"": 8.012, ""Про-042"": 9.314, ""Про-043"": 8.3243, ""Про-044"": 8.1045, ""Про-045"": 7.9255, ""Про-046"": 8.21, ""Про-047"": 13.0379, ""Про-048"": 10.7497}",True
w224936658,Первомайская улица,17,4,28.2,5.9144,Про-028,Главная улица,5.9144,0.0,21,"{""Про-028"": 5.9144, ""Про-029"": 6.9191, ""Про-030"": 6.5927, ""Про-031"": 5.9144, ""Про-032"": 9.4314, ""Про-033"": 6.5163, ""Про-034"": 5.9742, ""Про-035"": 5.9742, ""Про-036"": 5.9742, ""Про-037"": 7.8717, ""Про-038"": 6.8905, ""Про-039"": 7.5093, ""Про-040"": 7.029, ""Про-041"": 7.8359, ""Про-042"": 9.1379, ""Про-043"": 8.1482, ""Про-044"": 7.9285, ""Про-045"": 7.7494, ""Про-046"": 8.0339, ""Про-047"": 12.8867, ""Про-048"": 10.5736}",True
w352042542,Первомайская улица,18,4,51.5,5.8453,Про-028,Главная улица,5.8453,0.0,21,"{""Про-028"": 5.8453, ""Про-029"": 6.9882, ""Про-030"": 6.6618, ""Про-031"": 5.8453, ""Про-032"": 9.5005, ""Про-033"": 6.4472, ""Про-034"": 5.9051, ""Про-035"": 5.9051, ""Про-036"": 5.9051, ""Про-037"": 7.9408, ""Про-038"": 6.9596, ""Про-039"": 7.5784, ""Про-040"": 7.0981, ""Про-041"": 7.905, ""Про-042"": 9.207, ""Про-043"": 8.2173, ""Про-044"": 7.9976, ""Про-045"": 7.8185, ""Про-046"": 8.103, ""Про-047"": 12.9558, ""Про-048"": 10.6427}",True
w352042423,Первомайская улица,19,4,47.5,5.9144,Про-028,Главная улица,5.9144,0.0,21,"{""Про-028"": 5.9144, ""Про-029"": 6.9191, ""Про-030"": 6.5927, ""Про-031"": 5.9144, ""Про-032"": 9.4314, ""Про-033"": 6.5163, ""Про-034"": 5.9742, ""Про-035"": 5.9742, ""Про-036"": 5.9742, ""Про-037"": 7.8717, ""Про-038"": 6.8905, ""Про-039"": 7.5093, ""Про-040"": 7.029, ""Про-041"": 7.8359, ""Про-042"": 9.1379, ""Про-043"": 8.1482, ""Про-044"": 7.9285, ""Про-045"": 7.7494, ""Про-046"": 8.0339, ""Про-047"": 12.8867, ""Про-048"": 10.5736}",True
w352160026,Первомайская улица,20,4,30.0,5.8453,Про-028,Главная улица,5.8453,0.0,21,"{""Про-028"": 5.8453, ""Про-029"": 6.9882, ""Про-030"": 6.6618, ""Про-031"": 5.8453, ""Про-032"": 9.5005, ""Про-033"": 6.4472, ""Про-034"": 5.9051, ""Про-035"": 5.9051, ""Про-036"": 5.9051, ""Про-037"": 7.9408, ""Про-038"": 6.9596, ""Про-039"": 7.5784, ""Про-040"": 7.0981, ""Про-041"": 7.905, ""Про-042"": 9.207, ""Про-043"": 8.2173, ""Про-044"": 7.9976, ""Про-045"": 7.8185, ""Про-046"": 8.103, ""Про-047"": 12.9558, ""Про-048"": 10.6427}",True
w352042429,Первомайская улица,21,4,69.4,5.9144,Про-028,Главная улица,5.9144,0.0,21,"{""Про-028"": 5.9144, ""Про-029"": 6.9191, ""Про-030"": 6.5927, ""Про-031"": 5.9144, ""Про-032"": 9.4314, ""Про-033"": 6.5163, ""Про-034"": 5.9742, ""Про-035"": 5.9742, ""Про-036"": 5.9742, ""Про-037"": 7.8717, ""Про-038"": 6.8905, ""Про-039"": 7.5093, ""Про-040"": 7.029, ""Про-041"": 7.8359, ""Про-042"": 9.1379, ""Про-043"": 8.1482, ""Про-044"": 7.9285, ""Про-045"": 7.7494, ""Про-046"": 8.0339, ""Про-047"": 12.8867, ""Про-048"": 10.5736}",True
w352042430,Первомайская улица,23,4,54.9,6.053,Про-028,Главная улица,6.053,0.0,21,"{""Про-028"": 6.053, ""Про-029"": 6.7805, ""Про-030"": 6.454, ""Про-031"": 6.053, ""Про-032"": 9.2928, ""Про-033"": 6.4008, ""Про-034"": 6.1128, ""Про-035"": 6.1128, ""Про-036"": 6.1128, ""Про-037"": 7.7331, ""Про-038"": 6.7518, ""Про-039"": 7.3707, ""Про-040"": 6.8904, ""Про-041"": 7.6973, ""Про-042"": 8.9992, ""Про-043"": 8.0095, ""Про-044"": 7.7898, ""Про-045"": 7.6108, ""Про-046"": 7.8953, ""Про-047"": 12.7481, ""Про-048"": 10.435}",True
w352160045,Первомайская улица,24,4,24.3,5.8453,Про-028,Главная улица,5.8453,0.0,21,"{""Про-028"": 5.8453, ""Про-029"": 6.9882, ""Про-030"": 6.6618, ""Про-031"": 5.8453, ""Про-032"": 9.5005, ""Про-033"": 6.4472, ""Про-034"": 5.9051, ""Про-035"": 5.9051, ""Про-036"": 5.9051, ""Про-037"": 7.9408, ""Про-038"": 6.9596, ""Про-039"": 7.5784, ""Про-040"": 7.0981, ""Про-041"": 7.905, ""Про-042"": 9.207, ""Про-043"": 8.2173, ""Про-044"": 7.9976, ""Про-045"": 7.8185, ""Про-046"": 8.103, ""Про-047"": 12.9558, ""Про-048"": 10.6427}",True
w352042431,Первомайская улица,25,4,36.0,6.053,Про-028,Главная улица,6.053,0.0,21,"{""Про-028"": 6.053, ""Про-029"": 6.7805, ""Про-030"": 6.454, ""Про-031"": 6.053, ""Про-032"": 9.2928, ""Про-033"": 6.4008, ""Про-034"": 6.1128, ""Про-035"": 6.1128, ""Про-036"": 6.1128, ""Про-037"": 7.7331, ""Про-038"": 6.7518, ""Про-039"": 7.3707, ""Про-040"": 6.8904, ""Про-041"": 7.6973, ""Про-042"": 8.9992, ""Про-043"": 8.0095, ""Про-044"": 7.7898, ""Про-045"": 7.6108, ""Про-046"": 7.8953, ""Про-047"": 12.7481, ""Про-048"": 10.435}",True
w352160050,Первомайская улица,26,4,35.3,5.8453,Про-028,Главная улица,5.8453,0.0,21,"{""Про-028"": 5.8453, ""Про-029"": 6.9882, ""Про-030"": 6.6618, ""Про-031"": 5.8453, ""Про-032"": 9.5005, ""Про-033"": 6.4472, ""Про-034"": 5.9051, ""Про-035"": 5.9051, ""Про-036"": 5.9051, ""Про-037"": 7.9408, ""Про-038"": 6.9596, ""Про-039"": 7.5784, ""Про-040"": 7.0981, ""Про-041"": 7.905, ""Про-042"": 9.207, ""Про-043"": 8.2173, ""Про-044"": 7.9976, ""Про-045"": 7.8185, ""Про-046"": 8.103, ""Про-047"": 12.9558, ""Про-048"": 10.6427}",True
w352333655,Первомайская улица,28,4,26.1,5.9144,Про-028,Главная улица,5.9144,0.0,21,"{""Про-028"": 5.9144, ""Про-029"": 6.9191, ""Про-030"": 6.5927, ""Про-031"": 5.9144, ""Про-032"": 9.4314, ""Про-033"": 6.5163, ""Про-034"": 5.9742, ""Про-035"": 5.9742, ""Про-036"": 5.9742, ""Про-037"": 7.8717, ""Про-038"": 6.8905, ""Про-039"": 7.5093, ""Про-040"": 7.029, ""Про-041"": 7.8359, ""Про-042"": 9.1379, ""Про-043"": 8.1482, ""Про-044"": 7.9285, ""Про-045"": 7.7494, ""Про-046"": 8.0339, ""Про-047"": 12.8867, ""Про-048"": 10.5736}",True
w352333662,Первомайская улица,30,4,14.7,5.9144,Про-028,Главная улица,5.9144,0.0,21,"{""Про-028"": 5.9144, ""Про-029"": 6.9191, ""Про-030"": 6.5927, ""Про-031"": 5.9144, ""Про-032"": 9.4314, ""Про-033"": 6.5163, ""Про-034"": 5.9742, ""Про-035"": 5.9742, ""Про-036"": 5.9742, ""Про-037"": 7.8717, ""Про-038"": 6.8905, ""Про-039"": 7.5093, ""Про-040"": 7.029, ""Про-041"": 7.8359, ""Про-042"": 9.1379, ""Про-043"": 8.1482, ""Про-044"": 7.9285, ""Про-045"": 7.7494, ""Про-046"": 8.0339, ""Про-047"": 12.8867, ""Про-048"": 10.5736}",True
w352333663,Первомайская улица,32,4,17.0,5.9144,Про-028,Главная улица,5.9144,0.0,21,"{""Про-028"": 5.9144, ""Про-029"": 6.9191, ""Про-030"": 6.5927, ""Про-031"": 5.9144, ""Про-032"": 9.4314, ""Про-033"": 6.5163, ""Про-034"": 5.9742, ""Про-035"": 5.9742, ""Про-036"": 5.9742, ""Про-037"": 7.8717, ""Про-038"": 6.8905, ""Про-039"": 7.5093, ""Про-040"": 7.029, ""Про-041"": 7.8359, ""Про-042"": 9.1379, ""Про-043"": 8.1482, ""Про-044"": 7.9285, ""Про-045"": 7.7494, ""Про-046"": 8.0339, ""Про-047"": 12.8867, ""Про-048"": 10.5736}",True
w352333664,Первомайская улица,34,4,31.3,5.9144,Про-028,Главная улица,5.9144,0.0,21,"{""Про-028"": 5.9144, ""Про-029"": 6.9191, ""Про-030"": 6.5927, ""Про-031"": 5.9144, ""Про-032"": 9.4314, ""Про-033"": 6.5163, ""Про-034"": 5.9742, ""Про-035"": 5.9742, ""Про-036"": 5.9742, ""Про-037"": 7.8717, ""Про-038"": 6.8905, ""Про-039"": 7.5093, ""Про-040"": 7.029, ""Про-041"": 7.8359, ""Про-042"": 9.1379, ""Про-043"": 8.1482, ""Про-044"": 7.9285, ""Про-045"": 7.7494, ""Про-046"": 8.0339, ""Про-047"": 12.8867, ""Про-048"": 10.5736}",True
w352342445,Первомайская улица,35,4,59.4,6.172,Про-028,Главная улица,6.172,0.0,21,"{""Про-028"": 6.172, ""Про-029"": 6.6615, ""Про-030"": 6.3351, ""Про-031"": 6.172, ""Про-032"": 9.1738, ""Про-033"": 6.2818, ""Про-034"": 6.2318, ""Про-035"": 6.2318, ""Про-036"": 6.2318, ""Про-037"": 7.6141, ""Про-038"": 6.6329, ""Про-039"": 7.2517, ""Про-040"": 6.7714, ""Про-041"": 7.5783, ""Про-042"": 8.8803, ""Про-043"": 7.8906, ""Про-044"": 7.6709, ""Про-045"": 7.4918, ""Про-046"": 7.7763, ""Про-047"": 12.867, ""Про-048"": 10.316}",True
w352333670,Первомайская улица,36,4,48.0,5.9144,Про-028,Главная улица,5.9144,0.0,21,"{""Про-028"": 5.9144, ""Про-029"": 6.9191, ""Про-030"": 6.5927, ""Про-031"": 5.9144, ""Про-032"": 9.4314, ""Про-033"": 6.5163, ""Про-034"": 5.9742, ""Про-035"": 5.9742, ""Про-036"": 5.9742, ""Про-037"": 7.8717, ""Про-038"": 6.8905, ""Про-039"": 7.5093, ""Про-040"": 7.029, ""Про-041"": 7.8359, ""Про-042"": 9.1379, ""Про-043"": 8.1482, ""Про-044"": 7.9285, ""Про-045"": 7.7494, ""Про-046"": 8.0339, ""Про-047"": 12.8867, ""Про-048"": 10.5736}",True
w352333671,Первомайская улица,38,4,59.1,5.9144,Про-028,Главная улица,5.9144,0.0,21,"{""Про-028"": 5.9144, ""Про-029"": 6.9191, ""Про-030"": 6.5927, ""Про-031"": 5.9144, ""Про-032"": 9.4314, ""Про-033"": 6.5163, ""Про-034"": 5.9742, ""Про-035"": 5.9742, ""Про-036"": 5.9742, ""Про-037"": 7.8717, ""Про-038"": 6.8905, ""Про-039"": 7.5093, ""Про-040"": 7.029, ""Про-041"": 7.8359, ""Про-042"": 9.1379, ""Про-043"": 8.1482, ""Про-044"": 7.9285, ""Про-045"": 7.7494, ""Про-046"": 8.0339, ""Про-047"": 12.8867, ""Про-048"": 10.5736}",True
w352346364,Первомайская улица,40,4,60.2,6.053,Про-028,Главная улица,6.053,0.0,21,"{""Про-028"": 6.053, ""Про-029"": 6.7805, ""Про-030"": 6.454, ""Про-031"": 6.053, ""Про-032"": 9.2928, ""Про-033"": 6.4008, ""Про-034"": 6.1128, ""Про-035"": 6.1128, ""Про-036"": 6.1128, ""Про-037"": 7.7331, ""Про-038"": 6.7518, ""Про-039"": 7.3707, ""Про-040"": 6.8904, ""Про-041"": 7.6973, ""Про-042"": 8.9992, ""Про-043"": 8.0095, ""Про-044"": 7.7898, ""Про-045"": 7.6108, ""Про-046"": 7.8953, ""Про-047"": 12.7481, ""Про-048"": 10.435}",True
w352680270,Первомайская улица,41,4,30.2,6.172,Про-028,Главная улица,6.172,0.0,21,"{""Про-028"": 6.172, ""Про-029"": 6.6615, ""Про-030"": 6.3351, ""Про-031"": 6.172, ""Про-032"": 9.1738, ""Про-033"": 6.2818, ""Про-034"": 6.2318, ""Про-035"": 6.2318, ""Про-036"": 6.2318, ""Про-037"": 7.6141, ""Про-038"": 6.6329, ""Про-039"": 7.2517, ""Про-040"": 6.7714, ""Про-041"": 7.5783, ""Про-042"": 8.8803, ""Про-043"": 7.8906, ""Про-044"": 7.6709, ""Про-045"": 7.4918, ""Про-046"": 7.7763, ""Про-047"": 12.867, ""Про-048"": 10.316}",True
w352346366,Первомайская улица,42,4,41.5,6.053,Про-028,Главная улица,6.053,0.0,21,"{""Про-028"": 6.053, ""Про-029"": 6.7805, ""Про-030"": 6.454, ""Про-031"": 6.053, ""Про-032"": 9.2928, ""Про-033"": 6.4008, ""Про-034"": 6.1128, ""Про-035"": 6.1128, ""Про-036"": 6.1128, ""Про-037"": 7.7331, ""Про-038"": 6.7518, ""Про-039"": 7.3707, ""Про-040"": 6.8904, ""Про-041"": 7.6973, ""Про-042"": 8.9992, ""Про-043"": 8.0095, ""Про-044"": 7.7898, ""Про-045"": 7.6108, ""Про-046"": 7.8953, ""Про-047"": 12.7481, ""Про-048"": 10.435}",True
w352680274,Первомайская улица,43,4,38.0,6.172,Про-028,Главная улица,6.172,0.0,21,"{""Про-028"": 6.172, ""Про-029"": 6.6615, ""Про-030"": 6.3351, ""Про-031"": 6.172, ""Про-032"": 9.1738, ""Про-033"": 6.2818, ""Про-034"": 6.2318, ""Про-035"": 6.2318, ""Про-036"": 6.2318, ""Про-037"": 7.6141, ""Про-038"": 6.6329, ""Про-039"": 7.2517, ""Про-040"": 6.7714, ""Про-041"": 7.5783, ""Про-042"": 8.8803, ""Про-043"": 7.8906, ""Про-044"": 7.6709, ""Про-045"": 7.4918, ""Про-046"": 7.7763, ""Про-047"": 12.867, ""Про-048"": 10.316}",True
w352346370,Первомайская улица,44,4,22.9,6.053,Про-028,Главная улица,6.053,0.0,21,"{""Про-028"": 6.053, ""Про-029"": 6.7805, ""Про-030"": 6.454, ""Про-031"": 6.053, ""Про-032"": 9.2928, ""Про-033"": 6.4008, ""Про-034"": 6.1128, ""Про-035"": 6.1128, ""Про-036"": 6.1128, ""Про-037"": 7.7331, ""Про-038"": 6.7518, ""Про-039"": 7.3707, ""Про-040"": 6.8904, ""Про-041"": 7.6973, ""Про-042"": 8.9992, ""Про-043"": 8.0095, ""Про-044"": 7.7898, ""Про-045"": 7.6108, ""Про-046"": 7.8953, ""Про-047"": 12.7481, ""Про-048"": 10.435}",True
w352680272,Первомайская улица,45,4,49.3,6.172,Про-028,Главная улица,6.172,0.0,21,"{""Про-028"": 6.172, ""Про-029"": 6.6615, ""Про-030"": 6.3351, ""Про-031"": 6.172, ""Про-032"": 9.1738, ""Про-033"": 6.2818, ""Про-034"": 6.2318, ""Про-035"": 6.2318, ""Про-036"": 6.2318, ""Про-037"": 7.6141, ""Про-038"": 6.6329, ""Про-039"": 7.2517, ""Про-040"": 6.7714, ""Про-041"": 7.5783, ""Про-042"": 8.8803, ""Про-043"": 7.8906, ""Про-044"": 7.6709, ""Про-045"": 7.4918, ""Про-046"": 7.7763, ""Про-047"": 12.867, ""Про-048"": 10.316}",True
w352342451,Первомайская улица,46,4,28.1,6.053,Про-028,Главная улица,6.053,0.0,21,"{""Про-028"": 6.053, ""Про-029"": 6.7805, ""Про-030"": 6.454, ""Про-031"": 6.053, ""Про-032"": 9.2928, ""Про-033"": 6.4008, ""Про-034"": 6.1128, ""Про-035"": 6.1128, ""Про-036"": 6.1128, ""Про-037"": 7.7331, ""Про-038"": 6.7518, ""Про-039"": 7.3707, ""Про-040"": 6.8904, ""Про-041"": 7.6973, ""Про-042"": 8.9992, ""Про-043"": 8.0095, ""Про-044"": 7.7898, ""Про-045"": 7.6108, ""Про-046"": 7.8953, ""Про-047"": 12.7481, ""Про-048"": 10.435}",True
w361002549,Первомайская улица,47,4,39.1,6.2651,Про-028,Главная улица,6.2651,0.0,21,"{""Про-028"": 6.2651, ""Про-029"": 6.7547, ""Про-030"": 6.4282, ""Про-031"": 6.2651, ""Про-032"": 9.267, ""Про-033"": 6.375, ""Про-034"": 6.3249, ""Про-035"": 6.3249, ""Про-036"": 6.3249, ""Про-037"": 7.7073, ""Про-038"": 6.726, ""Про-039"": 7.3448, ""Про-040"": 6.8645, ""Про-041"": 7.6715, ""Про-042"": 8.9734, ""Про-043"": 7.9837, ""Про-044"": 7.764, ""Про-045"": 7.585, ""Про-046"": 7.8695, ""Про-047"": 12.9601, ""Про-048"": 10.2229}",True
w352346372,Первомайская улица,48,4,29.8,6.053,Про-028,Главная улица,6.053,0.0,21,"{""Про-028"": 6.053, ""Про-029"": 6.7805, ""Про-030"": 6.454, ""Про-031"": 6.053, ""Про-032"": 9.2928, ""Про-033"": 6.4008, ""Про-034"": 6.1128, ""Про-035"": 6.1128, ""Про-036"": 6.1128, ""Про-037"": 7.7331, ""Про-038"": 6.7518, ""Про-039"": 7.3707, ""Про-040"": 6.8904, ""Про-041"": 7.6973, ""Про-042"": 8.9992, ""Про-043"": 8.0095, ""Про-044"": 7.7898, ""Про-045"": 7.6108, ""Про-046"": 7.8953, ""Про-047"": 12.7481, ""Про-048"": 10.435}",True
w361002547,Первомайская улица,49,4,27.4,6.2651,Про-028,Главная улица,6.2651,0.0,21,"{""Про-028"": 6.2651, ""Про-029"": 6.7547, ""Про-030"": 6.4282, ""Про-031"": 6.2651, ""Про-032"": 9.267, ""Про-033"": 6.375, ""Про-034"": 6.3249, ""Про-035"": 6.3249, ""Про-036"": 6.3249, ""Про-037"": 7.7073, ""Про-038"": 6.726, ""Про-039"": 7.3448, ""Про-040"": 6.8645, ""Про-041"": 7.6715, ""Про-042"": 8.9734, ""Про-043"": 7.9837, ""Про-044"": 7.764, ""Про-045"": 7.585, ""Про-046"": 7.8695, ""Про-047"": 12.9601, ""Про-048"": 10.2229}",True
w352346383,Первомайская улица,50,4,55.2,6.053,Про-028,Главная улица,6.053,0.0,21,"{""Про-028"": 6.053, ""Про-029"": 6.7805, ""Про-030"": 6.454, ""Про-031"": 6.053, ""Про-032"": 9.2928, ""Про-033"": 6.4008, ""Про-034"": 6.1128, ""Про-035"": 6.1128, ""Про-036"": 6.1128, ""Про-037"": 7.7331, ""Про-038"": 6.7518, ""Про-039"": 7.3707, ""Про-040"": 6.8904, ""Про-041"": 7.6973, ""Про-042"": 8.9992, ""Про-043"": 8.0095, ""Про-044"": 7.7898, ""Про-045"": 7.6108, ""Про-046"": 7.8953, ""Про-047"": 12.7481, ""Про-048"": 10.435}",True
w367552889,Первомайская улица,51,4,36.2,6.2651,Про-028,Главная улица,6.2651,0.0,21,"{""Про-028"": 6.2651, ""Про-029"": 6.7547, ""Про-030"": 6.4282, ""Про-031"": 6.2651, ""Про-032"": 9.267, ""Про-033"": 6.375, ""Про-034"": 6.3249, ""Про-035"": 6.3249, ""Про-036"": 6.3249, ""Про-037"": 7.7073, ""Про-038"": 6.726, ""Про-039"": 7.3448, ""Про-040"": 6.8645, ""Про-041"": 7.6715, ""Про-042"": 8.9734, ""Про-043"": 7.9837, ""Про-044"": 7.764, ""Про-045"": 7.585, ""Про-046"": 7.8695, ""Про-047"": 12.9601, ""Про-048"": 10.2229}",True
w352348451,Первомайская улица,52,4,58.2,6.172,Про-028,Главная улица,6.172,0.0,21,"{""Про-028"": 6.172, ""Про-029"": 6.6615, ""Про-030"": 6.3351, ""Про-031"": 6.172, ""Про-032"": 9.1738, ""Про-033"": 6.2818, ""Про-034"": 6.2318, ""Про-035"": 6.2318, ""Про-036"": 6.2318, ""Про-037"": 7.6141, ""Про-038"": 6.6329, ""Про-039"": 7.2517, ""Про-040"": 6.7714, ""Про-041"": 7.5783, ""Про-042"": 8.8803, ""Про-043"": 7.8906, ""Про-044"": 7.6709, ""Про-045"": 7.4918, ""Про-046"": 7.7763, ""Про-047"": 12.867, ""Про-048"": 10.316}",True
w367552888,Первомайская улица,53,4,34.7,6.2651,Про-028,Главная улица,6.2651,0.0,21,"{""Про-028"": 6.2651, ""Про-029"": 6.7547, ""Про-030"": 6.4282, ""Про-031"": 6.2651, ""Про-032"": 9.267, ""Про-033"": 6.375, ""Про-034"": 6.3249, ""Про-035"": 6.3249, ""Про-036"": 6.3249, ""Про-037"": 7.7073, ""Про-038"": 6.726, ""Про-039"": 7.3448, ""Про-040"": 6.8645, ""Про-041"": 7.6715, ""Про-042"": 8.9734, ""Про-043"": 7.9837, ""Про-044"": 7.764, ""Про-045"": 7.585, ""Про-046"": 7.8695, ""Про-047"": 12.9601, ""Про-048"": 10.2229}",True
w352346384,Первомайская улица,54,4,50.8,6.172,Про-028,Главная улица,6.172,0.0,21,"{""Про-028"": 6.172, ""Про-029"": 6.6615, ""Про-030"": 6.3351, ""Про-031"": 6.172, ""Про-032"": 9.1738, ""Про-033"": 6.2818, ""Про-034"": 6.2318, ""Про-035"": 6.2318, ""Про-036"": 6.2318, ""Про-037"": 7.6141, ""Про-038"": 6.6329, ""Про-039"": 7.2517, ""Про-040"": 6.7714, ""Про-041"": 7.5783, ""Про-042"": 8.8803, ""Про-043"": 7.8906, ""Про-044"": 7.6709, ""Про-045"": 7.4918, ""Про-046"": 7.7763, ""Про-047"": 12.867, ""Про-048"": 10.316}",True
w401161023,Первомайская улица,55,4,48.5,6.2651,Про-028,Главная улица,6.2651,0.0,21,"{""Про-028"": 6.2651, ""Про-029"": 6.7547, ""Про-030"": 6.4282, ""Про-031"": 6.2651, ""Про-032"": 9.267, ""Про-033"": 6.375, ""Про-034"": 6.3249, ""Про-035"": 6.3249, ""Про-036"": 6.3249, ""Про-037"": 7.7073, ""Про-038"": 6.726, ""Про-039"": 7.3448, ""Про-040"": 6.8645, ""Про-041"": 7.6715, ""Про-042"": 8.9734, ""Про-043"": 7.9837, ""Про-044"": 7.764, ""Про-045"": 7.585, ""Про-046"": 7.8695, ""Про-047"": 12.9601, ""Про-048"": 10.2229}",True
n4552709337,Первомайская улица,57,4,34.3,6.3907,Про-028,Главная улица,6.3907,0.0,21,"{""Про-028"": 6.3907, ""Про-029"": 6.8803, ""Про-030"": 6.5538, ""Про-031"": 6.3907, ""Про-032"": 9.3926, ""Про-033"": 6.5005, ""Про-034"": 6.4505, ""Про-035"": 6.4505, ""Про-036"": 6.4505, ""Про-037"": 7.8329, ""Про-038"": 6.8516, ""Про-039"": 7.4704, ""Про-040"": 6.9901, ""Про-041"": 7.797, ""Про-042"": 9.099, ""Про-043"": 8.1093, ""Про-044"": 7.8896, ""Про-045"": 7.7106, ""Про-046"": 7.9951, ""Про-047"": 13.0857, ""Про-048"": 10.0973}",True
w352348455,Первомайская улица,62,4,38.6,6.172,Про-028,Главная улица,6.172,0.0,21,"{""Про-028"": 6.172, ""Про-029"": 6.6615, ""Про-030"": 6.3351, ""Про-031"": 6.172, ""Про-032"": 9.1738, ""Про-033"": 6.2818, ""Про-034"": 6.2318, ""Про-035"": 6.2318, ""Про-036"": 6.2318, ""Про-037"": 7.6141, ""Про-038"": 6.6329, ""Про-039"": 7.2517, ""Про-040"": 6.7714, ""Про-041"": 7.5783, ""Про-042"": 8.8803, ""Про-043"": 7.8906, ""Про-044"": 7.6709, ""Про-045"": 7.4918, ""Про-046"": 7.7763, ""Про-047"": 12.867, ""Про-048"": 10.316}",True
n4552709338,Первомайская улица,77,4,18.8,6.5245,Про-028,Главная улица,6.5245,0.0,21,"{""Про-028"": 6.5245, ""Про-029"": 7.014, ""Про-030"": 6.6876, ""Про-031"": 6.5245, ""Про-032"": 9.5263, ""Про-033"": 6.6343, ""Про-034"": 6.5843, ""Про-035"": 6.5843, ""Про-036"": 6.5843, ""Про-037"": 7.9666, ""Про-038"": 6.9854, ""Про-039"": 7.6042, ""Про-040"": 7.1239, ""Про-041"": 7.9308, ""Про-042"": 9.2328, ""Про-043"": 8.2431, ""Про-044"": 8.0234, ""Про-045"": 7.8443, ""Про-046"": 8.1288, ""Про-047"": 13.2195, ""Про-048"": 9.9635}",True
n5108197316,Первомайская улица,85,4,75.7,6.6783,Про-028,Главная улица,6.6783,0.0,21,"{""Про-028"": 6.6783, ""Про-029"": 7.1678, ""Про-030"": 6.8414, ""Про-031"": 6.6783, ""Про-032"": 9.6433, ""Про-033"": 6.7881, ""Про-034"": 6.738, ""Про-035"": 6.738, ""Про-036"": 6.738, ""Про-037"": 8.1204, ""Про-038"": 7.1392, ""Про-039"": 7.758, ""Про-040"": 7.2777, ""Про-041"": 8.0846, ""Про-042"": 9.3866, ""Про-043"": 8.3969, ""Про-044"": 8.1771, ""Про-045"": 7.9981, ""Про-046"": 8.2826, ""Про-047"": 13.3733, ""Про-048"": 9.8098}",True
n2337912610,Первомайская улица,91,4,14.9,6.6783,Про-028,Главная улица,6.6783,0.0,21,"{""Про-028"": 6.6783, ""Про-029"": 7.1678, ""Про-030"": 6.8414, ""Про-031"": 6.6783, ""Про-032"": 9.6433, ""Про-033"": 6.7881, ""Про-034"": 6.738, ""Про-035"": 6.738, ""Про-036"": 6.738, ""Про-037"": 8.1204, ""Про-038"": 7.1392, ""Про-039"": 7.758, ""Про-040"": 7.2777, ""Про-041"": 8.0846, ""Про-042"": 9.3866, ""Про-043"": 8.3969, ""Про-044"": 8.1771, ""Про-045"": 7.9981, ""Про-046"": 8.2826, ""Про-047"": 13.3733, ""Про-048"": 9.8098}",True
n2337912609,Первомайская улица,93,4,14.5,6.7038,Про-028,Главная улица,6.7038,0.0,21,"{""Про-028"": 6.7038, ""Про-029"": 7.1933, ""Про-030"": 6.8669, ""Про-031"": 6.7038, ""Про-032"": 9.6178, ""Про-033"": 6.8136, ""Про-034"": 6.7635, ""Про-035"": 6.7635, ""Про-036"": 6.7635, ""Про-037"": 8.1459, ""Про-038"": 7.1647, ""Про-039"": 7.7835, ""Про-040"": 7.3032, ""Про-041"": 8.1101, ""Про-042"": 9.4121, ""Про-043"": 8.4224, ""Про-044"": 8.2026, ""Про-045"": 8.0236, ""Про-046"": 8.3081, ""Про-047"": 13.3988, ""Про-048"": 9.7843}",True
n5108196253,Первомайская улица,102,4,74.9,6.5245,Про-028,Главная улица,6.5245,0.0,21,"{""Про-028"": 6.5245, ""Про-029"": 7.014, ""Про-030"": 6.6876, ""Про-031"": 6.5245, ""Про-032"": 9.5263, ""Про-033"": 6.6343, ""Про-034"": 6.5843, ""Про-035"": 6.5843, ""Про-036"": 6.5843, ""Про-037"": 7.9666, ""Про-038"": 6.9854, ""Про-039"": 7.6042, ""Про-040"": 7.1239, ""Про-041"": 7.9308, ""Про-042"": 9.2328, ""Про-043"": 8.2431, ""Про-044"": 8.0234, ""Про-045"": 7.8443, ""Про-046"": 8.1288, ""Про-047"": 13.2195, ""Про-048"": 9.9635}",True
n4552708935,Первомайская улица,107,4,20.7,6.882,Про-028,Главная улица,6.882,0.0,21,"{""Про-028"": 6.882, ""Про-029"": 7.3716, ""Про-030"": 7.0451, ""Про-031"": 6.882, ""Про-032"": 9.4395, ""Про-033"": 6.9918, ""Про-034"": 6.9418, ""Про-035"": 6.9418, ""Про-036"": 6.9418, ""Про-037"": 8.3242, ""Про-038"": 7.3429, ""Про-039"": 7.9617, ""Про-040"": 7.4814, ""Про-041"": 8.0818, ""Про-042"": 9.5903, ""Про-043"": 8.3941, ""Про-044"": 8.1743, ""Про-045"": 8.1196, ""Про-046"": 8.2798, ""Про-047"": 13.577, ""Про-048"": 9.606}",True
n2337912608,Первомайская улица,110,4,21.1,6.6783,Про-028,Главная улица,6.6783,0.0,21,"{""Про-028"": 6.6783, ""Про-029"": 7.1678, ""Про-030"": 6.8414, ""Про-031"": 6.6783, ""Про-032"": 9.6433, ""Про-033"": 6.7881, ""Про-034"": 6.738, ""Про-035"": 6.738, ""Про-036"": 6.738, ""Про-037"": 8.1204, ""Про-038"": 7.1392, ""Про-039"": 7.758, ""Про-040"": 7.2777, ""Про-041"": 8.0846, ""Про-042"": 9.3866, ""Про-043"": 8.3969, ""Про-044"": 8.1771, ""Про-045"": 7.9981, ""Про-046"": 8.2826, ""Про-047"": 13.3733, ""Про-048"": 9.8098}",True
n2337912607,Первомайская улица,141,4,28.2,7.2875,Про-028,Главная улица,7.2875,0.0,21,"{""Про-028"": 7.2875, ""Про-029"": 7.5978, ""Про-030"": 7.4506, ""Про-031"": 7.2875, ""Про-032"": 9.034, ""Про-033"": 7.3973, ""Про-034"": 7.3473, ""Про-035"": 7.3473, ""Про-036"": 7.3473, ""Про-037"": 7.9373, ""Про-038"": 7.6513, ""Про-039"": 7.5978, ""Про-040"": 7.5978, ""Про-041"": 7.6763, ""Про-042"": 9.7051, ""Про-043"": 7.9886, ""Про-044"": 7.7689, ""Про-045"": 7.7142, ""Про-046"": 7.8743, ""Про-047"": 13.9825, ""Про-048"": 9.2005}",True
n5108197320,Первомайская улица,141,4,28.4,7.2695,Про-028,Главная улица,7.2695,0.0,21,"{""Про-028"": 7.2695, ""Про-029"": 7.6158, ""Про-030"": 7.4326, ""Про-031"": 7.2695, ""Про-032"": 9.052, ""Про-033"": 7.3794, ""Про-034"": 7.3293, ""Про-035"": 7.3293, ""Про-036"": 7.3293, ""Про-037"": 7.9552, ""Про-038"": 7.6693, ""Про-039"": 7.6158, ""Про-040"": 7.6158, ""Про-041"": 7.6943, ""Про-042"": 9.7231, ""Про-043"": 8.0066, ""Про-044"": 7.7868, ""Про-045"": 7.7321, ""Про-046"": 7.8923, ""Про-047"": 13.9645, ""Про-048"": 9.2185}",True
n2337908049,Первомайская улица,154,4,10.9,7.1706,Про-028,Главная улица,7.1706,0.0,21,"{""Про-028"": 7.1706, ""Про-029"": 7.6602, ""Про-030"": 7.3338, ""Про-031"": 7.1706, ""Про-032"": 9.1509, ""Про-033"": 7.2805, ""Про-034"": 7.2304, ""Про-035"": 7.2304, ""Про-036"": 7.2304, ""Про-037"": 8.0541, ""Про-038"": 7.6316, ""Про-039"": 7.7147, ""Про-040"": 7.7147, ""Про-041"": 7.7932, ""Про-042"": 9.822, ""Про-043"": 8.1055, ""Про-044"": 7.8857, ""Про-045"": 7.831, ""Про-046"": 7.9912, ""Про-047"": 13.8657, ""Про-048"": 9.3174}",True
w352158482,Первомайский переулок,1,4,40.4,6.3115,Про-028,Главная улица,6.3115,0.0,21,"{""Про-028"": 6.3115, ""Про-029"": 7.0389, ""Про-030"": 6.7124, ""Про-031"": 6.3115, ""Про-032"": 9.5512, ""Про-033"": 6.6592, ""Про-034"": 6.3712, ""Про-035"": 6.3712, ""Про-036"": 6.3712, ""Про-037"": 7.9915, ""Про-038"": 7.0102, ""Про-039"": 7.6291, ""Про-040"": 7.1488, ""Про-041"": 7.9557, ""Про-042"": 9.2577, ""Про-043"": 8.2679, ""Про-044"": 8.0482, ""Про-045"": 7.8692, ""Про-046"": 8.1537, ""Про-047"": 12.4897, ""Про-048"": 10.6934}",True
w352160040,Первомайский переулок,3,4,55.9,6.1715,Про-028,Главная улица,6.1715,0.0,21,"{""Про-028"": 6.1715, ""Про-029"": 6.8989, ""Про-030"": 6.5725, ""Про-031"": 6.1715, ""Про-032"": 9.4113, ""Про-033"": 6.5192, ""Про-034"": 6.2313, ""Про-035"": 6.2313, ""Про-036"": 6.2313, ""Про-037"": 7.8515, ""Про-038"": 6.8703, ""Про-039"": 7.4891, ""Про-040"": 7.0088, ""Про-041"": 7.8157, ""Про-042"": 9.1177, ""Про-043"": 8.128, ""Про-044"": 7.9083, ""Про-045"": 7.7293, ""Про-046"": 8.0137, ""Про-047"": 12.6296, ""Про-048"": 10.5534}",True
w352334981,Первомайский переулок,4,4,18.1,6.2881,Про-028,Главная улица,6.2881,0.0,21,"{""Про-028"": 6.2881, ""Про-029"": 7.0156, ""Про-030"": 6.6891, ""Про-031"": 6.2881, ""Про-032"": 9.5279, ""Про-033"": 6.6359, ""Про-034"": 6.3479, ""Про-035"": 6.3479, ""Про-036"": 6.3479, ""Про-037"": 7.9682, ""Про-038"": 6.9869, ""Про-039"": 7.6058, ""Про-040"": 7.1254, ""Про-041"": 7.9324, ""Про-042"": 9.2343, ""Про-043"": 8.2446, ""Про-044"": 8.0249, ""Про-045"": 7.8459, ""Про-046"": 8.1304, ""Про-047"": 12.513, ""Про-048"": 10.6701}",True
w352160042,Первомайский переулок,5,4,26.8,6.1715,Про-028,Главная улица,6.1715,0.0,21,"{""Про-028"": 6.1715, ""Про-029"": 6.8989, ""Про-030"": 6.5725, ""Про-031"": 6.1715, ""Про-032"": 9.4113, ""Про-033"": 6.5192, ""Про-034"": 6.2313, ""Про-035"": 6.2313, ""Про-036"": 6.2313, ""Про-037"": 7.8515, ""Про-038"": 6.8703, ""Про-039"": 7.4891, ""Про-040"": 7.0088, ""Про-041"": 7.8157, ""Про-042"": 9.1177, ""Про-043"": 8.128, ""Про-044"": 7.9083, ""Про-045"": 7.7293, ""Про-046"": 8.0137, ""Про-047"": 12.6296, ""Про-048"": 10.5534}",True
w224936659,Первомайский переулок,6,4,45.0,6.3364,Про-028,Главная улица,6.3364,0.0,21,"{""Про-028"": 6.3364, ""Про-029"": 7.0638, ""Про-030"": 6.7373, ""Про-031"": 6.3364, ""Про-032"": 9.5761, ""Про-033"": 6.6841, ""Про-034"": 6.3961, ""Про-035"": 6.3961, ""Про-036"": 6.3961, ""Про-037"": 8.0164, ""Про-038"": 7.0351, ""Про-039"": 7.654, ""Про-040"": 7.1737, ""Про-041"": 7.9806, ""Про-042"": 9.2826, ""Про-043"": 8.2928, ""Про-044"": 8.0731, ""Про-045"": 7.8941, ""Про-046"": 8.1786, ""Про-047"": 12.5612, ""Про-048"": 10.7183}",True
w352160038,Первомайский переулок,7,4,24.4,6.1715,Про-028,Главная улица,6.1715,0.0,21,"{""Про-028"": 6.1715, ""Про-029"": 6.8989, ""Про-030"": 6.5725, ""Про-031"": 6.1715, ""Про-032"": 9.4113, ""Про-033"": 6.5192, ""Про-034"": 6.2313, ""Про-035"": 6.2313, ""Про-036"": 6.2313, ""Про-037"": 7.8515, ""Про-038"": 6.8703, ""Про-039"": 7.4891, ""Про-040"": 7.0088, ""Про-041"": 7.8157, ""Про-042"": 9.1177, ""Про-043"": 8.128, ""Про-044"": 7.9083, ""Про-045"": 7.7293, ""Про-046"": 8.0137, ""Про-047"": 12.6296, ""Про-048"": 10.5534}",True
w352042426,Первомайский переулок,8,4,37.9,6.1715,Про-028,Главная улица,6.1715,0.0,21,"{""Про-028"": 6.1715, ""Про-029"": 6.8989, ""Про-030"": 6.5725, ""Про-031"": 6.1715, ""Про-032"": 9.4113, ""Про-033"": 6.5192, ""Про-034"": 6.2313, ""Про-035"": 6.2313, ""Про-036"": 6.2313, ""Про-037"": 7.8515, ""Про-038"": 6.8703, ""Про-039"": 7.4891, ""Про-040"": 7.0088, ""Про-041"": 7.8157, ""Про-042"": 9.1177, ""Про-043"": 8.128, ""Про-044"": 7.9083, ""Про-045"": 7.7293, ""Про-046"": 8.0137, ""Про-047"": 12.6296, ""Про-048"": 10.5534}",True
w352160043,Первомайский переулок,9,4,36.1,6.1715,Про-028,Главная улица,6.1715,0.0,21,"{""Про-028"": 6.1715, ""Про-029"": 6.8989, ""Про-030"": 6.5725, ""Про-031"": 6.1715, ""Про-032"": 9.4113, ""Про-033"": 6.5192, ""Про-034"": 6.2313, ""Про-035"": 6.2313, ""Про-036"": 6.2313, ""Про-037"": 7.8515, ""Про-038"": 6.8703, ""Про-039"": 7.4891, ""Про-040"": 7.0088, ""Про-041"": 7.8157, ""Про-042"": 9.1177, ""Про-043"": 8.128, ""Про-044"": 7.9083, ""Про-045"": 7.7293, ""Про-046"": 8.0137, ""Про-047"": 12.6296, ""Про-048"": 10.5534}",True
w352160044,Первомайский переулок,9,4,62.8,6.053,Про-028,Главная улица,6.053,0.0,21,"{""Про-028"": 6.053, ""Про-029"": 6.7805, ""Про-030"": 6.454, ""Про-031"": 6.053, ""Про-032"": 9.2928, ""Про-033"": 6.4008, ""Про-034"": 6.1128, ""Про-035"": 6.1128, ""Про-036"": 6.1128, ""Про-037"": 7.7331, ""Про-038"": 6.7518, ""Про-039"": 7.3707, ""Про-040"": 6.8904, ""Про-041"": 7.6973, ""Про-042"": 8.9992, ""Про-043"": 8.0095, ""Про-044"": 7.7898, ""Про-045"": 7.6108, ""Про-046"": 7.8953, ""Про-047"": 12.7481, ""Про-048"": 10.435}",True
w352042433,Первомайский переулок,10,4,41.4,6.053,Про-028,Главная улица,6.053,0.0,21,"{""Про-028"": 6.053, ""Про-029"": 6.7805, ""Про-030"": 6.454, ""Про-031"": 6.053, ""Про-032"": 9.2928, ""Про-033"": 6.4008, ""Про-034"": 6.1128, ""Про-035"": 6.1128, ""Про-036"": 6.1128, ""Про-037"": 7.7331, ""Про-038"": 6.7518, ""Про-039"": 7.3707, ""Про-040"": 6.8904, ""Про-041"": 7.6973, ""Про-042"": 8.9992, ""Про-043"": 8.0095, ""Про-044"": 7.7898, ""Про-045"": 7.6108, ""Про-046"": 7.8953, ""Про-047"": 12.7481, ""Про-048"": 10.435}",True
w352042428,Первомайский переулок,10а,4,55.2,6.1715,Про-028,Главная улица,6.1715,0.0,21,"{""Про-028"": 6.1715, ""Про-029"": 6.8989, ""Про-030"": 6.5725, ""Про-031"": 6.1715, ""Про-032"": 9.4113, ""Про-033"": 6.5192, ""Про-034"": 6.2313, ""Про-035"": 6.2313, ""Про-036"": 6.2313, ""Про-037"": 7.8515, ""Про-038"": 6.8703, ""Про-039"": 7.4891, ""Про-040"": 7.0088, ""Про-041"": 7.8157, ""Про-042"": 9.1177, ""Про-043"": 8.128, ""Про-044"": 7.9083, ""Про-045"": 7.7293, ""Про-046"": 8.0137, ""Про-047"": 12.6296, ""Про-048"": 10.5534}",True
w352042432,Первомайский переулок,27,4,19.8,6.053,Про-028,Главная улица,6.053,0.0,21,"{""Про-028"": 6.053, ""Про-029"": 6.7805, ""Про-030"": 6.454, ""Про-031"": 6.053, ""Про-032"": 9.2928, ""Про-033"": 6.4008, ""Про-034"": 6.1128, ""Про-035"": 6.1128, ""Про-036"": 6.1128, ""Про-037"": 7.7331, ""Про-038"": 6.7518, ""Про-039"": 7.3707, ""Про-040"": 6.8904, ""Про-041"": 7.6973, ""Про-042"": 8.9992, ""Про-043"": 8.0095, ""Про-044"": 7.7898, ""Про-045"": 7.6108, ""Про-046"": 7.8953, ""Про-047"": 12.7481, ""Про-048"": 10.435}",True
w352042587,Первомайский переулок,29,4,24.3,6.053,Про-028,Главная улица,6.053,0.0,21,"{""Про-028"": 6.053, ""Про-029"": 6.7805, ""Про-030"": 6.454, ""Про-031"": 6.053, ""Про-032"": 9.2928, ""Про-033"": 6.4008, ""Про-034"": 6.1128, ""Про-035"": 6.1128, ""Про-036"": 6.1128, ""Про-037"": 7.7331, ""Про-038"": 6.7518, ""Про-039"": 7.3707, ""Про-040"": 6.8904, ""Про-041"": 7.6973, ""Про-042"": 8.9992, ""Про-043"": 8.0095, ""Про-044"": 7.7898, ""Про-045"": 7.6108, ""Про-046"": 7.8953, ""Про-047"": 12.7481, ""Про-048"": 10.435}",True
n2337948156,Полевой переулок,1,4,30.5,5.9163,Про-028,Главная улица,5.9163,0.0,21,"{""Про-028"": 5.9163, ""Про-029"": 7.8546, ""Про-030"": 7.4629, ""Про-031"": 6.4035, ""Про-032"": 10.3669, ""Про-033"": 7.1383, ""Про-034"": 6.5962, ""Про-035"": 6.5962, ""Про-036"": 6.5962, ""Про-037"": 8.8072, ""Про-038"": 7.826, ""Про-039"": 8.4448, ""Про-040"": 7.9645, ""Про-041"": 8.7714, ""Про-042"": 10.0734, ""Про-043"": 9.0837, ""Про-044"": 8.8639, ""Про-045"": 8.6849, ""Про-046"": 8.9694, ""Про-047"": 12.3296, ""Про-048"": 11.5091}",True
n2337948157,Полевой переулок,2,4,24.3,5.9163,Про-028,Главная улица,5.9163,0.0,21,"{""Про-028"": 5.9163, ""Про-029"": 7.8546, ""Про-030"": 7.4629, ""Про-031"": 6.4035, ""Про-032"": 10.3669, ""Про-033"": 7.1383, ""Про-034"": 6.5962, ""Про-035"": 6.5962, ""Про-036"": 6.5962, ""Про-037"": 8.8072, ""Про-038"": 7.826, ""Про-039"": 8.4448, ""Про-040"": 7.9645, ""Про-041"": 8.7714, ""Про-042"": 10.0734, ""Про-043"": 9.0837, ""Про-044"": 8.8639, ""Про-045"": 8.6849, ""Про-046"": 8.9694, ""Про-047"": 12.3296, ""Про-048"": 11.5091}",True
n2337948158,Полевой переулок,16,4,20.3,6.0979,Про-028,Главная улица,6.0979,0.0,21,"{""Про-028"": 6.0979, ""Про-029"": 8.0362, ""Про-030"": 7.6445, ""Про-031"": 6.5851, ""Про-032"": 10.5485, ""Про-033"": 7.3199, ""Про-034"": 6.7777, ""Про-035"": 6.7777, ""Про-036"": 6.7777, ""Про-037"": 8.9888, ""Про-038"": 8.0076, ""Про-039"": 8.6264, ""Про-040"": 8.1461, ""Про-041"": 8.953, ""Про-042"": 10.255, ""Про-043"": 9.2653, ""Про-044"": 9.0455, ""Про-045"": 8.8665, ""Про-046"": 9.151, ""Про-047"": 12.5112, ""Про-048"": 11.6907}",True
n2337900323,Садовая улица,4,4,11.6,6.8683,Про-029,улица Интернационалистов,6.8683,0.0,21,"{""Про-028"": 7.2194, ""Про-029"": 6.8683, ""Про-030"": 6.8987, ""Про-031"": 7.2194, ""Про-032"": 9.2376, ""Про-033"": 6.8683, ""Про-034"": 6.9451, ""Про-035"": 6.9451, ""Про-036"": 6.9451, ""Про-037"": 7.2077, ""Про-038"": 6.9218, ""Про-039"": 6.8683, ""Про-040"": 6.8683, ""Про-041"": 6.9468, ""Про-042"": 8.9756, ""Про-043"": 7.259, ""Про-044"": 7.0393, ""Про-045"": 6.9846, ""Про-046"": 7.1448, ""Про-047"": 14.2502, ""Про-048"": 9.4041}",True
n2337904420,Садовая улица,6,4,7.9,6.9643,Про-029,улица Интернационалистов,6.9643,0.0,21,"{""Про-028"": 7.3155, ""Про-029"": 6.9643, ""Про-030"": 6.9948, ""Про-031"": 7.3155, ""Про-032"": 9.1415, ""Про-033"": 6.9643, ""Про-034"": 7.0412, ""Про-035"": 7.0412, ""Про-036"": 7.0412, ""Про-037"": 7.3037, ""Про-038"": 7.0178, ""Про-039"": 6.9643, ""Про-040"": 6.9643, ""Про-041"": 7.0428, ""Про-042"": 9.0716, ""Про-043"": 7.3551, ""Про-044"": 7.1353, ""Про-045"": 7.0806, ""Про-046"": 7.2408, ""Про-047"": 14.3463, ""Про-048"": 9.308}",True
n2337900327,Садовая улица,11,4,18.0,6.8683,Про-029,улица Интернационалистов,6.8683,0.0,21,"{""Про-028"": 7.2194, ""Про-029"": 6.8683, ""Про-030"": 6.8987, ""Про-031"": 7.2194, ""Про-032"": 9.2376, ""Про-033"": 6.8683, ""Про-034"": 6.9451, ""Про-035"": 6.9451, ""Про-036"": 6.9451, ""Про-037"": 7.2077, ""Про-038"": 6.9218, ""Про-039"": 6.8683, ""Про-040"": 6.8683, ""Про-041"": 6.9468, ""Про-042"": 8.9756, ""Про-043"": 7.259, ""Про-044"": 7.0393, ""Про-045"": 6.9846, ""Про-046"": 7.1448, ""Про-047"": 14.2502, ""Про-048"": 9.4041}",True
n2337904421,Садовая улица,13,4,15.5,6.9524,Про-029,улица Интернационалистов,6.9524,0.0,21,"{""Про-028"": 7.3035, ""Про-029"": 6.9524, ""Про-030"": 6.9829, ""Про-031"": 7.3035, ""Про-032"": 9.1534, ""Про-033"": 6.9524, ""Про-034"": 7.0293, ""Про-035"": 7.0293, ""Про-036"": 7.0293, ""Про-037"": 7.2918, ""Про-038"": 7.0059, ""Про-039"": 6.9524, ""Про-040"": 6.9524, ""Про-041"": 7.0309, ""Про-042"": 9.0597, ""Про-043"": 7.3432, ""Про-044"": 7.1234, ""Про-045"": 7.0687, ""Про-046"": 7.2289, ""Про-047"": 14.3343, ""Про-048"": 9.3199}",True
n2337904422,Садовая улица,18,4,12.1,7.1371,Про-029,улица Интернационалистов,7.1371,0.0,21,"{""Про-028"": 7.4883, ""Про-029"": 7.1371, ""Про-030"": 7.1676, ""Про-031"": 7.4883, ""Про-032"": 8.9687, ""Про-033"": 7.1371, ""Про-034"": 7.214, ""Про-035"": 7.214, ""Про-036"": 7.214, ""Про-037"": 7.4765, ""Про-038"": 7.1906, ""Про-039"": 7.1371, ""Про-040"": 7.1371, ""Про-041"": 7.2156, ""Про-042"": 9.2444, ""Про-043"": 7.5279, ""Про-044"": 7.3081, ""Про-045"": 7.2534, ""Про-046"": 7.4136, ""Про-047"": 14.4432, ""Про-048"": 9.1352}",True
w525027750,Садовая улица,20,4,25.8,7.2579,Про-029,улица Интернационалистов,7.2579,0.0,21,"{""Про-028"": 7.6091, ""Про-029"": 7.2579, ""Про-030"": 7.2884, ""Про-031"": 7.6091, ""Про-032"": 9.0398, ""Про-033"": 7.2579, ""Про-034"": 7.3348, ""Про-035"": 7.3348, ""Про-036"": 7.3348, ""Про-037"": 7.5974, ""Про-038"": 7.3114, ""Про-039"": 7.2579, ""Про-040"": 7.2579, ""Про-041"": 7.3364, ""Про-042"": 9.3652, ""Про-043"": 7.6487, ""Про-044"": 7.429, ""Про-045"": 7.3743, ""Про-046"": 7.5344, ""Про-047"": 14.5144, ""Про-048"": 9.2063}",True
n2337904423,Садовая улица,29,4,13.8,7.1371,Про-029,улица Интернационалистов,7.1371,0.0,21,"{""Про-028"": 7.4883, ""Про-029"": 7.1371, ""Про-030"": 7.1676, ""Про-031"": 7.4883, ""Про-032"": 8.9687, ""Про-033"": 7.1371, ""Про-034"": 7.214, ""Про-035"": 7.214, ""Про-036"": 7.214, ""Про-037"": 7.4765, ""Про-038"": 7.1906, ""Про-039"": 7.1371, ""Про-040"": 7.1371, ""Про-041"": 7.2156, ""Про-042"": 9.2444, ""Про-043"": 7.5279, ""Про-044"": 7.3081, ""Про-045"": 7.2534, ""Про-046"": 7.4136, ""Про-047"": 14.4432, ""Про-048"": 9.1352}",True
w316845623,Садовая улица,32,4,61.6,7.7077,Про-029,улица Интернационалистов,7.7077,0.0,21,"{""Про-028"": 7.8346, ""Про-029"": 7.7077, ""Про-030"": 7.7382, ""Про-031"": 7.8346, ""Про-032"": 8.4986, ""Про-033"": 7.7077, ""Про-034"": 7.7846, ""Про-035"": 7.7846, ""Про-036"": 7.7846, ""Про-037"": 8.0471, ""Про-038"": 7.7612, ""Про-039"": 7.7077, ""Про-040"": 7.7077, ""Про-041"": 7.7862, ""Про-042"": 9.815, ""Про-043"": 8.0985, ""Про-044"": 7.8788, ""Про-045"": 7.8241, ""Про-046"": 7.9842, ""Про-047"": 14.1398, ""Про-048"": 8.6651}",True
w316845604,Садовая улица,32а,4,17.4,7.7716,Про-029,улица Интернационалистов,7.7716,0.0,21,"{""Про-028"": 7.9512, ""Про-029"": 7.7716, ""Про-030"": 7.8021, ""Про-031"": 7.9512, ""Про-032"": 8.382, ""Про-033"": 7.7716, ""Про-034"": 7.8485, ""Про-035"": 7.8485, ""Про-036"": 7.8485, ""Про-037"": 8.111, ""Про-038"": 7.8251, ""Про-039"": 7.7716, ""Про-040"": 7.7716, ""Про-041"": 7.8501, ""Про-042"": 9.8789, ""Про-043"": 8.1624, ""Про-044"": 7.9426, ""Про-045"": 7.8879, ""Про-046"": 8.0481, ""Про-047"": 14.0232, ""Про-048"": 8.5485}",True
w316845603,Садовая улица,34,4,15.2,8.1772,Про-029,улица Интернационалистов,8.1772,0.0,21,"{""Про-028"": 8.2768, ""Про-029"": 8.1772, ""Про-030"": 8.2076, ""Про-031"": 8.2768, ""Про-032"": 8.3443, ""Про-033"": 8.1772, ""Про-034"": 8.254, ""Про-035"": 8.254, ""Про-036"": 8.254, ""Про-037"": 8.5166, ""Про-038"": 8.2307, ""Про-039"": 8.1772, ""Про-040"": 8.1772, ""Про-041"": 8.2557, ""Про-042"": 10.2845, ""Про-043"": 8.5679, ""Про-044"": 8.3482, ""Про-045"": 8.2935, ""Про-046"": 8.4537, ""Про-047"": 13.9855, ""Про-048"": 8.5108}",True
w316844666,Садовая улица,36,4,32.0,8.0665,Про-029,улица Интернационалистов,8.0665,0.0,21,"{""Про-028"": 8.1662, ""Про-029"": 8.0665, ""Про-030"": 8.097, ""Про-031"": 8.1662, ""Про-032"": 8.2336, ""Про-033"": 8.0665, ""Про-034"": 8.1434, ""Про-035"": 8.1434, ""Про-036"": 8.1434, ""Про-037"": 8.406, ""Про-038"": 8.12, ""Про-039"": 8.0665, ""Про-040"": 8.0665, ""Про-041"": 8.145, ""Про-042"": 10.1738, ""Про-043"": 8.4573, ""Про-044"": 8.2376, ""Про-045"": 8.1829, ""Про-046"": 8.343, ""Про-047"": 13.8749, ""Про-048"": 8.4001}",True
w316844623,Садовая улица,38,4,26.0,8.0867,Про-032,Кишинёв-Тирасполь,8.0867,0.0,21,"{""Про-028"": 8.3098, ""Про-029"": 8.1302, ""Про-030"": 8.1606, ""Про-031"": 8.3098, ""Про-032"": 8.0867, ""Про-033"": 8.1302, ""Про-034"": 8.207, ""Про-035"": 8.207, ""Про-036"": 8.207, ""Про-037"": 8.4696, ""Про-038"": 8.1837, ""Про-039"": 8.1302, ""Про-040"": 8.1302, ""Про-041"": 8.2087, ""Про-042"": 10.1109, ""Про-043"": 8.5209, ""Про-044"": 8.3012, ""Про-045"": 8.2465, ""Про-046"": 8.4067, ""Про-047"": 13.7279, ""Про-048"": 8.2532}",True
w316844574,Садовая улица,40,4,15.3,8.0938,Про-029,улица Интернационалистов,8.0938,0.0,21,"{""Про-028"": 8.2734, ""Про-029"": 8.0938, ""Про-030"": 8.1243, ""Про-031"": 8.2734, ""Про-032"": 8.0962, ""Про-033"": 8.0938, ""Про-034"": 8.1707, ""Про-035"": 8.1707, ""Про-036"": 8.1707, ""Про-037"": 8.4332, ""Про-038"": 8.1473, ""Про-039"": 8.0938, ""Про-040"": 8.0938, ""Про-041"": 8.1723, ""Про-042"": 10.1204, ""Про-043"": 8.4846, ""Про-044"": 8.2648, ""Про-045"": 8.2101, ""Про-046"": 8.3703, ""Про-047"": 13.7374, ""Про-048"": 8.2626}",True
w316846224,Садовая улица,43,4,34.3,7.8161,Про-028,Главная улица,7.8161,0.0,21,"{""Про-028"": 7.8161, ""Про-029"": 7.9042, ""Про-030"": 7.9347, ""Про-031"": 7.8161, ""Про-032"": 8.5838, ""Про-033"": 7.9042, ""Про-034"": 7.8758, ""Про-035"": 7.8758, ""Про-036"": 7.8758, ""Про-037"": 8.2437, ""Про-038"": 7.9577, ""Про-039"": 7.9042, ""Про-040"": 7.9042, ""Про-041"": 7.9827, ""Про-042"": 10.0115, ""Про-043"": 8.295, ""Про-044"": 8.0753, ""Про-045"": 8.0206, ""Про-046"": 8.1807, ""Про-047"": 14.225, ""Про-048"": 8.7503}",True
w316845828,Садовая улица,49,4,47.8,7.8874,Про-028,Главная улица,7.8874,0.0,21,"{""Про-028"": 7.8874, ""Про-029"": 7.9756, ""Про-030"": 8.006, ""Про-031"": 7.8874, ""Про-032"": 8.5124, ""Про-033"": 7.9756, ""Про-034"": 7.9472, ""Про-035"": 7.9472, ""Про-036"": 7.9472, ""Про-037"": 8.315, ""Про-038"": 8.0291, ""Про-039"": 7.9756, ""Про-040"": 7.9756, ""Про-041"": 8.0541, ""Про-042"": 10.0829, ""Про-043"": 8.3664, ""Про-044"": 8.1466, ""Про-045"": 8.0919, ""Про-046"": 8.2521, ""Про-047"": 14.1537, ""Про-048"": 8.6789}",True
w316845811,Садовая улица,51,4,35.5,7.9493,Про-028,Главная улица,7.9493,0.0,21,"{""Про-028"": 7.9493, ""Про-029"": 8.0374, ""Про-030"": 8.0679, ""Про-031"": 7.9493, ""Про-032"": 8.4506, ""Про-033"": 8.0374, ""Про-034"": 8.009, ""Про-035"": 8.009, ""Про-036"": 8.009, ""Про-037"": 8.3769, ""Про-038"": 8.0909, ""Про-039"": 8.0374, ""Про-040"": 8.0374, ""Про-041"": 8.1159, ""Про-042"": 10.1447, ""Про-043"": 8.4282, ""Про-044"": 8.2085, ""Про-045"": 8.1538, ""Про-046"": 8.3139, ""Про-047"": 14.0918, ""Про-048"": 8.6171}",True
w316845688,Садовая улица,53,4,45.5,7.9493,Про-028,Главная улица,7.9493,0.0,21,"{""Про-028"": 7.9493, ""Про-029"": 8.0374, ""Про-030"": 8.0679, ""Про-031"": 7.9493, ""Про-032"": 8.4506, ""Про-033"": 8.0374, ""Про-034"": 8.009, ""Про-035"": 8.009, ""Про-036"": 8.009, ""Про-037"": 8.3769, ""Про-038"": 8.0909, ""Про-039"": 8.0374, ""Про-040"": 8.0374, ""Про-041"": 8.1159, ""Про-042"": 10.1447, ""Про-043"": 8.4282, ""Про-044"": 8.2085, ""Про-045"": 8.1538, ""Про-046"": 8.3139, ""Про-047"": 14.0918, ""Про-048"": 8.6171}",True
w316845602,Садовая улица,55,4,29.1,8.1067,Про-028,Главная улица,8.1067,0.0,21,"{""Про-028"": 8.1067, ""Про-029"": 8.126, ""Про-030"": 8.1565, ""Про-031"": 8.1067, ""Про-032"": 8.2931, ""Про-033"": 8.126, ""Про-034"": 8.1665, ""Про-035"": 8.1665, ""Про-036"": 8.1665, ""Про-037"": 8.4655, ""Про-038"": 8.1795, ""Про-039"": 8.126, ""Про-040"": 8.126, ""Про-041"": 8.2045, ""Про-042"": 10.2333, ""Про-043"": 8.5168, ""Про-044"": 8.2971, ""Про-045"": 8.2424, ""Про-046"": 8.4025, ""Про-047"": 13.9344, ""Про-048"": 8.4596}",True
n2337908044,Садовая улица,79,4,13.9,8.0063,Про-029,улица Интернационалистов,8.0063,0.0,21,"{""Про-028"": 8.1859, ""Про-029"": 8.0063, ""Про-030"": 8.0368, ""Про-031"": 8.1859, ""Про-032"": 8.1473, ""Про-033"": 8.0063, ""Про-034"": 8.0832, ""Про-035"": 8.0832, ""Про-036"": 8.0832, ""Про-037"": 8.3458, ""Про-038"": 8.0598, ""Про-039"": 8.0063, ""Про-040"": 8.0063, ""Про-041"": 8.0848, ""Про-042"": 10.1136, ""Про-043"": 8.3971, ""Про-044"": 8.1774, ""Про-045"": 8.1227, ""Про-046"": 8.2828, ""Про-047"": 13.7885, ""Про-048"": 8.3138}",True
w284637169,Санаторная улица,6,4,61.6,6.1738,Про-029,улица Интернационалистов,6.1738,0.0,21,"{""Про-028"": 6.525, ""Про-029"": 6.1738, ""Про-030"": 6.2271, ""Про-031"": 6.525, ""Про-032"": 8.6668, ""Про-033"": 6.1738, ""Про-034"": 6.2507, ""Про-035"": 6.2507, ""Про-036"": 6.2507, ""Про-037"": 7.1071, ""Про-038"": 6.2273, ""Про-039"": 6.7447, ""Про-040"": 6.2644, ""Про-041"": 7.0713, ""Про-042"": 8.3733, ""Про-043"": 7.3836, ""Про-044"": 7.1638, ""Про-045"": 6.9848, ""Про-046"": 7.2693, ""Про-047"": 13.5558, ""Про-048"": 10.0642}",True
w284637168,Санаторная улица,8,4,60.0,6.1738,Про-029,улица Интернационалистов,6.1738,0.0,21,"{""Про-028"": 6.525, ""Про-029"": 6.1738, ""Про-030"": 6.2271, ""Про-031"": 6.525, ""Про-032"": 8.6668, ""Про-033"": 6.1738, ""Про-034"": 6.2507, ""Про-035"": 6.2507, ""Про-036"": 6.2507, ""Про-037"": 7.1071, ""Про-038"": 6.2273, ""Про-039"": 6.7447, ""Про-040"": 6.2644, ""Про-041"": 7.0713, ""Про-042"": 8.3733, ""Про-043"": 7.3836, ""Про-044"": 7.1638, ""Про-045"": 6.9848, ""Про-046"": 7.2693, ""Про-047"": 13.5558, ""Про-048"": 10.0642}",True
w284637166,Санаторная улица,10,4,59.0,6.2017,Про-029,улица Интернационалистов,6.2017,0.0,21,"{""Про-028"": 6.5529, ""Про-029"": 6.2017, ""Про-030"": 6.255, ""Про-031"": 6.5529, ""Про-032"": 8.6947, ""Про-033"": 6.2017, ""Про-034"": 6.2786, ""Про-035"": 6.2786, ""Про-036"": 6.2786, ""Про-037"": 7.135, ""Про-038"": 6.2552, ""Про-039"": 6.7726, ""Про-040"": 6.2923, ""Про-041"": 7.0992, ""Про-042"": 8.4012, ""Про-043"": 7.4115, ""Про-044"": 7.1917, ""Про-045"": 7.0127, ""Про-046"": 7.2972, ""Про-047"": 13.5837, ""Про-048"": 10.0921}",True
w284637162,Санаторная улица,12,4,57.1,5.9099,Про-030,улица Кошевого,5.9099,0.0,21,"{""Про-028"": 6.261, ""Про-029"": 6.4233, ""Про-030"": 5.9099, ""Про-031"": 6.261, ""Про-032"": 8.7336, ""Про-033"": 5.9099, ""Про-034"": 5.9868, ""Про-035"": 5.9868, ""Про-036"": 5.9868, ""Про-037"": 7.3665, ""Про-038"": 5.9333, ""Про-039"": 7.0041, ""Про-040"": 6.5238, ""Про-041"": 7.3307, ""Про-042"": 8.4401, ""Про-043"": 7.643, ""Про-044"": 7.4233, ""Про-045"": 7.2443, ""Про-046"": 7.5287, ""Про-047"": 13.7232, ""Про-048"": 10.3236}",True
w284637163,Санаторная улица,14,4,52.9,5.9099,Про-030,улица Кошевого,5.9099,0.0,21,"{""Про-028"": 6.261, ""Про-029"": 6.4233, ""Про-030"": 5.9099, ""Про-031"": 6.261, ""Про-032"": 8.7336, ""Про-033"": 5.9099, ""Про-034"": 5.9868, ""Про-035"": 5.9868, ""Про-036"": 5.9868, ""Про-037"": 7.3665, ""Про-038"": 5.9333, ""Про-039"": 7.0041, ""Про-040"": 6.5238, ""Про-041"": 7.3307, ""Про-042"": 8.4401, ""Про-043"": 7.643, ""Про-044"": 7.4233, ""Про-045"": 7.2443, ""Про-046"": 7.5287, ""Про-047"": 13.7232, ""Про-048"": 10.3236}",True
w284637179,Санаторная улица,16,4,37.9,5.8283,Про-033,Санаторная улица,5.8283,0.0,21,"{""Про-028"": 6.1794, ""Про-029"": 6.3183, ""Про-030"": 5.8815, ""Про-031"": 6.1794, ""Про-032"": 8.709, ""Про-033"": 5.8283, ""Про-034"": 5.9052, ""Про-035"": 5.9052, ""Про-036"": 5.9052, ""Про-037"": 7.2709, ""Про-038"": 5.8818, ""Про-039"": 6.9085, ""Про-040"": 6.4282, ""Про-041"": 7.2351, ""Про-042"": 8.4155, ""Про-043"": 7.5474, ""Про-044"": 7.3276, ""Про-045"": 7.1486, ""Про-046"": 7.4331, ""Про-047"": 13.6181, ""Про-048"": 10.228}",True
w91850348,Санаторная улица,17,4,18.0,6.2017,Про-029,улица Интернационалистов,6.2017,0.0,21,"{""Про-028"": 6.5529, ""Про-029"": 6.2017, ""Про-030"": 6.255, ""Про-031"": 6.5529, ""Про-032"": 8.6947, ""Про-033"": 6.2017, ""Про-034"": 6.2786, ""Про-035"": 6.2786, ""Про-036"": 6.2786, ""Про-037"": 7.135, ""Про-038"": 6.2552, ""Про-039"": 6.7726, ""Про-040"": 6.2923, ""Про-041"": 7.0992, ""Про-042"": 8.4012, ""Про-043"": 7.4115, ""Про-044"": 7.1917, ""Про-045"": 7.0127, ""Про-046"": 7.2972, ""Про-047"": 13.5837, ""Про-048"": 10.0921}",True
w284637180,Санаторная улица,18,4,24.2,5.8283,Про-033,Санаторная улица,5.8283,0.0,21,"{""Про-028"": 6.1794, ""Про-029"": 6.3183, ""Про-030"": 5.8815, ""Про-031"": 6.1794, ""Про-032"": 8.709, ""Про-033"": 5.8283, ""Про-034"": 5.9052, ""Про-035"": 5.9052, ""Про-036"": 5.9052, ""Про-037"": 7.2709, ""Про-038"": 5.8818, ""Про-039"": 6.9085, ""Про-040"": 6.4282, ""Про-041"": 7.2351, ""Про-042"": 8.4155, ""Про-043"": 7.5474, ""Про-044"": 7.3276, ""Про-045"": 7.1486, ""Про-046"": 7.4331, ""Про-047"": 13.6181, ""Про-048"": 10.228}",True
w284637186,Санаторная улица,20,4,17.3,5.8283,Про-033,Санаторная улица,5.8283,0.0,21,"{""Про-028"": 6.1794, ""Про-029"": 6.3183, ""Про-030"": 5.8815, ""Про-031"": 6.1794, ""Про-032"": 8.709, ""Про-033"": 5.8283, ""Про-034"": 5.9052, ""Про-035"": 5.9052, ""Про-036"": 5.9052, ""Про-037"": 7.2709, ""Про-038"": 5.8818, ""Про-039"": 6.9085, ""Про-040"": 6.4282, ""Про-041"": 7.2351, ""Про-042"": 8.4155, ""Про-043"": 7.5474, ""Про-044"": 7.3276, ""Про-045"": 7.1486, ""Про-046"": 7.4331, ""Про-047"": 13.6181, ""Про-048"": 10.228}",True
w284637188,Санаторная улица,22,4,32.9,5.8283,Про-033,Санаторная улица,5.8283,0.0,21,"{""Про-028"": 6.1794, ""Про-029"": 6.3183, ""Про-030"": 5.8815, ""Про-031"": 6.1794, ""Про-032"": 8.709, ""Про-033"": 5.8283, ""Про-034"": 5.9052, ""Про-035"": 5.9052, ""Про-036"": 5.9052, ""Про-037"": 7.2709, ""Про-038"": 5.8818, ""Про-039"": 6.9085, ""Про-040"": 6.4282, ""Про-041"": 7.2351, ""Про-042"": 8.4155, ""Про-043"": 7.5474, ""Про-044"": 7.3276, ""Про-045"": 7.1486, ""Про-046"": 7.4331, ""Про-047"": 13.6181, ""Про-048"": 10.228}",True
w284637191,Санаторная улица,24,4,50.3,5.8283,Про-033,Санаторная улица,5.8283,0.0,21,"{""Про-028"": 6.1794, ""Про-029"": 6.3183, ""Про-030"": 5.8815, ""Про-031"": 6.1794, ""Про-032"": 8.709, ""Про-033"": 5.8283, ""Про-034"": 5.9052, ""Про-035"": 5.9052, ""Про-036"": 5.9052, ""Про-037"": 7.2709, ""Про-038"": 5.8818, ""Про-039"": 6.9085, ""Про-040"": 6.4282, ""Про-041"": 7.2351, ""Про-042"": 8.4155, ""Про-043"": 7.5474, ""Про-044"": 7.3276, ""Про-045"": 7.1486, ""Про-046"": 7.4331, ""Про-047"": 13.6181, ""Про-048"": 10.228}",True
w284637194,Санаторная улица,26,4,49.0,5.7807,Про-030,улица Кошевого,5.7807,0.0,21,"{""Про-028"": 6.1318, ""Про-029"": 6.4229, ""Про-030"": 5.7807, ""Про-031"": 6.1318, ""Про-032"": 8.7161, ""Про-033"": 5.7807, ""Про-034"": 5.8575, ""Про-035"": 5.8575, ""Про-036"": 5.8575, ""Про-037"": 7.349, ""Про-038"": 5.9329, ""Про-039"": 6.9866, ""Про-040"": 6.5063, ""Про-041"": 7.3132, ""Про-042"": 8.4225, ""Про-043"": 7.6255, ""Про-044"": 7.4057, ""Про-045"": 7.2267, ""Про-046"": 7.5112, ""Про-047"": 13.7228, ""Про-048"": 10.3061}",True
w284637193,Санаторная улица,28,4,49.4,5.7807,Про-030,улица Кошевого,5.7807,0.0,21,"{""Про-028"": 6.1318, ""Про-029"": 6.4229, ""Про-030"": 5.7807, ""Про-031"": 6.1318, ""Про-032"": 8.7161, ""Про-033"": 5.7807, ""Про-034"": 5.8575, ""Про-035"": 5.8575, ""Про-036"": 5.8575, ""Про-037"": 7.349, ""Про-038"": 5.9329, ""Про-039"": 6.9866, ""Про-040"": 6.5063, ""Про-041"": 7.3132, ""Про-042"": 8.4225, ""Про-043"": 7.6255, ""Про-044"": 7.4057, ""Про-045"": 7.2267, ""Про-046"": 7.5112, ""Про-047"": 13.7228, ""Про-048"": 10.3061}",True
w284637192,Санаторная улица,30,4,54.9,5.7671,Про-033,Санаторная улица,5.7671,0.0,21,"{""Про-028"": 6.1033, ""Про-029"": 6.4724, ""Про-030"": 5.8204, ""Про-031"": 6.1033, ""Про-032"": 8.8331, ""Про-033"": 5.7671, ""Про-034"": 5.844, ""Про-035"": 5.844, ""Про-036"": 5.844, ""Про-037"": 7.425, ""Про-038"": 6.2008, ""Про-039"": 7.0626, ""Про-040"": 6.5822, ""Про-041"": 7.3892, ""Про-042"": 8.5396, ""Про-043"": 7.7014, ""Про-044"": 7.4817, ""Про-045"": 7.3027, ""Про-046"": 7.5872, ""Про-047"": 13.3817, ""Про-048"": 10.3821}",True
w352285813,Санаторная улица,32,4,29.8,5.6382,Про-033,Санаторная улица,5.6382,0.0,21,"{""Про-028"": 5.9893, ""Про-029"": 6.5084, ""Про-030"": 5.6915, ""Про-031"": 5.9893, ""Про-032"": 8.7042, ""Про-033"": 5.6382, ""Про-034"": 5.7151, ""Про-035"": 5.7151, ""Про-036"": 5.7151, ""Про-037"": 7.461, ""Про-038"": 6.0718, ""Про-039"": 7.0986, ""Про-040"": 6.6183, ""Про-041"": 7.4252, ""Про-042"": 8.4107, ""Про-043"": 7.7375, ""Про-044"": 7.5177, ""Про-045"": 7.3387, ""Про-046"": 7.6232, ""Про-047"": 13.5106, ""Про-048"": 10.4181}",True
w352285815,Санаторная улица,34,4,22.2,5.6382,Про-033,Санаторная улица,5.6382,0.0,21,"{""Про-028"": 5.9893, ""Про-029"": 6.5084, ""Про-030"": 5.6915, ""Про-031"": 5.9893, ""Про-032"": 8.7042, ""Про-033"": 5.6382, ""Про-034"": 5.7151, ""Про-035"": 5.7151, ""Про-036"": 5.7151, ""Про-037"": 7.461, ""Про-038"": 6.0718, ""Про-039"": 7.0986, ""Про-040"": 6.6183, ""Про-041"": 7.4252, ""Про-042"": 8.4107, ""Про-043"": 7.7375, ""Про-044"": 7.5177, ""Про-045"": 7.3387, ""Про-046"": 7.6232, ""Про-047"": 13.5106, ""Про-048"": 10.4181}",True
w352285816,Санаторная улица,36,4,31.4,5.6382,Про-033,Санаторная улица,5.6382,0.0,21,"{""Про-028"": 5.9893, ""Про-029"": 6.5084, ""Про-030"": 5.6915, ""Про-031"": 5.9893, ""Про-032"": 8.7042, ""Про-033"": 5.6382, ""Про-034"": 5.7151, ""Про-035"": 5.7151, ""Про-036"": 5.7151, ""Про-037"": 7.461, ""Про-038"": 6.0718, ""Про-039"": 7.0986, ""Про-040"": 6.6183, ""Про-041"": 7.4252, ""Про-042"": 8.4107, ""Про-043"": 7.7375, ""Про-044"": 7.5177, ""Про-045"": 7.3387, ""Про-046"": 7.6232, ""Про-047"": 13.5106, ""Про-048"": 10.4181}",True
w352285817,Санаторная улица,38,4,49.4,5.5446,Про-033,Санаторная улица,5.5446,0.0,21,"{""Про-028"": 5.8957, ""Про-029"": 6.602, ""Про-030"": 5.5979, ""Про-031"": 5.8957, ""Про-032"": 8.6106, ""Про-033"": 5.5446, ""Про-034"": 5.6215, ""Про-035"": 5.6215, ""Про-036"": 5.6215, ""Про-037"": 7.5546, ""Про-038"": 6.1655, ""Про-039"": 7.1922, ""Про-040"": 6.7119, ""Про-041"": 7.5188, ""Про-042"": 8.317, ""Про-043"": 7.8311, ""Про-044"": 7.6113, ""Про-045"": 7.4323, ""Про-046"": 7.7168, ""Про-047"": 13.6043, ""Про-048"": 10.5117}",True
w352285818,Санаторная улица,40,4,27.7,5.5446,Про-033,Санаторная улица,5.5446,0.0,21,"{""Про-028"": 5.8957, ""Про-029"": 6.602, ""Про-030"": 5.5979, ""Про-031"": 5.8957, ""Про-032"": 8.6106, ""Про-033"": 5.5446, ""Про-034"": 5.6215, ""Про-035"": 5.6215, ""Про-036"": 5.6215, ""Про-037"": 7.5546, ""Про-038"": 6.1655, ""Про-039"": 7.1922, ""Про-040"": 6.7119, ""Про-041"": 7.5188, ""Про-042"": 8.317, ""Про-043"": 7.8311, ""Про-044"": 7.6113, ""Про-045"": 7.4323, ""Про-046"": 7.7168, ""Про-047"": 13.6043, ""Про-048"": 10.5117}",True
w352326123,Санаторная улица,46,4,52.8,5.5446,Про-033,Санаторная улица,5.5446,0.0,21,"{""Про-028"": 5.8957, ""Про-029"": 6.602, ""Про-030"": 5.5979, ""Про-031"": 5.8957, ""Про-032"": 8.6106, ""Про-033"": 5.5446, ""Про-034"": 5.6215, ""Про-035"": 5.6215, ""Про-036"": 5.6215, ""Про-037"": 7.5546, ""Про-038"": 6.1655, ""Про-039"": 7.1922, ""Про-040"": 6.7119, ""Про-041"": 7.5188, ""Про-042"": 8.317, ""Про-043"": 7.8311, ""Про-044"": 7.6113, ""Про-045"": 7.4323, ""Про-046"": 7.7168, ""Про-047"": 13.6043, ""Про-048"": 10.5117}",True
w352326124,Санаторная улица,48,4,55.5,5.6736,Про-030,улица Кошевого,5.6736,0.0,21,"{""Про-028"": 6.0247, ""Про-029"": 6.731, ""Про-030"": 5.6736, ""Про-031"": 6.0247, ""Про-032"": 8.6863, ""Про-033"": 5.6736, ""Про-034"": 5.7505, ""Про-035"": 5.7505, ""Про-036"": 5.7505, ""Про-037"": 7.6608, ""Про-038"": 6.2447, ""Про-039"": 7.2984, ""Про-040"": 6.8181, ""Про-041"": 7.625, ""Про-042"": 8.3928, ""Про-043"": 7.9373, ""Про-044"": 7.7175, ""Про-045"": 7.5385, ""Про-046"": 7.823, ""Про-047"": 13.7333, ""Про-048"": 10.6179}",True
w352326120,Санаторная улица,50,4,48.7,5.6736,Про-030,улица Кошевого,5.6736,0.0,21,"{""Про-028"": 6.0247, ""Про-029"": 6.731, ""Про-030"": 5.6736, ""Про-031"": 6.0247, ""Про-032"": 8.6863, ""Про-033"": 5.6736, ""Про-034"": 5.7505, ""Про-035"": 5.7505, ""Про-036"": 5.7505, ""Про-037"": 7.6608, ""Про-038"": 6.2447, ""Про-039"": 7.2984, ""Про-040"": 6.8181, ""Про-041"": 7.625, ""Про-042"": 8.3928, ""Про-043"": 7.9373, ""Про-044"": 7.7175, ""Про-045"": 7.5385, ""Про-046"": 7.823, ""Про-047"": 13.7333, ""Про-048"": 10.6179}",True
w352325333,Санаторная улица,52,4,46.0,5.6736,Про-030,улица Кошевого,5.6736,0.0,21,"{""Про-028"": 6.0247, ""Про-029"": 6.731, ""Про-030"": 5.6736, ""Про-031"": 6.0247, ""Про-032"": 8.6863, ""Про-033"": 5.6736, ""Про-034"": 5.7505, ""Про-035"": 5.7505, ""Про-036"": 5.7505, ""Про-037"": 7.6608, ""Про-038"": 6.2447, ""Про-039"": 7.2984, ""Про-040"": 6.8181, ""Про-041"": 7.625, ""Про-042"": 8.3928, ""Про-043"": 7.9373, ""Про-044"": 7.7175, ""Про-045"": 7.5385, ""Про-046"": 7.823, ""Про-047"": 13.7333, ""Про-048"": 10.6179}",True
w352284665,Санаторная улица,54,3,47.0,5.3761,Про-033,Санаторная улица,5.3761,0.0,21,"{""Про-028"": 5.7273, ""Про-029"": 6.7704, ""Про-030"": 5.7663, ""Про-031"": 5.7273, ""Про-032"": 8.779, ""Про-033"": 5.3761, ""Про-034"": 5.453, ""Про-035"": 5.453, ""Про-036"": 5.453, ""Про-037"": 7.723, ""Про-038"": 6.3339, ""Про-039"": 7.3606, ""Про-040"": 6.8803, ""Про-041"": 7.6872, ""Про-042"": 8.4855, ""Про-043"": 7.9995, ""Про-044"": 7.7798, ""Про-045"": 7.6008, ""Про-046"": 7.8852, ""Про-047"": 13.7727, ""Про-048"": 10.6801}",True
n11222053152,Славянская улица,10,4,91.1,7.6185,Про-032,Кишинёв-Тирасполь,7.6185,0.0,21,"{""Про-028"": 8.6665, ""Про-029"": 8.3153, ""Про-030"": 8.3458, ""Про-031"": 8.6665, ""Про-032"": 7.6185, ""Про-033"": 8.3153, ""Про-034"": 8.3922, ""Про-035"": 8.3922, ""Про-036"": 8.3922, ""Про-037"": 8.6548, ""Про-038"": 8.3688, ""Про-039"": 8.3153, ""Про-040"": 8.3153, ""Про-041"": 8.3938, ""Про-042"": 9.6427, ""Про-043"": 8.7061, ""Про-044"": 8.4864, ""Про-045"": 8.4317, ""Про-046"": 8.5918, ""Про-047"": 13.6036, ""Про-048"": 7.785}",True
w442395853,Совхозная улица,2,4,34.0,7.0203,Про-028,Главная улица,7.0203,0.0,21,"{""Про-028"": 7.0203, ""Про-029"": 8.4309, ""Про-030"": 8.1045, ""Про-031"": 7.4125, ""Про-032"": 10.9432, ""Про-033"": 8.0144, ""Про-034"": 7.4722, ""Про-035"": 7.4722, ""Про-036"": 7.4722, ""Про-037"": 9.3835, ""Про-038"": 8.4023, ""Про-039"": 9.0211, ""Про-040"": 8.5408, ""Про-041"": 9.3477, ""Про-042"": 10.6497, ""Про-043"": 9.66, ""Про-044"": 9.4403, ""Про-045"": 9.2612, ""Про-046"": 9.5457, ""Про-047"": 11.2382, ""Про-048"": 11.6836}",True
w442395854,Совхозная улица,4,4,39.4,7.0673,Про-028,Главная улица,7.0673,0.0,21,"{""Про-028"": 7.0673, ""Про-029"": 8.4778, ""Про-030"": 8.1514, ""Про-031"": 7.4594, ""Про-032"": 10.9902, ""Про-033"": 8.0613, ""Про-034"": 7.5192, ""Про-035"": 7.5192, ""Про-036"": 7.5192, ""Про-037"": 9.4304, ""Про-038"": 8.4492, ""Про-039"": 9.068, ""Про-040"": 8.5877, ""Про-041"": 9.3946, ""Про-042"": 10.6966, ""Про-043"": 9.7069, ""Про-044"": 9.4872, ""Про-045"": 9.3082, ""Про-046"": 9.5926, ""Про-047"": 11.2851, ""Про-048"": 11.7306}",True
w442395855,Совхозная улица,6,4,36.6,7.0673,Про-028,Главная улица,7.0673,0.0,21,"{""Про-028"": 7.0673, ""Про-029"": 8.4778, ""Про-030"": 8.1514, ""Про-031"": 7.4594, ""Про-032"": 10.9902, ""Про-033"": 8.0613, ""Про-034"": 7.5192, ""Про-035"": 7.5192, ""Про-036"": 7.5192, ""Про-037"": 9.4304, ""Про-038"": 8.4492, ""Про-039"": 9.068, ""Про-040"": 8.5877, ""Про-041"": 9.3946, ""Про-042"": 10.6966, ""Про-043"": 9.7069, ""Про-044"": 9.4872, ""Про-045"": 9.3082, ""Про-046"": 9.5926, ""Про-047"": 11.2851, ""Про-048"": 11.7306}",True
w442395856,Совхозная улица,8,4,39.8,7.0673,Про-028,Главная улица,7.0673,0.0,21,"{""Про-028"": 7.0673, ""Про-029"": 8.4778, ""Про-030"": 8.1514, ""Про-031"": 7.4594, ""Про-032"": 10.9902, ""Про-033"": 8.0613, ""Про-034"": 7.5192, ""Про-035"": 7.5192, ""Про-036"": 7.5192, ""Про-037"": 9.4304, ""Про-038"": 8.4492, ""Про-039"": 9.068, ""Про-040"": 8.5877, ""Про-041"": 9.3946, ""Про-042"": 10.6966, ""Про-043"": 9.7069, ""Про-044"": 9.4872, ""Про-045"": 9.3082, ""Про-046"": 9.5926, ""Про-047"": 11.2851, ""Про-048"": 11.7306}",True
w421314022,Совхозная улица,50,4,91.3,7.6315,Про-028,Главная улица,7.6315,0.0,21,"{""Про-028"": 7.6315, ""Про-029"": 9.0421, ""Про-030"": 8.7156, ""Про-031"": 8.0236, ""Про-032"": 10.7928, ""Про-033"": 8.6255, ""Про-034"": 8.0834, ""Про-035"": 8.0834, ""Про-036"": 8.0834, ""Про-037"": 9.9947, ""Про-038"": 9.0134, ""Про-039"": 9.6323, ""Про-040"": 9.152, ""Про-041"": 9.9589, ""Про-042"": 11.2609, ""Про-043"": 10.2711, ""Про-044"": 10.0514, ""Про-045"": 9.8724, ""Про-046"": 10.1569, ""Про-047"": 11.8086, ""Про-048"": 10.9593}",True
w421314023,Совхозная улица,52,4,74.6,7.6315,Про-028,Главная улица,7.6315,0.0,21,"{""Про-028"": 7.6315, ""Про-029"": 9.0421, ""Про-030"": 8.7156, ""Про-031"": 8.0236, ""Про-032"": 10.7928, ""Про-033"": 8.6255, ""Про-034"": 8.0834, ""Про-035"": 8.0834, ""Про-036"": 8.0834, ""Про-037"": 9.9947, ""Про-038"": 9.0134, ""Про-039"": 9.6323, ""Про-040"": 9.152, ""Про-041"": 9.9589, ""Про-042"": 11.2609, ""Про-043"": 10.2711, ""Про-044"": 10.0514, ""Про-045"": 9.8724, ""Про-046"": 10.1569, ""Про-047"": 11.8086, ""Про-048"": 10.9593}",True
w421314025,Совхозная улица,54,4,57.0,7.6315,Про-028,Главная улица,7.6315,0.0,21,"{""Про-028"": 7.6315, ""Про-029"": 9.0421, ""Про-030"": 8.7156, ""Про-031"": 8.0236, ""Про-032"": 10.7928, ""Про-033"": 8.6255, ""Про-034"": 8.0834, ""Про-035"": 8.0834, ""Про-036"": 8.0834, ""Про-037"": 9.9947, ""Про-038"": 9.0134, ""Про-039"": 9.6323, ""Про-040"": 9.152, ""Про-041"": 9.9589, ""Про-042"": 11.2609, ""Про-043"": 10.2711, ""Про-044"": 10.0514, ""Про-045"": 9.8724, ""Про-046"": 10.1569, ""Про-047"": 11.8086, ""Про-048"": 10.9593}",True
w421314024,Совхозная улица,56,4,32.9,7.6315,Про-028,Главная улица,7.6315,0.0,21,"{""Про-028"": 7.6315, ""Про-029"": 9.0421, ""Про-030"": 8.7156, ""Про-031"": 8.0236, ""Про-032"": 10.7928, ""Про-033"": 8.6255, ""Про-034"": 8.0834, ""Про-035"": 8.0834, ""Про-036"": 8.0834, ""Про-037"": 9.9947, ""Про-038"": 9.0134, ""Про-039"": 9.6323, ""Про-040"": 9.152, ""Про-041"": 9.9589, ""Про-042"": 11.2609, ""Про-043"": 10.2711, ""Про-044"": 10.0514, ""Про-045"": 9.8724, ""Про-046"": 10.1569, ""Про-047"": 11.8086, ""Про-048"": 10.9593}",True
n2337929294,Совхозная улица,58,4,17.2,7.6315,Про-028,Главная улица,7.6315,0.0,21,"{""Про-028"": 7.6315, ""Про-029"": 9.0421, ""Про-030"": 8.7156, ""Про-031"": 8.0236, ""Про-032"": 10.7928, ""Про-033"": 8.6255, ""Про-034"": 8.0834, ""Про-035"": 8.0834, ""Про-036"": 8.0834, ""Про-037"": 9.9947, ""Про-038"": 9.0134, ""Про-039"": 9.6323, ""Про-040"": 9.152, ""Про-041"": 9.9589, ""Про-042"": 11.2609, ""Про-043"": 10.2711, ""Про-044"": 10.0514, ""Про-045"": 9.8724, ""Про-046"": 10.1569, ""Про-047"": 11.8086, ""Про-048"": 10.9593}",True
n2337929293,Совхозная улица,70,4,25.7,7.8349,Про-028,Главная улица,7.8349,0.0,21,"{""Про-028"": 7.8349, ""Про-029"": 9.2455, ""Про-030"": 8.919, ""Про-031"": 8.227, ""Про-032"": 10.5895, ""Про-033"": 8.8289, ""Про-034"": 8.2868, ""Про-035"": 8.2868, ""Про-036"": 8.2868, ""Про-037"": 10.1981, ""Про-038"": 9.2168, ""Про-039"": 9.8356, ""Про-040"": 9.3553, ""Про-041"": 10.1622, ""Про-042"": 11.4642, ""Про-043"": 10.4745, ""Про-044"": 10.2548, ""Про-045"": 10.0758, ""Про-046"": 10.3603, ""Про-047"": 12.012, ""Про-048"": 10.756}",True
n2337934502,Совхозная улица,185,4,16.0,7.0044,Про-028,Главная улица,7.0044,0.0,21,"{""Про-028"": 7.0044, ""Про-029"": 8.415, ""Про-030"": 8.0886, ""Про-031"": 7.3966, ""Про-032"": 10.9273, ""Про-033"": 7.9984, ""Про-034"": 7.4563, ""Про-035"": 7.4563, ""Про-036"": 7.4563, ""Про-037"": 9.3676, ""Про-038"": 8.3864, ""Про-039"": 9.0052, ""Про-040"": 8.5249, ""Про-041"": 9.3318, ""Про-042"": 10.6338, ""Про-043"": 9.6441, ""Про-044"": 9.4243, ""Про-045"": 9.2453, ""Про-046"": 9.5298, ""Про-047"": 11.1135, ""Про-048"": 11.6544}",True
n2337934498,Совхозная улица,206,4,11.1,6.9501,Про-028,Главная улица,6.9501,0.0,21,"{""Про-028"": 6.9501, ""Про-029"": 8.3606, ""Про-030"": 8.0342, ""Про-031"": 7.3422, ""Про-032"": 10.873, ""Про-033"": 7.9441, ""Про-034"": 7.402, ""Про-035"": 7.402, ""Про-036"": 7.402, ""Про-037"": 9.3132, ""Про-038"": 8.332, ""Про-039"": 8.9508, ""Про-040"": 8.4705, ""Про-041"": 9.2774, ""Про-042"": 10.5794, ""Про-043"": 9.5897, ""Про-044"": 9.37, ""Про-045"": 9.191, ""Про-046"": 9.4754, ""Про-047"": 11.1679, ""Про-048"": 11.6133}",True
w320344002,переулок Куйбышева,1,3,20.3,4.5276,Про-035,переулок Куйбышева,4.5808,0.0532,21,"{""Про-028"": 4.8733, ""Про-029"": 7.6958, ""Про-030"": 6.6917, ""Про-031"": 4.8733, ""Про-032"": 9.1031, ""Про-033"": 6.1885, ""Про-034"": 5.6464, ""Про-035"": 4.5808, ""Про-036"": 4.8701, ""Про-037"": 8.315, ""Про-038"": 7.2593, ""Про-039"": 8.286, ""Про-040"": 7.8057, ""Про-041"": 8.6126, ""Про-042"": 8.8096, ""Про-043"": 8.9249, ""Про-044"": 8.7052, ""Про-045"": 8.5261, ""Про-046"": 8.8106, ""Про-047"": 14.0422, ""Про-048"": 11.6055}",True
w352285316,переулок Куйбышева,2,3,19.0,4.6674,Про-035,переулок Куйбышева,4.6674,0.0,21,"{""Про-028"": 5.0131, ""Про-029"": 7.7825, ""Про-030"": 6.7783, ""Про-031"": 5.0131, ""Про-032"": 9.2429, ""Про-033"": 6.2751, ""Про-034"": 5.733, ""Про-035"": 4.6674, ""Про-036"": 4.9568, ""Про-037"": 8.4547, ""Про-038"": 7.3459, ""Про-039"": 8.3727, ""Про-040"": 7.8924, ""Про-041"": 8.6993, ""Про-042"": 8.9493, ""Про-043"": 9.0115, ""Про-044"": 8.7918, ""Про-045"": 8.6128, ""Про-046"": 8.8973, ""Про-047"": 13.991, ""Про-048"": 11.6922}",True
w352285305,переулок Куйбышева,3,3,19.7,4.5542,Про-035,переулок Куйбышева,4.5542,0.0,21,"{""Про-028"": 4.8999, ""Про-029"": 7.6693, ""Про-030"": 6.6651, ""Про-031"": 4.8999, ""Про-032"": 9.1297, ""Про-033"": 6.1619, ""Про-034"": 5.6198, ""Про-035"": 4.5542, ""Про-036"": 4.8435, ""Про-037"": 8.3415, ""Про-038"": 7.2327, ""Про-039"": 8.2594, ""Про-040"": 7.7791, ""Про-041"": 8.5861, ""Про-042"": 8.8361, ""Про-043"": 8.8983, ""Про-044"": 8.6786, ""Про-045"": 8.4996, ""Про-046"": 8.7841, ""Про-047"": 14.0157, ""Про-048"": 11.579}",True
w352285318,переулок Куйбышева,3,3,22.5,4.6256,Про-035,переулок Куйбышева,4.6256,0.0,21,"{""Про-028"": 4.9713, ""Про-029"": 7.7407, ""Про-030"": 6.7365, ""Про-031"": 4.9713, ""Про-032"": 9.2011, ""Про-033"": 6.2334, ""Про-034"": 5.6913, ""Про-035"": 4.6256, ""Про-036"": 4.915, ""Про-037"": 8.4129, ""Про-038"": 7.3041, ""Про-039"": 8.3309, ""Про-040"": 7.8506, ""Про-041"": 8.6575, ""Про-042"": 8.9076, ""Про-043"": 8.9698, ""Про-044"": 8.75, ""Про-045"": 8.571, ""Про-046"": 8.8555, ""Про-047"": 14.0328, ""Про-048"": 11.6504}",True
w677073030,переулок Куйбышева,5,3,20.7,4.628,Про-035,переулок Куйбышева,4.628,0.0,21,"{""Про-028"": 4.9737, ""Про-029"": 7.7431, ""Про-030"": 6.7389, ""Про-031"": 4.9737, ""Про-032"": 9.2035, ""Про-033"": 6.2358, ""Про-034"": 5.6937, ""Про-035"": 4.628, ""Про-036"": 4.9174, ""Про-037"": 8.4154, ""Про-038"": 7.3066, ""Про-039"": 8.3333, ""Про-040"": 7.853, ""Про-041"": 8.6599, ""Про-042"": 8.91, ""Про-043"": 8.9722, ""Про-044"": 8.7524, ""Про-045"": 8.5734, ""Про-046"": 8.8579, ""Про-047"": 14.0304, ""Про-048"": 11.6528}",True
w352313737,переулок Куйбышева,7,3,17.8,4.6674,Про-035,переулок Куйбышева,4.6674,0.0,21,"{""Про-028"": 5.0131, ""Про-029"": 7.7825, ""Про-030"": 6.7783, ""Про-031"": 5.0131, ""Про-032"": 9.2429, ""Про-033"": 6.2751, ""Про-034"": 5.733, ""Про-035"": 4.6674, ""Про-036"": 4.9568, ""Про-037"": 8.4547, ""Про-038"": 7.3459, ""Про-039"": 8.3727, ""Про-040"": 7.8924, ""Про-041"": 8.6993, ""Про-042"": 8.9493, ""Про-043"": 9.0115, ""Про-044"": 8.7918, ""Про-045"": 8.6128, ""Про-046"": 8.8973, ""Про-047"": 13.991, ""Про-048"": 11.6922}",True
w284637172,улица 50 лет Победы,1,4,22.8,6.0663,Про-033,Санаторная улица,6.0663,0.0,21,"{""Про-028"": 6.3278, ""Про-029"": 6.1732, ""Про-030"": 6.1196, ""Про-031"": 6.3278, ""Про-032"": 8.6855, ""Про-033"": 6.0663, ""Про-034"": 6.1432, ""Про-035"": 6.1432, ""Про-036"": 6.1432, ""Про-037"": 7.1258, ""Про-038"": 6.1446, ""Про-039"": 6.7634, ""Про-040"": 6.2831, ""Про-041"": 7.09, ""Про-042"": 8.392, ""Про-043"": 7.4023, ""Про-044"": 7.1825, ""Про-045"": 7.0035, ""Про-046"": 7.288, ""Про-047"": 13.3554, ""Про-048"": 10.0829}",True
w284637201,улица 50 лет Победы,2,4,39.8,6.0707,Про-033,Санаторная улица,6.0707,0.0,21,"{""Про-028"": 6.2813, ""Про-029"": 6.2197, ""Про-030"": 6.124, ""Про-031"": 6.2813, ""Про-032"": 8.732, ""Про-033"": 6.0707, ""Про-034"": 6.1476, ""Про-035"": 6.1476, ""Про-036"": 6.1476, ""Про-037"": 7.1723, ""Про-038"": 6.191, ""Про-039"": 6.8098, ""Про-040"": 6.3295, ""Про-041"": 7.1365, ""Про-042"": 8.4384, ""Про-043"": 7.4487, ""Про-044"": 7.229, ""Про-045"": 7.05, ""Про-046"": 7.3345, ""Про-047"": 13.3089, ""Про-048"": 10.1294}",True
w284637171,улица 50 лет Победы,3,4,31.4,6.0663,Про-033,Санаторная улица,6.0663,0.0,21,"{""Про-028"": 6.3278, ""Про-029"": 6.1732, ""Про-030"": 6.1196, ""Про-031"": 6.3278, ""Про-032"": 8.6855, ""Про-033"": 6.0663, ""Про-034"": 6.1432, ""Про-035"": 6.1432, ""Про-036"": 6.1432, ""Про-037"": 7.1258, ""Про-038"": 6.1446, ""Про-039"": 6.7634, ""Про-040"": 6.2831, ""Про-041"": 7.09, ""Про-042"": 8.392, ""Про-043"": 7.4023, ""Про-044"": 7.1825, ""Про-045"": 7.0035, ""Про-046"": 7.288, ""Про-047"": 13.3554, ""Про-048"": 10.0829}",True
w284637175,улица 50 лет Победы,5,4,59.1,6.0707,Про-033,Санаторная улица,6.0707,0.0,21,"{""Про-028"": 6.2813, ""Про-029"": 6.2197, ""Про-030"": 6.124, ""Про-031"": 6.2813, ""Про-032"": 8.732, ""Про-033"": 6.0707, ""Про-034"": 6.1476, ""Про-035"": 6.1476, ""Про-036"": 6.1476, ""Про-037"": 7.1723, ""Про-038"": 6.191, ""Про-039"": 6.8098, ""Про-040"": 6.3295, ""Про-041"": 7.1365, ""Про-042"": 8.4384, ""Про-043"": 7.4487, ""Про-044"": 7.229, ""Про-045"": 7.05, ""Про-046"": 7.3345, ""Про-047"": 13.3089, ""Про-048"": 10.1294}",True
w284637202,улица 50 лет Победы,6,4,69.5,5.9553,Про-033,Санаторная улица,5.9553,0.0,21,"{""Про-028"": 6.166, ""Про-029"": 6.335, ""Про-030"": 6.0086, ""Про-031"": 6.166, ""Про-032"": 8.8474, ""Про-033"": 5.9553, ""Про-034"": 6.0322, ""Про-035"": 6.0322, ""Про-036"": 6.0322, ""Про-037"": 7.2876, ""Про-038"": 6.3064, ""Про-039"": 6.9252, ""Про-040"": 6.4449, ""Про-041"": 7.2518, ""Про-042"": 8.5538, ""Про-043"": 7.5641, ""Про-044"": 7.3444, ""Про-045"": 7.1654, ""Про-046"": 7.4498, ""Про-047"": 13.1935, ""Про-048"": 10.2447}",True
w284637176,улица 50 лет Победы,7,4,74.3,6.0707,Про-033,Санаторная улица,6.0707,0.0,21,"{""Про-028"": 6.2813, ""Про-029"": 6.2197, ""Про-030"": 6.124, ""Про-031"": 6.2813, ""Про-032"": 8.732, ""Про-033"": 6.0707, ""Про-034"": 6.1476, ""Про-035"": 6.1476, ""Про-036"": 6.1476, ""Про-037"": 7.1723, ""Про-038"": 6.191, ""Про-039"": 6.8098, ""Про-040"": 6.3295, ""Про-041"": 7.1365, ""Про-042"": 8.4384, ""Про-043"": 7.4487, ""Про-044"": 7.229, ""Про-045"": 7.05, ""Про-046"": 7.3345, ""Про-047"": 13.3089, ""Про-048"": 10.1294}",True
w284637203,улица 50 лет Победы,8,4,58.5,5.9174,Про-033,Санаторная улица,5.9174,0.0,21,"{""Про-028"": 6.1505, ""Про-029"": 6.373, ""Про-030"": 5.9706, ""Про-031"": 6.1505, ""Про-032"": 8.8853, ""Про-033"": 5.9174, ""Про-034"": 5.9942, ""Про-035"": 5.9942, ""Про-036"": 5.9942, ""Про-037"": 7.3256, ""Про-038"": 6.3444, ""Про-039"": 6.9632, ""Про-040"": 6.4829, ""Про-041"": 7.2898, ""Про-042"": 8.5918, ""Про-043"": 7.6021, ""Про-044"": 7.3823, ""Про-045"": 7.2033, ""Про-046"": 7.4878, ""Про-047"": 13.2315, ""Про-048"": 10.2827}",True
w284637185,улица 50 лет Победы,14,4,57.4,5.9174,Про-033,Санаторная улица,5.9174,0.0,21,"{""Про-028"": 6.1505, ""Про-029"": 6.373, ""Про-030"": 5.9706, ""Про-031"": 6.1505, ""Про-032"": 8.8853, ""Про-033"": 5.9174, ""Про-034"": 5.9942, ""Про-035"": 5.9942, ""Про-036"": 5.9942, ""Про-037"": 7.3256, ""Про-038"": 6.3444, ""Про-039"": 6.9632, ""Про-040"": 6.4829, ""Про-041"": 7.2898, ""Про-042"": 8.5918, ""Про-043"": 7.6021, ""Про-044"": 7.3823, ""Про-045"": 7.2033, ""Про-046"": 7.4878, ""Про-047"": 13.2315, ""Про-048"": 10.2827}",True
n2337863649,улица 50 лет Победы,16,4,58.0,5.7785,Про-033,Санаторная улица,5.7785,0.0,21,"{""Про-028"": 6.092, ""Про-029"": 6.461, ""Про-030"": 5.8317, ""Про-031"": 6.092, ""Про-032"": 8.8445, ""Про-033"": 5.7785, ""Про-034"": 5.8553, ""Про-035"": 5.8553, ""Про-036"": 5.8553, ""Про-037"": 7.4136, ""Про-038"": 6.2121, ""Про-039"": 7.0512, ""Про-040"": 6.5709, ""Про-041"": 7.3778, ""Про-042"": 8.5509, ""Про-043"": 7.6901, ""Про-044"": 7.4703, ""Про-045"": 7.2913, ""Про-046"": 7.5758, ""Про-047"": 13.3704, ""Про-048"": 10.3707}",True
w284637252,улица 50 лет Победы,18,4,32.9,5.7785,Про-033,Санаторная улица,5.7785,0.0,21,"{""Про-028"": 6.092, ""Про-029"": 6.461, ""Про-030"": 5.8317, ""Про-031"": 6.092, ""Про-032"": 8.8445, ""Про-033"": 5.7785, ""Про-034"": 5.8553, ""Про-035"": 5.8553, ""Про-036"": 5.8553, ""Про-037"": 7.4136, ""Про-038"": 6.2121, ""Про-039"": 7.0512, ""Про-040"": 6.5709, ""Про-041"": 7.3778, ""Про-042"": 8.5509, ""Про-043"": 7.6901, ""Про-044"": 7.4703, ""Про-045"": 7.2913, ""Про-046"": 7.5758, ""Про-047"": 13.3704, ""Про-048"": 10.3707}",True
w284637253,улица 50 лет Победы,20,4,17.8,5.7785,Про-033,Санаторная улица,5.7785,0.0,21,"{""Про-028"": 6.092, ""Про-029"": 6.461, ""Про-030"": 5.8317, ""Про-031"": 6.092, ""Про-032"": 8.8445, ""Про-033"": 5.7785, ""Про-034"": 5.8553, ""Про-035"": 5.8553, ""Про-036"": 5.8553, ""Про-037"": 7.4136, ""Про-038"": 6.2121, ""Про-039"": 7.0512, ""Про-040"": 6.5709, ""Про-041"": 7.3778, ""Про-042"": 8.5509, ""Про-043"": 7.6901, ""Про-044"": 7.4703, ""Про-045"": 7.2913, ""Про-046"": 7.5758, ""Про-047"": 13.3704, ""Про-048"": 10.3707}",True
w284637189,улица 50 лет Победы,21,4,48.7,5.7785,Про-033,Санаторная улица,5.7785,0.0,21,"{""Про-028"": 6.092, ""Про-029"": 6.461, ""Про-030"": 5.8317, ""Про-031"": 6.092, ""Про-032"": 8.8445, ""Про-033"": 5.7785, ""Про-034"": 5.8553, ""Про-035"": 5.8553, ""Про-036"": 5.8553, ""Про-037"": 7.4136, ""Про-038"": 6.2121, ""Про-039"": 7.0512, ""Про-040"": 6.5709, ""Про-041"": 7.3778, ""Про-042"": 8.5509, ""Про-043"": 7.6901, ""Про-044"": 7.4703, ""Про-045"": 7.2913, ""Про-046"": 7.5758, ""Про-047"": 13.3704, ""Про-048"": 10.3707}",True
w284637190,улица 50 лет Победы,23,4,30.7,5.7785,Про-033,Санаторная улица,5.7785,0.0,21,"{""Про-028"": 6.092, ""Про-029"": 6.461, ""Про-030"": 5.8317, ""Про-031"": 6.092, ""Про-032"": 8.8445, ""Про-033"": 5.7785, ""Про-034"": 5.8553, ""Про-035"": 5.8553, ""Про-036"": 5.8553, ""Про-037"": 7.4136, ""Про-038"": 6.2121, ""Про-039"": 7.0512, ""Про-040"": 6.5709, ""Про-041"": 7.3778, ""Про-042"": 8.5509, ""Про-043"": 7.6901, ""Про-044"": 7.4703, ""Про-045"": 7.2913, ""Про-046"": 7.5758, ""Про-047"": 13.3704, ""Про-048"": 10.3707}",True
w352285814,улица 50 лет Победы,29,4,44.4,5.7671,Про-033,Санаторная улица,5.7671,0.0,21,"{""Про-028"": 6.1033, ""Про-029"": 6.4724, ""Про-030"": 5.8204, ""Про-031"": 6.1033, ""Про-032"": 8.8331, ""Про-033"": 5.7671, ""Про-034"": 5.844, ""Про-035"": 5.844, ""Про-036"": 5.844, ""Про-037"": 7.425, ""Про-038"": 6.2008, ""Про-039"": 7.0626, ""Про-040"": 6.5822, ""Про-041"": 7.3892, ""Про-042"": 8.5396, ""Про-043"": 7.7014, ""Про-044"": 7.4817, ""Про-045"": 7.3027, ""Про-046"": 7.5872, ""Про-047"": 13.3817, ""Про-048"": 10.3821}",True
w339209786,улица 50 лет Победы,33,4,59.7,5.6382,Про-033,Санаторная улица,5.6382,0.0,21,"{""Про-028"": 5.9893, ""Про-029"": 6.5084, ""Про-030"": 5.6915, ""Про-031"": 5.9893, ""Про-032"": 8.7042, ""Про-033"": 5.6382, ""Про-034"": 5.7151, ""Про-035"": 5.7151, ""Про-036"": 5.7151, ""Про-037"": 7.461, ""Про-038"": 6.0718, ""Про-039"": 7.0986, ""Про-040"": 6.6183, ""Про-041"": 7.4252, ""Про-042"": 8.4107, ""Про-043"": 7.7375, ""Про-044"": 7.5177, ""Про-045"": 7.3387, ""Про-046"": 7.6232, ""Про-047"": 13.5106, ""Про-048"": 10.4181}",True
w352326955,улица 50 лет Победы,36,4,29.7,5.6224,Про-033,Санаторная улица,5.6224,0.0,21,"{""Про-028"": 5.8811, ""Про-029"": 6.6718, ""Про-030"": 5.6757, ""Про-031"": 5.8811, ""Про-032"": 8.6884, ""Про-033"": 5.6224, ""Про-034"": 5.6993, ""Про-035"": 5.6993, ""Про-036"": 5.6993, ""Про-037"": 7.6244, ""Про-038"": 6.2433, ""Про-039"": 7.262, ""Про-040"": 6.7817, ""Про-041"": 7.5886, ""Про-042"": 8.3949, ""Про-043"": 7.9009, ""Про-044"": 7.6812, ""Про-045"": 7.5021, ""Про-046"": 7.7866, ""Про-047"": 13.5812, ""Про-048"": 10.5815}",True
w352326122,улица 50 лет Победы,45,4,38.9,5.6224,Про-033,Санаторная улица,5.6224,0.0,21,"{""Про-028"": 5.8811, ""Про-029"": 6.6718, ""Про-030"": 5.6757, ""Про-031"": 5.8811, ""Про-032"": 8.6884, ""Про-033"": 5.6224, ""Про-034"": 5.6993, ""Про-035"": 5.6993, ""Про-036"": 5.6993, ""Про-037"": 7.6244, ""Про-038"": 6.2433, ""Про-039"": 7.262, ""Про-040"": 6.7817, ""Про-041"": 7.5886, ""Про-042"": 8.3949, ""Про-043"": 7.9009, ""Про-044"": 7.6812, ""Про-045"": 7.5021, ""Про-046"": 7.7866, ""Про-047"": 13.5812, ""Про-048"": 10.5815}",True
w352326121,улица 50 лет Победы,47,4,75.7,5.6224,Про-033,Санаторная улица,5.6224,0.0,21,"{""Про-028"": 5.8811, ""Про-029"": 6.6718, ""Про-030"": 5.6757, ""Про-031"": 5.8811, ""Про-032"": 8.6884, ""Про-033"": 5.6224, ""Про-034"": 5.6993, ""Про-035"": 5.6993, ""Про-036"": 5.6993, ""Про-037"": 7.6244, ""Про-038"": 6.2433, ""Про-039"": 7.262, ""Про-040"": 6.7817, ""Про-041"": 7.5886, ""Про-042"": 8.3949, ""Про-043"": 7.9009, ""Про-044"": 7.6812, ""Про-045"": 7.5021, ""Про-046"": 7.7866, ""Про-047"": 13.5812, ""Про-048"": 10.5815}",True
w352326119,улица 50 лет Победы,49,4,86.0,5.6736,Про-030,улица Кошевого,5.6736,0.0,21,"{""Про-028"": 6.0247, ""Про-029"": 6.731, ""Про-030"": 5.6736, ""Про-031"": 6.0247, ""Про-032"": 8.6863, ""Про-033"": 5.6736, ""Про-034"": 5.7505, ""Про-035"": 5.7505, ""Про-036"": 5.7505, ""Про-037"": 7.6608, ""Про-038"": 6.2447, ""Про-039"": 7.2984, ""Про-040"": 6.8181, ""Про-041"": 7.625, ""Про-042"": 8.3928, ""Про-043"": 7.9373, ""Про-044"": 7.7175, ""Про-045"": 7.5385, ""Про-046"": 7.823, ""Про-047"": 13.7333, ""Про-048"": 10.6179}",True
w352326118,улица 50 лет Победы,51,4,82.8,5.3761,Про-033,Санаторная улица,5.3761,0.0,21,"{""Про-028"": 5.7273, ""Про-029"": 6.7704, ""Про-030"": 5.7663, ""Про-031"": 5.7273, ""Про-032"": 8.779, ""Про-033"": 5.3761, ""Про-034"": 5.453, ""Про-035"": 5.453, ""Про-036"": 5.453, ""Про-037"": 7.723, ""Про-038"": 6.3339, ""Про-039"": 7.3606, ""Про-040"": 6.8803, ""Про-041"": 7.6872, ""Про-042"": 8.4855, ""Про-043"": 7.9995, ""Про-044"": 7.7798, ""Про-045"": 7.6008, ""Про-046"": 7.8852, ""Про-047"": 13.7727, ""Про-048"": 10.6801}",True
w352326114,улица 50 лет Победы,52,4,95.4,5.72,Про-028,Главная улица,5.72,0.0,21,"{""Про-028"": 5.72, ""Про-029"": 6.781, ""Про-030"": 5.8368, ""Про-031"": 5.72, ""Про-032"": 8.8496, ""Про-033"": 5.7835, ""Про-034"": 5.7798, ""Про-035"": 5.7798, ""Про-036"": 5.7798, ""Про-037"": 7.7336, ""Про-038"": 6.4044, ""Про-039"": 7.3712, ""Про-040"": 6.8909, ""Про-041"": 7.6978, ""Про-042"": 8.556, ""Про-043"": 8.0101, ""Про-044"": 7.7904, ""Про-045"": 7.6113, ""Про-046"": 7.8958, ""Про-047"": 13.5998, ""Про-048"": 10.6907}",True
w352326117,улица 50 лет Победы,53,4,71.2,5.3761,Про-033,Санаторная улица,5.3761,0.0,21,"{""Про-028"": 5.7273, ""Про-029"": 6.7704, ""Про-030"": 5.7663, ""Про-031"": 5.7273, ""Про-032"": 8.779, ""Про-033"": 5.3761, ""Про-034"": 5.453, ""Про-035"": 5.453, ""Про-036"": 5.453, ""Про-037"": 7.723, ""Про-038"": 6.3339, ""Про-039"": 7.3606, ""Про-040"": 6.8803, ""Про-041"": 7.6872, ""Про-042"": 8.4855, ""Про-043"": 7.9995, ""Про-044"": 7.7798, ""Про-045"": 7.6008, ""Про-046"": 7.8852, ""Про-047"": 13.7727, ""Про-048"": 10.6801}",True
w352326113,улица 50 лет Победы,57,4,63.7,5.3761,Про-033,Санаторная улица,5.3761,0.0,21,"{""Про-028"": 5.7273, ""Про-029"": 6.7704, ""Про-030"": 5.7663, ""Про-031"": 5.7273, ""Про-032"": 8.779, ""Про-033"": 5.3761, ""Про-034"": 5.453, ""Про-035"": 5.453, ""Про-036"": 5.453, ""Про-037"": 7.723, ""Про-038"": 6.3339, ""Про-039"": 7.3606, ""Про-040"": 6.8803, ""Про-041"": 7.6872, ""Про-042"": 8.4855, ""Про-043"": 7.9995, ""Про-044"": 7.7798, ""Про-045"": 7.6008, ""Про-046"": 7.8852, ""Про-047"": 13.7727, ""Про-048"": 10.6801}",True
w352326115,улица 50 лет Победы,58,4,70.6,5.5462,Про-028,Главная улица,5.5462,0.0,21,"{""Про-028"": 5.5462, ""Про-029"": 6.9548, ""Про-030"": 6.0106, ""Про-031"": 5.5462, ""Про-032"": 9.0233, ""Про-033"": 5.9573, ""Про-034"": 5.606, ""Про-035"": 5.606, ""Про-036"": 5.606, ""Про-037"": 7.9074, ""Про-038"": 6.5782, ""Про-039"": 7.545, ""Про-040"": 7.0647, ""Про-041"": 7.8716, ""Про-042"": 8.7298, ""Про-043"": 8.1839, ""Про-044"": 7.9641, ""Про-045"": 7.7851, ""Про-046"": 8.0696, ""Про-047"": 13.426, ""Про-048"": 10.8645}",True
w352326112,улица 50 лет Победы,59,4,71.9,5.3761,Про-033,Санаторная улица,5.3761,0.0,21,"{""Про-028"": 5.7273, ""Про-029"": 6.7704, ""Про-030"": 5.7663, ""Про-031"": 5.7273, ""Про-032"": 8.779, ""Про-033"": 5.3761, ""Про-034"": 5.453, ""Про-035"": 5.453, ""Про-036"": 5.453, ""Про-037"": 7.723, ""Про-038"": 6.3339, ""Про-039"": 7.3606, ""Про-040"": 6.8803, ""Про-041"": 7.6872, ""Про-042"": 8.4855, ""Про-043"": 7.9995, ""Про-044"": 7.7798, ""Про-045"": 7.6008, ""Про-046"": 7.8852, ""Про-047"": 13.7727, ""Про-048"": 10.6801}",True
w352326116,улица 50 лет Победы,60,4,55.3,5.5462,Про-028,Главная улица,5.5462,0.0,21,"{""Про-028"": 5.5462, ""Про-029"": 6.9548, ""Про-030"": 6.0106, ""Про-031"": 5.5462, ""Про-032"": 9.0233, ""Про-033"": 5.9573, ""Про-034"": 5.606, ""Про-035"": 5.606, ""Про-036"": 5.606, ""Про-037"": 7.9074, ""Про-038"": 6.5782, ""Про-039"": 7.545, ""Про-040"": 7.0647, ""Про-041"": 7.8716, ""Про-042"": 8.7298, ""Про-043"": 8.1839, ""Про-044"": 7.9641, ""Про-045"": 7.7851, ""Про-046"": 8.0696, ""Про-047"": 13.426, ""Про-048"": 10.8645}",True
w352265836,улица 50 лет Победы,61,4,64.6,5.9148,Про-033,Санаторная улица,5.9148,0.0,21,"{""Про-028"": 6.1735, ""Про-029"": 6.9642, ""Про-030"": 5.9681, ""Про-031"": 6.1735, ""Про-032"": 8.9808, ""Про-033"": 5.9148, ""Про-034"": 5.9917, ""Про-035"": 5.9917, ""Про-036"": 5.9917, ""Про-037"": 7.9168, ""Про-038"": 6.5357, ""Про-039"": 7.5544, ""Про-040"": 7.0741, ""Про-041"": 7.881, ""Про-042"": 8.6873, ""Про-043"": 8.1933, ""Про-044"": 7.9735, ""Про-045"": 7.7945, ""Про-046"": 8.079, ""Про-047"": 13.8736, ""Про-048"": 10.8739}",True
w352163175,улица 50 лет Победы,62,4,61.4,5.9148,Про-033,Санаторная улица,5.9148,0.0,21,"{""Про-028"": 6.1735, ""Про-029"": 6.9642, ""Про-030"": 5.9681, ""Про-031"": 6.1735, ""Про-032"": 8.9808, ""Про-033"": 5.9148, ""Про-034"": 5.9917, ""Про-035"": 5.9917, ""Про-036"": 5.9917, ""Про-037"": 7.9168, ""Про-038"": 6.5357, ""Про-039"": 7.5544, ""Про-040"": 7.0741, ""Про-041"": 7.881, ""Про-042"": 8.6873, ""Про-043"": 8.1933, ""Про-044"": 7.9735, ""Про-045"": 7.7945, ""Про-046"": 8.079, ""Про-047"": 13.8736, ""Про-048"": 10.8739}",True
w352163174,улица 50 лет Победы,64,4,46.9,5.5405,Про-033,Санаторная улица,5.5405,0.0,21,"{""Про-028"": 5.8917, ""Про-029"": 6.9348, ""Про-030"": 5.9307, ""Про-031"": 5.8917, ""Про-032"": 8.9434, ""Про-033"": 5.5405, ""Про-034"": 5.6174, ""Про-035"": 5.6174, ""Про-036"": 5.6174, ""Про-037"": 7.8874, ""Про-038"": 6.4983, ""Про-039"": 7.525, ""Про-040"": 7.0447, ""Про-041"": 7.8516, ""Про-042"": 8.6499, ""Про-043"": 8.1639, ""Про-044"": 7.9442, ""Про-045"": 7.7651, ""Про-046"": 8.0496, ""Про-047"": 13.9371, ""Про-048"": 10.8445}",True
w352163176,улица 50 лет Победы,66,4,19.5,5.9148,Про-033,Санаторная улица,5.9148,0.0,21,"{""Про-028"": 6.1735, ""Про-029"": 6.9642, ""Про-030"": 5.9681, ""Про-031"": 6.1735, ""Про-032"": 8.9808, ""Про-033"": 5.9148, ""Про-034"": 5.9917, ""Про-035"": 5.9917, ""Про-036"": 5.9917, ""Про-037"": 7.9168, ""Про-038"": 6.5357, ""Про-039"": 7.5544, ""Про-040"": 7.0741, ""Про-041"": 7.881, ""Про-042"": 8.6873, ""Про-043"": 8.1933, ""Про-044"": 7.9735, ""Про-045"": 7.7945, ""Про-046"": 8.079, ""Про-047"": 13.8736, ""Про-048"": 10.8739}",True
w352163170,улица 50 лет Победы,68,4,24.1,5.5405,Про-033,Санаторная улица,5.5405,0.0,21,"{""Про-028"": 5.8917, ""Про-029"": 6.9348, ""Про-030"": 5.9307, ""Про-031"": 5.8917, ""Про-032"": 8.9434, ""Про-033"": 5.5405, ""Про-034"": 5.6174, ""Про-035"": 5.6174, ""Про-036"": 5.6174, ""Про-037"": 7.8874, ""Про-038"": 6.4983, ""Про-039"": 7.525, ""Про-040"": 7.0447, ""Про-041"": 7.8516, ""Про-042"": 8.6499, ""Про-043"": 8.1639, ""Про-044"": 7.9442, ""Про-045"": 7.7651, ""Про-046"": 8.0496, ""Про-047"": 13.9371, ""Про-048"": 10.8445}",True
n4988629683,улица Академика Берга,8,4,85.8,7.5997,Про-032,Кишинёв-Тирасполь,7.5997,0.0,21,"{""Про-028"": 8.7342, ""Про-029"": 8.3885, ""Про-030"": 8.419, ""Про-031"": 8.7342, ""Про-032"": 7.5997, ""Про-033"": 8.3885, ""Про-034"": 8.4654, ""Про-035"": 8.4654, ""Про-036"": 8.4654, ""Про-037"": 8.728, ""Про-038"": 8.442, ""Про-039"": 8.3885, ""Про-040"": 8.3885, ""Про-041"": 8.467, ""Про-042"": 9.6239, ""Про-043"": 8.7793, ""Про-044"": 8.5596, ""Про-045"": 8.5049, ""Про-046"": 8.665, ""Про-047"": 13.4032, ""Про-048"": 7.7662}",True
n4988630197,улица Академика Берга,9,4,110.0,7.5997,Про-032,Кишинёв-Тирасполь,7.5997,0.0,21,"{""Про-028"": 8.7342, ""Про-029"": 8.3885, ""Про-030"": 8.419, ""Про-031"": 8.7342, ""Про-032"": 7.5997, ""Про-033"": 8.3885, ""Про-034"": 8.4654, ""Про-035"": 8.4654, ""Про-036"": 8.4654, ""Про-037"": 8.728, ""Про-038"": 8.442, ""Про-039"": 8.3885, ""Про-040"": 8.3885, ""Про-041"": 8.467, ""Про-042"": 9.6239, ""Про-043"": 8.7793, ""Про-044"": 8.5596, ""Про-045"": 8.5049, ""Про-046"": 8.665, ""Про-047"": 13.4032, ""Про-048"": 7.7662}",True
n4988629868,улица Академика Берга,10,4,104.3,7.8358,Про-032,Кишинёв-Тирасполь,7.8358,0.0,21,"{""Про-028"": 8.4981, ""Про-029"": 8.1525, ""Про-030"": 8.1829, ""Про-031"": 8.4981, ""Про-032"": 7.8358, ""Про-033"": 8.1525, ""Про-034"": 8.2293, ""Про-035"": 8.2293, ""Про-036"": 8.2293, ""Про-037"": 8.4919, ""Про-038"": 8.206, ""Про-039"": 8.1525, ""Про-040"": 8.1525, ""Про-041"": 8.231, ""Про-042"": 9.86, ""Про-043"": 8.5432, ""Про-044"": 8.3235, ""Про-045"": 8.2688, ""Про-046"": 8.429, ""Про-047"": 13.6392, ""Про-048"": 8.0023}",True
n4988629869,улица Академика Берга,11,4,82.6,7.8358,Про-032,Кишинёв-Тирасполь,7.8358,0.0,21,"{""Про-028"": 8.4981, ""Про-029"": 8.1525, ""Про-030"": 8.1829, ""Про-031"": 8.4981, ""Про-032"": 7.8358, ""Про-033"": 8.1525, ""Про-034"": 8.2293, ""Про-035"": 8.2293, ""Про-036"": 8.2293, ""Про-037"": 8.4919, ""Про-038"": 8.206, ""Про-039"": 8.1525, ""Про-040"": 8.1525, ""Про-041"": 8.231, ""Про-042"": 9.86, ""Про-043"": 8.5432, ""Про-044"": 8.3235, ""Про-045"": 8.2688, ""Про-046"": 8.429, ""Про-047"": 13.6392, ""Про-048"": 8.0023}",True
n4988629682,улица Академика Берга,13,4,34.4,7.8358,Про-032,Кишинёв-Тирасполь,7.8358,0.0,21,"{""Про-028"": 8.4981, ""Про-029"": 8.1525, ""Про-030"": 8.1829, ""Про-031"": 8.4981, ""Про-032"": 7.8358, ""Про-033"": 8.1525, ""Про-034"": 8.2293, ""Про-035"": 8.2293, ""Про-036"": 8.2293, ""Про-037"": 8.4919, ""Про-038"": 8.206, ""Про-039"": 8.1525, ""Про-040"": 8.1525, ""Про-041"": 8.231, ""Про-042"": 9.86, ""Про-043"": 8.5432, ""Про-044"": 8.3235, ""Про-045"": 8.2688, ""Про-046"": 8.429, ""Про-047"": 13.6392, ""Про-048"": 8.0023}",True
n4988630196,улица Академика Берга,14,4,26.7,7.8358,Про-032,Кишинёв-Тирасполь,7.8358,0.0,21,"{""Про-028"": 8.4981, ""Про-029"": 8.1525, ""Про-030"": 8.1829, ""Про-031"": 8.4981, ""Про-032"": 7.8358, ""Про-033"": 8.1525, ""Про-034"": 8.2293, ""Про-035"": 8.2293, ""Про-036"": 8.2293, ""Про-037"": 8.4919, ""Про-038"": 8.206, ""Про-039"": 8.1525, ""Про-040"": 8.1525, ""Про-041"": 8.231, ""Про-042"": 9.86, ""Про-043"": 8.5432, ""Про-044"": 8.3235, ""Про-045"": 8.2688, ""Про-046"": 8.429, ""Про-047"": 13.6392, ""Про-048"": 8.0023}",True
n4988629681,улица Академика Берга,16,4,51.5,7.8358,Про-032,Кишинёв-Тирасполь,7.8358,0.0,21,"{""Про-028"": 8.4981, ""Про-029"": 8.1525, ""Про-030"": 8.1829, ""Про-031"": 8.4981, ""Про-032"": 7.8358, ""Про-033"": 8.1525, ""Про-034"": 8.2293, ""Про-035"": 8.2293, ""Про-036"": 8.2293, ""Про-037"": 8.4919, ""Про-038"": 8.206, ""Про-039"": 8.1525, ""Про-040"": 8.1525, ""Про-041"": 8.231, ""Про-042"": 9.86, ""Про-043"": 8.5432, ""Про-044"": 8.3235, ""Про-045"": 8.2688, ""Про-046"": 8.429, ""Про-047"": 13.6392, ""Про-048"": 8.0023}",True
n4988630195,улица Академика Берга,17,4,78.2,7.8358,Про-032,Кишинёв-Тирасполь,7.8358,0.0,21,"{""Про-028"": 8.4981, ""Про-029"": 8.1525, ""Про-030"": 8.1829, ""Про-031"": 8.4981, ""Про-032"": 7.8358, ""Про-033"": 8.1525, ""Про-034"": 8.2293, ""Про-035"": 8.2293, ""Про-036"": 8.2293, ""Про-037"": 8.4919, ""Про-038"": 8.206, ""Про-039"": 8.1525, ""Про-040"": 8.1525, ""Про-041"": 8.231, ""Про-042"": 9.86, ""Про-043"": 8.5432, ""Про-044"": 8.3235, ""Про-045"": 8.2688, ""Про-046"": 8.429, ""Про-047"": 13.6392, ""Про-048"": 8.0023}",True
n4988630004,улица Академика Берга,18,4,97.9,8.0756,Про-029,улица Интернационалистов,8.0756,0.0,21,"{""Про-028"": 8.2552, ""Про-029"": 8.0756, ""Про-030"": 8.1061, ""Про-031"": 8.2552, ""Про-032"": 8.078, ""Про-033"": 8.0756, ""Про-034"": 8.1525, ""Про-035"": 8.1525, ""Про-036"": 8.1525, ""Про-037"": 8.4151, ""Про-038"": 8.1291, ""Про-039"": 8.0756, ""Про-040"": 8.0756, ""Про-041"": 8.1541, ""Про-042"": 10.1022, ""Про-043"": 8.4664, ""Про-044"": 8.2467, ""Про-045"": 8.192, ""Про-046"": 8.3521, ""Про-047"": 13.7192, ""Про-048"": 8.2445}",True
n4988629680,улица Академика Берга,19,4,84.0,7.95,Про-029,улица Интернационалистов,7.95,0.0,21,"{""Про-028"": 8.2956, ""Про-029"": 7.95, ""Про-030"": 7.9804, ""Про-031"": 8.2956, ""Про-032"": 8.0382, ""Про-033"": 7.95, ""Про-034"": 8.0269, ""Про-035"": 8.0269, ""Про-036"": 8.0269, ""Про-037"": 8.2894, ""Про-038"": 8.0035, ""Про-039"": 7.95, ""Про-040"": 7.95, ""Про-041"": 8.0285, ""Про-042"": 10.0573, ""Про-043"": 8.3408, ""Про-044"": 8.121, ""Про-045"": 8.0663, ""Про-046"": 8.2265, ""Про-047"": 13.828, ""Про-048"": 8.2047}",True
n4988630194,улица Академика Берга,21,4,35.1,7.95,Про-029,улица Интернационалистов,7.95,0.0,21,"{""Про-028"": 8.2956, ""Про-029"": 7.95, ""Про-030"": 7.9804, ""Про-031"": 8.2956, ""Про-032"": 8.0382, ""Про-033"": 7.95, ""Про-034"": 8.0269, ""Про-035"": 8.0269, ""Про-036"": 8.0269, ""Про-037"": 8.2894, ""Про-038"": 8.0035, ""Про-039"": 7.95, ""Про-040"": 7.95, ""Про-041"": 8.0285, ""Про-042"": 10.0573, ""Про-043"": 8.3408, ""Про-044"": 8.121, ""Про-045"": 8.0663, ""Про-046"": 8.2265, ""Про-047"": 13.828, ""Про-048"": 8.2047}",True
n4988629867,улица Академика Берга,25,4,45.4,7.8358,Про-032,Кишинёв-Тирасполь,7.8358,0.0,21,"{""Про-028"": 8.4981, ""Про-029"": 8.1525, ""Про-030"": 8.1829, ""Про-031"": 8.4981, ""Про-032"": 7.8358, ""Про-033"": 8.1525, ""Про-034"": 8.2293, ""Про-035"": 8.2293, ""Про-036"": 8.2293, ""Про-037"": 8.4919, ""Про-038"": 8.206, ""Про-039"": 8.1525, ""Про-040"": 8.1525, ""Про-041"": 8.231, ""Про-042"": 9.86, ""Про-043"": 8.5432, ""Про-044"": 8.3235, ""Про-045"": 8.2688, ""Про-046"": 8.429, ""Про-047"": 13.6392, ""Про-048"": 8.0023}",True
n4988630003,улица Академика Берга,29,4,18.2,7.7722,Про-029,улица Интернационалистов,7.7722,0.0,21,"{""Про-028"": 8.1233, ""Про-029"": 7.7722, ""Про-030"": 7.8027, ""Про-031"": 8.1233, ""Про-032"": 8.1973, ""Про-033"": 7.7722, ""Про-034"": 7.8491, ""Про-035"": 7.8491, ""Про-036"": 7.8491, ""Про-037"": 8.1116, ""Про-038"": 7.8257, ""Про-039"": 7.7722, ""Про-040"": 7.7722, ""Про-041"": 7.8507, ""Про-042"": 9.8795, ""Про-043"": 8.163, ""Про-044"": 7.9432, ""Про-045"": 7.8885, ""Про-046"": 8.0487, ""Про-047"": 14.0057, ""Про-048"": 8.3638}",True
n4988629679,улица Академика Берга,30,4,26.7,7.7362,Про-029,улица Интернационалистов,7.7362,0.0,21,"{""Про-028"": 8.0873, ""Про-029"": 7.7362, ""Про-030"": 7.7666, ""Про-031"": 8.0873, ""Про-032"": 8.2333, ""Про-033"": 7.7362, ""Про-034"": 7.8131, ""Про-035"": 7.8131, ""Про-036"": 7.8131, ""Про-037"": 8.0756, ""Про-038"": 7.7897, ""Про-039"": 7.7362, ""Про-040"": 7.7362, ""Про-041"": 7.8147, ""Про-042"": 9.8435, ""Про-043"": 8.127, ""Про-044"": 7.9072, ""Про-045"": 7.8525, ""Про-046"": 8.0127, ""Про-047"": 14.0418, ""Про-048"": 8.3998}",True
n4988629853,улица Академика Берга,57,4,38.8,7.7362,Про-029,улица Интернационалистов,7.7362,0.0,21,"{""Про-028"": 8.0873, ""Про-029"": 7.7362, ""Про-030"": 7.7666, ""Про-031"": 8.0873, ""Про-032"": 8.2333, ""Про-033"": 7.7362, ""Про-034"": 7.8131, ""Про-035"": 7.8131, ""Про-036"": 7.8131, ""Про-037"": 8.0756, ""Про-038"": 7.7897, ""Про-039"": 7.7362, ""Про-040"": 7.7362, ""Про-041"": 7.8147, ""Про-042"": 9.8435, ""Про-043"": 8.127, ""Про-044"": 7.9072, ""Про-045"": 7.8525, ""Про-046"": 8.0127, ""Про-047"": 14.0418, ""Про-048"": 8.3998}",True
n2337908046,улица Академика Берга,82,4,13.3,7.95,Про-029,улица Интернационалистов,7.95,0.0,21,"{""Про-028"": 8.2956, ""Про-029"": 7.95, ""Про-030"": 7.9804, ""Про-031"": 8.2956, ""Про-032"": 8.0382, ""Про-033"": 7.95, ""Про-034"": 8.0269, ""Про-035"": 8.0269, ""Про-036"": 8.0269, ""Про-037"": 8.2894, ""Про-038"": 8.0035, ""Про-039"": 7.95, ""Про-040"": 7.95, ""Про-041"": 8.0285, ""Про-042"": 10.0573, ""Про-043"": 8.3408, ""Про-044"": 8.121, ""Про-045"": 8.0663, ""Про-046"": 8.2265, ""Про-047"": 13.828, ""Про-048"": 8.2047}",True
n2337908047,улица Академика Берга,121,4,19.7,7.7362,Про-029,улица Интернационалистов,7.7362,0.0,21,"{""Про-028"": 8.0873, ""Про-029"": 7.7362, ""Про-030"": 7.7666, ""Про-031"": 8.0873, ""Про-032"": 8.2333, ""Про-033"": 7.7362, ""Про-034"": 7.8131, ""Про-035"": 7.8131, ""Про-036"": 7.8131, ""Про-037"": 8.0756, ""Про-038"": 7.7897, ""Про-039"": 7.7362, ""Про-040"": 7.7362, ""Про-041"": 7.8147, ""Про-042"": 9.8435, ""Про-043"": 8.127, ""Про-044"": 7.9072, ""Про-045"": 7.8525, ""Про-046"": 8.0127, ""Про-047"": 14.0418, ""Про-048"": 8.3998}",True
n4988629677,улица Академика Берга,144,4,42.1,7.6076,Про-029,улица Интернационалистов,7.6076,0.0,21,"{""Про-028"": 7.8624, ""Про-029"": 7.6076, ""Про-030"": 7.638, ""Про-031"": 7.8624, ""Про-032"": 8.6347, ""Про-033"": 7.6076, ""Про-034"": 7.6845, ""Про-035"": 7.6845, ""Про-036"": 7.6845, ""Про-037"": 7.947, ""Про-038"": 7.6611, ""Про-039"": 7.6076, ""Про-040"": 7.6076, ""Про-041"": 7.6861, ""Про-042"": 9.7149, ""Про-043"": 7.9984, ""Про-044"": 7.7786, ""Про-045"": 7.7239, ""Про-046"": 7.8841, ""Про-047"": 14.3893, ""Про-048"": 8.8011}",True
n4988630198,улица Академика Берга,вагончик,4,19.0,7.95,Про-029,улица Интернационалистов,7.95,0.0,21,"{""Про-028"": 8.2956, ""Про-029"": 7.95, ""Про-030"": 7.9804, ""Про-031"": 8.2956, ""Про-032"": 8.0382, ""Про-033"": 7.95, ""Про-034"": 8.0269, ""Про-035"": 8.0269, ""Про-036"": 8.0269, ""Про-037"": 8.2894, ""Про-038"": 8.0035, ""Про-039"": 7.95, ""Про-040"": 7.95, ""Про-041"": 8.0285, ""Про-042"": 10.0573, ""Про-043"": 8.3408, ""Про-044"": 8.121, ""Про-045"": 8.0663, ""Про-046"": 8.2265, ""Про-047"": 13.828, ""Про-048"": 8.2047}",True
w401161045,улица Алеку Руссо,1,4,30.0,5.2265,Про-028,Главная улица,5.2265,0.0,21,"{""Про-028"": 5.2265, ""Про-029"": 7.7569, ""Про-030"": 6.8127, ""Про-031"": 5.7136, ""Про-032"": 9.8254, ""Про-033"": 6.4881, ""Про-034"": 5.946, ""Про-035"": 5.946, ""Про-036"": 5.946, ""Про-037"": 8.7095, ""Про-038"": 7.3803, ""Про-039"": 8.3471, ""Про-040"": 7.8668, ""Про-041"": 8.6737, ""Про-042"": 9.5319, ""Про-043"": 8.986, ""Про-044"": 8.7662, ""Про-045"": 8.5872, ""Про-046"": 8.8717, ""Про-047"": 13.3095, ""Про-048"": 11.6666}",True
w353143628,улица Алеку Руссо,2,4,29.7,5.2265,Про-028,Главная улица,5.2265,0.0,21,"{""Про-028"": 5.2265, ""Про-029"": 7.7569, ""Про-030"": 6.8127, ""Про-031"": 5.7136, ""Про-032"": 9.8254, ""Про-033"": 6.4881, ""Про-034"": 5.946, ""Про-035"": 5.946, ""Про-036"": 5.946, ""Про-037"": 8.7095, ""Про-038"": 7.3803, ""Про-039"": 8.3471, ""Про-040"": 7.8668, ""Про-041"": 8.6737, ""Про-042"": 9.5319, ""Про-043"": 8.986, ""Про-044"": 8.7662, ""Про-045"": 8.5872, ""Про-046"": 8.8717, ""Про-047"": 13.3095, ""Про-048"": 11.6666}",True
w401161048,улица Алеку Руссо,3,4,50.0,5.2265,Про-028,Главная улица,5.2265,0.0,21,"{""Про-028"": 5.2265, ""Про-029"": 7.7569, ""Про-030"": 6.8127, ""Про-031"": 5.7136, ""Про-032"": 9.8254, ""Про-033"": 6.4881, ""Про-034"": 5.946, ""Про-035"": 5.946, ""Про-036"": 5.946, ""Про-037"": 8.7095, ""Про-038"": 7.3803, ""Про-039"": 8.3471, ""Про-040"": 7.8668, ""Про-041"": 8.6737, ""Про-042"": 9.5319, ""Про-043"": 8.986, ""Про-044"": 8.7662, ""Про-045"": 8.5872, ""Про-046"": 8.8717, ""Про-047"": 13.3095, ""Про-048"": 11.6666}",True
w401161036,улица Алеку Руссо,4,4,53.8,5.2265,Про-028,Главная улица,5.2265,0.0,21,"{""Про-028"": 5.2265, ""Про-029"": 7.7569, ""Про-030"": 6.8127, ""Про-031"": 5.7136, ""Про-032"": 9.8254, ""Про-033"": 6.4881, ""Про-034"": 5.946, ""Про-035"": 5.946, ""Про-036"": 5.946, ""Про-037"": 8.7095, ""Про-038"": 7.3803, ""Про-039"": 8.3471, ""Про-040"": 7.8668, ""Про-041"": 8.6737, ""Про-042"": 9.5319, ""Про-043"": 8.986, ""Про-044"": 8.7662, ""Про-045"": 8.5872, ""Про-046"": 8.8717, ""Про-047"": 13.3095, ""Про-048"": 11.6666}",True
w405000974,улица Алеку Руссо,5,4,73.6,5.2265,Про-028,Главная улица,5.2265,0.0,21,"{""Про-028"": 5.2265, ""Про-029"": 7.7569, ""Про-030"": 6.8127, ""Про-031"": 5.7136, ""Про-032"": 9.8254, ""Про-033"": 6.4881, ""Про-034"": 5.946, ""Про-035"": 5.946, ""Про-036"": 5.946, ""Про-037"": 8.7095, ""Про-038"": 7.3803, ""Про-039"": 8.3471, ""Про-040"": 7.8668, ""Про-041"": 8.6737, ""Про-042"": 9.5319, ""Про-043"": 8.986, ""Про-044"": 8.7662, ""Про-045"": 8.5872, ""Про-046"": 8.8717, ""Про-047"": 13.3095, ""Про-048"": 11.6666}",True
w401161038,улица Алеку Руссо,6,4,77.5,5.2265,Про-028,Главная улица,5.2265,0.0,21,"{""Про-028"": 5.2265, ""Про-029"": 7.7569, ""Про-030"": 6.8127, ""Про-031"": 5.7136, ""Про-032"": 9.8254, ""Про-033"": 6.4881, ""Про-034"": 5.946, ""Про-035"": 5.946, ""Про-036"": 5.946, ""Про-037"": 8.7095, ""Про-038"": 7.3803, ""Про-039"": 8.3471, ""Про-040"": 7.8668, ""Про-041"": 8.6737, ""Про-042"": 9.5319, ""Про-043"": 8.986, ""Про-044"": 8.7662, ""Про-045"": 8.5872, ""Про-046"": 8.8717, ""Про-047"": 13.3095, ""Про-048"": 11.6666}",True
w405000973,улица Алеку Руссо,7,4,100.3,5.2265,Про-028,Главная улица,5.2265,0.0,21,"{""Про-028"": 5.2265, ""Про-029"": 7.7569, ""Про-030"": 6.8127, ""Про-031"": 5.7136, ""Про-032"": 9.8254, ""Про-033"": 6.4881, ""Про-034"": 5.946, ""Про-035"": 5.946, ""Про-036"": 5.946, ""Про-037"": 8.7095, ""Про-038"": 7.3803, ""Про-039"": 8.3471, ""Про-040"": 7.8668, ""Про-041"": 8.6737, ""Про-042"": 9.5319, ""Про-043"": 8.986, ""Про-044"": 8.7662, ""Про-045"": 8.5872, ""Про-046"": 8.8717, ""Про-047"": 13.3095, ""Про-048"": 11.6666}",True
w401161039,улица Алеку Руссо,8,4,105.9,5.2265,Про-028,Главная улица,5.2265,0.0,21,"{""Про-028"": 5.2265, ""Про-029"": 7.7569, ""Про-030"": 6.8127, ""Про-031"": 5.7136, ""Про-032"": 9.8254, ""Про-033"": 6.4881, ""Про-034"": 5.946, ""Про-035"": 5.946, ""Про-036"": 5.946, ""Про-037"": 8.7095, ""Про-038"": 7.3803, ""Про-039"": 8.3471, ""Про-040"": 7.8668, ""Про-041"": 8.6737, ""Про-042"": 9.5319, ""Про-043"": 8.986, ""Про-044"": 8.7662, ""Про-045"": 8.5872, ""Про-046"": 8.8717, ""Про-047"": 13.3095, ""Про-048"": 11.6666}",True
w405000976,улица Алеку Руссо,9,4,124.2,5.369,Про-028,Главная улица,5.369,0.0,21,"{""Про-028"": 5.369, ""Про-029"": 7.8994, ""Про-030"": 6.9552, ""Про-031"": 5.8561, ""Про-032"": 9.968, ""Про-033"": 6.6306, ""Про-034"": 6.0885, ""Про-035"": 6.0885, ""Про-036"": 6.0885, ""Про-037"": 8.852, ""Про-038"": 7.5228, ""Про-039"": 8.4896, ""Про-040"": 8.0093, ""Про-041"": 8.8162, ""Про-042"": 9.6744, ""Про-043"": 9.1285, ""Про-044"": 8.9088, ""Про-045"": 8.7297, ""Про-046"": 9.0142, ""Про-047"": 13.452, ""Про-048"": 11.8091}",True
w405000972,улица Алеку Руссо,10,4,99.6,5.369,Про-028,Главная улица,5.369,0.0,21,"{""Про-028"": 5.369, ""Про-029"": 7.8994, ""Про-030"": 6.9552, ""Про-031"": 5.8561, ""Про-032"": 9.968, ""Про-033"": 6.6306, ""Про-034"": 6.0885, ""Про-035"": 6.0885, ""Про-036"": 6.0885, ""Про-037"": 8.852, ""Про-038"": 7.5228, ""Про-039"": 8.4896, ""Про-040"": 8.0093, ""Про-041"": 8.8162, ""Про-042"": 9.6744, ""Про-043"": 9.1285, ""Про-044"": 8.9088, ""Про-045"": 8.7297, ""Про-046"": 9.0142, ""Про-047"": 13.452, ""Про-048"": 11.8091}",True
w405000977,улица Алеку Руссо,11,4,110.2,5.369,Про-028,Главная улица,5.369,0.0,21,"{""Про-028"": 5.369, ""Про-029"": 7.8994, ""Про-030"": 6.9552, ""Про-031"": 5.8561, ""Про-032"": 9.968, ""Про-033"": 6.6306, ""Про-034"": 6.0885, ""Про-035"": 6.0885, ""Про-036"": 6.0885, ""Про-037"": 8.852, ""Про-038"": 7.5228, ""Про-039"": 8.4896, ""Про-040"": 8.0093, ""Про-041"": 8.8162, ""Про-042"": 9.6744, ""Про-043"": 9.1285, ""Про-044"": 8.9088, ""Про-045"": 8.7297, ""Про-046"": 9.0142, ""Про-047"": 13.452, ""Про-048"": 11.8091}",True
w405000975,улица Алеку Руссо,12,4,78.4,5.369,Про-028,Главная улица,5.369,0.0,21,"{""Про-028"": 5.369, ""Про-029"": 7.8994, ""Про-030"": 6.9552, ""Про-031"": 5.8561, ""Про-032"": 9.968, ""Про-033"": 6.6306, ""Про-034"": 6.0885, ""Про-035"": 6.0885, ""Про-036"": 6.0885, ""Про-037"": 8.852, ""Про-038"": 7.5228, ""Про-039"": 8.4896, ""Про-040"": 8.0093, ""Про-041"": 8.8162, ""Про-042"": 9.6744, ""Про-043"": 9.1285, ""Про-044"": 8.9088, ""Про-045"": 8.7297, ""Про-046"": 9.0142, ""Про-047"": 13.452, ""Про-048"": 11.8091}",True
w405000978,улица Алеку Руссо,13,4,95.3,5.4938,Про-028,Главная улица,5.4938,0.0,21,"{""Про-028"": 5.4938, ""Про-029"": 8.0242, ""Про-030"": 7.08, ""Про-031"": 5.9809, ""Про-032"": 10.0928, ""Про-033"": 6.7554, ""Про-034"": 6.2133, ""Про-035"": 6.2133, ""Про-036"": 6.2133, ""Про-037"": 8.9768, ""Про-038"": 7.6477, ""Про-039"": 8.6144, ""Про-040"": 8.1341, ""Про-041"": 8.941, ""Про-042"": 9.7992, ""Про-043"": 9.2533, ""Про-044"": 9.0336, ""Про-045"": 8.8545, ""Про-046"": 9.139, ""Про-047"": 13.5768, ""Про-048"": 11.9339}",True
w405000979,улица Алеку Руссо,14,4,63.6,5.369,Про-028,Главная улица,5.369,0.0,21,"{""Про-028"": 5.369, ""Про-029"": 7.8994, ""Про-030"": 6.9552, ""Про-031"": 5.8561, ""Про-032"": 9.968, ""Про-033"": 6.6306, ""Про-034"": 6.0885, ""Про-035"": 6.0885, ""Про-036"": 6.0885, ""Про-037"": 8.852, ""Про-038"": 7.5228, ""Про-039"": 8.4896, ""Про-040"": 8.0093, ""Про-041"": 8.8162, ""Про-042"": 9.6744, ""Про-043"": 9.1285, ""Про-044"": 8.9088, ""Про-045"": 8.7297, ""Про-046"": 9.0142, ""Про-047"": 13.452, ""Про-048"": 11.8091}",True
w405000981,улица Алеку Руссо,15,4,70.2,5.4938,Про-028,Главная улица,5.4938,0.0,21,"{""Про-028"": 5.4938, ""Про-029"": 8.0242, ""Про-030"": 7.08, ""Про-031"": 5.9809, ""Про-032"": 10.0928, ""Про-033"": 6.7554, ""Про-034"": 6.2133, ""Про-035"": 6.2133, ""Про-036"": 6.2133, ""Про-037"": 8.9768, ""Про-038"": 7.6477, ""Про-039"": 8.6144, ""Про-040"": 8.1341, ""Про-041"": 8.941, ""Про-042"": 9.7992, ""Про-043"": 9.2533, ""Про-044"": 9.0336, ""Про-045"": 8.8545, ""Про-046"": 9.139, ""Про-047"": 13.5768, ""Про-048"": 11.9339}",True
w424745276,улица Алеку Руссо,16,4,51.5,5.369,Про-028,Главная улица,5.369,0.0,21,"{""Про-028"": 5.369, ""Про-029"": 7.8994, ""Про-030"": 6.9552, ""Про-031"": 5.8561, ""Про-032"": 9.968, ""Про-033"": 6.6306, ""Про-034"": 6.0885, ""Про-035"": 6.0885, ""Про-036"": 6.0885, ""Про-037"": 8.852, ""Про-038"": 7.5228, ""Про-039"": 8.4896, ""Про-040"": 8.0093, ""Про-041"": 8.8162, ""Про-042"": 9.6744, ""Про-043"": 9.1285, ""Про-044"": 8.9088, ""Про-045"": 8.7297, ""Про-046"": 9.0142, ""Про-047"": 13.452, ""Про-048"": 11.8091}",True
w424745274,улица Алеку Руссо,17,4,46.5,5.4938,Про-028,Главная улица,5.4938,0.0,21,"{""Про-028"": 5.4938, ""Про-029"": 8.0242, ""Про-030"": 7.08, ""Про-031"": 5.9809, ""Про-032"": 10.0928, ""Про-033"": 6.7554, ""Про-034"": 6.2133, ""Про-035"": 6.2133, ""Про-036"": 6.2133, ""Про-037"": 8.9768, ""Про-038"": 7.6477, ""Про-039"": 8.6144, ""Про-040"": 8.1341, ""Про-041"": 8.941, ""Про-042"": 9.7992, ""Про-043"": 9.2533, ""Про-044"": 9.0336, ""Про-045"": 8.8545, ""Про-046"": 9.139, ""Про-047"": 13.5768, ""Про-048"": 11.9339}",True
w424745278,улица Алеку Руссо,18,4,32.6,5.4938,Про-028,Главная улица,5.4938,0.0,21,"{""Про-028"": 5.4938, ""Про-029"": 8.0242, ""Про-030"": 7.08, ""Про-031"": 5.9809, ""Про-032"": 10.0928, ""Про-033"": 6.7554, ""Про-034"": 6.2133, ""Про-035"": 6.2133, ""Про-036"": 6.2133, ""Про-037"": 8.9768, ""Про-038"": 7.6477, ""Про-039"": 8.6144, ""Про-040"": 8.1341, ""Про-041"": 8.941, ""Про-042"": 9.7992, ""Про-043"": 9.2533, ""Про-044"": 9.0336, ""Про-045"": 8.8545, ""Про-046"": 9.139, ""Про-047"": 13.5768, ""Про-048"": 11.9339}",True
w424745277,улица Алеку Руссо,19,4,22.7,5.4938,Про-028,Главная улица,5.4938,0.0,21,"{""Про-028"": 5.4938, ""Про-029"": 8.0242, ""Про-030"": 7.08, ""Про-031"": 5.9809, ""Про-032"": 10.0928, ""Про-033"": 6.7554, ""Про-034"": 6.2133, ""Про-035"": 6.2133, ""Про-036"": 6.2133, ""Про-037"": 8.9768, ""Про-038"": 7.6477, ""Про-039"": 8.6144, ""Про-040"": 8.1341, ""Про-041"": 8.941, ""Про-042"": 9.7992, ""Про-043"": 9.2533, ""Про-044"": 9.0336, ""Про-045"": 8.8545, ""Про-046"": 9.139, ""Про-047"": 13.5768, ""Про-048"": 11.9339}",True
w425915838,улица Алеку Руссо,20,4,15.2,5.4938,Про-028,Главная улица,5.4938,0.0,21,"{""Про-028"": 5.4938, ""Про-029"": 8.0242, ""Про-030"": 7.08, ""Про-031"": 5.9809, ""Про-032"": 10.0928, ""Про-033"": 6.7554, ""Про-034"": 6.2133, ""Про-035"": 6.2133, ""Про-036"": 6.2133, ""Про-037"": 8.9768, ""Про-038"": 7.6477, ""Про-039"": 8.6144, ""Про-040"": 8.1341, ""Про-041"": 8.941, ""Про-042"": 9.7992, ""Про-043"": 9.2533, ""Про-044"": 9.0336, ""Про-045"": 8.8545, ""Про-046"": 9.139, ""Про-047"": 13.5768, ""Про-048"": 11.9339}",True
w425915837,улица Алеку Руссо,21,4,18.2,5.4938,Про-028,Главная улица,5.4938,0.0,21,"{""Про-028"": 5.4938, ""Про-029"": 8.0242, ""Про-030"": 7.08, ""Про-031"": 5.9809, ""Про-032"": 10.0928, ""Про-033"": 6.7554, ""Про-034"": 6.2133, ""Про-035"": 6.2133, ""Про-036"": 6.2133, ""Про-037"": 8.9768, ""Про-038"": 7.6477, ""Про-039"": 8.6144, ""Про-040"": 8.1341, ""Про-041"": 8.941, ""Про-042"": 9.7992, ""Про-043"": 9.2533, ""Про-044"": 9.0336, ""Про-045"": 8.8545, ""Про-046"": 9.139, ""Про-047"": 13.5768, ""Про-048"": 11.9339}",True
w441641177,улица Алеку Руссо,22,4,27.0,5.4938,Про-028,Главная улица,5.4938,0.0,21,"{""Про-028"": 5.4938, ""Про-029"": 8.0242, ""Про-030"": 7.08, ""Про-031"": 5.9809, ""Про-032"": 10.0928, ""Про-033"": 6.7554, ""Про-034"": 6.2133, ""Про-035"": 6.2133, ""Про-036"": 6.2133, ""Про-037"": 8.9768, ""Про-038"": 7.6477, ""Про-039"": 8.6144, ""Про-040"": 8.1341, ""Про-041"": 8.941, ""Про-042"": 9.7992, ""Про-043"": 9.2533, ""Про-044"": 9.0336, ""Про-045"": 8.8545, ""Про-046"": 9.139, ""Про-047"": 13.5768, ""Про-048"": 11.9339}",True
w441641179,улица Алеку Руссо,23,4,28.4,5.4938,Про-028,Главная улица,5.4938,0.0,21,"{""Про-028"": 5.4938, ""Про-029"": 8.0242, ""Про-030"": 7.08, ""Про-031"": 5.9809, ""Про-032"": 10.0928, ""Про-033"": 6.7554, ""Про-034"": 6.2133, ""Про-035"": 6.2133, ""Про-036"": 6.2133, ""Про-037"": 8.9768, ""Про-038"": 7.6477, ""Про-039"": 8.6144, ""Про-040"": 8.1341, ""Про-041"": 8.941, ""Про-042"": 9.7992, ""Про-043"": 9.2533, ""Про-044"": 9.0336, ""Про-045"": 8.8545, ""Про-046"": 9.139, ""Про-047"": 13.5768, ""Про-048"": 11.9339}",True
w442395866,улица Алеку Руссо,24,4,54.5,5.4938,Про-028,Главная улица,5.4938,0.0,21,"{""Про-028"": 5.4938, ""Про-029"": 8.0242, ""Про-030"": 7.08, ""Про-031"": 5.9809, ""Про-032"": 10.0928, ""Про-033"": 6.7554, ""Про-034"": 6.2133, ""Про-035"": 6.2133, ""Про-036"": 6.2133, ""Про-037"": 8.9768, ""Про-038"": 7.6477, ""Про-039"": 8.6144, ""Про-040"": 8.1341, ""Про-041"": 8.941, ""Про-042"": 9.7992, ""Про-043"": 9.2533, ""Про-044"": 9.0336, ""Про-045"": 8.8545, ""Про-046"": 9.139, ""Про-047"": 13.5768, ""Про-048"": 11.9339}",True
w441641178,улица Алеку Руссо,25,4,60.7,5.4938,Про-028,Главная улица,5.4938,0.0,21,"{""Про-028"": 5.4938, ""Про-029"": 8.0242, ""Про-030"": 7.08, ""Про-031"": 5.9809, ""Про-032"": 10.0928, ""Про-033"": 6.7554, ""Про-034"": 6.2133, ""Про-035"": 6.2133, ""Про-036"": 6.2133, ""Про-037"": 8.9768, ""Про-038"": 7.6477, ""Про-039"": 8.6144, ""Про-040"": 8.1341, ""Про-041"": 8.941, ""Про-042"": 9.7992, ""Про-043"": 9.2533, ""Про-044"": 9.0336, ""Про-045"": 8.8545, ""Про-046"": 9.139, ""Про-047"": 13.5768, ""Про-048"": 11.9339}",True
w442395865,улица Алеку Руссо,26,4,60.3,5.4894,Про-028,Главная улица,5.4894,0.0,21,"{""Про-028"": 5.4894, ""Про-029"": 8.0198, ""Про-030"": 7.0756, ""Про-031"": 5.9765, ""Про-032"": 10.0884, ""Про-033"": 6.751, ""Про-034"": 6.2089, ""Про-035"": 6.2089, ""Про-036"": 6.2089, ""Про-037"": 8.9724, ""Про-038"": 7.6433, ""Про-039"": 8.61, ""Про-040"": 8.1297, ""Про-041"": 8.9366, ""Про-042"": 9.7948, ""Про-043"": 9.2489, ""Про-044"": 9.0292, ""Про-045"": 8.8502, ""Про-046"": 9.1346, ""Про-047"": 13.5724, ""Про-048"": 11.9295}",True
w441641182,улица Алеку Руссо,27,4,85.2,5.4938,Про-028,Главная улица,5.4938,0.0,21,"{""Про-028"": 5.4938, ""Про-029"": 8.0242, ""Про-030"": 7.08, ""Про-031"": 5.9809, ""Про-032"": 10.0928, ""Про-033"": 6.7554, ""Про-034"": 6.2133, ""Про-035"": 6.2133, ""Про-036"": 6.2133, ""Про-037"": 8.9768, ""Про-038"": 7.6477, ""Про-039"": 8.6144, ""Про-040"": 8.1341, ""Про-041"": 8.941, ""Про-042"": 9.7992, ""Про-043"": 9.2533, ""Про-044"": 9.0336, ""Про-045"": 8.8545, ""Про-046"": 9.139, ""Про-047"": 13.5768, ""Про-048"": 11.9339}",True
w442395864,улица Алеку Руссо,28,4,54.8,5.5401,Про-028,Главная улица,5.5401,0.0,21,"{""Про-028"": 5.5401, ""Про-029"": 8.0705, ""Про-030"": 7.1264, ""Про-031"": 6.0272, ""Про-032"": 10.1391, ""Про-033"": 6.8017, ""Про-034"": 6.2596, ""Про-035"": 6.2596, ""Про-036"": 6.2596, ""Про-037"": 9.0231, ""Про-038"": 7.694, ""Про-039"": 8.6607, ""Про-040"": 8.1804, ""Про-041"": 8.9873, ""Про-042"": 9.8455, ""Про-043"": 9.2996, ""Про-044"": 9.0799, ""Про-045"": 8.9009, ""Про-046"": 9.1854, ""Про-047"": 13.6231, ""Про-048"": 11.9802}",True
w441641823,улица Алеку Руссо,29,4,82.0,5.5401,Про-028,Главная улица,5.5401,0.0,21,"{""Про-028"": 5.5401, ""Про-029"": 8.0705, ""Про-030"": 7.1264, ""Про-031"": 6.0272, ""Про-032"": 10.1391, ""Про-033"": 6.8017, ""Про-034"": 6.2596, ""Про-035"": 6.2596, ""Про-036"": 6.2596, ""Про-037"": 9.0231, ""Про-038"": 7.694, ""Про-039"": 8.6607, ""Про-040"": 8.1804, ""Про-041"": 8.9873, ""Про-042"": 9.8455, ""Про-043"": 9.2996, ""Про-044"": 9.0799, ""Про-045"": 8.9009, ""Про-046"": 9.1854, ""Про-047"": 13.6231, ""Про-048"": 11.9802}",True
w442395863,улица Алеку Руссо,30,4,57.2,5.5401,Про-028,Главная улица,5.5401,0.0,21,"{""Про-028"": 5.5401, ""Про-029"": 8.0705, ""Про-030"": 7.1264, ""Про-031"": 6.0272, ""Про-032"": 10.1391, ""Про-033"": 6.8017, ""Про-034"": 6.2596, ""Про-035"": 6.2596, ""Про-036"": 6.2596, ""Про-037"": 9.0231, ""Про-038"": 7.694, ""Про-039"": 8.6607, ""Про-040"": 8.1804, ""Про-041"": 8.9873, ""Про-042"": 9.8455, ""Про-043"": 9.2996, ""Про-044"": 9.0799, ""Про-045"": 8.9009, ""Про-046"": 9.1854, ""Про-047"": 13.6231, ""Про-048"": 11.9802}",True
w441641825,улица Алеку Руссо,31,4,87.0,5.5401,Про-028,Главная улица,5.5401,0.0,21,"{""Про-028"": 5.5401, ""Про-029"": 8.0705, ""Про-030"": 7.1264, ""Про-031"": 6.0272, ""Про-032"": 10.1391, ""Про-033"": 6.8017, ""Про-034"": 6.2596, ""Про-035"": 6.2596, ""Про-036"": 6.2596, ""Про-037"": 9.0231, ""Про-038"": 7.694, ""Про-039"": 8.6607, ""Про-040"": 8.1804, ""Про-041"": 8.9873, ""Про-042"": 9.8455, ""Про-043"": 9.2996, ""Про-044"": 9.0799, ""Про-045"": 8.9009, ""Про-046"": 9.1854, ""Про-047"": 13.6231, ""Про-048"": 11.9802}",True
w442395862,улица Алеку Руссо,32,4,52.2,5.611,Про-028,Главная улица,5.611,0.0,21,"{""Про-028"": 5.611, ""Про-029"": 8.1415, ""Про-030"": 7.1973, ""Про-031"": 6.0982, ""Про-032"": 10.21, ""Про-033"": 6.8727, ""Про-034"": 6.3306, ""Про-035"": 6.3306, ""Про-036"": 6.3306, ""Про-037"": 9.0941, ""Про-038"": 7.7649, ""Про-039"": 8.7317, ""Про-040"": 8.2514, ""Про-041"": 9.0583, ""Про-042"": 9.9165, ""Про-043"": 9.3705, ""Про-044"": 9.1508, ""Про-045"": 8.9718, ""Про-046"": 9.2563, ""Про-047"": 13.694, ""Про-048"": 12.0512}",True
w441641826,улица Алеку Руссо,33,4,61.3,5.7145,Про-028,Главная улица,5.7145,0.0,21,"{""Про-028"": 5.7145, ""Про-029"": 8.245, ""Про-030"": 7.3008, ""Про-031"": 6.2016, ""Про-032"": 10.3135, ""Про-033"": 6.9761, ""Про-034"": 6.434, ""Про-035"": 6.434, ""Про-036"": 6.434, ""Про-037"": 9.1976, ""Про-038"": 7.8684, ""Про-039"": 8.8351, ""Про-040"": 8.3548, ""Про-041"": 9.1617, ""Про-042"": 10.0199, ""Про-043"": 9.474, ""Про-044"": 9.2543, ""Про-045"": 9.0753, ""Про-046"": 9.3598, ""Про-047"": 13.7975, ""Про-048"": 12.1547}",True
w441641827,улица Алеку Руссо,35,4,37.5,5.7145,Про-028,Главная улица,5.7145,0.0,21,"{""Про-028"": 5.7145, ""Про-029"": 8.245, ""Про-030"": 7.3008, ""Про-031"": 6.2016, ""Про-032"": 10.3135, ""Про-033"": 6.9761, ""Про-034"": 6.434, ""Про-035"": 6.434, ""Про-036"": 6.434, ""Про-037"": 9.1976, ""Про-038"": 7.8684, ""Про-039"": 8.8351, ""Про-040"": 8.3548, ""Про-041"": 9.1617, ""Про-042"": 10.0199, ""Про-043"": 9.474, ""Про-044"": 9.2543, ""Про-045"": 9.0753, ""Про-046"": 9.3598, ""Про-047"": 13.7975, ""Про-048"": 12.1547}",True
w441641829,улица Алеку Руссо,37,4,15.6,5.7145,Про-028,Главная улица,5.7145,0.0,21,"{""Про-028"": 5.7145, ""Про-029"": 8.245, ""Про-030"": 7.3008, ""Про-031"": 6.2016, ""Про-032"": 10.3135, ""Про-033"": 6.9761, ""Про-034"": 6.434, ""Про-035"": 6.434, ""Про-036"": 6.434, ""Про-037"": 9.1976, ""Про-038"": 7.8684, ""Про-039"": 8.8351, ""Про-040"": 8.3548, ""Про-041"": 9.1617, ""Про-042"": 10.0199, ""Про-043"": 9.474, ""Про-044"": 9.2543, ""Про-045"": 9.0753, ""Про-046"": 9.3598, ""Про-047"": 13.7975, ""Про-048"": 12.1547}",True
w441641830,улица Алеку Руссо,38,4,19.5,5.7145,Про-028,Главная улица,5.7145,0.0,21,"{""Про-028"": 5.7145, ""Про-029"": 8.245, ""Про-030"": 7.3008, ""Про-031"": 6.2016, ""Про-032"": 10.3135, ""Про-033"": 6.9761, ""Про-034"": 6.434, ""Про-035"": 6.434, ""Про-036"": 6.434, ""Про-037"": 9.1976, ""Про-038"": 7.8684, ""Про-039"": 8.8351, ""Про-040"": 8.3548, ""Про-041"": 9.1617, ""Про-042"": 10.0199, ""Про-043"": 9.474, ""Про-044"": 9.2543, ""Про-045"": 9.0753, ""Про-046"": 9.3598, ""Про-047"": 13.7975, ""Про-048"": 12.1547}",True
w231243206,улица Космонавтов,1,4,19.0,5.8362,Про-028,Главная улица,5.8362,0.0,21,"{""Про-028"": 5.8362, ""Про-029"": 7.0117, ""Про-030"": 6.6852, ""Про-031"": 5.8362, ""Про-032"": 9.524, ""Про-033"": 6.4381, ""Про-034"": 5.896, ""Про-035"": 5.896, ""Про-036"": 5.896, ""Про-037"": 7.9643, ""Про-038"": 6.983, ""Про-039"": 7.6018, ""Про-040"": 7.1215, ""Про-041"": 7.9284, ""Про-042"": 9.2304, ""Про-043"": 8.2407, ""Про-044"": 8.021, ""Про-045"": 7.842, ""Про-046"": 8.1265, ""Про-047"": 13.1358, ""Про-048"": 10.8276}",True
w231243208,улица Космонавтов,1a,4,20.9,5.9001,Про-028,Главная улица,5.9001,0.0,21,"{""Про-028"": 5.9001, ""Про-029"": 7.0755, ""Про-030"": 6.7491, ""Про-031"": 5.9001, ""Про-032"": 9.5878, ""Про-033"": 6.502, ""Про-034"": 5.9599, ""Про-035"": 5.9599, ""Про-036"": 5.9599, ""Про-037"": 8.0281, ""Про-038"": 7.0469, ""Про-039"": 7.6657, ""Про-040"": 7.1854, ""Про-041"": 7.9923, ""Про-042"": 9.2943, ""Про-043"": 8.3046, ""Про-044"": 8.0849, ""Про-045"": 7.9058, ""Про-046"": 8.1903, ""Про-047"": 13.1997, ""Про-048"": 10.8915}",True
n2337912625,улица Космонавтов,2а,4,16.4,5.9001,Про-028,Главная улица,5.9001,0.0,21,"{""Про-028"": 5.9001, ""Про-029"": 7.0755, ""Про-030"": 6.7491, ""Про-031"": 5.9001, ""Про-032"": 9.5878, ""Про-033"": 6.502, ""Про-034"": 5.9599, ""Про-035"": 5.9599, ""Про-036"": 5.9599, ""Про-037"": 8.0281, ""Про-038"": 7.0469, ""Про-039"": 7.6657, ""Про-040"": 7.1854, ""Про-041"": 7.9923, ""Про-042"": 9.2943, ""Про-043"": 8.3046, ""Про-044"": 8.0849, ""Про-045"": 7.9058, ""Про-046"": 8.1903, ""Про-047"": 13.1997, ""Про-048"": 10.8915}",True
w352042541,улица Космонавтов,3,4,41.1,5.8362,Про-028,Главная улица,5.8362,0.0,21,"{""Про-028"": 5.8362, ""Про-029"": 7.0117, ""Про-030"": 6.6852, ""Про-031"": 5.8362, ""Про-032"": 9.524, ""Про-033"": 6.4381, ""Про-034"": 5.896, ""Про-035"": 5.896, ""Про-036"": 5.896, ""Про-037"": 7.9643, ""Про-038"": 6.983, ""Про-039"": 7.6018, ""Про-040"": 7.1215, ""Про-041"": 7.9284, ""Про-042"": 9.2304, ""Про-043"": 8.2407, ""Про-044"": 8.021, ""Про-045"": 7.842, ""Про-046"": 8.1265, ""Про-047"": 13.1358, ""Про-048"": 10.8276}",True
w352160049,улица Космонавтов,4,4,20.9,5.8362,Про-028,Главная улица,5.8362,0.0,21,"{""Про-028"": 5.8362, ""Про-029"": 7.0117, ""Про-030"": 6.6852, ""Про-031"": 5.8362, ""Про-032"": 9.524, ""Про-033"": 6.4381, ""Про-034"": 5.896, ""Про-035"": 5.896, ""Про-036"": 5.896, ""Про-037"": 7.9643, ""Про-038"": 6.983, ""Про-039"": 7.6018, ""Про-040"": 7.1215, ""Про-041"": 7.9284, ""Про-042"": 9.2304, ""Про-043"": 8.2407, ""Про-044"": 8.021, ""Про-045"": 7.842, ""Про-046"": 8.1265, ""Про-047"": 13.1358, ""Про-048"": 10.8276}",True
w352042540,улица Космонавтов,5,4,56.7,5.8362,Про-028,Главная улица,5.8362,0.0,21,"{""Про-028"": 5.8362, ""Про-029"": 7.0117, ""Про-030"": 6.6852, ""Про-031"": 5.8362, ""Про-032"": 9.524, ""Про-033"": 6.4381, ""Про-034"": 5.896, ""Про-035"": 5.896, ""Про-036"": 5.896, ""Про-037"": 7.9643, ""Про-038"": 6.983, ""Про-039"": 7.6018, ""Про-040"": 7.1215, ""Про-041"": 7.9284, ""Про-042"": 9.2304, ""Про-043"": 8.2407, ""Про-044"": 8.021, ""Про-045"": 7.842, ""Про-046"": 8.1265, ""Про-047"": 13.1358, ""Про-048"": 10.8276}",True
w231243205,улица Космонавтов,6,4,25.7,5.8362,Про-028,Главная улица,5.8362,0.0,21,"{""Про-028"": 5.8362, ""Про-029"": 7.0117, ""Про-030"": 6.6852, ""Про-031"": 5.8362, ""Про-032"": 9.524, ""Про-033"": 6.4381, ""Про-034"": 5.896, ""Про-035"": 5.896, ""Про-036"": 5.896, ""Про-037"": 7.9643, ""Про-038"": 6.983, ""Про-039"": 7.6018, ""Про-040"": 7.1215, ""Про-041"": 7.9284, ""Про-042"": 9.2304, ""Про-043"": 8.2407, ""Про-044"": 8.021, ""Про-045"": 7.842, ""Про-046"": 8.1265, ""Про-047"": 13.1358, ""Про-048"": 10.8276}",True
w352160030,улица Космонавтов,7,4,36.7,5.9781,Про-028,Главная улица,5.9781,0.0,21,"{""Про-028"": 5.9781, ""Про-029"": 6.8698, ""Про-030"": 6.5434, ""Про-031"": 5.9781, ""Про-032"": 9.3821, ""Про-033"": 6.4901, ""Про-034"": 6.0379, ""Про-035"": 6.0379, ""Про-036"": 6.0379, ""Про-037"": 7.8224, ""Про-038"": 6.8412, ""Про-039"": 7.46, ""Про-040"": 6.9797, ""Про-041"": 7.7866, ""Про-042"": 9.0886, ""Про-043"": 8.0989, ""Про-044"": 7.8791, ""Про-045"": 7.7001, ""Про-046"": 7.9846, ""Про-047"": 13.2367, ""Про-048"": 10.6857}",True
w352156643,улица Космонавтов,12,4,19.4,5.728,Про-028,Главная улица,5.728,0.0,21,"{""Про-028"": 5.728, ""Про-029"": 7.1055, ""Про-030"": 6.6545, ""Про-031"": 5.728, ""Про-032"": 9.6178, ""Про-033"": 6.3299, ""Про-034"": 5.7878, ""Про-035"": 5.7878, ""Про-036"": 5.7878, ""Про-037"": 8.0581, ""Про-038"": 7.0769, ""Про-039"": 7.6957, ""Про-040"": 7.2154, ""Про-041"": 8.0223, ""Про-042"": 9.3243, ""Про-043"": 8.3346, ""Про-044"": 8.1149, ""Про-045"": 7.9358, ""Про-046"": 8.2203, ""Про-047"": 13.0276, ""Про-048"": 10.76}",True
n2337912620,улица Космонавтов,46,4,19.2,6.2011,Про-033,Санаторная улица,6.2011,0.0,21,"{""Про-028"": 6.2527, ""Про-029"": 6.5808, ""Про-030"": 6.2544, ""Про-031"": 6.2527, ""Про-032"": 9.0931, ""Про-033"": 6.2011, ""Про-034"": 6.278, ""Про-035"": 6.278, ""Про-036"": 6.278, ""Про-037"": 7.5334, ""Про-038"": 6.5522, ""Про-039"": 7.171, ""Про-040"": 6.6907, ""Про-041"": 7.4976, ""Про-042"": 8.7996, ""Про-043"": 7.8099, ""Про-044"": 7.5901, ""Про-045"": 7.4111, ""Про-046"": 7.6956, ""Про-047"": 12.9477, ""Про-048"": 10.3967}",True
w352285324,улица Мира,1,3,39.5,4.6984,Про-035,переулок Куйбышева,4.6984,0.0,21,"{""Про-028"": 5.0441, ""Про-029"": 7.8084, ""Про-030"": 6.8042, ""Про-031"": 5.0441, ""Про-032"": 9.2738, ""Про-033"": 6.3011, ""Про-034"": 5.759, ""Про-035"": 4.6984, ""Про-036"": 4.9877, ""Про-037"": 8.4857, ""Про-038"": 7.3719, ""Про-039"": 8.3986, ""Про-040"": 7.9183, ""Про-041"": 8.7252, ""Про-042"": 8.9803, ""Про-043"": 9.0375, ""Про-044"": 8.8177, ""Про-045"": 8.6387, ""Про-046"": 8.9232, ""Про-047"": 13.9601, ""Про-048"": 11.7181}",True
w352285325,улица Мира,3,3,27.0,4.777,Про-035,переулок Куйбышева,4.777,0.0,21,"{""Про-028"": 5.1227, ""Про-029"": 7.7297, ""Про-030"": 6.7256, ""Про-031"": 5.1227, ""Про-032"": 9.3525, ""Про-033"": 6.2224, ""Про-034"": 5.6803, ""Про-035"": 4.777, ""Про-036"": 5.0664, ""Про-037"": 8.5643, ""Про-038"": 7.2932, ""Про-039"": 8.3199, ""Про-040"": 7.8396, ""Про-041"": 8.6465, ""Про-042"": 9.059, ""Про-043"": 8.9588, ""Про-044"": 8.7391, ""Про-045"": 8.5601, ""Про-046"": 8.8445, ""Про-047"": 13.8814, ""Про-048"": 11.6394}",True
w352285315,улица Мира,4,3,40.6,4.6674,Про-035,переулок Куйбышева,4.6674,0.0,21,"{""Про-028"": 5.0131, ""Про-029"": 7.7825, ""Про-030"": 6.7783, ""Про-031"": 5.0131, ""Про-032"": 9.2429, ""Про-033"": 6.2751, ""Про-034"": 5.733, ""Про-035"": 4.6674, ""Про-036"": 4.9568, ""Про-037"": 8.4547, ""Про-038"": 7.3459, ""Про-039"": 8.3727, ""Про-040"": 7.8924, ""Про-041"": 8.6993, ""Про-042"": 8.9493, ""Про-043"": 9.0115, ""Про-044"": 8.7918, ""Про-045"": 8.6128, ""Про-046"": 8.8973, ""Про-047"": 13.991, ""Про-048"": 11.6922}",True
w352285326,улица Мира,5,3,11.7,4.777,Про-035,переулок Куйбышева,4.777,0.0,21,"{""Про-028"": 5.1227, ""Про-029"": 7.7297, ""Про-030"": 6.7256, ""Про-031"": 5.1227, ""Про-032"": 9.3525, ""Про-033"": 6.2224, ""Про-034"": 5.6803, ""Про-035"": 4.777, ""Про-036"": 5.0664, ""Про-037"": 8.5643, ""Про-038"": 7.2932, ""Про-039"": 8.3199, ""Про-040"": 7.8396, ""Про-041"": 8.6465, ""Про-042"": 9.059, ""Про-043"": 8.9588, ""Про-044"": 8.7391, ""Про-045"": 8.5601, ""Про-046"": 8.8445, ""Про-047"": 13.8814, ""Про-048"": 11.6394}",True
w352285314,улица Мира,6,3,31.8,4.777,Про-035,переулок Куйбышева,4.777,0.0,21,"{""Про-028"": 5.1227, ""Про-029"": 7.7297, ""Про-030"": 6.7256, ""Про-031"": 5.1227, ""Про-032"": 9.3525, ""Про-033"": 6.2224, ""Про-034"": 5.6803, ""Про-035"": 4.777, ""Про-036"": 5.0664, ""Про-037"": 8.5643, ""Про-038"": 7.2932, ""Про-039"": 8.3199, ""Про-040"": 7.8396, ""Про-041"": 8.6465, ""Про-042"": 9.059, ""Про-043"": 8.9588, ""Про-044"": 8.7391, ""Про-045"": 8.5601, ""Про-046"": 8.8445, ""Про-047"": 13.8814, ""Про-048"": 11.6394}",True
w677073031,улица Мира,7,3,25.3,4.777,Про-035,переулок Куйбышева,4.777,0.0,21,"{""Про-028"": 5.1227, ""Про-029"": 7.7297, ""Про-030"": 6.7256, ""Про-031"": 5.1227, ""Про-032"": 9.3525, ""Про-033"": 6.2224, ""Про-034"": 5.6803, ""Про-035"": 4.777, ""Про-036"": 5.0664, ""Про-037"": 8.5643, ""Про-038"": 7.2932, ""Про-039"": 8.3199, ""Про-040"": 7.8396, ""Про-041"": 8.6465, ""Про-042"": 9.059, ""Про-043"": 8.9588, ""Про-044"": 8.7391, ""Про-045"": 8.5601, ""Про-046"": 8.8445, ""Про-047"": 13.8814, ""Про-048"": 11.6394}",True
w352285313,улица Мира,8,3,23.4,4.777,Про-035,переулок Куйбышева,4.777,0.0,21,"{""Про-028"": 5.1227, ""Про-029"": 7.7297, ""Про-030"": 6.7256, ""Про-031"": 5.1227, ""Про-032"": 9.3525, ""Про-033"": 6.2224, ""Про-034"": 5.6803, ""Про-035"": 4.777, ""Про-036"": 5.0664, ""Про-037"": 8.5643, ""Про-038"": 7.2932, ""Про-039"": 8.3199, ""Про-040"": 7.8396, ""Про-041"": 8.6465, ""Про-042"": 9.059, ""Про-043"": 8.9588, ""Про-044"": 8.7391, ""Про-045"": 8.5601, ""Про-046"": 8.8445, ""Про-047"": 13.8814, ""Про-048"": 11.6394}",True
w352285327,улица Мира,9,3,24.2,4.8106,Про-035,переулок Куйбышева,4.8106,0.0,21,"{""Про-028"": 5.1562, ""Про-029"": 7.6962, ""Про-030"": 6.6921, ""Про-031"": 5.1562, ""Про-032"": 9.386, ""Про-033"": 6.1889, ""Про-034"": 5.6468, ""Про-035"": 4.8106, ""Про-036"": 5.0999, ""Про-037"": 8.5979, ""Про-038"": 7.2597, ""Про-039"": 8.2864, ""Про-040"": 7.8061, ""Про-041"": 8.613, ""Про-042"": 9.0925, ""Про-043"": 8.9253, ""Про-044"": 8.7055, ""Про-045"": 8.5265, ""Про-046"": 8.811, ""Про-047"": 13.8479, ""Про-048"": 11.6059}",True
w339300187,улица Мира,10,3,27.6,4.8106,Про-035,переулок Куйбышева,4.8106,0.0,21,"{""Про-028"": 5.1562, ""Про-029"": 7.6962, ""Про-030"": 6.6921, ""Про-031"": 5.1562, ""Про-032"": 9.386, ""Про-033"": 6.1889, ""Про-034"": 5.6468, ""Про-035"": 4.8106, ""Про-036"": 5.0999, ""Про-037"": 8.5979, ""Про-038"": 7.2597, ""Про-039"": 8.2864, ""Про-040"": 7.8061, ""Про-041"": 8.613, ""Про-042"": 9.0925, ""Про-043"": 8.9253, ""Про-044"": 8.7055, ""Про-045"": 8.5265, ""Про-046"": 8.811, ""Про-047"": 13.8479, ""Про-048"": 11.6059}",True
w352285330,улица Мира,11,3,16.1,4.8508,Про-035,переулок Куйбышева,4.8508,0.0,21,"{""Про-028"": 5.1965, ""Про-029"": 7.656, ""Про-030"": 6.6518, ""Про-031"": 5.1965, ""Про-032"": 9.4262, ""Про-033"": 6.1487, ""Про-034"": 5.6066, ""Про-035"": 4.8508, ""Про-036"": 5.1401, ""Про-037"": 8.6086, ""Про-038"": 7.2195, ""Про-039"": 8.2462, ""Про-040"": 7.7659, ""Про-041"": 8.5728, ""Про-042"": 9.1327, ""Про-043"": 8.8851, ""Про-044"": 8.6653, ""Про-045"": 8.4863, ""Про-046"": 8.7708, ""Про-047"": 13.8076, ""Про-048"": 11.5657}",True
w352265869,улица Мира,12,3,31.4,4.8508,Про-035,переулок Куйбышева,4.8508,0.0,21,"{""Про-028"": 5.1965, ""Про-029"": 7.656, ""Про-030"": 6.6518, ""Про-031"": 5.1965, ""Про-032"": 9.4262, ""Про-033"": 6.1487, ""Про-034"": 5.6066, ""Про-035"": 4.8508, ""Про-036"": 5.1401, ""Про-037"": 8.6086, ""Про-038"": 7.2195, ""Про-039"": 8.2462, ""Про-040"": 7.7659, ""Про-041"": 8.5728, ""Про-042"": 9.1327, ""Про-043"": 8.8851, ""Про-044"": 8.6653, ""Про-045"": 8.4863, ""Про-046"": 8.7708, ""Про-047"": 13.8076, ""Про-048"": 11.5657}",True
w352316544,улица Мира,13,3,26.6,4.8508,Про-035,переулок Куйбышева,4.8508,0.0,21,"{""Про-028"": 5.1965, ""Про-029"": 7.656, ""Про-030"": 6.6518, ""Про-031"": 5.1965, ""Про-032"": 9.4262, ""Про-033"": 6.1487, ""Про-034"": 5.6066, ""Про-035"": 4.8508, ""Про-036"": 5.1401, ""Про-037"": 8.6086, ""Про-038"": 7.2195, ""Про-039"": 8.2462, ""Про-040"": 7.7659, ""Про-041"": 8.5728, ""Про-042"": 9.1327, ""Про-043"": 8.8851, ""Про-044"": 8.6653, ""Про-045"": 8.4863, ""Про-046"": 8.7708, ""Про-047"": 13.8076, ""Про-048"": 11.5657}",True
w352316547,улица Мира,14,3,32.2,4.8508,Про-035,переулок Куйбышева,4.8508,0.0,21,"{""Про-028"": 5.1965, ""Про-029"": 7.656, ""Про-030"": 6.6518, ""Про-031"": 5.1965, ""Про-032"": 9.4262, ""Про-033"": 6.1487, ""Про-034"": 5.6066, ""Про-035"": 4.8508, ""Про-036"": 5.1401, ""Про-037"": 8.6086, ""Про-038"": 7.2195, ""Про-039"": 8.2462, ""Про-040"": 7.7659, ""Про-041"": 8.5728, ""Про-042"": 9.1327, ""Про-043"": 8.8851, ""Про-044"": 8.6653, ""Про-045"": 8.4863, ""Про-046"": 8.7708, ""Про-047"": 13.8076, ""Про-048"": 11.5657}",True
w352316543,улица Мира,15,3,51.2,4.8508,Про-035,переулок Куйбышева,4.8508,0.0,21,"{""Про-028"": 5.1965, ""Про-029"": 7.656, ""Про-030"": 6.6518, ""Про-031"": 5.1965, ""Про-032"": 9.4262, ""Про-033"": 6.1487, ""Про-034"": 5.6066, ""Про-035"": 4.8508, ""Про-036"": 5.1401, ""Про-037"": 8.6086, ""Про-038"": 7.2195, ""Про-039"": 8.2462, ""Про-040"": 7.7659, ""Про-041"": 8.5728, ""Про-042"": 9.1327, ""Про-043"": 8.8851, ""Про-044"": 8.6653, ""Про-045"": 8.4863, ""Про-046"": 8.7708, ""Про-047"": 13.8076, ""Про-048"": 11.5657}",True
w352317981,улица Мира,16,3,50.6,4.8508,Про-035,переулок Куйбышева,4.8508,0.0,21,"{""Про-028"": 5.1965, ""Про-029"": 7.656, ""Про-030"": 6.6518, ""Про-031"": 5.1965, ""Про-032"": 9.4262, ""Про-033"": 6.1487, ""Про-034"": 5.6066, ""Про-035"": 4.8508, ""Про-036"": 5.1401, ""Про-037"": 8.6086, ""Про-038"": 7.2195, ""Про-039"": 8.2462, ""Про-040"": 7.7659, ""Про-041"": 8.5728, ""Про-042"": 9.1327, ""Про-043"": 8.8851, ""Про-044"": 8.6653, ""Про-045"": 8.4863, ""Про-046"": 8.7708, ""Про-047"": 13.8076, ""Про-048"": 11.5657}",True
w352316545,улица Мира,17,3,51.4,4.9699,Про-035,переулок Куйбышева,4.9699,0.0,21,"{""Про-028"": 5.3155, ""Про-029"": 7.5369, ""Про-030"": 6.5327, ""Про-031"": 5.3155, ""Про-032"": 9.4336, ""Про-033"": 6.0296, ""Про-034"": 5.4875, ""Про-035"": 4.9699, ""Про-036"": 5.2592, ""Про-037"": 8.4895, ""Про-038"": 7.1004, ""Про-039"": 8.1271, ""Про-040"": 7.6468, ""Про-041"": 8.4537, ""Про-042"": 9.14, ""Про-043"": 8.766, ""Про-044"": 8.5462, ""Про-045"": 8.3672, ""Про-046"": 8.6517, ""Про-047"": 13.6886, ""Про-048"": 11.4466}",True
w352317980,улица Мира,18,3,59.3,4.9699,Про-035,переулок Куйбышева,4.9699,0.0,21,"{""Про-028"": 5.3155, ""Про-029"": 7.5369, ""Про-030"": 6.5327, ""Про-031"": 5.3155, ""Про-032"": 9.4336, ""Про-033"": 6.0296, ""Про-034"": 5.4875, ""Про-035"": 4.9699, ""Про-036"": 5.2592, ""Про-037"": 8.4895, ""Про-038"": 7.1004, ""Про-039"": 8.1271, ""Про-040"": 7.6468, ""Про-041"": 8.4537, ""Про-042"": 9.14, ""Про-043"": 8.766, ""Про-044"": 8.5462, ""Про-045"": 8.3672, ""Про-046"": 8.6517, ""Про-047"": 13.6886, ""Про-048"": 11.4466}",True
w352317984,улица Мира,19,3,24.1,4.9699,Про-035,переулок Куйбышева,4.9699,0.0,21,"{""Про-028"": 5.3155, ""Про-029"": 7.5369, ""Про-030"": 6.5327, ""Про-031"": 5.3155, ""Про-032"": 9.4336, ""Про-033"": 6.0296, ""Про-034"": 5.4875, ""Про-035"": 4.9699, ""Про-036"": 5.2592, ""Про-037"": 8.4895, ""Про-038"": 7.1004, ""Про-039"": 8.1271, ""Про-040"": 7.6468, ""Про-041"": 8.4537, ""Про-042"": 9.14, ""Про-043"": 8.766, ""Про-044"": 8.5462, ""Про-045"": 8.3672, ""Про-046"": 8.6517, ""Про-047"": 13.6886, ""Про-048"": 11.4466}",True
w352317982,улица Мира,20,3,39.7,4.9699,Про-035,переулок Куйбышева,4.9699,0.0,21,"{""Про-028"": 5.3155, ""Про-029"": 7.5369, ""Про-030"": 6.5327, ""Про-031"": 5.3155, ""Про-032"": 9.4336, ""Про-033"": 6.0296, ""Про-034"": 5.4875, ""Про-035"": 4.9699, ""Про-036"": 5.2592, ""Про-037"": 8.4895, ""Про-038"": 7.1004, ""Про-039"": 8.1271, ""Про-040"": 7.6468, ""Про-041"": 8.4537, ""Про-042"": 9.14, ""Про-043"": 8.766, ""Про-044"": 8.5462, ""Про-045"": 8.3672, ""Про-046"": 8.6517, ""Про-047"": 13.6886, ""Про-048"": 11.4466}",True
w352318381,улица Мира,21,3,18.5,4.9699,Про-035,переулок Куйбышева,4.9699,0.0,21,"{""Про-028"": 5.3155, ""Про-029"": 7.5369, ""Про-030"": 6.5327, ""Про-031"": 5.3155, ""Про-032"": 9.4336, ""Про-033"": 6.0296, ""Про-034"": 5.4875, ""Про-035"": 4.9699, ""Про-036"": 5.2592, ""Про-037"": 8.4895, ""Про-038"": 7.1004, ""Про-039"": 8.1271, ""Про-040"": 7.6468, ""Про-041"": 8.4537, ""Про-042"": 9.14, ""Про-043"": 8.766, ""Про-044"": 8.5462, ""Про-045"": 8.3672, ""Про-046"": 8.6517, ""Про-047"": 13.6886, ""Про-048"": 11.4466}",True
w352317983,улица Мира,22,3,25.7,4.9699,Про-035,переулок Куйбышева,4.9699,0.0,21,"{""Про-028"": 5.3155, ""Про-029"": 7.5369, ""Про-030"": 6.5327, ""Про-031"": 5.3155, ""Про-032"": 9.4336, ""Про-033"": 6.0296, ""Про-034"": 5.4875, ""Про-035"": 4.9699, ""Про-036"": 5.2592, ""Про-037"": 8.4895, ""Про-038"": 7.1004, ""Про-039"": 8.1271, ""Про-040"": 7.6468, ""Про-041"": 8.4537, ""Про-042"": 9.14, ""Про-043"": 8.766, ""Про-044"": 8.5462, ""Про-045"": 8.3672, ""Про-046"": 8.6517, ""Про-047"": 13.6886, ""Про-048"": 11.4466}",True
w352318377,улица Мира,23,3,31.1,4.9699,Про-035,переулок Куйбышева,4.9699,0.0,21,"{""Про-028"": 5.3155, ""Про-029"": 7.5369, ""Про-030"": 6.5327, ""Про-031"": 5.3155, ""Про-032"": 9.4336, ""Про-033"": 6.0296, ""Про-034"": 5.4875, ""Про-035"": 4.9699, ""Про-036"": 5.2592, ""Про-037"": 8.4895, ""Про-038"": 7.1004, ""Про-039"": 8.1271, ""Про-040"": 7.6468, ""Про-041"": 8.4537, ""Про-042"": 9.14, ""Про-043"": 8.766, ""Про-044"": 8.5462, ""Про-045"": 8.3672, ""Про-046"": 8.6517, ""Про-047"": 13.6886, ""Про-048"": 11.4466}",True
w352316542,улица Мира,24,3,27.8,4.9699,Про-035,переулок Куйбышева,4.9699,0.0,21,"{""Про-028"": 5.3155, ""Про-029"": 7.5369, ""Про-030"": 6.5327, ""Про-031"": 5.3155, ""Про-032"": 9.4336, ""Про-033"": 6.0296, ""Про-034"": 5.4875, ""Про-035"": 4.9699, ""Про-036"": 5.2592, ""Про-037"": 8.4895, ""Про-038"": 7.1004, ""Про-039"": 8.1271, ""Про-040"": 7.6468, ""Про-041"": 8.4537, ""Про-042"": 9.14, ""Про-043"": 8.766, ""Про-044"": 8.5462, ""Про-045"": 8.3672, ""Про-046"": 8.6517, ""Про-047"": 13.6886, ""Про-048"": 11.4466}",True
w352318380,улица Мира,25,4,55.8,4.9699,Про-035,переулок Куйбышева,4.9699,0.0,21,"{""Про-028"": 5.3155, ""Про-029"": 7.5369, ""Про-030"": 6.5327, ""Про-031"": 5.3155, ""Про-032"": 9.4336, ""Про-033"": 6.0296, ""Про-034"": 5.4875, ""Про-035"": 4.9699, ""Про-036"": 5.2592, ""Про-037"": 8.4895, ""Про-038"": 7.1004, ""Про-039"": 8.1271, ""Про-040"": 7.6468, ""Про-041"": 8.4537, ""Про-042"": 9.14, ""Про-043"": 8.766, ""Про-044"": 8.5462, ""Про-045"": 8.3672, ""Про-046"": 8.6517, ""Про-047"": 13.6886, ""Про-048"": 11.4466}",True
w352316541,улица Мира,26,3,32.5,4.9699,Про-035,переулок Куйбышева,4.9699,0.0,21,"{""Про-028"": 5.3155, ""Про-029"": 7.5369, ""Про-030"": 6.5327, ""Про-031"": 5.3155, ""Про-032"": 9.4336, ""Про-033"": 6.0296, ""Про-034"": 5.4875, ""Про-035"": 4.9699, ""Про-036"": 5.2592, ""Про-037"": 8.4895, ""Про-038"": 7.1004, ""Про-039"": 8.1271, ""Про-040"": 7.6468, ""Про-041"": 8.4537, ""Про-042"": 9.14, ""Про-043"": 8.766, ""Про-044"": 8.5462, ""Про-045"": 8.3672, ""Про-046"": 8.6517, ""Про-047"": 13.6886, ""Про-048"": 11.4466}",True
w352318379,улица Мира,27,4,42.2,5.0788,Про-035,переулок Куйбышева,5.0788,0.0,21,"{""Про-028"": 5.4245, ""Про-029"": 7.4279, ""Про-030"": 6.4238, ""Про-031"": 5.4245, ""Про-032"": 9.3246, ""Про-033"": 5.9206, ""Про-034"": 5.3785, ""Про-035"": 5.0788, ""Про-036"": 5.3682, ""Про-037"": 8.3805, ""Про-038"": 6.9914, ""Про-039"": 8.0181, ""Про-040"": 7.5378, ""Про-041"": 8.3447, ""Про-042"": 9.031, ""Про-043"": 8.657, ""Про-044"": 8.4372, ""Про-045"": 8.2582, ""Про-046"": 8.5427, ""Про-047"": 13.5796, ""Про-048"": 11.3376}",True
w352316540,улица Мира,28,4,54.3,4.9699,Про-035,переулок Куйбышева,4.9699,0.0,21,"{""Про-028"": 5.3155, ""Про-029"": 7.5369, ""Про-030"": 6.5327, ""Про-031"": 5.3155, ""Про-032"": 9.4336, ""Про-033"": 6.0296, ""Про-034"": 5.4875, ""Про-035"": 4.9699, ""Про-036"": 5.2592, ""Про-037"": 8.4895, ""Про-038"": 7.1004, ""Про-039"": 8.1271, ""Про-040"": 7.6468, ""Про-041"": 8.4537, ""Про-042"": 9.14, ""Про-043"": 8.766, ""Про-044"": 8.5462, ""Про-045"": 8.3672, ""Про-046"": 8.6517, ""Про-047"": 13.6886, ""Про-048"": 11.4466}",True
w352318002,улица Мира,29,4,17.1,5.0788,Про-035,переулок Куйбышева,5.0788,0.0,21,"{""Про-028"": 5.4245, ""Про-029"": 7.4279, ""Про-030"": 6.4238, ""Про-031"": 5.4245, ""Про-032"": 9.3246, ""Про-033"": 5.9206, ""Про-034"": 5.3785, ""Про-035"": 5.0788, ""Про-036"": 5.3682, ""Про-037"": 8.3805, ""Про-038"": 6.9914, ""Про-039"": 8.0181, ""Про-040"": 7.5378, ""Про-041"": 8.3447, ""Про-042"": 9.031, ""Про-043"": 8.657, ""Про-044"": 8.4372, ""Про-045"": 8.2582, ""Про-046"": 8.5427, ""Про-047"": 13.5796, ""Про-048"": 11.3376}",True
w352316539,улица Мира,30,4,46.8,5.0788,Про-035,переулок Куйбышева,5.0788,0.0,21,"{""Про-028"": 5.4245, ""Про-029"": 7.4279, ""Про-030"": 6.4238, ""Про-031"": 5.4245, ""Про-032"": 9.3246, ""Про-033"": 5.9206, ""Про-034"": 5.3785, ""Про-035"": 5.0788, ""Про-036"": 5.3682, ""Про-037"": 8.3805, ""Про-038"": 6.9914, ""Про-039"": 8.0181, ""Про-040"": 7.5378, ""Про-041"": 8.3447, ""Про-042"": 9.031, ""Про-043"": 8.657, ""Про-044"": 8.4372, ""Про-045"": 8.2582, ""Про-046"": 8.5427, ""Про-047"": 13.5796, ""Про-048"": 11.3376}",True
w352318003,улица Мира,31,4,49.1,5.0788,Про-035,переулок Куйбышева,5.0788,0.0,21,"{""Про-028"": 5.4245, ""Про-029"": 7.4279, ""Про-030"": 6.4238, ""Про-031"": 5.4245, ""Про-032"": 9.3246, ""Про-033"": 5.9206, ""Про-034"": 5.3785, ""Про-035"": 5.0788, ""Про-036"": 5.3682, ""Про-037"": 8.3805, ""Про-038"": 6.9914, ""Про-039"": 8.0181, ""Про-040"": 7.5378, ""Про-041"": 8.3447, ""Про-042"": 9.031, ""Про-043"": 8.657, ""Про-044"": 8.4372, ""Про-045"": 8.2582, ""Про-046"": 8.5427, ""Про-047"": 13.5796, ""Про-048"": 11.3376}",True
w352316538,улица Мира,32,4,29.6,5.0788,Про-035,переулок Куйбышева,5.0788,0.0,21,"{""Про-028"": 5.4245, ""Про-029"": 7.4279, ""Про-030"": 6.4238, ""Про-031"": 5.4245, ""Про-032"": 9.3246, ""Про-033"": 5.9206, ""Про-034"": 5.3785, ""Про-035"": 5.0788, ""Про-036"": 5.3682, ""Про-037"": 8.3805, ""Про-038"": 6.9914, ""Про-039"": 8.0181, ""Про-040"": 7.5378, ""Про-041"": 8.3447, ""Про-042"": 9.031, ""Про-043"": 8.657, ""Про-044"": 8.4372, ""Про-045"": 8.2582, ""Про-046"": 8.5427, ""Про-047"": 13.5796, ""Про-048"": 11.3376}",True
w352161719,улица Мира,33,3,23.3,5.2142,Про-035,переулок Куйбышева,5.2142,0.0,21,"{""Про-028"": 5.3227, ""Про-029"": 7.2926, ""Про-030"": 6.2884, ""Про-031"": 5.3227, ""Про-032"": 9.1893, ""Про-033"": 5.7853, ""Про-034"": 5.2432, ""Про-035"": 5.2142, ""Про-036"": 5.2432, ""Про-037"": 8.2452, ""Про-038"": 6.8561, ""Про-039"": 7.8828, ""Про-040"": 7.4025, ""Про-041"": 8.2094, ""Про-042"": 8.8957, ""Про-043"": 8.5217, ""Про-044"": 8.3019, ""Про-045"": 8.1229, ""Про-046"": 8.4074, ""Про-047"": 13.4442, ""Про-048"": 11.2023}",True
w352265862,улица Мира,34,4,23.8,5.0788,Про-035,переулок Куйбышева,5.0788,0.0,21,"{""Про-028"": 5.4245, ""Про-029"": 7.4279, ""Про-030"": 6.4238, ""Про-031"": 5.4245, ""Про-032"": 9.3246, ""Про-033"": 5.9206, ""Про-034"": 5.3785, ""Про-035"": 5.0788, ""Про-036"": 5.3682, ""Про-037"": 8.3805, ""Про-038"": 6.9914, ""Про-039"": 8.0181, ""Про-040"": 7.5378, ""Про-041"": 8.3447, ""Про-042"": 9.031, ""Про-043"": 8.657, ""Про-044"": 8.4372, ""Про-045"": 8.2582, ""Про-046"": 8.5427, ""Про-047"": 13.5796, ""Про-048"": 11.3376}",True
w352265861,улица Мира,36,4,37.1,5.0788,Про-035,переулок Куйбышева,5.0788,0.0,21,"{""Про-028"": 5.4245, ""Про-029"": 7.4279, ""Про-030"": 6.4238, ""Про-031"": 5.4245, ""Про-032"": 9.3246, ""Про-033"": 5.9206, ""Про-034"": 5.3785, ""Про-035"": 5.0788, ""Про-036"": 5.3682, ""Про-037"": 8.3805, ""Про-038"": 6.9914, ""Про-039"": 8.0181, ""Про-040"": 7.5378, ""Про-041"": 8.3447, ""Про-042"": 9.031, ""Про-043"": 8.657, ""Про-044"": 8.4372, ""Про-045"": 8.2582, ""Про-046"": 8.5427, ""Про-047"": 13.5796, ""Про-048"": 11.3376}",True
w352265860,улица Мира,38,4,62.1,5.0788,Про-035,переулок Куйбышева,5.0788,0.0,21,"{""Про-028"": 5.4245, ""Про-029"": 7.4279, ""Про-030"": 6.4238, ""Про-031"": 5.4245, ""Про-032"": 9.3246, ""Про-033"": 5.9206, ""Про-034"": 5.3785, ""Про-035"": 5.0788, ""Про-036"": 5.3682, ""Про-037"": 8.3805, ""Про-038"": 6.9914, ""Про-039"": 8.0181, ""Про-040"": 7.5378, ""Про-041"": 8.3447, ""Про-042"": 9.031, ""Про-043"": 8.657, ""Про-044"": 8.4372, ""Про-045"": 8.2582, ""Про-046"": 8.5427, ""Про-047"": 13.5796, ""Про-048"": 11.3376}",True
w352265859,улица Мира,40,3,49.7,5.2142,Про-035,переулок Куйбышева,5.2142,0.0,21,"{""Про-028"": 5.3227, ""Про-029"": 7.2926, ""Про-030"": 6.2884, ""Про-031"": 5.3227, ""Про-032"": 9.1893, ""Про-033"": 5.7853, ""Про-034"": 5.2432, ""Про-035"": 5.2142, ""Про-036"": 5.2432, ""Про-037"": 8.2452, ""Про-038"": 6.8561, ""Про-039"": 7.8828, ""Про-040"": 7.4025, ""Про-041"": 8.2094, ""Про-042"": 8.8957, ""Про-043"": 8.5217, ""Про-044"": 8.3019, ""Про-045"": 8.1229, ""Про-046"": 8.4074, ""Про-047"": 13.4442, ""Про-048"": 11.2023}",True
w352265858,улица Мира,42,3,29.7,5.2142,Про-035,переулок Куйбышева,5.2142,0.0,21,"{""Про-028"": 5.3227, ""Про-029"": 7.2926, ""Про-030"": 6.2884, ""Про-031"": 5.3227, ""Про-032"": 9.1893, ""Про-033"": 5.7853, ""Про-034"": 5.2432, ""Про-035"": 5.2142, ""Про-036"": 5.2432, ""Про-037"": 8.2452, ""Про-038"": 6.8561, ""Про-039"": 7.8828, ""Про-040"": 7.4025, ""Про-041"": 8.2094, ""Про-042"": 8.8957, ""Про-043"": 8.5217, ""Про-044"": 8.3019, ""Про-045"": 8.1229, ""Про-046"": 8.4074, ""Про-047"": 13.4442, ""Про-048"": 11.2023}",True
w428711653,улица Мира,44,3,20.2,5.2142,Про-035,переулок Куйбышева,5.2142,0.0,21,"{""Про-028"": 5.3227, ""Про-029"": 7.2926, ""Про-030"": 6.2884, ""Про-031"": 5.3227, ""Про-032"": 9.1893, ""Про-033"": 5.7853, ""Про-034"": 5.2432, ""Про-035"": 5.2142, ""Про-036"": 5.2432, ""Про-037"": 8.2452, ""Про-038"": 6.8561, ""Про-039"": 7.8828, ""Про-040"": 7.4025, ""Про-041"": 8.2094, ""Про-042"": 8.8957, ""Про-043"": 8.5217, ""Про-044"": 8.3019, ""Про-045"": 8.1229, ""Про-046"": 8.4074, ""Про-047"": 13.4442, ""Про-048"": 11.2023}",True
w352161999,улица Мира,46,3,19.2,5.2051,Про-034,Гербовецкая улица,5.2051,0.0,21,"{""Про-028"": 5.2847, ""Про-029"": 7.2546, ""Про-030"": 6.2504, ""Про-031"": 5.2847, ""Про-032"": 9.1512, ""Про-033"": 5.7472, ""Про-034"": 5.2051, ""Про-035"": 5.2051, ""Про-036"": 5.2051, ""Про-037"": 8.2072, ""Про-038"": 6.818, ""Про-039"": 7.8448, ""Про-040"": 7.3645, ""Про-041"": 8.1714, ""Про-042"": 8.8577, ""Про-043"": 8.4836, ""Про-044"": 8.2639, ""Про-045"": 8.0849, ""Про-046"": 8.3694, ""Про-047"": 13.4062, ""Про-048"": 11.1643}",True
n2337948161,улица Мунтяна,1,4,44.1,6.1764,Про-028,Главная улица,6.1764,0.0,21,"{""Про-028"": 6.1764, ""Про-029"": 7.1948, ""Про-030"": 6.8684, ""Про-031"": 6.1764, ""Про-032"": 9.7071, ""Про-033"": 6.7782, ""Про-034"": 6.2361, ""Про-035"": 6.2361, ""Про-036"": 6.2361, ""Про-037"": 8.1474, ""Про-038"": 7.1662, ""Про-039"": 7.785, ""Про-040"": 7.3047, ""Про-041"": 8.1116, ""Про-042"": 9.4136, ""Про-043"": 8.4239, ""Про-044"": 8.2041, ""Про-045"": 8.0251, ""Про-046"": 8.3096, ""Про-047"": 12.3337, ""Про-048"": 10.8493}",True
w352680193,улица Мунтяна,1,4,89.4,6.4361,Про-028,Главная улица,6.4361,0.0,21,"{""Про-028"": 6.4361, ""Про-029"": 7.3615, ""Про-030"": 7.035, ""Про-031"": 6.4361, ""Про-032"": 9.8738, ""Про-033"": 6.9818, ""Про-034"": 6.4958, ""Про-035"": 6.4958, ""Про-036"": 6.4958, ""Про-037"": 8.3141, ""Про-038"": 7.3328, ""Про-039"": 7.9517, ""Про-040"": 7.4714, ""Про-041"": 8.2783, ""Про-042"": 9.5803, ""Про-043"": 8.5905, ""Про-044"": 8.3708, ""Про-045"": 8.1918, ""Про-046"": 8.4763, ""Про-047"": 12.466, ""Про-048"": 11.016}",True
w352334980,улица Мунтяна,2,4,36.8,6.2229,Про-028,Главная улица,6.2229,0.0,21,"{""Про-028"": 6.2229, ""Про-029"": 7.1483, ""Про-030"": 6.8219, ""Про-031"": 6.2229, ""Про-032"": 9.6606, ""Про-033"": 6.7686, ""Про-034"": 6.2827, ""Про-035"": 6.2827, ""Про-036"": 6.2827, ""Про-037"": 8.1009, ""Про-038"": 7.1197, ""Про-039"": 7.7385, ""Про-040"": 7.2582, ""Про-041"": 8.0651, ""Про-042"": 9.3671, ""Про-043"": 8.3774, ""Про-044"": 8.1576, ""Про-045"": 7.9786, ""Про-046"": 8.2631, ""Про-047"": 12.3802, ""Про-048"": 10.8028}",True
w352334984,улица Мунтяна,2,4,25.2,6.2946,Про-028,Главная улица,6.2946,0.0,21,"{""Про-028"": 6.2946, ""Про-029"": 7.0766, ""Про-030"": 6.7502, ""Про-031"": 6.2946, ""Про-032"": 9.589, ""Про-033"": 6.6969, ""Про-034"": 6.3543, ""Про-035"": 6.3543, ""Про-036"": 6.3543, ""Про-037"": 8.0292, ""Про-038"": 7.048, ""Про-039"": 7.6668, ""Про-040"": 7.1865, ""Про-041"": 7.9934, ""Про-042"": 9.2954, ""Про-043"": 8.3057, ""Про-044"": 8.086, ""Про-045"": 7.9069, ""Про-046"": 8.1914, ""Про-047"": 12.4519, ""Про-048"": 10.7311}",True
w353259236,улица Мунтяна,3,4,70.5,6.4361,Про-028,Главная улица,6.4361,0.0,21,"{""Про-028"": 6.4361, ""Про-029"": 7.3615, ""Про-030"": 7.035, ""Про-031"": 6.4361, ""Про-032"": 9.8738, ""Про-033"": 6.9818, ""Про-034"": 6.4958, ""Про-035"": 6.4958, ""Про-036"": 6.4958, ""Про-037"": 8.3141, ""Про-038"": 7.3328, ""Про-039"": 7.9517, ""Про-040"": 7.4714, ""Про-041"": 8.2783, ""Про-042"": 9.5803, ""Про-043"": 8.5905, ""Про-044"": 8.3708, ""Про-045"": 8.1918, ""Про-046"": 8.4763, ""Про-047"": 12.466, ""Про-048"": 11.016}",True
w353259629,улица Мунтяна,5,4,36.4,6.4361,Про-028,Главная улица,6.4361,0.0,21,"{""Про-028"": 6.4361, ""Про-029"": 7.3615, ""Про-030"": 7.035, ""Про-031"": 6.4361, ""Про-032"": 9.8738, ""Про-033"": 6.9818, ""Про-034"": 6.4958, ""Про-035"": 6.4958, ""Про-036"": 6.4958, ""Про-037"": 8.3141, ""Про-038"": 7.3328, ""Про-039"": 7.9517, ""Про-040"": 7.4714, ""Про-041"": 8.2783, ""Про-042"": 9.5803, ""Про-043"": 8.5905, ""Про-044"": 8.3708, ""Про-045"": 8.1918, ""Про-046"": 8.4763, ""Про-047"": 12.466, ""Про-048"": 11.016}",True
w352347156,улица Мунтяна,6,4,67.2,6.2229,Про-028,Главная улица,6.2229,0.0,21,"{""Про-028"": 6.2229, ""Про-029"": 7.1483, ""Про-030"": 6.8219, ""Про-031"": 6.2229, ""Про-032"": 9.6606, ""Про-033"": 6.7686, ""Про-034"": 6.2827, ""Про-035"": 6.2827, ""Про-036"": 6.2827, ""Про-037"": 8.1009, ""Про-038"": 7.1197, ""Про-039"": 7.7385, ""Про-040"": 7.2582, ""Про-041"": 8.0651, ""Про-042"": 9.3671, ""Про-043"": 8.3774, ""Про-044"": 8.1576, ""Про-045"": 7.9786, ""Про-046"": 8.2631, ""Про-047"": 12.3802, ""Про-048"": 10.8028}",True
w353259631,улица Мунтяна,7,4,18.0,6.4361,Про-028,Главная улица,6.4361,0.0,21,"{""Про-028"": 6.4361, ""Про-029"": 7.3615, ""Про-030"": 7.035, ""Про-031"": 6.4361, ""Про-032"": 9.8738, ""Про-033"": 6.9818, ""Про-034"": 6.4958, ""Про-035"": 6.4958, ""Про-036"": 6.4958, ""Про-037"": 8.3141, ""Про-038"": 7.3328, ""Про-039"": 7.9517, ""Про-040"": 7.4714, ""Про-041"": 8.2783, ""Про-042"": 9.5803, ""Про-043"": 8.5905, ""Про-044"": 8.3708, ""Про-045"": 8.1918, ""Про-046"": 8.4763, ""Про-047"": 12.466, ""Про-048"": 11.016}",True
w352347160,улица Мунтяна,8,4,86.2,6.4079,Про-028,Главная улица,6.4079,0.0,21,"{""Про-028"": 6.4079, ""Про-029"": 7.1404, ""Про-030"": 6.814, ""Про-031"": 6.4079, ""Про-032"": 9.6528, ""Про-033"": 6.7607, ""Про-034"": 6.4677, ""Про-035"": 6.4677, ""Про-036"": 6.4677, ""Про-037"": 8.0931, ""Про-038"": 7.1118, ""Про-039"": 7.7306, ""Про-040"": 7.2503, ""Про-041"": 8.0572, ""Про-042"": 9.3592, ""Про-043"": 8.3695, ""Про-044"": 8.1498, ""Про-045"": 7.9708, ""Про-046"": 8.2553, ""Про-047"": 12.5653, ""Про-048"": 10.795}",True
w424795691,улица Мунтяна,9,4,34.4,6.4361,Про-028,Главная улица,6.4361,0.0,21,"{""Про-028"": 6.4361, ""Про-029"": 7.3615, ""Про-030"": 7.035, ""Про-031"": 6.4361, ""Про-032"": 9.8738, ""Про-033"": 6.9818, ""Про-034"": 6.4958, ""Про-035"": 6.4958, ""Про-036"": 6.4958, ""Про-037"": 8.3141, ""Про-038"": 7.3328, ""Про-039"": 7.9517, ""Про-040"": 7.4714, ""Про-041"": 8.2783, ""Про-042"": 9.5803, ""Про-043"": 8.5905, ""Про-044"": 8.3708, ""Про-045"": 8.1918, ""Про-046"": 8.4763, ""Про-047"": 12.466, ""Про-048"": 11.016}",True
w352347162,улица Мунтяна,10,4,94.4,6.4079,Про-028,Главная улица,6.4079,0.0,21,"{""Про-028"": 6.4079, ""Про-029"": 7.1404, ""Про-030"": 6.814, ""Про-031"": 6.4079, ""Про-032"": 9.6528, ""Про-033"": 6.7607, ""Про-034"": 6.4677, ""Про-035"": 6.4677, ""Про-036"": 6.4677, ""Про-037"": 8.0931, ""Про-038"": 7.1118, ""Про-039"": 7.7306, ""Про-040"": 7.2503, ""Про-041"": 8.0572, ""Про-042"": 9.3592, ""Про-043"": 8.3695, ""Про-044"": 8.1498, ""Про-045"": 7.9708, ""Про-046"": 8.2553, ""Про-047"": 12.5653, ""Про-048"": 10.795}",True
w426526607,улица Мунтяна,11,4,57.5,6.4361,Про-028,Главная улица,6.4361,0.0,21,"{""Про-028"": 6.4361, ""Про-029"": 7.3615, ""Про-030"": 7.035, ""Про-031"": 6.4361, ""Про-032"": 9.8738, ""Про-033"": 6.9818, ""Про-034"": 6.4958, ""Про-035"": 6.4958, ""Про-036"": 6.4958, ""Про-037"": 8.3141, ""Про-038"": 7.3328, ""Про-039"": 7.9517, ""Про-040"": 7.4714, ""Про-041"": 8.2783, ""Про-042"": 9.5803, ""Про-043"": 8.5905, ""Про-044"": 8.3708, ""Про-045"": 8.1918, ""Про-046"": 8.4763, ""Про-047"": 12.466, ""Про-048"": 11.016}",True
n2337948160,улица Мунтяна,12,4,84.9,6.4361,Про-028,Главная улица,6.4361,0.0,21,"{""Про-028"": 6.4361, ""Про-029"": 7.3615, ""Про-030"": 7.035, ""Про-031"": 6.4361, ""Про-032"": 9.8738, ""Про-033"": 6.9818, ""Про-034"": 6.4958, ""Про-035"": 6.4958, ""Про-036"": 6.4958, ""Про-037"": 8.3141, ""Про-038"": 7.3328, ""Про-039"": 7.9517, ""Про-040"": 7.4714, ""Про-041"": 8.2783, ""Про-042"": 9.5803, ""Про-043"": 8.5905, ""Про-044"": 8.3708, ""Про-045"": 8.1918, ""Про-046"": 8.4763, ""Про-047"": 12.466, ""Про-048"": 11.016}",True
w426526609,улица Мунтяна,13,4,78.2,6.4361,Про-028,Главная улица,6.4361,0.0,21,"{""Про-028"": 6.4361, ""Про-029"": 7.3615, ""Про-030"": 7.035, ""Про-031"": 6.4361, ""Про-032"": 9.8738, ""Про-033"": 6.9818, ""Про-034"": 6.4958, ""Про-035"": 6.4958, ""Про-036"": 6.4958, ""Про-037"": 8.3141, ""Про-038"": 7.3328, ""Про-039"": 7.9517, ""Про-040"": 7.4714, ""Про-041"": 8.2783, ""Про-042"": 9.5803, ""Про-043"": 8.5905, ""Про-044"": 8.3708, ""Про-045"": 8.1918, ""Про-046"": 8.4763, ""Про-047"": 12.466, ""Про-048"": 11.016}",True
n2337948159,улица Мунтяна,14,4,92.3,6.4361,Про-028,Главная улица,6.4361,0.0,21,"{""Про-028"": 6.4361, ""Про-029"": 7.3615, ""Про-030"": 7.035, ""Про-031"": 6.4361, ""Про-032"": 9.8738, ""Про-033"": 6.9818, ""Про-034"": 6.4958, ""Про-035"": 6.4958, ""Про-036"": 6.4958, ""Про-037"": 8.3141, ""Про-038"": 7.3328, ""Про-039"": 7.9517, ""Про-040"": 7.4714, ""Про-041"": 8.2783, ""Про-042"": 9.5803, ""Про-043"": 8.5905, ""Про-044"": 8.3708, ""Про-045"": 8.1918, ""Про-046"": 8.4763, ""Про-047"": 12.466, ""Про-048"": 11.016}",True
w428711640,улица Мунтяна,14,4,94.7,6.4361,Про-028,Главная улица,6.4361,0.0,21,"{""Про-028"": 6.4361, ""Про-029"": 7.3615, ""Про-030"": 7.035, ""Про-031"": 6.4361, ""Про-032"": 9.8738, ""Про-033"": 6.9818, ""Про-034"": 6.4958, ""Про-035"": 6.4958, ""Про-036"": 6.4958, ""Про-037"": 8.3141, ""Про-038"": 7.3328, ""Про-039"": 7.9517, ""Про-040"": 7.4714, ""Про-041"": 8.2783, ""Про-042"": 9.5803, ""Про-043"": 8.5905, ""Про-044"": 8.3708, ""Про-045"": 8.1918, ""Про-046"": 8.4763, ""Про-047"": 12.466, ""Про-048"": 11.016}",True
w428711641,улица Мунтяна,16,4,100.2,6.6575,Про-028,Главная улица,6.6575,0.0,21,"{""Про-028"": 6.6575, ""Про-029"": 7.5829, ""Про-030"": 7.2564, ""Про-031"": 6.6575, ""Про-032"": 10.0952, ""Про-033"": 7.2032, ""Про-034"": 6.7172, ""Про-035"": 6.7172, ""Про-036"": 6.7172, ""Про-037"": 8.5355, ""Про-038"": 7.5542, ""Про-039"": 8.1731, ""Про-040"": 7.6928, ""Про-041"": 8.4997, ""Про-042"": 9.8017, ""Про-043"": 8.8119, ""Про-044"": 8.5922, ""Про-045"": 8.4132, ""Про-046"": 8.6977, ""Про-047"": 12.2446, ""Про-048"": 11.2374}",True
w428711643,улица Мунтяна,17,4,105.7,6.4361,Про-028,Главная улица,6.4361,0.0,21,"{""Про-028"": 6.4361, ""Про-029"": 7.3615, ""Про-030"": 7.035, ""Про-031"": 6.4361, ""Про-032"": 9.8738, ""Про-033"": 6.9818, ""Про-034"": 6.4958, ""Про-035"": 6.4958, ""Про-036"": 6.4958, ""Про-037"": 8.3141, ""Про-038"": 7.3328, ""Про-039"": 7.9517, ""Про-040"": 7.4714, ""Про-041"": 8.2783, ""Про-042"": 9.5803, ""Про-043"": 8.5905, ""Про-044"": 8.3708, ""Про-045"": 8.1918, ""Про-046"": 8.4763, ""Про-047"": 12.466, ""Про-048"": 11.016}",True
w428711646,улица Мунтяна,17а,4,100.9,6.6575,Про-028,Главная улица,6.6575,0.0,21,"{""Про-028"": 6.6575, ""Про-029"": 7.5829, ""Про-030"": 7.2564, ""Про-031"": 6.6575, ""Про-032"": 10.0952, ""Про-033"": 7.2032, ""Про-034"": 6.7172, ""Про-035"": 6.7172, ""Про-036"": 6.7172, ""Про-037"": 8.5355, ""Про-038"": 7.5542, ""Про-039"": 8.1731, ""Про-040"": 7.6928, ""Про-041"": 8.4997, ""Про-042"": 9.8017, ""Про-043"": 8.8119, ""Про-044"": 8.5922, ""Про-045"": 8.4132, ""Про-046"": 8.6977, ""Про-047"": 12.2446, ""Про-048"": 11.2374}",True
w428711642,улица Мунтяна,18,4,80.5,6.6575,Про-028,Главная улица,6.6575,0.0,21,"{""Про-028"": 6.6575, ""Про-029"": 7.5829, ""Про-030"": 7.2564, ""Про-031"": 6.6575, ""Про-032"": 10.0952, ""Про-033"": 7.2032, ""Про-034"": 6.7172, ""Про-035"": 6.7172, ""Про-036"": 6.7172, ""Про-037"": 8.5355, ""Про-038"": 7.5542, ""Про-039"": 8.1731, ""Про-040"": 7.6928, ""Про-041"": 8.4997, ""Про-042"": 9.8017, ""Про-043"": 8.8119, ""Про-044"": 8.5922, ""Про-045"": 8.4132, ""Про-046"": 8.6977, ""Про-047"": 12.2446, ""Про-048"": 11.2374}",True
w428711649,улица Мунтяна,21,4,61.4,6.6575,Про-028,Главная улица,6.6575,0.0,21,"{""Про-028"": 6.6575, ""Про-029"": 7.5829, ""Про-030"": 7.2564, ""Про-031"": 6.6575, ""Про-032"": 10.0952, ""Про-033"": 7.2032, ""Про-034"": 6.7172, ""Про-035"": 6.7172, ""Про-036"": 6.7172, ""Про-037"": 8.5355, ""Про-038"": 7.5542, ""Про-039"": 8.1731, ""Про-040"": 7.6928, ""Про-041"": 8.4997, ""Про-042"": 9.8017, ""Про-043"": 8.8119, ""Про-044"": 8.5922, ""Про-045"": 8.4132, ""Про-046"": 8.6977, ""Про-047"": 12.2446, ""Про-048"": 11.2374}",True
n2337929305,улица Мунтяна,57,4,37.9,6.9902,Про-028,Главная улица,6.9902,0.0,21,"{""Про-028"": 6.9902, ""Про-029"": 7.9156, ""Про-030"": 7.5892, ""Про-031"": 6.9902, ""Про-032"": 10.4279, ""Про-033"": 7.5359, ""Про-034"": 7.05, ""Про-035"": 7.05, ""Про-036"": 7.05, ""Про-037"": 8.8682, ""Про-038"": 7.887, ""Про-039"": 8.5058, ""Про-040"": 8.0255, ""Про-041"": 8.8324, ""Про-042"": 10.1344, ""Про-043"": 9.1447, ""Про-044"": 8.9249, ""Про-045"": 8.7459, ""Про-046"": 9.0304, ""Про-047"": 11.9119, ""Про-048"": 11.5266}",True
w438040321,улица Мунтяна,58,4,34.0,6.9902,Про-028,Главная улица,6.9902,0.0,21,"{""Про-028"": 6.9902, ""Про-029"": 7.9156, ""Про-030"": 7.5892, ""Про-031"": 6.9902, ""Про-032"": 10.4279, ""Про-033"": 7.5359, ""Про-034"": 7.05, ""Про-035"": 7.05, ""Про-036"": 7.05, ""Про-037"": 8.8682, ""Про-038"": 7.887, ""Про-039"": 8.5058, ""Про-040"": 8.0255, ""Про-041"": 8.8324, ""Про-042"": 10.1344, ""Про-043"": 9.1447, ""Про-044"": 8.9249, ""Про-045"": 8.7459, ""Про-046"": 9.0304, ""Про-047"": 11.9119, ""Про-048"": 11.5266}",True
w438040319,улица Мунтяна,59,4,27.5,7.0671,Про-028,Главная улица,7.0671,0.0,21,"{""Про-028"": 7.0671, ""Про-029"": 7.9925, ""Про-030"": 7.666, ""Про-031"": 7.0671, ""Про-032"": 10.5048, ""Про-033"": 7.6128, ""Про-034"": 7.1268, ""Про-035"": 7.1268, ""Про-036"": 7.1268, ""Про-037"": 8.9451, ""Про-038"": 7.9638, ""Про-039"": 8.5827, ""Про-040"": 8.1024, ""Про-041"": 8.9093, ""Про-042"": 10.2113, ""Про-043"": 9.2215, ""Про-044"": 9.0018, ""Про-045"": 8.8228, ""Про-046"": 9.1073, ""Про-047"": 11.835, ""Про-048"": 11.4498}",True
n2337929304,улица Мунтяна,60,4,30.3,7.0671,Про-028,Главная улица,7.0671,0.0,21,"{""Про-028"": 7.0671, ""Про-029"": 7.9925, ""Про-030"": 7.666, ""Про-031"": 7.0671, ""Про-032"": 10.5048, ""Про-033"": 7.6128, ""Про-034"": 7.1268, ""Про-035"": 7.1268, ""Про-036"": 7.1268, ""Про-037"": 8.9451, ""Про-038"": 7.9638, ""Про-039"": 8.5827, ""Про-040"": 8.1024, ""Про-041"": 8.9093, ""Про-042"": 10.2113, ""Про-043"": 9.2215, ""Про-044"": 9.0018, ""Про-045"": 8.8228, ""Про-046"": 9.1073, ""Про-047"": 11.835, ""Про-048"": 11.4498}",True
w438040320,улица Мунтяна,60,4,33.0,7.0671,Про-028,Главная улица,7.0671,0.0,21,"{""Про-028"": 7.0671, ""Про-029"": 7.9925, ""Про-030"": 7.666, ""Про-031"": 7.0671, ""Про-032"": 10.5048, ""Про-033"": 7.6128, ""Про-034"": 7.1268, ""Про-035"": 7.1268, ""Про-036"": 7.1268, ""Про-037"": 8.9451, ""Про-038"": 7.9638, ""Про-039"": 8.5827, ""Про-040"": 8.1024, ""Про-041"": 8.9093, ""Про-042"": 10.2113, ""Про-043"": 9.2215, ""Про-044"": 9.0018, ""Про-045"": 8.8228, ""Про-046"": 9.1073, ""Про-047"": 11.835, ""Про-048"": 11.4498}",True
w438040314,улица Мунтяна,64,4,23.3,7.0671,Про-028,Главная улица,7.0671,0.0,21,"{""Про-028"": 7.0671, ""Про-029"": 7.9925, ""Про-030"": 7.666, ""Про-031"": 7.0671, ""Про-032"": 10.5048, ""Про-033"": 7.6128, ""Про-034"": 7.1268, ""Про-035"": 7.1268, ""Про-036"": 7.1268, ""Про-037"": 8.9451, ""Про-038"": 7.9638, ""Про-039"": 8.5827, ""Про-040"": 8.1024, ""Про-041"": 8.9093, ""Про-042"": 10.2113, ""Про-043"": 9.2215, ""Про-044"": 9.0018, ""Про-045"": 8.8228, ""Про-046"": 9.1073, ""Про-047"": 11.835, ""Про-048"": 11.4498}",True
n2337929301,улица Мунтяна,77,4,32.3,7.1377,Про-028,Главная улица,7.1377,0.0,21,"{""Про-028"": 7.1377, ""Про-029"": 8.2442, ""Про-030"": 7.9178, ""Про-031"": 7.3188, ""Про-032"": 10.7565, ""Про-033"": 7.8645, ""Про-034"": 7.3786, ""Про-035"": 7.3786, ""Про-036"": 7.3786, ""Про-037"": 9.1968, ""Про-038"": 8.2156, ""Про-039"": 8.8344, ""Про-040"": 8.3541, ""Про-041"": 9.161, ""Про-042"": 10.463, ""Про-043"": 9.4733, ""Про-044"": 9.2536, ""Про-045"": 9.0745, ""Про-046"": 9.359, ""Про-047"": 11.5832, ""Про-048"": 11.198}",True
n4997938726,улица Мунтяна,80,4,23.7,7.2169,Про-028,Главная улица,7.2169,0.0,21,"{""Про-028"": 7.2169, ""Про-029"": 8.165, ""Про-030"": 7.8386, ""Про-031"": 7.2396, ""Про-032"": 10.6773, ""Про-033"": 7.7853, ""Про-034"": 7.2993, ""Про-035"": 7.2993, ""Про-036"": 7.2993, ""Про-037"": 9.1176, ""Про-038"": 8.1364, ""Про-039"": 8.7552, ""Про-040"": 8.2749, ""Про-041"": 9.0818, ""Про-042"": 10.3838, ""Про-043"": 9.3941, ""Про-044"": 9.1743, ""Про-045"": 8.9953, ""Про-046"": 9.2798, ""Про-047"": 11.6625, ""Про-048"": 11.2772}",True
n2337929300,улица Мунтяна,84,4,25.3,7.188,Про-028,Главная улица,7.188,0.0,21,"{""Про-028"": 7.188, ""Про-029"": 8.1939, ""Про-030"": 7.8675, ""Про-031"": 7.2685, ""Про-032"": 10.7062, ""Про-033"": 7.8142, ""Про-034"": 7.3283, ""Про-035"": 7.3283, ""Про-036"": 7.3283, ""Про-037"": 9.1465, ""Про-038"": 8.1653, ""Про-039"": 8.7841, ""Про-040"": 8.3038, ""Про-041"": 9.1107, ""Про-042"": 10.4127, ""Про-043"": 9.423, ""Про-044"": 9.2032, ""Про-045"": 9.0242, ""Про-046"": 9.3087, ""Про-047"": 11.6335, ""Про-048"": 11.2483}",True
n2337929299,улица Мунтяна,86,4,19.2,7.2128,Про-028,Главная улица,7.2128,0.0,21,"{""Про-028"": 7.2128, ""Про-029"": 8.3193, ""Про-030"": 7.9929, ""Про-031"": 7.3939, ""Про-032"": 10.8316, ""Про-033"": 7.9396, ""Про-034"": 7.4537, ""Про-035"": 7.4537, ""Про-036"": 7.4537, ""Про-037"": 9.2719, ""Про-038"": 8.2907, ""Про-039"": 8.9095, ""Про-040"": 8.4292, ""Про-041"": 9.2361, ""Про-042"": 10.5381, ""Про-043"": 9.5484, ""Про-044"": 9.3287, ""Про-045"": 9.1496, ""Про-046"": 9.4341, ""Про-047"": 11.6583, ""Про-048"": 11.1229}",True
w438040299,улица Мунтяна,91,4,52.5,7.3015,Про-028,Главная улица,7.3015,0.0,21,"{""Про-028"": 7.3015, ""Про-029"": 8.4081, ""Про-030"": 8.0817, ""Про-031"": 7.4827, ""Про-032"": 10.8676, ""Про-033"": 8.0284, ""Про-034"": 7.5425, ""Про-035"": 7.5425, ""Про-036"": 7.5425, ""Про-037"": 9.3607, ""Про-038"": 8.3795, ""Про-039"": 8.9983, ""Про-040"": 8.518, ""Про-041"": 9.3249, ""Про-042"": 10.6269, ""Про-043"": 9.6372, ""Про-044"": 9.4174, ""Про-045"": 9.2384, ""Про-046"": 9.5229, ""Про-047"": 11.7471, ""Про-048"": 11.0341}",True
w438040297,улица Мунтяна,93,4,75.3,7.4644,Про-028,Главная улица,7.4644,0.0,21,"{""Про-028"": 7.4644, ""Про-029"": 8.571, ""Про-030"": 8.2445, ""Про-031"": 7.6456, ""Про-032"": 10.7048, ""Про-033"": 8.1913, ""Про-034"": 7.7053, ""Про-035"": 7.7053, ""Про-036"": 7.7053, ""Про-037"": 9.5236, ""Про-038"": 8.5424, ""Про-039"": 9.1612, ""Про-040"": 8.6809, ""Про-041"": 9.4878, ""Про-042"": 10.7898, ""Про-043"": 9.8001, ""Про-044"": 9.5803, ""Про-045"": 9.4013, ""Про-046"": 9.6858, ""Про-047"": 11.91, ""Про-048"": 10.8713}",True
w352334985,улица Мунтяна,98,4,33.5,6.2229,Про-028,Главная улица,6.2229,0.0,21,"{""Про-028"": 6.2229, ""Про-029"": 7.1483, ""Про-030"": 6.8219, ""Про-031"": 6.2229, ""Про-032"": 9.6606, ""Про-033"": 6.7686, ""Про-034"": 6.2827, ""Про-035"": 6.2827, ""Про-036"": 6.2827, ""Про-037"": 8.1009, ""Про-038"": 7.1197, ""Про-039"": 7.7385, ""Про-040"": 7.2582, ""Про-041"": 8.0651, ""Про-042"": 9.3671, ""Про-043"": 8.3774, ""Про-044"": 8.1576, ""Про-045"": 7.9786, ""Про-046"": 8.2631, ""Про-047"": 12.3802, ""Про-048"": 10.8028}",True
w438037691,улица Мунтяна,105,4,18.5,7.6128,Про-028,Главная улица,7.6128,0.0,21,"{""Про-028"": 7.6128, ""Про-029"": 8.7194, ""Про-030"": 8.3929, ""Про-031"": 7.794, ""Про-032"": 10.6846, ""Про-033"": 8.3397, ""Про-034"": 7.8537, ""Про-035"": 7.8537, ""Про-036"": 7.8537, ""Про-037"": 9.672, ""Про-038"": 8.6907, ""Про-039"": 9.3096, ""Про-040"": 8.8292, ""Про-041"": 9.6362, ""Про-042"": 10.9381, ""Про-043"": 9.9484, ""Про-044"": 9.7287, ""Про-045"": 9.5497, ""Про-046"": 9.8342, ""Про-047"": 12.0584, ""Про-048"": 10.8511}",True
w438040296,улица Мунтяна,106,4,74.4,7.4644,Про-028,Главная улица,7.4644,0.0,21,"{""Про-028"": 7.4644, ""Про-029"": 8.571, ""Про-030"": 8.2445, ""Про-031"": 7.6456, ""Про-032"": 10.7048, ""Про-033"": 8.1913, ""Про-034"": 7.7053, ""Про-035"": 7.7053, ""Про-036"": 7.7053, ""Про-037"": 9.5236, ""Про-038"": 8.5424, ""Про-039"": 9.1612, ""Про-040"": 8.6809, ""Про-041"": 9.4878, ""Про-042"": 10.7898, ""Про-043"": 9.8001, ""Про-044"": 9.5803, ""Про-045"": 9.4013, ""Про-046"": 9.6858, ""Про-047"": 11.91, ""Про-048"": 10.8713}",True
w438037579,улица Мунтяна,107,4,19.2,7.674,Про-028,Главная улица,7.674,0.0,21,"{""Про-028"": 7.674, ""Про-029"": 8.7806, ""Про-030"": 8.4542, ""Про-031"": 7.8552, ""Про-032"": 10.7459, ""Про-033"": 8.4009, ""Про-034"": 7.915, ""Про-035"": 7.915, ""Про-036"": 7.915, ""Про-037"": 9.7332, ""Про-038"": 8.752, ""Про-039"": 9.3708, ""Про-040"": 8.8905, ""Про-041"": 9.6974, ""Про-042"": 10.9994, ""Про-043"": 10.0097, ""Про-044"": 9.7899, ""Про-045"": 9.6109, ""Про-046"": 9.8954, ""Про-047"": 12.1196, ""Про-048"": 10.9124}",True
w438037450,улица Мунтяна,109,4,14.7,7.7021,Про-028,Главная улица,7.7021,0.0,21,"{""Про-028"": 7.7021, ""Про-029"": 8.8087, ""Про-030"": 8.4823, ""Про-031"": 7.8833, ""Про-032"": 10.7739, ""Про-033"": 8.429, ""Про-034"": 7.943, ""Про-035"": 7.943, ""Про-036"": 7.943, ""Про-037"": 9.7613, ""Про-038"": 8.7801, ""Про-039"": 9.3989, ""Про-040"": 8.9186, ""Про-041"": 9.7255, ""Про-042"": 11.0275, ""Про-043"": 10.0378, ""Про-044"": 9.818, ""Про-045"": 9.639, ""Про-046"": 9.9235, ""Про-047"": 12.1477, ""Про-048"": 10.9404}",True
w438037259,улица Мунтяна,111,4,39.8,7.7021,Про-028,Главная улица,7.7021,0.0,21,"{""Про-028"": 7.7021, ""Про-029"": 8.8087, ""Про-030"": 8.4823, ""Про-031"": 7.8833, ""Про-032"": 10.7739, ""Про-033"": 8.429, ""Про-034"": 7.943, ""Про-035"": 7.943, ""Про-036"": 7.943, ""Про-037"": 9.7613, ""Про-038"": 8.7801, ""Про-039"": 9.3989, ""Про-040"": 8.9186, ""Про-041"": 9.7255, ""Про-042"": 11.0275, ""Про-043"": 10.0378, ""Про-044"": 9.818, ""Про-045"": 9.639, ""Про-046"": 9.9235, ""Про-047"": 12.1477, ""Про-048"": 10.9404}",True
w438042066,улица Мунтяна,126,4,41.8,7.5539,Про-028,Главная улица,7.5539,0.0,21,"{""Про-028"": 7.5539, ""Про-029"": 8.6605, ""Про-030"": 8.3341, ""Про-031"": 7.7351, ""Про-032"": 10.6152, ""Про-033"": 8.2808, ""Про-034"": 7.7948, ""Про-035"": 7.7948, ""Про-036"": 7.7948, ""Про-037"": 9.6131, ""Про-038"": 8.6319, ""Про-039"": 9.2507, ""Про-040"": 8.7704, ""Про-041"": 9.5773, ""Про-042"": 10.8793, ""Про-043"": 9.8896, ""Про-044"": 9.6698, ""Про-045"": 9.4908, ""Про-046"": 9.7753, ""Про-047"": 11.9995, ""Про-048"": 10.7817}",True
n2337929298,улица Мунтяна,128,4,35.7,7.6388,Про-028,Главная улица,7.6388,0.0,21,"{""Про-028"": 7.6388, ""Про-029"": 8.7453, ""Про-030"": 8.4189, ""Про-031"": 7.8199, ""Про-032"": 10.5304, ""Про-033"": 8.3656, ""Про-034"": 7.8797, ""Про-035"": 7.8797, ""Про-036"": 7.8797, ""Про-037"": 9.6979, ""Про-038"": 8.7167, ""Про-039"": 9.3355, ""Про-040"": 8.8552, ""Про-041"": 9.6621, ""Про-042"": 10.9641, ""Про-043"": 9.9744, ""Про-044"": 9.7547, ""Про-045"": 9.5757, ""Про-046"": 9.8601, ""Про-047"": 12.0843, ""Про-048"": 10.6969}",True
n6777588144,улица Мунтяна,130,4,9.9,7.6388,Про-028,Главная улица,7.6388,0.0,21,"{""Про-028"": 7.6388, ""Про-029"": 8.7453, ""Про-030"": 8.4189, ""Про-031"": 7.8199, ""Про-032"": 10.5304, ""Про-033"": 8.3656, ""Про-034"": 7.8797, ""Про-035"": 7.8797, ""Про-036"": 7.8797, ""Про-037"": 9.6979, ""Про-038"": 8.7167, ""Про-039"": 9.3355, ""Про-040"": 8.8552, ""Про-041"": 9.6621, ""Про-042"": 10.9641, ""Про-043"": 9.9744, ""Про-044"": 9.7547, ""Про-045"": 9.5757, ""Про-046"": 9.8601, ""Про-047"": 12.0843, ""Про-048"": 10.6969}",True
n2337929291,улица Мунтяна,153,4,25.9,7.903,Про-028,Главная улица,7.903,0.0,21,"{""Про-028"": 7.903, ""Про-029"": 9.0096, ""Про-030"": 8.6831, ""Про-031"": 8.0841, ""Про-032"": 10.2662, ""Про-033"": 8.6298, ""Про-034"": 8.1439, ""Про-035"": 8.1439, ""Про-036"": 8.1439, ""Про-037"": 9.9622, ""Про-038"": 8.9809, ""Про-039"": 9.5997, ""Про-040"": 9.1194, ""Про-041"": 9.9264, ""Про-042"": 11.2283, ""Про-043"": 10.2386, ""Про-044"": 10.0189, ""Про-045"": 9.8399, ""Про-046"": 10.1244, ""Про-047"": 12.3353, ""Про-048"": 10.4327}",True
n2337904428,улица Николая Белана,1,4,47.2,7.5997,Про-032,Кишинёв-Тирасполь,7.5997,0.0,21,"{""Про-028"": 8.7342, ""Про-029"": 8.3885, ""Про-030"": 8.419, ""Про-031"": 8.7342, ""Про-032"": 7.5997, ""Про-033"": 8.3885, ""Про-034"": 8.4654, ""Про-035"": 8.4654, ""Про-036"": 8.4654, ""Про-037"": 8.728, ""Про-038"": 8.442, ""Про-039"": 8.3885, ""Про-040"": 8.3885, ""Про-041"": 8.467, ""Про-042"": 9.6239, ""Про-043"": 8.7793, ""Про-044"": 8.5596, ""Про-045"": 8.5049, ""Про-046"": 8.665, ""Про-047"": 13.4032, ""Про-048"": 7.7662}",True
n2337904427,улица Николая Белана,2,4,35.5,7.6724,Про-032,Кишинёв-Тирасполь,7.6724,0.0,21,"{""Про-028"": 8.6608, ""Про-029"": 8.4811, ""Про-030"": 8.5116, ""Про-031"": 8.6608, ""Про-032"": 7.6724, ""Про-033"": 8.4811, ""Про-034"": 8.558, ""Про-035"": 8.558, ""Про-036"": 8.558, ""Про-037"": 8.8206, ""Про-038"": 8.5346, ""Про-039"": 8.4811, ""Про-040"": 8.4811, ""Про-041"": 8.5596, ""Про-042"": 9.6967, ""Про-043"": 8.8719, ""Про-044"": 8.6522, ""Про-045"": 8.5975, ""Про-046"": 8.7577, ""Про-047"": 13.3137, ""Про-048"": 7.8389}",True
n4886201534,улица Николая Белана,7,4,17.3,7.5198,Про-029,улица Интернационалистов,7.5198,0.0,21,"{""Про-028"": 7.7746, ""Про-029"": 7.5198, ""Про-030"": 7.5503, ""Про-031"": 7.7746, ""Про-032"": 8.5469, ""Про-033"": 7.5198, ""Про-034"": 7.5967, ""Про-035"": 7.5967, ""Про-036"": 7.5967, ""Про-037"": 7.8593, ""Про-038"": 7.5733, ""Про-039"": 7.5198, ""Про-040"": 7.5198, ""Про-041"": 7.5983, ""Про-042"": 9.6271, ""Про-043"": 7.9106, ""Про-044"": 7.6909, ""Про-045"": 7.6362, ""Про-046"": 7.7963, ""Про-047"": 14.3016, ""Про-048"": 8.7134}",True
n2337908045,улица Николая Белана,79,4,11.8,8.0119,Про-029,улица Интернационалистов,8.0119,0.0,21,"{""Про-028"": 8.2373, ""Про-029"": 8.0119, ""Про-030"": 8.0424, ""Про-031"": 8.2373, ""Про-032"": 8.1002, ""Про-033"": 8.0119, ""Про-034"": 8.0888, ""Про-035"": 8.0888, ""Про-036"": 8.0888, ""Про-037"": 8.3513, ""Про-038"": 8.0654, ""Про-039"": 8.0119, ""Про-040"": 8.0119, ""Про-041"": 8.0904, ""Про-042"": 10.1192, ""Про-043"": 8.4027, ""Про-044"": 8.1829, ""Про-045"": 8.1282, ""Про-046"": 8.2884, ""Про-047"": 13.766, ""Про-048"": 8.2667}",True
n2337908048,улица Николая Белана,129,4,21.3,7.7352,Про-029,улица Интернационалистов,7.7352,0.0,21,"{""Про-028"": 7.9148, ""Про-029"": 7.7352, ""Про-030"": 7.7656, ""Про-031"": 7.9148, ""Про-032"": 8.4191, ""Про-033"": 7.7352, ""Про-034"": 7.812, ""Про-035"": 7.812, ""Про-036"": 7.812, ""Про-037"": 8.0746, ""Про-038"": 7.7887, ""Про-039"": 7.7352, ""Про-040"": 7.7352, ""Про-041"": 7.8137, ""Про-042"": 9.8425, ""Про-043"": 8.1259, ""Про-044"": 7.9062, ""Про-045"": 7.8515, ""Про-046"": 8.0117, ""Про-047"": 14.0886, ""Про-048"": 8.5856}",True
w401161040,улица Штефан чел Маре,1,4,52.4,5.1568,Про-028,Главная улица,5.1568,0.0,21,"{""Про-028"": 5.1568, ""Про-029"": 7.6873, ""Про-030"": 6.7431, ""Про-031"": 5.644, ""Про-032"": 9.7558, ""Про-033"": 6.4185, ""Про-034"": 5.8763, ""Про-035"": 5.8763, ""Про-036"": 5.8763, ""Про-037"": 8.6399, ""Про-038"": 7.3107, ""Про-039"": 8.2774, ""Про-040"": 7.7971, ""Про-041"": 8.604, ""Про-042"": 9.4623, ""Про-043"": 8.9163, ""Про-044"": 8.6966, ""Про-045"": 8.5176, ""Про-046"": 8.8021, ""Про-047"": 13.2398, ""Про-048"": 11.597}",True
w353258949,улица Штефан чел Маре,2,4,64.8,5.1568,Про-028,Главная улица,5.1568,0.0,21,"{""Про-028"": 5.1568, ""Про-029"": 7.6873, ""Про-030"": 6.7431, ""Про-031"": 5.644, ""Про-032"": 9.7558, ""Про-033"": 6.4185, ""Про-034"": 5.8763, ""Про-035"": 5.8763, ""Про-036"": 5.8763, ""Про-037"": 8.6399, ""Про-038"": 7.3107, ""Про-039"": 8.2774, ""Про-040"": 7.7971, ""Про-041"": 8.604, ""Про-042"": 9.4623, ""Про-043"": 8.9163, ""Про-044"": 8.6966, ""Про-045"": 8.5176, ""Про-046"": 8.8021, ""Про-047"": 13.2398, ""Про-048"": 11.597}",True
w401161041,улица Штефан чел Маре,3,4,76.8,5.1568,Про-028,Главная улица,5.1568,0.0,21,"{""Про-028"": 5.1568, ""Про-029"": 7.6873, ""Про-030"": 6.7431, ""Про-031"": 5.644, ""Про-032"": 9.7558, ""Про-033"": 6.4185, ""Про-034"": 5.8763, ""Про-035"": 5.8763, ""Про-036"": 5.8763, ""Про-037"": 8.6399, ""Про-038"": 7.3107, ""Про-039"": 8.2774, ""Про-040"": 7.7971, ""Про-041"": 8.604, ""Про-042"": 9.4623, ""Про-043"": 8.9163, ""Про-044"": 8.6966, ""Про-045"": 8.5176, ""Про-046"": 8.8021, ""Про-047"": 13.2398, ""Про-048"": 11.597}",True
w353258951,улица Штефан чел Маре,4,4,90.0,5.1568,Про-028,Главная улица,5.1568,0.0,21,"{""Про-028"": 5.1568, ""Про-029"": 7.6873, ""Про-030"": 6.7431, ""Про-031"": 5.644, ""Про-032"": 9.7558, ""Про-033"": 6.4185, ""Про-034"": 5.8763, ""Про-035"": 5.8763, ""Про-036"": 5.8763, ""Про-037"": 8.6399, ""Про-038"": 7.3107, ""Про-039"": 8.2774, ""Про-040"": 7.7971, ""Про-041"": 8.604, ""Про-042"": 9.4623, ""Про-043"": 8.9163, ""Про-044"": 8.6966, ""Про-045"": 8.5176, ""Про-046"": 8.8021, ""Про-047"": 13.2398, ""Про-048"": 11.597}",True
w401161042,улица Штефан чел Маре,5,4,100.8,5.1568,Про-028,Главная улица,5.1568,0.0,21,"{""Про-028"": 5.1568, ""Про-029"": 7.6873, ""Про-030"": 6.7431, ""Про-031"": 5.644, ""Про-032"": 9.7558, ""Про-033"": 6.4185, ""Про-034"": 5.8763, ""Про-035"": 5.8763, ""Про-036"": 5.8763, ""Про-037"": 8.6399, ""Про-038"": 7.3107, ""Про-039"": 8.2774, ""Про-040"": 7.7971, ""Про-041"": 8.604, ""Про-042"": 9.4623, ""Про-043"": 8.9163, ""Про-044"": 8.6966, ""Про-045"": 8.5176, ""Про-046"": 8.8021, ""Про-047"": 13.2398, ""Про-048"": 11.597}",True
w405000980,улица Штефан чел Маре,7,4,91.4,5.369,Про-028,Главная улица,5.369,0.0,21,"{""Про-028"": 5.369, ""Про-029"": 7.8994, ""Про-030"": 6.9552, ""Про-031"": 5.8561, ""Про-032"": 9.968, ""Про-033"": 6.6306, ""Про-034"": 6.0885, ""Про-035"": 6.0885, ""Про-036"": 6.0885, ""Про-037"": 8.852, ""Про-038"": 7.5228, ""Про-039"": 8.4896, ""Про-040"": 8.0093, ""Про-041"": 8.8162, ""Про-042"": 9.6744, ""Про-043"": 9.1285, ""Про-044"": 8.9088, ""Про-045"": 8.7297, ""Про-046"": 9.0142, ""Про-047"": 13.452, ""Про-048"": 11.8091}",True
w401161033,улица Штефан чел Маре,8,4,91.4,5.369,Про-028,Главная улица,5.369,0.0,21,"{""Про-028"": 5.369, ""Про-029"": 7.8994, ""Про-030"": 6.9552, ""Про-031"": 5.8561, ""Про-032"": 9.968, ""Про-033"": 6.6306, ""Про-034"": 6.0885, ""Про-035"": 6.0885, ""Про-036"": 6.0885, ""Про-037"": 8.852, ""Про-038"": 7.5228, ""Про-039"": 8.4896, ""Про-040"": 8.0093, ""Про-041"": 8.8162, ""Про-042"": 9.6744, ""Про-043"": 9.1285, ""Про-044"": 8.9088, ""Про-045"": 8.7297, ""Про-046"": 9.0142, ""Про-047"": 13.452, ""Про-048"": 11.8091}",True
w582365653,улица Штефан чел Маре,9,4,71.7,5.369,Про-028,Главная улица,5.369,0.0,21,"{""Про-028"": 5.369, ""Про-029"": 7.8994, ""Про-030"": 6.9552, ""Про-031"": 5.8561, ""Про-032"": 9.968, ""Про-033"": 6.6306, ""Про-034"": 6.0885, ""Про-035"": 6.0885, ""Про-036"": 6.0885, ""Про-037"": 8.852, ""Про-038"": 7.5228, ""Про-039"": 8.4896, ""Про-040"": 8.0093, ""Про-041"": 8.8162, ""Про-042"": 9.6744, ""Про-043"": 9.1285, ""Про-044"": 8.9088, ""Про-045"": 8.7297, ""Про-046"": 9.0142, ""Про-047"": 13.452, ""Про-048"": 11.8091}",True
w401161034,улица Штефан чел Маре,10,4,66.3,5.369,Про-028,Главная улица,5.369,0.0,21,"{""Про-028"": 5.369, ""Про-029"": 7.8994, ""Про-030"": 6.9552, ""Про-031"": 5.8561, ""Про-032"": 9.968, ""Про-033"": 6.6306, ""Про-034"": 6.0885, ""Про-035"": 6.0885, ""Про-036"": 6.0885, ""Про-037"": 8.852, ""Про-038"": 7.5228, ""Про-039"": 8.4896, ""Про-040"": 8.0093, ""Про-041"": 8.8162, ""Про-042"": 9.6744, ""Про-043"": 9.1285, ""Про-044"": 8.9088, ""Про-045"": 8.7297, ""Про-046"": 9.0142, ""Про-047"": 13.452, ""Про-048"": 11.8091}",True
w401161035,улица Штефан чел Маре,12,4,42.1,5.369,Про-028,Главная улица,5.369,0.0,21,"{""Про-028"": 5.369, ""Про-029"": 7.8994, ""Про-030"": 6.9552, ""Про-031"": 5.8561, ""Про-032"": 9.968, ""Про-033"": 6.6306, ""Про-034"": 6.0885, ""Про-035"": 6.0885, ""Про-036"": 6.0885, ""Про-037"": 8.852, ""Про-038"": 7.5228, ""Про-039"": 8.4896, ""Про-040"": 8.0093, ""Про-041"": 8.8162, ""Про-042"": 9.6744, ""Про-043"": 9.1285, ""Про-044"": 8.9088, ""Про-045"": 8.7297, ""Про-046"": 9.0142, ""Про-047"": 13.452, ""Про-048"": 11.8091}",True
w424745270,улица Штефан чел Маре,14,4,17.8,5.369,Про-028,Главная улица,5.369,0.0,21,"{""Про-028"": 5.369, ""Про-029"": 7.8994, ""Про-030"": 6.9552, ""Про-031"": 5.8561, ""Про-032"": 9.968, ""Про-033"": 6.6306, ""Про-034"": 6.0885, ""Про-035"": 6.0885, ""Про-036"": 6.0885, ""Про-037"": 8.852, ""Про-038"": 7.5228, ""Про-039"": 8.4896, ""Про-040"": 8.0093, ""Про-041"": 8.8162, ""Про-042"": 9.6744, ""Про-043"": 9.1285, ""Про-044"": 8.9088, ""Про-045"": 8.7297, ""Про-046"": 9.0142, ""Про-047"": 13.452, ""Про-048"": 11.8091}",True
w424745273,улица Штефан чел Маре,15,4,12.6,5.369,Про-028,Главная улица,5.369,0.0,21,"{""Про-028"": 5.369, ""Про-029"": 7.8994, ""Про-030"": 6.9552, ""Про-031"": 5.8561, ""Про-032"": 9.968, ""Про-033"": 6.6306, ""Про-034"": 6.0885, ""Про-035"": 6.0885, ""Про-036"": 6.0885, ""Про-037"": 8.852, ""Про-038"": 7.5228, ""Про-039"": 8.4896, ""Про-040"": 8.0093, ""Про-041"": 8.8162, ""Про-042"": 9.6744, ""Про-043"": 9.1285, ""Про-044"": 8.9088, ""Про-045"": 8.7297, ""Про-046"": 9.0142, ""Про-047"": 13.452, ""Про-048"": 11.8091}",True
w424745272,улица Штефан чел Маре,16,4,25.0,5.369,Про-028,Главная улица,5.369,0.0,21,"{""Про-028"": 5.369, ""Про-029"": 7.8994, ""Про-030"": 6.9552, ""Про-031"": 5.8561, ""Про-032"": 9.968, ""Про-033"": 6.6306, ""Про-034"": 6.0885, ""Про-035"": 6.0885, ""Про-036"": 6.0885, ""Про-037"": 8.852, ""Про-038"": 7.5228, ""Про-039"": 8.4896, ""Про-040"": 8.0093, ""Про-041"": 8.8162, ""Про-042"": 9.6744, ""Про-043"": 9.1285, ""Про-044"": 8.9088, ""Про-045"": 8.7297, ""Про-046"": 9.0142, ""Про-047"": 13.452, ""Про-048"": 11.8091}",True
n4813753096,улица Штефан чел Маре,22,4,12.9,5.4894,Про-028,Главная улица,5.4894,0.0,21,"{""Про-028"": 5.4894, ""Про-029"": 8.0198, ""Про-030"": 7.0756, ""Про-031"": 5.9765, ""Про-032"": 10.0884, ""Про-033"": 6.751, ""Про-034"": 6.2089, ""Про-035"": 6.2089, ""Про-036"": 6.2089, ""Про-037"": 8.9724, ""Про-038"": 7.6433, ""Про-039"": 8.61, ""Про-040"": 8.1297, ""Про-041"": 8.9366, ""Про-042"": 9.7948, ""Про-043"": 9.2489, ""Про-044"": 9.0292, ""Про-045"": 8.8502, ""Про-046"": 9.1346, ""Про-047"": 13.5724, ""Про-048"": 11.9295}",True
w442395868,улица Штефан чел Маре,31,4,10.9,5.611,Про-028,Главная улица,5.611,0.0,21,"{""Про-028"": 5.611, ""Про-029"": 8.1415, ""Про-030"": 7.1973, ""Про-031"": 6.0982, ""Про-032"": 10.21, ""Про-033"": 6.8727, ""Про-034"": 6.3306, ""Про-035"": 6.3306, ""Про-036"": 6.3306, ""Про-037"": 9.0941, ""Про-038"": 7.7649, ""Про-039"": 8.7317, ""Про-040"": 8.2514, ""Про-041"": 9.0583, ""Про-042"": 9.9165, ""Про-043"": 9.3705, ""Про-044"": 9.1508, ""Про-045"": 8.9718, ""Про-046"": 9.2563, ""Про-047"": 13.694, ""Про-048"": 12.0512}",True
w441641832,улица Штефан чел Маре,33,4,41.4,5.611,Про-028,Главная улица,5.611,0.0,21,"{""Про-028"": 5.611, ""Про-029"": 8.1415, ""Про-030"": 7.1973, ""Про-031"": 6.0982, ""Про-032"": 10.21, ""Про-033"": 6.8727, ""Про-034"": 6.3306, ""Про-035"": 6.3306, ""Про-036"": 6.3306, ""Про-037"": 9.0941, ""Про-038"": 7.7649, ""Про-039"": 8.7317, ""Про-040"": 8.2514, ""Про-041"": 9.0583, ""Про-042"": 9.9165, ""Про-043"": 9.3705, ""Про-044"": 9.1508, ""Про-045"": 8.9718, ""Про-046"": 9.2563, ""Про-047"": 13.694, ""Про-048"": 12.0512}",True
