{"type": "FeatureCollection", "features": [{"type": "Feature", "geometry": {"type": "Point", "coordinates": [29.491285, 46.832225]}, "properties": {"entry_id": "Пар-000", "district_or_settlement": "Парканы", "basis": "osm_admin_boundary", "road_name": "Бендерский мост", "osm_way_id": 28584679, "entry_lon": 29.491285, "entry_lat": 46.832225, "highway": "primary", "access": "", "vehicle": "", "motor_vehicle": "", "oneway": "yes", "maxspeed": "110", "surface": "asphalt", "bridge": "yes", "tunnel": "", "layer": "1", "car_access_ok": true, "connected_to_city_graph": true, "owner_review_required": false}}, {"type": "Feature", "geometry": {"type": "Point", "coordinates": [29.491253, 46.832322]}, "properties": {"entry_id": "Пар-001", "district_or_settlement": "Парканы", "basis": "osm_admin_boundary", "road_name": "Бендерский мост", "osm_way_id": 415353388, "entry_lon": 29.491253, "entry_lat": 46.832322, "highway": "primary", "access": "", "vehicle": "", "motor_vehicle": "", "oneway": "yes", "maxspeed": "90", "surface": "asphalt", "bridge": "yes", "tunnel": "", "layer": "1", "car_access_ok": true, "connected_to_city_graph": true, "owner_review_required": false}}, {"type": "Feature", "geometry": {"type": "Point", "coordinates": [29.533922, 46.836334]}, "properties": {"entry_id": "Пар-002", "district_or_settlement": "Парканы", "basis": "osm_admin_boundary", "road_name": "Кишинёв-Тирасполь", "osm_way_id": 83039154, "entry_lon": 29.533922, "entry_lat": 46.836334, "highway": "primary", "access": "", "vehicle": "", "motor_vehicle": "", "oneway": "", "maxspeed": "70", "surface": "asphalt", "bridge": "", "tunnel": "", "layer": "", "car_access_ok": true, "connected_to_city_graph": true, "owner_review_required": false}}, {"type": "Feature", "geometry": {"type": "Point", "coordinates": [29.57089, 46.939957]}, "properties": {"entry_id": "Пар-003", "district_or_settlement": "Парканы", "basis": "osm_admin_boundary", "road_name": "", "osm_way_id": 105866053, "entry_lon": 29.57089, "entry_lat": 46.939957, "highway": "tertiary", "access": "", "vehicle": "", "motor_vehicle": "", "oneway": "", "maxspeed": "", "surface": "", "bridge": "", "tunnel": "", "layer": "", "car_access_ok": true, "connected_to_city_graph": true, "owner_review_required": false}}, {"type": "Feature", "geometry": {"type": "Point", "coordinates": [29.526882, 46.781672]}, "properties": {"entry_id": "Пар-004", "district_or_settlement": "Парканы", "basis": "osm_admin_boundary", "road_name": "", "osm_way_id": 160034573, "entry_lon": 29.526882, "entry_lat": 46.781672, "highway": "service", "access": "", "vehicle": "", "motor_vehicle": "", "oneway": "", "maxspeed": "", "surface": "ground", "bridge": "", "tunnel": "", "layer": "", "car_access_ok": true, "connected_to_city_graph": false, "owner_review_required": true}}, {"type": "Feature", "geometry": {"type": "Point", "coordinates": [29.532009, 46.896726]}, "properties": {"entry_id": "Пар-005", "district_or_settlement": "Парканы", "basis": "osm_admin_boundary", "road_name": "", "osm_way_id": 223378401, "entry_lon": 29.532009, "entry_lat": 46.896726, "highway": "residential", "access": "", "vehicle": "", "motor_vehicle": "", "oneway": "", "maxspeed": "", "surface": "", "bridge": "", "tunnel": "", "layer": "", "car_access_ok": true, "connected_to_city_graph": true, "owner_review_required": false}}, {"type": "Feature", "geometry": {"type": "Point", "coordinates": [29.594368, 46.903775]}, "properties": {"entry_id": "Пар-006", "district_or_settlement": "Парканы", "basis": "osm_admin_boundary", "road_name": "", "osm_way_id": 231780939, "entry_lon": 29.594368, "entry_lat": 46.903775, "highway": "trunk", "access": "", "vehicle": "", "motor_vehicle": "", "oneway": "", "maxspeed": "85", "surface": "asphalt", "bridge": "", "tunnel": "", "layer": "", "car_access_ok": true, "connected_to_city_graph": true, "owner_review_required": false}}, {"type": "Feature", "geometry": {"type": "Point", "coordinates": [29.64796, 46.919275]}, "properties": {"entry_id": "Пар-007", "district_or_settlement": "Парканы", "basis": "osm_admin_boundary", "road_name": "", "osm_way_id": 235537088, "entry_lon": 29.64796, "entry_lat": 46.919275, "highway": "trunk", "access": "", "vehicle": "", "motor_vehicle": "", "oneway": "", "maxspeed": "90", "surface": "asphalt", "bridge": "", "tunnel": "", "layer": "", "car_access_ok": true, "connected_to_city_graph": true, "owner_review_required": false}}, {"type": "Feature", "geometry": {"type": "Point", "coordinates": [29.482058, 46.917176]}, "properties": {"entry_id": "Пар-008", "district_or_settlement": "Парканы", "basis": "osm_admin_boundary", "road_name": "улица Мира", "osm_way_id": 237740890, "entry_lon": 29.482058, "entry_lat": 46.917176, "highway": "residential", "access": "", "vehicle": "", "motor_vehicle": "", "oneway": "", "maxspeed": "", "surface": "", "bridge": "", "tunnel": "", "layer": "", "car_access_ok": true, "connected_to_city_graph": false, "owner_review_required": true}}, {"type": "Feature", "geometry": {"type": "Point", "coordinates": [29.487143, 46.917002]}, "properties": {"entry_id": "Пар-009", "district_or_settlement": "Парканы", "basis": "osm_admin_boundary", "road_name": "Парканы-Бычок", "osm_way_id": 243689878, "entry_lon": 29.487143, "entry_lat": 46.917002, "highway": "primary", "access": "", "vehicle": "", "motor_vehicle": "", "oneway": "", "maxspeed": "95", "surface": "", "bridge": "", "tunnel": "", "layer": "", "car_access_ok": true, "connected_to_city_graph": true, "owner_review_required": false}}, {"type": "Feature", "geometry": {"type": "Point", "coordinates": [29.518134, 46.882923]}, "properties": {"entry_id": "Пар-010", "district_or_settlement": "Парканы", "basis": "osm_admin_boundary", "road_name": "", "osm_way_id": 287168121, "entry_lon": 29.518134, "entry_lat": 46.882923, "highway": "residential", "access": "", "vehicle": "", "motor_vehicle": "", "oneway": "", "maxspeed": "", "surface": "", "bridge": "", "tunnel": "", "layer": "", "car_access_ok": true, "connected_to_city_graph": true, "owner_review_required": false}}, {"type": "Feature", "geometry": {"type": "Point", "coordinates": [29.535444, 46.821731]}, "properties": {"entry_id": "Пар-011", "district_or_settlement": "Парканы", "basis": "osm_admin_boundary", "road_name": "", "osm_way_id": 306229377, "entry_lon": 29.535444, "entry_lat": 46.821731, "highway": "service", "access": "", "vehicle": "", "motor_vehicle": "", "oneway": "", "maxspeed": "10", "surface": "", "bridge": "", "tunnel": "", "layer": "", "car_access_ok": true, "connected_to_city_graph": true, "owner_review_required": false}}, {"type": "Feature", "geometry": {"type": "Point", "coordinates": [29.534498, 46.833151]}, "properties": {"entry_id": "Пар-012", "district_or_settlement": "Парканы", "basis": "osm_admin_boundary", "road_name": "", "osm_way_id": 427585248, "entry_lon": 29.534498, "entry_lat": 46.833151, "highway": "service", "access": "", "vehicle": "", "motor_vehicle": "", "oneway": "", "maxspeed": "", "surface": "", "bridge": "", "tunnel": "", "layer": "", "car_access_ok": true, "connected_to_city_graph": true, "owner_review_required": false}}, {"type": "Feature", "geometry": {"type": "Point", "coordinates": [29.571287, 46.940054]}, "properties": {"entry_id": "Пар-013", "district_or_settlement": "Парканы", "basis": "osm_admin_boundary", "road_name": "", "osm_way_id": 776957823, "entry_lon": 29.571287, "entry_lat": 46.940054, "highway": "trunk", "access": "", "vehicle": "", "motor_vehicle": "", "oneway": "", "maxspeed": "90", "surface": "asphalt", "bridge": "", "tunnel": "", "layer": "", "car_access_ok": true, "connected_to_city_graph": true, "owner_review_required": false}}, {"type": "Feature", "geometry": {"type": "Point", "coordinates": [29.511815, 46.922016]}, "properties": {"entry_id": "Пар-014", "district_or_settlement": "Парканы", "basis": "osm_admin_boundary", "road_name": "", "osm_way_id": 778519523, "entry_lon": 29.511815, "entry_lat": 46.922016, "highway": "trunk", "access": "", "vehicle": "", "motor_vehicle": "", "oneway": "", "maxspeed": "90", "surface": "concrete:plates", "bridge": "", "tunnel": "", "layer": "", "car_access_ok": true, "connected_to_city_graph": true, "owner_review_required": false}}, {"type": "Feature", "geometry": {"type": "Point", "coordinates": [29.476038, 46.799618]}, "properties": {"entry_id": "Гис-015", "district_or_settlement": "Гиска", "basis": "osm_admin_boundary", "road_name": "", "osm_way_id": 115331369, "entry_lon": 29.476038, "entry_lat": 46.799618, "highway": "service", "access": "destination", "vehicle": "", "motor_vehicle": "", "oneway": "", "maxspeed": "", "surface": "", "bridge": "", "tunnel": "", "layer": "", "car_access_ok": true, "connected_to_city_graph": true, "owner_review_required": false}}, {"type": "Feature", "geometry": {"type": "Point", "coordinates": [29.476557, 46.799336]}, "properties": {"entry_id": "Гис-016", "district_or_settlement": "Гиска", "basis": "osm_admin_boundary", "road_name": "", "osm_way_id": 115331381, "entry_lon": 29.476557, "entry_lat": 46.799336, "highway": "service", "access": "destination", "vehicle": "", "motor_vehicle": "", "oneway": "yes", "maxspeed": "", "surface": "", "bridge": "", "tunnel": "", "layer": "", "car_access_ok": true, "connected_to_city_graph": true, "owner_review_required": false}}, {"type": "Feature", "geometry": {"type": "Point", "coordinates": [29.460823, 46.800285]}, "properties": {"entry_id": "Гис-017", "district_or_settlement": "Гиска", "basis": "osm_admin_boundary", "road_name": "улица Ленина", "osm_way_id": 223231541, "entry_lon": 29.460823, "entry_lat": 46.800285, "highway": "secondary", "access": "", "vehicle": "", "motor_vehicle": "", "oneway": "", "maxspeed": "", "surface": "", "bridge": "", "tunnel": "", "layer": "", "car_access_ok": true, "connected_to_city_graph": true, "owner_review_required": false}}, {"type": "Feature", "geometry": {"type": "Point", "coordinates": [29.476478, 46.790453]}, "properties": {"entry_id": "Гис-018", "district_or_settlement": "Гиска", "basis": "osm_admin_boundary", "road_name": "улица Мира", "osm_way_id": 223968247, "entry_lon": 29.476478, "entry_lat": 46.790453, "highway": "residential", "access": "", "vehicle": "", "motor_vehicle": "", "oneway": "", "maxspeed": "", "surface": "", "bridge": "", "tunnel": "", "layer": "", "car_access_ok": true, "connected_to_city_graph": true, "owner_review_required": false}}, {"type": "Feature", "geometry": {"type": "Point", "coordinates": [29.476503, 46.792173]}, "properties": {"entry_id": "Гис-019", "district_or_settlement": "Гиска", "basis": "osm_admin_boundary", "road_name": "улица Суворова", "osm_way_id": 223970305, "entry_lon": 29.476503, "entry_lat": 46.792173, "highway": "residential", "access": "", "vehicle": "", "motor_vehicle": "", "oneway": "", "maxspeed": "", "surface": "", "bridge": "", "tunnel": "", "layer": "", "car_access_ok": true, "connected_to_city_graph": true, "owner_review_required": false}}, {"type": "Feature", "geometry": {"type": "Point", "coordinates": [29.476548, 46.798739]}, "properties": {"entry_id": "Гис-020", "district_or_settlement": "Гиска", "basis": "osm_admin_boundary", "road_name": "", "osm_way_id": 421840809, "entry_lon": 29.476548, "entry_lat": 46.798739, "highway": "service", "access": "destination", "vehicle": "", "motor_vehicle": "", "oneway": "yes", "maxspeed": "", "surface": "", "bridge": "", "tunnel": "", "layer": "", "car_access_ok": true, "connected_to_city_graph": true, "owner_review_required": false}}, {"type": "Feature", "geometry": {"type": "Point", "coordinates": [29.462873, 46.802748]}, "properties": {"entry_id": "Гис-021", "district_or_settlement": "Гиска", "basis": "osm_admin_boundary", "road_name": "", "osm_way_id": 965407765, "entry_lon": 29.462873, "entry_lat": 46.802748, "highway": "service", "access": "", "vehicle": "", "motor_vehicle": "", "oneway": "", "maxspeed": "", "surface": "earth", "bridge": "", "tunnel": "", "layer": "", "car_access_ok": true, "connected_to_city_graph": true, "owner_review_required": false}}, {"type": "Feature", "geometry": {"type": "Point", "coordinates": [29.462491, 46.802343]}, "properties": {"entry_id": "Гис-022", "district_or_settlement": "Гиска", "basis": "osm_admin_boundary", "road_name": "", "osm_way_id": 993169042, "entry_lon": 29.462491, "entry_lat": 46.802343, "highway": "service", "access": "", "vehicle": "", "motor_vehicle": "", "oneway": "", "maxspeed": "", "surface": "", "bridge": "", "tunnel": "", "layer": "", "car_access_ok": true, "connected_to_city_graph": true, "owner_review_required": false}}, {"type": "Feature", "geometry": {"type": "Point", "coordinates": [29.402227, 46.789332]}, "properties": {"entry_id": "Гис-023", "district_or_settlement": "Гиска", "basis": "osm_admin_boundary", "road_name": "Strada Ștefan cel Mare și Sfânt", "osm_way_id": 90414304, "entry_lon": 29.402227, "entry_lat": 46.789332, "highway": "tertiary", "access": "", "vehicle": "", "motor_vehicle": "", "oneway": "", "maxspeed": "", "surface": "", "bridge": "", "tunnel": "", "layer": "", "car_access_ok": true, "connected_to_city_graph": true, "owner_review_required": false}}, {"type": "Feature", "geometry": {"type": "Point", "coordinates": [29.476295, 46.78173]}, "properties": {"entry_id": "Гис-024", "district_or_settlement": "Гиска", "basis": "osm_admin_boundary", "road_name": "улица 40 лет МССР", "osm_way_id": 223433474, "entry_lon": 29.476295, "entry_lat": 46.78173, "highway": "residential", "access": "", "vehicle": "", "motor_vehicle": "", "oneway": "", "maxspeed": "", "surface": "", "bridge": "", "tunnel": "", "layer": "", "car_access_ok": true, "connected_to_city_graph": true, "owner_review_required": false}}, {"type": "Feature", "geometry": {"type": "Point", "coordinates": [29.47604, 46.78428]}, "properties": {"entry_id": "Гис-025", "district_or_settlement": "Гиска", "basis": "osm_admin_boundary", "road_name": "", "osm_way_id": 531446213, "entry_lon": 29.47604, "entry_lat": 46.78428, "highway": "service", "access": "", "vehicle": "", "motor_vehicle": "", "oneway": "", "maxspeed": "", "surface": "", "bridge": "", "tunnel": "", "layer": "", "car_access_ok": true, "connected_to_city_graph": true, "owner_review_required": false}}, {"type": "Feature", "geometry": {"type": "Point", "coordinates": [29.400109, 46.775717]}, "properties": {"entry_id": "Гис-026", "district_or_settlement": "Гиска", "basis": "osm_admin_boundary", "road_name": "Гыска-Золотиевка", "osm_way_id": 674138530, "entry_lon": 29.400109, "entry_lat": 46.775717, "highway": "secondary", "access": "", "vehicle": "", "motor_vehicle": "", "oneway": "", "maxspeed": "", "surface": "ground", "bridge": "", "tunnel": "", "layer": "", "car_access_ok": true, "connected_to_city_graph": true, "owner_review_required": false}}, {"type": "Feature", "geometry": {"type": "Point", "coordinates": [29.476185, 46.780447]}, "properties": {"entry_id": "Гис-027", "district_or_settlement": "Гиска", "basis": "osm_admin_boundary", "road_name": "", "osm_way_id": 1190751147, "entry_lon": 29.476185, "entry_lat": 46.780447, "highway": "service", "access": "", "vehicle": "", "motor_vehicle": "", "oneway": "", "maxspeed": "", "surface": "", "bridge": "", "tunnel": "", "layer": "", "car_access_ok": true, "connected_to_city_graph": true, "owner_review_required": false}}, {"type": "Feature", "geometry": {"type": "Point", "coordinates": [29.45027, 46.815936]}, "properties": {"entry_id": "Про-028", "district_or_settlement": "Протягайловка", "basis": "osm_admin_boundary", "road_name": "Главная улица", "osm_way_id": 60739688, "entry_lon": 29.45027, "entry_lat": 46.815936, "highway": "residential", "access": "", "vehicle": "", "motor_vehicle": "", "oneway": "", "maxspeed": "", "surface": "", "bridge": "", "tunnel": "", "layer": "", "car_access_ok": true, "connected_to_city_graph": true, "owner_review_required": false}}, {"type": "Feature", "geometry": {"type": "Point", "coordinates": [29.447572, 46.830804]}, "properties": {"entry_id": "Про-029", "district_or_settlement": "Протягайловка", "basis": "osm_admin_boundary", "road_name": "улица Интернационалистов", "osm_way_id": 91850331, "entry_lon": 29.447572, "entry_lat": 46.830804, "highway": "residential", "access": "", "vehicle": "", "motor_vehicle": "", "oneway": "", "maxspeed": "50", "surface": "asphalt", "bridge": "", "tunnel": "", "layer": "", "car_access_ok": true, "connected_to_city_graph": true, "owner_review_required": false}}, {"type": "Feature", "geometry": {"type": "Point", "coordinates": [29.449523, 46.826609]}, "properties": {"entry_id": "Про-030", "district_or_settlement": "Протягайловка", "basis": "osm_admin_boundary", "road_name": "улица Кошевого", "osm_way_id": 91850344, "entry_lon": 29.449523, "entry_lat": 46.826609, "highway": "residential", "access": "", "vehicle": "", "motor_vehicle": "", "oneway": "", "maxspeed": "", "surface": "", "bridge": "", "tunnel": "", "layer": "", "car_access_ok": true, "connected_to_city_graph": true, "owner_review_required": false}}, {"type": "Feature", "geometry": {"type": "Point", "coordinates": [29.452682, 46.81737]}, "properties": {"entry_id": "Про-031", "district_or_settlement": "Протягайловка", "basis": "osm_admin_boundary", "road_name": "Комсомольская улица", "osm_way_id": 184989528, "entry_lon": 29.452682, "entry_lat": 46.81737, "highway": "residential", "access": "", "vehicle": "", "motor_vehicle": "", "oneway": "", "maxspeed": "", "surface": "", "bridge": "", "tunnel": "", "layer": "", "car_access_ok": true, "connected_to_city_graph": true, "owner_review_required": false}}, {"type": "Feature", "geometry": {"type": "Point", "coordinates": [29.451511, 46.848671]}, "properties": {"entry_id": "Про-032", "district_or_settlement": "Протягайловка", "basis": "osm_admin_boundary", "road_name": "Кишинёв-Тирасполь", "osm_way_id": 185144051, "entry_lon": 29.451511, "entry_lat": 46.848671, "highway": "primary", "access": "", "vehicle": "", "motor_vehicle": "", "oneway": "", "maxspeed": "", "surface": "", "bridge": "", "tunnel": "", "layer": "", "car_access_ok": true, "connected_to_city_graph": true, "owner_review_required": false}}, {"type": "Feature", "geometry": {"type": "Point", "coordinates": [29.450435, 46.824941]}, "properties": {"entry_id": "Про-033", "district_or_settlement": "Протягайловка", "basis": "osm_admin_boundary", "road_name": "Санаторная улица", "osm_way_id": 209668174, "entry_lon": 29.450435, "entry_lat": 46.824941, "highway": "residential", "access": "", "vehicle": "", "motor_vehicle": "", "oneway": "", "maxspeed": "", "surface": "", "bridge": "", "tunnel": "", "layer": "", "car_access_ok": true, "connected_to_city_graph": true, "owner_review_required": false}}, {"type": "Feature", "geometry": {"type": "Point", "coordinates": [29.451105, 46.822561]}, "properties": {"entry_id": "Про-034", "district_or_settlement": "Протягайловка", "basis": "osm_admin_boundary", "road_name": "Гербовецкая улица", "osm_way_id": 222904315, "entry_lon": 29.451105, "entry_lat": 46.822561, "highway": "tertiary", "access": "", "vehicle": "", "motor_vehicle": "", "oneway": "no", "maxspeed": "", "surface": "", "bridge": "", "tunnel": "", "layer": "", "car_access_ok": true, "connected_to_city_graph": true, "owner_review_required": false}}, {"type": "Feature", "geometry": {"type": "Point", "coordinates": [29.455148, 46.818624]}, "properties": {"entry_id": "Про-035", "district_or_settlement": "Протягайловка", "basis": "osm_admin_boundary", "road_name": "переулок Куйбышева", "osm_way_id": 223692025, "entry_lon": 29.455148, "entry_lat": 46.818624, "highway": "residential", "access": "", "vehicle": "", "motor_vehicle": "", "oneway": "", "maxspeed": "", "surface": "", "bridge": "", "tunnel": "", "layer": "", "car_access_ok": true, "connected_to_city_graph": true, "owner_review_required": false}}, {"type": "Feature", "geometry": {"type": "Point", "coordinates": [29.453872, 46.81955]}, "properties": {"entry_id": "Про-036", "district_or_settlement": "Протягайловка", "basis": "osm_admin_boundary", "road_name": "", "osm_way_id": 224234433, "entry_lon": 29.453872, "entry_lat": 46.81955, "highway": "service", "access": "no", "vehicle": "", "motor_vehicle": "", "oneway": "", "maxspeed": "", "surface": "", "bridge": "", "tunnel": "", "layer": "", "car_access_ok": false, "connected_to_city_graph": true, "owner_review_required": true}}, {"type": "Feature", "geometry": {"type": "Point", "coordinates": [29.454004, 46.836556]}, "properties": {"entry_id": "Про-037", "district_or_settlement": "Протягайловка", "basis": "osm_admin_boundary", "road_name": "Пионерская улица", "osm_way_id": 224691154, "entry_lon": 29.454004, "entry_lat": 46.836556, "highway": "residential", "access": "", "vehicle": "", "motor_vehicle": "", "oneway": "", "maxspeed": "", "surface": "", "bridge": "", "tunnel": "", "layer": "", "car_access_ok": true, "connected_to_city_graph": true, "owner_review_required": false}}, {"type": "Feature", "geometry": {"type": "Point", "coordinates": [29.448304, 46.828928]}, "properties": {"entry_id": "Про-038", "district_or_settlement": "Протягайловка", "basis": "osm_admin_boundary", "road_name": "переулок Полоза", "osm_way_id": 230698195, "entry_lon": 29.448304, "entry_lat": 46.828928, "highway": "residential", "access": "", "vehicle": "", "motor_vehicle": "", "oneway": "", "maxspeed": "", "surface": "", "bridge": "", "tunnel": "", "layer": "", "car_access_ok": true, "connected_to_city_graph": true, "owner_review_required": false}}, {"type": "Feature", "geometry": {"type": "Point", "coordinates": [29.447001, 46.832976]}, "properties": {"entry_id": "Про-039", "district_or_settlement": "Протягайловка", "basis": "osm_admin_boundary", "road_name": "", "osm_way_id": 290851752, "entry_lon": 29.447001, "entry_lat": 46.832976, "highway": "unclassified", "access": "", "vehicle": "", "motor_vehicle": "", "oneway": "", "maxspeed": "60", "surface": "", "bridge": "", "tunnel": "", "layer": "", "car_access_ok": true, "connected_to_city_graph": true, "owner_review_required": false}}, {"type": "Feature", "geometry": {"type": "Point", "coordinates": [29.448158, 46.831018]}, "properties": {"entry_id": "Про-040", "district_or_settlement": "Протягайловка", "basis": "osm_admin_boundary", "road_name": "", "osm_way_id": 316913787, "entry_lon": 29.448158, "entry_lat": 46.831018, "highway": "residential", "access": "", "vehicle": "", "motor_vehicle": "", "oneway": "", "maxspeed": "20", "surface": "", "bridge": "", "tunnel": "", "layer": "", "car_access_ok": true, "connected_to_city_graph": true, "owner_review_required": false}}, {"type": "Feature", "geometry": {"type": "Point", "coordinates": [29.446649, 46.834376]}, "properties": {"entry_id": "Про-041", "district_or_settlement": "Протягайловка", "basis": "osm_admin_boundary", "road_name": "", "osm_way_id": 316913788, "entry_lon": 29.446649, "entry_lat": 46.834376, "highway": "unclassified", "access": "", "vehicle": "", "motor_vehicle": "", "oneway": "", "maxspeed": "", "surface": "", "bridge": "", "tunnel": "", "layer": "", "car_access_ok": true, "connected_to_city_graph": true, "owner_review_required": false}}, {"type": "Feature", "geometry": {"type": "Point", "coordinates": [29.4557, 46.841477]}, "properties": {"entry_id": "Про-042", "district_or_settlement": "Протягайловка", "basis": "osm_admin_boundary", "road_name": "", "osm_way_id": 352155378, "entry_lon": 29.4557, "entry_lat": 46.841477, "highway": "service", "access": "", "vehicle": "", "motor_vehicle": "", "oneway": "", "maxspeed": "", "surface": "unpaved", "bridge": "", "tunnel": "", "layer": "", "car_access_ok": true, "connected_to_city_graph": true, "owner_review_required": false}}, {"type": "Feature", "geometry": {"type": "Point", "coordinates": [29.449606, 46.835231]}, "properties": {"entry_id": "Про-043", "district_or_settlement": "Протягайловка", "basis": "osm_admin_boundary", "road_name": "", "osm_way_id": 352671848, "entry_lon": 29.449606, "entry_lat": 46.835231, "highway": "service", "access": "", "vehicle": "", "motor_vehicle": "", "oneway": "", "maxspeed": "", "surface": "", "bridge": "", "tunnel": "", "layer": "", "car_access_ok": true, "connected_to_city_graph": true, "owner_review_required": false}}, {"type": "Feature", "geometry": {"type": "Point", "coordinates": [29.447901, 46.834716]}, "properties": {"entry_id": "Про-044", "district_or_settlement": "Протягайловка", "basis": "osm_admin_boundary", "road_name": "", "osm_way_id": 352671852, "entry_lon": 29.447901, "entry_lat": 46.834716, "highway": "service", "access": "", "vehicle": "", "motor_vehicle": "", "oneway": "", "maxspeed": "", "surface": "", "bridge": "", "tunnel": "", "layer": "", "car_access_ok": true, "connected_to_city_graph": true, "owner_review_required": false}}, {"type": "Feature", "geometry": {"type": "Point", "coordinates": [29.446689, 46.833786]}, "properties": {"entry_id": "Про-045", "district_or_settlement": "Протягайловка", "basis": "osm_admin_boundary", "road_name": "", "osm_way_id": 443454647, "entry_lon": 29.446689, "entry_lat": 46.833786, "highway": "service", "access": "", "vehicle": "", "motor_vehicle": "", "oneway": "", "maxspeed": "", "surface": "", "bridge": "", "tunnel": "", "layer": "", "car_access_ok": true, "connected_to_city_graph": true, "owner_review_required": false}}, {"type": "Feature", "geometry": {"type": "Point", "coordinates": [29.44883, 46.835019]}, "properties": {"entry_id": "Про-046", "district_or_settlement": "Протягайловка", "basis": "osm_admin_boundary", "road_name": "", "osm_way_id": 706969525, "entry_lon": 29.44883, "entry_lat": 46.835019, "highway": "service", "access": "", "vehicle": "", "motor_vehicle": "", "oneway": "", "maxspeed": "", "surface": "", "bridge": "", "tunnel": "", "layer": "", "car_access_ok": true, "connected_to_city_graph": true, "owner_review_required": false}}, {"type": "Feature", "geometry": {"type": "Point", "coordinates": [29.39751, 46.834688]}, "properties": {"entry_id": "Про-047", "district_or_settlement": "Протягайловка", "basis": "osm_admin_boundary", "road_name": "", "osm_way_id": 599815662, "entry_lon": 29.39751, "entry_lat": 46.834688, "highway": "tertiary", "access": "", "vehicle": "", "motor_vehicle": "", "oneway": "", "maxspeed": "", "surface": "", "bridge": "", "tunnel": "", "layer": "", "car_access_ok": true, "connected_to_city_graph": true, "owner_review_required": false}}, {"type": "Feature", "geometry": {"type": "Point", "coordinates": [29.438791, 46.858255]}, "properties": {"entry_id": "Про-048", "district_or_settlement": "Протягайловка", "basis": "osm_admin_boundary", "road_name": "Chișinău-Bender", "osm_way_id": 883199041, "entry_lon": 29.438791, "entry_lat": 46.858255, "highway": "primary", "access": "", "vehicle": "", "motor_vehicle": "", "oneway": "", "maxspeed": "", "surface": "asphalt", "bridge": "", "tunnel": "", "layer": "", "car_access_ok": true, "connected_to_city_graph": true, "owner_review_required": false}}, {"type": "Feature", "geometry": {"type": "Point", "coordinates": [29.476708, 46.840533]}, "properties": {"entry_id": "Бор-049", "district_or_settlement": "Борисовка", "basis": "address_hull_buffer", "road_name": "Кишинёв-Тирасполь", "osm_way_id": 28796004, "entry_lon": 29.476708, "entry_lat": 46.840533, "highway": "primary", "access": "", "vehicle": "", "motor_vehicle": "", "oneway": "yes", "maxspeed": "50", "surface": "asphalt", "bridge": "yes", "tunnel": "", "layer": "2", "car_access_ok": true, "connected_to_city_graph": true, "owner_review_required": false}}, {"type": "Feature", "geometry": {"type": "Point", "coordinates": [29.476599, 46.840723]}, "properties": {"entry_id": "Бор-050", "district_or_settlement": "Борисовка", "basis": "address_hull_buffer", "road_name": "", "osm_way_id": 38633117, "entry_lon": 29.476599, "entry_lat": 46.840723, "highway": "primary", "access": "", "vehicle": "", "motor_vehicle": "", "oneway": "yes", "maxspeed": "50", "surface": "asphalt", "bridge": "yes", "tunnel": "", "layer": "2", "car_access_ok": true, "connected_to_city_graph": true, "owner_review_required": false}}, {"type": "Feature", "geometry": {"type": "Point", "coordinates": [29.469746, 46.845129]}, "properties": {"entry_id": "Бор-051", "district_or_settlement": "Борисовка", "basis": "address_hull_buffer", "road_name": "Ленинградская улица", "osm_way_id": 41749664, "entry_lon": 29.469746, "entry_lat": 46.845129, "highway": "tertiary", "access": "", "vehicle": "", "motor_vehicle": "", "oneway": "no", "maxspeed": "", "surface": "", "bridge": "", "tunnel": "", "layer": "", "car_access_ok": true, "connected_to_city_graph": true, "owner_review_required": false}}, {"type": "Feature", "geometry": {"type": "Point", "coordinates": [29.478226, 46.832931]}, "properties": {"entry_id": "Бор-052", "district_or_settlement": "Борисовка", "basis": "address_hull_buffer", "road_name": "", "osm_way_id": 41851868, "entry_lon": 29.478226, "entry_lat": 46.832931, "highway": "service", "access": "", "vehicle": "", "motor_vehicle": "", "oneway": "", "maxspeed": "", "surface": "asphalt", "bridge": "", "tunnel": "", "layer": "", "car_access_ok": true, "connected_to_city_graph": true, "owner_review_required": false}}, {"type": "Feature", "geometry": {"type": "Point", "coordinates": [29.46182, 46.830387]}, "properties": {"entry_id": "Бор-053", "district_or_settlement": "Борисовка", "basis": "address_hull_buffer", "road_name": "Железнодорожная улица", "osm_way_id": 45858824, "entry_lon": 29.46182, "entry_lat": 46.830387, "highway": "residential", "access": "", "vehicle": "", "motor_vehicle": "", "oneway": "", "maxspeed": "", "surface": "asphalt", "bridge": "", "tunnel": "", "layer": "", "car_access_ok": true, "connected_to_city_graph": true, "owner_review_required": false}}, {"type": "Feature", "geometry": {"type": "Point", "coordinates": [29.460185, 46.84311]}, "properties": {"entry_id": "Бор-054", "district_or_settlement": "Борисовка", "basis": "address_hull_buffer", "road_name": "Кишинёвская улица", "osm_way_id": 63221794, "entry_lon": 29.460185, "entry_lat": 46.84311, "highway": "primary", "access": "", "vehicle": "", "motor_vehicle": "", "oneway": "", "maxspeed": "60", "surface": "", "bridge": "", "tunnel": "", "layer": "", "car_access_ok": true, "connected_to_city_graph": true, "owner_review_required": false}}, {"type": "Feature", "geometry": {"type": "Point", "coordinates": [29.476431, 46.831474]}, "properties": {"entry_id": "Бор-055", "district_or_settlement": "Борисовка", "basis": "address_hull_buffer", "road_name": "улица Дзержинского", "osm_way_id": 87497006, "entry_lon": 29.476431, "entry_lat": 46.831474, "highway": "residential", "access": "", "vehicle": "", "motor_vehicle": "", "oneway": "", "maxspeed": "", "surface": "", "bridge": "", "tunnel": "", "layer": "", "car_access_ok": true, "connected_to_city_graph": true, "owner_review_required": false}}, {"type": "Feature", "geometry": {"type": "Point", "coordinates": [29.475193, 46.842196]}, "properties": {"entry_id": "Бор-056", "district_or_settlement": "Борисовка", "basis": "address_hull_buffer", "road_name": "", "osm_way_id": 87499732, "entry_lon": 29.475193, "entry_lat": 46.842196, "highway": "residential", "access": "", "vehicle": "", "motor_vehicle": "", "oneway": "", "maxspeed": "", "surface": "", "bridge": "", "tunnel": "", "layer": "", "car_access_ok": true, "connected_to_city_graph": true, "owner_review_required": false}}, {"type": "Feature", "geometry": {"type": "Point", "coordinates": [29.463462, 46.845472]}, "properties": {"entry_id": "Бор-057", "district_or_settlement": "Борисовка", "basis": "address_hull_buffer", "road_name": "улица Зои Космодемьянской", "osm_way_id": 87499735, "entry_lon": 29.463462, "entry_lat": 46.845472, "highway": "residential", "access": "", "vehicle": "", "motor_vehicle": "", "oneway": "", "maxspeed": "50", "surface": "", "bridge": "", "tunnel": "", "layer": "", "car_access_ok": true, "connected_to_city_graph": true, "owner_review_required": false}}, {"type": "Feature", "geometry": {"type": "Point", "coordinates": [29.470175, 46.844993]}, "properties": {"entry_id": "Бор-058", "district_or_settlement": "Борисовка", "basis": "address_hull_buffer", "road_name": "улица Титова", "osm_way_id": 87499736, "entry_lon": 29.470175, "entry_lat": 46.844993, "highway": "residential", "access": "", "vehicle": "", "motor_vehicle": "", "oneway": "", "maxspeed": "", "surface": "asphalt", "bridge": "", "tunnel": "", "layer": "", "car_access_ok": true, "connected_to_city_graph": true, "owner_review_required": false}}, {"type": "Feature", "geometry": {"type": "Point", "coordinates": [29.468271, 46.845408]}, "properties": {"entry_id": "Бор-059", "district_or_settlement": "Борисовка", "basis": "address_hull_buffer", "road_name": "Спортивная улица", "osm_way_id": 87499738, "entry_lon": 29.468271, "entry_lat": 46.845408, "highway": "residential", "access": "", "vehicle": "", "motor_vehicle": "", "oneway": "", "maxspeed": "", "surface": "", "bridge": "", "tunnel": "", "layer": "", "car_access_ok": true, "connected_to_city_graph": true, "owner_review_required": false}}, {"type": "Feature", "geometry": {"type": "Point", "coordinates": [29.450934, 46.831701]}, "properties": {"entry_id": "Бор-060", "district_or_settlement": "Борисовка", "basis": "address_hull_buffer", "road_name": "улица Интернационалистов", "osm_way_id": 91850331, "entry_lon": 29.450934, "entry_lat": 46.831701, "highway": "residential", "access": "", "vehicle": "", "motor_vehicle": "", "oneway": "", "maxspeed": "50", "surface": "asphalt", "bridge": "", "tunnel": "", "layer": "", "car_access_ok": true, "connected_to_city_graph": true, "owner_review_required": false}}, {"type": "Feature", "geometry": {"type": "Point", "coordinates": [29.461395, 46.830431]}, "properties": {"entry_id": "Бор-061", "district_or_settlement": "Борисовка", "basis": "address_hull_buffer", "road_name": "улица 50 лет ВЛКСМ", "osm_way_id": 133068147, "entry_lon": 29.461395, "entry_lat": 46.830431, "highway": "tertiary", "access": "", "vehicle": "", "motor_vehicle": "", "oneway": "no", "maxspeed": "", "surface": "", "bridge": "", "tunnel": "", "layer": "", "car_access_ok": true, "connected_to_city_graph": true, "owner_review_required": false}}, {"type": "Feature", "geometry": {"type": "Point", "coordinates": [29.461743, 46.830395]}, "properties": {"entry_id": "Бор-062", "district_or_settlement": "Борисовка", "basis": "address_hull_buffer", "road_name": "", "osm_way_id": 133068150, "entry_lon": 29.461743, "entry_lat": 46.830395, "highway": "service", "access": "", "vehicle": "", "motor_vehicle": "", "oneway": "yes", "maxspeed": "", "surface": "asphalt", "bridge": "", "tunnel": "", "layer": "", "car_access_ok": true, "connected_to_city_graph": true, "owner_review_required": false}}, {"type": "Feature", "geometry": {"type": "Point", "coordinates": [29.464806, 46.845706]}, "properties": {"entry_id": "Бор-063", "district_or_settlement": "Борисовка", "basis": "address_hull_buffer", "road_name": "", "osm_way_id": 165445024, "entry_lon": 29.464806, "entry_lat": 46.845706, "highway": "service", "access": "", "vehicle": "", "motor_vehicle": "", "oneway": "", "maxspeed": "", "surface": "", "bridge": "", "tunnel": "", "layer": "", "car_access_ok": true, "connected_to_city_graph": true, "owner_review_required": false}}, {"type": "Feature", "geometry": {"type": "Point", "coordinates": [29.465418, 46.845731]}, "properties": {"entry_id": "Бор-064", "district_or_settlement": "Борисовка", "basis": "address_hull_buffer", "road_name": "", "osm_way_id": 165445030, "entry_lon": 29.465418, "entry_lat": 46.845731, "highway": "service", "access": "", "vehicle": "", "motor_vehicle": "", "oneway": "", "maxspeed": "", "surface": "", "bridge": "", "tunnel": "", "layer": "", "car_access_ok": true, "connected_to_city_graph": true, "owner_review_required": false}}, {"type": "Feature", "geometry": {"type": "Point", "coordinates": [29.462671, 46.844961]}, "properties": {"entry_id": "Бор-065", "district_or_settlement": "Борисовка", "basis": "address_hull_buffer", "road_name": "Варницкий переулок", "osm_way_id": 165445033, "entry_lon": 29.462671, "entry_lat": 46.844961, "highway": "residential", "access": "", "vehicle": "", "motor_vehicle": "", "oneway": "", "maxspeed": "20", "surface": "", "bridge": "", "tunnel": "", "layer": "", "car_access_ok": true, "connected_to_city_graph": true, "owner_review_required": false}}, {"type": "Feature", "geometry": {"type": "Point", "coordinates": [29.461375, 46.844072]}, "properties": {"entry_id": "Бор-066", "district_or_settlement": "Борисовка", "basis": "address_hull_buffer", "road_name": "", "osm_way_id": 165765803, "entry_lon": 29.461375, "entry_lat": 46.844072, "highway": "service", "access": "", "vehicle": "", "motor_vehicle": "", "oneway": "", "maxspeed": "", "surface": "", "bridge": "", "tunnel": "", "layer": "", "car_access_ok": true, "connected_to_city_graph": true, "owner_review_required": false}}, {"type": "Feature", "geometry": {"type": "Point", "coordinates": [29.460842, 46.843686]}, "properties": {"entry_id": "Бор-067", "district_or_settlement": "Борисовка", "basis": "address_hull_buffer", "road_name": "", "osm_way_id": 165765809, "entry_lon": 29.460842, "entry_lat": 46.843686, "highway": "service", "access": "", "vehicle": "", "motor_vehicle": "", "oneway": "", "maxspeed": "", "surface": "", "bridge": "", "tunnel": "", "layer": "", "car_access_ok": true, "connected_to_city_graph": true, "owner_review_required": false}}, {"type": "Feature", "geometry": {"type": "Point", "coordinates": [29.454551, 46.831173]}, "properties": {"entry_id": "Бор-068", "district_or_settlement": "Борисовка", "basis": "address_hull_buffer", "road_name": "улица Павлика Морозова", "osm_way_id": 209668156, "entry_lon": 29.454551, "entry_lat": 46.831173, "highway": "residential", "access": "", "vehicle": "", "motor_vehicle": "", "oneway": "", "maxspeed": "", "surface": "", "bridge": "", "tunnel": "", "layer": "", "car_access_ok": true, "connected_to_city_graph": true, "owner_review_required": false}}, {"type": "Feature", "geometry": {"type": "Point", "coordinates": [29.460521, 46.830521]}, "properties": {"entry_id": "Бор-069", "district_or_settlement": "Борисовка", "basis": "address_hull_buffer", "road_name": "Пионерская улица", "osm_way_id": 209668183, "entry_lon": 29.460521, "entry_lat": 46.830521, "highway": "service", "access": "", "vehicle": "", "motor_vehicle": "", "oneway": "", "maxspeed": "", "surface": "", "bridge": "", "tunnel": "", "layer": "", "car_access_ok": true, "connected_to_city_graph": true, "owner_review_required": false}}, {"type": "Feature", "geometry": {"type": "Point", "coordinates": [29.45656, 46.830951]}, "properties": {"entry_id": "Бор-070", "district_or_settlement": "Борисовка", "basis": "address_hull_buffer", "road_name": "", "osm_way_id": 222632565, "entry_lon": 29.45656, "entry_lat": 46.830951, "highway": "service", "access": "", "vehicle": "", "motor_vehicle": "", "oneway": "", "maxspeed": "", "surface": "", "bridge": "", "tunnel": "", "layer": "", "car_access_ok": true, "connected_to_city_graph": true, "owner_review_required": false}}, {"type": "Feature", "geometry": {"type": "Point", "coordinates": [29.458819, 46.830702]}, "properties": {"entry_id": "Бор-071", "district_or_settlement": "Борисовка", "basis": "address_hull_buffer", "road_name": "", "osm_way_id": 222986037, "entry_lon": 29.458819, "entry_lat": 46.830702, "highway": "service", "access": "", "vehicle": "", "motor_vehicle": "", "oneway": "", "maxspeed": "", "surface": "", "bridge": "", "tunnel": "", "layer": "", "car_access_ok": true, "connected_to_city_graph": true, "owner_review_required": false}}, {"type": "Feature", "geometry": {"type": "Point", "coordinates": [29.458176, 46.830773]}, "properties": {"entry_id": "Бор-072", "district_or_settlement": "Борисовка", "basis": "address_hull_buffer", "road_name": "переулок Осипенко", "osm_way_id": 222986039, "entry_lon": 29.458176, "entry_lat": 46.830773, "highway": "residential", "access": "", "vehicle": "", "motor_vehicle": "", "oneway": "", "maxspeed": "", "surface": "", "bridge": "", "tunnel": "", "layer": "", "car_access_ok": true, "connected_to_city_graph": true, "owner_review_required": false}}, {"type": "Feature", "geometry": {"type": "Point", "coordinates": [29.451338, 46.831541]}, "properties": {"entry_id": "Бор-073", "district_or_settlement": "Борисовка", "basis": "address_hull_buffer", "road_name": "", "osm_way_id": 222986072, "entry_lon": 29.451338, "entry_lat": 46.831541, "highway": "service", "access": "", "vehicle": "", "motor_vehicle": "", "oneway": "", "maxspeed": "", "surface": "", "bridge": "", "tunnel": "", "layer": "", "car_access_ok": true, "connected_to_city_graph": true, "owner_review_required": false}}, {"type": "Feature", "geometry": {"type": "Point", "coordinates": [29.453295, 46.837054]}, "properties": {"entry_id": "Бор-074", "district_or_settlement": "Борисовка", "basis": "address_hull_buffer", "road_name": "Пионерская улица", "osm_way_id": 224691154, "entry_lon": 29.453295, "entry_lat": 46.837054, "highway": "residential", "access": "", "vehicle": "", "motor_vehicle": "", "oneway": "", "maxspeed": "", "surface": "", "bridge": "", "tunnel": "", "layer": "", "car_access_ok": true, "connected_to_city_graph": true, "owner_review_required": false}}, {"type": "Feature", "geometry": {"type": "Point", "coordinates": [29.470118, 46.829527]}, "properties": {"entry_id": "Бор-075", "district_or_settlement": "Борисовка", "basis": "address_hull_buffer", "road_name": "Деповская улица", "osm_way_id": 224953397, "entry_lon": 29.470118, "entry_lat": 46.829527, "highway": "residential", "access": "", "vehicle": "", "motor_vehicle": "", "oneway": "", "maxspeed": "", "surface": "", "bridge": "", "tunnel": "", "layer": "", "car_access_ok": true, "connected_to_city_graph": true, "owner_review_required": false}}, {"type": "Feature", "geometry": {"type": "Point", "coordinates": [29.472417, 46.829488]}, "properties": {"entry_id": "Бор-076", "district_or_settlement": "Борисовка", "basis": "address_hull_buffer", "road_name": "Деповская улица", "osm_way_id": 224958052, "entry_lon": 29.472417, "entry_lat": 46.829488, "highway": "residential", "access": "", "vehicle": "", "motor_vehicle": "", "oneway": "", "maxspeed": "", "surface": "", "bridge": "", "tunnel": "", "layer": "", "car_access_ok": true, "connected_to_city_graph": true, "owner_review_required": false}}, {"type": "Feature", "geometry": {"type": "Point", "coordinates": [29.457958, 46.841152]}, "properties": {"entry_id": "Бор-077", "district_or_settlement": "Борисовка", "basis": "address_hull_buffer", "road_name": "", "osm_way_id": 315206360, "entry_lon": 29.457958, "entry_lat": 46.841152, "highway": "service", "access": "", "vehicle": "", "motor_vehicle": "", "oneway": "", "maxspeed": "", "surface": "", "bridge": "", "tunnel": "", "layer": "", "car_access_ok": true, "connected_to_city_graph": true, "owner_review_required": false}}, {"type": "Feature", "geometry": {"type": "Point", "coordinates": [29.46777, 46.845497]}, "properties": {"entry_id": "Бор-078", "district_or_settlement": "Борисовка", "basis": "address_hull_buffer", "road_name": "", "osm_way_id": 326340253, "entry_lon": 29.46777, "entry_lat": 46.845497, "highway": "service", "access": "", "vehicle": "", "motor_vehicle": "", "oneway": "", "maxspeed": "", "surface": "", "bridge": "", "tunnel": "", "layer": "", "car_access_ok": true, "connected_to_city_graph": true, "owner_review_required": false}}, {"type": "Feature", "geometry": {"type": "Point", "coordinates": [29.451156, 46.831596]}, "properties": {"entry_id": "Бор-079", "district_or_settlement": "Борисовка", "basis": "address_hull_buffer", "road_name": "", "osm_way_id": 326537538, "entry_lon": 29.451156, "entry_lat": 46.831596, "highway": "service", "access": "", "vehicle": "", "motor_vehicle": "", "oneway": "", "maxspeed": "20", "surface": "", "bridge": "", "tunnel": "", "layer": "", "car_access_ok": true, "connected_to_city_graph": true, "owner_review_required": false}}, {"type": "Feature", "geometry": {"type": "Point", "coordinates": [29.45601, 46.83944]}, "properties": {"entry_id": "Бор-080", "district_or_settlement": "Борисовка", "basis": "address_hull_buffer", "road_name": "", "osm_way_id": 352155378, "entry_lon": 29.45601, "entry_lat": 46.83944, "highway": "service", "access": "", "vehicle": "", "motor_vehicle": "", "oneway": "", "maxspeed": "", "surface": "unpaved", "bridge": "", "tunnel": "", "layer": "", "car_access_ok": true, "connected_to_city_graph": true, "owner_review_required": false}}, {"type": "Feature", "geometry": {"type": "Point", "coordinates": [29.460538, 46.84342]}, "properties": {"entry_id": "Бор-081", "district_or_settlement": "Борисовка", "basis": "address_hull_buffer", "road_name": "", "osm_way_id": 376224693, "entry_lon": 29.460538, "entry_lat": 46.84342, "highway": "service", "access": "", "vehicle": "", "motor_vehicle": "", "oneway": "", "maxspeed": "", "surface": "", "bridge": "", "tunnel": "", "layer": "", "car_access_ok": true, "connected_to_city_graph": true, "owner_review_required": false}}, {"type": "Feature", "geometry": {"type": "Point", "coordinates": [29.459002, 46.84207]}, "properties": {"entry_id": "Бор-082", "district_or_settlement": "Борисовка", "basis": "address_hull_buffer", "road_name": "", "osm_way_id": 417217647, "entry_lon": 29.459002, "entry_lat": 46.84207, "highway": "service", "access": "", "vehicle": "", "motor_vehicle": "", "oneway": "", "maxspeed": "", "surface": "", "bridge": "", "tunnel": "", "layer": "", "car_access_ok": true, "connected_to_city_graph": true, "owner_review_required": false}}, {"type": "Feature", "geometry": {"type": "Point", "coordinates": [29.4546, 46.831168]}, "properties": {"entry_id": "Бор-083", "district_or_settlement": "Борисовка", "basis": "address_hull_buffer", "road_name": "", "osm_way_id": 428742163, "entry_lon": 29.4546, "entry_lat": 46.831168, "highway": "service", "access": "", "vehicle": "", "motor_vehicle": "", "oneway": "", "maxspeed": "", "surface": "", "bridge": "", "tunnel": "", "layer": "", "car_access_ok": true, "connected_to_city_graph": true, "owner_review_required": false}}, {"type": "Feature", "geometry": {"type": "Point", "coordinates": [29.460995, 46.843804]}, "properties": {"entry_id": "Бор-084", "district_or_settlement": "Борисовка", "basis": "address_hull_buffer", "road_name": "", "osm_way_id": 455693395, "entry_lon": 29.460995, "entry_lat": 46.843804, "highway": "service", "access": "", "vehicle": "", "motor_vehicle": "", "oneway": "", "maxspeed": "", "surface": "", "bridge": "", "tunnel": "", "layer": "", "car_access_ok": true, "connected_to_city_graph": true, "owner_review_required": false}}, {"type": "Feature", "geometry": {"type": "Point", "coordinates": [29.466392, 46.845739]}, "properties": {"entry_id": "Бор-085", "district_or_settlement": "Борисовка", "basis": "address_hull_buffer", "road_name": "", "osm_way_id": 462669555, "entry_lon": 29.466392, "entry_lat": 46.845739, "highway": "service", "access": "no", "vehicle": "", "motor_vehicle": "", "oneway": "", "maxspeed": "", "surface": "", "bridge": "", "tunnel": "", "layer": "", "car_access_ok": false, "connected_to_city_graph": true, "owner_review_required": true}}, {"type": "Feature", "geometry": {"type": "Point", "coordinates": [29.464489, 46.83011]}, "properties": {"entry_id": "Бор-086", "district_or_settlement": "Борисовка", "basis": "address_hull_buffer", "road_name": "улица Бендерского Восстания", "osm_way_id": 502309855, "entry_lon": 29.464489, "entry_lat": 46.83011, "highway": "primary", "access": "", "vehicle": "", "motor_vehicle": "", "oneway": "", "maxspeed": "", "surface": "", "bridge": "", "tunnel": "", "layer": "", "car_access_ok": true, "connected_to_city_graph": true, "owner_review_required": false}}, {"type": "Feature", "geometry": {"type": "Point", "coordinates": [29.450882, 46.831731]}, "properties": {"entry_id": "Бор-087", "district_or_settlement": "Борисовка", "basis": "address_hull_buffer", "road_name": "", "osm_way_id": 535178968, "entry_lon": 29.450882, "entry_lat": 46.831731, "highway": "service", "access": "", "vehicle": "", "motor_vehicle": "", "oneway": "", "maxspeed": "", "surface": "", "bridge": "", "tunnel": "", "layer": "", "car_access_ok": true, "connected_to_city_graph": true, "owner_review_required": false}}, {"type": "Feature", "geometry": {"type": "Point", "coordinates": [29.459624, 46.842617]}, "properties": {"entry_id": "Бор-088", "district_or_settlement": "Борисовка", "basis": "address_hull_buffer", "road_name": "", "osm_way_id": 694334102, "entry_lon": 29.459624, "entry_lat": 46.842617, "highway": "service", "access": "", "vehicle": "", "motor_vehicle": "", "oneway": "", "maxspeed": "20", "surface": "asphalt", "bridge": "", "tunnel": "", "layer": "", "car_access_ok": true, "connected_to_city_graph": true, "owner_review_required": false}}, {"type": "Feature", "geometry": {"type": "Point", "coordinates": [29.457492, 46.840743]}, "properties": {"entry_id": "Бор-089", "district_or_settlement": "Борисовка", "basis": "address_hull_buffer", "road_name": "", "osm_way_id": 705773278, "entry_lon": 29.457492, "entry_lat": 46.840743, "highway": "service", "access": "", "vehicle": "", "motor_vehicle": "", "oneway": "", "maxspeed": "", "surface": "", "bridge": "", "tunnel": "", "layer": "", "car_access_ok": true, "connected_to_city_graph": true, "owner_review_required": false}}, {"type": "Feature", "geometry": {"type": "Point", "coordinates": [29.457795, 46.841009]}, "properties": {"entry_id": "Бор-090", "district_or_settlement": "Борисовка", "basis": "address_hull_buffer", "road_name": "", "osm_way_id": 705773279, "entry_lon": 29.457795, "entry_lat": 46.841009, "highway": "service", "access": "", "vehicle": "", "motor_vehicle": "", "oneway": "", "maxspeed": "", "surface": "", "bridge": "", "tunnel": "", "layer": "", "car_access_ok": true, "connected_to_city_graph": true, "owner_review_required": false}}, {"type": "Feature", "geometry": {"type": "Point", "coordinates": [29.462372, 46.844765]}, "properties": {"entry_id": "Бор-091", "district_or_settlement": "Борисовка", "basis": "address_hull_buffer", "road_name": "улица Ермакова", "osm_way_id": 746365743, "entry_lon": 29.462372, "entry_lat": 46.844765, "highway": "primary", "access": "", "vehicle": "", "motor_vehicle": "", "oneway": "", "maxspeed": "50", "surface": "asphalt", "bridge": "", "tunnel": "", "layer": "", "car_access_ok": true, "connected_to_city_graph": true, "owner_review_required": false}}, {"type": "Feature", "geometry": {"type": "Point", "coordinates": [29.473656, 46.843749]}, "properties": {"entry_id": "Бор-092", "district_or_settlement": "Борисовка", "basis": "address_hull_buffer", "road_name": "", "osm_way_id": 762475574, "entry_lon": 29.473656, "entry_lat": 46.843749, "highway": "service", "access": "", "vehicle": "", "motor_vehicle": "", "oneway": "", "maxspeed": "", "surface": "", "bridge": "", "tunnel": "", "layer": "", "car_access_ok": true, "connected_to_city_graph": true, "owner_review_required": false}}, {"type": "Feature", "geometry": {"type": "Point", "coordinates": [29.477392, 46.832253]}, "properties": {"entry_id": "Бор-093", "district_or_settlement": "Борисовка", "basis": "address_hull_buffer", "road_name": "", "osm_way_id": 836884711, "entry_lon": 29.477392, "entry_lat": 46.832253, "highway": "service", "access": "", "vehicle": "", "motor_vehicle": "", "oneway": "", "maxspeed": "", "surface": "", "bridge": "", "tunnel": "", "layer": "", "car_access_ok": true, "connected_to_city_graph": true, "owner_review_required": false}}, {"type": "Feature", "geometry": {"type": "Point", "coordinates": [29.46459, 46.845697]}, "properties": {"entry_id": "Бор-094", "district_or_settlement": "Борисовка", "basis": "address_hull_buffer", "road_name": "улица 40 лет Победы", "osm_way_id": 953951507, "entry_lon": 29.46459, "entry_lat": 46.845697, "highway": "tertiary", "access": "", "vehicle": "", "motor_vehicle": "", "oneway": "", "maxspeed": "50", "surface": "", "bridge": "", "tunnel": "", "layer": "", "car_access_ok": true, "connected_to_city_graph": true, "owner_review_required": false}}, {"type": "Feature", "geometry": {"type": "Point", "coordinates": [29.474273, 46.84313]}, "properties": {"entry_id": "Бор-095", "district_or_settlement": "Борисовка", "basis": "address_hull_buffer", "road_name": "", "osm_way_id": 982918093, "entry_lon": 29.474273, "entry_lat": 46.84313, "highway": "service", "access": "", "vehicle": "", "motor_vehicle": "", "oneway": "", "maxspeed": "", "surface": "", "bridge": "", "tunnel": "", "layer": "", "car_access_ok": true, "connected_to_city_graph": true, "owner_review_required": false}}, {"type": "Feature", "geometry": {"type": "Point", "coordinates": [29.472668, 46.830529]}, "properties": {"entry_id": "Бор-096", "district_or_settlement": "Борисовка", "basis": "rail_level_crossing_node", "road_name": "(railway level_crossing)", "osm_way_id": "", "entry_lon": 29.472668, "entry_lat": 46.830529, "highway": "level_crossing", "access": "", "vehicle": "", "motor_vehicle": "", "oneway": "", "maxspeed": "", "surface": "", "bridge": "", "tunnel": "", "layer": "", "car_access_ok": true, "connected_to_city_graph": true, "owner_review_required": false}}, {"type": "Feature", "geometry": {"type": "Point", "coordinates": [29.476381, 46.837292]}, "properties": {"entry_id": "Бор-097", "district_or_settlement": "Борисовка", "basis": "rail_level_crossing_node", "road_name": "(railway level_crossing)", "osm_way_id": "", "entry_lon": 29.476381, "entry_lat": 46.837292, "highway": "level_crossing", "access": "", "vehicle": "", "motor_vehicle": "", "oneway": "", "maxspeed": "", "surface": "", "bridge": "", "tunnel": "", "layer": "", "car_access_ok": true, "connected_to_city_graph": true, "owner_review_required": false}}, {"type": "Feature", "geometry": {"type": "Point", "coordinates": [29.476755, 46.837301]}, "properties": {"entry_id": "Бор-098", "district_or_settlement": "Борисовка", "basis": "rail_level_crossing_node", "road_name": "(railway level_crossing)", "osm_way_id": "", "entry_lon": 29.476755, "entry_lat": 46.837301, "highway": "level_crossing", "access": "", "vehicle": "", "motor_vehicle": "", "oneway": "", "maxspeed": "", "surface": "", "bridge": "", "tunnel": "", "layer": "", "car_access_ok": true, "connected_to_city_graph": true, "owner_review_required": false}}, {"type": "Feature", "geometry": {"type": "Point", "coordinates": [29.473332, 46.828807]}, "properties": {"entry_id": "Бор-099", "district_or_settlement": "Борисовка", "basis": "rail_level_crossing_node", "road_name": "(railway level_crossing)", "osm_way_id": "", "entry_lon": 29.473332, "entry_lat": 46.828807, "highway": "level_crossing", "access": "", "vehicle": "", "motor_vehicle": "", "oneway": "", "maxspeed": "", "surface": "", "bridge": "", "tunnel": "", "layer": "", "car_access_ok": true, "connected_to_city_graph": true, "owner_review_required": false}}, {"type": "Feature", "geometry": {"type": "Point", "coordinates": [29.475112, 46.831705]}, "properties": {"entry_id": "Бор-100", "district_or_settlement": "Борисовка", "basis": "rail_level_crossing_node", "road_name": "(railway level_crossing)", "osm_way_id": "", "entry_lon": 29.475112, "entry_lat": 46.831705, "highway": "level_crossing", "access": "", "vehicle": "", "motor_vehicle": "", "oneway": "", "maxspeed": "", "surface": "", "bridge": "", "tunnel": "", "layer": "", "car_access_ok": true, "connected_to_city_graph": true, "owner_review_required": false}}, {"type": "Feature", "geometry": {"type": "Point", "coordinates": [29.476648, 46.831719]}, "properties": {"entry_id": "Бор-101", "district_or_settlement": "Борисовка", "basis": "rail_level_crossing_node", "road_name": "(railway level_crossing)", "osm_way_id": "", "entry_lon": 29.476648, "entry_lat": 46.831719, "highway": "level_crossing", "access": "", "vehicle": "", "motor_vehicle": "", "oneway": "", "maxspeed": "", "surface": "", "bridge": "", "tunnel": "", "layer": "", "car_access_ok": true, "connected_to_city_graph": true, "owner_review_required": false}}, {"type": "Feature", "geometry": {"type": "Point", "coordinates": [29.469605, 46.829]}, "properties": {"entry_id": "Бор-102", "district_or_settlement": "Борисовка", "basis": "rail_level_crossing_node", "road_name": "(railway level_crossing)", "osm_way_id": "", "entry_lon": 29.469605, "entry_lat": 46.829, "highway": "level_crossing", "access": "", "vehicle": "", "motor_vehicle": "", "oneway": "", "maxspeed": "", "surface": "", "bridge": "", "tunnel": "", "layer": "", "car_access_ok": true, "connected_to_city_graph": true, "owner_review_required": false}}, {"type": "Feature", "geometry": {"type": "Point", "coordinates": [29.475025, 46.831732]}, "properties": {"entry_id": "Бор-103", "district_or_settlement": "Борисовка", "basis": "rail_level_crossing_node", "road_name": "(railway level_crossing)", "osm_way_id": "", "entry_lon": 29.475025, "entry_lat": 46.831732, "highway": "level_crossing", "access": "", "vehicle": "", "motor_vehicle": "", "oneway": "", "maxspeed": "", "surface": "", "bridge": "", "tunnel": "", "layer": "", "car_access_ok": true, "connected_to_city_graph": true, "owner_review_required": false}}, {"type": "Feature", "geometry": {"type": "Point", "coordinates": [29.474878, 46.831776]}, "properties": {"entry_id": "Бор-104", "district_or_settlement": "Борисовка", "basis": "rail_level_crossing_node", "road_name": "(railway level_crossing)", "osm_way_id": "", "entry_lon": 29.474878, "entry_lat": 46.831776, "highway": "level_crossing", "access": "", "vehicle": "", "motor_vehicle": "", "oneway": "", "maxspeed": "", "surface": "", "bridge": "", "tunnel": "", "layer": "", "car_access_ok": true, "connected_to_city_graph": true, "owner_review_required": false}}, {"type": "Feature", "geometry": {"type": "Point", "coordinates": [29.474946, 46.831756]}, "properties": {"entry_id": "Бор-105", "district_or_settlement": "Борисовка", "basis": "rail_level_crossing_node", "road_name": "(railway level_crossing)", "osm_way_id": "", "entry_lon": 29.474946, "entry_lat": 46.831756, "highway": "level_crossing", "access": "", "vehicle": "", "motor_vehicle": "", "oneway": "", "maxspeed": "", "surface": "", "bridge": "", "tunnel": "", "layer": "", "car_access_ok": true, "connected_to_city_graph": true, "owner_review_required": false}}, {"type": "Feature", "geometry": {"type": "Point", "coordinates": [29.474755, 46.831816]}, "properties": {"entry_id": "Бор-106", "district_or_settlement": "Борисовка", "basis": "rail_level_crossing_node", "road_name": "(railway level_crossing)", "osm_way_id": "", "entry_lon": 29.474755, "entry_lat": 46.831816, "highway": "level_crossing", "access": "", "vehicle": "", "motor_vehicle": "", "oneway": "", "maxspeed": "", "surface": "", "bridge": "", "tunnel": "", "layer": "", "car_access_ok": true, "connected_to_city_graph": true, "owner_review_required": false}}, {"type": "Feature", "geometry": {"type": "Point", "coordinates": [29.475091, 46.831711]}, "properties": {"entry_id": "Бор-107", "district_or_settlement": "Борисовка", "basis": "rail_level_crossing_node", "road_name": "(railway level_crossing)", "osm_way_id": "", "entry_lon": 29.475091, "entry_lat": 46.831711, "highway": "level_crossing", "access": "", "vehicle": "", "motor_vehicle": "", "oneway": "", "maxspeed": "", "surface": "", "bridge": "", "tunnel": "", "layer": "", "car_access_ok": true, "connected_to_city_graph": true, "owner_review_required": false}}, {"type": "Feature", "geometry": {"type": "Point", "coordinates": [29.473208, 46.828847]}, "properties": {"entry_id": "Бор-108", "district_or_settlement": "Борисовка", "basis": "rail_level_crossing_node", "road_name": "(railway level_crossing)", "osm_way_id": "", "entry_lon": 29.473208, "entry_lat": 46.828847, "highway": "level_crossing", "access": "", "vehicle": "", "motor_vehicle": "", "oneway": "", "maxspeed": "", "surface": "", "bridge": "", "tunnel": "", "layer": "", "car_access_ok": true, "connected_to_city_graph": true, "owner_review_required": false}}, {"type": "Feature", "geometry": {"type": "Point", "coordinates": [29.476641, 46.831767]}, "properties": {"entry_id": "Бор-109", "district_or_settlement": "Борисовка", "basis": "rail_level_crossing_node", "road_name": "(railway level_crossing)", "osm_way_id": "", "entry_lon": 29.476641, "entry_lat": 46.831767, "highway": "level_crossing", "access": "", "vehicle": "", "motor_vehicle": "", "oneway": "", "maxspeed": "", "surface": "", "bridge": "", "tunnel": "", "layer": "", "car_access_ok": true, "connected_to_city_graph": true, "owner_review_required": false}}, {"type": "Feature", "geometry": {"type": "Point", "coordinates": [29.475175, 46.831686]}, "properties": {"entry_id": "Бор-110", "district_or_settlement": "Борисовка", "basis": "rail_level_crossing_node", "road_name": "(railway level_crossing)", "osm_way_id": "", "entry_lon": 29.475175, "entry_lat": 46.831686, "highway": "level_crossing", "access": "", "vehicle": "", "motor_vehicle": "", "oneway": "", "maxspeed": "", "surface": "", "bridge": "", "tunnel": "", "layer": "", "car_access_ok": true, "connected_to_city_graph": true, "owner_review_required": false}}, {"type": "Feature", "geometry": {"type": "Point", "coordinates": [29.476495, 46.83542]}, "properties": {"entry_id": "Бор-111", "district_or_settlement": "Борисовка", "basis": "rail_level_crossing_node", "road_name": "(railway level_crossing)", "osm_way_id": "", "entry_lon": 29.476495, "entry_lat": 46.83542, "highway": "level_crossing", "access": "", "vehicle": "", "motor_vehicle": "", "oneway": "", "maxspeed": "", "surface": "", "bridge": "", "tunnel": "", "layer": "", "car_access_ok": true, "connected_to_city_graph": true, "owner_review_required": false}}, {"type": "Feature", "geometry": {"type": "Point", "coordinates": [29.476426, 46.835419]}, "properties": {"entry_id": "Бор-112", "district_or_settlement": "Борисовка", "basis": "rail_level_crossing_node", "road_name": "(railway level_crossing)", "osm_way_id": "", "entry_lon": 29.476426, "entry_lat": 46.835419, "highway": "level_crossing", "access": "", "vehicle": "", "motor_vehicle": "", "oneway": "", "maxspeed": "", "surface": "", "bridge": "", "tunnel": "", "layer": "", "car_access_ok": true, "connected_to_city_graph": true, "owner_review_required": false}}, {"type": "Feature", "geometry": {"type": "Point", "coordinates": [29.476299, 46.83729]}, "properties": {"entry_id": "Бор-113", "district_or_settlement": "Борисовка", "basis": "rail_level_crossing_node", "road_name": "(railway level_crossing)", "osm_way_id": "", "entry_lon": 29.476299, "entry_lat": 46.83729, "highway": "level_crossing", "access": "", "vehicle": "", "motor_vehicle": "", "oneway": "", "maxspeed": "", "surface": "", "bridge": "", "tunnel": "", "layer": "", "car_access_ok": true, "connected_to_city_graph": true, "owner_review_required": false}}, {"type": "Feature", "geometry": {"type": "Point", "coordinates": [29.476234, 46.837288]}, "properties": {"entry_id": "Бор-114", "district_or_settlement": "Борисовка", "basis": "rail_level_crossing_node", "road_name": "(railway level_crossing)", "osm_way_id": "", "entry_lon": 29.476234, "entry_lat": 46.837288, "highway": "level_crossing", "access": "", "vehicle": "", "motor_vehicle": "", "oneway": "", "maxspeed": "", "surface": "", "bridge": "", "tunnel": "", "layer": "", "car_access_ok": true, "connected_to_city_graph": true, "owner_review_required": false}}, {"type": "Feature", "geometry": {"type": "Point", "coordinates": [29.476363, 46.835417]}, "properties": {"entry_id": "Бор-115", "district_or_settlement": "Борисовка", "basis": "rail_level_crossing_node", "road_name": "(railway level_crossing)", "osm_way_id": "", "entry_lon": 29.476363, "entry_lat": 46.835417, "highway": "level_crossing", "access": "", "vehicle": "", "motor_vehicle": "", "oneway": "", "maxspeed": "", "surface": "", "bridge": "", "tunnel": "", "layer": "", "car_access_ok": true, "connected_to_city_graph": true, "owner_review_required": false}}, {"type": "Feature", "geometry": {"type": "Point", "coordinates": [29.47617, 46.837286]}, "properties": {"entry_id": "Бор-116", "district_or_settlement": "Борисовка", "basis": "rail_level_crossing_node", "road_name": "(railway level_crossing)", "osm_way_id": "", "entry_lon": 29.47617, "entry_lat": 46.837286, "highway": "level_crossing", "access": "", "vehicle": "", "motor_vehicle": "", "oneway": "", "maxspeed": "", "surface": "", "bridge": "", "tunnel": "", "layer": "", "car_access_ok": true, "connected_to_city_graph": true, "owner_review_required": false}}, {"type": "Feature", "geometry": {"type": "Point", "coordinates": [29.476788, 46.835428]}, "properties": {"entry_id": "Бор-117", "district_or_settlement": "Борисовка", "basis": "rail_level_crossing_node", "road_name": "(railway level_crossing)", "osm_way_id": "", "entry_lon": 29.476788, "entry_lat": 46.835428, "highway": "level_crossing", "access": "", "vehicle": "", "motor_vehicle": "", "oneway": "", "maxspeed": "", "surface": "", "bridge": "", "tunnel": "", "layer": "", "car_access_ok": true, "connected_to_city_graph": true, "owner_review_required": false}}, {"type": "Feature", "geometry": {"type": "Point", "coordinates": [29.476672, 46.835425]}, "properties": {"entry_id": "Бор-118", "district_or_settlement": "Борисовка", "basis": "rail_level_crossing_node", "road_name": "(railway level_crossing)", "osm_way_id": "", "entry_lon": 29.476672, "entry_lat": 46.835425, "highway": "level_crossing", "access": "", "vehicle": "", "motor_vehicle": "", "oneway": "", "maxspeed": "", "surface": "", "bridge": "", "tunnel": "", "layer": "", "car_access_ok": true, "connected_to_city_graph": true, "owner_review_required": false}}, {"type": "Feature", "geometry": {"type": "Point", "coordinates": [29.476596, 46.837297]}, "properties": {"entry_id": "Бор-119", "district_or_settlement": "Борисовка", "basis": "rail_level_crossing_node", "road_name": "(railway level_crossing)", "osm_way_id": "", "entry_lon": 29.476596, "entry_lat": 46.837297, "highway": "level_crossing", "access": "", "vehicle": "", "motor_vehicle": "", "oneway": "", "maxspeed": "", "surface": "", "bridge": "", "tunnel": "", "layer": "", "car_access_ok": true, "connected_to_city_graph": true, "owner_review_required": false}}, {"type": "Feature", "geometry": {"type": "Point", "coordinates": [29.476524, 46.837295]}, "properties": {"entry_id": "Бор-120", "district_or_settlement": "Борисовка", "basis": "rail_level_crossing_node", "road_name": "(railway level_crossing)", "osm_way_id": "", "entry_lon": 29.476524, "entry_lat": 46.837295, "highway": "level_crossing", "access": "", "vehicle": "", "motor_vehicle": "", "oneway": "", "maxspeed": "", "surface": "", "bridge": "", "tunnel": "", "layer": "", "car_access_ok": true, "connected_to_city_graph": true, "owner_review_required": false}}, {"type": "Feature", "geometry": {"type": "Point", "coordinates": [29.476629, 46.835424]}, "properties": {"entry_id": "Бор-121", "district_or_settlement": "Борисовка", "basis": "rail_level_crossing_node", "road_name": "(railway level_crossing)", "osm_way_id": "", "entry_lon": 29.476629, "entry_lat": 46.835424, "highway": "level_crossing", "access": "", "vehicle": "", "motor_vehicle": "", "oneway": "", "maxspeed": "", "surface": "", "bridge": "", "tunnel": "", "layer": "", "car_access_ok": true, "connected_to_city_graph": true, "owner_review_required": false}}, {"type": "Feature", "geometry": {"type": "Point", "coordinates": [29.476857, 46.839543]}, "properties": {"entry_id": "Бор-122", "district_or_settlement": "Борисовка", "basis": "rail_level_crossing_node", "road_name": "(railway level_crossing)", "osm_way_id": "", "entry_lon": 29.476857, "entry_lat": 46.839543, "highway": "level_crossing", "access": "", "vehicle": "", "motor_vehicle": "", "oneway": "", "maxspeed": "", "surface": "", "bridge": "", "tunnel": "", "layer": "", "car_access_ok": true, "connected_to_city_graph": true, "owner_review_required": false}}, {"type": "Feature", "geometry": {"type": "Point", "coordinates": [29.476737, 46.835427]}, "properties": {"entry_id": "Бор-123", "district_or_settlement": "Борисовка", "basis": "rail_level_crossing_node", "road_name": "(railway level_crossing)", "osm_way_id": "", "entry_lon": 29.476737, "entry_lat": 46.835427, "highway": "level_crossing", "access": "", "vehicle": "", "motor_vehicle": "", "oneway": "", "maxspeed": "", "surface": "", "bridge": "", "tunnel": "", "layer": "", "car_access_ok": true, "connected_to_city_graph": true, "owner_review_required": false}}, {"type": "Feature", "geometry": {"type": "Point", "coordinates": [29.476669, 46.837299]}, "properties": {"entry_id": "Бор-124", "district_or_settlement": "Борисовка", "basis": "rail_level_crossing_node", "road_name": "(railway level_crossing)", "osm_way_id": "", "entry_lon": 29.476669, "entry_lat": 46.837299, "highway": "level_crossing", "access": "", "vehicle": "", "motor_vehicle": "", "oneway": "", "maxspeed": "", "surface": "", "bridge": "", "tunnel": "", "layer": "", "car_access_ok": true, "connected_to_city_graph": true, "owner_review_required": false}}, {"type": "Feature", "geometry": {"type": "Point", "coordinates": [29.476894, 46.837305]}, "properties": {"entry_id": "Бор-125", "district_or_settlement": "Борисовка", "basis": "rail_level_crossing_node", "road_name": "(railway level_crossing)", "osm_way_id": "", "entry_lon": 29.476894, "entry_lat": 46.837305, "highway": "level_crossing", "access": "", "vehicle": "", "motor_vehicle": "", "oneway": "", "maxspeed": "", "surface": "", "bridge": "", "tunnel": "", "layer": "", "car_access_ok": true, "connected_to_city_graph": true, "owner_review_required": false}}, {"type": "Feature", "geometry": {"type": "Point", "coordinates": [29.476839, 46.837303]}, "properties": {"entry_id": "Бор-126", "district_or_settlement": "Борисовка", "basis": "rail_level_crossing_node", "road_name": "(railway level_crossing)", "osm_way_id": "", "entry_lon": 29.476839, "entry_lat": 46.837303, "highway": "level_crossing", "access": "", "vehicle": "", "motor_vehicle": "", "oneway": "", "maxspeed": "", "surface": "", "bridge": "", "tunnel": "", "layer": "", "car_access_ok": true, "connected_to_city_graph": true, "owner_review_required": false}}, {"type": "Feature", "geometry": {"type": "Point", "coordinates": [29.476957, 46.837306]}, "properties": {"entry_id": "Бор-127", "district_or_settlement": "Борисовка", "basis": "rail_level_crossing_node", "road_name": "(railway level_crossing)", "osm_way_id": "", "entry_lon": 29.476957, "entry_lat": 46.837306, "highway": "level_crossing", "access": "", "vehicle": "", "motor_vehicle": "", "oneway": "", "maxspeed": "", "surface": "", "bridge": "", "tunnel": "", "layer": "", "car_access_ok": true, "connected_to_city_graph": true, "owner_review_required": false}}, {"type": "Feature", "geometry": {"type": "Point", "coordinates": [29.476825, 46.835429]}, "properties": {"entry_id": "Бор-128", "district_or_settlement": "Борисовка", "basis": "rail_level_crossing_node", "road_name": "(railway level_crossing)", "osm_way_id": "", "entry_lon": 29.476825, "entry_lat": 46.835429, "highway": "level_crossing", "access": "", "vehicle": "", "motor_vehicle": "", "oneway": "", "maxspeed": "", "surface": "", "bridge": "", "tunnel": "", "layer": "", "car_access_ok": true, "connected_to_city_graph": true, "owner_review_required": false}}, {"type": "Feature", "geometry": {"type": "Point", "coordinates": [29.476353, 46.835417]}, "properties": {"entry_id": "Бор-129", "district_or_settlement": "Борисовка", "basis": "rail_level_crossing_node", "road_name": "(railway level_crossing)", "osm_way_id": "", "entry_lon": 29.476353, "entry_lat": 46.835417, "highway": "level_crossing", "access": "", "vehicle": "", "motor_vehicle": "", "oneway": "", "maxspeed": "", "surface": "", "bridge": "", "tunnel": "", "layer": "", "car_access_ok": true, "connected_to_city_graph": true, "owner_review_required": false}}, {"type": "Feature", "geometry": {"type": "Point", "coordinates": [29.473112, 46.823375]}, "properties": {"entry_id": "Хом-130", "district_or_settlement": "Хомутяновка", "basis": "address_hull_buffer", "road_name": "Московская улица", "osm_way_id": 41749657, "entry_lon": 29.473112, "entry_lat": 46.823375, "highway": "residential", "access": "", "vehicle": "", "motor_vehicle": "", "oneway": "no", "maxspeed": "50", "surface": "", "bridge": "", "tunnel": "", "layer": "", "car_access_ok": true, "connected_to_city_graph": true, "owner_review_required": false}}, {"type": "Feature", "geometry": {"type": "Point", "coordinates": [29.473278, 46.827907]}, "properties": {"entry_id": "Хом-131", "district_or_settlement": "Хомутяновка", "basis": "address_hull_buffer", "road_name": "улица Академика Фёдорова", "osm_way_id": 41749661, "entry_lon": 29.473278, "entry_lat": 46.827907, "highway": "residential", "access": "", "vehicle": "", "motor_vehicle": "", "oneway": "no", "maxspeed": "", "surface": "", "bridge": "", "tunnel": "", "layer": "", "car_access_ok": true, "connected_to_city_graph": true, "owner_review_required": false}}, {"type": "Feature", "geometry": {"type": "Point", "coordinates": [29.466202, 46.817638]}, "properties": {"entry_id": "Хом-132", "district_or_settlement": "Хомутяновка", "basis": "address_hull_buffer", "road_name": "улица Георге Асаке", "osm_way_id": 41749662, "entry_lon": 29.466202, "entry_lat": 46.817638, "highway": "residential", "access": "", "vehicle": "", "motor_vehicle": "", "oneway": "", "maxspeed": "", "surface": "", "bridge": "", "tunnel": "", "layer": "", "car_access_ok": true, "connected_to_city_graph": true, "owner_review_required": false}}, {"type": "Feature", "geometry": {"type": "Point", "coordinates": [29.471941, 46.831398]}, "properties": {"entry_id": "Хом-133", "district_or_settlement": "Хомутяновка", "basis": "address_hull_buffer", "road_name": "Кишинёвская улица", "osm_way_id": 41749663, "entry_lon": 29.471941, "entry_lat": 46.831398, "highway": "tertiary", "access": "", "vehicle": "", "motor_vehicle": "", "oneway": "", "maxspeed": "", "surface": "", "bridge": "", "tunnel": "", "layer": "", "car_access_ok": true, "connected_to_city_graph": true, "owner_review_required": false}}, {"type": "Feature", "geometry": {"type": "Point", "coordinates": [29.447987, 46.817544]}, "properties": {"entry_id": "Хом-134", "district_or_settlement": "Хомутяновка", "basis": "address_hull_buffer", "road_name": "Главная улица", "osm_way_id": 60739688, "entry_lon": 29.447987, "entry_lat": 46.817544, "highway": "residential", "access": "", "vehicle": "", "motor_vehicle": "", "oneway": "", "maxspeed": "", "surface": "", "bridge": "", "tunnel": "", "layer": "", "car_access_ok": true, "connected_to_city_graph": true, "owner_review_required": false}}, {"type": "Feature", "geometry": {"type": "Point", "coordinates": [29.473247, 46.825854]}, "properties": {"entry_id": "Хом-135", "district_or_settlement": "Хомутяновка", "basis": "address_hull_buffer", "road_name": "улица Ленина", "osm_way_id": 87497002, "entry_lon": 29.473247, "entry_lat": 46.825854, "highway": "residential", "access": "", "vehicle": "", "motor_vehicle": "", "oneway": "no", "maxspeed": "", "surface": "", "bridge": "", "tunnel": "", "layer": "", "car_access_ok": true, "connected_to_city_graph": true, "owner_review_required": false}}, {"type": "Feature", "geometry": {"type": "Point", "coordinates": [29.470177, 46.818895]}, "properties": {"entry_id": "Хом-136", "district_or_settlement": "Хомутяновка", "basis": "address_hull_buffer", "road_name": "улица Дзержинского", "osm_way_id": 87502089, "entry_lon": 29.470177, "entry_lat": 46.818895, "highway": "residential", "access": "", "vehicle": "", "motor_vehicle": "", "oneway": "", "maxspeed": "", "surface": "", "bridge": "", "tunnel": "", "layer": "", "car_access_ok": true, "connected_to_city_graph": true, "owner_review_required": false}}, {"type": "Feature", "geometry": {"type": "Point", "coordinates": [29.471576, 46.819512]}, "properties": {"entry_id": "Хом-137", "district_or_settlement": "Хомутяновка", "basis": "address_hull_buffer", "road_name": "улица Кавриаго", "osm_way_id": 87502094, "entry_lon": 29.471576, "entry_lat": 46.819512, "highway": "residential", "access": "", "vehicle": "", "motor_vehicle": "", "oneway": "", "maxspeed": "", "surface": "asphalt", "bridge": "", "tunnel": "", "layer": "", "car_access_ok": true, "connected_to_city_graph": true, "owner_review_required": false}}, {"type": "Feature", "geometry": {"type": "Point", "coordinates": [29.457156, 46.833777]}, "properties": {"entry_id": "Хом-138", "district_or_settlement": "Хомутяновка", "basis": "address_hull_buffer", "road_name": "улица Интернационалистов", "osm_way_id": 91850331, "entry_lon": 29.457156, "entry_lat": 46.833777, "highway": "residential", "access": "", "vehicle": "", "motor_vehicle": "", "oneway": "", "maxspeed": "50", "surface": "asphalt", "bridge": "", "tunnel": "", "layer": "", "car_access_ok": true, "connected_to_city_graph": true, "owner_review_required": false}}, {"type": "Feature", "geometry": {"type": "Point", "coordinates": [29.463002, 46.833103]}, "properties": {"entry_id": "Хом-139", "district_or_settlement": "Хомутяновка", "basis": "address_hull_buffer", "road_name": "Фонтанная улица", "osm_way_id": 91850332, "entry_lon": 29.463002, "entry_lat": 46.833103, "highway": "residential", "access": "", "vehicle": "", "motor_vehicle": "", "oneway": "", "maxspeed": "", "surface": "", "bridge": "", "tunnel": "", "layer": "", "car_access_ok": true, "connected_to_city_graph": true, "owner_review_required": false}}, {"type": "Feature", "geometry": {"type": "Point", "coordinates": [29.464244, 46.832958]}, "properties": {"entry_id": "Хом-140", "district_or_settlement": "Хомутяновка", "basis": "address_hull_buffer", "road_name": "улица Ивана Шимкова", "osm_way_id": 91850352, "entry_lon": 29.464244, "entry_lat": 46.832958, "highway": "residential", "access": "", "vehicle": "", "motor_vehicle": "", "oneway": "", "maxspeed": "", "surface": "", "bridge": "", "tunnel": "", "layer": "", "car_access_ok": true, "connected_to_city_graph": true, "owner_review_required": false}}, {"type": "Feature", "geometry": {"type": "Point", "coordinates": [29.462302, 46.833184]}, "properties": {"entry_id": "Хом-141", "district_or_settlement": "Хомутяновка", "basis": "address_hull_buffer", "road_name": "улица 12 Октября", "osm_way_id": 91850365, "entry_lon": 29.462302, "entry_lat": 46.833184, "highway": "residential", "access": "", "vehicle": "", "motor_vehicle": "", "oneway": "", "maxspeed": "", "surface": "", "bridge": "", "tunnel": "", "layer": "", "car_access_ok": true, "connected_to_city_graph": true, "owner_review_required": false}}, {"type": "Feature", "geometry": {"type": "Point", "coordinates": [29.466487, 46.817728]}, "properties": {"entry_id": "Хом-142", "district_or_settlement": "Хомутяновка", "basis": "address_hull_buffer", "road_name": "Первомайская улица", "osm_way_id": 161126083, "entry_lon": 29.466487, "entry_lat": 46.817728, "highway": "residential", "access": "", "vehicle": "", "motor_vehicle": "", "oneway": "", "maxspeed": "", "surface": "", "bridge": "", "tunnel": "", "layer": "", "car_access_ok": true, "connected_to_city_graph": true, "owner_review_required": false}}, {"type": "Feature", "geometry": {"type": "Point", "coordinates": [29.472998, 46.830774]}, "properties": {"entry_id": "Хом-143", "district_or_settlement": "Хомутяновка", "basis": "address_hull_buffer", "road_name": "", "osm_way_id": 184989526, "entry_lon": 29.472998, "entry_lat": 46.830774, "highway": "service", "access": "", "vehicle": "", "motor_vehicle": "", "oneway": "", "maxspeed": "", "surface": "", "bridge": "", "tunnel": "", "layer": "", "car_access_ok": true, "connected_to_city_graph": true, "owner_review_required": false}}, {"type": "Feature", "geometry": {"type": "Point", "coordinates": [29.464339, 46.817048]}, "properties": {"entry_id": "Хом-144", "district_or_settlement": "Хомутяновка", "basis": "address_hull_buffer", "road_name": "Путейская улица", "osm_way_id": 222764129, "entry_lon": 29.464339, "entry_lat": 46.817048, "highway": "residential", "access": "", "vehicle": "", "motor_vehicle": "", "oneway": "", "maxspeed": "", "surface": "", "bridge": "", "tunnel": "", "layer": "", "car_access_ok": true, "connected_to_city_graph": true, "owner_review_required": false}}, {"type": "Feature", "geometry": {"type": "Point", "coordinates": [29.455883, 46.833911]}, "properties": {"entry_id": "Хом-145", "district_or_settlement": "Хомутяновка", "basis": "address_hull_buffer", "road_name": "", "osm_way_id": 222986052, "entry_lon": 29.455883, "entry_lat": 46.833911, "highway": "service", "access": "", "vehicle": "", "motor_vehicle": "", "oneway": "", "maxspeed": "", "surface": "", "bridge": "", "tunnel": "", "layer": "", "car_access_ok": true, "connected_to_city_graph": true, "owner_review_required": false}}, {"type": "Feature", "geometry": {"type": "Point", "coordinates": [29.454349, 46.813931]}, "properties": {"entry_id": "Хом-146", "district_or_settlement": "Хомутяновка", "basis": "address_hull_buffer", "road_name": "", "osm_way_id": 223883048, "entry_lon": 29.454349, "entry_lat": 46.813931, "highway": "service", "access": "", "vehicle": "", "motor_vehicle": "", "oneway": "", "maxspeed": "", "surface": "", "bridge": "", "tunnel": "", "layer": "", "car_access_ok": true, "connected_to_city_graph": true, "owner_review_required": false}}, {"type": "Feature", "geometry": {"type": "Point", "coordinates": [29.458315, 46.833646]}, "properties": {"entry_id": "Хом-147", "district_or_settlement": "Хомутяновка", "basis": "address_hull_buffer", "road_name": "Пионерская улица", "osm_way_id": 224691154, "entry_lon": 29.458315, "entry_lat": 46.833646, "highway": "residential", "access": "", "vehicle": "", "motor_vehicle": "", "oneway": "", "maxspeed": "", "surface": "", "bridge": "", "tunnel": "", "layer": "", "car_access_ok": true, "connected_to_city_graph": true, "owner_review_required": false}}, {"type": "Feature", "geometry": {"type": "Point", "coordinates": [29.448649, 46.833176]}, "properties": {"entry_id": "Хом-148", "district_or_settlement": "Хомутяновка", "basis": "address_hull_buffer", "road_name": "", "osm_way_id": 224691155, "entry_lon": 29.448649, "entry_lat": 46.833176, "highway": "residential", "access": "", "vehicle": "", "motor_vehicle": "", "oneway": "", "maxspeed": "60", "surface": "", "bridge": "", "tunnel": "", "layer": "", "car_access_ok": true, "connected_to_city_graph": true, "owner_review_required": false}}, {"type": "Feature", "geometry": {"type": "Point", "coordinates": [29.453002, 46.813513]}, "properties": {"entry_id": "Хом-149", "district_or_settlement": "Хомутяновка", "basis": "address_hull_buffer", "road_name": "улица Чернышевского", "osm_way_id": 224958524, "entry_lon": 29.453002, "entry_lat": 46.813513, "highway": "residential", "access": "", "vehicle": "", "motor_vehicle": "", "oneway": "", "maxspeed": "", "surface": "", "bridge": "", "tunnel": "", "layer": "", "car_access_ok": true, "connected_to_city_graph": true, "owner_review_required": false}}, {"type": "Feature", "geometry": {"type": "Point", "coordinates": [29.470238, 46.818914]}, "properties": {"entry_id": "Хом-150", "district_or_settlement": "Хомутяновка", "basis": "address_hull_buffer", "road_name": "", "osm_way_id": 285072119, "entry_lon": 29.470238, "entry_lat": 46.818914, "highway": "service", "access": "", "vehicle": "", "motor_vehicle": "", "oneway": "", "maxspeed": "", "surface": "", "bridge": "", "tunnel": "", "layer": "", "car_access_ok": true, "connected_to_city_graph": true, "owner_review_required": false}}, {"type": "Feature", "geometry": {"type": "Point", "coordinates": [29.461752, 46.816234]}, "properties": {"entry_id": "Хом-151", "district_or_settlement": "Хомутяновка", "basis": "address_hull_buffer", "road_name": "", "osm_way_id": 304375014, "entry_lon": 29.461752, "entry_lat": 46.816234, "highway": "service", "access": "", "vehicle": "", "motor_vehicle": "", "oneway": "", "maxspeed": "", "surface": "", "bridge": "", "tunnel": "", "layer": "", "car_access_ok": true, "connected_to_city_graph": true, "owner_review_required": false}}, {"type": "Feature", "geometry": {"type": "Point", "coordinates": [29.447583, 46.83205]}, "properties": {"entry_id": "Хом-152", "district_or_settlement": "Хомутяновка", "basis": "address_hull_buffer", "road_name": "", "osm_way_id": 316913787, "entry_lon": 29.447583, "entry_lat": 46.83205, "highway": "residential", "access": "", "vehicle": "", "motor_vehicle": "", "oneway": "", "maxspeed": "20", "surface": "", "bridge": "", "tunnel": "", "layer": "", "car_access_ok": true, "connected_to_city_graph": true, "owner_review_required": false}}, {"type": "Feature", "geometry": {"type": "Point", "coordinates": [29.456443, 46.814582]}, "properties": {"entry_id": "Хом-153", "district_or_settlement": "Хомутяновка", "basis": "address_hull_buffer", "road_name": "", "osm_way_id": 318122791, "entry_lon": 29.456443, "entry_lat": 46.814582, "highway": "service", "access": "", "vehicle": "", "motor_vehicle": "", "oneway": "", "maxspeed": "", "surface": "", "bridge": "", "tunnel": "", "layer": "", "car_access_ok": true, "connected_to_city_graph": true, "owner_review_required": false}}, {"type": "Feature", "geometry": {"type": "Point", "coordinates": [29.452299, 46.83429]}, "properties": {"entry_id": "Хом-154", "district_or_settlement": "Хомутяновка", "basis": "address_hull_buffer", "road_name": "", "osm_way_id": 319401092, "entry_lon": 29.452299, "entry_lat": 46.83429, "highway": "service", "access": "", "vehicle": "", "motor_vehicle": "", "oneway": "", "maxspeed": "", "surface": "", "bridge": "", "tunnel": "", "layer": "", "car_access_ok": true, "connected_to_city_graph": true, "owner_review_required": false}}, {"type": "Feature", "geometry": {"type": "Point", "coordinates": [29.458398, 46.833636]}, "properties": {"entry_id": "Хом-155", "district_or_settlement": "Хомутяновка", "basis": "address_hull_buffer", "road_name": "", "osm_way_id": 352669554, "entry_lon": 29.458398, "entry_lat": 46.833636, "highway": "service", "access": "", "vehicle": "", "motor_vehicle": "", "oneway": "", "maxspeed": "", "surface": "", "bridge": "", "tunnel": "", "layer": "", "car_access_ok": true, "connected_to_city_graph": true, "owner_review_required": false}}, {"type": "Feature", "geometry": {"type": "Point", "coordinates": [29.473254, 46.826301]}, "properties": {"entry_id": "Хом-156", "district_or_settlement": "Хомутяновка", "basis": "address_hull_buffer", "road_name": "", "osm_way_id": 397628231, "entry_lon": 29.473254, "entry_lat": 46.826301, "highway": "service", "access": "", "vehicle": "", "motor_vehicle": "", "oneway": "", "maxspeed": "", "surface": "", "bridge": "", "tunnel": "", "layer": "", "car_access_ok": true, "connected_to_city_graph": true, "owner_review_required": false}}, {"type": "Feature", "geometry": {"type": "Point", "coordinates": [29.472567, 46.82133]}, "properties": {"entry_id": "Хом-157", "district_or_settlement": "Хомутяновка", "basis": "address_hull_buffer", "road_name": "Комсомольская улица", "osm_way_id": 397628237, "entry_lon": 29.472567, "entry_lat": 46.82133, "highway": "residential", "access": "", "vehicle": "", "motor_vehicle": "", "oneway": "", "maxspeed": "", "surface": "asphalt", "bridge": "", "tunnel": "", "layer": "", "car_access_ok": true, "connected_to_city_graph": true, "owner_review_required": false}}, {"type": "Feature", "geometry": {"type": "Point", "coordinates": [29.454963, 46.834009]}, "properties": {"entry_id": "Хом-158", "district_or_settlement": "Хомутяновка", "basis": "address_hull_buffer", "road_name": "", "osm_way_id": 398516175, "entry_lon": 29.454963, "entry_lat": 46.834009, "highway": "service", "access": "", "vehicle": "", "motor_vehicle": "", "oneway": "", "maxspeed": "", "surface": "", "bridge": "", "tunnel": "", "layer": "", "car_access_ok": true, "connected_to_city_graph": true, "owner_review_required": false}}, {"type": "Feature", "geometry": {"type": "Point", "coordinates": [29.467255, 46.832351]}, "properties": {"entry_id": "Хом-159", "district_or_settlement": "Хомутяновка", "basis": "address_hull_buffer", "road_name": "", "osm_way_id": 443458841, "entry_lon": 29.467255, "entry_lat": 46.832351, "highway": "service", "access": "no", "vehicle": "", "motor_vehicle": "", "oneway": "", "maxspeed": "", "surface": "", "bridge": "", "tunnel": "", "layer": "", "car_access_ok": false, "connected_to_city_graph": true, "owner_review_required": true}}, {"type": "Feature", "geometry": {"type": "Point", "coordinates": [29.469275, 46.83194]}, "properties": {"entry_id": "Хом-160", "district_or_settlement": "Хомутяновка", "basis": "address_hull_buffer", "road_name": "", "osm_way_id": 443458842, "entry_lon": 29.469275, "entry_lat": 46.83194, "highway": "service", "access": "no", "vehicle": "", "motor_vehicle": "", "oneway": "", "maxspeed": "", "surface": "", "bridge": "", "tunnel": "", "layer": "", "car_access_ok": false, "connected_to_city_graph": true, "owner_review_required": true}}, {"type": "Feature", "geometry": {"type": "Point", "coordinates": [29.465524, 46.832703]}, "properties": {"entry_id": "Хом-161", "district_or_settlement": "Хомутяновка", "basis": "address_hull_buffer", "road_name": "улица Бендерского Восстания", "osm_way_id": 532560332, "entry_lon": 29.465524, "entry_lat": 46.832703, "highway": "primary", "access": "", "vehicle": "", "motor_vehicle": "", "oneway": "", "maxspeed": "", "surface": "", "bridge": "", "tunnel": "", "layer": "", "car_access_ok": true, "connected_to_city_graph": true, "owner_review_required": false}}, {"type": "Feature", "geometry": {"type": "Point", "coordinates": [29.453819, 46.813767]}, "properties": {"entry_id": "Хом-162", "district_or_settlement": "Хомутяновка", "basis": "address_hull_buffer", "road_name": "Протягайловская улица", "osm_way_id": 657287120, "entry_lon": 29.453819, "entry_lat": 46.813767, "highway": "residential", "access": "", "vehicle": "", "motor_vehicle": "", "oneway": "", "maxspeed": "", "surface": "", "bridge": "", "tunnel": "", "layer": "", "car_access_ok": true, "connected_to_city_graph": true, "owner_review_required": false}}, {"type": "Feature", "geometry": {"type": "Point", "coordinates": [29.473268, 46.82723]}, "properties": {"entry_id": "Хом-163", "district_or_settlement": "Хомутяновка", "basis": "address_hull_buffer", "road_name": "улица Сергея Лазо", "osm_way_id": 680056523, "entry_lon": 29.473268, "entry_lat": 46.82723, "highway": "residential", "access": "", "vehicle": "", "motor_vehicle": "", "oneway": "", "maxspeed": "60", "surface": "asphalt", "bridge": "", "tunnel": "", "layer": "", "car_access_ok": true, "connected_to_city_graph": true, "owner_review_required": false}}, {"type": "Feature", "geometry": {"type": "Point", "coordinates": [29.45906, 46.815394]}, "properties": {"entry_id": "Хом-164", "district_or_settlement": "Хомутяновка", "basis": "address_hull_buffer", "road_name": "улица Бендерского Восстания", "osm_way_id": 680304257, "entry_lon": 29.45906, "entry_lat": 46.815394, "highway": "primary", "access": "", "vehicle": "", "motor_vehicle": "", "oneway": "", "maxspeed": "", "surface": "", "bridge": "", "tunnel": "", "layer": "", "car_access_ok": true, "connected_to_city_graph": true, "owner_review_required": false}}, {"type": "Feature", "geometry": {"type": "Point", "coordinates": [29.472572, 46.831172]}, "properties": {"entry_id": "Хом-165", "district_or_settlement": "Хомутяновка", "basis": "address_hull_buffer", "road_name": "", "osm_way_id": 763136903, "entry_lon": 29.472572, "entry_lat": 46.831172, "highway": "service", "access": "", "vehicle": "", "motor_vehicle": "", "oneway": "", "maxspeed": "", "surface": "", "bridge": "", "tunnel": "", "layer": "", "car_access_ok": true, "connected_to_city_graph": true, "owner_review_required": false}}, {"type": "Feature", "geometry": {"type": "Point", "coordinates": [29.454752, 46.814056]}, "properties": {"entry_id": "Хом-166", "district_or_settlement": "Хомутяновка", "basis": "address_hull_buffer", "road_name": "", "osm_way_id": 919770692, "entry_lon": 29.454752, "entry_lat": 46.814056, "highway": "service", "access": "", "vehicle": "", "motor_vehicle": "", "oneway": "", "maxspeed": "", "surface": "", "bridge": "", "tunnel": "", "layer": "", "car_access_ok": true, "connected_to_city_graph": true, "owner_review_required": false}}, {"type": "Feature", "geometry": {"type": "Point", "coordinates": [29.446931, 46.822121]}, "properties": {"entry_id": "Хом-167", "district_or_settlement": "Хомутяновка", "basis": "address_hull_buffer", "road_name": "Гербовецкий переулок", "osm_way_id": 60739714, "entry_lon": 29.446931, "entry_lat": 46.822121, "highway": "residential", "access": "", "vehicle": "", "motor_vehicle": "", "oneway": "", "maxspeed": "", "surface": "", "bridge": "", "tunnel": "", "layer": "", "car_access_ok": true, "connected_to_city_graph": true, "owner_review_required": false}}, {"type": "Feature", "geometry": {"type": "Point", "coordinates": [29.446365, 46.828667]}, "properties": {"entry_id": "Хом-168", "district_or_settlement": "Хомутяновка", "basis": "address_hull_buffer", "road_name": "", "osm_way_id": 209668166, "entry_lon": 29.446365, "entry_lat": 46.828667, "highway": "residential", "access": "", "vehicle": "", "motor_vehicle": "", "oneway": "", "maxspeed": "", "surface": "", "bridge": "", "tunnel": "", "layer": "", "car_access_ok": true, "connected_to_city_graph": true, "owner_review_required": false}}, {"type": "Feature", "geometry": {"type": "Point", "coordinates": [29.446671, 46.830567]}, "properties": {"entry_id": "Хом-169", "district_or_settlement": "Хомутяновка", "basis": "address_hull_buffer", "road_name": "улица 50 лет Победы", "osm_way_id": 209668169, "entry_lon": 29.446671, "entry_lat": 46.830567, "highway": "residential", "access": "", "vehicle": "", "motor_vehicle": "", "oneway": "", "maxspeed": "", "surface": "", "bridge": "", "tunnel": "", "layer": "", "car_access_ok": true, "connected_to_city_graph": true, "owner_review_required": false}}, {"type": "Feature", "geometry": {"type": "Point", "coordinates": [29.446777, 46.822793]}, "properties": {"entry_id": "Хом-170", "district_or_settlement": "Хомутяновка", "basis": "address_hull_buffer", "road_name": "Гербовецкая улица", "osm_way_id": 222904316, "entry_lon": 29.446777, "entry_lat": 46.822793, "highway": "tertiary", "access": "", "vehicle": "", "motor_vehicle": "", "oneway": "no", "maxspeed": "", "surface": "", "bridge": "", "tunnel": "", "layer": "", "car_access_ok": true, "connected_to_city_graph": true, "owner_review_required": false}}, {"type": "Feature", "geometry": {"type": "Point", "coordinates": [29.446711, 46.830797]}, "properties": {"entry_id": "Хом-171", "district_or_settlement": "Хомутяновка", "basis": "address_hull_buffer", "road_name": "", "osm_way_id": 224903392, "entry_lon": 29.446711, "entry_lat": 46.830797, "highway": "living_street", "access": "", "vehicle": "", "motor_vehicle": "", "oneway": "", "maxspeed": "10", "surface": "unpaved", "bridge": "", "tunnel": "", "layer": "", "car_access_ok": true, "connected_to_city_graph": true, "owner_review_required": false}}, {"type": "Feature", "geometry": {"type": "Point", "coordinates": [29.446261, 46.828027]}, "properties": {"entry_id": "Хом-172", "district_or_settlement": "Хомутяновка", "basis": "address_hull_buffer", "road_name": "Луговая улица", "osm_way_id": 224903408, "entry_lon": 29.446261, "entry_lat": 46.828027, "highway": "residential", "access": "", "vehicle": "", "motor_vehicle": "", "oneway": "", "maxspeed": "20", "surface": "", "bridge": "", "tunnel": "", "layer": "", "car_access_ok": true, "connected_to_city_graph": true, "owner_review_required": false}}, {"type": "Feature", "geometry": {"type": "Point", "coordinates": [29.468155, 46.825947]}, "properties": {"entry_id": "Хом-173", "district_or_settlement": "Хомутяновка", "basis": "rail_level_crossing_node", "road_name": "(railway level_crossing)", "osm_way_id": "", "entry_lon": 29.468155, "entry_lat": 46.825947, "highway": "level_crossing", "access": "", "vehicle": "", "motor_vehicle": "", "oneway": "", "maxspeed": "", "surface": "", "bridge": "", "tunnel": "", "layer": "", "car_access_ok": true, "connected_to_city_graph": true, "owner_review_required": false}}, {"type": "Feature", "geometry": {"type": "Point", "coordinates": [29.472668, 46.830529]}, "properties": {"entry_id": "Хом-174", "district_or_settlement": "Хомутяновка", "basis": "rail_level_crossing_node", "road_name": "(railway level_crossing)", "osm_way_id": "", "entry_lon": 29.472668, "entry_lat": 46.830529, "highway": "level_crossing", "access": "", "vehicle": "", "motor_vehicle": "", "oneway": "", "maxspeed": "", "surface": "", "bridge": "", "tunnel": "", "layer": "", "car_access_ok": true, "connected_to_city_graph": true, "owner_review_required": false}}, {"type": "Feature", "geometry": {"type": "Point", "coordinates": [29.465929, 46.821258]}, "properties": {"entry_id": "Хом-175", "district_or_settlement": "Хомутяновка", "basis": "rail_level_crossing_node", "road_name": "(railway level_crossing)", "osm_way_id": "", "entry_lon": 29.465929, "entry_lat": 46.821258, "highway": "level_crossing", "access": "", "vehicle": "", "motor_vehicle": "", "oneway": "", "maxspeed": "", "surface": "", "bridge": "", "tunnel": "", "layer": "", "car_access_ok": true, "connected_to_city_graph": true, "owner_review_required": false}}, {"type": "Feature", "geometry": {"type": "Point", "coordinates": [29.466563, 46.821663]}, "properties": {"entry_id": "Хом-176", "district_or_settlement": "Хомутяновка", "basis": "rail_level_crossing_node", "road_name": "(railway level_crossing)", "osm_way_id": "", "entry_lon": 29.466563, "entry_lat": 46.821663, "highway": "level_crossing", "access": "", "vehicle": "", "motor_vehicle": "", "oneway": "", "maxspeed": "", "surface": "", "bridge": "", "tunnel": "", "layer": "", "car_access_ok": true, "connected_to_city_graph": true, "owner_review_required": false}}, {"type": "Feature", "geometry": {"type": "Point", "coordinates": [29.467533, 46.824844]}, "properties": {"entry_id": "Хом-177", "district_or_settlement": "Хомутяновка", "basis": "rail_level_crossing_node", "road_name": "(railway level_crossing)", "osm_way_id": "", "entry_lon": 29.467533, "entry_lat": 46.824844, "highway": "level_crossing", "access": "", "vehicle": "", "motor_vehicle": "", "oneway": "", "maxspeed": "", "surface": "", "bridge": "", "tunnel": "", "layer": "", "car_access_ok": true, "connected_to_city_graph": true, "owner_review_required": false}}, {"type": "Feature", "geometry": {"type": "Point", "coordinates": [29.471025, 46.826732]}, "properties": {"entry_id": "Хом-178", "district_or_settlement": "Хомутяновка", "basis": "rail_level_crossing_node", "road_name": "(railway level_crossing)", "osm_way_id": "", "entry_lon": 29.471025, "entry_lat": 46.826732, "highway": "level_crossing", "access": "", "vehicle": "", "motor_vehicle": "", "oneway": "", "maxspeed": "", "surface": "", "bridge": "", "tunnel": "", "layer": "", "car_access_ok": true, "connected_to_city_graph": true, "owner_review_required": false}}, {"type": "Feature", "geometry": {"type": "Point", "coordinates": [29.46479, 46.818544]}, "properties": {"entry_id": "Хом-179", "district_or_settlement": "Хомутяновка", "basis": "rail_level_crossing_node", "road_name": "(railway level_crossing)", "osm_way_id": "", "entry_lon": 29.46479, "entry_lat": 46.818544, "highway": "level_crossing", "access": "", "vehicle": "", "motor_vehicle": "", "oneway": "", "maxspeed": "", "surface": "", "bridge": "", "tunnel": "", "layer": "", "car_access_ok": true, "connected_to_city_graph": true, "owner_review_required": false}}, {"type": "Feature", "geometry": {"type": "Point", "coordinates": [29.471219, 46.826663]}, "properties": {"entry_id": "Хом-180", "district_or_settlement": "Хомутяновка", "basis": "rail_level_crossing_node", "road_name": "(railway level_crossing)", "osm_way_id": "", "entry_lon": 29.471219, "entry_lat": 46.826663, "highway": "level_crossing", "access": "", "vehicle": "", "motor_vehicle": "", "oneway": "", "maxspeed": "", "surface": "", "bridge": "", "tunnel": "", "layer": "", "car_access_ok": true, "connected_to_city_graph": true, "owner_review_required": false}}, {"type": "Feature", "geometry": {"type": "Point", "coordinates": [29.465046, 46.818463]}, "properties": {"entry_id": "Хом-181", "district_or_settlement": "Хомутяновка", "basis": "rail_level_crossing_node", "road_name": "(railway level_crossing)", "osm_way_id": "", "entry_lon": 29.465046, "entry_lat": 46.818463, "highway": "level_crossing", "access": "", "vehicle": "", "motor_vehicle": "", "oneway": "", "maxspeed": "", "surface": "", "bridge": "", "tunnel": "", "layer": "", "car_access_ok": true, "connected_to_city_graph": true, "owner_review_required": false}}, {"type": "Feature", "geometry": {"type": "Point", "coordinates": [29.471086, 46.82671]}, "properties": {"entry_id": "Хом-182", "district_or_settlement": "Хомутяновка", "basis": "rail_level_crossing_node", "road_name": "(railway level_crossing)", "osm_way_id": "", "entry_lon": 29.471086, "entry_lat": 46.82671, "highway": "level_crossing", "access": "", "vehicle": "", "motor_vehicle": "", "oneway": "", "maxspeed": "", "surface": "", "bridge": "", "tunnel": "", "layer": "", "car_access_ok": true, "connected_to_city_graph": true, "owner_review_required": false}}, {"type": "Feature", "geometry": {"type": "Point", "coordinates": [29.471614, 46.826602]}, "properties": {"entry_id": "Хом-183", "district_or_settlement": "Хомутяновка", "basis": "rail_level_crossing_node", "road_name": "(railway level_crossing)", "osm_way_id": "", "entry_lon": 29.471614, "entry_lat": 46.826602, "highway": "level_crossing", "access": "", "vehicle": "", "motor_vehicle": "", "oneway": "", "maxspeed": "", "surface": "", "bridge": "", "tunnel": "", "layer": "", "car_access_ok": true, "connected_to_city_graph": true, "owner_review_required": false}}, {"type": "Feature", "geometry": {"type": "Point", "coordinates": [29.473332, 46.828807]}, "properties": {"entry_id": "Хом-184", "district_or_settlement": "Хомутяновка", "basis": "rail_level_crossing_node", "road_name": "(railway level_crossing)", "osm_way_id": "", "entry_lon": 29.473332, "entry_lat": 46.828807, "highway": "level_crossing", "access": "", "vehicle": "", "motor_vehicle": "", "oneway": "", "maxspeed": "", "surface": "", "bridge": "", "tunnel": "", "layer": "", "car_access_ok": true, "connected_to_city_graph": true, "owner_review_required": false}}, {"type": "Feature", "geometry": {"type": "Point", "coordinates": [29.469605, 46.829]}, "properties": {"entry_id": "Хом-185", "district_or_settlement": "Хомутяновка", "basis": "rail_level_crossing_node", "road_name": "(railway level_crossing)", "osm_way_id": "", "entry_lon": 29.469605, "entry_lat": 46.829, "highway": "level_crossing", "access": "", "vehicle": "", "motor_vehicle": "", "oneway": "", "maxspeed": "", "surface": "", "bridge": "", "tunnel": "", "layer": "", "car_access_ok": true, "connected_to_city_graph": true, "owner_review_required": false}}, {"type": "Feature", "geometry": {"type": "Point", "coordinates": [29.468059, 46.821237]}, "properties": {"entry_id": "Хом-186", "district_or_settlement": "Хомутяновка", "basis": "rail_level_crossing_node", "road_name": "(railway level_crossing)", "osm_way_id": "", "entry_lon": 29.468059, "entry_lat": 46.821237, "highway": "level_crossing", "access": "", "vehicle": "", "motor_vehicle": "", "oneway": "", "maxspeed": "", "surface": "", "bridge": "", "tunnel": "", "layer": "", "car_access_ok": true, "connected_to_city_graph": true, "owner_review_required": false}}, {"type": "Feature", "geometry": {"type": "Point", "coordinates": [29.464912, 46.818501]}, "properties": {"entry_id": "Хом-187", "district_or_settlement": "Хомутяновка", "basis": "rail_level_crossing_node", "road_name": "(railway level_crossing)", "osm_way_id": "", "entry_lon": 29.464912, "entry_lat": 46.818501, "highway": "level_crossing", "access": "", "vehicle": "", "motor_vehicle": "", "oneway": "", "maxspeed": "", "surface": "", "bridge": "", "tunnel": "", "layer": "", "car_access_ok": true, "connected_to_city_graph": true, "owner_review_required": false}}, {"type": "Feature", "geometry": {"type": "Point", "coordinates": [29.471299, 46.826639]}, "properties": {"entry_id": "Хом-188", "district_or_settlement": "Хомутяновка", "basis": "rail_level_crossing_node", "road_name": "(railway level_crossing)", "osm_way_id": "", "entry_lon": 29.471299, "entry_lat": 46.826639, "highway": "level_crossing", "access": "", "vehicle": "", "motor_vehicle": "", "oneway": "", "maxspeed": "", "surface": "", "bridge": "", "tunnel": "", "layer": "", "car_access_ok": true, "connected_to_city_graph": true, "owner_review_required": false}}, {"type": "Feature", "geometry": {"type": "Point", "coordinates": [29.471158, 46.826687]}, "properties": {"entry_id": "Хом-189", "district_or_settlement": "Хомутяновка", "basis": "rail_level_crossing_node", "road_name": "(railway level_crossing)", "osm_way_id": "", "entry_lon": 29.471158, "entry_lat": 46.826687, "highway": "level_crossing", "access": "", "vehicle": "", "motor_vehicle": "", "oneway": "", "maxspeed": "", "surface": "", "bridge": "", "tunnel": "", "layer": "", "car_access_ok": true, "connected_to_city_graph": true, "owner_review_required": false}}, {"type": "Feature", "geometry": {"type": "Point", "coordinates": [29.470858, 46.826792]}, "properties": {"entry_id": "Хом-190", "district_or_settlement": "Хомутяновка", "basis": "rail_level_crossing_node", "road_name": "(railway level_crossing)", "osm_way_id": "", "entry_lon": 29.470858, "entry_lat": 46.826792, "highway": "level_crossing", "access": "", "vehicle": "", "motor_vehicle": "", "oneway": "", "maxspeed": "", "surface": "", "bridge": "", "tunnel": "", "layer": "", "car_access_ok": true, "connected_to_city_graph": true, "owner_review_required": false}}, {"type": "Feature", "geometry": {"type": "Point", "coordinates": [29.471371, 46.826615]}, "properties": {"entry_id": "Хом-191", "district_or_settlement": "Хомутяновка", "basis": "rail_level_crossing_node", "road_name": "(railway level_crossing)", "osm_way_id": "", "entry_lon": 29.471371, "entry_lat": 46.826615, "highway": "level_crossing", "access": "", "vehicle": "", "motor_vehicle": "", "oneway": "", "maxspeed": "", "surface": "", "bridge": "", "tunnel": "", "layer": "", "car_access_ok": true, "connected_to_city_graph": true, "owner_review_required": false}}, {"type": "Feature", "geometry": {"type": "Point", "coordinates": [29.471458, 46.826583]}, "properties": {"entry_id": "Хом-192", "district_or_settlement": "Хомутяновка", "basis": "rail_level_crossing_node", "road_name": "(railway level_crossing)", "osm_way_id": "", "entry_lon": 29.471458, "entry_lat": 46.826583, "highway": "level_crossing", "access": "", "vehicle": "", "motor_vehicle": "", "oneway": "", "maxspeed": "", "surface": "", "bridge": "", "tunnel": "", "layer": "", "car_access_ok": true, "connected_to_city_graph": true, "owner_review_required": false}}, {"type": "Feature", "geometry": {"type": "Point", "coordinates": [29.473208, 46.828847]}, "properties": {"entry_id": "Хом-193", "district_or_settlement": "Хомутяновка", "basis": "rail_level_crossing_node", "road_name": "(railway level_crossing)", "osm_way_id": "", "entry_lon": 29.473208, "entry_lat": 46.828847, "highway": "level_crossing", "access": "", "vehicle": "", "motor_vehicle": "", "oneway": "", "maxspeed": "", "surface": "", "bridge": "", "tunnel": "", "layer": "", "car_access_ok": true, "connected_to_city_graph": true, "owner_review_required": false}}, {"type": "Feature", "geometry": {"type": "Point", "coordinates": [29.470971, 46.826751]}, "properties": {"entry_id": "Хом-194", "district_or_settlement": "Хомутяновка", "basis": "rail_level_crossing_node", "road_name": "(railway level_crossing)", "osm_way_id": "", "entry_lon": 29.470971, "entry_lat": 46.826751, "highway": "level_crossing", "access": "", "vehicle": "", "motor_vehicle": "", "oneway": "", "maxspeed": "", "surface": "", "bridge": "", "tunnel": "", "layer": "", "car_access_ok": true, "connected_to_city_graph": true, "owner_review_required": false}}, {"type": "Feature", "geometry": {"type": "Point", "coordinates": [29.470911, 46.826774]}, "properties": {"entry_id": "Хом-195", "district_or_settlement": "Хомутяновка", "basis": "rail_level_crossing_node", "road_name": "(railway level_crossing)", "osm_way_id": "", "entry_lon": 29.470911, "entry_lat": 46.826774, "highway": "level_crossing", "access": "", "vehicle": "", "motor_vehicle": "", "oneway": "", "maxspeed": "", "surface": "", "bridge": "", "tunnel": "", "layer": "", "car_access_ok": true, "connected_to_city_graph": true, "owner_review_required": false}}, {"type": "Feature", "geometry": {"type": "Point", "coordinates": [29.470804, 46.826811]}, "properties": {"entry_id": "Хом-196", "district_or_settlement": "Хомутяновка", "basis": "rail_level_crossing_node", "road_name": "(railway level_crossing)", "osm_way_id": "", "entry_lon": 29.470804, "entry_lat": 46.826811, "highway": "level_crossing", "access": "", "vehicle": "", "motor_vehicle": "", "oneway": "", "maxspeed": "", "surface": "", "bridge": "", "tunnel": "", "layer": "", "car_access_ok": true, "connected_to_city_graph": true, "owner_review_required": false}}, {"type": "Feature", "geometry": {"type": "Point", "coordinates": [29.470624, 46.826772]}, "properties": {"entry_id": "Хом-197", "district_or_settlement": "Хомутяновка", "basis": "rail_level_crossing_node", "road_name": "(railway level_crossing)", "osm_way_id": "", "entry_lon": 29.470624, "entry_lat": 46.826772, "highway": "level_crossing", "access": "", "vehicle": "", "motor_vehicle": "", "oneway": "", "maxspeed": "", "surface": "", "bridge": "", "tunnel": "", "layer": "", "car_access_ok": true, "connected_to_city_graph": true, "owner_review_required": false}}, {"type": "Feature", "geometry": {"type": "Point", "coordinates": [29.47068, 46.826751]}, "properties": {"entry_id": "Хом-198", "district_or_settlement": "Хомутяновка", "basis": "rail_level_crossing_node", "road_name": "(railway level_crossing)", "osm_way_id": "", "entry_lon": 29.47068, "entry_lat": 46.826751, "highway": "level_crossing", "access": "", "vehicle": "", "motor_vehicle": "", "oneway": "", "maxspeed": "", "surface": "", "bridge": "", "tunnel": "", "layer": "", "car_access_ok": true, "connected_to_city_graph": true, "owner_review_required": false}}, {"type": "Feature", "geometry": {"type": "Point", "coordinates": [29.470571, 46.82679]}, "properties": {"entry_id": "Хом-199", "district_or_settlement": "Хомутяновка", "basis": "rail_level_crossing_node", "road_name": "(railway level_crossing)", "osm_way_id": "", "entry_lon": 29.470571, "entry_lat": 46.82679, "highway": "level_crossing", "access": "", "vehicle": "", "motor_vehicle": "", "oneway": "", "maxspeed": "", "surface": "", "bridge": "", "tunnel": "", "layer": "", "car_access_ok": true, "connected_to_city_graph": true, "owner_review_required": false}}, {"type": "Feature", "geometry": {"type": "Point", "coordinates": [29.465376, 46.823654]}, "properties": {"entry_id": "Хом-200", "district_or_settlement": "Хомутяновка", "basis": "rail_level_crossing_node", "road_name": "(railway level_crossing)", "osm_way_id": "", "entry_lon": 29.465376, "entry_lat": 46.823654, "highway": "level_crossing", "access": "", "vehicle": "", "motor_vehicle": "", "oneway": "", "maxspeed": "", "surface": "", "bridge": "", "tunnel": "", "layer": "", "car_access_ok": true, "connected_to_city_graph": true, "owner_review_required": false}}, {"type": "Feature", "geometry": {"type": "Point", "coordinates": [29.46754, 46.823194]}, "properties": {"entry_id": "Хом-201", "district_or_settlement": "Хомутяновка", "basis": "rail_level_crossing_node", "road_name": "(railway level_crossing)", "osm_way_id": "", "entry_lon": 29.46754, "entry_lat": 46.823194, "highway": "level_crossing", "access": "", "vehicle": "", "motor_vehicle": "", "oneway": "", "maxspeed": "", "surface": "", "bridge": "", "tunnel": "", "layer": "", "car_access_ok": true, "connected_to_city_graph": true, "owner_review_required": false}}, {"type": "Feature", "geometry": {"type": "Point", "coordinates": [29.468441, 46.824792]}, "properties": {"entry_id": "Хом-202", "district_or_settlement": "Хомутяновка", "basis": "rail_level_crossing_node", "road_name": "(railway level_crossing)", "osm_way_id": "", "entry_lon": 29.468441, "entry_lat": 46.824792, "highway": "level_crossing", "access": "", "vehicle": "", "motor_vehicle": "", "oneway": "", "maxspeed": "", "surface": "", "bridge": "", "tunnel": "", "layer": "", "car_access_ok": true, "connected_to_city_graph": true, "owner_review_required": false}}, {"type": "Feature", "geometry": {"type": "Point", "coordinates": [29.469333, 46.827974]}, "properties": {"entry_id": "Хом-203", "district_or_settlement": "Хомутяновка", "basis": "rail_level_crossing_node", "road_name": "(railway level_crossing)", "osm_way_id": "", "entry_lon": 29.469333, "entry_lat": 46.827974, "highway": "level_crossing", "access": "", "vehicle": "", "motor_vehicle": "", "oneway": "", "maxspeed": "", "surface": "", "bridge": "", "tunnel": "", "layer": "", "car_access_ok": true, "connected_to_city_graph": true, "owner_review_required": false}}, {"type": "Feature", "geometry": {"type": "Point", "coordinates": [29.468688, 46.828514]}, "properties": {"entry_id": "Хом-204", "district_or_settlement": "Хомутяновка", "basis": "rail_level_crossing_node", "road_name": "(railway level_crossing)", "osm_way_id": "", "entry_lon": 29.468688, "entry_lat": 46.828514, "highway": "level_crossing", "access": "", "vehicle": "", "motor_vehicle": "", "oneway": "", "maxspeed": "", "surface": "", "bridge": "", "tunnel": "", "layer": "", "car_access_ok": true, "connected_to_city_graph": true, "owner_review_required": false}}, {"type": "Feature", "geometry": {"type": "Point", "coordinates": [29.470503, 46.827451]}, "properties": {"entry_id": "Хом-205", "district_or_settlement": "Хомутяновка", "basis": "rail_level_crossing_node", "road_name": "(railway level_crossing)", "osm_way_id": "", "entry_lon": 29.470503, "entry_lat": 46.827451, "highway": "level_crossing", "access": "", "vehicle": "", "motor_vehicle": "", "oneway": "", "maxspeed": "", "surface": "", "bridge": "", "tunnel": "", "layer": "", "car_access_ok": true, "connected_to_city_graph": true, "owner_review_required": false}}, {"type": "Feature", "geometry": {"type": "Point", "coordinates": [29.470164, 46.826626]}, "properties": {"entry_id": "Хом-206", "district_or_settlement": "Хомутяновка", "basis": "rail_level_crossing_node", "road_name": "(railway level_crossing)", "osm_way_id": "", "entry_lon": 29.470164, "entry_lat": 46.826626, "highway": "level_crossing", "access": "", "vehicle": "", "motor_vehicle": "", "oneway": "", "maxspeed": "", "surface": "", "bridge": "", "tunnel": "", "layer": "", "car_access_ok": true, "connected_to_city_graph": true, "owner_review_required": false}}, {"type": "Feature", "geometry": {"type": "Point", "coordinates": [29.46835, 46.824748]}, "properties": {"entry_id": "Хом-207", "district_or_settlement": "Хомутяновка", "basis": "rail_level_crossing_node", "road_name": "(railway level_crossing)", "osm_way_id": "", "entry_lon": 29.46835, "entry_lat": 46.824748, "highway": "level_crossing", "access": "", "vehicle": "", "motor_vehicle": "", "oneway": "", "maxspeed": "", "surface": "", "bridge": "", "tunnel": "", "layer": "", "car_access_ok": true, "connected_to_city_graph": true, "owner_review_required": false}}, {"type": "Feature", "geometry": {"type": "Point", "coordinates": [29.466521, 46.823785]}, "properties": {"entry_id": "Хом-208", "district_or_settlement": "Хомутяновка", "basis": "rail_level_crossing_node", "road_name": "(railway level_crossing)", "osm_way_id": "", "entry_lon": 29.466521, "entry_lat": 46.823785, "highway": "level_crossing", "access": "", "vehicle": "", "motor_vehicle": "", "oneway": "", "maxspeed": "", "surface": "", "bridge": "", "tunnel": "", "layer": "", "car_access_ok": true, "connected_to_city_graph": true, "owner_review_required": false}}, {"type": "Feature", "geometry": {"type": "Point", "coordinates": [29.466641, 46.823887]}, "properties": {"entry_id": "Хом-209", "district_or_settlement": "Хомутяновка", "basis": "rail_level_crossing_node", "road_name": "(railway level_crossing)", "osm_way_id": "", "entry_lon": 29.466641, "entry_lat": 46.823887, "highway": "level_crossing", "access": "", "vehicle": "", "motor_vehicle": "", "oneway": "", "maxspeed": "", "surface": "", "bridge": "", "tunnel": "", "layer": "", "car_access_ok": true, "connected_to_city_graph": true, "owner_review_required": false}}, {"type": "Feature", "geometry": {"type": "Point", "coordinates": [29.467589, 46.82318]}, "properties": {"entry_id": "Хом-210", "district_or_settlement": "Хомутяновка", "basis": "rail_level_crossing_node", "road_name": "(railway level_crossing)", "osm_way_id": "", "entry_lon": 29.467589, "entry_lat": 46.82318, "highway": "level_crossing", "access": "", "vehicle": "", "motor_vehicle": "", "oneway": "", "maxspeed": "", "surface": "", "bridge": "", "tunnel": "", "layer": "", "car_access_ok": true, "connected_to_city_graph": true, "owner_review_required": false}}, {"type": "Feature", "geometry": {"type": "Point", "coordinates": [29.467368, 46.823206]}, "properties": {"entry_id": "Хом-211", "district_or_settlement": "Хомутяновка", "basis": "rail_level_crossing_node", "road_name": "(railway level_crossing)", "osm_way_id": "", "entry_lon": 29.467368, "entry_lat": 46.823206, "highway": "level_crossing", "access": "", "vehicle": "", "motor_vehicle": "", "oneway": "", "maxspeed": "", "surface": "", "bridge": "", "tunnel": "", "layer": "", "car_access_ok": true, "connected_to_city_graph": true, "owner_review_required": false}}, {"type": "Feature", "geometry": {"type": "Point", "coordinates": [29.466697, 46.821716]}, "properties": {"entry_id": "Хом-212", "district_or_settlement": "Хомутяновка", "basis": "rail_level_crossing_node", "road_name": "(railway level_crossing)", "osm_way_id": "", "entry_lon": 29.466697, "entry_lat": 46.821716, "highway": "level_crossing", "access": "", "vehicle": "", "motor_vehicle": "", "oneway": "", "maxspeed": "", "surface": "", "bridge": "", "tunnel": "", "layer": "", "car_access_ok": true, "connected_to_city_graph": true, "owner_review_required": false}}, {"type": "Feature", "geometry": {"type": "Point", "coordinates": [29.466043, 46.821309]}, "properties": {"entry_id": "Хом-213", "district_or_settlement": "Хомутяновка", "basis": "rail_level_crossing_node", "road_name": "(railway level_crossing)", "osm_way_id": "", "entry_lon": 29.466043, "entry_lat": 46.821309, "highway": "level_crossing", "access": "", "vehicle": "", "motor_vehicle": "", "oneway": "", "maxspeed": "", "surface": "", "bridge": "", "tunnel": "", "layer": "", "car_access_ok": true, "connected_to_city_graph": true, "owner_review_required": false}}, {"type": "Feature", "geometry": {"type": "Point", "coordinates": [29.466118, 46.821349]}, "properties": {"entry_id": "Хом-214", "district_or_settlement": "Хомутяновка", "basis": "rail_level_crossing_node", "road_name": "(railway level_crossing)", "osm_way_id": "", "entry_lon": 29.466118, "entry_lat": 46.821349, "highway": "level_crossing", "access": "", "vehicle": "", "motor_vehicle": "", "oneway": "", "maxspeed": "", "surface": "", "bridge": "", "tunnel": "", "layer": "", "car_access_ok": true, "connected_to_city_graph": true, "owner_review_required": false}}, {"type": "Feature", "geometry": {"type": "Point", "coordinates": [29.467583, 46.82488]}, "properties": {"entry_id": "Хом-215", "district_or_settlement": "Хомутяновка", "basis": "rail_level_crossing_node", "road_name": "(railway level_crossing)", "osm_way_id": "", "entry_lon": 29.467583, "entry_lat": 46.82488, "highway": "level_crossing", "access": "", "vehicle": "", "motor_vehicle": "", "oneway": "", "maxspeed": "", "surface": "", "bridge": "", "tunnel": "", "layer": "", "car_access_ok": true, "connected_to_city_graph": true, "owner_review_required": false}}, {"type": "Feature", "geometry": {"type": "Point", "coordinates": [29.468511, 46.82478]}, "properties": {"entry_id": "Хом-216", "district_or_settlement": "Хомутяновка", "basis": "rail_level_crossing_node", "road_name": "(railway level_crossing)", "osm_way_id": "", "entry_lon": 29.468511, "entry_lat": 46.82478, "highway": "level_crossing", "access": "", "vehicle": "", "motor_vehicle": "", "oneway": "", "maxspeed": "", "surface": "", "bridge": "", "tunnel": "", "layer": "", "car_access_ok": true, "connected_to_city_graph": true, "owner_review_required": false}}, {"type": "Feature", "geometry": {"type": "Point", "coordinates": [29.470477, 46.827452]}, "properties": {"entry_id": "Хом-217", "district_or_settlement": "Хомутяновка", "basis": "rail_level_crossing_node", "road_name": "(railway level_crossing)", "osm_way_id": "", "entry_lon": 29.470477, "entry_lat": 46.827452, "highway": "level_crossing", "access": "", "vehicle": "", "motor_vehicle": "", "oneway": "", "maxspeed": "", "surface": "", "bridge": "", "tunnel": "", "layer": "", "car_access_ok": true, "connected_to_city_graph": true, "owner_review_required": false}}, {"type": "Feature", "geometry": null, "properties": {"entry_id": "Сев-218", "district_or_settlement": "Северный", "basis": "no_osm_place_owner_review", "road_name": "", "osm_way_id": "", "entry_lon": "", "entry_lat": "", "highway": "", "access": "", "vehicle": "", "motor_vehicle": "", "oneway": "", "maxspeed": "", "surface": "", "bridge": "", "tunnel": "", "layer": "", "car_access_ok": "", "connected_to_city_graph": "", "owner_review_required": true}}]}