current_zone,directed_states,district,house,km_10c,km_10d,off_road_m,owner_review_required,status,street,uid
2,2,Борисовка,1 А,4.3612,4.1049,17.54,True,OK,1-й Братский переулок,n4919312070
2,2,Борисовка,12,4.0399,4.0506,14.36,True,OK,1-й Братский переулок,w319402241
2,2,Борисовка,14,4.0489,4.0584,15.28,True,OK,1-й Братский переулок,w319305814
2,2,Борисовка,16,4.2718,4.1942,15.49,True,OK,1-й Братский переулок,n2325729678
2,2,Борисовка,23,4.1995,4.2103,17.03,True,OK,1-й Братский переулок,n2325729685
2,2,Борисовка,1,3.9116,3.9224,14.18,True,OK,1-й переулок Петровского,w319141459
2,2,Борисовка,3,4.1491,3.954,14.88,True,OK,1-й переулок Петровского,w319141457
2,2,Борисовка,4,3.9361,3.9469,20.09,True,OK,1-й переулок Петровского,w319615907
2,2,Борисовка,6,3.9522,3.963,14.2,True,OK,1-й переулок Петровского,w319615909
2,2,Борисовка,10,4.0954,4.0123,21.79,True,OK,1-й переулок Петровского,w319402243
2,2,Борисовка,11,4.1638,4.051,16.55,True,OK,1-й переулок Петровского,w319141434
2,2,Борисовка,16,4.0764,4.0872,22.9,True,OK,1-й переулок Петровского,w319227866
2,2,Борисовка,29,4.1085,4.1064,5.6,True,OK,1-й переулок Петровского,n2325366583
2,2,Борисовка,1,4.3081,4.0273,15.49,True,OK,2-й Братский переулок,w319305819
2,2,Борисовка,2,4.3284,4.007,0.1,True,OK,2-й Братский переулок,n2325729693
2,2,Борисовка,3,4.0564,4.0672,11.59,True,OK,2-й Братский переулок,w319615908
2,2,Борисовка,5,4.2311,4.1043,16.54,True,OK,2-й Братский переулок,w351855709
2,2,Борисовка,6 Б,3.9763,3.9871,9.19,True,OK,2-й Братский переулок,n4919312077
2,2,Борисовка,7,4.1077,4.1185,30.4,True,OK,2-й Братский переулок,w351855710
2,2,Борисовка,9,4.1303,4.1411,15.39,True,OK,2-й Братский переулок,w351855713
2,2,Борисовка,12,4.1949,4.1406,3.82,True,OK,2-й Братский переулок,n2325729692
2,2,Борисовка,4,4.0676,4.0354,22.93,True,OK,2-й переулок Петровского,w319141416
2,2,Борисовка,4,4.1036,3.9995,13.62,True,OK,2-й переулок Петровского,w319141422
2,2,Борисовка,5,4.0767,4.0264,13.64,True,OK,2-й переулок Петровского,w319141417
2,2,Борисовка,8,4.0337,4.0445,17.99,True,OK,2-й переулок Петровского,w319141418
2,2,Борисовка,15,4.0709,4.0322,14.49,True,OK,2-й переулок Петровского,n5708918557
2,2,Борисовка,45,4.1348,3.9683,9.25,True,OK,2-й переулок Петровского,w319139366
3,2,Борисовка,23,5.1635,4.9288,26.67,True,OK,Безымянный переулок,w317148593
3,2,Борисовка,42,4.8638,4.8867,28.39,True,OK,Безымянный переулок,w209273615
3,2,Борисовка,44,5.1957,4.8967,19.01,True,OK,Безымянный переулок,w317055539
3,2,Борисовка,46,5.1718,4.9205,20.35,True,OK,Безымянный переулок,w209273643
3,2,Борисовка,48,4.9901,5.0009,15.64,True,OK,Безымянный переулок,w209273632
3,2,Борисовка,50в,5.1011,5.0621,14.32,True,OK,Безымянный переулок,w209273614
4,2,Борисовка,63,5.1345,5.1029,22.22,True,OK,Безымянный переулок,w318090595
3,1,Борисовка,1,4.4386,4.4494,17.24,True,OK,Бельцкая улица,w319139357
3,1,Борисовка,2,4.5027,4.5135,12.35,True,OK,Бельцкая улица,w318185745
3,1,Борисовка,3,4.4554,4.4662,23.15,True,OK,Бельцкая улица,n4580309456
3,1,Борисовка,4,4.5872,4.598,12.03,True,OK,Бельцкая улица,w318058451
3,1,Борисовка,5,4.4679,4.4787,35.94,True,OK,Бельцкая улица,w319139352
3,1,Борисовка,7,4.495,4.5058,21.36,True,OK,Бельцкая улица,w319139353
3,1,Борисовка,8,4.6062,4.617,13.0,True,OK,Бельцкая улица,w318058455
3,1,Борисовка,9,4.5204,4.5312,32.45,True,OK,Бельцкая улица,w319139349
3,1,Борисовка,10,4.4418,4.4526,17.47,True,OK,Бельцкая улица,n2325366580
3,1,Борисовка,11,4.5503,4.561,36.55,True,OK,Бельцкая улица,w319139344
3,1,Борисовка,13,4.5765,4.5872,17.43,True,OK,Бельцкая улица,w319135683
3,1,Борисовка,14,4.4931,4.5039,10.07,True,OK,Бельцкая улица,w532689734
3,1,Борисовка,15,4.594,4.6048,17.65,True,OK,Бельцкая улица,w319139342
2,1,Борисовка,16,3.9865,3.9973,16.04,True,OK,Бельцкая улица,w306219486
3,1,Борисовка,17,4.613,4.6238,17.8,True,OK,Бельцкая улица,w319139341
2,1,Борисовка,18,4.0074,4.0182,16.19,True,OK,Бельцкая улица,w306219483
3,1,Борисовка,19,4.6275,4.6383,17.06,True,OK,Бельцкая улица,w319139339
2,1,Борисовка,20,4.0264,4.0372,16.58,True,OK,Бельцкая улица,w306219470
3,1,Борисовка,21,4.3878,4.3985,23.78,True,OK,Бельцкая улица,w319135680
2,1,Борисовка,22,4.0454,4.0562,20.37,True,OK,Бельцкая улица,w306219469
3,1,Борисовка,23,4.4136,4.4244,20.3,True,OK,Бельцкая улица,w318701784
2,1,Борисовка,24,4.0691,4.0799,19.66,True,OK,Бельцкая улица,w306219468
3,1,Борисовка,25,4.4298,4.4406,19.79,True,OK,Бельцкая улица,w318701782
2,1,Борисовка,26,4.0867,4.0975,15.9,True,OK,Бельцкая улица,w306219466
3,1,Борисовка,27,4.4834,4.4942,28.24,True,OK,Бельцкая улица,w317148288
2,1,Борисовка,28,4.104,4.1148,16.53,True,OK,Бельцкая улица,w306219465
4,2,Борисовка,29,4.5984,4.5431,17.78,True,OK,Бельцкая улица,w209267155
2,1,Борисовка,33,3.9844,3.9952,21.81,True,OK,Бельцкая улица,w318701773
2,2,Борисовка,33б,4.8105,4.3298,18.28,True,OK,Бельцкая улица,w295571380
3,1,Борисовка,34,4.5574,4.5682,13.86,True,OK,Бельцкая улица,w318058442
2,1,Борисовка,35,4.007,4.0178,18.5,True,OK,Бельцкая улица,w318701778
2,1,Борисовка,36/36а,3.59,3.6007,24.76,True,OK,Бельцкая улица,w319144223
2,1,Борисовка,37,4.0314,4.0422,18.82,True,OK,Бельцкая улица,w318701780
2,1,Борисовка,41,4.0583,4.0691,21.39,True,OK,Бельцкая улица,w318701795
2,1,Борисовка,43,4.0845,4.0953,18.55,True,OK,Бельцкая улица,w318701803
2,1,Борисовка,45,4.1043,4.1151,17.78,True,OK,Бельцкая улица,w318701805
2,1,Борисовка,49,4.1398,4.1506,22.9,True,OK,Бельцкая улица,w532689732
2,1,Борисовка,51,4.1708,4.169,26.25,True,OK,Бельцкая улица,w318701862
2,1,Борисовка,55,4.2206,4.2314,28.14,True,OK,Бельцкая улица,w318702082
2,1,Борисовка,57,4.2432,4.254,19.04,True,OK,Бельцкая улица,w318702083
3,2,Борисовка,92,4.644,4.4962,29.04,True,OK,Бельцкая улица,w318185749
3,1,Борисовка,94,4.4615,4.4723,16.05,True,OK,Бельцкая улица,w318072708
3,2,Борисовка,98,4.6869,4.4534,6.24,True,OK,Бельцкая улица,n2325366572
2,2,Борисовка,100,4.7231,4.4172,7.0,True,OK,Бельцкая улица,n2325366573
2,1,Борисовка,104,4.7279,4.4368,34.5,True,OK,Бельцкая улица,w319139358
2,2,Борисовка,106,4.3604,4.3984,38.38,True,OK,Бельцкая улица,w319139372
2,2,Борисовка,7,4.2117,4.1237,16.41,True,OK,Братская улица,n2337855688
2,2,Борисовка,8,4.1908,4.1446,21.66,True,OK,Братская улица,w297047299
2,2,Борисовка,10,4.1702,4.1652,21.36,True,OK,Братская улица,w297047300
2,2,Борисовка,11,4.1892,4.1463,16.12,True,OK,Братская улица,n2337855692
2,2,Борисовка,12,4.1594,4.1752,15.13,True,OK,Братская улица,w319615914
2,2,Борисовка,12/1,4.1652,4.1828,19.44,True,OK,Братская улица,n5682775200
2,2,Борисовка,13,4.1749,4.1857,16.72,True,OK,Братская улица,n2337855693
2,2,Борисовка,14,4.1882,4.199,16.22,True,OK,Братская улица,w319620058
2,2,Борисовка,22,4.2692,4.2806,10.75,True,OK,Братская улица,n2325729703
3,2,Борисовка,1,4.5638,4.3386,15.89,True,OK,Варницкий тупик,n2325729718
3,2,Борисовка,9,4.3022,4.313,9.7,True,OK,Варницкий тупик,w352110120
3,2,Борисовка,13,4.4193,4.4301,23.71,True,OK,Варницкий тупик,n2325729715
3,2,Борисовка,14,4.4971,4.4053,18.72,True,OK,Варницкий тупик,w352667478
3,2,Борисовка,16,4.4166,4.4274,19.43,True,OK,Варницкий тупик,w352667476
3,2,Хомутяновка,1,5.2524,5.2076,27.21,True,OK,Гербовецкая улица,n2337985509
3,2,Хомутяновка,4,5.3735,5.0866,28.61,True,OK,Гербовецкая улица,w352064505
3,2,Хомутяновка,6,5.3514,5.1086,29.03,True,OK,Гербовецкая улица,w352064507
3,2,Хомутяновка,8,5.1572,5.1238,30.43,True,OK,Гербовецкая улица,w352161715
3,2,Хомутяновка,10,5.318,5.1421,34.12,True,OK,Гербовецкая улица,w352161714
3,2,Хомутяновка,12,5.3027,5.1573,28.85,True,OK,Гербовецкая улица,w352161713
3,2,Хомутяновка,14,5.2168,5.1834,39.59,True,OK,Гербовецкая улица,w352161711
3,2,Хомутяновка,16,5.2635,5.1966,27.93,True,OK,Гербовецкая улица,w352161710
3,2,Хомутяновка,18,5.2472,5.2129,42.01,True,OK,Гербовецкая улица,w352161708
3,2,Хомутяновка,20,5.2285,5.1951,29.43,True,OK,Гербовецкая улица,w352161709
3,2,Хомутяновка,22,5.5147,5.1918,27.99,True,OK,Гербовецкая улица,w352161707
3,2,Хомутяновка,24,5.2442,5.2108,28.64,True,OK,Гербовецкая улица,w352161706
3,2,Хомутяновка,26,5.4791,5.2274,39.22,True,OK,Гербовецкая улица,w352161705
3,2,Хомутяновка,28,5.4701,5.2365,43.98,True,OK,Гербовецкая улица,w352161717
4,2,Хомутяновка,30,5.2836,5.2502,40.0,True,OK,Гербовецкая улица,w352161704
3,2,Хомутяновка,43,5.0392,5.0059,7.08,True,OK,Гербовецкая улица,n2321951519
3,2,Хомутяновка,45,5.076,5.0427,20.94,True,OK,Гербовецкая улица,n4919309516
3,2,Хомутяновка,49,5.1295,5.0961,19.02,True,OK,Гербовецкая улица,w320440076
3,2,Хомутяновка,1,4.3685,4.3257,19.14,True,OK,Главная улица,w353974419
3,2,Хомутяновка,3,4.4096,4.2846,21.52,True,OK,Главная улица,w353974255
3,2,Хомутяновка,1,5.694,5.3526,11.38,True,OK,Глинная улица,w318084711
3,2,Хомутяновка,3,5.3988,5.3654,25.98,True,OK,Глинная улица,w318548578
3,2,Хомутяновка,5,5.4222,5.3889,12.1,True,OK,Глинная улица,w318548576
3,2,Хомутяновка,7,6.0288,5.4012,10.05,True,OK,Глинная улица,w318548577
3,2,Хомутяновка,9,5.3463,5.3129,9.26,True,OK,Глинная улица,w318084713
3,2,Хомутяновка,1,4.4262,4.2914,21.12,True,OK,Дачная улица,w315109557
3,2,Хомутяновка,3,4.3053,4.2719,19.06,True,OK,Дачная улица,w315109558
3,2,Хомутяновка,4,4.417,4.3007,16.74,True,OK,Дачная улица,w318406782
3,2,Хомутяновка,6,4.3164,4.283,17.59,True,OK,Дачная улица,w318406783
3,2,Хомутяновка,8,4.2989,4.2655,20.25,True,OK,Дачная улица,w318406789
3,2,Хомутяновка,10,4.4675,4.2501,16.53,True,OK,Дачная улица,w318406792
4,2,Хомутяновка,5,,5.19,23.81,True,OK,Деповская улица,w299956671
3,2,Хомутяновка,3,5.5396,5.5062,19.05,True,OK,Железнодорожная улица,w317051444
3,2,Хомутяновка,4,5.6741,5.4445,20.97,True,OK,Железнодорожная улица,w317149176
3,2,Хомутяновка,5,5.5264,5.493,20.21,True,OK,Железнодорожная улица,w317051443
3,2,Хомутяновка,6,5.6594,5.4592,18.3,True,OK,Железнодорожная улица,w317149175
3,2,Хомутяновка,7,5.5105,5.4772,22.99,True,OK,Железнодорожная улица,w317051442
3,2,Хомутяновка,8,5.4737,5.4845,20.38,True,OK,Железнодорожная улица,w317051499
3,2,Хомутяновка,9,5.4953,5.4619,17.78,True,OK,Железнодорожная улица,w317051441
3,2,Хомутяновка,10,5.5053,5.5161,17.02,True,OK,Железнодорожная улица,w317051496
3,2,Хомутяновка,11,5.6248,5.4501,19.42,True,OK,Железнодорожная улица,w317051439
3,2,Хомутяновка,13,5.6414,5.4335,20.68,True,OK,Железнодорожная улица,w317051432
3,2,Хомутяновка,16,5.5288,5.4954,18.7,True,OK,Железнодорожная улица,w317051487
3,2,Хомутяновка,17,5.435,5.4017,9.78,True,OK,Железнодорожная улица,n9170522018
3,2,Хомутяновка,18,5.5951,5.4798,17.73,True,OK,Железнодорожная улица,w317051467
3,2,Хомутяновка,20,5.6122,5.4627,19.8,True,OK,Железнодорожная улица,w317051466
3,2,Хомутяновка,21,5.4388,5.3679,26.61,True,OK,Железнодорожная улица,w316645121
3,2,Хомутяновка,22,5.6292,5.4457,19.3,True,OK,Железнодорожная улица,w317051464
3,2,Хомутяновка,23,5.4523,5.3499,17.96,True,OK,Железнодорожная улица,w316645120
3,2,Хомутяновка,24,5.4634,5.43,20.89,True,OK,Железнодорожная улица,w317051462
3,2,Хомутяновка,26,5.4488,5.4154,20.2,True,OK,Железнодорожная улица,w317051457
3,2,Хомутяновка,27,5.4822,5.32,20.33,True,OK,Железнодорожная улица,w316645010
3,2,Хомутяновка,29,5.3396,5.3063,18.45,True,OK,Железнодорожная улица,w316645009
3,2,Хомутяновка,31,5.5092,5.293,21.76,True,OK,Железнодорожная улица,w316645008
3,2,Хомутяновка,33,5.5239,5.2783,20.2,True,OK,Железнодорожная улица,w316645007
3,2,Хомутяновка,34,5.3662,5.3329,24.6,True,OK,Железнодорожная улица,w316785287
3,2,Хомутяновка,36,5.486,5.3162,25.54,True,OK,Железнодорожная улица,w561469641
3,2,Хомутяновка,38,5.3331,5.2997,23.88,True,OK,Железнодорожная улица,w316758837
3,2,Хомутяновка,39,5.245,5.2117,20.45,True,OK,Железнодорожная улица,w315618139
3,2,Хомутяновка,40,5.5161,5.2861,21.34,True,OK,Железнодорожная улица,w316758836
3,2,Хомутяновка,41,5.3102,5.1978,20.55,True,OK,Железнодорожная улица,w315618140
3,2,Хомутяновка,42,5.5328,5.2694,22.28,True,OK,Железнодорожная улица,w316665822
3,2,Хомутяновка,43,5.3254,5.1826,20.21,True,OK,Железнодорожная улица,w315618141
3,2,Хомутяновка,45,5.3403,5.1677,20.63,True,OK,Железнодорожная улица,w315618142
3,2,Хомутяновка,47,5.1877,5.1543,21.48,True,OK,Железнодорожная улица,w315618133
3,2,Хомутяновка,48,5.2287,5.1954,21.69,True,OK,Железнодорожная улица,w315618160
3,2,Хомутяновка,49,5.3683,5.1398,24.5,True,OK,Железнодорожная улица,w315618131
3,2,Хомутяновка,50,5.3314,5.1766,19.98,True,OK,Железнодорожная улица,w315618161
3,2,Хомутяновка,51,5.3828,5.1252,21.24,True,OK,Железнодорожная улица,w315618129
3,2,Хомутяновка,52,5.349,5.159,20.43,True,OK,Железнодорожная улица,w315618165
3,2,Хомутяновка,52а,5.3521,5.3629,57.01,True,OK,Железнодорожная улица,w184989544
3,2,Хомутяновка,53,5.1442,5.1108,22.41,True,OK,Железнодорожная улица,w315425254
3,2,Хомутяновка,54,5.1727,5.1393,30.95,True,OK,Железнодорожная улица,w315618154
3,2,Хомутяновка,55,5.1302,5.0067,42.59,True,OK,Железнодорожная улица,w315425247
3,2,Хомутяновка,56,5.3826,5.1254,24.58,True,OK,Железнодорожная улица,w315618155
3,2,Хомутяновка,57,5.1146,5.0176,29.57,True,OK,Железнодорожная улица,w315425245
3,2,Хомутяновка,58,5.3992,5.1088,19.07,True,OK,Железнодорожная улица,w315425252
3,2,Хомутяновка,60,5.1259,5.0925,19.08,True,OK,Железнодорожная улица,w315425250
3,2,Хомутяновка,62,5.4323,5.0758,18.02,True,OK,Железнодорожная улица,w315425248
3,2,Хомутяновка,63,5.1022,5.03,25.35,True,OK,Железнодорожная улица,w315193170
3,2,Хомутяновка,65,5.1181,5.0082,22.78,True,OK,Железнодорожная улица,w315193163
3,2,Хомутяновка,67,5.1311,4.9952,22.1,True,OK,Железнодорожная улица,w315193149
3,2,Хомутяновка,68,5.0482,5.0148,17.23,True,OK,Железнодорожная улица,w315425219
3,2,Хомутяновка,69,5.0144,4.981,23.51,True,OK,Железнодорожная улица,w315193143
3,2,Хомутяновка,70,5.029,4.9957,18.77,True,OK,Железнодорожная улица,w315425218
3,2,Хомутяновка,71,5.1563,4.9701,29.21,True,OK,Железнодорожная улица,w315108372
3,2,Хомутяновка,72,5.0118,4.9785,23.44,True,OK,Железнодорожная улица,w315193130
3,2,Хомутяновка,73,4.9851,4.9517,22.25,True,OK,Железнодорожная улица,w315108371
3,2,Хомутяновка,74,4.9961,4.9627,18.13,True,OK,Железнодорожная улица,w315193155
3,2,Хомутяновка,75,5.1933,4.9357,22.43,True,OK,Железнодорожная улица,w315108370
3,2,Хомутяновка,77,4.9546,4.9213,22.59,True,OK,Железнодорожная улица,w315108369
3,2,Хомутяновка,80,5.2242,4.9021,19.05,True,OK,Железнодорожная улица,w315193133
3,2,Хомутяновка,85,4.8825,4.8577,26.44,True,OK,Железнодорожная улица,w302074717
3,2,Хомутяновка,86,4.9381,4.8385,19.2,True,OK,Железнодорожная улица,w302074724
3,2,Хомутяновка,87,4.8646,4.8313,21.89,True,OK,Железнодорожная улица,w302074719
3,2,Хомутяновка,88,4.955,4.8216,18.4,True,OK,Железнодорожная улица,w302074718
3,2,Хомутяновка,89,4.7883,4.7549,24.47,True,OK,Железнодорожная улица,w302074720
3,2,Хомутяновка,90,4.8329,4.7971,22.39,True,OK,Железнодорожная улица,w297019342
3,2,Хомутяновка,93,4.614,4.5806,9.85,True,OK,Железнодорожная улица,w209287641
3,2,Хомутяновка,95,4.5099,4.4273,21.44,True,OK,Железнодорожная улица,w318406781
3,2,Хомутяновка,97а,4.4328,4.4007,20.86,True,OK,Железнодорожная улица,w318406779
3,2,Хомутяновка,98,4.6969,4.617,27.96,True,OK,Железнодорожная улица,w209287691
3,2,Хомутяновка,100,4.605,4.5716,9.64,True,OK,Железнодорожная улица,w209287682
3,2,Хомутяновка,102,4.6971,4.5834,29.95,True,OK,Железнодорожная улица,w302067664
3,2,Хомутяновка,104,4.4824,4.4491,12.48,True,OK,Железнодорожная улица,w302067666
3,2,Хомутяновка,116,4.3887,4.3554,9.82,True,OK,Железнодорожная улица,w318406795
3,2,Хомутяновка,2,,4.9586,7.58,True,OK,Железнодорожный тупик,n2339105464
3,2,Хомутяновка,5,5.035,5.0017,12.6,True,OK,Железнодорожный тупик,w315425256
3,2,Хомутяновка,76,,4.9491,13.41,True,OK,Железнодорожный тупик,w315193157
3,2,Хомутяновка,78,4.9881,4.9547,10.46,True,OK,Железнодорожный тупик,w315193131
3,2,Хомутяновка,2,5.4862,5.4528,17.17,True,OK,Кагульская улица,w91850354
4,2,Хомутяновка,4,5.7708,5.7375,15.96,True,OK,Кагульская улица,w209273586
3,2,Хомутяновка,5,5.859,5.5709,8.32,True,OK,Кагульская улица,w352110827
3,2,Хомутяновка,7,5.6279,5.5946,19.18,True,OK,Кагульская улица,w352111432
3,2,Хомутяновка,9,5.8158,5.6141,20.92,True,OK,Кагульская улица,w352111431
3,2,Хомутяновка,11,5.7933,5.6367,17.73,True,OK,Кагульская улица,w352064500
3,2,Хомутяновка,13,5.6966,5.6632,10.95,True,OK,Кагульская улица,w528507076
3,2,Хомутяновка,1,4.6973,4.539,9.74,True,OK,Киевская улица,w302368617
3,2,Хомутяновка,3,4.7271,4.5092,18.2,True,OK,Киевская улица,w303915694
3,2,Хомутяновка,6,4.4859,4.4525,13.88,True,OK,Киевская улица,w161058108
3,2,Хомутяновка,7,4.56,4.4303,10.8,True,OK,Киевская улица,w303915689
3,2,Хомутяновка,8а,4.5668,4.4333,13.63,True,OK,Киевская улица,w303915687
3,2,Хомутяновка,9,4.5885,4.4018,15.98,True,OK,Киевская улица,w303915686
3,2,Хомутяновка,10,4.3247,4.2913,12.64,True,OK,Киевская улица,w302066925
3,2,Хомутяновка,11,4.72,4.5163,10.61,True,OK,Киевская улица,w301982088
3,2,Хомутяновка,11,4.4146,4.3812,15.2,True,OK,Киевская улица,w303915681
3,2,Хомутяновка,12,4.2874,4.2541,15.2,True,OK,Киевская улица,w302066923
3,2,Хомутяновка,17,4.3901,4.3023,15.59,True,OK,Киевская улица,w303915677
3,2,Хомутяновка,19,4.3227,4.2893,15.08,True,OK,Киевская улица,w304088436
3,2,Хомутяновка,21,4.4199,4.2725,19.99,True,OK,Киевская улица,w304088437
3,2,Хомутяновка,22/1,4.3827,4.3097,16.38,True,OK,Киевская улица,w302066924
3,2,Хомутяновка,23,4.4674,4.2436,15.53,True,OK,Киевская улица,w304088440
3,2,Хомутяновка,25,4.2847,4.2514,14.64,True,OK,Киевская улица,w310488383
3,2,Хомутяновка,27,4.4394,4.2782,18.12,True,OK,Киевская улица,w310488384
3,2,Хомутяновка,29,4.3264,4.2931,17.92,True,OK,Киевская улица,w310488385
3,2,Хомутяновка,31,4.3808,4.3178,19.82,True,OK,Киевская улица,w310488387
3,2,Хомутяновка,33,4.5549,4.3824,14.88,True,OK,Киевская улица,w318406775
3,2,Хомутяновка,33а,4.5707,4.3666,15.17,True,OK,Киевская улица,w318406776
3,2,Хомутяновка,35,4.4351,4.4017,17.77,True,OK,Киевская улица,w318406774
3,2,Хомутяновка,36,4.5368,4.4004,20.68,True,OK,Киевская улица,w209287696
3,2,Хомутяновка,37,4.4522,4.4188,13.35,True,OK,Киевская улица,w318406772
3,2,Хомутяновка,43,4.4805,4.2509,34.72,True,OK,Киевская улица,n2322107937
3,2,Хомутяновка,45,4.2234,4.1901,20.96,True,OK,Киевская улица,w304088444
3,2,Хомутяновка,138,4.6307,4.2813,23.78,True,OK,Киевская улица,w302066929
3,2,Хомутяновка,140,4.4904,4.202,14.12,True,OK,Киевская улица,n2334239345
3,2,Хомутяновка,142,4.2088,4.1755,25.5,True,OK,Киевская улица,w310488388
4,2,Борисовка,1,4.7115,4.5631,41.89,True,OK,Кишинёвская улица,w209267167
4,2,Борисовка,1а,4.5948,4.6055,21.71,True,OK,Кишинёвская улица,w209267130
4,2,Борисовка,1б,,4.5842,14.92,True,OK,Кишинёвская улица,w209267161
4,2,Борисовка,3,4.5164,4.5272,31.13,True,OK,Кишинёвская улица,w316027129
4,2,Борисовка,4,,4.9137,0.15,True,OK,Кишинёвская улица,n2334331709
4,2,Борисовка,5,4.8965,4.5161,11.18,True,OK,Кишинёвская улица,w316027128
4,2,Борисовка,7,4.5483,4.5591,17.56,True,OK,Кишинёвская улица,w316027126
4,2,Борисовка,8,4.9325,4.9433,14.12,True,OK,Кишинёвская улица,w303915656
4,2,Борисовка,8/1,,4.9013,11.23,True,OK,Кишинёвская улица,n5172819425
4,2,Борисовка,8/2,,4.9123,5.5,True,OK,Кишинёвская улица,n5172818452
4,2,Борисовка,9,4.5404,4.5512,19.37,True,OK,Кишинёвская улица,w316027125
4,2,Борисовка,10,,4.9142,14.87,True,OK,Кишинёвская улица,w303915657
4,2,Борисовка,12,4.8481,4.8589,31.62,True,OK,Кишинёвская улица,w303915659
4,2,Борисовка,12/3,,4.8487,22.97,True,OK,Кишинёвская улица,n5172818844
4,2,Борисовка,14,4.876,4.8868,27.04,True,OK,Кишинёвская улица,w303915660
4,2,Борисовка,16,4.8198,4.8306,22.6,True,OK,Кишинёвская улица,n2334331706
4,2,Борисовка,20,4.797,4.8078,12.51,True,OK,Кишинёвская улица,n2334331710
4,2,Борисовка,24,,4.7579,27.5,True,OK,Кишинёвская улица,n2334331711
4,2,Борисовка,34/2,4.8935,4.6399,29.8,True,OK,Кишинёвская улица,n5172818456
2,2,Борисовка,54,4.7538,4.3996,30.92,True,OK,Кишинёвская улица,w316027473
4,2,Борисовка,60,4.4629,4.4737,28.78,True,OK,Кишинёвская улица,w316027884
4,2,Борисовка,76,4.6342,4.645,11.27,True,OK,Кишинёвская улица,n2325366591
4,2,Борисовка,78,4.616,4.6337,45.82,True,OK,Кишинёвская улица,n4886201637
4,2,Борисовка,32,4.8246,4.7088,23.82,True,OK,Кишинёвский переулок,n2334331712
4,2,Борисовка,34,4.8347,4.6988,13.42,True,OK,Кишинёвский переулок,n2334331713
4,2,Борисовка,38,4.7912,4.7351,46.07,True,OK,Кишинёвский переулок,w316027138
2,2,Борисовка,1,4.3482,4.359,7.85,True,OK,Кишинёвский тупик,w319620046
2,2,Борисовка,1,4.5806,4.398,15.14,True,OK,Кишинёвский тупик,w352667518
3,2,Борисовка,2,4.2884,4.2991,10.93,True,OK,Кишинёвский тупик,w352148079
3,2,Борисовка,2а,4.3192,4.3247,9.21,True,OK,Кишинёвский тупик,w352110238
2,2,Борисовка,3,4.3518,4.3626,16.51,True,OK,Кишинёвский тупик,w352155392
3,2,Борисовка,4,4.2634,4.2742,10.97,True,OK,Кишинёвский тупик,w352148078
2,2,Борисовка,5,4.4314,4.3461,13.97,True,OK,Кишинёвский тупик,w352110239
3,2,Борисовка,7,4.3178,4.3286,15.69,True,OK,Кишинёвский тупик,w352155391
2,2,Борисовка,8а,4.5615,4.2159,15.11,True,OK,Кишинёвский тупик,w352148076
2,2,Борисовка,10,4.5771,4.1925,15.92,True,OK,Кишинёвский тупик,n2325729708
1,2,Хомутяновка,1,,1.4884,10.24,True,OK,Комсомольская улица,w161058098
1,2,Хомутяновка,2,1.7067,1.5068,19.75,True,OK,Комсомольская улица,w211496794
1,2,Хомутяновка,2,,1.4846,15.62,True,OK,Комсомольская улица,w446490135
1,2,Хомутяновка,2б,,1.5407,21.88,True,OK,Комсомольская улица,w295088581
1,2,Хомутяновка,4,1.5949,1.5083,27.62,True,OK,Комсомольская улица,w211496742
1,2,Хомутяновка,5,1.5881,1.5016,13.99,True,OK,Комсомольская улица,w211496784
1,2,Хомутяновка,6,1.6217,1.5352,17.34,True,OK,Комсомольская улица,w211496787
1,2,Хомутяновка,7A,1.7934,1.4201,28.96,True,OK,Комсомольская улица,w211496781
1,2,Хомутяновка,8,,1.5454,18.19,True,OK,Комсомольская улица,w211496770
1,2,Хомутяновка,10,,1.5454,22.32,True,OK,Комсомольская улица,w415723868
1,2,Хомутяновка,44,1.4694,1.3829,29.42,True,OK,Комсомольская улица,w290334258
2,2,Борисовка,5,4.0249,4.0357,16.37,True,OK,Кооперативный тупик,w318057741
2,2,Борисовка,6,4.0249,4.0357,16.58,True,OK,Кооперативный тупик,w318071328
4,2,Хомутяновка,2,5.8669,5.7978,14.26,True,OK,Лесовой переулок,w352263831
4,2,Хомутяновка,3,5.8272,5.7938,5.96,True,OK,Лесовой переулок,n2337880821
4,2,Хомутяновка,5,5.8272,5.7938,13.76,True,OK,Лесовой переулок,w352263797
4,2,Хомутяновка,7,5.8058,5.7724,11.71,True,OK,Лесовой переулок,w352265856
4,2,Хомутяновка,22,5.9015,5.766,10.93,True,OK,Лесовой переулок,w352263835
4,2,Хомутяновка,22а,5.7946,5.7612,11.91,True,OK,Лесовой переулок,w352263837
3,2,Хомутяновка,1,5.5471,5.5137,14.13,True,OK,Молодёжная улица,w317051448
3,2,Хомутяновка,9,5.6392,5.648,18.38,True,OK,Молодёжная улица,w318070636
3,2,Хомутяновка,11,5.6421,5.645,15.47,True,OK,Молодёжная улица,w318070630
3,2,Хомутяновка,12,5.651,5.548,18.14,True,OK,Молодёжная улица,w317051494
3,2,Хомутяновка,14,5.6457,5.5533,13.54,True,OK,Молодёжная улица,w317051475
3,2,Хомутяновка,15,5.6163,5.5827,23.41,True,OK,Молодёжная улица,w317051503
3,2,Хомутяновка,17,5.5946,5.6044,14.94,True,OK,Молодёжная улица,w317051477
3,2,Хомутяновка,52,5.4536,5.291,18.05,True,OK,Молодёжная улица,w184989536
3,2,Хомутяновка,52а/1,5.6305,5.4439,24.81,True,OK,Молодёжная улица,w209654410
1,2,Хомутяновка,2,1.6384,1.2955,16.32,True,OK,Московская улица,w161058097
1,2,Хомутяновка,9,,1.2829,21.86,True,OK,Московская улица,w291423988
4,2,Борисовка,1/3,4.8808,4.6521,17.12,True,OK,Новый проезд,n2339316692
3,2,Борисовка,1а,4.5831,4.5938,18.0,True,OK,Новый проезд,n2334334346
3,2,Борисовка,1а,4.4776,4.4884,8.74,True,OK,Новый проезд,w184989559
4,2,Борисовка,3а,4.5128,4.5345,17.31,True,OK,Новый проезд,n2334334349
4,2,Борисовка,4,4.9029,4.6305,9.77,True,OK,Новый проезд,n2334338352
4,2,Борисовка,5,4.7427,4.7621,21.37,True,OK,Новый проезд,n2334338353
4,2,Борисовка,10,4.7034,4.7142,5.23,True,OK,Новый проезд,n2334338351
4,2,Борисовка,40,4.5491,4.5599,14.8,True,OK,Новый проезд,n2334331716
4,2,Борисовка,46,4.5996,4.5613,21.58,True,OK,Новый проезд,n2334331723
2,2,Борисовка,1,4.4137,4.4245,12.82,True,OK,Одесская улица,w91848805
4,2,Борисовка,3,,4.6426,12.89,True,OK,Одесская улица,w91848809
3,2,Борисовка,4,4.7397,4.6105,24.6,True,OK,Одесская улица,w91848807
4,2,Борисовка,5,4.6508,4.6616,11.22,True,OK,Одесская улица,w91848799
3,2,Борисовка,6,4.5377,4.6462,65.47,True,OK,Одесская улица,w209267174
3,2,Борисовка,8,4.773,4.5461,14.67,True,OK,Одесская улица,w209267141
3,2,Борисовка,10,4.8548,4.4643,13.75,True,OK,Одесская улица,w209267152
3,2,Борисовка,12,,4.5222,13.78,True,OK,Одесская улица,w209267119
4,2,Борисовка,14,,4.6612,12.93,True,OK,Одесская улица,w209267172
4,2,Борисовка,27,4.581,4.5918,17.26,True,OK,Одесская улица,w209267114
2,2,Борисовка,33,4.7412,4.3991,16.23,True,OK,Одесская улица,w91848812
2,2,Борисовка,35,4.4021,4.4129,16.91,True,OK,Одесская улица,w91848808
3,2,Борисовка,37,4.4789,4.4897,16.49,True,OK,Одесская улица,w91848810
3,2,Борисовка,39,,4.531,18.2,True,OK,Одесская улица,w91848811
3,2,Борисовка,67а,4.5537,4.5645,59.81,True,OK,Одесская улица,w224682791
4,2,Хомутяновка,3,,5.5847,14.5,True,OK,Пионерская улица,w209273611
4,2,Хомутяновка,5,,5.6231,16.37,True,OK,Пионерская улица,w209273594
4,2,Хомутяновка,5,,5.581,15.23,True,OK,Пионерская улица,w209273613
4,2,Борисовка,7,,5.5887,15.61,True,OK,Пионерская улица,w209273580
4,2,Хомутяновка,7,5.5351,5.5459,15.72,True,OK,Пионерская улица,w209273616
4,2,Хомутяновка,9,5.4841,5.4949,13.52,True,OK,Пионерская улица,w209273593
4,2,Борисовка,9,5.6755,5.4683,16.9,True,OK,Пионерская улица,w209273618
4,2,Борисовка,15,,5.5793,19.28,True,OK,Пионерская улица,w352669559
4,2,Борисовка,19,,5.965,15.3,True,OK,Пионерская улица,w222986045
4,2,Борисовка,21,5.9465,5.9573,12.72,True,OK,Пионерская улица,w222986047
4,2,Борисовка,23,5.9203,5.9311,12.22,True,OK,Пионерская улица,w222986049
4,2,Борисовка,27,6.0773,6.0881,15.07,True,OK,Пионерская улица,w103992693
4,2,Борисовка,27,,6.0548,14.4,True,OK,Пионерская улица,w103992762
4,2,Борисовка,27,,6.0321,14.64,True,OK,Пионерская улица,w103992885
4,2,Борисовка,27,5.9035,5.9143,21.8,True,OK,Пионерская улица,w352670176
4,2,Борисовка,31,,6.1223,15.3,True,OK,Пионерская улица,w103992864
4,2,Борисовка,33,6.1194,6.1301,14.72,True,OK,Пионерская улица,w103992858
4,2,Борисовка,35,,6.0151,12.01,True,OK,Пионерская улица,w103992712
4,2,Борисовка,37,6.0328,6.0436,14.35,True,OK,Пионерская улица,w103992696
4,2,Борисовка,7,5.4343,5.226,9.68,True,OK,Пионерский переулок,w318090605
3,2,Хомутяновка,12,,4.5222,13.31,True,OK,Протягайловская улица,w353044316
3,2,Хомутяновка,13,4.1425,4.114,13.21,True,OK,Протягайловская улица,w354630979
3,2,Хомутяновка,16,4.2058,4.1724,17.69,True,OK,Протягайловская улица,w353044314
3,2,Хомутяновка,17,4.4833,4.2109,16.78,True,OK,Протягайловская улица,w353978195
3,2,Хомутяновка,18,4.2271,4.1937,19.62,True,OK,Протягайловская улица,w353044313
3,2,Хомутяновка,19,4.4634,4.2307,13.72,True,OK,Протягайловская улица,w353975790
3,2,Хомутяновка,20,4.4737,4.2205,16.18,True,OK,Протягайловская улица,w353044312
3,2,Хомутяновка,22,4.4531,4.2411,22.34,True,OK,Протягайловская улица,w353044311
3,2,Хомутяновка,2,4.8756,4.7762,3.52,True,OK,Путейская улица,n2321993999
3,2,Хомутяновка,4,4.9338,4.718,45.82,True,OK,Путейская улица,w301982104
3,2,Хомутяновка,6,4.7372,4.7038,17.98,True,OK,Путейская улица,w301982107
3,2,Хомутяновка,10,4.9794,4.6725,17.8,True,OK,Путейская улица,w301982108
3,2,Хомутяновка,10а,4.6831,4.6498,18.86,True,OK,Путейская улица,w301982110
3,2,Хомутяновка,12,5.0149,4.637,18.87,True,OK,Путейская улица,w301982111
3,2,Хомутяновка,12а,5.0338,4.618,29.48,True,OK,Путейская улица,w301982112
3,2,Хомутяновка,12б,4.6564,4.623,14.83,True,OK,Путейская улица,w301982113
3,2,Хомутяновка,2,6.3387,5.0918,27.63,True,OK,Санаторная улица,w352064506
3,2,Хомутяновка,56,6.0651,5.372,22.28,True,OK,Санаторная улица,w352284664
4,2,Хомутяновка,58,,5.3986,20.6,True,OK,Санаторная улица,w352265835
4,2,Хомутяновка,70,5.525,5.4917,23.1,True,OK,Санаторная улица,w352163177
4,2,Хомутяновка,72,,5.5274,23.85,True,OK,Санаторная улица,w352163171
4,2,Хомутяновка,74,5.5631,5.5297,24.59,True,OK,Санаторная улица,w352163169
3,2,Хомутяновка,1а,4.6157,4.4869,10.67,True,OK,Севастопольская улица,w161058110
3,2,Хомутяновка,2,4.7608,4.6131,19.29,True,OK,Севастопольская улица,w302066913
3,2,Хомутяновка,4,4.6256,4.5922,21.71,True,OK,Севастопольская улица,w302066914
3,2,Хомутяновка,4а,4.5249,4.4752,29.56,True,OK,Севастопольская улица,w161058104
3,2,Хомутяновка,5,4.5637,4.5303,41.53,True,OK,Севастопольская улица,w161058112
3,2,Хомутяновка,10,4.5554,4.522,30.16,True,OK,Севастопольская улица,w302066902
3,2,Хомутяновка,12,4.8621,4.5117,19.05,True,OK,Севастопольская улица,w302066901
3,2,Хомутяновка,14,4.6077,4.495,20.09,True,OK,Севастопольская улица,w302066903
3,2,Хомутяновка,16,4.6337,4.469,19.11,True,OK,Севастопольская улица,w302066894
3,2,Хомутяновка,24,4.4342,4.2582,25.4,True,OK,Севастопольская улица,w303915676
3,2,Хомутяновка,26,4.2569,4.2235,14.97,True,OK,Севастопольская улица,w304088452
3,2,Хомутяновка,1,5.1579,5.1245,8.08,True,OK,Треугольный переулок,w302074753
3,2,Хомутяновка,2,5.1592,5.1259,8.37,True,OK,Треугольный переулок,w351854665
3,2,Хомутяновка,3,5.2798,5.0402,13.1,True,OK,Треугольный переулок,w302074755
3,2,Хомутяновка,4,5.2299,5.09,13.02,True,OK,Треугольный переулок,w302369879
3,2,Хомутяновка,5,5.0689,5.0355,14.91,True,OK,Треугольный переулок,w302074746
3,2,Хомутяновка,6,5.106,5.0726,12.73,True,OK,Треугольный переулок,w302369878
3,2,Хомутяновка,7,5.2396,5.0803,14.78,True,OK,Треугольный переулок,w302074749
3,2,Хомутяновка,8 кв. 2,5.1689,5.1356,15.42,True,OK,Треугольный переулок,n4835076144
3,2,Хомутяновка,8 кв. 3,5.1778,5.1422,28.11,True,OK,Треугольный переулок,n4835076145
3,2,Хомутяновка,9,5.2549,5.065,13.09,True,OK,Треугольный переулок,w302074748
3,2,Хомутяновка,11,5.0827,5.0494,13.79,True,OK,Треугольный переулок,w302074747
4,2,Борисовка,5,5.1043,4.6947,32.42,True,OK,Фонтанная улица,w209267179
4,2,Борисовка,8,4.7516,4.7624,20.86,True,OK,Фонтанная улица,n2322107948
4,2,Борисовка,18,4.8221,4.8328,18.54,True,OK,Фонтанная улица,n5172818464
4,2,Борисовка,22,4.8626,4.8734,14.33,True,OK,Фонтанная улица,n2322107950
4,2,Борисовка,24,4.93,4.9408,16.15,True,OK,Фонтанная улица,n2322107954
4,2,Борисовка,30,5.0091,5.0199,17.66,True,OK,Фонтанная улица,w319134694
4,2,Борисовка,35,5.0093,4.927,13.03,True,OK,Фонтанная улица,n2322107952
4,2,Борисовка,36,5.1432,5.1441,23.91,True,OK,Фонтанная улица,n2322107955
4,2,Борисовка,41,4.9772,4.988,10.34,True,OK,Фонтанная улица,n2322107953
4,2,Борисовка,41,4.9736,4.9844,20.85,True,OK,Фонтанная улица,w318090601
4,2,Борисовка,43,5.2391,4.9983,21.0,True,OK,Фонтанная улица,w318090600
4,2,Борисовка,59,5.079,5.0898,15.72,True,OK,Фонтанная улица,n2322107956
4,2,Борисовка,61,5.1317,5.1057,19.37,True,OK,Фонтанная улица,w318090596
2,2,Борисовка,4,4.3462,4.357,19.47,True,OK,Хотинская улица,w352667497
3,2,Борисовка,4а,4.5033,4.3991,15.23,True,OK,Хотинская улица,w352667495
3,2,Борисовка,4б,4.5193,4.383,16.1,True,OK,Хотинская улица,w352667496
2,2,Борисовка,6,4.5881,4.3143,15.92,True,OK,Хотинская улица,w352667493
3,2,Борисовка,18,4.4658,4.4277,14.79,True,OK,Хотинская улица,w352667488
2,2,Борисовка,49,4.5613,4.3451,16.51,True,OK,Хотинская улица,w91848287
2,2,Борисовка,51,4.9692,4.451,15.1,True,OK,Хотинская улица,w91848274
3,2,Борисовка,53,4.4016,4.4124,21.45,True,OK,Хотинская улица,w91848283
3,2,Борисовка,55,,4.4607,20.38,True,OK,Хотинская улица,w91848277
3,2,Борисовка,73,4.9217,4.5583,24.88,True,OK,Хотинская улица,w352153734
3,2,Борисовка,77,4.8864,4.8972,19.31,True,OK,Хотинская улица,w352153729
3,2,Борисовка,144,4.5178,4.5286,20.09,True,OK,Хотинская улица,w352153731
3,2,Борисовка,146,4.5678,4.5786,19.5,True,OK,Хотинская улица,w352667484
3,2,Борисовка,148,4.8699,4.5979,20.83,True,OK,Хотинская улица,w352667485
3,2,Борисовка,150,4.8587,4.6091,23.25,True,OK,Хотинская улица,w352667487
3,2,Борисовка,152,4.7337,4.7021,63.71,True,OK,Хотинская улица,w116073594
3,2,Хомутяновка,4,4.5844,4.5511,11.29,True,OK,Школьная улица,w209287668
3,2,Хомутяновка,4,4.7531,4.5005,15.51,True,OK,Школьная улица,w209287692
3,2,Хомутяновка,5,4.3737,4.3751,16.27,True,OK,Школьная улица,w302066931
3,2,Хомутяновка,6,4.7864,4.6417,48.83,True,OK,Школьная улица,w209287627
3,2,Хомутяновка,7,4.435,4.4016,24.07,True,OK,Школьная улица,w302066932
3,2,Хомутяновка,9,4.4768,4.4434,16.66,True,OK,Школьная улица,w302066945
3,2,Хомутяновка,11,4.6923,4.4678,22.79,True,OK,Школьная улица,w302066949
3,2,Хомутяновка,13,4.5214,4.4881,17.81,True,OK,Школьная улица,w302066948
3,2,Хомутяновка,15,4.5442,4.5108,17.94,True,OK,Школьная улица,w302066951
3,2,Хомутяновка,17,4.5632,4.5298,17.11,True,OK,Школьная улица,w302066947
3,2,Хомутяновка,18,4.4624,4.429,25.02,True,OK,Школьная улица,w302066893
3,2,Хомутяновка,19,4.578,4.5447,17.49,True,OK,Школьная улица,w302066946
3,2,Хомутяновка,21,4.5835,4.5502,16.84,True,OK,Школьная улица,w302066953
3,2,Хомутяновка,23,,4.6408,15.79,True,OK,Школьная улица,w209287640
3,2,Хомутяновка,24,4.955,4.7515,9.67,True,OK,Школьная улица,w209287688
3,2,Хомутяновка,27,4.7504,4.717,16.98,True,OK,Школьная улица,w209287701
3,2,Хомутяновка,29,,4.7554,11.13,True,OK,Школьная улица,w209287646
3,2,Хомутяновка,39,4.6965,4.4127,33.28,True,OK,Школьная улица,w302066895
3,2,Хомутяновка,41,4.6074,4.3046,13.88,True,OK,Школьная улица,w302066922
3,2,Хомутяновка,134,4.4839,4.4571,14.64,True,OK,Школьная улица,w209287680
3,2,Хомутяновка,136,4.341,4.3076,14.74,True,OK,Школьная улица,w302066930
3,2,Хомутяновка,1,5.1708,5.0005,15.31,True,OK,переулок Бородина,w295998453
3,2,Хомутяновка,4,5.182,4.9893,33.36,True,OK,переулок Бородина,w295998427
3,2,Хомутяновка,5,5.0383,5.0049,37.46,True,OK,переулок Бородина,w295998451
3,2,Хомутяновка,6 кв. 1,5.1084,5.0438,15.74,True,OK,переулок Бородина,n4835076146
3,2,Хомутяновка,6 кв. 2,5.0917,5.059,13.33,True,OK,переулок Бородина,n4835050373
3,2,Хомутяновка,9,5.1049,5.0473,8.73,True,OK,переулок Бородина,n2321994025
3,2,Хомутяновка,9,5.0735,5.0401,11.77,True,OK,переулок Бородина,n4835050375
3,2,Хомутяновка,11,4.9907,4.9574,16.28,True,OK,переулок Бородина,w295088584
3,2,Хомутяновка,11,5.0088,4.9755,16.67,True,OK,переулок Бородина,w295998452
3,2,Хомутяновка,1,5.1356,5.1022,12.16,True,OK,переулок Лермонтова,w315425226
3,2,Хомутяновка,7,5.2596,5.1678,14.08,True,OK,переулок Лермонтова,w315807200
3,2,Хомутяновка,13а,5.0508,4.9919,16.07,True,OK,переулок Лермонтова,w209287634
3,2,Хомутяновка,15,4.8797,4.8464,21.98,True,OK,переулок Лермонтова,w209287672
3,2,Хомутяновка,16,5.2296,5.1963,8.55,True,OK,переулок Лермонтова,w318083438
3,2,Хомутяновка,17,5.2405,5.1869,10.81,True,OK,переулок Лермонтова,w315807198
3,2,Хомутяновка,17,5.2645,5.2094,11.77,True,OK,переулок Лермонтова,w317149371
3,2,Хомутяновка,25,5.2824,5.2096,8.16,True,OK,переулок Лермонтова,n5411906006
3,2,Хомутяновка,40,5.2985,5.1754,6.68,True,OK,переулок Лермонтова,w317149372
3,2,Хомутяновка,57,4.9959,4.9356,10.1,True,OK,переулок Лермонтова,w209287676
3,2,Хомутяновка,58,5.1666,4.9598,10.35,True,OK,переулок Лермонтова,w315425206
3,2,Хомутяновка,59,5.0567,5.0234,13.45,True,OK,переулок Лермонтова,w315425243
3,2,Хомутяновка,60,5.1629,4.9634,9.69,True,OK,переулок Лермонтова,w315193166
3,2,Хомутяновка,64,5.3659,5.0615,14.0,True,OK,переулок Лермонтова,w315425207
3,2,Хомутяновка,64,5.2866,5.1408,13.87,True,OK,переулок Лермонтова,w315851315
3,2,Хомутяновка,66,5.0952,5.0618,11.9,True,OK,переулок Лермонтова,w315425222
3,2,Хомутяновка,66,5.179,5.1457,13.34,True,OK,переулок Лермонтова,w315425235
3,2,Хомутяновка,67,5.1449,5.1115,14.38,True,OK,переулок Лермонтова,w315425255
3,2,Хомутяновка,69,5.1475,5.1141,12.17,True,OK,переулок Лермонтова,w315425223
3,2,Хомутяновка,90,5.1698,4.913,23.38,True,OK,переулок Лермонтова,w209287636
3,2,Хомутяновка,92,5.1446,4.8981,23.28,True,OK,переулок Лермонтова,w209287664
3,2,Хомутяновка,94,5.1599,4.8828,23.94,True,OK,переулок Лермонтова,w209287686
3,2,Хомутяновка,96,5.1738,4.8697,25.36,True,OK,переулок Лермонтова,w209287635
3,2,Хомутяновка,98,5.0592,4.8723,8.98,True,OK,переулок Лермонтова,w209287663
3,2,Хомутяновка,100,5.0561,4.8754,9.76,True,OK,переулок Лермонтова,w209416044
3,2,Хомутяновка,102,4.8461,4.8774,30.48,True,OK,переулок Лермонтова,w209416040
3,2,Хомутяновка,104,5.1332,4.7983,22.18,True,OK,переулок Лермонтова,w209416045
4,2,Хомутяновка,1,5.7435,5.7543,11.04,True,OK,переулок Осипенко,w209273600
4,2,Хомутяновка,1,5.6566,5.6674,12.16,True,OK,переулок Осипенко,w209273620
4,2,Хомутяновка,1,5.699,5.7098,12.16,True,OK,переулок Осипенко,w209273631
4,2,Хомутяновка,2,5.5736,5.5844,18.42,True,OK,переулок Осипенко,w209273577
4,2,Хомутяновка,2,,5.746,10.0,True,OK,переулок Осипенко,w209273606
4,2,Хомутяновка,2,,5.6397,14.74,True,OK,переулок Осипенко,w209273627
4,2,Хомутяновка,4,6.0746,5.7321,11.09,True,OK,переулок Осипенко,w209273583
4,2,Хомутяновка,6,6.1628,5.7649,14.43,True,OK,переулок Осипенко,w209273635
4,2,Хомутяновка,9,5.7873,5.7981,11.39,True,OK,переулок Осипенко,w209273633
4,2,Хомутяновка,11,6.0993,5.8284,12.77,True,OK,переулок Осипенко,w209273588
4,2,Хомутяновка,15,,5.7672,46.5,True,OK,переулок Осипенко,w231243207
4,2,Хомутяновка,6,5.9139,5.8806,8.53,True,OK,переулок Полоза,n2337865679
4,2,Хомутяновка,6,5.9974,5.8481,13.33,True,OK,переулок Полоза,w284637187
4,2,Хомутяновка,49,6.3535,5.9453,20.16,True,OK,переулок Полоза,w284637199
4,2,Хомутяновка,78,5.9169,5.8835,26.67,True,OK,переулок Полоза,w284637197
4,2,Борисовка,9,5.1546,5.2059,19.64,True,OK,улица 12 Октября,w318090606
3,2,Борисовка,10,,4.6695,13.46,True,OK,улица 12 Октября,w209267166
4,2,Борисовка,15,5.212,5.1113,21.86,True,OK,улица 12 Октября,n8219706370
4,2,Борисовка,16,5.1178,5.1286,8.19,True,OK,улица 12 Октября,n2322118077
4,2,Борисовка,17,5.1079,5.1187,18.56,True,OK,улица 12 Октября,w319134604
4,2,Борисовка,21,5.3043,5.019,18.24,True,OK,улица 12 Октября,w319227705
4,2,Борисовка,23,5.3293,4.994,15.25,True,OK,улица 12 Октября,w319227708
4,2,Борисовка,25,5.3464,4.9769,17.19,True,OK,улица 12 Октября,w319227709
4,2,Борисовка,27,5.3629,4.9604,15.8,True,OK,улица 12 Октября,w319227711
4,2,Борисовка,28,5.3083,5.015,25.79,True,OK,улица 12 Октября,w319223032
4,2,Борисовка,29,5.3886,4.9347,18.72,True,OK,улица 12 Октября,w319227716
4,2,Борисовка,30,4.9746,4.9854,19.67,True,OK,улица 12 Октября,w319223034
4,2,Борисовка,31,,4.9503,9.7,True,OK,улица 12 Октября,w319227713
4,2,Борисовка,33,4.9077,4.9185,16.28,True,OK,улица 12 Октября,w319227862
4,2,Борисовка,34,4.9257,4.9085,19.36,True,OK,улица 12 Октября,w319227717
4,2,Борисовка,35,4.8742,4.885,31.26,True,OK,улица 12 Октября,w319227863
4,2,Борисовка,36,4.8742,4.885,16.62,True,OK,улица 12 Октября,w319227725
4,2,Борисовка,37,4.8597,4.8705,21.3,True,OK,улица 12 Октября,w319227864
4,2,Борисовка,38,4.8437,4.8545,13.27,True,OK,улица 12 Октября,w319227726
4,2,Борисовка,39,4.8417,4.8525,14.77,True,OK,улица 12 Октября,w319305792
4,2,Борисовка,40,4.8196,4.8304,24.97,True,OK,улица 12 Октября,w319227727
4,2,Борисовка,41,4.8183,4.8291,20.24,True,OK,улица 12 Октября,w319305801
4,2,Борисовка,42,5.0832,4.7937,13.81,True,OK,улица 12 Октября,w319227732
4,2,Борисовка,44,4.7665,4.7773,11.95,True,OK,улица 12 Октября,w319227731
4,2,Борисовка,45,4.7902,4.801,16.73,True,OK,улица 12 Октября,w319305804
4,2,Борисовка,46,4.7463,4.7571,15.63,True,OK,улица 12 Октября,w319227729
4,2,Борисовка,47,4.766,4.7768,21.24,True,OK,улица 12 Октября,w319305807
4,2,Борисовка,48,5.1408,4.7361,10.53,True,OK,улица 12 Октября,w319227728
4,2,Борисовка,49,5.1168,4.7601,20.62,True,OK,улица 12 Октября,w352148096
4,2,Борисовка,50,4.7333,4.744,16.51,True,OK,улица 12 Октября,w91848803
4,2,Борисовка,51,4.7273,4.7381,15.8,True,OK,улица 12 Октября,w352148094
3,2,Борисовка,52,,4.751,16.75,True,OK,улица 12 Октября,w91848801
3,2,Борисовка,53,5.1614,4.7156,15.73,True,OK,улица 12 Октября,w352148095
4,2,Борисовка,55,4.8164,4.7308,53.74,True,OK,улица 12 Октября,w352148098
3,2,Борисовка,57,4.7873,4.7599,23.25,True,OK,улица 12 Октября,w352155381
3,2,Борисовка,59,4.7758,4.7714,30.99,True,OK,улица 12 Октября,w352155383
3,2,Борисовка,61,4.7976,4.7496,20.02,True,OK,улица 12 Октября,w352155384
3,2,Борисовка,63,4.7192,4.7308,13.18,True,OK,улица 12 Октября,w352155385
3,2,Борисовка,65,4.7354,4.7462,12.24,True,OK,улица 12 Октября,w352155386
3,2,Борисовка,67,4.7976,4.7752,21.92,True,OK,улица 12 Октября,w352155387
3,2,Борисовка,69,4.7784,4.7891,9.2,True,OK,улица 12 Октября,w352155388
3,2,Борисовка,71,4.7509,4.7617,34.64,True,OK,улица 12 Октября,w352668649
3,2,Борисовка,73,4.831,4.7418,23.15,True,OK,улица 12 Октября,w352668646
3,2,Борисовка,75,4.7102,4.721,20.38,True,OK,улица 12 Октября,w352668652
3,2,Борисовка,76,4.7179,4.7287,20.41,True,OK,улица 12 Октября,w352668630
3,2,Борисовка,77,4.6814,4.6922,16.27,True,OK,улица 12 Октября,w352668654
3,2,Борисовка,79,4.8498,4.8606,15.6,True,OK,улица 12 Октября,w352153727
3,2,Хомутяновка,1,4.9857,4.9524,16.74,True,OK,улица 23 Августа,w318120142
3,2,Хомутяновка,2,5.118,4.931,5.85,True,OK,улица 23 Августа,n2330549394
3,2,Хомутяновка,2,4.9641,4.9308,20.47,True,OK,улица 23 Августа,w320437638
3,2,Хомутяновка,3,5.1291,4.92,23.13,True,OK,улица 23 Августа,w318120135
3,2,Хомутяновка,4,4.9484,4.915,22.16,True,OK,улица 23 Августа,w320437637
3,2,Хомутяновка,5,5.145,4.904,16.32,True,OK,улица 23 Августа,w318120138
3,2,Хомутяновка,6,4.9342,4.9008,20.8,True,OK,улица 23 Августа,w320437636
3,2,Хомутяновка,7,5.1631,4.8797,19.41,True,OK,улица 23 Августа,w318120139
3,2,Хомутяновка,8,4.922,4.8887,17.44,True,OK,улица 23 Августа,w320437634
3,2,Хомутяновка,10,5.1753,4.8737,17.6,True,OK,улица 23 Августа,w320437632
3,2,Хомутяновка,12,4.9618,4.8503,16.48,True,OK,улица 23 Августа,w320437631
3,2,Хомутяновка,14,4.9853,4.8267,12.84,True,OK,улица 23 Августа,w320437629
3,2,Хомутяновка,39,4.9597,4.8747,16.56,True,OK,улица 23 Августа,w319366994
3,2,Хомутяновка,41,5.0007,4.9944,17.42,True,OK,улица 23 Августа,w318120143
3,2,Хомутяновка,3,5.4294,5.396,15.72,True,OK,улица 40 лет Советской Пионерии,w315807223
3,2,Хомутяновка,4,5.4405,5.4071,19.76,True,OK,улица 40 лет Советской Пионерии,w317053500
3,2,Хомутяновка,5,5.462,5.4187,17.69,True,OK,улица 40 лет Советской Пионерии,w315851332
3,2,Хомутяновка,9,5.434,5.4006,16.3,True,OK,улица 40 лет Советской Пионерии,w315851334
3,2,Хомутяновка,12,5.4844,5.4049,20.56,True,OK,улица 40 лет Советской Пионерии,w318120122
3,2,Хомутяновка,14,5.4563,5.423,18.97,True,OK,улица 40 лет Советской Пионерии,w318120121
3,2,Хомутяновка,35,5.1569,5.1235,14.12,True,OK,улица 40 лет Советской Пионерии,w209416079
3,2,Хомутяновка,35,5.2509,5.2175,14.37,True,OK,улица 40 лет Советской Пионерии,w316645004
3,2,Хомутяновка,37,5.1876,5.1263,16.96,True,OK,улица 40 лет Советской Пионерии,w299629688
3,2,Хомутяновка,37,5.2556,5.2222,16.02,True,OK,улица 40 лет Советской Пионерии,w315618138
3,2,Хомутяновка,41,5.4307,5.3747,18.48,True,OK,улица 40 лет Советской Пионерии,w315851329
3,2,Хомутяновка,43,5.4197,5.3857,19.34,True,OK,улица 40 лет Советской Пионерии,w315807222
3,2,Хомутяновка,44,5.2874,5.2541,18.75,True,OK,улица 40 лет Советской Пионерии,w315618170
3,2,Хомутяновка,46,5.2928,5.2594,18.55,True,OK,улица 40 лет Советской Пионерии,w315618157
3,2,Хомутяновка,47,5.3724,5.3066,16.0,True,OK,улица 40 лет Советской Пионерии,w315807218
3,2,Хомутяновка,68,5.1281,5.0948,21.43,True,OK,улица 40 лет Советской Пионерии,w209416093
3,2,Хомутяновка,70,5.5273,5.0802,20.67,True,OK,улица 40 лет Советской Пионерии,w209416075
3,2,Хомутяновка,72,5.5399,5.0677,20.49,True,OK,улица 40 лет Советской Пионерии,w209416017
3,2,Хомутяновка,74,5.2534,5.0606,11.53,True,OK,улица 40 лет Советской Пионерии,w209416090
3,2,Хомутяновка,76,5.2483,5.0657,20.18,True,OK,улица 40 лет Советской Пионерии,w209287683
4,2,Хомутяновка,1,5.7796,5.5076,14.98,True,OK,улица 50 лет ВЛКСМ,w318070645
3,1,Борисовка,5,4.9063,4.9171,16.97,True,OK,улица 50 лет ВЛКСМ,w318072368
3,2,Хомутяновка,5а/1,5.1508,5.1616,44.66,True,OK,улица 50 лет ВЛКСМ,w399052058
3,2,Хомутяновка,5а/4,5.1304,5.1374,108.61,True,OK,улица 50 лет ВЛКСМ,w184989565
4,2,Хомутяновка,6,5.6453,5.6561,15.85,True,OK,улица 50 лет ВЛКСМ,w373899387
3,2,Хомутяновка,6а,5.7441,5.6549,15.59,True,OK,улица 50 лет ВЛКСМ,n3773251959
3,2,Хомутяновка,6а,,5.6572,21.41,True,OK,улица 50 лет ВЛКСМ,w373899213
4,2,Хомутяновка,7а,5.7915,5.7179,9.28,True,OK,улица 50 лет ВЛКСМ,n4162783293
4,2,Хомутяновка,7а,5.7697,5.7364,10.9,True,OK,улица 50 лет ВЛКСМ,n8929118892
4,2,Хомутяновка,7а,,5.8873,16.64,True,OK,улица 50 лет ВЛКСМ,w209273607
4,2,Хомутяновка,11,,5.4861,36.92,True,OK,улица 50 лет ВЛКСМ,w209273604
3,2,Хомутяновка,13,,5.1164,18.51,True,OK,улица 50 лет ВЛКСМ,w209273610
3,2,Борисовка,19а,4.9988,5.0096,5.74,True,OK,улица 50 лет ВЛКСМ,w516134057
3,2,Борисовка,21,5.0312,5.042,14.68,True,OK,улица 50 лет ВЛКСМ,w317148591
3,2,Борисовка,25,5.0849,5.0956,14.93,True,OK,улица 50 лет ВЛКСМ,w317148594
3,2,Борисовка,27,5.1012,5.112,15.31,True,OK,улица 50 лет ВЛКСМ,w317148596
3,2,Борисовка,29,5.1253,5.1361,21.0,True,OK,улица 50 лет ВЛКСМ,w317148597
3,2,Борисовка,31,5.14,5.1507,17.64,True,OK,улица 50 лет ВЛКСМ,w317148599
3,2,Борисовка,50,5.0827,5.0297,14.13,True,OK,улица 50 лет ВЛКСМ,w209273637
3,2,Хомутяновка,50а,5.0758,5.0866,17.6,True,OK,улица 50 лет ВЛКСМ,w209273585
3,2,Хомутяновка,52б,5.6106,5.1841,28.41,True,OK,улица 50 лет ВЛКСМ,w304053793
1,2,Хомутяновка,3,1.5881,1.3458,16.35,True,OK,улица Академика Фёдорова,w161058100
1,2,Хомутяновка,5,1.5527,1.4225,19.18,True,OK,улица Академика Фёдорова,w161058096
1,2,Хомутяновка,16,1.6326,1.2802,18.7,True,OK,улица Академика Фёдорова,w222774404
1,2,Хомутяновка,16,1.4323,1.2403,15.95,True,OK,улица Академика Фёдорова,w222774405
1,2,Хомутяновка,18,1.5306,1.4003,14.02,True,OK,улица Академика Фёдорова,w222774403
1,2,Хомутяновка,20,1.5036,1.3698,23.47,True,OK,улица Академика Фёдорова,w222774402
1,2,Хомутяновка,24,1.5384,1.4081,22.21,True,OK,улица Академика Фёдорова,w222774401
1,2,Хомутяновка,26,1.579,1.4487,22.9,True,OK,улица Академика Фёдорова,w222774400
1,2,Хомутяновка,28,1.6148,1.4861,21.24,True,OK,улица Академика Фёдорова,w222774399
1,2,Хомутяновка,30,1.6513,1.5185,33.15,True,OK,улица Академика Фёдорова,w136395357
4,2,Борисовка,1,4.9379,4.8999,10.95,True,OK,улица Богдана Хмельницкого,w319223038
4,2,Борисовка,2,4.9267,4.9111,7.39,True,OK,улица Богдана Хмельницкого,n2322112854
4,2,Борисовка,3,4.7933,4.7254,13.47,True,OK,улица Богдана Хмельницкого,w209267135
4,2,Борисовка,16,4.8524,4.6664,22.6,True,OK,улица Богдана Хмельницкого,w209267157
4,2,Борисовка,18,4.6723,4.6831,38.64,True,OK,улица Богдана Хмельницкого,w318071344
4,2,Борисовка,19,4.7993,4.8101,12.42,True,OK,улица Богдана Хмельницкого,w318071347
4,2,Борисовка,20,4.8226,4.6961,22.07,True,OK,улица Богдана Хмельницкого,w209267146
4,2,Борисовка,21,4.8043,4.8151,13.71,True,OK,улица Богдана Хмельницкого,w318071350
4,2,Борисовка,22,4.8151,4.7493,25.33,True,OK,улица Богдана Хмельницкого,w209267170
4,2,Борисовка,24,4.7408,4.7516,7.85,True,OK,улица Богдана Хмельницкого,w209267180
4,2,Борисовка,24,4.9745,4.8473,10.47,True,OK,улица Богдана Хмельницкого,w318072376
4,2,Борисовка,26,4.7433,4.7541,13.09,True,OK,улица Богдана Хмельницкого,w209267156
4,2,Борисовка,28,4.7537,4.7568,27.34,True,OK,улица Богдана Хмельницкого,w209267127
3,2,Хомутяновка,3,4.1861,4.1527,15.17,True,OK,улица Бориса Главана,w315109552
3,2,Хомутяновка,5,4.5815,4.1362,14.88,True,OK,улица Бориса Главана,w315109554
3,2,Хомутяновка,5а,4.1346,4.1013,22.45,True,OK,улица Бориса Главана,w315109553
3,2,Хомутяновка,7,4.5173,4.2003,12.66,True,OK,улица Бориса Главана,w319386246
3,2,Хомутяновка,9,4.6969,4.2403,15.12,True,OK,улица Бориса Главана,w319386245
3,2,Хомутяновка,11,4.3128,4.2795,16.32,True,OK,улица Бориса Главана,w352314379
3,2,Хомутяновка,13,4.3621,4.3288,16.64,True,OK,улица Бориса Главана,w352314370
3,2,Хомутяновка,15,4.3967,4.3634,15.59,True,OK,улица Бориса Главана,w352314367
3,2,Хомутяновка,16,4.5203,4.1721,26.08,True,OK,улица Бориса Главана,w304088451
3,2,Хомутяновка,17,4.4169,4.3836,23.8,True,OK,улица Бориса Главана,w352314365
3,2,Хомутяновка,18,4.5376,4.1548,17.22,True,OK,улица Бориса Главана,w304088450
3,2,Хомутяновка,19,4.741,4.4327,16.74,True,OK,улица Бориса Главана,w352313738
3,2,Хомутяновка,20,4.5759,4.1418,15.89,True,OK,улица Бориса Главана,w315109561
3,2,Хомутяновка,22,4.1877,4.1543,27.25,True,OK,улица Бориса Главана,w315109559
3,2,Хомутяновка,24,4.2088,4.1754,19.11,True,OK,улица Бориса Главана,n4988630721
3,2,Хомутяновка,24а,4.2722,4.2389,19.64,True,OK,улица Бориса Главана,w318406787
3,2,Хомутяновка,32а,4.5107,4.4651,17.26,True,OK,улица Бориса Главана,w318406793
3,2,Хомутяновка,34,4.5114,4.4643,18.93,True,OK,улица Бориса Главана,w320343108
3,2,Хомутяновка,40,4.4609,4.4275,17.41,True,OK,улица Бориса Главана,w352285322
3,2,Хомутяновка,42,4.4722,4.4388,17.22,True,OK,улица Бориса Главана,w352314106
3,2,Хомутяновка,44,4.5306,4.4972,21.8,True,OK,улица Бориса Главана,w352314156
3,2,Хомутяновка,46,4.6224,4.5538,15.36,True,OK,улица Бориса Главана,w285071411
3,2,Хомутяновка,47,4.5182,4.1742,16.92,True,OK,улица Бориса Главана,w304088445
3,2,Хомутяновка,48,4.5974,4.564,24.62,True,OK,улица Бориса Главана,w285071413
3,2,Хомутяновка,49,4.1922,4.1589,16.21,True,OK,улица Бориса Главана,w304088447
3,2,Хомутяновка,50,4.6149,4.5776,20.31,True,OK,улица Бориса Главана,w352365957
3,2,Хомутяновка,51,4.5503,4.1364,20.53,True,OK,улица Бориса Главана,w304088449
3,2,Хомутяновка,52,4.583,4.5497,17.91,True,OK,улица Бориса Главана,w352365954
3,2,Хомутяновка,144,4.1806,4.1473,15.38,True,OK,улица Бориса Главана,w315109562
3,2,Хомутяновка,1,5.1081,5.0747,17.37,True,OK,улица Бородина,w302369880
3,2,Хомутяновка,1,5.2004,5.0564,15.06,True,OK,улица Бородина,w302369881
3,2,Хомутяновка,2,5.0649,5.0257,12.43,True,OK,улица Бородина,w209287633
3,2,Хомутяновка,2,5.0593,4.9858,11.25,True,OK,улица Бородина,w209287684
3,2,Хомутяновка,7,5.0217,4.9884,19.36,True,OK,улица Бородина,w302074745
3,2,Хомутяновка,9,5.2684,4.9857,21.15,True,OK,улица Бородина,w209287662
3,2,Хомутяновка,9,5.0067,4.9666,31.28,True,OK,улица Бородина,w295088583
3,2,Хомутяновка,13,5.1428,4.9407,22.34,True,OK,улица Бородина,w209287658
3,2,Хомутяновка,13,5.1306,4.9489,25.64,True,OK,улица Бородина,w295998442
3,2,Хомутяновка,15,5.1471,4.8956,20.35,True,OK,улица Бородина,w295998440
3,2,Хомутяновка,17,5.1758,4.8669,14.33,True,OK,улица Бородина,n2321994021
3,2,Хомутяновка,17,5.1577,4.885,14.42,True,OK,улица Бородина,w209654275
3,2,Хомутяновка,78,5.0325,4.9992,23.76,True,OK,улица Бородина,w209287645
3,2,Хомутяновка,80,5.018,4.9847,22.9,True,OK,улица Бородина,w209287674
3,2,Хомутяновка,82,5.0031,4.9697,22.8,True,OK,улица Бородина,w209287638
3,2,Хомутяновка,84,4.9981,4.9563,22.24,True,OK,улица Бородина,w209287699
2,2,Борисовка,1,4.1897,4.2005,12.41,True,OK,улица Гастелло,w318051676
2,2,Борисовка,2,4.208,4.2188,16.58,True,OK,улица Гастелло,w318051675
2,2,Борисовка,3,4.8081,4.218,18.15,True,OK,улица Гастелло,w318051677
2,2,Борисовка,4,4.2243,4.2351,17.55,True,OK,улица Гастелло,w318051682
2,2,Борисовка,5,4.2209,4.2317,14.44,True,OK,улица Гастелло,w318051680
2,2,Борисовка,6,4.7774,4.2487,18.59,True,OK,улица Гастелло,w318051685
2,2,Борисовка,7,4.7782,4.2479,14.81,True,OK,улица Гастелло,w318051681
2,2,Борисовка,8,4.7625,4.2636,16.92,True,OK,улица Гастелло,w318051687
2,2,Борисовка,9,4.2514,4.2622,15.79,True,OK,улица Гастелло,w318051683
2,2,Борисовка,10,4.7488,4.2773,21.96,True,OK,улица Гастелло,w318051690
2,2,Борисовка,11,4.267,4.2778,16.81,True,OK,улица Гастелло,w318051686
2,2,Борисовка,12,4.734,4.2921,16.28,True,OK,улица Гастелло,w318057739
2,2,Борисовка,13,4.7341,4.292,17.8,True,OK,улица Гастелло,w318051691
2,2,Борисовка,14,4.7169,4.3092,19.24,True,OK,улица Гастелло,w318057740
2,2,Борисовка,15,4.2987,4.3095,24.87,True,OK,улица Гастелло,w318051694
2,2,Борисовка,16,4.7034,4.3227,14.93,True,OK,улица Гастелло,w318057742
2,2,Борисовка,17,4.7022,4.3239,19.18,True,OK,улица Гастелло,w318057744
2,2,Борисовка,18,4.6878,4.3383,15.25,True,OK,улица Гастелло,w318057743
2,2,Борисовка,19,4.3273,4.3381,24.17,True,OK,улица Гастелло,w318057745
2,2,Борисовка,21,4.6743,4.3518,17.8,True,OK,улица Гастелло,w318058440
3,2,Борисовка,23,4.3663,4.377,13.68,True,OK,улица Гастелло,w318058441
2,2,Хомутяновка,8,,2.252,90.14,True,OK,улица Георге Асаке,w222764128
4,2,Борисовка,1,4.684,4.6948,8.37,True,OK,улица Герцена,n2322107957
4,2,Борисовка,2,4.659,4.6698,17.21,True,OK,улица Герцена,w319226856
4,2,Борисовка,4,4.671,4.6817,18.1,True,OK,улица Герцена,w319226855
4,2,Борисовка,6,4.6881,4.6989,15.72,True,OK,улица Герцена,w319226853
4,2,Борисовка,8,4.706,4.7168,19.25,True,OK,улица Герцена,w319226848
4,2,Борисовка,9,5.0981,4.7396,15.27,True,OK,улица Герцена,w319226838
4,2,Борисовка,17,5.0235,4.8143,10.8,True,OK,улица Герцена,n2322112853
3,2,Борисовка,1,,4.4515,17.94,True,OK,улица Глядковской,n2337326463
2,2,Борисовка,3,,4.3876,0.18,True,OK,улица Глядковской,n2337326464
2,2,Борисовка,7,,4.1905,12.21,True,OK,улица Глядковской,n2337326466
2,2,Борисовка,7,,4.1553,83.48,True,OK,улица Глядковской,w297047597
2,2,Борисовка,7,,4.3003,45.28,True,OK,улица Глядковской,w316026073
2,2,Борисовка,7,,4.1646,7.95,True,OK,улица Глядковской,w316026076
2,2,Борисовка,7а,,4.1913,65.27,True,OK,улица Глядковской,w306219481
2,2,Борисовка,9,,4.0828,19.22,True,OK,улица Глядковской,w223680351
2,2,Борисовка,9а,,4.1103,19.37,True,OK,улица Глядковской,w223680911
2,2,Борисовка,9б,,4.1074,56.37,True,OK,улица Глядковской,w316026074
2,2,Борисовка,11,,4.0424,23.16,True,OK,улица Глядковской,w223680282
2,2,Борисовка,12а,3.9772,3.988,18.0,True,OK,улица Глядковской,w306219488
2,1,Борисовка,14,4.4145,3.9643,18.93,True,OK,улица Глядковской,w306219489
4,2,Хомутяновка,1,5.4392,5.4287,27.09,True,OK,улица Гоголя,w317149178
4,2,Хомутяновка,2,5.4802,5.4909,13.18,True,OK,улица Гоголя,w318070643
4,2,Хомутяновка,3,5.4573,5.4681,19.5,True,OK,улица Гоголя,w317149177
3,2,Хомутяновка,4,5.7149,5.5059,8.63,True,OK,улица Гоголя,w318070647
4,2,Хомутяновка,5,5.4732,5.484,24.35,True,OK,улица Гоголя,w317149174
3,2,Хомутяновка,6,5.6988,5.522,15.17,True,OK,улица Гоголя,w318070648
3,2,Хомутяновка,7,5.7216,5.4991,21.9,True,OK,улица Гоголя,w317149169
3,2,Хомутяновка,8,5.6793,5.5414,25.97,True,OK,улица Гоголя,w318070642
3,2,Хомутяновка,9,5.7071,5.5137,22.8,True,OK,улица Гоголя,w317149168
3,2,Хомутяновка,10,5.6646,5.5561,27.65,True,OK,улица Гоголя,w318070638
3,2,Хомутяновка,11,5.5182,5.529,22.19,True,OK,улица Гоголя,w317149167
3,2,Хомутяновка,13,5.6747,5.5461,20.35,True,OK,улица Гоголя,w317149166
3,2,Хомутяновка,14,5.5938,5.6003,13.65,True,OK,улица Гоголя,w318070633
3,2,Хомутяновка,16,5.6143,5.5809,10.1,True,OK,улица Гоголя,w318070632
3,2,Хомутяновка,18,5.5976,5.5642,11.27,True,OK,улица Гоголя,w318070628
3,2,Хомутяновка,19,5.6199,5.5866,18.87,True,OK,улица Гоголя,w317051479
3,2,Хомутяновка,20,5.6455,5.5475,12.44,True,OK,улица Гоголя,w318070625
3,2,Хомутяновка,21,5.621,5.572,19.69,True,OK,улица Гоголя,w317051473
3,2,Хомутяновка,22,5.6625,5.5306,11.79,True,OK,улица Гоголя,w317149194
3,2,Хомутяновка,23,5.6379,5.5551,20.34,True,OK,улица Гоголя,w317051468
3,2,Хомутяновка,24,5.5486,5.5152,12.49,True,OK,улица Гоголя,w317149190
3,2,Хомутяновка,25,5.5785,5.5451,39.06,True,OK,улица Гоголя,w317051471
3,2,Хомутяновка,26,5.6916,5.5015,10.16,True,OK,улица Гоголя,w317149187
3,2,Хомутяновка,27,5.67,5.5231,18.47,True,OK,улица Гоголя,w317051463
3,2,Хомутяновка,29,5.6865,5.5065,19.88,True,OK,улица Гоголя,w317051459
3,2,Хомутяновка,32,5.4718,5.4385,11.41,True,OK,улица Гоголя,w316785294
3,2,Хомутяновка,34,5.5552,5.4212,11.38,True,OK,улица Гоголя,w316759508
3,2,Хомутяновка,35,5.4771,5.4437,20.51,True,OK,улица Гоголя,w316785291
3,2,Хомутяновка,36,5.5701,5.4063,11.2,True,OK,улица Гоголя,w316759464
3,2,Хомутяновка,37,5.5508,5.4257,23.44,True,OK,улица Гоголя,w316785290
3,2,Хомутяновка,38,5.415,5.3816,23.01,True,OK,улица Гоголя,w316759219
3,2,Хомутяновка,39,5.5657,5.4108,19.21,True,OK,улица Гоголя,w316759038
3,2,Хомутяновка,40,5.4047,5.3713,11.89,True,OK,улица Гоголя,w316759216
3,2,Хомутяновка,41,5.4294,5.3961,17.56,True,OK,улица Гоголя,w316758839
3,2,Хомутяновка,42,5.3852,5.3518,18.24,True,OK,улица Гоголя,w316759045
3,2,Хомутяновка,43,5.5939,5.3826,22.61,True,OK,улица Гоголя,w316758835
3,2,Хомутяновка,44,5.6434,5.333,12.43,True,OK,улица Гоголя,w316759046
3,2,Хомутяновка,45,5.6159,5.3605,17.94,True,OK,улица Гоголя,w316665821
3,2,Хомутяновка,46,5.332,5.2986,12.57,True,OK,улица Гоголя,w315618168
3,2,Хомутяновка,48,5.3131,5.2798,15.82,True,OK,улица Гоголя,w315618169
3,2,Хомутяновка,49,5.3385,5.3107,18.72,True,OK,улица Гоголя,w315618156
3,2,Хомутяновка,50,5.4169,5.262,16.8,True,OK,улица Гоголя,w315807232
3,2,Хомутяновка,51,5.3204,5.287,16.91,True,OK,улица Гоголя,w315618162
3,2,Хомутяновка,52,5.2786,5.2452,13.67,True,OK,улица Гоголя,w315851303
3,2,Хомутяновка,53,5.4073,5.2716,20.51,True,OK,улица Гоголя,w315618163
3,2,Хомутяновка,54,5.4523,5.2266,18.74,True,OK,улица Гоголя,w315851304
3,2,Хомутяновка,55,5.2899,5.2565,17.9,True,OK,улица Гоголя,w315618164
3,2,Хомутяновка,56,5.4687,5.2102,19.24,True,OK,улица Гоголя,w315851301
3,2,Хомутяновка,57,5.2698,5.2364,16.75,True,OK,улица Гоголя,w315618152
3,2,Хомутяновка,58,5.4844,5.1945,20.79,True,OK,улица Гоголя,w315851305
3,2,Хомутяновка,59,5.2544,5.2211,34.25,True,OK,улица Гоголя,w315618153
3,2,Хомутяновка,60,5.2094,5.1761,16.32,True,OK,улица Гоголя,w315851312
3,2,Хомутяновка,61,5.2347,5.2013,15.57,True,OK,улица Гоголя,w315618151
3,2,Хомутяновка,62,5.1898,5.1565,14.14,True,OK,улица Гоголя,w315851314
3,2,Хомутяновка,63,5.4958,5.1831,18.23,True,OK,улица Гоголя,w315618136
3,2,Хомутяновка,65,5.5105,5.1685,23.34,True,OK,улица Гоголя,w315618134
3,2,Хомутяновка,68,5.2088,5.1755,13.12,True,OK,улица Гоголя,w315807206
3,2,Хомутяновка,69,,5.1733,12.93,True,OK,улица Гоголя,w315425228
3,2,Хомутяновка,70,5.22,5.1866,10.12,True,OK,улица Гоголя,w315807207
3,2,Хомутяновка,73,,5.1876,14.19,True,OK,улица Гоголя,w315425242
1,2,Хомутяновка,12,1.7943,1.4268,42.46,True,OK,улица Дзержинского,w211496773
1,2,Хомутяновка,36,1.5965,1.2203,36.52,True,OK,улица Дзержинского,w291423975
1,2,Хомутяновка,38,1.3533,1.2531,36.99,True,OK,улица Дзержинского,w291423977
1,2,Хомутяновка,42,1.4147,1.3145,28.51,True,OK,улица Дзержинского,w290851735
1,2,Хомутяновка,42A,1.3905,1.2903,26.87,True,OK,улица Дзержинского,w290851733
1,2,Хомутяновка,46,1.5709,1.4843,29.16,True,OK,улица Дзержинского,w222767138
3,2,Хомутяновка,1,5.0547,4.7218,13.33,True,OK,улица Добродеева,w209416057
3,2,Хомутяновка,2,5.2072,4.9237,17.54,True,OK,улица Добродеева,w315425259
3,2,Хомутяновка,3,5.04,4.7366,15.33,True,OK,улица Добродеева,w209416077
3,2,Хомутяновка,4,5.1146,5.0813,13.01,True,OK,улица Добродеева,w318083426
3,2,Хомутяновка,5,4.7843,4.751,14.96,True,OK,улица Добродеева,w209416021
3,2,Хомутяновка,7,5.013,4.7636,15.22,True,OK,улица Добродеева,w209416026
3,2,Хомутяновка,9,4.808,4.7774,15.64,True,OK,улица Добродеева,w209416056
3,2,Хомутяновка,11,4.9851,4.7915,15.75,True,OK,улица Добродеева,w209416015
3,2,Хомутяновка,13,4.8391,4.8057,14.78,True,OK,улица Добродеева,w209416050
3,2,Хомутяновка,15,4.8517,4.8183,14.52,True,OK,улица Добродеева,w209416072
3,2,Хомутяновка,17,4.865,4.8316,14.44,True,OK,улица Добродеева,w209416033
3,2,Хомутяновка,19,4.9342,4.8423,10.35,True,OK,улица Добродеева,w209416059
3,2,Хомутяновка,21,4.9483,4.9149,12.57,True,OK,улица Добродеева,w318044640
3,2,Хомутяновка,23,5.2017,4.9292,11.99,True,OK,улица Добродеева,w318044639
3,2,Хомутяновка,25,4.9775,4.9441,12.71,True,OK,улица Добродеева,w318044638
3,2,Хомутяновка,27,4.9907,4.9574,14.09,True,OK,улица Добродеева,w318044637
3,2,Хомутяновка,29,5.159,4.9719,12.39,True,OK,улица Добродеева,w318044635
3,2,Хомутяновка,31,5.0203,4.9869,11.9,True,OK,улица Добродеева,w318044453
3,2,Хомутяновка,33,5.0472,5.0138,11.21,True,OK,улица Добродеева,w318043422
3,2,Хомутяновка,35,5.1535,5.0762,15.35,True,OK,улица Добродеева,n2321855336
3,2,Хомутяновка,37,5.1256,5.0922,14.21,True,OK,улица Добродеева,n2321855335
3,2,Хомутяновка,59,5.0703,5.0369,9.51,True,OK,улица Добродеева,w318043420
3,2,Хомутяновка,79,4.8696,4.8363,30.33,True,OK,улица Добродеева,w315108367
3,2,Хомутяновка,79а,5.0269,4.7496,9.0,True,OK,улица Добродеева,n4397874158
3,2,Хомутяновка,81,4.8839,4.8506,12.26,True,OK,улица Добродеева,w315108368
3,2,Хомутяновка,82,5.2436,4.8874,17.39,True,OK,улица Добродеева,w315193134
3,2,Хомутяновка,84,5.2381,4.8928,12.14,True,OK,улица Добродеева,w302074725
3,2,Хомутяновка,116,4.7468,4.7134,21.77,True,OK,улица Добродеева,w209416052
3,2,Хомутяновка,118,4.7305,4.6928,27.56,True,OK,улица Добродеева,w209416051
3,2,Хомутяновка,120,5.0819,4.6947,7.92,True,OK,улица Добродеева,w209416089
3,2,Хомутяновка,122,5.1189,4.6551,12.21,True,OK,улица Добродеева,n4162783497
3,2,Хомутяновка,122,4.7314,4.698,13.24,True,OK,улица Добродеева,w209416036
3,2,Хомутяновка,124,5.1392,4.6374,21.74,True,OK,улица Добродеева,w315618365
2,1,Борисовка,1,3.8841,3.8949,18.07,True,OK,улица Зои Космодемьянской,n2325366582
2,1,Борисовка,4,3.7839,3.7947,14.49,True,OK,улица Зои Космодемьянской,w319141456
2,2,Борисовка,6,3.6886,3.6994,44.45,True,OK,улица Зои Космодемьянской,w165763748
2,2,Борисовка,8-Б,,4.0419,51.13,True,OK,улица Зои Космодемьянской,w116073008
2,2,Борисовка,8а,4.578,3.8637,68.3,True,OK,улица Зои Космодемьянской,w165763747
2,2,Борисовка,10/1,4.1403,4.1511,9.6,True,OK,улица Зои Космодемьянской,w321410561
2,1,Борисовка,14,4.2251,4.2359,22.1,True,OK,улица Зои Космодемьянской,w165763743
2,2,Борисовка,16,4.3613,4.3721,12.58,True,OK,улица Зои Космодемьянской,w91848279
2,2,Борисовка,18,4.4128,4.4236,20.39,True,OK,улица Зои Космодемьянской,w91848271
2,1,Борисовка,29,3.9029,3.9137,14.27,True,OK,улица Зои Космодемьянской,w317148284
2,2,Борисовка,39,4.1982,4.209,42.53,True,OK,улица Зои Космодемьянской,w165765812
2,2,Борисовка,41,4.3524,4.3632,16.33,True,OK,улица Зои Космодемьянской,w91848285
2,2,Борисовка,43,4.3992,4.3337,14.54,True,OK,улица Зои Космодемьянской,w91848293
2,1,Борисовка,53,3.818,3.8737,20.5,True,OK,улица Зои Космодемьянской,w319141430
2,2,Борисовка,2,4.814,4.3303,18.94,True,OK,улица Ивана Федько,w317484800
2,2,Борисовка,3,4.3064,4.3281,20.21,True,OK,улица Ивана Федько,w316027892
2,2,Борисовка,4,4.7984,4.3459,16.38,True,OK,улица Ивана Федько,w317484802
2,2,Борисовка,5,4.3311,4.3419,16.72,True,OK,улица Ивана Федько,w316027893
2,2,Борисовка,6,4.3488,4.3596,18.55,True,OK,улица Ивана Федько,w317484803
2,2,Борисовка,7,4.7887,4.3556,15.88,True,OK,улица Ивана Федько,w316027896
2,2,Борисовка,8,4.771,4.3733,19.38,True,OK,улица Ивана Федько,w317484816
2,2,Борисовка,9,4.3598,4.3706,16.43,True,OK,улица Ивана Федько,w317484798
2,2,Борисовка,10,4.381,4.3918,19.38,True,OK,улица Ивана Федько,w318048547
2,2,Борисовка,11,4.7573,4.387,15.69,True,OK,улица Ивана Федько,w317484806
2,2,Борисовка,12,4.3953,4.4061,19.53,True,OK,улица Ивана Федько,w318048549
2,2,Борисовка,13,4.392,4.4028,14.27,True,OK,улица Ивана Федько,w317484807
2,2,Борисовка,14,4.4103,4.4211,17.66,True,OK,улица Ивана Федько,w318048550
2,2,Борисовка,15,4.4087,4.4195,23.52,True,OK,улица Ивана Федько,w317484810
2,2,Борисовка,16,4.7082,4.4361,17.11,True,OK,улица Ивана Федько,w318048552
3,2,Борисовка,18,4.6945,4.4498,19.27,True,OK,улица Ивана Федько,w318048553
2,2,Борисовка,19,4.7048,4.4395,19.58,True,OK,улица Ивана Федько,n2325366600
3,2,Борисовка,20,4.6788,4.4654,16.71,True,OK,улица Ивана Федько,w318048555
3,2,Борисовка,22,4.6657,4.4786,22.22,True,OK,улица Ивана Федько,w318048554
3,2,Борисовка,24,4.6481,4.4962,17.59,True,OK,улица Ивана Федько,w318051688
3,2,Борисовка,26,4.4991,4.5099,18.43,True,OK,улица Ивана Федько,w318051689
3,1,Борисовка,28,4.6298,4.6222,48.86,True,OK,улица Ивана Федько,w318058436
3,2,Борисовка,30,4.5462,4.557,16.06,True,OK,улица Ивана Федько,w318058445
3,2,Борисовка,32,4.5583,4.5691,12.96,True,OK,улица Ивана Федько,w318058443
3,2,Борисовка,35,4.5716,4.5727,19.75,True,OK,улица Ивана Федько,w318184631
3,2,Борисовка,37,4.5551,4.5659,17.69,True,OK,улица Ивана Федько,w318185748
4,2,Борисовка,1,4.7333,4.714,19.43,True,OK,улица Ивана Шимкова,w318072352
4,2,Борисовка,2,4.9539,4.7737,19.97,True,OK,улица Ивана Шимкова,n2322107940
4,2,Борисовка,3,4.9701,4.7574,17.41,True,OK,улица Ивана Шимкова,w318072351
4,2,Борисовка,5,4.958,4.7695,22.92,True,OK,улица Ивана Шимкова,w318072344
4,2,Борисовка,7,4.7762,4.787,15.96,True,OK,улица Ивана Шимкова,w318072345
4,2,Борисовка,9,4.7915,4.8023,15.39,True,OK,улица Ивана Шимкова,w318072346
4,2,Борисовка,10,4.6306,4.6414,46.67,True,OK,улица Ивана Шимкова,w209267184
4,2,Борисовка,11,4.9109,4.8166,18.93,True,OK,улица Ивана Шимкова,w318072347
4,2,Борисовка,13,4.8292,4.84,27.05,True,OK,улица Ивана Шимкова,w318072358
4,2,Борисовка,14,4.6302,4.6527,40.24,True,OK,улица Ивана Шимкова,w318071345
4,2,Борисовка,15,4.8495,4.8603,19.19,True,OK,улица Ивана Шимкова,w318071364
4,2,Борисовка,17,4.8537,4.8645,15.43,True,OK,улица Ивана Шимкова,w318071363
4,2,Борисовка,22,4.8735,4.854,17.55,True,OK,улица Ивана Шимкова,n2322107942
4,2,Борисовка,23,4.8441,4.8549,16.15,True,OK,улица Ивана Шимкова,w318071348
4,2,Борисовка,25,4.8555,4.869,18.03,True,OK,улица Ивана Шимкова,w318071349
4,2,Борисовка,26,4.9044,4.863,13.15,True,OK,улица Ивана Шимкова,w318072382
4,2,Борисовка,27,4.8632,4.874,11.24,True,OK,улица Ивана Шимкова,w317055545
4,2,Борисовка,27А,4.903,4.8644,12.17,True,OK,улица Ивана Шимкова,n6428859910
4,2,Борисовка,28,4.8659,4.8767,12.66,True,OK,улица Ивана Шимкова,w318072377
4,2,Борисовка,29,4.9005,4.9113,18.36,True,OK,улица Ивана Шимкова,w317055544
4,2,Борисовка,30,4.8908,4.9016,10.51,True,OK,улица Ивана Шимкова,w318072372
4,2,Борисовка,31,5.1667,4.9256,17.55,True,OK,улица Ивана Шимкова,w317055542
4,2,Борисовка,32,4.9072,4.918,11.46,True,OK,улица Ивана Шимкова,w318072374
4,2,Борисовка,33,5.1523,4.94,18.57,True,OK,улица Ивана Шимкова,w317055540
3,2,Борисовка,34,4.9408,4.8217,21.41,True,OK,улица Ивана Шимкова,w209267129
3,2,Борисовка,34,5.1604,4.9319,11.52,True,OK,улица Ивана Шимкова,w318090588
4,2,Борисовка,35,5.138,4.9543,17.76,True,OK,улица Ивана Шимкова,w317055538
3,2,Борисовка,36,5.2557,4.8366,21.14,True,OK,улица Ивана Шимкова,w209267147
3,2,Борисовка,36,5.1286,4.9637,34.31,True,OK,улица Ивана Шимкова,w318090593
4,2,Борисовка,37,5.1221,4.9702,18.33,True,OK,улица Ивана Шимкова,w317055533
3,2,Борисовка,38,4.8407,4.8514,20.88,True,OK,улица Ивана Шимкова,w209267171
3,2,Борисовка,38,5.1297,4.9626,10.69,True,OK,улица Ивана Шимкова,w318090587
4,2,Борисовка,39,4.9719,4.9827,18.72,True,OK,улица Ивана Шимкова,w317055528
3,2,Борисовка,40,5.2256,4.8667,21.37,True,OK,улица Ивана Шимкова,w209267138
3,2,Борисовка,40,5.1154,4.9769,11.5,True,OK,улица Ивана Шимкова,w318090586
4,2,Борисовка,41,4.9925,5.0033,19.02,True,OK,улица Ивана Шимкова,w317055532
4,2,Борисовка,42,4.981,4.9918,11.24,True,OK,улица Ивана Шимкова,w318090584
4,2,Борисовка,44,5.0832,5.0092,19.96,True,OK,улица Ивана Шимкова,w318090583
3,2,Борисовка,46,5.0117,5.0225,10.41,True,OK,улица Ивана Шимкова,w318090582
3,2,Борисовка,48,5.0539,5.0623,16.46,True,OK,улица Ивана Шимкова,w318090581
4,2,Борисовка,50,5.1797,5.1158,12.75,True,OK,улица Ивана Шимкова,w209273592
3,2,Борисовка,50б,5.1411,5.0944,13.41,True,OK,улица Ивана Шимкова,w209273608
3,2,Хомутяновка,52,5.2523,5.1792,14.13,True,OK,улица Ивана Шимкова,w209273575
3,2,Хомутяновка,52а,,5.1215,16.17,True,OK,улица Ивана Шимкова,w224943526
4,2,Борисовка,2,5.921,5.9318,14.32,True,OK,улица Интернационалистов,w103992856
4,2,Борисовка,2,,5.9672,13.79,True,OK,улица Интернационалистов,w103992874
4,2,Борисовка,4,5.9928,6.0036,12.18,True,OK,улица Интернационалистов,w103992827
4,2,Борисовка,4,6.0149,5.9821,13.24,True,OK,улица Интернационалистов,w222986042
4,2,Хомутяновка,5,,6.4125,12.81,True,OK,улица Интернационалистов,w209273570
4,2,Хомутяновка,7,6.2848,6.2929,18.7,True,OK,улица Интернационалистов,w209273565
4,2,Борисовка,8,,6.0598,11.73,True,OK,улица Интернационалистов,w103992714
4,2,Хомутяновка,9,,6.4693,13.03,True,OK,улица Интернационалистов,w209273568
4,2,Борисовка,10,,6.0415,11.53,True,OK,улица Интернационалистов,w103992745
4,2,Хомутяновка,11,6.3225,6.3071,12.1,True,OK,улица Интернационалистов,w209273567
4,2,Хомутяновка,13,6.5393,6.3054,13.05,True,OK,улица Интернационалистов,w91850356
4,2,Хомутяновка,13а,,6.1905,19.26,True,OK,улица Интернационалистов,w222986064
4,2,Хомутяновка,13б,,6.1649,21.69,True,OK,улица Интернационалистов,w442395876
4,2,Хомутяновка,15,6.197,6.1017,14.54,True,OK,улица Интернационалистов,w91850336
4,2,Борисовка,25,,6.088,26.01,True,OK,улица Интернационалистов,w222986044
3,2,Хомутяновка,3,4.4814,4.4481,12.09,True,OK,улица Калашникова,w319366971
3,2,Хомутяновка,4,4.5116,4.4783,23.68,True,OK,улица Калашникова,w302067676
3,2,Хомутяновка,5,4.5006,4.4673,12.91,True,OK,улица Калашникова,w319366972
3,2,Хомутяновка,6,4.7325,4.5286,20.06,True,OK,улица Калашникова,w302067678
3,2,Хомутяновка,6а,4.6417,4.6084,12.15,True,OK,улица Калашникова,w209287670
3,2,Хомутяновка,7,4.8177,4.4778,12.23,True,OK,улица Калашникова,w319366973
3,2,Хомутяновка,8,5.0957,4.7163,9.91,True,OK,улица Калашникова,n2330549402
3,2,Хомутяновка,8,4.7823,4.7489,21.13,True,OK,улица Калашникова,w319366997
3,2,Хомутяновка,9,4.8065,4.489,12.19,True,OK,улица Калашникова,w319366974
3,2,Хомутяновка,11,4.7893,4.5061,12.45,True,OK,улица Калашникова,w319366975
3,2,Хомутяновка,12,4.883,4.8496,20.52,True,OK,улица Калашникова,w320437630
3,2,Хомутяновка,13,4.5526,4.5193,11.59,True,OK,улица Калашникова,w319366977
3,2,Хомутяновка,14а,5.3054,4.8862,21.14,True,OK,улица Калашникова,w320437642
3,2,Хомутяновка,15,4.7546,4.5409,19.85,True,OK,улица Калашникова,w757835185
3,2,Хомутяновка,17,4.5958,4.5625,16.37,True,OK,улица Калашникова,w320342794
3,2,Хомутяновка,19,4.9134,4.5801,36.61,True,OK,улица Калашникова,w320342787
3,2,Хомутяновка,21,4.6619,4.6286,18.96,True,OK,улица Калашникова,w320342632
3,2,Хомутяновка,22,5.0223,4.9889,5.54,True,OK,улица Калашникова,n2330549398
3,2,Хомутяновка,23,4.6883,4.6549,16.41,True,OK,улица Калашникова,w319370825
3,2,Хомутяновка,25,4.6772,4.6182,10.78,True,OK,улица Калашникова,w209287695
3,2,Хомутяновка,25,4.6958,4.6706,17.76,True,OK,улица Калашникова,w319370824
3,2,Хомутяновка,29,5.1167,4.6953,22.7,True,OK,улица Калашникова,w319370823
3,2,Хомутяновка,31,5.1024,4.7097,17.87,True,OK,улица Калашникова,w319370821
3,2,Хомутяновка,33,4.7603,4.7269,18.38,True,OK,улица Калашникова,w319370820
3,2,Хомутяновка,35,5.0572,4.7549,21.11,True,OK,улица Калашникова,w319367003
3,2,Хомутяновка,37,5.0421,4.77,18.3,True,OK,улица Калашникова,w319366999
3,2,Хомутяновка,39,5.0236,4.7885,17.38,True,OK,улица Калашникова,w297019345
3,2,Хомутяновка,41,4.8337,4.8072,17.12,True,OK,улица Калашникова,w297019344
3,2,Хомутяновка,43,5.3525,4.8391,18.8,True,OK,улица Калашникова,w320438933
4,2,Хомутяновка,44,5.6962,5.6628,32.93,True,OK,улица Калашникова,n2337889960
3,2,Хомутяновка,45,4.8892,4.8559,15.84,True,OK,улица Калашникова,w320438935
4,2,Хомутяновка,46,5.6283,5.5949,15.64,True,OK,улица Калашникова,w352285811
3,2,Хомутяновка,47,4.9096,4.8763,17.43,True,OK,улица Калашникова,w320438940
4,2,Хомутяновка,48,6.1175,5.6079,21.17,True,OK,улица Калашникова,w352285810
3,2,Хомутяновка,49,5.3058,4.8859,14.45,True,OK,улица Калашникова,w320438942
4,2,Хомутяновка,50,5.6661,5.6328,17.39,True,OK,улица Калашникова,w352285809
3,2,Хомутяновка,53,5.2761,4.9155,24.25,True,OK,улица Калашникова,w320438943
4,2,Хомутяновка,54,5.6829,5.6495,20.7,True,OK,улица Калашникова,w352285807
3,2,Хомутяновка,55,4.9558,4.9225,13.83,True,OK,улица Калашникова,w484497586
4,2,Хомутяновка,56,6.0612,5.6641,18.28,True,OK,улица Калашникова,w352285806
3,2,Хомутяновка,57,4.977,4.9436,16.05,True,OK,улица Калашникова,w320438948
4,2,Хомутяновка,58,6.0477,5.6776,19.26,True,OK,улица Калашникова,w352285804
4,2,Хомутяновка,60,6.0341,5.6912,18.34,True,OK,улица Калашникова,w352285589
4,2,Хомутяновка,62,5.7405,5.7071,19.35,True,OK,улица Калашникова,w352285588
4,2,Хомутяновка,64,6.0037,5.7216,18.83,True,OK,улица Калашникова,w352285587
4,2,Хомутяновка,66,5.7647,5.7313,23.92,True,OK,улица Калашникова,w352285586
4,2,Хомутяновка,68,5.9781,5.7472,24.94,True,OK,улица Калашникова,w352285585
4,2,Хомутяновка,70,5.9555,5.7623,21.76,True,OK,улица Калашникова,w352285583
4,2,Хомутяновка,72,5.9421,5.7832,19.53,True,OK,улица Калашникова,w352285582
2,2,Борисовка,3,4.931,4.0951,21.31,True,OK,улица Клары Цеткин,w318071326
2,2,Борисовка,4,4.2865,4.2913,13.72,True,OK,улица Клары Цеткин,w223691986
2,2,Борисовка,5,4.0582,4.069,18.04,True,OK,улица Клары Цеткин,w318071327
2,2,Борисовка,5,4.0321,4.0429,14.77,True,OK,улица Клары Цеткин,w318071331
2,2,Борисовка,6,4.2053,4.2153,23.47,True,OK,улица Клары Цеткин,w223681291
2,2,Борисовка,8,4.3013,4.3121,18.82,True,OK,улица Клары Цеткин,w223681143
2,2,Борисовка,8а,4.2152,4.226,16.33,True,OK,улица Клары Цеткин,w223681290
2,2,Борисовка,10,4.087,4.0978,15.48,True,OK,улица Клары Цеткин,w223681142
2,2,Борисовка,10/5,4.1886,4.192,16.94,True,OK,улица Клары Цеткин,w306219472
2,2,Борисовка,10/6,4.1902,4.1904,13.18,True,OK,улица Клары Цеткин,w336800599
2,2,Борисовка,12,4.0611,4.0719,20.0,True,OK,улица Клары Цеткин,w223680912
2,2,Борисовка,30,4.2292,4.1514,12.26,True,OK,улица Клары Цеткин,w306219464
2,1,Борисовка,32,4.1902,4.2334,82.08,True,OK,улица Клары Цеткин,w224340921
2,2,Борисовка,56,4.3915,4.3909,19.62,True,OK,улица Клары Цеткин,n2334331724
4,2,Хомутяновка,1,5.8,5.7004,21.1,True,OK,улица Кошевого,w326811190
4,2,Хомутяновка,1а,5.7746,5.7257,12.32,True,OK,улица Кошевого,w352064501
4,2,Хомутяновка,3,5.7987,5.6318,11.97,True,OK,улица Кошевого,w352265841
4,2,Хомутяновка,4,5.7481,5.6822,21.15,True,OK,улица Кошевого,w352111443
4,2,Хомутяновка,5,5.6504,5.617,15.85,True,OK,улица Кошевого,w352265843
4,2,Хомутяновка,6,5.795,5.7053,18.0,True,OK,улица Кошевого,w352111440
4,2,Хомутяновка,7,5.6329,5.5995,11.12,True,OK,улица Кошевого,w352265844
4,2,Хомутяновка,8,5.7792,5.7211,16.21,True,OK,улица Кошевого,w352111439
4,2,Хомутяновка,9,5.8428,5.5877,16.89,True,OK,улица Кошевого,w352265846
4,2,Хомутяновка,10,5.7547,5.7213,25.74,True,OK,улица Кошевого,w352111438
4,2,Хомутяновка,10а,5.7275,5.6941,19.32,True,OK,улица Кошевого,w352111436
4,2,Хомутяновка,14,5.8381,5.6623,14.78,True,OK,улица Кошевого,w326811191
4,2,Хомутяновка,14,5.6414,5.608,16.87,True,OK,улица Кошевого,w352265852
4,2,Хомутяновка,16,5.6219,5.5885,18.77,True,OK,улица Кошевого,w352265853
4,2,Хомутяновка,38,5.8915,5.6239,13.25,True,OK,улица Кошевого,w352326939
4,2,Хомутяновка,42,5.5846,5.5513,14.76,True,OK,улица Кошевого,n2337889966
3,2,Хомутяновка,1,5.1444,5.1117,20.62,True,OK,улица Крянгэ,w644316162
3,2,Хомутяновка,6,5.4143,5.0761,27.27,True,OK,улица Крянгэ,w318083428
3,2,Хомутяновка,7,5.6399,5.2656,18.18,True,OK,улица Крянгэ,w318084710
3,2,Хомутяновка,8,5.3982,5.0938,18.62,True,OK,улица Крянгэ,w318083432
3,2,Хомутяновка,10,5.1439,5.1105,19.43,True,OK,улица Крянгэ,w318083433
3,2,Хомутяновка,12,5.365,5.1269,23.53,True,OK,улица Крянгэ,w318083442
3,2,Хомутяновка,13,,5.4712,19.75,True,OK,улица Крянгэ,w209273571
3,2,Хомутяновка,14,5.3496,5.1423,19.76,True,OK,улица Крянгэ,w318083440
3,2,Хомутяновка,15,5.5771,5.4695,12.63,True,OK,улица Крянгэ,w91850334
3,2,Хомутяновка,17,,5.5103,16.66,True,OK,улица Крянгэ,w91850362
3,2,Хомутяновка,20,5.6984,5.207,18.08,True,OK,улица Крянгэ,w319132158
3,2,Хомутяновка,22,5.682,5.2235,19.62,True,OK,улица Крянгэ,w319133046
3,2,Хомутяновка,24,5.6635,5.2419,19.13,True,OK,улица Крянгэ,w319133048
3,2,Хомутяновка,34,5.3627,5.3293,19.87,True,OK,улица Крянгэ,w319133053
3,2,Хомутяновка,36,5.3763,5.4132,33.23,True,OK,улица Крянгэ,w319133052
3,2,Хомутяновка,40,5.5473,5.5139,11.39,True,OK,улица Крянгэ,w209273634
3,2,Хомутяновка,42,5.5047,5.4713,22.02,True,OK,улица Крянгэ,w209273591
4,2,Хомутяновка,44,,5.6012,16.7,True,OK,улица Крянгэ,w209273619
3,2,Хомутяновка,1,5.6748,4.5168,18.86,True,OK,улица Куйбышева,w320344001
3,2,Хомутяновка,2,4.5277,4.4944,19.41,True,OK,улица Куйбышева,w320343106
3,2,Хомутяновка,4,5.6748,4.5082,22.94,True,OK,улица Куйбышева,w320343105
3,2,Хомутяновка,5,5.61,4.5817,14.22,True,OK,улица Куйбышева,w352284839
3,2,Хомутяновка,6,5.6613,4.5303,17.21,True,OK,улица Куйбышева,w320342800
3,2,Хомутяновка,7,5.5906,4.6011,15.08,True,OK,улица Куйбышева,w352285308
3,2,Хомутяновка,8,4.5768,4.5434,22.69,True,OK,улица Куйбышева,w320342799
3,2,Хомутяновка,9,5.5712,4.6205,15.94,True,OK,улица Куйбышева,w352285307
3,2,Хомутяновка,10,4.6034,4.5701,17.53,True,OK,улица Куйбышева,w320342797
3,2,Хомутяновка,11,5.5483,4.6433,18.35,True,OK,улица Куйбышева,w339300190
3,2,Хомутяновка,12,4.6259,4.5925,17.93,True,OK,улица Куйбышева,w320342789
3,2,Хомутяновка,13,5.534,4.6684,25.46,True,OK,улица Куйбышева,w320437658
3,2,Хомутяновка,14,5.5747,4.6169,17.96,True,OK,улица Куйбышева,w320342793
3,2,Хомутяновка,15,4.8578,4.8245,14.32,True,OK,улица Куйбышева,n2330550601
3,2,Хомутяновка,15,4.7172,4.6838,20.05,True,OK,улица Куйбышева,w320438938
3,2,Хомутяновка,16,4.666,4.6326,25.08,True,OK,улица Куйбышева,w320342791
3,2,Хомутяновка,17,4.7214,4.7028,27.13,True,OK,улица Куйбышева,w339300188
3,2,Хомутяновка,18,5.534,4.6549,35.52,True,OK,улица Куйбышева,w320342631
3,2,Хомутяновка,19,4.7642,4.7308,22.61,True,OK,улица Куйбышева,w352265866
3,2,Хомутяновка,20,5.5035,4.6809,29.0,True,OK,улица Куйбышева,w320342629
3,2,Хомутяновка,21,4.7868,4.7535,14.11,True,OK,улица Куйбышева,w352265865
3,2,Хомутяновка,22,4.7407,4.7073,24.45,True,OK,улица Куйбышева,w320342628
3,2,Хомутяновка,23,4.8089,4.7756,15.79,True,OK,улица Куйбышева,w352265863
3,2,Хомутяновка,24,4.7622,4.7288,20.73,True,OK,улица Куйбышева,w320437619
3,2,Хомутяновка,25,5.3966,4.795,17.5,True,OK,улица Куйбышева,w352162874
3,2,Хомутяновка,26,5.4494,4.7422,22.3,True,OK,улица Куйбышева,w320437620
3,2,Хомутяновка,27,4.8491,4.8158,15.14,True,OK,улица Куйбышева,w320440073
3,2,Хомутяновка,28,4.791,4.7576,20.52,True,OK,улица Куйбышева,w320437622
3,2,Хомутяновка,29,4.8706,4.8372,17.5,True,OK,улица Куйбышева,w320440071
3,2,Хомутяновка,30,5.4166,4.775,19.44,True,OK,улица Куйбышева,w320437623
3,2,Хомутяновка,31,5.3463,4.8563,29.4,True,OK,улица Куйбышева,w320440070
3,2,Хомутяновка,32,5.4032,4.7884,19.66,True,OK,улица Куйбышева,w320437626
3,2,Хомутяновка,33,4.9098,4.8764,16.71,True,OK,улица Куйбышева,w320440062
3,2,Хомутяновка,34,4.8473,4.8139,16.01,True,OK,улица Куйбышева,w666173093
3,2,Хомутяновка,35,4.9295,4.8961,16.54,True,OK,улица Куйбышева,w320440054
3,2,Хомутяновка,37,5.2565,4.9443,13.82,True,OK,улица Куйбышева,w320438936
3,2,Хомутяновка,37а,5.2726,4.919,15.42,True,OK,улица Куйбышева,w320440052
3,2,Хомутяновка,39,5.0108,4.9775,16.45,True,OK,улица Куйбышева,w320440055
3,2,Хомутяновка,40,5.3144,4.8772,18.72,True,OK,улица Куйбышева,w320440057
3,2,Хомутяновка,42,5.2987,4.8929,19.96,True,OK,улица Куйбышева,w320440053
3,2,Хомутяновка,44,4.952,4.9186,18.53,True,OK,улица Куйбышева,w757869687
3,2,Хомутяновка,46,4.9685,4.9311,18.82,True,OK,улица Куйбышева,w757869686
3,2,Хомутяновка,48,5.2291,4.9625,16.62,True,OK,улица Куйбышева,w320439368
3,2,Хомутяновка,50,5.2022,4.9894,13.89,True,OK,улица Куйбышева,w320439372
3,2,Хомутяновка,51,4.9685,4.906,48.05,True,OK,улица Куйбышева,w320439366
3,2,Хомутяновка,52,5.092,5.0587,13.46,True,OK,улица Куйбышева,w320440063
3,2,Хомутяновка,2,5.6205,5.5872,12.71,True,OK,улица Лермонтова,w209273601
3,2,Хомутяновка,4,,5.4936,15.13,True,OK,улица Лермонтова,w209273566
4,2,Хомутяновка,5,,5.6219,21.07,True,OK,улица Лермонтова,w318548554
3,2,Хомутяновка,7,5.5755,5.5422,18.8,True,OK,улица Лермонтова,w318548553
3,2,Хомутяновка,9,5.5603,5.527,24.1,True,OK,улица Лермонтова,w318548552
3,2,Хомутяновка,11,5.7655,5.5089,16.52,True,OK,улица Лермонтова,w318548547
3,2,Хомутяновка,13,5.5235,5.4901,17.37,True,OK,улица Лермонтова,w318548540
3,2,Хомутяновка,15,5.7985,5.4745,16.51,True,OK,улица Лермонтова,w318548535
3,2,Хомутяновка,16,5.8533,5.4175,20.15,True,OK,улица Лермонтова,w318120119
3,2,Хомутяновка,17,5.8186,5.4558,17.37,True,OK,улица Лермонтова,w318120125
3,2,Хомутяновка,18,5.5127,5.3766,16.44,True,OK,улица Лермонтова,n2321834521
3,2,Хомутяновка,18,5.8465,5.4279,10.18,True,OK,улица Лермонтова,w318084698
3,2,Хомутяновка,21,5.4011,5.3677,16.06,True,OK,улица Лермонтова,w318084696
3,2,Хомутяновка,23,5.5394,5.3499,15.04,True,OK,улица Лермонтова,w318084704
3,2,Хомутяновка,24,5.5486,5.3407,15.19,True,OK,улица Лермонтова,n4397874166
3,2,Хомутяновка,25,5.5599,5.3294,17.57,True,OK,улица Лермонтова,w318084707
3,2,Хомутяновка,29,5.332,5.2986,20.09,True,OK,улица Лермонтова,w318084690
3,2,Хомутяновка,31,5.6085,5.2808,16.53,True,OK,улица Лермонтова,w318084686
3,2,Хомутяновка,33,5.6249,5.2644,12.46,True,OK,улица Лермонтова,w318083482
3,2,Хомутяновка,35,5.64,5.2493,15.5,True,OK,улица Лермонтова,w318083475
3,2,Хомутяновка,37,5.6581,5.2312,15.24,True,OK,улица Лермонтова,w318083469
3,2,Хомутяновка,38,5.6615,5.2278,12.7,True,OK,улица Лермонтова,n2321834527
3,2,Хомутяновка,38а,5.1564,4.9746,14.32,True,OK,улица Лермонтова,n4919278864
3,2,Хомутяновка,38а,5.0238,4.9904,23.49,True,OK,улица Лермонтова,w318043413
3,2,Хомутяновка,39,5.6622,5.2271,14.22,True,OK,улица Лермонтова,n2321834524
3,2,Хомутяновка,39,5.6745,5.2148,13.71,True,OK,улица Лермонтова,w318083466
3,2,Хомутяновка,41,5.2902,5.21,12.88,True,OK,улица Лермонтова,n2321834534
3,2,Хомутяновка,43,5.2022,5.1689,16.32,True,OK,улица Лермонтова,w317149370
3,2,Хомутяновка,45,5.3188,5.1551,16.67,True,OK,улица Лермонтова,w317149376
3,2,Хомутяновка,49,5.1524,5.1191,18.83,True,OK,улица Лермонтова,w318044883
3,2,Хомутяновка,50,5.3594,5.1145,11.99,True,OK,улица Лермонтова,w318083425
3,2,Хомутяновка,51,5.3727,5.1011,18.28,True,OK,улица Лермонтова,w318044882
3,2,Хомутяновка,56,5.0424,5.0091,14.48,True,OK,улица Лермонтова,n2321855312
3,2,Хомутяновка,60,5.0009,4.9387,18.54,True,OK,улица Лермонтова,n2321855313
3,2,Хомутяновка,1,5.9312,5.4993,25.43,True,OK,улица Ломоносова,w528507074
3,2,Хомутяновка,2,5.6041,5.5707,24.43,True,OK,улица Ломоносова,w320438945
3,2,Хомутяновка,2А,5.8487,5.5818,4.69,True,OK,улица Ломоносова,n5653833599
3,2,Хомутяновка,4,5.6588,5.6254,16.72,True,OK,улица Ломоносова,w342101744
4,2,Хомутяновка,6,5.7813,5.6492,18.06,True,OK,улица Ломоносова,w342101746
4,2,Хомутяновка,8,5.7364,5.6941,17.05,True,OK,улица Ломоносова,w342101752
4,2,Хомутяновка,12,5.7488,5.6817,18.43,True,OK,улица Ломоносова,w352064499
4,2,Хомутяновка,12,6.0007,5.6668,10.04,True,OK,улица Ломоносова,w352263847
4,2,Хомутяновка,12a,5.7022,5.6688,20.39,True,OK,улица Ломоносова,w352064498
4,2,Хомутяновка,15,5.7819,5.6486,10.67,True,OK,улица Ломоносова,n2337889957
4,2,Хомутяновка,16,6.0057,5.6597,18.57,True,OK,улица Ломоносова,w352111433
3,2,Хомутяновка,17,5.5425,5.5092,29.2,True,OK,улица Ломоносова,n5640999867
4,2,Хомутяновка,18,5.9935,5.6741,19.48,True,OK,улица Ломоносова,w352111435
4,2,Хомутяновка,19,5.7327,5.6977,12.89,True,OK,улица Ломоносова,n2337889954
4,2,Хомутяновка,20,5.9574,5.7102,21.95,True,OK,улица Ломоносова,w352263846
4,2,Хомутяновка,21,5.9711,5.6965,15.92,True,OK,улица Ломоносова,w352263844
4,2,Хомутяновка,23,5.743,5.7096,16.22,True,OK,улица Ломоносова,w352263842
4,2,Хомутяновка,24,5.8093,5.7759,22.31,True,OK,улица Ломоносова,w352263834
4,2,Хомутяновка,25,5.9468,5.7208,11.63,True,OK,улица Ломоносова,w352263840
4,2,Хомутяновка,26,6.0537,5.7919,19.38,True,OK,улица Ломоносова,w352263832
4,2,Хомутяновка,27,5.9284,5.7392,14.55,True,OK,улица Ломоносова,w352263839
4,2,Хомутяновка,28,6.0344,5.8111,18.73,True,OK,улица Ломоносова,w352263808
4,2,Хомутяновка,29,5.7998,5.7664,20.44,True,OK,улица Ломоносова,w352263816
4,2,Хомутяновка,30,6.0175,5.8281,16.18,True,OK,улица Ломоносова,w352263806
4,2,Хомутяновка,31,6.0646,5.7809,15.45,True,OK,улица Ломоносова,w352263814
4,2,Хомутяновка,32,5.9093,5.8759,14.93,True,OK,улица Ломоносова,w352263818
4,2,Хомутяновка,33,5.826,5.7926,11.6,True,OK,улица Ломоносова,w352263813
4,2,Хомутяновка,35,6.0369,5.8087,22.1,True,OK,улица Ломоносова,w352263811
4,2,Хомутяновка,37,5.8551,5.8218,16.73,True,OK,улица Ломоносова,w352263809
4,2,Хомутяновка,41,5.8851,5.8518,12.03,True,OK,улица Ломоносова,w352263803
4,2,Хомутяновка,45,5.959,5.8865,16.75,True,OK,улица Ломоносова,w352263801
4,2,Хомутяновка,47,5.9393,5.9059,11.42,True,OK,улица Ломоносова,w352263798
3,2,Хомутяновка,3,,5.5352,5.53,True,OK,улица Матросова,w318085551
4,2,Хомутяновка,4,,5.5516,16.12,True,OK,улица Матросова,w209273621
3,2,Хомутяновка,5,,5.5342,15.37,True,OK,улица Матросова,w318085550
3,2,Хомутяновка,6,,5.5172,12.16,True,OK,улица Матросова,w318548555
3,2,Хомутяновка,7,5.5185,5.4851,17.97,True,OK,улица Матросова,w318085549
3,2,Хомутяновка,8,5.5334,5.5001,12.24,True,OK,улица Матросова,w318548551
3,2,Хомутяновка,9,,5.466,17.37,True,OK,улица Матросова,w318085546
3,2,Хомутяновка,10,,5.3941,10.15,True,OK,улица Матросова,w318120123
3,2,Хомутяновка,10,,5.4823,13.33,True,OK,улица Матросова,w318548549
3,2,Хомутяновка,11,5.4765,5.4431,14.99,True,OK,улица Матросова,w318085082
3,2,Хомутяновка,12,,5.4659,12.38,True,OK,улица Матросова,w318548545
3,2,Хомутяновка,13,5.5578,5.323,18.96,True,OK,улица Матросова,w315851335
3,2,Хомутяновка,14,,5.4491,13.22,True,OK,улица Матросова,w318548543
3,2,Хомутяновка,15,5.6039,5.2768,25.58,True,OK,улица Матросова,w315618171
3,2,Хомутяновка,16,5.4606,5.4273,12.81,True,OK,улица Матросова,w318120128
3,2,Хомутяновка,18,5.54,5.3407,18.88,True,OK,улица Матросова,w318084693
3,2,Хомутяновка,19,5.1537,5.1963,25.65,True,OK,улица Матросова,w315807199
3,2,Хомутяновка,20,5.3564,5.323,12.19,True,OK,улица Матросова,w318084702
3,2,Хомутяновка,21,5.324,5.1034,16.2,True,OK,улица Матросова,w315807212
3,2,Хомутяновка,22,5.3392,5.3059,12.08,True,OK,улица Матросова,w318084701
3,2,Хомутяновка,23,5.3411,5.0863,18.89,True,OK,улица Матросова,w315807210
3,2,Хомутяновка,25,5.36,5.0674,15.27,True,OK,улица Матросова,w315807208
3,2,Хомутяновка,26,5.5924,5.2884,13.74,True,OK,улица Матросова,w318084700
3,2,Хомутяновка,27,5.3772,5.0502,15.43,True,OK,улица Матросова,w315807203
3,2,Хомутяновка,28,5.6078,5.2729,14.91,True,OK,улица Матросова,w318084689
3,2,Хомутяновка,29,5.0675,5.0342,18.37,True,OK,улица Матросова,w315618173
3,2,Хомутяновка,30,5.6267,5.2541,16.06,True,OK,улица Матросова,w318084687
3,2,Хомутяновка,32,5.2697,5.2363,11.9,True,OK,улица Матросова,w318083480
3,2,Хомутяновка,34,5.2539,5.2205,12.31,True,OK,улица Матросова,w318083477
3,2,Хомутяновка,35,5.445,4.9824,19.61,True,OK,улица Матросова,w315425263
3,2,Хомутяновка,36,5.6787,5.2021,11.68,True,OK,улица Матросова,w318083474
3,2,Хомутяновка,38,5.2179,5.1846,10.82,True,OK,улица Матросова,w318083464
3,2,Хомутяновка,42,5.178,5.1447,16.06,True,OK,улица Матросова,w317149367
3,2,Хомутяновка,44,5.3036,5.1238,12.57,True,OK,улица Матросова,w317149374
3,2,Хомутяновка,46,5.1421,5.1087,14.46,True,OK,улица Матросова,w318044885
3,2,Хомутяновка,50,5.3536,5.0738,10.08,True,OK,улица Матросова,w318044886
3,2,Хомутяновка,52,5.3718,5.0556,10.16,True,OK,улица Матросова,w317149365
3,2,Хомутяновка,54,5.0745,5.0412,13.57,True,OK,улица Матросова,w315807202
3,2,Хомутяновка,4,5.6608,5.6274,20.72,True,OK,улица Осипенко,w317053543
4,2,Хомутяновка,5,5.5531,5.5343,37.1,True,OK,улица Осипенко,w318070641
3,2,Хомутяновка,6,5.6637,5.6138,17.98,True,OK,улица Осипенко,w317053539
3,2,Хомутяновка,7,5.5697,5.5805,22.83,True,OK,улица Осипенко,w318070639
3,2,Хомутяновка,8,5.6162,5.5828,23.76,True,OK,улица Осипенко,w317053540
3,2,Хомутяновка,10,5.7081,5.5694,16.57,True,OK,улица Осипенко,w317053541
3,2,Хомутяновка,12,5.5885,5.5552,17.18,True,OK,улица Осипенко,w317053535
3,2,Хомутяновка,13,5.6399,5.6376,22.64,True,OK,улица Осипенко,w318070629
3,2,Хомутяновка,14,5.5693,5.5308,28.99,True,OK,улица Осипенко,w318071320
3,2,Хомутяновка,15,5.654,5.6235,26.47,True,OK,улица Осипенко,w318070627
3,2,Хомутяновка,16,5.505,5.4716,16.94,True,OK,улица Осипенко,w317053520
3,2,Хомутяновка,17,5.6712,5.6063,26.84,True,OK,улица Осипенко,w318070626
3,2,Хомутяновка,18,5.4755,5.4421,16.04,True,OK,улица Осипенко,w317053511
3,2,Хомутяновка,19,5.6232,5.5898,24.27,True,OK,улица Осипенко,w317149192
3,2,Хомутяновка,20,5.6774,5.4256,19.01,True,OK,улица Осипенко,w317053502
3,2,Хомутяновка,21,5.6066,5.5732,23.55,True,OK,улица Осипенко,w317149188
3,2,Хомутяновка,23,5.5908,5.5207,34.48,True,OK,улица Осипенко,w317053546
3,2,Хомутяновка,24,5.5029,5.3024,19.06,True,OK,улица Осипенко,w315807221
3,2,Хомутяновка,26,5.5212,5.2841,18.85,True,OK,улица Осипенко,w315807220
3,2,Хомутяновка,28,5.5485,5.2569,24.75,True,OK,улица Осипенко,w315851325
3,2,Хомутяновка,30,5.2697,5.2364,22.12,True,OK,улица Осипенко,w315618172
3,2,Хомутяновка,31,5.6253,5.4778,24.17,True,OK,улица Осипенко,w316759468
3,2,Хомутяновка,33,5.6368,5.4663,39.87,True,OK,улица Осипенко,w316759289
3,2,Хомутяновка,35,5.4771,5.4438,22.93,True,OK,улица Осипенко,w316759220
3,2,Хомутяновка,37,5.6727,5.4304,26.03,True,OK,улица Осипенко,w316759217
3,2,Хомутяновка,39,5.4449,5.4115,22.9,True,OK,улица Осипенко,w316759073
3,2,Хомутяновка,45,5.3702,5.384,36.67,True,OK,улица Осипенко,w315807224
3,2,Хомутяновка,47,5.4862,5.3192,22.42,True,OK,улица Осипенко,w315807231
3,2,Хомутяновка,49,5.5021,5.3032,27.19,True,OK,улица Осипенко,w315851307
3,2,Хомутяновка,51,5.3185,5.2852,21.18,True,OK,улица Осипенко,w315851319
3,2,Хомутяновка,53,5.301,5.2676,22.91,True,OK,улица Осипенко,w315851320
3,2,Хомутяновка,55,5.5535,5.2519,25.87,True,OK,улица Осипенко,w315851322
3,2,Хомутяновка,57,5.5714,5.234,26.84,True,OK,улица Осипенко,w315851323
3,2,Хомутяновка,59,5.5885,5.184,32.88,True,OK,улица Осипенко,w315851310
3,2,Хомутяновка,2,4.5256,4.3892,8.54,True,OK,улица Островского,w303915691
3,2,Хомутяновка,5,4.3861,4.3528,15.18,True,OK,улица Островского,w304088423
3,2,Хомутяновка,7,4.5818,4.333,17.61,True,OK,улица Островского,w304088426
3,2,Хомутяновка,9,4.5978,4.317,11.1,True,OK,улица Островского,w304088427
3,2,Хомутяновка,10,4.332,4.2986,10.95,True,OK,улица Островского,w303915683
3,2,Хомутяновка,11,4.3252,4.2919,11.35,True,OK,улица Островского,w304088428
4,2,Хомутяновка,1,5.898,5.8732,12.82,True,OK,улица Павлика Морозова,w209273598
4,2,Хомутяновка,1,5.941,5.9161,13.98,True,OK,улица Павлика Морозова,w209273623
4,2,Хомутяновка,2,5.892,5.8671,12.33,True,OK,улица Павлика Морозова,w209273578
4,2,Хомутяновка,3,5.8764,5.8872,12.75,True,OK,улица Павлика Морозова,w209273609
4,2,Хомутяновка,4,,5.8868,13.73,True,OK,улица Павлика Морозова,w209273587
4,2,Хомутяновка,5,5.9008,5.8759,20.61,True,OK,улица Павлика Морозова,w209273573
4,2,Хомутяновка,6,,5.9547,11.38,True,OK,улица Павлика Морозова,w209273612
4,2,Хомутяновка,7,5.9087,5.9195,13.59,True,OK,улица Павлика Морозова,w209273576
4,2,Хомутяновка,8,6.0782,6.0641,47.6,True,OK,улица Павлика Морозова,w209273596
4,2,Хомутяновка,8,6.0683,6.077,90.4,True,OK,улица Павлика Морозова,w209273644
4,2,Борисовка,12,6.2394,6.2502,56.53,True,OK,улица Павлика Морозова,w442395879
4,2,Хомутяновка,13,,6.0488,27.54,True,OK,улица Павлика Морозова,w103992836
4,2,Борисовка,15,6.1386,6.1435,26.3,True,OK,улица Павлика Морозова,n5172818451
4,2,Борисовка,15,,6.0272,20.82,True,OK,улица Павлика Морозова,w222986041
4,2,Борисовка,17,6.0693,6.0801,14.29,True,OK,улица Павлика Морозова,w103992878
4,2,Борисовка,19,,6.0887,15.08,True,OK,улица Павлика Морозова,w103992837
4,2,Борисовка,1,4.6717,4.6825,19.33,True,OK,улица Панфилова,w209267149
4,2,Борисовка,1а,4.672,4.6828,20.62,True,OK,улица Панфилова,w209267181
4,2,Борисовка,4A,4.5858,4.5966,9.72,True,OK,улица Панфилова,w209267117
4,2,Борисовка,7,4.6913,4.6484,14.01,True,OK,улица Панфилова,n2334305069
4,2,Борисовка,9,4.7391,4.6005,10.73,True,OK,улица Панфилова,n2334305071
4,2,Борисовка,12,4.7771,4.6377,22.84,True,OK,улица Панфилова,w209267177
4,2,Борисовка,15,4.5963,4.6072,12.06,True,OK,улица Панфилова,w319226862
4,2,Борисовка,17,4.6473,4.6581,14.44,True,OK,улица Панфилова,w319226864
4,2,Борисовка,25,4.6736,4.6844,19.49,True,OK,улица Панфилова,w209267113
2,2,Борисовка,2,4.391,3.9444,16.0,True,OK,улица Петровского,w319615905
2,2,Борисовка,5,3.8698,3.8806,31.0,True,OK,улица Петровского,w165763752
2,2,Борисовка,7,4.3315,3.9892,46.44,True,OK,улица Петровского,w165763737
2,2,Борисовка,8,3.5202,3.6195,15.47,True,OK,улица Петровского,w116073003
2,2,Борисовка,8,3.6913,3.7021,20.33,True,OK,улица Петровского,w116073004
2,2,Борисовка,10,3.9401,3.5705,14.51,True,OK,улица Петровского,w116073002
2,2,Борисовка,17,3.4917,3.4984,23.11,True,OK,улица Петровского,n2325402378
2,2,Борисовка,19,4.587,3.5161,18.65,True,OK,улица Петровского,w319144175
2,2,Борисовка,21,3.5201,3.5309,17.75,True,OK,улица Петровского,w319144172
2,2,Борисовка,23,4.5585,3.5446,22.03,True,OK,улица Петровского,w319144169
2,2,Борисовка,24,4.2765,4.2873,14.68,True,OK,улица Петровского,w91848280
2,2,Борисовка,25,4.5453,3.5578,17.28,True,OK,улица Петровского,w319144165
2,2,Борисовка,26,4.3079,4.3187,30.97,True,OK,улица Петровского,w225209888
2,2,Борисовка,27,3.5588,3.5696,21.69,True,OK,улица Петровского,w319144163
2,2,Борисовка,29,3.574,3.5848,23.18,True,OK,улица Петровского,w319144160
2,2,Борисовка,31,4.5035,3.5996,22.61,True,OK,улица Петровского,w319144157
2,2,Борисовка,33,4.4772,3.6259,19.49,True,OK,улица Петровского,w319144154
2,2,Борисовка,35,3.6284,3.6392,23.0,True,OK,улица Петровского,w319144151
2,2,Борисовка,37,,3.656,17.79,True,OK,улица Петровского,w319144149
2,2,Борисовка,39,4.4341,3.669,19.46,True,OK,улица Петровского,w319144146
2,2,Борисовка,43,3.6932,3.704,18.83,True,OK,улица Петровского,w319142248
2,2,Борисовка,45,4.4337,4.2992,13.82,True,OK,улица Петровского,w91848269
2,2,Борисовка,47,4.4994,4.275,13.29,True,OK,улица Петровского,w91848291
2,2,Борисовка,49,4.2391,3.864,19.64,True,OK,улица Петровского,w319141461
2,2,Борисовка,51,3.8746,3.8854,22.28,True,OK,улица Петровского,w319141460
2,2,Борисовка,53,3.9587,3.9695,15.15,True,OK,улица Петровского,w319615906
2,2,Борисовка,61,4.0277,4.0385,18.3,True,OK,улица Петровского,w352148088
2,2,Борисовка,65,4.2531,4.0823,17.25,True,OK,улица Петровского,n2325729694
3,2,Хомутяновка,2,5.4826,5.445,14.71,True,OK,улица Ползунова,w317051450
3,2,Хомутяновка,4,5.499,5.4008,16.33,True,OK,улица Ползунова,w317051449
3,2,Хомутяновка,6,5.4189,5.3855,13.2,True,OK,улица Ползунова,w317051446
3,2,Хомутяновка,8,5.4034,5.37,16.43,True,OK,улица Ползунова,w317051440
3,2,Хомутяновка,9,5.5394,5.3603,13.75,True,OK,улица Ползунова,w209416029
3,2,Хомутяновка,10,5.5431,5.3567,17.68,True,OK,улица Ползунова,w317051437
3,2,Хомутяновка,11,5.554,5.3458,14.62,True,OK,улица Ползунова,w209416049
3,2,Хомутяновка,12,5.5582,5.3416,15.75,True,OK,улица Ползунова,w317051435
3,2,Хомутяновка,13,5.3653,5.3319,14.43,True,OK,улица Ползунова,w209416063
3,2,Хомутяновка,14,5.3612,5.3278,13.35,True,OK,улица Ползунова,w317051433
3,2,Хомутяновка,15,5.583,5.3168,16.37,True,OK,улица Ползунова,w209416092
3,2,Хомутяновка,16,5.3491,5.3157,12.32,True,OK,улица Ползунова,w317051431
3,2,Хомутяновка,21,5.2976,5.2642,14.88,True,OK,улица Ползунова,w315851326
3,2,Хомутяновка,22,5.3488,5.2587,15.23,True,OK,улица Ползунова,w316645117
3,2,Хомутяновка,23,5.3592,5.2484,15.39,True,OK,улица Ползунова,w209416082
3,2,Хомутяновка,24,5.2764,5.243,20.96,True,OK,улица Ползунова,w316645115
3,2,Хомутяновка,25,5.3731,5.2345,15.28,True,OK,улица Ползунова,w209416028
3,2,Хомутяновка,26,5.2627,5.2293,14.07,True,OK,улица Ползунова,w316645114
3,2,Хомутяновка,27,5.388,5.2196,15.48,True,OK,улица Ползунова,w209416084
3,2,Хомутяновка,28,5.2474,5.214,14.63,True,OK,улица Ползунова,w316645110
3,2,Хомутяновка,29,5.4033,5.2043,14.92,True,OK,улица Ползунова,w209416042
3,2,Хомутяновка,30,5.2329,5.1995,13.67,True,OK,улица Ползунова,w316031270
3,2,Хомутяновка,31,5.4154,5.1922,16.02,True,OK,улица Ползунова,w209416038
3,2,Хомутяновка,32,5.4237,5.1839,15.0,True,OK,улица Ползунова,w316031267
3,2,Хомутяновка,33,5.4317,5.1759,15.77,True,OK,улица Ползунова,w209416078
3,2,Хомутяновка,34,5.4382,5.1694,14.04,True,OK,улица Ползунова,w316031266
3,2,Хомутяновка,36,5.1868,5.1501,17.63,True,OK,улица Ползунова,w316031264
3,2,Хомутяновка,38,5.1968,5.1564,18.78,True,OK,улица Ползунова,w315618146
3,2,Хомутяновка,39,5.1444,5.111,15.41,True,OK,улица Ползунова,w209287675
3,2,Хомутяновка,40,5.2244,5.0895,16.8,True,OK,улица Ползунова,w315618137
3,2,Хомутяновка,41,5.2319,5.082,17.25,True,OK,улица Ползунова,w209287666
3,2,Хомутяновка,42,5.2391,5.0748,14.06,True,OK,улица Ползунова,w315425217
3,2,Хомутяновка,43,5.2442,5.0697,20.14,True,OK,улица Ползунова,w209287689
3,2,Хомутяновка,44,5.2554,5.0585,14.36,True,OK,улица Ползунова,w315425216
3,2,Хомутяновка,45,5.2639,5.05,15.59,True,OK,улица Ползунова,w209287698
3,2,Хомутяновка,46,5.0784,5.045,13.74,True,OK,улица Ползунова,w315425215
3,2,Хомутяновка,47,5.0681,5.0347,14.98,True,OK,улица Ползунова,w209287642
3,2,Хомутяновка,48,5.0647,5.0313,15.71,True,OK,улица Ползунова,w315425213
3,2,Хомутяновка,49,5.2931,5.0208,14.84,True,OK,улица Ползунова,w209287665
3,2,Хомутяновка,50,5.2975,5.0164,15.56,True,OK,улица Ползунова,w315425211
3,2,Хомутяновка,51,5.0389,5.0055,14.23,True,OK,улица Ползунова,w209287687
3,2,Хомутяновка,52,5.0353,5.0019,14.64,True,OK,улица Ползунова,w315425210
3,2,Хомутяновка,53,5.0253,4.992,14.84,True,OK,улица Ползунова,w209287654
3,2,Хомутяновка,54,5.326,4.988,14.79,True,OK,улица Ползунова,w315425209
3,2,Хомутяновка,55,5.0124,4.9791,14.39,True,OK,улица Ползунова,w209287656
3,2,Хомутяновка,56,5.0062,4.9729,17.21,True,OK,улица Ползунова,w315425208
3,2,Хомутяновка,59,4.9951,4.9394,14.47,True,OK,улица Ползунова,w209416055
3,2,Хомутяновка,61,5.0109,4.9205,14.84,True,OK,улица Ползунова,w209416076
3,2,Хомутяновка,62,5.0131,4.9184,15.45,True,OK,улица Ползунова,w315193168
3,2,Хомутяновка,63,5.0244,4.907,15.5,True,OK,улица Ползунова,w209416019
3,2,Хомутяновка,64,4.9368,4.9035,15.23,True,OK,улица Ползунова,w315193162
3,2,Хомутяновка,65,4.9265,4.8931,15.4,True,OK,улица Ползунова,w209416024
3,2,Хомутяновка,66,4.9229,4.8896,15.33,True,OK,улица Ползунова,w315193161
3,2,Хомутяновка,68,5.0613,4.8702,36.72,True,OK,улица Ползунова,w315193151
3,2,Хомутяновка,69,5.0685,4.863,15.07,True,OK,улица Ползунова,w209416053
3,2,Хомутяновка,70,5.0747,4.8568,18.4,True,OK,улица Ползунова,w315193136
3,2,Хомутяновка,71,5.082,4.8495,24.56,True,OK,улица Ползунова,w209416037
3,2,Хомутяновка,72,4.878,4.8447,17.28,True,OK,улица Ползунова,w315193137
3,2,Хомутяновка,73,4.8675,4.8342,15.18,True,OK,улица Ползунова,w209416054
3,2,Хомутяновка,74,4.864,4.8306,15.55,True,OK,улица Ползунова,w315425271
3,2,Хомутяновка,75,4.8562,4.8229,17.81,True,OK,улица Ползунова,w209416073
3,2,Хомутяновка,76,4.8456,4.8123,24.0,True,OK,улица Ползунова,w315108395
3,2,Хомутяновка,86,5.1464,4.9414,26.56,True,OK,улица Ползунова,w209287651
3,2,Хомутяновка,88,5.1608,4.927,23.15,True,OK,улица Ползунова,w209287673
4,2,Хомутяновка,2,5.7346,5.7013,25.97,True,OK,улица Полоза,w352111747
3,2,Хомутяновка,2а,5.7151,5.6817,9.01,True,OK,улица Полоза,w352111750
4,2,Хомутяновка,3,5.7549,5.7216,12.0,True,OK,улица Полоза,w352265854
4,2,Хомутяновка,4,,5.8053,18.29,True,OK,улица Полоза,w91850337
4,2,Хомутяновка,5,5.7705,5.7372,11.6,True,OK,улица Полоза,w352265855
4,2,Хомутяновка,6,,5.8288,15.5,True,OK,улица Полоза,w91850345
4,2,Хомутяновка,8,,5.8866,12.67,True,OK,улица Полоза,w209287637
4,2,Хомутяновка,9,6.1011,5.7783,10.71,True,OK,улица Полоза,w352263829
4,2,Хомутяновка,10,,6.364,58.26,True,OK,улица Полоза,w209273564
4,2,Хомутяновка,10,,5.9338,13.52,True,OK,улица Полоза,w209287659
4,2,Хомутяновка,11,5.8269,5.7936,11.28,True,OK,улица Полоза,w352263828
4,2,Хомутяновка,12,,5.9748,12.43,True,OK,улица Полоза,w209287667
4,2,Хомутяновка,13,5.8414,5.8081,11.42,True,OK,улица Полоза,w352263824
4,2,Хомутяновка,14,5.846,5.8126,12.11,True,OK,улица Полоза,w209287681
4,2,Хомутяновка,15,5.8597,5.8263,13.72,True,OK,улица Полоза,w352263822
4,2,Хомутяновка,16,5.9214,5.8881,13.43,True,OK,улица Полоза,w209287660
4,2,Хомутяновка,18,,5.8552,18.52,True,OK,улица Полоза,w209287693
4,2,Хомутяновка,20,5.9312,5.8979,14.0,True,OK,улица Полоза,w209287671
3,2,Хомутяновка,2,5.0603,5.027,13.45,True,OK,улица Сергея Ревенялэ,w209654391
3,2,Хомутяновка,2,5.0234,4.9901,13.21,True,OK,улица Сергея Ревенялэ,w209654392
3,2,Хомутяновка,2а/1,,4.884,18.11,True,OK,улица Сергея Ревенялэ,w299629715
3,2,Хомутяновка,3,5.1968,4.9554,17.52,True,OK,улица Сергея Ревенялэ,w302074741
3,2,Хомутяновка,5,4.9632,4.9298,16.39,True,OK,улица Сергея Ревенялэ,w302074740
3,2,Хомутяновка,"6 кв. 3,4",5.105,5.0477,34.65,True,OK,улица Сергея Ревенялэ,n4835050372
3,2,Хомутяновка,7,5.1151,4.8866,18.94,True,OK,улица Сергея Ревенялэ,w302074738
3,2,Хомутяновка,8 кв. 1,5.1344,5.108,15.79,True,OK,улица Сергея Ревенялэ,n4835050371
3,2,Хомутяновка,9,5.1468,4.8549,19.05,True,OK,улица Сергея Ревенялэ,w302074736
3,2,Хомутяновка,11,5.1684,4.8334,16.18,True,OK,улица Сергея Ревенялэ,w302074735
3,2,Хомутяновка,13,5.2032,4.7985,17.09,True,OK,улица Сергея Ревенялэ,w302074727
3,2,Хомутяновка,1,5.6448,5.5311,9.24,True,OK,улица Спартака,w317053527
3,2,Хомутяновка,3,5.618,5.5579,9.87,True,OK,улица Спартака,w317053524
3,2,Хомутяновка,4,5.6176,5.5582,15.84,True,OK,улица Спартака,w317053529
3,2,Хомутяновка,5,5.6104,5.5654,8.4,True,OK,улица Спартака,w317053522
3,2,Хомутяновка,6,5.608,5.5678,14.68,True,OK,улица Спартака,w317053532
3,2,Хомутяновка,8,5.6254,5.5505,14.4,True,OK,улица Спартака,w317053530
3,2,Хомутяновка,17,5.3362,5.2714,10.5,True,OK,улица Спартака,w315807407
3,2,Хомутяновка,17,5.3978,5.3644,12.45,True,OK,улица Спартака,w316172927
3,2,Хомутяновка,18,5.5042,5.298,11.09,True,OK,улица Спартака,w316645123
3,2,Хомутяновка,19,5.3031,5.2697,13.71,True,OK,улица Спартака,w315851328
3,2,Хомутяновка,19,5.4012,5.3678,9.75,True,OK,улица Спартака,w316645122
3,2,Хомутяновка,20,5.3349,5.3015,10.03,True,OK,улица Спартака,w316645118
3,2,Хомутяновка,25,5.5646,5.5313,11.72,True,OK,улица Спартака,w317053545
3,2,Хомутяновка,27,5.5668,5.5335,8.97,True,OK,улица Спартака,w316785297
3,2,Хомутяновка,28,5.4372,5.4038,12.56,True,OK,улица Спартака,w317051454
3,2,Хомутяновка,28,5.5301,5.4967,17.98,True,OK,улица Спартака,w317149184
3,2,Хомутяновка,29,5.5749,5.5282,26.71,True,OK,улица Спартака,w316785300
3,2,Хомутяновка,30,5.5697,5.4067,11.83,True,OK,улица Спартака,w316785289
3,2,Хомутяновка,30,5.5141,5.4807,10.55,True,OK,улица Спартака,w316785295
3,2,Хомутяновка,31,5.4877,5.4543,10.6,True,OK,улица Спартака,w317051455
3,2,Хомутяновка,33,5.5232,5.4532,8.18,True,OK,улица Спартака,w316785292
3,2,Хомутяновка,54,5.2612,5.2278,22.43,True,OK,улица Спартака,w209416027
3,2,Хомутяновка,56,5.2417,5.2084,17.57,True,OK,улица Спартака,w209416068
3,2,Хомутяновка,58,5.398,5.2096,14.17,True,OK,улица Спартака,w209416065
3,2,Хомутяновка,60,5.4532,5.1543,19.64,True,OK,улица Спартака,w209416030
3,2,Хомутяновка,62,5.176,5.1426,22.32,True,OK,улица Спартака,w315851327
3,2,Хомутяновка,64,5.4821,5.1254,19.92,True,OK,улица Спартака,w209416039
3,2,Хомутяновка,66,5.4968,5.1107,21.73,True,OK,улица Спартака,w209416041
3,2,Хомутяновка,2,4.8564,4.7955,28.49,True,OK,улица Старого,w302074728
3,2,Хомутяновка,2а,4.8009,4.7675,23.31,True,OK,улица Старого,w209654292
3,2,Хомутяновка,2а,,4.8471,19.54,True,OK,улица Старого,w302074726
3,2,Хомутяновка,2а,4.8466,4.8132,23.28,True,OK,улица Старого,w315193177
3,2,Хомутяновка,3,4.863,4.7889,32.12,True,OK,улица Старого,w301982100
3,2,Хомутяновка,4,4.7706,4.6294,25.49,True,OK,улица Старого,w315618360
3,2,Хомутяновка,6,4.6767,4.6434,23.88,True,OK,улица Старого,w315618358
3,2,Хомутяновка,8,4.6909,4.6576,23.35,True,OK,улица Старого,w315618357
3,2,Хомутяновка,9,4.729,4.6709,12.11,True,OK,улица Старого,w209287632
3,2,Хомутяновка,10,4.7331,4.671,23.04,True,OK,улица Старого,w315618356
3,2,Хомутяновка,11,4.6547,4.6213,13.99,True,OK,улица Старого,w209287679
3,2,Хомутяновка,12,4.7169,4.6839,25.09,True,OK,улица Старого,w315618354
3,2,Хомутяновка,13,4.8312,4.7979,12.51,True,OK,улица Старого,w209287650
3,2,Хомутяновка,14,4.7266,4.6932,22.75,True,OK,улица Старого,w315193207
3,2,Хомутяновка,16,4.8933,4.7073,22.4,True,OK,улица Старого,w315108398
3,2,Хомутяновка,18,4.7541,4.7207,22.24,True,OK,улица Старого,w315108397
3,2,Хомутяновка,19,4.9085,4.8774,16.44,True,OK,улица Старого,w302074722
3,2,Хомутяновка,20,4.7675,4.7341,22.09,True,OK,улица Старого,w297019343
3,2,Хомутяновка,21,4.937,4.9037,11.91,True,OK,улица Старого,w209287631
3,2,Хомутяновка,21/1,4.6672,4.6339,26.21,True,OK,улица Старого,w209654357
3,2,Хомутяновка,23,4.802,4.6047,22.2,True,OK,улица Старого,w302066909
3,2,Хомутяновка,25,4.5747,4.617,43.06,True,OK,улица Старого,w302066911
3,2,Хомутяновка,27,,4.8066,27.9,True,OK,улица Старого,w302074721
3,2,Хомутяновка,39,4.9839,4.9505,17.4,True,OK,улица Старого,w318120129
3,2,Хомутяновка,40,5.0265,4.9932,10.41,True,OK,улица Старого,n2321951516
3,2,Хомутяновка,126,4.656,4.6226,23.36,True,OK,улица Старого,w315618362
3,2,Хомутяновка,128,4.6399,4.6047,24.41,True,OK,улица Старого,w315618361
3,2,Хомутяновка,130Б,4.8161,4.5555,22.36,True,OK,улица Старого,w319366983
3,2,Хомутяновка,130а,4.6889,4.6272,25.5,True,OK,улица Старого,w209287624
2,1,Борисовка,2а,4.1829,4.1924,13.46,True,OK,улица Титова,n2325366576
2,2,Борисовка,3,4.3535,4.3643,17.34,True,OK,улица Титова,w319620037
2,1,Борисовка,4,4.1197,4.1305,21.83,True,OK,улица Титова,w319139368
2,1,Борисовка,6,4.0918,4.1026,16.7,True,OK,улица Титова,w319139367
2,2,Борисовка,7,4.4503,4.3272,6.39,True,OK,улица Титова,n2325729699
2,2,Борисовка,9,4.3253,4.3022,5.1,True,OK,улица Титова,n2325729697
2,2,Борисовка,10/2,3.7756,3.735,14.59,True,OK,улица Титова,w303917471
2,2,Борисовка,10а,,4.1972,16.09,True,OK,улица Титова,w96821686
2,1,Борисовка,12,4.0048,4.0156,11.04,True,OK,улица Титова,w319139364
2,1,Борисовка,14,3.9523,3.9631,16.72,True,OK,улица Титова,w319139360
2,1,Борисовка,16,3.9329,3.9437,15.21,True,OK,улица Титова,w319139359
2,1,Борисовка,18,3.9155,3.9262,18.91,True,OK,улица Титова,w319135682
2,1,Борисовка,20,3.8847,3.8955,30.15,True,OK,улица Титова,w319135681
2,1,Борисовка,24,3.8216,3.8324,32.44,True,OK,улица Титова,w318701775
2,1,Борисовка,26,3.8123,3.8231,21.07,True,OK,улица Титова,w318701776
2,1,Борисовка,30,3.7791,3.7899,14.75,True,OK,улица Титова,w318701779
2,1,Борисовка,32,3.7621,3.7728,12.98,True,OK,улица Титова,w318701793
2,1,Борисовка,34,3.7513,3.7621,14.94,True,OK,улица Титова,w318701796
2,1,Борисовка,36,3.7309,3.7417,28.65,True,OK,улица Титова,w318701800
2,1,Борисовка,37,4.0344,4.0452,17.2,True,OK,улица Титова,w319141437
2,1,Борисовка,38,3.7094,3.7202,17.61,True,OK,улица Титова,w318701809
2,1,Борисовка,39,4.0082,4.019,14.23,True,OK,улица Титова,w319141439
2,1,Борисовка,40,3.6917,3.7025,19.62,True,OK,улица Титова,w318701810
2,1,Борисовка,41,3.9846,3.9954,26.09,True,OK,улица Титова,w319141442
2,1,Борисовка,42,3.6798,3.6906,17.56,True,OK,улица Титова,w318701858
2,1,Борисовка,43,3.9702,3.981,15.91,True,OK,улица Титова,w319141443
2,1,Борисовка,44,3.6614,3.6722,14.16,True,OK,улица Титова,w532689733
2,1,Борисовка,46,3.6261,3.6369,15.57,True,OK,улица Титова,w318701865
2,1,Борисовка,47,3.9196,3.9304,20.72,True,OK,улица Титова,w319141423
2,1,Борисовка,48,3.5995,3.6103,19.46,True,OK,улица Титова,w318702077
2,1,Борисовка,49,3.8993,3.9101,14.36,True,OK,улица Титова,w319141424
2,1,Борисовка,50,3.5838,3.5946,15.73,True,OK,улица Титова,w318702079
2,1,Борисовка,51,3.8781,3.8889,20.14,True,OK,улица Титова,w319141427
2,1,Борисовка,52,3.568,3.5788,21.19,True,OK,улица Титова,w319144185
2,1,Борисовка,53,3.6147,3.6255,39.56,True,OK,улица Титова,w318701866
2,1,Борисовка,54,3.5515,3.5623,17.84,True,OK,улица Титова,w319144188
2,1,Борисовка,55,3.841,3.8518,20.98,True,OK,улица Титова,w319141431
2,1,Борисовка,56,3.5389,3.5497,16.01,True,OK,улица Титова,w319144191
2,1,Борисовка,57,3.8155,3.8262,40.29,True,OK,улица Титова,w319141455
2,1,Борисовка,58,3.522,3.5328,17.44,True,OK,улица Титова,w319144217
2,1,Борисовка,59,3.7626,3.7734,18.32,True,OK,улица Титова,w319142246
2,1,Борисовка,60,3.5062,3.517,13.71,True,OK,улица Титова,w319144220
2,1,Борисовка,61,3.7436,3.7543,17.94,True,OK,улица Титова,w319144136
2,1,Борисовка,62,3.5027,3.5122,12.27,True,OK,улица Титова,n4515161591
2,2,Борисовка,62,4.4036,3.5127,15.28,True,OK,улица Титова,w532689729
2,1,Борисовка,67,3.69,3.7008,16.32,True,OK,улица Титова,w319144143
2,1,Борисовка,73,3.6433,3.6541,15.82,True,OK,улица Титова,w319144200
2,1,Борисовка,73,3.6253,3.6361,18.43,True,OK,улица Титова,w319144203
2,2,Борисовка,112,4.2951,4.3059,7.72,True,OK,улица Титова,n2325366574
2,2,Борисовка,114,4.696,4.2826,7.01,True,OK,улица Титова,n2325366575
2,2,Борисовка,118,4.3486,4.2825,35.98,True,OK,улица Титова,w319523921
2,2,Борисовка,120,4.3395,4.3004,36.32,True,OK,улица Титова,w319523923
2,2,Борисовка,122,4.3575,4.3683,6.07,True,OK,улица Титова,n2325729632
2,2,Борисовка,124,4.5858,4.3928,29.72,True,OK,улица Титова,w319523925
2,2,Борисовка,126,4.3685,4.3793,27.55,True,OK,улица Титова,w319620040
3,2,Борисовка,128,4.4517,4.3954,26.02,True,OK,улица Титова,w319620039
2,2,Борисовка,130,4.5523,4.4263,15.05,True,OK,улица Титова,w319620043
3,2,Хомутяновка,3,5.6705,5.6388,15.52,True,OK,улица Толстого,w224621713
3,2,Хомутяновка,5,5.6137,5.5804,14.33,True,OK,улица Толстого,w317053537
3,2,Хомутяновка,7,5.7839,5.5615,32.02,True,OK,улица Толстого,w317053531
3,2,Хомутяновка,8,5.7903,5.5645,16.84,True,OK,улица Толстого,w318085557
3,2,Хомутяновка,10,5.5847,5.5513,15.58,True,OK,улица Толстого,w318085558
3,2,Хомутяновка,11,5.5322,5.4989,18.17,True,OK,улица Толстого,w317053518
3,2,Хомутяновка,12,5.5711,5.5377,10.69,True,OK,улица Толстого,w318085555
3,2,Хомутяновка,13,5.6917,5.4842,16.81,True,OK,улица Толстого,w317053517
3,2,Хомутяновка,14,5.656,5.5199,16.86,True,OK,улица Толстого,w318085552
3,2,Хомутяновка,15,5.7051,5.4708,17.73,True,OK,улица Толстого,w317053514
3,2,Хомутяновка,16,5.6723,5.5035,14.95,True,OK,улица Толстого,w318085548
3,2,Хомутяновка,17,5.7203,5.4556,17.46,True,OK,улица Толстого,w317053513
3,2,Хомутяновка,18,5.5196,5.4862,12.72,True,OK,улица Толстого,w318085547
3,2,Хомутяновка,19,5.7333,5.4426,19.14,True,OK,улица Толстого,w317053508
3,2,Хомутяновка,20,5.4928,5.4594,10.88,True,OK,улица Толстого,w318085081
3,2,Хомутяновка,21,5.7585,5.4174,11.42,True,OK,улица Толстого,n2321833111
3,2,Хомутяновка,21,5.4668,5.4215,41.12,True,OK,улица Толстого,w317053507
3,2,Хомутяновка,1,4.7271,4.6937,1.83,True,OK,улица Тургенева,n2321994003
3,2,Хомутяновка,3,4.932,4.6571,12.88,True,OK,улица Тургенева,w301982096
3,2,Хомутяновка,4,4.5565,4.5231,11.56,True,OK,улица Тургенева,w161058107
3,2,Хомутяновка,4,4.5548,4.4181,9.94,True,OK,улица Тургенева,w303915690
3,2,Хомутяновка,7,4.9903,4.5988,20.97,True,OK,улица Тургенева,w301982090
3,2,Хомутяновка,9,4.654,4.5632,23.06,True,OK,улица Тургенева,w301982089
3,2,Хомутяновка,13,4.7386,4.4785,12.62,True,OK,улица Тургенева,w303915693
3,2,Хомутяновка,15,4.5249,4.4654,16.59,True,OK,улица Тургенева,w303915696
3,2,Хомутяновка,17,4.4828,4.4495,14.77,True,OK,улица Тургенева,w303915697
3,2,Хомутяновка,2а/1,,4.8546,11.05,True,OK,улица Халтурина,w299629712
3,2,Хомутяновка,6,5.0196,4.9822,14.69,True,OK,улица Халтурина,w184989535
3,2,Хомутяновка,19,4.8325,4.7991,29.38,True,OK,улица Халтурина,w209287700
3,2,Хомутяновка,106,5.1464,4.7851,23.08,True,OK,улица Халтурина,w209416061
3,2,Хомутяновка,108,5.1607,4.7708,23.65,True,OK,улица Халтурина,w209416080
3,2,Хомутяновка,110,5.2406,4.755,21.66,True,OK,улица Халтурина,w209416062
3,2,Хомутяновка,112,4.7745,4.7412,21.69,True,OK,улица Халтурина,w209416081
3,2,Хомутяновка,114,4.761,4.7277,20.97,True,OK,улица Халтурина,w209416025
3,2,Хомутяновка,1,4.9398,4.8726,16.13,True,OK,улица Чайковского,w209287626
3,2,Хомутяновка,2,5.0565,4.8887,23.95,True,OK,улица Чайковского,w318120131
3,2,Хомутяновка,3,4.9135,4.793,12.69,True,OK,улица Чайковского,w209287677
3,2,Хомутяновка,4,5.0888,4.8564,19.62,True,OK,улица Чайковского,w318120134
3,2,Хомутяновка,6,5.1057,4.8395,18.98,True,OK,улица Чайковского,w318120136
3,2,Хомутяновка,8,4.8624,4.8291,16.77,True,OK,улица Чайковского,w318120137
3,2,Хомутяновка,12,4.9624,4.7487,20.97,True,OK,улица Чайковского,w319366987
3,2,Хомутяновка,14,4.9952,4.7159,13.02,True,OK,улица Чайковского,w319367001
3,2,Хомутяновка,26,4.3053,4.272,8.7,True,OK,улица Чернышевского,n2337992799
3,2,Хомутяновка,1,4.6998,4.6141,10.57,True,OK,улица Чехова,n4997937710
3,2,Хомутяновка,1,4.6836,4.57,13.49,True,OK,улица Чехова,w209287678
3,2,Хомутяновка,2,4.6579,4.6245,13.36,True,OK,улица Чехова,w209287628
3,2,Хомутяновка,3,4.8898,4.7578,16.94,True,OK,улица Чехова,w209287648
3,2,Хомутяновка,4,4.9294,4.7491,12.48,True,OK,улица Чехова,w209287690
3,2,Хомутяновка,8,,4.7954,16.84,True,OK,улица Чехова,w209287649
3,2,Хомутяновка,10,4.9673,4.8452,13.81,True,OK,улица Чехова,w209287629
3,2,Хомутяновка,10,4.9848,4.8273,13.95,True,OK,улица Чехова,w319366988
3,2,Хомутяновка,14а,,4.7035,13.63,True,OK,улица Чехова,w209287657
3,2,Хомутяновка,27,4.5534,4.5275,24.21,True,OK,улица Чехова,w302066907
3,2,Хомутяновка,29,4.5358,4.51,21.43,True,OK,улица Чехова,w302066906
3,2,Хомутяновка,30,4.9453,4.8667,6.3,True,OK,улица Чехова,n2321951523
3,2,Хомутяновка,31,4.6601,4.4936,20.92,True,OK,улица Чехова,w302066905
3,2,Хомутяновка,130,4.6899,4.6565,14.65,True,OK,улица Чехова,w209287630
3,2,Хомутяновка,132,4.5413,4.511,12.42,True,OK,улица Чехова,w209287661
4,2,Северный,11,7.5621,7.5729,17.05,True,OK,Strada Dimitrie Cantemir,w407342975
4,2,Северный,31/2,7.1978,7.1296,17.72,True,OK,Strada Tighina,w407326357
4,2,Северный,31/3,7.066,7.074,29.17,True,OK,Strada Tighina,w407342982
4,2,Северный,31/4,7.0537,7.0645,20.24,True,OK,Strada Tighina,w407326369
4,2,Северный,31/5,7.0589,7.0695,26.77,True,OK,Strada Tighina,w407342969
4,2,Северный,31/6,7.1399,7.0497,39.99,True,OK,Strada Tighina,w407342966
4,2,Северный,31/7,6.9205,6.9227,27.17,True,OK,Strada Tighina,w407342964
4,2,Гиска,8,7.3448,6.1816,9.46,True,OK,Госпитальная улица,n2321749482
4,2,Гиска,10а,6.1511,6.1178,8.25,True,OK,Госпитальная улица,n2321749483
4,2,Гиска,12,6.0037,5.9703,11.87,True,OK,Госпитальная улица,n2321749484
4,2,Гиска,12 В,6.0744,6.041,20.79,True,OK,Госпитальная улица,n4905411576
4,2,Гиска,14а,6.2494,5.9686,18.77,True,OK,Госпитальная улица,n2321749486
4,2,Гиска,16,6.4059,6.0193,21.4,True,OK,Госпитальная улица,n2321749485
4,2,Гиска,20,6.1572,6.1238,12.43,True,OK,Госпитальная улица,n2321749474
4,2,Гиска,24,6.0356,5.888,21.46,True,OK,Госпитальная улица,n2321749465
4,2,Гиска,31,5.9179,5.8846,10.82,True,OK,Госпитальная улица,n2321749466
4,2,Гиска,35,,6.2808,15.43,True,OK,Госпитальная улица,n2321749478
4,2,Гиска,37,6.1919,6.1659,11.45,True,OK,Госпитальная улица,n2321749479
4,2,Гиска,39,6.3023,6.2689,17.46,True,OK,Госпитальная улица,n2321749477
4,2,Гиска,45,6.228,6.1762,30.0,True,OK,Госпитальная улица,n2321749476
4,2,Гиска,47,6.3335,6.0916,28.99,True,OK,Госпитальная улица,n2321749475
4,2,Гиска,52,6.6494,5.7757,8.46,True,OK,Госпитальная улица,n2321749472
4,2,Гиска,53,6.2804,5.9376,21.58,True,OK,Госпитальная улица,n2321749447
4,2,Гиска,54,6.2257,5.7074,14.2,True,OK,Госпитальная улица,n2321749473
4,2,Гиска,55,6.2875,5.929,31.82,True,OK,Госпитальная улица,n2321749445
4,2,Гиска,56,5.8132,5.7799,11.88,True,OK,Госпитальная улица,n2321749469
4,2,Гиска,63,6.1124,6.0791,11.28,True,OK,Госпитальная улица,n4905411564
4,2,Гиска,78,5.9984,5.9347,8.62,True,OK,Госпитальная улица,n2321749467
4,2,Гиска,87,,5.7751,13.19,True,OK,Госпитальная улица,n2321749471
4,2,Гиска,89,6.1533,5.7799,35.3,True,OK,Госпитальная улица,n2321749470
4,2,Гиска,105,5.9814,5.9481,21.21,True,OK,Госпитальная улица,n2321749468
4,2,Гиска,13,7.0809,6.8563,19.36,True,OK,Заречная улица,n4991183336
4,2,Гиска,1,5.4112,5.3778,7.89,True,OK,Молодёжная улица,n2321749419
4,2,Гиска,2,5.4089,5.3756,29.62,True,OK,Молодёжная улица,n2321749421
4,2,Гиска,19,5.4844,5.451,12.61,True,OK,Молодёжная улица,n2321749420
4,2,Гиска,21,5.4771,5.4438,13.42,True,OK,Молодёжная улица,n2321749422
4,2,Гиска,48,5.8762,5.5937,1.96,True,OK,Молодёжная улица,n2321749424
4,2,Гиска,51,5.7995,5.6705,18.17,True,OK,Молодёжная улица,w406639375
4,2,Гиска,61,5.3327,5.2994,40.35,True,OK,Молодёжная улица,n2321749432
4,2,Гиска,6,7.9656,7.9323,3.07,True,OK,Октябрьская улица,n2341956702
4,2,Гиска,8,8.029,7.9956,0.08,True,OK,Октябрьская улица,n2341956704
4,2,Гиска,16,8.1477,8.1144,14.99,True,OK,Октябрьская улица,n2341956705
4,2,Гиска,22,8.4969,8.0923,6.54,True,OK,Октябрьская улица,n2341956706
4,2,Гиска,23,8.3663,8.2251,13.14,True,OK,Октябрьская улица,n2341956726
4,2,Гиска,32,8.3798,8.2108,8.06,True,OK,Октябрьская улица,n2341956725
4,2,Гиска,20,8.2733,8.0309,18.9,True,OK,Октябрьский переулок,n2341956707
4,2,Гиска,249,8.0226,7.9892,7.72,True,OK,Октябрьский переулок,n2341956708
3,2,Гиска,4,4.2114,4.178,17.87,True,OK,Первомайская улица,w222864363
3,2,Гиска,6,4.4388,4.3949,45.49,True,OK,Первомайская улица,w222871672
3,2,Гиска,29,4.5154,4.482,20.22,True,OK,Первомайская улица,w410936927
3,2,Гиска,31,4.5359,4.5026,22.72,True,OK,Первомайская улица,w410936926
3,2,Гиска,33,4.5764,4.543,22.12,True,OK,Первомайская улица,w1011535183
3,2,Гиска,35,4.6008,4.5675,21.55,True,OK,Первомайская улица,w1011535184
3,2,Гиска,9,4.8802,4.5719,13.07,True,OK,Приднестровская улица,n5627150211
4,2,Гиска,1,8.8957,8.8624,21.96,True,OK,Садовая улица,n2341956738
4,2,Гиска,5,,8.3588,22.12,True,OK,Садовая улица,n2341956729
4,2,Гиска,11,8.2609,8.2131,27.62,True,OK,Садовая улица,n2341956776
4,2,Гиска,13,8.2443,8.211,26.38,True,OK,Садовая улица,n2341956778
4,2,Гиска,14,,8.9796,11.93,True,OK,Садовая улица,n2341956742
4,2,Гиска,17,8.3729,8.3323,24.74,True,OK,Садовая улица,n2341956779
4,2,Гиска,22,,8.9082,0.38,True,OK,Садовая улица,n2341956741
4,2,Гиска,24,,8.8679,0.15,True,OK,Садовая улица,n2341956740
4,2,Гиска,26,,8.8237,2.07,True,OK,Садовая улица,n2341956733
4,2,Гиска,30,8.9078,8.8786,9.35,True,OK,Садовая улица,n2341956734
4,2,Гиска,33,,8.2158,22.76,True,OK,Садовая улица,n2341956777
4,2,Гиска,291,,8.7636,6.96,True,OK,Садовая улица,n2341956724
3,2,Гиска,1,4.0671,4.0337,10.85,True,OK,Студенческая улица,w255717187
3,2,Гиска,3,4.0238,3.9904,23.1,True,OK,Студенческая улица,w222865631
3,2,Гиска,5,,4.0171,22.36,True,OK,Студенческая улица,w222865630
3,2,Гиска,7,,4.0738,9.28,True,OK,Студенческая улица,w222865629
3,2,Гиска,7/A,4.3904,4.357,13.16,True,OK,Студенческая улица,w255958964
3,2,Гиска,8,,4.5794,34.15,True,OK,Студенческая улица,w222871674
3,2,Гиска,9,,4.2945,10.13,True,OK,Студенческая улица,w222864364
4,2,Гиска,2,7.086,7.0526,20.24,True,OK,Театральная улица,n4905411401
4,2,Гиска,3,7.1573,7.1239,10.2,True,OK,Театральная улица,w225418016
4,2,Гиска,5,7.186,7.1442,9.64,True,OK,Театральная улица,w225418018
4,2,Гиска,7,7.2295,7.1914,13.74,True,OK,Театральная улица,w225418020
4,2,Гиска,8,7.2556,7.1653,7.51,True,OK,Театральная улица,n2341956681
4,2,Гиска,8а,7.2513,7.0565,23.52,True,OK,Театральная улица,w401165487
4,2,Гиска,9,7.2467,7.2133,9.2,True,OK,Театральная улица,w225418025
4,2,Гиска,10,7.2294,7.1952,5.81,True,OK,Театральная улица,n2341956682
4,2,Гиска,10а,,7.2546,13.07,True,OK,Театральная улица,w225418031
4,2,Гиска,11,7.2937,7.2604,9.68,True,OK,Театральная улица,w225418027
4,2,Гиска,12а,7.28,7.2467,19.8,True,OK,Театральная улица,w225418033
4,2,Гиска,13,,7.2065,12.53,True,OK,Театральная улица,w225418023
4,2,Гиска,16,,7.2992,4.93,True,OK,Театральная улица,n2341956685
4,2,Гиска,18,7.2752,7.2411,8.01,True,OK,Театральная улица,n2341956684
4,2,Гиска,20,7.264,7.2306,30.67,True,OK,Театральная улица,n2341956686
4,2,Гиска,22,7.3393,7.3059,16.84,True,OK,Театральная улица,w424745867
4,2,Гиска,168,7.0474,7.0354,34.85,True,OK,Театральная улица,w224865587
4,2,Гиска,1,5.9926,5.9592,22.51,True,OK,Учительская улица,n2341959256
4,2,Гиска,2,5.9926,5.9415,26.34,True,OK,Учительская улица,n2341959262
4,2,Гиска,5,6.0365,6.0054,29.37,True,OK,Учительская улица,n2341959259
4,2,Гиска,6,,6.0042,11.26,True,OK,Учительская улица,n2341959265
4,2,Гиска,7,6.0667,6.0437,28.67,True,OK,Учительская улица,n2341959268
4,2,Гиска,10,6.1449,6.1116,12.89,True,OK,Учительская улица,n2341959277
4,2,Гиска,13,,6.0777,24.45,True,OK,Учительская улица,n2341959271
4,2,Гиска,15,,6.0365,12.74,True,OK,Учительская улица,n2341959274
4,2,Гиска,95,,5.9347,28.11,True,OK,Учительская улица,n2341956433
4,2,Гиска,97,,5.9139,19.35,True,OK,Учительская улица,n2341956435
4,2,Гиска,99а,,5.9375,37.46,True,OK,Учительская улица,n2341956439
4,2,Гиска,101,,6.0009,11.04,True,OK,Учительская улица,n2341956445
4,2,Гиска,15,,6.6141,13.9,True,OK,Школьная улица,w531939441
4,2,Гиска,17,6.6724,6.639,13.03,True,OK,Школьная улица,w531939442
4,2,Гиска,19,,6.6531,13.73,True,OK,Школьная улица,w531939443
4,2,Гиска,21,,6.6349,13.65,True,OK,Школьная улица,w531939446
4,2,Гиска,23,,6.5936,21.94,True,OK,Школьная улица,w531939448
4,2,Гиска,25,,6.5577,18.23,True,OK,Школьная улица,w531939451
4,2,Гиска,26,6.4688,6.4263,17.5,True,OK,Школьная улица,n2341956467
4,2,Гиска,27,,6.5392,29.79,True,OK,Школьная улица,w531939454
4,2,Гиска,28,6.5017,6.4505,35.35,True,OK,Школьная улица,w225418012
4,2,Гиска,29,6.5498,6.5164,29.4,True,OK,Школьная улица,w531939455
4,2,Гиска,30,6.5375,6.4693,65.72,True,OK,Школьная улица,w225418014
4,2,Гиска,31,,6.4991,21.42,True,OK,Школьная улица,w531939457
4,2,Гиска,32,,6.5698,5.7,True,OK,Школьная улица,n2341956507
4,2,Гиска,33,6.5151,6.4818,11.72,True,OK,Школьная улица,w531939449
4,2,Гиска,35,,6.552,10.23,True,OK,Школьная улица,w531939461
4,2,Гиска,37,6.789,6.7556,16.66,True,OK,Школьная улица,w531939467
4,2,Гиска,39,,6.7886,16.24,True,OK,Школьная улица,w531939465
4,2,Гиска,1,7.6338,6.2986,8.59,True,OK,Школьный переулок,n2341956537
4,2,Гиска,1,6.8395,6.3073,28.23,True,OK,Школьный переулок,n2341956549
4,2,Гиска,2,6.2937,6.2781,39.08,True,OK,Школьный переулок,n2341956543
4,2,Гиска,2,6.3526,6.3192,2.53,True,OK,Школьный переулок,n2341956552
4,2,Гиска,4,6.2571,6.2237,29.55,True,OK,Школьный переулок,n2341956546
4,2,Гиска,5,6.6265,6.5204,34.47,True,OK,Школьный переулок,n2341956576
4,2,Гиска,15,6.5253,6.4919,35.47,True,OK,Школьный переулок,n2341956562
4,2,Гиска,16,6.532,6.4986,5.78,True,OK,Школьный переулок,n2341956557
4,2,Гиска,1,6.1072,6.0738,18.75,True,OK,переулок Мира,w256886085
4,2,Гиска,2,6.1145,6.0812,11.64,True,OK,переулок Мира,w256886089
4,2,Гиска,8,,6.1477,12.84,True,OK,переулок Мира,n2321749428
4,2,Гиска,9,6.1854,6.1521,18.72,True,OK,переулок Мира,w256886088
3,2,Гиска,1,6.1953,5.1879,14.07,True,OK,переулок Суворова,w256882784
3,2,Гиска,2,5.2602,5.2268,18.4,True,OK,переулок Суворова,w256882786
4,2,Гиска,25,5.5248,5.4914,17.42,True,OK,переулок Суворова,w256886077
4,2,Гиска,28,5.9932,5.3901,22.76,True,OK,переулок Суворова,w256884199
4,2,Гиска,29,6.4503,5.5697,16.7,True,OK,переулок Суворова,w256886081
4,2,Гиска,61,5.5635,5.5381,17.29,True,OK,переулок Суворова,w256886078
3,2,Гиска,70,5.5022,4.8535,58.53,True,OK,улица 40 лет МССР,w531442969
3,2,Гиска,72,4.8777,4.8885,38.47,True,OK,улица 40 лет МССР,w531442971
3,2,Гиска,74,4.9144,5.0177,41.16,True,OK,улица 40 лет МССР,w531442972
3,2,Гиска,76,,5.0663,30.27,True,OK,улица 40 лет МССР,w531442968
3,2,Гиска,78,,5.0745,28.85,True,OK,улица 40 лет МССР,w531442965
3,2,Гиска,82,5.1052,5.123,20.81,True,OK,улица 40 лет МССР,w511417418
3,2,Гиска,86,,5.2108,40.57,True,OK,улица 40 лет МССР,w511417416
3,2,Гиска,187,4.9335,4.9443,19.1,True,OK,улица 40 лет МССР,w531449259
3,2,Гиска,189,5.3914,4.9642,20.78,True,OK,улица 40 лет МССР,w531451246
3,2,Гиска,191,5.3615,4.9941,27.9,True,OK,улица 40 лет МССР,w531451247
4,2,Гиска,1,6.55,5.668,34.67,True,OK,улица 60 лет Октября,n2321749452
4,2,Гиска,2,6.551,5.667,10.4,True,OK,улица 60 лет Октября,n2321749451
4,2,Гиска,2,6.159,5.567,26.91,True,OK,улица 60 лет Октября,n2321749457
4,2,Гиска,3,6.1305,5.5995,24.2,True,OK,улица 60 лет Октября,n2321749456
4,2,Гиска,4,5.6348,5.6014,29.55,True,OK,улица 60 лет Октября,n2321749458
4,2,Гиска,28,6.0879,6.0545,12.68,True,OK,улица 60 лет Октября,n2321749453
4,2,Гиска,39,6.1792,6.0388,32.7,True,OK,улица 60 лет Октября,n2321749454
4,2,Гиска,5,6.2757,5.6575,8.48,True,OK,улица Бориса Главана,n2321749459
4,2,Гиска,6,5.7336,5.7003,11.38,True,OK,улица Бориса Главана,n2321749460
4,2,Гиска,7,6.0375,5.6884,31.24,True,OK,улица Бориса Главана,n2321749462
4,2,Гиска,22,5.8442,5.8173,15.53,True,OK,улица Бориса Главана,n2321749461
4,2,Гиска,22а,6.0954,5.8287,23.9,True,OK,улица Бориса Главана,n2321749464
4,2,Гиска,27,5.8711,5.8424,41.22,True,OK,улица Бориса Главана,n2321749463
4,2,Гиска,89,5.818,5.7846,20.91,True,OK,улица Бориса Главана,n2321749494
4,2,Гиска,91,5.9522,5.7738,32.24,True,OK,улица Бориса Главана,n2321749495
4,2,Гиска,1,8.1341,8.1007,13.78,True,OK,улица Гагарина,n2341956711
4,2,Гиска,1,8.5221,8.0685,20.83,True,OK,улица Гагарина,w589388995
4,2,Гиска,2,8.1644,8.1311,12.38,True,OK,улица Гагарина,n2341956712
4,2,Гиска,6,8.3847,8.2059,13.92,True,OK,улица Гагарина,n2341956713
4,2,Гиска,8,9.4422,8.2411,7.83,True,OK,улица Гагарина,n2341956715
4,2,Гиска,9,8.2291,8.1961,5.43,True,OK,улица Гагарина,n2341956714
4,2,Гиска,11,9.4444,8.2389,6.05,True,OK,улица Гагарина,n2341956716
4,2,Гиска,28,8.7869,8.7442,36.36,True,OK,улица Гагарина,n2341956723
4,2,Гиска,42,9.0164,8.6669,10.13,True,OK,улица Гагарина,n2341956731
4,2,Гиска,49,9.0136,8.6697,12.66,True,OK,улица Гагарина,n2341956730
4,2,Гиска,51,8.7468,8.7134,0.19,True,OK,улица Гагарина,n2341956732
4,2,Гиска,52,8.8391,8.7963,20.46,True,OK,улица Гагарина,n2341956721
4,2,Гиска,57,8.8776,8.8153,16.43,True,OK,улица Гагарина,n2341956722
3,2,Гиска,1,5.8098,5.2006,13.29,True,OK,улица Гоголя,n2321749413
3,2,Гиска,2,5.221,5.1877,28.6,True,OK,улица Гоголя,n2321749415
4,2,Гиска,9,5.3195,5.2861,6.37,True,OK,улица Гоголя,n2321749414
4,2,Гиска,11,5.409,5.3756,10.66,True,OK,улица Гоголя,n2321749417
4,2,Гиска,16,5.7275,5.2829,28.61,True,OK,улица Гоголя,n2321749416
4,2,Гиска,59,5.9157,5.4676,8.31,True,OK,улица Гоголя,n2321749418
3,2,Гиска,2,4.7037,4.6704,8.3,True,OK,улица Интернационалистов,n2321749390
3,2,Гиска,8,4.9916,4.7599,15.98,True,OK,улица Интернационалистов,n2321749401
3,2,Гиска,1,4.119,4.1298,15.87,True,OK,улица Кирова,w353389137
3,2,Гиска,2,4.0941,4.1049,15.45,True,OK,улица Кирова,w353389124
3,2,Гиска,3,4.5169,4.1606,21.11,True,OK,улица Кирова,w353389140
3,2,Гиска,4,4.1144,4.1252,23.2,True,OK,улица Кирова,w353389133
3,2,Гиска,5,4.1653,4.1761,18.99,True,OK,улица Кирова,w353389389
3,2,Гиска,6,4.134,4.1448,15.04,True,OK,улица Кирова,w353389135
3,2,Гиска,7,4.4841,4.1935,19.55,True,OK,улица Кирова,w353389392
3,2,Гиска,8,4.1626,4.1734,15.51,True,OK,улица Кирова,w353389138
3,2,Гиска,9,4.4434,4.2341,26.03,True,OK,улица Кирова,w353389395
3,2,Гиска,9а,4.4679,4.2097,29.19,True,OK,улица Кирова,w353389393
3,2,Гиска,10,4.4704,4.2072,18.58,True,OK,улица Кирова,w353389139
3,2,Гиска,11,4.8989,4.4028,13.02,True,OK,улица Кирова,w353610911
3,2,Гиска,11а,4.3716,4.3824,18.53,True,OK,улица Кирова,w353610793
3,2,Гиска,13,4.8794,4.4224,12.31,True,OK,улица Кирова,w353610913
3,2,Гиска,14,4.2358,4.2466,19.31,True,OK,улица Кирова,w353389394
3,2,Гиска,15,4.8632,4.4386,11.68,True,OK,улица Кирова,w353610914
3,2,Гиска,16,4.2511,4.2619,13.85,True,OK,улица Кирова,w353389396
3,2,Гиска,17,4.4406,4.4514,21.95,True,OK,улица Кирова,w353619643
3,2,Гиска,18,4.3931,4.2845,17.79,True,OK,улица Кирова,w353389398
3,2,Гиска,19,4.8235,4.4783,18.03,True,OK,улица Кирова,w353619644
3,2,Гиска,20,4.2915,4.3023,16.09,True,OK,улица Кирова,w353389400
3,2,Гиска,23,4.5271,4.5378,12.95,True,OK,улица Кирова,w405169671
3,2,Гиска,25,4.5485,4.5592,12.5,True,OK,улица Кирова,w461204245
3,2,Гиска,27,4.7284,4.5734,14.29,True,OK,улица Кирова,w461204243
3,2,Гиска,29,4.5663,4.5771,25.78,True,OK,улица Кирова,w461204241
3,2,Гиска,31,4.696,4.6442,21.13,True,OK,улица Кирова,w446100568
3,2,Гиска,31а,4.7622,4.5396,12.01,True,OK,улица Кирова,n2328051587
3,2,Гиска,32,4.4164,4.4272,19.08,True,OK,улица Кирова,w402777357
3,2,Гиска,34,4.4382,4.4272,33.68,True,OK,улица Кирова,w402777358
3,2,Гиска,36,4.453,4.4638,16.86,True,OK,улица Кирова,w402777360
3,2,Гиска,38,4.4686,4.4794,21.19,True,OK,улица Кирова,w402777361
3,2,Гиска,40,4.803,4.4988,14.02,True,OK,улица Кирова,w405112662
3,2,Гиска,42,4.5127,4.5235,14.05,True,OK,улица Кирова,w405112663
3,2,Гиска,44,4.7586,4.5432,21.01,True,OK,улица Кирова,w405169669
3,2,Гиска,46,4.5496,4.5603,18.05,True,OK,улица Кирова,w405169667
3,2,Гиска,48,4.7129,4.5888,19.97,True,OK,улица Кирова,w405169663
3,2,Гиска,50,4.6986,4.6032,10.29,True,OK,улица Кирова,w405169665
4,2,Гиска,1,5.9584,5.8884,27.74,True,OK,улица Курило,n2321749491
4,2,Гиска,2,5.9325,5.8991,12.47,True,OK,улица Курило,n2321749490
4,2,Гиска,13,6.1374,5.7326,32.65,True,OK,улица Курило,n2321749488
4,2,Гиска,20,6.1231,5.7468,9.81,True,OK,улица Курило,n2321749489
4,2,Гиска,1,8.4197,7.8908,31.99,True,OK,улица Ленина,n2341956703
3,2,Гиска,2/A,4.2161,3.9568,19.45,True,OK,улица Ленина,w222864358
3,2,Гиска,2б,4.1477,4.0252,19.05,True,OK,улица Ленина,w222864359
4,2,Гиска,4,8.4237,7.8902,5.58,True,OK,улица Ленина,n2341956701
3,2,Гиска,5,4.4886,4.4552,14.63,True,OK,улица Ленина,w255960438
3,2,Гиска,13,4.5738,4.5404,20.45,True,OK,улица Ленина,n2321749385
4,2,Гиска,15,5.7151,5.6818,15.59,True,OK,улица Ленина,n2321749487
3,2,Гиска,17,5.3675,4.6858,24.81,True,OK,улица Ленина,n2321749387
3,2,Гиска,21,4.7874,4.7541,38.43,True,OK,улица Ленина,n2321749410
3,2,Гиска,26,5.1699,4.6113,10.51,True,OK,улица Ленина,n2321749388
3,2,Гиска,28,4.7456,4.7122,20.69,True,OK,улица Ленина,n2321749389
3,2,Гиска,47,5.9675,5.1945,39.99,True,OK,улица Ленина,n2321749411
3,2,Гиска,49,5.8712,5.1464,35.84,True,OK,улица Ленина,n2321749412
3,2,Гиска,58,5.8622,5.1482,16.64,True,OK,улица Ленина,n2321749430
3,2,Гиска,59,5.2518,5.3161,28.09,True,OK,улица Ленина,n2321749431
4,2,Гиска,71,5.4831,5.4498,32.18,True,OK,улица Ленина,n2321749433
4,2,Гиска,73/A,5.5066,5.4733,16.09,True,OK,улица Ленина,w224861630
4,2,Гиска,75,5.6217,5.5883,11.75,True,OK,улица Ленина,n2321749435
4,2,Гиска,77,6.1425,5.585,41.8,True,OK,улица Ленина,n2321749436
4,2,Гиска,90а,5.5795,5.5462,7.42,True,OK,улица Ленина,n2321749437
4,2,Гиска,92,6.1104,5.6155,2.77,True,OK,улица Ленина,n2321749438
4,2,Гиска,93,7.3328,5.7983,37.49,True,OK,улица Ленина,n2341956428
4,2,Гиска,100,5.8192,5.7859,11.76,True,OK,улица Ленина,n2321749492
4,2,Гиска,101,5.6164,5.5799,26.49,True,OK,улица Ленина,n2321749444
4,2,Гиска,102,7.2929,5.854,8.98,True,OK,улица Ленина,n2321749493
4,2,Гиска,103,6.0653,6.0319,4.49,True,OK,улица Ленина,n2341956451
4,2,Гиска,109,6.1184,6.085,5.29,True,OK,улица Ленина,n2341956455
4,2,Гиска,111а,6.9885,6.1584,8.6,True,OK,улица Ленина,n2341956458
4,2,Гиска,121,6.3133,6.2799,23.38,True,OK,улица Ленина,n4905410771
4,2,Гиска,126,7.0168,6.13,0.83,True,OK,улица Ленина,n2341956460
4,2,Гиска,131,6.4314,6.398,11.98,True,OK,улица Ленина,n2341956609
4,2,Гиска,133,6.4675,6.4342,8.88,True,OK,улица Ленина,n2341956612
4,2,Гиска,136,6.7823,6.3645,9.49,True,OK,улица Ленина,n2341956526
4,2,Гиска,144,6.5412,6.5078,10.68,True,OK,улица Ленина,n2341956531
4,2,Гиска,146а,7.4333,6.5954,11.98,True,OK,улица Ленина,n2341956615
4,2,Гиска,156,6.7316,6.6983,9.09,True,OK,улица Ленина,n2341956618
4,2,Гиска,166,6.9168,6.8834,5.57,True,OK,улица Ленина,n2341956621
4,2,Гиска,168а,6.9634,6.93,6.16,True,OK,улица Ленина,n2341956689
4,2,Гиска,172,7.1338,7.0989,34.69,True,OK,улица Ленина,w224865589
4,2,Гиска,178,7.4508,7.2905,8.5,True,OK,улица Ленина,n2341956692
4,2,Гиска,180 А,7.3952,7.3619,29.22,True,OK,улица Ленина,n4905410762
4,2,Гиска,188,7.3744,7.341,38.45,True,OK,улица Ленина,w439463474
4,2,Гиска,190 А,8.7781,7.5358,28.06,True,OK,улица Ленина,n4905410755
4,2,Гиска,199,7.5283,7.213,5.03,True,OK,улица Ленина,n2341956693
4,2,Гиска,201,8.9592,7.3547,5.1,True,OK,улица Ленина,n2341956694
4,2,Гиска,201,8.9473,7.3666,12.17,True,OK,улица Ленина,n4905410763
4,2,Гиска,214,8.3759,7.938,10.11,True,OK,улица Ленина,n2341956699
4,2,Гиска,216,8.3486,7.9653,9.58,True,OK,улица Ленина,n2341956700
4,2,Гиска,230,8.5707,8.0531,33.31,True,OK,улица Ленина,w707299270
4,2,Гиска,235,7.8601,7.8267,16.8,True,OK,улица Ленина,n4905411206
4,2,Гиска,242,9.2641,8.2675,16.03,True,OK,улица Ленина,n2341956718
4,2,Гиска,244,8.4265,8.3932,19.96,True,OK,улица Ленина,n2341956719
4,2,Гиска,248,9.0671,8.4646,19.51,True,OK,улица Ленина,n4905411204
4,2,Гиска,250,9.0338,8.4942,27.77,True,OK,улица Ленина,n4905411203
4,2,Гиска,251,8.5495,8.0411,12.1,True,OK,улица Ленина,n2341956709
4,2,Гиска,253,8.5484,8.0771,9.15,True,OK,улица Ленина,n2341956710
4,2,Гиска,253,8.5011,8.1227,18.82,True,OK,улица Ленина,n4905411372
4,2,Гиска,253 А,8.1329,8.0996,14.96,True,OK,улица Ленина,n4905411373
4,2,Гиска,254 А,8.9405,8.5911,15.87,True,OK,улица Ленина,n4905411200
4,2,Гиска,257,8.4079,8.2159,6.83,True,OK,улица Ленина,n2341956717
4,2,Гиска,260,8.7073,8.67,25.32,True,OK,улица Ленина,n4905411196
4,2,Гиска,266,11.427,8.7599,11.85,True,OK,улица Ленина,n4905411230
4,2,Гиска,270,11.4027,8.7879,6.73,True,OK,улица Ленина,n2341956736
4,2,Гиска,273 А,9.0727,8.4589,26.17,True,OK,улица Ленина,n4905409919
4,2,Гиска,274,8.8617,8.8283,5.92,True,OK,улица Ленина,n2341956737
4,2,Гиска,275,9.0338,8.5026,24.96,True,OK,улица Ленина,n4905410988
4,2,Гиска,276,11.2315,8.9592,7.19,True,OK,улица Ленина,n2341956743
4,2,Гиска,277,8.9989,8.5327,20.35,True,OK,улица Ленина,n4905410987
4,2,Гиска,279,8.9765,8.5552,24.13,True,OK,улица Ленина,n4905410976
4,2,Гиска,280,11.1693,9.0194,6.29,True,OK,улица Ленина,n2341956744
4,2,Гиска,285,8.7009,8.6675,26.4,True,OK,улица Ленина,n2341956720
4,2,Гиска,295,8.8766,8.8433,16.36,True,OK,улица Ленина,n4905411115
4,2,Гиска,296,10.8573,9.3334,8.4,True,OK,улица Ленина,n2341956746
4,2,Гиска,297,8.8999,8.8665,17.14,True,OK,улица Ленина,n4905411113
4,2,Гиска,313,11.0985,9.0921,11.2,True,OK,улица Ленина,n2341956745
4,2,Гиска,329,9.3694,9.336,10.88,True,OK,улица Ленина,n2341956747
3,2,Гиска,1а,4.0749,4.0857,12.09,True,OK,улица Мира,w367553906
3,2,Гиска,2,4.0742,4.0849,20.21,True,OK,улица Мира,w367553682
3,2,Гиска,2а,4.6436,4.034,24.02,True,OK,улица Мира,w222772634
3,2,Гиска,3,4.5522,4.1253,11.96,True,OK,улица Мира,w367553681
3,2,Гиска,4,4.5758,4.1018,22.65,True,OK,улица Мира,w353610709
3,2,Гиска,5,4.1249,4.1356,25.86,True,OK,улица Мира,w367553679
3,2,Гиска,5а,4.1329,4.1437,9.6,True,OK,улица Мира,w367553678
3,2,Гиска,6,4.5514,4.1261,21.36,True,OK,улица Мира,w353610708
3,2,Гиска,7,4.1603,4.1711,9.94,True,OK,улица Мира,w353610790
3,2,Гиска,8,4.4974,4.1802,18.5,True,OK,улица Мира,w353610706
3,2,Гиска,9,4.1954,4.2062,16.08,True,OK,улица Мира,w353610710
3,2,Гиска,10,4.4784,4.1992,23.09,True,OK,улица Мира,w353610704
3,2,Гиска,11,4.4317,4.2458,13.03,True,OK,улица Мира,w353610701
3,2,Гиска,12,4.4442,4.2334,17.43,True,OK,улица Мира,w353610703
3,2,Гиска,12а,4.4577,4.2199,75.74,True,OK,улица Мира,w353619647
3,2,Гиска,13,4.4127,4.2649,11.48,True,OK,улица Мира,w353610699
3,2,Гиска,14,4.2408,4.2516,15.68,True,OK,улица Мира,w353610698
3,2,Гиска,15,4.2747,4.2855,8.88,True,OK,улица Мира,w353610700
3,2,Гиска,16,4.2553,4.2661,16.28,True,OK,улица Мира,w353610697
3,2,Гиска,17,4.3005,4.3113,13.13,True,OK,улица Мира,w353610695
3,2,Гиска,18,4.273,4.2838,24.55,True,OK,улица Мира,w353609874
3,2,Гиска,19,4.3196,4.3304,12.69,True,OK,улица Мира,w353610692
3,2,Гиска,20,4.2873,4.2981,16.26,True,OK,улица Мира,w353609865
3,2,Гиска,22,4.3395,4.3503,11.22,True,OK,улица Мира,w353389401
3,2,Гиска,22,4.3071,4.3179,17.78,True,OK,улица Мира,w353609863
3,2,Гиска,23,,4.3787,15.51,True,OK,улица Мира,w353610686
3,2,Гиска,24,4.3223,4.3331,15.02,True,OK,улица Мира,w353609864
3,2,Гиска,25,4.4218,4.4325,11.08,True,OK,улица Мира,w353610685
4,2,Гиска,30а,5.8748,5.8558,13.81,True,OK,улица Мира,n2321749446
3,2,Гиска,32,4.0161,4.0269,13.43,True,OK,улица Мира,w367553908
3,2,Гиска,34,4.0306,4.0414,23.04,True,OK,улица Мира,w400824557
3,2,Гиска,36,5.5246,4.057,25.05,True,OK,улица Мира,w402777350
3,2,Гиска,38,4.0607,4.0715,27.09,True,OK,улица Мира,w402777351
3,2,Гиска,40,5.4757,4.1059,23.44,True,OK,улица Мира,w402777352
3,2,Гиска,42,4.1098,4.1206,31.57,True,OK,улица Мира,w402777354
4,2,Гиска,43,5.993,5.9597,11.4,True,OK,улица Мира,w256886090
3,2,Гиска,44,5.4448,4.1369,49.57,True,OK,улица Мира,w405169675
4,2,Гиска,51,5.9047,5.8713,22.31,True,OK,улица Мира,n4905411595
4,2,Гиска,80,6.4893,5.5308,8.03,True,OK,улица Мира,n2321749440
4,2,Гиска,82,5.5666,5.5332,2.91,True,OK,улица Мира,n2321749439
4,2,Гиска,93,6.4707,5.5532,28.01,True,OK,улица Мира,n2321749441
4,2,Гиска,95,6.1853,5.5406,24.71,True,OK,улица Мира,n2321749442
4,2,Гиска,1,7.0518,7.0185,34.86,True,OK,улица Мичурина,n2341956750
4,2,Гиска,2,7.0743,7.0409,5.66,True,OK,улица Мичурина,n2341956752
4,2,Гиска,2а,7.3192,7.2727,22.12,True,OK,улица Мичурина,n2341956753
4,2,Гиска,5,8.5039,7.0619,34.02,True,OK,улица Мичурина,n2341956751
4,2,Гиска,7,8.3043,7.2728,27.64,True,OK,улица Мичурина,n2341956754
4,2,Гиска,9,,7.3087,21.75,True,OK,улица Мичурина,n2341956755
4,2,Гиска,24,7.6492,7.6158,2.51,True,OK,улица Мичурина,n2341956759
4,2,Гиска,25,7.6437,7.6045,15.57,True,OK,улица Мичурина,n2341956758
4,2,Гиска,179,8.6324,6.9334,38.69,True,OK,улица Мичурина,n2341956624
4,2,Гиска,181,8.5745,6.9902,26.97,True,OK,улица Мичурина,n2341956627
4,2,Гиска,1,7.4551,7.4217,11.52,True,OK,улица Победы,n2341956760
4,2,Гиска,2,7.4413,7.4079,7.88,True,OK,улица Победы,n2341956766
4,2,Гиска,3,,7.4131,11.41,True,OK,улица Победы,n2341956761
4,2,Гиска,7,7.5033,7.4699,18.74,True,OK,улица Победы,n2341956762
4,2,Гиска,7,7.5979,7.5646,10.68,True,OK,улица Победы,w532218373
4,2,Гиска,9,,7.4772,2.5,True,OK,улица Победы,n2341956763
4,2,Гиска,11,7.4804,7.447,5.39,True,OK,улица Победы,n2341956764
4,2,Гиска,13,8.151,7.4148,11.14,True,OK,улица Победы,n2341956765
4,2,Гиска,28,7.7213,7.688,10.92,True,OK,улица Победы,n2341956767
4,2,Гиска,31,7.8689,7.7032,18.52,True,OK,улица Победы,n2341956768
4,2,Гиска,33,7.8426,7.7305,16.76,True,OK,улица Победы,n2341956769
4,2,Гиска,48,7.9842,7.5815,16.43,True,OK,улица Победы,n2341956770
4,2,Гиска,48,7.6552,7.5307,27.44,True,OK,улица Победы,n4991180699
4,2,Гиска,48а,15.7542,7.6346,6.06,True,OK,улица Победы,n2341956772
4,2,Гиска,51,7.6106,7.5772,10.41,True,OK,улица Победы,n2341956771
4,2,Гиска,66а,15.2691,8.1197,7.12,True,OK,улица Победы,n2341956773
4,2,Гиска,68,15.2103,8.1785,3.15,True,OK,улица Победы,n2341956775
4,2,Гиска,81а,15.2734,8.1154,16.68,True,OK,улица Победы,n2341956774
3,2,Гиска,1,3.9035,3.9143,13.39,True,OK,улица Суворова,w353817655
3,2,Гиска,1а,4.8111,3.8665,20.48,True,OK,улица Суворова,w353817654
3,2,Гиска,2,3.8606,3.8714,9.89,True,OK,улица Суворова,w353619679
3,2,Гиска,3,3.9278,3.9385,18.84,True,OK,улица Суворова,w353818444
3,2,Гиска,4,3.9159,3.9267,32.38,True,OK,улица Суворова,w353388713
3,2,Гиска,5,4.7206,3.9569,29.93,True,OK,улица Суворова,w353818442
2,2,Гиска,6,3.6562,3.667,27.75,True,OK,улица Суворова,w353619672
2,2,Гиска,6,4.7308,3.9468,23.21,True,OK,улица Суворова,w446100566
3,2,Гиска,7,4.7157,3.9619,17.42,True,OK,улица Суворова,w353818443
2,2,Гиска,8,3.9516,3.9624,33.82,True,OK,улица Суворова,w353388716
2,2,Гиска,8,3.6882,3.699,27.56,True,OK,улица Суворова,w353619649
3,2,Гиска,9,3.9796,3.9904,28.09,True,OK,улица Суворова,w353619648
2,2,Гиска,10,4.6906,3.987,22.73,True,OK,улица Суворова,w353388714
2,2,Гиска,10,3.7095,3.7203,31.77,True,OK,улица Суворова,w353619675
3,2,Гиска,11,3.9871,3.9979,12.69,True,OK,улица Суворова,w353389132
3,2,Гиска,15,4.6456,4.032,21.0,True,OK,улица Суворова,w353389130
3,2,Гиска,16а,3.8335,3.8443,10.25,True,OK,улица Суворова,w353619682
3,2,Гиска,17,4.034,4.0448,15.49,True,OK,улица Суворова,w353389129
3,2,Гиска,18а,4.8173,3.8603,29.42,True,OK,улица Суворова,w353822503
3,2,Гиска,19,4.6143,4.0633,16.55,True,OK,улица Суворова,w353389125
4,2,Гиска,21,5.2677,5.2343,43.13,True,OK,улица Суворова,w256882651
3,2,Гиска,22,4.797,3.8806,43.71,True,OK,улица Суворова,w353822507
3,2,Гиска,23,5.0726,5.0423,35.49,True,OK,улица Суворова,n2321749393
3,2,Гиска,23,6.3383,5.045,12.41,True,OK,улица Суворова,w256213581
3,2,Гиска,24,3.8915,3.9023,27.41,True,OK,улица Суворова,w367553685
3,2,Гиска,34,6.2385,5.1448,11.79,True,OK,улица Суворова,n2321749394
3,2,Гиска,46,6.383,5.0003,11.63,True,OK,улица Суворова,n2321749392
3,2,Гиска,46,4.9879,4.9545,17.9,True,OK,улица Суворова,w256212478
3,2,Гиска,62,6.6598,4.7235,17.31,True,OK,улица Суворова,n2321749386
3,2,Гиска,62,4.7576,4.7242,17.23,True,OK,улица Суворова,w256208269
3,2,Гиска,75,,4.6774,23.46,True,OK,улица Суворова,n2321749391
3,2,Гиска,75,6.7325,4.6508,15.6,True,OK,улица Суворова,w256209152
2,2,Гиска,79,3.6559,3.6667,24.78,True,OK,улица Суворова,w353817270
2,2,Гиска,81,4.9851,3.6925,29.46,True,OK,улица Суворова,w353817271
2,2,Гиска,83,3.7142,3.725,22.4,True,OK,улица Суворова,w353818413
2,2,Гиска,83а,4.9638,3.7138,24.49,True,OK,улица Суворова,w353817272
2,2,Гиска,85,3.7251,3.7359,28.68,True,OK,улица Суворова,w353818412
2,2,Гиска,87,4.9282,3.7493,25.09,True,OK,улица Суворова,w353818414
3,2,Гиска,89,4.9171,3.7604,26.04,True,OK,улица Суворова,w353818415
3,2,Гиска,91,4.9028,3.7748,29.33,True,OK,улица Суворова,w353818416
3,2,Гиска,93,4.8861,3.7915,28.09,True,OK,улица Суворова,w353822508
3,2,Гиска,95,4.8548,3.8228,29.35,True,OK,улица Суворова,w353818418
3,2,Гиска,97,3.8421,3.8529,24.45,True,OK,улица Суворова,w353822606
3,2,Гиска,99,3.8589,3.8697,23.16,True,OK,улица Суворова,w353824488
3,2,Гиска,101,4.7945,3.8831,20.3,True,OK,улица Суворова,w353825064
3,2,Гиска,103,4.7789,3.8986,20.52,True,OK,улица Суворова,w353825065
4,2,Гиска,1,6.6449,6.5019,39.49,True,OK,улица Ткаченко,n2341956566
4,2,Гиска,2,6.5433,6.5099,6.69,True,OK,улица Ткаченко,n2341956604
4,2,Гиска,4,7.3566,6.5758,21.15,True,OK,улица Ткаченко,w422942731
4,2,Гиска,4а,7.3163,6.612,14.67,True,OK,улица Ткаченко,n2341956599
4,2,Гиска,7а,6.6732,6.6399,15.75,True,OK,улица Ткаченко,n2341956594
4,2,Гиска,10,6.9555,6.9221,12.66,True,OK,улица Ткаченко,n4682684591
4,2,Парканы,1,7.3402,6.5911,25.81,True,OK,Заводская улица,n4418837238
4,2,Парканы,2,,6.5843,19.73,True,OK,Заводская улица,n4418842154
4,2,Парканы,4 А,6.6203,6.6311,13.11,True,OK,Заводская улица,w284829134
3,2,Парканы,1,5.1465,4.545,11.93,True,OK,Коммунистическая улица,n2323343685
3,2,Парканы,3,5.1302,4.5613,11.18,True,OK,Коммунистическая улица,n2457441327
3,2,Парканы,4,4.546,4.5568,26.68,True,OK,Коммунистическая улица,n2323343687
3,2,Парканы,5,5.1051,4.5864,12.68,True,OK,Коммунистическая улица,n2457441332
3,2,Парканы,6,5.1145,4.577,24.43,True,OK,Коммунистическая улица,n2457583321
3,2,Парканы,7,5.0847,4.6068,11.48,True,OK,Коммунистическая улица,n2457441338
3,2,Парканы,8,4.5849,4.5957,26.08,True,OK,Коммунистическая улица,n2457583322
3,2,Парканы,9,4.6158,4.6266,11.64,True,OK,Коммунистическая улица,n2457441342
3,2,Парканы,10,5.0778,4.6137,26.37,True,OK,Коммунистическая улица,n2457583323
3,2,Парканы,11,5.0466,4.6449,12.38,True,OK,Коммунистическая улица,n2457441347
3,2,Парканы,12,5.0587,4.6328,25.92,True,OK,Коммунистическая улица,n2457583324
3,2,Парканы,13,4.6544,4.6652,11.19,True,OK,Коммунистическая улица,n2457441352
3,2,Парканы,14,4.6395,4.6503,24.88,True,OK,Коммунистическая улица,n2457583325
3,2,Парканы,15,5.0085,4.683,13.28,True,OK,Коммунистическая улица,n2457441356
3,2,Парканы,16,4.6563,4.6671,23.53,True,OK,Коммунистическая улица,n2457583326
3,2,Парканы,17,4.9895,4.702,13.73,True,OK,Коммунистическая улица,n2457441360
3,2,Парканы,18,4.6709,4.6817,24.73,True,OK,Коммунистическая улица,n2457583327
3,2,Парканы,19,4.7093,4.7201,13.44,True,OK,Коммунистическая улица,n2457441365
3,2,Парканы,20,4.6869,4.6977,23.08,True,OK,Коммунистическая улица,n2457583328
3,2,Парканы,21,4.7274,4.7382,13.14,True,OK,Коммунистическая улица,n2457441370
3,2,Парканы,22,4.704,4.7148,24.13,True,OK,Коммунистическая улица,n2457583329
3,2,Парканы,22,4.725,4.7358,22.18,True,OK,Коммунистическая улица,n2457583330
3,2,Парканы,23,4.7487,4.7595,12.69,True,OK,Коммунистическая улица,n2457441374
3,2,Парканы,25,4.9116,4.7799,11.49,True,OK,Коммунистическая улица,n2457441379
3,2,Парканы,26,4.9331,4.7585,24.27,True,OK,Коммунистическая улица,n2323343693
3,2,Парканы,27,4.8908,4.8007,12.39,True,OK,Коммунистическая улица,n2457441384
3,2,Парканы,29,4.8118,4.8226,12.57,True,OK,Коммунистическая улица,n2457441322
3,2,Парканы,30,4.8426,4.8489,24.32,True,OK,Коммунистическая улица,n2457490477
3,2,Парканы,31,4.8488,4.8427,13.15,True,OK,Коммунистическая улица,n2457441317
3,2,Парканы,32,4.8138,4.8246,27.73,True,OK,Коммунистическая улица,n2457490484
3,2,Парканы,33,4.8121,4.8229,9.06,True,OK,Коммунистическая улица,n2457441312
3,2,Парканы,34,4.8871,4.8044,27.15,True,OK,Коммунистическая улица,n2457490470
3,2,Парканы,35,4.7914,4.8022,8.29,True,OK,Коммунистическая улица,n2457441307
3,2,Парканы,36,4.7712,4.782,27.52,True,OK,Коммунистическая улица,n2457490462
3,2,Парканы,37,4.9087,4.7828,9.2,True,OK,Коммунистическая улица,n2457441302
3,2,Парканы,38,4.7492,4.76,26.54,True,OK,Коммунистическая улица,n2457490457
3,2,Парканы,39,4.9244,4.7671,8.28,True,OK,Коммунистическая улица,n2457441297
3,2,Парканы,41,4.7382,4.749,7.43,True,OK,Коммунистическая улица,n2323152157
2,2,Парканы,1,4.256,3.5968,14.18,True,OK,Комсомольская улица,n2323152094
2,2,Парканы,3,4.2218,3.6311,15.42,True,OK,Комсомольская улица,n2457246729
2,2,Парканы,4,3.6096,3.6204,19.07,True,OK,Комсомольская улица,n2456772549
2,2,Парканы,5,3.6397,3.6505,16.05,True,OK,Комсомольская улица,n2457246735
2,2,Парканы,6,3.6327,3.6435,20.72,True,OK,Комсомольская улица,n2456772554
2,2,Парканы,7,3.6625,3.6733,13.64,True,OK,Комсомольская улица,n2457246740
2,2,Парканы,8,4.1876,3.6653,19.7,True,OK,Комсомольская улица,n2456772555
2,2,Парканы,9,3.6875,3.6983,14.09,True,OK,Комсомольская улица,n2457246745
2,2,Парканы,10,4.1698,3.6831,20.41,True,OK,Комсомольская улица,n2456772556
2,2,Парканы,11,3.705,3.7158,12.62,True,OK,Комсомольская улица,n2457246751
2,2,Парканы,12,3.6895,3.7003,22.65,True,OK,Комсомольская улица,n2456772557
2,2,Парканы,13,4.1176,3.7352,13.24,True,OK,Комсомольская улица,n2457246755
2,2,Парканы,14,3.705,3.7157,23.75,True,OK,Комсомольская улица,n2456772558
2,2,Парканы,15,4.0996,3.7549,12.87,True,OK,Комсомольская улица,n2457246760
2,2,Парканы,16,3.722,3.7327,23.51,True,OK,Комсомольская улица,n2456772559
2,2,Парканы,16,3.4623,3.4731,28.39,True,OK,Комсомольская улица,n2459417152
2,2,Парканы,17,3.7607,3.7715,12.78,True,OK,Комсомольская улица,n2457246765
2,2,Парканы,18а,3.5082,3.519,31.36,True,OK,Комсомольская улица,w237810074
2,2,Парканы,20,3.6076,3.6184,28.06,True,OK,Комсомольская улица,n2323152095
2,2,Парканы,21,3.7797,3.7904,12.47,True,OK,Комсомольская улица,n2457246771
2,2,Парканы,22,3.7749,3.7856,22.02,True,OK,Комсомольская улица,n2456772562
2,2,Парканы,23,4.0456,3.8072,12.37,True,OK,Комсомольская улица,n2457246784
2,2,Парканы,25,4.0255,3.8274,12.71,True,OK,Комсомольская улица,n2457246789
2,2,Парканы,26,4.0303,3.8226,21.77,True,OK,Комсомольская улица,n2456772564
2,2,Парканы,27,4.0054,3.8474,12.29,True,OK,Комсомольская улица,n2457246795
2,2,Парканы,28,3.8309,3.8416,21.33,True,OK,Комсомольская улица,n2456772566
2,2,Парканы,30,3.9888,3.864,21.2,True,OK,Комсомольская улица,n2456772567
2,2,Парканы,31,3.9854,3.8674,11.87,True,OK,Комсомольская улица,n2457246799
2,2,Парканы,32,3.8709,3.8817,22.17,True,OK,Комсомольская улица,n2456772568
2,2,Парканы,33,3.9645,3.8884,10.58,True,OK,Комсомольская улица,n2457246804
2,2,Парканы,34,3.9546,3.8983,23.02,True,OK,Комсомольская улица,n2456772569
2,2,Парканы,35,3.8953,3.9061,9.62,True,OK,Комсомольская улица,n2457246810
2,2,Парканы,36,3.9391,3.9138,23.77,True,OK,Комсомольская улица,n2456772570
2,2,Парканы,37,3.9069,3.9177,8.01,True,OK,Комсомольская улица,n2323152151
2,2,Парканы,38,3.9228,3.875,32.7,True,OK,Комсомольская улица,n2456772571
2,2,Парканы,39,3.9169,3.9277,15.02,True,OK,Комсомольская улица,n2323152152
2,2,Парканы,41,5.1812,3.9519,19.45,True,OK,Комсомольская улица,n2457402046
2,2,Парканы,42,3.8564,3.8672,29.1,True,OK,Комсомольская улица,n2323152154
2,2,Парканы,43,3.9639,3.9747,20.6,True,OK,Комсомольская улица,n2457402049
2,2,Парканы,44,3.9444,3.9444,29.58,True,OK,Комсомольская улица,n2457278418
2,2,Парканы,45,5.1404,3.9927,21.73,True,OK,Комсомольская улица,n2457402052
2,2,Парканы,45,5.178,3.9658,25.4,True,OK,Комсомольская улица,w284638149
2,2,Парканы,46,5.1725,3.9606,29.59,True,OK,Комсомольская улица,n2457278422
3,2,Парканы,47,5.1201,4.013,21.29,True,OK,Комсомольская улица,n2457402055
3,2,Парканы,48,3.9831,3.9834,28.26,True,OK,Комсомольская улица,n2457278425
3,2,Парканы,49,4.0218,4.0326,20.61,True,OK,Комсомольская улица,n2457402059
3,2,Парканы,51,4.0345,4.0512,21.5,True,OK,Комсомольская улица,n2457402062
3,2,Парканы,52,5.1068,4.0263,29.41,True,OK,Комсомольская улица,n2457278432
3,2,Парканы,53,4.0627,4.0735,19.41,True,OK,Комсомольская улица,n2457402065
3,2,Парканы,54,4.0345,4.0453,30.91,True,OK,Комсомольская улица,n2457278435
3,2,Парканы,55,4.08,4.0908,18.59,True,OK,Комсомольская улица,n2457402068
3,2,Парканы,56,5.0648,4.0683,31.58,True,OK,Комсомольская улица,n2457278439
3,2,Парканы,57,5.0224,4.1108,16.55,True,OK,Комсомольская улица,n2457402072
3,2,Парканы,58,4.0803,4.0911,32.93,True,OK,Комсомольская улица,n2457278442
3,2,Парканы,60,5.0048,4.1141,30.46,True,OK,Комсомольская улица,n2457278445
3,2,Парканы,61,5.0048,4.1319,17.39,True,OK,Комсомольская улица,n2457402075
3,2,Парканы,63,4.1428,4.1536,16.41,True,OK,Комсомольская улица,n2457402078
3,2,Парканы,64,4.1658,4.157,33.54,True,OK,Комсомольская улица,n2457278452
3,2,Парканы,65,4.9569,4.1762,15.06,True,OK,Комсомольская улица,n2457402081
3,2,Парканы,66,4.1659,4.1758,33.41,True,OK,Комсомольская улица,n2457278455
3,2,Парканы,67,4.1868,4.1976,16.19,True,OK,Комсомольская улица,n2457402085
3,2,Парканы,68,4.1872,4.1979,32.68,True,OK,Комсомольская улица,n2457278458
3,2,Парканы,69,4.9149,4.2245,18.04,True,OK,Комсомольская улица,n2457402037
3,2,Парканы,71,4.2359,4.2467,15.83,True,OK,Комсомольская улица,n2457441177
3,2,Парканы,72,4.8974,4.2357,32.79,True,OK,Комсомольская улица,n2457278414
3,2,Парканы,73,4.2606,4.2714,15.46,True,OK,Комсомольская улица,n2457441182
3,2,Парканы,74,4.8773,4.2558,31.11,True,OK,Комсомольская улица,n2457394273
3,2,Парканы,75,4.2764,4.2872,14.21,True,OK,Комсомольская улица,n2457441187
3,2,Парканы,76,4.282,4.2796,31.07,True,OK,Комсомольская улица,n2457394278
3,2,Парканы,77,4.2969,4.3077,12.62,True,OK,Комсомольская улица,n2457441194
3,2,Парканы,78,4.2868,4.2976,29.29,True,OK,Комсомольская улица,n2457394283
3,2,Парканы,80,4.8101,4.323,31.21,True,OK,Комсомольская улица,n2457394287
3,2,Парканы,82,4.7852,4.3479,28.51,True,OK,Комсомольская улица,n2457394293
3,2,Парканы,84,4.7446,4.3752,27.44,True,OK,Комсомольская улица,n2457394299
3,2,Парканы,86,4.7306,4.4025,28.82,True,OK,Комсомольская улица,n2457394304
3,2,Парканы,87,4.3906,4.4014,8.59,True,OK,Комсомольская улица,n2457441219
3,2,Парканы,88,4.7057,4.4274,29.11,True,OK,Комсомольская улица,n2457394309
3,2,Парканы,89,4.7152,4.4179,7.3,True,OK,Комсомольская улица,n2457441225
3,2,Парканы,90,4.4506,4.4515,28.85,True,OK,Комсомольская улица,n2457394314
3,2,Парканы,92,4.4727,4.4835,29.44,True,OK,Комсомольская улица,n2457394325
3,2,Парканы,93,4.4347,4.4454,8.62,True,OK,Комсомольская улица,n2457441236
3,2,Парканы,94,4.6046,4.5218,26.13,True,OK,Комсомольская улица,n2457394318
3,2,Парканы,95,4.6721,4.461,9.16,True,OK,Комсомольская улица,n2457441241
3,2,Парканы,97,4.4696,4.4803,13.81,True,OK,Комсомольская улица,n2457441247
3,2,Парканы,99,4.644,4.4892,10.81,True,OK,Комсомольская улица,n2457441252
3,2,Парканы,100,4.8019,4.8126,20.31,True,OK,Комсомольская улица,n2323152159
3,2,Парканы,101,4.4999,4.5106,13.68,True,OK,Комсомольская улица,n2457441257
3,2,Парканы,102,5.8023,4.831,20.3,True,OK,Комсомольская улица,n2457490492
3,2,Парканы,103,4.5167,4.5275,14.12,True,OK,Комсомольская улица,n2457441262
3,2,Парканы,104,5.7916,4.8459,21.2,True,OK,Комсомольская улица,n2457490500
3,2,Парканы,105,4.5337,4.5445,14.47,True,OK,Комсомольская улица,n2457441265
3,2,Парканы,106,5.7745,4.8629,23.03,True,OK,Комсомольская улица,n2457490507
3,2,Парканы,107,4.5719,4.5613,14.76,True,OK,Комсомольская улица,n2457441268
3,2,Парканы,108,4.87,4.8808,25.38,True,OK,Комсомольская улица,n2457490514
3,2,Парканы,109,4.5487,4.5595,15.0,True,OK,Комсомольская улица,n2323152149
3,2,Парканы,110,4.8899,4.9007,12.67,True,OK,Комсомольская улица,n2457490520
3,2,Парканы,111,4.5722,4.5858,12.9,True,OK,Комсомольская улица,n2323152150
3,2,Парканы,112,4.9117,4.9144,12.45,True,OK,Комсомольская улица,n2457490525
3,2,Парканы,113,5.0923,4.5992,11.16,True,OK,Комсомольская улица,n2457458969
3,2,Парканы,114,4.9151,4.9259,15.29,True,OK,Комсомольская улица,n2457490531
3,2,Парканы,115,5.0848,4.6142,12.48,True,OK,Комсомольская улица,n2457458970
3,2,Парканы,116,5.6976,4.9398,13.93,True,OK,Комсомольская улица,n2457490536
3,2,Парканы,117,5.0579,4.6336,12.71,True,OK,Комсомольская улица,n2457458971
3,2,Парканы,118,4.9537,4.9529,16.66,True,OK,Комсомольская улица,n2457490542
3,2,Парканы,119,4.6421,4.6528,11.01,True,OK,Комсомольская улица,n2457458972
3,2,Парканы,120,5.6729,4.9636,16.97,True,OK,Комсомольская улица,n2457490546
3,2,Парканы,121,4.6592,4.67,11.4,True,OK,Комсомольская улица,n2457458973
3,2,Парканы,124,4.9732,4.984,17.72,True,OK,Комсомольская улица,n2457490551
3,2,Парканы,125,5.0058,4.6857,11.49,True,OK,Комсомольская улица,n2457458974
3,2,Парканы,125,4.9887,4.7028,11.88,True,OK,Комсомольская улица,n2457458975
3,2,Парканы,126,5.6418,4.9956,17.98,True,OK,Комсомольская улица,n2457490558
3,2,Парканы,127,4.971,4.7205,13.01,True,OK,Комсомольская улица,n2457458977
3,2,Парканы,128,4.9982,5.009,19.22,True,OK,Комсомольская улица,n2457490581
3,2,Парканы,129,4.964,4.7345,13.24,True,OK,Комсомольская улица,n2457458979
3,2,Парканы,130,5.6146,5.0228,17.66,True,OK,Комсомольская улица,n2457490589
3,2,Парканы,131,5.8874,4.75,15.94,True,OK,Комсомольская улица,n2457458982
3,2,Парканы,132,5.0241,5.0349,18.72,True,OK,Комсомольская улица,n2457490597
3,2,Парканы,133,4.7544,4.7652,13.5,True,OK,Комсомольская улица,n2457458985
3,2,Парканы,134,5.0385,5.0492,17.96,True,OK,Комсомольская улица,n2457490606
3,2,Парканы,135,5.8575,4.7799,13.5,True,OK,Комсомольская улица,n2457458988
3,2,Парканы,136,5.0495,5.0603,17.43,True,OK,Комсомольская улица,n2457490613
3,2,Парканы,137,4.7874,4.7982,13.51,True,OK,Комсомольская улица,n2457458991
3,2,Парканы,138,5.0708,5.0745,18.06,True,OK,Комсомольская улица,n2457490618
3,2,Парканы,139,5.8211,4.8163,14.74,True,OK,Комсомольская улица,n2457458994
3,2,Парканы,140,5.0767,5.0875,17.15,True,OK,Комсомольская улица,n2457490624
3,2,Парканы,141,5.8031,4.8343,15.97,True,OK,Комсомольская улица,n2457458998
3,2,Парканы,142,5.0917,5.1025,20.81,True,OK,Комсомольская улица,n2457490630
3,2,Парканы,143,4.8455,4.8563,13.72,True,OK,Комсомольская улица,n2457459001
3,2,Парканы,143,4.8617,4.8725,12.4,True,OK,Комсомольская улица,n2457459004
3,2,Парканы,144,5.1059,5.1167,21.49,True,OK,Комсомольская улица,n2457490636
3,2,Парканы,145,4.8793,4.8901,11.3,True,OK,Комсомольская улица,n2457459007
3,2,Парканы,146,5.4941,5.1382,19.71,True,OK,Комсомольская улица,n2457490641
3,2,Парканы,147,5.7237,4.9137,13.04,True,OK,Комсомольская улица,n2457459010
3,2,Парканы,148,5.4835,5.1539,19.12,True,OK,Комсомольская улица,n2457490649
3,2,Парканы,149,5.7149,4.9269,11.15,True,OK,Комсомольская улица,n2457459013
3,2,Парканы,150,5.1622,5.1677,18.45,True,OK,Комсомольская улица,n2457490657
3,2,Парканы,151,4.9369,4.9476,8.69,True,OK,Комсомольская улица,n2457459016
3,2,Парканы,152,5.2154,5.215,17.34,True,OK,Комсомольская улица,n2457490665
3,2,Парканы,152,5.829,5.242,21.34,True,OK,Комсомольская улица,n2457490681
3,2,Парканы,153,5.6763,4.9611,12.38,True,OK,Комсомольская улица,n2457459019
3,2,Парканы,154,5.8443,5.2268,18.87,True,OK,Комсомольская улица,n2457490673
3,2,Парканы,154,5.8071,5.2519,26.39,True,OK,Комсомольская улица,n2457490689
3,2,Парканы,155,4.9651,4.9759,11.89,True,OK,Комсомольская улица,n2457459022
3,2,Парканы,156,5.7971,5.274,21.83,True,OK,Комсомольская улица,n2457490698
3,2,Парканы,157,5.6474,4.99,11.25,True,OK,Комсомольская улица,n2457459026
3,2,Парканы,158,5.7771,5.284,26.39,True,OK,Комсомольская улица,n2457490705
3,2,Парканы,159,5.6343,5.0031,12.2,True,OK,Комсомольская улица,n2457459029
3,2,Парканы,160,5.2859,5.2966,25.44,True,OK,Комсомольская улица,n2457490713
3,2,Парканы,161,5.6106,5.0268,10.88,True,OK,Комсомольская улица,n2457459032
3,2,Парканы,162,5.2971,5.3079,27.21,True,OK,Комсомольская улица,n2457490721
3,2,Парканы,163,5.0413,5.0521,10.78,True,OK,Комсомольская улица,n2457459035
3,2,Парканы,164,5.3169,5.3212,28.17,True,OK,Комсомольская улица,n2457490729
3,2,Парканы,165,5.063,5.0738,9.04,True,OK,Комсомольская улица,n2457459038
3,2,Парканы,166,5.6735,5.3976,22.07,True,OK,Комсомольская улица,n2457490764
3,2,Парканы,167,5.0879,5.0987,6.09,True,OK,Комсомольская улица,n2457459041
3,2,Парканы,168,5.3819,5.3927,7.12,True,OK,Комсомольская улица,n2323343668
3,2,Парканы,169,5.5064,5.131,5.56,True,OK,Комсомольская улица,n2457459044
3,2,Парканы,171,5.4733,5.1642,7.81,True,OK,Комсомольская улица,n2457459048
3,2,Парканы,173,5.4425,5.1949,8.17,True,OK,Комсомольская улица,n2323152070
3,2,Парканы,175,5.2532,5.2713,12.17,True,OK,Комсомольская улица,n2323152068
3,2,Парканы,1,4.8642,4.875,9.49,True,OK,Красный переулок,n2323343708
3,2,Парканы,2,5.099,4.8371,20.82,True,OK,Красный переулок,n2323343694
3,2,Парканы,2,5.0457,4.8904,22.03,True,OK,Красный переулок,n5026954963
3,2,Парканы,3,5.0103,4.9258,11.34,True,OK,Красный переулок,n2457583303
3,2,Парканы,4,4.8834,4.8942,21.15,True,OK,Красный переулок,n2457583319
3,2,Парканы,5,4.9768,4.9605,13.72,True,OK,Красный переулок,n2457583304
3,2,Парканы,7,4.9661,4.9769,12.78,True,OK,Красный переулок,n2457583305
3,2,Парканы,8,5.8885,4.9965,23.9,True,OK,Красный переулок,n2457583298
3,2,Парканы,9,4.987,4.9978,11.36,True,OK,Красный переулок,n2457583306
3,2,Парканы,10,5.0049,5.0157,24.34,True,OK,Красный переулок,n2457583297
3,2,Парканы,11,5.8398,5.0452,12.71,True,OK,Красный переулок,n2457583301
3,2,Парканы,11,5.0138,5.0246,12.9,True,OK,Красный переулок,n2457583302
3,2,Парканы,12,5.0216,5.0323,23.32,True,OK,Красный переулок,n2457583296
3,2,Парканы,13,5.0519,5.0627,13.24,True,OK,Красный переулок,n2457583300
3,2,Парканы,15,5.8157,5.0693,17.03,True,OK,Красный переулок,n2323343709
3,2,Парканы,28,5.0982,4.8379,11.68,True,OK,Красный переулок,n2323343707
4,2,Парканы,1,5.2739,5.2307,10.47,True,OK,Молодёжная улица,n2323674233
4,2,Парканы,2,6.2041,5.2561,8.74,True,OK,Молодёжная улица,n2323674234
4,2,Парканы,3,5.2649,5.2757,12.88,True,OK,Молодёжная улица,n2459265229
4,2,Парканы,4,6.1821,5.2781,10.1,True,OK,Молодёжная улица,n2459265255
4,2,Парканы,5,5.2907,5.3015,12.5,True,OK,Молодёжная улица,n2459265230
4,2,Парканы,6,5.2841,5.2949,10.54,True,OK,Молодёжная улица,n2459265256
4,2,Парканы,7,5.3152,5.3259,11.54,True,OK,Молодёжная улица,n2459265231
4,2,Парканы,9,5.3362,5.347,10.36,True,OK,Молодёжная улица,n2459265232
4,2,Парканы,10,6.1332,5.327,8.79,True,OK,Молодёжная улица,n2459265257
4,2,Парканы,11,5.3601,5.3709,11.11,True,OK,Молодёжная улица,n2459265233
4,2,Парканы,12,6.1117,5.3486,8.44,True,OK,Молодёжная улица,n2459265258
4,2,Парканы,13,5.3805,5.3913,11.64,True,OK,Молодёжная улица,n2459265234
4,2,Парканы,14,5.3636,5.3743,8.82,True,OK,Молодёжная улица,n2459265259
4,2,Парканы,15,6.0444,5.4158,10.68,True,OK,Молодёжная улица,n2459265235
4,2,Парканы,16,5.3851,5.3959,8.47,True,OK,Молодёжная улица,n2459265260
4,2,Парканы,17,5.4289,5.4397,11.42,True,OK,Молодёжная улица,n2459265237
4,2,Парканы,18,5.4055,5.4163,7.94,True,OK,Молодёжная улица,n2459265261
4,2,Парканы,19,5.9913,5.4689,11.26,True,OK,Молодёжная улица,n2459265236
4,2,Парканы,20,5.4247,5.4355,7.99,True,OK,Молодёжная улица,n2459265262
4,2,Парканы,21,5.9724,5.4917,12.19,True,OK,Молодёжная улица,n2459265238
4,2,Парканы,22,5.4438,5.4546,8.04,True,OK,Молодёжная улица,n2459265263
4,2,Парканы,23,5.9457,5.5145,13.24,True,OK,Молодёжная улица,n2459265239
4,2,Парканы,24,5.464,5.4748,8.27,True,OK,Молодёжная улица,n2459265264
4,2,Парканы,24,5.517,5.5277,25.86,True,OK,Молодёжная улица,n4816664634
4,2,Парканы,25,5.5277,5.5384,14.11,True,OK,Молодёжная улица,n2459265240
4,2,Парканы,26,5.9622,5.498,6.52,True,OK,Молодёжная улица,n2459265265
4,2,Парканы,27,5.5572,5.568,14.87,True,OK,Молодёжная улица,n2459265242
4,2,Парканы,28,5.5106,5.5214,7.16,True,OK,Молодёжная улица,n2459265266
4,2,Парканы,29,5.8654,5.5948,14.46,True,OK,Молодёжная улица,n2459265245
4,2,Парканы,30,5.5311,5.5419,6.52,True,OK,Молодёжная улица,n2459265267
4,2,Парканы,31,5.8414,5.6188,15.34,True,OK,Молодёжная улица,n2459265248
4,2,Парканы,32,5.8917,5.5685,7.7,True,OK,Молодёжная улица,n2459265268
4,2,Парканы,33,5.6327,5.6435,15.29,True,OK,Молодёжная улица,n2459265251
4,2,Парканы,34,5.5838,5.5946,7.17,True,OK,Молодёжная улица,n2459265269
4,2,Парканы,35,5.6534,5.6642,16.71,True,OK,Молодёжная улица,n2459265253
4,2,Парканы,36,5.6056,5.6164,5.94,True,OK,Молодёжная улица,n2459265270
4,2,Парканы,37,5.6816,5.6924,16.91,True,OK,Молодёжная улица,n2459265254
4,2,Парканы,38,5.6319,5.6427,4.63,True,OK,Молодёжная улица,n2459265271
4,2,Парканы,39,5.7066,5.7217,19.87,True,OK,Молодёжная улица,n2323674235
4,2,Парканы,40,5.6543,5.6651,5.08,True,OK,Молодёжная улица,n2459265272
4,2,Парканы,41,5.7396,5.7207,10.61,True,OK,Молодёжная улица,n2323674236
4,2,Парканы,42,5.6772,5.688,7.23,True,OK,Молодёжная улица,n2459265273
4,2,Парканы,43,5.7564,5.7672,17.82,True,OK,Молодёжная улица,n2459265287
4,2,Парканы,44,5.7105,5.7213,9.78,True,OK,Молодёжная улица,n2459265274
4,2,Парканы,44,6.133,5.761,16.38,True,OK,Молодёжная улица,n4816665209
4,2,Парканы,45,6.1032,5.7909,18.1,True,OK,Молодёжная улица,n2459265288
4,2,Парканы,45,6.0959,5.7981,16.16,True,OK,Молодёжная улица,n4816665035
4,2,Парканы,46,5.7365,5.7473,6.23,True,OK,Молодёжная улица,n2459265275
4,2,Парканы,46,6.1096,5.7844,28.04,True,OK,Молодёжная улица,n4816665210
4,2,Парканы,47,6.0829,5.8111,18.12,True,OK,Молодёжная улица,n2459265289
4,2,Парканы,48,6.1211,5.7729,7.06,True,OK,Молодёжная улица,n2459265276
4,2,Парканы,48,6.0854,5.8087,22.26,True,OK,Молодёжная улица,n4816665316
4,2,Парканы,49,6.059,5.8351,16.83,True,OK,Молодёжная улица,n2459265290
4,2,Парканы,50,5.7856,5.7964,7.54,True,OK,Молодёжная улица,n2459265277
4,2,Парканы,50,6.0627,5.8313,25.51,True,OK,Молодёжная улица,n4816665317
4,2,Парканы,51,5.8444,5.8552,16.37,True,OK,Молодёжная улица,n2459265291
4,2,Парканы,52,5.8117,5.8225,6.84,True,OK,Молодёжная улица,n2459265278
4,2,Парканы,53,6.0165,5.8775,15.53,True,OK,Молодёжная улица,n2459265292
4,2,Парканы,54,6.0443,5.8498,5.36,True,OK,Молодёжная улица,n2459265279
4,2,Парканы,55,5.8893,5.9001,15.44,True,OK,Молодёжная улица,n2459265293
4,2,Парканы,55,5.9694,5.9247,15.91,True,OK,Молодёжная улица,n4816665213
4,2,Парканы,56,6.0161,5.8779,5.65,True,OK,Молодёжная улица,n2459265280
4,2,Парканы,56,5.8967,5.9075,25.46,True,OK,Молодёжная улица,n4816665319
4,2,Парканы,57,5.9694,5.9247,15.91,True,OK,Молодёжная улица,n2459265294
4,2,Парканы,58,5.8994,5.9102,7.39,True,OK,Молодёжная улица,n2459265281
4,2,Парканы,59,5.9425,5.9515,15.37,True,OK,Молодёжная улица,n2459265295
4,2,Парканы,60,5.9531,5.941,6.19,True,OK,Молодёжная улица,n2459265282
4,2,Парканы,61,5.9702,5.9238,15.99,True,OK,Молодёжная улица,n2459265296
4,2,Парканы,61,6.005,5.889,18.94,True,OK,Молодёжная улица,n4816665215
4,2,Парканы,62,5.961,5.933,4.98,True,OK,Молодёжная улица,n2459265283
4,2,Парканы,64,5.9937,5.9003,4.9,True,OK,Молодёжная улица,n2459265284
4,2,Парканы,65,6.0316,5.8624,17.64,True,OK,Молодёжная улица,n2459265297
4,2,Парканы,66,5.8574,5.8681,6.35,True,OK,Молодёжная улица,n2459265285
4,2,Парканы,68,6.0554,5.8386,5.72,True,OK,Молодёжная улица,n2459265286
4,2,Парканы,69,5.7646,5.7754,15.06,True,OK,Молодёжная улица,n2323674239
4,2,Парканы,70,5.8055,5.8163,6.3,True,OK,Молодёжная улица,n2323674238
4,2,Парканы,71,6.8611,5.8121,22.55,True,OK,Молодёжная улица,n4816665218
4,2,Парканы,72,6.2061,5.8011,8.72,True,OK,Молодёжная улица,n2323674240
4,2,Парканы,73,5.8297,5.8405,14.46,True,OK,Молодёжная улица,n2459265306
4,2,Парканы,74,6.8535,5.8213,8.74,True,OK,Молодёжная улица,n2459265299
4,2,Парканы,75,6.8151,5.8597,14.52,True,OK,Молодёжная улица,n2459265307
4,2,Парканы,76,5.8311,5.8419,9.04,True,OK,Молодёжная улица,n2459265300
4,2,Парканы,77,6.7979,5.8769,15.69,True,OK,Молодёжная улица,n2459265308
4,2,Парканы,78,6.8167,5.8581,7.7,True,OK,Молодёжная улица,n2459265301
4,2,Парканы,79,5.8859,5.8967,14.04,True,OK,Молодёжная улица,n2459265309
4,2,Парканы,79,5.926,5.9368,24.25,True,OK,Молодёжная улица,n4816665220
4,2,Парканы,80,6.7967,5.8781,8.58,True,OK,Молодёжная улица,n2459265302
4,2,Парканы,81,5.9053,5.9161,14.86,True,OK,Молодёжная улица,n2459265310
4,2,Парканы,82,5.8825,5.8933,10.28,True,OK,Молодёжная улица,n2459265303
4,2,Парканы,83,6.7374,5.9374,15.37,True,OK,Молодёжная улица,n2459265319
4,2,Парканы,84,5.9011,5.9119,8.52,True,OK,Молодёжная улица,n2459265304
4,2,Парканы,85,5.9471,5.9579,16.14,True,OK,Молодёжная улица,n2459265320
4,2,Парканы,86,5.9266,5.9373,10.19,True,OK,Молодёжная улица,n2459265311
4,2,Парканы,87,6.6996,5.9752,17.43,True,OK,Молодёжная улица,n2459265321
4,2,Парканы,88,5.9447,5.9555,9.84,True,OK,Молодёжная улица,n2459265312
4,2,Парканы,89,5.9812,5.992,17.18,True,OK,Молодёжная улица,n2459265322
4,2,Парканы,90,6.7008,5.974,7.97,True,OK,Молодёжная улица,n2459265313
4,2,Парканы,91,5.998,6.0088,16.94,True,OK,Молодёжная улица,n2459265323
4,2,Парканы,92,5.9854,5.9962,9.05,True,OK,Молодёжная улица,n2459265314
4,2,Парканы,93,6.6466,6.0282,17.89,True,OK,Молодёжная улица,n2459265324
4,2,Парканы,94,6.6538,6.021,8.95,True,OK,Молодёжная улица,n2459265315
4,2,Парканы,95,6.6288,6.046,17.48,True,OK,Молодёжная улица,n2459265325
4,2,Парканы,96,6.634,6.0408,6.48,True,OK,Молодёжная улица,n2459265316
4,2,Парканы,97,6.6146,6.0602,16.05,True,OK,Молодёжная улица,n2459265326
4,2,Парканы,98,6.0511,6.0619,7.39,True,OK,Молодёжная улица,n2459265317
4,2,Парканы,98,6.0466,6.0574,29.06,True,OK,Молодёжная улица,n4816665821
4,2,Парканы,99,6.0678,6.0786,17.16,True,OK,Молодёжная улица,n2459265327
4,2,Парканы,100,6.0692,6.08,7.04,True,OK,Молодёжная улица,n2459265318
4,2,Парканы,101,6.5788,6.096,15.23,True,OK,Молодёжная улица,n2459265328
4,2,Парканы,105,6.5468,6.128,17.47,True,OK,Молодёжная улица,n2459265330
4,2,Парканы,107,6.1336,6.1443,15.76,True,OK,Молодёжная улица,n2459265331
4,2,Парканы,109,6.1514,6.1622,15.42,True,OK,Молодёжная улица,n2459265332
4,2,Парканы,111,6.1666,6.1773,17.09,True,OK,Молодёжная улица,n2459265352
4,2,Парканы,112,6.0919,6.1027,6.57,True,OK,Молодёжная улица,n2459265333
4,2,Парканы,113,6.4833,6.1915,15.72,True,OK,Молодёжная улица,n2459265356
4,2,Парканы,114,6.5531,6.1217,7.08,True,OK,Молодёжная улица,n2459265334
4,2,Парканы,115,6.4686,6.2062,15.87,True,OK,Молодёжная улица,n2459265358
4,2,Парканы,116,6.5326,6.1422,6.23,True,OK,Молодёжная улица,n2459265335
4,2,Парканы,117,6.4471,6.2277,15.74,True,OK,Молодёжная улица,n2459265362
4,2,Парканы,118,6.5167,6.1581,5.48,True,OK,Молодёжная улица,n2459265336
4,2,Парканы,119,6.4247,6.2501,15.38,True,OK,Молодёжная улица,n2459265365
4,2,Парканы,120,6.1693,6.1801,7.24,True,OK,Молодёжная улица,n2459265339
4,2,Парканы,121,6.2837,6.2945,17.1,True,OK,Молодёжная улица,n2323674243
4,2,Парканы,121,6.2651,6.2759,15.26,True,OK,Молодёжная улица,n2459265368
4,2,Парканы,122,6.1914,6.2022,8.24,True,OK,Молодёжная улица,n2459265341
4,2,Парканы,124,6.4519,6.2229,6.7,True,OK,Молодёжная улица,n2459265349
3,2,Парканы,1,4.5658,4.3829,7.45,True,OK,Пионерская улица,n2323343681
3,2,Парканы,2,4.3353,4.3423,22.94,True,OK,Пионерская улица,n2323343667
3,2,Парканы,3,4.438,4.4488,7.6,True,OK,Пионерская улица,n2323343680
3,2,Парканы,4,4.539,4.4098,24.84,True,OK,Пионерская улица,n2457584907
3,2,Парканы,5,4.7671,4.7778,11.36,True,OK,Пионерская улица,n2323152122
3,2,Парканы,6,4.4183,4.4291,24.32,True,OK,Пионерская улица,n2457584908
3,2,Парканы,7,4.9093,4.9201,5.88,True,OK,Пионерская улица,n2323152108
3,2,Парканы,8,4.4367,4.4475,24.63,True,OK,Пионерская улица,n2457584909
3,2,Парканы,9,4.9913,5.002,5.67,True,OK,Пионерская улица,n2323152107
3,2,Парканы,10,4.4845,4.4642,25.52,True,OK,Пионерская улица,n2457584910
3,2,Парканы,12,4.4678,4.4786,26.41,True,OK,Пионерская улица,n2457584911
3,2,Парканы,14,4.4492,4.46,25.65,True,OK,Пионерская улица,n2457584912
3,2,Парканы,16,4.4254,4.4362,27.68,True,OK,Пионерская улица,n2457584913
3,2,Парканы,18,4.6605,4.4726,24.26,True,OK,Пионерская улица,n2457441279
3,2,Парканы,18а,4.4302,4.441,35.22,True,OK,Пионерская улица,w237873683
3,2,Парканы,20,4.6383,4.4948,21.45,True,OK,Пионерская улица,n2457441274
3,2,Парканы,22,4.6159,4.5172,22.09,True,OK,Пионерская улица,n2457394323
3,2,Парканы,26,4.8739,4.604,26.74,True,OK,Пионерская улица,n2323152148
3,2,Парканы,28,4.9944,4.7878,15.36,True,OK,Пионерская улица,n2323152126
3,2,Парканы,30,4.9061,4.8761,16.99,True,OK,Пионерская улица,n2323152125
3,2,Парканы,32,5.1304,4.9066,28.57,True,OK,Пионерская улица,n2323152111
3,2,Парканы,83,5.0038,5.0146,17.43,True,OK,Пионерская улица,w306087432
3,2,Парканы,85,5.2134,5.0267,8.6,True,OK,Пионерская улица,w285196658
3,2,Парканы,88а,5.0097,5.0205,17.46,True,OK,Пионерская улица,w285196655
3,2,Парканы,98,4.6188,4.5143,22.8,True,OK,Пионерская улица,n2323152155
3,2,Парканы,100а,4.6853,4.6961,12.01,True,OK,Пионерская улица,n2323152145
3,2,Парканы,103,4.3038,4.3146,15.96,True,OK,Пионерская улица,n2323343682
2,2,Парканы,1,3.385,3.3958,16.59,True,OK,Садовая улица,n2323407286
2,2,Парканы,2,4.5972,3.3922,13.49,True,OK,Садовая улица,n2323407284
2,2,Парканы,3,4.5733,3.4161,16.16,True,OK,Садовая улица,n2459596448
2,2,Парканы,4,3.4007,3.4114,13.68,True,OK,Садовая улица,n2459596423
2,2,Парканы,5,3.4268,3.4376,18.77,True,OK,Садовая улица,n2459596449
2,2,Парканы,5а,4.5308,3.4586,17.34,True,OK,Садовая улица,n2459596450
2,2,Парканы,6,4.5532,3.4362,14.3,True,OK,Садовая улица,n2459596424
2,2,Парканы,7,3.4698,3.4806,18.19,True,OK,Садовая улица,n2459596451
2,2,Парканы,9,4.4933,3.496,17.18,True,OK,Садовая улица,n2459596452
2,2,Парканы,10,3.4683,3.4791,12.35,True,OK,Садовая улица,n2459596426
2,2,Парканы,11,4.4768,3.5126,15.93,True,OK,Садовая улица,n2459596453
2,2,Парканы,12,4.4828,3.5066,14.44,True,OK,Садовая улица,n2459596427
2,2,Парканы,13,4.4607,3.5287,16.44,True,OK,Садовая улица,n2459596454
2,2,Парканы,14,4.4598,3.5296,13.82,True,OK,Садовая улица,n2459596428
2,2,Парканы,15,3.5382,3.549,16.0,True,OK,Садовая улица,n2459596455
2,2,Парканы,16,4.4422,3.5471,15.31,True,OK,Садовая улица,n2459596429
2,2,Парканы,17,4.4216,3.5678,17.57,True,OK,Садовая улица,n2459596456
2,2,Парканы,18,4.4239,3.5654,17.79,True,OK,Садовая улица,n2459596430
2,2,Парканы,19,3.5773,3.5881,17.13,True,OK,Садовая улица,n2459596457
2,2,Парканы,20,4.4023,3.5871,17.7,True,OK,Садовая улица,n2459596431
2,2,Парканы,21,3.5958,3.6066,17.93,True,OK,Садовая улица,n2459596458
2,2,Парканы,22,4.3865,3.6029,17.95,True,OK,Садовая улица,n2459596432
2,2,Парканы,23,4.3656,3.6238,18.21,True,OK,Садовая улица,n2459596459
2,2,Парканы,24,4.3604,3.629,18.04,True,OK,Садовая улица,n2459596433
2,2,Парканы,25,4.3539,3.6354,18.9,True,OK,Садовая улица,n2459596460
2,2,Парканы,26,3.6583,3.669,14.62,True,OK,Садовая улица,n2459596434
2,2,Парканы,27,3.6469,3.6577,20.51,True,OK,Садовая улица,n2459596461
2,2,Парканы,28,3.6816,3.6924,15.76,True,OK,Садовая улица,n2459596435
2,2,Парканы,29,3.6666,3.6773,18.55,True,OK,Садовая улица,n2459596462
2,2,Парканы,30,4.2639,3.7254,13.3,True,OK,Садовая улица,n2459596436
2,2,Парканы,31,4.2925,3.6969,19.12,True,OK,Садовая улица,n2459596463
2,2,Парканы,32,3.7402,3.751,14.23,True,OK,Садовая улица,n2459596437
2,2,Парканы,33,3.7033,3.7141,19.39,True,OK,Садовая улица,n2459596464
2,2,Парканы,34,4.2128,3.7766,15.17,True,OK,Садовая улица,n2459596438
2,2,Парканы,35,3.7182,3.729,18.99,True,OK,Садовая улица,n2459596465
2,2,Парканы,36,4.1827,3.8067,16.04,True,OK,Садовая улица,n2459596439
2,2,Парканы,37,3.7355,3.7463,20.2,True,OK,Садовая улица,n2459596466
2,2,Парканы,38,4.1462,3.8431,14.72,True,OK,Садовая улица,n2459596440
2,2,Парканы,39,4.2253,3.7641,19.72,True,OK,Садовая улица,n2459596467
2,2,Парканы,40,3.8616,3.8724,14.65,True,OK,Садовая улица,n2459596441
2,2,Парканы,41,3.7712,3.782,19.23,True,OK,Садовая улица,n2459596468
2,2,Парканы,42,4.0969,3.8925,19.21,True,OK,Садовая улица,n2459596442
2,2,Парканы,43,4.1896,3.7998,18.75,True,OK,Садовая улица,n2459596469
2,2,Парканы,44,4.058,3.9402,25.72,True,OK,Садовая улица,n2459596443
2,2,Парканы,45,4.172,3.8174,17.5,True,OK,Садовая улица,n2459596470
2,2,Парканы,46,4.0277,3.9617,24.16,True,OK,Садовая улица,n2459596444
2,2,Парканы,47,4.1503,3.8391,14.8,True,OK,Садовая улица,n2459596471
2,2,Парканы,48,4.0089,3.9804,19.92,True,OK,Садовая улица,n2459596445
2,2,Парканы,49,4.1333,3.8561,15.25,True,OK,Садовая улица,n2459596472
2,2,Парканы,50,3.9898,3.9996,17.01,True,OK,Садовая улица,n2459596446
2,2,Парканы,51,3.8631,3.8739,14.76,True,OK,Садовая улица,n2459596473
2,2,Парканы,51а,4.0964,3.893,10.46,True,OK,Садовая улица,n2459596474
2,2,Парканы,52,4.0132,3.9761,14.75,True,OK,Садовая улица,n2459596447
2,2,Парканы,53,4.0815,3.9078,3.18,True,OK,Садовая улица,n2459596475
3,2,Парканы,54,5.1995,4.0658,10.42,True,OK,Садовая улица,n2323407288
2,2,Парканы,55,3.9123,3.9231,2.37,True,OK,Садовая улица,n2459596476
3,2,Парканы,56,5.1768,4.0885,9.49,True,OK,Садовая улица,n2459596514
2,2,Парканы,57,3.9305,3.9413,4.03,True,OK,Садовая улица,n2459596477
3,2,Парканы,58,4.1043,4.1151,9.96,True,OK,Садовая улица,n2459596515
2,2,Парканы,59,4.0233,3.9661,6.31,True,OK,Садовая улица,n2459596478
3,2,Парканы,60,5.1242,4.1412,11.19,True,OK,Садовая улица,n2459596516
2,2,Парканы,61,4.0066,3.9828,12.56,True,OK,Садовая улица,n2459596479
3,2,Парканы,62,4.1564,4.1672,10.55,True,OK,Садовая улица,n2459596517
2,2,Парканы,63,3.9885,3.9993,14.77,True,OK,Садовая улица,n2459596480
3,2,Парканы,64,5.0731,4.1923,9.57,True,OK,Садовая улица,n2459596518
2,2,Парканы,65,3.967,3.9778,13.63,True,OK,Садовая улица,n2459596481
3,2,Парканы,66,4.2042,4.215,8.64,True,OK,Садовая улица,n2459596519
2,2,Парканы,67,4.0893,3.9858,12.34,True,OK,Садовая улица,n2459596482
3,2,Парканы,68,4.2278,4.2386,8.06,True,OK,Садовая улица,n2459596520
2,2,Парканы,69,4.0561,4.019,10.58,True,OK,Садовая улица,n2459596483
3,2,Парканы,70,4.2534,4.2642,8.18,True,OK,Садовая улица,n2459596521
3,2,Парканы,71,4.0228,4.0335,8.86,True,OK,Садовая улица,n2459596484
3,2,Парканы,72,4.2743,4.2851,8.42,True,OK,Садовая улица,n2459596522
3,2,Парканы,73,4.0398,4.0506,9.82,True,OK,Садовая улица,n2459596485
3,2,Парканы,74,4.3055,4.3163,7.33,True,OK,Садовая улица,n2459596523
3,2,Парканы,75,5.2016,4.0666,6.75,True,OK,Садовая улица,n2459596486
3,2,Парканы,76,4.3335,4.3443,8.95,True,OK,Садовая улица,n2459596524
3,2,Парканы,77,4.0662,4.077,6.63,True,OK,Садовая улица,n2459596487
3,2,Парканы,77а,5.1751,4.0902,7.33,True,OK,Садовая улица,n2459596488
3,2,Парканы,78,4.358,4.3688,8.58,True,OK,Садовая улица,n2459596525
2,2,Парканы,79,5.1623,4.103,7.27,True,OK,Садовая улица,n2459596489
2,2,Парканы,79,4.0507,4.0245,21.13,True,OK,Садовая улица,w315424002
3,2,Парканы,80,4.8676,4.3977,10.51,True,OK,Садовая улица,n2459596526
3,2,Парканы,81,4.1055,4.1163,7.96,True,OK,Садовая улица,n2459596490
3,2,Парканы,81,4.0282,4.0402,15.28,True,OK,Садовая улица,w438647735
3,2,Парканы,82,4.8428,4.4226,9.38,True,OK,Садовая улица,n2459596527
3,2,Парканы,82,4.4392,4.45,16.34,True,OK,Садовая улица,n4466335379
3,2,Парканы,83,5.1339,4.1314,7.96,True,OK,Садовая улица,n2459596491
3,2,Парканы,84,4.4396,4.4504,8.07,True,OK,Садовая улица,n2459596528
3,2,Парканы,85,4.1467,4.1575,6.73,True,OK,Садовая улица,n2459596492
3,2,Парканы,85,4.0529,4.07,16.52,True,OK,Садовая улица,w315424007
3,2,Парканы,85а,5.122,4.1433,6.39,True,OK,Садовая улица,n2459596493
3,2,Парканы,85а,5.2078,4.0575,15.36,True,OK,Садовая улица,w315424005
3,2,Парканы,86,4.4664,4.4772,0.77,True,OK,Садовая улица,n2459596529
3,2,Парканы,87,5.0799,4.1855,6.67,True,OK,Садовая улица,n2459596495
3,2,Парканы,87а,5.0946,4.1708,7.43,True,OK,Садовая улица,n2459596494
3,2,Парканы,88,4.743,4.5223,6.97,True,OK,Садовая улица,n2323589005
3,2,Парканы,88,4.493,4.5038,1.75,True,OK,Садовая улица,n2459596530
3,2,Парканы,89,5.0661,4.1992,6.26,True,OK,Садовая улица,n2459596496
3,2,Парканы,91,5.0501,4.2153,7.77,True,OK,Садовая улица,n2459596497
3,2,Парканы,92,4.5967,4.6075,11.92,True,OK,Садовая улица,n2459596539
3,2,Парканы,94,,4.6426,12.67,True,OK,Садовая улица,n2459596538
3,2,Парканы,95,5.0203,4.2451,8.87,True,OK,Садовая улица,n2459596499
3,2,Парканы,96,4.6621,4.6729,14.82,True,OK,Садовая улица,n2323589016
3,2,Парканы,97,4.2489,4.2597,9.97,True,OK,Садовая улица,n2459596500
3,2,Парканы,99,4.9891,4.2763,10.38,True,OK,Садовая улица,n2459596501
3,2,Парканы,101,4.2665,4.2773,8.16,True,OK,Садовая улица,n2459596502
3,2,Парканы,101а,4.9626,4.3027,11.77,True,OK,Садовая улица,n2459596503
3,2,Парканы,103,4.955,4.3155,10.62,True,OK,Садовая улица,n2459596504
3,2,Парканы,105,4.3192,4.3299,9.66,True,OK,Садовая улица,n2459596505
3,2,Парканы,107,4.9183,4.347,11.43,True,OK,Садовая улица,n2459596506
3,2,Парканы,109,4.3525,4.3633,11.67,True,OK,Садовая улица,n2459596507
3,2,Парканы,111,4.8867,4.3786,12.23,True,OK,Садовая улица,n2459596508
3,2,Парканы,113,4.869,4.3963,12.93,True,OK,Садовая улица,n2459596509
3,2,Парканы,115,4.8464,4.4189,12.09,True,OK,Садовая улица,n2459596510
3,2,Парканы,117,4.8287,4.4366,12.79,True,OK,Садовая улица,n2459596511
3,2,Парканы,119,4.8071,4.4582,14.15,True,OK,Садовая улица,n2459596512
3,2,Парканы,121,4.7832,4.4822,20.68,True,OK,Садовая улица,n2459596513
3,2,Парканы,125,4.5684,4.5792,19.31,True,OK,Садовая улица,n2323589008
3,2,Парканы,127,4.6144,4.6252,18.41,True,OK,Садовая улица,n2459596540
3,2,Парканы,129,4.6635,4.6742,13.52,True,OK,Садовая улица,n2323589013
4,2,Парканы,5,,5.544,21.74,True,OK,Светлая улица,w306081930
4,2,Парканы,2,6.7188,5.2884,12.55,True,OK,Степная улица,n2323674245
4,2,Парканы,4,5.2953,5.3061,12.37,True,OK,Степная улица,n2459281647
4,2,Парканы,6,6.6812,5.326,13.47,True,OK,Степная улица,n2459281650
4,2,Парканы,8,6.6628,5.3444,15.92,True,OK,Степная улица,n2459281653
4,2,Парканы,10,6.645,5.3621,16.65,True,OK,Степная улица,n2459281656
4,2,Парканы,12,5.3702,5.381,17.56,True,OK,Степная улица,n2459281659
4,2,Парканы,14,5.3869,5.3977,18.1,True,OK,Степная улица,n2459281662
4,2,Парканы,16,6.5914,5.4158,18.07,True,OK,Степная улица,n2459281665
4,2,Парканы,18,5.4199,5.4307,17.47,True,OK,Степная улица,n2459281668
4,2,Парканы,20,6.5595,5.4476,17.25,True,OK,Степная улица,n2459281672
4,2,Парканы,22,6.5386,5.4686,17.93,True,OK,Степная улица,n2459281676
4,2,Парканы,24,6.5228,5.4844,17.33,True,OK,Степная улица,n2459281679
4,2,Парканы,26,6.5072,5.5,17.5,True,OK,Степная улица,n2459281682
4,2,Парканы,28,5.5073,5.5181,16.38,True,OK,Степная улица,n2459281685
4,2,Парканы,30,6.4736,5.5336,17.31,True,OK,Степная улица,n2459281692
4,2,Парканы,32,5.5444,5.5552,15.79,True,OK,Степная улица,n2459281695
4,2,Парканы,34,6.4364,5.5708,15.96,True,OK,Степная улица,n2459281698
4,2,Парканы,36,6.423,5.5842,15.13,True,OK,Степная улица,n2459281701
4,2,Парканы,38,5.5919,5.6027,17.3,True,OK,Степная улица,n2459281704
4,2,Парканы,40,5.6065,5.6173,17.26,True,OK,Степная улица,n2459281707
4,2,Парканы,42,5.6227,5.6335,15.87,True,OK,Степная улица,n2459281710
4,2,Парканы,44,6.3566,5.6506,18.64,True,OK,Степная улица,n2459281713
4,2,Парканы,46,6.3375,5.6668,17.25,True,OK,Степная улица,n2459281716
4,2,Парканы,48,5.6687,5.6795,17.45,True,OK,Степная улица,n2459281719
4,2,Парканы,50,6.3137,5.6935,19.32,True,OK,Степная улица,n2459281722
4,2,Парканы,52,6.2989,5.7083,18.9,True,OK,Степная улица,n2459281725
4,2,Парканы,54,6.2833,5.7239,19.44,True,OK,Степная улица,n2459281727
4,2,Парканы,56,6.2681,5.7391,18.26,True,OK,Степная улица,n2459281729
4,2,Парканы,58,6.2554,5.7518,17.43,True,OK,Степная улица,n2459281735
4,2,Парканы,60,5.755,5.7658,19.29,True,OK,Степная улица,n2459281732
4,2,Парканы,62,6.2255,5.7817,19.08,True,OK,Степная улица,n2459281738
4,2,Парканы,64,6.2101,5.7971,17.13,True,OK,Степная улица,n2459281741
4,2,Парканы,66,5.8017,5.8125,18.43,True,OK,Степная улица,n2459281742
4,2,Парканы,68,5.8176,5.8284,18.21,True,OK,Степная улица,n2459281743
4,2,Парканы,70,5.8351,5.8459,16.67,True,OK,Степная улица,n2459281744
4,2,Парканы,72,6.1407,5.8665,18.99,True,OK,Степная улица,n2459281745
4,2,Парканы,74,6.1234,5.8838,19.44,True,OK,Степная улица,n2459281746
4,2,Парканы,76,5.891,5.9017,19.95,True,OK,Степная улица,n2459281747
4,2,Парканы,78,5.9089,5.9197,20.47,True,OK,Степная улица,n2459281748
4,2,Парканы,80,5.9247,5.9355,20.54,True,OK,Степная улица,n2459281749
4,2,Парканы,82,5.9443,5.9551,20.06,True,OK,Степная улица,n2459281750
4,2,Парканы,84,5.9622,5.973,20.17,True,OK,Степная улица,n2459281751
4,2,Парканы,86,6.015,5.9922,19.67,True,OK,Степная улица,n2459281752
4,2,Парканы,88,5.9993,6.0079,19.77,True,OK,Степная улица,n2459281753
4,2,Парканы,90,5.982,5.9928,17.91,True,OK,Степная улица,n2459281754
4,2,Парканы,92,6.0304,5.9768,16.95,True,OK,Степная улица,n2459281755
4,2,Парканы,94,5.9435,5.9543,16.9,True,OK,Степная улица,n2459281756
4,2,Парканы,96,5.9245,5.9353,17.16,True,OK,Степная улица,n2323674247
2,2,Парканы,1,3.7823,3.7607,19.12,True,OK,улица Благоева,n2323407123
2,2,Парканы,1,4.1563,4.1671,15.41,True,OK,улица Благоева,n6861280577
2,2,Парканы,1,,3.6836,27.62,True,OK,улица Благоева,n6861282656
2,2,Парканы,1,,4.1055,12.97,True,OK,улица Благоева,n6861290589
2,2,Парканы,5,4.6881,3.8351,14.53,True,OK,улица Благоева,n2458446887
2,2,Парканы,5,4.8215,3.7075,55.44,True,OK,улица Благоева,w284652715
2,2,Парканы,6,5.0108,3.6274,28.84,True,OK,улица Благоева,n2460744718
2,2,Парканы,6,3.6202,3.4526,24.38,True,OK,улица Благоева,w428539148
2,2,Парканы,7,3.841,3.8518,14.53,True,OK,улица Благоева,n2458446891
2,2,Парканы,7,,3.9372,37.67,True,OK,улица Благоева,w284658608
2,2,Парканы,8,3.6326,3.6434,27.89,True,OK,улица Благоева,n2460744721
2,2,Парканы,8,3.4756,3.4864,25.6,True,OK,улица Благоева,w428539149
2,2,Парканы,9,3.8595,3.8742,14.38,True,OK,улица Благоева,n2458446894
2,2,Парканы,10,5.0766,3.5615,31.01,True,OK,улица Благоева,w284652434
2,2,Парканы,12,3.5726,3.5003,17.19,True,OK,улица Благоева,n2323352002
2,2,Парканы,14,3.7665,3.7773,14.99,True,OK,улица Благоева,n2323407145
2,2,Парканы,16,4.7388,3.7845,13.71,True,OK,улица Благоева,n2458446861
2,2,Парканы,18,3.7938,3.8046,12.35,True,OK,улица Благоева,n2458446866
2,2,Парканы,20,4.6996,3.8236,11.69,True,OK,улица Благоева,n2458446868
2,2,Парканы,22,4.674,3.8492,12.1,True,OK,улица Благоева,n2458446872
2,2,Парканы,24,4.663,3.8603,12.61,True,OK,улица Благоева,n2458446877
2,2,Парканы,26,3.86,3.8708,11.19,True,OK,улица Благоева,n2458446881
2,2,Парканы,28,3.8736,3.8844,10.62,True,OK,улица Благоева,n2458446884
2,2,Парканы,30,4.6187,3.9046,11.97,True,OK,улица Благоева,n2458446914
2,2,Парканы,32,3.9148,3.9256,11.61,True,OK,улица Благоева,n2458462489
2,2,Парканы,34,4.5836,3.9396,13.45,True,OK,улица Благоева,n2458462487
2,2,Парканы,36,4.565,3.9582,13.21,True,OK,улица Благоева,n2458462484
2,2,Парканы,38,3.9667,3.9774,14.05,True,OK,улица Благоева,n2458462478
2,2,Парканы,38,3.9908,4.0015,3.55,True,OK,улица Благоева,n4552707594
2,2,Парканы,40,4.529,3.9942,13.76,True,OK,улица Благоева,n2458462477
2,2,Парканы,42,4.5172,4.006,11.71,True,OK,улица Благоева,n2458462476
2,2,Парканы,44,4.0174,4.0281,9.88,True,OK,улица Благоева,n2458462475
3,2,Парканы,46,4.0461,4.0569,6.82,True,OK,улица Благоева,n2458462474
3,2,Парканы,47,4.2883,4.2349,18.82,True,OK,улица Благоева,n2458462438
3,2,Парканы,47а,4.2082,4.219,15.65,True,OK,улица Благоева,n2458454746
3,2,Парканы,48,4.0649,4.0757,4.66,True,OK,улица Благоева,n2458462471
3,2,Парканы,49,4.18,4.1908,13.84,True,OK,улица Благоева,n2323407151
3,2,Парканы,50,4.4304,4.0928,5.04,True,OK,улица Благоева,n2458462468
3,2,Парканы,52,4.11,4.1208,6.44,True,OK,улица Благоева,n2458462466
3,2,Парканы,54,4.1353,4.1461,6.45,True,OK,улица Благоева,n2458462463
3,2,Парканы,56,4.3526,4.1706,6.0,True,OK,улица Благоева,n2458462460
3,2,Парканы,58,4.3271,4.1961,7.44,True,OK,улица Благоева,n2458462457
3,2,Парканы,60,4.3153,4.2079,8.09,True,OK,улица Благоева,n2458462454
3,2,Парканы,62,4.2115,4.2223,7.05,True,OK,улица Благоева,n2458462452
3,2,Парканы,64,4.2788,4.2444,8.57,True,OK,улица Благоева,n2458462449
3,2,Парканы,66,4.242,4.2528,7.08,True,OK,улица Благоева,n2458462446
3,2,Парканы,68,4.2227,4.2334,9.06,True,OK,улица Благоева,n2458462443
3,2,Парканы,70,4.1933,4.209,10.86,True,OK,улица Благоева,n2458462441
3,2,Парканы,72,4.2062,4.217,12.84,True,OK,улица Благоева,n2323407148
3,2,Парканы,1,5.6038,5.379,20.13,True,OK,улица Будённого,w306078207
3,2,Парканы,3,5.3949,5.4057,22.15,True,OK,улица Будённого,w306078210
3,2,Парканы,4,5.2321,5.2429,18.81,True,OK,улица Будённого,n2457518533
3,2,Парканы,6,5.3787,5.2587,18.1,True,OK,улица Будённого,n2457518534
3,2,Парканы,8,5.3597,5.2777,17.51,True,OK,улица Будённого,n2457518535
3,2,Парканы,10,5.284,5.2948,19.13,True,OK,улица Будённого,n2457518536
3,2,Парканы,12,5.3012,5.312,18.39,True,OK,улица Будённого,n2457518537
3,2,Парканы,14,5.3165,5.3273,19.24,True,OK,улица Будённого,n2457518538
3,2,Парканы,16,5.648,5.3416,20.88,True,OK,улица Будённого,n2457518539
3,2,Парканы,16,5.6327,5.3568,21.73,True,OK,улица Будённого,n2457518540
3,2,Парканы,18,5.6157,5.3738,22.05,True,OK,улица Будённого,n2457518541
3,2,Парканы,20,5.6038,5.3906,22.98,True,OK,улица Будённого,n2457518542
3,2,Парканы,22,5.5831,5.4064,22.96,True,OK,улица Будённого,n2457518543
4,2,Парканы,24,5.4139,5.4247,22.5,True,OK,улица Будённого,n2323152075
4,2,Парканы,155,5.8768,5.4921,8.83,True,OK,улица Будённого,n2323152130
4,2,Парканы,190,5.6086,5.6194,12.97,True,OK,улица Будённого,n2323152062
2,2,Парканы,1,3.8804,3.8912,5.58,True,OK,улица Ворошилова,n2459417175
2,2,Парканы,2,3.9398,3.9506,26.62,True,OK,улица Ворошилова,n2323152099
2,2,Парканы,5,5.7651,4.0171,16.39,True,OK,улица Ворошилова,n2453643618
2,2,Парканы,6,5.8026,3.9796,25.89,True,OK,улица Ворошилова,n2453643628
2,2,Парканы,7,4.0254,4.0362,15.52,True,OK,улица Ворошилова,n2453643619
2,2,Парканы,7,4.0226,4.0334,24.02,True,OK,улица Ворошилова,n4466336235
2,2,Парканы,8,3.9827,3.9935,27.95,True,OK,улица Ворошилова,n2453643629
3,2,Парканы,9,5.7269,4.0553,17.2,True,OK,улица Ворошилова,n2453643620
2,2,Парканы,10,3.997,4.0078,26.69,True,OK,улица Ворошилова,n2453643630
3,2,Парканы,11,4.0619,4.0727,17.64,True,OK,улица Ворошилова,n2453643621
2,2,Парканы,12,4.0131,4.0238,26.74,True,OK,улица Ворошилова,n2453643631
3,2,Парканы,14,4.0287,4.0395,27.55,True,OK,улица Ворошилова,n2453643632
3,2,Парканы,15,5.6857,4.0965,17.18,True,OK,улица Ворошилова,n2453643622
3,2,Парканы,16,5.7257,4.0565,27.87,True,OK,улица Ворошилова,n2453643633
3,2,Парканы,17,4.1055,4.1163,17.83,True,OK,улица Ворошилова,n2453643623
3,2,Парканы,18,4.0631,4.0739,27.44,True,OK,улица Ворошилова,n2453643634
3,2,Парканы,20,5.6909,4.0913,27.0,True,OK,улица Ворошилова,n2453643635
3,2,Парканы,22,4.0972,4.108,28.09,True,OK,улица Ворошилова,n2453643636
3,2,Парканы,24,5.6575,4.1247,26.61,True,OK,улица Ворошилова,n2453643637
3,2,Парканы,25,5.5961,4.1862,19.94,True,OK,улица Ворошилова,n2323152117
3,2,Парканы,26,4.1296,4.1404,24.87,True,OK,улица Ворошилова,n2453643638
3,2,Парканы,27,4.211,4.2218,20.34,True,OK,улица Ворошилова,n2323152118
3,2,Парканы,28,4.1436,4.1544,24.37,True,OK,улица Ворошилова,n2453643639
3,2,Парканы,29,5.5444,4.2378,19.69,True,OK,улица Ворошилова,n2453733105
3,2,Парканы,30,4.1628,4.1735,25.24,True,OK,улица Ворошилова,n2323152119
3,2,Парканы,31,4.2388,4.2496,19.78,True,OK,улица Ворошилова,n2453733106
3,2,Парканы,32,5.4999,4.2823,23.26,True,OK,улица Ворошилова,n2453644685
3,2,Парканы,32а,5.5614,4.2208,23.25,True,OK,улица Ворошилова,n2323152120
3,2,Парканы,33,5.5166,4.2656,19.13,True,OK,улица Ворошилова,n2453733107
3,2,Парканы,34,5.4624,4.3198,24.94,True,OK,улица Ворошилова,n2453644686
3,2,Парканы,35,4.2639,4.2801,20.67,True,OK,улица Ворошилова,n2453733108
3,2,Парканы,36,5.4458,4.3364,24.53,True,OK,улица Ворошилова,n2453644687
3,2,Парканы,37,4.2979,4.3086,17.65,True,OK,улица Ворошилова,n2453733110
3,2,Парканы,38,5.4228,4.3535,25.23,True,OK,улица Ворошилова,n2453644688
3,2,Парканы,39,5.4575,4.3248,17.3,True,OK,улица Ворошилова,n2453733111
3,2,Парканы,40,5.409,4.3732,24.3,True,OK,улица Ворошилова,n2453644689
3,2,Парканы,41,5.4365,4.3457,15.21,True,OK,улица Ворошилова,n2454864183
3,2,Парканы,42,5.3896,4.3926,22.73,True,OK,улица Ворошилова,n2453644690
3,2,Парканы,43,4.3487,4.365,17.16,True,OK,улица Ворошилова,n2454864184
3,2,Парканы,44,4.3981,4.4089,22.78,True,OK,улица Ворошилова,n2453644691
3,2,Парканы,45,4.3741,4.3849,19.49,True,OK,улица Ворошилова,n2454864185
3,2,Парканы,47,5.3758,4.4064,18.56,True,OK,улица Ворошилова,n2454864186
3,2,Парканы,48,4.4177,4.4285,24.3,True,OK,улица Ворошилова,n2453644692
3,2,Парканы,49,4.4134,4.4268,17.26,True,OK,улица Ворошилова,n2454864187
3,2,Парканы,50,4.4339,4.4447,24.52,True,OK,улица Ворошилова,n2453644693
3,2,Парканы,51,5.3373,4.4449,16.36,True,OK,улица Ворошилова,n2454864188
3,2,Парканы,52,5.3228,4.4595,25.15,True,OK,улица Ворошилова,n2453644694
3,2,Парканы,53,5.3198,4.4625,16.56,True,OK,улица Ворошилова,n2454864192
3,2,Парканы,54,5.3081,4.4741,23.93,True,OK,улица Ворошилова,n2453644695
3,2,Парканы,55,5.3012,4.481,16.42,True,OK,улица Ворошилова,n2454864191
3,2,Парканы,56,5.289,4.4932,25.17,True,OK,улица Ворошилова,n2453644696
3,2,Парканы,57,4.4887,4.4995,16.28,True,OK,улица Ворошилова,n2454864190
3,2,Парканы,58,4.505,4.5158,22.21,True,OK,улица Ворошилова,n2453644697
3,2,Парканы,59,5.2665,4.5157,16.06,True,OK,улица Ворошилова,n2454864189
3,2,Парканы,60,4.5253,4.5349,23.44,True,OK,улица Ворошилова,n2453644684
3,2,Парканы,61,5.2509,4.5313,16.94,True,OK,улица Ворошилова,n2453733103
3,2,Парканы,61а,5.234,4.5482,16.43,True,OK,улица Ворошилова,n2453733104
3,2,Парканы,62,4.5445,4.5552,22.88,True,OK,улица Ворошилова,n2453644698
3,2,Парканы,63,4.5511,4.5619,18.12,True,OK,улица Ворошилова,n2454312933
3,2,Парканы,64,5.2125,4.5697,22.48,True,OK,улица Ворошилова,n2453644699
3,2,Парканы,65,4.5712,4.582,19.27,True,OK,улица Ворошилова,n2454312934
3,2,Парканы,66,4.5743,4.5851,21.32,True,OK,улица Ворошилова,n2453644700
3,2,Парканы,67,4.5903,4.6011,20.54,True,OK,улица Ворошилова,n2454864193
3,2,Парканы,68,4.5906,4.6014,23.76,True,OK,улица Ворошилова,n2453644701
3,2,Парканы,69,4.606,4.6167,20.5,True,OK,улица Ворошилова,n2454864194
3,2,Парканы,70,4.6137,4.6245,23.59,True,OK,улица Ворошилова,n2453644702
3,2,Парканы,71,5.1484,4.6338,20.74,True,OK,улица Ворошилова,n2454864195
3,2,Парканы,72,4.6302,4.641,24.09,True,OK,улица Ворошилова,n2453644703
3,2,Парканы,73,5.1315,4.6507,19.04,True,OK,улица Ворошилова,n2454864196
3,2,Парканы,74,5.1226,4.6596,26.7,True,OK,улица Ворошилова,n2453644704
3,2,Парканы,75,5.1093,4.6729,19.67,True,OK,улица Ворошилова,n2454864197
3,2,Парканы,76,5.1057,4.6765,28.4,True,OK,улица Ворошилова,n2453644705
3,2,Парканы,77,4.6857,4.6965,20.59,True,OK,улица Ворошилова,n2454864198
3,2,Парканы,78,4.6905,4.6973,28.05,True,OK,улица Ворошилова,n2453644706
3,2,Парканы,79,4.7063,4.7171,18.05,True,OK,улица Ворошилова,n2454864199
3,2,Парканы,80,4.703,4.7138,27.78,True,OK,улица Ворошилова,n2453644707
3,2,Парканы,81,4.7277,4.7385,17.33,True,OK,улица Ворошилова,n2454864200
3,2,Парканы,82,5.0501,4.7321,27.76,True,OK,улица Ворошилова,n2453644708
3,2,Парканы,84,5.0264,4.7558,28.72,True,OK,улица Ворошилова,n2453644709
3,2,Парканы,85,4.7464,4.7572,16.12,True,OK,улица Ворошилова,n2454864201
3,2,Парканы,86,4.7648,4.7755,31.65,True,OK,улица Ворошилова,n2453644710
3,2,Парканы,87,4.9664,4.8158,9.79,True,OK,улица Ворошилова,n2454312932
3,2,Парканы,87,5.0045,4.7778,12.7,True,OK,улица Ворошилова,n2454864202
3,2,Парканы,88,4.9852,4.797,35.55,True,OK,улица Ворошилова,n2453644711
3,2,Парканы,89;91,4.7842,4.795,11.25,True,OK,улица Ворошилова,n2454864203
3,2,Парканы,90,4.8076,4.8884,35.93,True,OK,улица Ворошилова,n2323152121
3,2,Парканы,92,6.0876,4.8788,21.02,True,OK,улица Ворошилова,n2323152124
3,2,Парканы,93,4.948,4.8342,6.62,True,OK,улица Ворошилова,n2454312931
3,2,Парканы,94,4.8831,4.8939,17.64,True,OK,улица Ворошилова,n2454300337
3,2,Парканы,95,4.8434,4.8542,5.66,True,OK,улица Ворошилова,n2323152109
3,2,Парканы,96,4.8961,4.9069,16.5,True,OK,улица Ворошилова,n2454300338
3,2,Парканы,97,4.8782,4.889,1.8,True,OK,улица Ворошилова,n2323152112
3,2,Парканы,98,4.9114,4.9221,15.57,True,OK,улица Ворошилова,n2454300339
3,2,Парканы,99,4.8994,4.9102,2.56,True,OK,улица Ворошилова,n2453777666
3,2,Парканы,99,4.9218,4.9326,1.63,True,OK,улица Ворошилова,n2453777667
3,2,Парканы,100,6.0299,4.9372,16.59,True,OK,улица Ворошилова,n2454300340
3,2,Парканы,101,4.9436,4.9544,3.13,True,OK,улица Ворошилова,n2453777668
3,2,Парканы,102,6.0174,4.9496,16.19,True,OK,улица Ворошилова,n2454300341
3,2,Парканы,103,4.981,4.9918,4.34,True,OK,улица Ворошилова,n2456752022
3,2,Парканы,104,6.001,4.9661,16.95,True,OK,улица Ворошилова,n2454293038
3,2,Парканы,105,5.0028,5.0136,5.84,True,OK,улица Ворошилова,n2456752023
3,2,Парканы,106,5.9843,4.9828,15.76,True,OK,улица Ворошилова,n2454293037
3,2,Парканы,107,5.9312,5.0359,8.07,True,OK,улица Ворошилова,n2456752024
3,2,Парканы,108,5.9681,4.9989,15.31,True,OK,улица Ворошилова,n2454293036
3,2,Парканы,109,5.9077,5.0594,8.62,True,OK,улица Ворошилова,n2456752025
3,2,Парканы,110,5.0051,5.0159,15.34,True,OK,улица Ворошилова,n2454293035
3,2,Парканы,111,5.0682,5.079,7.17,True,OK,улица Ворошилова,n2453786269
3,2,Парканы,112,5.9347,5.0324,16.1,True,OK,улица Ворошилова,n2454293034
3,2,Парканы,113,5.0869,5.0976,9.36,True,OK,улица Ворошилова,n2453786268
3,2,Парканы,114,5.918,5.0491,14.91,True,OK,улица Ворошилова,n2454293033
3,2,Парканы,115,5.1055,5.1163,11.55,True,OK,улица Ворошилова,n2453786267
3,2,Парканы,116,5.0567,5.0675,14.68,True,OK,улица Ворошилова,n2454293032
3,2,Парканы,117,5.1246,5.1354,9.32,True,OK,улица Ворошилова,n2453786266
3,2,Парканы,118,5.0745,5.0853,15.18,True,OK,улица Ворошилова,n2454293031
3,2,Парканы,119,5.8124,5.1546,8.9,True,OK,улица Ворошилова,n2453786265
3,2,Парканы,120,5.0938,5.1046,15.42,True,OK,улица Ворошилова,n2454293030
3,2,Парканы,121,5.1577,5.1685,6.27,True,OK,улица Ворошилова,n2453786264
3,2,Парканы,122,5.1167,5.1244,14.92,True,OK,улица Ворошилова,n2454293029
3,2,Парканы,123,5.1791,5.1899,8.8,True,OK,улица Ворошилова,n2453777669
3,2,Парканы,124,5.1341,5.1449,15.12,True,OK,улица Ворошилова,n2454293028
3,2,Парканы,125,5.1975,5.2083,8.87,True,OK,улица Ворошилова,n2453777670
3,2,Парканы,126,5.1589,5.1697,14.53,True,OK,улица Ворошилова,n2454293027
3,2,Парканы,127,5.2144,5.2252,8.69,True,OK,улица Ворошилова,n2453777671
3,2,Парканы,128,5.1767,5.1875,15.2,True,OK,улица Ворошилова,n2454293026
3,2,Парканы,129,5.2319,5.2427,9.25,True,OK,улица Ворошилова,n2453777672
3,2,Парканы,130,5.7598,5.2073,14.87,True,OK,улица Ворошилова,n2454293018
3,2,Парканы,131,5.7066,5.2605,8.59,True,OK,улица Ворошилова,n2453777673
3,2,Парканы,132,5.7445,5.2225,14.08,True,OK,улица Ворошилова,n2454293019
3,2,Парканы,133,5.6902,5.2769,7.72,True,OK,улица Ворошилова,n2453777674
3,2,Парканы,134,5.729,5.238,14.51,True,OK,улица Ворошилова,n2454293020
3,2,Парканы,135,5.6732,5.2939,7.59,True,OK,улица Ворошилова,n2453777675
3,2,Парканы,136,5.2451,5.2559,15.15,True,OK,улица Ворошилова,n2454293021
3,2,Парканы,137,5.6543,5.3128,8.45,True,OK,улица Ворошилова,n2453777678
3,2,Парканы,137а,5.3233,5.3341,8.44,True,OK,улица Ворошилова,n2453777677
3,2,Парканы,138,5.695,5.272,14.79,True,OK,улица Ворошилова,n2454293022
3,2,Парканы,139,5.346,5.3568,8.15,True,OK,улица Ворошилова,n2453777676
3,2,Парканы,140,5.6767,5.2904,14.67,True,OK,улица Ворошилова,n2454293023
3,2,Парканы,141,5.5914,5.3757,7.7,True,OK,улица Ворошилова,n2323152128
3,2,Парканы,142,5.6533,5.3091,15.77,True,OK,улица Ворошилова,n2454293024
3,2,Парканы,144,5.6391,5.328,13.73,True,OK,улица Ворошилова,n2454293025
3,2,Парканы,145,5.4201,5.4309,12.28,True,OK,улица Ворошилова,n2453643607
3,2,Парканы,146,5.6234,5.3437,13.58,True,OK,улица Ворошилова,n2454293017
3,2,Парканы,147,5.5416,5.4479,11.44,True,OK,улица Ворошилова,n2453643608
3,2,Парканы,148,5.6043,5.3628,12.09,True,OK,улица Ворошилова,n2454293016
3,2,Парканы,149,5.4532,5.464,10.96,True,OK,улица Ворошилова,n2453643609
3,2,Парканы,150,5.3752,5.378,12.68,True,OK,улица Ворошилова,n2454293010
3,2,Парканы,151,5.4693,5.4846,13.64,True,OK,улица Ворошилова,n2453643610
3,2,Парканы,152,5.3826,5.3934,13.6,True,OK,улица Ворошилова,n2454293011
4,2,Парканы,153,5.4905,5.499,15.13,True,OK,улица Ворошилова,n2453643611
3,2,Парканы,154,5.4009,5.4117,13.86,True,OK,улица Ворошилова,n2454293012
3,2,Парканы,156,5.4189,5.4297,15.05,True,OK,улица Ворошилова,n2454293013
4,2,Парканы,157,5.4882,5.4953,18.24,True,OK,улица Ворошилова,n2323152131
3,2,Парканы,158,5.4432,5.4496,15.09,True,OK,улица Ворошилова,n2454293014
4,2,Парканы,159,5.504,5.5148,16.04,True,OK,улица Ворошилова,n2453643612
3,2,Парканы,160,5.5187,5.4708,14.48,True,OK,улица Ворошилова,n2454293015
4,2,Парканы,161,5.522,5.5328,16.86,True,OK,улица Ворошилова,n2453643613
4,2,Парканы,162,5.4797,5.4905,14.62,True,OK,улица Ворошилова,n2453643615
4,2,Парканы,163,5.5385,5.5493,16.15,True,OK,улица Ворошилова,n2453643614
4,2,Парканы,166,5.587,5.4592,19.87,True,OK,улица Ворошилова,n2453643616
3,2,Парканы,1,5.74,5.145,10.17,True,OK,улица Гагарина,n2323343703
3,2,Парканы,2,5.1169,5.1276,27.7,True,OK,улица Гагарина,n2323343701
3,2,Парканы,3,5.724,5.161,10.26,True,OK,улица Гагарина,n2457566424
3,2,Парканы,4,5.7518,5.1332,30.1,True,OK,улица Гагарина,n2457566445
3,2,Парканы,5,5.166,5.1767,8.38,True,OK,улица Гагарина,n2457566425
3,2,Парканы,6,5.1382,5.149,28.77,True,OK,улица Гагарина,n2457566446
3,2,Парканы,7,5.6951,5.19,8.01,True,OK,улица Гагарина,n2457566426
3,2,Парканы,8,5.718,5.167,27.72,True,OK,улица Гагарина,n2457566447
3,2,Парканы,9,5.1935,5.2043,9.1,True,OK,улица Гагарина,n2457566427
3,2,Парканы,10,5.172,5.1828,26.39,True,OK,улица Гагарина,n2457566448
3,2,Парканы,11,5.207,5.2178,10.69,True,OK,улица Гагарина,n2457566428
3,2,Парканы,12,5.6843,5.2008,25.34,True,OK,улица Гагарина,n2457566449
3,2,Парканы,13,5.2242,5.235,9.05,True,OK,улица Гагарина,n2457566429
3,2,Парканы,14,5.0853,5.0961,20.46,True,OK,улица Гагарина,n2323343695
3,2,Парканы,14,5.668,5.2171,26.48,True,OK,улица Гагарина,n2457566450
3,2,Парканы,15,5.2393,5.2501,9.64,True,OK,улица Гагарина,n2457566430
3,2,Парканы,16,5.2235,5.2342,24.92,True,OK,улица Гагарина,n2457566451
3,2,Парканы,17,5.6217,5.2633,9.27,True,OK,улица Гагарина,n2457566431
3,2,Парканы,18,5.242,5.2528,26.33,True,OK,улица Гагарина,n2457566452
3,2,Парканы,19,5.6079,5.2771,9.63,True,OK,улица Гагарина,n2457566432
3,2,Парканы,20,5.6139,5.2711,23.31,True,OK,улица Гагарина,n2457566453
3,2,Парканы,21,5.5924,5.2926,8.99,True,OK,улица Гагарина,n2457566433
3,2,Парканы,22,5.2738,5.2846,24.91,True,OK,улица Гагарина,n2457566454
3,2,Парканы,23,5.2987,5.3095,8.57,True,OK,улица Гагарина,n2457566434
3,2,Парканы,24,5.2924,5.3023,25.82,True,OK,улица Гагарина,n2457566455
3,2,Парканы,25,5.561,5.3241,8.39,True,OK,улица Гагарина,n2457566435
3,2,Парканы,26,5.566,5.319,26.31,True,OK,улица Гагарина,n2457566456
3,2,Парканы,27,5.5455,5.3395,7.71,True,OK,улица Гагарина,n2457566436
3,2,Парканы,28,5.324,5.3348,25.02,True,OK,улица Гагарина,n2457566457
3,2,Парканы,29,5.3402,5.351,8.3,True,OK,улица Гагарина,n2457566437
3,2,Парканы,30,5.5294,5.3556,23.56,True,OK,улица Гагарина,n2457566458
3,2,Парканы,31,5.5211,5.364,9.13,True,OK,улица Гагарина,n2457566438
3,2,Парканы,32,5.3591,5.3699,22.5,True,OK,улица Гагарина,n2457566459
3,2,Парканы,33,5.5036,5.3814,9.41,True,OK,улица Гагарина,n2457566439
3,2,Парканы,34,5.3758,5.3856,24.42,True,OK,улица Гагарина,n2457566460
3,2,Парканы,35,5.487,5.398,9.15,True,OK,улица Гагарина,n2457566440
3,2,Парканы,36,5.4827,5.4023,22.46,True,OK,улица Гагарина,n2457566461
3,2,Парканы,37,5.3997,5.4105,9.57,True,OK,улица Гагарина,n2457566441
3,2,Парканы,38,5.4077,5.4185,21.98,True,OK,улица Гагарина,n2457566462
3,2,Парканы,39,5.4133,5.4241,8.3,True,OK,улица Гагарина,n2457566442
3,2,Парканы,39а,5.4286,5.4394,9.25,True,OK,улица Гагарина,n2457566443
3,2,Парканы,40,5.4487,5.4363,22.46,True,OK,улица Гагарина,n2323343702
3,2,Парканы,41,5.4463,5.4387,11.18,True,OK,улица Гагарина,n2457566444
3,2,Парканы,43,5.6414,5.4297,10.03,True,OK,улица Гагарина,n2323343704
2,2,Парканы,2,3.8007,3.8115,6.4,True,OK,улица Гоголя,n2323352009
2,2,Парканы,2,3.7917,3.8024,27.01,True,OK,улица Гоголя,w284659727
2,2,Парканы,3,3.8814,3.8922,12.02,True,OK,улица Гоголя,n2457786461
2,2,Парканы,4,5.1113,3.8456,4.84,True,OK,улица Гоголя,n2457746141
2,2,Парканы,4,3.8039,3.8147,22.96,True,OK,улица Гоголя,w284659730
2,2,Парканы,5,5.034,3.9229,12.67,True,OK,улица Гоголя,n2457786462
2,2,Парканы,5,3.9174,3.9282,25.48,True,OK,улица Гоголя,n5653833918
2,2,Парканы,6,3.8498,3.8606,4.39,True,OK,улица Гоголя,n2457746140
2,2,Парканы,6,,3.8453,23.87,True,OK,улица Гоголя,w284659737
2,2,Парканы,8,5.0834,3.8735,4.13,True,OK,улица Гоголя,n2457746139
2,2,Парканы,8,5.0954,3.8616,21.69,True,OK,улица Гоголя,w284659738
2,2,Парканы,14,3.6958,3.7066,29.55,True,OK,улица Гоголя,n2460744731
2,2,Парканы,15,4.6322,4.0059,12.3,True,OK,улица Гоголя,n2323352014
2,2,Парканы,16,4.9151,3.723,28.45,True,OK,улица Гоголя,n2460744732
3,2,Парканы,17,4.1398,4.1506,8.73,True,OK,улица Гоголя,n2323352017
2,2,Парканы,18,3.7482,3.759,26.22,True,OK,улица Гоголя,n2460744733
3,2,Парканы,19,4.4494,4.1888,7.72,True,OK,улица Гоголя,n2323352018
2,2,Парканы,20,4.8635,3.7746,24.85,True,OK,улица Гоголя,n2460744734
2,2,Парканы,22,4.8319,3.8062,24.36,True,OK,улица Гоголя,n2460744735
2,2,Парканы,24,4.8142,3.824,21.02,True,OK,улица Гоголя,n2460744736
2,2,Парканы,26,4.7982,3.8399,19.46,True,OK,улица Гоголя,n2460744737
2,2,Парканы,28,4.7814,3.8567,17.01,True,OK,улица Гоголя,n2460744738
2,2,Парканы,30,3.8626,3.8734,18.96,True,OK,улица Гоголя,n2460744739
2,2,Парканы,32,3.8827,3.8935,18.55,True,OK,улица Гоголя,n2460744740
2,2,Парканы,34,4.7261,3.9121,17.66,True,OK,улица Гоголя,n2460744741
2,2,Парканы,36,3.9244,3.9352,18.21,True,OK,улица Гоголя,n2460744742
2,2,Парканы,38,4.6802,3.9579,17.72,True,OK,улица Гоголя,n2460744743
2,2,Парканы,40,4.6571,3.981,15.92,True,OK,улица Гоголя,n2460744744
2,2,Парканы,42,3.9839,3.9947,13.89,True,OK,улица Гоголя,n2460744745
3,2,Парканы,46,4.5961,4.042,12.86,True,OK,улица Гоголя,n2460744747
3,2,Парканы,46,4.017,4.0278,13.6,True,OK,улица Гоголя,n4063271093
3,2,Парканы,48,4.5774,4.0608,14.4,True,OK,улица Гоголя,n2460744748
3,2,Парканы,50,4.0665,4.0773,14.25,True,OK,улица Гоголя,n2460744749
3,2,Парканы,52,4.0864,4.0972,13.59,True,OK,улица Гоголя,n2460744750
3,2,Парканы,56,4.5119,4.1262,20.3,True,OK,улица Гоголя,n2460744751
3,2,Парканы,58,4.492,4.1461,17.08,True,OK,улица Гоголя,n2460744752
3,2,Парканы,62,4.1513,4.1621,20.78,True,OK,улица Гоголя,n7923584705
3,2,Парканы,64А,4.4608,4.1773,17.6,True,OK,улица Гоголя,n7923584706
3,2,Парканы,64Б,4.1761,4.1869,15.35,True,OK,улица Гоголя,n7913464568
3,2,Парканы,66,4.2047,4.2155,11.89,True,OK,улица Гоголя,n2460744758
3,2,Парканы,68,4.3993,4.2388,12.83,True,OK,улица Гоголя,n2460744760
3,2,Парканы,1,6.2483,4.5517,15.0,True,OK,улица Горького,n2323152058
3,2,Парканы,3,6.22,4.58,14.97,True,OK,улица Горького,n2450934139
3,2,Парканы,4,6.2388,4.5612,19.01,True,OK,улица Горького,n2450882336
3,2,Парканы,5,6.1709,4.6291,18.91,True,OK,улица Горького,n2450934140
3,2,Парканы,6,4.5631,4.5739,18.33,True,OK,улица Горького,n2450882337
3,2,Парканы,7,4.5909,4.6017,15.47,True,OK,улица Горького,n2450934141
3,2,Парканы,8,6.2116,4.5884,18.83,True,OK,улица Горького,n2450882338
3,2,Парканы,9,4.6423,4.6531,16.48,True,OK,улица Горького,n2450934142
3,2,Парканы,10,4.5917,4.6025,17.6,True,OK,улица Горького,n2450882339
3,2,Парканы,11,6.1252,4.6748,16.97,True,OK,улица Горького,n2450934143
3,2,Парканы,12,6.1837,4.6163,17.12,True,OK,улица Горького,n2450882340
3,2,Парканы,13,4.6836,4.6944,19.56,True,OK,улица Горького,n2450934144
3,2,Парканы,14,6.1695,4.6305,18.39,True,OK,улица Горького,n2450882341
3,2,Парканы,15,4.7019,4.7127,17.0,True,OK,улица Горького,n2450934145
3,2,Парканы,16,6.1568,4.6432,17.7,True,OK,улица Горького,n2450882342
3,2,Парканы,17,6.0695,4.7305,16.16,True,OK,улица Горького,n2450934146
3,2,Парканы,18,6.1437,4.6563,16.25,True,OK,улица Горького,n2450882343
3,2,Парканы,20,4.6574,4.6682,14.59,True,OK,улица Горького,n2450882344
3,2,Парканы,21,6.0502,4.7498,16.65,True,OK,улица Горького,n2450934147
3,2,Парканы,22,4.669,4.6798,15.12,True,OK,улица Горького,n2450882345
3,2,Парканы,23,6.0321,4.7679,16.57,True,OK,улица Горького,n2450934148
3,2,Парканы,24,6.1091,4.6909,15.54,True,OK,улица Горького,n2450882346
3,2,Парканы,25,6.013,4.7869,16.3,True,OK,улица Горького,n2450934149
3,2,Парканы,26,6.0958,4.7042,16.36,True,OK,улица Горького,n2450882347
3,2,Парканы,27,5.994,4.806,16.03,True,OK,улица Горького,n2450934150
3,2,Парканы,28,4.7035,4.7143,16.6,True,OK,улица Горького,n2450882349
3,2,Парканы,29,5.9722,4.8278,16.89,True,OK,улица Горького,n2450934151
3,2,Парканы,30,6.0703,4.7297,14.56,True,OK,улица Горького,n2450882351
3,2,Парканы,31,5.9552,4.8448,17.01,True,OK,улица Горького,n2450934152
3,2,Парканы,32,6.06,4.74,14.03,True,OK,улица Горького,n2450882354
3,2,Парканы,33,4.8553,4.8661,18.79,True,OK,улица Горького,n2450934153
3,2,Парканы,34,6.0504,4.7496,15.79,True,OK,улица Горького,n2450882355
3,2,Парканы,35,5.917,4.883,18.74,True,OK,улица Горького,n2450934154
3,2,Парканы,36,4.7502,4.761,12.22,True,OK,улица Горького,n2450882356
3,2,Парканы,37,5.8939,4.9061,19.96,True,OK,улица Горького,n2450934155
3,2,Парканы,38,6.0279,4.7721,12.64,True,OK,улица Горького,n2450882357
3,2,Парканы,39,5.8714,4.9286,19.65,True,OK,улица Горького,n2450934156
3,2,Парканы,40,6.0165,4.7835,12.31,True,OK,улица Горького,n2450882358
3,2,Парканы,41,5.8492,4.9508,18.58,True,OK,улица Горького,n2450934157
3,2,Парканы,42,6.0053,4.7947,12.74,True,OK,улица Горького,n2450882359
3,2,Парканы,43,5.8246,4.9754,17.86,True,OK,улица Горького,n2450934158
3,2,Парканы,44,5.9952,4.8047,12.97,True,OK,улица Горького,n2450882360
3,2,Парканы,45,4.9904,5.0012,20.19,True,OK,улица Горького,n2450934159
3,2,Парканы,47,5.7729,5.0271,20.02,True,OK,улица Горького,n2450934160
3,2,Парканы,48,4.8062,4.8169,13.6,True,OK,улица Горького,n2450882361
3,2,Парканы,49;53,5.0343,5.0451,19.78,True,OK,улица Горького,n2450934161
3,2,Парканы,50,4.8176,4.8283,13.27,True,OK,улица Горького,n2450882362
3,2,Парканы,51,5.7361,5.0639,20.16,True,OK,улица Горького,n2450934162
3,2,Парканы,52,5.961,4.839,11.97,True,OK,улица Горького,n2450882363
3,2,Парканы,54,4.8435,4.8522,16.04,True,OK,улица Горького,n2450882364
3,2,Парканы,55,5.7188,5.0812,21.12,True,OK,улица Горького,n2450934164
3,2,Парканы,56,5.9335,4.8665,16.46,True,OK,улица Горького,n2450882365
3,2,Парканы,57,5.0887,5.0995,21.9,True,OK,улица Горького,n2450934163
3,2,Парканы,58,5.9187,4.8813,16.09,True,OK,улица Горького,n2450882366
3,2,Парканы,58,5.826,4.974,16.21,True,OK,улица Горького,n4517726684
3,2,Парканы,59,5.1089,5.1197,21.53,True,OK,улица Горького,n2450934165
3,2,Парканы,60,4.8888,4.8996,15.58,True,OK,улица Горького,n2450882367
3,2,Парканы,61,5.1269,5.1377,21.54,True,OK,улица Горького,n2450934166
3,2,Парканы,61,5.041,5.0575,21.3,True,OK,улица Горького,n4466336169
3,2,Парканы,62,4.9065,4.9173,16.59,True,OK,улица Горького,n2450882368
3,2,Парканы,64,4.9218,4.9326,17.95,True,OK,улица Горького,n2450882369
3,2,Парканы,66,5.8406,4.9594,15.82,True,OK,улица Горького,n2450882370
3,2,Парканы,67,5.145,5.1558,21.55,True,OK,улица Горького,n2450934167
3,2,Парканы,68,5.826,4.974,16.21,True,OK,улица Горького,n2450882371
3,2,Парканы,69,5.1606,5.1714,21.18,True,OK,улица Горького,n2450934168
3,2,Парканы,70,4.9794,4.9902,15.29,True,OK,улица Горького,n2450882372
3,2,Парканы,71,5.617,5.1848,20.43,True,OK,улица Горького,n2450934169
3,2,Парканы,72,4.9939,5.0047,15.68,True,OK,улица Горького,n2450882373
3,2,Парканы,73,5.1898,5.2006,21.35,True,OK,улица Горького,n2450934171
3,2,Парканы,74,5.7794,5.0206,15.51,True,OK,улица Горького,n2450882374
3,2,Парканы,75,5.617,5.1839,15.86,True,OK,улица Горького,n4466336290
3,2,Парканы,76,5.0257,5.0365,15.35,True,OK,улица Горького,n2450882375
3,2,Парканы,77,5.2055,5.2162,21.51,True,OK,улица Горького,n2450934173
3,2,Парканы,78,5.041,5.0505,17.26,True,OK,улица Горького,n2450882376
3,2,Парканы,79,5.2222,5.233,21.57,True,OK,улица Горького,n2450934175
3,2,Парканы,80,5.7352,5.0648,16.42,True,OK,улица Горького,n2450882377
3,2,Парканы,81,5.5512,5.2488,22.49,True,OK,улица Горького,n2450934176
3,2,Парканы,82,5.7206,5.0794,16.6,True,OK,улица Горького,n2450882378
3,2,Парканы,83,5.2528,5.2636,24.27,True,OK,улица Горького,n2450934177
3,2,Парканы,84,5.7055,5.0945,15.26,True,OK,улица Горького,n2450882379
3,2,Парканы,85,5.2718,5.2826,24.14,True,OK,улица Горького,n2450934178
3,2,Парканы,86,5.6898,5.1102,15.63,True,OK,улица Горького,n2450882380
3,2,Парканы,87,5.4996,5.3004,24.1,True,OK,улица Горького,n2450934179
3,2,Парканы,88,5.1129,5.1237,15.63,True,OK,улица Горького,n2450882381
3,2,Парканы,89,5.4838,5.3162,25.02,True,OK,улица Горького,n2450934180
3,2,Парканы,90,5.6609,5.1391,16.76,True,OK,улица Горького,n2450882382
3,2,Парканы,91,5.3205,5.3313,25.27,True,OK,улица Горького,n2450934181
3,2,Парканы,92,5.1485,5.1593,17.13,True,OK,улица Горького,n2450882383
3,2,Парканы,93,5.452,5.348,24.76,True,OK,улица Горького,n2450934182
3,2,Парканы,94,5.617,5.1794,17.5,True,OK,улица Горького,n2450882384
3,2,Парканы,95,5.4285,5.3715,25.26,True,OK,улица Горького,n2450934183
3,2,Парканы,96,5.6019,5.1981,16.35,True,OK,улица Горького,n2450882385
3,2,Парканы,97,5.3831,5.3939,25.84,True,OK,улица Горького,n2450934184
3,2,Парканы,98,5.5853,5.2147,17.05,True,OK,улица Горького,n2450882386
3,2,Парканы,99,5.3793,5.3901,26.09,True,OK,улица Горького,n2450934185
3,2,Парканы,100,5.2227,5.2335,17.95,True,OK,улица Горького,n2450882387
3,2,Парканы,101,5.3536,5.3644,26.42,True,OK,улица Горького,n2450934186
3,2,Парканы,102,5.2393,5.2501,18.65,True,OK,улица Горького,n2450882388
3,2,Парканы,103,5.3322,5.343,27.85,True,OK,улица Горького,n2450934187
3,2,Парканы,104,5.5319,5.2681,17.92,True,OK,улица Горького,n2450882389
3,2,Парканы,105,5.3411,5.3519,25.21,True,OK,улица Горького,n2450934188
3,2,Парканы,106,5.5169,5.2831,15.38,True,OK,улица Горького,n2450882390
3,2,Парканы,106,5.3108,5.3216,14.06,True,OK,улица Горького,n4517727171
3,2,Парканы,108,5.4785,5.3215,14.83,True,OK,улица Горького,n2450882391
3,2,Парканы,109,5.3657,5.3765,25.02,True,OK,улица Горького,n2450934189
3,2,Парканы,110,5.2935,5.3043,15.71,True,OK,улица Горького,n2450882392
3,2,Парканы,111,5.3898,5.4005,22.55,True,OK,улица Горького,n2450934190
3,2,Парканы,112,5.3286,5.3394,14.66,True,OK,улица Горького,n2450882393
3,2,Парканы,113,6.0867,5.4268,19.85,True,OK,улица Горького,n2450934191
3,2,Парканы,114,5.4426,5.3574,13.74,True,OK,улица Горького,n2450882394
3,2,Парканы,115,6.0633,5.4502,19.0,True,OK,улица Горького,n2450934192
3,2,Парканы,116,5.3633,5.3741,13.49,True,OK,улица Горького,n2450882395
3,2,Парканы,117,6.0386,5.4749,19.48,True,OK,улица Горького,n2450934193
3,2,Парканы,118,5.4058,5.3942,13.5,True,OK,улица Горького,n2450882396
4,2,Парканы,119,5.4905,5.5013,17.45,True,OK,улица Горького,n2450934194
3,2,Парканы,120,5.3889,5.3997,12.49,True,OK,улица Горького,n2450882397
4,2,Парканы,121,5.5151,5.5259,17.15,True,OK,улица Горького,n2450934195
3,2,Парканы,122,5.4171,5.3829,12.24,True,OK,улица Горького,n2450882398
4,2,Парканы,123,5.534,5.5448,17.09,True,OK,улица Горького,n2450934196
3,2,Парканы,124,5.4325,5.3675,13.43,True,OK,улица Горького,n2450882399
4,2,Парканы,125,5.5486,5.5594,17.59,True,OK,улица Горького,n2450934197
3,2,Парканы,126,5.4493,5.3182,17.87,True,OK,улица Горького,n2323152060
4,2,Парканы,127,5.9396,5.574,20.24,True,OK,улица Горького,n2450951710
3,2,Парканы,128,6.1462,5.3673,12.95,True,OK,улица Горького,n2323152061
3,2,Парканы,129,5.9231,5.5904,20.99,True,OK,улица Горького,n2450951713
3,2,Парканы,129,6.0576,5.4559,14.49,True,OK,улица Горького,n4886201799
3,2,Парканы,130,5.372,5.3828,13.77,True,OK,улица Горького,n2450962238
4,2,Парканы,131,5.9056,5.6079,19.98,True,OK,улица Горького,n2450951717
3,2,Парканы,132,5.3929,5.4037,15.14,True,OK,улица Горького,n2450962239
4,2,Парканы,133,5.8901,5.6235,23.55,True,OK,улица Горького,n2450951721
3,2,Парканы,134,5.4087,5.4195,14.43,True,OK,улица Горького,n2450962240
4,2,Парканы,135,5.8757,5.6378,21.83,True,OK,улица Горького,n2450951725
3,2,Парканы,136,5.4269,5.4377,13.18,True,OK,улица Горького,n2450962241
4,2,Парканы,137,5.8599,5.6536,22.11,True,OK,улица Горького,n2450951728
4,2,Парканы,137,5.5329,5.5437,17.14,True,OK,улица Горького,n4517725569
3,2,Парканы,138,5.4443,5.4551,15.04,True,OK,улица Горького,n2450962242
4,2,Парканы,139,5.8438,5.6698,21.63,True,OK,улица Горького,n2450951732
3,2,Парканы,140,5.4621,5.4729,15.38,True,OK,улица Горького,n2450962243
4,2,Парканы,141,5.8283,5.6852,22.67,True,OK,улица Горького,n2450951736
4,2,Парканы,142,6.0252,5.4883,16.25,True,OK,улица Горького,n2450962244
4,2,Парканы,143,5.6878,5.6986,23.24,True,OK,улица Горького,n2450951740
4,2,Парканы,144,5.4917,5.5025,17.77,True,OK,улица Горького,n2450962245
4,2,Парканы,145,5.7047,5.7155,23.76,True,OK,улица Горького,n2450951744
4,2,Парканы,146,5.5098,5.5182,17.88,True,OK,улица Горького,n2450962246
4,2,Парканы,147,5.7809,5.7302,23.8,True,OK,улица Горького,n2450951747
4,2,Парканы,148,5.9752,5.5383,17.01,True,OK,улица Горького,n2450962247
4,2,Парканы,149,5.7355,5.7463,24.49,True,OK,улица Горького,n2450951751
4,2,Парканы,150,5.542,5.5528,16.88,True,OK,улица Горького,n2450962248
4,2,Парканы,151,5.7531,5.7604,23.0,True,OK,улица Горького,n2450951755
4,2,Парканы,151,5.738,5.7488,24.94,True,OK,улица Горького,n2450951758
4,2,Парканы,152,5.9394,5.5741,16.62,True,OK,улица Горького,n2450962249
4,2,Парканы,153,5.7806,5.7329,24.59,True,OK,улица Горького,n2450951762
4,2,Парканы,154,5.5817,5.5925,18.68,True,OK,улица Горького,n2450962250
4,2,Парканы,156,5.9073,5.6062,18.87,True,OK,улица Горького,n2450962252
4,2,Парканы,157,5.7955,5.718,24.05,True,OK,улица Горького,n2450951765
4,2,Парканы,158,5.8905,5.623,18.35,True,OK,улица Горького,n2450962253
4,2,Парканы,159,5.8104,5.7032,23.51,True,OK,улица Горького,n2450951770
4,2,Парканы,160,5.6291,5.6399,17.84,True,OK,улица Горького,n2450962254
4,2,Парканы,161,5.8255,5.6881,25.45,True,OK,улица Горького,n2450951774
4,2,Парканы,162,5.6483,5.659,20.13,True,OK,улица Горького,n2450962255
4,2,Парканы,163,5.6613,5.6721,25.11,True,OK,улица Горького,n2450951777
4,2,Парканы,164,5.6648,5.6756,18.85,True,OK,улица Горького,n2450962256
4,2,Парканы,165,5.857,5.6565,25.52,True,OK,улица Горького,n2450951781
4,2,Парканы,166,5.6806,5.6914,18.57,True,OK,улица Горького,n2450962258
4,2,Парканы,167,5.8735,5.64,23.65,True,OK,улица Горького,n2450951785
4,2,Парканы,168,5.7001,5.7109,19.1,True,OK,улица Горького,n2450962260
4,2,Парканы,169,5.6359,5.6467,20.96,True,OK,улица Горького,n2450951789
4,2,Парканы,170,5.7858,5.7277,18.58,True,OK,улица Горького,n2450962261
4,2,Парканы,171,5.6526,5.6634,21.8,True,OK,улица Горького,n2450951793
4,2,Парканы,172,5.7707,5.7428,16.72,True,OK,улица Горького,n2450962262
4,2,Парканы,173,5.6877,5.693,27.45,True,OK,улица Горького,n2450951803
4,2,Парканы,174,5.7461,5.7568,18.21,True,OK,улица Горького,n2450962263
4,2,Парканы,176,5.7408,5.7515,18.56,True,OK,улица Горького,n2450962264
4,2,Парканы,178,5.7256,5.7364,19.86,True,OK,улица Горького,n2450962265
4,2,Парканы,180,5.7076,5.7184,19.82,True,OK,улица Горького,n2450962266
4,2,Парканы,182,5.8119,5.7017,19.21,True,OK,улица Горького,n2450962267
4,2,Парканы,184,5.6744,5.6852,17.84,True,OK,улица Горького,n2450962268
4,2,Парканы,186,5.8426,5.6709,16.85,True,OK,улица Горького,n2450962269
4,2,Парканы,188,5.8572,5.6563,16.63,True,OK,улица Горького,n2450962270
4,2,Парканы,192,5.7129,5.656,16.28,True,OK,улица Горького,n2323152063
2,2,Парканы,4,,4.0003,21.27,True,OK,улица Димитрова,n6861250966
2,2,Парканы,4,3.9902,4.0009,20.55,True,OK,улица Димитрова,w733032833
2,2,Парканы,5,,3.9878,15.53,True,OK,улица Димитрова,n6861292342
2,2,Парканы,5,3.9806,3.99,15.9,True,OK,улица Димитрова,w733032832
2,2,Парканы,6,3.4922,3.503,20.8,True,OK,улица Димитрова,w223437272
2,2,Парканы,8,3.6134,3.6242,10.49,True,OK,улица Димитрова,n2458439728
2,2,Парканы,8а,3.6423,3.6531,8.73,True,OK,улица Димитрова,n2458439725
2,2,Парканы,10,4.2958,3.6936,9.21,True,OK,улица Димитрова,n2458439723
2,2,Парканы,12,3.7061,3.7169,10.45,True,OK,улица Димитрова,n2458439720
2,2,Парканы,14,3.7448,3.7556,9.76,True,OK,улица Димитрова,n2458439712
2,2,Парканы,16,4.1922,3.7972,7.19,True,OK,улица Димитрова,n2458439710
2,2,Парканы,18,3.8097,3.8205,8.43,True,OK,улица Димитрова,n2458439705
2,2,Парканы,25,3.7331,3.7439,13.73,True,OK,улица Димитрова,n2458439717
2,2,Парканы,27,4.2141,3.7752,15.84,True,OK,улица Димитрова,n2458439715
2,2,Парканы,29,4.1864,3.803,14.55,True,OK,улица Димитрова,n2458439707
2,2,Парканы,29а,3.7348,3.7456,30.55,True,OK,улица Димитрова,w294963846
2,2,Парканы,31,3.81,3.8208,16.83,True,OK,улица Димитрова,n2458439702
2,2,Парканы,32,4.1075,3.8819,10.52,True,OK,улица Димитрова,n2458439689
2,2,Парканы,33,4.1503,3.8444,16.36,True,OK,улица Димитрова,n2458439700
2,2,Парканы,34,4.0784,3.911,11.26,True,OK,улица Димитрова,n2458439687
2,2,Парканы,35,4.1251,3.8642,14.96,True,OK,улица Димитрова,n2458439697
2,2,Парканы,36,4.1321,3.9309,13.88,True,OK,улица Димитрова,n2458439684
2,2,Парканы,37,4.1055,3.8838,16.06,True,OK,улица Димитрова,n2458439694
2,2,Парканы,38,4.114,3.949,13.71,True,OK,улица Димитрова,n2458439682
2,2,Парканы,39,4.0912,3.8982,18.18,True,OK,улица Димитрова,n2458439692
2,2,Парканы,40,3.9542,3.965,16.41,True,OK,улица Димитрова,n2458439680
2,2,Парканы,41,3.921,3.933,12.71,True,OK,улица Димитрова,n2323407281
2,2,Парканы,42,3.9721,3.9829,20.23,True,OK,улица Димитрова,n2458439679
2,2,Парканы,44,4.003,4.0138,15.25,True,OK,улица Димитрова,n2323407154
4,2,Парканы,1,7.5226,6.2857,14.22,True,OK,улица Дружбы,n2323674197
4,2,Парканы,2,6.2867,6.2975,15.46,True,OK,улица Дружбы,w345068936
4,2,Парканы,3,6.3021,6.3129,13.33,True,OK,улица Дружбы,n2460055536
4,2,Парканы,4,6.3103,6.3211,15.53,True,OK,улица Дружбы,w345068937
4,2,Парканы,5,7.4764,6.3341,16.1,True,OK,улица Дружбы,n2460055537
4,2,Парканы,7,7.4528,6.3578,16.03,True,OK,улица Дружбы,n2460055538
4,2,Парканы,9,6.3685,6.3793,16.32,True,OK,улица Дружбы,n2460055539
4,2,Парканы,11,7.4124,6.3981,15.47,True,OK,улица Дружбы,n2460055540
4,2,Парканы,13,6.4049,6.4157,14.03,True,OK,улица Дружбы,n2460055541
4,2,Парканы,15,6.4246,6.4354,12.23,True,OK,улица Дружбы,n2460055542
4,2,Парканы,16,6.5283,6.539,21.1,True,OK,улица Дружбы,w284683007
4,2,Парканы,17,6.4413,6.4521,11.74,True,OK,улица Дружбы,n2460055543
4,2,Парканы,19,7.3377,6.4728,12.99,True,OK,улица Дружбы,n2460055544
4,2,Парканы,21,7.3178,6.4928,11.95,True,OK,улица Дружбы,n2460055545
4,2,Парканы,23,6.4992,6.51,12.98,True,OK,улица Дружбы,n2460055546
4,2,Парканы,25,7.2787,6.5318,10.81,True,OK,улица Дружбы,n2460055547
4,2,Парканы,27,7.2565,6.5564,10.54,True,OK,улица Дружбы,n2460055548
3,2,Парканы,1,4.6765,4.6873,15.33,True,OK,улица Калинина,n2323343688
3,2,Парканы,2,5.1636,4.7725,25.3,True,OK,улица Калинина,n2323343690
3,2,Парканы,3,4.6932,4.704,15.09,True,OK,улица Калинина,n2457583307
3,2,Парканы,4,4.7778,4.7886,24.18,True,OK,улица Калинина,n2457583288
3,2,Парканы,5,5.2147,4.7214,14.53,True,OK,улица Калинина,n2457583308
3,2,Парканы,8,5.1233,4.8128,24.22,True,OK,улица Калинина,n2457583290
3,2,Парканы,9,5.1973,4.7388,13.97,True,OK,улица Калинина,n2457583309
3,2,Парканы,9,4.746,4.7568,12.04,True,OK,улица Калинина,n2457583310
3,2,Парканы,10,4.8144,4.8252,24.91,True,OK,улица Калинина,n2457583291
3,2,Парканы,11,5.1634,4.7727,12.13,True,OK,улица Калинина,n2457583311
3,2,Парканы,12,5.0983,4.8378,24.58,True,OK,улица Калинина,n2457583292
3,2,Парканы,13,5.146,4.7901,11.57,True,OK,улица Калинина,n2457583312
3,2,Парканы,14,5.0791,4.857,24.75,True,OK,улица Калинина,n2457583293
3,2,Парканы,15,4.7967,4.8075,11.0,True,OK,улица Калинина,n2457583313
3,2,Парканы,16,5.0629,4.8732,23.63,True,OK,улица Калинина,n2457583294
3,2,Парканы,17,5.1096,4.8265,9.8,True,OK,улица Калинина,n2457583314
3,2,Парканы,18,4.8776,4.8884,26.65,True,OK,улица Калинина,n2457583295
3,2,Парканы,19,4.8326,4.8434,10.59,True,OK,улица Калинина,n2457583315
3,2,Парканы,20,4.9056,4.9164,24.87,True,OK,улица Калинина,n2323343692
3,2,Парканы,21,5.0758,4.8603,7.96,True,OK,улица Калинина,n2457583316
3,2,Парканы,23,4.867,4.8778,7.39,True,OK,улица Калинина,n2457583317
3,2,Парканы,25,5.0381,4.898,7.94,True,OK,улица Калинина,n2457583318
3,2,Парканы,27,4.9064,4.9171,7.76,True,OK,улица Калинина,n2323343691
3,2,Парканы,1,4.2718,4.1975,23.71,True,OK,улица Карла Маркса,w285192064
3,2,Парканы,1,4.1475,4.1583,19.25,True,OK,улица Карла Маркса,w285192626
3,2,Парканы,2,4.1289,4.1212,50.03,True,OK,улица Карла Маркса,w284651577
3,2,Парканы,4,4.1457,4.1565,36.27,True,OK,улица Карла Маркса,w284651576
3,2,Парканы,5,4.4029,4.2393,15.79,True,OK,улица Карла Маркса,n2323352005
3,2,Парканы,5,4.3685,4.2697,29.16,True,OK,улица Карла Маркса,n5026954958
3,2,Парканы,6,4.2977,4.1716,25.56,True,OK,улица Карла Маркса,w285192629
3,2,Парканы,7,4.2588,4.2695,14.04,True,OK,улица Карла Маркса,n2457626510
3,2,Парканы,8,4.2826,4.1867,27.48,True,OK,улица Карла Маркса,w284651574
3,2,Парканы,9,4.2846,4.2954,14.36,True,OK,улица Карла Маркса,n2323352019
3,2,Парканы,10,4.2624,4.2069,31.87,True,OK,улица Карла Маркса,w284651579
3,2,Парканы,11,5.8497,4.3065,13.91,True,OK,улица Карла Маркса,n2323352006
3,2,Парканы,12,4.209,4.2198,27.91,True,OK,улица Карла Маркса,w284651581
3,2,Парканы,13,4.3106,4.3214,14.4,True,OK,улица Карла Маркса,n2457626533
3,2,Парканы,14,4.2361,4.2332,32.46,True,OK,улица Карла Маркса,w284651582
3,2,Парканы,15,4.329,4.3398,13.42,True,OK,улица Карла Маркса,n2457626537
3,2,Парканы,17,5.7874,4.3688,12.58,True,OK,улица Карла Маркса,n2457626540
3,2,Парканы,18,4.4505,4.1876,10.23,True,OK,улица Карла Маркса,n2323407206
3,2,Парканы,19,4.3804,4.3942,13.56,True,OK,улица Карла Маркса,n2458504599
3,2,Парканы,20,4.2102,4.221,14.88,True,OK,улица Карла Маркса,n2457626514
3,2,Парканы,21,5.749,4.4072,12.15,True,OK,улица Карла Маркса,n2458504600
3,2,Парканы,22,4.389,4.2491,15.04,True,OK,улица Карла Маркса,n2457626521
3,2,Парканы,22,4.4029,4.2292,27.89,True,OK,улица Карла Маркса,n4466335882
3,2,Парканы,23,4.407,4.4178,13.0,True,OK,улица Карла Маркса,n2458504606
3,2,Парканы,24,4.2649,4.2757,13.52,True,OK,улица Карла Маркса,n2457626524
3,2,Парканы,25,4.4221,4.4329,13.63,True,OK,улица Карла Маркса,n2458504607
3,2,Парканы,25a,4.0942,4.105,11.6,True,OK,улица Карла Маркса,n3464331849
3,2,Парканы,27,5.712,4.4453,14.39,True,OK,улица Карла Маркса,n2458504608
3,2,Парканы,29,5.6902,4.4666,12.26,True,OK,улица Карла Маркса,n2458504609
3,2,Парканы,30,4.2863,4.2971,17.69,True,OK,улица Карла Маркса,n2323407211
3,2,Парканы,31,4.4846,4.4953,12.15,True,OK,улица Карла Маркса,n2458505586
3,2,Парканы,32,4.2671,4.2779,9.22,True,OK,улица Карла Маркса,n2323407215
3,2,Парканы,33,4.5132,4.524,13.87,True,OK,улица Карла Маркса,n2458505587
3,2,Парканы,34,4.2806,4.2914,9.3,True,OK,улица Карла Маркса,n2458504596
3,2,Парканы,35,4.5358,4.5465,15.59,True,OK,улица Карла Маркса,n2458529464
3,2,Парканы,36,4.2944,4.3052,11.86,True,OK,улица Карла Маркса,n2458504597
3,2,Парканы,37,4.5519,4.5627,15.28,True,OK,улица Карла Маркса,n2458529467
3,2,Парканы,38,5.8312,4.3251,9.87,True,OK,улица Карла Маркса,n2458504598
3,2,Парканы,39,5.5765,4.5798,14.62,True,OK,улица Карла Маркса,n2458529470
3,2,Парканы,40,4.3329,4.3437,8.95,True,OK,улица Карла Маркса,n2458504601
3,2,Парканы,41,4.5874,4.5982,16.24,True,OK,улица Карла Маркса,n2458529472
3,2,Парканы,42,4.3518,4.3626,9.7,True,OK,улица Карла Маркса,n2458504602
3,2,Парканы,43,5.5395,4.6167,15.05,True,OK,улица Карла Маркса,n2458529485
3,2,Парканы,44,5.7787,4.3775,8.97,True,OK,улица Карла Маркса,n2458504603
3,2,Парканы,45,5.5221,4.6341,14.73,True,OK,улица Карла Маркса,n2458529486
3,2,Парканы,45а,5.5061,4.6501,14.03,True,OK,улица Карла Маркса,n2458529487
3,2,Парканы,46,5.7631,4.3931,7.19,True,OK,улица Карла Маркса,n2458504604
3,2,Парканы,47,5.4943,4.6619,14.07,True,OK,улица Карла Маркса,n2458529499
3,2,Парканы,48,4.4019,4.4127,9.31,True,OK,улица Карла Маркса,n2458504605
3,2,Парканы,49,4.6784,4.6892,16.42,True,OK,улица Карла Маркса,n2458529502
3,2,Парканы,50,4.4156,4.4264,11.73,True,OK,улица Карла Маркса,n2458504610
3,2,Парканы,51,5.4421,4.7141,14.99,True,OK,улица Карла Маркса,n2458660243
3,2,Парканы,52,4.4335,4.4442,10.06,True,OK,улица Карла Маркса,n2458504611
3,2,Парканы,53,5.4228,4.7334,13.92,True,OK,улица Карла Маркса,n2458660244
3,2,Парканы,54,5.6986,4.4577,9.73,True,OK,улица Карла Маркса,n2458504612
3,2,Парканы,55,4.7439,4.7547,14.98,True,OK,улица Карла Маркса,n2458660245
3,2,Парканы,56,4.46,4.4708,10.28,True,OK,улица Карла Маркса,n2458504613
3,2,Парканы,57,4.7757,4.7898,13.76,True,OK,улица Карла Маркса,n2458660246
3,2,Парканы,58,4.4826,4.4934,11.13,True,OK,улица Карла Маркса,n2458505584
3,2,Парканы,59,5.3403,4.816,13.94,True,OK,улица Карла Маркса,n2458660247
3,2,Парканы,60,4.4965,4.5073,11.03,True,OK,улица Карла Маркса,n2458505585
3,2,Парканы,61,5.324,4.8322,11.67,True,OK,улица Карла Маркса,n2458664570
3,2,Парканы,62,4.5098,4.5206,9.86,True,OK,улица Карла Маркса,n2458529475
3,2,Парканы,63,5.289,4.8672,12.91,True,OK,улица Карла Маркса,n2458664571
3,2,Парканы,64,5.6171,4.5391,9.19,True,OK,улица Карла Маркса,n2458529478
3,2,Парканы,65,4.8714,4.8822,12.31,True,OK,улица Карла Маркса,n2458664572
3,2,Парканы,66,4.5482,4.559,9.03,True,OK,улица Карла Маркса,n2458529481
3,2,Парканы,67,4.8822,4.8929,12.53,True,OK,улица Карла Маркса,n2458664573
3,2,Парканы,68,5.5772,4.579,10.72,True,OK,улица Карла Маркса,n2458529483
3,2,Парканы,69,4.8981,4.9089,13.43,True,OK,улица Карла Маркса,n2458664574
3,2,Парканы,70,5.5612,4.595,9.17,True,OK,улица Карла Маркса,n2458529484
3,2,Парканы,71,5.2352,4.921,12.11,True,OK,улица Карла Маркса,n2458664575
3,2,Парканы,71,4.9648,4.9756,21.45,True,OK,улица Карла Маркса,n4466336180
3,2,Парканы,72,5.5483,4.6079,8.68,True,OK,улица Карла Маркса,n2458529488
3,2,Парканы,73,4.9393,4.9501,13.16,True,OK,улица Карла Маркса,n2458664576
3,2,Парканы,74,4.6098,4.6206,9.02,True,OK,улица Карла Маркса,n2458529490
3,2,Парканы,75,5.1813,4.9749,15.0,True,OK,улица Карла Маркса,n2458664578
3,2,Парканы,75а,5.1968,4.9595,12.99,True,OK,улица Карла Маркса,n2458664577
3,2,Парканы,76,4.6258,4.6366,9.72,True,OK,улица Карла Маркса,n2458529493
3,2,Парканы,77,5.0138,5.0246,12.29,True,OK,улица Карла Маркса,n2458660242
3,2,Парканы,78,4.6432,4.654,10.04,True,OK,улица Карла Маркса,n2458529496
3,2,Парканы,79,5.0256,5.0364,12.38,True,OK,улица Карла Маркса,n2458660241
3,2,Парканы,80,4.6621,4.6728,9.98,True,OK,улица Карла Маркса,n2458529507
3,2,Парканы,81,5.0792,5.077,18.96,True,OK,улица Карла Маркса,n2458660240
3,2,Парканы,82,5.4613,4.695,10.28,True,OK,улица Карла Маркса,n2458529510
3,2,Парканы,84,5.4279,4.7284,7.54,True,OK,улица Карла Маркса,n2458529514
3,2,Парканы,85,5.1309,5.0253,17.44,True,OK,улица Карла Маркса,n2458660238
3,2,Парканы,86,5.4026,4.7536,6.66,True,OK,улица Карла Маркса,n2458529530
3,2,Парканы,87,5.1417,5.0112,16.95,True,OK,улица Карла Маркса,n2458660237
3,2,Парканы,88,4.7628,4.7736,8.4,True,OK,улица Карла Маркса,n2458529532
3,2,Парканы,89,5.1669,4.9875,18.05,True,OK,улица Карла Маркса,n2458660236
3,2,Парканы,90,5.3615,4.7947,7.67,True,OK,улица Карла Маркса,n2458533169
3,2,Парканы,91,4.9601,4.9709,18.71,True,OK,улица Карла Маркса,n2458660235
3,2,Парканы,92,5.3377,4.8185,7.44,True,OK,улица Карла Маркса,n2458533170
3,2,Парканы,93,5.2043,4.9519,17.85,True,OK,улица Карла Маркса,n2458660234
3,2,Парканы,94,5.3233,4.8329,10.81,True,OK,улица Карла Маркса,n2458533171
3,2,Парканы,96,4.8376,4.8484,10.72,True,OK,улица Карла Маркса,n2458618713
3,2,Парканы,98,5.2727,4.8836,9.34,True,OK,улица Карла Маркса,n2458618716
3,2,Парканы,99,4.9492,4.96,18.44,True,OK,улица Карла Маркса,n2458675450
3,2,Парканы,100,4.892,4.9028,8.87,True,OK,улица Карла Маркса,n2458650284
3,2,Парканы,101,5.5725,4.9753,20.17,True,OK,улица Карла Маркса,n2458675451
3,2,Парканы,102,5.2418,4.9145,9.04,True,OK,улица Карла Маркса,n2458650285
3,2,Парканы,103,5.5469,5.0009,19.18,True,OK,улица Карла Маркса,n2458675452
3,2,Парканы,104,4.9204,4.9312,10.45,True,OK,улица Карла Маркса,n2458650286
3,2,Парканы,105,5.5276,5.0202,18.12,True,OK,улица Карла Маркса,n2458675453
3,2,Парканы,106,4.9345,4.9453,10.7,True,OK,улица Карла Маркса,n2458531639
3,2,Парканы,107,5.515,5.0327,19.54,True,OK,улица Карла Маркса,n2458675454
3,2,Парканы,108,5.1913,4.9649,9.52,True,OK,улица Карла Маркса,n2458650287
3,2,Парканы,109,5.4907,5.0616,19.56,True,OK,улица Карла Маркса,n2458675459
3,2,Парканы,110,4.9663,4.9771,8.98,True,OK,улица Карла Маркса,n2458650288
3,2,Парканы,111,5.4387,5.1091,16.06,True,OK,улица Карла Маркса,n2458675458
3,2,Парканы,112,4.985,4.9958,9.31,True,OK,улица Карла Маркса,n2458650289
4,2,Парканы,113,5.1242,5.1443,22.13,True,OK,улица Карла Маркса,n2458675457
3,2,Парканы,114,4.9995,5.0103,9.23,True,OK,улица Карла Маркса,n2458658695
4,2,Парканы,115,5.3686,5.1792,23.79,True,OK,улица Карла Маркса,n2458675456
3,2,Парканы,116,5.0127,5.0235,10.63,True,OK,улица Карла Маркса,n2458658696
4,2,Парканы,117,5.1971,5.2079,21.78,True,OK,улица Карла Маркса,n2458675455
3,2,Парканы,118,5.1087,5.0475,9.69,True,OK,улица Карла Маркса,n2458658697
4,2,Парканы,119,5.2731,5.2755,20.33,True,OK,улица Карла Маркса,n2323407237
3,2,Парканы,120,5.0957,5.0605,11.18,True,OK,улица Карла Маркса,n2458658698
4,2,Парканы,121,5.2666,5.2774,18.31,True,OK,улица Карла Маркса,n2458684411
3,2,Парканы,122,5.0595,5.0703,7.79,True,OK,улица Карла Маркса,n2458658699
4,2,Парканы,123,5.2804,5.2912,20.16,True,OK,улица Карла Маркса,n2458684410
3,2,Парканы,124,5.1155,5.0407,8.85,True,OK,улица Карла Маркса,n2458658700
4,2,Парканы,125,6.3316,5.3054,22.75,True,OK,улица Карла Маркса,n2323407244
3,2,Парканы,126,5.1417,5.0146,7.14,True,OK,улица Карла Маркса,n2458658701
4,2,Парканы,127,5.3115,5.3223,22.57,True,OK,улица Карла Маркса,n2458684409
3,2,Парканы,128,5.1574,4.9989,6.75,True,OK,улица Карла Маркса,n2458658702
4,2,Парканы,129,6.2976,5.3395,23.9,True,OK,улица Карла Маркса,n2458684408
3,2,Парканы,130,4.9767,4.9875,6.92,True,OK,улица Карла Маркса,n2458658703
3,2,Парканы,130,5.1876,4.9686,25.1,True,OK,улица Карла Маркса,n4466336181
4,2,Парканы,131,6.284,5.3531,24.21,True,OK,улица Карла Маркса,n2458684415
4,2,Парканы,131,5.3918,5.4026,20.61,True,OK,улица Карла Маркса,n4466336184
3,2,Парканы,132,4.9569,4.9677,8.3,True,OK,улица Карла Маркса,n2458658704
4,2,Парканы,133,5.3578,5.3686,23.43,True,OK,улица Карла Маркса,n2458684416
3,2,Парканы,134,5.209,4.9472,8.95,True,OK,улица Карла Маркса,n2458533168
4,2,Парканы,135,6.253,5.3841,22.64,True,OK,улица Карла Маркса,n2458684417
3,2,Парканы,136,5.6111,4.9366,13.36,True,OK,улица Карла Маркса,n2323407234
4,2,Парканы,137,6.2394,5.3977,22.95,True,OK,улица Карла Маркса,n2458684421
3,2,Парканы,138,4.9417,4.9525,15.46,True,OK,улица Карла Маркса,n2458675448
4,2,Парканы,139,6.2258,5.4113,23.26,True,OK,улица Карла Маркса,n2458684422
3,2,Парканы,140,5.5826,4.9652,15.31,True,OK,улица Карла Маркса,n2458675449
3,2,Парканы,140,4.9401,4.9509,14.34,True,OK,улица Карла Маркса,n4393904265
4,2,Парканы,141,5.4138,5.4246,22.81,True,OK,улица Карла Маркса,n2458684423
3,2,Парканы,142,4.9725,4.9833,17.81,True,OK,улица Карла Маркса,n2458675471
4,2,Парканы,143,5.4279,5.4387,24.64,True,OK,улица Карла Маркса,n2458684428
3,2,Парканы,144,5.5375,5.0103,18.64,True,OK,улица Карла Маркса,n2458675470
4,2,Парканы,145,6.1853,5.4518,23.42,True,OK,улица Карла Маркса,n2458684429
3,2,Парканы,146,5.0184,5.0292,17.15,True,OK,улица Карла Маркса,n2458675469
4,2,Парканы,147,5.4556,5.4664,23.57,True,OK,улица Карла Маркса,n2458684430
3,2,Парканы,148,5.0463,5.0455,17.25,True,OK,улица Карла Маркса,n2458675468
4,2,Парканы,149,5.472,5.4828,21.86,True,OK,улица Карла Маркса,n2458684431
3,2,Парканы,150,5.4828,5.065,18.18,True,OK,улица Карла Маркса,n2458675467
4,2,Парканы,151,5.4885,5.4993,22.54,True,OK,улица Карла Маркса,n2458684432
4,2,Парканы,151,5.6034,5.6141,22.61,True,OK,улица Карла Маркса,n4466336245
3,2,Парканы,152,5.0838,5.0847,17.09,True,OK,улица Карла Маркса,n2458675466
4,2,Парканы,153,5.5065,5.5173,22.73,True,OK,улица Карла Маркса,n2458684433
4,2,Парканы,154,5.4394,5.1084,17.89,True,OK,улица Карла Маркса,n2458675465
4,2,Парканы,155,6.1051,5.532,22.69,True,OK,улица Карла Маркса,n2458684434
4,2,Парканы,156,5.1242,5.1337,13.69,True,OK,улица Карла Маркса,n2458675464
4,2,Парканы,157,5.5369,5.5477,22.48,True,OK,улица Карла Маркса,n2458684435
4,2,Парканы,158,5.1437,5.1544,14.3,True,OK,улица Карла Маркса,n2458675463
4,2,Парканы,159,5.5541,5.5649,23.61,True,OK,улица Карла Маркса,n2458684436
4,2,Парканы,160,5.1629,5.1737,15.92,True,OK,улица Карла Маркса,n2458675462
4,2,Парканы,161,5.572,5.5828,23.04,True,OK,улица Карла Маркса,n2458684439
4,2,Парканы,161,5.9687,5.6684,23.18,True,OK,улица Карла Маркса,n2458684440
4,2,Парканы,161,5.6568,5.6676,20.9,True,OK,улица Карла Маркса,n4466336246
4,2,Парканы,162,5.1859,5.1967,15.85,True,OK,улица Карла Маркса,n2458675461
4,2,Парканы,163,5.6023,5.6131,22.79,True,OK,улица Карла Маркса,n2458684437
4,2,Парканы,164,5.2038,5.2146,17.19,True,OK,улица Карла Маркса,n2458675460
4,2,Парканы,165,5.6223,5.633,21.86,True,OK,улица Карла Маркса,n2323407249
4,2,Парканы,166,5.2245,5.2353,12.12,True,OK,улица Карла Маркса,n2323407240
4,2,Парканы,167,5.9849,5.6522,21.87,True,OK,улица Карла Маркса,n2458684438
4,2,Парканы,168,5.5465,5.3023,4.93,True,OK,улица Карла Маркса,n2458684404
4,2,Парканы,169,5.9496,5.7309,25.57,True,OK,улица Карла Маркса,n2458684441
4,2,Парканы,170,5.269,5.2778,7.4,True,OK,улица Карла Маркса,n2458684403
4,2,Парканы,171,5.7196,5.7304,13.42,True,OK,улица Карла Маркса,n2323407252
4,2,Парканы,172,5.2834,5.2942,10.61,True,OK,улица Карла Маркса,n2323407247
4,2,Парканы,173,6.8587,5.7398,18.63,True,OK,улица Карла Маркса,n2458688102
4,2,Парканы,174,5.2993,5.3101,9.87,True,OK,улица Карла Маркса,n2458684405
4,2,Парканы,175,5.7456,5.7564,21.6,True,OK,улица Карла Маркса,n2458688104
4,2,Парканы,176,5.3153,5.3261,9.13,True,OK,улица Карла Маркса,n2458684406
4,2,Парканы,177,5.7603,5.7711,21.69,True,OK,улица Карла Маркса,n2458688107
4,2,Парканы,178,5.3276,5.3384,9.42,True,OK,улица Карла Маркса,n2458684407
4,2,Парканы,178а,5.3433,5.3541,9.44,True,OK,улица Карла Маркса,n2458684412
4,2,Парканы,179,6.8109,5.7875,23.89,True,OK,улица Карла Маркса,n2458735869
4,2,Парканы,179,6.777,5.8215,20.93,True,OK,улица Карла Маркса,n4466336248
4,2,Парканы,180,5.3596,5.3704,11.15,True,OK,улица Карла Маркса,n2458684413
4,2,Парканы,181,5.7924,5.8032,23.81,True,OK,улица Карла Маркса,n2458735871
4,2,Парканы,181,5.826,5.8368,23.31,True,OK,улица Карла Маркса,n4393903634
4,2,Парканы,182,6.252,5.3851,11.0,True,OK,улица Карла Маркса,n2458684414
4,2,Парканы,182,6.2488,5.3883,22.66,True,OK,улица Карла Маркса,n4466336243
4,2,Парканы,183,5.8082,5.819,23.73,True,OK,улица Карла Маркса,n2458735874
4,2,Парканы,184,5.39,5.4008,11.03,True,OK,улица Карла Маркса,n2458684418
4,2,Парканы,185,6.7621,5.8363,21.78,True,OK,улица Карла Маркса,n2458735877
4,2,Парканы,185,5.8556,5.8664,24.25,True,OK,улица Карла Маркса,n4886201240
4,2,Парканы,186,6.2214,5.4157,10.12,True,OK,улица Карла Маркса,n2458684419
4,2,Парканы,187,6.7461,5.8523,22.46,True,OK,улица Карла Маркса,n2458735883
4,2,Парканы,188,6.2057,5.4314,10.14,True,OK,улица Карла Маркса,n2458684420
4,2,Парканы,189,6.7293,5.8691,22.21,True,OK,улица Карла Маркса,n2458735885
4,2,Парканы,190,6.1936,5.4435,11.19,True,OK,улица Карла Маркса,n2458684424
4,2,Парканы,191,6.7155,5.8829,23.23,True,OK,улица Карла Маркса,n2458735887
4,2,Парканы,192,5.4473,5.4581,11.05,True,OK,улица Карла Маркса,n2458684425
4,2,Парканы,193,6.7006,5.8978,24.08,True,OK,улица Карла Маркса,n2458735890
4,2,Парканы,194,6.1635,5.4736,11.83,True,OK,улица Карла Маркса,n2458684426
4,2,Парканы,195,5.9024,5.9132,26.46,True,OK,улица Карла Маркса,n2458735904
4,2,Парканы,196,6.1503,5.4848,11.96,True,OK,улица Карла Маркса,n2458684427
4,2,Парканы,197,6.67,5.9284,24.85,True,OK,улица Карла Маркса,n2458735907
4,2,Парканы,198,5.4873,5.4981,11.84,True,OK,улица Карла Маркса,n2458700720
4,2,Парканы,199,5.9323,5.9431,24.94,True,OK,улица Карла Маркса,n2458735910
4,2,Парканы,200,6.1257,5.5114,12.45,True,OK,улица Карла Маркса,n2458700722
4,2,Парканы,200,6.1161,5.521,14.06,True,OK,улица Карла Маркса,n4466336185
4,2,Парканы,201,5.9482,5.959,25.62,True,OK,улица Карла Маркса,n2458735921
4,2,Парканы,202,5.5153,5.526,12.49,True,OK,улица Карла Маркса,n2458700723
4,2,Парканы,203,5.9622,5.9729,23.42,True,OK,улица Карла Маркса,n2458735924
4,2,Парканы,204,6.0988,5.5383,12.93,True,OK,улица Карла Маркса,n2458700725
4,2,Парканы,204,5.544,5.5548,24.53,True,OK,улица Карла Маркса,n4886201798
4,2,Парканы,205,6.6102,5.9882,21.81,True,OK,улица Карла Маркса,n2458735940
4,2,Парканы,206,5.54,5.5508,12.61,True,OK,улица Карла Маркса,n2458700727
4,2,Парканы,207,5.9913,6.0021,19.62,True,OK,улица Карла Маркса,n2458735942
4,2,Парканы,208,5.5541,5.5649,14.17,True,OK,улица Карла Маркса,n2458700729
4,2,Парканы,208,6.0496,5.5875,24.37,True,OK,улица Карла Маркса,n4466336244
4,2,Парканы,209,6.5798,6.0187,18.6,True,OK,улица Карла Маркса,n2458735945
4,2,Парканы,210,6.0594,5.5777,13.08,True,OK,улица Карла Маркса,n2458700733
4,2,Парканы,211,6.5642,6.0342,17.75,True,OK,улица Карла Маркса,n2458735948
4,2,Парканы,212,5.5817,5.5925,12.36,True,OK,улица Карла Маркса,n2458700735
4,2,Парканы,213,6.0311,6.0419,17.32,True,OK,улица Карла Маркса,n2458735950
4,2,Парканы,214,5.594,5.6048,12.8,True,OK,улица Карла Маркса,n2458700718
4,2,Парканы,215,6.5366,6.0618,19.75,True,OK,улица Карла Маркса,n2458735961
4,2,Парканы,216,5.6123,5.6231,11.85,True,OK,улица Карла Маркса,n2458700719
4,2,Парканы,216,5.6138,5.6246,17.72,True,OK,улица Карла Маркса,n4466335693
4,2,Парканы,217,6.523,6.0754,19.99,True,OK,улица Карла Маркса,n2458735964
4,2,Парканы,218,5.9988,5.6383,13.58,True,OK,улица Карла Маркса,n2458688091
4,2,Парканы,219,6.5116,6.0868,20.57,True,OK,улица Карла Маркса,n2458735967
4,2,Парканы,220,5.9852,5.6519,13.44,True,OK,улица Карла Маркса,n2458688088
4,2,Парканы,220,5.9364,5.7007,19.19,True,OK,улица Карла Маркса,n4466336186
4,2,Парканы,221,6.498,6.1004,20.81,True,OK,улица Карла Маркса,n2458735970
4,2,Парканы,222,5.9653,5.6718,11.14,True,OK,улица Карла Маркса,n2458688085
4,2,Парканы,222а,5.9473,5.6898,10.95,True,OK,улица Карла Маркса,n2458688082
4,2,Парканы,223,6.4812,6.1172,20.54,True,OK,улица Карла Маркса,n2458735972
4,2,Парканы,224,5.7141,5.7249,11.0,True,OK,улица Карла Маркса,n2458688076
4,2,Парканы,224,5.699,5.7079,10.76,True,OK,улица Карла Маркса,n2458688078
4,2,Парканы,225,6.1208,6.1316,19.85,True,OK,улица Карла Маркса,n2458735973
4,2,Парканы,227,6.4538,6.1446,21.78,True,OK,улица Карла Маркса,n2458735974
4,2,Парканы,228,5.7309,5.7417,11.25,True,OK,улица Карла Маркса,n2458688094
4,2,Парканы,229,6.4403,6.1582,22.02,True,OK,улица Карла Маркса,n2458735975
4,2,Парканы,230,6.8413,5.7572,12.09,True,OK,улица Карла Маркса,n2458688097
4,2,Парканы,230,6.8513,5.7472,15.31,True,OK,улица Карла Маркса,n4466336187
4,2,Парканы,231,6.1625,6.218,28.86,True,OK,улица Карла Маркса,n2458735976
4,2,Парканы,231,7.5402,6.2703,18.13,True,OK,улица Карла Маркса,n4466336251
4,2,Парканы,232,6.8264,5.7721,11.24,True,OK,улица Карла Маркса,n2458688099
4,2,Парканы,233,6.3957,6.2187,14.3,True,OK,улица Карла Маркса,n2323407255
4,2,Парканы,234,5.7767,5.7875,12.09,True,OK,улица Карла Маркса,n2458735858
4,2,Парканы,236,6.7946,5.8038,13.86,True,OK,улица Карла Маркса,n2458735861
4,2,Парканы,238,5.8103,5.8211,12.59,True,OK,улица Карла Маркса,n2458735863
4,2,Парканы,240,5.8263,5.8371,11.91,True,OK,улица Карла Маркса,n2458735866
4,2,Парканы,241,7.0297,6.7809,24.07,True,OK,улица Карла Маркса,n2323407271
4,2,Парканы,242,5.8452,5.856,12.5,True,OK,улица Карла Маркса,n2458735880
4,2,Парканы,243,6.2541,6.2649,18.82,True,OK,улица Карла Маркса,n2460055582
4,2,Парканы,244,6.7293,5.8691,13.76,True,OK,улица Карла Маркса,n2458735893
4,2,Парканы,246,5.8719,5.8827,13.51,True,OK,улица Карла Маркса,n2458735895
4,2,Парканы,248,5.8868,5.8976,12.66,True,OK,улица Карла Маркса,n2458735898
4,2,Парканы,250,6.6875,5.9109,13.16,True,OK,улица Карла Маркса,n2458735901
4,2,Парканы,252,5.9135,5.9243,13.67,True,OK,улица Карла Маркса,n2458735912
4,2,Парканы,254,6.6619,5.9365,14.0,True,OK,улица Карла Маркса,n2458735915
4,2,Парканы,256,6.6499,5.9485,15.1,True,OK,улица Карла Маркса,n2458735918
4,2,Парканы,258,5.95,5.9608,15.44,True,OK,улица Карла Маркса,n2458735926
4,2,Парканы,260,6.6264,5.972,15.6,True,OK,улица Карла Маркса,n2458735929
4,2,Парканы,261,7.3962,6.4143,20.49,True,OK,улица Карла Маркса,n2460055581
4,2,Парканы,262,6.6144,5.984,16.7,True,OK,улица Карла Маркса,n2458735932
4,2,Парканы,263,6.421,6.4318,23.02,True,OK,улица Карла Маркса,n2460055580
4,2,Парканы,264,5.9844,5.9952,16.87,True,OK,улица Карла Маркса,n2458735934
4,2,Парканы,265,7.3592,6.4514,25.27,True,OK,улица Карла Маркса,n2460055579
4,2,Парканы,266,5.9975,6.0083,18.14,True,OK,улица Карла Маркса,n2458735937
4,2,Парканы,267,7.3409,6.4696,22.19,True,OK,улица Карла Маркса,n2460055578
4,2,Парканы,268,6.0105,6.0206,18.47,True,OK,улица Карла Маркса,n2458735953
4,2,Парканы,269,7.3251,6.4854,22.57,True,OK,улица Карла Маркса,n2460055577
4,2,Парканы,270,6.0201,6.0309,17.73,True,OK,улица Карла Маркса,n2458735956
4,2,Парканы,271,7.3059,6.5046,23.3,True,OK,улица Карла Маркса,n2460055576
4,2,Парканы,272,6.0326,6.0434,17.32,True,OK,улица Карла Маркса,n2458735958
4,2,Парканы,274,6.542,6.0564,15.38,True,OK,улица Карла Маркса,n2458739064
4,2,Парканы,276,6.0576,6.0684,16.5,True,OK,улица Карла Маркса,n2458739065
4,2,Парканы,278,6.0678,6.0785,16.51,True,OK,улица Карла Маркса,n2458739066
4,2,Парканы,280,6.0803,6.091,16.1,True,OK,улица Карла Маркса,n2458739067
4,2,Парканы,282,6.492,6.1064,13.74,True,OK,улица Карла Маркса,n2458739068
4,2,Парканы,284,6.4737,6.1247,12.66,True,OK,улица Карла Маркса,n2458739069
4,2,Парканы,286,6.458,6.1405,12.76,True,OK,улица Карла Маркса,n2458739070
4,2,Парканы,288,6.4399,6.1586,12.44,True,OK,улица Карла Маркса,n2458739071
4,2,Парканы,290,6.4207,6.1777,12.29,True,OK,улица Карла Маркса,n2323407258
4,2,Парканы,296,6.2058,6.2136,20.07,True,OK,улица Карла Маркса,n2323407261
4,2,Парканы,298,6.2305,6.2413,16.73,True,OK,улица Карла Маркса,n2460055549
4,2,Парканы,300,6.2441,6.2549,16.08,True,OK,улица Карла Маркса,n2460055550
4,2,Парканы,302,7.5397,6.2708,14.94,True,OK,улица Карла Маркса,n2460055551
4,2,Парканы,304,6.2797,6.2905,12.69,True,OK,улица Карла Маркса,n2460055552
4,2,Парканы,306,7.5021,6.3084,12.58,True,OK,улица Карла Маркса,n2460055553
4,2,Парканы,308,6.3163,6.3271,14.14,True,OK,улица Карла Маркса,n2460055554
4,2,Парканы,310,7.4572,6.3534,11.94,True,OK,улица Карла Маркса,n2460055555
4,2,Парканы,312,7.4388,6.3717,10.31,True,OK,улица Карла Маркса,n2460055556
4,2,Парканы,314,7.4203,6.3903,7.92,True,OK,улица Карла Маркса,n2460055557
4,2,Парканы,314,7.3867,6.4238,16.85,True,OK,улица Карла Маркса,n4466336255
4,2,Парканы,316,7.4027,6.4078,9.34,True,OK,улица Карла Маркса,n2460055558
4,2,Парканы,318,6.4133,6.4241,11.39,True,OK,улица Карла Маркса,n2460055559
4,2,Парканы,320,7.3664,6.4441,7.61,True,OK,улица Карла Маркса,n2460055560
4,2,Парканы,322,7.3471,6.4634,10.82,True,OK,улица Карла Маркса,n2460055561
4,2,Парканы,324,7.3317,6.4788,11.97,True,OK,улица Карла Маркса,n2460055562
4,2,Парканы,326,6.4827,6.4935,11.46,True,OK,улица Карла Маркса,n2460055563
4,2,Парканы,328,7.2992,6.5113,12.11,True,OK,улица Карла Маркса,n2460055564
4,2,Парканы,329,6.6628,6.678,22.0,True,OK,улица Карла Маркса,n2460055575
4,2,Парканы,330,7.2835,6.527,11.12,True,OK,улица Карла Маркса,n2460055565
4,2,Парканы,332,7.2667,6.5438,11.06,True,OK,улица Карла Маркса,n2460055566
4,2,Парканы,334,7.2498,6.5607,11.0,True,OK,улица Карла Маркса,n2460055567
4,2,Парканы,336,7.2283,6.5823,10.01,True,OK,улица Карла Маркса,n2460055568
4,2,Парканы,338,7.2103,6.6002,10.1,True,OK,улица Карла Маркса,n2460055569
4,2,Парканы,340,6.6043,6.6151,8.99,True,OK,улица Карла Маркса,n2460055570
4,2,Парканы,342,6.625,6.6358,7.09,True,OK,улица Карла Маркса,n2460055571
4,2,Парканы,344,7.1536,6.657,7.62,True,OK,улица Карла Маркса,n2460055572
4,2,Парканы,346,7.1397,6.6708,6.35,True,OK,улица Карла Маркса,n2460055573
4,2,Парканы,348,6.7621,6.7729,13.74,True,OK,улица Карла Маркса,n2323407267
3,2,Парканы,3,4.5173,4.5281,10.86,True,OK,улица Кирова,n2459760178
3,2,Парканы,5,4.5325,4.5433,11.95,True,OK,улица Кирова,n2459760179
3,2,Парканы,7,4.5484,4.5592,12.44,True,OK,улица Кирова,n2459760180
3,2,Парканы,9,4.5622,4.573,13.43,True,OK,улица Кирова,n2459760181
3,2,Парканы,11,4.5781,4.5889,13.92,True,OK,улица Кирова,n2459760182
3,2,Парканы,13,4.5961,4.6069,15.21,True,OK,улица Кирова,n2459760183
3,2,Парканы,15,4.6133,4.6241,17.1,True,OK,улица Кирова,n2459760184
3,2,Парканы,17,4.6314,4.6422,15.78,True,OK,улица Кирова,n2459760185
3,2,Парканы,19,5.1345,4.6581,16.27,True,OK,улица Кирова,n2459760186
3,2,Парканы,21,5.1157,4.6769,15.65,True,OK,улица Кирова,n2459760187
3,2,Парканы,23,5.095,4.6976,17.14,True,OK,улица Кирова,n2459760188
3,2,Парканы,25,5.0707,4.722,17.95,True,OK,улица Кирова,n2459760189
3,2,Парканы,29,4.7828,4.7936,17.99,True,OK,улица Кирова,n2459760197
3,2,Парканы,31,4.8138,4.8245,19.06,True,OK,улица Кирова,n2459760201
3,2,Парканы,33,4.9192,4.9007,21.79,True,OK,улица Кирова,n2459760204
3,2,Парканы,35,4.8983,4.9234,20.65,True,OK,улица Кирова,n2323589098
3,2,Парканы,37,4.9394,4.9502,26.7,True,OK,улица Кирова,n2459760207
3,2,Парканы,39,,5.0491,31.32,True,OK,улица Кирова,w405741143
3,2,Парканы,39а,4.9463,4.9638,17.75,True,OK,улица Кирова,w238116827
3,2,Парканы,41,5.0746,5.0854,22.29,True,OK,улица Кирова,n2459760228
3,2,Парканы,43,5.8224,5.1159,21.07,True,OK,улица Кирова,n2459760231
3,2,Парканы,45,5.1386,5.1494,22.17,True,OK,улица Кирова,n2459760233
3,2,Парканы,47,5.1666,5.1774,20.55,True,OK,улица Кирова,n2459760235
3,2,Парканы,49,5.7341,5.2042,17.52,True,OK,улица Кирова,n2459760236
3,2,Парканы,51,5.7025,5.2357,19.58,True,OK,улица Кирова,n2459760237
3,2,Парканы,53,5.6755,5.2628,18.75,True,OK,улица Кирова,n2459760238
3,2,Парканы,55,5.2776,5.2884,17.75,True,OK,улица Кирова,n2459760239
4,2,Парканы,57,5.6271,5.3112,16.46,True,OK,улица Кирова,n2459760240
4,2,Парканы,59,5.3184,5.3373,14.16,True,OK,улица Кирова,n2459760241
4,2,Парканы,61,5.5795,5.3628,14.38,True,OK,улица Кирова,n2459760242
4,2,Парканы,63,5.3817,5.3925,14.72,True,OK,улица Кирова,n2459760243
4,2,Парканы,65,5.5242,5.4141,15.46,True,OK,улица Кирова,n2323589099
3,2,Парканы,67,4.9887,4.5333,10.27,True,OK,улица Кирова,n2457822037
3,2,Парканы,69,4.9738,4.5482,10.44,True,OK,улица Кирова,n2457822039
3,2,Парканы,69,4.5796,4.5904,25.17,True,OK,улица Кирова,n5653833604
3,2,Парканы,71,4.9535,4.5685,10.67,True,OK,улица Кирова,n2457822042
3,2,Парканы,71,4.916,4.606,26.22,True,OK,улица Кирова,n5653833914
3,2,Парканы,73,4.5725,4.5833,10.97,True,OK,улица Кирова,n2457822045
3,2,Парканы,73,4.9011,4.621,26.59,True,OK,улица Кирова,n5653832465
3,2,Парканы,75,4.9096,4.6125,12.36,True,OK,улица Кирова,n2457822048
3,2,Парканы,75,4.8827,4.6393,26.38,True,OK,улица Кирова,n5653833909
3,2,Парканы,77,4.8878,4.6342,12.9,True,OK,улица Кирова,n2457822051
3,2,Парканы,79,4.6601,4.6709,13.82,True,OK,улица Кирова,n2457822055
3,2,Парканы,79,4.8338,4.6883,26.26,True,OK,улица Кирова,n5653834956
3,2,Парканы,80,5.0121,4.5099,14.81,True,OK,улица Кирова,n2457838421
3,2,Парканы,81,4.6806,4.6913,12.99,True,OK,улица Кирова,n2457822058
3,2,Парканы,82,4.5194,4.5302,13.24,True,OK,улица Кирова,n2457838419
3,2,Парканы,83,4.7044,4.7152,11.58,True,OK,улица Кирова,n2457822060
3,2,Парканы,84,4.9783,4.5437,11.74,True,OK,улица Кирова,n2457838412
3,2,Парканы,85,4.7871,4.735,8.73,True,OK,улица Кирова,n2323589062
3,2,Парканы,86,4.9648,4.5573,12.93,True,OK,улица Кирова,n2457838411
3,2,Парканы,87,4.7625,4.7595,10.65,True,OK,улица Кирова,n2323589065
3,2,Парканы,87,4.744,4.7488,23.05,True,OK,улица Кирова,n5653834955
3,2,Парканы,88,4.5615,4.5723,12.67,True,OK,улица Кирова,n2457838410
3,2,Парканы,89,4.7771,4.7892,19.97,True,OK,улица Кирова,n2457994811
3,2,Парканы,90,4.9341,4.588,11.61,True,OK,улица Кирова,n2457838409
3,2,Парканы,90,4.9274,4.5946,32.14,True,OK,улица Кирова,n5653833908
3,2,Парканы,92,4.5915,4.6023,13.26,True,OK,улица Кирова,n2457838408
3,2,Парканы,92,4.9043,4.6177,32.9,True,OK,улица Кирова,n5653833605
3,2,Парканы,93,4.8102,4.821,16.85,True,OK,улица Кирова,n2457994823
3,2,Парканы,94,4.6125,4.6233,12.07,True,OK,улица Кирова,n2457838407
3,2,Парканы,96,4.635,4.6458,12.18,True,OK,улица Кирова,n2457838406
3,2,Парканы,98,4.8634,4.6587,12.52,True,OK,улица Кирова,n2457838405
3,2,Парканы,100,4.8375,4.6845,11.88,True,OK,улица Кирова,n2457838404
3,2,Парканы,102,4.8205,4.7015,13.46,True,OK,улица Кирова,n2457838403
3,2,Парканы,104,4.7947,4.7273,11.48,True,OK,улица Кирова,n2457838402
3,2,Парканы,106,4.7678,4.7518,10.88,True,OK,улица Кирова,n2457838401
3,2,Парканы,108,4.7613,4.7721,10.34,True,OK,улица Кирова,n2323589068
3,2,Парканы,110,4.7875,4.7985,17.45,True,OK,улица Кирова,n2323589071
3,2,Парканы,110,5.8954,4.8246,18.72,True,OK,улица Кирова,n5653832466
3,2,Парканы,112,5.8981,4.8219,18.74,True,OK,улица Кирова,n2457838422
3,2,Парканы,112,4.8469,4.8577,20.49,True,OK,улица Кирова,n5653833910
3,2,Парканы,112 Г,4.8944,4.9011,37.62,True,OK,улица Кирова,n5653834429
3,2,Парканы,112а,5.8718,4.8483,17.87,True,OK,улица Кирова,n2457838423
3,2,Парканы,112б,5.8502,4.8699,19.05,True,OK,улица Кирова,n2457838424
3,2,Парканы,112в,5.7802,4.9398,15.53,True,OK,улица Кирова,n2457838426
3,2,Парканы,112в,5.7898,4.9303,37.21,True,OK,улица Кирова,w405741145
3,2,Парканы,114,4.9097,4.9205,15.46,True,OK,улица Кирова,n2457838425
3,2,Парканы,116,5.7636,4.9564,15.78,True,OK,улица Кирова,n2457838427
3,2,Парканы,118,4.9668,4.9776,14.63,True,OK,улица Кирова,n2457838428
3,2,Парканы,120,4.9838,4.9946,13.47,True,OK,улица Кирова,n2457838429
3,2,Парканы,122,5.7098,5.0103,12.51,True,OK,улица Кирова,n2457838430
3,2,Парканы,124,5.0184,5.0292,12.59,True,OK,улица Кирова,n2457838431
3,2,Парканы,126,5.6745,5.0455,13.48,True,OK,улица Кирова,n2457838432
3,2,Парканы,128,5.0551,5.0659,15.58,True,OK,улица Кирова,n2457838433
3,2,Парканы,130,5.0723,5.0831,13.78,True,OK,улица Кирова,n2457974018
3,2,Парканы,132,5.0898,5.1006,13.2,True,OK,улица Кирова,n2457974022
3,2,Парканы,134,5.5991,5.121,15.29,True,OK,улица Кирова,n2457974026
3,2,Парканы,136,5.1334,5.1442,16.89,True,OK,улица Кирова,n2457974029
3,2,Парканы,138,5.1551,5.1659,18.73,True,OK,улица Кирова,n2457974040
3,2,Парканы,140,5.5188,5.1959,17.84,True,OK,улица Кирова,n2457974055
3,2,Парканы,142,5.2313,5.2421,18.17,True,OK,улица Кирова,n2457974053
3,2,Парканы,144,5.4417,5.2784,17.5,True,OK,улица Кирова,n2457974050
3,2,Парканы,146,5.4166,5.3035,18.51,True,OK,улица Кирова,n2457974047
4,2,Парканы,148,5.3137,5.3245,20.63,True,OK,улица Кирова,n2457974043
4,2,Парканы,150,5.3684,5.3753,26.14,True,OK,улица Кирова,n2323589077
4,2,Парканы,154,5.432,5.4428,14.71,True,OK,улица Кирова,n2323589100
4,2,Парканы,154,5.5132,5.425,11.41,True,OK,улица Кирова,w460212930
4,2,Парканы,156,5.402,5.4128,7.68,True,OK,улица Кирова,n2323589084
4,2,Парканы,156,5.4799,5.4583,21.7,True,OK,улица Кирова,w476163319
4,2,Парканы,158,5.354,5.3627,12.73,True,OK,улица Кирова,n2457979557
4,2,Парканы,160,5.3742,5.385,13.32,True,OK,улица Кирова,n2457979558
4,2,Парканы,2,5.391,5.4018,17.03,True,OK,улица Ковалёва,n2460744688
4,2,Парканы,4,5.4119,5.4227,15.78,True,OK,улица Ковалёва,n2460744689
4,2,Парканы,6,7.1537,5.4448,17.26,True,OK,улица Ковалёва,n2460744690
4,2,Парканы,8,5.4567,5.4675,19.15,True,OK,улица Ковалёва,n2460744691
4,2,Парканы,10,5.4759,5.4867,18.82,True,OK,улица Ковалёва,n2460744692
4,2,Парканы,12,7.0716,5.5268,20.01,True,OK,улица Ковалёва,n2460744693
4,2,Парканы,14,7.0436,5.5548,20.2,True,OK,улица Ковалёва,n2460744694
4,2,Парканы,16,5.5783,5.5891,18.88,True,OK,улица Ковалёва,n2460744695
4,2,Парканы,18,5.6218,5.6326,16.59,True,OK,улица Ковалёва,n2460744696
4,2,Парканы,20,6.943,5.6554,16.5,True,OK,улица Ковалёва,n2460744698
4,2,Парканы,22,5.6717,5.6825,16.04,True,OK,улица Ковалёва,n2460744701
4,2,Парканы,34,6.678,5.916,20.29,True,OK,улица Ковалёва,n2460744704
4,2,Парканы,88,6.0063,6.0171,13.74,True,OK,улица Ковалёва,n2460744710
4,2,Парканы,96,6.0322,6.043,13.12,True,OK,улица Ковалёва,n2460744707
2,2,Парканы,1,3.7779,3.7887,20.88,True,OK,улица Котовского,n2323152098
2,2,Парканы,2,3.7734,3.7842,18.45,True,OK,улица Котовского,n2323152097
2,2,Парканы,3,3.7988,3.8096,19.34,True,OK,улица Котовского,n2454871404
2,2,Парканы,4,4.3649,3.8017,20.39,True,OK,улица Котовского,n2454871413
2,2,Парканы,5,3.8144,3.8252,19.17,True,OK,улица Котовского,n2454871405
2,2,Парканы,6,4.3471,3.8195,20.8,True,OK,улица Котовского,n2454871414
2,2,Парканы,6а,4.3315,3.8351,20.97,True,OK,улица Котовского,n2454871415
2,2,Парканы,7,4.4504,3.7161,17.07,True,OK,улица Котовского,w284650849
2,2,Парканы,8,3.8501,3.8609,20.7,True,OK,улица Котовского,n2454871416
2,2,Парканы,9,3.7358,3.7466,17.61,True,OK,улица Котовского,w284650846
2,2,Парканы,10,3.8739,3.8846,19.43,True,OK,улица Котовского,n2454871417
2,2,Парканы,11,4.7021,3.7672,16.72,True,OK,улица Котовского,w284650845
2,2,Парканы,12,4.2574,3.9092,19.81,True,OK,улица Котовского,n2454871418
2,2,Парканы,13,4.6785,3.7908,12.48,True,OK,улица Котовского,w284650843
2,2,Парканы,14,4.2347,3.9319,18.42,True,OK,улица Котовского,n2454871419
2,2,Парканы,16,4.2125,3.954,19.32,True,OK,улица Котовского,n2454871420
2,2,Парканы,18,3.9674,3.9782,21.21,True,OK,улица Котовского,n2454871421
2,2,Парканы,18,4.1895,3.977,31.24,True,OK,улица Котовского,n5653835186
2,2,Парканы,19,4.1648,4.0017,18.35,True,OK,улица Котовского,n2454871408
2,2,Парканы,19,4.1717,3.9948,17.55,True,OK,улица Котовского,n5653832207
2,2,Парканы,20,3.993,4.0038,21.71,True,OK,улица Котовского,n2454871422
2,2,Парканы,21,4.0109,4.0217,17.69,True,OK,улица Котовского,n2454871409
2,2,Парканы,21,3.9998,4.0106,18.14,True,OK,улица Котовского,n5653834961
2,2,Парканы,23,4.1312,4.0353,18.53,True,OK,улица Котовского,n2454871410
2,2,Парканы,23,4.137,4.0295,17.61,True,OK,улица Котовского,n5653832208
3,2,Парканы,25,4.1169,4.0497,17.72,True,OK,улица Котовского,n2454871411
3,2,Парканы,26,4.0456,4.0564,17.62,True,OK,улица Котовского,n2323152139
3,2,Парканы,27,4.1057,4.0608,12.58,True,OK,улица Котовского,n5653834962
3,2,Парканы,28,4.1076,4.059,22.52,True,OK,улица Котовского,n2323152140
3,2,Парканы,28,4.0505,4.0613,7.48,True,OK,улица Котовского,n5653835189
3,2,Парканы,29,4.1012,4.0653,17.55,True,OK,улица Котовского,n2454871412
3,2,Парканы,29,4.065,4.0758,19.5,True,OK,улица Котовского,n5653835187
3,2,Парканы,30,5.3609,4.1156,28.05,True,OK,улица Котовского,n2454871426
3,2,Парканы,30,5.3741,4.0638,27.36,True,OK,улица Котовского,n5653835275
3,2,Парканы,31,4.0987,4.1095,12.18,True,OK,улица Котовского,n2323152138
3,2,Парканы,31,4.0825,4.0933,12.35,True,OK,улица Котовского,n5653835188
3,2,Парканы,32,4.1239,4.1347,29.22,True,OK,улица Котовского,n2454871425
3,2,Парканы,32,5.3542,4.1223,36.72,True,OK,улица Котовского,n5653834432
3,2,Парканы,33,5.3485,4.128,20.27,True,OK,улица Котовского,n2454871463
3,2,Парканы,33,4.1001,4.1109,12.6,True,OK,улица Котовского,n5653834963
3,2,Парканы,34,5.3228,4.1537,28.55,True,OK,улица Котовского,n2454871429
3,2,Парканы,34,5.3399,4.1366,29.9,True,OK,улица Котовского,n5653834964
3,2,Парканы,35,5.3438,4.1327,12.27,True,OK,улица Котовского,n5653832210
3,2,Парканы,36,5.3005,4.176,28.13,True,OK,улица Котовского,n2454871430
3,2,Парканы,36,4.143,4.1538,30.4,True,OK,улица Котовского,n5653835276
3,2,Парканы,37,4.1387,4.1495,19.17,True,OK,улица Котовского,n2454871464
3,2,Парканы,37,5.3113,4.1652,18.25,True,OK,улица Котовского,n5653834965
3,2,Парканы,38,4.1857,4.1965,28.88,True,OK,улица Котовского,n2454871431
3,2,Парканы,38,4.1603,4.1711,26.44,True,OK,улица Котовского,n5653834966
3,2,Парканы,39,4.157,4.1678,22.79,True,OK,улица Котовского,n2454871466
3,2,Парканы,39,4.1748,4.1856,19.34,True,OK,улица Котовского,n5653835190
3,2,Парканы,40,5.2601,4.2164,28.55,True,OK,улица Котовского,n2454871432
3,2,Парканы,40,4.1756,4.1863,26.27,True,OK,улица Котовского,n5653835277
3,2,Парканы,41,4.1779,4.1887,22.79,True,OK,улица Котовского,n2454871465
3,2,Парканы,41,5.2717,4.2048,24.48,True,OK,улица Котовского,n5653835191
3,2,Парканы,42,5.233,4.2379,29.64,True,OK,улица Котовского,n2454871433
3,2,Парканы,42,5.2767,4.1998,29.14,True,OK,улица Котовского,n5653832211
3,2,Парканы,43,4.2025,4.2133,25.15,True,OK,улица Котовского,n2454871467
3,2,Парканы,43,4.2055,4.2163,22.29,True,OK,улица Котовского,n5653834967
3,2,Парканы,44,4.2397,4.2505,29.9,True,OK,улица Котовского,n2454871434
3,2,Парканы,44,4.204,4.2148,25.26,True,OK,улица Котовского,n5653835192
3,2,Парканы,45,4.224,4.2348,24.06,True,OK,улица Котовского,n2454871468
3,2,Парканы,46,4.258,4.2688,31.2,True,OK,улица Котовского,n2454871435
3,2,Парканы,47,4.2328,4.252,22.31,True,OK,улица Котовского,n2454871469
3,2,Парканы,48,4.2778,4.2886,32.21,True,OK,улица Котовского,n2454871436
3,2,Парканы,49,4.2622,4.273,19.65,True,OK,улица Котовского,n2454871470
3,2,Парканы,50,5.172,4.3045,30.22,True,OK,улица Котовского,n2454871437
3,2,Парканы,51,4.2916,4.3024,18.73,True,OK,улица Котовского,n2454871471
3,2,Парканы,52,4.3129,4.3237,31.97,True,OK,улица Котовского,n2454871438
3,2,Парканы,53,5.1496,4.3269,19.34,True,OK,улица Котовского,n2454871472
3,2,Парканы,53,5.1496,4.3269,19.34,True,OK,улица Котовского,n5653834969
3,2,Парканы,54,5.1334,4.3431,31.79,True,OK,улица Котовского,n2454871439
3,2,Парканы,55,5.1286,4.348,21.75,True,OK,улица Котовского,n2454871473
3,2,Парканы,55,5.1356,4.3409,20.3,True,OK,улица Котовского,n5653835193
3,2,Парканы,57,5.1111,4.3654,20.9,True,OK,улица Котовского,n2454871474
3,2,Парканы,57,4.3721,4.3829,20.05,True,OK,улица Котовского,n5653834978
3,2,Парканы,57 А,4.3571,4.3679,17.6,True,OK,улица Котовского,n5653835279
3,2,Парканы,58,5.0957,4.3808,32.91,True,OK,улица Котовского,n2454871441
3,2,Парканы,59,4.3724,4.3832,18.85,True,OK,улица Котовского,n2454871475
3,2,Парканы,59,5.0674,4.4092,19.75,True,OK,улица Котовского,n5653832471
3,2,Парканы,59,5.0806,4.3959,21.47,True,OK,улица Котовского,n5653835194
3,2,Парканы,60,5.078,4.3985,31.82,True,OK,улица Котовского,n2454871442
3,2,Парканы,60,5.1485,4.328,26.03,True,OK,улица Котовского,n5653835278
3,2,Парканы,60,4.304,4.3148,24.31,True,OK,улица Котовского,n5653835447
3,2,Парканы,61,4.3924,4.4032,19.78,True,OK,улица Котовского,n2454871476
3,2,Парканы,61,4.4128,4.4236,21.45,True,OK,улица Котовского,n5653835196
3,2,Парканы,62,5.062,4.4145,32.96,True,OK,улица Котовского,n2454871443
3,2,Парканы,62,4.3299,4.3407,28.49,True,OK,улица Котовского,n5653834968
3,2,Парканы,63,5.057,4.4195,17.45,True,OK,улица Котовского,n2454871477
3,2,Парканы,63,5.0398,4.4367,22.87,True,OK,улица Котовского,n5653835280
3,2,Парканы,64,5.0445,4.432,33.81,True,OK,улица Котовского,n2454871427
3,2,Парканы,64,5.1205,4.356,27.24,True,OK,улица Котовского,n5653834398
3,2,Парканы,64а,5.0302,4.4463,34.04,True,OK,улица Котовского,n2454871428
3,2,Парканы,65,4.4282,4.439,17.63,True,OK,улица Котовского,n2454871478
3,2,Парканы,65,5.0245,4.4521,24.12,True,OK,улица Котовского,n5653835195
3,2,Парканы,66,5.0182,4.4583,34.11,True,OK,улица Котовского,n2454871444
3,2,Парканы,66,5.1082,4.3684,28.51,True,OK,улица Котовского,n5653835525
3,2,Парканы,67,5.0188,4.4577,20.21,True,OK,улица Котовского,n2454871461
3,2,Парканы,67,4.4682,4.479,21.42,True,OK,улица Котовского,n5653835197
3,2,Парканы,67а,4.9981,4.4785,15.61,True,OK,улица Котовского,n2454871462
3,2,Парканы,68,4.4604,4.4712,34.63,True,OK,улица Котовского,n2454871445
3,2,Парканы,68,4.377,4.3878,28.32,True,OK,улица Котовского,n5653835446
3,2,Парканы,69,4.9769,4.4996,14.89,True,OK,улица Котовского,n2454871479
3,2,Парканы,69,4.9636,4.513,4.96,True,OK,улица Котовского,n5653835312
3,2,Парканы,69,4.966,4.5105,26.61,True,OK,улица Котовского,n5653835436
3,2,Парканы,70,4.4771,4.4879,33.09,True,OK,улица Котовского,n2454871446
3,2,Парканы,70,4.3951,4.4059,31.56,True,OK,улица Котовского,n5653834397
3,2,Парканы,71,4.9539,4.5279,16.86,True,OK,улица Котовского,n2454871480
3,2,Парканы,71,4.5115,4.523,24.82,True,OK,улица Котовского,n5653835437
3,2,Парканы,72,4.9539,4.5017,34.07,True,OK,улица Котовского,n2454871447
3,2,Парканы,72,4.4165,4.4273,25.27,True,OK,улица Котовского,n5653835445
3,2,Парканы,73,4.9242,4.5523,16.98,True,OK,улица Котовского,n2454871481
3,2,Парканы,73,4.9539,4.5346,22.56,True,OK,улица Котовского,n5653835202
3,2,Парканы,74,4.5118,4.5144,31.46,True,OK,улица Котовского,n2454871448
3,2,Парканы,74,5.0298,4.4467,25.09,True,OK,улица Котовского,n5653834383
3,2,Парканы,75,4.8947,4.5818,17.41,True,OK,улица Котовского,n2454871482
3,2,Парканы,76,4.951,4.5255,31.88,True,OK,улица Котовского,n2454871449
3,2,Парканы,76,4.4658,4.4766,22.13,True,OK,улица Котовского,n5653835281
3,2,Парканы,78,4.5275,4.5383,32.67,True,OK,улица Котовского,n2454871451
3,2,Парканы,78,4.4788,4.4895,30.86,True,OK,улица Котовского,n5653835282
3,2,Парканы,79,4.8765,4.6,15.73,True,OK,улица Котовского,n2454871483
3,2,Парканы,79,4.886,4.5905,20.95,True,OK,улица Котовского,n5653834379
3,2,Парканы,80,4.5118,4.5159,26.09,True,OK,улица Котовского,n5653835438
3,2,Парканы,81,4.8564,4.6201,15.05,True,OK,улица Котовского,n2454871484
3,2,Парканы,81,4.5958,4.6066,24.59,True,OK,улица Котовского,n5653834378
3,2,Парканы,82,4.5581,4.5689,33.92,True,OK,улица Котовского,n2454871452
3,2,Парканы,82,4.5333,4.5441,23.33,True,OK,улица Котовского,n5653835307
3,2,Парканы,83,4.8354,4.6411,13.9,True,OK,улица Котовского,n2454871485
3,2,Парканы,83,4.6072,4.618,23.54,True,OK,улица Котовского,n5653835440
3,2,Парканы,84,4.89,4.5865,33.18,True,OK,улица Котовского,n2454871453
3,2,Парканы,85,4.8119,4.6646,14.49,True,OK,улица Котовского,n2454871486
3,2,Парканы,85,4.8433,4.6333,24.5,True,OK,улица Котовского,n5653835309
3,2,Парканы,86,4.591,4.6018,32.22,True,OK,улица Котовского,n2454871454
3,2,Парканы,86,4.8954,4.5812,35.45,True,OK,улица Котовского,n5653835439
3,2,Парканы,87,4.7929,4.6836,15.5,True,OK,улица Котовского,n2454871487
3,2,Парканы,87,4.8302,4.6463,22.5,True,OK,улица Котовского,n5653835441
3,2,Парканы,88,4.8589,4.6176,30.53,True,OK,улица Котовского,n2454871455
3,2,Парканы,88,4.5875,4.5983,27.16,True,OK,улица Котовского,n5653835308
3,2,Парканы,89,4.8177,4.6589,19.76,True,OK,улица Котовского,n5653834380
3,2,Парканы,90,4.6233,4.6341,31.26,True,OK,улица Котовского,n2454871456
3,2,Парканы,90,4.8637,4.6128,28.9,True,OK,улица Котовского,n5653835444
3,2,Парканы,91,4.7742,4.7023,17.72,True,OK,улица Котовского,n2454864205
3,2,Парканы,91,4.8032,4.6733,21.19,True,OK,улица Котовского,n5653834381
3,2,Парканы,91 А,4.7883,4.6883,23.36,True,OK,улица Котовского,n5653835310
3,2,Парканы,92,4.8243,4.6522,29.78,True,OK,улица Котовского,n2454871457
3,2,Парканы,92,4.6195,4.6303,28.15,True,OK,улица Котовского,n5653834382
3,2,Парканы,93,4.7116,4.7224,17.04,True,OK,улица Котовского,n2454864204
3,2,Парканы,94,4.6603,4.6711,25.6,True,OK,улица Котовского,n2454871458
3,2,Парканы,94,4.8224,4.6541,25.61,True,OK,улица Котовского,n5653835443
3,2,Парканы,96,4.7858,4.6908,30.19,True,OK,улица Котовского,n2454871459
3,2,Парканы,96,4.6753,4.6861,23.43,True,OK,улица Котовского,n5653835442
3,2,Парканы,98,4.7634,4.7131,27.91,True,OK,улица Котовского,n2454871460
3,2,Парканы,101,4.7303,4.7397,18.83,True,OK,улица Котовского,n2323152123
3,2,Парканы,102,5.893,4.7127,23.8,True,OK,улица Котовского,n2323152146
3,2,Парканы,103,4.7451,4.7559,16.24,True,OK,улица Котовского,n2323152127
3,2,Парканы,104,5.8748,4.7626,19.72,True,OK,улица Котовского,n2455020886
3,2,Парканы,105,4.7626,4.7734,15.42,True,OK,улица Котовского,n2454873363
3,2,Парканы,106,4.7705,4.7813,22.18,True,OK,улица Котовского,n2455020887
3,2,Парканы,107,5.8483,4.7891,15.51,True,OK,улица Котовского,n2454873364
3,2,Парканы,108,5.8381,4.7993,22.26,True,OK,улица Котовского,n2455020888
3,2,Парканы,109,5.8326,4.8048,15.59,True,OK,улица Котовского,n2454873365
3,2,Парканы,110,4.8048,4.8156,21.43,True,OK,улица Котовского,n2455020889
3,2,Парканы,111,4.812,4.8228,15.51,True,OK,улица Котовского,n2454873366
3,2,Парканы,112,5.8056,4.8318,20.61,True,OK,улица Котовского,n2455020890
3,2,Парканы,113,4.8286,4.8394,15.14,True,OK,улица Котовского,n2454871488
3,2,Парканы,114,4.8388,4.8496,22.62,True,OK,улица Котовского,n2455020891
3,2,Парканы,116,5.7721,4.8653,22.54,True,OK,улица Котовского,n2455020892
3,2,Парканы,117,5.78,4.8574,15.07,True,OK,улица Котовского,n2454873367
3,2,Парканы,118,5.7555,4.8819,22.91,True,OK,улица Котовского,n2455020893
3,2,Парканы,119,4.863,4.8738,12.76,True,OK,улица Котовского,n2454873368
3,2,Парканы,120,4.8881,4.8989,24.47,True,OK,улица Котовского,n2455020894
3,2,Парканы,121,5.7433,4.8941,12.53,True,OK,улица Котовского,n2454873369
3,2,Парканы,122,5.722,4.9154,24.84,True,OK,улица Котовского,n2455020895
3,2,Парканы,123,5.7281,4.9093,11.87,True,OK,улица Котовского,n2454873370
3,2,Парканы,124,5.704,4.9335,24.92,True,OK,улица Котовского,n2455020896
3,2,Парканы,125,5.7124,4.925,11.95,True,OK,улица Котовского,n2454873371
3,2,Парканы,125,4.9305,4.9413,17.84,True,OK,улица Котовского,n4517727310
3,2,Парканы,126,5.6872,4.9502,23.35,True,OK,улица Котовского,n2455020897
3,2,Парканы,127,5.6933,4.9441,13.36,True,OK,улица Котовского,n2454873372
3,2,Парканы,128,5.6688,4.9686,24.62,True,OK,улица Котовского,n2455020898
3,2,Парканы,129,4.9529,4.9637,10.44,True,OK,улица Котовского,n2454873373
3,2,Парканы,130,4.9726,4.9834,24.08,True,OK,улица Котовского,n2455020899
3,2,Парканы,131,5.6543,4.9831,10.66,True,OK,улица Котовского,n2454873374
3,2,Парканы,132,5.6402,4.9972,25.04,True,OK,улица Котовского,n2455020900
3,2,Парканы,133,5.6352,5.0022,12.07,True,OK,улица Котовского,n2454873376
3,2,Парканы,134,5.6251,5.0124,25.7,True,OK,улица Котовского,n2455020901
3,2,Парканы,135,5.6195,5.0179,12.15,True,OK,улица Котовского,n2454873377
3,2,Парканы,136,5.6085,5.0289,26.07,True,OK,улица Котовского,n2455020902
3,2,Парканы,137,5.0214,5.0322,11.94,True,OK,улица Котовского,n2454873375
3,2,Парканы,138,5.5919,5.0455,26.44,True,OK,улица Котовского,n2455020903
3,2,Парканы,139,5.0339,5.0447,12.63,True,OK,улица Котовского,n2454873378
3,2,Парканы,140,5.5742,5.0632,25.32,True,OK,улица Котовского,n2455020904
3,2,Парканы,141,5.5724,5.065,12.4,True,OK,улица Котовского,n2454873379
3,2,Парканы,142,5.0727,5.0835,25.55,True,OK,улица Котовского,n2455020905
3,2,Парканы,143,5.5567,5.0807,12.48,True,OK,улица Котовского,n2454873380
3,2,Парканы,144,5.5304,5.107,26.4,True,OK,улица Котовского,n2455020906
3,2,Парканы,145,5.0825,5.0933,13.17,True,OK,улица Котовского,n2454873381
3,2,Парканы,146,5.505,5.1324,26.21,True,OK,улица Котовского,n2456715975
3,2,Парканы,147,5.0976,5.1084,12.51,True,OK,улица Котовского,n2454873382
3,2,Парканы,148,5.4822,5.1552,24.67,True,OK,улица Котовского,n2456715976
3,2,Парканы,149,5.5161,5.1213,12.01,True,OK,улица Котовского,n2454873383
3,2,Парканы,150,5.1679,5.1786,25.51,True,OK,улица Котовского,n2456715977
3,2,Парканы,151,5.1268,5.1376,12.83,True,OK,улица Котовского,n2454873384
3,2,Парканы,152,5.4296,5.2078,25.19,True,OK,улица Котовского,n2456715978
3,2,Парканы,153,5.4841,5.1533,12.92,True,OK,улица Котовского,n2454873385
3,2,Парканы,154,5.2203,5.2311,27.97,True,OK,улица Котовского,n2456715979
3,2,Парканы,155,5.1587,5.1695,13.74,True,OK,улица Котовского,n2454873386
3,2,Парканы,156,5.2445,5.2552,26.13,True,OK,улица Котовского,n2456715980
3,2,Парканы,157,5.1744,5.1852,13.82,True,OK,улица Котовского,n2454873387
3,2,Парканы,158,5.3575,5.2799,28.63,True,OK,улица Котовского,n2456715981
3,2,Парканы,159,5.4365,5.2009,13.91,True,OK,улица Котовского,n2454873388
3,2,Парканы,160,5.3366,5.3008,28.12,True,OK,улица Котовского,n2456715983
3,2,Парканы,161,5.4213,5.2161,13.25,True,OK,улица Котовского,n2454873389
3,2,Парканы,162,5.3169,5.2482,35.74,True,OK,улица Котовского,n2455020907
3,2,Парканы,163,5.2223,5.2331,11.68,True,OK,улица Котовского,n2454873390
3,2,Парканы,165,5.2374,5.2482,11.02,True,OK,улица Котовского,n2454873391
3,2,Парканы,167,5.3706,5.2668,11.69,True,OK,улица Котовского,n2454873392
3,2,Парканы,169,5.2795,5.2902,10.84,True,OK,улица Котовского,n2454873393
3,2,Парканы,171,5.3277,5.3097,11.06,True,OK,улица Котовского,n2454873394
3,2,Парканы,173,5.3178,5.3197,10.53,True,OK,улица Котовского,n2454873395
3,2,Парканы,175,5.2831,5.2939,9.53,True,OK,улица Котовского,n2323152078
2,2,Парканы,1,3.1593,3.1701,13.35,True,OK,улица Ленина,n2323343711
2,2,Парканы,3,4.3038,3.1854,14.55,True,OK,улица Ленина,n2457586634
2,2,Парканы,4,4.2552,3.2288,19.18,True,OK,улица Ленина,n2457586661
2,2,Парканы,5,4.28,3.2041,13.14,True,OK,улица Ленина,n2457586635
2,2,Парканы,6,4.2139,3.2701,29.4,True,OK,улица Ленина,n2457586662
2,2,Парканы,7,4.2657,3.2183,11.84,True,OK,улица Ленина,n2457586636
2,2,Парканы,8,4.1963,3.2878,30.59,True,OK,улица Ленина,n2457586663
2,2,Парканы,9,3.2234,3.2342,11.85,True,OK,улица Ленина,n2457586637
2,2,Парканы,10,4.2325,3.2515,9.89,True,OK,улица Ленина,n2457586638
2,2,Парканы,10,3.2997,3.3105,30.37,True,OK,улица Ленина,n2457586664
2,2,Парканы,11,3.2594,3.2702,8.49,True,OK,улица Ленина,n2457586639
2,2,Парканы,12,4.1542,3.3298,30.25,True,OK,улица Ленина,n2457586665
2,2,Парканы,13,3.2742,3.285,8.71,True,OK,улица Ленина,n2457586640
2,2,Парканы,14,3.34,3.3508,28.83,True,OK,улица Ленина,n2457586666
2,2,Парканы,15,4.1866,3.2975,8.6,True,OK,улица Ленина,n2457586641
2,2,Парканы,16,4.1137,3.3704,27.95,True,OK,улица Ленина,n2457586667
2,2,Парканы,17,4.1731,3.3109,8.28,True,OK,улица Ленина,n2457586642
2,2,Парканы,18,4.0942,3.3898,30.34,True,OK,улица Ленина,n2457589703
2,2,Парканы,19,4.1586,3.3254,7.74,True,OK,улица Ленина,n2457586643
2,2,Парканы,20,4.0685,3.4156,34.03,True,OK,улица Ленина,n2457586669
2,2,Парканы,21,4.1465,3.3376,12.64,True,OK,улица Ленина,n2457586644
2,2,Парканы,22,4.046,3.438,23.03,True,OK,улица Ленина,n2457586670
2,2,Парканы,23,3.3431,3.3539,10.91,True,OK,улица Ленина,n2457586645
2,2,Парканы,24,3.4527,3.4634,27.49,True,OK,улица Ленина,n2457586671
2,2,Парканы,25,3.3585,3.3693,12.66,True,OK,улица Ленина,n2457586646
2,2,Парканы,26,3.4785,3.4868,25.74,True,OK,улица Ленина,n2457586878
2,2,Парканы,28,3.4932,3.504,26.63,True,OK,улица Ленина,n2457586879
2,2,Парканы,29,4.086,3.398,10.81,True,OK,улица Ленина,n2457586648
2,2,Парканы,30,3.5167,3.5275,24.82,True,OK,улица Ленина,n2457586880
2,2,Парканы,31,4.0691,3.4149,10.6,True,OK,улица Ленина,n2457586649
2,2,Парканы,32,3.5401,3.5509,26.79,True,OK,улица Ленина,n2457586881
2,2,Парканы,33,3.42,3.4308,10.61,True,OK,улица Ленина,n2457586650
2,2,Парканы,33,4.0411,3.4429,9.74,True,OK,улица Ленина,n2457586651
2,2,Парканы,35,3.4441,3.4549,11.38,True,OK,улица Ленина,n2457586652
2,2,Парканы,36,3.5627,3.5735,26.49,True,OK,улица Ленина,n2457586882
2,2,Парканы,38,3.587,3.5978,26.59,True,OK,улица Ленина,n2457586660
2,2,Парканы,39,3.4583,3.4691,10.08,True,OK,улица Ленина,n2457586653
2,2,Парканы,40,4.6357,3.6186,27.7,True,OK,улица Ленина,n2457589696
2,2,Парканы,42,,3.6377,26.02,True,OK,улица Ленина,n2457589695
2,2,Парканы,44,4.5985,3.6557,26.32,True,OK,улица Ленина,n2457589697
2,2,Парканы,45,3.9728,3.5112,9.21,True,OK,улица Ленина,n2457586656
2,2,Парканы,46,4.5563,3.6979,27.34,True,OK,улица Ленина,n2457589700
2,2,Парканы,47,3.514,3.5248,10.3,True,OK,улица Ленина,n2457586657
2,2,Парканы,48,3.7048,3.7156,27.71,True,OK,улица Ленина,n2457589704
2,2,Парканы,49,3.9414,3.5427,10.61,True,OK,улица Ленина,n2457586658
2,2,Парканы,50,4.5182,3.736,27.42,True,OK,улица Ленина,n2457589701
2,2,Парканы,51,3.9273,3.5568,12.45,True,OK,улица Ленина,n2457586659
2,2,Парканы,52,4.4959,3.7583,27.98,True,OK,улица Ленина,n2457589702
2,2,Парканы,53,3.9024,3.606,18.3,True,OK,улица Ленина,n2323343713
2,2,Парканы,54,3.7662,3.777,26.85,True,OK,улица Ленина,n2457586668
2,2,Парканы,55,4.5219,3.7323,40.45,True,OK,улица Ленина,w286876155
2,2,Парканы,55А,,3.6868,36.72,True,OK,улица Ленина,w223437258
2,2,Парканы,56,4.4624,3.7919,25.94,True,OK,улица Ленина,n2457589694
2,2,Парканы,57,4.4962,3.7581,13.58,True,OK,улица Ленина,n2457590776
2,2,Парканы,58,3.7964,3.8072,26.21,True,OK,улица Ленина,n2457586883
2,2,Парканы,59,3.7761,3.7869,13.9,True,OK,улица Ленина,n2457590777
2,2,Парканы,60,3.813,3.8238,28.07,True,OK,улица Ленина,n2457589705
2,2,Парканы,61,3.7952,3.806,13.86,True,OK,улица Ленина,n2457590778
2,2,Парканы,62,3.8321,3.8384,25.99,True,OK,улица Ленина,n2457589706
2,2,Парканы,63,4.425,3.8293,14.79,True,OK,улица Ленина,n2457590779
2,2,Парканы,64,3.8439,3.8546,25.26,True,OK,улица Ленина,n2457589707
2,2,Парканы,65,3.8321,3.8499,13.92,True,OK,улица Ленина,n2457590780
2,2,Парканы,66,3.8601,3.8709,25.77,True,OK,улица Ленина,n2457589708
2,2,Парканы,67,4.3843,3.87,13.67,True,OK,улица Ленина,n2457590781
2,2,Парканы,68,4.3689,3.8854,25.45,True,OK,улица Ленина,n2457589709
2,2,Парканы,69,4.3591,3.8952,14.03,True,OK,улица Ленина,n2457590782
2,2,Парканы,70,3.8882,3.8989,24.73,True,OK,улица Ленина,n2457589710
2,2,Парканы,71,4.3432,3.911,14.68,True,OK,улица Ленина,n2457590783
2,2,Парканы,72,4.3433,3.911,26.25,True,OK,улица Ленина,n2457589711
2,2,Парканы,73,3.9156,3.9264,14.59,True,OK,улица Ленина,n2457590784
2,2,Парканы,74,3.9132,3.924,28.19,True,OK,улица Ленина,n2457589712
2,2,Парканы,75,3.9333,3.9441,14.42,True,OK,улица Ленина,n2457590785
2,2,Парканы,76,4.3187,3.9356,28.55,True,OK,улица Ленина,n2457589713
2,2,Парканы,77,3.9492,3.96,15.07,True,OK,улица Ленина,n2457590786
2,2,Парканы,78,3.9369,3.9477,28.17,True,OK,улица Ленина,n2457589714
2,2,Парканы,79,3.9668,3.9776,12.99,True,OK,улица Ленина,n2457590787
2,2,Парканы,80,4.2953,3.9589,27.37,True,OK,улица Ленина,n2457589715
2,2,Парканы,81,4.2571,3.9972,13.9,True,OK,улица Ленина,n2457590788
2,2,Парканы,82,3.9635,3.9743,27.47,True,OK,улица Ленина,n2457589716
2,2,Парканы,83,4.0065,4.1075,16.03,True,OK,улица Ленина,n2457590789
3,2,Парканы,83а,4.129,4.1253,5.75,True,OK,улица Ленина,n2457591897
2,2,Парканы,84,3.9785,3.9893,26.41,True,OK,улица Ленина,n2457589717
3,2,Парканы,85,4.5395,4.1381,13.87,True,OK,улица Ленина,n2457591898
2,2,Парканы,86,4.244,4.0102,27.06,True,OK,улица Ленина,n2457589718
2,2,Парканы,86а,4.0135,4.0243,25.59,True,OK,улица Ленина,n2457584926
3,2,Парканы,87,4.1417,4.1525,13.84,True,OK,улица Ленина,n2457591899
3,2,Парканы,88,4.2134,4.0401,26.85,True,OK,улица Ленина,n2457584927
3,2,Парканы,89,4.5072,4.1704,12.04,True,OK,улица Ленина,n2457591900
3,2,Парканы,90,4.0431,4.0538,27.38,True,OK,улица Ленина,n2457584928
3,2,Парканы,91,4.1781,4.1889,11.0,True,OK,улица Ленина,n2457591901
3,2,Парканы,92,4.0602,4.071,28.37,True,OK,улица Ленина,n2457584929
3,2,Парканы,93,4.4773,4.2048,9.69,True,OK,улица Ленина,n2457591902
3,2,Парканы,94,4.1536,4.0887,28.6,True,OK,улица Ленина,n2457584930
3,2,Парканы,95,4.2086,4.2194,12.63,True,OK,улица Ленина,n2457591903
3,2,Парканы,96,4.5739,4.1037,28.35,True,OK,улица Ленина,n2457584931
3,2,Парканы,97,4.4416,4.236,13.0,True,OK,улица Ленина,n2457591904
3,2,Парканы,98,4.5564,4.1212,28.96,True,OK,улица Ленина,n2457584932
3,2,Парканы,99,4.4274,4.2502,13.32,True,OK,улица Ленина,n2457591905
3,2,Парканы,100,4.5374,4.1402,29.26,True,OK,улица Ленина,n2457584933
3,2,Парканы,101,4.2568,4.2676,15.21,True,OK,улица Ленина,n2457591906
3,2,Парканы,102,4.1441,4.1549,30.49,True,OK,улица Ленина,n2457584934
3,2,Парканы,104,4.1594,4.1702,30.97,True,OK,улица Ленина,n2457584935
3,2,Парканы,105,4.3133,4.3241,13.86,True,OK,улица Ленина,n2323343683
3,2,Парканы,106,4.4773,4.1854,31.44,True,OK,улица Ленина,n2457584936
3,2,Парканы,107,4.3365,4.3472,11.41,True,OK,улица Ленина,n2457584903
3,2,Парканы,108,4.1917,4.2025,29.92,True,OK,улица Ленина,n2457584937
3,2,Парканы,109,4.3657,4.3765,14.83,True,OK,улица Ленина,n2457584904
3,2,Парканы,109,5.2938,4.3977,15.51,True,OK,улица Ленина,n2457584905
3,2,Парканы,110,4.2092,4.22,29.9,True,OK,улица Ленина,n2457584938
3,2,Парканы,111,5.2672,4.4243,14.45,True,OK,улица Ленина,n2457584906
3,2,Парканы,112,4.2272,4.238,29.12,True,OK,улица Ленина,n2457584939
3,2,Парканы,113,4.4704,4.4812,19.27,True,OK,улица Ленина,n2323343684
3,2,Парканы,114,4.2432,4.254,27.64,True,OK,улица Ленина,n2457584940
3,2,Парканы,115,5.3253,4.6108,16.59,True,OK,улица Ленина,n2457583320
3,2,Парканы,116,4.2682,4.279,24.84,True,OK,улица Ленина,n2323343723
3,2,Парканы,117,4.6777,4.6845,18.73,True,OK,улица Ленина,n2323343689
3,2,Парканы,118,5.386,4.2936,23.76,True,OK,улица Ленина,n2323343724
3,2,Парканы,119,6.1797,4.7053,14.82,True,OK,улица Ленина,n2457591915
3,2,Парканы,120,5.3694,4.3221,22.71,True,OK,улица Ленина,n2457584921
3,2,Парканы,121,6.1662,4.7189,13.86,True,OK,улица Ленина,n2457591916
3,2,Парканы,122,4.3292,4.34,21.14,True,OK,улица Ленина,n2457584922
3,2,Парканы,123,4.7227,4.7335,12.72,True,OK,улица Ленина,n2457591917
3,2,Парканы,124,5.3358,4.3557,20.23,True,OK,улица Ленина,n2457584923
3,2,Парканы,125,6.1335,4.7515,11.82,True,OK,улица Ленина,n2457591918
3,2,Парканы,126,4.3605,4.3713,20.09,True,OK,улица Ленина,n2457584924
3,2,Парканы,127,4.7549,4.7657,12.37,True,OK,улица Ленина,n2457591920
3,2,Парканы,128,5.3044,4.3871,17.66,True,OK,улица Ленина,n2457584925
3,2,Парканы,129,4.7711,4.7819,13.82,True,OK,улица Ленина,n2457591919
3,2,Парканы,130,4.3997,4.4105,17.07,True,OK,улица Ленина,n2457584920
3,2,Парканы,131,4.7895,4.8003,14.91,True,OK,улица Ленина,n2323343700
3,2,Парканы,132,5.2611,4.4304,18.62,True,OK,улица Ленина,n2457584919
3,2,Парканы,133,5.0592,5.051,50.91,True,OK,улица Ленина,n2323343710
3,2,Парканы,133а,5.0164,5.0272,11.98,True,OK,улица Ленина,w299374553
3,2,Парканы,134,5.2421,4.4494,17.09,True,OK,улица Ленина,n2457584918
3,2,Парканы,136,4.4503,4.4611,20.27,True,OK,улица Ленина,n2457584917
3,2,Парканы,138,4.4708,4.4816,22.82,True,OK,улица Ленина,n2457584916
3,2,Парканы,140,5.1898,4.5017,21.74,True,OK,улица Ленина,n2457584915
3,2,Парканы,142,4.505,4.5155,24.05,True,OK,улица Ленина,n2457584914
3,2,Парканы,144,5.4091,4.527,27.34,True,OK,улица Ленина,n2457591907
3,2,Парканы,146,5.3936,4.5425,25.29,True,OK,улица Ленина,n2457591908
3,2,Парканы,148,5.38,4.5561,24.35,True,OK,улица Ленина,n2457591909
3,2,Парканы,150,4.5664,4.5772,20.87,True,OK,улица Ленина,n2457591910
3,2,Парканы,152,5.343,4.5931,21.86,True,OK,улица Ленина,n2457591911
3,2,Парканы,154,4.6019,4.6127,24.43,True,OK,улица Ленина,n2457591912
3,2,Парканы,156,5.2977,4.6384,28.6,True,OK,улица Ленина,n2457591913
3,2,Парканы,158,4.6557,4.6627,29.34,True,OK,улица Ленина,n2457591914
3,2,Парканы,160,,4.7563,19.38,True,OK,улица Ленина,n2323343727
4,2,Парканы,200,,5.8506,60.6,True,OK,улица Ленина,w315801269
3,2,Парканы,1,5.3837,5.3945,8.84,True,OK,улица Маяковского,n2323152069
3,2,Парканы,3,5.6474,5.4416,7.5,True,OK,улица Маяковского,n2323152072
3,2,Парканы,4,5.3201,5.3309,18.33,True,OK,улица Маяковского,n2457518544
3,2,Парканы,6,5.7431,5.3459,19.69,True,OK,улица Маяковского,n2457518545
3,2,Парканы,8,5.7268,5.3622,18.08,True,OK,улица Маяковского,n2457518546
3,2,Парканы,10,5.712,5.377,20.51,True,OK,улица Маяковского,n2457518547
3,2,Парканы,14,5.3814,5.3922,20.79,True,OK,улица Маяковского,n2457518548
3,2,Парканы,16,5.3984,5.4092,19.42,True,OK,улица Маяковского,n2457518549
3,2,Парканы,18,5.4168,5.4276,19.6,True,OK,улица Маяковского,n2457518550
3,2,Парканы,20,5.4368,5.4475,20.26,True,OK,улица Маяковского,n2457518551
3,2,Парканы,22,5.4599,5.4707,20.81,True,OK,улица Маяковского,n2457518552
3,2,Парканы,24,5.5936,5.4953,21.85,True,OK,улица Маяковского,n2457518553
3,2,Парканы,26,5.576,5.513,21.79,True,OK,улица Маяковского,n2457518554
4,2,Парканы,28,5.5404,5.5511,20.85,True,OK,улица Маяковского,n2457518555
4,2,Парканы,30,5.5552,5.566,20.61,True,OK,улица Маяковского,n2457518556
4,2,Парканы,32,5.7888,5.5801,19.12,True,OK,улица Маяковского,n2457518557
4,2,Парканы,34,5.7755,5.5934,18.56,True,OK,улица Маяковского,n2457518558
4,2,Парканы,36,5.5965,5.6073,19.25,True,OK,улица Маяковского,n2457518559
4,2,Парканы,38,5.7475,5.6214,18.85,True,OK,улица Маяковского,n2457518560
4,2,Парканы,40,5.6247,5.6355,17.35,True,OK,улица Маяковского,n2457518561
4,2,Парканы,42,5.7172,5.6518,18.53,True,OK,улица Маяковского,n2457518562
4,2,Парканы,46,5.7019,5.667,21.73,True,OK,улица Маяковского,n2457518563
4,2,Парканы,48,6.4596,5.6837,24.21,True,OK,улица Маяковского,n2323152066
3,2,Парканы,165,5.5277,5.5385,7.51,True,OK,улица Маяковского,n2323152132
3,2,Парканы,168,5.4945,5.5053,15.5,True,OK,улица Маяковского,n2323152073
4,2,Парканы,185,5.6785,5.6893,8.78,True,OK,улица Маяковского,n2323152065
4,2,Парканы,198,5.7171,5.6518,12.75,True,OK,улица Маяковского,n2323152064
3,2,Парканы,2,4.5689,4.5797,8.47,True,OK,улица Мичурина,n2323407298
3,2,Парканы,3,4.5921,4.6029,18.45,True,OK,улица Мичурина,n2458371475
3,2,Парканы,4,5.3174,4.6157,9.34,True,OK,улица Мичурина,n2458367773
3,2,Парканы,5,4.6062,4.617,17.66,True,OK,улица Мичурина,n2458371479
3,2,Парканы,6,4.6415,4.6523,6.29,True,OK,улица Мичурина,n2458367772
3,2,Парканы,7,4.6242,4.635,18.82,True,OK,улица Мичурина,n2458371480
3,2,Парканы,8,5.2688,4.6611,6.07,True,OK,улица Мичурина,n2458367771
3,2,Парканы,9,4.6434,4.6542,21.45,True,OK,улица Мичурина,n2458371478
3,2,Парканы,10,4.6692,4.68,5.29,True,OK,улица Мичурина,n2458367770
3,2,Парканы,11,4.6535,4.6661,16.46,True,OK,улица Мичурина,n2458371477
3,2,Парканы,12,5.2302,4.7029,5.72,True,OK,улица Мичурина,n2458367768
3,2,Парканы,13,5.2495,4.6836,20.18,True,OK,улица Мичурина,n2458371476
3,2,Парканы,14,4.7076,4.7184,6.16,True,OK,улица Мичурина,n2458363389
3,2,Парканы,15,5.2325,4.7005,19.98,True,OK,улица Мичурина,n2458367769
3,2,Парканы,16,5.2019,4.7311,7.11,True,OK,улица Мичурина,n2458363386
3,2,Парканы,17,4.7067,4.7175,19.78,True,OK,улица Мичурина,n2458363390
3,2,Парканы,18,4.7356,4.7464,6.33,True,OK,улица Мичурина,n2458363380
3,2,Парканы,19,4.7284,4.7392,21.06,True,OK,улица Мичурина,n2458363382
3,2,Парканы,20,5.1586,4.7745,6.32,True,OK,улица Мичурина,n2458363376
3,2,Парканы,21,4.7473,4.7581,21.85,True,OK,улица Мичурина,n2458363381
3,2,Парканы,22,4.7888,4.7996,5.85,True,OK,улица Мичурина,n2458363375
3,2,Парканы,23,4.7686,4.7794,21.36,True,OK,улица Мичурина,n2458363379
3,2,Парканы,24,5.1176,4.8155,6.08,True,OK,улица Мичурина,n2458363374
3,2,Парканы,25,4.7854,4.7962,20.6,True,OK,улица Мичурина,n2458363378
3,2,Парканы,26,5.1033,4.8298,5.27,True,OK,улица Мичурина,n2458363371
3,2,Парканы,27,4.7999,4.8107,20.16,True,OK,улица Мичурина,n2458363377
3,2,Парканы,28,5.0755,4.8576,7.65,True,OK,улица Мичурина,n2458363370
3,2,Парканы,29,5.0922,4.8408,20.73,True,OK,улица Мичурина,n2458363372
3,2,Парканы,29,5.107,4.8261,22.42,True,OK,улица Мичурина,n2458363373
3,2,Парканы,30,4.8763,4.8871,8.03,True,OK,улица Мичурина,n2458363363
3,2,Парканы,30а,4.8618,4.8726,7.48,True,OK,улица Мичурина,n2458363369
3,2,Парканы,31,4.8449,4.8561,21.08,True,OK,улица Мичурина,n2458363368
3,2,Парканы,32,4.8936,4.9043,8.19,True,OK,улица Мичурина,n2458363362
3,2,Парканы,33,4.8625,4.8733,17.69,True,OK,улица Мичурина,n2458363366
3,2,Парканы,34,5.0072,4.9258,7.76,True,OK,улица Мичурина,n2458363361
3,2,Парканы,35,5.0387,4.8944,16.13,True,OK,улица Мичурина,n2458363365
3,2,Парканы,37,5.0234,4.9096,15.05,True,OK,улица Мичурина,n2458363364
3,2,Парканы,38,6.0979,4.9625,13.06,True,OK,улица Мичурина,n2323589109
3,2,Парканы,39,4.9139,4.9247,15.23,True,OK,улица Мичурина,n2458363360
3,2,Парканы,40,4.9837,4.9945,12.06,True,OK,улица Мичурина,n2458243391
3,2,Парканы,41,4.9727,4.9604,13.53,True,OK,улица Мичурина,n2323589102
3,2,Парканы,42,5.0151,5.0223,11.61,True,OK,улица Мичурина,n2458353526
3,2,Парканы,43,6.0902,4.9663,17.06,True,OK,улица Мичурина,n2323589104
3,2,Парканы,44,6.0117,5.0487,11.59,True,OK,улица Мичурина,n2458317624
3,2,Парканы,46,5.9832,5.0771,11.41,True,OK,улица Мичурина,n2458354171
3,2,Парканы,47,4.991,5.0018,17.9,True,OK,улица Мичурина,n2458317621
3,2,Парканы,48,5.9602,5.1002,12.95,True,OK,улица Мичурина,n2458354172
3,2,Парканы,49,5.0134,5.0242,16.35,True,OK,улица Мичурина,n2458352180
3,2,Парканы,50,5.1152,5.126,14.29,True,OK,улица Мичурина,n2458317634
3,2,Парканы,51,6.0049,5.0555,23.03,True,OK,улица Мичурина,n2458352183
3,2,Парканы,52,5.9052,5.1551,13.4,True,OK,улица Мичурина,n2458317637
3,2,Парканы,53,5.9788,5.0815,19.09,True,OK,улица Мичурина,n2458352186
3,2,Парканы,54,5.8849,5.1754,15.15,True,OK,улица Мичурина,n2458355834
3,2,Парканы,55,5.9539,5.1065,19.66,True,OK,улица Мичурина,n2458352883
3,2,Парканы,56,5.1836,5.1944,17.01,True,OK,улица Мичурина,n2458317700
3,2,Парканы,57,5.9301,5.1303,17.52,True,OK,улица Мичурина,n2458350592
3,2,Парканы,58,5.2009,5.2117,16.36,True,OK,улица Мичурина,n2458317698
3,2,Парканы,59,5.1503,5.1611,14.6,True,OK,улица Мичурина,n2458350591
3,2,Парканы,60,5.8285,5.2318,15.88,True,OK,улица Мичурина,n2458317695
3,2,Парканы,61,5.1725,5.1833,14.96,True,OK,улица Мичурина,n2458350590
4,2,Парканы,62,5.2407,5.2515,15.0,True,OK,улица Мичурина,n2458317693
3,2,Парканы,63,5.1945,5.2053,17.93,True,OK,улица Мичурина,n2458350589
4,2,Парканы,64,5.7915,5.2689,12.42,True,OK,улица Мичурина,n2458317680
3,2,Парканы,65,,5.2425,11.0,True,OK,улица Мичурина,n2458350588
4,2,Парканы,66,5.2784,5.2892,10.82,True,OK,улица Мичурина,n2458317678
3,2,Парканы,67,5.8107,5.2474,15.84,True,OK,улица Мичурина,n2458350587
4,2,Парканы,68,5.7507,5.3096,10.49,True,OK,улица Мичурина,n2458317676
4,2,Парканы,69,5.2599,5.2707,16.32,True,OK,улица Мичурина,n2458317691
4,2,Парканы,70,5.3147,5.3255,12.63,True,OK,улица Мичурина,n2458317672
4,2,Парканы,71,5.7702,5.2901,13.93,True,OK,улица Мичурина,n2458317689
4,2,Парканы,72,5.3345,5.3453,13.02,True,OK,улица Мичурина,n2458317670
4,2,Парканы,73,5.2983,5.309,15.38,True,OK,улица Мичурина,n2458317686
4,2,Парканы,74,5.3508,5.3616,13.16,True,OK,улица Мичурина,n2458317668
4,2,Парканы,75,5.7336,5.3267,15.39,True,OK,улица Мичурина,n2458317684
4,2,Парканы,76,5.3687,5.3795,14.42,True,OK,улица Мичурина,n2458317666
4,2,Парканы,77,5.3323,5.3431,19.81,True,OK,улица Мичурина,n2458317682
4,2,Парканы,78,5.3882,5.3989,13.23,True,OK,улица Мичурина,n2458317664
4,2,Парканы,78,5.6917,5.3687,24.04,True,OK,улица Мичурина,n4505716990
4,2,Парканы,79,5.3522,5.363,19.42,True,OK,улица Мичурина,n2458317674
4,2,Парканы,80,5.6371,5.4232,10.25,True,OK,улица Мичурина,n2458317654
4,2,Парканы,81,5.674,5.3864,18.77,True,OK,улица Мичурина,n2458317662
4,2,Парканы,82,5.4319,5.4427,11.94,True,OK,улица Мичурина,n2458317652
4,2,Парканы,83,5.3868,5.404,18.87,True,OK,улица Мичурина,n2458317660
4,2,Парканы,83,5.3865,5.3973,16.74,True,OK,улица Мичурина,n4505714558
4,2,Парканы,84,5.4547,5.4655,9.21,True,OK,улица Мичурина,n2458317649
4,2,Парканы,85,5.6392,5.4212,20.6,True,OK,улица Мичурина,n2458317658
4,2,Парканы,86,5.5773,5.483,8.69,True,OK,улица Мичурина,n2458243384
4,2,Парканы,87,5.6231,5.4373,20.87,True,OK,улица Мичурина,n2458317656
4,2,Парканы,88,5.4849,5.4957,12.84,True,OK,улица Мичурина,n2323589118
4,2,Парканы,89,5.444,5.4547,21.39,True,OK,улица Мичурина,n2458317647
4,2,Парканы,90,6.2343,5.5398,9.79,True,OK,улица Мичурина,n2323589121
4,2,Парканы,91,5.5867,5.4737,22.15,True,OK,улица Мичурина,n2458317645
4,2,Парканы,93,5.5695,5.4909,17.52,True,OK,улица Мичурина,n2458243387
4,2,Парканы,95,5.5253,5.535,18.81,True,OK,улица Мичурина,n2323589112
4,2,Парканы,97,5.5225,5.5333,8.89,True,OK,улица Мичурина,n2323589115
4,2,Парканы,99,5.5382,5.549,15.13,True,OK,улица Мичурина,n2458208198
4,2,Парканы,100,6.1879,5.5862,12.29,True,OK,улица Мичурина,n2458187362
4,2,Парканы,101,5.5555,5.5662,14.42,True,OK,улица Мичурина,n2458208199
4,2,Парканы,102,5.595,5.6058,12.52,True,OK,улица Мичурина,n2458187365
4,2,Парканы,103,6.1942,5.58,14.03,True,OK,улица Мичурина,n2458208200
4,2,Парканы,103,5.6002,5.611,13.59,True,OK,улица Мичурина,n2458208202
4,2,Парканы,103,6.2268,5.5261,23.76,True,OK,улица Мичурина,n4478927871
4,2,Парканы,104,5.6168,5.6276,14.54,True,OK,улица Мичурина,n2458187368
4,2,Парканы,104,5.7065,5.7173,11.91,True,OK,улица Мичурина,n2458208214
4,2,Парканы,105,6.1776,5.5966,14.78,True,OK,улица Мичурина,n2458208201
4,2,Парканы,105,5.612,5.6228,11.69,True,OK,улица Мичурина,n2458208204
4,2,Парканы,106,6.1261,5.6481,13.77,True,OK,улица Мичурина,n2458208209
4,2,Парканы,106,6.0289,5.7453,12.33,True,OK,улица Мичурина,n2458208213
4,2,Парканы,107,6.1342,5.64,10.69,True,OK,улица Мичурина,n2458208205
4,2,Парканы,108,6.1058,5.6683,13.77,True,OK,улица Мичурина,n2458208210
4,2,Парканы,108,6.006,5.7681,11.14,True,OK,улица Мичурина,n2458208212
4,2,Парканы,109,5.6483,5.6591,14.08,True,OK,улица Мичурина,n2458208206
4,2,Парканы,110,5.7824,5.7932,10.3,True,OK,улица Мичурина,n2458187359
4,2,Парканы,110,6.0846,5.6895,10.72,True,OK,улица Мичурина,n2458208211
4,2,Парканы,111,6.0976,5.6766,16.11,True,OK,улица Мичурина,n2458208207
4,2,Парканы,113,5.6867,5.6975,18.4,True,OK,улица Мичурина,n2458208208
4,2,Парканы,114,5.9426,5.8316,13.17,True,OK,улица Мичурина,n2458187353
4,2,Парканы,116,5.8427,5.8535,7.84,True,OK,улица Мичурина,n2458187349
4,2,Парканы,118,6.353,5.8811,7.22,True,OK,улица Мичурина,n2458125641
4,2,Парканы,120,5.8977,5.9085,9.64,True,OK,улица Мичурина,n2458125642
4,2,Парканы,120,5.8021,5.8129,11.82,True,OK,улица Мичурина,n2458187356
4,2,Парканы,121,6.053,5.7212,18.65,True,OK,улица Мичурина,n2458208567
4,2,Парканы,122,5.9217,5.9325,10.55,True,OK,улица Мичурина,n2458125643
4,2,Парканы,122,5.8491,5.8561,21.04,True,OK,улица Мичурина,n4478922973
4,2,Парканы,123,5.7381,5.7488,20.69,True,OK,улица Мичурина,n2458209279
4,2,Парканы,124,5.946,5.9568,12.62,True,OK,улица Мичурина,n2458125644
4,2,Парканы,125,6.0053,5.7689,19.92,True,OK,улица Мичурина,n2458208568
4,2,Парканы,126,5.9861,5.9969,7.62,True,OK,улица Мичурина,n2458166488
4,2,Парканы,127,5.7824,5.7931,18.49,True,OK,улица Мичурина,n2458125639
4,2,Парканы,128,7.3589,6.0066,11.87,True,OK,улица Мичурина,n2458166489
4,2,Парканы,129,5.8186,5.8294,19.17,True,OK,улица Мичурина,n2323589124
4,2,Парканы,130,7.3437,6.0218,10.77,True,OK,улица Мичурина,n2458166493
4,2,Парканы,131,5.8963,5.8779,14.16,True,OK,улица Мичурина,n2323589127
4,2,Парканы,132,7.3222,6.0433,12.37,True,OK,улица Мичурина,n2458166494
4,2,Парканы,133,5.8841,5.8949,17.78,True,OK,улица Мичурина,n2458125640
4,2,Парканы,134,7.3019,6.0636,12.14,True,OK,улица Мичурина,n2458166495
4,2,Парканы,135,6.3205,5.9136,16.38,True,OK,улица Мичурина,n2458166486
4,2,Парканы,136,6.0722,6.083,11.0,True,OK,улица Мичурина,n2458166496
4,2,Парканы,137,6.2997,5.9345,13.98,True,OK,улица Мичурина,n2458166487
4,2,Парканы,138,7.2637,6.1018,12.13,True,OK,улица Мичурина,n2458166497
4,2,Парканы,139,6.2817,5.9525,11.66,True,OK,улица Мичурина,n2458166485
4,2,Парканы,140,6.1154,6.1262,9.33,True,OK,улица Мичурина,n2458166498
4,2,Парканы,140,7.3029,6.0626,31.05,True,OK,улица Мичурина,n4552707595
4,2,Парканы,141,5.9553,5.9661,16.11,True,OK,улица Мичурина,n2458166490
4,2,Парканы,142,7.2137,6.1512,12.17,True,OK,улица Мичурина,n2458166499
4,2,Парканы,143,7.3825,5.983,16.12,True,OK,улица Мичурина,n2458166491
4,2,Парканы,144,7.1879,6.1776,13.75,True,OK,улица Мичурина,n2458166500
4,2,Парканы,145,5.9842,5.995,18.93,True,OK,улица Мичурина,n2458166492
4,2,Парканы,145а,6.0034,6.0142,19.79,True,OK,улица Мичурина,n2458166504
4,2,Парканы,146,7.1538,6.208,13.53,True,OK,улица Мичурина,n2458166501
4,2,Парканы,147,6.0184,6.0292,15.62,True,OK,улица Мичурина,n2458166505
4,2,Парканы,148,7.137,6.2284,12.05,True,OK,улица Мичурина,n2458166502
4,2,Парканы,149,6.0396,6.0504,15.97,True,OK,улица Мичурина,n2458166506
4,2,Парканы,150,6.2419,6.2527,13.55,True,OK,улица Мичурина,n2458166503
4,2,Парканы,151,6.0595,6.0703,18.64,True,OK,улица Мичурина,n2458166507
4,2,Парканы,153,7.2762,6.0893,18.26,True,OK,улица Мичурина,n2458166508
4,2,Парканы,154,7.0476,6.3179,13.36,True,OK,улица Мичурина,n2458166522
4,2,Парканы,155,7.2559,6.1096,18.49,True,OK,улица Мичурина,n2458166509
4,2,Парканы,156,7.0305,6.335,16.26,True,OK,улица Мичурина,n2458166523
4,2,Парканы,156а,6.3407,6.3515,17.46,True,OK,улица Мичурина,n2458166524
4,2,Парканы,157,7.2324,6.1331,18.25,True,OK,улица Мичурина,n2458166510
4,2,Парканы,158,6.9983,6.3671,17.71,True,OK,улица Мичурина,n2458166525
4,2,Парканы,159,6.1615,6.1723,21.26,True,OK,улица Мичурина,n2458166511
4,2,Парканы,159,7.2664,6.0991,28.75,True,OK,улица Мичурина,n4478922972
4,2,Парканы,160,6.3763,6.3871,18.69,True,OK,улица Мичурина,n2458166528
4,2,Парканы,161,6.1901,6.2009,19.36,True,OK,улица Мичурина,n2458166512
4,2,Парканы,162,6.9577,6.4078,17.38,True,OK,улица Мичурина,n2458166527
4,2,Парканы,163,6.2262,6.237,18.6,True,OK,улица Мичурина,n2458166513
4,2,Парканы,164,6.9409,6.4246,17.81,True,OK,улица Мичурина,n2458166529
4,2,Парканы,165,7.1095,6.256,17.96,True,OK,улица Мичурина,n2458166514
4,2,Парканы,166,6.9212,6.4443,19.55,True,OK,улица Мичурина,n2458170163
4,2,Парканы,167,7.0882,6.2773,16.89,True,OK,улица Мичурина,n2458166515
4,2,Парканы,168,6.4545,6.4653,19.43,True,OK,улица Мичурина,n2458170184
4,2,Парканы,169,7.0635,6.302,16.71,True,OK,улица Мичурина,n2458166516
4,2,Парканы,170,6.4731,6.4839,17.4,True,OK,улица Мичурина,n2458170187
4,2,Парканы,171,6.309,6.3198,16.1,True,OK,улица Мичурина,n2458166517
4,2,Парканы,171а,6.3289,6.3397,18.35,True,OK,улица Мичурина,n2458166518
4,2,Парканы,172,6.4972,6.508,15.4,True,OK,улица Мичурина,n2458170190
4,2,Парканы,173,7.0066,6.3589,18.31,True,OK,улица Мичурина,n2458166519
4,2,Парканы,174,6.5233,6.5341,14.48,True,OK,улица Мичурина,n2458170193
4,2,Парканы,175,6.3683,6.3791,18.1,True,OK,улица Мичурина,n2458166520
4,2,Парканы,175,7.0204,6.3451,17.44,True,OK,улица Мичурина,n4393903885
4,2,Парканы,176,6.81,6.5555,14.44,True,OK,улица Мичурина,n2458170196
4,2,Парканы,177,6.3928,6.4035,17.16,True,OK,улица Мичурина,n2458166521
4,2,Парканы,178,6.7886,6.5768,14.41,True,OK,улица Мичурина,n2458170199
4,2,Парканы,179,6.4135,6.4243,15.24,True,OK,улица Мичурина,n2458166526
4,2,Парканы,180,6.6065,6.6653,23.59,True,OK,улица Мичурина,n2458170202
4,2,Парканы,181,6.9231,6.4424,15.38,True,OK,улица Мичурина,n2458170166
4,2,Парканы,183,6.4505,6.4613,12.95,True,OK,улица Мичурина,n2458170169
4,2,Парканы,185,6.4702,6.481,14.82,True,OK,улица Мичурина,n2458170173
4,2,Парканы,187,6.4892,6.5,14.41,True,OK,улица Мичурина,n2458170176
4,2,Парканы,188,6.7714,6.5941,16.95,True,OK,улица Мичурина,n2323589133
4,2,Парканы,189,6.5075,6.5183,15.68,True,OK,улица Мичурина,n2458170179
4,2,Парканы,191,6.5269,6.5377,16.79,True,OK,улица Мичурина,n2458170182
4,2,Парканы,193,6.804,6.5614,17.26,True,OK,улица Мичурина,n2458170212
4,2,Парканы,195,6.7861,6.5793,17.01,True,OK,улица Мичурина,n2458170209
4,2,Парканы,197,6.7639,6.6015,16.12,True,OK,улица Мичурина,n2458170206
4,2,Парканы,199,6.6097,6.6205,15.71,True,OK,улица Мичурина,n2458170203
4,2,Парканы,201,6.7071,6.6584,13.37,True,OK,улица Мичурина,n2323589130
3,2,Парканы,1,5.0885,4.1768,13.84,True,OK,улица Петра Николаева,n2323407290
3,2,Парканы,2,4.1546,4.1653,7.57,True,OK,улица Петра Николаева,n2323407291
3,2,Парканы,3,4.1859,4.1967,11.65,True,OK,улица Петра Николаева,n2459682666
3,2,Парканы,4,4.1719,4.1827,5.55,True,OK,улица Петра Николаева,n2459682646
3,2,Парканы,5,4.2084,4.2192,10.72,True,OK,улица Петра Николаева,n2459682667
3,2,Парканы,6,4.1879,4.1987,4.84,True,OK,улица Петра Николаева,n2459682647
3,2,Парканы,7,4.2314,4.2422,11.4,True,OK,улица Петра Николаева,n2459682668
3,2,Парканы,8,4.2018,4.2126,4.73,True,OK,улица Петра Николаева,n2459682648
3,2,Парканы,9,4.9958,4.2695,11.35,True,OK,улица Петра Николаева,n2459682669
3,2,Парканы,10,5.0361,4.2293,3.37,True,OK,улица Петра Николаева,n2459682649
3,2,Парканы,11,4.2802,4.291,11.76,True,OK,улица Петра Николаева,n2459682670
3,2,Парканы,12,4.2342,4.245,4.92,True,OK,улица Петра Николаева,n2459682650
3,2,Парканы,13,4.9549,4.3104,11.26,True,OK,улица Петра Николаева,n2459682671
3,2,Парканы,14,5.0036,4.2617,5.82,True,OK,улица Петра Николаева,n2459682651
3,2,Парканы,15,4.3236,4.3344,10.08,True,OK,улица Петра Николаева,n2459682672
3,2,Парканы,16,4.2638,4.2745,5.31,True,OK,улица Петра Николаева,n2459682652
3,2,Парканы,17,4.349,4.3598,12.34,True,OK,улица Петра Николаева,n2459682673
3,2,Парканы,18,4.2838,4.2946,5.09,True,OK,улица Петра Николаева,n2459682653
3,2,Парканы,19,4.3687,4.3795,10.58,True,OK,улица Петра Николаева,n2459682674
3,2,Парканы,20,4.3003,4.3111,4.73,True,OK,улица Петра Николаева,n2459682654
3,2,Парканы,21,4.8612,4.4042,13.37,True,OK,улица Петра Николаева,n2459682675
3,2,Парканы,22,4.3228,4.3336,6.1,True,OK,улица Петра Николаева,n2459682655
3,2,Парканы,23,4.4161,4.4269,10.74,True,OK,улица Петра Николаева,n2459682676
3,2,Парканы,24,4.3509,4.3617,6.69,True,OK,улица Петра Николаева,n2459682656
3,2,Парканы,25,4.8222,4.4481,11.89,True,OK,улица Петра Николаева,n2459682677
3,2,Парканы,26,4.3732,4.384,6.8,True,OK,улица Петра Николаева,n2459682657
3,2,Парканы,27,4.7942,4.4712,11.88,True,OK,улица Петра Николаева,n2459682678
3,2,Парканы,28,4.3961,4.4068,6.19,True,OK,улица Петра Николаева,n2459682658
3,2,Парканы,29,4.482,4.4928,11.59,True,OK,улица Петра Николаева,n2459682679
3,2,Парканы,30,4.8382,4.4271,7.23,True,OK,улица Петра Николаева,n2459682659
3,2,Парканы,31,4.5109,4.5217,11.46,True,OK,улица Петра Николаева,n2459682680
3,2,Парканы,32,4.8158,4.4495,7.51,True,OK,улица Петра Николаева,n2459682660
3,2,Парканы,33,4.5417,4.5524,10.39,True,OK,улица Петра Николаева,n2459682681
3,2,Парканы,34,4.4634,4.4742,5.3,True,OK,улица Петра Николаева,n2459682661
3,2,Парканы,35,4.6913,4.574,10.11,True,OK,улица Петра Николаева,n2459682682
3,2,Парканы,36,4.4919,4.5027,9.33,True,OK,улица Петра Николаева,n2459682662
3,2,Парканы,37,4.6536,4.6121,6.91,True,OK,улица Петра Николаева,n2323589031
3,2,Парканы,38,4.738,4.5274,7.13,True,OK,улица Петра Николаева,n2459682663
3,2,Парканы,39,6.0944,4.6256,14.71,True,OK,улица Петра Николаева,n2459721898
3,2,Парканы,40,4.7164,4.549,7.41,True,OK,улица Петра Николаева,n2459682664
3,2,Парканы,41,6.0782,4.6419,13.49,True,OK,улица Петра Николаева,n2459721901
3,2,Парканы,42,4.5617,4.5725,6.68,True,OK,улица Петра Николаева,n2459682665
3,2,Парканы,43,4.6474,4.6582,15.47,True,OK,улица Петра Николаева,n2459721904
3,2,Парканы,44,4.5964,4.6072,8.75,True,OK,улица Петра Николаева,n2323589027
3,2,Парканы,45,4.662,4.6728,15.26,True,OK,улица Петра Николаева,n2459721907
3,2,Парканы,46,4.6087,4.6195,15.05,True,OK,улица Петра Николаева,n2459682683
3,2,Парканы,47,6.0327,4.6874,15.06,True,OK,улица Петра Николаева,n2459721910
3,2,Парканы,48,6.064,4.656,12.37,True,OK,улица Петра Николаева,n2459682684
3,2,Парканы,49,4.6932,4.704,15.8,True,OK,улица Петра Николаева,n2459721913
3,2,Парканы,50,6.0317,4.6883,10.37,True,OK,улица Петра Николаева,n2459682685
3,2,Парканы,51,4.714,4.7248,17.23,True,OK,улица Петра Николаева,n2459721915
3,2,Парканы,52,4.7115,4.7223,9.37,True,OK,улица Петра Николаева,n2459682686
3,2,Парканы,53,5.9818,4.7383,18.77,True,OK,улица Петра Николаева,n2459721918
3,2,Парканы,54,4.7379,4.7487,10.24,True,OK,улица Петра Николаева,n2459682687
3,2,Парканы,55,4.744,4.7548,16.31,True,OK,улица Петра Николаева,n2459721921
3,2,Парканы,56,4.7578,4.7686,11.51,True,OK,улица Петра Николаева,n2459682688
3,2,Парканы,57,5.9489,4.7711,18.3,True,OK,улица Петра Николаева,n2459721924
3,2,Парканы,58,4.7828,4.7936,9.4,True,OK,улица Петра Николаева,n2459682689
3,2,Парканы,59,5.9329,4.7871,18.32,True,OK,улица Петра Николаева,n2459721927
3,2,Парканы,60,5.9029,4.8172,10.73,True,OK,улица Петра Николаева,n2459682690
3,2,Парканы,61,4.7923,4.8031,18.33,True,OK,улица Петра Николаева,n2459721930
3,2,Парканы,62,4.8299,4.8407,12.05,True,OK,улица Петра Николаева,n2459682691
3,2,Парканы,63,4.8072,4.818,20.09,True,OK,улица Петра Николаева,n2459721932
3,2,Парканы,64,4.8572,4.868,10.22,True,OK,улица Петра Николаева,n2459682692
3,2,Парканы,65,5.8869,4.8332,20.62,True,OK,улица Петра Николаева,n2459721934
3,2,Парканы,66,5.8262,4.8938,8.62,True,OK,улица Петра Николаева,n2459682693
3,2,Парканы,67,5.8723,4.8478,20.41,True,OK,улица Петра Николаева,n2459721935
3,2,Парканы,68,5.8035,4.9166,9.44,True,OK,улица Петра Николаева,n2459682694
3,2,Парканы,69,5.8563,4.8637,17.22,True,OK,улица Петра Николаева,n2459721936
3,2,Парканы,70,4.9271,4.9379,10.48,True,OK,улица Петра Николаева,n2459682695
3,2,Парканы,71,4.8687,4.8795,18.47,True,OK,улица Петра Николаева,n2459721939
3,2,Парканы,72,5.7577,4.9624,10.37,True,OK,улица Петра Николаева,n2459682696
3,2,Парканы,73,4.8867,4.8974,19.45,True,OK,улица Петра Николаева,n2459721943
4,2,Парканы,74,4.9735,4.9843,9.74,True,OK,улица Петра Николаева,n2459682697
3,2,Парканы,75,5.8089,4.9112,19.75,True,OK,улица Петра Николаева,n2459721946
4,2,Парканы,76,5.7159,5.0042,8.63,True,OK,улица Петра Николаева,n2459682698
3,2,Парканы,77,5.7923,4.9278,20.5,True,OK,улица Петра Николаева,n2459721949
4,2,Парканы,78,5.6946,5.0254,9.53,True,OK,улица Петра Николаева,n2459682699
3,2,Парканы,79,5.7735,4.9466,20.97,True,OK,улица Петра Николаева,n2459721952
4,2,Парканы,80,5.0369,5.0477,8.14,True,OK,улица Петра Николаева,n2459682700
3,2,Парканы,81,5.7691,4.9577,17.72,True,OK,улица Петра Николаева,n2459721955
4,2,Парканы,82,5.6511,5.0689,9.05,True,OK,улица Петра Николаева,n2459682701
3,2,Парканы,83,5.7436,4.9765,19.09,True,OK,улица Петра Николаева,n2459721962
4,2,Парканы,84,5.6302,5.0898,10.71,True,OK,улица Петра Николаева,n2459682702
4,2,Парканы,85,4.9849,4.9957,18.68,True,OK,улица Петра Николаева,n2459721964
4,2,Парканы,86,5.609,5.1111,11.61,True,OK,улица Петра Николаева,n2459682703
4,2,Парканы,87,5.7038,5.0163,18.79,True,OK,улица Петра Николаева,n2459721967
4,2,Парканы,87,5.6439,5.0762,20.37,True,OK,улица Петра Николаева,n4466336283
4,2,Парканы,88,5.1239,5.1347,9.71,True,OK,улица Петра Николаева,n2459682704
4,2,Парканы,89,5.6863,5.0337,19.64,True,OK,улица Петра Николаева,n2459721970
4,2,Парканы,90,5.1493,5.1601,11.6,True,OK,улица Петра Николаева,n2459682705
4,2,Парканы,91,5.6665,5.0536,18.23,True,OK,улица Петра Николаева,n2459721973
4,2,Парканы,92,5.5401,5.1799,10.49,True,OK,улица Петра Николаева,n2459682706
4,2,Парканы,93,5.0589,5.0697,18.56,True,OK,улица Петра Николаева,n2459721976
4,2,Парканы,94,5.5141,5.206,10.86,True,OK,улица Петра Николаева,n2459682707
4,2,Парканы,96,5.4963,5.2559,16.1,True,OK,улица Петра Николаева,n2323589034
4,2,Парканы,98,5.2447,5.2529,15.82,True,OK,улица Петра Николаева,n2323589038
4,2,Парканы,98,5.4451,5.275,24.58,True,OK,улица Петра Николаева,n4818943288
4,2,Парканы,100,5.276,5.2868,13.82,True,OK,улица Петра Николаева,n2459682708
4,2,Парканы,102,5.3134,5.3242,11.55,True,OK,улица Петра Николаева,n2459682709
4,2,Парканы,102,6.2025,5.3147,33.64,True,OK,улица Петра Николаева,n4818943351
3,2,Парканы,103а,5.7174,5.0027,17.87,True,OK,улица Петра Николаева,n2457994852
4,2,Парканы,104,6.1588,5.3585,11.09,True,OK,улица Петра Николаева,n2459682710
4,2,Парканы,106,5.3868,5.3976,12.58,True,OK,улица Петра Николаева,n2459682711
4,2,Парканы,108,5.4259,5.4367,11.55,True,OK,улица Петра Николаева,n2459682712
4,2,Парканы,110,6.0421,5.4752,11.39,True,OK,улица Петра Николаева,n2459682713
4,2,Парканы,110,6.0684,5.4489,31.08,True,OK,улица Петра Николаева,n4818943345
4,2,Парканы,112,6.0116,5.5056,9.66,True,OK,улица Петра Николаева,n2459682714
4,2,Парканы,112,5.4691,5.4799,26.12,True,OK,улица Петра Николаева,n4818943275
4,2,Парканы,114,5.5277,5.5385,10.22,True,OK,улица Петра Николаева,n2459682715
4,2,Парканы,114,6.0089,5.5083,23.89,True,OK,улица Петра Николаева,n4818943342
4,2,Парканы,116,5.56,5.5668,10.52,True,OK,улица Петра Николаева,n2459682716
4,2,Парканы,116,5.9747,5.5426,13.79,True,OK,улица Петра Николаева,n4466336276
4,2,Парканы,118,5.592,5.6028,8.87,True,OK,улица Петра Николаева,n2459682717
4,2,Парканы,118,5.9432,5.5741,23.09,True,OK,улица Петра Николаева,n4818943270
4,2,Парканы,120,5.8813,5.636,6.38,True,OK,улица Петра Николаева,n2459682718
4,2,Парканы,120,5.8385,5.6788,16.53,True,OK,улица Петра Николаева,n4466336495
4,2,Парканы,122,6.8515,5.6707,7.1,True,OK,улица Петра Николаева,n2323589045
4,2,Парканы,124,5.6782,5.689,5.55,True,OK,улица Петра Николаева,n2459682719
3,2,Парканы,125а,5.2402,5.251,17.26,True,OK,улица Петра Николаева,n2457994932
4,2,Парканы,126,5.6977,5.7085,4.15,True,OK,улица Петра Николаева,n2459682720
4,2,Парканы,126,5.7026,5.7134,23.7,True,OK,улица Петра Николаева,n4818943333
4,2,Парканы,128,6.794,5.7282,5.94,True,OK,улица Петра Николаева,n2459682721
4,2,Парканы,128,5.7289,5.7397,18.88,True,OK,улица Петра Николаева,n4818943332
4,2,Парканы,130,6.7743,5.7479,6.59,True,OK,улица Петра Николаева,n2459682722
4,2,Парканы,130,5.7601,5.7709,19.69,True,OK,улица Петра Николаева,n4818943263
4,2,Парканы,132,6.7545,5.7677,8.04,True,OK,улица Петра Николаева,n2459682723
4,2,Парканы,132,6.7263,5.7959,18.76,True,OK,улица Петра Николаева,n4818943330
4,2,Парканы,133а,5.3344,5.3452,15.51,True,OK,улица Петра Николаева,n2457994912
4,2,Парканы,134,6.7355,5.7867,8.56,True,OK,улица Петра Николаева,n2459682724
4,2,Парканы,134,5.8082,5.8189,20.7,True,OK,улица Петра Николаева,n4818943261
4,2,Парканы,135а,6.0929,5.4244,15.55,True,OK,улица Петра Николаева,n2459722048
4,2,Парканы,136,5.7966,5.8074,6.96,True,OK,улица Петра Николаева,n2459682725
4,2,Парканы,136,6.6778,5.8444,18.24,True,OK,улица Петра Николаева,n4818938936
4,2,Парканы,137 А,5.4973,5.5081,23.6,True,OK,улица Петра Николаева,n4818943343
4,2,Парканы,138,5.815,5.8257,5.79,True,OK,улица Петра Николаева,n2459682726
4,2,Парканы,138,5.8611,5.8659,21.54,True,OK,улица Петра Николаева,n4818943326
4,2,Парканы,140,6.6734,5.8488,7.74,True,OK,улица Петра Николаева,n2459682727
4,2,Парканы,140,5.885,5.8958,26.91,True,OK,улица Петра Николаева,n4818943237
4,2,Парканы,142,5.8565,5.8672,9.78,True,OK,улица Петра Николаева,n2459682728
4,2,Парканы,142,5.9315,5.9423,25.28,True,OK,улица Петра Николаева,n4818943323
4,2,Парканы,144,5.8774,5.8882,7.41,True,OK,улица Петра Николаева,n2459682729
4,2,Парканы,144,6.5481,5.9741,31.75,True,OK,улица Петра Николаева,n4818943322
4,2,Парканы,146,6.6129,5.9093,8.26,True,OK,улица Петра Николаева,n2459682730
4,2,Парканы,146,5.9929,5.9926,33.79,True,OK,улица Петра Николаева,n4818943321
4,2,Парканы,147,5.4669,5.4777,15.37,True,OK,улица Петра Николаева,n2458002332
4,2,Парканы,147,5.9921,5.5252,15.96,True,OK,улица Петра Николаева,n2459722061
4,2,Парканы,148,5.9175,5.9283,8.77,True,OK,улица Петра Николаева,n2459682731
4,2,Парканы,149,5.4919,5.5027,15.55,True,OK,улица Петра Николаева,n2458002333
4,2,Парканы,149,5.5298,5.5406,17.2,True,OK,улица Петра Николаева,n2459722063
4,2,Парканы,149,5.936,5.5813,22.61,True,OK,улица Петра Николаева,n4466336275
4,2,Парканы,150,6.57,5.9522,7.66,True,OK,улица Петра Николаева,n2459682732
4,2,Парканы,150,6.4842,6.0381,27.91,True,OK,улица Петра Николаева,n4818938932
4,2,Парканы,151,5.9821,5.5351,13.4,True,OK,улица Петра Николаева,n2458002334
4,2,Парканы,151,5.9609,5.5563,16.67,True,OK,улица Петра Николаева,n2459722064
4,2,Парканы,151,5.9226,5.5947,18.37,True,OK,улица Петра Николаева,n4818943337
4,2,Парканы,152,6.5459,5.9763,9.76,True,OK,улица Петра Николаева,n2323589056
4,2,Парканы,154,5.9858,5.9966,9.67,True,OK,улица Петра Николаева,n2459682733
4,2,Парканы,155,5.9193,5.5979,15.0,True,OK,улица Петра Николаева,n2458002336
4,2,Парканы,155,5.5796,5.5904,18.97,True,OK,улица Петра Николаева,n2459722070
4,2,Парканы,155,5.6204,5.6312,20.41,True,OK,улица Петра Николаева,n4818943269
4,2,Парканы,156,6.1899,6.2006,19.5,True,OK,улица Петра Николаева,n4818941315
4,2,Парканы,157,5.6116,5.6224,14.47,True,OK,улица Петра Николаева,n2458002337
4,2,Парканы,157,5.5977,5.6085,19.61,True,OK,улица Петра Николаева,n2459722073
4,2,Парканы,157,5.6307,5.6415,25.3,True,OK,улица Петра Николаева,n4818943336
4,2,Парканы,158,6.0346,6.0454,10.32,True,OK,улица Петра Николаева,n2459682737
4,2,Парканы,159,5.8746,5.6427,15.82,True,OK,улица Петра Николаева,n2458002342
4,2,Парканы,159,5.6212,5.632,19.5,True,OK,улица Петра Николаева,n2459722077
4,2,Парканы,159,5.8643,5.6529,26.09,True,OK,улица Петра Николаева,n4818943268
4,2,Парканы,161,5.8557,5.6615,14.99,True,OK,улица Петра Николаева,n2458002341
4,2,Парканы,161,5.8656,5.6517,17.56,True,OK,улица Петра Николаева,n2459722080
4,2,Парканы,161,6.855,5.6672,26.45,True,OK,улица Петра Николаева,n4818943335
4,2,Парканы,162,6.1094,5.4078,11.74,True,OK,улица Петра Николаева,n2457979559
4,2,Парканы,162а,6.0898,5.4274,13.28,True,OK,улица Петра Николаева,n2457979560
4,2,Парканы,163,5.6689,5.6796,16.54,True,OK,улица Петра Николаева,n2458002340
4,2,Парканы,163,6.8516,5.6706,18.13,True,OK,улица Петра Николаева,n2459722087
4,2,Парканы,163,5.6774,5.6882,25.28,True,OK,улица Петра Николаева,n4818943266
4,2,Парканы,164,5.4418,5.4526,12.45,True,OK,улица Петра Николаева,n2457979561
4,2,Парканы,165,5.8189,5.6983,14.94,True,OK,улица Петра Николаева,n2458002339
4,2,Парканы,165,5.6888,5.6996,17.49,True,OK,улица Петра Николаева,n2459722090
4,2,Парканы,165,6.8257,5.6965,22.63,True,OK,улица Петра Николаева,n4818943334
4,2,Парканы,166,5.4615,5.4722,11.36,True,OK,улица Петра Николаева,n2457979562
4,2,Парканы,167а,5.7035,5.7143,16.68,True,OK,улица Петра Николаева,n2458002338
4,2,Парканы,168,6.0258,5.4915,9.85,True,OK,улица Петра Николаева,n2457979563
4,2,Парканы,169,5.75,5.7608,12.57,True,OK,улица Петра Николаева,n2323589094
4,2,Парканы,169,5.7438,5.7546,9.34,True,OK,улица Петра Николаева,n2459722101
4,2,Парканы,169,,5.7565,18.42,True,OK,улица Петра Николаева,n4818943264
4,2,Парканы,170,6.0055,5.5117,9.83,True,OK,улица Петра Николаева,n2457979564
4,2,Парканы,171,6.7478,5.7745,17.97,True,OK,улица Петра Николаева,n2458005792
4,2,Парканы,171,5.7524,5.7554,27.22,True,OK,улица Петра Николаева,n2459722104
4,2,Парканы,171,5.7607,5.7714,22.5,True,OK,улица Петра Николаева,n4818943331
4,2,Парканы,172,5.985,5.5302,11.93,True,OK,улица Петра Николаева,n2457979577
4,2,Парканы,173,6.7309,5.7913,18.5,True,OK,улица Петра Николаева,n2458005796
4,2,Парканы,173,5.7716,5.7824,21.61,True,OK,улица Петра Николаева,n2459722106
4,2,Парканы,173,5.7785,5.7893,22.14,True,OK,улица Петра Николаева,n4818943262
4,2,Парканы,174,5.542,5.5528,12.83,True,OK,улица Петра Николаева,n2457979576
4,2,Парканы,175,6.7143,5.8079,17.51,True,OK,улица Петра Николаева,n2458005799
4,2,Парканы,175,6.7215,5.8008,22.78,True,OK,улица Петра Николаева,n2459722110
4,2,Парканы,175,5.7994,5.8102,20.53,True,OK,улица Петра Николаева,n4818943329
4,2,Парканы,176,5.9492,5.568,14.9,True,OK,улица Петра Николаева,n2457979574
4,2,Парканы,178,5.5713,5.5821,11.46,True,OK,улица Петра Николаева,n2457979573
4,2,Парканы,179,6.6675,5.8547,21.85,True,OK,улица Петра Николаева,n2458005806
4,2,Парканы,179,5.8295,5.8403,19.88,True,OK,улица Петра Николаева,n2459722116
4,2,Парканы,179,5.8361,5.8469,22.86,True,OK,улица Петра Николаева,n4818943260
4,2,Парканы,180,5.9165,5.6007,13.05,True,OK,улица Петра Николаева,n2457979572
4,2,Парканы,180а,5.9009,5.6164,12.84,True,OK,улица Петра Николаева,n2457979571
4,2,Парканы,181,5.8621,5.8728,23.03,True,OK,улица Петра Николаева,n2458005809
4,2,Парканы,181,6.6651,5.8571,19.69,True,OK,улица Петра Николаева,n2459722119
4,2,Парканы,181,5.8547,5.8654,24.79,True,OK,улица Петра Николаева,n4818943327
4,2,Парканы,182,5.8819,5.6354,12.91,True,OK,улица Петра Николаева,n2457979565
4,2,Парканы,183,5.8842,5.895,22.21,True,OK,улица Петра Николаева,n2458005813
4,2,Парканы,183,6.6504,5.8718,19.83,True,OK,улица Петра Николаева,n2459722136
4,2,Парканы,183,5.878,5.8888,20.4,True,OK,улица Петра Николаева,n4818938935
4,2,Парканы,184,5.8628,5.6544,12.22,True,OK,улица Петра Николаева,n2457979570
4,2,Парканы,185,5.9104,5.9212,24.09,True,OK,улица Петра Николаева,n2458005816
4,2,Парканы,185,6.6347,5.8875,19.81,True,OK,улица Петра Николаева,n2459722139
4,2,Парканы,185,5.9013,5.9121,19.23,True,OK,улица Петра Николаева,n4818943325
4,2,Парканы,186,5.8428,5.6745,12.38,True,OK,улица Петра Николаева,n2457979569
4,2,Парканы,187,6.5773,5.9497,22.72,True,OK,улица Петра Николаева,n2458005820
4,2,Парканы,187,6.6184,5.9038,18.1,True,OK,улица Петра Николаева,n2459722142
4,2,Парканы,187,6.591,5.9312,19.48,True,OK,улица Петра Николаева,n4818943236
4,2,Парканы,188,5.6772,5.688,11.99,True,OK,улица Петра Николаева,n2457979567
4,2,Парканы,189,5.9608,5.9716,20.68,True,OK,улица Петра Николаева,n2458005823
4,2,Парканы,189,6.5983,5.9239,17.42,True,OK,улица Петра Николаева,n2459722146
4,2,Парканы,189,5.9472,5.9579,18.57,True,OK,улица Петра Николаева,n4818943235
4,2,Парканы,190,5.7955,5.7218,10.23,True,OK,улица Петра Николаева,n2323589087
4,2,Парканы,190а,5.8146,5.7027,10.92,True,OK,улица Петра Николаева,n2457979566
4,2,Парканы,191,5.9813,5.9921,21.97,True,OK,улица Петра Николаева,n2458005826
4,2,Парканы,191,6.5811,5.9411,18.76,True,OK,улица Петра Николаева,n2459722149
4,2,Парканы,191,5.9642,5.975,19.15,True,OK,улица Петра Николаева,n4818943234
4,2,Парканы,192,6.7614,5.7554,18.73,True,OK,улица Петра Николаева,n2323589090
4,2,Парканы,193,6.0021,6.0129,20.07,True,OK,улица Петра Николаева,n2458005830
4,2,Парканы,193,5.9472,5.9579,18.57,True,OK,улица Петра Николаева,n2459722152
4,2,Парканы,193,5.9858,5.9965,19.83,True,OK,улица Петра Николаева,n4818943233
4,2,Парканы,194,5.7715,5.7823,12.48,True,OK,улица Петра Николаева,n2458005782
4,2,Парканы,196,5.7917,5.8024,12.3,True,OK,улица Петра Николаева,n2458005785
4,2,Парканы,197,6.046,6.0568,20.7,True,OK,улица Петра Николаева,n2458009122
4,2,Парканы,197,6.5296,5.9926,18.04,True,OK,улица Петра Николаева,n2459722158
4,2,Парканы,197,6.4932,6.029,21.43,True,OK,улица Петра Николаева,n4818941320
4,2,Парканы,198,5.8096,5.8204,11.89,True,OK,улица Петра Николаева,n2458005789
4,2,Парканы,199,6.4505,6.0717,21.92,True,OK,улица Петра Николаева,n2458009123
4,2,Парканы,199,6.5187,6.0035,17.32,True,OK,улица Петра Николаева,n2459722161
4,2,Парканы,199,6.0337,6.0445,23.13,True,OK,улица Петра Николаева,n4818938933
4,2,Парканы,200,6.6829,5.8393,12.35,True,OK,улица Петра Николаева,n2458108799
4,2,Парканы,201,6.431,6.0913,21.05,True,OK,улица Петра Николаева,n2458009124
4,2,Парканы,201,6.0116,6.0224,17.54,True,OK,улица Петра Николаева,n2459722164
4,2,Парканы,202,6.6583,5.8639,12.64,True,OK,улица Петра Николаева,n2458108796
4,2,Парканы,203,6.1085,6.1193,20.86,True,OK,улица Петра Николаева,n2458009125
4,2,Парканы,203,6.482,6.0402,19.28,True,OK,улица Петра Николаева,n2459722167
4,2,Парканы,204,6.6349,5.8873,12.81,True,OK,улица Петра Николаева,n2458108794
4,2,Парканы,205,6.384,6.1382,20.42,True,OK,улица Петра Николаева,n2458009126
4,2,Парканы,205,6.4654,6.0569,19.48,True,OK,улица Петра Николаева,n2459722170
4,2,Парканы,206,5.9014,5.9122,11.58,True,OK,улица Петра Николаева,n2458108787
4,2,Парканы,207,6.3572,6.165,21.01,True,OK,улица Петра Николаева,n2458103814
4,2,Парканы,207,6.4453,6.0769,19.72,True,OK,улица Петра Николаева,n2459722173
4,2,Парканы,208,5.9194,5.9302,11.17,True,OK,улица Петра Николаева,n2458108791
4,2,Парканы,209,6.1742,6.185,20.06,True,OK,улица Петра Николаева,n2458103813
4,2,Парканы,209,6.0873,6.0981,15.91,True,OK,улица Петра Николаева,n2459722176
4,2,Парканы,210,5.9373,5.9481,9.35,True,OK,улица Петра Николаева,n2458108781
4,2,Парканы,210а,5.9539,5.9647,9.93,True,OK,улица Петра Николаева,n2458108784
4,2,Парканы,211,6.3138,6.2084,19.32,True,OK,улица Петра Николаева,n2458103812
4,2,Парканы,211,6.1048,6.1179,15.07,True,OK,улица Петра Николаева,n2459596571
4,2,Парканы,212,6.5428,5.9794,9.46,True,OK,улица Петра Николаева,n2458108775
4,2,Парканы,212а,5.9866,5.9974,9.42,True,OK,улица Петра Николаева,n2458108778
4,2,Парканы,213,6.2165,6.2273,18.55,True,OK,улица Петра Николаева,n2458103811
4,2,Парканы,213,6.3913,6.1309,13.48,True,OK,улица Петра Николаева,n2459596570
4,2,Парканы,214,6.0032,6.014,10.0,True,OK,улица Петра Николаева,n2458108772
4,2,Парканы,215,6.2521,6.2629,12.11,True,OK,улица Петра Николаева,n2458103810
4,2,Парканы,215,6.3771,6.1451,10.27,True,OK,улица Петра Николаева,n2459596569
4,2,Парканы,216,6.489,6.0332,9.33,True,OK,улица Петра Николаева,n2458108769
4,2,Парканы,216а,6.4706,6.0516,7.76,True,OK,улица Петра Николаева,n2458108766
4,2,Парканы,217,6.2503,6.2611,12.74,True,OK,улица Петра Николаева,n2458103815
4,2,Парканы,217,6.1581,6.1689,12.43,True,OK,улица Петра Николаева,n2459596568
4,2,Парканы,217а,6.2742,6.285,17.03,True,OK,улица Петра Николаева,n2458103816
4,2,Парканы,218,6.0637,6.0745,6.0,True,OK,улица Петра Николаева,n2458108763
4,2,Парканы,219,6.8584,6.3018,16.76,True,OK,улица Петра Николаева,n2458103817
4,2,Парканы,219,6.7547,6.1823,15.44,True,OK,улица Петра Николаева,n2459596567
4,2,Парканы,220,6.4249,6.0973,7.69,True,OK,улица Петра Николаева,n2458108760
4,2,Парканы,221,6.3081,6.3188,17.26,True,OK,улица Петра Николаева,n2458103818
4,2,Парканы,221,6.7385,6.1985,18.65,True,OK,улица Петра Николаева,n2459596566
4,2,Парканы,221а,6.3287,6.3394,14.79,True,OK,улица Петра Николаева,n2458103819
4,2,Парканы,222,6.1092,6.12,7.09,True,OK,улица Петра Николаева,n2458108757
4,2,Парканы,223,6.3472,6.358,16.64,True,OK,улица Петра Николаева,n2458103820
4,2,Парканы,223,6.1928,6.2097,18.57,True,OK,улица Петра Николаева,n2459596565
4,2,Парканы,224,6.3809,6.1413,6.36,True,OK,улица Петра Николаева,n2458108754
4,2,Парканы,225,6.7843,6.3759,16.2,True,OK,улица Петра Николаева,n2458103821
4,2,Парканы,225,6.2146,6.2342,23.05,True,OK,улица Петра Николаева,n2459596564
4,2,Парканы,226,6.3607,6.1615,6.55,True,OK,улица Петра Николаева,n2458108751
4,2,Парканы,227,6.7686,6.3916,16.1,True,OK,улица Петра Николаева,n2458103822
4,2,Парканы,227,6.6888,6.2482,19.03,True,OK,улица Петра Николаева,n2459596563
4,2,Парканы,228,6.1744,6.1852,6.53,True,OK,улица Петра Николаева,n2458108750
4,2,Парканы,228,6.313,6.2092,12.19,True,OK,улица Петра Николаева,n4366548791
4,2,Парканы,229,6.7507,6.4096,14.8,True,OK,улица Петра Николаева,n2458103823
4,2,Парканы,229,6.2504,6.2612,19.93,True,OK,улица Петра Николаева,n2459596562
4,2,Парканы,230,6.1967,6.2075,7.08,True,OK,улица Петра Николаева,n2458108749
4,2,Парканы,231,6.7352,6.425,13.74,True,OK,улица Петра Николаева,n2458103824
4,2,Парканы,231,6.6601,6.2769,18.12,True,OK,улица Петра Николаева,n2459596561
4,2,Парканы,232,6.2175,6.2283,8.98,True,OK,улица Петра Николаева,n2458108748
4,2,Парканы,233,6.4301,6.4409,14.21,True,OK,улица Петра Николаева,n2458103825
4,2,Парканы,233,6.2814,6.2922,16.64,True,OK,улица Петра Николаева,n2459596560
4,2,Парканы,234,6.2726,6.2496,9.35,True,OK,улица Петра Николаева,n2459722178
4,2,Парканы,235,6.6272,6.3098,15.35,True,OK,улица Петра Николаева,n2459596559
4,2,Парканы,236,6.259,6.2698,10.14,True,OK,улица Петра Николаева,n2459722182
4,2,Парканы,238,6.2787,6.2895,11.68,True,OK,улица Петра Николаева,n2459722185
4,2,Парканы,240,6.2949,6.3057,10.25,True,OK,улица Петра Николаева,n2459722188
4,2,Парканы,242,6.3211,6.3319,12.81,True,OK,улица Петра Николаева,n2459722189
4,2,Парканы,244,6.8078,6.3524,12.06,True,OK,улица Петра Николаева,n2459722190
2,2,Парканы,1,3.3052,3.316,7.27,True,OK,улица Пушкина,n2323152091
2,2,Парканы,2,3.3172,3.328,21.19,True,OK,улица Пушкина,n2323152090
2,2,Парканы,2,3.296,3.3068,12.7,True,OK,улица Пушкина,n2323343671
2,2,Парканы,4,3.3138,3.3246,14.39,True,OK,улица Пушкина,n2459417455
2,2,Парканы,5,4.1399,3.3441,7.0,True,OK,улица Пушкина,n2459417296
2,2,Парканы,6,3.3611,3.3719,24.21,True,OK,улица Пушкина,n2459417127
2,2,Парканы,6,4.1407,3.3433,14.58,True,OK,улица Пушкина,n2459417449
2,2,Парканы,7,4.1254,3.3586,5.72,True,OK,улица Пушкина,n2459417300
2,2,Парканы,8,4.4608,3.392,24.8,True,OK,улица Пушкина,n2459417132
2,2,Парканы,8,3.3522,3.363,15.15,True,OK,улица Пушкина,n2459417445
2,2,Парканы,9,4.1109,3.3732,6.33,True,OK,улица Пушкина,n2459417305
2,2,Парканы,10,4.1018,3.3822,14.59,True,OK,улица Пушкина,n2459417441
2,2,Парканы,11,3.3778,3.3886,6.55,True,OK,улица Пушкина,n2459417310
2,2,Парканы,13,4.0766,3.4074,6.37,True,OK,улица Пушкина,n2459417315
2,2,Парканы,14,4.0615,3.4225,14.23,True,OK,улица Пушкина,n2459417431
2,2,Парканы,15,3.414,3.4247,7.71,True,OK,улица Пушкина,n2459417319
2,2,Парканы,16,4.0474,3.4366,14.37,True,OK,улица Пушкина,n2459417426
2,2,Парканы,17,3.4318,3.4426,7.91,True,OK,улица Пушкина,n2459417344
2,2,Парканы,18,4.0301,3.4539,14.92,True,OK,улица Пушкина,n2459417420
2,2,Парканы,19,3.4524,3.4632,6.95,True,OK,улица Пушкина,n2459417346
2,2,Парканы,21,3.4706,3.4814,6.01,True,OK,улица Пушкина,n2459417347
2,2,Парканы,22,3.9828,3.5013,14.63,True,OK,улица Пушкина,n2459417407
2,2,Парканы,23,3.487,3.4978,5.85,True,OK,улица Пушкина,n2459417349
2,2,Парканы,24,3.5064,3.5172,13.65,True,OK,улица Пушкина,n2459417402
2,2,Парканы,25,3.503,3.5138,6.83,True,OK,улица Пушкина,n2459417352
2,2,Парканы,26,3.5233,3.5341,13.06,True,OK,улица Пушкина,n2459417398
2,2,Парканы,27,3.5199,3.5307,7.42,True,OK,улица Пушкина,n2459417355
2,2,Парканы,28,3.5374,3.5481,15.09,True,OK,улица Пушкина,n2459417394
2,2,Парканы,29,3.5372,3.548,6.87,True,OK,улица Пушкина,n2459417358
2,2,Парканы,30,3.9232,3.5608,15.6,True,OK,улица Пушкина,n2459417390
2,2,Парканы,31,3.5555,3.5663,7.82,True,OK,улица Пушкина,n2459417360
2,2,Парканы,32,3.5683,3.5791,16.53,True,OK,улица Пушкина,n2459417386
2,2,Парканы,33,3.5733,3.5841,6.13,True,OK,улица Пушкина,n2459417363
2,2,Парканы,34,3.889,3.595,15.56,True,OK,улица Пушкина,n2459417383
2,2,Парканы,35,3.8807,3.6033,4.81,True,OK,улица Пушкина,n2459417364
2,2,Парканы,36,3.8693,3.6147,14.24,True,OK,улица Пушкина,n2459417379
2,2,Парканы,37,3.8601,3.6239,5.74,True,OK,улица Пушкина,n2459417365
2,2,Парканы,38,3.8524,3.6316,13.65,True,OK,улица Пушкина,n2459417377
2,2,Парканы,39,3.6343,3.645,7.42,True,OK,улица Пушкина,n2459417366
2,2,Парканы,40,3.8355,3.6485,13.06,True,OK,улица Пушкина,n2459417374
2,2,Парканы,41,3.8179,3.6661,7.22,True,OK,улица Пушкина,n2459417367
2,2,Парканы,42,3.6555,3.6663,12.85,True,OK,улица Пушкина,n2459417371
2,2,Парканы,43,3.6746,3.6854,7.78,True,OK,улица Пушкина,n2459417368
2,2,Парканы,44,3.6742,3.685,14.93,True,OK,улица Пушкина,n2459417370
2,2,Парканы,45,3.6957,3.7152,9.29,True,OK,улица Пушкина,n2459417369
2,2,Парканы,46,3.7148,3.7256,4.74,True,OK,улица Пушкина,n2323343672
2,2,Парканы,47,5.1216,3.7358,5.75,True,OK,улица Пушкина,n2323343670
2,2,Парканы,48,5.0555,3.8018,18.6,True,OK,улица Пушкина,n2323343677
2,2,Парканы,48,3.7655,3.7762,27.6,True,OK,улица Пушкина,w223437256
2,2,Парканы,49,3.7426,3.7534,7.38,True,OK,улица Пушкина,n2459459646
2,2,Парканы,50,3.8092,3.82,16.24,True,OK,улица Пушкина,n2459459672
2,2,Парканы,51,5.0838,3.7736,6.13,True,OK,улица Пушкина,n2459459647
2,2,Парканы,52,5.0201,3.8372,16.6,True,OK,улица Пушкина,n2459459673
2,2,Парканы,53,5.061,3.7964,6.5,True,OK,улица Пушкина,n2459459648
2,2,Парканы,54,5.0007,3.8566,17.31,True,OK,улица Пушкина,n2459459674
2,2,Парканы,55,5.0424,3.815,6.33,True,OK,улица Пушкина,n2459459649
2,2,Парканы,56,3.8602,3.871,18.02,True,OK,улица Пушкина,n2459459675
2,2,Парканы,57,5.021,3.8364,6.52,True,OK,улица Пушкина,n2459459650
2,2,Парканы,58,4.9707,3.8866,17.3,True,OK,улица Пушкина,n2459459676
2,2,Парканы,59,4.9996,3.8578,6.71,True,OK,улица Пушкина,n2459459651
2,2,Парканы,60,4.9507,3.9066,17.29,True,OK,улица Пушкина,n2459459677
2,2,Парканы,61,3.8686,3.8794,5.63,True,OK,улица Пушкина,n2459459652
2,2,Парканы,62,4.9329,3.9244,16.92,True,OK,улица Пушкина,n2459459678
2,2,Парканы,63,3.8894,3.9002,5.1,True,OK,улица Пушкина,n2459459653
2,2,Парканы,64,3.9316,3.9424,17.81,True,OK,улица Пушкина,n2459459679
2,2,Парканы,65,3.9144,3.9252,5.11,True,OK,улица Пушкина,n2459459654
2,2,Парканы,66,3.9494,3.9602,17.44,True,OK,улица Пушкина,n2459459680
2,2,Парканы,67,4.905,3.9524,4.77,True,OK,улица Пушкина,n2459459655
2,2,Парканы,68,4.8813,3.976,17.98,True,OK,улица Пушкина,n2459459681
2,2,Парканы,68,4.8653,3.992,19.78,True,OK,улица Пушкина,n2459459682
2,2,Парканы,69,3.9682,3.979,3.69,True,OK,улица Пушкина,n2459459656
2,2,Парканы,70,3.997,4.0078,20.31,True,OK,улица Пушкина,n2459459683
2,2,Парканы,71,4.8514,4.006,4.61,True,OK,улица Пушкина,n2459459657
2,2,Парканы,72,4.8229,4.0344,16.87,True,OK,улица Пушкина,n2459459685
2,2,Парканы,72а,4.8349,4.0224,17.78,True,OK,улица Пушкина,n2459459684
2,2,Парканы,73,4.8284,4.029,3.72,True,OK,улица Пушкина,n2459459658
3,2,Парканы,74,4.0408,4.0516,17.22,True,OK,улица Пушкина,n2459459686
3,2,Парканы,75,4.8042,4.0532,4.27,True,OK,улица Пушкина,n2459459659
3,2,Парканы,76,4.7897,4.0676,19.02,True,OK,улица Пушкина,n2459459687
3,2,Парканы,77,4.7826,4.0748,3.2,True,OK,улица Пушкина,n2459459660
3,2,Парканы,78,4.0815,4.0832,18.29,True,OK,улица Пушкина,n2459459688
3,2,Парканы,79,4.0876,4.0984,3.11,True,OK,улица Пушкина,n2459459661
3,2,Парканы,80,4.7603,4.097,16.99,True,OK,улица Пушкина,n2459459689
3,2,Парканы,81,4.1194,4.1302,2.61,True,OK,улица Пушкина,n2459459662
3,2,Парканы,82,4.7394,4.118,17.15,True,OK,улица Пушкина,n2459459690
3,2,Парканы,83,4.699,4.1584,2.23,True,OK,улица Пушкина,n2459459663
3,2,Парканы,84,4.7205,4.1369,18.24,True,OK,улица Пушкина,n2459459692
3,2,Парканы,85,4.6698,4.1875,4.55,True,OK,улица Пушкина,n2459459664
3,2,Парканы,86,4.6992,4.1582,16.42,True,OK,улица Пушкина,n2459459691
3,2,Парканы,87,4.1988,4.2096,5.84,True,OK,улица Пушкина,n2459459665
3,2,Парканы,88,4.1678,4.1786,17.3,True,OK,улица Пушкина,n2459459693
3,2,Парканы,89,4.6173,4.24,5.14,True,OK,улица Пушкина,n2459459666
3,2,Парканы,90,4.1863,4.197,15.89,True,OK,улица Пушкина,n2459459694
3,2,Парканы,91,4.586,4.2714,7.14,True,OK,улица Пушкина,n2459459667
3,2,Парканы,92,4.2019,4.2127,14.89,True,OK,улица Пушкина,n2459459695
3,2,Парканы,93,4.5525,4.3049,9.1,True,OK,улица Пушкина,n2459459668
3,2,Парканы,94,4.6223,4.2351,14.85,True,OK,улица Пушкина,n2459459696
3,2,Парканы,95,4.5191,4.3383,9.36,True,OK,улица Пушкина,n2459459669
3,2,Парканы,96,4.2446,4.2554,15.73,True,OK,улица Пушкина,n2459459697
3,2,Парканы,97,4.4944,4.363,9.5,True,OK,улица Пушкина,n2459459670
3,2,Парканы,98,4.2739,4.2761,14.64,True,OK,улица Пушкина,n2459459698
3,2,Парканы,99,4.3744,4.3852,7.94,True,OK,улица Пушкина,n2459459671
3,2,Парканы,100,4.5605,4.2969,15.22,True,OK,улица Пушкина,n2459459699
3,2,Парканы,101,4.3991,4.413,9.17,True,OK,улица Пушкина,n2323343678
3,2,Парканы,102,4.5409,4.3165,18.46,True,OK,улица Пушкина,n2459459700
3,2,Парканы,104,4.3318,4.3426,18.09,True,OK,улица Пушкина,n2459459701
3,2,Парканы,106,4.4962,4.3612,13.18,True,OK,улица Пушкина,n2459459702
3,2,Парканы,108,4.3695,4.3803,13.94,True,OK,улица Пушкина,n2459459703
3,2,Парканы,110,4.41,4.4338,16.56,True,OK,улица Пушкина,n2323343679
3,2,Парканы,1,5.4641,4.8452,17.63,True,OK,улица Романенко,n2323407301
3,2,Парканы,2,5.4791,4.8301,7.43,True,OK,улица Романенко,n2323588975
3,2,Парканы,3,5.4253,4.8839,16.48,True,OK,улица Романенко,n2459760245
3,2,Парканы,3а,5.4464,4.8629,15.35,True,OK,улица Романенко,n2459760244
3,2,Парканы,4,5.4574,4.8519,8.29,True,OK,улица Романенко,n2459760258
3,2,Парканы,5,5.4057,4.9036,17.58,True,OK,улица Романенко,n2459760246
3,2,Парканы,6,5.435,4.8743,7.13,True,OK,улица Романенко,n2459760259
3,2,Парканы,7,4.9076,4.9231,15.99,True,OK,улица Романенко,n2459760247
3,2,Парканы,8,5.4126,4.8967,7.3,True,OK,улица Романенко,n2459760260
3,2,Парканы,9,4.94,4.9508,24.25,True,OK,улица Романенко,n2459760248
3,2,Парканы,10,4.9091,4.9199,6.74,True,OK,улица Романенко,n2459760261
3,2,Парканы,11,4.9558,4.9666,22.79,True,OK,улица Романенко,n2459760249
3,2,Парканы,12,5.3689,4.9403,6.05,True,OK,улица Романенко,n2459760262
3,2,Парканы,13,4.9715,4.9823,21.33,True,OK,улица Романенко,n2459760250
3,2,Парканы,14,5.3478,4.9614,4.67,True,OK,улица Романенко,n2459760263
4,2,Парканы,15,5.3099,4.9993,22.58,True,OK,улица Романенко,n2459760251
4,2,Парканы,16,4.9631,4.9739,30.19,True,OK,улица Романенко,n2459760264
4,2,Парканы,17,5.2929,5.0164,23.82,True,OK,улица Романенко,n2459760252
4,2,Парканы,18,5.0093,5.0201,11.48,True,OK,улица Романенко,n2459760265
4,2,Парканы,19,5.0234,5.0342,22.48,True,OK,улица Романенко,n2459760253
4,2,Парканы,20,5.0319,5.0427,11.69,True,OK,улица Романенко,n2459760266
4,2,Парканы,21,5.2561,5.0532,22.55,True,OK,улица Романенко,n2459760254
4,2,Парканы,22,5.0543,5.0651,10.62,True,OK,улица Романенко,n2459760267
4,2,Парканы,23,5.2344,5.0749,24.19,True,OK,улица Романенко,n2459760255
3,2,Парканы,24,5.0857,5.0965,7.95,True,OK,улица Романенко,n2459760268
3,2,Парканы,25,5.2109,5.0984,22.13,True,OK,улица Романенко,n2459760257
3,2,Парканы,25,5.188,5.1213,25.2,True,OK,улица Романенко,n4813755669
3,2,Парканы,26,5.196,5.1132,12.03,True,OK,улица Романенко,n2323674179
3,2,Парканы,27,5.1878,5.1214,23.92,True,OK,улица Романенко,n2459760256
3,2,Парканы,28,5.3818,5.166,8.32,True,OK,улица Романенко,n2323674180
3,2,Парканы,29,5.1201,5.1452,23.05,True,OK,улица Романенко,n2323674181
3,2,Парканы,30,6.2953,5.1755,13.54,True,OK,улица Романенко,n2460033764
4,2,Парканы,31,,5.2739,14.6,True,OK,улица Романенко,n2323674182
3,2,Парканы,32,5.1808,5.1916,19.83,True,OK,улица Романенко,n2460033761
4,2,Парканы,33,6.1844,5.2864,12.49,True,OK,улица Романенко,n2459780615
3,2,Парканы,34,5.2003,5.2111,14.43,True,OK,улица Романенко,n2460033760
4,2,Парканы,35,6.1647,5.3062,12.25,True,OK,улица Романенко,n2459780616
4,2,Парканы,35а,5.3027,5.3222,13.52,True,OK,улица Романенко,n2459780617
3,2,Парканы,36,6.2433,5.2276,15.05,True,OK,улица Романенко,n2460033763
4,2,Парканы,37,5.3316,5.3424,13.85,True,OK,улица Романенко,n2459780618
4,2,Парканы,38,,5.2461,14.91,True,OK,улица Романенко,n2460033762
4,2,Парканы,39,6.107,5.3639,14.39,True,OK,улица Романенко,n2459780619
4,2,Парканы,40,6.2073,5.2635,18.5,True,OK,улица Романенко,n2460033759
4,2,Парканы,41,6.0892,5.3823,11.81,True,OK,улица Романенко,n2459780620
4,2,Парканы,42,6.1844,5.2778,20.18,True,OK,улица Романенко,n2460033758
4,2,Парканы,43,6.0668,5.404,16.54,True,OK,улица Романенко,n2459780621
4,2,Парканы,44,5.3027,5.3018,18.47,True,OK,улица Романенко,n2460033757
4,2,Парканы,45,6.0442,5.4267,17.64,True,OK,улица Романенко,n2459780622
4,2,Парканы,46,5.3079,5.3187,18.46,True,OK,улица Романенко,n2460033756
4,2,Парканы,47,6.0235,5.4474,17.73,True,OK,улица Романенко,n2459780623
4,2,Парканы,48,5.3327,5.3435,20.02,True,OK,улица Романенко,n2460033755
4,2,Парканы,50,5.352,5.3628,19.16,True,OK,улица Романенко,n2460033754
4,2,Парканы,50а,5.3722,5.383,19.81,True,OK,улица Романенко,n2460033753
4,2,Парканы,51,5.4585,5.4693,20.37,True,OK,улица Романенко,n2459780624
4,2,Парканы,52,6.0683,5.4025,18.04,True,OK,улица Романенко,n2460033752
4,2,Парканы,53,5.4788,5.4896,21.28,True,OK,улица Романенко,n2459780625
4,2,Парканы,54,5.4113,5.4221,19.42,True,OK,улица Романенко,n2460033751
4,2,Парканы,55,5.5002,5.511,20.47,True,OK,улица Романенко,n2459780626
4,2,Парканы,56,5.425,5.4358,20.66,True,OK,улица Романенко,n2460033750
4,2,Парканы,57,5.9384,5.5324,19.66,True,OK,улица Романенко,n2459780627
4,2,Парканы,58,5.4421,5.451,19.68,True,OK,улица Романенко,n2460033749
4,2,Парканы,59,5.5439,5.5547,21.54,True,OK,улица Романенко,n2459780628
4,2,Парканы,60,6.0017,5.4691,17.92,True,OK,улица Романенко,n2460033748
4,2,Парканы,60а,5.4744,5.4852,17.73,True,OK,улица Романенко,n2460033747
4,2,Парканы,61,5.8967,5.5741,22.95,True,OK,улица Романенко,n2459780629
4,2,Парканы,62,5.4933,5.5041,17.06,True,OK,улица Романенко,n2460033746
4,2,Парканы,62а,5.949,5.5218,17.86,True,OK,улица Романенко,n2460033745
4,2,Парканы,63,5.8762,5.5947,22.63,True,OK,улица Романенко,n2459780630
4,2,Парканы,64,5.5299,5.5407,17.19,True,OK,улица Романенко,n2460033744
4,2,Парканы,65,5.6044,5.6152,22.31,True,OK,улица Романенко,n2459780631
4,2,Парканы,66,5.9135,5.5573,16.27,True,OK,улица Романенко,n2460033743
4,2,Парканы,67,5.6262,5.6369,26.65,True,OK,улица Романенко,n2459780632
4,2,Парканы,67а,5.7519,5.7249,28.82,True,OK,улица Романенко,n2459780633
4,2,Парканы,68,5.5623,5.5731,18.04,True,OK,улица Романенко,n2460033742
4,2,Парканы,69,5.6662,5.677,27.77,True,OK,улица Романенко,n2459780634
4,2,Парканы,70,5.5783,5.5891,17.85,True,OK,улица Романенко,n2460033741
4,2,Парканы,70а,5.5933,5.6041,19.13,True,OK,улица Романенко,n2460033740
4,2,Парканы,71,5.6389,5.6569,27.5,True,OK,улица Романенко,n2345372385
4,2,Парканы,71,5.77,5.7009,26.66,True,OK,улица Романенко,n2459780635
4,2,Парканы,72,5.6121,5.6718,20.61,True,OK,улица Романенко,n2323674183
4,2,Парканы,73,5.7124,5.7231,12.13,True,OK,улица Романенко,n2345372390
4,2,Парканы,73а,6.4628,5.7713,19.61,True,OK,улица Романенко,n2459780636
4,2,Парканы,74,5.795,5.6758,10.31,True,OK,улица Романенко,n2323674184
4,2,Парканы,75,6.4477,5.7865,18.77,True,OK,улица Романенко,n2459780637
4,2,Парканы,76,5.6891,5.6999,8.18,True,OK,улица Романенко,n2459893817
4,2,Парканы,77,5.7899,5.8007,18.39,True,OK,улица Романенко,n2459780638
4,2,Парканы,77,6.418,5.8161,16.35,True,OK,улица Романенко,n2459780641
4,2,Парканы,78,5.7428,5.728,8.7,True,OK,улица Романенко,n2459893820
4,2,Парканы,79,6.4006,5.8335,15.32,True,OK,улица Романенко,n2459780639
4,2,Парканы,80,6.4798,5.7544,8.45,True,OK,улица Романенко,n2459893823
4,2,Парканы,81,6.3836,5.8506,15.5,True,OK,улица Романенко,n2459780640
4,2,Парканы,82,6.4553,5.7788,8.09,True,OK,улица Романенко,n2459893826
4,2,Парканы,83,6.3688,5.8654,15.86,True,OK,улица Романенко,n2459780642
4,2,Парканы,84,6.4309,5.8033,7.73,True,OK,улица Романенко,n2459893829
4,2,Парканы,85,5.8683,5.879,14.74,True,OK,улица Романенко,n2459780643
4,2,Парканы,86,5.8598,5.8706,11.65,True,OK,улица Романенко,n2459893807
4,2,Парканы,86,5.8159,5.8266,8.85,True,OK,улица Романенко,n2459893812
4,2,Парканы,87,5.8825,5.8933,14.36,True,OK,улица Романенко,n2459780644
4,2,Парканы,88,5.8805,5.8913,11.38,True,OK,улица Романенко,n2459893804
4,2,Парканы,88,5.8384,5.8491,9.51,True,OK,улица Романенко,n2459893810
4,2,Парканы,89,6.3266,5.9075,13.99,True,OK,улица Романенко,n2459780645
4,2,Парканы,90,5.9011,5.9118,13.06,True,OK,улица Романенко,n2459893801
4,2,Парканы,91,6.3124,5.9218,13.61,True,OK,улица Романенко,n2459780646
4,2,Парканы,92,6.2999,5.9342,10.93,True,OK,улица Романенко,n2459893797
4,2,Парканы,93,6.2995,5.9347,13.79,True,OK,улица Романенко,n2459780647
4,2,Парканы,94,5.9437,5.9545,12.76,True,OK,улица Романенко,n2459893794
4,2,Парканы,95,6.2828,5.9514,13.69,True,OK,улица Романенко,n2459780648
4,2,Парканы,96,6.2587,5.9754,11.93,True,OK,улица Романенко,n2459893791
4,2,Парканы,97,6.2665,5.9677,14.77,True,OK,улица Романенко,n2459780649
4,2,Парканы,98,5.986,5.9968,10.34,True,OK,улица Романенко,n2459893787
4,2,Парканы,99,5.9721,5.9829,14.35,True,OK,улица Романенко,n2459780650
4,2,Парканы,100,6.0074,6.0148,12.06,True,OK,улица Романенко,n2459893784
4,2,Парканы,101,6.235,5.9991,13.51,True,OK,улица Романенко,n2459780651
4,2,Парканы,101а,6.0069,6.0177,14.46,True,OK,улица Романенко,n2459780652
4,2,Парканы,102,6.1998,6.0343,12.05,True,OK,улица Романенко,n2459893781
4,2,Парканы,103,6.0261,6.0369,14.38,True,OK,улица Романенко,n2459780653
4,2,Парканы,104,6.0471,6.0531,12.15,True,OK,улица Романенко,n2459893778
4,2,Парканы,105,6.06,6.0708,11.99,True,OK,улица Романенко,n2459780656
4,2,Парканы,106,6.0606,6.0714,12.32,True,OK,улица Романенко,n2459893775
4,2,Парканы,107,6.1425,6.0916,14.14,True,OK,улица Романенко,n2459780657
4,2,Парканы,108,6.0806,6.0914,11.69,True,OK,улица Романенко,n2459893772
4,2,Парканы,109,6.1166,6.1176,16.45,True,OK,улица Романенко,n2459780658
4,2,Парканы,110,6.1301,6.104,14.08,True,OK,улица Романенко,n2459893769
4,2,Парканы,111,6.0847,6.0955,6.86,True,OK,улица Романенко,n2459858308
4,2,Парканы,112,6.1146,6.1195,15.72,True,OK,улица Романенко,n2459893766
4,2,Парканы,113,6.1285,6.1393,14.7,True,OK,улица Романенко,n2459858309
4,2,Парканы,114,6.2872,6.1584,15.28,True,OK,улица Романенко,n2323674185
4,2,Парканы,115,6.1471,6.1578,17.06,True,OK,улица Романенко,n2459858310
4,2,Парканы,116,6.1365,6.1473,10.7,True,OK,улица Романенко,n2345371687
4,2,Парканы,117,7.3878,6.1733,16.62,True,OK,улица Романенко,n2459858311
4,2,Парканы,118,7.3919,6.1691,12.4,True,OK,улица Романенко,n2459893762
4,2,Парканы,119,7.3652,6.1958,17.74,True,OK,улица Романенко,n2459858312
4,2,Парканы,120,7.368,6.193,9.86,True,OK,улица Романенко,n2459893759
4,2,Парканы,121,6.2016,6.2124,17.05,True,OK,улица Романенко,n2459858313
4,2,Парканы,122,7.3441,6.2151,11.02,True,OK,улица Романенко,n2459893756
4,2,Парканы,123,7.3281,6.233,16.66,True,OK,улица Романенко,n2459858314
4,2,Парканы,124,6.2285,6.2393,11.23,True,OK,улица Романенко,n2459893755
4,2,Парканы,125,6.2433,6.2541,16.03,True,OK,улица Романенко,n2459858315
4,2,Парканы,126,6.2476,6.2584,10.87,True,OK,улица Романенко,n2459893754
4,2,Парканы,127,7.2854,6.2756,17.69,True,OK,улица Романенко,n2459858316
4,2,Парканы,128,7.2801,6.2809,10.09,True,OK,улица Романенко,n2459893753
4,2,Парканы,129,6.286,6.2968,17.06,True,OK,улица Романенко,n2459858317
4,2,Парканы,130,6.287,6.2978,9.5,True,OK,улица Романенко,n2459893751
4,2,Парканы,131,7.2473,6.3138,17.63,True,OK,улица Романенко,n2459858318
4,2,Парканы,132,7.2442,6.3168,9.2,True,OK,улица Романенко,n2459893750
4,2,Парканы,133,7.2262,6.3349,16.92,True,OK,улица Романенко,n2459858319
4,2,Парканы,134,6.3273,6.338,9.14,True,OK,улица Романенко,n2459893749
4,2,Парканы,135,6.3442,6.355,17.09,True,OK,улица Романенко,n2459858320
4,2,Парканы,136,6.3456,6.3564,7.21,True,OK,улица Романенко,n2459893747
4,2,Парканы,137,6.3657,6.3764,17.91,True,OK,улица Романенко,n2459858321
4,2,Парканы,138,6.362,6.3727,8.97,True,OK,улица Романенко,n2459893746
4,2,Парканы,139,7.1666,6.3944,18.32,True,OK,улица Романенко,n2459858322
4,2,Парканы,140,7.1672,6.3938,9.68,True,OK,улица Романенко,n2459893745
4,2,Парканы,141,6.4041,6.4149,20.01,True,OK,улица Романенко,n2459858323
4,2,Парканы,142,7.1485,6.4126,10.91,True,OK,улица Романенко,n2459893744
4,2,Парканы,143,6.4268,6.4376,21.47,True,OK,улица Романенко,n2459858324
4,2,Парканы,144,7.1258,6.4353,9.45,True,OK,улица Романенко,n2459893743
4,2,Парканы,145,7.1042,6.4569,22.53,True,OK,улица Романенко,n2459858325
4,2,Парканы,146,7.1036,6.4574,10.27,True,OK,улица Романенко,n2459893742
4,2,Парканы,147,7.0866,6.4745,20.64,True,OK,улица Романенко,n2459858326
4,2,Парканы,148,7.0833,6.4777,9.39,True,OK,улица Романенко,n2459893741
4,2,Парканы,149,7.0677,6.4934,20.1,True,OK,улица Романенко,n2459858327
4,2,Парканы,150,6.4872,6.498,8.52,True,OK,улица Романенко,n2459893740
4,2,Парканы,151,7.0473,6.5137,20.97,True,OK,улица Романенко,n2459858328
4,2,Парканы,152,6.5065,6.5173,7.53,True,OK,улица Романенко,n2459893739
4,2,Парканы,153,7.0261,6.5349,20.95,True,OK,улица Романенко,n2459858329
4,2,Парканы,154,6.5288,6.5396,7.67,True,OK,улица Романенко,n2459893738
4,2,Парканы,155,7.0041,6.5569,19.29,True,OK,улица Романенко,n2459858330
4,2,Парканы,156,7.0011,6.5599,6.81,True,OK,улица Романенко,n2459893737
4,2,Парканы,157,6.565,6.5758,18.75,True,OK,улица Романенко,n2459858331
4,2,Парканы,158,6.9819,6.5792,5.82,True,OK,улица Романенко,n2459893736
4,2,Парканы,159,6.5883,6.5991,17.73,True,OK,улица Романенко,n2459858332
4,2,Парканы,160,6.9606,6.6004,5.84,True,OK,улица Романенко,n2459893735
4,2,Парканы,161,6.6153,6.6261,18.63,True,OK,улица Романенко,n2459858333
4,2,Парканы,162,6.9386,6.6224,7.5,True,OK,улица Романенко,n2459893734
4,2,Парканы,163,6.64,6.6508,19.01,True,OK,улица Романенко,n2459858334
4,2,Парканы,164,6.6343,6.6451,6.11,True,OK,улица Романенко,n2459893733
4,2,Парканы,165,6.6636,6.6744,19.51,True,OK,улица Романенко,n2459858335
4,2,Парканы,166,6.8978,6.6632,5.01,True,OK,улица Романенко,n2459893732
4,2,Парканы,167,6.8652,6.6958,20.26,True,OK,улица Романенко,n2459858336
4,2,Парканы,168,6.8736,6.6874,6.91,True,OK,улица Романенко,n2459893731
4,2,Парканы,169,6.7163,6.7271,19.91,True,OK,улица Романенко,n2459858337
4,2,Парканы,170,6.6944,6.7052,7.32,True,OK,улица Романенко,n2459893729
4,2,Парканы,171,6.784,6.777,20.95,True,OK,улица Романенко,n2459858338
4,2,Парканы,172,6.72,6.7308,7.82,True,OK,улица Романенко,n2459893728
4,2,Парканы,174,6.8073,6.7537,5.68,True,OK,улица Романенко,n2323674187
4,2,Парканы,1,5.3147,5.3255,15.6,True,OK,улица Русакова,n2323588984
4,2,Парканы,2,5.2939,5.2661,26.68,True,OK,улица Русакова,n2323588987
4,2,Парканы,3,5.3317,5.3425,15.56,True,OK,улица Русакова,n2460293614
4,2,Парканы,4,5.3114,5.3222,20.54,True,OK,улица Русакова,n2460293599
4,2,Парканы,5,5.3082,5.319,16.17,True,OK,улица Русакова,n2460293615
4,2,Парканы,6,5.3391,5.3378,21.14,True,OK,улица Русакова,n2460293600
4,2,Парканы,8,5.3222,5.333,21.18,True,OK,улица Русакова,n2460293601
4,2,Парканы,9,5.2825,5.2933,18.5,True,OK,улица Русакова,n2460293616
4,2,Парканы,10,5.3641,5.3129,21.83,True,OK,улица Русакова,n2460293602
4,2,Парканы,11,5.2587,5.2694,18.75,True,OK,улица Русакова,n2460293617
4,2,Парканы,12,5.3827,5.2943,20.55,True,OK,улица Русакова,n2460293603
4,2,Парканы,13,5.2354,5.2462,17.48,True,OK,улица Русакова,n2460293618
4,2,Парканы,14,5.2637,5.2745,21.97,True,OK,улица Русакова,n2460293604
4,2,Парканы,15,5.2158,5.2266,18.55,True,OK,улица Русакова,n2460293619
4,2,Парканы,17,5.1954,5.2062,18.66,True,OK,улица Русакова,n2460293620
4,2,Парканы,18,5.4248,5.2522,19.78,True,OK,улица Русакова,n2460293605
3,2,Парканы,19,5.1744,5.1852,20.29,True,OK,улица Русакова,n2460293621
4,2,Парканы,20,5.2186,5.2294,19.33,True,OK,улица Русакова,n2460293606
3,2,Парканы,21,5.5143,5.1627,19.98,True,OK,улица Русакова,n2460293622
4,2,Парканы,22,5.4669,5.21,19.01,True,OK,улица Русакова,n2460293607
4,2,Парканы,22,5.2099,5.2207,11.21,True,OK,улица Русакова,n4552707602
3,2,Парканы,23,5.5429,5.1341,20.93,True,OK,улица Русакова,n2323588981
3,2,Парканы,24,5.4867,5.1902,20.43,True,OK,улица Русакова,n2460293608
3,2,Парканы,26,5.1548,5.1656,21.15,True,OK,улица Русакова,n2460293609
3,2,Парканы,27,5.7621,5.0867,18.55,True,OK,улица Русакова,n2460300196
3,2,Парканы,28,5.1301,5.1409,18.61,True,OK,улица Русакова,n2460293610
3,2,Парканы,29,5.0969,5.1077,20.27,True,OK,улица Русакова,n2460300197
3,2,Парканы,30,5.1087,5.1195,18.71,True,OK,улица Русакова,n2460293611
3,2,Парканы,31,5.1189,5.1297,18.54,True,OK,улица Русакова,n2460300198
3,2,Парканы,32,5.0825,5.1001,18.4,True,OK,улица Русакова,n2460293612
3,2,Парканы,33,5.7014,5.1474,17.62,True,OK,улица Русакова,n2460300199
3,2,Парканы,34,5.5895,5.0875,15.23,True,OK,улица Русакова,n2460293613
3,2,Парканы,35,5.1495,5.1602,20.51,True,OK,улица Русакова,n2460690882
3,2,Парканы,36,5.0482,5.059,7.17,True,OK,улица Русакова,n2345373678
3,2,Парканы,37,5.1697,5.1805,22.46,True,OK,улица Русакова,n2460690883
3,2,Парканы,38,5.0571,5.0679,11.29,True,OK,улица Русакова,n2460690904
4,2,Парканы,39,5.1865,5.1973,23.07,True,OK,улица Русакова,n2460690884
3,2,Парканы,40,5.7677,5.0812,12.18,True,OK,улица Русакова,n2460690905
4,2,Парканы,41,5.6348,5.2141,23.68,True,OK,улица Русакова,n2460690885
3,2,Парканы,42,5.7528,5.096,11.74,True,OK,улица Русакова,n2460690909
4,2,Парканы,43,5.6169,5.2319,24.23,True,OK,улица Русакова,n2460690887
3,2,Парканы,44,5.0992,5.11,13.58,True,OK,улица Русакова,n2460690912
4,2,Парканы,45,5.5988,5.25,26.3,True,OK,улица Русакова,n2460690890
4,2,Парканы,45,5.5551,5.2938,29.25,True,OK,улица Русакова,n4552708642
3,2,Парканы,46,5.7256,5.1233,14.47,True,OK,улица Русакова,n2460690915
4,2,Парканы,47,5.2573,5.2681,28.36,True,OK,улица Русакова,n2460690893
3,2,Парканы,48,5.1265,5.1373,13.06,True,OK,улица Русакова,n2460690918
3,2,Парканы,48,5.7376,5.1112,22.77,True,OK,улица Русакова,n4552707608
4,2,Парканы,49,5.2762,5.287,28.09,True,OK,улица Русакова,n2460690897
3,2,Парканы,50,5.6947,5.1509,13.19,True,OK,улица Русакова,n2460690921
4,2,Парканы,51,5.5349,5.314,29.05,True,OK,улица Русакова,n2460690900
3,2,Парканы,52,5.6789,5.1699,11.41,True,OK,улица Русакова,n2460690922
4,2,Парканы,53,5.5126,5.3362,24.72,True,OK,улица Русакова,n2460690903
3,2,Парканы,54,5.1769,5.1877,11.62,True,OK,улица Русакова,n2460690923
4,2,Парканы,55,5.45,5.3988,16.81,True,OK,улица Русакова,n2323588990
4,2,Парканы,56,5.1915,5.2022,10.89,True,OK,улица Русакова,n2460690924
4,2,Парканы,56,5.652,5.1968,19.02,True,OK,улица Русакова,n4552708641
4,2,Парканы,57,6.8254,5.4133,17.79,True,OK,улица Русакова,n2323588993
4,2,Парканы,58,5.2062,5.217,8.64,True,OK,улица Русакова,n2460690925
4,2,Парканы,59,5.4537,5.4644,16.16,True,OK,улица Русакова,n2460765249
4,2,Парканы,60,5.2218,5.2326,8.73,True,OK,улица Русакова,n2460690926
4,2,Парканы,61,6.7449,5.4938,16.8,True,OK,улица Русакова,n2460765250
4,2,Парканы,62,5.2397,5.2504,8.18,True,OK,улица Русакова,n2460690927
4,2,Парканы,63,6.6972,5.5415,22.79,True,OK,улица Русакова,n2460765251
4,2,Парканы,64,5.5805,5.2683,7.64,True,OK,улица Русакова,n2460690928
4,2,Парканы,65,6.6672,5.5715,13.83,True,OK,улица Русакова,n2345373679
4,2,Парканы,66,5.2775,5.2883,7.97,True,OK,улица Русакова,n2460690929
4,2,Парканы,67,6.5549,5.6838,18.27,True,OK,улица Русакова,n2460702950
4,2,Парканы,68,5.2919,5.3027,8.01,True,OK,улица Русакова,n2460690930
4,2,Парканы,69,6.5189,5.7198,18.6,True,OK,улица Русакова,n2460702951
4,2,Парканы,70,5.3048,5.3156,8.8,True,OK,улица Русакова,n2460690931
4,2,Парканы,71,5.7347,5.7455,18.05,True,OK,улица Русакова,n2460702952
4,2,Парканы,72,5.3198,5.3306,11.18,True,OK,улица Русакова,n2460690932
4,2,Парканы,73,5.7621,5.7729,19.63,True,OK,улица Русакова,n2460702953
4,2,Парканы,74,5.5051,5.3437,12.46,True,OK,улица Русакова,n2460690933
4,2,Парканы,75,5.7886,5.7994,21.59,True,OK,улица Русакова,n2460702954
4,2,Парканы,76,5.3778,5.3886,13.37,True,OK,улица Русакова,n2460690934
4,2,Парканы,77,5.8063,5.8171,21.04,True,OK,улица Русакова,n2460702955
4,2,Парканы,79,5.8796,5.8904,18.58,True,OK,улица Русакова,n2323588999
4,2,Парканы,88,6.7133,5.5254,14.55,True,OK,улица Русакова,n2460702940
4,2,Парканы,161,5.8301,5.8409,14.7,True,OK,улица Русакова,n2460702944
4,2,Парканы,169,6.2479,6.0301,20.13,True,OK,улица Русакова,n2460702943
4,2,Парканы,195,5.6745,5.6852,23.22,True,OK,улица Русакова,n2460702942
4,2,Парканы,1,6.5653,5.8803,15.68,True,OK,улица Свердлова,n2460033803
4,2,Парканы,1,5.8326,5.8434,16.68,True,OK,улица Свердлова,n2460033804
4,2,Парканы,1,6.6853,5.7603,17.92,True,OK,улица Свердлова,n2460033806
4,2,Парканы,1а,5.7158,5.7266,18.35,True,OK,улица Свердлова,n2460033807
4,2,Парканы,2,6.7344,5.7112,3.17,True,OK,улица Свердлова,n2323674189
4,2,Парканы,3,5.9098,5.9206,14.87,True,OK,улица Свердлова,n2460033802
4,2,Парканы,3,6.6436,5.802,17.68,True,OK,улица Свердлова,n2460033805
4,2,Парканы,4,5.719,5.7298,4.91,True,OK,улица Свердлова,n2460033808
4,2,Парканы,6,6.6978,5.7478,4.93,True,OK,улица Свердлова,n2460033809
4,2,Парканы,8,6.6784,5.7672,4.38,True,OK,улица Свердлова,n2460033810
4,2,Парканы,9,5.9751,5.9859,14.41,True,OK,улица Свердлова,n2460033800
4,2,Парканы,10,5.7766,5.7874,4.79,True,OK,улица Свердлова,n2460033811
4,2,Парканы,11,5.9449,5.9556,15.02,True,OK,улица Свердлова,n2460033801
4,2,Парканы,12,5.7946,5.8054,4.81,True,OK,улица Свердлова,n2460033812
4,2,Парканы,13,6.0038,6.0146,15.71,True,OK,улица Свердлова,n2460033799
4,2,Парканы,14,6.6246,5.8211,5.21,True,OK,улица Свердлова,n2460033813
4,2,Парканы,16,5.8288,5.8396,6.95,True,OK,улица Свердлова,n2460033814
4,2,Парканы,17,6.0404,6.0512,13.95,True,OK,улица Свердлова,n2460033798
4,2,Парканы,18,6.5882,5.8574,7.73,True,OK,улица Свердлова,n2460033815
4,2,Парканы,18а,6.5712,5.8744,7.56,True,OK,улица Свердлова,n2460033816
4,2,Парканы,19,6.3586,6.087,13.14,True,OK,улица Свердлова,n2460033797
4,2,Парканы,20,6.5572,5.8885,9.29,True,OK,улица Свердлова,n2460033817
4,2,Парканы,21,6.0964,6.1072,12.74,True,OK,улица Свердлова,n2460033796
4,2,Парканы,22,6.5423,5.9033,8.74,True,OK,улица Свердлова,n2460033818
4,2,Парканы,23,6.313,6.1327,17.85,True,OK,улица Свердлова,n2460033795
4,2,Парканы,24,6.5269,5.9187,9.9,True,OK,улица Свердлова,n2460033819
4,2,Парканы,25,6.3008,6.1449,14.02,True,OK,улица Свердлова,n2460033794
4,2,Парканы,27,6.2854,6.1602,12.86,True,OK,улица Свердлова,n2323674191
4,2,Парканы,29,6.1812,6.192,8.11,True,OK,улица Свердлова,n2323674193
4,2,Парканы,30,5.923,5.9338,8.59,True,OK,улица Свердлова,n2460033820
4,2,Парканы,31,6.1976,6.2084,14.57,True,OK,улица Свердлова,n2460033793
4,2,Парканы,32,6.4993,5.9463,8.41,True,OK,улица Свердлова,n2460033821
4,2,Парканы,33,6.2276,6.2384,16.28,True,OK,улица Свердлова,n2460033792
4,2,Парканы,34,6.4821,5.9636,7.48,True,OK,улица Свердлова,n2460033822
4,2,Парканы,35,6.253,6.2638,11.53,True,OK,улица Свердлова,n2460033791
4,2,Парканы,36,5.9663,5.9771,7.5,True,OK,улица Свердлова,n2460033823
4,2,Парканы,36,5.9976,6.0084,8.3,True,OK,улица Свердлова,n2460033825
4,2,Парканы,37,7.4076,6.2876,11.94,True,OK,улица Свердлова,n2460033790
4,2,Парканы,38,5.9817,5.9925,8.66,True,OK,улица Свердлова,n2460033824
4,2,Парканы,39,6.3007,6.3115,9.11,True,OK,улица Свердлова,n2460033789
4,2,Парканы,40,6.013,6.0238,9.46,True,OK,улица Свердлова,n2460033826
4,2,Парканы,41,6.327,6.3378,13.14,True,OK,улица Свердлова,n2460033788
4,2,Парканы,42,6.0289,6.0397,9.1,True,OK,улица Свердлова,n2460033827
4,2,Парканы,43,6.3532,6.364,10.67,True,OK,улица Свердлова,n2460033787
4,2,Парканы,44,6.0446,6.0554,9.5,True,OK,улица Свердлова,n2460033828
4,2,Парканы,45,7.3079,6.3873,9.56,True,OK,улица Свердлова,n2460033786
4,2,Парканы,46,6.0578,6.0686,10.28,True,OK,улица Свердлова,n2460033829
4,2,Парканы,47,7.2814,6.4138,11.1,True,OK,улица Свердлова,n2460033785
4,2,Парканы,48,6.0762,6.0869,9.54,True,OK,улица Свердлова,n2460033830
4,2,Парканы,49,6.4367,6.4475,10.5,True,OK,улица Свердлова,n2460033784
4,2,Парканы,50,6.0905,6.1013,10.51,True,OK,улица Свердлова,n2460033831
4,2,Парканы,51,7.2228,6.4724,10.71,True,OK,улица Свердлова,n2460033783
4,2,Парканы,52,6.3361,6.1095,16.04,True,OK,улица Свердлова,n2460033832
4,2,Парканы,53,6.4818,6.4926,10.2,True,OK,улица Свердлова,n2460033782
4,2,Парканы,54,6.1138,6.1246,21.21,True,OK,улица Свердлова,n2460033833
4,2,Парканы,54,6.1345,6.1453,20.09,True,OK,улица Свердлова,n2460033834
4,2,Парканы,55,6.4993,6.5101,11.8,True,OK,улица Свердлова,n2460033781
4,2,Парканы,56,6.4171,6.1982,13.44,True,OK,улица Свердлова,n2323674192
4,2,Парканы,56,6.1873,6.1981,14.53,True,OK,улица Свердлова,n4466335360
4,2,Парканы,57,6.5189,6.5297,13.01,True,OK,улица Свердлова,n2460033780
4,2,Парканы,58,6.1834,6.1942,15.36,True,OK,улица Свердлова,n2323674194
4,2,Парканы,59,7.1491,6.5461,11.56,True,OK,улица Свердлова,n2460033779
4,2,Парканы,60,7.4923,6.1972,29.25,True,OK,улица Свердлова,n2460033835
4,2,Парканы,61,6.5543,6.5651,11.06,True,OK,улица Свердлова,n2460033778
4,2,Парканы,62,7.4761,6.2191,21.59,True,OK,улица Свердлова,n2460033836
4,2,Парканы,63,6.5723,6.583,11.07,True,OK,улица Свердлова,n2460033777
4,2,Парканы,64,6.2271,6.2379,19.43,True,OK,улица Свердлова,n2460033837
4,2,Парканы,65,6.59,6.6008,10.32,True,OK,улица Свердлова,n2460033776
4,2,Парканы,66,6.2373,6.2481,9.95,True,OK,улица Свердлова,n2460035229
4,2,Парканы,67,6.6068,6.6176,10.47,True,OK,улица Свердлова,n2460033775
4,2,Парканы,68,7.4322,6.263,9.47,True,OK,улица Свердлова,n2460035232
4,2,Парканы,69,6.6248,6.6356,10.48,True,OK,улица Свердлова,n2460033774
4,2,Парканы,70,6.2668,6.2776,9.76,True,OK,улица Свердлова,n2460035235
4,2,Парканы,71,7.0438,6.6513,10.77,True,OK,улица Свердлова,n2460033773
4,2,Парканы,72,6.2816,6.2924,9.29,True,OK,улица Свердлова,n2460035238
4,2,Парканы,73,7.029,6.6662,11.97,True,OK,улица Свердлова,n2460033772
4,2,Парканы,74,6.2975,6.3083,9.01,True,OK,улица Свердлова,n2460035242
4,2,Парканы,75,7.0139,6.6813,13.93,True,OK,улица Свердлова,n2460033771
4,2,Парканы,76,6.3113,6.3221,8.34,True,OK,улица Свердлова,n2460035245
4,2,Парканы,77,6.6865,6.6973,14.99,True,OK,улица Свердлова,n2460033770
4,2,Парканы,78,7.3577,6.3375,9.58,True,OK,улица Свердлова,n2460035248
4,2,Парканы,79,6.9806,6.7146,12.71,True,OK,улица Свердлова,n2460033769
4,2,Парканы,80,7.3442,6.351,9.67,True,OK,улица Свердлова,n2460035251
4,2,Парканы,81,6.7222,6.733,14.25,True,OK,улица Свердлова,n2460033768
4,2,Парканы,82,7.3286,6.3666,10.16,True,OK,улица Свердлова,n2460035254
4,2,Парканы,83,6.7481,6.7589,14.79,True,OK,улица Свердлова,w476163301
4,2,Парканы,84,6.3715,6.3823,10.65,True,OK,улица Свердлова,n2460035257
4,2,Парканы,85,6.9242,6.771,13.98,True,OK,улица Свердлова,w476163299
4,2,Парканы,86,6.3877,6.3985,9.61,True,OK,улица Свердлова,n2460035264
4,2,Парканы,87,6.7715,6.7823,10.14,True,OK,улица Свердлова,w476163297
4,2,Парканы,88,6.4001,6.4109,9.5,True,OK,улица Свердлова,n2460035268
4,2,Парканы,89,6.8911,6.828,14.0,True,OK,улица Свердлова,w476163294
4,2,Парканы,90,6.4155,6.4263,10.75,True,OK,улица Свердлова,n2460035271
4,2,Парканы,92,7.253,6.4422,10.47,True,OK,улица Свердлова,n2460035274
4,2,Парканы,94,6.447,6.4578,10.96,True,OK,улица Свердлова,n2460035277
4,2,Парканы,96,6.4605,6.4713,11.05,True,OK,улица Свердлова,n2460035280
4,2,Парканы,98,6.4778,6.4886,10.21,True,OK,улица Свердлова,n2460035283
4,2,Парканы,100,6.4921,6.5029,11.26,True,OK,улица Свердлова,n2460035286
4,2,Парканы,102,6.5064,6.5172,12.31,True,OK,улица Свердлова,n2460035289
4,2,Парканы,104,6.5215,6.5323,11.07,True,OK,улица Свердлова,n2460035292
4,2,Парканы,106,6.5381,6.5489,12.04,True,OK,улица Свердлова,n2460035295
4,2,Парканы,108,6.5519,6.5627,10.7,True,OK,улица Свердлова,n2460035298
4,2,Парканы,110,6.5666,6.5774,10.26,True,OK,улица Свердлова,n2460055522
4,2,Парканы,112,6.5794,6.5902,12.73,True,OK,улица Свердлова,n2460055523
4,2,Парканы,112,6.5954,6.6062,11.67,True,OK,улица Свердлова,n2460055524
4,2,Парканы,114,6.6109,6.6217,12.14,True,OK,улица Свердлова,n2460055525
4,2,Парканы,118,6.6245,6.6353,11.56,True,OK,улица Свердлова,n2460055526
4,2,Парканы,120,7.0443,6.6509,12.02,True,OK,улица Свердлова,n2460055527
4,2,Парканы,122,6.6561,6.6669,10.97,True,OK,улица Свердлова,n2460055528
4,2,Парканы,124,7.0115,6.6837,10.81,True,OK,улица Свердлова,n2460055529
4,2,Парканы,126,6.9944,6.7008,9.9,True,OK,улица Свердлова,n2460055530
4,2,Парканы,128,6.9754,6.7198,10.03,True,OK,улица Свердлова,n2460055531
4,2,Парканы,130,6.9605,6.7347,8.83,True,OK,улица Свердлова,n2460055532
4,2,Парканы,132,6.7429,6.7537,8.97,True,OK,улица Свердлова,n2460055533
4,2,Парканы,134,6.7617,6.7725,9.86,True,OK,улица Свердлова,n2460055534
4,2,Парканы,136,6.777,6.7878,7.14,True,OK,улица Свердлова,n2460055535
4,2,Парканы,136,6.8266,6.8373,12.34,True,OK,улица Свердлова,w476163293
2,2,Парканы,2,5.3627,3.954,11.47,True,OK,улица Сергея Лазо,n2323352013
2,2,Парканы,3,3.9829,3.9937,24.1,True,OK,улица Сергея Лазо,w284686408
2,2,Парканы,4,3.9515,3.9576,28.32,True,OK,улица Сергея Лазо,w284659754
3,2,Парканы,5,5.3005,4.0196,24.33,True,OK,улица Сергея Лазо,w284686410
2,2,Парканы,6,3.9802,3.991,18.71,True,OK,улица Сергея Лазо,w284686407
3,2,Парканы,7,4.0314,4.0422,28.65,True,OK,улица Сергея Лазо,w287643876
3,2,Парканы,8,5.3097,4.0104,27.18,True,OK,улица Сергея Лазо,w284686411
3,2,Парканы,9,5.258,4.0681,21.36,True,OK,улица Сергея Лазо,w287643878
3,2,Парканы,10,4.0331,4.0439,28.01,True,OK,улица Сергея Лазо,w288392737
3,2,Парканы,11,4.085,4.0958,24.72,True,OK,улица Сергея Лазо,w285452245
3,2,Парканы,12,5.242,4.0781,29.83,True,OK,улица Сергея Лазо,w288392738
3,2,Парканы,13,5.1992,4.1209,21.69,True,OK,улица Сергея Лазо,w288392881
3,2,Парканы,14,4.0855,4.0963,20.97,True,OK,улица Сергея Лазо,w288392819
3,2,Парканы,15,4.1366,4.1474,20.91,True,OK,улица Сергея Лазо,w294043068
3,2,Парканы,16,5.2044,4.1157,21.84,True,OK,улица Сергея Лазо,w294043065
3,2,Парканы,17,4.1621,4.1729,18.63,True,OK,улица Сергея Лазо,w294043073
2,2,Парканы,18,5.024,3.933,17.72,True,OK,улица Сергея Лазо,n5653833601
2,2,Парканы,18,4.1357,4.1464,25.17,True,OK,улица Сергея Лазо,w294043070
3,2,Парканы,19,5.12,4.2001,24.99,True,OK,улица Сергея Лазо,w294043076
2,2,Парканы,20,3.9478,3.9518,29.26,True,OK,улица Сергея Лазо,n5653833905
2,2,Парканы,20,5.1453,4.1748,28.54,True,OK,улица Сергея Лазо,w294043081
3,2,Парканы,21,4.2054,4.2162,24.45,True,OK,улица Сергея Лазо,w294043077
2,2,Парканы,22,4.9684,3.9885,24.44,True,OK,улица Сергея Лазо,n5653833602
2,2,Парканы,22,4.1856,4.1964,20.01,True,OK,улица Сергея Лазо,w294043080
3,2,Парканы,23,5.0826,4.2376,23.81,True,OK,улица Сергея Лазо,w288392735
3,2,Парканы,24,4.2059,4.2121,25.05,True,OK,улица Сергея Лазо,w285452242
3,2,Парканы,25,5.053,4.2671,22.15,True,OK,улица Сергея Лазо,w288392730
3,2,Парканы,26,5.0759,4.2442,21.56,True,OK,улица Сергея Лазо,w288392731
3,2,Парканы,27,5.0164,4.3127,23.17,True,OK,улица Сергея Лазо,w284829096
3,2,Парканы,29,4.329,4.3398,26.03,True,OK,улица Сергея Лазо,w284829100
3,2,Парканы,31,4.349,4.3598,27.32,True,OK,улица Сергея Лазо,w284829117
3,2,Парканы,33,4.9449,4.3752,21.9,True,OK,улица Сергея Лазо,w284829110
3,2,Парканы,35,4.3881,4.3989,28.41,True,OK,улица Сергея Лазо,w284829108
3,2,Парканы,37,4.3948,4.4169,26.72,True,OK,улица Сергея Лазо,w284829106
3,2,Парканы,39,4.4417,4.4525,26.38,True,OK,улица Сергея Лазо,w294942534
3,2,Парканы,41,4.8424,4.4777,16.16,True,OK,улица Сергея Лазо,w294956273
3,2,Парканы,43,4.805,4.5152,26.94,True,OK,улица Сергея Лазо,w294956276
3,2,Парканы,45,4.7727,4.5475,25.23,True,OK,улица Сергея Лазо,w294956278
3,2,Парканы,47,4.76,4.5601,21.08,True,OK,улица Сергея Лазо,w294956277
3,2,Парканы,49,4.5667,4.5775,23.64,True,OK,улица Сергея Лазо,w284829119
3,2,Парканы,50,4.5951,4.3618,6.14,True,OK,улица Сергея Лазо,n2457739768
3,2,Парканы,50,4.7738,4.5464,26.15,True,OK,улица Сергея Лазо,w284829112
3,2,Парканы,51,4.5928,4.6035,24.97,True,OK,улица Сергея Лазо,w304873404
3,2,Парканы,52,4.5759,4.3811,5.54,True,OK,улица Сергея Лазо,n2457739767
3,2,Парканы,52,4.5677,4.5784,24.75,True,OK,улица Сергея Лазо,w315423555
3,2,Парканы,53,4.6932,4.6269,18.6,True,OK,улица Сергея Лазо,w304873407
3,2,Парканы,54,4.3867,4.3975,5.68,True,OK,улица Сергея Лазо,n2457739766
3,2,Парканы,54,4.7137,4.5941,19.39,True,OK,улица Сергея Лазо,w315423556
3,2,Парканы,55,4.6777,4.6425,21.88,True,OK,улица Сергея Лазо,w304873405
3,2,Парканы,56,4.3998,4.4106,5.41,True,OK,улица Сергея Лазо,n2457739765
3,2,Парканы,56,4.6134,4.6241,27.51,True,OK,улица Сергея Лазо,w315423558
3,2,Парканы,57,4.664,4.6561,19.07,True,OK,улица Сергея Лазо,w315423559
3,2,Парканы,58,4.5304,4.4266,4.4,True,OK,улица Сергея Лазо,n2457739764
3,2,Парканы,58,4.6374,4.6482,27.49,True,OK,улица Сергея Лазо,w315423561
3,2,Парканы,59,4.6508,4.6616,22.5,True,OK,улица Сергея Лазо,w315423560
3,2,Парканы,60,4.5124,4.4445,40.66,True,OK,улица Сергея Лазо,n5653832463
3,2,Парканы,60,4.6582,4.662,23.32,True,OK,улица Сергея Лазо,w315423562
3,2,Парканы,61,4.6269,4.6377,25.64,True,OK,улица Сергея Лазо,w315423578
3,2,Парканы,62,4.6583,4.6619,36.99,True,OK,улица Сергея Лазо,w315423563
3,2,Парканы,63,4.6927,4.6275,21.48,True,OK,улица Сергея Лазо,w315423577
3,2,Парканы,64,4.7028,4.6316,24.92,True,OK,улица Сергея Лазо,w315423573
3,2,Парканы,65,4.7028,4.6118,20.4,True,OK,улица Сергея Лазо,w315423576
3,2,Парканы,66,4.7028,4.6198,26.85,True,OK,улица Сергея Лазо,w315423571
3,2,Парканы,67,4.5824,4.5932,21.44,True,OK,улица Сергея Лазо,w315423572
3,2,Парканы,68,4.716,4.6042,23.93,True,OK,улица Сергея Лазо,w315423569
3,2,Парканы,69,4.7374,4.5758,15.69,True,OK,улица Сергея Лазо,w304873403
3,2,Парканы,70,4.5406,4.5657,23.87,True,OK,улица Сергея Лазо,w315423566
3,2,Парканы,70,4.7392,4.5809,27.86,True,OK,улица Сергея Лазо,w315423567
3,2,Парканы,71,4.7587,4.5615,23.34,True,OK,улица Сергея Лазо,w304873402
3,2,Парканы,1,4.3481,4.3589,8.77,True,OK,улица Суворова,n2323674199
3,2,Парканы,1,4.362,4.3728,14.68,True,OK,улица Суворова,n4835050333
3,2,Парканы,2а,4.9364,4.3632,12.47,True,OK,улица Суворова,n2457626552
3,2,Парканы,4,4.91,4.3896,14.58,True,OK,улица Суворова,n2457626555
3,2,Парканы,5,4.8756,4.424,9.19,True,OK,улица Суворова,n2457626546
3,2,Парканы,6,4.398,4.4088,12.43,True,OK,улица Суворова,n2457626558
3,2,Парканы,8,4.4199,4.4307,11.78,True,OK,улица Суворова,n2457626561
3,2,Парканы,9,4.479,4.4898,8.59,True,OK,улица Суворова,n2323674202
3,2,Парканы,10,4.4412,4.452,12.66,True,OK,улица Суворова,n2457626564
3,2,Парканы,11,4.5397,4.5505,8.52,True,OK,улица Суворова,n2323674204
3,2,Парканы,12,4.4662,4.477,10.22,True,OK,улица Суворова,n2457626567
3,2,Парканы,13,6.1026,4.5744,8.22,True,OK,улица Суворова,n2458850215
3,2,Парканы,14,4.7974,4.4989,9.58,True,OK,улица Суворова,n2323674203
3,2,Парканы,15,6.0831,4.5938,8.23,True,OK,улица Суворова,n2458850216
3,2,Парканы,15,4.4914,4.5082,16.06,True,OK,улица Суворова,n4835068016
3,2,Парканы,16,6.1268,4.5501,9.34,True,OK,улица Суворова,n2323674205
3,2,Парканы,17,4.5957,4.6065,8.32,True,OK,улица Суворова,n2458850217
3,2,Парканы,18,6.1125,4.5645,7.99,True,OK,улица Суворова,n2458850213
3,2,Парканы,19,4.6155,4.6263,9.09,True,OK,улица Суворова,n2458850218
3,2,Парканы,20,6.091,4.586,8.52,True,OK,улица Суворова,n2458850214
3,2,Парканы,21,4.6305,4.6413,9.41,True,OK,улица Суворова,n2458850219
3,2,Парканы,22,4.5939,4.6047,10.03,True,OK,улица Суворова,n2458875313
3,2,Парканы,22,4.6071,4.6179,28.06,True,OK,улица Суворова,n4835075921
3,2,Парканы,23,6.0162,4.6607,9.42,True,OK,улица Суворова,n2458850220
3,2,Парканы,24,4.6133,4.6241,10.02,True,OK,улица Суворова,n2458875322
3,2,Парканы,25,6.0012,4.6758,9.74,True,OK,улица Суворова,n2458850221
3,2,Парканы,26,6.0249,4.6521,25.95,True,OK,улица Суворова,n2458875320
3,2,Парканы,27,4.6814,4.6922,10.55,True,OK,улица Суворова,n2458850222
3,2,Парканы,28,6.0057,4.6713,21.6,True,OK,улица Суворова,n2458875318
3,2,Парканы,29,5.9667,4.7102,10.07,True,OK,улица Суворова,n2458850223
3,2,Парканы,30,5.989,4.6879,10.58,True,OK,улица Суворова,n2458875315
3,2,Парканы,31,4.7172,4.7279,8.82,True,OK,улица Суворова,n2458850224
3,2,Парканы,32,4.6946,4.7053,10.03,True,OK,улица Суворова,n2458875311
3,2,Парканы,33,4.7367,4.7475,11.38,True,OK,улица Суворова,n2458850225
3,2,Парканы,34,4.714,4.7248,10.02,True,OK,улица Суворова,n2458875308
3,2,Парканы,35,4.7479,4.7587,10.98,True,OK,улица Суворова,n2458850226
3,2,Парканы,36,5.9385,4.7384,10.2,True,OK,улица Суворова,n2458875306
3,2,Парканы,37,5.9066,4.7703,11.35,True,OK,улица Суворова,n2458850227
3,2,Парканы,38,5.9232,4.7538,9.12,True,OK,улица Суворова,n2458875304
3,2,Парканы,39,4.7773,4.7881,12.65,True,OK,улица Суворова,n2458850228
3,2,Парканы,40,4.7594,4.7702,8.3,True,OK,улица Суворова,n2458875301
3,2,Парканы,41,4.7988,4.8096,12.12,True,OK,улица Суворова,n2458850229
3,2,Парканы,42,5.8925,4.7845,9.51,True,OK,улица Суворова,n2458875297
3,2,Парканы,43,4.8185,4.8293,10.34,True,OK,улица Суворова,n2458850723
3,2,Парканы,44,5.873,4.804,9.5,True,OK,улица Суворова,n2458875294
3,2,Парканы,44,4.7888,4.7996,21.18,True,OK,улица Суворова,n4835050359
3,2,Парканы,45,4.8346,4.8454,10.39,True,OK,улица Суворова,n2458850724
3,2,Парканы,46,4.8129,4.8237,11.28,True,OK,улица Суворова,n2458875292
3,2,Парканы,47,4.8537,4.8645,12.19,True,OK,улица Суворова,n2458850725
3,2,Парканы,47,4.8208,4.8316,20.01,True,OK,улица Суворова,n4835076423
3,2,Парканы,48,4.8324,4.8432,11.27,True,OK,улица Суворова,n2458875290
3,2,Парканы,48,4.829,4.8398,23.22,True,OK,улица Суворова,n4835050360
3,2,Парканы,49,4.8756,4.8863,12.42,True,OK,улица Суворова,n2458850726
3,2,Парканы,50,4.8522,4.863,10.5,True,OK,улица Суворова,n2458875287
3,2,Парканы,51,4.8906,4.9014,12.74,True,OK,улица Суворова,n2458850727
3,2,Парканы,52,4.8678,4.8786,11.21,True,OK,улица Суворова,n2458875285
3,2,Парканы,53,4.909,4.9198,13.02,True,OK,улица Суворова,n2458850728
3,2,Парканы,54,5.7792,4.8977,11.97,True,OK,улица Суворова,n2458875282
3,2,Парканы,54а,5.7704,4.9066,12.59,True,OK,улица Суворова,n2458875280
3,2,Парканы,55,5.7333,4.9437,12.72,True,OK,улица Суворова,n2458850729
3,2,Парканы,56,5.7608,4.9162,11.69,True,OK,улица Суворова,n2458875278
3,2,Парканы,57,4.9509,4.9617,12.23,True,OK,улица Суворова,n2458850730
3,2,Парканы,57,4.909,4.9198,13.02,True,OK,улица Суворова,n4835076137
3,2,Парканы,58,4.9276,4.9384,10.69,True,OK,улица Суворова,n2458875276
3,2,Парканы,58,4.9229,4.9336,23.14,True,OK,улица Суворова,n4835050364
3,2,Парканы,59,4.9673,4.9781,13.04,True,OK,улица Суворова,n2458850731
3,2,Парканы,60,5.7208,4.9561,9.39,True,OK,улица Суворова,n2458875273
3,2,Парканы,61,5.676,5.001,13.01,True,OK,улица Суворова,n2458850732
3,2,Парканы,62,5.7038,4.9732,9.61,True,OK,улица Суворова,n2458875271
3,2,Парканы,63,5.0018,5.0126,13.37,True,OK,улица Суворова,n2458850733
3,2,Парканы,64,4.9699,4.9807,10.72,True,OK,улица Суворова,n2458875269
3,2,Парканы,65,5.6463,5.0307,12.89,True,OK,улица Суворова,n2458850735
3,2,Парканы,66,5.684,4.9929,11.39,True,OK,улица Суворова,n2458875266
3,2,Парканы,67,5.6316,5.0453,12.45,True,OK,улица Суворова,n2458850736
3,2,Парканы,68,5.0006,5.0114,11.11,True,OK,улица Суворова,n2458875264
3,2,Парканы,69,5.6162,5.0607,13.53,True,OK,улица Суворова,n2458850737
3,2,Парканы,70,5.6496,5.0274,11.06,True,OK,улица Суворова,n2458875262
3,2,Парканы,70,4.9967,5.0075,14.38,True,OK,улица Суворова,n4886201535
3,2,Парканы,71,5.0629,5.0736,11.83,True,OK,улица Суворова,n2458850734
3,2,Парканы,72,5.6332,5.0438,10.25,True,OK,улица Суворова,n2458875260
3,2,Парканы,73,5.0775,5.0883,11.39,True,OK,улица Суворова,n2458850738
3,2,Парканы,74,5.0504,5.0612,9.7,True,OK,улица Суворова,n2458875257
3,2,Парканы,75,5.0891,5.0999,11.75,True,OK,улица Суворова,n2458850739
3,2,Парканы,76,5.5983,5.0786,9.16,True,OK,улица Суворова,n2458875253
3,2,Парканы,77,5.1055,5.1163,10.01,True,OK,улица Суворова,n2458850740
3,2,Парканы,78,5.5837,5.0933,9.6,True,OK,улица Суворова,n2458850235
3,2,Парканы,79,5.1249,5.1357,10.02,True,OK,улица Суворова,n2458850741
3,2,Парканы,80,5.0914,5.1021,10.22,True,OK,улица Суворова,n2458850234
3,2,Парканы,81,5.1437,5.1545,11.06,True,OK,улица Суворова,n2458850230
3,2,Парканы,82,5.5612,5.1158,10.4,True,OK,улица Суворова,n2458850233
3,2,Парканы,83,5.5027,5.1743,11.83,True,OK,улица Суворова,n2323674206
3,2,Парканы,84,5.5424,5.1346,9.36,True,OK,улица Суворова,n2458850232
4,2,Парканы,85,6.1332,5.218,14.58,True,OK,улица Суворова,n2323674208
3,2,Парканы,86,5.1422,5.153,9.08,True,OK,улица Суворова,n2458850231
4,2,Парканы,87,5.2617,5.2725,15.3,True,OK,улица Суворова,n2458915135
3,2,Парканы,88,5.5069,5.1701,9.3,True,OK,улица Суворова,n2323674207
4,2,Парканы,89,6.082,5.2955,16.24,True,OK,улица Суворова,n2458915136
4,2,Парканы,90,6.1382,5.2383,9.56,True,OK,улица Суворова,n2323674209
4,2,Парканы,91,5.3031,5.3139,14.02,True,OK,улица Суворова,n2458915137
4,2,Парканы,92,6.1219,5.2556,10.05,True,OK,улица Суворова,n2458915128
4,2,Парканы,93,5.3221,5.3329,13.33,True,OK,улица Суворова,n2458915142
4,2,Парканы,94,5.2597,5.2704,9.86,True,OK,улица Суворова,n2458915132
4,2,Парканы,95,5.3465,5.3573,14.81,True,OK,улица Суворова,n2458915141
4,2,Парканы,96,6.0911,5.2864,12.4,True,OK,улица Суворова,n2458915134
4,2,Парканы,97,5.3658,5.3766,14.88,True,OK,улица Суворова,n2458915140
4,2,Парканы,98,6.0773,5.3002,11.99,True,OK,улица Суворова,n2458915138
4,2,Парканы,99,5.9813,5.3962,15.72,True,OK,улица Суворова,n2458959240
4,2,Парканы,100,6.0573,5.3202,12.9,True,OK,улица Суворова,n2458915139
4,2,Парканы,101,5.9436,5.4339,13.58,True,OK,улица Суворова,n2458959241
4,2,Парканы,102,6.0425,5.3351,12.71,True,OK,улица Суворова,n2458959238
4,2,Парканы,103,5.4461,5.4569,14.51,True,OK,улица Суворова,n2458959242
4,2,Парканы,104,6.0274,5.3502,11.76,True,OK,улица Суворова,n2458959239
4,2,Парканы,105,5.4665,5.4773,14.36,True,OK,улица Суворова,n2458959243
4,2,Парканы,106,5.3564,5.3672,14.51,True,OK,улица Суворова,n2458959246
4,2,Парканы,107,5.4834,5.4942,14.11,True,OK,улица Суворова,n2458959244
4,2,Парканы,108,5.3762,5.387,16.18,True,OK,улица Суворова,n2458959247
4,2,Парканы,109,5.8606,5.5169,14.29,True,OK,улица Суворова,n2458959245
4,2,Парканы,110,5.9741,5.4034,14.69,True,OK,улица Суворова,n2458959248
4,2,Парканы,111,5.5278,5.5386,14.68,True,OK,улица Суворова,n2458959254
4,2,Парканы,112,5.959,5.4185,13.74,True,OK,улица Суворова,n2458959249
4,2,Парканы,113,5.8169,5.5606,15.84,True,OK,улица Суворова,n2458959255
4,2,Парканы,114,5.4222,5.433,14.31,True,OK,улица Суворова,n2458959250
4,2,Парканы,115,5.5668,5.5776,13.08,True,OK,улица Суворова,n2458959256
4,2,Парканы,116,5.4414,5.4522,11.73,True,OK,улица Суворова,n2458959251
4,2,Парканы,117,5.7758,5.6017,13.8,True,OK,улица Суворова,n2458959257
4,2,Парканы,118,5.4731,5.4839,11.79,True,OK,улица Суворова,n2458959252
4,2,Парканы,118а,5.8105,5.567,19.36,True,OK,улица Суворова,n4393903637
4,2,Парканы,119,5.6102,5.621,13.87,True,OK,улица Суворова,n2458959258
4,2,Парканы,119,5.568,5.5788,16.13,True,OK,улица Суворова,n4393903636
4,2,Парканы,120,5.4914,5.5021,11.5,True,OK,улица Суворова,n2458959253
4,2,Парканы,121,5.7327,5.6448,13.83,True,OK,улица Суворова,n2458959259
4,2,Парканы,121,5.5905,5.6013,15.54,True,OK,улица Суворова,n4393903635
4,2,Парканы,122,5.8561,5.5214,11.43,True,OK,улица Суворова,n2459008230
4,2,Парканы,123,5.7179,5.6596,14.02,True,OK,улица Суворова,n2458959260
4,2,Парканы,124,5.5485,5.5593,10.3,True,OK,улица Суворова,n2459008231
4,2,Парканы,125,5.6718,5.6826,14.95,True,OK,улица Суворова,n2458959261
4,2,Парканы,126,5.7991,5.5784,13.5,True,OK,улица Суворова,n2459008232
4,2,Парканы,127 сергей,5.6701,5.6809,14.69,True,OK,улица Суворова,n2458959262
4,2,Парканы,128,5.7723,5.6052,11.7,True,OK,улица Суворова,n2459008233
4,2,Парканы,129,5.6511,5.6619,14.0,True,OK,улица Суворова,n2458959263
4,2,Парканы,130,5.7533,5.6242,12.39,True,OK,улица Суворова,n2459008234
4,2,Парканы,131,5.7323,5.6453,12.98,True,OK,улица Суворова,n2459008255
4,2,Парканы,132,5.7358,5.6417,16.89,True,OK,улица Суворова,n2459008235
4,2,Парканы,133,5.6194,5.6301,13.94,True,OK,улица Суворова,n2459008254
4,2,Парканы,134,5.6536,5.6644,16.71,True,OK,улица Суворова,n2459008236
4,2,Парканы,135,5.6056,5.6164,14.35,True,OK,улица Суворова,n2459008253
4,2,Парканы,137,5.7753,5.6022,13.01,True,OK,улица Суворова,n2459008252
4,2,Парканы,138,5.6716,5.6824,17.18,True,OK,улица Суворова,n2459008237
4,2,Парканы,139,5.7926,5.585,13.52,True,OK,улица Суворова,n2459008251
4,2,Парканы,140,5.6888,5.6887,16.67,True,OK,улица Суворова,n2459008238
4,2,Парканы,141,5.8087,5.5688,14.25,True,OK,улица Суворова,n2459008250
4,2,Парканы,142,5.6527,5.6634,12.91,True,OK,улица Суворова,n2459008239
4,2,Парканы,143,5.8246,5.553,14.22,True,OK,улица Суворова,n2459008249
4,2,Парканы,144,5.6378,5.6486,12.72,True,OK,улица Суворова,n2459008240
4,2,Парканы,145,5.5229,5.5337,14.3,True,OK,улица Суворова,n2323674210
4,2,Парканы,145,5.5239,5.4965,20.93,True,OK,улица Суворова,n2323674212
4,2,Парканы,146,5.622,5.6328,12.75,True,OK,улица Суворова,n2459008241
4,2,Парканы,147,5.5527,5.5635,13.77,True,OK,улица Суворова,n2459008256
4,2,Парканы,148,5.6069,5.6177,11.8,True,OK,улица Суворова,n2459008242
4,2,Парканы,149,6.6569,5.5818,14.51,True,OK,улица Суворова,n2459008257
4,2,Парканы,150,5.59,5.6008,12.05,True,OK,улица Суворова,n2459008243
4,2,Парканы,151,5.5896,5.6003,16.01,True,OK,улица Суворова,n2459008258
4,2,Парканы,152,5.7984,5.5791,11.65,True,OK,улица Суворова,n2459008244
4,2,Парканы,153,6.6177,5.621,13.89,True,OK,улица Суворова,n2459008259
4,2,Парканы,154,5.813,5.5646,12.22,True,OK,улица Суворова,n2459008248
4,2,Парканы,155,6.5978,5.6409,15.32,True,OK,улица Суворова,n2459008260
4,2,Парканы,157,6.5797,5.659,15.84,True,OK,улица Суворова,n2459008261
4,2,Парканы,161,6.4716,5.7671,10.95,True,OK,улица Суворова,n2459013797
4,2,Парканы,162,5.5417,5.5525,13.12,True,OK,улица Суворова,n2459008247
4,2,Парканы,169,6.4144,5.8244,5.78,True,OK,улица Суворова,n2323674214
4,2,Парканы,172,5.8345,5.5431,20.87,True,OK,улица Суворова,n2459008246
4,2,Парканы,174,5.5268,5.5376,16.76,True,OK,улица Суворова,n2459008245
4,2,Парканы,195,5.7196,5.7304,15.95,True,OK,улица Суворова,n2459013792
4,2,Парканы,200,5.5392,5.55,10.93,True,OK,улица Суворова,n2323674211
3,2,Парканы,1,4.1483,4.1591,24.42,True,OK,улица Фрунзе,w284650892
3,2,Парканы,2,4.1517,4.1625,23.08,True,OK,улица Фрунзе,w284981816
3,2,Парканы,3,4.1884,4.1992,27.79,True,OK,улица Фрунзе,w284981822
3,2,Парканы,4,4.1618,4.1725,25.8,True,OK,улица Фрунзе,w284981817
3,2,Парканы,5,4.1969,4.2077,18.32,True,OK,улица Фрунзе,w284981823
3,2,Парканы,6,4.1788,4.1896,26.48,True,OK,улица Фрунзе,w284981828
3,2,Парканы,8,5.8389,4.1981,24.03,True,OK,улица Фрунзе,n2452636916
3,2,Парканы,9,4.2132,4.224,12.41,True,OK,улица Фрунзе,n2452658345
3,2,Парканы,9,5.8148,4.2222,23.17,True,OK,улица Фрунзе,w284981824
3,2,Парканы,10,4.1992,4.21,25.58,True,OK,улица Фрунзе,w284981827
3,2,Парканы,11,4.2386,4.2494,28.12,True,OK,улица Фрунзе,w284981833
3,2,Парканы,12,5.809,4.227,24.4,True,OK,улица Фрунзе,w284981829
3,2,Парканы,13,5.7612,4.2758,25.14,True,OK,улица Фрунзе,w284981835
3,2,Парканы,14,4.2387,4.2495,24.61,True,OK,улица Фрунзе,w284981831
3,2,Парканы,15,4.2753,4.2861,19.12,True,OK,улица Фрунзе,w284982245
3,2,Парканы,16,4.2543,4.2651,26.1,True,OK,улица Фрунзе,w284982243
3,2,Парканы,17,5.7363,4.3007,21.78,True,OK,улица Фрунзе,w284982246
3,2,Парканы,19,4.3148,4.3256,22.18,True,OK,улица Фрунзе,w284982259
3,2,Парканы,20,4.274,4.2848,30.22,True,OK,улица Фрунзе,w284982249
3,2,Парканы,21,5.6876,4.3494,23.12,True,OK,улица Фрунзе,w284982261
3,2,Парканы,22,4.2905,4.3013,30.2,True,OK,улица Фрунзе,w284982250
3,2,Парканы,23,4.359,4.3698,24.29,True,OK,улица Фрунзе,w284982262
3,2,Парканы,24б,4.1232,4.134,8.87,True,OK,улица Фрунзе,n2459417271
3,2,Парканы,24б,4.1391,4.1499,8.91,True,OK,улица Фрунзе,n2459417276
3,2,Парканы,26,5.68,4.357,27.35,True,OK,улица Фрунзе,w284982256
3,2,Парканы,27,4.3941,4.4071,41.88,True,OK,улица Фрунзе,w285191969
3,2,Парканы,29,4.4129,4.4236,22.21,True,OK,улица Фрунзе,w285193318
3,2,Парканы,31,5.5965,4.4405,27.14,True,OK,улица Фрунзе,w285193321
3,2,Парканы,32,4.4071,4.4179,19.65,True,OK,улица Фрунзе,n2453639983
3,2,Парканы,33,4.4556,4.4663,21.5,True,OK,улица Фрунзе,w285193323
3,2,Парканы,34,4.4144,4.4252,25.04,True,OK,улица Фрунзе,w285193317
3,2,Парканы,35,5.5562,4.4808,26.36,True,OK,улица Фрунзе,w287018439
3,2,Парканы,36,5.5889,4.4481,27.78,True,OK,улица Фрунзе,w285193324
3,2,Парканы,37,4.4897,4.5102,41.27,True,OK,улица Фрунзе,w305888560
3,2,Парканы,38,5.5631,4.4739,21.5,True,OK,улица Фрунзе,w287018438
3,2,Парканы,39,4.5066,4.5174,21.42,True,OK,улица Фрунзе,w306078496
3,2,Парканы,40,4.4742,4.4849,24.55,True,OK,улица Фрунзе,w287830914
3,2,Парканы,41,5.5007,4.5363,23.88,True,OK,улица Фрунзе,w306078498
3,2,Парканы,42,5.5365,4.4967,34.29,True,OK,улица Фрунзе,w287830913
3,2,Парканы,43,4.5503,4.5611,30.61,True,OK,улица Фрунзе,w306078690
3,2,Парканы,44,5.519,4.518,26.14,True,OK,улица Фрунзе,w306078493
3,2,Парканы,45,5.4643,4.5727,26.52,True,OK,улица Фрунзе,w306078691
3,2,Парканы,46,5.4947,4.5423,28.34,True,OK,улица Фрунзе,w306078689
3,2,Парканы,47,4.5724,4.5832,24.62,True,OK,улица Фрунзе,w306078692
3,2,Парканы,48,5.4764,4.5606,24.79,True,OK,улица Фрунзе,w306078693
3,2,Парканы,49,4.5869,4.5977,21.36,True,OK,улица Фрунзе,w306078695
3,2,Парканы,50,4.5727,4.5835,25.55,True,OK,улица Фрунзе,w306078694
3,2,Парканы,51,5.4191,4.6179,34.27,True,OK,улица Фрунзе,w306084792
3,2,Парканы,52,4.5888,4.5996,25.78,True,OK,улица Фрунзе,w306084793
3,2,Парканы,53,5.3994,4.6376,30.06,True,OK,улица Фрунзе,w306087439
3,2,Парканы,54,5.4162,4.6208,21.4,True,OK,улица Фрунзе,w306084795
3,2,Парканы,55,5.385,4.652,34.98,True,OK,улица Фрунзе,w306087438
3,2,Парканы,56,5.4051,4.6319,26.25,True,OK,улица Фрунзе,w306087440
3,2,Парканы,57,4.661,4.6718,20.73,True,OK,улица Фрунзе,w315364647
3,2,Парканы,58,5.3814,4.6556,25.5,True,OK,улица Фрунзе,w306087444
3,2,Парканы,59,4.674,4.6882,27.41,True,OK,улица Фрунзе,w315364646
3,2,Парканы,60,5.3522,4.6776,19.6,True,OK,улица Фрунзе,w315364638
3,2,Парканы,61,4.7047,4.7155,27.96,True,OK,улица Фрунзе,w315364644
3,2,Парканы,61а,4.7183,4.7291,32.93,True,OK,улица Фрунзе,w315364643
3,2,Парканы,62,5.3417,4.6953,24.03,True,OK,улица Фрунзе,w315364639
3,2,Парканы,63,4.7348,4.7456,29.28,True,OK,улица Фрунзе,w315364642
3,2,Парканы,64,4.7029,4.7137,22.78,True,OK,улица Фрунзе,w315364640
3,2,Парканы,65,5.2612,4.7758,24.97,True,OK,улица Фрунзе,w315364635
3,2,Парканы,66,5.2861,4.7509,23.3,True,OK,улица Фрунзе,w315364636
3,2,Парканы,66,4.7264,4.7372,24.51,True,OK,улица Фрунзе,w315364637
3,2,Парканы,67,4.7928,4.8036,28.15,True,OK,улица Фрунзе,w315360432
3,2,Парканы,68,5.2838,4.7532,15.77,True,OK,улица Фрунзе,n2453640061
3,2,Парканы,69,5.2192,4.8178,22.61,True,OK,улица Фрунзе,w315360430
3,2,Парканы,70,4.7509,4.7617,22.85,True,OK,улица Фрунзе,w315364632
3,2,Парканы,71,4.822,4.8328,29.84,True,OK,улица Фрунзе,w315360434
3,2,Парканы,72,4.7778,4.7885,23.05,True,OK,улица Фрунзе,w315360428
3,2,Парканы,73,4.8261,4.8476,27.37,True,OK,улица Фрунзе,w315360429
3,2,Парканы,74,5.2376,4.7994,20.73,True,OK,улица Фрунзе,w315360426
3,2,Парканы,75,5.1642,4.8728,27.93,True,OK,улица Фрунзе,w315271165
3,2,Парканы,76,4.8107,4.8215,24.72,True,OK,улица Фрунзе,w315360423
3,2,Парканы,77,4.8896,4.9004,28.42,True,OK,улица Фрунзе,w315271166
3,2,Парканы,78,4.8327,4.8435,23.98,True,OK,улица Фрунзе,w315357741
3,2,Парканы,79,4.9301,4.9409,23.28,True,OK,улица Фрунзе,w315271163
3,2,Парканы,79,4.9119,4.9227,24.47,True,OK,улица Фрунзе,w315271164
3,2,Парканы,80,5.1711,4.8659,24.13,True,OK,улица Фрунзе,w315271154
3,2,Парканы,81,5.0699,4.9671,25.34,True,OK,улица Фрунзе,w306087434
3,2,Парканы,82,5.1445,4.8925,23.23,True,OK,улица Фрунзе,w315270994
3,2,Парканы,84,5.1211,4.9159,21.87,True,OK,улица Фрунзе,w315270992
3,2,Парканы,86,5.0842,4.9528,21.59,True,OK,улица Фрунзе,w306087437
3,2,Парканы,87,5.0339,5.0447,29.24,True,OK,улица Фрунзе,w285196662
3,2,Парканы,89,5.3364,5.0793,29.61,True,OK,улица Фрунзе,w285196674
3,2,Парканы,89,5.0772,5.088,20.46,True,OK,улица Фрунзе,w285196675
3,2,Парканы,90,5.3269,5.0712,16.57,True,OK,улица Фрунзе,w285196672
3,2,Парканы,91,5.1002,5.1407,31.63,True,OK,улица Фрунзе,w287722485
3,2,Парканы,92,5.0798,5.0906,12.68,True,OK,улица Фрунзе,w306078488
3,2,Парканы,94,5.1145,5.1097,24.3,True,OK,улица Фрунзе,n2453641349
3,2,Парканы,94,5.2962,5.1019,20.2,True,OK,улица Фрунзе,w306078490
3,2,Парканы,95,5.1725,5.1946,26.6,True,OK,улица Фрунзе,w306084787
3,2,Парканы,95,5.7885,5.1786,26.54,True,OK,улица Фрунзе,w306084788
3,2,Парканы,96,5.835,5.1321,20.8,True,OK,улица Фрунзе,w306078492
3,2,Парканы,97,5.2022,5.213,22.14,True,OK,улица Фрунзе,w306084786
3,2,Парканы,98,5.1441,5.1549,20.55,True,OK,улица Фрунзе,w306082867
3,2,Парканы,99,5.7399,5.2271,21.45,True,OK,улица Фрунзе,w306084785
3,2,Парканы,100,5.7814,5.1857,18.22,True,OK,улица Фрунзе,w306082873
3,2,Парканы,101,5.2316,5.2424,15.87,True,OK,улица Фрунзе,w306084784
3,2,Парканы,102,5.2164,5.218,24.71,True,OK,улица Фрунзе,w306084781
3,2,Парканы,103,5.7083,5.2588,19.44,True,OK,улица Фрунзе,w306082337
3,2,Парканы,104,5.2419,5.2527,19.65,True,OK,улица Фрунзе,w285196651
3,2,Парканы,105,5.2627,5.2735,21.73,True,OK,улица Фрунзе,w284687489
3,2,Парканы,106,5.6935,5.2735,18.88,True,OK,улица Фрунзе,w285196652
3,2,Парканы,107,5.275,5.2858,19.28,True,OK,улица Фрунзе,w285196649
3,2,Парканы,108,5.6622,5.3049,16.4,True,OK,улица Фрунзе,w306082333
3,2,Парканы,109,5.2817,5.2925,14.96,True,OK,улица Фрунзе,n2453493584
3,2,Парканы,110,5.6185,5.3486,24.1,True,OK,улица Фрунзе,n2453641356
3,2,Парканы,111,5.3075,5.3183,16.17,True,OK,улица Фрунзе,n2453493588
3,2,Парканы,111а,5.2966,5.3074,16.27,True,OK,улица Фрунзе,n2453493590
3,2,Парканы,112,5.5992,5.3714,21.56,True,OK,улица Фрунзе,n2453641357
3,2,Парканы,112,5.3787,5.3894,22.45,True,OK,улица Фрунзе,n2453641358
3,2,Парканы,113,5.3233,5.3341,15.28,True,OK,улица Фрунзе,n2453493591
4,2,Парканы,114,5.3996,5.4104,20.8,True,OK,улица Фрунзе,n2453641359
4,2,Парканы,114,5.4187,5.4295,21.61,True,OK,улица Фрунзе,n2453641360
3,2,Парканы,115,5.6174,5.3496,16.26,True,OK,улица Фрунзе,n2453493592
3,2,Парканы,116,5.5146,5.4535,19.12,True,OK,улица Фрунзе,n2453641361
3,2,Парканы,117,5.3544,5.3652,16.47,True,OK,улица Фрунзе,n2453493593
3,2,Парканы,118,5.4928,5.4742,16.93,True,OK,улица Фрунзе,n2453641362
3,2,Парканы,119,5.3606,5.3714,19.32,True,OK,улица Фрунзе,w306082141
3,2,Парканы,120,5.4833,5.4838,15.61,True,OK,улица Фрунзе,n2453641363
3,2,Парканы,121,5.5787,5.3884,24.52,True,OK,улица Фрунзе,w306082139
3,2,Парканы,122,5.4496,5.4603,15.48,True,OK,улица Фрунзе,n2323152115
4,2,Парканы,123,5.3962,5.407,26.75,True,OK,улица Фрунзе,w306082138
4,2,Парканы,125,5.5363,5.4308,10.89,True,OK,улица Фрунзе,w306082136
3,2,Парканы,127,5.4296,5.4404,27.07,True,OK,улица Фрунзе,w306081940
3,2,Парканы,129,5.4423,5.4531,23.7,True,OK,улица Фрунзе,w306081939
3,2,Парканы,131,5.4969,5.4702,22.39,True,OK,улица Фрунзе,w306081804
3,2,Парканы,133,5.4805,5.4866,24.12,True,OK,улица Фрунзе,w306081802
3,2,Парканы,135,5.4938,5.4732,28.36,True,OK,улица Фрунзе,w306081800
3,2,Парканы,137,5.4438,5.4575,23.0,True,OK,улица Фрунзе,w306081799
3,2,Парканы,139,5.5125,5.4546,29.17,True,OK,улица Фрунзе,w306081803
3,2,Парканы,141,5.4327,5.4435,24.59,True,OK,улица Фрунзе,w306078229
3,2,Парканы,143,5.4059,5.4167,15.77,True,OK,улица Фрунзе,w306078227
3,2,Парканы,1,4.784,4.4751,25.41,True,OK,улица Чапаева,n2323674215
3,2,Парканы,2,4.7805,4.5191,7.15,True,OK,улица Чапаева,n2323674216
3,2,Парканы,3,4.5307,4.5415,22.07,True,OK,улица Чапаева,n2457631779
3,2,Парканы,4,4.531,4.5418,10.02,True,OK,улица Чапаева,n2457631783
3,2,Парканы,5,4.7353,4.5643,21.76,True,OK,улица Чапаева,n2457631780
3,2,Парканы,7,4.5797,4.5905,21.38,True,OK,улица Чапаева,n2457631781
3,2,Парканы,7,4.5891,4.5999,19.61,True,OK,улица Чапаева,w284662932
3,2,Парканы,8,4.7063,4.5933,14.87,True,OK,улица Чапаева,n2457631785
3,2,Парканы,9,4.6885,4.616,19.54,True,OK,улица Чапаева,n2323674217
3,2,Парканы,13,4.6667,4.6421,25.08,True,OK,улица Чапаева,n2459051284
3,2,Парканы,14,4.6736,4.626,14.28,True,OK,улица Чапаева,n2323674218
3,2,Парканы,14,4.6553,4.6661,6.4,True,OK,улица Чапаева,n2323674220
3,2,Парканы,15,5.8128,4.6918,18.11,True,OK,улица Чапаева,n2459051286
3,2,Парканы,15,5.7988,4.7059,22.82,True,OK,улица Чапаева,n5108197553
3,2,Парканы,16а,5.4581,5.0466,7.63,True,OK,улица Чапаева,n2459051355
3,2,Парканы,16а,,5.1843,15.25,True,OK,улица Чапаева,w285018071
3,2,Парканы,16б,5.0853,5.0961,8.06,True,OK,улица Чапаева,n2459051354
3,2,Парканы,16б,,5.23,18.07,True,OK,улица Чапаева,w285018069
3,2,Парканы,17,5.7993,4.7053,18.05,True,OK,улица Чапаева,n2459051289
3,2,Парканы,19,4.7081,4.7188,18.0,True,OK,улица Чапаева,n2459051292
3,2,Парканы,20а,4.7899,4.8007,4.82,True,OK,улица Чапаева,n2323674221
3,2,Парканы,20а,5.7513,4.7534,6.01,True,OK,улица Чапаева,n2459051281
3,2,Парканы,21,5.7752,4.7295,19.12,True,OK,улица Чапаева,n2459051295
3,2,Парканы,22,5.1744,5.1852,14.26,True,OK,улица Чапаева,n2459051358
3,2,Парканы,23,5.76,4.7446,20.81,True,OK,улица Чапаева,n2459051298
3,2,Парканы,24,5.1916,5.2024,13.62,True,OK,улица Чапаева,n2459051359
3,2,Парканы,25,4.7485,4.7593,20.99,True,OK,улица Чапаева,n2459051301
4,2,Парканы,26,5.4595,5.2183,13.53,True,OK,улица Чапаева,n2459051360
3,2,Парканы,27,4.7666,4.7793,21.74,True,OK,улица Чапаева,n2459051305
4,2,Парканы,28,5.2242,5.235,14.42,True,OK,улица Чапаева,n2459051361
3,2,Парканы,29,4.7843,4.7951,21.8,True,OK,улица Чапаева,n2459051310
4,2,Парканы,30,5.4262,5.2516,15.3,True,OK,улица Чапаева,n2459051362
3,2,Парканы,31,5.6891,4.8155,21.76,True,OK,улица Чапаева,n2459051313
4,2,Парканы,32,5.2589,5.2697,12.38,True,OK,улица Чапаева,n2459051363
3,2,Парканы,33,4.82,4.8308,20.3,True,OK,улица Чапаева,n2459051316
4,2,Парканы,34,5.2755,5.2863,13.27,True,OK,улица Чапаева,n2459051364
3,2,Парканы,35,5.658,4.8467,20.35,True,OK,улица Чапаева,n2459051319
4,2,Парканы,36,5.3748,5.303,14.15,True,OK,улица Чапаева,n2459051365
3,2,Парканы,37,5.6435,4.8612,19.86,True,OK,улица Чапаева,n2459051322
4,2,Парканы,38,5.3155,5.3228,15.67,True,OK,улица Чапаева,n2459051366
3,2,Парканы,39,5.6237,4.881,18.3,True,OK,улица Чапаева,n2459051324
3,2,Парканы,39а,5.6105,4.8942,17.26,True,OK,улица Чапаева,n2459051327
4,2,Парканы,40,6.1188,5.3414,15.58,True,OK,улица Чапаева,n2459081276
3,2,Парканы,41,4.9015,4.9123,20.16,True,OK,улица Чапаева,n2459051330
4,2,Парканы,42,6.0997,5.3605,15.73,True,OK,улица Чапаева,n2459081279
3,2,Парканы,43,5.5784,4.9262,18.14,True,OK,улица Чапаева,n2459051333
3,2,Парканы,43,5.5653,4.9393,22.86,True,OK,улица Чапаева,n5108197147
4,2,Парканы,44,6.079,5.3813,17.78,True,OK,улица Чапаева,n2459081282
3,2,Парканы,45,4.9358,4.9466,18.11,True,OK,улица Чапаева,n2459051336
4,2,Парканы,46,6.0617,5.3985,16.79,True,OK,улица Чапаева,n2459081284
3,2,Парканы,47,4.9566,4.9673,22.1,True,OK,улица Чапаева,n2459051339
4,2,Парканы,48,6.046,5.4142,17.14,True,OK,улица Чапаева,n2459081287
3,2,Парканы,49,5.52,4.9846,16.94,True,OK,улица Чапаева,n2459051342
4,2,Парканы,50,6.0314,5.4288,14.06,True,OK,улица Чапаева,n2459081290
3,2,Парканы,51,4.991,5.0018,17.55,True,OK,улица Чапаева,n2459051345
4,2,Парканы,52,6.0134,5.4468,14.02,True,OK,улица Чапаева,n2459081293
3,2,Парканы,53,5.0119,5.0233,15.5,True,OK,улица Чапаева,n2459051348
4,2,Парканы,54,5.9977,5.4625,14.37,True,OK,улица Чапаева,n2459081295
3,2,Парканы,55,5.4657,5.039,14.98,True,OK,улица Чапаева,n2459051350
4,2,Парканы,56,5.4674,5.4782,14.72,True,OK,улица Чапаева,n2459081298
3,2,Парканы,57,5.0467,5.0575,13.11,True,OK,улица Чапаева,n2459051351
3,2,Парканы,57а,5.4275,5.0771,14.27,True,OK,улица Чапаева,n2459051352
3,2,Парканы,61,5.3872,5.1174,16.41,True,OK,улица Чапаева,n2345390824
4,2,Парканы,62,5.9361,5.5241,15.57,True,OK,улица Чапаева,n2459147555
3,2,Парканы,63,5.1266,5.1374,17.53,True,OK,улица Чапаева,n2459081144
4,2,Парканы,64,5.5292,5.54,15.16,True,OK,улица Чапаева,n2459147556
3,2,Парканы,65,5.1441,5.1549,18.93,True,OK,улица Чапаева,n2459081139
4,2,Парканы,66,5.542,5.5528,14.18,True,OK,улица Чапаева,n2459147557
3,2,Парканы,67,5.1612,5.172,16.31,True,OK,улица Чапаева,n2459081133
4,2,Парканы,68,5.5555,5.5663,14.15,True,OK,улица Чапаева,n2459147559
3,2,Парканы,69,5.1716,5.1823,16.69,True,OK,улица Чапаева,n2459081125
4,2,Парканы,70,5.5704,5.5812,13.55,True,OK,улица Чапаева,n2459147560
3,2,Парканы,71,5.4827,5.1951,17.41,True,OK,улица Чапаева,n2459081129
4,2,Парканы,72,5.585,5.6274,15.9,True,OK,улица Чапаева,n2323674225
3,2,Парканы,73,5.4701,5.2077,14.87,True,OK,улица Чапаева,n2459081119
4,2,Парканы,74,5.6147,5.6255,8.06,True,OK,улица Чапаева,n2323674226
4,2,Парканы,75,5.2149,5.2257,14.54,True,OK,улица Чапаева,n2459081114
4,2,Парканы,76,5.994,5.6426,12.69,True,OK,улица Чапаева,n2459147561
4,2,Парканы,77,5.4405,5.2373,15.47,True,OK,улица Чапаева,n2459081109
4,2,Парканы,78,5.6531,5.6639,13.0,True,OK,улица Чапаева,n2459147562
4,2,Парканы,79,5.2397,5.2505,14.46,True,OK,улица Чапаева,n2459081103
4,2,Парканы,80,5.6698,5.6806,13.36,True,OK,улица Чапаева,n2459147563
4,2,Парканы,81,5.2532,5.264,14.21,True,OK,улица Чапаева,n2459081098
4,2,Парканы,82,5.6879,5.6987,13.14,True,OK,улица Чапаева,n2459147565
4,2,Парканы,83,5.4006,5.2772,13.19,True,OK,улица Чапаева,n2459081093
4,2,Парканы,84,5.7041,5.7149,11.8,True,OK,улица Чапаева,n2459147566
4,2,Парканы,85,5.3871,5.2907,12.94,True,OK,улица Чапаева,n2459081089
4,2,Парканы,86,5.7188,5.7295,11.81,True,OK,улица Чапаева,n2459147567
4,2,Парканы,87,5.3684,5.3094,11.63,True,OK,улица Чапаева,n2323674223
4,2,Парканы,88,5.8905,5.7461,12.93,True,OK,улица Чапаева,n2459147569
4,2,Парканы,89,5.3393,5.3385,4.0,True,OK,улица Чапаева,n2323674224
4,2,Парканы,90,5.7516,5.7623,14.82,True,OK,улица Чапаева,n2459147570
4,2,Парканы,91,5.3321,5.3381,16.26,True,OK,улица Чапаева,n2459081149
4,2,Парканы,92,5.8577,5.7789,15.94,True,OK,улица Чапаева,n2459147572
4,2,Парканы,93,6.1059,5.3543,8.81,True,OK,улица Чапаева,n2459081153
4,2,Парканы,"93а,б",6.0971,5.3631,14.54,True,OK,улица Чапаева,n2459081158
4,2,Парканы,95,6.0854,5.3748,12.47,True,OK,улица Чапаева,n2459081162
4,2,Парканы,96,5.8258,5.8108,14.79,True,OK,улица Чапаева,n2459147574
4,2,Парканы,97,6.0722,5.388,11.74,True,OK,улица Чапаева,n2459081167
4,2,Парканы,98,5.8091,5.8198,15.15,True,OK,улица Чапаева,n2459147575
4,2,Парканы,99,6.0623,5.3979,10.81,True,OK,улица Чапаева,n2459081173
4,2,Парканы,101,6.0485,5.4117,11.6,True,OK,улица Чапаева,n2459081177
4,2,Парканы,102,5.78,5.7908,15.93,True,OK,улица Чапаева,n2459147577
4,2,Парканы,103,6.0342,5.426,10.68,True,OK,улица Чапаева,n2459081182
4,2,Парканы,104,5.7604,5.7712,14.36,True,OK,улица Чапаева,n2459147579
4,2,Парканы,105,6.0209,5.4393,13.18,True,OK,улица Чапаева,n2459081187
4,2,Парканы,106,5.8811,5.7555,14.55,True,OK,улица Чапаева,n2459147580
4,2,Парканы,107,6.0071,5.4531,13.97,True,OK,улица Чапаева,n2459081196
4,2,Парканы,108,5.896,5.7406,13.8,True,OK,улица Чапаева,n2459147581
4,2,Парканы,109,5.9938,5.4664,13.24,True,OK,улица Чапаева,n2459081202
4,2,Парканы,110,5.9096,5.727,13.63,True,OK,улица Чапаева,n2459147582
4,2,Парканы,111,5.9803,5.4799,13.27,True,OK,улица Чапаева,n2459081206
4,2,Парканы,112,5.7005,5.7113,13.81,True,OK,улица Чапаева,n2459147584
4,2,Парканы,113,5.4824,5.4932,12.54,True,OK,улица Чапаева,n2459081209
4,2,Парканы,114,5.9412,5.6954,13.24,True,OK,улица Чапаева,n2459147585
4,2,Парканы,115,5.9561,5.5041,14.65,True,OK,улица Чапаева,n2459081212
4,2,Парканы,115а,5.5071,5.5179,12.21,True,OK,улица Чапаева,n2459081217
4,2,Парканы,116,5.6694,5.6801,12.21,True,OK,улица Чапаева,n2323674229
4,2,Парканы,117,5.5188,5.5296,13.38,True,OK,улица Чапаева,n2459081223
4,2,Парканы,119,5.5315,5.5423,14.36,True,OK,улица Чапаева,n2459081228
4,2,Парканы,121,5.5424,5.5532,13.24,True,OK,улица Чапаева,n2459081235
4,2,Парканы,123,5.8937,5.5665,12.5,True,OK,улица Чапаева,n2459081241
4,2,Парканы,125,5.8802,5.58,12.53,True,OK,улица Чапаева,n2459081248
4,2,Парканы,126,5.733,5.7438,9.59,True,OK,улица Чапаева,n2459147613
4,2,Парканы,127,5.8666,5.5936,12.56,True,OK,улица Чапаева,n2459081254
4,2,Парканы,129,5.8531,5.6071,12.59,True,OK,улица Чапаева,n2459081259
4,2,Парканы,130,5.7757,5.7865,9.66,True,OK,улица Чапаева,n2459147616
4,2,Парканы,131а,5.6107,5.6215,12.48,True,OK,улица Чапаева,n2459147587
4,2,Парканы,132,6.6946,5.8095,11.54,True,OK,улица Чапаева,n2459147617
4,2,Парканы,133,5.6227,5.6335,11.3,True,OK,улица Чапаева,n2459147588
4,2,Парканы,134,6.6622,5.8419,4.59,True,OK,улица Чапаева,n2345390240
4,2,Парканы,135,5.6349,5.6457,10.88,True,OK,улица Чапаева,n2459147589
4,2,Парканы,135а,5.9775,5.659,10.28,True,OK,улица Чапаева,n2459147591
4,2,Парканы,136,6.6445,5.8595,5.77,True,OK,улица Чапаева,n2459147635
4,2,Парканы,137,5.9629,5.6737,10.27,True,OK,улица Чапаева,n2459147592
4,2,Парканы,138,6.6251,5.8789,4.84,True,OK,улица Чапаева,n2459147637
4,2,Парканы,139,5.6754,5.6862,10.62,True,OK,улица Чапаева,n2459147593
4,2,Парканы,140,6.5993,5.9048,4.92,True,OK,улица Чапаева,n2459147638
4,2,Парканы,143,5.9345,5.7021,11.19,True,OK,улица Чапаева,n2459147595
4,2,Парканы,145,5.9215,5.7151,13.06,True,OK,улица Чапаева,n2459147596
4,2,Парканы,147,5.7187,5.7295,12.29,True,OK,улица Чапаева,n2459147597
4,2,Парканы,149,5.8932,5.7434,9.99,True,OK,улица Чапаева,n2459147598
4,2,Парканы,151,5.8796,5.7569,10.16,True,OK,улица Чапаева,n2459147599
4,2,Парканы,153,5.8666,5.77,8.8,True,OK,улица Чапаева,n2459147600
4,2,Парканы,155,5.8538,5.7828,9.91,True,OK,улица Чапаева,n2459147601
4,2,Парканы,159,5.8296,5.807,8.31,True,OK,улица Чапаева,n2459147603
4,2,Парканы,161,5.8149,5.8216,8.3,True,OK,улица Чапаева,n2459147604
4,2,Парканы,163,5.8257,5.8109,9.06,True,OK,улица Чапаева,n2459147605
4,2,Парканы,165,5.7865,5.7973,9.22,True,OK,улица Чапаева,n2459147606
4,2,Парканы,167,5.8552,5.7813,9.8,True,OK,улица Чапаева,n2459147607
4,2,Парканы,169,5.7557,5.7665,10.55,True,OK,улица Чапаева,n2459147608
4,2,Парканы,171,5.8831,5.7535,12.42,True,OK,улица Чапаева,n2459147609
4,2,Парканы,173,5.8983,5.7383,10.71,True,OK,улица Чапаева,n2459147610
4,2,Парканы,175,5.9119,5.7247,10.88,True,OK,улица Чапаева,n2345390239
4,2,Парканы,177,5.6982,5.709,10.69,True,OK,улица Чапаева,n2459147611
4,2,Парканы,179,5.9435,5.693,11.27,True,OK,улица Чапаева,n2459147612
4,2,Парканы,181,5.6681,5.6567,12.04,True,OK,улица Чапаева,n2323674227
4,2,Парканы,185,5.667,5.6569,11.58,True,OK,улица Чапаева,n2323674230
4,2,Парканы,187,5.6803,5.6911,9.52,True,OK,улица Чапаева,n2459147618
4,2,Парканы,189,5.6974,5.7081,10.13,True,OK,улица Чапаева,n2459147619
4,2,Парканы,191,6.7852,5.7188,4.53,True,OK,улица Чапаева,n2459147620
4,2,Парканы,193,6.7677,5.7364,10.64,True,OK,улица Чапаева,n2459147621
4,2,Парканы,195,6.753,5.7511,10.82,True,OK,улица Чапаева,n2459147622
4,2,Парканы,197,5.7575,5.7683,12.2,True,OK,улица Чапаева,n2459147623
4,2,Парканы,199,6.7185,5.7856,13.57,True,OK,улица Чапаева,n2459147624
4,2,Парканы,201,5.8015,5.8123,12.73,True,OK,улица Чапаева,n2459147625
4,2,Парканы,203,6.6678,5.8363,9.88,True,OK,улица Чапаева,n2459147639
4,2,Парканы,205,6.6568,5.8473,8.95,True,OK,улица Чапаева,n2345390241
4,2,Парканы,207,5.8468,5.8576,9.72,True,OK,улица Чапаева,n2459147640
4,2,Парканы,209,5.8578,5.8686,8.79,True,OK,улица Чапаева,n2459147641
4,2,Парканы,211,5.8687,5.8795,7.86,True,OK,улица Чапаева,n2459147642
4,2,Парканы,213,5.8778,5.8886,8.03,True,OK,улица Чапаева,n2459147644
4,2,Парканы,215,6.6041,5.9,8.62,True,OK,улица Чапаева,n2459147645
4,2,Парканы,217,5.9006,5.9114,9.22,True,OK,улица Чапаева,n2459265202
4,2,Парканы,219,5.9116,5.9224,8.29,True,OK,улица Чапаева,n2459265203
4,2,Парканы,221,6.5716,5.9325,8.29,True,OK,улица Чапаева,n2459265204
4,2,Парканы,223,6.5614,5.9426,8.29,True,OK,улица Чапаева,n2459265205
4,2,Парканы,225,6.5502,5.9538,8.12,True,OK,улица Чапаева,n2459265206
4,2,Парканы,227,5.9521,5.9629,8.3,True,OK,улица Чапаева,n2459265207
4,2,Парканы,227,6.3983,6.1058,26.52,True,OK,улица Чапаева,n4418842155
4,2,Парканы,229,6.5265,5.9775,8.38,True,OK,улица Чапаева,n2459265208
4,2,Парканы,231,5.9822,5.993,7.54,True,OK,улица Чапаева,n2345390242
4,2,Парканы,233,6.4839,6.0202,8.05,True,OK,улица Чапаева,n2459265209
4,2,Парканы,235,6.023,6.0337,8.31,True,OK,улица Чапаева,n2459265210
4,2,Парканы,237,6.4567,6.0473,8.56,True,OK,улица Чапаева,n2459265211
4,2,Парканы,239,6.0486,6.0594,7.47,True,OK,улица Чапаева,n2459265212
4,2,Парканы,241,6.2478,6.2564,24.45,True,OK,улица Чапаева,n2323674232
4,2,Парканы,241,6.0706,6.0814,9.59,True,OK,улица Чапаева,n2459265213
2,2,Парканы,1а,4.0109,4.0217,9.72,True,OK,улица Чехова,n2459760162
2,2,Парканы,2,4.03,4.0408,18.74,True,OK,улица Чехова,n2323407157
2,2,Парканы,3,4.0238,4.0346,8.91,True,OK,улица Чехова,n2459760159
2,2,Парканы,3,4.0235,4.0343,22.52,True,OK,улица Чехова,w315803558
2,2,Парканы,5,4.4014,4.0241,12.71,True,OK,улица Чехова,n2459760160
3,2,Парканы,7,4.0303,4.0411,8.49,True,OK,улица Чехова,n2459760165
3,2,Парканы,8,4.2793,4.1452,23.96,True,OK,улица Чехова,n2323407160
3,2,Парканы,9,4.0476,4.0584,9.15,True,OK,улица Чехова,n2459760167
3,2,Парканы,10,4.2665,4.2773,24.94,True,OK,улица Чехова,n2323407164
3,2,Парканы,11,4.346,4.0786,7.42,True,OK,улица Чехова,n2459760168
3,2,Парканы,13,4.0891,4.0999,7.3,True,OK,улица Чехова,n2459760169
3,2,Парканы,15,4.1102,4.121,8.58,True,OK,улица Чехова,n2323407289
3,2,Парканы,17,4.2402,4.1844,9.02,True,OK,улица Чехова,n2323407292
3,2,Парканы,19,4.7514,4.2055,9.38,True,OK,улица Чехова,n2459760170
3,2,Парканы,21,4.7322,4.2247,10.04,True,OK,улица Чехова,n2459760171
3,2,Парканы,23,4.2293,4.2401,10.01,True,OK,улица Чехова,n2459760172
3,2,Парканы,27,4.2698,4.2806,9.57,True,OK,улица Чехова,n2459760174
3,2,Парканы,29,4.6556,4.3013,8.95,True,OK,улица Чехова,n2459760175
3,2,Парканы,29,4.3157,4.3265,26.94,True,OK,улица Чехова,n4478932672
3,2,Парканы,31,4.3108,4.3216,11.02,True,OK,улица Чехова,n2459760176
3,2,Парканы,33,4.3358,4.3466,11.74,True,OK,улица Чехова,n2323407293
3,2,Парканы,35,5.0658,4.6417,7.3,True,OK,улица Чехова,n2323407299
3,2,Парканы,37,4.6892,4.7,6.35,True,OK,улица Чехова,n2459760177
3,2,Парканы,39,4.7569,4.7677,6.64,True,OK,улица Чехова,n2323407300
3,2,Парканы,51,4.5357,4.4212,16.82,True,OK,улица Чехова,n2457786484
3,2,Парканы,53,4.4316,4.4424,16.63,True,OK,улица Чехова,n2457786485
3,2,Парканы,53,4.444,4.4548,24.81,True,OK,улица Чехова,n5653833915
3,2,Парканы,55,4.4518,4.4626,16.74,True,OK,улица Чехова,n2457786486
3,2,Парканы,57,4.4719,4.4827,16.82,True,OK,улица Чехова,n2457786487
3,2,Парканы,57,4.4834,4.4736,27.32,True,OK,улица Чехова,n5653833603
3,2,Парканы,59,4.5047,4.4523,16.42,True,OK,улица Чехова,n2457786488
3,2,Парканы,59,4.4351,4.4403,17.95,True,OK,улица Чехова,w304873388
3,2,Парканы,60,4.4434,4.4542,3.63,True,OK,улица Чехова,n2457739763
3,2,Парканы,61,4.3925,4.3745,21.5,True,OK,улица Чехова,n2323407172
3,2,Парканы,61,4.3517,4.3714,17.28,True,OK,улица Чехова,w304249116
3,2,Парканы,62,4.4677,4.4785,4.33,True,OK,улица Чехова,n2457739762
3,2,Парканы,62,4.484,4.4729,27.76,True,OK,улица Чехова,n5653833906
3,2,Парканы,63,4.4233,4.4341,13.38,True,OK,улица Чехова,n2323407294
3,2,Парканы,63,5.0782,4.4438,30.82,True,OK,улица Чехова,n5653835181
3,2,Парканы,64,4.4949,4.462,4.31,True,OK,улица Чехова,n2457739761
3,2,Парканы,65,4.4779,4.4887,9.77,True,OK,улица Чехова,n2457822033
3,2,Парканы,66,4.5152,4.4417,3.47,True,OK,улица Чехова,n2457739760
3,2,Парканы,68,4.5291,4.4278,4.79,True,OK,улица Чехова,n2457739759
3,2,Парканы,68,4.5356,4.432,26.59,True,OK,улица Чехова,n5653833907
3,2,Парканы,70,4.3959,4.4067,8.01,True,OK,улица Чехова,n2323407177
3,2,Парканы,72,5.1171,4.4049,9.76,True,OK,улица Чехова,n2323407295
3,2,Парканы,73,4.5057,4.5165,14.45,True,OK,улица Чехова,w284829120
3,2,Парканы,74,5.0844,4.4377,9.77,True,OK,улица Чехова,n2457838413
3,2,Парканы,75,4.6829,4.6937,15.78,True,OK,улица Чехова,n2323407189
3,2,Парканы,76,4.4449,4.4557,10.83,True,OK,улица Чехова,n2457838415
3,2,Парканы,78,4.4721,4.4828,11.1,True,OK,улица Чехова,n2457838418
3,2,Парканы,95,4.8989,4.9097,13.71,True,OK,улица Чехова,n2458660233
3,2,Парканы,97,4.8927,4.9035,13.95,True,OK,улица Чехова,n2323407230
3,2,Парканы,1,5.861,4.3791,12.9,True,OK,улица Чкалова,n2323152080
3,2,Парканы,2,5.8616,4.3785,16.52,True,OK,улица Чкалова,n2323152081
3,2,Парканы,3,4.3789,4.3897,11.15,True,OK,улица Чкалова,n2452549454
3,2,Парканы,4,5.8424,4.3977,16.99,True,OK,улица Чкалова,n2451248421
3,2,Парканы,5,4.3909,4.4017,12.44,True,OK,улица Чкалова,n2452549455
3,2,Парканы,6,5.8229,4.4172,16.7,True,OK,улица Чкалова,n2451248422
3,2,Парканы,7,5.8261,4.414,11.95,True,OK,улица Чкалова,n2452549456
3,2,Парканы,10,5.7945,4.4456,16.9,True,OK,улица Чкалова,n2451248424
3,2,Парканы,12,5.7767,4.4634,17.88,True,OK,улица Чкалова,n2451248425
3,2,Парканы,14,5.7613,4.4788,16.58,True,OK,улица Чкалова,n2451248426
3,2,Парканы,15,5.7696,4.4705,13.33,True,OK,улица Чкалова,n2452549460
3,2,Парканы,16,5.7493,4.4908,17.83,True,OK,улица Чкалова,n2451248427
3,2,Парканы,17,4.4737,4.4845,14.12,True,OK,улица Чкалова,n2452549461
3,2,Парканы,18,4.4944,4.5051,18.82,True,OK,улица Чкалова,n2451248428
3,2,Парканы,19,5.7422,4.4978,13.38,True,OK,улица Чкалова,n2452549462
3,2,Парканы,20,4.5098,4.5205,17.52,True,OK,улица Чкалова,n2451248429
3,2,Парканы,21,5.7296,4.5105,13.66,True,OK,улица Чкалова,n2452549463
3,2,Парканы,21,5.7142,4.5259,12.42,True,OK,улица Чкалова,n2452549464
3,2,Парканы,22,4.5231,4.5339,18.26,True,OK,улица Чкалова,n2451248430
3,2,Парканы,23,4.5309,4.5417,11.95,True,OK,улица Чкалова,n2452549465
3,2,Парканы,24,4.5359,4.5467,19.01,True,OK,улица Чкалова,n2451248431
3,2,Парканы,25,5.6844,4.5557,11.15,True,OK,улица Чкалова,n2452549466
3,2,Парканы,27,5.6693,4.5708,10.98,True,OK,улица Чкалова,n2452549467
3,2,Парканы,29,5.6547,4.5854,11.92,True,OK,улица Чкалова,n2452549468
3,2,Парканы,30,5.6512,4.5889,20.99,True,OK,улица Чкалова,n2451248434
3,2,Парканы,31,4.5878,4.5986,12.48,True,OK,улица Чкалова,n2452549469
3,2,Парканы,33,4.602,4.6127,12.67,True,OK,улица Чкалова,n2452549470
3,2,Парканы,35,5.6113,4.6288,12.13,True,OK,улица Чкалова,n2452549471
3,2,Парканы,36,4.6191,4.6299,18.95,True,OK,улица Чкалова,n2451248437
3,2,Парканы,37,4.6317,4.6425,11.57,True,OK,улица Чкалова,n2452549472
3,2,Парканы,38,5.5974,4.6427,19.15,True,OK,улица Чкалова,n2451248438
3,2,Парканы,39,4.6464,4.6572,10.64,True,OK,улица Чкалова,n2452549475
3,2,Парканы,40,4.6456,4.6564,19.72,True,OK,улица Чкалова,n2451248439
3,2,Парканы,41,5.5674,4.6727,11.22,True,OK,улица Чкалова,n2452549479
3,2,Парканы,42,5.5714,4.6686,18.8,True,OK,улица Чкалова,n2451248440
3,2,Парканы,43,4.6691,4.6846,11.53,True,OK,улица Чкалова,n2452549483
3,2,Парканы,44,4.675,4.6858,19.35,True,OK,улица Чкалова,n2451248441
3,2,Парканы,45,4.6859,4.6967,10.6,True,OK,улица Чкалова,n2452549485
3,2,Парканы,46,5.5399,4.7002,17.45,True,OK,улица Чкалова,n2451248442
3,2,Парканы,47,5.5293,4.7108,11.73,True,OK,улица Чкалова,n2452549490
3,2,Парканы,48,4.7021,4.7129,16.86,True,OK,улица Чкалова,n2451248443
3,2,Парканы,49,4.7127,4.7235,12.33,True,OK,улица Чкалова,n2452549493
3,2,Парканы,50,4.7141,4.7249,15.28,True,OK,улица Чкалова,n2451248444
3,2,Парканы,51,5.5019,4.7382,14.98,True,OK,улица Чкалова,n2452549496
3,2,Парканы,52,5.5007,4.7394,15.89,True,OK,улица Чкалова,n2451248445
3,2,Парканы,53,5.4885,4.7516,14.59,True,OK,улица Чкалова,n2452549499
3,2,Парканы,54,5.4828,4.7573,16.41,True,OK,улица Чкалова,n2451248446
3,2,Парканы,55,5.474,4.7661,13.98,True,OK,улица Чкалова,n2452549512
3,2,Парканы,56,5.4621,4.778,15.85,True,OK,улица Чкалова,n2451248447
3,2,Парканы,57,4.7701,4.7809,14.13,True,OK,улица Чкалова,n2452549516
3,2,Парканы,58,5.4411,4.799,17.04,True,OK,улица Чкалова,n2451248448
3,2,Парканы,59,5.4454,4.7947,14.5,True,OK,улица Чкалова,n2452549519
3,2,Парканы,60,5.4128,4.8222,18.68,True,OK,улица Чкалова,n2451248449
3,2,Парканы,61,5.4306,4.8095,14.65,True,OK,улица Чкалова,n2452549522
3,2,Парканы,62,5.3941,4.846,15.22,True,OK,улица Чкалова,n2452525852
3,2,Парканы,63,4.8164,4.8272,16.23,True,OK,улица Чкалова,n2452549525
3,2,Парканы,64,4.8578,4.8685,15.08,True,OK,улица Чкалова,n2452525861
3,2,Парканы,65,4.8334,4.8442,16.53,True,OK,улица Чкалова,n2452549527
3,2,Парканы,66,4.8796,4.8904,17.22,True,OK,улица Чкалова,n2452525867
3,2,Парканы,67,4.8523,4.8631,18.93,True,OK,улица Чкалова,n2452549528
3,2,Парканы,68,4.9003,4.9111,19.18,True,OK,улица Чкалова,n2452525872
3,2,Парканы,69,4.8709,4.8817,20.57,True,OK,улица Чкалова,n2452549529
3,2,Парканы,70,5.3035,4.9366,17.11,True,OK,улица Чкалова,n2452525877
3,2,Парканы,71,5.3406,4.8995,19.92,True,OK,улица Чкалова,n2452549531
3,2,Парканы,72,4.9426,4.9533,17.58,True,OK,улица Чкалова,n2452525883
3,2,Парканы,73,4.9041,4.9149,18.88,True,OK,улица Чкалова,n2452549532
3,2,Парканы,74,5.2623,4.9733,18.59,True,OK,улица Чкалова,n2452525888
3,2,Парканы,75,5.3061,4.934,18.81,True,OK,улица Чкалова,n2452549533
3,2,Парканы,76,4.9909,5.0017,12.44,True,OK,улица Чкалова,n2452525893
3,2,Парканы,77,5.2888,4.9513,19.87,True,OK,улица Чкалова,n2452549536
3,2,Парканы,78,5.2182,5.0218,11.06,True,OK,улица Чкалова,n2452525899
3,2,Парканы,79,5.2712,4.9688,18.46,True,OK,улица Чкалова,n2452549539
3,2,Парканы,80,5.0367,5.0475,10.71,True,OK,улица Чкалова,n2452525904
3,2,Парканы,81,5.2567,4.9834,17.44,True,OK,улица Чкалова,n2452549542
3,2,Парканы,82,5.0589,5.0696,11.72,True,OK,улица Чкалова,n2452525910
3,2,Парканы,83,4.9873,4.998,19.07,True,OK,улица Чкалова,n2452549546
3,2,Парканы,84,5.0812,5.092,10.45,True,OK,улица Чкалова,n2452525915
3,2,Парканы,85,5.0028,5.0136,18.36,True,OK,улица Чкалова,n2452549549
3,2,Парканы,86,5.1078,5.1186,11.66,True,OK,улица Чкалова,n2452525920
3,2,Парканы,87,5.2119,5.0282,19.98,True,OK,улица Чкалова,n2452549552
3,2,Парканы,88,5.0983,5.0823,16.28,True,OK,улица Чкалова,n2452536232
3,2,Парканы,89,5.0306,5.0414,18.62,True,OK,улица Чкалова,n2452549555
3,2,Парканы,90,5.2755,5.1226,13.4,True,OK,улица Чкалова,n2452536231
3,2,Парканы,91,5.0451,5.0559,18.72,True,OK,улица Чкалова,n2452549559
3,2,Парканы,92,5.1524,5.1631,9.52,True,OK,улица Чкалова,n2323152083
3,2,Парканы,95,5.0751,5.0859,18.12,True,OK,улица Чкалова,n2452549565
3,2,Парканы,97,5.143,5.0971,19.13,True,OK,улица Чкалова,n2452549568
3,2,Парканы,99,5.0997,5.1105,19.29,True,OK,улица Чкалова,n2452549572
3,2,Парканы,101,5.1142,5.125,19.39,True,OK,улица Чкалова,n2452549575
3,2,Парканы,103,5.0962,5.107,19.29,True,OK,улица Чкалова,n2452549578
3,2,Парканы,105,5.2995,5.0986,19.33,True,OK,улица Чкалова,n2452549530
3,2,Парканы,107,5.2729,5.1252,18.62,True,OK,улица Чкалова,n2452552086
3,2,Парканы,109,5.1369,5.1477,20.45,True,OK,улица Чкалова,n2452552090
3,2,Парканы,111,5.1636,5.1744,19.74,True,OK,улица Чкалова,n2452552094
3,2,Парканы,113,5.2059,5.1922,20.28,True,OK,улица Чкалова,n2452552097
3,2,Парканы,115,5.1859,5.1917,25.08,True,OK,улица Чкалова,n2452552100
3,2,Парканы,117,5.1802,5.191,7.34,True,OK,улица Чкалова,n2323152082
2,2,Парканы,1а,3.4983,3.2906,18.12,True,OK,улица Шевченко,n2323407278
3,2,Парканы,2,4.9318,4.3664,6.98,True,OK,улица Шевченко,n2323674201
2,2,Парканы,6,3.3379,3.3487,24.5,True,OK,улица Шевченко,n2323352001
2,2,Парканы,7,4.9729,3.4964,10.18,True,OK,улица Шевченко,n2883806386
3,2,Парканы,8,4.0734,4.0842,18.08,True,OK,улица Шевченко,n2457622757
2,2,Парканы,9,4.9522,3.5171,9.73,True,OK,улица Шевченко,n2457615994
2,2,Парканы,10,4.4399,3.4129,25.54,True,OK,улица Шевченко,n2459417136
2,2,Парканы,11,4.9369,3.5324,8.86,True,OK,улица Шевченко,n2457615995
2,2,Парканы,12,4.4189,3.4339,25.18,True,OK,улица Шевченко,n2459417142
2,2,Парканы,13,4.9239,3.5454,8.29,True,OK,улица Шевченко,n2457615996
2,2,Парканы,14,3.4423,3.4531,26.71,True,OK,улица Шевченко,n2459417147
2,2,Парканы,15,3.5529,3.5637,9.75,True,OK,улица Шевченко,n2457615997
2,2,Парканы,19,4.892,3.5773,7.32,True,OK,улица Шевченко,n2457615998
2,2,Парканы,21,4.8781,3.5912,9.32,True,OK,улица Шевченко,n2457615999
2,2,Парканы,23,3.5949,3.6057,9.03,True,OK,улица Шевченко,n2457616000
2,2,Парканы,25,4.8483,3.621,8.67,True,OK,улица Шевченко,n2457616001
2,2,Парканы,27,3.6323,3.6431,7.64,True,OK,улица Шевченко,n2457616002
2,2,Парканы,29,4.8094,3.6599,8.24,True,OK,улица Шевченко,n2457616003
2,2,Парканы,31,4.7918,3.6775,7.66,True,OK,улица Шевченко,n2457616004
2,2,Парканы,33,4.7726,3.6967,7.96,True,OK,улица Шевченко,n2457616005
2,2,Парканы,35,3.7066,3.7174,7.59,True,OK,улица Шевченко,n2457616006
2,2,Парканы,37,4.7182,3.7511,7.82,True,OK,улица Шевченко,n2457616007
2,2,Парканы,39,4.6974,3.7719,9.67,True,OK,улица Шевченко,n2457616008
2,2,Парканы,41,4.6751,3.7942,9.78,True,OK,улица Шевченко,n2457616009
2,2,Парканы,43,3.8056,3.8164,10.64,True,OK,улица Шевченко,n2457616010
2,2,Парканы,45,4.6373,3.832,9.87,True,OK,улица Шевченко,n2457616011
2,2,Парканы,47,3.8504,3.8612,10.0,True,OK,улица Шевченко,n2457622745
2,2,Парканы,49,4.5861,3.8832,9.79,True,OK,улица Шевченко,n2457622746
2,2,Парканы,51,4.5589,3.9104,10.39,True,OK,улица Шевченко,n2457622747
2,2,Парканы,59,3.9172,3.928,10.55,True,OK,улица Шевченко,n2457622751
2,2,Парканы,63,4.5165,3.9528,10.74,True,OK,улица Шевченко,n2457622753
2,2,Парканы,65,4.4903,3.979,9.38,True,OK,улица Шевченко,n2457622754
2,2,Парканы,65,4.4646,4.0047,10.4,True,OK,улица Шевченко,n2457622755
2,2,Парканы,67,4.4339,4.0354,12.13,True,OK,улица Шевченко,n2457622756
3,2,Парканы,69,4.4261,4.0432,25.41,True,OK,улица Шевченко,w285017217
3,2,Парканы,71,4.4053,4.064,10.86,True,OK,улица Шевченко,n2457622758
3,2,Парканы,75,4.0695,4.0803,12.41,True,OK,улица Шевченко,n2457622760
3,2,Парканы,77,4.3632,4.1061,13.19,True,OK,улица Шевченко,n2457622761
3,2,Парканы,79,4.1149,4.1256,14.24,True,OK,улица Шевченко,n2457622762
3,2,Парканы,81,4.1417,4.1525,13.35,True,OK,улица Шевченко,n2457622928
3,2,Парканы,1,4.1111,4.1219,12.42,True,OK,улица Энгельса,n2323352015
3,2,Парканы,2,4.1068,4.1176,11.25,True,OK,улица Энгельса,n2323352016
3,2,Парканы,3,4.1879,4.1987,7.96,True,OK,улица Энгельса,n2458498650
3,2,Парканы,4,4.1233,4.1341,8.11,True,OK,улица Энгельса,n2458498651
3,2,Парканы,5,4.2335,4.2477,11.13,True,OK,улица Энгельса,n2458498649
3,2,Парканы,6,4.1396,4.1504,6.89,True,OK,улица Энгельса,n2458498652
3,2,Парканы,7,5.4125,4.2949,12.03,True,OK,улица Энгельса,n2458498648
3,2,Парканы,8,5.5435,4.1639,6.32,True,OK,улица Энгельса,n2458498653
3,2,Парканы,9,5.3827,4.3248,11.1,True,OK,улица Энгельса,n2458498638
3,2,Парканы,10,4.167,4.1778,6.91,True,OK,улица Энгельса,n2458498647
3,2,Парканы,11,5.3037,4.4038,8.49,True,OK,улица Энгельса,n2458498637
3,2,Парканы,12,5.5004,4.207,7.79,True,OK,улица Энгельса,n2458498646
3,2,Парканы,13,4.4251,4.4359,9.47,True,OK,улица Энгельса,n2458498636
3,2,Парканы,14,4.2417,4.2525,6.34,True,OK,улица Энгельса,n2458498645
3,2,Парканы,15,5.2385,4.469,10.1,True,OK,улица Энгельса,n2458498635
3,2,Парканы,16,4.3169,4.3277,7.53,True,OK,улица Энгельса,n2458498644
3,2,Парканы,17,4.4843,4.4951,8.72,True,OK,улица Энгельса,n2458498634
3,2,Парканы,18,5.3665,4.3409,6.91,True,OK,улица Энгельса,n2458498643
3,2,Парканы,19,4.5121,4.5229,10.37,True,OK,улица Энгельса,n2458498629
3,2,Парканы,20,4.3415,4.3523,9.3,True,OK,улица Энгельса,n2458498642
3,2,Парканы,21,5.1727,4.5347,10.6,True,OK,улица Энгельса,n2458498628
3,2,Парканы,22,4.368,4.3788,8.05,True,OK,улица Энгельса,n2458498641
3,2,Парканы,23,4.5391,4.5498,10.51,True,OK,улица Энгельса,n2458498620
3,2,Парканы,24,4.3822,4.393,9.65,True,OK,улица Энгельса,n2458498640
3,2,Парканы,25,4.5551,4.5659,10.07,True,OK,улица Энгельса,n2458493031
3,2,Парканы,26,5.3012,4.4062,9.03,True,OK,улица Энгельса,n2458498639
3,2,Парканы,27,5.1287,4.5787,9.94,True,OK,улица Энгельса,n2458493030
3,2,Парканы,28,4.4234,4.4342,11.11,True,OK,улица Энгельса,n2458498633
3,2,Парканы,29,5.1174,4.5901,9.41,True,OK,улица Энгельса,n2458493029
3,2,Парканы,30,5.2614,4.4461,12.76,True,OK,улица Энгельса,n2458498632
3,2,Парканы,31,4.5944,4.6052,9.32,True,OK,улица Энгельса,n2458493028
3,2,Парканы,32,4.4499,4.4607,11.73,True,OK,улица Энгельса,n2458498631
3,2,Парканы,33,4.6081,4.6189,10.7,True,OK,улица Энгельса,n2458493027
3,2,Парканы,34,5.225,4.4825,12.44,True,OK,улица Энгельса,n2458498630
3,2,Парканы,35,4.6204,4.6312,9.81,True,OK,улица Энгельса,n2458493026
3,2,Парканы,36,5.2099,4.4975,10.66,True,OK,улица Энгельса,n2458498627
3,2,Парканы,37,4.6419,4.6582,11.06,True,OK,улица Энгельса,n2458493025
3,2,Парканы,38,4.4956,4.5064,52.71,True,OK,улица Энгельса,n2458498626
3,2,Парканы,39,4.6647,4.6755,10.33,True,OK,улица Энгельса,n2458493024
3,2,Парканы,40,4.5256,4.5363,12.16,True,OK,улица Энгельса,n2458498625
3,2,Парканы,41,5.0184,4.6891,11.21,True,OK,улица Энгельса,n2458493023
3,2,Парканы,42,4.5477,4.5585,8.38,True,OK,улица Энгельса,n2458498624
3,2,Парканы,43,5.0034,4.704,10.53,True,OK,улица Энгельса,n2458493016
3,2,Парканы,44,4.5704,4.5812,9.44,True,OK,улица Энгельса,n2458498623
3,2,Парканы,45,4.7087,4.7195,10.6,True,OK,улица Энгельса,n2458493015
3,2,Парканы,46,5.1021,4.6053,10.11,True,OK,улица Энгельса,n2458498621
3,2,Парканы,46а,4.5841,4.5949,9.93,True,OK,улица Энгельса,n2458498622
3,2,Парканы,46а,4.4792,4.49,27.24,True,OK,улица Энгельса,n4393903884
3,2,Парканы,47,4.9712,4.7363,11.03,True,OK,улица Энгельса,n2458493014
3,2,Парканы,48,4.6191,4.6299,10.01,True,OK,улица Энгельса,n2458493022
3,2,Парканы,49,4.7382,4.749,12.29,True,OK,улица Энгельса,n2458493012
3,2,Парканы,50,5.0536,4.6539,10.16,True,OK,улица Энгельса,n2458493021
3,2,Парканы,51,4.7644,4.7751,12.53,True,OK,улица Энгельса,n2458493013
3,2,Парканы,52,5.0405,4.667,10.04,True,OK,улица Энгельса,n2458493020
3,2,Парканы,53,4.8018,4.8126,13.69,True,OK,улица Энгельса,n2458493006
3,2,Парканы,54,5.0283,4.6791,9.52,True,OK,улица Энгельса,n2458493019
3,2,Парканы,55,4.8154,4.8262,14.56,True,OK,улица Энгельса,n2458493005
3,2,Парканы,56,5.0195,4.688,10.46,True,OK,улица Энгельса,n2458493018
3,2,Парканы,57,4.8556,4.8518,14.05,True,OK,улица Энгельса,n2458493004
3,2,Парканы,58,4.6922,4.703,9.23,True,OK,улица Энгельса,n2458493017
3,2,Парканы,59,4.8425,4.8533,14.17,True,OK,улица Энгельса,n2458492995
3,2,Парканы,60,4.9816,4.7259,8.55,True,OK,улица Энгельса,n2458493011
3,2,Парканы,61,4.8299,4.8407,13.54,True,OK,улица Энгельса,n2458492994
3,2,Парканы,62,4.953,4.7544,8.36,True,OK,улица Энгельса,n2458493010
3,2,Парканы,63,4.8163,4.8271,14.41,True,OK,улица Энгельса,n2458492993
3,2,Парканы,64,4.7675,4.7783,8.07,True,OK,улица Энгельса,n2458493009
3,2,Парканы,65,4.8023,4.8131,14.13,True,OK,улица Энгельса,n2458492992
3,2,Парканы,65,4.8483,4.8591,23.41,True,OK,улица Энгельса,n4393903883
3,2,Парканы,66,4.7801,4.7909,8.7,True,OK,улица Энгельса,n2458493008
3,2,Парканы,67,4.9159,4.7915,16.36,True,OK,улица Энгельса,n2458492991
3,2,Парканы,68,4.9007,4.8068,7.88,True,OK,улица Энгельса,n2458493007
3,2,Парканы,69,4.9285,4.7789,15.73,True,OK,улица Энгельса,n2458492990
3,2,Парканы,70,4.8208,4.8316,7.99,True,OK,улица Энгельса,n2458493003
3,2,Парканы,71,4.9444,4.763,16.55,True,OK,улица Энгельса,n2458492989
3,2,Парканы,71а,4.9556,4.7518,15.57,True,OK,улица Энгельса,n2458492988
3,2,Парканы,72,4.8319,4.8427,8.97,True,OK,улица Энгельса,n2458493002
3,2,Парканы,73,4.7284,4.7392,14.94,True,OK,улица Энгельса,n2458492987
3,2,Парканы,74,4.8216,4.8324,6.41,True,OK,улица Энгельса,n2458493000
3,2,Парканы,74а,4.846,4.8568,7.45,True,OK,улица Энгельса,n2458493001
3,2,Парканы,76,4.8872,4.8203,5.89,True,OK,улица Энгельса,n2458492999
3,2,Парканы,78,4.9003,4.8072,5.77,True,OK,улица Энгельса,n2458492998
3,2,Парканы,80,4.7805,4.7913,6.85,True,OK,улица Энгельса,n2458492997
3,2,Парканы,82,4.9278,4.7796,7.08,True,OK,улица Энгельса,n2458492996
3,2,Парканы,84,4.7548,4.7656,5.46,True,OK,улица Энгельса,n2458492986
3,2,Парканы,86,4.7393,4.7501,5.39,True,OK,улица Энгельса,n2458492985
3,2,Парканы,88,4.9815,4.7259,8.15,True,OK,улица Энгельса,n2323407192
3,2,Парканы,88а,4.7254,4.7362,7.57,True,OK,улица Энгельса,n2458492984
4,2,Протягайловка,1,6.4315,6.2078,16.15,True,OK,Банный переулок,w353259234
4,2,Протягайловка,3,6.4758,6.1605,26.34,True,OK,Банный переулок,w356957296
4,2,Протягайловка,5,6.5391,6.0972,24.07,True,OK,Банный переулок,n2337938419
4,2,Протягайловка,9,6.6017,6.0346,23.11,True,OK,Банный переулок,n2337938418
4,2,Протягайловка,105,6.2706,6.2372,12.91,True,OK,Банный переулок,n2337938422
4,2,Протягайловка,2,5.9246,5.3446,20.06,True,OK,Гербовецкая улица,w352162004
4,2,Протягайловка,3,5.3878,5.3545,6.4,True,OK,Гербовецкая улица,n2337964959
4,2,Протягайловка,11,5.8677,5.8344,16.17,True,OK,Гербовецкая улица,w224936654
4,2,Протягайловка,15,,6.2539,38.44,True,OK,Гербовецкая улица,w224936656
4,2,Протягайловка,32,6.1625,5.3529,17.83,True,OK,Гербовецкая улица,w352158436
4,2,Протягайловка,34,5.3939,5.3605,27.34,True,OK,Гербовецкая улица,w352158439
4,2,Протягайловка,36,5.8917,5.3776,24.63,True,OK,Гербовецкая улица,w352158450
4,2,Протягайловка,38,5.4364,5.403,25.94,True,OK,Гербовецкая улица,w352158444
4,2,Протягайловка,39,6.9341,5.7022,12.21,True,OK,Гербовецкая улица,w352158464
4,2,Протягайловка,40,5.8496,5.4196,22.3,True,OK,Гербовецкая улица,w352158442
4,2,Протягайловка,41,,5.723,13.9,True,OK,Гербовецкая улица,w352158458
4,2,Протягайловка,42,5.4667,5.4334,25.27,True,OK,Гербовецкая улица,w352158434
4,2,Протягайловка,43,5.9158,5.8824,40.74,True,OK,Гербовецкая улица,w224936649
4,2,Протягайловка,44,5.4914,5.458,24.73,True,OK,Гербовецкая улица,w352158431
4,2,Протягайловка,45,,5.8463,9.2,True,OK,Гербовецкая улица,w352158480
4,2,Протягайловка,46,5.5077,5.4743,24.84,True,OK,Гербовецкая улица,w352158426
4,2,Протягайловка,47,5.8886,5.8552,17.69,True,OK,Гербовецкая улица,w352160183
4,2,Протягайловка,48,5.5191,5.4857,26.93,True,OK,Гербовецкая улица,w352158429
4,2,Протягайловка,49,6.7638,5.8725,17.49,True,OK,Гербовецкая улица,w352160184
4,2,Протягайловка,50,5.7636,5.4993,20.55,True,OK,Гербовецкая улица,w352156653
4,2,Протягайловка,52,5.5521,5.5188,26.12,True,OK,Гербовецкая улица,w352156651
4,2,Протягайловка,54,5.7288,5.5404,22.96,True,OK,Гербовецкая улица,w352156650
4,2,Протягайловка,55,5.959,5.9256,30.94,True,OK,Гербовецкая улица,w352160189
4,2,Протягайловка,58,5.7131,5.6798,29.61,True,OK,Гербовецкая улица,w315108146
4,2,Протягайловка,60,,5.7302,22.21,True,OK,Гербовецкая улица,w315108143
4,2,Протягайловка,62,5.7891,5.7455,18.0,True,OK,Гербовецкая улица,w315108139
4,2,Протягайловка,64,5.8276,5.7942,15.49,True,OK,Гербовецкая улица,w315108091
4,2,Протягайловка,66,5.851,5.8122,19.62,True,OK,Гербовецкая улица,w315108090
4,2,Протягайловка,68,5.851,5.8298,21.89,True,OK,Гербовецкая улица,w315108089
4,2,Протягайловка,69,6.0722,6.0389,18.66,True,OK,Гербовецкая улица,w352341358
4,2,Протягайловка,70,5.8702,5.8368,25.54,True,OK,Гербовецкая улица,w315107914
4,2,Протягайловка,72,6.7748,5.8615,21.79,True,OK,Гербовецкая улица,w319386383
4,2,Протягайловка,73,6.5638,6.0726,22.46,True,OK,Гербовецкая улица,w352341360
4,2,Протягайловка,76,6.7582,5.8781,26.78,True,OK,Гербовецкая улица,w319386384
4,2,Протягайловка,77,6.5305,6.1058,20.42,True,OK,Гербовецкая улица,w352680192
4,2,Протягайловка,78,5.929,5.8957,32.53,True,OK,Гербовецкая улица,w319386385
4,2,Протягайловка,84,6.6847,5.9516,29.3,True,OK,Гербовецкая улица,w352339715
4,2,Протягайловка,86,6.6692,5.9671,24.54,True,OK,Гербовецкая улица,w352339716
4,2,Протягайловка,87,6.4707,6.1691,21.53,True,OK,Гербовецкая улица,n2337948165
4,2,Протягайловка,96,6.5554,6.0809,27.54,True,OK,Гербовецкая улица,w352339722
4,2,Протягайловка,98,6.5,6.1363,13.21,True,OK,Гербовецкая улица,n2337948164
4,2,Протягайловка,98а,6.0473,6.0139,24.79,True,OK,Гербовецкая улица,w352339720
4,2,Протягайловка,100,6.2067,6.1733,11.99,True,OK,Гербовецкая улица,n2337948163
4,2,Протягайловка,103,6.3172,6.2839,22.68,True,OK,Гербовецкая улица,n2337938423
4,2,Протягайловка,112,6.3033,6.27,13.61,True,OK,Гербовецкая улица,n2337938424
4,2,Протягайловка,115,7.602,6.4087,22.82,True,OK,Гербовецкая улица,w424796429
4,2,Протягайловка,117,7.5868,6.424,21.19,True,OK,Гербовецкая улица,w424796430
4,2,Протягайловка,119,7.5697,6.441,19.47,True,OK,Гербовецкая улица,w424796431
4,2,Протягайловка,121,7.5525,6.4583,22.49,True,OK,Гербовецкая улица,w424796432
4,2,Протягайловка,157,7.1239,6.8868,18.09,True,OK,Гербовецкая улица,w443454569
4,2,Протягайловка,173,6.9342,6.9008,17.26,True,OK,Гербовецкая улица,n2337934506
4,2,Протягайловка,180,6.9415,6.9082,10.67,True,OK,Гербовецкая улица,n2337934507
4,2,Протягайловка,198,6.9275,6.8942,15.18,True,OK,Гербовецкая улица,n2337934505
4,2,Протягайловка,2а,5.0736,5.0403,6.31,True,OK,Гербовецкий переулок,w353042920
4,2,Протягайловка,3,5.4,5.3065,26.2,True,OK,Гербовецкий переулок,w352628941
4,2,Протягайловка,4,5.4309,5.2756,23.63,True,OK,Гербовецкий переулок,w352366732
4,2,Протягайловка,5,5.3105,5.2772,19.64,True,OK,Гербовецкий переулок,w352630227
4,2,Протягайловка,7,5.4495,5.257,14.21,True,OK,Гербовецкий переулок,w352630226
4,2,Протягайловка,8,5.199,5.1656,18.16,True,OK,Гербовецкий переулок,w352633546
4,2,Протягайловка,9,5.4734,5.2331,12.68,True,OK,Гербовецкий переулок,w401161031
4,2,Протягайловка,10,5.12,5.0866,29.19,True,OK,Гербовецкий переулок,w352633545
4,2,Протягайловка,11,5.1623,5.129,14.41,True,OK,Гербовецкий переулок,w352633549
4,2,Протягайловка,12,5.1514,5.0667,28.56,True,OK,Гербовецкий переулок,w352633543
4,2,Протягайловка,13,5.5911,5.1155,22.71,True,OK,Гербовецкий переулок,w352633550
4,2,Протягайловка,78,5.1687,5.0494,18.67,True,OK,Гербовецкий переулок,w353042921
4,2,Протягайловка,1,,6.0399,7.71,True,OK,Главная улица,w450204067
3,2,Протягайловка,2а,4.4078,4.3709,21.27,True,OK,Главная улица,n2337985528
4,2,Протягайловка,3,6.1057,6.0724,9.8,True,OK,Главная улица,w450204069
4,2,Протягайловка,7,6.1704,6.137,12.08,True,OK,Главная улица,w589383529
3,2,Протягайловка,24,4.3463,4.3129,16.79,True,OK,Главная улица,w353044310
3,2,Протягайловка,46,4.6998,4.6664,18.21,True,OK,Главная улица,n2337964962
3,2,Протягайловка,49,4.6887,4.6553,10.2,True,OK,Главная улица,n2337964963
3,2,Протягайловка,67,4.9544,4.921,17.15,True,OK,Главная улица,w353054609
3,2,Протягайловка,69,5.2689,4.9492,20.51,True,OK,Главная улица,w353046241
3,2,Протягайловка,70,5.2971,4.921,22.86,True,OK,Главная улица,w353042928
3,2,Протягайловка,72,5.28,4.9382,19.88,True,OK,Главная улица,w353042927
3,2,Протягайловка,74,5.2595,4.9586,16.58,True,OK,Главная улица,w353042925
3,2,Протягайловка,76,5.246,4.9721,18.78,True,OK,Главная улица,w353042924
4,2,Протягайловка,77,5.066,5.0327,20.24,True,OK,Главная улица,w353046235
4,2,Протягайловка,79,7.5783,5.058,15.93,True,OK,Главная улица,w353046237
4,2,Протягайловка,80,5.0917,5.0584,26.02,True,OK,Главная улица,w352680191
4,2,Протягайловка,81,7.5535,5.0828,17.02,True,OK,Главная улица,w353258566
4,2,Протягайловка,82,5.1165,5.0831,32.0,True,OK,Главная улица,w352736528
4,2,Протягайловка,84,7.5275,5.1088,16.31,True,OK,Главная улица,w352736532
4,2,Протягайловка,86,5.1551,5.1193,19.28,True,OK,Главная улица,w352736531
4,2,Протягайловка,88,5.1762,5.1429,16.15,True,OK,Главная улица,w352736530
4,2,Протягайловка,93,7.4242,5.2121,16.44,True,OK,Главная улица,w353258939
4,2,Протягайловка,96,7.4494,5.1828,27.35,True,OK,Главная улица,w353043455
4,2,Протягайловка,98,7.4382,5.1981,25.85,True,OK,Главная улица,w353043457
4,2,Протягайловка,111,7.2071,5.4292,25.45,True,OK,Главная улица,n2337951352
4,2,Протягайловка,126,5.4242,5.3909,10.44,True,OK,Главная улица,n2337951349
4,2,Протягайловка,157,6.819,5.8242,16.6,True,OK,Главная улица,n2337948154
4,2,Протягайловка,159,5.8968,5.8731,28.73,True,OK,Главная улица,n2337948153
4,2,Протягайловка,168,6.7827,5.8502,8.24,True,OK,Главная улица,n2337948155
4,2,Протягайловка,171,6.6609,5.9754,17.92,True,OK,Главная улица,n2337938412
4,2,Протягайловка,172,6.7827,5.8515,10.91,True,OK,Главная улица,n4988630634
4,2,Протягайловка,175,6.8831,6.8498,19.26,True,OK,Главная улица,n2337934503
4,2,Протягайловка,178,5.9864,5.953,13.39,True,OK,Главная улица,n2337938413
4,2,Протягайловка,180,8.0117,5.999,12.04,True,OK,Главная улица,n2337934511
4,2,Протягайловка,189,6.2045,6.1711,24.05,True,OK,Главная улица,n2337934510
4,2,Протягайловка,195,6.2423,6.209,17.29,True,OK,Главная улица,n2337934509
4,2,Протягайловка,200,6.874,6.8406,11.44,True,OK,Главная улица,n2337934499
4,2,Протягайловка,201,7.7183,6.2924,27.77,True,OK,Главная улица,n5108197333
4,2,Протягайловка,204,6.3614,6.328,10.76,True,OK,Главная улица,n5108197536
4,2,Протягайловка,238,6.7158,5.9167,24.82,True,OK,Главная улица,n2337934508
4,2,Протягайловка,263,6.8345,6.8011,20.87,True,OK,Главная улица,n2337934504
4,2,Протягайловка,1,,5.0785,11.86,True,OK,Главный переулок,w353054733
4,2,Протягайловка,2,5.1098,5.0933,27.27,True,OK,Главный переулок,w353046234
4,2,Протягайловка,3,,5.1026,15.62,True,OK,Главный переулок,w353054734
4,2,Протягайловка,4,5.1656,5.1323,21.31,True,OK,Главный переулок,w353143172
4,2,Протягайловка,5,5.1794,5.1372,17.55,True,OK,Главный переулок,w353143173
4,2,Протягайловка,6,,5.1782,18.4,True,OK,Главный переулок,w353143627
4,2,Протягайловка,7,5.1983,5.165,21.43,True,OK,Главный переулок,w353143544
3,2,Протягайловка,1,4.4889,4.4555,7.09,True,OK,Комсомольская улица,n2337985527
3,2,Протягайловка,2,5.9126,4.5475,9.09,True,OK,Комсомольская улица,n2337985520
3,2,Протягайловка,3,4.5324,4.4991,17.63,True,OK,Комсомольская улица,n2337985521
4,2,Протягайловка,10,,5.1136,3.29,True,OK,Комсомольская улица,n2337985506
3,2,Протягайловка,14,5.818,4.6421,15.71,True,OK,Комсомольская улица,n2337985517
3,2,Протягайловка,19,4.7032,4.6756,15.74,True,OK,Комсомольская улица,n2337985516
3,2,Протягайловка,20,5.7482,4.7018,19.92,True,OK,Комсомольская улица,w352325330
3,2,Протягайловка,32,4.8459,4.8125,13.19,True,OK,Комсомольская улица,n2337985514
3,2,Протягайловка,36,4.8782,4.8448,17.99,True,OK,Комсомольская улица,w352322795
3,2,Протягайловка,37,5.6546,4.8055,25.84,True,OK,Комсомольская улица,n2337985515
3,2,Протягайловка,53,5.0033,4.9699,20.56,True,OK,Комсомольская улица,w352631872
4,2,Протягайловка,60,5.1466,5.0999,20.47,True,OK,Комсомольская улица,w352318007
3,2,Протягайловка,62,5.1583,5.1249,18.58,True,OK,Комсомольская улица,w352161718
3,2,Протягайловка,64,5.2928,5.1673,13.06,True,OK,Комсомольская улица,w352161716
4,2,Протягайловка,65,5.0964,5.0631,20.69,True,OK,Комсомольская улица,n2337985508
3,2,Протягайловка,71,5.3066,5.1534,8.85,True,OK,Комсомольская улица,w352630240
4,2,Протягайловка,1,5.5398,5.5064,17.01,True,OK,Комсомольский переулок,n2337964966
4,2,Протягайловка,1,,5.3282,21.78,True,OK,Комсомольский переулок,w352628940
4,2,Протягайловка,2,5.5487,5.5153,9.39,True,OK,Комсомольский переулок,n2337964967
4,2,Протягайловка,4,,5.4643,28.47,True,OK,Комсомольский переулок,n2337964968
4,2,Протягайловка,8,5.4599,5.1426,16.85,True,OK,Комсомольский переулок,n2337964969
4,2,Протягайловка,9,5.4099,5.3765,21.4,True,OK,Комсомольский переулок,n2337964965
4,2,Протягайловка,13,5.3807,5.3473,32.98,True,OK,Комсомольский переулок,n2337964964
4,2,Протягайловка,1,6.9426,6.9093,18.75,True,OK,Лесовая улица,n2337934500
4,2,Протягайловка,2,7.5781,6.8902,12.28,True,OK,Лесовая улица,n2337934501
4,2,Протягайловка,12,7.0303,6.9969,13.4,True,OK,Лесовая улица,n2337929303
4,2,Протягайловка,14,7.0655,7.0321,9.76,True,OK,Лесовая улица,n2337929302
4,2,Протягайловка,45,7.5704,7.537,12.68,True,OK,Лесовая улица,w421314032
4,2,Протягайловка,47,7.6011,7.5677,17.96,True,OK,Лесовая улица,w421314030
4,2,Протягайловка,49,7.7958,7.5888,16.51,True,OK,Лесовая улица,w421314029
4,2,Протягайловка,51,7.6385,7.6051,13.7,True,OK,Лесовая улица,w421314028
4,2,Протягайловка,53,7.67,7.6367,18.5,True,OK,Лесовая улица,w421314026
4,2,Протягайловка,55,7.6883,7.655,14.35,True,OK,Лесовая улица,n2337929295
4,2,Протягайловка,58,7.7913,7.5933,20.87,True,OK,Лесовая улица,n2337929297
4,2,Протягайловка,70,8.1482,7.6328,30.37,True,OK,Лесовая улица,w489021267
4,2,Протягайловка,80,7.8333,7.7999,8.62,True,OK,Лесовая улица,n2337929292
4,2,Протягайловка,1,6.0145,5.9811,23.83,True,OK,Луговая улица,w284637204
4,2,Протягайловка,3,6.0202,5.8627,21.57,True,OK,Луговая улица,w284637205
4,2,Протягайловка,9,5.9099,5.8765,25.8,True,OK,Луговая улица,w284637255
4,2,Протягайловка,11,6.1175,5.8564,25.72,True,OK,Луговая улица,w318344309
4,2,Протягайловка,13,5.8711,5.8378,25.3,True,OK,Луговая улица,w318344310
4,2,Протягайловка,15,6.1545,5.8195,26.02,True,OK,Луговая улица,w352326949
4,2,Протягайловка,17,5.8314,5.798,26.3,True,OK,Луговая улица,w352326950
4,2,Протягайловка,19,5.81,5.7767,22.76,True,OK,Луговая улица,n5415952341
4,2,Протягайловка,21,6.2082,5.757,28.68,True,OK,Луговая улица,w352326951
4,2,Протягайловка,23,6.2376,5.7363,27.25,True,OK,Луговая улица,w352326952
4,2,Протягайловка,35,5.8055,5.7053,28.1,True,OK,Луговая улица,w352326941
4,2,Протягайловка,39,5.851,5.6643,36.37,True,OK,Луговая улица,w644885224
4,2,Протягайловка,43,5.8855,5.6298,22.44,True,OK,Луговая улица,w352326942
4,2,Протягайловка,47,5.9289,5.5865,22.32,True,OK,Луговая улица,w352326945
4,2,Протягайловка,49,5.9477,5.5676,21.69,True,OK,Луговая улица,w352326946
4,2,Протягайловка,51,5.5818,5.5484,19.87,True,OK,Луговая улица,w352326947
4,2,Протягайловка,30,7.7303,7.6969,38.63,True,OK,Мирная улица,w316845675
4,2,Протягайловка,19,6.2404,6.207,10.08,True,OK,Молодёжная улица,w352346388
4,2,Протягайловка,58,6.2864,6.1792,9.66,True,OK,Молодёжная улица,w352346386
4,2,Протягайловка,60,6.2864,6.1792,15.39,True,OK,Молодёжная улица,w352348453
4,2,Протягайловка,1,,6.2957,15.43,True,OK,Молодёжный переулок,w352334990
4,2,Протягайловка,2,6.366,6.3329,25.73,True,OK,Молодёжный переулок,w352346396
4,2,Протягайловка,3,6.3291,6.2957,27.1,True,OK,Молодёжный переулок,w352334988
4,2,Протягайловка,4,6.296,6.2626,15.2,True,OK,Молодёжный переулок,w352346375
4,2,Протягайловка,5,,6.2794,21.81,True,OK,Молодёжный переулок,w352341364
4,2,Протягайловка,7,6.2849,6.2515,15.86,True,OK,Молодёжный переулок,w352341366
4,2,Протягайловка,39,7.4568,6.1807,11.61,True,OK,Молодёжный переулок,w352341370
4,2,Протягайловка,2,5.6619,5.6015,17.08,True,OK,Первомайская улица,w352156646
4,2,Протягайловка,4,6.8241,5.631,21.65,True,OK,Первомайская улица,w352156639
4,2,Протягайловка,5,,5.7598,13.18,True,OK,Первомайская улица,w224936651
4,2,Протягайловка,6,6.8173,5.6483,21.25,True,OK,Первомайская улица,w318344384
4,2,Протягайловка,7,5.8332,5.7999,15.68,True,OK,Первомайская улица,w224936652
4,2,Протягайловка,8,6.7893,5.6762,20.53,True,OK,Первомайская улица,w352156642
4,2,Протягайловка,9,,5.8574,19.99,True,OK,Первомайская улица,w224936653
4,2,Протягайловка,10,6.7716,5.694,18.99,True,OK,Первомайская улица,w352156644
4,2,Протягайловка,14,5.7772,5.7443,23.68,True,OK,Первомайская улица,w352042424
4,2,Протягайловка,15,6.0219,5.9886,21.92,True,OK,Первомайская улица,w224936657
4,2,Протягайловка,16,6.7017,5.7638,21.46,True,OK,Первомайская улица,w352042425
4,2,Протягайловка,17,5.9612,5.9278,24.46,True,OK,Первомайская улица,w224936658
4,2,Протягайловка,18,5.8139,5.7806,24.97,True,OK,Первомайская улица,w352042542
4,2,Протягайловка,19,6.5117,5.9538,18.69,True,OK,Первомайская улица,w352042423
4,2,Протягайловка,20,6.661,5.8046,20.0,True,OK,Первомайская улица,w352160026
4,2,Протягайловка,21,6.4887,5.9769,18.69,True,OK,Первомайская улица,w352042429
4,2,Протягайловка,23,6.0317,5.9984,21.58,True,OK,Первомайская улица,w352042430
4,2,Протягайловка,24,5.8719,5.8385,22.61,True,OK,Первомайская улица,w352160045
4,2,Протягайловка,25,6.4503,6.0153,16.59,True,OK,Первомайская улица,w352042431
4,2,Протягайловка,26,6.613,5.8525,24.98,True,OK,Первомайская улица,w352160050
4,2,Протягайловка,28,6.5871,5.8785,19.33,True,OK,Первомайская улица,w352333655
4,2,Протягайловка,30,6.562,5.896,15.32,True,OK,Первомайская улица,w352333662
4,2,Протягайловка,32,5.9444,5.911,13.06,True,OK,Первомайская улица,w352333663
4,2,Протягайловка,34,6.5386,5.927,14.42,True,OK,Первомайская улица,w352333664
4,2,Протягайловка,35,6.1543,6.1209,32.56,True,OK,Первомайская улица,w352342445
4,2,Протягайловка,36,6.5229,5.9427,17.73,True,OK,Первомайская улица,w352333670
4,2,Протягайловка,38,5.9904,5.957,13.06,True,OK,Первомайская улица,w352333671
4,2,Протягайловка,40,6.4871,5.9785,18.43,True,OK,Первомайская улица,w352346364
4,2,Протягайловка,41,6.2247,6.1913,18.63,True,OK,Первомайская улица,w352680270
4,2,Протягайловка,42,6.0317,5.9984,17.77,True,OK,Первомайская улица,w352346366
4,2,Протягайловка,43,7.4364,6.201,13.54,True,OK,Первомайская улица,w352680274
4,2,Протягайловка,44,6.0539,6.0205,17.3,True,OK,Первомайская улица,w352346370
4,2,Протягайловка,45,6.245,6.2116,26.29,True,OK,Первомайская улица,w352680272
4,2,Протягайловка,46,6.6133,6.0399,28.79,True,OK,Первомайская улица,w352342451
4,2,Протягайловка,47,6.2642,6.2308,24.85,True,OK,Первомайская улица,w361002549
4,2,Протягайловка,48,6.0967,6.0634,15.38,True,OK,Первомайская улица,w352346372
4,2,Протягайловка,49,7.3969,6.2405,19.76,True,OK,Первомайская улица,w361002547
4,2,Протягайловка,50,6.1214,6.0881,19.46,True,OK,Первомайская улица,w352346383
4,2,Протягайловка,51,7.3831,6.2668,38.15,True,OK,Первомайская улица,w367552889
4,2,Протягайловка,52,6.1331,6.0997,18.17,True,OK,Первомайская улица,w352348451
4,2,Протягайловка,53,6.3185,6.2852,28.47,True,OK,Первомайская улица,w367552888
4,2,Протягайловка,54,6.1411,6.1078,22.1,True,OK,Первомайская улица,w352346384
4,2,Протягайловка,55,7.3329,6.3045,25.29,True,OK,Первомайская улица,w401161023
4,2,Протягайловка,57,7.2784,6.359,21.31,True,OK,Первомайская улица,n4552709337
4,2,Протягайловка,62,7.4479,6.1895,18.93,True,OK,Первомайская улица,w352348455
4,2,Протягайловка,77,7.1082,6.5292,16.9,True,OK,Первомайская улица,n4552709338
4,2,Протягайловка,85,6.6383,6.605,26.88,True,OK,Первомайская улица,n5108197316
4,2,Протягайловка,91,6.6921,6.6587,9.51,True,OK,Первомайская улица,n2337912610
4,2,Протягайловка,93,6.7171,6.6838,9.07,True,OK,Первомайская улица,n2337912609
4,2,Протягайловка,102,7.0544,6.583,13.73,True,OK,Первомайская улица,n5108196253
4,2,Протягайловка,107,6.9046,6.8731,21.35,True,OK,Первомайская улица,n4552708935
4,2,Протягайловка,110,6.7059,6.6725,19.19,True,OK,Первомайская улица,n2337912608
4,2,Протягайловка,141,7.5915,7.3056,7.62,True,OK,Первомайская улица,n2337912607
4,2,Протягайловка,141,7.306,7.2727,28.03,True,OK,Первомайская улица,n5108197320
4,2,Протягайловка,154,7.1851,7.1518,5.67,True,OK,Первомайская улица,n2337908049
4,2,Протягайловка,1,6.4007,6.2548,29.37,True,OK,Первомайский переулок,w352158482
4,2,Протягайловка,3,6.2503,6.2169,24.53,True,OK,Первомайский переулок,w352160040
4,2,Протягайловка,4,,6.2847,14.47,True,OK,Первомайский переулок,w352334981
4,2,Протягайловка,5,6.4737,6.1818,22.12,True,OK,Первомайский переулок,w352160042
4,2,Протягайловка,6,6.3589,6.3256,45.02,True,OK,Первомайский переулок,w224936659
4,2,Протягайловка,7,6.1872,6.1539,21.86,True,OK,Первомайский переулок,w352160038
4,2,Протягайловка,8,6.1605,6.1271,26.86,True,OK,Первомайский переулок,w352042426
4,2,Протягайловка,9,6.1702,6.1368,22.09,True,OK,Первомайский переулок,w352160043
4,2,Протягайловка,9,6.5492,6.1063,21.89,True,OK,Первомайский переулок,w352160044
4,2,Протягайловка,10,6.5864,6.0691,25.88,True,OK,Первомайский переулок,w352042433
4,2,Протягайловка,10а,6.1388,6.1055,25.29,True,OK,Первомайский переулок,w352042428
4,2,Протягайловка,27,6.0895,6.0561,11.26,True,OK,Первомайский переулок,w352042432
4,2,Протягайловка,29,6.5924,6.0631,18.19,True,OK,Первомайский переулок,w352042587
4,2,Протягайловка,1,,5.8774,24.85,True,OK,Полевой переулок,n2337948156
4,2,Протягайловка,2,,5.887,10.59,True,OK,Полевой переулок,n2337948157
4,2,Протягайловка,16,,6.0719,9.88,True,OK,Полевой переулок,n2337948158
4,2,Протягайловка,4,6.8915,6.8581,11.4,True,OK,Садовая улица,n2337900323
4,2,Протягайловка,6,6.9799,6.9465,5.51,True,OK,Садовая улица,n2337904420
4,2,Протягайловка,11,7.6237,6.8703,17.27,True,OK,Садовая улица,n2337900327
4,2,Протягайловка,13,6.975,6.9459,15.82,True,OK,Садовая улица,n2337904421
4,2,Протягайловка,18,7.3576,7.1364,3.86,True,OK,Садовая улица,n2337904422
4,2,Протягайловка,20,,7.2373,22.36,True,OK,Садовая улица,w525027750
4,2,Протягайловка,29,7.3677,7.1325,14.76,True,OK,Садовая улица,n2337904423
4,2,Протягайловка,32,8.3331,7.6969,61.55,True,OK,Садовая улица,w316845623
4,2,Протягайловка,32а,7.8114,7.7781,11.44,True,OK,Садовая улица,w316845604
4,2,Протягайловка,34,8.2136,8.1803,12.68,True,OK,Садовая улица,w316845603
4,2,Протягайловка,36,8.0825,8.0492,29.53,True,OK,Садовая улица,w316844666
4,2,Протягайловка,38,8.1527,8.1194,25.99,True,OK,Садовая улица,w316844623
4,2,Протягайловка,40,8.431,8.083,15.29,True,OK,Садовая улица,w316844574
4,2,Протягайловка,43,7.8335,7.7511,40.48,True,OK,Садовая улица,w316846224
4,2,Протягайловка,49,7.91,7.8766,47.78,True,OK,Садовая улица,w316845828
4,2,Протягайловка,51,7.9384,7.905,21.07,True,OK,Садовая улица,w316845811
4,2,Протягайловка,53,7.9718,7.9318,46.45,True,OK,Садовая улица,w316845688
4,2,Протягайловка,55,8.1319,8.0986,26.85,True,OK,Садовая улица,w316845602
4,2,Протягайловка,79,8.0365,8.0033,10.3,True,OK,Садовая улица,n2337908044
4,2,Протягайловка,6,6.2119,5.9572,19.6,True,OK,Санаторная улица,w284637169
4,2,Протягайловка,8,6.2306,5.9385,18.22,True,OK,Санаторная улица,w284637168
4,2,Протягайловка,10,6.2521,5.917,18.07,True,OK,Санаторная улица,w284637166
4,2,Протягайловка,12,5.9317,5.8983,16.69,True,OK,Санаторная улица,w284637162
4,2,Протягайловка,14,5.9136,5.8803,19.88,True,OK,Санаторная улица,w284637163
4,2,Протягайловка,16,5.8899,5.8565,19.79,True,OK,Санаторная улица,w284637179
4,2,Протягайловка,17,6.2174,6.184,14.67,True,OK,Санаторная улица,w91850348
4,2,Протягайловка,18,6.3303,5.8388,19.92,True,OK,Санаторная улица,w284637180
4,2,Протягайловка,20,5.8508,5.8182,17.45,True,OK,Санаторная улица,w284637186
4,2,Протягайловка,22,5.9269,5.7984,21.55,True,OK,Санаторная улица,w284637188
4,2,Протягайловка,24,5.948,5.7774,20.31,True,OK,Санаторная улица,w284637191
4,2,Протягайловка,26,5.9667,5.7587,18.99,True,OK,Санаторная улица,w284637194
4,2,Протягайловка,28,5.7725,5.7391,19.99,True,OK,Санаторная улица,w284637193
4,2,Протягайловка,30,5.7502,5.7169,22.23,True,OK,Санаторная улица,w284637192
4,2,Протягайловка,32,5.9663,5.6572,17.97,True,OK,Санаторная улица,w352285813
4,2,Протягайловка,34,5.9961,5.6401,22.45,True,OK,Санаторная улица,w352285815
4,2,Протягайловка,36,6.0153,5.6082,19.57,True,OK,Санаторная улица,w352285816
4,2,Протягайловка,38,6.0377,5.5858,17.99,True,OK,Санаторная улица,w352285817
4,2,Протягайловка,40,6.062,5.5615,17.23,True,OK,Санаторная улица,w352285818
4,2,Протягайловка,46,5.9376,5.4928,22.73,True,OK,Санаторная улица,w352326123
4,2,Протягайловка,48,5.9611,5.4694,19.91,True,OK,Санаторная улица,w352326124
4,2,Протягайловка,50,5.9786,5.4519,22.22,True,OK,Санаторная улица,w352326120
4,2,Протягайловка,52,5.4634,5.4301,21.64,True,OK,Санаторная улица,w352325333
3,2,Протягайловка,54,6.0165,5.414,24.28,True,OK,Санаторная улица,w352284665
4,2,Протягайловка,10,8.3,7.9311,20.15,True,OK,Славянская улица,n11222053152
4,2,Протягайловка,2,8.3877,6.9969,25.99,True,OK,Совхозная улица,w442395853
4,2,Протягайловка,4,7.0529,7.0195,26.21,True,OK,Совхозная улица,w442395854
4,2,Протягайловка,6,8.3462,7.0384,24.86,True,OK,Совхозная улица,w442395855
4,2,Протягайловка,8,8.3251,7.0594,29.78,True,OK,Совхозная улица,w442395856
4,2,Протягайловка,50,7.5571,7.5238,22.58,True,OK,Совхозная улица,w421314022
4,2,Протягайловка,52,7.8436,7.541,23.39,True,OK,Совхозная улица,w421314023
4,2,Протягайловка,54,7.8249,7.5596,21.53,True,OK,Совхозная улица,w421314025
4,2,Протягайловка,56,7.6208,7.6504,24.69,True,OK,Совхозная улица,w421314024
4,2,Протягайловка,58,8.1497,7.6313,10.29,True,OK,Совхозная улица,n2337929294
4,2,Протягайловка,70,7.9844,7.7965,11.29,True,OK,Совхозная улица,n2337929293
4,2,Протягайловка,185,7.027,6.997,16.23,True,OK,Совхозная улица,n2337934502
4,2,Протягайловка,206,,6.9496,5.33,True,OK,Совхозная улица,n2337934498
3,2,Протягайловка,1,5.9126,4.5565,13.64,True,OK,переулок Куйбышева,w320344002
3,2,Протягайловка,2,4.69,4.6653,20.0,True,OK,переулок Куйбышева,w352285316
3,2,Протягайловка,3,5.9065,4.5626,11.11,True,OK,переулок Куйбышева,w352285305
3,2,Протягайловка,3,4.6299,4.5966,18.25,True,OK,переулок Куйбышева,w352285318
3,2,Протягайловка,5,5.8406,4.6285,14.43,True,OK,переулок Куйбышева,w677073030
3,2,Протягайловка,7,4.6765,4.6431,16.14,True,OK,переулок Куйбышева,w352313737
4,2,Протягайловка,1,6.1102,6.0589,13.77,True,OK,улица 50 лет Победы,w284637172
4,2,Протягайловка,2,6.1724,5.9827,15.15,True,OK,улица 50 лет Победы,w284637201
4,2,Протягайловка,3,6.0352,6.0018,23.31,True,OK,улица 50 лет Победы,w284637171
4,2,Протягайловка,5,6.1881,5.967,21.88,True,OK,улица 50 лет Победы,w284637175
4,2,Протягайловка,6,5.98,5.9466,18.17,True,OK,улица 50 лет Победы,w284637202
4,2,Протягайловка,7,6.2072,5.948,21.87,True,OK,улица 50 лет Победы,w284637176
4,2,Протягайловка,8,6.2318,5.9233,17.2,True,OK,улица 50 лет Победы,w284637203
4,2,Протягайловка,14,6.2876,5.8676,17.56,True,OK,улица 50 лет Победы,w284637185
4,2,Протягайловка,16,5.8615,5.8281,10.34,True,OK,улица 50 лет Победы,n2337863649
4,2,Протягайловка,18,6.1729,5.801,19.68,True,OK,улица 50 лет Победы,w284637252
4,2,Протягайловка,20,5.8552,5.7768,18.48,True,OK,улица 50 лет Победы,w284637253
4,2,Протягайловка,21,6.3489,5.8063,19.91,True,OK,улица 50 лет Победы,w284637189
4,2,Протягайловка,23,5.8202,5.7868,18.73,True,OK,улица 50 лет Победы,w284637190
4,2,Протягайловка,29,5.8592,5.7196,16.36,True,OK,улица 50 лет Победы,w352285814
4,2,Протягайловка,33,5.9088,5.7146,20.02,True,OK,улица 50 лет Победы,w339209786
4,2,Протягайловка,36,5.6751,5.6417,16.99,True,OK,улица 50 лет Победы,w352326955
4,2,Протягайловка,45,5.685,5.6517,20.75,True,OK,улица 50 лет Победы,w352326122
4,2,Протягайловка,47,5.7245,5.6911,19.31,True,OK,улица 50 лет Победы,w352326121
4,2,Протягайловка,49,,5.7093,19.8,True,OK,улица 50 лет Победы,w352326119
4,2,Протягайловка,51,5.7637,5.7303,20.95,True,OK,улица 50 лет Победы,w352326118
4,2,Протягайловка,52,,5.7552,17.94,True,OK,улица 50 лет Победы,w352326114
4,2,Протягайловка,53,,5.7498,19.86,True,OK,улица 50 лет Победы,w352326117
4,2,Протягайловка,57,5.8427,5.8094,19.98,True,OK,улица 50 лет Победы,w352326113
4,2,Протягайловка,58,,5.8171,17.9,True,OK,улица 50 лет Победы,w352326115
4,2,Протягайловка,59,5.8623,5.829,20.8,True,OK,улица 50 лет Победы,w352326112
4,2,Протягайловка,60,,5.8368,23.99,True,OK,улица 50 лет Победы,w352326116
4,2,Протягайловка,61,,5.848,18.96,True,OK,улица 50 лет Победы,w352265836
4,2,Протягайловка,62,,5.4606,19.11,True,OK,улица 50 лет Победы,w352163175
4,2,Протягайловка,64,,5.4808,18.74,True,OK,улица 50 лет Победы,w352163174
4,2,Протягайловка,66,,5.904,19.47,True,OK,улица 50 лет Победы,w352163176
4,2,Протягайловка,68,,5.5057,14.6,True,OK,улица 50 лет Победы,w352163170
4,2,Протягайловка,8,7.9812,7.992,27.07,True,OK,улица Академика Берга,n4988629683
4,2,Протягайловка,9,8.0079,8.0187,24.09,True,OK,улица Академика Берга,n4988630197
4,2,Протягайловка,10,8.0346,8.0454,24.91,True,OK,улица Академика Берга,n4988629868
4,2,Протягайловка,11,8.057,8.0678,26.8,True,OK,улица Академика Берга,n4988629869
4,2,Протягайловка,13,8.1113,8.1221,25.04,True,OK,улица Академика Берга,n4988629682
4,2,Протягайловка,14,8.1437,8.1417,27.64,True,OK,улица Академика Берга,n4988630196
4,2,Протягайловка,16,8.1867,8.0987,18.37,True,OK,улица Академика Берга,n4988629681
4,2,Протягайловка,17,8.2112,8.0742,24.28,True,OK,улица Академика Берга,n4988630195
4,2,Протягайловка,18,8.2338,8.0516,23.81,True,OK,улица Академика Берга,n4988630004
4,2,Протягайловка,19,8.2583,8.0271,24.08,True,OK,улица Академика Берга,n4988629680
4,2,Протягайловка,21,8.3114,7.9739,21.59,True,OK,улица Академика Берга,n4988630194
4,2,Протягайловка,25,8.1912,8.0942,13.61,True,OK,улица Академика Берга,n4988629867
4,2,Протягайловка,29,7.9079,7.7637,18.74,True,OK,улица Академика Берга,n4988630003
4,2,Протягайловка,30,7.9584,7.7108,18.44,True,OK,улица Академика Берга,n4988629679
4,2,Протягайловка,57,7.7187,7.6853,18.47,True,OK,улица Академика Берга,n4988629853
4,2,Протягайловка,82,7.963,7.9297,6.99,True,OK,улица Академика Берга,n2337908046
4,2,Протягайловка,121,7.9642,7.7051,9.46,True,OK,улица Академика Берга,n2337908047
4,2,Протягайловка,144,8.1069,7.5624,18.09,True,OK,улица Академика Берга,n4988629677
4,2,Протягайловка,вагончик,7.9846,7.9513,12.82,True,OK,улица Академика Берга,n4988630198
4,2,Протягайловка,1,,5.2465,15.55,True,OK,улица Алеку Руссо,w401161045
4,2,Протягайловка,2,,5.2362,16.1,True,OK,улица Алеку Руссо,w353143628
4,2,Протягайловка,3,5.3015,5.2682,16.73,True,OK,улица Алеку Руссо,w401161048
4,2,Протягайловка,4,5.2962,5.2628,15.21,True,OK,улица Алеку Руссо,w401161036
4,2,Протягайловка,5,,5.2926,16.14,True,OK,улица Алеку Руссо,w405000974
4,2,Протягайловка,6,5.3209,5.2875,14.39,True,OK,улица Алеку Руссо,w401161038
4,2,Протягайловка,7,5.3533,5.32,17.51,True,OK,улица Алеку Руссо,w405000973
4,2,Протягайловка,8,5.3487,5.3154,16.27,True,OK,улица Алеку Руссо,w401161039
4,2,Протягайловка,9,,5.3474,16.56,True,OK,улица Алеку Руссо,w405000976
4,2,Протягайловка,10,,5.3432,15.82,True,OK,улица Алеку Руссо,w405000972
4,2,Протягайловка,11,5.3999,5.3665,14.85,True,OK,улица Алеку Руссо,w405000977
4,2,Протягайловка,12,5.4017,5.3684,18.25,True,OK,улица Алеку Руссо,w405000975
4,2,Протягайловка,13,,5.3939,16.23,True,OK,улица Алеку Руссо,w405000978
4,2,Протягайловка,14,5.4284,5.395,17.37,True,OK,улица Алеку Руссо,w405000979
4,2,Протягайловка,15,5.4521,5.4187,14.71,True,OK,улица Алеку Руссо,w405000981
4,2,Протягайловка,16,5.454,5.4207,23.06,True,OK,улица Алеку Руссо,w424745276
4,2,Протягайловка,17,5.4786,5.4453,17.93,True,OK,улица Алеку Руссо,w424745274
4,2,Протягайловка,18,5.4824,5.4491,15.11,True,OK,улица Алеку Руссо,w424745278
4,2,Протягайловка,19,,5.4705,15.5,True,OK,улица Алеку Руссо,w424745277
4,2,Протягайловка,20,5.5164,5.4754,15.64,True,OK,улица Алеку Руссо,w425915838
4,2,Протягайловка,21,,5.4947,17.88,True,OK,улица Алеку Руссо,w425915837
4,2,Протягайловка,22,,5.5026,13.64,True,OK,улица Алеку Руссо,w441641177
4,2,Протягайловка,23,5.5454,5.512,14.56,True,OK,улица Алеку Руссо,w441641179
4,2,Протягайловка,24,5.5657,5.5324,12.74,True,OK,улица Алеку Руссо,w442395866
4,2,Протягайловка,25,,5.5463,13.57,True,OK,улица Алеку Руссо,w441641178
4,2,Протягайловка,26,5.5883,5.555,15.13,True,OK,улица Алеку Руссо,w442395865
4,2,Протягайловка,27,,5.5716,16.35,True,OK,улица Алеку Руссо,w441641182
4,2,Протягайловка,28,5.6151,5.5817,16.11,True,OK,улица Алеку Руссо,w442395864
4,2,Протягайловка,29,5.6324,5.5991,13.48,True,OK,улица Алеку Руссо,w441641823
4,2,Протягайловка,30,5.6418,5.6085,14.74,True,OK,улица Алеку Руссо,w442395863
4,2,Протягайловка,31,,5.6224,16.27,True,OK,улица Алеку Руссо,w441641825
4,2,Протягайловка,32,,5.6348,19.49,True,OK,улица Алеку Руссо,w442395862
4,2,Протягайловка,33,,5.6484,14.82,True,OK,улица Алеку Руссо,w441641826
4,2,Протягайловка,35,,5.6737,15.25,True,OK,улица Алеку Руссо,w441641827
4,2,Протягайловка,37,,5.7004,14.27,True,OK,улица Алеку Руссо,w441641829
4,2,Протягайловка,38,,5.6872,16.28,True,OK,улица Алеку Руссо,w441641830
4,2,Протягайловка,1,5.8779,5.8446,12.77,True,OK,улица Космонавтов,w231243206
4,2,Протягайловка,1a,,5.8699,16.24,True,OK,улица Космонавтов,w231243208
4,2,Протягайловка,2а,,5.8893,16.4,True,OK,улица Космонавтов,n2337912625
4,2,Протягайловка,3,5.9024,5.8691,17.37,True,OK,улица Космонавтов,w352042541
4,2,Протягайловка,4,5.8794,5.8461,14.29,True,OK,улица Космонавтов,w352160049
4,2,Протягайловка,5,6.5947,5.8853,12.95,True,OK,улица Космонавтов,w352042540
4,2,Протягайловка,6,6.6489,5.831,23.3,True,OK,улица Космонавтов,w231243205
4,2,Протягайловка,7,6.5384,5.9415,18.84,True,OK,улица Космонавтов,w352160030
4,2,Протягайловка,12,5.782,5.7487,8.82,True,OK,улица Космонавтов,w352156643
4,2,Протягайловка,46,6.2693,6.2106,7.53,True,OK,улица Космонавтов,n2337912620
3,2,Протягайловка,1,4.7633,4.73,16.24,True,OK,улица Мира,w352285324
3,2,Протягайловка,3,5.7136,4.7555,21.24,True,OK,улица Мира,w352285325
3,2,Протягайловка,4,4.7479,4.7146,25.53,True,OK,улица Мира,w352285315
3,2,Протягайловка,5,4.7996,4.7731,12.22,True,OK,улица Мира,w352285326
3,2,Протягайловка,6,4.77,4.7366,26.57,True,OK,улица Мира,w352285314
3,2,Протягайловка,7,4.8219,4.7885,22.53,True,OK,улица Мира,w677073031
3,2,Протягайловка,8,5.7029,4.7534,24.81,True,OK,улица Мира,w352285313
3,2,Протягайловка,9,4.857,4.8236,18.21,True,OK,улица Мира,w352285327
3,2,Протягайловка,10,5.6912,4.7779,26.53,True,OK,улица Мира,w339300187
3,2,Протягайловка,11,4.8733,4.8429,16.93,True,OK,улица Мира,w352285330
3,2,Протягайловка,12,4.8446,4.8112,26.78,True,OK,улица Мира,w352265869
3,2,Протягайловка,13,5.6008,4.8683,12.33,True,OK,улица Мира,w352316544
3,2,Протягайловка,14,5.613,4.8561,22.71,True,OK,улица Мира,w352316547
3,2,Протягайловка,15,4.9275,4.8942,26.79,True,OK,улица Мира,w352316543
3,2,Протягайловка,16,4.9104,4.877,23.72,True,OK,улица Мира,w352317981
3,2,Протягайловка,17,4.9562,4.9228,25.72,True,OK,улица Мира,w352316545
3,2,Протягайловка,18,4.929,4.8956,21.63,True,OK,улица Мира,w352317980
3,2,Протягайловка,19,5.518,4.9511,20.03,True,OK,улица Мира,w352317984
3,2,Протягайловка,20,4.9506,4.9172,21.93,True,OK,улица Мира,w352317982
3,2,Протягайловка,21,5.4962,4.9729,18.12,True,OK,улица Мира,w352318381
3,2,Протягайловка,22,4.9701,4.9368,23.04,True,OK,улица Мира,w352317983
3,2,Протягайловка,23,5.4779,4.9912,18.97,True,OK,улица Мира,w352318377
3,2,Протягайловка,24,4.9924,4.956,28.76,True,OK,улица Мира,w352316542
4,2,Протягайловка,25,5.0521,5.0187,20.25,True,OK,улица Мира,w352318380
3,2,Протягайловка,26,5.4921,4.977,21.53,True,OK,улица Мира,w352316541
4,2,Протягайловка,27,5.4331,5.036,18.38,True,OK,улица Мира,w352318379
4,2,Протягайловка,28,5.031,4.9977,26.89,True,OK,улица Мира,w352316540
4,2,Протягайловка,29,5.1014,5.0712,18.01,True,OK,улица Мира,w352318002
4,2,Протягайловка,30,5.4509,5.0182,21.89,True,OK,улица Мира,w352316539
4,2,Протягайловка,31,5.1537,5.1203,13.14,True,OK,улица Мира,w352318003
4,2,Протягайловка,32,5.4303,5.0388,21.43,True,OK,улица Мира,w352316538
3,2,Протягайловка,33,5.2441,5.2108,16.52,True,OK,улица Мира,w352161719
4,2,Протягайловка,34,5.103,5.0697,23.15,True,OK,улица Мира,w352265862
4,2,Протягайловка,36,5.3791,5.0901,23.07,True,OK,улица Мира,w352265861
4,2,Протягайловка,38,5.1521,5.1188,22.17,True,OK,улица Мира,w352265860
3,2,Протягайловка,40,5.3188,5.1503,20.98,True,OK,улица Мира,w352265859
3,2,Протягайловка,42,5.2068,5.1734,20.63,True,OK,улица Мира,w352265858
3,2,Протягайловка,44,5.2633,5.1995,21.28,True,OK,улица Мира,w428711653
3,2,Протягайловка,46,5.2619,5.1563,23.44,True,OK,улица Мира,w352161999
4,2,Протягайловка,1,6.2936,6.2602,17.35,True,OK,улица Мунтяна,n2337948161
4,2,Протягайловка,1,8.1258,6.3425,16.71,True,OK,улица Мунтяна,w352680193
4,2,Протягайловка,2,6.4207,6.2349,23.53,True,OK,улица Мунтяна,w352334980
4,2,Протягайловка,2,6.349,6.3066,19.75,True,OK,улица Мунтяна,w352334984
4,2,Протягайловка,3,8.1086,6.3597,12.59,True,OK,улица Мунтяна,w353259236
4,2,Протягайловка,5,8.0743,6.394,11.35,True,OK,улица Мунтяна,w353259629
4,2,Протягайловка,6,8.1955,6.2727,15.89,True,OK,улица Мунтяна,w352347156
4,2,Протягайловка,7,6.4558,6.4224,16.94,True,OK,улица Мунтяна,w353259631
4,2,Протягайловка,8,8.1723,6.2959,16.08,True,OK,улица Мунтяна,w352347160
4,2,Протягайловка,9,6.4946,6.4613,13.3,True,OK,улица Мунтяна,w424795691
4,2,Протягайловка,10,8.1514,6.3169,15.41,True,OK,улица Мунтяна,w352347162
4,2,Протягайловка,11,6.5188,6.4855,14.53,True,OK,улица Мунтяна,w426526607
4,2,Протягайловка,12,6.3718,6.3384,7.25,True,OK,улица Мунтяна,n2337948160
4,2,Протягайловка,13,6.5396,6.5063,12.43,True,OK,улица Мунтяна,w426526609
4,2,Протягайловка,14,6.5481,6.5148,8.11,True,OK,улица Мунтяна,n2337948159
4,2,Протягайловка,14,6.5474,6.5141,15.62,True,OK,улица Мунтяна,w428711640
4,2,Протягайловка,16,7.9254,6.5428,16.21,True,OK,улица Мунтяна,w428711641
4,2,Протягайловка,17,7.934,6.5343,13.7,True,OK,улица Мунтяна,w428711643
4,2,Протягайловка,17а,6.5854,6.552,16.73,True,OK,улица Мунтяна,w428711646
4,2,Протягайловка,18,6.5966,6.5632,12.69,True,OK,улица Мунтяна,w428711642
4,2,Протягайловка,21,6.6266,6.5932,18.16,True,OK,улица Мунтяна,w428711649
4,2,Протягайловка,57,7.454,7.0142,28.8,True,OK,улица Мунтяна,n2337929305
4,2,Протягайловка,58,7.4651,7.0031,18.22,True,OK,улица Мунтяна,w438040321
4,2,Протягайловка,59,7.116,7.0826,19.07,True,OK,улица Мунтяна,w438040319
4,2,Протягайловка,60,7.0583,7.025,4.43,True,OK,улица Мунтяна,n2337929304
4,2,Протягайловка,60,7.4459,7.0224,16.65,True,OK,улица Мунтяна,w438040320
4,2,Протягайловка,64,7.4046,7.0636,20.05,True,OK,улица Мунтяна,w438040314
4,2,Протягайловка,77,8.2131,7.1607,19.21,True,OK,улица Мунтяна,n2337929301
4,2,Протягайловка,80,7.2621,7.2084,24.33,True,OK,улица Мунтяна,n4997938726
4,2,Протягайловка,84,7.1925,7.1591,12.62,True,OK,улица Мунтяна,n2337929300
4,2,Протягайловка,86,8.1911,7.1827,13.72,True,OK,улица Мунтяна,n2337929299
4,2,Протягайловка,91,8.0272,7.3466,16.72,True,OK,улица Мунтяна,w438040299
4,2,Протягайловка,93,7.9866,7.3872,19.34,True,OK,улица Мунтяна,w438040297
4,2,Протягайловка,98,6.4201,6.2354,31.04,True,OK,улица Мунтяна,w352334985
4,2,Протягайловка,105,7.7669,7.6069,16.27,True,OK,улица Мунтяна,w438037691
4,2,Протягайловка,106,7.4079,7.3745,22.3,True,OK,улица Мунтяна,w438040296
4,2,Протягайловка,107,7.7259,7.6479,18.02,True,OK,улица Мунтяна,w438037579
4,2,Протягайловка,109,7.7232,7.6898,15.18,True,OK,улица Мунтяна,w438037450
4,2,Протягайловка,111,8.2694,7.6913,39.76,True,OK,улица Мунтяна,w438037259
4,2,Протягайловка,126,8.4158,7.5659,28.23,True,OK,улица Мунтяна,w438042066
4,2,Протягайловка,128,8.3917,7.59,12.36,True,OK,улица Мунтяна,n2337929298
4,2,Протягайловка,130,7.6545,7.6212,9.84,True,OK,улица Мунтяна,n6777588144
4,2,Протягайловка,153,8.0998,7.9021,21.96,True,OK,улица Мунтяна,n2337929291
4,2,Протягайловка,1,8.4598,8.0182,12.96,True,OK,улица Николая Белана,n2337904428
4,2,Протягайловка,2,8.4708,8.0072,10.03,True,OK,улица Николая Белана,n2337904427
4,2,Протягайловка,7,7.5515,7.5182,9.61,True,OK,улица Николая Белана,n4886201534
4,2,Протягайловка,79,8.4275,7.9925,10.08,True,OK,улица Николая Белана,n2337908045
4,2,Протягайловка,129,7.7736,7.7402,10.23,True,OK,улица Николая Белана,n2337908048
4,2,Протягайловка,1,5.2346,5.2012,16.92,True,OK,улица Штефан чел Маре,w401161040
4,2,Протягайловка,2,,5.2021,19.35,True,OK,улица Штефан чел Маре,w353258949
4,2,Протягайловка,3,5.2601,5.2268,21.03,True,OK,улица Штефан чел Маре,w401161041
4,2,Протягайловка,4,5.2612,5.2278,19.89,True,OK,улица Штефан чел Маре,w353258951
4,2,Протягайловка,5,,5.2504,14.33,True,OK,улица Штефан чел Маре,w401161042
4,2,Протягайловка,7,,5.2726,15.01,True,OK,улица Штефан чел Маре,w405000980
4,2,Протягайловка,8,,5.2627,19.02,True,OK,улица Штефан чел Маре,w401161033
4,2,Протягайловка,9,,5.2961,21.35,True,OK,улица Штефан чел Маре,w582365653
4,2,Протягайловка,10,5.322,5.2886,15.82,True,OK,улица Штефан чел Маре,w401161034
4,2,Протягайловка,12,,5.3138,13.12,True,OK,улица Штефан чел Маре,w401161035
4,2,Протягайловка,14,5.374,5.3406,11.74,True,OK,улица Штефан чел Маре,w424745270
4,2,Протягайловка,15,5.3916,5.36,13.03,True,OK,улица Штефан чел Маре,w424745273
4,2,Протягайловка,16,5.4057,5.3724,16.8,True,OK,улица Штефан чел Маре,w424745272
4,2,Протягайловка,22,,5.4658,7.96,True,OK,улица Штефан чел Маре,n4813753096
4,2,Протягайловка,31,,5.5966,9.35,True,OK,улица Штефан чел Маре,w442395868
4,2,Протягайловка,33,5.6336,5.6917,51.08,True,OK,улица Штефан чел Маре,w441641832
