uid,settlement_ru,district_ru,street_ru,housenumber,lat,lon,snap_distance_m,snapped_name,nearest_road_name,nearest_road_highway,nearest_road_dist_m
n4919312070,Бендеры,Борисовка,1-й Братский переулок,1 А,46.83975,29.46641,16.8,1-й Братский переулок,1-й Братский переулок,residential,18.4
w319402241,Бендеры,Борисовка,1-й Братский переулок,12,46.83973,29.46712,13.7,1-й Братский переулок,1-й Братский переулок,residential,15.3
w319305814,Бендеры,Борисовка,1-й Братский переулок,14,46.83952,29.46691,14.3,1-й переулок Петровского,1-й Братский переулок,residential,16.0
n2325729678,Бендеры,Борисовка,1-й Братский переулок,16,46.84051,29.46561,14.7,1-й Братский переулок,1-й Братский переулок,residential,16.7
n2325729685,Бендеры,Борисовка,1-й Братский переулок,23,46.84032,29.4653,16.3,1-й Братский переулок,1-й Братский переулок,residential,17.7
w319141459,Бендеры,Борисовка,1-й переулок Петровского,1,46.84028,29.4682,13.2,1-й переулок Петровского,1-й переулок Петровского,residential,16.3
w319141457,Бендеры,Борисовка,1-й переулок Петровского,3,46.84005,29.46795,13.8,1-й переулок Петровского,1-й переулок Петровского,residential,17.3
w319615907,Бендеры,Борисовка,1-й переулок Петровского,4,46.84037,29.46777,18.7,1-й переулок Петровского,1-й переулок Петровского,residential,22.6
w319615909,Бендеры,Борисовка,1-й переулок Петровского,6,46.84021,29.46768,13.3,1-й переулок Петровского,1-й переулок Петровского,residential,15.8
w319402243,Бендеры,Борисовка,1-й переулок Петровского,10,46.83991,29.46725,20.2,1-й переулок Петровского,1-й переулок Петровского,residential,24.8
w319141434,Бендеры,Борисовка,1-й переулок Петровского,11,46.83934,29.4672,15.5,1-й переулок Петровского,1-й переулок Петровского,residential,19.4
w319227866,Бендеры,Борисовка,1-й переулок Петровского,16,46.83938,29.46664,21.4,1-й переулок Петровского,1-й переулок Петровского,residential,25.8
n2325366583,Бендеры,Борисовка,1-й переулок Петровского,29,46.83911,29.46661,5.2,1-й переулок Петровского,1-й переулок Петровского,residential,5.9
w319305819,Бендеры,Борисовка,2-й Братский переулок,1,46.84019,29.46706,14.7,2-й Братский переулок,2-й Братский переулок,residential,16.5
n2325729693,Бендеры,Борисовка,2-й Братский переулок,2,46.84021,29.46734,0.0,2-й Братский переулок,2-й Братский переулок,residential,0.2
w319615908,Бендеры,Борисовка,2-й Братский переулок,3,46.84044,29.46666,11.0,2-й Братский переулок,2-й Братский переулок,residential,12.3
w351855709,Бендеры,Борисовка,2-й Братский переулок,5,46.8406,29.46625,15.8,2-й Братский переулок,2-й Братский переулок,residential,17.5
n4919312077,Бендеры,Борисовка,2-й Братский переулок,6 Б,46.84018,29.46759,8.8,2-й Братский переулок,2-й Братский переулок,residential,9.7
w351855710,Бендеры,Борисовка,2-й Братский переулок,7,46.84056,29.46604,29.0,2-й Братский переулок,2-й Братский переулок,residential,32.2
w351855713,Бендеры,Борисовка,2-й Братский переулок,9,46.84081,29.46587,14.7,2-й Братский переулок,2-й Братский переулок,residential,16.3
n2325729692,Бендеры,Борисовка,2-й Братский переулок,12,46.84097,29.46596,3.6,2-й Братский переулок,2-й Братский переулок,residential,4.1
w319141416,Бендеры,Борисовка,2-й переулок Петровского,4,46.83959,29.46828,21.9,2-й переулок Петровского,2-й переулок Петровского,residential,24.7
w319141422,Бендеры,Борисовка,2-й переулок Петровского,4,46.83919,29.46862,13.4,2-й переулок Петровского,2-й переулок Петровского,residential,19.3
w319141417,Бендеры,Борисовка,2-й переулок Петровского,5,46.83979,29.46769,13.0,2-й переулок Петровского,2-й переулок Петровского,residential,15.0
w319141418,Бендеры,Борисовка,2-й переулок Петровского,8,46.83973,29.4679,17.1,2-й переулок Петровского,2-й переулок Петровского,residential,19.6
n5708918557,Бендеры,Борисовка,2-й переулок Петровского,15,46.83952,29.46763,13.8,2-й переулок Петровского,2-й переулок Петровского,residential,14.7
w319139366,Бендеры,Борисовка,2-й переулок Петровского,45,46.8389,29.46863,9.1,2-й переулок Петровского,2-й переулок Петровского,residential,13.2
w317148593,Бендеры,Борисовка,Безымянный переулок,23,46.83218,29.46566,25.8,улица Бендерского Восстания,улица Бендерского Восстания,primary,36.1
w209273615,Бендеры,Борисовка,Безымянный переулок,42,46.8328,29.46519,27.4,улица Бендерского Восстания,улица Бендерского Восстания,primary,38.2
w317055539,Бендеры,Борисовка,Безымянный переулок,44,46.83267,29.46526,18.3,улица Бендерского Восстания,улица Бендерского Восстания,primary,25.6
w209273643,Бендеры,Борисовка,Безымянный переулок,46,46.83247,29.46516,19.6,улица Бендерского Восстания,улица Бендерского Восстания,primary,27.5
w209273632,Бендеры,Борисовка,Безымянный переулок,48,46.83237,29.46467,15.5,Безымянный переулок,Безымянный переулок,residential,16.0
w209273614,Бендеры,Борисовка,Безымянный переулок,50в,46.83211,29.46422,14.2,,Безымянный переулок,residential,22.1
w318090595,Бендеры,Борисовка,Безымянный переулок,63,46.83269,29.46339,21.8,Безымянный переулок,Безымянный переулок,residential,22.7
w319139357,Бендеры,Борисовка,Бельцкая улица,1,46.83796,29.46588,17.3,Бельцкая улица,Бельцкая улица,tertiary,17.7
w318185745,Бендеры,Борисовка,Бельцкая улица,2,46.83772,29.46673,12.4,Бельцкая улица,Бельцкая улица,tertiary,12.0
n4580309456,Бендеры,Борисовка,Бельцкая улица,3,46.83802,29.4661,23.2,Бельцкая улица,Бельцкая улица,tertiary,23.6
w318058451,Бендеры,Борисовка,Бельцкая улица,4,46.83776,29.46784,12.1,Бельцкая улица,Бельцкая улица,tertiary,11.8
w319139352,Бендеры,Борисовка,Бельцкая улица,5,46.83814,29.46626,35.8,Бельцкая улица,Бельцкая улица,tertiary,36.3
w319139353,Бендеры,Борисовка,Бельцкая улица,7,46.83802,29.46662,21.3,Бельцкая улица,Бельцкая улица,tertiary,21.7
w318058455,Бендеры,Борисовка,Бельцкая улица,8,46.83776,29.46809,13.0,Бельцкая улица,Бельцкая улица,tertiary,12.8
w319139349,Бендеры,Борисовка,Бельцкая улица,9,46.83813,29.46695,32.4,Бельцкая улица,Бельцкая улица,tertiary,32.7
n2325366580,Бендеры,Борисовка,Бельцкая улица,10,46.8378,29.46938,17.2,Бельцкая улица,Бельцкая улица,tertiary,17.4
w319139344,Бендеры,Борисовка,Бельцкая улица,11,46.83818,29.46734,36.5,Бельцкая улица,Бельцкая улица,tertiary,36.8
w319135683,Бендеры,Борисовка,Бельцкая улица,13,46.83802,29.46769,17.4,Бельцкая улица,Бельцкая улица,tertiary,17.6
w532689734,Бендеры,Борисовка,Бельцкая улица,14,46.83803,29.47001,9.7,Бельцкая улица,Бельцкая улица,tertiary,10.0
w319139342,Бендеры,Борисовка,Бельцкая улица,15,46.83803,29.46792,17.6,Бельцкая улица,Бельцкая улица,tertiary,17.9
w306219486,Бендеры,Борисовка,Бельцкая улица,16,46.83835,29.471,15.5,Бельцкая улица,Бельцкая улица,tertiary,16.1
w319139341,Бендеры,Борисовка,Бельцкая улица,17,46.83804,29.46817,17.7,Бельцкая улица,Бельцкая улица,tertiary,18.0
w306219483,Бендеры,Борисовка,Бельцкая улица,18,46.83844,29.47124,15.6,Бельцкая улица,Бельцкая улица,tertiary,16.4
w319139339,Бендеры,Борисовка,Бельцкая улица,19,46.83804,29.46836,17.0,Бельцкая улица,Бельцкая улица,tertiary,17.2
w306219470,Бендеры,Борисовка,Бельцкая улица,20,46.83852,29.47146,16.1,Бельцкая улица,Бельцкая улица,tertiary,16.8
w319135680,Бендеры,Борисовка,Бельцкая улица,21,46.83811,29.46864,23.7,Бельцкая улица,Бельцкая улица,tertiary,23.9
w306219469,Бендеры,Борисовка,Бельцкая улица,22,46.83857,29.47169,19.7,Бельцкая улица,Бельцкая улица,tertiary,20.8
w318701784,Бендеры,Борисовка,Бельцкая улица,23,46.83809,29.46898,20.3,Бельцкая улица,Бельцкая улица,tertiary,20.5
w306219468,Бендеры,Борисовка,Бельцкая улица,24,46.83868,29.47196,19.1,Бельцкая улица,Бельцкая улица,tertiary,20.1
w318701782,Бендеры,Борисовка,Бельцкая улица,25,46.8381,29.46916,19.6,Бельцкая улица,Бельцкая улица,tertiary,20.2
w306219466,Бендеры,Борисовка,Бельцкая улица,26,46.83879,29.47215,15.4,Бельцкая улица,Бельцкая улица,tertiary,16.3
w317148288,Бендеры,Борисовка,Бельцкая улица,27,46.83832,29.46977,27.3,Бельцкая улица,Бельцкая улица,tertiary,29.6
w306219465,Бендеры,Борисовка,Бельцкая улица,28,46.83886,29.47235,16.0,Бельцкая улица,Бельцкая улица,tertiary,17.0
w209267155,Бендеры,Борисовка,Бельцкая улица,29,46.83729,29.46554,17.2,,Кишинёвская улица,primary,39.7
w318701773,Бендеры,Борисовка,Бельцкая улица,33,46.83867,29.47085,21.1,Бельцкая улица,Бельцкая улица,tertiary,23.0
w295571380,Бендеры,Борисовка,Бельцкая улица,33б,46.83838,29.46475,17.0,Кишинёвская улица,Кишинёвская улица,primary,21.6
w318058442,Бендеры,Борисовка,Бельцкая улица,34,46.83773,29.46745,13.9,Бельцкая улица,Бельцкая улица,tertiary,13.6
w318701778,Бендеры,Борисовка,Бельцкая улица,35,46.83874,29.47112,18.0,Бельцкая улица,Бельцкая улица,tertiary,19.5
w319144223,Бендеры,Борисовка,Бельцкая улица,36/36а,46.83991,29.47534,24.1,Бельцкая улица,Бельцкая улица,tertiary,25.4
w318701780,Бендеры,Борисовка,Бельцкая улица,37,46.83885,29.4714,18.2,Бельцкая улица,Бельцкая улица,tertiary,19.8
w318701795,Бендеры,Борисовка,Бельцкая улица,41,46.83899,29.4717,20.8,Бельцкая улица,Бельцкая улица,tertiary,22.3
w318701803,Бендеры,Борисовка,Бельцкая улица,43,46.83908,29.47201,18.0,Бельцкая улица,Бельцкая улица,tertiary,19.3
w318701805,Бендеры,Борисовка,Бельцкая улица,45,46.83916,29.47224,17.2,Бельцкая улица,Бельцкая улица,tertiary,18.5
w532689732,Бендеры,Борисовка,Бельцкая улица,49,46.83936,29.47263,22.2,Бельцкая улица,Бельцкая улица,tertiary,23.6
w318701862,Бендеры,Борисовка,Бельцкая улица,51,46.83947,29.47283,25.5,Бельцкая улица,Бельцкая улица,tertiary,26.9
w318702082,Бендеры,Борисовка,Бельцкая улица,55,46.83976,29.47354,27.3,Бельцкая улица,Бельцкая улица,tertiary,28.9
w318702083,Бендеры,Борисовка,Бельцкая улица,57,46.83978,29.47383,18.5,Бельцкая улица,Бельцкая улица,tertiary,19.6
w318185749,Бендеры,Борисовка,Бельцкая улица,92,46.83746,29.46629,27.1,Кишинёвская улица,Кишинёвская улица,primary,33.9
w318072708,Бендеры,Борисовка,Бельцкая улица,94,46.83767,29.46619,16.0,Бельцкая улица,Бельцкая улица,tertiary,15.6
n2325366572,Бендеры,Борисовка,Бельцкая улица,98,46.83762,29.46581,5.8,Кишинёвская улица,Кишинёвская улица,primary,7.3
n2325366573,Бендеры,Борисовка,Бельцкая улица,100,46.8379,29.46556,6.5,Кишинёвская улица,Кишинёвская улица,primary,8.3
w319139358,Бендеры,Борисовка,Бельцкая улица,104,46.83811,29.46571,28.7,Кишинёвская улица,Бельцкая улица,tertiary,35.0
w319139372,Бендеры,Борисовка,Бельцкая улица,106,46.83827,29.46567,35.8,Кишинёвская улица,Кишинёвская улица,primary,45.2
n2337855688,Бендеры,Борисовка,Братская улица,7,46.84135,29.46616,15.3,Братская улица,Братская улица,residential,19.1
w297047299,Бендеры,Борисовка,Братская улица,8,46.84149,29.46573,20.2,Братская улица,Братская улица,residential,24.5
w297047300,Бендеры,Борисовка,Братская улица,10,46.84134,29.46557,19.9,Братская улица,Братская улица,residential,24.2
n2337855692,Бендеры,Борисовка,Братская улица,11,46.84119,29.46598,15.0,Братская улица,Братская улица,residential,18.8
w319615914,Бендеры,Борисовка,Братская улица,12,46.84118,29.46549,14.1,Братская улица,Братская улица,residential,17.0
n5682775200,Бендеры,Борисовка,Братская улица,12/1,46.84116,29.4654,18.2,Братская улица,Братская улица,residential,22.0
n2337855693,Бендеры,Борисовка,Братская улица,13,46.84086,29.46562,15.7,Братская улица,Братская улица,residential,19.2
w319620058,Бендеры,Борисовка,Братская улица,14,46.84102,29.46529,15.2,Братская улица,Братская улица,residential,18.5
n2325729703,Бендеры,Борисовка,Братская улица,22,46.8404,29.46467,9.8,Братская улица,Братская улица,residential,11.8
n2325729718,Бендеры,Борисовка,Варницкий тупик,1,46.84126,29.4639,15.3,Варницкий тупик,Варницкий тупик,residential,16.9
w352110120,Бендеры,Борисовка,Варницкий тупик,9,46.84118,29.4642,9.3,Варницкий тупик,Варницкий тупик,residential,9.9
n2325729715,Бендеры,Борисовка,Варницкий тупик,13,46.84175,29.46295,22.4,Варницкий тупик,Варницкий тупик,residential,25.9
w352667478,Бендеры,Борисовка,Варницкий тупик,14,46.84195,29.46341,17.7,Варницкий тупик,Варницкий тупик,residential,20.0
w352667476,Бендеры,Борисовка,Варницкий тупик,16,46.84209,29.4632,18.3,Варницкий тупик,Варницкий тупик,residential,20.8
n2337985509,Бендеры,Хомутяновка,Гербовецкая улица,1,46.82229,29.44966,27.3,Гербовецкая улица,Гербовецкая улица,tertiary,27.2
w352064505,Бендеры,Хомутяновка,Гербовецкая улица,4,46.82282,29.45124,28.6,Гербовецкая улица,Гербовецкая улица,tertiary,29.0
w352064507,Бендеры,Хомутяновка,Гербовецкая улица,6,46.82282,29.45095,29.0,Гербовецкая улица,Гербовецкая улица,tertiary,29.2
w352161715,Бендеры,Хомутяновка,Гербовецкая улица,8,46.82283,29.45075,30.4,Гербовецкая улица,Гербовецкая улица,tertiary,30.5
w352161714,Бендеры,Хомутяновка,Гербовецкая улица,10,46.82286,29.45051,34.0,Гербовецкая улица,Гербовецкая улица,tertiary,34.1
w352161713,Бендеры,Хомутяновка,Гербовецкая улица,12,46.82281,29.45031,28.8,Гербовецкая улица,Гербовецкая улица,tertiary,28.7
w352161711,Бендеры,Хомутяновка,Гербовецкая улица,14,46.8229,29.44996,39.5,Гербовецкая улица,Гербовецкая улица,tertiary,39.3
w352161710,Бендеры,Хомутяновка,Гербовецкая улица,16,46.82279,29.44979,27.9,Гербовецкая улица,Гербовецкая улица,tertiary,27.8
w352161708,Бендеры,Хомутяновка,Гербовецкая улица,18,46.82291,29.44956,42.0,Гербовецкая улица,Гербовецкая улица,tertiary,41.9
w352161709,Бендеры,Хомутяновка,Гербовецкая улица,20,46.82279,29.44933,29.4,Гербовецкая улица,Гербовецкая улица,tertiary,29.4
w352161707,Бендеры,Хомутяновка,Гербовецкая улица,22,46.82277,29.44907,27.9,Гербовецкая улица,Гербовецкая улица,tertiary,28.1
w352161706,Бендеры,Хомутяновка,Гербовецкая улица,24,46.82277,29.44882,28.6,Гербовецкая улица,Гербовецкая улица,tertiary,28.8
w352161705,Бендеры,Хомутяновка,Гербовецкая улица,26,46.82286,29.4486,39.2,Гербовецкая улица,Гербовецкая улица,tertiary,39.4
w352161717,Бендеры,Хомутяновка,Гербовецкая улица,28,46.8229,29.44848,43.9,Гербовецкая улица,Гербовецкая улица,tertiary,44.1
w352161704,Бендеры,Хомутяновка,Гербовецкая улица,30,46.82286,29.4483,39.9,Гербовецкая улица,Гербовецкая улица,tertiary,40.2
n2321951519,Бендеры,Хомутяновка,Гербовецкая улица,43,46.82272,29.45425,7.0,Гербовецкая улица,Гербовецкая улица,tertiary,7.5
n4919309516,Бендеры,Хомутяновка,Гербовецкая улица,45,46.82268,29.45376,20.7,Гербовецкая улица,Гербовецкая улица,tertiary,21.1
w320440076,Бендеры,Хомутяновка,Гербовецкая улица,49,46.82239,29.45112,19.0,Гербовецкая улица,Гербовецкая улица,tertiary,18.6
w353974419,Бендеры,Хомутяновка,Главная улица,1,46.81534,29.45005,18.1,Главная улица,Главная улица,residential,22.9
w353974255,Бендеры,Хомутяновка,Главная улица,3,46.81566,29.45017,21.5,Главная улица,Главная улица,residential,31.3
w318084711,Бендеры,Хомутяновка,Глинная улица,1,46.82536,29.45396,11.3,Глинная улица,Глинная улица,residential,11.7
w318548578,Бендеры,Хомутяновка,Глинная улица,3,46.8252,29.45382,25.8,Глинная улица,Глинная улица,residential,26.4
w318548576,Бендеры,Хомутяновка,Глинная улица,5,46.82527,29.4535,12.1,Глинная улица,Глинная улица,residential,12.4
w318548577,Бендеры,Хомутяновка,Глинная улица,7,46.82526,29.45334,10.0,Глинная улица,Глинная улица,residential,10.3
w318084713,Бендеры,Хомутяновка,Глинная улица,9,46.82547,29.45446,9.2,Глинная улица,Глинная улица,residential,9.6
w315109557,Бендеры,Хомутяновка,Дачная улица,1,46.81806,29.45861,20.4,Дачная улица,Дачная улица,residential,28.7
w315109558,Бендеры,Хомутяновка,Дачная улица,3,46.8179,29.45852,18.4,Дачная улица,Дачная улица,residential,25.9
w318406782,Бендеры,Хомутяновка,Дачная улица,4,46.81831,29.45821,16.2,Дачная улица,Дачная улица,residential,22.7
w318406783,Бендеры,Хомутяновка,Дачная улица,6,46.81816,29.45814,17.0,Дачная улица,Дачная улица,residential,23.9
w318406789,Бендеры,Хомутяновка,Дачная улица,8,46.81802,29.45805,19.6,Дачная улица,Дачная улица,residential,27.6
w318406792,Бендеры,Хомутяновка,Дачная улица,10,46.81787,29.45804,16.0,Дачная улица,Дачная улица,residential,22.6
w299956671,Бендеры,Хомутяновка,Деповская улица,5,46.82875,29.47155,22.3,Деповская улица,Деповская улица,residential,29.1
w317051444,Бендеры,Хомутяновка,Железнодорожная улица,3,46.82824,29.46123,18.5,Железнодорожная улица,Железнодорожная улица,residential,25.7
w317149176,Бендеры,Хомутяновка,Железнодорожная улица,4,46.82959,29.46123,20.2,Железнодорожная улица,Железнодорожная улица,residential,28.6
w317051443,Бендеры,Хомутяновка,Железнодорожная улица,5,46.82812,29.4612,19.6,Железнодорожная улица,Железнодорожная улица,residential,27.3
w317149175,Бендеры,Хомутяновка,Железнодорожная улица,6,46.82945,29.46121,17.6,Железнодорожная улица,Железнодорожная улица,residential,25.1
w317051442,Бендеры,Хомутяновка,Железнодорожная улица,7,46.82797,29.46118,22.3,Железнодорожная улица,Железнодорожная улица,residential,31.2
w317051499,Бендеры,Хомутяновка,Железнодорожная улица,8,46.82924,29.4611,19.7,Железнодорожная улица,Железнодорожная улица,residential,27.9
w317051441,Бендеры,Хомутяновка,Железнодорожная улица,9,46.82786,29.46107,17.2,Железнодорожная улица,Железнодорожная улица,residential,24.1
w317051496,Бендеры,Хомутяновка,Железнодорожная улица,10,46.82895,29.46103,16.5,Железнодорожная улица,Железнодорожная улица,residential,23.4
w317051439,Бендеры,Хомутяновка,Железнодорожная улица,11,46.82775,29.46105,18.8,Железнодорожная улица,Железнодорожная улица,residential,26.3
w317051432,Бендеры,Хомутяновка,Железнодорожная улица,13,46.8276,29.46101,20.0,Железнодорожная улица,Железнодорожная улица,residential,28.1
w317051487,Бендеры,Хомутяновка,Железнодорожная улица,16,46.82831,29.46076,18.1,Железнодорожная улица,Железнодорожная улица,residential,25.8
n9170522018,Бендеры,Хомутяновка,Железнодорожная улица,17,46.82737,29.46078,9.5,Железнодорожная улица,Железнодорожная улица,residential,13.3
w317051467,Бендеры,Хомутяновка,Железнодорожная улица,18,46.82817,29.46072,17.1,Железнодорожная улица,Железнодорожная улица,residential,24.5
w317051466,Бендеры,Хомутяновка,Железнодорожная улица,20,46.82803,29.46064,19.2,Железнодорожная улица,Железнодорожная улица,residential,27.2
w316645121,Бендеры,Хомутяновка,Железнодорожная улица,21,46.82698,29.46078,20.9,Железнодорожная улица,улица Спартака,residential,26.9
w317051464,Бендеры,Хомутяновка,Железнодорожная улица,22,46.82788,29.46059,18.7,Железнодорожная улица,Железнодорожная улица,residential,26.5
w316645120,Бендеры,Хомутяновка,Железнодорожная улица,23,46.82688,29.46069,17.3,Железнодорожная улица,Железнодорожная улица,residential,24.3
w317051462,Бендеры,Хомутяновка,Железнодорожная улица,24,46.82775,29.46052,20.2,Железнодорожная улица,Железнодорожная улица,residential,28.7
w317051457,Бендеры,Хомутяновка,Железнодорожная улица,26,46.82762,29.46048,19.6,Железнодорожная улица,Железнодорожная улица,residential,27.7
w316645010,Бендеры,Хомутяновка,Железнодорожная улица,27,46.82661,29.46061,19.6,Железнодорожная улица,Железнодорожная улица,residential,27.6
w316645009,Бендеры,Хомутяновка,Железнодорожная улица,29,46.8265,29.46054,17.8,Железнодорожная улица,Железнодорожная улица,residential,25.1
w316645008,Бендеры,Хомутяновка,Железнодорожная улица,31,46.82637,29.46053,21.0,Железнодорожная улица,Железнодорожная улица,residential,29.6
w316645007,Бендеры,Хомутяновка,Железнодорожная улица,33,46.82625,29.46046,19.5,Железнодорожная улица,Железнодорожная улица,residential,27.5
w316785287,Бендеры,Хомутяновка,Железнодорожная улица,34,46.82693,29.46015,23.7,Железнодорожная улица,Железнодорожная улица,residential,33.2
w561469641,Бендеры,Хомутяновка,Железнодорожная улица,36,46.82679,29.46008,24.6,Железнодорожная улица,Железнодорожная улица,residential,34.4
w316758837,Бендеры,Хомутяновка,Железнодорожная улица,38,46.82664,29.46004,23.0,Железнодорожная улица,Железнодорожная улица,residential,32.1
w315618139,Бендеры,Хомутяновка,Железнодорожная улица,39,46.82567,29.46022,19.7,Железнодорожная улица,Железнодорожная улица,residential,27.8
w316758836,Бендеры,Хомутяновка,Железнодорожная улица,40,46.82651,29.46002,20.5,Железнодорожная улица,Железнодорожная улица,residential,28.7
w315618140,Бендеры,Хомутяновка,Железнодорожная улица,41,46.82555,29.46017,19.8,Железнодорожная улица,Железнодорожная улица,residential,28.0
w316665822,Бендеры,Хомутяновка,Железнодорожная улица,42,46.82637,29.45995,21.5,Железнодорожная улица,Железнодорожная улица,residential,29.9
w315618141,Бендеры,Хомутяновка,Железнодорожная улица,43,46.82542,29.46011,19.5,Железнодорожная улица,Железнодорожная улица,residential,27.5
w315618142,Бендеры,Хомутяновка,Железнодорожная улица,45,46.82529,29.46006,19.9,Железнодорожная улица,Железнодорожная улица,residential,28.1
w315618133,Бендеры,Хомутяновка,Железнодорожная улица,47,46.82517,29.46002,20.7,Железнодорожная улица,Железнодорожная улица,residential,29.2
w315618160,Бендеры,Хомутяновка,Железнодорожная улица,48,46.82573,29.45969,20.9,Железнодорожная улица,Железнодорожная улица,residential,28.9
w315618131,Бендеры,Хомутяновка,Железнодорожная улица,49,46.82503,29.46,23.6,Железнодорожная улица,Железнодорожная улица,residential,33.3
w315618161,Бендеры,Хомутяновка,Железнодорожная улица,50,46.82556,29.45964,19.2,Железнодорожная улица,Железнодорожная улица,residential,26.6
w315618129,Бендеры,Хомутяновка,Железнодорожная улица,51,46.82492,29.45991,20.5,Железнодорожная улица,Железнодорожная улица,residential,28.9
w315618165,Бендеры,Хомутяновка,Железнодорожная улица,52,46.82541,29.45957,19.7,Железнодорожная улица,Железнодорожная улица,residential,27.2
w184989544,Бендеры,Хомутяновка,Железнодорожная улица,52а,46.82973,29.46329,56.7,,улица Бендерского Восстания,primary,104.9
w315425254,Бендеры,Хомутяновка,Железнодорожная улица,53,46.82479,29.45987,21.5,Железнодорожная улица,Железнодорожная улица,residential,30.5
w315618154,Бендеры,Хомутяновка,Железнодорожная улица,54,46.82529,29.45938,29.8,Железнодорожная улица,Железнодорожная улица,residential,41.3
w315425247,Бендеры,Хомутяновка,Железнодорожная улица,55,46.8246,29.45998,35.6,Железнодорожная улица,переулок Лермонтова,residential,42.9
w315618155,Бендеры,Хомутяновка,Железнодорожная улица,56,46.82514,29.4594,23.6,Железнодорожная улица,Железнодорожная улица,residential,32.7
w315425245,Бендеры,Хомутяновка,Железнодорожная улица,57,46.82451,29.45982,26.7,Железнодорожная улица,переулок Лермонтова,residential,29.8
w315425252,Бендеры,Хомутяновка,Железнодорожная улица,58,46.82497,29.4594,18.3,Железнодорожная улица,Железнодорожная улица,residential,25.3
w315425250,Бендеры,Хомутяновка,Железнодорожная улица,60,46.82483,29.45934,18.4,Железнодорожная улица,Железнодорожная улица,residential,25.3
w315425248,Бендеры,Хомутяновка,Железнодорожная улица,62,46.82468,29.45929,17.4,Железнодорожная улица,Железнодорожная улица,residential,23.9
w315193170,Бендеры,Хомутяновка,Железнодорожная улица,63,46.82405,29.45957,21.9,Железнодорожная улица,переулок Лермонтова,residential,25.4
w315193163,Бендеры,Хомутяновка,Железнодорожная улица,65,46.82391,29.45952,22.1,Железнодорожная улица,Железнодорожная улица,residential,31.4
w315193149,Бендеры,Хомутяновка,Железнодорожная улица,67,46.8238,29.45947,21.4,Железнодорожная улица,Железнодорожная улица,residential,30.5
w315425219,Бендеры,Хомутяновка,Железнодорожная улица,68,46.82414,29.45908,16.6,Железнодорожная улица,Железнодорожная улица,residential,23.2
w315193143,Бендеры,Хомутяновка,Железнодорожная улица,69,46.82367,29.45944,22.8,Железнодорожная улица,Железнодорожная улица,residential,32.4
w315425218,Бендеры,Хомутяновка,Железнодорожная улица,70,46.82398,29.459,18.2,Железнодорожная улица,Железнодорожная улица,residential,25.4
w315108372,Бендеры,Хомутяновка,Железнодорожная улица,71,46.82355,29.45947,28.3,Железнодорожная улица,Железнодорожная улица,residential,40.1
w315193130,Бендеры,Хомутяновка,Железнодорожная улица,72,46.82385,29.45889,22.7,Железнодорожная улица,Железнодорожная улица,residential,31.8
w315108371,Бендеры,Хомутяновка,Железнодорожная улица,73,46.82342,29.45933,21.6,Железнодорожная улица,Железнодорожная улица,residential,30.6
w315193155,Бендеры,Хомутяновка,Железнодорожная улица,74,46.82369,29.4589,17.5,Железнодорожная улица,Железнодорожная улица,residential,24.6
w315108370,Бендеры,Хомутяновка,Железнодорожная улица,75,46.82328,29.45928,21.8,Железнодорожная улица,Железнодорожная улица,residential,30.8
w315108369,Бендеры,Хомутяновка,Железнодорожная улица,77,46.82315,29.45923,21.9,Железнодорожная улица,Железнодорожная улица,residential,30.7
w315193133,Бендеры,Хомутяновка,Железнодорожная улица,80,46.82317,29.45869,18.4,Железнодорожная улица,Железнодорожная улица,residential,26.1
w302074717,Бендеры,Хомутяновка,Железнодорожная улица,85,46.82253,29.45896,20.0,Железнодорожная улица,улица Добродеева,residential,26.5
w302074724,Бендеры,Хомутяновка,Железнодорожная улица,86,46.82262,29.45847,18.5,Железнодорожная улица,Железнодорожная улица,residential,26.2
w302074719,Бендеры,Хомутяновка,Железнодорожная улица,87,46.82237,29.45891,21.2,Железнодорожная улица,Железнодорожная улица,residential,29.5
w302074718,Бендеры,Хомутяновка,Железнодорожная улица,88,46.82247,29.45842,17.8,Железнодорожная улица,Железнодорожная улица,residential,25.0
w302074720,Бендеры,Хомутяновка,Железнодорожная улица,89,46.8222,29.45888,24.0,Железнодорожная улица,улица Старого,tertiary,24.5
w297019342,Бендеры,Хомутяновка,Железнодорожная улица,90,46.82228,29.45834,18.0,Железнодорожная улица,улица Старого,tertiary,22.2
w209287641,Бендеры,Хомутяновка,Железнодорожная улица,93,46.82046,29.45813,9.5,,Железнодорожная улица,residential,25.9
w318406781,Бендеры,Хомутяновка,Железнодорожная улица,95,46.81846,29.45739,20.8,Железнодорожная улица,Железнодорожная улица,residential,29.2
w318406779,Бендеры,Хомутяновка,Железнодорожная улица,97а,46.81822,29.45728,20.0,Железнодорожная улица,Железнодорожная улица,residential,27.4
w209287691,Бендеры,Хомутяновка,Железнодорожная улица,98,46.82064,29.45758,27.1,Железнодорожная улица,Железнодорожная улица,residential,38.3
w209287682,Бендеры,Хомутяновка,Железнодорожная улица,100,46.81957,29.45721,9.3,,Железнодорожная улица,residential,33.4
w302067664,Бендеры,Хомутяновка,Железнодорожная улица,102,46.81925,29.4571,22.8,Железнодорожная улица,Железнодорожная улица,residential,32.1
w302067666,Бендеры,Хомутяновка,Железнодорожная улица,104,46.81908,29.45718,12.1,Железнодорожная улица,Железнодорожная улица,residential,17.1
w318406795,Бендеры,Хомутяновка,Железнодорожная улица,116,46.81798,29.45677,9.5,Железнодорожная улица,Железнодорожная улица,residential,13.7
n2339105464,Бендеры,Хомутяновка,Железнодорожный тупик,2,46.82348,29.4587,7.5,Железнодорожный тупик,Железнодорожный тупик,residential,7.9
w315425256,Бендеры,Хомутяновка,Железнодорожный тупик,5,46.8234,29.45812,12.4,Железнодорожный тупик,Железнодорожный тупик,residential,12.6
w315193157,Бендеры,Хомутяновка,Железнодорожный тупик,76,46.82351,29.45883,13.2,Железнодорожный тупик,Железнодорожный тупик,residential,13.8
w315193131,Бендеры,Хомутяновка,Железнодорожный тупик,78,46.82331,29.45872,10.4,Железнодорожный тупик,Железнодорожный тупик,residential,10.2
w91850354,Бендеры,Хомутяновка,Кагульская улица,2,46.82577,29.45312,16.7,,Кагульская улица,residential,31.9
w209273586,Бендеры,Хомутяновка,Кагульская улица,4,46.82678,29.45275,15.4,,Кагульская улица,residential,32.2
w352110827,Бендеры,Хомутяновка,Кагульская улица,5,46.82656,29.45242,8.0,Кагульская улица,Кагульская улица,residential,11.2
w352111432,Бендеры,Хомутяновка,Кагульская улица,7,46.82671,29.45221,18.4,Кагульская улица,Кагульская улица,residential,25.9
w352111431,Бендеры,Хомутяновка,Кагульская улица,9,46.82689,29.45211,20.4,Кагульская улица,Кагульская улица,residential,29.1
w352064500,Бендеры,Хомутяновка,Кагульская улица,11,46.8271,29.45208,17.3,Кагульская улица,Кагульская улица,residential,24.8
w528507076,Бендеры,Хомутяновка,Кагульская улица,13,46.82736,29.45208,10.6,Кагульская улица,Кагульская улица,residential,15.5
w302368617,Бендеры,Хомутяновка,Киевская улица,1,46.81855,29.46388,9.8,Киевская улица,Киевская улица,residential,9.5
w303915694,Бендеры,Хомутяновка,Киевская улица,3,46.81847,29.46349,18.2,Киевская улица,Киевская улица,residential,18.0
w161058108,Бендеры,Хомутяновка,Киевская улица,6,46.81899,29.46235,13.4,,Киевская улица,residential,45.3
w303915689,Бендеры,Хомутяновка,Киевская улица,7,46.81849,29.46246,10.7,Киевская улица,Киевская улица,residential,10.8
w303915687,Бендеры,Хомутяновка,Киевская улица,8а,46.81894,29.46197,13.2,,Киевская улица,residential,42.4
w303915686,Бендеры,Хомутяновка,Киевская улица,9,46.81842,29.46209,16.0,Киевская улица,Киевская улица,residential,16.1
w302066925,Бендеры,Хомутяновка,Киевская улица,10,46.81861,29.46063,12.7,Киевская улица,Киевская улица,residential,12.4
w301982088,Бендеры,Хомутяновка,Киевская улица,11,46.81873,29.46358,10.6,Киевская улица,Киевская улица,residential,10.8
w303915681,Бендеры,Хомутяновка,Киевская улица,11,46.81841,29.46182,15.2,Киевская улица,Киевская улица,residential,15.2
w302066923,Бендеры,Хомутяновка,Киевская улица,12,46.81862,29.46014,15.2,Киевская улица,Киевская улица,residential,14.8
w303915677,Бендеры,Хомутяновка,Киевская улица,17,46.81836,29.46078,15.6,Киевская улица,Киевская улица,residential,15.8
w304088436,Бендеры,Хомутяновка,Киевская улица,19,46.81836,29.46061,15.1,Киевская улица,Киевская улица,residential,15.3
w304088437,Бендеры,Хомутяновка,Киевская улица,21,46.81831,29.46039,20.0,Киевская улица,Киевская улица,residential,20.3
w302066924,Бендеры,Хомутяновка,Киевская улица,22/1,46.81865,29.46087,16.4,Киевская улица,Киевская улица,residential,16.2
w304088440,Бендеры,Хомутяновка,Киевская улица,23,46.81834,29.46001,14.5,улица Бендерского Восстания,Киевская улица,residential,15.9
w310488383,Бендеры,Хомутяновка,Киевская улица,25,46.81838,29.45961,14.6,Киевская улица,Киевская улица,residential,15.2
w310488384,Бендеры,Хомутяновка,Киевская улица,27,46.8184,29.45926,18.0,Киевская улица,Киевская улица,residential,18.6
w310488385,Бендеры,Хомутяновка,Киевская улица,29,46.81843,29.45907,17.9,Киевская улица,Киевская улица,residential,18.3
w310488387,Бендеры,Хомутяновка,Киевская улица,31,46.81846,29.45875,19.2,Дачная улица,Киевская улица,residential,20.2
w318406775,Бендеры,Хомутяновка,Киевская улица,33,46.81865,29.45793,14.8,Киевская улица,Киевская улица,residential,15.2
w318406776,Бендеры,Хомутяновка,Киевская улица,33а,46.81861,29.45813,15.1,Киевская улица,Киевская улица,residential,15.5
w318406774,Бендеры,Хомутяновка,Киевская улица,35,46.81867,29.45768,17.6,Киевская улица,Киевская улица,residential,18.1
w209287696,Бендеры,Хомутяновка,Киевская улица,36,46.81901,29.45776,20.5,Киевская улица,Киевская улица,residential,20.7
w318406772,Бендеры,Хомутяновка,Киевская улица,37,46.81875,29.45747,13.3,Киевская улица,Киевская улица,residential,13.6
n2322107937,Бендеры,Хомутяновка,Киевская улица,43,46.81817,29.46011,26.7,улица Бендерского Восстания,Киевская улица,residential,35.0
w304088444,Бендеры,Хомутяновка,Киевская улица,45,46.81801,29.45996,20.2,улица Бендерского Восстания,улица Бендерского Восстания,primary,28.3
w302066929,Бендеры,Хомутяновка,Киевская улица,138,46.819,29.45975,23.0,улица Бендерского Восстания,улица Бендерского Восстания,primary,32.6
n2334239345,Бендеры,Хомутяновка,Киевская улица,140,46.81827,29.4596,13.6,улица Бендерского Восстания,улица Бендерского Восстания,primary,19.4
w310488388,Бендеры,Хомутяновка,Киевская улица,142,46.81809,29.45938,24.6,улица Бендерского Восстания,улица Бендерского Восстания,primary,34.9
w209267167,Бендеры,Борисовка,Кишинёвская улица,1,46.83524,29.46735,35.8,Кишинёвская улица,Кишинёвская улица,tertiary,45.1
w209267130,Бендеры,Борисовка,Кишинёвская улица,1а,46.83428,29.46736,21.7,,Кишинёвская улица,tertiary,119.3
w209267161,Бендеры,Борисовка,Кишинёвская улица,1б,46.83457,29.46711,14.4,,улица Бендерского Восстания,primary,83.6
w316027129,Бендеры,Борисовка,Кишинёвская улица,3,46.8346,29.46786,31.1,,Кишинёвская улица,tertiary,54.1
n2334331709,Бендеры,Борисовка,Кишинёвская улица,4,46.83117,29.47257,0.1,,Кишинёвская улица,tertiary,31.9
w316027128,Бендеры,Борисовка,Кишинёвская улица,5,46.83482,29.46799,10.9,,Кишинёвская улица,tertiary,27.2
w316027126,Бендеры,Борисовка,Кишинёвская улица,7,46.83465,29.46752,17.3,,Кишинёвская улица,tertiary,77.8
w303915656,Бендеры,Борисовка,Кишинёвская улица,8,46.83145,29.47282,13.6,,Кишинёвская улица,tertiary,72.6
n5172819425,Бендеры,Борисовка,Кишинёвская улица,8/1,46.8312,29.47239,10.7,,Кишинёвская улица,tertiary,18.9
n5172818452,Бендеры,Борисовка,Кишинёвская улица,8/2,46.83121,29.47253,5.3,,Кишинёвская улица,tertiary,30.9
w316027125,Бендеры,Борисовка,Кишинёвская улица,9,46.83504,29.46751,19.4,,Кишинёвская улица,tertiary,48.1
w303915657,Бендеры,Борисовка,Кишинёвская улица,10,46.8313,29.47251,14.1,,Кишинёвская улица,tertiary,36.2
w303915659,Бендеры,Борисовка,Кишинёвская улица,12,46.8315,29.47231,29.5,Кишинёвская улица,Кишинёвская улица,tertiary,36.6
n5172818844,Бендеры,Борисовка,Кишинёвская улица,12/3,46.83151,29.47217,21.4,Кишинёвская улица,Кишинёвская улица,tertiary,26.5
w303915660,Бендеры,Борисовка,Кишинёвская улица,14,46.83163,29.47257,26.9,,Кишинёвская улица,tertiary,67.1
n2334331706,Бендеры,Борисовка,Кишинёвская улица,16,46.83164,29.47203,21.0,Кишинёвская улица,Кишинёвская улица,tertiary,26.0
n2334331710,Бендеры,Борисовка,Кишинёвская улица,20,46.83202,29.47169,12.2,,Кишинёвская улица,tertiary,30.1
n2334331711,Бендеры,Борисовка,Кишинёвская улица,24,46.83221,29.4715,25.6,Кишинёвская улица,Кишинёвская улица,tertiary,31.5
n5172818456,Бендеры,Борисовка,Кишинёвская улица,34/2,46.83308,29.4706,27.8,Кишинёвская улица,Кишинёвская улица,tertiary,34.7
w316027473,Бендеры,Борисовка,Кишинёвская улица,54,46.83443,29.46919,28.9,Полевой переулок,Полевой переулок,service,35.7
w316027884,Бендеры,Борисовка,Кишинёвская улица,60,46.83502,29.46855,26.9,Кишинёвская улица,Кишинёвская улица,tertiary,34.3
n2325366591,Бендеры,Борисовка,Кишинёвская улица,76,46.83618,29.46716,10.5,Кишинёвская улица,Кишинёвская улица,tertiary,13.1
n4886201637,Бендеры,Борисовка,Кишинёвская улица,78,46.83651,29.46737,42.8,Кишинёвская улица,Кишинёвская улица,tertiary,54.8
n2334331712,Бендеры,Борисовка,Кишинёвский переулок,32,46.83267,29.4711,22.4,Кишинёвский переулок,Кишинёвский переулок,residential,26.1
n2334331713,Бендеры,Борисовка,Кишинёвский переулок,34,46.83291,29.4708,12.6,Кишинёвский переулок,Кишинёвский переулок,residential,14.6
w316027138,Бендеры,Борисовка,Кишинёвский переулок,38,46.83341,29.47097,44.7,Кишинёвский переулок,Кишинёвский переулок,residential,49.9
w319620046,Бендеры,Борисовка,Кишинёвский тупик,1,46.84071,29.46392,7.3,Кишинёвский тупик,Кишинёвский тупик,residential,8.7
w352667518,Бендеры,Борисовка,Кишинёвский тупик,1,46.84075,29.46359,14.3,улица Титова,улица Титова,residential,16.2
w352148079,Бендеры,Борисовка,Кишинёвский тупик,2,46.84109,29.46446,10.2,Кишинёвский тупик,Кишинёвский тупик,residential,12.0
w352110238,Бендеры,Борисовка,Кишинёвский тупик,2а,46.84093,29.46423,8.7,Кишинёвский тупик,Кишинёвский тупик,residential,10.3
w352155392,Бендеры,Борисовка,Кишинёвский тупик,3,46.84088,29.46374,15.5,Кишинёвский тупик,Кишинёвский тупик,residential,18.5
w352148078,Бендеры,Борисовка,Кишинёвский тупик,4,46.84126,29.46467,10.3,Кишинёвский тупик,Кишинёвский тупик,residential,12.3
w352110239,Бендеры,Борисовка,Кишинёвский тупик,5,46.84097,29.4639,13.0,Кишинёвский тупик,Кишинёвский тупик,residential,15.6
w352155391,Бендеры,Борисовка,Кишинёвский тупик,7,46.8411,29.46404,14.7,Кишинёвский тупик,Кишинёвский тупик,residential,17.5
w352148076,Бендеры,Борисовка,Кишинёвский тупик,8а,46.84156,29.46529,14.1,Кишинёвский тупик,Кишинёвский тупик,residential,17.7
n2325729708,Бендеры,Борисовка,Кишинёвский тупик,10,46.84174,29.46549,14.8,Кишинёвский тупик,Кишинёвский тупик,residential,19.9
w161058098,Бендеры,Хомутяновка,Комсомольская улица,1,46.8222,29.46963,10.1,,Комсомольская улица,residential,26.6
w211496794,Бендеры,Хомутяновка,Комсомольская улица,2,46.8218,29.46948,19.5,Комсомольская улица,Комсомольская улица,residential,20.3
w446490135,Бендеры,Хомутяновка,Комсомольская улица,2,46.82169,29.46986,15.1,Комсомольская улица,Комсомольская улица,service,21.0
w295088581,Бендеры,Хомутяновка,Комсомольская улица,2б,46.82187,29.46905,19.2,,Комсомольская улица,residential,22.4
w211496742,Бендеры,Хомутяновка,Комсомольская улица,4,46.82154,29.46964,26.6,Комсомольская улица,Комсомольская улица,service,37.4
w211496784,Бендеры,Хомутяновка,Комсомольская улица,5,46.82208,29.47036,13.2,,Комсомольская улица,residential,30.1
w211496787,Бендеры,Хомутяновка,Комсомольская улица,6,46.82126,29.46966,16.8,Комсомольская улица,Комсомольская улица,service,23.6
w211496781,Бендеры,Хомутяновка,Комсомольская улица,7A,46.82201,29.47066,28.6,Комсомольская улица,Комсомольская улица,residential,29.1
w211496770,Бендеры,Хомутяновка,Комсомольская улица,8,46.8211,29.46958,18.2,Комсомольская улица,Комсомольская улица,service,26.7
w415723868,Бендеры,Хомутяновка,Комсомольская улица,10,46.82095,29.46961,22.3,Комсомольская улица,Комсомольская улица,service,28.0
w290334258,Бендеры,Хомутяновка,Комсомольская улица,44,46.82192,29.47113,29.1,Комсомольская улица,Комсомольская улица,residential,29.7
w318057741,Бендеры,Борисовка,Кооперативный тупик,5,46.83746,29.46991,16.4,Кооперативный тупик,Кооперативный тупик,residential,19.8
w318071328,Бендеры,Борисовка,Кооперативный тупик,6,46.83769,29.46991,16.5,Кооперативный тупик,Кооперативный тупик,residential,20.5
w352263831,Бендеры,Хомутяновка,Лесовой переулок,2,46.82804,29.45076,13.4,Лесовой переулок,Лесовой переулок,residential,15.3
n2337880821,Бендеры,Хомутяновка,Лесовой переулок,3,46.82812,29.45127,5.6,Лесовой переулок,Лесовой переулок,residential,6.3
w352263797,Бендеры,Хомутяновка,Лесовой переулок,5,46.82778,29.45083,13.2,Лесовой переулок,Лесовой переулок,residential,14.2
w352265856,Бендеры,Хомутяновка,Лесовой переулок,7,46.8282,29.45151,11.1,Лесовой переулок,Лесовой переулок,residential,12.6
w352263835,Бендеры,Хомутяновка,Лесовой переулок,22,46.82785,29.45043,10.4,Лесовой переулок,Лесовой переулок,residential,11.4
w352263837,Бендеры,Хомутяновка,Лесовой переулок,22а,46.82763,29.45047,11.5,Лесовой переулок,Лесовой переулок,residential,12.6
w317051448,Бендеры,Хомутяновка,Молодёжная улица,1,46.82838,29.4613,14.0,Молодёжная улица,Молодёжная улица,residential,14.4
w318070636,Бендеры,Хомутяновка,Молодёжная улица,9,46.82907,29.45924,18.2,Молодёжная улица,Молодёжная улица,residential,19.0
w318070630,Бендеры,Хомутяновка,Молодёжная улица,11,46.82878,29.45912,15.3,Молодёжная улица,Молодёжная улица,residential,15.1
w317051494,Бендеры,Хомутяновка,Молодёжная улица,12,46.82875,29.46092,18.0,Молодёжная улица,Молодёжная улица,residential,18.2
w317051475,Бендеры,Хомутяновка,Молодёжная улица,14,46.82848,29.4608,13.4,Молодёжная улица,Молодёжная улица,residential,13.7
w317051503,Бендеры,Хомутяновка,Молодёжная улица,15,46.82888,29.46049,23.2,Молодёжная улица,Молодёжная улица,residential,23.8
w317051477,Бендеры,Хомутяновка,Молодёжная улица,17,46.82859,29.46015,14.8,Молодёжная улица,Молодёжная улица,residential,14.7
w184989536,Бендеры,Хомутяновка,Молодёжная улица,52,46.82776,29.46325,17.3,улица Бендерского Восстания,улица Бендерского Восстания,primary,23.9
w209654410,Бендеры,Хомутяновка,Молодёжная улица,52а/1,46.82856,29.46225,24.6,Молодёжная улица,Молодёжная улица,residential,24.8
w161058097,Бендеры,Хомутяновка,Московская улица,2,46.82376,29.47073,16.1,,Московская улица,residential,28.5
w291423988,Бендеры,Хомутяновка,Московская улица,9,46.82412,29.47152,20.5,,Московская улица,residential,33.1
n2339316692,Бендеры,Борисовка,Новый проезд,1/3,46.83353,29.47137,15.9,Новый проезд,Новый проезд,residential,19.6
n2334334346,Бендеры,Борисовка,Новый проезд,1а,46.83395,29.47092,16.8,Новый проезд,Новый проезд,residential,20.6
w184989559,Бендеры,Борисовка,Новый проезд,1а,46.83411,29.4702,8.1,,Новый проезд,residential,43.3
n2334334349,Бендеры,Борисовка,Новый проезд,3а,46.83375,29.47065,16.1,Новый проезд,Новый проезд,residential,20.2
n2334338352,Бендеры,Борисовка,Новый проезд,4,46.83389,29.4714,9.1,Новый проезд,Новый проезд,residential,11.5
n2334338353,Бендеры,Борисовка,Новый проезд,5,46.83322,29.47161,20.5,Кишинёвский переулок,Кишинёвский переулок,residential,22.5
n2334338351,Бендеры,Борисовка,Новый проезд,10,46.83324,29.472,4.9,Новый проезд,Новый проезд,residential,5.6
n2334331716,Бендеры,Борисовка,Новый проезд,40,46.83342,29.47028,13.7,Новый проезд,Новый проезд,residential,17.3
n2334331723,Бендеры,Борисовка,Новый проезд,46,46.83368,29.47,20.2,Новый проезд,Новый проезд,residential,25.1
w91848805,Бендеры,Борисовка,Одесская улица,1,46.83855,29.46342,11.9,,Одесская улица,residential,28.9
w91848809,Бендеры,Борисовка,Одесская улица,3,46.83748,29.46444,12.0,,Одесская улица,pedestrian,29.7
w91848807,Бендеры,Борисовка,Одесская улица,4,46.83943,29.46167,23.5,,Одесская улица,residential,36.4
w91848799,Бендеры,Борисовка,Одесская улица,5,46.83685,29.46481,10.4,Одесская улица,Одесская улица,residential,13.4
w209267174,Бендеры,Борисовка,Одесская улица,6,46.83879,29.46196,55.8,Одесская улица,Одесская улица,residential,69.3
w209267141,Бендеры,Борисовка,Одесская улица,8,46.8382,29.46278,14.2,,Одесская улица,residential,49.6
w209267152,Бендеры,Борисовка,Одесская улица,10,46.83776,29.46319,13.3,,Одесская улица,residential,50.5
w209267119,Бендеры,Борисовка,Одесская улица,12,46.83732,29.4636,13.3,,Одесская улица,residential,51.6
w209267172,Бендеры,Борисовка,Одесская улица,14,46.83689,29.46404,12.5,,улица Панфилова,residential,41.3
w209267114,Бендеры,Борисовка,Одесская улица,27,46.83649,29.46579,16.1,,Кишинёвская улица,primary,79.4
w91848812,Бендеры,Борисовка,Одесская улица,33,46.83829,29.46435,15.1,,Кишинёвская улица,primary,60.5
w91848808,Бендеры,Борисовка,Одесская улица,35,46.83924,29.46345,15.8,,Кишинёвская улица,primary,57.8
w91848810,Бендеры,Борисовка,Одесская улица,37,46.83964,29.46284,15.4,,Одесская улица,residential,66.4
w91848811,Бендеры,Борисовка,Одесская улица,39,46.83975,29.46233,17.7,,Одесская улица,residential,36.8
w224682791,Бендеры,Борисовка,Одесская улица,67а,46.84043,29.46176,58.5,,Одесская улица,residential,63.3
w209273611,Бендеры,Хомутяновка,Пионерская улица,3,46.83132,29.46157,13.6,,Пионерская улица,residential,24.4
w209273594,Бендеры,Хомутяновка,Пионерская улица,5,46.83175,29.46095,15.3,,Пионерская улица,residential,23.4
w209273613,Бендеры,Хомутяновка,Пионерская улица,5,46.83122,29.46066,14.3,,Пионерская улица,service,69.4
w209273580,Бендеры,Борисовка,Пионерская улица,7,46.83215,29.46033,14.5,,Пионерская улица,residential,23.9
w209273616,Бендеры,Хомутяновка,Пионерская улица,7,46.83162,29.46003,14.7,,Пионерская улица,service,28.9
w209273593,Бендеры,Хомутяновка,Пионерская улица,9,46.83171,29.45939,12.7,Пионерская улица,Пионерская улица,service,15.1
w209273618,Бендеры,Борисовка,Пионерская улица,9,46.83213,29.45955,15.9,Пионерская улица,Пионерская улица,service,18.7
w352669559,Бендеры,Борисовка,Пионерская улица,15,46.83312,29.45854,18.6,,Пионерская улица,residential,35.4
w222986045,Бендеры,Борисовка,Пионерская улица,19,46.83439,29.45571,14.8,,Пионерская улица,residential,97.6
w222986047,Бендеры,Борисовка,Пионерская улица,21,46.83465,29.45581,12.0,,Пионерская улица,residential,67.6
w222986049,Бендеры,Борисовка,Пионерская улица,23,46.83486,29.45566,11.5,,Пионерская улица,residential,58.2
w103992693,Бендеры,Борисовка,Пионерская улица,27,46.83486,29.45438,14.7,,Пионерская улица,residential,136.6
w103992762,Бендеры,Борисовка,Пионерская улица,27,46.835,29.45477,14.1,,Пионерская улица,residential,101.7
w103992885,Бендеры,Борисовка,Пионерская улица,27,46.83536,29.45492,13.9,,Пионерская улица,residential,58.7
w352670176,Бендеры,Борисовка,Пионерская улица,27,46.83515,29.45519,21.1,,Пионерская улица,residential,62.1
w103992864,Бендеры,Борисовка,Пионерская улица,31,46.83503,29.45393,14.3,,Пионерская улица,residential,144.8
w103992858,Бендеры,Борисовка,Пионерская улица,33,46.8353,29.45408,14.2,,Пионерская улица,residential,110.5
w103992712,Бендеры,Борисовка,Пионерская улица,35,46.83562,29.45445,11.2,,Пионерская улица,residential,59.3
w103992696,Бендеры,Борисовка,Пионерская улица,37,46.83572,29.45405,14.0,,Пионерская улица,residential,71.6
w318090605,Бендеры,Борисовка,Пионерский переулок,7,46.83225,29.46249,9.5,Пионерский переулок,Пионерский переулок,residential,9.7
w353044316,Бендеры,Хомутяновка,Протягайловская улица,12,46.81527,29.45198,12.5,,Протягайловская улица,residential,45.2
w354630979,Бендеры,Хомутяновка,Протягайловская улица,13,46.81472,29.45183,12.4,Протягайловская улица,Протягайловская улица,residential,14.8
w353044314,Бендеры,Хомутяновка,Протягайловская улица,16,46.81534,29.45145,16.6,Протягайловская улица,Протягайловская улица,residential,19.0
w353978195,Бендеры,Хомутяновка,Протягайловская улица,17,46.8153,29.4509,15.8,Протягайловская улица,Протягайловская улица,residential,18.7
w353044313,Бендеры,Хомутяновка,Протягайловская улица,18,46.81549,29.45126,18.5,Протягайловская улица,Протягайловская улица,residential,21.1
w353975790,Бендеры,Хомутяновка,Протягайловская улица,19,46.81545,29.45073,12.9,Протягайловская улица,Протягайловская улица,residential,15.3
w353044312,Бендеры,Хомутяновка,Протягайловская улица,20,46.81563,29.45099,15.2,Протягайловская улица,Протягайловская улица,residential,17.3
w353044311,Бендеры,Хомутяновка,Протягайловская улица,22,46.81581,29.45083,21.0,Протягайловская улица,Протягайловская улица,residential,24.1
n2321993999,Бендеры,Хомутяновка,Путейская улица,2,46.82025,29.46522,3.4,Путейская улица,Путейская улица,residential,5.2
w301982104,Бендеры,Хомутяновка,Путейская улица,4,46.81996,29.46453,44.0,Путейская улица,Путейская улица,residential,61.7
w301982107,Бендеры,Хомутяновка,Путейская улица,6,46.8197,29.46478,17.3,Путейская улица,Путейская улица,residential,24.5
w301982108,Бендеры,Хомутяновка,Путейская улица,10,46.81943,29.46466,17.1,Путейская улица,Путейская улица,residential,24.2
w301982110,Бендеры,Хомутяновка,Путейская улица,10а,46.81924,29.46456,18.1,Путейская улица,Путейская улица,residential,25.6
w301982111,Бендеры,Хомутяновка,Путейская улица,12,46.81913,29.46451,18.2,Путейская улица,Путейская улица,residential,25.7
w301982112,Бендеры,Хомутяновка,Путейская улица,12а,46.81902,29.46432,28.3,Путейская улица,Путейская улица,residential,39.8
w301982113,Бендеры,Хомутяновка,Путейская улица,12б,46.81899,29.4645,14.3,Путейская улица,Путейская улица,residential,20.3
w352064506,Бендеры,Хомутяновка,Санаторная улица,2,46.82297,29.45142,26.8,Санаторная улица,Санаторная улица,residential,37.6
w352284664,Бендеры,Хомутяновка,Санаторная улица,56,46.82507,29.4498,21.1,,Санаторная улица,residential,28.9
w352265835,Бендеры,Хомутяновка,Санаторная улица,58,46.82475,29.44998,19.6,,Санаторная улица,residential,42.4
w352163177,Бендеры,Хомутяновка,Санаторная улица,70,46.82419,29.45084,22.0,,Санаторная улица,residential,48.1
w352163171,Бендеры,Хомутяновка,Санаторная улица,72,46.82389,29.451,22.7,,Санаторная улица,residential,43.5
w352163169,Бендеры,Хомутяновка,Санаторная улица,74,46.82365,29.45105,24.6,,Санаторная улица,residential,48.1
w161058110,Бендеры,Хомутяновка,Севастопольская улица,1а,46.81967,29.46186,10.3,,Севастопольская улица,residential,29.0
w302066913,Бендеры,Хомутяновка,Севастопольская улица,2,46.82107,29.46189,18.6,Севастопольская улица,Севастопольская улица,residential,25.9
w302066914,Бендеры,Хомутяновка,Севастопольская улица,4,46.8209,29.46179,21.0,Севастопольская улица,Севастопольская улица,residential,29.2
w161058104,Бендеры,Хомутяновка,Севастопольская улица,4а,46.81944,29.46253,29.6,,Киевская улица,residential,94.0
w161058112,Бендеры,Хомутяновка,Севастопольская улица,5,46.82029,29.46247,41.5,,Севастопольская улица,residential,66.1
w302066902,Бендеры,Хомутяновка,Севастопольская улица,10,46.82033,29.46145,29.1,Севастопольская улица,Севастопольская улица,residential,40.6
w302066901,Бендеры,Хомутяновка,Севастопольская улица,12,46.82019,29.46154,18.5,Севастопольская улица,Севастопольская улица,residential,25.6
w302066903,Бендеры,Хомутяновка,Севастопольская улица,14,46.82005,29.46147,19.4,Севастопольская улица,Севастопольская улица,residential,27.0
w302066894,Бендеры,Хомутяновка,Севастопольская улица,16,46.81982,29.46139,18.5,Севастопольская улица,Севастопольская улица,residential,25.7
w303915676,Бендеры,Хомутяновка,Севастопольская улица,24,46.81801,29.46057,24.3,Севастопольская улица,Севастопольская улица,residential,33.5
w304088452,Бендеры,Хомутяновка,Севастопольская улица,26,46.81766,29.46054,14.3,Севастопольская улица,Севастопольская улица,residential,19.6
w302074753,Бендеры,Хомутяновка,Треугольный переулок,1,46.8239,29.46471,7.9,Треугольный переулок,Треугольный переулок,residential,8.3
w351854665,Бендеры,Хомутяновка,Треугольный переулок,2,46.82404,29.46477,8.1,Треугольный переулок,Треугольный переулок,residential,8.5
w302074755,Бендеры,Хомутяновка,Треугольный переулок,3,46.82439,29.46375,12.8,Треугольный переулок,Треугольный переулок,residential,13.0
w302369879,Бендеры,Хомутяновка,Треугольный переулок,4,46.82421,29.46435,12.7,Треугольный переулок,Треугольный переулок,residential,13.1
w302074746,Бендеры,Хомутяновка,Треугольный переулок,5,46.82416,29.46362,14.6,Треугольный переулок,Треугольный переулок,residential,15.6
w302369878,Бендеры,Хомутяновка,Треугольный переулок,6,46.82427,29.46414,12.5,Треугольный переулок,Треугольный переулок,residential,12.7
w302074749,Бендеры,Хомутяновка,Треугольный переулок,7,46.824,29.46416,14.4,Треугольный переулок,Треугольный переулок,residential,15.3
n4835076144,Бендеры,Хомутяновка,Треугольный переулок,8 кв. 2,46.82374,29.46501,15.0,Треугольный переулок,Треугольный переулок,residential,15.8
n4835076145,Бендеры,Хомутяновка,Треугольный переулок,8 кв. 3,46.82366,29.46487,27.5,Треугольный переулок,Треугольный переулок,residential,28.7
w302074748,Бендеры,Хомутяновка,Треугольный переулок,9,46.82407,29.46398,12.7,Треугольный переулок,Треугольный переулок,residential,13.7
w302074747,Бендеры,Хомутяновка,Треугольный переулок,11,46.82412,29.46379,13.5,Треугольный переулок,Треугольный переулок,residential,14.4
w209267179,Бендеры,Борисовка,Фонтанная улица,5,46.83623,29.46395,24.7,Фонтанная улица,улица Панфилова,residential,32.6
n2322107948,Бендеры,Борисовка,Фонтанная улица,8,46.83582,29.46384,20.1,Фонтанная улица,Фонтанная улица,residential,27.7
n5172818464,Бендеры,Борисовка,Фонтанная улица,18,46.8352,29.46361,17.8,Фонтанная улица,Фонтанная улица,residential,24.6
n2322107950,Бендеры,Борисовка,Фонтанная улица,22,46.83483,29.46351,13.8,Фонтанная улица,Фонтанная улица,residential,18.9
n2322107954,Бендеры,Борисовка,Фонтанная улица,24,46.83425,29.46325,15.6,Фонтанная улица,Фонтанная улица,residential,21.8
w319134694,Бендеры,Борисовка,Фонтанная улица,30,46.83358,29.46295,17.0,Фонтанная улица,Фонтанная улица,residential,23.9
n2322107952,Бендеры,Борисовка,Фонтанная улица,35,46.83424,29.46363,12.6,Фонтанная улица,Фонтанная улица,residential,18.0
n2322107955,Бендеры,Борисовка,Фонтанная улица,36,46.83279,29.46284,17.1,Фонтанная улица,Безымянный переулок,residential,24.4
n2322107953,Бендеры,Борисовка,Фонтанная улица,41,46.83372,29.46338,9.9,Фонтанная улица,Фонтанная улица,residential,13.8
w318090601,Бендеры,Борисовка,Фонтанная улица,41,46.8337,29.46351,20.1,Фонтанная улица,Фонтанная улица,residential,28.0
w318090600,Бендеры,Борисовка,Фонтанная улица,43,46.83358,29.46346,20.2,Фонтанная улица,Фонтанная улица,residential,28.1
n2322107956,Бендеры,Борисовка,Фонтанная улица,59,46.83293,29.46324,15.4,Фонтанная улица,Фонтанная улица,residential,22.2
w318090596,Бендеры,Борисовка,Фонтанная улица,61,46.8328,29.46332,19.0,Фонтанная улица,Фонтанная улица,residential,27.4
w352667497,Бендеры,Борисовка,Хотинская улица,4,46.84256,29.46373,18.4,Хотинская улица,Хотинская улица,residential,21.1
w352667495,Бендеры,Борисовка,Хотинская улица,4а,46.84234,29.4633,14.4,Хотинская улица,Хотинская улица,residential,16.5
w352667496,Бендеры,Борисовка,Хотинская улица,4б,46.84243,29.46346,15.2,Хотинская улица,Хотинская улица,residential,17.4
w352667493,Бендеры,Борисовка,Хотинская улица,6,46.84267,29.46398,15.2,,Хотинская улица,residential,25.4
w352667488,Бендеры,Борисовка,Хотинская улица,18,46.84217,29.46302,14.0,Хотинская улица,Хотинская улица,residential,16.0
w91848287,Бендеры,Борисовка,Хотинская улица,49,46.84316,29.46451,16.4,,Хотинская улица,residential,74.0
w91848274,Бендеры,Борисовка,Хотинская улица,51,46.8437,29.46388,15.0,,Хотинская улица,residential,89.9
w91848283,Бендеры,Борисовка,Хотинская улица,53,46.84321,29.46355,21.4,,Хотинская улица,residential,50.7
w91848277,Бендеры,Борисовка,Хотинская улица,55,46.84341,29.46304,20.4,,Хотинская улица,residential,99.5
w352153734,Бендеры,Борисовка,Хотинская улица,73,46.84124,29.46178,22.6,,Кишинёвская улица,primary,29.4
w352153729,Бендеры,Борисовка,Хотинская улица,77,46.84164,29.46138,18.0,,Кишинёвская улица,primary,28.0
w352153731,Бендеры,Борисовка,Хотинская улица,144,46.84179,29.46192,18.8,Хотинская улица,Хотинская улица,residential,22.7
w352667484,Бендеры,Борисовка,Хотинская улица,146,46.8419,29.46177,18.2,Кишинёвская улица,Кишинёвская улица,primary,22.6
w352667485,Бендеры,Борисовка,Хотинская улица,148,46.84205,29.46163,19.4,Кишинёвская улица,Кишинёвская улица,primary,24.2
w352667487,Бендеры,Борисовка,Хотинская улица,150,46.84215,29.46156,21.7,Кишинёвская улица,Кишинёвская улица,primary,27.1
w116073594,Бендеры,Борисовка,Хотинская улица,152,46.84255,29.46182,59.9,,Кишинёвская улица,primary,79.2
w209287668,Бендеры,Хомутяновка,Школьная улица,4,46.82014,29.45833,11.1,,Школьная улица,residential,23.9
w209287692,Бендеры,Хомутяновка,Школьная улица,4,46.81998,29.45896,15.3,,Школьная улица,residential,18.6
w302066931,Бендеры,Хомутяновка,Школьная улица,5,46.81947,29.46006,13.1,улица Бендерского Восстания,Школьная улица,residential,16.2
w209287627,Бендеры,Хомутяновка,Школьная улица,6,46.82065,29.45677,41.1,,Школьная улица,residential,49.1
w302066932,Бендеры,Хомутяновка,Школьная улица,7,46.81946,29.45971,23.9,Школьная улица,Школьная улица,residential,23.9
w302066945,Бендеры,Хомутяновка,Школьная улица,9,46.81962,29.45919,16.5,Школьная улица,Школьная улица,residential,16.4
w302066949,Бендеры,Хомутяновка,Школьная улица,11,46.81962,29.45887,22.6,Школьная улица,Школьная улица,residential,22.5
w302066948,Бендеры,Хомутяновка,Школьная улица,13,46.81971,29.45862,17.7,Школьная улица,Школьная улица,residential,17.5
w302066951,Бендеры,Хомутяновка,Школьная улица,15,46.81976,29.45833,17.8,Школьная улица,Школьная улица,residential,17.6
w302066947,Бендеры,Хомутяновка,Школьная улица,17,46.81981,29.45809,17.0,Школьная улица,Школьная улица,residential,16.7
w302066893,Бендеры,Хомутяновка,Школьная улица,18,46.81964,29.4612,24.8,Школьная улица,Школьная улица,residential,25.3
w302066946,Бендеры,Хомутяновка,Школьная улица,19,46.81984,29.4579,17.3,Школьная улица,Школьная улица,residential,17.1
w302066953,Бендеры,Хомутяновка,Школьная улица,21,46.81989,29.45727,16.7,,Школьная улица,residential,24.1
w209287640,Бендеры,Хомутяновка,Школьная улица,23,46.82005,29.45659,15.7,,Школьная улица,residential,19.9
w209287688,Бендеры,Хомутяновка,Школьная улица,24,46.82061,29.45585,9.6,,Школьная улица,residential,27.0
w209287701,Бендеры,Хомутяновка,Школьная улица,27,46.82008,29.4561,16.3,,Школьная улица,residential,26.2
w209287646,Бендеры,Хомутяновка,Школьная улица,29,46.82024,29.45553,11.0,,Школьная улица,residential,19.4
w302066895,Бендеры,Хомутяновка,Школьная улица,39,46.81991,29.46083,32.4,улица Бендерского Восстания,улица Бендерского Восстания,primary,46.0
w302066922,Бендеры,Хомутяновка,Школьная улица,41,46.81904,29.46026,13.4,улица Бендерского Восстания,улица Бендерского Восстания,primary,18.9
w209287680,Бендеры,Хомутяновка,Школьная улица,134,46.81999,29.45981,14.2,,Школьная улица,residential,35.9
w302066930,Бендеры,Хомутяновка,Школьная улица,136,46.81919,29.45994,14.3,улица Бендерского Восстания,улица Бендерского Восстания,primary,20.2
w295998453,Бендеры,Хомутяновка,переулок Бородина,1,46.8235,29.46383,15.0,переулок Бородина,переулок Бородина,residential,15.2
w295998427,Бендеры,Хомутяновка,переулок Бородина,4,46.82311,29.46357,32.7,переулок Бородина,переулок Бородина,residential,34.4
w295998451,Бендеры,Хомутяновка,переулок Бородина,5,46.82368,29.46394,36.6,переулок Бородина,переулок Бородина,residential,37.8
n4835076146,Бендеры,Хомутяновка,переулок Бородина,6 кв. 1,46.82317,29.46499,15.4,переулок Бородина,переулок Бородина,residential,15.7
n4835050373,Бендеры,Хомутяновка,переулок Бородина,6 кв. 2,46.8232,29.4648,13.0,переулок Бородина,переулок Бородина,residential,13.2
n2321994025,Бендеры,Хомутяновка,переулок Бородина,9,46.82312,29.46493,8.5,переулок Бородина,переулок Бородина,residential,8.5
n4835050375,Бендеры,Хомутяновка,переулок Бородина,9,46.82333,29.4643,11.5,переулок Бородина,переулок Бородина,residential,11.6
w295088584,Бендеры,Хомутяновка,переулок Бородина,11,46.82366,29.46331,15.9,переулок Бородина,переулок Бородина,residential,16.2
w295998452,Бендеры,Хомутяновка,переулок Бородина,11,46.8236,29.46353,16.3,переулок Бородина,переулок Бородина,residential,16.6
w315425226,Бендеры,Хомутяновка,переулок Лермонтова,1,46.82436,29.45862,12.1,переулок Лермонтова,переулок Лермонтова,residential,11.8
w315807200,Бендеры,Хомутяновка,переулок Лермонтова,7,46.82451,29.45779,13.9,переулок Лермонтова,переулок Лермонтова,residential,13.9
w209287634,Бендеры,Хомутяновка,переулок Лермонтова,13а,46.82413,29.46249,15.7,,улица Бендерского Восстания,primary,44.2
w209287672,Бендеры,Хомутяновка,переулок Лермонтова,15,46.8237,29.46218,21.1,улица Бендерского Восстания,улица Бендерского Восстания,primary,29.6
w318083438,Бендеры,Хомутяновка,переулок Лермонтова,16,46.82443,29.45522,8.6,переулок Лермонтова,переулок Лермонтова,residential,8.8
w315807198,Бендеры,Хомутяновка,переулок Лермонтова,17,46.82464,29.4573,10.7,переулок Лермонтова,переулок Лермонтова,residential,10.8
w317149371,Бендеры,Хомутяновка,переулок Лермонтова,17,46.82459,29.45646,11.7,переулок Лермонтова,переулок Лермонтова,residential,11.5
n5411906006,Бендеры,Хомутяновка,переулок Лермонтова,25,46.82446,29.45539,8.1,переулок Лермонтова,переулок Лермонтова,residential,8.3
w317149372,Бендеры,Хомутяновка,переулок Лермонтова,40,46.8247,29.45689,6.6,переулок Лермонтова,переулок Лермонтова,residential,6.5
w209287676,Бендеры,Хомутяновка,переулок Лермонтова,57,46.82413,29.46088,10.0,переулок Лермонтова,переулок Лермонтова,residential,9.8
w315425206,Бендеры,Хомутяновка,переулок Лермонтова,58,46.8242,29.46052,10.3,переулок Лермонтова,переулок Лермонтова,residential,10.1
w315425243,Бендеры,Хомутяновка,переулок Лермонтова,59,46.82438,29.45972,13.4,переулок Лермонтова,переулок Лермонтова,residential,13.6
w315193166,Бендеры,Хомутяновка,переулок Лермонтова,60,46.82403,29.46044,9.6,переулок Лермонтова,переулок Лермонтова,residential,10.1
w315425207,Бендеры,Хомутяновка,переулок Лермонтова,64,46.82449,29.45918,13.9,переулок Лермонтова,переулок Лермонтова,residential,14.4
w315851315,Бендеры,Хомутяновка,переулок Лермонтова,64,46.82469,29.45818,13.7,переулок Лермонтова,переулок Лермонтова,residential,14.5
w315425222,Бендеры,Хомутяновка,переулок Лермонтова,66,46.82426,29.45913,11.7,переулок Лермонтова,переулок Лермонтова,residential,11.7
w315425235,Бендеры,Хомутяновка,переулок Лермонтова,66,46.82446,29.45807,13.2,переулок Лермонтова,переулок Лермонтова,residential,13.0
w315425255,Бендеры,Хомутяновка,переулок Лермонтова,67,46.82462,29.45855,14.3,переулок Лермонтова,переулок Лермонтова,residential,15.0
w315425223,Бендеры,Хомутяновка,переулок Лермонтова,69,46.82439,29.45847,12.1,переулок Лермонтова,переулок Лермонтова,residential,11.8
w209287636,Бендеры,Хомутяновка,переулок Лермонтова,90,46.82449,29.4619,22.6,,улица Бендерского Восстания,primary,31.4
w209287664,Бендеры,Хомутяновка,переулок Лермонтова,92,46.82436,29.46185,22.5,улица Бендерского Восстания,улица Бендерского Восстания,primary,31.3
w209287686,Бендеры,Хомутяновка,переулок Лермонтова,94,46.82423,29.46179,23.2,улица Бендерского Восстания,улица Бендерского Восстания,primary,32.2
w209287635,Бендеры,Хомутяновка,переулок Лермонтова,96,46.82411,29.46174,23.3,улица Бендерского Восстания,переулок Лермонтова,residential,25.2
w209287663,Бендеры,Хомутяновка,переулок Лермонтова,98,46.82397,29.46168,8.9,переулок Лермонтова,переулок Лермонтова,residential,8.7
w209416044,Бендеры,Хомутяновка,переулок Лермонтова,100,46.82381,29.46161,9.7,переулок Лермонтова,переулок Лермонтова,residential,10.2
w209416040,Бендеры,Хомутяновка,переулок Лермонтова,102,46.82363,29.46155,22.6,улица Бендерского Восстания,переулок Лермонтова,residential,31.1
w209416045,Бендеры,Хомутяновка,переулок Лермонтова,104,46.8235,29.46151,21.4,улица Бендерского Восстания,улица Бендерского Восстания,primary,30.0
w407354379,Бендеры,Шёлковый,переулок Мира,2,46.78433,29.48768,15.3,переулок Мира,переулок Мира,residential,20.4
w407354375,Бендеры,Шёлковый,переулок Мира,7,46.78455,29.48744,16.0,переулок Мира,переулок Мира,residential,15.8
w209273600,Бендеры,Хомутяновка,переулок Осипенко,1,46.83088,29.45835,10.3,,переулок Осипенко,residential,22.0
w209273620,Бендеры,Хомутяновка,переулок Осипенко,1,46.8304,29.45905,11.4,,переулок Осипенко,residential,35.7
w209273631,Бендеры,Хомутяновка,переулок Осипенко,1,46.83064,29.4587,11.4,,переулок Осипенко,residential,28.9
w209273577,Бендеры,Хомутяновка,переулок Осипенко,2,46.8299,29.45883,17.2,переулок Осипенко,переулок Осипенко,residential,21.5
w209273606,Бендеры,Хомутяновка,переулок Осипенко,2,46.83038,29.45813,9.3,,переулок Осипенко,residential,35.3
w209273627,Бендеры,Хомутяновка,переулок Осипенко,2,46.83014,29.45848,13.8,,переулок Осипенко,residential,28.5
w209273583,Бендеры,Хомутяновка,переулок Осипенко,4,46.83076,29.45776,10.4,,переулок Осипенко,residential,32.5
w209273635,Бендеры,Хомутяновка,переулок Осипенко,6,46.83121,29.45733,13.4,,переулок Осипенко,residential,28.3
w209273633,Бендеры,Хомутяновка,переулок Осипенко,9,46.83063,29.45696,10.9,,переулок Осипенко,residential,103.5
w209273588,Бендеры,Хомутяновка,переулок Осипенко,11,46.83107,29.45653,12.3,,переулок Осипенко,residential,106.7
w231243207,Бендеры,Хомутяновка,переулок Осипенко,15,46.83142,29.45864,45.5,,Пионерская улица,service,79.4
n2337865679,Бендеры,Хомутяновка,переулок Полоза,6,46.82913,29.44923,8.4,переулок Полоза,переулок Полоза,residential,8.9
w284637187,Бендеры,Хомутяновка,переулок Полоза,6,46.82907,29.44882,13.2,переулок Полоза,переулок Полоза,residential,13.6
w284637199,Бендеры,Хомутяновка,переулок Полоза,49,46.82941,29.44916,19.6,,переулок Полоза,residential,41.0
w284637197,Бендеры,Хомутяновка,переулок Полоза,78,46.82943,29.44849,25.6,улица Калашникова,улица Калашникова,service,35.7
w318090606,Бендеры,Борисовка,улица 12 Октября,9,46.83255,29.46231,18.6,улица 12 Октября,улица 12 Октября,residential,25.7
w209267166,Бендеры,Борисовка,улица 12 Октября,10,46.83794,29.46193,12.9,,улица Панфилова,residential,114.1
n8219706370,Бендеры,Борисовка,улица 12 Октября,15,46.833,29.46209,21.1,улица 12 Октября,улица 12 Октября,residential,29.4
n2322118077,Бендеры,Борисовка,улица 12 Октября,16,46.83299,29.46249,7.9,улица 12 Октября,улица 12 Октября,residential,11.3
w319134604,Бендеры,Борисовка,улица 12 Октября,17,46.83349,29.46172,18.5,,улица 12 Октября,residential,47.0
w319227705,Бендеры,Борисовка,улица 12 Октября,21,46.83382,29.4618,17.6,улица 12 Октября,улица 12 Октября,residential,25.2
w319227708,Бендеры,Борисовка,улица 12 Октября,23,46.83405,29.46175,14.7,улица 12 Октября,улица 12 Октября,residential,21.0
w319227709,Бендеры,Борисовка,улица 12 Октября,25,46.83419,29.46167,16.6,улица 12 Октября,улица 12 Октября,residential,23.5
w319227711,Бендеры,Борисовка,улица 12 Октября,27,46.83434,29.46163,15.3,улица 12 Октября,улица 12 Октября,residential,21.5
w319223032,Бендеры,Борисовка,улица 12 Октября,28,46.83405,29.46229,25.0,улица 12 Октября,улица 12 Октября,residential,34.8
w319227716,Бендеры,Борисовка,улица 12 Октября,29,46.83455,29.46151,18.1,улица 12 Октября,улица 12 Октября,residential,25.3
w319223034,Бендеры,Борисовка,улица 12 Октября,30,46.83428,29.46212,19.0,улица 12 Октября,улица 12 Октября,residential,26.6
w319227713,Бендеры,Борисовка,улица 12 Октября,31,46.83478,29.46144,9.7,,улица 12 Октября,residential,21.9
w319227862,Бендеры,Борисовка,улица 12 Октября,33,46.8351,29.46135,16.0,улица 12 Октября,улица 12 Октября,residential,22.5
w319227717,Бендеры,Борисовка,улица 12 Октября,34,46.83492,29.46186,18.8,улица 12 Октября,улица Богдана Хмельницкого,residential,19.2
w319227863,Бендеры,Борисовка,улица 12 Октября,35,46.83535,29.46109,30.7,улица 12 Октября,улица 12 Октября,residential,43.7
w319227725,Бендеры,Борисовка,улица 12 Октября,36,46.8355,29.46168,16.4,улица 12 Октября,улица 12 Октября,residential,23.9
w319227864,Бендеры,Борисовка,улица 12 Октября,37,46.83551,29.46118,20.9,улица 12 Октября,улица 12 Октября,residential,29.6
w319227726,Бендеры,Борисовка,улица 12 Октября,38,46.83576,29.46157,13.0,улица 12 Октября,улица 12 Октября,residential,19.2
w319305792,Бендеры,Борисовка,улица 12 Октября,39,46.83569,29.46122,14.5,улица 12 Октября,улица 12 Октября,residential,20.4
w319227727,Бендеры,Борисовка,улица 12 Октября,40,46.83601,29.46166,24.6,улица 12 Октября,улица 12 Октября,residential,35.7
w319305801,Бендеры,Борисовка,улица 12 Октября,41,46.83588,29.4611,19.9,улица 12 Октября,улица 12 Октября,residential,28.1
w319227732,Бендеры,Борисовка,улица 12 Октября,42,46.8363,29.46144,13.6,улица 12 Октября,улица 12 Октября,residential,19.9
w319227731,Бендеры,Борисовка,улица 12 Октября,44,46.83644,29.46138,11.7,улица 12 Октября,улица 12 Октября,residential,17.3
w319305804,Бендеры,Борисовка,улица 12 Октября,45,46.83614,29.46108,16.4,улица 12 Октября,улица 12 Октября,residential,23.2
w319227729,Бендеры,Борисовка,улица 12 Октября,46,46.83663,29.46138,15.4,улица 12 Октября,улица 12 Октября,residential,22.4
w319305807,Бендеры,Борисовка,улица 12 Октября,47,46.83634,29.46097,20.9,улица 12 Октября,улица 12 Октября,residential,29.6
w319227728,Бендеры,Борисовка,улица 12 Октября,48,46.8368,29.46127,10.3,улица 12 Октября,улица 12 Октября,residential,15.2
w352148096,Бендеры,Борисовка,улица 12 Октября,49,46.83649,29.46094,20.3,улица 12 Октября,улица 12 Октября,residential,28.7
w91848803,Бендеры,Борисовка,улица 12 Октября,50,46.83763,29.46115,16.3,,улица 12 Октября,residential,26.0
w352148094,Бендеры,Борисовка,улица 12 Октября,51,46.8367,29.46095,15.5,улица 12 Октября,улица 12 Октября,residential,21.9
w91848801,Бендеры,Борисовка,улица 12 Октября,52,46.83859,29.46093,16.6,,улица 12 Октября,residential,28.5
w352148095,Бендеры,Борисовка,улица 12 Октября,53,46.8369,29.4609,15.5,улица 12 Октября,улица 12 Октября,residential,21.8
w352148098,Бендеры,Борисовка,улица 12 Октября,55,46.83706,29.46036,52.7,улица 12 Октября,улица 12 Октября,residential,75.2
w352155381,Бендеры,Борисовка,улица 12 Октября,57,46.83742,29.46066,22.8,улица 12 Октября,улица 12 Октября,residential,32.6
w352155383,Бендеры,Борисовка,улица 12 Октября,59,46.83763,29.4605,30.4,улица 12 Октября,улица 12 Октября,residential,43.6
w352155384,Бендеры,Борисовка,улица 12 Октября,61,46.83786,29.46058,19.7,улица 12 Октября,улица 12 Октября,residential,28.4
w352155385,Бендеры,Борисовка,улица 12 Октября,63,46.83807,29.46061,13.1,улица 12 Октября,улица 12 Октября,residential,19.1
w352155386,Бендеры,Борисовка,улица 12 Октября,65,46.83821,29.46059,12.1,улица 12 Октября,улица 12 Октября,residential,17.8
w352155387,Бендеры,Борисовка,улица 12 Октября,67,46.83844,29.46041,21.6,улица 12 Октября,улица 12 Октября,residential,31.5
w352155388,Бендеры,Борисовка,улица 12 Октября,69,46.8386,29.46054,9.1,улица 12 Октября,улица 12 Октября,residential,13.4
w352668649,Бендеры,Борисовка,улица 12 Октября,71,46.83886,29.46014,34.6,улица 12 Октября,улица 12 Октября,residential,50.4
w352668646,Бендеры,Борисовка,улица 12 Октября,73,46.83907,29.46027,23.1,улица 12 Октября,улица 12 Октября,residential,33.8
w352668652,Бендеры,Борисовка,улица 12 Октября,75,46.83926,29.46029,20.3,улица 12 Октября,улица 12 Октября,residential,29.9
w352668630,Бендеры,Борисовка,улица 12 Октября,76,46.84022,29.46079,20.4,улица 12 Октября,улица 12 Октября,residential,30.0
w352668654,Бендеры,Борисовка,улица 12 Октября,77,46.83954,29.46033,16.3,улица 12 Октября,улица 12 Октября,residential,23.9
w352153727,Бендеры,Борисовка,улица 12 Октября,79,46.84189,29.46109,14.5,,Кишинёвская улица,primary,29.6
w318120142,Бендеры,Хомутяновка,улица 23 Августа,1,46.82241,29.45469,16.3,улица 23 Августа,улица 23 Августа,residential,22.7
n2330549394,Бендеры,Хомутяновка,улица 23 Августа,2,46.82232,29.45436,5.6,улица 23 Августа,улица 23 Августа,residential,8.2
w320437638,Бендеры,Хомутяновка,улица 23 Августа,2,46.82238,29.45419,19.9,улица 23 Августа,улица 23 Августа,residential,28.2
w318120135,Бендеры,Хомутяновка,улица 23 Августа,3,46.8221,29.45466,22.4,улица 23 Августа,улица 23 Августа,residential,31.5
w320437637,Бендеры,Хомутяновка,улица 23 Августа,4,46.82225,29.45412,21.5,улица 23 Августа,улица 23 Августа,residential,30.5
w318120138,Бендеры,Хомутяновка,улица 23 Августа,5,46.82199,29.45453,15.9,улица 23 Августа,улица 23 Августа,residential,22.2
w320437636,Бендеры,Хомутяновка,улица 23 Августа,6,46.82212,29.45409,20.2,улица 23 Августа,улица 23 Августа,residential,28.6
w318120139,Бендеры,Хомутяновка,улица 23 Августа,7,46.82184,29.45445,14.0,улица 23 Августа,улица 23 Августа,residential,19.6
w320437634,Бендеры,Хомутяновка,улица 23 Августа,8,46.822,29.45409,16.9,улица 23 Августа,улица 23 Августа,residential,24.0
w320437632,Бендеры,Хомутяновка,улица 23 Августа,10,46.82187,29.45404,17.0,улица 23 Августа,улица 23 Августа,residential,24.2
w320437631,Бендеры,Хомутяновка,улица 23 Августа,12,46.82168,29.45398,15.7,улица 23 Августа,улица 23 Августа,residential,21.9
w320437629,Бендеры,Хомутяновка,улица 23 Августа,14,46.82146,29.45392,12.3,улица 23 Августа,улица 23 Августа,residential,17.2
w319366994,Бендеры,Хомутяновка,улица 23 Августа,39,46.82153,29.45433,14.8,улица 23 Августа,улица Чехова,residential,16.3
w318120143,Бендеры,Хомутяновка,улица 23 Августа,41,46.82254,29.45474,16.4,улица 23 Августа,улица Старого,tertiary,18.1
w115331367,Бендеры,Шёлковый,улица 40 лет ВЛКСМ,12,46.78599,29.4854,12.3,,улица 40 лет ВЛКСМ,residential,27.0
w315807223,Бендеры,Хомутяновка,улица 40 лет Советской Пионерии,3,46.82632,29.45744,15.6,улица 40 лет Советской Пионерии,улица 40 лет Советской Пионерии,residential,16.0
w317053500,Бендеры,Хомутяновка,улица 40 лет Советской Пионерии,4,46.82666,29.45735,19.6,улица 40 лет Советской Пионерии,улица 40 лет Советской Пионерии,residential,19.6
w315851332,Бендеры,Хомутяновка,улица 40 лет Советской Пионерии,5,46.82637,29.45702,17.6,улица 40 лет Советской Пионерии,улица 40 лет Советской Пионерии,residential,18.1
w315851334,Бендеры,Хомутяновка,улица 40 лет Советской Пионерии,9,46.82642,29.45679,16.1,улица 40 лет Советской Пионерии,улица 40 лет Советской Пионерии,residential,16.8
w318120122,Бендеры,Хомутяновка,улица 40 лет Советской Пионерии,12,46.82672,29.45598,20.4,улица 40 лет Советской Пионерии,улица 40 лет Советской Пионерии,residential,20.6
w318120121,Бендеры,Хомутяновка,улица 40 лет Советской Пионерии,14,46.82667,29.45575,18.8,улица 40 лет Советской Пионерии,улица 40 лет Советской Пионерии,residential,18.8
w209416079,Бендеры,Хомутяновка,улица 40 лет Советской Пионерии,35,46.82583,29.46158,14.0,улица 40 лет Советской Пионерии,улица 40 лет Советской Пионерии,residential,14.1
w316645004,Бендеры,Хомутяновка,улица 40 лет Советской Пионерии,35,46.82606,29.46037,14.2,улица 40 лет Советской Пионерии,улица 40 лет Советской Пионерии,residential,14.6
w299629688,Бендеры,Хомутяновка,улица 40 лет Советской Пионерии,37,46.82556,29.46149,16.8,улица 40 лет Советской Пионерии,улица 40 лет Советской Пионерии,residential,17.3
w315618138,Бендеры,Хомутяновка,улица 40 лет Советской Пионерии,37,46.8258,29.46026,15.9,улица 40 лет Советской Пионерии,улица 40 лет Советской Пионерии,residential,16.0
w315851329,Бендеры,Хомутяновка,улица 40 лет Советской Пионерии,41,46.82649,29.45827,18.3,улица 40 лет Советской Пионерии,улица 40 лет Советской Пионерии,residential,18.8
w315807222,Бендеры,Хомутяновка,улица 40 лет Советской Пионерии,43,46.82618,29.45806,19.1,улица 40 лет Советской Пионерии,улица 40 лет Советской Пионерии,residential,19.4
w315618170,Бендеры,Хомутяновка,улица 40 лет Советской Пионерии,44,46.82619,29.45989,18.6,улица 40 лет Советской Пионерии,улица 40 лет Советской Пионерии,residential,19.1
w315618157,Бендеры,Хомутяновка,улица 40 лет Советской Пионерии,46,46.82587,29.45976,18.3,улица 40 лет Советской Пионерии,улица 40 лет Советской Пионерии,residential,18.4
w315807218,Бендеры,Хомутяновка,улица 40 лет Советской Пионерии,47,46.82629,29.45922,15.9,улица 40 лет Советской Пионерии,улица 40 лет Советской Пионерии,residential,16.5
w209416093,Бендеры,Хомутяновка,улица 40 лет Советской Пионерии,68,46.82606,29.46253,20.8,улица Бендерского Восстания,улица Бендерского Восстания,primary,29.3
w209416075,Бендеры,Хомутяновка,улица 40 лет Советской Пионерии,70,46.82593,29.46249,20.0,улица Бендерского Восстания,улица Бендерского Восстания,primary,28.4
w209416017,Бендеры,Хомутяновка,улица 40 лет Советской Пионерии,72,46.82582,29.46245,19.8,улица Бендерского Восстания,улица Бендерского Восстания,primary,28.2
w209416090,Бендеры,Хомутяновка,улица 40 лет Советской Пионерии,74,46.82565,29.46237,11.3,улица 40 лет Советской Пионерии,улица 40 лет Советской Пионерии,residential,11.4
w209287683,Бендеры,Хомутяновка,улица 40 лет Советской Пионерии,76,46.82538,29.46225,20.0,улица 40 лет Советской Пионерии,улица 40 лет Советской Пионерии,residential,20.6
w318070645,Бендеры,Хомутяновка,улица 50 лет ВЛКСМ,1,46.82966,29.45971,14.6,улица 50 лет ВЛКСМ,улица 50 лет ВЛКСМ,tertiary,15.4
w318072368,Бендеры,Борисовка,улица 50 лет ВЛКСМ,5,46.83294,29.46608,16.4,,улица Бендерского Восстания,primary,46.9
w399052058,Бендеры,Хомутяновка,улица 50 лет ВЛКСМ,5а/1,46.83019,29.46542,43.1,,улица Бендерского Восстания,primary,93.7
w184989565,Бендеры,Хомутяновка,улица 50 лет ВЛКСМ,5а/4,46.8303,29.46636,108.4,,улица 50 лет ВЛКСМ,residential,180.1
w373899387,Бендеры,Хомутяновка,улица 50 лет ВЛКСМ,6,46.8292,29.45842,15.4,,улица 50 лет ВЛКСМ,tertiary,20.5
n3773251959,Бендеры,Хомутяновка,улица 50 лет ВЛКСМ,6а,46.8291,29.45795,15.2,улица 50 лет ВЛКСМ,улица 50 лет ВЛКСМ,tertiary,15.7
w373899213,Бендеры,Хомутяновка,улица 50 лет ВЛКСМ,6а,46.82891,29.45783,21.0,,улица 50 лет ВЛКСМ,tertiary,31.9
n4162783293,Бендеры,Хомутяновка,улица 50 лет ВЛКСМ,7а,46.82872,29.45612,9.0,улица 50 лет ВЛКСМ,улица 50 лет ВЛКСМ,tertiary,9.4
n8929118892,Бендеры,Хомутяновка,улица 50 лет ВЛКСМ,7а,46.82881,29.45633,10.6,улица 50 лет ВЛКСМ,улица 50 лет ВЛКСМ,tertiary,11.2
w209273607,Бендеры,Хомутяновка,улица 50 лет ВЛКСМ,7а,46.82878,29.45602,16.1,,улица 50 лет ВЛКСМ,tertiary,19.7
w209273604,Бендеры,Хомутяновка,улица 50 лет ВЛКСМ,11,46.8302,29.45981,33.1,,улица 50 лет ВЛКСМ,tertiary,37.7
w209273610,Бендеры,Хомутяновка,улица 50 лет ВЛКСМ,13,46.83115,29.46408,18.4,,улица 50 лет ВЛКСМ,tertiary,30.3
w516134057,Бендеры,Борисовка,улица 50 лет ВЛКСМ,19а,46.8317,29.46528,5.5,улица 50 лет ВЛКСМ,улица 50 лет ВЛКСМ,residential,6.0
w317148591,Бендеры,Борисовка,улица 50 лет ВЛКСМ,21,46.83187,29.46554,13.9,улица 50 лет ВЛКСМ,улица 50 лет ВЛКСМ,residential,16.2
w317148594,Бендеры,Борисовка,улица 50 лет ВЛКСМ,25,46.83219,29.46607,14.1,улица 50 лет ВЛКСМ,улица 50 лет ВЛКСМ,residential,16.4
w317148596,Бендеры,Борисовка,улица 50 лет ВЛКСМ,27,46.83229,29.46623,14.5,улица 50 лет ВЛКСМ,улица 50 лет ВЛКСМ,residential,16.8
w317148597,Бендеры,Борисовка,улица 50 лет ВЛКСМ,29,46.83248,29.46644,19.9,улица 50 лет ВЛКСМ,улица 50 лет ВЛКСМ,residential,22.8
w317148599,Бендеры,Борисовка,улица 50 лет ВЛКСМ,31,46.83255,29.46667,17.6,улица 50 лет ВЛКСМ,улица 50 лет ВЛКСМ,residential,17.9
w209273637,Бендеры,Борисовка,улица 50 лет ВЛКСМ,50,46.83187,29.46476,13.7,,Безымянный переулок,residential,36.9
w209273585,Бендеры,Хомутяновка,улица 50 лет ВЛКСМ,50а,46.83135,29.46454,17.1,,улица Бендерского Восстания,primary,44.3
w304053793,Бендеры,Хомутяновка,улица 50 лет ВЛКСМ,52б,46.83022,29.46416,27.3,улица Бендерского Восстания,улица Бендерского Восстания,primary,38.4
w161058100,Бендеры,Хомутяновка,улица Академика Фёдорова,3,46.82349,29.47015,15.3,,улица Академика Фёдорова,residential,24.5
w161058096,Бендеры,Хомутяновка,улица Академика Фёдорова,5,46.82279,29.46961,18.0,улица Академика Фёдорова,улица Академика Фёдорова,residential,23.4
w222774404,Бендеры,Хомутяновка,улица Академика Фёдорова,16,46.82418,29.47013,17.5,улица Академика Фёдорова,улица Академика Фёдорова,residential,22.9
w222774405,Бендеры,Хомутяновка,улица Академика Фёдорова,16,46.82448,29.47041,14.9,улица Академика Фёдорова,улица Академика Фёдорова,residential,19.3
w222774403,Бендеры,Хомутяновка,улица Академика Фёдорова,18,46.82378,29.46984,13.1,,улица Академика Фёдорова,residential,22.3
w222774402,Бендеры,Хомутяновка,улица Академика Фёдорова,20,46.82345,29.46955,19.7,улица Академика Фёдорова,улица Академика Фёдорова,residential,25.9
w222774401,Бендеры,Хомутяновка,улица Академика Фёдорова,24,46.82318,29.46933,20.8,улица Академика Фёдорова,улица Академика Фёдорова,residential,27.4
w222774400,Бендеры,Хомутяновка,улица Академика Фёдорова,26,46.82286,29.46908,21.5,улица Академика Фёдорова,улица Академика Фёдорова,residential,28.3
w222774399,Бендеры,Хомутяновка,улица Академика Фёдорова,28,46.82255,29.46887,19.9,улица Академика Фёдорова,улица Академика Фёдорова,residential,26.4
w136395357,Бендеры,Хомутяновка,улица Академика Фёдорова,30,46.82237,29.46857,31.1,улица Академика Фёдорова,улица Академика Фёдорова,residential,40.7
w319223038,Бендеры,Борисовка,улица Богдана Хмельницкого,1,46.83451,29.46296,10.9,улица Богдана Хмельницкого,улица Богдана Хмельницкого,residential,10.9
n2322112854,Бендеры,Борисовка,улица Богдана Хмельницкого,2,46.83465,29.46313,7.3,улица Богдана Хмельницкого,улица Богдана Хмельницкого,residential,7.5
w209267135,Бендеры,Борисовка,улица Богдана Хмельницкого,3,46.83429,29.4665,13.0,,улица Бендерского Восстания,primary,33.0
w209267157,Бендеры,Борисовка,улица Богдана Хмельницкого,16,46.83468,29.46604,21.8,улица Бендерского Восстания,улица Бендерского Восстания,primary,31.0
w318071344,Бендеры,Борисовка,улица Богдана Хмельницкого,18,46.83461,29.4658,37.3,улица Бендерского Восстания,улица Бендерского Восстания,primary,52.4
w318071347,Бендеры,Борисовка,улица Богдана Хмельницкого,19,46.83432,29.4651,12.3,улица Богдана Хмельницкого,улица Богдана Хмельницкого,residential,12.8
w209267146,Бендеры,Борисовка,улица Богдана Хмельницкого,20,46.83442,29.46594,21.3,улица Бендерского Восстания,улица Бендерского Восстания,primary,29.9
w318071350,Бендеры,Борисовка,улица Богдана Хмельницкого,21,46.8341,29.46499,13.6,улица Богдана Хмельницкого,улица Богдана Хмельницкого,residential,13.5
w209267170,Бендеры,Борисовка,улица Богдана Хмельницкого,22,46.83428,29.46589,20.8,улица Бендерского Восстания,улица Богдана Хмельницкого,residential,25.5
w209267180,Бендеры,Борисовка,улица Богдана Хмельницкого,24,46.83413,29.46583,7.8,улица Богдана Хмельницкого,улица Богдана Хмельницкого,residential,7.9
w318072376,Бендеры,Борисовка,улица Богдана Хмельницкого,24,46.83421,29.46459,10.4,улица Богдана Хмельницкого,улица Богдана Хмельницкого,residential,10.2
w209267156,Бендеры,Борисовка,улица Богдана Хмельницкого,26,46.83395,29.46576,12.9,улица Богдана Хмельницкого,улица Богдана Хмельницкого,residential,13.2
w209267127,Бендеры,Борисовка,улица Богдана Хмельницкого,28,46.83383,29.4657,21.3,улица Бендерского Восстания,улица Богдана Хмельницкого,residential,27.6
w315109552,Бендеры,Хомутяновка,улица Бориса Главана,3,46.81727,29.45998,15.2,улица Бориса Главана,улица Бориса Главана,residential,15.2
w315109554,Бендеры,Хомутяновка,улица Бориса Главана,5,46.81731,29.45914,14.8,улица Бориса Главана,улица Бориса Главана,residential,14.9
w315109553,Бендеры,Хомутяновка,улица Бориса Главана,5а,46.81723,29.45868,22.4,,улица Бориса Главана,residential,26.0
w319386246,Бендеры,Хомутяновка,улица Бориса Главана,7,46.81737,29.4583,12.6,улица Бориса Главана,улица Бориса Главана,residential,12.4
w319386245,Бендеры,Хомутяновка,улица Бориса Главана,9,46.81739,29.45777,15.1,улица Бориса Главана,улица Бориса Главана,residential,14.9
w352314379,Бендеры,Хомутяновка,улица Бориса Главана,11,46.81743,29.45726,16.3,улица Бориса Главана,улица Бориса Главана,residential,16.3
w352314370,Бендеры,Хомутяновка,улица Бориса Главана,13,46.81749,29.45662,16.6,улица Бориса Главана,улица Бориса Главана,residential,16.8
w352314367,Бендеры,Хомутяновка,улица Бориса Главана,15,46.81754,29.45617,15.6,улица Бориса Главана,улица Бориса Главана,residential,15.7
w304088451,Бендеры,Хомутяновка,улица Бориса Главана,16,46.81763,29.46025,26.1,улица Бориса Главана,улица Бориса Главана,residential,26.0
w352314365,Бендеры,Хомутяновка,улица Бориса Главана,17,46.81749,29.4559,23.8,улица Бориса Главана,улица Бориса Главана,residential,23.9
w304088450,Бендеры,Хомутяновка,улица Бориса Главана,18,46.81756,29.46002,17.2,улица Бориса Главана,улица Бориса Главана,residential,17.1
w352313738,Бендеры,Хомутяновка,улица Бориса Главана,19,46.81758,29.45539,16.3,улица Бориса Главана,улица Бориса Главана,residential,17.2
w315109561,Бендеры,Хомутяновка,улица Бориса Главана,20,46.81759,29.45908,15.8,улица Бориса Главана,улица Бориса Главана,residential,15.9
w315109559,Бендеры,Хомутяновка,улица Бориса Главана,22,46.8177,29.45892,27.2,улица Бориса Главана,улица Бориса Главана,residential,27.3
n4988630721,Бендеры,Хомутяновка,улица Бориса Главана,24,46.81764,29.45864,19.1,улица Бориса Главана,улица Бориса Главана,residential,19.2
w318406787,Бендеры,Хомутяновка,улица Бориса Главана,24а,46.8177,29.45782,19.6,улица Бориса Главана,улица Бориса Главана,residential,19.9
w318406793,Бендеры,Хомутяновка,улица Бориса Главана,32а,46.81784,29.45619,16.8,улица Бориса Главана,улица Бориса Главана,residential,17.6
w320343108,Бендеры,Хомутяновка,улица Бориса Главана,34,46.81821,29.45623,18.4,улица Бориса Главана,улица Бориса Главана,residential,19.7
w352285322,Бендеры,Хомутяновка,улица Бориса Главана,40,46.8179,29.45534,16.8,улица Бориса Главана,улица Бориса Главана,residential,18.1
w352314106,Бендеры,Хомутяновка,улица Бориса Главана,42,46.81785,29.45521,16.7,улица Бориса Главана,улица Бориса Главана,residential,17.8
w352314156,Бендеры,Хомутяновка,улица Бориса Главана,44,46.81764,29.45452,21.1,улица Бориса Главана,улица Бориса Главана,residential,22.3
w285071411,Бендеры,Хомутяновка,улица Бориса Главана,46,46.81735,29.45391,14.9,улица Бориса Главана,улица Бориса Главана,residential,15.2
w304088445,Бендеры,Хомутяновка,улица Бориса Главана,47,46.81789,29.45986,16.4,улица Бендерского Восстания,улица Бендерского Восстания,primary,22.8
w285071413,Бендеры,Хомутяновка,улица Бориса Главана,48,46.81742,29.45363,24.4,улица Бориса Главана,улица Бориса Главана,residential,24.3
w304088447,Бендеры,Хомутяновка,улица Бориса Главана,49,46.81776,29.4598,15.7,улица Бендерского Восстания,улица Бендерского Восстания,primary,21.8
w352365957,Бендеры,Хомутяновка,улица Бориса Главана,50,46.81742,29.4534,20.2,улица Бориса Главана,улица Бориса Главана,residential,20.1
w304088449,Бендеры,Хомутяновка,улица Бориса Главана,51,46.8176,29.45978,18.8,улица Бендерского Восстания,улица Бориса Главана,residential,20.4
w352365954,Бендеры,Хомутяновка,улица Бориса Главана,52,46.81746,29.45304,17.8,улица Бориса Главана,улица Бориса Главана,residential,17.9
w315109562,Бендеры,Хомутяновка,улица Бориса Главана,144,46.8178,29.4594,14.9,улица Бендерского Восстания,улица Бендерского Восстания,primary,21.1
w302369880,Бендеры,Хомутяновка,улица Бородина,1,46.82467,29.46393,16.5,улица Бородина,улица Бородина,residential,21.9
w302369881,Бендеры,Хомутяновка,улица Бородина,1,46.82453,29.46382,14.3,улица Бородина,улица Бородина,residential,19.2
w209287633,Бендеры,Хомутяновка,улица Бородина,2,46.82458,29.46331,12.1,,улица Бородина,residential,32.6
w209287684,Бендеры,Хомутяновка,улица Бородина,2,46.82415,29.46302,10.8,,улица Бородина,residential,31.4
w302074745,Бендеры,Хомутяновка,улица Бородина,7,46.82393,29.46348,18.2,улица Бородина,улица Бородина,residential,24.2
w209287662,Бендеры,Хомутяновка,улица Бородина,9,46.82495,29.46265,19.2,улица Бендерского Восстания,улица Бендерского Восстания,primary,27.0
w295088583,Бендеры,Хомутяновка,улица Бородина,9,46.82376,29.46346,25.2,улица Бородина,переулок Бородина,residential,31.5
w209287658,Бендеры,Хомутяновка,улица Бородина,13,46.82457,29.46251,19.9,улица Бендерского Восстания,улица Бендерского Восстания,primary,28.2
w295998442,Бендеры,Хомутяновка,улица Бородина,13,46.82332,29.4631,21.0,улица Бородина,переулок Бородина,residential,26.6
w295998440,Бендеры,Хомутяновка,улица Бородина,15,46.82319,29.46301,19.4,улица Бородина,улица Бородина,residential,26.6
n2321994021,Бендеры,Хомутяновка,улица Бородина,17,46.82298,29.46282,13.6,улица Бородина,улица Бородина,residential,18.7
w209654275,Бендеры,Хомутяновка,улица Бородина,17,46.82329,29.4626,13.7,улица Бородина,улица Бородина,residential,18.9
w209287645,Бендеры,Хомутяновка,улица Бородина,78,46.82524,29.46219,23.0,улица Бендерского Восстания,улица Бендерского Восстания,primary,32.4
w209287674,Бендеры,Хомутяновка,улица Бородина,80,46.82511,29.46215,22.1,улица Бендерского Восстания,улица Бендерского Восстания,primary,31.1
w209287638,Бендеры,Хомутяновка,улица Бородина,82,46.82498,29.4621,22.0,улица Бендерского Восстания,улица Бендерского Восстания,primary,30.9
w209287699,Бендеры,Хомутяновка,улица Бородина,84,46.82486,29.46206,21.5,улица Бендерского Восстания,улица Бендерского Восстания,primary,30.1
w318051676,Бендеры,Борисовка,улица Гастелло,1,46.83639,29.46976,11.6,улица Гастелло,улица Гастелло,residential,14.6
w318051675,Бендеры,Борисовка,улица Гастелло,2,46.83674,29.46985,15.4,улица Гастелло,улица Гастелло,residential,19.5
w318051677,Бендеры,Борисовка,улица Гастелло,3,46.83648,29.46959,17.0,улица Гастелло,улица Гастелло,residential,21.3
w318051682,Бендеры,Борисовка,улица Гастелло,4,46.83687,29.46974,16.3,улица Гастелло,улица Гастелло,residential,20.6
w318051680,Бендеры,Борисовка,улица Гастелло,5,46.83661,29.46952,13.5,улица Гастелло,улица Гастелло,residential,17.0
w318051685,Бендеры,Борисовка,улица Гастелло,6,46.83698,29.46965,17.3,улица Гастелло,улица Гастелло,residential,21.8
w318051681,Бендеры,Борисовка,улица Гастелло,7,46.83673,29.4694,13.8,улица Гастелло,улица Гастелло,residential,17.4
w318051687,Бендеры,Борисовка,улица Гастелло,8,46.83708,29.46953,15.7,улица Гастелло,улица Гастелло,residential,19.8
w318051683,Бендеры,Борисовка,улица Гастелло,9,46.83683,29.46929,14.8,улица Гастелло,улица Гастелло,residential,18.6
w318051690,Бендеры,Борисовка,улица Гастелло,10,46.83722,29.46947,20.4,улица Гастелло,улица Гастелло,residential,25.7
w318051686,Бендеры,Борисовка,улица Гастелло,11,46.83694,29.46917,15.7,улица Гастелло,улица Гастелло,residential,19.8
w318057739,Бендеры,Борисовка,улица Гастелло,12,46.83729,29.46932,15.1,улица Гастелло,улица Гастелло,residential,19.1
w318051691,Бендеры,Борисовка,улица Гастелло,13,46.83704,29.46906,16.6,улица Гастелло,улица Гастелло,residential,21.0
w318057740,Бендеры,Борисовка,улица Гастелло,14,46.83744,29.46922,17.9,улица Гастелло,улица Гастелло,residential,22.5
w318051694,Бендеры,Борисовка,улица Гастелло,15,46.83712,29.46888,23.2,улица Гастелло,улица Гастелло,residential,29.3
w318057742,Бендеры,Борисовка,улица Гастелло,16,46.83751,29.46909,13.9,улица Гастелло,улица Гастелло,residential,17.5
w318057744,Бендеры,Борисовка,улица Гастелло,17,46.83727,29.46882,17.9,улица Гастелло,улица Гастелло,residential,22.6
w318057743,Бендеры,Борисовка,улица Гастелло,18,46.83763,29.46898,14.2,улица Гастелло,улица Гастелло,residential,17.8
w318057745,Бендеры,Борисовка,улица Гастелло,19,46.83734,29.46868,22.5,улица Гастелло,улица Гастелло,residential,28.5
w318058440,Бендеры,Борисовка,улица Гастелло,21,46.83749,29.46863,16.6,улица Гастелло,улица Гастелло,residential,21.0
w318058441,Бендеры,Борисовка,улица Гастелло,23,46.83771,29.46848,12.8,улица Гастелло,улица Гастелло,residential,16.2
w222764128,Бендеры,Хомутяновка,улица Георге Асаке,8,46.81914,29.46597,72.9,улица Георге Асаке,Путейская улица,residential,91.0
n2322107957,Бендеры,Борисовка,улица Герцена,1,46.8361,29.46313,8.1,улица Герцена,улица Герцена,residential,11.7
w319226856,Бендеры,Борисовка,улица Герцена,2,46.83643,29.46292,16.7,улица Герцена,улица Герцена,residential,23.1
w319226855,Бендеры,Борисовка,улица Герцена,4,46.83633,29.46287,17.5,улица Герцена,улица Герцена,residential,24.3
w319226853,Бендеры,Борисовка,улица Герцена,6,46.83617,29.46284,15.2,улица Герцена,улица Герцена,residential,21.1
w319226848,Бендеры,Борисовка,улица Герцена,8,46.83603,29.46274,18.6,улица Герцена,улица Герцена,residential,25.9
w319226838,Бендеры,Борисовка,улица Герцена,9,46.83568,29.46306,14.8,улица Герцена,улица Герцена,residential,21.1
n2322112853,Бендеры,Борисовка,улица Герцена,17,46.83505,29.46276,10.5,улица Герцена,улица Герцена,residential,14.8
n2337326463,Бендеры,Борисовка,улица Глядковской,1,46.83484,29.47502,17.0,улица Глядковской,улица Глядковской,residential,19.5
n2337326464,Бендеры,Борисовка,улица Глядковской,3,46.83538,29.4745,0.2,улица Глядковской,улица Глядковской,residential,0.0
n2337326466,Бендеры,Борисовка,улица Глядковской,7,46.83649,29.47254,11.5,улица Глядковской,улица Глядковской,residential,13.5
w297047597,Бендеры,Борисовка,улица Глядковской,7,46.83614,29.4718,78.6,улица Глядковской,улица Глядковской,residential,92.2
w316026073,Бендеры,Борисовка,улица Глядковской,7,46.83631,29.4714,45.2,,улица Глядковской,residential,102.6
w316026076,Бендеры,Борисовка,улица Глядковской,7,46.83669,29.47232,7.4,улица Глядковской,улица Глядковской,residential,9.0
w306219481,Бендеры,Борисовка,улица Глядковской,7а,46.83605,29.47226,61.5,улица Глядковской,улица Глядковской,residential,71.4
w223680351,Бендеры,Борисовка,улица Глядковской,9,46.83713,29.47151,18.0,улица Глядковской,улица Глядковской,residential,21.3
w223680911,Бендеры,Борисовка,улица Глядковской,9а,46.83695,29.47176,18.2,улица Глядковской,улица Глядковской,residential,21.5
w316026074,Бендеры,Борисовка,улица Глядковской,9б,46.83667,29.47152,52.6,,улица Глядковской,residential,62.3
w223680282,Бендеры,Борисовка,улица Глядковской,11,46.83736,29.47112,21.8,улица Глядковской,улица Глядковской,residential,25.6
w306219488,Бендеры,Борисовка,улица Глядковской,12а,46.83804,29.47084,17.0,улица Глядковской,улица Глядковской,residential,19.4
w306219489,Бендеры,Борисовка,улица Глядковской,14,46.83818,29.47063,17.7,улица Глядковской,Бельцкая улица,tertiary,19.0
w317149178,Бендеры,Хомутяновка,улица Гоголя,1,46.82987,29.46068,20.3,улица Гоголя,улица 50 лет ВЛКСМ,tertiary,28.0
w318070643,Бендеры,Хомутяновка,улица Гоголя,2,46.82967,29.46015,12.7,улица Гоголя,улица Гоголя,residential,17.7
w317149177,Бендеры,Хомутяновка,улица Гоголя,3,46.82972,29.4606,18.9,улица Гоголя,улица Гоголя,residential,26.7
w318070647,Бендеры,Хомутяновка,улица Гоголя,4,46.82952,29.46015,8.4,улица Гоголя,улица Гоголя,residential,11.5
w317149174,Бендеры,Хомутяновка,улица Гоголя,5,46.82956,29.4606,23.6,улица Гоголя,улица Гоголя,residential,33.3
w318070648,Бендеры,Хомутяновка,улица Гоголя,6,46.82941,29.46002,14.7,улица Гоголя,улица Гоголя,residential,20.4
w317149169,Бендеры,Хомутяновка,улица Гоголя,7,46.82944,29.46052,21.2,улица Гоголя,улица Гоголя,residential,29.9
w318070642,Бендеры,Хомутяновка,улица Гоголя,8,46.82929,29.45983,25.1,улица Гоголя,улица Гоголя,residential,35.1
w317149168,Бендеры,Хомутяновка,улица Гоголя,9,46.82931,29.46048,22.1,улица Гоголя,улица Гоголя,residential,31.1
w318070638,Бендеры,Хомутяновка,улица Гоголя,10,46.82917,29.45976,26.7,улица Гоголя,улица Гоголя,residential,37.4
w317149167,Бендеры,Хомутяновка,улица Гоголя,11,46.82918,29.46042,21.5,улица Гоголя,улица Гоголя,residential,30.3
w317149166,Бендеры,Хомутяновка,улица Гоголя,13,46.82904,29.46034,19.7,улица Гоголя,улица Гоголя,residential,27.7
w318070633,Бендеры,Хомутяновка,улица Гоголя,14,46.82867,29.45979,9.9,улица Гоголя,Молодёжная улица,residential,13.3
w318070632,Бендеры,Хомутяновка,улица Гоголя,16,46.82851,29.45973,9.8,улица Гоголя,улица Гоголя,residential,13.6
w318070628,Бендеры,Хомутяновка,улица Гоголя,18,46.82837,29.45966,10.9,улица Гоголя,улица Гоголя,residential,15.1
w317051479,Бендеры,Хомутяновка,улица Гоголя,19,46.82843,29.46008,18.3,улица Гоголя,улица Гоголя,residential,25.8
w318070625,Бендеры,Хомутяновка,улица Гоголя,20,46.82823,29.45959,12.0,улица Гоголя,улица Гоголя,residential,16.7
w317051473,Бендеры,Хомутяновка,улица Гоголя,21,46.8283,29.46004,19.0,улица Гоголя,улица Гоголя,residential,27.0
w317149194,Бендеры,Хомутяновка,улица Гоголя,22,46.82808,29.45954,11.4,улица Гоголя,улица Гоголя,residential,15.7
w317051468,Бендеры,Хомутяновка,улица Гоголя,23,46.82815,29.45999,19.7,улица Гоголя,улица Гоголя,residential,27.9
w317149190,Бендеры,Хомутяновка,улица Гоголя,24,46.82795,29.45948,12.1,улица Гоголя,улица Гоголя,residential,16.6
w317051471,Бендеры,Хомутяновка,улица Гоголя,25,46.82798,29.46017,37.8,улица Гоголя,улица Гоголя,residential,53.4
w317149187,Бендеры,Хомутяновка,улица Гоголя,26,46.82782,29.45946,9.8,улица Гоголя,улица Гоголя,residential,13.4
w317051463,Бендеры,Хомутяновка,улица Гоголя,27,46.82788,29.45986,17.9,улица Гоголя,улица Гоголя,residential,25.5
w317051459,Бендеры,Хомутяновка,улица Гоголя,29,46.82773,29.45982,19.2,улица Гоголя,улица Гоголя,residential,27.4
w316785294,Бендеры,Хомутяновка,улица Гоголя,32,46.82728,29.45923,11.0,улица Гоголя,улица Гоголя,residential,15.0
w316759508,Бендеры,Хомутяновка,улица Гоголя,34,46.82713,29.45917,11.0,улица Гоголя,улица Гоголя,residential,15.0
w316785291,Бендеры,Хомутяновка,улица Гоголя,35,46.82718,29.45961,19.8,улица Гоголя,улица Гоголя,residential,28.2
w316759464,Бендеры,Хомутяновка,улица Гоголя,36,46.827,29.45912,10.8,улица Гоголя,улица Гоголя,residential,14.8
w316785290,Бендеры,Хомутяновка,улица Гоголя,37,46.82701,29.45958,22.6,улица Гоголя,улица Гоголя,residential,32.2
w316759219,Бендеры,Хомутяновка,улица Гоголя,38,46.82684,29.4589,22.2,улица Гоголя,улица Гоголя,residential,30.9
w316759038,Бендеры,Хомутяновка,улица Гоголя,39,46.8269,29.45948,18.5,улица Гоголя,улица Гоголя,residential,26.4
w316759216,Бендеры,Хомутяновка,улица Гоголя,40,46.8267,29.45899,11.5,улица Гоголя,улица Гоголя,residential,15.9
w316758839,Бендеры,Хомутяновка,улица Гоголя,41,46.82678,29.45941,17.0,улица Гоголя,улица Гоголя,residential,24.1
w316759045,Бендеры,Хомутяновка,улица Гоголя,42,46.82656,29.45885,17.6,улица Гоголя,улица Гоголя,residential,24.5
w316758835,Бендеры,Хомутяновка,улица Гоголя,43,46.82664,29.45942,21.8,улица Гоголя,улица Гоголя,residential,30.9
w316759046,Бендеры,Хомутяновка,улица Гоголя,44,46.82637,29.45885,12.0,улица Гоголя,улица Гоголя,residential,16.7
w316665821,Бендеры,Хомутяновка,улица Гоголя,45,46.82647,29.45929,17.3,улица Гоголя,улица Гоголя,residential,24.5
w315618168,Бендеры,Хомутяновка,улица Гоголя,46,46.82607,29.45873,12.2,улица Гоголя,улица Гоголя,residential,17.1
w315618169,Бендеры,Хомутяновка,улица Гоголя,48,46.82592,29.45863,15.3,улица Гоголя,улица Гоголя,residential,21.5
w315618156,Бендеры,Хомутяновка,улица Гоголя,49,46.82599,29.45911,18.0,улица Гоголя,улица 40 лет Советской Пионерии,residential,18.4
w315807232,Бендеры,Хомутяновка,улица Гоголя,50,46.82577,29.45856,16.3,улица Гоголя,улица Гоголя,residential,22.9
w315618162,Бендеры,Хомутяновка,улица Гоголя,51,46.82584,29.45903,16.4,улица Гоголя,улица Гоголя,residential,23.1
w315851303,Бендеры,Хомутяновка,улица Гоголя,52,46.82561,29.45854,13.3,улица Гоголя,улица Гоголя,residential,18.7
w315618163,Бендеры,Хомутяновка,улица Гоголя,53,46.82569,29.45902,19.8,улица Гоголя,улица Гоголя,residential,28.0
w315851304,Бендеры,Хомутяновка,улица Гоголя,54,46.82547,29.45842,18.2,улица Гоголя,улица Гоголя,residential,25.6
w315618164,Бендеры,Хомутяновка,улица Гоголя,55,46.82557,29.45894,17.3,улица Гоголя,улица Гоголя,residential,24.4
w315851301,Бендеры,Хомутяновка,улица Гоголя,56,46.82533,29.45836,18.6,улица Гоголя,улица Гоголя,residential,26.3
w315618152,Бендеры,Хомутяновка,улица Гоголя,57,46.8254,29.45886,16.2,улица Гоголя,улица Гоголя,residential,22.8
w315851305,Бендеры,Хомутяновка,улица Гоголя,58,46.8252,29.45829,20.1,улица Гоголя,улица Гоголя,residential,28.5
w315618153,Бендеры,Хомутяновка,улица Гоголя,59,46.82519,29.45901,33.1,улица Гоголя,улица Гоголя,residential,46.6
w315851312,Бендеры,Хомутяновка,улица Гоголя,60,46.82502,29.45828,15.8,улица Гоголя,улица Гоголя,residential,22.4
w315618151,Бендеры,Хомутяновка,улица Гоголя,61,46.8251,29.45873,15.0,улица Гоголя,улица Гоголя,residential,21.1
w315851314,Бендеры,Хомутяновка,улица Гоголя,62,46.82484,29.45824,13.7,улица Гоголя,улица Гоголя,residential,19.5
w315618136,Бендеры,Хомутяновка,улица Гоголя,63,46.82493,29.4587,17.6,улица Гоголя,улица Гоголя,residential,24.7
w315618134,Бендеры,Хомутяновка,улица Гоголя,65,46.82478,29.45871,22.6,улица Гоголя,улица Гоголя,residential,31.7
w315807206,Бендеры,Хомутяновка,улица Гоголя,68,46.82418,29.45801,12.7,улица Гоголя,улица Гоголя,residential,17.9
w315425228,Бендеры,Хомутяновка,улица Гоголя,69,46.82409,29.45832,12.5,улица Гоголя,улица Гоголя,residential,17.9
w315807207,Бендеры,Хомутяновка,улица Гоголя,70,46.82407,29.45801,9.8,улица Гоголя,улица Гоголя,residential,13.7
w315425242,Бендеры,Хомутяновка,улица Гоголя,73,46.82396,29.45829,13.8,улица Гоголя,улица Гоголя,residential,19.7
w211496773,Бендеры,Хомутяновка,улица Дзержинского,12,46.8212,29.47067,40.8,улица Дзержинского,улица Дзержинского,residential,56.9
w291423975,Бендеры,Хомутяновка,улица Дзержинского,36,46.82309,29.47159,35.1,улица Дзержинского,улица Дзержинского,residential,48.8
w291423977,Бендеры,Хомутяновка,улица Дзержинского,38,46.82281,29.47146,35.6,улица Дзержинского,улица Дзержинского,residential,49.5
w290851735,Бендеры,Хомутяновка,улица Дзержинского,42,46.82224,29.47132,27.4,улица Дзержинского,улица Дзержинского,residential,38.2
w290851733,Бендеры,Хомутяновка,улица Дзержинского,42A,46.82244,29.47143,25.8,улица Дзержинского,улица Дзержинского,residential,36.0
w222767138,Бендеры,Хомутяновка,улица Дзержинского,46,46.82064,29.47059,28.1,улица Дзержинского,улица Дзержинского,residential,39.3
w209416057,Бендеры,Хомутяновка,улица Добродеева,1,46.82233,29.4607,13.2,улица Добродеева,улица Добродеева,residential,13.3
w315425259,Бендеры,Хомутяновка,улица Добродеева,2,46.82309,29.45814,17.3,улица Добродеева,улица Добродеева,residential,18.1
w209416077,Бендеры,Хомутяновка,улица Добродеева,3,46.82235,29.46051,15.2,улица Добродеева,улица Добродеева,residential,15.2
w318083426,Бендеры,Хомутяновка,улица Добродеева,4,46.82355,29.45553,12.9,улица Добродеева,улица Добродеева,residential,13.1
w209416021,Бендеры,Хомутяновка,улица Добродеева,5,46.82239,29.46033,14.8,улица Добродеева,улица Добродеева,residential,14.8
w209416026,Бендеры,Хомутяновка,улица Добродеева,7,46.82242,29.46017,15.1,улица Добродеева,улица Добродеева,residential,15.0
w209416056,Бендеры,Хомутяновка,улица Добродеева,9,46.82245,29.46,15.6,улица Добродеева,улица Добродеева,residential,15.4
w209416015,Бендеры,Хомутяновка,улица Добродеева,11,46.82248,29.45982,15.6,улица Добродеева,улица Добродеева,residential,15.5
w209416050,Бендеры,Хомутяновка,улица Добродеева,13,46.82252,29.45964,14.7,улица Добродеева,улица Добродеева,residential,14.6
w209416072,Бендеры,Хомутяновка,улица Добродеева,15,46.82255,29.45948,14.4,улица Добродеева,улица Добродеева,residential,14.4
w209416033,Бендеры,Хомутяновка,улица Добродеева,17,46.82258,29.45931,14.3,улица Добродеева,улица Добродеева,residential,14.3
w209416059,Бендеры,Хомутяновка,улица Добродеева,19,46.82264,29.45918,10.2,улица Добродеева,улица Добродеева,residential,10.2
w318044640,Бендеры,Хомутяновка,улица Добродеева,21,46.8228,29.4582,12.5,улица Добродеева,улица Добродеева,residential,12.3
w318044639,Бендеры,Хомутяновка,улица Добродеева,23,46.82284,29.45802,11.9,улица Добродеева,улица Добродеева,residential,11.7
w318044638,Бендеры,Хомутяновка,улица Добродеева,25,46.82287,29.45783,12.6,улица Добродеева,улица Добродеева,residential,12.3
w318044637,Бендеры,Хомутяновка,улица Добродеева,27,46.82289,29.45766,14.0,улица Добродеева,улица Добродеева,residential,13.6
w318044635,Бендеры,Хомутяновка,улица Добродеева,29,46.82294,29.45748,12.3,улица Добродеева,улица Добродеева,residential,11.9
w318044453,Бендеры,Хомутяновка,улица Добродеева,31,46.82298,29.45729,11.9,улица Добродеева,улица Добродеева,residential,11.5
w318043422,Бендеры,Хомутяновка,улица Добродеева,33,46.82305,29.45695,11.2,улица Добродеева,улица Добродеева,residential,11.0
n2321855336,Бендеры,Хомутяновка,улица Добродеева,35,46.8232,29.45597,15.2,улица Добродеева,улица Добродеева,residential,15.5
n2321855335,Бендеры,Хомутяновка,улица Добродеева,37,46.82328,29.45562,14.1,улица Добродеева,улица Добродеева,residential,14.4
w318043420,Бендеры,Хомутяновка,улица Добродеева,59,46.82312,29.45666,9.5,улица Добродеева,улица Добродеева,residential,9.4
w315108367,Бендеры,Хомутяновка,улица Добродеева,79,46.82299,29.45932,30.0,улица Добродеева,улица Добродеева,residential,30.7
n4397874158,Бендеры,Хомутяновка,улица Добродеева,79а,46.8226,29.46039,8.9,улица Добродеева,улица Добродеева,residential,9.4
w315108368,Бендеры,Хомутяновка,улица Добродеева,81,46.82286,29.45911,12.2,улица Добродеева,улица Добродеева,residential,12.5
w315193134,Бендеры,Хомутяновка,улица Добродеева,82,46.823,29.4586,17.2,улица Добродеева,улица Добродеева,residential,17.7
w302074725,Бендеры,Хомутяновка,улица Добродеева,84,46.82275,29.45848,12.0,улица Добродеева,улица Добродеева,residential,12.0
w209416052,Бендеры,Хомутяновка,улица Добродеева,116,46.82276,29.4612,21.0,улица Бендерского Восстания,улица Бендерского Восстания,primary,29.7
w209416051,Бендеры,Хомутяновка,улица Добродеева,118,46.82262,29.46114,21.2,улица Бендерского Восстания,улица Добродеева,residential,27.9
w209416089,Бендеры,Хомутяновка,улица Добродеева,120,46.82245,29.46108,7.9,улица Добродеева,улица Добродеева,residential,8.1
n4162783497,Бендеры,Хомутяновка,улица Добродеева,122,46.82221,29.4611,11.8,улица Бендерского Восстания,улица Бендерского Восстания,primary,16.7
w209416036,Бендеры,Хомутяновка,улица Добродеева,122,46.82227,29.461,13.1,улица Добродеева,улица Добродеева,residential,13.3
w315618365,Бендеры,Хомутяновка,улица Добродеева,124,46.8221,29.46093,21.0,улица Бендерского Восстания,улица Бендерского Восстания,primary,29.5
n2325366582,Бендеры,Борисовка,улица Зои Космодемьянской,1,46.83845,29.46986,17.2,улица Зои Космодемьянской,улица Зои Космодемьянской,tertiary,23.6
w319141456,Бендеры,Борисовка,улица Зои Космодемьянской,4,46.83946,29.46994,14.3,улица Зои Космодемьянской,улица Зои Космодемьянской,tertiary,20.8
w165763748,Бендеры,Борисовка,улица Зои Космодемьянской,6,46.84078,29.47042,41.5,,улица Петровского,residential,85.2
w116073008,Бендеры,Борисовка,улица Зои Космодемьянской,8-Б,46.84143,29.46962,48.1,,улица Зои Космодемьянской,tertiary,69.0
w165763747,Бендеры,Борисовка,улица Зои Космодемьянской,8а,46.84103,29.47011,64.3,улица Зои Космодемьянской,улица Зои Космодемьянской,tertiary,86.3
w321410561,Бендеры,Борисовка,улица Зои Космодемьянской,10/1,46.84227,29.46786,9.6,,улица Зои Космодемьянской,tertiary,21.2
w165763743,Бендеры,Борисовка,улица Зои Космодемьянской,14,46.84426,29.46615,22.0,улица Ермакова,улица Ермакова,primary,21.8
w91848279,Бендеры,Борисовка,улица Зои Космодемьянской,16,46.84396,29.4649,11.8,,улица Ермакова,primary,68.9
w91848271,Бендеры,Борисовка,улица Зои Космодемьянской,18,46.84418,29.46422,20.4,,улица Ермакова,primary,49.6
w317148284,Бендеры,Борисовка,улица Зои Космодемьянской,29,46.83847,29.47028,13.6,улица Зои Космодемьянской,улица Зои Космодемьянской,tertiary,18.5
w165765812,Бендеры,Борисовка,улица Зои Космодемьянской,39,46.84268,29.46636,39.8,улица Зои Космодемьянской,улица Зои Космодемьянской,tertiary,47.6
w91848285,Бендеры,Борисовка,улица Зои Космодемьянской,41,46.84347,29.46546,15.2,,улица Зои Космодемьянской,tertiary,62.5
w91848293,Бендеры,Борисовка,улица Зои Космодемьянской,43,46.84308,29.46563,14.4,,улица Зои Космодемьянской,tertiary,71.1
w319141430,Бендеры,Борисовка,улица Зои Космодемьянской,53,46.83916,29.47002,15.9,улица Зои Космодемьянской,улица Титова,tertiary,20.7
w317484800,Бендеры,Борисовка,улица Ивана Федько,2,46.83583,29.46924,17.7,улица Ивана Федько,улица Ивана Федько,residential,22.9
w316027892,Бендеры,Борисовка,улица Ивана Федько,3,46.83553,29.46895,18.8,улица Ивана Федько,улица Ивана Федько,residential,23.3
w317484802,Бендеры,Борисовка,улица Ивана Федько,4,46.83593,29.46911,15.3,улица Ивана Федько,улица Ивана Федько,residential,19.8
w316027893,Бендеры,Борисовка,улица Ивана Федько,5,46.83566,29.46888,15.6,улица Ивана Федько,улица Ивана Федько,residential,19.2
w317484803,Бендеры,Борисовка,улица Ивана Федько,6,46.83605,29.46903,17.3,улица Ивана Федько,улица Ивана Федько,residential,22.3
w316027896,Бендеры,Борисовка,улица Ивана Федько,7,46.83577,29.46879,14.8,улица Ивана Федько,улица Ивана Федько,residential,18.3
w317484816,Бендеры,Борисовка,улица Ивана Федько,8,46.83616,29.46894,18.1,улица Ивана Федько,улица Ивана Федько,residential,23.3
w317484798,Бендеры,Борисовка,улица Ивана Федько,9,46.83588,29.46868,15.3,улица Ивана Федько,улица Ивана Федько,residential,19.0
w318048547,Бендеры,Борисовка,улица Ивана Федько,10,46.8363,29.46881,18.1,улица Ивана Федько,улица Ивана Федько,residential,23.2
w317484806,Бендеры,Борисовка,улица Ивана Федько,11,46.83601,29.46857,14.6,улица Ивана Федько,улица Ивана Федько,residential,18.2
w318048549,Бендеры,Борисовка,улица Ивана Федько,12,46.83641,29.46871,18.2,улица Ивана Федько,улица Ивана Федько,residential,23.3
w317484807,Бендеры,Борисовка,улица Ивана Федько,13,46.83614,29.46847,13.3,улица Ивана Федько,улица Ивана Федько,residential,16.6
w318048550,Бендеры,Борисовка,улица Ивана Федько,14,46.83651,29.46859,16.5,улица Ивана Федько,улица Ивана Федько,residential,21.0
w317484810,Бендеры,Борисовка,улица Ивана Федько,15,46.8362,29.46828,21.9,улица Ивана Федько,улица Ивана Федько,residential,27.6
w318048552,Бендеры,Борисовка,улица Ивана Федько,16,46.83662,29.46848,16.0,улица Ивана Федько,улица Ивана Федько,residential,20.3
w318048553,Бендеры,Борисовка,улица Ивана Федько,18,46.83674,29.4684,18.0,улица Ивана Федько,улица Ивана Федько,residential,22.8
n2325366600,Бендеры,Борисовка,улица Ивана Федько,19,46.83638,29.46817,18.3,улица Ивана Федько,улица Ивана Федько,residential,23.1
w318048555,Бендеры,Борисовка,улица Ивана Федько,20,46.83684,29.46827,15.6,улица Ивана Федько,улица Ивана Федько,residential,19.7
w318048554,Бендеры,Борисовка,улица Ивана Федько,22,46.83698,29.46822,20.7,улица Ивана Федько,улица Ивана Федько,residential,26.2
w318051688,Бендеры,Борисовка,улица Ивана Федько,24,46.83708,29.46806,16.4,улица Ивана Федько,улица Ивана Федько,residential,20.8
w318051689,Бендеры,Борисовка,улица Ивана Федько,26,46.83719,29.46797,17.2,улица Ивана Федько,улица Ивана Федько,residential,21.7
w318058436,Бендеры,Борисовка,улица Ивана Федько,28,46.83744,29.46817,44.9,улица Ивана Федько,Бельцкая улица,tertiary,48.6
w318058445,Бендеры,Борисовка,улица Ивана Федько,30,46.83753,29.46762,15.0,улица Ивана Федько,улица Ивана Федько,residential,18.9
w318058443,Бендеры,Борисовка,улица Ивана Федько,32,46.8376,29.46751,12.1,улица Ивана Федько,улица Ивана Федько,residential,15.3
w318184631,Бендеры,Борисовка,улица Ивана Федько,35,46.83739,29.46723,18.5,улица Ивана Федько,улица Ивана Федько,residential,23.4
w318185748,Бендеры,Борисовка,улица Ивана Федько,37,46.83753,29.46713,16.5,улица Ивана Федько,улица Ивана Федько,residential,21.0
w318072352,Бендеры,Борисовка,улица Ивана Шимкова,1,46.83559,29.46559,18.0,улица Ивана Шимкова,улица Панфилова,residential,19.2
n2322107940,Бендеры,Борисовка,улица Ивана Шимкова,2,46.83551,29.46505,19.3,улица Ивана Шимкова,улица Ивана Шимкова,residential,27.1
w318072351,Бендеры,Борисовка,улица Ивана Шимкова,3,46.83548,29.46553,16.8,улица Ивана Шимкова,улица Ивана Шимкова,residential,23.6
w318072344,Бендеры,Борисовка,улица Ивана Шимкова,5,46.83535,29.46555,22.1,улица Ивана Шимкова,улица Ивана Шимкова,residential,31.0
w318072345,Бендеры,Борисовка,улица Ивана Шимкова,7,46.83523,29.46541,15.4,улица Ивана Шимкова,улица Ивана Шимкова,residential,21.6
w318072346,Бендеры,Борисовка,улица Ивана Шимкова,9,46.8351,29.46535,14.9,улица Ивана Шимкова,улица Ивана Шимкова,residential,20.8
w209267184,Бендеры,Борисовка,улица Ивана Шимкова,10,46.83511,29.4659,45.1,улица Бендерского Восстания,улица Бендерского Восстания,primary,62.8
w318072347,Бендеры,Борисовка,улица Ивана Шимкова,11,46.83496,29.46534,18.3,улица Ивана Шимкова,улица Ивана Шимкова,residential,25.6
w318072358,Бендеры,Борисовка,улица Ивана Шимкова,13,46.83472,29.46535,26.1,улица Ивана Шимкова,улица Ивана Шимкова,residential,36.5
w318071345,Бендеры,Борисовка,улица Ивана Шимкова,14,46.83488,29.46589,38.8,улица Бендерского Восстания,улица Бендерского Восстания,primary,55.0
w318071364,Бендеры,Борисовка,улица Ивана Шимкова,15,46.83458,29.46519,18.5,улица Ивана Шимкова,улица Ивана Шимкова,residential,25.9
w318071363,Бендеры,Борисовка,улица Ивана Шимкова,17,46.83448,29.4651,14.9,улица Ивана Шимкова,улица Ивана Шимкова,residential,20.7
n2322107942,Бендеры,Борисовка,улица Ивана Шимкова,22,46.83454,29.46469,17.0,улица Ивана Шимкова,улица Ивана Шимкова,residential,24.0
w318071348,Бендеры,Борисовка,улица Ивана Шимкова,23,46.83398,29.46489,15.4,улица Ивана Шимкова,улица Ивана Шимкова,residential,21.5
w318071349,Бендеры,Борисовка,улица Ивана Шимкова,25,46.83388,29.46485,16.0,улица Ивана Шимкова,улица Ивана Шимкова,residential,22.3
w318072382,Бендеры,Борисовка,улица Ивана Шимкова,26,46.83406,29.46454,12.6,улица Ивана Шимкова,улица Ивана Шимкова,residential,17.4
w317055545,Бендеры,Борисовка,улица Ивана Шимкова,27,46.83363,29.46474,11.1,,улица Ивана Шимкова,residential,22.9
n6428859910,Бендеры,Борисовка,улица Ивана Шимкова,27А,46.8336,29.46486,12.1,,улица Ивана Шимкова,residential,36.5
w318072377,Бендеры,Борисовка,улица Ивана Шимкова,28,46.83394,29.46449,12.1,улица Ивана Шимкова,улица Ивана Шимкова,residential,16.7
w317055544,Бендеры,Борисовка,улица Ивана Шимкова,29,46.83348,29.4647,17.7,улица Ивана Шимкова,улица Ивана Шимкова,residential,25.1
w318072372,Бендеры,Борисовка,улица Ивана Шимкова,30,46.8337,29.46439,10.4,,улица Ивана Шимкова,residential,16.0
w317055542,Бендеры,Борисовка,улица Ивана Шимкова,31,46.83336,29.46464,16.9,улица Ивана Шимкова,улица Ивана Шимкова,residential,23.9
w318072374,Бендеры,Борисовка,улица Ивана Шимкова,32,46.83356,29.46434,11.1,улица Ивана Шимкова,улица Ивана Шимкова,residential,15.3
w317055540,Бендеры,Борисовка,улица Ивана Шимкова,33,46.83323,29.4646,17.9,улица Ивана Шимкова,улица Ивана Шимкова,residential,25.3
w209267129,Бендеры,Борисовка,улица Ивана Шимкова,34,46.83333,29.4655,20.7,улица Бендерского Восстания,улица Бендерского Восстания,primary,29.2
w318090588,Бендеры,Борисовка,улица Ивана Шимкова,34,46.83344,29.46429,11.1,улица Ивана Шимкова,улица Ивана Шимкова,residential,15.4
w317055538,Бендеры,Борисовка,улица Ивана Шимкова,35,46.83311,29.46454,17.2,улица Ивана Шимкова,улица Ивана Шимкова,residential,24.1
w209267147,Бендеры,Борисовка,улица Ивана Шимкова,36,46.8332,29.46545,20.4,улица Бендерского Восстания,улица Бендерского Восстания,primary,28.7
w318090593,Бендеры,Борисовка,улица Ивана Шимкова,36,46.83327,29.46392,33.1,улица Ивана Шимкова,улица Ивана Шимкова,residential,46.3
w317055533,Бендеры,Борисовка,улица Ивана Шимкова,37,46.83297,29.46449,17.7,улица Ивана Шимкова,улица Ивана Шимкова,residential,24.8
w209267171,Бендеры,Борисовка,улица Ивана Шимкова,38,46.83307,29.4654,20.1,улица Бендерского Восстания,улица Бендерского Восстания,primary,28.2
w318090587,Бендеры,Борисовка,улица Ивана Шимкова,38,46.83317,29.46419,10.3,улица Ивана Шимкова,улица Ивана Шимкова,residential,14.4
w317055528,Бендеры,Борисовка,улица Ивана Шимкова,39,46.83286,29.46445,18.0,улица Ивана Шимкова,улица Ивана Шимкова,residential,25.3
w209267138,Бендеры,Борисовка,улица Ивана Шимкова,40,46.83294,29.46534,20.6,улица Бендерского Восстания,улица Бендерского Восстания,primary,28.8
w318090586,Бендеры,Борисовка,улица Ивана Шимкова,40,46.83305,29.46413,11.1,улица Ивана Шимкова,улица Ивана Шимкова,residential,15.5
w317055532,Бендеры,Борисовка,улица Ивана Шимкова,41,46.83268,29.46438,18.3,улица Ивана Шимкова,улица Ивана Шимкова,residential,25.7
w318090584,Бендеры,Борисовка,улица Ивана Шимкова,42,46.83292,29.46408,10.8,улица Ивана Шимкова,улица Ивана Шимкова,residential,15.2
w318090583,Бендеры,Борисовка,улица Ивана Шимкова,44,46.83281,29.46392,19.3,улица Ивана Шимкова,улица Ивана Шимкова,residential,27.1
w318090582,Бендеры,Борисовка,улица Ивана Шимкова,46,46.83265,29.46398,10.0,улица Ивана Шимкова,улица Ивана Шимкова,residential,14.2
w318090581,Бендеры,Борисовка,улица Ивана Шимкова,48,46.83253,29.46388,13.7,улица Ивана Шимкова,Безымянный переулок,residential,16.3
w209273592,Бендеры,Борисовка,улица Ивана Шимкова,50,46.83204,29.46365,12.2,,улица Ивана Шимкова,residential,24.2
w209273608,Бендеры,Борисовка,улица Ивана Шимкова,50б,46.83175,29.46409,13.3,,улица Ивана Шимкова,residential,32.3
w209273575,Бендеры,Хомутяновка,улица Ивана Шимкова,52,46.83144,29.46341,13.6,,улица Ивана Шимкова,residential,26.3
w224943526,Бендеры,Хомутяновка,улица Ивана Шимкова,52а,46.83147,29.46406,16.0,,улица Ивана Шимкова,residential,39.4
w103992856,Бендеры,Борисовка,улица Интернационалистов,2,46.83373,29.45575,14.0,,улица Интернационалистов,residential,49.7
w103992874,Бендеры,Борисовка,улица Интернационалистов,2,46.83387,29.45617,13.4,,улица Интернационалистов,residential,48.1
w103992827,Бендеры,Борисовка,улица Интернационалистов,4,46.83378,29.45516,11.5,,улица Интернационалистов,residential,78.9
w222986042,Бендеры,Борисовка,улица Интернационалистов,4,46.83346,29.45501,13.0,,улица Интернационалистов,residential,52.1
w209273570,Бендеры,Хомутяновка,улица Интернационалистов,5,46.83095,29.45104,12.7,,улица Интернационалистов,residential,83.4
w209273565,Бендеры,Хомутяновка,улица Интернационалистов,7,46.83127,29.45083,18.7,,улица Интернационалистов,residential,43.1
w103992714,Бендеры,Борисовка,улица Интернационалистов,8,46.83353,29.45446,11.1,,улица Интернационалистов,residential,82.5
w209273568,Бендеры,Хомутяновка,улица Интернационалистов,9,46.83078,29.45037,13.0,,улица Интернационалистов,residential,82.8
w103992745,Бендеры,Борисовка,улица Интернационалистов,10,46.83324,29.45434,11.2,,улица Интернационалистов,residential,57.9
w209273567,Бендеры,Хомутяновка,улица Интернационалистов,11,46.83109,29.45016,12.1,,улица Интернационалистов,residential,43.6
w91850356,Бендеры,Хомутяновка,улица Интернационалистов,13,46.83078,29.44958,12.9,,улица Интернационалистов,residential,60.0
w222986064,Бендеры,Хомутяновка,улица Интернационалистов,13а,46.83076,29.44892,18.2,,улица Интернационалистов,residential,43.2
w442395876,Бендеры,Хомутяновка,улица Интернационалистов,13б,46.83093,29.44882,18.1,,улица Интернационалистов,residential,22.1
w91850336,Бендеры,Хомутяновка,улица Интернационалистов,15,46.8305,29.44818,14.0,,улица Интернационалистов,residential,50.1
w222986044,Бендеры,Борисовка,улица Интернационалистов,25,46.83418,29.45466,26.0,,улица Интернационалистов,residential,140.8
w319366971,Бендеры,Хомутяновка,улица Калашникова,3,46.81855,29.45666,11.3,улица Калашникова,улица Калашникова,residential,14.2
w302067676,Бендеры,Хомутяновка,улица Калашникова,4,46.81904,29.45666,22.1,улица Калашникова,улица Калашникова,residential,26.8
w319366972,Бендеры,Хомутяновка,улица Калашникова,5,46.81868,29.4565,12.0,улица Калашникова,улица Калашникова,residential,15.0
w302067678,Бендеры,Хомутяновка,улица Калашникова,6,46.81937,29.45623,18.5,,улица Калашникова,residential,23.0
w209287670,Бендеры,Хомутяновка,улица Калашникова,6а,46.81985,29.45591,12.0,,улица Калашникова,residential,39.2
w319366973,Бендеры,Хомутяновка,улица Калашникова,7,46.81876,29.45642,11.4,улица Калашникова,улица Калашникова,residential,14.2
n2330549402,Бендеры,Хомутяновка,улица Калашникова,8,46.82064,29.45468,9.2,улица Калашникова,улица Калашникова,residential,10.9
w319366997,Бендеры,Хомутяновка,улица Калашникова,8,46.82096,29.4545,19.7,улица Калашникова,улица Калашникова,residential,23.8
w319366974,Бендеры,Хомутяновка,улица Калашникова,9,46.81884,29.45633,11.4,улица Калашникова,улица Калашникова,residential,14.0
w319366975,Бендеры,Хомутяновка,улица Калашникова,11,46.81896,29.45619,11.6,улица Калашникова,улица Калашникова,residential,14.2
w320437630,Бендеры,Хомутяновка,улица Калашникова,12,46.82167,29.45367,19.2,улица Калашникова,улица Калашникова,residential,23.1
w319366977,Бендеры,Хомутяновка,улица Калашникова,13,46.81906,29.45609,10.8,улица Калашникова,улица Калашникова,residential,13.2
w320437642,Бендеры,Хомутяновка,улица Калашникова,14а,46.82193,29.45337,19.7,улица Калашникова,улица Калашникова,residential,23.8
w757835185,Бендеры,Хомутяновка,улица Калашникова,15,46.81915,29.45586,18.6,улица Калашникова,улица Калашникова,residential,22.5
w320342794,Бендеры,Хомутяновка,улица Калашникова,17,46.81933,29.45571,15.3,улица Калашникова,улица Калашникова,residential,18.6
w320342787,Бендеры,Хомутяновка,улица Калашникова,19,46.8193,29.45543,34.2,улица Калашникова,улица Калашникова,residential,41.8
w320342632,Бендеры,Хомутяновка,улица Калашникова,21,46.81978,29.45516,17.7,улица Калашникова,улица Калашникова,residential,22.2
n2330549398,Бендеры,Хомутяновка,улица Калашникова,22,46.82252,29.45243,5.2,улица Калашникова,улица Калашникова,residential,6.9
w319370825,Бендеры,Хомутяновка,улица Калашникова,23,46.82,29.45497,15.3,улица Калашникова,улица Калашникова,residential,19.6
w209287695,Бендеры,Хомутяновка,улица Калашникова,25,46.81963,29.45642,10.6,,улица Калашникова,residential,58.6
w319370824,Бендеры,Хомутяновка,улица Калашникова,25,46.8201,29.45485,16.6,улица Калашникова,улица Калашникова,residential,20.8
w319370823,Бендеры,Хомутяновка,улица Калашникова,29,46.82024,29.45462,21.2,улица Калашникова,улица Калашникова,residential,26.4
w319370821,Бендеры,Хомутяновка,улица Калашникова,31,46.82038,29.45454,16.7,улица Калашникова,улица Калашникова,residential,20.9
w319370820,Бендеры,Хомутяновка,улица Калашникова,33,46.8205,29.4544,17.2,улица Калашникова,улица Калашникова,residential,21.5
w319367003,Бендеры,Хомутяновка,улица Калашникова,35,46.82068,29.45416,19.7,улица Калашникова,улица Калашникова,residential,24.6
w319366999,Бендеры,Хомутяновка,улица Калашникова,37,46.82081,29.45406,17.0,улица Калашникова,улица Калашникова,residential,21.4
w297019345,Бендеры,Хомутяновка,улица Калашникова,39,46.82095,29.45392,16.2,улица Калашникова,улица Калашникова,residential,20.3
w297019344,Бендеры,Хомутяновка,улица Калашникова,41,46.82108,29.45378,9.5,,улица Калашникова,residential,19.5
w320438933,Бендеры,Хомутяновка,улица Калашникова,43,46.82129,29.4535,17.6,улица Калашникова,улица Калашникова,residential,21.4
n2337889960,Бендеры,Хомутяновка,улица Калашникова,44,46.82583,29.45048,32.9,улица Калашникова,улица Калашникова,residential,47.3
w320438935,Бендеры,Хомутяновка,улица Калашникова,45,46.82143,29.45338,14.8,улица Калашникова,улица Калашникова,residential,18.0
w352285811,Бендеры,Хомутяновка,улица Калашникова,46,46.827,29.4496,14.9,улица Калашникова,улица Калашникова,residential,20.5
w320438940,Бендеры,Хомутяновка,улица Калашникова,47,46.82156,29.4532,16.3,улица Калашникова,улица Калашникова,residential,19.8
w352285810,Бендеры,Хомутяновка,улица Калашникова,48,46.82714,29.4496,20.1,улица Калашникова,улица Калашникова,residential,27.7
w320438942,Бендеры,Хомутяновка,улица Калашникова,49,46.82165,29.45314,13.5,улица Калашникова,улица Калашникова,residential,16.4
w352285809,Бендеры,Хомутяновка,улица Калашникова,50,46.82733,29.44945,16.6,улица Калашникова,улица Калашникова,residential,22.7
w320438943,Бендеры,Хомутяновка,улица Калашникова,53,46.82178,29.45283,22.7,улица Калашникова,улица Калашникова,residential,27.4
w352285807,Бендеры,Хомутяновка,улица Калашникова,54,46.82749,29.44941,19.7,улица Калашникова,улица Калашникова,residential,27.0
w484497586,Бендеры,Хомутяновка,улица Калашникова,55,46.82191,29.45284,12.9,улица Калашникова,улица Калашникова,residential,15.6
w352285806,Бендеры,Хомутяновка,улица Калашникова,56,46.8276,29.44932,17.4,улица Калашникова,улица Калашникова,residential,23.8
w320438948,Бендеры,Хомутяновка,улица Калашникова,57,46.82204,29.45265,15.0,улица Калашникова,улица Калашникова,residential,18.1
w352285804,Бендеры,Хомутяновка,улица Калашникова,58,46.82772,29.44927,18.4,улица Калашникова,улица Калашникова,residential,25.1
w352285589,Бендеры,Хомутяновка,улица Калашникова,60,46.82783,29.4492,17.5,улица Калашникова,улица Калашникова,residential,23.8
w352285588,Бендеры,Хомутяновка,улица Калашникова,62,46.82797,29.44914,18.4,улица Калашникова,улица Калашникова,residential,25.1
w352285587,Бендеры,Хомутяновка,улица Калашникова,64,46.82809,29.44907,18.0,улица Калашникова,улица Калашникова,residential,24.4
w352285586,Бендеры,Хомутяновка,улица Калашникова,66,46.8282,29.44908,22.8,улица Калашникова,улица Калашникова,residential,31.0
w352285585,Бендеры,Хомутяновка,улица Калашникова,68,46.82834,29.44902,23.8,улица Калашникова,улица Калашникова,residential,32.3
w352285583,Бендеры,Хомутяновка,улица Калашникова,70,46.82845,29.44892,20.7,улица Калашникова,улица Калашникова,residential,28.1
w352285582,Бендеры,Хомутяновка,улица Калашникова,72,46.82859,29.44885,19.0,улица Калашникова,улица Калашникова,residential,26.7
w318071326,Бендеры,Борисовка,улица Клары Цеткин,3,46.83721,29.4703,20.0,улица Клары Цеткин,улица Клары Цеткин,residential,26.7
w223691986,Бендеры,Борисовка,улица Клары Цеткин,4,46.8354,29.46948,12.9,улица Клары Цеткин,улица Клары Цеткин,residential,17.0
w318071327,Бендеры,Борисовка,улица Клары Цеткин,5,46.8374,29.47048,16.9,улица Клары Цеткин,улица Клары Цеткин,residential,22.4
w318071331,Бендеры,Борисовка,улица Клары Цеткин,5,46.83759,29.47066,13.8,улица Клары Цеткин,улица Клары Цеткин,residential,18.1
w223681291,Бендеры,Борисовка,улица Клары Цеткин,6,46.83596,29.46998,19.7,улица Клары Цеткин,улица Клары Цеткин,residential,26.1
w223681143,Бендеры,Борисовка,улица Клары Цеткин,8,46.83654,29.4706,18.7,,улица Клары Цеткин,residential,43.8
w223681290,Бендеры,Борисовка,улица Клары Цеткин,8а,46.83628,29.4702,16.1,,улица Клары Цеткин,residential,25.7
w223681142,Бендеры,Борисовка,улица Клары Цеткин,10,46.83695,29.47062,14.5,улица Клары Цеткин,улица Клары Цеткин,residential,18.9
w306219472,Бендеры,Борисовка,улица Клары Цеткин,10/5,46.83855,29.47286,16.4,улица Клары Цеткин,улица Клары Цеткин,residential,17.9
w336800599,Бендеры,Борисовка,улица Клары Цеткин,10/6,46.83871,29.47308,13.2,улица Клары Цеткин,улица Клары Цеткин,residential,19.2
w223680912,Бендеры,Борисовка,улица Клары Цеткин,12,46.83713,29.47081,18.8,улица Клары Цеткин,улица Клары Цеткин,residential,24.8
w306219464,Бендеры,Борисовка,улица Клары Цеткин,30,46.83896,29.47256,11.4,улица Клары Цеткин,улица Клары Цеткин,residential,14.7
w224340921,Бендеры,Борисовка,улица Клары Цеткин,32,46.83881,29.47393,77.9,улица Клары Цеткин,Бельцкая улица,tertiary,85.0
n2334331724,Бендеры,Борисовка,улица Клары Цеткин,56,46.83456,29.46902,18.6,улица Клары Цеткин,улица Клары Цеткин,residential,25.3
w326811190,Бендеры,Хомутяновка,улица Кошевого,1,46.82692,29.45134,20.2,улица Кошевого,улица Кошевого,residential,21.9
w352064501,Бендеры,Хомутяновка,улица Кошевого,1а,46.82713,29.45157,11.8,улица Кошевого,улица Кошевого,residential,12.8
w352265841,Бендеры,Хомутяновка,улица Кошевого,3,46.82666,29.45052,11.9,улица Кошевого,улица Кошевого,residential,11.6
w352111443,Бендеры,Хомутяновка,улица Кошевого,4,46.82773,29.45205,19.1,улица Кошевого,улица Кошевого,residential,22.4
w352265843,Бендеры,Хомутяновка,улица Кошевого,5,46.82659,29.45034,15.7,улица Кошевого,улица Кошевого,residential,15.8
w352111440,Бендеры,Хомутяновка,улица Кошевого,6,46.82758,29.45182,17.1,улица Кошевого,улица Кошевого,residential,19.1
w352265844,Бендеры,Хомутяновка,улица Кошевого,7,46.82659,29.45011,11.1,улица Кошевого,улица Кошевого,residential,11.2
w352111439,Бендеры,Хомутяновка,улица Кошевого,8,46.82748,29.45166,15.5,улица Кошевого,улица Кошевого,residential,17.3
w352265846,Бендеры,Хомутяновка,улица Кошевого,9,46.82651,29.44997,16.7,улица Кошевого,улица Кошевого,residential,17.2
w352111438,Бендеры,Хомутяновка,улица Кошевого,10,46.82743,29.45136,24.6,улица Кошевого,улица Кошевого,residential,27.5
w352111436,Бендеры,Хомутяновка,улица Кошевого,10а,46.82723,29.4511,18.4,улица Кошевого,улица Кошевого,residential,20.8
w326811191,Бендеры,Хомутяновка,улица Кошевого,14,46.82677,29.45091,14.1,улица Кошевого,улица Кошевого,residential,15.1
w352265852,Бендеры,Хомутяновка,улица Кошевого,14,46.82686,29.45017,16.6,улица Кошевого,улица Кошевого,residential,17.1
w352265853,Бендеры,Хомутяновка,улица Кошевого,16,46.82683,29.44992,18.6,улица Кошевого,улица Кошевого,residential,18.7
w352326939,Бендеры,Хомутяновка,улица Кошевого,38,46.82617,29.44816,13.1,улица Кошевого,улица Кошевого,residential,13.6
n2337889966,Бендеры,Хомутяновка,улица Кошевого,42,46.82637,29.44907,14.5,улица Кошевого,улица Кошевого,residential,14.8
w644316162,Бендеры,Хомутяновка,улица Крянгэ,1,46.82383,29.45494,16.5,улица Крянгэ,улица Крянгэ,tertiary,23.5
w318083428,Бендеры,Хомутяновка,улица Крянгэ,6,46.82369,29.45549,20.8,улица Крянгэ,улица Добродеева,residential,27.4
w318084710,Бендеры,Хомутяновка,улица Крянгэ,7,46.82518,29.45447,17.7,улица Крянгэ,улица Крянгэ,tertiary,25.5
w318083432,Бендеры,Хомутяновка,улица Крянгэ,8,46.82382,29.45541,18.1,улица Крянгэ,улица Крянгэ,tertiary,25.6
w318083433,Бендеры,Хомутяновка,улица Крянгэ,10,46.82397,29.45537,18.9,улица Крянгэ,улица Крянгэ,tertiary,26.7
w318083442,Бендеры,Хомутяновка,улица Крянгэ,12,46.82413,29.45537,22.9,улица Крянгэ,улица Крянгэ,tertiary,32.3
w209273571,Бендеры,Хомутяновка,улица Крянгэ,13,46.8259,29.45403,19.0,,Глинная улица,residential,45.9
w318083440,Бендеры,Хомутяновка,улица Крянгэ,14,46.82425,29.45528,19.2,улица Крянгэ,улица Крянгэ,tertiary,27.0
w91850334,Бендеры,Хомутяновка,улица Крянгэ,15,46.82632,29.45351,12.6,,улица Крянгэ,tertiary,85.1
w91850362,Бендеры,Хомутяновка,улица Крянгэ,17,46.82692,29.45367,16.3,,улица Крянгэ,tertiary,49.2
w319132158,Бендеры,Хомутяновка,улица Крянгэ,20,46.82481,29.45507,17.6,улица Крянгэ,улица Крянгэ,tertiary,24.9
w319133046,Бендеры,Хомутяновка,улица Крянгэ,22,46.82496,29.45504,19.0,улица Крянгэ,улица Крянгэ,tertiary,26.9
w319133048,Бендеры,Хомутяновка,улица Крянгэ,24,46.82512,29.45498,18.6,улица Крянгэ,улица Крянгэ,tertiary,26.2
w319133053,Бендеры,Хомутяновка,улица Крянгэ,34,46.82589,29.45473,19.3,улица Крянгэ,улица Крянгэ,tertiary,27.0
w319133052,Бендеры,Хомутяновка,улица Крянгэ,36,46.82604,29.45478,26.8,улица Крянгэ,улица 40 лет Советской Пионерии,residential,33.2
w209273634,Бендеры,Хомутяновка,улица Крянгэ,40,46.82668,29.45462,11.1,,улица 40 лет Советской Пионерии,residential,39.8
w209273591,Бендеры,Хомутяновка,улица Крянгэ,42,46.8271,29.45441,21.9,,улица Крянгэ,tertiary,35.2
w209273619,Бендеры,Хомутяновка,улица Крянгэ,44,46.82741,29.45432,16.7,,улица Крянгэ,tertiary,35.5
w320344001,Бендеры,Хомутяновка,улица Куйбышева,1,46.81832,29.45525,18.0,улица Куйбышева,улица Куйбышева,residential,22.9
w320343106,Бендеры,Хомутяновка,улица Куйбышева,2,46.81842,29.45572,18.1,улица Куйбышева,улица Куйбышева,residential,23.0
w320343105,Бендеры,Хомутяновка,улица Куйбышева,4,46.81855,29.45565,21.3,улица Куйбышева,улица Куйбышева,residential,27.1
w352284839,Бендеры,Хомутяновка,улица Куйбышева,5,46.8188,29.45483,13.3,улица Куйбышева,улица Куйбышева,residential,15.5
w320342800,Бендеры,Хомутяновка,улица Куйбышева,6,46.81867,29.45549,16.1,улица Куйбышева,улица Куйбышева,residential,21.4
w352285308,Бендеры,Хомутяновка,улица Куйбышева,7,46.81892,29.45465,14.1,улица Куйбышева,улица Куйбышева,residential,16.5
w320342799,Бендеры,Хомутяновка,улица Куйбышева,8,46.81884,29.45541,21.9,улица Куйбышева,переулок Куйбышева,residential,26.0
w352285307,Бендеры,Хомутяновка,улица Куйбышева,9,46.81904,29.45447,14.9,улица Куйбышева,улица Куйбышева,residential,17.5
w320342797,Бендеры,Хомутяновка,улица Куйбышева,10,46.81898,29.45512,16.4,улица Куйбышева,улица Куйбышева,residential,19.6
w339300190,Бендеры,Хомутяновка,улица Куйбышева,11,46.81917,29.45425,17.2,улица Куйбышева,улица Куйбышева,residential,20.2
w320342789,Бендеры,Хомутяновка,улица Куйбышева,12,46.81913,29.45492,16.8,улица Куйбышева,улица Куйбышева,residential,20.0
w320437658,Бендеры,Хомутяновка,улица Куйбышева,13,46.81929,29.45397,23.8,улица Куйбышева,улица Куйбышева,residential,29.1
w320342793,Бендеры,Хомутяновка,улица Куйбышева,14,46.81929,29.4547,16.8,улица Куйбышева,улица Куйбышева,residential,19.9
n2330550601,Бендеры,Хомутяновка,улица Куйбышева,15,46.82052,29.45284,13.4,улица Куйбышева,улица Куйбышева,residential,16.9
w320438938,Бендеры,Хомутяновка,улица Куйбышева,15,46.81944,29.45388,18.7,улица Куйбышева,улица Куйбышева,residential,23.2
w320342791,Бендеры,Хомутяновка,улица Куйбышева,16,46.81945,29.4546,23.5,улица Куйбышева,улица Куйбышева,residential,27.8
w339300188,Бендеры,Хомутяновка,улица Куйбышева,17,46.81953,29.45367,25.3,улица Куйбышева,улица Куйбышева,residential,31.9
w320342631,Бендеры,Хомутяновка,улица Куйбышева,18,46.81968,29.45446,32.4,улица Куйбышева,улица Куйбышева,residential,39.3
w352265866,Бендеры,Хомутяновка,улица Куйбышева,19,46.81977,29.45349,21.0,улица Куйбышева,улица Куйбышева,residential,26.6
w320342629,Бендеры,Хомутяновка,улица Куйбышева,20,46.8198,29.45423,26.8,улица Куйбышева,улица Куйбышева,residential,32.5
w352265865,Бендеры,Хомутяновка,улица Куйбышева,21,46.82,29.45338,13.1,улица Куйбышева,улица Куйбышева,residential,16.7
w320342628,Бендеры,Хомутяновка,улица Куйбышева,22,46.81995,29.45401,22.7,улица Куйбышева,улица Куйбышева,residential,27.9
w352265863,Бендеры,Хомутяновка,улица Куйбышева,23,46.82015,29.4532,14.7,улица Куйбышева,улица Куйбышева,residential,18.7
w320437619,Бендеры,Хомутяновка,улица Куйбышева,24,46.82008,29.45382,19.3,улица Куйбышева,улица Куйбышева,residential,23.6
w352162874,Бендеры,Хомутяновка,улица Куйбышева,25,46.82028,29.45304,16.4,улица Куйбышева,улица Куйбышева,residential,20.6
w320437620,Бендеры,Хомутяновка,улица Куйбышева,26,46.82019,29.45373,20.8,улица Куйбышева,улица Куйбышева,residential,25.4
w320440073,Бендеры,Хомутяновка,улица Куйбышева,27,46.82045,29.4529,14.1,улица Куйбышева,улица Куйбышева,residential,17.9
w320437622,Бендеры,Хомутяновка,улица Куйбышева,28,46.82029,29.4536,19.1,улица Куйбышева,улица Куйбышева,residential,23.4
w320440071,Бендеры,Хомутяновка,улица Куйбышева,29,46.82059,29.45272,16.4,улица Куйбышева,улица Куйбышева,residential,20.6
w320437623,Бендеры,Хомутяновка,улица Куйбышева,30,46.82041,29.45346,18.1,улица Куйбышева,улица Куйбышева,residential,22.1
w320440070,Бендеры,Хомутяновка,улица Куйбышева,31,46.82063,29.4525,27.4,улица Куйбышева,улица Куйбышева,residential,33.5
w320437626,Бендеры,Хомутяновка,улица Куйбышева,32,46.82051,29.45336,18.3,улица Куйбышева,улица Куйбышева,residential,22.4
w320440062,Бендеры,Хомутяновка,улица Куйбышева,33,46.82087,29.45242,15.7,улица Куйбышева,улица Куйбышева,residential,19.0
w666173093,Бендеры,Хомутяновка,улица Куйбышева,34,46.82067,29.45314,14.9,улица Куйбышева,улица Куйбышева,residential,18.2
w320440054,Бендеры,Хомутяновка,улица Куйбышева,35,46.82101,29.45226,15.5,улица Куйбышева,улица Куйбышева,residential,18.7
w320438936,Бендеры,Хомутяновка,улица Куйбышева,37,46.82138,29.45188,12.9,улица Куйбышева,улица Куйбышева,residential,15.8
w320440052,Бендеры,Хомутяновка,улица Куйбышева,37а,46.82118,29.45208,14.4,улица Куйбышева,улица Куйбышева,residential,17.3
w320440055,Бендеры,Хомутяновка,улица Куйбышева,39,46.82161,29.45162,15.3,улица Куйбышева,улица Куйбышева,residential,18.7
w320440057,Бендеры,Хомутяновка,улица Куйбышева,40,46.82115,29.45265,17.4,улица Куйбышева,улица Куйбышева,residential,21.2
w320440053,Бендеры,Хомутяновка,улица Куйбышева,42,46.82127,29.45253,18.6,улица Куйбышева,улица Куйбышева,residential,22.7
w757869687,Бендеры,Хомутяновка,улица Куйбышева,44,46.82144,29.45231,17.3,улица Куйбышева,улица Куйбышева,residential,21.2
w757869686,Бендеры,Хомутяновка,улица Куйбышева,46,46.82153,29.45221,17.2,улица Куйбышева,улица Куйбышева,residential,21.7
w320439368,Бендеры,Хомутяновка,улица Куйбышева,48,46.82174,29.45198,15.5,улица Куйбышева,улица Куйбышева,residential,20.0
w320439372,Бендеры,Хомутяновка,улица Куйбышева,50,46.82191,29.4518,13.1,улица Куйбышева,улица Куйбышева,residential,18.0
w320439366,Бендеры,Хомутяновка,улица Куйбышева,51,46.82158,29.45261,44.8,улица Куйбышева,улица Куйбышева,residential,54.7
w320440063,Бендеры,Хомутяновка,улица Куйбышева,52,46.8224,29.45155,13.5,улица Куйбышева,улица Куйбышева,residential,19.6
w209273601,Бендеры,Хомутяновка,улица Лермонтова,2,46.82772,29.45452,12.4,,улица 50 лет ВЛКСМ,tertiary,36.1
w209273566,Бендеры,Хомутяновка,улица Лермонтова,4,46.8269,29.45498,15.1,,улица Лермонтова,residential,28.1
w318548554,Бендеры,Хомутяновка,улица Лермонтова,5,46.82788,29.45522,21.1,,улица Лермонтова,residential,34.1
w318548553,Бендеры,Хомутяновка,улица Лермонтова,7,46.82772,29.4552,18.2,улица Лермонтова,улица Лермонтова,residential,26.0
w318548552,Бендеры,Хомутяновка,улица Лермонтова,9,46.82761,29.45531,23.4,улица Лермонтова,улица Лермонтова,residential,33.3
w318548547,Бендеры,Хомутяновка,улица Лермонтова,11,46.82742,29.45528,16.0,улица Лермонтова,улица Лермонтова,residential,23.0
w318548540,Бендеры,Хомутяновка,улица Лермонтова,13,46.82726,29.45535,16.9,улица Лермонтова,улица Лермонтова,residential,24.3
w318548535,Бендеры,Хомутяновка,улица Лермонтова,15,46.82712,29.45539,16.0,улица Лермонтова,улица Лермонтова,residential,23.1
w318120119,Бендеры,Хомутяновка,улица Лермонтова,16,46.82665,29.45555,15.1,улица Лермонтова,улица 40 лет Советской Пионерии,residential,19.9
w318120125,Бендеры,Хомутяновка,улица Лермонтова,17,46.82696,29.45546,16.9,улица Лермонтова,улица Лермонтова,residential,24.1
n2321834521,Бендеры,Хомутяновка,улица Лермонтова,18,46.82613,29.45531,16.0,улица Лермонтова,улица Лермонтова,residential,22.9
w318084698,Бендеры,Хомутяновка,улица Лермонтова,18,46.8266,29.45523,9.9,улица Лермонтова,улица Лермонтова,residential,13.9
w318084696,Бендеры,Хомутяновка,улица Лермонтова,21,46.82618,29.45572,15.7,улица Лермонтова,улица Лермонтова,residential,22.0
w318084704,Бендеры,Хомутяновка,улица Лермонтова,23,46.82602,29.45576,14.7,улица Лермонтова,улица Лермонтова,residential,20.6
n4397874166,Бендеры,Хомутяновка,улица Лермонтова,24,46.82582,29.45543,14.8,улица Лермонтова,улица Лермонтова,residential,21.2
w318084707,Бендеры,Хомутяновка,улица Лермонтова,25,46.82585,29.45585,17.1,улица Лермонтова,улица Лермонтова,residential,24.1
w318084690,Бендеры,Хомутяновка,улица Лермонтова,29,46.82559,29.45597,19.6,улица Лермонтова,улица Лермонтова,residential,27.5
w318084686,Бендеры,Хомутяновка,улица Лермонтова,31,46.82542,29.45598,16.1,улица Лермонтова,улица Лермонтова,residential,22.6
w318083482,Бендеры,Хомутяновка,улица Лермонтова,33,46.82526,29.45598,12.1,улица Лермонтова,улица Лермонтова,residential,17.0
w318083475,Бендеры,Хомутяновка,улица Лермонтова,35,46.82514,29.45606,15.1,улица Лермонтова,улица Лермонтова,residential,21.1
w318083469,Бендеры,Хомутяновка,улица Лермонтова,37,46.82498,29.45611,14.8,улица Лермонтова,улица Лермонтова,residential,20.8
n2321834527,Бендеры,Хомутяновка,улица Лермонтова,38,46.82484,29.45579,12.4,улица Лермонтова,улица Лермонтова,residential,17.9
n4919278864,Бендеры,Хомутяновка,улица Лермонтова,38а,46.82261,29.45645,14.0,улица Лермонтова,улица Лермонтова,residential,20.2
w318043413,Бендеры,Хомутяновка,улица Лермонтова,38а,46.82272,29.4566,23.1,улица Лермонтова,улица Лермонтова,residential,33.2
n2321834524,Бендеры,Хомутяновка,улица Лермонтова,39,46.82494,29.45611,13.8,улица Лермонтова,улица Лермонтова,residential,19.4
w318083466,Бендеры,Хомутяновка,улица Лермонтова,39,46.82483,29.45614,13.4,улица Лермонтова,улица Лермонтова,residential,18.6
n2321834534,Бендеры,Хомутяновка,улица Лермонтова,41,46.82454,29.45619,10.2,улица Лермонтова,переулок Лермонтова,residential,12.5
w317149370,Бендеры,Хомутяновка,улица Лермонтова,43,46.82443,29.4563,15.9,улица Лермонтова,улица Лермонтова,residential,22.6
w317149376,Бендеры,Хомутяновка,улица Лермонтова,45,46.82431,29.45634,16.3,улица Лермонтова,улица Лермонтова,residential,23.2
w318044883,Бендеры,Хомутяновка,улица Лермонтова,49,46.824,29.45646,18.4,улица Лермонтова,улица Лермонтова,residential,26.4
w318083425,Бендеры,Хомутяновка,улица Лермонтова,50,46.82385,29.4561,11.7,улица Лермонтова,улица Лермонтова,residential,16.6
w318044882,Бендеры,Хомутяновка,улица Лермонтова,51,46.82384,29.4565,17.9,улица Лермонтова,улица Лермонтова,residential,25.7
n2321855312,Бендеры,Хомутяновка,улица Лермонтова,56,46.82301,29.45618,14.2,улица Лермонтова,улица Лермонтова,residential,20.1
n2321855313,Бендеры,Хомутяновка,улица Лермонтова,60,46.82264,29.45609,13.5,улица Лермонтова,улица Старого,tertiary,18.8
w528507074,Бендеры,Хомутяновка,улица Ломоносова,1,46.82588,29.45242,25.1,улица Ломоносова,улица Ломоносова,residential,26.0
w320438945,Бендеры,Хомутяновка,улица Ломоносова,2,46.82567,29.45153,24.1,улица Ломоносова,улица Ломоносова,residential,25.1
n5653833599,Бендеры,Хомутяновка,улица Ломоносова,2А,46.82538,29.45145,4.6,улица Ломоносова,улица Ломоносова,residential,4.4
w342101744,Бендеры,Хомутяновка,улица Ломоносова,4,46.82578,29.45134,16.1,улица Ломоносова,улица Ломоносова,residential,22.4
w342101746,Бендеры,Хомутяновка,улица Ломоносова,6,46.82599,29.45126,17.3,улица Ломоносова,улица Ломоносова,residential,24.2
w342101752,Бендеры,Хомутяновка,улица Ломоносова,8,46.82637,29.45107,16.4,улица Ломоносова,улица Ломоносова,residential,22.7
w352064499,Бендеры,Хомутяновка,улица Ломоносова,12,46.82656,29.451,17.6,улица Ломоносова,улица Ломоносова,residential,24.5
w352263847,Бендеры,Хомутяновка,улица Ломоносова,12,46.82694,29.45044,9.6,улица Ломоносова,улица Ломоносова,residential,13.3
w352064498,Бендеры,Хомутяновка,улица Ломоносова,12a,46.82668,29.45097,19.5,улица Ломоносова,улица Кошевого,residential,27.0
n2337889957,Бендеры,Хомутяновка,улица Ломоносова,15,46.82584,29.45095,10.2,улица Ломоносова,улица Ломоносова,residential,14.1
w352111433,Бендеры,Хомутяновка,улица Ломоносова,16,46.82704,29.45074,15.6,улица Ломоносова,улица Кошевого,residential,20.2
n5640999867,Бендеры,Хомутяновка,улица Ломоносова,17,46.82499,29.45205,28.9,Глинная улица,Глинная улица,service,29.2
w352111435,Бендеры,Хомутяновка,улица Ломоносова,18,46.82716,29.45072,18.6,улица Ломоносова,улица Ломоносова,residential,25.5
n2337889954,Бендеры,Хомутяновка,улица Ломоносова,19,46.82625,29.45073,12.4,улица Ломоносова,улица Ломоносова,residential,17.1
w352263846,Бендеры,Хомутяновка,улица Ломоносова,20,46.82748,29.45059,20.9,улица Ломоносова,улица Ломоносова,residential,28.6
w352263844,Бендеры,Хомутяновка,улица Ломоносова,21,46.82716,29.45025,15.2,улица Ломоносова,улица Ломоносова,residential,21.1
w352263842,Бендеры,Хомутяновка,улица Ломоносова,23,46.82727,29.45019,15.5,улица Ломоносова,улица Ломоносова,residential,21.5
w352263834,Бендеры,Хомутяновка,улица Ломоносова,24,46.82804,29.45031,21.3,улица Ломоносова,улица Ломоносова,residential,29.2
w352263840,Бендеры,Хомутяновка,улица Ломоносова,25,46.82739,29.45019,11.1,улица Ломоносова,улица Ломоносова,residential,15.5
w352263832,Бендеры,Хомутяновка,улица Ломоносова,26,46.82816,29.45021,18.5,улица Ломоносова,улица Ломоносова,residential,25.5
w352263839,Бендеры,Хомутяновка,улица Ломоносова,27,46.82753,29.45008,13.9,улица Ломоносова,улица Ломоносова,residential,19.4
w352263808,Бендеры,Хомутяновка,улица Ломоносова,28,46.82832,29.45012,17.9,улица Ломоносова,улица Ломоносова,residential,24.7
w352263816,Бендеры,Хомутяновка,улица Ломоносова,29,46.82773,29.4499,19.5,улица Ломоносова,улица Ломоносова,residential,27.0
w352263806,Бендеры,Хомутяновка,улица Ломоносова,30,46.82845,29.45002,15.5,улица Ломоносова,улица Ломоносова,residential,21.5
w352263814,Бендеры,Хомутяновка,улица Ломоносова,31,46.82788,29.44989,14.8,улица Ломоносова,улица Ломоносова,residential,20.3
w352263818,Бендеры,Хомутяновка,улица Ломоносова,32,46.82885,29.4498,14.3,улица Ломоносова,улица Ломоносова,residential,20.1
w352263813,Бендеры,Хомутяновка,улица Ломоносова,33,46.828,29.44988,11.1,улица Ломоносова,улица Ломоносова,residential,15.2
w352263811,Бендеры,Хомутяновка,улица Ломоносова,35,46.82808,29.4497,21.1,улица Ломоносова,улица Ломоносова,residential,28.9
w352263809,Бендеры,Хомутяновка,улица Ломоносова,37,46.82822,29.4497,15.9,улица Ломоносова,улица Ломоносова,residential,21.8
w352263803,Бендеры,Хомутяновка,улица Ломоносова,41,46.8285,29.44962,11.5,улица Ломоносова,улица Ломоносова,residential,15.4
w352263801,Бендеры,Хомутяновка,улица Ломоносова,45,46.82877,29.44942,15.9,улица Ломоносова,улица Ломоносова,residential,21.4
w352263798,Бендеры,Хомутяновка,улица Ломоносова,47,46.82895,29.44939,10.7,улица Ломоносова,улица Ломоносова,residential,13.9
w115331462,Бендеры,Шёлковый,улица Луначарского,11,46.78598,29.4835,16.7,,улица Луначарского,residential,25.0
w318085551,Бендеры,Хомутяновка,улица Матросова,3,46.82791,29.45622,5.4,,улица Матросова,residential,24.2
w209273621,Бендеры,Хомутяновка,улица Матросова,4,46.82817,29.45637,15.1,,улица Матросова,residential,52.2
w318085550,Бендеры,Хомутяновка,улица Матросова,5,46.82782,29.45624,14.9,,улица Матросова,residential,23.0
w318548555,Бендеры,Хомутяновка,улица Матросова,6,46.82783,29.45586,11.9,улица Матросова,улица Матросова,residential,16.5
w318085549,Бендеры,Хомутяновка,улица Матросова,7,46.82767,29.45631,17.5,улица Матросова,улица Матросова,residential,25.0
w318548551,Бендеры,Хомутяновка,улица Матросова,8,46.82768,29.45591,11.9,улица Матросова,улица Матросова,residential,16.7
w318085546,Бендеры,Хомутяновка,улица Матросова,9,46.8275,29.45636,16.9,улица Матросова,улица Матросова,residential,24.1
w318120123,Бендеры,Хомутяновка,улица Матросова,10,46.82676,29.45625,9.8,улица Матросова,улица Матросова,residential,14.2
w318548549,Бендеры,Хомутяновка,улица Матросова,10,46.82752,29.45595,13.0,улица Матросова,улица Матросова,residential,18.2
w318085082,Бендеры,Хомутяновка,улица Матросова,11,46.82729,29.4564,14.6,улица Матросова,улица Матросова,residential,20.7
w318548545,Бендеры,Хомутяновка,улица Матросова,12,46.82738,29.45601,12.0,улица Матросова,улица Матросова,residential,17.0
w315851335,Бендеры,Хомутяновка,улица Матросова,13,46.82625,29.4568,18.5,улица Матросова,улица Матросова,residential,26.0
w318548543,Бендеры,Хомутяновка,улица Матросова,14,46.82723,29.45605,12.9,улица Матросова,улица Матросова,residential,18.2
w315618171,Бендеры,Хомутяновка,улица Матросова,15,46.82587,29.45701,24.9,улица Матросова,улица Матросова,residential,35.2
w318120128,Бендеры,Хомутяновка,улица Матросова,16,46.82704,29.45612,12.5,улица Матросова,улица Матросова,residential,17.7
w318084693,Бендеры,Хомутяновка,улица Матросова,18,46.82626,29.4563,18.4,улица Матросова,улица Матросова,residential,26.4
w315807199,Бендеры,Хомутяновка,улица Матросова,19,46.82448,29.45741,21.3,улица Матросова,переулок Лермонтова,residential,25.7
w318084702,Бендеры,Хомутяновка,улица Матросова,20,46.82613,29.45643,11.8,улица Матросова,улица Матросова,residential,17.1
w315807212,Бендеры,Хомутяновка,улица Матросова,21,46.82431,29.45739,15.8,улица Матросова,улица Матросова,residential,22.5
w318084701,Бендеры,Хомутяновка,улица Матросова,22,46.82598,29.45648,11.8,улица Матросова,улица Матросова,residential,17.0
w315807210,Бендеры,Хомутяновка,улица Матросова,23,46.82417,29.45747,18.4,улица Матросова,улица Матросова,residential,26.3
w315807208,Бендеры,Хомутяновка,улица Матросова,25,46.82399,29.45748,14.9,улица Матросова,улица Матросова,residential,21.4
w318084700,Бендеры,Хомутяновка,улица Матросова,26,46.82582,29.45651,13.4,улица Матросова,улица Матросова,residential,19.3
w315807203,Бендеры,Хомутяновка,улица Матросова,27,46.82384,29.45753,15.0,улица Матросова,улица Матросова,residential,21.7
w318084689,Бендеры,Хомутяновка,улица Матросова,28,46.82568,29.45654,14.6,улица Матросова,улица Матросова,residential,20.9
w315618173,Бендеры,Хомутяновка,улица Матросова,29,46.82371,29.45761,17.9,улица Матросова,улица Матросова,residential,25.8
w318084687,Бендеры,Хомутяновка,улица Матросова,30,46.82551,29.45658,15.7,улица Матросова,улица Матросова,residential,22.5
w318083480,Бендеры,Хомутяновка,улица Матросова,32,46.82537,29.45668,11.6,улица Матросова,улица Матросова,residential,16.8
w318083477,Бендеры,Хомутяновка,улица Матросова,34,46.82523,29.45672,12.0,улица Матросова,улица Матросова,residential,17.3
w315425263,Бендеры,Хомутяновка,улица Матросова,35,46.82326,29.45777,19.1,улица Матросова,улица Матросова,residential,27.8
w318083474,Бендеры,Хомутяновка,улица Матросова,36,46.82507,29.45678,11.4,улица Матросова,улица Матросова,residential,16.5
w318083464,Бендеры,Хомутяновка,улица Матросова,38,46.82492,29.45684,10.5,улица Матросова,улица Матросова,residential,15.3
w317149367,Бендеры,Хомутяновка,улица Матросова,42,46.82455,29.45689,15.7,улица Матросова,улица Матросова,residential,22.5
w317149374,Бендеры,Хомутяновка,улица Матросова,44,46.82438,29.45699,12.3,улица Матросова,улица Матросова,residential,17.5
w318044885,Бендеры,Хомутяновка,улица Матросова,46,46.82424,29.45701,14.1,улица Матросова,улица Матросова,residential,20.1
w318044886,Бендеры,Хомутяновка,улица Матросова,50,46.82395,29.45716,9.9,улица Матросова,улица Матросова,residential,13.9
w317149365,Бендеры,Хомутяновка,улица Матросова,52,46.82379,29.45721,10.0,улица Матросова,улица Матросова,residential,13.9
w315807202,Бендеры,Хомутяновка,улица Матросова,54,46.82365,29.45721,13.2,улица Матросова,улица Матросова,residential,18.5
w317053543,Бендеры,Хомутяновка,улица Осипенко,4,46.82876,29.45854,20.0,улица Осипенко,улица Осипенко,residential,27.9
w318070641,Бендеры,Хомутяновка,улица Осипенко,5,46.82936,29.45946,28.9,улица Осипенко,улица 50 лет ВЛКСМ,tertiary,37.9
w317053539,Бендеры,Хомутяновка,улица Осипенко,6,46.82863,29.45852,17.3,улица Осипенко,улица Осипенко,residential,24.3
w318070639,Бендеры,Хомутяновка,улица Осипенко,7,46.82925,29.45932,22.1,улица Осипенко,улица Осипенко,residential,31.4
w317053540,Бендеры,Хомутяновка,улица Осипенко,8,46.82839,29.45834,22.8,улица Осипенко,улица Осипенко,residential,32.1
w317053541,Бендеры,Хомутяновка,улица Осипенко,10,46.82824,29.45837,16.0,улица Осипенко,улица Осипенко,residential,22.5
w317053535,Бендеры,Хомутяновка,улица Осипенко,12,46.82812,29.45831,16.5,улица Осипенко,улица Осипенко,residential,23.4
w318070629,Бендеры,Хомутяновка,улица Осипенко,13,46.82864,29.45906,21.8,улица Осипенко,улица Осипенко,residential,30.3
w318071320,Бендеры,Хомутяновка,улица Осипенко,14,46.82798,29.45818,21.6,улица Осипенко,улица Спартака,residential,29.2
w318070627,Бендеры,Хомутяновка,улица Осипенко,15,46.8285,29.45905,25.5,улица Осипенко,улица Осипенко,residential,35.5
w317053520,Бендеры,Хомутяновка,улица Осипенко,16,46.82739,29.45801,16.4,улица Осипенко,улица Осипенко,residential,23.1
w318070626,Бендеры,Хомутяновка,улица Осипенко,17,46.82835,29.45899,25.8,улица Осипенко,улица Осипенко,residential,35.9
w317053511,Бендеры,Хомутяновка,улица Осипенко,18,46.82713,29.45792,15.5,улица Осипенко,улица Осипенко,residential,21.7
w317149192,Бендеры,Хомутяновка,улица Осипенко,19,46.82822,29.4589,23.3,улица Осипенко,улица Осипенко,residential,32.4
w317053502,Бендеры,Хомутяновка,улица Осипенко,20,46.827,29.45783,18.4,улица Осипенко,улица Осипенко,residential,25.7
w317149188,Бендеры,Хомутяновка,улица Осипенко,21,46.82808,29.45883,22.7,улица Осипенко,улица Осипенко,residential,31.4
w317053546,Бендеры,Хомутяновка,улица Осипенко,23,46.82791,29.45885,29.5,улица Осипенко,улица Спартака,residential,34.5
w315807221,Бендеры,Хомутяновка,улица Осипенко,24,46.82593,29.45741,18.4,улица Осипенко,улица Осипенко,residential,25.5
w315807220,Бендеры,Хомутяновка,улица Осипенко,26,46.82577,29.45735,18.3,улица Осипенко,улица Осипенко,residential,25.2
w315851325,Бендеры,Хомутяновка,улица Осипенко,28,46.82556,29.45719,24.0,улица Осипенко,улица Осипенко,residential,33.3
w315618172,Бендеры,Хомутяновка,улица Осипенко,30,46.82537,29.45715,21.4,улица Осипенко,улица Осипенко,residential,29.8
w316759468,Бендеры,Хомутяновка,улица Осипенко,31,46.82726,29.4585,23.4,улица Осипенко,улица Осипенко,residential,32.7
w316759289,Бендеры,Хомутяновка,улица Осипенко,33,46.82709,29.45864,38.6,улица Осипенко,улица Осипенко,residential,54.1
w316759220,Бендеры,Хомутяновка,улица Осипенко,35,46.82697,29.45837,22.2,улица Осипенко,улица Осипенко,residential,31.2
w316759217,Бендеры,Хомутяновка,улица Осипенко,37,46.82684,29.45836,25.2,улица Осипенко,улица Осипенко,residential,35.5
w316759073,Бендеры,Хомутяновка,улица Осипенко,39,46.82669,29.45826,22.1,улица Осипенко,улица Осипенко,residential,31.4
w315807224,Бендеры,Хомутяновка,улица Осипенко,45,46.82602,29.45806,26.7,улица Осипенко,улица 40 лет Советской Пионерии,residential,36.9
w315807231,Бендеры,Хомутяновка,улица Осипенко,47,46.82589,29.45794,21.6,улица Осипенко,улица Осипенко,residential,30.9
w315851307,Бендеры,Хомутяновка,улица Осипенко,49,46.82573,29.45794,26.2,улица Осипенко,улица Осипенко,residential,37.4
w315851319,Бендеры,Хомутяновка,улица Осипенко,51,46.8256,29.45781,20.5,улица Осипенко,улица Осипенко,residential,29.2
w315851320,Бендеры,Хомутяновка,улица Осипенко,53,46.82544,29.45777,22.1,улица Осипенко,улица Осипенко,residential,31.5
w315851322,Бендеры,Хомутяновка,улица Осипенко,55,46.82529,29.45775,25.0,улица Осипенко,улица Осипенко,residential,35.5
w315851323,Бендеры,Хомутяновка,улица Осипенко,57,46.82513,29.4577,25.9,улица Осипенко,улица Осипенко,residential,36.8
w315851310,Бендеры,Хомутяновка,улица Осипенко,59,46.82497,29.45767,28.4,улица Осипенко,переулок Лермонтова,residential,33.4
w303915691,Бендеры,Хомутяновка,улица Островского,2,46.81813,29.46237,8.6,улица Островского,улица Островского,residential,8.6
w304088423,Бендеры,Хомутяновка,улица Островского,5,46.81792,29.46189,15.2,улица Островского,улица Островского,residential,15.0
w304088426,Бендеры,Хомутяновка,улица Островского,7,46.8179,29.46163,17.6,улица Островского,улица Островского,residential,17.4
w304088427,Бендеры,Хомутяновка,улица Островского,9,46.81796,29.46142,11.1,улица Островского,улица Островского,residential,10.8
w303915683,Бендеры,Хомутяновка,улица Островского,10,46.81816,29.46118,11.0,улица Островского,улица Островского,residential,11.2
w304088428,Бендеры,Хомутяновка,улица Островского,11,46.81796,29.46109,11.3,улица Островского,улица Островского,residential,11.0
w209273598,Бендеры,Хомутяновка,улица Павлика Морозова,1,46.82949,29.45646,11.9,,улица Павлика Морозова,residential,24.5
w209273623,Бендеры,Хомутяновка,улица Павлика Морозова,1,46.82926,29.45682,13.0,,улица Павлика Морозова,residential,35.1
w209273578,Бендеры,Хомутяновка,улица Павлика Морозова,2,46.82913,29.45614,11.6,,улица Павлика Морозова,residential,28.8
w209273609,Бендеры,Хомутяновка,улица Павлика Морозова,3,46.82998,29.45611,11.9,,улица Павлика Морозова,residential,35.0
w209273587,Бендеры,Хомутяновка,улица Павлика Морозова,4,46.82978,29.45551,12.8,,улица Павлика Морозова,residential,28.3
w209273573,Бендеры,Хомутяновка,улица Павлика Морозова,5,46.83021,29.45575,19.2,улица Павлика Морозова,улица Павлика Морозова,residential,24.1
w209273612,Бендеры,Хомутяновка,улица Павлика Морозова,6,46.83029,29.45485,11.0,,улица Павлика Морозова,residential,40.8
w209273576,Бендеры,Хомутяновка,улица Павлика Морозова,7,46.83062,29.45568,13.1,,улица Павлика Морозова,residential,50.2
w209273596,Бендеры,Хомутяновка,улица Павлика Морозова,8,46.83115,29.45389,44.4,улица Павлика Морозова,улица Павлика Морозова,residential,57.3
w209273644,Бендеры,Хомутяновка,улица Павлика Морозова,8,46.83142,29.45312,79.1,улица Павлика Морозова,улица Интернационалистов,residential,91.6
w442395879,Бендеры,Борисовка,улица Павлика Морозова,12,46.83333,29.45134,55.4,,улица Интернационалистов,residential,163.6
w103992836,Бендеры,Хомутяновка,улица Павлика Морозова,13,46.83152,29.45479,26.6,,улица Павлика Морозова,residential,44.8
n5172818451,Бендеры,Борисовка,улица Павлика Морозова,15,46.83335,29.45334,26.0,,улица Павлика Морозова,residential,52.9
w222986041,Бендеры,Борисовка,улица Павлика Морозова,15,46.83319,29.45378,19.6,,улица Интернационалистов,residential,74.0
w103992878,Бендеры,Борисовка,улица Павлика Морозова,17,46.83361,29.45374,13.4,,улица Павлика Морозова,residential,105.7
w103992837,Бендеры,Борисовка,улица Павлика Морозова,19,46.83388,29.45388,14.7,,улица Павлика Морозова,residential,136.7
w209267149,Бендеры,Борисовка,улица Панфилова,1,46.83516,29.46679,18.6,улица Бендерского Восстания,улица Бендерского Восстания,primary,25.9
w209267181,Бендеры,Борисовка,улица Панфилова,1а,46.83566,29.46702,19.9,улица Бендерского Восстания,улица Бендерского Восстания,primary,28.3
w209267117,Бендеры,Борисовка,улица Панфилова,4A,46.83688,29.46249,9.7,улица Панфилова,улица Панфилова,residential,9.6
n2334305069,Бендеры,Борисовка,улица Панфилова,7,46.8365,29.46338,13.9,улица Панфилова,улица Панфилова,residential,14.2
n2334305071,Бендеры,Борисовка,улица Панфилова,9,46.83664,29.46278,10.7,улица Панфилова,улица Панфилова,residential,10.9
w209267177,Бендеры,Борисовка,улица Панфилова,12,46.83493,29.46614,22.1,улица Бендерского Восстания,улица Бендерского Восстания,primary,30.5
w319226862,Бендеры,Борисовка,улица Панфилова,15,46.83671,29.46232,11.9,улица Панфилова,улица Панфилова,residential,12.4
w319226864,Бендеры,Борисовка,улица Панфилова,17,46.83681,29.46167,14.3,улица Панфилова,улица Панфилова,residential,14.5
w209267113,Бендеры,Борисовка,улица Панфилова,25,46.83621,29.46576,19.0,,улица Панфилова,residential,52.0
w319615905,Бендеры,Борисовка,улица Петровского,2,46.84059,29.46777,15.2,улица Петровского,улица Петровского,residential,17.4
w165763752,Бендеры,Борисовка,улица Петровского,5,46.84062,29.46864,29.5,улица Петровского,улица Петровского,residential,32.6
w165763737,Бендеры,Борисовка,улица Петровского,7,46.84137,29.46761,44.1,улица Петровского,улица Петровского,residential,49.9
w116073003,Бендеры,Борисовка,улица Петровского,8,46.84096,29.47221,13.5,,улица Петровского,residential,31.9
w116073004,Бендеры,Борисовка,улица Петровского,8,46.84014,29.47034,19.7,улица Петровского,улица Петровского,residential,21.2
w116073002,Бендеры,Борисовка,улица Петровского,10,46.84119,29.47277,13.5,,улица Петровского,residential,33.4
n2325402378,Бендеры,Борисовка,улица Петровского,17,46.84066,29.47281,22.2,улица Петровского,улица Петровского,residential,23.4
w319144175,Бендеры,Борисовка,улица Петровского,19,46.84062,29.4726,17.9,улица Петровского,улица Петровского,residential,19.1
w319144172,Бендеры,Борисовка,улица Петровского,21,46.84056,29.47243,17.2,улица Петровского,улица Петровского,residential,18.4
w319144169,Бендеры,Борисовка,улица Петровского,23,46.84046,29.47229,21.3,улица Петровского,улица Петровского,residential,23.0
w91848280,Бендеры,Борисовка,улица Петровского,24,46.84225,29.46546,13.9,,улица Петровского,residential,23.2
w319144165,Бендеры,Борисовка,улица Петровского,25,46.84044,29.47212,16.7,улица Петровского,улица Петровского,residential,18.2
w225209888,Бендеры,Борисовка,улица Петровского,26,46.84243,29.46604,30.2,,улица Петровского,residential,71.6
w319144163,Бендеры,Борисовка,улица Петровского,27,46.84035,29.472,21.0,улица Петровского,улица Петровского,residential,22.6
w319144160,Бендеры,Борисовка,улица Петровского,29,46.84027,29.47183,22.4,улица Петровского,улица Петровского,residential,24.0
w319144157,Бендеры,Борисовка,улица Петровского,31,46.84021,29.47166,21.9,улица Петровского,улица Петровского,residential,23.3
w319144154,Бендеры,Борисовка,улица Петровского,33,46.84012,29.47135,18.8,улица Петровского,улица Петровского,residential,20.0
w319144151,Бендеры,Борисовка,улица Петровского,35,46.84003,29.47121,22.3,улица Петровского,улица Петровского,residential,23.6
w319144149,Бендеры,Борисовка,улица Петровского,37,46.84,29.471,17.3,улица Петровского,улица Петровского,residential,18.1
w319144146,Бендеры,Борисовка,улица Петровского,39,46.83993,29.47085,18.9,улица Петровского,улица Петровского,residential,19.7
w319142248,Бендеры,Борисовка,улица Петровского,43,46.83979,29.47044,18.3,улица Петровского,улица Петровского,residential,19.1
w91848269,Бендеры,Борисовка,улица Петровского,45,46.84272,29.46536,13.1,,улица Петровского,residential,62.1
w91848291,Бендеры,Борисовка,улица Петровского,47,46.84276,29.46468,12.4,,улица Петровского,residential,51.1
w319141461,Бендеры,Борисовка,улица Петровского,49,46.8401,29.46857,18.6,улица Петровского,улица Петровского,residential,21.4
w319141460,Бендеры,Борисовка,улица Петровского,51,46.8402,29.46834,21.1,улица Петровского,улица Петровского,residential,24.4
w319615906,Бендеры,Борисовка,улица Петровского,53,46.84074,29.46752,14.4,улица Петровского,улица Петровского,residential,16.1
w352148088,Бендеры,Борисовка,улица Петровского,61,46.8411,29.4668,17.4,улица Петровского,улица Петровского,residential,19.2
n2325729694,Бендеры,Борисовка,улица Петровского,65,46.84135,29.46635,16.4,улица Петровского,улица Петровского,residential,18.5
w317051450,Бендеры,Хомутяновка,улица Ползунова,2,46.82821,29.46217,11.4,улица Ползунова,Молодёжная улица,residential,15.0
w317051449,Бендеры,Хомутяновка,улица Ползунова,4,46.82809,29.46206,15.7,улица Ползунова,улица Ползунова,residential,22.3
w317051446,Бендеры,Хомутяновка,улица Ползунова,6,46.82794,29.46204,12.8,улица Ползунова,улица Ползунова,residential,18.2
w317051440,Бендеры,Хомутяновка,улица Ползунова,8,46.82782,29.46195,15.8,улица Ползунова,улица Ползунова,residential,22.5
w209416029,Бендеры,Хомутяновка,улица Ползунова,9,46.8276,29.46226,13.3,улица Ползунова,улица Ползунова,residential,18.5
w317051437,Бендеры,Хомутяновка,улица Ползунова,10,46.82771,29.46189,17.1,улица Ползунова,улица Ползунова,residential,24.2
w209416049,Бендеры,Хомутяновка,улица Ползунова,11,46.82747,29.46222,14.1,улица Ползунова,улица Ползунова,residential,19.7
w317051435,Бендеры,Хомутяновка,улица Ползунова,12,46.82757,29.46186,15.2,улица Ползунова,улица Ползунова,residential,21.5
w209416063,Бендеры,Хомутяновка,улица Ползунова,13,46.82735,29.46217,14.0,улица Ползунова,улица Ползунова,residential,19.5
w317051433,Бендеры,Хомутяновка,улица Ползунова,14,46.82744,29.46184,12.8,улица Ползунова,улица Ползунова,residential,18.3
w209416092,Бендеры,Хомутяновка,улица Ползунова,15,46.82721,29.46214,15.8,улица Ползунова,улица Ползунова,residential,22.1
w317051431,Бендеры,Хомутяновка,улица Ползунова,16,46.82733,29.46181,11.9,улица Ползунова,улица Ползунова,residential,16.8
w315851326,Бендеры,Хомутяновка,улица Ползунова,21,46.82676,29.46194,14.4,улица Ползунова,улица Ползунова,residential,20.2
w316645117,Бендеры,Хомутяновка,улица Ползунова,22,46.82685,29.46158,14.7,улица Ползунова,улица Ползунова,residential,20.6
w209416082,Бендеры,Хомутяновка,улица Ползунова,23,46.82662,29.46189,14.9,улица Ползунова,улица Ползунова,residential,20.9
w316645115,Бендеры,Хомутяновка,улица Ползунова,24,46.82674,29.46146,20.2,улица Ползунова,улица Ползунова,residential,28.3
w209416028,Бендеры,Хомутяновка,улица Ползунова,25,46.8265,29.46184,14.7,улица Ползунова,улица Ползунова,residential,20.8
w316645114,Бендеры,Хомутяновка,улица Ползунова,26,46.82659,29.46149,13.6,улица Ползунова,улица Ползунова,residential,18.9
w209416084,Бендеры,Хомутяновка,улица Ползунова,27,46.82637,29.46179,15.0,улица Ползунова,улица Ползунова,residential,21.2
w316645110,Бендеры,Хомутяновка,улица Ползунова,28,46.82646,29.46143,14.1,улица Ползунова,улица Ползунова,residential,19.6
w209416042,Бендеры,Хомутяновка,улица Ползунова,29,46.82624,29.46173,14.5,улица Ползунова,улица Ползунова,residential,20.5
w316031270,Бендеры,Хомутяновка,улица Ползунова,30,46.82633,29.46139,13.2,улица Ползунова,улица Ползунова,residential,18.2
w209416038,Бендеры,Хомутяновка,улица Ползунова,31,46.82613,29.4617,15.5,улица Ползунова,улица Ползунова,residential,22.0
w316031267,Бендеры,Хомутяновка,улица Ползунова,32,46.8262,29.46132,14.5,улица Ползунова,улица Ползунова,residential,20.0
w209416078,Бендеры,Хомутяновка,улица Ползунова,33,46.82599,29.46164,15.2,улица Ползунова,улица Ползунова,residential,21.7
w316031266,Бендеры,Хомутяновка,улица Ползунова,34,46.82607,29.46128,13.5,улица Ползунова,улица Ползунова,residential,18.6
w316031264,Бендеры,Хомутяновка,улица Ползунова,36,46.82593,29.46123,13.0,улица Ползунова,улица 40 лет Советской Пионерии,residential,17.6
w315618146,Бендеры,Хомутяновка,улица Ползунова,38,46.82562,29.46109,14.1,улица Ползунова,улица 40 лет Советской Пионерии,residential,19.0
w209287675,Бендеры,Хомутяновка,улица Ползунова,39,46.82543,29.46141,14.9,улица Ползунова,улица Ползунова,residential,21.3
w315618137,Бендеры,Хомутяновка,улица Ползунова,40,46.82539,29.46097,16.2,улица Ползунова,улица Ползунова,residential,22.5
w209287666,Бендеры,Хомутяновка,улица Ползунова,41,46.82517,29.46133,16.7,улица Ползунова,улица Ползунова,residential,23.7
w315425217,Бендеры,Хомутяновка,улица Ползунова,42,46.82525,29.46095,13.6,улица Ползунова,улица Ползунова,residential,18.8
w209287689,Бендеры,Хомутяновка,улица Ползунова,43,46.82505,29.46132,19.5,улица Ползунова,улица Ползунова,residential,27.5
w315425216,Бендеры,Хомутяновка,улица Ползунова,44,46.82511,29.46089,13.8,улица Ползунова,улица Ползунова,residential,19.3
w209287698,Бендеры,Хомутяновка,улица Ползунова,45,46.8249,29.4612,15.1,улица Ползунова,улица Ползунова,residential,21.3
w315425215,Бендеры,Хомутяновка,улица Ползунова,46,46.82499,29.46085,13.2,улица Ползунова,улица Ползунова,residential,18.5
w209287642,Бендеры,Хомутяновка,улица Ползунова,47,46.82477,29.46114,14.5,улица Ползунова,улица Ползунова,residential,20.4
w315425213,Бендеры,Хомутяновка,улица Ползунова,48,46.82488,29.46078,15.1,улица Ползунова,улица Ползунова,residential,21.3
w209287665,Бендеры,Хомутяновка,улица Ползунова,49,46.82465,29.46109,14.4,улица Ползунова,улица Ползунова,residential,20.1
w315425211,Бендеры,Хомутяновка,улица Ползунова,50,46.82475,29.46073,15.0,улица Ползунова,улица Ползунова,residential,21.1
w209287687,Бендеры,Хомутяновка,улица Ползунова,51,46.82452,29.46103,13.8,улица Ползунова,улица Ползунова,residential,19.2
w315425210,Бендеры,Хомутяновка,улица Ползунова,52,46.82462,29.46069,14.1,улица Ползунова,улица Ползунова,residential,20.0
w209287654,Бендеры,Хомутяновка,улица Ползунова,53,46.8244,29.46099,14.4,улица Ползунова,улица Ползунова,residential,20.0
w315425209,Бендеры,Хомутяновка,улица Ползунова,54,46.8245,29.46064,14.3,улица Ползунова,улица Ползунова,residential,20.2
w209287656,Бендеры,Хомутяновка,улица Ползунова,55,46.82429,29.46094,13.9,улица Ползунова,улица Ползунова,residential,19.3
w315425208,Бендеры,Хомутяновка,улица Ползунова,56,46.82438,29.46056,16.6,улица Ползунова,улица Ползунова,residential,23.6
w209416055,Бендеры,Хомутяновка,улица Ползунова,59,46.82392,29.46079,13.8,улица Ползунова,переулок Лермонтова,residential,15.0
w209416076,Бендеры,Хомутяновка,улица Ползунова,61,46.82378,29.46074,14.4,улица Ползунова,улица Ползунова,residential,19.7
w315193168,Бендеры,Хомутяновка,улица Ползунова,62,46.8239,29.46039,14.9,улица Ползунова,улица Ползунова,residential,21.3
w209416019,Бендеры,Хомутяновка,улица Ползунова,63,46.82366,29.4607,15.0,улица Ползунова,улица Ползунова,residential,20.6
w315193162,Бендеры,Хомутяновка,улица Ползунова,64,46.82377,29.46034,14.7,улица Ползунова,улица Ползунова,residential,21.0
w209416024,Бендеры,Хомутяновка,улица Ползунова,65,46.82354,29.46065,14.9,улица Ползунова,улица Ползунова,residential,20.5
w315193161,Бендеры,Хомутяновка,улица Ползунова,66,46.82365,29.46029,14.8,улица Ползунова,улица Ползунова,residential,21.1
w315193151,Бендеры,Хомутяновка,улица Ползунова,68,46.82358,29.45998,35.4,улица Ползунова,улица Ползунова,residential,50.0
w209416053,Бендеры,Хомутяновка,улица Ползунова,69,46.82328,29.46054,14.5,улица Ползунова,улица Ползунова,residential,20.1
w315193136,Бендеры,Хомутяновка,улица Ползунова,70,46.82338,29.46014,17.8,улица Ползунова,улица Ползунова,residential,25.2
w209416037,Бендеры,Хомутяновка,улица Ползунова,71,46.82312,29.4606,23.7,улица Ползунова,улица Ползунова,residential,32.9
w315193137,Бендеры,Хомутяновка,улица Ползунова,72,46.82327,29.46011,16.7,улица Ползунова,улица Ползунова,residential,23.7
w209416054,Бендеры,Хомутяновка,улица Ползунова,73,46.82303,29.46044,14.7,улица Ползунова,улица Ползунова,residential,20.3
w315425271,Бендеры,Хомутяновка,улица Ползунова,74,46.82314,29.46008,15.0,улица Ползунова,улица Ползунова,residential,21.4
w209416073,Бендеры,Хомутяновка,улица Ползунова,75,46.82292,29.46043,17.2,улица Ползунова,улица Ползунова,residential,23.8
w315108395,Бендеры,Хомутяновка,улица Ползунова,76,46.82302,29.45992,23.1,улица Ползунова,улица Ползунова,residential,32.8
w209287651,Бендеры,Хомутяновка,улица Ползунова,86,46.82475,29.46196,25.7,улица Бендерского Восстания,улица Бендерского Восстания,primary,35.9
w209287673,Бендеры,Хомутяновка,улица Ползунова,88,46.82461,29.46195,22.4,улица Бендерского Восстания,улица Бендерского Восстания,primary,31.1
w352111747,Бендеры,Хомутяновка,улица Полоза,2,46.82786,29.45212,24.9,улица Полоза,улица Полоза,residential,27.3
w352111750,Бендеры,Хомутяновка,улица Полоза,2а,46.82791,29.4524,8.7,улица Полоза,улица Полоза,residential,9.5
w352265854,Бендеры,Хомутяновка,улица Полоза,3,46.82808,29.45195,11.6,улица Полоза,улица Полоза,residential,12.8
w91850337,Бендеры,Хомутяновка,улица Полоза,4,46.82844,29.45216,18.3,,улица Полоза,residential,33.2
w352265855,Бендеры,Хомутяновка,улица Полоза,5,46.82816,29.45178,11.1,улица Полоза,улица Полоза,residential,12.4
w91850345,Бендеры,Хомутяновка,улица Полоза,6,46.82869,29.45253,15.5,,улица Полоза,residential,75.4
w209287637,Бендеры,Хомутяновка,улица Полоза,8,46.82911,29.45224,12.6,,улица Полоза,residential,104.7
w352263829,Бендеры,Хомутяновка,улица Полоза,9,46.82837,29.45133,10.3,улица Полоза,улица Полоза,residential,11.3
w209273564,Бендеры,Хомутяновка,улица Полоза,10,46.83014,29.45108,56.9,,улица Полоза,residential,157.0
w209287659,Бендеры,Хомутяновка,улица Полоза,10,46.82941,29.4521,13.5,,улица Полоза,residential,129.0
w352263828,Бендеры,Хомутяновка,улица Полоза,11,46.82844,29.45116,10.9,улица Полоза,улица Полоза,residential,11.9
w209287667,Бендеры,Хомутяновка,улица Полоза,12,46.8297,29.45195,12.4,,улица Полоза,residential,151.6
w352263824,Бендеры,Хомутяновка,улица Полоза,13,46.82851,29.451,11.0,улица Полоза,улица Полоза,residential,12.0
w209287681,Бендеры,Хомутяновка,улица Полоза,14,46.82877,29.45158,12.1,,улица Полоза,residential,40.6
w352263822,Бендеры,Хомутяновка,улица Полоза,15,46.82858,29.45079,13.2,улица Полоза,улица Полоза,residential,14.4
w209287660,Бендеры,Хомутяновка,улица Полоза,16,46.82936,29.45144,13.4,,улица Полоза,residential,94.1
w209287693,Бендеры,Хомутяновка,улица Полоза,18,46.8289,29.45101,18.5,,улица Полоза,residential,28.0
w209287671,Бендеры,Хомутяновка,улица Полоза,20,46.82922,29.45086,14.0,,улица Полоза,residential,53.7
w407354366,Бендеры,Шёлковый,улица Пугачёва,1,46.78471,29.4867,15.4,улица Пугачёва,улица Пугачёва,residential,15.4
w407354373,Бендеры,Шёлковый,улица Пугачёва,1,46.78478,29.48656,8.6,улица Пугачёва,улица Пугачёва,residential,8.9
w407354364,Бендеры,Шёлковый,улица Пугачёва,2,46.78497,29.4867,13.4,улица Пугачёва,улица Пугачёва,residential,13.4
w407354369,Бендеры,Шёлковый,улица Пугачёва,3,46.78469,29.48696,15.6,улица Пугачёва,улица Пугачёва,residential,15.6
w407354362,Бендеры,Шёлковый,улица Пугачёва,4,46.78496,29.48696,14.2,улица Пугачёва,улица Пугачёва,residential,14.3
w407354372,Бендеры,Шёлковый,улица Пугачёва,5,46.78468,29.48722,13.9,улица Пугачёва,улица Пугачёва,residential,14.4
w407354361,Бендеры,Шёлковый,улица Пугачёва,6,46.78493,29.48721,13.3,улица Пугачёва,улица Пугачёва,residential,13.0
w407354360,Бендеры,Шёлковый,улица Пугачёва,8,46.78491,29.48748,14.7,улица Пугачёва,улица Пугачёва,residential,14.4
w407354377,Бендеры,Шёлковый,улица Пугачёва,9,46.7846,29.48771,16.1,улица Пугачёва,улица Пугачёва,residential,16.7
w407354359,Бендеры,Шёлковый,улица Пугачёва,10,46.78487,29.48773,13.7,улица Пугачёва,улица Пугачёва,residential,13.3
w209654391,Бендеры,Хомутяновка,улица Сергея Ревенялэ,2,46.82277,29.46485,13.3,,переулок Бородина,residential,31.3
w209654392,Бендеры,Хомутяновка,улица Сергея Ревенялэ,2,46.82246,29.46482,13.0,,улица Халтурина,residential,26.9
w299629715,Бендеры,Хомутяновка,улица Сергея Ревенялэ,2а/1,46.82181,29.46418,17.9,,улица Халтурина,residential,61.2
w302074741,Бендеры,Хомутяновка,улица Сергея Ревенялэ,3,46.82231,29.46526,17.2,улица Сергея Ревенялэ,улица Сергея Ревенялэ,residential,24.2
w302074740,Бендеры,Хомутяновка,улица Сергея Ревенялэ,5,46.82209,29.46518,16.1,улица Сергея Ревенялэ,улица Сергея Ревенялэ,residential,22.4
n4835050372,Бендеры,Хомутяновка,улица Сергея Ревенялэ,"6 кв. 3,4",46.82335,29.46499,25.9,улица Сергея Ревенялэ,переулок Бородина,residential,34.9
w302074738,Бендеры,Хомутяновка,улица Сергея Ревенялэ,7,46.8217,29.4651,18.5,улица Сергея Ревенялэ,улица Сергея Ревенялэ,residential,26.1
n4835050371,Бендеры,Хомутяновка,улица Сергея Ревенялэ,8 кв. 1,46.82362,29.46508,15.2,улица Сергея Ревенялэ,улица Сергея Ревенялэ,residential,21.0
w302074736,Бендеры,Хомутяновка,улица Сергея Ревенялэ,9,46.82142,29.46502,18.6,улица Сергея Ревенялэ,улица Сергея Ревенялэ,residential,26.3
w302074735,Бендеры,Хомутяновка,улица Сергея Ревенялэ,11,46.82124,29.46493,15.8,улица Сергея Ревенялэ,улица Сергея Ревенялэ,residential,22.4
w302074727,Бендеры,Хомутяновка,улица Сергея Ревенялэ,13,46.82092,29.46484,16.6,улица Сергея Ревенялэ,улица Сергея Ревенялэ,residential,23.4
w317053527,Бендеры,Хомутяновка,улица Спартака,1,46.82764,29.45811,9.1,улица Спартака,улица Спартака,residential,9.3
w317053524,Бендеры,Хомутяновка,улица Спартака,3,46.8277,29.45777,9.8,улица Спартака,улица Спартака,residential,9.8
w317053529,Бендеры,Хомутяновка,улица Спартака,4,46.82793,29.45781,15.6,улица Спартака,улица Спартака,residential,16.1
w317053522,Бендеры,Хомутяновка,улица Спартака,5,46.82776,29.45753,8.3,улица Спартака,улица Спартака,residential,8.3
w317053532,Бендеры,Хомутяновка,улица Спартака,6,46.82796,29.4576,14.6,улица Спартака,улица Спартака,residential,15.0
w317053530,Бендеры,Хомутяновка,улица Спартака,8,46.828,29.45738,14.2,улица Спартака,улица Спартака,residential,14.8
w315807407,Бендеры,Хомутяновка,улица Спартака,17,46.82708,29.46207,10.4,улица Спартака,улица Спартака,residential,11.0
w316172927,Бендеры,Хомутяновка,улица Спартака,17,46.82732,29.46089,12.3,улица Спартака,улица Спартака,residential,12.4
w316645123,Бендеры,Хомутяновка,улица Спартака,18,46.82715,29.46173,11.0,улица Спартака,улица Спартака,residential,11.6
w315851328,Бендеры,Хомутяновка,улица Спартака,19,46.82686,29.46205,13.6,улица Спартака,улица Спартака,residential,13.4
w316645122,Бендеры,Хомутяновка,улица Спартака,19,46.82713,29.46081,9.7,улица Спартака,улица Спартака,residential,9.9
w316645118,Бендеры,Хомутяновка,улица Спартака,20,46.82697,29.46165,9.9,улица Спартака,улица Спартака,residential,9.7
w317053545,Бендеры,Хомутяновка,улица Спартака,25,46.82773,29.45868,11.6,улица Спартака,улица Спартака,residential,11.7
w316785297,Бендеры,Хомутяновка,улица Спартака,27,46.82755,29.45862,8.9,улица Спартака,улица Спартака,residential,9.2
w317051454,Бендеры,Хомутяновка,улица Спартака,28,46.82742,29.46038,12.4,улица Спартака,улица Спартака,residential,12.4
w317149184,Бендеры,Хомутяновка,улица Спартака,28,46.82771,29.45913,17.8,улица Спартака,улица Спартака,residential,17.9
w316785300,Бендеры,Хомутяновка,улица Спартака,29,46.82738,29.45866,26.5,улица Спартака,улица Спартака,residential,27.0
w316785289,Бендеры,Хомутяновка,улица Спартака,30,46.82721,29.4603,11.7,улица Спартака,улица Спартака,residential,12.2
w316785295,Бендеры,Хомутяновка,улица Спартака,30,46.82742,29.45929,10.4,улица Спартака,улица Спартака,residential,10.8
w317051455,Бендеры,Хомутяновка,улица Спартака,31,46.82753,29.45974,10.4,улица Спартака,улица Спартака,residential,10.4
w316785292,Бендеры,Хомутяновка,улица Спартака,33,46.82736,29.45972,8.1,улица Спартака,улица Спартака,residential,8.5
w209416027,Бендеры,Хомутяновка,улица Спартака,54,46.82722,29.46296,21.8,улица Бендерского Восстания,улица Бендерского Восстания,primary,30.3
w209416068,Бендеры,Хомутяновка,улица Спартака,56,46.82699,29.46288,17.4,улица Спартака,улица Спартака,residential,17.6
w209416065,Бендеры,Хомутяновка,улица Спартака,58,46.82671,29.46281,14.1,улица Спартака,улица Спартака,residential,14.4
w209416030,Бендеры,Хомутяновка,улица Спартака,60,46.82657,29.46275,19.1,улица Бендерского Восстания,улица Бендерского Восстания,primary,26.6
w315851327,Бендеры,Хомутяновка,улица Спартака,62,46.82648,29.46268,21.6,улица Бендерского Восстания,улица Бендерского Восстания,primary,30.3
w209416039,Бендеры,Хомутяновка,улица Спартака,64,46.82632,29.46265,19.3,улица Бендерского Восстания,улица Бендерского Восстания,primary,27.1
w209416041,Бендеры,Хомутяновка,улица Спартака,66,46.8262,29.46258,21.0,улица Бендерского Восстания,улица Бендерского Восстания,primary,29.7
w302074728,Бендеры,Хомутяновка,улица Старого,2,46.82074,29.46505,27.8,улица Старого,улица Старого,residential,29.2
w209654292,Бендеры,Хомутяновка,улица Старого,2а,46.82113,29.46369,22.3,,улица Старого,residential,23.9
w302074726,Бендеры,Хомутяновка,улица Старого,2а,46.82076,29.46543,19.1,,улица Старого,residential,43.4
w315193177,Бендеры,Хомутяновка,улица Старого,2а,46.82149,29.46391,21.9,,улица Старого,residential,69.8
w301982100,Бендеры,Хомутяновка,улица Старого,3,46.82023,29.46481,31.4,улица Старого,улица Старого,residential,32.8
w315618360,Бендеры,Хомутяновка,улица Старого,4,46.8219,29.46052,25.2,улица Старого,улица Старого,tertiary,26.0
w315618358,Бендеры,Хомутяновка,улица Старого,6,46.82192,29.46034,23.7,улица Старого,улица Старого,tertiary,24.4
w315618357,Бендеры,Хомутяновка,улица Старого,8,46.82195,29.46016,23.1,улица Старого,улица Старого,tertiary,23.9
w209287632,Бендеры,Хомутяновка,улица Старого,9,46.82151,29.46004,12.1,,улица Старого,tertiary,26.6
w315618356,Бендеры,Хомутяновка,улица Старого,10,46.82198,29.45999,22.9,улица Старого,улица Старого,tertiary,23.6
w209287679,Бендеры,Хомутяновка,улица Старого,11,46.82133,29.45939,13.6,,улица Чехова,residential,59.4
w315618354,Бендеры,Хомутяновка,улица Старого,12,46.82203,29.45983,24.9,улица Старого,улица Старого,tertiary,25.7
w209287650,Бендеры,Хомутяновка,улица Старого,13,46.82175,29.45898,12.3,,улица Старого,tertiary,22.5
w315193207,Бендеры,Хомутяновка,улица Старого,14,46.82204,29.45966,22.6,улица Старого,улица Старого,tertiary,23.2
w315108398,Бендеры,Хомутяновка,улица Старого,16,46.82207,29.45948,22.2,улица Старого,улица Старого,tertiary,22.7
w315108397,Бендеры,Хомутяновка,улица Старого,18,46.8221,29.45931,22.1,улица Старого,улица Старого,tertiary,22.5
w302074722,Бендеры,Хомутяновка,улица Старого,19,46.82207,29.45716,15.9,,улица Старого,tertiary,23.7
w297019343,Бендеры,Хомутяновка,улица Старого,20,46.82213,29.45914,21.9,улица Старого,улица Старого,tertiary,22.2
w209287631,Бендеры,Хомутяновка,улица Старого,21,46.82208,29.45658,11.9,,улица Старого,tertiary,33.7
w209654357,Бендеры,Хомутяновка,улица Старого,21/1,46.82185,29.46146,25.3,улица Бендерского Восстания,улица Бендерского Восстания,primary,35.5
w302066909,Бендеры,Хомутяновка,улица Старого,23,46.82134,29.46119,20.3,улица Бендерского Восстания,улица Старого,residential,22.1
w302066911,Бендеры,Хомутяновка,улица Старого,25,46.82113,29.46132,35.8,улица Бендерского Восстания,улица Старого,residential,43.1
w302074721,Бендеры,Хомутяновка,улица Старого,27,46.82199,29.45732,27.9,,улица Старого,tertiary,29.3
w318120129,Бендеры,Хомутяновка,улица Старого,39,46.82239,29.45564,17.3,улица Старого,улица Старого,tertiary,17.6
n2321951516,Бендеры,Хомутяновка,улица Старого,40,46.82273,29.45514,10.4,улица Старого,улица Старого,tertiary,10.0
w315618362,Бендеры,Хомутяновка,улица Старого,126,46.82198,29.46086,22.6,улица Бендерского Восстания,улица Бендерского Восстания,primary,31.6
w315618361,Бендеры,Хомутяновка,улица Старого,128,46.82183,29.46083,20.3,улица Бендерского Восстания,улица Старого,tertiary,24.8
w319366983,Бендеры,Хомутяновка,улица Старого,130Б,46.82139,29.46069,17.9,улица Бендерского Восстания,улица Бендерского Восстания,primary,25.2
w209287624,Бендеры,Хомутяновка,улица Старого,130а,46.82144,29.46046,22.6,,улица Старого,tertiary,25.4
w115331513,Бендеры,Шёлковый,улица Тимирязева,3,46.78578,29.48446,21.9,улица Тимирязева,улица Тимирязева,residential,21.8
w115331421,Бендеры,Шёлковый,улица Тимирязева,24,46.78503,29.48856,22.7,,улица Тимирязева,tertiary,52.3
n2325366576,Бендеры,Борисовка,улица Титова,2а,46.83923,29.46557,12.7,улица Титова,улица Титова,residential,13.5
w319620037,Бендеры,Борисовка,улица Титова,3,46.84049,29.46403,16.4,улица Титова,улица Титова,residential,19.1
w319139368,Бендеры,Борисовка,улица Титова,4,46.83889,29.46629,21.3,улица Титова,улица Титова,tertiary,22.4
w319139367,Бендеры,Борисовка,улица Титова,6,46.83883,29.46664,16.4,улица Титова,улица Титова,tertiary,17.2
n2325729699,Бендеры,Борисовка,улица Титова,7,46.84016,29.46431,6.0,улица Титова,улица Титова,residential,6.9
n2325729697,Бендеры,Борисовка,улица Титова,9,46.83999,29.46453,4.8,улица Титова,улица Титова,residential,5.5
w303917471,Бендеры,Борисовка,улица Титова,10/2,46.84294,29.47122,13.8,,улица Ермакова,primary,32.7
w96821686,Бендеры,Борисовка,улица Титова,10а,46.84271,29.47019,15.2,,улица Ермакова,primary,108.3
w319139364,Бендеры,Борисовка,улица Титова,12,46.83863,29.46775,11.1,улица Титова,улица Титова,tertiary,10.7
w319139360,Бендеры,Борисовка,улица Титова,14,46.8386,29.46846,16.7,улица Титова,улица Титова,tertiary,16.8
w319139359,Бендеры,Борисовка,улица Титова,16,46.83864,29.46871,15.2,улица Титова,улица Титова,tertiary,15.2
w319135682,Бендеры,Борисовка,улица Титова,18,46.83863,29.46894,18.9,улица Титова,улица Титова,tertiary,19.0
w319135681,Бендеры,Борисовка,улица Титова,20,46.83857,29.46935,30.1,улица Титова,улица Титова,tertiary,30.5
w318701775,Бендеры,Борисовка,улица Титова,24,46.83888,29.47067,31.4,улица Титова,улица Титова,tertiary,34.0
w318701776,Бендеры,Борисовка,улица Титова,26,46.83902,29.47074,20.4,улица Титова,улица Титова,tertiary,22.3
w318701779,Бендеры,Борисовка,улица Титова,30,46.83922,29.4711,14.2,улица Титова,улица Титова,tertiary,15.7
w318701793,Бендеры,Борисовка,улица Титова,32,46.83931,29.47129,12.6,улица Титова,улица Титова,tertiary,13.9
w318701796,Бендеры,Борисовка,улица Титова,34,46.83934,29.47142,14.5,улица Титова,улица Титова,tertiary,15.9
w318701800,Бендеры,Борисовка,улица Титова,36,46.83931,29.4717,27.7,улица Титова,улица Титова,tertiary,30.0
w319141437,Бендеры,Борисовка,улица Титова,37,46.83892,29.46742,16.8,улица Титова,улица Титова,tertiary,17.7
w318701809,Бендеры,Борисовка,улица Титова,38,46.8395,29.47191,17.1,улица Титова,улица Титова,tertiary,18.6
w319141439,Бендеры,Борисовка,улица Титова,39,46.83886,29.46772,14.2,улица Титова,улица Титова,tertiary,14.5
w318701810,Бендеры,Борисовка,улица Титова,40,46.83956,29.47212,19.0,улица Титова,улица Титова,tertiary,20.6
w319141442,Бендеры,Борисовка,улица Титова,41,46.83896,29.46802,26.1,улица Титова,улица Титова,tertiary,26.1
w318701858,Бендеры,Борисовка,улица Титова,42,46.83963,29.47225,17.1,улица Титова,улица Титова,tertiary,18.5
w319141443,Бендеры,Борисовка,улица Титова,43,46.83887,29.46821,15.9,улица Титова,улица Титова,tertiary,15.6
w532689733,Бендеры,Борисовка,улица Титова,44,46.83974,29.47245,13.7,улица Титова,улица Титова,tertiary,15.0
w318701865,Бендеры,Борисовка,улица Титова,46,46.83988,29.47286,15.0,улица Титова,улица Титова,tertiary,16.3
w319141423,Бендеры,Борисовка,улица Титова,47,46.83898,29.46885,20.6,улица Титова,улица Титова,tertiary,20.7
w318702077,Бендеры,Борисовка,улица Титова,48,46.83996,29.47318,18.8,улица Титова,улица Титова,tertiary,20.1
w319141424,Бендеры,Борисовка,улица Титова,49,46.83895,29.46912,14.3,улица Титова,улица Титова,tertiary,14.2
w318702079,Бендеры,Борисовка,улица Титова,50,46.84006,29.47335,15.3,улица Титова,улица Титова,tertiary,16.2
w319141427,Бендеры,Борисовка,улица Титова,51,46.83903,29.46939,20.0,улица Титова,улица Титова,tertiary,19.9
w319144185,Бендеры,Борисовка,улица Титова,52,46.84008,29.47355,20.5,улица Титова,улица Титова,tertiary,21.7
w318701866,Бендеры,Борисовка,улица Титова,53,46.83972,29.47307,38.3,улица Титова,улица Титова,tertiary,40.9
w319144188,Бендеры,Борисовка,улица Титова,54,46.84018,29.47373,17.3,улица Титова,улица Титова,tertiary,18.1
w319141431,Бендеры,Борисовка,улица Титова,55,46.83926,29.47027,20.3,улица Титова,улица Титова,tertiary,21.2
w319144191,Бендеры,Борисовка,улица Титова,56,46.84025,29.47387,15.5,улица Титова,улица Титова,tertiary,16.1
w319141455,Бендеры,Борисовка,улица Титова,57,46.83954,29.4705,38.9,улица Титова,улица Титова,tertiary,41.2
w319144217,Бендеры,Борисовка,улица Титова,58,46.84031,29.47407,16.9,улица Титова,улица Титова,tertiary,17.5
w319142246,Бендеры,Борисовка,улица Титова,59,46.83958,29.47118,17.7,улица Титова,улица Титова,tertiary,18.5
w319144220,Бендеры,Борисовка,улица Титова,60,46.84041,29.47424,13.3,улица Титова,улица Титова,tertiary,13.6
w319144136,Бендеры,Борисовка,улица Титова,61,46.83966,29.4714,17.3,улица Титова,улица Титова,tertiary,18.1
n4515161591,Бендеры,Борисовка,улица Титова,62,46.84045,29.47431,11.9,улица Титова,улица Титова,tertiary,12.6
w532689729,Бендеры,Борисовка,улица Титова,62,46.84041,29.47441,14.3,,улица Титова,tertiary,22.4
w319144143,Бендеры,Борисовка,улица Титова,67,46.83988,29.47202,15.8,улица Титова,улица Титова,tertiary,16.5
w319144200,Бендеры,Борисовка,улица Титова,73,46.84008,29.47256,15.3,улица Титова,улица Титова,tertiary,16.0
w319144203,Бендеры,Борисовка,улица Титова,73,46.84018,29.47276,17.8,улица Титова,улица Титова,tertiary,18.8
n2325366574,Бендеры,Борисовка,улица Титова,112,46.83875,29.46478,7.2,Кишинёвская улица,Кишинёвская улица,primary,9.3
n2325366575,Бендеры,Борисовка,улица Титова,114,46.83899,29.46454,6.5,Кишинёвская улица,Кишинёвская улица,primary,8.6
w319523921,Бендеры,Борисовка,улица Титова,118,46.83953,29.46449,34.5,улица Титова,улица Титова,residential,39.2
w319523923,Бендеры,Борисовка,улица Титова,120,46.83964,29.46432,33.5,Кишинёвская улица,улица Титова,residential,39.8
n2325729632,Бендеры,Борисовка,улица Титова,122,46.83962,29.4639,5.7,Кишинёвская улица,Кишинёвская улица,primary,7.4
w319523925,Бендеры,Борисовка,улица Титова,124,46.83998,29.46389,27.7,Кишинёвская улица,Кишинёвская улица,primary,34.7
w319620040,Бендеры,Борисовка,улица Титова,126,46.84022,29.46364,25.9,улица Титова,улица Титова,residential,30.1
w319620039,Бендеры,Борисовка,улица Титова,128,46.84039,29.46342,24.4,улица Титова,улица Титова,residential,27.9
w319620043,Бендеры,Борисовка,улица Титова,130,46.84066,29.46316,14.3,улица Титова,улица Титова,residential,16.4
w224621713,Бендеры,Хомутяновка,улица Толстого,3,46.82852,29.4577,15.3,,улица Толстого,residential,34.3
w317053537,Бендеры,Хомутяновка,улица Толстого,5,46.82826,29.45746,13.9,улица Толстого,улица Толстого,residential,19.5
w317053531,Бендеры,Хомутяновка,улица Толстого,7,46.82813,29.45755,24.2,улица Толстого,улица Спартака,residential,32.5
w318085557,Бендеры,Хомутяновка,улица Толстого,8,46.82826,29.45705,16.3,улица Толстого,улица Толстого,residential,23.0
w318085558,Бендеры,Хомутяновка,улица Толстого,10,46.82814,29.45702,15.0,улица Толстого,улица Толстого,residential,21.5
w317053518,Бендеры,Хомутяновка,улица Толстого,11,46.82753,29.45721,17.5,улица Толстого,улица Толстого,residential,24.1
w318085555,Бендеры,Хомутяновка,улица Толстого,12,46.828,29.45703,10.3,улица Толстого,улица Толстого,residential,14.9
w317053517,Бендеры,Хомутяновка,улица Толстого,13,46.82741,29.45714,16.2,улица Толстого,улица Толстого,residential,22.3
w318085552,Бендеры,Хомутяновка,улица Толстого,14,46.82788,29.4569,16.2,улица Толстого,улица Толстого,residential,23.1
w317053514,Бендеры,Хомутяновка,улица Толстого,15,46.82729,29.4571,17.1,улица Толстого,улица Толстого,residential,23.6
w318085548,Бендеры,Хомутяновка,улица Толстого,16,46.82773,29.45686,14.4,улица Толстого,улица Толстого,residential,20.4
w317053513,Бендеры,Хомутяновка,улица Толстого,17,46.82716,29.45704,16.8,улица Толстого,улица Толстого,residential,23.3
w318085547,Бендеры,Хомутяновка,улица Толстого,18,46.82757,29.45682,12.2,улица Толстого,улица Толстого,residential,17.4
w317053508,Бендеры,Хомутяновка,улица Толстого,19,46.82704,29.45701,18.4,улица Толстого,улица Толстого,residential,25.6
w318085081,Бендеры,Хомутяновка,улица Толстого,20,46.82733,29.45674,10.5,улица Толстого,улица Толстого,residential,14.8
n2321833111,Бендеры,Хомутяновка,улица Толстого,21,46.82686,29.45683,11.0,улица Толстого,улица Толстого,residential,15.3
w317053507,Бендеры,Хомутяновка,улица Толстого,21,46.82689,29.45714,32.6,улица Толстого,улица 40 лет Советской Пионерии,residential,41.0
n2321994003,Бендеры,Хомутяновка,улица Тургенева,1,46.82034,29.46409,1.8,улица Тургенева,улица Тургенева,residential,2.3
w301982096,Бендеры,Хомутяновка,улица Тургенева,3,46.81997,29.46406,12.3,улица Тургенева,улица Тургенева,residential,17.1
w161058107,Бендеры,Хомутяновка,улица Тургенева,4,46.81913,29.46315,11.3,,улица Тургенева,residential,35.4
w303915690,Бендеры,Хомутяновка,улица Тургенева,4,46.81814,29.46275,9.5,улица Тургенева,улица Островского,residential,9.9
w301982090,Бендеры,Хомутяновка,улица Тургенева,7,46.81943,29.46391,20.0,улица Тургенева,улица Тургенева,residential,28.1
w301982089,Бендеры,Хомутяновка,улица Тургенева,9,46.81912,29.4638,22.2,улица Тургенева,улица Тургенева,residential,31.2
w303915693,Бендеры,Хомутяновка,улица Тургенева,13,46.81851,29.46309,12.6,Киевская улица,Киевская улица,residential,12.7
w303915696,Бендеры,Хомутяновка,улица Тургенева,15,46.81837,29.46312,16.6,улица Тургенева,улица Тургенева,residential,23.9
w303915697,Бендеры,Хомутяновка,улица Тургенева,17,46.81823,29.46308,14.7,улица Тургенева,улица Тургенева,residential,21.1
w299629712,Бендеры,Хомутяновка,улица Халтурина,2а/1,46.82204,29.46379,10.5,,улица Халтурина,residential,47.5
w184989535,Бендеры,Хомутяновка,улица Халтурина,6,46.82247,29.46435,14.4,улица Халтурина,улица Халтурина,residential,14.4
w209287700,Бендеры,Хомутяновка,улица Халтурина,19,46.8232,29.46215,28.8,улица Халтурина,улица Халтурина,residential,29.9
w209416061,Бендеры,Хомутяновка,улица Халтурина,106,46.82339,29.46145,22.2,улица Бендерского Восстания,улица Бендерского Восстания,primary,31.3
w209416080,Бендеры,Хомутяновка,улица Халтурина,108,46.82327,29.46139,22.8,улица Бендерского Восстания,улица Бендерского Восстания,primary,32.2
w209416062,Бендеры,Хомутяновка,улица Халтурина,110,46.82312,29.46135,20.9,улица Бендерского Восстания,улица Бендерского Восстания,primary,29.8
w209416081,Бендеры,Хомутяновка,улица Халтурина,112,46.823,29.4613,20.9,улица Бендерского Восстания,улица Бендерского Восстания,primary,29.8
w209416025,Бендеры,Хомутяновка,улица Халтурина,114,46.82288,29.46126,20.3,улица Бендерского Восстания,улица Бендерского Восстания,primary,28.7
w209287626,Бендеры,Хомутяновка,улица Чайковского,1,46.8219,29.45612,15.8,,улица Чайковского,residential,42.5
w318120131,Бендеры,Хомутяновка,улица Чайковского,2,46.82225,29.45553,23.2,улица Чайковского,улица Чайковского,residential,32.6
w209287677,Бендеры,Хомутяновка,улица Чайковского,3,46.82104,29.45567,12.4,,улица Чайковского,residential,30.6
w318120134,Бендеры,Хомутяновка,улица Чайковского,4,46.82195,29.45547,19.0,улица Чайковского,улица Чайковского,residential,26.7
w318120136,Бендеры,Хомутяновка,улица Чайковского,6,46.8218,29.45542,18.3,улица Чайковского,улица Чайковского,residential,25.8
w318120137,Бендеры,Хомутяновка,улица Чайковского,8,46.8217,29.45541,16.2,улица Чайковского,улица Чехова,residential,22.7
w319366987,Бендеры,Хомутяновка,улица Чайковского,12,46.82102,29.45509,20.3,улица Чайковского,улица Чайковского,residential,28.7
w319367001,Бендеры,Хомутяновка,улица Чайковского,14,46.8207,29.45507,12.6,улица Чайковского,улица Чайковского,residential,18.1
n2337992799,Бендеры,Хомутяновка,улица Чернышевского,26,46.81488,29.45048,8.2,улица Чернышевского,улица Чернышевского,residential,9.3
n4997937710,Бендеры,Хомутяновка,улица Чехова,1,46.82078,29.4583,10.5,,улица Чехова,residential,21.2
w209287678,Бендеры,Хомутяновка,улица Чехова,1,46.8207,29.45887,13.4,,улица Чехова,residential,19.2
w209287628,Бендеры,Хомутяновка,улица Чехова,2,46.82089,29.45981,13.3,,улица Чехова,residential,22.7
w209287648,Бендеры,Хомутяновка,улица Чехова,3,46.82107,29.4569,16.8,улица Чехова,улица Чехова,residential,17.4
w209287690,Бендеры,Хомутяновка,улица Чехова,4,46.82115,29.45875,12.3,,улица Чехова,residential,27.7
w209287649,Бендеры,Хомутяновка,улица Чехова,8,46.82171,29.45708,16.4,,улица Чехова,residential,56.0
w209287629,Бендеры,Хомутяновка,улица Чехова,10,46.82154,29.45637,13.7,,улица Чехова,residential,24.4
w319366988,Бендеры,Хомутяновка,улица Чехова,10,46.82138,29.45531,13.9,улица Чехова,улица Чехова,residential,14.2
w209287657,Бендеры,Хомутяновка,улица Чехова,14а,46.82122,29.45764,10.8,,улица Чехова,residential,13.6
w302066907,Бендеры,Хомутяновка,улица Чехова,27,46.82094,29.46108,23.5,улица Бендерского Восстания,улица Бендерского Восстания,primary,32.8
w302066906,Бендеры,Хомутяновка,улица Чехова,29,46.8208,29.46099,20.8,улица Бендерского Восстания,улица Бендерского Восстания,primary,29.1
n2321951523,Бендеры,Хомутяновка,улица Чехова,30,46.82165,29.45484,6.2,улица Чехова,улица Чехова,residential,6.4
w302066905,Бендеры,Хомутяновка,улица Чехова,31,46.82066,29.46093,20.3,улица Бендерского Восстания,улица Бендерского Восстания,primary,28.6
w209287630,Бендеры,Хомутяновка,улица Чехова,130,46.82107,29.46025,14.3,,улица Чехова,residential,52.0
w209287661,Бендеры,Хомутяновка,улица Чехова,132,46.82041,29.45979,12.1,,улица Чехова,residential,30.0
w407342975,Бендеры,Солнечный,Strada Dimitrie Cantemir,11,46.88045,29.47674,16.1,,Парканы-Бычок,primary,1790.1
w407326357,Бендеры,Солнечный,Strada Tighina,31/2,46.8774,29.4757,17.0,,улица 27 Апреля 1990,residential,1592.9
w407342982,Бендеры,Солнечный,Strada Tighina,31/3,46.87711,29.47518,28.9,,улица 27 Апреля 1990,residential,1530.2
w407326369,Бендеры,Солнечный,Strada Tighina,31/4,46.87683,29.47597,19.6,,улица 27 Апреля 1990,residential,1568.2
w407342969,Бендеры,Солнечный,Strada Tighina,31/5,46.8766,29.47523,23.2,,улица 27 Апреля 1990,residential,1492.5
w407342966,Бендеры,Солнечный,Strada Tighina,31/6,46.87624,29.4753,39.2,Северная улица,улица 27 Апреля 1990,residential,1469.3
w407342964,Бендеры,Солнечный,Strada Tighina,31/7,46.87594,29.47546,26.1,,улица 27 Апреля 1990,residential,1458.7
n2323343711,Парканы,Парканы,улица Ленина,1,46.83471,29.50995,13.2,улица Ленина,улица Ленина,tertiary,18.7
n2457586634,Парканы,Парканы,улица Ленина,3,46.83459,29.50999,14.3,улица Ленина,улица Ленина,tertiary,20.3
n2457586635,Парканы,Парканы,улица Ленина,5,46.83442,29.51002,12.9,улица Ленина,улица Ленина,tertiary,18.3
n2457586636,Парканы,Парканы,улица Ленина,7,46.83429,29.51004,11.6,улица Ленина,улица Ленина,tertiary,16.5
n2457586637,Парканы,Парканы,улица Ленина,9,46.83415,29.51008,11.6,улица Ленина,улица Ленина,tertiary,16.5
n2457586661,Парканы,Парканы,улица Ленина,4,46.83409,29.50969,18.7,улица Ленина,улица Ленина,tertiary,27.0
n2457586638,Парканы,Парканы,улица Ленина,10,46.83399,29.5101,9.7,улица Ленина,улица Ленина,tertiary,13.7
n2457586639,Парканы,Парканы,улица Ленина,11,46.83382,29.51013,8.3,улица Ленина,улица Ленина,tertiary,11.7
w353817270,Гиска,Гиска,улица Суворова,79,46.79347,29.47698,24.7,улица 40 лет МССР,улица 40 лет МССР,primary,36.5
w353619672,Гиска,Гиска,улица Суворова,6,46.79347,29.47629,27.8,улица 40 лет МССР,улица 40 лет МССР,primary,40.0
w353817271,Гиска,Гиска,улица Суворова,81,46.79323,29.47704,29.5,улица 40 лет МССР,улица 40 лет МССР,primary,43.3
w353619649,Гиска,Гиска,улица Суворова,8,46.79319,29.47629,27.6,улица 40 лет МССР,улица 40 лет МССР,primary,39.8
w353817272,Гиска,Гиска,улица Суворова,83а,46.79304,29.47697,24.4,улица 40 лет МССР,улица 40 лет МССР,primary,36.0
w353619675,Гиска,Гиска,улица Суворова,10,46.793,29.47623,31.8,улица 40 лет МССР,улица 40 лет МССР,primary,46.1
w353818413,Гиска,Гиска,улица Суворова,83,46.79294,29.47694,22.4,улица 40 лет МССР,улица 40 лет МССР,primary,32.8
w353818412,Гиска,Гиска,улица Суворова,85,46.79284,29.47702,28.6,улица 40 лет МССР,улица 40 лет МССР,primary,41.9
w290851742,Бендеры,Центр,улица Академика Фёдорова,1/1,46.82775,29.47345,18.7,улица Академика Фёдорова,улица Академика Фёдорова,residential,19.5
w302370519,Бендеры,Центр,улица Дзержинского,ПОСТ ЭЦ 1,46.83129,29.47511,49.0,улица Дзержинского,улица Дзержинского,residential,68.6
