uid,district,street,house,current_zone,snap_m,true_shortest_km,current_osrm_km,current_minus_true_km,overstated_gt_10pct,owner_review_required
n4919312070,Борисовка,1-й Братский переулок,1 А,2,62.3,3.7208,4.2837,0.5629,True,True
w319402241,Борисовка,1-й Братский переулок,12,2,20.6,3.7208,4.239,0.5182,True,True
w319305814,Борисовка,1-й Братский переулок,14,2,20.4,3.7208,4.2089,0.4881,True,True
n2325729678,Борисовка,1-й Братский переулок,16,2,42.0,3.9195,4.3832,0.4637,True,True
n2325729685,Борисовка,1-й Братский переулок,23,2,36.8,3.9195,4.3895,0.47,True,True
w319141459,Борисовка,1-й переулок Петровского,1,2,25.2,3.5873,3.9248,0.3375,False,True
w319141457,Борисовка,1-й переулок Петровского,3,2,19.7,3.6546,3.9567,0.3021,False,True
w319615907,Борисовка,1-й переулок Петровского,4,2,38.4,3.5873,3.9369,0.3496,False,True
w319615909,Борисовка,1-й переулок Петровского,6,2,20.3,3.6546,3.9552,0.3006,False,True
w319402243,Борисовка,1-й переулок Петровского,10,2,20.6,3.6889,4.1477,0.4588,True,True
w319141434,Борисовка,1-й переулок Петровского,11,2,23.3,3.7208,4.2061,0.4853,True,True
w319227866,Борисовка,1-й переулок Петровского,16,2,41.6,3.7922,4.1841,0.3919,True,True
n2325366583,Борисовка,1-й переулок Петровского,29,2,11.6,3.7922,4.1587,0.3665,False,True
w319305819,Борисовка,2-й Братский переулок,1,2,51.5,3.6546,4.0201,0.3655,True,True
n2325729693,Борисовка,2-й Братский переулок,2,2,33.7,3.6546,4.0045,0.3499,False,True
w319615908,Борисовка,2-й Братский переулок,3,2,82.3,3.6852,4.0612,0.376,True,True
w351855709,Борисовка,2-й Братский переулок,5,2,72.7,3.8514,4.0969,0.2455,False,True
n4919312077,Борисовка,2-й Братский переулок,6 Б,2,18.7,3.6546,3.9873,0.3327,False,True
w351855710,Борисовка,2-й Братский переулок,7,2,67.5,3.8514,4.1069,0.2555,False,True
w351855713,Борисовка,2-й Братский переулок,9,2,36.8,3.8514,4.1341,0.2827,False,True
n2325729692,Борисовка,2-й Братский переулок,12,2,28.7,3.8514,4.1395,0.2881,False,True
w319141416,Борисовка,2-й переулок Петровского,4,2,29.7,3.7036,4.0793,0.3757,True,True
w319141422,Борисовка,2-й переулок Петровского,4,2,15.4,3.6907,4.0388,0.3481,False,True
w319141417,Борисовка,2-й переулок Петровского,5,2,19.6,3.6889,4.1288,0.4399,True,True
w319141418,Борисовка,2-й переулок Петровского,8,2,35.8,3.6889,4.1119,0.423,True,True
n5708918557,Борисовка,2-й переулок Петровского,15,2,32.0,3.6889,4.1145,0.4256,True,True
w319139366,Борисовка,2-й переулок Петровского,45,2,16.9,3.6369,4.0068,0.3699,True,True
w317148593,Борисовка,Безымянный переулок,23,3,29.7,4.632,5.9943,1.3623,True,True
w209273615,Борисовка,Безымянный переулок,42,3,27.8,4.5559,6.0509,1.495,True,True
w317055539,Борисовка,Безымянный переулок,44,3,25.0,4.5559,6.0384,1.4825,True,True
w209273643,Борисовка,Безымянный переулок,46,3,40.7,4.632,6.0149,1.3829,True,True
w209273632,Борисовка,Безымянный переулок,48,3,15.9,4.6881,6.0317,1.3436,True,True
w209273614,Борисовка,Безымянный переулок,50в,3,26.1,4.7233,6.0608,1.3375,True,True
w318090595,Борисовка,Безымянный переулок,63,4,25.7,4.8014,6.1368,1.3354,True,True
w319139357,Борисовка,Бельцкая улица,1,3,30.7,4.1056,4.4878,0.3822,False,True
w318185745,Борисовка,Бельцкая улица,2,3,31.0,4.2229,4.5514,0.3285,False,True
n4580309456,Борисовка,Бельцкая улица,3,3,48.3,4.1056,4.5049,0.3993,False,True
w318058451,Борисовка,Бельцкая улица,4,3,52.8,4.0691,4.6361,0.567,True,True
w319139352,Борисовка,Бельцкая улица,5,3,65.8,4.1056,4.5176,0.412,True,True
w319139353,Борисовка,Бельцкая улица,7,3,41.3,4.2229,4.5445,0.3216,False,True
w318058455,Борисовка,Бельцкая улица,8,3,34.9,4.0691,4.6551,0.586,True,True
w319139349,Борисовка,Бельцкая улица,9,3,33.9,4.2229,4.5702,0.3473,False,True
n2325366580,Борисовка,Бельцкая улица,10,3,21.8,4.1177,4.7498,0.6321,True,True
w319139344,Борисовка,Бельцкая улица,11,3,41.8,4.2229,4.6003,0.3774,False,True
w319135683,Борисовка,Бельцкая улица,13,3,49.2,4.2229,4.6262,0.4033,False,True
w532689734,Борисовка,Бельцкая улица,14,3,15.4,4.1707,4.8015,0.6308,True,True
w319139342,Борисовка,Бельцкая улица,15,3,47.2,4.0691,4.6437,0.5746,True,True
w306219486,Борисовка,Бельцкая улица,16,2,34.0,3.7427,4.0303,0.2876,False,True
w319139341,Борисовка,Бельцкая улица,17,3,30.5,4.0691,4.6628,0.5937,True,True
w306219483,Борисовка,Бельцкая улица,18,2,30.8,3.7529,4.0511,0.2982,False,True
w319139339,Борисовка,Бельцкая улица,19,3,19.9,4.0691,4.6773,0.6082,True,True
w306219470,Борисовка,Бельцкая улица,20,2,37.0,3.7529,4.0701,0.3172,False,True
w319135680,Борисовка,Бельцкая улица,21,3,26.3,4.0691,4.699,0.6299,True,True
w306219469,Борисовка,Бельцкая улица,22,2,47.4,3.7529,4.0881,0.3352,False,True
w318701784,Борисовка,Бельцкая улица,23,3,23.4,4.1177,4.7248,0.6071,True,True
w306219468,Борисовка,Бельцкая улица,24,2,68.8,3.7529,4.1121,0.3592,False,True
w318701782,Борисовка,Бельцкая улица,25,3,20.8,4.1177,4.7437,0.626,True,True
w306219466,Борисовка,Бельцкая улица,26,2,50.4,3.8228,4.1307,0.3079,False,True
w317148288,Борисовка,Бельцкая улица,27,3,29.8,4.1707,4.8016,0.6309,True,True
w306219465,Борисовка,Бельцкая улица,28,2,34.8,3.8228,4.1479,0.3251,False,True
w209267155,Борисовка,Бельцкая улица,29,4,17.4,4.2231,6.664,2.4409,True,True
w318701773,Борисовка,Бельцкая улица,33,2,68.4,3.7529,4.0376,0.2847,False,True
w295571380,Борисовка,Бельцкая улица,33б,2,18.9,4.0259,4.3743,0.3484,False,True
w318058442,Борисовка,Бельцкая улица,34,3,29.6,4.2229,4.6062,0.3833,False,True
w318701778,Борисовка,Бельцкая улица,35,2,65.1,3.7529,4.0594,0.3065,False,True
w319144223,Борисовка,Бельцкая улица,36/36а,2,29.8,3.2587,3.5915,0.3328,True,True
w318701780,Борисовка,Бельцкая улица,37,2,73.5,3.7529,4.084,0.3311,False,True
w318701795,Борисовка,Бельцкая улица,41,2,70.2,3.8228,4.1116,0.2888,False,True
w318701803,Борисовка,Бельцкая улица,43,2,45.3,3.8228,4.1371,0.3143,False,True
w318701805,Борисовка,Бельцкая улица,45,2,27.9,3.8228,4.1568,0.334,False,True
w532689732,Борисовка,Бельцкая улица,49,2,26.6,3.8228,4.1936,0.3708,False,True
w318701862,Борисовка,Бельцкая улица,51,2,26.1,3.8629,4.2129,0.35,False,True
w318702082,Борисовка,Бельцкая улица,55,2,63.0,3.8629,4.2759,0.413,True,True
w318702083,Борисовка,Бельцкая улица,57,2,79.3,3.8629,4.2963,0.4334,True,True
w318185749,Борисовка,Бельцкая улица,92,3,40.1,4.1965,4.5238,0.3273,False,True
w318072708,Борисовка,Бельцкая улица,94,3,50.1,4.1056,4.5099,0.4043,False,True
n2325366572,Борисовка,Бельцкая улица,98,3,27.4,4.1056,4.4891,0.3835,False,True
n2325366573,Борисовка,Бельцкая улица,100,2,11.7,4.1056,4.4526,0.347,False,True
w319139358,Борисовка,Бельцкая улица,104,2,36.9,4.1056,4.4391,0.3335,False,True
w319139372,Борисовка,Бельцкая улица,106,2,38.2,4.0524,4.4225,0.3701,False,True
n2337855688,Борисовка,Братская улица,7,2,29.7,3.7854,4.1273,0.3419,False,True
w297047299,Борисовка,Братская улица,8,2,38.4,3.7854,4.1345,0.3491,False,True
w297047300,Борисовка,Братская улица,10,2,27.2,3.8514,4.1552,0.3038,False,True
n2337855692,Борисовка,Братская улица,11,2,28.3,3.8514,4.1498,0.2984,False,True
w319615914,Борисовка,Братская улица,12,2,14.1,3.8514,4.1731,0.3217,False,True
n5682775200,Борисовка,Братская улица,12/1,2,19.0,3.8514,4.1794,0.328,False,True
n2337855693,Борисовка,Братская улица,13,2,26.6,3.8514,4.1953,0.3439,False,True
w319620058,Борисовка,Братская улица,14,2,27.5,3.8514,4.1968,0.3454,False,True
n2325729703,Борисовка,Братская улица,22,2,10.6,3.9614,4.4001,0.4387,True,True
n2325729718,Борисовка,Варницкий тупик,1,3,19.8,4.028,4.5645,0.5365,True,True
w352110120,Борисовка,Варницкий тупик,9,3,15.3,3.9792,4.5406,0.5614,True,True
n2325729715,Борисовка,Варницкий тупик,13,3,33.3,4.0789,4.8072,0.7283,True,True
w352667478,Борисовка,Варницкий тупик,14,3,22.5,4.0789,4.8179,0.739,True,True
w352667476,Борисовка,Варницкий тупик,16,3,30.8,4.1178,4.7956,0.6778,True,True
n2337985509,Хомутяновка,Гербовецкая улица,1,3,33.0,5.2051,5.6548,0.4497,False,True
w352064505,Хомутяновка,Гербовецкая улица,4,3,30.3,5.087,5.5325,0.4455,False,True
w352064507,Хомутяновка,Гербовецкая улица,6,3,43.3,5.087,5.5546,0.4676,False,True
w352161715,Хомутяновка,Гербовецкая улица,8,3,56.3,5.087,5.5698,0.4828,False,True
w352161714,Хомутяновка,Гербовецкая улица,10,3,46.7,5.1844,5.588,0.4036,False,True
w352161713,Хомутяновка,Гербовецкая улица,12,3,33.3,5.1844,5.6035,0.4191,False,True
w352161711,Хомутяновка,Гербовецкая улица,14,3,40.6,5.1844,5.629,0.4446,False,True
w352161710,Хомутяновка,Гербовецкая улица,16,3,35.8,5.1844,5.6425,0.4581,False,True
w352161708,Хомутяновка,Гербовецкая улица,18,3,51.8,5.1943,5.6594,0.4651,False,True
w352161709,Хомутяновка,Гербовецкая улица,20,3,31.9,5.1943,5.6775,0.4832,False,True
w352161707,Хомутяновка,Гербовецкая улица,22,3,29.1,5.1943,5.6977,0.5034,False,True
w352161706,Хомутяновка,Гербовецкая улица,24,3,39.2,5.1943,5.7168,0.5225,True,True
w352161705,Хомутяновка,Гербовецкая улица,26,3,58.3,5.1943,5.7332,0.5389,True,True
w352161717,Хомутяновка,Гербовецкая улица,28,3,68.2,5.1943,5.7422,0.5479,True,True
w352161704,Хомутяновка,Гербовецкая улица,30,4,56.5,5.3406,5.7561,0.4155,False,True
n2321951519,Хомутяновка,Гербовецкая улица,43,3,25.6,4.9911,5.2933,0.3022,False,True
n4919309516,Хомутяновка,Гербовецкая улица,45,3,37.7,5.0821,5.3283,0.2462,False,True
w320440076,Хомутяновка,Гербовецкая улица,49,3,20.1,5.0613,5.5426,0.4813,False,True
w353974419,Хомутяновка,Главная улица,1,3,19.1,4.3365,4.505,0.1685,False,True
w353974255,Хомутяновка,Главная улица,3,3,25.1,4.3066,4.4589,0.1523,False,True
w318084711,Хомутяновка,Глинная улица,1,3,45.1,5.4086,5.5873,0.1787,False,True
w318548578,Хомутяновка,Глинная улица,3,3,38.7,5.4086,5.6022,0.1936,False,True
w318548576,Хомутяновка,Глинная улица,5,3,14.0,5.4086,5.6238,0.2152,False,True
w318548577,Хомутяновка,Глинная улица,7,3,11.0,5.4086,5.6359,0.2273,False,True
w318084713,Хомутяновка,Глинная улица,9,3,14.8,5.3134,5.5473,0.2339,False,True
w315109557,Хомутяновка,Дачная улица,1,3,67.7,4.3446,4.4611,0.1165,False,True
w315109558,Хомутяновка,Дачная улица,3,3,55.0,4.2261,4.4421,0.216,False,True
w318406782,Хомутяновка,Дачная улица,4,3,48.3,4.3446,4.48,0.1354,False,True
w318406783,Хомутяновка,Дачная улица,6,3,65.3,4.3446,4.4625,0.1179,False,True
w318406789,Хомутяновка,Дачная улица,8,3,58.8,4.2261,4.4457,0.2196,False,True
w318406792,Хомутяновка,Дачная улица,10,3,42.2,4.2261,4.4294,0.2033,False,True
w299956671,Хомутяновка,Деповская улица,5,4,50.7,4.9085,7.4577,2.5492,True,True
w317051444,Хомутяновка,Железнодорожная улица,3,3,35.8,5.2347,5.678,0.4433,False,True
w317149176,Хомутяновка,Железнодорожная улица,4,3,43.8,5.105,5.8281,0.7231,True,True
w317051443,Хомутяновка,Железнодорожная улица,5,3,48.4,5.2347,5.6646,0.4299,False,True
w317149175,Хомутяновка,Железнодорожная улица,6,3,59.3,5.105,5.8127,0.7077,True,True
w317051442,Хомутяновка,Железнодорожная улица,7,3,64.7,5.2347,5.648,0.4133,False,True
w317051499,Хомутяновка,Железнодорожная улица,8,3,76.8,5.2347,5.788,0.5533,True,True
w317051441,Хомутяновка,Железнодорожная улица,9,3,75.6,5.383,5.6341,0.2511,False,True
w317051496,Хомутяновка,Железнодорожная улица,10,3,44.9,5.2347,5.7555,0.5208,False,True
w317051439,Хомутяновка,Железнодорожная улица,11,3,64.2,5.383,5.6219,0.2389,False,True
w317051432,Хомутяновка,Железнодорожная улица,13,3,48.8,5.383,5.605,0.222,False,True
w317051487,Хомутяновка,Железнодорожная улица,16,3,36.9,5.2347,5.6766,0.4419,False,True
n9170522018,Хомутяновка,Железнодорожная улица,17,3,18.0,5.383,5.5758,0.1928,False,True
w317051467,Хомутяновка,Железнодорожная улица,18,3,50.9,5.2347,5.6608,0.4261,False,True
w317051466,Хомутяновка,Железнодорожная улица,20,3,67.3,5.2347,5.6442,0.4095,False,True
w316645121,Хомутяновка,Железнодорожная улица,21,3,33.5,5.383,5.5868,0.2038,False,True
w317051464,Хомутяновка,Железнодорожная улица,22,3,69.2,5.383,5.6271,0.2441,False,True
w316645120,Хомутяновка,Железнодорожная улица,23,3,42.4,5.383,5.5237,0.1407,False,True
w317051462,Хомутяновка,Железнодорожная улица,24,3,55.2,5.383,5.6118,0.2288,False,True
w317051457,Хомутяновка,Железнодорожная улица,26,3,41.5,5.383,5.597,0.214,False,True
w316645010,Хомутяновка,Железнодорожная улица,27,3,72.0,5.383,5.4932,0.1102,False,True
w316645009,Хомутяновка,Железнодорожная улица,29,3,67.4,5.2472,5.4799,0.2327,False,True
w316645008,Хомутяновка,Железнодорожная улица,31,3,55.0,5.2472,5.4658,0.2186,False,True
w316645007,Хомутяновка,Железнодорожная улица,33,3,41.5,5.2472,5.4516,0.2044,False,True
w316785287,Хомутяновка,Железнодорожная улица,34,3,50.5,5.383,5.5179,0.1349,False,True
w561469641,Хомутяновка,Железнодорожная улица,36,3,65.8,5.383,5.5015,0.1185,False,True
w316758837,Хомутяновка,Железнодорожная улица,38,3,73.4,5.2472,5.4846,0.2374,False,True
w315618139,Хомутяновка,Железнодорожная улица,39,3,36.1,5.2472,5.4452,0.198,False,True
w316758836,Хомутяновка,Железнодорожная улица,40,3,59.0,5.2472,5.4703,0.2231,False,True
w315618140,Хомутяновка,Железнодорожная улица,41,3,48.4,5.2472,5.4591,0.2119,False,True
w316665822,Хомутяновка,Железнодорожная улица,42,3,44.4,5.2472,5.4539,0.2067,False,True
w315618141,Хомутяновка,Железнодорожная улица,43,3,62.4,5.2472,5.3614,0.1142,False,True
w315618142,Хомутяновка,Железнодорожная улица,45,3,76.8,5.2472,5.3465,0.0993,False,True
w315618133,Хомутяновка,Железнодорожная улица,47,3,90.3,5.2472,5.3328,0.0856,False,True
w315618160,Хомутяновка,Железнодорожная улица,48,3,40.9,5.2472,5.4502,0.203,False,True
w315618131,Хомутяновка,Железнодорожная улица,49,3,92.1,5.0549,5.3175,0.2626,False,True
w315618161,Хомутяновка,Железнодорожная улица,50,3,57.7,5.2472,5.3664,0.1192,False,True
w315618129,Хомутяновка,Железнодорожная улица,51,3,78.1,5.0549,5.3038,0.2489,False,True
w315618165,Хомутяновка,Железнодорожная улица,52,3,74.5,5.2472,5.3488,0.1016,False,True
w184989544,Хомутяновка,Железнодорожная улица,52а,3,63.6,5.0789,5.7032,0.6243,True,True
w315425254,Хомутяновка,Железнодорожная улица,53,3,64.3,5.0549,5.289,0.2341,False,True
w315618154,Хомутяновка,Железнодорожная улица,54,3,93.6,5.2472,5.332,0.0848,False,True
w315425247,Хомутяновка,Железнодорожная улица,55,3,55.5,5.0549,5.2711,0.2162,False,True
w315618155,Хомутяновка,Железнодорожная улица,56,3,91.1,5.0549,5.3163,0.2614,False,True
w315425245,Хомутяновка,Железнодорожная улица,57,3,39.9,5.0549,5.2581,0.2032,False,True
w315425252,Хомутяновка,Железнодорожная улица,58,3,72.2,5.0549,5.2983,0.2434,False,True
w315425250,Хомутяновка,Железнодорожная улица,60,3,56.6,5.0549,5.2821,0.2272,False,True
w315425248,Хомутяновка,Железнодорожная улица,62,3,40.4,5.0549,5.2649,0.21,False,True
w315193170,Хомутяновка,Железнодорожная улица,63,3,33.6,5.0549,5.2539,0.199,False,True
w315193163,Хомутяновка,Железнодорожная улица,65,3,47.0,5.0549,5.1815,0.1266,False,True
w315193149,Хомутяновка,Железнодорожная улица,67,3,58.4,5.0549,5.1687,0.1138,False,True
w315425219,Хомутяновка,Железнодорожная улица,68,3,30.1,5.0549,5.2534,0.1985,False,True
w315193143,Хомутяновка,Железнодорожная улица,69,3,48.0,4.9438,5.1541,0.2103,False,True
w315425218,Хомутяновка,Железнодорожная улица,70,3,47.4,5.0549,5.1792,0.1243,False,True
w315108372,Хомутяновка,Железнодорожная улица,71,3,41.1,4.9438,5.1417,0.1979,False,True
w315193130,Хомутяновка,Железнодорожная улица,72,3,56.0,4.9438,5.1631,0.2193,False,True
w315108371,Хомутяновка,Железнодорожная улица,73,3,25.3,4.9438,5.1251,0.1813,False,True
w315193155,Хомутяновка,Железнодорожная улица,74,3,38.4,4.9438,5.1461,0.2023,False,True
w315108370,Хомутяновка,Железнодорожная улица,75,3,21.9,4.9438,5.1094,0.1656,False,True
w315108369,Хомутяновка,Железнодорожная улица,77,3,28.0,4.9438,5.0944,0.1506,False,True
w315193133,Хомутяновка,Железнодорожная улица,80,3,31.9,4.9438,5.0859,0.1421,False,True
w302074717,Хомутяновка,Железнодорожная улица,85,3,32.7,4.8803,5.0226,0.1423,False,True
w302074724,Хомутяновка,Железнодорожная улица,86,3,32.0,4.8803,5.0224,0.1421,False,True
w302074719,Хомутяновка,Железнодорожная улица,87,3,48.1,4.7932,5.0045,0.2113,False,True
w302074718,Хомутяновка,Железнодорожная улица,88,3,46.7,4.8803,5.0052,0.1249,False,True
w302074720,Хомутяновка,Железнодорожная улица,89,3,34.2,4.7932,4.9856,0.1924,False,True
w297019342,Хомутяновка,Железнодорожная улица,90,3,28.4,4.7932,4.9833,0.1901,False,True
w209287641,Хомутяновка,Железнодорожная улица,93,3,21.8,4.5741,4.8727,0.2986,False,True
w318406781,Хомутяновка,Железнодорожная улица,95,3,23.7,4.4214,4.6572,0.2358,False,True
w318406779,Хомутяновка,Железнодорожная улица,97а,3,20.6,4.4103,4.5702,0.1599,False,True
w209287691,Хомутяновка,Железнодорожная улица,98,3,33.1,4.6482,4.7993,0.1511,False,True
w209287682,Хомутяновка,Железнодорожная улица,100,3,12.9,4.5942,4.8288,0.2346,False,True
w302067664,Хомутяновка,Железнодорожная улица,102,3,29.9,4.5942,4.6443,0.0501,False,True
w302067666,Хомутяновка,Железнодорожная улица,104,3,20.4,4.4465,4.6275,0.181,False,True
w318406795,Хомутяновка,Железнодорожная улица,116,3,39.0,4.331,4.5334,0.2024,False,True
n2339105464,Хомутяновка,Железнодорожный тупик,2,3,27.6,4.9438,5.1385,0.1947,False,True
w315425256,Хомутяновка,Железнодорожный тупик,5,3,15.8,5.0204,5.179,0.1586,False,True
w315193157,Хомутяновка,Железнодорожный тупик,76,3,22.3,4.9438,5.1298,0.186,False,True
w315193131,Хомутяновка,Железнодорожный тупик,78,3,22.8,4.9438,5.1322,0.1884,False,True
w91850354,Хомутяновка,Кагульская улица,2,3,17.7,5.4536,5.6821,0.2285,False,True
w209273586,Хомутяновка,Кагульская улица,4,4,29.4,5.6137,5.975,0.3613,False,True
w352110827,Хомутяновка,Кагульская улица,5,3,35.2,5.6137,5.802,0.1883,False,True
w352111432,Хомутяновка,Кагульская улица,7,3,23.0,5.6137,5.8226,0.2089,False,True
w352111431,Хомутяновка,Кагульская улица,9,3,21.3,5.6137,5.8427,0.229,False,True
w352064500,Хомутяновка,Кагульская улица,11,3,34.3,5.6137,5.8659,0.2522,False,True
w528507076,Хомутяновка,Кагульская улица,13,3,22.8,5.6916,5.8941,0.2025,False,True
w302368617,Хомутяновка,Киевская улица,1,3,32.7,4.5809,4.7145,0.1336,False,True
w303915694,Хомутяновка,Киевская улица,3,3,24.0,4.5043,4.6846,0.1803,False,True
w161058108,Хомутяновка,Киевская улица,6,3,29.4,4.486,4.6243,0.1383,False,True
w303915689,Хомутяновка,Киевская улица,7,3,30.9,4.4695,4.6051,0.1356,False,True
w303915687,Хомутяновка,Киевская улица,8а,3,40.8,4.486,4.6118,0.1258,False,True
w303915686,Хомутяновка,Киевская улица,9,3,16.7,4.4071,4.5763,0.1692,False,True
w302066925,Хомутяновка,Киевская улица,10,3,38.3,4.3386,4.4665,0.1279,False,True
w301982088,Хомутяновка,Киевская улица,11,3,25.2,4.5043,4.6919,0.1876,False,True
w303915681,Хомутяновка,Киевская улица,11,3,21.9,4.4071,4.5556,0.1485,False,True
w302066923,Хомутяновка,Киевская улица,12,3,26.3,4.2437,4.4292,0.1855,False,True
w303915677,Хомутяновка,Киевская улица,17,3,30.2,4.3386,4.4769,0.1383,False,True
w304088436,Хомутяновка,Киевская улица,19,3,41.1,4.2906,4.4639,0.1733,False,True
w304088437,Хомутяновка,Киевская улица,21,3,43.9,4.2437,4.4469,0.2032,False,True
w302066924,Хомутяновка,Киевская улица,22/1,3,24.2,4.3386,4.485,0.1464,False,True
w304088440,Хомутяновка,Киевская улица,23,3,18.7,4.2437,4.3959,0.1522,False,True
w310488383,Хомутяновка,Киевская улица,25,3,22.2,4.2437,4.4245,0.1808,False,True
w310488384,Хомутяновка,Киевская улица,27,3,46.9,4.2437,4.4511,0.2074,False,True
w310488385,Хомутяновка,Киевская улица,29,3,46.3,4.3446,4.4659,0.1213,False,True
w310488387,Хомутяновка,Киевская улица,31,3,26.8,4.3446,4.5275,0.1829,False,True
w318406775,Хомутяновка,Киевская улица,33,3,48.8,4.3446,4.5554,0.2108,False,True
w318406776,Хомутяновка,Киевская улица,33а,3,34.2,4.3446,4.5396,0.195,False,True
w318406774,Хомутяновка,Киевская улица,35,3,40.5,4.4465,4.5744,0.1279,False,True
w209287696,Хомутяновка,Киевская улица,36,3,38.3,4.4465,4.5785,0.132,False,True
w318406772,Хомутяновка,Киевская улица,37,3,22.9,4.4465,4.5922,0.1457,False,True
n2322107937,Хомутяновка,Киевская улица,43,3,38.8,4.2437,4.3796,0.1359,False,True
w304088444,Хомутяновка,Киевская улица,45,3,52.3,4.2437,4.3595,0.1158,False,True
w302066929,Хомутяновка,Киевская улица,138,3,58.9,4.2437,4.462,0.2183,False,True
n2334239345,Хомутяновка,Киевская улица,140,3,30.6,4.2437,4.3803,0.1366,False,True
w310488388,Хомутяновка,Киевская улица,142,3,56.6,4.2437,4.3567,0.113,False,True
w209267167,Борисовка,Кишинёвская улица,1,4,44.6,4.2284,6.5654,2.337,True,True
w209267130,Борисовка,Кишинёвская улица,1а,4,21.7,4.2868,6.4418,2.155,True,True
w209267161,Борисовка,Кишинёвская улица,1б,4,15.0,4.2735,6.4244,2.1509,True,True
w316027129,Борисовка,Кишинёвская улица,3,4,31.1,4.2085,6.4032,2.1947,True,True
n2334331709,Борисовка,Кишинёвская улица,4,4,11.4,4.5836,7.1895,2.6059,True,True
w316027128,Борисовка,Кишинёвская улица,5,4,14.0,4.191,6.412,2.221,True,True
w316027126,Борисовка,Кишинёвская улица,7,4,17.6,4.2403,6.3984,2.1581,True,True
w303915656,Борисовка,Кишинёвская улица,8,4,14.8,4.6348,7.2233,2.5885,True,True
n5172819425,Борисовка,Кишинёвская улица,8/1,4,11.0,4.5836,7.1805,2.5969,True,True
n5172818452,Борисовка,Кишинёвская улица,8/2,4,12.7,4.5836,7.1897,2.6061,True,True
w316027125,Борисовка,Кишинёвская улица,9,4,19.7,4.2284,6.3794,2.151,True,True
w303915657,Борисовка,Кишинёвская улица,10,4,21.6,4.5836,7.1944,2.6108,True,True
w303915659,Борисовка,Кишинёвская улица,12,4,39.5,4.5554,7.1232,2.5678,True,True
n5172818844,Борисовка,Кишинёвская улица,12/3,4,41.2,4.5554,7.1161,2.5607,True,True
w303915660,Борисовка,Кишинёвская улица,14,4,27.8,4.5723,7.1602,2.5879,True,True
n2334331706,Борисовка,Кишинёвская улица,16,4,35.1,4.5425,7.0981,2.5556,True,True
n2334331710,Борисовка,Кишинёвская улица,20,4,17.0,4.48,7.0864,2.6064,True,True
n2334331711,Борисовка,Кишинёвская улица,24,4,38.3,4.48,7.0235,2.5435,True,True
n5172818456,Борисовка,Кишинёвская улица,34/2,4,41.1,4.3688,6.9046,2.5358,True,True
w316027473,Борисовка,Кишинёвская улица,54,2,29.1,4.0883,4.4466,0.3583,False,True
w316027884,Борисовка,Кишинёвская улица,60,4,30.5,4.1796,6.6352,2.4556,True,True
n2325366591,Борисовка,Кишинёвская улица,76,4,13.6,4.3217,6.4699,2.1482,True,True
n4886201637,Борисовка,Кишинёвская улица,78,4,43.8,4.308,6.4648,2.1568,True,True
n2334331712,Борисовка,Кишинёвский переулок,32,4,26.0,4.3688,6.9763,2.6075,True,True
n2334331713,Борисовка,Кишинёвский переулок,34,4,20.2,4.3688,6.979,2.6102,True,True
w316027138,Борисовка,Кишинёвский переулок,38,4,44.8,4.4235,7.0179,2.5944,True,True
w319620046,Борисовка,Кишинёвский тупик,1,2,28.3,4.0703,4.4645,0.3942,False,True
w352667518,Борисовка,Кишинёвский тупик,1,2,19.9,4.0703,4.4511,0.3808,False,True
w352148079,Борисовка,Кишинёвский тупик,2,3,11.4,3.9792,4.5233,0.5441,True,True
w352110238,Борисовка,Кишинёвский тупик,2а,3,8.9,4.0112,4.4984,0.4872,True,True
w352155392,Борисовка,Кишинёвский тупик,3,2,30.9,4.0112,4.4695,0.4583,True,True
w352148078,Борисовка,Кишинёвский тупик,4,3,11.2,3.9638,4.5483,0.5845,True,True
w352110239,Борисовка,Кишинёвский тупик,5,2,17.2,4.0112,4.4851,0.4739,True,True
w352155391,Борисовка,Кишинёвский тупик,7,3,16.2,4.0112,4.5033,0.4921,True,True
w352148076,Борисовка,Кишинёвский тупик,8а,2,15.4,3.9088,4.2193,0.3105,False,True
n2325729708,Борисовка,Кишинёвский тупик,10,2,15.0,3.8816,4.1961,0.3145,False,True
w161058098,Хомутяновка,Комсомольская улица,1,1,15.5,1.489,1.5774,0.0884,False,True
w211496794,Хомутяновка,Комсомольская улица,2,1,43.0,1.4763,1.5245,0.0482,False,True
w446490135,Хомутяновка,Комсомольская улица,2,1,23.9,1.4763,1.5011,0.0248,False,True
w295088581,Хомутяновка,Комсомольская улица,2б,1,21.1,1.5552,1.5976,0.0424,False,True
w211496742,Хомутяновка,Комсомольская улица,4,1,47.3,1.4763,1.5217,0.0454,False,True
w211496784,Хомутяновка,Комсомольская улица,5,1,21.0,1.5242,1.5176,-0.0066,False,True
w211496787,Хомутяновка,Комсомольская улица,6,1,22.3,1.5562,1.5512,-0.005,False,True
w211496781,Хомутяновка,Комсомольская улица,7A,1,39.9,1.5242,1.4449,-0.0793,False,True
w211496770,Хомутяновка,Комсомольская улица,8,1,18.2,1.5562,1.566,0.0098,False,True
w415723868,Хомутяновка,Комсомольская улица,10,1,22.3,1.5562,1.566,0.0098,False,True
w290334258,Хомутяновка,Комсомольская улица,44,1,42.3,1.3674,1.4077,0.0403,False,True
w318057741,Борисовка,Кооперативный тупик,5,2,16.4,3.717,4.0727,0.3557,False,True
w318071328,Борисовка,Кооперативный тупик,6,2,16.6,3.717,4.0705,0.3535,False,True
w352263831,Хомутяновка,Лесовой переулок,2,4,13.7,5.8115,6.0645,0.253,False,True
n2337880821,Хомутяновка,Лесовой переулок,3,4,36.3,5.7707,6.0295,0.2588,False,True
w352263797,Хомутяновка,Лесовой переулок,5,4,17.1,5.8115,6.0782,0.2667,False,True
w352265856,Хомутяновка,Лесовой переулок,7,4,19.7,5.7707,6.0099,0.2392,False,True
w352263835,Хомутяновка,Лесовой переулок,22,4,28.7,5.7533,6.0989,0.3456,False,True
w352263837,Хомутяновка,Лесовой переулок,22а,4,19.1,5.7533,6.1103,0.357,False,True
w317051448,Хомутяновка,Молодёжная улица,1,3,24.4,5.2347,5.6937,0.459,False,True
w318070636,Хомутяновка,Молодёжная улица,9,3,23.0,5.2808,5.8656,0.5848,True,True
w318070630,Хомутяновка,Молодёжная улица,11,3,26.4,5.307,5.8658,0.5588,True,True
w317051494,Хомутяновка,Молодёжная улица,12,3,26.0,5.2347,5.7326,0.4979,False,True
w317051475,Хомутяновка,Молодёжная улица,14,3,23.8,5.2347,5.7334,0.4987,False,True
w317051503,Хомутяновка,Молодёжная улица,15,3,42.2,5.2698,5.7681,0.4983,False,True
w317051477,Хомутяновка,Молодёжная улица,17,3,24.0,5.2698,5.7844,0.5146,False,True
w184989536,Хомутяновка,Молодёжная улица,52,3,23.0,5.1839,5.4708,0.2869,False,True
w209654410,Хомутяновка,Молодёжная улица,52а/1,3,29.3,5.1984,5.6292,0.4308,False,True
w161058097,Хомутяновка,Московская улица,2,1,21.2,1.3227,1.3123,-0.0104,False,True
w291423988,Хомутяновка,Московская улица,9,1,33.0,1.239,1.2893,0.0503,False,True
n2339316692,Борисовка,Новый проезд,1/3,4,16.9,4.3339,7.0585,2.7246,True,True
n2334334346,Борисовка,Новый проезд,1а,3,20.8,4.243,7.0005,2.7575,True,True
w184989559,Борисовка,Новый проезд,1а,3,39.2,4.2049,4.5225,0.3176,False,True
n2334334349,Борисовка,Новый проезд,3а,4,16.8,4.2049,6.9281,2.7232,True,True
n2334338352,Борисовка,Новый проезд,4,4,27.3,4.3339,7.027,2.6931,True,True
n2334338353,Борисовка,Новый проезд,5,4,20.6,4.4347,7.0316,2.5969,True,True
n2334338351,Борисовка,Новый проезд,10,4,7.2,4.3988,7.1078,2.709,True,True
n2334331716,Борисовка,Новый проезд,40,4,17.3,4.257,6.8819,2.6249,True,True
n2334331723,Борисовка,Новый проезд,46,4,26.6,4.2172,6.8938,2.6766,True,True
w91848805,Борисовка,Одесская улица,1,2,16.6,4.1219,4.4675,0.3456,False,True
w91848809,Борисовка,Одесская улица,3,4,17.5,4.3412,6.7668,2.4256,True,True
w91848807,Борисовка,Одесская улица,4,3,30.2,4.3182,4.6565,0.3383,False,True
w91848799,Борисовка,Одесская улица,5,4,16.1,4.3591,6.7179,2.3588,True,True
w209267174,Борисовка,Одесская улица,6,3,62.4,4.236,4.722,0.486,True,True
w209267141,Борисовка,Одесская улица,8,3,30.1,4.1142,4.826,0.7118,True,True
w209267152,Борисовка,Одесская улица,10,3,16.9,4.1597,4.8966,0.7369,True,True
w209267119,Борисовка,Одесская улица,12,3,33.6,4.3676,4.9544,0.5868,True,True
w209267172,Борисовка,Одесская улица,14,4,17.2,4.3273,6.6819,2.3546,True,True
w209267114,Борисовка,Одесская улица,27,4,18.9,4.3167,6.6502,2.3335,True,True
w91848812,Борисовка,Одесская улица,33,2,27.2,4.097,4.4313,0.3343,False,True
w91848808,Борисовка,Одесская улица,35,2,36.7,4.1334,4.457,0.3236,False,True
w91848810,Борисовка,Одесская улица,37,3,16.8,4.1838,4.5338,0.35,False,True
w91848811,Борисовка,Одесская улица,39,3,24.2,4.2326,4.5732,0.3406,False,True
w224682791,Борисовка,Одесская улица,67а,3,63.6,4.2581,4.5904,0.3323,False,True
w209273611,Хомутяновка,Пионерская улица,3,4,16.7,5.2612,6.3295,1.0683,True,True
w209273594,Хомутяновка,Пионерская улица,5,4,19.1,5.2988,6.3689,1.0701,True,True
w209273613,Хомутяновка,Пионерская улица,5,4,40.8,5.1922,6.3156,1.1234,True,True
w209273580,Борисовка,Пионерская улица,7,4,16.6,5.2836,6.4348,1.1512,True,True
w209273616,Хомутяновка,Пионерская улица,7,4,20.1,5.2081,6.3808,1.1727,True,True
w209273593,Хомутяновка,Пионерская улица,9,4,14.7,5.1733,6.3397,1.1664,True,True
w209273618,Борисовка,Пионерская улица,9,4,33.4,5.1143,6.3028,1.1885,True,True
w352669559,Борисовка,Пионерская улица,15,4,32.5,5.239,6.4251,1.1861,True,True
w222986045,Борисовка,Пионерская улица,19,4,16.9,5.6419,6.8098,1.1679,True,True
w222986047,Борисовка,Пионерская улица,21,4,14.2,5.6419,6.794,1.1521,True,True
w222986049,Борисовка,Пионерская улица,23,4,26.4,5.5844,6.7681,1.1837,True,True
w103992693,Борисовка,Пионерская улица,27,4,16.5,5.7804,6.9328,1.1524,True,True
w103992762,Борисовка,Пионерская улица,27,4,20.1,5.725,6.8993,1.1743,True,True
w103992885,Борисовка,Пионерская улица,27,4,13.9,5.7106,6.8705,1.1599,True,True
w352670176,Борисовка,Пионерская улица,27,4,21.8,5.5844,6.7499,1.1655,True,True
w103992864,Борисовка,Пионерская улица,31,4,15.8,5.805,6.9582,1.1532,True,True
w103992858,Борисовка,Пионерская улица,33,4,17.5,5.805,6.975,1.17,True,True
w103992712,Борисовка,Пионерская улица,35,4,15.4,5.7114,6.8606,1.1492,True,True
w103992696,Борисовка,Пионерская улица,37,4,17.3,5.7114,6.8814,1.17,True,True
w318090605,Борисовка,Пионерский переулок,7,4,16.4,4.8922,6.0966,1.2044,True,True
w353044316,Хомутяновка,Протягайловская улица,12,3,21.4,4.5548,4.7031,0.1483,False,True
w354630979,Хомутяновка,Протягайловская улица,13,3,12.4,4.12,4.2855,0.1655,False,True
w353044314,Хомутяновка,Протягайловская улица,16,3,58.3,4.4565,4.3544,-0.1021,False,True
w353978195,Хомутяновка,Протягайловская улица,17,3,43.3,4.3066,4.3813,0.0747,False,True
w353044313,Хомутяновка,Протягайловская улица,18,3,41.3,4.4565,4.3765,-0.08,False,True
w353975790,Хомутяновка,Протягайловская улица,19,3,23.9,4.3066,4.4022,0.0956,False,True
w353044312,Хомутяновка,Протягайловская улица,20,3,36.3,4.4565,4.4021,-0.0544,False,True
w353044311,Хомутяновка,Протягайловская улица,22,3,27.7,4.2774,4.4248,0.1474,False,True
n2321993999,Хомутяновка,Путейская улица,2,3,16.9,4.8045,5.1359,0.3314,False,True
w301982104,Хомутяновка,Путейская улица,4,3,66.6,4.7131,4.9066,0.1935,False,True
w301982107,Хомутяновка,Путейская улица,6,3,32.4,4.7131,4.8846,0.1715,False,True
w301982108,Хомутяновка,Путейская улица,10,3,28.7,4.6941,4.8532,0.1591,False,True
w301982110,Хомутяновка,Путейская улица,10а,3,30.3,4.6739,4.8308,0.1569,False,True
w301982111,Хомутяновка,Путейская улица,12,3,32.8,4.6739,4.818,0.1441,False,True
w301982112,Хомутяновка,Путейская улица,12а,3,41.6,4.6066,4.802,0.1954,False,True
w301982113,Хомутяновка,Путейская улица,12б,3,30.8,4.6283,4.8029,0.1746,False,True
w352064506,Хомутяновка,Санаторная улица,2,3,45.2,5.087,5.525,0.438,False,True
w352284664,Хомутяновка,Санаторная улица,56,3,21.1,5.3761,5.807,0.4309,False,True
w352265835,Хомутяновка,Санаторная улица,58,4,44.0,5.3761,5.8451,0.469,False,True
w352163177,Хомутяновка,Санаторная улица,70,4,34.6,5.2417,5.9252,0.6835,True,True
w352163171,Хомутяновка,Санаторная улица,72,4,24.6,5.5405,5.9607,0.4202,False,True
w352163169,Хомутяновка,Санаторная улица,74,4,24.6,5.5405,5.9702,0.4297,False,True
w161058110,Хомутяновка,Севастопольская улица,1а,3,30.9,4.4727,4.6997,0.227,False,True
w302066913,Хомутяновка,Севастопольская улица,2,3,40.4,4.6648,4.8973,0.2325,False,True
w302066914,Хомутяновка,Севастопольская улица,4,3,59.9,4.6648,4.9176,0.2528,False,True
w161058104,Хомутяновка,Севастопольская улица,4а,3,29.6,4.486,4.7015,0.2155,False,True
w161058112,Хомутяновка,Севастопольская улица,5,3,41.5,4.5411,4.7405,0.1994,False,True
w302066902,Хомутяновка,Севастопольская улица,10,3,36.8,4.5181,4.7313,0.2132,False,True
w302066901,Хомутяновка,Севастопольская улица,12,3,20.6,4.5181,4.7181,0.2,False,True
w302066903,Хомутяновка,Севастопольская улица,14,3,20.7,4.5181,4.7016,0.1835,False,True
w302066894,Хомутяновка,Севастопольская улица,16,3,38.2,4.5181,4.6754,0.1573,False,True
w303915676,Хомутяновка,Севастопольская улица,24,3,28.2,4.2906,4.4406,0.15,False,True
w304088452,Хомутяновка,Севастопольская улица,26,3,31.5,4.2106,4.4029,0.1923,False,True
w302074753,Хомутяновка,Треугольный переулок,1,3,35.4,5.1366,5.3013,0.1647,False,True
w351854665,Хомутяновка,Треугольный переулок,2,3,37.5,5.1366,5.2992,0.1626,False,True
w302074755,Хомутяновка,Треугольный переулок,3,3,19.3,5.0338,5.2124,0.1786,False,True
w302369879,Хомутяновка,Треугольный переулок,4,3,65.5,5.0338,5.2623,0.2285,False,True
w302074746,Хомутяновка,Треугольный переулок,5,3,21.3,5.0338,5.2135,0.1797,False,True
w302369878,Хомутяновка,Треугольный переулок,6,3,48.5,5.0338,5.245,0.2112,False,True
w302074749,Хомутяновка,Треугольный переулок,7,3,62.0,5.0338,5.2584,0.2246,False,True
n4835076144,Хомутяновка,Треугольный переулок,8 кв. 2,3,16.4,5.1366,5.3294,0.1928,False,True
n4835076145,Хомутяновка,Треугольный переулок,8 кв. 3,3,29.9,5.1292,5.3232,0.194,False,True
w302074748,Хомутяновка,Треугольный переулок,9,3,46.5,5.0338,5.2427,0.2089,False,True
w302074747,Хомутяновка,Треугольный переулок,11,3,32.2,5.0338,5.2272,0.1934,False,True
w209267179,Борисовка,Фонтанная улица,5,4,40.1,4.3559,6.6232,2.2673,True,True
n2322107948,Борисовка,Фонтанная улица,8,4,82.4,4.3582,6.5431,2.1849,True,True
n5172818464,Борисовка,Фонтанная улица,18,4,76.8,4.5839,6.4721,1.8882,True,True
n2322107950,Борисовка,Фонтанная улица,22,4,35.9,4.5839,6.4304,1.8465,True,True
n2322107954,Борисовка,Фонтанная улица,24,4,30.5,4.6442,6.3672,1.723,True,True
w319134694,Борисовка,Фонтанная улица,30,4,40.8,4.7334,6.2634,1.53,True,True
n2322107952,Борисовка,Фонтанная улица,35,4,30.4,4.5839,6.3735,1.7896,True,True
n2322107955,Борисовка,Фонтанная улица,36,4,30.7,4.8466,6.1812,1.3346,True,True
n2322107953,Борисовка,Фонтанная улица,41,4,29.6,4.6442,6.2877,1.6435,True,True
w318090601,Борисовка,Фонтанная улица,41,4,33.8,4.6442,6.2882,1.644,True,True
w318090600,Борисовка,Фонтанная улица,43,4,45.8,4.6442,6.2744,1.6302,True,True
n2322107956,Борисовка,Фонтанная улица,59,4,24.3,4.7495,6.1914,1.4419,True,True
w318090596,Борисовка,Фонтанная улица,61,4,32.1,4.8014,6.1762,1.3748,True,True
w352667497,Борисовка,Хотинская улица,4,2,38.7,4.0106,4.3616,0.351,False,True
w352667495,Борисовка,Хотинская улица,4а,3,35.5,4.1178,4.811,0.6932,True,True
w352667496,Борисовка,Хотинская улица,4б,3,48.5,4.1112,4.8267,0.7155,True,True
w352667493,Борисовка,Хотинская улица,6,2,25.1,4.0106,4.3074,0.2968,False,True
w352667488,Борисовка,Хотинская улица,18,3,14.5,4.1178,4.7825,0.6647,True,True
w91848287,Борисовка,Хотинская улица,49,2,16.4,4.0252,4.4407,0.4155,True,True
w91848274,Борисовка,Хотинская улица,51,2,15.4,4.1281,4.4483,0.3202,False,True
w91848283,Борисовка,Хотинская улица,53,3,25.8,4.0565,4.5063,0.4498,True,True
w91848277,Борисовка,Хотинская улица,55,3,21.2,4.1467,4.4992,0.3525,False,True
w352153734,Борисовка,Хотинская улица,73,3,22.6,4.6138,5.0561,0.4423,False,True
w352153729,Борисовка,Хотинская улица,77,3,40.9,4.2271,5.0138,0.7867,True,True
w352153731,Борисовка,Хотинская улица,144,3,30.7,4.2271,4.6933,0.4662,True,True
w352667484,Борисовка,Хотинская улица,146,3,43.8,4.2271,4.7089,0.4818,True,True
w352667485,Борисовка,Хотинская улица,148,3,53.9,4.3369,4.7286,0.3917,False,True
w352667487,Борисовка,Хотинская улица,150,3,43.9,4.3369,4.7408,0.4039,False,True
w116073594,Борисовка,Хотинская улица,152,3,60.9,4.4154,4.8783,0.4629,True,True
w209287668,Хомутяновка,Школьная улица,4,3,17.7,4.5741,4.7247,0.1506,False,True
w209287692,Хомутяновка,Школьная улица,4,3,40.0,4.546,4.6732,0.1272,False,True
w302066931,Хомутяновка,Школьная улица,5,3,20.8,4.3706,4.5184,0.1478,False,True
w209287627,Хомутяновка,Школьная улица,6,3,41.1,4.7639,4.9286,0.1647,False,True
w302066932,Хомутяновка,Школьная улица,7,3,31.3,4.4295,4.5733,0.1438,False,True
w302066945,Хомутяновка,Школьная улица,9,3,27.9,4.4295,4.6162,0.1867,False,True
w302066949,Хомутяновка,Школьная улица,11,3,51.4,4.4295,4.6398,0.2103,False,True
w302066948,Хомутяновка,Школьная улица,13,3,55.3,4.546,4.6607,0.1147,False,True
w302066951,Хомутяновка,Школьная улица,15,3,52.2,4.546,4.6836,0.1376,False,True
w302066947,Хомутяновка,Школьная улица,17,3,38.0,4.5724,4.7027,0.1303,False,True
w302066893,Хомутяновка,Школьная улица,18,3,30.5,4.4474,4.6005,0.1531,False,True
w302066946,Хомутяновка,Школьная улица,19,3,25.9,4.5724,4.7175,0.1451,False,True
w302066953,Хомутяновка,Школьная улица,21,3,17.0,4.5666,4.8069,0.2403,False,True
w209287640,Хомутяновка,Школьная улица,23,3,22.1,4.6651,4.8143,0.1492,False,True
w209287688,Хомутяновка,Школьная улица,24,3,15.6,4.7733,4.9259,0.1526,False,True
w209287701,Хомутяновка,Школьная улица,27,3,17.1,4.7377,4.8974,0.1597,False,True
w209287646,Хомутяновка,Школьная улица,29,3,23.4,4.7882,4.9324,0.1442,False,True
w302066895,Хомутяновка,Школьная улица,39,3,55.6,4.3706,4.5796,0.209,False,True
w302066922,Хомутяновка,Школьная улица,41,3,60.2,4.3706,4.4759,0.1053,False,True
w209287680,Хомутяновка,Школьная улица,134,3,14.6,4.4613,4.6285,0.1672,False,True
w302066930,Хомутяновка,Школьная улица,136,3,50.6,4.3706,4.486,0.1154,False,True
w295998453,Хомутяновка,переулок Бородина,1,3,63.4,4.9648,5.1725,0.2077,False,True
w295998427,Хомутяновка,переулок Бородина,4,3,72.3,4.9425,5.1712,0.2287,False,True
w295998451,Хомутяновка,переулок Бородина,5,3,64.5,4.9648,5.1723,0.2075,False,True
n4835076146,Хомутяновка,переулок Бородина,6 кв. 1,3,20.6,5.0691,5.2684,0.1993,False,True
n4835050373,Хомутяновка,переулок Бородина,6 кв. 2,3,13.1,5.0691,5.2536,0.1845,False,True
n2321994025,Хомутяновка,переулок Бородина,9,3,14.3,5.0691,5.2664,0.1973,False,True
n4835050375,Хомутяновка,переулок Бородина,9,3,43.4,5.0691,5.2129,0.1438,False,True
w295088584,Хомутяновка,переулок Бородина,11,3,20.6,4.9648,5.129,0.1642,False,True
w295998452,Хомутяновка,переулок Бородина,11,3,38.1,4.9648,5.1471,0.1823,False,True
w315425226,Хомутяновка,переулок Лермонтова,1,3,30.6,5.1393,5.2848,0.1455,False,True
w315807200,Хомутяновка,переулок Лермонтова,7,3,39.6,5.1393,5.3502,0.2109,False,True
w209287634,Хомутяновка,переулок Лермонтова,13а,3,29.0,4.9746,5.1631,0.1885,False,True
w209287672,Хомутяновка,переулок Лермонтова,15,3,23.2,4.8606,5.015,0.1544,False,True
w318083438,Хомутяновка,переулок Лермонтова,16,3,21.1,5.1868,5.4284,0.2416,False,True
w315807198,Хомутяновка,переулок Лермонтова,17,3,15.3,5.1884,5.3902,0.2018,False,True
w317149371,Хомутяновка,переулок Лермонтова,17,3,33.4,5.2093,5.5248,0.3155,False,True
n5411906006,Хомутяновка,переулок Лермонтова,25,3,33.7,5.1868,5.4418,0.255,False,True
w317149372,Хомутяновка,переулок Лермонтова,40,3,13.8,5.1748,5.4268,0.252,False,True
w209287676,Хомутяновка,переулок Лермонтова,57,3,17.4,4.9577,5.112,0.1543,False,True
w315425206,Хомутяновка,переулок Лермонтова,58,3,17.6,4.9577,5.1406,0.1829,False,True
w315425243,Хомутяновка,переулок Лермонтова,59,3,27.1,5.0549,5.2047,0.1498,False,True
w315193166,Хомутяновка,переулок Лермонтова,60,3,17.9,4.9577,5.1413,0.1836,False,True
w315425207,Хомутяновка,переулок Лермонтова,64,3,23.9,5.0549,5.2479,0.193,False,True
w315851315,Хомутяновка,переулок Лермонтова,64,3,19.9,5.1393,5.3274,0.1881,False,True
w315425222,Хомутяновка,переулок Лермонтова,66,3,19.8,5.0549,5.2443,0.1894,False,True
w315425235,Хомутяновка,переулок Лермонтова,66,3,20.0,5.1393,5.3282,0.1889,False,True
w315425255,Хомутяновка,переулок Лермонтова,67,3,20.6,5.1393,5.2981,0.1588,False,True
w315425223,Хомутяновка,переулок Лермонтова,69,3,20.2,5.1393,5.2967,0.1574,False,True
w209287636,Хомутяновка,переулок Лермонтова,90,3,22.6,4.9288,5.0927,0.1639,False,True
w209287664,Хомутяновка,переулок Лермонтова,92,3,26.5,4.9288,5.0787,0.1499,False,True
w209287686,Хомутяновка,переулок Лермонтова,94,3,33.0,4.8762,5.0637,0.1875,False,True
w209287635,Хомутяновка,переулок Лермонтова,96,3,25.3,4.8762,5.0497,0.1735,False,True
w209287663,Хомутяновка,переулок Лермонтова,98,3,24.6,4.8762,5.0484,0.1722,False,True
w209416044,Хомутяновка,переулок Лермонтова,100,3,26.0,4.8606,5.0488,0.1882,False,True
w209416040,Хомутяновка,переулок Лермонтова,102,3,38.1,4.8606,4.9939,0.1333,False,True
w209416045,Хомутяновка,переулок Лермонтова,104,3,48.2,4.772,4.9791,0.2071,False,True
w209273600,Хомутяновка,переулок Осипенко,1,4,17.7,5.4171,6.4907,1.0736,True,True
w209273620,Хомутяновка,переулок Осипенко,1,4,22.3,5.3251,6.4032,1.0781,True,True
w209273631,Хомутяновка,переулок Осипенко,1,4,18.1,5.3726,6.4456,1.073,True,True
w209273577,Хомутяновка,переулок Осипенко,2,4,23.8,5.2755,6.3177,1.0422,True,True
w209273606,Хомутяновка,переулок Осипенко,2,4,14.4,5.4347,6.4825,1.0478,True,True
w209273627,Хомутяновка,переулок Осипенко,2,4,16.9,5.3361,6.3852,1.0491,True,True
w209273583,Хомутяновка,переулок Осипенко,4,4,15.8,5.4292,6.4762,1.047,True,True
w209273635,Хомутяновка,переулок Осипенко,6,4,16.6,5.4417,6.5371,1.0954,True,True
w209273633,Хомутяновка,переулок Осипенко,9,4,47.2,5.5221,6.5352,1.0131,True,True
w209273588,Хомутяновка,переулок Осипенко,11,4,46.7,5.461,6.592,1.131,True,True
w231243207,Хомутяновка,переулок Осипенко,15,4,45.5,5.4179,6.5368,1.1189,True,True
n2337865679,Хомутяновка,переулок Полоза,6,4,16.2,5.9068,6.1955,0.2887,False,True
w284637187,Хомутяновка,переулок Полоза,6,4,28.1,5.8365,6.2271,0.3906,False,True
w284637199,Хомутяновка,переулок Полоза,49,4,22.1,5.9614,6.2119,0.2505,False,True
w284637197,Хомутяновка,переулок Полоза,78,4,26.9,5.9099,6.3173,0.4074,False,True
w318090606,Борисовка,улица 12 Октября,9,4,18.6,4.8466,6.127,1.2804,True,True
w209267166,Борисовка,улица 12 Октября,10,3,22.4,4.3726,5.0033,0.6307,True,True
n8219706370,Борисовка,улица 12 Октября,15,4,43.3,4.7605,6.1804,1.4199,True,True
n2322118077,Борисовка,улица 12 Октября,16,4,39.8,4.7495,6.1711,1.4216,True,True
w319134604,Борисовка,улица 12 Октября,17,4,19.0,4.7965,6.2586,1.4621,True,True
w319227705,Борисовка,улица 12 Октября,21,4,20.2,4.7146,6.2739,1.5593,True,True
w319227708,Борисовка,улица 12 Октября,23,4,38.4,4.7146,6.2995,1.5849,True,True
w319227709,Борисовка,улица 12 Октября,25,4,54.6,4.7146,6.3161,1.6015,True,True
w319227711,Борисовка,улица 12 Октября,27,4,44.7,4.6036,6.333,1.7294,True,True
w319223032,Борисовка,улица 12 Октября,28,4,35.2,4.7146,6.2889,1.5743,True,True
w319227716,Борисовка,улица 12 Октября,29,4,24.9,4.6036,6.358,1.7544,True,True
w319223034,Борисовка,улица 12 Октября,30,4,50.9,4.5651,6.317,1.7519,True,True
w319227713,Борисовка,улица 12 Октября,31,4,16.7,4.6178,6.5717,1.9539,True,True
w319227862,Борисовка,улица 12 Октября,33,4,33.8,4.6178,6.5879,1.9701,True,True
w319227717,Борисовка,улица 12 Октября,34,4,19.1,4.6178,6.5615,1.9437,True,True
w319227863,Борисовка,улица 12 Октября,35,4,53.0,4.6695,6.6186,1.9491,True,True
w319227725,Борисовка,улица 12 Октября,36,4,71.2,4.6178,6.6274,2.0096,True,True
w319227864,Борисовка,улица 12 Октября,37,4,71.9,4.6695,6.635,1.9655,True,True
w319227726,Борисовка,улица 12 Октября,38,4,100.0,4.6178,6.6573,2.0395,True,True
w319305792,Борисовка,улица 12 Октября,39,4,92.1,4.6695,6.6542,1.9847,True,True
w319227727,Борисовка,улица 12 Октября,40,4,101.8,4.2968,6.6835,2.3867,True,True
w319305801,Борисовка,улица 12 Октября,41,4,111.4,4.6695,6.6766,2.0071,True,True
w319227732,Борисовка,улица 12 Октября,42,4,80.2,4.3708,6.7181,2.3473,True,True
w319227731,Борисовка,улица 12 Октября,44,4,64.2,4.3708,6.7343,2.3635,True,True
w319305804,Борисовка,улица 12 Октября,45,4,98.6,4.3708,6.7053,2.3345,True,True
w319227729,Борисовка,улица 12 Октября,46,4,43.2,4.3708,6.755,2.3842,True,True
w319305807,Борисовка,улица 12 Октября,47,4,77.0,4.3879,6.7286,2.3407,True,True
w319227728,Борисовка,улица 12 Октября,48,4,23.9,4.3708,6.7751,2.4043,True,True
w352148096,Борисовка,улица 12 Октября,49,4,60.7,4.3879,6.7455,2.3576,True,True
w91848803,Борисовка,улица 12 Октября,50,4,42.9,4.4044,6.9064,2.502,True,True
w352148094,Борисовка,улица 12 Октября,51,4,37.7,4.3879,6.7684,2.3805,True,True
w91848801,Борисовка,улица 12 Октября,52,3,41.5,4.4675,4.9837,0.5162,True,True
w352148095,Борисовка,улица 12 Октября,53,3,19.5,4.3879,5.0255,0.6376,True,True
w352148098,Борисовка,улица 12 Октября,55,4,54.4,4.3879,5.0,0.6121,True,True
w352155381,Борисовка,улица 12 Октября,57,3,53.7,4.3879,4.9651,0.5772,True,True
w352155383,Борисовка,улица 12 Октября,59,3,56.4,4.4112,4.9398,0.5286,True,True
w352155384,Борисовка,улица 12 Октября,61,3,30.6,4.4112,4.9158,0.5046,True,True
w352155385,Борисовка,улица 12 Октября,63,3,13.1,4.4112,4.8923,0.4811,True,True
w352155386,Борисовка,улица 12 Октября,65,3,18.6,4.4112,4.8781,0.4669,True,True
w352155387,Борисовка,улица 12 Октября,67,3,46.9,4.4112,4.8508,0.4396,False,True
w352155388,Борисовка,улица 12 Октября,69,3,35.5,4.4429,4.8347,0.3918,False,True
w352668649,Борисовка,улица 12 Октября,71,3,34.6,4.4429,4.8014,0.3585,False,True
w352668646,Борисовка,улица 12 Октября,73,3,23.7,4.4193,4.7821,0.3628,False,True
w352668652,Борисовка,улица 12 Октября,75,3,25.0,4.3891,4.761,0.3719,False,True
w352668630,Борисовка,улица 12 Октября,76,3,20.4,4.409,4.7674,0.3584,False,True
w352668654,Борисовка,улица 12 Октября,77,3,22.5,4.3891,4.731,0.3419,False,True
w352153727,Борисовка,улица 12 Октября,79,3,34.0,4.5054,4.9784,0.473,True,True
w318120142,Хомутяновка,улица 23 Августа,1,3,35.9,4.9911,5.3007,0.3096,False,True
n2330549394,Хомутяновка,улица 23 Августа,2,3,48.2,4.9911,5.3165,0.3254,False,True
w320437638,Хомутяновка,улица 23 Августа,2,3,48.8,4.9911,5.3133,0.3222,False,True
w318120135,Хомутяновка,улица 23 Августа,3,3,55.8,4.874,5.3347,0.4607,False,True
w320437637,Хомутяновка,улица 23 Августа,4,3,61.1,4.874,5.3285,0.4545,False,True
w318120138,Хомутяновка,улица 23 Августа,5,3,40.1,4.874,5.3489,0.4749,False,True
w320437636,Хомутяновка,улица 23 Августа,6,3,47.2,4.874,5.3431,0.4691,False,True
w318120139,Хомутяновка,улица 23 Августа,7,3,23.7,4.874,5.3666,0.4926,True,True
w320437634,Хомутяновка,улица 23 Августа,8,3,34.2,4.874,5.356,0.482,False,True
w320437632,Хомутяновка,улица 23 Августа,10,3,22.6,4.874,5.371,0.497,True,True
w320437631,Хомутяновка,улица 23 Августа,12,3,17.7,4.874,5.3938,0.5198,True,True
w320437629,Хомутяновка,улица 23 Августа,14,3,24.9,4.8218,5.4185,0.5967,True,True
w319366994,Хомутяновка,улица 23 Августа,39,3,21.4,4.874,5.4012,0.5272,True,True
w318120143,Хомутяновка,улица 23 Августа,41,3,23.7,4.9911,5.2858,0.2947,False,True
w315807223,Хомутяновка,улица 40 лет Советской Пионерии,3,3,32.0,5.377,5.62,0.243,False,True
w317053500,Хомутяновка,улица 40 лет Советской Пионерии,4,3,47.5,5.377,5.6353,0.2583,False,True
w315851332,Хомутяновка,улица 40 лет Советской Пионерии,5,3,43.2,5.3922,5.6525,0.2603,False,True
w315851334,Хомутяновка,улица 40 лет Советской Пионерии,9,3,26.6,5.3922,5.6708,0.2786,False,True
w318120122,Хомутяновка,улица 40 лет Советской Пионерии,12,3,37.2,5.3822,5.7486,0.3664,False,True
w318120121,Хомутяновка,улица 40 лет Советской Пионерии,14,3,35.4,5.416,5.7303,0.3143,False,True
w209416079,Хомутяновка,улица 40 лет Советской Пионерии,35,3,20.8,5.1504,5.3005,0.1501,False,True
w316645004,Хомутяновка,улица 40 лет Советской Пионерии,35,3,23.5,5.2472,5.3961,0.1489,False,True
w299629688,Хомутяновка,улица 40 лет Советской Пионерии,37,3,24.0,5.1504,5.2988,0.1484,False,True
w315618138,Хомутяновка,улица 40 лет Советской Пионерии,37,3,24.2,5.2472,5.3966,0.1494,False,True
w315851329,Хомутяновка,улица 40 лет Советской Пионерии,41,3,33.9,5.377,5.5633,0.1863,False,True
w315807222,Хомутяновка,улица 40 лет Советской Пионерии,43,3,29.3,5.377,5.5697,0.1927,False,True
w315618170,Хомутяновка,улица 40 лет Советской Пионерии,44,3,27.5,5.2472,5.4353,0.1881,False,True
w315618157,Хомутяновка,улица 40 лет Советской Пионерии,46,3,27.5,5.2472,5.4354,0.1882,False,True
w315807218,Хомутяновка,улица 40 лет Советской Пионерии,47,3,23.6,5.33,5.4875,0.1575,False,True
w209416093,Хомутяновка,улица 40 лет Советской Пионерии,68,3,62.6,5.0519,5.2748,0.2229,False,True
w209416075,Хомутяновка,улица 40 лет Советской Пионерии,70,3,48.6,5.0519,5.2601,0.2082,False,True
w209416017,Хомутяновка,улица 40 лет Советской Пионерии,72,3,37.4,5.0519,5.2476,0.1957,False,True
w209416090,Хомутяновка,улица 40 лет Советской Пионерии,74,3,24.0,5.0519,5.2371,0.1852,False,True
w209287683,Хомутяновка,улица 40 лет Советской Пионерии,76,3,22.6,5.0325,5.2375,0.205,False,True
w318070645,Хомутяновка,улица 50 лет ВЛКСМ,1,4,28.4,5.2166,6.251,1.0344,True,True
w318072368,Борисовка,улица 50 лет ВЛКСМ,5,3,24.0,4.5765,6.0936,1.5171,True,True
w399052058,Хомутяновка,улица 50 лет ВЛКСМ,5а/1,3,43.1,4.8575,5.8865,1.029,True,True
w184989565,Хомутяновка,улица 50 лет ВЛКСМ,5а/4,3,108.4,4.8225,5.855,1.0325,True,True
w373899387,Хомутяновка,улица 50 лет ВЛКСМ,6,4,23.4,5.3514,6.3929,1.0415,True,True
n3773251959,Хомутяновка,улица 50 лет ВЛКСМ,6а,3,28.2,5.3514,6.3985,1.0471,True,True
w373899213,Хомутяновка,улица 50 лет ВЛКСМ,6а,3,31.7,5.3642,5.9638,0.5996,True,True
n4162783293,Хомутяновка,улица 50 лет ВЛКСМ,7а,4,9.0,5.4835,5.991,0.5075,False,True
n8929118892,Хомутяновка,улица 50 лет ВЛКСМ,7а,4,18.9,5.4803,6.0101,0.5298,False,True
w209273607,Хомутяновка,улица 50 лет ВЛКСМ,7а,4,18.4,5.4871,6.6681,1.181,True,True
w209273604,Хомутяновка,улица 50 лет ВЛКСМ,11,4,33.1,5.3167,6.3757,1.059,True,True
w209273610,Хомутяновка,улица 50 лет ВЛКСМ,13,3,22.0,4.7835,6.0127,1.2292,True,True
w516134057,Борисовка,улица 50 лет ВЛКСМ,19а,3,8.0,4.6951,5.9445,1.2494,True,True
w317148591,Борисовка,улица 50 лет ВЛКСМ,21,3,26.5,4.7054,5.9833,1.2779,True,True
w317148594,Борисовка,улица 50 лет ВЛКСМ,25,3,52.2,4.832,6.0371,1.2051,True,True
w317148596,Борисовка,улица 50 лет ВЛКСМ,27,3,36.7,4.832,6.0536,1.2216,True,True
w317148597,Борисовка,улица 50 лет ВЛКСМ,29,3,21.4,4.832,6.0796,1.2476,True,True
w317148599,Борисовка,улица 50 лет ВЛКСМ,31,3,17.6,4.832,6.0875,1.2555,True,True
w209273637,Борисовка,улица 50 лет ВЛКСМ,50,3,24.5,4.7233,6.0618,1.3385,True,True
w209273585,Хомутяновка,улица 50 лет ВЛКСМ,50а,3,20.5,4.7835,5.9893,1.2058,True,True
w304053793,Хомутяновка,улица 50 лет ВЛКСМ,52б,3,27.4,4.8594,5.7543,0.8949,True,True
w161058100,Хомутяновка,улица Академика Фёдорова,3,1,19.0,1.3537,1.3544,0.0007,False,True
w161058096,Хомутяновка,улица Академика Фёдорова,5,1,39.5,1.4742,1.4735,-0.0007,False,True
w222774404,Хомутяновка,улица Академика Фёдорова,16,1,17.7,1.282,1.3179,0.0359,False,True
w222774405,Хомутяновка,улица Академика Фёдорова,16,1,39.4,1.282,1.3519,0.0699,False,True
w222774403,Хомутяновка,улица Академика Фёдорова,18,1,19.4,1.3725,1.4397,0.0672,False,True
w222774402,Хомутяновка,улица Академика Фёдорова,20,1,23.5,1.3725,1.4103,0.0378,False,True
w222774401,Хомутяновка,улица Академика Фёдорова,24,1,25.3,1.3968,1.4447,0.0479,False,True
w222774400,Хомутяновка,улица Академика Фёдорова,26,1,48.8,1.4954,1.485,-0.0104,False,True
w222774399,Хомутяновка,улица Академика Фёдорова,28,1,20.8,1.4954,1.5231,0.0277,False,True
w136395357,Хомутяновка,улица Академика Фёдорова,30,1,34.8,1.5333,1.5513,0.018,False,True
w319223038,Борисовка,улица Богдана Хмельницкого,1,4,41.7,4.5423,6.4421,1.8998,True,True
n2322112854,Борисовка,улица Богдана Хмельницкого,2,4,36.5,4.5839,6.4332,1.8493,True,True
w209267135,Борисовка,улица Богдана Хмельницкого,3,4,26.1,4.385,6.2743,1.8893,True,True
w209267157,Борисовка,улица Богдана Хмельницкого,16,4,29.2,4.3222,6.2697,1.9475,True,True
w318071344,Борисовка,улица Богдана Хмельницкого,18,4,48.4,4.385,6.2572,1.8722,True,True
w318071347,Борисовка,улица Богдана Хмельницкого,19,4,23.0,4.5126,6.279,1.7664,True,True
w209267146,Борисовка,улица Богдана Хмельницкого,20,4,25.2,4.385,6.2398,1.8548,True,True
w318071350,Борисовка,улица Богдана Хмельницкого,21,4,22.8,4.5126,6.28,1.7674,True,True
w209267170,Борисовка,улица Богдана Хмельницкого,22,4,20.9,4.385,6.2241,1.8391,True,True
w209267180,Борисовка,улица Богдана Хмельницкого,24,4,22.5,4.4129,6.2196,1.8067,True,True
w318072376,Борисовка,улица Богдана Хмельницкого,24,4,17.7,4.5126,6.3129,1.8003,True,True
w209267156,Борисовка,улица Богдана Хмельницкого,26,4,24.3,4.4129,6.219,1.8061,True,True
w209267127,Борисовка,улица Богдана Хмельницкого,28,4,34.3,4.4129,6.1715,1.7586,True,True
w315109552,Хомутяновка,улица Бориса Главана,3,3,43.5,4.1232,4.328,0.2048,False,True
w315109554,Хомутяновка,улица Бориса Главана,5,3,27.5,4.1232,4.3105,0.1873,False,True
w315109553,Хомутяновка,улица Бориса Главана,5а,3,22.4,4.1121,4.2761,0.164,False,True
w319386246,Хомутяновка,улица Бориса Главана,7,3,19.9,4.2261,4.3749,0.1488,False,True
w319386245,Хомутяновка,улица Бориса Главана,9,3,28.3,4.2261,4.4143,0.1882,False,True
w352314379,Хомутяновка,улица Бориса Главана,11,3,45.0,4.331,4.4535,0.1225,False,True
w352314370,Хомутяновка,улица Бориса Главана,13,3,18.2,4.331,4.5029,0.1719,False,True
w352314367,Хомутяновка,улица Бориса Главана,15,3,38.3,4.4081,4.5377,0.1296,False,True
w304088451,Хомутяновка,улица Бориса Главана,16,3,38.7,4.2106,4.3461,0.1355,False,True
w352314365,Хомутяновка,улица Бориса Главана,17,3,28.3,4.4081,4.5574,0.1493,False,True
w304088450,Хомутяновка,улица Бориса Главана,18,3,45.2,4.1232,4.3291,0.2059,False,True
w352313738,Хомутяновка,улица Бориса Главана,19,3,27.2,4.4258,4.6125,0.1867,False,True
w315109561,Хомутяновка,улица Бориса Главана,20,3,33.9,4.1232,4.3172,0.194,False,True
w315109559,Хомутяновка,улица Бориса Главана,22,3,50.8,4.1232,4.3303,0.2071,False,True
n4988630721,Хомутяновка,улица Бориса Главана,24,3,43.5,4.2261,4.3511,0.125,False,True
w318406787,Хомутяновка,улица Бориса Главана,24а,3,31.9,4.2261,4.4155,0.1894,False,True
w318406793,Хомутяновка,улица Бориса Главана,32а,3,22.6,4.4567,4.6368,0.1801,False,True
w320343108,Хомутяновка,улица Бориса Главана,34,3,41.0,4.4567,4.6584,0.2017,False,True
w352285322,Хомутяновка,улица Бориса Главана,40,3,18.8,4.4258,4.5989,0.1731,False,True
w352314106,Хомутяновка,улица Бориса Главана,42,3,25.7,4.4258,4.6103,0.1845,False,True
w352314156,Хомутяновка,улица Бориса Главана,44,3,63.1,4.5622,4.6677,0.1055,False,True
w285071411,Хомутяновка,улица Бориса Главана,46,3,15.2,4.5622,4.724,0.1618,False,True
w304088445,Хомутяновка,улица Бориса Главана,47,3,59.7,4.1232,4.3446,0.2214,False,True
w285071413,Хомутяновка,улица Бориса Главана,48,3,25.0,4.5727,4.7598,0.1871,False,True
w304088447,Хомутяновка,улица Бориса Главана,49,3,45.1,4.1232,4.3294,0.2062,False,True
w352365957,Хомутяновка,улица Бориса Главана,50,3,30.0,4.5727,4.7768,0.2041,False,True
w304088449,Хомутяновка,улица Бориса Главана,51,3,31.0,4.1232,4.312,0.1888,False,True
w352365954,Хомутяновка,улица Бориса Главана,52,3,27.3,4.5374,4.8045,0.2671,False,True
w315109562,Хомутяновка,улица Бориса Главана,144,3,41.5,4.1232,4.3259,0.2027,False,True
w302369880,Хомутяновка,улица Бородина,1,3,21.9,5.0944,5.3291,0.2347,False,True
w302369881,Хомутяновка,улица Бородина,1,3,32.0,5.0338,5.3467,0.3129,False,True
w209287633,Хомутяновка,улица Бородина,2,3,12.0,5.0337,5.2068,0.1731,False,True
w209287684,Хомутяновка,улица Бородина,2,3,16.2,4.9876,5.1636,0.176,False,True
w302074745,Хомутяновка,улица Бородина,7,3,33.0,4.9648,5.1565,0.1917,False,True
w209287662,Хомутяновка,улица Бородина,9,3,26.7,4.9755,5.158,0.1825,False,True
w295088583,Хомутяновка,улица Бородина,9,3,27.1,4.9648,5.1388,0.174,False,True
w209287658,Хомутяновка,улица Бородина,13,3,29.4,4.9288,5.1143,0.1855,False,True
w295998442,Хомутяновка,улица Бородина,13,3,33.7,4.9425,5.0802,0.1377,False,True
w295998440,Хомутяновка,улица Бородина,15,3,46.5,4.9425,5.0642,0.1217,False,True
n2321994021,Хомутяновка,улица Бородина,17,3,28.7,4.8481,5.0373,0.1892,False,True
w209654275,Хомутяновка,улица Бородина,17,3,44.5,4.9425,5.0641,0.1216,False,True
w209287645,Хомутяновка,улица Бородина,78,3,28.2,5.0325,5.18,0.1475,False,True
w209287674,Хомутяновка,улица Бородина,80,3,34.0,4.9755,5.1652,0.1897,False,True
w209287638,Хомутяновка,улица Бородина,82,3,24.6,4.9755,5.1502,0.1747,False,True
w209287699,Хомутяновка,улица Бородина,84,3,21.7,4.9755,5.1367,0.1612,False,True
w318051676,Борисовка,улица Гастелло,1,2,16.7,3.8652,4.2329,0.3677,False,True
w318051675,Борисовка,улица Гастелло,2,2,42.8,3.7985,4.2618,0.4633,True,True
w318051677,Борисовка,улица Гастелло,3,2,32.2,3.8652,4.2483,0.3831,False,True
w318051682,Борисовка,улица Гастелло,4,2,47.7,3.7985,4.2785,0.48,True,True
w318051680,Борисовка,улица Гастелло,5,2,44.5,3.8652,4.2633,0.3981,True,True
w318051685,Борисовка,улица Гастелло,6,2,55.4,3.7985,4.2925,0.494,True,True
w318051681,Борисовка,улица Гастелло,7,2,60.2,3.8652,4.2796,0.4144,True,True
w318051687,Борисовка,улица Гастелло,8,2,67.0,3.7985,4.3068,0.5083,True,True
w318051683,Борисовка,улица Гастелло,9,2,74.0,3.8652,4.2935,0.4283,True,True
w318051690,Борисовка,улица Гастелло,10,2,58.9,3.717,4.3224,0.6054,True,True
w318051686,Борисовка,улица Гастелло,11,2,79.5,4.131,4.3087,0.1777,False,True
w318057739,Борисовка,улица Гастелло,12,2,63.6,3.717,4.3351,0.6181,True,True
w318051691,Борисовка,улица Гастелло,13,2,78.7,4.131,4.3226,0.1916,False,True
w318057740,Борисовка,улица Гастелло,14,2,52.9,4.1177,4.3532,0.2355,False,True
w318051694,Борисовка,улица Гастелло,15,2,75.1,4.131,4.3375,0.2065,False,True
w318057742,Борисовка,улица Гастелло,16,2,45.0,4.1177,4.3652,0.2475,False,True
w318057744,Борисовка,улица Гастелло,17,2,73.1,4.0691,4.354,0.2849,False,True
w318057743,Борисовка,улица Гастелло,18,2,33.9,4.1177,4.3809,0.2632,False,True
w318057745,Борисовка,улица Гастелло,19,2,62.7,4.0691,4.3664,0.2973,False,True
w318058440,Борисовка,улица Гастелло,21,2,45.6,4.0691,4.3825,0.3134,False,True
w318058441,Борисовка,улица Гастелло,23,3,20.3,4.0691,4.7035,0.6344,True,True
w222764128,Хомутяновка,улица Георге Асаке,8,2,75.5,2.313,2.4511,0.1381,False,True
n2322107957,Борисовка,улица Герцена,1,4,62.6,4.3161,6.6465,2.3304,True,True
w319226856,Борисовка,улица Герцена,2,4,34.9,4.3161,6.7108,2.3947,True,True
w319226855,Борисовка,улица Герцена,4,4,45.8,4.3161,6.7225,2.4064,True,True
w319226853,Борисовка,улица Герцена,6,4,62.0,4.3161,6.6484,2.3323,True,True
w319226848,Борисовка,улица Герцена,8,4,79.3,4.3161,6.6316,2.3155,True,True
w319226838,Борисовка,улица Герцена,9,4,109.6,4.3161,6.6001,2.284,True,True
n2322112853,Борисовка,улица Герцена,17,4,45.3,4.5423,6.5265,1.9842,True,True
n2337326463,Борисовка,улица Глядковской,1,3,23.5,4.155,4.495,0.34,False,True
n2337326464,Борисовка,улица Глядковской,3,2,0.4,4.0685,4.425,0.3565,False,True
n2337326466,Борисовка,улица Глядковской,7,2,22.7,3.8562,4.2318,0.3756,False,True
w297047597,Борисовка,улица Глядковской,7,2,78.9,3.8562,4.2184,0.3622,False,True
w316026073,Борисовка,улица Глядковской,7,2,45.3,3.9816,4.3348,0.3532,False,True
w316026076,Борисовка,улица Глядковской,7,2,10.7,3.8562,4.2045,0.3483,False,True
w306219481,Борисовка,улица Глядковской,7а,2,62.8,3.9075,4.2505,0.343,False,True
w223680351,Борисовка,улица Глядковской,9,2,78.7,3.9943,4.1264,0.1321,False,True
w223680911,Борисовка,улица Глядковской,9а,2,60.7,3.8562,4.1541,0.2979,False,True
w316026074,Борисовка,улица Глядковской,9б,2,52.6,3.9943,4.3503,0.356,False,True
w223680282,Борисовка,улица Глядковской,11,2,44.4,3.6929,4.0874,0.3945,True,True
w306219488,Борисовка,улица Глядковской,12а,2,18.9,3.6549,4.0189,0.364,False,True
w306219489,Борисовка,улица Глядковской,14,2,22.4,3.6549,3.9968,0.3419,False,True
w317149178,Хомутяновка,улица Гоголя,1,4,26.3,5.1161,6.1953,1.0792,True,True
w318070643,Хомутяновка,улица Гоголя,2,4,50.7,5.1197,6.2273,1.1076,True,True
w317149177,Хомутяновка,улица Гоголя,3,4,39.5,5.1197,6.2129,1.0932,True,True
w318070647,Хомутяновка,улица Гоголя,4,3,64.3,5.2166,5.8883,0.6717,True,True
w317149174,Хомутяновка,улица Гоголя,5,4,57.0,5.1197,6.2301,1.1104,True,True
w318070648,Хомутяновка,улица Гоголя,6,3,60.0,5.2166,5.8739,0.6573,True,True
w317149169,Хомутяновка,улица Гоголя,7,3,69.6,5.1197,5.8871,0.7674,True,True
w318070642,Хомутяновка,улица Гоголя,8,3,57.4,5.2166,5.8573,0.6407,True,True
w317149168,Хомутяновка,улица Гоголя,9,3,72.4,5.2698,5.8724,0.6026,True,True
w318070638,Хомутяновка,улица Гоголя,10,3,47.7,5.2698,5.843,0.5732,True,True
w317149167,Хомутяновка,улица Гоголя,11,3,58.0,5.2698,5.8573,0.5875,True,True
w317149166,Хомутяновка,улица Гоголя,13,3,42.1,5.2698,5.8407,0.5709,True,True
w318070633,Хомутяновка,улица Гоголя,14,3,16.7,5.2698,5.8169,0.5471,True,True
w318070632,Хомутяновка,улица Гоголя,16,3,33.3,5.2698,5.7666,0.4968,False,True
w318070628,Хомутяновка,улица Гоголя,18,3,49.4,5.2698,5.7502,0.4804,False,True
w317051479,Хомутяновка,улица Гоголя,19,3,38.2,5.2698,5.7649,0.4951,False,True
w318070625,Хомутяновка,улица Гоголя,20,3,65.7,5.2698,5.7338,0.464,False,True
w317051473,Хомутяновка,улица Гоголя,21,3,51.9,5.2698,5.7501,0.4803,False,True
w317149194,Хомутяновка,улица Гоголя,22,3,66.2,5.4167,5.7168,0.3001,False,True
w317051468,Хомутяновка,улица Гоголя,23,3,68.3,5.2698,5.7331,0.4633,False,True
w317149190,Хомутяновка,улица Гоголя,24,3,51.5,5.4167,5.7016,0.2849,False,True
w317051471,Хомутяновка,улица Гоголя,25,3,76.8,5.4167,5.7184,0.3017,False,True
w317149187,Хомутяновка,улица Гоголя,26,3,37.0,5.4167,5.6872,0.2705,False,True
w317051463,Хомутяновка,улица Гоголя,27,3,53.1,5.4167,5.7015,0.2848,False,True
w317051459,Хомутяновка,улица Гоголя,29,3,38.3,5.4167,5.6847,0.268,False,True
w316785294,Хомутяновка,улица Гоголя,32,3,29.1,5.4167,5.6784,0.2617,False,True
w316759508,Хомутяновка,улица Гоголя,34,3,45.6,5.4167,5.6101,0.1934,False,True
w316785291,Хомутяновка,улица Гоголя,35,3,35.9,5.4167,5.6815,0.2648,False,True
w316759464,Хомутяновка,улица Гоголя,36,3,60.1,5.4167,5.5951,0.1784,False,True
w316785290,Хомутяновка,улица Гоголя,37,3,53.8,5.4167,5.6055,0.1888,False,True
w316759219,Хомутяновка,улица Гоголя,38,3,71.9,5.33,5.5735,0.2435,False,True
w316759038,Хомутяновка,улица Гоголя,39,3,65.3,5.4167,5.5916,0.1749,False,True
w316759216,Хомутяновка,улица Гоголя,40,3,56.4,5.33,5.5602,0.2302,False,True
w316758839,Хомутяновка,улица Гоголя,41,3,74.2,5.33,5.5773,0.2473,False,True
w316759045,Хомутяновка,улица Гоголя,42,3,41.3,5.33,5.5425,0.2125,False,True
w316758835,Хомутяновка,улица Гоголя,43,3,61.5,5.33,5.5626,0.2326,False,True
w316759046,Хомутяновка,улица Гоголя,44,3,20.8,5.33,5.5221,0.1921,False,True
w316665821,Хомутяновка,улица Гоголя,45,3,40.5,5.33,5.5417,0.2117,False,True
w315618168,Хомутяновка,улица Гоголя,46,3,21.3,5.33,5.5226,0.1926,False,True
w315618169,Хомутяновка,улица Гоголя,48,3,38.7,5.33,5.5406,0.2106,False,True
w315618156,Хомутяновка,улица Гоголя,49,3,26.0,5.33,5.5238,0.1938,False,True
w315807232,Хомутяновка,улица Гоголя,50,3,55.4,5.33,5.4507,0.1207,False,True
w315618162,Хомутяновка,улица Гоголя,51,3,39.9,5.33,5.5415,0.2115,False,True
w315851303,Хомутяновка,улица Гоголя,52,3,71.8,5.33,5.4331,0.1031,False,True
w315618163,Хомутяновка,улица Гоголя,53,3,56.4,5.33,5.4509,0.1209,False,True
w315851304,Хомутяновка,улица Гоголя,54,3,89.8,5.33,5.4157,0.0857,False,True
w315618164,Хомутяновка,улица Гоголя,55,3,69.4,5.33,5.4364,0.1064,False,True
w315851301,Хомутяновка,улица Гоголя,56,3,88.5,5.1393,5.3995,0.2602,False,True
w315618152,Хомутяновка,улица Гоголя,57,3,88.5,5.33,5.4167,0.0867,False,True
w315851305,Хомутяновка,улица Гоголя,58,3,74.0,5.1393,5.3841,0.2448,False,True
w315618153,Хомутяновка,улица Гоголя,59,3,90.2,5.1393,5.3969,0.2576,False,True
w315851312,Хомутяновка,улица Гоголя,60,3,54.0,5.1393,5.3646,0.2253,False,True
w315618151,Хомутяновка,улица Гоголя,61,3,70.5,5.1393,5.3819,0.2426,False,True
w315851314,Хомутяновка,улица Гоголя,62,3,34.3,5.1393,5.3445,0.2052,False,True
w315618136,Хомутяновка,улица Гоголя,63,3,53.0,5.1393,5.363,0.2237,False,True
w315618134,Хомутяновка,улица Гоголя,65,3,40.9,5.1393,5.347,0.2077,False,True
w315807206,Хомутяновка,улица Гоголя,68,3,28.3,5.2084,5.3568,0.1484,False,True
w315425228,Хомутяновка,улица Гоголя,69,3,24.7,5.2084,5.3609,0.1525,False,True
w315807207,Хомутяновка,улица Гоголя,70,3,16.7,5.2084,5.3687,0.1603,False,True
w315425242,Хомутяновка,улица Гоголя,73,3,15.3,5.2084,5.3754,0.167,False,True
w211496773,Хомутяновка,улица Дзержинского,12,1,65.9,1.5562,1.4457,-0.1105,False,True
w291423975,Хомутяновка,улица Дзержинского,36,1,67.2,1.2812,1.2239,-0.0573,False,True
w291423977,Хомутяновка,улица Дзержинского,38,1,88.7,1.2812,1.2567,-0.0245,False,True
w290851735,Хомутяновка,улица Дзержинского,42,1,72.5,1.3674,1.3203,-0.0471,False,True
w290851733,Хомутяновка,улица Дзержинского,42A,1,89.2,1.5242,1.2967,-0.2275,False,True
w222767138,Хомутяновка,улица Дзержинского,46,1,72.9,1.5914,1.507,-0.0844,False,True
w209416057,Хомутяновка,улица Добродеева,1,3,45.0,4.6685,4.8947,0.2262,False,True
w315425259,Хомутяновка,улица Добродеева,2,3,42.7,4.9761,5.1058,0.1297,False,True
w209416077,Хомутяновка,улица Добродеева,3,3,43.1,4.7854,4.9091,0.1237,False,True
w318083426,Хомутяновка,улица Добродеева,4,3,20.6,5.0741,5.3125,0.2384,False,True
w209416021,Хомутяновка,улица Добродеева,5,3,29.8,4.7854,4.9236,0.1382,False,True
w209416026,Хомутяновка,улица Добродеева,7,3,20.1,4.7854,4.9363,0.1509,False,True
w209416056,Хомутяновка,улица Добродеева,9,3,15.5,4.7854,4.9503,0.1649,False,True
w209416015,Хомутяновка,улица Добродеева,11,3,21.5,4.7854,4.9644,0.179,False,True
w209416050,Хомутяновка,улица Добродеева,13,3,32.7,4.7854,4.9788,0.1934,False,True
w209416072,Хомутяновка,улица Добродеева,15,3,44.2,4.7854,4.9915,0.2061,False,True
w209416033,Хомутяновка,улица Добродеева,17,3,46.2,4.8803,5.0049,0.1246,False,True
w209416059,Хомутяновка,улица Добродеева,19,3,34.3,4.8803,5.0161,0.1358,False,True
w318044640,Хомутяновка,улица Добродеева,21,3,45.3,4.8803,5.0927,0.2124,False,True
w318044639,Хомутяновка,улица Добродеева,23,3,39.6,4.9761,5.1071,0.131,False,True
w318044638,Хомутяновка,улица Добродеева,25,3,26.2,4.9761,5.1219,0.1458,False,True
w318044637,Хомутяновка,улица Добродеева,27,3,17.1,4.9761,5.135,0.1589,False,True
w318044635,Хомутяновка,улица Добродеева,29,3,13.2,4.9761,5.1498,0.1737,False,True
w318044453,Хомутяновка,улица Добродеева,31,3,23.2,4.9761,5.165,0.1889,False,True
w318043422,Хомутяновка,улица Добродеева,33,3,45.1,5.0524,5.1921,0.1397,False,True
n2321855336,Хомутяновка,улица Добродеева,35,3,35.8,5.0524,5.2635,0.2111,False,True
n2321855335,Хомутяновка,улица Добродеева,37,3,21.1,5.0491,5.3275,0.2784,False,True
w318043420,Хомутяновка,улица Добродеева,59,3,22.4,5.0524,5.2514,0.199,False,True
w315108367,Хомутяновка,улица Добродеева,79,3,45.0,4.8803,5.0153,0.135,False,True
n4397874158,Хомутяновка,улица Добродеева,79а,3,25.3,4.7854,4.9258,0.1404,False,True
w315108368,Хомутяновка,улица Добродеева,81,3,24.8,4.8803,5.0273,0.147,False,True
w315193134,Хомутяновка,улица Добродеева,82,3,26.6,4.8803,5.0694,0.1891,False,True
w302074725,Хомутяновка,улица Добродеева,84,3,24.7,4.8803,5.0706,0.1903,False,True
w209416052,Хомутяновка,улица Добродеева,116,3,47.0,4.772,4.8939,0.1219,False,True
w209416051,Хомутяновка,улица Добродеева,118,3,34.7,4.6862,4.8776,0.1914,False,True
w209416089,Хомутяновка,улица Добродеева,120,3,22.0,4.6862,4.8706,0.1844,False,True
n4162783497,Хомутяновка,улица Добродеева,122,3,11.8,4.6685,4.833,0.1645,False,True
w209416036,Хомутяновка,улица Добродеева,122,3,21.5,4.6685,4.8708,0.2023,False,True
w315618365,Хомутяновка,улица Добродеева,124,3,25.6,4.6685,4.8178,0.1493,False,True
n2325366582,Борисовка,улица Зои Космодемьянской,1,2,38.2,3.6158,3.9373,0.3215,False,True
w319141456,Борисовка,улица Зои Космодемьянской,4,2,33.4,3.4437,3.7897,0.346,True,True
w165763748,Борисовка,улица Зои Космодемьянской,6,2,44.6,3.4132,3.7123,0.2991,False,True
w116073008,Борисовка,улица Зои Космодемьянской,8-Б,2,62.2,3.5849,4.0216,0.4367,True,True
w165763747,Борисовка,улица Зои Космодемьянской,8а,2,66.5,3.5849,3.8837,0.2988,False,True
w321410561,Борисовка,улица Зои Космодемьянской,10/1,2,9.6,3.8323,4.1483,0.316,False,True
w165763743,Борисовка,улица Зои Космодемьянской,14,2,35.5,3.8166,4.2359,0.4193,True,True
w91848279,Борисовка,улица Зои Космодемьянской,16,2,19.4,4.0424,4.3748,0.3324,False,True
w91848271,Борисовка,улица Зои Космодемьянской,18,2,36.5,4.0754,4.4206,0.3452,False,True
w317148284,Борисовка,улица Зои Космодемьянской,29,2,28.7,3.6158,3.9461,0.3303,False,True
w165765812,Борисовка,улица Зои Космодемьянской,39,2,52.9,3.9099,4.4158,0.5059,True,True
w91848285,Борисовка,улица Зои Космодемьянской,41,2,25.5,4.0299,4.3727,0.3428,False,True
w91848293,Борисовка,улица Зои Космодемьянской,43,2,21.9,4.0299,4.4097,0.3798,False,True
w319141430,Борисовка,улица Зои Космодемьянской,53,2,31.7,3.5352,3.8235,0.2883,False,True
w317484800,Борисовка,улица Ивана Федько,2,2,26.6,3.9984,4.3742,0.3758,False,True
w316027892,Борисовка,улица Ивана Федько,3,2,19.2,3.9984,4.3578,0.3594,False,True
w317484802,Борисовка,улица Ивана Федько,4,2,37.9,3.9984,4.3888,0.3904,False,True
w316027893,Борисовка,улица Ивана Федько,5,2,24.3,3.9984,4.3729,0.3745,False,True
w317484803,Борисовка,улица Ивана Федько,6,2,52.1,3.9984,4.4034,0.405,True,True
w316027896,Борисовка,улица Ивана Федько,7,2,35.9,3.9984,4.3868,0.3884,False,True
w317484816,Борисовка,улица Ивана Федько,8,2,65.7,3.9984,4.4174,0.419,True,True
w317484798,Борисовка,улица Ивана Федько,9,2,49.9,3.9984,4.4017,0.4033,True,True
w318048547,Борисовка,улица Ивана Федько,10,2,54.1,4.131,4.4359,0.3049,False,True
w317484806,Борисовка,улица Ивана Федько,11,2,65.8,3.9984,4.4185,0.4201,True,True
w318048549,Борисовка,улица Ивана Федько,12,2,40.9,4.131,4.4502,0.3192,False,True
w317484807,Борисовка,улица Ивана Федько,13,2,53.8,4.131,4.4347,0.3037,False,True
w318048550,Борисовка,улица Ивана Федько,14,2,27.7,4.131,4.4646,0.3336,False,True
w317484810,Борисовка,улица Ивана Федько,15,2,44.5,4.131,4.4481,0.3171,False,True
w318048552,Борисовка,улица Ивана Федько,16,2,17.6,4.131,4.4794,0.3484,False,True
w318048553,Борисовка,улица Ивана Федько,18,3,19.3,4.131,4.7367,0.6057,True,True
n2325366600,Борисовка,улица Ивана Федько,19,2,25.2,4.131,4.4695,0.3385,False,True
w318048555,Борисовка,улица Ивана Федько,20,3,26.7,4.131,4.722,0.591,True,True
w318048554,Борисовка,улица Ивана Федько,22,3,42.3,4.131,4.7068,0.5758,True,True
w318051688,Борисовка,улица Ивана Федько,24,3,55.3,4.131,4.6909,0.5599,True,True
w318051689,Борисовка,улица Ивана Федько,26,3,69.0,4.131,4.6769,0.5459,True,True
w318058436,Борисовка,улица Ивана Федько,28,3,56.4,4.0691,4.6616,0.5925,True,True
w318058445,Борисовка,улица Ивана Федько,30,3,52.8,4.2229,4.6307,0.4078,False,True
w318058443,Борисовка,улица Ивана Федько,32,3,41.4,4.2229,4.6196,0.3967,False,True
w318184631,Борисовка,улица Ивана Федько,35,3,51.3,4.2229,4.6279,0.405,False,True
w318185748,Борисовка,улица Ивана Федько,37,3,34.8,4.2229,4.6106,0.3877,False,True
w318072352,Борисовка,улица Ивана Шимкова,1,4,20.9,4.384,6.4959,2.1119,True,True
n2322107940,Борисовка,улица Ивана Шимкова,2,4,42.0,4.4168,6.5154,2.0986,True,True
w318072351,Борисовка,улица Ивана Шимкова,3,4,33.5,4.384,6.5089,2.1249,True,True
w318072344,Борисовка,улица Ивана Шимкова,5,4,45.8,4.384,6.4298,2.0458,True,True
w318072345,Борисовка,улица Ивана Шимкова,7,4,62.3,4.384,6.4141,2.0301,True,True
w318072346,Борисовка,улица Ивана Шимкова,9,4,77.3,4.384,6.399,2.015,True,True
w209267184,Борисовка,улица Ивана Шимкова,10,4,48.6,4.3167,6.3128,1.9961,True,True
w318072347,Борисовка,улица Ивана Шимкова,11,4,81.6,4.3222,6.3838,2.0616,True,True
w318072358,Борисовка,улица Ивана Шимкова,13,4,65.3,4.5126,6.3582,1.8456,True,True
w318071345,Борисовка,улица Ивана Шимкова,14,4,38.8,4.3222,6.288,1.9658,True,True
w318071364,Борисовка,улица Ивана Шимкова,15,4,45.6,4.5126,6.3399,1.8273,True,True
w318071363,Борисовка,улица Ивана Шимкова,17,4,32.7,4.5126,6.3275,1.8149,True,True
n2322107942,Борисовка,улица Ивана Шимкова,22,4,32.1,4.5126,6.3255,1.8129,True,True
w318071348,Борисовка,улица Ивана Шимкова,23,4,32.1,4.5126,6.2752,1.7626,True,True
w318071349,Борисовка,улица Ивана Шимкова,25,4,24.7,4.5696,6.2637,1.6941,True,True
w318072382,Борисовка,улица Ивана Шимкова,26,4,30.5,4.5126,6.2755,1.7629,True,True
w317055545,Борисовка,улица Ивана Шимкова,27,4,19.4,4.5696,6.229,1.6594,True,True
n6428859910,Борисовка,улица Ивана Шимкова,27А,4,28.3,4.5696,6.2193,1.6497,True,True
w318072377,Борисовка,улица Ивана Шимкова,28,4,20.7,4.5696,6.2617,1.6921,True,True
w317055544,Борисовка,улица Ивана Шимкова,29,4,32.9,4.5696,6.2726,1.703,True,True
w318072372,Борисовка,улица Ивана Шимкова,30,4,15.7,4.5696,6.2567,1.6871,True,True
w317055542,Борисовка,улица Ивана Шимкова,31,4,45.1,4.5696,6.2018,1.6322,True,True
w318072374,Борисовка,улица Ивана Шимкова,32,4,28.8,4.5696,6.2715,1.7019,True,True
w317055540,Борисовка,улица Ивана Шимкова,33,4,59.3,4.5696,6.1871,1.6175,True,True
w209267129,Борисовка,улица Ивана Шимкова,34,3,20.7,4.4986,6.1141,1.6155,True,True
w318090588,Борисовка,улица Ивана Шимкова,34,3,42.0,4.5696,6.2031,1.6335,True,True
w317055538,Борисовка,улица Ивана Шимкова,35,4,72.7,4.5696,6.173,1.6034,True,True
w209267147,Борисовка,улица Ивана Шимкова,36,3,24.5,4.4986,6.099,1.6004,True,True
w318090593,Борисовка,улица Ивана Шимкова,36,3,68.3,4.7334,6.1773,1.4439,True,True
w317055533,Борисовка,улица Ивана Шимкова,37,4,78.0,4.7322,6.1569,1.4247,True,True
w209267171,Борисовка,улица Ивана Шимкова,38,3,34.9,4.4986,6.0841,1.5855,True,True
w318090587,Борисовка,улица Ивана Шимкова,38,3,72.2,4.5696,6.1722,1.6026,True,True
w317055528,Борисовка,улица Ивана Шимкова,39,4,65.8,4.7322,6.1444,1.4122,True,True
w209267138,Борисовка,улица Ивана Шимкова,40,3,24.7,4.5559,6.069,1.5131,True,True
w318090586,Борисовка,улица Ивана Шимкова,40,3,77.9,4.7322,6.1581,1.4259,True,True
w317055532,Борисовка,улица Ивана Шимкова,41,4,46.4,4.7322,6.1237,1.3915,True,True
w318090584,Борисовка,улица Ивана Шимкова,42,4,63.1,4.7322,6.1432,1.411,True,True
w318090583,Борисовка,улица Ивана Шимкова,44,4,47.9,4.7599,6.1281,1.3682,True,True
w318090582,Борисовка,улица Ивана Шимкова,46,3,32.7,4.7322,6.1122,1.38,True,True
w318090581,Борисовка,улица Ивана Шимкова,48,3,21.3,4.7322,6.0973,1.3651,True,True
w209273592,Борисовка,улица Ивана Шимкова,50,4,17.9,4.7679,6.1494,1.3815,True,True
w209273608,Борисовка,улица Ивана Шимкова,50б,3,26.5,4.8003,6.0206,1.2203,True,True
w209273575,Хомутяновка,улица Ивана Шимкова,52,3,19.1,4.8338,5.9985,1.1647,True,True
w224943526,Хомутяновка,улица Ивана Шимкова,52а,3,21.6,4.8189,6.0217,1.2028,True,True
w103992856,Борисовка,улица Интернационалистов,2,4,27.4,5.5862,6.7697,1.1835,True,True
w103992874,Борисовка,улица Интернационалистов,2,4,18.0,5.6574,6.8053,1.1479,True,True
w103992827,Борисовка,улица Интернационалистов,4,4,17.8,5.5862,6.8492,1.263,True,True
w222986042,Борисовка,улица Интернационалистов,4,4,19.4,5.6749,6.8206,1.1457,True,True
w209273570,Хомутяновка,улица Интернационалистов,5,4,15.0,6.0842,7.2531,1.1689,True,True
w209273565,Хомутяновка,улица Интернационалистов,7,4,23.6,6.1033,7.1343,1.031,True,True
w103992714,Борисовка,улица Интернационалистов,8,4,17.8,5.731,6.9051,1.1741,True,True
w209273568,Хомутяновка,улица Интернационалистов,9,4,17.3,6.1613,7.3109,1.1496,True,True
w103992745,Борисовка,улица Интернационалистов,10,4,15.7,5.731,6.8801,1.1491,True,True
w209273567,Хомутяновка,улица Интернационалистов,11,4,12.1,6.0146,7.1755,1.1609,True,True
w91850356,Хомутяновка,улица Интернационалистов,13,4,26.3,6.1168,7.2609,1.1441,True,True
w222986064,Хомутяновка,улица Интернационалистов,13а,4,22.5,6.1733,6.6682,0.4949,False,True
w442395876,Хомутяновка,улица Интернационалистов,13б,4,28.0,6.1185,6.6479,0.5294,False,True
w91850336,Хомутяновка,улица Интернационалистов,15,4,19.5,6.1354,6.3696,0.2342,False,True
w222986044,Борисовка,улица Интернационалистов,25,4,26.0,5.7693,6.9296,1.1603,True,True
w319366971,Хомутяновка,улица Калашникова,3,3,18.7,4.4396,4.6192,0.1796,False,True
w302067676,Хомутяновка,улица Калашникова,4,3,49.2,4.4465,4.6623,0.2158,False,True
w319366972,Хомутяновка,улица Калашникова,5,3,35.9,4.4396,4.6381,0.1985,False,True
w302067678,Хомутяновка,улица Калашникова,6,3,21.4,4.5569,4.7323,0.1754,False,True
w209287670,Хомутяновка,улица Калашникова,6а,3,14.8,4.6295,4.7858,0.1563,False,True
w319366973,Хомутяновка,улица Калашникова,7,3,46.0,4.4396,4.6489,0.2093,False,True
n2330549402,Хомутяновка,улица Калашникова,8,3,40.2,4.7086,4.8956,0.187,False,True
w319366997,Хомутяновка,улица Калашникова,8,3,48.0,4.8112,4.9323,0.1211,False,True
w319366974,Хомутяновка,улица Калашникова,9,3,56.9,4.4396,4.6602,0.2206,False,True
w319366975,Хомутяновка,улица Калашникова,11,3,46.0,4.5569,4.6772,0.1203,False,True
w320437630,Хомутяновка,улица Калашникова,12,3,41.3,4.874,5.0328,0.1588,False,True
w319366977,Хомутяновка,улица Калашникова,13,3,32.8,4.5569,4.6907,0.1338,False,True
w320437642,Хомутяновка,улица Калашникова,14а,3,68.7,4.874,5.5804,0.7064,True,True
w757835185,Хомутяновка,улица Калашникова,15,3,22.3,4.5569,4.7093,0.1524,False,True
w320342794,Хомутяновка,улица Калашникова,17,3,18.5,4.5569,4.7321,0.1752,False,True
w320342787,Хомутяновка,улица Калашникова,19,3,40.0,4.5569,4.7426,0.1857,False,True
w320342632,Хомутяновка,улица Калашникова,21,3,20.1,4.6422,4.7974,0.1552,False,True
n2330549398,Хомутяновка,улица Калашникова,22,3,6.2,4.9982,5.4833,0.4851,False,True
w319370825,Хомутяновка,улица Калашникова,23,3,20.4,4.6732,4.8246,0.1514,False,True
w209287695,Хомутяновка,улица Калашникова,25,3,18.1,4.6162,4.7956,0.1794,False,True
w319370824,Хомутяновка,улица Калашникова,25,3,16.7,4.6732,4.8399,0.1667,False,True
w319370823,Хомутяновка,улица Калашникова,29,3,32.5,4.6732,4.8629,0.1897,False,True
w319370821,Хомутяновка,улица Калашникова,31,3,44.1,4.6732,4.8789,0.2057,False,True
w319370820,Хомутяновка,улица Калашникова,33,3,57.7,4.7086,4.8961,0.1875,False,True
w319367003,Хомутяновка,улица Калашникова,35,3,56.7,4.8112,4.9231,0.1119,False,True
w319366999,Хомутяновка,улица Калашникова,37,3,40.7,4.8112,4.9391,0.1279,False,True
w297019345,Хомутяновка,улица Калашникова,39,3,24.3,4.8112,4.9581,0.1469,False,True
w297019344,Хомутяновка,улица Калашникова,41,3,16.0,4.8112,5.0014,0.1902,False,True
w320438933,Хомутяновка,улица Калашникова,43,3,27.7,4.8218,5.0082,0.1864,False,True
n2337889960,Хомутяновка,улица Калашникова,44,4,32.9,5.6736,6.1033,0.4297,False,True
w320438935,Хомутяновка,улица Калашникова,45,3,41.9,4.8218,5.026,0.2042,False,True
w352285811,Хомутяновка,улица Калашникова,46,4,42.0,5.5712,6.0401,0.4689,False,True
w320438940,Хомутяновка,улица Калашникова,47,3,61.3,4.8218,5.046,0.2242,False,True
w352285810,Хомутяновка,улица Калашникова,48,4,57.5,5.5712,6.0548,0.4836,False,True
w320438942,Хомутяновка,улица Калашникова,49,3,71.0,4.8218,5.5935,0.7717,True,True
w352285809,Хомутяновка,улица Калашникова,50,4,47.8,5.6382,6.0786,0.4404,False,True
w320438943,Хомутяновка,улица Калашникова,53,3,72.0,4.9459,5.5674,0.6215,True,True
w352285807,Хомутяновка,улица Калашникова,54,4,47.7,5.6382,6.0963,0.4581,False,True
w484497586,Хомутяновка,улица Калашникова,55,3,71.1,4.9982,5.5567,0.5585,True,True
w352285806,Хомутяновка,улица Калашникова,56,4,47.5,5.6382,6.1101,0.4719,False,True
w320438948,Хомутяновка,улица Калашникова,57,3,51.8,4.9982,5.5363,0.5381,True,True
w352285804,Хомутяновка,улица Калашникова,58,4,54.1,5.6382,6.1239,0.4857,False,True
w352285589,Хомутяновка,улица Калашникова,60,4,61.4,5.6382,6.1373,0.4991,False,True
w352285588,Хомутяновка,улица Калашникова,62,4,59.8,5.7807,6.1535,0.3728,False,True
w352285587,Хомутяновка,улица Калашникова,64,4,46.1,5.7807,6.1678,0.3871,False,True
w352285586,Хомутяновка,улица Калашникова,66,4,38.7,5.7807,6.1791,0.3984,False,True
w352285585,Хомутяновка,улица Калашникова,68,4,28.1,5.7807,6.3229,0.5422,False,True
w352285583,Хомутяновка,улица Калашникова,70,4,20.7,5.7807,6.3064,0.5257,False,True
w352285582,Хомутяновка,улица Калашникова,72,4,21.4,5.8082,6.29,0.4818,False,True
w318071326,Борисовка,улица Клары Цеткин,3,2,35.7,3.7985,4.1248,0.3263,False,True
w223691986,Борисовка,улица Клары Цеткин,4,2,12.9,3.9785,4.3331,0.3546,False,True
w318071327,Борисовка,улица Клары Цеткин,5,2,38.2,3.717,4.0998,0.3828,True,True
w318071331,Борисовка,улица Клары Цеткин,5,2,29.5,3.6929,4.0747,0.3818,True,True
w223681291,Борисовка,улица Клары Цеткин,6,2,26.5,3.9138,4.2604,0.3466,False,True
w223681143,Борисовка,улица Клары Цеткин,8,2,19.0,3.9943,4.3467,0.3524,False,True
w223681290,Борисовка,улица Клары Цеткин,8а,2,18.6,3.9138,4.2602,0.3464,False,True
w223681142,Борисовка,улица Клары Цеткин,10,2,20.3,3.7985,4.1401,0.3416,False,True
w306219472,Борисовка,улица Клары Цеткин,10/5,2,21.0,3.8716,4.2409,0.3693,False,True
w336800599,Борисовка,улица Клары Цеткин,10/6,2,13.2,3.8716,4.2277,0.3561,False,True
w223680912,Борисовка,улица Клары Цеткин,12,2,42.8,3.7985,4.1158,0.3173,False,True
w306219464,Борисовка,улица Клары Цеткин,30,2,18.2,3.8228,4.193,0.3702,False,True
w224340921,Борисовка,улица Клары Цеткин,32,2,78.0,3.8716,4.2277,0.3561,False,True
n2334331724,Борисовка,улица Клары Цеткин,56,2,19.3,4.0835,4.4341,0.3506,False,True
w326811190,Хомутяновка,улица Кошевого,1,4,54.5,5.6542,6.0415,0.3873,False,True
w352064501,Хомутяновка,улица Кошевого,1а,4,65.2,5.6916,6.0135,0.3219,False,True
w352265841,Хомутяновка,улица Кошевого,3,4,17.8,5.6542,6.1056,0.4514,False,True
w352111443,Хомутяновка,улица Кошевого,4,4,20.8,5.6916,5.9412,0.2496,False,True
w352265843,Хомутяновка,улица Кошевого,5,4,32.6,5.6542,6.1209,0.4667,False,True
w352111440,Хомутяновка,улица Кошевого,6,4,25.7,5.6916,5.9684,0.2768,False,True
w352265844,Хомутяновка,улица Кошевого,7,4,27.2,5.5839,6.0385,0.4546,False,True
w352111439,Хомутяновка,улица Кошевого,8,4,38.7,5.6916,5.9848,0.2932,False,True
w352265846,Хомутяновка,улица Кошевого,9,4,20.7,5.5839,6.0259,0.442,False,True
w352111438,Хомутяновка,улица Кошевого,10,4,62.2,5.6916,6.0065,0.3149,False,True
w352111436,Хомутяновка,улица Кошевого,10а,4,59.4,5.6542,6.0357,0.3815,False,True
w326811191,Хомутяновка,улица Кошевого,14,4,20.2,5.6542,6.0778,0.4236,False,True
w352265852,Хомутяновка,улица Кошевого,14,4,37.0,5.6542,6.0511,0.3969,False,True
w352265853,Хомутяновка,улица Кошевого,16,4,25.9,5.5839,6.0317,0.4478,False,True
w352326939,Хомутяновка,улица Кошевого,38,4,19.3,5.6224,6.0665,0.4441,False,True
n2337889966,Хомутяновка,улица Кошевого,42,4,24.8,5.5446,5.9944,0.4498,False,True
w644316162,Хомутяновка,улица Крянгэ,1,3,19.8,5.1877,5.3403,0.1526,False,True
w318083428,Хомутяновка,улица Крянгэ,6,3,28.4,5.0741,5.3158,0.2417,False,True
w318084710,Хомутяновка,улица Крянгэ,7,3,44.8,5.3134,5.4947,0.1813,False,True
w318083432,Хомутяновка,улица Крянгэ,8,3,39.2,5.0741,5.3312,0.2571,False,True
w318083433,Хомутяновка,улица Крянгэ,10,3,48.1,5.1911,5.3482,0.1571,False,True
w318083442,Хомутяновка,улица Крянгэ,12,3,49.3,5.1868,5.3655,0.1787,False,True
w209273571,Хомутяновка,улица Крянгэ,13,3,21.1,5.4858,5.6992,0.2134,False,True
w318083440,Хомутяновка,улица Крянгэ,14,3,34.9,5.1868,5.38,0.1932,False,True
w91850334,Хомутяновка,улица Крянгэ,15,3,14.8,5.4736,5.704,0.2304,False,True
w91850362,Хомутяновка,улица Крянгэ,17,3,37.3,5.46,5.7469,0.2869,False,True
w319132158,Хомутяновка,улица Крянгэ,20,3,23.2,5.2069,5.4443,0.2374,False,True
w319133046,Хомутяновка,улица Крянгэ,22,3,37.1,5.2069,5.4611,0.2542,False,True
w319133048,Хомутяновка,улица Крянгэ,24,3,53.5,5.2069,5.4795,0.2726,False,True
w319133053,Хомутяновка,улица Крянгэ,34,3,36.8,5.3134,5.5671,0.2537,False,True
w319133052,Хомутяновка,улица Крянгэ,36,3,42.6,5.3932,5.5824,0.1892,False,True
w209273634,Хомутяновка,улица Крянгэ,40,3,16.4,5.5395,5.75,0.2105,False,True
w209273591,Хомутяновка,улица Крянгэ,42,3,27.3,5.5007,5.7069,0.2062,False,True
w209273619,Хомутяновка,улица Крянгэ,44,4,16.7,5.612,5.9673,0.3553,False,True
w320344001,Хомутяновка,улица Куйбышева,1,3,18.9,4.5276,4.6871,0.1595,False,True
w320343106,Хомутяновка,улица Куйбышева,2,3,23.8,4.5276,4.6771,0.1495,False,True
w320343105,Хомутяновка,улица Куйбышева,4,3,21.4,4.5276,4.6947,0.1671,False,True
w352284839,Хомутяновка,улица Куйбышева,5,3,35.9,4.5542,4.7525,0.1983,False,True
w320342800,Хомутяновка,улица Куйбышева,6,3,17.7,4.5542,4.7121,0.1579,False,True
w352285308,Хомутяновка,улица Куйбышева,7,3,54.3,4.5542,4.7717,0.2175,False,True
w320342799,Хомутяновка,улица Куйбышева,8,3,22.7,4.5542,4.7255,0.1713,False,True
w352285307,Хомутяновка,улица Куйбышева,9,3,45.3,4.6684,4.7908,0.1224,False,True
w320342797,Хомутяновка,улица Куйбышева,10,3,36.6,4.5542,4.752,0.1978,False,True
w339300190,Хомутяновка,улица Куйбышева,11,3,26.9,4.6684,4.8128,0.1444,False,True
w320342789,Хомутяновка,улица Куйбышева,12,3,57.8,4.5542,4.7746,0.2204,False,True
w320437658,Хомутяновка,улица Куйбышева,13,3,23.8,4.6684,4.8353,0.1669,False,True
w320342793,Хомутяновка,улица Куйбышева,14,3,38.4,4.6684,4.7991,0.1307,False,True
n2330550601,Хомутяновка,улица Куйбышева,15,3,29.3,4.8561,4.9953,0.1392,False,True
w320438938,Хомутяновка,улица Куйбышева,15,3,21.9,4.6989,4.8526,0.1537,False,True
w320342791,Хомутяновка,улица Куйбышева,16,3,28.6,4.6684,4.8173,0.1489,False,True
w339300188,Хомутяновка,улица Куйбышева,17,3,25.7,4.6989,4.8689,0.17,False,True
w320342631,Хомутяновка,улица Куйбышева,18,3,34.7,4.6684,4.8459,0.1775,False,True
w352265866,Хомутяновка,улица Куйбышева,19,3,40.5,4.6989,4.8986,0.1997,False,True
w320342629,Хомутяновка,улица Куйбышева,20,3,27.3,4.6989,4.8689,0.17,False,True
w352265865,Хомутяновка,улица Куйбышева,21,3,61.7,4.6989,4.9244,0.2255,False,True
w320342628,Хомутяновка,улица Куйбышева,22,3,36.2,4.6989,4.8921,0.1932,False,True
w352265863,Хомутяновка,улица Куйбышева,23,3,76.9,4.8561,4.9459,0.0898,False,True
w320437619,Хомутяновка,улица Куйбышева,24,3,51.9,4.6989,4.9123,0.2134,False,True
w352162874,Хомутяновка,улица Куйбышева,25,3,59.0,4.8561,4.9648,0.1087,False,True
w320437620,Хомутяновка,улица Куйбышева,26,3,65.5,4.6989,4.9262,0.2273,False,True
w320440073,Хомутяновка,улица Куйбышева,27,3,37.8,4.8561,4.9863,0.1302,False,True
w320437622,Хомутяновка,улица Куйбышева,28,3,79.3,4.6989,4.9411,0.2422,False,True
w320440071,Хомутяновка,улица Куйбышева,29,3,21.8,4.8561,5.007,0.1509,False,True
w320437623,Хомутяновка,улица Куйбышева,30,3,65.8,4.8561,4.9581,0.102,False,True
w320440070,Хомутяновка,улица Куйбышева,31,3,27.4,4.8561,5.0202,0.1641,False,True
w320437626,Хомутяновка,улица Куйбышева,32,3,53.1,4.8561,4.9716,0.1155,False,True
w320440062,Хомутяновка,улица Куйбышева,33,3,29.5,4.8561,5.0466,0.1905,False,True
w666173093,Хомутяновка,улица Куйбышева,34,3,29.7,4.8561,4.9958,0.1397,False,True
w320440054,Хомутяновка,улица Куйбышева,35,3,47.4,4.8561,5.7085,0.8524,True,True
w320438936,Хомутяновка,улица Куйбышева,37,3,13.5,4.9459,5.6594,0.7135,True,True
w320440052,Хомутяновка,улица Куйбышева,37а,3,26.0,4.9459,5.6852,0.7393,True,True
w320440055,Хомутяновка,улица Куйбышева,39,3,20.1,4.9953,5.6272,0.6319,True,True
w320440057,Хомутяновка,улица Куйбышева,40,3,42.3,4.8561,5.06,0.2039,False,True
w320440053,Хомутяновка,улица Куйбышева,42,3,39.8,4.9459,5.6987,0.7528,True,True
w757869687,Хомутяновка,улица Куйбышева,44,3,19.9,4.9459,5.6735,0.7276,True,True
w757869686,Хомутяновка,улица Куйбышева,46,3,17.8,4.9459,5.6593,0.7134,True,True
w320439368,Хомутяновка,улица Куйбышева,48,3,22.2,4.9953,5.6302,0.6349,True,True
w320439372,Хомутяновка,улица Куйбышева,50,3,16.2,4.9953,5.6046,0.6093,True,True
w320439366,Хомутяновка,улица Куйбышева,51,3,46.4,4.9459,5.6755,0.7296,True,True
w320440063,Хомутяновка,улица Куйбышева,52,3,15.5,5.0613,5.5404,0.4791,False,True
w209273601,Хомутяновка,улица Лермонтова,2,3,21.0,5.612,5.9502,0.3382,False,True
w209273566,Хомутяновка,улица Лермонтова,4,3,15.3,5.5085,5.7899,0.2814,False,True
w318548554,Хомутяновка,улица Лермонтова,5,4,21.1,5.6327,5.9526,0.3199,False,True
w318548553,Хомутяновка,улица Лермонтова,7,3,19.7,5.565,5.9277,0.3627,False,True
w318548552,Хомутяновка,улица Лермонтова,9,3,31.7,5.565,5.9415,0.3765,False,True
w318548547,Хомутяновка,улица Лермонтова,11,3,40.3,5.4867,5.8079,0.3212,False,True
w318548540,Хомутяновка,улица Лермонтова,13,3,25.0,5.4867,5.7893,0.3026,False,True
w318548535,Хомутяновка,улица Лермонтова,15,3,16.2,5.4867,5.7735,0.2868,False,True
w318120119,Хомутяновка,улица Лермонтова,16,3,24.8,5.416,5.7199,0.3039,False,True
w318120125,Хомутяновка,улица Лермонтова,17,3,23.2,5.4867,5.7549,0.2682,False,True
n2321834521,Хомутяновка,улица Лермонтова,18,3,36.1,5.416,5.5622,0.1462,False,True
w318084698,Хомутяновка,улица Лермонтова,18,3,22.5,5.416,5.7204,0.3044,False,True
w318084696,Хомутяновка,улица Лермонтова,21,3,37.3,5.416,5.5608,0.1448,False,True
w318084704,Хомутяновка,улица Лермонтова,23,3,53.9,5.416,5.5427,0.1267,False,True
n4397874166,Хомутяновка,улица Лермонтова,24,3,69.6,5.416,5.5267,0.1107,False,True
w318084707,Хомутяновка,улица Лермонтова,25,3,73.9,5.416,5.5228,0.1068,False,True
w318084690,Хомутяновка,улица Лермонтова,29,3,103.9,5.416,5.4926,0.0766,False,True
w318084686,Хомутяновка,улица Лермонтова,31,3,87.5,5.2093,5.474,0.2647,False,True
w318083482,Хомутяновка,улица Лермонтова,33,3,69.8,5.2093,5.4566,0.2473,False,True
w318083475,Хомутяновка,улица Лермонтова,35,3,56.4,5.2093,5.4423,0.233,False,True
w318083469,Хомутяновка,улица Лермонтова,37,3,39.1,5.2093,5.424,0.2147,False,True
n2321834527,Хомутяновка,улица Лермонтова,38,3,29.1,5.2093,5.4143,0.205,False,True
n4919278864,Хомутяновка,улица Лермонтова,38а,3,25.2,4.9617,5.1612,0.1995,False,True
w318043413,Хомутяновка,улица Лермонтова,38а,3,41.9,4.9617,5.1753,0.2136,False,True
n2321834524,Хомутяновка,улица Лермонтова,39,3,34.7,5.2093,5.4197,0.2104,False,True
w318083466,Хомутяновка,улица Лермонтова,39,3,23.5,5.2093,5.4072,0.1979,False,True
n2321834534,Хомутяновка,улица Лермонтова,41,3,16.3,5.2093,5.3753,0.166,False,True
w317149370,Хомутяновка,улица Лермонтова,43,3,30.8,5.2093,5.3616,0.1523,False,True
w317149376,Хомутяновка,улица Лермонтова,45,3,43.2,5.2093,5.3479,0.1386,False,True
w318044883,Хомутяновка,улица Лермонтова,49,3,77.8,5.2093,5.3123,0.103,False,True
w318083425,Хомутяновка,улица Лермонтова,50,3,71.4,5.0524,5.3014,0.249,False,True
w318044882,Хомутяновка,улица Лермонтова,51,3,65.8,5.0524,5.2943,0.2419,False,True
n2321855312,Хомутяновка,улица Лермонтова,56,3,33.0,5.0524,5.2012,0.1488,False,True
n2321855313,Хомутяновка,улица Лермонтова,60,3,19.8,4.9399,5.1595,0.2196,False,True
w528507074,Хомутяновка,улица Ломоносова,1,3,34.5,5.4823,5.7285,0.2462,False,True
w320438945,Хомутяновка,улица Ломоносова,2,3,31.3,5.6076,5.8003,0.1927,False,True
n5653833599,Хомутяновка,улица Ломоносова,2А,3,7.5,5.5992,5.8162,0.217,False,True
w342101744,Хомутяновка,улица Ломоносова,4,3,37.0,5.6076,5.8638,0.2562,False,True
w342101746,Хомутяновка,улица Ломоносова,6,4,60.0,5.6076,5.888,0.2804,False,True
w342101752,Хомутяновка,улица Ломоносова,8,4,57.2,5.6542,5.9326,0.2784,False,True
w352064499,Хомутяновка,улица Ломоносова,12,4,37.5,5.6542,5.9544,0.3002,False,True
w352263847,Хомутяновка,улица Ломоносова,12,4,22.6,5.6542,6.0078,0.3536,False,True
w352064498,Хомутяновка,улица Ломоносова,12a,4,27.7,5.6542,5.9678,0.3136,False,True
n2337889957,Хомутяновка,улица Ломоносова,15,4,49.8,5.6076,5.8792,0.2716,False,True
w352111433,Хомутяновка,улица Ломоносова,16,4,28.2,5.6542,6.0108,0.3566,False,True
n5640999867,Хомутяновка,улица Ломоносова,17,3,29.8,5.5313,5.7467,0.2154,False,True
w352111435,Хомутяновка,улица Ломоносова,18,4,41.0,5.6542,6.0239,0.3697,False,True
n2337889954,Хомутяновка,улица Ломоносова,19,4,60.9,5.6542,5.9278,0.2736,False,True
w352263846,Хомутяновка,улица Ломоносова,20,4,33.2,5.7533,6.0608,0.3075,False,True
w352263844,Хомутяновка,улица Ломоносова,21,4,50.6,5.6542,6.0357,0.3815,False,True
w352263842,Хомутяновка,улица Ломоносова,23,4,40.8,5.7533,6.0488,0.2955,False,True
w352263834,Хомутяновка,улица Ломоносова,24,4,42.7,5.8115,6.1657,0.3542,False,True
w352263840,Хомутяновка,улица Ломоносова,25,4,27.5,5.7533,6.0613,0.308,False,True
w352263832,Хомутяновка,улица Ломоносова,26,4,54.8,5.8115,6.1807,0.3692,False,True
w352263839,Хомутяновка,улица Ломоносова,27,4,15.9,5.7533,6.1334,0.3801,False,True
w352263808,Хомутяновка,улица Ломоносова,28,4,66.9,5.8455,6.1998,0.3543,False,True
w352263816,Хомутяновка,улица Ломоносова,29,4,26.4,5.7533,6.1434,0.3901,False,True
w352263806,Хомутяновка,улица Ломоносова,30,4,59.6,5.8908,6.216,0.3252,False,True
w352263814,Хомутяновка,улица Ломоносова,31,4,36.9,5.7533,6.1594,0.4061,False,True
w352263818,Хомутяновка,улица Ломоносова,32,4,19.8,5.9049,6.2172,0.3123,False,True
w352263813,Хомутяновка,улица Ломоносова,33,4,47.9,5.7533,6.1722,0.4189,False,True
w352263811,Хомутяновка,улица Ломоносова,35,4,63.2,5.7533,6.1851,0.4318,False,True
w352263809,Хомутяновка,улица Ломоносова,37,4,76.0,5.7533,6.1998,0.4465,False,True
w352263803,Хомутяновка,улица Ломоносова,41,4,47.4,5.9049,6.2312,0.3263,False,True
w352263801,Хомутяновка,улица Ломоносова,45,4,20.4,5.9049,6.2162,0.3113,False,True
w352263798,Хомутяновка,улица Ломоносова,47,4,13.5,5.9049,6.1953,0.2904,False,True
w318085551,Хомутяновка,улица Матросова,3,3,10.0,5.553,5.8646,0.3116,False,True
w209273621,Хомутяновка,улица Матросова,4,4,17.2,5.5762,5.8878,0.3116,False,True
w318085550,Хомутяновка,улица Матросова,5,3,19.0,5.553,5.8612,0.3082,False,True
w318548555,Хомутяновка,улица Матросова,6,3,12.3,5.5286,5.8449,0.3163,False,True
w318085549,Хомутяновка,улица Матросова,7,3,33.5,5.5286,5.8198,0.2912,False,True
w318548551,Хомутяновка,улица Матросова,8,3,23.8,5.5286,5.8278,0.2992,False,True
w318085546,Хомутяновка,улица Матросова,9,3,50.7,5.5286,5.8006,0.272,False,True
w318120123,Хомутяновка,улица Матросова,10,3,22.6,5.3822,5.7224,0.3402,False,True
w318548549,Хомутяновка,улица Матросова,10,3,40.7,5.5286,5.8098,0.2812,False,True
w318085082,Хомутяновка,улица Матросова,11,3,72.8,5.5286,5.7772,0.2486,False,True
w318548545,Хомутяновка,улица Матросова,12,3,56.1,5.5286,5.7937,0.2651,False,True
w315851335,Хомутяновка,улица Матросова,13,3,43.3,5.3922,5.5779,0.1857,False,True
w318548543,Хомутяновка,улица Матросова,14,3,67.7,5.4867,5.7767,0.29,False,True
w315618171,Хомутяновка,улица Матросова,15,3,86.5,5.377,5.5332,0.1562,False,True
w318120128,Хомутяновка,улица Матросова,16,3,54.3,5.3822,5.7549,0.3727,False,True
w318084693,Хомутяновка,улица Матросова,18,3,39.4,5.3822,5.5873,0.2051,False,True
w315807199,Хомутяновка,улица Матросова,19,3,35.0,5.1884,5.3047,0.1163,False,True
w318084702,Хомутяновка,улица Матросова,20,3,52.5,5.3822,5.571,0.1888,False,True
w315807212,Хомутяновка,улица Матросова,21,3,52.1,5.1884,5.2866,0.0982,False,True
w318084701,Хомутяновка,улица Матросова,22,3,69.3,5.3822,5.5539,0.1717,False,True
w315807210,Хомутяновка,улица Матросова,23,3,54.3,5.2084,5.2701,0.0617,False,True
w315807208,Хомутяновка,улица Матросова,25,3,47.1,5.2084,5.2503,0.0419,False,True
w318084700,Хомутяновка,улица Матросова,26,3,87.1,5.3822,5.536,0.1538,False,True
w315807203,Хомутяновка,улица Матросова,27,3,44.0,5.2084,5.2332,0.0248,False,True
w318084689,Хомутяновка,улица Матросова,28,3,102.8,5.3822,5.5203,0.1381,False,True
w315618173,Хомутяновка,улица Матросова,29,3,38.2,5.0204,5.2179,0.1975,False,True
w318084687,Хомутяновка,улица Матросова,30,3,87.9,5.1748,5.5012,0.3264,False,True
w318083480,Хомутяновка,улица Матросова,32,3,70.6,5.1748,5.4844,0.3096,False,True
w318083477,Хомутяновка,улица Матросова,34,3,55.1,5.1748,5.4685,0.2937,False,True
w315425263,Хомутяновка,улица Матросова,35,3,28.7,4.9761,5.1663,0.1902,False,True
w318083474,Хомутяновка,улица Матросова,36,3,37.2,5.1748,5.4502,0.2754,False,True
w318083464,Хомутяновка,улица Матросова,38,3,21.0,5.1748,5.433,0.2582,False,True
w317149367,Хомутяновка,улица Матросова,42,3,27.7,5.1748,5.3207,0.1459,False,True
w317149374,Хомутяновка,улица Матросова,44,3,44.7,5.1748,5.3007,0.1259,False,True
w318044885,Хомутяновка,улица Матросова,46,3,59.7,5.1884,5.2851,0.0967,False,True
w318044886,Хомутяновка,улица Матросова,50,3,71.0,5.2084,5.2512,0.0428,False,True
w317149365,Хомутяновка,улица Матросова,52,3,69.0,5.2084,5.233,0.0246,False,True
w315807202,Хомутяновка,улица Матросова,54,3,64.5,5.0204,5.2178,0.1974,False,True
w317053543,Хомутяновка,улица Осипенко,4,3,22.2,5.4934,5.9169,0.4235,False,True
w318070641,Хомутяновка,улица Осипенко,5,4,36.7,5.2305,6.3118,1.0813,True,True
w317053539,Хомутяновка,улица Осипенко,6,3,29.5,5.4934,5.8446,0.3512,False,True
w318070639,Хомутяновка,улица Осипенко,7,3,25.6,5.2808,5.9266,0.6458,True,True
w317053540,Хомутяновка,улица Осипенко,8,3,49.3,5.4934,5.8151,0.3217,False,True
w317053541,Хомутяновка,улица Осипенко,10,3,62.3,5.4559,5.7997,0.3438,False,True
w317053535,Хомутяновка,улица Осипенко,12,3,49.0,5.4559,5.7856,0.3297,False,True
w318070629,Хомутяновка,улица Осипенко,13,3,38.0,5.307,5.9184,0.6114,True,True
w318071320,Хомутяновка,улица Осипенко,14,3,35.7,5.4559,5.7679,0.312,False,True
w318070627,Хомутяновка,улица Осипенко,15,3,52.8,5.307,5.8421,0.5351,True,True
w317053520,Хомутяновка,улица Осипенко,16,3,41.1,5.4559,5.7016,0.2457,False,True
w318070626,Хомутяновка,улица Осипенко,17,3,68.6,5.307,5.8248,0.5178,False,True
w317053511,Хомутяновка,улица Осипенко,18,3,69.2,5.4559,5.6719,0.216,False,True
w317149192,Хомутяновка,улица Осипенко,19,3,73.4,5.4559,5.8091,0.3532,False,True
w317053502,Хомутяновка,улица Осипенко,20,3,66.9,5.377,5.6562,0.2792,False,True
w317149188,Хомутяновка,улица Осипенко,21,3,57.8,5.4559,5.7926,0.3367,False,True
w317053546,Хомутяновка,улица Осипенко,23,3,46.1,5.4559,5.7749,0.319,False,True
w315807221,Хомутяновка,улица Осипенко,24,3,61.7,5.377,5.5309,0.1539,False,True
w315807220,Хомутяновка,улица Осипенко,26,3,79.4,5.377,5.5125,0.1355,False,True
w315851325,Хомутяновка,улица Осипенко,28,3,87.5,5.1748,5.4868,0.312,False,True
w315618172,Хомутяновка,улица Осипенко,30,3,66.1,5.1748,5.4657,0.2909,False,True
w316759468,Хомутяновка,улица Осипенко,31,3,48.1,5.4559,5.6973,0.2414,False,True
w316759289,Хомутяновка,улица Осипенко,33,3,69.3,5.4559,5.6818,0.2259,False,True
w316759220,Хомутяновка,улица Осипенко,35,3,75.1,5.377,5.6636,0.2866,False,True
w316759217,Хомутяновка,улица Осипенко,37,3,62.8,5.377,5.6495,0.2725,False,True
w316759073,Хомутяновка,улица Осипенко,39,3,45.3,5.377,5.6313,0.2543,False,True
w315807224,Хомутяновка,улица Осипенко,45,3,45.2,5.377,5.6284,0.2514,False,True
w315807231,Хомутяновка,улица Осипенко,47,3,57.0,5.377,5.537,0.16,False,True
w315851307,Хомутяновка,улица Осипенко,49,3,74.7,5.377,5.5199,0.1429,False,True
w315851319,Хомутяновка,улица Осипенко,51,3,88.8,5.377,5.5034,0.1264,False,True
w315851320,Хомутяновка,улица Осипенко,53,3,87.1,5.1884,5.4854,0.297,False,True
w315851322,Хомутяновка,улица Осипенко,55,3,72.2,5.1884,5.4689,0.2805,False,True
w315851323,Хомутяновка,улица Осипенко,57,3,55.9,5.1884,5.4507,0.2623,False,True
w315851310,Хомутяновка,улица Осипенко,59,3,42.6,5.1884,5.4329,0.2445,False,True
w303915691,Хомутяновка,улица Островского,2,3,38.7,4.4377,4.5644,0.1267,False,True
w304088423,Хомутяновка,улица Островского,5,3,71.6,4.4071,4.528,0.1209,False,True
w304088426,Хомутяновка,улица Островского,7,3,56.1,4.2906,4.5082,0.2176,False,True
w304088427,Хомутяновка,улица Островского,9,3,38.9,4.2906,4.4921,0.2015,False,True
w303915683,Хомутяновка,улица Островского,10,3,21.7,4.2906,4.4736,0.183,False,True
w304088428,Хомутяновка,улица Островского,11,3,16.6,4.2906,4.4669,0.1763,False,True
w209273598,Хомутяновка,улица Павлика Морозова,1,4,15.3,5.6043,6.6541,1.0498,True,True
w209273623,Хомутяновка,улица Павлика Морозова,1,4,20.1,5.6534,6.6974,1.044,True,True
w209273578,Хомутяновка,улица Павлика Морозова,2,4,17.0,5.5921,6.6391,1.047,True,True
w209273609,Хомутяновка,улица Павлика Морозова,3,4,18.7,5.5586,6.6664,1.1078,True,True
w209273587,Хомутяновка,улица Павлика Морозова,4,4,42.5,5.5347,6.6681,1.1334,True,True
w209273573,Хомутяновка,улица Павлика Морозова,5,4,29.3,5.6136,6.6597,1.0461,True,True
w209273612,Хомутяновка,улица Павлика Морозова,6,4,11.0,5.6702,6.7278,1.0576,True,True
w209273576,Хомутяновка,улица Павлика Морозова,7,4,15.3,5.6058,6.7562,1.1504,True,True
w209273596,Хомутяновка,улица Павлика Морозова,8,4,51.5,5.727,6.8234,1.0964,True,True
w209273644,Хомутяновка,улица Павлика Морозова,8,4,95.4,5.7376,6.8794,1.1418,True,True
w442395879,Борисовка,улица Павлика Морозова,12,4,59.4,5.9415,7.2683,1.3268,True,True
w103992836,Хомутяновка,улица Павлика Морозова,13,4,44.0,5.727,6.8323,1.1053,True,True
n5172818451,Борисовка,улица Павлика Морозова,15,4,26.0,5.8307,6.9892,1.1585,True,True
w222986041,Борисовка,улица Павлика Морозова,15,4,19.7,5.699,6.8616,1.1626,True,True
w103992878,Борисовка,улица Павлика Морозова,17,4,15.6,5.7644,6.9165,1.1521,True,True
w103992837,Борисовка,улица Павлика Морозова,19,4,17.2,5.7644,6.9333,1.1689,True,True
w209267149,Борисовка,улица Панфилова,1,4,22.1,4.3704,6.3364,1.966,True,True
w209267181,Борисовка,улица Панфилова,1а,4,27.9,4.3888,6.3945,2.0057,True,True
w209267117,Борисовка,улица Панфилова,4A,4,13.3,4.2884,6.7412,2.4528,True,True
n2334305069,Борисовка,улица Панфилова,7,4,20.8,4.3161,6.6645,2.3484,True,True
n2334305071,Борисовка,улица Панфилова,9,4,19.2,4.2672,6.7131,2.4459,True,True
w209267177,Борисовка,улица Панфилова,12,4,22.4,4.3167,6.2984,1.9817,True,True
w319226862,Борисовка,улица Панфилова,15,4,12.0,4.2884,6.7491,2.4607,True,True
w319226864,Борисовка,улица Панфилова,17,4,36.4,4.3708,6.7996,2.4288,True,True
w209267113,Борисовка,улица Панфилова,25,4,20.3,4.366,6.5096,2.1436,True,True
w319615905,Борисовка,улица Петровского,2,2,36.6,3.5873,3.9367,0.3494,False,True
w165763752,Борисовка,улица Петровского,5,2,33.3,3.5873,3.8877,0.3004,False,True
w165763737,Борисовка,улица Петровского,7,2,44.1,3.6852,4.0014,0.3162,False,True
w116073003,Борисовка,улица Петровского,8,2,13.5,3.2122,3.5276,0.3154,False,True
w116073004,Борисовка,улица Петровского,8,2,35.8,3.363,3.6941,0.3311,False,True
w116073002,Борисовка,улица Петровского,10,2,26.3,3.2692,3.562,0.2928,False,True
n2325402378,Борисовка,улица Петровского,17,2,22.5,3.1837,3.5015,0.3178,False,True
w319144175,Борисовка,улица Петровского,19,2,25.8,3.1837,3.5175,0.3338,True,True
w319144172,Борисовка,улица Петровского,21,2,27.1,3.2378,3.532,0.2942,False,True
w319144169,Борисовка,улица Петровского,23,2,22.1,3.2378,3.5469,0.3091,False,True
w91848280,Борисовка,улица Петровского,24,2,23.6,3.9543,4.2901,0.3358,False,True
w319144165,Борисовка,улица Петровского,25,2,17.6,3.2378,3.5588,0.321,False,True
w225209888,Борисовка,улица Петровского,26,2,31.0,4.0,4.3101,0.3101,False,True
w319144163,Борисовка,улица Петровского,27,2,28.0,3.2378,3.5717,0.3339,True,True
w319144160,Борисовка,улица Петровского,29,2,23.2,3.2779,3.5873,0.3094,False,True
w319144157,Борисовка,улица Петровского,31,2,23.5,3.2779,3.6021,0.3242,False,True
w319144154,Борисовка,улица Петровского,33,2,33.6,3.3399,3.6276,0.2877,False,True
w319144151,Борисовка,улица Петровского,35,2,26.1,3.3399,3.6418,0.3019,False,True
w319144149,Борисовка,улица Петровского,37,2,17.3,3.3399,3.6567,0.3168,False,True
w319144146,Борисовка,улица Петровского,39,2,24.1,3.3399,3.6705,0.3306,False,True
w319142248,Борисовка,улица Петровского,43,2,53.0,3.3399,3.7054,0.3655,True,True
w91848269,Борисовка,улица Петровского,45,2,20.8,3.9922,4.4471,0.4549,True,True
w91848291,Борисовка,улица Петровского,47,2,25.6,3.9496,4.2777,0.3281,False,True
w319141461,Борисовка,улица Петровского,49,2,29.7,3.5159,3.855,0.3391,False,True
w319141460,Борисовка,улица Петровского,51,2,34.9,3.5873,3.8757,0.2884,False,True
w319615906,Борисовка,улица Петровского,53,2,41.8,3.6852,3.9621,0.2769,False,True
w352148088,Борисовка,улица Петровского,61,2,33.8,3.6852,4.0305,0.3453,False,True
n2325729694,Борисовка,улица Петровского,65,2,31.7,3.7854,4.0747,0.2893,False,True
w317051450,Хомутяновка,улица Ползунова,2,3,18.6,5.1984,5.6278,0.4294,False,True
w317051449,Хомутяновка,улица Ползунова,4,3,16.7,5.2337,5.6429,0.4092,False,True
w317051446,Хомутяновка,улица Ползунова,6,3,16.7,5.2337,5.5642,0.3305,False,True
w317051440,Хомутяновка,улица Ползунова,8,3,30.0,5.2337,5.5496,0.3159,False,True
w209416029,Хомутяновка,улица Ползунова,9,3,31.0,5.2206,5.5321,0.3115,False,True
w317051437,Хомутяновка,улица Ползунова,10,3,42.1,5.2337,5.5366,0.3029,False,True
w209416049,Хомутяновка,улица Ползунова,11,3,40.8,5.2206,5.5174,0.2968,False,True
w317051435,Хомутяновка,улица Ползунова,12,3,56.2,5.2337,5.5209,0.2872,False,True
w209416063,Хомутяновка,улица Ползунова,13,3,43.5,5.2977,5.5035,0.2058,False,True
w317051433,Хомутяновка,улица Ползунова,14,3,46.2,5.2977,5.5066,0.2089,False,True
w209416092,Хомутяновка,улица Ползунова,15,3,30.1,5.2977,5.4878,0.1901,False,True
w317051431,Хомутяновка,улица Ползунова,16,3,34.1,5.2977,5.4942,0.1965,False,True
w315851326,Хомутяновка,улица Ползунова,21,3,30.2,5.2977,5.4888,0.1911,False,True
w316645117,Хомутяновка,улица Ползунова,22,3,28.4,5.2977,5.4865,0.1888,False,True
w209416082,Хомутяновка,улица Ползунова,23,3,45.1,5.2977,5.4208,0.1231,False,True
w316645115,Хомутяновка,улица Ползунова,24,3,43.5,5.2977,5.4249,0.1272,False,True
w209416028,Хомутяновка,улица Ползунова,25,3,58.4,5.2977,5.4069,0.1092,False,True
w316645114,Хомутяновка,улица Ползунова,26,3,55.6,5.2977,5.4094,0.1117,False,True
w209416084,Хомутяновка,улица Ползунова,27,3,73.0,5.2977,5.392,0.0943,False,True
w316645110,Хомутяновка,улица Ползунова,28,3,70.5,5.2977,5.3943,0.0966,False,True
w209416042,Хомутяновка,улица Ползунова,29,3,62.5,5.1504,5.3768,0.2264,False,True
w316031270,Хомутяновка,улица Ползунова,30,3,64.9,5.1504,5.3795,0.2291,False,True
w209416038,Хомутяновка,улица Ползунова,31,3,50.8,5.1504,5.3644,0.214,False,True
w316031267,Хомутяновка,улица Ползунова,32,3,50.3,5.1504,5.3642,0.2138,False,True
w209416078,Хомутяновка,улица Ползунова,33,3,35.6,5.1504,5.3482,0.1978,False,True
w316031266,Хомутяновка,улица Ползунова,34,3,36.1,5.1504,5.3495,0.1991,False,True
w316031264,Хомутяновка,улица Ползунова,36,3,21.8,5.1504,5.3335,0.1831,False,True
w315618146,Хомутяновка,улица Ползунова,38,3,23.4,5.1504,5.3347,0.1843,False,True
w209287675,Хомутяновка,улица Ползунова,39,3,35.8,5.1504,5.3487,0.1983,False,True
w315618137,Хомутяновка,улица Ползунова,40,3,48.5,5.1504,5.3617,0.2113,False,True
w209287666,Хомутяновка,улица Ползунова,41,3,64.2,5.1504,5.2568,0.1064,False,True
w315425217,Хомутяновка,улица Ползунова,42,3,62.6,5.1504,5.2578,0.1074,False,True
w209287689,Хомутяновка,улица Ползунова,43,3,77.6,5.1504,5.2437,0.0933,False,True
w315425216,Хомутяновка,улица Ползунова,44,3,78.6,5.1504,5.2415,0.0911,False,True
w209287698,Хомутяновка,улица Ползунова,45,3,87.2,4.9755,5.2253,0.2498,False,True
w315425215,Хомутяновка,улица Ползунова,46,3,92.0,5.1504,5.2279,0.0775,False,True
w209287642,Хомутяновка,улица Ползунова,47,3,85.1,4.9577,5.21,0.2523,False,True
w315425213,Хомутяновка,улица Ползунова,48,3,89.7,4.9577,5.2147,0.257,False,True
w209287665,Хомутяновка,улица Ползунова,49,3,71.5,4.9577,5.1962,0.2385,False,True
w315425211,Хомутяновка,улица Ползунова,50,3,75.0,4.9577,5.1997,0.242,False,True
w209287687,Хомутяновка,улица Ползунова,51,3,56.6,4.9577,5.1811,0.2234,False,True
w315425210,Хомутяновка,улица Ползунова,52,3,60.4,4.9577,5.1849,0.2272,False,True
w209287654,Хомутяновка,улица Ползунова,53,3,43.6,4.9577,5.1674,0.2097,False,True
w315425209,Хомутяновка,улица Ползунова,54,3,47.1,4.9577,5.1711,0.2134,False,True
w209287656,Хомутяновка,улица Ползунова,55,3,31.6,4.9577,5.1546,0.1969,False,True
w315425208,Хомутяновка,улица Ползунова,56,3,34.6,4.9577,5.1567,0.199,False,True
w209416055,Хомутяновка,улица Ползунова,59,3,19.9,4.9577,5.1405,0.1828,False,True
w209416076,Хомутяновка,улица Ползунова,61,3,33.5,4.9577,5.1565,0.1988,False,True
w315193168,Хомутяновка,улица Ползунова,62,3,28.7,4.9577,5.1508,0.1931,False,True
w209416019,Хомутяновка,улица Ползунова,63,3,46.4,4.9577,5.0779,0.1202,False,True
w315193162,Хомутяновка,улица Ползунова,64,3,42.2,4.9577,5.0824,0.1247,False,True
w209416024,Хомутяновка,улица Ползунова,65,3,59.7,4.9577,5.064,0.1063,False,True
w315193161,Хомутяновка,улица Ползунова,66,3,55.4,4.9577,5.0684,0.1107,False,True
w315193151,Хомутяновка,улица Ползунова,68,3,76.0,4.9577,5.0547,0.097,False,True
w209416053,Хомутяновка,улица Ползунова,69,3,85.0,4.772,5.0339,0.2619,False,True
w315193136,Хомутяновка,улица Ползунова,70,3,85.8,4.9438,5.0365,0.0927,False,True
w209416037,Хомутяновка,улица Ползунова,71,3,72.5,4.7854,5.018,0.2326,False,True
w315193137,Хомутяновка,улица Ползунова,72,3,76.4,4.7854,5.0241,0.2387,False,True
w209416054,Хомутяновка,улица Ползунова,73,3,57.5,4.7854,5.0051,0.2197,False,True
w315425271,Хомутяновка,улица Ползунова,74,3,61.9,4.7854,5.0096,0.2242,False,True
w209416073,Хомутяновка,улица Ползунова,75,3,46.9,4.7854,4.9931,0.2077,False,True
w315108395,Хомутяновка,улица Ползунова,76,3,49.7,4.7854,4.9934,0.208,False,True
w209287651,Хомутяновка,улица Ползунова,86,3,30.5,4.9755,5.1228,0.1473,False,True
w209287673,Хомутяновка,улица Ползунова,88,3,26.9,4.9288,5.1076,0.1788,False,True
w352111747,Хомутяновка,улица Полоза,2,4,27.7,5.6928,5.9276,0.2348,False,True
w352111750,Хомутяновка,улица Полоза,2а,3,9.1,5.6928,5.9127,0.2199,False,True
w352265854,Хомутяновка,улица Полоза,3,4,30.6,5.7574,5.9518,0.1944,False,True
w91850337,Хомутяновка,улица Полоза,4,4,22.6,5.8287,6.0384,0.2097,False,True
w352265855,Хомутяновка,улица Полоза,5,4,16.9,5.7574,5.9675,0.2101,False,True
w91850345,Хомутяновка,улица Полоза,6,4,18.3,5.8287,6.0615,0.2328,False,True
w209287637,Хомутяновка,улица Полоза,8,4,15.3,5.9074,6.1218,0.2144,False,True
w352263829,Хомутяновка,улица Полоза,9,4,10.3,5.7866,6.0095,0.2229,False,True
w209273564,Хомутяновка,улица Полоза,10,4,57.0,6.054,7.2199,1.1659,True,True
w209287659,Хомутяновка,улица Полоза,10,4,15.3,5.9515,6.1674,0.2159,False,True
w352263828,Хомутяновка,улица Полоза,11,4,18.2,5.7866,6.0242,0.2376,False,True
w209287667,Хомутяновка,улица Полоза,12,4,14.9,5.9941,6.2089,0.2148,False,True
w352263824,Хомутяновка,улица Полоза,13,4,31.1,5.7866,6.0387,0.2521,False,True
w209287681,Хомутяновка,улица Полоза,14,4,28.2,5.8483,6.0457,0.1974,False,True
w352263822,Хомутяновка,улица Полоза,15,4,17.9,5.8455,6.0563,0.2108,False,True
w209287660,Хомутяновка,улица Полоза,16,4,29.9,5.9614,6.1222,0.1608,False,True
w209287693,Хомутяновка,улица Полоза,18,4,20.5,5.8736,6.0876,0.214,False,True
w209287671,Хомутяновка,улица Полоза,20,4,18.7,5.9206,6.131,0.2104,False,True
w209654391,Хомутяновка,улица Сергея Ревенялэ,2,3,28.5,5.0057,5.2416,0.2359,False,True
w209654392,Хомутяновка,улица Сергея Ревенялэ,2,3,14.9,5.0057,5.2045,0.1988,False,True
w299629715,Хомутяновка,улица Сергея Ревенялэ,2а/1,3,21.0,4.9087,5.0946,0.1859,False,True
w302074741,Хомутяновка,улица Сергея Ревенялэ,3,3,26.5,4.9423,5.2323,0.29,False,True
w302074740,Хомутяновка,улица Сергея Ревенялэ,5,3,16.8,4.9423,5.2172,0.2749,False,True
n4835050372,Хомутяновка,улица Сергея Ревенялэ,"6 кв. 3,4",3,29.9,5.096,5.3508,0.2548,False,True
w302074738,Хомутяновка,улица Сергея Ревенялэ,7,3,52.2,4.9423,5.261,0.3187,False,True
n4835050371,Хомутяновка,улица Сергея Ревенялэ,8 кв. 1,3,15.5,5.1118,5.3581,0.2463,False,True
w302074736,Хомутяновка,улица Сергея Ревенялэ,9,3,47.1,4.8186,5.1455,0.3269,False,True
w302074735,Хомутяновка,улица Сергея Ревенялэ,11,3,27.4,4.8186,5.1245,0.3059,False,True
w302074727,Хомутяновка,улица Сергея Ревенялэ,13,3,21.3,4.8186,5.0889,0.2703,False,True
w317053527,Хомутяновка,улица Спартака,1,3,18.5,5.4559,5.7556,0.2997,False,True
w317053524,Хомутяновка,улица Спартака,3,3,43.9,5.4559,5.7824,0.3265,False,True
w317053529,Хомутяновка,улица Спартака,4,3,49.4,5.4559,5.7864,0.3305,False,True
w317053522,Хомутяновка,улица Спартака,5,3,34.4,5.5136,5.8018,0.2882,False,True
w317053532,Хомутяновка,улица Спартака,6,3,35.6,5.5136,5.8027,0.2891,False,True
w317053530,Хомутяновка,улица Спартака,8,3,20.8,5.5136,5.8201,0.3065,False,True
w315807407,Хомутяновка,улица Спартака,17,3,17.7,5.2977,5.4479,0.1502,False,True
w316172927,Хомутяновка,улица Спартака,17,3,22.5,5.383,5.5417,0.1587,False,True
w316645123,Хомутяновка,улица Спартака,18,3,16.7,5.2977,5.4749,0.1772,False,True
w315851328,Хомутяновка,улица Спартака,19,3,23.8,5.2977,5.4427,0.145,False,True
w316645122,Хомутяновка,улица Спартака,19,3,20.9,5.383,5.5419,0.1589,False,True
w316645118,Хомутяновка,улица Спартака,20,3,16.5,5.2977,5.4754,0.1777,False,True
w317053545,Хомутяновка,улица Спартака,25,3,26.0,5.4559,5.7161,0.2602,False,True
w316785297,Хомутяновка,улица Спартака,27,3,25.3,5.4559,5.7157,0.2598,False,True
w317051454,Хомутяновка,улица Спартака,28,3,25.1,5.383,5.5824,0.1994,False,True
w317149184,Хомутяновка,улица Спартака,28,3,35.5,5.4167,5.6823,0.2656,False,True
w316785300,Хомутяновка,улица Спартака,29,3,41.0,5.4559,5.7081,0.2522,False,True
w316785289,Хомутяновка,улица Спартака,30,3,24.1,5.383,5.5817,0.1987,False,True
w316785295,Хомутяновка,улица Спартака,30,3,15.2,5.4167,5.6625,0.2458,False,True
w317051455,Хомутяновка,улица Спартака,31,3,21.6,5.4167,5.6327,0.216,False,True
w316785292,Хомутяновка,улица Спартака,33,3,24.1,5.4167,5.6288,0.2121,False,True
w209416027,Хомутяновка,улица Спартака,54,3,33.9,5.1772,5.4081,0.2309,False,True
w209416068,Хомутяновка,улица Спартака,56,3,27.7,5.2,5.3856,0.1856,False,True
w209416065,Хомутяновка,улица Спартака,58,3,23.1,5.2,5.3823,0.1823,False,True
w209416030,Хомутяновка,улица Спартака,60,3,35.5,5.2,5.334,0.134,False,True
w315851327,Хомутяновка,улица Спартака,62,3,46.3,5.2,5.3229,0.1229,False,True
w209416039,Хомутяновка,улица Спартака,64,3,61.8,5.2,5.3052,0.1052,False,True
w209416041,Хомутяновка,улица Спартака,66,3,76.0,5.2,5.2909,0.0909,False,True
w302074728,Хомутяновка,улица Старого,2,3,42.7,4.7679,5.084,0.3161,False,True
w209654292,Хомутяновка,улица Старого,2а,3,30.5,4.7522,4.9699,0.2177,False,True
w302074726,Хомутяновка,улица Старого,2а,3,27.4,4.8425,5.1769,0.3344,False,True
w315193177,Хомутяновка,улица Старого,2а,3,60.2,4.8724,5.0134,0.141,False,True
w301982100,Хомутяновка,улица Старого,3,3,42.8,4.8045,5.0901,0.2856,False,True
w315618360,Хомутяновка,улица Старого,4,3,26.6,4.6522,4.8079,0.1557,False,True
w315618358,Хомутяновка,улица Старого,6,3,24.2,4.6522,4.8217,0.1695,False,True
w315618357,Хомутяновка,улица Старого,8,3,30.2,4.6522,4.8359,0.1837,False,True
w209287632,Хомутяновка,улица Старого,9,3,17.3,4.6957,4.8443,0.1486,False,True
w315618356,Хомутяновка,улица Старого,10,3,26.2,4.6943,4.8492,0.1549,False,True
w209287679,Хомутяновка,улица Старого,11,3,22.0,4.6182,4.7997,0.1815,False,True
w315618354,Хомутяновка,улица Старого,12,3,24.8,4.6943,4.8622,0.1679,False,True
w209287650,Хомутяновка,улица Старого,13,3,13.4,4.8014,5.0373,0.2359,False,True
w315193207,Хомутяновка,улица Старого,14,3,25.9,4.6943,4.875,0.1807,False,True
w315108398,Хомутяновка,улица Старого,16,3,34.9,4.6943,4.8891,0.1948,False,True
w315108397,Хомутяновка,улица Старого,18,3,45.9,4.6943,4.9025,0.2082,False,True
w302074722,Хомутяновка,улица Старого,19,3,16.0,4.8859,5.1,0.2141,False,True
w297019343,Хомутяновка,улица Старого,20,3,50.3,4.7932,4.9159,0.1227,False,True
w209287631,Хомутяновка,улица Старого,21,3,19.5,4.9284,5.1253,0.1969,False,True
w209654357,Хомутяновка,улица Старого,21/1,3,39.8,4.6685,4.8017,0.1332,False,True
w302066909,Хомутяновка,улица Старого,23,3,29.4,4.5986,4.7413,0.1427,False,True
w302066911,Хомутяновка,улица Старого,25,3,36.2,4.5521,4.7212,0.1691,False,True
w302074721,Хомутяновка,улица Старого,27,3,27.9,4.8174,4.9819,0.1645,False,True
w318120129,Хомутяновка,улица Старого,39,3,20.9,4.9707,5.1813,0.2106,False,True
n2321951516,Хомутяновка,улица Старого,40,3,27.6,5.0011,5.2277,0.2266,False,True
w315618362,Хомутяновка,улица Старого,126,3,36.7,4.6685,4.8035,0.135,False,True
w315618361,Хомутяновка,улица Старого,128,3,31.6,4.5986,4.7868,0.1882,False,True
w319366983,Хомутяновка,улица Старого,130Б,3,22.7,4.5689,4.737,0.1681,False,True
w209287624,Хомутяновка,улица Старого,130а,3,22.6,4.6664,4.8303,0.1639,False,True
n2325366576,Борисовка,улица Титова,2а,2,31.1,3.8431,4.2279,0.3848,True,True
w319620037,Борисовка,улица Титова,3,2,30.3,4.0259,4.4081,0.3822,False,True
w319139368,Борисовка,улица Титова,4,2,25.9,3.7922,4.1632,0.371,False,True
w319139367,Борисовка,улица Титова,6,2,20.2,3.7922,4.1365,0.3443,False,True
n2325729699,Борисовка,улица Титова,7,2,14.5,3.9974,4.3673,0.3699,False,True
n2325729697,Борисовка,улица Титова,9,2,13.2,3.9974,4.3418,0.3444,False,True
w303917471,Борисовка,улица Титова,10/2,2,17.9,3.4229,3.727,0.3041,False,True
w96821686,Борисовка,улица Титова,10а,2,21.4,3.9096,4.1892,0.2796,False,True
w319139364,Борисовка,улица Титова,12,2,12.4,3.6907,4.0523,0.3616,False,True
w319139360,Борисовка,улица Титова,14,2,18.9,3.6369,4.0016,0.3647,True,True
w319139359,Борисовка,улица Титова,16,2,18.6,3.6369,3.9819,0.345,False,True
w319135682,Борисовка,улица Титова,18,2,33.6,3.6369,3.9647,0.3278,False,True
w319135681,Борисовка,улица Титова,20,2,53.2,3.5352,3.9347,0.3995,True,True
w318701775,Борисовка,улица Титова,24,2,61.5,3.5352,3.8378,0.3026,False,True
w318701776,Борисовка,улица Титова,26,2,68.2,3.5352,3.8256,0.2904,False,True
w318701779,Борисовка,улица Титова,30,2,100.8,3.5352,3.7907,0.2555,False,True
w318701793,Борисовка,улица Титова,32,2,97.0,3.3399,3.7731,0.4332,True,True
w318701796,Борисовка,улица Титова,34,2,93.2,3.8228,3.7629,-0.0599,False,True
w318701800,Борисовка,улица Титова,36,2,71.8,3.8228,3.7458,-0.077,False,True
w319141437,Борисовка,улица Титова,37,2,18.9,3.7215,4.0861,0.3646,False,True
w318701809,Борисовка,улица Титова,38,2,67.5,3.8228,3.7215,-0.1013,False,True
w319141439,Борисовка,улица Титова,39,2,17.6,3.6907,4.057,0.3663,False,True
w318701810,Борисовка,улица Титова,40,2,53.3,3.3388,3.7043,0.3655,True,True
w319141442,Борисовка,улица Титова,41,2,29.7,3.6907,4.0324,0.3417,False,True
w318701858,Борисовка,улица Титова,42,2,41.1,3.3388,3.6918,0.353,True,True
w319141443,Борисовка,улица Титова,43,2,16.0,3.6604,4.018,0.3576,False,True
w532689733,Борисовка,улица Титова,44,2,22.8,3.3388,3.6726,0.3338,False,True
w318701865,Борисовка,улица Титова,46,2,22.6,3.3388,3.6375,0.2987,False,True
w319141423,Борисовка,улица Титова,47,2,33.9,3.6369,3.9657,0.3288,False,True
w318702077,Борисовка,улица Титова,48,2,46.4,3.3388,3.6118,0.273,False,True
w319141424,Борисовка,улица Титова,49,2,48.8,3.6369,3.9458,0.3089,False,True
w318702079,Борисовка,улица Титова,50,2,61.0,3.3388,3.5951,0.2563,False,True
w319141427,Борисовка,улица Титова,51,2,38.9,3.5352,3.9241,0.3889,True,True
w319144185,Борисовка,улица Титова,52,2,73.5,3.1947,3.5807,0.386,True,True
w318701866,Борисовка,улица Титова,53,2,44.4,3.3388,3.6319,0.2931,False,True
w319144188,Борисовка,улица Титова,54,2,56.0,3.1947,3.5632,0.3685,True,True
w319141431,Борисовка,улица Титова,55,2,51.0,3.5352,3.8438,0.3086,False,True
w319144191,Борисовка,улица Титова,56,2,43.1,3.1947,3.5501,0.3554,True,True
w319141455,Борисовка,улица Титова,57,2,63.8,3.4437,3.8133,0.3696,True,True
w319144217,Борисовка,улица Титова,58,2,29.0,3.1947,3.5335,0.3388,True,True
w319142246,Борисовка,улица Титова,59,2,65.9,3.3399,3.7658,0.4259,True,True
w319144220,Борисовка,улица Титова,60,2,15.0,3.1947,3.5168,0.3221,True,True
w319144136,Борисовка,улица Титова,61,2,65.4,3.3399,3.7468,0.4069,True,True
n4515161591,Борисовка,улица Титова,62,2,11.9,3.1947,3.5099,0.3152,False,True
w532689729,Борисовка,улица Титова,62,2,19.9,3.1947,3.5146,0.3199,True,True
w319144143,Борисовка,улица Титова,67,2,42.3,3.3388,3.6936,0.3548,True,True
w319144200,Борисовка,улица Титова,73,2,17.0,3.3388,3.647,0.3082,False,True
w319144203,Борисовка,улица Титова,73,2,31.6,3.3388,3.6282,0.2894,False,True
n2325366574,Борисовка,улица Титова,112,2,18.8,3.9467,4.341,0.3943,False,True
n2325366575,Борисовка,улица Титова,114,2,9.6,3.9593,4.323,0.3637,False,True
w319523921,Борисовка,улица Титова,118,2,34.9,3.9602,4.3107,0.3505,False,True
w319523923,Борисовка,улица Титова,120,2,33.8,4.0315,4.3926,0.3611,False,True
n2325729632,Борисовка,улица Титова,122,2,13.1,4.0636,4.4085,0.3449,False,True
w319523925,Борисовка,улица Титова,124,2,32.1,4.0259,4.4416,0.4157,True,True
w319620040,Борисовка,улица Титова,126,2,31.8,4.1337,4.4078,0.2741,False,True
w319620039,Борисовка,улица Титова,128,3,24.6,4.1437,4.4331,0.2894,False,True
w319620043,Борисовка,улица Титова,130,2,22.2,4.1198,4.4699,0.3501,False,True
w224621713,Хомутяновка,улица Толстого,3,3,15.3,5.4417,5.9392,0.4975,False,True
w317053537,Хомутяновка,улица Толстого,5,3,45.6,5.4417,5.8788,0.4371,False,True
w317053531,Хомутяновка,улица Толстого,7,3,39.6,5.5136,5.8666,0.353,False,True
w318085557,Хомутяновка,улица Толстого,8,3,39.1,5.5136,5.8708,0.3572,False,True
w318085558,Хомутяновка,улица Толстого,10,3,26.7,5.5136,5.8573,0.3437,False,True
w317053518,Хомутяновка,улица Толстого,11,3,43.0,5.5136,5.8045,0.2909,False,True
w318085555,Хомутяновка,улица Толстого,12,3,12.6,5.5136,5.8425,0.3289,False,True
w317053517,Хомутяновка,улица Толстого,13,3,56.0,5.5136,5.7901,0.2765,False,True
w318085552,Хомутяновка,улица Толстого,14,3,18.4,5.5136,5.844,0.3304,False,True
w317053514,Хомутяновка,улица Толстого,15,3,69.4,5.5136,5.7765,0.2629,False,True
w318085548,Хомутяновка,улица Толстого,16,3,29.4,5.5136,5.861,0.3474,False,True
w317053513,Хомутяновка,улица Толстого,17,3,71.3,5.3922,5.7613,0.3691,False,True
w318085547,Хомутяновка,улица Толстого,18,3,45.2,5.5136,5.8003,0.2867,False,True
w317053508,Хомутяновка,улица Толстого,19,3,58.8,5.3922,5.7479,0.3557,False,True
w318085081,Хомутяновка,улица Толстого,20,3,71.6,5.5136,5.7729,0.2593,False,True
n2321833111,Хомутяновка,улица Толстого,21,3,34.6,5.3922,5.7248,0.3326,False,True
w317053507,Хомутяновка,улица Толстого,21,3,53.8,5.3922,5.7348,0.3426,False,True
n2321994003,Хомутяновка,улица Тургенева,1,3,41.5,4.7454,5.0704,0.325,False,True
w301982096,Хомутяновка,улица Тургенева,3,3,70.7,4.5946,4.8288,0.2342,False,True
w161058107,Хомутяновка,улица Тургенева,4,3,41.6,4.5714,4.696,0.1246,False,True
w303915690,Хомутяновка,улица Тургенева,4,3,13.3,4.4377,4.696,0.2583,False,True
w301982090,Хомутяновка,улица Тургенева,7,3,22.0,4.5946,4.7682,0.1736,False,True
w301982089,Хомутяновка,улица Тургенева,9,3,34.9,4.5946,4.7323,0.1377,False,True
w303915693,Хомутяновка,улица Тургенева,13,3,17.0,4.4775,4.6535,0.176,False,True
w303915696,Хомутяновка,улица Тургенева,15,3,31.0,4.4775,4.6684,0.1909,False,True
w303915697,Хомутяновка,улица Тургенева,17,3,25.8,4.4377,4.6841,0.2464,False,True
w299629712,Хомутяновка,улица Халтурина,2а/1,3,11.0,4.8724,5.066,0.1936,False,True
w184989535,Хомутяновка,улица Халтурина,6,3,21.5,5.0396,5.1546,0.115,False,True
w209287700,Хомутяновка,улица Халтурина,19,3,43.1,4.772,4.9679,0.1959,False,True
w209416061,Хомутяновка,улица Халтурина,106,3,37.5,4.772,4.9661,0.1941,False,True
w209416080,Хомутяновка,улица Халтурина,108,3,27.9,4.772,4.952,0.18,False,True
w209416062,Хомутяновка,улица Халтурина,110,3,20.9,4.772,4.9358,0.1638,False,True
w209416081,Хомутяновка,улица Халтурина,112,3,25.3,4.772,4.9216,0.1496,False,True
w209416025,Хомутяновка,улица Халтурина,114,3,34.5,4.772,4.9079,0.1359,False,True
w209287626,Хомутяновка,улица Чайковского,1,3,20.4,4.9001,5.1784,0.2783,False,True
w318120131,Хомутяновка,улица Чайковского,2,3,35.3,4.9707,5.1966,0.2259,False,True
w209287677,Хомутяновка,улица Чайковского,3,3,35.7,4.7733,5.0529,0.2796,False,True
w318120134,Хомутяновка,улица Чайковского,4,3,53.9,4.8217,5.23,0.4083,False,True
w318120136,Хомутяновка,улица Чайковского,6,3,38.1,4.8217,5.247,0.4253,False,True
w318120137,Хомутяновка,улица Чайковского,8,3,27.7,4.8217,5.2581,0.4364,False,True
w319366987,Хомутяновка,улица Чайковского,12,3,58.7,4.7733,4.9942,0.2209,False,True
w319367001,Хомутяновка,улица Чайковского,14,3,24.8,4.7086,4.9595,0.2509,False,True
n2337992799,Хомутяновка,улица Чернышевского,26,3,17.3,4.3008,4.4511,0.1503,False,True
n4997937710,Хомутяновка,улица Чехова,1,3,11.9,4.6207,4.8401,0.2194,False,True
w209287678,Хомутяновка,улица Чехова,1,3,39.3,4.5766,4.8069,0.2303,False,True
w209287628,Хомутяновка,улица Чехова,2,3,19.6,4.6512,4.801,0.1498,False,True
w209287648,Хомутяновка,улица Чехова,3,3,27.8,4.7885,4.9311,0.1426,False,True
w209287690,Хомутяновка,улица Чехова,4,3,29.6,4.7886,4.9262,0.1376,False,True
w209287649,Хомутяновка,улица Чехова,8,3,17.9,4.8174,4.9747,0.1573,False,True
w209287629,Хомутяновка,улица Чехова,10,3,18.3,4.8662,5.019,0.1528,False,True
w319366988,Хомутяновка,улица Чехова,10,3,20.0,4.8217,5.0572,0.2355,False,True
w209287657,Хомутяновка,улица Чехова,14а,3,17.2,4.7267,4.9046,0.1779,False,True
w302066907,Хомутяновка,улица Чехова,27,3,23.5,4.5308,4.6962,0.1654,False,True
w302066906,Хомутяновка,улица Чехова,29,3,20.9,4.5132,4.6793,0.1661,False,True
n2321951523,Хомутяновка,улица Чехова,30,3,48.3,4.874,5.0995,0.2255,False,True
w302066905,Хомутяновка,улица Чехова,31,3,24.6,4.5132,4.6631,0.1499,False,True
w209287630,Хомутяновка,улица Чехова,130,3,19.4,4.6512,4.8286,0.1774,False,True
w209287661,Хомутяновка,улица Чехова,132,3,12.1,4.5188,4.7428,0.224,False,True
n2321749482,Гиска,Госпитальная улица,8,4,9.5,6.193,,,False,True
n2321749483,Гиска,Госпитальная улица,10а,4,17.6,6.1452,,,False,True
n2321749484,Гиска,Госпитальная улица,12,4,33.0,6.0086,,,False,True
n4905411576,Гиска,Госпитальная улица,12 В,4,41.6,6.0086,,,False,True
n2321749486,Гиска,Госпитальная улица,14а,4,29.6,6.0086,,,False,True
n2321749485,Гиска,Госпитальная улица,16,4,34.8,6.0086,,,False,True
n2321749474,Гиска,Госпитальная улица,20,4,35.3,6.0982,,,False,True
n2321749465,Гиска,Госпитальная улица,24,4,21.2,5.9083,,,False,True
n2321749466,Гиска,Госпитальная улица,31,4,16.7,5.8797,,,False,True
n2321749478,Гиска,Госпитальная улица,35,4,15.4,6.2916,6.4839,0.1923,False,True
n2321749479,Гиска,Госпитальная улица,37,4,11.2,6.1694,,,False,True
n2321749477,Гиска,Госпитальная улица,39,4,17.9,6.2916,6.4772,0.1856,False,True
n2321749476,Гиска,Госпитальная улица,45,4,29.2,6.2054,,,False,True
n2321749475,Гиска,Госпитальная улица,47,4,30.4,6.0982,,,False,True
n2321749472,Гиска,Госпитальная улица,52,4,26.5,5.7634,5.8049,0.0415,False,True
n2321749447,Гиска,Госпитальная улица,53,4,32.5,5.9168,,,False,True
n2321749473,Гиска,Госпитальная улица,54,4,31.6,5.6852,5.7299,0.0447,False,True
n2321749445,Гиска,Госпитальная улица,55,4,38.5,5.969,,,False,True
n2321749469,Гиска,Госпитальная улица,56,4,25.5,5.8104,,,False,True
n4905411564,Гиска,Госпитальная улица,63,4,22.1,6.0686,6.1045,0.0359,False,True
n2321749467,Гиска,Госпитальная улица,78,4,11.0,5.9547,,,False,True
n2321749471,Гиска,Госпитальная улица,87,4,17.7,5.794,,,False,True
n2321749470,Гиска,Госпитальная улица,89,4,35.8,5.8104,,,False,True
n2321749468,Гиска,Госпитальная улица,105,4,26.1,5.9701,,,False,True
n4991183336,Гиска,Заречная улица,13,4,18.4,6.8622,,,False,True
n2321749419,Гиска,Молодёжная улица,1,4,31.0,5.4196,5.406,-0.0136,False,True
n2321749421,Гиска,Молодёжная улица,2,4,41.6,5.3531,5.3988,0.0457,False,True
n2321749420,Гиска,Молодёжная улица,19,4,14.7,5.467,,,False,True
n2321749422,Гиска,Молодёжная улица,21,4,29.1,5.432,,,False,True
n2321749424,Гиска,Молодёжная улица,48,4,49.2,5.6426,,,False,True
w406639375,Гиска,Молодёжная улица,51,4,69.7,5.6067,,,False,True
n2321749432,Гиска,Молодёжная улица,61,4,45.9,5.2842,5.3224,0.0382,False,True
n2341956702,Гиска,Октябрьская улица,6,4,3.1,7.9429,,,False,True
n2341956704,Гиска,Октябрьская улица,8,4,11.3,8.0177,,,False,True
n2341956705,Гиска,Октябрьская улица,16,4,16.5,8.1134,,,False,True
n2341956706,Гиска,Октябрьская улица,22,4,6.3,8.1045,,,False,True
n2341956726,Гиска,Октябрьская улица,23,4,13.0,8.235,,,False,True
n2341956725,Гиска,Октябрьская улица,32,4,14.9,8.235,,,False,True
n2341956707,Гиска,Октябрьский переулок,20,4,18.0,8.0513,,,False,True
n2341956708,Гиска,Октябрьский переулок,249,4,10.6,8.0051,,,False,True
w222864363,Гиска,Первомайская улица,4,3,20.1,4.1801,,,False,True
w222871672,Гиска,Первомайская улица,6,3,32.0,4.4072,,,False,True
w410936927,Гиска,Первомайская улица,29,3,80.9,4.4138,,,False,True
w410936926,Гиска,Первомайская улица,31,3,80.0,4.5698,,,False,True
w1011535183,Гиска,Первомайская улица,33,3,50.1,4.5698,,,False,True
w1011535184,Гиска,Первомайская улица,35,3,41.6,4.5698,,,False,True
n5627150211,Гиска,Приднестровская улица,9,3,42.4,4.5419,,,False,True
n2341956738,Гиска,Садовая улица,1,4,22.8,8.8692,8.8998,0.0306,False,True
n2341956729,Гиска,Садовая улица,5,4,22.6,8.3614,8.3895,0.0281,False,True
n2341956776,Гиска,Садовая улица,11,4,26.9,8.2383,8.2552,0.0169,False,True
n2341956778,Гиска,Садовая улица,13,4,26.4,8.2218,8.2465,0.0247,False,True
n2341956742,Гиска,Садовая улица,14,4,17.8,9.0035,,,False,True
n2341956779,Гиска,Садовая улица,17,4,23.4,8.3492,8.3785,0.0293,False,True
n2341956741,Гиска,Садовая улица,22,4,13.4,8.9323,8.9426,0.0103,False,True
n2341956740,Гиска,Садовая улица,24,4,9.5,8.8692,8.9024,0.0332,False,True
n2341956733,Гиска,Садовая улица,26,4,14.6,8.8192,8.8574,0.0382,False,True
n2341956734,Гиска,Садовая улица,30,4,8.8,8.8853,8.9089,0.0236,False,True
n2341956777,Гиска,Садовая улица,33,4,22.7,8.2218,8.2468,0.025,False,True
n2341956724,Гиска,Садовая улица,291,4,7.0,8.7744,8.798,0.0236,False,True
w255717187,Гиска,Студенческая улица,1,3,17.7,4.0297,4.0586,0.0289,False,True
w222865631,Гиска,Студенческая улица,3,3,23.2,3.9996,4.0169,0.0173,False,True
w222865630,Гиска,Студенческая улица,5,3,23.7,4.0365,4.0436,0.0071,False,True
w222865629,Гиска,Студенческая улица,7,3,18.1,4.0996,4.099,-0.0006,False,True
w255958964,Гиска,Студенческая улица,7/A,3,38.7,4.405,4.5594,0.1544,False,True
w222871674,Гиска,Студенческая улица,8,3,34.2,4.5914,4.6932,0.1018,False,True
w222864364,Гиска,Студенческая улица,9,3,21.9,4.3238,,,False,True
n4905411401,Гиска,Театральная улица,2,4,20.2,7.0634,,,False,True
w225418016,Гиска,Театральная улица,3,4,14.9,7.1245,,,False,True
w225418018,Гиска,Театральная улица,5,4,18.2,7.149,,,False,True
w225418020,Гиска,Театральная улица,7,4,26.6,7.1857,,,False,True
n2341956681,Гиска,Театральная улица,8,4,9.8,7.1857,,,False,True
w401165487,Гиска,Театральная улица,8а,4,23.2,7.0634,,,False,True
w225418025,Гиска,Театральная улица,9,4,21.5,7.2423,,,False,True
n2341956682,Гиска,Театральная улица,10,4,5.6,7.2068,,,False,True
w225418031,Гиска,Театральная улица,10а,4,23.4,7.2814,,,False,True
w225418027,Гиска,Театральная улица,11,4,19.9,7.1924,,,False,True
w225418033,Гиска,Театральная улица,12а,4,26.3,7.2814,,,False,True
w225418023,Гиска,Театральная улица,13,4,23.0,7.2381,,,False,True
n2341956685,Гиска,Театральная улица,16,4,7.8,7.318,,,False,True
n2341956684,Гиска,Театральная улица,18,4,7.9,7.2526,,,False,True
n2341956686,Гиска,Театральная улица,20,4,30.7,7.2414,,,False,True
w424745867,Гиска,Театральная улица,22,4,16.8,7.3167,,,False,True
w224865587,Гиска,Театральная улица,168,4,33.8,7.0248,,,False,True
n2341959256,Гиска,Учительская улица,1,4,22.5,5.97,,,False,True
n2341959262,Гиска,Учительская улица,2,4,26.1,5.97,,,False,True
n2341959259,Гиска,Учительская улица,5,4,28.7,6.0139,,,False,True
n2341959265,Гиска,Учительская улица,6,4,11.7,6.0139,,,False,True
n2341959268,Гиска,Учительская улица,7,4,27.0,6.0441,,,False,True
n2341959277,Гиска,Учительская улица,10,4,12.9,6.1224,,,False,True
n2341959271,Гиска,Учительская улица,13,4,23.5,6.0809,,,False,True
n2341959274,Гиска,Учительская улица,15,4,14.1,6.0441,,,False,True
n2341956433,Гиска,Учительская улица,95,4,30.0,5.9213,,,False,True
n2341956435,Гиска,Учительская улица,97,4,20.8,5.9213,,,False,True
n2341956439,Гиска,Учительская улица,99а,4,42.6,5.9363,,,False,True
n2341956445,Гиска,Учительская улица,101,4,30.0,5.9873,,,False,True
w531939441,Гиска,Школьная улица,15,4,14.0,6.6244,,,False,True
w531939442,Гиска,Школьная улица,17,4,13.4,6.6575,,,False,True
w531939443,Гиска,Школьная улица,19,4,13.2,6.6575,,,False,True
w531939446,Гиска,Школьная улица,21,4,20.1,6.6575,,,False,True
w531939448,Гиска,Школьная улица,23,4,32.7,6.6244,,,False,True
w531939451,Гиска,Школьная улица,25,4,34.7,6.5348,,,False,True
n2341956467,Гиска,Школьная улица,26,4,17.1,6.4462,,,False,True
w531939454,Гиска,Школьная улица,27,4,30.4,6.5348,,,False,True
w225418012,Гиска,Школьная улица,28,4,33.9,6.4791,,,False,True
w531939455,Гиска,Школьная улица,29,4,31.8,6.5348,,,False,True
w225418014,Гиска,Школьная улица,30,4,62.3,6.515,,,False,True
w531939457,Гиска,Школьная улица,31,4,36.0,6.5348,,,False,True
n2341956507,Гиска,Школьная улица,32,4,9.6,6.5747,,,False,True
w531939449,Гиска,Школьная улица,33,4,14.3,6.4791,,,False,True
w531939461,Гиска,Школьная улица,35,4,18.3,6.5747,,,False,True
w531939467,Гиска,Школьная улица,37,4,27.0,6.7489,,,False,True
w531939465,Гиска,Школьная улица,39,4,28.1,6.8267,,,False,True
n2341956537,Гиска,Школьный переулок,1,4,8.9,6.3142,,,False,True
n2341956549,Гиска,Школьный переулок,1,4,44.8,6.3142,,,False,True
n2341956543,Гиска,Школьный переулок,2,4,37.5,6.2762,,,False,True
n2341956552,Гиска,Школьный переулок,2,4,40.4,6.37,,,False,True
n2341956546,Гиска,Школьный переулок,4,4,31.8,6.2438,,,False,True
n2341956576,Гиска,Школьный переулок,5,4,35.9,6.5458,,,False,True
n2341956562,Гиска,Школьный переулок,15,4,37.9,6.5224,,,False,True
n2341956557,Гиска,Школьный переулок,16,4,15.0,6.5224,,,False,True
w256886085,Гиска,переулок Мира,1,4,25.5,6.0691,,,False,True
w256886089,Гиска,переулок Мира,2,4,24.6,6.0691,,,False,True
n2321749428,Гиска,переулок Мира,8,4,33.1,6.1877,,,False,True
w256886088,Гиска,переулок Мира,9,4,29.6,6.1877,,,False,True
w256882784,Гиска,переулок Суворова,1,3,32.8,5.1736,,,False,True
w256882786,Гиска,переулок Суворова,2,3,42.6,5.141,,,False,True
w256886077,Гиска,переулок Суворова,25,4,36.4,5.541,,,False,True
w256884199,Гиска,переулок Суворова,28,4,30.2,5.3717,,,False,True
w256886081,Гиска,переулок Суворова,29,4,48.1,5.541,,,False,True
w256886078,Гиска,переулок Суворова,61,4,17.0,5.541,,,False,True
w531442969,Гиска,улица 40 лет МССР,70,3,58.5,4.8439,,,False,True
w531442971,Гиска,улица 40 лет МССР,72,3,51.0,4.8439,,,False,True
w531442972,Гиска,улица 40 лет МССР,74,3,41.1,5.0179,,,False,True
w531442968,Гиска,улица 40 лет МССР,76,3,30.3,5.0555,,,False,True
w531442965,Гиска,улица 40 лет МССР,78,3,27.0,5.0555,,,False,True
w511417418,Гиска,улица 40 лет МССР,82,3,19.5,5.1052,,,False,True
w511417416,Гиска,улица 40 лет МССР,86,3,37.9,5.1558,,,False,True
w531449259,Гиска,улица 40 лет МССР,187,3,35.6,4.9637,,,False,True
w531451246,Гиска,улица 40 лет МССР,189,3,23.1,4.9637,,,False,True
w531451247,Гиска,улица 40 лет МССР,191,3,33.9,5.0028,,,False,True
n2321749452,Гиска,улица 60 лет Октября,1,4,40.2,5.6592,5.6868,0.0276,False,True
n2321749451,Гиска,улица 60 лет Октября,2,4,41.8,5.7207,5.6964,-0.0243,False,True
n2321749457,Гиска,улица 60 лет Октября,2,4,32.0,5.6062,5.6028,-0.0034,False,True
n2321749456,Гиска,улица 60 лет Октября,3,4,23.2,5.6062,5.6183,0.0121,False,True
n2321749458,Гиска,улица 60 лет Октября,4,4,30.1,5.6336,5.6382,0.0046,False,True
n2321749453,Гиска,улица 60 лет Октября,28,4,55.7,6.0086,,,False,True
n2321749454,Гиска,улица 60 лет Октября,39,4,57.1,6.0086,,,False,True
n2321749459,Гиска,улица Бориса Главана,5,4,10.2,5.6592,5.6816,0.0224,False,True
n2321749460,Гиска,улица Бориса Главана,6,4,29.3,5.7357,5.7248,-0.0109,False,True
n2321749462,Гиска,улица Бориса Главана,7,4,42.6,5.7357,5.7221,-0.0136,False,True
n2321749461,Гиска,улица Бориса Главана,22,4,15.2,5.8216,,,False,True
n2321749464,Гиска,улица Бориса Главана,22а,4,22.7,5.8485,,,False,True
n2321749463,Гиска,улица Бориса Главана,27,4,38.7,5.8485,,,False,True
n2321749494,Гиска,улица Бориса Главана,89,4,29.1,5.8096,,,False,True
n2321749495,Гиска,улица Бориса Главана,91,4,33.2,5.8096,,,False,True
n2341956711,Гиска,улица Гагарина,1,4,15.8,8.1048,,,False,True
w589388995,Гиска,улица Гагарина,1,4,21.5,8.074,,,False,True
n2341956712,Гиска,улица Гагарина,2,4,12.5,8.1427,,,False,True
n2341956713,Гиска,улица Гагарина,6,4,17.5,8.2065,,,False,True
n2341956715,Гиска,улица Гагарина,8,4,7.9,8.2517,,,False,True
n2341956714,Гиска,улица Гагарина,9,4,5.4,8.2065,,,False,True
n2341956716,Гиска,улица Гагарина,11,4,6.7,8.2517,,,False,True
n2341956723,Гиска,улица Гагарина,28,4,27.8,8.763,8.7901,0.0271,False,True
n2341956731,Гиска,улица Гагарина,42,4,10.5,8.6756,8.7025,0.0269,False,True
n2341956730,Гиска,улица Гагарина,49,4,13.1,8.6756,8.7031,0.0275,False,True
n2341956732,Гиска,улица Гагарина,51,4,0.4,8.7238,8.748,0.0242,False,True
n2341956721,Гиска,улица Гагарина,52,4,20.1,8.8165,8.836,0.0195,False,True
n2341956722,Гиска,улица Гагарина,57,4,16.0,8.8165,8.844,0.0275,False,True
n2321749413,Гиска,улица Гоголя,1,3,20.0,5.1985,,,False,True
n2321749415,Гиска,улица Гоголя,2,3,28.6,5.1985,,,False,True
n2321749414,Гиска,улица Гоголя,9,4,11.7,5.3078,,,False,True
n2321749417,Гиска,улица Гоголя,11,4,23.5,5.3682,,,False,True
n2321749416,Гиска,улица Гоголя,16,4,33.9,5.3078,,,False,True
n2321749418,Гиска,улица Гоголя,59,4,39.7,5.4374,,,False,True
n2321749390,Гиска,улица Интернационалистов,2,3,22.3,4.6595,,,False,True
n2321749401,Гиска,улица Интернационалистов,8,3,17.2,4.7912,,,False,True
w353389137,Гиска,улица Кирова,1,3,43.1,4.0834,,,False,True
w353389124,Гиска,улица Кирова,2,3,15.9,4.0834,4.0943,0.0109,False,True
w353389140,Гиска,улица Кирова,3,3,75.5,4.0834,,,False,True
w353389133,Гиска,улица Кирова,4,3,32.7,4.0834,,,False,True
w353389389,Гиска,улица Кирова,5,3,89.5,4.0834,,,False,True
w353389135,Гиска,улица Кирова,6,3,48.3,4.0834,,,False,True
w353389392,Гиска,улица Кирова,7,3,106.8,4.0834,,,False,True
w353389138,Гиска,улица Кирова,8,3,76.0,4.0834,,,False,True
w353389395,Гиска,улица Кирова,9,3,93.2,4.321,,,False,True
w353389393,Гиска,улица Кирова,9а,3,116.7,4.321,,,False,True
w353389139,Гиска,улица Кирова,10,3,108.9,4.0834,,,False,True
w353610911,Гиска,улица Кирова,11,3,17.4,4.3829,,,False,True
w353610793,Гиска,улица Кирова,11а,3,19.6,4.3829,,,False,True
w353610913,Гиска,улица Кирова,13,3,31.2,4.3902,,,False,True
w353389394,Гиска,улица Кирова,14,3,92.9,4.321,,,False,True
w353610914,Гиска,улица Кирова,15,3,33.5,4.4617,,,False,True
w353389396,Гиска,улица Кирова,16,3,75.2,4.321,,,False,True
w353619643,Гиска,улица Кирова,17,3,27.1,4.4617,,,False,True
w353389398,Гиска,улица Кирова,18,3,55.4,4.321,,,False,True
w353619644,Гиска,улица Кирова,19,3,19.7,4.4617,,,False,True
w353389400,Гиска,улица Кирова,20,3,37.7,4.321,,,False,True
w405169671,Гиска,улица Кирова,23,3,68.3,4.4617,,,False,True
w461204245,Гиска,улица Кирова,25,3,68.2,4.599,,,False,True
w461204243,Гиска,улица Кирова,27,3,56.5,4.599,,,False,True
w461204241,Гиска,улица Кирова,29,3,44.7,4.599,,,False,True
w446100568,Гиска,улица Кирова,31,3,37.2,4.599,,,False,True
n2328051587,Гиска,улица Кирова,31а,3,12.2,4.5301,,,False,True
w402777357,Гиска,улица Кирова,32,3,19.1,4.4164,,,False,True
w402777358,Гиска,улица Кирова,34,3,33.7,4.4164,,,False,True
w402777360,Гиска,улица Кирова,36,3,20.5,4.4617,,,False,True
w402777361,Гиска,улица Кирова,38,3,21.4,4.4617,,,False,True
w405112662,Гиска,улица Кирова,40,3,28.1,4.4617,,,False,True
w405112663,Гиска,улица Кирова,42,3,51.1,4.4617,,,False,True
w405169669,Гиска,улица Кирова,44,3,71.0,4.4617,,,False,True
w405169667,Гиска,улица Кирова,46,3,84.7,4.6299,,,False,True
w405169663,Гиска,улица Кирова,48,3,58.0,4.6299,,,False,True
w405169665,Гиска,улица Кирова,50,3,40.2,4.6299,,,False,True
n2321749491,Гиска,улица Курило,1,4,26.4,5.9223,,,False,True
n2321749490,Гиска,улица Курило,2,4,20.5,5.9223,,,False,True
n2321749488,Гиска,улица Курило,13,4,36.9,5.7761,5.7713,-0.0048,False,True
n2321749489,Гиска,улица Курило,20,4,23.1,5.7329,5.7704,0.0375,False,True
n2341956703,Гиска,улица Ленина,1,4,31.1,7.905,,,False,True
w222864358,Гиска,улица Ленина,2/A,3,21.2,3.9636,3.9895,0.0259,False,True
w222864359,Гиска,улица Ленина,2б,3,40.7,4.0378,,,False,True
n2341956701,Гиска,улица Ленина,4,4,5.7,7.905,,,False,True
w255960438,Гиска,улица Ленина,5,3,16.1,4.4789,,,False,True
n2321749385,Гиска,улица Ленина,13,3,32.4,4.5848,,,False,True
n2321749487,Гиска,улица Ленина,15,4,16.8,5.7063,5.7142,0.0079,False,True
n2321749387,Гиска,улица Ленина,17,3,34.2,4.7286,,,False,True
n2321749410,Гиска,улица Ленина,21,3,40.2,4.7606,,,False,True
n2321749388,Гиска,улица Ленина,26,3,11.5,4.6124,,,False,True
n2321749389,Гиска,улица Ленина,28,3,48.8,4.7606,,,False,True
n2321749411,Гиска,улица Ленина,47,3,41.7,5.1985,,,False,True
n2321749412,Гиска,улица Ленина,49,3,38.8,5.138,,,False,True
n2321749430,Гиска,улица Ленина,58,3,22.5,5.138,,,False,True
n2321749431,Гиска,улица Ленина,59,3,36.6,5.3531,5.2532,-0.0999,False,True
n2321749433,Гиска,улица Ленина,71,4,37.9,5.4267,5.4656,0.0389,False,True
w224861630,Гиска,улица Ленина,73/A,4,23.9,5.4713,5.5059,0.0346,False,True
n2321749435,Гиска,улица Ленина,75,4,12.5,5.5939,5.6383,0.0444,False,True
n2321749436,Гиска,улица Ленина,77,4,38.0,5.5942,5.6195,0.0253,False,True
n2321749437,Гиска,улица Ленина,90а,4,22.3,5.5756,5.5705,-0.0051,False,True
n2321749438,Гиска,улица Ленина,92,4,31.4,5.5942,,,False,True
n2341956428,Гиска,улица Ленина,93,4,34.6,5.8248,,,False,True
n2321749492,Гиска,улица Ленина,100,4,14.0,5.7841,,,False,True
n2321749444,Гиска,улица Ленина,101,4,26.0,5.5939,5.6427,0.0488,False,True
n2321749493,Гиска,улица Ленина,102,4,9.5,5.8571,,,False,True
n2341956451,Гиска,улица Ленина,103,4,9.1,6.034,,,False,True
n2341956455,Гиска,улица Ленина,109,4,31.5,6.126,,,False,True
n2341956458,Гиска,улица Ленина,111а,4,18.0,6.186,,,False,True
n4905410771,Гиска,улица Ленина,121,4,27.2,6.3093,,,False,True
n2341956460,Гиска,улица Ленина,126,4,14.7,6.126,,,False,True
n2341956609,Гиска,улица Ленина,131,4,26.9,6.4309,,,False,True
n2341956612,Гиска,улица Ленина,133,4,12.2,6.4522,,,False,True
n2341956526,Гиска,улица Ленина,136,4,13.7,6.3635,,,False,True
n2341956531,Гиска,улица Ленина,144,4,17.3,6.5319,,,False,True
n2341956615,Гиска,улица Ленина,146а,4,17.9,6.5932,,,False,True
n2341956618,Гиска,улица Ленина,156,4,99.3,6.8082,,,False,True
n2341956621,Гиска,улица Ленина,166,4,16.7,6.8786,,,False,True
n2341956689,Гиска,улица Ленина,168а,4,7.4,6.937,,,False,True
w224865589,Гиска,улица Ленина,172,4,34.6,7.1112,,,False,True
n2341956692,Гиска,улица Ленина,178,4,19.7,7.2852,,,False,True
n4905410762,Гиска,улица Ленина,180 А,4,34.0,7.3987,,,False,True
w439463474,Гиска,улица Ленина,188,4,38.8,7.3504,,,False,True
n4905410755,Гиска,улица Ленина,190 А,4,34.7,7.5731,,,False,True
n2341956693,Гиска,улица Ленина,199,4,9.3,7.2155,,,False,True
n2341956694,Гиска,улица Ленина,201,4,14.7,7.3504,,,False,True
n4905410763,Гиска,улица Ленина,201,4,26.7,7.3504,,,False,True
n2341956699,Гиска,улица Ленина,214,4,19.2,7.9673,,,False,True
n2341956700,Гиска,улица Ленина,216,4,12.2,7.9864,,,False,True
w707299270,Гиска,улица Ленина,230,4,34.3,8.0861,,,False,True
n4905411206,Гиска,улица Ленина,235,4,24.1,7.8766,,,False,True
n2341956718,Гиска,улица Ленина,242,4,31.4,8.2553,,,False,True
n2341956719,Гиска,улица Ленина,244,4,30.3,8.4329,,,False,True
n4905411204,Гиска,улица Ленина,248,4,33.5,8.5086,,,False,True
n4905411203,Гиска,улица Ленина,250,4,27.0,8.5086,,,False,True
n2341956709,Гиска,улица Ленина,251,4,12.9,8.0541,,,False,True
n2341956710,Гиска,улица Ленина,253,4,8.8,8.0861,,,False,True
n4905411372,Гиска,улица Ленина,253,4,33.5,8.1048,,,False,True
n4905411373,Гиска,улица Ленина,253 А,4,17.4,8.1048,,,False,True
n4905411200,Гиска,улица Ленина,254 А,4,28.3,8.6301,,,False,True
n2341956717,Гиска,улица Ленина,257,4,23.3,8.2771,,,False,True
n4905411196,Гиска,улица Ленина,260,4,24.6,8.6847,,,False,True
n4905411230,Гиска,улица Ленина,266,4,11.6,8.7745,8.7969,0.0224,False,True
n2341956736,Гиска,улица Ленина,270,4,26.4,8.7745,8.8238,0.0493,False,True
n4905409919,Гиска,улица Ленина,273 А,4,38.7,8.4329,,,False,True
n2341956737,Гиска,улица Ленина,274,4,13.6,8.828,8.8642,0.0362,False,True
n4905410988,Гиска,улица Ленина,275,4,24.1,8.5086,,,False,True
n2341956743,Гиска,улица Ленина,276,4,39.7,9.0106,8.9956,-0.015,False,True
n4905410987,Гиска,улица Ленина,277,4,35.0,8.5668,,,False,True
n4905410976,Гиска,улица Ленина,279,4,24.4,8.5668,,,False,True
n2341956744,Гиска,улица Ленина,280,4,6.2,9.0321,9.0564,0.0243,False,True
n2341956720,Гиска,улица Ленина,285,4,28.7,8.6847,,,False,True
n4905411115,Гиска,улица Ленина,295,4,27.6,8.828,8.8744,0.0464,False,True
n2341956746,Гиска,улица Ленина,296,4,15.4,9.3317,9.3699,0.0382,False,True
n4905411113,Гиска,улица Ленина,297,4,48.5,8.828,8.8975,0.0695,False,True
n2341956745,Гиска,улица Ленина,313,4,26.9,9.125,9.1248,-0.0002,False,True
n2341956747,Гиска,улица Ленина,329,4,16.8,9.3589,9.3712,0.0123,False,True
w367553906,Гиска,улица Мира,1а,3,83.4,3.992,,,False,True
w367553682,Гиска,улица Мира,2,3,85.2,3.992,,,False,True
w222772634,Гиска,улица Мира,2а,3,39.9,3.992,,,False,True
w367553681,Гиска,улица Мира,3,3,65.8,4.7084,,,False,True
w353610709,Гиска,улица Мира,4,3,97.1,4.1861,,,False,True
w367553679,Гиска,улица Мира,5,3,49.5,4.7084,,,False,True
w367553678,Гиска,улица Мира,5а,3,54.3,4.1861,,,False,True
w353610708,Гиска,улица Мира,6,3,73.3,4.1861,,,False,True
w353610790,Гиска,улица Мира,7,3,27.9,4.1861,,,False,True
w353610706,Гиска,улица Мира,8,3,24.5,4.1861,,,False,True
w353610710,Гиска,улица Мира,9,3,18.4,4.1861,,,False,True
w353610704,Гиска,улица Мира,10,3,23.3,4.1861,,,False,True
w353610701,Гиска,улица Мира,11,3,21.2,4.2181,,,False,True
w353610703,Гиска,улица Мира,12,3,18.1,4.2181,,,False,True
w353619647,Гиска,улица Мира,12а,3,76.1,4.2181,,,False,True
w353610699,Гиска,улица Мира,13,3,37.6,4.2181,,,False,True
w353610698,Гиска,улица Мира,14,3,27.9,4.2181,,,False,True
w353610700,Гиска,улица Мира,15,3,57.1,4.2181,,,False,True
w353610697,Гиска,улица Мира,16,3,40.9,4.2181,,,False,True
w353610695,Гиска,улица Мира,17,3,47.3,4.321,,,False,True
w353609874,Гиска,улица Мира,18,3,60.5,4.2181,,,False,True
w353610692,Гиска,улица Мира,19,3,29.3,4.321,,,False,True
w353609865,Гиска,улица Мира,20,3,60.3,4.321,,,False,True
w353389401,Гиска,улица Мира,22,3,21.8,4.321,,,False,True
w353609863,Гиска,улица Мира,22,3,42.2,4.321,,,False,True
w353610686,Гиска,улица Мира,23,3,29.7,4.393,,,False,True
w353609864,Гиска,улица Мира,24,3,27.6,4.321,,,False,True
w353610685,Гиска,улица Мира,25,3,27.3,4.4469,,,False,True
n2321749446,Гиска,улица Мира,30а,4,14.1,5.859,,,False,True
w367553908,Гиска,улица Мира,32,3,27.3,3.992,,,False,True
w400824557,Гиска,улица Мира,34,3,44.5,3.992,,,False,True
w402777350,Гиска,улица Мира,36,3,59.3,3.992,,,False,True
w402777351,Гиска,улица Мира,38,3,73.4,3.992,,,False,True
w402777352,Гиска,улица Мира,40,3,105.3,3.992,,,False,True
w402777354,Гиска,улица Мира,42,3,121.4,3.992,,,False,True
w256886090,Гиска,улица Мира,43,4,38.7,6.0044,,,False,True
w405169675,Гиска,улица Мира,44,3,106.8,4.5701,,,False,True
n4905411595,Гиска,улица Мира,51,4,35.7,5.859,,,False,True
n2321749440,Гиска,улица Мира,80,4,9.4,5.5378,5.559,0.0212,False,True
n2321749439,Гиска,улица Мира,82,4,23.2,5.5201,5.5594,0.0393,False,True
n2321749441,Гиска,улица Мира,93,4,27.4,5.5601,5.5763,0.0162,False,True
n2321749442,Гиска,улица Мира,95,4,41.8,5.575,5.5758,0.0008,False,True
n2341956750,Гиска,улица Мичурина,1,4,42.7,7.064,,,False,True
n2341956752,Гиска,улица Мичурина,2,4,14.7,7.064,,,False,True
n2341956753,Гиска,улица Мичурина,2а,4,21.3,7.2966,,,False,True
n2341956751,Гиска,улица Мичурина,5,4,37.4,7.064,,,False,True
n2341956754,Гиска,улица Мичурина,7,4,25.9,7.2722,,,False,True
n2341956755,Гиска,улица Мичурина,9,4,20.4,7.3111,,,False,True
n2341956759,Гиска,улица Мичурина,24,4,5.2,7.6211,,,False,True
n2341956758,Гиска,улица Мичурина,25,4,14.7,7.6211,,,False,True
n2341956624,Гиска,улица Мичурина,179,4,40.3,6.937,,,False,True
n2341956627,Гиска,улица Мичурина,181,4,25.4,7.008,,,False,True
n2341956760,Гиска,улица Победы,1,4,25.9,7.4048,,,False,True
n2341956766,Гиска,улица Победы,2,4,9.8,7.4148,,,False,True
n2341956761,Гиска,улица Победы,3,4,20.5,7.4135,,,False,True
n2341956762,Гиска,улица Победы,7,4,22.8,7.5006,,,False,True
w532218373,Гиска,улица Победы,7,4,14.2,7.5886,,,False,True
n2341956763,Гиска,улица Победы,9,4,13.6,7.5006,,,False,True
n2341956764,Гиска,улица Победы,11,4,7.3,7.4613,,,False,True
n2341956765,Гиска,улица Победы,13,4,12.8,7.4148,,,False,True
n2341956767,Гиска,улица Победы,28,4,12.0,7.7077,,,False,True
n2341956768,Гиска,улица Победы,31,4,17.6,7.7077,,,False,True
n2341956769,Гиска,улица Победы,33,4,15.7,7.734,,,False,True
n2341956770,Гиска,улица Победы,48,4,18.0,7.5775,,,False,True
n4991180699,Гиска,улица Победы,48,4,23.2,7.5638,,,False,True
n2341956772,Гиска,улица Победы,48а,4,68.9,7.5762,,,False,True
n2341956771,Гиска,улица Победы,51,4,16.4,7.5762,,,False,True
n2341956773,Гиска,улица Победы,66а,4,36.0,8.1765,8.152,-0.0245,False,True
n2341956775,Гиска,улица Победы,68,4,10.5,8.1988,8.2117,0.0129,False,True
n2341956774,Гиска,улица Победы,81а,4,40.5,8.1837,8.1515,-0.0322,False,True
w353817655,Гиска,улица Суворова,1,3,101.1,3.802,3.9064,0.1044,False,True
w353817654,Гиска,улица Суворова,1а,3,55.6,3.802,,,False,True
w353619679,Гиска,улица Суворова,2,3,60.3,3.802,3.8656,0.0636,False,True
w353818444,Гиска,улица Суворова,3,3,125.4,3.802,,,False,True
w353388713,Гиска,улица Суворова,4,3,121.3,3.802,3.9231,0.1211,False,True
w353818442,Гиска,улица Суворова,5,3,143.2,4.0834,,,False,True
w353619672,Гиска,улица Суворова,6,2,36.3,3.6795,3.6601,-0.0194,False,True
w446100566,Гиска,улица Суворова,6,2,138.1,3.802,3.9425,0.1405,False,True
w353818443,Гиска,улица Суворова,7,3,135.1,4.0834,,,False,True
w353388716,Гиска,улица Суворова,8,2,132.9,4.0834,3.9591,-0.1243,False,True
w353619649,Гиска,улица Суворова,8,2,28.7,3.6795,3.6915,0.012,False,True
w353619648,Гиска,улица Суворова,9,3,110.1,4.0834,,,False,True
w353388714,Гиска,улица Суворова,10,2,107.5,4.0834,3.9827,-0.1007,False,True
w353619675,Гиска,улица Суворова,10,2,43.3,3.6795,3.7128,0.0333,False,True
w353389132,Гиска,улица Суворова,11,3,98.3,4.0834,3.9903,-0.0931,False,True
w353389130,Гиска,улица Суворова,15,3,67.5,4.0834,,,False,True
w353619682,Гиска,улица Суворова,16а,3,34.1,3.802,3.8385,0.0365,False,True
w353389129,Гиска,улица Суворова,17,3,53.1,4.0834,4.0372,-0.0462,False,True
w353822503,Гиска,улица Суворова,18а,3,53.5,3.802,,,False,True
w353389125,Гиска,улица Суворова,19,3,36.4,4.0834,,,False,True
w256882651,Гиска,улица Суворова,21,4,82.8,5.1736,,,False,True
w353822507,Гиска,улица Суворова,22,3,80.1,3.802,,,False,True
n2321749393,Гиска,улица Суворова,23,3,35.4,5.0501,,,False,True
w256213581,Гиска,улица Суворова,23,3,13.4,5.0501,,,False,True
w367553685,Гиска,улица Суворова,24,3,93.2,3.802,,,False,True
n2321749394,Гиска,улица Суворова,34,3,19.0,5.141,,,False,True
n2321749392,Гиска,улица Суворова,46,3,19.4,5.0273,,,False,True
w256212478,Гиска,улица Суворова,46,3,18.4,4.9705,,,False,True
n2321749386,Гиска,улица Суворова,62,3,79.6,4.5038,,,False,True
w256208269,Гиска,улица Суворова,62,3,80.1,4.5038,,,False,True
n2321749391,Гиска,улица Суворова,75,3,23.5,4.6882,,,False,True
w256209152,Гиска,улица Суворова,75,3,36.8,4.6882,,,False,True
w353817270,Гиска,улица Суворова,79,2,34.1,3.6795,3.6598,-0.0197,False,True
w353817271,Гиска,улица Суворова,81,2,29.6,3.6795,3.6862,0.0067,False,True
w353818413,Гиска,улица Суворова,83,2,41.7,3.6795,3.7185,0.039,False,True
w353817272,Гиска,улица Суворова,83а,2,34.3,3.6795,3.7073,0.0278,False,True
w353818412,Гиска,улица Суворова,85,2,54.3,3.6795,3.7295,0.05,False,True
w353818414,Гиска,улица Суворова,87,2,64.6,3.6795,3.7429,0.0634,False,True
w353818415,Гиска,улица Суворова,89,3,58.0,3.802,3.754,-0.048,False,True
w353818416,Гиска,улица Суворова,91,3,47.6,3.802,3.7685,-0.0335,False,True
w353822508,Гиска,улица Суворова,93,3,34.9,3.802,3.7851,-0.0169,False,True
w353818418,Гиска,улица Суворова,95,3,31.2,3.802,3.8163,0.0143,False,True
w353822606,Гиска,улица Суворова,97,3,47.3,3.802,,,False,True
w353824488,Гиска,улица Суворова,99,3,47.8,4.2769,,,False,True
w353825064,Гиска,улица Суворова,101,3,53.2,4.2769,,,False,True
w353825065,Гиска,улица Суворова,103,3,59.7,4.2769,,,False,True
n2341956566,Гиска,улица Ткаченко,1,4,45.4,6.481,,,False,True
n2341956604,Гиска,улица Ткаченко,2,4,16.6,6.5373,,,False,True
w422942731,Гиска,улица Ткаченко,4,4,25.6,6.601,,,False,True
n2341956599,Гиска,улица Ткаченко,4а,4,13.8,6.6269,,,False,True
n2341956594,Гиска,улица Ткаченко,7а,4,15.8,6.6507,,,False,True
n4682684591,Гиска,улица Ткаченко,10,4,16.5,6.9222,,,False,True
n4418837238,Парканы,Заводская улица,1,4,25.8,6.2724,7.0754,0.803,True,True
n4418842154,Парканы,Заводская улица,2,4,20.4,6.2724,7.0708,0.7984,True,True
w284829134,Парканы,Заводская улица,4 А,4,13.1,6.3124,7.1162,0.8038,True,True
n2323343685,Парканы,Коммунистическая улица,1,3,33.7,4.1971,,,False,True
n2457441327,Парканы,Коммунистическая улица,3,3,49.0,4.1971,,,False,True
n2323343687,Парканы,Коммунистическая улица,4,3,44.1,4.1971,,,False,True
n2457441332,Парканы,Коммунистическая улица,5,3,74.2,4.1971,,,False,True
n2457583321,Парканы,Коммунистическая улица,6,3,61.2,4.1971,,,False,True
n2457441338,Парканы,Коммунистическая улица,7,3,93.9,4.1971,,,False,True
n2457583322,Парканы,Коммунистическая улица,8,3,78.8,4.1971,,,False,True
n2457441342,Парканы,Коммунистическая улица,9,3,113.7,4.1971,,,False,True
n2457583323,Парканы,Коммунистическая улица,10,3,96.1,4.1971,,,False,True
n2457441347,Парканы,Коммунистическая улица,11,3,131.9,4.1381,,,False,True
n2457583324,Парканы,Коммунистическая улица,12,3,114.6,4.1971,,,False,True
n2457441352,Парканы,Коммунистическая улица,13,3,142.7,4.491,,,False,True
n2457583325,Парканы,Коммунистическая улица,14,3,131.8,4.1971,,,False,True
n2457441356,Парканы,Коммунистическая улица,15,3,124.8,4.491,,,False,True
n2457583326,Парканы,Коммунистическая улица,16,3,148.3,4.1971,,,False,True
n2457441360,Парканы,Коммунистическая улица,17,3,105.8,4.491,,,False,True
n2457583327,Парканы,Коммунистическая улица,18,3,135.3,4.491,,,False,True
n2457441365,Парканы,Коммунистическая улица,19,3,88.0,4.491,,,False,True
n2457583328,Парканы,Коммунистическая улица,20,3,118.9,4.491,,,False,True
n2457441370,Парканы,Коммунистическая улица,21,3,70.1,4.491,,,False,True
n2457583329,Парканы,Коммунистическая улица,22,3,102.6,4.491,,,False,True
n2457583330,Парканы,Коммунистическая улица,22,3,81.4,4.491,,,False,True
n2457441374,Парканы,Коммунистическая улица,23,3,49.3,4.491,,,False,True
n2457441379,Парканы,Коммунистическая улица,25,3,29.8,4.491,,,False,True
n2323343693,Парканы,Коммунистическая улица,26,3,61.0,4.491,,,False,True
n2457441384,Парканы,Коммунистическая улица,27,3,13.8,4.491,,,False,True
n2457441322,Парканы,Коммунистическая улица,29,3,19.7,4.491,,,False,True
n2457490477,Парканы,Коммунистическая улица,30,3,45.2,4.491,,,False,True
n2457441317,Парканы,Коммунистическая улица,31,3,38.0,4.491,,,False,True
n2457490484,Парканы,Коммунистическая улица,32,3,67.6,4.491,,,False,True
n2457441312,Парканы,Коммунистическая улица,33,3,72.1,4.491,,,False,True
n2457490470,Парканы,Коммунистическая улица,34,3,86.4,4.491,,,False,True
n2457441307,Парканы,Коммунистическая улица,35,3,73.4,4.4087,,,False,True
n2457490462,Парканы,Коммунистическая улица,36,3,66.1,4.4087,,,False,True
n2457441302,Парканы,Коммунистическая улица,37,3,54.1,4.4087,,,False,True
n2457490457,Парканы,Коммунистическая улица,38,3,46.2,4.4087,,,False,True
n2457441297,Парканы,Коммунистическая улица,39,3,38.7,4.4087,,,False,True
n2323152157,Парканы,Коммунистическая улица,41,3,21.1,4.4087,,,False,True
n2323152094,Парканы,Комсомольская улица,1,2,27.9,3.2514,,,False,True
n2457246729,Парканы,Комсомольская улица,3,2,60.2,3.2514,,,False,True
n2456772549,Парканы,Комсомольская улица,4,2,56.8,3.2514,,,False,True
n2457246735,Парканы,Комсомольская улица,5,2,79.1,3.2514,,,False,True
n2456772554,Парканы,Комсомольская улица,6,2,79.7,3.2514,,,False,True
n2457246740,Парканы,Комсомольская улица,7,2,83.5,3.4345,,,False,True
n2456772555,Парканы,Комсомольская улица,8,2,86.7,3.4345,,,False,True
n2457246745,Парканы,Комсомольская улица,9,2,59.1,3.4345,,,False,True
n2456772556,Парканы,Комсомольская улица,10,2,69.6,3.4345,,,False,True
n2457246751,Парканы,Комсомольская улица,11,2,41.6,3.4345,,,False,True
n2456772557,Парканы,Комсомольская улица,12,2,53.8,3.4345,,,False,True
n2457246755,Парканы,Комсомольская улица,13,2,24.2,3.4345,,,False,True
n2456772558,Парканы,Комсомольская улица,14,2,40.7,3.4345,,,False,True
n2457246760,Парканы,Комсомольская улица,15,2,12.7,3.4345,,,False,True
n2456772559,Парканы,Комсомольская улица,16,2,28.3,3.4345,,,False,True
n2459417152,Парканы,Комсомольская улица,16,2,30.2,3.1622,,,False,True
n2457246765,Парканы,Комсомольская улица,17,2,14.3,3.4449,,,False,True
w237810074,Парканы,Комсомольская улица,18а,2,32.8,3.2077,,,False,True
n2323152095,Парканы,Комсомольская улица,20,2,48.7,3.26,,,False,True
n2457246771,Парканы,Комсомольская улица,21,2,28.3,3.4449,,,False,True
n2456772562,Парканы,Комсомольская улица,22,2,32.8,3.4449,,,False,True
n2457246784,Парканы,Комсомольская улица,23,2,44.0,3.4449,,,False,True
n2457246789,Парканы,Комсомольская улица,25,2,63.6,3.4449,,,False,True
n2456772564,Парканы,Комсомольская улица,26,2,65.0,3.4449,,,False,True
n2457246795,Парканы,Комсомольская улица,27,2,83.3,3.4449,,,False,True
n2456772566,Парканы,Комсомольская улица,28,2,83.1,3.4449,,,False,True
n2456772567,Парканы,Комсомольская улица,30,2,100.6,3.5802,,,False,True
n2457246799,Парканы,Комсомольская улица,31,2,99.2,3.5802,,,False,True
n2456772568,Парканы,Комсомольская улица,32,2,83.5,3.5802,,,False,True
n2457246804,Парканы,Комсомольская улица,33,2,78.1,3.5802,,,False,True
n2456772569,Парканы,Комсомольская улица,34,2,67.9,3.5802,,,False,True
n2457246810,Парканы,Комсомольская улица,35,2,60.4,3.5802,,,False,True
n2456772570,Парканы,Комсомольская улица,36,2,53.8,3.5802,,,False,True
n2323152151,Парканы,Комсомольская улица,37,2,21.1,3.5802,,,False,True
n2456772571,Парканы,Комсомольская улица,38,2,37.7,3.5802,,,False,True
n2323152152,Парканы,Комсомольская улица,39,2,17.6,3.5966,,,False,True
n2457402046,Парканы,Комсомольская улица,41,2,20.3,3.6364,,,False,True
n2323152154,Парканы,Комсомольская улица,42,2,35.7,3.5966,,,False,True
n2457402049,Парканы,Комсомольская улица,43,2,24.2,3.6364,,,False,True
n2457278418,Парканы,Комсомольская улица,44,2,29.5,3.6364,,,False,True
n2457402052,Парканы,Комсомольская улица,45,2,22.1,3.6751,,,False,True
w284638149,Парканы,Комсомольская улица,45,2,24.7,3.6364,,,False,True
n2457278422,Парканы,Комсомольская улица,46,2,31.5,3.6364,,,False,True
n2457402055,Парканы,Комсомольская улица,47,3,23.9,3.6751,,,False,True
n2457278425,Парканы,Комсомольская улица,48,3,27.3,3.6751,,,False,True
n2457402059,Парканы,Комсомольская улица,49,3,27.3,3.7265,,,False,True
n2457402062,Парканы,Комсомольская улица,51,3,20.5,3.7265,,,False,True
n2457278432,Парканы,Комсомольская улица,52,3,29.8,3.7265,,,False,True
n2457402065,Парканы,Комсомольская улица,53,3,28.9,3.7265,,,False,True
n2457278435,Парканы,Комсомольская улица,54,3,30.9,3.7265,,,False,True
n2457402068,Парканы,Комсомольская улица,55,3,43.5,3.7265,,,False,True
n2457278439,Парканы,Комсомольская улица,56,3,44.5,3.7265,,,False,True
n2457402072,Парканы,Комсомольская улица,57,3,27.6,3.8096,,,False,True
n2457278442,Парканы,Комсомольская улица,58,3,41.4,3.8096,,,False,True
n2457278445,Парканы,Комсомольская улица,60,3,29.4,3.8096,,,False,True
n2457402075,Парканы,Комсомольская улица,61,3,16.7,3.8096,,,False,True
n2457402078,Парканы,Комсомольская улица,63,3,25.7,3.8096,,,False,True
n2457278452,Парканы,Комсомольская улица,64,3,33.5,3.8578,,,False,True
n2457402081,Парканы,Комсомольская улица,65,3,15.2,3.8578,,,False,True
n2457278455,Парканы,Комсомольская улица,66,3,33.2,3.8578,,,False,True
n2457402085,Парканы,Комсомольская улица,67,3,22.6,3.8578,,,False,True
n2457278458,Парканы,Комсомольская улица,68,3,33.2,3.8995,,,False,True
n2457402037,Парканы,Комсомольская улица,69,3,17.2,3.8995,,,False,True
n2457441177,Парканы,Комсомольская улица,71,3,28.0,3.8995,,,False,True
n2457278414,Парканы,Комсомольская улица,72,3,41.7,3.8995,,,False,True
n2457441182,Парканы,Комсомольская улица,73,3,30.1,3.9741,,,False,True
n2457394273,Парканы,Комсомольская улица,74,3,40.3,3.9741,,,False,True
n2457441187,Парканы,Комсомольская улица,75,3,16.8,3.9741,,,False,True
n2457394278,Парканы,Комсомольская улица,76,3,29.7,3.9741,,,False,True
n2457441194,Парканы,Комсомольская улица,77,3,15.9,3.9741,,,False,True
n2457394283,Парканы,Комсомольская улица,78,3,31.2,3.9741,,,False,True
n2457394287,Парканы,Комсомольская улица,80,3,31.4,4.0259,,,False,True
n2457394293,Парканы,Комсомольская улица,82,3,29.8,4.0259,,,False,True
n2457394299,Парканы,Комсомольская улица,84,3,26.3,4.0697,,,False,True
n2457394304,Парканы,Комсомольская улица,86,3,36.2,4.0697,,,False,True
n2457441219,Парканы,Комсомольская улица,87,3,12.8,4.0697,,,False,True
n2457394309,Парканы,Комсомольская улица,88,3,36.1,4.1426,,,False,True
n2457441225,Парканы,Комсомольская улица,89,3,27.8,4.0697,,,False,True
n2457394314,Парканы,Комсомольская улица,90,3,27.0,4.1426,,,False,True
n2457394325,Парканы,Комсомольская улица,92,3,42.6,4.1426,,,False,True
n2457441236,Парканы,Комсомольская улица,93,3,20.6,4.1426,,,False,True
n2457394318,Парканы,Комсомольская улица,94,3,24.6,4.2098,,,False,True
n2457441241,Парканы,Комсомольская улица,95,3,9.3,4.1426,,,False,True
n2457441247,Парканы,Комсомольская улица,97,3,19.1,4.1426,,,False,True
n2457441252,Парканы,Комсомольская улица,99,3,26.0,4.1426,,,False,True
n2323152159,Парканы,Комсомольская улица,100,3,24.7,4.5163,,,False,True
n2457441257,Парканы,Комсомольская улица,101,3,26.1,4.2098,,,False,True
n2457490492,Парканы,Комсомольская улица,102,3,19.3,4.5163,,,False,True
n2457441262,Парканы,Комсомольская улица,103,3,14.5,4.2098,,,False,True
n2457490500,Парканы,Комсомольская улица,104,3,26.9,4.5163,,,False,True
n2457441265,Парканы,Комсомольская улица,105,3,17.3,4.2098,,,False,True
n2457490507,Парканы,Комсомольская улица,106,3,41.8,4.5163,,,False,True
n2457441268,Парканы,Комсомольская улица,107,3,30.7,4.2098,,,False,True
n2457490514,Парканы,Комсомольская улица,108,3,40.7,4.6038,,,False,True
n2323152149,Парканы,Комсомольская улица,109,3,19.2,4.2366,,,False,True
n2457490520,Парканы,Комсомольская улица,110,3,21.1,4.6038,,,False,True
n2323152150,Парканы,Комсомольская улица,111,3,12.2,4.2642,,,False,True
n2457490525,Парканы,Комсомольская улица,112,3,12.3,4.6038,,,False,True
n2457458969,Парканы,Комсомольская улица,113,3,15.4,4.288,,,False,True
n2457490531,Парканы,Комсомольская улица,114,3,16.6,4.6211,,,False,True
n2457458970,Парканы,Комсомольская улица,115,3,12.3,4.288,,,False,True
n2457490536,Парканы,Комсомольская улица,116,3,13.9,4.6211,,,False,True
n2457458971,Парканы,Комсомольская улица,117,3,25.7,4.288,,,False,True
n2457490542,Парканы,Комсомольская улица,118,3,16.5,4.6458,,,False,True
n2457458972,Парканы,Комсомольская улица,119,3,43.8,4.288,,,False,True
n2457490546,Парканы,Комсомольская улица,120,3,16.7,4.6458,,,False,True
n2457458973,Парканы,Комсомольская улица,121,3,60.5,4.288,,,False,True
n2457490551,Парканы,Комсомольская улица,124,3,30.5,4.6458,,,False,True
n2457458974,Парканы,Комсомольская улица,125,3,46.8,4.4087,,,False,True
n2457458975,Парканы,Комсомольская улица,125,3,30.7,4.4087,,,False,True
n2457490558,Парканы,Комсомольская улица,126,3,41.0,4.6458,,,False,True
n2457458977,Парканы,Комсомольская улица,127,3,16.7,4.4087,,,False,True
n2457490581,Парканы,Комсомольская улица,128,3,54.3,4.6458,,,False,True
n2457458979,Парканы,Комсомольская улица,129,3,12.7,4.4087,,,False,True
n2457490589,Парканы,Комсомольская улица,130,3,55.2,4.7629,,,False,True
n2457458982,Парканы,Комсомольская улица,131,3,22.8,4.4087,,,False,True
n2457490597,Парканы,Комсомольская улица,132,3,43.8,4.7629,,,False,True
n2457458985,Парканы,Комсомольская улица,133,3,35.5,4.4087,,,False,True
n2457490606,Парканы,Комсомольская улица,134,3,31.0,4.7629,,,False,True
n2457458988,Парканы,Комсомольская улица,135,3,49.5,4.4087,,,False,True
n2457490613,Парканы,Комсомольская улица,136,3,22.3,4.7629,,,False,True
n2457458991,Парканы,Комсомольская улица,137,3,43.3,4.5163,,,False,True
n2457490618,Парканы,Комсомольская улица,138,3,16.9,4.7629,,,False,True
n2457458994,Парканы,Комсомольская улица,139,3,27.5,4.5163,,,False,True
n2457490624,Парканы,Комсомольская улица,140,3,20.0,4.7629,,,False,True
n2457458998,Парканы,Комсомольская улица,141,3,16.2,4.5163,,,False,True
n2457490630,Парканы,Комсомольская улица,142,3,34.3,4.7629,,,False,True
n2457459001,Парканы,Комсомольская улица,143,3,20.9,4.5163,,,False,True
n2457459004,Парканы,Комсомольская улица,143,3,35.1,4.5163,,,False,True
n2457490636,Парканы,Комсомольская улица,144,3,27.8,4.8246,,,False,True
n2457459007,Парканы,Комсомольская улица,145,3,37.8,4.6038,,,False,True
n2457490641,Парканы,Комсомольская улица,146,3,18.5,4.8246,,,False,True
n2457459010,Парканы,Комсомольская улица,147,3,18.1,4.6038,,,False,True
n2457490649,Парканы,Комсомольская улица,148,3,21.7,4.8543,,,False,True
n2457459013,Парканы,Комсомольская улица,149,3,10.4,4.6038,,,False,True
n2457490657,Парканы,Комсомольская улица,150,3,17.3,4.8543,,,False,True
n2457459016,Парканы,Комсомольская улица,151,3,9.3,4.6211,,,False,True
n2457490665,Парканы,Комсомольская улица,152,3,17.0,4.9074,,,False,True
n2457490681,Парканы,Комсомольская улица,152,3,24.5,4.9453,,,False,True
n2457459019,Парканы,Комсомольская улица,153,3,14.0,4.6458,,,False,True
n2457490673,Парканы,Комсомольская улица,154,3,19.1,4.9074,,,False,True
n2457490689,Парканы,Комсомольская улица,154,3,24.7,4.9453,,,False,True
n2457459022,Парканы,Комсомольская улица,155,3,13.2,4.6458,,,False,True
n2457490698,Парканы,Комсомольская улица,156,3,23.7,4.9752,,,False,True
n2457459026,Парканы,Комсомольская улица,157,3,24.0,4.6458,,,False,True
n2457490705,Парканы,Комсомольская улица,158,3,24.6,4.9752,,,False,True
n2457459029,Парканы,Комсомольская улица,159,3,36.1,4.6458,,,False,True
n2457490713,Парканы,Комсомольская улица,160,3,26.5,4.9752,,,False,True
n2457459032,Парканы,Комсомольская улица,161,3,59.4,4.6458,,,False,True
n2457490721,Парканы,Комсомольская улица,162,3,27.3,5.0089,,,False,True
n2457459035,Парканы,Комсомольская улица,163,3,34.8,4.7629,,,False,True
n2457490729,Парканы,Комсомольская улица,164,3,26.5,5.0089,,,False,True
n2457459038,Парканы,Комсомольская улица,165,3,13.8,4.7629,,,False,True
n2457490764,Парканы,Комсомольская улица,166,3,26.7,5.0385,,,False,True
n2457459041,Парканы,Комсомольская улица,167,3,16.0,4.7629,,,False,True
n2323343668,Парканы,Комсомольская улица,168,3,19.2,5.055,,,False,True
n2457459044,Парканы,Комсомольская улица,169,3,15.2,4.8246,,,False,True
n2457459048,Парканы,Комсомольская улица,171,3,13.8,4.8543,,,False,True
n2323152070,Парканы,Комсомольская улица,173,3,15.0,4.8861,,,False,True
n2323152068,Парканы,Комсомольская улица,175,3,11.7,4.9453,,,False,True
n2323343708,Парканы,Красный переулок,1,3,18.9,4.5698,,,False,True
n2323343694,Парканы,Красный переулок,2,3,39.4,4.491,,,False,True
n5026954963,Парканы,Красный переулок,2,3,22.3,4.5698,,,False,True
n2457583303,Парканы,Красный переулок,3,3,15.5,4.592,,,False,True
n2457583319,Парканы,Красный переулок,4,3,22.6,4.5698,,,False,True
n2457583304,Парканы,Красный переулок,5,3,13.4,4.6406,,,False,True
n2457583305,Парканы,Красный переулок,7,3,17.9,4.6406,,,False,True
n2457583298,Парканы,Красный переулок,8,3,50.5,4.6406,,,False,True
n2457583306,Парканы,Красный переулок,9,3,36.3,4.6406,,,False,True
n2457583297,Парканы,Красный переулок,10,3,47.5,4.7468,,,False,True
n2457583301,Парканы,Красный переулок,11,3,27.3,4.7468,,,False,True
n2457583302,Парканы,Красный переулок,11,3,46.9,4.7468,,,False,True
n2457583296,Парканы,Красный переулок,12,3,33.5,4.7468,,,False,True
n2457583300,Парканы,Красный переулок,13,3,14.4,4.7468,,,False,True
n2323343709,Парканы,Красный переулок,15,3,17.0,4.7505,,,False,True
n2323343707,Парканы,Красный переулок,28,3,26.7,4.491,,,False,True
n2323674233,Парканы,Молодёжная улица,1,4,15.5,4.9247,,,False,True
n2323674234,Парканы,Молодёжная улица,2,4,16.5,4.9247,,,False,True
n2459265229,Парканы,Молодёжная улица,3,4,32.6,4.9247,,,False,True
n2459265255,Парканы,Молодёжная улица,4,4,37.8,4.9247,,,False,True
n2459265230,Парканы,Молодёжная улица,5,4,57.2,4.9247,,,False,True
n2459265256,Парканы,Молодёжная улица,6,4,53.7,4.9295,,,False,True
n2459265231,Парканы,Молодёжная улица,7,4,81.3,4.9247,,,False,True
n2459265232,Парканы,Молодёжная улица,9,4,102.2,4.9247,,,False,True
n2459265257,Парканы,Молодёжная улица,10,4,84.1,4.9781,,,False,True
n2459265233,Парканы,Молодёжная улица,11,4,88.6,5.1375,,,False,True
n2459265258,Парканы,Молодёжная улица,12,4,88.6,5.1375,,,False,True
n2459265234,Парканы,Молодёжная улица,13,4,78.6,5.1375,,,False,True
n2459265259,Парканы,Молодёжная улица,14,4,69.0,5.1375,,,False,True
n2459265235,Парканы,Молодёжная улица,15,4,71.0,5.1375,,,False,True
n2459265260,Парканы,Молодёжная улица,16,4,57.2,5.1375,,,False,True
n2459265237,Парканы,Молодёжная улица,17,4,51.3,5.1691,,,False,True
n2459265261,Парканы,Молодёжная улица,18,4,52.3,5.1375,,,False,True
n2459265236,Парканы,Молодёжная улица,19,4,23.6,5.1691,,,False,True
n2459265262,Парканы,Молодёжная улица,20,4,51.6,5.1691,,,False,True
n2459265238,Парканы,Молодёжная улица,21,4,12.1,5.1691,,,False,True
n2459265263,Парканы,Молодёжная улица,22,4,32.8,5.1691,,,False,True
n2459265239,Парканы,Молодёжная улица,23,4,27.7,5.1691,,,False,True
n2459265264,Парканы,Молодёжная улица,24,4,14.2,5.1691,,,False,True
n4816664634,Парканы,Молодёжная улица,24,4,41.6,5.2565,,,False,True
n2459265240,Парканы,Молодёжная улица,25,4,50.2,5.1691,,,False,True
n2459265265,Парканы,Молодёжная улица,26,4,13.0,5.1691,,,False,True
n2459265242,Парканы,Молодёжная улица,27,4,57.0,5.3017,,,False,True
n2459265266,Парканы,Молодёжная улица,28,4,35.5,5.1691,,,False,True
n2459265245,Парканы,Молодёжная улица,29,4,31.5,5.3017,,,False,True
n2459265267,Парканы,Молодёжная улица,30,4,55.5,5.1691,,,False,True
n2459265248,Парканы,Молодёжная улица,31,4,15.7,5.3017,,,False,True
n2459265268,Парканы,Молодёжная улица,32,4,51.2,5.3017,,,False,True
n2459265251,Парканы,Молодёжная улица,33,4,25.4,5.3017,,,False,True
n2459265269,Парканы,Молодёжная улица,34,4,25.7,5.3017,,,False,True
n2459265253,Парканы,Молодёжная улица,35,4,39.0,5.378,,,False,True
n2459265270,Парканы,Молодёжная улица,36,4,6.6,5.3017,,,False,True
n2459265254,Парканы,Молодёжная улица,37,4,18.2,5.378,,,False,True
n2459265271,Парканы,Молодёжная улица,38,4,23.4,5.3017,,,False,True
n2323674235,Парканы,Молодёжная улица,39,4,24.2,5.378,,,False,True
n2459265272,Парканы,Молодёжная улица,40,4,31.3,5.378,,,False,True
n2323674236,Парканы,Молодёжная улица,41,4,18.6,5.4149,,,False,True
n2459265273,Парканы,Молодёжная улица,42,4,10.4,5.378,,,False,True
n2459265287,Парканы,Молодёжная улица,43,4,35.3,5.4149,,,False,True
n2459265274,Парканы,Молодёжная улица,44,4,14.0,5.4149,,,False,True
n4816665209,Парканы,Молодёжная улица,44,4,34.1,5.4149,,,False,True
n2459265288,Парканы,Молодёжная улица,45,4,43.2,5.5086,,,False,True
n4816665035,Парканы,Молодёжная улица,45,4,35.6,5.5086,,,False,True
n2459265275,Парканы,Молодёжная улица,46,4,15.9,5.4149,,,False,True
n4816665210,Парканы,Молодёжная улица,46,4,47.3,5.5086,,,False,True
n2459265289,Парканы,Молодёжная улица,47,4,26.2,5.5086,,,False,True
n2459265276,Парканы,Молодёжная улица,48,4,41.0,5.4149,,,False,True
n4816665316,Парканы,Молодёжная улица,48,4,26.6,5.5086,,,False,True
n2459265290,Парканы,Молодёжная улица,49,4,17.2,5.5086,,,False,True
n2459265277,Парканы,Молодёжная улица,50,4,30.6,5.5086,,,False,True
n4816665317,Парканы,Молодёжная улица,50,4,26.5,5.5086,,,False,True
n2459265291,Парканы,Молодёжная улица,51,4,29.7,5.5086,,,False,True
n2459265278,Парканы,Молодёжная улица,52,4,7.7,5.5086,,,False,True
n2459265292,Парканы,Молодёжная улица,53,4,33.9,5.5862,,,False,True
n2459265279,Парканы,Молодёжная улица,54,4,24.0,5.5086,,,False,True
n2459265293,Парканы,Молодёжная улица,55,4,17.0,5.5862,,,False,True
n4816665213,Парканы,Молодёжная улица,55,4,23.1,5.5862,,,False,True
n2459265280,Парканы,Молодёжная улица,56,4,26.6,5.5862,,,False,True
n4816665319,Парканы,Молодёжная улица,56,4,26.0,5.5862,,,False,True
n2459265294,Парканы,Молодёжная улица,57,4,23.1,5.5862,,,False,True
n2459265281,Парканы,Молодёжная улица,58,4,9.8,5.5862,,,False,True
n2459265295,Парканы,Молодёжная улица,59,4,46.5,5.5862,,,False,True
n2459265282,Парканы,Молодёжная улица,60,4,37.6,5.5862,,,False,True
n2459265296,Парканы,Молодёжная улица,61,4,75.0,5.5862,,,False,True
n4816665215,Парканы,Молодёжная улица,61,4,102.8,5.4724,,,False,True
n2459265283,Парканы,Молодёжная улица,62,4,67.9,5.5862,,,False,True
n2459265284,Парканы,Молодёжная улица,64,4,100.5,5.5862,,,False,True
n2459265297,Парканы,Молодёжная улица,65,4,76.3,5.4724,,,False,True
n2459265285,Парканы,Молодёжная улица,66,4,76.1,5.4724,,,False,True
n2459265286,Парканы,Молодёжная улица,68,4,46.8,5.4724,,,False,True
n2323674239,Парканы,Молодёжная улица,69,4,16.1,5.4818,,,False,True
n2323674238,Парканы,Молодёжная улица,70,4,24.8,5.4724,,,False,True
n4816665218,Парканы,Молодёжная улица,71,4,24.9,5.5137,,,False,True
n2323674240,Парканы,Молодёжная улица,72,4,9.0,5.4812,,,False,True
n2459265306,Парканы,Молодёжная улица,73,4,15.3,5.5137,,,False,True
n2459265299,Парканы,Молодёжная улица,74,4,12.7,5.5137,,,False,True
n2459265307,Парканы,Молодёжная улица,75,4,28.6,5.5137,,,False,True
n2459265300,Парканы,Молодёжная улица,76,4,14.2,5.5137,,,False,True
n2459265308,Парканы,Молодёжная улица,77,4,44.7,5.5137,,,False,True
n2459265301,Парканы,Молодёжная улица,78,4,28.0,5.5137,,,False,True
n2459265309,Парканы,Молодёжная улица,79,4,35.4,5.6081,,,False,True
n4816665220,Парканы,Молодёжная улица,79,4,24.7,5.6081,,,False,True
n2459265302,Парканы,Молодёжная улица,80,4,47.9,5.5137,,,False,True
n2459265310,Парканы,Молодёжная улица,81,4,19.8,5.6081,,,False,True
n2459265303,Парканы,Молодёжная улица,82,4,33.4,5.6081,,,False,True
n2459265319,Парканы,Молодёжная улица,83,4,17.2,5.6081,,,False,True
n2459265304,Парканы,Молодёжная улица,84,4,15.9,5.6081,,,False,True
n2459265320,Парканы,Молодёжная улица,85,4,32.6,5.6081,,,False,True
n2459265311,Парканы,Молодёжная улица,86,4,15.8,5.6081,,,False,True
n2459265321,Парканы,Молодёжная улица,87,4,48.7,5.6081,,,False,True
n2459265312,Парканы,Молодёжная улица,88,4,31.7,5.6081,,,False,True
n2459265322,Парканы,Молодёжная улица,89,4,64.6,5.6081,,,False,True
n2459265313,Парканы,Молодёжная улица,90,4,49.1,5.6081,,,False,True
n2459265323,Парканы,Молодёжная улица,91,4,80.9,5.6081,,,False,True
n2459265314,Парканы,Молодёжная улица,92,4,71.4,5.6081,,,False,True
n2459265324,Парканы,Молодёжная улица,93,4,73.2,5.7776,,,False,True
n2459265315,Парканы,Молодёжная улица,94,4,74.5,5.7776,,,False,True
n2459265325,Парканы,Молодёжная улица,95,4,55.9,5.7776,,,False,True
n2459265316,Парканы,Молодёжная улица,96,4,54.8,5.7776,,,False,True
n2459265326,Парканы,Молодёжная улица,97,4,41.8,5.7776,,,False,True
n2459265317,Парканы,Молодёжная улица,98,4,34.0,5.7776,,,False,True
n4816665821,Парканы,Молодёжная улица,98,4,44.6,5.7776,,,False,True
n2459265327,Парканы,Молодёжная улица,99,4,26.6,5.7776,,,False,True
n2459265318,Парканы,Молодёжная улица,100,4,16.7,5.7776,,,False,True
n2459265328,Парканы,Молодёжная улица,101,4,15.3,5.7776,,,False,True
n2459265330,Парканы,Молодёжная улица,105,4,33.6,5.7776,,,False,True
n2459265331,Парканы,Молодёжная улица,107,4,48.1,5.7776,,,False,True
n2459265332,Парканы,Молодёжная улица,109,4,54.8,5.8937,,,False,True
n2459265352,Парканы,Молодёжная улица,111,4,41.4,5.8937,,,False,True
n2459265333,Парканы,Молодёжная улица,112,4,9.8,5.7776,,,False,True
n2459265356,Парканы,Молодёжная улица,113,4,28.1,5.8937,,,False,True
n2459265334,Парканы,Молодёжная улица,114,4,27.3,5.7776,,,False,True
n2459265358,Парканы,Молодёжная улица,115,4,17.9,5.8937,,,False,True
n2459265335,Парканы,Молодёжная улица,116,4,47.2,5.7776,,,False,True
n2459265362,Парканы,Молодёжная улица,117,4,20.1,5.8937,,,False,True
n2459265336,Парканы,Молодёжная улица,118,4,53.7,5.8937,,,False,True
n2459265365,Парканы,Молодёжная улица,119,4,38.3,5.8937,,,False,True
n2459265339,Парканы,Молодёжная улица,120,4,32.0,5.8937,,,False,True
n2323674243,Парканы,Молодёжная улица,121,4,40.3,6.0205,,,False,True
n2459265368,Парканы,Молодёжная улица,121,4,58.1,6.0205,,,False,True
n2459265341,Парканы,Молодёжная улица,122,4,12.0,5.8937,,,False,True
n2459265349,Парканы,Молодёжная улица,124,4,13.3,5.8937,,,False,True
n2323343681,Парканы,Пионерская улица,1,3,50.2,4.0158,,,False,True
n2323343667,Парканы,Пионерская улица,2,3,25.4,4.0158,,,False,True
n2323343680,Парканы,Пионерская улица,3,3,82.6,4.1085,,,False,True
n2457584907,Парканы,Пионерская улица,4,3,75.1,4.0158,,,False,True
n2323152122,Парканы,Пионерская улица,5,3,53.1,4.4095,,,False,True
n2457584908,Парканы,Пионерская улица,6,3,93.6,4.0158,,,False,True
n2323152108,Парканы,Пионерская улица,7,3,35.1,4.6371,,,False,True
n2457584909,Парканы,Пионерская улица,8,3,92.1,4.1085,,,False,True
n2323152107,Парканы,Пионерская улица,9,3,47.4,4.6371,,,False,True
n2457584910,Парканы,Пионерская улица,10,3,76.6,4.1085,,,False,True
n2457584911,Парканы,Пионерская улица,12,3,61.5,4.1085,,,False,True
n2457584912,Парканы,Пионерская улица,14,3,44.9,4.1085,,,False,True
n2457584913,Парканы,Пионерская улица,16,3,30.5,4.1085,,,False,True
n2457441279,Парканы,Пионерская улица,18,3,49.4,4.1065,,,False,True
w237873683,Парканы,Пионерская улица,18а,3,36.0,4.1065,,,False,True
n2457441274,Парканы,Пионерская улица,20,3,60.7,4.2293,,,False,True
n2457394323,Парканы,Пионерская улица,22,3,40.9,4.2293,,,False,True
n2323152148,Парканы,Пионерская улица,26,3,26.5,4.2838,,,False,True
n2323152126,Парканы,Пионерская улица,28,3,58.4,4.4095,,,False,True
n2323152125,Парканы,Пионерская улица,30,3,57.5,4.5466,,,False,True
n2323152111,Парканы,Пионерская улица,32,3,45.3,4.5466,,,False,True
w306087432,Парканы,Пионерская улица,83,3,28.4,4.6765,,,False,True
w285196658,Парканы,Пионерская улица,85,3,22.6,4.7273,,,False,True
w285196655,Парканы,Пионерская улица,88а,3,31.9,4.7027,,,False,True
n2323152155,Парканы,Пионерская улица,98,3,37.3,4.2293,,,False,True
n2323152145,Парканы,Пионерская улица,100а,3,32.0,4.4095,,,False,True
n2323343682,Парканы,Пионерская улица,103,3,22.8,3.9819,,,False,True
n2323407286,Парканы,Садовая улица,1,2,42.9,3.0338,,,False,True
n2323407284,Парканы,Садовая улица,2,2,44.6,3.0338,,,False,True
n2459596448,Парканы,Садовая улица,3,2,62.1,3.0338,,,False,True
n2459596423,Парканы,Садовая улица,4,2,63.3,3.0338,,,False,True
n2459596449,Парканы,Садовая улица,5,2,83.1,3.0338,,,False,True
n2459596450,Парканы,Садовая улица,5а,2,96.6,3.1031,,,False,True
n2459596424,Парканы,Садовая улица,6,2,71.6,3.0982,,,False,True
n2459596451,Парканы,Садовая улица,7,2,95.8,3.1031,,,False,True
n2459596452,Парканы,Садовая улица,9,2,96.7,3.1031,,,False,True
n2459596426,Парканы,Садовая улица,10,2,66.5,3.1031,,,False,True
n2459596453,Парканы,Садовая улица,11,2,95.8,3.144,,,False,True
n2459596427,Парканы,Садовая улица,12,2,66.2,3.144,,,False,True
n2459596454,Парканы,Садовая улица,13,2,96.9,3.144,,,False,True
n2459596428,Парканы,Садовая улица,14,2,69.3,3.144,,,False,True
n2459596455,Парканы,Садовая улица,15,2,100.9,3.144,,,False,True
n2459596429,Парканы,Садовая улица,16,2,74.8,3.144,,,False,True
n2459596456,Парканы,Садовая улица,17,2,109.5,3.144,,,False,True
n2459596430,Парканы,Садовая улица,18,2,83.8,3.144,,,False,True
n2459596457,Парканы,Садовая улица,19,2,119.9,3.144,,,False,True
n2459596431,Парканы,Садовая улица,20,2,99.5,3.144,,,False,True
n2459596458,Парканы,Садовая улица,21,2,120.0,3.4027,,,False,True
n2459596432,Парканы,Садовая улица,22,2,112.1,3.144,,,False,True
n2459596459,Парканы,Садовая улица,23,2,103.2,3.4027,,,False,True
n2459596433,Парканы,Садовая улица,24,2,90.4,3.4027,,,False,True
n2459596460,Парканы,Садовая улица,25,2,92.0,3.4027,,,False,True
n2459596434,Парканы,Садовая улица,26,2,51.3,3.4027,,,False,True
n2459596461,Парканы,Садовая улица,27,2,71.1,3.4027,,,False,True
n2459596435,Парканы,Садовая улица,28,2,29.9,3.4027,,,False,True
n2459596462,Парканы,Садовая улица,29,2,51.4,3.4027,,,False,True
n2459596436,Парканы,Садовая улица,30,2,14.5,3.4027,,,False,True
n2459596463,Парканы,Садовая улица,31,2,34.2,3.4027,,,False,True
n2459596437,Парканы,Садовая улица,32,2,34.9,3.4027,,,False,True
n2459596464,Парканы,Садовая улица,33,2,22.2,3.4027,,,False,True
n2459596438,Парканы,Садовая улица,34,2,59.6,3.4027,,,False,True
n2459596465,Парканы,Садовая улица,35,2,19.2,3.4027,,,False,True
n2459596439,Парканы,Садовая улица,36,2,79.1,3.5681,,,False,True
n2459596466,Парканы,Садовая улица,37,2,29.3,3.4027,,,False,True
n2459596440,Парканы,Садовая улица,38,2,43.7,3.5681,,,False,True
n2459596467,Парканы,Садовая улица,39,2,43.9,3.4027,,,False,True
n2459596441,Парканы,Садовая улица,40,2,18.8,3.5681,,,False,True
n2459596468,Парканы,Садовая улица,41,2,60.3,3.4027,,,False,True
n2459596442,Парканы,Садовая улица,42,2,20.1,3.5681,,,False,True
n2459596469,Парканы,Садовая улица,43,2,77.5,3.4027,,,False,True
n2459596443,Парканы,Садовая улица,44,2,24.0,3.6126,,,False,True
n2459596470,Парканы,Садовая улица,45,2,74.3,3.5681,,,False,True
n2459596444,Парканы,Садовая улица,46,2,31.2,3.6126,,,False,True
n2459596471,Парканы,Садовая улица,47,2,52.3,3.5681,,,False,True
n2459596445,Парканы,Садовая улица,48,2,45.8,3.6126,,,False,True
n2459596472,Парканы,Садовая улица,49,2,36.5,3.5681,,,False,True
n2459596446,Парканы,Садовая улица,50,2,44.1,3.6458,,,False,True
n2459596473,Парканы,Садовая улица,51,2,21.2,3.5681,,,False,True
n2459596474,Парканы,Садовая улица,51а,2,12.1,3.5681,,,False,True
n2459596447,Парканы,Садовая улица,52,2,21.8,3.6458,,,False,True
n2459596475,Парканы,Садовая улица,53,2,3.2,3.5891,,,False,True
n2323407288,Парканы,Садовая улица,54,3,11.2,3.745,,,False,True
n2459596476,Парканы,Садовая улица,55,2,7.7,3.6126,,,False,True
n2459596514,Парканы,Садовая улица,56,3,29.0,3.745,,,False,True
n2459596477,Парканы,Садовая улица,57,2,12.0,3.6126,,,False,True
n2459596515,Парканы,Садовая улица,58,3,55.0,3.745,,,False,True
n2459596478,Парканы,Садовая улица,59,2,37.5,3.6126,,,False,True
n2459596516,Парканы,Садовая улица,60,3,81.3,3.745,,,False,True
n2459596479,Парканы,Садовая улица,61,2,49.6,3.6458,,,False,True
n2459596517,Парканы,Садовая улица,62,3,106.9,3.745,,,False,True
n2459596480,Парканы,Садовая улица,63,2,32.4,3.6458,,,False,True
n2459596518,Парканы,Садовая улица,64,3,115.7,3.9915,,,False,True
n2459596481,Парканы,Садовая улица,65,2,15.1,3.6458,,,False,True
n2459596519,Парканы,Садовая улица,66,3,93.2,3.9915,,,False,True
n2459596482,Парканы,Садовая улица,67,2,14.1,3.6739,,,False,True
n2459596520,Парканы,Садовая улица,68,3,69.8,3.9915,,,False,True
n2459596483,Парканы,Садовая улица,69,2,13.9,3.687,,,False,True
n2459596521,Парканы,Садовая улица,70,3,44.5,3.9915,,,False,True
n2459596484,Парканы,Садовая улица,71,3,11.9,3.7203,,,False,True
n2459596522,Парканы,Садовая улица,72,3,24.2,3.9915,,,False,True
n2459596485,Парканы,Садовая улица,73,3,12.3,3.7203,,,False,True
n2459596523,Парканы,Садовая улица,74,3,10.7,3.9915,,,False,True
n2459596486,Парканы,Садовая улица,75,3,6.5,3.745,,,False,True
n2459596524,Парканы,Садовая улица,76,3,37.4,3.9915,,,False,True
n2459596487,Парканы,Садовая улица,77,3,13.0,3.745,,,False,True
n2459596488,Парканы,Садовая улица,77а,3,25.4,3.745,,,False,True
n2459596525,Парканы,Садовая улица,78,3,61.3,3.9915,,,False,True
n2459596489,Парканы,Садовая улица,79,2,37.9,3.745,,,False,True
w315424002,Парканы,Садовая улица,79,2,23.1,3.687,,,False,True
n2459596526,Парканы,Садовая улица,80,3,47.5,4.1281,,,False,True
n2459596490,Парканы,Садовая улица,81,3,50.8,3.745,,,False,True
w438647735,Парканы,Садовая улица,81,3,14.9,3.7203,,,False,True
n2459596527,Парканы,Садовая улица,82,3,23.6,4.1281,,,False,True
n4466335379,Парканы,Садовая улица,82,3,17.5,4.1281,,,False,True
n2459596491,Парканы,Садовая улица,83,3,65.9,3.745,,,False,True
n2459596528,Парканы,Садовая улица,84,3,9.7,4.1281,,,False,True
n2459596492,Парканы,Садовая улица,85,3,92.1,3.745,,,False,True
w315424007,Парканы,Садовая улица,85,3,15.9,3.745,,,False,True
n2459596493,Парканы,Садовая улица,85а,3,78.0,3.745,,,False,True
w315424005,Парканы,Садовая улица,85а,3,18.4,3.745,,,False,True
n2459596529,Парканы,Садовая улица,86,3,22.3,4.1809,,,False,True
n2459596495,Парканы,Садовая улица,87,3,120.0,3.745,,,False,True
n2459596494,Парканы,Садовая улица,87а,3,105.2,3.745,,,False,True
n2323589005,Парканы,Садовая улица,88,3,10.5,4.1977,,,False,True
n2459596530,Парканы,Садовая улица,88,3,3.9,4.1809,,,False,True
n2459596496,Парканы,Садовая улица,89,3,113.0,3.9915,,,False,True
n2459596497,Парканы,Садовая улица,91,3,97.5,3.9915,,,False,True
n2459596539,Парканы,Садовая улица,92,3,52.6,4.2592,,,False,True
n2459596538,Парканы,Садовая улица,94,3,68.3,4.3861,,,False,True
n2459596499,Парканы,Садовая улица,95,3,68.3,3.9915,,,False,True
n2323589016,Парканы,Садовая улица,96,3,48.1,4.4052,,,False,True
n2459596500,Парканы,Садовая улица,97,3,54.3,3.9915,,,False,True
n2459596501,Парканы,Садовая улица,99,3,38.3,3.9915,,,False,True
n2459596502,Парканы,Садовая улица,101,3,36.2,3.9915,,,False,True
n2459596503,Парканы,Садовая улица,101а,3,15.7,3.9915,,,False,True
n2459596504,Парканы,Садовая улица,103,3,10.5,3.9915,,,False,True
n2459596505,Парканы,Садовая улица,105,3,19.5,3.9915,,,False,True
n2459596506,Парканы,Садовая улица,107,3,35.5,3.9915,,,False,True
n2459596507,Парканы,Садовая улица,109,3,51.2,3.9915,,,False,True
n2459596508,Парканы,Садовая улица,111,3,66.2,3.9915,,,False,True
n2459596509,Парканы,Садовая улица,113,3,55.4,4.1281,,,False,True
n2459596510,Парканы,Садовая улица,115,3,33.2,4.1281,,,False,True
n2459596511,Парканы,Садовая улица,117,3,18.4,4.1281,,,False,True
n2459596512,Парканы,Садовая улица,119,3,15.3,4.1281,,,False,True
n2459596513,Парканы,Садовая улица,121,3,30.8,4.1809,,,False,True
n2323589008,Парканы,Садовая улица,125,3,25.2,4.2442,,,False,True
n2459596540,Парканы,Садовая улица,127,3,39.0,4.3717,,,False,True
n2323589013,Парканы,Садовая улица,129,3,55.4,4.3861,,,False,True
w306081930,Парканы,Светлая улица,5,4,21.7,5.2253,,,False,True
n2323674245,Парканы,Степная улица,2,4,12.6,4.9695,,,False,True
n2459281647,Парканы,Степная улица,4,4,16.7,4.9781,,,False,True
n2459281650,Парканы,Степная улица,6,4,34.2,4.9781,,,False,True
n2459281653,Парканы,Степная улица,8,4,52.7,4.9781,,,False,True
n2459281656,Парканы,Степная улица,10,4,70.2,4.9781,,,False,True
n2459281659,Парканы,Степная улица,12,4,74.2,5.1375,,,False,True
n2459281662,Парканы,Степная улица,14,4,58.1,5.1375,,,False,True
n2459281665,Парканы,Степная улица,16,4,41.3,5.1375,,,False,True
n2459281668,Парканы,Степная улица,18,4,28.3,5.1375,,,False,True
n2459281672,Парканы,Степная улица,20,4,17.9,5.1375,,,False,True
n2459281676,Парканы,Степная улица,22,4,22.9,5.1375,,,False,True
n2459281679,Парканы,Степная улица,24,4,34.7,5.1375,,,False,True
n2459281682,Парканы,Степная улица,26,4,49.0,5.1375,,,False,True
n2459281692,Парканы,Степная улица,30,4,43.2,5.2565,,,False,True
n2459281695,Парканы,Степная улица,32,4,24.0,5.2565,,,False,True
n2459281698,Парканы,Степная улица,34,4,16.1,5.2565,,,False,True
n2459281701,Парканы,Степная улица,36,4,18.8,5.2565,,,False,True
n2459281704,Парканы,Степная улица,38,4,34.7,5.2565,,,False,True
n2459281707,Парканы,Степная улица,40,4,48.0,5.2565,,,False,True
n2459281710,Парканы,Степная улица,42,4,37.0,5.3509,,,False,True
n2459281713,Парканы,Степная улица,44,4,24.3,5.3509,,,False,True
n2459281716,Парканы,Степная улица,46,4,17.0,5.3509,,,False,True
n2459281719,Парканы,Степная улица,48,4,21.6,5.3509,,,False,True
n2459281722,Парканы,Степная улица,50,4,33.4,5.3509,,,False,True
n2459281725,Парканы,Степная улица,52,4,46.1,5.3509,,,False,True
n2459281727,Парканы,Степная улица,54,4,61.0,5.3509,,,False,True
n2459281729,Парканы,Степная улица,56,4,75.0,5.3509,,,False,True
n2459281735,Парканы,Степная улица,58,4,84.5,5.4149,,,False,True
n2459281732,Парканы,Степная улица,60,4,85.1,5.4149,,,False,True
n2459281738,Парканы,Степная улица,62,4,86.4,5.4149,,,False,True
n2459281741,Парканы,Степная улица,64,4,78.5,5.5583,,,False,True
n2459281742,Парканы,Степная улица,66,4,63.7,5.5583,,,False,True
n2459281743,Парканы,Степная улица,68,4,48.7,5.5583,,,False,True
n2459281744,Парканы,Степная улица,70,4,32.5,5.5583,,,False,True
n2459281745,Парканы,Степная улица,72,4,19.9,5.5583,,,False,True
n2459281746,Парканы,Степная улица,74,4,21.8,5.5583,,,False,True
n2459281747,Парканы,Степная улица,76,4,34.8,5.5583,,,False,True
n2459281748,Парканы,Степная улица,78,4,32.0,5.63,,,False,True
n2459281749,Парканы,Степная улица,80,4,22.0,5.63,,,False,True
n2459281750,Парканы,Степная улица,82,4,21.9,5.63,,,False,True
n2459281751,Парканы,Степная улица,84,4,33.7,5.63,,,False,True
n2459281752,Парканы,Степная улица,86,4,50.2,5.63,,,False,True
n2459281756,Парканы,Степная улица,94,4,76.4,5.5586,,,False,True
n2323674247,Парканы,Степная улица,96,4,58.1,5.5586,,,False,True
n2323407123,Парканы,улица Благоева,1,2,22.9,3.4319,,,False,True
n6861280577,Парканы,улица Благоева,1,2,15.4,3.854,,,False,True
n6861282656,Парканы,улица Благоева,1,2,27.6,3.3648,,,False,True
n6861290589,Парканы,улица Благоева,1,2,17.6,3.8005,,,False,True
n2458446887,Парканы,улица Благоева,5,2,38.8,3.5516,,,False,True
w284652715,Парканы,улица Благоева,5,2,54.5,3.383,,,False,True
n2460744718,Парканы,улица Благоева,6,2,50.5,3.3459,,,False,True
w428539148,Парканы,улица Благоева,6,2,65.5,3.0703,,,False,True
n2458446891,Парканы,улица Благоева,7,2,24.1,3.5516,,,False,True
w284658608,Парканы,улица Благоева,7,2,37.7,3.6184,,,False,True
n2460744721,Парканы,улица Благоева,8,2,37.5,3.3459,,,False,True
w428539149,Парканы,улица Благоева,8,2,44.1,3.2008,,,False,True
n2458446894,Парканы,улица Благоева,9,2,14.4,3.5516,,,False,True
w284652434,Парканы,улица Благоева,10,2,31.1,3.2334,,,False,True
n2323352002,Парканы,улица Благоева,12,2,27.2,3.2008,,,False,True
n2323407145,Парканы,улица Благоева,14,2,15.0,3.4585,,,False,True
n2458446861,Парканы,улица Благоева,16,2,15.8,3.4585,,,False,True
n2458446866,Парканы,улица Благоева,18,2,30.6,3.4585,,,False,True
n2458446868,Парканы,улица Благоева,20,2,47.6,3.5516,,,False,True
n2458446872,Парканы,улица Благоева,22,2,23.8,3.5516,,,False,True
n2458446877,Парканы,улица Благоева,24,2,15.7,3.5516,,,False,True
n2458446881,Парканы,улица Благоева,26,2,11.3,3.5516,,,False,True
n2458446884,Парканы,улица Благоева,28,2,18.8,3.5516,,,False,True
n2458446914,Парканы,улица Благоева,30,2,13.1,3.5828,,,False,True
n2458462489,Парканы,улица Благоева,32,2,29.4,3.5828,,,False,True
n2458462487,Парканы,улица Благоева,34,2,43.7,3.5828,,,False,True
n2458462484,Парканы,улица Благоева,36,2,34.4,3.6749,,,False,True
n2458462478,Парканы,улица Благоева,38,2,18.4,3.6749,,,False,True
n4552707594,Парканы,улица Благоева,38,2,9.5,3.6749,,,False,True
n2458462477,Парканы,улица Благоева,40,2,13.9,3.6749,,,False,True
n2458462476,Парканы,улица Благоева,42,2,19.3,3.6749,,,False,True
n2458462475,Парканы,улица Благоева,44,2,38.5,3.6749,,,False,True
n2458462474,Парканы,улица Благоева,46,3,25.9,3.7652,,,False,True
n2458462438,Парканы,улица Благоева,47,3,41.3,3.8853,,,False,True
n2458454746,Парканы,улица Благоева,47а,3,25.0,3.8853,,,False,True
n2458462471,Парканы,улица Благоева,48,3,8.2,3.7652,,,False,True
n2323407151,Парканы,улица Благоева,49,3,14.0,3.871,,,False,True
n2458462468,Парканы,улица Благоева,50,3,11.6,3.7652,,,False,True
n2458462466,Парканы,улица Благоева,52,3,39.4,3.7652,,,False,True
n2458462463,Парканы,улица Благоева,54,3,28.8,3.8576,,,False,True
n2458462460,Парканы,улица Благоева,56,3,6.8,3.8576,,,False,True
n2458462457,Парканы,улица Благоева,58,3,23.4,3.8576,,,False,True
n2458462454,Парканы,улица Благоева,60,3,35.2,3.8576,,,False,True
n2458462452,Парканы,улица Благоева,62,3,48.8,3.8576,,,False,True
n2458462449,Парканы,улица Благоева,64,3,71.5,3.8576,,,False,True
n2458462446,Парканы,улица Благоева,66,3,46.8,3.8853,,,False,True
n2458462443,Парканы,улица Благоева,68,3,27.6,3.8853,,,False,True
n2458462441,Парканы,улица Благоева,70,3,10.3,3.8853,,,False,True
n2323407148,Парканы,улица Благоева,72,3,17.0,3.8818,,,False,True
w306078207,Парканы,улица Будённого,1,3,20.0,5.067,,,False,True
w306078210,Парканы,улица Будённого,3,3,31.9,5.067,,,False,True
n2457518533,Парканы,улица Будённого,4,3,32.5,4.9074,,,False,True
n2457518534,Парканы,улица Будённого,6,3,33.1,4.9642,,,False,True
n2457518535,Парканы,улица Будённого,8,3,19.3,4.9642,,,False,True
n2457518536,Парканы,улица Будённого,10,3,20.6,4.9642,,,False,True
n2457518537,Парканы,улица Будённого,12,3,31.4,4.9642,,,False,True
n2457518538,Парканы,улица Будённого,14,3,44.9,4.9642,,,False,True
n2457518539,Парканы,улица Будённого,16,3,52.2,5.067,,,False,True
n2457518540,Парканы,улица Будённого,16,3,39.2,5.067,,,False,True
n2457518541,Парканы,улица Будённого,18,3,26.9,5.067,,,False,True
n2457518542,Парканы,улица Будённого,20,3,22.8,5.067,,,False,True
n2457518543,Парканы,улица Будённого,22,3,28.6,5.067,,,False,True
n2323152075,Парканы,улица Будённого,24,4,42.1,5.067,,,False,True
n2323152130,Парканы,улица Будённого,155,4,15.6,5.161,,,False,True
n2323152062,Парканы,улица Будённого,190,4,16.2,5.3111,,,False,True
n2459417175,Парканы,улица Ворошилова,1,2,31.8,3.6037,,,False,True
n2323152099,Парканы,улица Ворошилова,2,2,32.5,3.6185,,,False,True
n2453643618,Парканы,улица Ворошилова,5,2,77.5,3.6185,,,False,True
n2453643628,Парканы,улица Ворошилова,6,2,54.7,3.6185,,,False,True
n2453643619,Парканы,улица Ворошилова,7,2,96.3,3.6185,,,False,True
n4466336235,Парканы,улица Ворошилова,7,2,93.3,3.6185,,,False,True
n2453643629,Парканы,улица Ворошилова,8,2,68.5,3.6185,,,False,True
n2453643620,Парканы,улица Ворошилова,9,3,115.1,3.6185,,,False,True
n2453643630,Парканы,улица Ворошилова,10,2,81.2,3.6185,,,False,True
n2453643621,Парканы,улица Ворошилова,11,3,106.6,3.8549,,,False,True
n2453643631,Парканы,улица Ворошилова,12,2,96.6,3.6185,,,False,True
n2453643632,Парканы,улица Ворошилова,14,3,112.1,3.6185,,,False,True
n2453643622,Парканы,улица Ворошилова,15,3,82.9,3.8549,,,False,True
n2453643633,Парканы,улица Ворошилова,16,3,113.7,3.8549,,,False,True
n2453643623,Парканы,улица Ворошилова,17,3,64.0,3.8549,,,False,True
n2453643634,Парканы,улица Ворошилова,18,3,96.8,3.8549,,,False,True
n2453643635,Парканы,улица Ворошилова,20,3,80.2,3.8549,,,False,True
n2453643636,Парканы,улица Ворошилова,22,3,64.9,3.8549,,,False,True
n2453643637,Парканы,улица Ворошилова,24,3,49.7,3.8549,,,False,True
n2323152117,Парканы,улица Ворошилова,25,3,20.3,3.8549,,,False,True
n2453643638,Парканы,улица Ворошилова,26,3,36.4,3.8549,,,False,True
n2323152118,Парканы,улица Ворошилова,27,3,28.6,3.8762,,,False,True
n2453643639,Парканы,улица Ворошилова,28,3,27.1,3.8549,,,False,True
n2453733105,Парканы,улица Ворошилова,29,3,41.6,3.8762,,,False,True
n2323152119,Парканы,улица Ворошилова,30,3,25.2,3.8549,,,False,True
n2453733106,Парканы,улица Ворошилова,31,3,36.3,3.956,,,False,True
n2453644685,Парканы,улица Ворошилова,32,3,26.4,3.956,,,False,True
n2323152120,Парканы,улица Ворошилова,32а,3,39.6,3.8762,,,False,True
n2453733107,Парканы,улица Ворошилова,33,3,23.5,3.956,,,False,True
n2453644686,Парканы,улица Ворошилова,34,3,40.4,4.0407,,,False,True
n2453733108,Парканы,улица Ворошилова,35,3,19.8,3.956,,,False,True
n2453644687,Парканы,улица Ворошилова,36,3,28.5,4.0407,,,False,True
n2453733110,Парканы,улица Ворошилова,37,3,33.5,3.956,,,False,True
n2453644688,Парканы,улица Ворошилова,38,3,24.2,4.0407,,,False,True
n2453733111,Парканы,улица Ворошилова,39,3,42.9,4.0407,,,False,True
n2453644689,Парканы,улица Ворошилова,40,3,31.0,4.0407,,,False,True
n2454864183,Парканы,улица Ворошилова,41,3,23.2,4.0407,,,False,True
n2453644690,Парканы,улица Ворошилова,42,3,33.4,4.1054,,,False,True
n2454864184,Парканы,улица Ворошилова,43,3,16.5,4.0407,,,False,True
n2453644691,Парканы,улица Ворошилова,44,3,23.7,4.1054,,,False,True
n2454864185,Парканы,улица Ворошилова,45,3,27.5,4.0407,,,False,True
n2454864186,Парканы,улица Ворошилова,47,3,29.0,4.1054,,,False,True
n2453644692,Парканы,улица Ворошилова,48,3,25.9,4.1054,,,False,True
n2454864187,Парканы,улица Ворошилова,49,3,16.7,4.1054,,,False,True
n2453644693,Парканы,улица Ворошилова,50,3,36.1,4.1054,,,False,True
n2454864188,Парканы,улица Ворошилова,51,3,22.6,4.1054,,,False,True
n2453644694,Парканы,улица Ворошилова,52,3,48.7,4.1054,,,False,True
n2454864192,Парканы,улица Ворошилова,53,3,37.3,4.1054,,,False,True
n2453644695,Парканы,улица Ворошилова,54,3,59.9,4.2173,,,False,True
n2454864191,Парканы,улица Ворошилова,55,3,54.6,4.1054,,,False,True
n2453644696,Парканы,улица Ворошилова,56,3,43.3,4.2173,,,False,True
n2454864190,Парканы,улица Ворошилова,57,3,44.0,4.2173,,,False,True
n2453644697,Парканы,улица Ворошилова,58,3,25.6,4.2173,,,False,True
n2454864189,Парканы,улица Ворошилова,59,3,29.3,4.2173,,,False,True
n2453644684,Парканы,улица Ворошилова,60,3,23.1,4.2173,,,False,True
n2453733103,Парканы,улица Ворошилова,61,3,18.8,4.2173,,,False,True
n2453733104,Парканы,улица Ворошилова,61а,3,17.5,4.2173,,,False,True
n2453644698,Парканы,улица Ворошилова,62,3,23.3,4.2503,,,False,True
n2454312933,Парканы,улица Ворошилова,63,3,21.2,4.2503,,,False,True
n2453644699,Парканы,улица Ворошилова,64,3,22.7,4.2503,,,False,True
n2454312934,Парканы,улица Ворошилова,65,3,19.4,4.2503,,,False,True
n2453644700,Парканы,улица Ворошилова,66,3,30.6,4.2503,,,False,True
n2454864193,Парканы,улица Ворошилова,67,3,31.9,4.2503,,,False,True
n2453644701,Парканы,улица Ворошилова,68,3,46.0,4.2503,,,False,True
n2454864194,Парканы,улица Ворошилова,69,3,45.3,4.2503,,,False,True
n2453644702,Парканы,улица Ворошилова,70,3,67.0,4.2503,,,False,True
n2454864195,Парканы,улица Ворошилова,71,3,61.2,4.2503,,,False,True
n2453644703,Парканы,улица Ворошилова,72,3,57.1,4.3826,,,False,True
n2454864196,Парканы,улица Ворошилова,73,3,59.6,4.3826,,,False,True
n2453644704,Парканы,улица Ворошилова,74,3,41.5,4.3826,,,False,True
n2454864197,Парканы,улица Ворошилова,75,3,39.5,4.3826,,,False,True
n2453644705,Парканы,улица Ворошилова,76,3,31.0,4.3826,,,False,True
n2454864198,Парканы,улица Ворошилова,77,3,22.6,4.3826,,,False,True
n2453644706,Парканы,улица Ворошилова,78,3,27.0,4.3826,,,False,True
n2454864199,Парканы,улица Ворошилова,79,3,19.6,4.3826,,,False,True
n2453644707,Парканы,улица Ворошилова,80,3,34.1,4.3826,,,False,True
n2454864200,Парканы,улица Ворошилова,81,3,35.4,4.3826,,,False,True
n2453644708,Парканы,улица Ворошилова,82,3,47.9,4.3826,,,False,True
n2453644709,Парканы,улица Ворошилова,84,3,69.6,4.3826,,,False,True
n2454864201,Парканы,улица Ворошилова,85,3,52.6,4.3826,,,False,True
n2453644710,Парканы,улица Ворошилова,86,3,84.6,4.5466,,,False,True
n2454312932,Парканы,улица Ворошилова,87,3,53.6,4.5466,,,False,True
n2454864202,Парканы,улица Ворошилова,87,3,73.1,4.3826,,,False,True
n2453644711,Парканы,улица Ворошилова,88,3,65.6,4.5466,,,False,True
n2454864203,Парканы,улица Ворошилова,89;91,3,75.0,4.5466,,,False,True
n2323152121,Парканы,улица Ворошилова,90,3,47.4,4.5466,,,False,True
n2323152124,Парканы,улица Ворошилова,92,3,27.2,4.5466,,,False,True
n2454312931,Парканы,улица Ворошилова,93,3,34.0,4.5466,,,False,True
n2454300337,Парканы,улица Ворошилова,94,3,38.2,4.5466,,,False,True
n2323152109,Парканы,улица Ворошилова,95,3,14.1,4.5466,,,False,True
n2454300338,Парканы,улица Ворошилова,96,3,49.5,4.5466,,,False,True
n2323152112,Парканы,улица Ворошилова,97,3,23.1,4.5466,,,False,True
n2454300339,Парканы,улица Ворошилова,98,3,63.7,4.5466,,,False,True
n2453777666,Парканы,улица Ворошилова,99,3,44.1,4.5466,,,False,True
n2453777667,Парканы,улица Ворошилова,99,3,66.7,4.5466,,,False,True
n2454300340,Парканы,улица Ворошилова,100,3,78.9,4.5466,,,False,True
n2453777668,Парканы,улица Ворошилова,101,3,88.0,4.5466,,,False,True
n2454300341,Парканы,улица Ворошилова,102,3,91.0,4.5466,,,False,True
n2456752022,Парканы,улица Ворошилова,103,3,125.0,4.5466,,,False,True
n2454293038,Парканы,улица Ворошилова,104,3,107.6,4.5466,,,False,True
n2456752023,Парканы,улица Ворошилова,105,3,116.0,4.8088,,,False,True
n2454293037,Парканы,улица Ворошилова,106,3,123.6,4.5466,,,False,True
n2456752024,Парканы,улица Ворошилова,107,3,94.6,4.8088,,,False,True
n2454293036,Парканы,улица Ворошилова,108,3,124.3,4.8088,,,False,True
n2456752025,Парканы,улица Ворошилова,109,3,71.5,4.8088,,,False,True
n2454293035,Парканы,улица Ворошилова,110,3,107.5,4.8088,,,False,True
n2453786269,Парканы,улица Ворошилова,111,3,51.4,4.8088,,,False,True
n2454293034,Парканы,улица Ворошилова,112,3,91.1,4.8088,,,False,True
n2453786268,Парканы,улица Ворошилова,113,3,34.2,4.8088,,,False,True
n2454293033,Парканы,улица Ворошилова,114,3,74.8,4.8088,,,False,True
n2453786267,Парканы,улица Ворошилова,115,3,18.6,4.8088,,,False,True
n2454293032,Парканы,улица Ворошилова,116,3,56.9,4.8088,,,False,True
n2453786266,Парканы,улица Ворошилова,117,3,10.0,4.8088,,,False,True
n2454293031,Парканы,улица Ворошилова,118,3,39.8,4.8088,,,False,True
n2453786265,Парканы,улица Ворошилова,119,3,25.5,4.8088,,,False,True
n2454293030,Парканы,улица Ворошилова,120,3,23.0,4.8088,,,False,True
n2453786264,Парканы,улица Ворошилова,121,3,39.3,4.8088,,,False,True
n2454293029,Парканы,улица Ворошилова,122,3,14.2,4.8088,,,False,True
n2453777669,Парканы,улица Ворошилова,123,3,60.0,4.8088,,,False,True
n2454293028,Парканы,улица Ворошилова,124,3,26.6,4.8088,,,False,True
n2453777670,Парканы,улица Ворошилова,125,3,48.4,4.9342,,,False,True
n2454293027,Парканы,улица Ворошилова,126,3,49.0,4.8088,,,False,True
n2453777671,Парканы,улица Ворошилова,127,3,31.7,4.9342,,,False,True
n2454293026,Парканы,улица Ворошилова,128,3,62.0,4.9342,,,False,True
n2453777672,Парканы,улица Ворошилова,129,3,15.9,4.9342,,,False,True
n2454293018,Парканы,улица Ворошилова,130,3,43.0,4.9342,,,False,True
n2453777673,Парканы,улица Ворошилова,131,3,9.3,4.9342,,,False,True
n2454293019,Парканы,улица Ворошилова,132,3,28.9,4.9342,,,False,True
n2453777674,Парканы,улица Ворошилова,133,3,22.6,4.9342,,,False,True
n2454293020,Парканы,улица Ворошилова,134,3,16.9,4.9342,,,False,True
n2453777675,Парканы,улица Ворошилова,135,3,23.6,4.995,,,False,True
n2454293021,Парканы,улица Ворошилова,136,3,16.4,4.9342,,,False,True
n2453777678,Парканы,улица Ворошилова,137,3,8.8,4.995,,,False,True
n2453777677,Парканы,улица Ворошилова,137а,3,19.3,4.995,,,False,True
n2454293022,Парканы,улица Ворошилова,138,3,27.8,4.9342,,,False,True
n2453777676,Парканы,улица Ворошилова,139,3,32.8,5.0673,,,False,True
n2454293023,Парканы,улица Ворошилова,140,3,23.1,4.995,,,False,True
n2323152128,Парканы,улица Ворошилова,141,3,14.8,5.0673,,,False,True
n2454293024,Парканы,улица Ворошилова,142,3,14.9,4.995,,,False,True
n2454293025,Парканы,улица Ворошилова,144,3,22.7,4.995,,,False,True
n2453643607,Парканы,улица Ворошилова,145,3,26.3,5.085,,,False,True
n2454293017,Парканы,улица Ворошилова,146,3,36.6,4.995,,,False,True
n2453643608,Парканы,улица Ворошилова,147,3,14.5,5.1353,,,False,True
n2454293016,Парканы,улица Ворошилова,148,3,22.4,5.0673,,,False,True
n2453643609,Парканы,улица Ворошилова,149,3,12.8,5.1353,,,False,True
n2454293010,Парканы,улица Ворошилова,150,3,12.6,5.0673,,,False,True
n2453643610,Парканы,улица Ворошилова,151,3,13.3,5.1614,,,False,True
n2454293011,Парканы,улица Ворошилова,152,3,14.3,5.085,,,False,True
n2453643611,Парканы,улица Ворошилова,153,4,22.9,5.1614,,,False,True
n2454293012,Парканы,улица Ворошилова,154,3,17.8,5.085,,,False,True
n2454293013,Парканы,улица Ворошилова,156,3,24.6,5.1353,,,False,True
n2323152131,Парканы,улица Ворошилова,157,4,23.3,5.161,,,False,True
n2454293014,Парканы,улица Ворошилова,158,3,14.4,5.1353,,,False,True
n2453643612,Парканы,улица Ворошилова,159,4,37.1,5.161,,,False,True
n2454293015,Парканы,улица Ворошилова,160,3,15.1,5.1614,,,False,True
n2453643613,Парканы,улица Ворошилова,161,4,46.6,5.2063,,,False,True
n2453643615,Парканы,улица Ворошилова,162,4,19.9,5.1614,,,False,True
n2453643614,Парканы,улица Ворошилова,163,4,30.3,5.2063,,,False,True
n2453643616,Парканы,улица Ворошилова,166,4,30.6,5.161,,,False,True
n2323343703,Парканы,улица Гагарина,1,3,16.9,4.8089,,,False,True
n2323343701,Парканы,улица Гагарина,2,3,27.7,4.8089,,,False,True
n2457566424,Парканы,улица Гагарина,3,3,31.4,4.8089,,,False,True
n2457566445,Парканы,улица Гагарина,4,3,32.4,4.8089,,,False,True
n2457566425,Парканы,улица Гагарина,5,3,46.9,4.8089,,,False,True
n2457566446,Парканы,улица Гагарина,6,3,41.3,4.8089,,,False,True
n2457566426,Парканы,улица Гагарина,7,3,60.1,4.8089,,,False,True
n2457566447,Парканы,улица Гагарина,8,3,55.3,4.8089,,,False,True
n2457566427,Парканы,улица Гагарина,9,3,74.1,4.8089,,,False,True
n2457566448,Парканы,улица Гагарина,10,3,68.7,4.8089,,,False,True
n2457566428,Парканы,улица Гагарина,11,3,87.1,4.8089,,,False,True
n2457566449,Парканы,улица Гагарина,12,3,85.2,4.8089,,,False,True
n2457566429,Парканы,улица Гагарина,13,3,71.8,4.9844,,,False,True
n2323343695,Парканы,улица Гагарина,14,3,22.7,4.7608,,,False,True
n2457566450,Парканы,улица Гагарина,14,3,81.0,4.9844,,,False,True
n2457566430,Парканы,улица Гагарина,15,3,57.1,4.9844,,,False,True
n2457566451,Парканы,улица Гагарина,16,3,64.9,4.9844,,,False,True
n2457566431,Парканы,улица Гагарина,17,3,43.9,4.9844,,,False,True
n2457566452,Парканы,улица Гагарина,18,3,48.3,4.9844,,,False,True
n2457566432,Парканы,улица Гагарина,19,3,30.7,4.9844,,,False,True
n2457566453,Парканы,улица Гагарина,20,3,32.6,4.9844,,,False,True
n2457566433,Парканы,улица Гагарина,21,3,16.1,4.9844,,,False,True
n2457566454,Парканы,улица Гагарина,22,3,25.5,4.9844,,,False,True
n2457566434,Парканы,улица Гагарина,23,3,8.7,4.9844,,,False,True
n2457566455,Парканы,улица Гагарина,24,3,25.5,4.9844,,,False,True
n2457566435,Парканы,улица Гагарина,25,3,19.7,4.9844,,,False,True
n2457566456,Парканы,улица Гагарина,26,3,35.0,4.9844,,,False,True
n2457566436,Парканы,улица Гагарина,27,3,34.5,4.9844,,,False,True
n2457566457,Парканы,улица Гагарина,28,3,46.5,4.9844,,,False,True
n2457566437,Парканы,улица Гагарина,29,3,39.2,5.0679,,,False,True
n2457566458,Парканы,улица Гагарина,30,3,31.9,5.0679,,,False,True
n2457566438,Парканы,улица Гагарина,31,3,27.2,5.0679,,,False,True
n2457566459,Парканы,улица Гагарина,32,3,23.0,5.0679,,,False,True
n2457566439,Парканы,улица Гагарина,33,3,12.2,5.0679,,,False,True
n2457566460,Парканы,улица Гагарина,34,3,24.1,5.0679,,,False,True
n2457566440,Парканы,улица Гагарина,35,3,12.0,5.0679,,,False,True
n2457566461,Парканы,улица Гагарина,36,3,31.4,5.0679,,,False,True
n2457566441,Парканы,улица Гагарина,37,3,22.5,5.0679,,,False,True
n2457566462,Парканы,улица Гагарина,38,3,37.5,5.12,,,False,True
n2457566442,Парканы,улица Гагарина,39,3,35.6,5.0679,,,False,True
n2457566443,Парканы,улица Гагарина,39а,3,22.5,5.12,,,False,True
n2323343702,Парканы,улица Гагарина,40,3,25.0,5.12,,,False,True
n2457566444,Парканы,улица Гагарина,41,3,11.2,5.12,,,False,True
n2323343704,Парканы,улица Гагарина,43,3,16.5,5.12,,,False,True
n2323352009,Парканы,улица Гоголя,2,2,7.9,3.4894,,,False,True
w284659727,Парканы,улица Гоголя,2,2,27.1,3.4894,,,False,True
n2457786461,Парканы,улица Гоголя,3,2,15.9,3.5591,,,False,True
n2457746141,Парканы,улица Гоголя,4,2,5.9,3.5317,,,False,True
w284659730,Парканы,улица Гоголя,4,2,25.4,3.4894,,,False,True
n2457786462,Парканы,улица Гоголя,5,2,41.1,3.6399,,,False,True
n5653833918,Парканы,улица Гоголя,5,2,44.9,3.6399,,,False,True
n2457746140,Парканы,улица Гоголя,6,2,12.2,3.5317,,,False,True
w284659737,Парканы,улица Гоголя,6,2,23.1,3.5317,,,False,True
n2457746139,Парканы,улица Гоголя,8,2,5.1,3.5591,,,False,True
w284659738,Парканы,улица Гоголя,8,2,23.4,3.5591,,,False,True
n2460744731,Парканы,улица Гоголя,14,2,46.8,3.3459,,,False,True
n2323352014,Парканы,улица Гоголя,15,2,66.2,3.6387,,,False,True
n2460744732,Парканы,улица Гоголя,16,2,60.2,3.3459,,,False,True
n2323352017,Парканы,улица Гоголя,17,3,63.4,3.7701,,,False,True
n2460744733,Парканы,улица Гоголя,18,2,34.3,3.4582,,,False,True
n2323352018,Парканы,улица Гоголя,19,3,79.0,3.9495,,,False,True
n2460744734,Парканы,улица Гоголя,20,2,25.4,3.4582,,,False,True
n2460744735,Парканы,улица Гоголя,22,2,24.9,3.4783,,,False,True
n2460744736,Парканы,улица Гоголя,24,2,31.9,3.4783,,,False,True
n2460744737,Парканы,улица Гоголя,26,2,27.8,3.5385,,,False,True
n2460744738,Парканы,улица Гоголя,28,2,17.1,3.5385,,,False,True
n2460744739,Парканы,улица Гоголя,30,2,22.8,3.5385,,,False,True
n2460744740,Парканы,улица Гоголя,32,2,37.9,3.5385,,,False,True
n2460744741,Парканы,улица Гоголя,34,2,36.9,3.623,,,False,True
n2460744742,Парканы,улица Гоголя,36,2,20.3,3.623,,,False,True
n2460744743,Парканы,улица Гоголя,38,2,22.3,3.623,,,False,True
n2460744744,Парканы,улица Гоголя,40,2,40.3,3.623,,,False,True
n2460744745,Парканы,улица Гоголя,42,2,52.8,3.623,,,False,True
n2460744747,Парканы,улица Гоголя,46,3,50.2,3.7701,,,False,True
n4063271093,Парканы,улица Гоголя,46,3,64.4,3.7701,,,False,True
n2460744748,Парканы,улица Гоголя,48,3,33.3,3.7701,,,False,True
n2460744749,Парканы,улица Гоголя,50,3,19.5,3.7701,,,False,True
n2460744750,Парканы,улица Гоголя,52,3,15.1,3.7701,,,False,True
n2460744751,Парканы,улица Гоголя,56,3,40.3,3.7701,,,False,True
n2460744752,Парканы,улица Гоголя,58,3,57.7,3.7701,,,False,True
n7923584705,Парканы,улица Гоголя,62,3,73.7,3.7701,,,False,True
n7923584706,Парканы,улица Гоголя,64А,3,88.1,3.7701,,,False,True
n7913464568,Парканы,улица Гоголя,64Б,3,84.6,3.9495,,,False,True
n2460744758,Парканы,улица Гоголя,66,3,55.5,3.9495,,,False,True
n2460744760,Парканы,улица Гоголя,68,3,33.6,3.9495,,,False,True
n2323152058,Парканы,улица Горького,1,3,28.6,4.2054,,,False,True
n2450934139,Парканы,улица Горького,3,3,49.2,4.4239,,,False,True
n2450882336,Парканы,улица Горького,4,3,44.8,4.2054,,,False,True
n2450934140,Парканы,улица Горького,5,3,50.8,4.4239,,,False,True
n2450882337,Парканы,улица Горького,6,3,56.3,4.2054,,,False,True
n2450934141,Парканы,улица Горького,7,3,45.0,4.4239,,,False,True
n2450882338,Парканы,улица Горького,8,3,70.5,4.2054,,,False,True
n2450934142,Парканы,улица Горького,9,3,33.8,4.3607,,,False,True
n2450882339,Парканы,улица Горького,10,3,75.4,4.3607,,,False,True
n2450934143,Парканы,улица Горького,11,3,18.5,4.3607,,,False,True
n2450882340,Парканы,улица Горького,12,3,62.1,4.3607,,,False,True
n2450934144,Парканы,улица Горького,13,3,22.3,4.3607,,,False,True
n2450882341,Парканы,улица Горького,14,3,48.7,4.3607,,,False,True
n2450934145,Парканы,улица Горького,15,3,34.4,4.3607,,,False,True
n2450882342,Парканы,улица Горького,16,3,37.0,4.3607,,,False,True
n2450934146,Парканы,улица Горького,17,3,50.6,4.3607,,,False,True
n2450882343,Парканы,улица Горького,18,3,25.5,4.3607,,,False,True
n2450882344,Парканы,улица Горького,20,3,16.6,4.3607,,,False,True
n2450934147,Парканы,улица Горького,21,3,69.3,4.3607,,,False,True
n2450882345,Парканы,улица Горького,22,3,15.2,4.3607,,,False,True
n2450934148,Парканы,улица Горького,23,3,86.9,4.3607,,,False,True
n2450882346,Парканы,улица Горького,24,3,21.0,4.3607,,,False,True
n2450934149,Парканы,улица Горького,25,3,72.1,4.5355,,,False,True
n2450882347,Парканы,улица Горького,26,3,32.1,4.3607,,,False,True
n2450934150,Парканы,улица Горького,27,3,53.6,4.5355,,,False,True
n2450882349,Парканы,улица Горького,28,3,41.2,4.3607,,,False,True
n2450934151,Парканы,улица Горького,29,3,33.9,4.5355,,,False,True
n2450882351,Парканы,улица Горького,30,3,54.8,4.3607,,,False,True
n2450934152,Парканы,улица Горького,31,3,21.0,4.5355,,,False,True
n2450882354,Парканы,улица Горького,32,3,64.6,4.3607,,,False,True
n2450934153,Парканы,улица Горького,33,3,20.2,4.5355,,,False,True
n2450882355,Парканы,улица Горького,34,3,74.6,4.3607,,,False,True
n2450934154,Парканы,улица Горького,35,3,31.1,4.5355,,,False,True
n2450882356,Парканы,улица Горького,36,3,84.6,4.3607,,,False,True
n2450934155,Парканы,улица Горького,37,3,51.8,4.5355,,,False,True
n2450882357,Парканы,улица Горького,38,3,80.8,4.5355,,,False,True
n2450934156,Парканы,улица Горького,39,3,73.1,4.5355,,,False,True
n2450882358,Парканы,улица Горького,40,3,69.6,4.5355,,,False,True
n2450934157,Парканы,улица Горького,41,3,94.7,4.5355,,,False,True
n2450882359,Парканы,улица Горького,42,3,58.6,4.5355,,,False,True
n2450934158,Парканы,улица Горького,43,3,81.8,4.7331,,,False,True
n2450882360,Парканы,улица Горького,44,3,48.9,4.5355,,,False,True
n2450934159,Парканы,улица Горького,45,3,58.0,4.7331,,,False,True
n2450934160,Парканы,улица Горького,47,3,34.7,4.7331,,,False,True
n2450882361,Парканы,улица Горького,48,3,37.3,4.5355,,,False,True
n2450934161,Парканы,улица Горького,49;53,3,22.1,4.7331,,,False,True
n2450882362,Парканы,улица Горького,50,3,26.9,4.5355,,,False,True
n2450934162,Парканы,улица Горького,51,3,21.6,4.7331,,,False,True
n2450882363,Парканы,улица Горького,52,3,17.6,4.5355,,,False,True
n2450882364,Парканы,улица Горького,54,3,15.8,4.5355,,,False,True
n2450934164,Парканы,улица Горького,55,3,32.9,4.7331,,,False,True
n2450882365,Парканы,улица Горького,56,3,22.3,4.5355,,,False,True
n2450934163,Парканы,улица Горького,57,3,48.7,4.7331,,,False,True
n2450882366,Парканы,улица Горького,58,3,34.0,4.5355,,,False,True
n4517726684,Парканы,улица Горького,58,3,76.4,4.7331,,,False,True
n2450934165,Парканы,улица Горького,59,3,67.4,4.7331,,,False,True
n2450882367,Парканы,улица Горького,60,3,50.6,4.5355,,,False,True
n2450934166,Парканы,улица Горького,61,3,53.5,4.8643,,,False,True
n4466336169,Парканы,улица Горького,61,3,21.0,4.7331,,,False,True
n2450882368,Парканы,улица Горького,62,3,68.2,4.5355,,,False,True
n2450882369,Парканы,улица Горького,64,3,83.7,4.5355,,,False,True
n2450882370,Парканы,улица Горького,66,3,90.7,4.7331,,,False,True
n2450934167,Парканы,улица Горького,67,3,37.6,4.8643,,,False,True
n2450882371,Парканы,улица Горького,68,3,76.4,4.7331,,,False,True
n2450934168,Парканы,улица Горького,69,3,25.9,4.8643,,,False,True
n2450882372,Парканы,улица Горького,70,3,60.6,4.7331,,,False,True
n2450934169,Парканы,улица Горького,71,3,20.3,4.8643,,,False,True
n2450882373,Парканы,улица Горького,72,3,46.7,4.7331,,,False,True
n2450934171,Парканы,улица Горького,73,3,26.3,4.8643,,,False,True
n2450882374,Парканы,улица Горького,74,3,32.1,4.7331,,,False,True
n4466336290,Парканы,улица Горького,75,3,15.8,4.8643,,,False,True
n2450882375,Парканы,улица Горького,76,3,19.5,4.7331,,,False,True
n2450934173,Парканы,улица Горького,77,3,37.8,4.8643,,,False,True
n2450882376,Парканы,улица Горького,78,3,17.1,4.7331,,,False,True
n2450934175,Парканы,улица Горького,79,3,52.5,4.8643,,,False,True
n2450882377,Парканы,улица Горького,80,3,22.6,4.7331,,,False,True
n2450934176,Парканы,улица Горького,81,3,67.4,4.8643,,,False,True
n2450882378,Парканы,улица Горького,82,3,34.6,4.7331,,,False,True
n2450934177,Парканы,улица Горького,83,3,62.3,4.9999,,,False,True
n2450882379,Парканы,улица Горького,84,3,47.8,4.7331,,,False,True
n2450934178,Парканы,улица Горького,85,3,45.3,4.9999,,,False,True
n2450882380,Парканы,улица Горького,86,3,63.0,4.7331,,,False,True
n2450934179,Парканы,улица Горького,87,3,31.6,4.9999,,,False,True
n2450882381,Парканы,улица Горького,88,3,58.6,4.8643,,,False,True
n2450934180,Парканы,улица Горького,89,3,25.4,4.9999,,,False,True
n2450882382,Парканы,улица Горького,90,3,44.1,4.8643,,,False,True
n2450934181,Парканы,улица Горького,91,3,27.3,4.9999,,,False,True
n2450882383,Парканы,улица Горького,92,3,26.7,4.8643,,,False,True
n2450934182,Парканы,улица Горького,93,3,36.7,4.9999,,,False,True
n2450882384,Парканы,улица Горького,94,3,17.2,4.8643,,,False,True
n2450934183,Парканы,улица Горького,95,3,56.5,4.9999,,,False,True
n2450882385,Парканы,улица Горького,96,3,23.3,4.8643,,,False,True
n2450934184,Парканы,улица Горького,97,3,77.4,4.9999,,,False,True
n2450882386,Парканы,улица Горького,98,3,37.4,4.8643,,,False,True
n2450934185,Парканы,улица Горького,99,3,65.7,5.0132,,,False,True
n2450882387,Парканы,улица Горького,100,3,55.2,4.8643,,,False,True
n2450934186,Парканы,улица Горького,101,3,43.6,5.0132,,,False,True
n2450882388,Парканы,улица Горького,102,3,69.3,4.9999,,,False,True
n2450934187,Парканы,улица Горького,103,3,30.8,5.0132,,,False,True
n2450882389,Парканы,улица Горького,104,3,52.0,4.9999,,,False,True
n2450934188,Парканы,улица Горького,105,3,30.4,5.0132,,,False,True
n2450882390,Парканы,улица Горького,106,3,37.3,4.9999,,,False,True
n4517727171,Парканы,улица Горького,106,3,14.6,4.9999,,,False,True
n2450882391,Парканы,улица Горького,108,3,15.3,4.9999,,,False,True
n2450934189,Парканы,улица Горького,109,3,48.6,5.0132,,,False,True
n2450882392,Парканы,улица Горького,110,3,20.3,4.9999,,,False,True
n2450934190,Парканы,улица Горького,111,3,49.5,5.1235,,,False,True
n2450882393,Парканы,улица Горького,112,3,26.4,4.9999,,,False,True
n2450934191,Парканы,улица Горького,113,3,26.5,5.1235,,,False,True
n2450882394,Парканы,улица Горького,114,3,42.1,4.9999,,,False,True
n2450934192,Парканы,улица Горького,115,3,19.8,5.1235,,,False,True
n2450882395,Парканы,улица Горького,116,3,58.2,4.9999,,,False,True
n2450934193,Парканы,улица Горького,117,3,36.1,5.1235,,,False,True
n2450882396,Парканы,улица Горького,118,3,77.8,4.9999,,,False,True
n2450934194,Парканы,улица Горького,119,4,27.4,5.2018,,,False,True
n2450882397,Парканы,улица Горького,120,3,67.8,5.0132,,,False,True
n2450934195,Парканы,улица Горького,121,4,17.7,5.2018,,,False,True
n2450882398,Парканы,улица Горького,122,3,51.4,5.0132,,,False,True
n2450934196,Парканы,улица Горького,123,4,23.0,5.2406,,,False,True
n2450882399,Парканы,улица Горького,124,3,36.9,5.0132,,,False,True
n2450934197,Парканы,улица Горького,125,4,17.6,5.2406,,,False,True
n2323152060,Парканы,улица Горького,126,3,22.0,5.0132,,,False,True
n2450951710,Парканы,улица Горького,127,4,21.4,5.2653,,,False,True
n2323152061,Парканы,улица Горького,128,3,39.0,5.0132,,,False,True
n2450951713,Парканы,улица Горького,129,3,23.2,5.2653,,,False,True
n4886201799,Парканы,улица Горького,129,3,18.8,5.1235,,,False,True
n2450962238,Парканы,улица Горького,130,3,54.1,5.0132,,,False,True
n2450951717,Парканы,улица Горького,131,4,34.3,5.2653,,,False,True
n2450962239,Парканы,улица Горького,132,3,39.7,5.1235,,,False,True
n2450951721,Парканы,улица Горького,133,4,50.1,5.2653,,,False,True
n2450962240,Парканы,улица Горького,134,3,25.5,5.1235,,,False,True
n2450951725,Парканы,улица Горького,135,4,62.3,5.2653,,,False,True
n2450962241,Парканы,улица Горького,136,3,13.4,5.1235,,,False,True
n2450951728,Парканы,улица Горького,137,4,77.3,5.4139,,,False,True
n4517725569,Парканы,улица Горького,137,4,23.8,5.2406,,,False,True
n2450962242,Парканы,улица Горького,138,3,20.9,5.1235,,,False,True
n2450951732,Парканы,улица Горького,139,4,61.9,5.4139,,,False,True
n2450962243,Парканы,улица Горького,140,3,35.9,5.1235,,,False,True
n2450951736,Парканы,улица Горького,141,4,47.9,5.4139,,,False,True
n2450962244,Парканы,улица Горького,142,4,34.4,5.2018,,,False,True
n2450951740,Парканы,улица Горького,143,4,36.8,5.4139,,,False,True
n2450962245,Парканы,улица Горького,144,4,23.8,5.2018,,,False,True
n2450951744,Парканы,улица Горького,145,4,26.1,5.4139,,,False,True
n2450962246,Парканы,улица Горького,146,4,17.8,5.2018,,,False,True
n2450951747,Парканы,улица Горького,147,4,23.4,5.4139,,,False,True
n2450962247,Парканы,улица Горького,148,4,25.2,5.2018,,,False,True
n2450951751,Парканы,улица Горького,149,4,30.2,5.4139,,,False,True
n2450962248,Парканы,улица Горького,150,4,17.8,5.2406,,,False,True
n2450951755,Парканы,улица Горького,151,4,39.1,5.4139,,,False,True
n2450951758,Парканы,улица Горького,151,4,53.4,5.4139,,,False,True
n2450962249,Парканы,улица Горького,152,4,20.5,5.2653,,,False,True
n2450951762,Парканы,улица Горького,153,4,67.7,5.4139,,,False,True
n2450962250,Парканы,улица Горького,154,4,18.8,5.2653,,,False,True
n2450962252,Парканы,улица Горького,156,4,25.8,5.2653,,,False,True
n2450951765,Парканы,улица Горького,157,4,81.5,5.4139,,,False,True
n2450962253,Парканы,улица Горького,158,4,39.4,5.2653,,,False,True
n2450951770,Парканы,улица Горького,159,4,72.8,5.3111,,,False,True
n2450962254,Парканы,улица Горького,160,4,54.8,5.2653,,,False,True
n2450951774,Парканы,улица Горького,161,4,59.1,5.3111,,,False,True
n2450962255,Парканы,улица Горького,162,4,73.3,5.2653,,,False,True
n2450951777,Парканы,улица Горького,163,4,45.1,5.3111,,,False,True
n2450962256,Парканы,улица Горького,164,4,63.9,5.4139,,,False,True
n2450951781,Парканы,улица Горького,165,4,33.4,5.3111,,,False,True
n2450962258,Парканы,улица Горького,166,4,48.8,5.4139,,,False,True
n2450951785,Парканы,улица Горького,167,4,24.0,5.3111,,,False,True
n2450962260,Парканы,улица Горького,168,4,31.9,5.4139,,,False,True
n2450951789,Парканы,улица Горького,169,4,27.0,5.3111,,,False,True
n2450962261,Парканы,улица Горького,170,4,20.2,5.4139,,,False,True
n2450951793,Парканы,улица Горького,171,4,40.1,5.3111,,,False,True
n2450962262,Парканы,улица Горького,172,4,17.9,5.4139,,,False,True
n2450951803,Парканы,улица Горького,173,4,36.9,5.3505,,,False,True
n2450962263,Парканы,улица Горького,174,4,27.5,5.4139,,,False,True
n2450962264,Парканы,улица Горького,176,4,41.0,5.4139,,,False,True
n2450962265,Парканы,улица Горького,178,4,55.2,5.4139,,,False,True
n2450962266,Парканы,улица Горького,180,4,72.4,5.4139,,,False,True
n2450962267,Парканы,улица Горького,182,4,77.6,5.3111,,,False,True
n2450962268,Парканы,улица Горького,184,4,61.2,5.3111,,,False,True
n2450962269,Парканы,улица Горького,186,4,47.1,5.3111,,,False,True
n2450962270,Парканы,улица Горького,188,4,33.7,5.3111,,,False,True
n2323152063,Парканы,улица Горького,192,4,30.7,5.3111,,,False,True
n6861250966,Парканы,улица Димитрова,4,2,24.2,3.7028,,,False,True
w733032833,Парканы,улица Димитрова,4,2,23.4,3.7028,,,False,True
n6861292342,Парканы,улица Димитрова,5,2,14.7,3.6727,,,False,True
w733032832,Парканы,улица Димитрова,5,2,15.5,3.6727,,,False,True
w223437272,Парканы,улица Димитрова,6,2,24.4,3.2273,,,False,True
n2458439728,Парканы,улица Димитрова,8,2,83.3,3.2354,,,False,True
n2458439725,Парканы,улица Димитрова,8а,2,111.9,3.2354,,,False,True
n2458439723,Парканы,улица Димитрова,10,2,134.1,3.8005,,,False,True
n2458439720,Парканы,улица Димитрова,12,2,120.6,3.5203,,,False,True
n2458439712,Парканы,улица Димитрова,14,2,82.2,3.5203,,,False,True
n2458439710,Парканы,улица Димитрова,16,2,41.1,3.5203,,,False,True
n2458439705,Парканы,улица Димитрова,18,2,18.9,3.5203,,,False,True
n2458439717,Парканы,улица Димитрова,25,2,98.7,3.5203,,,False,True
n2458439715,Парканы,улица Димитрова,27,2,68.7,3.5203,,,False,True
n2458439707,Парканы,улица Димитрова,29,2,41.4,3.5203,,,False,True
w294963846,Парканы,улица Димитрова,29а,2,103.7,3.5203,,,False,True
n2458439702,Парканы,улица Димитрова,31,2,27.1,3.5203,,,False,True
n2458439689,Парканы,улица Димитрова,32,2,35.4,3.5991,,,False,True
n2458439700,Парканы,улица Димитрова,33,2,16.2,3.5203,,,False,True
n2458439687,Парканы,улица Димитрова,34,2,12.0,3.5991,,,False,True
n2458439697,Парканы,улица Димитрова,35,2,26.7,3.5203,,,False,True
n2458439684,Парканы,улица Димитрова,36,2,17.8,3.6032,,,False,True
n2458439694,Парканы,улица Димитрова,37,2,40.2,3.5991,,,False,True
n2458439682,Парканы,улица Димитрова,38,2,32.3,3.6032,,,False,True
n2458439692,Парканы,улица Димитрова,39,2,27.8,3.6065,,,False,True
n2458439680,Парканы,улица Димитрова,40,2,31.2,3.6757,,,False,True
n2323407281,Парканы,улица Димитрова,41,2,12.7,3.613,,,False,True
n2458439679,Парканы,улица Димитрова,42,2,21.5,3.6757,,,False,True
n2323407154,Парканы,улица Димитрова,44,2,19.6,3.7035,,,False,True
n2323674197,Парканы,улица Дружбы,1,4,18.5,5.9534,,,False,True
w345068936,Парканы,улица Дружбы,2,4,27.7,5.925,,,False,True
n2460055536,Парканы,улица Дружбы,3,4,40.6,5.9534,,,False,True
w345068937,Парканы,улица Дружбы,4,4,49.8,5.925,,,False,True
n2460055537,Парканы,улица Дружбы,5,4,61.2,5.9534,,,False,True
n2460055538,Парканы,улица Дружбы,7,4,84.3,5.9534,,,False,True
n2460055539,Парканы,улица Дружбы,9,4,105.5,5.9534,,,False,True
n2460055540,Парканы,улица Дружбы,11,4,124.2,5.9534,,,False,True
n2460055541,Парканы,улица Дружбы,13,4,141.5,6.2353,,,False,True
n2460055542,Парканы,улица Дружбы,15,4,121.4,6.2353,,,False,True
w284683007,Парканы,улица Дружбы,16,4,23.7,6.2353,,,False,True
n2460055543,Парканы,улица Дружбы,17,4,104.7,6.2353,,,False,True
n2460055544,Парканы,улица Дружбы,19,4,84.5,6.2353,,,False,True
n2460055545,Парканы,улица Дружбы,21,4,64.5,6.2353,,,False,True
n2460055546,Парканы,улица Дружбы,23,4,48.1,6.2353,,,False,True
n2460055547,Парканы,улица Дружбы,25,4,26.4,6.2353,,,False,True
n2460055548,Парканы,улица Дружбы,27,4,10.4,6.2353,,,False,True
n2323343688,Парканы,улица Калинина,1,3,28.4,4.3478,,,False,True
n2323343690,Парканы,улица Калинина,2,3,103.5,4.3478,,,False,True
n2457583307,Парканы,улица Калинина,3,3,43.3,4.3478,,,False,True
n2457583288,Парканы,улица Калинина,4,3,119.2,4.3478,,,False,True
n2457583308,Парканы,улица Калинина,5,3,59.7,4.3478,,,False,True
n2457583290,Парканы,улица Калинина,8,3,143.1,4.3478,,,False,True
n2457583309,Парканы,улица Калинина,9,3,76.5,4.3478,,,False,True
n2457583310,Парканы,улица Калинина,9,3,93.6,4.3478,,,False,True
n2457583291,Парканы,улица Калинина,10,3,151.0,4.8048,,,False,True
n2457583311,Парканы,улица Калинина,11,3,109.4,4.3478,,,False,True
n2457583292,Парканы,улица Калинина,12,3,141.8,4.8048,,,False,True
n2457583312,Парканы,улица Калинина,13,3,126.6,4.3478,,,False,True
n2457583293,Парканы,улица Калинина,14,3,128.5,4.8048,,,False,True
n2457583313,Парканы,улица Калинина,15,3,143.8,4.3478,,,False,True
n2457583294,Парканы,улица Калинина,16,3,119.0,4.8015,,,False,True
n2457583314,Парканы,улица Калинина,17,3,151.8,4.5698,,,False,True
n2457583295,Парканы,улица Калинина,18,3,108.1,4.6406,,,False,True
n2457583315,Парканы,улица Калинина,19,3,135.6,4.5698,,,False,True
n2323343692,Парканы,улица Калинина,20,3,80.3,4.6406,,,False,True
n2457583316,Парканы,улица Калинина,21,3,121.8,4.5698,,,False,True
n2457583317,Парканы,улица Калинина,23,3,106.8,4.5698,,,False,True
n2457583318,Парканы,улица Калинина,25,3,88.3,4.6406,,,False,True
n2323343691,Парканы,улица Калинина,27,3,69.2,4.6406,,,False,True
w285192064,Парканы,улица Карла Маркса,1,3,30.2,3.901,,,False,True
w285192626,Парканы,улица Карла Маркса,1,3,61.7,3.901,,,False,True
w284651577,Парканы,улица Карла Маркса,2,3,50.2,3.8069,,,False,True
w284651576,Парканы,улица Карла Маркса,4,3,63.9,3.7798,,,False,True
n2323352005,Парканы,улица Карла Маркса,5,3,15.2,3.9164,,,False,True
n5026954958,Парканы,улица Карла Маркса,5,3,29.3,3.9513,,,False,True
w285192629,Парканы,улица Карла Маркса,6,3,57.7,3.901,,,False,True
n2457626510,Парканы,улица Карла Маркса,7,3,14.2,3.9513,,,False,True
w284651574,Парканы,улица Карла Маркса,8,3,45.9,3.901,,,False,True
n2323352019,Парканы,улица Карла Маркса,9,3,28.2,3.9495,,,False,True
w284651579,Парканы,улица Карла Маркса,10,3,36.0,3.901,,,False,True
n2323352006,Парканы,улица Карла Маркса,11,3,29.7,4.0116,,,False,True
w284651581,Парканы,улица Карла Маркса,12,3,27.9,3.901,,,False,True
n2457626533,Парканы,улица Карла Маркса,13,3,18.3,4.0116,,,False,True
w284651582,Парканы,улица Карла Маркса,14,3,32.5,3.9144,,,False,True
n2457626537,Парканы,улица Карла Маркса,15,3,15.0,4.0116,,,False,True
n2457626540,Парканы,улица Карла Маркса,17,3,27.5,4.0724,,,False,True
n2323407206,Парканы,улица Карла Маркса,18,3,12.1,3.88,,,False,True
n2458504599,Парканы,улица Карла Маркса,19,3,13.2,4.0724,,,False,True
n2457626514,Парканы,улица Карла Маркса,20,3,17.2,3.9164,,,False,True
n2458504600,Парканы,улица Карла Маркса,21,3,17.9,4.0724,,,False,True
n2457626521,Парканы,улица Карла Маркса,22,3,22.3,3.9513,,,False,True
n4466335882,Парканы,улица Карла Маркса,22,3,26.7,3.9164,,,False,True
n2458504606,Парканы,улица Карла Маркса,23,3,27.0,4.0724,,,False,True
n2457626524,Парканы,улица Карла Маркса,24,3,15.9,3.9513,,,False,True
n2458504607,Парканы,улица Карла Маркса,25,3,19.6,4.1255,,,False,True
n3464331849,Парканы,улица Карла Маркса,25a,3,12.4,3.7798,,,False,True
n2458504608,Парканы,улица Карла Маркса,27,3,14.2,4.1255,,,False,True
n2458504609,Парканы,улица Карла Маркса,29,3,12.2,4.1475,,,False,True
n2323407211,Парканы,улица Карла Маркса,30,3,30.3,3.9495,,,False,True
n2458505586,Парканы,улица Карла Маркса,31,3,28.5,4.1475,,,False,True
n2323407215,Парканы,улица Карла Маркса,32,3,14.5,3.9495,,,False,True
n2458505587,Парканы,улица Карла Маркса,33,3,16.2,4.2106,,,False,True
n2458504596,Парканы,улица Карла Маркса,34,3,26.5,3.9495,,,False,True
n2458529464,Парканы,улица Карла Маркса,35,3,19.7,4.2106,,,False,True
n2458504597,Парканы,улица Карла Маркса,36,3,25.7,4.0116,,,False,True
n2458529467,Парканы,улица Карла Маркса,37,3,32.5,4.2106,,,False,True
n2458504598,Парканы,улица Карла Маркса,38,3,10.3,4.0116,,,False,True
n2458529470,Парканы,улица Карла Маркса,39,3,29.9,4.2833,4.605,0.3217,False,True
n2458504601,Парканы,улица Карла Маркса,40,3,17.3,4.0116,,,False,True
n2458529472,Парканы,улица Карла Маркса,41,3,17.7,4.2833,4.6229,0.3396,False,True
n2458504602,Парканы,улица Карла Маркса,42,3,28.6,4.0724,,,False,True
n2458529485,Парканы,улица Карла Маркса,43,3,17.6,4.2833,4.6415,0.3582,False,True
n2458504603,Парканы,улица Карла Маркса,44,3,15.0,4.0724,,,False,True
n2458529486,Парканы,улица Карла Маркса,45,3,31.1,4.2833,,,False,True
n2458529487,Парканы,улица Карла Маркса,45а,3,45.9,4.2833,,,False,True
n2458504604,Парканы,улица Карла Маркса,46,3,7.9,4.0724,,,False,True
n2458529499,Парканы,улица Карла Маркса,47,3,57.3,4.2833,,,False,True
n2458504605,Парканы,улица Карла Маркса,48,3,25.3,4.0724,,,False,True
n2458529502,Парканы,улица Карла Маркса,49,3,55.5,4.4189,,,False,True
n2458504610,Парканы,улица Карла Маркса,50,3,19.0,4.1255,,,False,True
n2458660243,Парканы,улица Карла Маркса,51,3,31.4,4.4189,,,False,True
n2458504611,Парканы,улица Карла Маркса,52,3,10.1,4.1255,,,False,True
n2458660244,Парканы,улица Карла Маркса,53,3,15.7,4.4189,,,False,True
n2458504612,Парканы,улица Карла Маркса,54,3,11.3,4.1475,,,False,True
n2458660245,Парканы,улица Карла Маркса,55,3,19.2,4.4189,,,False,True
n2458504613,Парканы,улица Карла Маркса,56,3,12.3,4.1475,,,False,True
n2458660246,Парканы,улица Карла Маркса,57,3,13.1,4.4677,,,False,True
n2458505584,Парканы,улица Карла Маркса,58,3,32.0,4.1475,4.5256,0.3781,False,True
n2458660247,Парканы,улица Карла Маркса,59,3,28.5,4.4677,,,False,True
n2458505585,Парканы,улица Карла Маркса,60,3,21.9,4.2106,4.5395,0.3289,False,True
n2458664570,Парканы,улица Карла Маркса,61,3,20.5,4.5271,,,False,True
n2458529475,Парканы,улица Карла Маркса,62,3,11.3,4.2106,4.5525,0.3419,False,True
n2458664571,Парканы,улица Карла Маркса,63,3,21.4,4.5271,,,False,True
n2458529478,Парканы,улица Карла Маркса,64,3,15.2,4.2106,4.571,0.3604,False,True
n2458664572,Парканы,улица Карла Маркса,65,3,34.7,4.5271,,,False,True
n2458529481,Парканы,улица Карла Маркса,66,3,33.3,4.2106,,,False,True
n2458664573,Парканы,улица Карла Маркса,67,3,42.8,4.6115,,,False,True
n2458529483,Парканы,улица Карла Маркса,68,3,22.5,4.2833,,,False,True
n2458664574,Парканы,улица Карла Маркса,69,3,28.5,4.6115,,,False,True
n2458529484,Парканы,улица Карла Маркса,70,3,9.9,4.2833,,,False,True
n2458664575,Парканы,улица Карла Маркса,71,3,17.3,4.6115,,,False,True
n4466336180,Парканы,улица Карла Маркса,71,3,38.4,4.6828,,,False,True
n2458529488,Парканы,улица Карла Маркса,72,3,11.8,4.2833,,,False,True
n2458664576,Парканы,улица Карла Маркса,73,3,20.2,4.6115,,,False,True
n2458529490,Парканы,улица Карла Маркса,74,3,22.9,4.2833,,,False,True
n2458664578,Парканы,улица Карла Маркса,75,3,34.3,4.6828,,,False,True
n2458664577,Парканы,улица Карла Маркса,75а,3,28.1,4.6115,,,False,True
n2458529493,Парканы,улица Карла Маркса,76,3,38.6,4.2833,,,False,True
n2458660242,Парканы,улица Карла Маркса,77,3,22.7,4.6828,,,False,True
n2458529496,Парканы,улица Карла Маркса,78,3,55.8,4.2833,,,False,True
n2458660241,Парканы,улица Карла Маркса,79,3,24.1,4.735,,,False,True
n2458529507,Парканы,улица Карла Маркса,80,3,62.5,4.4189,,,False,True
n2458660240,Парканы,улица Карла Маркса,81,3,25.3,4.735,,,False,True
n2458529510,Парканы,улица Карла Маркса,82,3,40.8,4.4189,,,False,True
n2458529514,Парканы,улица Карла Маркса,84,3,10.1,4.4189,,,False,True
n2458660238,Парканы,улица Карла Маркса,85,3,21.5,4.7258,,,False,True
n2458529530,Парканы,улица Карла Маркса,86,3,19.0,4.4189,,,False,True
n2458660237,Парканы,улица Карла Маркса,87,3,16.2,4.6958,,,False,True
n2458529532,Парканы,улица Карла Маркса,88,3,13.2,4.4677,,,False,True
n2458660236,Парканы,улица Карла Маркса,89,3,17.6,4.6703,,,False,True
n2458533169,Парканы,улица Карла Маркса,90,3,12.9,4.4677,,,False,True
n2458660235,Парканы,улица Карла Маркса,91,3,21.1,4.6703,,,False,True
n2458533170,Парканы,улица Карла Маркса,92,3,26.0,4.5271,,,False,True
n2458660234,Парканы,улица Карла Маркса,93,3,35.3,4.6703,,,False,True
n2458533171,Парканы,улица Карла Маркса,94,3,14.1,4.5271,,,False,True
n2458618713,Парканы,улица Карла Маркса,96,3,11.8,4.5271,,,False,True
n2458618716,Парканы,улица Карла Маркса,98,3,41.5,4.5271,,,False,True
n2458675450,Парканы,улица Карла Маркса,99,3,35.1,4.6041,,,False,True
n2458650284,Парканы,улица Карла Маркса,100,3,26.2,4.6115,,,False,True
n2458675451,Парканы,улица Карла Маркса,101,3,49.1,4.6041,,,False,True
n2458650285,Парканы,улица Карла Маркса,102,3,15.6,4.6115,,,False,True
n2458675452,Парканы,улица Карла Маркса,103,3,65.5,4.7384,,,False,True
n2458650286,Парканы,улица Карла Маркса,104,3,10.8,4.6115,,,False,True
n2458675453,Парканы,улица Карла Маркса,105,3,46.5,4.7384,,,False,True
n2458531639,Парканы,улица Карла Маркса,106,3,20.9,4.6115,,,False,True
n2458675454,Парканы,улица Карла Маркса,107,3,36.2,4.7384,,,False,True
n2458650287,Парканы,улица Карла Маркса,108,3,34.9,4.6828,,,False,True
n2458675459,Парканы,улица Карла Маркса,109,3,18.5,4.7384,,,False,True
n2458650288,Парканы,улица Карла Маркса,110,3,23.3,4.6828,,,False,True
n2458675458,Парканы,улица Карла Маркса,111,3,17.6,4.7759,,,False,True
n2458650289,Парканы,улица Карла Маркса,112,3,9.3,4.6828,,,False,True
n2458675457,Парканы,улица Карла Маркса,113,4,21.0,4.8162,,,False,True
n2458658695,Парканы,улица Карла Маркса,114,3,14.4,4.6828,,,False,True
n2458675456,Парканы,улица Карла Маркса,115,4,32.0,4.8755,,,False,True
n2458658696,Парканы,улица Карла Маркса,116,3,27.0,4.6828,,,False,True
n2458675455,Парканы,улица Карла Маркса,117,4,22.1,4.8755,,,False,True
n2458658697,Парканы,улица Карла Маркса,118,3,9.9,4.735,,,False,True
n2323407237,Парканы,улица Карла Маркса,119,4,20.3,4.9559,,,False,True
n2458658698,Парканы,улица Карла Маркса,120,3,14.7,4.735,,,False,True
n2458684411,Парканы,улица Карла Маркса,121,4,19.1,4.9559,,,False,True
n2458658699,Парканы,улица Карла Маркса,122,3,24.5,4.7258,,,False,True
n2458684410,Парканы,улица Карла Маркса,123,4,21.5,4.961,,,False,True
n2458658700,Парканы,улица Карла Маркса,124,3,10.7,4.7258,,,False,True
n2323407244,Парканы,улица Карла Маркса,125,4,31.5,4.961,,,False,True
n2458658701,Парканы,улица Карла Маркса,126,3,7.1,4.6958,,,False,True
n2458684409,Парканы,улица Карла Маркса,127,4,44.8,4.961,,,False,True
n2458658702,Парканы,улица Карла Маркса,128,3,10.0,4.6703,,,False,True
n2458684408,Парканы,улица Карла Маркса,129,4,60.7,4.961,,,False,True
n2458658703,Парканы,улица Карла Маркса,130,3,7.6,4.6703,,,False,True
n4466336181,Парканы,улица Карла Маркса,130,3,37.4,4.6703,,,False,True
n2458684415,Парканы,улица Карла Маркса,131,4,73.5,4.961,,,False,True
n4466336184,Парканы,улица Карла Маркса,131,4,89.8,5.1681,,,False,True
n2458658704,Парканы,улица Карла Маркса,132,3,25.5,4.6703,,,False,True
n2458684416,Парканы,улица Карла Маркса,133,4,88.2,4.961,,,False,True
n2458533168,Парканы,улица Карла Маркса,134,3,22.9,4.6041,,,False,True
n2458684417,Парканы,улица Карла Маркса,135,4,103.2,4.961,,,False,True
n2323407234,Парканы,улица Карла Маркса,136,3,22.3,4.6041,,,False,True
n2458684421,Парканы,улица Карла Маркса,137,4,95.5,5.1681,,,False,True
n2458675448,Парканы,улица Карла Маркса,138,3,38.0,4.6041,,,False,True
n2458684422,Парканы,улица Карла Маркса,139,4,82.5,5.1681,,,False,True
n2458675449,Парканы,улица Карла Маркса,140,3,49.9,4.6041,,,False,True
n4393904265,Парканы,улица Карла Маркса,140,3,35.8,4.6041,,,False,True
n2458684423,Парканы,улица Карла Маркса,141,4,69.6,5.1681,,,False,True
n2458675471,Парканы,улица Карла Маркса,142,3,68.8,4.6041,,,False,True
n2458684428,Парканы,улица Карла Маркса,143,4,57.5,5.1681,,,False,True
n2458675470,Парканы,улица Карла Маркса,144,3,43.9,4.7384,,,False,True
n2458684429,Парканы,улица Карла Маркса,145,4,45.1,5.1681,,,False,True
n2458675469,Парканы,улица Карла Маркса,146,3,27.1,4.7384,,,False,True
n2458684430,Парканы,улица Карла Маркса,147,4,33.5,5.1681,,,False,True
n2458675468,Парканы,улица Карла Маркса,148,3,17.1,4.7384,,,False,True
n2458684431,Парканы,улица Карла Маркса,149,4,22.8,5.1681,,,False,True
n2458675467,Парканы,улица Карла Маркса,150,3,22.2,4.7384,,,False,True
n2458684432,Парканы,улица Карла Маркса,151,4,23.8,5.1681,,,False,True
n4466336245,Парканы,улица Карла Маркса,151,4,102.0,5.3911,,,False,True
n2458675466,Парканы,улица Карла Маркса,152,3,16.5,4.7759,,,False,True
n2458684433,Парканы,улица Карла Маркса,153,4,34.8,5.1681,,,False,True
n2458675465,Парканы,улица Карла Маркса,154,4,26.0,4.7759,,,False,True
n2458684434,Парканы,улица Карла Маркса,155,4,47.0,5.1681,,,False,True
n2458675464,Парканы,улица Карла Маркса,156,4,13.3,4.8162,,,False,True
n2458684435,Парканы,улица Карла Маркса,157,4,61.2,5.1681,,,False,True
n2458675463,Парканы,улица Карла Маркса,158,4,27.7,4.8162,,,False,True
n2458684436,Парканы,улица Карла Маркса,159,4,77.7,5.1681,,,False,True
n2458675462,Парканы,улица Карла Маркса,160,4,21.5,4.8755,,,False,True
n2458684439,Парканы,улица Карла Маркса,161,4,94.8,5.1681,,,False,True
n2458684440,Парканы,улица Карла Маркса,161,4,50.8,5.3911,,,False,True
n4466336246,Парканы,улица Карла Маркса,161,4,50.1,5.3911,,,False,True
n2458675461,Парканы,улица Карла Маркса,162,4,16.7,4.8755,,,False,True
n2458684437,Парканы,улица Карла Маркса,163,4,103.1,5.3911,,,False,True
n2458675460,Парканы,улица Карла Маркса,164,4,30.3,4.8755,,,False,True
n2323407249,Парканы,улица Карла Маркса,165,4,83.3,5.3911,,,False,True
n2323407240,Парканы,улица Карла Маркса,166,4,22.5,4.9394,,,False,True
n2458684438,Парканы,улица Карла Маркса,167,4,65.0,5.3911,,,False,True
n2458684404,Парканы,улица Карла Маркса,168,4,35.0,4.9499,,,False,True
n2458684441,Парканы,улица Карла Маркса,169,4,34.8,5.3911,,,False,True
n2458684403,Парканы,улица Карла Маркса,170,4,7.3,4.961,,,False,True
n2323407252,Парканы,улица Карла Маркса,171,4,23.4,5.3911,,,False,True
n2323407247,Парканы,улица Карла Маркса,172,4,19.2,4.961,,,False,True
n2458688102,Парканы,улица Карла Маркса,173,4,32.6,5.3911,,,False,True
n2458684405,Парканы,улица Карла Маркса,174,4,33.4,4.961,,,False,True
n2458688104,Парканы,улица Карла Маркса,175,4,48.1,5.3911,,,False,True
n2458684406,Парканы,улица Карла Маркса,176,4,48.6,4.961,,,False,True
n2458688107,Парканы,улица Карла Маркса,177,4,61.6,5.3911,,,False,True
n2458684407,Парканы,улица Карла Маркса,178,4,60.8,4.961,,,False,True
n2458684412,Парканы,улица Карла Маркса,178а,4,76.4,4.961,,,False,True
n2458735869,Парканы,улица Карла Маркса,179,4,77.5,5.3911,,,False,True
n4466336248,Парканы,улица Карла Маркса,179,4,110.2,5.3911,,,False,True
n2458684413,Парканы,улица Карла Маркса,180,4,93.1,4.961,,,False,True
n2458735871,Парканы,улица Карла Маркса,181,4,92.6,5.3911,,,False,True
n4393903634,Парканы,улица Карла Маркса,181,4,125.4,5.3911,,,False,True
n2458684414,Парканы,улица Карла Маркса,182,4,99.4,5.1393,,,False,True
n4466336243,Парканы,улица Карла Маркса,182,4,89.0,5.1393,,,False,True
n2458735874,Парканы,улица Карла Маркса,183,4,107.9,5.3911,,,False,True
n2458684418,Парканы,улица Карла Маркса,184,4,84.9,5.1681,,,False,True
n2458735877,Парканы,улица Карла Маркса,185,4,124.9,5.3911,,,False,True
n4886201240,Парканы,улица Карла Маркса,185,4,146.8,5.6017,,,False,True
n2458684419,Парканы,улица Карла Маркса,186,4,70.2,5.1681,,,False,True
n2458735883,Парканы,улица Карла Маркса,187,4,140.6,5.3911,,,False,True
n2458684420,Парканы,улица Карла Маркса,188,4,54.7,5.1681,,,False,True
n2458735885,Парканы,улица Карла Маркса,189,4,145.2,5.6653,,,False,True
n2458684424,Парканы,улица Карла Маркса,190,4,43.0,5.1681,,,False,True
n2458735887,Парканы,улица Карла Маркса,191,4,143.9,5.6653,,,False,True
n2458684425,Парканы,улица Карла Маркса,192,4,29.0,5.1681,,,False,True
n2458735890,Парканы,улица Карла Маркса,193,4,129.6,5.7025,,,False,True
n2458684426,Парканы,улица Карла Маркса,194,4,16.2,5.1681,,,False,True
n2458735904,Парканы,улица Карла Маркса,195,4,115.4,5.7025,,,False,True
n2458684427,Парканы,улица Карла Маркса,196,4,11.8,5.1681,,,False,True
n2458735907,Парканы,улица Карла Маркса,197,4,100.0,5.7025,,,False,True
n2458700720,Парканы,улица Карла Маркса,198,4,17.7,5.1681,,,False,True
n2458735910,Парканы,улица Карла Маркса,199,4,85.9,5.7025,,,False,True
n2458700722,Парканы,улица Карла Маркса,200,4,29.4,5.1681,,,False,True
n4466336185,Парканы,улица Карла Маркса,200,4,39.2,5.1681,,,False,True
n2458735921,Парканы,улица Карла Маркса,201,4,71.1,5.7025,,,False,True
n2458700723,Парканы,улица Карла Маркса,202,4,43.2,5.1681,,,False,True
n2458735924,Парканы,улица Карла Маркса,203,4,57.0,5.7025,,,False,True
n2458700725,Парканы,улица Карла Маркса,204,4,55.2,5.1681,,,False,True
n4886201798,Парканы,улица Карла Маркса,204,4,76.1,5.1681,,,False,True
n2458735940,Парканы,улица Карла Маркса,205,4,42.5,5.7025,,,False,True
n2458700727,Парканы,улица Карла Маркса,206,4,67.3,5.1681,,,False,True
n2458735942,Парканы,улица Карла Маркса,207,4,29.6,5.7025,,,False,True
n2458700729,Парканы,улица Карла Маркса,208,4,81.7,5.1681,,,False,True
n4466336244,Парканы,улица Карла Маркса,208,4,102.5,5.3138,,,False,True
n2458735945,Парканы,улица Карла Маркса,209,4,19.2,5.7025,,,False,True
n2458700733,Парканы,улица Карла Маркса,210,4,94.0,5.1681,,,False,True
n2458735948,Парканы,улица Карла Маркса,211,4,20.2,5.7025,,,False,True
n2458700735,Парканы,улица Карла Маркса,212,4,108.5,5.1681,,,False,True
n2458735950,Парканы,улица Карла Маркса,213,4,24.7,5.7025,,,False,True
n2458700718,Парканы,улица Карла Маркса,214,4,103.6,5.3911,,,False,True
n2458735961,Парканы,улица Карла Маркса,215,4,42.1,5.7025,,,False,True
n2458700719,Парканы,улица Карла Маркса,216,4,85.5,5.3911,,,False,True
n4466335693,Парканы,улица Карла Маркса,216,4,84.1,5.3911,,,False,True
n2458735964,Парканы,улица Карла Маркса,217,4,54.6,5.7025,,,False,True
n2458688091,Парканы,улица Карла Маркса,218,4,70.5,5.3911,,,False,True
n2458735967,Парканы,улица Карла Маркса,219,4,65.4,5.7025,,,False,True
n2458688088,Парканы,улица Карла Маркса,220,4,57.2,5.3911,,,False,True
n4466336186,Парканы,улица Карла Маркса,220,4,19.8,5.3911,,,False,True
n2458735970,Парканы,улица Карла Маркса,221,4,78.5,5.7025,,,False,True
n2458688085,Парканы,улица Карла Маркса,222,4,37.8,5.3911,,,False,True
n2458688082,Парканы,улица Карла Маркса,222а,4,21.1,5.3911,,,False,True
n2458735972,Парканы,улица Карла Маркса,223,4,84.4,5.9009,,,False,True
n2458688076,Парканы,улица Карла Маркса,224,4,20.1,5.3911,,,False,True
n2458688078,Парканы,улица Карла Маркса,224,4,10.6,5.3911,,,False,True
n2458735973,Парканы,улица Карла Маркса,225,4,69.9,5.9009,,,False,True
n2458735974,Парканы,улица Карла Маркса,227,4,57.2,5.9009,,,False,True
n2458688094,Парканы,улица Карла Маркса,228,4,35.5,5.3911,,,False,True
n2458735975,Парканы,улица Карла Маркса,229,4,43.7,5.9009,,,False,True
n2458688097,Парканы,улица Карла Маркса,230,4,50.8,5.3911,,,False,True
n4466336187,Парканы,улица Карла Маркса,230,4,42.6,5.3911,,,False,True
n2458735976,Парканы,улица Карла Маркса,231,4,28.8,5.9009,,,False,True
n4466336251,Парканы,улица Карла Маркса,231,4,70.5,5.9009,,,False,True
n2458688099,Парканы,улица Карла Маркса,232,4,65.0,5.3911,,,False,True
n2323407255,Парканы,улица Карла Маркса,233,4,14.3,5.9009,,,False,True
n2458735858,Парканы,улица Карла Маркса,234,4,80.6,5.3911,,,False,True
n2458735861,Парканы,улица Карла Маркса,236,4,97.3,5.3911,,,False,True
n2458735863,Парканы,улица Карла Маркса,238,4,107.9,5.6017,,,False,True
n2458735866,Парканы,улица Карла Маркса,240,4,108.3,5.6017,,,False,True
n2323407271,Парканы,улица Карла Маркса,241,4,53.0,6.5057,7.1125,0.6068,False,True
n2458735880,Парканы,улица Карла Маркса,242,4,110.4,5.6017,,,False,True
n2460055582,Парканы,улица Карла Маркса,243,4,64.9,5.9009,,,False,True
n2458735893,Парканы,улица Карла Маркса,244,4,109.3,5.6653,,,False,True
n2458735895,Парканы,улица Карла Маркса,246,4,107.3,5.6653,,,False,True
n2458735898,Парканы,улица Карла Маркса,248,4,107.5,5.6653,,,False,True
n2458735901,Парканы,улица Карла Маркса,250,4,108.2,5.6653,,,False,True
n2458735912,Парканы,улица Карла Маркса,252,4,95.8,5.7025,,,False,True
n2458735915,Парканы,улица Карла Маркса,254,4,83.6,5.7025,,,False,True
n2458735918,Парканы,улица Карла Маркса,256,4,71.8,5.7025,,,False,True
n2458735926,Парканы,улица Карла Маркса,258,4,59.9,5.7025,,,False,True
n2458735929,Парканы,улица Карла Маркса,260,4,49.2,5.7025,,,False,True
n2460055581,Парканы,улица Карла Маркса,261,4,88.7,6.2353,,,False,True
n2458735932,Парканы,улица Карла Маркса,262,4,38.3,5.7025,,,False,True
n2460055580,Парканы,улица Карла Маркса,263,4,76.2,6.2353,,,False,True
n2458735934,Парканы,улица Карла Маркса,264,4,28.6,5.7025,,,False,True
n2460055579,Парканы,улица Карла Маркса,265,4,65.3,6.2353,,,False,True
n2458735937,Парканы,улица Карла Маркса,266,4,20.5,5.7025,,,False,True
n2460055578,Парканы,улица Карла Маркса,267,4,54.6,6.1979,,,False,True
n2458735953,Парканы,улица Карла Маркса,268,4,18.4,5.7025,,,False,True
n2460055577,Парканы,улица Карла Маркса,269,4,40.9,6.1979,,,False,True
n2458735956,Парканы,улица Карла Маркса,270,4,21.5,5.7025,,,False,True
n2460055576,Парканы,улица Карла Маркса,271,4,27.6,6.1979,,,False,True
n2458735958,Парканы,улица Карла Маркса,272,4,30.3,5.7025,,,False,True
n2458739064,Парканы,улица Карла Маркса,274,4,40.6,5.7025,,,False,True
n2458739065,Парканы,улица Карла Маркса,276,4,52.4,5.7025,,,False,True
n2458739066,Парканы,улица Карла Маркса,278,4,62.1,5.7025,,,False,True
n2458739067,Парканы,улица Карла Маркса,280,4,74.1,5.7025,,,False,True
n2458739068,Парканы,улица Карла Маркса,282,4,88.4,5.7025,,,False,True
n2458739069,Парканы,улица Карла Маркса,284,4,71.7,5.8787,,,False,True
n2458739070,Парканы,улица Карла Маркса,286,4,56.3,5.8787,,,False,True
n2458739071,Парканы,улица Карла Маркса,288,4,38.8,5.8787,,,False,True
n2323407258,Парканы,улица Карла Маркса,290,4,21.5,5.8787,,,False,True
n2323407261,Парканы,улица Карла Маркса,296,4,27.1,5.8787,,,False,True
n2460055549,Парканы,улица Карла Маркса,298,4,48.9,5.8787,,,False,True
n2460055550,Парканы,улица Карла Маркса,300,4,61.7,5.8787,,,False,True
n2460055551,Парканы,улица Карла Маркса,302,4,76.8,5.8787,,,False,True
n2460055552,Парканы,улица Карла Маркса,304,4,95.5,5.8787,,,False,True
n2460055553,Парканы,улица Карла Маркса,306,4,113.3,5.8787,,,False,True
n2460055554,Парканы,улица Карла Маркса,308,4,109.4,6.1222,,,False,True
n2460055555,Парканы,улица Карла Маркса,310,4,107.9,6.1222,,,False,True
n2460055556,Парканы,улица Карла Маркса,312,4,110.7,6.1222,,,False,True
n2460055557,Парканы,улица Карла Маркса,314,4,117.0,6.1222,,,False,True
n4466336255,Парканы,улица Карла Маркса,314,4,92.1,6.1979,,,False,True
n2460055558,Парканы,улица Карла Маркса,316,4,108.0,6.1979,,,False,True
n2460055559,Парканы,улица Карла Маркса,318,4,91.7,6.1979,,,False,True
n2460055560,Парканы,улица Карла Маркса,320,4,71.9,6.1979,,,False,True
n2460055561,Парканы,улица Карла Маркса,322,4,52.9,6.1979,,,False,True
n2460055562,Парканы,улица Карла Маркса,324,4,38.1,6.1979,,,False,True
n2460055563,Парканы,улица Карла Маркса,326,4,24.4,6.1979,,,False,True
n2460055564,Парканы,улица Карла Маркса,328,4,12.6,6.1979,,,False,True
n2460055575,Парканы,улица Карла Маркса,329,4,21.8,6.3548,7.0099,0.6551,True,True
n2460055565,Парканы,улица Карла Маркса,330,4,16.3,6.1979,6.864,0.6661,True,True
n2460055566,Парканы,улица Карла Маркса,332,4,30.8,6.1979,6.8808,0.6829,True,True
n2460055567,Парканы,улица Карла Маркса,334,4,46.9,6.1979,6.8976,0.6997,True,True
n2460055568,Парканы,улица Карла Маркса,336,4,67.8,6.1979,6.9191,0.7212,True,True
n2460055569,Парканы,улица Карла Маркса,338,4,72.6,6.3548,6.937,0.5822,False,True
n2460055570,Парканы,улица Карла Маркса,340,4,57.9,6.3548,6.9517,0.5969,False,True
n2460055571,Парканы,улица Карла Маркса,342,4,37.4,6.3548,6.9722,0.6174,False,True
n2460055572,Парканы,улица Карла Маркса,344,4,17.2,6.3548,6.9934,0.6386,True,True
n2460055573,Парканы,улица Карла Маркса,346,4,6.6,6.3548,7.0071,0.6523,True,True
n2323407267,Парканы,улица Карла Маркса,348,4,51.2,6.5057,7.1103,0.6046,False,True
n2459760178,Парканы,улица Кирова,3,3,27.7,4.1797,,,False,True
n2459760179,Парканы,улица Кирова,5,3,42.1,4.1797,,,False,True
n2459760180,Парканы,улица Кирова,7,3,57.5,4.1797,,,False,True
n2459760181,Парканы,улица Кирова,9,3,70.9,4.1797,,,False,True
n2459760182,Парканы,улица Кирова,11,3,86.5,4.1797,,,False,True
n2459760183,Парканы,улица Кирова,13,3,94.5,4.3455,,,False,True
n2459760184,Парканы,улица Кирова,15,3,82.1,4.3797,,,False,True
n2459760185,Парканы,улица Кирова,17,3,63.6,4.3797,,,False,True
n2459760186,Парканы,улица Кирова,19,3,48.6,4.3797,,,False,True
n2459760187,Парканы,улица Кирова,21,3,30.8,4.3797,,,False,True
n2459760188,Парканы,улица Кирова,23,3,17.4,4.3797,,,False,True
n2459760189,Парканы,улица Кирова,25,3,23.9,4.3797,,,False,True
n2459760197,Парканы,улица Кирова,29,3,90.3,4.3797,,,False,True
n2459760201,Парканы,улица Кирова,31,3,72.2,4.5689,,,False,True
n2459760204,Парканы,улица Кирова,33,3,28.3,4.5689,,,False,True
n2323589098,Парканы,улица Кирова,35,3,20.5,4.5903,,,False,True
n2459760207,Парканы,улица Кирова,37,3,29.9,4.6383,,,False,True
w405741143,Парканы,улица Кирова,39,3,31.3,4.7304,,,False,True
w238116827,Парканы,улица Кирова,39а,3,16.6,4.6383,,,False,True
n2459760228,Парканы,улица Кирова,41,3,36.5,4.7288,,,False,True
n2459760231,Парканы,улица Кирова,43,3,23.4,4.8023,,,False,True
n2459760233,Парканы,улица Кирова,45,3,29.1,4.8023,,,False,True
n2459760235,Парканы,улица Кирова,47,3,40.2,4.8867,,,False,True
n2459760236,Парканы,улица Кирова,49,3,18.0,4.8867,,,False,True
n2459760237,Парканы,улица Кирова,51,3,29.7,4.8867,,,False,True
n2459760238,Парканы,улица Кирова,53,3,41.2,4.9747,,,False,True
n2459760239,Парканы,улица Кирова,55,3,20.1,4.9747,,,False,True
n2459760240,Парканы,улица Кирова,57,4,19.5,4.9747,,,False,True
n2459760241,Парканы,улица Кирова,59,4,13.9,5.0105,,,False,True
n2459760242,Парканы,улица Кирова,61,4,13.7,5.04,,,False,True
n2459760243,Парканы,улица Кирова,63,4,32.5,5.04,,,False,True
n2323589099,Парканы,улица Кирова,65,4,52.8,5.04,,,False,True
n2457822037,Парканы,улица Кирова,67,3,41.6,4.2513,,,False,True
n2457822039,Парканы,улица Кирова,69,3,27.5,4.2513,,,False,True
n5653833604,Парканы,улица Кирова,69,3,26.0,4.2513,,,False,True
n2457822042,Парканы,улица Кирова,71,3,11.4,4.2513,,,False,True
n5653833914,Парканы,улица Кирова,71,3,36.0,4.2513,,,False,True
n2457822045,Парканы,улица Кирова,73,3,13.8,4.2513,,,False,True
n5653832465,Парканы,улица Кирова,73,3,48.1,4.2513,,,False,True
n2457822048,Парканы,улица Кирова,75,3,39.6,4.2513,,,False,True
n5653833909,Парканы,улица Кирова,75,3,64.5,4.2513,,,False,True
n2457822051,Парканы,улица Кирова,77,3,60.7,4.2513,,,False,True
n2457822055,Парканы,улица Кирова,79,3,84.8,4.436,,,False,True
n5653834956,Парканы,улица Кирова,79,3,71.3,4.436,,,False,True
n2457838421,Парканы,улица Кирова,80,3,40.2,4.1588,,,False,True
n2457822058,Парканы,улица Кирова,81,3,64.5,4.436,,,False,True
n2457838419,Парканы,улица Кирова,82,3,37.2,4.2513,,,False,True
n2457822060,Парканы,улица Кирова,83,3,41.1,4.436,,,False,True
n2457838412,Парканы,улица Кирова,84,3,24.7,4.2513,,,False,True
n2323589062,Парканы,улица Кирова,85,3,23.8,4.436,,,False,True
n2457838411,Парканы,улица Кирова,86,3,14.5,4.2513,,,False,True
n2323589065,Парканы,улица Кирова,87,3,13.0,4.436,,,False,True
n5653834955,Парканы,улица Кирова,87,3,22.4,4.436,,,False,True
n2457838410,Парканы,улица Кирова,88,3,13.6,4.2513,,,False,True
n2457994811,Парканы,улица Кирова,89,3,19.5,4.4692,,,False,True
n2457838409,Парканы,улица Кирова,90,3,24.6,4.2513,,,False,True
n5653833908,Парканы,улица Кирова,90,3,46.9,4.2513,,,False,True
n2457838408,Парканы,улица Кирова,92,3,39.0,4.2513,,,False,True
n5653833605,Парканы,улица Кирова,92,3,67.0,4.2513,,,False,True
n2457994823,Парканы,улица Кирова,93,3,31.2,4.4692,,,False,True
n2457838407,Парканы,улица Кирова,94,3,58.7,4.2513,,,False,True
n2457838406,Парканы,улица Кирова,96,3,80.9,4.2513,,,False,True
n2457838405,Парканы,улица Кирова,98,3,91.8,4.4355,,,False,True
n2457838404,Парканы,улица Кирова,100,3,66.4,4.4355,,,False,True
n2457838403,Парканы,улица Кирова,102,3,49.5,4.4355,,,False,True
n2457838402,Парканы,улица Кирова,104,3,25.2,4.4355,,,False,True
n2457838401,Парканы,улица Кирова,106,3,10.2,4.4355,,,False,True
n2323589068,Парканы,улица Кирова,108,3,15.5,4.4692,,,False,True
n2323589071,Парканы,улица Кирова,110,3,22.8,4.4692,,,False,True
n5653832466,Парканы,улица Кирова,110,3,46.9,4.4692,,,False,True
n2457838422,Парканы,улица Кирова,112,3,44.4,4.4692,,,False,True
n5653833910,Парканы,улица Кирова,112,3,44.4,4.5865,,,False,True
n5653834429,Парканы,улица Кирова,112 Г,3,36.3,4.5865,,,False,True
n2457838423,Парканы,улица Кирова,112а,3,53.2,4.5865,,,False,True
n2457838424,Парканы,улица Кирова,112б,3,33.5,4.5865,,,False,True
n2457838426,Парканы,улица Кирова,112в,3,27.2,4.6497,,,False,True
w405741145,Парканы,улица Кирова,112в,3,42.6,4.6497,,,False,True
n2457838425,Парканы,улица Кирова,114,3,25.3,4.5865,,,False,True
n2457838427,Парканы,улица Кирова,116,3,16.0,4.6497,,,False,True
n2457838428,Парканы,улица Кирова,118,3,19.7,4.6497,,,False,True
n2457838429,Парканы,улица Кирова,120,3,24.7,4.7018,,,False,True
n2457838430,Парканы,улица Кирова,122,3,13.1,4.7018,,,False,True
n2457838431,Парканы,улица Кирова,124,3,17.5,4.7018,,,False,True
n2457838432,Парканы,улица Кирова,126,3,32.1,4.7018,,,False,True
n2457838433,Парканы,улица Кирова,128,3,52.7,4.7018,,,False,True
n2457974018,Парканы,улица Кирова,130,3,68.4,4.7018,,,False,True
n2457974022,Парканы,улица Кирова,132,3,85.4,4.7018,5.3236,0.6218,True,True
n2457974026,Парканы,улица Кирова,134,3,76.5,4.8825,,,False,True
n2457974029,Парканы,улица Кирова,136,3,53.8,4.8825,,,False,True
n2457974040,Парканы,улица Кирова,138,3,34.0,4.8825,,,False,True
n2457974055,Парканы,улица Кирова,140,3,16.8,4.8825,,,False,True
n2457974053,Парканы,улица Кирова,142,3,49.7,4.8825,,,False,True
n2457974050,Парканы,улица Кирова,144,3,21.6,4.9791,,,False,True
n2457974047,Парканы,улица Кирова,146,3,20.9,4.9791,,,False,True
n2457974043,Парканы,улица Кирова,148,4,38.3,4.9791,,,False,True
n2323589077,Парканы,улица Кирова,150,4,27.1,5.0424,,,False,True
n2323589100,Парканы,улица Кирова,154,4,44.2,5.149,,,False,True
w460212930,Парканы,улица Кирова,154,4,40.4,5.0649,,,False,True
n2323589084,Парканы,улица Кирова,156,4,31.8,5.0649,,,False,True
w476163319,Парканы,улица Кирова,156,4,27.8,5.149,,,False,True
n2457979557,Парканы,улица Кирова,158,4,13.1,5.0424,,,False,True
n2457979558,Парканы,улица Кирова,160,4,33.3,5.1006,,,False,True
n2460744688,Парканы,улица Ковалёва,2,4,34.0,5.0569,,,False,True
n2460744689,Парканы,улица Ковалёва,4,4,35.6,5.1393,,,False,True
n2460744690,Парканы,улица Ковалёва,6,4,19.5,5.1393,,,False,True
n2460744691,Парканы,улица Ковалёва,8,4,22.6,5.1393,,,False,True
n2460744692,Парканы,улица Ковалёва,10,4,36.7,5.1393,,,False,True
n2460744693,Парканы,улица Ковалёва,12,4,59.7,5.2675,,,False,True
n2460744694,Парканы,улица Ковалёва,14,4,34.6,5.2675,,,False,True
n2460744695,Парканы,улица Ковалёва,16,4,19.5,5.2675,,,False,True
n2460744696,Парканы,улица Ковалёва,18,4,16.6,5.3138,,,False,True
n2460744698,Парканы,улица Ковалёва,20,4,30.3,5.3138,,,False,True
n2460744701,Парканы,улица Ковалёва,22,4,54.9,5.3138,,,False,True
n2460744704,Парканы,улица Ковалёва,34,4,20.0,5.6017,,,False,True
n2460744710,Парканы,улица Ковалёва,88,4,21.4,5.7171,,,False,True
n2460744707,Парканы,улица Ковалёва,96,4,15.9,5.7171,,,False,True
n2323152098,Парканы,улица Котовского,1,2,33.6,3.441,,,False,True
n2323152097,Парканы,улица Котовского,2,2,32.4,3.441,,,False,True
n2454871404,Парканы,улица Котовского,3,2,51.3,3.441,,,False,True
n2454871413,Парканы,улица Котовского,4,2,48.8,3.441,,,False,True
n2454871405,Парканы,улица Котовского,5,2,66.0,3.441,,,False,True
n2454871414,Парканы,улица Котовского,6,2,65.6,3.441,,,False,True
n2454871415,Парканы,улица Котовского,6а,2,80.6,3.441,,,False,True
w284650849,Парканы,улица Котовского,7,2,38.3,3.4315,,,False,True
n2454871416,Парканы,улица Котовского,8,2,105.7,3.441,,,False,True
w284650846,Парканы,улица Котовского,9,2,18.0,3.4315,,,False,True
n2454871417,Парканы,улица Котовского,10,2,128.7,3.441,,,False,True
w284650845,Парканы,улица Котовского,11,2,23.7,3.4315,,,False,True
n2454871418,Парканы,улица Котовского,12,2,153.1,3.441,,,False,True
w284650843,Парканы,улица Котовского,13,2,42.4,3.4315,,,False,True
n2454871419,Парканы,улица Котовского,14,2,158.4,3.4449,,,False,True
n2454871420,Парканы,улица Котовского,16,2,140.8,3.7627,,,False,True
n2454871421,Парканы,улица Котовского,18,2,117.0,3.7627,,,False,True
n5653835186,Парканы,улица Котовского,18,2,119.2,3.7627,,,False,True
n2454871408,Парканы,улица Котовского,19,2,98.0,3.7627,,,False,True
n5653832207,Парканы,улица Котовского,19,2,104.6,3.7627,,,False,True
n2454871422,Парканы,улица Котовского,20,2,92.0,3.7627,,,False,True
n2454871409,Парканы,улица Котовского,21,2,78.3,3.7627,,,False,True
n5653834961,Парканы,улица Котовского,21,2,89.2,3.7627,,,False,True
n2454871410,Парканы,улица Котовского,23,2,65.4,3.7627,,,False,True
n5653832208,Парканы,улица Котовского,23,2,70.6,3.7627,,,False,True
n2454871411,Парканы,улица Котовского,25,3,51.4,3.7627,,,False,True
n2323152139,Парканы,улица Котовского,26,3,28.3,3.7627,,,False,True
n5653834962,Парканы,улица Котовского,27,3,38.6,3.7627,,,False,True
n2323152140,Парканы,улица Котовского,28,3,34.2,3.7627,,,False,True
n5653835189,Парканы,улица Котовского,28,3,22.6,3.7627,,,False,True
n2454871412,Парканы,улица Котовского,29,3,37.0,3.7627,,,False,True
n5653835187,Парканы,улица Котовского,29,3,29.6,3.7627,,,False,True
n2454871426,Парканы,улица Котовского,30,3,49.8,3.7627,,,False,True
n5653835275,Парканы,улица Котовского,30,3,34.8,3.7627,,,False,True
n2323152138,Парканы,улица Котовского,31,3,27.2,3.7627,,,False,True
n5653835188,Парканы,улица Котовского,31,3,14.5,3.7627,,,False,True
n2454871425,Парканы,улица Котовского,32,3,67.4,3.7627,,,False,True
n5653834432,Парканы,улица Котовского,32,3,62.0,3.7627,,,False,True
n2454871463,Парканы,улица Котовского,33,3,45.3,3.7627,,,False,True
n5653834963,Парканы,улица Котовского,33,3,28.6,3.7627,,,False,True
n2454871429,Парканы,улица Котовского,34,3,84.7,3.7627,,,False,True
n5653834964,Парканы,улица Котовского,34,3,69.7,3.7627,,,False,True
n5653832210,Парканы,улица Котовского,35,3,49.3,3.7627,,,False,True
n2454871430,Парканы,улица Котовского,36,3,65.6,3.9248,,,False,True
n5653835276,Парканы,улица Котовского,36,3,85.9,3.7627,,,False,True
n2454871464,Парканы,улица Котовского,37,3,65.3,3.7627,,,False,True
n5653834965,Парканы,улица Котовского,37,3,80.6,3.7627,,,False,True
n2454871431,Парканы,улица Котовского,38,3,47.9,3.9248,,,False,True
n5653834966,Парканы,улица Котовского,38,3,69.9,3.9248,,,False,True
n2454871466,Парканы,улица Котовского,39,3,82.9,3.7627,,,False,True
n5653835190,Парканы,улица Котовского,39,3,66.0,3.9248,,,False,True
n2454871432,Парканы,улица Котовского,40,3,33.5,3.9248,,,False,True
n5653835277,Парканы,улица Котовского,40,3,56.0,3.9248,,,False,True
n2454871465,Парканы,улица Котовского,41,3,65.0,3.9248,,,False,True
n5653835191,Парканы,улица Котовского,41,3,51.3,3.9248,,,False,True
n2454871433,Парканы,улица Котовского,42,3,28.6,3.9248,,,False,True
n5653832211,Парканы,улица Котовского,42,3,45.3,3.9248,,,False,True
n2454871467,Парканы,улица Котовского,43,3,44.4,3.9248,,,False,True
n5653834967,Парканы,улица Котовского,43,3,39.7,3.9248,,,False,True
n2454871434,Парканы,улица Котовского,44,3,32.8,3.9248,,,False,True
n5653835192,Парканы,улица Котовского,44,3,32.6,3.9248,,,False,True
n2454871468,Парканы,улица Котовского,45,3,27.8,3.9248,,,False,True
n2454871435,Парканы,улица Котовского,46,3,46.1,3.9248,,,False,True
n2454871469,Парканы,улица Котовского,47,3,21.1,3.9248,,,False,True
n2454871436,Парканы,улица Котовского,48,3,63.3,3.9248,,,False,True
n2454871470,Парканы,улица Котовского,49,3,29.5,3.9248,,,False,True
n2454871437,Парканы,улица Котовского,50,3,76.3,3.9248,,,False,True
n2454871471,Парканы,улица Котовского,51,3,55.6,3.9248,,,False,True
n2454871438,Парканы,улица Котовского,52,3,95.5,3.9248,,,False,True
n2454871472,Парканы,улица Котовского,53,3,79.2,3.9248,,,False,True
n5653834969,Парканы,улица Котовского,53,3,79.2,3.9248,,,False,True
n2454871439,Парканы,улица Котовского,54,3,114.0,3.9248,,,False,True
n2454871473,Парканы,улица Котовского,55,3,99.4,3.9248,,,False,True
n5653835193,Парканы,улица Котовского,55,3,92.7,3.9248,,,False,True
n2454871474,Парканы,улица Котовского,57,3,116.7,3.9248,,,False,True
n5653834978,Парканы,улица Котовского,57,3,134.1,3.9248,,,False,True
n5653835279,Парканы,улица Котовского,57 А,3,119.7,3.9248,,,False,True
n2454871441,Парканы,улица Котовского,58,3,134.6,4.2038,,,False,True
n2454871475,Парканы,улица Котовского,59,3,134.7,3.9248,,,False,True
n5653832471,Парканы,улица Котовского,59,3,121.3,4.2038,,,False,True
n5653835194,Парканы,улица Котовского,59,3,135.2,4.2038,,,False,True
n2454871442,Парканы,улица Котовского,60,3,117.6,4.2038,,,False,True
n5653835278,Парканы,улица Котовского,60,3,96.1,3.9248,,,False,True
n5653835447,Парканы,улица Котовского,60,3,82.4,3.9248,,,False,True
n2454871476,Парканы,улица Котовского,61,3,127.3,4.2038,,,False,True
n5653835196,Парканы,улица Котовского,61,3,107.9,4.2038,,,False,True
n2454871443,Парканы,улица Котовского,62,3,102.2,4.2038,,,False,True
n5653834968,Парканы,улица Котовского,62,3,109.8,3.9248,,,False,True
n2454871477,Парканы,улица Котовского,63,3,110.0,4.2038,,,False,True
n5653835280,Парканы,улица Котовского,63,3,95.8,4.2038,,,False,True
n2454871427,Парканы,улица Котовского,64,3,85.7,4.2038,,,False,True
n5653834398,Парканы,улица Котовского,64,3,124.1,3.9248,,,False,True
n2454871428,Парканы,улица Котовского,64а,3,72.7,4.2038,,,False,True
n2454871478,Парканы,улица Котовского,65,3,90.9,4.2038,,,False,True
n5653835195,Парканы,улица Котовского,65,3,81.7,4.2038,,,False,True
n2454871444,Парканы,улица Котовского,66,3,62.2,4.2038,,,False,True
n5653835525,Парканы,улица Котовского,66,3,136.8,3.9248,,,False,True
n2454871461,Парканы,улица Котовского,67,3,74.0,4.2038,,,False,True
n5653835197,Парканы,улица Котовского,67,3,54.5,4.2038,,,False,True
n2454871462,Парканы,улица Котовского,67а,3,51.4,4.2038,,,False,True
n2454871445,Парканы,улица Котовского,68,3,51.8,4.2038,,,False,True
n5653835446,Парканы,улица Котовского,68,3,128.4,4.2038,,,False,True
n2454871479,Парканы,улица Котовского,69,3,31.2,4.2038,,,False,True
n5653835312,Парканы,улица Котовского,69,3,12.2,4.2038,,,False,True
n5653835436,Парканы,улица Котовского,69,3,32.6,4.2038,,,False,True
n2454871446,Парканы,улица Котовского,70,3,39.3,4.2038,,,False,True
n5653834397,Парканы,улица Котовского,70,3,110.5,4.2038,,,False,True
n2454871480,Парканы,улица Котовского,71,3,15.9,4.2038,,,False,True
n5653835437,Парканы,улица Котовского,71,3,24.7,4.2038,,,False,True
n2454871447,Парканы,улица Котовского,72,3,33.7,4.2038,,,False,True
n5653835445,Парканы,улица Котовского,72,3,90.2,4.2038,,,False,True
n2454871481,Парканы,улица Котовского,73,3,28.9,4.2038,,,False,True
n5653835202,Парканы,улица Котовского,73,3,21.7,4.2038,,,False,True
n2454871448,Парканы,улица Котовского,74,3,29.8,4.2038,,,False,True
n5653834383,Парканы,улица Котовского,74,3,71.7,4.2038,,,False,True
n2454871482,Парканы,улица Котовского,75,3,55.9,4.2038,,,False,True
n2454871449,Парканы,улица Котовского,76,3,33.0,4.2038,,,False,True
n5653835281,Парканы,улица Котовского,76,3,44.1,4.2038,,,False,True
n2454871451,Парканы,улица Котовского,78,3,40.7,4.2038,,,False,True
n5653835282,Парканы,улица Котовского,78,3,37.1,4.2038,,,False,True
n2454871483,Парканы,улица Котовского,79,3,73.6,4.2038,,,False,True
n5653834379,Парканы,улица Котовского,79,3,64.1,4.2038,,,False,True
n5653835438,Парканы,улица Котовского,80,3,24.7,4.2038,,,False,True
n2454871484,Парканы,улица Котовского,81,3,93.6,4.2038,,,False,True
n5653834378,Парканы,улица Котовского,81,3,79.3,4.2038,,,False,True
n2454871452,Парканы,улица Котовского,82,3,65.9,4.2038,,,False,True
n5653835307,Парканы,улица Котовского,82,3,36.6,4.2038,,,False,True
n2454871485,Парканы,улица Котовского,83,3,114.6,4.2038,,,False,True
n5653835440,Парканы,улица Котовского,83,3,90.3,4.2038,,,False,True
n2454871453,Парканы,улица Котовского,84,3,81.2,4.2038,,,False,True
n2454871486,Парканы,улица Котовского,85,3,100.2,4.4095,,,False,True
n5653835309,Парканы,улица Котовского,85,3,105.1,4.2038,,,False,True
n2454871454,Парканы,улица Котовского,86,3,94.9,4.2038,,,False,True
n5653835439,Парканы,улица Котовского,86,3,77.9,4.2038,,,False,True
n2454871487,Парканы,улица Котовского,87,3,82.0,4.4095,,,False,True
n5653835441,Парканы,улица Котовского,87,3,118.2,4.2038,,,False,True
n2454871455,Парканы,улица Котовского,88,3,109.1,4.2038,,,False,True
n5653835308,Парканы,улица Котовского,88,3,88.5,4.2038,,,False,True
n5653834380,Парканы,улица Котовского,89,3,108.4,4.4095,,,False,True
n2454871456,Парканы,улица Котовского,90,3,118.3,4.4095,,,False,True
n5653835444,Парканы,улица Котовского,90,3,103.5,4.2038,,,False,True
n2454864205,Парканы,улица Котовского,91,3,64.9,4.4095,,,False,True
n5653834381,Парканы,улица Котовского,91,3,95.0,4.4095,,,False,True
n5653835310,Парканы,улица Котовского,91 А,3,81.6,4.4095,,,False,True
n2454871457,Парканы,улица Котовского,92,3,101.0,4.4095,,,False,True
n5653834382,Парканы,улица Котовского,92,3,120.1,4.2038,,,False,True
n2454864204,Парканы,улица Котовского,93,3,45.3,4.4095,,,False,True
n2454871458,Парканы,улица Котовского,94,3,83.0,4.4095,,,False,True
n5653835443,Парканы,улица Котовского,94,3,99.4,4.4095,,,False,True
n2454871459,Парканы,улица Котовского,96,3,64.8,4.4095,,,False,True
n5653835442,Парканы,улица Котовского,96,3,68.8,4.4095,,,False,True
n2454871460,Парканы,улица Котовского,98,3,45.1,4.4095,,,False,True
n2323152123,Парканы,улица Котовского,101,3,24.0,4.4095,,,False,True
n2323152146,Парканы,улица Котовского,102,3,30.9,4.4095,,,False,True
n2323152127,Парканы,улица Котовского,103,3,27.2,4.4095,,,False,True
n2455020886,Парканы,улица Котовского,104,3,44.9,4.4095,,,False,True
n2454873363,Парканы,улица Котовского,105,3,42.7,4.4095,,,False,True
n2455020887,Парканы,улица Котовского,106,3,63.8,4.4095,,,False,True
n2454873364,Парканы,улица Котовского,107,3,57.7,4.4095,,,False,True
n2455020888,Парканы,улица Котовского,108,3,81.1,4.4095,,,False,True
n2454873365,Парканы,улица Котовского,109,3,73.0,4.4095,,,False,True
n2455020889,Парканы,улица Котовского,110,3,96.5,4.4095,,,False,True
n2454873366,Парканы,улица Котовского,111,3,90.7,4.4095,,,False,True
n2455020890,Парканы,улица Котовского,112,3,112.0,4.4095,,,False,True
n2454871488,Парканы,улица Котовского,113,3,107.2,4.4095,,,False,True
n2455020891,Парканы,улица Котовского,114,3,130.5,4.4095,,,False,True
n2455020892,Парканы,улица Котовского,116,3,146.0,4.4095,,,False,True
n2454873367,Парканы,улица Котовского,117,3,125.1,4.4095,,,False,True
n2455020893,Парканы,улица Котовского,118,3,150.6,4.4087,,,False,True
n2454873368,Парканы,улица Котовского,119,3,142.0,4.4095,,,False,True
n2455020894,Парканы,улица Котовского,120,3,148.8,4.4087,,,False,True
n2454873369,Парканы,улица Котовского,121,3,162.3,4.4095,,,False,True
n2455020895,Парканы,улица Котовского,122,3,150.0,4.4087,,,False,True
n2454873370,Парканы,улица Котовского,123,3,177.6,4.4095,,,False,True
n2455020896,Парканы,улица Котовского,124,3,153.6,4.4087,,,False,True
n2454873371,Парканы,улица Котовского,125,3,184.2,4.4087,,,False,True
n4517727310,Парканы,улица Котовского,125,3,191.7,4.4087,,,False,True
n2455020897,Парканы,улица Котовского,126,3,154.7,4.5163,,,False,True
n2454873372,Парканы,улица Котовского,127,3,188.4,4.4087,,,False,True
n2455020898,Парканы,улица Котовского,128,3,148.4,4.5163,,,False,True
n2454873373,Парканы,улица Котовского,129,3,184.5,4.5163,,,False,True
n2455020899,Парканы,улица Котовского,130,3,146.4,4.5163,,,False,True
n2454873374,Парканы,улица Котовского,131,3,180.6,4.5163,,,False,True
n2455020900,Парканы,улица Котовского,132,3,144.5,4.5163,,,False,True
n2454873376,Парканы,улица Котовского,133,3,179.8,4.5163,,,False,True
n2455020901,Парканы,улица Котовского,134,3,144.3,4.5163,,,False,True
n2454873377,Парканы,улица Котовского,135,3,179.7,4.5163,,,False,True
n2455020902,Парканы,улица Котовского,136,3,146.3,4.5163,,,False,True
n2454873375,Парканы,улица Котовского,137,3,180.5,4.5163,,,False,True
n2455020903,Парканы,улица Котовского,138,3,144.7,4.6038,,,False,True
n2454873378,Парканы,улица Котовского,139,3,182.9,4.5163,,,False,True
n2455020904,Парканы,улица Котовского,140,3,141.7,4.6038,,,False,True
n2454873379,Парканы,улица Котовского,141,3,178.7,4.6038,,,False,True
n2455020905,Парканы,улица Котовского,142,3,138.4,4.6211,,,False,True
n2454873380,Парканы,улица Котовского,143,3,176.3,4.6038,,,False,True
n2455020906,Парканы,улица Котовского,144,3,132.0,4.6458,,,False,True
n2454873381,Парканы,улица Котовского,145,3,174.4,4.6458,,,False,True
n2456715975,Парканы,улица Котовского,146,3,130.5,4.6458,,,False,True
n2454873382,Парканы,улица Котовского,147,3,170.2,4.6458,,,False,True
n2456715976,Парканы,улица Котовского,148,3,125.9,4.7629,,,False,True
n2454873383,Парканы,улица Котовского,149,3,167.7,4.6458,,,False,True
n2456715977,Парканы,улица Котовского,150,3,110.7,4.7629,,,False,True
n2454873384,Парканы,улица Котовского,151,3,167.4,4.6458,,,False,True
n2456715978,Парканы,улица Котовского,152,3,98.2,4.7629,,,False,True
n2454873385,Парканы,улица Котовского,153,3,162.3,4.7629,,,False,True
n2456715979,Парканы,улица Котовского,154,3,90.6,4.7629,,,False,True
n2454873386,Парканы,улица Котовского,155,3,153.8,4.7629,,,False,True
n2456715980,Парканы,улица Котовского,156,3,83.0,4.8246,,,False,True
n2454873387,Парканы,улица Котовского,157,3,146.0,4.7629,,,False,True
n2456715981,Парканы,улица Котовского,158,3,71.1,4.8246,,,False,True
n2454873388,Парканы,улица Котовского,159,3,139.6,4.7629,,,False,True
n2456715983,Парканы,улица Котовского,160,3,61.3,4.9642,,,False,True
n2454873389,Парканы,улица Котовского,161,3,134.1,4.7629,,,False,True
n2455020907,Парканы,улица Котовского,162,3,44.7,4.9642,,,False,True
n2454873390,Парканы,улица Котовского,163,3,129.1,4.7629,,,False,True
n2454873391,Парканы,улица Котовского,165,3,121.0,4.9642,,,False,True
n2454873392,Парканы,улица Котовского,167,3,102.8,4.9642,,,False,True
n2454873393,Парканы,улица Котовского,169,3,79.2,4.9642,,,False,True
n2454873394,Парканы,улица Котовского,171,3,60.1,4.9642,,,False,True
n2454873395,Парканы,улица Котовского,173,3,41.3,4.9642,,,False,True
n2323152078,Парканы,улица Котовского,175,3,16.6,4.9642,,,False,True
n2323343711,Парканы,улица Ленина,1,2,15.0,2.8422,,,False,True
n2457586634,Парканы,улица Ленина,3,2,14.4,2.8614,,,False,True
n2457586661,Парканы,улица Ленина,4,2,54.2,2.8972,,,False,True
n2457586635,Парканы,улица Ленина,5,2,24.8,2.8614,,,False,True
n2457586662,Парканы,улица Ленина,6,2,89.3,2.9404,,,False,True
n2457586636,Парканы,улица Ленина,7,2,37.6,2.8614,,,False,True
n2457586663,Парканы,улица Ленина,8,2,99.7,3.0247,,,False,True
n2457586637,Парканы,улица Ленина,9,2,52.9,2.8614,,,False,True
n2457586638,Парканы,улица Ленина,10,2,70.0,2.8614,,,False,True
n2457586664,Парканы,улица Ленина,10,2,109.5,3.0247,,,False,True
n2457586639,Парканы,улица Ленина,11,2,88.7,2.8614,,,False,True
n2457586665,Парканы,улица Ленина,12,2,120.5,3.0247,,,False,True
n2457586640,Парканы,улица Ленина,13,2,103.4,2.8614,,,False,True
n2457586666,Парканы,улица Ленина,14,2,135.3,3.0247,,,False,True
n2457586641,Парканы,улица Ленина,15,2,115.8,2.8614,,,False,True
n2457586667,Парканы,улица Ленина,16,2,116.6,3.1706,3.3743,0.2037,False,True
n2457586642,Парканы,улица Ленина,17,2,129.3,2.8614,,,False,True
n2457589703,Парканы,улица Ленина,18,2,98.0,3.1706,3.3943,0.2237,False,True
n2457586643,Парканы,улица Ленина,19,2,143.9,2.8614,,,False,True
n2457586669,Парканы,улица Ленина,20,2,74.8,3.1706,3.4207,0.2501,False,True
n2457586644,Парканы,улица Ленина,21,2,154.8,3.1706,,,False,True
n2457586670,Парканы,улица Ленина,22,2,51.8,3.1706,3.4409,0.2703,False,True
n2457586645,Парканы,улица Ленина,23,2,138.0,3.1706,,,False,True
n2457586671,Парканы,улица Ленина,24,2,33.7,3.1706,3.4673,0.2967,False,True
n2457586646,Парканы,улица Ленина,25,2,123.2,3.1706,,,False,True
n2457586878,Парканы,улица Ленина,26,2,25.3,3.1706,3.4876,0.317,False,True
n2457586879,Парканы,улица Ленина,28,2,34.0,3.1706,3.5102,0.3396,True,True
n2457586648,Парканы,улица Ленина,29,2,94.1,3.1706,,,False,True
n2457586880,Парканы,улица Ленина,30,2,51.3,3.1706,3.5332,0.3626,True,True
n2457586649,Парканы,улица Ленина,31,2,77.2,3.1706,,,False,True
n2457586881,Парканы,улица Ленина,32,2,44.4,3.2765,3.5573,0.2808,False,True
n2457586650,Парканы,улица Ленина,33,2,61.5,3.1706,,,False,True
n2457586651,Парканы,улица Ленина,33,2,49.3,3.1706,,,False,True
n2457586652,Парканы,улица Ленина,35,2,38.4,3.1706,,,False,True
n2457586882,Парканы,улица Ленина,36,2,28.8,3.2765,3.5797,0.3032,False,True
n2457586660,Парканы,улица Ленина,38,2,27.5,3.2765,3.6046,0.3281,True,True
n2457586653,Парканы,улица Ленина,39,2,24.3,3.1706,,,False,True
n2457589696,Парканы,улица Ленина,40,2,31.3,3.3257,3.6258,0.3001,False,True
n2457589695,Парканы,улица Ленина,42,2,24.7,3.3257,3.6446,0.3189,False,True
n2457589697,Парканы,улица Ленина,44,2,31.7,3.3257,3.6624,0.3367,True,True
n2457586656,Парканы,улица Ленина,45,2,21.1,3.1706,,,False,True
n2457589700,Парканы,улица Ленина,46,2,29.3,3.3742,3.7049,0.3307,False,True
n2457586657,Парканы,улица Ленина,47,2,33.9,3.1706,,,False,True
n2457589704,Парканы,улица Ленина,48,2,40.9,3.3742,3.7227,0.3485,True,True
n2457586658,Парканы,улица Ленина,49,2,51.2,3.1706,,,False,True
n2457589701,Парканы,улица Ленина,50,2,57.9,3.3742,3.7431,0.3689,True,True
n2457586659,Парканы,улица Ленина,51,2,43.8,3.2765,,,False,True
n2457589702,Парканы,улица Ленина,52,2,78.8,3.3742,3.7655,0.3913,True,True
n2323343713,Парканы,улица Ленина,53,2,22.7,3.2765,,,False,True
n2457586668,Парканы,улица Ленина,54,2,62.8,3.5241,3.7838,0.2597,False,True
w286876155,Парканы,улица Ленина,55,2,46.7,3.3742,,,False,True
w223437258,Парканы,улица Ленина,55А,2,38.5,3.3742,,,False,True
n2457589694,Парканы,улица Ленина,56,2,49.3,3.5241,3.7985,0.2744,False,True
n2457590776,Парканы,улица Ленина,57,2,62.2,3.3742,,,False,True
n2457586883,Парканы,улица Ленина,58,2,37.0,3.5241,3.8138,0.2897,False,True
n2457590777,Парканы,улица Ленина,59,2,61.7,3.5241,,,False,True
n2457589705,Парканы,улица Ленина,60,2,28.5,3.5241,3.831,0.3069,False,True
n2457590778,Парканы,улица Ленина,61,2,43.3,3.5241,,,False,True
n2457589706,Парканы,улица Ленина,62,2,24.9,3.5241,3.8452,0.3211,False,True
n2457590779,Парканы,улица Ленина,63,2,23.0,3.5241,,,False,True
n2457589707,Парканы,улица Ленина,64,2,31.0,3.5241,3.8609,0.3368,False,True
n2457590780,Парканы,улица Ленина,65,2,13.5,3.5241,,,False,True
n2457589708,Парканы,улица Ленина,66,2,43.6,3.5241,3.8774,0.3533,True,True
n2457590781,Парканы,улица Ленина,67,2,26.3,3.5241,,,False,True
n2457589709,Парканы,улица Ленина,68,2,56.0,3.5241,3.8917,0.3676,True,True
n2457590782,Парканы,улица Ленина,69,2,49.7,3.5241,,,False,True
n2457589710,Парканы,улица Ленина,70,2,68.0,3.5241,3.905,0.3809,True,True
n2457590783,Парканы,улица Ленина,71,2,65.1,3.5241,,,False,True
n2457589711,Парканы,улица Ленина,72,2,80.3,3.5241,3.9175,0.3934,True,True
n2457590784,Парканы,улица Ленина,73,2,80.2,3.5241,,,False,True
n2457589712,Парканы,улица Ленина,74,2,90.9,3.7903,3.9311,0.1408,False,True
n2457590785,Парканы,улица Ленина,75,2,66.5,3.7903,,,False,True
n2457589713,Парканы,улица Ленина,76,2,82.2,3.7903,3.9428,0.1525,False,True
n2457590786,Парканы,улица Ленина,77,2,51.2,3.7903,,,False,True
n2457589714,Парканы,улица Ленина,78,2,73.6,3.7903,,,False,True
n2457590787,Парканы,улица Ленина,79,2,35.1,3.7903,,,False,True
n2457589715,Парканы,улица Ленина,80,2,66.4,3.7903,,,False,True
n2457590788,Парканы,улица Ленина,81,2,19.7,3.7903,,,False,True
n2457589716,Парканы,улица Ленина,82,2,59.3,3.7903,,,False,True
n2457590789,Парканы,улица Ленина,83,2,16.6,3.7903,,,False,True
n2457591897,Парканы,улица Ленина,83а,3,7.7,3.8025,,,False,True
n2457589717,Парканы,улица Ленина,84,2,50.1,3.7221,,,False,True
n2457591898,Парканы,улица Ленина,85,3,31.0,3.8591,,,False,True
n2457589718,Парканы,улица Ленина,86,2,34.0,3.7221,,,False,True
n2457584926,Парканы,улица Ленина,86а,2,25.8,3.7221,,,False,True
n2457591899,Парканы,улица Ленина,87,3,27.4,3.8591,,,False,True
n2457584927,Парканы,улица Ленина,88,3,26.6,3.7221,,,False,True
n2457591900,Парканы,улица Ленина,89,3,34.4,3.8591,,,False,True
n2457584928,Парканы,улица Ленина,90,3,33.8,3.7221,,,False,True
n2457591901,Парканы,улица Ленина,91,3,18.3,3.8816,,,False,True
n2457584929,Парканы,улица Ленина,92,3,34.0,3.7819,,,False,True
n2457591902,Парканы,улица Ленина,93,3,9.5,3.8816,,,False,True
n2457584930,Парканы,улица Ленина,94,3,27.3,3.7819,,,False,True
n2457591903,Парканы,улица Ленина,95,3,19.7,3.8816,,,False,True
n2457584931,Парканы,улица Ленина,96,3,29.5,3.7819,,,False,True
n2457591904,Парканы,улица Ленина,97,3,34.3,3.8816,,,False,True
n2457584932,Парканы,улица Ленина,98,3,40.6,3.7819,,,False,True
n2457591905,Парканы,улица Ленина,99,3,34.8,3.9764,,,False,True
n2457584933,Парканы,улица Ленина,100,3,56.3,3.7819,,,False,True
n2457591906,Парканы,улица Ленина,101,3,29.1,3.9764,,,False,True
n2457584934,Парканы,улица Ленина,102,3,45.8,3.8816,,,False,True
n2457584935,Парканы,улица Ленина,104,3,35.6,3.8816,,,False,True
n2323343683,Парканы,улица Ленина,105,3,26.7,3.9819,,,False,True
n2457584936,Парканы,улица Ленина,106,3,30.2,3.8816,,,False,True
n2457584903,Парканы,улица Ленина,107,3,47.5,3.9819,,,False,True
n2457584937,Парканы,улица Ленина,108,3,30.6,3.8816,,,False,True
n2457584904,Парканы,улица Ленина,109,3,76.6,3.9819,,,False,True
n2457584905,Парканы,улица Ленина,109,3,61.9,4.1381,,,False,True
n2457584938,Парканы,улица Ленина,110,3,40.2,3.8816,,,False,True
n2457584906,Парканы,улица Ленина,111,3,36.2,4.1381,,,False,True
n2457584939,Парканы,улица Ленина,112,3,53.7,3.8816,,,False,True
n2323343684,Парканы,улица Ленина,113,3,26.9,4.1381,,,False,True
n2457584940,Парканы,улица Ленина,114,3,47.0,3.9819,,,False,True
n2457583320,Парканы,улица Ленина,115,3,62.8,4.3478,,,False,True
n2323343723,Парканы,улица Ленина,116,3,27.9,3.9819,,,False,True
n2323343689,Парканы,улица Ленина,117,3,23.0,4.3478,,,False,True
n2323343724,Парканы,улица Ленина,118,3,22.8,3.9819,,,False,True
n2457591915,Парканы,улица Ленина,119,3,25.9,4.4037,,,False,True
n2457584921,Парканы,улица Ленина,120,3,31.9,3.9819,,,False,True
n2457591916,Парканы,улица Ленина,121,3,15.4,4.4037,,,False,True
n2457584922,Парканы,улица Ленина,122,3,45.5,3.9819,,,False,True
n2457591917,Парканы,улица Ленина,123,3,13.6,4.4037,,,False,True
n2457584923,Парканы,улица Ленина,124,3,59.5,3.9819,,,False,True
n2457591918,Парканы,улица Ленина,125,3,27.2,4.4037,,,False,True
n2457584924,Парканы,улица Ленина,126,3,74.3,3.9819,,,False,True
n2457591920,Парканы,улица Ленина,127,3,40.6,4.4037,,,False,True
n2457584925,Парканы,улица Ленина,128,3,71.2,4.1381,,,False,True
n2457591919,Парканы,улица Ленина,129,3,56.1,4.4037,,,False,True
n2457584920,Парканы,улица Ленина,130,3,48.7,4.1381,,,False,True
n2323343700,Парканы,улица Ленина,131,3,47.3,4.5216,,,False,True
n2457584919,Парканы,улица Ленина,132,3,31.7,4.1381,,,False,True
n2323343710,Парканы,улица Ленина,133,3,50.4,4.7512,,,False,True
w299374553,Парканы,улица Ленина,133а,3,29.8,4.6836,,,False,True
n2457584918,Парканы,улица Ленина,134,3,18.3,4.1381,,,False,True
n2457584917,Парканы,улица Ленина,136,3,21.7,4.1381,,,False,True
n2457584916,Парканы,улица Ленина,138,3,36.0,4.1971,,,False,True
n2457584915,Парканы,улица Ленина,140,3,22.7,4.1971,,,False,True
n2457584914,Парканы,улица Ленина,142,3,24.0,4.1971,,,False,True
n2457591907,Парканы,улица Ленина,144,3,32.5,4.1971,,,False,True
n2457591908,Парканы,улица Ленина,146,3,41.9,4.1971,,,False,True
n2457591909,Парканы,улица Ленина,148,3,53.0,4.1971,,,False,True
n2457591910,Парканы,улица Ленина,150,3,70.6,4.1971,,,False,True
n2457591911,Парканы,улица Ленина,152,3,69.9,4.3478,,,False,True
n2457591912,Парканы,улица Ленина,154,3,51.9,4.3478,,,False,True
n2457591913,Парканы,улица Ленина,156,3,33.5,4.3478,,,False,True
n2457591914,Парканы,улица Ленина,158,3,28.4,4.3478,,,False,True
n2323343727,Парканы,улица Ленина,160,3,36.1,4.4037,,,False,True
w315801269,Парканы,улица Ленина,200,4,112.5,5.6473,,,False,True
n2323152069,Парканы,улица Маяковского,1,3,94.8,4.9642,,,False,True
n2323152072,Парканы,улица Маяковского,3,3,82.6,5.2063,,,False,True
n2457518544,Парканы,улица Маяковского,4,3,30.8,5.0089,,,False,True
n2457518545,Парканы,улица Маяковского,6,3,43.9,5.0089,,,False,True
n2457518546,Парканы,улица Маяковского,8,3,60.2,5.0089,,,False,True
n2457518547,Парканы,улица Маяковского,10,3,73.8,5.0089,,,False,True
n2457518548,Парканы,улица Маяковского,14,3,77.2,5.1726,,,False,True
n2457518549,Парканы,улица Маяковского,16,3,76.2,5.1726,,,False,True
n2457518550,Парканы,улица Маяковского,18,3,77.8,5.1726,,,False,True
n2457518551,Парканы,улица Маяковского,20,3,83.2,5.2063,,,False,True
n2457518552,Парканы,улица Маяковского,22,3,61.3,5.2063,,,False,True
n2457518553,Парканы,улица Маяковского,24,3,39.6,5.2063,,,False,True
n2457518554,Парканы,улица Маяковского,26,3,26.6,5.2063,,,False,True
n2457518555,Парканы,улица Маяковского,28,4,31.6,5.2063,,,False,True
n2457518556,Парканы,улица Маяковского,30,4,43.7,5.2063,,,False,True
n2457518557,Парканы,улица Маяковского,32,4,56.3,5.2063,,,False,True
n2457518558,Парканы,улица Маяковского,34,4,68.8,5.2063,5.5921,0.3858,False,True
n2457518559,Парканы,улица Маяковского,36,4,66.8,5.3505,,,False,True
n2457518560,Парканы,улица Маяковского,38,4,53.4,5.3505,,,False,True
n2457518561,Парканы,улица Маяковского,40,4,39.6,5.3505,,,False,True
n2457518562,Парканы,улица Маяковского,42,4,26.9,5.3505,,,False,True
n2457518563,Парканы,улица Маяковского,46,4,22.1,5.3505,,,False,True
n2323152066,Парканы,улица Маяковского,48,4,27.7,5.3505,,,False,True
n2323152132,Парканы,улица Маяковского,165,3,16.1,5.2063,,,False,True
n2323152073,Парканы,улица Маяковского,168,3,23.0,5.2063,,,False,True
n2323152065,Парканы,улица Маяковского,185,4,22.2,5.3505,,,False,True
n2323152064,Парканы,улица Маяковского,198,4,20.4,5.3505,,,False,True
n2323407298,Парканы,улица Мичурина,2,3,14.7,4.2514,,,False,True
n2458371475,Парканы,улица Мичурина,3,3,31.6,4.2514,,,False,True
n2458367773,Парканы,улица Мичурина,4,3,46.2,4.3455,,,False,True
n2458371479,Парканы,улица Мичурина,5,3,44.0,4.2514,,,False,True
n2458367772,Парканы,улица Мичурина,6,3,11.4,4.3455,,,False,True
n2458371480,Парканы,улица Мичурина,7,3,39.8,4.3455,,,False,True
n2458367771,Парканы,улица Мичурина,8,3,5.8,4.3455,,,False,True
n2458371478,Парканы,улица Мичурина,9,3,26.6,4.3455,,,False,True
n2458367770,Парканы,улица Мичурина,10,3,18.2,4.3455,,,False,True
n2458371477,Парканы,улица Мичурина,11,3,15.9,4.3455,,,False,True
n2458367768,Парканы,улица Мичурина,12,3,40.9,4.3455,,,False,True
n2458371476,Парканы,улица Мичурина,13,3,22.8,4.3455,,,False,True
n2458363389,Парканы,улица Мичурина,14,3,40.2,4.4415,,,False,True
n2458367769,Парканы,улица Мичурина,15,3,35.0,4.3455,,,False,True
n2458363386,Парканы,улица Мичурина,16,3,27.5,4.4415,,,False,True
n2458363390,Парканы,улица Мичурина,17,3,50.1,4.3455,,,False,True
n2458363380,Парканы,улица Мичурина,18,3,13.2,4.4415,,,False,True
n2458363382,Парканы,улица Мичурина,19,3,34.4,4.4415,,,False,True
n2458363376,Парканы,улица Мичурина,20,3,17.4,4.4415,,,False,True
n2458363381,Парканы,улица Мичурина,21,3,22.7,4.4415,,,False,True
n2458363375,Парканы,улица Мичурина,22,3,41.7,4.4415,5.0202,0.5787,True,True
n2458363379,Парканы,улица Мичурина,23,3,23.3,4.4415,,,False,True
n2458363374,Парканы,улица Мичурина,24,3,38.5,4.5369,,,False,True
n2458363378,Парканы,улица Мичурина,25,3,34.7,4.4415,,,False,True
n2458363371,Парканы,улица Мичурина,26,3,24.6,4.5369,,,False,True
n2458363377,Парканы,улица Мичурина,27,3,47.4,4.4415,,,False,True
n2458363370,Парканы,улица Мичурина,28,3,8.5,4.5369,,,False,True
n2458363372,Парканы,улица Мичурина,29,3,29.4,4.5369,,,False,True
n2458363373,Парканы,улица Мичурина,29,3,42.8,4.5369,,,False,True
n2458363363,Парканы,улица Мичурина,30,3,35.0,4.5369,,,False,True
n2458363369,Парканы,улица Мичурина,30а,3,20.8,4.5369,,,False,True
n2458363368,Парканы,улица Мичурина,31,3,20.9,4.5369,5.3422,0.8053,True,True
n2458363362,Парканы,улица Мичурина,32,3,42.7,4.6305,,,False,True
n2458363366,Парканы,улица Мичурина,33,3,20.1,4.5369,,,False,True
n2458363361,Парканы,улица Мичурина,34,3,21.9,4.6305,,,False,True
n2458363365,Парканы,улица Мичурина,35,3,36.4,4.5369,,,False,True
n2458363364,Парканы,улица Мичурина,37,3,47.0,4.6305,,,False,True
n2323589109,Парканы,улица Мичурина,38,3,21.6,4.6305,,,False,True
n2458363360,Парканы,улица Мичурина,39,3,33.1,4.6305,,,False,True
n2458243391,Парканы,улица Мичурина,40,3,29.4,4.7071,,,False,True
n2323589102,Парканы,улица Мичурина,41,3,19.6,4.6305,,,False,True
n2458353526,Парканы,улица Мичурина,42,3,10.9,4.7071,,,False,True
n2323589104,Парканы,улица Мичурина,43,3,20.9,4.6305,,,False,True
n2458317624,Парканы,улица Мичурина,44,3,29.1,4.7071,,,False,True
n2458354171,Парканы,улица Мичурина,46,3,56.4,4.7071,,,False,True
n2458317621,Парканы,улица Мичурина,47,3,34.7,4.7071,,,False,True
n2458354172,Парканы,улица Мичурина,48,3,79.9,4.7071,,,False,True
n2458352180,Парканы,улица Мичурина,49,3,17.0,4.7071,,,False,True
n2458317634,Парканы,улица Мичурина,50,3,99.4,4.9109,,,False,True
n2458352183,Парканы,улица Мичурина,51,3,30.3,4.7071,,,False,True
n2458317637,Парканы,улица Мичурина,52,3,70.8,4.9109,,,False,True
n2458352186,Парканы,улица Мичурина,53,3,52.0,4.7071,,,False,True
n2458355834,Парканы,улица Мичурина,54,3,50.8,4.9109,,,False,True
n2458352883,Парканы,улица Мичурина,55,3,75.8,4.7071,,,False,True
n2458317700,Парканы,улица Мичурина,56,3,33.2,4.9109,,,False,True
n2458350592,Парканы,улица Мичурина,57,3,84.4,4.7288,,,False,True
n2458317698,Парканы,улица Мичурина,58,3,19.5,4.9109,,,False,True
n2458350591,Парканы,улица Мичурина,59,3,75.0,4.9109,,,False,True
n2458317695,Парканы,улица Мичурина,60,3,16.8,4.9109,,,False,True
n2458350590,Парканы,улица Мичурина,61,3,53.5,4.9109,,,False,True
n2458317693,Парканы,улица Мичурина,62,4,30.6,4.9109,,,False,True
n2458350589,Парканы,улица Мичурина,63,3,32.9,4.9402,,,False,True
n2458317680,Парканы,улица Мичурина,64,4,45.1,4.9109,,,False,True
n2458350588,Парканы,улица Мичурина,65,3,17.2,4.9402,,,False,True
n2458317678,Парканы,улица Мичурина,66,4,64.2,4.9109,,,False,True
n2458350587,Парканы,улица Мичурина,67,3,20.4,4.9109,,,False,True
n2458317676,Парканы,улица Мичурина,68,4,84.3,4.9109,,,False,True
n2458317691,Парканы,улица Мичурина,69,4,38.5,4.9109,,,False,True
n2458317672,Парканы,улица Мичурина,70,4,68.7,5.0789,,,False,True
n2458317689,Парканы,улица Мичурина,71,4,57.1,4.9109,,,False,True
n2458317670,Парканы,улица Мичурина,72,4,49.2,5.0789,,,False,True
n2458317686,Парканы,улица Мичурина,73,4,75.4,4.9109,,,False,True
n2458317668,Парканы,улица Мичурина,74,4,33.7,5.0789,,,False,True
n2458317684,Парканы,улица Мичурина,75,4,77.7,5.0789,,,False,True
n2458317666,Парканы,улица Мичурина,76,4,18.8,5.0789,,,False,True
n2458317682,Парканы,улица Мичурина,77,4,64.2,5.0789,,,False,True
n2458317664,Парканы,улица Мичурина,78,4,13.7,5.0789,,,False,True
n4505716990,Парканы,улица Мичурина,78,4,30.4,5.0789,,,False,True
n2458317674,Парканы,улица Мичурина,79,4,45.3,5.0789,,,False,True
n2458317654,Парканы,улица Мичурина,80,4,30.6,5.0789,,,False,True
n2458317662,Парканы,улица Мичурина,81,4,25.0,5.0789,,,False,True
n2458317652,Парканы,улица Мичурина,82,4,50.4,5.0789,,,False,True
n2458317660,Парканы,улица Мичурина,83,4,17.8,5.0789,,,False,True
n4505714558,Парканы,улица Мичурина,83,4,16.9,5.0789,,,False,True
n2458317649,Парканы,улица Мичурина,84,4,52.0,5.2012,,,False,True
n2458317658,Парканы,улица Мичурина,85,4,25.5,5.0789,,,False,True
n2458243384,Парканы,улица Мичурина,86,4,34.9,5.2012,,,False,True
n2458317656,Парканы,улица Мичурина,87,4,38.1,5.0789,,,False,True
n2323589118,Парканы,улица Мичурина,88,4,23.2,5.2012,,,False,True
n2458317647,Парканы,улица Мичурина,89,4,53.8,5.0789,,,False,True
n2323589121,Парканы,улица Мичурина,90,4,24.8,5.2012,,,False,True
n2458317645,Парканы,улица Мичурина,91,4,57.6,5.2012,,,False,True
n2458243387,Парканы,улица Мичурина,93,4,38.6,5.2012,,,False,True
n2323589112,Парканы,улица Мичурина,95,4,26.8,5.2012,,,False,True
n2323589115,Парканы,улица Мичурина,97,4,18.1,5.2012,,,False,True
n2458208198,Парканы,улица Мичурина,99,4,28.4,5.2012,,,False,True
n2458187362,Парканы,улица Мичурина,100,4,22.9,5.2512,,,False,True
n2458208199,Парканы,улица Мичурина,101,4,16.0,5.2512,,,False,True
n2458187365,Парканы,улица Мичурина,102,4,18.2,5.304,,,False,True
n2458208200,Парканы,улица Мичурина,103,4,14.9,5.2512,,,False,True
n2458208202,Парканы,улица Мичурина,103,4,20.3,5.304,,,False,True
n4478927871,Парканы,улица Мичурина,103,4,30.2,5.2012,,,False,True
n2458187368,Парканы,улица Мичурина,104,4,16.0,5.304,,,False,True
n2458208214,Парканы,улица Мичурина,104,4,97.1,5.304,,,False,True
n2458208201,Парканы,улица Мичурина,105,4,26.7,5.2512,,,False,True
n2458208204,Парканы,улица Мичурина,105,4,11.7,5.304,,,False,True
n2458208209,Парканы,улица Мичурина,106,4,30.7,5.304,,,False,True
n2458208213,Парканы,улица Мичурина,106,4,113.3,5.5411,,,False,True
n2458208205,Парканы,улица Мичурина,107,4,18.7,5.304,,,False,True
n2458208210,Парканы,улица Мичурина,108,4,49.7,5.304,,,False,True
n2458208212,Парканы,улица Мичурина,108,4,90.6,5.5411,,,False,True
n2458208206,Парканы,улица Мичурина,109,4,36.7,5.304,,,False,True
n2458187359,Парканы,улица Мичурина,110,4,65.9,5.5411,,,False,True
n2458208211,Парканы,улица Мичурина,110,4,69.3,5.304,,,False,True
n2458208207,Парканы,улица Мичурина,111,4,53.6,5.304,,,False,True
n2458208208,Парканы,улица Мичурина,113,4,74.0,5.304,,,False,True
n2458187353,Парканы,улица Мичурина,114,4,29.2,5.5411,,,False,True
n2458187349,Парканы,улица Мичурина,116,4,9.3,5.5411,,,False,True
n2458125641,Парканы,улица Мичурина,118,4,23.3,5.5411,,,False,True
n2458125642,Парканы,улица Мичурина,120,4,20.2,5.6088,,,False,True
n2458187356,Парканы,улица Мичурина,120,4,46.5,5.5411,,,False,True
n2458208567,Парканы,улица Мичурина,121,4,97.2,5.304,,,False,True
n2458125643,Парканы,улица Мичурина,122,4,12.1,5.6088,,,False,True
n4478922973,Парканы,улица Мичурина,122,4,20.8,5.5411,,,False,True
n2458209279,Парканы,улица Мичурина,123,4,113.4,5.5668,,,False,True
n2458125644,Парканы,улица Мичурина,124,4,13.1,5.6337,,,False,True
n2458208568,Парканы,улица Мичурина,125,4,93.3,5.5668,,,False,True
n2458166488,Парканы,улица Мичурина,126,4,18.7,5.6615,,,False,True
n2458125639,Парканы,улица Мичурина,127,4,69.0,5.5668,,,False,True
n2458166489,Парканы,улица Мичурина,128,4,11.9,5.6878,,,False,True
n2323589124,Парканы,улица Мичурина,129,4,33.2,5.5668,,,False,True
n2458166493,Парканы,улица Мичурина,130,4,18.0,5.7184,,,False,True
n2323589127,Парканы,улица Мичурина,131,4,16.8,5.5668,,,False,True
n2458166494,Парканы,улица Мичурина,132,4,14.7,5.7184,,,False,True
n2458125640,Парканы,улица Мичурина,133,4,35.8,5.5668,,,False,True
n2458166495,Парканы,улица Мичурина,134,4,30.8,5.7184,,,False,True
n2458166486,Парканы,улица Мичурина,135,4,22.8,5.6088,,,False,True
n2458166496,Парканы,улица Мичурина,136,4,48.8,5.7184,,,False,True
n2458166487,Парканы,улица Мичурина,137,4,15.1,5.6088,,,False,True
n2458166497,Парканы,улица Мичурина,138,4,49.6,5.833,,,False,True
n2458166485,Парканы,улица Мичурина,139,4,11.7,5.6337,,,False,True
n2458166498,Парканы,улица Мичурина,140,4,25.9,5.833,,,False,True
n4552707595,Парканы,улица Мичурина,140,4,43.1,5.7184,,,False,True
n2458166490,Парканы,улица Мичурина,141,4,20.9,5.6615,,,False,True
n2458166499,Парканы,улица Мичурина,142,4,12.1,5.833,,,False,True
n2458166491,Парканы,улица Мичурина,143,4,16.5,5.6615,,,False,True
n2458166500,Парканы,улица Мичурина,144,4,31.1,5.833,,,False,True
n2458166492,Парканы,улица Мичурина,145,4,21.7,5.6878,,,False,True
n2458166504,Парканы,улица Мичурина,145а,4,20.6,5.6878,,,False,True
n2458166501,Парканы,улица Мичурина,146,4,13.5,5.893,,,False,True
n2458166505,Парканы,улица Мичурина,147,4,18.1,5.7184,,,False,True
n2458166502,Парканы,улица Мичурина,148,4,22.2,5.893,,,False,True
n2458166506,Парканы,улица Мичурина,149,4,19.2,5.7184,,,False,True
n2458166503,Парканы,улица Мичурина,150,4,14.6,5.9422,,,False,True
n2458166507,Парканы,улица Мичурина,151,4,35.5,5.7184,,,False,True
n2458166508,Парканы,улица Мичурина,153,4,52.6,5.7184,,,False,True
n2458166522,Парканы,улица Мичурина,154,4,60.7,5.9422,,,False,True
n2458166509,Парканы,улица Мичурина,155,4,48.6,5.833,,,False,True
n2458166523,Парканы,улица Мичурина,156,4,78.5,5.9422,,,False,True
n2458166524,Парканы,улица Мичурина,156а,4,95.1,5.9422,,,False,True
n2458166510,Парканы,улица Мичурина,157,4,28.0,5.833,,,False,True
n2458166525,Парканы,улица Мичурина,158,4,85.8,6.1355,,,False,True
n2458166511,Парканы,улица Мичурина,159,4,27.2,5.833,,,False,True
n4478922972,Парканы,улица Мичурина,159,4,63.7,5.833,,,False,True
n2458166528,Парканы,улица Мичурина,160,4,66.5,6.1355,,,False,True
n2458166512,Парканы,улица Мичурина,161,4,23.6,5.893,,,False,True
n2458166527,Парканы,улица Мичурина,162,4,46.7,6.1355,,,False,True
n2458166513,Парканы,улица Мичурина,163,4,28.8,5.893,,,False,True
n2458166529,Парканы,улица Мичурина,164,4,31.8,6.1355,,,False,True
n2458166514,Парканы,улица Мичурина,165,4,19.4,5.9422,,,False,True
n2458170163,Парканы,улица Мичурина,166,4,20.3,6.1355,,,False,True
n2458166515,Парканы,улица Мичурина,167,4,21.4,5.9422,,,False,True
n2458170184,Парканы,улица Мичурина,168,4,23.8,6.1355,,,False,True
n2458166516,Парканы,улица Мичурина,169,4,41.6,5.9422,,,False,True
n2458170187,Парканы,улица Мичурина,170,4,36.6,6.1355,,,False,True
n2458166517,Парканы,улица Мичурина,171,4,58.3,5.9422,,,False,True
n2458166518,Парканы,улица Мичурина,171а,4,77.8,5.9422,,,False,True
n2458170190,Парканы,улица Мичурина,172,4,58.2,6.1355,,,False,True
n2458166519,Парканы,улица Мичурина,173,4,96.5,5.9422,,,False,True
n2458170193,Парканы,улица Мичурина,174,4,83.4,6.1355,,,False,True
n2458166520,Парканы,улица Мичурина,175,4,80.3,6.1355,,,False,True
n4393903885,Парканы,улица Мичурина,175,4,82.9,5.9422,,,False,True
n2458170196,Парканы,улица Мичурина,176,4,88.4,6.3262,,,False,True
n2458166521,Парканы,улица Мичурина,177,4,56.2,6.1355,,,False,True
n2458170199,Парканы,улица Мичурина,178,4,67.4,6.3262,,,False,True
n2458166526,Парканы,улица Мичурина,179,4,35.8,6.1355,,,False,True
n2458170202,Парканы,улица Мичурина,180,4,30.5,6.3262,,,False,True
n2458170166,Парканы,улица Мичурина,181,4,21.0,6.1355,,,False,True
n2458170169,Парканы,улица Мичурина,183,4,13.8,6.1355,,,False,True
n2458170173,Парканы,улица Мичурина,185,4,28.5,6.1355,,,False,True
n2458170176,Парканы,улица Мичурина,187,4,45.8,6.1355,,,False,True
n2323589133,Парканы,улица Мичурина,188,4,51.1,6.3262,,,False,True
n2458170179,Парканы,улица Мичурина,189,4,63.6,6.1355,,,False,True
n2458170182,Парканы,улица Мичурина,191,4,82.6,6.1355,,,False,True
n2458170212,Парканы,улица Мичурина,193,4,87.8,6.3262,,,False,True
n2458170209,Парканы,улица Мичурина,195,4,70.2,6.3262,,,False,True
n2458170206,Парканы,улица Мичурина,197,4,48.5,6.3262,,,False,True
n2458170203,Парканы,улица Мичурина,199,4,31.0,6.3262,,,False,True
n2323589130,Парканы,улица Мичурина,201,4,19.7,6.3262,,,False,True
n2323407290,Парканы,улица Петра Николаева,1,3,22.4,3.8347,,,False,True
n2323407291,Парканы,улица Петра Николаева,2,3,13.9,3.8481,,,False,True
n2459682666,Парканы,улица Петра Николаева,3,3,40.5,3.8347,,,False,True
n2459682646,Парканы,улица Петра Николаева,4,3,30.1,3.8481,,,False,True
n2459682667,Парканы,улица Петра Николаева,5,3,20.7,3.9146,,,False,True
n2459682647,Парканы,улица Петра Николаева,6,3,33.3,3.9146,,,False,True
n2459682668,Парканы,улица Петра Николаева,7,3,11.7,3.9146,,,False,True
n2459682648,Парканы,улица Петра Николаева,8,3,19.6,3.9146,,,False,True
n2459682669,Парканы,улица Петра Николаева,9,3,33.9,3.9146,,,False,True
n2459682649,Парканы,улица Петра Николаева,10,3,4.3,3.9146,,,False,True
n2459682670,Парканы,улица Петра Николаева,11,3,54.6,3.9146,,,False,True
n2459682650,Парканы,улица Петра Николаева,12,3,14.1,3.9146,,,False,True
n2459682671,Парканы,улица Петра Николаева,13,3,73.9,3.9146,,,False,True
n2459682651,Парканы,улица Петра Николаева,14,3,30.8,3.9146,,,False,True
n2459682672,Парканы,улица Петра Николаева,15,3,97.9,3.9146,,,False,True
n2459682652,Парканы,улица Петра Николаева,16,3,43.3,3.9146,,,False,True
n2459682673,Парканы,улица Петра Николаева,17,3,88.4,4.1244,,,False,True
n2459682653,Парканы,улица Петра Николаева,18,3,63.2,3.9146,,,False,True
n2459682674,Парканы,улица Петра Николаева,19,3,68.1,4.1244,,,False,True
n2459682654,Парканы,улица Петра Николаева,20,3,79.4,3.9146,,,False,True
n2459682675,Парканы,улица Петра Николаева,21,3,45.4,4.1244,,,False,True
n2459682655,Парканы,улица Петра Николаева,22,3,102.5,3.9146,,,False,True
n2459682676,Парканы,улица Петра Николаева,23,3,22.4,4.1244,,,False,True
n2459682656,Парканы,улица Петра Николаева,24,3,79.4,4.1244,,,False,True
n2459682677,Парканы,улица Петра Николаева,25,3,11.3,4.1244,,,False,True
n2459682657,Парканы,улица Петра Николаева,26,3,57.2,4.1244,,,False,True
n2459682678,Парканы,улица Петра Николаева,27,3,26.5,4.1244,,,False,True
n2459682658,Парканы,улица Петра Николаева,28,3,34.7,4.1244,,,False,True
n2459682679,Парканы,улица Петра Николаева,29,3,47.0,4.1244,,,False,True
n2459682659,Парканы,улица Петра Николаева,30,3,15.1,4.1244,,,False,True
n2459682680,Парканы,улица Петра Николаева,31,3,75.5,4.1244,,,False,True
n2459682660,Парканы,улица Петра Николаева,32,3,11.4,4.1244,,,False,True
n2459682681,Парканы,улица Петра Николаева,33,3,47.1,4.2763,,,False,True
n2459682661,Парканы,улица Петра Николаева,34,3,33.2,4.1244,,,False,True
n2459682682,Парканы,улица Петра Николаева,35,3,26.2,4.2763,,,False,True
n2459682662,Парканы,улица Петра Николаева,36,3,63.3,4.1244,,,False,True
n2323589031,Парканы,улица Петра Николаева,37,3,6.9,4.2929,,,False,True
n2459682663,Парканы,улица Петра Николаева,38,3,63.5,4.2973,,,False,True
n2459721898,Парканы,улица Петра Николаева,39,3,23.5,4.2929,,,False,True
n2459682664,Парканы,улица Петра Николаева,40,3,42.5,4.2973,,,False,True
n2459721901,Парканы,улица Петра Николаева,41,3,40.2,4.2929,,,False,True
n2459682665,Парканы,улица Петра Николаева,42,3,21.3,4.2763,,,False,True
n2459721904,Парканы,улица Петра Николаева,43,3,55.7,4.2929,,,False,True
n2323589027,Парканы,улица Петра Николаева,44,3,11.6,4.2973,,,False,True
n2459721907,Парканы,улица Петра Николаева,45,3,70.4,4.2929,,,False,True
n2459682683,Парканы,улица Петра Николаева,46,3,32.8,4.2763,,,False,True
n2459721910,Парканы,улица Петра Николаева,47,3,85.0,4.2929,,,False,True
n2459682684,Парканы,улица Петра Николаева,48,3,66.2,4.2763,,,False,True
n2459721913,Парканы,улица Петра Николаева,49,3,101.3,4.2929,,,False,True
n2459682685,Парканы,улица Петра Николаева,50,3,97.3,4.2763,,,False,True
n2459721915,Парканы,улица Петра Николаева,51,3,121.6,4.2929,,,False,True
n2459682686,Парканы,улица Петра Николаева,52,3,130.7,4.2929,,,False,True
n2459721918,Парканы,улица Петра Николаева,53,3,115.9,4.4052,,,False,True
n2459682687,Парканы,улица Петра Николаева,54,3,136.0,4.4052,,,False,True
n2459721921,Парканы,улица Петра Николаева,55,3,112.4,4.4052,,,False,True
n2459682688,Парканы,улица Петра Николаева,56,3,134.8,4.4052,,,False,True
n2459721924,Парканы,улица Петра Николаева,57,3,107.5,4.4052,,,False,True
n2459682689,Парканы,улица Петра Николаева,58,3,133.9,4.4052,,,False,True
n2459721927,Парканы,улица Петра Николаева,59,3,106.6,4.4052,,,False,True
n2459682690,Парканы,улица Петра Николаева,60,3,130.5,4.6322,,,False,True
n2459721930,Парканы,улица Петра Николаева,61,3,108.2,4.4052,,,False,True
n2459682691,Парканы,улица Петра Николаева,62,3,106.7,4.6322,,,False,True
n2459721932,Парканы,улица Петра Николаева,63,3,109.9,4.4052,,,False,True
n2459682692,Парканы,улица Петра Николаева,64,3,80.0,4.6322,,,False,True
n2459721934,Парканы,улица Петра Николаева,65,3,114.8,4.4052,,,False,True
n2459682693,Парканы,улица Петра Николаева,66,3,54.7,4.6322,,,False,True
n2459721935,Парканы,улица Петра Николаева,67,3,111.8,4.6322,,,False,True
n2459682694,Парканы,улица Петра Николаева,68,3,32.4,4.6322,,,False,True
n2459721936,Парканы,улица Петра Николаева,69,3,94.5,4.6322,,,False,True
n2459682695,Парканы,улица Петра Николаева,70,3,13.7,4.6322,,,False,True
n2459721939,Парканы,улица Петра Николаева,71,3,79.7,4.6322,,,False,True
n2459682696,Парканы,улица Петра Николаева,72,3,17.1,4.6322,,,False,True
n2459721943,Парканы,улица Петра Николаева,73,3,62.8,4.6322,,,False,True
n2459682697,Парканы,улица Петра Николаева,74,4,36.8,4.6322,,,False,True
n2459721946,Парканы,улица Петра Николаева,75,3,50.0,4.6322,,,False,True
n2459682698,Парканы,улица Петра Николаева,76,4,55.8,4.6322,,,False,True
n2459721949,Парканы,улица Петра Николаева,77,3,35.8,4.6322,,,False,True
n2459682699,Парканы,улица Петра Николаева,78,4,77.2,4.6322,,,False,True
n2459721952,Парканы,улица Петра Николаева,79,3,22.8,4.6322,,,False,True
n2459682700,Парканы,улица Петра Николаева,80,4,98.9,4.6322,,,False,True
n2459721955,Парканы,улица Петра Николаева,81,3,17.5,4.6322,,,False,True
n2459682701,Парканы,улица Петра Николаева,82,4,120.3,4.6322,,,False,True
n2459721962,Парканы,улица Петра Николаева,83,3,28.3,4.6322,,,False,True
n2459682702,Парканы,улица Петра Николаева,84,4,123.7,4.8825,,,False,True
n2459721964,Парканы,улица Петра Николаева,85,4,44.5,4.6322,,,False,True
n2459682703,Парканы,улица Петра Николаева,86,4,120.7,4.9791,,,False,True
n2459721967,Парканы,улица Петра Николаева,87,4,63.8,4.6322,,,False,True
n4466336283,Парканы,улица Петра Николаева,87,4,122.3,4.6322,,,False,True
n2459682704,Парканы,улица Петра Николаева,88,4,106.0,4.9442,5.8128,0.8686,True,True
n2459721970,Парканы,улица Петра Николаева,89,4,80.7,4.6322,,,False,True
n2459682705,Парканы,улица Петра Николаева,90,4,80.2,4.9442,,,False,True
n2459721973,Парканы,улица Петра Николаева,91,4,100.2,4.6322,,,False,True
n2459682706,Парканы,улица Петра Николаева,92,4,60.9,4.9442,,,False,True
n2459721976,Парканы,улица Петра Николаева,93,4,116.0,4.6322,,,False,True
n2459682707,Парканы,улица Петра Николаева,94,4,35.4,4.9442,,,False,True
n2323589034,Парканы,улица Петра Николаева,96,4,18.3,4.9442,,,False,True
n2323589038,Парканы,улица Петра Николаева,98,4,17.7,4.9442,,,False,True
n4818943288,Парканы,улица Петра Николаева,98,4,29.1,4.9442,,,False,True
n2459682708,Парканы,улица Петра Николаева,100,4,47.8,4.9442,,,False,True
n2459682709,Парканы,улица Петра Николаева,102,4,84.6,4.9442,,,False,True
n4818943351,Парканы,улица Петра Николаева,102,4,70.9,5.1006,,,False,True
n2457994852,Парканы,улица Петра Николаева,103а,3,29.3,4.7018,,,False,True
n2459682710,Парканы,улица Петра Николаева,104,4,98.9,5.1694,,,False,True
n2459682711,Парканы,улица Петра Николаева,106,4,73.8,5.1544,,,False,True
n2459682712,Парканы,улица Петра Николаева,108,4,35.7,5.1544,,,False,True
n2459682713,Парканы,улица Петра Николаева,110,4,12.0,5.1544,,,False,True
n4818943345,Парканы,улица Петра Николаева,110,4,35.0,5.1544,,,False,True
n2459682714,Парканы,улица Петра Николаева,112,4,36.0,5.1544,,,False,True
n4818943275,Парканы,улица Петра Николаева,112,4,28.5,5.1544,,,False,True
n2459682715,Парканы,улица Петра Николаева,114,4,31.6,5.2521,,,False,True
n4818943342,Парканы,улица Петра Николаева,114,4,46.8,5.1544,,,False,True
n2459682716,Парканы,улица Петра Николаева,116,4,10.4,5.2521,,,False,True
n4466336276,Парканы,улица Петра Николаева,116,4,28.5,5.2521,,,False,True
n2459682717,Парканы,улица Петра Николаева,118,4,34.4,5.2521,,,False,True
n4818943270,Парканы,улица Петра Николаева,118,4,23.8,5.2521,,,False,True
n2459682718,Парканы,улица Петра Николаева,120,4,19.6,5.3368,,,False,True
n4466336495,Парканы,улица Петра Николаева,120,4,27.8,5.3368,,,False,True
n2323589045,Парканы,улица Петра Николаева,122,4,17.6,5.3368,,,False,True
n2459682719,Парканы,улица Петра Николаева,124,4,34.7,5.3368,,,False,True
n2457994932,Парканы,улица Петра Николаева,125а,3,47.1,4.8825,,,False,True
n2459682720,Парканы,улица Петра Николаева,126,4,22.7,5.4126,,,False,True
n4818943333,Парканы,улица Петра Николаева,126,4,27.7,5.4126,,,False,True
n2459682721,Парканы,улица Петра Николаева,128,4,6.4,5.4126,,,False,True
n4818943332,Парканы,улица Петра Николаева,128,4,21.8,5.4126,,,False,True
n2459682722,Парканы,улица Петра Николаева,130,4,18.8,5.4126,,,False,True
n4818943263,Парканы,улица Петра Николаева,130,4,46.9,5.4126,,,False,True
n2459682723,Парканы,улица Петра Николаева,132,4,38.4,5.4126,,,False,True
n4818943330,Парканы,улица Петра Николаева,132,4,70.0,5.4126,,,False,True
n2457994912,Парканы,улица Петра Николаева,133а,4,40.0,5.0129,,,False,True
n2459682724,Парканы,улица Петра Николаева,134,4,57.3,5.4126,,,False,True
n4818943261,Парканы,улица Петра Николаева,134,4,53.6,5.5531,,,False,True
n2459722048,Парканы,улица Петра Николаева,135а,4,54.3,5.1544,,,False,True
n2459682725,Парканы,улица Петра Николаева,136,4,63.7,5.5531,,,False,True
n4818938936,Парканы,улица Петра Николаева,136,4,30.4,5.5531,,,False,True
n4818943343,Парканы,улица Петра Николаева,137 А,4,37.5,5.1544,,,False,True
n2459682726,Парканы,улица Петра Николаева,138,4,45.5,5.5531,,,False,True
n4818943326,Парканы,улица Петра Николаева,138,4,21.4,5.5531,,,False,True
n2459682727,Парканы,улица Петра Николаева,140,4,23.1,5.5531,,,False,True
n4818943237,Парканы,улица Петра Николаева,140,4,38.7,5.5531,,,False,True
n2459682728,Парканы,улица Петра Николаева,142,4,10.1,5.5531,,,False,True
n4818943323,Парканы,улица Петра Николаева,142,4,61.3,5.6836,,,False,True
n2459682729,Парканы,улица Петра Николаева,144,4,19.0,5.5531,,,False,True
n4818943322,Парканы,улица Петра Николаева,144,4,39.0,5.6836,,,False,True
n2459682730,Парканы,улица Петра Николаева,146,4,39.6,5.5531,,,False,True
n4818943321,Парканы,улица Петра Николаева,146,4,33.6,5.6836,,,False,True
n2458002332,Парканы,улица Петра Николаева,147,4,20.2,5.1694,,,False,True
n2459722061,Парканы,улица Петра Николаева,147,4,50.9,5.1544,,,False,True
n2459682731,Парканы,улица Петра Николаева,148,4,58.5,5.5531,,,False,True
n2458002333,Парканы,улица Петра Николаева,149,4,19.5,5.1694,,,False,True
n2459722063,Парканы,улица Петра Николаева,149,4,38.0,5.2521,,,False,True
n4466336275,Парканы,улица Петра Николаева,149,4,23.5,5.2521,,,False,True
n2459682732,Парканы,улица Петра Николаева,150,4,49.5,5.6836,,,False,True
n4818938932,Парканы,улица Петра Николаева,150,4,45.0,5.6836,,,False,True
n2458002334,Парканы,улица Петра Николаева,151,4,13.4,5.2135,,,False,True
n2459722064,Парканы,улица Петра Николаева,151,4,24.5,5.2521,,,False,True
n4818943337,Парканы,улица Петра Николаева,151,4,27.9,5.2521,,,False,True
n2323589056,Парканы,улица Петра Николаева,152,4,26.3,5.6836,,,False,True
n2459682733,Парканы,улица Петра Николаева,154,4,10.5,5.6836,,,False,True
n2458002336,Парканы,улица Петра Николаева,155,4,65.9,5.2135,,,False,True
n2459722070,Парканы,улица Петра Николаева,155,4,25.2,5.2521,,,False,True
n4818943269,Парканы,улица Петра Николаева,155,4,34.0,5.3368,,,False,True
n4818941315,Парканы,улица Петра Николаева,156,4,32.1,5.8546,,,False,True
n2458002337,Парканы,улица Петра Николаева,157,4,89.9,5.2135,,,False,True
n2459722073,Парканы,улица Петра Николаева,157,4,39.9,5.2521,,,False,True
n4818943336,Парканы,улица Петра Николаева,157,4,30.7,5.3368,,,False,True
n2459682737,Парканы,улица Петра Николаева,158,4,37.4,5.7624,,,False,True
n2458002342,Парканы,улица Петра Николаева,159,4,101.9,5.4231,,,False,True
n2459722077,Парканы,улица Петра Николаева,159,4,32.6,5.3368,,,False,True
n4818943268,Парканы,улица Петра Николаева,159,4,26.6,5.3368,,,False,True
n2458002341,Парканы,улица Петра Николаева,161,4,83.1,5.4231,,,False,True
n2459722080,Парканы,улица Петра Николаева,161,4,18.5,5.3368,,,False,True
n4818943335,Парканы,улица Петра Николаева,161,4,27.4,5.3368,,,False,True
n2457979559,Парканы,улица Петра Николаева,162,4,14.1,5.1006,,,False,True
n2457979560,Парканы,улица Петра Николаева,162а,4,16.9,5.1006,,,False,True
n2458002340,Парканы,улица Петра Николаева,163,4,65.9,5.4231,,,False,True
n2459722087,Парканы,улица Петра Николаева,163,4,21.9,5.3368,,,False,True
n4818943266,Парканы,улица Петра Николаева,163,4,38.5,5.3368,,,False,True
n2457979561,Парканы,улица Петра Николаева,164,4,35.3,5.1694,,,False,True
n2458002339,Парканы,улица Петра Николаева,165,4,47.3,5.4231,,,False,True
n2459722090,Парканы,улица Петра Николаева,165,4,38.4,5.4126,,,False,True
n4818943334,Парканы,улица Петра Николаева,165,4,44.0,5.3368,,,False,True
n2457979562,Парканы,улица Петра Николаева,166,4,17.7,5.1694,,,False,True
n2458002338,Парканы,улица Петра Николаева,167а,4,33.6,5.4231,,,False,True
n2457979563,Парканы,улица Петра Николаева,168,4,10.9,5.1694,,,False,True
n2323589094,Парканы,улица Петра Николаева,169,4,22.2,5.4231,,,False,True
n2459722101,Парканы,улица Петра Николаева,169,4,24.6,5.4126,,,False,True
n4818943264,Парканы,улица Петра Николаева,169,4,30.4,5.4126,,,False,True
n2457979564,Парканы,улица Петра Николаева,170,4,21.3,5.2135,,,False,True
n2458005792,Парканы,улица Петра Николаева,171,4,35.3,5.4231,,,False,True
n2459722104,Парканы,улица Петра Николаева,171,4,35.4,5.4126,,,False,True
n4818943331,Парканы,улица Петра Николаева,171,4,42.7,5.4126,,,False,True
n2457979577,Парканы,улица Петра Николаева,172,4,11.8,5.2135,,,False,True
n2458005796,Парканы,улица Петра Николаева,173,4,50.8,5.4231,,,False,True
n2459722106,Парканы,улица Петра Николаева,173,4,52.1,5.4126,,,False,True
n4818943262,Парканы,улица Петра Николаева,173,4,58.6,5.4126,,,False,True
n2457979576,Парканы,улица Петра Николаева,174,4,25.2,5.2135,,,False,True
n2458005799,Парканы,улица Петра Николаева,175,4,66.3,5.4231,,,False,True
n2459722110,Парканы,улица Петра Николаева,175,4,69.5,5.4126,,,False,True
n4818943329,Парканы,улица Петра Николаева,175,4,68.0,5.5531,,,False,True
n2457979574,Парканы,улица Петра Николаева,176,4,40.0,5.2135,,,False,True
n2457979573,Парканы,улица Петра Николаева,178,4,52.1,5.2135,,,False,True
n2458005806,Парканы,улица Петра Николаева,179,4,95.2,5.6261,,,False,True
n2459722116,Парканы,улица Петра Николаева,179,4,39.8,5.5531,,,False,True
n4818943260,Парканы,улица Петра Николаева,179,4,36.4,5.5531,,,False,True
n2457979572,Парканы,улица Петра Николаева,180,4,70.9,5.2135,,,False,True
n2457979571,Парканы,улица Петра Николаева,180а,4,86.3,5.2135,,,False,True
n2458005809,Парканы,улица Петра Николаева,181,4,78.1,5.6261,,,False,True
n2459722119,Парканы,улица Петра Николаева,181,4,26.4,5.5531,,,False,True
n4818943327,Парканы,улица Петра Николаева,181,4,26.6,5.5531,,,False,True
n2457979565,Парканы,улица Петра Николаева,182,4,105.1,5.2135,,,False,True
n2458005813,Парканы,улица Петра Николаева,183,4,56.9,5.6261,,,False,True
n2459722136,Парканы,улица Петра Николаева,183,4,19.8,5.5531,,,False,True
n4818938935,Парканы,улица Петра Николаева,183,4,24.4,5.5531,,,False,True
n2457979570,Парканы,улица Петра Николаева,184,4,87.1,5.4231,,,False,True
n2458005816,Парканы,улица Петра Николаева,185,4,35.7,5.6261,,,False,True
n2459722139,Парканы,улица Петра Николаева,185,4,23.2,5.5531,,,False,True
n4818943325,Парканы,улица Петра Николаева,185,4,41.7,5.5531,,,False,True
n2457979569,Парканы,улица Петра Николаева,186,4,67.3,5.4231,,,False,True
n2458005820,Парканы,улица Петра Николаева,187,4,22.6,5.6261,,,False,True
n2459722142,Парканы,улица Петра Николаева,187,4,34.2,5.5531,,,False,True
n4818943236,Парканы,улица Петра Николаева,187,4,59.5,5.5531,,,False,True
n2457979567,Парканы,улица Петра Николаева,188,4,54.1,5.4231,,,False,True
n2458005823,Парканы,улица Петра Николаева,189,4,31.5,5.6261,,,False,True
n2459722146,Парканы,улица Петра Николаева,189,4,52.2,5.5531,,,False,True
n4818943235,Парканы,улица Петра Николаева,189,4,50.8,5.6836,,,False,True
n2323589087,Парканы,улица Петра Николаева,190,4,21.7,5.4231,,,False,True
n2457979566,Парканы,улица Петра Николаева,190а,4,39.7,5.4231,,,False,True
n2458005826,Парканы,улица Петра Николаева,191,4,49.3,5.6261,,,False,True
n2459722149,Парканы,улица Петра Николаева,191,4,66.8,5.6836,,,False,True
n4818943234,Парканы,улица Петра Николаева,191,4,35.8,5.6836,,,False,True
n2323589090,Парканы,улица Петра Николаева,192,4,24.4,5.4231,,,False,True
n2458005830,Парканы,улица Петра Николаева,193,4,68.3,5.6261,,,False,True
n2459722152,Парканы,улица Петра Николаева,193,4,50.8,5.6836,,,False,True
n4818943233,Парканы,улица Петра Николаева,193,4,21.5,5.6836,,,False,True
n2458005782,Парканы,улица Петра Николаева,194,4,43.7,5.4231,,,False,True
n2458005785,Парканы,улица Петра Николаева,196,4,63.2,5.4231,,,False,True
n2458009122,Парканы,улица Петра Николаева,197,4,36.3,5.7652,,,False,True
n2459722158,Парканы,улица Петра Николаева,197,4,21.8,5.6836,,,False,True
n4818941320,Парканы,улица Петра Николаева,197,4,34.4,5.6836,,,False,True
n2458005789,Парканы,улица Петра Николаева,198,4,80.8,5.4231,,,False,True
n2458009123,Парканы,улица Петра Николаева,199,4,26.5,5.7652,,,False,True
n2459722161,Парканы,улица Петра Николаева,199,4,17.4,5.6836,,,False,True
n4818938933,Парканы,улица Петра Николаева,199,4,43.1,5.7624,,,False,True
n2458108799,Парканы,улица Петра Николаева,200,4,99.7,5.4231,,,False,True
n2458009124,Парканы,улица Петра Николаева,201,4,21.2,5.7652,,,False,True
n2459722164,Парканы,улица Петра Николаева,201,4,26.8,5.6836,,,False,True
n2458108796,Парканы,улица Петра Николаева,202,4,80.5,5.6261,,,False,True
n2458009125,Парканы,улица Петра Николаева,203,4,32.5,5.8224,,,False,True
n2459722167,Парканы,улица Петра Николаева,203,4,42.7,5.6836,,,False,True
n2458108794,Парканы,улица Петра Николаева,204,4,57.5,5.6261,,,False,True
n2458009126,Парканы,улица Петра Николаева,205,4,21.1,5.8224,,,False,True
n2459722170,Парканы,улица Петра Николаева,205,4,31.0,5.7624,,,False,True
n2458108787,Парканы,улица Петра Николаева,206,4,33.4,5.6261,,,False,True
n2458103814,Парканы,улица Петра Николаева,207,4,28.9,5.8224,,,False,True
n2459722173,Парканы,улица Петра Николаева,207,4,20.1,5.7624,,,False,True
n2458108791,Парканы,улица Петра Николаева,208,4,17.4,5.6261,,,False,True
n2458103813,Парканы,улица Петра Николаева,209,4,44.9,5.8224,,,False,True
n2459722176,Парканы,улица Петра Николаева,209,4,22.5,5.7624,,,False,True
n2458108781,Парканы,улица Петра Николаева,210,4,10.3,5.6261,,,False,True
n2458108784,Парканы,улица Петра Николаева,210а,4,23.4,5.6261,,,False,True
n2458103812,Парканы,улица Петра Николаева,211,4,52.6,5.9354,,,False,True
n2459596571,Парканы,улица Петра Николаева,211,4,14.9,5.7968,,,False,True
n2458108775,Парканы,улица Петра Николаева,212,4,37.0,5.6261,,,False,True
n2458108778,Парканы,улица Петра Николаева,212а,4,54.6,5.6261,,,False,True
n2458103811,Парканы,улица Петра Николаева,213,4,35.1,5.9354,,,False,True
n2459596570,Парканы,улица Петра Николаева,213,4,17.6,5.8218,,,False,True
n2458108772,Парканы,улица Петра Николаева,214,4,69.3,5.7652,,,False,True
n2458103810,Парканы,улица Петра Николаева,215,4,20.9,5.9354,,,False,True
n2459596569,Парканы,улица Петра Николаева,215,4,11.0,5.8218,,,False,True
n2458108769,Парканы,улица Петра Николаева,216,4,50.3,5.7652,,,False,True
n2458108766,Парканы,улица Петра Николаева,216а,4,32.2,5.7652,,,False,True
n2458103815,Парканы,улица Петра Николаева,217,4,21.0,5.9354,,,False,True
n2459596568,Парканы,улица Петра Николаева,217,4,13.3,5.8523,,,False,True
n2458103816,Парканы,улица Петра Николаева,217а,4,32.8,5.9354,,,False,True
n2458108763,Парканы,улица Петра Николаева,218,4,10.5,5.7652,,,False,True
n2458103817,Парканы,улица Петра Николаева,219,4,47.9,5.9354,,,False,True
n2459596567,Парканы,улица Петра Николаева,219,4,15.6,5.864,,,False,True
n2458108760,Парканы,улица Петра Николаева,220,4,16.4,5.7652,,,False,True
n2458103818,Парканы,улица Петра Николаева,221,4,64.2,5.9354,,,False,True
n2459596566,Парканы,улица Петра Николаева,221,4,20.6,5.8849,,,False,True
n2458103819,Парканы,улица Петра Николаева,221а,4,61.0,6.0775,,,False,True
n2458108757,Парканы,улица Петра Николаева,222,4,21.3,5.8224,,,False,True
n2458103820,Парканы,улица Петра Николаева,223,4,44.1,6.0775,,,False,True
n2459596565,Парканы,улица Петра Николаева,223,4,18.3,5.8849,,,False,True
n2458108754,Парканы,улица Петра Николаева,224,4,6.4,5.8224,,,False,True
n2458103821,Парканы,улица Петра Николаева,225,4,28.0,6.0775,,,False,True
n2459596564,Парканы,улица Петра Николаева,225,4,21.7,5.9067,,,False,True
n2458108751,Парканы,улица Петра Николаева,226,4,22.4,5.8224,,,False,True
n2458103822,Парканы,улица Петра Николаева,227,4,17.5,6.0775,,,False,True
n2459596563,Парканы,улица Петра Николаева,227,4,24.2,5.9067,,,False,True
n2458108750,Парканы,улица Петра Николаева,228,4,45.6,5.8224,,,False,True
n4366548791,Парканы,улица Петра Николаева,228,4,44.4,5.9354,,,False,True
n2458103823,Парканы,улица Петра Николаева,229,4,18.1,6.0775,,,False,True
n2459596562,Парканы,улица Петра Николаева,229,4,30.5,5.9597,,,False,True
n2458108749,Парканы,улица Петра Николаева,230,4,45.9,5.9354,,,False,True
n2458103824,Парканы,улица Петра Николаева,231,4,29.6,6.0775,,,False,True
n2459596561,Парканы,улица Петра Николаева,231,4,18.7,5.9597,,,False,True
n2458108748,Парканы,улица Петра Николаева,232,4,25.8,5.9354,,,False,True
n2458103825,Парканы,улица Петра Николаева,233,4,44.4,6.0775,,,False,True
n2459596560,Парканы,улица Петра Николаева,233,4,17.6,5.9597,,,False,True
n2459722178,Парканы,улица Петра Николаева,234,4,9.7,5.9354,,,False,True
n2459596559,Парканы,улица Петра Николаева,235,4,29.7,5.9597,,,False,True
n2459722182,Парканы,улица Петра Николаева,236,4,20.0,5.9354,,,False,True
n2459722185,Парканы,улица Петра Николаева,238,4,39.1,5.9354,,,False,True
n2459722188,Парканы,улица Петра Николаева,240,4,54.2,5.9354,,,False,True
n2459722189,Парканы,улица Петра Николаева,242,4,63.5,6.0775,,,False,True
n2459722190,Парканы,улица Петра Николаева,244,4,43.6,6.0775,,,False,True
n2323152091,Парканы,улица Пушкина,1,2,22.6,2.9736,,,False,True
n2323152090,Парканы,улица Пушкина,2,2,41.1,2.9736,,,False,True
n2323343671,Парканы,улица Пушкина,2,2,22.0,2.9736,,,False,True
n2459417455,Парканы,улица Пушкина,4,2,39.1,2.9736,,,False,True
n2459417296,Парканы,улица Пушкина,5,2,50.1,2.9736,,,False,True
n2459417127,Парканы,улица Пушкина,6,2,83.7,2.9736,,,False,True
n2459417449,Парканы,улица Пушкина,6,2,57.1,2.9736,,,False,True
n2459417300,Парканы,улица Пушкина,7,2,64.8,2.9736,,,False,True
n2459417132,Парканы,улица Пушкина,8,2,94.8,3.1622,,,False,True
n2459417445,Парканы,улица Пушкина,8,2,76.6,2.9736,,,False,True
n2459417305,Парканы,улица Пушкина,9,2,79.2,2.9736,,,False,True
n2459417441,Парканы,улица Пушкина,10,2,95.3,2.9736,,,False,True
n2459417310,Парканы,улица Пушкина,11,2,94.6,2.9736,,,False,True
n2459417315,Парканы,улица Пушкина,13,2,113.3,2.9736,,,False,True
n2459417431,Парканы,улица Пушкина,14,2,135.2,2.9736,,,False,True
n2459417319,Парканы,улица Пушкина,15,2,130.3,2.9736,,,False,True
n2459417426,Парканы,улица Пушкина,16,2,149.3,2.9736,,,False,True
n2459417344,Парканы,улица Пушкина,17,2,148.1,2.9736,,,False,True
n2459417420,Парканы,улица Пушкина,18,2,166.7,2.9736,,,False,True
n2459417346,Парканы,улица Пушкина,19,2,168.9,2.9736,,,False,True
n2459417347,Парканы,улица Пушкина,21,2,187.4,2.9736,,,False,True
n2459417407,Парканы,улица Пушкина,22,2,199.1,3.1706,,,False,True
n2459417349,Парканы,улица Пушкина,23,2,203.8,2.9736,,,False,True
n2459417402,Парканы,улица Пушкина,24,2,190.2,3.3923,,,False,True
n2459417352,Парканы,улица Пушкина,25,2,199.5,3.3923,,,False,True
n2459417398,Парканы,улица Пушкина,26,2,173.5,3.3923,,,False,True
n2459417355,Парканы,улица Пушкина,27,2,182.8,3.3923,,,False,True
n2459417394,Парканы,улица Пушкина,28,2,159.0,3.3923,,,False,True
n2459417358,Парканы,улица Пушкина,29,2,165.3,3.3923,,,False,True
n2459417390,Парканы,улица Пушкина,30,2,146.3,3.3923,,,False,True
n2459417360,Парканы,улица Пушкина,31,2,147.3,3.3923,,,False,True
n2459417386,Парканы,улица Пушкина,32,2,128.0,3.3923,,,False,True
n2459417363,Парканы,улица Пушкина,33,2,129.0,3.3923,,,False,True
n2459417383,Парканы,улица Пушкина,34,2,112.4,3.3923,,,False,True
n2459417364,Парканы,улица Пушкина,35,2,109.3,3.3923,,,False,True
n2459417379,Парканы,улица Пушкина,36,2,93.1,3.3923,,,False,True
n2459417365,Парканы,улица Пушкина,37,2,89.0,3.3923,,,False,True
n2459417377,Парканы,улица Пушкина,38,2,76.5,3.3923,,,False,True
n2459417366,Парканы,улица Пушкина,39,2,68.6,3.3923,,,False,True
n2459417374,Парканы,улица Пушкина,40,2,60.0,3.3923,,,False,True
n2459417367,Парканы,улица Пушкина,41,2,47.6,3.3923,,,False,True
n2459417371,Парканы,улица Пушкина,42,2,42.7,3.3923,,,False,True
n2459417368,Парканы,улица Пушкина,43,2,29.0,3.3923,,,False,True
n2459417370,Парканы,улица Пушкина,44,2,25.8,3.3923,,,False,True
n2459417369,Парканы,улица Пушкина,45,2,10.0,3.3923,,,False,True
n2323343672,Парканы,улица Пушкина,46,2,14.5,3.3923,,,False,True
n2323343670,Парканы,улица Пушкина,47,2,17.3,3.4034,,,False,True
n2323343677,Парканы,улица Пушкина,48,2,78.6,3.4575,,,False,True
w223437256,Парканы,улица Пушкина,48,2,27.6,3.4575,,,False,True
n2459459646,Парканы,улица Пушкина,49,2,33.9,3.4034,,,False,True
n2459459672,Парканы,улица Пушкина,50,2,94.7,3.4575,,,False,True
n2459459647,Парканы,улица Пушкина,51,2,54.6,3.4034,,,False,True
n2459459673,Парканы,улица Пушкина,52,2,110.2,3.4575,,,False,True
n2459459648,Парканы,улица Пушкина,53,2,77.2,3.4034,,,False,True
n2459459674,Парканы,улица Пушкина,54,2,128.2,3.4575,,,False,True
n2459459649,Парканы,улица Пушкина,55,2,95.9,3.4034,,,False,True
n2459459675,Парканы,улица Пушкина,56,2,141.8,3.4575,,,False,True
n2459459650,Парканы,улица Пушкина,57,2,113.1,3.4575,,,False,True
n2459459676,Парканы,улица Пушкина,58,2,156.7,3.4575,,,False,True
n2459459651,Парканы,улица Пушкина,59,2,131.2,3.4575,,,False,True
n2459459677,Парканы,улица Пушкина,60,2,169.0,3.7265,,,False,True
n2459459652,Парканы,улица Пушкина,61,2,147.4,3.7265,,,False,True
n2459459678,Парканы,улица Пушкина,62,2,162.7,3.7735,,,False,True
n2459459653,Парканы,улица Пушкина,63,2,147.0,3.7265,,,False,True
n2459459679,Парканы,улица Пушкина,64,2,144.6,3.7735,,,False,True
n2459459654,Парканы,улица Пушкина,65,2,146.8,3.8096,,,False,True
n2459459680,Парканы,улица Пушкина,66,2,127.0,3.7735,,,False,True
n2459459655,Парканы,улица Пушкина,67,2,139.7,3.8096,,,False,True
n2459459681,Парканы,улица Пушкина,68,2,111.3,3.7735,,,False,True
n2459459682,Парканы,улица Пушкина,68,2,95.2,3.7735,,,False,True
n2459459656,Парканы,улица Пушкина,69,2,114.6,3.7735,,,False,True
n2459459683,Парканы,улица Пушкина,70,2,79.7,3.7735,,,False,True
n2459459657,Парканы,улица Пушкина,71,2,88.0,3.7735,,,False,True
n2459459685,Парканы,улица Пушкина,72,2,54.3,3.7735,,,False,True
n2459459684,Парканы,улица Пушкина,72а,2,65.8,3.7735,,,False,True
n2459459658,Парканы,улица Пушкина,73,2,64.7,3.7735,,,False,True
n2459459686,Парканы,улица Пушкина,74,3,38.2,3.7735,,,False,True
n2459459659,Парканы,улица Пушкина,75,3,40.8,3.7735,,,False,True
n2459459687,Парканы,улица Пушкина,76,3,25.3,3.7735,,,False,True
n2459459660,Парканы,улица Пушкина,77,3,18.8,3.7735,,,False,True
n2459459688,Парканы,улица Пушкина,78,3,17.3,3.7735,,,False,True
n2459459661,Парканы,улица Пушкина,79,3,5.8,3.7735,,,False,True
n2459459689,Парканы,улица Пушкина,80,3,19.2,3.7735,,,False,True
n2459459662,Парканы,улица Пушкина,81,3,37.1,3.7735,,,False,True
n2459459690,Парканы,улица Пушкина,82,3,35.5,3.7735,,,False,True
n2459459663,Парканы,улица Пушкина,83,3,65.4,3.7735,,,False,True
n2459459692,Парканы,улица Пушкина,84,3,53.7,3.7735,,,False,True
n2459459664,Парканы,улица Пушкина,85,3,93.8,3.7735,,,False,True
n2459459691,Парканы,улица Пушкина,86,3,73.2,3.7735,,,False,True
n2459459665,Парканы,улица Пушкина,87,3,77.2,3.9659,,,False,True
n2459459693,Парканы,улица Пушкина,88,3,93.7,3.7735,,,False,True
n2459459666,Парканы,улица Пушкина,89,3,46.6,3.9659,,,False,True
n2459459694,Парканы,улица Пушкина,90,3,83.5,3.9659,,,False,True
n2459459667,Парканы,улица Пушкина,91,3,17.1,3.9659,,,False,True
n2459459695,Парканы,улица Пушкина,92,3,68.2,3.9659,,,False,True
n2459459668,Парканы,улица Пушкина,93,3,19.1,3.9659,,,False,True
n2459459696,Парканы,улица Пушкина,94,3,46.6,3.9659,,,False,True
n2459459669,Парканы,улица Пушкина,95,3,51.2,3.9659,,,False,True
n2459459697,Парканы,улица Пушкина,96,3,28.0,3.9659,,,False,True
n2459459670,Парканы,улица Пушкина,97,3,52.5,4.0927,,,False,True
n2459459698,Парканы,улица Пушкина,98,3,14.2,3.9659,,,False,True
n2459459671,Парканы,улица Пушкина,99,3,30.0,4.0927,,,False,True
n2459459699,Парканы,улица Пушкина,100,3,22.5,3.9659,,,False,True
n2323343678,Парканы,улица Пушкина,101,3,8.8,4.0927,,,False,True
n2459459700,Парканы,улица Пушкина,102,3,41.9,3.9659,,,False,True
n2459459701,Парканы,улица Пушкина,104,3,65.0,4.0927,,,False,True
n2459459702,Парканы,улица Пушкина,106,3,47.4,4.0927,,,False,True
n2459459703,Парканы,улица Пушкина,108,3,29.5,4.0927,,,False,True
n2323343679,Парканы,улица Пушкина,110,3,14.0,4.0927,,,False,True
n2323407301,Парканы,улица Романенко,1,3,24.9,4.4715,,,False,True
n2323588975,Парканы,улица Романенко,2,3,12.4,4.5078,,,False,True
n2459760245,Парканы,улица Романенко,3,3,43.2,4.5996,,,False,True
n2459760244,Парканы,улица Романенко,3а,3,43.2,4.4715,,,False,True
n2459760258,Парканы,улица Романенко,4,3,34.2,4.5078,,,False,True
n2459760246,Парканы,улица Романенко,5,3,26.7,4.5996,,,False,True
n2459760259,Парканы,улица Романенко,6,3,42.0,4.5996,,,False,True
n2459760247,Парканы,улица Романенко,7,3,14.9,4.5996,,,False,True
n2459760260,Парканы,улица Романенко,8,3,20.2,4.5996,,,False,True
n2459760248,Парканы,улица Романенко,9,3,32.8,4.5996,,,False,True
n2459760261,Парканы,улица Романенко,10,3,7.4,4.5996,,,False,True
n2459760249,Парканы,улица Романенко,11,3,45.3,4.5996,,,False,True
n2459760262,Парканы,улица Романенко,12,3,24.8,4.5996,,,False,True
n2459760250,Парканы,улица Романенко,13,3,46.9,4.6983,,,False,True
n2459760263,Парканы,улица Романенко,14,3,45.0,4.5996,,,False,True
n2459760251,Парканы,улица Романенко,15,4,33.3,4.6983,,,False,True
n2459760264,Парканы,улица Романенко,16,4,42.8,4.6983,,,False,True
n2459760252,Парканы,улица Романенко,17,4,24.1,4.6983,,,False,True
n2459760265,Парканы,улица Романенко,18,4,12.9,4.6983,,,False,True
n2459760253,Парканы,улица Романенко,19,4,22.9,4.6983,,,False,True
n2459760266,Парканы,улица Романенко,20,4,31.7,4.6983,,,False,True
n2459760254,Парканы,улица Романенко,21,4,35.2,4.6983,,,False,True
n2459760267,Парканы,улица Романенко,22,4,52.8,4.6983,,,False,True
n2459760255,Парканы,улица Романенко,23,4,54.2,4.6983,,,False,True
n2459760268,Парканы,улица Романенко,24,3,32.4,4.8121,,,False,True
n2459760257,Парканы,улица Романенко,25,3,45.3,4.8121,,,False,True
n4813755669,Парканы,улица Романенко,25,3,30.0,4.8121,,,False,True
n2323674179,Парканы,улица Романенко,26,3,17.5,4.8121,,,False,True
n2459760256,Парканы,улица Романенко,27,3,28.6,4.8121,,,False,True
n2323674180,Парканы,улица Романенко,28,3,13.1,4.8388,,,False,True
n2323674181,Парканы,улица Романенко,29,3,22.4,4.8121,,,False,True
n2460033764,Парканы,улица Романенко,30,3,26.1,4.8388,,,False,True
n2323674182,Парканы,улица Романенко,31,4,14.3,4.9537,,,False,True
n2460033761,Парканы,улица Романенко,32,3,21.2,4.8903,,,False,True
n2459780615,Парканы,улица Романенко,33,4,12.5,4.9677,,,False,True
n2460033760,Парканы,улица Романенко,34,3,15.3,4.8903,,,False,True
n2459780616,Парканы,улица Романенко,35,4,16.2,4.9947,,,False,True
n2459780617,Парканы,улица Романенко,35а,4,13.3,4.9947,,,False,True
n2460033763,Парканы,улица Романенко,36,3,24.4,4.9342,,,False,True
n2459780618,Парканы,улица Романенко,37,4,27.4,4.9947,,,False,True
n2460033762,Парканы,улица Романенко,38,4,14.0,4.9342,,,False,True
n2459780619,Парканы,улица Романенко,39,4,26.5,5.0629,,,False,True
n2460033759,Парканы,улица Романенко,40,4,23.7,4.9677,,,False,True
n2459780620,Парканы,улица Романенко,41,4,11.6,5.0629,,,False,True
n2460033758,Парканы,улица Романенко,42,4,18.9,4.9677,,,False,True
n2459780621,Парканы,улица Романенко,43,4,22.9,5.0629,,,False,True
n2460033757,Парканы,улица Романенко,44,4,18.2,4.9947,,,False,True
n2459780622,Парканы,улица Романенко,45,4,36.2,5.1342,,,False,True
n2460033756,Парканы,улица Романенко,46,4,20.9,4.9947,,,False,True
n2459780623,Парканы,улица Романенко,47,4,20.3,5.1342,,,False,True
n2460033755,Парканы,улица Романенко,48,4,36.5,5.0629,,,False,True
n2460033754,Парканы,улица Романенко,50,4,21.8,5.0629,,,False,True
n2460033753,Парканы,улица Романенко,50а,4,20.3,5.0629,,,False,True
n2459780624,Парканы,улица Романенко,51,4,21.4,5.1342,,,False,True
n2460033752,Парканы,улица Романенко,52,4,31.8,5.0629,,,False,True
n2459780625,Парканы,улица Романенко,53,4,35.6,5.1342,,,False,True
n2460033751,Парканы,улица Романенко,54,4,30.5,5.1342,,,False,True
n2459780626,Парканы,улица Романенко,55,4,54.6,5.1342,,,False,True
n2460033750,Парканы,улица Романенко,56,4,22.0,5.1342,,,False,True
n2459780627,Парканы,улица Романенко,57,4,75.1,5.1342,,,False,True
n2460033749,Парканы,улица Романенко,58,4,19.1,5.1342,,,False,True
n2459780628,Парканы,улица Романенко,59,4,96.6,5.1342,,,False,True
n2460033748,Парканы,улица Романенко,60,4,27.9,5.1342,,,False,True
n2460033747,Парканы,улица Романенко,60а,4,41.8,5.1342,,,False,True
n2459780629,Парканы,улица Романенко,61,4,86.2,5.331,,,False,True
n2460033746,Парканы,улица Романенко,62,4,59.2,5.1342,,,False,True
n2460033745,Парканы,улица Романенко,62а,4,76.8,5.1342,,,False,True
n2459780630,Парканы,улица Романенко,63,4,66.3,5.331,,,False,True
n2460033744,Парканы,улица Романенко,64,4,95.0,5.1342,,,False,True
n2459780631,Парканы,улица Романенко,65,4,47.0,5.331,,,False,True
n2460033743,Парканы,улица Романенко,66,4,88.2,5.331,,,False,True
n2459780632,Парканы,улица Романенко,67,4,33.2,5.331,,,False,True
n2459780633,Парканы,улица Романенко,67а,4,37.6,5.4198,,,False,True
n2460033742,Парканы,улица Романенко,68,4,72.6,5.331,,,False,True
n2459780634,Парканы,улица Романенко,69,4,31.4,5.331,,,False,True
n2460033741,Парканы,улица Романенко,70,4,57.1,5.331,,,False,True
n2460033740,Парканы,улица Романенко,70а,4,43.1,5.331,,,False,True
n2345372385,Парканы,улица Романенко,71,4,25.9,5.331,,,False,True
n2459780635,Парканы,улица Романенко,71,4,48.8,5.331,,,False,True
n2323674183,Парканы,улица Романенко,72,4,26.9,5.331,,,False,True
n2345372390,Парканы,улица Романенко,73,4,20.7,5.4198,,,False,True
n2459780636,Парканы,улица Романенко,73а,4,32.2,5.4198,,,False,True
n2323674184,Парканы,улица Романенко,74,4,31.2,5.331,,,False,True
n2459780637,Парканы,улица Романенко,75,4,45.3,5.4198,,,False,True
n2459893817,Парканы,улица Романенко,76,4,36.7,5.4198,,,False,True
n2459780638,Парканы,улица Романенко,77,4,58.7,5.4198,,,False,True
n2459780641,Парканы,улица Романенко,77,4,73.8,5.4198,,,False,True
n2459893820,Парканы,улица Романенко,78,4,11.1,5.4198,,,False,True
n2459780639,Парканы,улица Романенко,79,4,91.0,5.4198,,,False,True
n2459893823,Парканы,улица Романенко,80,4,20.2,5.4198,,,False,True
n2459780640,Парканы,улица Романенко,81,4,81.1,5.6065,,,False,True
n2459893826,Парканы,улица Романенко,82,4,43.6,5.4198,,,False,True
n2459780642,Парканы,улица Романенко,83,4,66.8,5.6065,,,False,True
n2459893829,Парканы,улица Романенко,84,4,67.7,5.4198,,,False,True
n2459780643,Парканы,улица Романенко,85,4,52.9,5.6065,,,False,True
n2459893807,Парканы,улица Романенко,86,4,52.0,5.6065,,,False,True
n2459893812,Парканы,улица Романенко,86,4,91.4,5.4198,,,False,True
n2459780644,Парканы,улица Романенко,87,4,39.1,5.6065,,,False,True
n2459893804,Парканы,улица Романенко,88,4,32.0,5.6065,,,False,True
n2459893810,Парканы,улица Романенко,88,4,73.5,5.6065,,,False,True
n2459780645,Парканы,улица Романенко,89,4,25.9,5.6065,,,False,True
n2459893801,Парканы,улица Романенко,90,4,15.3,5.6065,,,False,True
n2459780646,Парканы,улица Романенко,91,4,15.1,5.6065,,,False,True
n2459893797,Парканы,улица Романенко,92,4,16.2,5.6065,,,False,True
n2459780647,Парканы,улица Романенко,93,4,14.0,5.6065,,,False,True
n2459893794,Парканы,улица Романенко,94,4,35.5,5.6065,,,False,True
n2459780648,Парканы,улица Романенко,95,4,25.3,5.6065,,,False,True
n2459893791,Парканы,улица Романенко,96,4,40.6,5.6994,,,False,True
n2459780649,Парканы,улица Романенко,97,4,40.2,5.6065,,,False,True
n2459893787,Парканы,улица Романенко,98,4,20.5,5.6994,,,False,True
n2459780650,Парканы,улица Романенко,99,4,42.1,5.6994,,,False,True
n2459893784,Парканы,улица Романенко,100,4,11.4,5.6994,,,False,True
n2459780651,Парканы,улица Романенко,101,4,26.7,5.6994,,,False,True
n2459780652,Парканы,улица Романенко,101а,4,14.6,5.6994,,,False,True
n2459893781,Парканы,улица Романенко,102,4,22.8,5.6994,,,False,True
n2459780653,Парканы,улица Романенко,103,4,19.9,5.6994,,,False,True
n2459893778,Парканы,улица Романенко,104,4,11.6,5.7391,,,False,True
n2459780656,Парканы,улица Романенко,105,4,15.1,5.7391,,,False,True
n2459893775,Парканы,улица Романенко,106,4,20.6,5.7391,,,False,True
n2459780657,Парканы,улица Романенко,107,4,20.1,5.7838,,,False,True
n2459893772,Парканы,улица Романенко,108,4,13.8,5.7838,,,False,True
n2459780658,Парканы,улица Романенко,109,4,18.6,5.7838,,,False,True
n2459893769,Парканы,улица Романенко,110,4,14.6,5.7838,,,False,True
n2459858308,Парканы,улица Романенко,111,4,16.7,5.7927,,,False,True
n2459893766,Парканы,улица Романенко,112,4,17.6,5.7927,,,False,True
n2459858309,Парканы,улица Романенко,113,4,15.6,5.813,,,False,True
n2323674185,Парканы,улица Романенко,114,4,28.0,5.7927,,,False,True
n2459858310,Парканы,улица Романенко,115,4,20.5,5.8484,,,False,True
n2345371687,Парканы,улица Романенко,116,4,20.0,5.813,,,False,True
n2459858311,Парканы,улица Романенко,117,4,17.1,5.8484,,,False,True
n2459893762,Парканы,улица Романенко,118,4,12.7,5.8484,,,False,True
n2459858312,Парканы,улица Романенко,119,4,28.9,5.8982,,,False,True
n2459893759,Парканы,улица Романенко,120,4,25.0,5.8982,,,False,True
n2459858313,Парканы,улица Романенко,121,4,18.1,5.8982,,,False,True
n2459893756,Парканы,улица Романенко,122,4,11.0,5.8982,,,False,True
n2459858314,Парканы,улица Романенко,123,4,21.8,5.8982,,,False,True
n2459893755,Парканы,улица Романенко,124,4,26.1,5.8982,,,False,True
n2459858315,Парканы,улица Романенко,125,4,38.8,5.8982,,,False,True
n2459893754,Парканы,улица Романенко,126,4,44.0,5.8982,,,False,True
n2459858316,Парканы,улица Романенко,127,4,34.8,5.9849,,,False,True
n2459893753,Парканы,улица Романенко,128,4,23.8,5.9849,,,False,True
n2459858317,Парканы,улица Романенко,129,4,19.1,5.9849,,,False,True
n2459893751,Парканы,улица Романенко,130,4,10.6,5.9849,,,False,True
n2459858318,Парканы,улица Романенко,131,4,19.3,5.9849,,,False,True
n2459893750,Парканы,улица Романенко,132,4,16.9,5.9849,,,False,True
n2459858319,Парканы,улица Романенко,133,4,33.7,5.9849,,,False,True
n2459893749,Парканы,улица Романенко,134,4,36.6,5.9849,,,False,True
n2459858320,Парканы,улица Романенко,135,4,52.2,5.9849,,,False,True
n2459893747,Парканы,улица Романенко,136,4,54.0,5.9849,,,False,True
n2459858321,Парканы,улица Романенко,137,4,72.9,5.9849,,,False,True
n2459893746,Парканы,улица Романенко,138,4,70.7,5.9849,,,False,True
n2459858322,Парканы,улица Романенко,139,4,75.2,6.1465,,,False,True
n2459893745,Парканы,улица Романенко,140,4,70.9,6.1465,,,False,True
n2459858323,Парканы,улица Романенко,141,4,56.3,6.1465,,,False,True
n2459893744,Парканы,улица Романенко,142,4,52.5,6.1465,,,False,True
n2459858324,Парканы,улица Романенко,143,4,36.9,6.1465,,,False,True
n2459893743,Парканы,улица Романенко,144,4,30.4,6.1465,,,False,True
n2459858325,Парканы,улица Романенко,145,4,24.9,6.1465,,,False,True
n2459893742,Парканы,улица Романенко,146,4,12.1,6.1465,,,False,True
n2459858326,Парканы,улица Романенко,147,4,21.6,6.1465,,,False,True
n2459893741,Парканы,улица Романенко,148,4,16.5,6.1465,,,False,True
n2459858327,Парканы,улица Романенко,149,4,32.6,6.1465,,,False,True
n2459893740,Парканы,улица Романенко,150,4,34.9,6.1465,,,False,True
n2459858328,Парканы,улица Романенко,151,4,50.4,6.1465,,,False,True
n2459893739,Парканы,улица Романенко,152,4,53.5,6.1465,,,False,True
n2459858329,Парканы,улица Романенко,153,4,70.3,6.1465,,,False,True
n2459893738,Парканы,улица Романенко,154,4,75.7,6.1465,,,False,True
n2459858330,Парканы,улица Романенко,155,4,91.4,6.1465,,,False,True
n2459893737,Парканы,улица Романенко,156,4,95.8,6.1465,,,False,True
n2459858331,Парканы,улица Романенко,157,4,109.9,6.1465,,,False,True
n2459893736,Парканы,улица Романенко,158,4,114.8,6.1465,,,False,True
n2459858332,Парканы,улица Романенко,159,4,130.5,6.1355,,,False,True
n2459893735,Парканы,улица Романенко,160,4,136.0,6.1465,,,False,True
n2459858333,Парканы,улица Романенко,161,4,136.1,6.1355,,,False,True
n2459893734,Парканы,улица Романенко,162,4,150.4,6.4547,,,False,True
n2459858334,Парканы,улица Романенко,163,4,123.1,6.4406,,,False,True
n2459893733,Парканы,улица Романенко,164,4,127.8,6.4547,,,False,True
n2459858335,Парканы,улица Романенко,165,4,99.8,6.4406,,,False,True
n2459893732,Парканы,улица Романенко,166,4,109.8,6.4547,,,False,True
n2459858336,Парканы,улица Романенко,167,4,78.8,6.4406,,,False,True
n2459893731,Парканы,улица Романенко,168,4,85.5,6.4547,,,False,True
n2459858337,Парканы,улица Романенко,169,4,49.1,6.4406,,,False,True
n2459893729,Парканы,улица Романенко,170,4,67.8,6.4547,,,False,True
n2459858338,Парканы,улица Романенко,171,4,26.0,6.4406,7.1089,0.6683,True,True
n2459893728,Парканы,улица Романенко,172,4,42.4,6.4547,7.1742,0.7195,True,True
n2323674187,Парканы,улица Романенко,174,4,19.9,6.4547,7.1515,0.6968,True,True
n2323588984,Парканы,улица Русакова,1,4,29.9,4.9781,,,False,True
n2323588987,Парканы,улица Русакова,2,4,24.8,4.9781,,,False,True
n2460293614,Парканы,улица Русакова,3,4,45.3,4.9781,,,False,True
n2460293599,Парканы,улица Русакова,4,4,35.6,4.9781,,,False,True
n2460293615,Парканы,улица Русакова,5,4,70.6,4.9781,,,False,True
n2460293600,Парканы,улица Русакова,6,4,49.6,4.9781,,,False,True
n2460293601,Парканы,улица Русакова,8,4,65.4,4.9781,,,False,True
n2460293616,Парканы,улица Русакова,9,4,95.8,4.9781,,,False,True
n2460293602,Парканы,улица Русакова,10,4,85.0,4.9781,,,False,True
n2460293617,Парканы,улица Русакова,11,4,107.2,4.735,,,False,True
n2460293603,Парканы,улица Русакова,12,4,102.6,4.9781,,,False,True
n2460293618,Парканы,улица Русакова,13,4,110.8,4.7258,,,False,True
n2460293604,Парканы,улица Русакова,14,4,122.6,4.9781,,,False,True
n2460293619,Парканы,улица Русакова,15,4,110.7,4.7258,,,False,True
n2460293620,Парканы,улица Русакова,17,4,115.2,4.6958,,,False,True
n2460293605,Парканы,улица Русакова,18,4,143.9,4.9781,,,False,True
n2460293621,Парканы,улица Русакова,19,3,97.9,4.7745,,,False,True
n2460293606,Парканы,улица Русакова,20,4,133.8,4.7745,,,False,True
n2460293622,Парканы,улица Русакова,21,3,75.8,4.7745,,,False,True
n2460293607,Парканы,улица Русакова,22,4,114.7,4.7745,,,False,True
n4552707602,Парканы,улица Русакова,22,4,125.8,4.7745,,,False,True
n2323588981,Парканы,улица Русакова,23,3,49.3,4.7745,,,False,True
n2460293608,Парканы,улица Русакова,24,3,95.2,4.7745,,,False,True
n2460293609,Парканы,улица Русакова,26,3,71.4,4.7745,,,False,True
n2460300196,Парканы,улица Русакова,27,3,38.5,4.7306,,,False,True
n2460293610,Парканы,улица Русакова,28,3,47.7,4.7745,,,False,True
n2460300197,Парканы,улица Русакова,29,3,53.0,4.8343,,,False,True
n2460293611,Парканы,улица Русакова,30,3,29.1,4.7745,,,False,True
n2460300198,Парканы,улица Русакова,31,3,32.4,4.8343,,,False,True
n2460293612,Парканы,улица Русакова,32,3,18.4,4.7745,,,False,True
n2460300199,Парканы,улица Русакова,33,3,19.5,4.8343,,,False,True
n2460293613,Парканы,улица Русакова,34,3,17.3,4.755,,,False,True
n2460690882,Парканы,улица Русакова,35,3,21.3,4.8343,,,False,True
n2345373678,Парканы,улица Русакова,36,3,12.6,4.7306,,,False,True
n2460690883,Парканы,улица Русакова,37,3,34.4,4.8343,,,False,True
n2460690904,Парканы,улица Русакова,38,3,23.5,4.7306,,,False,True
n2460690884,Парканы,улица Русакова,39,4,48.6,4.8343,,,False,True
n2460690905,Парканы,улица Русакова,40,3,36.0,4.755,,,False,True
n2460690885,Парканы,улица Русакова,41,4,64.1,4.8343,,,False,True
n2460690909,Парканы,улица Русакова,42,3,50.2,4.755,,,False,True
n2460690887,Парканы,улица Русакова,43,4,76.2,4.9839,,,False,True
n2460690912,Парканы,улица Русакова,44,3,42.6,4.8343,,,False,True
n2460690890,Парканы,улица Русакова,45,4,60.3,4.9839,,,False,True
n4552708642,Парканы,улица Русакова,45,4,31.1,4.9839,,,False,True
n2460690915,Парканы,улица Русакова,46,3,30.5,4.8343,,,False,True
n2460690893,Парканы,улица Русакова,47,4,46.1,4.9839,,,False,True
n2460690918,Парканы,улица Русакова,48,3,18.4,4.8343,,,False,True
n4552707608,Парканы,улица Русакова,48,3,43.7,4.8343,,,False,True
n2460690897,Парканы,улица Русакова,49,4,33.0,4.9839,,,False,True
n2460690921,Парканы,улица Русакова,50,3,13.0,4.8343,,,False,True
n2460690900,Парканы,улица Русакова,51,4,29.4,4.9839,,,False,True
n2460690922,Парканы,улица Русакова,52,3,20.9,4.8343,,,False,True
n2460690903,Парканы,улица Русакова,53,4,38.3,4.9839,,,False,True
n2460690923,Парканы,улица Русакова,54,3,37.2,4.8343,,,False,True
n2323588990,Парканы,улица Русакова,55,4,32.2,5.0555,,,False,True
n2460690924,Парканы,улица Русакова,56,4,51.1,4.8343,,,False,True
n4552708641,Парканы,улица Русакова,56,4,48.8,4.8343,,,False,True
n2323588993,Парканы,улица Русакова,57,4,40.4,5.0555,,,False,True
n2460690925,Парканы,улица Русакова,58,4,65.1,4.8343,,,False,True
n2460765249,Парканы,улица Русакова,59,4,89.3,5.0555,,,False,True
n2460690926,Парканы,улица Русакова,60,4,70.1,4.9839,,,False,True
n2460765250,Парканы,улица Русакова,61,4,96.8,5.268,,,False,True
n2460690927,Парканы,улица Русакова,62,4,52.4,4.9839,,,False,True
n2460765251,Парканы,улица Русакова,63,4,53.6,5.268,,,False,True
n2460690928,Парканы,улица Русакова,64,4,34.7,4.9839,,,False,True
n2345373679,Парканы,улица Русакова,65,4,22.0,5.268,,,False,True
n2460690929,Парканы,улица Русакова,66,4,16.0,4.9839,,,False,True
n2460702950,Парканы,улица Русакова,67,4,50.4,5.3152,,,False,True
n2460690930,Парканы,улица Русакова,68,4,8.0,4.9839,,,False,True
n2460702951,Парканы,улица Русакова,69,4,63.5,5.4591,,,False,True
n2460690931,Парканы,улица Русакова,70,4,16.8,4.9839,,,False,True
n2460702952,Парканы,улица Русакова,71,4,39.4,5.4591,,,False,True
n2460690932,Парканы,улица Русакова,72,4,31.7,4.9839,,,False,True
n2460702953,Парканы,улица Русакова,73,4,21.0,5.4591,,,False,True
n2460690933,Парканы,улица Русакова,74,4,31.0,5.0555,,,False,True
n2460702954,Парканы,улица Русакова,75,4,28.5,5.4591,,,False,True
n2460690934,Парканы,улица Русакова,76,4,17.9,5.0555,,,False,True
n2460702955,Парканы,улица Русакова,77,4,42.1,5.4591,,,False,True
n2323588999,Парканы,улица Русакова,79,4,95.5,5.6017,,,False,True
n2460702940,Парканы,улица Русакова,88,4,60.9,5.268,,,False,True
n2460702944,Парканы,улица Русакова,161,4,66.6,5.4591,,,False,True
n2460702943,Парканы,улица Русакова,169,4,25.6,5.6946,,,False,True
n2460702942,Парканы,улица Русакова,195,4,59.4,5.3152,,,False,True
n2460033803,Парканы,улица Свердлова,1,4,120.4,5.4198,,,False,True
n2460033804,Парканы,улица Свердлова,1,4,88.6,5.4198,,,False,True
n2460033806,Парканы,улица Свердлова,1,4,54.9,5.4198,,,False,True
n2460033807,Парканы,улица Свердлова,1а,4,32.3,5.3777,,,False,True
n2323674189,Парканы,улица Свердлова,2,4,15.6,5.3777,,,False,True
n2460033802,Парканы,улица Свердлова,3,4,105.2,5.6065,,,False,True
n2460033805,Парканы,улица Свердлова,3,4,60.5,5.4198,,,False,True
n2460033808,Парканы,улица Свердлова,4,4,34.5,5.3777,,,False,True
n2460033809,Парканы,улица Свердлова,6,4,52.4,5.3777,,,False,True
n2460033810,Парканы,улица Свердлова,8,4,71.6,5.3777,,,False,True
n2460033800,Парканы,улица Свердлова,9,4,104.7,5.6065,,,False,True
n2460033811,Парканы,улица Свердлова,10,4,77.6,5.4198,,,False,True
n2460033801,Парканы,улица Свердлова,11,4,99.4,5.6065,,,False,True
n2460033812,Парканы,улица Свердлова,12,4,83.6,5.4198,,,False,True
n2460033799,Парканы,улица Свердлова,13,4,115.3,5.6065,,,False,True
n2460033813,Парканы,улица Свердлова,14,4,91.8,5.4198,,,False,True
n2460033814,Парканы,улица Свердлова,16,4,104.8,5.4198,,,False,True
n2460033798,Парканы,улица Свердлова,17,4,119.7,5.6994,,,False,True
n2460033815,Парканы,улица Свердлова,18,4,118.1,5.4198,,,False,True
n2460033816,Парканы,улица Свердлова,18а,4,131.2,5.4198,,,False,True
n2460033797,Парканы,улица Свердлова,19,4,93.4,5.8584,,,False,True
n2460033817,Парканы,улица Свердлова,20,4,138.0,5.6065,,,False,True
n2460033796,Парканы,улица Свердлова,21,4,73.4,5.8584,,,False,True
n2460033818,Парканы,улица Свердлова,22,4,131.5,5.6065,,,False,True
n2460033795,Парканы,улица Свердлова,23,4,50.9,5.8584,,,False,True
n2460033819,Парканы,улица Свердлова,24,4,127.8,5.6065,,,False,True
n2460033794,Парканы,улица Свердлова,25,4,37.5,5.8584,,,False,True
n2323674191,Парканы,улица Свердлова,27,4,23.0,5.8584,,,False,True
n2323674193,Парканы,улица Свердлова,29,4,16.3,5.8584,,,False,True
n2460033820,Парканы,улица Свердлова,30,4,123.7,5.6065,,,False,True
n2460033793,Парканы,улица Свердлова,31,4,31.9,5.8584,,,False,True
n2460033821,Парканы,улица Свердлова,32,4,122.5,5.6065,,,False,True
n2460033792,Парканы,улица Свердлова,33,4,60.4,5.8584,,,False,True
n2460033822,Парканы,улица Свердлова,34,4,122.1,5.6065,,,False,True
n2460033791,Парканы,улица Свердлова,35,4,85.2,5.8584,,,False,True
n2460033823,Парканы,улица Свердлова,36,4,124.3,5.6065,,,False,True
n2460033825,Парканы,улица Свердлова,36,4,135.3,5.6065,,,False,True
n2460033790,Парканы,улица Свердлова,37,4,108.9,5.8584,,,False,True
n2460033824,Парканы,улица Свердлова,38,4,129.6,5.6065,,,False,True
n2460033789,Парканы,улица Свердлова,39,4,131.9,5.9849,,,False,True
n2460033826,Парканы,улица Свердлова,40,4,143.6,5.6065,,,False,True
n2460033788,Парканы,улица Свердлова,41,4,122.6,5.9849,,,False,True
n2460033827,Парканы,улица Свердлова,42,4,136.1,5.8584,,,False,True
n2460033787,Парканы,улица Свердлова,43,4,124.8,5.9849,,,False,True
n2460033828,Парканы,улица Свердлова,44,4,120.4,5.8584,,,False,True
n2460033786,Парканы,улица Свердлова,45,4,130.4,5.9849,,,False,True
n2460033829,Парканы,улица Свердлова,46,4,107.1,5.8584,,,False,True
n2460033785,Парканы,улица Свердлова,47,4,135.2,6.2278,,,False,True
n2460033830,Парканы,улица Свердлова,48,4,89.0,5.8584,,,False,True
n2460033784,Парканы,улица Свердлова,49,4,101.5,6.2278,,,False,True
n2460033831,Парканы,улица Свердлова,50,4,74.7,5.8584,,,False,True
n2460033783,Парканы,улица Свердлова,51,4,76.8,6.2278,,,False,True
n2460033832,Парканы,улица Свердлова,52,4,66.6,5.8584,,,False,True
n2460033782,Парканы,улица Свердлова,53,4,56.8,6.2278,,,False,True
n2460033833,Парканы,улица Свердлова,54,4,53.0,5.8584,,,False,True
n2460033834,Парканы,улица Свердлова,54,4,34.4,5.8584,,,False,True
n2460033781,Парканы,улица Свердлова,55,4,40.4,6.2278,,,False,True
n2323674192,Парканы,улица Свердлова,56,4,23.7,5.8584,,,False,True
n4466335360,Парканы,улица Свердлова,56,4,24.1,5.8584,,,False,True
n2460033780,Парканы,улица Свердлова,57,4,23.1,6.2278,,,False,True
n2323674194,Парканы,улица Свердлова,58,4,24.2,5.8584,,,False,True
n2460033779,Парканы,улица Свердлова,59,4,11.6,6.2278,,,False,True
n2460033835,Парканы,улица Свердлова,60,4,37.3,5.8584,,,False,True
n2460033778,Парканы,улица Свердлова,61,4,20.2,6.2278,,,False,True
n2460033836,Парканы,улица Свердлова,62,4,50.6,5.8584,,,False,True
n2460033777,Парканы,улица Свердлова,63,4,36.6,6.2278,,,False,True
n2460033837,Парканы,улица Свердлова,64,4,67.2,5.8584,,,False,True
n2460033776,Парканы,улица Свердлова,65,4,53.8,6.2278,,,False,True
n2460035229,Парканы,улица Свердлова,66,4,73.5,5.8584,,,False,True
n2460033775,Парканы,улица Свердлова,67,4,70.4,6.2278,,,False,True
n2460035232,Парканы,улица Свердлова,68,4,88.1,5.8584,,,False,True
n2460033774,Парканы,улица Свердлова,69,4,88.2,6.2278,,,False,True
n2460035235,Парканы,улица Свердлова,70,4,102.7,5.8584,,,False,True
n2460033773,Парканы,улица Свердлова,71,4,103.9,6.2278,,,False,True
n2460035238,Парканы,улица Свердлова,72,4,117.3,5.8584,,,False,True
n2460033772,Парканы,улица Свердлова,73,4,118.6,6.2278,,,False,True
n2460035242,Парканы,улица Свердлова,74,4,133.1,5.8584,,,False,True
n2460033771,Парканы,улица Свердлова,75,4,133.6,6.2278,,,False,True
n2460035245,Парканы,улица Свердлова,76,4,145.2,5.9849,,,False,True
n2460033770,Парканы,улица Свердлова,77,4,122.5,6.4981,,,False,True
n2460035248,Парканы,улица Свердлова,78,4,144.5,5.9849,,,False,True
n2460033769,Парканы,улица Свердлова,79,4,104.7,6.4981,,,False,True
n2460035251,Парканы,улица Свердлова,80,4,144.2,5.9849,,,False,True
n2460033768,Парканы,улица Свердлова,81,4,87.0,6.4981,7.3343,0.8362,True,True
n2460035254,Парканы,улица Свердлова,82,4,145.9,5.9849,,,False,True
w476163301,Парканы,улица Свердлова,83,4,61.7,6.4981,7.3084,0.8103,True,True
n2460035257,Парканы,улица Свердлова,84,4,149.3,5.9849,,,False,True
w476163299,Парканы,улица Свердлова,85,4,49.7,6.4981,7.2962,0.7981,True,True
n2460035264,Парканы,улица Свердлова,86,4,146.6,6.2278,,,False,True
w476163297,Парканы,улица Свердлова,87,4,37.3,6.4981,7.2844,0.7863,True,True
n2460035268,Парканы,улица Свердлова,88,4,134.2,6.2278,,,False,True
w476163294,Парканы,улица Свердлова,89,4,18.6,6.4981,7.2628,0.7647,True,True
n2460035271,Парканы,улица Свердлова,90,4,118.7,6.2278,,,False,True
n2460035274,Парканы,улица Свердлова,92,4,102.9,6.2278,,,False,True
n2460035277,Парканы,улица Свердлова,94,4,87.3,6.2278,,,False,True
n2460035280,Парканы,улица Свердлова,96,4,73.9,6.2278,,,False,True
n2460035283,Парканы,улица Свердлова,98,4,56.9,6.2278,,,False,True
n2460035286,Парканы,улица Свердлова,100,4,43.0,6.2278,,,False,True
n2460035289,Парканы,улица Свердлова,102,4,29.6,6.2278,,,False,True
n2460035292,Парканы,улица Свердлова,104,4,16.3,6.2278,,,False,True
n2460035295,Парканы,улица Свердлова,106,4,12.6,6.2278,,,False,True
n2460035298,Парканы,улица Свердлова,108,4,20.6,6.2278,,,False,True
n2460055522,Парканы,улица Свердлова,110,4,33.8,6.2278,,,False,True
n2460055523,Парканы,улица Свердлова,112,4,47.1,6.2278,,,False,True
n2460055524,Парканы,улица Свердлова,112,4,62.3,6.2278,,,False,True
n2460055525,Парканы,улица Свердлова,114,4,77.8,6.2278,,,False,True
n2460055526,Парканы,улица Свердлова,118,4,91.1,6.2278,,,False,True
n2460055527,Парканы,улица Свердлова,120,4,106.7,6.2278,,,False,True
n2460055528,Парканы,улица Свердлова,122,4,122.3,6.2278,,,False,True
n2460055529,Парканы,улица Свердлова,124,4,132.0,6.4981,,,False,True
n2460055530,Парканы,улица Свердлова,126,4,115.1,6.4981,7.3631,0.865,True,True
n2460055531,Парканы,улица Свердлова,128,4,96.1,6.4981,7.3441,0.846,True,True
n2460055532,Парканы,улица Свердлова,130,4,81.4,6.4981,7.3294,0.8313,True,True
n2460055533,Парканы,улица Свердлова,132,4,62.5,6.4981,7.3103,0.8122,True,True
n2460055534,Парканы,улица Свердлова,134,4,44.0,6.4981,7.2914,0.7933,True,True
n2460055535,Парканы,улица Свердлова,136,4,28.9,6.4981,7.2765,0.7784,True,True
w476163293,Парканы,улица Свердлова,136,4,23.1,6.4981,7.268,0.7699,True,True
n2323352013,Парканы,улица Сергея Лазо,2,2,11.1,3.6387,,,False,True
w284686408,Парканы,улица Сергея Лазо,3,2,37.2,3.6387,,,False,True
w284659754,Парканы,улица Сергея Лазо,4,2,23.5,3.6387,,,False,True
w284686410,Парканы,улица Сергея Лазо,5,3,54.8,3.7434,,,False,True
w284686407,Парканы,улица Сергея Лазо,6,2,43.0,3.6387,,,False,True
w287643876,Парканы,улица Сергея Лазо,7,3,39.4,3.7434,,,False,True
w284686411,Парканы,улица Сергея Лазо,8,3,50.9,3.7434,,,False,True
w287643878,Парканы,улица Сергея Лазо,9,3,20.4,3.7434,,,False,True
w288392737,Парканы,улица Сергея Лазо,10,3,28.6,3.7434,,,False,True
w285452245,Парканы,улица Сергея Лазо,11,3,35.5,3.7434,,,False,True
w288392738,Парканы,улица Сергея Лазо,12,3,37.7,3.7434,,,False,True
w288392881,Парканы,улица Сергея Лазо,13,3,56.4,3.7434,,,False,True
w288392819,Парканы,улица Сергея Лазо,14,3,45.0,3.7434,,,False,True
w294043068,Парканы,улица Сергея Лазо,15,3,78.0,3.898,,,False,True
w294043065,Парканы,улица Сергея Лазо,16,3,63.4,3.7434,,,False,True
w294043073,Парканы,улица Сергея Лазо,17,3,52.4,3.898,,,False,True
n5653833601,Парканы,улица Сергея Лазо,18,2,26.7,3.6399,,,False,True
w294043070,Парканы,улица Сергея Лазо,18,2,67.4,3.898,,,False,True
w294043076,Парканы,улица Сергея Лазо,19,3,33.8,3.898,,,False,True
n5653833905,Парканы,улица Сергея Лазо,20,2,28.1,3.6399,,,False,True
w294043081,Парканы,улица Сергея Лазо,20,2,43.3,3.898,,,False,True
w294043077,Парканы,улица Сергея Лазо,21,3,24.6,3.898,,,False,True
n5653833602,Парканы,улица Сергея Лазо,22,2,43.7,3.6399,,,False,True
w294043080,Парканы,улица Сергея Лазо,22,2,24.0,3.898,,,False,True
w288392735,Парканы,улица Сергея Лазо,23,3,26.5,3.898,,,False,True
w285452242,Парканы,улица Сергея Лазо,24,3,24.1,3.898,,,False,True
w288392730,Парканы,улица Сергея Лазо,25,3,48.2,3.985,,,False,True
w288392731,Парканы,улица Сергея Лазо,26,3,39.7,3.898,,,False,True
w284829096,Парканы,улица Сергея Лазо,27,3,22.0,3.985,,,False,True
w284829100,Парканы,улица Сергея Лазо,29,3,37.1,3.985,,,False,True
w284829117,Парканы,улица Сергея Лазо,31,3,54.0,3.985,,,False,True
w284829110,Парканы,улица Сергея Лазо,33,3,42.8,4.0868,,,False,True
w284829108,Парканы,улица Сергея Лазо,35,3,31.2,4.0868,,,False,True
w284829106,Парканы,улица Сергея Лазо,37,3,25.5,4.0868,,,False,True
w294942534,Парканы,улица Сергея Лазо,39,3,45.9,4.0868,,,False,True
w294956273,Парканы,улица Сергея Лазо,41,3,68.7,4.0868,,,False,True
w294956276,Парканы,улица Сергея Лазо,43,3,103.1,4.2877,,,False,True
w294956278,Парканы,улица Сергея Лазо,45,3,71.2,4.2877,,,False,True
w294956277,Парканы,улица Сергея Лазо,47,3,56.7,4.2877,,,False,True
w284829119,Парканы,улица Сергея Лазо,49,3,42.9,4.2877,,,False,True
n2457739768,Парканы,улица Сергея Лазо,50,3,51.7,3.9936,,,False,True
w284829112,Парканы,улица Сергея Лазо,50,3,57.4,4.2877,,,False,True
w304873404,Парканы,улица Сергея Лазо,51,3,26.1,4.2877,,,False,True
n2457739767,Парканы,улица Сергея Лазо,52,3,47.6,4.1113,,,False,True
w315423555,Парканы,улица Сергея Лазо,52,3,30.9,4.2877,,,False,True
w304873407,Парканы,улица Сергея Лазо,53,3,22.7,4.2877,,,False,True
n2457739766,Парканы,улица Сергея Лазо,54,3,31.3,4.1113,,,False,True
w315423556,Парканы,улица Сергея Лазо,54,3,19.4,4.2877,,,False,True
w304873405,Парканы,улица Сергея Лазо,55,3,35.6,4.2877,,,False,True
n2457739765,Парканы,улица Сергея Лазо,56,3,18.5,4.1113,,,False,True
w315423558,Парканы,улица Сергея Лазо,56,3,37.2,4.2877,,,False,True
w315423559,Парканы,улица Сергея Лазо,57,3,47.0,4.2877,,,False,True
n2457739764,Парканы,улица Сергея Лазо,58,3,4.7,4.1113,,,False,True
w315423561,Парканы,улица Сергея Лазо,58,3,56.9,4.2877,,,False,True
w315423560,Парканы,улица Сергея Лазо,59,3,55.8,4.2986,,,False,True
n5653832463,Парканы,улица Сергея Лазо,60,3,47.1,4.1113,,,False,True
w315423562,Парканы,улица Сергея Лазо,60,3,49.3,4.2986,,,False,True
w315423578,Парканы,улица Сергея Лазо,61,3,37.6,4.2986,,,False,True
w315423563,Парканы,улица Сергея Лазо,62,3,47.8,4.2986,,,False,True
w315423577,Парканы,улица Сергея Лазо,63,3,26.6,4.2986,,,False,True
w315423573,Парканы,улица Сергея Лазо,64,3,24.4,4.2986,,,False,True
w315423576,Парканы,улица Сергея Лазо,65,3,19.4,4.2986,,,False,True
w315423571,Парканы,улица Сергея Лазо,66,3,26.2,4.2986,,,False,True
w315423572,Парканы,улица Сергея Лазо,67,3,26.7,4.264,,,False,True
w315423569,Парканы,улица Сергея Лазо,68,3,26.6,4.264,,,False,True
w304873403,Парканы,улица Сергея Лазо,69,3,14.9,4.264,,,False,True
w315423566,Парканы,улица Сергея Лазо,70,3,23.3,4.2326,,,False,True
w315423567,Парканы,улица Сергея Лазо,70,3,28.5,4.264,,,False,True
w304873402,Парканы,улица Сергея Лазо,71,3,25.7,4.264,,,False,True
n2323674199,Парканы,улица Суворова,1,3,12.4,4.0292,,,False,True
n4835050333,Парканы,улица Суворова,1,3,26.0,4.0292,,,False,True
n2457626552,Парканы,улица Суворова,2а,3,21.8,4.0292,,,False,True
n2457626555,Парканы,улица Суворова,4,3,47.1,4.0292,,,False,True
n2457626546,Парканы,улица Суворова,5,3,74.5,4.0292,,,False,True
n2457626558,Парканы,улица Суворова,6,3,64.8,4.0292,,,False,True
n2457626561,Парканы,улица Суворова,8,3,69.8,4.1835,,,False,True
n2323674202,Парканы,улица Суворова,9,3,16.6,4.1835,,,False,True
n2457626564,Парканы,улица Суворова,10,3,49.0,4.1835,,,False,True
n2323674204,Парканы,улица Суворова,11,3,19.1,4.2125,,,False,True
n2457626567,Парканы,улица Суворова,12,3,25.1,4.1835,,,False,True
n2458850215,Парканы,улица Суворова,13,3,42.0,4.2125,,,False,True
n2323674203,Парканы,улица Суворова,14,3,9.4,4.1835,,,False,True
n2458850216,Парканы,улица Суворова,15,3,61.2,4.2125,,,False,True
n4835068016,Парканы,улица Суворова,15,3,15.8,4.1835,,,False,True
n2323674205,Парканы,улица Суворова,16,3,23.0,4.2125,,,False,True
n2458850217,Парканы,улица Суворова,17,3,73.7,4.2125,,,False,True
n2458850213,Парканы,улица Суворова,18,3,36.0,4.2125,,,False,True
n2458850218,Парканы,улица Суворова,19,3,93.3,4.2125,,,False,True
n2458850214,Парканы,улица Суворова,20,3,57.3,4.2125,,,False,True
n2458850219,Парканы,улица Суворова,21,3,108.2,4.2125,,,False,True
n2458875313,Парканы,улица Суворова,22,3,76.5,4.2125,,,False,True
n4835075921,Парканы,улица Суворова,22,3,97.2,4.2125,,,False,True
n2458850220,Парканы,улица Суворова,23,3,127.6,4.2125,,,False,True
n2458875322,Парканы,улица Суворова,24,3,95.8,4.2125,,,False,True
n2458850221,Парканы,улица Суворова,25,3,142.5,4.2125,,,False,True
n2458875320,Парканы,улица Суворова,26,3,114.7,4.459,,,False,True
n2458850222,Парканы,улица Суворова,27,3,145.7,4.1255,,,False,True
n2458875318,Парканы,улица Суворова,28,3,119.1,4.459,,,False,True
n2458850223,Парканы,улица Суворова,29,3,146.1,4.1475,,,False,True
n2458875315,Парканы,улица Суворова,30,3,131.6,4.459,,,False,True
n2458850224,Парканы,улица Суворова,31,3,149.4,4.1475,,,False,True
n2458875311,Парканы,улица Суворова,32,3,136.4,4.459,,,False,True
n2458850225,Парканы,улица Суворова,33,3,147.9,4.2106,,,False,True
n2458875308,Парканы,улица Суворова,34,3,143.5,4.459,,,False,True
n2458850226,Парканы,улица Суворова,35,3,147.3,4.2106,,,False,True
n2458875306,Парканы,улица Суворова,36,3,149.7,4.459,,,False,True
n2458850227,Парканы,улица Суворова,37,3,146.9,4.2106,,,False,True
n2458875304,Парканы,улица Суворова,38,3,158.6,4.459,,,False,True
n2458850228,Парканы,улица Суворова,39,3,147.2,4.2106,,,False,True
n2458875301,Парканы,улица Суворова,40,3,166.1,4.2106,,,False,True
n2458850229,Парканы,улица Суворова,41,3,152.4,4.2106,,,False,True
n2458875297,Парканы,улица Суворова,42,3,168.7,4.2106,,,False,True
n2458850723,Парканы,улица Суворова,43,3,152.9,4.2833,,,False,True
n2458875294,Парканы,улица Суворова,44,3,172.5,4.2106,,,False,True
n4835050359,Парканы,улица Суворова,44,3,168.4,4.704,,,False,True
n2458850724,Парканы,улица Суворова,45,3,152.8,4.2833,,,False,True
n2458875292,Парканы,улица Суворова,46,3,163.7,4.704,,,False,True
n2458850725,Парканы,улица Суворова,47,3,153.1,4.2833,,,False,True
n4835076423,Парканы,улица Суворова,47,3,143.5,4.2833,,,False,True
n2458875290,Парканы,улица Суворова,48,3,154.6,4.704,,,False,True
n4835050360,Парканы,улица Суворова,48,3,144.4,4.704,,,False,True
n2458850726,Парканы,улица Суворова,49,3,158.0,4.2833,,,False,True
n2458875287,Парканы,улица Суворова,50,3,148.1,4.704,,,False,True
n2458850727,Парканы,улица Суворова,51,3,162.9,4.2833,,,False,True
n2458875285,Парканы,улица Суворова,52,3,143.4,4.704,,,False,True
n2458850728,Парканы,улица Суворова,53,3,163.9,4.704,,,False,True
n2458875282,Парканы,улица Суворова,54,3,139.9,4.704,,,False,True
n2458875280,Парканы,улица Суворова,54а,3,138.9,4.704,,,False,True
n2458850729,Парканы,улица Суворова,55,3,165.2,4.4189,,,False,True
n2458875278,Парканы,улица Суворова,56,3,140.0,4.704,,,False,True
n2458850730,Парканы,улица Суворова,57,3,163.4,4.4189,,,False,True
n4835076137,Парканы,улица Суворова,57,3,163.9,4.704,,,False,True
n2458875276,Парканы,улица Суворова,58,3,143.9,4.704,,,False,True
n4835050364,Парканы,улица Суворова,58,3,131.7,4.704,,,False,True
n2458850731,Парканы,улица Суворова,59,3,162.3,4.4189,,,False,True
n2458875273,Парканы,улица Суворова,60,3,149.8,4.704,,,False,True
n2458850732,Парканы,улица Суворова,61,3,164.5,4.4189,,,False,True
n2458875271,Парканы,улица Суворова,62,3,152.6,4.8064,,,False,True
n2458850733,Парканы,улица Суворова,63,3,165.5,4.4677,,,False,True
n2458875269,Парканы,улица Суворова,64,3,149.8,4.8064,,,False,True
n2458850735,Парканы,улица Суворова,65,3,165.9,4.4677,,,False,True
n2458875266,Парканы,улица Суворова,66,3,147.2,4.8064,,,False,True
n2458850736,Парканы,улица Суворова,67,3,151.4,4.8745,,,False,True
n2458875264,Парканы,улица Суворова,68,3,146.4,4.8064,,,False,True
n2458850737,Парканы,улица Суворова,69,3,136.4,4.8745,,,False,True
n2458875262,Парканы,улица Суворова,70,3,147.4,4.8064,,,False,True
n4886201535,Парканы,улица Суворова,70,3,143.2,4.8064,,,False,True
n2458850734,Парканы,улица Суворова,71,3,123.0,4.8745,,,False,True
n2458875260,Парканы,улица Суворова,72,3,147.4,4.8745,,,False,True
n2458850738,Парканы,улица Суворова,73,3,108.2,4.8745,,,False,True
n2458875257,Парканы,улица Суворова,74,3,130.1,4.8745,,,False,True
n2458850739,Парканы,улица Суворова,75,3,96.8,4.8745,,,False,True
n2458875253,Парканы,улица Суворова,76,3,112.8,4.8745,,,False,True
n2458850740,Парканы,улица Суворова,77,3,80.0,4.8745,,,False,True
n2458850235,Парканы,улица Суворова,78,3,98.2,4.8745,,,False,True
n2458850741,Парканы,улица Суворова,79,3,60.7,4.8745,,,False,True
n2458850234,Парканы,улица Суворова,80,3,89.3,4.8745,,,False,True
n2458850230,Парканы,улица Суворова,81,3,42.8,4.8745,,,False,True
n2458850233,Парканы,улица Суворова,82,3,75.7,4.8745,,,False,True
n2323674206,Парканы,улица Суворова,83,3,24.6,4.8745,,,False,True
n2458850232,Парканы,улица Суворова,84,3,57.2,4.8745,,,False,True
n2323674208,Парканы,улица Суворова,85,4,16.9,4.9118,,,False,True
n2458850231,Парканы,улица Суворова,86,3,39.1,4.8745,,,False,True
n2458915135,Парканы,улица Суворова,87,4,41.6,4.9118,,,False,True
n2323674207,Парканы,улица Суворова,88,3,22.9,4.8745,,,False,True
n2458915136,Парканы,улица Суворова,89,4,63.7,4.9118,,,False,True
n2323674209,Парканы,улица Суворова,90,4,13.2,4.9118,,,False,True
n2458915137,Парканы,улица Суворова,91,4,81.7,4.9118,,,False,True
n2458915128,Парканы,улица Суворова,92,4,28.8,4.9118,,,False,True
n2458915142,Парканы,улица Суворова,93,4,100.5,4.9118,,,False,True
n2458915132,Парканы,улица Суворова,94,4,43.0,4.9118,,,False,True
n2458915141,Парканы,улица Суворова,95,4,124.6,4.9118,,,False,True
n2458915134,Парканы,улица Суворова,96,4,59.6,4.9118,,,False,True
n2458915140,Парканы,улица Суворова,97,4,143.8,4.9118,,,False,True
n2458915138,Парканы,улица Суворова,98,4,73.0,4.9118,,,False,True
n2458959240,Парканы,улица Суворова,99,4,163.2,4.9118,,,False,True
n2458915139,Парканы,улица Суворова,100,4,93.2,4.9118,,,False,True
n2458959241,Парканы,улица Суворова,101,4,142.4,4.7745,,,False,True
n2458959238,Парканы,улица Суворова,102,4,107.8,4.9118,,,False,True
n2458959242,Парканы,улица Суворова,103,4,128.6,4.7745,,,False,True
n2458959239,Парканы,улица Суворова,104,4,122.5,4.9118,,,False,True
n2458959243,Парканы,улица Суворова,105,4,119.5,4.7745,,,False,True
n2458959246,Парканы,улица Суворова,106,4,140.3,4.9118,,,False,True
n2458959244,Парканы,улица Суворова,107,4,114.4,4.7745,,,False,True
n2458959247,Парканы,улица Суворова,108,4,160.5,4.9118,,,False,True
n2458959245,Парканы,улица Суворова,109,4,110.7,4.7745,,,False,True
n2458959248,Парканы,улица Суворова,110,4,176.4,4.9118,,,False,True
n2458959254,Парканы,улица Суворова,111,4,111.3,4.7745,,,False,True
n2458959249,Парканы,улица Суворова,112,4,167.6,5.2943,,,False,True
n2458959255,Парканы,улица Суворова,113,4,115.3,4.7745,,,False,True
n2458959250,Парканы,улица Суворова,114,4,157.9,5.2943,,,False,True
n2458959256,Парканы,улица Суворова,115,4,124.5,4.7745,,,False,True
n2458959251,Парканы,улица Суворова,116,4,149.3,5.2943,,,False,True
n2458959257,Парканы,улица Суворова,117,4,136.2,4.7745,,,False,True
n2458959252,Парканы,улица Суворова,118,4,135.4,5.2943,,,False,True
n4393903637,Парканы,улица Суворова,118а,4,125.8,5.2943,,,False,True
n2458959258,Парканы,улица Суворова,119,4,148.2,4.7745,,,False,True
n4393903636,Парканы,улица Суворова,119,4,122.1,4.7745,,,False,True
n2458959253,Парканы,улица Суворова,120,4,130.6,5.2943,,,False,True
n2458959259,Парканы,улица Суворова,121,4,147.2,4.8343,,,False,True
n4393903635,Парканы,улица Суворова,121,4,134.4,4.7745,,,False,True
n2459008230,Парканы,улица Суворова,122,4,127.9,5.2943,,,False,True
n2458959260,Парканы,улица Суворова,123,4,148.1,4.8343,,,False,True
n2459008231,Парканы,улица Суворова,124,4,131.8,5.2943,,,False,True
n2458959261,Парканы,улица Суворова,125,4,151.9,4.8343,,,False,True
n2459008232,Парканы,улица Суворова,126,4,134.6,5.2943,,,False,True
n2458959262,Парканы,улица Суворова,127 сергей,4,149.5,4.9839,,,False,True
n2459008233,Парканы,улица Суворова,128,4,147.7,5.2943,,,False,True
n2458959263,Парканы,улица Суворова,129,4,140.6,4.9839,,,False,True
n2459008234,Парканы,улица Суворова,130,4,157.7,5.2943,,,False,True
n2459008255,Парканы,улица Суворова,131,4,134.9,4.9839,,,False,True
n2459008235,Парканы,улица Суворова,132,4,166.1,5.2943,,,False,True
n2459008254,Парканы,улица Суворова,133,4,121.6,5.1934,,,False,True
n2459008236,Парканы,улица Суворова,134,4,179.5,4.8343,,,False,True
n2459008253,Парканы,улица Суворова,135,4,108.1,5.1934,,,False,True
n2459008252,Парканы,улица Суворова,137,4,93.6,5.1934,,,False,True
n2459008237,Парканы,улица Суворова,138,4,183.9,4.8343,,,False,True
n2459008251,Парканы,улица Суворова,139,4,76.7,5.1934,,,False,True
n2459008238,Парканы,улица Суворова,140,4,174.0,5.1934,,,False,True
n2459008250,Парканы,улица Суворова,141,4,61.2,5.1934,,,False,True
n2459008239,Парканы,улица Суворова,142,4,149.2,5.1934,,,False,True
n2459008249,Парканы,улица Суворова,143,4,45.9,5.1934,,,False,True
n2459008240,Парканы,улица Суворова,144,4,134.5,5.1934,,,False,True
n2323674210,Парканы,улица Суворова,145,4,28.2,5.1934,,,False,True
n2323674212,Парканы,улица Суворова,145,4,15.9,5.208,,,False,True
n2459008241,Парканы,улица Суворова,146,4,118.7,5.1934,,,False,True
n2459008256,Парканы,улица Суворова,147,4,14.1,5.2384,,,False,True
n2459008242,Парканы,улица Суворова,148,4,103.8,5.1934,,,False,True
n2459008257,Парканы,улица Суворова,149,4,26.2,5.2384,,,False,True
n2459008243,Парканы,улица Суворова,150,4,87.0,5.1934,,,False,True
n2459008258,Парканы,улица Суворова,151,4,32.7,5.3074,,,False,True
n2459008244,Парканы,улица Суворова,152,4,65.6,5.1934,,,False,True
n2459008259,Парканы,улица Суворова,153,4,15.6,5.3074,,,False,True
n2459008248,Парканы,улица Суворова,154,4,51.4,5.1934,,,False,True
n2459008260,Парканы,улица Суворова,155,4,19.6,5.3074,,,False,True
n2459008261,Парканы,улица Суворова,157,4,34.3,5.3074,,,False,True
n2459013797,Парканы,улица Суворова,161,4,21.5,5.4652,,,False,True
n2459008247,Парканы,улица Суворова,162,4,39.8,5.1934,,,False,True
n2323674214,Парканы,улица Суворова,169,4,12.2,5.5153,,,False,True
n2459008246,Парканы,улица Суворова,172,4,33.6,5.1934,,,False,True
n2459008245,Парканы,улица Суворова,174,4,27.8,5.1934,,,False,True
n2459013792,Парканы,улица Суворова,195,4,21.0,5.3952,,,False,True
n2323674211,Парканы,улица Суворова,200,4,37.5,5.1934,,,False,True
w284650892,Парканы,улица Фрунзе,1,3,26.0,3.8303,,,False,True
w284981816,Парканы,улица Фрунзе,2,3,29.8,3.8303,,,False,True
w284981822,Парканы,улица Фрунзе,3,3,45.3,3.9093,,,False,True
w284981817,Парканы,улица Фрунзе,4,3,39.5,3.8303,,,False,True
w284981823,Парканы,улица Фрунзе,5,3,31.0,3.9093,,,False,True
w284981828,Парканы,улица Фрунзе,6,3,40.0,3.9093,,,False,True
n2452636916,Парканы,улица Фрунзе,8,3,32.7,3.9093,,,False,True
n2452658345,Парканы,улица Фрунзе,9,3,14.1,3.9093,,,False,True
w284981824,Парканы,улица Фрунзе,9,3,25.5,3.9093,,,False,True
w284981827,Парканы,улица Фрунзе,10,3,26.8,3.9093,,,False,True
w284981833,Парканы,улица Фрунзе,11,3,29.9,3.9093,,,False,True
w284981829,Парканы,улица Фрунзе,12,3,24.1,3.9093,,,False,True
w284981835,Парканы,улица Фрунзе,13,3,46.9,3.9093,,,False,True
w284981831,Парканы,улица Фрунзе,14,3,37.2,3.9093,,,False,True
w284982245,Парканы,улица Фрунзе,15,3,48.9,4.0071,,,False,True
w284982243,Парканы,улица Фрунзе,16,3,51.3,3.9093,,,False,True
w284982246,Парканы,улица Фрунзе,17,3,37.8,4.0071,,,False,True
w284982259,Парканы,улица Фрунзе,19,3,22.3,4.0071,,,False,True
w284982249,Парканы,улица Фрунзе,20,3,43.2,4.0071,,,False,True
w284982261,Парканы,улица Фрунзе,21,3,28.1,4.0071,,,False,True
w284982250,Парканы,улица Фрунзе,22,3,32.8,4.0071,,,False,True
w284982262,Парканы,улица Фрунзе,23,3,44.0,4.0071,,,False,True
n2459417271,Парканы,улица Фрунзе,24б,3,12.2,3.8069,,,False,True
n2459417276,Парканы,улица Фрунзе,24б,3,25.9,3.8069,,,False,True
w284982256,Парканы,улица Фрунзе,26,3,46.7,4.0071,,,False,True
w285191969,Парканы,улица Фрунзе,27,3,41.3,4.0862,,,False,True
w285193318,Парканы,улица Фрунзе,29,3,24.7,4.0862,,,False,True
w285193321,Парканы,улица Фрунзе,31,3,38.2,4.0862,,,False,True
n2453639983,Парканы,улица Фрунзе,32,3,26.4,4.0862,,,False,True
w285193323,Парканы,улица Фрунзе,33,3,45.2,4.1817,,,False,True
w285193317,Парканы,улица Фрунзе,34,3,36.4,4.0862,,,False,True
w287018439,Парканы,улица Фрунзе,35,3,37.1,4.1817,,,False,True
w285193324,Парканы,улица Фрунзе,36,3,51.9,4.1817,,,False,True
w305888560,Парканы,улица Фрунзе,37,3,39.7,4.1817,,,False,True
w287018438,Парканы,улица Фрунзе,38,3,29.1,4.1817,,,False,True
w306078496,Парканы,улица Фрунзе,39,3,23.3,4.1817,,,False,True
w287830914,Парканы,улица Фрунзе,40,3,25.1,4.1817,,,False,True
w306078498,Парканы,улица Фрунзе,41,3,37.1,4.1817,,,False,True
w287830913,Парканы,улица Фрунзе,42,3,33.4,4.1817,,,False,True
w306078690,Парканы,улица Фрунзе,43,3,59.8,4.1817,,,False,True
w306078493,Парканы,улица Фрунзе,44,3,35.3,4.1817,,,False,True
w306078691,Парканы,улица Фрунзе,45,3,69.6,4.1817,,,False,True
w306078689,Парканы,улица Фрунзе,46,3,56.7,4.1817,,,False,True
w306078692,Парканы,улица Фрунзе,47,3,79.5,4.1817,,,False,True
w306078693,Парканы,улица Фрунзе,48,3,71.2,4.1817,,,False,True
w306078695,Парканы,улица Фрунзе,49,3,93.5,4.1817,,,False,True
w306078694,Парканы,улица Фрунзе,50,3,93.4,4.1817,,,False,True
w306084792,Парканы,улица Фрунзе,51,3,83.2,4.366,,,False,True
w306084793,Парканы,улица Фрунзе,52,3,81.8,4.366,,,False,True
w306087439,Парканы,улица Фрунзе,53,3,62.6,4.366,,,False,True
w306084795,Парканы,улица Фрунзе,54,3,61.5,4.366,,,False,True
w306087438,Парканы,улица Фрунзе,55,3,54.2,4.366,,,False,True
w306087440,Парканы,улица Фрунзе,56,3,52.0,4.366,,,False,True
w315364647,Парканы,улица Фрунзе,57,3,27.4,4.366,,,False,True
w306087444,Парканы,улица Фрунзе,58,3,32.9,4.366,,,False,True
w315364646,Парканы,улица Фрунзе,59,3,26.6,4.366,,,False,True
w315364638,Парканы,улица Фрунзе,60,3,18.9,4.366,,,False,True
w315364644,Парканы,улица Фрунзе,61,3,35.0,4.366,,,False,True
w315364643,Парканы,улица Фрунзе,61а,3,46.8,4.366,,,False,True
w315364639,Парканы,улица Фрунзе,62,3,28.9,4.366,,,False,True
w315364642,Парканы,улица Фрунзе,63,3,59.3,4.366,,,False,True
w315364640,Парканы,улица Фрунзе,64,3,41.7,4.366,,,False,True
w315364635,Парканы,улица Фрунзе,65,3,72.5,4.5182,,,False,True
w315364636,Парканы,улица Фрунзе,66,3,76.3,4.366,,,False,True
w315364637,Парканы,улица Фрунзе,66,3,64.1,4.366,,,False,True
w315360432,Парканы,улица Фрунзе,67,3,49.5,4.5182,,,False,True
n2453640061,Парканы,улица Фрунзе,68,3,74.6,4.366,,,False,True
w315360430,Парканы,улица Фрунзе,69,3,33.6,4.5182,,,False,True
w315364632,Парканы,улица Фрунзе,70,3,71.9,4.5182,,,False,True
w315360434,Парканы,улица Фрунзе,71,3,31.3,4.5182,,,False,True
w315360428,Парканы,улица Фрунзе,72,3,47.1,4.5182,,,False,True
w315360429,Парканы,улица Фрунзе,73,3,26.1,4.5182,,,False,True
w315360426,Парканы,улица Фрунзе,74,3,37.2,4.5182,,,False,True
w315271165,Парканы,улица Фрунзе,75,3,38.1,4.5182,,,False,True
w315360423,Парканы,улица Фрунзе,76,3,25.0,4.5182,,,False,True
w315271166,Парканы,улица Фрунзе,77,3,61.1,4.5182,,,False,True
w315357741,Парканы,улица Фрунзе,78,3,26.7,4.5182,,,False,True
w315271163,Парканы,улица Фрунзе,79,3,65.4,4.6765,,,False,True
w315271164,Парканы,улица Фрунзе,79,3,81.6,4.5182,,,False,True
w315271154,Парканы,улица Фрунзе,80,3,43.0,4.5182,,,False,True
w306087434,Парканы,улица Фрунзе,81,3,43.3,4.6765,,,False,True
w315270994,Парканы,улица Фрунзе,82,3,66.5,4.5182,,,False,True
w315270992,Парканы,улица Фрунзе,84,3,75.5,4.6765,,,False,True
w306087437,Парканы,улица Фрунзе,86,3,41.3,4.6765,,,False,True
w285196662,Парканы,улица Фрунзе,87,3,30.5,4.7027,,,False,True
w285196674,Парканы,улица Фрунзе,89,3,28.7,4.743,,,False,True
w285196675,Парканы,улица Фрунзе,89,3,27.1,4.743,,,False,True
w285196672,Парканы,улица Фрунзе,90,3,21.8,4.743,,,False,True
w287722485,Парканы,улица Фрунзе,91,3,36.3,4.8066,,,False,True
w306078488,Парканы,улица Фрунзе,92,3,32.5,4.8066,,,False,True
n2453641349,Парканы,улица Фрунзе,94,3,23.9,4.8066,,,False,True
w306078490,Парканы,улица Фрунзе,94,3,25.0,4.8066,,,False,True
w306084787,Парканы,улица Фрунзе,95,3,25.9,4.8645,,,False,True
w306084788,Парканы,улица Фрунзе,95,3,28.4,4.8645,,,False,True
w306078492,Парканы,улица Фрунзе,96,3,23.8,4.8066,,,False,True
w306084786,Парканы,улица Фрунзе,97,3,29.3,4.9084,,,False,True
w306082867,Парканы,улица Фрунзе,98,3,29.3,4.8645,,,False,True
w306084785,Парканы,улица Фрунзе,99,3,21.4,4.9084,,,False,True
w306082873,Парканы,улица Фрунзе,100,3,19.0,4.8645,,,False,True
w306084784,Парканы,улица Фрунзе,101,3,19.3,4.9084,,,False,True
w306084781,Парканы,улица Фрунзе,102,3,23.9,4.9084,,,False,True
w306082337,Парканы,улица Фрунзе,103,3,33.2,4.9084,,,False,True
w285196651,Парканы,улица Фрунзе,104,3,34.5,4.9671,,,False,True
w284687489,Парканы,улица Фрунзе,105,3,27.3,4.9671,,,False,True
w285196652,Парканы,улица Фрунзе,106,3,20.1,4.9671,,,False,True
w285196649,Парканы,улица Фрунзе,107,3,19.3,4.9671,,,False,True
w306082333,Парканы,улица Фрунзе,108,3,16.4,4.9906,,,False,True
n2453493584,Парканы,улица Фрунзе,109,3,15.6,4.9671,,,False,True
n2453641356,Парканы,улица Фрунзе,110,3,29.8,5.0119,,,False,True
n2453493588,Парканы,улица Фрунзе,111,3,18.4,4.9906,,,False,True
n2453493590,Парканы,улица Фрунзе,111а,3,16.6,4.9906,,,False,True
n2453641357,Парканы,улица Фрунзе,112,3,21.5,5.0491,,,False,True
n2453641358,Парканы,улица Фрунзе,112,3,29.7,5.0491,,,False,True
n2453493591,Парканы,улица Фрунзе,113,3,15.7,5.0119,,,False,True
n2453641359,Парканы,улица Фрунзе,114,4,45.6,5.0491,,,False,True
n2453641360,Парканы,улица Фрунзе,114,4,33.0,5.1338,,,False,True
n2453493592,Парканы,улица Фрунзе,115,3,24.3,5.0491,,,False,True
n2453641361,Парканы,улица Фрунзе,116,3,19.0,5.1338,,,False,True
n2453493593,Парканы,улица Фрунзе,117,3,16.7,5.0491,,,False,True
n2453641362,Парканы,улица Фрунзе,118,3,25.9,5.1338,,,False,True
w306082141,Парканы,улица Фрунзе,119,3,19.9,5.0491,,,False,True
n2453641363,Парканы,улица Фрунзе,120,3,34.7,5.1358,,,False,True
w306082139,Парканы,улица Фрунзе,121,3,33.3,5.0491,,,False,True
n2323152115,Парканы,улица Фрунзе,122,3,17.1,5.1358,,,False,True
w306082138,Парканы,улица Фрунзе,123,4,49.3,5.0491,,,False,True
w306082136,Парканы,улица Фрунзе,125,4,23.4,5.1338,,,False,True
w306081940,Парканы,улица Фрунзе,127,3,28.7,5.1338,,,False,True
w306081939,Парканы,улица Фрунзе,129,3,23.8,5.1338,,,False,True
w306081804,Парканы,улица Фрунзе,131,3,30.0,5.1338,,,False,True
w306081802,Парканы,улица Фрунзе,133,3,41.6,5.1358,,,False,True
w306081800,Парканы,улица Фрунзе,135,3,32.1,5.1358,,,False,True
w306081799,Парканы,улица Фрунзе,137,3,22.9,5.1358,,,False,True
w306081803,Парканы,улица Фрунзе,139,3,29.2,5.1358,,,False,True
w306078229,Парканы,улица Фрунзе,141,3,24.6,5.1248,,,False,True
w306078227,Парканы,улица Фрунзе,143,3,25.6,5.1156,,,False,True
n2323674215,Парканы,улица Чапаева,1,3,24.5,4.1602,,,False,True
n2323674216,Парканы,улица Чапаева,2,3,27.7,4.1753,,,False,True
n2457631779,Парканы,улица Чапаева,3,3,47.1,4.1753,,,False,True
n2457631783,Парканы,улица Чапаева,4,3,51.1,4.1753,,,False,True
n2457631780,Парканы,улица Чапаева,5,3,56.3,4.2924,,,False,True
n2457631781,Парканы,улица Чапаева,7,3,33.2,4.2924,,,False,True
w284662932,Парканы,улица Чапаева,7,3,24.9,4.2924,,,False,True
n2457631785,Парканы,улица Чапаева,8,3,20.2,4.2924,,,False,True
n2323674217,Парканы,улица Чапаева,9,3,19.2,4.2924,,,False,True
n2459051284,Парканы,улица Чапаева,13,3,22.1,4.3437,,,False,True
n2323674218,Парканы,улица Чапаева,14,3,22.5,4.2924,,,False,True
n2323674220,Парканы,улица Чапаева,14,3,8.0,4.3437,,,False,True
n2459051286,Парканы,улица Чапаева,15,3,31.5,4.3437,,,False,True
n5108197553,Парканы,улица Чапаева,15,3,30.7,4.404,,,False,True
n2459051355,Парканы,улица Чапаева,16а,3,26.3,4.704,,,False,True
w285018071,Парканы,улица Чапаева,16а,3,35.0,4.8377,,,False,True
n2459051354,Парканы,улица Чапаева,16б,3,28.7,4.8064,,,False,True
w285018069,Парканы,улица Чапаева,16б,3,17.7,4.9128,,,False,True
n2459051289,Парканы,улица Чапаева,17,3,27.3,4.404,,,False,True
n2459051292,Парканы,улица Чапаева,19,3,19.1,4.404,,,False,True
n2323674221,Парканы,улица Чапаева,20а,3,24.4,4.459,,,False,True
n2459051281,Парканы,улица Чапаева,20а,3,24.2,4.459,,,False,True
n2459051295,Парканы,улица Чапаева,21,3,19.3,4.404,,,False,True
n2459051358,Парканы,улица Чапаева,22,3,63.4,4.8377,,,False,True
n2459051298,Парканы,улица Чапаева,23,3,27.7,4.404,,,False,True
n2459051359,Парканы,улица Чапаева,24,3,80.2,4.8377,,,False,True
n2459051301,Парканы,улица Чапаева,25,3,30.1,4.459,,,False,True
n2459051360,Парканы,улица Чапаева,26,4,95.7,4.8377,,,False,True
n2459051305,Парканы,улица Чапаева,27,3,21.5,4.459,,,False,True
n2459051361,Парканы,улица Чапаева,28,4,89.6,5.0075,,,False,True
n2459051310,Парканы,улица Чапаева,29,3,25.0,4.459,,,False,True
n2459051362,Парканы,улица Чапаева,30,4,73.2,5.0075,,,False,True
n2459051313,Парканы,улица Чапаева,31,3,39.7,4.459,,,False,True
n2459051363,Парканы,улица Чапаева,32,4,55.5,5.0075,,,False,True
n2459051316,Парканы,улица Чапаева,33,3,52.9,4.459,,,False,True
n2459051364,Парканы,улица Чапаева,34,4,39.6,5.0075,,,False,True
n2459051319,Парканы,улица Чапаева,35,3,67.9,4.459,,,False,True
n2459051365,Парканы,улица Чапаева,36,4,24.8,5.0075,,,False,True
n2459051322,Парканы,улица Чапаева,37,3,81.8,4.459,,,False,True
n2459051366,Парканы,улица Чапаева,38,4,15.4,5.0075,,,False,True
n2459051324,Парканы,улица Чапаева,39,3,101.2,4.459,,,False,True
n2459051327,Парканы,улица Чапаева,39а,3,114.2,4.459,,,False,True
n2459081276,Парканы,улица Чапаева,40,4,23.6,5.0075,,,False,True
n2459051330,Парканы,улица Чапаева,41,3,116.2,4.704,,,False,True
n2459081279,Парканы,улица Чапаева,42,4,40.2,5.0075,,,False,True
n2459051333,Парканы,улица Чапаева,43,3,101.7,4.704,,,False,True
n5108197147,Парканы,улица Чапаева,43,3,90.7,4.704,,,False,True
n2459081282,Парканы,улица Чапаева,44,4,60.7,5.0075,,,False,True
n2459051336,Парканы,улица Чапаева,45,3,81.7,4.704,,,False,True
n2459081284,Парканы,улица Чапаева,46,4,77.0,5.0075,,,False,True
n2459051339,Парканы,улица Чапаева,47,3,63.6,4.704,,,False,True
n2459081287,Парканы,улица Чапаева,48,4,92.5,5.0075,,,False,True
n2459051342,Парканы,улица Чапаева,49,3,44.7,4.704,,,False,True
n2459081290,Парканы,улица Чапаева,50,4,105.9,5.0075,,,False,True
n2459051345,Парканы,улица Чапаева,51,3,29.8,4.704,,,False,True
n2459081293,Парканы,улица Чапаева,52,4,123.8,5.0075,,,False,True
n2459051348,Парканы,улица Чапаева,53,3,15.4,4.704,,,False,True
n2459081295,Парканы,улица Чапаева,54,4,119.2,5.3017,,,False,True
n2459051350,Парканы,улица Чапаева,55,3,19.9,4.704,,,False,True
n2459081298,Парканы,улица Чапаева,56,4,114.0,5.3017,,,False,True
n2459051351,Парканы,улица Чапаева,57,3,34.8,4.704,,,False,True
n2459051352,Парканы,улица Чапаева,57а,3,52.6,4.8064,,,False,True
n2345390824,Парканы,улица Чапаева,61,3,19.4,4.8064,,,False,True
n2459147555,Парканы,улица Чапаева,62,4,87.5,5.2943,,,False,True
n2459081144,Парканы,улица Чапаева,63,3,19.3,4.8064,,,False,True
n2459147556,Парканы,улица Чапаева,64,4,71.8,5.2943,,,False,True
n2459081139,Парканы,улица Чапаева,65,3,32.0,4.8064,,,False,True
n2459147557,Парканы,улица Чапаева,66,4,59.4,5.2943,,,False,True
n2459081133,Парканы,улица Чапаева,67,3,46.5,4.8064,,,False,True
n2459147559,Парканы,улица Чапаева,68,4,46.3,5.2943,,,False,True
n2459081125,Парканы,улица Чапаева,69,3,56.3,4.8064,,,False,True
n2459147560,Парканы,улица Чапаева,70,4,32.3,5.2943,,,False,True
n2459081129,Парканы,улица Чапаева,71,3,68.6,4.8064,,,False,True
n2323674225,Парканы,улица Чапаева,72,4,20.0,5.2943,,,False,True
n2459081119,Парканы,улица Чапаева,73,3,80.9,4.8064,,,False,True
n2323674226,Парканы,улица Чапаева,74,4,15.7,5.2943,,,False,True
n2459081114,Парканы,улица Чапаева,75,4,98.7,4.8064,,,False,True
n2459147561,Парканы,улица Чапаева,76,4,34.1,5.2943,,,False,True
n2459081109,Парканы,улица Чапаева,77,4,93.2,5.0075,,,False,True
n2459147562,Парканы,улица Чапаева,78,4,54.6,5.2943,,,False,True
n2459081103,Парканы,улица Чапаева,79,4,79.9,5.0075,,,False,True
n2459147563,Парканы,улица Чапаева,80,4,71.1,5.2943,,,False,True
n2459081098,Парканы,улица Чапаева,81,4,66.5,5.0075,,,False,True
n2459147565,Парканы,улица Чапаева,82,4,88.9,5.2943,,,False,True
n2459081093,Парканы,улица Чапаева,83,4,53.3,5.0075,,,False,True
n2459147566,Парканы,улица Чапаева,84,4,104.5,5.2943,,,False,True
n2459081089,Парканы,улица Чапаева,85,4,40.2,5.0075,,,False,True
n2459147567,Парканы,улица Чапаева,86,4,113.7,5.5086,,,False,True
n2323674223,Парканы,улица Чапаева,87,4,22.3,5.0075,,,False,True
n2459147569,Парканы,улица Чапаева,88,4,115.9,5.5086,,,False,True
n2323674224,Парканы,улица Чапаева,89,4,12.2,5.0075,,,False,True
n2459147570,Парканы,улица Чапаева,90,4,112.8,5.5862,,,False,True
n2459081149,Парканы,улица Чапаева,91,4,18.5,5.0075,,,False,True
n2459147572,Парканы,улица Чапаева,92,4,108.4,5.5862,,,False,True
n2459081153,Парканы,улица Чапаева,93,4,27.9,5.0075,,,False,True
n2459081158,Парканы,улица Чапаева,"93а,б",4,37.1,5.0075,,,False,True
n2459081162,Парканы,улица Чапаева,95,4,47.9,5.0075,,,False,True
n2459147574,Парканы,улица Чапаева,96,4,110.2,5.5862,,,False,True
n2459081167,Парканы,улица Чапаева,97,4,60.8,5.0075,,,False,True
n2459147575,Парканы,улица Чапаева,98,4,113.9,5.5862,,,False,True
n2459081173,Парканы,улица Чапаева,99,4,70.5,5.0075,,,False,True
n2459081177,Парканы,улица Чапаева,101,4,84.1,5.0075,,,False,True
n2459147577,Парканы,улица Чапаева,102,4,122.5,5.3479,,,False,True
n2459081182,Парканы,улица Чапаева,103,4,98.4,5.0075,,,False,True
n2459147579,Парканы,улица Чапаева,104,4,103.1,5.3479,,,False,True
n2459081187,Парканы,улица Чапаева,105,4,111.4,5.0075,,,False,True
n2459147580,Парканы,улица Чапаева,106,4,87.6,5.3479,,,False,True
n2459081196,Парканы,улица Чапаева,107,4,125.1,5.0075,,,False,True
n2459147581,Парканы,улица Чапаева,108,4,72.9,5.3479,,,False,True
n2459081202,Парканы,улица Чапаева,109,4,138.3,5.0075,,,False,True
n2459147582,Парканы,улица Чапаева,110,4,59.7,5.3479,,,False,True
n2459081206,Парканы,улица Чапаева,111,4,136.1,5.2943,,,False,True
n2459147584,Парканы,улица Чапаева,112,4,44.5,5.3479,,,False,True
n2459081209,Парканы,улица Чапаева,113,4,122.7,5.2943,,,False,True
n2459147585,Парканы,улица Чапаева,114,4,29.6,5.3479,,,False,True
n2459081212,Парканы,улица Чапаева,115,4,112.5,5.2943,,,False,True
n2459081217,Парканы,улица Чапаева,115а,4,98.0,5.2943,,,False,True
n2323674229,Парканы,улица Чапаева,116,4,16.6,5.3479,,,False,True
n2459081223,Парканы,улица Чапаева,117,4,86.8,5.2943,,,False,True
n2459081228,Парканы,улица Чапаева,119,4,74.6,5.2943,,,False,True
n2459081235,Парканы,улица Чапаева,121,4,63.5,5.2943,,,False,True
n2459081241,Парканы,улица Чапаева,123,4,50.3,5.2943,,,False,True
n2459081248,Парканы,улица Чапаева,125,4,37.3,5.2943,,,False,True
n2459147613,Парканы,улица Чапаева,126,4,79.3,5.3479,,,False,True
n2459081254,Парканы,улица Чапаева,127,4,25.0,5.2943,,,False,True
n2459081259,Парканы,улица Чапаева,129,4,14.8,5.2943,,,False,True
n2459147616,Парканы,улица Чапаева,130,4,40.3,5.5084,,,False,True
n2459147587,Парканы,улица Чапаева,131а,4,13.8,5.2943,,,False,True
n2459147617,Парканы,улица Чапаева,132,4,19.5,5.5084,,,False,True
n2459147588,Парканы,улица Чапаева,133,4,21.6,5.2943,,,False,True
n2345390240,Парканы,улица Чапаева,134,4,16.1,5.5084,,,False,True
n2459147589,Парканы,улица Чапаева,135,4,32.7,5.2943,,,False,True
n2459147591,Парканы,улица Чапаева,135а,4,45.4,5.2943,,,False,True
n2459147635,Парканы,улица Чапаева,136,4,33.8,5.5084,,,False,True
n2459147592,Парканы,улица Чапаева,137,4,59.8,5.2943,,,False,True
n2459147637,Парканы,улица Чапаева,138,4,52.8,5.5084,,,False,True
n2459147593,Парканы,улица Чапаева,139,4,72.1,5.2943,,,False,True
n2459147638,Парканы,улица Чапаева,140,4,78.5,5.5084,,,False,True
n2459147595,Парканы,улица Чапаева,143,4,87.9,5.2943,,,False,True
n2459147596,Парканы,улица Чапаева,145,4,100.7,5.2943,,,False,True
n2459147597,Парканы,улица Чапаева,147,4,115.1,5.2943,,,False,True
n2459147598,Парканы,улица Чапаева,149,4,129.1,5.2943,,,False,True
n2459147599,Парканы,улица Чапаева,151,4,139.1,5.5862,,,False,True
n2459147600,Парканы,улица Чапаева,153,4,134.6,5.5862,,,False,True
n2459147601,Парканы,улица Чапаева,155,4,133.8,5.5862,,,False,True
n2459147603,Парканы,улица Чапаева,159,4,131.9,5.5862,,,False,True
n2459147604,Парканы,улица Чапаева,161,4,133.8,5.5862,,,False,True
n2459147605,Парканы,улица Чапаева,163,4,138.1,5.5862,,,False,True
n2459147606,Парканы,улица Чапаева,165,4,132.6,5.3479,,,False,True
n2459147607,Парканы,улица Чапаева,167,4,116.8,5.3479,,,False,True
n2459147608,Парканы,улица Чапаева,169,4,102.2,5.3479,,,False,True
n2459147609,Парканы,улица Чапаева,171,4,89.8,5.3479,,,False,True
n2459147610,Парканы,улица Чапаева,173,4,74.2,5.3479,,,False,True
n2345390239,Парканы,улица Чапаева,175,4,60.9,5.3479,,,False,True
n2459147611,Парканы,улица Чапаева,177,4,45.4,5.3479,,,False,True
n2459147612,Парканы,улица Чапаева,179,4,30.4,5.3479,,,False,True
n2323674227,Парканы,улица Чапаева,181,4,16.9,5.3479,,,False,True
n2323674230,Парканы,улица Чапаева,185,4,13.7,5.3479,,,False,True
n2459147618,Парканы,улица Чапаева,187,4,24.9,5.3479,,,False,True
n2459147619,Парканы,улица Чапаева,189,4,41.2,5.3479,,,False,True
n2459147620,Парканы,улица Чапаева,191,4,51.7,5.3479,,,False,True
n2459147621,Парканы,улица Чапаева,193,4,68.9,5.3479,,,False,True
n2459147622,Парканы,улица Чапаева,195,4,78.6,5.5084,,,False,True
n2459147623,Парканы,улица Чапаева,197,4,61.9,5.5084,,,False,True
n2459147624,Парканы,улица Чапаева,199,4,45.7,5.5084,,,False,True
n2459147625,Парканы,улица Чапаева,201,4,21.0,5.5084,,,False,True
n2459147639,Парканы,улица Чапаева,203,4,12.3,5.5084,,,False,True
n2345390241,Парканы,улица Чапаева,205,4,20.6,5.5084,,,False,True
n2459147640,Парканы,улица Чапаева,207,4,30.4,5.5084,,,False,True
n2459147641,Парканы,улица Чапаева,209,4,40.9,5.5084,,,False,True
n2459147642,Парканы,улица Чапаева,211,4,51.7,5.5084,,,False,True
n2459147644,Парканы,улица Чапаева,213,4,60.6,5.5084,,,False,True
n2459147645,Парканы,улица Чапаева,215,4,71.9,5.5084,,,False,True
n2459265202,Парканы,улица Чапаева,217,4,83.3,5.5084,,,False,True
n2459265203,Парканы,улица Чапаева,219,4,94.2,5.5084,,,False,True
n2459265204,Парканы,улица Чапаева,221,4,104.3,5.5084,,,False,True
n2459265205,Парканы,улица Чапаева,223,4,114.4,5.5084,,,False,True
n2459265206,Парканы,улица Чапаева,225,4,125.6,5.5084,,,False,True
n2459265207,Парканы,улица Чапаева,227,4,132.6,5.7776,,,False,True
n4418842155,Парканы,улица Чапаева,227,4,129.9,5.6711,,,False,True
n2459265208,Парканы,улица Чапаева,229,4,129.8,5.7776,,,False,True
n2345390242,Парканы,улица Чапаева,231,4,127.5,5.7776,,,False,True
n2459265209,Парканы,улица Чапаева,233,4,130.1,5.7776,,,False,True
n2459265210,Парканы,улица Чапаева,235,4,133.4,5.7776,,,False,True
n2459265211,Парканы,улица Чапаева,237,4,138.0,5.7776,,,False,True
n2459265212,Парканы,улица Чапаева,239,4,138.6,5.8937,,,False,True
n2323674232,Парканы,улица Чапаева,241,4,24.4,5.9385,,,False,True
n2459265213,Парканы,улица Чапаева,241,4,133.8,5.8937,,,False,True
n2459760162,Парканы,улица Чехова,1а,2,11.3,3.6991,,,False,True
n2323407157,Парканы,улица Чехова,2,2,21.3,3.7035,,,False,True
n2459760159,Парканы,улица Чехова,3,2,17.0,3.7035,,,False,True
w315803558,Парканы,улица Чехова,3,2,22.7,3.7035,,,False,True
n2459760160,Парканы,улица Чехова,5,2,12.4,3.7035,,,False,True
n2459760165,Парканы,улица Чехова,7,3,23.2,3.7035,,,False,True
n2323407160,Парканы,улица Чехова,8,3,27.9,3.8347,,,False,True
n2459760167,Парканы,улица Чехова,9,3,40.2,3.7035,,,False,True
n2323407164,Парканы,улица Чехова,10,3,35.0,3.9759,,,False,True
n2459760168,Парканы,улица Чехова,11,3,59.3,3.7035,,,False,True
n2459760169,Парканы,улица Чехова,13,3,51.5,3.8347,,,False,True
n2323407289,Парканы,улица Чехова,15,3,30.6,3.8347,,,False,True
n2323407292,Парканы,улица Чехова,17,3,15.5,3.8818,,,False,True
n2459760170,Парканы,улица Чехова,19,3,12.1,3.8818,,,False,True
n2459760171,Парканы,улица Чехова,21,3,29.2,3.8818,,,False,True
n2459760172,Парканы,улица Чехова,23,3,44.0,3.8818,,,False,True
n2459760174,Парканы,улица Чехова,27,3,14.0,3.9759,,,False,True
n2459760175,Парканы,улица Чехова,29,3,12.9,3.9759,,,False,True
n4478932672,Парканы,улица Чехова,29,3,36.7,4.0437,,,False,True
n2459760176,Парканы,улица Чехова,31,3,32.5,3.9759,,,False,True
n2323407293,Парканы,улица Чехова,33,3,16.1,4.0437,,,False,True
n2323407299,Парканы,улица Чехова,35,3,8.7,4.3199,,,False,True
n2459760177,Парканы,улица Чехова,37,3,8.8,4.3766,,,False,True
n2323407300,Парканы,улица Чехова,39,3,20.2,4.4313,,,False,True
n2457786484,Парканы,улица Чехова,51,3,21.2,4.1113,,,False,True
n2457786485,Парканы,улица Чехова,53,3,17.5,4.1113,,,False,True
n5653833915,Парканы,улица Чехова,53,3,29.2,4.1113,,,False,True
n2457786486,Парканы,улица Чехова,55,3,31.7,4.1113,,,False,True
n2457786487,Парканы,улица Чехова,57,3,44.9,4.1271,,,False,True
n5653833603,Парканы,улица Чехова,57,3,44.4,4.1271,,,False,True
n2457786488,Парканы,улица Чехова,59,3,19.4,4.1271,,,False,True
w304873388,Парканы,улица Чехова,59,3,16.8,4.1271,,,False,True
n2457739763,Парканы,улица Чехова,60,3,25.5,4.1113,,,False,True
n2323407172,Парканы,улица Чехова,61,3,21.3,4.0437,,,False,True
w304249116,Парканы,улица Чехова,61,3,17.0,4.0437,,,False,True
n2457739762,Парканы,улица Чехова,62,3,42.2,4.1271,,,False,True
n5653833906,Парканы,улица Чехова,62,3,48.4,4.1271,,,False,True
n2323407294,Парканы,улица Чехова,63,3,42.3,4.0701,,,False,True
n5653835181,Парканы,улица Чехова,63,3,44.1,4.0437,,,False,True
n2457739761,Парканы,улица Чехова,64,3,15.4,4.1271,,,False,True
n2457822033,Парканы,улица Чехова,65,3,11.8,4.1588,,,False,True
n2457739760,Парканы,улица Чехова,66,3,6.3,4.1271,,,False,True
n2457739759,Парканы,улица Чехова,68,3,6.6,4.1026,,,False,True
n5653833907,Парканы,улица Чехова,68,3,25.0,4.1026,,,False,True
n2323407177,Парканы,улица Чехова,70,3,16.8,4.0701,,,False,True
n2323407295,Парканы,улица Чехова,72,3,21.5,4.0869,,,False,True
w284829120,Парканы,улица Чехова,73,3,19.5,4.1797,,,False,True
n2457838413,Парканы,улица Чехова,74,3,37.5,4.1588,,,False,True
n2323407189,Парканы,улица Чехова,75,3,16.4,4.3766,,,False,True
n2457838415,Парканы,улица Чехова,76,3,20.6,4.1588,,,False,True
n2457838418,Парканы,улица Чехова,78,3,13.9,4.1588,,,False,True
n2458660233,Парканы,улица Чехова,95,3,21.0,4.6041,,,False,True
n2323407230,Парканы,улица Чехова,97,3,21.2,4.6041,,,False,True
n2323152080,Парканы,улица Чкалова,1,3,27.2,4.0333,,,False,True
n2323152081,Парканы,улица Чкалова,2,3,34.2,4.0333,4.3842,0.3509,False,True
n2452549454,Парканы,улица Чкалова,3,3,36.7,4.0333,,,False,True
n2451248421,Парканы,улица Чкалова,4,3,52.1,4.0333,4.4035,0.3702,False,True
n2452549455,Парканы,улица Чкалова,5,3,48.3,4.0333,,,False,True
n2451248422,Парканы,улица Чкалова,6,3,70.8,4.0333,4.4229,0.3896,False,True
n2452549456,Парканы,улица Чкалова,7,3,60.4,4.0333,,,False,True
n2451248424,Парканы,улица Чкалова,10,3,98.7,4.228,4.4513,0.2233,False,True
n2451248425,Парканы,улица Чкалова,12,3,81.2,4.228,,,False,True
n2451248426,Парканы,улица Чкалова,14,3,66.2,4.228,,,False,True
n2452549460,Парканы,улица Чкалова,15,3,80.3,4.228,,,False,True
n2451248427,Парканы,улица Чкалова,16,3,54.7,4.228,,,False,True
n2452549461,Парканы,улица Чкалова,17,3,66.8,4.228,,,False,True
n2451248428,Парканы,улица Чкалова,18,3,41.6,4.228,,,False,True
n2452549462,Парканы,улица Чкалова,19,3,53.5,4.228,,,False,True
n2451248429,Парканы,улица Чкалова,20,3,28.0,4.228,,,False,True
n2452549463,Парканы,улица Чкалова,21,3,41.5,4.228,,,False,True
n2452549464,Парканы,улица Чкалова,21,3,26.5,4.228,,,False,True
n2451248430,Парканы,улица Чкалова,22,3,19.8,4.228,,,False,True
n2452549465,Парканы,улица Чкалова,23,3,14.0,4.228,,,False,True
n2451248431,Парканы,улица Чкалова,24,3,19.0,4.228,,,False,True
n2452549466,Парканы,улица Чкалова,25,3,12.1,4.228,,,False,True
n2452549467,Парканы,улица Чкалова,27,3,23.4,4.228,,,False,True
n2452549468,Парканы,улица Чкалова,29,3,37.0,4.228,,,False,True
n2451248434,Парканы,улица Чкалова,30,3,52.3,4.228,,,False,True
n2452549469,Парканы,улица Чкалова,31,3,49.7,4.228,,,False,True
n2452549470,Парканы,улица Чкалова,33,3,63.5,4.228,,,False,True
n2452549471,Парканы,улица Чкалова,35,3,55.8,4.3611,,,False,True
n2451248437,Парканы,улица Чкалова,36,3,48.0,4.3611,,,False,True
n2452549472,Парканы,улица Чкалова,37,3,42.2,4.3611,,,False,True
n2451248438,Парканы,улица Чкалова,38,3,36.6,4.3611,,,False,True
n2452549475,Парканы,улица Чкалова,39,3,27.7,4.3611,,,False,True
n2451248439,Парканы,улица Чкалова,40,3,25.9,4.3611,,,False,True
n2452549479,Парканы,улица Чкалова,41,3,15.0,4.3611,,,False,True
n2451248440,Парканы,улица Чкалова,42,3,18.9,4.3611,,,False,True
n2452549483,Парканы,улица Чкалова,43,3,11.5,4.3611,,,False,True
n2451248441,Парканы,улица Чкалова,44,3,21.4,4.3611,,,False,True
n2452549485,Парканы,улица Чкалова,45,3,18.0,4.3611,,,False,True
n2451248442,Парканы,улица Чкалова,46,3,29.4,4.3611,,,False,True
n2452549490,Парканы,улица Чкалова,47,3,30.7,4.3611,,,False,True
n2451248443,Парканы,улица Чкалова,48,3,40.0,4.3611,,,False,True
n2452549493,Парканы,улица Чкалова,49,3,42.8,4.3611,,,False,True
n2451248444,Парканы,улица Чкалова,50,3,50.4,4.3611,,,False,True
n2452549496,Парканы,улица Чкалова,51,3,57.1,4.3611,,,False,True
n2451248445,Парканы,улица Чкалова,52,3,64.7,4.3611,,,False,True
n2452549499,Парканы,улица Чкалова,53,3,70.2,4.3611,,,False,True
n2451248446,Парканы,улица Чкалова,54,3,68.5,4.5085,,,False,True
n2452549512,Парканы,улица Чкалова,55,3,65.4,4.5085,,,False,True
n2451248447,Парканы,улица Чкалова,56,3,48.6,4.5085,,,False,True
n2452549516,Парканы,улица Чкалова,57,3,51.1,4.5085,,,False,True
n2451248448,Парканы,улица Чкалова,58,3,29.8,4.5085,,,False,True
n2452549519,Парканы,улица Чкалова,59,3,38.3,4.5085,,,False,True
n2451248449,Парканы,улица Чкалова,60,3,18.3,4.5085,,,False,True
n2452549522,Парканы,улица Чкалова,61,3,25.2,4.5085,,,False,True
n2452525852,Парканы,улица Чкалова,62,3,26.1,4.5085,,,False,True
n2452549525,Парканы,улица Чкалова,63,3,16.2,4.5085,,,False,True
n2452525861,Парканы,улица Чкалова,64,3,46.4,4.5085,,,False,True
n2452549527,Парканы,улица Чкалова,65,3,21.5,4.5085,,,False,True
n2452525867,Парканы,улица Чкалова,66,3,68.3,4.5085,,,False,True
n2452549528,Парканы,улица Чкалова,67,3,37.5,4.5085,,,False,True
n2452525872,Парканы,улица Чкалова,68,3,65.0,4.6579,,,False,True
n2452549529,Парканы,улица Чкалова,69,3,54.7,4.5085,,,False,True
n2452525877,Парканы,улица Чкалова,70,3,40.8,4.6579,,,False,True
n2452549531,Парканы,улица Чкалова,71,3,71.5,4.5085,,,False,True
n2452525883,Парканы,улица Чкалова,72,3,26.7,4.6579,,,False,True
n2452549532,Парканы,улица Чкалова,73,3,67.7,4.6579,4.9136,0.2557,False,True
n2452525888,Парканы,улица Чкалова,74,3,18.3,4.6579,,,False,True
n2452549533,Парканы,улица Чкалова,75,3,49.5,4.6579,4.9327,0.2748,False,True
n2452525893,Парканы,улица Чкалова,76,3,28.5,4.6579,,,False,True
n2452549536,Парканы,улица Чкалова,77,3,34.9,4.6579,4.9498,0.2919,False,True
n2452525899,Парканы,улица Чкалова,78,3,47.0,4.6579,,,False,True
n2452549539,Парканы,улица Чкалова,79,3,21.3,4.6579,4.9676,0.3097,False,True
n2452525904,Парканы,улица Чкалова,80,3,72.1,4.6579,,,False,True
n2452549542,Парканы,улица Чкалова,81,3,18.4,4.6579,4.9845,0.3266,False,True
n2452525910,Парканы,улица Чкалова,82,3,86.6,4.7761,,,False,True
n2452549546,Парканы,улица Чкалова,83,3,27.9,4.6579,4.999,0.3411,False,True
n2452525915,Парканы,улица Чкалова,84,3,64.4,4.7761,,,False,True
n2452549549,Парканы,улица Чкалова,85,3,40.3,4.6579,5.0145,0.3566,False,True
n2452525920,Парканы,улица Чкалова,86,3,38.6,4.7761,,,False,True
n2452549552,Парканы,улица Чкалова,87,3,54.3,4.6579,5.0291,0.3712,False,True
n2452536232,Парканы,улица Чкалова,88,3,19.1,4.7761,,,False,True
n2452549555,Парканы,улица Чкалова,89,3,66.4,4.6579,5.0424,0.3845,False,True
n2452536231,Парканы,улица Чкалова,90,3,31.6,4.7761,,,False,True
n2452549559,Парканы,улица Чкалова,91,3,80.4,4.6579,,,False,True
n2323152083,Парканы,улица Чкалова,92,3,65.6,4.743,,,False,True
n2452549565,Парканы,улица Чкалова,95,3,73.4,4.7761,,,False,True
n2452549568,Парканы,улица Чкалова,97,3,62.9,4.7761,,,False,True
n2452549572,Парканы,улица Чкалова,99,3,50.4,4.7761,,,False,True
n2452549575,Парканы,улица Чкалова,101,3,37.5,4.7761,,,False,True
n2452549578,Парканы,улица Чкалова,103,3,23.3,4.7761,,,False,True
n2452549530,Парканы,улица Чкалова,105,3,19.5,4.7761,,,False,True
n2452552086,Парканы,улица Чкалова,107,3,34.7,4.7761,,,False,True
n2452552090,Парканы,улица Чкалова,109,3,55.5,4.7761,,,False,True
n2452552094,Парканы,улица Чкалова,111,3,66.7,4.8534,,,False,True
n2452552097,Парканы,улица Чкалова,113,3,50.1,4.8534,,,False,True
n2452552100,Парканы,улица Чкалова,115,3,32.6,4.8534,,,False,True
n2323152082,Парканы,улица Чкалова,117,3,20.6,4.8534,,,False,True
n2323407278,Парканы,улица Шевченко,1а,2,18.4,2.9731,,,False,True
n2323674201,Парканы,улица Шевченко,2,3,7.0,4.0484,,,False,True
n2323352001,Парканы,улица Шевченко,6,2,26.0,3.037,,,False,True
n2883806386,Парканы,улица Шевченко,7,2,52.4,3.2298,,,False,True
n2457622757,Парканы,улица Шевченко,8,3,40.0,3.7983,,,False,True
n2457615994,Парканы,улица Шевченко,9,2,32.2,3.2298,,,False,True
n2459417136,Парканы,улица Шевченко,10,2,75.1,3.1622,,,False,True
n2457615995,Парканы,улица Шевченко,11,2,17.8,3.2298,,,False,True
n2459417142,Парканы,улица Шевченко,12,2,55.6,3.1622,,,False,True
n2457615996,Парканы,улица Шевченко,13,2,8.6,3.2298,,,False,True
n2459417147,Парканы,улица Шевченко,14,2,40.5,3.1622,,,False,True
n2457615997,Парканы,улица Шевченко,15,2,18.5,3.2298,,,False,True
n2457615998,Парканы,улица Шевченко,19,2,30.1,3.2298,,,False,True
n2457615999,Парканы,улица Шевченко,21,2,44.2,3.2298,,,False,True
n2457616000,Парканы,улица Шевченко,23,2,58.4,3.2298,,,False,True
n2457616001,Парканы,улица Шевченко,25,2,73.4,3.3755,,,False,True
n2457616002,Парканы,улица Шевченко,27,2,51.4,3.3755,,,False,True
n2457616003,Парканы,улица Шевченко,29,2,34.9,3.3755,,,False,True
n2457616004,Парканы,улица Шевченко,31,2,18.1,3.3755,,,False,True
n2457616005,Парканы,улица Шевченко,33,2,8.5,3.3755,,,False,True
n2457616006,Парканы,улица Шевченко,35,2,24.8,3.3755,,,False,True
n2457616007,Парканы,улица Шевченко,37,2,39.6,3.4717,,,False,True
n2457616008,Парканы,улица Шевченко,39,2,20.3,3.4717,,,False,True
n2457616009,Парканы,улица Шевченко,41,2,10.9,3.4717,,,False,True
n2457616010,Парканы,улица Шевченко,43,2,29.3,3.4717,,,False,True
n2457616011,Парканы,улица Шевченко,45,2,44.0,3.4717,,,False,True
n2457622745,Парканы,улица Шевченко,47,2,46.5,3.5893,,,False,True
n2457622746,Парканы,улица Шевченко,49,2,25.4,3.5893,,,False,True
n2457622747,Парканы,улица Шевченко,51,2,11.0,3.5893,,,False,True
n2457622751,Парканы,улица Шевченко,59,2,24.0,3.5893,,,False,True
n2457622753,Парканы,улица Шевченко,63,2,47.7,3.5893,,,False,True
n2457622754,Парканы,улица Шевченко,65,2,55.2,3.7162,,,False,True
n2457622755,Парканы,улица Шевченко,65,2,30.3,3.7162,,,False,True
n2457622756,Парканы,улица Шевченко,67,2,12.2,3.7162,,,False,True
w285017217,Парканы,улица Шевченко,69,3,28.0,3.7162,,,False,True
n2457622758,Парканы,улица Шевченко,71,3,32.8,3.7162,,,False,True
n2457622760,Парканы,улица Шевченко,75,3,36.7,3.7983,,,False,True
n2457622761,Парканы,улица Шевченко,77,3,15.7,3.7983,,,False,True
n2457622762,Парканы,улица Шевченко,79,3,14.4,3.8133,,,False,True
n2457622928,Парканы,улица Шевченко,81,3,13.4,3.8403,,,False,True
n2323352015,Парканы,улица Энгельса,1,3,31.4,3.7701,,,False,True
n2323352016,Парканы,улица Энгельса,2,3,34.1,3.7701,,,False,True
n2458498650,Парканы,улица Энгельса,3,3,48.6,3.9255,,,False,True
n2458498651,Парканы,улица Энгельса,4,3,48.4,3.7701,,,False,True
n2458498649,Парканы,улица Энгельса,5,3,10.7,3.9255,,,False,True
n2458498652,Парканы,улица Энгельса,6,3,64.1,3.7701,,,False,True
n2458498648,Парканы,улица Энгельса,7,3,48.6,3.9255,,,False,True
n2458498653,Парканы,улица Энгельса,8,3,77.3,3.7701,,,False,True
n2458498638,Парканы,улица Энгельса,9,3,78.0,3.9255,,,False,True
n2458498647,Парканы,улица Энгельса,10,3,64.6,3.9255,,,False,True
n2458498637,Парканы,улица Энгельса,11,3,134.5,3.898,,,False,True
n2458498646,Парканы,улица Энгельса,12,3,35.5,3.9255,,,False,True
n2458498636,Парканы,улица Энгельса,13,3,134.5,3.985,,,False,True
n2458498645,Парканы,улица Энгельса,14,3,11.7,3.9255,,,False,True
n2458498635,Парканы,улица Энгельса,15,3,131.8,3.985,,,False,True
n2458498644,Парканы,улица Энгельса,16,3,85.9,3.9255,,,False,True
n2458498634,Парканы,улица Энгельса,17,3,137.2,3.985,,,False,True
n2458498643,Парканы,улица Энгельса,18,3,98.8,3.9255,,,False,True
n2458498629,Парканы,улица Энгельса,19,3,133.2,4.334,,,False,True
n2458498642,Парканы,улица Энгельса,20,3,111.1,3.9255,,,False,True
n2458498628,Парканы,улица Энгельса,21,3,121.5,4.334,,,False,True
n2458498641,Парканы,улица Энгельса,22,3,137.0,3.9255,,,False,True
n2458498620,Парканы,улица Энгельса,23,3,106.4,4.334,,,False,True
n2458498640,Парканы,улица Энгельса,24,3,150.5,3.898,,,False,True
n2458493031,Парканы,улица Энгельса,25,3,90.2,4.334,,,False,True
n2458498639,Парканы,улица Энгельса,26,3,152.6,3.898,,,False,True
n2458493030,Парканы,улица Энгельса,27,3,77.4,4.334,,,False,True
n2458498633,Парканы,улица Энгельса,28,3,153.3,3.985,,,False,True
n2458493029,Парканы,улица Энгельса,29,3,66.0,4.334,,,False,True
n2458498632,Парканы,улица Энгельса,30,3,153.7,3.985,,,False,True
n2458493028,Парканы,улица Энгельса,31,3,51.0,4.334,,,False,True
n2458498631,Парканы,улица Энгельса,32,3,152.5,3.985,,,False,True
n2458493027,Парканы,улица Энгельса,33,3,38.3,4.334,,,False,True
n2458498630,Парканы,улица Энгельса,34,3,155.6,3.985,,,False,True
n2458493026,Парканы,улица Энгельса,35,3,26.1,4.334,,,False,True
n2458498627,Парканы,улица Энгельса,36,3,152.5,4.334,,,False,True
n2458493025,Парканы,улица Энгельса,37,3,10.7,4.334,,,False,True
n2458498626,Парканы,улица Энгельса,38,3,140.6,4.334,,,False,True
n2458493024,Парканы,улица Энгельса,39,3,22.0,4.334,,,False,True
n2458498625,Парканы,улица Энгельса,40,3,113.5,4.334,,,False,True
n2458493023,Парканы,улица Энгельса,41,3,34.6,4.334,,,False,True
n2458498624,Парканы,улица Энгельса,42,3,92.2,4.334,,,False,True
n2458493016,Парканы,улица Энгельса,43,3,49.1,4.334,,,False,True
n2458498623,Парканы,улица Энгельса,44,3,69.4,4.334,,,False,True
n2458493015,Парканы,улица Энгельса,45,3,64.3,4.334,,,False,True
n2458498621,Парканы,улица Энгельса,46,3,45.5,4.334,,,False,True
n2458498622,Парканы,улица Энгельса,46а,3,55.8,4.334,,,False,True
n4393903884,Парканы,улица Энгельса,46а,3,157.1,4.334,,,False,True
n2458493014,Парканы,улица Энгельса,47,3,80.9,4.334,,,False,True
n2458493022,Парканы,улица Энгельса,48,3,22.1,4.334,,,False,True
n2458493012,Парканы,улица Энгельса,49,3,93.2,4.334,,,False,True
n2458493021,Парканы,улица Энгельса,50,3,10.6,4.334,,,False,True
n2458493013,Парканы,улица Энгельса,51,3,119.2,4.334,,,False,True
n2458493020,Парканы,улица Энгельса,52,3,19.8,4.334,,,False,True
n2458493006,Парканы,улица Энгельса,53,3,150.4,4.2877,,,False,True
n2458493019,Парканы,улица Энгельса,54,3,30.7,4.334,,,False,True
n2458493005,Парканы,улица Энгельса,55,3,153.9,4.2877,,,False,True
n2458493018,Парканы,улица Энгельса,56,3,39.7,4.334,,,False,True
n2458493004,Парканы,улица Энгельса,57,3,150.5,4.2986,,,False,True
n2458493017,Парканы,улица Энгельса,58,3,53.8,4.334,,,False,True
n2458492995,Парканы,улица Энгельса,59,3,139.3,4.3199,,,False,True
n2458493011,Парканы,улица Энгельса,60,3,76.2,4.334,,,False,True
n2458492994,Парканы,улица Энгельса,61,3,128.0,4.3199,,,False,True
n2458493010,Парканы,улица Энгельса,62,3,104.6,4.334,,,False,True
n2458492993,Парканы,улица Энгельса,63,3,115.8,4.3199,,,False,True
n2458493009,Парканы,улица Энгельса,64,3,128.3,4.334,,,False,True
n2458492992,Парканы,улица Энгельса,65,3,103.0,4.3766,,,False,True
n4393903883,Парканы,улица Энгельса,65,3,141.0,4.2986,,,False,True
n2458493008,Парканы,улица Энгельса,66,3,141.1,4.334,,,False,True
n2458492991,Парканы,улица Энгельса,67,3,82.0,4.3766,,,False,True
n2458493007,Парканы,улица Энгельса,68,3,156.7,4.334,,,False,True
n2458492990,Парканы,улица Энгельса,69,3,69.3,4.3766,5.0024,0.6258,True,True
n2458493003,Парканы,улица Энгельса,70,3,171.3,4.3766,,,False,True
n2458492989,Парканы,улица Энгельса,71,3,53.6,4.3766,4.9868,0.6102,True,True
n2458492988,Парканы,улица Энгельса,71а,3,42.1,4.3766,,,False,True
n2458493002,Парканы,улица Энгельса,72,3,160.1,4.3766,,,False,True
n2458492987,Парканы,улица Энгельса,73,3,29.3,4.3766,,,False,True
n2458493000,Парканы,улица Энгельса,74,3,118.0,4.3766,5.0492,0.6726,True,True
n2458493001,Парканы,улица Энгельса,74а,3,141.8,4.3766,,,False,True
n2458492999,Парканы,улица Энгельса,76,3,106.1,4.3766,5.0371,0.6605,True,True
n2458492998,Парканы,улица Энгельса,78,3,93.3,4.3766,5.0241,0.6475,True,True
n2458492997,Парканы,улица Энгельса,80,3,77.9,4.3766,,,False,True
n2458492996,Парканы,улица Энгельса,82,3,66.5,4.3926,,,False,True
n2458492986,Парканы,улица Энгельса,84,3,52.8,4.3926,,,False,True
n2458492985,Парканы,улица Энгельса,86,3,37.5,4.3926,,,False,True
n2323407192,Парканы,улица Энгельса,88,3,14.4,4.3926,,,False,True
n2458492984,Парканы,улица Энгельса,88а,3,23.6,4.3926,,,False,True
w353259234,Протягайловка,Банный переулок,1,4,15.4,6.2156,6.9109,0.6953,True,True
w356957296,Протягайловка,Банный переулок,3,4,44.8,6.1246,6.9609,0.8363,True,True
n2337938419,Протягайловка,Банный переулок,5,4,26.3,6.1131,7.0235,0.9104,True,True
n2337938418,Протягайловка,Банный переулок,9,4,23.1,6.0454,7.0843,1.0389,True,True
n2337938422,Протягайловка,Банный переулок,105,4,29.8,6.2795,6.8706,0.5911,False,True
w352162004,Протягайловка,Гербовецкая улица,2,4,21.4,5.3414,5.8464,0.505,False,True
n2337964959,Протягайловка,Гербовецкая улица,3,4,6.4,5.3652,5.8611,0.4959,False,True
w224936654,Протягайловка,Гербовецкая улица,11,4,16.2,5.8452,6.342,0.4968,False,True
w224936656,Протягайловка,Гербовецкая улица,15,4,31.5,6.0347,6.5232,0.4885,False,True
w352158436,Протягайловка,Гербовецкая улица,32,4,18.3,5.3652,5.8554,0.4902,False,True
w352158439,Протягайловка,Гербовецкая улица,34,4,28.8,5.3673,5.8757,0.5084,False,True
w352158450,Протягайловка,Гербовецкая улица,36,4,36.9,5.3673,5.892,0.5247,False,True
w352158444,Протягайловка,Гербовецкая улица,38,4,59.7,5.3673,5.9179,0.5506,True,True
w352158464,Протягайловка,Гербовецкая улица,39,4,25.2,5.732,6.2065,0.4745,False,True
w352158442,Протягайловка,Гербовецкая улица,40,4,73.1,5.3673,5.9334,0.5661,True,True
w352158458,Протягайловка,Гербовецкая улица,41,4,13.6,5.732,6.2268,0.4948,False,True
w352158434,Протягайловка,Гербовецкая улица,42,4,69.0,5.5164,5.948,0.4316,False,True
w224936649,Протягайловка,Гербовецкая улица,43,4,62.4,5.9568,6.4045,0.4477,False,True
w352158431,Протягайловка,Гербовецкая улица,44,4,46.5,5.5164,5.9726,0.4562,False,True
w352158480,Протягайловка,Гербовецкая улица,45,4,19.6,5.8363,6.3508,0.5145,False,True
w352158426,Протягайловка,Гербовецкая улица,46,4,33.5,5.5164,5.9889,0.4725,False,True
w352160183,Протягайловка,Гербовецкая улица,47,4,31.5,5.8363,6.3597,0.5234,False,True
w352158429,Протягайловка,Гербовецкая улица,48,4,28.2,5.5164,6.001,0.4846,False,True
w352160184,Протягайловка,Гербовецкая улица,49,4,46.9,5.8363,6.377,0.5407,False,True
w352156653,Протягайловка,Гербовецкая улица,50,4,19.6,5.5164,6.0128,0.4964,False,True
w352156651,Протягайловка,Гербовецкая улица,52,4,32.4,5.5164,6.0332,0.5168,False,True
w352156650,Протягайловка,Гербовецкая улица,54,4,32.1,5.581,6.0541,0.4731,False,True
w352160189,Протягайловка,Гербовецкая улица,55,4,98.8,5.8363,6.4275,0.5912,True,True
w315108146,Протягайловка,Гербовецкая улица,58,4,41.3,5.741,6.195,0.454,False,True
w315108143,Протягайловка,Гербовецкая улица,60,4,22.2,5.741,6.2437,0.5027,False,True
w315108139,Протягайловка,Гербовецкая улица,62,4,17.4,5.7665,6.2593,0.4928,False,True
w315108091,Протягайловка,Гербовецкая улица,64,4,16.5,5.8025,6.3072,0.5047,False,True
w315108090,Протягайловка,Гербовецкая улица,66,4,18.5,5.8285,6.3268,0.4983,False,True
w315108089,Протягайловка,Гербовецкая улица,68,4,21.0,5.8285,6.3299,0.5014,False,True
w352341358,Протягайловка,Гербовецкая улица,69,4,123.8,6.2229,6.5435,0.3206,False,True
w315107914,Протягайловка,Гербовецкая улица,70,4,29.9,5.8363,6.3496,0.5133,False,True
w319386383,Протягайловка,Гербовецкая улица,72,4,45.6,5.8363,6.3736,0.5373,False,True
w352341360,Протягайловка,Гербовецкая улица,73,4,95.7,6.1721,6.5765,0.4044,False,True
w319386384,Протягайловка,Гербовецкая улица,76,4,63.5,5.8363,6.3912,0.5549,False,True
w352680192,Протягайловка,Гербовецкая улица,77,4,62.8,6.1721,6.6102,0.4381,False,True
w319386385,Протягайловка,Гербовецкая улица,78,4,82.9,5.8363,6.41,0.5737,False,True
w352339715,Протягайловка,Гербовецкая улица,84,4,100.5,6.3364,6.4655,0.1291,False,True
w352339716,Протягайловка,Гербовецкая улица,86,4,97.6,6.3364,6.48,0.1436,False,True
n2337948165,Протягайловка,Гербовецкая улица,87,4,21.2,6.1764,6.6742,0.4978,False,True
w352339722,Протягайловка,Гербовецкая улица,96,4,59.3,6.2229,6.5948,0.3719,False,True
n2337948164,Протягайловка,Гербовецкая улица,98,4,25.9,6.1721,6.6475,0.4754,False,True
w352339720,Протягайловка,Гербовецкая улица,98а,4,88.9,6.3364,6.527,0.1906,False,True
n2337948163,Протягайловка,Гербовецкая улица,100,4,15.4,6.1764,6.6841,0.5077,False,True
n2337938423,Протягайловка,Гербовецкая улица,103,4,29.4,6.2795,6.8241,0.5446,False,True
n2337938424,Протягайловка,Гербовецкая улица,112,4,14.0,6.2795,6.8484,0.5689,False,True
w424796429,Протягайловка,Гербовецкая улица,115,4,71.5,6.4811,6.9772,0.4961,False,True
w424796430,Протягайловка,Гербовецкая улица,117,4,56.2,6.4811,6.9929,0.5118,False,True
w424796431,Протягайловка,Гербовецкая улица,119,4,39.5,6.4811,7.0105,0.5294,False,True
w424796432,Протягайловка,Гербовецкая улица,121,4,28.4,6.4811,7.0269,0.5458,False,True
w443454569,Протягайловка,Гербовецкая улица,157,4,55.5,6.9459,7.4583,0.5124,False,True
n2337934506,Протягайловка,Гербовецкая улица,173,4,20.8,6.9275,7.649,0.7215,True,True
n2337934507,Протягайловка,Гербовецкая улица,180,4,26.5,6.9459,7.4865,0.5406,False,True
n2337934505,Протягайловка,Гербовецкая улица,198,4,24.4,6.8823,7.6627,0.7804,True,True
w353042920,Протягайловка,Гербовецкий переулок,2а,4,25.8,5.0281,6.1381,1.11,True,True
w352628941,Протягайловка,Гербовецкий переулок,3,4,59.4,5.3302,5.88,0.5498,True,True
w352366732,Протягайловка,Гербовецкий переулок,4,4,60.6,5.3673,5.8987,0.5314,False,True
w352630227,Протягайловка,Гербовецкий переулок,5,4,73.2,5.2124,5.9079,0.6955,True,True
w352630226,Протягайловка,Гербовецкий переулок,7,4,53.7,5.2124,5.9268,0.7144,True,True
w352633546,Протягайловка,Гербовецкий переулок,8,4,28.9,5.2037,6.0103,0.8066,True,True
w401161031,Протягайловка,Гербовецкий переулок,9,4,30.9,5.2124,5.9503,0.7379,True,True
w352633545,Протягайловка,Гербовецкий переулок,10,4,32.3,5.0889,6.0868,0.9979,True,True
w352633549,Протягайловка,Гербовецкий переулок,11,4,49.3,5.0889,6.055,0.9661,True,True
w352633543,Протягайловка,Гербовецкий переулок,12,4,42.7,5.0516,6.1359,1.0843,True,True
w352633550,Протягайловка,Гербовецкий переулок,13,4,38.7,5.0889,6.0706,0.9817,True,True
w353042921,Протягайловка,Гербовецкий переулок,78,4,26.3,5.0175,6.1377,1.1202,True,True
w450204067,Протягайловка,Главная улица,1,4,47.7,6.0061,7.203,1.1969,True,True
n2337985528,Протягайловка,Главная улица,2а,3,20.4,4.3852,4.555,0.1698,False,True
w450204069,Протягайловка,Главная улица,3,4,33.9,6.1189,7.2362,1.1173,True,True
w589383529,Протягайловка,Главная улица,7,4,34.9,6.1189,7.3018,1.1829,True,True
w353044310,Протягайловка,Главная улица,24,3,17.3,4.3117,4.4839,0.1722,False,True
n2337964962,Протягайловка,Главная улица,46,3,58.2,4.6281,4.8495,0.2214,False,True
n2337964963,Протягайловка,Главная улица,49,3,42.7,4.6281,4.8356,0.2075,False,True
w353054609,Протягайловка,Главная улица,67,3,40.7,4.9633,5.092,0.1287,False,True
w353046241,Протягайловка,Главная улица,69,3,21.9,4.9633,5.119,0.1557,False,True
w353042928,Протягайловка,Главная улица,70,3,31.8,4.9633,5.1059,0.1426,False,True
w353042927,Протягайловка,Главная улица,72,3,20.0,4.9633,5.122,0.1587,False,True
w353042925,Протягайловка,Главная улица,74,3,19.5,4.9633,5.141,0.1777,False,True
w353042924,Протягайловка,Главная улица,76,3,31.3,4.9633,5.1552,0.1919,False,True
w353046235,Протягайловка,Главная улица,77,4,21.1,5.0281,6.1721,1.144,True,True
w353046237,Протягайловка,Главная улица,79,4,19.7,5.0516,6.181,1.1294,True,True
w352680191,Протягайловка,Главная улица,80,4,35.4,5.0516,6.1937,1.1421,True,True
w353258566,Протягайловка,Главная улица,81,4,40.4,5.0516,6.2055,1.1539,True,True
w352736528,Протягайловка,Главная улица,82,4,42.3,5.1325,6.2202,1.0877,True,True
w352736532,Протягайловка,Главная улица,84,4,17.6,5.1325,6.2414,1.1089,True,True
w352736531,Протягайловка,Главная улица,86,4,18.7,5.1325,6.2518,1.1193,True,True
w352736530,Протягайловка,Главная улица,88,4,29.9,5.1325,6.2752,1.1427,True,True
w353258939,Протягайловка,Главная улица,93,4,26.2,5.1977,6.3357,1.138,True,True
w353043455,Протягайловка,Главная улица,96,4,26.5,5.1977,6.3178,1.1201,True,True
w353043457,Протягайловка,Главная улица,98,4,30.8,5.1977,6.333,1.1353,True,True
n2337951352,Протягайловка,Главная улица,111,4,28.7,5.4484,6.5512,1.1028,True,True
n2337951349,Протягайловка,Главная улица,126,4,14.8,5.4151,6.5219,1.1068,True,True
n2337948154,Протягайловка,Главная улица,157,4,16.3,5.8281,7.2927,1.4646,True,True
n2337948153,Протягайловка,Главная улица,159,4,27.1,5.8742,7.2491,1.3749,True,True
n2337948155,Протягайловка,Главная улица,168,4,7.8,5.8644,7.2597,1.3953,True,True
n2337938412,Протягайловка,Главная улица,171,4,18.1,5.9868,7.143,1.1562,True,True
n4988630634,Протягайловка,Главная улица,172,4,10.4,5.8644,7.2578,1.3934,True,True
n2337934503,Протягайловка,Главная улица,175,4,19.9,6.8565,7.754,0.8975,True,True
n2337938413,Протягайловка,Главная улица,178,4,15.0,5.9602,7.155,1.1948,True,True
n2337934511,Протягайловка,Главная улица,180,4,13.8,6.0061,7.1637,1.1576,True,True
n2337934510,Протягайловка,Главная улица,189,4,27.7,6.1569,7.3231,1.1662,True,True
n2337934509,Протягайловка,Главная улица,195,4,20.0,6.2276,7.3673,1.1397,True,True
n2337934499,Протягайловка,Главная улица,200,4,11.9,6.8579,7.7107,0.8528,True,True
n5108197333,Протягайловка,Главная улица,201,4,49.7,6.2507,7.4432,1.1925,True,True
n5108197536,Протягайловка,Главная улица,204,4,51.8,6.3935,7.4927,1.0992,True,True
n2337934508,Протягайловка,Главная улица,238,4,23.8,5.9313,7.1876,1.2563,True,True
n2337934504,Протягайловка,Главная улица,263,4,36.8,6.8565,7.7601,0.9036,True,True
w353054733,Протягайловка,Главный переулок,1,4,12.7,5.0872,6.2498,1.1626,True,True
w353046234,Протягайловка,Главный переулок,2,4,26.9,5.0872,6.2516,1.1644,True,True
w353054734,Протягайловка,Главный переулок,3,4,34.7,5.0872,6.2752,1.188,True,True
w353143172,Протягайловка,Главный переулок,4,4,29.0,5.1568,6.2925,1.1357,True,True
w353143173,Протягайловка,Главный переулок,5,4,16.8,5.1568,6.3105,1.1537,True,True
w353143627,Протягайловка,Главный переулок,6,4,30.8,5.1568,6.339,1.1822,True,True
w353143544,Протягайловка,Главный переулок,7,4,33.3,5.1568,6.3401,1.1833,True,True
n2337985527,Протягайловка,Комсомольская улица,1,3,23.0,4.6258,4.8942,0.2684,False,True
n2337985520,Протягайловка,Комсомольская улица,2,3,25.1,4.5374,4.8488,0.3114,False,True
n2337985521,Протягайловка,Комсомольская улица,3,3,27.4,4.5374,4.8471,0.3097,False,True
n2337985506,Протягайловка,Комсомольская улица,10,4,17.4,5.1068,5.7944,0.6876,True,True
n2337985517,Протягайловка,Комсомольская улица,14,3,26.5,4.6806,4.9465,0.2659,False,True
n2337985516,Протягайловка,Комсомольская улица,19,3,14.7,4.6806,4.9688,0.2882,False,True
w352325330,Протягайловка,Комсомольская улица,20,3,18.8,4.7227,5.0078,0.2851,False,True
n2337985514,Протягайловка,Комсомольская улица,32,3,58.5,4.8844,5.1154,0.231,False,True
w352322795,Протягайловка,Комсомольская улица,36,3,29.0,4.8844,5.1491,0.2647,False,True
n2337985515,Протягайловка,Комсомольская улица,37,3,53.5,4.761,5.0966,0.3356,False,True
w352631872,Протягайловка,Комсомольская улица,53,3,55.4,5.0277,5.264,0.2363,False,True
w352318007,Протягайловка,Комсомольская улица,60,4,20.1,5.124,5.7663,0.6423,True,True
w352161718,Протягайловка,Комсомольская улица,62,3,24.0,5.124,5.7444,0.6204,True,True
w352161716,Протягайловка,Комсомольская улица,64,3,22.0,5.1943,5.7077,0.5134,False,True
n2337985508,Протягайловка,Комсомольская улица,65,4,43.4,5.0277,5.8176,0.7899,True,True
w352630240,Протягайловка,Комсомольская улица,71,3,11.1,5.1585,5.7189,0.5604,True,True
n2337964966,Протягайловка,Комсомольский переулок,1,4,18.8,5.5113,6.0157,0.5044,False,True
w352628940,Протягайловка,Комсомольский переулок,1,4,22.0,5.3489,5.8393,0.4904,False,True
n2337964967,Протягайловка,Комсомольский переулок,2,4,10.1,5.5289,6.0211,0.4922,False,True
n2337964968,Протягайловка,Комсомольский переулок,4,4,22.8,5.5113,6.0008,0.4895,False,True
n2337964969,Протягайловка,Комсомольский переулок,8,4,13.9,5.4373,5.9318,0.4945,False,True
n2337964965,Протягайловка,Комсомольский переулок,9,4,24.6,5.3806,5.891,0.5104,False,True
n2337964964,Протягайловка,Комсомольский переулок,13,4,33.2,5.3806,5.8652,0.4846,False,True
n2337934500,Протягайловка,Лесовая улица,1,4,35.0,6.8579,7.7137,0.8558,True,True
n2337934501,Протягайловка,Лесовая улица,2,4,25.5,6.8823,7.7048,0.8225,True,True
n2337929303,Протягайловка,Лесовая улица,12,4,19.1,7.0265,7.812,0.7855,True,True
n2337929302,Протягайловка,Лесовая улица,14,4,22.0,7.0265,7.8464,0.8199,True,True
w421314032,Протягайловка,Лесовая улица,45,4,13.8,7.5504,8.3439,0.7935,True,True
w421314030,Протягайловка,Лесовая улица,47,4,27.6,7.5504,8.3727,0.8223,True,True
w421314029,Протягайловка,Лесовая улица,49,4,46.1,7.5504,8.3943,0.8439,True,True
w421314028,Протягайловка,Лесовая улица,51,4,29.8,7.638,8.4117,0.7737,True,True
w421314026,Протягайловка,Лесовая улица,53,4,23.0,7.638,8.4235,0.7855,True,True
n2337929295,Протягайловка,Лесовая улица,55,4,26.2,7.638,8.4612,0.8232,True,True
n2337929297,Протягайловка,Лесовая улица,58,4,33.1,7.638,8.4118,0.7738,True,True
w489021267,Протягайловка,Лесовая улица,70,4,32.8,7.638,8.4551,0.8171,True,True
n2337929292,Протягайловка,Лесовая улица,80,4,21.0,7.8501,8.6146,0.7645,False,True
w284637204,Протягайловка,Луговая улица,1,4,38.8,5.9553,6.4166,0.4613,False,True
w284637205,Протягайловка,Луговая улица,3,4,53.2,5.9417,6.4216,0.4799,False,True
w284637255,Протягайловка,Луговая улица,9,4,56.9,5.7785,6.3254,0.5469,False,True
w318344309,Протягайловка,Луговая улица,11,4,63.4,5.7785,6.3053,0.5268,False,True
w318344310,Протягайловка,Луговая улица,13,4,73.1,5.7671,6.2865,0.5194,False,True
w352326949,Протягайловка,Луговая улица,15,4,66.5,5.7766,6.2684,0.4918,False,True
w352326950,Протягайловка,Луговая улица,17,4,47.5,5.7766,6.2471,0.4705,False,True
n5415952341,Протягайловка,Луговая улица,19,4,28.1,5.7766,6.2246,0.448,False,True
w352326951,Протягайловка,Луговая улица,21,4,27.1,5.7766,6.2084,0.4318,False,True
w352326952,Протягайловка,Луговая улица,23,4,33.0,5.7766,6.1861,0.4095,False,True
w352326941,Протягайловка,Луговая улица,35,4,27.1,5.72,6.2242,0.5042,False,True
w644885224,Протягайловка,Луговая улица,39,4,47.6,5.72,6.1832,0.4632,False,True
w352326942,Протягайловка,Луговая улица,43,4,75.1,5.72,6.1441,0.4241,False,True
w352326945,Протягайловка,Луговая улица,47,4,62.0,5.5462,6.1007,0.5545,False,True
w352326946,Протягайловка,Луговая улица,49,4,44.3,5.5462,6.0816,0.5354,False,True
w352326947,Протягайловка,Луговая улица,51,4,27.1,5.5462,6.0619,0.5157,False,True
w316845675,Протягайловка,Мирная улица,30,4,38.6,7.7077,8.9972,1.2895,True,True
w352346388,Протягайловка,Молодёжная улица,19,4,21.3,6.2011,6.7305,0.5294,False,True
w352346386,Протягайловка,Молодёжная улица,58,4,18.5,6.172,6.6845,0.5125,False,True
w352348453,Протягайловка,Молодёжная улица,60,4,26.1,6.172,6.69,0.518,False,True
w352334990,Протягайловка,Молодёжный переулок,1,4,15.4,6.3065,6.8034,0.4969,False,True
w352346396,Протягайловка,Молодёжный переулок,2,4,25.7,6.3435,6.8404,0.4969,False,True
w352334988,Протягайловка,Молодёжный переулок,3,4,27.1,6.3065,6.8034,0.4969,False,True
w352346375,Протягайловка,Молодёжный переулок,4,4,24.1,6.2891,6.7668,0.4777,False,True
w352341364,Протягайловка,Молодёжный переулок,5,4,22.1,6.2891,6.7915,0.5024,False,True
w352341366,Протягайловка,Молодёжный переулок,7,4,27.9,6.2891,6.7626,0.4735,False,True
w352341370,Протягайловка,Молодёжный переулок,39,4,24.8,6.172,6.6907,0.5187,False,True
w352156646,Протягайловка,Первомайская улица,2,4,16.2,5.6182,6.1146,0.4964,False,True
w352156639,Протягайловка,Первомайская улица,4,4,21.0,5.6523,6.1447,0.4924,False,True
w224936651,Протягайловка,Первомайская улица,5,4,16.8,5.7638,6.2717,0.5079,False,True
w318344384,Протягайловка,Первомайская улица,6,4,24.3,5.6523,6.1623,0.51,False,True
w224936652,Протягайловка,Первомайская улица,7,4,20.9,5.8309,6.3128,0.4819,False,True
w352156642,Протягайловка,Первомайская улица,8,4,39.6,5.728,6.19,0.462,False,True
w224936653,Протягайловка,Первомайская улица,9,4,26.6,5.8309,6.3689,0.538,False,True
w352156644,Протягайловка,Первомайская улица,10,4,24.9,5.728,6.2073,0.4793,False,True
w352042424,Протягайловка,Первомайская улица,14,4,31.8,5.7383,6.2585,0.5202,False,True
w224936657,Протягайловка,Первомайская улица,15,4,34.8,6.0347,6.5034,0.4687,False,True
w352042425,Протягайловка,Первомайская улица,16,4,47.8,5.7383,6.2781,0.5398,False,True
w224936658,Протягайловка,Первомайская улица,17,4,28.2,5.9144,6.427,0.5126,False,True
w352042542,Протягайловка,Первомайская улица,18,4,51.5,5.8453,6.296,0.4507,False,True
w352042423,Протягайловка,Первомайская улица,19,4,47.5,5.9144,6.455,0.5406,False,True
w352160026,Протягайловка,Первомайская улица,20,4,30.0,5.8453,6.3184,0.4731,False,True
w352042429,Протягайловка,Первомайская улица,21,4,69.4,5.9144,6.478,0.5636,False,True
w352042430,Протягайловка,Первомайская улица,23,4,54.9,6.053,6.4986,0.4456,False,True
w352160045,Протягайловка,Первомайская улица,24,4,24.3,5.8453,6.3533,0.508,False,True
w352042431,Протягайловка,Первомайская улица,25,4,36.0,6.053,6.5171,0.4641,False,True
w352160050,Протягайловка,Первомайская улица,26,4,35.3,5.8453,6.3681,0.5228,False,True
w352333655,Протягайловка,Первомайская улица,28,4,26.1,5.9144,6.3922,0.4778,False,True
w352333662,Протягайловка,Первомайская улица,30,4,14.7,5.9144,6.4084,0.494,False,True
w352333663,Протягайловка,Первомайская улица,32,4,17.0,5.9144,6.4226,0.5082,False,True
w352333664,Протягайловка,Первомайская улица,34,4,31.3,5.9144,6.4391,0.5247,False,True
w352342445,Протягайловка,Первомайская улица,35,4,59.4,6.172,6.6178,0.4458,False,True
w352333670,Протягайловка,Первомайская улица,36,4,48.0,5.9144,6.4558,0.5414,False,True
w352333671,Протягайловка,Первомайская улица,38,4,59.1,5.9144,6.4686,0.5542,False,True
w352346364,Протягайловка,Первомайская улица,40,4,60.2,6.053,6.4919,0.4389,False,True
w352680270,Протягайловка,Первомайская улица,41,4,30.2,6.172,6.693,0.521,False,True
w352346366,Протягайловка,Первомайская улица,42,4,41.5,6.053,6.5115,0.4585,False,True
w352680274,Протягайловка,Первомайская улица,43,4,38.0,6.172,6.7042,0.5322,False,True
w352346370,Протягайловка,Первомайская улица,44,4,22.9,6.053,6.5336,0.4806,False,True
w352680272,Протягайловка,Первомайская улица,45,4,49.3,6.172,6.711,0.539,False,True
w352342451,Протягайловка,Первомайская улица,46,4,28.1,6.053,6.5575,0.5045,False,True
w361002549,Протягайловка,Первомайская улица,47,4,39.1,6.2651,6.7306,0.4655,False,True
w352346372,Протягайловка,Первомайская улица,48,4,29.8,6.053,6.5756,0.5226,False,True
w361002547,Протягайловка,Первомайская улица,49,4,27.4,6.2651,6.7418,0.4767,False,True
w352346383,Протягайловка,Первомайская улица,50,4,55.2,6.053,6.6016,0.5486,False,True
w367552889,Протягайловка,Первомайская улица,51,4,36.2,6.2651,6.762,0.4969,False,True
w352348451,Протягайловка,Первомайская улица,52,4,58.2,6.172,6.6129,0.4409,False,True
w367552888,Протягайловка,Первомайская улица,53,4,34.7,6.2651,6.7835,0.5184,False,True
w352346384,Протягайловка,Первомайская улица,54,4,50.8,6.172,6.6222,0.4502,False,True
w401161023,Протягайловка,Первомайская улица,55,4,48.5,6.2651,6.8038,0.5387,False,True
n4552709337,Протягайловка,Первомайская улица,57,4,34.3,6.3907,6.8596,0.4689,False,True
w352348455,Протягайловка,Первомайская улица,62,4,38.6,6.172,6.7026,0.5306,False,True
n4552709338,Протягайловка,Первомайская улица,77,4,18.8,6.5245,7.031,0.5065,False,True
n5108197316,Протягайловка,Первомайская улица,85,4,75.7,6.6783,7.1037,0.4254,False,True
n2337912610,Протягайловка,Первомайская улица,91,4,14.9,6.6783,7.163,0.4847,False,True
n2337912609,Протягайловка,Первомайская улица,93,4,14.5,6.7038,7.1889,0.4851,False,True
n5108196253,Протягайловка,Первомайская улица,102,4,74.9,6.5245,7.0949,0.5704,False,True
n4552708935,Протягайловка,Первомайская улица,107,4,20.7,6.882,7.3788,0.4968,False,True
n2337912608,Протягайловка,Первомайская улица,110,4,21.1,6.6783,7.1849,0.5066,False,True
n2337912607,Протягайловка,Первомайская улица,141,4,28.2,7.2875,7.8115,0.524,False,True
n5108197320,Протягайловка,Первомайская улица,141,4,28.4,7.2695,7.7738,0.5043,False,True
n2337908049,Протягайловка,Первомайская улица,154,4,10.9,7.1706,7.6581,0.4875,False,True
w352158482,Протягайловка,Первомайский переулок,1,4,40.4,6.3115,6.8833,0.5718,False,True
w352160040,Протягайловка,Первомайский переулок,3,4,55.9,6.1715,6.9201,0.7486,True,True
w352334981,Протягайловка,Первомайский переулок,4,4,18.1,6.2881,6.8656,0.5775,False,True
w352160042,Протягайловка,Первомайский переулок,5,4,26.8,6.1715,6.6843,0.5128,False,True
w224936659,Протягайловка,Первомайский переулок,6,4,45.0,6.3364,6.9022,0.5658,False,True
w352160038,Протягайловка,Первомайский переулок,7,4,24.4,6.1715,6.6565,0.485,False,True
w352042426,Протягайловка,Первомайский переулок,8,4,37.9,6.1715,6.6961,0.5246,False,True
w352160043,Протягайловка,Первомайский переулок,9,4,36.1,6.1715,6.6393,0.4678,False,True
w352160044,Протягайловка,Первомайский переулок,9,4,62.8,6.053,6.6088,0.5558,False,True
w352042433,Протягайловка,Первомайский переулок,10,4,41.4,6.053,6.5825,0.5295,False,True
w352042428,Протягайловка,Первомайский переулок,10а,4,55.2,6.1715,6.6189,0.4474,False,True
w352042432,Протягайловка,Первомайский переулок,27,4,19.8,6.053,6.5661,0.5131,False,True
w352042587,Протягайловка,Первомайский переулок,29,4,24.3,6.053,6.5664,0.5134,False,True
n2337948156,Протягайловка,Полевой переулок,1,4,30.5,5.9163,7.3154,1.3991,True,True
n2337948157,Протягайловка,Полевой переулок,2,4,24.3,5.9163,7.3129,1.3966,True,True
n2337948158,Протягайловка,Полевой переулок,16,4,20.3,6.0979,7.4987,1.4008,True,True
n2337900323,Протягайловка,Садовая улица,4,4,11.6,6.8683,8.0485,1.1802,True,True
n2337904420,Протягайловка,Садовая улица,6,4,7.9,6.9643,8.1347,1.1704,True,True
n2337900327,Протягайловка,Садовая улица,11,4,18.0,6.8683,8.0516,1.1833,True,True
n2337904421,Протягайловка,Садовая улица,13,4,15.5,6.9524,8.1295,1.1771,True,True
n2337904422,Протягайловка,Садовая улица,18,4,12.1,7.1371,8.5495,1.4124,True,True
w525027750,Протягайловка,Садовая улица,20,4,25.8,7.2579,8.619,1.3611,True,True
n2337904423,Протягайловка,Садовая улица,29,4,13.8,7.1371,8.5602,1.4231,True,True
w316845623,Протягайловка,Садовая улица,32,4,61.6,7.7077,9.0209,1.3132,True,True
w316845604,Протягайловка,Садовая улица,32а,4,17.4,7.7716,9.0635,1.2919,True,True
w316845603,Протягайловка,Садовая улица,34,4,15.2,8.1772,8.6758,0.4986,False,True
w316844666,Протягайловка,Садовая улица,36,4,32.0,8.0665,8.5406,0.4741,False,True
w316844623,Протягайловка,Садовая улица,38,4,26.0,8.0867,8.4461,0.3594,False,True
w316844574,Протягайловка,Садовая улица,40,4,15.3,8.0938,8.4181,0.3243,False,True
w316846224,Протягайловка,Садовая улица,43,4,34.3,7.8161,9.1212,1.3051,True,True
w316845828,Протягайловка,Садовая улица,49,4,47.8,7.8874,8.8268,0.9394,True,True
w316845811,Протягайловка,Садовая улица,51,4,35.5,7.9493,8.8018,0.8525,True,True
w316845688,Протягайловка,Садовая улица,53,4,45.5,7.9493,8.7729,0.8236,True,True
w316845602,Протягайловка,Садовая улица,55,4,29.1,8.1067,8.6032,0.4965,False,True
n2337908044,Протягайловка,Садовая улица,79,4,13.9,8.0063,8.4588,0.4525,False,True
w284637169,Протягайловка,Санаторная улица,6,4,61.6,6.1738,6.4347,0.2609,False,True
w284637168,Протягайловка,Санаторная улица,8,4,60.0,6.1738,6.4163,0.2425,False,True
w284637166,Протягайловка,Санаторная улица,10,4,59.0,6.2017,6.3949,0.1932,False,True
w284637162,Протягайловка,Санаторная улица,12,4,57.1,5.9099,6.3766,0.4667,False,True
w284637163,Протягайловка,Санаторная улица,14,4,52.9,5.9099,6.3576,0.4477,False,True
w284637179,Протягайловка,Санаторная улица,16,4,37.9,5.8283,6.3338,0.5055,False,True
w91850348,Протягайловка,Санаторная улица,17,4,18.0,6.2017,6.6631,0.4614,False,True
w284637180,Протягайловка,Санаторная улица,18,4,24.2,5.8283,6.3161,0.4878,False,True
w284637186,Протягайловка,Санаторная улица,20,4,17.3,5.8283,6.2533,0.425,False,True
w284637188,Протягайловка,Санаторная улица,22,4,32.9,5.8283,6.2322,0.4039,False,True
w284637191,Протягайловка,Санаторная улица,24,4,50.3,5.8283,6.2115,0.3832,False,True
w284637194,Протягайловка,Санаторная улица,26,4,49.0,5.7807,6.1932,0.4125,False,True
w284637193,Протягайловка,Санаторная улица,28,4,49.4,5.7807,6.1734,0.3927,False,True
w284637192,Протягайловка,Санаторная улица,30,4,54.9,5.7671,6.1504,0.3833,False,True
w352285813,Протягайловка,Санаторная улица,32,4,29.8,5.6382,6.0924,0.4542,False,True
w352285815,Протягайловка,Санаторная улица,34,4,22.2,5.6382,6.0613,0.4231,False,True
w352285816,Протягайловка,Санаторная улица,36,4,31.4,5.6382,6.0426,0.4044,False,True
w352285817,Протягайловка,Санаторная улица,38,4,49.4,5.5446,6.0206,0.476,False,True
w352285818,Протягайловка,Санаторная улица,40,4,27.7,5.5446,5.9966,0.452,False,True
w352326123,Протягайловка,Санаторная улица,46,4,52.8,5.5446,5.926,0.3814,False,True
w352326124,Протягайловка,Санаторная улица,48,4,55.5,5.6736,5.9036,0.23,False,True
w352326120,Протягайловка,Санаторная улица,50,4,48.7,5.6736,5.8854,0.2118,False,True
w352325333,Протягайловка,Санаторная улица,52,4,46.0,5.6736,5.8636,0.19,False,True
w352284665,Протягайловка,Санаторная улица,54,3,47.0,5.3761,5.8467,0.4706,False,True
n11222053152,Протягайловка,Славянская улица,10,4,91.1,7.6185,7.9399,0.3214,False,True
w442395853,Протягайловка,Совхозная улица,2,4,34.0,7.0203,7.9095,0.8892,True,True
w442395854,Протягайловка,Совхозная улица,4,4,39.4,7.0673,7.9321,0.8648,True,True
w442395855,Протягайловка,Совхозная улица,6,4,36.6,7.0673,7.9505,0.8832,True,True
w442395856,Протягайловка,Совхозная улица,8,4,39.8,7.0673,7.9733,0.906,True,True
w421314022,Протягайловка,Совхозная улица,50,4,91.3,7.6315,8.4356,0.8041,True,True
w421314023,Протягайловка,Совхозная улица,52,4,74.6,7.6315,8.4531,0.8216,True,True
w421314025,Протягайловка,Совхозная улица,54,4,57.0,7.6315,8.471,0.8395,True,True
w421314024,Протягайловка,Совхозная улица,56,4,32.9,7.6315,8.4994,0.8679,True,True
n2337929294,Протягайловка,Совхозная улица,58,4,17.2,7.6315,8.5388,0.9073,True,True
n2337929293,Протягайловка,Совхозная улица,70,4,25.7,7.8349,8.7045,0.8696,True,True
n2337934502,Протягайловка,Совхозная улица,185,4,16.0,7.0044,7.8976,0.8932,True,True
n2337934498,Протягайловка,Совхозная улица,206,4,11.1,6.9501,7.8523,0.9022,True,True
w320344002,Протягайловка,переулок Куйбышева,1,3,20.3,4.5276,4.7356,0.208,False,True
w352285316,Протягайловка,переулок Куйбышева,2,3,19.0,4.6674,4.8348,0.1674,False,True
w352285305,Протягайловка,переулок Куйбышева,3,3,19.7,4.5542,4.7357,0.1815,False,True
w352285318,Протягайловка,переулок Куйбышева,3,3,22.5,4.6256,4.7768,0.1512,False,True
w677073030,Протягайловка,переулок Куйбышева,5,3,20.7,4.628,4.8087,0.1807,False,True
w352313737,Протягайловка,переулок Куйбышева,7,3,17.8,4.6674,4.8239,0.1565,False,True
w284637172,Протягайловка,улица 50 лет Победы,1,4,22.8,6.0663,6.5454,0.4791,False,True
w284637201,Протягайловка,улица 50 лет Победы,2,4,39.8,6.0707,6.4186,0.3479,False,True
w284637171,Протягайловка,улица 50 лет Победы,3,4,31.4,6.0663,6.4499,0.3836,False,True
w284637175,Протягайловка,улица 50 лет Победы,5,4,59.1,6.0707,6.4147,0.344,False,True
w284637202,Протягайловка,улица 50 лет Победы,6,4,69.5,5.9553,6.3817,0.4264,False,True
w284637176,Протягайловка,улица 50 лет Победы,7,4,74.3,6.0707,6.3956,0.3249,False,True
w284637203,Протягайловка,улица 50 лет Победы,8,4,58.5,5.9174,6.3587,0.4413,False,True
w284637185,Протягайловка,улица 50 лет Победы,14,4,57.4,5.9174,6.3028,0.3854,False,True
n2337863649,Протягайловка,улица 50 лет Победы,16,4,58.0,5.7785,6.2656,0.4871,False,True
w284637252,Протягайловка,улица 50 лет Победы,18,4,32.9,5.7785,6.2356,0.4571,False,True
w284637253,Протягайловка,улица 50 лет Победы,20,4,17.8,5.7785,6.2144,0.4359,False,True
w284637189,Протягайловка,улица 50 лет Победы,21,4,48.7,5.7785,6.2533,0.4748,False,True
w284637190,Протягайловка,улица 50 лет Победы,23,4,30.7,5.7785,6.2335,0.455,False,True
w352285814,Протягайловка,улица 50 лет Победы,29,4,44.4,5.7671,6.21,0.4429,False,True
w339209786,Протягайловка,улица 50 лет Победы,33,4,59.7,5.6382,6.1614,0.5232,False,True
w352326955,Протягайловка,улица 50 лет Победы,36,4,29.7,5.6224,6.0771,0.4547,False,True
w352326122,Протягайловка,улица 50 лет Победы,45,4,38.9,5.6224,6.0859,0.4635,False,True
w352326121,Протягайловка,улица 50 лет Победы,47,4,75.7,5.6224,6.1258,0.5034,False,True
w352326119,Протягайловка,улица 50 лет Победы,49,4,86.0,5.6736,6.1438,0.4702,False,True
w352326118,Протягайловка,улица 50 лет Победы,51,4,82.8,5.3761,6.1645,0.7884,True,True
w352326114,Протягайловка,улица 50 лет Победы,52,4,95.4,5.72,6.2015,0.4815,False,True
w352326117,Протягайловка,улица 50 лет Победы,53,4,71.2,5.3761,6.1843,0.8082,True,True
w352326113,Протягайловка,улица 50 лет Победы,57,4,63.7,5.3761,6.2439,0.8678,True,True
w352326115,Протягайловка,улица 50 лет Победы,58,4,70.6,5.5462,6.2635,0.7173,True,True
w352326112,Протягайловка,улица 50 лет Победы,59,4,71.9,5.3761,6.2632,0.8871,True,True
w352326116,Протягайловка,улица 50 лет Победы,60,4,55.3,5.5462,6.2851,0.7389,True,True
w352265836,Протягайловка,улица 50 лет Победы,61,4,64.6,5.9148,6.2828,0.368,False,True
w352163175,Протягайловка,улица 50 лет Победы,62,4,61.4,5.9148,5.9067,-0.0081,False,True
w352163174,Протягайловка,улица 50 лет Победы,64,4,46.9,5.5405,5.9268,0.3863,False,True
w352163176,Протягайловка,улица 50 лет Победы,66,4,19.5,5.9148,6.3448,0.43,False,True
w352163170,Протягайловка,улица 50 лет Победы,68,4,24.1,5.5405,5.9505,0.41,False,True
n4988629683,Протягайловка,улица Академика Берга,8,4,85.8,7.5997,8.0032,0.4035,False,True
n4988630197,Протягайловка,улица Академика Берга,9,4,110.0,7.5997,8.029,0.4293,False,True
n4988629868,Протягайловка,улица Академика Берга,10,4,104.3,7.8358,8.0559,0.2201,False,True
n4988629869,Протягайловка,улица Академика Берга,11,4,82.6,7.8358,8.0789,0.2431,False,True
n4988629682,Протягайловка,улица Академика Берга,13,4,34.4,7.8358,8.1327,0.2969,False,True
n4988630196,Протягайловка,улица Академика Берга,14,4,26.7,7.8358,8.1531,0.3173,False,True
n4988629681,Протягайловка,улица Академика Берга,16,4,51.5,7.8358,8.2059,0.3701,False,True
n4988630195,Протягайловка,улица Академика Берга,17,4,78.2,7.8358,8.2321,0.3963,False,True
n4988630004,Протягайловка,улица Академика Берга,18,4,97.9,8.0756,8.2546,0.179,False,True
n4988629680,Протягайловка,улица Академика Берга,19,4,84.0,7.95,8.2791,0.3291,False,True
n4988630194,Протягайловка,улица Академика Берга,21,4,35.1,7.95,8.3316,0.3816,False,True
n4988629867,Протягайловка,улица Академика Берга,25,4,45.4,7.8358,8.2009,0.3651,False,True
n4988630003,Протягайловка,улица Академика Берга,29,4,18.2,7.7722,8.5416,0.7694,False,True
n4988629679,Протягайловка,улица Академика Берга,30,4,26.7,7.7362,8.5938,0.8576,True,True
n4988629853,Протягайловка,улица Академика Берга,57,4,38.8,7.7362,8.6084,0.8722,True,True
n2337908046,Протягайловка,улица Академика Берга,82,4,13.3,7.95,8.3715,0.4215,False,True
n2337908047,Протягайловка,улица Академика Берга,121,4,19.7,7.7362,8.5912,0.855,True,True
n4988629677,Протягайловка,улица Академика Берга,144,4,42.1,7.6076,8.7835,1.1759,True,True
n4988630198,Протягайловка,улица Академика Берга,вагончик,4,19.0,7.95,8.3742,0.4242,False,True
w401161045,Протягайловка,улица Алеку Руссо,1,4,30.0,5.2265,6.4092,1.1827,True,True
w353143628,Протягайловка,улица Алеку Руссо,2,4,29.7,5.2265,6.4086,1.1821,True,True
w401161048,Протягайловка,улица Алеку Руссо,3,4,50.0,5.2265,6.4306,1.2041,True,True
w401161036,Протягайловка,улица Алеку Руссо,4,4,53.8,5.2265,6.435,1.2085,True,True
w405000974,Протягайловка,улица Алеку Руссо,5,4,73.6,5.2265,6.4552,1.2287,True,True
w401161038,Протягайловка,улица Алеку Руссо,6,4,77.5,5.2265,6.4595,1.233,True,True
w405000973,Протягайловка,улица Алеку Руссо,7,4,100.3,5.2265,6.4822,1.2557,True,True
w401161039,Протягайловка,улица Алеку Руссо,8,4,105.9,5.2265,6.488,1.2615,True,True
w405000976,Протягайловка,улица Алеку Руссо,9,4,124.2,5.369,6.51,1.141,True,True
w405000972,Протягайловка,улица Алеку Руссо,10,4,99.6,5.369,6.5157,1.1467,True,True
w405000977,Протягайловка,улица Алеку Руссо,11,4,110.2,5.369,6.5296,1.1606,True,True
w405000975,Протягайловка,улица Алеку Руссо,12,4,78.4,5.369,6.5417,1.1727,True,True
w405000978,Протягайловка,улица Алеку Руссо,13,4,95.3,5.4938,6.5566,1.0628,True,True
w405000979,Протягайловка,улица Алеку Руссо,14,4,63.6,5.369,6.5681,1.1991,True,True
w405000981,Протягайловка,улица Алеку Руссо,15,4,70.2,5.4938,6.5819,1.0881,True,True
w424745276,Протягайловка,улица Алеку Руссо,16,4,51.5,5.369,6.5955,1.2265,True,True
w424745274,Протягайловка,улица Алеку Руссо,17,4,46.5,5.4938,6.6076,1.1138,True,True
w424745278,Протягайловка,улица Алеку Руссо,18,4,32.6,5.4938,6.6215,1.1277,True,True
w424745277,Протягайловка,улица Алеку Руссо,19,4,22.7,5.4938,6.6335,1.1397,True,True
w425915838,Протягайловка,улица Алеку Руссо,20,4,15.2,5.4938,6.648,1.1542,True,True
w425915837,Протягайловка,улица Алеку Руссо,21,4,18.2,5.4938,6.6573,1.1635,True,True
w441641177,Протягайловка,улица Алеку Руссо,22,4,27.0,5.4938,6.6745,1.1807,True,True
w441641179,Протягайловка,улица Алеку Руссо,23,4,28.4,5.4938,6.6757,1.1819,True,True
w442395866,Протягайловка,улица Алеку Руссо,24,4,54.5,5.4938,6.7041,1.2103,True,True
w441641178,Протягайловка,улица Алеку Руссо,25,4,60.7,5.4938,6.7103,1.2165,True,True
w442395865,Протягайловка,улица Алеку Руссо,26,4,60.3,5.4894,6.7275,1.2381,True,True
w441641182,Протягайловка,улица Алеку Руссо,27,4,85.2,5.4938,6.7347,1.2409,True,True
w442395864,Протягайловка,улица Алеку Руссо,28,4,54.8,5.5401,6.7545,1.2144,True,True
w441641823,Протягайловка,улица Алеку Руссо,29,4,82.0,5.5401,6.7632,1.2231,True,True
w442395863,Протягайловка,улица Алеку Руссо,30,4,57.2,5.5401,6.781,1.2409,True,True
w441641825,Протягайловка,улица Алеку Руссо,31,4,87.0,5.5401,6.7857,1.2456,True,True
w442395862,Протягайловка,улица Алеку Руссо,32,4,52.2,5.611,6.8088,1.1978,True,True
w441641826,Протягайловка,улица Алеку Руссо,33,4,61.3,5.7145,6.8122,1.0977,True,True
w441641827,Протягайловка,улица Алеку Руссо,35,4,37.5,5.7145,6.8374,1.1229,True,True
w441641829,Протягайловка,улица Алеку Руссо,37,4,15.6,5.7145,6.8644,1.1499,True,True
w441641830,Протягайловка,улица Алеку Руссо,38,4,19.5,5.7145,6.8603,1.1458,True,True
w231243206,Протягайловка,улица Космонавтов,1,4,19.0,5.8362,6.3477,0.5115,False,True
w231243208,Протягайловка,улица Космонавтов,1a,4,20.9,5.9001,6.3827,0.4826,False,True
n2337912625,Протягайловка,улица Космонавтов,2а,4,16.4,5.9001,6.3968,0.4967,False,True
w352042541,Протягайловка,улица Космонавтов,3,4,41.1,5.8362,6.3707,0.5345,False,True
w352160049,Протягайловка,улица Космонавтов,4,4,20.9,5.8362,6.349,0.5128,False,True
w352042540,Протягайловка,улица Космонавтов,5,4,56.7,5.8362,6.3884,0.5522,False,True
w231243205,Протягайловка,улица Космонавтов,6,4,25.7,5.8362,6.3465,0.5103,False,True
w352160030,Протягайловка,улица Космонавтов,7,4,36.7,5.9781,6.4426,0.4645,False,True
w352156643,Протягайловка,улица Космонавтов,12,4,19.4,5.728,6.2541,0.5261,False,True
n2337912620,Протягайловка,улица Космонавтов,46,4,19.2,6.2011,6.7461,0.545,False,True
w352285324,Протягайловка,улица Мира,1,3,39.5,4.6984,4.9001,0.2017,False,True
w352285325,Протягайловка,улица Мира,3,3,27.0,4.777,4.9238,0.1468,False,True
w352285315,Протягайловка,улица Мира,4,3,40.6,4.6674,4.8999,0.2325,False,True
w352285326,Протягайловка,улица Мира,5,3,11.7,4.777,4.9448,0.1678,False,True
w352285314,Протягайловка,улица Мира,6,3,31.8,4.777,4.9223,0.1453,False,True
w677073031,Протягайловка,улица Мира,7,3,25.3,4.777,4.9564,0.1794,False,True
w352285313,Протягайловка,улица Мира,8,3,23.4,4.777,4.9384,0.1614,False,True
w352285327,Протягайловка,улица Мира,9,3,24.2,4.8106,4.9931,0.1825,False,True
w339300187,Протягайловка,улица Мира,10,3,27.6,4.8106,4.9636,0.153,False,True
w352285330,Протягайловка,улица Мира,11,3,16.1,4.8508,5.0135,0.1627,False,True
w352265869,Протягайловка,улица Мира,12,3,31.4,4.8508,4.997,0.1462,False,True
w352316544,Протягайловка,улица Мира,13,3,26.6,4.8508,5.04,0.1892,False,True
w352316547,Протягайловка,улица Мира,14,3,32.2,4.8508,5.0403,0.1895,False,True
w352316543,Протягайловка,улица Мира,15,3,51.2,4.8508,5.0607,0.2099,False,True
w352317981,Протягайловка,улица Мира,16,3,50.6,4.8508,5.0616,0.2108,False,True
w352316545,Протягайловка,улица Мира,17,3,51.4,4.9699,5.0898,0.1199,False,True
w352317980,Протягайловка,улица Мира,18,3,59.3,4.9699,5.0795,0.1096,False,True
w352317984,Протягайловка,улица Мира,19,3,24.1,4.9699,5.1201,0.1502,False,True
w352317982,Протягайловка,улица Мира,20,3,39.7,4.9699,5.1012,0.1313,False,True
w352318381,Протягайловка,улица Мира,21,3,18.5,4.9699,5.1426,0.1727,False,True
w352317983,Протягайловка,улица Мира,22,3,25.7,4.9699,5.1212,0.1513,False,True
w352318377,Протягайловка,улица Мира,23,3,31.1,4.9699,5.1608,0.1909,False,True
w352316542,Протягайловка,улица Мира,24,3,27.8,4.9699,5.1435,0.1736,False,True
w352318380,Протягайловка,улица Мира,25,4,55.8,4.9699,5.8706,0.9007,True,True
w352316541,Протягайловка,улица Мира,26,3,32.5,4.9699,5.1608,0.1909,False,True
w352318379,Протягайловка,улица Мира,27,4,42.2,5.0788,5.8528,0.774,True,True
w352316540,Протягайловка,улица Мира,28,4,54.3,4.9699,5.8752,0.9053,True,True
w352318002,Протягайловка,улица Мира,29,4,17.1,5.0788,5.8177,0.7389,True,True
w352316539,Протягайловка,улица Мира,30,4,46.8,5.0788,5.8563,0.7775,True,True
w352318003,Протягайловка,улица Мира,31,4,49.1,5.0788,5.7666,0.6878,True,True
w352316538,Протягайловка,улица Мира,32,4,29.6,5.0788,5.8359,0.7571,True,True
w352161719,Протягайловка,улица Мира,33,3,23.3,5.2142,5.6618,0.4476,False,True
w352265862,Протягайловка,улица Мира,34,4,23.8,5.0788,5.8044,0.7256,True,True
w352265861,Протягайловка,улица Мира,36,4,37.1,5.0788,5.784,0.7052,True,True
w352265860,Протягайловка,улица Мира,38,4,62.1,5.0788,5.7556,0.6768,True,True
w352265859,Протягайловка,улица Мира,40,3,49.7,5.2142,5.7245,0.5103,False,True
w352265858,Протягайловка,улица Мира,42,3,29.7,5.2142,5.7015,0.4873,False,True
w428711653,Протягайловка,улица Мира,44,3,20.2,5.2142,5.6711,0.4569,False,True
w352161999,Протягайловка,улица Мира,46,3,19.2,5.2051,5.6486,0.4435,False,True
n2337948161,Протягайловка,улица Мунтяна,1,4,44.1,6.1764,6.7637,0.5873,False,True
w352680193,Протягайловка,улица Мунтяна,1,4,89.4,6.4361,6.8463,0.4102,False,True
w352334980,Протягайловка,улица Мунтяна,2,4,36.8,6.2229,6.7499,0.527,False,True
w352334984,Протягайловка,улица Мунтяна,2,4,25.2,6.2946,6.8095,0.5149,False,True
w353259236,Протягайловка,улица Мунтяна,3,4,70.5,6.4361,6.8648,0.4287,False,True
w353259629,Протягайловка,улица Мунтяна,5,4,36.4,6.4361,6.8996,0.4635,False,True
w352347156,Протягайловка,улица Мунтяна,6,4,67.2,6.2229,6.7865,0.5636,False,True
w353259631,Протягайловка,улица Мунтяна,7,4,18.0,6.4361,6.9264,0.4903,False,True
w352347160,Протягайловка,улица Мунтяна,8,4,86.2,6.4079,6.8098,0.4019,False,True
w424795691,Протягайловка,улица Мунтяна,9,4,34.4,6.4361,6.9665,0.5304,False,True
w352347162,Протягайловка,улица Мунтяна,10,4,94.4,6.4079,6.8305,0.4226,False,True
w426526607,Протягайловка,улица Мунтяна,11,4,57.5,6.4361,6.9904,0.5543,False,True
n2337948160,Протягайловка,улица Мунтяна,12,4,84.9,6.4361,6.8496,0.4135,False,True
w426526609,Протягайловка,улица Мунтяна,13,4,78.2,6.4361,7.0118,0.5757,False,True
n2337948159,Протягайловка,улица Мунтяна,14,4,92.3,6.4361,7.0265,0.5904,False,True
w428711640,Протягайловка,улица Мунтяна,14,4,94.7,6.4361,7.0281,0.592,False,True
w428711641,Протягайловка,улица Мунтяна,16,4,100.2,6.6575,7.0571,0.3996,False,True
w428711643,Протягайловка,улица Мунтяна,17,4,105.7,6.4361,7.0395,0.6034,False,True
w428711646,Протягайловка,улица Мунтяна,17а,4,100.9,6.6575,7.0563,0.3988,False,True
w428711642,Протягайловка,улица Мунтяна,18,4,80.5,6.6575,7.0764,0.4189,False,True
w428711649,Протягайловка,улица Мунтяна,21,4,61.4,6.6575,7.0972,0.4397,False,True
n2337929305,Протягайловка,улица Мунтяна,57,4,37.9,6.9902,7.5157,0.5255,False,True
w438040321,Протягайловка,улица Мунтяна,58,4,34.0,6.9902,7.5188,0.5286,False,True
w438040319,Протягайловка,улица Мунтяна,59,4,27.5,7.0671,7.5872,0.5201,False,True
n2337929304,Протягайловка,улица Мунтяна,60,4,30.3,7.0671,7.5365,0.4694,False,True
w438040320,Протягайловка,улица Мунтяна,60,4,33.0,7.0671,7.5375,0.4704,False,True
w438040314,Протягайловка,улица Мунтяна,64,4,23.3,7.0671,7.5799,0.5128,False,True
n2337929301,Протягайловка,улица Мунтяна,77,4,32.3,7.1377,7.9647,0.827,True,True
n4997938726,Протягайловка,улица Мунтяна,80,4,23.7,7.2169,7.7461,0.5292,False,True
n2337929300,Протягайловка,улица Мунтяна,84,4,25.3,7.188,7.9658,0.7778,True,True
n2337929299,Протягайловка,улица Мунтяна,86,4,19.2,7.2128,7.9987,0.7859,True,True
w438040299,Протягайловка,улица Мунтяна,91,4,52.5,7.3015,8.1519,0.8504,True,True
w438040297,Протягайловка,улица Мунтяна,93,4,75.3,7.4644,8.1915,0.7271,False,True
w352334985,Протягайловка,улица Мунтяна,98,4,33.5,6.2229,6.736,0.5131,False,True
w438037691,Протягайловка,улица Мунтяна,105,4,18.5,7.6128,8.5395,0.9267,True,True
w438040296,Протягайловка,улица Мунтяна,106,4,74.4,7.4644,8.1934,0.729,False,True
w438037579,Протягайловка,улица Мунтяна,107,4,19.2,7.674,8.4979,0.8239,True,True
w438037450,Протягайловка,улица Мунтяна,109,4,14.7,7.7021,8.5168,0.8147,True,True
w438037259,Протягайловка,улица Мунтяна,111,4,39.8,7.7021,8.51,0.8079,True,True
w438042066,Протягайловка,улица Мунтяна,126,4,41.8,7.5539,8.3866,0.8327,True,True
n2337929298,Протягайловка,улица Мунтяна,128,4,35.7,7.6388,8.4054,0.7666,True,True
n6777588144,Протягайловка,улица Мунтяна,130,4,9.9,7.6388,8.4356,0.7968,True,True
n2337929291,Протягайловка,улица Мунтяна,153,4,25.9,7.903,8.886,0.983,True,True
n2337904428,Протягайловка,улица Николая Белана,1,4,47.2,7.5997,8.0174,0.4177,False,True
n2337904427,Протягайловка,улица Николая Белана,2,4,35.5,7.6724,8.0134,0.341,False,True
n4886201534,Протягайловка,улица Николая Белана,7,4,17.3,7.5198,8.7569,1.2371,True,True
n2337908045,Протягайловка,улица Николая Белана,79,4,11.8,8.0119,8.4299,0.418,False,True
n2337908048,Протягайловка,улица Николая Белана,129,4,21.3,7.7352,9.0327,1.2975,True,True
w401161040,Протягайловка,улица Штефан чел Маре,1,4,52.4,5.1568,6.3634,1.2066,True,True
w353258949,Протягайловка,улица Штефан чел Маре,2,4,64.8,5.1568,6.3757,1.2189,True,True
w401161041,Протягайловка,улица Штефан чел Маре,3,4,76.8,5.1568,6.3877,1.2309,True,True
w353258951,Протягайловка,улица Штефан чел Маре,4,4,90.0,5.1568,6.4016,1.2448,True,True
w401161042,Протягайловка,улица Штефан чел Маре,5,4,100.8,5.1568,6.4134,1.2566,True,True
w405000980,Протягайловка,улица Штефан чел Маре,7,4,91.4,5.369,6.4355,1.0665,True,True
w401161033,Протягайловка,улица Штефан чел Маре,8,4,91.4,5.369,6.4362,1.0672,True,True
w582365653,Протягайловка,улица Штефан чел Маре,9,4,71.7,5.369,6.4571,1.0881,True,True
w401161034,Протягайловка,улица Штефан чел Маре,10,4,66.3,5.369,6.4612,1.0922,True,True
w401161035,Протягайловка,улица Штефан чел Маре,12,4,42.1,5.369,6.4856,1.1166,True,True
w424745270,Протягайловка,улица Штефан чел Маре,14,4,17.8,5.369,6.512,1.143,True,True
w424745273,Протягайловка,улица Штефан чел Маре,15,4,12.6,5.369,6.5233,1.1543,True,True
w424745272,Протягайловка,улица Штефан чел Маре,16,4,25.0,5.369,6.5452,1.1762,True,True
n4813753096,Протягайловка,улица Штефан чел Маре,22,4,12.9,5.4894,6.6362,1.1468,True,True
w442395868,Протягайловка,улица Штефан чел Маре,31,4,10.9,5.611,6.7623,1.1513,True,True
w441641832,Протягайловка,улица Штефан чел Маре,33,4,41.4,5.611,6.7684,1.1574,True,True
