{"type": "FeatureCollection", "features": [{"type": "Feature", "geometry": {"type": "LineString", "coordinates": [[29.483304, 46.824154], [29.482844, 46.824291], [29.482491, 46.824396], [29.482349, 46.824444], [29.482205, 46.824488], [29.481962, 46.824563], [29.481627, 46.824666], [29.481337, 46.824756], [29.480644, 46.824966], [29.478998, 46.825477], [29.478436, 46.824305], [29.478401, 46.824233], [29.478353, 46.824127], [29.478271, 46.823947], [29.478197, 46.823784], [29.478159, 46.823697], [29.477734, 46.822752], [29.477529, 46.822297], [29.47743, 46.822065], [29.476836, 46.820674], [29.47675, 46.820471], [29.47672, 46.8204], [29.476675, 46.820291], [29.476443, 46.819718], [29.476235, 46.819214], [29.475988, 46.818625], [29.475958, 46.818544], [29.475908, 46.81844], [29.47512, 46.816695], [29.475107, 46.816658], [29.475056, 46.816552], [29.474795, 46.815948], [29.474678, 46.815674], [29.474497, 46.815283], [29.474342, 46.814946], [29.474006, 46.814758], [29.473798, 46.814601], [29.473248, 46.813901], [29.473152, 46.813774], [29.472939, 46.81346], [29.472889, 46.813386], [29.472811, 46.813271], [29.472404, 46.81268], [29.472268, 46.812462], [29.472043, 46.812159], [29.471773, 46.811769], [29.471593, 46.811509], [29.471387, 46.811232], [29.47108, 46.810815], [29.470915, 46.810614], [29.470824, 46.810505], [29.468897, 46.808761], [29.468497, 46.808399], [29.468294, 46.808215], [29.468184, 46.808105], [29.468083, 46.808001], [29.468027, 46.807937], [29.467919, 46.807815], [29.467349, 46.8072], [29.465556, 46.807473], [29.465504, 46.807481], [29.465119, 46.807539], [29.465047, 46.80755], [29.464808, 46.807587], [29.463935, 46.807719], [29.46286, 46.807883], [29.462674, 46.807911], [29.462239, 46.807978], [29.460303, 46.808272], [29.459187, 46.808442], [29.458931, 46.808495], [29.458683, 46.808571], [29.458492, 46.808687], [29.458487, 46.808692], [29.458333, 46.808822], [29.458215, 46.808977], [29.458152, 46.809103], [29.458101, 46.809249], [29.45809, 46.80947], [29.458116, 46.809684], [29.458431, 46.811569], [29.458536, 46.812201], [29.458552, 46.812296], [29.458603, 46.812611], [29.458696, 46.81319], [29.458749, 46.813496], [29.458801, 46.813814], [29.459073, 46.815478], [29.459158, 46.816022], [29.459218, 46.816405], [29.459237, 46.816539], [29.459283, 46.816879], [29.459315, 46.817013], [29.459458, 46.817429], [29.459866, 46.818476], [29.46028, 46.819581], [29.460603, 46.820524], [29.460719, 46.820828], [29.460777, 46.820981], [29.460848, 46.821166], [29.461002, 46.821571], [29.461247, 46.822177], [29.461309, 46.82233], [29.461616, 46.823072], [29.46195, 46.823837], [29.462003, 46.823971], [29.462183, 46.824428], [29.462342, 46.824834], [29.462538, 46.825328], [29.462554, 46.825374], [29.462596, 46.825499], [29.463092, 46.826787], [29.463322, 46.827398], [29.46334, 46.82744], [29.463635, 46.828073], [29.464058, 46.829106], [29.464204, 46.829461], [29.464407, 46.829911], [29.464501, 46.83014], [29.464678, 46.830623], [29.464723, 46.830746], [29.464856, 46.831066], [29.464938, 46.83128], [29.465015, 46.831467], [29.465049, 46.83155], [29.465117, 46.831715], [29.465281, 46.832114], [29.465553, 46.832773], [29.465757, 46.833268], [29.465865, 46.833532], [29.466067, 46.834009], [29.466162, 46.834252], [29.466385, 46.834795], [29.466405, 46.834843], [29.466596, 46.835308], [29.466701, 46.835536], [29.466872, 46.835979], [29.466947, 46.836243], [29.467098, 46.836065], [29.467739, 46.835421]]}, "properties": {"district": "Борисовка", "uid": "w209267167", "kind": "fastest_time", "distance_km": 6.5654, "duration_s": 410.9}}, {"type": "Feature", "geometry": {"type": "LineString", "coordinates": [[29.483304, 46.824154], [29.483349, 46.824141], [29.483782, 46.824007], [29.483939, 46.823959], [29.484097, 46.823912], [29.484045, 46.823804], [29.483968, 46.82365], [29.483598, 46.822917], [29.483541, 46.822802], [29.483438, 46.822597], [29.483536, 46.822568], [29.48496, 46.82213], [29.48509, 46.822088], [29.485131, 46.822169], [29.485238, 46.822378], [29.48538, 46.822659], [29.485495, 46.822883], [29.485499, 46.822892], [29.485705, 46.823296], [29.485765, 46.8234], [29.485795, 46.823472], [29.486483, 46.824787], [29.486678, 46.825161], [29.486714, 46.825229], [29.486746, 46.825294], [29.486842, 46.825484], [29.487625, 46.827029], [29.487957, 46.827685], [29.48804, 46.827913], [29.487987, 46.828141], [29.487765, 46.829116], [29.487744, 46.829211], [29.487726, 46.829816], [29.48774, 46.82997], [29.487794, 46.830313], [29.487802, 46.830362], [29.487832, 46.830555], [29.487838, 46.83061], [29.487889, 46.831051], [29.487904, 46.831294], [29.487927, 46.831486], [29.488047, 46.832137], [29.488098, 46.832667], [29.488091, 46.832816], [29.488017, 46.8329], [29.487986, 46.832946], [29.487829, 46.833064], [29.487677, 46.833113], [29.487456, 46.833152], [29.486694, 46.833278], [29.486222, 46.833341], [29.485657, 46.83345], [29.485451, 46.833512], [29.484568, 46.833781], [29.482469, 46.834465], [29.48238, 46.834491], [29.482291, 46.834518], [29.482271, 46.834523], [29.482178, 46.834546], [29.482123, 46.83456], [29.482112, 46.834562], [29.480798, 46.834887], [29.480633, 46.834959], [29.480485, 46.835043], [29.480321, 46.835214], [29.480207, 46.835391], [29.480111, 46.835635], [29.479059, 46.838316], [29.479015, 46.838426], [29.478971, 46.83854], [29.478984, 46.838863], [29.479018, 46.838984], [29.479364, 46.839893], [29.4795, 46.84005], [29.479668, 46.8404], [29.479751, 46.840557], [29.479777, 46.840623], [29.479769, 46.840691], [29.479728, 46.840753], [29.479657, 46.840802], [29.479597, 46.840871], [29.479504, 46.840966], [29.479382, 46.841043], [29.479259, 46.841099], [29.479047, 46.841148], [29.478773, 46.841165], [29.477743, 46.840944], [29.476321, 46.84067], [29.475959, 46.840629], [29.475706, 46.840615], [29.475419, 46.840629], [29.475031, 46.840688], [29.474673, 46.840805], [29.474383, 46.840945], [29.474097, 46.841152], [29.473923, 46.8413], [29.47372, 46.841222], [29.474409, 46.840646], [29.474237, 46.840545], [29.472571, 46.839927], [29.469862, 46.838896], [29.468541, 46.838761], [29.468235, 46.838727], [29.467838, 46.838724], [29.467434, 46.838751], [29.466584, 46.839008], [29.465977, 46.839201], [29.464825, 46.838925], [29.464687, 46.838906], [29.464522, 46.838904], [29.464997, 46.838401], [29.465179, 46.838198], [29.465557, 46.837795], [29.466198, 46.837105], [29.466947, 46.836243], [29.467098, 46.836065], [29.467739, 46.835421]]}, "properties": {"district": "Борисовка", "uid": "w209267167", "kind": "shortest_distance", "distance_km": 4.7745, "duration_s": 426.9}}, {"type": "Feature", "geometry": {"type": "LineString", "coordinates": [[29.483304, 46.824154], [29.483349, 46.824141], [29.483782, 46.824007], [29.483939, 46.823959], [29.484097, 46.823912], [29.484045, 46.823804], [29.483968, 46.82365], [29.483598, 46.822917], [29.483541, 46.822802], [29.483438, 46.822597], [29.483536, 46.822568], [29.48496, 46.82213], [29.48509, 46.822088], [29.485131, 46.822169], [29.485238, 46.822378], [29.48538, 46.822659], [29.485495, 46.822883], [29.485499, 46.822892], [29.485705, 46.823296], [29.485765, 46.8234], [29.485795, 46.823472], [29.486483, 46.824787], [29.486678, 46.825161], [29.486714, 46.825229], [29.486746, 46.825294], [29.486842, 46.825484], [29.487625, 46.827029], [29.487957, 46.827685], [29.48804, 46.827913], [29.487987, 46.828141], [29.487765, 46.829116], [29.487744, 46.829211], [29.487726, 46.829816], [29.48774, 46.82997], [29.487794, 46.830313], [29.487802, 46.830362], [29.487832, 46.830555], [29.487838, 46.83061], [29.487889, 46.831051], [29.487904, 46.831294], [29.487927, 46.831486], [29.488047, 46.832137], [29.488098, 46.832667], [29.488091, 46.832816], [29.488017, 46.8329], [29.487986, 46.832946], [29.487829, 46.833064], [29.487677, 46.833113], [29.487456, 46.833152], [29.486694, 46.833278], [29.486222, 46.833341], [29.485657, 46.83345], [29.485451, 46.833512], [29.484568, 46.833781], [29.482469, 46.834465], [29.48238, 46.834491], [29.482291, 46.834518], [29.482271, 46.834523], [29.482178, 46.834546], [29.482123, 46.83456], [29.482112, 46.834562], [29.480798, 46.834887], [29.480633, 46.834959], [29.480485, 46.835043], [29.480321, 46.835214], [29.480207, 46.835391], [29.480111, 46.835635], [29.479059, 46.838316], [29.479015, 46.838426], [29.478971, 46.83854], [29.478984, 46.838863], [29.479018, 46.838984], [29.479364, 46.839893], [29.4795, 46.84005], [29.479668, 46.8404], [29.479751, 46.840557], [29.479777, 46.840623], [29.479769, 46.840691], [29.479728, 46.840753], [29.479657, 46.840802], [29.479597, 46.840871], [29.479504, 46.840966], [29.479382, 46.841043], [29.479259, 46.841099], [29.479047, 46.841148], [29.478773, 46.841165], [29.477743, 46.840944], [29.476321, 46.84067], [29.475959, 46.840629], [29.475706, 46.840615], [29.475419, 46.840629], [29.475031, 46.840688], [29.474673, 46.840805], [29.474383, 46.840945], [29.474097, 46.841152], [29.473923, 46.8413], [29.47372, 46.841222], [29.474409, 46.840646], [29.474674, 46.840508], [29.475004, 46.840409], [29.475344, 46.840357], [29.475935, 46.840353], [29.476434, 46.840468], [29.476708, 46.840533], [29.477691, 46.840768], [29.478052, 46.840831], [29.478373, 46.840867], [29.478592, 46.840843], [29.478801, 46.840779], [29.478985, 46.840703], [29.479223, 46.840574], [29.479254, 46.840532], [29.479323, 46.840483], [29.479413, 46.840453], [29.479513, 46.840446], [29.47961, 46.840463], [29.479692, 46.840501], [29.479751, 46.840557], [29.479777, 46.840623], [29.479769, 46.840691], [29.479728, 46.840753], [29.479657, 46.840802], [29.479597, 46.840871], [29.479504, 46.840966], [29.479382, 46.841043], [29.479259, 46.841099], [29.479047, 46.841148], [29.478773, 46.841165], [29.477743, 46.840944], [29.476321, 46.84067], [29.475959, 46.840629], [29.475706, 46.840615], [29.475419, 46.840629], [29.475031, 46.840688], [29.474673, 46.840805], [29.474383, 46.840945], [29.474097, 46.841152], [29.473923, 46.8413], [29.47372, 46.841222], [29.474409, 46.840646], [29.474237, 46.840545], [29.472571, 46.839927], [29.469862, 46.838896], [29.468541, 46.838761], [29.468235, 46.838727], [29.467838, 46.838724], [29.467434, 46.838751], [29.466584, 46.839008], [29.465977, 46.839201], [29.464825, 46.838925], [29.464687, 46.838906], [29.464522, 46.838904], [29.464997, 46.838401], [29.465179, 46.838198], [29.465557, 46.837795], [29.466198, 46.837105], [29.466947, 46.836243], [29.467098, 46.836065], [29.467739, 46.835421]]}, "properties": {"district": "Борисовка", "uid": "w209267167", "kind": "via_entry", "entry_id": "Бор-049", "entry_road": "Кишинёв-Тирасполь", "distance_km": 5.8383, "duration_s": 529.7}}, {"type": "Feature", "geometry": {"type": "LineString", "coordinates": [[29.483304, 46.824154], [29.483349, 46.824141], [29.483782, 46.824007], [29.483939, 46.823959], [29.484097, 46.823912], [29.484045, 46.823804], [29.483968, 46.82365], [29.483598, 46.822917], [29.483541, 46.822802], [29.483438, 46.822597], [29.483536, 46.822568], [29.48496, 46.82213], [29.48509, 46.822088], [29.485131, 46.822169], [29.485238, 46.822378], [29.48538, 46.822659], [29.485495, 46.822883], [29.485499, 46.822892], [29.485705, 46.823296], [29.485765, 46.8234], [29.485795, 46.823472], [29.486483, 46.824787], [29.486678, 46.825161], [29.486714, 46.825229], [29.486746, 46.825294], [29.486842, 46.825484], [29.487625, 46.827029], [29.487957, 46.827685], [29.48804, 46.827913], [29.487987, 46.828141], [29.487765, 46.829116], [29.487744, 46.829211], [29.487726, 46.829816], [29.48774, 46.82997], [29.487794, 46.830313], [29.487802, 46.830362], [29.487832, 46.830555], [29.487838, 46.83061], [29.487889, 46.831051], [29.487904, 46.831294], [29.487927, 46.831486], [29.488047, 46.832137], [29.488098, 46.832667], [29.488091, 46.832816], [29.488017, 46.8329], [29.487986, 46.832946], [29.487829, 46.833064], [29.487677, 46.833113], [29.487456, 46.833152], [29.486694, 46.833278], [29.486222, 46.833341], [29.485657, 46.83345], [29.485451, 46.833512], [29.484568, 46.833781], [29.482469, 46.834465], [29.48238, 46.834491], [29.482291, 46.834518], [29.482271, 46.834523], [29.482178, 46.834546], [29.482123, 46.83456], [29.482112, 46.834562], [29.480798, 46.834887], [29.480633, 46.834959], [29.480485, 46.835043], [29.480321, 46.835214], [29.480207, 46.835391], [29.480111, 46.835635], [29.479059, 46.838316], [29.479015, 46.838426], [29.478971, 46.83854], [29.478984, 46.838863], [29.479018, 46.838984], [29.479364, 46.839893], [29.4795, 46.84005], [29.479668, 46.8404], [29.479751, 46.840557], [29.479777, 46.840623], [29.479769, 46.840691], [29.479728, 46.840753], [29.479657, 46.840802], [29.479597, 46.840871], [29.479504, 46.840966], [29.479382, 46.841043], [29.479259, 46.841099], [29.479047, 46.841148], [29.478773, 46.841165], [29.477743, 46.840944], [29.476599, 46.840724], [29.476321, 46.84067], [29.475959, 46.840629], [29.475706, 46.840615], [29.475419, 46.840629], [29.475031, 46.840688], [29.474673, 46.840805], [29.474383, 46.840945], [29.474097, 46.841152], [29.473923, 46.8413], [29.47372, 46.841222], [29.474409, 46.840646], [29.474237, 46.840545], [29.472571, 46.839927], [29.469862, 46.838896], [29.468541, 46.838761], [29.468235, 46.838727], [29.467838, 46.838724], [29.467434, 46.838751], [29.466584, 46.839008], [29.465977, 46.839201], [29.464825, 46.838925], [29.464687, 46.838906], [29.464522, 46.838904], [29.464997, 46.838401], [29.465179, 46.838198], [29.465557, 46.837795], [29.466198, 46.837105], [29.466947, 46.836243], [29.467098, 46.836065], [29.467739, 46.835421]]}, "properties": {"district": "Борисовка", "uid": "w209267167", "kind": "via_entry", "entry_id": "Бор-050", "entry_road": "", "distance_km": 4.7744, "duration_s": 426.9}}, {"type": "Feature", "geometry": {"type": "LineString", "coordinates": [[29.483304, 46.824154], [29.483349, 46.824141], [29.483782, 46.824007], [29.483939, 46.823959], [29.484097, 46.823912], [29.484045, 46.823804], [29.483968, 46.82365], [29.483598, 46.822917], [29.483541, 46.822802], [29.483438, 46.822597], [29.483536, 46.822568], [29.48496, 46.82213], [29.48509, 46.822088], [29.485131, 46.822169], [29.485238, 46.822378], [29.48538, 46.822659], [29.485495, 46.822883], [29.485499, 46.822892], [29.485705, 46.823296], [29.485765, 46.8234], [29.485795, 46.823472], [29.486483, 46.824787], [29.486678, 46.825161], [29.486714, 46.825229], [29.486746, 46.825294], [29.486842, 46.825484], [29.487625, 46.827029], [29.487957, 46.827685], [29.48804, 46.827913], [29.487987, 46.828141], [29.487765, 46.829116], [29.487744, 46.829211], [29.487726, 46.829816], [29.48774, 46.82997], [29.487794, 46.830313], [29.487802, 46.830362], [29.487832, 46.830555], [29.487838, 46.83061], [29.487889, 46.831051], [29.487904, 46.831294], [29.487927, 46.831486], [29.488047, 46.832137], [29.488098, 46.832667], [29.488091, 46.832816], [29.488017, 46.8329], [29.487986, 46.832946], [29.487829, 46.833064], [29.487677, 46.833113], [29.487456, 46.833152], [29.486694, 46.833278], [29.486222, 46.833341], [29.485657, 46.83345], [29.485451, 46.833512], [29.484568, 46.833781], [29.482469, 46.834465], [29.48238, 46.834491], [29.482291, 46.834518], [29.482271, 46.834523], [29.482178, 46.834546], [29.482123, 46.83456], [29.482112, 46.834562], [29.480798, 46.834887], [29.480633, 46.834959], [29.480485, 46.835043], [29.480321, 46.835214], [29.480207, 46.835391], [29.480111, 46.835635], [29.479059, 46.838316], [29.479015, 46.838426], [29.478971, 46.83854], [29.478984, 46.838863], [29.479018, 46.838984], [29.479364, 46.839893], [29.4795, 46.84005], [29.479668, 46.8404], [29.479751, 46.840557], [29.479777, 46.840623], [29.479769, 46.840691], [29.479728, 46.840753], [29.479657, 46.840802], [29.479597, 46.840871], [29.479504, 46.840966], [29.479382, 46.841043], [29.479259, 46.841099], [29.479047, 46.841148], [29.478773, 46.841165], [29.477743, 46.840944], [29.476321, 46.84067], [29.475959, 46.840629], [29.475706, 46.840615], [29.475419, 46.840629], [29.475031, 46.840688], [29.474673, 46.840805], [29.474383, 46.840945], [29.474097, 46.841152], [29.473923, 46.8413], [29.4731, 46.841991], [29.472796, 46.842255], [29.472121, 46.842839], [29.471793, 46.843123], [29.471707, 46.843208], [29.471479, 46.843412], [29.471206, 46.84371], [29.470871, 46.844047], [29.470618, 46.8443], [29.470541, 46.844378], [29.470269, 46.844644], [29.470108, 46.84479], [29.470022, 46.844857], [29.469983, 46.844892], [29.469747, 46.845129], [29.469238, 46.84564], [29.469081, 46.845638], [29.468805, 46.845568], [29.468305, 46.845419], [29.468083, 46.845348], [29.468068, 46.844647], [29.468061, 46.844549], [29.468022, 46.844445], [29.468001, 46.844377], [29.466466, 46.844495], [29.465791, 46.844539], [29.465667, 46.844532], [29.465489, 46.844545], [29.465565, 46.84441], [29.465786, 46.844019], [29.465907, 46.843813], [29.466202, 46.843383], [29.466464, 46.84315], [29.467503, 46.842308], [29.468672, 46.841386], [29.469247, 46.840932], [29.469524, 46.840511], [29.4697, 46.839712], [29.469862, 46.838896], [29.468541, 46.838761], [29.468235, 46.838727], [29.467838, 46.838724], [29.467434, 46.838751], [29.466584, 46.839008], [29.465977, 46.839201], [29.464825, 46.838925], [29.464687, 46.838906], [29.464522, 46.838904], [29.464997, 46.838401], [29.465179, 46.838198], [29.465557, 46.837795], [29.466198, 46.837105], [29.466947, 46.836243], [29.467098, 46.836065], [29.467739, 46.835421]]}, "properties": {"district": "Борисовка", "uid": "w209267167", "kind": "via_entry", "entry_id": "Бор-051", "entry_road": "Ленинградская улица", "distance_km": 6.0038, "duration_s": 553.5}}, {"type": "Feature", "geometry": {"type": "LineString", "coordinates": [[29.483304, 46.824154], [29.482844, 46.824291], [29.482491, 46.824396], [29.482349, 46.824444], [29.482205, 46.824488], [29.481962, 46.824563], [29.481627, 46.824666], [29.481337, 46.824756], [29.480644, 46.824966], [29.478998, 46.825477], [29.478436, 46.824305], [29.478401, 46.824233], [29.478353, 46.824127], [29.478271, 46.823947], [29.478197, 46.823784], [29.478159, 46.823697], [29.477734, 46.822752], [29.477529, 46.822297], [29.47743, 46.822065], [29.476836, 46.820674], [29.47675, 46.820471], [29.47672, 46.8204], [29.476675, 46.820291], [29.476443, 46.819718], [29.476235, 46.819214], [29.475988, 46.818625], [29.475958, 46.818544], [29.475908, 46.81844], [29.47512, 46.816695], [29.475107, 46.816658], [29.475056, 46.816552], [29.474795, 46.815948], [29.474678, 46.815674], [29.474497, 46.815283], [29.474342, 46.814946], [29.474006, 46.814758], [29.473798, 46.814601], [29.473248, 46.813901], [29.473152, 46.813774], [29.472939, 46.81346], [29.472889, 46.813386], [29.472811, 46.813271], [29.472404, 46.81268], [29.472268, 46.812462], [29.472043, 46.812159], [29.471773, 46.811769], [29.471593, 46.811509], [29.471387, 46.811232], [29.47108, 46.810815], [29.470915, 46.810614], [29.470824, 46.810505], [29.468897, 46.808761], [29.468497, 46.808399], [29.468294, 46.808215], [29.468184, 46.808105], [29.468083, 46.808001], [29.468027, 46.807937], [29.467919, 46.807815], [29.467349, 46.8072], [29.465556, 46.807473], [29.465504, 46.807481], [29.465119, 46.807539], [29.465047, 46.80755], [29.464808, 46.807587], [29.463935, 46.807719], [29.46286, 46.807883], [29.462674, 46.807911], [29.462239, 46.807978], [29.460303, 46.808272], [29.459187, 46.808442], [29.458931, 46.808495], [29.458683, 46.808571], [29.458492, 46.808687], [29.458487, 46.808692], [29.458333, 46.808822], [29.458215, 46.808977], [29.458152, 46.809103], [29.458101, 46.809249], [29.45809, 46.80947], [29.458116, 46.809684], [29.458431, 46.811569], [29.458536, 46.812201], [29.458552, 46.812296], [29.458603, 46.812611], [29.458696, 46.81319], [29.458749, 46.813496], [29.458801, 46.813814], [29.459073, 46.815478], [29.459158, 46.816022], [29.459218, 46.816405], [29.459237, 46.816539], [29.459283, 46.816879], [29.459315, 46.817013], [29.459458, 46.817429], [29.459866, 46.818476], [29.46028, 46.819581], [29.460603, 46.820524], [29.460719, 46.820828], [29.460777, 46.820981], [29.460848, 46.821166], [29.461002, 46.821571], [29.461247, 46.822177], [29.461309, 46.82233], [29.461616, 46.823072], [29.46195, 46.823837], [29.462003, 46.823971], [29.462183, 46.824428], [29.462342, 46.824834], [29.462538, 46.825328], [29.462554, 46.825374], [29.462596, 46.825499], [29.463092, 46.826787], [29.463322, 46.827398], [29.46334, 46.82744], [29.463635, 46.828073], [29.463127, 46.828165], [29.462847, 46.828218], [29.462367, 46.828309], [29.461096, 46.828549], [29.46182, 46.830387], [29.461932, 46.830672], [29.46222, 46.83077], [29.462562, 46.830896], [29.462923, 46.831013], [29.463103, 46.831047], [29.463275, 46.831034], [29.463505, 46.830991], [29.464278, 46.830833], [29.464723, 46.830746], [29.464856, 46.831066], [29.464938, 46.83128], [29.465015, 46.831467], [29.465049, 46.83155], [29.465117, 46.831715], [29.465281, 46.832114], [29.465553, 46.832773], [29.465757, 46.833268], [29.465865, 46.833532], [29.466067, 46.834009], [29.466162, 46.834252], [29.466385, 46.834795], [29.466405, 46.834843], [29.466596, 46.835308], [29.466701, 46.835536], [29.466872, 46.835979], [29.466947, 46.836243], [29.467098, 46.836065], [29.467739, 46.835421]]}, "properties": {"district": "Борисовка", "uid": "w209267167", "kind": "via_entry", "entry_id": "Бор-053", "entry_road": "Железнодорожная улица", "distance_km": 6.9292, "duration_s": 491.4}}, {"type": "Feature", "geometry": {"type": "LineString", "coordinates": [[29.483304, 46.824154], [29.483349, 46.824141], [29.483782, 46.824007], [29.483939, 46.823959], [29.484097, 46.823912], [29.484045, 46.823804], [29.483968, 46.82365], [29.483598, 46.822917], [29.483541, 46.822802], [29.483438, 46.822597], [29.483536, 46.822568], [29.48496, 46.82213], [29.48509, 46.822088], [29.485131, 46.822169], [29.485238, 46.822378], [29.48538, 46.822659], [29.485495, 46.822883], [29.485499, 46.822892], [29.485705, 46.823296], [29.485765, 46.8234], [29.485795, 46.823472], [29.486483, 46.824787], [29.486678, 46.825161], [29.486714, 46.825229], [29.486746, 46.825294], [29.486842, 46.825484], [29.487625, 46.827029], [29.487957, 46.827685], [29.48804, 46.827913], [29.487987, 46.828141], [29.487765, 46.829116], [29.487744, 46.829211], [29.487726, 46.829816], [29.48774, 46.82997], [29.487794, 46.830313], [29.487802, 46.830362], [29.487832, 46.830555], [29.487838, 46.83061], [29.487889, 46.831051], [29.487904, 46.831294], [29.487927, 46.831486], [29.488047, 46.832137], [29.488098, 46.832667], [29.488091, 46.832816], [29.488017, 46.8329], [29.487986, 46.832946], [29.487829, 46.833064], [29.487677, 46.833113], [29.487456, 46.833152], [29.486694, 46.833278], [29.486222, 46.833341], [29.485657, 46.83345], [29.485451, 46.833512], [29.484568, 46.833781], [29.482469, 46.834465], [29.48238, 46.834491], [29.482291, 46.834518], [29.482271, 46.834523], [29.482178, 46.834546], [29.482123, 46.83456], [29.482112, 46.834562], [29.480798, 46.834887], [29.480633, 46.834959], [29.480485, 46.835043], [29.480321, 46.835214], [29.480207, 46.835391], [29.480111, 46.835635], [29.479059, 46.838316], [29.479015, 46.838426], [29.478971, 46.83854], [29.478984, 46.838863], [29.479018, 46.838984], [29.479364, 46.839893], [29.4795, 46.84005], [29.479668, 46.8404], [29.479751, 46.840557], [29.479777, 46.840623], [29.479769, 46.840691], [29.479728, 46.840753], [29.479657, 46.840802], [29.479597, 46.840871], [29.479504, 46.840966], [29.479382, 46.841043], [29.479259, 46.841099], [29.479047, 46.841148], [29.478773, 46.841165], [29.477743, 46.840944], [29.476321, 46.84067], [29.475959, 46.840629], [29.475706, 46.840615], [29.475419, 46.840629], [29.475031, 46.840688], [29.474673, 46.840805], [29.474383, 46.840945], [29.474097, 46.841152], [29.473923, 46.8413], [29.4731, 46.841991], [29.472796, 46.842255], [29.472121, 46.842839], [29.471793, 46.843123], [29.471707, 46.843208], [29.471479, 46.843412], [29.471206, 46.84371], [29.470871, 46.844047], [29.470618, 46.8443], [29.470541, 46.844378], [29.470266, 46.844414], [29.469913, 46.844407], [29.469024, 46.84439], [29.46842, 46.844376], [29.468207, 46.844367], [29.468001, 46.844377], [29.466466, 46.844495], [29.465791, 46.844539], [29.465667, 46.844532], [29.465489, 46.844545], [29.465351, 46.844552], [29.465139, 46.844564], [29.46494, 46.844577], [29.463428, 46.844678], [29.462786, 46.844729], [29.461278, 46.844861], [29.46097, 46.844885], [29.459304, 46.845016], [29.459045, 46.845093], [29.458313, 46.845149], [29.457709, 46.84512], [29.457464, 46.845112], [29.457333, 46.845082], [29.457246, 46.845051], [29.457477, 46.844926], [29.457557, 46.844882], [29.458142, 46.844564], [29.458747, 46.844212], [29.459331, 46.843843], [29.459559, 46.843686], [29.459873, 46.843404], [29.460185, 46.84311], [29.460465, 46.842847], [29.460696, 46.842633], [29.46074, 46.842592], [29.460931, 46.842411], [29.461034, 46.842312], [29.461886, 46.841515], [29.462042, 46.841347], [29.462744, 46.840664], [29.463147, 46.840271], [29.463223, 46.840197], [29.463752, 46.839681], [29.463985, 46.839441], [29.464522, 46.838904], [29.464997, 46.838401], [29.465179, 46.838198], [29.465557, 46.837795], [29.466198, 46.837105], [29.466947, 46.836243], [29.467098, 46.836065], [29.467739, 46.835421]]}, "properties": {"district": "Борисовка", "uid": "w209267167", "kind": "via_entry", "entry_id": "Бор-054", "entry_road": "Кишинёвская улица", "distance_km": 6.1879, "duration_s": 525.6}}, {"type": "Feature", "geometry": {"type": "LineString", "coordinates": [[29.483304, 46.824154], [29.482844, 46.824291], [29.482491, 46.824396], [29.482349, 46.824444], [29.482205, 46.824488], [29.481962, 46.824563], [29.481627, 46.824666], [29.481337, 46.824756], [29.480644, 46.824966], [29.478998, 46.825477], [29.478917, 46.825502], [29.478804, 46.825537], [29.477346, 46.825986], [29.477261, 46.826013], [29.47556, 46.826537], [29.473924, 46.827012], [29.47423, 46.827683], [29.474463, 46.828286], [29.474841, 46.829123], [29.475327, 46.830241], [29.47577, 46.831262], [29.475927, 46.831356], [29.476431, 46.831474], [29.476702, 46.831537], [29.476812, 46.831486], [29.47723, 46.830875], [29.477287, 46.830776], [29.477306, 46.830643], [29.477265, 46.830478], [29.479258, 46.830255], [29.480955, 46.830026], [29.481218, 46.829989], [29.481956, 46.829919], [29.482665, 46.829833], [29.482931, 46.829799], [29.483471, 46.82973], [29.483796, 46.829688], [29.484355, 46.829617], [29.484487, 46.8296], [29.484773, 46.829564], [29.485011, 46.829536], [29.486761, 46.829332], [29.486898, 46.829316], [29.487072, 46.829295], [29.487744, 46.829211], [29.487726, 46.829816], [29.48774, 46.82997], [29.487794, 46.830313], [29.487802, 46.830362], [29.487832, 46.830555], [29.487838, 46.83061], [29.487889, 46.831051], [29.487904, 46.831294], [29.487927, 46.831486], [29.488047, 46.832137], [29.488098, 46.832667], [29.488091, 46.832816], [29.488017, 46.8329], [29.487986, 46.832946], [29.487829, 46.833064], [29.487677, 46.833113], [29.487456, 46.833152], [29.486694, 46.833278], [29.486222, 46.833341], [29.485657, 46.83345], [29.485451, 46.833512], [29.484568, 46.833781], [29.482469, 46.834465], [29.48238, 46.834491], [29.482291, 46.834518], [29.482271, 46.834523], [29.482178, 46.834546], [29.482123, 46.83456], [29.482112, 46.834562], [29.480798, 46.834887], [29.480633, 46.834959], [29.480485, 46.835043], [29.480321, 46.835214], [29.480207, 46.835391], [29.480111, 46.835635], [29.479059, 46.838316], [29.479015, 46.838426], [29.478971, 46.83854], [29.478984, 46.838863], [29.479018, 46.838984], [29.479364, 46.839893], [29.4795, 46.84005], [29.479668, 46.8404], [29.479751, 46.840557], [29.479777, 46.840623], [29.479769, 46.840691], [29.479728, 46.840753], [29.479657, 46.840802], [29.479597, 46.840871], [29.479504, 46.840966], [29.479382, 46.841043], [29.479259, 46.841099], [29.479047, 46.841148], [29.478773, 46.841165], [29.477743, 46.840944], [29.476321, 46.84067], [29.475959, 46.840629], [29.475706, 46.840615], [29.475419, 46.840629], [29.475031, 46.840688], [29.474673, 46.840805], [29.474383, 46.840945], [29.474097, 46.841152], [29.473923, 46.8413], [29.47372, 46.841222], [29.474409, 46.840646], [29.474237, 46.840545], [29.472571, 46.839927], [29.469862, 46.838896], [29.468541, 46.838761], [29.468235, 46.838727], [29.467838, 46.838724], [29.467434, 46.838751], [29.466584, 46.839008], [29.465977, 46.839201], [29.464825, 46.838925], [29.464687, 46.838906], [29.464522, 46.838904], [29.464997, 46.838401], [29.465179, 46.838198], [29.465557, 46.837795], [29.466198, 46.837105], [29.466947, 46.836243], [29.467098, 46.836065], [29.467739, 46.835421]]}, "properties": {"district": "Борисовка", "uid": "w209267167", "kind": "via_entry", "entry_id": "Бор-055", "entry_road": "улица Дзержинского", "distance_km": 5.8807, "duration_s": 593.8}}, {"type": "Feature", "geometry": {"type": "LineString", "coordinates": [[29.483304, 46.824154], [29.483349, 46.824141], [29.483782, 46.824007], [29.483939, 46.823959], [29.484097, 46.823912], [29.484045, 46.823804], [29.483968, 46.82365], [29.483598, 46.822917], [29.483541, 46.822802], [29.483438, 46.822597], [29.483536, 46.822568], [29.48496, 46.82213], [29.48509, 46.822088], [29.485131, 46.822169], [29.485238, 46.822378], [29.48538, 46.822659], [29.485495, 46.822883], [29.485499, 46.822892], [29.485705, 46.823296], [29.485765, 46.8234], [29.485795, 46.823472], [29.486483, 46.824787], [29.486678, 46.825161], [29.486714, 46.825229], [29.486746, 46.825294], [29.486842, 46.825484], [29.487625, 46.827029], [29.487957, 46.827685], [29.48804, 46.827913], [29.487987, 46.828141], [29.487765, 46.829116], [29.487744, 46.829211], [29.487726, 46.829816], [29.48774, 46.82997], [29.487794, 46.830313], [29.487802, 46.830362], [29.487832, 46.830555], [29.487838, 46.83061], [29.487889, 46.831051], [29.487904, 46.831294], [29.487927, 46.831486], [29.488047, 46.832137], [29.488098, 46.832667], [29.488091, 46.832816], [29.488017, 46.8329], [29.487986, 46.832946], [29.487829, 46.833064], [29.487677, 46.833113], [29.487456, 46.833152], [29.486694, 46.833278], [29.486222, 46.833341], [29.485657, 46.83345], [29.485451, 46.833512], [29.484568, 46.833781], [29.482469, 46.834465], [29.48238, 46.834491], [29.482291, 46.834518], [29.482271, 46.834523], [29.482178, 46.834546], [29.482123, 46.83456], [29.482112, 46.834562], [29.480798, 46.834887], [29.480633, 46.834959], [29.480485, 46.835043], [29.480321, 46.835214], [29.480207, 46.835391], [29.480111, 46.835635], [29.479059, 46.838316], [29.479015, 46.838426], [29.478971, 46.83854], [29.478984, 46.838863], [29.479018, 46.838984], [29.479364, 46.839893], [29.4795, 46.84005], [29.479668, 46.8404], [29.479751, 46.840557], [29.479777, 46.840623], [29.479769, 46.840691], [29.479728, 46.840753], [29.479657, 46.840802], [29.479597, 46.840871], [29.479504, 46.840966], [29.479382, 46.841043], [29.479259, 46.841099], [29.479047, 46.841148], [29.478773, 46.841165], [29.477743, 46.840944], [29.476321, 46.84067], [29.475959, 46.840629], [29.475706, 46.840615], [29.475419, 46.840629], [29.475249, 46.8418], [29.475226, 46.841974], [29.475193, 46.842196], [29.475075, 46.842998], [29.475028, 46.84316], [29.474948, 46.843332], [29.474794, 46.843584], [29.473956, 46.844412], [29.471707, 46.843208], [29.471496, 46.843117], [29.471581, 46.843064], [29.471635, 46.843025], [29.471991, 46.842763], [29.472178, 46.842624], [29.472674, 46.84217], [29.473323, 46.84158], [29.47372, 46.841222], [29.474409, 46.840646], [29.474237, 46.840545], [29.472571, 46.839927], [29.469862, 46.838896], [29.468541, 46.838761], [29.468235, 46.838727], [29.467838, 46.838724], [29.467434, 46.838751], [29.466584, 46.839008], [29.465977, 46.839201], [29.464825, 46.838925], [29.464687, 46.838906], [29.464522, 46.838904], [29.464997, 46.838401], [29.465179, 46.838198], [29.465557, 46.837795], [29.466198, 46.837105], [29.466947, 46.836243], [29.467098, 46.836065], [29.467739, 46.835421]]}, "properties": {"district": "Борисовка", "uid": "w209267167", "kind": "via_entry", "entry_id": "Бор-056", "entry_road": "", "distance_km": 5.5694, "duration_s": 537.3}}, {"type": "Feature", "geometry": {"type": "LineString", "coordinates": [[29.483304, 46.824154], [29.483349, 46.824141], [29.483782, 46.824007], [29.483939, 46.823959], [29.484097, 46.823912], [29.484045, 46.823804], [29.483968, 46.82365], [29.483598, 46.822917], [29.483541, 46.822802], [29.483438, 46.822597], [29.483536, 46.822568], [29.48496, 46.82213], [29.48509, 46.822088], [29.485131, 46.822169], [29.485238, 46.822378], [29.48538, 46.822659], [29.485495, 46.822883], [29.485499, 46.822892], [29.485705, 46.823296], [29.485765, 46.8234], [29.485795, 46.823472], [29.486483, 46.824787], [29.486678, 46.825161], [29.486714, 46.825229], [29.486746, 46.825294], [29.486842, 46.825484], [29.487625, 46.827029], [29.487957, 46.827685], [29.48804, 46.827913], [29.487987, 46.828141], [29.487765, 46.829116], [29.487744, 46.829211], [29.487726, 46.829816], [29.48774, 46.82997], [29.487794, 46.830313], [29.487802, 46.830362], [29.487832, 46.830555], [29.487838, 46.83061], [29.487889, 46.831051], [29.487904, 46.831294], [29.487927, 46.831486], [29.488047, 46.832137], [29.488098, 46.832667], [29.488091, 46.832816], [29.488017, 46.8329], [29.487986, 46.832946], [29.487829, 46.833064], [29.487677, 46.833113], [29.487456, 46.833152], [29.486694, 46.833278], [29.486222, 46.833341], [29.485657, 46.83345], [29.485451, 46.833512], [29.484568, 46.833781], [29.482469, 46.834465], [29.48238, 46.834491], [29.482291, 46.834518], [29.482271, 46.834523], [29.482178, 46.834546], [29.482123, 46.83456], [29.482112, 46.834562], [29.480798, 46.834887], [29.480633, 46.834959], [29.480485, 46.835043], [29.480321, 46.835214], [29.480207, 46.835391], [29.480111, 46.835635], [29.479059, 46.838316], [29.479015, 46.838426], [29.478971, 46.83854], [29.478984, 46.838863], [29.479018, 46.838984], [29.479364, 46.839893], [29.4795, 46.84005], [29.479668, 46.8404], [29.479751, 46.840557], [29.479777, 46.840623], [29.479769, 46.840691], [29.479728, 46.840753], [29.479657, 46.840802], [29.479597, 46.840871], [29.479504, 46.840966], [29.479382, 46.841043], [29.479259, 46.841099], [29.479047, 46.841148], [29.478773, 46.841165], [29.477743, 46.840944], [29.476321, 46.84067], [29.475959, 46.840629], [29.475706, 46.840615], [29.475419, 46.840629], [29.475031, 46.840688], [29.474673, 46.840805], [29.474383, 46.840945], [29.474097, 46.841152], [29.473923, 46.8413], [29.4731, 46.841991], [29.472796, 46.842255], [29.472121, 46.842839], [29.471793, 46.843123], [29.471707, 46.843208], [29.471479, 46.843412], [29.471206, 46.84371], [29.470871, 46.844047], [29.470618, 46.8443], [29.470541, 46.844378], [29.470266, 46.844414], [29.469913, 46.844407], [29.469024, 46.84439], [29.46842, 46.844376], [29.468207, 46.844367], [29.468001, 46.844377], [29.466466, 46.844495], [29.465791, 46.844539], [29.465667, 46.844532], [29.465489, 46.844545], [29.465351, 46.844552], [29.465139, 46.844564], [29.46515, 46.844673], [29.465152, 46.84469], [29.465006, 46.844714], [29.464887, 46.844744], [29.464683, 46.844819], [29.464421, 46.844945], [29.463857, 46.84525], [29.463462, 46.845472], [29.463306, 46.84556], [29.463025, 46.845719], [29.462687, 46.845907], [29.462598, 46.845941], [29.462281, 46.845556], [29.462143, 46.845421], [29.462228, 46.845262], [29.462526, 46.845068], [29.462637, 46.845006], [29.462706, 46.844916], [29.462786, 46.844729], [29.461278, 46.844861], [29.46097, 46.844885], [29.459304, 46.845016], [29.459045, 46.845093], [29.458313, 46.845149], [29.457709, 46.84512], [29.457464, 46.845112], [29.457333, 46.845082], [29.457246, 46.845051], [29.457477, 46.844926], [29.457557, 46.844882], [29.458142, 46.844564], [29.458747, 46.844212], [29.459331, 46.843843], [29.459559, 46.843686], [29.459873, 46.843404], [29.460465, 46.842847], [29.460696, 46.842633], [29.46074, 46.842592], [29.460931, 46.842411], [29.461034, 46.842312], [29.461886, 46.841515], [29.462042, 46.841347], [29.462744, 46.840664], [29.463147, 46.840271], [29.463223, 46.840197], [29.463752, 46.839681], [29.463985, 46.839441], [29.464522, 46.838904], [29.464997, 46.838401], [29.465179, 46.838198], [29.465557, 46.837795], [29.466198, 46.837105], [29.466947, 46.836243], [29.467098, 46.836065], [29.467739, 46.835421]]}, "properties": {"district": "Борисовка", "uid": "w209267167", "kind": "via_entry", "entry_id": "Бор-057", "entry_road": "улица Зои Космодемьянской", "distance_km": 6.4241, "duration_s": 586.3}}, {"type": "Feature", "geometry": {"type": "Point", "coordinates": [29.46735, 46.83524]}, "properties": {"district": "Борисовка", "uid": "w209267167", "kind": "address_point"}}, {"type": "Feature", "geometry": {"type": "Point", "coordinates": [29.467739, 46.835421]}, "properties": {"district": "Борисовка", "uid": "w209267167", "kind": "osrm_snap", "snap_distance_m": 35.8}}, {"type": "Feature", "geometry": {"type": "LineString", "coordinates": [[29.483304, 46.824154], [29.482844, 46.824291], [29.482491, 46.824396], [29.482349, 46.824444], [29.482205, 46.824488], [29.481962, 46.824563], [29.481627, 46.824666], [29.481337, 46.824756], [29.480644, 46.824966], [29.478998, 46.825477], [29.478436, 46.824305], [29.478401, 46.824233], [29.478353, 46.824127], [29.478271, 46.823947], [29.478197, 46.823784], [29.478159, 46.823697], [29.477734, 46.822752], [29.477529, 46.822297], [29.47743, 46.822065], [29.476836, 46.820674], [29.47675, 46.820471], [29.47672, 46.8204], [29.476675, 46.820291], [29.476443, 46.819718], [29.476235, 46.819214], [29.475988, 46.818625], [29.475958, 46.818544], [29.475908, 46.81844], [29.47512, 46.816695], [29.475107, 46.816658], [29.475056, 46.816552], [29.474795, 46.815948], [29.474678, 46.815674], [29.474497, 46.815283], [29.474342, 46.814946], [29.474006, 46.814758], [29.473798, 46.814601], [29.473248, 46.813901], [29.473152, 46.813774], [29.472939, 46.81346], [29.472889, 46.813386], [29.472811, 46.813271], [29.472404, 46.81268], [29.472268, 46.812462], [29.472043, 46.812159], [29.471773, 46.811769], [29.471593, 46.811509], [29.471387, 46.811232], [29.47108, 46.810815], [29.470915, 46.810614], [29.470824, 46.810505], [29.468897, 46.808761], [29.468497, 46.808399], [29.468294, 46.808215], [29.468184, 46.808105], [29.468083, 46.808001], [29.468027, 46.807937], [29.467919, 46.807815], [29.467349, 46.8072], [29.465556, 46.807473], [29.465504, 46.807481], [29.465119, 46.807539], [29.465047, 46.80755], [29.464808, 46.807587], [29.463935, 46.807719], [29.46286, 46.807883], [29.462674, 46.807911], [29.462239, 46.807978], [29.460303, 46.808272], [29.459187, 46.808442], [29.458931, 46.808495], [29.458683, 46.808571], [29.458492, 46.808687], [29.458487, 46.808692], [29.458333, 46.808822], [29.458215, 46.808977], [29.458152, 46.809103], [29.458101, 46.809249], [29.45809, 46.80947], [29.458116, 46.809684], [29.458431, 46.811569], [29.458536, 46.812201], [29.458552, 46.812296], [29.458603, 46.812611], [29.458696, 46.81319], [29.458749, 46.813496], [29.458801, 46.813814], [29.459073, 46.815478], [29.459158, 46.816022], [29.459218, 46.816405], [29.459237, 46.816539], [29.459283, 46.816879], [29.459315, 46.817013], [29.459458, 46.817429], [29.459866, 46.818476], [29.46028, 46.819581], [29.460603, 46.820524], [29.460719, 46.820828], [29.460777, 46.820981], [29.460848, 46.821166], [29.461002, 46.821571], [29.460324, 46.821702], [29.459745, 46.821814], [29.458491, 46.822046], [29.457033, 46.822311], [29.456219, 46.822448], [29.45594, 46.822495], [29.45555, 46.822567], [29.454586, 46.822725], [29.453429, 46.822932], [29.453206, 46.822935], [29.452983, 46.822885], [29.452209, 46.822705], [29.451909, 46.822649], [29.451379, 46.822565], [29.4501, 46.822548], [29.449645, 46.822535]]}, "properties": {"district": "Хомутяновка", "uid": "n2337985509", "kind": "fastest_time", "distance_km": 5.6548, "duration_s": 385.5}}, {"type": "Feature", "geometry": {"type": "LineString", "coordinates": [[29.483304, 46.824154], [29.482844, 46.824291], [29.482491, 46.824396], [29.482349, 46.824444], [29.482205, 46.824488], [29.481962, 46.824563], [29.481627, 46.824666], [29.481337, 46.824756], [29.480644, 46.824966], [29.478998, 46.825477], [29.478436, 46.824305], [29.478401, 46.824233], [29.478353, 46.824127], [29.478271, 46.823947], [29.478197, 46.823784], [29.478159, 46.823697], [29.477734, 46.822752], [29.477529, 46.822297], [29.47743, 46.822065], [29.476836, 46.820674], [29.47675, 46.820471], [29.47672, 46.8204], [29.476675, 46.820291], [29.476443, 46.819718], [29.476235, 46.819214], [29.475988, 46.818625], [29.475958, 46.818544], [29.475908, 46.81844], [29.47512, 46.816695], [29.475107, 46.816658], [29.475056, 46.816552], [29.474795, 46.815948], [29.474678, 46.815674], [29.474497, 46.815283], [29.474342, 46.814946], [29.474006, 46.814758], [29.473798, 46.814601], [29.473248, 46.813901], [29.473152, 46.813774], [29.472939, 46.81346], [29.472889, 46.813386], [29.472811, 46.813271], [29.472404, 46.81268], [29.472268, 46.812462], [29.472043, 46.812159], [29.471773, 46.811769], [29.471593, 46.811509], [29.471387, 46.811232], [29.47108, 46.810815], [29.470915, 46.810614], [29.470824, 46.810505], [29.468897, 46.808761], [29.468497, 46.808399], [29.468294, 46.808215], [29.468184, 46.808105], [29.468083, 46.808001], [29.468027, 46.807937], [29.467919, 46.807815], [29.467349, 46.8072], [29.465556, 46.807473], [29.465504, 46.807481], [29.465119, 46.807539], [29.465047, 46.80755], [29.464808, 46.807587], [29.463935, 46.807719], [29.46286, 46.807883], [29.462674, 46.807911], [29.462239, 46.807978], [29.460303, 46.808272], [29.459187, 46.808442], [29.458931, 46.808495], [29.458683, 46.808571], [29.458492, 46.808687], [29.458487, 46.808692], [29.458333, 46.808822], [29.458215, 46.808977], [29.458152, 46.809103], [29.458101, 46.809249], [29.45809, 46.80947], [29.458116, 46.809684], [29.458431, 46.811569], [29.458536, 46.812201], [29.458065, 46.812353], [29.45734, 46.812587], [29.454307, 46.813575], [29.45388, 46.81374], [29.453119, 46.814074], [29.452772, 46.814269], [29.452608, 46.814361], [29.452389, 46.814502], [29.451947, 46.814798], [29.450468, 46.815788], [29.450324, 46.815899], [29.450489, 46.816012], [29.451237, 46.816432], [29.452719, 46.817351], [29.45182, 46.817812], [29.451386, 46.818237], [29.45106, 46.818543], [29.450782, 46.81883], [29.450245, 46.819878], [29.450156, 46.820144], [29.449825, 46.821134], [29.449336, 46.821761], [29.44923, 46.821898], [29.449135, 46.822201], [29.449185, 46.822521], [29.449645, 46.822535]]}, "properties": {"district": "Хомутяновка", "uid": "n2337985509", "kind": "shortest_distance", "distance_km": 5.3955, "duration_s": 495.4}}, {"type": "Feature", "geometry": {"type": "LineString", "coordinates": [[29.483304, 46.824154], [29.482844, 46.824291], [29.482491, 46.824396], [29.482349, 46.824444], [29.482205, 46.824488], [29.481962, 46.824563], [29.481627, 46.824666], [29.481337, 46.824756], [29.480644, 46.824966], [29.478998, 46.825477], [29.478917, 46.825502], [29.478804, 46.825537], [29.477346, 46.825986], [29.477261, 46.826013], [29.47556, 46.826537], [29.475236, 46.825848], [29.474997, 46.825341], [29.473371, 46.825815], [29.473158, 46.82546], [29.473088, 46.825308], [29.472851, 46.824797], [29.472292, 46.823588], [29.473112, 46.823375], [29.474026, 46.823137], [29.475247, 46.822838], [29.475795, 46.822704], [29.476285, 46.822593], [29.477529, 46.822297], [29.47743, 46.822065], [29.476836, 46.820674], [29.47675, 46.820471], [29.47672, 46.8204], [29.476675, 46.820291], [29.476443, 46.819718], [29.476235, 46.819214], [29.475988, 46.818625], [29.475958, 46.818544], [29.475908, 46.81844], [29.47512, 46.816695], [29.475107, 46.816658], [29.475056, 46.816552], [29.474795, 46.815948], [29.474678, 46.815674], [29.474497, 46.815283], [29.474342, 46.814946], [29.474006, 46.814758], [29.473798, 46.814601], [29.473248, 46.813901], [29.473152, 46.813774], [29.472939, 46.81346], [29.472889, 46.813386], [29.472811, 46.813271], [29.472404, 46.81268], [29.472268, 46.812462], [29.472043, 46.812159], [29.471773, 46.811769], [29.471593, 46.811509], [29.471387, 46.811232], [29.47108, 46.810815], [29.470915, 46.810614], [29.470824, 46.810505], [29.468897, 46.808761], [29.468497, 46.808399], [29.468294, 46.808215], [29.468184, 46.808105], [29.468083, 46.808001], [29.468027, 46.807937], [29.467919, 46.807815], [29.467349, 46.8072], [29.465556, 46.807473], [29.465504, 46.807481], [29.465119, 46.807539], [29.465047, 46.80755], [29.464808, 46.807587], [29.463935, 46.807719], [29.46286, 46.807883], [29.462674, 46.807911], [29.462239, 46.807978], [29.460303, 46.808272], [29.459187, 46.808442], [29.458931, 46.808495], [29.458683, 46.808571], [29.458492, 46.808687], [29.458487, 46.808692], [29.458333, 46.808822], [29.458215, 46.808977], [29.458152, 46.809103], [29.458101, 46.809249], [29.45809, 46.80947], [29.458116, 46.809684], [29.458431, 46.811569], [29.458536, 46.812201], [29.458552, 46.812296], [29.458603, 46.812611], [29.458696, 46.81319], [29.458749, 46.813496], [29.458801, 46.813814], [29.459073, 46.815478], [29.459158, 46.816022], [29.459218, 46.816405], [29.459237, 46.816539], [29.459283, 46.816879], [29.459315, 46.817013], [29.459458, 46.817429], [29.459866, 46.818476], [29.46028, 46.819581], [29.460603, 46.820524], [29.460719, 46.820828], [29.460777, 46.820981], [29.460848, 46.821166], [29.461002, 46.821571], [29.460324, 46.821702], [29.459745, 46.821814], [29.458491, 46.822046], [29.457033, 46.822311], [29.456219, 46.822448], [29.45594, 46.822495], [29.45555, 46.822567], [29.454586, 46.822725], [29.453429, 46.822932], [29.453206, 46.822935], [29.452983, 46.822885], [29.452209, 46.822705], [29.451909, 46.822649], [29.451379, 46.822565], [29.4501, 46.822548], [29.449645, 46.822535]]}, "properties": {"district": "Хомутяновка", "uid": "n2337985509", "kind": "via_entry", "entry_id": "Хом-130", "entry_road": "Московская улица", "distance_km": 6.5316, "duration_s": 512.6}}, {"type": "Feature", "geometry": {"type": "LineString", "coordinates": [[29.483304, 46.824154], [29.482844, 46.824291], [29.482491, 46.824396], [29.482349, 46.824444], [29.482205, 46.824488], [29.481962, 46.824563], [29.481627, 46.824666], [29.481337, 46.824756], [29.480644, 46.824966], [29.478998, 46.825477], [29.478917, 46.825502], [29.478804, 46.825537], [29.477346, 46.825986], [29.477261, 46.826013], [29.47556, 46.826537], [29.473924, 46.827012], [29.472868, 46.827363], [29.472894, 46.827397], [29.473226, 46.827866], [29.473261, 46.827899], [29.473278, 46.827907], [29.473307, 46.827921], [29.47337, 46.827932], [29.47343, 46.827934], [29.473504, 46.827918], [29.47423, 46.827683], [29.473924, 46.827012], [29.47556, 46.826537], [29.477261, 46.826013], [29.477346, 46.825986], [29.478804, 46.825537], [29.478917, 46.825502], [29.478998, 46.825477], [29.478436, 46.824305], [29.478401, 46.824233], [29.478353, 46.824127], [29.478271, 46.823947], [29.478197, 46.823784], [29.478159, 46.823697], [29.477734, 46.822752], [29.477529, 46.822297], [29.47743, 46.822065], [29.476836, 46.820674], [29.47675, 46.820471], [29.47672, 46.8204], [29.476675, 46.820291], [29.476443, 46.819718], [29.476235, 46.819214], [29.475988, 46.818625], [29.475958, 46.818544], [29.475908, 46.81844], [29.47512, 46.816695], [29.475107, 46.816658], [29.475056, 46.816552], [29.474795, 46.815948], [29.474678, 46.815674], [29.474497, 46.815283], [29.474342, 46.814946], [29.474006, 46.814758], [29.473798, 46.814601], [29.473248, 46.813901], [29.473152, 46.813774], [29.472939, 46.81346], [29.472889, 46.813386], [29.472811, 46.813271], [29.472404, 46.81268], [29.472268, 46.812462], [29.472043, 46.812159], [29.471773, 46.811769], [29.471593, 46.811509], [29.471387, 46.811232], [29.47108, 46.810815], [29.470915, 46.810614], [29.470824, 46.810505], [29.468897, 46.808761], [29.468497, 46.808399], [29.468294, 46.808215], [29.468184, 46.808105], [29.468083, 46.808001], [29.468027, 46.807937], [29.467919, 46.807815], [29.467349, 46.8072], [29.465556, 46.807473], [29.465504, 46.807481], [29.465119, 46.807539], [29.465047, 46.80755], [29.464808, 46.807587], [29.463935, 46.807719], [29.46286, 46.807883], [29.462674, 46.807911], [29.462239, 46.807978], [29.460303, 46.808272], [29.459187, 46.808442], [29.458931, 46.808495], [29.458683, 46.808571], [29.458492, 46.808687], [29.458487, 46.808692], [29.458333, 46.808822], [29.458215, 46.808977], [29.458152, 46.809103], [29.458101, 46.809249], [29.45809, 46.80947], [29.458116, 46.809684], [29.458431, 46.811569], [29.458536, 46.812201], [29.458552, 46.812296], [29.458603, 46.812611], [29.458696, 46.81319], [29.458749, 46.813496], [29.458801, 46.813814], [29.459073, 46.815478], [29.459158, 46.816022], [29.459218, 46.816405], [29.459237, 46.816539], [29.459283, 46.816879], [29.459315, 46.817013], [29.459458, 46.817429], [29.459866, 46.818476], [29.46028, 46.819581], [29.460603, 46.820524], [29.460719, 46.820828], [29.460777, 46.820981], [29.460848, 46.821166], [29.461002, 46.821571], [29.460324, 46.821702], [29.459745, 46.821814], [29.458491, 46.822046], [29.457033, 46.822311], [29.456219, 46.822448], [29.45594, 46.822495], [29.45555, 46.822567], [29.454586, 46.822725], [29.453429, 46.822932], [29.453206, 46.822935], [29.452983, 46.822885], [29.452209, 46.822705], [29.451909, 46.822649], [29.451379, 46.822565], [29.4501, 46.822548], [29.449645, 46.822535]]}, "properties": {"district": "Хомутяновка", "uid": "n2337985509", "kind": "via_entry", "entry_id": "Хом-131", "entry_road": "улица Академика Фёдорова", "distance_km": 6.8165, "duration_s": 491.8}}, {"type": "Feature", "geometry": {"type": "LineString", "coordinates": [[29.483304, 46.824154], [29.482844, 46.824291], [29.482491, 46.824396], [29.482349, 46.824444], [29.482205, 46.824488], [29.481962, 46.824563], [29.481627, 46.824666], [29.481337, 46.824756], [29.480644, 46.824966], [29.478998, 46.825477], [29.478436, 46.824305], [29.478401, 46.824233], [29.478353, 46.824127], [29.478271, 46.823947], [29.478197, 46.823784], [29.478159, 46.823697], [29.477734, 46.822752], [29.477529, 46.822297], [29.47743, 46.822065], [29.476836, 46.820674], [29.47675, 46.820471], [29.47672, 46.8204], [29.476675, 46.820291], [29.476443, 46.819718], [29.476235, 46.819214], [29.475988, 46.818625], [29.475958, 46.818544], [29.475908, 46.81844], [29.47512, 46.816695], [29.475107, 46.816658], [29.475056, 46.816552], [29.474795, 46.815948], [29.474678, 46.815674], [29.474497, 46.815283], [29.474342, 46.814946], [29.474006, 46.814758], [29.473798, 46.814601], [29.473624, 46.814669], [29.472545, 46.815201], [29.47172, 46.815644], [29.471502, 46.815761], [29.470944, 46.81606], [29.470312, 46.816386], [29.469773, 46.816663], [29.46938, 46.816845], [29.469264, 46.816903], [29.467979, 46.817295], [29.466283, 46.817787], [29.466203, 46.817638], [29.466093, 46.817435], [29.465551, 46.816435], [29.46516, 46.815713], [29.465712, 46.815502], [29.466619, 46.815155], [29.467086, 46.81492], [29.467449, 46.814653], [29.467643, 46.81452], [29.467705, 46.814478], [29.467943, 46.814325], [29.468015, 46.814275], [29.468259, 46.81411], [29.469269, 46.813623], [29.469958, 46.81338], [29.472404, 46.81268], [29.472268, 46.812462], [29.472043, 46.812159], [29.471773, 46.811769], [29.471593, 46.811509], [29.471387, 46.811232], [29.47108, 46.810815], [29.470915, 46.810614], [29.470824, 46.810505], [29.468897, 46.808761], [29.468497, 46.808399], [29.468294, 46.808215], [29.468184, 46.808105], [29.468083, 46.808001], [29.468027, 46.807937], [29.467919, 46.807815], [29.467349, 46.8072], [29.465556, 46.807473], [29.465504, 46.807481], [29.465119, 46.807539], [29.465047, 46.80755], [29.464808, 46.807587], [29.463935, 46.807719], [29.46286, 46.807883], [29.462674, 46.807911], [29.462239, 46.807978], [29.460303, 46.808272], [29.459187, 46.808442], [29.458931, 46.808495], [29.458683, 46.808571], [29.458492, 46.808687], [29.458487, 46.808692], [29.458333, 46.808822], [29.458215, 46.808977], [29.458152, 46.809103], [29.458101, 46.809249], [29.45809, 46.80947], [29.458116, 46.809684], [29.458431, 46.811569], [29.458536, 46.812201], [29.458552, 46.812296], [29.458603, 46.812611], [29.458696, 46.81319], [29.458749, 46.813496], [29.458801, 46.813814], [29.459073, 46.815478], [29.459158, 46.816022], [29.459218, 46.816405], [29.459237, 46.816539], [29.459283, 46.816879], [29.459315, 46.817013], [29.459458, 46.817429], [29.459866, 46.818476], [29.46028, 46.819581], [29.460603, 46.820524], [29.460719, 46.820828], [29.460777, 46.820981], [29.460848, 46.821166], [29.461002, 46.821571], [29.460324, 46.821702], [29.459745, 46.821814], [29.458491, 46.822046], [29.457033, 46.822311], [29.456219, 46.822448], [29.45594, 46.822495], [29.45555, 46.822567], [29.454586, 46.822725], [29.453429, 46.822932], [29.453206, 46.822935], [29.452983, 46.822885], [29.452209, 46.822705], [29.451909, 46.822649], [29.451379, 46.822565], [29.4501, 46.822548], [29.449645, 46.822535]]}, "properties": {"district": "Хомутяновка", "uid": "n2337985509", "kind": "via_entry", "entry_id": "Хом-132", "entry_road": "улица Георге Асаке", "distance_km": 6.9945, "duration_s": 610.4}}, {"type": "Feature", "geometry": {"type": "LineString", "coordinates": [[29.483304, 46.824154], [29.482844, 46.824291], [29.482491, 46.824396], [29.482349, 46.824444], [29.482205, 46.824488], [29.481962, 46.824563], [29.481627, 46.824666], [29.481337, 46.824756], [29.480644, 46.824966], [29.478998, 46.825477], [29.478436, 46.824305], [29.478401, 46.824233], [29.478353, 46.824127], [29.478271, 46.823947], [29.478197, 46.823784], [29.478159, 46.823697], [29.477734, 46.822752], [29.477529, 46.822297], [29.47743, 46.822065], [29.476836, 46.820674], [29.47675, 46.820471], [29.47672, 46.8204], [29.476675, 46.820291], [29.476443, 46.819718], [29.476235, 46.819214], [29.475988, 46.818625], [29.475958, 46.818544], [29.475908, 46.81844], [29.47512, 46.816695], [29.475107, 46.816658], [29.475056, 46.816552], [29.474795, 46.815948], [29.474678, 46.815674], [29.474497, 46.815283], [29.474342, 46.814946], [29.474006, 46.814758], [29.473798, 46.814601], [29.473248, 46.813901], [29.473152, 46.813774], [29.472939, 46.81346], [29.472889, 46.813386], [29.472811, 46.813271], [29.472404, 46.81268], [29.472268, 46.812462], [29.472043, 46.812159], [29.471773, 46.811769], [29.471593, 46.811509], [29.471387, 46.811232], [29.47108, 46.810815], [29.470915, 46.810614], [29.470824, 46.810505], [29.468897, 46.808761], [29.468497, 46.808399], [29.468294, 46.808215], [29.468184, 46.808105], [29.468083, 46.808001], [29.468027, 46.807937], [29.467919, 46.807815], [29.467349, 46.8072], [29.465556, 46.807473], [29.465504, 46.807481], [29.465119, 46.807539], [29.465047, 46.80755], [29.464808, 46.807587], [29.463935, 46.807719], [29.46286, 46.807883], [29.462674, 46.807911], [29.462239, 46.807978], [29.460303, 46.808272], [29.459187, 46.808442], [29.458931, 46.808495], [29.458683, 46.808571], [29.458492, 46.808687], [29.458487, 46.808692], [29.458333, 46.808822], [29.458215, 46.808977], [29.458152, 46.809103], [29.458101, 46.809249], [29.45809, 46.80947], [29.458116, 46.809684], [29.458431, 46.811569], [29.458536, 46.812201], [29.458552, 46.812296], [29.458603, 46.812611], [29.458696, 46.81319], [29.458749, 46.813496], [29.458801, 46.813814], [29.459073, 46.815478], [29.459158, 46.816022], [29.459218, 46.816405], [29.459237, 46.816539], [29.459283, 46.816879], [29.459315, 46.817013], [29.459458, 46.817429], [29.459866, 46.818476], [29.46028, 46.819581], [29.460603, 46.820524], [29.460719, 46.820828], [29.460777, 46.820981], [29.460848, 46.821166], [29.461002, 46.821571], [29.461247, 46.822177], [29.461309, 46.82233], [29.461616, 46.823072], [29.46195, 46.823837], [29.462003, 46.823971], [29.462183, 46.824428], [29.462342, 46.824834], [29.462538, 46.825328], [29.462554, 46.825374], [29.462596, 46.825499], [29.463092, 46.826787], [29.463322, 46.827398], [29.46334, 46.82744], [29.463635, 46.828073], [29.464058, 46.829106], [29.464204, 46.829461], [29.464407, 46.829911], [29.464501, 46.83014], [29.464678, 46.830623], [29.464723, 46.830746], [29.464856, 46.831066], [29.464938, 46.83128], [29.465015, 46.831467], [29.465049, 46.83155], [29.465117, 46.831715], [29.465281, 46.832114], [29.465553, 46.832773], [29.465757, 46.833268], [29.465865, 46.833532], [29.466067, 46.834009], [29.466162, 46.834252], [29.466385, 46.834795], [29.466405, 46.834843], [29.466596, 46.835308], [29.466701, 46.835536], [29.466872, 46.835979], [29.466947, 46.836243], [29.467098, 46.836065], [29.46815, 46.835009], [29.468657, 46.834417], [29.469308, 46.833811], [29.469929, 46.833295], [29.470035, 46.833188], [29.470633, 46.832623], [29.471538, 46.831788], [29.472311, 46.83104], [29.472449, 46.83111], [29.47299, 46.831385], [29.472449, 46.83111], [29.472311, 46.83104], [29.471941, 46.831398], [29.471538, 46.831788], [29.470633, 46.832623], [29.470035, 46.833188], [29.469929, 46.833295], [29.469308, 46.833811], [29.468657, 46.834417], [29.46815, 46.835009], [29.467098, 46.836065], [29.466947, 46.836243], [29.466872, 46.835979], [29.466701, 46.835536], [29.466596, 46.835308], [29.466405, 46.834843], [29.466385, 46.834795], [29.466162, 46.834252], [29.466067, 46.834009], [29.465865, 46.833532], [29.465757, 46.833268], [29.465553, 46.832773], [29.465281, 46.832114], [29.465117, 46.831715], [29.465049, 46.83155], [29.465015, 46.831467], [29.464938, 46.83128], [29.464856, 46.831066], [29.464723, 46.830746], [29.464678, 46.830623], [29.464501, 46.83014], [29.464407, 46.829911], [29.464204, 46.829461], [29.464058, 46.829106], [29.463635, 46.828073], [29.46334, 46.82744], [29.463322, 46.827398], [29.463092, 46.826787], [29.462596, 46.825499], [29.462554, 46.825374], [29.462538, 46.825328], [29.462342, 46.824834], [29.462183, 46.824428], [29.462003, 46.823971], [29.46195, 46.823837], [29.461616, 46.823072], [29.461309, 46.82233], [29.461247, 46.822177], [29.461002, 46.821571], [29.460324, 46.821702], [29.459745, 46.821814], [29.458491, 46.822046], [29.457033, 46.822311], [29.456219, 46.822448], [29.45594, 46.822495], [29.45555, 46.822567], [29.454586, 46.822725], [29.453429, 46.822932], [29.453206, 46.822935], [29.452983, 46.822885], [29.452209, 46.822705], [29.451909, 46.822649], [29.451379, 46.822565], [29.4501, 46.822548], [29.449645, 46.822535]]}, "properties": {"district": "Хомутяновка", "uid": "n2337985509", "kind": "via_entry", "entry_id": "Хом-133", "entry_road": "Кишинёвская улица", "distance_km": 10.5886, "duration_s": 778.7}}, {"type": "Feature", "geometry": {"type": "LineString", "coordinates": [[29.483304, 46.824154], [29.482844, 46.824291], [29.482491, 46.824396], [29.482349, 46.824444], [29.482205, 46.824488], [29.481962, 46.824563], [29.481627, 46.824666], [29.481337, 46.824756], [29.480644, 46.824966], [29.478998, 46.825477], [29.478436, 46.824305], [29.478401, 46.824233], [29.478353, 46.824127], [29.478271, 46.823947], [29.478197, 46.823784], [29.478159, 46.823697], [29.477734, 46.822752], [29.477529, 46.822297], [29.47743, 46.822065], [29.476836, 46.820674], [29.47675, 46.820471], [29.47672, 46.8204], [29.476675, 46.820291], [29.476443, 46.819718], [29.476235, 46.819214], [29.475988, 46.818625], [29.475958, 46.818544], [29.475908, 46.81844], [29.47512, 46.816695], [29.475107, 46.816658], [29.475056, 46.816552], [29.474795, 46.815948], [29.474678, 46.815674], [29.474497, 46.815283], [29.474342, 46.814946], [29.474006, 46.814758], [29.473798, 46.814601], [29.473248, 46.813901], [29.473152, 46.813774], [29.472939, 46.81346], [29.472889, 46.813386], [29.472811, 46.813271], [29.472404, 46.81268], [29.472268, 46.812462], [29.472043, 46.812159], [29.471773, 46.811769], [29.471593, 46.811509], [29.471387, 46.811232], [29.47108, 46.810815], [29.470915, 46.810614], [29.470824, 46.810505], [29.468897, 46.808761], [29.468497, 46.808399], [29.468294, 46.808215], [29.468184, 46.808105], [29.468083, 46.808001], [29.468027, 46.807937], [29.467919, 46.807815], [29.467349, 46.8072], [29.465556, 46.807473], [29.465504, 46.807481], [29.465119, 46.807539], [29.465047, 46.80755], [29.464808, 46.807587], [29.463935, 46.807719], [29.46286, 46.807883], [29.462674, 46.807911], [29.462239, 46.807978], [29.460303, 46.808272], [29.459187, 46.808442], [29.458931, 46.808495], [29.458683, 46.808571], [29.458492, 46.808687], [29.458487, 46.808692], [29.458333, 46.808822], [29.458215, 46.808977], [29.458152, 46.809103], [29.458101, 46.809249], [29.45809, 46.80947], [29.458116, 46.809684], [29.458431, 46.811569], [29.458536, 46.812201], [29.458065, 46.812353], [29.45734, 46.812587], [29.454307, 46.813575], [29.45388, 46.81374], [29.453119, 46.814074], [29.452772, 46.814269], [29.452608, 46.814361], [29.452389, 46.814502], [29.451947, 46.814798], [29.450468, 46.815788], [29.450324, 46.815899], [29.448535, 46.817122], [29.447988, 46.817544], [29.447299, 46.818076], [29.446289, 46.818923], [29.445134, 46.819867], [29.444454, 46.820376], [29.443927, 46.820704], [29.443823, 46.820768], [29.444365, 46.821169], [29.445694, 46.821658], [29.445795, 46.821694], [29.447548, 46.822352], [29.447597, 46.822484], [29.449185, 46.822521], [29.449645, 46.822535]]}, "properties": {"district": "Хомутяновка", "uid": "n2337985509", "kind": "via_entry", "entry_id": "Хом-134", "entry_road": "Главная улица", "distance_km": 5.7029, "duration_s": 527.2}}, {"type": "Feature", "geometry": {"type": "LineString", "coordinates": [[29.483304, 46.824154], [29.482844, 46.824291], [29.482491, 46.824396], [29.482349, 46.824444], [29.482205, 46.824488], [29.481962, 46.824563], [29.481627, 46.824666], [29.481337, 46.824756], [29.480644, 46.824966], [29.478998, 46.825477], [29.478917, 46.825502], [29.478804, 46.825537], [29.477346, 46.825986], [29.477261, 46.826013], [29.47556, 46.826537], [29.473924, 46.827012], [29.472868, 46.827363], [29.472042, 46.826227], [29.473247, 46.825854], [29.473371, 46.825815], [29.474997, 46.825341], [29.475125, 46.825299], [29.475637, 46.825128], [29.475895, 46.825042], [29.476599, 46.824807], [29.47671, 46.824771], [29.478267, 46.824276], [29.478401, 46.824233], [29.478353, 46.824127], [29.478271, 46.823947], [29.478197, 46.823784], [29.478159, 46.823697], [29.477734, 46.822752], [29.477529, 46.822297], [29.47743, 46.822065], [29.476836, 46.820674], [29.47675, 46.820471], [29.47672, 46.8204], [29.476675, 46.820291], [29.476443, 46.819718], [29.476235, 46.819214], [29.475988, 46.818625], [29.475958, 46.818544], [29.475908, 46.81844], [29.47512, 46.816695], [29.475107, 46.816658], [29.475056, 46.816552], [29.474795, 46.815948], [29.474678, 46.815674], [29.474497, 46.815283], [29.474342, 46.814946], [29.474006, 46.814758], [29.473798, 46.814601], [29.473248, 46.813901], [29.473152, 46.813774], [29.472939, 46.81346], [29.472889, 46.813386], [29.472811, 46.813271], [29.472404, 46.81268], [29.472268, 46.812462], [29.472043, 46.812159], [29.471773, 46.811769], [29.471593, 46.811509], [29.471387, 46.811232], [29.47108, 46.810815], [29.470915, 46.810614], [29.470824, 46.810505], [29.468897, 46.808761], [29.468497, 46.808399], [29.468294, 46.808215], [29.468184, 46.808105], [29.468083, 46.808001], [29.468027, 46.807937], [29.467919, 46.807815], [29.467349, 46.8072], [29.465556, 46.807473], [29.465504, 46.807481], [29.465119, 46.807539], [29.465047, 46.80755], [29.464808, 46.807587], [29.463935, 46.807719], [29.46286, 46.807883], [29.462674, 46.807911], [29.462239, 46.807978], [29.460303, 46.808272], [29.459187, 46.808442], [29.458931, 46.808495], [29.458683, 46.808571], [29.458492, 46.808687], [29.458487, 46.808692], [29.458333, 46.808822], [29.458215, 46.808977], [29.458152, 46.809103], [29.458101, 46.809249], [29.45809, 46.80947], [29.458116, 46.809684], [29.458431, 46.811569], [29.458536, 46.812201], [29.458552, 46.812296], [29.458603, 46.812611], [29.458696, 46.81319], [29.458749, 46.813496], [29.458801, 46.813814], [29.459073, 46.815478], [29.459158, 46.816022], [29.459218, 46.816405], [29.459237, 46.816539], [29.459283, 46.816879], [29.459315, 46.817013], [29.459458, 46.817429], [29.459866, 46.818476], [29.46028, 46.819581], [29.460603, 46.820524], [29.460719, 46.820828], [29.460777, 46.820981], [29.460848, 46.821166], [29.461002, 46.821571], [29.460324, 46.821702], [29.459745, 46.821814], [29.458491, 46.822046], [29.457033, 46.822311], [29.456219, 46.822448], [29.45594, 46.822495], [29.45555, 46.822567], [29.454586, 46.822725], [29.453429, 46.822932], [29.453206, 46.822935], [29.452983, 46.822885], [29.452209, 46.822705], [29.451909, 46.822649], [29.451379, 46.822565], [29.4501, 46.822548], [29.449645, 46.822535]]}, "properties": {"district": "Хомутяновка", "uid": "n2337985509", "kind": "via_entry", "entry_id": "Хом-135", "entry_road": "улица Ленина", "distance_km": 6.6965, "duration_s": 517.8}}, {"type": "Feature", "geometry": {"type": "LineString", "coordinates": [[29.483304, 46.824154], [29.482844, 46.824291], [29.482491, 46.824396], [29.482349, 46.824444], [29.482205, 46.824488], [29.481962, 46.824563], [29.481627, 46.824666], [29.481337, 46.824756], [29.480644, 46.824966], [29.478998, 46.825477], [29.478436, 46.824305], [29.478401, 46.824233], [29.478353, 46.824127], [29.478271, 46.823947], [29.478197, 46.823784], [29.478159, 46.823697], [29.477734, 46.822752], [29.477529, 46.822297], [29.47743, 46.822065], [29.476836, 46.820674], [29.47675, 46.820471], [29.47672, 46.8204], [29.476675, 46.820291], [29.476443, 46.819718], [29.476235, 46.819214], [29.475988, 46.818625], [29.475958, 46.818544], [29.475727, 46.818597], [29.474199, 46.818921], [29.474034, 46.818956], [29.472401, 46.819319], [29.470568, 46.819748], [29.470191, 46.818925], [29.470177, 46.818895], [29.469709, 46.817891], [29.469264, 46.816903], [29.46938, 46.816845], [29.469773, 46.816663], [29.470312, 46.816386], [29.470944, 46.81606], [29.471502, 46.815761], [29.47172, 46.815644], [29.472545, 46.815201], [29.473624, 46.814669], [29.473798, 46.814601], [29.473248, 46.813901], [29.473152, 46.813774], [29.472939, 46.81346], [29.472889, 46.813386], [29.472811, 46.813271], [29.472404, 46.81268], [29.472268, 46.812462], [29.472043, 46.812159], [29.471773, 46.811769], [29.471593, 46.811509], [29.471387, 46.811232], [29.47108, 46.810815], [29.470915, 46.810614], [29.470824, 46.810505], [29.468897, 46.808761], [29.468497, 46.808399], [29.468294, 46.808215], [29.468184, 46.808105], [29.468083, 46.808001], [29.468027, 46.807937], [29.467919, 46.807815], [29.467349, 46.8072], [29.465556, 46.807473], [29.465504, 46.807481], [29.465119, 46.807539], [29.465047, 46.80755], [29.464808, 46.807587], [29.463935, 46.807719], [29.46286, 46.807883], [29.462674, 46.807911], [29.462239, 46.807978], [29.460303, 46.808272], [29.459187, 46.808442], [29.458931, 46.808495], [29.458683, 46.808571], [29.458492, 46.808687], [29.458487, 46.808692], [29.458333, 46.808822], [29.458215, 46.808977], [29.458152, 46.809103], [29.458101, 46.809249], [29.45809, 46.80947], [29.458116, 46.809684], [29.458431, 46.811569], [29.458536, 46.812201], [29.458552, 46.812296], [29.458603, 46.812611], [29.458696, 46.81319], [29.458749, 46.813496], [29.458801, 46.813814], [29.459073, 46.815478], [29.459158, 46.816022], [29.459218, 46.816405], [29.459237, 46.816539], [29.459283, 46.816879], [29.459315, 46.817013], [29.459458, 46.817429], [29.459866, 46.818476], [29.46028, 46.819581], [29.460603, 46.820524], [29.460719, 46.820828], [29.460777, 46.820981], [29.460848, 46.821166], [29.461002, 46.821571], [29.460324, 46.821702], [29.459745, 46.821814], [29.458491, 46.822046], [29.457033, 46.822311], [29.456219, 46.822448], [29.45594, 46.822495], [29.45555, 46.822567], [29.454586, 46.822725], [29.453429, 46.822932], [29.453206, 46.822935], [29.452983, 46.822885], [29.452209, 46.822705], [29.451909, 46.822649], [29.451379, 46.822565], [29.4501, 46.822548], [29.449645, 46.822535]]}, "properties": {"district": "Хомутяновка", "uid": "n2337985509", "kind": "via_entry", "entry_id": "Хом-136", "entry_road": "улица Дзержинского", "distance_km": 6.3741, "duration_s": 538.8}}, {"type": "Feature", "geometry": {"type": "LineString", "coordinates": [[29.483304, 46.824154], [29.482844, 46.824291], [29.482491, 46.824396], [29.482349, 46.824444], [29.482205, 46.824488], [29.481962, 46.824563], [29.481627, 46.824666], [29.481337, 46.824756], [29.480644, 46.824966], [29.478998, 46.825477], [29.478436, 46.824305], [29.478401, 46.824233], [29.478353, 46.824127], [29.478271, 46.823947], [29.478197, 46.823784], [29.478159, 46.823697], [29.477734, 46.822752], [29.477529, 46.822297], [29.476285, 46.822593], [29.475795, 46.822704], [29.475247, 46.822838], [29.474026, 46.823137], [29.472292, 46.823588], [29.47141, 46.821591], [29.470617, 46.819854], [29.470568, 46.819748], [29.471576, 46.819512], [29.472401, 46.819319], [29.474034, 46.818956], [29.474199, 46.818921], [29.475727, 46.818597], [29.475958, 46.818544], [29.475908, 46.81844], [29.47512, 46.816695], [29.475107, 46.816658], [29.475056, 46.816552], [29.474795, 46.815948], [29.474678, 46.815674], [29.474497, 46.815283], [29.474342, 46.814946], [29.474006, 46.814758], [29.473798, 46.814601], [29.473248, 46.813901], [29.473152, 46.813774], [29.472939, 46.81346], [29.472889, 46.813386], [29.472811, 46.813271], [29.472404, 46.81268], [29.472268, 46.812462], [29.472043, 46.812159], [29.471773, 46.811769], [29.471593, 46.811509], [29.471387, 46.811232], [29.47108, 46.810815], [29.470915, 46.810614], [29.470824, 46.810505], [29.468897, 46.808761], [29.468497, 46.808399], [29.468294, 46.808215], [29.468184, 46.808105], [29.468083, 46.808001], [29.468027, 46.807937], [29.467919, 46.807815], [29.467349, 46.8072], [29.465556, 46.807473], [29.465504, 46.807481], [29.465119, 46.807539], [29.465047, 46.80755], [29.464808, 46.807587], [29.463935, 46.807719], [29.46286, 46.807883], [29.462674, 46.807911], [29.462239, 46.807978], [29.460303, 46.808272], [29.459187, 46.808442], [29.458931, 46.808495], [29.458683, 46.808571], [29.458492, 46.808687], [29.458487, 46.808692], [29.458333, 46.808822], [29.458215, 46.808977], [29.458152, 46.809103], [29.458101, 46.809249], [29.45809, 46.80947], [29.458116, 46.809684], [29.458431, 46.811569], [29.458536, 46.812201], [29.458552, 46.812296], [29.458603, 46.812611], [29.458696, 46.81319], [29.458749, 46.813496], [29.458801, 46.813814], [29.459073, 46.815478], [29.459158, 46.816022], [29.459218, 46.816405], [29.459237, 46.816539], [29.459283, 46.816879], [29.459315, 46.817013], [29.459458, 46.817429], [29.459866, 46.818476], [29.46028, 46.819581], [29.460603, 46.820524], [29.460719, 46.820828], [29.460777, 46.820981], [29.460848, 46.821166], [29.461002, 46.821571], [29.460324, 46.821702], [29.459745, 46.821814], [29.458491, 46.822046], [29.457033, 46.822311], [29.456219, 46.822448], [29.45594, 46.822495], [29.45555, 46.822567], [29.454586, 46.822725], [29.453429, 46.822932], [29.453206, 46.822935], [29.452983, 46.822885], [29.452209, 46.822705], [29.451909, 46.822649], [29.451379, 46.822565], [29.4501, 46.822548], [29.449645, 46.822535]]}, "properties": {"district": "Хомутяновка", "uid": "n2337985509", "kind": "via_entry", "entry_id": "Хом-137", "entry_road": "улица Кавриаго", "distance_km": 6.5246, "duration_s": 537.3}}, {"type": "Feature", "geometry": {"type": "Point", "coordinates": [29.44966, 46.82229]}, "properties": {"district": "Хомутяновка", "uid": "n2337985509", "kind": "address_point"}}, {"type": "Feature", "geometry": {"type": "Point", "coordinates": [29.449645, 46.822535]}, "properties": {"district": "Хомутяновка", "uid": "n2337985509", "kind": "osrm_snap", "snap_distance_m": 27.3}}, {"type": "Feature", "geometry": {"type": "LineString", "coordinates": [[29.483304, 46.824154], [29.483349, 46.824141], [29.483782, 46.824007], [29.483939, 46.823959], [29.484097, 46.823912], [29.484045, 46.823804], [29.483968, 46.82365], [29.483598, 46.822917], [29.483541, 46.822802], [29.483438, 46.822597], [29.483536, 46.822568], [29.48496, 46.82213], [29.48509, 46.822088], [29.485131, 46.822169], [29.485238, 46.822378], [29.48538, 46.822659], [29.485495, 46.822883], [29.485499, 46.822892], [29.485705, 46.823296], [29.485765, 46.8234], [29.485795, 46.823472], [29.486483, 46.824787], [29.486678, 46.825161], [29.486714, 46.825229], [29.486746, 46.825294], [29.486842, 46.825484], [29.487625, 46.827029], [29.487957, 46.827685], [29.48804, 46.827913], [29.487987, 46.828141], [29.487765, 46.829116], [29.487744, 46.829211], [29.487726, 46.829816], [29.48774, 46.82997], [29.487794, 46.830313], [29.487802, 46.830362], [29.487832, 46.830555], [29.487838, 46.83061], [29.487889, 46.831051], [29.488041, 46.831314], [29.488122, 46.831434], [29.48816, 46.831472], [29.488225, 46.831538], [29.488326, 46.831624], [29.488436, 46.831697], [29.488694, 46.831821], [29.488784, 46.831853], [29.488933, 46.831896], [29.489066, 46.83193], [29.489225, 46.831961], [29.489871, 46.832054], [29.492932, 46.832424], [29.493475, 46.83249], [29.493551, 46.832499], [29.496614, 46.8329], [29.499785, 46.833259], [29.500924, 46.833391], [29.503519, 46.83378], [29.504346, 46.833913], [29.504547, 46.833945], [29.50465, 46.833962], [29.504794, 46.833985], [29.50502, 46.834021], [29.505505, 46.834101], [29.50598, 46.83419], [29.506148, 46.834225], [29.506604, 46.834318], [29.507429, 46.834445], [29.508261, 46.834607], [29.508663, 46.834699], [29.50934, 46.834791], [29.509744, 46.834863], [29.509713, 46.835043], [29.509696, 46.835105], [29.509673, 46.835185], [29.509627, 46.835348], [29.509592, 46.835471], [29.509562, 46.8356], [29.509444, 46.836132], [29.509314, 46.836707], [29.50931, 46.836766], [29.509332, 46.83676], [29.509383, 46.836758], [29.509431, 46.836767], [29.509473, 46.836787], [29.509503, 46.836814], [29.509519, 46.836848], [29.509517, 46.836882], [29.509508, 46.8369], [29.509897, 46.836985], [29.511323, 46.837167], [29.511638, 46.837207], [29.511757, 46.837229], [29.51195, 46.837264], [29.512106, 46.837294], [29.513366, 46.837554], [29.514754, 46.837898], [29.514723, 46.837985], [29.51471, 46.838067], [29.514678, 46.838173], [29.514538, 46.838541], [29.514438, 46.838778], [29.514115, 46.83947], [29.513792, 46.84016], [29.513384, 46.840983], [29.512641, 46.842487], [29.512129, 46.843486], [29.511724, 46.844264], [29.511579, 46.844461], [29.511352, 46.844709], [29.510675, 46.845359], [29.509999, 46.846051], [29.508679, 46.847439], [29.508449, 46.847698], [29.509861, 46.848321], [29.509911, 46.848345], [29.511083, 46.848797], [29.51236, 46.849208], [29.512933, 46.849393], [29.513561, 46.849595], [29.514965, 46.850029], [29.515275, 46.850122], [29.515225, 46.850313], [29.514826, 46.852155], [29.514362, 46.854135], [29.513748, 46.856905], [29.513397, 46.858471], [29.514948, 46.85869], [29.514706, 46.860026], [29.514738, 46.860195], [29.514885, 46.860328], [29.515082, 46.860413], [29.516315, 46.860708], [29.516283, 46.860914], [29.516082, 46.861512], [29.516029, 46.861744]]}, "properties": {"district": "Парканы", "uid": "n4418837238", "kind": "fastest_time", "distance_km": 7.0754, "duration_s": 571.9}}, {"type": "Feature", "geometry": {"type": "LineString", "coordinates": [[29.483304, 46.824154], [29.483349, 46.824141], [29.483782, 46.824007], [29.483939, 46.823959], [29.484097, 46.823912], [29.484045, 46.823804], [29.483968, 46.82365], [29.483598, 46.822917], [29.483541, 46.822802], [29.483438, 46.822597], [29.483536, 46.822568], [29.48496, 46.82213], [29.48509, 46.822088], [29.485131, 46.822169], [29.485238, 46.822378], [29.48538, 46.822659], [29.485495, 46.822883], [29.485499, 46.822892], [29.485705, 46.823296], [29.485765, 46.8234], [29.485795, 46.823472], [29.486483, 46.824787], [29.486678, 46.825161], [29.486714, 46.825229], [29.486746, 46.825294], [29.486842, 46.825484], [29.487625, 46.827029], [29.487957, 46.827685], [29.48804, 46.827913], [29.487987, 46.828141], [29.487765, 46.829116], [29.487744, 46.829211], [29.487726, 46.829816], [29.48774, 46.82997], [29.487794, 46.830313], [29.487802, 46.830362], [29.487832, 46.830555], [29.487838, 46.83061], [29.487889, 46.831051], [29.488041, 46.831314], [29.488122, 46.831434], [29.48816, 46.831472], [29.488225, 46.831538], [29.488326, 46.831624], [29.488436, 46.831697], [29.488694, 46.831821], [29.488784, 46.831853], [29.488933, 46.831896], [29.489066, 46.83193], [29.489225, 46.831961], [29.489871, 46.832054], [29.492932, 46.832424], [29.493475, 46.83249], [29.493551, 46.832499], [29.496614, 46.8329], [29.499785, 46.833259], [29.500924, 46.833391], [29.503519, 46.83378], [29.504346, 46.833913], [29.504547, 46.833945], [29.50465, 46.833962], [29.504794, 46.833985], [29.50502, 46.834021], [29.505505, 46.834101], [29.50598, 46.83419], [29.506148, 46.834225], [29.506604, 46.834318], [29.507429, 46.834445], [29.508261, 46.834607], [29.508663, 46.834699], [29.50934, 46.834791], [29.509744, 46.834863], [29.509713, 46.835043], [29.509696, 46.835105], [29.509673, 46.835185], [29.509627, 46.835348], [29.509592, 46.835471], [29.509562, 46.8356], [29.509444, 46.836132], [29.509314, 46.836707], [29.50931, 46.836766], [29.509332, 46.83676], [29.509383, 46.836758], [29.509431, 46.836767], [29.509473, 46.836787], [29.509503, 46.836814], [29.509519, 46.836848], [29.509517, 46.836882], [29.509508, 46.8369], [29.509897, 46.836985], [29.511323, 46.837167], [29.511638, 46.837207], [29.511757, 46.837229], [29.51195, 46.837264], [29.512106, 46.837294], [29.513366, 46.837554], [29.514754, 46.837898], [29.514723, 46.837985], [29.51471, 46.838067], [29.514678, 46.838173], [29.514538, 46.838541], [29.514438, 46.838778], [29.514115, 46.83947], [29.513792, 46.84016], [29.513384, 46.840983], [29.512641, 46.842487], [29.512129, 46.843486], [29.511724, 46.844264], [29.511579, 46.844461], [29.511352, 46.844709], [29.510675, 46.845359], [29.509999, 46.846051], [29.508679, 46.847439], [29.508449, 46.847698], [29.509861, 46.848321], [29.509911, 46.848345], [29.511083, 46.848797], [29.51236, 46.849208], [29.512933, 46.849393], [29.513561, 46.849595], [29.514965, 46.850029], [29.515275, 46.850122], [29.515225, 46.850313], [29.514826, 46.852155], [29.514362, 46.854135], [29.513748, 46.856905], [29.513397, 46.858471], [29.514948, 46.85869], [29.514706, 46.860026], [29.514738, 46.860195], [29.514885, 46.860328], [29.515082, 46.860413], [29.516315, 46.860708], [29.516283, 46.860914], [29.516082, 46.861512], [29.516029, 46.861744]]}, "properties": {"district": "Парканы", "uid": "n4418837238", "kind": "shortest_distance", "distance_km": 7.0754, "duration_s": 571.9}}, {"type": "Feature", "geometry": {"type": "LineString", "coordinates": [[29.483304, 46.824154], [29.483349, 46.824141], [29.483782, 46.824007], [29.483939, 46.823959], [29.484097, 46.823912], [29.484045, 46.823804], [29.483968, 46.82365], [29.483598, 46.822917], [29.483541, 46.822802], [29.483438, 46.822597], [29.483536, 46.822568], [29.48496, 46.82213], [29.48509, 46.822088], [29.485131, 46.822169], [29.485238, 46.822378], [29.48538, 46.822659], [29.485495, 46.822883], [29.485499, 46.822892], [29.485705, 46.823296], [29.485765, 46.8234], [29.485795, 46.823472], [29.486483, 46.824787], [29.486678, 46.825161], [29.486714, 46.825229], [29.486746, 46.825294], [29.486842, 46.825484], [29.487625, 46.827029], [29.487957, 46.827685], [29.48804, 46.827913], [29.487987, 46.828141], [29.487765, 46.829116], [29.487744, 46.829211], [29.487726, 46.829816], [29.48774, 46.82997], [29.487794, 46.830313], [29.487802, 46.830362], [29.487832, 46.830555], [29.487838, 46.83061], [29.487889, 46.831051], [29.488041, 46.831314], [29.488122, 46.831434], [29.48816, 46.831472], [29.488225, 46.831538], [29.488326, 46.831624], [29.488436, 46.831697], [29.488694, 46.831821], [29.488784, 46.831853], [29.488933, 46.831896], [29.489066, 46.83193], [29.489225, 46.831961], [29.489871, 46.832054], [29.491285, 46.832225], [29.492932, 46.832424], [29.493475, 46.83249], [29.493551, 46.832499], [29.496614, 46.8329], [29.499785, 46.833259], [29.500924, 46.833391], [29.503519, 46.83378], [29.504346, 46.833913], [29.504547, 46.833945], [29.50465, 46.833962], [29.504794, 46.833985], [29.50502, 46.834021], [29.505505, 46.834101], [29.50598, 46.83419], [29.506148, 46.834225], [29.506604, 46.834318], [29.507429, 46.834445], [29.508261, 46.834607], [29.508663, 46.834699], [29.50934, 46.834791], [29.509744, 46.834863], [29.509713, 46.835043], [29.509696, 46.835105], [29.509673, 46.835185], [29.509627, 46.835348], [29.509592, 46.835471], [29.509562, 46.8356], [29.509444, 46.836132], [29.509314, 46.836707], [29.50931, 46.836766], [29.509332, 46.83676], [29.509383, 46.836758], [29.509431, 46.836767], [29.509473, 46.836787], [29.509503, 46.836814], [29.509519, 46.836848], [29.509517, 46.836882], [29.509508, 46.8369], [29.509897, 46.836985], [29.511323, 46.837167], [29.511638, 46.837207], [29.511757, 46.837229], [29.51195, 46.837264], [29.512106, 46.837294], [29.513366, 46.837554], [29.514754, 46.837898], [29.514723, 46.837985], [29.51471, 46.838067], [29.514678, 46.838173], [29.514538, 46.838541], [29.514438, 46.838778], [29.514115, 46.83947], [29.513792, 46.84016], [29.513384, 46.840983], [29.512641, 46.842487], [29.512129, 46.843486], [29.511724, 46.844264], [29.511579, 46.844461], [29.511352, 46.844709], [29.510675, 46.845359], [29.509999, 46.846051], [29.508679, 46.847439], [29.508449, 46.847698], [29.509861, 46.848321], [29.509911, 46.848345], [29.511083, 46.848797], [29.51236, 46.849208], [29.512933, 46.849393], [29.513561, 46.849595], [29.514965, 46.850029], [29.515275, 46.850122], [29.515225, 46.850313], [29.514826, 46.852155], [29.514362, 46.854135], [29.513748, 46.856905], [29.513397, 46.858471], [29.514948, 46.85869], [29.514706, 46.860026], [29.514738, 46.860195], [29.514885, 46.860328], [29.515082, 46.860413], [29.516315, 46.860708], [29.516283, 46.860914], [29.516082, 46.861512], [29.516029, 46.861744]]}, "properties": {"district": "Парканы", "uid": "n4418837238", "kind": "via_entry", "entry_id": "Пар-000", "entry_road": "Бендерский мост", "distance_km": 7.0754, "duration_s": 571.9}}, {"type": "Feature", "geometry": {"type": "LineString", "coordinates": [[29.483304, 46.824154], [29.483349, 46.824141], [29.483782, 46.824007], [29.483939, 46.823959], [29.484097, 46.823912], [29.484045, 46.823804], [29.483968, 46.82365], [29.483598, 46.822917], [29.483541, 46.822802], [29.483438, 46.822597], [29.483536, 46.822568], [29.48496, 46.82213], [29.48509, 46.822088], [29.485131, 46.822169], [29.485238, 46.822378], [29.48538, 46.822659], [29.485495, 46.822883], [29.485499, 46.822892], [29.485705, 46.823296], [29.485765, 46.8234], [29.485795, 46.823472], [29.486483, 46.824787], [29.486678, 46.825161], [29.486714, 46.825229], [29.486746, 46.825294], [29.486842, 46.825484], [29.487625, 46.827029], [29.487957, 46.827685], [29.48804, 46.827913], [29.487987, 46.828141], [29.487765, 46.829116], [29.487744, 46.829211], [29.487726, 46.829816], [29.48774, 46.82997], [29.487794, 46.830313], [29.487802, 46.830362], [29.487832, 46.830555], [29.487838, 46.83061], [29.487889, 46.831051], [29.488041, 46.831314], [29.488122, 46.831434], [29.48816, 46.831472], [29.488225, 46.831538], [29.488326, 46.831624], [29.488436, 46.831697], [29.488694, 46.831821], [29.488784, 46.831853], [29.488933, 46.831896], [29.489066, 46.83193], [29.489225, 46.831961], [29.489871, 46.832054], [29.492932, 46.832424], [29.493475, 46.83249], [29.493551, 46.832499], [29.496614, 46.8329], [29.499785, 46.833259], [29.500924, 46.833391], [29.503519, 46.83378], [29.504346, 46.833913], [29.5043, 46.834039], [29.504181, 46.834005], [29.503563, 46.833882], [29.501791, 46.833599], [29.500814, 46.833466], [29.498412, 46.833187], [29.496445, 46.832965], [29.493515, 46.832594], [29.493449, 46.832586], [29.492908, 46.83252], [29.491253, 46.832322], [29.489846, 46.832153], [29.489674, 46.832125], [29.489492, 46.832133], [29.489221, 46.832172], [29.488259, 46.832301], [29.488091, 46.832318], [29.48792, 46.832308], [29.487812, 46.832283], [29.487635, 46.832225], [29.48713, 46.832055], [29.487065, 46.832033], [29.487005, 46.832009], [29.486948, 46.831977], [29.486895, 46.831934], [29.486868, 46.831901], [29.486832, 46.831849], [29.486807, 46.831796], [29.486793, 46.831737], [29.486769, 46.831597], [29.486878, 46.831441], [29.487005, 46.831247], [29.487102, 46.831006], [29.487156, 46.830834], [29.487186, 46.830672], [29.487203, 46.830466], [29.487261, 46.830362], [29.487319, 46.830313], [29.487397, 46.830281], [29.4875, 46.830265], [29.487595, 46.830269], [29.487684, 46.830294], [29.487802, 46.830362], [29.487832, 46.830555], [29.487838, 46.83061], [29.487889, 46.831051], [29.488041, 46.831314], [29.488122, 46.831434], [29.48816, 46.831472], [29.488225, 46.831538], [29.488326, 46.831624], [29.488436, 46.831697], [29.488694, 46.831821], [29.488784, 46.831853], [29.488933, 46.831896], [29.489066, 46.83193], [29.489225, 46.831961], [29.489871, 46.832054], [29.492932, 46.832424], [29.493475, 46.83249], [29.493551, 46.832499], [29.496614, 46.8329], [29.499785, 46.833259], [29.500924, 46.833391], [29.503519, 46.83378], [29.504346, 46.833913], [29.504547, 46.833945], [29.50465, 46.833962], [29.504794, 46.833985], [29.50502, 46.834021], [29.505505, 46.834101], [29.50598, 46.83419], [29.506148, 46.834225], [29.506604, 46.834318], [29.507429, 46.834445], [29.508261, 46.834607], [29.508663, 46.834699], [29.50934, 46.834791], [29.509744, 46.834863], [29.509713, 46.835043], [29.509696, 46.835105], [29.509673, 46.835185], [29.509627, 46.835348], [29.509592, 46.835471], [29.509562, 46.8356], [29.509444, 46.836132], [29.509314, 46.836707], [29.50931, 46.836766], [29.509332, 46.83676], [29.509383, 46.836758], [29.509431, 46.836767], [29.509473, 46.836787], [29.509503, 46.836814], [29.509519, 46.836848], [29.509517, 46.836882], [29.509508, 46.8369], [29.509897, 46.836985], [29.511323, 46.837167], [29.511638, 46.837207], [29.511757, 46.837229], [29.51195, 46.837264], [29.512106, 46.837294], [29.513366, 46.837554], [29.514754, 46.837898], [29.514723, 46.837985], [29.51471, 46.838067], [29.514678, 46.838173], [29.514538, 46.838541], [29.514438, 46.838778], [29.514115, 46.83947], [29.513792, 46.84016], [29.513384, 46.840983], [29.512641, 46.842487], [29.512129, 46.843486], [29.511724, 46.844264], [29.511579, 46.844461], [29.511352, 46.844709], [29.510675, 46.845359], [29.509999, 46.846051], [29.508679, 46.847439], [29.508449, 46.847698], [29.509861, 46.848321], [29.509911, 46.848345], [29.511083, 46.848797], [29.51236, 46.849208], [29.512933, 46.849393], [29.513561, 46.849595], [29.514965, 46.850029], [29.515275, 46.850122], [29.515225, 46.850313], [29.514826, 46.852155], [29.514362, 46.854135], [29.513748, 46.856905], [29.513397, 46.858471], [29.514948, 46.85869], [29.514706, 46.860026], [29.514738, 46.860195], [29.514885, 46.860328], [29.515082, 46.860413], [29.516315, 46.860708], [29.516283, 46.860914], [29.516082, 46.861512], [29.516029, 46.861744]]}, "properties": {"district": "Парканы", "uid": "n4418837238", "kind": "via_entry", "entry_id": "Пар-001", "entry_road": "Бендерский мост", "distance_km": 10.0859, "duration_s": 767.2}}, {"type": "Feature", "geometry": {"type": "LineString", "coordinates": [[29.483304, 46.824154], [29.483349, 46.824141], [29.483782, 46.824007], [29.483939, 46.823959], [29.484097, 46.823912], [29.484045, 46.823804], [29.483968, 46.82365], [29.483598, 46.822917], [29.483541, 46.822802], [29.483438, 46.822597], [29.483536, 46.822568], [29.48496, 46.82213], [29.48509, 46.822088], [29.485131, 46.822169], [29.485238, 46.822378], [29.48538, 46.822659], [29.485495, 46.822883], [29.485499, 46.822892], [29.485705, 46.823296], [29.485765, 46.8234], [29.485795, 46.823472], [29.486483, 46.824787], [29.486678, 46.825161], [29.486714, 46.825229], [29.486746, 46.825294], [29.486842, 46.825484], [29.487625, 46.827029], [29.487957, 46.827685], [29.48804, 46.827913], [29.487987, 46.828141], [29.487765, 46.829116], [29.487744, 46.829211], [29.487726, 46.829816], [29.48774, 46.82997], [29.487794, 46.830313], [29.487802, 46.830362], [29.487832, 46.830555], [29.487838, 46.83061], [29.487889, 46.831051], [29.488041, 46.831314], [29.488122, 46.831434], [29.48816, 46.831472], [29.488225, 46.831538], [29.488326, 46.831624], [29.488436, 46.831697], [29.488694, 46.831821], [29.488784, 46.831853], [29.488933, 46.831896], [29.489066, 46.83193], [29.489225, 46.831961], [29.489871, 46.832054], [29.492932, 46.832424], [29.493475, 46.83249], [29.493551, 46.832499], [29.496614, 46.8329], [29.499785, 46.833259], [29.500924, 46.833391], [29.503519, 46.83378], [29.504346, 46.833913], [29.504547, 46.833945], [29.50465, 46.833962], [29.504794, 46.833985], [29.50502, 46.834021], [29.505505, 46.834101], [29.50598, 46.83419], [29.506148, 46.834225], [29.506604, 46.834318], [29.507429, 46.834445], [29.508261, 46.834607], [29.508663, 46.834699], [29.50934, 46.834791], [29.509744, 46.834863], [29.51012, 46.834921], [29.511523, 46.835098], [29.514027, 46.835438], [29.51426, 46.835463], [29.514617, 46.835502], [29.515066, 46.835527], [29.515303, 46.835539], [29.517557, 46.835511], [29.519821, 46.835497], [29.52171, 46.835458], [29.52188, 46.835457], [29.522491, 46.83546], [29.524432, 46.835457], [29.524443, 46.835457], [29.525354, 46.835472], [29.525685, 46.835494], [29.525953, 46.835512], [29.5268, 46.835602], [29.527119, 46.835641], [29.527446, 46.835688], [29.527612, 46.835711], [29.52806, 46.835783], [29.528917, 46.835901], [29.529333, 46.835927], [29.529932, 46.835988], [29.530442, 46.836041], [29.530862, 46.836084], [29.532303, 46.836203], [29.533261, 46.836282], [29.533669, 46.836316], [29.535742, 46.836471], [29.535956, 46.836487], [29.53679, 46.836549], [29.536867, 46.836063], [29.536436, 46.836028], [29.535956, 46.836487], [29.535742, 46.836471], [29.533922, 46.836335], [29.533669, 46.836316], [29.533261, 46.836282], [29.532303, 46.836203], [29.530862, 46.836084], [29.530442, 46.836041], [29.529932, 46.835988], [29.529333, 46.835927], [29.528917, 46.835901], [29.52806, 46.835783], [29.527612, 46.835711], [29.527446, 46.835688], [29.527119, 46.835641], [29.5268, 46.835602], [29.525953, 46.835512], [29.525685, 46.835494], [29.525354, 46.835472], [29.524443, 46.835457], [29.524432, 46.835457], [29.522491, 46.83546], [29.52188, 46.835457], [29.521895, 46.835595], [29.521902, 46.835631], [29.522108, 46.836712], [29.522109, 46.836832], [29.522066, 46.836952], [29.521972, 46.837117], [29.521951, 46.837151], [29.521797, 46.837282], [29.521723, 46.837339], [29.521623, 46.83747], [29.521462, 46.837779], [29.521336, 46.83808], [29.521134, 46.838588], [29.520989, 46.839046], [29.520847, 46.839595], [29.52072, 46.840135], [29.52057, 46.840602], [29.5205, 46.840793], [29.520278, 46.841341], [29.519992, 46.841964], [29.519421, 46.843119], [29.519228, 46.843538], [29.51896, 46.844039], [29.518586, 46.844754], [29.518267, 46.845358], [29.51805, 46.845802], [29.517758, 46.846387], [29.517617, 46.84664], [29.517495, 46.846853], [29.51712, 46.84739], [29.516289, 46.848456], [29.51606, 46.848754], [29.515836, 46.849083], [29.51554, 46.849576], [29.515275, 46.850122], [29.515225, 46.850313], [29.514826, 46.852155], [29.514362, 46.854135], [29.513748, 46.856905], [29.513397, 46.858471], [29.514948, 46.85869], [29.514706, 46.860026], [29.514738, 46.860195], [29.514885, 46.860328], [29.515082, 46.860413], [29.516315, 46.860708], [29.516283, 46.860914], [29.516082, 46.861512], [29.516029, 46.861744]]}, "properties": {"district": "Парканы", "uid": "n4418837238", "kind": "via_entry", "entry_id": "Пар-002", "entry_road": "Кишинёв-Тирасполь", "distance_km": 9.6697, "duration_s": 860.6}}, {"type": "Feature", "geometry": {"type": "LineString", "coordinates": [[29.483304, 46.824154], [29.483349, 46.824141], [29.483782, 46.824007], [29.483939, 46.823959], [29.484097, 46.823912], [29.484045, 46.823804], [29.483968, 46.82365], [29.483598, 46.822917], [29.483541, 46.822802], [29.483438, 46.822597], [29.483536, 46.822568], [29.48496, 46.82213], [29.48509, 46.822088], [29.485131, 46.822169], [29.485238, 46.822378], [29.48538, 46.822659], [29.485495, 46.822883], [29.485499, 46.822892], [29.485705, 46.823296], [29.485765, 46.8234], [29.485795, 46.823472], [29.486483, 46.824787], [29.486678, 46.825161], [29.486714, 46.825229], [29.486746, 46.825294], [29.486842, 46.825484], [29.487625, 46.827029], [29.487957, 46.827685], [29.48804, 46.827913], [29.487987, 46.828141], [29.487765, 46.829116], [29.487744, 46.829211], [29.487726, 46.829816], [29.48774, 46.82997], [29.487794, 46.830313], [29.487802, 46.830362], [29.487832, 46.830555], [29.487838, 46.83061], [29.487889, 46.831051], [29.488041, 46.831314], [29.488122, 46.831434], [29.48816, 46.831472], [29.488225, 46.831538], [29.488326, 46.831624], [29.488436, 46.831697], [29.488694, 46.831821], [29.488784, 46.831853], [29.488933, 46.831896], [29.489066, 46.83193], [29.489225, 46.831961], [29.489871, 46.832054], [29.492932, 46.832424], [29.493475, 46.83249], [29.493551, 46.832499], [29.496614, 46.8329], [29.499785, 46.833259], [29.500924, 46.833391], [29.503519, 46.83378], [29.504346, 46.833913], [29.504547, 46.833945], [29.50465, 46.833962], [29.504794, 46.833985], [29.50502, 46.834021], [29.505505, 46.834101], [29.50598, 46.83419], [29.506148, 46.834225], [29.506604, 46.834318], [29.507429, 46.834445], [29.508261, 46.834607], [29.508663, 46.834699], [29.50934, 46.834791], [29.509744, 46.834863], [29.51012, 46.834921], [29.511523, 46.835098], [29.514027, 46.835438], [29.51426, 46.835463], [29.514617, 46.835502], [29.515066, 46.835527], [29.515303, 46.835539], [29.517557, 46.835511], [29.519821, 46.835497], [29.52171, 46.835458], [29.52188, 46.835457], [29.522491, 46.83546], [29.524432, 46.835457], [29.524443, 46.835457], [29.525354, 46.835472], [29.525685, 46.835494], [29.525953, 46.835512], [29.5268, 46.835602], [29.527119, 46.835641], [29.527446, 46.835688], [29.527612, 46.835711], [29.52806, 46.835783], [29.528917, 46.835901], [29.529333, 46.835927], [29.529932, 46.835988], [29.530442, 46.836041], [29.530862, 46.836084], [29.532303, 46.836203], [29.533261, 46.836282], [29.533669, 46.836316], [29.535742, 46.836471], [29.535956, 46.836487], [29.53679, 46.836549], [29.53754, 46.836605], [29.545342, 46.83697], [29.545872, 46.836964], [29.546264, 46.836967], [29.546506, 46.836917], [29.546508, 46.836884], [29.546525, 46.836854], [29.546556, 46.836829], [29.546597, 46.836812], [29.546636, 46.836805], [29.546676, 46.836807], [29.546717, 46.836816], [29.546752, 46.836833], [29.546766, 46.836846], [29.546778, 46.836857], [29.546793, 46.836885], [29.547059, 46.83695], [29.548043, 46.836939], [29.548431, 46.836935], [29.548808, 46.836927], [29.551393, 46.836876], [29.551979, 46.836862], [29.552755, 46.836846], [29.554149, 46.836817], [29.554566, 46.836808], [29.555202, 46.836786], [29.555402, 46.836779], [29.555762, 46.836746], [29.556417, 46.83668], [29.556497, 46.836672], [29.556726, 46.836646], [29.557309, 46.836587], [29.557663, 46.836547], [29.557913, 46.836519], [29.559585, 46.83633], [29.560521, 46.836227], [29.561139, 46.83616], [29.561454, 46.836127], [29.561445, 46.836596], [29.561437, 46.837039], [29.561434, 46.837209], [29.561428, 46.83756], [29.561424, 46.837754], [29.561419, 46.838026], [29.561414, 46.838324], [29.561402, 46.838958], [29.561394, 46.839441], [29.561385, 46.839904], [29.561378, 46.840319], [29.561372, 46.840609], [29.561365, 46.841037], [29.561352, 46.841746], [29.561348, 46.841941], [29.561346, 46.84205], [29.561342, 46.842304], [29.561341, 46.842344], [29.561338, 46.842501], [29.561335, 46.842688], [29.561333, 46.842764], [29.561331, 46.842879], [29.56133, 46.842954], [29.561326, 46.844432], [29.561325, 46.844894], [29.56133, 46.845115], [29.561414, 46.845267], [29.561569, 46.845371], [29.562011, 46.845471], [29.563597, 46.845679], [29.566089, 46.846001], [29.568991, 46.846411], [29.569032, 46.846417], [29.569501, 46.846483], [29.569971, 46.846541], [29.571862, 46.846815], [29.572619, 46.846929], [29.573996, 46.847135], [29.574501, 46.847185], [29.576783, 46.847414], [29.578608, 46.847665], [29.57983, 46.847834], [29.581007, 46.847998], [29.582955, 46.848257], [29.5846, 46.848476], [29.587076, 46.848805], [29.588688, 46.849019], [29.590774, 46.849317], [29.590921, 46.849316], [29.591064, 46.849306], [29.591211, 46.849288], [29.591398, 46.849256], [29.591437, 46.849249], [29.591477, 46.84925], [29.591518, 46.84926], [29.591553, 46.849277], [29.591567, 46.84929], [29.591579, 46.849301], [29.591594, 46.849328], [29.591597, 46.849352], [29.591595, 46.849361], [29.591592, 46.849375], [29.591579, 46.849396], [29.591554, 46.849419], [29.591521, 46.849436], [29.591482, 46.849446], [29.591473, 46.849446], [29.591406, 46.84953], [29.591389, 46.849563], [29.591362, 46.849615], [29.591266, 46.84983], [29.591121, 46.850111], [29.591097, 46.850182], [29.591086, 46.850255], [29.591094, 46.850341], [29.591122, 46.850413], [29.591297, 46.850533], [29.592791, 46.850736], [29.593058, 46.850772], [29.594934, 46.851026], [29.594964, 46.85103], [29.596358, 46.851196], [29.597329, 46.851347], [29.599549, 46.851598], [29.602247, 46.851881], [29.606218, 46.852296], [29.606342, 46.852309], [29.607488, 46.852432], [29.60789, 46.852475], [29.608153, 46.852503], [29.608577, 46.852548], [29.608794, 46.852571], [29.609882, 46.852688], [29.610053, 46.852706], [29.610576, 46.852749], [29.610806, 46.852699], [29.610919, 46.852671], [29.611042, 46.852636], [29.611117, 46.852601], [29.611275, 46.85253], [29.611421, 46.852446], [29.611542, 46.852374], [29.611835, 46.852146], [29.61195, 46.852086], [29.612077, 46.852037], [29.612145, 46.852017], [29.61222, 46.852007], [29.612259, 46.852006], [29.612296, 46.852009], [29.612325, 46.852012], [29.612354, 46.852018], [29.612409, 46.852035], [29.612456, 46.852056], [29.612494, 46.852079], [29.612524, 46.852104], [29.612565, 46.852157], [29.612582, 46.852203], [29.612586, 46.852251], [29.612576, 46.852297], [29.612394, 46.853021], [29.61209, 46.854377], [29.612074, 46.854404], [29.61205, 46.854427], [29.612015, 46.854449], [29.611981, 46.85447], [29.611926, 46.854511], [29.611882, 46.85455], [29.61185, 46.854588], [29.611782, 46.854666], [29.611731, 46.854926], [29.611656, 46.855308], [29.61162, 46.855481], [29.611581, 46.85567], [29.611576, 46.855695], [29.611471, 46.856204], [29.611335, 46.856863], [29.611093, 46.857967], [29.611069, 46.858078], [29.611032, 46.858245], [29.611004, 46.858375], [29.610884, 46.858923], [29.610726, 46.859712], [29.610535, 46.860457], [29.610432, 46.860908], [29.610423, 46.860951], [29.610248, 46.861765], [29.610121, 46.862355], [29.609949, 46.863154], [29.609835, 46.863685], [29.609792, 46.863885], [29.609697, 46.864328], [29.60961, 46.864734], [29.60949, 46.865295], [29.609274, 46.866403], [29.609203, 46.866754], [29.609058, 46.867465], [29.608873, 46.868259], [29.608841, 46.868396], [29.60868, 46.869089], [29.608619, 46.869357], [29.6086, 46.869439], [29.608457, 46.870059], [29.608384, 46.870374], [29.608328, 46.870618], [29.608232, 46.871035], [29.607857, 46.87261], [29.607653, 46.87315], [29.607415, 46.873863], [29.607335, 46.874101], [29.607229, 46.874404], [29.606848, 46.875493], [29.606827, 46.875554], [29.606423, 46.876707], [29.606198, 46.877257], [29.604832, 46.880269], [29.604791, 46.880359], [29.602626, 46.885119], [29.60211, 46.886265], [29.599525, 46.891935], [29.594256, 46.904031], [29.591643, 46.909883], [29.588063, 46.918185], [29.585837, 46.923205], [29.585438, 46.923852], [29.58451, 46.92489], [29.582769, 46.926874], [29.582189, 46.927528], [29.581868, 46.9279], [29.581707, 46.928083], [29.581247, 46.928607], [29.579158, 46.930987], [29.576456, 46.934136], [29.574588, 46.936237], [29.572928, 46.938148], [29.571302, 46.940036], [29.57089, 46.939956], [29.570759, 46.939931], [29.569902, 46.939743], [29.563613, 46.938384], [29.557412, 46.937], [29.554263, 46.936287], [29.552073, 46.935804], [29.551368, 46.93564], [29.547437, 46.934777], [29.544994, 46.934218], [29.542967, 46.933757], [29.541103, 46.933341], [29.540933, 46.933308], [29.540782, 46.933285], [29.540653, 46.933279], [29.540542, 46.933283], [29.54044, 46.933295], [29.540338, 46.933315], [29.54021, 46.933363], [29.539997, 46.933467], [29.539911, 46.933521], [29.53979, 46.933595], [29.539671, 46.933688], [29.539615, 46.933739], [29.539551, 46.933804], [29.539441, 46.933945], [29.538862, 46.934736], [29.538801, 46.934811], [29.538713, 46.934887], [29.53861, 46.934942], [29.53851, 46.934975], [29.538373, 46.934998], [29.538205, 46.934994], [29.537888, 46.934944], [29.533447, 46.934335], [29.529627, 46.933823], [29.525845, 46.93329], [29.524193, 46.933047], [29.524027, 46.933017], [29.523957, 46.932999], [29.523724, 46.932992], [29.523523, 46.933003], [29.523375, 46.933034], [29.523274, 46.933066], [29.523061, 46.93317], [29.522529, 46.934789], [29.522406, 46.935223], [29.522341, 46.935407], [29.521751, 46.937305], [29.521194, 46.939155], [29.518863, 46.938768], [29.517226, 46.93849], [29.515668, 46.938178], [29.515543, 46.938142], [29.515436, 46.938101], [29.515303, 46.938032], [29.514014, 46.937144], [29.513871, 46.937042], [29.512541, 46.936118], [29.511772, 46.935614], [29.511605, 46.935538], [29.511422, 46.935472], [29.510928, 46.935384], [29.507912, 46.934944], [29.502248, 46.934071], [29.501865, 46.93401], [29.500702, 46.933525], [29.500149, 46.933295], [29.49582, 46.932258], [29.489457, 46.931024], [29.484869, 46.930322], [29.484174, 46.930216], [29.484201, 46.930109], [29.484963, 46.927415], [29.48579, 46.924691], [29.486018, 46.923832], [29.486611, 46.921659], [29.486827, 46.920814], [29.486931, 46.920158], [29.486979, 46.919126], [29.487055, 46.918221], [29.48712, 46.91729], [29.48786, 46.90818], [29.487867, 46.90809], [29.488131, 46.904636], [29.488861, 46.89618], [29.4892, 46.892248], [29.489327, 46.890777], [29.489515, 46.890302], [29.489675, 46.890126], [29.489947, 46.889827], [29.490698, 46.889345], [29.491257, 46.888987], [29.491719, 46.88869], [29.492233, 46.888361], [29.492752, 46.888028], [29.493567, 46.887505], [29.493869, 46.887312], [29.495153, 46.886488], [29.497468, 46.885029], [29.49763, 46.884864], [29.497878, 46.884509], [29.497892, 46.884452], [29.498787, 46.880784], [29.498813, 46.880686], [29.500286, 46.874433], [29.500303, 46.87436], [29.501972, 46.867007], [29.502882, 46.863103], [29.502892, 46.863047], [29.505372, 46.863308], [29.506099, 46.863346], [29.506866, 46.863426], [29.507369, 46.863495], [29.508871, 46.863662], [29.5099, 46.863774], [29.51112, 46.863925], [29.51233, 46.864062], [29.5151, 46.864398], [29.515235, 46.864395], [29.515352, 46.864363], [29.515422, 46.864303], [29.515465, 46.864222], [29.516029, 46.861744]]}, "properties": {"district": "Парканы", "uid": "n4418837238", "kind": "via_entry", "entry_id": "Пар-003", "entry_road": "", "distance_km": 39.3759, "duration_s": 3042.7}}, {"type": "Feature", "geometry": {"type": "LineString", "coordinates": [[29.483304, 46.824154], [29.483349, 46.824141], [29.483782, 46.824007], [29.483939, 46.823959], [29.484097, 46.823912], [29.484045, 46.823804], [29.483968, 46.82365], [29.483598, 46.822917], [29.483541, 46.822802], [29.483438, 46.822597], [29.483536, 46.822568], [29.48496, 46.82213], [29.48509, 46.822088], [29.485131, 46.822169], [29.485238, 46.822378], [29.48538, 46.822659], [29.485495, 46.822883], [29.485499, 46.822892], [29.485705, 46.823296], [29.485765, 46.8234], [29.485795, 46.823472], [29.486483, 46.824787], [29.486678, 46.825161], [29.486714, 46.825229], [29.486746, 46.825294], [29.486842, 46.825484], [29.487625, 46.827029], [29.487957, 46.827685], [29.48804, 46.827913], [29.487987, 46.828141], [29.487765, 46.829116], [29.487744, 46.829211], [29.487726, 46.829816], [29.48774, 46.82997], [29.487794, 46.830313], [29.487802, 46.830362], [29.487832, 46.830555], [29.487838, 46.83061], [29.487889, 46.831051], [29.488041, 46.831314], [29.488122, 46.831434], [29.48816, 46.831472], [29.488225, 46.831538], [29.488326, 46.831624], [29.488436, 46.831697], [29.488694, 46.831821], [29.488784, 46.831853], [29.488933, 46.831896], [29.489066, 46.83193], [29.489225, 46.831961], [29.489871, 46.832054], [29.492932, 46.832424], [29.493475, 46.83249], [29.493551, 46.832499], [29.496614, 46.8329], [29.499785, 46.833259], [29.500924, 46.833391], [29.503519, 46.83378], [29.504346, 46.833913], [29.504547, 46.833945], [29.50465, 46.833962], [29.504794, 46.833985], [29.50502, 46.834021], [29.505505, 46.834101], [29.50598, 46.83419], [29.506148, 46.834225], [29.506604, 46.834318], [29.507429, 46.834445], [29.508261, 46.834607], [29.508663, 46.834699], [29.50934, 46.834791], [29.509744, 46.834863], [29.51012, 46.834921], [29.511523, 46.835098], [29.514027, 46.835438], [29.51426, 46.835463], [29.514617, 46.835502], [29.515066, 46.835527], [29.515303, 46.835539], [29.517557, 46.835511], [29.519821, 46.835497], [29.52171, 46.835458], [29.52188, 46.835457], [29.522491, 46.83546], [29.524432, 46.835457], [29.524443, 46.835457], [29.525354, 46.835472], [29.525685, 46.835494], [29.525953, 46.835512], [29.5268, 46.835602], [29.527119, 46.835641], [29.527446, 46.835688], [29.527612, 46.835711], [29.52806, 46.835783], [29.528917, 46.835901], [29.529333, 46.835927], [29.529932, 46.835988], [29.530442, 46.836041], [29.530862, 46.836084], [29.532303, 46.836203], [29.533261, 46.836282], [29.533669, 46.836316], [29.535742, 46.836471], [29.535956, 46.836487], [29.53679, 46.836549], [29.53754, 46.836605], [29.545342, 46.83697], [29.545872, 46.836964], [29.546264, 46.836967], [29.546506, 46.836917], [29.546508, 46.836884], [29.546525, 46.836854], [29.546556, 46.836829], [29.546597, 46.836812], [29.546636, 46.836805], [29.546676, 46.836807], [29.546717, 46.836816], [29.546752, 46.836833], [29.546766, 46.836846], [29.546778, 46.836857], [29.546793, 46.836885], [29.547059, 46.83695], [29.548043, 46.836939], [29.548431, 46.836935], [29.548808, 46.836927], [29.551393, 46.836876], [29.551979, 46.836862], [29.552755, 46.836846], [29.554149, 46.836817], [29.554566, 46.836808], [29.555202, 46.836786], [29.555402, 46.836779], [29.555762, 46.836746], [29.556417, 46.83668], [29.556497, 46.836672], [29.556726, 46.836646], [29.557309, 46.836587], [29.557663, 46.836547], [29.557913, 46.836519], [29.559585, 46.83633], [29.560521, 46.836227], [29.561139, 46.83616], [29.561454, 46.836127], [29.561445, 46.836596], [29.561437, 46.837039], [29.561434, 46.837209], [29.561428, 46.83756], [29.561424, 46.837754], [29.561419, 46.838026], [29.561414, 46.838324], [29.561402, 46.838958], [29.561394, 46.839441], [29.561385, 46.839904], [29.561378, 46.840319], [29.561372, 46.840609], [29.561365, 46.841037], [29.561352, 46.841746], [29.561348, 46.841941], [29.561346, 46.84205], [29.561342, 46.842304], [29.561341, 46.842344], [29.561338, 46.842501], [29.561335, 46.842688], [29.561333, 46.842764], [29.561331, 46.842879], [29.56133, 46.842954], [29.561326, 46.844432], [29.561325, 46.844894], [29.56133, 46.845115], [29.561414, 46.845267], [29.561569, 46.845371], [29.562011, 46.845471], [29.563597, 46.845679], [29.566089, 46.846001], [29.568991, 46.846411], [29.569032, 46.846417], [29.569501, 46.846483], [29.569971, 46.846541], [29.571862, 46.846815], [29.572619, 46.846929], [29.573996, 46.847135], [29.574501, 46.847185], [29.576783, 46.847414], [29.578608, 46.847665], [29.57983, 46.847834], [29.581007, 46.847998], [29.582955, 46.848257], [29.5846, 46.848476], [29.587076, 46.848805], [29.588688, 46.849019], [29.590774, 46.849317], [29.590921, 46.849316], [29.591064, 46.849306], [29.591211, 46.849288], [29.591398, 46.849256], [29.591437, 46.849249], [29.591477, 46.84925], [29.591518, 46.84926], [29.591553, 46.849277], [29.591567, 46.84929], [29.591579, 46.849301], [29.591594, 46.849328], [29.591597, 46.849352], [29.591595, 46.849361], [29.591592, 46.849375], [29.591579, 46.849396], [29.591554, 46.849419], [29.591521, 46.849436], [29.591482, 46.849446], [29.591473, 46.849446], [29.591406, 46.84953], [29.591389, 46.849563], [29.591362, 46.849615], [29.591266, 46.84983], [29.591121, 46.850111], [29.591097, 46.850182], [29.591086, 46.850255], [29.591094, 46.850341], [29.591122, 46.850413], [29.591297, 46.850533], [29.592791, 46.850736], [29.593058, 46.850772], [29.594934, 46.851026], [29.594964, 46.85103], [29.596358, 46.851196], [29.597329, 46.851347], [29.599549, 46.851598], [29.602247, 46.851881], [29.606218, 46.852296], [29.606342, 46.852309], [29.607488, 46.852432], [29.60789, 46.852475], [29.608153, 46.852503], [29.608577, 46.852548], [29.608794, 46.852571], [29.609882, 46.852688], [29.610053, 46.852706], [29.610576, 46.852749], [29.610806, 46.852699], [29.610919, 46.852671], [29.611042, 46.852636], [29.611117, 46.852601], [29.611275, 46.85253], [29.611421, 46.852446], [29.611542, 46.852374], [29.611835, 46.852146], [29.61195, 46.852086], [29.612077, 46.852037], [29.612145, 46.852017], [29.61222, 46.852007], [29.612259, 46.852006], [29.612296, 46.852009], [29.612325, 46.852012], [29.612354, 46.852018], [29.612409, 46.852035], [29.612456, 46.852056], [29.612494, 46.852079], [29.612524, 46.852104], [29.612565, 46.852157], [29.612582, 46.852203], [29.612586, 46.852251], [29.612576, 46.852297], [29.612394, 46.853021], [29.61209, 46.854377], [29.612074, 46.854404], [29.61205, 46.854427], [29.612015, 46.854449], [29.611981, 46.85447], [29.611926, 46.854511], [29.611882, 46.85455], [29.61185, 46.854588], [29.611782, 46.854666], [29.611731, 46.854926], [29.611656, 46.855308], [29.61162, 46.855481], [29.611581, 46.85567], [29.611576, 46.855695], [29.611471, 46.856204], [29.611335, 46.856863], [29.611093, 46.857967], [29.611069, 46.858078], [29.611032, 46.858245], [29.611004, 46.858375], [29.610884, 46.858923], [29.610726, 46.859712], [29.610535, 46.860457], [29.610432, 46.860908], [29.610423, 46.860951], [29.610248, 46.861765], [29.610121, 46.862355], [29.609949, 46.863154], [29.609835, 46.863685], [29.609792, 46.863885], [29.609697, 46.864328], [29.60961, 46.864734], [29.60949, 46.865295], [29.609274, 46.866403], [29.609203, 46.866754], [29.609058, 46.867465], [29.608873, 46.868259], [29.608841, 46.868396], [29.60868, 46.869089], [29.608619, 46.869357], [29.6086, 46.869439], [29.608457, 46.870059], [29.608384, 46.870374], [29.608328, 46.870618], [29.608232, 46.871035], [29.607857, 46.87261], [29.607653, 46.87315], [29.607415, 46.873863], [29.607335, 46.874101], [29.607229, 46.874404], [29.606848, 46.875493], [29.606827, 46.875554], [29.606423, 46.876707], [29.606198, 46.877257], [29.604832, 46.880269], [29.604791, 46.880359], [29.602626, 46.885119], [29.60211, 46.886265], [29.599525, 46.891935], [29.594256, 46.904031], [29.593794, 46.90397], [29.593233, 46.903908], [29.590527, 46.903604], [29.58653, 46.903129], [29.584886, 46.902938], [29.582601, 46.902684], [29.578734, 46.902258], [29.575646, 46.901912], [29.572846, 46.901605], [29.569612, 46.901241], [29.567701, 46.900996], [29.56578, 46.900727], [29.559861, 46.900043], [29.556554, 46.899612], [29.554505, 46.899337], [29.553343, 46.899216], [29.551302, 46.899057], [29.549224, 46.898863], [29.545025, 46.898434], [29.532557, 46.897063], [29.532393, 46.897028], [29.532208, 46.896968], [29.532089, 46.896872], [29.532028, 46.896797], [29.532009, 46.896726], [29.531992, 46.89666], [29.532527, 46.893546], [29.533075, 46.890669], [29.533215, 46.890028], [29.533672, 46.887856], [29.534157, 46.885751], [29.534275, 46.88532], [29.533864, 46.885264], [29.530676, 46.884828], [29.527501, 46.884389], [29.518491, 46.883027], [29.518016, 46.882888], [29.517707, 46.882824], [29.51624, 46.882623], [29.515448, 46.882534], [29.513094, 46.882267], [29.510511, 46.88196], [29.509714, 46.881881], [29.505418, 46.881445], [29.502301, 46.881115], [29.501511, 46.881023], [29.499167, 46.88076], [29.498965, 46.880736], [29.498813, 46.880686], [29.500286, 46.874433], [29.500303, 46.87436], [29.501972, 46.867007], [29.502882, 46.863103], [29.502892, 46.863047], [29.505372, 46.863308], [29.506099, 46.863346], [29.506866, 46.863426], [29.507369, 46.863495], [29.508871, 46.863662], [29.5099, 46.863774], [29.51112, 46.863925], [29.51233, 46.864062], [29.5151, 46.864398], [29.515235, 46.864395], [29.515352, 46.864363], [29.515422, 46.864303], [29.515465, 46.864222], [29.516029, 46.861744]]}, "properties": {"district": "Парканы", "uid": "n4418837238", "kind": "via_entry", "entry_id": "Пар-005", "entry_road": "", "distance_km": 30.3878, "duration_s": 2913.1}}, {"type": "Feature", "geometry": {"type": "LineString", "coordinates": [[29.483304, 46.824154], [29.483349, 46.824141], [29.483782, 46.824007], [29.483939, 46.823959], [29.484097, 46.823912], [29.484045, 46.823804], [29.483968, 46.82365], [29.483598, 46.822917], [29.483541, 46.822802], [29.483438, 46.822597], [29.483536, 46.822568], [29.48496, 46.82213], [29.48509, 46.822088], [29.485131, 46.822169], [29.485238, 46.822378], [29.48538, 46.822659], [29.485495, 46.822883], [29.485499, 46.822892], [29.485705, 46.823296], [29.485765, 46.8234], [29.485795, 46.823472], [29.486483, 46.824787], [29.486678, 46.825161], [29.486714, 46.825229], [29.486746, 46.825294], [29.486842, 46.825484], [29.487625, 46.827029], [29.487957, 46.827685], [29.48804, 46.827913], [29.487987, 46.828141], [29.487765, 46.829116], [29.487744, 46.829211], [29.487726, 46.829816], [29.48774, 46.82997], [29.487794, 46.830313], [29.487802, 46.830362], [29.487832, 46.830555], [29.487838, 46.83061], [29.487889, 46.831051], [29.488041, 46.831314], [29.488122, 46.831434], [29.48816, 46.831472], [29.488225, 46.831538], [29.488326, 46.831624], [29.488436, 46.831697], [29.488694, 46.831821], [29.488784, 46.831853], [29.488933, 46.831896], [29.489066, 46.83193], [29.489225, 46.831961], [29.489871, 46.832054], [29.492932, 46.832424], [29.493475, 46.83249], [29.493551, 46.832499], [29.496614, 46.8329], [29.499785, 46.833259], [29.500924, 46.833391], [29.503519, 46.83378], [29.504346, 46.833913], [29.504547, 46.833945], [29.50465, 46.833962], [29.504794, 46.833985], [29.50502, 46.834021], [29.505505, 46.834101], [29.50598, 46.83419], [29.506148, 46.834225], [29.506604, 46.834318], [29.507429, 46.834445], [29.508261, 46.834607], [29.508663, 46.834699], [29.50934, 46.834791], [29.509744, 46.834863], [29.509713, 46.835043], [29.509696, 46.835105], [29.509673, 46.835185], [29.509627, 46.835348], [29.509592, 46.835471], [29.509562, 46.8356], [29.509444, 46.836132], [29.509314, 46.836707], [29.50931, 46.836766], [29.509332, 46.83676], [29.509383, 46.836758], [29.509431, 46.836767], [29.509473, 46.836787], [29.509503, 46.836814], [29.509519, 46.836848], [29.509517, 46.836882], [29.509508, 46.8369], [29.509897, 46.836985], [29.511323, 46.837167], [29.511638, 46.837207], [29.511757, 46.837229], [29.51195, 46.837264], [29.512106, 46.837294], [29.513366, 46.837554], [29.514754, 46.837898], [29.514723, 46.837985], [29.51471, 46.838067], [29.514678, 46.838173], [29.514538, 46.838541], [29.514438, 46.838778], [29.514115, 46.83947], [29.513792, 46.84016], [29.513384, 46.840983], [29.512641, 46.842487], [29.512129, 46.843486], [29.511724, 46.844264], [29.511579, 46.844461], [29.511352, 46.844709], [29.510675, 46.845359], [29.509999, 46.846051], [29.508679, 46.847439], [29.508449, 46.847698], [29.507588, 46.848573], [29.507161, 46.849061], [29.506857, 46.849481], [29.505882, 46.850963], [29.50542, 46.851772], [29.505062, 46.852466], [29.504817, 46.853054], [29.504653, 46.853663], [29.504567, 46.854056], [29.504335, 46.855934], [29.504057, 46.85775], [29.503828, 46.858991], [29.503721, 46.8595], [29.503484, 46.860503], [29.503202, 46.861766], [29.502892, 46.863047], [29.502882, 46.863103], [29.501972, 46.867007], [29.500303, 46.87436], [29.500286, 46.874433], [29.498813, 46.880686], [29.498787, 46.880784], [29.497892, 46.884452], [29.497878, 46.884509], [29.49763, 46.884864], [29.497468, 46.885029], [29.495153, 46.886488], [29.493869, 46.887312], [29.493567, 46.887505], [29.492752, 46.888028], [29.492233, 46.888361], [29.491719, 46.88869], [29.491257, 46.888987], [29.490698, 46.889345], [29.489947, 46.889827], [29.489675, 46.890126], [29.489515, 46.890302], [29.489327, 46.890777], [29.4892, 46.892248], [29.488861, 46.89618], [29.488131, 46.904636], [29.487867, 46.90809], [29.48786, 46.90818], [29.48712, 46.91729], [29.487055, 46.918221], [29.483665, 46.918147], [29.483574, 46.918251], [29.483409, 46.918495], [29.483393, 46.9186], [29.483408, 46.918853], [29.483706, 46.9189], [29.484468, 46.918943], [29.4858, 46.918971], [29.486081, 46.918985], [29.486496, 46.918994], [29.486776, 46.919028], [29.486979, 46.919126], [29.487055, 46.918221], [29.48712, 46.91729], [29.487143, 46.917002], [29.48786, 46.90818], [29.487867, 46.90809], [29.488131, 46.904636], [29.488861, 46.89618], [29.4892, 46.892248], [29.489327, 46.890777], [29.489515, 46.890302], [29.489675, 46.890126], [29.489947, 46.889827], [29.490698, 46.889345], [29.491257, 46.888987], [29.491719, 46.88869], [29.492233, 46.888361], [29.492752, 46.888028], [29.493567, 46.887505], [29.493869, 46.887312], [29.495153, 46.886488], [29.497468, 46.885029], [29.49763, 46.884864], [29.497878, 46.884509], [29.497892, 46.884452], [29.498787, 46.880784], [29.498813, 46.880686], [29.500286, 46.874433], [29.500303, 46.87436], [29.501972, 46.867007], [29.502882, 46.863103], [29.502892, 46.863047], [29.505372, 46.863308], [29.506099, 46.863346], [29.506866, 46.863426], [29.507369, 46.863495], [29.508871, 46.863662], [29.5099, 46.863774], [29.51112, 46.863925], [29.51233, 46.864062], [29.5151, 46.864398], [29.515235, 46.864395], [29.515352, 46.864363], [29.515422, 46.864303], [29.515465, 46.864222], [29.516029, 46.861744]]}, "properties": {"district": "Парканы", "uid": "n4418837238", "kind": "via_entry", "entry_id": "Пар-009", "entry_road": "Парканы-Бычок", "distance_km": 21.6424, "duration_s": 1344.4}}, {"type": "Feature", "geometry": {"type": "LineString", "coordinates": [[29.483304, 46.824154], [29.483349, 46.824141], [29.483782, 46.824007], [29.483939, 46.823959], [29.484097, 46.823912], [29.484045, 46.823804], [29.483968, 46.82365], [29.483598, 46.822917], [29.483541, 46.822802], [29.483438, 46.822597], [29.483536, 46.822568], [29.48496, 46.82213], [29.48509, 46.822088], [29.485131, 46.822169], [29.485238, 46.822378], [29.48538, 46.822659], [29.485495, 46.822883], [29.485499, 46.822892], [29.485705, 46.823296], [29.485765, 46.8234], [29.485795, 46.823472], [29.486483, 46.824787], [29.486678, 46.825161], [29.486714, 46.825229], [29.486746, 46.825294], [29.486842, 46.825484], [29.487625, 46.827029], [29.487957, 46.827685], [29.48804, 46.827913], [29.487987, 46.828141], [29.487765, 46.829116], [29.487744, 46.829211], [29.487726, 46.829816], [29.48774, 46.82997], [29.487794, 46.830313], [29.487802, 46.830362], [29.487832, 46.830555], [29.487838, 46.83061], [29.487889, 46.831051], [29.488041, 46.831314], [29.488122, 46.831434], [29.48816, 46.831472], [29.488225, 46.831538], [29.488326, 46.831624], [29.488436, 46.831697], [29.488694, 46.831821], [29.488784, 46.831853], [29.488933, 46.831896], [29.489066, 46.83193], [29.489225, 46.831961], [29.489871, 46.832054], [29.492932, 46.832424], [29.493475, 46.83249], [29.493551, 46.832499], [29.496614, 46.8329], [29.499785, 46.833259], [29.500924, 46.833391], [29.503519, 46.83378], [29.504346, 46.833913], [29.504547, 46.833945], [29.50465, 46.833962], [29.504794, 46.833985], [29.50502, 46.834021], [29.505505, 46.834101], [29.50598, 46.83419], [29.506148, 46.834225], [29.506604, 46.834318], [29.507429, 46.834445], [29.508261, 46.834607], [29.508663, 46.834699], [29.50934, 46.834791], [29.509744, 46.834863], [29.51012, 46.834921], [29.511523, 46.835098], [29.514027, 46.835438], [29.51426, 46.835463], [29.514617, 46.835502], [29.515066, 46.835527], [29.515303, 46.835539], [29.517557, 46.835511], [29.519821, 46.835497], [29.52171, 46.835458], [29.52188, 46.835457], [29.522491, 46.83546], [29.524432, 46.835457], [29.524443, 46.835457], [29.525354, 46.835472], [29.525685, 46.835494], [29.525953, 46.835512], [29.5268, 46.835602], [29.527119, 46.835641], [29.527446, 46.835688], [29.527612, 46.835711], [29.52806, 46.835783], [29.528917, 46.835901], [29.529333, 46.835927], [29.529932, 46.835988], [29.530442, 46.836041], [29.530862, 46.836084], [29.532303, 46.836203], [29.533261, 46.836282], [29.533669, 46.836316], [29.535742, 46.836471], [29.535956, 46.836487], [29.53679, 46.836549], [29.53754, 46.836605], [29.545342, 46.83697], [29.545872, 46.836964], [29.546264, 46.836967], [29.546506, 46.836917], [29.546508, 46.836884], [29.546525, 46.836854], [29.546556, 46.836829], [29.546597, 46.836812], [29.546636, 46.836805], [29.546676, 46.836807], [29.546717, 46.836816], [29.546752, 46.836833], [29.546766, 46.836846], [29.546778, 46.836857], [29.546793, 46.836885], [29.546796, 46.836908], [29.546794, 46.836917], [29.546791, 46.836931], [29.546778, 46.836953], [29.546753, 46.836975], [29.54672, 46.836992], [29.546681, 46.837139], [29.546611, 46.837474], [29.546503, 46.837989], [29.546402, 46.838443], [29.545371, 46.843105], [29.545308, 46.843363], [29.545267, 46.843533], [29.545258, 46.843569], [29.545206, 46.843778], [29.544354, 46.848109], [29.544016, 46.849673], [29.543944, 46.849772], [29.543367, 46.851511], [29.540268, 46.860685], [29.539537, 46.862932], [29.538025, 46.869263], [29.537976, 46.869481], [29.537623, 46.871095], [29.537231, 46.872914], [29.53652, 46.876177], [29.536384, 46.876821], [29.536237, 46.877371], [29.536104, 46.877884], [29.536003, 46.878225], [29.535935, 46.878451], [29.535831, 46.878794], [29.535584, 46.879843], [29.535131, 46.881788], [29.534366, 46.885035], [29.534275, 46.88532], [29.533864, 46.885264], [29.530676, 46.884828], [29.527501, 46.884389], [29.518491, 46.883027], [29.518134, 46.882923], [29.518016, 46.882888], [29.517707, 46.882824], [29.51624, 46.882623], [29.515448, 46.882534], [29.513094, 46.882267], [29.510511, 46.88196], [29.509714, 46.881881], [29.505418, 46.881445], [29.502301, 46.881115], [29.501511, 46.881023], [29.499167, 46.88076], [29.498965, 46.880736], [29.498813, 46.880686], [29.500286, 46.874433], [29.500303, 46.87436], [29.501972, 46.867007], [29.502882, 46.863103], [29.502892, 46.863047], [29.505372, 46.863308], [29.506099, 46.863346], [29.506866, 46.863426], [29.507369, 46.863495], [29.508871, 46.863662], [29.5099, 46.863774], [29.51112, 46.863925], [29.51233, 46.864062], [29.5151, 46.864398], [29.515235, 46.864395], [29.515352, 46.864363], [29.515422, 46.864303], [29.515465, 46.864222], [29.516029, 46.861744]]}, "properties": {"district": "Парканы", "uid": "n4418837238", "kind": "via_entry", "entry_id": "Пар-010", "entry_road": "", "distance_km": 17.4777, "duration_s": 1922.5}}, {"type": "Feature", "geometry": {"type": "Point", "coordinates": [29.51571, 46.86171]}, "properties": {"district": "Парканы", "uid": "n4418837238", "kind": "address_point"}}, {"type": "Feature", "geometry": {"type": "Point", "coordinates": [29.516029, 46.861744]}, "properties": {"district": "Парканы", "uid": "n4418837238", "kind": "osrm_snap", "snap_distance_m": 24.5}}, {"type": "Feature", "geometry": {"type": "LineString", "coordinates": [[29.483304, 46.824154], [29.482844, 46.824291], [29.482491, 46.824396], [29.482349, 46.824444], [29.482205, 46.824488], [29.481962, 46.824563], [29.481627, 46.824666], [29.481337, 46.824756], [29.480644, 46.824966], [29.478998, 46.825477], [29.478436, 46.824305], [29.478401, 46.824233], [29.478353, 46.824127], [29.478271, 46.823947], [29.478197, 46.823784], [29.478159, 46.823697], [29.477734, 46.822752], [29.477529, 46.822297], [29.47743, 46.822065], [29.476836, 46.820674], [29.47675, 46.820471], [29.47672, 46.8204], [29.476675, 46.820291], [29.476443, 46.819718], [29.476235, 46.819214], [29.475988, 46.818625], [29.475958, 46.818544], [29.475908, 46.81844], [29.47512, 46.816695], [29.475107, 46.816658], [29.475056, 46.816552], [29.474795, 46.815948], [29.474678, 46.815674], [29.474497, 46.815283], [29.474342, 46.814946], [29.474006, 46.814758], [29.473798, 46.814601], [29.473248, 46.813901], [29.473152, 46.813774], [29.472939, 46.81346], [29.472889, 46.813386], [29.472811, 46.813271], [29.472404, 46.81268], [29.472268, 46.812462], [29.472043, 46.812159], [29.471773, 46.811769], [29.471593, 46.811509], [29.471387, 46.811232], [29.47108, 46.810815], [29.470915, 46.810614], [29.470824, 46.810505], [29.468897, 46.808761], [29.468497, 46.808399], [29.468294, 46.808215], [29.468184, 46.808105], [29.468083, 46.808001], [29.468027, 46.807937], [29.467919, 46.807815], [29.467349, 46.8072], [29.467292, 46.807141], [29.467052, 46.806892], [29.467002, 46.806841], [29.466826, 46.806658], [29.466408, 46.806225], [29.465832, 46.805629], [29.464764, 46.804522], [29.464577, 46.804326], [29.464308, 46.804044], [29.46417, 46.803912], [29.464004, 46.803741], [29.463284, 46.803011], [29.463108, 46.802834], [29.462997, 46.802721], [29.462631, 46.80233], [29.462245, 46.801923], [29.461617, 46.80122], [29.460898, 46.800373], [29.460404, 46.799789], [29.460198, 46.79955], [29.460159, 46.799505], [29.459911, 46.799216], [29.459475, 46.798703], [29.459152, 46.798324], [29.458942, 46.798078], [29.458801, 46.797914], [29.458694, 46.797813], [29.458523, 46.797651], [29.45828, 46.79742], [29.457711, 46.796943], [29.456939, 46.796306], [29.456346, 46.795823], [29.456133, 46.795648], [29.455962, 46.795508], [29.455897, 46.795455], [29.455359, 46.795028], [29.454941, 46.794682], [29.454587, 46.794398], [29.454478, 46.79432], [29.454248, 46.794152], [29.454078, 46.794029], [29.453937, 46.793942], [29.453676, 46.793782], [29.453488, 46.793675], [29.45302, 46.793396], [29.452762, 46.793257], [29.452534, 46.793101], [29.452107, 46.792686], [29.451921, 46.792473], [29.451776, 46.792299], [29.451639, 46.792097], [29.451021, 46.791292], [29.450434, 46.790598], [29.449829, 46.789889], [29.449534, 46.789513], [29.449236, 46.789122], [29.448737, 46.788286], [29.44808, 46.78705], [29.447713, 46.786435], [29.447302, 46.785886], [29.447838, 46.78513], [29.448068, 46.785148], [29.448348, 46.785209], [29.449868, 46.785751], [29.45108, 46.786169], [29.451253, 46.786227], [29.454016, 46.787078], [29.454646, 46.787262], [29.455044, 46.786483], [29.45541, 46.785838], [29.455465, 46.785731], [29.456065, 46.785832], [29.4564, 46.78593], [29.456559, 46.785972], [29.456646, 46.785975]]}, "properties": {"district": "Гиска", "uid": "n2321749482", "kind": "fastest_time", "distance_km": 6.3849, "duration_s": 490.9}}, {"type": "Feature", "geometry": {"type": "LineString", "coordinates": [[29.483304, 46.824154], [29.482844, 46.824291], [29.482491, 46.824396], [29.482349, 46.824444], [29.482205, 46.824488], [29.481962, 46.824563], [29.481627, 46.824666], [29.481337, 46.824756], [29.480644, 46.824966], [29.478998, 46.825477], [29.478436, 46.824305], [29.478401, 46.824233], [29.478353, 46.824127], [29.478271, 46.823947], [29.478197, 46.823784], [29.478159, 46.823697], [29.477734, 46.822752], [29.477529, 46.822297], [29.47743, 46.822065], [29.476836, 46.820674], [29.47675, 46.820471], [29.47672, 46.8204], [29.476675, 46.820291], [29.476443, 46.819718], [29.476235, 46.819214], [29.475988, 46.818625], [29.475958, 46.818544], [29.475908, 46.81844], [29.47512, 46.816695], [29.475107, 46.816658], [29.475056, 46.816552], [29.474795, 46.815948], [29.474678, 46.815674], [29.474497, 46.815283], [29.474342, 46.814946], [29.474006, 46.814758], [29.473798, 46.814601], [29.473248, 46.813901], [29.473152, 46.813774], [29.472939, 46.81346], [29.472889, 46.813386], [29.472811, 46.813271], [29.472404, 46.81268], [29.472268, 46.812462], [29.472043, 46.812159], [29.471773, 46.811769], [29.471593, 46.811509], [29.471387, 46.811232], [29.47108, 46.810815], [29.470915, 46.810614], [29.470824, 46.810505], [29.468897, 46.808761], [29.468497, 46.808399], [29.468294, 46.808215], [29.468184, 46.808105], [29.468083, 46.808001], [29.468027, 46.807937], [29.467919, 46.807815], [29.467349, 46.8072], [29.467292, 46.807141], [29.467052, 46.806892], [29.467002, 46.806841], [29.466826, 46.806658], [29.466408, 46.806225], [29.465832, 46.805629], [29.464764, 46.804522], [29.464577, 46.804326], [29.464308, 46.804044], [29.46417, 46.803912], [29.464004, 46.803741], [29.463284, 46.803011], [29.463108, 46.802834], [29.462997, 46.802721], [29.462631, 46.80233], [29.462245, 46.801923], [29.461617, 46.80122], [29.460898, 46.800373], [29.460404, 46.799789], [29.460198, 46.79955], [29.460159, 46.799505], [29.459911, 46.799216], [29.459475, 46.798703], [29.459152, 46.798324], [29.458942, 46.798078], [29.458801, 46.797914], [29.458694, 46.797813], [29.458523, 46.797651], [29.45828, 46.79742], [29.457711, 46.796943], [29.456939, 46.796306], [29.456346, 46.795823], [29.456133, 46.795648], [29.455962, 46.795508], [29.455897, 46.795455], [29.455359, 46.795028], [29.454941, 46.794682], [29.454587, 46.794398], [29.454478, 46.79432], [29.454248, 46.794152], [29.454078, 46.794029], [29.453937, 46.793942], [29.453676, 46.793782], [29.453488, 46.793675], [29.45302, 46.793396], [29.452762, 46.793257], [29.452534, 46.793101], [29.452107, 46.792686], [29.451921, 46.792473], [29.451776, 46.792299], [29.451639, 46.792097], [29.451021, 46.791292], [29.450434, 46.790598], [29.449829, 46.789889], [29.449534, 46.789513], [29.449236, 46.789122], [29.448737, 46.788286], [29.44808, 46.78705], [29.447713, 46.786435], [29.447302, 46.785886], [29.447838, 46.78513], [29.448068, 46.785148], [29.448348, 46.785209], [29.449868, 46.785751], [29.45108, 46.786169], [29.451253, 46.786227], [29.454016, 46.787078], [29.454646, 46.787262], [29.455044, 46.786483], [29.45541, 46.785838], [29.455465, 46.785731], [29.456065, 46.785832], [29.4564, 46.78593], [29.456559, 46.785972], [29.456646, 46.785975]]}, "properties": {"district": "Гиска", "uid": "n2321749482", "kind": "shortest_distance", "distance_km": 6.3849, "duration_s": 490.9}}, {"type": "Feature", "geometry": {"type": "LineString", "coordinates": [[29.483304, 46.824154], [29.482844, 46.824291], [29.482491, 46.824396], [29.482349, 46.824444], [29.482205, 46.824488], [29.481962, 46.824563], [29.481627, 46.824666], [29.481337, 46.824756], [29.480644, 46.824966], [29.478998, 46.825477], [29.478436, 46.824305], [29.478401, 46.824233], [29.478353, 46.824127], [29.478271, 46.823947], [29.478197, 46.823784], [29.478159, 46.823697], [29.477734, 46.822752], [29.477529, 46.822297], [29.47743, 46.822065], [29.476836, 46.820674], [29.47675, 46.820471], [29.47672, 46.8204], [29.476675, 46.820291], [29.476443, 46.819718], [29.476235, 46.819214], [29.475988, 46.818625], [29.475958, 46.818544], [29.475908, 46.81844], [29.47512, 46.816695], [29.475107, 46.816658], [29.475056, 46.816552], [29.474795, 46.815948], [29.474678, 46.815674], [29.474497, 46.815283], [29.474342, 46.814946], [29.474006, 46.814758], [29.473798, 46.814601], [29.473248, 46.813901], [29.473152, 46.813774], [29.472939, 46.81346], [29.472889, 46.813386], [29.472811, 46.813271], [29.472404, 46.81268], [29.472268, 46.812462], [29.472043, 46.812159], [29.471773, 46.811769], [29.471593, 46.811509], [29.471387, 46.811232], [29.47108, 46.810815], [29.470915, 46.810614], [29.470824, 46.810505], [29.468897, 46.808761], [29.468497, 46.808399], [29.468294, 46.808215], [29.468184, 46.808105], [29.468083, 46.808001], [29.468027, 46.807937], [29.467919, 46.807815], [29.467349, 46.8072], [29.467292, 46.807141], [29.467052, 46.806892], [29.467002, 46.806841], [29.466826, 46.806658], [29.466408, 46.806225], [29.465832, 46.805629], [29.464764, 46.804522], [29.464577, 46.804326], [29.464308, 46.804044], [29.46417, 46.803912], [29.464004, 46.803741], [29.463284, 46.803011], [29.463108, 46.802834], [29.462997, 46.802721], [29.462631, 46.80233], [29.462245, 46.801923], [29.461617, 46.80122], [29.460898, 46.800373], [29.460823, 46.800285], [29.460404, 46.799789], [29.460198, 46.79955], [29.460159, 46.799505], [29.459911, 46.799216], [29.459475, 46.798703], [29.459152, 46.798324], [29.458942, 46.798078], [29.458801, 46.797914], [29.458694, 46.797813], [29.458523, 46.797651], [29.45828, 46.79742], [29.457711, 46.796943], [29.456939, 46.796306], [29.456346, 46.795823], [29.456133, 46.795648], [29.455962, 46.795508], [29.455897, 46.795455], [29.455359, 46.795028], [29.454941, 46.794682], [29.454587, 46.794398], [29.454478, 46.79432], [29.454248, 46.794152], [29.454078, 46.794029], [29.453937, 46.793942], [29.453676, 46.793782], [29.453488, 46.793675], [29.45302, 46.793396], [29.452762, 46.793257], [29.452534, 46.793101], [29.452107, 46.792686], [29.451921, 46.792473], [29.451776, 46.792299], [29.451639, 46.792097], [29.451021, 46.791292], [29.450434, 46.790598], [29.449829, 46.789889], [29.449534, 46.789513], [29.449236, 46.789122], [29.448737, 46.788286], [29.44808, 46.78705], [29.447713, 46.786435], [29.447302, 46.785886], [29.447838, 46.78513], [29.448068, 46.785148], [29.448348, 46.785209], [29.449868, 46.785751], [29.45108, 46.786169], [29.451253, 46.786227], [29.454016, 46.787078], [29.454646, 46.787262], [29.455044, 46.786483], [29.45541, 46.785838], [29.455465, 46.785731], [29.456065, 46.785832], [29.4564, 46.78593], [29.456559, 46.785972], [29.456646, 46.785975]]}, "properties": {"district": "Гиска", "uid": "n2321749482", "kind": "via_entry", "entry_id": "Гис-017", "entry_road": "улица Ленина", "distance_km": 6.3849, "duration_s": 490.9}}, {"type": "Feature", "geometry": {"type": "LineString", "coordinates": [[29.483304, 46.824154], [29.483349, 46.824141], [29.483782, 46.824007], [29.483939, 46.823959], [29.484097, 46.823912], [29.484045, 46.823804], [29.483968, 46.82365], [29.483598, 46.822917], [29.483541, 46.822802], [29.483438, 46.822597], [29.483413, 46.822548], [29.483266, 46.822256], [29.483156, 46.822035], [29.482987, 46.821682], [29.482702, 46.821096], [29.482665, 46.821016], [29.482621, 46.820922], [29.481816, 46.819246], [29.481581, 46.818781], [29.481307, 46.818242], [29.480897, 46.817434], [29.480303, 46.816248], [29.479955, 46.815529], [29.479802, 46.815218], [29.479615, 46.814835], [29.479565, 46.81473], [29.479228, 46.814029], [29.479192, 46.813942], [29.479192, 46.813823], [29.479191, 46.813386], [29.479254, 46.813131], [29.479314, 46.812949], [29.479424, 46.812616], [29.479884, 46.811678], [29.480247, 46.810563], [29.480416, 46.809954], [29.480386, 46.809206], [29.480376, 46.808582], [29.480383, 46.808286], [29.480368, 46.805922], [29.480378, 46.805506], [29.480359, 46.804529], [29.480345, 46.804451], [29.48029, 46.804151], [29.479899, 46.803303], [29.479789, 46.803075], [29.479247, 46.801887], [29.479126, 46.801609], [29.479067, 46.801521], [29.478978, 46.80143], [29.478849, 46.801323], [29.478691, 46.80122], [29.478567, 46.801146], [29.478357, 46.80105], [29.477976, 46.80092], [29.477855, 46.800876], [29.477383, 46.800746], [29.477094, 46.800742], [29.476987, 46.800771], [29.476941, 46.800781], [29.476891, 46.800783], [29.476841, 46.800776], [29.476797, 46.800759], [29.47676, 46.800736], [29.476734, 46.800706], [29.476721, 46.800673], [29.47672, 46.800643], [29.476695, 46.800127], [29.476665, 46.799658], [29.47667, 46.799381], [29.476675, 46.798733], [29.476654, 46.793259], [29.476627, 46.792158], [29.476591, 46.790449], [29.476478, 46.790453], [29.474046, 46.790542], [29.473625, 46.790552], [29.47195, 46.790592], [29.472989, 46.792608], [29.476627, 46.792158], [29.476654, 46.793259], [29.476675, 46.798733], [29.47667, 46.799381], [29.476665, 46.799658], [29.476605, 46.799668], [29.476396, 46.799677], [29.476036, 46.799694], [29.475572, 46.799715], [29.474844, 46.799747], [29.474588, 46.799759], [29.473976, 46.799787], [29.473338, 46.799815], [29.471368, 46.799904], [29.470722, 46.799934], [29.470439, 46.799946], [29.470097, 46.799962], [29.469754, 46.799977], [29.467882, 46.800062], [29.467241, 46.800091], [29.466932, 46.800105], [29.465406, 46.800174], [29.464606, 46.80021], [29.463969, 46.800239], [29.463364, 46.800266], [29.463257, 46.800271], [29.461522, 46.800349], [29.461529, 46.800475], [29.461549, 46.80082], [29.461617, 46.80122], [29.460898, 46.800373], [29.460404, 46.799789], [29.460198, 46.79955], [29.460159, 46.799505], [29.459911, 46.799216], [29.459475, 46.798703], [29.459152, 46.798324], [29.458942, 46.798078], [29.458801, 46.797914], [29.458694, 46.797813], [29.458523, 46.797651], [29.45828, 46.79742], [29.457711, 46.796943], [29.456939, 46.796306], [29.456346, 46.795823], [29.456133, 46.795648], [29.455962, 46.795508], [29.455897, 46.795455], [29.455359, 46.795028], [29.454941, 46.794682], [29.454587, 46.794398], [29.454478, 46.79432], [29.454248, 46.794152], [29.454078, 46.794029], [29.453937, 46.793942], [29.453676, 46.793782], [29.453488, 46.793675], [29.45302, 46.793396], [29.452762, 46.793257], [29.452534, 46.793101], [29.452107, 46.792686], [29.451921, 46.792473], [29.451776, 46.792299], [29.451639, 46.792097], [29.451021, 46.791292], [29.450434, 46.790598], [29.449829, 46.789889], [29.449534, 46.789513], [29.449236, 46.789122], [29.448737, 46.788286], [29.44808, 46.78705], [29.447713, 46.786435], [29.447302, 46.785886], [29.447838, 46.78513], [29.448068, 46.785148], [29.448348, 46.785209], [29.449868, 46.785751], [29.45108, 46.786169], [29.451253, 46.786227], [29.454016, 46.787078], [29.454646, 46.787262], [29.455044, 46.786483], [29.45541, 46.785838], [29.455465, 46.785731], [29.456065, 46.785832], [29.4564, 46.78593], [29.456559, 46.785972], [29.456646, 46.785975]]}, "properties": {"district": "Гиска", "uid": "n2321749482", "kind": "via_entry", "entry_id": "Гис-018", "entry_road": "улица Мира", "distance_km": 9.9468, "duration_s": 806.2}}, {"type": "Feature", "geometry": {"type": "LineString", "coordinates": [[29.483304, 46.824154], [29.483349, 46.824141], [29.483782, 46.824007], [29.483939, 46.823959], [29.484097, 46.823912], [29.484045, 46.823804], [29.483968, 46.82365], [29.483598, 46.822917], [29.483541, 46.822802], [29.483438, 46.822597], [29.483413, 46.822548], [29.483266, 46.822256], [29.483156, 46.822035], [29.482987, 46.821682], [29.482702, 46.821096], [29.482665, 46.821016], [29.482621, 46.820922], [29.481816, 46.819246], [29.481581, 46.818781], [29.481307, 46.818242], [29.480897, 46.817434], [29.480303, 46.816248], [29.479955, 46.815529], [29.479802, 46.815218], [29.479615, 46.814835], [29.479565, 46.81473], [29.479228, 46.814029], [29.479192, 46.813942], [29.479192, 46.813823], [29.479191, 46.813386], [29.479254, 46.813131], [29.479314, 46.812949], [29.479424, 46.812616], [29.479884, 46.811678], [29.480247, 46.810563], [29.480416, 46.809954], [29.480386, 46.809206], [29.480376, 46.808582], [29.480383, 46.808286], [29.480368, 46.805922], [29.480378, 46.805506], [29.480359, 46.804529], [29.480345, 46.804451], [29.48029, 46.804151], [29.479899, 46.803303], [29.479789, 46.803075], [29.479247, 46.801887], [29.479126, 46.801609], [29.479067, 46.801521], [29.478978, 46.80143], [29.478849, 46.801323], [29.478691, 46.80122], [29.478567, 46.801146], [29.478357, 46.80105], [29.477976, 46.80092], [29.477855, 46.800876], [29.477383, 46.800746], [29.477094, 46.800742], [29.476987, 46.800771], [29.476941, 46.800781], [29.476891, 46.800783], [29.476841, 46.800776], [29.476797, 46.800759], [29.47676, 46.800736], [29.476734, 46.800706], [29.476721, 46.800673], [29.47672, 46.800643], [29.476695, 46.800127], [29.476665, 46.799658], [29.47667, 46.799381], [29.476675, 46.798733], [29.476654, 46.793259], [29.476627, 46.792158], [29.476591, 46.790449], [29.474046, 46.790542], [29.473625, 46.790552], [29.47195, 46.790592], [29.472989, 46.792608], [29.476503, 46.792173], [29.476627, 46.792158], [29.476654, 46.793259], [29.476675, 46.798733], [29.47667, 46.799381], [29.476665, 46.799658], [29.476605, 46.799668], [29.476396, 46.799677], [29.476036, 46.799694], [29.475572, 46.799715], [29.474844, 46.799747], [29.474588, 46.799759], [29.473976, 46.799787], [29.473338, 46.799815], [29.471368, 46.799904], [29.470722, 46.799934], [29.470439, 46.799946], [29.470097, 46.799962], [29.469754, 46.799977], [29.467882, 46.800062], [29.467241, 46.800091], [29.466932, 46.800105], [29.465406, 46.800174], [29.464606, 46.80021], [29.463969, 46.800239], [29.463364, 46.800266], [29.463257, 46.800271], [29.461522, 46.800349], [29.461529, 46.800475], [29.461549, 46.80082], [29.461617, 46.80122], [29.460898, 46.800373], [29.460404, 46.799789], [29.460198, 46.79955], [29.460159, 46.799505], [29.459911, 46.799216], [29.459475, 46.798703], [29.459152, 46.798324], [29.458942, 46.798078], [29.458801, 46.797914], [29.458694, 46.797813], [29.458523, 46.797651], [29.45828, 46.79742], [29.457711, 46.796943], [29.456939, 46.796306], [29.456346, 46.795823], [29.456133, 46.795648], [29.455962, 46.795508], [29.455897, 46.795455], [29.455359, 46.795028], [29.454941, 46.794682], [29.454587, 46.794398], [29.454478, 46.79432], [29.454248, 46.794152], [29.454078, 46.794029], [29.453937, 46.793942], [29.453676, 46.793782], [29.453488, 46.793675], [29.45302, 46.793396], [29.452762, 46.793257], [29.452534, 46.793101], [29.452107, 46.792686], [29.451921, 46.792473], [29.451776, 46.792299], [29.451639, 46.792097], [29.451021, 46.791292], [29.450434, 46.790598], [29.449829, 46.789889], [29.449534, 46.789513], [29.449236, 46.789122], [29.448737, 46.788286], [29.44808, 46.78705], [29.447713, 46.786435], [29.447302, 46.785886], [29.447838, 46.78513], [29.448068, 46.785148], [29.448348, 46.785209], [29.449868, 46.785751], [29.45108, 46.786169], [29.451253, 46.786227], [29.454016, 46.787078], [29.454646, 46.787262], [29.455044, 46.786483], [29.45541, 46.785838], [29.455465, 46.785731], [29.456065, 46.785832], [29.4564, 46.78593], [29.456559, 46.785972], [29.456646, 46.785975]]}, "properties": {"district": "Гиска", "uid": "n2321749482", "kind": "via_entry", "entry_id": "Гис-019", "entry_road": "улица Суворова", "distance_km": 9.9467, "duration_s": 806.2}}, {"type": "Feature", "geometry": {"type": "LineString", "coordinates": [[29.483304, 46.824154], [29.482844, 46.824291], [29.482491, 46.824396], [29.482349, 46.824444], [29.482205, 46.824488], [29.481962, 46.824563], [29.481627, 46.824666], [29.481337, 46.824756], [29.480644, 46.824966], [29.478998, 46.825477], [29.478436, 46.824305], [29.478401, 46.824233], [29.478353, 46.824127], [29.478271, 46.823947], [29.478197, 46.823784], [29.478159, 46.823697], [29.477734, 46.822752], [29.477529, 46.822297], [29.47743, 46.822065], [29.476836, 46.820674], [29.47675, 46.820471], [29.47672, 46.8204], [29.476675, 46.820291], [29.476443, 46.819718], [29.476235, 46.819214], [29.475988, 46.818625], [29.475958, 46.818544], [29.475908, 46.81844], [29.47512, 46.816695], [29.475107, 46.816658], [29.475056, 46.816552], [29.474795, 46.815948], [29.474678, 46.815674], [29.474497, 46.815283], [29.474342, 46.814946], [29.474006, 46.814758], [29.473798, 46.814601], [29.473248, 46.813901], [29.473152, 46.813774], [29.472939, 46.81346], [29.472889, 46.813386], [29.472811, 46.813271], [29.472404, 46.81268], [29.472268, 46.812462], [29.472043, 46.812159], [29.471773, 46.811769], [29.471593, 46.811509], [29.471387, 46.811232], [29.47108, 46.810815], [29.470915, 46.810614], [29.470824, 46.810505], [29.468897, 46.808761], [29.468497, 46.808399], [29.468294, 46.808215], [29.468184, 46.808105], [29.468083, 46.808001], [29.468027, 46.807937], [29.467919, 46.807815], [29.467349, 46.8072], [29.467292, 46.807141], [29.467052, 46.806892], [29.467002, 46.806841], [29.466826, 46.806658], [29.466408, 46.806225], [29.465832, 46.805629], [29.464764, 46.804522], [29.464577, 46.804326], [29.464308, 46.804044], [29.46417, 46.803912], [29.464004, 46.803741], [29.463284, 46.803011], [29.463108, 46.802834], [29.462997, 46.802721], [29.462631, 46.80233], [29.462245, 46.801923], [29.461617, 46.80122], [29.460898, 46.800373], [29.460404, 46.799789], [29.460198, 46.79955], [29.460159, 46.799505], [29.459911, 46.799216], [29.459475, 46.798703], [29.459152, 46.798324], [29.458942, 46.798078], [29.458801, 46.797914], [29.458694, 46.797813], [29.458523, 46.797651], [29.45828, 46.79742], [29.457711, 46.796943], [29.456939, 46.796306], [29.456346, 46.795823], [29.456133, 46.795648], [29.455962, 46.795508], [29.455897, 46.795455], [29.455359, 46.795028], [29.454941, 46.794682], [29.454587, 46.794398], [29.454478, 46.79432], [29.454248, 46.794152], [29.454078, 46.794029], [29.453937, 46.793942], [29.453676, 46.793782], [29.453488, 46.793675], [29.45302, 46.793396], [29.452762, 46.793257], [29.452534, 46.793101], [29.452107, 46.792686], [29.451921, 46.792473], [29.451776, 46.792299], [29.451639, 46.792097], [29.451021, 46.791292], [29.450434, 46.790598], [29.449829, 46.789889], [29.449534, 46.789513], [29.449236, 46.789122], [29.448737, 46.788286], [29.44808, 46.78705], [29.447713, 46.786435], [29.447302, 46.785886], [29.447026, 46.785533], [29.446704, 46.785164], [29.446364, 46.784712], [29.446256, 46.784562], [29.445792, 46.783778], [29.445689, 46.783638], [29.445577, 46.783528], [29.445274, 46.783291], [29.445002, 46.783115], [29.444746, 46.782938], [29.444632, 46.78285], [29.444352, 46.782632], [29.443975, 46.782323], [29.443644, 46.782112], [29.443107, 46.781839], [29.442547, 46.781666], [29.441407, 46.781394], [29.440996, 46.781303], [29.439859, 46.78104], [29.43913, 46.780861], [29.438557, 46.780727], [29.438456, 46.780702], [29.437623, 46.780497], [29.437355, 46.780443], [29.436986, 46.780384], [29.436319, 46.780357], [29.435516, 46.780385], [29.432696, 46.780502], [29.432332, 46.780515], [29.431774, 46.780535], [29.431223, 46.780548], [29.431008, 46.780552], [29.43052, 46.780578], [29.430446, 46.780587], [29.429786, 46.780648], [29.428743, 46.780771], [29.428388, 46.780814], [29.428124, 46.780844], [29.42765, 46.780895], [29.427392, 46.780923], [29.426958, 46.780971], [29.426911, 46.780976], [29.426697, 46.781015], [29.426498, 46.781055], [29.425721, 46.781299], [29.425164, 46.781509], [29.424252, 46.781785], [29.423049, 46.782109], [29.421702, 46.782445], [29.420892, 46.78267], [29.419594, 46.783057], [29.419004, 46.783245], [29.41827, 46.783469], [29.41805, 46.783551], [29.417288, 46.783865], [29.416944, 46.78403], [29.41607, 46.784418], [29.415081, 46.78486], [29.413752, 46.785453], [29.413125, 46.785729], [29.4123, 46.78611], [29.411666, 46.786401], [29.410969, 46.786712], [29.410348, 46.786958], [29.409785, 46.78717], [29.409693, 46.787207], [29.409571, 46.787256], [29.409311, 46.787341], [29.408656, 46.787517], [29.406475, 46.788199], [29.40622, 46.788282], [29.405121, 46.788645], [29.40401, 46.788982], [29.403302, 46.789161], [29.402964, 46.789238], [29.402585, 46.7893], [29.402231, 46.789332], [29.402002, 46.789339], [29.40157, 46.789352], [29.401138, 46.789319], [29.400934, 46.789287], [29.400628, 46.789218], [29.400291, 46.789125], [29.400151, 46.789067], [29.400042, 46.789012], [29.399201, 46.788601], [29.398877, 46.788467], [29.398685, 46.788412], [29.398493, 46.788385], [29.398169, 46.788378], [29.397927, 46.788382], [29.397061, 46.788406], [29.395971, 46.788442], [29.394022, 46.788519], [29.39406, 46.788564], [29.394249, 46.789133], [29.394275, 46.789229], [29.394475, 46.789223], [29.394996, 46.78919], [29.395803, 46.789171], [29.396762, 46.789135], [29.397925, 46.789107], [29.398054, 46.789086], [29.398117, 46.78904], [29.398123, 46.788985], [29.398095, 46.788901], [29.397927, 46.788382], [29.398169, 46.788378], [29.398493, 46.788385], [29.398685, 46.788412], [29.398877, 46.788467], [29.399201, 46.788601], [29.400042, 46.789012], [29.400151, 46.789067], [29.400291, 46.789125], [29.400628, 46.789218], [29.400934, 46.789287], [29.401138, 46.789319], [29.40157, 46.789352], [29.402002, 46.789339], [29.402231, 46.789332], [29.402585, 46.7893], [29.402964, 46.789238], [29.403302, 46.789161], [29.40401, 46.788982], [29.405121, 46.788645], [29.40622, 46.788282], [29.406475, 46.788199], [29.408656, 46.787517], [29.409311, 46.787341], [29.409571, 46.787256], [29.409693, 46.787207], [29.409785, 46.78717], [29.410348, 46.786958], [29.410969, 46.786712], [29.411666, 46.786401], [29.4123, 46.78611], [29.413125, 46.785729], [29.413752, 46.785453], [29.415081, 46.78486], [29.41607, 46.784418], [29.416944, 46.78403], [29.417288, 46.783865], [29.41805, 46.783551], [29.41827, 46.783469], [29.419004, 46.783245], [29.419594, 46.783057], [29.420892, 46.78267], [29.421702, 46.782445], [29.423049, 46.782109], [29.424252, 46.781785], [29.425164, 46.781509], [29.425721, 46.781299], [29.426498, 46.781055], [29.426697, 46.781015], [29.426911, 46.780976], [29.426958, 46.780971], [29.427392, 46.780923], [29.42765, 46.780895], [29.428124, 46.780844], [29.428388, 46.780814], [29.428743, 46.780771], [29.429786, 46.780648], [29.430446, 46.780587], [29.43052, 46.780578], [29.431008, 46.780552], [29.431223, 46.780548], [29.431774, 46.780535], [29.432332, 46.780515], [29.432696, 46.780502], [29.435516, 46.780385], [29.436319, 46.780357], [29.436986, 46.780384], [29.437355, 46.780443], [29.437623, 46.780497], [29.438456, 46.780702], [29.438557, 46.780727], [29.43913, 46.780861], [29.439859, 46.78104], [29.440996, 46.781303], [29.441407, 46.781394], [29.442547, 46.781666], [29.443107, 46.781839], [29.443644, 46.782112], [29.443975, 46.782323], [29.444352, 46.782632], [29.444632, 46.78285], [29.444746, 46.782938], [29.445002, 46.783115], [29.445274, 46.783291], [29.445577, 46.783528], [29.445689, 46.783638], [29.445792, 46.783778], [29.446256, 46.784562], [29.446364, 46.784712], [29.447027, 46.784771], [29.447251, 46.784843], [29.447838, 46.78513], [29.448068, 46.785148], [29.448348, 46.785209], [29.449868, 46.785751], [29.45108, 46.786169], [29.451253, 46.786227], [29.454016, 46.787078], [29.454646, 46.787262], [29.455044, 46.786483], [29.45541, 46.785838], [29.455465, 46.785731], [29.456065, 46.785832], [29.4564, 46.78593], [29.456559, 46.785972], [29.456646, 46.785975]]}, "properties": {"district": "Гиска", "uid": "n2321749482", "kind": "via_entry", "entry_id": "Гис-023", "entry_road": "Strada Ștefan cel Mare și Sfânt", "distance_km": 15.6149, "duration_s": 1280.9}}, {"type": "Feature", "geometry": {"type": "LineString", "coordinates": [[29.483304, 46.824154], [29.483349, 46.824141], [29.483782, 46.824007], [29.483939, 46.823959], [29.484097, 46.823912], [29.484045, 46.823804], [29.483968, 46.82365], [29.483598, 46.822917], [29.483541, 46.822802], [29.483438, 46.822597], [29.483413, 46.822548], [29.483266, 46.822256], [29.483156, 46.822035], [29.482987, 46.821682], [29.482702, 46.821096], [29.482665, 46.821016], [29.482621, 46.820922], [29.481816, 46.819246], [29.481581, 46.818781], [29.481307, 46.818242], [29.480897, 46.817434], [29.480303, 46.816248], [29.479955, 46.815529], [29.479802, 46.815218], [29.479615, 46.814835], [29.479565, 46.81473], [29.479228, 46.814029], [29.479192, 46.813942], [29.479192, 46.813823], [29.479191, 46.813386], [29.479254, 46.813131], [29.479314, 46.812949], [29.479424, 46.812616], [29.479884, 46.811678], [29.480247, 46.810563], [29.480416, 46.809954], [29.480386, 46.809206], [29.480376, 46.808582], [29.480383, 46.808286], [29.480368, 46.805922], [29.480378, 46.805506], [29.480359, 46.804529], [29.480345, 46.804451], [29.48029, 46.804151], [29.479899, 46.803303], [29.479789, 46.803075], [29.479247, 46.801887], [29.479126, 46.801609], [29.479067, 46.801521], [29.478978, 46.80143], [29.478849, 46.801323], [29.478691, 46.80122], [29.478567, 46.801146], [29.478357, 46.80105], [29.477976, 46.80092], [29.477855, 46.800876], [29.477383, 46.800746], [29.477094, 46.800742], [29.476987, 46.800771], [29.476941, 46.800781], [29.476891, 46.800783], [29.476841, 46.800776], [29.476797, 46.800759], [29.47676, 46.800736], [29.476734, 46.800706], [29.476721, 46.800673], [29.47672, 46.800643], [29.476695, 46.800127], [29.476665, 46.799658], [29.47667, 46.799381], [29.476675, 46.798733], [29.476654, 46.793259], [29.476627, 46.792158], [29.476591, 46.790449], [29.476525, 46.787816], [29.476524, 46.787698], [29.476535, 46.787137], [29.47654, 46.786881], [29.476517, 46.784783], [29.476514, 46.784383], [29.476512, 46.784339], [29.476498, 46.783818], [29.476499, 46.783509], [29.476499, 46.782788], [29.476486, 46.781711], [29.47625, 46.781735], [29.475793, 46.781818], [29.475587, 46.78188], [29.475347, 46.781962], [29.474933, 46.781616], [29.474719, 46.781437], [29.474507, 46.781266], [29.474387, 46.781142], [29.474348, 46.781072], [29.474336, 46.781052], [29.474355, 46.780974], [29.474336, 46.781052], [29.474348, 46.781072], [29.474387, 46.781142], [29.474507, 46.781266], [29.474719, 46.781437], [29.474933, 46.781616], [29.475347, 46.781962], [29.475587, 46.78188], [29.475793, 46.781818], [29.47625, 46.781735], [29.476295, 46.78173], [29.476486, 46.781711], [29.476499, 46.782788], [29.476499, 46.783509], [29.476498, 46.783818], [29.476512, 46.784339], [29.476514, 46.784383], [29.476517, 46.784783], [29.47654, 46.786881], [29.476535, 46.787137], [29.476524, 46.787698], [29.476525, 46.787816], [29.476591, 46.790449], [29.476627, 46.792158], [29.476654, 46.793259], [29.476675, 46.798733], [29.47667, 46.799381], [29.476665, 46.799658], [29.476605, 46.799668], [29.476396, 46.799677], [29.476036, 46.799694], [29.475572, 46.799715], [29.474844, 46.799747], [29.474588, 46.799759], [29.473976, 46.799787], [29.473338, 46.799815], [29.471368, 46.799904], [29.470722, 46.799934], [29.470439, 46.799946], [29.470097, 46.799962], [29.469754, 46.799977], [29.467882, 46.800062], [29.467241, 46.800091], [29.466932, 46.800105], [29.465406, 46.800174], [29.464606, 46.80021], [29.463969, 46.800239], [29.463364, 46.800266], [29.463257, 46.800271], [29.461522, 46.800349], [29.461529, 46.800475], [29.461549, 46.80082], [29.461617, 46.80122], [29.460898, 46.800373], [29.460404, 46.799789], [29.460198, 46.79955], [29.460159, 46.799505], [29.459911, 46.799216], [29.459475, 46.798703], [29.459152, 46.798324], [29.458942, 46.798078], [29.458801, 46.797914], [29.458694, 46.797813], [29.458523, 46.797651], [29.45828, 46.79742], [29.457711, 46.796943], [29.456939, 46.796306], [29.456346, 46.795823], [29.456133, 46.795648], [29.455962, 46.795508], [29.455897, 46.795455], [29.455359, 46.795028], [29.454941, 46.794682], [29.454587, 46.794398], [29.454478, 46.79432], [29.454248, 46.794152], [29.454078, 46.794029], [29.453937, 46.793942], [29.453676, 46.793782], [29.453488, 46.793675], [29.45302, 46.793396], [29.452762, 46.793257], [29.452534, 46.793101], [29.452107, 46.792686], [29.451921, 46.792473], [29.451776, 46.792299], [29.451639, 46.792097], [29.451021, 46.791292], [29.450434, 46.790598], [29.449829, 46.789889], [29.449534, 46.789513], [29.449236, 46.789122], [29.448737, 46.788286], [29.44808, 46.78705], [29.447713, 46.786435], [29.447302, 46.785886], [29.447838, 46.78513], [29.448068, 46.785148], [29.448348, 46.785209], [29.449868, 46.785751], [29.45108, 46.786169], [29.451253, 46.786227], [29.454016, 46.787078], [29.454646, 46.787262], [29.455044, 46.786483], [29.45541, 46.785838], [29.455465, 46.785731], [29.456065, 46.785832], [29.4564, 46.78593], [29.456559, 46.785972], [29.456646, 46.785975]]}, "properties": {"district": "Гиска", "uid": "n2321749482", "kind": "via_entry", "entry_id": "Гис-024", "entry_road": "улица 40 лет МССР", "distance_km": 11.6619, "duration_s": 888}}, {"type": "Feature", "geometry": {"type": "LineString", "coordinates": [[29.483304, 46.824154], [29.482844, 46.824291], [29.482491, 46.824396], [29.482349, 46.824444], [29.482205, 46.824488], [29.481962, 46.824563], [29.481627, 46.824666], [29.481337, 46.824756], [29.480644, 46.824966], [29.478998, 46.825477], [29.478436, 46.824305], [29.478401, 46.824233], [29.478353, 46.824127], [29.478271, 46.823947], [29.478197, 46.823784], [29.478159, 46.823697], [29.477734, 46.822752], [29.477529, 46.822297], [29.47743, 46.822065], [29.476836, 46.820674], [29.47675, 46.820471], [29.47672, 46.8204], [29.476675, 46.820291], [29.476443, 46.819718], [29.476235, 46.819214], [29.475988, 46.818625], [29.475958, 46.818544], [29.475908, 46.81844], [29.47512, 46.816695], [29.475107, 46.816658], [29.475056, 46.816552], [29.474795, 46.815948], [29.474678, 46.815674], [29.474497, 46.815283], [29.474342, 46.814946], [29.474006, 46.814758], [29.473798, 46.814601], [29.473248, 46.813901], [29.473152, 46.813774], [29.472939, 46.81346], [29.472889, 46.813386], [29.472811, 46.813271], [29.472404, 46.81268], [29.472268, 46.812462], [29.472043, 46.812159], [29.471773, 46.811769], [29.471593, 46.811509], [29.471387, 46.811232], [29.47108, 46.810815], [29.470915, 46.810614], [29.470824, 46.810505], [29.468897, 46.808761], [29.468497, 46.808399], [29.468294, 46.808215], [29.468184, 46.808105], [29.468083, 46.808001], [29.468027, 46.807937], [29.467919, 46.807815], [29.467349, 46.8072], [29.467292, 46.807141], [29.467052, 46.806892], [29.467002, 46.806841], [29.466826, 46.806658], [29.466408, 46.806225], [29.465832, 46.805629], [29.464764, 46.804522], [29.464577, 46.804326], [29.464308, 46.804044], [29.46417, 46.803912], [29.464004, 46.803741], [29.463284, 46.803011], [29.463108, 46.802834], [29.462997, 46.802721], [29.462631, 46.80233], [29.462245, 46.801923], [29.461617, 46.80122], [29.460898, 46.800373], [29.460404, 46.799789], [29.460198, 46.79955], [29.460159, 46.799505], [29.459911, 46.799216], [29.459475, 46.798703], [29.459152, 46.798324], [29.458942, 46.798078], [29.458801, 46.797914], [29.458694, 46.797813], [29.458523, 46.797651], [29.45828, 46.79742], [29.457711, 46.796943], [29.456939, 46.796306], [29.456346, 46.795823], [29.456133, 46.795648], [29.455962, 46.795508], [29.455897, 46.795455], [29.455359, 46.795028], [29.454941, 46.794682], [29.454587, 46.794398], [29.454478, 46.79432], [29.454248, 46.794152], [29.454078, 46.794029], [29.453937, 46.793942], [29.453676, 46.793782], [29.453488, 46.793675], [29.45302, 46.793396], [29.452762, 46.793257], [29.452534, 46.793101], [29.452107, 46.792686], [29.451921, 46.792473], [29.451776, 46.792299], [29.451639, 46.792097], [29.451021, 46.791292], [29.450434, 46.790598], [29.449829, 46.789889], [29.449534, 46.789513], [29.449236, 46.789122], [29.448737, 46.788286], [29.44808, 46.78705], [29.447713, 46.786435], [29.447302, 46.785886], [29.447026, 46.785533], [29.446704, 46.785164], [29.446364, 46.784712], [29.446256, 46.784562], [29.445792, 46.783778], [29.445689, 46.783638], [29.445577, 46.783528], [29.445274, 46.783291], [29.445002, 46.783115], [29.444746, 46.782938], [29.444632, 46.78285], [29.444352, 46.782632], [29.443975, 46.782323], [29.443644, 46.782112], [29.443107, 46.781839], [29.442547, 46.781666], [29.441407, 46.781394], [29.440996, 46.781303], [29.439859, 46.78104], [29.43913, 46.780861], [29.438557, 46.780727], [29.438456, 46.780702], [29.437623, 46.780497], [29.437355, 46.780443], [29.436986, 46.780384], [29.436319, 46.780357], [29.435516, 46.780385], [29.432696, 46.780502], [29.432332, 46.780515], [29.431774, 46.780535], [29.431223, 46.780548], [29.431008, 46.780552], [29.43052, 46.780578], [29.430446, 46.780587], [29.429786, 46.780648], [29.428743, 46.780771], [29.428388, 46.780814], [29.428124, 46.780844], [29.42765, 46.780895], [29.427392, 46.780923], [29.426958, 46.780971], [29.426911, 46.780976], [29.426325, 46.781003], [29.426029, 46.781013], [29.425693, 46.780997], [29.424848, 46.780867], [29.424722, 46.780848], [29.424678, 46.780841], [29.424003, 46.78084], [29.423354, 46.780865], [29.423032, 46.780867], [29.422692, 46.780841], [29.420482, 46.780581], [29.418322, 46.780338], [29.41656, 46.780207], [29.416424, 46.780181], [29.415088, 46.779889], [29.414675, 46.779808], [29.413945, 46.779661], [29.413318, 46.779556], [29.411146, 46.779105], [29.410776, 46.779043], [29.410026, 46.778901], [29.409379, 46.778797], [29.408889, 46.778668], [29.405815, 46.777566], [29.405394, 46.777419], [29.404715, 46.777149], [29.403451, 46.776687], [29.402829, 46.776435], [29.40222, 46.776214], [29.400997, 46.775818], [29.400741, 46.775744], [29.400514, 46.775711], [29.400256, 46.775708], [29.400106, 46.775718], [29.39651, 46.775848], [29.395101, 46.775886], [29.392673, 46.775956], [29.390426, 46.775997], [29.389906, 46.776012], [29.389046, 46.775994], [29.385645, 46.775665], [29.381311, 46.775241], [29.378583, 46.77499], [29.376348, 46.774767], [29.376336, 46.774882], [29.376298, 46.77509], [29.376239, 46.775414], [29.376199, 46.77552], [29.376154, 46.775617], [29.376106, 46.7757], [29.376, 46.775815], [29.375933, 46.77589], [29.375629, 46.776157], [29.37539, 46.776377], [29.375436, 46.776314], [29.375407, 46.776205], [29.375348, 46.776182], [29.375243, 46.776159], [29.37423, 46.776013], [29.374096, 46.776013], [29.373941, 46.77605], [29.373849, 46.77613], [29.373757, 46.776274], [29.37341, 46.776833], [29.373351, 46.776896], [29.373235, 46.776947], [29.373378, 46.776993], [29.3736, 46.777082], [29.373686, 46.777156], [29.373742, 46.777265], [29.373852, 46.7775], [29.373898, 46.77762], [29.374138, 46.777418], [29.374364, 46.777268], [29.374527, 46.777162], [29.374712, 46.777022], [29.3749, 46.776836], [29.37539, 46.776377], [29.375629, 46.776157], [29.375933, 46.77589], [29.376, 46.775815], [29.376106, 46.7757], [29.376154, 46.775617], [29.376199, 46.77552], [29.376239, 46.775414], [29.376298, 46.77509], [29.376336, 46.774882], [29.376348, 46.774767], [29.378583, 46.77499], [29.381311, 46.775241], [29.385645, 46.775665], [29.389046, 46.775994], [29.389906, 46.776012], [29.390426, 46.775997], [29.392673, 46.775956], [29.395101, 46.775886], [29.39651, 46.775848], [29.400109, 46.775718], [29.400256, 46.775708], [29.400514, 46.775711], [29.400741, 46.775744], [29.400997, 46.775818], [29.40222, 46.776214], [29.402829, 46.776435], [29.403451, 46.776687], [29.404715, 46.777149], [29.405394, 46.777419], [29.405815, 46.777566], [29.408889, 46.778668], [29.409379, 46.778797], [29.410026, 46.778901], [29.410776, 46.779043], [29.411146, 46.779105], [29.413318, 46.779556], [29.413945, 46.779661], [29.414675, 46.779808], [29.415088, 46.779889], [29.416424, 46.780181], [29.41656, 46.780207], [29.418322, 46.780338], [29.420482, 46.780581], [29.422692, 46.780841], [29.423032, 46.780867], [29.423354, 46.780865], [29.424003, 46.78084], [29.424678, 46.780841], [29.424722, 46.780848], [29.424848, 46.780867], [29.425693, 46.780997], [29.426029, 46.781013], [29.426325, 46.781003], [29.426911, 46.780976], [29.426958, 46.780971], [29.427392, 46.780923], [29.42765, 46.780895], [29.428124, 46.780844], [29.428388, 46.780814], [29.428743, 46.780771], [29.429786, 46.780648], [29.430446, 46.780587], [29.43052, 46.780578], [29.431008, 46.780552], [29.431223, 46.780548], [29.431774, 46.780535], [29.432332, 46.780515], [29.432696, 46.780502], [29.435516, 46.780385], [29.436319, 46.780357], [29.436986, 46.780384], [29.437355, 46.780443], [29.437623, 46.780497], [29.438456, 46.780702], [29.438557, 46.780727], [29.43913, 46.780861], [29.439859, 46.78104], [29.440996, 46.781303], [29.441407, 46.781394], [29.442547, 46.781666], [29.443107, 46.781839], [29.443644, 46.782112], [29.443975, 46.782323], [29.444352, 46.782632], [29.444632, 46.78285], [29.444746, 46.782938], [29.445002, 46.783115], [29.445274, 46.783291], [29.445577, 46.783528], [29.445689, 46.783638], [29.445792, 46.783778], [29.446256, 46.784562], [29.446364, 46.784712], [29.447027, 46.784771], [29.447251, 46.784843], [29.447838, 46.78513], [29.448068, 46.785148], [29.448348, 46.785209], [29.449868, 46.785751], [29.45108, 46.786169], [29.451253, 46.786227], [29.454016, 46.787078], [29.454646, 46.787262], [29.455044, 46.786483], [29.45541, 46.785838], [29.455465, 46.785731], [29.456065, 46.785832], [29.4564, 46.78593], [29.456559, 46.785972], [29.456646, 46.785975]]}, "properties": {"district": "Гиска", "uid": "n2321749482", "kind": "via_entry", "entry_id": "Гис-026", "entry_road": "Гыска-Золотиевка", "distance_km": 18.8223, "duration_s": 1620.7}}, {"type": "Feature", "geometry": {"type": "Point", "coordinates": [29.45664, 46.78606]}, "properties": {"district": "Гиска", "uid": "n2321749482", "kind": "address_point"}}, {"type": "Feature", "geometry": {"type": "Point", "coordinates": [29.456646, 46.785975]}, "properties": {"district": "Гиска", "uid": "n2321749482", "kind": "osrm_snap", "snap_distance_m": 9.5}}, {"type": "Feature", "geometry": {"type": "LineString", "coordinates": [[29.483304, 46.824154], [29.482844, 46.824291], [29.482491, 46.824396], [29.482349, 46.824444], [29.482205, 46.824488], [29.481962, 46.824563], [29.481627, 46.824666], [29.481337, 46.824756], [29.480644, 46.824966], [29.478998, 46.825477], [29.478436, 46.824305], [29.478401, 46.824233], [29.478353, 46.824127], [29.478271, 46.823947], [29.478197, 46.823784], [29.478159, 46.823697], [29.477734, 46.822752], [29.477529, 46.822297], [29.47743, 46.822065], [29.476836, 46.820674], [29.47675, 46.820471], [29.47672, 46.8204], [29.476675, 46.820291], [29.476443, 46.819718], [29.476235, 46.819214], [29.475988, 46.818625], [29.475958, 46.818544], [29.475908, 46.81844], [29.47512, 46.816695], [29.475107, 46.816658], [29.475056, 46.816552], [29.474795, 46.815948], [29.474678, 46.815674], [29.474497, 46.815283], [29.474342, 46.814946], [29.474006, 46.814758], [29.473798, 46.814601], [29.473248, 46.813901], [29.473152, 46.813774], [29.472939, 46.81346], [29.472889, 46.813386], [29.472811, 46.813271], [29.472404, 46.81268], [29.472268, 46.812462], [29.472043, 46.812159], [29.471773, 46.811769], [29.471593, 46.811509], [29.471387, 46.811232], [29.47108, 46.810815], [29.470915, 46.810614], [29.470824, 46.810505], [29.468897, 46.808761], [29.468497, 46.808399], [29.468294, 46.808215], [29.468184, 46.808105], [29.468083, 46.808001], [29.468027, 46.807937], [29.467919, 46.807815], [29.467349, 46.8072], [29.465556, 46.807473], [29.465504, 46.807481], [29.465119, 46.807539], [29.465047, 46.80755], [29.464808, 46.807587], [29.463935, 46.807719], [29.46286, 46.807883], [29.462674, 46.807911], [29.462239, 46.807978], [29.460303, 46.808272], [29.459187, 46.808442], [29.458931, 46.808495], [29.458683, 46.808571], [29.458492, 46.808687], [29.458487, 46.808692], [29.458333, 46.808822], [29.458215, 46.808977], [29.458152, 46.809103], [29.458101, 46.809249], [29.45809, 46.80947], [29.458116, 46.809684], [29.458431, 46.811569], [29.458536, 46.812201], [29.458552, 46.812296], [29.458603, 46.812611], [29.458696, 46.81319], [29.458749, 46.813496], [29.458801, 46.813814], [29.459073, 46.815478], [29.459158, 46.816022], [29.459218, 46.816405], [29.459237, 46.816539], [29.459283, 46.816879], [29.459315, 46.817013], [29.459458, 46.817429], [29.459866, 46.818476], [29.46028, 46.819581], [29.460603, 46.820524], [29.460719, 46.820828], [29.460777, 46.820981], [29.460848, 46.821166], [29.461002, 46.821571], [29.460324, 46.821702], [29.459745, 46.821814], [29.458491, 46.822046], [29.457033, 46.822311], [29.456219, 46.822448], [29.45594, 46.822495], [29.45555, 46.822567], [29.454586, 46.822725], [29.453429, 46.822932], [29.453206, 46.822935], [29.452983, 46.822885], [29.452209, 46.822705], [29.451909, 46.822649], [29.451379, 46.822565], [29.4501, 46.822548], [29.449185, 46.822521], [29.447597, 46.822484], [29.447278, 46.822573], [29.446981, 46.822687], [29.445423, 46.823501], [29.444715, 46.82382], [29.444322, 46.823981], [29.443007, 46.824513], [29.442059, 46.824882], [29.441816, 46.824976], [29.437723, 46.826108], [29.43767, 46.82612], [29.435581, 46.826627], [29.434966, 46.826235], [29.434934, 46.826211]]}, "properties": {"district": "Протягайловка", "uid": "w353259234", "kind": "fastest_time", "distance_km": 6.9109, "duration_s": 503.7}}, {"type": "Feature", "geometry": {"type": "LineString", "coordinates": [[29.483304, 46.824154], [29.482844, 46.824291], [29.482491, 46.824396], [29.482349, 46.824444], [29.482205, 46.824488], [29.481962, 46.824563], [29.481627, 46.824666], [29.481337, 46.824756], [29.480644, 46.824966], [29.478998, 46.825477], [29.478436, 46.824305], [29.478401, 46.824233], [29.478353, 46.824127], [29.478271, 46.823947], [29.478197, 46.823784], [29.478159, 46.823697], [29.477734, 46.822752], [29.477529, 46.822297], [29.47743, 46.822065], [29.476836, 46.820674], [29.47675, 46.820471], [29.47672, 46.8204], [29.476675, 46.820291], [29.476443, 46.819718], [29.476235, 46.819214], [29.475988, 46.818625], [29.475958, 46.818544], [29.475908, 46.81844], [29.47512, 46.816695], [29.475107, 46.816658], [29.475056, 46.816552], [29.474795, 46.815948], [29.474678, 46.815674], [29.474497, 46.815283], [29.474342, 46.814946], [29.474006, 46.814758], [29.473798, 46.814601], [29.473248, 46.813901], [29.473152, 46.813774], [29.472939, 46.81346], [29.472889, 46.813386], [29.472811, 46.813271], [29.472404, 46.81268], [29.472268, 46.812462], [29.472043, 46.812159], [29.471773, 46.811769], [29.471593, 46.811509], [29.471387, 46.811232], [29.47108, 46.810815], [29.470915, 46.810614], [29.470824, 46.810505], [29.468897, 46.808761], [29.468497, 46.808399], [29.468294, 46.808215], [29.468184, 46.808105], [29.468083, 46.808001], [29.468027, 46.807937], [29.467919, 46.807815], [29.467349, 46.8072], [29.465556, 46.807473], [29.465504, 46.807481], [29.465119, 46.807539], [29.465047, 46.80755], [29.464808, 46.807587], [29.463935, 46.807719], [29.46286, 46.807883], [29.462674, 46.807911], [29.462239, 46.807978], [29.460303, 46.808272], [29.459187, 46.808442], [29.458931, 46.808495], [29.458683, 46.808571], [29.458492, 46.808687], [29.458487, 46.808692], [29.458333, 46.808822], [29.458215, 46.808977], [29.458152, 46.809103], [29.458101, 46.809249], [29.45809, 46.80947], [29.458116, 46.809684], [29.458431, 46.811569], [29.458536, 46.812201], [29.458552, 46.812296], [29.458603, 46.812611], [29.458696, 46.81319], [29.458749, 46.813496], [29.458801, 46.813814], [29.459073, 46.815478], [29.459158, 46.816022], [29.459218, 46.816405], [29.459237, 46.816539], [29.459283, 46.816879], [29.459315, 46.817013], [29.459458, 46.817429], [29.459866, 46.818476], [29.46028, 46.819581], [29.460603, 46.820524], [29.460719, 46.820828], [29.460777, 46.820981], [29.460848, 46.821166], [29.461002, 46.821571], [29.460324, 46.821702], [29.459745, 46.821814], [29.458491, 46.822046], [29.457033, 46.822311], [29.456219, 46.822448], [29.45594, 46.822495], [29.45555, 46.822567], [29.454586, 46.822725], [29.453429, 46.822932], [29.453206, 46.822935], [29.452983, 46.822885], [29.452209, 46.822705], [29.451909, 46.822649], [29.451379, 46.822565], [29.4501, 46.822548], [29.449185, 46.822521], [29.447597, 46.822484], [29.447278, 46.822573], [29.446981, 46.822687], [29.445423, 46.823501], [29.444715, 46.82382], [29.444322, 46.823981], [29.443007, 46.824513], [29.442059, 46.824882], [29.441816, 46.824976], [29.437723, 46.826108], [29.43767, 46.82612], [29.435581, 46.826627], [29.434966, 46.826235], [29.434934, 46.826211]]}, "properties": {"district": "Протягайловка", "uid": "w353259234", "kind": "shortest_distance", "distance_km": 6.9109, "duration_s": 503.7}}, {"type": "Feature", "geometry": {"type": "LineString", "coordinates": [[29.483304, 46.824154], [29.482844, 46.824291], [29.482491, 46.824396], [29.482349, 46.824444], [29.482205, 46.824488], [29.481962, 46.824563], [29.481627, 46.824666], [29.481337, 46.824756], [29.480644, 46.824966], [29.478998, 46.825477], [29.478436, 46.824305], [29.478401, 46.824233], [29.478353, 46.824127], [29.478271, 46.823947], [29.478197, 46.823784], [29.478159, 46.823697], [29.477734, 46.822752], [29.477529, 46.822297], [29.47743, 46.822065], [29.476836, 46.820674], [29.47675, 46.820471], [29.47672, 46.8204], [29.476675, 46.820291], [29.476443, 46.819718], [29.476235, 46.819214], [29.475988, 46.818625], [29.475958, 46.818544], [29.475908, 46.81844], [29.47512, 46.816695], [29.475107, 46.816658], [29.475056, 46.816552], [29.474795, 46.815948], [29.474678, 46.815674], [29.474497, 46.815283], [29.474342, 46.814946], [29.474006, 46.814758], [29.473798, 46.814601], [29.473248, 46.813901], [29.473152, 46.813774], [29.472939, 46.81346], [29.472889, 46.813386], [29.472811, 46.813271], [29.472404, 46.81268], [29.472268, 46.812462], [29.472043, 46.812159], [29.471773, 46.811769], [29.471593, 46.811509], [29.471387, 46.811232], [29.47108, 46.810815], [29.470915, 46.810614], [29.470824, 46.810505], [29.468897, 46.808761], [29.468497, 46.808399], [29.468294, 46.808215], [29.468184, 46.808105], [29.468083, 46.808001], [29.468027, 46.807937], [29.467919, 46.807815], [29.467349, 46.8072], [29.465556, 46.807473], [29.465504, 46.807481], [29.465119, 46.807539], [29.465047, 46.80755], [29.464808, 46.807587], [29.463935, 46.807719], [29.46286, 46.807883], [29.462674, 46.807911], [29.462239, 46.807978], [29.460303, 46.808272], [29.459187, 46.808442], [29.458931, 46.808495], [29.458683, 46.808571], [29.458492, 46.808687], [29.458487, 46.808692], [29.458333, 46.808822], [29.458215, 46.808977], [29.458152, 46.809103], [29.458101, 46.809249], [29.45809, 46.80947], [29.458116, 46.809684], [29.458431, 46.811569], [29.458536, 46.812201], [29.458065, 46.812353], [29.45734, 46.812587], [29.454307, 46.813575], [29.45388, 46.81374], [29.453119, 46.814074], [29.452772, 46.814269], [29.452608, 46.814361], [29.452389, 46.814502], [29.451947, 46.814798], [29.450468, 46.815788], [29.450324, 46.815899], [29.45027, 46.815936], [29.448535, 46.817122], [29.447299, 46.818076], [29.446289, 46.818923], [29.445134, 46.819867], [29.444454, 46.820376], [29.443927, 46.820704], [29.443823, 46.820768], [29.444365, 46.821169], [29.445694, 46.821658], [29.445795, 46.821694], [29.447548, 46.822352], [29.447597, 46.822484], [29.447278, 46.822573], [29.446981, 46.822687], [29.445423, 46.823501], [29.444715, 46.82382], [29.444322, 46.823981], [29.443007, 46.824513], [29.442059, 46.824882], [29.441816, 46.824976], [29.437723, 46.826108], [29.43767, 46.82612], [29.435581, 46.826627], [29.434966, 46.826235], [29.434934, 46.826211]]}, "properties": {"district": "Протягайловка", "uid": "w353259234", "kind": "via_entry", "entry_id": "Про-028", "entry_road": "Главная улица", "distance_km": 6.6462, "duration_s": 620.9}}, {"type": "Feature", "geometry": {"type": "LineString", "coordinates": [[29.483304, 46.824154], [29.482844, 46.824291], [29.482491, 46.824396], [29.482349, 46.824444], [29.482205, 46.824488], [29.481962, 46.824563], [29.481627, 46.824666], [29.481337, 46.824756], [29.480644, 46.824966], [29.478998, 46.825477], [29.478436, 46.824305], [29.478401, 46.824233], [29.478353, 46.824127], [29.478271, 46.823947], [29.478197, 46.823784], [29.478159, 46.823697], [29.477734, 46.822752], [29.477529, 46.822297], [29.47743, 46.822065], [29.476836, 46.820674], [29.47675, 46.820471], [29.47672, 46.8204], [29.476675, 46.820291], [29.476443, 46.819718], [29.476235, 46.819214], [29.475988, 46.818625], [29.475958, 46.818544], [29.475908, 46.81844], [29.47512, 46.816695], [29.475107, 46.816658], [29.475056, 46.816552], [29.474795, 46.815948], [29.474678, 46.815674], [29.474497, 46.815283], [29.474342, 46.814946], [29.474006, 46.814758], [29.473798, 46.814601], [29.473248, 46.813901], [29.473152, 46.813774], [29.472939, 46.81346], [29.472889, 46.813386], [29.472811, 46.813271], [29.472404, 46.81268], [29.472268, 46.812462], [29.472043, 46.812159], [29.471773, 46.811769], [29.471593, 46.811509], [29.471387, 46.811232], [29.47108, 46.810815], [29.470915, 46.810614], [29.470824, 46.810505], [29.468897, 46.808761], [29.468497, 46.808399], [29.468294, 46.808215], [29.468184, 46.808105], [29.468083, 46.808001], [29.468027, 46.807937], [29.467919, 46.807815], [29.467349, 46.8072], [29.465556, 46.807473], [29.465504, 46.807481], [29.465119, 46.807539], [29.465047, 46.80755], [29.464808, 46.807587], [29.463935, 46.807719], [29.46286, 46.807883], [29.462674, 46.807911], [29.462239, 46.807978], [29.460303, 46.808272], [29.459187, 46.808442], [29.458931, 46.808495], [29.458683, 46.808571], [29.458492, 46.808687], [29.458487, 46.808692], [29.458333, 46.808822], [29.458215, 46.808977], [29.458152, 46.809103], [29.458101, 46.809249], [29.45809, 46.80947], [29.458116, 46.809684], [29.458431, 46.811569], [29.458536, 46.812201], [29.458552, 46.812296], [29.458603, 46.812611], [29.458696, 46.81319], [29.458749, 46.813496], [29.458801, 46.813814], [29.459073, 46.815478], [29.459158, 46.816022], [29.459218, 46.816405], [29.459237, 46.816539], [29.459283, 46.816879], [29.459315, 46.817013], [29.459458, 46.817429], [29.459866, 46.818476], [29.46028, 46.819581], [29.460603, 46.820524], [29.460719, 46.820828], [29.460777, 46.820981], [29.460848, 46.821166], [29.461002, 46.821571], [29.461247, 46.822177], [29.461309, 46.82233], [29.461616, 46.823072], [29.46195, 46.823837], [29.462003, 46.823971], [29.462183, 46.824428], [29.462342, 46.824834], [29.462538, 46.825328], [29.462554, 46.825374], [29.462596, 46.825499], [29.463092, 46.826787], [29.463322, 46.827398], [29.46334, 46.82744], [29.463635, 46.828073], [29.464058, 46.829106], [29.464204, 46.829461], [29.464407, 46.829911], [29.464501, 46.83014], [29.464678, 46.830623], [29.464723, 46.830746], [29.464278, 46.830833], [29.463505, 46.830991], [29.463275, 46.831034], [29.463103, 46.831047], [29.462923, 46.831013], [29.462562, 46.830896], [29.461608, 46.831556], [29.461302, 46.831764], [29.461063, 46.831927], [29.460828, 46.832076], [29.460278, 46.832444], [29.459946, 46.832656], [29.458713, 46.833388], [29.458366, 46.833613], [29.457762, 46.834005], [29.457066, 46.833743], [29.455774, 46.833257], [29.45565, 46.833207], [29.455049, 46.832965], [29.454397, 46.832704], [29.45374, 46.832469], [29.453454, 46.832363], [29.451279, 46.831793], [29.450899, 46.831691], [29.449869, 46.831416], [29.44962, 46.831349], [29.448496, 46.831049], [29.448187, 46.830966], [29.447633, 46.830818], [29.447572, 46.830804], [29.447513, 46.83079], [29.447007, 46.830661], [29.446874, 46.830629], [29.446296, 46.830453], [29.446214, 46.830428], [29.446084, 46.830349], [29.446003, 46.830235], [29.445933, 46.830135], [29.445591, 46.829124], [29.445121, 46.829422], [29.444843, 46.829526], [29.444663, 46.829565], [29.444428, 46.829535], [29.443958, 46.829422], [29.443747, 46.829365], [29.442731, 46.829042], [29.441768, 46.828737], [29.44235, 46.827744], [29.440954, 46.827271], [29.439583, 46.826802], [29.439339, 46.826929], [29.438944, 46.826723], [29.438137, 46.826391], [29.43767, 46.82612], [29.435581, 46.826627], [29.434966, 46.826235], [29.434934, 46.826211]]}, "properties": {"district": "Протягайловка", "uid": "w353259234", "kind": "via_entry", "entry_id": "Про-029", "entry_road": "улица Интернационалистов", "distance_km": 8.7205, "duration_s": 744.8}}, {"type": "Feature", "geometry": {"type": "LineString", "coordinates": [[29.483304, 46.824154], [29.482844, 46.824291], [29.482491, 46.824396], [29.482349, 46.824444], [29.482205, 46.824488], [29.481962, 46.824563], [29.481627, 46.824666], [29.481337, 46.824756], [29.480644, 46.824966], [29.478998, 46.825477], [29.478436, 46.824305], [29.478401, 46.824233], [29.478353, 46.824127], [29.478271, 46.823947], [29.478197, 46.823784], [29.478159, 46.823697], [29.477734, 46.822752], [29.477529, 46.822297], [29.47743, 46.822065], [29.476836, 46.820674], [29.47675, 46.820471], [29.47672, 46.8204], [29.476675, 46.820291], [29.476443, 46.819718], [29.476235, 46.819214], [29.475988, 46.818625], [29.475958, 46.818544], [29.475908, 46.81844], [29.47512, 46.816695], [29.475107, 46.816658], [29.475056, 46.816552], [29.474795, 46.815948], [29.474678, 46.815674], [29.474497, 46.815283], [29.474342, 46.814946], [29.474006, 46.814758], [29.473798, 46.814601], [29.473248, 46.813901], [29.473152, 46.813774], [29.472939, 46.81346], [29.472889, 46.813386], [29.472811, 46.813271], [29.472404, 46.81268], [29.472268, 46.812462], [29.472043, 46.812159], [29.471773, 46.811769], [29.471593, 46.811509], [29.471387, 46.811232], [29.47108, 46.810815], [29.470915, 46.810614], [29.470824, 46.810505], [29.468897, 46.808761], [29.468497, 46.808399], [29.468294, 46.808215], [29.468184, 46.808105], [29.468083, 46.808001], [29.468027, 46.807937], [29.467919, 46.807815], [29.467349, 46.8072], [29.465556, 46.807473], [29.465504, 46.807481], [29.465119, 46.807539], [29.465047, 46.80755], [29.464808, 46.807587], [29.463935, 46.807719], [29.46286, 46.807883], [29.462674, 46.807911], [29.462239, 46.807978], [29.460303, 46.808272], [29.459187, 46.808442], [29.458931, 46.808495], [29.458683, 46.808571], [29.458492, 46.808687], [29.458487, 46.808692], [29.458333, 46.808822], [29.458215, 46.808977], [29.458152, 46.809103], [29.458101, 46.809249], [29.45809, 46.80947], [29.458116, 46.809684], [29.458431, 46.811569], [29.458536, 46.812201], [29.458552, 46.812296], [29.458603, 46.812611], [29.458696, 46.81319], [29.458749, 46.813496], [29.458801, 46.813814], [29.459073, 46.815478], [29.459158, 46.816022], [29.459218, 46.816405], [29.459237, 46.816539], [29.459283, 46.816879], [29.459315, 46.817013], [29.459458, 46.817429], [29.459866, 46.818476], [29.46028, 46.819581], [29.460603, 46.820524], [29.460719, 46.820828], [29.460777, 46.820981], [29.460848, 46.821166], [29.461002, 46.821571], [29.460324, 46.821702], [29.459745, 46.821814], [29.458491, 46.822046], [29.457033, 46.822311], [29.456219, 46.822448], [29.45594, 46.822495], [29.45555, 46.822567], [29.455469, 46.822836], [29.455345, 46.823259], [29.455281, 46.823479], [29.454948, 46.824466], [29.454905, 46.824594], [29.454889, 46.824643], [29.454576, 46.825576], [29.454338, 46.826275], [29.454255, 46.826525], [29.454153, 46.826863], [29.453882, 46.827771], [29.45386, 46.827837], [29.45346, 46.827701], [29.45306, 46.827696], [29.452639, 46.827896], [29.452156, 46.827558], [29.450647, 46.826795], [29.449757, 46.826626], [29.44959, 46.826623], [29.449523, 46.826609], [29.449255, 46.826554], [29.450057, 46.825142], [29.450643, 46.82483], [29.450869, 46.82471], [29.451093, 46.82457], [29.451213, 46.824452], [29.451265, 46.824302], [29.451909, 46.822649], [29.451379, 46.822565], [29.4501, 46.822548], [29.449185, 46.822521], [29.447597, 46.822484], [29.447278, 46.822573], [29.446981, 46.822687], [29.445423, 46.823501], [29.444715, 46.82382], [29.444322, 46.823981], [29.443007, 46.824513], [29.442059, 46.824882], [29.441816, 46.824976], [29.437723, 46.826108], [29.43767, 46.82612], [29.435581, 46.826627], [29.434966, 46.826235], [29.434934, 46.826211]]}, "properties": {"district": "Протягайловка", "uid": "w353259234", "kind": "via_entry", "entry_id": "Про-030", "entry_road": "улица Кошевого", "distance_km": 8.1255, "duration_s": 680.9}}, {"type": "Feature", "geometry": {"type": "LineString", "coordinates": [[29.483304, 46.824154], [29.482844, 46.824291], [29.482491, 46.824396], [29.482349, 46.824444], [29.482205, 46.824488], [29.481962, 46.824563], [29.481627, 46.824666], [29.481337, 46.824756], [29.480644, 46.824966], [29.478998, 46.825477], [29.478436, 46.824305], [29.478401, 46.824233], [29.478353, 46.824127], [29.478271, 46.823947], [29.478197, 46.823784], [29.478159, 46.823697], [29.477734, 46.822752], [29.477529, 46.822297], [29.47743, 46.822065], [29.476836, 46.820674], [29.47675, 46.820471], [29.47672, 46.8204], [29.476675, 46.820291], [29.476443, 46.819718], [29.476235, 46.819214], [29.475988, 46.818625], [29.475958, 46.818544], [29.475908, 46.81844], [29.47512, 46.816695], [29.475107, 46.816658], [29.475056, 46.816552], [29.474795, 46.815948], [29.474678, 46.815674], [29.474497, 46.815283], [29.474342, 46.814946], [29.474006, 46.814758], [29.473798, 46.814601], [29.473248, 46.813901], [29.473152, 46.813774], [29.472939, 46.81346], [29.472889, 46.813386], [29.472811, 46.813271], [29.472404, 46.81268], [29.472268, 46.812462], [29.472043, 46.812159], [29.471773, 46.811769], [29.471593, 46.811509], [29.471387, 46.811232], [29.47108, 46.810815], [29.470915, 46.810614], [29.470824, 46.810505], [29.468897, 46.808761], [29.468497, 46.808399], [29.468294, 46.808215], [29.468184, 46.808105], [29.468083, 46.808001], [29.468027, 46.807937], [29.467919, 46.807815], [29.467349, 46.8072], [29.465556, 46.807473], [29.465504, 46.807481], [29.465119, 46.807539], [29.465047, 46.80755], [29.464808, 46.807587], [29.463935, 46.807719], [29.46286, 46.807883], [29.462674, 46.807911], [29.462239, 46.807978], [29.460303, 46.808272], [29.459187, 46.808442], [29.458931, 46.808495], [29.458683, 46.808571], [29.458492, 46.808687], [29.458487, 46.808692], [29.458333, 46.808822], [29.458215, 46.808977], [29.458152, 46.809103], [29.458101, 46.809249], [29.45809, 46.80947], [29.458116, 46.809684], [29.458431, 46.811569], [29.458536, 46.812201], [29.458552, 46.812296], [29.458603, 46.812611], [29.458696, 46.81319], [29.458749, 46.813496], [29.458801, 46.813814], [29.459073, 46.815478], [29.459158, 46.816022], [29.459218, 46.816405], [29.459237, 46.816539], [29.459283, 46.816879], [29.459315, 46.817013], [29.459458, 46.817429], [29.45811, 46.817493], [29.456745, 46.817629], [29.45574, 46.81772], [29.45554, 46.817802], [29.453964, 46.817218], [29.453728, 46.817177], [29.453619, 46.817195], [29.452719, 46.817351], [29.452682, 46.81737], [29.45182, 46.817812], [29.451386, 46.818237], [29.45106, 46.818543], [29.450782, 46.81883], [29.450245, 46.819878], [29.450156, 46.820144], [29.449825, 46.821134], [29.449336, 46.821761], [29.44923, 46.821898], [29.449135, 46.822201], [29.449185, 46.822521], [29.447597, 46.822484], [29.447278, 46.822573], [29.446981, 46.822687], [29.445423, 46.823501], [29.444715, 46.82382], [29.444322, 46.823981], [29.443007, 46.824513], [29.442059, 46.824882], [29.441816, 46.824976], [29.437723, 46.826108], [29.43767, 46.82612], [29.435581, 46.826627], [29.434966, 46.826235], [29.434934, 46.826211]]}, "properties": {"district": "Протягайловка", "uid": "w353259234", "kind": "via_entry", "entry_id": "Про-031", "entry_road": "Комсомольская улица", "distance_km": 6.7034, "duration_s": 574.9}}, {"type": "Feature", "geometry": {"type": "LineString", "coordinates": [[29.483304, 46.824154], [29.483349, 46.824141], [29.483782, 46.824007], [29.483939, 46.823959], [29.484097, 46.823912], [29.484045, 46.823804], [29.483968, 46.82365], [29.483598, 46.822917], [29.483541, 46.822802], [29.483438, 46.822597], [29.483536, 46.822568], [29.48496, 46.82213], [29.48509, 46.822088], [29.485131, 46.822169], [29.485238, 46.822378], [29.48538, 46.822659], [29.485495, 46.822883], [29.485499, 46.822892], [29.485705, 46.823296], [29.485765, 46.8234], [29.485795, 46.823472], [29.486483, 46.824787], [29.486678, 46.825161], [29.486714, 46.825229], [29.486746, 46.825294], [29.486842, 46.825484], [29.487625, 46.827029], [29.487957, 46.827685], [29.48804, 46.827913], [29.487987, 46.828141], [29.487765, 46.829116], [29.487744, 46.829211], [29.487726, 46.829816], [29.48774, 46.82997], [29.487794, 46.830313], [29.487802, 46.830362], [29.487832, 46.830555], [29.487838, 46.83061], [29.487889, 46.831051], [29.487904, 46.831294], [29.487927, 46.831486], [29.488047, 46.832137], [29.488098, 46.832667], [29.488091, 46.832816], [29.488017, 46.8329], [29.487986, 46.832946], [29.487829, 46.833064], [29.487677, 46.833113], [29.487456, 46.833152], [29.486694, 46.833278], [29.486222, 46.833341], [29.485657, 46.83345], [29.485451, 46.833512], [29.484568, 46.833781], [29.482469, 46.834465], [29.48238, 46.834491], [29.482291, 46.834518], [29.482271, 46.834523], [29.482178, 46.834546], [29.482123, 46.83456], [29.482112, 46.834562], [29.480798, 46.834887], [29.480633, 46.834959], [29.480485, 46.835043], [29.480321, 46.835214], [29.480207, 46.835391], [29.480111, 46.835635], [29.479059, 46.838316], [29.479015, 46.838426], [29.478971, 46.83854], [29.478984, 46.838863], [29.479018, 46.838984], [29.479364, 46.839893], [29.4795, 46.84005], [29.479668, 46.8404], [29.479751, 46.840557], [29.479777, 46.840623], [29.479769, 46.840691], [29.479728, 46.840753], [29.479657, 46.840802], [29.479597, 46.840871], [29.479504, 46.840966], [29.479382, 46.841043], [29.479259, 46.841099], [29.479047, 46.841148], [29.478773, 46.841165], [29.477743, 46.840944], [29.476321, 46.84067], [29.475959, 46.840629], [29.475706, 46.840615], [29.475419, 46.840629], [29.475031, 46.840688], [29.474673, 46.840805], [29.474383, 46.840945], [29.474097, 46.841152], [29.473923, 46.8413], [29.4731, 46.841991], [29.472796, 46.842255], [29.472121, 46.842839], [29.471793, 46.843123], [29.471707, 46.843208], [29.471479, 46.843412], [29.471206, 46.84371], [29.470871, 46.844047], [29.470618, 46.8443], [29.470541, 46.844378], [29.470266, 46.844414], [29.469913, 46.844407], [29.469024, 46.84439], [29.46842, 46.844376], [29.468207, 46.844367], [29.468001, 46.844377], [29.466466, 46.844495], [29.465791, 46.844539], [29.465667, 46.844532], [29.465489, 46.844545], [29.465351, 46.844552], [29.465139, 46.844564], [29.46494, 46.844577], [29.463428, 46.844678], [29.462786, 46.844729], [29.461278, 46.844861], [29.46097, 46.844885], [29.459304, 46.845016], [29.459045, 46.845093], [29.458313, 46.845149], [29.458166, 46.845161], [29.457709, 46.845201], [29.457113, 46.845269], [29.456785, 46.845386], [29.456487, 46.845477], [29.454765, 46.846492], [29.454281, 46.846785], [29.45383, 46.847053], [29.453765, 46.847091], [29.452431, 46.847908], [29.451697, 46.848517], [29.451511, 46.848671], [29.451397, 46.848766], [29.448975, 46.850775], [29.447967, 46.851644], [29.44777, 46.8518], [29.447207, 46.852279], [29.445718, 46.853536], [29.443973, 46.854944], [29.443412, 46.855369], [29.443153, 46.855561], [29.442663, 46.85588], [29.442536, 46.855966], [29.441599, 46.856556], [29.441395, 46.856677], [29.440454, 46.857235], [29.440108, 46.85746], [29.439995, 46.857526], [29.439892, 46.857587], [29.439591, 46.857742], [29.438464, 46.856876], [29.438224, 46.856703], [29.438056, 46.856554], [29.437972, 46.856457], [29.437862, 46.856252], [29.437709, 46.855826], [29.437506, 46.855288], [29.43729, 46.854733], [29.437066, 46.854161], [29.436909, 46.853802], [29.436832, 46.853616], [29.436823, 46.853473], [29.436829, 46.853256], [29.436911, 46.852564], [29.437138, 46.850687], [29.437252, 46.849623], [29.437239, 46.849485], [29.437205, 46.849392], [29.437139, 46.849307], [29.437021, 46.849245], [29.436912, 46.849221], [29.43683, 46.849193], [29.436793, 46.849041], [29.439373, 46.844025], [29.439423, 46.843928], [29.440181, 46.842463], [29.440806, 46.841238], [29.441572, 46.839829], [29.441791, 46.83953], [29.442334, 46.838513], [29.44255, 46.838104], [29.443316, 46.836684], [29.443331, 46.836447], [29.443333, 46.83642], [29.44335, 46.836154], [29.443359, 46.836009], [29.443482, 46.835613], [29.443615, 46.835395], [29.444029, 46.834831], [29.444254, 46.834546], [29.444358, 46.834365], [29.444538, 46.834237], [29.4446, 46.834206], [29.444671, 46.834114], [29.44491, 46.833891], [29.445242, 46.833601], [29.44538, 46.833474], [29.44556, 46.833346], [29.44579, 46.833203], [29.446134, 46.833002], [29.446199, 46.832973], [29.446262, 46.832948], [29.446349, 46.832929], [29.446445, 46.832927], [29.446605, 46.832935], [29.44705, 46.832981], [29.447136, 46.832995], [29.447871, 46.833084], [29.448267, 46.833131], [29.449209, 46.833241], [29.449808, 46.831583], [29.449869, 46.831416], [29.44962, 46.831349], [29.448496, 46.831049], [29.448187, 46.830966], [29.447633, 46.830818], [29.447513, 46.83079], [29.447007, 46.830661], [29.446874, 46.830629], [29.446296, 46.830453], [29.446214, 46.830428], [29.446084, 46.830349], [29.446003, 46.830235], [29.445933, 46.830135], [29.445591, 46.829124], [29.445121, 46.829422], [29.444843, 46.829526], [29.444663, 46.829565], [29.444428, 46.829535], [29.443958, 46.829422], [29.443747, 46.829365], [29.442731, 46.829042], [29.441768, 46.828737], [29.44235, 46.827744], [29.440954, 46.827271], [29.439583, 46.826802], [29.439339, 46.826929], [29.438944, 46.826723], [29.438137, 46.826391], [29.43767, 46.82612], [29.435581, 46.826627], [29.434966, 46.826235], [29.434934, 46.826211]]}, "properties": {"district": "Протягайловка", "uid": "w353259234", "kind": "via_entry", "entry_id": "Про-032", "entry_road": "Кишинёв-Тирасполь", "distance_km": 11.7731, "duration_s": 992.7}}, {"type": "Feature", "geometry": {"type": "LineString", "coordinates": [[29.483304, 46.824154], [29.482844, 46.824291], [29.482491, 46.824396], [29.482349, 46.824444], [29.482205, 46.824488], [29.481962, 46.824563], [29.481627, 46.824666], [29.481337, 46.824756], [29.480644, 46.824966], [29.478998, 46.825477], [29.478436, 46.824305], [29.478401, 46.824233], [29.478353, 46.824127], [29.478271, 46.823947], [29.478197, 46.823784], [29.478159, 46.823697], [29.477734, 46.822752], [29.477529, 46.822297], [29.47743, 46.822065], [29.476836, 46.820674], [29.47675, 46.820471], [29.47672, 46.8204], [29.476675, 46.820291], [29.476443, 46.819718], [29.476235, 46.819214], [29.475988, 46.818625], [29.475958, 46.818544], [29.475908, 46.81844], [29.47512, 46.816695], [29.475107, 46.816658], [29.475056, 46.816552], [29.474795, 46.815948], [29.474678, 46.815674], [29.474497, 46.815283], [29.474342, 46.814946], [29.474006, 46.814758], [29.473798, 46.814601], [29.473248, 46.813901], [29.473152, 46.813774], [29.472939, 46.81346], [29.472889, 46.813386], [29.472811, 46.813271], [29.472404, 46.81268], [29.472268, 46.812462], [29.472043, 46.812159], [29.471773, 46.811769], [29.471593, 46.811509], [29.471387, 46.811232], [29.47108, 46.810815], [29.470915, 46.810614], [29.470824, 46.810505], [29.468897, 46.808761], [29.468497, 46.808399], [29.468294, 46.808215], [29.468184, 46.808105], [29.468083, 46.808001], [29.468027, 46.807937], [29.467919, 46.807815], [29.467349, 46.8072], [29.465556, 46.807473], [29.465504, 46.807481], [29.465119, 46.807539], [29.465047, 46.80755], [29.464808, 46.807587], [29.463935, 46.807719], [29.46286, 46.807883], [29.462674, 46.807911], [29.462239, 46.807978], [29.460303, 46.808272], [29.459187, 46.808442], [29.458931, 46.808495], [29.458683, 46.808571], [29.458492, 46.808687], [29.458487, 46.808692], [29.458333, 46.808822], [29.458215, 46.808977], [29.458152, 46.809103], [29.458101, 46.809249], [29.45809, 46.80947], [29.458116, 46.809684], [29.458431, 46.811569], [29.458536, 46.812201], [29.458552, 46.812296], [29.458603, 46.812611], [29.458696, 46.81319], [29.458749, 46.813496], [29.458801, 46.813814], [29.459073, 46.815478], [29.459158, 46.816022], [29.459218, 46.816405], [29.459237, 46.816539], [29.459283, 46.816879], [29.459315, 46.817013], [29.459458, 46.817429], [29.459866, 46.818476], [29.46028, 46.819581], [29.460603, 46.820524], [29.460719, 46.820828], [29.460777, 46.820981], [29.460848, 46.821166], [29.461002, 46.821571], [29.460324, 46.821702], [29.459745, 46.821814], [29.458491, 46.822046], [29.457033, 46.822311], [29.456219, 46.822448], [29.45594, 46.822495], [29.45555, 46.822567], [29.454586, 46.822725], [29.453429, 46.822932], [29.453206, 46.822935], [29.452983, 46.822885], [29.452209, 46.822705], [29.451909, 46.822649], [29.451265, 46.824302], [29.451213, 46.824452], [29.451093, 46.82457], [29.450869, 46.82471], [29.450643, 46.82483], [29.450435, 46.824941], [29.450057, 46.825142], [29.449255, 46.826554], [29.448822, 46.827342], [29.447465, 46.828037], [29.447351, 46.828102], [29.445951, 46.828904], [29.445819, 46.828949], [29.445738, 46.828977], [29.445591, 46.829124], [29.445121, 46.829422], [29.444843, 46.829526], [29.444663, 46.829565], [29.444428, 46.829535], [29.443958, 46.829422], [29.443747, 46.829365], [29.442731, 46.829042], [29.441768, 46.828737], [29.44235, 46.827744], [29.440954, 46.827271], [29.439583, 46.826802], [29.439339, 46.826929], [29.438944, 46.826723], [29.438137, 46.826391], [29.43767, 46.82612], [29.435581, 46.826627], [29.434966, 46.826235], [29.434934, 46.826211]]}, "properties": {"district": "Протягайловка", "uid": "w353259234", "kind": "via_entry", "entry_id": "Про-033", "entry_road": "Санаторная улица", "distance_km": 7.4839, "duration_s": 672.7}}, {"type": "Feature", "geometry": {"type": "LineString", "coordinates": [[29.483304, 46.824154], [29.482844, 46.824291], [29.482491, 46.824396], [29.482349, 46.824444], [29.482205, 46.824488], [29.481962, 46.824563], [29.481627, 46.824666], [29.481337, 46.824756], [29.480644, 46.824966], [29.478998, 46.825477], [29.478436, 46.824305], [29.478401, 46.824233], [29.478353, 46.824127], [29.478271, 46.823947], [29.478197, 46.823784], [29.478159, 46.823697], [29.477734, 46.822752], [29.477529, 46.822297], [29.47743, 46.822065], [29.476836, 46.820674], [29.47675, 46.820471], [29.47672, 46.8204], [29.476675, 46.820291], [29.476443, 46.819718], [29.476235, 46.819214], [29.475988, 46.818625], [29.475958, 46.818544], [29.475908, 46.81844], [29.47512, 46.816695], [29.475107, 46.816658], [29.475056, 46.816552], [29.474795, 46.815948], [29.474678, 46.815674], [29.474497, 46.815283], [29.474342, 46.814946], [29.474006, 46.814758], [29.473798, 46.814601], [29.473248, 46.813901], [29.473152, 46.813774], [29.472939, 46.81346], [29.472889, 46.813386], [29.472811, 46.813271], [29.472404, 46.81268], [29.472268, 46.812462], [29.472043, 46.812159], [29.471773, 46.811769], [29.471593, 46.811509], [29.471387, 46.811232], [29.47108, 46.810815], [29.470915, 46.810614], [29.470824, 46.810505], [29.468897, 46.808761], [29.468497, 46.808399], [29.468294, 46.808215], [29.468184, 46.808105], [29.468083, 46.808001], [29.468027, 46.807937], [29.467919, 46.807815], [29.467349, 46.8072], [29.465556, 46.807473], [29.465504, 46.807481], [29.465119, 46.807539], [29.465047, 46.80755], [29.464808, 46.807587], [29.463935, 46.807719], [29.46286, 46.807883], [29.462674, 46.807911], [29.462239, 46.807978], [29.460303, 46.808272], [29.459187, 46.808442], [29.458931, 46.808495], [29.458683, 46.808571], [29.458492, 46.808687], [29.458487, 46.808692], [29.458333, 46.808822], [29.458215, 46.808977], [29.458152, 46.809103], [29.458101, 46.809249], [29.45809, 46.80947], [29.458116, 46.809684], [29.458431, 46.811569], [29.458536, 46.812201], [29.458552, 46.812296], [29.458603, 46.812611], [29.458696, 46.81319], [29.458749, 46.813496], [29.458801, 46.813814], [29.459073, 46.815478], [29.459158, 46.816022], [29.459218, 46.816405], [29.459237, 46.816539], [29.459283, 46.816879], [29.459315, 46.817013], [29.459458, 46.817429], [29.459866, 46.818476], [29.46028, 46.819581], [29.460603, 46.820524], [29.460719, 46.820828], [29.460777, 46.820981], [29.460848, 46.821166], [29.461002, 46.821571], [29.460324, 46.821702], [29.459745, 46.821814], [29.458491, 46.822046], [29.457033, 46.822311], [29.456219, 46.822448], [29.45594, 46.822495], [29.45555, 46.822567], [29.454586, 46.822725], [29.453429, 46.822932], [29.453206, 46.822935], [29.452983, 46.822885], [29.452209, 46.822705], [29.451909, 46.822649], [29.451379, 46.822565], [29.451105, 46.822561], [29.4501, 46.822548], [29.449185, 46.822521], [29.447597, 46.822484], [29.447278, 46.822573], [29.446981, 46.822687], [29.445423, 46.823501], [29.444715, 46.82382], [29.444322, 46.823981], [29.443007, 46.824513], [29.442059, 46.824882], [29.441816, 46.824976], [29.437723, 46.826108], [29.43767, 46.82612], [29.435581, 46.826627], [29.434966, 46.826235], [29.434934, 46.826211]]}, "properties": {"district": "Протягайловка", "uid": "w353259234", "kind": "via_entry", "entry_id": "Про-034", "entry_road": "Гербовецкая улица", "distance_km": 6.9109, "duration_s": 503.7}}, {"type": "Feature", "geometry": {"type": "LineString", "coordinates": [[29.483304, 46.824154], [29.482844, 46.824291], [29.482491, 46.824396], [29.482349, 46.824444], [29.482205, 46.824488], [29.481962, 46.824563], [29.481627, 46.824666], [29.481337, 46.824756], [29.480644, 46.824966], [29.478998, 46.825477], [29.478436, 46.824305], [29.478401, 46.824233], [29.478353, 46.824127], [29.478271, 46.823947], [29.478197, 46.823784], [29.478159, 46.823697], [29.477734, 46.822752], [29.477529, 46.822297], [29.47743, 46.822065], [29.476836, 46.820674], [29.47675, 46.820471], [29.47672, 46.8204], [29.476675, 46.820291], [29.476443, 46.819718], [29.476235, 46.819214], [29.475988, 46.818625], [29.475958, 46.818544], [29.475908, 46.81844], [29.47512, 46.816695], [29.475107, 46.816658], [29.475056, 46.816552], [29.474795, 46.815948], [29.474678, 46.815674], [29.474497, 46.815283], [29.474342, 46.814946], [29.474006, 46.814758], [29.473798, 46.814601], [29.473248, 46.813901], [29.473152, 46.813774], [29.472939, 46.81346], [29.472889, 46.813386], [29.472811, 46.813271], [29.472404, 46.81268], [29.472268, 46.812462], [29.472043, 46.812159], [29.471773, 46.811769], [29.471593, 46.811509], [29.471387, 46.811232], [29.47108, 46.810815], [29.470915, 46.810614], [29.470824, 46.810505], [29.468897, 46.808761], [29.468497, 46.808399], [29.468294, 46.808215], [29.468184, 46.808105], [29.468083, 46.808001], [29.468027, 46.807937], [29.467919, 46.807815], [29.467349, 46.8072], [29.465556, 46.807473], [29.465504, 46.807481], [29.465119, 46.807539], [29.465047, 46.80755], [29.464808, 46.807587], [29.463935, 46.807719], [29.46286, 46.807883], [29.462674, 46.807911], [29.462239, 46.807978], [29.460303, 46.808272], [29.459187, 46.808442], [29.458931, 46.808495], [29.458683, 46.808571], [29.458492, 46.808687], [29.458487, 46.808692], [29.458333, 46.808822], [29.458215, 46.808977], [29.458152, 46.809103], [29.458101, 46.809249], [29.45809, 46.80947], [29.458116, 46.809684], [29.458431, 46.811569], [29.458536, 46.812201], [29.458552, 46.812296], [29.458603, 46.812611], [29.458696, 46.81319], [29.458749, 46.813496], [29.458801, 46.813814], [29.459073, 46.815478], [29.459158, 46.816022], [29.459218, 46.816405], [29.459237, 46.816539], [29.459283, 46.816879], [29.459315, 46.817013], [29.459458, 46.817429], [29.45811, 46.817493], [29.456745, 46.817629], [29.45574, 46.81772], [29.45554, 46.817802], [29.455913, 46.817912], [29.45541, 46.818449], [29.455258, 46.818664], [29.455148, 46.818624], [29.45443, 46.818362], [29.454402, 46.818352], [29.453979, 46.818148], [29.453761, 46.818011], [29.45366, 46.81804], [29.453063, 46.818618], [29.45282, 46.81887], [29.452539, 46.819176], [29.451753, 46.820102], [29.451083, 46.820969], [29.450225, 46.822034], [29.45008, 46.822362], [29.4501, 46.822548], [29.449185, 46.822521], [29.447597, 46.822484], [29.447278, 46.822573], [29.446981, 46.822687], [29.445423, 46.823501], [29.444715, 46.82382], [29.444322, 46.823981], [29.443007, 46.824513], [29.442059, 46.824882], [29.441816, 46.824976], [29.437723, 46.826108], [29.43767, 46.82612], [29.435581, 46.826627], [29.434966, 46.826235], [29.434934, 46.826211]]}, "properties": {"district": "Протягайловка", "uid": "w353259234", "kind": "via_entry", "entry_id": "Про-035", "entry_road": "переулок Куйбышева", "distance_km": 6.7294, "duration_s": 590.9}}, {"type": "Feature", "geometry": {"type": "Point", "coordinates": [29.43508, 46.82612]}, "properties": {"district": "Протягайловка", "uid": "w353259234", "kind": "address_point"}}, {"type": "Feature", "geometry": {"type": "Point", "coordinates": [29.434934, 46.826211]}, "properties": {"district": "Протягайловка", "uid": "w353259234", "kind": "osrm_snap", "snap_distance_m": 15.0}}]}