{"type": "FeatureCollection", "features": [{"type": "Feature", "geometry": {"type": "LineString", "coordinates": [[29.483304, 46.824154], [29.482844, 46.824291], [29.482491, 46.824396], [29.482349, 46.824444], [29.482205, 46.824488], [29.481962, 46.824563], [29.481627, 46.824666], [29.481337, 46.824756], [29.480644, 46.824966], [29.478998, 46.825477], [29.478436, 46.824305], [29.478401, 46.824233], [29.478353, 46.824127], [29.478271, 46.823947], [29.478197, 46.823784], [29.478159, 46.823697], [29.477734, 46.822752], [29.477529, 46.822297], [29.476285, 46.822593], [29.475795, 46.822704], [29.475247, 46.822838], [29.474026, 46.823137], [29.472292, 46.823588], [29.472032, 46.822999]]}, "properties": {"uid": "w291423975", "kind": "fastest", "distance_km": 1.2239, "duration_s": 113.2}}, {"type": "Feature", "geometry": {"type": "LineString", "coordinates": [[29.483304, 46.824154], [29.482844, 46.824291], [29.482491, 46.824396], [29.482349, 46.824444], [29.482205, 46.824488], [29.481962, 46.824563], [29.481627, 46.824666], [29.481337, 46.824756], [29.480644, 46.824966], [29.478998, 46.825477], [29.478436, 46.824305], [29.478401, 46.824233], [29.478353, 46.824127], [29.478271, 46.823947], [29.478197, 46.823784], [29.478159, 46.823697], [29.477734, 46.822752], [29.477529, 46.822297], [29.476285, 46.822593], [29.475795, 46.822704], [29.475247, 46.822838], [29.474026, 46.823137], [29.472292, 46.823588], [29.472032, 46.822999]]}, "properties": {"uid": "w291423975", "kind": "shortest", "distance_km": 1.2239, "duration_s": 113.2}}, {"type": "Feature", "geometry": {"type": "LineString", "coordinates": [[29.483304, 46.824154], [29.483349, 46.824141], [29.483782, 46.824007], [29.483939, 46.823959], [29.484097, 46.823912], [29.484045, 46.823804], [29.483968, 46.82365], [29.483598, 46.822917], [29.483541, 46.822802], [29.483438, 46.822597], [29.483413, 46.822548], [29.483266, 46.822256], [29.483156, 46.822035], [29.482987, 46.821682], [29.482702, 46.821096], [29.482665, 46.821016], [29.482621, 46.820922], [29.481816, 46.819246], [29.481581, 46.818781], [29.481307, 46.818242], [29.480897, 46.817434], [29.480303, 46.816248], [29.479955, 46.815529], [29.479802, 46.815218], [29.479615, 46.814835], [29.479565, 46.81473], [29.479228, 46.814029], [29.479192, 46.813942], [29.479192, 46.813823], [29.479191, 46.813386], [29.479254, 46.813131], [29.479314, 46.812949], [29.479424, 46.812616], [29.479884, 46.811678], [29.480247, 46.810563], [29.480416, 46.809954], [29.480386, 46.809206], [29.480376, 46.808582], [29.480383, 46.808286], [29.480368, 46.805922], [29.480378, 46.805506], [29.480359, 46.804529], [29.480345, 46.804451], [29.48029, 46.804151], [29.479899, 46.803303], [29.479789, 46.803075], [29.479247, 46.801887], [29.479126, 46.801609], [29.479067, 46.801521], [29.478978, 46.80143], [29.478849, 46.801323], [29.478691, 46.80122], [29.478567, 46.801146], [29.478357, 46.80105], [29.477976, 46.80092], [29.477855, 46.800876], [29.477383, 46.800746], [29.477094, 46.800742], [29.476987, 46.800771], [29.476941, 46.800781], [29.47686, 46.80081], [29.47636, 46.801118], [29.47573, 46.801628], [29.475434, 46.801856], [29.474899, 46.802281], [29.474536, 46.802571], [29.474296, 46.802762], [29.473597, 46.803331], [29.473161, 46.803665], [29.472254, 46.804406], [29.471565, 46.804936], [29.471027, 46.80536], [29.470186, 46.806024], [29.469518, 46.806552], [29.468717, 46.807184], [29.468656, 46.807232], [29.467919, 46.807815], [29.468027, 46.807937], [29.468083, 46.808001], [29.468184, 46.808105], [29.468294, 46.808215], [29.468497, 46.808399], [29.468897, 46.808761], [29.470824, 46.810505], [29.470915, 46.810614], [29.47108, 46.810815], [29.471387, 46.811232], [29.471593, 46.811509], [29.471773, 46.811769], [29.472043, 46.812159], [29.472268, 46.812462], [29.472404, 46.81268], [29.472811, 46.813271], [29.472889, 46.813386], [29.472939, 46.81346], [29.473152, 46.813774], [29.473248, 46.813901], [29.473798, 46.814601], [29.474006, 46.814758], [29.474342, 46.814946], [29.474497, 46.815283], [29.474678, 46.815674], [29.474795, 46.815948], [29.475056, 46.816552], [29.475107, 46.816658], [29.47512, 46.816695], [29.475908, 46.81844], [29.475958, 46.818544], [29.475988, 46.818625], [29.476235, 46.819214], [29.476443, 46.819718], [29.476675, 46.820291], [29.47672, 46.8204], [29.47675, 46.820471], [29.476836, 46.820674], [29.47743, 46.822065], [29.477529, 46.822297], [29.476285, 46.822593], [29.475795, 46.822704], [29.475247, 46.822838], [29.474026, 46.823137], [29.472292, 46.823588], [29.472032, 46.822999]]}, "properties": {"uid": "w291423975", "kind": "forced_brewery", "distance_km": 6.1625, "duration_s": 406.2}}, {"type": "Feature", "geometry": {"type": "Point", "coordinates": [29.47159, 46.82309]}, "properties": {"uid": "w291423975", "kind": "home", "zone": 1}}, {"type": "Feature", "geometry": {"type": "LineString", "coordinates": [[29.483304, 46.824154], [29.482844, 46.824291], [29.482491, 46.824396], [29.482349, 46.824444], [29.482205, 46.824488], [29.481962, 46.824563], [29.481627, 46.824666], [29.481337, 46.824756], [29.480644, 46.824966], [29.478998, 46.825477], [29.478436, 46.824305], [29.478401, 46.824233], [29.478353, 46.824127], [29.478271, 46.823947], [29.478197, 46.823784], [29.478159, 46.823697], [29.477734, 46.822752], [29.477529, 46.822297], [29.476285, 46.822593], [29.475795, 46.822704], [29.475247, 46.822838], [29.474026, 46.823137], [29.472292, 46.823588], [29.471245, 46.823891], [29.47108, 46.823935], [29.47128, 46.824204]]}, "properties": {"uid": "w291423988", "kind": "fastest", "distance_km": 1.2893, "duration_s": 117.3}}, {"type": "Feature", "geometry": {"type": "LineString", "coordinates": [[29.483304, 46.824154], [29.482844, 46.824291], [29.482491, 46.824396], [29.482349, 46.824444], [29.482205, 46.824488], [29.481962, 46.824563], [29.481627, 46.824666], [29.481337, 46.824756], [29.480644, 46.824966], [29.478998, 46.825477], [29.478436, 46.824305], [29.478401, 46.824233], [29.478353, 46.824127], [29.478271, 46.823947], [29.478197, 46.823784], [29.478159, 46.823697], [29.477734, 46.822752], [29.477529, 46.822297], [29.476285, 46.822593], [29.475795, 46.822704], [29.475247, 46.822838], [29.474026, 46.823137], [29.472292, 46.823588], [29.471245, 46.823891], [29.47108, 46.823935], [29.47128, 46.824204]]}, "properties": {"uid": "w291423988", "kind": "shortest", "distance_km": 1.2893, "duration_s": 117.3}}, {"type": "Feature", "geometry": {"type": "LineString", "coordinates": [[29.483304, 46.824154], [29.483349, 46.824141], [29.483782, 46.824007], [29.483939, 46.823959], [29.484097, 46.823912], [29.484045, 46.823804], [29.483968, 46.82365], [29.483598, 46.822917], [29.483541, 46.822802], [29.483438, 46.822597], [29.483413, 46.822548], [29.483266, 46.822256], [29.483156, 46.822035], [29.482987, 46.821682], [29.482702, 46.821096], [29.482665, 46.821016], [29.482621, 46.820922], [29.481816, 46.819246], [29.481581, 46.818781], [29.481307, 46.818242], [29.480897, 46.817434], [29.480303, 46.816248], [29.479955, 46.815529], [29.479802, 46.815218], [29.479615, 46.814835], [29.479565, 46.81473], [29.479228, 46.814029], [29.479192, 46.813942], [29.479192, 46.813823], [29.479191, 46.813386], [29.479254, 46.813131], [29.479314, 46.812949], [29.479424, 46.812616], [29.479884, 46.811678], [29.480247, 46.810563], [29.480416, 46.809954], [29.480386, 46.809206], [29.480376, 46.808582], [29.480383, 46.808286], [29.480368, 46.805922], [29.480378, 46.805506], [29.480359, 46.804529], [29.480345, 46.804451], [29.48029, 46.804151], [29.479899, 46.803303], [29.479789, 46.803075], [29.479247, 46.801887], [29.479126, 46.801609], [29.479067, 46.801521], [29.478978, 46.80143], [29.478849, 46.801323], [29.478691, 46.80122], [29.478567, 46.801146], [29.478357, 46.80105], [29.477976, 46.80092], [29.477855, 46.800876], [29.477383, 46.800746], [29.477094, 46.800742], [29.476987, 46.800771], [29.476941, 46.800781], [29.47686, 46.80081], [29.47636, 46.801118], [29.47573, 46.801628], [29.475434, 46.801856], [29.474899, 46.802281], [29.474536, 46.802571], [29.474296, 46.802762], [29.473597, 46.803331], [29.473161, 46.803665], [29.472254, 46.804406], [29.471565, 46.804936], [29.471027, 46.80536], [29.470186, 46.806024], [29.469518, 46.806552], [29.468717, 46.807184], [29.468656, 46.807232], [29.467919, 46.807815], [29.468027, 46.807937], [29.468083, 46.808001], [29.468184, 46.808105], [29.468294, 46.808215], [29.468497, 46.808399], [29.468897, 46.808761], [29.470824, 46.810505], [29.470915, 46.810614], [29.47108, 46.810815], [29.471387, 46.811232], [29.471593, 46.811509], [29.471773, 46.811769], [29.472043, 46.812159], [29.472268, 46.812462], [29.472404, 46.81268], [29.472811, 46.813271], [29.472889, 46.813386], [29.472939, 46.81346], [29.473152, 46.813774], [29.473248, 46.813901], [29.473798, 46.814601], [29.474006, 46.814758], [29.474342, 46.814946], [29.474497, 46.815283], [29.474678, 46.815674], [29.474795, 46.815948], [29.475056, 46.816552], [29.475107, 46.816658], [29.47512, 46.816695], [29.475908, 46.81844], [29.475958, 46.818544], [29.475988, 46.818625], [29.476235, 46.819214], [29.476443, 46.819718], [29.476675, 46.820291], [29.47672, 46.8204], [29.47675, 46.820471], [29.476836, 46.820674], [29.47743, 46.822065], [29.477529, 46.822297], [29.476285, 46.822593], [29.475795, 46.822704], [29.475247, 46.822838], [29.474026, 46.823137], [29.472292, 46.823588], [29.471245, 46.823891], [29.47108, 46.823935], [29.47128, 46.824204]]}, "properties": {"uid": "w291423988", "kind": "forced_brewery", "distance_km": 6.2278, "duration_s": 410.3}}, {"type": "Feature", "geometry": {"type": "Point", "coordinates": [29.47152, 46.82412]}, "properties": {"uid": "w291423988", "kind": "home", "zone": 1}}, {"type": "Feature", "geometry": {"type": "LineString", "coordinates": [[29.483304, 46.824154], [29.482844, 46.824291], [29.482491, 46.824396], [29.482349, 46.824444], [29.482205, 46.824488], [29.481962, 46.824563], [29.481627, 46.824666], [29.481337, 46.824756], [29.480644, 46.824966], [29.478998, 46.825477], [29.478436, 46.824305], [29.478401, 46.824233], [29.478353, 46.824127], [29.478271, 46.823947], [29.478197, 46.823784], [29.478159, 46.823697], [29.477734, 46.822752], [29.477529, 46.822297], [29.476285, 46.822593], [29.475795, 46.822704], [29.475247, 46.822838], [29.474026, 46.823137], [29.472292, 46.823588], [29.471908, 46.822717]]}, "properties": {"uid": "w291423977", "kind": "fastest", "distance_km": 1.2567, "duration_s": 117.9}}, {"type": "Feature", "geometry": {"type": "LineString", "coordinates": [[29.483304, 46.824154], [29.482844, 46.824291], [29.482491, 46.824396], [29.482349, 46.824444], [29.482205, 46.824488], [29.481962, 46.824563], [29.481627, 46.824666], [29.481337, 46.824756], [29.480644, 46.824966], [29.478998, 46.825477], [29.478436, 46.824305], [29.478401, 46.824233], [29.478353, 46.824127], [29.478271, 46.823947], [29.478197, 46.823784], [29.478159, 46.823697], [29.477734, 46.822752], [29.477529, 46.822297], [29.476285, 46.822593], [29.475795, 46.822704], [29.475247, 46.822838], [29.474026, 46.823137], [29.472292, 46.823588], [29.471908, 46.822717]]}, "properties": {"uid": "w291423977", "kind": "shortest", "distance_km": 1.2567, "duration_s": 117.9}}, {"type": "Feature", "geometry": {"type": "LineString", "coordinates": [[29.483304, 46.824154], [29.483349, 46.824141], [29.483782, 46.824007], [29.483939, 46.823959], [29.484097, 46.823912], [29.484045, 46.823804], [29.483968, 46.82365], [29.483598, 46.822917], [29.483541, 46.822802], [29.483438, 46.822597], [29.483413, 46.822548], [29.483266, 46.822256], [29.483156, 46.822035], [29.482987, 46.821682], [29.482702, 46.821096], [29.482665, 46.821016], [29.482621, 46.820922], [29.481816, 46.819246], [29.481581, 46.818781], [29.481307, 46.818242], [29.480897, 46.817434], [29.480303, 46.816248], [29.479955, 46.815529], [29.479802, 46.815218], [29.479615, 46.814835], [29.479565, 46.81473], [29.479228, 46.814029], [29.479192, 46.813942], [29.479192, 46.813823], [29.479191, 46.813386], [29.479254, 46.813131], [29.479314, 46.812949], [29.479424, 46.812616], [29.479884, 46.811678], [29.480247, 46.810563], [29.480416, 46.809954], [29.480386, 46.809206], [29.480376, 46.808582], [29.480383, 46.808286], [29.480368, 46.805922], [29.480378, 46.805506], [29.480359, 46.804529], [29.480345, 46.804451], [29.48029, 46.804151], [29.479899, 46.803303], [29.479789, 46.803075], [29.479247, 46.801887], [29.479126, 46.801609], [29.479067, 46.801521], [29.478978, 46.80143], [29.478849, 46.801323], [29.478691, 46.80122], [29.478567, 46.801146], [29.478357, 46.80105], [29.477976, 46.80092], [29.477855, 46.800876], [29.477383, 46.800746], [29.477094, 46.800742], [29.476987, 46.800771], [29.476941, 46.800781], [29.47686, 46.80081], [29.47636, 46.801118], [29.47573, 46.801628], [29.475434, 46.801856], [29.474899, 46.802281], [29.474536, 46.802571], [29.474296, 46.802762], [29.473597, 46.803331], [29.473161, 46.803665], [29.472254, 46.804406], [29.471565, 46.804936], [29.471027, 46.80536], [29.470186, 46.806024], [29.469518, 46.806552], [29.468717, 46.807184], [29.468656, 46.807232], [29.467919, 46.807815], [29.468027, 46.807937], [29.468083, 46.808001], [29.468184, 46.808105], [29.468294, 46.808215], [29.468497, 46.808399], [29.468897, 46.808761], [29.470824, 46.810505], [29.470915, 46.810614], [29.47108, 46.810815], [29.471387, 46.811232], [29.471593, 46.811509], [29.471773, 46.811769], [29.472043, 46.812159], [29.472268, 46.812462], [29.472404, 46.81268], [29.472811, 46.813271], [29.472889, 46.813386], [29.472939, 46.81346], [29.473152, 46.813774], [29.473248, 46.813901], [29.473798, 46.814601], [29.474006, 46.814758], [29.474342, 46.814946], [29.474497, 46.815283], [29.474678, 46.815674], [29.474795, 46.815948], [29.475056, 46.816552], [29.475107, 46.816658], [29.47512, 46.816695], [29.475908, 46.81844], [29.475958, 46.818544], [29.475988, 46.818625], [29.476235, 46.819214], [29.476443, 46.819718], [29.476675, 46.820291], [29.47672, 46.8204], [29.47675, 46.820471], [29.476836, 46.820674], [29.47743, 46.822065], [29.477529, 46.822297], [29.476285, 46.822593], [29.475795, 46.822704], [29.475247, 46.822838], [29.474026, 46.823137], [29.472292, 46.823588], [29.471908, 46.822717]]}, "properties": {"uid": "w291423977", "kind": "forced_brewery", "distance_km": 6.1952, "duration_s": 410.9}}, {"type": "Feature", "geometry": {"type": "Point", "coordinates": [29.47146, 46.82281]}, "properties": {"uid": "w291423977", "kind": "home", "zone": 1}}, {"type": "Feature", "geometry": {"type": "LineString", "coordinates": [[29.483304, 46.824154], [29.482844, 46.824291], [29.482491, 46.824396], [29.482349, 46.824444], [29.482205, 46.824488], [29.481962, 46.824563], [29.481627, 46.824666], [29.481337, 46.824756], [29.480644, 46.824966], [29.478998, 46.825477], [29.478436, 46.824305], [29.478401, 46.824233], [29.478353, 46.824127], [29.478271, 46.823947], [29.478197, 46.823784], [29.478159, 46.823697], [29.477734, 46.822752], [29.477529, 46.822297], [29.476285, 46.822593], [29.475795, 46.822704], [29.475247, 46.822838], [29.474026, 46.823137], [29.472292, 46.823588], [29.471755, 46.822373]]}, "properties": {"uid": "w290851733", "kind": "fastest", "distance_km": 1.2967, "duration_s": 123.7}}, {"type": "Feature", "geometry": {"type": "LineString", "coordinates": [[29.483304, 46.824154], [29.482844, 46.824291], [29.482491, 46.824396], [29.482349, 46.824444], [29.482205, 46.824488], [29.481962, 46.824563], [29.481627, 46.824666], [29.481337, 46.824756], [29.480644, 46.824966], [29.478998, 46.825477], [29.478436, 46.824305], [29.478401, 46.824233], [29.478353, 46.824127], [29.478271, 46.823947], [29.478197, 46.823784], [29.478159, 46.823697], [29.477734, 46.822752], [29.477529, 46.822297], [29.476285, 46.822593], [29.475795, 46.822704], [29.475247, 46.822838], [29.474026, 46.823137], [29.472292, 46.823588], [29.471755, 46.822373]]}, "properties": {"uid": "w290851733", "kind": "shortest", "distance_km": 1.2967, "duration_s": 123.7}}, {"type": "Feature", "geometry": {"type": "LineString", "coordinates": [[29.483304, 46.824154], [29.483349, 46.824141], [29.483782, 46.824007], [29.483939, 46.823959], [29.484097, 46.823912], [29.484045, 46.823804], [29.483968, 46.82365], [29.483598, 46.822917], [29.483541, 46.822802], [29.483438, 46.822597], [29.483413, 46.822548], [29.483266, 46.822256], [29.483156, 46.822035], [29.482987, 46.821682], [29.482702, 46.821096], [29.482665, 46.821016], [29.482621, 46.820922], [29.481816, 46.819246], [29.481581, 46.818781], [29.481307, 46.818242], [29.480897, 46.817434], [29.480303, 46.816248], [29.479955, 46.815529], [29.479802, 46.815218], [29.479615, 46.814835], [29.479565, 46.81473], [29.479228, 46.814029], [29.479192, 46.813942], [29.479192, 46.813823], [29.479191, 46.813386], [29.479254, 46.813131], [29.479314, 46.812949], [29.479424, 46.812616], [29.479884, 46.811678], [29.480247, 46.810563], [29.480416, 46.809954], [29.480386, 46.809206], [29.480376, 46.808582], [29.480383, 46.808286], [29.480368, 46.805922], [29.480378, 46.805506], [29.480359, 46.804529], [29.480345, 46.804451], [29.48029, 46.804151], [29.479899, 46.803303], [29.479789, 46.803075], [29.479247, 46.801887], [29.479126, 46.801609], [29.479067, 46.801521], [29.478978, 46.80143], [29.478849, 46.801323], [29.478691, 46.80122], [29.478567, 46.801146], [29.478357, 46.80105], [29.477976, 46.80092], [29.477855, 46.800876], [29.477383, 46.800746], [29.477094, 46.800742], [29.476987, 46.800771], [29.476941, 46.800781], [29.47686, 46.80081], [29.47636, 46.801118], [29.47573, 46.801628], [29.475434, 46.801856], [29.474899, 46.802281], [29.474536, 46.802571], [29.474296, 46.802762], [29.473597, 46.803331], [29.473161, 46.803665], [29.472254, 46.804406], [29.471565, 46.804936], [29.471027, 46.80536], [29.470186, 46.806024], [29.469518, 46.806552], [29.468717, 46.807184], [29.468656, 46.807232], [29.467919, 46.807815], [29.468027, 46.807937], [29.468083, 46.808001], [29.468184, 46.808105], [29.468294, 46.808215], [29.468497, 46.808399], [29.468897, 46.808761], [29.470824, 46.810505], [29.470915, 46.810614], [29.47108, 46.810815], [29.471387, 46.811232], [29.471593, 46.811509], [29.471773, 46.811769], [29.472043, 46.812159], [29.472268, 46.812462], [29.472404, 46.81268], [29.472811, 46.813271], [29.472889, 46.813386], [29.472939, 46.81346], [29.473152, 46.813774], [29.473248, 46.813901], [29.473798, 46.814601], [29.474006, 46.814758], [29.474342, 46.814946], [29.474497, 46.815283], [29.474678, 46.815674], [29.474795, 46.815948], [29.475056, 46.816552], [29.475107, 46.816658], [29.47512, 46.816695], [29.475908, 46.81844], [29.475958, 46.818544], [29.475988, 46.818625], [29.476235, 46.819214], [29.476443, 46.819718], [29.476675, 46.820291], [29.47672, 46.8204], [29.475018, 46.820787], [29.47486, 46.820822], [29.473177, 46.821193], [29.47141, 46.821591], [29.471755, 46.822373]]}, "properties": {"uid": "w290851733", "kind": "forced_brewery", "distance_km": 5.9668, "duration_s": 414.5}}, {"type": "Feature", "geometry": {"type": "Point", "coordinates": [29.47143, 46.82244]}, "properties": {"uid": "w290851733", "kind": "home", "zone": 1}}, {"type": "Feature", "geometry": {"type": "LineString", "coordinates": [[29.483304, 46.824154], [29.482844, 46.824291], [29.482491, 46.824396], [29.482349, 46.824444], [29.482205, 46.824488], [29.481962, 46.824563], [29.481627, 46.824666], [29.481337, 46.824756], [29.480644, 46.824966], [29.478998, 46.825477], [29.478436, 46.824305], [29.478401, 46.824233], [29.478353, 46.824127], [29.478271, 46.823947], [29.478197, 46.823784], [29.478159, 46.823697], [29.477734, 46.822752], [29.477529, 46.822297], [29.476285, 46.822593], [29.475795, 46.822704], [29.475247, 46.822838], [29.474026, 46.823137], [29.472292, 46.823588], [29.471665, 46.822169]]}, "properties": {"uid": "w290851735", "kind": "fastest", "distance_km": 1.3203, "duration_s": 127.1}}, {"type": "Feature", "geometry": {"type": "LineString", "coordinates": [[29.483304, 46.824154], [29.482844, 46.824291], [29.482491, 46.824396], [29.482349, 46.824444], [29.482205, 46.824488], [29.481962, 46.824563], [29.481627, 46.824666], [29.481337, 46.824756], [29.480644, 46.824966], [29.478998, 46.825477], [29.478436, 46.824305], [29.478401, 46.824233], [29.478353, 46.824127], [29.478271, 46.823947], [29.478197, 46.823784], [29.478159, 46.823697], [29.477734, 46.822752], [29.477529, 46.822297], [29.476285, 46.822593], [29.475795, 46.822704], [29.475247, 46.822838], [29.474026, 46.823137], [29.472292, 46.823588], [29.471665, 46.822169]]}, "properties": {"uid": "w290851735", "kind": "shortest", "distance_km": 1.3203, "duration_s": 127.1}}, {"type": "Feature", "geometry": {"type": "LineString", "coordinates": [[29.483304, 46.824154], [29.483349, 46.824141], [29.483782, 46.824007], [29.483939, 46.823959], [29.484097, 46.823912], [29.484045, 46.823804], [29.483968, 46.82365], [29.483598, 46.822917], [29.483541, 46.822802], [29.483438, 46.822597], [29.483413, 46.822548], [29.483266, 46.822256], [29.483156, 46.822035], [29.482987, 46.821682], [29.482702, 46.821096], [29.482665, 46.821016], [29.482621, 46.820922], [29.481816, 46.819246], [29.481581, 46.818781], [29.481307, 46.818242], [29.480897, 46.817434], [29.480303, 46.816248], [29.479955, 46.815529], [29.479802, 46.815218], [29.479615, 46.814835], [29.479565, 46.81473], [29.479228, 46.814029], [29.479192, 46.813942], [29.479192, 46.813823], [29.479191, 46.813386], [29.479254, 46.813131], [29.479314, 46.812949], [29.479424, 46.812616], [29.479884, 46.811678], [29.480247, 46.810563], [29.480416, 46.809954], [29.480386, 46.809206], [29.480376, 46.808582], [29.480383, 46.808286], [29.480368, 46.805922], [29.480378, 46.805506], [29.480359, 46.804529], [29.480345, 46.804451], [29.48029, 46.804151], [29.479899, 46.803303], [29.479789, 46.803075], [29.479247, 46.801887], [29.479126, 46.801609], [29.479067, 46.801521], [29.478978, 46.80143], [29.478849, 46.801323], [29.478691, 46.80122], [29.478567, 46.801146], [29.478357, 46.80105], [29.477976, 46.80092], [29.477855, 46.800876], [29.477383, 46.800746], [29.477094, 46.800742], [29.476987, 46.800771], [29.476941, 46.800781], [29.47686, 46.80081], [29.47636, 46.801118], [29.47573, 46.801628], [29.475434, 46.801856], [29.474899, 46.802281], [29.474536, 46.802571], [29.474296, 46.802762], [29.473597, 46.803331], [29.473161, 46.803665], [29.472254, 46.804406], [29.471565, 46.804936], [29.471027, 46.80536], [29.470186, 46.806024], [29.469518, 46.806552], [29.468717, 46.807184], [29.468656, 46.807232], [29.467919, 46.807815], [29.468027, 46.807937], [29.468083, 46.808001], [29.468184, 46.808105], [29.468294, 46.808215], [29.468497, 46.808399], [29.468897, 46.808761], [29.470824, 46.810505], [29.470915, 46.810614], [29.47108, 46.810815], [29.471387, 46.811232], [29.471593, 46.811509], [29.471773, 46.811769], [29.472043, 46.812159], [29.472268, 46.812462], [29.472404, 46.81268], [29.472811, 46.813271], [29.472889, 46.813386], [29.472939, 46.81346], [29.473152, 46.813774], [29.473248, 46.813901], [29.473798, 46.814601], [29.474006, 46.814758], [29.474342, 46.814946], [29.474497, 46.815283], [29.474678, 46.815674], [29.474795, 46.815948], [29.475056, 46.816552], [29.475107, 46.816658], [29.47512, 46.816695], [29.475908, 46.81844], [29.475958, 46.818544], [29.475988, 46.818625], [29.476235, 46.819214], [29.476443, 46.819718], [29.476675, 46.820291], [29.47672, 46.8204], [29.475018, 46.820787], [29.47486, 46.820822], [29.473177, 46.821193], [29.47141, 46.821591], [29.471665, 46.822169]]}, "properties": {"uid": "w290851735", "kind": "forced_brewery", "distance_km": 5.9431, "duration_s": 411.1}}, {"type": "Feature", "geometry": {"type": "Point", "coordinates": [29.47132, 46.82224]}, "properties": {"uid": "w290851735", "kind": "home", "zone": 1}}, {"type": "Feature", "geometry": {"type": "LineString", "coordinates": [[29.483304, 46.824154], [29.482844, 46.824291], [29.482491, 46.824396], [29.482349, 46.824444], [29.482205, 46.824488], [29.481962, 46.824563], [29.481627, 46.824666], [29.481337, 46.824756], [29.480644, 46.824966], [29.478998, 46.825477], [29.478436, 46.824305], [29.478401, 46.824233], [29.478353, 46.824127], [29.478271, 46.823947], [29.478197, 46.823784], [29.478159, 46.823697], [29.477734, 46.822752], [29.477529, 46.822297], [29.47743, 46.822065], [29.476836, 46.820674], [29.47675, 46.820471], [29.47672, 46.8204], [29.475018, 46.820787], [29.47486, 46.820822], [29.473177, 46.821193], [29.47141, 46.821591], [29.471022, 46.821669]]}, "properties": {"uid": "w290334258", "kind": "fastest", "distance_km": 1.4077, "duration_s": 139.6}}, {"type": "Feature", "geometry": {"type": "LineString", "coordinates": [[29.483304, 46.824154], [29.482844, 46.824291], [29.482491, 46.824396], [29.482349, 46.824444], [29.482205, 46.824488], [29.481962, 46.824563], [29.481627, 46.824666], [29.481337, 46.824756], [29.480644, 46.824966], [29.478998, 46.825477], [29.478436, 46.824305], [29.478401, 46.824233], [29.478353, 46.824127], [29.478271, 46.823947], [29.478197, 46.823784], [29.478159, 46.823697], [29.477734, 46.822752], [29.477529, 46.822297], [29.47743, 46.822065], [29.476836, 46.820674], [29.47675, 46.820471], [29.47672, 46.8204], [29.475018, 46.820787], [29.47486, 46.820822], [29.473177, 46.821193], [29.47141, 46.821591], [29.471022, 46.821669]]}, "properties": {"uid": "w290334258", "kind": "shortest", "distance_km": 1.4077, "duration_s": 139.6}}, {"type": "Feature", "geometry": {"type": "LineString", "coordinates": [[29.483304, 46.824154], [29.483349, 46.824141], [29.483782, 46.824007], [29.483939, 46.823959], [29.484097, 46.823912], [29.484045, 46.823804], [29.483968, 46.82365], [29.483598, 46.822917], [29.483541, 46.822802], [29.483438, 46.822597], [29.483413, 46.822548], [29.483266, 46.822256], [29.483156, 46.822035], [29.482987, 46.821682], [29.482702, 46.821096], [29.482665, 46.821016], [29.482621, 46.820922], [29.481816, 46.819246], [29.481581, 46.818781], [29.481307, 46.818242], [29.480897, 46.817434], [29.480303, 46.816248], [29.479955, 46.815529], [29.479802, 46.815218], [29.479615, 46.814835], [29.479565, 46.81473], [29.479228, 46.814029], [29.479192, 46.813942], [29.479192, 46.813823], [29.479191, 46.813386], [29.479254, 46.813131], [29.479314, 46.812949], [29.479424, 46.812616], [29.479884, 46.811678], [29.480247, 46.810563], [29.480416, 46.809954], [29.480386, 46.809206], [29.480376, 46.808582], [29.480383, 46.808286], [29.480368, 46.805922], [29.480378, 46.805506], [29.480359, 46.804529], [29.480345, 46.804451], [29.48029, 46.804151], [29.479899, 46.803303], [29.479789, 46.803075], [29.479247, 46.801887], [29.479126, 46.801609], [29.479067, 46.801521], [29.478978, 46.80143], [29.478849, 46.801323], [29.478691, 46.80122], [29.478567, 46.801146], [29.478357, 46.80105], [29.477976, 46.80092], [29.477855, 46.800876], [29.477383, 46.800746], [29.477094, 46.800742], [29.476987, 46.800771], [29.476941, 46.800781], [29.47686, 46.80081], [29.47636, 46.801118], [29.47573, 46.801628], [29.475434, 46.801856], [29.474899, 46.802281], [29.474536, 46.802571], [29.474296, 46.802762], [29.473597, 46.803331], [29.473161, 46.803665], [29.472254, 46.804406], [29.471565, 46.804936], [29.471027, 46.80536], [29.470186, 46.806024], [29.469518, 46.806552], [29.468717, 46.807184], [29.468656, 46.807232], [29.467919, 46.807815], [29.468027, 46.807937], [29.468083, 46.808001], [29.468184, 46.808105], [29.468294, 46.808215], [29.468497, 46.808399], [29.468897, 46.808761], [29.470824, 46.810505], [29.470915, 46.810614], [29.47108, 46.810815], [29.471387, 46.811232], [29.471593, 46.811509], [29.471773, 46.811769], [29.472043, 46.812159], [29.472268, 46.812462], [29.472404, 46.81268], [29.472811, 46.813271], [29.472889, 46.813386], [29.472939, 46.81346], [29.473152, 46.813774], [29.473248, 46.813901], [29.473798, 46.814601], [29.474006, 46.814758], [29.474342, 46.814946], [29.474497, 46.815283], [29.474678, 46.815674], [29.474795, 46.815948], [29.475056, 46.816552], [29.475107, 46.816658], [29.47512, 46.816695], [29.475908, 46.81844], [29.475958, 46.818544], [29.475988, 46.818625], [29.476235, 46.819214], [29.476443, 46.819718], [29.476675, 46.820291], [29.47672, 46.8204], [29.475018, 46.820787], [29.47486, 46.820822], [29.473177, 46.821193], [29.47141, 46.821591], [29.471022, 46.821669]]}, "properties": {"uid": "w290334258", "kind": "forced_brewery", "distance_km": 5.9068, "duration_s": 404}}, {"type": "Feature", "geometry": {"type": "Point", "coordinates": [29.47113, 46.82192]}, "properties": {"uid": "w290334258", "kind": "home", "zone": 1}}, {"type": "Feature", "geometry": {"type": "LineString", "coordinates": [[29.483304, 46.824154], [29.482844, 46.824291], [29.482491, 46.824396], [29.482349, 46.824444], [29.482205, 46.824488], [29.481962, 46.824563], [29.481627, 46.824666], [29.481337, 46.824756], [29.480644, 46.824966], [29.478998, 46.825477], [29.478436, 46.824305], [29.478401, 46.824233], [29.478353, 46.824127], [29.478271, 46.823947], [29.478197, 46.823784], [29.478159, 46.823697], [29.477734, 46.822752], [29.477529, 46.822297], [29.476285, 46.822593], [29.475795, 46.822704], [29.475247, 46.822838], [29.474026, 46.823137], [29.472292, 46.823588], [29.471245, 46.823891], [29.471012, 46.823546], [29.470665, 46.823622]]}, "properties": {"uid": "w161058097", "kind": "fastest", "distance_km": 1.3123, "duration_s": 127.3}}, {"type": "Feature", "geometry": {"type": "LineString", "coordinates": [[29.483304, 46.824154], [29.482844, 46.824291], [29.482491, 46.824396], [29.482349, 46.824444], [29.482205, 46.824488], [29.481962, 46.824563], [29.481627, 46.824666], [29.481337, 46.824756], [29.480644, 46.824966], [29.478998, 46.825477], [29.478436, 46.824305], [29.478401, 46.824233], [29.478353, 46.824127], [29.478271, 46.823947], [29.478197, 46.823784], [29.478159, 46.823697], [29.477734, 46.822752], [29.477529, 46.822297], [29.476285, 46.822593], [29.475795, 46.822704], [29.475247, 46.822838], [29.474026, 46.823137], [29.472292, 46.823588], [29.471245, 46.823891], [29.471012, 46.823546], [29.470665, 46.823622]]}, "properties": {"uid": "w161058097", "kind": "shortest", "distance_km": 1.3123, "duration_s": 127.3}}, {"type": "Feature", "geometry": {"type": "LineString", "coordinates": [[29.483304, 46.824154], [29.483349, 46.824141], [29.483782, 46.824007], [29.483939, 46.823959], [29.484097, 46.823912], [29.484045, 46.823804], [29.483968, 46.82365], [29.483598, 46.822917], [29.483541, 46.822802], [29.483438, 46.822597], [29.483413, 46.822548], [29.483266, 46.822256], [29.483156, 46.822035], [29.482987, 46.821682], [29.482702, 46.821096], [29.482665, 46.821016], [29.482621, 46.820922], [29.481816, 46.819246], [29.481581, 46.818781], [29.481307, 46.818242], [29.480897, 46.817434], [29.480303, 46.816248], [29.479955, 46.815529], [29.479802, 46.815218], [29.479615, 46.814835], [29.479565, 46.81473], [29.479228, 46.814029], [29.479192, 46.813942], [29.479192, 46.813823], [29.479191, 46.813386], [29.479254, 46.813131], [29.479314, 46.812949], [29.479424, 46.812616], [29.479884, 46.811678], [29.480247, 46.810563], [29.480416, 46.809954], [29.480386, 46.809206], [29.480376, 46.808582], [29.480383, 46.808286], [29.480368, 46.805922], [29.480378, 46.805506], [29.480359, 46.804529], [29.480345, 46.804451], [29.48029, 46.804151], [29.479899, 46.803303], [29.479789, 46.803075], [29.479247, 46.801887], [29.479126, 46.801609], [29.479067, 46.801521], [29.478978, 46.80143], [29.478849, 46.801323], [29.478691, 46.80122], [29.478567, 46.801146], [29.478357, 46.80105], [29.477976, 46.80092], [29.477855, 46.800876], [29.477383, 46.800746], [29.477094, 46.800742], [29.476987, 46.800771], [29.476941, 46.800781], [29.47686, 46.80081], [29.47636, 46.801118], [29.47573, 46.801628], [29.475434, 46.801856], [29.474899, 46.802281], [29.474536, 46.802571], [29.474296, 46.802762], [29.473597, 46.803331], [29.473161, 46.803665], [29.472254, 46.804406], [29.471565, 46.804936], [29.471027, 46.80536], [29.470186, 46.806024], [29.469518, 46.806552], [29.468717, 46.807184], [29.468656, 46.807232], [29.467919, 46.807815], [29.468027, 46.807937], [29.468083, 46.808001], [29.468184, 46.808105], [29.468294, 46.808215], [29.468497, 46.808399], [29.468897, 46.808761], [29.470824, 46.810505], [29.470915, 46.810614], [29.47108, 46.810815], [29.471387, 46.811232], [29.471593, 46.811509], [29.471773, 46.811769], [29.472043, 46.812159], [29.472268, 46.812462], [29.472404, 46.81268], [29.472811, 46.813271], [29.472889, 46.813386], [29.472939, 46.81346], [29.473152, 46.813774], [29.473248, 46.813901], [29.473798, 46.814601], [29.474006, 46.814758], [29.474342, 46.814946], [29.474497, 46.815283], [29.474678, 46.815674], [29.474795, 46.815948], [29.475056, 46.816552], [29.475107, 46.816658], [29.47512, 46.816695], [29.475908, 46.81844], [29.475958, 46.818544], [29.475988, 46.818625], [29.476235, 46.819214], [29.476443, 46.819718], [29.476675, 46.820291], [29.47672, 46.8204], [29.47675, 46.820471], [29.476836, 46.820674], [29.47743, 46.822065], [29.477529, 46.822297], [29.476285, 46.822593], [29.475795, 46.822704], [29.475247, 46.822838], [29.474026, 46.823137], [29.472292, 46.823588], [29.471245, 46.823891], [29.471012, 46.823546], [29.470665, 46.823622]]}, "properties": {"uid": "w161058097", "kind": "forced_brewery", "distance_km": 6.2508, "duration_s": 420.3}}, {"type": "Feature", "geometry": {"type": "Point", "coordinates": [29.47073, 46.82376]}, "properties": {"uid": "w161058097", "kind": "home", "zone": 1}}, {"type": "Feature", "geometry": {"type": "LineString", "coordinates": [[29.483304, 46.824154], [29.482844, 46.824291], [29.482491, 46.824396], [29.482349, 46.824444], [29.482205, 46.824488], [29.481962, 46.824563], [29.481627, 46.824666], [29.481337, 46.824756], [29.480644, 46.824966], [29.478998, 46.825477], [29.478436, 46.824305], [29.478401, 46.824233], [29.478353, 46.824127], [29.478271, 46.823947], [29.478197, 46.823784], [29.478159, 46.823697], [29.477734, 46.822752], [29.477529, 46.822297], [29.476285, 46.822593], [29.475795, 46.822704], [29.475247, 46.822838], [29.474026, 46.823137], [29.472292, 46.823588], [29.471245, 46.823891], [29.47108, 46.823935], [29.47035, 46.824128], [29.470582, 46.824415]]}, "properties": {"uid": "w222774405", "kind": "fastest", "distance_km": 1.3519, "duration_s": 120.1}}, {"type": "Feature", "geometry": {"type": "LineString", "coordinates": [[29.483304, 46.824154], [29.482844, 46.824291], [29.482491, 46.824396], [29.482349, 46.824444], [29.482205, 46.824488], [29.481962, 46.824563], [29.481627, 46.824666], [29.481337, 46.824756], [29.480644, 46.824966], [29.478998, 46.825477], [29.478917, 46.825502], [29.478804, 46.825537], [29.477346, 46.825986], [29.477261, 46.826013], [29.47556, 46.826537], [29.473924, 46.827012], [29.472868, 46.827363], [29.472042, 46.826227], [29.472007, 46.826182], [29.470582, 46.824415]]}, "properties": {"uid": "w222774405", "kind": "shortest", "distance_km": 1.244, "duration_s": 124}}, {"type": "Feature", "geometry": {"type": "LineString", "coordinates": [[29.483304, 46.824154], [29.483349, 46.824141], [29.483782, 46.824007], [29.483939, 46.823959], [29.484097, 46.823912], [29.484045, 46.823804], [29.483968, 46.82365], [29.483598, 46.822917], [29.483541, 46.822802], [29.483438, 46.822597], [29.483413, 46.822548], [29.483266, 46.822256], [29.483156, 46.822035], [29.482987, 46.821682], [29.482702, 46.821096], [29.482665, 46.821016], [29.482621, 46.820922], [29.481816, 46.819246], [29.481581, 46.818781], [29.481307, 46.818242], [29.480897, 46.817434], [29.480303, 46.816248], [29.479955, 46.815529], [29.479802, 46.815218], [29.479615, 46.814835], [29.479565, 46.81473], [29.479228, 46.814029], [29.479192, 46.813942], [29.479192, 46.813823], [29.479191, 46.813386], [29.479254, 46.813131], [29.479314, 46.812949], [29.479424, 46.812616], [29.479884, 46.811678], [29.480247, 46.810563], [29.480416, 46.809954], [29.480386, 46.809206], [29.480376, 46.808582], [29.480383, 46.808286], [29.480368, 46.805922], [29.480378, 46.805506], [29.480359, 46.804529], [29.480345, 46.804451], [29.48029, 46.804151], [29.479899, 46.803303], [29.479789, 46.803075], [29.479247, 46.801887], [29.479126, 46.801609], [29.479067, 46.801521], [29.478978, 46.80143], [29.478849, 46.801323], [29.478691, 46.80122], [29.478567, 46.801146], [29.478357, 46.80105], [29.477976, 46.80092], [29.477855, 46.800876], [29.477383, 46.800746], [29.477094, 46.800742], [29.476987, 46.800771], [29.476941, 46.800781], [29.47686, 46.80081], [29.47636, 46.801118], [29.47573, 46.801628], [29.475434, 46.801856], [29.474899, 46.802281], [29.474536, 46.802571], [29.474296, 46.802762], [29.473597, 46.803331], [29.473161, 46.803665], [29.472254, 46.804406], [29.471565, 46.804936], [29.471027, 46.80536], [29.470186, 46.806024], [29.469518, 46.806552], [29.468717, 46.807184], [29.468656, 46.807232], [29.467919, 46.807815], [29.468027, 46.807937], [29.468083, 46.808001], [29.468184, 46.808105], [29.468294, 46.808215], [29.468497, 46.808399], [29.468897, 46.808761], [29.470824, 46.810505], [29.470915, 46.810614], [29.47108, 46.810815], [29.471387, 46.811232], [29.471593, 46.811509], [29.471773, 46.811769], [29.472043, 46.812159], [29.472268, 46.812462], [29.472404, 46.81268], [29.472811, 46.813271], [29.472889, 46.813386], [29.472939, 46.81346], [29.473152, 46.813774], [29.473248, 46.813901], [29.473798, 46.814601], [29.474006, 46.814758], [29.474342, 46.814946], [29.474497, 46.815283], [29.474678, 46.815674], [29.474795, 46.815948], [29.475056, 46.816552], [29.475107, 46.816658], [29.47512, 46.816695], [29.475908, 46.81844], [29.475958, 46.818544], [29.475988, 46.818625], [29.476235, 46.819214], [29.476443, 46.819718], [29.476675, 46.820291], [29.47672, 46.8204], [29.47675, 46.820471], [29.476836, 46.820674], [29.47743, 46.822065], [29.477529, 46.822297], [29.476285, 46.822593], [29.475795, 46.822704], [29.475247, 46.822838], [29.474026, 46.823137], [29.472292, 46.823588], [29.471245, 46.823891], [29.47108, 46.823935], [29.47035, 46.824128], [29.470582, 46.824415]]}, "properties": {"uid": "w222774405", "kind": "forced_brewery", "distance_km": 6.2905, "duration_s": 413.1}}, {"type": "Feature", "geometry": {"type": "Point", "coordinates": [29.47041, 46.82448]}, "properties": {"uid": "w222774405", "kind": "home", "zone": 1}}, {"type": "Feature", "geometry": {"type": "LineString", "coordinates": [[29.483304, 46.824154], [29.482844, 46.824291], [29.482491, 46.824396], [29.482349, 46.824444], [29.482205, 46.824488], [29.481962, 46.824563], [29.481627, 46.824666], [29.481337, 46.824756], [29.480644, 46.824966], [29.478998, 46.825477], [29.478436, 46.824305], [29.478401, 46.824233], [29.478353, 46.824127], [29.478271, 46.823947], [29.478197, 46.823784], [29.478159, 46.823697], [29.477734, 46.822752], [29.477529, 46.822297], [29.47743, 46.822065], [29.476836, 46.820674], [29.47675, 46.820471], [29.47672, 46.8204], [29.475018, 46.820787], [29.47486, 46.820822], [29.473177, 46.821193], [29.47141, 46.821591], [29.470554, 46.821763]]}, "properties": {"uid": "w211496781", "kind": "fastest", "distance_km": 1.4449, "duration_s": 144.9}}, {"type": "Feature", "geometry": {"type": "LineString", "coordinates": [[29.483304, 46.824154], [29.482844, 46.824291], [29.482491, 46.824396], [29.482349, 46.824444], [29.482205, 46.824488], [29.481962, 46.824563], [29.481627, 46.824666], [29.481337, 46.824756], [29.480644, 46.824966], [29.478998, 46.825477], [29.478436, 46.824305], [29.478401, 46.824233], [29.478353, 46.824127], [29.478271, 46.823947], [29.478197, 46.823784], [29.478159, 46.823697], [29.477734, 46.822752], [29.477529, 46.822297], [29.47743, 46.822065], [29.476836, 46.820674], [29.47675, 46.820471], [29.47672, 46.8204], [29.475018, 46.820787], [29.47486, 46.820822], [29.473177, 46.821193], [29.47141, 46.821591], [29.470554, 46.821763]]}, "properties": {"uid": "w211496781", "kind": "shortest", "distance_km": 1.4449, "duration_s": 144.9}}, {"type": "Feature", "geometry": {"type": "LineString", "coordinates": [[29.483304, 46.824154], [29.483349, 46.824141], [29.483782, 46.824007], [29.483939, 46.823959], [29.484097, 46.823912], [29.484045, 46.823804], [29.483968, 46.82365], [29.483598, 46.822917], [29.483541, 46.822802], [29.483438, 46.822597], [29.483413, 46.822548], [29.483266, 46.822256], [29.483156, 46.822035], [29.482987, 46.821682], [29.482702, 46.821096], [29.482665, 46.821016], [29.482621, 46.820922], [29.481816, 46.819246], [29.481581, 46.818781], [29.481307, 46.818242], [29.480897, 46.817434], [29.480303, 46.816248], [29.479955, 46.815529], [29.479802, 46.815218], [29.479615, 46.814835], [29.479565, 46.81473], [29.479228, 46.814029], [29.479192, 46.813942], [29.479192, 46.813823], [29.479191, 46.813386], [29.479254, 46.813131], [29.479314, 46.812949], [29.479424, 46.812616], [29.479884, 46.811678], [29.480247, 46.810563], [29.480416, 46.809954], [29.480386, 46.809206], [29.480376, 46.808582], [29.480383, 46.808286], [29.480368, 46.805922], [29.480378, 46.805506], [29.480359, 46.804529], [29.480345, 46.804451], [29.48029, 46.804151], [29.479899, 46.803303], [29.479789, 46.803075], [29.479247, 46.801887], [29.479126, 46.801609], [29.479067, 46.801521], [29.478978, 46.80143], [29.478849, 46.801323], [29.478691, 46.80122], [29.478567, 46.801146], [29.478357, 46.80105], [29.477976, 46.80092], [29.477855, 46.800876], [29.477383, 46.800746], [29.477094, 46.800742], [29.476987, 46.800771], [29.476941, 46.800781], [29.47686, 46.80081], [29.47636, 46.801118], [29.47573, 46.801628], [29.475434, 46.801856], [29.474899, 46.802281], [29.474536, 46.802571], [29.474296, 46.802762], [29.473597, 46.803331], [29.473161, 46.803665], [29.472254, 46.804406], [29.471565, 46.804936], [29.471027, 46.80536], [29.470186, 46.806024], [29.469518, 46.806552], [29.468717, 46.807184], [29.468656, 46.807232], [29.467919, 46.807815], [29.468027, 46.807937], [29.468083, 46.808001], [29.468184, 46.808105], [29.468294, 46.808215], [29.468497, 46.808399], [29.468897, 46.808761], [29.470824, 46.810505], [29.470915, 46.810614], [29.47108, 46.810815], [29.471387, 46.811232], [29.471593, 46.811509], [29.471773, 46.811769], [29.472043, 46.812159], [29.472268, 46.812462], [29.472404, 46.81268], [29.472811, 46.813271], [29.472889, 46.813386], [29.472939, 46.81346], [29.473152, 46.813774], [29.473248, 46.813901], [29.473798, 46.814601], [29.474006, 46.814758], [29.474342, 46.814946], [29.474497, 46.815283], [29.474678, 46.815674], [29.474795, 46.815948], [29.475056, 46.816552], [29.475107, 46.816658], [29.47512, 46.816695], [29.475908, 46.81844], [29.475958, 46.818544], [29.475988, 46.818625], [29.476235, 46.819214], [29.476443, 46.819718], [29.476675, 46.820291], [29.47672, 46.8204], [29.475018, 46.820787], [29.47486, 46.820822], [29.473177, 46.821193], [29.47141, 46.821591], [29.470554, 46.821763]]}, "properties": {"uid": "w211496781", "kind": "forced_brewery", "distance_km": 5.944, "duration_s": 409.3}}, {"type": "Feature", "geometry": {"type": "Point", "coordinates": [29.47066, 46.82201]}, "properties": {"uid": "w211496781", "kind": "home", "zone": 1}}, {"type": "Feature", "geometry": {"type": "LineString", "coordinates": [[29.483304, 46.824154], [29.482844, 46.824291], [29.482491, 46.824396], [29.482349, 46.824444], [29.482205, 46.824488], [29.481962, 46.824563], [29.481627, 46.824666], [29.481337, 46.824756], [29.480644, 46.824966], [29.478998, 46.825477], [29.478436, 46.824305], [29.478401, 46.824233], [29.478353, 46.824127], [29.478271, 46.823947], [29.478197, 46.823784], [29.478159, 46.823697], [29.477734, 46.822752], [29.477529, 46.822297], [29.476285, 46.822593], [29.475795, 46.822704], [29.475247, 46.822838], [29.474026, 46.823137], [29.472292, 46.823588], [29.471245, 46.823891], [29.471012, 46.823546], [29.470492, 46.82366], [29.470332, 46.823431]]}, "properties": {"uid": "w161058100", "kind": "fastest", "distance_km": 1.3544, "duration_s": 137.4}}, {"type": "Feature", "geometry": {"type": "LineString", "coordinates": [[29.483304, 46.824154], [29.482844, 46.824291], [29.482491, 46.824396], [29.482349, 46.824444], [29.482205, 46.824488], [29.481962, 46.824563], [29.481627, 46.824666], [29.481337, 46.824756], [29.480644, 46.824966], [29.478998, 46.825477], [29.478436, 46.824305], [29.478401, 46.824233], [29.478353, 46.824127], [29.478271, 46.823947], [29.478197, 46.823784], [29.478159, 46.823697], [29.477734, 46.822752], [29.477529, 46.822297], [29.476285, 46.822593], [29.475795, 46.822704], [29.475247, 46.822838], [29.474026, 46.823137], [29.472292, 46.823588], [29.471245, 46.823891], [29.471012, 46.823546], [29.470492, 46.82366], [29.470332, 46.823431]]}, "properties": {"uid": "w161058100", "kind": "shortest", "distance_km": 1.3544, "duration_s": 137.4}}, {"type": "Feature", "geometry": {"type": "LineString", "coordinates": [[29.483304, 46.824154], [29.483349, 46.824141], [29.483782, 46.824007], [29.483939, 46.823959], [29.484097, 46.823912], [29.484045, 46.823804], [29.483968, 46.82365], [29.483598, 46.822917], [29.483541, 46.822802], [29.483438, 46.822597], [29.483413, 46.822548], [29.483266, 46.822256], [29.483156, 46.822035], [29.482987, 46.821682], [29.482702, 46.821096], [29.482665, 46.821016], [29.482621, 46.820922], [29.481816, 46.819246], [29.481581, 46.818781], [29.481307, 46.818242], [29.480897, 46.817434], [29.480303, 46.816248], [29.479955, 46.815529], [29.479802, 46.815218], [29.479615, 46.814835], [29.479565, 46.81473], [29.479228, 46.814029], [29.479192, 46.813942], [29.479192, 46.813823], [29.479191, 46.813386], [29.479254, 46.813131], [29.479314, 46.812949], [29.479424, 46.812616], [29.479884, 46.811678], [29.480247, 46.810563], [29.480416, 46.809954], [29.480386, 46.809206], [29.480376, 46.808582], [29.480383, 46.808286], [29.480368, 46.805922], [29.480378, 46.805506], [29.480359, 46.804529], [29.480345, 46.804451], [29.48029, 46.804151], [29.479899, 46.803303], [29.479789, 46.803075], [29.479247, 46.801887], [29.479126, 46.801609], [29.479067, 46.801521], [29.478978, 46.80143], [29.478849, 46.801323], [29.478691, 46.80122], [29.478567, 46.801146], [29.478357, 46.80105], [29.477976, 46.80092], [29.477855, 46.800876], [29.477383, 46.800746], [29.477094, 46.800742], [29.476987, 46.800771], [29.476941, 46.800781], [29.47686, 46.80081], [29.47636, 46.801118], [29.47573, 46.801628], [29.475434, 46.801856], [29.474899, 46.802281], [29.474536, 46.802571], [29.474296, 46.802762], [29.473597, 46.803331], [29.473161, 46.803665], [29.472254, 46.804406], [29.471565, 46.804936], [29.471027, 46.80536], [29.470186, 46.806024], [29.469518, 46.806552], [29.468717, 46.807184], [29.468656, 46.807232], [29.467919, 46.807815], [29.468027, 46.807937], [29.468083, 46.808001], [29.468184, 46.808105], [29.468294, 46.808215], [29.468497, 46.808399], [29.468897, 46.808761], [29.470824, 46.810505], [29.470915, 46.810614], [29.47108, 46.810815], [29.471387, 46.811232], [29.471593, 46.811509], [29.471773, 46.811769], [29.472043, 46.812159], [29.472268, 46.812462], [29.472404, 46.81268], [29.472811, 46.813271], [29.472889, 46.813386], [29.472939, 46.81346], [29.473152, 46.813774], [29.473248, 46.813901], [29.473798, 46.814601], [29.474006, 46.814758], [29.474342, 46.814946], [29.474497, 46.815283], [29.474678, 46.815674], [29.474795, 46.815948], [29.475056, 46.816552], [29.475107, 46.816658], [29.47512, 46.816695], [29.475908, 46.81844], [29.475958, 46.818544], [29.475988, 46.818625], [29.476235, 46.819214], [29.476443, 46.819718], [29.476675, 46.820291], [29.47672, 46.8204], [29.47675, 46.820471], [29.476836, 46.820674], [29.47743, 46.822065], [29.477529, 46.822297], [29.476285, 46.822593], [29.475795, 46.822704], [29.475247, 46.822838], [29.474026, 46.823137], [29.472292, 46.823588], [29.471245, 46.823891], [29.471012, 46.823546], [29.470492, 46.82366], [29.470332, 46.823431]]}, "properties": {"uid": "w161058100", "kind": "forced_brewery", "distance_km": 6.2929, "duration_s": 430.4}}, {"type": "Feature", "geometry": {"type": "Point", "coordinates": [29.47015, 46.82349]}, "properties": {"uid": "w161058100", "kind": "home", "zone": 1}}, {"type": "Feature", "geometry": {"type": "LineString", "coordinates": [[29.483304, 46.824154], [29.482844, 46.824291], [29.482491, 46.824396], [29.482349, 46.824444], [29.482205, 46.824488], [29.481962, 46.824563], [29.481627, 46.824666], [29.481337, 46.824756], [29.480644, 46.824966], [29.478998, 46.825477], [29.478436, 46.824305], [29.478401, 46.824233], [29.478353, 46.824127], [29.478271, 46.823947], [29.478197, 46.823784], [29.478159, 46.823697], [29.477734, 46.822752], [29.477529, 46.822297], [29.47743, 46.822065], [29.476836, 46.820674], [29.47675, 46.820471], [29.47672, 46.8204], [29.476675, 46.820291], [29.476443, 46.819718], [29.476235, 46.819214], [29.475988, 46.818625], [29.475958, 46.818544], [29.475908, 46.81844], [29.47512, 46.816695], [29.475107, 46.816658], [29.475056, 46.816552], [29.474795, 46.815948], [29.474678, 46.815674], [29.474497, 46.815283], [29.474342, 46.814946], [29.474006, 46.814758], [29.473798, 46.814601], [29.473248, 46.813901], [29.473152, 46.813774], [29.472939, 46.81346], [29.472889, 46.813386], [29.472811, 46.813271], [29.472404, 46.81268], [29.472268, 46.812462], [29.472043, 46.812159], [29.471773, 46.811769], [29.471593, 46.811509], [29.471387, 46.811232], [29.47108, 46.810815], [29.470915, 46.810614], [29.470824, 46.810505], [29.468897, 46.808761], [29.468497, 46.808399], [29.468294, 46.808215], [29.468184, 46.808105], [29.468083, 46.808001], [29.468027, 46.807937], [29.467919, 46.807815], [29.467349, 46.8072], [29.465556, 46.807473], [29.465504, 46.807481], [29.465119, 46.807539], [29.465047, 46.80755], [29.464808, 46.807587], [29.463935, 46.807719], [29.46286, 46.807883], [29.462674, 46.807911], [29.462239, 46.807978], [29.460303, 46.808272], [29.459187, 46.808442], [29.458931, 46.808495], [29.458683, 46.808571], [29.458492, 46.808687], [29.458487, 46.808692], [29.458333, 46.808822], [29.458215, 46.808977], [29.458152, 46.809103], [29.458101, 46.809249], [29.45809, 46.80947], [29.458116, 46.809684], [29.458431, 46.811569], [29.458536, 46.812201], [29.458552, 46.812296], [29.458603, 46.812611], [29.458696, 46.81319], [29.458749, 46.813496], [29.458801, 46.813814], [29.459073, 46.815478], [29.459158, 46.816022], [29.459218, 46.816405], [29.459237, 46.816539], [29.459283, 46.816879], [29.459315, 46.817013], [29.459458, 46.817429], [29.459866, 46.818476], [29.46028, 46.819581], [29.460603, 46.820524], [29.460719, 46.820828], [29.460777, 46.820981], [29.460848, 46.821166], [29.461002, 46.821571], [29.461247, 46.822177], [29.461309, 46.82233], [29.461616, 46.823072], [29.46195, 46.823837], [29.462003, 46.823971], [29.462183, 46.824428], [29.462342, 46.824834], [29.462538, 46.825328], [29.462554, 46.825374], [29.462596, 46.825499], [29.461334, 46.825748], [29.460083, 46.825981], [29.458943, 46.826194], [29.457845, 46.826399], [29.458088, 46.827022]]}, "properties": {"uid": "w316759220", "kind": "fastest", "distance_km": 5.6636, "duration_s": 396.6}}, {"type": "Feature", "geometry": {"type": "LineString", "coordinates": [[29.483304, 46.824154], [29.482844, 46.824291], [29.482491, 46.824396], [29.482349, 46.824444], [29.482205, 46.824488], [29.481962, 46.824563], [29.481627, 46.824666], [29.481337, 46.824756], [29.480644, 46.824966], [29.478998, 46.825477], [29.478436, 46.824305], [29.478401, 46.824233], [29.478353, 46.824127], [29.478271, 46.823947], [29.478197, 46.823784], [29.478159, 46.823697], [29.477734, 46.822752], [29.477529, 46.822297], [29.47743, 46.822065], [29.476836, 46.820674], [29.47675, 46.820471], [29.47672, 46.8204], [29.476675, 46.820291], [29.476443, 46.819718], [29.476235, 46.819214], [29.475988, 46.818625], [29.475958, 46.818544], [29.475908, 46.81844], [29.47512, 46.816695], [29.475107, 46.816658], [29.475056, 46.816552], [29.474795, 46.815948], [29.474678, 46.815674], [29.474497, 46.815283], [29.474342, 46.814946], [29.474006, 46.814758], [29.473798, 46.814601], [29.473248, 46.813901], [29.473152, 46.813774], [29.472939, 46.81346], [29.472889, 46.813386], [29.472811, 46.813271], [29.472404, 46.81268], [29.472268, 46.812462], [29.472043, 46.812159], [29.471773, 46.811769], [29.471593, 46.811509], [29.471387, 46.811232], [29.47108, 46.810815], [29.470915, 46.810614], [29.470824, 46.810505], [29.468897, 46.808761], [29.468497, 46.808399], [29.468294, 46.808215], [29.468184, 46.808105], [29.468083, 46.808001], [29.468027, 46.807937], [29.467919, 46.807815], [29.467349, 46.8072], [29.465556, 46.807473], [29.465504, 46.807481], [29.465119, 46.807539], [29.465047, 46.80755], [29.464808, 46.807587], [29.463935, 46.807719], [29.46286, 46.807883], [29.462674, 46.807911], [29.462239, 46.807978], [29.460303, 46.808272], [29.459187, 46.808442], [29.458931, 46.808495], [29.458683, 46.808571], [29.458492, 46.808687], [29.458487, 46.808692], [29.458333, 46.808822], [29.458215, 46.808977], [29.458152, 46.809103], [29.458101, 46.809249], [29.45809, 46.80947], [29.458116, 46.809684], [29.458431, 46.811569], [29.458536, 46.812201], [29.458552, 46.812296], [29.458603, 46.812611], [29.458696, 46.81319], [29.458749, 46.813496], [29.458801, 46.813814], [29.459073, 46.815478], [29.459158, 46.816022], [29.459218, 46.816405], [29.459237, 46.816539], [29.459283, 46.816879], [29.459315, 46.817013], [29.459458, 46.817429], [29.459866, 46.818476], [29.46028, 46.819581], [29.460603, 46.820524], [29.460719, 46.820828], [29.460777, 46.820981], [29.460848, 46.821166], [29.461002, 46.821571], [29.461247, 46.822177], [29.461309, 46.82233], [29.461616, 46.823072], [29.46195, 46.823837], [29.462003, 46.823971], [29.462183, 46.824428], [29.462342, 46.824834], [29.462538, 46.825328], [29.462554, 46.825374], [29.462596, 46.825499], [29.461334, 46.825748], [29.460083, 46.825981], [29.458943, 46.826194], [29.457845, 46.826399], [29.458088, 46.827022]]}, "properties": {"uid": "w316759220", "kind": "shortest", "distance_km": 5.6636, "duration_s": 396.6}}, {"type": "Feature", "geometry": {"type": "LineString", "coordinates": [[29.483304, 46.824154], [29.483349, 46.824141], [29.483782, 46.824007], [29.483939, 46.823959], [29.484097, 46.823912], [29.484045, 46.823804], [29.483968, 46.82365], [29.483598, 46.822917], [29.483541, 46.822802], [29.483438, 46.822597], [29.483413, 46.822548], [29.483266, 46.822256], [29.483156, 46.822035], [29.482987, 46.821682], [29.482702, 46.821096], [29.482665, 46.821016], [29.482621, 46.820922], [29.481816, 46.819246], [29.481581, 46.818781], [29.481307, 46.818242], [29.480897, 46.817434], [29.480303, 46.816248], [29.479955, 46.815529], [29.479802, 46.815218], [29.479615, 46.814835], [29.479565, 46.81473], [29.479228, 46.814029], [29.479192, 46.813942], [29.479192, 46.813823], [29.479191, 46.813386], [29.479254, 46.813131], [29.479314, 46.812949], [29.479424, 46.812616], [29.479884, 46.811678], [29.480247, 46.810563], [29.480416, 46.809954], [29.480386, 46.809206], [29.480376, 46.808582], [29.480383, 46.808286], [29.480368, 46.805922], [29.480378, 46.805506], [29.480359, 46.804529], [29.480345, 46.804451], [29.48029, 46.804151], [29.479899, 46.803303], [29.479789, 46.803075], [29.479247, 46.801887], [29.479126, 46.801609], [29.479067, 46.801521], [29.478978, 46.80143], [29.478849, 46.801323], [29.478691, 46.80122], [29.478567, 46.801146], [29.478357, 46.80105], [29.477976, 46.80092], [29.477855, 46.800876], [29.477383, 46.800746], [29.477094, 46.800742], [29.476987, 46.800771], [29.476941, 46.800781], [29.47686, 46.80081], [29.47636, 46.801118], [29.47573, 46.801628], [29.475434, 46.801856], [29.474899, 46.802281], [29.474536, 46.802571], [29.474296, 46.802762], [29.473597, 46.803331], [29.473161, 46.803665], [29.472254, 46.804406], [29.471565, 46.804936], [29.471027, 46.80536], [29.470186, 46.806024], [29.469518, 46.806552], [29.468717, 46.807184], [29.468656, 46.807232], [29.467349, 46.8072], [29.465556, 46.807473], [29.465504, 46.807481], [29.465119, 46.807539], [29.465047, 46.80755], [29.464808, 46.807587], [29.463935, 46.807719], [29.46286, 46.807883], [29.462674, 46.807911], [29.462239, 46.807978], [29.460303, 46.808272], [29.459187, 46.808442], [29.458931, 46.808495], [29.458683, 46.808571], [29.458492, 46.808687], [29.458487, 46.808692], [29.458333, 46.808822], [29.458215, 46.808977], [29.458152, 46.809103], [29.458101, 46.809249], [29.45809, 46.80947], [29.458116, 46.809684], [29.458431, 46.811569], [29.458536, 46.812201], [29.458552, 46.812296], [29.458603, 46.812611], [29.458696, 46.81319], [29.458749, 46.813496], [29.458801, 46.813814], [29.459073, 46.815478], [29.459158, 46.816022], [29.459218, 46.816405], [29.459237, 46.816539], [29.459283, 46.816879], [29.459315, 46.817013], [29.459458, 46.817429], [29.459866, 46.818476], [29.46028, 46.819581], [29.460603, 46.820524], [29.460719, 46.820828], [29.460777, 46.820981], [29.460848, 46.821166], [29.461002, 46.821571], [29.461247, 46.822177], [29.461309, 46.82233], [29.461616, 46.823072], [29.46195, 46.823837], [29.462003, 46.823971], [29.462183, 46.824428], [29.462342, 46.824834], [29.462538, 46.825328], [29.462554, 46.825374], [29.462596, 46.825499], [29.461334, 46.825748], [29.460083, 46.825981], [29.458943, 46.826194], [29.457845, 46.826399], [29.458088, 46.827022]]}, "properties": {"uid": "w316759220", "kind": "forced_brewery", "distance_km": 6.9538, "duration_s": 446.5}}, {"type": "Feature", "geometry": {"type": "Point", "coordinates": [29.45837, 46.82697]}, "properties": {"uid": "w316759220", "kind": "home", "zone": 3}}, {"type": "Feature", "geometry": {"type": "LineString", "coordinates": [[29.483304, 46.824154], [29.482844, 46.824291], [29.482491, 46.824396], [29.482349, 46.824444], [29.482205, 46.824488], [29.481962, 46.824563], [29.481627, 46.824666], [29.481337, 46.824756], [29.480644, 46.824966], [29.478998, 46.825477], [29.478436, 46.824305], [29.478401, 46.824233], [29.478353, 46.824127], [29.478271, 46.823947], [29.478197, 46.823784], [29.478159, 46.823697], [29.477734, 46.822752], [29.477529, 46.822297], [29.47743, 46.822065], [29.476836, 46.820674], [29.47675, 46.820471], [29.47672, 46.8204], [29.476675, 46.820291], [29.476443, 46.819718], [29.476235, 46.819214], [29.475988, 46.818625], [29.475958, 46.818544], [29.475908, 46.81844], [29.47512, 46.816695], [29.475107, 46.816658], [29.475056, 46.816552], [29.474795, 46.815948], [29.474678, 46.815674], [29.474497, 46.815283], [29.474342, 46.814946], [29.474006, 46.814758], [29.473798, 46.814601], [29.473248, 46.813901], [29.473152, 46.813774], [29.472939, 46.81346], [29.472889, 46.813386], [29.472811, 46.813271], [29.472404, 46.81268], [29.472268, 46.812462], [29.472043, 46.812159], [29.471773, 46.811769], [29.471593, 46.811509], [29.471387, 46.811232], [29.47108, 46.810815], [29.470915, 46.810614], [29.470824, 46.810505], [29.468897, 46.808761], [29.468497, 46.808399], [29.468294, 46.808215], [29.468184, 46.808105], [29.468083, 46.808001], [29.468027, 46.807937], [29.467919, 46.807815], [29.467349, 46.8072], [29.465556, 46.807473], [29.465504, 46.807481], [29.465119, 46.807539], [29.465047, 46.80755], [29.464808, 46.807587], [29.463935, 46.807719], [29.46286, 46.807883], [29.462674, 46.807911], [29.462239, 46.807978], [29.460303, 46.808272], [29.459187, 46.808442], [29.458931, 46.808495], [29.458683, 46.808571], [29.458492, 46.808687], [29.458487, 46.808692], [29.458333, 46.808822], [29.458215, 46.808977], [29.458152, 46.809103], [29.458101, 46.809249], [29.45809, 46.80947], [29.458116, 46.809684], [29.458431, 46.811569], [29.458536, 46.812201], [29.458552, 46.812296], [29.458603, 46.812611], [29.458696, 46.81319], [29.458749, 46.813496], [29.458801, 46.813814], [29.459073, 46.815478], [29.459158, 46.816022], [29.459218, 46.816405], [29.459237, 46.816539], [29.459283, 46.816879], [29.459315, 46.817013], [29.459458, 46.817429], [29.459866, 46.818476], [29.45931, 46.818558]]}, "properties": {"uid": "w310488384", "kind": "fastest", "distance_km": 4.4511, "duration_s": 292.3}}, {"type": "Feature", "geometry": {"type": "LineString", "coordinates": [[29.483304, 46.824154], [29.482844, 46.824291], [29.482491, 46.824396], [29.482349, 46.824444], [29.482205, 46.824488], [29.481962, 46.824563], [29.481627, 46.824666], [29.481337, 46.824756], [29.480644, 46.824966], [29.478998, 46.825477], [29.478436, 46.824305], [29.478401, 46.824233], [29.478353, 46.824127], [29.478271, 46.823947], [29.478197, 46.823784], [29.478159, 46.823697], [29.477734, 46.822752], [29.477529, 46.822297], [29.47743, 46.822065], [29.476836, 46.820674], [29.47675, 46.820471], [29.47672, 46.8204], [29.476675, 46.820291], [29.476443, 46.819718], [29.476235, 46.819214], [29.475988, 46.818625], [29.475958, 46.818544], [29.475908, 46.81844], [29.47512, 46.816695], [29.475107, 46.816658], [29.475056, 46.816552], [29.474795, 46.815948], [29.474678, 46.815674], [29.474497, 46.815283], [29.474342, 46.814946], [29.474006, 46.814758], [29.473798, 46.814601], [29.473248, 46.813901], [29.473152, 46.813774], [29.472939, 46.81346], [29.472889, 46.813386], [29.472811, 46.813271], [29.472404, 46.81268], [29.472268, 46.812462], [29.472043, 46.812159], [29.471773, 46.811769], [29.471593, 46.811509], [29.471387, 46.811232], [29.47108, 46.810815], [29.470915, 46.810614], [29.470824, 46.810505], [29.468897, 46.808761], [29.468497, 46.808399], [29.468294, 46.808215], [29.468184, 46.808105], [29.468083, 46.808001], [29.468027, 46.807937], [29.467919, 46.807815], [29.467349, 46.8072], [29.465556, 46.807473], [29.465504, 46.807481], [29.465119, 46.807539], [29.465047, 46.80755], [29.464808, 46.807587], [29.463935, 46.807719], [29.46286, 46.807883], [29.462674, 46.807911], [29.462239, 46.807978], [29.460303, 46.808272], [29.459187, 46.808442], [29.458931, 46.808495], [29.458683, 46.808571], [29.458492, 46.808687], [29.458487, 46.808692], [29.458333, 46.808822], [29.458215, 46.808977], [29.458152, 46.809103], [29.458101, 46.809249], [29.45809, 46.80947], [29.458116, 46.809684], [29.458431, 46.811569], [29.458536, 46.812201], [29.458552, 46.812296], [29.458603, 46.812611], [29.458696, 46.81319], [29.458749, 46.813496], [29.458801, 46.813814], [29.459073, 46.815478], [29.459158, 46.816022], [29.459218, 46.816405], [29.459237, 46.816539], [29.459283, 46.816879], [29.459315, 46.817013], [29.459458, 46.817429], [29.459866, 46.818476], [29.45931, 46.818558]]}, "properties": {"uid": "w310488384", "kind": "shortest", "distance_km": 4.4511, "duration_s": 292.3}}, {"type": "Feature", "geometry": {"type": "LineString", "coordinates": [[29.483304, 46.824154], [29.483349, 46.824141], [29.483782, 46.824007], [29.483939, 46.823959], [29.484097, 46.823912], [29.484045, 46.823804], [29.483968, 46.82365], [29.483598, 46.822917], [29.483541, 46.822802], [29.483438, 46.822597], [29.483413, 46.822548], [29.483266, 46.822256], [29.483156, 46.822035], [29.482987, 46.821682], [29.482702, 46.821096], [29.482665, 46.821016], [29.482621, 46.820922], [29.481816, 46.819246], [29.481581, 46.818781], [29.481307, 46.818242], [29.480897, 46.817434], [29.480303, 46.816248], [29.479955, 46.815529], [29.479802, 46.815218], [29.479615, 46.814835], [29.479565, 46.81473], [29.479228, 46.814029], [29.479192, 46.813942], [29.479192, 46.813823], [29.479191, 46.813386], [29.479254, 46.813131], [29.479314, 46.812949], [29.479424, 46.812616], [29.479884, 46.811678], [29.480247, 46.810563], [29.480416, 46.809954], [29.480386, 46.809206], [29.480376, 46.808582], [29.480383, 46.808286], [29.480368, 46.805922], [29.480378, 46.805506], [29.480359, 46.804529], [29.480345, 46.804451], [29.48029, 46.804151], [29.479899, 46.803303], [29.479789, 46.803075], [29.479247, 46.801887], [29.479126, 46.801609], [29.479067, 46.801521], [29.478978, 46.80143], [29.478849, 46.801323], [29.478691, 46.80122], [29.478567, 46.801146], [29.478357, 46.80105], [29.477976, 46.80092], [29.477855, 46.800876], [29.477383, 46.800746], [29.477094, 46.800742], [29.476987, 46.800771], [29.476941, 46.800781], [29.47686, 46.80081], [29.47636, 46.801118], [29.47573, 46.801628], [29.475434, 46.801856], [29.474899, 46.802281], [29.474536, 46.802571], [29.474296, 46.802762], [29.473597, 46.803331], [29.473161, 46.803665], [29.472254, 46.804406], [29.471565, 46.804936], [29.471027, 46.80536], [29.470186, 46.806024], [29.469518, 46.806552], [29.468717, 46.807184], [29.468656, 46.807232], [29.467349, 46.8072], [29.465556, 46.807473], [29.465504, 46.807481], [29.465119, 46.807539], [29.465047, 46.80755], [29.464808, 46.807587], [29.463935, 46.807719], [29.46286, 46.807883], [29.462674, 46.807911], [29.462239, 46.807978], [29.460303, 46.808272], [29.459187, 46.808442], [29.458931, 46.808495], [29.458683, 46.808571], [29.458492, 46.808687], [29.458487, 46.808692], [29.458333, 46.808822], [29.458215, 46.808977], [29.458152, 46.809103], [29.458101, 46.809249], [29.45809, 46.80947], [29.458116, 46.809684], [29.458431, 46.811569], [29.458536, 46.812201], [29.458552, 46.812296], [29.458603, 46.812611], [29.458696, 46.81319], [29.458749, 46.813496], [29.458801, 46.813814], [29.459073, 46.815478], [29.459158, 46.816022], [29.459218, 46.816405], [29.459237, 46.816539], [29.459283, 46.816879], [29.459315, 46.817013], [29.459458, 46.817429], [29.459866, 46.818476], [29.45931, 46.818558]]}, "properties": {"uid": "w310488384", "kind": "forced_brewery", "distance_km": 5.7412, "duration_s": 342.2}}, {"type": "Feature", "geometry": {"type": "Point", "coordinates": [29.45926, 46.8184]}, "properties": {"uid": "w310488384", "kind": "home", "zone": 3}}, {"type": "Feature", "geometry": {"type": "LineString", "coordinates": [[29.483304, 46.824154], [29.482844, 46.824291], [29.482491, 46.824396], [29.482349, 46.824444], [29.482205, 46.824488], [29.481962, 46.824563], [29.481627, 46.824666], [29.481337, 46.824756], [29.480644, 46.824966], [29.478998, 46.825477], [29.478436, 46.824305], [29.478401, 46.824233], [29.478353, 46.824127], [29.478271, 46.823947], [29.478197, 46.823784], [29.478159, 46.823697], [29.477734, 46.822752], [29.477529, 46.822297], [29.47743, 46.822065], [29.476836, 46.820674], [29.47675, 46.820471], [29.47672, 46.8204], [29.476675, 46.820291], [29.476443, 46.819718], [29.476235, 46.819214], [29.475988, 46.818625], [29.475958, 46.818544], [29.475908, 46.81844], [29.47512, 46.816695], [29.475107, 46.816658], [29.475056, 46.816552], [29.474795, 46.815948], [29.474678, 46.815674], [29.474497, 46.815283], [29.474342, 46.814946], [29.474006, 46.814758], [29.473798, 46.814601], [29.473248, 46.813901], [29.473152, 46.813774], [29.472939, 46.81346], [29.472889, 46.813386], [29.472811, 46.813271], [29.472404, 46.81268], [29.472268, 46.812462], [29.472043, 46.812159], [29.471773, 46.811769], [29.471593, 46.811509], [29.471387, 46.811232], [29.47108, 46.810815], [29.470915, 46.810614], [29.470824, 46.810505], [29.468897, 46.808761], [29.468497, 46.808399], [29.468294, 46.808215], [29.468184, 46.808105], [29.468083, 46.808001], [29.468027, 46.807937], [29.467919, 46.807815], [29.467349, 46.8072], [29.465556, 46.807473], [29.465504, 46.807481], [29.465119, 46.807539], [29.465047, 46.80755], [29.464808, 46.807587], [29.463935, 46.807719], [29.46286, 46.807883], [29.462674, 46.807911], [29.462239, 46.807978], [29.460303, 46.808272], [29.459187, 46.808442], [29.458931, 46.808495], [29.458683, 46.808571], [29.458492, 46.808687], [29.458487, 46.808692], [29.458333, 46.808822], [29.458215, 46.808977], [29.458152, 46.809103], [29.458101, 46.809249], [29.45809, 46.80947], [29.458116, 46.809684], [29.458431, 46.811569], [29.458536, 46.812201], [29.458552, 46.812296], [29.458603, 46.812611], [29.458696, 46.81319], [29.458749, 46.813496], [29.458801, 46.813814], [29.459073, 46.815478], [29.459158, 46.816022], [29.459218, 46.816405], [29.459237, 46.816539], [29.459283, 46.816879], [29.459315, 46.817013], [29.459458, 46.817429], [29.459866, 46.818476], [29.46028, 46.819581], [29.460603, 46.820524], [29.460719, 46.820828], [29.460777, 46.820981], [29.460848, 46.821166], [29.461002, 46.821571], [29.461247, 46.822177], [29.461309, 46.82233], [29.461616, 46.823072], [29.46195, 46.823837], [29.462003, 46.823971], [29.462183, 46.824428], [29.462342, 46.824834], [29.462538, 46.825328], [29.462554, 46.825374], [29.462596, 46.825499], [29.461334, 46.825748], [29.460083, 46.825981], [29.458943, 46.826194], [29.457845, 46.826399], [29.457979, 46.826741]]}, "properties": {"uid": "w316759073", "kind": "fastest", "distance_km": 5.6313, "duration_s": 391.9}}, {"type": "Feature", "geometry": {"type": "LineString", "coordinates": [[29.483304, 46.824154], [29.482844, 46.824291], [29.482491, 46.824396], [29.482349, 46.824444], [29.482205, 46.824488], [29.481962, 46.824563], [29.481627, 46.824666], [29.481337, 46.824756], [29.480644, 46.824966], [29.478998, 46.825477], [29.478436, 46.824305], [29.478401, 46.824233], [29.478353, 46.824127], [29.478271, 46.823947], [29.478197, 46.823784], [29.478159, 46.823697], [29.477734, 46.822752], [29.477529, 46.822297], [29.47743, 46.822065], [29.476836, 46.820674], [29.47675, 46.820471], [29.47672, 46.8204], [29.476675, 46.820291], [29.476443, 46.819718], [29.476235, 46.819214], [29.475988, 46.818625], [29.475958, 46.818544], [29.475908, 46.81844], [29.47512, 46.816695], [29.475107, 46.816658], [29.475056, 46.816552], [29.474795, 46.815948], [29.474678, 46.815674], [29.474497, 46.815283], [29.474342, 46.814946], [29.474006, 46.814758], [29.473798, 46.814601], [29.473248, 46.813901], [29.473152, 46.813774], [29.472939, 46.81346], [29.472889, 46.813386], [29.472811, 46.813271], [29.472404, 46.81268], [29.472268, 46.812462], [29.472043, 46.812159], [29.471773, 46.811769], [29.471593, 46.811509], [29.471387, 46.811232], [29.47108, 46.810815], [29.470915, 46.810614], [29.470824, 46.810505], [29.468897, 46.808761], [29.468497, 46.808399], [29.468294, 46.808215], [29.468184, 46.808105], [29.468083, 46.808001], [29.468027, 46.807937], [29.467919, 46.807815], [29.467349, 46.8072], [29.465556, 46.807473], [29.465504, 46.807481], [29.465119, 46.807539], [29.465047, 46.80755], [29.464808, 46.807587], [29.463935, 46.807719], [29.46286, 46.807883], [29.462674, 46.807911], [29.462239, 46.807978], [29.460303, 46.808272], [29.459187, 46.808442], [29.458931, 46.808495], [29.458683, 46.808571], [29.458492, 46.808687], [29.458487, 46.808692], [29.458333, 46.808822], [29.458215, 46.808977], [29.458152, 46.809103], [29.458101, 46.809249], [29.45809, 46.80947], [29.458116, 46.809684], [29.458431, 46.811569], [29.458536, 46.812201], [29.458552, 46.812296], [29.458603, 46.812611], [29.458696, 46.81319], [29.458749, 46.813496], [29.458801, 46.813814], [29.459073, 46.815478], [29.459158, 46.816022], [29.459218, 46.816405], [29.459237, 46.816539], [29.459283, 46.816879], [29.459315, 46.817013], [29.459458, 46.817429], [29.459866, 46.818476], [29.46028, 46.819581], [29.460603, 46.820524], [29.460719, 46.820828], [29.460777, 46.820981], [29.460848, 46.821166], [29.461002, 46.821571], [29.461247, 46.822177], [29.461309, 46.82233], [29.461616, 46.823072], [29.46195, 46.823837], [29.462003, 46.823971], [29.462183, 46.824428], [29.462342, 46.824834], [29.462538, 46.825328], [29.462554, 46.825374], [29.462596, 46.825499], [29.461334, 46.825748], [29.460083, 46.825981], [29.458943, 46.826194], [29.457845, 46.826399], [29.457979, 46.826741]]}, "properties": {"uid": "w316759073", "kind": "shortest", "distance_km": 5.6313, "duration_s": 391.9}}, {"type": "Feature", "geometry": {"type": "LineString", "coordinates": [[29.483304, 46.824154], [29.483349, 46.824141], [29.483782, 46.824007], [29.483939, 46.823959], [29.484097, 46.823912], [29.484045, 46.823804], [29.483968, 46.82365], [29.483598, 46.822917], [29.483541, 46.822802], [29.483438, 46.822597], [29.483413, 46.822548], [29.483266, 46.822256], [29.483156, 46.822035], [29.482987, 46.821682], [29.482702, 46.821096], [29.482665, 46.821016], [29.482621, 46.820922], [29.481816, 46.819246], [29.481581, 46.818781], [29.481307, 46.818242], [29.480897, 46.817434], [29.480303, 46.816248], [29.479955, 46.815529], [29.479802, 46.815218], [29.479615, 46.814835], [29.479565, 46.81473], [29.479228, 46.814029], [29.479192, 46.813942], [29.479192, 46.813823], [29.479191, 46.813386], [29.479254, 46.813131], [29.479314, 46.812949], [29.479424, 46.812616], [29.479884, 46.811678], [29.480247, 46.810563], [29.480416, 46.809954], [29.480386, 46.809206], [29.480376, 46.808582], [29.480383, 46.808286], [29.480368, 46.805922], [29.480378, 46.805506], [29.480359, 46.804529], [29.480345, 46.804451], [29.48029, 46.804151], [29.479899, 46.803303], [29.479789, 46.803075], [29.479247, 46.801887], [29.479126, 46.801609], [29.479067, 46.801521], [29.478978, 46.80143], [29.478849, 46.801323], [29.478691, 46.80122], [29.478567, 46.801146], [29.478357, 46.80105], [29.477976, 46.80092], [29.477855, 46.800876], [29.477383, 46.800746], [29.477094, 46.800742], [29.476987, 46.800771], [29.476941, 46.800781], [29.47686, 46.80081], [29.47636, 46.801118], [29.47573, 46.801628], [29.475434, 46.801856], [29.474899, 46.802281], [29.474536, 46.802571], [29.474296, 46.802762], [29.473597, 46.803331], [29.473161, 46.803665], [29.472254, 46.804406], [29.471565, 46.804936], [29.471027, 46.80536], [29.470186, 46.806024], [29.469518, 46.806552], [29.468717, 46.807184], [29.468656, 46.807232], [29.467349, 46.8072], [29.465556, 46.807473], [29.465504, 46.807481], [29.465119, 46.807539], [29.465047, 46.80755], [29.464808, 46.807587], [29.463935, 46.807719], [29.46286, 46.807883], [29.462674, 46.807911], [29.462239, 46.807978], [29.460303, 46.808272], [29.459187, 46.808442], [29.458931, 46.808495], [29.458683, 46.808571], [29.458492, 46.808687], [29.458487, 46.808692], [29.458333, 46.808822], [29.458215, 46.808977], [29.458152, 46.809103], [29.458101, 46.809249], [29.45809, 46.80947], [29.458116, 46.809684], [29.458431, 46.811569], [29.458536, 46.812201], [29.458552, 46.812296], [29.458603, 46.812611], [29.458696, 46.81319], [29.458749, 46.813496], [29.458801, 46.813814], [29.459073, 46.815478], [29.459158, 46.816022], [29.459218, 46.816405], [29.459237, 46.816539], [29.459283, 46.816879], [29.459315, 46.817013], [29.459458, 46.817429], [29.459866, 46.818476], [29.46028, 46.819581], [29.460603, 46.820524], [29.460719, 46.820828], [29.460777, 46.820981], [29.460848, 46.821166], [29.461002, 46.821571], [29.461247, 46.822177], [29.461309, 46.82233], [29.461616, 46.823072], [29.46195, 46.823837], [29.462003, 46.823971], [29.462183, 46.824428], [29.462342, 46.824834], [29.462538, 46.825328], [29.462554, 46.825374], [29.462596, 46.825499], [29.461334, 46.825748], [29.460083, 46.825981], [29.458943, 46.826194], [29.457845, 46.826399], [29.457979, 46.826741]]}, "properties": {"uid": "w316759073", "kind": "forced_brewery", "distance_km": 6.9214, "duration_s": 441.8}}, {"type": "Feature", "geometry": {"type": "Point", "coordinates": [29.45826, 46.82669]}, "properties": {"uid": "w316759073", "kind": "home", "zone": 3}}, {"type": "Feature", "geometry": {"type": "LineString", "coordinates": [[29.483304, 46.824154], [29.482844, 46.824291], [29.482491, 46.824396], [29.482349, 46.824444], [29.482205, 46.824488], [29.481962, 46.824563], [29.481627, 46.824666], [29.481337, 46.824756], [29.480644, 46.824966], [29.478998, 46.825477], [29.478436, 46.824305], [29.478401, 46.824233], [29.478353, 46.824127], [29.478271, 46.823947], [29.478197, 46.823784], [29.478159, 46.823697], [29.477734, 46.822752], [29.477529, 46.822297], [29.47743, 46.822065], [29.476836, 46.820674], [29.47675, 46.820471], [29.47672, 46.8204], [29.476675, 46.820291], [29.476443, 46.819718], [29.476235, 46.819214], [29.475988, 46.818625], [29.475958, 46.818544], [29.475908, 46.81844], [29.47512, 46.816695], [29.475107, 46.816658], [29.475056, 46.816552], [29.474795, 46.815948], [29.474678, 46.815674], [29.474497, 46.815283], [29.474342, 46.814946], [29.474006, 46.814758], [29.473798, 46.814601], [29.473248, 46.813901], [29.473152, 46.813774], [29.472939, 46.81346], [29.472889, 46.813386], [29.472811, 46.813271], [29.472404, 46.81268], [29.472268, 46.812462], [29.472043, 46.812159], [29.471773, 46.811769], [29.471593, 46.811509], [29.471387, 46.811232], [29.47108, 46.810815], [29.470915, 46.810614], [29.470824, 46.810505], [29.468897, 46.808761], [29.468497, 46.808399], [29.468294, 46.808215], [29.468184, 46.808105], [29.468083, 46.808001], [29.468027, 46.807937], [29.467919, 46.807815], [29.467349, 46.8072], [29.465556, 46.807473], [29.465504, 46.807481], [29.465119, 46.807539], [29.465047, 46.80755], [29.464808, 46.807587], [29.463935, 46.807719], [29.46286, 46.807883], [29.462674, 46.807911], [29.462239, 46.807978], [29.460303, 46.808272], [29.459187, 46.808442], [29.458931, 46.808495], [29.458683, 46.808571], [29.458492, 46.808687], [29.458487, 46.808692], [29.458333, 46.808822], [29.458215, 46.808977], [29.458152, 46.809103], [29.458101, 46.809249], [29.45809, 46.80947], [29.458116, 46.809684], [29.458431, 46.811569], [29.458536, 46.812201], [29.458552, 46.812296], [29.458603, 46.812611], [29.458696, 46.81319], [29.458749, 46.813496], [29.458801, 46.813814], [29.459073, 46.815478], [29.459158, 46.816022], [29.459218, 46.816405], [29.459237, 46.816539], [29.459283, 46.816879], [29.459315, 46.817013], [29.459458, 46.817429], [29.459693, 46.818033]]}, "properties": {"uid": "w310488388", "kind": "fastest", "distance_km": 4.3567, "duration_s": 277.4}}, {"type": "Feature", "geometry": {"type": "LineString", "coordinates": [[29.483304, 46.824154], [29.482844, 46.824291], [29.482491, 46.824396], [29.482349, 46.824444], [29.482205, 46.824488], [29.481962, 46.824563], [29.481627, 46.824666], [29.481337, 46.824756], [29.480644, 46.824966], [29.478998, 46.825477], [29.478436, 46.824305], [29.478401, 46.824233], [29.478353, 46.824127], [29.478271, 46.823947], [29.478197, 46.823784], [29.478159, 46.823697], [29.477734, 46.822752], [29.477529, 46.822297], [29.47743, 46.822065], [29.476836, 46.820674], [29.47675, 46.820471], [29.47672, 46.8204], [29.476675, 46.820291], [29.476443, 46.819718], [29.476235, 46.819214], [29.475988, 46.818625], [29.475958, 46.818544], [29.475908, 46.81844], [29.47512, 46.816695], [29.475107, 46.816658], [29.475056, 46.816552], [29.474795, 46.815948], [29.474678, 46.815674], [29.474497, 46.815283], [29.474342, 46.814946], [29.474006, 46.814758], [29.473798, 46.814601], [29.473248, 46.813901], [29.473152, 46.813774], [29.472939, 46.81346], [29.472889, 46.813386], [29.472811, 46.813271], [29.472404, 46.81268], [29.472268, 46.812462], [29.472043, 46.812159], [29.471773, 46.811769], [29.471593, 46.811509], [29.471387, 46.811232], [29.47108, 46.810815], [29.470915, 46.810614], [29.470824, 46.810505], [29.468897, 46.808761], [29.468497, 46.808399], [29.468294, 46.808215], [29.468184, 46.808105], [29.468083, 46.808001], [29.468027, 46.807937], [29.467919, 46.807815], [29.467349, 46.8072], [29.465556, 46.807473], [29.465504, 46.807481], [29.465119, 46.807539], [29.465047, 46.80755], [29.464808, 46.807587], [29.463935, 46.807719], [29.46286, 46.807883], [29.462674, 46.807911], [29.462239, 46.807978], [29.460303, 46.808272], [29.459187, 46.808442], [29.458931, 46.808495], [29.458683, 46.808571], [29.458492, 46.808687], [29.458487, 46.808692], [29.458333, 46.808822], [29.458215, 46.808977], [29.458152, 46.809103], [29.458101, 46.809249], [29.45809, 46.80947], [29.458116, 46.809684], [29.458431, 46.811569], [29.458536, 46.812201], [29.458552, 46.812296], [29.458603, 46.812611], [29.458696, 46.81319], [29.458749, 46.813496], [29.458801, 46.813814], [29.459073, 46.815478], [29.459158, 46.816022], [29.459218, 46.816405], [29.459237, 46.816539], [29.459283, 46.816879], [29.459315, 46.817013], [29.459458, 46.817429], [29.459693, 46.818033]]}, "properties": {"uid": "w310488388", "kind": "shortest", "distance_km": 4.3567, "duration_s": 277.4}}, {"type": "Feature", "geometry": {"type": "LineString", "coordinates": [[29.483304, 46.824154], [29.483349, 46.824141], [29.483782, 46.824007], [29.483939, 46.823959], [29.484097, 46.823912], [29.484045, 46.823804], [29.483968, 46.82365], [29.483598, 46.822917], [29.483541, 46.822802], [29.483438, 46.822597], [29.483413, 46.822548], [29.483266, 46.822256], [29.483156, 46.822035], [29.482987, 46.821682], [29.482702, 46.821096], [29.482665, 46.821016], [29.482621, 46.820922], [29.481816, 46.819246], [29.481581, 46.818781], [29.481307, 46.818242], [29.480897, 46.817434], [29.480303, 46.816248], [29.479955, 46.815529], [29.479802, 46.815218], [29.479615, 46.814835], [29.479565, 46.81473], [29.479228, 46.814029], [29.479192, 46.813942], [29.479192, 46.813823], [29.479191, 46.813386], [29.479254, 46.813131], [29.479314, 46.812949], [29.479424, 46.812616], [29.479884, 46.811678], [29.480247, 46.810563], [29.480416, 46.809954], [29.480386, 46.809206], [29.480376, 46.808582], [29.480383, 46.808286], [29.480368, 46.805922], [29.480378, 46.805506], [29.480359, 46.804529], [29.480345, 46.804451], [29.48029, 46.804151], [29.479899, 46.803303], [29.479789, 46.803075], [29.479247, 46.801887], [29.479126, 46.801609], [29.479067, 46.801521], [29.478978, 46.80143], [29.478849, 46.801323], [29.478691, 46.80122], [29.478567, 46.801146], [29.478357, 46.80105], [29.477976, 46.80092], [29.477855, 46.800876], [29.477383, 46.800746], [29.477094, 46.800742], [29.476987, 46.800771], [29.476941, 46.800781], [29.47686, 46.80081], [29.47636, 46.801118], [29.47573, 46.801628], [29.475434, 46.801856], [29.474899, 46.802281], [29.474536, 46.802571], [29.474296, 46.802762], [29.473597, 46.803331], [29.473161, 46.803665], [29.472254, 46.804406], [29.471565, 46.804936], [29.471027, 46.80536], [29.470186, 46.806024], [29.469518, 46.806552], [29.468717, 46.807184], [29.468656, 46.807232], [29.467349, 46.8072], [29.465556, 46.807473], [29.465504, 46.807481], [29.465119, 46.807539], [29.465047, 46.80755], [29.464808, 46.807587], [29.463935, 46.807719], [29.46286, 46.807883], [29.462674, 46.807911], [29.462239, 46.807978], [29.460303, 46.808272], [29.459187, 46.808442], [29.458931, 46.808495], [29.458683, 46.808571], [29.458492, 46.808687], [29.458487, 46.808692], [29.458333, 46.808822], [29.458215, 46.808977], [29.458152, 46.809103], [29.458101, 46.809249], [29.45809, 46.80947], [29.458116, 46.809684], [29.458431, 46.811569], [29.458536, 46.812201], [29.458552, 46.812296], [29.458603, 46.812611], [29.458696, 46.81319], [29.458749, 46.813496], [29.458801, 46.813814], [29.459073, 46.815478], [29.459158, 46.816022], [29.459218, 46.816405], [29.459237, 46.816539], [29.459283, 46.816879], [29.459315, 46.817013], [29.459458, 46.817429], [29.459693, 46.818033]]}, "properties": {"uid": "w310488388", "kind": "forced_brewery", "distance_km": 5.6468, "duration_s": 327.3}}, {"type": "Feature", "geometry": {"type": "Point", "coordinates": [29.45938, 46.81809]}, "properties": {"uid": "w310488388", "kind": "home", "zone": 3}}, {"type": "Feature", "geometry": {"type": "LineString", "coordinates": [[29.483304, 46.824154], [29.482844, 46.824291], [29.482491, 46.824396], [29.482349, 46.824444], [29.482205, 46.824488], [29.481962, 46.824563], [29.481627, 46.824666], [29.481337, 46.824756], [29.480644, 46.824966], [29.478998, 46.825477], [29.478436, 46.824305], [29.478401, 46.824233], [29.478353, 46.824127], [29.478271, 46.823947], [29.478197, 46.823784], [29.478159, 46.823697], [29.477734, 46.822752], [29.477529, 46.822297], [29.47743, 46.822065], [29.476836, 46.820674], [29.47675, 46.820471], [29.47672, 46.8204], [29.476675, 46.820291], [29.476443, 46.819718], [29.476235, 46.819214], [29.475988, 46.818625], [29.475958, 46.818544], [29.475908, 46.81844], [29.47512, 46.816695], [29.475107, 46.816658], [29.475056, 46.816552], [29.474795, 46.815948], [29.474678, 46.815674], [29.474497, 46.815283], [29.474342, 46.814946], [29.474006, 46.814758], [29.473798, 46.814601], [29.473248, 46.813901], [29.473152, 46.813774], [29.472939, 46.81346], [29.472889, 46.813386], [29.472811, 46.813271], [29.472404, 46.81268], [29.472268, 46.812462], [29.472043, 46.812159], [29.471773, 46.811769], [29.471593, 46.811509], [29.471387, 46.811232], [29.47108, 46.810815], [29.470915, 46.810614], [29.470824, 46.810505], [29.468897, 46.808761], [29.468497, 46.808399], [29.468294, 46.808215], [29.468184, 46.808105], [29.468083, 46.808001], [29.468027, 46.807937], [29.467919, 46.807815], [29.467349, 46.8072], [29.465556, 46.807473], [29.465504, 46.807481], [29.465119, 46.807539], [29.465047, 46.80755], [29.464808, 46.807587], [29.463935, 46.807719], [29.46286, 46.807883], [29.462674, 46.807911], [29.462239, 46.807978], [29.460303, 46.808272], [29.459187, 46.808442], [29.458931, 46.808495], [29.458683, 46.808571], [29.458492, 46.808687], [29.458487, 46.808692], [29.458333, 46.808822], [29.458215, 46.808977], [29.458152, 46.809103], [29.458101, 46.809249], [29.45809, 46.80947], [29.458116, 46.809684], [29.458431, 46.811569], [29.458536, 46.812201], [29.458552, 46.812296], [29.458603, 46.812611], [29.458696, 46.81319], [29.458749, 46.813496], [29.458801, 46.813814], [29.459073, 46.815478], [29.459158, 46.816022], [29.459218, 46.816405], [29.459237, 46.816539], [29.459283, 46.816879], [29.459315, 46.817013], [29.459458, 46.817429], [29.459866, 46.818476], [29.46028, 46.819581], [29.459531, 46.819713], [29.457713, 46.820034], [29.457988, 46.820743], [29.458262, 46.820689]]}, "properties": {"uid": "n4997937710", "kind": "fastest", "distance_km": 4.8401, "duration_s": 342.9}}, {"type": "Feature", "geometry": {"type": "LineString", "coordinates": [[29.483304, 46.824154], [29.482844, 46.824291], [29.482491, 46.824396], [29.482349, 46.824444], [29.482205, 46.824488], [29.481962, 46.824563], [29.481627, 46.824666], [29.481337, 46.824756], [29.480644, 46.824966], [29.478998, 46.825477], [29.478436, 46.824305], [29.478401, 46.824233], [29.478353, 46.824127], [29.478271, 46.823947], [29.478197, 46.823784], [29.478159, 46.823697], [29.477734, 46.822752], [29.477529, 46.822297], [29.47743, 46.822065], [29.476836, 46.820674], [29.47675, 46.820471], [29.47672, 46.8204], [29.476675, 46.820291], [29.476443, 46.819718], [29.476235, 46.819214], [29.475988, 46.818625], [29.475958, 46.818544], [29.475908, 46.81844], [29.47512, 46.816695], [29.475107, 46.816658], [29.475056, 46.816552], [29.474795, 46.815948], [29.474678, 46.815674], [29.474497, 46.815283], [29.474342, 46.814946], [29.474006, 46.814758], [29.473798, 46.814601], [29.473248, 46.813901], [29.473152, 46.813774], [29.472939, 46.81346], [29.472889, 46.813386], [29.472811, 46.813271], [29.472404, 46.81268], [29.472268, 46.812462], [29.472043, 46.812159], [29.471773, 46.811769], [29.471593, 46.811509], [29.471387, 46.811232], [29.47108, 46.810815], [29.470915, 46.810614], [29.470824, 46.810505], [29.468897, 46.808761], [29.468497, 46.808399], [29.468294, 46.808215], [29.468184, 46.808105], [29.468083, 46.808001], [29.468027, 46.807937], [29.467919, 46.807815], [29.467349, 46.8072], [29.465556, 46.807473], [29.465504, 46.807481], [29.465119, 46.807539], [29.465047, 46.80755], [29.464808, 46.807587], [29.463935, 46.807719], [29.46286, 46.807883], [29.462674, 46.807911], [29.462239, 46.807978], [29.460303, 46.808272], [29.459187, 46.808442], [29.458931, 46.808495], [29.458683, 46.808571], [29.458492, 46.808687], [29.458487, 46.808692], [29.458333, 46.808822], [29.458215, 46.808977], [29.458152, 46.809103], [29.458101, 46.809249], [29.45809, 46.80947], [29.458116, 46.809684], [29.458431, 46.811569], [29.458536, 46.812201], [29.458552, 46.812296], [29.458603, 46.812611], [29.458696, 46.81319], [29.458749, 46.813496], [29.458801, 46.813814], [29.459073, 46.815478], [29.459158, 46.816022], [29.459218, 46.816405], [29.459237, 46.816539], [29.459283, 46.816879], [29.459315, 46.817013], [29.459458, 46.817429], [29.459866, 46.818476], [29.46028, 46.819581], [29.459531, 46.819713], [29.457713, 46.820034], [29.457988, 46.820743], [29.458262, 46.820689]]}, "properties": {"uid": "n4997937710", "kind": "shortest", "distance_km": 4.8401, "duration_s": 342.9}}, {"type": "Feature", "geometry": {"type": "LineString", "coordinates": [[29.483304, 46.824154], [29.483349, 46.824141], [29.483782, 46.824007], [29.483939, 46.823959], [29.484097, 46.823912], [29.484045, 46.823804], [29.483968, 46.82365], [29.483598, 46.822917], [29.483541, 46.822802], [29.483438, 46.822597], [29.483413, 46.822548], [29.483266, 46.822256], [29.483156, 46.822035], [29.482987, 46.821682], [29.482702, 46.821096], [29.482665, 46.821016], [29.482621, 46.820922], [29.481816, 46.819246], [29.481581, 46.818781], [29.481307, 46.818242], [29.480897, 46.817434], [29.480303, 46.816248], [29.479955, 46.815529], [29.479802, 46.815218], [29.479615, 46.814835], [29.479565, 46.81473], [29.479228, 46.814029], [29.479192, 46.813942], [29.479192, 46.813823], [29.479191, 46.813386], [29.479254, 46.813131], [29.479314, 46.812949], [29.479424, 46.812616], [29.479884, 46.811678], [29.480247, 46.810563], [29.480416, 46.809954], [29.480386, 46.809206], [29.480376, 46.808582], [29.480383, 46.808286], [29.480368, 46.805922], [29.480378, 46.805506], [29.480359, 46.804529], [29.480345, 46.804451], [29.48029, 46.804151], [29.479899, 46.803303], [29.479789, 46.803075], [29.479247, 46.801887], [29.479126, 46.801609], [29.479067, 46.801521], [29.478978, 46.80143], [29.478849, 46.801323], [29.478691, 46.80122], [29.478567, 46.801146], [29.478357, 46.80105], [29.477976, 46.80092], [29.477855, 46.800876], [29.477383, 46.800746], [29.477094, 46.800742], [29.476987, 46.800771], [29.476941, 46.800781], [29.47686, 46.80081], [29.47636, 46.801118], [29.47573, 46.801628], [29.475434, 46.801856], [29.474899, 46.802281], [29.474536, 46.802571], [29.474296, 46.802762], [29.473597, 46.803331], [29.473161, 46.803665], [29.472254, 46.804406], [29.471565, 46.804936], [29.471027, 46.80536], [29.470186, 46.806024], [29.469518, 46.806552], [29.468717, 46.807184], [29.468656, 46.807232], [29.467349, 46.8072], [29.465556, 46.807473], [29.465504, 46.807481], [29.465119, 46.807539], [29.465047, 46.80755], [29.464808, 46.807587], [29.463935, 46.807719], [29.46286, 46.807883], [29.462674, 46.807911], [29.462239, 46.807978], [29.460303, 46.808272], [29.459187, 46.808442], [29.458931, 46.808495], [29.458683, 46.808571], [29.458492, 46.808687], [29.458487, 46.808692], [29.458333, 46.808822], [29.458215, 46.808977], [29.458152, 46.809103], [29.458101, 46.809249], [29.45809, 46.80947], [29.458116, 46.809684], [29.458431, 46.811569], [29.458536, 46.812201], [29.458552, 46.812296], [29.458603, 46.812611], [29.458696, 46.81319], [29.458749, 46.813496], [29.458801, 46.813814], [29.459073, 46.815478], [29.459158, 46.816022], [29.459218, 46.816405], [29.459237, 46.816539], [29.459283, 46.816879], [29.459315, 46.817013], [29.459458, 46.817429], [29.459866, 46.818476], [29.46028, 46.819581], [29.459531, 46.819713], [29.457713, 46.820034], [29.457988, 46.820743], [29.458262, 46.820689]]}, "properties": {"uid": "n4997937710", "kind": "forced_brewery", "distance_km": 6.1302, "duration_s": 392.8}}, {"type": "Feature", "geometry": {"type": "Point", "coordinates": [29.4583, 46.82078]}, "properties": {"uid": "n4997937710", "kind": "home", "zone": 3}}, {"type": "Feature", "geometry": {"type": "LineString", "coordinates": [[29.483304, 46.824154], [29.482844, 46.824291], [29.482491, 46.824396], [29.482349, 46.824444], [29.482205, 46.824488], [29.481962, 46.824563], [29.481627, 46.824666], [29.481337, 46.824756], [29.480644, 46.824966], [29.478998, 46.825477], [29.478436, 46.824305], [29.478401, 46.824233], [29.478353, 46.824127], [29.478271, 46.823947], [29.478197, 46.823784], [29.478159, 46.823697], [29.477734, 46.822752], [29.477529, 46.822297], [29.47743, 46.822065], [29.476836, 46.820674], [29.47675, 46.820471], [29.47672, 46.8204], [29.476675, 46.820291], [29.476443, 46.819718], [29.476235, 46.819214], [29.475988, 46.818625], [29.475958, 46.818544], [29.475908, 46.81844], [29.47512, 46.816695], [29.475107, 46.816658], [29.475056, 46.816552], [29.474795, 46.815948], [29.474678, 46.815674], [29.474497, 46.815283], [29.474342, 46.814946], [29.474006, 46.814758], [29.473798, 46.814601], [29.473248, 46.813901], [29.473152, 46.813774], [29.472939, 46.81346], [29.472889, 46.813386], [29.472811, 46.813271], [29.472404, 46.81268], [29.472268, 46.812462], [29.472043, 46.812159], [29.471773, 46.811769], [29.471593, 46.811509], [29.471387, 46.811232], [29.47108, 46.810815], [29.470915, 46.810614], [29.470824, 46.810505], [29.468897, 46.808761], [29.468497, 46.808399], [29.468294, 46.808215], [29.468184, 46.808105], [29.468083, 46.808001], [29.468027, 46.807937], [29.467919, 46.807815], [29.467349, 46.8072], [29.465556, 46.807473], [29.465504, 46.807481], [29.465119, 46.807539], [29.465047, 46.80755], [29.464808, 46.807587], [29.463935, 46.807719], [29.46286, 46.807883], [29.462674, 46.807911], [29.462239, 46.807978], [29.460303, 46.808272], [29.459187, 46.808442], [29.458931, 46.808495], [29.458683, 46.808571], [29.458492, 46.808687], [29.458487, 46.808692], [29.458333, 46.808822], [29.458215, 46.808977], [29.458152, 46.809103], [29.458101, 46.809249], [29.45809, 46.80947], [29.458116, 46.809684], [29.458431, 46.811569], [29.458536, 46.812201], [29.458552, 46.812296], [29.458603, 46.812611], [29.458696, 46.81319], [29.458749, 46.813496], [29.458801, 46.813814], [29.459073, 46.815478], [29.459158, 46.816022], [29.459218, 46.816405], [29.459237, 46.816539], [29.459283, 46.816879], [29.459315, 46.817013], [29.459458, 46.817429], [29.459866, 46.818476], [29.46028, 46.819581], [29.459531, 46.819713], [29.458678, 46.819864]]}, "properties": {"uid": "w302066948", "kind": "fastest", "distance_km": 4.6607, "duration_s": 310.8}}, {"type": "Feature", "geometry": {"type": "LineString", "coordinates": [[29.483304, 46.824154], [29.482844, 46.824291], [29.482491, 46.824396], [29.482349, 46.824444], [29.482205, 46.824488], [29.481962, 46.824563], [29.481627, 46.824666], [29.481337, 46.824756], [29.480644, 46.824966], [29.478998, 46.825477], [29.478436, 46.824305], [29.478401, 46.824233], [29.478353, 46.824127], [29.478271, 46.823947], [29.478197, 46.823784], [29.478159, 46.823697], [29.477734, 46.822752], [29.477529, 46.822297], [29.47743, 46.822065], [29.476836, 46.820674], [29.47675, 46.820471], [29.47672, 46.8204], [29.476675, 46.820291], [29.476443, 46.819718], [29.476235, 46.819214], [29.475988, 46.818625], [29.475958, 46.818544], [29.475908, 46.81844], [29.47512, 46.816695], [29.475107, 46.816658], [29.475056, 46.816552], [29.474795, 46.815948], [29.474678, 46.815674], [29.474497, 46.815283], [29.474342, 46.814946], [29.474006, 46.814758], [29.473798, 46.814601], [29.473248, 46.813901], [29.473152, 46.813774], [29.472939, 46.81346], [29.472889, 46.813386], [29.472811, 46.813271], [29.472404, 46.81268], [29.472268, 46.812462], [29.472043, 46.812159], [29.471773, 46.811769], [29.471593, 46.811509], [29.471387, 46.811232], [29.47108, 46.810815], [29.470915, 46.810614], [29.470824, 46.810505], [29.468897, 46.808761], [29.468497, 46.808399], [29.468294, 46.808215], [29.468184, 46.808105], [29.468083, 46.808001], [29.468027, 46.807937], [29.467919, 46.807815], [29.467349, 46.8072], [29.465556, 46.807473], [29.465504, 46.807481], [29.465119, 46.807539], [29.465047, 46.80755], [29.464808, 46.807587], [29.463935, 46.807719], [29.46286, 46.807883], [29.462674, 46.807911], [29.462239, 46.807978], [29.460303, 46.808272], [29.459187, 46.808442], [29.458931, 46.808495], [29.458683, 46.808571], [29.458492, 46.808687], [29.458487, 46.808692], [29.458333, 46.808822], [29.458215, 46.808977], [29.458152, 46.809103], [29.458101, 46.809249], [29.45809, 46.80947], [29.458116, 46.809684], [29.458431, 46.811569], [29.458536, 46.812201], [29.458552, 46.812296], [29.458603, 46.812611], [29.458696, 46.81319], [29.458749, 46.813496], [29.458801, 46.813814], [29.459073, 46.815478], [29.459158, 46.816022], [29.459218, 46.816405], [29.459237, 46.816539], [29.459283, 46.816879], [29.459315, 46.817013], [29.459458, 46.817429], [29.459866, 46.818476], [29.46028, 46.819581], [29.459531, 46.819713], [29.458678, 46.819864]]}, "properties": {"uid": "w302066948", "kind": "shortest", "distance_km": 4.6607, "duration_s": 310.8}}, {"type": "Feature", "geometry": {"type": "LineString", "coordinates": [[29.483304, 46.824154], [29.483349, 46.824141], [29.483782, 46.824007], [29.483939, 46.823959], [29.484097, 46.823912], [29.484045, 46.823804], [29.483968, 46.82365], [29.483598, 46.822917], [29.483541, 46.822802], [29.483438, 46.822597], [29.483413, 46.822548], [29.483266, 46.822256], [29.483156, 46.822035], [29.482987, 46.821682], [29.482702, 46.821096], [29.482665, 46.821016], [29.482621, 46.820922], [29.481816, 46.819246], [29.481581, 46.818781], [29.481307, 46.818242], [29.480897, 46.817434], [29.480303, 46.816248], [29.479955, 46.815529], [29.479802, 46.815218], [29.479615, 46.814835], [29.479565, 46.81473], [29.479228, 46.814029], [29.479192, 46.813942], [29.479192, 46.813823], [29.479191, 46.813386], [29.479254, 46.813131], [29.479314, 46.812949], [29.479424, 46.812616], [29.479884, 46.811678], [29.480247, 46.810563], [29.480416, 46.809954], [29.480386, 46.809206], [29.480376, 46.808582], [29.480383, 46.808286], [29.480368, 46.805922], [29.480378, 46.805506], [29.480359, 46.804529], [29.480345, 46.804451], [29.48029, 46.804151], [29.479899, 46.803303], [29.479789, 46.803075], [29.479247, 46.801887], [29.479126, 46.801609], [29.479067, 46.801521], [29.478978, 46.80143], [29.478849, 46.801323], [29.478691, 46.80122], [29.478567, 46.801146], [29.478357, 46.80105], [29.477976, 46.80092], [29.477855, 46.800876], [29.477383, 46.800746], [29.477094, 46.800742], [29.476987, 46.800771], [29.476941, 46.800781], [29.47686, 46.80081], [29.47636, 46.801118], [29.47573, 46.801628], [29.475434, 46.801856], [29.474899, 46.802281], [29.474536, 46.802571], [29.474296, 46.802762], [29.473597, 46.803331], [29.473161, 46.803665], [29.472254, 46.804406], [29.471565, 46.804936], [29.471027, 46.80536], [29.470186, 46.806024], [29.469518, 46.806552], [29.468717, 46.807184], [29.468656, 46.807232], [29.467349, 46.8072], [29.465556, 46.807473], [29.465504, 46.807481], [29.465119, 46.807539], [29.465047, 46.80755], [29.464808, 46.807587], [29.463935, 46.807719], [29.46286, 46.807883], [29.462674, 46.807911], [29.462239, 46.807978], [29.460303, 46.808272], [29.459187, 46.808442], [29.458931, 46.808495], [29.458683, 46.808571], [29.458492, 46.808687], [29.458487, 46.808692], [29.458333, 46.808822], [29.458215, 46.808977], [29.458152, 46.809103], [29.458101, 46.809249], [29.45809, 46.80947], [29.458116, 46.809684], [29.458431, 46.811569], [29.458536, 46.812201], [29.458552, 46.812296], [29.458603, 46.812611], [29.458696, 46.81319], [29.458749, 46.813496], [29.458801, 46.813814], [29.459073, 46.815478], [29.459158, 46.816022], [29.459218, 46.816405], [29.459237, 46.816539], [29.459283, 46.816879], [29.459315, 46.817013], [29.459458, 46.817429], [29.459866, 46.818476], [29.46028, 46.819581], [29.459531, 46.819713], [29.458678, 46.819864]]}, "properties": {"uid": "w302066948", "kind": "forced_brewery", "distance_km": 5.9509, "duration_s": 360.7}}, {"type": "Feature", "geometry": {"type": "Point", "coordinates": [29.45862, 46.81971]}, "properties": {"uid": "w302066948", "kind": "home", "zone": 3}}, {"type": "Feature", "geometry": {"type": "LineString", "coordinates": [[29.483304, 46.824154], [29.482844, 46.824291], [29.482491, 46.824396], [29.482349, 46.824444], [29.482205, 46.824488], [29.481962, 46.824563], [29.481627, 46.824666], [29.481337, 46.824756], [29.480644, 46.824966], [29.478998, 46.825477], [29.478436, 46.824305], [29.478401, 46.824233], [29.478353, 46.824127], [29.478271, 46.823947], [29.478197, 46.823784], [29.478159, 46.823697], [29.477734, 46.822752], [29.477529, 46.822297], [29.47743, 46.822065], [29.476836, 46.820674], [29.47675, 46.820471], [29.47672, 46.8204], [29.476675, 46.820291], [29.476443, 46.819718], [29.476235, 46.819214], [29.475988, 46.818625], [29.475958, 46.818544], [29.475908, 46.81844], [29.47512, 46.816695], [29.475107, 46.816658], [29.475056, 46.816552], [29.474795, 46.815948], [29.474678, 46.815674], [29.474497, 46.815283], [29.474342, 46.814946], [29.474006, 46.814758], [29.473798, 46.814601], [29.473248, 46.813901], [29.473152, 46.813774], [29.472939, 46.81346], [29.472889, 46.813386], [29.472811, 46.813271], [29.472404, 46.81268], [29.472268, 46.812462], [29.472043, 46.812159], [29.471773, 46.811769], [29.471593, 46.811509], [29.471387, 46.811232], [29.47108, 46.810815], [29.470915, 46.810614], [29.470824, 46.810505], [29.468897, 46.808761], [29.468497, 46.808399], [29.468294, 46.808215], [29.468184, 46.808105], [29.468083, 46.808001], [29.468027, 46.807937], [29.467919, 46.807815], [29.467349, 46.8072], [29.465556, 46.807473], [29.465504, 46.807481], [29.465119, 46.807539], [29.465047, 46.80755], [29.464808, 46.807587], [29.463935, 46.807719], [29.46286, 46.807883], [29.462674, 46.807911], [29.462239, 46.807978], [29.460303, 46.808272], [29.459187, 46.808442], [29.458931, 46.808495], [29.458683, 46.808571], [29.458492, 46.808687], [29.458487, 46.808692], [29.458333, 46.808822], [29.458215, 46.808977], [29.458152, 46.809103], [29.458101, 46.809249], [29.45809, 46.80947], [29.458116, 46.809684], [29.458431, 46.811569], [29.458536, 46.812201], [29.458552, 46.812296], [29.458603, 46.812611], [29.458696, 46.81319], [29.458749, 46.813496], [29.458801, 46.813814], [29.459073, 46.815478], [29.459158, 46.816022], [29.459218, 46.816405], [29.459237, 46.816539], [29.459283, 46.816879], [29.459315, 46.817013], [29.459458, 46.817429], [29.459866, 46.818476], [29.46028, 46.819581], [29.460603, 46.820524], [29.460719, 46.820828], [29.460777, 46.820981], [29.460848, 46.821166], [29.461002, 46.821571], [29.461247, 46.822177], [29.461309, 46.82233], [29.461616, 46.823072], [29.46195, 46.823837], [29.462003, 46.823971], [29.462183, 46.824428], [29.462342, 46.824834], [29.462538, 46.825328], [29.462554, 46.825374], [29.462596, 46.825499], [29.461334, 46.825748], [29.460083, 46.825981], [29.458943, 46.826194], [29.457845, 46.826399], [29.457721, 46.826082]]}, "properties": {"uid": "w315807224", "kind": "fastest", "distance_km": 5.6284, "duration_s": 395}}, {"type": "Feature", "geometry": {"type": "LineString", "coordinates": [[29.483304, 46.824154], [29.482844, 46.824291], [29.482491, 46.824396], [29.482349, 46.824444], [29.482205, 46.824488], [29.481962, 46.824563], [29.481627, 46.824666], [29.481337, 46.824756], [29.480644, 46.824966], [29.478998, 46.825477], [29.478436, 46.824305], [29.478401, 46.824233], [29.478353, 46.824127], [29.478271, 46.823947], [29.478197, 46.823784], [29.478159, 46.823697], [29.477734, 46.822752], [29.477529, 46.822297], [29.47743, 46.822065], [29.476836, 46.820674], [29.47675, 46.820471], [29.47672, 46.8204], [29.476675, 46.820291], [29.476443, 46.819718], [29.476235, 46.819214], [29.475988, 46.818625], [29.475958, 46.818544], [29.475908, 46.81844], [29.47512, 46.816695], [29.475107, 46.816658], [29.475056, 46.816552], [29.474795, 46.815948], [29.474678, 46.815674], [29.474497, 46.815283], [29.474342, 46.814946], [29.474006, 46.814758], [29.473798, 46.814601], [29.473248, 46.813901], [29.473152, 46.813774], [29.472939, 46.81346], [29.472889, 46.813386], [29.472811, 46.813271], [29.472404, 46.81268], [29.472268, 46.812462], [29.472043, 46.812159], [29.471773, 46.811769], [29.471593, 46.811509], [29.471387, 46.811232], [29.47108, 46.810815], [29.470915, 46.810614], [29.470824, 46.810505], [29.468897, 46.808761], [29.468497, 46.808399], [29.468294, 46.808215], [29.468184, 46.808105], [29.468083, 46.808001], [29.468027, 46.807937], [29.467919, 46.807815], [29.467349, 46.8072], [29.465556, 46.807473], [29.465504, 46.807481], [29.465119, 46.807539], [29.465047, 46.80755], [29.464808, 46.807587], [29.463935, 46.807719], [29.46286, 46.807883], [29.462674, 46.807911], [29.462239, 46.807978], [29.460303, 46.808272], [29.459187, 46.808442], [29.458931, 46.808495], [29.458683, 46.808571], [29.458492, 46.808687], [29.458487, 46.808692], [29.458333, 46.808822], [29.458215, 46.808977], [29.458152, 46.809103], [29.458101, 46.809249], [29.45809, 46.80947], [29.458116, 46.809684], [29.458431, 46.811569], [29.458536, 46.812201], [29.458552, 46.812296], [29.458603, 46.812611], [29.458696, 46.81319], [29.458749, 46.813496], [29.458801, 46.813814], [29.459073, 46.815478], [29.459158, 46.816022], [29.459218, 46.816405], [29.459237, 46.816539], [29.459283, 46.816879], [29.459315, 46.817013], [29.459458, 46.817429], [29.459866, 46.818476], [29.46028, 46.819581], [29.460603, 46.820524], [29.460719, 46.820828], [29.460777, 46.820981], [29.460848, 46.821166], [29.461002, 46.821571], [29.461247, 46.822177], [29.461309, 46.82233], [29.461616, 46.823072], [29.46195, 46.823837], [29.462003, 46.823971], [29.462183, 46.824428], [29.462342, 46.824834], [29.462538, 46.825328], [29.462554, 46.825374], [29.462596, 46.825499], [29.461334, 46.825748], [29.460083, 46.825981], [29.458943, 46.826194], [29.457845, 46.826399], [29.457721, 46.826082]]}, "properties": {"uid": "w315807224", "kind": "shortest", "distance_km": 5.6284, "duration_s": 395}}, {"type": "Feature", "geometry": {"type": "LineString", "coordinates": [[29.483304, 46.824154], [29.483349, 46.824141], [29.483782, 46.824007], [29.483939, 46.823959], [29.484097, 46.823912], [29.484045, 46.823804], [29.483968, 46.82365], [29.483598, 46.822917], [29.483541, 46.822802], [29.483438, 46.822597], [29.483413, 46.822548], [29.483266, 46.822256], [29.483156, 46.822035], [29.482987, 46.821682], [29.482702, 46.821096], [29.482665, 46.821016], [29.482621, 46.820922], [29.481816, 46.819246], [29.481581, 46.818781], [29.481307, 46.818242], [29.480897, 46.817434], [29.480303, 46.816248], [29.479955, 46.815529], [29.479802, 46.815218], [29.479615, 46.814835], [29.479565, 46.81473], [29.479228, 46.814029], [29.479192, 46.813942], [29.479192, 46.813823], [29.479191, 46.813386], [29.479254, 46.813131], [29.479314, 46.812949], [29.479424, 46.812616], [29.479884, 46.811678], [29.480247, 46.810563], [29.480416, 46.809954], [29.480386, 46.809206], [29.480376, 46.808582], [29.480383, 46.808286], [29.480368, 46.805922], [29.480378, 46.805506], [29.480359, 46.804529], [29.480345, 46.804451], [29.48029, 46.804151], [29.479899, 46.803303], [29.479789, 46.803075], [29.479247, 46.801887], [29.479126, 46.801609], [29.479067, 46.801521], [29.478978, 46.80143], [29.478849, 46.801323], [29.478691, 46.80122], [29.478567, 46.801146], [29.478357, 46.80105], [29.477976, 46.80092], [29.477855, 46.800876], [29.477383, 46.800746], [29.477094, 46.800742], [29.476987, 46.800771], [29.476941, 46.800781], [29.47686, 46.80081], [29.47636, 46.801118], [29.47573, 46.801628], [29.475434, 46.801856], [29.474899, 46.802281], [29.474536, 46.802571], [29.474296, 46.802762], [29.473597, 46.803331], [29.473161, 46.803665], [29.472254, 46.804406], [29.471565, 46.804936], [29.471027, 46.80536], [29.470186, 46.806024], [29.469518, 46.806552], [29.468717, 46.807184], [29.468656, 46.807232], [29.467349, 46.8072], [29.465556, 46.807473], [29.465504, 46.807481], [29.465119, 46.807539], [29.465047, 46.80755], [29.464808, 46.807587], [29.463935, 46.807719], [29.46286, 46.807883], [29.462674, 46.807911], [29.462239, 46.807978], [29.460303, 46.808272], [29.459187, 46.808442], [29.458931, 46.808495], [29.458683, 46.808571], [29.458492, 46.808687], [29.458487, 46.808692], [29.458333, 46.808822], [29.458215, 46.808977], [29.458152, 46.809103], [29.458101, 46.809249], [29.45809, 46.80947], [29.458116, 46.809684], [29.458431, 46.811569], [29.458536, 46.812201], [29.458552, 46.812296], [29.458603, 46.812611], [29.458696, 46.81319], [29.458749, 46.813496], [29.458801, 46.813814], [29.459073, 46.815478], [29.459158, 46.816022], [29.459218, 46.816405], [29.459237, 46.816539], [29.459283, 46.816879], [29.459315, 46.817013], [29.459458, 46.817429], [29.459866, 46.818476], [29.46028, 46.819581], [29.460603, 46.820524], [29.460719, 46.820828], [29.460777, 46.820981], [29.460848, 46.821166], [29.461002, 46.821571], [29.461247, 46.822177], [29.461309, 46.82233], [29.461616, 46.823072], [29.46195, 46.823837], [29.462003, 46.823971], [29.462183, 46.824428], [29.462342, 46.824834], [29.462538, 46.825328], [29.462554, 46.825374], [29.462596, 46.825499], [29.461334, 46.825748], [29.460083, 46.825981], [29.458943, 46.826194], [29.457845, 46.826399], [29.457721, 46.826082]]}, "properties": {"uid": "w315807224", "kind": "forced_brewery", "distance_km": 6.9185, "duration_s": 444.9}}, {"type": "Feature", "geometry": {"type": "Point", "coordinates": [29.45806, 46.82602]}, "properties": {"uid": "w315807224", "kind": "home", "zone": 3}}, {"type": "Feature", "geometry": {"type": "LineString", "coordinates": [[29.483304, 46.824154], [29.482844, 46.824291], [29.482491, 46.824396], [29.482349, 46.824444], [29.482205, 46.824488], [29.481962, 46.824563], [29.481627, 46.824666], [29.481337, 46.824756], [29.480644, 46.824966], [29.478998, 46.825477], [29.478436, 46.824305], [29.478401, 46.824233], [29.478353, 46.824127], [29.478271, 46.823947], [29.478197, 46.823784], [29.478159, 46.823697], [29.477734, 46.822752], [29.477529, 46.822297], [29.47743, 46.822065], [29.476836, 46.820674], [29.47675, 46.820471], [29.47672, 46.8204], [29.476675, 46.820291], [29.476443, 46.819718], [29.476235, 46.819214], [29.475988, 46.818625], [29.475958, 46.818544], [29.475908, 46.81844], [29.47512, 46.816695], [29.475107, 46.816658], [29.475056, 46.816552], [29.474795, 46.815948], [29.474678, 46.815674], [29.474497, 46.815283], [29.474342, 46.814946], [29.474006, 46.814758], [29.473798, 46.814601], [29.473248, 46.813901], [29.473152, 46.813774], [29.472939, 46.81346], [29.472889, 46.813386], [29.472811, 46.813271], [29.472404, 46.81268], [29.472268, 46.812462], [29.472043, 46.812159], [29.471773, 46.811769], [29.471593, 46.811509], [29.471387, 46.811232], [29.47108, 46.810815], [29.470915, 46.810614], [29.470824, 46.810505], [29.468897, 46.808761], [29.468497, 46.808399], [29.468294, 46.808215], [29.468184, 46.808105], [29.468083, 46.808001], [29.468027, 46.807937], [29.467919, 46.807815], [29.467349, 46.8072], [29.465556, 46.807473], [29.465504, 46.807481], [29.465119, 46.807539], [29.465047, 46.80755], [29.464808, 46.807587], [29.463935, 46.807719], [29.46286, 46.807883], [29.462674, 46.807911], [29.462239, 46.807978], [29.460303, 46.808272], [29.459187, 46.808442], [29.458931, 46.808495], [29.458683, 46.808571], [29.458492, 46.808687], [29.458487, 46.808692], [29.458333, 46.808822], [29.458215, 46.808977], [29.458152, 46.809103], [29.458101, 46.809249], [29.45809, 46.80947], [29.458116, 46.809684], [29.458431, 46.811569], [29.458536, 46.812201], [29.458552, 46.812296], [29.458603, 46.812611], [29.458696, 46.81319], [29.458749, 46.813496], [29.458801, 46.813814], [29.459073, 46.815478], [29.459158, 46.816022], [29.459218, 46.816405], [29.459237, 46.816539], [29.459283, 46.816879], [29.459315, 46.817013], [29.459458, 46.817429], [29.459866, 46.818476], [29.46028, 46.819581], [29.460603, 46.820524], [29.460719, 46.820828], [29.460777, 46.820981], [29.460848, 46.821166], [29.461002, 46.821571], [29.461247, 46.822177], [29.461309, 46.82233], [29.461616, 46.823072], [29.46195, 46.823837], [29.462003, 46.823971], [29.462183, 46.824428], [29.462342, 46.824834], [29.462538, 46.825328], [29.462554, 46.825374], [29.462596, 46.825499], [29.461334, 46.825748], [29.460083, 46.825981], [29.458943, 46.826194], [29.458126, 46.826346]]}, "properties": {"uid": "w315807222", "kind": "fastest", "distance_km": 5.5697, "duration_s": 381}}, {"type": "Feature", "geometry": {"type": "LineString", "coordinates": [[29.483304, 46.824154], [29.482844, 46.824291], [29.482491, 46.824396], [29.482349, 46.824444], [29.482205, 46.824488], [29.481962, 46.824563], [29.481627, 46.824666], [29.481337, 46.824756], [29.480644, 46.824966], [29.478998, 46.825477], [29.478436, 46.824305], [29.478401, 46.824233], [29.478353, 46.824127], [29.478271, 46.823947], [29.478197, 46.823784], [29.478159, 46.823697], [29.477734, 46.822752], [29.477529, 46.822297], [29.47743, 46.822065], [29.476836, 46.820674], [29.47675, 46.820471], [29.47672, 46.8204], [29.476675, 46.820291], [29.476443, 46.819718], [29.476235, 46.819214], [29.475988, 46.818625], [29.475958, 46.818544], [29.475908, 46.81844], [29.47512, 46.816695], [29.475107, 46.816658], [29.475056, 46.816552], [29.474795, 46.815948], [29.474678, 46.815674], [29.474497, 46.815283], [29.474342, 46.814946], [29.474006, 46.814758], [29.473798, 46.814601], [29.473248, 46.813901], [29.473152, 46.813774], [29.472939, 46.81346], [29.472889, 46.813386], [29.472811, 46.813271], [29.472404, 46.81268], [29.472268, 46.812462], [29.472043, 46.812159], [29.471773, 46.811769], [29.471593, 46.811509], [29.471387, 46.811232], [29.47108, 46.810815], [29.470915, 46.810614], [29.470824, 46.810505], [29.468897, 46.808761], [29.468497, 46.808399], [29.468294, 46.808215], [29.468184, 46.808105], [29.468083, 46.808001], [29.468027, 46.807937], [29.467919, 46.807815], [29.467349, 46.8072], [29.465556, 46.807473], [29.465504, 46.807481], [29.465119, 46.807539], [29.465047, 46.80755], [29.464808, 46.807587], [29.463935, 46.807719], [29.46286, 46.807883], [29.462674, 46.807911], [29.462239, 46.807978], [29.460303, 46.808272], [29.459187, 46.808442], [29.458931, 46.808495], [29.458683, 46.808571], [29.458492, 46.808687], [29.458487, 46.808692], [29.458333, 46.808822], [29.458215, 46.808977], [29.458152, 46.809103], [29.458101, 46.809249], [29.45809, 46.80947], [29.458116, 46.809684], [29.458431, 46.811569], [29.458536, 46.812201], [29.458552, 46.812296], [29.458603, 46.812611], [29.458696, 46.81319], [29.458749, 46.813496], [29.458801, 46.813814], [29.459073, 46.815478], [29.459158, 46.816022], [29.459218, 46.816405], [29.459237, 46.816539], [29.459283, 46.816879], [29.459315, 46.817013], [29.459458, 46.817429], [29.459866, 46.818476], [29.46028, 46.819581], [29.460603, 46.820524], [29.460719, 46.820828], [29.460777, 46.820981], [29.460848, 46.821166], [29.461002, 46.821571], [29.461247, 46.822177], [29.461309, 46.82233], [29.461616, 46.823072], [29.46195, 46.823837], [29.462003, 46.823971], [29.462183, 46.824428], [29.462342, 46.824834], [29.462538, 46.825328], [29.462554, 46.825374], [29.462596, 46.825499], [29.461334, 46.825748], [29.460083, 46.825981], [29.458943, 46.826194], [29.458126, 46.826346]]}, "properties": {"uid": "w315807222", "kind": "shortest", "distance_km": 5.5697, "duration_s": 381}}, {"type": "Feature", "geometry": {"type": "LineString", "coordinates": [[29.483304, 46.824154], [29.483349, 46.824141], [29.483782, 46.824007], [29.483939, 46.823959], [29.484097, 46.823912], [29.484045, 46.823804], [29.483968, 46.82365], [29.483598, 46.822917], [29.483541, 46.822802], [29.483438, 46.822597], [29.483413, 46.822548], [29.483266, 46.822256], [29.483156, 46.822035], [29.482987, 46.821682], [29.482702, 46.821096], [29.482665, 46.821016], [29.482621, 46.820922], [29.481816, 46.819246], [29.481581, 46.818781], [29.481307, 46.818242], [29.480897, 46.817434], [29.480303, 46.816248], [29.479955, 46.815529], [29.479802, 46.815218], [29.479615, 46.814835], [29.479565, 46.81473], [29.479228, 46.814029], [29.479192, 46.813942], [29.479192, 46.813823], [29.479191, 46.813386], [29.479254, 46.813131], [29.479314, 46.812949], [29.479424, 46.812616], [29.479884, 46.811678], [29.480247, 46.810563], [29.480416, 46.809954], [29.480386, 46.809206], [29.480376, 46.808582], [29.480383, 46.808286], [29.480368, 46.805922], [29.480378, 46.805506], [29.480359, 46.804529], [29.480345, 46.804451], [29.48029, 46.804151], [29.479899, 46.803303], [29.479789, 46.803075], [29.479247, 46.801887], [29.479126, 46.801609], [29.479067, 46.801521], [29.478978, 46.80143], [29.478849, 46.801323], [29.478691, 46.80122], [29.478567, 46.801146], [29.478357, 46.80105], [29.477976, 46.80092], [29.477855, 46.800876], [29.477383, 46.800746], [29.477094, 46.800742], [29.476987, 46.800771], [29.476941, 46.800781], [29.47686, 46.80081], [29.47636, 46.801118], [29.47573, 46.801628], [29.475434, 46.801856], [29.474899, 46.802281], [29.474536, 46.802571], [29.474296, 46.802762], [29.473597, 46.803331], [29.473161, 46.803665], [29.472254, 46.804406], [29.471565, 46.804936], [29.471027, 46.80536], [29.470186, 46.806024], [29.469518, 46.806552], [29.468717, 46.807184], [29.468656, 46.807232], [29.467349, 46.8072], [29.465556, 46.807473], [29.465504, 46.807481], [29.465119, 46.807539], [29.465047, 46.80755], [29.464808, 46.807587], [29.463935, 46.807719], [29.46286, 46.807883], [29.462674, 46.807911], [29.462239, 46.807978], [29.460303, 46.808272], [29.459187, 46.808442], [29.458931, 46.808495], [29.458683, 46.808571], [29.458492, 46.808687], [29.458487, 46.808692], [29.458333, 46.808822], [29.458215, 46.808977], [29.458152, 46.809103], [29.458101, 46.809249], [29.45809, 46.80947], [29.458116, 46.809684], [29.458431, 46.811569], [29.458536, 46.812201], [29.458552, 46.812296], [29.458603, 46.812611], [29.458696, 46.81319], [29.458749, 46.813496], [29.458801, 46.813814], [29.459073, 46.815478], [29.459158, 46.816022], [29.459218, 46.816405], [29.459237, 46.816539], [29.459283, 46.816879], [29.459315, 46.817013], [29.459458, 46.817429], [29.459866, 46.818476], [29.46028, 46.819581], [29.460603, 46.820524], [29.460719, 46.820828], [29.460777, 46.820981], [29.460848, 46.821166], [29.461002, 46.821571], [29.461247, 46.822177], [29.461309, 46.82233], [29.461616, 46.823072], [29.46195, 46.823837], [29.462003, 46.823971], [29.462183, 46.824428], [29.462342, 46.824834], [29.462538, 46.825328], [29.462554, 46.825374], [29.462596, 46.825499], [29.461334, 46.825748], [29.460083, 46.825981], [29.458943, 46.826194], [29.458126, 46.826346]]}, "properties": {"uid": "w315807222", "kind": "forced_brewery", "distance_km": 6.8598, "duration_s": 430.9}}, {"type": "Feature", "geometry": {"type": "Point", "coordinates": [29.45806, 46.82618]}, "properties": {"uid": "w315807222", "kind": "home", "zone": 3}}, {"type": "Feature", "geometry": {"type": "LineString", "coordinates": [[29.483304, 46.824154], [29.482844, 46.824291], [29.482491, 46.824396], [29.482349, 46.824444], [29.482205, 46.824488], [29.481962, 46.824563], [29.481627, 46.824666], [29.481337, 46.824756], [29.480644, 46.824966], [29.478998, 46.825477], [29.478436, 46.824305], [29.478401, 46.824233], [29.478353, 46.824127], [29.478271, 46.823947], [29.478197, 46.823784], [29.478159, 46.823697], [29.477734, 46.822752], [29.477529, 46.822297], [29.47743, 46.822065], [29.476836, 46.820674], [29.47675, 46.820471], [29.47672, 46.8204], [29.476675, 46.820291], [29.476443, 46.819718], [29.476235, 46.819214], [29.475988, 46.818625], [29.475958, 46.818544], [29.475908, 46.81844], [29.47512, 46.816695], [29.475107, 46.816658], [29.475056, 46.816552], [29.474795, 46.815948], [29.474678, 46.815674], [29.474497, 46.815283], [29.474342, 46.814946], [29.474006, 46.814758], [29.473798, 46.814601], [29.473248, 46.813901], [29.473152, 46.813774], [29.472939, 46.81346], [29.472889, 46.813386], [29.472811, 46.813271], [29.472404, 46.81268], [29.472268, 46.812462], [29.472043, 46.812159], [29.471773, 46.811769], [29.471593, 46.811509], [29.471387, 46.811232], [29.47108, 46.810815], [29.470915, 46.810614], [29.470824, 46.810505], [29.468897, 46.808761], [29.468497, 46.808399], [29.468294, 46.808215], [29.468184, 46.808105], [29.468083, 46.808001], [29.468027, 46.807937], [29.467919, 46.807815], [29.467349, 46.8072], [29.465556, 46.807473], [29.465504, 46.807481], [29.465119, 46.807539], [29.465047, 46.80755], [29.464808, 46.807587], [29.463935, 46.807719], [29.46286, 46.807883], [29.462674, 46.807911], [29.462239, 46.807978], [29.460303, 46.808272], [29.459187, 46.808442], [29.458931, 46.808495], [29.458683, 46.808571], [29.458492, 46.808687], [29.458487, 46.808692], [29.458333, 46.808822], [29.458215, 46.808977], [29.458152, 46.809103], [29.458101, 46.809249], [29.45809, 46.80947], [29.458116, 46.809684], [29.458431, 46.811569], [29.458536, 46.812201], [29.458552, 46.812296], [29.458603, 46.812611], [29.458696, 46.81319], [29.458749, 46.813496], [29.458801, 46.813814], [29.459073, 46.815478], [29.459158, 46.816022], [29.459218, 46.816405], [29.459237, 46.816539], [29.459283, 46.816879], [29.459315, 46.817013], [29.459458, 46.817429], [29.459866, 46.818476], [29.46028, 46.819581], [29.460603, 46.820524], [29.460719, 46.820828], [29.460777, 46.820981], [29.460848, 46.821166], [29.461002, 46.821571], [29.461247, 46.822177], [29.461309, 46.82233], [29.461616, 46.823072], [29.46195, 46.823837], [29.460665, 46.824077], [29.459374, 46.824321], [29.45831, 46.824535], [29.457202, 46.82476], [29.457607, 46.825791]]}, "properties": {"uid": "w315851307", "kind": "fastest", "distance_km": 5.5199, "duration_s": 393.2}}, {"type": "Feature", "geometry": {"type": "LineString", "coordinates": [[29.483304, 46.824154], [29.482844, 46.824291], [29.482491, 46.824396], [29.482349, 46.824444], [29.482205, 46.824488], [29.481962, 46.824563], [29.481627, 46.824666], [29.481337, 46.824756], [29.480644, 46.824966], [29.478998, 46.825477], [29.478436, 46.824305], [29.478401, 46.824233], [29.478353, 46.824127], [29.478271, 46.823947], [29.478197, 46.823784], [29.478159, 46.823697], [29.477734, 46.822752], [29.477529, 46.822297], [29.47743, 46.822065], [29.476836, 46.820674], [29.47675, 46.820471], [29.47672, 46.8204], [29.476675, 46.820291], [29.476443, 46.819718], [29.476235, 46.819214], [29.475988, 46.818625], [29.475958, 46.818544], [29.475908, 46.81844], [29.47512, 46.816695], [29.475107, 46.816658], [29.475056, 46.816552], [29.474795, 46.815948], [29.474678, 46.815674], [29.474497, 46.815283], [29.474342, 46.814946], [29.474006, 46.814758], [29.473798, 46.814601], [29.473248, 46.813901], [29.473152, 46.813774], [29.472939, 46.81346], [29.472889, 46.813386], [29.472811, 46.813271], [29.472404, 46.81268], [29.472268, 46.812462], [29.472043, 46.812159], [29.471773, 46.811769], [29.471593, 46.811509], [29.471387, 46.811232], [29.47108, 46.810815], [29.470915, 46.810614], [29.470824, 46.810505], [29.468897, 46.808761], [29.468497, 46.808399], [29.468294, 46.808215], [29.468184, 46.808105], [29.468083, 46.808001], [29.468027, 46.807937], [29.467919, 46.807815], [29.467349, 46.8072], [29.465556, 46.807473], [29.465504, 46.807481], [29.465119, 46.807539], [29.465047, 46.80755], [29.464808, 46.807587], [29.463935, 46.807719], [29.46286, 46.807883], [29.462674, 46.807911], [29.462239, 46.807978], [29.460303, 46.808272], [29.459187, 46.808442], [29.458931, 46.808495], [29.458683, 46.808571], [29.458492, 46.808687], [29.458487, 46.808692], [29.458333, 46.808822], [29.458215, 46.808977], [29.458152, 46.809103], [29.458101, 46.809249], [29.45809, 46.80947], [29.458116, 46.809684], [29.458431, 46.811569], [29.458536, 46.812201], [29.458552, 46.812296], [29.458603, 46.812611], [29.458696, 46.81319], [29.458749, 46.813496], [29.458801, 46.813814], [29.459073, 46.815478], [29.459158, 46.816022], [29.459218, 46.816405], [29.459237, 46.816539], [29.459283, 46.816879], [29.459315, 46.817013], [29.459458, 46.817429], [29.459866, 46.818476], [29.46028, 46.819581], [29.460603, 46.820524], [29.460719, 46.820828], [29.460777, 46.820981], [29.460848, 46.821166], [29.461002, 46.821571], [29.461247, 46.822177], [29.461309, 46.82233], [29.461616, 46.823072], [29.46195, 46.823837], [29.460665, 46.824077], [29.459374, 46.824321], [29.45831, 46.824535], [29.457202, 46.82476], [29.457607, 46.825791]]}, "properties": {"uid": "w315851307", "kind": "shortest", "distance_km": 5.5199, "duration_s": 393.2}}, {"type": "Feature", "geometry": {"type": "LineString", "coordinates": [[29.483304, 46.824154], [29.483349, 46.824141], [29.483782, 46.824007], [29.483939, 46.823959], [29.484097, 46.823912], [29.484045, 46.823804], [29.483968, 46.82365], [29.483598, 46.822917], [29.483541, 46.822802], [29.483438, 46.822597], [29.483413, 46.822548], [29.483266, 46.822256], [29.483156, 46.822035], [29.482987, 46.821682], [29.482702, 46.821096], [29.482665, 46.821016], [29.482621, 46.820922], [29.481816, 46.819246], [29.481581, 46.818781], [29.481307, 46.818242], [29.480897, 46.817434], [29.480303, 46.816248], [29.479955, 46.815529], [29.479802, 46.815218], [29.479615, 46.814835], [29.479565, 46.81473], [29.479228, 46.814029], [29.479192, 46.813942], [29.479192, 46.813823], [29.479191, 46.813386], [29.479254, 46.813131], [29.479314, 46.812949], [29.479424, 46.812616], [29.479884, 46.811678], [29.480247, 46.810563], [29.480416, 46.809954], [29.480386, 46.809206], [29.480376, 46.808582], [29.480383, 46.808286], [29.480368, 46.805922], [29.480378, 46.805506], [29.480359, 46.804529], [29.480345, 46.804451], [29.48029, 46.804151], [29.479899, 46.803303], [29.479789, 46.803075], [29.479247, 46.801887], [29.479126, 46.801609], [29.479067, 46.801521], [29.478978, 46.80143], [29.478849, 46.801323], [29.478691, 46.80122], [29.478567, 46.801146], [29.478357, 46.80105], [29.477976, 46.80092], [29.477855, 46.800876], [29.477383, 46.800746], [29.477094, 46.800742], [29.476987, 46.800771], [29.476941, 46.800781], [29.47686, 46.80081], [29.47636, 46.801118], [29.47573, 46.801628], [29.475434, 46.801856], [29.474899, 46.802281], [29.474536, 46.802571], [29.474296, 46.802762], [29.473597, 46.803331], [29.473161, 46.803665], [29.472254, 46.804406], [29.471565, 46.804936], [29.471027, 46.80536], [29.470186, 46.806024], [29.469518, 46.806552], [29.468717, 46.807184], [29.468656, 46.807232], [29.467349, 46.8072], [29.465556, 46.807473], [29.465504, 46.807481], [29.465119, 46.807539], [29.465047, 46.80755], [29.464808, 46.807587], [29.463935, 46.807719], [29.46286, 46.807883], [29.462674, 46.807911], [29.462239, 46.807978], [29.460303, 46.808272], [29.459187, 46.808442], [29.458931, 46.808495], [29.458683, 46.808571], [29.458492, 46.808687], [29.458487, 46.808692], [29.458333, 46.808822], [29.458215, 46.808977], [29.458152, 46.809103], [29.458101, 46.809249], [29.45809, 46.80947], [29.458116, 46.809684], [29.458431, 46.811569], [29.458536, 46.812201], [29.458552, 46.812296], [29.458603, 46.812611], [29.458696, 46.81319], [29.458749, 46.813496], [29.458801, 46.813814], [29.459073, 46.815478], [29.459158, 46.816022], [29.459218, 46.816405], [29.459237, 46.816539], [29.459283, 46.816879], [29.459315, 46.817013], [29.459458, 46.817429], [29.459866, 46.818476], [29.46028, 46.819581], [29.460603, 46.820524], [29.460719, 46.820828], [29.460777, 46.820981], [29.460848, 46.821166], [29.461002, 46.821571], [29.461247, 46.822177], [29.461309, 46.82233], [29.461616, 46.823072], [29.46195, 46.823837], [29.460665, 46.824077], [29.459374, 46.824321], [29.45831, 46.824535], [29.457202, 46.82476], [29.457607, 46.825791]]}, "properties": {"uid": "w315851307", "kind": "forced_brewery", "distance_km": 6.81, "duration_s": 443.1}}, {"type": "Feature", "geometry": {"type": "Point", "coordinates": [29.45794, 46.82573]}, "properties": {"uid": "w315851307", "kind": "home", "zone": 3}}, {"type": "Feature", "geometry": {"type": "LineString", "coordinates": [[29.483304, 46.824154], [29.482844, 46.824291], [29.482491, 46.824396], [29.482349, 46.824444], [29.482205, 46.824488], [29.481962, 46.824563], [29.481627, 46.824666], [29.481337, 46.824756], [29.480644, 46.824966], [29.478998, 46.825477], [29.478436, 46.824305], [29.478401, 46.824233], [29.478353, 46.824127], [29.478271, 46.823947], [29.478197, 46.823784], [29.478159, 46.823697], [29.477734, 46.822752], [29.477529, 46.822297], [29.47743, 46.822065], [29.476836, 46.820674], [29.47675, 46.820471], [29.47672, 46.8204], [29.476675, 46.820291], [29.476443, 46.819718], [29.476235, 46.819214], [29.475988, 46.818625], [29.475958, 46.818544], [29.475908, 46.81844], [29.47512, 46.816695], [29.475107, 46.816658], [29.475056, 46.816552], [29.474795, 46.815948], [29.474678, 46.815674], [29.474497, 46.815283], [29.474342, 46.814946], [29.474006, 46.814758], [29.473798, 46.814601], [29.473248, 46.813901], [29.473152, 46.813774], [29.472939, 46.81346], [29.472889, 46.813386], [29.472811, 46.813271], [29.472404, 46.81268], [29.472268, 46.812462], [29.472043, 46.812159], [29.471773, 46.811769], [29.471593, 46.811509], [29.471387, 46.811232], [29.47108, 46.810815], [29.470915, 46.810614], [29.470824, 46.810505], [29.468897, 46.808761], [29.468497, 46.808399], [29.468294, 46.808215], [29.468184, 46.808105], [29.468083, 46.808001], [29.468027, 46.807937], [29.467919, 46.807815], [29.467349, 46.8072], [29.465556, 46.807473], [29.465504, 46.807481], [29.465119, 46.807539], [29.465047, 46.80755], [29.464808, 46.807587], [29.463935, 46.807719], [29.46286, 46.807883], [29.462674, 46.807911], [29.462239, 46.807978], [29.460303, 46.808272], [29.459187, 46.808442], [29.458931, 46.808495], [29.458683, 46.808571], [29.458492, 46.808687], [29.458487, 46.808692], [29.458333, 46.808822], [29.458215, 46.808977], [29.458152, 46.809103], [29.458101, 46.809249], [29.45809, 46.80947], [29.458116, 46.809684], [29.458431, 46.811569], [29.458536, 46.812201], [29.458552, 46.812296], [29.458603, 46.812611], [29.458696, 46.81319], [29.458749, 46.813496], [29.458801, 46.813814], [29.459073, 46.815478], [29.459158, 46.816022], [29.459218, 46.816405], [29.459237, 46.816539], [29.459283, 46.816879], [29.459315, 46.817013], [29.459458, 46.817429], [29.459589, 46.817765]]}, "properties": {"uid": "w315109562", "kind": "fastest", "distance_km": 4.3259, "duration_s": 275.7}}, {"type": "Feature", "geometry": {"type": "LineString", "coordinates": [[29.483304, 46.824154], [29.482844, 46.824291], [29.482491, 46.824396], [29.482349, 46.824444], [29.482205, 46.824488], [29.481962, 46.824563], [29.481627, 46.824666], [29.481337, 46.824756], [29.480644, 46.824966], [29.478998, 46.825477], [29.478436, 46.824305], [29.478401, 46.824233], [29.478353, 46.824127], [29.478271, 46.823947], [29.478197, 46.823784], [29.478159, 46.823697], [29.477734, 46.822752], [29.477529, 46.822297], [29.47743, 46.822065], [29.476836, 46.820674], [29.47675, 46.820471], [29.47672, 46.8204], [29.476675, 46.820291], [29.476443, 46.819718], [29.476235, 46.819214], [29.475988, 46.818625], [29.475958, 46.818544], [29.475908, 46.81844], [29.47512, 46.816695], [29.475107, 46.816658], [29.475056, 46.816552], [29.474795, 46.815948], [29.474678, 46.815674], [29.474497, 46.815283], [29.474342, 46.814946], [29.474006, 46.814758], [29.473798, 46.814601], [29.473248, 46.813901], [29.473152, 46.813774], [29.472939, 46.81346], [29.472889, 46.813386], [29.472811, 46.813271], [29.472404, 46.81268], [29.472268, 46.812462], [29.472043, 46.812159], [29.471773, 46.811769], [29.471593, 46.811509], [29.471387, 46.811232], [29.47108, 46.810815], [29.470915, 46.810614], [29.470824, 46.810505], [29.468897, 46.808761], [29.468497, 46.808399], [29.468294, 46.808215], [29.468184, 46.808105], [29.468083, 46.808001], [29.468027, 46.807937], [29.467919, 46.807815], [29.467349, 46.8072], [29.465556, 46.807473], [29.465504, 46.807481], [29.465119, 46.807539], [29.465047, 46.80755], [29.464808, 46.807587], [29.463935, 46.807719], [29.46286, 46.807883], [29.462674, 46.807911], [29.462239, 46.807978], [29.460303, 46.808272], [29.459187, 46.808442], [29.458931, 46.808495], [29.458683, 46.808571], [29.458492, 46.808687], [29.458487, 46.808692], [29.458333, 46.808822], [29.458215, 46.808977], [29.458152, 46.809103], [29.458101, 46.809249], [29.45809, 46.80947], [29.458116, 46.809684], [29.458431, 46.811569], [29.458536, 46.812201], [29.458552, 46.812296], [29.458603, 46.812611], [29.458696, 46.81319], [29.458749, 46.813496], [29.458801, 46.813814], [29.459073, 46.815478], [29.459158, 46.816022], [29.459218, 46.816405], [29.459237, 46.816539], [29.459283, 46.816879], [29.459315, 46.817013], [29.459458, 46.817429], [29.459589, 46.817765]]}, "properties": {"uid": "w315109562", "kind": "shortest", "distance_km": 4.3259, "duration_s": 275.7}}, {"type": "Feature", "geometry": {"type": "LineString", "coordinates": [[29.483304, 46.824154], [29.483349, 46.824141], [29.483782, 46.824007], [29.483939, 46.823959], [29.484097, 46.823912], [29.484045, 46.823804], [29.483968, 46.82365], [29.483598, 46.822917], [29.483541, 46.822802], [29.483438, 46.822597], [29.483413, 46.822548], [29.483266, 46.822256], [29.483156, 46.822035], [29.482987, 46.821682], [29.482702, 46.821096], [29.482665, 46.821016], [29.482621, 46.820922], [29.481816, 46.819246], [29.481581, 46.818781], [29.481307, 46.818242], [29.480897, 46.817434], [29.480303, 46.816248], [29.479955, 46.815529], [29.479802, 46.815218], [29.479615, 46.814835], [29.479565, 46.81473], [29.479228, 46.814029], [29.479192, 46.813942], [29.479192, 46.813823], [29.479191, 46.813386], [29.479254, 46.813131], [29.479314, 46.812949], [29.479424, 46.812616], [29.479884, 46.811678], [29.480247, 46.810563], [29.480416, 46.809954], [29.480386, 46.809206], [29.480376, 46.808582], [29.480383, 46.808286], [29.480368, 46.805922], [29.480378, 46.805506], [29.480359, 46.804529], [29.480345, 46.804451], [29.48029, 46.804151], [29.479899, 46.803303], [29.479789, 46.803075], [29.479247, 46.801887], [29.479126, 46.801609], [29.479067, 46.801521], [29.478978, 46.80143], [29.478849, 46.801323], [29.478691, 46.80122], [29.478567, 46.801146], [29.478357, 46.80105], [29.477976, 46.80092], [29.477855, 46.800876], [29.477383, 46.800746], [29.477094, 46.800742], [29.476987, 46.800771], [29.476941, 46.800781], [29.47686, 46.80081], [29.47636, 46.801118], [29.47573, 46.801628], [29.475434, 46.801856], [29.474899, 46.802281], [29.474536, 46.802571], [29.474296, 46.802762], [29.473597, 46.803331], [29.473161, 46.803665], [29.472254, 46.804406], [29.471565, 46.804936], [29.471027, 46.80536], [29.470186, 46.806024], [29.469518, 46.806552], [29.468717, 46.807184], [29.468656, 46.807232], [29.467349, 46.8072], [29.465556, 46.807473], [29.465504, 46.807481], [29.465119, 46.807539], [29.465047, 46.80755], [29.464808, 46.807587], [29.463935, 46.807719], [29.46286, 46.807883], [29.462674, 46.807911], [29.462239, 46.807978], [29.460303, 46.808272], [29.459187, 46.808442], [29.458931, 46.808495], [29.458683, 46.808571], [29.458492, 46.808687], [29.458487, 46.808692], [29.458333, 46.808822], [29.458215, 46.808977], [29.458152, 46.809103], [29.458101, 46.809249], [29.45809, 46.80947], [29.458116, 46.809684], [29.458431, 46.811569], [29.458536, 46.812201], [29.458552, 46.812296], [29.458603, 46.812611], [29.458696, 46.81319], [29.458749, 46.813496], [29.458801, 46.813814], [29.459073, 46.815478], [29.459158, 46.816022], [29.459218, 46.816405], [29.459237, 46.816539], [29.459283, 46.816879], [29.459315, 46.817013], [29.459458, 46.817429], [29.459589, 46.817765]]}, "properties": {"uid": "w315109562", "kind": "forced_brewery", "distance_km": 5.616, "duration_s": 325.6}}, {"type": "Feature", "geometry": {"type": "Point", "coordinates": [29.4594, 46.8178]}, "properties": {"uid": "w315109562", "kind": "home", "zone": 3}}, {"type": "Feature", "geometry": {"type": "LineString", "coordinates": [[29.483304, 46.824154], [29.482844, 46.824291], [29.482491, 46.824396], [29.482349, 46.824444], [29.482205, 46.824488], [29.481962, 46.824563], [29.481627, 46.824666], [29.481337, 46.824756], [29.480644, 46.824966], [29.478998, 46.825477], [29.478436, 46.824305], [29.478401, 46.824233], [29.478353, 46.824127], [29.478271, 46.823947], [29.478197, 46.823784], [29.478159, 46.823697], [29.477734, 46.822752], [29.477529, 46.822297], [29.47743, 46.822065], [29.476836, 46.820674], [29.47675, 46.820471], [29.47672, 46.8204], [29.476675, 46.820291], [29.476443, 46.819718], [29.476235, 46.819214], [29.475988, 46.818625], [29.475958, 46.818544], [29.475908, 46.81844], [29.47512, 46.816695], [29.475107, 46.816658], [29.475056, 46.816552], [29.474795, 46.815948], [29.474678, 46.815674], [29.474497, 46.815283], [29.474342, 46.814946], [29.474006, 46.814758], [29.473798, 46.814601], [29.473248, 46.813901], [29.473152, 46.813774], [29.472939, 46.81346], [29.472889, 46.813386], [29.472811, 46.813271], [29.472404, 46.81268], [29.472268, 46.812462], [29.472043, 46.812159], [29.471773, 46.811769], [29.471593, 46.811509], [29.471387, 46.811232], [29.47108, 46.810815], [29.470915, 46.810614], [29.470824, 46.810505], [29.468897, 46.808761], [29.468497, 46.808399], [29.468294, 46.808215], [29.468184, 46.808105], [29.468083, 46.808001], [29.468027, 46.807937], [29.467919, 46.807815], [29.467349, 46.8072], [29.465556, 46.807473], [29.465504, 46.807481], [29.465119, 46.807539], [29.465047, 46.80755], [29.464808, 46.807587], [29.463935, 46.807719], [29.46286, 46.807883], [29.462674, 46.807911], [29.462239, 46.807978], [29.460303, 46.808272], [29.459187, 46.808442], [29.458931, 46.808495], [29.458683, 46.808571], [29.458492, 46.808687], [29.458487, 46.808692], [29.458333, 46.808822], [29.458215, 46.808977], [29.458152, 46.809103], [29.458101, 46.809249], [29.45809, 46.80947], [29.458116, 46.809684], [29.458431, 46.811569], [29.458536, 46.812201], [29.458552, 46.812296], [29.458603, 46.812611], [29.458696, 46.81319], [29.458749, 46.813496], [29.458801, 46.813814], [29.459073, 46.815478], [29.459158, 46.816022], [29.459218, 46.816405], [29.459237, 46.816539], [29.459283, 46.816879], [29.459315, 46.817013], [29.459458, 46.817429], [29.459866, 46.818476], [29.46028, 46.819581], [29.460603, 46.820524], [29.460719, 46.820828], [29.460777, 46.820981], [29.460848, 46.821166], [29.461002, 46.821571], [29.461247, 46.822177], [29.461309, 46.82233], [29.461616, 46.823072], [29.46195, 46.823837], [29.462003, 46.823971], [29.462183, 46.824428], [29.462342, 46.824834], [29.462538, 46.825328], [29.462554, 46.825374], [29.462596, 46.825499], [29.463092, 46.826787], [29.463322, 46.827398], [29.46334, 46.82744], [29.463635, 46.828073], [29.464058, 46.829106], [29.464204, 46.829461], [29.464407, 46.829911], [29.464501, 46.83014], [29.464678, 46.830623], [29.464723, 46.830746], [29.464278, 46.830833], [29.463505, 46.830991], [29.463275, 46.831034], [29.463103, 46.831047], [29.462923, 46.831013], [29.462562, 46.830896], [29.461608, 46.831556], [29.461302, 46.831764], [29.461063, 46.831927], [29.460828, 46.832076], [29.460278, 46.832444], [29.459946, 46.832656], [29.458713, 46.833388], [29.458366, 46.833613], [29.457762, 46.834005], [29.457066, 46.833743], [29.455774, 46.833257], [29.45565, 46.833207], [29.455049, 46.832965], [29.454397, 46.832704], [29.45374, 46.832469], [29.453454, 46.832363], [29.451279, 46.831793], [29.450899, 46.831691], [29.449869, 46.831416], [29.44962, 46.831349], [29.449692, 46.83116], [29.449483, 46.831102], [29.449413, 46.830798]]}, "properties": {"uid": "w91850356", "kind": "fastest", "distance_km": 7.2609, "duration_s": 541.1}}, {"type": "Feature", "geometry": {"type": "LineString", "coordinates": [[29.483304, 46.824154], [29.483349, 46.824141], [29.483782, 46.824007], [29.483939, 46.823959], [29.484097, 46.823912], [29.484045, 46.823804], [29.483968, 46.82365], [29.483598, 46.822917], [29.483541, 46.822802], [29.483438, 46.822597], [29.483536, 46.822568], [29.48496, 46.82213], [29.48509, 46.822088], [29.485131, 46.822169], [29.485238, 46.822378], [29.48538, 46.822659], [29.485495, 46.822883], [29.485499, 46.822892], [29.485705, 46.823296], [29.485765, 46.8234], [29.485795, 46.823472], [29.486483, 46.824787], [29.486678, 46.825161], [29.486714, 46.825229], [29.486746, 46.825294], [29.486842, 46.825484], [29.487625, 46.827029], [29.487957, 46.827685], [29.48804, 46.827913], [29.487987, 46.828141], [29.487765, 46.829116], [29.487744, 46.829211], [29.487726, 46.829816], [29.48774, 46.82997], [29.487794, 46.830313], [29.487802, 46.830362], [29.487832, 46.830555], [29.487838, 46.83061], [29.487889, 46.831051], [29.487904, 46.831294], [29.487927, 46.831486], [29.488047, 46.832137], [29.488098, 46.832667], [29.488091, 46.832816], [29.488017, 46.8329], [29.487986, 46.832946], [29.487829, 46.833064], [29.487677, 46.833113], [29.487456, 46.833152], [29.486694, 46.833278], [29.486222, 46.833341], [29.485657, 46.83345], [29.485451, 46.833512], [29.484568, 46.833781], [29.482469, 46.834465], [29.48238, 46.834491], [29.482291, 46.834518], [29.482271, 46.834523], [29.482178, 46.834546], [29.482123, 46.83456], [29.482112, 46.834562], [29.480798, 46.834887], [29.480633, 46.834959], [29.480485, 46.835043], [29.480321, 46.835214], [29.480207, 46.835391], [29.480111, 46.835635], [29.479059, 46.838316], [29.479015, 46.838426], [29.478971, 46.83854], [29.478984, 46.838863], [29.479018, 46.838984], [29.479364, 46.839893], [29.4795, 46.84005], [29.479668, 46.8404], [29.479751, 46.840557], [29.479777, 46.840623], [29.479769, 46.840691], [29.479728, 46.840753], [29.479657, 46.840802], [29.479597, 46.840871], [29.479504, 46.840966], [29.479382, 46.841043], [29.479259, 46.841099], [29.479047, 46.841148], [29.478773, 46.841165], [29.477743, 46.840944], [29.476321, 46.84067], [29.475959, 46.840629], [29.475706, 46.840615], [29.475419, 46.840629], [29.475031, 46.840688], [29.474673, 46.840805], [29.474383, 46.840945], [29.474097, 46.841152], [29.473923, 46.8413], [29.47372, 46.841222], [29.474409, 46.840646], [29.474237, 46.840545], [29.472571, 46.839927], [29.469862, 46.838896], [29.468541, 46.838761], [29.468235, 46.838727], [29.467838, 46.838724], [29.467434, 46.838751], [29.466584, 46.839008], [29.465977, 46.839201], [29.464825, 46.838925], [29.464687, 46.838906], [29.464522, 46.838904], [29.464997, 46.838401], [29.465179, 46.838198], [29.465557, 46.837795], [29.466198, 46.837105], [29.466947, 46.836243], [29.466872, 46.835979], [29.466701, 46.835536], [29.466596, 46.835308], [29.466405, 46.834843], [29.466385, 46.834795], [29.466162, 46.834252], [29.466067, 46.834009], [29.465865, 46.833532], [29.465757, 46.833268], [29.465553, 46.832773], [29.465281, 46.832114], [29.465117, 46.831715], [29.465049, 46.83155], [29.465015, 46.831467], [29.464938, 46.83128], [29.464592, 46.831041], [29.464278, 46.830833], [29.463505, 46.830991], [29.463275, 46.831034], [29.463103, 46.831047], [29.462923, 46.831013], [29.462562, 46.830896], [29.461608, 46.831556], [29.461302, 46.831764], [29.461063, 46.831927], [29.460828, 46.832076], [29.460278, 46.832444], [29.459946, 46.832656], [29.458713, 46.833388], [29.458366, 46.833613], [29.457762, 46.834005], [29.457066, 46.833743], [29.455774, 46.833257], [29.45565, 46.833207], [29.455049, 46.832965], [29.454397, 46.832704], [29.45374, 46.832469], [29.453454, 46.832363], [29.451279, 46.831793], [29.450899, 46.831691], [29.449869, 46.831416], [29.44962, 46.831349], [29.449692, 46.83116], [29.449483, 46.831102], [29.449413, 46.830798]]}, "properties": {"uid": "w91850356", "kind": "shortest", "distance_km": 6.7125, "duration_s": 629.6}}, {"type": "Feature", "geometry": {"type": "LineString", "coordinates": [[29.483304, 46.824154], [29.483349, 46.824141], [29.483782, 46.824007], [29.483939, 46.823959], [29.484097, 46.823912], [29.484045, 46.823804], [29.483968, 46.82365], [29.483598, 46.822917], [29.483541, 46.822802], [29.483438, 46.822597], [29.483413, 46.822548], [29.483266, 46.822256], [29.483156, 46.822035], [29.482987, 46.821682], [29.482702, 46.821096], [29.482665, 46.821016], [29.482621, 46.820922], [29.481816, 46.819246], [29.481581, 46.818781], [29.481307, 46.818242], [29.480897, 46.817434], [29.480303, 46.816248], [29.479955, 46.815529], [29.479802, 46.815218], [29.479615, 46.814835], [29.479565, 46.81473], [29.479228, 46.814029], [29.479192, 46.813942], [29.479192, 46.813823], [29.479191, 46.813386], [29.479254, 46.813131], [29.479314, 46.812949], [29.479424, 46.812616], [29.479884, 46.811678], [29.480247, 46.810563], [29.480416, 46.809954], [29.480386, 46.809206], [29.480376, 46.808582], [29.480383, 46.808286], [29.480368, 46.805922], [29.480378, 46.805506], [29.480359, 46.804529], [29.480345, 46.804451], [29.48029, 46.804151], [29.479899, 46.803303], [29.479789, 46.803075], [29.479247, 46.801887], [29.479126, 46.801609], [29.479067, 46.801521], [29.478978, 46.80143], [29.478849, 46.801323], [29.478691, 46.80122], [29.478567, 46.801146], [29.478357, 46.80105], [29.477976, 46.80092], [29.477855, 46.800876], [29.477383, 46.800746], [29.477094, 46.800742], [29.476987, 46.800771], [29.476941, 46.800781], [29.47686, 46.80081], [29.47636, 46.801118], [29.47573, 46.801628], [29.475434, 46.801856], [29.474899, 46.802281], [29.474536, 46.802571], [29.474296, 46.802762], [29.473597, 46.803331], [29.473161, 46.803665], [29.472254, 46.804406], [29.471565, 46.804936], [29.471027, 46.80536], [29.470186, 46.806024], [29.469518, 46.806552], [29.468717, 46.807184], [29.468656, 46.807232], [29.467349, 46.8072], [29.465556, 46.807473], [29.465504, 46.807481], [29.465119, 46.807539], [29.465047, 46.80755], [29.464808, 46.807587], [29.463935, 46.807719], [29.46286, 46.807883], [29.462674, 46.807911], [29.462239, 46.807978], [29.460303, 46.808272], [29.459187, 46.808442], [29.458931, 46.808495], [29.458683, 46.808571], [29.458492, 46.808687], [29.458487, 46.808692], [29.458333, 46.808822], [29.458215, 46.808977], [29.458152, 46.809103], [29.458101, 46.809249], [29.45809, 46.80947], [29.458116, 46.809684], [29.458431, 46.811569], [29.458536, 46.812201], [29.458552, 46.812296], [29.458603, 46.812611], [29.458696, 46.81319], [29.458749, 46.813496], [29.458801, 46.813814], [29.459073, 46.815478], [29.459158, 46.816022], [29.459218, 46.816405], [29.459237, 46.816539], [29.459283, 46.816879], [29.459315, 46.817013], [29.459458, 46.817429], [29.459866, 46.818476], [29.46028, 46.819581], [29.460603, 46.820524], [29.460719, 46.820828], [29.460777, 46.820981], [29.460848, 46.821166], [29.461002, 46.821571], [29.461247, 46.822177], [29.461309, 46.82233], [29.461616, 46.823072], [29.46195, 46.823837], [29.462003, 46.823971], [29.462183, 46.824428], [29.462342, 46.824834], [29.462538, 46.825328], [29.462554, 46.825374], [29.462596, 46.825499], [29.463092, 46.826787], [29.463322, 46.827398], [29.46334, 46.82744], [29.463635, 46.828073], [29.464058, 46.829106], [29.464204, 46.829461], [29.464407, 46.829911], [29.464501, 46.83014], [29.464678, 46.830623], [29.464723, 46.830746], [29.464278, 46.830833], [29.463505, 46.830991], [29.463275, 46.831034], [29.463103, 46.831047], [29.462923, 46.831013], [29.462562, 46.830896], [29.461608, 46.831556], [29.461302, 46.831764], [29.461063, 46.831927], [29.460828, 46.832076], [29.460278, 46.832444], [29.459946, 46.832656], [29.458713, 46.833388], [29.458366, 46.833613], [29.457762, 46.834005], [29.457066, 46.833743], [29.455774, 46.833257], [29.45565, 46.833207], [29.455049, 46.832965], [29.454397, 46.832704], [29.45374, 46.832469], [29.453454, 46.832363], [29.451279, 46.831793], [29.450899, 46.831691], [29.449869, 46.831416], [29.44962, 46.831349], [29.449692, 46.83116], [29.449483, 46.831102], [29.449413, 46.830798]]}, "properties": {"uid": "w91850356", "kind": "forced_brewery", "distance_km": 8.551, "duration_s": 591}}, {"type": "Feature", "geometry": {"type": "Point", "coordinates": [29.44958, 46.83078]}, "properties": {"uid": "w91850356", "kind": "home", "zone": 4}}, {"type": "Feature", "geometry": {"type": "LineString", "coordinates": [[29.483304, 46.824154], [29.482844, 46.824291], [29.482491, 46.824396], [29.482349, 46.824444], [29.482205, 46.824488], [29.481962, 46.824563], [29.481627, 46.824666], [29.481337, 46.824756], [29.480644, 46.824966], [29.478998, 46.825477], [29.478436, 46.824305], [29.478401, 46.824233], [29.478353, 46.824127], [29.478271, 46.823947], [29.478197, 46.823784], [29.478159, 46.823697], [29.477734, 46.822752], [29.477529, 46.822297], [29.47743, 46.822065], [29.476836, 46.820674], [29.47675, 46.820471], [29.47672, 46.8204], [29.476675, 46.820291], [29.476443, 46.819718], [29.476235, 46.819214], [29.475988, 46.818625], [29.475958, 46.818544], [29.475908, 46.81844], [29.47512, 46.816695], [29.475107, 46.816658], [29.475056, 46.816552], [29.474795, 46.815948], [29.474678, 46.815674], [29.474497, 46.815283], [29.474342, 46.814946], [29.474006, 46.814758], [29.473798, 46.814601], [29.473248, 46.813901], [29.473152, 46.813774], [29.472939, 46.81346], [29.472889, 46.813386], [29.472811, 46.813271], [29.472404, 46.81268], [29.472268, 46.812462], [29.472043, 46.812159], [29.471773, 46.811769], [29.471593, 46.811509], [29.471387, 46.811232], [29.47108, 46.810815], [29.470915, 46.810614], [29.470824, 46.810505], [29.468897, 46.808761], [29.468497, 46.808399], [29.468294, 46.808215], [29.468184, 46.808105], [29.468083, 46.808001], [29.468027, 46.807937], [29.467919, 46.807815], [29.467349, 46.8072], [29.465556, 46.807473], [29.465504, 46.807481], [29.465119, 46.807539], [29.465047, 46.80755], [29.464808, 46.807587], [29.463935, 46.807719], [29.46286, 46.807883], [29.462674, 46.807911], [29.462239, 46.807978], [29.460303, 46.808272], [29.459187, 46.808442], [29.458931, 46.808495], [29.458683, 46.808571], [29.458492, 46.808687], [29.458487, 46.808692], [29.458333, 46.808822], [29.458215, 46.808977], [29.458152, 46.809103], [29.458101, 46.809249], [29.45809, 46.80947], [29.458116, 46.809684], [29.458431, 46.811569], [29.458536, 46.812201], [29.458065, 46.812353], [29.45734, 46.812587], [29.454307, 46.813575], [29.45388, 46.81374], [29.453119, 46.814074], [29.452772, 46.814269], [29.452608, 46.814361], [29.452389, 46.814502], [29.451947, 46.814798], [29.450468, 46.815788], [29.450451, 46.815644]]}, "properties": {"uid": "w353974255", "kind": "fastest", "distance_km": 4.4589, "duration_s": 360.2}}, {"type": "Feature", "geometry": {"type": "LineString", "coordinates": [[29.483304, 46.824154], [29.482844, 46.824291], [29.482491, 46.824396], [29.482349, 46.824444], [29.482205, 46.824488], [29.481962, 46.824563], [29.481627, 46.824666], [29.481337, 46.824756], [29.480644, 46.824966], [29.478998, 46.825477], [29.478436, 46.824305], [29.478401, 46.824233], [29.478353, 46.824127], [29.478271, 46.823947], [29.478197, 46.823784], [29.478159, 46.823697], [29.477734, 46.822752], [29.477529, 46.822297], [29.47743, 46.822065], [29.476836, 46.820674], [29.47675, 46.820471], [29.47672, 46.8204], [29.476675, 46.820291], [29.476443, 46.819718], [29.476235, 46.819214], [29.475988, 46.818625], [29.475958, 46.818544], [29.475908, 46.81844], [29.47512, 46.816695], [29.475107, 46.816658], [29.475056, 46.816552], [29.474795, 46.815948], [29.474678, 46.815674], [29.474497, 46.815283], [29.474342, 46.814946], [29.474006, 46.814758], [29.473798, 46.814601], [29.473248, 46.813901], [29.473152, 46.813774], [29.472939, 46.81346], [29.472889, 46.813386], [29.472811, 46.813271], [29.472404, 46.81268], [29.472268, 46.812462], [29.472043, 46.812159], [29.471773, 46.811769], [29.471593, 46.811509], [29.471387, 46.811232], [29.47108, 46.810815], [29.470915, 46.810614], [29.470824, 46.810505], [29.468897, 46.808761], [29.468497, 46.808399], [29.468294, 46.808215], [29.468184, 46.808105], [29.468083, 46.808001], [29.468027, 46.807937], [29.467919, 46.807815], [29.467349, 46.8072], [29.465556, 46.807473], [29.465504, 46.807481], [29.465119, 46.807539], [29.465047, 46.80755], [29.464808, 46.807587], [29.463935, 46.807719], [29.46286, 46.807883], [29.462674, 46.807911], [29.462239, 46.807978], [29.460303, 46.808272], [29.459187, 46.808442], [29.458931, 46.808495], [29.458683, 46.808571], [29.458492, 46.808687], [29.458487, 46.808692], [29.458333, 46.808822], [29.458215, 46.808977], [29.458152, 46.809103], [29.458101, 46.809249], [29.45809, 46.80947], [29.458116, 46.809684], [29.458431, 46.811569], [29.458536, 46.812201], [29.458065, 46.812353], [29.45734, 46.812587], [29.454307, 46.813575], [29.45388, 46.81374], [29.453119, 46.814074], [29.452772, 46.814269], [29.452608, 46.814361], [29.452389, 46.814502], [29.451947, 46.814798], [29.450468, 46.815788], [29.450451, 46.815644]]}, "properties": {"uid": "w353974255", "kind": "shortest", "distance_km": 4.4589, "duration_s": 360.2}}, {"type": "Feature", "geometry": {"type": "LineString", "coordinates": [[29.483304, 46.824154], [29.483349, 46.824141], [29.483782, 46.824007], [29.483939, 46.823959], [29.484097, 46.823912], [29.484045, 46.823804], [29.483968, 46.82365], [29.483598, 46.822917], [29.483541, 46.822802], [29.483438, 46.822597], [29.483413, 46.822548], [29.483266, 46.822256], [29.483156, 46.822035], [29.482987, 46.821682], [29.482702, 46.821096], [29.482665, 46.821016], [29.482621, 46.820922], [29.481816, 46.819246], [29.481581, 46.818781], [29.481307, 46.818242], [29.480897, 46.817434], [29.480303, 46.816248], [29.479955, 46.815529], [29.479802, 46.815218], [29.479615, 46.814835], [29.479565, 46.81473], [29.479228, 46.814029], [29.479192, 46.813942], [29.479192, 46.813823], [29.479191, 46.813386], [29.479254, 46.813131], [29.479314, 46.812949], [29.479424, 46.812616], [29.479884, 46.811678], [29.480247, 46.810563], [29.480416, 46.809954], [29.480386, 46.809206], [29.480376, 46.808582], [29.480383, 46.808286], [29.480368, 46.805922], [29.480378, 46.805506], [29.480359, 46.804529], [29.480345, 46.804451], [29.48029, 46.804151], [29.479899, 46.803303], [29.479789, 46.803075], [29.479247, 46.801887], [29.479126, 46.801609], [29.479067, 46.801521], [29.478978, 46.80143], [29.478849, 46.801323], [29.478691, 46.80122], [29.478567, 46.801146], [29.478357, 46.80105], [29.477976, 46.80092], [29.477855, 46.800876], [29.477383, 46.800746], [29.477094, 46.800742], [29.476987, 46.800771], [29.476941, 46.800781], [29.47686, 46.80081], [29.47636, 46.801118], [29.47573, 46.801628], [29.475434, 46.801856], [29.474899, 46.802281], [29.474536, 46.802571], [29.474296, 46.802762], [29.473597, 46.803331], [29.473161, 46.803665], [29.472254, 46.804406], [29.471565, 46.804936], [29.471027, 46.80536], [29.470186, 46.806024], [29.469518, 46.806552], [29.468717, 46.807184], [29.468656, 46.807232], [29.467349, 46.8072], [29.465556, 46.807473], [29.465504, 46.807481], [29.465119, 46.807539], [29.465047, 46.80755], [29.464808, 46.807587], [29.463935, 46.807719], [29.46286, 46.807883], [29.462674, 46.807911], [29.462239, 46.807978], [29.460303, 46.808272], [29.459187, 46.808442], [29.458931, 46.808495], [29.458683, 46.808571], [29.458492, 46.808687], [29.458487, 46.808692], [29.458333, 46.808822], [29.458215, 46.808977], [29.458152, 46.809103], [29.458101, 46.809249], [29.45809, 46.80947], [29.458116, 46.809684], [29.458431, 46.811569], [29.458536, 46.812201], [29.458065, 46.812353], [29.45734, 46.812587], [29.454307, 46.813575], [29.45388, 46.81374], [29.453119, 46.814074], [29.452772, 46.814269], [29.452608, 46.814361], [29.452389, 46.814502], [29.451947, 46.814798], [29.450468, 46.815788], [29.450451, 46.815644]]}, "properties": {"uid": "w353974255", "kind": "forced_brewery", "distance_km": 5.749, "duration_s": 410.1}}, {"type": "Feature", "geometry": {"type": "Point", "coordinates": [29.45017, 46.81566]}, "properties": {"uid": "w353974255", "kind": "home", "zone": 3}}, {"type": "Feature", "geometry": {"type": "LineString", "coordinates": [[29.483304, 46.824154], [29.482844, 46.824291], [29.482491, 46.824396], [29.482349, 46.824444], [29.482205, 46.824488], [29.481962, 46.824563], [29.481627, 46.824666], [29.481337, 46.824756], [29.480644, 46.824966], [29.478998, 46.825477], [29.478436, 46.824305], [29.478401, 46.824233], [29.478353, 46.824127], [29.478271, 46.823947], [29.478197, 46.823784], [29.478159, 46.823697], [29.477734, 46.822752], [29.477529, 46.822297], [29.47743, 46.822065], [29.476836, 46.820674], [29.47675, 46.820471], [29.47672, 46.8204], [29.476675, 46.820291], [29.476443, 46.819718], [29.476235, 46.819214], [29.475988, 46.818625], [29.475958, 46.818544], [29.475908, 46.81844], [29.47512, 46.816695], [29.475107, 46.816658], [29.475056, 46.816552], [29.474795, 46.815948], [29.474678, 46.815674], [29.474497, 46.815283], [29.474342, 46.814946], [29.474006, 46.814758], [29.473798, 46.814601], [29.473248, 46.813901], [29.473152, 46.813774], [29.472939, 46.81346], [29.472889, 46.813386], [29.472811, 46.813271], [29.472404, 46.81268], [29.472268, 46.812462], [29.472043, 46.812159], [29.471773, 46.811769], [29.471593, 46.811509], [29.471387, 46.811232], [29.47108, 46.810815], [29.470915, 46.810614], [29.470824, 46.810505], [29.468897, 46.808761], [29.468497, 46.808399], [29.468294, 46.808215], [29.468184, 46.808105], [29.468083, 46.808001], [29.468027, 46.807937], [29.467919, 46.807815], [29.467349, 46.8072], [29.465556, 46.807473], [29.465504, 46.807481], [29.465119, 46.807539], [29.465047, 46.80755], [29.464808, 46.807587], [29.463935, 46.807719], [29.46286, 46.807883], [29.462674, 46.807911], [29.462239, 46.807978], [29.460303, 46.808272], [29.459187, 46.808442], [29.458931, 46.808495], [29.458683, 46.808571], [29.458492, 46.808687], [29.458487, 46.808692], [29.458333, 46.808822], [29.458215, 46.808977], [29.458152, 46.809103], [29.458101, 46.809249], [29.45809, 46.80947], [29.458116, 46.809684], [29.458431, 46.811569], [29.458536, 46.812201], [29.458552, 46.812296], [29.458603, 46.812611], [29.458696, 46.81319], [29.458749, 46.813496], [29.458801, 46.813814], [29.459073, 46.815478], [29.459158, 46.816022], [29.459218, 46.816405], [29.459237, 46.816539], [29.459283, 46.816879], [29.459315, 46.817013], [29.459458, 46.817429], [29.459866, 46.818476], [29.46028, 46.819581], [29.460603, 46.820524], [29.460719, 46.820828], [29.460777, 46.820981], [29.460848, 46.821166], [29.461002, 46.821571], [29.460324, 46.821702], [29.459745, 46.821814], [29.458491, 46.822046], [29.457033, 46.822311], [29.456219, 46.822448], [29.45594, 46.822495], [29.45555, 46.822567], [29.454586, 46.822725], [29.453429, 46.822932], [29.453206, 46.822935], [29.452983, 46.822885], [29.452209, 46.822705], [29.451909, 46.822649], [29.451265, 46.824302], [29.451213, 46.824452], [29.451093, 46.82457], [29.450869, 46.82471], [29.450643, 46.82483], [29.450057, 46.825142], [29.449255, 46.826554], [29.448291, 46.826319], [29.448112, 46.826283]]}, "properties": {"uid": "w352326939", "kind": "fastest", "distance_km": 6.0665, "duration_s": 461.2}}, {"type": "Feature", "geometry": {"type": "LineString", "coordinates": [[29.483304, 46.824154], [29.482844, 46.824291], [29.482491, 46.824396], [29.482349, 46.824444], [29.482205, 46.824488], [29.481962, 46.824563], [29.481627, 46.824666], [29.481337, 46.824756], [29.480644, 46.824966], [29.478998, 46.825477], [29.478436, 46.824305], [29.478401, 46.824233], [29.478353, 46.824127], [29.478271, 46.823947], [29.478197, 46.823784], [29.478159, 46.823697], [29.477734, 46.822752], [29.477529, 46.822297], [29.47743, 46.822065], [29.476836, 46.820674], [29.47675, 46.820471], [29.47672, 46.8204], [29.476675, 46.820291], [29.476443, 46.819718], [29.476235, 46.819214], [29.475988, 46.818625], [29.475958, 46.818544], [29.475908, 46.81844], [29.47512, 46.816695], [29.475107, 46.816658], [29.475056, 46.816552], [29.474795, 46.815948], [29.474678, 46.815674], [29.474497, 46.815283], [29.474342, 46.814946], [29.474006, 46.814758], [29.473798, 46.814601], [29.473248, 46.813901], [29.473152, 46.813774], [29.472939, 46.81346], [29.472889, 46.813386], [29.472811, 46.813271], [29.472404, 46.81268], [29.472268, 46.812462], [29.472043, 46.812159], [29.471773, 46.811769], [29.471593, 46.811509], [29.471387, 46.811232], [29.47108, 46.810815], [29.470915, 46.810614], [29.470824, 46.810505], [29.468897, 46.808761], [29.468497, 46.808399], [29.468294, 46.808215], [29.468184, 46.808105], [29.468083, 46.808001], [29.468027, 46.807937], [29.467919, 46.807815], [29.467349, 46.8072], [29.465556, 46.807473], [29.465504, 46.807481], [29.465119, 46.807539], [29.465047, 46.80755], [29.464808, 46.807587], [29.463935, 46.807719], [29.46286, 46.807883], [29.462674, 46.807911], [29.462239, 46.807978], [29.460303, 46.808272], [29.459187, 46.808442], [29.458931, 46.808495], [29.458683, 46.808571], [29.458492, 46.808687], [29.458487, 46.808692], [29.458333, 46.808822], [29.458215, 46.808977], [29.458152, 46.809103], [29.458101, 46.809249], [29.45809, 46.80947], [29.458116, 46.809684], [29.458431, 46.811569], [29.458536, 46.812201], [29.458552, 46.812296], [29.458603, 46.812611], [29.458696, 46.81319], [29.458749, 46.813496], [29.458801, 46.813814], [29.459073, 46.815478], [29.459158, 46.816022], [29.459218, 46.816405], [29.459237, 46.816539], [29.459283, 46.816879], [29.459315, 46.817013], [29.459458, 46.817429], [29.459866, 46.818476], [29.46028, 46.819581], [29.460603, 46.820524], [29.460719, 46.820828], [29.460777, 46.820981], [29.460848, 46.821166], [29.461002, 46.821571], [29.460324, 46.821702], [29.459745, 46.821814], [29.458491, 46.822046], [29.457033, 46.822311], [29.456219, 46.822448], [29.45594, 46.822495], [29.45555, 46.822567], [29.454586, 46.822725], [29.453429, 46.822932], [29.453206, 46.822935], [29.452983, 46.822885], [29.452209, 46.822705], [29.451909, 46.822649], [29.451265, 46.824302], [29.451213, 46.824452], [29.451093, 46.82457], [29.450869, 46.82471], [29.450643, 46.82483], [29.450057, 46.825142], [29.449255, 46.826554], [29.448291, 46.826319], [29.448112, 46.826283]]}, "properties": {"uid": "w352326939", "kind": "shortest", "distance_km": 6.0665, "duration_s": 461.2}}, {"type": "Feature", "geometry": {"type": "LineString", "coordinates": [[29.483304, 46.824154], [29.483349, 46.824141], [29.483782, 46.824007], [29.483939, 46.823959], [29.484097, 46.823912], [29.484045, 46.823804], [29.483968, 46.82365], [29.483598, 46.822917], [29.483541, 46.822802], [29.483438, 46.822597], [29.483413, 46.822548], [29.483266, 46.822256], [29.483156, 46.822035], [29.482987, 46.821682], [29.482702, 46.821096], [29.482665, 46.821016], [29.482621, 46.820922], [29.481816, 46.819246], [29.481581, 46.818781], [29.481307, 46.818242], [29.480897, 46.817434], [29.480303, 46.816248], [29.479955, 46.815529], [29.479802, 46.815218], [29.479615, 46.814835], [29.479565, 46.81473], [29.479228, 46.814029], [29.479192, 46.813942], [29.479192, 46.813823], [29.479191, 46.813386], [29.479254, 46.813131], [29.479314, 46.812949], [29.479424, 46.812616], [29.479884, 46.811678], [29.480247, 46.810563], [29.480416, 46.809954], [29.480386, 46.809206], [29.480376, 46.808582], [29.480383, 46.808286], [29.480368, 46.805922], [29.480378, 46.805506], [29.480359, 46.804529], [29.480345, 46.804451], [29.48029, 46.804151], [29.479899, 46.803303], [29.479789, 46.803075], [29.479247, 46.801887], [29.479126, 46.801609], [29.479067, 46.801521], [29.478978, 46.80143], [29.478849, 46.801323], [29.478691, 46.80122], [29.478567, 46.801146], [29.478357, 46.80105], [29.477976, 46.80092], [29.477855, 46.800876], [29.477383, 46.800746], [29.477094, 46.800742], [29.476987, 46.800771], [29.476941, 46.800781], [29.47686, 46.80081], [29.47636, 46.801118], [29.47573, 46.801628], [29.475434, 46.801856], [29.474899, 46.802281], [29.474536, 46.802571], [29.474296, 46.802762], [29.473597, 46.803331], [29.473161, 46.803665], [29.472254, 46.804406], [29.471565, 46.804936], [29.471027, 46.80536], [29.470186, 46.806024], [29.469518, 46.806552], [29.468717, 46.807184], [29.468656, 46.807232], [29.467349, 46.8072], [29.465556, 46.807473], [29.465504, 46.807481], [29.465119, 46.807539], [29.465047, 46.80755], [29.464808, 46.807587], [29.463935, 46.807719], [29.46286, 46.807883], [29.462674, 46.807911], [29.462239, 46.807978], [29.460303, 46.808272], [29.459187, 46.808442], [29.458931, 46.808495], [29.458683, 46.808571], [29.458492, 46.808687], [29.458487, 46.808692], [29.458333, 46.808822], [29.458215, 46.808977], [29.458152, 46.809103], [29.458101, 46.809249], [29.45809, 46.80947], [29.458116, 46.809684], [29.458431, 46.811569], [29.458536, 46.812201], [29.458552, 46.812296], [29.458603, 46.812611], [29.458696, 46.81319], [29.458749, 46.813496], [29.458801, 46.813814], [29.459073, 46.815478], [29.459158, 46.816022], [29.459218, 46.816405], [29.459237, 46.816539], [29.459283, 46.816879], [29.459315, 46.817013], [29.459458, 46.817429], [29.459866, 46.818476], [29.46028, 46.819581], [29.460603, 46.820524], [29.460719, 46.820828], [29.460777, 46.820981], [29.460848, 46.821166], [29.461002, 46.821571], [29.460324, 46.821702], [29.459745, 46.821814], [29.458491, 46.822046], [29.457033, 46.822311], [29.456219, 46.822448], [29.45594, 46.822495], [29.45555, 46.822567], [29.454586, 46.822725], [29.453429, 46.822932], [29.453206, 46.822935], [29.452983, 46.822885], [29.452209, 46.822705], [29.451909, 46.822649], [29.451265, 46.824302], [29.451213, 46.824452], [29.451093, 46.82457], [29.450869, 46.82471], [29.450643, 46.82483], [29.450057, 46.825142], [29.449255, 46.826554], [29.448291, 46.826319], [29.448112, 46.826283]]}, "properties": {"uid": "w352326939", "kind": "forced_brewery", "distance_km": 7.3567, "duration_s": 511.1}}, {"type": "Feature", "geometry": {"type": "Point", "coordinates": [29.44816, 46.82617]}, "properties": {"uid": "w352326939", "kind": "home", "zone": 4}}, {"type": "Feature", "geometry": {"type": "LineString", "coordinates": [[29.483304, 46.824154], [29.482844, 46.824291], [29.482491, 46.824396], [29.482349, 46.824444], [29.482205, 46.824488], [29.481962, 46.824563], [29.481627, 46.824666], [29.481337, 46.824756], [29.480644, 46.824966], [29.478998, 46.825477], [29.478436, 46.824305], [29.478401, 46.824233], [29.478353, 46.824127], [29.478271, 46.823947], [29.478197, 46.823784], [29.478159, 46.823697], [29.477734, 46.822752], [29.477529, 46.822297], [29.47743, 46.822065], [29.476836, 46.820674], [29.47675, 46.820471], [29.47672, 46.8204], [29.476675, 46.820291], [29.476443, 46.819718], [29.476235, 46.819214], [29.475988, 46.818625], [29.475958, 46.818544], [29.475908, 46.81844], [29.47512, 46.816695], [29.475107, 46.816658], [29.475056, 46.816552], [29.474795, 46.815948], [29.474678, 46.815674], [29.474497, 46.815283], [29.474342, 46.814946], [29.474006, 46.814758], [29.473798, 46.814601], [29.473248, 46.813901], [29.473152, 46.813774], [29.472939, 46.81346], [29.472889, 46.813386], [29.472811, 46.813271], [29.472404, 46.81268], [29.472268, 46.812462], [29.472043, 46.812159], [29.471773, 46.811769], [29.471593, 46.811509], [29.471387, 46.811232], [29.47108, 46.810815], [29.470915, 46.810614], [29.470824, 46.810505], [29.468897, 46.808761], [29.468497, 46.808399], [29.468294, 46.808215], [29.468184, 46.808105], [29.468083, 46.808001], [29.468027, 46.807937], [29.467919, 46.807815], [29.467349, 46.8072], [29.465556, 46.807473], [29.465504, 46.807481], [29.465119, 46.807539], [29.465047, 46.80755], [29.464808, 46.807587], [29.463935, 46.807719], [29.46286, 46.807883], [29.462674, 46.807911], [29.462239, 46.807978], [29.460303, 46.808272], [29.459187, 46.808442], [29.458931, 46.808495], [29.458683, 46.808571], [29.458492, 46.808687], [29.458487, 46.808692], [29.458333, 46.808822], [29.458215, 46.808977], [29.458152, 46.809103], [29.458101, 46.809249], [29.45809, 46.80947], [29.458116, 46.809684], [29.458431, 46.811569], [29.458536, 46.812201], [29.458552, 46.812296], [29.458603, 46.812611], [29.458696, 46.81319], [29.458749, 46.813496], [29.458801, 46.813814], [29.459073, 46.815478], [29.459158, 46.816022], [29.459218, 46.816405], [29.459237, 46.816539], [29.459283, 46.816879], [29.459315, 46.817013], [29.459458, 46.817429], [29.459866, 46.818476], [29.46028, 46.819581], [29.460603, 46.820524], [29.460719, 46.820828], [29.460777, 46.820981], [29.460848, 46.821166], [29.461002, 46.821571], [29.460324, 46.821702], [29.459745, 46.821814], [29.458491, 46.822046], [29.457033, 46.822311], [29.456219, 46.822448], [29.45594, 46.822495], [29.45555, 46.822567], [29.455469, 46.822836], [29.455345, 46.823259], [29.455281, 46.823479], [29.454948, 46.824466], [29.454905, 46.824594], [29.454889, 46.824643], [29.454576, 46.825576], [29.454338, 46.826275], [29.454255, 46.826525], [29.454153, 46.826863], [29.453882, 46.827771], [29.45386, 46.827837], [29.45346, 46.827701], [29.45306, 46.827696], [29.452639, 46.827896], [29.452432, 46.827989], [29.45172, 46.828306], [29.451574, 46.828372], [29.451399, 46.82845], [29.450751, 46.828739], [29.450252, 46.828962], [29.449857, 46.829122], [29.449658, 46.829143], [29.449527, 46.829125], [29.44944, 46.829103], [29.448881, 46.828959]]}, "properties": {"uid": "w284637187", "kind": "fastest", "distance_km": 6.2271, "duration_s": 467.3}}, {"type": "Feature", "geometry": {"type": "LineString", "coordinates": [[29.483304, 46.824154], [29.482844, 46.824291], [29.482491, 46.824396], [29.482349, 46.824444], [29.482205, 46.824488], [29.481962, 46.824563], [29.481627, 46.824666], [29.481337, 46.824756], [29.480644, 46.824966], [29.478998, 46.825477], [29.478436, 46.824305], [29.478401, 46.824233], [29.478353, 46.824127], [29.478271, 46.823947], [29.478197, 46.823784], [29.478159, 46.823697], [29.477734, 46.822752], [29.477529, 46.822297], [29.47743, 46.822065], [29.476836, 46.820674], [29.47675, 46.820471], [29.47672, 46.8204], [29.476675, 46.820291], [29.476443, 46.819718], [29.476235, 46.819214], [29.475988, 46.818625], [29.475958, 46.818544], [29.475908, 46.81844], [29.47512, 46.816695], [29.475107, 46.816658], [29.475056, 46.816552], [29.474795, 46.815948], [29.474678, 46.815674], [29.474497, 46.815283], [29.474342, 46.814946], [29.474006, 46.814758], [29.473798, 46.814601], [29.473248, 46.813901], [29.473152, 46.813774], [29.472939, 46.81346], [29.472889, 46.813386], [29.472811, 46.813271], [29.472404, 46.81268], [29.472268, 46.812462], [29.472043, 46.812159], [29.471773, 46.811769], [29.471593, 46.811509], [29.471387, 46.811232], [29.47108, 46.810815], [29.470915, 46.810614], [29.470824, 46.810505], [29.468897, 46.808761], [29.468497, 46.808399], [29.468294, 46.808215], [29.468184, 46.808105], [29.468083, 46.808001], [29.468027, 46.807937], [29.467919, 46.807815], [29.467349, 46.8072], [29.465556, 46.807473], [29.465504, 46.807481], [29.465119, 46.807539], [29.465047, 46.80755], [29.464808, 46.807587], [29.463935, 46.807719], [29.46286, 46.807883], [29.462674, 46.807911], [29.462239, 46.807978], [29.460303, 46.808272], [29.459187, 46.808442], [29.458931, 46.808495], [29.458683, 46.808571], [29.458492, 46.808687], [29.458487, 46.808692], [29.458333, 46.808822], [29.458215, 46.808977], [29.458152, 46.809103], [29.458101, 46.809249], [29.45809, 46.80947], [29.458116, 46.809684], [29.458431, 46.811569], [29.458536, 46.812201], [29.458552, 46.812296], [29.458603, 46.812611], [29.458696, 46.81319], [29.458749, 46.813496], [29.458801, 46.813814], [29.459073, 46.815478], [29.459158, 46.816022], [29.459218, 46.816405], [29.459237, 46.816539], [29.459283, 46.816879], [29.459315, 46.817013], [29.459458, 46.817429], [29.459866, 46.818476], [29.46028, 46.819581], [29.460603, 46.820524], [29.460719, 46.820828], [29.460777, 46.820981], [29.460848, 46.821166], [29.461002, 46.821571], [29.460324, 46.821702], [29.459745, 46.821814], [29.458491, 46.822046], [29.457033, 46.822311], [29.456219, 46.822448], [29.45594, 46.822495], [29.45555, 46.822567], [29.455469, 46.822836], [29.455345, 46.823259], [29.455281, 46.823479], [29.454948, 46.824466], [29.454905, 46.824594], [29.454889, 46.824643], [29.454576, 46.825576], [29.454338, 46.826275], [29.454255, 46.826525], [29.454153, 46.826863], [29.453882, 46.827771], [29.45386, 46.827837], [29.45346, 46.827701], [29.45306, 46.827696], [29.452639, 46.827896], [29.452432, 46.827989], [29.45172, 46.828306], [29.451574, 46.828372], [29.451399, 46.82845], [29.450751, 46.828739], [29.450252, 46.828962], [29.449857, 46.829122], [29.449658, 46.829143], [29.449527, 46.829125], [29.44944, 46.829103], [29.448881, 46.828959]]}, "properties": {"uid": "w284637187", "kind": "shortest", "distance_km": 6.2271, "duration_s": 467.3}}, {"type": "Feature", "geometry": {"type": "LineString", "coordinates": [[29.483304, 46.824154], [29.483349, 46.824141], [29.483782, 46.824007], [29.483939, 46.823959], [29.484097, 46.823912], [29.484045, 46.823804], [29.483968, 46.82365], [29.483598, 46.822917], [29.483541, 46.822802], [29.483438, 46.822597], [29.483413, 46.822548], [29.483266, 46.822256], [29.483156, 46.822035], [29.482987, 46.821682], [29.482702, 46.821096], [29.482665, 46.821016], [29.482621, 46.820922], [29.481816, 46.819246], [29.481581, 46.818781], [29.481307, 46.818242], [29.480897, 46.817434], [29.480303, 46.816248], [29.479955, 46.815529], [29.479802, 46.815218], [29.479615, 46.814835], [29.479565, 46.81473], [29.479228, 46.814029], [29.479192, 46.813942], [29.479192, 46.813823], [29.479191, 46.813386], [29.479254, 46.813131], [29.479314, 46.812949], [29.479424, 46.812616], [29.479884, 46.811678], [29.480247, 46.810563], [29.480416, 46.809954], [29.480386, 46.809206], [29.480376, 46.808582], [29.480383, 46.808286], [29.480368, 46.805922], [29.480378, 46.805506], [29.480359, 46.804529], [29.480345, 46.804451], [29.48029, 46.804151], [29.479899, 46.803303], [29.479789, 46.803075], [29.479247, 46.801887], [29.479126, 46.801609], [29.479067, 46.801521], [29.478978, 46.80143], [29.478849, 46.801323], [29.478691, 46.80122], [29.478567, 46.801146], [29.478357, 46.80105], [29.477976, 46.80092], [29.477855, 46.800876], [29.477383, 46.800746], [29.477094, 46.800742], [29.476987, 46.800771], [29.476941, 46.800781], [29.47686, 46.80081], [29.47636, 46.801118], [29.47573, 46.801628], [29.475434, 46.801856], [29.474899, 46.802281], [29.474536, 46.802571], [29.474296, 46.802762], [29.473597, 46.803331], [29.473161, 46.803665], [29.472254, 46.804406], [29.471565, 46.804936], [29.471027, 46.80536], [29.470186, 46.806024], [29.469518, 46.806552], [29.468717, 46.807184], [29.468656, 46.807232], [29.467349, 46.8072], [29.465556, 46.807473], [29.465504, 46.807481], [29.465119, 46.807539], [29.465047, 46.80755], [29.464808, 46.807587], [29.463935, 46.807719], [29.46286, 46.807883], [29.462674, 46.807911], [29.462239, 46.807978], [29.460303, 46.808272], [29.459187, 46.808442], [29.458931, 46.808495], [29.458683, 46.808571], [29.458492, 46.808687], [29.458487, 46.808692], [29.458333, 46.808822], [29.458215, 46.808977], [29.458152, 46.809103], [29.458101, 46.809249], [29.45809, 46.80947], [29.458116, 46.809684], [29.458431, 46.811569], [29.458536, 46.812201], [29.458552, 46.812296], [29.458603, 46.812611], [29.458696, 46.81319], [29.458749, 46.813496], [29.458801, 46.813814], [29.459073, 46.815478], [29.459158, 46.816022], [29.459218, 46.816405], [29.459237, 46.816539], [29.459283, 46.816879], [29.459315, 46.817013], [29.459458, 46.817429], [29.459866, 46.818476], [29.46028, 46.819581], [29.460603, 46.820524], [29.460719, 46.820828], [29.460777, 46.820981], [29.460848, 46.821166], [29.461002, 46.821571], [29.460324, 46.821702], [29.459745, 46.821814], [29.458491, 46.822046], [29.457033, 46.822311], [29.456219, 46.822448], [29.45594, 46.822495], [29.45555, 46.822567], [29.455469, 46.822836], [29.455345, 46.823259], [29.455281, 46.823479], [29.454948, 46.824466], [29.454905, 46.824594], [29.454889, 46.824643], [29.454576, 46.825576], [29.454338, 46.826275], [29.454255, 46.826525], [29.454153, 46.826863], [29.453882, 46.827771], [29.45386, 46.827837], [29.45346, 46.827701], [29.45306, 46.827696], [29.452639, 46.827896], [29.452432, 46.827989], [29.45172, 46.828306], [29.451574, 46.828372], [29.451399, 46.82845], [29.450751, 46.828739], [29.450252, 46.828962], [29.449857, 46.829122], [29.449658, 46.829143], [29.449527, 46.829125], [29.44944, 46.829103], [29.448881, 46.828959]]}, "properties": {"uid": "w284637187", "kind": "forced_brewery", "distance_km": 7.5172, "duration_s": 517.2}}, {"type": "Feature", "geometry": {"type": "Point", "coordinates": [29.44882, 46.82907]}, "properties": {"uid": "w284637187", "kind": "home", "zone": 4}}, {"type": "Feature", "geometry": {"type": "LineString", "coordinates": [[29.483304, 46.824154], [29.482844, 46.824291], [29.482491, 46.824396], [29.482349, 46.824444], [29.482205, 46.824488], [29.481962, 46.824563], [29.481627, 46.824666], [29.481337, 46.824756], [29.480644, 46.824966], [29.478998, 46.825477], [29.478436, 46.824305], [29.478401, 46.824233], [29.478353, 46.824127], [29.478271, 46.823947], [29.478197, 46.823784], [29.478159, 46.823697], [29.477734, 46.822752], [29.477529, 46.822297], [29.47743, 46.822065], [29.476836, 46.820674], [29.47675, 46.820471], [29.47672, 46.8204], [29.476675, 46.820291], [29.476443, 46.819718], [29.476235, 46.819214], [29.475988, 46.818625], [29.475958, 46.818544], [29.475908, 46.81844], [29.47512, 46.816695], [29.475107, 46.816658], [29.475056, 46.816552], [29.474795, 46.815948], [29.474678, 46.815674], [29.474497, 46.815283], [29.474342, 46.814946], [29.474006, 46.814758], [29.473798, 46.814601], [29.473248, 46.813901], [29.473152, 46.813774], [29.472939, 46.81346], [29.472889, 46.813386], [29.472811, 46.813271], [29.472404, 46.81268], [29.472268, 46.812462], [29.472043, 46.812159], [29.471773, 46.811769], [29.471593, 46.811509], [29.471387, 46.811232], [29.47108, 46.810815], [29.470915, 46.810614], [29.470824, 46.810505], [29.468897, 46.808761], [29.468497, 46.808399], [29.468294, 46.808215], [29.468184, 46.808105], [29.468083, 46.808001], [29.468027, 46.807937], [29.467919, 46.807815], [29.467349, 46.8072], [29.465556, 46.807473], [29.465504, 46.807481], [29.465119, 46.807539], [29.465047, 46.80755], [29.464808, 46.807587], [29.463935, 46.807719], [29.46286, 46.807883], [29.462674, 46.807911], [29.462239, 46.807978], [29.460303, 46.808272], [29.459187, 46.808442], [29.458931, 46.808495], [29.458683, 46.808571], [29.458492, 46.808687], [29.458487, 46.808692], [29.458333, 46.808822], [29.458215, 46.808977], [29.458152, 46.809103], [29.458101, 46.809249], [29.45809, 46.80947], [29.458116, 46.809684], [29.458431, 46.811569], [29.458536, 46.812201], [29.458065, 46.812353], [29.45734, 46.812587], [29.454307, 46.813575], [29.45388, 46.81374], [29.453119, 46.814074], [29.452772, 46.814269], [29.452608, 46.814361], [29.452389, 46.814502], [29.451732, 46.813991], [29.450407, 46.814826]]}, "properties": {"uid": "n2337992799", "kind": "fastest", "distance_km": 4.4511, "duration_s": 366.8}}, {"type": "Feature", "geometry": {"type": "LineString", "coordinates": [[29.483304, 46.824154], [29.482844, 46.824291], [29.482491, 46.824396], [29.482349, 46.824444], [29.482205, 46.824488], [29.481962, 46.824563], [29.481627, 46.824666], [29.481337, 46.824756], [29.480644, 46.824966], [29.478998, 46.825477], [29.478436, 46.824305], [29.478401, 46.824233], [29.478353, 46.824127], [29.478271, 46.823947], [29.478197, 46.823784], [29.478159, 46.823697], [29.477734, 46.822752], [29.477529, 46.822297], [29.47743, 46.822065], [29.476836, 46.820674], [29.47675, 46.820471], [29.47672, 46.8204], [29.476675, 46.820291], [29.476443, 46.819718], [29.476235, 46.819214], [29.475988, 46.818625], [29.475958, 46.818544], [29.475908, 46.81844], [29.47512, 46.816695], [29.475107, 46.816658], [29.475056, 46.816552], [29.474795, 46.815948], [29.474678, 46.815674], [29.474497, 46.815283], [29.474342, 46.814946], [29.474006, 46.814758], [29.473798, 46.814601], [29.473248, 46.813901], [29.473152, 46.813774], [29.472939, 46.81346], [29.472889, 46.813386], [29.472811, 46.813271], [29.472404, 46.81268], [29.472268, 46.812462], [29.472043, 46.812159], [29.471773, 46.811769], [29.471593, 46.811509], [29.471387, 46.811232], [29.47108, 46.810815], [29.470915, 46.810614], [29.470824, 46.810505], [29.468897, 46.808761], [29.468497, 46.808399], [29.468294, 46.808215], [29.468184, 46.808105], [29.468083, 46.808001], [29.468027, 46.807937], [29.467919, 46.807815], [29.467349, 46.8072], [29.465556, 46.807473], [29.465504, 46.807481], [29.465119, 46.807539], [29.465047, 46.80755], [29.464808, 46.807587], [29.463935, 46.807719], [29.46286, 46.807883], [29.462674, 46.807911], [29.462239, 46.807978], [29.460303, 46.808272], [29.459187, 46.808442], [29.458931, 46.808495], [29.458683, 46.808571], [29.458492, 46.808687], [29.458487, 46.808692], [29.458333, 46.808822], [29.458215, 46.808977], [29.458152, 46.809103], [29.458101, 46.809249], [29.45809, 46.80947], [29.458116, 46.809684], [29.458431, 46.811569], [29.458536, 46.812201], [29.458065, 46.812353], [29.45734, 46.812587], [29.454307, 46.813575], [29.45388, 46.81374], [29.453119, 46.814074], [29.452772, 46.814269], [29.452608, 46.814361], [29.452389, 46.814502], [29.451732, 46.813991], [29.450407, 46.814826]]}, "properties": {"uid": "n2337992799", "kind": "shortest", "distance_km": 4.4511, "duration_s": 366.8}}, {"type": "Feature", "geometry": {"type": "LineString", "coordinates": [[29.483304, 46.824154], [29.483349, 46.824141], [29.483782, 46.824007], [29.483939, 46.823959], [29.484097, 46.823912], [29.484045, 46.823804], [29.483968, 46.82365], [29.483598, 46.822917], [29.483541, 46.822802], [29.483438, 46.822597], [29.483413, 46.822548], [29.483266, 46.822256], [29.483156, 46.822035], [29.482987, 46.821682], [29.482702, 46.821096], [29.482665, 46.821016], [29.482621, 46.820922], [29.481816, 46.819246], [29.481581, 46.818781], [29.481307, 46.818242], [29.480897, 46.817434], [29.480303, 46.816248], [29.479955, 46.815529], [29.479802, 46.815218], [29.479615, 46.814835], [29.479565, 46.81473], [29.479228, 46.814029], [29.479192, 46.813942], [29.479192, 46.813823], [29.479191, 46.813386], [29.479254, 46.813131], [29.479314, 46.812949], [29.479424, 46.812616], [29.479884, 46.811678], [29.480247, 46.810563], [29.480416, 46.809954], [29.480386, 46.809206], [29.480376, 46.808582], [29.480383, 46.808286], [29.480368, 46.805922], [29.480378, 46.805506], [29.480359, 46.804529], [29.480345, 46.804451], [29.48029, 46.804151], [29.479899, 46.803303], [29.479789, 46.803075], [29.479247, 46.801887], [29.479126, 46.801609], [29.479067, 46.801521], [29.478978, 46.80143], [29.478849, 46.801323], [29.478691, 46.80122], [29.478567, 46.801146], [29.478357, 46.80105], [29.477976, 46.80092], [29.477855, 46.800876], [29.477383, 46.800746], [29.477094, 46.800742], [29.476987, 46.800771], [29.476941, 46.800781], [29.47686, 46.80081], [29.47636, 46.801118], [29.47573, 46.801628], [29.475434, 46.801856], [29.474899, 46.802281], [29.474536, 46.802571], [29.474296, 46.802762], [29.473597, 46.803331], [29.473161, 46.803665], [29.472254, 46.804406], [29.471565, 46.804936], [29.471027, 46.80536], [29.470186, 46.806024], [29.469518, 46.806552], [29.468717, 46.807184], [29.468656, 46.807232], [29.467349, 46.8072], [29.465556, 46.807473], [29.465504, 46.807481], [29.465119, 46.807539], [29.465047, 46.80755], [29.464808, 46.807587], [29.463935, 46.807719], [29.46286, 46.807883], [29.462674, 46.807911], [29.462239, 46.807978], [29.460303, 46.808272], [29.459187, 46.808442], [29.458931, 46.808495], [29.458683, 46.808571], [29.458492, 46.808687], [29.458487, 46.808692], [29.458333, 46.808822], [29.458215, 46.808977], [29.458152, 46.809103], [29.458101, 46.809249], [29.45809, 46.80947], [29.458116, 46.809684], [29.458431, 46.811569], [29.458536, 46.812201], [29.458065, 46.812353], [29.45734, 46.812587], [29.454307, 46.813575], [29.45388, 46.81374], [29.453119, 46.814074], [29.452772, 46.814269], [29.452608, 46.814361], [29.452389, 46.814502], [29.451732, 46.813991], [29.450407, 46.814826]]}, "properties": {"uid": "n2337992799", "kind": "forced_brewery", "distance_km": 5.7412, "duration_s": 416.7}}, {"type": "Feature", "geometry": {"type": "Point", "coordinates": [29.45048, 46.81488]}, "properties": {"uid": "n2337992799", "kind": "home", "zone": 3}}, {"type": "Feature", "geometry": {"type": "LineString", "coordinates": [[29.483304, 46.824154], [29.482844, 46.824291], [29.482491, 46.824396], [29.482349, 46.824444], [29.482205, 46.824488], [29.481962, 46.824563], [29.481627, 46.824666], [29.481337, 46.824756], [29.480644, 46.824966], [29.478998, 46.825477], [29.478436, 46.824305], [29.478401, 46.824233], [29.478353, 46.824127], [29.478271, 46.823947], [29.478197, 46.823784], [29.478159, 46.823697], [29.477734, 46.822752], [29.477529, 46.822297], [29.47743, 46.822065], [29.476836, 46.820674], [29.47675, 46.820471], [29.47672, 46.8204], [29.476675, 46.820291], [29.476443, 46.819718], [29.476235, 46.819214], [29.475988, 46.818625], [29.475958, 46.818544], [29.475908, 46.81844], [29.47512, 46.816695], [29.475107, 46.816658], [29.475056, 46.816552], [29.474795, 46.815948], [29.474678, 46.815674], [29.474497, 46.815283], [29.474342, 46.814946], [29.474006, 46.814758], [29.473798, 46.814601], [29.473248, 46.813901], [29.473152, 46.813774], [29.472939, 46.81346], [29.472889, 46.813386], [29.472811, 46.813271], [29.472404, 46.81268], [29.472268, 46.812462], [29.472043, 46.812159], [29.471773, 46.811769], [29.471593, 46.811509], [29.471387, 46.811232], [29.47108, 46.810815], [29.470915, 46.810614], [29.470824, 46.810505], [29.468897, 46.808761], [29.468497, 46.808399], [29.468294, 46.808215], [29.468184, 46.808105], [29.468083, 46.808001], [29.468027, 46.807937], [29.467919, 46.807815], [29.467349, 46.8072], [29.465556, 46.807473], [29.465504, 46.807481], [29.465119, 46.807539], [29.465047, 46.80755], [29.464808, 46.807587], [29.463935, 46.807719], [29.46286, 46.807883], [29.462674, 46.807911], [29.462239, 46.807978], [29.460303, 46.808272], [29.459187, 46.808442], [29.458931, 46.808495], [29.458683, 46.808571], [29.458492, 46.808687], [29.458487, 46.808692], [29.458333, 46.808822], [29.458215, 46.808977], [29.458152, 46.809103], [29.458101, 46.809249], [29.45809, 46.80947], [29.458116, 46.809684], [29.458431, 46.811569], [29.458536, 46.812201], [29.458065, 46.812353], [29.45734, 46.812587], [29.454307, 46.813575], [29.45388, 46.81374], [29.453119, 46.814074], [29.452772, 46.814269], [29.452608, 46.814361], [29.452389, 46.814502], [29.451947, 46.814798], [29.450468, 46.815788], [29.450437, 46.815527], [29.450306, 46.815316], [29.450255, 46.815257]]}, "properties": {"uid": "w353974419", "kind": "fastest", "distance_km": 4.505, "duration_s": 366.9}}, {"type": "Feature", "geometry": {"type": "LineString", "coordinates": [[29.483304, 46.824154], [29.482844, 46.824291], [29.482491, 46.824396], [29.482349, 46.824444], [29.482205, 46.824488], [29.481962, 46.824563], [29.481627, 46.824666], [29.481337, 46.824756], [29.480644, 46.824966], [29.478998, 46.825477], [29.478436, 46.824305], [29.478401, 46.824233], [29.478353, 46.824127], [29.478271, 46.823947], [29.478197, 46.823784], [29.478159, 46.823697], [29.477734, 46.822752], [29.477529, 46.822297], [29.47743, 46.822065], [29.476836, 46.820674], [29.47675, 46.820471], [29.47672, 46.8204], [29.476675, 46.820291], [29.476443, 46.819718], [29.476235, 46.819214], [29.475988, 46.818625], [29.475958, 46.818544], [29.475908, 46.81844], [29.47512, 46.816695], [29.475107, 46.816658], [29.475056, 46.816552], [29.474795, 46.815948], [29.474678, 46.815674], [29.474497, 46.815283], [29.474342, 46.814946], [29.474006, 46.814758], [29.473798, 46.814601], [29.473248, 46.813901], [29.473152, 46.813774], [29.472939, 46.81346], [29.472889, 46.813386], [29.472811, 46.813271], [29.472404, 46.81268], [29.472268, 46.812462], [29.472043, 46.812159], [29.471773, 46.811769], [29.471593, 46.811509], [29.471387, 46.811232], [29.47108, 46.810815], [29.470915, 46.810614], [29.470824, 46.810505], [29.468897, 46.808761], [29.468497, 46.808399], [29.468294, 46.808215], [29.468184, 46.808105], [29.468083, 46.808001], [29.468027, 46.807937], [29.467919, 46.807815], [29.467349, 46.8072], [29.465556, 46.807473], [29.465504, 46.807481], [29.465119, 46.807539], [29.465047, 46.80755], [29.464808, 46.807587], [29.463935, 46.807719], [29.46286, 46.807883], [29.462674, 46.807911], [29.462239, 46.807978], [29.460303, 46.808272], [29.459187, 46.808442], [29.458931, 46.808495], [29.458683, 46.808571], [29.458492, 46.808687], [29.458487, 46.808692], [29.458333, 46.808822], [29.458215, 46.808977], [29.458152, 46.809103], [29.458101, 46.809249], [29.45809, 46.80947], [29.458116, 46.809684], [29.458431, 46.811569], [29.458536, 46.812201], [29.458065, 46.812353], [29.45734, 46.812587], [29.454307, 46.813575], [29.45388, 46.81374], [29.453119, 46.814074], [29.452772, 46.814269], [29.452608, 46.814361], [29.452389, 46.814502], [29.451947, 46.814798], [29.450468, 46.815788], [29.450437, 46.815527], [29.450306, 46.815316], [29.450255, 46.815257]]}, "properties": {"uid": "w353974419", "kind": "shortest", "distance_km": 4.505, "duration_s": 366.9}}, {"type": "Feature", "geometry": {"type": "LineString", "coordinates": [[29.483304, 46.824154], [29.483349, 46.824141], [29.483782, 46.824007], [29.483939, 46.823959], [29.484097, 46.823912], [29.484045, 46.823804], [29.483968, 46.82365], [29.483598, 46.822917], [29.483541, 46.822802], [29.483438, 46.822597], [29.483413, 46.822548], [29.483266, 46.822256], [29.483156, 46.822035], [29.482987, 46.821682], [29.482702, 46.821096], [29.482665, 46.821016], [29.482621, 46.820922], [29.481816, 46.819246], [29.481581, 46.818781], [29.481307, 46.818242], [29.480897, 46.817434], [29.480303, 46.816248], [29.479955, 46.815529], [29.479802, 46.815218], [29.479615, 46.814835], [29.479565, 46.81473], [29.479228, 46.814029], [29.479192, 46.813942], [29.479192, 46.813823], [29.479191, 46.813386], [29.479254, 46.813131], [29.479314, 46.812949], [29.479424, 46.812616], [29.479884, 46.811678], [29.480247, 46.810563], [29.480416, 46.809954], [29.480386, 46.809206], [29.480376, 46.808582], [29.480383, 46.808286], [29.480368, 46.805922], [29.480378, 46.805506], [29.480359, 46.804529], [29.480345, 46.804451], [29.48029, 46.804151], [29.479899, 46.803303], [29.479789, 46.803075], [29.479247, 46.801887], [29.479126, 46.801609], [29.479067, 46.801521], [29.478978, 46.80143], [29.478849, 46.801323], [29.478691, 46.80122], [29.478567, 46.801146], [29.478357, 46.80105], [29.477976, 46.80092], [29.477855, 46.800876], [29.477383, 46.800746], [29.477094, 46.800742], [29.476987, 46.800771], [29.476941, 46.800781], [29.47686, 46.80081], [29.47636, 46.801118], [29.47573, 46.801628], [29.475434, 46.801856], [29.474899, 46.802281], [29.474536, 46.802571], [29.474296, 46.802762], [29.473597, 46.803331], [29.473161, 46.803665], [29.472254, 46.804406], [29.471565, 46.804936], [29.471027, 46.80536], [29.470186, 46.806024], [29.469518, 46.806552], [29.468717, 46.807184], [29.468656, 46.807232], [29.467349, 46.8072], [29.465556, 46.807473], [29.465504, 46.807481], [29.465119, 46.807539], [29.465047, 46.80755], [29.464808, 46.807587], [29.463935, 46.807719], [29.46286, 46.807883], [29.462674, 46.807911], [29.462239, 46.807978], [29.460303, 46.808272], [29.459187, 46.808442], [29.458931, 46.808495], [29.458683, 46.808571], [29.458492, 46.808687], [29.458487, 46.808692], [29.458333, 46.808822], [29.458215, 46.808977], [29.458152, 46.809103], [29.458101, 46.809249], [29.45809, 46.80947], [29.458116, 46.809684], [29.458431, 46.811569], [29.458536, 46.812201], [29.458065, 46.812353], [29.45734, 46.812587], [29.454307, 46.813575], [29.45388, 46.81374], [29.453119, 46.814074], [29.452772, 46.814269], [29.452608, 46.814361], [29.452389, 46.814502], [29.451947, 46.814798], [29.450468, 46.815788], [29.450437, 46.815527], [29.450306, 46.815316], [29.450255, 46.815257]]}, "properties": {"uid": "w353974419", "kind": "forced_brewery", "distance_km": 5.7952, "duration_s": 416.8}}, {"type": "Feature", "geometry": {"type": "Point", "coordinates": [29.45005, 46.81534]}, "properties": {"uid": "w353974419", "kind": "home", "zone": 3}}, {"type": "Feature", "geometry": {"type": "LineString", "coordinates": [[29.483304, 46.824154], [29.482844, 46.824291], [29.482491, 46.824396], [29.482349, 46.824444], [29.482205, 46.824488], [29.481962, 46.824563], [29.481627, 46.824666], [29.481337, 46.824756], [29.480644, 46.824966], [29.478998, 46.825477], [29.478436, 46.824305], [29.478401, 46.824233], [29.478353, 46.824127], [29.478271, 46.823947], [29.478197, 46.823784], [29.478159, 46.823697], [29.477734, 46.822752], [29.477529, 46.822297], [29.47743, 46.822065], [29.476836, 46.820674], [29.47675, 46.820471], [29.47672, 46.8204], [29.476675, 46.820291], [29.476443, 46.819718], [29.476235, 46.819214], [29.475988, 46.818625], [29.475958, 46.818544], [29.475908, 46.81844], [29.47512, 46.816695], [29.475107, 46.816658], [29.475056, 46.816552], [29.474795, 46.815948], [29.474678, 46.815674], [29.474497, 46.815283], [29.474342, 46.814946], [29.474006, 46.814758], [29.473798, 46.814601], [29.473248, 46.813901], [29.473152, 46.813774], [29.472939, 46.81346], [29.472889, 46.813386], [29.472811, 46.813271], [29.472404, 46.81268], [29.472268, 46.812462], [29.472043, 46.812159], [29.471773, 46.811769], [29.471593, 46.811509], [29.471387, 46.811232], [29.47108, 46.810815], [29.470915, 46.810614], [29.470824, 46.810505], [29.468897, 46.808761], [29.468497, 46.808399], [29.468294, 46.808215], [29.468184, 46.808105], [29.468083, 46.808001], [29.468027, 46.807937], [29.467919, 46.807815], [29.467349, 46.8072], [29.465556, 46.807473], [29.465504, 46.807481], [29.465119, 46.807539], [29.465047, 46.80755], [29.464808, 46.807587], [29.463935, 46.807719], [29.46286, 46.807883], [29.462674, 46.807911], [29.462239, 46.807978], [29.460303, 46.808272], [29.459187, 46.808442], [29.458931, 46.808495], [29.458683, 46.808571], [29.458492, 46.808687], [29.458487, 46.808692], [29.458333, 46.808822], [29.458215, 46.808977], [29.458152, 46.809103], [29.458101, 46.809249], [29.45809, 46.80947], [29.458116, 46.809684], [29.458431, 46.811569], [29.458536, 46.812201], [29.458552, 46.812296], [29.458603, 46.812611], [29.458696, 46.81319], [29.458749, 46.813496], [29.458801, 46.813814], [29.459073, 46.815478], [29.459158, 46.816022], [29.459218, 46.816405], [29.459237, 46.816539], [29.459283, 46.816879], [29.459315, 46.817013], [29.459458, 46.817429], [29.459866, 46.818476], [29.46028, 46.819581], [29.460603, 46.820524], [29.460719, 46.820828], [29.460777, 46.820981], [29.460848, 46.821166], [29.461002, 46.821571], [29.460324, 46.821702], [29.459745, 46.821814], [29.458491, 46.822046], [29.457033, 46.822311], [29.456219, 46.822448], [29.45594, 46.822495], [29.45555, 46.822567], [29.455469, 46.822836], [29.455345, 46.823259], [29.455281, 46.823479], [29.454948, 46.824466], [29.454905, 46.824594], [29.454889, 46.824643], [29.454576, 46.825576], [29.454338, 46.826275], [29.454255, 46.826525], [29.454153, 46.826863], [29.453882, 46.827771], [29.45386, 46.827837], [29.45346, 46.827701], [29.45306, 46.827696], [29.452639, 46.827896], [29.452432, 46.827989], [29.45172, 46.828306], [29.451574, 46.828372], [29.451399, 46.82845], [29.450751, 46.828739], [29.450252, 46.828962], [29.449857, 46.829122], [29.449658, 46.829143], [29.449527, 46.829125], [29.44944, 46.829103], [29.448575, 46.828881], [29.448466, 46.828901], [29.448356, 46.829113], [29.44823, 46.829225], [29.448168, 46.829362]]}, "properties": {"uid": "w284637197", "kind": "fastest", "distance_km": 6.3173, "duration_s": 485.9}}, {"type": "Feature", "geometry": {"type": "LineString", "coordinates": [[29.483304, 46.824154], [29.482844, 46.824291], [29.482491, 46.824396], [29.482349, 46.824444], [29.482205, 46.824488], [29.481962, 46.824563], [29.481627, 46.824666], [29.481337, 46.824756], [29.480644, 46.824966], [29.478998, 46.825477], [29.478436, 46.824305], [29.478401, 46.824233], [29.478353, 46.824127], [29.478271, 46.823947], [29.478197, 46.823784], [29.478159, 46.823697], [29.477734, 46.822752], [29.477529, 46.822297], [29.47743, 46.822065], [29.476836, 46.820674], [29.47675, 46.820471], [29.47672, 46.8204], [29.476675, 46.820291], [29.476443, 46.819718], [29.476235, 46.819214], [29.475988, 46.818625], [29.475958, 46.818544], [29.475908, 46.81844], [29.47512, 46.816695], [29.475107, 46.816658], [29.475056, 46.816552], [29.474795, 46.815948], [29.474678, 46.815674], [29.474497, 46.815283], [29.474342, 46.814946], [29.474006, 46.814758], [29.473798, 46.814601], [29.473248, 46.813901], [29.473152, 46.813774], [29.472939, 46.81346], [29.472889, 46.813386], [29.472811, 46.813271], [29.472404, 46.81268], [29.472268, 46.812462], [29.472043, 46.812159], [29.471773, 46.811769], [29.471593, 46.811509], [29.471387, 46.811232], [29.47108, 46.810815], [29.470915, 46.810614], [29.470824, 46.810505], [29.468897, 46.808761], [29.468497, 46.808399], [29.468294, 46.808215], [29.468184, 46.808105], [29.468083, 46.808001], [29.468027, 46.807937], [29.467919, 46.807815], [29.467349, 46.8072], [29.465556, 46.807473], [29.465504, 46.807481], [29.465119, 46.807539], [29.465047, 46.80755], [29.464808, 46.807587], [29.463935, 46.807719], [29.46286, 46.807883], [29.462674, 46.807911], [29.462239, 46.807978], [29.460303, 46.808272], [29.459187, 46.808442], [29.458931, 46.808495], [29.458683, 46.808571], [29.458492, 46.808687], [29.458487, 46.808692], [29.458333, 46.808822], [29.458215, 46.808977], [29.458152, 46.809103], [29.458101, 46.809249], [29.45809, 46.80947], [29.458116, 46.809684], [29.458431, 46.811569], [29.458536, 46.812201], [29.458552, 46.812296], [29.458603, 46.812611], [29.458696, 46.81319], [29.458749, 46.813496], [29.458801, 46.813814], [29.459073, 46.815478], [29.459158, 46.816022], [29.459218, 46.816405], [29.459237, 46.816539], [29.459283, 46.816879], [29.459315, 46.817013], [29.459458, 46.817429], [29.459866, 46.818476], [29.46028, 46.819581], [29.460603, 46.820524], [29.460719, 46.820828], [29.460777, 46.820981], [29.460848, 46.821166], [29.461002, 46.821571], [29.460324, 46.821702], [29.459745, 46.821814], [29.458491, 46.822046], [29.457033, 46.822311], [29.456219, 46.822448], [29.45594, 46.822495], [29.45555, 46.822567], [29.455469, 46.822836], [29.455345, 46.823259], [29.455281, 46.823479], [29.454948, 46.824466], [29.454905, 46.824594], [29.454889, 46.824643], [29.454576, 46.825576], [29.454338, 46.826275], [29.454255, 46.826525], [29.454153, 46.826863], [29.453882, 46.827771], [29.45386, 46.827837], [29.45346, 46.827701], [29.45306, 46.827696], [29.452639, 46.827896], [29.452432, 46.827989], [29.45172, 46.828306], [29.451574, 46.828372], [29.451399, 46.82845], [29.450751, 46.828739], [29.450252, 46.828962], [29.449857, 46.829122], [29.449658, 46.829143], [29.449527, 46.829125], [29.44944, 46.829103], [29.448575, 46.828881], [29.448466, 46.828901], [29.448356, 46.829113], [29.44823, 46.829225], [29.448168, 46.829362]]}, "properties": {"uid": "w284637197", "kind": "shortest", "distance_km": 6.3173, "duration_s": 485.9}}, {"type": "Feature", "geometry": {"type": "LineString", "coordinates": [[29.483304, 46.824154], [29.483349, 46.824141], [29.483782, 46.824007], [29.483939, 46.823959], [29.484097, 46.823912], [29.484045, 46.823804], [29.483968, 46.82365], [29.483598, 46.822917], [29.483541, 46.822802], [29.483438, 46.822597], [29.483413, 46.822548], [29.483266, 46.822256], [29.483156, 46.822035], [29.482987, 46.821682], [29.482702, 46.821096], [29.482665, 46.821016], [29.482621, 46.820922], [29.481816, 46.819246], [29.481581, 46.818781], [29.481307, 46.818242], [29.480897, 46.817434], [29.480303, 46.816248], [29.479955, 46.815529], [29.479802, 46.815218], [29.479615, 46.814835], [29.479565, 46.81473], [29.479228, 46.814029], [29.479192, 46.813942], [29.479192, 46.813823], [29.479191, 46.813386], [29.479254, 46.813131], [29.479314, 46.812949], [29.479424, 46.812616], [29.479884, 46.811678], [29.480247, 46.810563], [29.480416, 46.809954], [29.480386, 46.809206], [29.480376, 46.808582], [29.480383, 46.808286], [29.480368, 46.805922], [29.480378, 46.805506], [29.480359, 46.804529], [29.480345, 46.804451], [29.48029, 46.804151], [29.479899, 46.803303], [29.479789, 46.803075], [29.479247, 46.801887], [29.479126, 46.801609], [29.479067, 46.801521], [29.478978, 46.80143], [29.478849, 46.801323], [29.478691, 46.80122], [29.478567, 46.801146], [29.478357, 46.80105], [29.477976, 46.80092], [29.477855, 46.800876], [29.477383, 46.800746], [29.477094, 46.800742], [29.476987, 46.800771], [29.476941, 46.800781], [29.47686, 46.80081], [29.47636, 46.801118], [29.47573, 46.801628], [29.475434, 46.801856], [29.474899, 46.802281], [29.474536, 46.802571], [29.474296, 46.802762], [29.473597, 46.803331], [29.473161, 46.803665], [29.472254, 46.804406], [29.471565, 46.804936], [29.471027, 46.80536], [29.470186, 46.806024], [29.469518, 46.806552], [29.468717, 46.807184], [29.468656, 46.807232], [29.467349, 46.8072], [29.465556, 46.807473], [29.465504, 46.807481], [29.465119, 46.807539], [29.465047, 46.80755], [29.464808, 46.807587], [29.463935, 46.807719], [29.46286, 46.807883], [29.462674, 46.807911], [29.462239, 46.807978], [29.460303, 46.808272], [29.459187, 46.808442], [29.458931, 46.808495], [29.458683, 46.808571], [29.458492, 46.808687], [29.458487, 46.808692], [29.458333, 46.808822], [29.458215, 46.808977], [29.458152, 46.809103], [29.458101, 46.809249], [29.45809, 46.80947], [29.458116, 46.809684], [29.458431, 46.811569], [29.458536, 46.812201], [29.458552, 46.812296], [29.458603, 46.812611], [29.458696, 46.81319], [29.458749, 46.813496], [29.458801, 46.813814], [29.459073, 46.815478], [29.459158, 46.816022], [29.459218, 46.816405], [29.459237, 46.816539], [29.459283, 46.816879], [29.459315, 46.817013], [29.459458, 46.817429], [29.459866, 46.818476], [29.46028, 46.819581], [29.460603, 46.820524], [29.460719, 46.820828], [29.460777, 46.820981], [29.460848, 46.821166], [29.461002, 46.821571], [29.460324, 46.821702], [29.459745, 46.821814], [29.458491, 46.822046], [29.457033, 46.822311], [29.456219, 46.822448], [29.45594, 46.822495], [29.45555, 46.822567], [29.455469, 46.822836], [29.455345, 46.823259], [29.455281, 46.823479], [29.454948, 46.824466], [29.454905, 46.824594], [29.454889, 46.824643], [29.454576, 46.825576], [29.454338, 46.826275], [29.454255, 46.826525], [29.454153, 46.826863], [29.453882, 46.827771], [29.45386, 46.827837], [29.45346, 46.827701], [29.45306, 46.827696], [29.452639, 46.827896], [29.452432, 46.827989], [29.45172, 46.828306], [29.451574, 46.828372], [29.451399, 46.82845], [29.450751, 46.828739], [29.450252, 46.828962], [29.449857, 46.829122], [29.449658, 46.829143], [29.449527, 46.829125], [29.44944, 46.829103], [29.448575, 46.828881], [29.448466, 46.828901], [29.448356, 46.829113], [29.44823, 46.829225], [29.448168, 46.829362]]}, "properties": {"uid": "w284637197", "kind": "forced_brewery", "distance_km": 7.6074, "duration_s": 535.8}}, {"type": "Feature", "geometry": {"type": "Point", "coordinates": [29.44849, 46.82943]}, "properties": {"uid": "w284637197", "kind": "home", "zone": 4}}, {"type": "Feature", "geometry": {"type": "LineString", "coordinates": [[29.483304, 46.824154], [29.482844, 46.824291], [29.482491, 46.824396], [29.482349, 46.824444], [29.482205, 46.824488], [29.481962, 46.824563], [29.481627, 46.824666], [29.481337, 46.824756], [29.480644, 46.824966], [29.478998, 46.825477], [29.478436, 46.824305], [29.478401, 46.824233], [29.478353, 46.824127], [29.478271, 46.823947], [29.478197, 46.823784], [29.478159, 46.823697], [29.477734, 46.822752], [29.477529, 46.822297], [29.47743, 46.822065], [29.476836, 46.820674], [29.47675, 46.820471], [29.47672, 46.8204], [29.476675, 46.820291], [29.476443, 46.819718], [29.476235, 46.819214], [29.475988, 46.818625], [29.475958, 46.818544], [29.475908, 46.81844], [29.47512, 46.816695], [29.475107, 46.816658], [29.475056, 46.816552], [29.474795, 46.815948], [29.474678, 46.815674], [29.474497, 46.815283], [29.474342, 46.814946], [29.474006, 46.814758], [29.473798, 46.814601], [29.473248, 46.813901], [29.473152, 46.813774], [29.472939, 46.81346], [29.472889, 46.813386], [29.472811, 46.813271], [29.472404, 46.81268], [29.472268, 46.812462], [29.472043, 46.812159], [29.471773, 46.811769], [29.471593, 46.811509], [29.471387, 46.811232], [29.47108, 46.810815], [29.470915, 46.810614], [29.470824, 46.810505], [29.468897, 46.808761], [29.468497, 46.808399], [29.468294, 46.808215], [29.468184, 46.808105], [29.468083, 46.808001], [29.468027, 46.807937], [29.467919, 46.807815], [29.467349, 46.8072], [29.465556, 46.807473], [29.465504, 46.807481], [29.465119, 46.807539], [29.465047, 46.80755], [29.464808, 46.807587], [29.463935, 46.807719], [29.46286, 46.807883], [29.462674, 46.807911], [29.462239, 46.807978], [29.460303, 46.808272], [29.459187, 46.808442], [29.458931, 46.808495], [29.458683, 46.808571], [29.458492, 46.808687], [29.458487, 46.808692], [29.458333, 46.808822], [29.458215, 46.808977], [29.458152, 46.809103], [29.458101, 46.809249], [29.45809, 46.80947], [29.458116, 46.809684], [29.458431, 46.811569], [29.458536, 46.812201], [29.458552, 46.812296], [29.458603, 46.812611], [29.458696, 46.81319], [29.458749, 46.813496], [29.458801, 46.813814], [29.459073, 46.815478], [29.459158, 46.816022], [29.459218, 46.816405], [29.459237, 46.816539], [29.459283, 46.816879], [29.459315, 46.817013], [29.459458, 46.817429], [29.459866, 46.818476], [29.46028, 46.819581], [29.460603, 46.820524], [29.460719, 46.820828], [29.460777, 46.820981], [29.460848, 46.821166], [29.461002, 46.821571], [29.460324, 46.821702], [29.459745, 46.821814], [29.458491, 46.822046], [29.457033, 46.822311], [29.456219, 46.822448], [29.45594, 46.822495], [29.45555, 46.822567], [29.455469, 46.822836], [29.455345, 46.823259], [29.455281, 46.823479], [29.454948, 46.824466], [29.454905, 46.824594], [29.454889, 46.824643], [29.454576, 46.825576], [29.454338, 46.826275], [29.454255, 46.826525], [29.454153, 46.826863], [29.453882, 46.827771], [29.45386, 46.827837], [29.45346, 46.827701], [29.45306, 46.827696], [29.452639, 46.827896], [29.452432, 46.827989], [29.45172, 46.828306], [29.451574, 46.828372], [29.451399, 46.82845], [29.450751, 46.828739], [29.450252, 46.828962], [29.449857, 46.829122], [29.449658, 46.829143], [29.449527, 46.829125], [29.44944, 46.829103], [29.448575, 46.828881], [29.448466, 46.828901], [29.448294, 46.828929], [29.447943, 46.828942], [29.447007, 46.830661], [29.447513, 46.83079], [29.447633, 46.830818], [29.448187, 46.830966], [29.448496, 46.831049], [29.448697, 46.8307]]}, "properties": {"uid": "w222986064", "kind": "fastest", "distance_km": 6.6682, "duration_s": 532.9}}, {"type": "Feature", "geometry": {"type": "LineString", "coordinates": [[29.483304, 46.824154], [29.482844, 46.824291], [29.482491, 46.824396], [29.482349, 46.824444], [29.482205, 46.824488], [29.481962, 46.824563], [29.481627, 46.824666], [29.481337, 46.824756], [29.480644, 46.824966], [29.478998, 46.825477], [29.478436, 46.824305], [29.478401, 46.824233], [29.478353, 46.824127], [29.478271, 46.823947], [29.478197, 46.823784], [29.478159, 46.823697], [29.477734, 46.822752], [29.477529, 46.822297], [29.47743, 46.822065], [29.476836, 46.820674], [29.47675, 46.820471], [29.47672, 46.8204], [29.476675, 46.820291], [29.476443, 46.819718], [29.476235, 46.819214], [29.475988, 46.818625], [29.475958, 46.818544], [29.475908, 46.81844], [29.47512, 46.816695], [29.475107, 46.816658], [29.475056, 46.816552], [29.474795, 46.815948], [29.474678, 46.815674], [29.474497, 46.815283], [29.474342, 46.814946], [29.474006, 46.814758], [29.473798, 46.814601], [29.473248, 46.813901], [29.473152, 46.813774], [29.472939, 46.81346], [29.472889, 46.813386], [29.472811, 46.813271], [29.472404, 46.81268], [29.472268, 46.812462], [29.472043, 46.812159], [29.471773, 46.811769], [29.471593, 46.811509], [29.471387, 46.811232], [29.47108, 46.810815], [29.470915, 46.810614], [29.470824, 46.810505], [29.468897, 46.808761], [29.468497, 46.808399], [29.468294, 46.808215], [29.468184, 46.808105], [29.468083, 46.808001], [29.468027, 46.807937], [29.467919, 46.807815], [29.467349, 46.8072], [29.465556, 46.807473], [29.465504, 46.807481], [29.465119, 46.807539], [29.465047, 46.80755], [29.464808, 46.807587], [29.463935, 46.807719], [29.46286, 46.807883], [29.462674, 46.807911], [29.462239, 46.807978], [29.460303, 46.808272], [29.459187, 46.808442], [29.458931, 46.808495], [29.458683, 46.808571], [29.458492, 46.808687], [29.458487, 46.808692], [29.458333, 46.808822], [29.458215, 46.808977], [29.458152, 46.809103], [29.458101, 46.809249], [29.45809, 46.80947], [29.458116, 46.809684], [29.458431, 46.811569], [29.458536, 46.812201], [29.458552, 46.812296], [29.458603, 46.812611], [29.458696, 46.81319], [29.458749, 46.813496], [29.458801, 46.813814], [29.459073, 46.815478], [29.459158, 46.816022], [29.459218, 46.816405], [29.459237, 46.816539], [29.459283, 46.816879], [29.459315, 46.817013], [29.459458, 46.817429], [29.459866, 46.818476], [29.46028, 46.819581], [29.460603, 46.820524], [29.460719, 46.820828], [29.460777, 46.820981], [29.460848, 46.821166], [29.461002, 46.821571], [29.460324, 46.821702], [29.459745, 46.821814], [29.458491, 46.822046], [29.457033, 46.822311], [29.456219, 46.822448], [29.45594, 46.822495], [29.45555, 46.822567], [29.455469, 46.822836], [29.455345, 46.823259], [29.455281, 46.823479], [29.454948, 46.824466], [29.454905, 46.824594], [29.454889, 46.824643], [29.454576, 46.825576], [29.454338, 46.826275], [29.454255, 46.826525], [29.454153, 46.826863], [29.453882, 46.827771], [29.45386, 46.827837], [29.45346, 46.827701], [29.45306, 46.827696], [29.452639, 46.827896], [29.452432, 46.827989], [29.45172, 46.828306], [29.451574, 46.828372], [29.451399, 46.82845], [29.450751, 46.828739], [29.450252, 46.828962], [29.449857, 46.829122], [29.449658, 46.829143], [29.449527, 46.829125], [29.44944, 46.829103], [29.448575, 46.828881], [29.448466, 46.828901], [29.448294, 46.828929], [29.447943, 46.828942], [29.447007, 46.830661], [29.447513, 46.83079], [29.447633, 46.830818], [29.448187, 46.830966], [29.448496, 46.831049], [29.448697, 46.8307]]}, "properties": {"uid": "w222986064", "kind": "shortest", "distance_km": 6.6682, "duration_s": 532.9}}, {"type": "Feature", "geometry": {"type": "LineString", "coordinates": [[29.483304, 46.824154], [29.483349, 46.824141], [29.483782, 46.824007], [29.483939, 46.823959], [29.484097, 46.823912], [29.484045, 46.823804], [29.483968, 46.82365], [29.483598, 46.822917], [29.483541, 46.822802], [29.483438, 46.822597], [29.483413, 46.822548], [29.483266, 46.822256], [29.483156, 46.822035], [29.482987, 46.821682], [29.482702, 46.821096], [29.482665, 46.821016], [29.482621, 46.820922], [29.481816, 46.819246], [29.481581, 46.818781], [29.481307, 46.818242], [29.480897, 46.817434], [29.480303, 46.816248], [29.479955, 46.815529], [29.479802, 46.815218], [29.479615, 46.814835], [29.479565, 46.81473], [29.479228, 46.814029], [29.479192, 46.813942], [29.479192, 46.813823], [29.479191, 46.813386], [29.479254, 46.813131], [29.479314, 46.812949], [29.479424, 46.812616], [29.479884, 46.811678], [29.480247, 46.810563], [29.480416, 46.809954], [29.480386, 46.809206], [29.480376, 46.808582], [29.480383, 46.808286], [29.480368, 46.805922], [29.480378, 46.805506], [29.480359, 46.804529], [29.480345, 46.804451], [29.48029, 46.804151], [29.479899, 46.803303], [29.479789, 46.803075], [29.479247, 46.801887], [29.479126, 46.801609], [29.479067, 46.801521], [29.478978, 46.80143], [29.478849, 46.801323], [29.478691, 46.80122], [29.478567, 46.801146], [29.478357, 46.80105], [29.477976, 46.80092], [29.477855, 46.800876], [29.477383, 46.800746], [29.477094, 46.800742], [29.476987, 46.800771], [29.476941, 46.800781], [29.47686, 46.80081], [29.47636, 46.801118], [29.47573, 46.801628], [29.475434, 46.801856], [29.474899, 46.802281], [29.474536, 46.802571], [29.474296, 46.802762], [29.473597, 46.803331], [29.473161, 46.803665], [29.472254, 46.804406], [29.471565, 46.804936], [29.471027, 46.80536], [29.470186, 46.806024], [29.469518, 46.806552], [29.468717, 46.807184], [29.468656, 46.807232], [29.467349, 46.8072], [29.465556, 46.807473], [29.465504, 46.807481], [29.465119, 46.807539], [29.465047, 46.80755], [29.464808, 46.807587], [29.463935, 46.807719], [29.46286, 46.807883], [29.462674, 46.807911], [29.462239, 46.807978], [29.460303, 46.808272], [29.459187, 46.808442], [29.458931, 46.808495], [29.458683, 46.808571], [29.458492, 46.808687], [29.458487, 46.808692], [29.458333, 46.808822], [29.458215, 46.808977], [29.458152, 46.809103], [29.458101, 46.809249], [29.45809, 46.80947], [29.458116, 46.809684], [29.458431, 46.811569], [29.458536, 46.812201], [29.458552, 46.812296], [29.458603, 46.812611], [29.458696, 46.81319], [29.458749, 46.813496], [29.458801, 46.813814], [29.459073, 46.815478], [29.459158, 46.816022], [29.459218, 46.816405], [29.459237, 46.816539], [29.459283, 46.816879], [29.459315, 46.817013], [29.459458, 46.817429], [29.459866, 46.818476], [29.46028, 46.819581], [29.460603, 46.820524], [29.460719, 46.820828], [29.460777, 46.820981], [29.460848, 46.821166], [29.461002, 46.821571], [29.460324, 46.821702], [29.459745, 46.821814], [29.458491, 46.822046], [29.457033, 46.822311], [29.456219, 46.822448], [29.45594, 46.822495], [29.45555, 46.822567], [29.455469, 46.822836], [29.455345, 46.823259], [29.455281, 46.823479], [29.454948, 46.824466], [29.454905, 46.824594], [29.454889, 46.824643], [29.454576, 46.825576], [29.454338, 46.826275], [29.454255, 46.826525], [29.454153, 46.826863], [29.453882, 46.827771], [29.45386, 46.827837], [29.45346, 46.827701], [29.45306, 46.827696], [29.452639, 46.827896], [29.452432, 46.827989], [29.45172, 46.828306], [29.451574, 46.828372], [29.451399, 46.82845], [29.450751, 46.828739], [29.450252, 46.828962], [29.449857, 46.829122], [29.449658, 46.829143], [29.449527, 46.829125], [29.44944, 46.829103], [29.448575, 46.828881], [29.448466, 46.828901], [29.448294, 46.828929], [29.447943, 46.828942], [29.447007, 46.830661], [29.447513, 46.83079], [29.447633, 46.830818], [29.448187, 46.830966], [29.448496, 46.831049], [29.448697, 46.8307]]}, "properties": {"uid": "w222986064", "kind": "forced_brewery", "distance_km": 7.9583, "duration_s": 582.8}}, {"type": "Feature", "geometry": {"type": "Point", "coordinates": [29.44892, 46.83076]}, "properties": {"uid": "w222986064", "kind": "home", "zone": 4}}, {"type": "Feature", "geometry": {"type": "LineString", "coordinates": [[29.483304, 46.824154], [29.482844, 46.824291], [29.482491, 46.824396], [29.482349, 46.824444], [29.482205, 46.824488], [29.481962, 46.824563], [29.481627, 46.824666], [29.481337, 46.824756], [29.480644, 46.824966], [29.478998, 46.825477], [29.478436, 46.824305], [29.478401, 46.824233], [29.478353, 46.824127], [29.478271, 46.823947], [29.478197, 46.823784], [29.478159, 46.823697], [29.477734, 46.822752], [29.477529, 46.822297], [29.47743, 46.822065], [29.476836, 46.820674], [29.47675, 46.820471], [29.47672, 46.8204], [29.476675, 46.820291], [29.476443, 46.819718], [29.476235, 46.819214], [29.475988, 46.818625], [29.475958, 46.818544], [29.475908, 46.81844], [29.47512, 46.816695], [29.475107, 46.816658], [29.475056, 46.816552], [29.474795, 46.815948], [29.474678, 46.815674], [29.474497, 46.815283], [29.474342, 46.814946], [29.474006, 46.814758], [29.473798, 46.814601], [29.473248, 46.813901], [29.473152, 46.813774], [29.472939, 46.81346], [29.472889, 46.813386], [29.472811, 46.813271], [29.472404, 46.81268], [29.472268, 46.812462], [29.472043, 46.812159], [29.471773, 46.811769], [29.471593, 46.811509], [29.471387, 46.811232], [29.47108, 46.810815], [29.470915, 46.810614], [29.470824, 46.810505], [29.468897, 46.808761], [29.468497, 46.808399], [29.468294, 46.808215], [29.468184, 46.808105], [29.468083, 46.808001], [29.468027, 46.807937], [29.467919, 46.807815], [29.467349, 46.8072], [29.465556, 46.807473], [29.465504, 46.807481], [29.465119, 46.807539], [29.465047, 46.80755], [29.464808, 46.807587], [29.463935, 46.807719], [29.46286, 46.807883], [29.462674, 46.807911], [29.462239, 46.807978], [29.460303, 46.808272], [29.459187, 46.808442], [29.458931, 46.808495], [29.458683, 46.808571], [29.458492, 46.808687], [29.458487, 46.808692], [29.458333, 46.808822], [29.458215, 46.808977], [29.458152, 46.809103], [29.458101, 46.809249], [29.45809, 46.80947], [29.458116, 46.809684], [29.458431, 46.811569], [29.458536, 46.812201], [29.458552, 46.812296], [29.458603, 46.812611], [29.458696, 46.81319], [29.458749, 46.813496], [29.458801, 46.813814], [29.459073, 46.815478], [29.459158, 46.816022], [29.459218, 46.816405], [29.459237, 46.816539], [29.459283, 46.816879], [29.459315, 46.817013], [29.459458, 46.817429], [29.459866, 46.818476], [29.46028, 46.819581], [29.460603, 46.820524], [29.460719, 46.820828], [29.460777, 46.820981], [29.460848, 46.821166], [29.461002, 46.821571], [29.460324, 46.821702], [29.459745, 46.821814], [29.458491, 46.822046], [29.457033, 46.822311], [29.456219, 46.822448], [29.45594, 46.822495], [29.45555, 46.822567], [29.455469, 46.822836], [29.455345, 46.823259], [29.455281, 46.823479], [29.454948, 46.824466], [29.454905, 46.824594], [29.454889, 46.824643], [29.454576, 46.825576], [29.454338, 46.826275], [29.454255, 46.826525], [29.454153, 46.826863], [29.453882, 46.827771], [29.45386, 46.827837], [29.45346, 46.827701], [29.45306, 46.827696], [29.452639, 46.827896], [29.452432, 46.827989], [29.45172, 46.828306], [29.451574, 46.828372], [29.451399, 46.82845], [29.450751, 46.828739], [29.450252, 46.828962], [29.449857, 46.829122], [29.449658, 46.829143], [29.449527, 46.829125], [29.44944, 46.829103], [29.448575, 46.828881], [29.448466, 46.828901], [29.448294, 46.828929], [29.447943, 46.828942], [29.447007, 46.830661], [29.447513, 46.83079], [29.447633, 46.830818], [29.448187, 46.830966], [29.448496, 46.831049], [29.448599, 46.83087]]}, "properties": {"uid": "w442395876", "kind": "fastest", "distance_km": 6.6479, "duration_s": 528}}, {"type": "Feature", "geometry": {"type": "LineString", "coordinates": [[29.483304, 46.824154], [29.482844, 46.824291], [29.482491, 46.824396], [29.482349, 46.824444], [29.482205, 46.824488], [29.481962, 46.824563], [29.481627, 46.824666], [29.481337, 46.824756], [29.480644, 46.824966], [29.478998, 46.825477], [29.478436, 46.824305], [29.478401, 46.824233], [29.478353, 46.824127], [29.478271, 46.823947], [29.478197, 46.823784], [29.478159, 46.823697], [29.477734, 46.822752], [29.477529, 46.822297], [29.47743, 46.822065], [29.476836, 46.820674], [29.47675, 46.820471], [29.47672, 46.8204], [29.476675, 46.820291], [29.476443, 46.819718], [29.476235, 46.819214], [29.475988, 46.818625], [29.475958, 46.818544], [29.475908, 46.81844], [29.47512, 46.816695], [29.475107, 46.816658], [29.475056, 46.816552], [29.474795, 46.815948], [29.474678, 46.815674], [29.474497, 46.815283], [29.474342, 46.814946], [29.474006, 46.814758], [29.473798, 46.814601], [29.473248, 46.813901], [29.473152, 46.813774], [29.472939, 46.81346], [29.472889, 46.813386], [29.472811, 46.813271], [29.472404, 46.81268], [29.472268, 46.812462], [29.472043, 46.812159], [29.471773, 46.811769], [29.471593, 46.811509], [29.471387, 46.811232], [29.47108, 46.810815], [29.470915, 46.810614], [29.470824, 46.810505], [29.468897, 46.808761], [29.468497, 46.808399], [29.468294, 46.808215], [29.468184, 46.808105], [29.468083, 46.808001], [29.468027, 46.807937], [29.467919, 46.807815], [29.467349, 46.8072], [29.465556, 46.807473], [29.465504, 46.807481], [29.465119, 46.807539], [29.465047, 46.80755], [29.464808, 46.807587], [29.463935, 46.807719], [29.46286, 46.807883], [29.462674, 46.807911], [29.462239, 46.807978], [29.460303, 46.808272], [29.459187, 46.808442], [29.458931, 46.808495], [29.458683, 46.808571], [29.458492, 46.808687], [29.458487, 46.808692], [29.458333, 46.808822], [29.458215, 46.808977], [29.458152, 46.809103], [29.458101, 46.809249], [29.45809, 46.80947], [29.458116, 46.809684], [29.458431, 46.811569], [29.458536, 46.812201], [29.458552, 46.812296], [29.458603, 46.812611], [29.458696, 46.81319], [29.458749, 46.813496], [29.458801, 46.813814], [29.459073, 46.815478], [29.459158, 46.816022], [29.459218, 46.816405], [29.459237, 46.816539], [29.459283, 46.816879], [29.459315, 46.817013], [29.459458, 46.817429], [29.459866, 46.818476], [29.46028, 46.819581], [29.460603, 46.820524], [29.460719, 46.820828], [29.460777, 46.820981], [29.460848, 46.821166], [29.461002, 46.821571], [29.460324, 46.821702], [29.459745, 46.821814], [29.458491, 46.822046], [29.457033, 46.822311], [29.456219, 46.822448], [29.45594, 46.822495], [29.45555, 46.822567], [29.455469, 46.822836], [29.455345, 46.823259], [29.455281, 46.823479], [29.454948, 46.824466], [29.454905, 46.824594], [29.454889, 46.824643], [29.454576, 46.825576], [29.454338, 46.826275], [29.454255, 46.826525], [29.454153, 46.826863], [29.453882, 46.827771], [29.45386, 46.827837], [29.45346, 46.827701], [29.45306, 46.827696], [29.452639, 46.827896], [29.452432, 46.827989], [29.45172, 46.828306], [29.451574, 46.828372], [29.451399, 46.82845], [29.450751, 46.828739], [29.450252, 46.828962], [29.449857, 46.829122], [29.449658, 46.829143], [29.449527, 46.829125], [29.44944, 46.829103], [29.448575, 46.828881], [29.448466, 46.828901], [29.448294, 46.828929], [29.447943, 46.828942], [29.447007, 46.830661], [29.447513, 46.83079], [29.447633, 46.830818], [29.448187, 46.830966], [29.448496, 46.831049], [29.448599, 46.83087]]}, "properties": {"uid": "w442395876", "kind": "shortest", "distance_km": 6.6479, "duration_s": 528}}, {"type": "Feature", "geometry": {"type": "LineString", "coordinates": [[29.483304, 46.824154], [29.483349, 46.824141], [29.483782, 46.824007], [29.483939, 46.823959], [29.484097, 46.823912], [29.484045, 46.823804], [29.483968, 46.82365], [29.483598, 46.822917], [29.483541, 46.822802], [29.483438, 46.822597], [29.483413, 46.822548], [29.483266, 46.822256], [29.483156, 46.822035], [29.482987, 46.821682], [29.482702, 46.821096], [29.482665, 46.821016], [29.482621, 46.820922], [29.481816, 46.819246], [29.481581, 46.818781], [29.481307, 46.818242], [29.480897, 46.817434], [29.480303, 46.816248], [29.479955, 46.815529], [29.479802, 46.815218], [29.479615, 46.814835], [29.479565, 46.81473], [29.479228, 46.814029], [29.479192, 46.813942], [29.479192, 46.813823], [29.479191, 46.813386], [29.479254, 46.813131], [29.479314, 46.812949], [29.479424, 46.812616], [29.479884, 46.811678], [29.480247, 46.810563], [29.480416, 46.809954], [29.480386, 46.809206], [29.480376, 46.808582], [29.480383, 46.808286], [29.480368, 46.805922], [29.480378, 46.805506], [29.480359, 46.804529], [29.480345, 46.804451], [29.48029, 46.804151], [29.479899, 46.803303], [29.479789, 46.803075], [29.479247, 46.801887], [29.479126, 46.801609], [29.479067, 46.801521], [29.478978, 46.80143], [29.478849, 46.801323], [29.478691, 46.80122], [29.478567, 46.801146], [29.478357, 46.80105], [29.477976, 46.80092], [29.477855, 46.800876], [29.477383, 46.800746], [29.477094, 46.800742], [29.476987, 46.800771], [29.476941, 46.800781], [29.47686, 46.80081], [29.47636, 46.801118], [29.47573, 46.801628], [29.475434, 46.801856], [29.474899, 46.802281], [29.474536, 46.802571], [29.474296, 46.802762], [29.473597, 46.803331], [29.473161, 46.803665], [29.472254, 46.804406], [29.471565, 46.804936], [29.471027, 46.80536], [29.470186, 46.806024], [29.469518, 46.806552], [29.468717, 46.807184], [29.468656, 46.807232], [29.467349, 46.8072], [29.465556, 46.807473], [29.465504, 46.807481], [29.465119, 46.807539], [29.465047, 46.80755], [29.464808, 46.807587], [29.463935, 46.807719], [29.46286, 46.807883], [29.462674, 46.807911], [29.462239, 46.807978], [29.460303, 46.808272], [29.459187, 46.808442], [29.458931, 46.808495], [29.458683, 46.808571], [29.458492, 46.808687], [29.458487, 46.808692], [29.458333, 46.808822], [29.458215, 46.808977], [29.458152, 46.809103], [29.458101, 46.809249], [29.45809, 46.80947], [29.458116, 46.809684], [29.458431, 46.811569], [29.458536, 46.812201], [29.458552, 46.812296], [29.458603, 46.812611], [29.458696, 46.81319], [29.458749, 46.813496], [29.458801, 46.813814], [29.459073, 46.815478], [29.459158, 46.816022], [29.459218, 46.816405], [29.459237, 46.816539], [29.459283, 46.816879], [29.459315, 46.817013], [29.459458, 46.817429], [29.459866, 46.818476], [29.46028, 46.819581], [29.460603, 46.820524], [29.460719, 46.820828], [29.460777, 46.820981], [29.460848, 46.821166], [29.461002, 46.821571], [29.460324, 46.821702], [29.459745, 46.821814], [29.458491, 46.822046], [29.457033, 46.822311], [29.456219, 46.822448], [29.45594, 46.822495], [29.45555, 46.822567], [29.455469, 46.822836], [29.455345, 46.823259], [29.455281, 46.823479], [29.454948, 46.824466], [29.454905, 46.824594], [29.454889, 46.824643], [29.454576, 46.825576], [29.454338, 46.826275], [29.454255, 46.826525], [29.454153, 46.826863], [29.453882, 46.827771], [29.45386, 46.827837], [29.45346, 46.827701], [29.45306, 46.827696], [29.452639, 46.827896], [29.452432, 46.827989], [29.45172, 46.828306], [29.451574, 46.828372], [29.451399, 46.82845], [29.450751, 46.828739], [29.450252, 46.828962], [29.449857, 46.829122], [29.449658, 46.829143], [29.449527, 46.829125], [29.44944, 46.829103], [29.448575, 46.828881], [29.448466, 46.828901], [29.448294, 46.828929], [29.447943, 46.828942], [29.447007, 46.830661], [29.447513, 46.83079], [29.447633, 46.830818], [29.448187, 46.830966], [29.448496, 46.831049], [29.448599, 46.83087]]}, "properties": {"uid": "w442395876", "kind": "forced_brewery", "distance_km": 7.938, "duration_s": 577.9}}, {"type": "Feature", "geometry": {"type": "Point", "coordinates": [29.44882, 46.83093]}, "properties": {"uid": "w442395876", "kind": "home", "zone": 4}}, {"type": "Feature", "geometry": {"type": "LineString", "coordinates": [[29.483304, 46.824154], [29.482844, 46.824291], [29.482491, 46.824396], [29.482349, 46.824444], [29.482205, 46.824488], [29.481962, 46.824563], [29.481627, 46.824666], [29.481337, 46.824756], [29.480644, 46.824966], [29.478998, 46.825477], [29.478436, 46.824305], [29.478401, 46.824233], [29.478353, 46.824127], [29.478271, 46.823947], [29.478197, 46.823784], [29.478159, 46.823697], [29.477734, 46.822752], [29.477529, 46.822297], [29.47743, 46.822065], [29.476836, 46.820674], [29.47675, 46.820471], [29.47672, 46.8204], [29.476675, 46.820291], [29.476443, 46.819718], [29.476235, 46.819214], [29.475988, 46.818625], [29.475958, 46.818544], [29.475908, 46.81844], [29.47512, 46.816695], [29.475107, 46.816658], [29.475056, 46.816552], [29.474795, 46.815948], [29.474678, 46.815674], [29.474497, 46.815283], [29.474342, 46.814946], [29.474006, 46.814758], [29.473798, 46.814601], [29.473248, 46.813901], [29.473152, 46.813774], [29.472939, 46.81346], [29.472889, 46.813386], [29.472811, 46.813271], [29.472404, 46.81268], [29.472268, 46.812462], [29.472043, 46.812159], [29.471773, 46.811769], [29.471593, 46.811509], [29.471387, 46.811232], [29.47108, 46.810815], [29.470915, 46.810614], [29.470824, 46.810505], [29.468897, 46.808761], [29.468497, 46.808399], [29.468294, 46.808215], [29.468184, 46.808105], [29.468083, 46.808001], [29.468027, 46.807937], [29.467919, 46.807815], [29.467349, 46.8072], [29.465556, 46.807473], [29.465504, 46.807481], [29.465119, 46.807539], [29.465047, 46.80755], [29.464808, 46.807587], [29.463935, 46.807719], [29.46286, 46.807883], [29.462674, 46.807911], [29.462239, 46.807978], [29.460303, 46.808272], [29.459187, 46.808442], [29.458931, 46.808495], [29.458683, 46.808571], [29.458492, 46.808687], [29.458487, 46.808692], [29.458333, 46.808822], [29.458215, 46.808977], [29.458152, 46.809103], [29.458101, 46.809249], [29.45809, 46.80947], [29.458116, 46.809684], [29.458431, 46.811569], [29.458536, 46.812201], [29.458552, 46.812296], [29.458603, 46.812611], [29.458696, 46.81319], [29.458749, 46.813496], [29.458801, 46.813814], [29.459073, 46.815478], [29.459158, 46.816022], [29.459218, 46.816405], [29.459237, 46.816539], [29.459283, 46.816879], [29.459315, 46.817013], [29.459458, 46.817429], [29.459866, 46.818476], [29.46028, 46.819581], [29.460603, 46.820524], [29.460719, 46.820828], [29.460777, 46.820981], [29.460848, 46.821166], [29.461002, 46.821571], [29.460324, 46.821702], [29.459745, 46.821814], [29.458491, 46.822046], [29.457033, 46.822311], [29.456219, 46.822448], [29.45594, 46.822495], [29.45555, 46.822567], [29.455469, 46.822836], [29.455345, 46.823259], [29.455281, 46.823479], [29.454948, 46.824466], [29.454905, 46.824594], [29.454889, 46.824643], [29.454576, 46.825576], [29.454338, 46.826275], [29.454255, 46.826525], [29.454153, 46.826863], [29.453882, 46.827771], [29.45386, 46.827837], [29.45346, 46.827701], [29.45306, 46.827696], [29.452639, 46.827896], [29.452432, 46.827989], [29.45172, 46.828306], [29.451574, 46.828372], [29.451399, 46.82845], [29.450751, 46.828739], [29.450252, 46.828962], [29.449857, 46.829122], [29.449658, 46.829143], [29.449527, 46.829125], [29.449378, 46.829541], [29.449216, 46.829733], [29.448701, 46.829871], [29.448637, 46.829922], [29.448401, 46.830208], [29.448406, 46.830412], [29.448358, 46.830533]]}, "properties": {"uid": "w91850336", "kind": "fastest", "distance_km": 6.3696, "duration_s": 524}}, {"type": "Feature", "geometry": {"type": "LineString", "coordinates": [[29.483304, 46.824154], [29.482844, 46.824291], [29.482491, 46.824396], [29.482349, 46.824444], [29.482205, 46.824488], [29.481962, 46.824563], [29.481627, 46.824666], [29.481337, 46.824756], [29.480644, 46.824966], [29.478998, 46.825477], [29.478436, 46.824305], [29.478401, 46.824233], [29.478353, 46.824127], [29.478271, 46.823947], [29.478197, 46.823784], [29.478159, 46.823697], [29.477734, 46.822752], [29.477529, 46.822297], [29.47743, 46.822065], [29.476836, 46.820674], [29.47675, 46.820471], [29.47672, 46.8204], [29.476675, 46.820291], [29.476443, 46.819718], [29.476235, 46.819214], [29.475988, 46.818625], [29.475958, 46.818544], [29.475908, 46.81844], [29.47512, 46.816695], [29.475107, 46.816658], [29.475056, 46.816552], [29.474795, 46.815948], [29.474678, 46.815674], [29.474497, 46.815283], [29.474342, 46.814946], [29.474006, 46.814758], [29.473798, 46.814601], [29.473248, 46.813901], [29.473152, 46.813774], [29.472939, 46.81346], [29.472889, 46.813386], [29.472811, 46.813271], [29.472404, 46.81268], [29.472268, 46.812462], [29.472043, 46.812159], [29.471773, 46.811769], [29.471593, 46.811509], [29.471387, 46.811232], [29.47108, 46.810815], [29.470915, 46.810614], [29.470824, 46.810505], [29.468897, 46.808761], [29.468497, 46.808399], [29.468294, 46.808215], [29.468184, 46.808105], [29.468083, 46.808001], [29.468027, 46.807937], [29.467919, 46.807815], [29.467349, 46.8072], [29.465556, 46.807473], [29.465504, 46.807481], [29.465119, 46.807539], [29.465047, 46.80755], [29.464808, 46.807587], [29.463935, 46.807719], [29.46286, 46.807883], [29.462674, 46.807911], [29.462239, 46.807978], [29.460303, 46.808272], [29.459187, 46.808442], [29.458931, 46.808495], [29.458683, 46.808571], [29.458492, 46.808687], [29.458487, 46.808692], [29.458333, 46.808822], [29.458215, 46.808977], [29.458152, 46.809103], [29.458101, 46.809249], [29.45809, 46.80947], [29.458116, 46.809684], [29.458431, 46.811569], [29.458536, 46.812201], [29.458552, 46.812296], [29.458603, 46.812611], [29.458696, 46.81319], [29.458749, 46.813496], [29.458801, 46.813814], [29.459073, 46.815478], [29.459158, 46.816022], [29.459218, 46.816405], [29.459237, 46.816539], [29.459283, 46.816879], [29.459315, 46.817013], [29.459458, 46.817429], [29.459866, 46.818476], [29.46028, 46.819581], [29.460603, 46.820524], [29.460719, 46.820828], [29.460777, 46.820981], [29.460848, 46.821166], [29.461002, 46.821571], [29.460324, 46.821702], [29.459745, 46.821814], [29.458491, 46.822046], [29.457033, 46.822311], [29.456219, 46.822448], [29.45594, 46.822495], [29.45555, 46.822567], [29.455469, 46.822836], [29.455345, 46.823259], [29.455281, 46.823479], [29.454948, 46.824466], [29.454905, 46.824594], [29.454889, 46.824643], [29.454576, 46.825576], [29.454338, 46.826275], [29.454255, 46.826525], [29.454153, 46.826863], [29.453882, 46.827771], [29.45386, 46.827837], [29.45346, 46.827701], [29.45306, 46.827696], [29.452639, 46.827896], [29.452432, 46.827989], [29.45172, 46.828306], [29.451574, 46.828372], [29.451399, 46.82845], [29.450751, 46.828739], [29.450252, 46.828962], [29.449857, 46.829122], [29.449658, 46.829143], [29.449527, 46.829125], [29.449378, 46.829541], [29.449216, 46.829733], [29.448701, 46.829871], [29.448637, 46.829922], [29.448401, 46.830208], [29.448406, 46.830412], [29.448358, 46.830533]]}, "properties": {"uid": "w91850336", "kind": "shortest", "distance_km": 6.3696, "duration_s": 524}}, {"type": "Feature", "geometry": {"type": "LineString", "coordinates": [[29.483304, 46.824154], [29.483349, 46.824141], [29.483782, 46.824007], [29.483939, 46.823959], [29.484097, 46.823912], [29.484045, 46.823804], [29.483968, 46.82365], [29.483598, 46.822917], [29.483541, 46.822802], [29.483438, 46.822597], [29.483413, 46.822548], [29.483266, 46.822256], [29.483156, 46.822035], [29.482987, 46.821682], [29.482702, 46.821096], [29.482665, 46.821016], [29.482621, 46.820922], [29.481816, 46.819246], [29.481581, 46.818781], [29.481307, 46.818242], [29.480897, 46.817434], [29.480303, 46.816248], [29.479955, 46.815529], [29.479802, 46.815218], [29.479615, 46.814835], [29.479565, 46.81473], [29.479228, 46.814029], [29.479192, 46.813942], [29.479192, 46.813823], [29.479191, 46.813386], [29.479254, 46.813131], [29.479314, 46.812949], [29.479424, 46.812616], [29.479884, 46.811678], [29.480247, 46.810563], [29.480416, 46.809954], [29.480386, 46.809206], [29.480376, 46.808582], [29.480383, 46.808286], [29.480368, 46.805922], [29.480378, 46.805506], [29.480359, 46.804529], [29.480345, 46.804451], [29.48029, 46.804151], [29.479899, 46.803303], [29.479789, 46.803075], [29.479247, 46.801887], [29.479126, 46.801609], [29.479067, 46.801521], [29.478978, 46.80143], [29.478849, 46.801323], [29.478691, 46.80122], [29.478567, 46.801146], [29.478357, 46.80105], [29.477976, 46.80092], [29.477855, 46.800876], [29.477383, 46.800746], [29.477094, 46.800742], [29.476987, 46.800771], [29.476941, 46.800781], [29.47686, 46.80081], [29.47636, 46.801118], [29.47573, 46.801628], [29.475434, 46.801856], [29.474899, 46.802281], [29.474536, 46.802571], [29.474296, 46.802762], [29.473597, 46.803331], [29.473161, 46.803665], [29.472254, 46.804406], [29.471565, 46.804936], [29.471027, 46.80536], [29.470186, 46.806024], [29.469518, 46.806552], [29.468717, 46.807184], [29.468656, 46.807232], [29.467349, 46.8072], [29.465556, 46.807473], [29.465504, 46.807481], [29.465119, 46.807539], [29.465047, 46.80755], [29.464808, 46.807587], [29.463935, 46.807719], [29.46286, 46.807883], [29.462674, 46.807911], [29.462239, 46.807978], [29.460303, 46.808272], [29.459187, 46.808442], [29.458931, 46.808495], [29.458683, 46.808571], [29.458492, 46.808687], [29.458487, 46.808692], [29.458333, 46.808822], [29.458215, 46.808977], [29.458152, 46.809103], [29.458101, 46.809249], [29.45809, 46.80947], [29.458116, 46.809684], [29.458431, 46.811569], [29.458536, 46.812201], [29.458552, 46.812296], [29.458603, 46.812611], [29.458696, 46.81319], [29.458749, 46.813496], [29.458801, 46.813814], [29.459073, 46.815478], [29.459158, 46.816022], [29.459218, 46.816405], [29.459237, 46.816539], [29.459283, 46.816879], [29.459315, 46.817013], [29.459458, 46.817429], [29.459866, 46.818476], [29.46028, 46.819581], [29.460603, 46.820524], [29.460719, 46.820828], [29.460777, 46.820981], [29.460848, 46.821166], [29.461002, 46.821571], [29.460324, 46.821702], [29.459745, 46.821814], [29.458491, 46.822046], [29.457033, 46.822311], [29.456219, 46.822448], [29.45594, 46.822495], [29.45555, 46.822567], [29.455469, 46.822836], [29.455345, 46.823259], [29.455281, 46.823479], [29.454948, 46.824466], [29.454905, 46.824594], [29.454889, 46.824643], [29.454576, 46.825576], [29.454338, 46.826275], [29.454255, 46.826525], [29.454153, 46.826863], [29.453882, 46.827771], [29.45386, 46.827837], [29.45346, 46.827701], [29.45306, 46.827696], [29.452639, 46.827896], [29.452432, 46.827989], [29.45172, 46.828306], [29.451574, 46.828372], [29.451399, 46.82845], [29.450751, 46.828739], [29.450252, 46.828962], [29.449857, 46.829122], [29.449658, 46.829143], [29.449527, 46.829125], [29.449378, 46.829541], [29.449216, 46.829733], [29.448701, 46.829871], [29.448637, 46.829922], [29.448401, 46.830208], [29.448406, 46.830412], [29.448358, 46.830533]]}, "properties": {"uid": "w91850336", "kind": "forced_brewery", "distance_km": 7.6597, "duration_s": 573.9}}, {"type": "Feature", "geometry": {"type": "Point", "coordinates": [29.44818, 46.8305]}, "properties": {"uid": "w91850336", "kind": "home", "zone": 4}}, {"type": "Feature", "geometry": {"type": "LineString", "coordinates": [[29.483304, 46.824154], [29.482844, 46.824291], [29.482491, 46.824396], [29.482349, 46.824444], [29.482205, 46.824488], [29.481962, 46.824563], [29.481627, 46.824666], [29.481337, 46.824756], [29.480644, 46.824966], [29.478998, 46.825477], [29.478436, 46.824305], [29.478401, 46.824233], [29.478353, 46.824127], [29.478271, 46.823947], [29.478197, 46.823784], [29.478159, 46.823697], [29.477734, 46.822752], [29.477529, 46.822297], [29.47743, 46.822065], [29.476836, 46.820674], [29.47675, 46.820471], [29.47672, 46.8204], [29.476675, 46.820291], [29.476443, 46.819718], [29.476235, 46.819214], [29.475988, 46.818625], [29.475958, 46.818544], [29.475908, 46.81844], [29.47512, 46.816695], [29.475107, 46.816658], [29.475056, 46.816552], [29.474795, 46.815948], [29.474678, 46.815674], [29.474497, 46.815283], [29.474342, 46.814946], [29.474006, 46.814758], [29.473798, 46.814601], [29.473624, 46.814669], [29.472545, 46.815201], [29.47172, 46.815644], [29.471502, 46.815761], [29.470944, 46.81606], [29.470312, 46.816386], [29.469773, 46.816663], [29.46938, 46.816845], [29.469264, 46.816903], [29.467979, 46.817295], [29.466283, 46.817787], [29.466485, 46.818212], [29.466867, 46.81891]]}, "properties": {"uid": "w222764128", "kind": "fastest", "distance_km": 2.4511, "duration_s": 236.5}}, {"type": "Feature", "geometry": {"type": "LineString", "coordinates": [[29.483304, 46.824154], [29.482844, 46.824291], [29.482491, 46.824396], [29.482349, 46.824444], [29.482205, 46.824488], [29.481962, 46.824563], [29.481627, 46.824666], [29.481337, 46.824756], [29.480644, 46.824966], [29.478998, 46.825477], [29.478436, 46.824305], [29.478401, 46.824233], [29.478353, 46.824127], [29.478271, 46.823947], [29.478197, 46.823784], [29.478159, 46.823697], [29.477734, 46.822752], [29.477529, 46.822297], [29.47743, 46.822065], [29.476836, 46.820674], [29.47675, 46.820471], [29.47672, 46.8204], [29.476675, 46.820291], [29.476443, 46.819718], [29.476235, 46.819214], [29.475988, 46.818625], [29.475958, 46.818544], [29.475908, 46.81844], [29.47512, 46.816695], [29.475107, 46.816658], [29.475056, 46.816552], [29.474795, 46.815948], [29.474678, 46.815674], [29.474497, 46.815283], [29.474342, 46.814946], [29.474006, 46.814758], [29.473798, 46.814601], [29.473624, 46.814669], [29.472545, 46.815201], [29.47172, 46.815644], [29.471502, 46.815761], [29.470944, 46.81606], [29.470312, 46.816386], [29.469773, 46.816663], [29.46938, 46.816845], [29.469264, 46.816903], [29.467979, 46.817295], [29.466283, 46.817787], [29.466485, 46.818212], [29.466867, 46.81891]]}, "properties": {"uid": "w222764128", "kind": "shortest", "distance_km": 2.4511, "duration_s": 236.5}}, {"type": "Feature", "geometry": {"type": "LineString", "coordinates": [[29.483304, 46.824154], [29.483349, 46.824141], [29.483782, 46.824007], [29.483939, 46.823959], [29.484097, 46.823912], [29.484045, 46.823804], [29.483968, 46.82365], [29.483598, 46.822917], [29.483541, 46.822802], [29.483438, 46.822597], [29.483413, 46.822548], [29.483266, 46.822256], [29.483156, 46.822035], [29.482987, 46.821682], [29.482702, 46.821096], [29.482665, 46.821016], [29.482621, 46.820922], [29.481816, 46.819246], [29.481581, 46.818781], [29.481307, 46.818242], [29.480897, 46.817434], [29.480303, 46.816248], [29.479955, 46.815529], [29.479802, 46.815218], [29.479615, 46.814835], [29.479565, 46.81473], [29.479228, 46.814029], [29.479192, 46.813942], [29.479192, 46.813823], [29.479191, 46.813386], [29.479254, 46.813131], [29.479314, 46.812949], [29.479424, 46.812616], [29.479884, 46.811678], [29.480247, 46.810563], [29.480416, 46.809954], [29.480386, 46.809206], [29.480376, 46.808582], [29.480383, 46.808286], [29.480368, 46.805922], [29.480378, 46.805506], [29.480359, 46.804529], [29.480345, 46.804451], [29.48029, 46.804151], [29.479899, 46.803303], [29.479789, 46.803075], [29.479247, 46.801887], [29.479126, 46.801609], [29.479067, 46.801521], [29.478978, 46.80143], [29.478849, 46.801323], [29.478691, 46.80122], [29.478567, 46.801146], [29.478357, 46.80105], [29.477976, 46.80092], [29.477855, 46.800876], [29.477383, 46.800746], [29.477094, 46.800742], [29.476987, 46.800771], [29.476941, 46.800781], [29.47686, 46.80081], [29.47636, 46.801118], [29.47573, 46.801628], [29.475434, 46.801856], [29.474899, 46.802281], [29.474536, 46.802571], [29.474296, 46.802762], [29.473597, 46.803331], [29.473161, 46.803665], [29.472254, 46.804406], [29.471565, 46.804936], [29.471027, 46.80536], [29.470186, 46.806024], [29.469518, 46.806552], [29.468717, 46.807184], [29.468656, 46.807232], [29.467919, 46.807815], [29.468027, 46.807937], [29.468083, 46.808001], [29.468184, 46.808105], [29.468294, 46.808215], [29.468497, 46.808399], [29.468897, 46.808761], [29.470824, 46.810505], [29.470915, 46.810614], [29.47108, 46.810815], [29.471387, 46.811232], [29.471593, 46.811509], [29.471773, 46.811769], [29.472043, 46.812159], [29.472268, 46.812462], [29.472404, 46.81268], [29.472811, 46.813271], [29.472889, 46.813386], [29.472939, 46.81346], [29.473152, 46.813774], [29.473248, 46.813901], [29.473798, 46.814601], [29.473624, 46.814669], [29.472545, 46.815201], [29.47172, 46.815644], [29.471502, 46.815761], [29.470944, 46.81606], [29.470312, 46.816386], [29.469773, 46.816663], [29.46938, 46.816845], [29.469264, 46.816903], [29.467979, 46.817295], [29.466283, 46.817787], [29.466485, 46.818212], [29.466867, 46.81891]]}, "properties": {"uid": "w222764128", "kind": "forced_brewery", "distance_km": 5.571, "duration_s": 410.9}}, {"type": "Feature", "geometry": {"type": "Point", "coordinates": [29.46597, 46.81914]}, "properties": {"uid": "w222764128", "kind": "home", "zone": 2}}, {"type": "Feature", "geometry": {"type": "LineString", "coordinates": [[29.483304, 46.824154], [29.482844, 46.824291], [29.482491, 46.824396], [29.482349, 46.824444], [29.482205, 46.824488], [29.481962, 46.824563], [29.481627, 46.824666], [29.481337, 46.824756], [29.480644, 46.824966], [29.478998, 46.825477], [29.478436, 46.824305], [29.478401, 46.824233], [29.478353, 46.824127], [29.478271, 46.823947], [29.478197, 46.823784], [29.478159, 46.823697], [29.477734, 46.822752], [29.477529, 46.822297], [29.47743, 46.822065], [29.476836, 46.820674], [29.47675, 46.820471], [29.47672, 46.8204], [29.476675, 46.820291], [29.476443, 46.819718], [29.476235, 46.819214], [29.475988, 46.818625], [29.475958, 46.818544], [29.475908, 46.81844], [29.47512, 46.816695], [29.475107, 46.816658], [29.475056, 46.816552], [29.474795, 46.815948], [29.474678, 46.815674], [29.474497, 46.815283], [29.474342, 46.814946], [29.474006, 46.814758], [29.473798, 46.814601], [29.473248, 46.813901], [29.473152, 46.813774], [29.472939, 46.81346], [29.472889, 46.813386], [29.472811, 46.813271], [29.472404, 46.81268], [29.472268, 46.812462], [29.472043, 46.812159], [29.471773, 46.811769], [29.471593, 46.811509], [29.471387, 46.811232], [29.47108, 46.810815], [29.470915, 46.810614], [29.470824, 46.810505], [29.468897, 46.808761], [29.468497, 46.808399], [29.468294, 46.808215], [29.468184, 46.808105], [29.468083, 46.808001], [29.468027, 46.807937], [29.467919, 46.807815], [29.467349, 46.8072], [29.465556, 46.807473], [29.465504, 46.807481], [29.465119, 46.807539], [29.465047, 46.80755], [29.464808, 46.807587], [29.463935, 46.807719], [29.46286, 46.807883], [29.462674, 46.807911], [29.462239, 46.807978], [29.460303, 46.808272], [29.459187, 46.808442], [29.458931, 46.808495], [29.458683, 46.808571], [29.458492, 46.808687], [29.458487, 46.808692], [29.458333, 46.808822], [29.458215, 46.808977], [29.458152, 46.809103], [29.458101, 46.809249], [29.45809, 46.80947], [29.458116, 46.809684], [29.458431, 46.811569], [29.458536, 46.812201], [29.458552, 46.812296], [29.458603, 46.812611], [29.458696, 46.81319], [29.458749, 46.813496], [29.458801, 46.813814], [29.459073, 46.815478], [29.459158, 46.816022], [29.459218, 46.816405], [29.459237, 46.816539], [29.459283, 46.816879], [29.459315, 46.817013], [29.459458, 46.817429], [29.459866, 46.818476], [29.46028, 46.819581], [29.460603, 46.820524], [29.460719, 46.820828], [29.460777, 46.820981], [29.460848, 46.821166], [29.461002, 46.821571], [29.461247, 46.822177], [29.461309, 46.82233], [29.461616, 46.823072], [29.462539, 46.822808], [29.464596, 46.822266], [29.464986, 46.822163], [29.465039, 46.822341]]}, "properties": {"uid": "w302074741", "kind": "fastest", "distance_km": 5.2323, "duration_s": 361.3}}, {"type": "Feature", "geometry": {"type": "LineString", "coordinates": [[29.483304, 46.824154], [29.482844, 46.824291], [29.482491, 46.824396], [29.482349, 46.824444], [29.482205, 46.824488], [29.481962, 46.824563], [29.481627, 46.824666], [29.481337, 46.824756], [29.480644, 46.824966], [29.478998, 46.825477], [29.478436, 46.824305], [29.478401, 46.824233], [29.478353, 46.824127], [29.478271, 46.823947], [29.478197, 46.823784], [29.478159, 46.823697], [29.477734, 46.822752], [29.477529, 46.822297], [29.47743, 46.822065], [29.476836, 46.820674], [29.47675, 46.820471], [29.47672, 46.8204], [29.476675, 46.820291], [29.476443, 46.819718], [29.476235, 46.819214], [29.475988, 46.818625], [29.475958, 46.818544], [29.475908, 46.81844], [29.47512, 46.816695], [29.475107, 46.816658], [29.475056, 46.816552], [29.474795, 46.815948], [29.474678, 46.815674], [29.474497, 46.815283], [29.474342, 46.814946], [29.474006, 46.814758], [29.473798, 46.814601], [29.473248, 46.813901], [29.473152, 46.813774], [29.472939, 46.81346], [29.472889, 46.813386], [29.472811, 46.813271], [29.472404, 46.81268], [29.472268, 46.812462], [29.472043, 46.812159], [29.471773, 46.811769], [29.471593, 46.811509], [29.471387, 46.811232], [29.47108, 46.810815], [29.470915, 46.810614], [29.470824, 46.810505], [29.468897, 46.808761], [29.468497, 46.808399], [29.468294, 46.808215], [29.468184, 46.808105], [29.468083, 46.808001], [29.468027, 46.807937], [29.467919, 46.807815], [29.467349, 46.8072], [29.465556, 46.807473], [29.465504, 46.807481], [29.465119, 46.807539], [29.465047, 46.80755], [29.464808, 46.807587], [29.463935, 46.807719], [29.46286, 46.807883], [29.462674, 46.807911], [29.462239, 46.807978], [29.460303, 46.808272], [29.459187, 46.808442], [29.458931, 46.808495], [29.458683, 46.808571], [29.458492, 46.808687], [29.458487, 46.808692], [29.458333, 46.808822], [29.458215, 46.808977], [29.458152, 46.809103], [29.458101, 46.809249], [29.45809, 46.80947], [29.458116, 46.809684], [29.458431, 46.811569], [29.458536, 46.812201], [29.458552, 46.812296], [29.458603, 46.812611], [29.458696, 46.81319], [29.458749, 46.813496], [29.458801, 46.813814], [29.459073, 46.815478], [29.459158, 46.816022], [29.459218, 46.816405], [29.459237, 46.816539], [29.459283, 46.816879], [29.459315, 46.817013], [29.459458, 46.817429], [29.459866, 46.818476], [29.46028, 46.819581], [29.460603, 46.820524], [29.460719, 46.820828], [29.460777, 46.820981], [29.460848, 46.821166], [29.461002, 46.821571], [29.461247, 46.822177], [29.461309, 46.82233], [29.461616, 46.823072], [29.462539, 46.822808], [29.464596, 46.822266], [29.464986, 46.822163], [29.465039, 46.822341]]}, "properties": {"uid": "w302074741", "kind": "shortest", "distance_km": 5.2323, "duration_s": 361.3}}, {"type": "Feature", "geometry": {"type": "LineString", "coordinates": [[29.483304, 46.824154], [29.483349, 46.824141], [29.483782, 46.824007], [29.483939, 46.823959], [29.484097, 46.823912], [29.484045, 46.823804], [29.483968, 46.82365], [29.483598, 46.822917], [29.483541, 46.822802], [29.483438, 46.822597], [29.483413, 46.822548], [29.483266, 46.822256], [29.483156, 46.822035], [29.482987, 46.821682], [29.482702, 46.821096], [29.482665, 46.821016], [29.482621, 46.820922], [29.481816, 46.819246], [29.481581, 46.818781], [29.481307, 46.818242], [29.480897, 46.817434], [29.480303, 46.816248], [29.479955, 46.815529], [29.479802, 46.815218], [29.479615, 46.814835], [29.479565, 46.81473], [29.479228, 46.814029], [29.479192, 46.813942], [29.479192, 46.813823], [29.479191, 46.813386], [29.479254, 46.813131], [29.479314, 46.812949], [29.479424, 46.812616], [29.479884, 46.811678], [29.480247, 46.810563], [29.480416, 46.809954], [29.480386, 46.809206], [29.480376, 46.808582], [29.480383, 46.808286], [29.480368, 46.805922], [29.480378, 46.805506], [29.480359, 46.804529], [29.480345, 46.804451], [29.48029, 46.804151], [29.479899, 46.803303], [29.479789, 46.803075], [29.479247, 46.801887], [29.479126, 46.801609], [29.479067, 46.801521], [29.478978, 46.80143], [29.478849, 46.801323], [29.478691, 46.80122], [29.478567, 46.801146], [29.478357, 46.80105], [29.477976, 46.80092], [29.477855, 46.800876], [29.477383, 46.800746], [29.477094, 46.800742], [29.476987, 46.800771], [29.476941, 46.800781], [29.47686, 46.80081], [29.47636, 46.801118], [29.47573, 46.801628], [29.475434, 46.801856], [29.474899, 46.802281], [29.474536, 46.802571], [29.474296, 46.802762], [29.473597, 46.803331], [29.473161, 46.803665], [29.472254, 46.804406], [29.471565, 46.804936], [29.471027, 46.80536], [29.470186, 46.806024], [29.469518, 46.806552], [29.468717, 46.807184], [29.468656, 46.807232], [29.467349, 46.8072], [29.465556, 46.807473], [29.465504, 46.807481], [29.465119, 46.807539], [29.465047, 46.80755], [29.464808, 46.807587], [29.463935, 46.807719], [29.46286, 46.807883], [29.462674, 46.807911], [29.462239, 46.807978], [29.460303, 46.808272], [29.459187, 46.808442], [29.458931, 46.808495], [29.458683, 46.808571], [29.458492, 46.808687], [29.458487, 46.808692], [29.458333, 46.808822], [29.458215, 46.808977], [29.458152, 46.809103], [29.458101, 46.809249], [29.45809, 46.80947], [29.458116, 46.809684], [29.458431, 46.811569], [29.458536, 46.812201], [29.458552, 46.812296], [29.458603, 46.812611], [29.458696, 46.81319], [29.458749, 46.813496], [29.458801, 46.813814], [29.459073, 46.815478], [29.459158, 46.816022], [29.459218, 46.816405], [29.459237, 46.816539], [29.459283, 46.816879], [29.459315, 46.817013], [29.459458, 46.817429], [29.459866, 46.818476], [29.46028, 46.819581], [29.460603, 46.820524], [29.460719, 46.820828], [29.460777, 46.820981], [29.460848, 46.821166], [29.461002, 46.821571], [29.461247, 46.822177], [29.461309, 46.82233], [29.461616, 46.823072], [29.462539, 46.822808], [29.464596, 46.822266], [29.464986, 46.822163], [29.465039, 46.822341]]}, "properties": {"uid": "w302074741", "kind": "forced_brewery", "distance_km": 6.5225, "duration_s": 411.2}}, {"type": "Feature", "geometry": {"type": "Point", "coordinates": [29.46526, 46.82231]}, "properties": {"uid": "w302074741", "kind": "home", "zone": 3}}, {"type": "Feature", "geometry": {"type": "LineString", "coordinates": [[29.483304, 46.824154], [29.482844, 46.824291], [29.482491, 46.824396], [29.482349, 46.824444], [29.482205, 46.824488], [29.481962, 46.824563], [29.481627, 46.824666], [29.481337, 46.824756], [29.480644, 46.824966], [29.478998, 46.825477], [29.478436, 46.824305], [29.478401, 46.824233], [29.478353, 46.824127], [29.478271, 46.823947], [29.478197, 46.823784], [29.478159, 46.823697], [29.477734, 46.822752], [29.477529, 46.822297], [29.47743, 46.822065], [29.476836, 46.820674], [29.47675, 46.820471], [29.47672, 46.8204], [29.476675, 46.820291], [29.476443, 46.819718], [29.476235, 46.819214], [29.475988, 46.818625], [29.475958, 46.818544], [29.475908, 46.81844], [29.47512, 46.816695], [29.475107, 46.816658], [29.475056, 46.816552], [29.474795, 46.815948], [29.474678, 46.815674], [29.474497, 46.815283], [29.474342, 46.814946], [29.474006, 46.814758], [29.473798, 46.814601], [29.473248, 46.813901], [29.473152, 46.813774], [29.472939, 46.81346], [29.472889, 46.813386], [29.472811, 46.813271], [29.472404, 46.81268], [29.472268, 46.812462], [29.472043, 46.812159], [29.471773, 46.811769], [29.471593, 46.811509], [29.471387, 46.811232], [29.47108, 46.810815], [29.470915, 46.810614], [29.470824, 46.810505], [29.468897, 46.808761], [29.468497, 46.808399], [29.468294, 46.808215], [29.468184, 46.808105], [29.468083, 46.808001], [29.468027, 46.807937], [29.467919, 46.807815], [29.467349, 46.8072], [29.465556, 46.807473], [29.465504, 46.807481], [29.465119, 46.807539], [29.465047, 46.80755], [29.464808, 46.807587], [29.463935, 46.807719], [29.46286, 46.807883], [29.462674, 46.807911], [29.462239, 46.807978], [29.460303, 46.808272], [29.459187, 46.808442], [29.458931, 46.808495], [29.458683, 46.808571], [29.458492, 46.808687], [29.458487, 46.808692], [29.458333, 46.808822], [29.458215, 46.808977], [29.458152, 46.809103], [29.458101, 46.809249], [29.45809, 46.80947], [29.458116, 46.809684], [29.458431, 46.811569], [29.458536, 46.812201], [29.458552, 46.812296], [29.458603, 46.812611], [29.458696, 46.81319], [29.458749, 46.813496], [29.458801, 46.813814], [29.459073, 46.815478], [29.459158, 46.816022], [29.459218, 46.816405], [29.459237, 46.816539], [29.459283, 46.816879], [29.459315, 46.817013], [29.459458, 46.817429], [29.459866, 46.818476], [29.46028, 46.819581], [29.460603, 46.820524], [29.460719, 46.820828], [29.460777, 46.820981], [29.460848, 46.821166], [29.461002, 46.821571], [29.461247, 46.822177], [29.461309, 46.82233], [29.461616, 46.823072], [29.462539, 46.822808], [29.462957, 46.823607], [29.463105, 46.823781], [29.463509, 46.824336], [29.465168, 46.823841], [29.46522, 46.823784], [29.465272, 46.823657]]}, "properties": {"uid": "n4835050371", "kind": "fastest", "distance_km": 5.3581, "duration_s": 380.8}}, {"type": "Feature", "geometry": {"type": "LineString", "coordinates": [[29.483304, 46.824154], [29.482844, 46.824291], [29.482491, 46.824396], [29.482349, 46.824444], [29.482205, 46.824488], [29.481962, 46.824563], [29.481627, 46.824666], [29.481337, 46.824756], [29.480644, 46.824966], [29.478998, 46.825477], [29.478436, 46.824305], [29.478401, 46.824233], [29.478353, 46.824127], [29.478271, 46.823947], [29.478197, 46.823784], [29.478159, 46.823697], [29.477734, 46.822752], [29.477529, 46.822297], [29.47743, 46.822065], [29.476836, 46.820674], [29.47675, 46.820471], [29.47672, 46.8204], [29.476675, 46.820291], [29.476443, 46.819718], [29.476235, 46.819214], [29.475988, 46.818625], [29.475958, 46.818544], [29.475908, 46.81844], [29.47512, 46.816695], [29.475107, 46.816658], [29.475056, 46.816552], [29.474795, 46.815948], [29.474678, 46.815674], [29.474497, 46.815283], [29.474342, 46.814946], [29.474006, 46.814758], [29.473798, 46.814601], [29.473248, 46.813901], [29.473152, 46.813774], [29.472939, 46.81346], [29.472889, 46.813386], [29.472811, 46.813271], [29.472404, 46.81268], [29.472268, 46.812462], [29.472043, 46.812159], [29.471773, 46.811769], [29.471593, 46.811509], [29.471387, 46.811232], [29.47108, 46.810815], [29.470915, 46.810614], [29.470824, 46.810505], [29.468897, 46.808761], [29.468497, 46.808399], [29.468294, 46.808215], [29.468184, 46.808105], [29.468083, 46.808001], [29.468027, 46.807937], [29.467919, 46.807815], [29.467349, 46.8072], [29.465556, 46.807473], [29.465504, 46.807481], [29.465119, 46.807539], [29.465047, 46.80755], [29.464808, 46.807587], [29.463935, 46.807719], [29.46286, 46.807883], [29.462674, 46.807911], [29.462239, 46.807978], [29.460303, 46.808272], [29.459187, 46.808442], [29.458931, 46.808495], [29.458683, 46.808571], [29.458492, 46.808687], [29.458487, 46.808692], [29.458333, 46.808822], [29.458215, 46.808977], [29.458152, 46.809103], [29.458101, 46.809249], [29.45809, 46.80947], [29.458116, 46.809684], [29.458431, 46.811569], [29.458536, 46.812201], [29.458552, 46.812296], [29.458603, 46.812611], [29.458696, 46.81319], [29.458749, 46.813496], [29.458801, 46.813814], [29.459073, 46.815478], [29.459158, 46.816022], [29.459218, 46.816405], [29.459237, 46.816539], [29.459283, 46.816879], [29.459315, 46.817013], [29.459458, 46.817429], [29.459866, 46.818476], [29.46028, 46.819581], [29.460603, 46.820524], [29.460719, 46.820828], [29.460777, 46.820981], [29.460848, 46.821166], [29.461002, 46.821571], [29.461247, 46.822177], [29.461309, 46.82233], [29.461616, 46.823072], [29.462539, 46.822808], [29.462957, 46.823607], [29.463105, 46.823781], [29.463509, 46.824336], [29.465168, 46.823841], [29.46522, 46.823784], [29.465272, 46.823657]]}, "properties": {"uid": "n4835050371", "kind": "shortest", "distance_km": 5.3581, "duration_s": 380.8}}, {"type": "Feature", "geometry": {"type": "LineString", "coordinates": [[29.483304, 46.824154], [29.483349, 46.824141], [29.483782, 46.824007], [29.483939, 46.823959], [29.484097, 46.823912], [29.484045, 46.823804], [29.483968, 46.82365], [29.483598, 46.822917], [29.483541, 46.822802], [29.483438, 46.822597], [29.483413, 46.822548], [29.483266, 46.822256], [29.483156, 46.822035], [29.482987, 46.821682], [29.482702, 46.821096], [29.482665, 46.821016], [29.482621, 46.820922], [29.481816, 46.819246], [29.481581, 46.818781], [29.481307, 46.818242], [29.480897, 46.817434], [29.480303, 46.816248], [29.479955, 46.815529], [29.479802, 46.815218], [29.479615, 46.814835], [29.479565, 46.81473], [29.479228, 46.814029], [29.479192, 46.813942], [29.479192, 46.813823], [29.479191, 46.813386], [29.479254, 46.813131], [29.479314, 46.812949], [29.479424, 46.812616], [29.479884, 46.811678], [29.480247, 46.810563], [29.480416, 46.809954], [29.480386, 46.809206], [29.480376, 46.808582], [29.480383, 46.808286], [29.480368, 46.805922], [29.480378, 46.805506], [29.480359, 46.804529], [29.480345, 46.804451], [29.48029, 46.804151], [29.479899, 46.803303], [29.479789, 46.803075], [29.479247, 46.801887], [29.479126, 46.801609], [29.479067, 46.801521], [29.478978, 46.80143], [29.478849, 46.801323], [29.478691, 46.80122], [29.478567, 46.801146], [29.478357, 46.80105], [29.477976, 46.80092], [29.477855, 46.800876], [29.477383, 46.800746], [29.477094, 46.800742], [29.476987, 46.800771], [29.476941, 46.800781], [29.47686, 46.80081], [29.47636, 46.801118], [29.47573, 46.801628], [29.475434, 46.801856], [29.474899, 46.802281], [29.474536, 46.802571], [29.474296, 46.802762], [29.473597, 46.803331], [29.473161, 46.803665], [29.472254, 46.804406], [29.471565, 46.804936], [29.471027, 46.80536], [29.470186, 46.806024], [29.469518, 46.806552], [29.468717, 46.807184], [29.468656, 46.807232], [29.467349, 46.8072], [29.465556, 46.807473], [29.465504, 46.807481], [29.465119, 46.807539], [29.465047, 46.80755], [29.464808, 46.807587], [29.463935, 46.807719], [29.46286, 46.807883], [29.462674, 46.807911], [29.462239, 46.807978], [29.460303, 46.808272], [29.459187, 46.808442], [29.458931, 46.808495], [29.458683, 46.808571], [29.458492, 46.808687], [29.458487, 46.808692], [29.458333, 46.808822], [29.458215, 46.808977], [29.458152, 46.809103], [29.458101, 46.809249], [29.45809, 46.80947], [29.458116, 46.809684], [29.458431, 46.811569], [29.458536, 46.812201], [29.458552, 46.812296], [29.458603, 46.812611], [29.458696, 46.81319], [29.458749, 46.813496], [29.458801, 46.813814], [29.459073, 46.815478], [29.459158, 46.816022], [29.459218, 46.816405], [29.459237, 46.816539], [29.459283, 46.816879], [29.459315, 46.817013], [29.459458, 46.817429], [29.459866, 46.818476], [29.46028, 46.819581], [29.460603, 46.820524], [29.460719, 46.820828], [29.460777, 46.820981], [29.460848, 46.821166], [29.461002, 46.821571], [29.461247, 46.822177], [29.461309, 46.82233], [29.461616, 46.823072], [29.462539, 46.822808], [29.462957, 46.823607], [29.463105, 46.823781], [29.463509, 46.824336], [29.465168, 46.823841], [29.46522, 46.823784], [29.465272, 46.823657]]}, "properties": {"uid": "n4835050371", "kind": "forced_brewery", "distance_km": 6.6482, "duration_s": 430.7}}, {"type": "Feature", "geometry": {"type": "Point", "coordinates": [29.46508, 46.82362]}, "properties": {"uid": "n4835050371", "kind": "home", "zone": 3}}, {"type": "Feature", "geometry": {"type": "LineString", "coordinates": [[29.483304, 46.824154], [29.482844, 46.824291], [29.482491, 46.824396], [29.482349, 46.824444], [29.482205, 46.824488], [29.481962, 46.824563], [29.481627, 46.824666], [29.481337, 46.824756], [29.480644, 46.824966], [29.478998, 46.825477], [29.478436, 46.824305], [29.478401, 46.824233], [29.478353, 46.824127], [29.478271, 46.823947], [29.478197, 46.823784], [29.478159, 46.823697], [29.477734, 46.822752], [29.477529, 46.822297], [29.47743, 46.822065], [29.476836, 46.820674], [29.47675, 46.820471], [29.47672, 46.8204], [29.476675, 46.820291], [29.476443, 46.819718], [29.476235, 46.819214], [29.475988, 46.818625], [29.475958, 46.818544], [29.475908, 46.81844], [29.47512, 46.816695], [29.475107, 46.816658], [29.475056, 46.816552], [29.474795, 46.815948], [29.474678, 46.815674], [29.474497, 46.815283], [29.474342, 46.814946], [29.474006, 46.814758], [29.473798, 46.814601], [29.473248, 46.813901], [29.473152, 46.813774], [29.472939, 46.81346], [29.472889, 46.813386], [29.472811, 46.813271], [29.472404, 46.81268], [29.472268, 46.812462], [29.472043, 46.812159], [29.471773, 46.811769], [29.471593, 46.811509], [29.471387, 46.811232], [29.47108, 46.810815], [29.470915, 46.810614], [29.470824, 46.810505], [29.468897, 46.808761], [29.468497, 46.808399], [29.468294, 46.808215], [29.468184, 46.808105], [29.468083, 46.808001], [29.468027, 46.807937], [29.467919, 46.807815], [29.467349, 46.8072], [29.465556, 46.807473], [29.465504, 46.807481], [29.465119, 46.807539], [29.465047, 46.80755], [29.464808, 46.807587], [29.463935, 46.807719], [29.46286, 46.807883], [29.462674, 46.807911], [29.462239, 46.807978], [29.460303, 46.808272], [29.459187, 46.808442], [29.458931, 46.808495], [29.458683, 46.808571], [29.458492, 46.808687], [29.458487, 46.808692], [29.458333, 46.808822], [29.458215, 46.808977], [29.458152, 46.809103], [29.458101, 46.809249], [29.45809, 46.80947], [29.458116, 46.809684], [29.458431, 46.811569], [29.458536, 46.812201], [29.458552, 46.812296], [29.458603, 46.812611], [29.458696, 46.81319], [29.458749, 46.813496], [29.458801, 46.813814], [29.459073, 46.815478], [29.459158, 46.816022], [29.459218, 46.816405], [29.459237, 46.816539], [29.459283, 46.816879], [29.459315, 46.817013], [29.459458, 46.817429], [29.459866, 46.818476], [29.46028, 46.819581], [29.460603, 46.820524], [29.460719, 46.820828], [29.460777, 46.820981], [29.460848, 46.821166], [29.461002, 46.821571], [29.461247, 46.822177], [29.461309, 46.82233], [29.461616, 46.823072], [29.462539, 46.822808], [29.462957, 46.823607], [29.463105, 46.823781], [29.463509, 46.824336], [29.465089, 46.823864]]}, "properties": {"uid": "n4835076144", "kind": "fastest", "distance_km": 5.3294, "duration_s": 376.6}}, {"type": "Feature", "geometry": {"type": "LineString", "coordinates": [[29.483304, 46.824154], [29.482844, 46.824291], [29.482491, 46.824396], [29.482349, 46.824444], [29.482205, 46.824488], [29.481962, 46.824563], [29.481627, 46.824666], [29.481337, 46.824756], [29.480644, 46.824966], [29.478998, 46.825477], [29.478436, 46.824305], [29.478401, 46.824233], [29.478353, 46.824127], [29.478271, 46.823947], [29.478197, 46.823784], [29.478159, 46.823697], [29.477734, 46.822752], [29.477529, 46.822297], [29.47743, 46.822065], [29.476836, 46.820674], [29.47675, 46.820471], [29.47672, 46.8204], [29.476675, 46.820291], [29.476443, 46.819718], [29.476235, 46.819214], [29.475988, 46.818625], [29.475958, 46.818544], [29.475908, 46.81844], [29.47512, 46.816695], [29.475107, 46.816658], [29.475056, 46.816552], [29.474795, 46.815948], [29.474678, 46.815674], [29.474497, 46.815283], [29.474342, 46.814946], [29.474006, 46.814758], [29.473798, 46.814601], [29.473248, 46.813901], [29.473152, 46.813774], [29.472939, 46.81346], [29.472889, 46.813386], [29.472811, 46.813271], [29.472404, 46.81268], [29.472268, 46.812462], [29.472043, 46.812159], [29.471773, 46.811769], [29.471593, 46.811509], [29.471387, 46.811232], [29.47108, 46.810815], [29.470915, 46.810614], [29.470824, 46.810505], [29.468897, 46.808761], [29.468497, 46.808399], [29.468294, 46.808215], [29.468184, 46.808105], [29.468083, 46.808001], [29.468027, 46.807937], [29.467919, 46.807815], [29.467349, 46.8072], [29.465556, 46.807473], [29.465504, 46.807481], [29.465119, 46.807539], [29.465047, 46.80755], [29.464808, 46.807587], [29.463935, 46.807719], [29.46286, 46.807883], [29.462674, 46.807911], [29.462239, 46.807978], [29.460303, 46.808272], [29.459187, 46.808442], [29.458931, 46.808495], [29.458683, 46.808571], [29.458492, 46.808687], [29.458487, 46.808692], [29.458333, 46.808822], [29.458215, 46.808977], [29.458152, 46.809103], [29.458101, 46.809249], [29.45809, 46.80947], [29.458116, 46.809684], [29.458431, 46.811569], [29.458536, 46.812201], [29.458552, 46.812296], [29.458603, 46.812611], [29.458696, 46.81319], [29.458749, 46.813496], [29.458801, 46.813814], [29.459073, 46.815478], [29.459158, 46.816022], [29.459218, 46.816405], [29.459237, 46.816539], [29.459283, 46.816879], [29.459315, 46.817013], [29.459458, 46.817429], [29.459866, 46.818476], [29.46028, 46.819581], [29.460603, 46.820524], [29.460719, 46.820828], [29.460777, 46.820981], [29.460848, 46.821166], [29.461002, 46.821571], [29.461247, 46.822177], [29.461309, 46.82233], [29.461616, 46.823072], [29.462539, 46.822808], [29.462957, 46.823607], [29.463105, 46.823781], [29.463509, 46.824336], [29.465089, 46.823864]]}, "properties": {"uid": "n4835076144", "kind": "shortest", "distance_km": 5.3294, "duration_s": 376.6}}, {"type": "Feature", "geometry": {"type": "LineString", "coordinates": [[29.483304, 46.824154], [29.483349, 46.824141], [29.483782, 46.824007], [29.483939, 46.823959], [29.484097, 46.823912], [29.484045, 46.823804], [29.483968, 46.82365], [29.483598, 46.822917], [29.483541, 46.822802], [29.483438, 46.822597], [29.483413, 46.822548], [29.483266, 46.822256], [29.483156, 46.822035], [29.482987, 46.821682], [29.482702, 46.821096], [29.482665, 46.821016], [29.482621, 46.820922], [29.481816, 46.819246], [29.481581, 46.818781], [29.481307, 46.818242], [29.480897, 46.817434], [29.480303, 46.816248], [29.479955, 46.815529], [29.479802, 46.815218], [29.479615, 46.814835], [29.479565, 46.81473], [29.479228, 46.814029], [29.479192, 46.813942], [29.479192, 46.813823], [29.479191, 46.813386], [29.479254, 46.813131], [29.479314, 46.812949], [29.479424, 46.812616], [29.479884, 46.811678], [29.480247, 46.810563], [29.480416, 46.809954], [29.480386, 46.809206], [29.480376, 46.808582], [29.480383, 46.808286], [29.480368, 46.805922], [29.480378, 46.805506], [29.480359, 46.804529], [29.480345, 46.804451], [29.48029, 46.804151], [29.479899, 46.803303], [29.479789, 46.803075], [29.479247, 46.801887], [29.479126, 46.801609], [29.479067, 46.801521], [29.478978, 46.80143], [29.478849, 46.801323], [29.478691, 46.80122], [29.478567, 46.801146], [29.478357, 46.80105], [29.477976, 46.80092], [29.477855, 46.800876], [29.477383, 46.800746], [29.477094, 46.800742], [29.476987, 46.800771], [29.476941, 46.800781], [29.47686, 46.80081], [29.47636, 46.801118], [29.47573, 46.801628], [29.475434, 46.801856], [29.474899, 46.802281], [29.474536, 46.802571], [29.474296, 46.802762], [29.473597, 46.803331], [29.473161, 46.803665], [29.472254, 46.804406], [29.471565, 46.804936], [29.471027, 46.80536], [29.470186, 46.806024], [29.469518, 46.806552], [29.468717, 46.807184], [29.468656, 46.807232], [29.467349, 46.8072], [29.465556, 46.807473], [29.465504, 46.807481], [29.465119, 46.807539], [29.465047, 46.80755], [29.464808, 46.807587], [29.463935, 46.807719], [29.46286, 46.807883], [29.462674, 46.807911], [29.462239, 46.807978], [29.460303, 46.808272], [29.459187, 46.808442], [29.458931, 46.808495], [29.458683, 46.808571], [29.458492, 46.808687], [29.458487, 46.808692], [29.458333, 46.808822], [29.458215, 46.808977], [29.458152, 46.809103], [29.458101, 46.809249], [29.45809, 46.80947], [29.458116, 46.809684], [29.458431, 46.811569], [29.458536, 46.812201], [29.458552, 46.812296], [29.458603, 46.812611], [29.458696, 46.81319], [29.458749, 46.813496], [29.458801, 46.813814], [29.459073, 46.815478], [29.459158, 46.816022], [29.459218, 46.816405], [29.459237, 46.816539], [29.459283, 46.816879], [29.459315, 46.817013], [29.459458, 46.817429], [29.459866, 46.818476], [29.46028, 46.819581], [29.460603, 46.820524], [29.460719, 46.820828], [29.460777, 46.820981], [29.460848, 46.821166], [29.461002, 46.821571], [29.461247, 46.822177], [29.461309, 46.82233], [29.461616, 46.823072], [29.462539, 46.822808], [29.462957, 46.823607], [29.463105, 46.823781], [29.463509, 46.824336], [29.465089, 46.823864]]}, "properties": {"uid": "n4835076144", "kind": "forced_brewery", "distance_km": 6.6195, "duration_s": 426.5}}, {"type": "Feature", "geometry": {"type": "Point", "coordinates": [29.46501, 46.82374]}, "properties": {"uid": "n4835076144", "kind": "home", "zone": 3}}, {"type": "Feature", "geometry": {"type": "LineString", "coordinates": [[29.483304, 46.824154], [29.482844, 46.824291], [29.482491, 46.824396], [29.482349, 46.824444], [29.482205, 46.824488], [29.481962, 46.824563], [29.481627, 46.824666], [29.481337, 46.824756], [29.480644, 46.824966], [29.478998, 46.825477], [29.478436, 46.824305], [29.478401, 46.824233], [29.478353, 46.824127], [29.478271, 46.823947], [29.478197, 46.823784], [29.478159, 46.823697], [29.477734, 46.822752], [29.477529, 46.822297], [29.47743, 46.822065], [29.476836, 46.820674], [29.47675, 46.820471], [29.47672, 46.8204], [29.476675, 46.820291], [29.476443, 46.819718], [29.476235, 46.819214], [29.475988, 46.818625], [29.475958, 46.818544], [29.475908, 46.81844], [29.47512, 46.816695], [29.475107, 46.816658], [29.475056, 46.816552], [29.474795, 46.815948], [29.474678, 46.815674], [29.474497, 46.815283], [29.474342, 46.814946], [29.474006, 46.814758], [29.473798, 46.814601], [29.473248, 46.813901], [29.473152, 46.813774], [29.472939, 46.81346], [29.472889, 46.813386], [29.472811, 46.813271], [29.472404, 46.81268], [29.472268, 46.812462], [29.472043, 46.812159], [29.471773, 46.811769], [29.471593, 46.811509], [29.471387, 46.811232], [29.47108, 46.810815], [29.470915, 46.810614], [29.470824, 46.810505], [29.468897, 46.808761], [29.468497, 46.808399], [29.468294, 46.808215], [29.468184, 46.808105], [29.468083, 46.808001], [29.468027, 46.807937], [29.467919, 46.807815], [29.467349, 46.8072], [29.465556, 46.807473], [29.465504, 46.807481], [29.465119, 46.807539], [29.465047, 46.80755], [29.464808, 46.807587], [29.463935, 46.807719], [29.46286, 46.807883], [29.462674, 46.807911], [29.462239, 46.807978], [29.460303, 46.808272], [29.459187, 46.808442], [29.458931, 46.808495], [29.458683, 46.808571], [29.458492, 46.808687], [29.458487, 46.808692], [29.458333, 46.808822], [29.458215, 46.808977], [29.458152, 46.809103], [29.458101, 46.809249], [29.45809, 46.80947], [29.458116, 46.809684], [29.458431, 46.811569], [29.458536, 46.812201], [29.458552, 46.812296], [29.458603, 46.812611], [29.458696, 46.81319], [29.458749, 46.813496], [29.458801, 46.813814], [29.459073, 46.815478], [29.459158, 46.816022], [29.459218, 46.816405], [29.459237, 46.816539], [29.459283, 46.816879], [29.459315, 46.817013], [29.459458, 46.817429], [29.459866, 46.818476], [29.46028, 46.819581], [29.460603, 46.820524], [29.460719, 46.820828], [29.460777, 46.820981], [29.460848, 46.821166], [29.461002, 46.821571], [29.461247, 46.822177], [29.461309, 46.82233], [29.461616, 46.823072], [29.462539, 46.822808], [29.464596, 46.822266], [29.464986, 46.822163], [29.464973, 46.822118]]}, "properties": {"uid": "w302074740", "kind": "fastest", "distance_km": 5.2172, "duration_s": 354.2}}, {"type": "Feature", "geometry": {"type": "LineString", "coordinates": [[29.483304, 46.824154], [29.482844, 46.824291], [29.482491, 46.824396], [29.482349, 46.824444], [29.482205, 46.824488], [29.481962, 46.824563], [29.481627, 46.824666], [29.481337, 46.824756], [29.480644, 46.824966], [29.478998, 46.825477], [29.478436, 46.824305], [29.478401, 46.824233], [29.478353, 46.824127], [29.478271, 46.823947], [29.478197, 46.823784], [29.478159, 46.823697], [29.477734, 46.822752], [29.477529, 46.822297], [29.47743, 46.822065], [29.476836, 46.820674], [29.47675, 46.820471], [29.47672, 46.8204], [29.476675, 46.820291], [29.476443, 46.819718], [29.476235, 46.819214], [29.475988, 46.818625], [29.475958, 46.818544], [29.475908, 46.81844], [29.47512, 46.816695], [29.475107, 46.816658], [29.475056, 46.816552], [29.474795, 46.815948], [29.474678, 46.815674], [29.474497, 46.815283], [29.474342, 46.814946], [29.474006, 46.814758], [29.473798, 46.814601], [29.473248, 46.813901], [29.473152, 46.813774], [29.472939, 46.81346], [29.472889, 46.813386], [29.472811, 46.813271], [29.472404, 46.81268], [29.472268, 46.812462], [29.472043, 46.812159], [29.471773, 46.811769], [29.471593, 46.811509], [29.471387, 46.811232], [29.47108, 46.810815], [29.470915, 46.810614], [29.470824, 46.810505], [29.468897, 46.808761], [29.468497, 46.808399], [29.468294, 46.808215], [29.468184, 46.808105], [29.468083, 46.808001], [29.468027, 46.807937], [29.467919, 46.807815], [29.467349, 46.8072], [29.465556, 46.807473], [29.465504, 46.807481], [29.465119, 46.807539], [29.465047, 46.80755], [29.464808, 46.807587], [29.463935, 46.807719], [29.46286, 46.807883], [29.462674, 46.807911], [29.462239, 46.807978], [29.460303, 46.808272], [29.459187, 46.808442], [29.458931, 46.808495], [29.458683, 46.808571], [29.458492, 46.808687], [29.458487, 46.808692], [29.458333, 46.808822], [29.458215, 46.808977], [29.458152, 46.809103], [29.458101, 46.809249], [29.45809, 46.80947], [29.458116, 46.809684], [29.458431, 46.811569], [29.458536, 46.812201], [29.458552, 46.812296], [29.458603, 46.812611], [29.458696, 46.81319], [29.458749, 46.813496], [29.458801, 46.813814], [29.459073, 46.815478], [29.459158, 46.816022], [29.459218, 46.816405], [29.459237, 46.816539], [29.459283, 46.816879], [29.459315, 46.817013], [29.459458, 46.817429], [29.459866, 46.818476], [29.46028, 46.819581], [29.460603, 46.820524], [29.460719, 46.820828], [29.460777, 46.820981], [29.460848, 46.821166], [29.461002, 46.821571], [29.461247, 46.822177], [29.461309, 46.82233], [29.461616, 46.823072], [29.462539, 46.822808], [29.464596, 46.822266], [29.464986, 46.822163], [29.464973, 46.822118]]}, "properties": {"uid": "w302074740", "kind": "shortest", "distance_km": 5.2172, "duration_s": 354.2}}, {"type": "Feature", "geometry": {"type": "LineString", "coordinates": [[29.483304, 46.824154], [29.483349, 46.824141], [29.483782, 46.824007], [29.483939, 46.823959], [29.484097, 46.823912], [29.484045, 46.823804], [29.483968, 46.82365], [29.483598, 46.822917], [29.483541, 46.822802], [29.483438, 46.822597], [29.483413, 46.822548], [29.483266, 46.822256], [29.483156, 46.822035], [29.482987, 46.821682], [29.482702, 46.821096], [29.482665, 46.821016], [29.482621, 46.820922], [29.481816, 46.819246], [29.481581, 46.818781], [29.481307, 46.818242], [29.480897, 46.817434], [29.480303, 46.816248], [29.479955, 46.815529], [29.479802, 46.815218], [29.479615, 46.814835], [29.479565, 46.81473], [29.479228, 46.814029], [29.479192, 46.813942], [29.479192, 46.813823], [29.479191, 46.813386], [29.479254, 46.813131], [29.479314, 46.812949], [29.479424, 46.812616], [29.479884, 46.811678], [29.480247, 46.810563], [29.480416, 46.809954], [29.480386, 46.809206], [29.480376, 46.808582], [29.480383, 46.808286], [29.480368, 46.805922], [29.480378, 46.805506], [29.480359, 46.804529], [29.480345, 46.804451], [29.48029, 46.804151], [29.479899, 46.803303], [29.479789, 46.803075], [29.479247, 46.801887], [29.479126, 46.801609], [29.479067, 46.801521], [29.478978, 46.80143], [29.478849, 46.801323], [29.478691, 46.80122], [29.478567, 46.801146], [29.478357, 46.80105], [29.477976, 46.80092], [29.477855, 46.800876], [29.477383, 46.800746], [29.477094, 46.800742], [29.476987, 46.800771], [29.476941, 46.800781], [29.47686, 46.80081], [29.47636, 46.801118], [29.47573, 46.801628], [29.475434, 46.801856], [29.474899, 46.802281], [29.474536, 46.802571], [29.474296, 46.802762], [29.473597, 46.803331], [29.473161, 46.803665], [29.472254, 46.804406], [29.471565, 46.804936], [29.471027, 46.80536], [29.470186, 46.806024], [29.469518, 46.806552], [29.468717, 46.807184], [29.468656, 46.807232], [29.467349, 46.8072], [29.465556, 46.807473], [29.465504, 46.807481], [29.465119, 46.807539], [29.465047, 46.80755], [29.464808, 46.807587], [29.463935, 46.807719], [29.46286, 46.807883], [29.462674, 46.807911], [29.462239, 46.807978], [29.460303, 46.808272], [29.459187, 46.808442], [29.458931, 46.808495], [29.458683, 46.808571], [29.458492, 46.808687], [29.458487, 46.808692], [29.458333, 46.808822], [29.458215, 46.808977], [29.458152, 46.809103], [29.458101, 46.809249], [29.45809, 46.80947], [29.458116, 46.809684], [29.458431, 46.811569], [29.458536, 46.812201], [29.458552, 46.812296], [29.458603, 46.812611], [29.458696, 46.81319], [29.458749, 46.813496], [29.458801, 46.813814], [29.459073, 46.815478], [29.459158, 46.816022], [29.459218, 46.816405], [29.459237, 46.816539], [29.459283, 46.816879], [29.459315, 46.817013], [29.459458, 46.817429], [29.459866, 46.818476], [29.46028, 46.819581], [29.460603, 46.820524], [29.460719, 46.820828], [29.460777, 46.820981], [29.460848, 46.821166], [29.461002, 46.821571], [29.461247, 46.822177], [29.461309, 46.82233], [29.461616, 46.823072], [29.462539, 46.822808], [29.464596, 46.822266], [29.464986, 46.822163], [29.464973, 46.822118]]}, "properties": {"uid": "w302074740", "kind": "forced_brewery", "distance_km": 6.5074, "duration_s": 404.1}}, {"type": "Feature", "geometry": {"type": "Point", "coordinates": [29.46518, 46.82209]}, "properties": {"uid": "w302074740", "kind": "home", "zone": 3}}, {"type": "Feature", "geometry": {"type": "LineString", "coordinates": [[29.483304, 46.824154], [29.482844, 46.824291], [29.482491, 46.824396], [29.482349, 46.824444], [29.482205, 46.824488], [29.481962, 46.824563], [29.481627, 46.824666], [29.481337, 46.824756], [29.480644, 46.824966], [29.478998, 46.825477], [29.478436, 46.824305], [29.478401, 46.824233], [29.478353, 46.824127], [29.478271, 46.823947], [29.478197, 46.823784], [29.478159, 46.823697], [29.477734, 46.822752], [29.477529, 46.822297], [29.47743, 46.822065], [29.476836, 46.820674], [29.47675, 46.820471], [29.47672, 46.8204], [29.476675, 46.820291], [29.476443, 46.819718], [29.476235, 46.819214], [29.475988, 46.818625], [29.475958, 46.818544], [29.475908, 46.81844], [29.47512, 46.816695], [29.475107, 46.816658], [29.475056, 46.816552], [29.474795, 46.815948], [29.474678, 46.815674], [29.474497, 46.815283], [29.474342, 46.814946], [29.474006, 46.814758], [29.473798, 46.814601], [29.473248, 46.813901], [29.473152, 46.813774], [29.472939, 46.81346], [29.472889, 46.813386], [29.472811, 46.813271], [29.472404, 46.81268], [29.472268, 46.812462], [29.472043, 46.812159], [29.471773, 46.811769], [29.471593, 46.811509], [29.471387, 46.811232], [29.47108, 46.810815], [29.470915, 46.810614], [29.470824, 46.810505], [29.468897, 46.808761], [29.468497, 46.808399], [29.468294, 46.808215], [29.468184, 46.808105], [29.468083, 46.808001], [29.468027, 46.807937], [29.467919, 46.807815], [29.467349, 46.8072], [29.465556, 46.807473], [29.465504, 46.807481], [29.465119, 46.807539], [29.465047, 46.80755], [29.464808, 46.807587], [29.463935, 46.807719], [29.46286, 46.807883], [29.462674, 46.807911], [29.462239, 46.807978], [29.460303, 46.808272], [29.459187, 46.808442], [29.458931, 46.808495], [29.458683, 46.808571], [29.458492, 46.808687], [29.458487, 46.808692], [29.458333, 46.808822], [29.458215, 46.808977], [29.458152, 46.809103], [29.458101, 46.809249], [29.45809, 46.80947], [29.458116, 46.809684], [29.458431, 46.811569], [29.458536, 46.812201], [29.458552, 46.812296], [29.458603, 46.812611], [29.458696, 46.81319], [29.458749, 46.813496], [29.458801, 46.813814], [29.459073, 46.815478], [29.459158, 46.816022], [29.459218, 46.816405], [29.459237, 46.816539], [29.459283, 46.816879], [29.459315, 46.817013], [29.459458, 46.817429], [29.459866, 46.818476], [29.46028, 46.819581], [29.460603, 46.820524], [29.460719, 46.820828], [29.460777, 46.820981], [29.460848, 46.821166], [29.461002, 46.821571], [29.461247, 46.822177], [29.461309, 46.82233], [29.461616, 46.823072], [29.462539, 46.822808], [29.464596, 46.822266], [29.464986, 46.822163], [29.465223, 46.822955], [29.46535, 46.823051], [29.46533, 46.82336]]}, "properties": {"uid": "n4835050372", "kind": "fastest", "distance_km": 5.3508, "duration_s": 378.4}}, {"type": "Feature", "geometry": {"type": "LineString", "coordinates": [[29.483304, 46.824154], [29.482844, 46.824291], [29.482491, 46.824396], [29.482349, 46.824444], [29.482205, 46.824488], [29.481962, 46.824563], [29.481627, 46.824666], [29.481337, 46.824756], [29.480644, 46.824966], [29.478998, 46.825477], [29.478436, 46.824305], [29.478401, 46.824233], [29.478353, 46.824127], [29.478271, 46.823947], [29.478197, 46.823784], [29.478159, 46.823697], [29.477734, 46.822752], [29.477529, 46.822297], [29.47743, 46.822065], [29.476836, 46.820674], [29.47675, 46.820471], [29.47672, 46.8204], [29.476675, 46.820291], [29.476443, 46.819718], [29.476235, 46.819214], [29.475988, 46.818625], [29.475958, 46.818544], [29.475908, 46.81844], [29.47512, 46.816695], [29.475107, 46.816658], [29.475056, 46.816552], [29.474795, 46.815948], [29.474678, 46.815674], [29.474497, 46.815283], [29.474342, 46.814946], [29.474006, 46.814758], [29.473798, 46.814601], [29.473248, 46.813901], [29.473152, 46.813774], [29.472939, 46.81346], [29.472889, 46.813386], [29.472811, 46.813271], [29.472404, 46.81268], [29.472268, 46.812462], [29.472043, 46.812159], [29.471773, 46.811769], [29.471593, 46.811509], [29.471387, 46.811232], [29.47108, 46.810815], [29.470915, 46.810614], [29.470824, 46.810505], [29.468897, 46.808761], [29.468497, 46.808399], [29.468294, 46.808215], [29.468184, 46.808105], [29.468083, 46.808001], [29.468027, 46.807937], [29.467919, 46.807815], [29.467349, 46.8072], [29.465556, 46.807473], [29.465504, 46.807481], [29.465119, 46.807539], [29.465047, 46.80755], [29.464808, 46.807587], [29.463935, 46.807719], [29.46286, 46.807883], [29.462674, 46.807911], [29.462239, 46.807978], [29.460303, 46.808272], [29.459187, 46.808442], [29.458931, 46.808495], [29.458683, 46.808571], [29.458492, 46.808687], [29.458487, 46.808692], [29.458333, 46.808822], [29.458215, 46.808977], [29.458152, 46.809103], [29.458101, 46.809249], [29.45809, 46.80947], [29.458116, 46.809684], [29.458431, 46.811569], [29.458536, 46.812201], [29.458552, 46.812296], [29.458603, 46.812611], [29.458696, 46.81319], [29.458749, 46.813496], [29.458801, 46.813814], [29.459073, 46.815478], [29.459158, 46.816022], [29.459218, 46.816405], [29.459237, 46.816539], [29.459283, 46.816879], [29.459315, 46.817013], [29.459458, 46.817429], [29.459866, 46.818476], [29.46028, 46.819581], [29.460603, 46.820524], [29.460719, 46.820828], [29.460777, 46.820981], [29.460848, 46.821166], [29.461002, 46.821571], [29.461247, 46.822177], [29.461309, 46.82233], [29.461616, 46.823072], [29.462539, 46.822808], [29.464596, 46.822266], [29.464986, 46.822163], [29.465223, 46.822955], [29.46535, 46.823051], [29.46533, 46.82336]]}, "properties": {"uid": "n4835050372", "kind": "shortest", "distance_km": 5.3508, "duration_s": 378.4}}, {"type": "Feature", "geometry": {"type": "LineString", "coordinates": [[29.483304, 46.824154], [29.483349, 46.824141], [29.483782, 46.824007], [29.483939, 46.823959], [29.484097, 46.823912], [29.484045, 46.823804], [29.483968, 46.82365], [29.483598, 46.822917], [29.483541, 46.822802], [29.483438, 46.822597], [29.483413, 46.822548], [29.483266, 46.822256], [29.483156, 46.822035], [29.482987, 46.821682], [29.482702, 46.821096], [29.482665, 46.821016], [29.482621, 46.820922], [29.481816, 46.819246], [29.481581, 46.818781], [29.481307, 46.818242], [29.480897, 46.817434], [29.480303, 46.816248], [29.479955, 46.815529], [29.479802, 46.815218], [29.479615, 46.814835], [29.479565, 46.81473], [29.479228, 46.814029], [29.479192, 46.813942], [29.479192, 46.813823], [29.479191, 46.813386], [29.479254, 46.813131], [29.479314, 46.812949], [29.479424, 46.812616], [29.479884, 46.811678], [29.480247, 46.810563], [29.480416, 46.809954], [29.480386, 46.809206], [29.480376, 46.808582], [29.480383, 46.808286], [29.480368, 46.805922], [29.480378, 46.805506], [29.480359, 46.804529], [29.480345, 46.804451], [29.48029, 46.804151], [29.479899, 46.803303], [29.479789, 46.803075], [29.479247, 46.801887], [29.479126, 46.801609], [29.479067, 46.801521], [29.478978, 46.80143], [29.478849, 46.801323], [29.478691, 46.80122], [29.478567, 46.801146], [29.478357, 46.80105], [29.477976, 46.80092], [29.477855, 46.800876], [29.477383, 46.800746], [29.477094, 46.800742], [29.476987, 46.800771], [29.476941, 46.800781], [29.47686, 46.80081], [29.47636, 46.801118], [29.47573, 46.801628], [29.475434, 46.801856], [29.474899, 46.802281], [29.474536, 46.802571], [29.474296, 46.802762], [29.473597, 46.803331], [29.473161, 46.803665], [29.472254, 46.804406], [29.471565, 46.804936], [29.471027, 46.80536], [29.470186, 46.806024], [29.469518, 46.806552], [29.468717, 46.807184], [29.468656, 46.807232], [29.467349, 46.8072], [29.465556, 46.807473], [29.465504, 46.807481], [29.465119, 46.807539], [29.465047, 46.80755], [29.464808, 46.807587], [29.463935, 46.807719], [29.46286, 46.807883], [29.462674, 46.807911], [29.462239, 46.807978], [29.460303, 46.808272], [29.459187, 46.808442], [29.458931, 46.808495], [29.458683, 46.808571], [29.458492, 46.808687], [29.458487, 46.808692], [29.458333, 46.808822], [29.458215, 46.808977], [29.458152, 46.809103], [29.458101, 46.809249], [29.45809, 46.80947], [29.458116, 46.809684], [29.458431, 46.811569], [29.458536, 46.812201], [29.458552, 46.812296], [29.458603, 46.812611], [29.458696, 46.81319], [29.458749, 46.813496], [29.458801, 46.813814], [29.459073, 46.815478], [29.459158, 46.816022], [29.459218, 46.816405], [29.459237, 46.816539], [29.459283, 46.816879], [29.459315, 46.817013], [29.459458, 46.817429], [29.459866, 46.818476], [29.46028, 46.819581], [29.460603, 46.820524], [29.460719, 46.820828], [29.460777, 46.820981], [29.460848, 46.821166], [29.461002, 46.821571], [29.461247, 46.822177], [29.461309, 46.82233], [29.461616, 46.823072], [29.462539, 46.822808], [29.464596, 46.822266], [29.464986, 46.822163], [29.465223, 46.822955], [29.46535, 46.823051], [29.46533, 46.82336]]}, "properties": {"uid": "n4835050372", "kind": "forced_brewery", "distance_km": 6.641, "duration_s": 428.3}}, {"type": "Feature", "geometry": {"type": "Point", "coordinates": [29.46499, 46.82335]}, "properties": {"uid": "n4835050372", "kind": "home", "zone": 3}}, {"type": "Feature", "geometry": {"type": "LineString", "coordinates": [[29.483304, 46.824154], [29.482844, 46.824291], [29.482491, 46.824396], [29.482349, 46.824444], [29.482205, 46.824488], [29.481962, 46.824563], [29.481627, 46.824666], [29.481337, 46.824756], [29.480644, 46.824966], [29.478998, 46.825477], [29.478436, 46.824305], [29.478401, 46.824233], [29.478353, 46.824127], [29.478271, 46.823947], [29.478197, 46.823784], [29.478159, 46.823697], [29.477734, 46.822752], [29.477529, 46.822297], [29.47743, 46.822065], [29.476836, 46.820674], [29.47675, 46.820471], [29.47672, 46.8204], [29.476675, 46.820291], [29.476443, 46.819718], [29.476235, 46.819214], [29.475988, 46.818625], [29.475958, 46.818544], [29.475908, 46.81844], [29.47512, 46.816695], [29.475107, 46.816658], [29.475056, 46.816552], [29.474795, 46.815948], [29.474678, 46.815674], [29.474497, 46.815283], [29.474342, 46.814946], [29.474006, 46.814758], [29.473798, 46.814601], [29.473248, 46.813901], [29.473152, 46.813774], [29.472939, 46.81346], [29.472889, 46.813386], [29.472811, 46.813271], [29.472404, 46.81268], [29.472268, 46.812462], [29.472043, 46.812159], [29.471773, 46.811769], [29.471593, 46.811509], [29.471387, 46.811232], [29.47108, 46.810815], [29.470915, 46.810614], [29.470824, 46.810505], [29.468897, 46.808761], [29.468497, 46.808399], [29.468294, 46.808215], [29.468184, 46.808105], [29.468083, 46.808001], [29.468027, 46.807937], [29.467919, 46.807815], [29.467349, 46.8072], [29.465556, 46.807473], [29.465504, 46.807481], [29.465119, 46.807539], [29.465047, 46.80755], [29.464808, 46.807587], [29.463935, 46.807719], [29.46286, 46.807883], [29.462674, 46.807911], [29.462239, 46.807978], [29.460303, 46.808272], [29.459187, 46.808442], [29.458931, 46.808495], [29.458683, 46.808571], [29.458492, 46.808687], [29.458487, 46.808692], [29.458333, 46.808822], [29.458215, 46.808977], [29.458152, 46.809103], [29.458101, 46.809249], [29.45809, 46.80947], [29.458116, 46.809684], [29.458431, 46.811569], [29.458536, 46.812201], [29.458552, 46.812296], [29.458603, 46.812611], [29.458696, 46.81319], [29.458749, 46.813496], [29.458801, 46.813814], [29.459073, 46.815478], [29.459158, 46.816022], [29.459218, 46.816405], [29.459237, 46.816539], [29.459283, 46.816879], [29.459315, 46.817013], [29.459458, 46.817429], [29.459866, 46.818476], [29.46028, 46.819581], [29.460603, 46.820524], [29.460719, 46.820828], [29.460777, 46.820981], [29.460848, 46.821166], [29.461002, 46.821571], [29.461247, 46.822177], [29.461309, 46.82233], [29.461616, 46.823072], [29.462539, 46.822808], [29.462957, 46.823607], [29.464748, 46.823088], [29.464913, 46.823042]]}, "properties": {"uid": "n4835076146", "kind": "fastest", "distance_km": 5.2684, "duration_s": 368.5}}, {"type": "Feature", "geometry": {"type": "LineString", "coordinates": [[29.483304, 46.824154], [29.482844, 46.824291], [29.482491, 46.824396], [29.482349, 46.824444], [29.482205, 46.824488], [29.481962, 46.824563], [29.481627, 46.824666], [29.481337, 46.824756], [29.480644, 46.824966], [29.478998, 46.825477], [29.478436, 46.824305], [29.478401, 46.824233], [29.478353, 46.824127], [29.478271, 46.823947], [29.478197, 46.823784], [29.478159, 46.823697], [29.477734, 46.822752], [29.477529, 46.822297], [29.47743, 46.822065], [29.476836, 46.820674], [29.47675, 46.820471], [29.47672, 46.8204], [29.476675, 46.820291], [29.476443, 46.819718], [29.476235, 46.819214], [29.475988, 46.818625], [29.475958, 46.818544], [29.475908, 46.81844], [29.47512, 46.816695], [29.475107, 46.816658], [29.475056, 46.816552], [29.474795, 46.815948], [29.474678, 46.815674], [29.474497, 46.815283], [29.474342, 46.814946], [29.474006, 46.814758], [29.473798, 46.814601], [29.473248, 46.813901], [29.473152, 46.813774], [29.472939, 46.81346], [29.472889, 46.813386], [29.472811, 46.813271], [29.472404, 46.81268], [29.472268, 46.812462], [29.472043, 46.812159], [29.471773, 46.811769], [29.471593, 46.811509], [29.471387, 46.811232], [29.47108, 46.810815], [29.470915, 46.810614], [29.470824, 46.810505], [29.468897, 46.808761], [29.468497, 46.808399], [29.468294, 46.808215], [29.468184, 46.808105], [29.468083, 46.808001], [29.468027, 46.807937], [29.467919, 46.807815], [29.467349, 46.8072], [29.465556, 46.807473], [29.465504, 46.807481], [29.465119, 46.807539], [29.465047, 46.80755], [29.464808, 46.807587], [29.463935, 46.807719], [29.46286, 46.807883], [29.462674, 46.807911], [29.462239, 46.807978], [29.460303, 46.808272], [29.459187, 46.808442], [29.458931, 46.808495], [29.458683, 46.808571], [29.458492, 46.808687], [29.458487, 46.808692], [29.458333, 46.808822], [29.458215, 46.808977], [29.458152, 46.809103], [29.458101, 46.809249], [29.45809, 46.80947], [29.458116, 46.809684], [29.458431, 46.811569], [29.458536, 46.812201], [29.458552, 46.812296], [29.458603, 46.812611], [29.458696, 46.81319], [29.458749, 46.813496], [29.458801, 46.813814], [29.459073, 46.815478], [29.459158, 46.816022], [29.459218, 46.816405], [29.459237, 46.816539], [29.459283, 46.816879], [29.459315, 46.817013], [29.459458, 46.817429], [29.459866, 46.818476], [29.46028, 46.819581], [29.460603, 46.820524], [29.460719, 46.820828], [29.460777, 46.820981], [29.460848, 46.821166], [29.461002, 46.821571], [29.461247, 46.822177], [29.461309, 46.82233], [29.461616, 46.823072], [29.462539, 46.822808], [29.462957, 46.823607], [29.464748, 46.823088], [29.464913, 46.823042]]}, "properties": {"uid": "n4835076146", "kind": "shortest", "distance_km": 5.2684, "duration_s": 368.5}}, {"type": "Feature", "geometry": {"type": "LineString", "coordinates": [[29.483304, 46.824154], [29.483349, 46.824141], [29.483782, 46.824007], [29.483939, 46.823959], [29.484097, 46.823912], [29.484045, 46.823804], [29.483968, 46.82365], [29.483598, 46.822917], [29.483541, 46.822802], [29.483438, 46.822597], [29.483413, 46.822548], [29.483266, 46.822256], [29.483156, 46.822035], [29.482987, 46.821682], [29.482702, 46.821096], [29.482665, 46.821016], [29.482621, 46.820922], [29.481816, 46.819246], [29.481581, 46.818781], [29.481307, 46.818242], [29.480897, 46.817434], [29.480303, 46.816248], [29.479955, 46.815529], [29.479802, 46.815218], [29.479615, 46.814835], [29.479565, 46.81473], [29.479228, 46.814029], [29.479192, 46.813942], [29.479192, 46.813823], [29.479191, 46.813386], [29.479254, 46.813131], [29.479314, 46.812949], [29.479424, 46.812616], [29.479884, 46.811678], [29.480247, 46.810563], [29.480416, 46.809954], [29.480386, 46.809206], [29.480376, 46.808582], [29.480383, 46.808286], [29.480368, 46.805922], [29.480378, 46.805506], [29.480359, 46.804529], [29.480345, 46.804451], [29.48029, 46.804151], [29.479899, 46.803303], [29.479789, 46.803075], [29.479247, 46.801887], [29.479126, 46.801609], [29.479067, 46.801521], [29.478978, 46.80143], [29.478849, 46.801323], [29.478691, 46.80122], [29.478567, 46.801146], [29.478357, 46.80105], [29.477976, 46.80092], [29.477855, 46.800876], [29.477383, 46.800746], [29.477094, 46.800742], [29.476987, 46.800771], [29.476941, 46.800781], [29.47686, 46.80081], [29.47636, 46.801118], [29.47573, 46.801628], [29.475434, 46.801856], [29.474899, 46.802281], [29.474536, 46.802571], [29.474296, 46.802762], [29.473597, 46.803331], [29.473161, 46.803665], [29.472254, 46.804406], [29.471565, 46.804936], [29.471027, 46.80536], [29.470186, 46.806024], [29.469518, 46.806552], [29.468717, 46.807184], [29.468656, 46.807232], [29.467349, 46.8072], [29.465556, 46.807473], [29.465504, 46.807481], [29.465119, 46.807539], [29.465047, 46.80755], [29.464808, 46.807587], [29.463935, 46.807719], [29.46286, 46.807883], [29.462674, 46.807911], [29.462239, 46.807978], [29.460303, 46.808272], [29.459187, 46.808442], [29.458931, 46.808495], [29.458683, 46.808571], [29.458492, 46.808687], [29.458487, 46.808692], [29.458333, 46.808822], [29.458215, 46.808977], [29.458152, 46.809103], [29.458101, 46.809249], [29.45809, 46.80947], [29.458116, 46.809684], [29.458431, 46.811569], [29.458536, 46.812201], [29.458552, 46.812296], [29.458603, 46.812611], [29.458696, 46.81319], [29.458749, 46.813496], [29.458801, 46.813814], [29.459073, 46.815478], [29.459158, 46.816022], [29.459218, 46.816405], [29.459237, 46.816539], [29.459283, 46.816879], [29.459315, 46.817013], [29.459458, 46.817429], [29.459866, 46.818476], [29.46028, 46.819581], [29.460603, 46.820524], [29.460719, 46.820828], [29.460777, 46.820981], [29.460848, 46.821166], [29.461002, 46.821571], [29.461247, 46.822177], [29.461309, 46.82233], [29.461616, 46.823072], [29.462539, 46.822808], [29.462957, 46.823607], [29.464748, 46.823088], [29.464913, 46.823042]]}, "properties": {"uid": "n4835076146", "kind": "forced_brewery", "distance_km": 6.5586, "duration_s": 418.4}}, {"type": "Feature", "geometry": {"type": "Point", "coordinates": [29.46499, 46.82317]}, "properties": {"uid": "n4835076146", "kind": "home", "zone": 3}}, {"type": "Feature", "geometry": {"type": "LineString", "coordinates": [[29.483304, 46.824154], [29.482844, 46.824291], [29.482491, 46.824396], [29.482349, 46.824444], [29.482205, 46.824488], [29.481962, 46.824563], [29.481627, 46.824666], [29.481337, 46.824756], [29.480644, 46.824966], [29.478998, 46.825477], [29.478436, 46.824305], [29.478401, 46.824233], [29.478353, 46.824127], [29.478271, 46.823947], [29.478197, 46.823784], [29.478159, 46.823697], [29.477734, 46.822752], [29.477529, 46.822297], [29.47743, 46.822065], [29.476836, 46.820674], [29.47675, 46.820471], [29.47672, 46.8204], [29.476675, 46.820291], [29.476443, 46.819718], [29.476235, 46.819214], [29.475988, 46.818625], [29.475958, 46.818544], [29.475908, 46.81844], [29.47512, 46.816695], [29.475107, 46.816658], [29.475056, 46.816552], [29.474795, 46.815948], [29.474678, 46.815674], [29.474497, 46.815283], [29.474342, 46.814946], [29.474006, 46.814758], [29.473798, 46.814601], [29.473248, 46.813901], [29.473152, 46.813774], [29.472939, 46.81346], [29.472889, 46.813386], [29.472811, 46.813271], [29.472404, 46.81268], [29.472268, 46.812462], [29.472043, 46.812159], [29.471773, 46.811769], [29.471593, 46.811509], [29.471387, 46.811232], [29.47108, 46.810815], [29.470915, 46.810614], [29.470824, 46.810505], [29.468897, 46.808761], [29.468497, 46.808399], [29.468294, 46.808215], [29.468184, 46.808105], [29.468083, 46.808001], [29.468027, 46.807937], [29.467919, 46.807815], [29.467349, 46.8072], [29.465556, 46.807473], [29.465504, 46.807481], [29.465119, 46.807539], [29.465047, 46.80755], [29.464808, 46.807587], [29.463935, 46.807719], [29.46286, 46.807883], [29.462674, 46.807911], [29.462239, 46.807978], [29.460303, 46.808272], [29.459187, 46.808442], [29.458931, 46.808495], [29.458683, 46.808571], [29.458492, 46.808687], [29.458487, 46.808692], [29.458333, 46.808822], [29.458215, 46.808977], [29.458152, 46.809103], [29.458101, 46.809249], [29.45809, 46.80947], [29.458116, 46.809684], [29.458431, 46.811569], [29.458536, 46.812201], [29.458552, 46.812296], [29.458603, 46.812611], [29.458696, 46.81319], [29.458749, 46.813496], [29.458801, 46.813814], [29.459073, 46.815478], [29.459158, 46.816022], [29.459218, 46.816405], [29.459237, 46.816539], [29.459283, 46.816879], [29.459315, 46.817013], [29.459458, 46.817429], [29.459866, 46.818476], [29.46028, 46.819581], [29.460603, 46.820524], [29.460719, 46.820828], [29.460777, 46.820981], [29.460848, 46.821166], [29.461002, 46.821571], [29.461247, 46.822177], [29.461309, 46.82233], [29.461616, 46.823072], [29.462539, 46.822808], [29.462957, 46.823607], [29.464748, 46.823088], [29.464888, 46.823049]]}, "properties": {"uid": "n2321994025", "kind": "fastest", "distance_km": 5.2664, "duration_s": 368.2}}, {"type": "Feature", "geometry": {"type": "LineString", "coordinates": [[29.483304, 46.824154], [29.482844, 46.824291], [29.482491, 46.824396], [29.482349, 46.824444], [29.482205, 46.824488], [29.481962, 46.824563], [29.481627, 46.824666], [29.481337, 46.824756], [29.480644, 46.824966], [29.478998, 46.825477], [29.478436, 46.824305], [29.478401, 46.824233], [29.478353, 46.824127], [29.478271, 46.823947], [29.478197, 46.823784], [29.478159, 46.823697], [29.477734, 46.822752], [29.477529, 46.822297], [29.47743, 46.822065], [29.476836, 46.820674], [29.47675, 46.820471], [29.47672, 46.8204], [29.476675, 46.820291], [29.476443, 46.819718], [29.476235, 46.819214], [29.475988, 46.818625], [29.475958, 46.818544], [29.475908, 46.81844], [29.47512, 46.816695], [29.475107, 46.816658], [29.475056, 46.816552], [29.474795, 46.815948], [29.474678, 46.815674], [29.474497, 46.815283], [29.474342, 46.814946], [29.474006, 46.814758], [29.473798, 46.814601], [29.473248, 46.813901], [29.473152, 46.813774], [29.472939, 46.81346], [29.472889, 46.813386], [29.472811, 46.813271], [29.472404, 46.81268], [29.472268, 46.812462], [29.472043, 46.812159], [29.471773, 46.811769], [29.471593, 46.811509], [29.471387, 46.811232], [29.47108, 46.810815], [29.470915, 46.810614], [29.470824, 46.810505], [29.468897, 46.808761], [29.468497, 46.808399], [29.468294, 46.808215], [29.468184, 46.808105], [29.468083, 46.808001], [29.468027, 46.807937], [29.467919, 46.807815], [29.467349, 46.8072], [29.465556, 46.807473], [29.465504, 46.807481], [29.465119, 46.807539], [29.465047, 46.80755], [29.464808, 46.807587], [29.463935, 46.807719], [29.46286, 46.807883], [29.462674, 46.807911], [29.462239, 46.807978], [29.460303, 46.808272], [29.459187, 46.808442], [29.458931, 46.808495], [29.458683, 46.808571], [29.458492, 46.808687], [29.458487, 46.808692], [29.458333, 46.808822], [29.458215, 46.808977], [29.458152, 46.809103], [29.458101, 46.809249], [29.45809, 46.80947], [29.458116, 46.809684], [29.458431, 46.811569], [29.458536, 46.812201], [29.458552, 46.812296], [29.458603, 46.812611], [29.458696, 46.81319], [29.458749, 46.813496], [29.458801, 46.813814], [29.459073, 46.815478], [29.459158, 46.816022], [29.459218, 46.816405], [29.459237, 46.816539], [29.459283, 46.816879], [29.459315, 46.817013], [29.459458, 46.817429], [29.459866, 46.818476], [29.46028, 46.819581], [29.460603, 46.820524], [29.460719, 46.820828], [29.460777, 46.820981], [29.460848, 46.821166], [29.461002, 46.821571], [29.461247, 46.822177], [29.461309, 46.82233], [29.461616, 46.823072], [29.462539, 46.822808], [29.462957, 46.823607], [29.464748, 46.823088], [29.464888, 46.823049]]}, "properties": {"uid": "n2321994025", "kind": "shortest", "distance_km": 5.2664, "duration_s": 368.2}}, {"type": "Feature", "geometry": {"type": "LineString", "coordinates": [[29.483304, 46.824154], [29.483349, 46.824141], [29.483782, 46.824007], [29.483939, 46.823959], [29.484097, 46.823912], [29.484045, 46.823804], [29.483968, 46.82365], [29.483598, 46.822917], [29.483541, 46.822802], [29.483438, 46.822597], [29.483413, 46.822548], [29.483266, 46.822256], [29.483156, 46.822035], [29.482987, 46.821682], [29.482702, 46.821096], [29.482665, 46.821016], [29.482621, 46.820922], [29.481816, 46.819246], [29.481581, 46.818781], [29.481307, 46.818242], [29.480897, 46.817434], [29.480303, 46.816248], [29.479955, 46.815529], [29.479802, 46.815218], [29.479615, 46.814835], [29.479565, 46.81473], [29.479228, 46.814029], [29.479192, 46.813942], [29.479192, 46.813823], [29.479191, 46.813386], [29.479254, 46.813131], [29.479314, 46.812949], [29.479424, 46.812616], [29.479884, 46.811678], [29.480247, 46.810563], [29.480416, 46.809954], [29.480386, 46.809206], [29.480376, 46.808582], [29.480383, 46.808286], [29.480368, 46.805922], [29.480378, 46.805506], [29.480359, 46.804529], [29.480345, 46.804451], [29.48029, 46.804151], [29.479899, 46.803303], [29.479789, 46.803075], [29.479247, 46.801887], [29.479126, 46.801609], [29.479067, 46.801521], [29.478978, 46.80143], [29.478849, 46.801323], [29.478691, 46.80122], [29.478567, 46.801146], [29.478357, 46.80105], [29.477976, 46.80092], [29.477855, 46.800876], [29.477383, 46.800746], [29.477094, 46.800742], [29.476987, 46.800771], [29.476941, 46.800781], [29.47686, 46.80081], [29.47636, 46.801118], [29.47573, 46.801628], [29.475434, 46.801856], [29.474899, 46.802281], [29.474536, 46.802571], [29.474296, 46.802762], [29.473597, 46.803331], [29.473161, 46.803665], [29.472254, 46.804406], [29.471565, 46.804936], [29.471027, 46.80536], [29.470186, 46.806024], [29.469518, 46.806552], [29.468717, 46.807184], [29.468656, 46.807232], [29.467349, 46.8072], [29.465556, 46.807473], [29.465504, 46.807481], [29.465119, 46.807539], [29.465047, 46.80755], [29.464808, 46.807587], [29.463935, 46.807719], [29.46286, 46.807883], [29.462674, 46.807911], [29.462239, 46.807978], [29.460303, 46.808272], [29.459187, 46.808442], [29.458931, 46.808495], [29.458683, 46.808571], [29.458492, 46.808687], [29.458487, 46.808692], [29.458333, 46.808822], [29.458215, 46.808977], [29.458152, 46.809103], [29.458101, 46.809249], [29.45809, 46.80947], [29.458116, 46.809684], [29.458431, 46.811569], [29.458536, 46.812201], [29.458552, 46.812296], [29.458603, 46.812611], [29.458696, 46.81319], [29.458749, 46.813496], [29.458801, 46.813814], [29.459073, 46.815478], [29.459158, 46.816022], [29.459218, 46.816405], [29.459237, 46.816539], [29.459283, 46.816879], [29.459315, 46.817013], [29.459458, 46.817429], [29.459866, 46.818476], [29.46028, 46.819581], [29.460603, 46.820524], [29.460719, 46.820828], [29.460777, 46.820981], [29.460848, 46.821166], [29.461002, 46.821571], [29.461247, 46.822177], [29.461309, 46.82233], [29.461616, 46.823072], [29.462539, 46.822808], [29.462957, 46.823607], [29.464748, 46.823088], [29.464888, 46.823049]]}, "properties": {"uid": "n2321994025", "kind": "forced_brewery", "distance_km": 6.5565, "duration_s": 418.1}}, {"type": "Feature", "geometry": {"type": "Point", "coordinates": [29.46493, 46.82312]}, "properties": {"uid": "n2321994025", "kind": "home", "zone": 3}}, {"type": "Feature", "geometry": {"type": "LineString", "coordinates": [[29.483304, 46.824154], [29.482844, 46.824291], [29.482491, 46.824396], [29.482349, 46.824444], [29.482205, 46.824488], [29.481962, 46.824563], [29.481627, 46.824666], [29.481337, 46.824756], [29.480644, 46.824966], [29.478998, 46.825477], [29.478436, 46.824305], [29.478401, 46.824233], [29.478353, 46.824127], [29.478271, 46.823947], [29.478197, 46.823784], [29.478159, 46.823697], [29.477734, 46.822752], [29.477529, 46.822297], [29.47743, 46.822065], [29.476836, 46.820674], [29.47675, 46.820471], [29.47672, 46.8204], [29.476675, 46.820291], [29.476443, 46.819718], [29.476235, 46.819214], [29.475988, 46.818625], [29.475958, 46.818544], [29.475908, 46.81844], [29.47512, 46.816695], [29.475107, 46.816658], [29.475056, 46.816552], [29.474795, 46.815948], [29.474678, 46.815674], [29.474497, 46.815283], [29.474342, 46.814946], [29.474006, 46.814758], [29.473798, 46.814601], [29.473248, 46.813901], [29.473152, 46.813774], [29.472939, 46.81346], [29.472889, 46.813386], [29.472811, 46.813271], [29.472404, 46.81268], [29.472268, 46.812462], [29.472043, 46.812159], [29.471773, 46.811769], [29.471593, 46.811509], [29.471387, 46.811232], [29.47108, 46.810815], [29.470915, 46.810614], [29.470824, 46.810505], [29.468897, 46.808761], [29.468497, 46.808399], [29.468294, 46.808215], [29.468184, 46.808105], [29.468083, 46.808001], [29.468027, 46.807937], [29.467919, 46.807815], [29.467349, 46.8072], [29.465556, 46.807473], [29.465504, 46.807481], [29.465119, 46.807539], [29.465047, 46.80755], [29.464808, 46.807587], [29.463935, 46.807719], [29.46286, 46.807883], [29.462674, 46.807911], [29.462239, 46.807978], [29.460303, 46.808272], [29.459187, 46.808442], [29.458931, 46.808495], [29.458683, 46.808571], [29.458492, 46.808687], [29.458487, 46.808692], [29.458333, 46.808822], [29.458215, 46.808977], [29.458152, 46.809103], [29.458101, 46.809249], [29.45809, 46.80947], [29.458116, 46.809684], [29.458431, 46.811569], [29.458536, 46.812201], [29.458552, 46.812296], [29.458603, 46.812611], [29.458696, 46.81319], [29.458749, 46.813496], [29.458801, 46.813814], [29.459073, 46.815478], [29.459158, 46.816022], [29.459218, 46.816405], [29.459237, 46.816539], [29.459283, 46.816879], [29.459315, 46.817013], [29.459458, 46.817429], [29.459866, 46.818476], [29.46028, 46.819581], [29.460603, 46.820524], [29.460719, 46.820828], [29.460777, 46.820981], [29.460848, 46.821166], [29.461002, 46.821571], [29.461247, 46.822177], [29.461309, 46.82233], [29.461616, 46.823072], [29.462539, 46.822808], [29.462957, 46.823607], [29.463105, 46.823781], [29.463509, 46.824336], [29.465015, 46.823887]]}, "properties": {"uid": "n4835076145", "kind": "fastest", "distance_km": 5.3232, "duration_s": 375.7}}, {"type": "Feature", "geometry": {"type": "LineString", "coordinates": [[29.483304, 46.824154], [29.482844, 46.824291], [29.482491, 46.824396], [29.482349, 46.824444], [29.482205, 46.824488], [29.481962, 46.824563], [29.481627, 46.824666], [29.481337, 46.824756], [29.480644, 46.824966], [29.478998, 46.825477], [29.478436, 46.824305], [29.478401, 46.824233], [29.478353, 46.824127], [29.478271, 46.823947], [29.478197, 46.823784], [29.478159, 46.823697], [29.477734, 46.822752], [29.477529, 46.822297], [29.47743, 46.822065], [29.476836, 46.820674], [29.47675, 46.820471], [29.47672, 46.8204], [29.476675, 46.820291], [29.476443, 46.819718], [29.476235, 46.819214], [29.475988, 46.818625], [29.475958, 46.818544], [29.475908, 46.81844], [29.47512, 46.816695], [29.475107, 46.816658], [29.475056, 46.816552], [29.474795, 46.815948], [29.474678, 46.815674], [29.474497, 46.815283], [29.474342, 46.814946], [29.474006, 46.814758], [29.473798, 46.814601], [29.473248, 46.813901], [29.473152, 46.813774], [29.472939, 46.81346], [29.472889, 46.813386], [29.472811, 46.813271], [29.472404, 46.81268], [29.472268, 46.812462], [29.472043, 46.812159], [29.471773, 46.811769], [29.471593, 46.811509], [29.471387, 46.811232], [29.47108, 46.810815], [29.470915, 46.810614], [29.470824, 46.810505], [29.468897, 46.808761], [29.468497, 46.808399], [29.468294, 46.808215], [29.468184, 46.808105], [29.468083, 46.808001], [29.468027, 46.807937], [29.467919, 46.807815], [29.467349, 46.8072], [29.465556, 46.807473], [29.465504, 46.807481], [29.465119, 46.807539], [29.465047, 46.80755], [29.464808, 46.807587], [29.463935, 46.807719], [29.46286, 46.807883], [29.462674, 46.807911], [29.462239, 46.807978], [29.460303, 46.808272], [29.459187, 46.808442], [29.458931, 46.808495], [29.458683, 46.808571], [29.458492, 46.808687], [29.458487, 46.808692], [29.458333, 46.808822], [29.458215, 46.808977], [29.458152, 46.809103], [29.458101, 46.809249], [29.45809, 46.80947], [29.458116, 46.809684], [29.458431, 46.811569], [29.458536, 46.812201], [29.458552, 46.812296], [29.458603, 46.812611], [29.458696, 46.81319], [29.458749, 46.813496], [29.458801, 46.813814], [29.459073, 46.815478], [29.459158, 46.816022], [29.459218, 46.816405], [29.459237, 46.816539], [29.459283, 46.816879], [29.459315, 46.817013], [29.459458, 46.817429], [29.459866, 46.818476], [29.46028, 46.819581], [29.460603, 46.820524], [29.460719, 46.820828], [29.460777, 46.820981], [29.460848, 46.821166], [29.461002, 46.821571], [29.461247, 46.822177], [29.461309, 46.82233], [29.461616, 46.823072], [29.462539, 46.822808], [29.462957, 46.823607], [29.463105, 46.823781], [29.463509, 46.824336], [29.465015, 46.823887]]}, "properties": {"uid": "n4835076145", "kind": "shortest", "distance_km": 5.3232, "duration_s": 375.7}}, {"type": "Feature", "geometry": {"type": "LineString", "coordinates": [[29.483304, 46.824154], [29.483349, 46.824141], [29.483782, 46.824007], [29.483939, 46.823959], [29.484097, 46.823912], [29.484045, 46.823804], [29.483968, 46.82365], [29.483598, 46.822917], [29.483541, 46.822802], [29.483438, 46.822597], [29.483413, 46.822548], [29.483266, 46.822256], [29.483156, 46.822035], [29.482987, 46.821682], [29.482702, 46.821096], [29.482665, 46.821016], [29.482621, 46.820922], [29.481816, 46.819246], [29.481581, 46.818781], [29.481307, 46.818242], [29.480897, 46.817434], [29.480303, 46.816248], [29.479955, 46.815529], [29.479802, 46.815218], [29.479615, 46.814835], [29.479565, 46.81473], [29.479228, 46.814029], [29.479192, 46.813942], [29.479192, 46.813823], [29.479191, 46.813386], [29.479254, 46.813131], [29.479314, 46.812949], [29.479424, 46.812616], [29.479884, 46.811678], [29.480247, 46.810563], [29.480416, 46.809954], [29.480386, 46.809206], [29.480376, 46.808582], [29.480383, 46.808286], [29.480368, 46.805922], [29.480378, 46.805506], [29.480359, 46.804529], [29.480345, 46.804451], [29.48029, 46.804151], [29.479899, 46.803303], [29.479789, 46.803075], [29.479247, 46.801887], [29.479126, 46.801609], [29.479067, 46.801521], [29.478978, 46.80143], [29.478849, 46.801323], [29.478691, 46.80122], [29.478567, 46.801146], [29.478357, 46.80105], [29.477976, 46.80092], [29.477855, 46.800876], [29.477383, 46.800746], [29.477094, 46.800742], [29.476987, 46.800771], [29.476941, 46.800781], [29.47686, 46.80081], [29.47636, 46.801118], [29.47573, 46.801628], [29.475434, 46.801856], [29.474899, 46.802281], [29.474536, 46.802571], [29.474296, 46.802762], [29.473597, 46.803331], [29.473161, 46.803665], [29.472254, 46.804406], [29.471565, 46.804936], [29.471027, 46.80536], [29.470186, 46.806024], [29.469518, 46.806552], [29.468717, 46.807184], [29.468656, 46.807232], [29.467349, 46.8072], [29.465556, 46.807473], [29.465504, 46.807481], [29.465119, 46.807539], [29.465047, 46.80755], [29.464808, 46.807587], [29.463935, 46.807719], [29.46286, 46.807883], [29.462674, 46.807911], [29.462239, 46.807978], [29.460303, 46.808272], [29.459187, 46.808442], [29.458931, 46.808495], [29.458683, 46.808571], [29.458492, 46.808687], [29.458487, 46.808692], [29.458333, 46.808822], [29.458215, 46.808977], [29.458152, 46.809103], [29.458101, 46.809249], [29.45809, 46.80947], [29.458116, 46.809684], [29.458431, 46.811569], [29.458536, 46.812201], [29.458552, 46.812296], [29.458603, 46.812611], [29.458696, 46.81319], [29.458749, 46.813496], [29.458801, 46.813814], [29.459073, 46.815478], [29.459158, 46.816022], [29.459218, 46.816405], [29.459237, 46.816539], [29.459283, 46.816879], [29.459315, 46.817013], [29.459458, 46.817429], [29.459866, 46.818476], [29.46028, 46.819581], [29.460603, 46.820524], [29.460719, 46.820828], [29.460777, 46.820981], [29.460848, 46.821166], [29.461002, 46.821571], [29.461247, 46.822177], [29.461309, 46.82233], [29.461616, 46.823072], [29.462539, 46.822808], [29.462957, 46.823607], [29.463105, 46.823781], [29.463509, 46.824336], [29.465015, 46.823887]]}, "properties": {"uid": "n4835076145", "kind": "forced_brewery", "distance_km": 6.6133, "duration_s": 425.6}}, {"type": "Feature", "geometry": {"type": "Point", "coordinates": [29.46487, 46.82366]}, "properties": {"uid": "n4835076145", "kind": "home", "zone": 3}}, {"type": "Feature", "geometry": {"type": "LineString", "coordinates": [[29.483304, 46.824154], [29.482844, 46.824291], [29.482491, 46.824396], [29.482349, 46.824444], [29.482205, 46.824488], [29.481962, 46.824563], [29.481627, 46.824666], [29.481337, 46.824756], [29.480644, 46.824966], [29.478998, 46.825477], [29.478436, 46.824305], [29.478401, 46.824233], [29.478353, 46.824127], [29.478271, 46.823947], [29.478197, 46.823784], [29.478159, 46.823697], [29.477734, 46.822752], [29.477529, 46.822297], [29.47743, 46.822065], [29.476836, 46.820674], [29.47675, 46.820471], [29.47672, 46.8204], [29.476675, 46.820291], [29.476443, 46.819718], [29.476235, 46.819214], [29.475988, 46.818625], [29.475958, 46.818544], [29.475908, 46.81844], [29.47512, 46.816695], [29.475107, 46.816658], [29.475056, 46.816552], [29.474795, 46.815948], [29.474678, 46.815674], [29.474497, 46.815283], [29.474342, 46.814946], [29.474006, 46.814758], [29.473798, 46.814601], [29.473248, 46.813901], [29.473152, 46.813774], [29.472939, 46.81346], [29.472889, 46.813386], [29.472811, 46.813271], [29.472404, 46.81268], [29.472268, 46.812462], [29.472043, 46.812159], [29.471773, 46.811769], [29.471593, 46.811509], [29.471387, 46.811232], [29.47108, 46.810815], [29.470915, 46.810614], [29.470824, 46.810505], [29.468897, 46.808761], [29.468497, 46.808399], [29.468294, 46.808215], [29.468184, 46.808105], [29.468083, 46.808001], [29.468027, 46.807937], [29.467919, 46.807815], [29.467349, 46.8072], [29.465556, 46.807473], [29.465504, 46.807481], [29.465119, 46.807539], [29.465047, 46.80755], [29.464808, 46.807587], [29.463935, 46.807719], [29.46286, 46.807883], [29.462674, 46.807911], [29.462239, 46.807978], [29.460303, 46.808272], [29.459187, 46.808442], [29.458931, 46.808495], [29.458683, 46.808571], [29.458492, 46.808687], [29.458487, 46.808692], [29.458333, 46.808822], [29.458215, 46.808977], [29.458152, 46.809103], [29.458101, 46.809249], [29.45809, 46.80947], [29.458116, 46.809684], [29.458431, 46.811569], [29.458536, 46.812201], [29.458552, 46.812296], [29.458603, 46.812611], [29.458696, 46.81319], [29.458749, 46.813496], [29.458801, 46.813814], [29.459073, 46.815478], [29.459158, 46.816022], [29.459218, 46.816405], [29.459237, 46.816539], [29.459283, 46.816879], [29.459315, 46.817013], [29.459458, 46.817429], [29.459866, 46.818476], [29.46028, 46.819581], [29.460603, 46.820524], [29.460719, 46.820828], [29.460777, 46.820981], [29.460848, 46.821166], [29.461002, 46.821571], [29.461247, 46.822177], [29.461309, 46.82233], [29.461616, 46.823072], [29.46195, 46.823837], [29.462003, 46.823971], [29.462183, 46.824428], [29.462342, 46.824834], [29.462538, 46.825328], [29.462554, 46.825374], [29.462596, 46.825499], [29.463092, 46.826787], [29.463322, 46.827398], [29.46334, 46.82744], [29.463635, 46.828073], [29.464058, 46.829106], [29.464204, 46.829461], [29.464407, 46.829911], [29.464501, 46.83014], [29.464678, 46.830623], [29.464723, 46.830746], [29.464856, 46.831066], [29.464938, 46.83128], [29.465015, 46.831467], [29.465049, 46.83155], [29.465117, 46.831715], [29.465281, 46.832114], [29.465553, 46.832773], [29.465757, 46.833268], [29.465865, 46.833532], [29.466067, 46.834009], [29.466162, 46.834252], [29.466385, 46.834795], [29.466405, 46.834843], [29.466596, 46.835308], [29.466701, 46.835536], [29.466872, 46.835979], [29.466947, 46.836243], [29.467098, 46.836065], [29.46815, 46.835009], [29.468657, 46.834417], [29.469308, 46.833811], [29.469929, 46.833295], [29.470035, 46.833188], [29.470633, 46.832623], [29.471538, 46.831788], [29.472311, 46.83104], [29.472363, 46.830971], [29.472392, 46.8309], [29.472511, 46.830803], [29.472581, 46.830714], [29.472668, 46.830529], [29.472752, 46.830377], [29.472799, 46.83031], [29.47285, 46.830235], [29.472858, 46.830176], [29.472838, 46.830106], [29.472701, 46.829891], [29.472504, 46.829608], [29.471812, 46.82866]]}, "properties": {"uid": "w299956671", "kind": "fastest", "distance_km": 7.4577, "duration_s": 505.9}}, {"type": "Feature", "geometry": {"type": "LineString", "coordinates": [[29.483304, 46.824154], [29.483349, 46.824141], [29.483782, 46.824007], [29.483939, 46.823959], [29.484097, 46.823912], [29.484045, 46.823804], [29.483968, 46.82365], [29.483598, 46.822917], [29.483541, 46.822802], [29.483438, 46.822597], [29.483536, 46.822568], [29.48496, 46.82213], [29.48509, 46.822088], [29.485131, 46.822169], [29.485238, 46.822378], [29.48538, 46.822659], [29.485495, 46.822883], [29.485499, 46.822892], [29.485705, 46.823296], [29.485765, 46.8234], [29.485795, 46.823472], [29.486483, 46.824787], [29.486678, 46.825161], [29.486714, 46.825229], [29.486746, 46.825294], [29.486842, 46.825484], [29.487625, 46.827029], [29.487957, 46.827685], [29.48804, 46.827913], [29.487987, 46.828141], [29.487765, 46.829116], [29.487744, 46.829211], [29.487726, 46.829816], [29.48774, 46.82997], [29.487794, 46.830313], [29.487802, 46.830362], [29.487832, 46.830555], [29.487838, 46.83061], [29.487889, 46.831051], [29.487904, 46.831294], [29.487927, 46.831486], [29.488047, 46.832137], [29.488098, 46.832667], [29.488091, 46.832816], [29.488017, 46.8329], [29.487986, 46.832946], [29.487829, 46.833064], [29.487677, 46.833113], [29.487456, 46.833152], [29.486694, 46.833278], [29.486222, 46.833341], [29.485657, 46.83345], [29.485451, 46.833512], [29.484568, 46.833781], [29.482469, 46.834465], [29.48238, 46.834491], [29.482291, 46.834518], [29.482271, 46.834523], [29.482178, 46.834546], [29.482123, 46.83456], [29.482112, 46.834562], [29.480798, 46.834887], [29.480633, 46.834959], [29.480485, 46.835043], [29.480321, 46.835214], [29.480207, 46.835391], [29.480111, 46.835635], [29.479059, 46.838316], [29.479015, 46.838426], [29.478971, 46.83854], [29.478984, 46.838863], [29.479018, 46.838984], [29.479364, 46.839893], [29.4795, 46.84005], [29.479668, 46.8404], [29.479751, 46.840557], [29.479777, 46.840623], [29.479769, 46.840691], [29.479728, 46.840753], [29.479657, 46.840802], [29.479597, 46.840871], [29.479504, 46.840966], [29.479382, 46.841043], [29.479259, 46.841099], [29.479047, 46.841148], [29.478773, 46.841165], [29.477743, 46.840944], [29.476321, 46.84067], [29.475959, 46.840629], [29.475706, 46.840615], [29.475419, 46.840629], [29.475031, 46.840688], [29.474673, 46.840805], [29.474383, 46.840945], [29.474097, 46.841152], [29.473923, 46.8413], [29.47372, 46.841222], [29.474409, 46.840646], [29.474237, 46.840545], [29.472571, 46.839927], [29.469862, 46.838896], [29.470226, 46.838215], [29.470608, 46.837979], [29.470974, 46.837747], [29.470367, 46.836893], [29.469974, 46.836357], [29.46987, 46.836208], [29.469321, 46.835441], [29.469014, 46.835013], [29.468767, 46.834577], [29.468657, 46.834417], [29.469308, 46.833811], [29.469929, 46.833295], [29.470035, 46.833188], [29.470633, 46.832623], [29.471538, 46.831788], [29.472311, 46.83104], [29.472363, 46.830971], [29.472392, 46.8309], [29.472511, 46.830803], [29.472581, 46.830714], [29.472668, 46.830529], [29.472752, 46.830377], [29.472799, 46.83031], [29.47285, 46.830235], [29.472858, 46.830176], [29.472838, 46.830106], [29.472701, 46.829891], [29.472504, 46.829608], [29.471812, 46.82866]]}, "properties": {"uid": "w299956671", "kind": "shortest", "distance_km": 5.2194, "duration_s": 512}}, {"type": "Feature", "geometry": {"type": "LineString", "coordinates": [[29.483304, 46.824154], [29.483349, 46.824141], [29.483782, 46.824007], [29.483939, 46.823959], [29.484097, 46.823912], [29.484045, 46.823804], [29.483968, 46.82365], [29.483598, 46.822917], [29.483541, 46.822802], [29.483438, 46.822597], [29.483413, 46.822548], [29.483266, 46.822256], [29.483156, 46.822035], [29.482987, 46.821682], [29.482702, 46.821096], [29.482665, 46.821016], [29.482621, 46.820922], [29.481816, 46.819246], [29.481581, 46.818781], [29.481307, 46.818242], [29.480897, 46.817434], [29.480303, 46.816248], [29.479955, 46.815529], [29.479802, 46.815218], [29.479615, 46.814835], [29.479565, 46.81473], [29.479228, 46.814029], [29.479192, 46.813942], [29.479192, 46.813823], [29.479191, 46.813386], [29.479254, 46.813131], [29.479314, 46.812949], [29.479424, 46.812616], [29.479884, 46.811678], [29.480247, 46.810563], [29.480416, 46.809954], [29.480386, 46.809206], [29.480376, 46.808582], [29.480383, 46.808286], [29.480368, 46.805922], [29.480378, 46.805506], [29.480359, 46.804529], [29.480345, 46.804451], [29.48029, 46.804151], [29.479899, 46.803303], [29.479789, 46.803075], [29.479247, 46.801887], [29.479126, 46.801609], [29.479067, 46.801521], [29.478978, 46.80143], [29.478849, 46.801323], [29.478691, 46.80122], [29.478567, 46.801146], [29.478357, 46.80105], [29.477976, 46.80092], [29.477855, 46.800876], [29.477383, 46.800746], [29.477094, 46.800742], [29.476987, 46.800771], [29.476941, 46.800781], [29.47686, 46.80081], [29.47636, 46.801118], [29.47573, 46.801628], [29.475434, 46.801856], [29.474899, 46.802281], [29.474536, 46.802571], [29.474296, 46.802762], [29.473597, 46.803331], [29.473161, 46.803665], [29.472254, 46.804406], [29.471565, 46.804936], [29.471027, 46.80536], [29.470186, 46.806024], [29.469518, 46.806552], [29.468717, 46.807184], [29.468656, 46.807232], [29.467349, 46.8072], [29.465556, 46.807473], [29.465504, 46.807481], [29.465119, 46.807539], [29.465047, 46.80755], [29.464808, 46.807587], [29.463935, 46.807719], [29.46286, 46.807883], [29.462674, 46.807911], [29.462239, 46.807978], [29.460303, 46.808272], [29.459187, 46.808442], [29.458931, 46.808495], [29.458683, 46.808571], [29.458492, 46.808687], [29.458487, 46.808692], [29.458333, 46.808822], [29.458215, 46.808977], [29.458152, 46.809103], [29.458101, 46.809249], [29.45809, 46.80947], [29.458116, 46.809684], [29.458431, 46.811569], [29.458536, 46.812201], [29.458552, 46.812296], [29.458603, 46.812611], [29.458696, 46.81319], [29.458749, 46.813496], [29.458801, 46.813814], [29.459073, 46.815478], [29.459158, 46.816022], [29.459218, 46.816405], [29.459237, 46.816539], [29.459283, 46.816879], [29.459315, 46.817013], [29.459458, 46.817429], [29.459866, 46.818476], [29.46028, 46.819581], [29.460603, 46.820524], [29.460719, 46.820828], [29.460777, 46.820981], [29.460848, 46.821166], [29.461002, 46.821571], [29.461247, 46.822177], [29.461309, 46.82233], [29.461616, 46.823072], [29.46195, 46.823837], [29.462003, 46.823971], [29.462183, 46.824428], [29.462342, 46.824834], [29.462538, 46.825328], [29.462554, 46.825374], [29.462596, 46.825499], [29.463092, 46.826787], [29.463322, 46.827398], [29.46334, 46.82744], [29.463635, 46.828073], [29.464058, 46.829106], [29.464204, 46.829461], [29.464407, 46.829911], [29.464501, 46.83014], [29.464678, 46.830623], [29.464723, 46.830746], [29.464856, 46.831066], [29.464938, 46.83128], [29.465015, 46.831467], [29.465049, 46.83155], [29.465117, 46.831715], [29.465281, 46.832114], [29.465553, 46.832773], [29.465757, 46.833268], [29.465865, 46.833532], [29.466067, 46.834009], [29.466162, 46.834252], [29.466385, 46.834795], [29.466405, 46.834843], [29.466596, 46.835308], [29.466701, 46.835536], [29.466872, 46.835979], [29.466947, 46.836243], [29.467098, 46.836065], [29.46815, 46.835009], [29.468657, 46.834417], [29.469308, 46.833811], [29.469929, 46.833295], [29.470035, 46.833188], [29.470633, 46.832623], [29.471538, 46.831788], [29.472311, 46.83104], [29.472363, 46.830971], [29.472392, 46.8309], [29.472511, 46.830803], [29.472581, 46.830714], [29.472668, 46.830529], [29.472752, 46.830377], [29.472799, 46.83031], [29.47285, 46.830235], [29.472858, 46.830176], [29.472838, 46.830106], [29.472701, 46.829891], [29.472504, 46.829608], [29.471812, 46.82866]]}, "properties": {"uid": "w299956671", "kind": "forced_brewery", "distance_km": 8.7478, "duration_s": 555.8}}, {"type": "Feature", "geometry": {"type": "Point", "coordinates": [29.47155, 46.82875]}, "properties": {"uid": "w299956671", "kind": "home", "zone": 4}}, {"type": "Feature", "geometry": {"type": "LineString", "coordinates": [[29.483304, 46.824154], [29.482844, 46.824291], [29.482491, 46.824396], [29.482349, 46.824444], [29.482205, 46.824488], [29.481962, 46.824563], [29.481627, 46.824666], [29.481337, 46.824756], [29.480644, 46.824966], [29.478998, 46.825477], [29.478436, 46.824305], [29.478401, 46.824233], [29.478353, 46.824127], [29.478271, 46.823947], [29.478197, 46.823784], [29.478159, 46.823697], [29.477734, 46.822752], [29.477529, 46.822297], [29.47743, 46.822065], [29.476836, 46.820674], [29.47675, 46.820471], [29.47672, 46.8204], [29.476675, 46.820291], [29.476443, 46.819718], [29.476235, 46.819214], [29.475988, 46.818625], [29.475958, 46.818544], [29.475908, 46.81844], [29.47512, 46.816695], [29.475107, 46.816658], [29.475056, 46.816552], [29.474795, 46.815948], [29.474678, 46.815674], [29.474497, 46.815283], [29.474342, 46.814946], [29.474006, 46.814758], [29.473798, 46.814601], [29.473248, 46.813901], [29.473152, 46.813774], [29.472939, 46.81346], [29.472889, 46.813386], [29.472811, 46.813271], [29.472404, 46.81268], [29.472268, 46.812462], [29.472043, 46.812159], [29.471773, 46.811769], [29.471593, 46.811509], [29.471387, 46.811232], [29.47108, 46.810815], [29.470915, 46.810614], [29.470824, 46.810505], [29.468897, 46.808761], [29.468497, 46.808399], [29.468294, 46.808215], [29.468184, 46.808105], [29.468083, 46.808001], [29.468027, 46.807937], [29.467919, 46.807815], [29.467349, 46.8072], [29.465556, 46.807473], [29.465504, 46.807481], [29.465119, 46.807539], [29.465047, 46.80755], [29.464808, 46.807587], [29.463935, 46.807719], [29.46286, 46.807883], [29.462674, 46.807911], [29.462239, 46.807978], [29.460303, 46.808272], [29.459187, 46.808442], [29.458931, 46.808495], [29.458683, 46.808571], [29.458492, 46.808687], [29.458487, 46.808692], [29.458333, 46.808822], [29.458215, 46.808977], [29.458152, 46.809103], [29.458101, 46.809249], [29.45809, 46.80947], [29.458116, 46.809684], [29.458431, 46.811569], [29.458536, 46.812201], [29.458552, 46.812296], [29.458603, 46.812611], [29.458696, 46.81319], [29.458749, 46.813496], [29.458801, 46.813814], [29.459073, 46.815478], [29.459158, 46.816022], [29.459218, 46.816405], [29.459237, 46.816539], [29.459283, 46.816879], [29.459315, 46.817013], [29.459458, 46.817429], [29.459866, 46.818476], [29.46028, 46.819581], [29.460603, 46.820524], [29.460719, 46.820828], [29.460777, 46.820981], [29.460848, 46.821166], [29.461002, 46.821571], [29.461247, 46.822177], [29.461309, 46.82233], [29.461616, 46.823072], [29.46195, 46.823837], [29.462003, 46.823971], [29.462183, 46.824428], [29.462342, 46.824834], [29.462538, 46.825328], [29.462554, 46.825374], [29.462596, 46.825499], [29.463092, 46.826787], [29.463322, 46.827398], [29.46334, 46.82744], [29.463635, 46.828073], [29.464058, 46.829106], [29.464204, 46.829461], [29.464407, 46.829911], [29.464501, 46.83014], [29.464678, 46.830623], [29.464723, 46.830746], [29.464278, 46.830833], [29.463505, 46.830991], [29.463275, 46.831034], [29.463103, 46.831047], [29.462923, 46.831013], [29.462562, 46.830896], [29.46222, 46.83077], [29.461932, 46.830672], [29.461771, 46.830597], [29.461567, 46.830503], [29.46079, 46.830177], [29.460524, 46.830081], [29.460481, 46.830066], [29.460301, 46.829616]]}, "properties": {"uid": "w317149174", "kind": "fastest", "distance_km": 6.2301, "duration_s": 404.4}}, {"type": "Feature", "geometry": {"type": "LineString", "coordinates": [[29.483304, 46.824154], [29.483349, 46.824141], [29.483782, 46.824007], [29.483939, 46.823959], [29.484097, 46.823912], [29.484045, 46.823804], [29.483968, 46.82365], [29.483598, 46.822917], [29.483541, 46.822802], [29.483438, 46.822597], [29.483536, 46.822568], [29.48496, 46.82213], [29.48509, 46.822088], [29.485131, 46.822169], [29.485238, 46.822378], [29.48538, 46.822659], [29.485495, 46.822883], [29.485499, 46.822892], [29.485705, 46.823296], [29.485765, 46.8234], [29.485795, 46.823472], [29.486483, 46.824787], [29.486678, 46.825161], [29.486714, 46.825229], [29.486746, 46.825294], [29.486842, 46.825484], [29.487625, 46.827029], [29.487957, 46.827685], [29.48804, 46.827913], [29.487987, 46.828141], [29.487765, 46.829116], [29.487744, 46.829211], [29.487726, 46.829816], [29.48774, 46.82997], [29.487794, 46.830313], [29.487802, 46.830362], [29.487832, 46.830555], [29.487838, 46.83061], [29.487889, 46.831051], [29.487904, 46.831294], [29.487927, 46.831486], [29.488047, 46.832137], [29.488098, 46.832667], [29.488091, 46.832816], [29.488017, 46.8329], [29.487986, 46.832946], [29.487829, 46.833064], [29.487677, 46.833113], [29.487456, 46.833152], [29.486694, 46.833278], [29.486222, 46.833341], [29.485657, 46.83345], [29.485451, 46.833512], [29.484568, 46.833781], [29.482469, 46.834465], [29.48238, 46.834491], [29.482291, 46.834518], [29.482271, 46.834523], [29.482178, 46.834546], [29.482123, 46.83456], [29.482112, 46.834562], [29.480798, 46.834887], [29.480633, 46.834959], [29.480485, 46.835043], [29.480321, 46.835214], [29.480207, 46.835391], [29.480111, 46.835635], [29.479059, 46.838316], [29.479015, 46.838426], [29.478971, 46.83854], [29.478984, 46.838863], [29.479018, 46.838984], [29.479364, 46.839893], [29.4795, 46.84005], [29.479668, 46.8404], [29.479751, 46.840557], [29.479777, 46.840623], [29.479769, 46.840691], [29.479728, 46.840753], [29.479657, 46.840802], [29.479597, 46.840871], [29.479504, 46.840966], [29.479382, 46.841043], [29.479259, 46.841099], [29.479047, 46.841148], [29.478773, 46.841165], [29.477743, 46.840944], [29.476321, 46.84067], [29.475959, 46.840629], [29.475706, 46.840615], [29.475419, 46.840629], [29.475031, 46.840688], [29.474673, 46.840805], [29.474383, 46.840945], [29.474097, 46.841152], [29.473923, 46.8413], [29.47372, 46.841222], [29.474409, 46.840646], [29.474237, 46.840545], [29.472571, 46.839927], [29.469862, 46.838896], [29.468541, 46.838761], [29.468235, 46.838727], [29.467838, 46.838724], [29.467434, 46.838751], [29.466584, 46.839008], [29.465977, 46.839201], [29.464825, 46.838925], [29.464687, 46.838906], [29.464522, 46.838904], [29.464997, 46.838401], [29.465179, 46.838198], [29.465557, 46.837795], [29.466198, 46.837105], [29.466947, 46.836243], [29.466872, 46.835979], [29.466701, 46.835536], [29.466596, 46.835308], [29.466405, 46.834843], [29.466385, 46.834795], [29.466162, 46.834252], [29.466067, 46.834009], [29.465865, 46.833532], [29.465757, 46.833268], [29.465553, 46.832773], [29.465281, 46.832114], [29.465117, 46.831715], [29.465049, 46.83155], [29.465015, 46.831467], [29.464938, 46.83128], [29.464592, 46.831041], [29.464278, 46.830833], [29.463505, 46.830991], [29.463275, 46.831034], [29.463103, 46.831047], [29.462923, 46.831013], [29.462562, 46.830896], [29.46222, 46.83077], [29.461932, 46.830672], [29.461771, 46.830597], [29.461567, 46.830503], [29.46079, 46.830177], [29.460524, 46.830081], [29.460481, 46.830066], [29.460301, 46.829616]]}, "properties": {"uid": "w317149174", "kind": "shortest", "distance_km": 5.6817, "duration_s": 492.9}}, {"type": "Feature", "geometry": {"type": "LineString", "coordinates": [[29.483304, 46.824154], [29.483349, 46.824141], [29.483782, 46.824007], [29.483939, 46.823959], [29.484097, 46.823912], [29.484045, 46.823804], [29.483968, 46.82365], [29.483598, 46.822917], [29.483541, 46.822802], [29.483438, 46.822597], [29.483413, 46.822548], [29.483266, 46.822256], [29.483156, 46.822035], [29.482987, 46.821682], [29.482702, 46.821096], [29.482665, 46.821016], [29.482621, 46.820922], [29.481816, 46.819246], [29.481581, 46.818781], [29.481307, 46.818242], [29.480897, 46.817434], [29.480303, 46.816248], [29.479955, 46.815529], [29.479802, 46.815218], [29.479615, 46.814835], [29.479565, 46.81473], [29.479228, 46.814029], [29.479192, 46.813942], [29.479192, 46.813823], [29.479191, 46.813386], [29.479254, 46.813131], [29.479314, 46.812949], [29.479424, 46.812616], [29.479884, 46.811678], [29.480247, 46.810563], [29.480416, 46.809954], [29.480386, 46.809206], [29.480376, 46.808582], [29.480383, 46.808286], [29.480368, 46.805922], [29.480378, 46.805506], [29.480359, 46.804529], [29.480345, 46.804451], [29.48029, 46.804151], [29.479899, 46.803303], [29.479789, 46.803075], [29.479247, 46.801887], [29.479126, 46.801609], [29.479067, 46.801521], [29.478978, 46.80143], [29.478849, 46.801323], [29.478691, 46.80122], [29.478567, 46.801146], [29.478357, 46.80105], [29.477976, 46.80092], [29.477855, 46.800876], [29.477383, 46.800746], [29.477094, 46.800742], [29.476987, 46.800771], [29.476941, 46.800781], [29.47686, 46.80081], [29.47636, 46.801118], [29.47573, 46.801628], [29.475434, 46.801856], [29.474899, 46.802281], [29.474536, 46.802571], [29.474296, 46.802762], [29.473597, 46.803331], [29.473161, 46.803665], [29.472254, 46.804406], [29.471565, 46.804936], [29.471027, 46.80536], [29.470186, 46.806024], [29.469518, 46.806552], [29.468717, 46.807184], [29.468656, 46.807232], [29.467349, 46.8072], [29.465556, 46.807473], [29.465504, 46.807481], [29.465119, 46.807539], [29.465047, 46.80755], [29.464808, 46.807587], [29.463935, 46.807719], [29.46286, 46.807883], [29.462674, 46.807911], [29.462239, 46.807978], [29.460303, 46.808272], [29.459187, 46.808442], [29.458931, 46.808495], [29.458683, 46.808571], [29.458492, 46.808687], [29.458487, 46.808692], [29.458333, 46.808822], [29.458215, 46.808977], [29.458152, 46.809103], [29.458101, 46.809249], [29.45809, 46.80947], [29.458116, 46.809684], [29.458431, 46.811569], [29.458536, 46.812201], [29.458552, 46.812296], [29.458603, 46.812611], [29.458696, 46.81319], [29.458749, 46.813496], [29.458801, 46.813814], [29.459073, 46.815478], [29.459158, 46.816022], [29.459218, 46.816405], [29.459237, 46.816539], [29.459283, 46.816879], [29.459315, 46.817013], [29.459458, 46.817429], [29.459866, 46.818476], [29.46028, 46.819581], [29.460603, 46.820524], [29.460719, 46.820828], [29.460777, 46.820981], [29.460848, 46.821166], [29.461002, 46.821571], [29.461247, 46.822177], [29.461309, 46.82233], [29.461616, 46.823072], [29.46195, 46.823837], [29.462003, 46.823971], [29.462183, 46.824428], [29.462342, 46.824834], [29.462538, 46.825328], [29.462554, 46.825374], [29.462596, 46.825499], [29.463092, 46.826787], [29.463322, 46.827398], [29.46334, 46.82744], [29.463635, 46.828073], [29.464058, 46.829106], [29.464204, 46.829461], [29.464407, 46.829911], [29.464501, 46.83014], [29.464678, 46.830623], [29.464723, 46.830746], [29.464278, 46.830833], [29.463505, 46.830991], [29.463275, 46.831034], [29.463103, 46.831047], [29.462923, 46.831013], [29.462562, 46.830896], [29.46222, 46.83077], [29.461932, 46.830672], [29.461771, 46.830597], [29.461567, 46.830503], [29.46079, 46.830177], [29.460524, 46.830081], [29.460481, 46.830066], [29.460301, 46.829616]]}, "properties": {"uid": "w317149174", "kind": "forced_brewery", "distance_km": 7.5202, "duration_s": 454.3}}, {"type": "Feature", "geometry": {"type": "Point", "coordinates": [29.4606, 46.82956]}, "properties": {"uid": "w317149174", "kind": "home", "zone": 4}}, {"type": "Feature", "geometry": {"type": "LineString", "coordinates": [[29.483304, 46.824154], [29.482844, 46.824291], [29.482491, 46.824396], [29.482349, 46.824444], [29.482205, 46.824488], [29.481962, 46.824563], [29.481627, 46.824666], [29.481337, 46.824756], [29.480644, 46.824966], [29.478998, 46.825477], [29.478436, 46.824305], [29.478401, 46.824233], [29.478353, 46.824127], [29.478271, 46.823947], [29.478197, 46.823784], [29.478159, 46.823697], [29.477734, 46.822752], [29.477529, 46.822297], [29.47743, 46.822065], [29.476836, 46.820674], [29.47675, 46.820471], [29.47672, 46.8204], [29.476675, 46.820291], [29.476443, 46.819718], [29.476235, 46.819214], [29.475988, 46.818625], [29.475958, 46.818544], [29.475908, 46.81844], [29.47512, 46.816695], [29.475107, 46.816658], [29.475056, 46.816552], [29.474795, 46.815948], [29.474678, 46.815674], [29.474497, 46.815283], [29.474342, 46.814946], [29.474006, 46.814758], [29.473798, 46.814601], [29.473248, 46.813901], [29.473152, 46.813774], [29.472939, 46.81346], [29.472889, 46.813386], [29.472811, 46.813271], [29.472404, 46.81268], [29.472268, 46.812462], [29.472043, 46.812159], [29.471773, 46.811769], [29.471593, 46.811509], [29.471387, 46.811232], [29.47108, 46.810815], [29.470915, 46.810614], [29.470824, 46.810505], [29.468897, 46.808761], [29.468497, 46.808399], [29.468294, 46.808215], [29.468184, 46.808105], [29.468083, 46.808001], [29.468027, 46.807937], [29.467919, 46.807815], [29.467349, 46.8072], [29.465556, 46.807473], [29.465504, 46.807481], [29.465119, 46.807539], [29.465047, 46.80755], [29.464808, 46.807587], [29.463935, 46.807719], [29.46286, 46.807883], [29.462674, 46.807911], [29.462239, 46.807978], [29.460303, 46.808272], [29.459187, 46.808442], [29.458931, 46.808495], [29.458683, 46.808571], [29.458492, 46.808687], [29.458487, 46.808692], [29.458333, 46.808822], [29.458215, 46.808977], [29.458152, 46.809103], [29.458101, 46.809249], [29.45809, 46.80947], [29.458116, 46.809684], [29.458431, 46.811569], [29.458536, 46.812201], [29.458552, 46.812296], [29.458603, 46.812611], [29.458696, 46.81319], [29.458749, 46.813496], [29.458801, 46.813814], [29.459073, 46.815478], [29.459158, 46.816022], [29.459218, 46.816405], [29.459237, 46.816539], [29.459283, 46.816879], [29.459315, 46.817013], [29.459458, 46.817429], [29.459866, 46.818476], [29.46028, 46.819581], [29.460603, 46.820524], [29.460719, 46.820828], [29.460777, 46.820981], [29.460848, 46.821166], [29.461002, 46.821571], [29.461247, 46.822177], [29.461309, 46.82233], [29.461616, 46.823072], [29.46195, 46.823837], [29.462003, 46.823971], [29.462183, 46.824428], [29.462342, 46.824834], [29.462538, 46.825328], [29.462554, 46.825374], [29.462596, 46.825499], [29.463092, 46.826787], [29.463322, 46.827398], [29.46334, 46.82744], [29.463635, 46.828073], [29.464058, 46.829106], [29.464204, 46.829461], [29.464407, 46.829911], [29.464501, 46.83014], [29.464678, 46.830623], [29.464723, 46.830746], [29.464278, 46.830833], [29.463505, 46.830991], [29.463275, 46.831034], [29.463103, 46.831047], [29.462923, 46.831013], [29.462562, 46.830896], [29.46222, 46.83077], [29.461932, 46.830672], [29.461771, 46.830597], [29.461567, 46.830503], [29.46079, 46.830177], [29.460524, 46.830081], [29.460481, 46.830066], [29.460361, 46.829765]]}, "properties": {"uid": "w317149177", "kind": "fastest", "distance_km": 6.2129, "duration_s": 401.9}}, {"type": "Feature", "geometry": {"type": "LineString", "coordinates": [[29.483304, 46.824154], [29.483349, 46.824141], [29.483782, 46.824007], [29.483939, 46.823959], [29.484097, 46.823912], [29.484045, 46.823804], [29.483968, 46.82365], [29.483598, 46.822917], [29.483541, 46.822802], [29.483438, 46.822597], [29.483536, 46.822568], [29.48496, 46.82213], [29.48509, 46.822088], [29.485131, 46.822169], [29.485238, 46.822378], [29.48538, 46.822659], [29.485495, 46.822883], [29.485499, 46.822892], [29.485705, 46.823296], [29.485765, 46.8234], [29.485795, 46.823472], [29.486483, 46.824787], [29.486678, 46.825161], [29.486714, 46.825229], [29.486746, 46.825294], [29.486842, 46.825484], [29.487625, 46.827029], [29.487957, 46.827685], [29.48804, 46.827913], [29.487987, 46.828141], [29.487765, 46.829116], [29.487744, 46.829211], [29.487726, 46.829816], [29.48774, 46.82997], [29.487794, 46.830313], [29.487802, 46.830362], [29.487832, 46.830555], [29.487838, 46.83061], [29.487889, 46.831051], [29.487904, 46.831294], [29.487927, 46.831486], [29.488047, 46.832137], [29.488098, 46.832667], [29.488091, 46.832816], [29.488017, 46.8329], [29.487986, 46.832946], [29.487829, 46.833064], [29.487677, 46.833113], [29.487456, 46.833152], [29.486694, 46.833278], [29.486222, 46.833341], [29.485657, 46.83345], [29.485451, 46.833512], [29.484568, 46.833781], [29.482469, 46.834465], [29.48238, 46.834491], [29.482291, 46.834518], [29.482271, 46.834523], [29.482178, 46.834546], [29.482123, 46.83456], [29.482112, 46.834562], [29.480798, 46.834887], [29.480633, 46.834959], [29.480485, 46.835043], [29.480321, 46.835214], [29.480207, 46.835391], [29.480111, 46.835635], [29.479059, 46.838316], [29.479015, 46.838426], [29.478971, 46.83854], [29.478984, 46.838863], [29.479018, 46.838984], [29.479364, 46.839893], [29.4795, 46.84005], [29.479668, 46.8404], [29.479751, 46.840557], [29.479777, 46.840623], [29.479769, 46.840691], [29.479728, 46.840753], [29.479657, 46.840802], [29.479597, 46.840871], [29.479504, 46.840966], [29.479382, 46.841043], [29.479259, 46.841099], [29.479047, 46.841148], [29.478773, 46.841165], [29.477743, 46.840944], [29.476321, 46.84067], [29.475959, 46.840629], [29.475706, 46.840615], [29.475419, 46.840629], [29.475031, 46.840688], [29.474673, 46.840805], [29.474383, 46.840945], [29.474097, 46.841152], [29.473923, 46.8413], [29.47372, 46.841222], [29.474409, 46.840646], [29.474237, 46.840545], [29.472571, 46.839927], [29.469862, 46.838896], [29.468541, 46.838761], [29.468235, 46.838727], [29.467838, 46.838724], [29.467434, 46.838751], [29.466584, 46.839008], [29.465977, 46.839201], [29.464825, 46.838925], [29.464687, 46.838906], [29.464522, 46.838904], [29.464997, 46.838401], [29.465179, 46.838198], [29.465557, 46.837795], [29.466198, 46.837105], [29.466947, 46.836243], [29.466872, 46.835979], [29.466701, 46.835536], [29.466596, 46.835308], [29.466405, 46.834843], [29.466385, 46.834795], [29.466162, 46.834252], [29.466067, 46.834009], [29.465865, 46.833532], [29.465757, 46.833268], [29.465553, 46.832773], [29.465281, 46.832114], [29.465117, 46.831715], [29.465049, 46.83155], [29.465015, 46.831467], [29.464938, 46.83128], [29.464592, 46.831041], [29.464278, 46.830833], [29.463505, 46.830991], [29.463275, 46.831034], [29.463103, 46.831047], [29.462923, 46.831013], [29.462562, 46.830896], [29.46222, 46.83077], [29.461932, 46.830672], [29.461771, 46.830597], [29.461567, 46.830503], [29.46079, 46.830177], [29.460524, 46.830081], [29.460481, 46.830066], [29.460361, 46.829765]]}, "properties": {"uid": "w317149177", "kind": "shortest", "distance_km": 5.6645, "duration_s": 490.4}}, {"type": "Feature", "geometry": {"type": "LineString", "coordinates": [[29.483304, 46.824154], [29.483349, 46.824141], [29.483782, 46.824007], [29.483939, 46.823959], [29.484097, 46.823912], [29.484045, 46.823804], [29.483968, 46.82365], [29.483598, 46.822917], [29.483541, 46.822802], [29.483438, 46.822597], [29.483413, 46.822548], [29.483266, 46.822256], [29.483156, 46.822035], [29.482987, 46.821682], [29.482702, 46.821096], [29.482665, 46.821016], [29.482621, 46.820922], [29.481816, 46.819246], [29.481581, 46.818781], [29.481307, 46.818242], [29.480897, 46.817434], [29.480303, 46.816248], [29.479955, 46.815529], [29.479802, 46.815218], [29.479615, 46.814835], [29.479565, 46.81473], [29.479228, 46.814029], [29.479192, 46.813942], [29.479192, 46.813823], [29.479191, 46.813386], [29.479254, 46.813131], [29.479314, 46.812949], [29.479424, 46.812616], [29.479884, 46.811678], [29.480247, 46.810563], [29.480416, 46.809954], [29.480386, 46.809206], [29.480376, 46.808582], [29.480383, 46.808286], [29.480368, 46.805922], [29.480378, 46.805506], [29.480359, 46.804529], [29.480345, 46.804451], [29.48029, 46.804151], [29.479899, 46.803303], [29.479789, 46.803075], [29.479247, 46.801887], [29.479126, 46.801609], [29.479067, 46.801521], [29.478978, 46.80143], [29.478849, 46.801323], [29.478691, 46.80122], [29.478567, 46.801146], [29.478357, 46.80105], [29.477976, 46.80092], [29.477855, 46.800876], [29.477383, 46.800746], [29.477094, 46.800742], [29.476987, 46.800771], [29.476941, 46.800781], [29.47686, 46.80081], [29.47636, 46.801118], [29.47573, 46.801628], [29.475434, 46.801856], [29.474899, 46.802281], [29.474536, 46.802571], [29.474296, 46.802762], [29.473597, 46.803331], [29.473161, 46.803665], [29.472254, 46.804406], [29.471565, 46.804936], [29.471027, 46.80536], [29.470186, 46.806024], [29.469518, 46.806552], [29.468717, 46.807184], [29.468656, 46.807232], [29.467349, 46.8072], [29.465556, 46.807473], [29.465504, 46.807481], [29.465119, 46.807539], [29.465047, 46.80755], [29.464808, 46.807587], [29.463935, 46.807719], [29.46286, 46.807883], [29.462674, 46.807911], [29.462239, 46.807978], [29.460303, 46.808272], [29.459187, 46.808442], [29.458931, 46.808495], [29.458683, 46.808571], [29.458492, 46.808687], [29.458487, 46.808692], [29.458333, 46.808822], [29.458215, 46.808977], [29.458152, 46.809103], [29.458101, 46.809249], [29.45809, 46.80947], [29.458116, 46.809684], [29.458431, 46.811569], [29.458536, 46.812201], [29.458552, 46.812296], [29.458603, 46.812611], [29.458696, 46.81319], [29.458749, 46.813496], [29.458801, 46.813814], [29.459073, 46.815478], [29.459158, 46.816022], [29.459218, 46.816405], [29.459237, 46.816539], [29.459283, 46.816879], [29.459315, 46.817013], [29.459458, 46.817429], [29.459866, 46.818476], [29.46028, 46.819581], [29.460603, 46.820524], [29.460719, 46.820828], [29.460777, 46.820981], [29.460848, 46.821166], [29.461002, 46.821571], [29.461247, 46.822177], [29.461309, 46.82233], [29.461616, 46.823072], [29.46195, 46.823837], [29.462003, 46.823971], [29.462183, 46.824428], [29.462342, 46.824834], [29.462538, 46.825328], [29.462554, 46.825374], [29.462596, 46.825499], [29.463092, 46.826787], [29.463322, 46.827398], [29.46334, 46.82744], [29.463635, 46.828073], [29.464058, 46.829106], [29.464204, 46.829461], [29.464407, 46.829911], [29.464501, 46.83014], [29.464678, 46.830623], [29.464723, 46.830746], [29.464278, 46.830833], [29.463505, 46.830991], [29.463275, 46.831034], [29.463103, 46.831047], [29.462923, 46.831013], [29.462562, 46.830896], [29.46222, 46.83077], [29.461932, 46.830672], [29.461771, 46.830597], [29.461567, 46.830503], [29.46079, 46.830177], [29.460524, 46.830081], [29.460481, 46.830066], [29.460361, 46.829765]]}, "properties": {"uid": "w317149177", "kind": "forced_brewery", "distance_km": 7.503, "duration_s": 451.8}}, {"type": "Feature", "geometry": {"type": "Point", "coordinates": [29.4606, 46.82972]}, "properties": {"uid": "w317149177", "kind": "home", "zone": 4}}, {"type": "Feature", "geometry": {"type": "LineString", "coordinates": [[29.483304, 46.824154], [29.482844, 46.824291], [29.482491, 46.824396], [29.482349, 46.824444], [29.482205, 46.824488], [29.481962, 46.824563], [29.481627, 46.824666], [29.481337, 46.824756], [29.480644, 46.824966], [29.478998, 46.825477], [29.478436, 46.824305], [29.478401, 46.824233], [29.478353, 46.824127], [29.478271, 46.823947], [29.478197, 46.823784], [29.478159, 46.823697], [29.477734, 46.822752], [29.477529, 46.822297], [29.47743, 46.822065], [29.476836, 46.820674], [29.47675, 46.820471], [29.47672, 46.8204], [29.476675, 46.820291], [29.476443, 46.819718], [29.476235, 46.819214], [29.475988, 46.818625], [29.475958, 46.818544], [29.475908, 46.81844], [29.47512, 46.816695], [29.475107, 46.816658], [29.475056, 46.816552], [29.474795, 46.815948], [29.474678, 46.815674], [29.474497, 46.815283], [29.474342, 46.814946], [29.474006, 46.814758], [29.473798, 46.814601], [29.473248, 46.813901], [29.473152, 46.813774], [29.472939, 46.81346], [29.472889, 46.813386], [29.472811, 46.813271], [29.472404, 46.81268], [29.472268, 46.812462], [29.472043, 46.812159], [29.471773, 46.811769], [29.471593, 46.811509], [29.471387, 46.811232], [29.47108, 46.810815], [29.470915, 46.810614], [29.470824, 46.810505], [29.468897, 46.808761], [29.468497, 46.808399], [29.468294, 46.808215], [29.468184, 46.808105], [29.468083, 46.808001], [29.468027, 46.807937], [29.467919, 46.807815], [29.467349, 46.8072], [29.465556, 46.807473], [29.465504, 46.807481], [29.465119, 46.807539], [29.465047, 46.80755], [29.464808, 46.807587], [29.463935, 46.807719], [29.46286, 46.807883], [29.462674, 46.807911], [29.462239, 46.807978], [29.460303, 46.808272], [29.459187, 46.808442], [29.458931, 46.808495], [29.458683, 46.808571], [29.458492, 46.808687], [29.458487, 46.808692], [29.458333, 46.808822], [29.458215, 46.808977], [29.458152, 46.809103], [29.458101, 46.809249], [29.45809, 46.80947], [29.458116, 46.809684], [29.458431, 46.811569], [29.458536, 46.812201], [29.458552, 46.812296], [29.458603, 46.812611], [29.458696, 46.81319], [29.458749, 46.813496], [29.458801, 46.813814], [29.459073, 46.815478], [29.459158, 46.816022], [29.459218, 46.816405], [29.459237, 46.816539], [29.459283, 46.816879], [29.459315, 46.817013], [29.459458, 46.817429], [29.459866, 46.818476], [29.46028, 46.819581], [29.460603, 46.820524], [29.460719, 46.820828], [29.460777, 46.820981], [29.460848, 46.821166], [29.461002, 46.821571], [29.461247, 46.822177], [29.461309, 46.82233], [29.461616, 46.823072], [29.46195, 46.823837], [29.462003, 46.823971], [29.462183, 46.824428], [29.462342, 46.824834], [29.462538, 46.825328], [29.462554, 46.825374], [29.462596, 46.825499], [29.463092, 46.826787], [29.463322, 46.827398], [29.46334, 46.82744], [29.463635, 46.828073], [29.464058, 46.829106], [29.464204, 46.829461], [29.464407, 46.829911], [29.464501, 46.83014], [29.464678, 46.830623], [29.464723, 46.830746], [29.464278, 46.830833], [29.463505, 46.830991], [29.463275, 46.831034], [29.463103, 46.831047], [29.462923, 46.831013], [29.462562, 46.830896], [29.46222, 46.83077], [29.461932, 46.830672], [29.461771, 46.830597], [29.461567, 46.830503], [29.46079, 46.830177], [29.460524, 46.830081], [29.460481, 46.830066], [29.460422, 46.829918]]}, "properties": {"uid": "w317149178", "kind": "fastest", "distance_km": 6.1953, "duration_s": 399.4}}, {"type": "Feature", "geometry": {"type": "LineString", "coordinates": [[29.483304, 46.824154], [29.483349, 46.824141], [29.483782, 46.824007], [29.483939, 46.823959], [29.484097, 46.823912], [29.484045, 46.823804], [29.483968, 46.82365], [29.483598, 46.822917], [29.483541, 46.822802], [29.483438, 46.822597], [29.483536, 46.822568], [29.48496, 46.82213], [29.48509, 46.822088], [29.485131, 46.822169], [29.485238, 46.822378], [29.48538, 46.822659], [29.485495, 46.822883], [29.485499, 46.822892], [29.485705, 46.823296], [29.485765, 46.8234], [29.485795, 46.823472], [29.486483, 46.824787], [29.486678, 46.825161], [29.486714, 46.825229], [29.486746, 46.825294], [29.486842, 46.825484], [29.487625, 46.827029], [29.487957, 46.827685], [29.48804, 46.827913], [29.487987, 46.828141], [29.487765, 46.829116], [29.487744, 46.829211], [29.487726, 46.829816], [29.48774, 46.82997], [29.487794, 46.830313], [29.487802, 46.830362], [29.487832, 46.830555], [29.487838, 46.83061], [29.487889, 46.831051], [29.487904, 46.831294], [29.487927, 46.831486], [29.488047, 46.832137], [29.488098, 46.832667], [29.488091, 46.832816], [29.488017, 46.8329], [29.487986, 46.832946], [29.487829, 46.833064], [29.487677, 46.833113], [29.487456, 46.833152], [29.486694, 46.833278], [29.486222, 46.833341], [29.485657, 46.83345], [29.485451, 46.833512], [29.484568, 46.833781], [29.482469, 46.834465], [29.48238, 46.834491], [29.482291, 46.834518], [29.482271, 46.834523], [29.482178, 46.834546], [29.482123, 46.83456], [29.482112, 46.834562], [29.480798, 46.834887], [29.480633, 46.834959], [29.480485, 46.835043], [29.480321, 46.835214], [29.480207, 46.835391], [29.480111, 46.835635], [29.479059, 46.838316], [29.479015, 46.838426], [29.478971, 46.83854], [29.478984, 46.838863], [29.479018, 46.838984], [29.479364, 46.839893], [29.4795, 46.84005], [29.479668, 46.8404], [29.479751, 46.840557], [29.479777, 46.840623], [29.479769, 46.840691], [29.479728, 46.840753], [29.479657, 46.840802], [29.479597, 46.840871], [29.479504, 46.840966], [29.479382, 46.841043], [29.479259, 46.841099], [29.479047, 46.841148], [29.478773, 46.841165], [29.477743, 46.840944], [29.476321, 46.84067], [29.475959, 46.840629], [29.475706, 46.840615], [29.475419, 46.840629], [29.475031, 46.840688], [29.474673, 46.840805], [29.474383, 46.840945], [29.474097, 46.841152], [29.473923, 46.8413], [29.47372, 46.841222], [29.474409, 46.840646], [29.474237, 46.840545], [29.472571, 46.839927], [29.469862, 46.838896], [29.468541, 46.838761], [29.468235, 46.838727], [29.467838, 46.838724], [29.467434, 46.838751], [29.466584, 46.839008], [29.465977, 46.839201], [29.464825, 46.838925], [29.464687, 46.838906], [29.464522, 46.838904], [29.464997, 46.838401], [29.465179, 46.838198], [29.465557, 46.837795], [29.466198, 46.837105], [29.466947, 46.836243], [29.466872, 46.835979], [29.466701, 46.835536], [29.466596, 46.835308], [29.466405, 46.834843], [29.466385, 46.834795], [29.466162, 46.834252], [29.466067, 46.834009], [29.465865, 46.833532], [29.465757, 46.833268], [29.465553, 46.832773], [29.465281, 46.832114], [29.465117, 46.831715], [29.465049, 46.83155], [29.465015, 46.831467], [29.464938, 46.83128], [29.464592, 46.831041], [29.464278, 46.830833], [29.463505, 46.830991], [29.463275, 46.831034], [29.463103, 46.831047], [29.462923, 46.831013], [29.462562, 46.830896], [29.46222, 46.83077], [29.461932, 46.830672], [29.461771, 46.830597], [29.461567, 46.830503], [29.46079, 46.830177], [29.460524, 46.830081], [29.460481, 46.830066], [29.460422, 46.829918]]}, "properties": {"uid": "w317149178", "kind": "shortest", "distance_km": 5.6469, "duration_s": 487.9}}, {"type": "Feature", "geometry": {"type": "LineString", "coordinates": [[29.483304, 46.824154], [29.483349, 46.824141], [29.483782, 46.824007], [29.483939, 46.823959], [29.484097, 46.823912], [29.484045, 46.823804], [29.483968, 46.82365], [29.483598, 46.822917], [29.483541, 46.822802], [29.483438, 46.822597], [29.483413, 46.822548], [29.483266, 46.822256], [29.483156, 46.822035], [29.482987, 46.821682], [29.482702, 46.821096], [29.482665, 46.821016], [29.482621, 46.820922], [29.481816, 46.819246], [29.481581, 46.818781], [29.481307, 46.818242], [29.480897, 46.817434], [29.480303, 46.816248], [29.479955, 46.815529], [29.479802, 46.815218], [29.479615, 46.814835], [29.479565, 46.81473], [29.479228, 46.814029], [29.479192, 46.813942], [29.479192, 46.813823], [29.479191, 46.813386], [29.479254, 46.813131], [29.479314, 46.812949], [29.479424, 46.812616], [29.479884, 46.811678], [29.480247, 46.810563], [29.480416, 46.809954], [29.480386, 46.809206], [29.480376, 46.808582], [29.480383, 46.808286], [29.480368, 46.805922], [29.480378, 46.805506], [29.480359, 46.804529], [29.480345, 46.804451], [29.48029, 46.804151], [29.479899, 46.803303], [29.479789, 46.803075], [29.479247, 46.801887], [29.479126, 46.801609], [29.479067, 46.801521], [29.478978, 46.80143], [29.478849, 46.801323], [29.478691, 46.80122], [29.478567, 46.801146], [29.478357, 46.80105], [29.477976, 46.80092], [29.477855, 46.800876], [29.477383, 46.800746], [29.477094, 46.800742], [29.476987, 46.800771], [29.476941, 46.800781], [29.47686, 46.80081], [29.47636, 46.801118], [29.47573, 46.801628], [29.475434, 46.801856], [29.474899, 46.802281], [29.474536, 46.802571], [29.474296, 46.802762], [29.473597, 46.803331], [29.473161, 46.803665], [29.472254, 46.804406], [29.471565, 46.804936], [29.471027, 46.80536], [29.470186, 46.806024], [29.469518, 46.806552], [29.468717, 46.807184], [29.468656, 46.807232], [29.467349, 46.8072], [29.465556, 46.807473], [29.465504, 46.807481], [29.465119, 46.807539], [29.465047, 46.80755], [29.464808, 46.807587], [29.463935, 46.807719], [29.46286, 46.807883], [29.462674, 46.807911], [29.462239, 46.807978], [29.460303, 46.808272], [29.459187, 46.808442], [29.458931, 46.808495], [29.458683, 46.808571], [29.458492, 46.808687], [29.458487, 46.808692], [29.458333, 46.808822], [29.458215, 46.808977], [29.458152, 46.809103], [29.458101, 46.809249], [29.45809, 46.80947], [29.458116, 46.809684], [29.458431, 46.811569], [29.458536, 46.812201], [29.458552, 46.812296], [29.458603, 46.812611], [29.458696, 46.81319], [29.458749, 46.813496], [29.458801, 46.813814], [29.459073, 46.815478], [29.459158, 46.816022], [29.459218, 46.816405], [29.459237, 46.816539], [29.459283, 46.816879], [29.459315, 46.817013], [29.459458, 46.817429], [29.459866, 46.818476], [29.46028, 46.819581], [29.460603, 46.820524], [29.460719, 46.820828], [29.460777, 46.820981], [29.460848, 46.821166], [29.461002, 46.821571], [29.461247, 46.822177], [29.461309, 46.82233], [29.461616, 46.823072], [29.46195, 46.823837], [29.462003, 46.823971], [29.462183, 46.824428], [29.462342, 46.824834], [29.462538, 46.825328], [29.462554, 46.825374], [29.462596, 46.825499], [29.463092, 46.826787], [29.463322, 46.827398], [29.46334, 46.82744], [29.463635, 46.828073], [29.464058, 46.829106], [29.464204, 46.829461], [29.464407, 46.829911], [29.464501, 46.83014], [29.464678, 46.830623], [29.464723, 46.830746], [29.464278, 46.830833], [29.463505, 46.830991], [29.463275, 46.831034], [29.463103, 46.831047], [29.462923, 46.831013], [29.462562, 46.830896], [29.46222, 46.83077], [29.461932, 46.830672], [29.461771, 46.830597], [29.461567, 46.830503], [29.46079, 46.830177], [29.460524, 46.830081], [29.460481, 46.830066], [29.460422, 46.829918]]}, "properties": {"uid": "w317149178", "kind": "forced_brewery", "distance_km": 7.4854, "duration_s": 449.3}}, {"type": "Feature", "geometry": {"type": "Point", "coordinates": [29.46068, 46.82987]}, "properties": {"uid": "w317149178", "kind": "home", "zone": 4}}, {"type": "Feature", "geometry": {"type": "LineString", "coordinates": [[29.483304, 46.824154], [29.482844, 46.824291], [29.482491, 46.824396], [29.482349, 46.824444], [29.482205, 46.824488], [29.481962, 46.824563], [29.481627, 46.824666], [29.481337, 46.824756], [29.480644, 46.824966], [29.478998, 46.825477], [29.478436, 46.824305], [29.478401, 46.824233], [29.478353, 46.824127], [29.478271, 46.823947], [29.478197, 46.823784], [29.478159, 46.823697], [29.477734, 46.822752], [29.477529, 46.822297], [29.47743, 46.822065], [29.476836, 46.820674], [29.47675, 46.820471], [29.47672, 46.8204], [29.476675, 46.820291], [29.476443, 46.819718], [29.476235, 46.819214], [29.475988, 46.818625], [29.475958, 46.818544], [29.475908, 46.81844], [29.47512, 46.816695], [29.475107, 46.816658], [29.475056, 46.816552], [29.474795, 46.815948], [29.474678, 46.815674], [29.474497, 46.815283], [29.474342, 46.814946], [29.474006, 46.814758], [29.473798, 46.814601], [29.473248, 46.813901], [29.473152, 46.813774], [29.472939, 46.81346], [29.472889, 46.813386], [29.472811, 46.813271], [29.472404, 46.81268], [29.472268, 46.812462], [29.472043, 46.812159], [29.471773, 46.811769], [29.471593, 46.811509], [29.471387, 46.811232], [29.47108, 46.810815], [29.470915, 46.810614], [29.470824, 46.810505], [29.468897, 46.808761], [29.468497, 46.808399], [29.468294, 46.808215], [29.468184, 46.808105], [29.468083, 46.808001], [29.468027, 46.807937], [29.467919, 46.807815], [29.467349, 46.8072], [29.465556, 46.807473], [29.465504, 46.807481], [29.465119, 46.807539], [29.465047, 46.80755], [29.464808, 46.807587], [29.463935, 46.807719], [29.46286, 46.807883], [29.462674, 46.807911], [29.462239, 46.807978], [29.460303, 46.808272], [29.459187, 46.808442], [29.458931, 46.808495], [29.458683, 46.808571], [29.458492, 46.808687], [29.458487, 46.808692], [29.458333, 46.808822], [29.458215, 46.808977], [29.458152, 46.809103], [29.458101, 46.809249], [29.45809, 46.80947], [29.458116, 46.809684], [29.458431, 46.811569], [29.458536, 46.812201], [29.458552, 46.812296], [29.458603, 46.812611], [29.458696, 46.81319], [29.458749, 46.813496], [29.458801, 46.813814], [29.459073, 46.815478], [29.459158, 46.816022], [29.459218, 46.816405], [29.459237, 46.816539], [29.459283, 46.816879], [29.459315, 46.817013], [29.459458, 46.817429], [29.459866, 46.818476], [29.46028, 46.819581], [29.460603, 46.820524], [29.460719, 46.820828], [29.460777, 46.820981], [29.460848, 46.821166], [29.461002, 46.821571], [29.461247, 46.822177], [29.461309, 46.82233], [29.461616, 46.823072], [29.46195, 46.823837], [29.462003, 46.823971], [29.462183, 46.824428], [29.462342, 46.824834], [29.462538, 46.825328], [29.462554, 46.825374], [29.462596, 46.825499], [29.463092, 46.826787], [29.463322, 46.827398], [29.46334, 46.82744], [29.463635, 46.828073], [29.464058, 46.829106], [29.464204, 46.829461], [29.464407, 46.829911], [29.464501, 46.83014], [29.464678, 46.830623], [29.464723, 46.830746], [29.464278, 46.830833], [29.463505, 46.830991], [29.463275, 46.831034], [29.463103, 46.831047], [29.462923, 46.831013], [29.462562, 46.830896], [29.46222, 46.83077], [29.461932, 46.830672], [29.461771, 46.830597], [29.461567, 46.830503], [29.46079, 46.830177], [29.460451, 46.830612], [29.460874, 46.830884], [29.461004, 46.830815], [29.461531, 46.831172], [29.461442, 46.831235]]}, "properties": {"uid": "w209273611", "kind": "fastest", "distance_km": 6.3295, "duration_s": 439.9}}, {"type": "Feature", "geometry": {"type": "LineString", "coordinates": [[29.483304, 46.824154], [29.483349, 46.824141], [29.483782, 46.824007], [29.483939, 46.823959], [29.484097, 46.823912], [29.484045, 46.823804], [29.483968, 46.82365], [29.483598, 46.822917], [29.483541, 46.822802], [29.483438, 46.822597], [29.483536, 46.822568], [29.48496, 46.82213], [29.48509, 46.822088], [29.485131, 46.822169], [29.485238, 46.822378], [29.48538, 46.822659], [29.485495, 46.822883], [29.485499, 46.822892], [29.485705, 46.823296], [29.485765, 46.8234], [29.485795, 46.823472], [29.486483, 46.824787], [29.486678, 46.825161], [29.486714, 46.825229], [29.486746, 46.825294], [29.486842, 46.825484], [29.487625, 46.827029], [29.487957, 46.827685], [29.48804, 46.827913], [29.487987, 46.828141], [29.487765, 46.829116], [29.487744, 46.829211], [29.487726, 46.829816], [29.48774, 46.82997], [29.487794, 46.830313], [29.487802, 46.830362], [29.487832, 46.830555], [29.487838, 46.83061], [29.487889, 46.831051], [29.487904, 46.831294], [29.487927, 46.831486], [29.488047, 46.832137], [29.488098, 46.832667], [29.488091, 46.832816], [29.488017, 46.8329], [29.487986, 46.832946], [29.487829, 46.833064], [29.487677, 46.833113], [29.487456, 46.833152], [29.486694, 46.833278], [29.486222, 46.833341], [29.485657, 46.83345], [29.485451, 46.833512], [29.484568, 46.833781], [29.482469, 46.834465], [29.48238, 46.834491], [29.482291, 46.834518], [29.482271, 46.834523], [29.482178, 46.834546], [29.482123, 46.83456], [29.482112, 46.834562], [29.480798, 46.834887], [29.480633, 46.834959], [29.480485, 46.835043], [29.480321, 46.835214], [29.480207, 46.835391], [29.480111, 46.835635], [29.479059, 46.838316], [29.479015, 46.838426], [29.478971, 46.83854], [29.478984, 46.838863], [29.479018, 46.838984], [29.479364, 46.839893], [29.4795, 46.84005], [29.479668, 46.8404], [29.479751, 46.840557], [29.479777, 46.840623], [29.479769, 46.840691], [29.479728, 46.840753], [29.479657, 46.840802], [29.479597, 46.840871], [29.479504, 46.840966], [29.479382, 46.841043], [29.479259, 46.841099], [29.479047, 46.841148], [29.478773, 46.841165], [29.477743, 46.840944], [29.476321, 46.84067], [29.475959, 46.840629], [29.475706, 46.840615], [29.475419, 46.840629], [29.475031, 46.840688], [29.474673, 46.840805], [29.474383, 46.840945], [29.474097, 46.841152], [29.473923, 46.8413], [29.47372, 46.841222], [29.474409, 46.840646], [29.474237, 46.840545], [29.472571, 46.839927], [29.469862, 46.838896], [29.468541, 46.838761], [29.468235, 46.838727], [29.467838, 46.838724], [29.467434, 46.838751], [29.466584, 46.839008], [29.465977, 46.839201], [29.464825, 46.838925], [29.464687, 46.838906], [29.464522, 46.838904], [29.464997, 46.838401], [29.465179, 46.838198], [29.465557, 46.837795], [29.466198, 46.837105], [29.466947, 46.836243], [29.466872, 46.835979], [29.466701, 46.835536], [29.466596, 46.835308], [29.466405, 46.834843], [29.466385, 46.834795], [29.466162, 46.834252], [29.466067, 46.834009], [29.465865, 46.833532], [29.465757, 46.833268], [29.465553, 46.832773], [29.465281, 46.832114], [29.465117, 46.831715], [29.465049, 46.83155], [29.465015, 46.831467], [29.464938, 46.83128], [29.464592, 46.831041], [29.464278, 46.830833], [29.463505, 46.830991], [29.463275, 46.831034], [29.463103, 46.831047], [29.462923, 46.831013], [29.462562, 46.830896], [29.46222, 46.83077], [29.461932, 46.830672], [29.461771, 46.830597], [29.461567, 46.830503], [29.46079, 46.830177], [29.460451, 46.830612], [29.460874, 46.830884], [29.461004, 46.830815], [29.461531, 46.831172], [29.461442, 46.831235]]}, "properties": {"uid": "w209273611", "kind": "shortest", "distance_km": 5.7811, "duration_s": 528.4}}, {"type": "Feature", "geometry": {"type": "LineString", "coordinates": [[29.483304, 46.824154], [29.483349, 46.824141], [29.483782, 46.824007], [29.483939, 46.823959], [29.484097, 46.823912], [29.484045, 46.823804], [29.483968, 46.82365], [29.483598, 46.822917], [29.483541, 46.822802], [29.483438, 46.822597], [29.483413, 46.822548], [29.483266, 46.822256], [29.483156, 46.822035], [29.482987, 46.821682], [29.482702, 46.821096], [29.482665, 46.821016], [29.482621, 46.820922], [29.481816, 46.819246], [29.481581, 46.818781], [29.481307, 46.818242], [29.480897, 46.817434], [29.480303, 46.816248], [29.479955, 46.815529], [29.479802, 46.815218], [29.479615, 46.814835], [29.479565, 46.81473], [29.479228, 46.814029], [29.479192, 46.813942], [29.479192, 46.813823], [29.479191, 46.813386], [29.479254, 46.813131], [29.479314, 46.812949], [29.479424, 46.812616], [29.479884, 46.811678], [29.480247, 46.810563], [29.480416, 46.809954], [29.480386, 46.809206], [29.480376, 46.808582], [29.480383, 46.808286], [29.480368, 46.805922], [29.480378, 46.805506], [29.480359, 46.804529], [29.480345, 46.804451], [29.48029, 46.804151], [29.479899, 46.803303], [29.479789, 46.803075], [29.479247, 46.801887], [29.479126, 46.801609], [29.479067, 46.801521], [29.478978, 46.80143], [29.478849, 46.801323], [29.478691, 46.80122], [29.478567, 46.801146], [29.478357, 46.80105], [29.477976, 46.80092], [29.477855, 46.800876], [29.477383, 46.800746], [29.477094, 46.800742], [29.476987, 46.800771], [29.476941, 46.800781], [29.47686, 46.80081], [29.47636, 46.801118], [29.47573, 46.801628], [29.475434, 46.801856], [29.474899, 46.802281], [29.474536, 46.802571], [29.474296, 46.802762], [29.473597, 46.803331], [29.473161, 46.803665], [29.472254, 46.804406], [29.471565, 46.804936], [29.471027, 46.80536], [29.470186, 46.806024], [29.469518, 46.806552], [29.468717, 46.807184], [29.468656, 46.807232], [29.467349, 46.8072], [29.465556, 46.807473], [29.465504, 46.807481], [29.465119, 46.807539], [29.465047, 46.80755], [29.464808, 46.807587], [29.463935, 46.807719], [29.46286, 46.807883], [29.462674, 46.807911], [29.462239, 46.807978], [29.460303, 46.808272], [29.459187, 46.808442], [29.458931, 46.808495], [29.458683, 46.808571], [29.458492, 46.808687], [29.458487, 46.808692], [29.458333, 46.808822], [29.458215, 46.808977], [29.458152, 46.809103], [29.458101, 46.809249], [29.45809, 46.80947], [29.458116, 46.809684], [29.458431, 46.811569], [29.458536, 46.812201], [29.458552, 46.812296], [29.458603, 46.812611], [29.458696, 46.81319], [29.458749, 46.813496], [29.458801, 46.813814], [29.459073, 46.815478], [29.459158, 46.816022], [29.459218, 46.816405], [29.459237, 46.816539], [29.459283, 46.816879], [29.459315, 46.817013], [29.459458, 46.817429], [29.459866, 46.818476], [29.46028, 46.819581], [29.460603, 46.820524], [29.460719, 46.820828], [29.460777, 46.820981], [29.460848, 46.821166], [29.461002, 46.821571], [29.461247, 46.822177], [29.461309, 46.82233], [29.461616, 46.823072], [29.46195, 46.823837], [29.462003, 46.823971], [29.462183, 46.824428], [29.462342, 46.824834], [29.462538, 46.825328], [29.462554, 46.825374], [29.462596, 46.825499], [29.463092, 46.826787], [29.463322, 46.827398], [29.46334, 46.82744], [29.463635, 46.828073], [29.464058, 46.829106], [29.464204, 46.829461], [29.464407, 46.829911], [29.464501, 46.83014], [29.464678, 46.830623], [29.464723, 46.830746], [29.464278, 46.830833], [29.463505, 46.830991], [29.463275, 46.831034], [29.463103, 46.831047], [29.462923, 46.831013], [29.462562, 46.830896], [29.46222, 46.83077], [29.461932, 46.830672], [29.461771, 46.830597], [29.461567, 46.830503], [29.46079, 46.830177], [29.460451, 46.830612], [29.460874, 46.830884], [29.461004, 46.830815], [29.461531, 46.831172], [29.461442, 46.831235]]}, "properties": {"uid": "w209273611", "kind": "forced_brewery", "distance_km": 7.6196, "duration_s": 489.8}}, {"type": "Feature", "geometry": {"type": "Point", "coordinates": [29.46157, 46.83132]}, "properties": {"uid": "w209273611", "kind": "home", "zone": 4}}, {"type": "Feature", "geometry": {"type": "LineString", "coordinates": [[29.483304, 46.824154], [29.482844, 46.824291], [29.482491, 46.824396], [29.482349, 46.824444], [29.482205, 46.824488], [29.481962, 46.824563], [29.481627, 46.824666], [29.481337, 46.824756], [29.480644, 46.824966], [29.478998, 46.825477], [29.478436, 46.824305], [29.478401, 46.824233], [29.478353, 46.824127], [29.478271, 46.823947], [29.478197, 46.823784], [29.478159, 46.823697], [29.477734, 46.822752], [29.477529, 46.822297], [29.47743, 46.822065], [29.476836, 46.820674], [29.47675, 46.820471], [29.47672, 46.8204], [29.476675, 46.820291], [29.476443, 46.819718], [29.476235, 46.819214], [29.475988, 46.818625], [29.475958, 46.818544], [29.475908, 46.81844], [29.47512, 46.816695], [29.475107, 46.816658], [29.475056, 46.816552], [29.474795, 46.815948], [29.474678, 46.815674], [29.474497, 46.815283], [29.474342, 46.814946], [29.474006, 46.814758], [29.473798, 46.814601], [29.473248, 46.813901], [29.473152, 46.813774], [29.472939, 46.81346], [29.472889, 46.813386], [29.472811, 46.813271], [29.472404, 46.81268], [29.472268, 46.812462], [29.472043, 46.812159], [29.471773, 46.811769], [29.471593, 46.811509], [29.471387, 46.811232], [29.47108, 46.810815], [29.470915, 46.810614], [29.470824, 46.810505], [29.468897, 46.808761], [29.468497, 46.808399], [29.468294, 46.808215], [29.468184, 46.808105], [29.468083, 46.808001], [29.468027, 46.807937], [29.467919, 46.807815], [29.467349, 46.8072], [29.465556, 46.807473], [29.465504, 46.807481], [29.465119, 46.807539], [29.465047, 46.80755], [29.464808, 46.807587], [29.463935, 46.807719], [29.46286, 46.807883], [29.462674, 46.807911], [29.462239, 46.807978], [29.460303, 46.808272], [29.459187, 46.808442], [29.458931, 46.808495], [29.458683, 46.808571], [29.458492, 46.808687], [29.458487, 46.808692], [29.458333, 46.808822], [29.458215, 46.808977], [29.458152, 46.809103], [29.458101, 46.809249], [29.45809, 46.80947], [29.458116, 46.809684], [29.458431, 46.811569], [29.458536, 46.812201], [29.458552, 46.812296], [29.458603, 46.812611], [29.458696, 46.81319], [29.458749, 46.813496], [29.458801, 46.813814], [29.459073, 46.815478], [29.459158, 46.816022], [29.459218, 46.816405], [29.459237, 46.816539], [29.459283, 46.816879], [29.459315, 46.817013], [29.459458, 46.817429], [29.459866, 46.818476], [29.46028, 46.819581], [29.460603, 46.820524], [29.460719, 46.820828], [29.460777, 46.820981], [29.460848, 46.821166], [29.461002, 46.821571], [29.461247, 46.822177], [29.461309, 46.82233], [29.461616, 46.823072], [29.46195, 46.823837], [29.462003, 46.823971], [29.462183, 46.824428], [29.462342, 46.824834], [29.462538, 46.825328], [29.462554, 46.825374], [29.462596, 46.825499], [29.463092, 46.826787], [29.463322, 46.827398], [29.46334, 46.82744], [29.463635, 46.828073], [29.464058, 46.829106], [29.464204, 46.829461], [29.464407, 46.829911], [29.464501, 46.83014], [29.464678, 46.830623], [29.464723, 46.830746], [29.464278, 46.830833], [29.463505, 46.830991], [29.463275, 46.831034], [29.463103, 46.831047], [29.462923, 46.831013], [29.462562, 46.830896], [29.46222, 46.83077], [29.461932, 46.830672], [29.461771, 46.830597], [29.461567, 46.830503], [29.46079, 46.830177], [29.460524, 46.830081], [29.460481, 46.830066], [29.460311, 46.82964]]}, "properties": {"uid": "w318070643", "kind": "fastest", "distance_km": 6.2273, "duration_s": 404}}, {"type": "Feature", "geometry": {"type": "LineString", "coordinates": [[29.483304, 46.824154], [29.483349, 46.824141], [29.483782, 46.824007], [29.483939, 46.823959], [29.484097, 46.823912], [29.484045, 46.823804], [29.483968, 46.82365], [29.483598, 46.822917], [29.483541, 46.822802], [29.483438, 46.822597], [29.483536, 46.822568], [29.48496, 46.82213], [29.48509, 46.822088], [29.485131, 46.822169], [29.485238, 46.822378], [29.48538, 46.822659], [29.485495, 46.822883], [29.485499, 46.822892], [29.485705, 46.823296], [29.485765, 46.8234], [29.485795, 46.823472], [29.486483, 46.824787], [29.486678, 46.825161], [29.486714, 46.825229], [29.486746, 46.825294], [29.486842, 46.825484], [29.487625, 46.827029], [29.487957, 46.827685], [29.48804, 46.827913], [29.487987, 46.828141], [29.487765, 46.829116], [29.487744, 46.829211], [29.487726, 46.829816], [29.48774, 46.82997], [29.487794, 46.830313], [29.487802, 46.830362], [29.487832, 46.830555], [29.487838, 46.83061], [29.487889, 46.831051], [29.487904, 46.831294], [29.487927, 46.831486], [29.488047, 46.832137], [29.488098, 46.832667], [29.488091, 46.832816], [29.488017, 46.8329], [29.487986, 46.832946], [29.487829, 46.833064], [29.487677, 46.833113], [29.487456, 46.833152], [29.486694, 46.833278], [29.486222, 46.833341], [29.485657, 46.83345], [29.485451, 46.833512], [29.484568, 46.833781], [29.482469, 46.834465], [29.48238, 46.834491], [29.482291, 46.834518], [29.482271, 46.834523], [29.482178, 46.834546], [29.482123, 46.83456], [29.482112, 46.834562], [29.480798, 46.834887], [29.480633, 46.834959], [29.480485, 46.835043], [29.480321, 46.835214], [29.480207, 46.835391], [29.480111, 46.835635], [29.479059, 46.838316], [29.479015, 46.838426], [29.478971, 46.83854], [29.478984, 46.838863], [29.479018, 46.838984], [29.479364, 46.839893], [29.4795, 46.84005], [29.479668, 46.8404], [29.479751, 46.840557], [29.479777, 46.840623], [29.479769, 46.840691], [29.479728, 46.840753], [29.479657, 46.840802], [29.479597, 46.840871], [29.479504, 46.840966], [29.479382, 46.841043], [29.479259, 46.841099], [29.479047, 46.841148], [29.478773, 46.841165], [29.477743, 46.840944], [29.476321, 46.84067], [29.475959, 46.840629], [29.475706, 46.840615], [29.475419, 46.840629], [29.475031, 46.840688], [29.474673, 46.840805], [29.474383, 46.840945], [29.474097, 46.841152], [29.473923, 46.8413], [29.47372, 46.841222], [29.474409, 46.840646], [29.474237, 46.840545], [29.472571, 46.839927], [29.469862, 46.838896], [29.468541, 46.838761], [29.468235, 46.838727], [29.467838, 46.838724], [29.467434, 46.838751], [29.466584, 46.839008], [29.465977, 46.839201], [29.464825, 46.838925], [29.464687, 46.838906], [29.464522, 46.838904], [29.464997, 46.838401], [29.465179, 46.838198], [29.465557, 46.837795], [29.466198, 46.837105], [29.466947, 46.836243], [29.466872, 46.835979], [29.466701, 46.835536], [29.466596, 46.835308], [29.466405, 46.834843], [29.466385, 46.834795], [29.466162, 46.834252], [29.466067, 46.834009], [29.465865, 46.833532], [29.465757, 46.833268], [29.465553, 46.832773], [29.465281, 46.832114], [29.465117, 46.831715], [29.465049, 46.83155], [29.465015, 46.831467], [29.464938, 46.83128], [29.464592, 46.831041], [29.464278, 46.830833], [29.463505, 46.830991], [29.463275, 46.831034], [29.463103, 46.831047], [29.462923, 46.831013], [29.462562, 46.830896], [29.46222, 46.83077], [29.461932, 46.830672], [29.461771, 46.830597], [29.461567, 46.830503], [29.46079, 46.830177], [29.460524, 46.830081], [29.460481, 46.830066], [29.460311, 46.82964]]}, "properties": {"uid": "w318070643", "kind": "shortest", "distance_km": 5.6789, "duration_s": 492.5}}, {"type": "Feature", "geometry": {"type": "LineString", "coordinates": [[29.483304, 46.824154], [29.483349, 46.824141], [29.483782, 46.824007], [29.483939, 46.823959], [29.484097, 46.823912], [29.484045, 46.823804], [29.483968, 46.82365], [29.483598, 46.822917], [29.483541, 46.822802], [29.483438, 46.822597], [29.483413, 46.822548], [29.483266, 46.822256], [29.483156, 46.822035], [29.482987, 46.821682], [29.482702, 46.821096], [29.482665, 46.821016], [29.482621, 46.820922], [29.481816, 46.819246], [29.481581, 46.818781], [29.481307, 46.818242], [29.480897, 46.817434], [29.480303, 46.816248], [29.479955, 46.815529], [29.479802, 46.815218], [29.479615, 46.814835], [29.479565, 46.81473], [29.479228, 46.814029], [29.479192, 46.813942], [29.479192, 46.813823], [29.479191, 46.813386], [29.479254, 46.813131], [29.479314, 46.812949], [29.479424, 46.812616], [29.479884, 46.811678], [29.480247, 46.810563], [29.480416, 46.809954], [29.480386, 46.809206], [29.480376, 46.808582], [29.480383, 46.808286], [29.480368, 46.805922], [29.480378, 46.805506], [29.480359, 46.804529], [29.480345, 46.804451], [29.48029, 46.804151], [29.479899, 46.803303], [29.479789, 46.803075], [29.479247, 46.801887], [29.479126, 46.801609], [29.479067, 46.801521], [29.478978, 46.80143], [29.478849, 46.801323], [29.478691, 46.80122], [29.478567, 46.801146], [29.478357, 46.80105], [29.477976, 46.80092], [29.477855, 46.800876], [29.477383, 46.800746], [29.477094, 46.800742], [29.476987, 46.800771], [29.476941, 46.800781], [29.47686, 46.80081], [29.47636, 46.801118], [29.47573, 46.801628], [29.475434, 46.801856], [29.474899, 46.802281], [29.474536, 46.802571], [29.474296, 46.802762], [29.473597, 46.803331], [29.473161, 46.803665], [29.472254, 46.804406], [29.471565, 46.804936], [29.471027, 46.80536], [29.470186, 46.806024], [29.469518, 46.806552], [29.468717, 46.807184], [29.468656, 46.807232], [29.467349, 46.8072], [29.465556, 46.807473], [29.465504, 46.807481], [29.465119, 46.807539], [29.465047, 46.80755], [29.464808, 46.807587], [29.463935, 46.807719], [29.46286, 46.807883], [29.462674, 46.807911], [29.462239, 46.807978], [29.460303, 46.808272], [29.459187, 46.808442], [29.458931, 46.808495], [29.458683, 46.808571], [29.458492, 46.808687], [29.458487, 46.808692], [29.458333, 46.808822], [29.458215, 46.808977], [29.458152, 46.809103], [29.458101, 46.809249], [29.45809, 46.80947], [29.458116, 46.809684], [29.458431, 46.811569], [29.458536, 46.812201], [29.458552, 46.812296], [29.458603, 46.812611], [29.458696, 46.81319], [29.458749, 46.813496], [29.458801, 46.813814], [29.459073, 46.815478], [29.459158, 46.816022], [29.459218, 46.816405], [29.459237, 46.816539], [29.459283, 46.816879], [29.459315, 46.817013], [29.459458, 46.817429], [29.459866, 46.818476], [29.46028, 46.819581], [29.460603, 46.820524], [29.460719, 46.820828], [29.460777, 46.820981], [29.460848, 46.821166], [29.461002, 46.821571], [29.461247, 46.822177], [29.461309, 46.82233], [29.461616, 46.823072], [29.46195, 46.823837], [29.462003, 46.823971], [29.462183, 46.824428], [29.462342, 46.824834], [29.462538, 46.825328], [29.462554, 46.825374], [29.462596, 46.825499], [29.463092, 46.826787], [29.463322, 46.827398], [29.46334, 46.82744], [29.463635, 46.828073], [29.464058, 46.829106], [29.464204, 46.829461], [29.464407, 46.829911], [29.464501, 46.83014], [29.464678, 46.830623], [29.464723, 46.830746], [29.464278, 46.830833], [29.463505, 46.830991], [29.463275, 46.831034], [29.463103, 46.831047], [29.462923, 46.831013], [29.462562, 46.830896], [29.46222, 46.83077], [29.461932, 46.830672], [29.461771, 46.830597], [29.461567, 46.830503], [29.46079, 46.830177], [29.460524, 46.830081], [29.460481, 46.830066], [29.460311, 46.82964]]}, "properties": {"uid": "w318070643", "kind": "forced_brewery", "distance_km": 7.5174, "duration_s": 453.9}}, {"type": "Feature", "geometry": {"type": "Point", "coordinates": [29.46015, 46.82967]}, "properties": {"uid": "w318070643", "kind": "home", "zone": 4}}, {"type": "Feature", "geometry": {"type": "LineString", "coordinates": [[29.483304, 46.824154], [29.482844, 46.824291], [29.482491, 46.824396], [29.482349, 46.824444], [29.482205, 46.824488], [29.481962, 46.824563], [29.481627, 46.824666], [29.481337, 46.824756], [29.480644, 46.824966], [29.478998, 46.825477], [29.478436, 46.824305], [29.478401, 46.824233], [29.478353, 46.824127], [29.478271, 46.823947], [29.478197, 46.823784], [29.478159, 46.823697], [29.477734, 46.822752], [29.477529, 46.822297], [29.47743, 46.822065], [29.476836, 46.820674], [29.47675, 46.820471], [29.47672, 46.8204], [29.476675, 46.820291], [29.476443, 46.819718], [29.476235, 46.819214], [29.475988, 46.818625], [29.475958, 46.818544], [29.475908, 46.81844], [29.47512, 46.816695], [29.475107, 46.816658], [29.475056, 46.816552], [29.474795, 46.815948], [29.474678, 46.815674], [29.474497, 46.815283], [29.474342, 46.814946], [29.474006, 46.814758], [29.473798, 46.814601], [29.473248, 46.813901], [29.473152, 46.813774], [29.472939, 46.81346], [29.472889, 46.813386], [29.472811, 46.813271], [29.472404, 46.81268], [29.472268, 46.812462], [29.472043, 46.812159], [29.471773, 46.811769], [29.471593, 46.811509], [29.471387, 46.811232], [29.47108, 46.810815], [29.470915, 46.810614], [29.470824, 46.810505], [29.468897, 46.808761], [29.468497, 46.808399], [29.468294, 46.808215], [29.468184, 46.808105], [29.468083, 46.808001], [29.468027, 46.807937], [29.467919, 46.807815], [29.467349, 46.8072], [29.465556, 46.807473], [29.465504, 46.807481], [29.465119, 46.807539], [29.465047, 46.80755], [29.464808, 46.807587], [29.463935, 46.807719], [29.46286, 46.807883], [29.462674, 46.807911], [29.462239, 46.807978], [29.460303, 46.808272], [29.459187, 46.808442], [29.458931, 46.808495], [29.458683, 46.808571], [29.458492, 46.808687], [29.458487, 46.808692], [29.458333, 46.808822], [29.458215, 46.808977], [29.458152, 46.809103], [29.458101, 46.809249], [29.45809, 46.80947], [29.458116, 46.809684], [29.458431, 46.811569], [29.458536, 46.812201], [29.458552, 46.812296], [29.458603, 46.812611], [29.458696, 46.81319], [29.458749, 46.813496], [29.458801, 46.813814], [29.459073, 46.815478], [29.459158, 46.816022], [29.459218, 46.816405], [29.459237, 46.816539], [29.459283, 46.816879], [29.459315, 46.817013], [29.459458, 46.817429], [29.459866, 46.818476], [29.46028, 46.819581], [29.460603, 46.820524], [29.460719, 46.820828], [29.460777, 46.820981], [29.460848, 46.821166], [29.461002, 46.821571], [29.461247, 46.822177], [29.461309, 46.82233], [29.461616, 46.823072], [29.46195, 46.823837], [29.462003, 46.823971], [29.462183, 46.824428], [29.462342, 46.824834], [29.462538, 46.825328], [29.462554, 46.825374], [29.462596, 46.825499], [29.463092, 46.826787], [29.463322, 46.827398], [29.46334, 46.82744], [29.463635, 46.828073], [29.464058, 46.829106], [29.464204, 46.829461], [29.464407, 46.829911], [29.464501, 46.83014], [29.464678, 46.830623], [29.464723, 46.830746], [29.464278, 46.830833], [29.463505, 46.830991], [29.463275, 46.831034], [29.463103, 46.831047], [29.462923, 46.831013], [29.462562, 46.830896], [29.46222, 46.83077], [29.461932, 46.830672], [29.461771, 46.830597], [29.461567, 46.830503], [29.46079, 46.830177], [29.460524, 46.830081], [29.460481, 46.830066], [29.459625, 46.829778]]}, "properties": {"uid": "w318070645", "kind": "fastest", "distance_km": 6.251, "duration_s": 402.8}}, {"type": "Feature", "geometry": {"type": "LineString", "coordinates": [[29.483304, 46.824154], [29.483349, 46.824141], [29.483782, 46.824007], [29.483939, 46.823959], [29.484097, 46.823912], [29.484045, 46.823804], [29.483968, 46.82365], [29.483598, 46.822917], [29.483541, 46.822802], [29.483438, 46.822597], [29.483536, 46.822568], [29.48496, 46.82213], [29.48509, 46.822088], [29.485131, 46.822169], [29.485238, 46.822378], [29.48538, 46.822659], [29.485495, 46.822883], [29.485499, 46.822892], [29.485705, 46.823296], [29.485765, 46.8234], [29.485795, 46.823472], [29.486483, 46.824787], [29.486678, 46.825161], [29.486714, 46.825229], [29.486746, 46.825294], [29.486842, 46.825484], [29.487625, 46.827029], [29.487957, 46.827685], [29.48804, 46.827913], [29.487987, 46.828141], [29.487765, 46.829116], [29.487744, 46.829211], [29.487726, 46.829816], [29.48774, 46.82997], [29.487794, 46.830313], [29.487802, 46.830362], [29.487832, 46.830555], [29.487838, 46.83061], [29.487889, 46.831051], [29.487904, 46.831294], [29.487927, 46.831486], [29.488047, 46.832137], [29.488098, 46.832667], [29.488091, 46.832816], [29.488017, 46.8329], [29.487986, 46.832946], [29.487829, 46.833064], [29.487677, 46.833113], [29.487456, 46.833152], [29.486694, 46.833278], [29.486222, 46.833341], [29.485657, 46.83345], [29.485451, 46.833512], [29.484568, 46.833781], [29.482469, 46.834465], [29.48238, 46.834491], [29.482291, 46.834518], [29.482271, 46.834523], [29.482178, 46.834546], [29.482123, 46.83456], [29.482112, 46.834562], [29.480798, 46.834887], [29.480633, 46.834959], [29.480485, 46.835043], [29.480321, 46.835214], [29.480207, 46.835391], [29.480111, 46.835635], [29.479059, 46.838316], [29.479015, 46.838426], [29.478971, 46.83854], [29.478984, 46.838863], [29.479018, 46.838984], [29.479364, 46.839893], [29.4795, 46.84005], [29.479668, 46.8404], [29.479751, 46.840557], [29.479777, 46.840623], [29.479769, 46.840691], [29.479728, 46.840753], [29.479657, 46.840802], [29.479597, 46.840871], [29.479504, 46.840966], [29.479382, 46.841043], [29.479259, 46.841099], [29.479047, 46.841148], [29.478773, 46.841165], [29.477743, 46.840944], [29.476321, 46.84067], [29.475959, 46.840629], [29.475706, 46.840615], [29.475419, 46.840629], [29.475031, 46.840688], [29.474673, 46.840805], [29.474383, 46.840945], [29.474097, 46.841152], [29.473923, 46.8413], [29.47372, 46.841222], [29.474409, 46.840646], [29.474237, 46.840545], [29.472571, 46.839927], [29.469862, 46.838896], [29.468541, 46.838761], [29.468235, 46.838727], [29.467838, 46.838724], [29.467434, 46.838751], [29.466584, 46.839008], [29.465977, 46.839201], [29.464825, 46.838925], [29.464687, 46.838906], [29.464522, 46.838904], [29.464997, 46.838401], [29.465179, 46.838198], [29.465557, 46.837795], [29.466198, 46.837105], [29.466947, 46.836243], [29.466872, 46.835979], [29.466701, 46.835536], [29.466596, 46.835308], [29.466405, 46.834843], [29.466385, 46.834795], [29.466162, 46.834252], [29.466067, 46.834009], [29.465865, 46.833532], [29.465757, 46.833268], [29.465553, 46.832773], [29.465281, 46.832114], [29.465117, 46.831715], [29.465049, 46.83155], [29.465015, 46.831467], [29.464938, 46.83128], [29.464592, 46.831041], [29.464278, 46.830833], [29.463505, 46.830991], [29.463275, 46.831034], [29.463103, 46.831047], [29.462923, 46.831013], [29.462562, 46.830896], [29.46222, 46.83077], [29.461932, 46.830672], [29.461771, 46.830597], [29.461567, 46.830503], [29.46079, 46.830177], [29.460524, 46.830081], [29.460481, 46.830066], [29.459625, 46.829778]]}, "properties": {"uid": "w318070645", "kind": "shortest", "distance_km": 5.7026, "duration_s": 491.3}}, {"type": "Feature", "geometry": {"type": "LineString", "coordinates": [[29.483304, 46.824154], [29.483349, 46.824141], [29.483782, 46.824007], [29.483939, 46.823959], [29.484097, 46.823912], [29.484045, 46.823804], [29.483968, 46.82365], [29.483598, 46.822917], [29.483541, 46.822802], [29.483438, 46.822597], [29.483413, 46.822548], [29.483266, 46.822256], [29.483156, 46.822035], [29.482987, 46.821682], [29.482702, 46.821096], [29.482665, 46.821016], [29.482621, 46.820922], [29.481816, 46.819246], [29.481581, 46.818781], [29.481307, 46.818242], [29.480897, 46.817434], [29.480303, 46.816248], [29.479955, 46.815529], [29.479802, 46.815218], [29.479615, 46.814835], [29.479565, 46.81473], [29.479228, 46.814029], [29.479192, 46.813942], [29.479192, 46.813823], [29.479191, 46.813386], [29.479254, 46.813131], [29.479314, 46.812949], [29.479424, 46.812616], [29.479884, 46.811678], [29.480247, 46.810563], [29.480416, 46.809954], [29.480386, 46.809206], [29.480376, 46.808582], [29.480383, 46.808286], [29.480368, 46.805922], [29.480378, 46.805506], [29.480359, 46.804529], [29.480345, 46.804451], [29.48029, 46.804151], [29.479899, 46.803303], [29.479789, 46.803075], [29.479247, 46.801887], [29.479126, 46.801609], [29.479067, 46.801521], [29.478978, 46.80143], [29.478849, 46.801323], [29.478691, 46.80122], [29.478567, 46.801146], [29.478357, 46.80105], [29.477976, 46.80092], [29.477855, 46.800876], [29.477383, 46.800746], [29.477094, 46.800742], [29.476987, 46.800771], [29.476941, 46.800781], [29.47686, 46.80081], [29.47636, 46.801118], [29.47573, 46.801628], [29.475434, 46.801856], [29.474899, 46.802281], [29.474536, 46.802571], [29.474296, 46.802762], [29.473597, 46.803331], [29.473161, 46.803665], [29.472254, 46.804406], [29.471565, 46.804936], [29.471027, 46.80536], [29.470186, 46.806024], [29.469518, 46.806552], [29.468717, 46.807184], [29.468656, 46.807232], [29.467349, 46.8072], [29.465556, 46.807473], [29.465504, 46.807481], [29.465119, 46.807539], [29.465047, 46.80755], [29.464808, 46.807587], [29.463935, 46.807719], [29.46286, 46.807883], [29.462674, 46.807911], [29.462239, 46.807978], [29.460303, 46.808272], [29.459187, 46.808442], [29.458931, 46.808495], [29.458683, 46.808571], [29.458492, 46.808687], [29.458487, 46.808692], [29.458333, 46.808822], [29.458215, 46.808977], [29.458152, 46.809103], [29.458101, 46.809249], [29.45809, 46.80947], [29.458116, 46.809684], [29.458431, 46.811569], [29.458536, 46.812201], [29.458552, 46.812296], [29.458603, 46.812611], [29.458696, 46.81319], [29.458749, 46.813496], [29.458801, 46.813814], [29.459073, 46.815478], [29.459158, 46.816022], [29.459218, 46.816405], [29.459237, 46.816539], [29.459283, 46.816879], [29.459315, 46.817013], [29.459458, 46.817429], [29.459866, 46.818476], [29.46028, 46.819581], [29.460603, 46.820524], [29.460719, 46.820828], [29.460777, 46.820981], [29.460848, 46.821166], [29.461002, 46.821571], [29.461247, 46.822177], [29.461309, 46.82233], [29.461616, 46.823072], [29.46195, 46.823837], [29.462003, 46.823971], [29.462183, 46.824428], [29.462342, 46.824834], [29.462538, 46.825328], [29.462554, 46.825374], [29.462596, 46.825499], [29.463092, 46.826787], [29.463322, 46.827398], [29.46334, 46.82744], [29.463635, 46.828073], [29.464058, 46.829106], [29.464204, 46.829461], [29.464407, 46.829911], [29.464501, 46.83014], [29.464678, 46.830623], [29.464723, 46.830746], [29.464278, 46.830833], [29.463505, 46.830991], [29.463275, 46.831034], [29.463103, 46.831047], [29.462923, 46.831013], [29.462562, 46.830896], [29.46222, 46.83077], [29.461932, 46.830672], [29.461771, 46.830597], [29.461567, 46.830503], [29.46079, 46.830177], [29.460524, 46.830081], [29.460481, 46.830066], [29.459625, 46.829778]]}, "properties": {"uid": "w318070645", "kind": "forced_brewery", "distance_km": 7.5411, "duration_s": 452.7}}, {"type": "Feature", "geometry": {"type": "Point", "coordinates": [29.45971, 46.82966]}, "properties": {"uid": "w318070645", "kind": "home", "zone": 4}}, {"type": "Feature", "geometry": {"type": "LineString", "coordinates": [[29.483304, 46.824154], [29.482844, 46.824291], [29.482491, 46.824396], [29.482349, 46.824444], [29.482205, 46.824488], [29.481962, 46.824563], [29.481627, 46.824666], [29.481337, 46.824756], [29.480644, 46.824966], [29.478998, 46.825477], [29.478436, 46.824305], [29.478401, 46.824233], [29.478353, 46.824127], [29.478271, 46.823947], [29.478197, 46.823784], [29.478159, 46.823697], [29.477734, 46.822752], [29.477529, 46.822297], [29.47743, 46.822065], [29.476836, 46.820674], [29.47675, 46.820471], [29.47672, 46.8204], [29.476675, 46.820291], [29.476443, 46.819718], [29.476235, 46.819214], [29.475988, 46.818625], [29.475958, 46.818544], [29.475908, 46.81844], [29.47512, 46.816695], [29.475107, 46.816658], [29.475056, 46.816552], [29.474795, 46.815948], [29.474678, 46.815674], [29.474497, 46.815283], [29.474342, 46.814946], [29.474006, 46.814758], [29.473798, 46.814601], [29.473248, 46.813901], [29.473152, 46.813774], [29.472939, 46.81346], [29.472889, 46.813386], [29.472811, 46.813271], [29.472404, 46.81268], [29.472268, 46.812462], [29.472043, 46.812159], [29.471773, 46.811769], [29.471593, 46.811509], [29.471387, 46.811232], [29.47108, 46.810815], [29.470915, 46.810614], [29.470824, 46.810505], [29.468897, 46.808761], [29.468497, 46.808399], [29.468294, 46.808215], [29.468184, 46.808105], [29.468083, 46.808001], [29.468027, 46.807937], [29.467919, 46.807815], [29.467349, 46.8072], [29.465556, 46.807473], [29.465504, 46.807481], [29.465119, 46.807539], [29.465047, 46.80755], [29.464808, 46.807587], [29.463935, 46.807719], [29.46286, 46.807883], [29.462674, 46.807911], [29.462239, 46.807978], [29.460303, 46.808272], [29.459187, 46.808442], [29.458931, 46.808495], [29.458683, 46.808571], [29.458492, 46.808687], [29.458487, 46.808692], [29.458333, 46.808822], [29.458215, 46.808977], [29.458152, 46.809103], [29.458101, 46.809249], [29.45809, 46.80947], [29.458116, 46.809684], [29.458431, 46.811569], [29.458536, 46.812201], [29.458552, 46.812296], [29.458603, 46.812611], [29.458696, 46.81319], [29.458749, 46.813496], [29.458801, 46.813814], [29.459073, 46.815478], [29.459158, 46.816022], [29.459218, 46.816405], [29.459237, 46.816539], [29.459283, 46.816879], [29.459315, 46.817013], [29.459458, 46.817429], [29.459866, 46.818476], [29.46028, 46.819581], [29.460603, 46.820524], [29.460719, 46.820828], [29.460777, 46.820981], [29.460848, 46.821166], [29.461002, 46.821571], [29.461247, 46.822177], [29.461309, 46.82233], [29.461616, 46.823072], [29.46195, 46.823837], [29.462003, 46.823971], [29.462183, 46.824428], [29.462342, 46.824834], [29.462538, 46.825328], [29.462554, 46.825374], [29.462596, 46.825499], [29.463092, 46.826787], [29.463322, 46.827398], [29.46334, 46.82744], [29.463635, 46.828073], [29.464058, 46.829106], [29.464204, 46.829461], [29.464407, 46.829911], [29.464501, 46.83014], [29.464678, 46.830623], [29.464723, 46.830746], [29.464278, 46.830833], [29.463505, 46.830991], [29.463275, 46.831034], [29.463103, 46.831047], [29.462923, 46.831013], [29.462562, 46.830896], [29.46222, 46.83077], [29.461932, 46.830672], [29.461771, 46.830597], [29.461567, 46.830503], [29.46079, 46.830177], [29.460451, 46.830612], [29.459983, 46.830915], [29.460523, 46.831308]]}, "properties": {"uid": "w209273613", "kind": "fastest", "distance_km": 6.3156, "duration_s": 437.7}}, {"type": "Feature", "geometry": {"type": "LineString", "coordinates": [[29.483304, 46.824154], [29.483349, 46.824141], [29.483782, 46.824007], [29.483939, 46.823959], [29.484097, 46.823912], [29.484045, 46.823804], [29.483968, 46.82365], [29.483598, 46.822917], [29.483541, 46.822802], [29.483438, 46.822597], [29.483536, 46.822568], [29.48496, 46.82213], [29.48509, 46.822088], [29.485131, 46.822169], [29.485238, 46.822378], [29.48538, 46.822659], [29.485495, 46.822883], [29.485499, 46.822892], [29.485705, 46.823296], [29.485765, 46.8234], [29.485795, 46.823472], [29.486483, 46.824787], [29.486678, 46.825161], [29.486714, 46.825229], [29.486746, 46.825294], [29.486842, 46.825484], [29.487625, 46.827029], [29.487957, 46.827685], [29.48804, 46.827913], [29.487987, 46.828141], [29.487765, 46.829116], [29.487744, 46.829211], [29.487726, 46.829816], [29.48774, 46.82997], [29.487794, 46.830313], [29.487802, 46.830362], [29.487832, 46.830555], [29.487838, 46.83061], [29.487889, 46.831051], [29.487904, 46.831294], [29.487927, 46.831486], [29.488047, 46.832137], [29.488098, 46.832667], [29.488091, 46.832816], [29.488017, 46.8329], [29.487986, 46.832946], [29.487829, 46.833064], [29.487677, 46.833113], [29.487456, 46.833152], [29.486694, 46.833278], [29.486222, 46.833341], [29.485657, 46.83345], [29.485451, 46.833512], [29.484568, 46.833781], [29.482469, 46.834465], [29.48238, 46.834491], [29.482291, 46.834518], [29.482271, 46.834523], [29.482178, 46.834546], [29.482123, 46.83456], [29.482112, 46.834562], [29.480798, 46.834887], [29.480633, 46.834959], [29.480485, 46.835043], [29.480321, 46.835214], [29.480207, 46.835391], [29.480111, 46.835635], [29.479059, 46.838316], [29.479015, 46.838426], [29.478971, 46.83854], [29.478984, 46.838863], [29.479018, 46.838984], [29.479364, 46.839893], [29.4795, 46.84005], [29.479668, 46.8404], [29.479751, 46.840557], [29.479777, 46.840623], [29.479769, 46.840691], [29.479728, 46.840753], [29.479657, 46.840802], [29.479597, 46.840871], [29.479504, 46.840966], [29.479382, 46.841043], [29.479259, 46.841099], [29.479047, 46.841148], [29.478773, 46.841165], [29.477743, 46.840944], [29.476321, 46.84067], [29.475959, 46.840629], [29.475706, 46.840615], [29.475419, 46.840629], [29.475031, 46.840688], [29.474673, 46.840805], [29.474383, 46.840945], [29.474097, 46.841152], [29.473923, 46.8413], [29.47372, 46.841222], [29.474409, 46.840646], [29.474237, 46.840545], [29.472571, 46.839927], [29.469862, 46.838896], [29.468541, 46.838761], [29.468235, 46.838727], [29.467838, 46.838724], [29.467434, 46.838751], [29.466584, 46.839008], [29.465977, 46.839201], [29.464825, 46.838925], [29.464687, 46.838906], [29.464522, 46.838904], [29.464997, 46.838401], [29.465179, 46.838198], [29.465557, 46.837795], [29.466198, 46.837105], [29.466947, 46.836243], [29.466872, 46.835979], [29.466701, 46.835536], [29.466596, 46.835308], [29.466405, 46.834843], [29.466385, 46.834795], [29.466162, 46.834252], [29.466067, 46.834009], [29.465865, 46.833532], [29.465757, 46.833268], [29.465553, 46.832773], [29.465281, 46.832114], [29.465117, 46.831715], [29.465049, 46.83155], [29.465015, 46.831467], [29.464938, 46.83128], [29.464592, 46.831041], [29.464278, 46.830833], [29.463505, 46.830991], [29.463275, 46.831034], [29.463103, 46.831047], [29.462923, 46.831013], [29.462562, 46.830896], [29.46222, 46.83077], [29.461932, 46.830672], [29.461771, 46.830597], [29.461567, 46.830503], [29.46079, 46.830177], [29.460451, 46.830612], [29.459983, 46.830915], [29.460523, 46.831308]]}, "properties": {"uid": "w209273613", "kind": "shortest", "distance_km": 5.7672, "duration_s": 526.2}}, {"type": "Feature", "geometry": {"type": "LineString", "coordinates": [[29.483304, 46.824154], [29.483349, 46.824141], [29.483782, 46.824007], [29.483939, 46.823959], [29.484097, 46.823912], [29.484045, 46.823804], [29.483968, 46.82365], [29.483598, 46.822917], [29.483541, 46.822802], [29.483438, 46.822597], [29.483413, 46.822548], [29.483266, 46.822256], [29.483156, 46.822035], [29.482987, 46.821682], [29.482702, 46.821096], [29.482665, 46.821016], [29.482621, 46.820922], [29.481816, 46.819246], [29.481581, 46.818781], [29.481307, 46.818242], [29.480897, 46.817434], [29.480303, 46.816248], [29.479955, 46.815529], [29.479802, 46.815218], [29.479615, 46.814835], [29.479565, 46.81473], [29.479228, 46.814029], [29.479192, 46.813942], [29.479192, 46.813823], [29.479191, 46.813386], [29.479254, 46.813131], [29.479314, 46.812949], [29.479424, 46.812616], [29.479884, 46.811678], [29.480247, 46.810563], [29.480416, 46.809954], [29.480386, 46.809206], [29.480376, 46.808582], [29.480383, 46.808286], [29.480368, 46.805922], [29.480378, 46.805506], [29.480359, 46.804529], [29.480345, 46.804451], [29.48029, 46.804151], [29.479899, 46.803303], [29.479789, 46.803075], [29.479247, 46.801887], [29.479126, 46.801609], [29.479067, 46.801521], [29.478978, 46.80143], [29.478849, 46.801323], [29.478691, 46.80122], [29.478567, 46.801146], [29.478357, 46.80105], [29.477976, 46.80092], [29.477855, 46.800876], [29.477383, 46.800746], [29.477094, 46.800742], [29.476987, 46.800771], [29.476941, 46.800781], [29.47686, 46.80081], [29.47636, 46.801118], [29.47573, 46.801628], [29.475434, 46.801856], [29.474899, 46.802281], [29.474536, 46.802571], [29.474296, 46.802762], [29.473597, 46.803331], [29.473161, 46.803665], [29.472254, 46.804406], [29.471565, 46.804936], [29.471027, 46.80536], [29.470186, 46.806024], [29.469518, 46.806552], [29.468717, 46.807184], [29.468656, 46.807232], [29.467349, 46.8072], [29.465556, 46.807473], [29.465504, 46.807481], [29.465119, 46.807539], [29.465047, 46.80755], [29.464808, 46.807587], [29.463935, 46.807719], [29.46286, 46.807883], [29.462674, 46.807911], [29.462239, 46.807978], [29.460303, 46.808272], [29.459187, 46.808442], [29.458931, 46.808495], [29.458683, 46.808571], [29.458492, 46.808687], [29.458487, 46.808692], [29.458333, 46.808822], [29.458215, 46.808977], [29.458152, 46.809103], [29.458101, 46.809249], [29.45809, 46.80947], [29.458116, 46.809684], [29.458431, 46.811569], [29.458536, 46.812201], [29.458552, 46.812296], [29.458603, 46.812611], [29.458696, 46.81319], [29.458749, 46.813496], [29.458801, 46.813814], [29.459073, 46.815478], [29.459158, 46.816022], [29.459218, 46.816405], [29.459237, 46.816539], [29.459283, 46.816879], [29.459315, 46.817013], [29.459458, 46.817429], [29.459866, 46.818476], [29.46028, 46.819581], [29.460603, 46.820524], [29.460719, 46.820828], [29.460777, 46.820981], [29.460848, 46.821166], [29.461002, 46.821571], [29.461247, 46.822177], [29.461309, 46.82233], [29.461616, 46.823072], [29.46195, 46.823837], [29.462003, 46.823971], [29.462183, 46.824428], [29.462342, 46.824834], [29.462538, 46.825328], [29.462554, 46.825374], [29.462596, 46.825499], [29.463092, 46.826787], [29.463322, 46.827398], [29.46334, 46.82744], [29.463635, 46.828073], [29.464058, 46.829106], [29.464204, 46.829461], [29.464407, 46.829911], [29.464501, 46.83014], [29.464678, 46.830623], [29.464723, 46.830746], [29.464278, 46.830833], [29.463505, 46.830991], [29.463275, 46.831034], [29.463103, 46.831047], [29.462923, 46.831013], [29.462562, 46.830896], [29.46222, 46.83077], [29.461932, 46.830672], [29.461771, 46.830597], [29.461567, 46.830503], [29.46079, 46.830177], [29.460451, 46.830612], [29.459983, 46.830915], [29.460523, 46.831308]]}, "properties": {"uid": "w209273613", "kind": "forced_brewery", "distance_km": 7.6057, "duration_s": 487.6}}, {"type": "Feature", "geometry": {"type": "Point", "coordinates": [29.46066, 46.83122]}, "properties": {"uid": "w209273613", "kind": "home", "zone": 4}}, {"type": "Feature", "geometry": {"type": "Point", "coordinates": [29.47836, 46.80105]}, "properties": {"kind": "brewery_primary_level_crossing"}}, {"type": "Feature", "geometry": {"type": "Point", "coordinates": [29.47607, 46.80229]}, "properties": {"kind": "brewery_ul_druzhby_7"}}]}