settlement_ru,district_ru,street_ru,housenumber,current_zone,central_km,bam_km,current_expected_km,in_city_km,outside_city_km,crosses_boundary,reenters_city,first_exit_lonlat,eq_km_A,recalculated_zone_A,qa_flag
Бендеры,Хомутяновка,Гербовецкая улица,1,3,5.6548,3.9152,5.483,5.5175,0.132,True,False,"[29.450739, 46.822556]",5.4766,2,zone_move_3->2;in_city_address_with_outside_route_segment
Бендеры,Хомутяновка,Гербовецкая улица,4,3,5.5325,3.793,5.361,5.5275,0.0,False,False,,5.2666,2,zone_move_3->2
Бендеры,Хомутяновка,Гербовецкая улица,6,3,5.5546,3.8151,5.383,5.5496,0.0,False,False,,5.2887,2,zone_move_3->2
Бендеры,Хомутяновка,Гербовецкая улица,8,3,5.5698,3.8303,5.399,5.5175,0.0473,True,False,"[29.451068, 46.822561]",5.3354,2,zone_move_3->2;in_city_address_with_outside_route_segment
Бендеры,Хомутяновка,Гербовецкая улица,10,3,5.588,3.8485,5.417,5.5175,0.0654,True,False,"[29.450949, 46.822559]",5.3656,2,zone_move_3->2;in_city_address_with_outside_route_segment
Бендеры,Хомутяновка,Гербовецкая улица,12,3,5.6035,3.8639,5.432,5.5175,0.0808,True,False,"[29.450848, 46.822558]",5.3913,2,zone_move_3->2;in_city_address_with_outside_route_segment
Бендеры,Хомутяновка,Гербовецкая улица,14,3,5.629,3.8895,5.458,5.5175,0.1063,True,False,"[29.450739, 46.822556]",5.4338,2,zone_move_3->2;in_city_address_with_outside_route_segment
Бендеры,Хомутяновка,Гербовецкая улица,16,3,5.6425,3.903,5.471,5.5175,0.1197,True,False,"[29.450739, 46.822556]",5.4561,2,zone_move_3->2;in_city_address_with_outside_route_segment
Бендеры,Хомутяновка,Гербовецкая улица,18,3,5.6594,3.9199,5.488,5.5175,0.1366,True,False,"[29.450739, 46.822556]",5.4843,2,zone_move_3->2;in_city_address_with_outside_route_segment
Бендеры,Хомутяновка,Гербовецкая улица,20,3,5.6775,3.938,5.506,5.5175,0.1547,True,False,"[29.450739, 46.822556]",5.5144,2,zone_move_3->2;in_city_address_with_outside_route_segment
Бендеры,Хомутяновка,Гербовецкая улица,22,3,5.6977,3.9582,5.526,5.5175,0.1748,True,False,"[29.450739, 46.822556]",5.5479,2,zone_move_3->2;in_city_address_with_outside_route_segment
Бендеры,Хомутяновка,Гербовецкая улица,24,3,5.7168,3.9773,5.545,5.5175,0.1938,True,False,"[29.450739, 46.822556]",5.5796,2,zone_move_3->2;in_city_address_with_outside_route_segment
Бендеры,Хомутяновка,Гербовецкая улица,26,3,5.7332,3.9937,5.562,5.5175,0.2102,True,False,"[29.450739, 46.822556]",5.6069,2,zone_move_3->2;in_city_address_with_outside_route_segment
Бендеры,Хомутяновка,Гербовецкая улица,28,3,5.7422,4.0027,5.571,5.5175,0.2192,True,False,"[29.450739, 46.822556]",5.6219,2,zone_move_3->2;in_city_address_with_outside_route_segment
Бендеры,Хомутяновка,Гербовецкая улица,30,4,5.7561,4.0166,5.585,5.5175,0.233,True,False,"[29.450739, 46.822556]",5.6449,2,zone_move_4->2;in_city_address_with_outside_route_segment
Бендеры,Хомутяновка,Гербовецкая улица,43,3,5.2933,3.5538,5.122,5.289,0.0,False,False,,5.0281,2,zone_move_3->2
Бендеры,Хомутяновка,Гербовецкая улица,45,3,5.3283,3.5888,5.157,5.3239,0.0,False,False,,5.063,2,zone_move_3->2
Бендеры,Хомутяновка,Гербовецкая улица,49,3,5.5426,3.803,5.371,5.5376,0.0,False,False,,5.2767,2,zone_move_3->2
Бендеры,Хомутяновка,Главная улица,1,3,4.505,4.3591,4.554,4.5006,0.0,False,False,,4.4787,2,zone_move_3->2
Бендеры,Хомутяновка,Главная улица,3,3,4.4589,4.3129,4.507,4.4545,0.0,False,False,,4.4326,2,zone_move_3->2
Бендеры,Хомутяновка,Глинная улица,1,3,5.5873,3.1664,5.314,5.5832,0.0,False,False,,5.2199,2,zone_move_3->2
Бендеры,Хомутяновка,Глинная улица,3,3,5.6022,3.1813,5.328,5.598,0.0,False,False,,5.2347,2,zone_move_3->2
Бендеры,Хомутяновка,Глинная улица,5,3,5.6238,3.2029,5.35,5.6195,0.0,False,False,,5.2563,2,zone_move_3->2
Бендеры,Хомутяновка,Глинная улица,7,3,5.6359,3.215,5.363,5.6316,0.0,False,False,,5.2684,2,zone_move_3->2
Бендеры,Хомутяновка,Глинная улица,9,3,5.5473,3.1264,5.274,5.5433,0.0,False,False,,5.18,2,zone_move_3->2
Бендеры,Хомутяновка,Дачная улица,1,3,4.4611,3.5434,4.432,4.4579,0.0,False,False,,4.3203,2,zone_move_3->2
Бендеры,Хомутяновка,Дачная улица,3,3,4.4421,3.5624,4.417,4.4389,0.0,False,False,,4.307,2,zone_move_3->2
Бендеры,Хомутяновка,Дачная улица,4,3,4.48,3.5245,4.447,4.4768,0.0,False,False,,4.3335,2,zone_move_3->2
Бендеры,Хомутяновка,Дачная улица,6,3,4.4625,3.542,4.433,4.4593,0.0,False,False,,4.3213,2,zone_move_3->2
Бендеры,Хомутяновка,Дачная улица,8,3,4.4457,3.5588,4.42,4.4425,0.0,False,False,,4.3095,2,zone_move_3->2
Бендеры,Хомутяновка,Дачная улица,10,3,4.4294,3.6406,4.414,4.4262,0.0,False,False,,4.3079,2,zone_move_3->2
Бендеры,Хомутяновка,Деповская улица,5,4,7.4577,1.8843,6.711,7.4541,0.0,False,False,,6.6183,3,zone_move_4->3
Бендеры,Хомутяновка,Железнодорожная улица,3,3,5.678,2.5043,5.291,5.6746,0.0,False,False,,5.1986,2,zone_move_3->2
Бендеры,Хомутяновка,Железнодорожная улица,4,3,5.8281,2.2951,5.388,5.8247,0.0,False,False,,5.2948,2,zone_move_3->2
Бендеры,Хомутяновка,Железнодорожная улица,5,3,5.6646,2.5177,5.282,5.6611,0.0,False,False,,5.1891,2,zone_move_3->2
Бендеры,Хомутяновка,Железнодорожная улица,6,3,5.8127,2.3105,5.377,5.8093,0.0,False,False,,5.284,2,zone_move_3->2
Бендеры,Хомутяновка,Железнодорожная улица,7,3,5.648,2.5343,5.271,5.6446,0.0,False,False,,5.1776,2,zone_move_3->2
Бендеры,Хомутяновка,Железнодорожная улица,8,3,5.788,2.3352,5.36,5.7845,0.0,False,False,,5.2666,2,zone_move_3->2
Бендеры,Хомутяновка,Железнодорожная улица,9,3,5.6341,2.5481,5.261,5.6307,0.0,False,False,,5.1678,2,zone_move_3->2
Бендеры,Хомутяновка,Железнодорожная улица,10,3,5.7555,2.3677,5.337,5.752,0.0,False,False,,5.2439,2,zone_move_3->2
Бендеры,Хомутяновка,Железнодорожная улица,11,3,5.6219,2.5604,5.252,5.6184,0.0,False,False,,5.1592,2,zone_move_3->2
Бендеры,Хомутяновка,Железнодорожная улица,13,3,5.605,2.6626,5.253,5.6015,0.0,False,False,,5.1602,2,zone_move_3->2
Бендеры,Хомутяновка,Железнодорожная улица,16,3,5.6766,2.5057,5.291,5.6732,0.0,False,False,,5.1976,2,zone_move_3->2
Бендеры,Хомутяновка,Железнодорожная улица,17,3,5.5758,2.6334,5.224,5.5724,0.0,False,False,,5.1311,2,zone_move_3->2
Бендеры,Хомутяновка,Железнодорожная улица,18,3,5.6608,2.5215,5.28,5.6573,0.0,False,False,,5.1865,2,zone_move_3->2
Бендеры,Хомутяновка,Железнодорожная улица,20,3,5.6442,2.538,5.268,5.6408,0.0,False,False,,5.1749,2,zone_move_3->2
Бендеры,Хомутяновка,Железнодорожная улица,21,3,5.5868,2.6444,5.234,5.5833,0.0,False,False,,5.142,2,zone_move_3->2
Бендеры,Хомутяновка,Железнодорожная улица,22,3,5.6271,2.5551,5.256,5.6237,0.0,False,False,,5.1629,2,zone_move_3->2
Бендеры,Хомутяновка,Железнодорожная улица,23,3,5.5237,2.6569,5.183,5.5202,0.0,False,False,,5.0903,2,zone_move_3->2
Бендеры,Хомутяновка,Железнодорожная улица,24,3,5.6118,2.6695,5.26,5.6084,0.0,False,False,,5.1671,2,zone_move_3->2
Бендеры,Хомутяновка,Железнодорожная улица,26,3,5.597,2.6547,5.246,5.5936,0.0,False,False,,5.1523,2,zone_move_3->2
Бендеры,Хомутяновка,Железнодорожная улица,27,3,5.4932,2.6874,5.162,5.4897,0.0,False,False,,5.0689,2,zone_move_3->2
Бендеры,Хомутяновка,Железнодорожная улица,29,3,5.4799,2.7007,5.153,5.4764,0.0,False,False,,5.0596,2,zone_move_3->2
Бендеры,Хомутяновка,Железнодорожная улица,31,3,5.4658,2.8196,5.159,5.4623,0.0,False,False,,5.0654,2,zone_move_3->2
Бендеры,Хомутяновка,Железнодорожная улица,33,3,5.4516,2.8054,5.144,5.4481,0.0,False,False,,5.0512,2,zone_move_3->2
Бендеры,Хомутяновка,Железнодорожная улица,34,3,5.5179,2.6627,5.179,5.5144,0.0,False,False,,5.0862,2,zone_move_3->2
Бендеры,Хомутяновка,Железнодорожная улица,36,3,5.5015,2.6791,5.168,5.498,0.0,False,False,,5.0747,2,zone_move_3->2
Бендеры,Хомутяновка,Железнодорожная улица,38,3,5.4846,2.696,5.156,5.4812,0.0,False,False,,5.063,2,zone_move_3->2
Бендеры,Хомутяновка,Железнодорожная улица,39,3,5.4452,2.799,5.138,5.4418,0.0,False,False,,5.0449,2,zone_move_3->2
Бендеры,Хомутяновка,Железнодорожная улица,40,3,5.4703,2.8241,5.163,5.4668,0.0,False,False,,5.0699,2,zone_move_3->2
Бендеры,Хомутяновка,Железнодорожная улица,41,3,5.4591,2.8129,5.151,5.4557,0.0,False,False,,5.0588,2,zone_move_3->2
Бендеры,Хомутяновка,Железнодорожная улица,42,3,5.4539,2.8077,5.147,5.4504,0.0,False,False,,5.0535,2,zone_move_3->2
Бендеры,Хомутяновка,Железнодорожная улица,43,3,5.3614,2.8281,5.071,5.3579,0.0,False,False,,4.978,2,zone_move_3->2
Бендеры,Хомутяновка,Железнодорожная улица,45,3,5.3465,2.843,5.061,5.343,0.0,False,False,,4.9675,2,zone_move_3->2
Бендеры,Хомутяновка,Железнодорожная улица,47,3,5.3328,2.8567,5.051,5.3293,0.0,False,False,,4.9579,2,zone_move_3->2
Бендеры,Хомутяновка,Железнодорожная улица,48,3,5.4502,2.804,5.143,5.4467,0.0,False,False,,5.0498,2,zone_move_3->2
Бендеры,Хомутяновка,Железнодорожная улица,49,3,5.3175,2.872,5.04,5.314,0.0,False,False,,4.9472,2,zone_move_3->2
Бендеры,Хомутяновка,Железнодорожная улица,50,3,5.3664,2.8231,5.074,5.3629,0.0,False,False,,4.9815,2,zone_move_3->2
Бендеры,Хомутяновка,Железнодорожная улица,51,3,5.3038,2.8857,5.031,5.3004,0.0,False,False,,4.9377,2,zone_move_3->2
Бендеры,Хомутяновка,Железнодорожная улица,52,3,5.3488,2.8407,5.062,5.3453,0.0,False,False,,4.9691,2,zone_move_3->2
Бендеры,Хомутяновка,Железнодорожная улица,52а,3,5.7032,2.2244,5.271,5.7001,0.0,False,False,,5.1783,2,zone_move_3->2
Бендеры,Хомутяновка,Железнодорожная улица,53,3,5.289,3.0253,5.039,5.2855,0.0,False,False,,4.946,2,zone_move_3->2
Бендеры,Хомутяновка,Железнодорожная улица,54,3,5.332,2.8575,5.05,5.3285,0.0,False,False,,4.9574,2,zone_move_3->2
Бендеры,Хомутяновка,Железнодорожная улица,55,3,5.2711,3.0074,5.021,5.2677,0.0,False,False,,4.9282,2,zone_move_3->2
Бендеры,Хомутяновка,Железнодорожная улица,56,3,5.3163,2.8732,5.04,5.3129,0.0,False,False,,4.9465,2,zone_move_3->2
Бендеры,Хомутяновка,Железнодорожная улица,57,3,5.2581,2.9943,5.008,5.2546,0.0,False,False,,4.9151,2,zone_move_3->2
Бендеры,Хомутяновка,Железнодорожная улица,58,3,5.2983,2.8912,5.027,5.2948,0.0,False,False,,4.9338,2,zone_move_3->2
Бендеры,Хомутяновка,Железнодорожная улица,60,3,5.2821,3.0183,5.032,5.2786,0.0,False,False,,4.9391,2,zone_move_3->2
Бендеры,Хомутяновка,Железнодорожная улица,62,3,5.2649,3.0012,5.015,5.2614,0.0,False,False,,4.9219,2,zone_move_3->2
Бендеры,Хомутяновка,Железнодорожная улица,63,3,5.2539,2.9902,5.004,5.2504,0.0,False,False,,4.9109,2,zone_move_3->2
Бендеры,Хомутяновка,Железнодорожная улица,65,3,5.1815,3.0062,4.945,5.178,0.0,False,False,,4.8518,2,zone_move_3->2
Бендеры,Хомутяновка,Железнодорожная улица,67,3,5.1687,3.019,4.936,5.1653,0.0,False,False,,4.8429,2,zone_move_3->2
Бендеры,Хомутяновка,Железнодорожная улица,68,3,5.2534,2.9897,5.004,5.25,0.0,False,False,,4.9105,2,zone_move_3->2
Бендеры,Хомутяновка,Железнодорожная улица,69,3,5.1541,3.0336,4.926,5.1507,0.0,False,False,,4.8327,2,zone_move_3->2
Бендеры,Хомутяновка,Железнодорожная улица,70,3,5.1792,3.0085,4.943,5.1757,0.0,False,False,,4.8502,2,zone_move_3->2
Бендеры,Хомутяновка,Железнодорожная улица,71,3,5.1417,3.046,4.917,5.1383,0.0,False,False,,4.824,2,zone_move_3->2
Бендеры,Хомутяновка,Железнодорожная улица,72,3,5.1631,3.0246,4.932,5.1597,0.0,False,False,,4.839,2,zone_move_3->2
Бендеры,Хомутяновка,Железнодорожная улица,73,3,5.1251,3.0626,4.905,5.1217,0.0,False,False,,4.8124,2,zone_move_3->2
Бендеры,Хомутяновка,Железнодорожная улица,74,3,5.1461,3.0416,4.92,5.1427,0.0,False,False,,4.8271,2,zone_move_3->2
Бендеры,Хомутяновка,Железнодорожная улица,75,3,5.1094,3.1953,4.912,5.1059,0.0,False,False,,4.8188,2,zone_move_3->2
Бендеры,Хомутяновка,Железнодорожная улица,77,3,5.0944,3.1803,4.897,5.091,0.0,False,False,,4.8039,2,zone_move_3->2
Бендеры,Хомутяновка,Железнодорожная улица,80,3,5.0859,3.1718,4.888,5.0825,0.0,False,False,,4.7954,2,zone_move_3->2
Бендеры,Хомутяновка,Железнодорожная улица,85,3,5.0226,3.2831,4.851,5.0192,0.0,False,False,,4.7583,2,zone_move_3->2
Бендеры,Хомутяновка,Железнодорожная улица,86,3,5.0224,3.2829,4.851,5.019,0.0,False,False,,4.7581,2,zone_move_3->2
Бендеры,Хомутяновка,Железнодорожная улица,87,3,5.0045,3.265,4.833,5.0011,0.0,False,False,,4.7402,2,zone_move_3->2
Бендеры,Хомутяновка,Железнодорожная улица,88,3,5.0052,3.2657,4.834,5.0018,0.0,False,False,,4.7409,2,zone_move_3->2
Бендеры,Хомутяновка,Железнодорожная улица,89,3,4.9856,3.2461,4.814,4.9822,0.0,False,False,,4.7213,2,zone_move_3->2
Бендеры,Хомутяновка,Железнодорожная улица,90,3,4.9833,3.2438,4.812,4.9799,0.0,False,False,,4.719,2,zone_move_3->2
Бендеры,Хомутяновка,Железнодорожная улица,93,3,4.8727,3.426,4.791,4.8692,0.0,False,False,,4.6523,2,zone_move_3->2
Бендеры,Хомутяновка,Железнодорожная улица,95,3,4.6572,3.6273,4.563,4.6537,0.0,False,False,,4.4993,2,zone_move_3->2
Бендеры,Хомутяновка,Железнодорожная улица,97а,3,4.5702,3.6545,4.542,4.5667,0.0,False,False,,4.4294,2,zone_move_3->2
Бендеры,Хомутяновка,Железнодорожная улица,98,3,4.7993,3.3906,4.721,4.7959,0.0,False,False,,4.5846,2,zone_move_3->2
Бендеры,Хомутяновка,Железнодорожная улица,100,3,4.8288,3.5452,4.763,4.8252,0.0,False,False,,4.6327,2,zone_move_3->2
Бендеры,Хомутяновка,Железнодорожная улица,102,3,4.6443,3.6144,4.604,4.6408,0.0,False,False,,4.4864,2,zone_move_3->2
Бендеры,Хомутяновка,Железнодорожная улица,104,3,4.6275,3.5976,4.587,4.624,0.0,False,False,,4.4696,2,zone_move_3->2
Бендеры,Хомутяновка,Железнодорожная улица,116,3,4.5334,3.7445,4.517,4.5299,0.0,False,False,,4.4116,2,zone_move_3->2
Бендеры,Хомутяновка,Железнодорожный тупик,2,3,5.1385,3.1024,4.923,5.135,0.0,False,False,,4.8296,2,zone_move_3->2
Бендеры,Хомутяновка,Железнодорожный тупик,5,3,5.179,3.1429,4.963,5.1754,0.0,False,False,,4.87,2,zone_move_3->2
Бендеры,Хомутяновка,Железнодорожный тупик,76,3,5.1298,3.0937,4.914,5.1264,0.0,False,False,,4.821,2,zone_move_3->2
Бендеры,Хомутяновка,Железнодорожный тупик,78,3,5.1322,3.0961,4.916,5.1287,0.0,False,False,,4.8233,2,zone_move_3->2
Бендеры,Хомутяновка,Кагульская улица,2,3,5.6821,3.2612,5.409,5.6778,0.0,False,False,,5.3146,2,zone_move_3->2
Бендеры,Хомутяновка,Кагульская улица,4,4,5.975,3.0396,5.624,5.9707,0.0,False,False,,5.5303,2,zone_move_4->2
Бендеры,Хомутяновка,Кагульская улица,5,3,5.802,3.126,5.49,5.7977,0.0,False,False,,5.3962,2,zone_move_3->2
Бендеры,Хомутяновка,Кагульская улица,7,3,5.8226,3.1055,5.505,5.8182,0.0,False,False,,5.4105,2,zone_move_3->2
Бендеры,Хомутяновка,Кагульская улица,9,3,5.8427,3.0854,5.519,5.8383,0.0,False,False,,5.4246,2,zone_move_3->2
Бендеры,Хомутяновка,Кагульская улица,11,3,5.8659,3.0622,5.535,5.8615,0.0,False,False,,5.4408,2,zone_move_3->2
Бендеры,Хомутяновка,Кагульская улица,13,3,5.8941,3.034,5.555,5.8897,0.0,False,False,,5.4606,2,zone_move_3->2
Бендеры,Хомутяновка,Киевская улица,1,3,4.7145,3.6846,4.674,4.7107,0.0,False,False,,4.5563,2,zone_move_3->2
Бендеры,Хомутяновка,Киевская улица,3,3,4.6846,3.6548,4.645,4.6809,0.0,False,False,,4.5265,2,zone_move_3->2
Бендеры,Хомутяновка,Киевская улица,6,3,4.6243,3.5945,4.584,4.6209,0.0,False,False,,4.4665,2,zone_move_3->2
Бендеры,Хомутяновка,Киевская улица,7,3,4.6051,3.5752,4.565,4.6016,0.0,False,False,,4.4472,2,zone_move_3->2
Бендеры,Хомутяновка,Киевская улица,8а,3,4.6118,3.5819,4.572,4.6084,0.0,False,False,,4.454,2,zone_move_3->2
Бендеры,Хомутяновка,Киевская улица,9,3,4.5763,3.5464,4.536,4.5728,0.0,False,False,,4.4184,2,zone_move_3->2
Бендеры,Хомутяновка,Киевская улица,10,3,4.4665,3.4366,4.426,4.4634,0.0,False,False,,4.309,2,zone_move_3->2
Бендеры,Хомутяновка,Киевская улица,11,3,4.6919,3.662,4.515,4.6882,0.0,False,False,,4.5338,2,zone_move_3->2
Бендеры,Хомутяновка,Киевская улица,11,3,4.5556,3.5258,4.515,4.5523,0.0,False,False,,4.3979,2,zone_move_3->2
Бендеры,Хомутяновка,Киевская улица,12,3,4.4292,3.3994,4.389,4.4262,0.0,False,False,,4.2718,2,zone_move_3->2
Бендеры,Хомутяновка,Киевская улица,17,3,4.4769,3.447,4.437,4.4737,0.0,False,False,,4.3193,2,zone_move_3->2
Бендеры,Хомутяновка,Киевская улица,19,3,4.4639,3.434,4.424,4.4608,0.0,False,False,,4.3064,2,zone_move_3->2
Бендеры,Хомутяновка,Киевская улица,21,3,4.4469,3.4171,4.407,4.4439,0.0,False,False,,4.2895,2,zone_move_3->2
Бендеры,Хомутяновка,Киевская улица,22/1,3,4.485,3.4551,4.445,4.4818,0.0,False,False,,4.3274,2,zone_move_3->2
Бендеры,Хомутяновка,Киевская улица,23,3,4.3959,3.3896,4.358,4.393,0.0,False,False,,4.2421,2,zone_move_3->2
Бендеры,Хомутяновка,Киевская улица,25,3,4.4245,3.3946,4.384,4.4215,0.0,False,False,,4.2671,2,zone_move_3->2
Бендеры,Хомутяновка,Киевская улица,27,3,4.4511,3.4212,4.411,4.448,0.0,False,False,,4.2936,2,zone_move_3->2
Бендеры,Хомутяновка,Киевская улица,29,3,4.4659,3.4361,4.426,4.4628,0.0,False,False,,4.3084,2,zone_move_3->2
Бендеры,Хомутяновка,Киевская улица,31,3,4.5275,3.4977,4.487,4.5243,0.0,False,False,,4.3699,2,zone_move_3->2
Бендеры,Хомутяновка,Киевская улица,33,3,4.5554,3.5256,4.515,4.5521,0.0,False,False,,4.3977,2,zone_move_3->2
Бендеры,Хомутяновка,Киевская улица,33а,3,4.5396,3.5097,4.499,4.5363,0.0,False,False,,4.3819,2,zone_move_3->2
Бендеры,Хомутяновка,Киевская улица,35,3,4.5744,3.5446,4.534,4.571,0.0,False,False,,4.4166,2,zone_move_3->2
Бендеры,Хомутяновка,Киевская улица,36,3,4.5785,3.5487,4.538,4.5751,0.0,False,False,,4.4207,2,zone_move_3->2
Бендеры,Хомутяновка,Киевская улица,37,3,4.5922,3.5624,4.552,4.5888,0.0,False,False,,4.4344,2,zone_move_3->2
Бендеры,Хомутяновка,Киевская улица,43,3,4.3796,3.4059,4.345,4.3767,0.0,False,False,,4.2307,2,zone_move_3->2
Бендеры,Хомутяновка,Киевская улица,45,3,4.3595,3.426,4.329,4.3565,0.0,False,False,,4.2165,2,zone_move_3->2
Бендеры,Хомутяновка,Киевская улица,138,3,4.462,3.3235,4.411,4.459,0.0,False,False,,4.2883,2,zone_move_3->2
Бендеры,Хомутяновка,Киевская улица,140,3,4.3803,3.4052,4.346,4.3773,0.0,False,False,,4.2311,2,zone_move_3->2
Бендеры,Хомутяновка,Киевская улица,142,3,4.3567,3.4288,4.326,4.3538,0.0,False,False,,4.2147,2,zone_move_3->2
Бендеры,Хомутяновка,Комсомольская улица,1,1,1.5774,4.3128,1.914,1.5749,0.0,False,False,,1.9848,1,
Бендеры,Хомутяновка,Комсомольская улица,2,1,1.5245,4.2599,1.837,1.5222,0.0,False,False,,1.9321,1,
Бендеры,Хомутяновка,Комсомольская улица,2,1,1.5011,4.2365,1.837,1.4989,0.0,False,False,,1.9088,1,
Бендеры,Хомутяновка,Комсомольская улица,2б,1,1.5976,4.333,1.934,1.5951,0.0,False,False,,2.005,1,
Бендеры,Хомутяновка,Комсомольская улица,4,1,1.5217,4.2571,1.858,1.5194,0.0,False,False,,1.9293,1,
Бендеры,Хомутяновка,Комсомольская улица,5,1,1.5176,4.2531,1.854,1.5154,0.0,False,False,,1.9253,1,
Бендеры,Хомутяновка,Комсомольская улица,6,1,1.5512,4.2867,1.888,1.549,0.0,False,False,,1.9589,1,
Бендеры,Хомутяновка,Комсомольская улица,7A,1,1.4449,4.1804,1.781,1.4428,0.0,False,False,,1.8527,1,
Бендеры,Хомутяновка,Комсомольская улица,8,1,1.566,4.3015,1.902,1.5638,0.0,False,False,,1.9737,1,
Бендеры,Хомутяновка,Комсомольская улица,10,1,1.566,4.3015,1.902,1.5638,0.0,False,False,,1.9737,1,
Бендеры,Хомутяновка,Комсомольская улица,44,1,1.4077,4.1432,1.744,1.4057,0.0,False,False,,1.8156,1,
Бендеры,Хомутяновка,Лесовой переулок,2,4,6.0645,3.1291,5.714,6.06,0.0,False,False,,5.6196,2,zone_move_4->2
Бендеры,Хомутяновка,Лесовой переулок,3,4,6.0295,3.0941,5.679,6.025,0.0,False,False,,5.5846,2,zone_move_4->2
Бендеры,Хомутяновка,Лесовой переулок,5,4,6.0782,3.1428,5.727,6.0736,0.0,False,False,,5.6332,2,zone_move_4->2
Бендеры,Хомутяновка,Лесовой переулок,7,4,6.0099,3.0746,5.66,6.0055,0.0,False,False,,5.5651,2,zone_move_4->2
Бендеры,Хомутяновка,Лесовой переулок,22,4,6.0989,3.1635,5.748,6.0943,0.0,False,False,,5.6539,2,zone_move_4->2
Бендеры,Хомутяновка,Лесовой переулок,22а,4,6.1103,3.1749,5.759,6.1056,0.0,False,False,,5.6652,2,zone_move_4->2
Бендеры,Хомутяновка,Молодёжная улица,1,3,5.6937,2.4535,5.297,5.6903,0.0,False,False,,5.2043,2,zone_move_3->2
Бендеры,Хомутяновка,Молодёжная улица,9,3,5.8656,2.504,5.451,5.8618,0.0,False,False,,5.3576,2,zone_move_3->2
Бендеры,Хомутяновка,Молодёжная улица,11,3,5.8658,2.5038,5.451,5.862,0.0,False,False,,5.3577,2,zone_move_3->2
Бендеры,Хомутяновка,Молодёжная улица,12,3,5.7326,2.4924,5.336,5.7291,0.0,False,False,,5.2431,2,zone_move_3->2
Бендеры,Хомутяновка,Молодёжная улица,14,3,5.7334,2.4932,5.337,5.7299,0.0,False,False,,5.2439,2,zone_move_3->2
Бендеры,Хомутяновка,Молодёжная улица,15,3,5.7681,2.5279,5.371,5.7645,0.0,False,False,,5.2785,2,zone_move_3->2
Бендеры,Хомутяновка,Молодёжная улица,17,3,5.7844,2.5443,5.388,5.7808,0.0,False,False,,5.2948,2,zone_move_3->2
Бендеры,Хомутяновка,Молодёжная улица,52,3,5.4708,2.3147,5.087,5.4679,0.0,False,False,,4.9945,2,zone_move_3->2
Бендеры,Хомутяновка,Молодёжная улица,52а/1,3,5.6292,2.389,5.233,5.6259,0.0,False,False,,5.1399,2,zone_move_3->2
Бендеры,Хомутяновка,Московская улица,2,1,1.3123,4.0477,1.649,1.31,0.0,False,False,,1.7199,1,
Бендеры,Хомутяновка,Московская улица,9,1,1.2893,4.0247,1.625,1.2871,0.0,False,False,,1.697,1,
Бендеры,Хомутяновка,Пионерская улица,3,4,6.3295,2.446,5.837,6.3256,0.0,False,False,,5.7431,2,zone_move_4->2
Бендеры,Хомутяновка,Пионерская улица,5,4,6.3689,2.4854,5.823,6.3649,0.0,False,False,,5.7824,2,zone_move_4->2
Бендеры,Хомутяновка,Пионерская улица,5,4,6.3156,2.4321,5.823,6.3117,0.0,False,False,,5.7292,2,zone_move_4->2
Бендеры,Хомутяновка,Пионерская улица,7,4,6.3808,2.4974,5.888,6.3769,0.0,False,False,,5.7944,2,zone_move_4->2
Бендеры,Хомутяновка,Пионерская улица,9,4,6.3397,2.4562,5.81,6.3358,0.0,False,False,,5.7533,2,zone_move_4->2
Бендеры,Хомутяновка,Протягайловская улица,12,3,4.7031,4.3411,4.729,4.6984,0.0,False,False,,4.6442,2,zone_move_3->2
Бендеры,Хомутяновка,Протягайловская улица,13,3,4.2855,4.6682,4.387,4.2813,0.0,False,False,,4.3388,2,zone_move_3->2
Бендеры,Хомутяновка,Протягайловская улица,16,3,4.3544,4.7371,4.455,4.3502,0.0,False,False,,4.4077,2,zone_move_3->2
Бендеры,Хомутяновка,Протягайловская улица,17,3,4.3813,4.3583,4.442,4.377,0.0,False,False,,4.3735,2,zone_move_3->2
Бендеры,Хомутяновка,Протягайловская улица,18,3,4.3765,4.3632,4.438,4.3721,0.0,False,False,,4.3701,2,zone_move_3->2
Бендеры,Хомутяновка,Протягайловская улица,19,3,4.4022,4.3375,4.459,4.3979,0.0,False,False,,4.3882,2,zone_move_3->2
Бендеры,Хомутяновка,Протягайловская улица,20,3,4.4021,4.3376,4.458,4.3977,0.0,False,False,,4.388,2,zone_move_3->2
Бендеры,Хомутяновка,Протягайловская улица,22,3,4.4248,4.3149,4.476,4.4204,0.0,False,False,,4.4039,2,zone_move_3->2
Бендеры,Хомутяновка,Путейская улица,2,3,5.1359,3.3963,5.025,5.1321,0.0,False,False,,4.8712,2,zone_move_3->2
Бендеры,Хомутяновка,Путейская улица,4,3,4.9066,3.4427,4.823,4.9027,0.0,False,False,,4.6832,2,zone_move_3->2
Бендеры,Хомутяновка,Путейская улица,6,3,4.8846,3.4647,4.806,4.8807,0.0,False,False,,4.6678,2,zone_move_3->2
Бендеры,Хомутяновка,Путейская улица,10,3,4.8532,3.4961,4.78,4.8492,0.0,False,False,,4.6457,2,zone_move_3->2
Бендеры,Хомутяновка,Путейская улица,10а,3,4.8308,3.5185,4.763,4.8269,0.0,False,False,,4.6301,2,zone_move_3->2
Бендеры,Хомутяновка,Путейская улица,12,3,4.818,3.5313,4.752,4.8141,0.0,False,False,,4.6212,2,zone_move_3->2
Бендеры,Хомутяновка,Путейская улица,12а,3,4.802,3.5472,4.739,4.7981,0.0,False,False,,4.61,2,zone_move_3->2
Бендеры,Хомутяновка,Путейская улица,12б,3,4.8029,3.5464,4.74,4.7989,0.0,False,False,,4.6105,2,zone_move_3->2
Бендеры,Хомутяновка,Санаторная улица,2,3,5.525,3.7854,5.353,5.5202,0.0,False,False,,5.2593,2,zone_move_3->2
Бендеры,Хомутяновка,Санаторная улица,56,3,5.807,3.4365,5.541,5.7443,0.0578,True,False,"[29.45035, 46.824986]",5.4988,2,zone_move_3->2;in_city_address_with_outside_route_segment
Бендеры,Хомутяновка,Санаторная улица,58,4,5.8451,3.4746,5.58,5.7443,0.0958,True,False,"[29.45035, 46.824986]",5.5622,2,zone_move_4->2;in_city_address_with_outside_route_segment
Бендеры,Хомутяновка,Санаторная улица,70,4,5.9252,3.5547,5.66,5.7443,0.1759,True,False,"[29.45035, 46.824986]",5.6957,2,zone_move_4->2;in_city_address_with_outside_route_segment
Бендеры,Хомутяновка,Санаторная улица,72,4,5.9607,3.5902,5.695,5.7443,0.2114,True,False,"[29.45035, 46.824986]",5.7548,2,zone_move_4->2;in_city_address_with_outside_route_segment
Бендеры,Хомутяновка,Санаторная улица,74,4,5.9702,3.5997,5.704,5.7443,0.2209,True,False,"[29.45035, 46.824986]",5.7707,2,zone_move_4->2;in_city_address_with_outside_route_segment
Бендеры,Хомутяновка,Севастопольская улица,1а,3,4.6997,3.4162,4.634,4.6965,0.0,False,False,,4.504,2,zone_move_3->2
Бендеры,Хомутяновка,Севастопольская улица,2,3,4.8973,3.1578,4.786,4.8942,0.0,False,False,,4.6333,2,zone_move_3->2
Бендеры,Хомутяновка,Севастопольская улица,4,3,4.9176,3.1781,4.806,4.9144,0.0,False,False,,4.6535,2,zone_move_3->2
Бендеры,Хомутяновка,Севастопольская улица,4а,3,4.7015,3.4179,4.636,4.6981,0.0,False,False,,4.5056,2,zone_move_3->2
Бендеры,Хомутяновка,Севастопольская улица,5,3,4.7405,3.3004,4.659,4.7373,0.0,False,False,,4.5213,2,zone_move_3->2
Бендеры,Хомутяновка,Севастопольская улица,10,3,4.7313,3.246,4.645,4.7282,0.0,False,False,,4.5055,2,zone_move_3->2
Бендеры,Хомутяновка,Севастопольская улица,12,3,4.7181,3.2593,4.635,4.7149,0.0,False,False,,4.4961,2,zone_move_3->2
Бендеры,Хомутяновка,Севастопольская улица,14,3,4.7016,3.2758,4.622,4.6984,0.0,False,False,,4.4846,2,zone_move_3->2
Бендеры,Хомутяновка,Севастопольская улица,16,3,4.6754,3.3919,4.61,4.6722,0.0,False,False,,4.4797,2,zone_move_3->2
Бендеры,Хомутяновка,Севастопольская улица,24,3,4.4406,3.5386,4.413,4.4374,0.0,False,False,,4.3022,2,zone_move_3->2
Бендеры,Хомутяновка,Севастопольская улица,26,3,4.4029,3.614,4.386,4.3997,0.0,False,False,,4.2814,2,zone_move_3->2
Бендеры,Хомутяновка,Треугольный переулок,1,3,5.3013,2.8716,5.027,5.2979,0.0,False,False,,4.9335,2,zone_move_3->2
Бендеры,Хомутяновка,Треугольный переулок,2,3,5.2992,2.8695,5.024,5.2958,0.0,False,False,,4.9314,2,zone_move_3->2
Бендеры,Хомутяновка,Треугольный переулок,3,3,5.2124,2.7826,4.937,5.2092,0.0,False,False,,4.8448,2,zone_move_3->2
Бендеры,Хомутяновка,Треугольный переулок,4,3,5.2623,2.8325,4.987,5.259,0.0,False,False,,4.8946,2,zone_move_3->2
Бендеры,Хомутяновка,Треугольный переулок,5,3,5.2135,2.7838,4.938,5.2103,0.0,False,False,,4.8459,2,zone_move_3->2
Бендеры,Хомутяновка,Треугольный переулок,6,3,5.245,2.8152,4.97,5.2417,0.0,False,False,,4.8773,2,zone_move_3->2
Бендеры,Хомутяновка,Треугольный переулок,7,3,5.2584,2.8286,4.983,5.2551,0.0,False,False,,4.8907,2,zone_move_3->2
Бендеры,Хомутяновка,Треугольный переулок,8 кв. 2,3,5.3294,2.8996,5.054,5.3259,0.0,False,False,,4.9615,2,zone_move_3->2
Бендеры,Хомутяновка,Треугольный переулок,8 кв. 3,3,5.3232,2.8934,5.048,5.3197,0.0,False,False,,4.9553,2,zone_move_3->2
Бендеры,Хомутяновка,Треугольный переулок,9,3,5.2427,2.8129,4.968,5.2394,0.0,False,False,,4.875,2,zone_move_3->2
Бендеры,Хомутяновка,Треугольный переулок,11,3,5.2272,2.7974,4.952,5.2239,0.0,False,False,,4.8595,2,zone_move_3->2
Бендеры,Хомутяновка,Школьная улица,4,3,4.7247,3.4412,4.608,4.7213,0.0,False,False,,4.5288,2,zone_move_3->2
Бендеры,Хомутяновка,Школьная улица,4,3,4.6732,3.3897,4.608,4.67,0.0,False,False,,4.4775,2,zone_move_3->2
Бендеры,Хомутяновка,Школьная улица,5,3,4.5184,3.2671,4.456,4.5155,0.0,False,False,,4.3279,2,zone_move_3->2
Бендеры,Хомутяновка,Школьная улица,6,3,4.9286,3.5379,4.852,4.9247,0.0,False,False,,4.7162,2,zone_move_3->2
Бендеры,Хомутяновка,Школьная улица,7,3,4.5733,3.2898,4.508,4.5703,0.0,False,False,,4.3778,2,zone_move_3->2
Бендеры,Хомутяновка,Школьная улица,9,3,4.6162,3.3326,4.551,4.613,0.0,False,False,,4.4205,2,zone_move_3->2
Бендеры,Хомутяновка,Школьная улица,11,3,4.6398,3.3563,4.574,4.6366,0.0,False,False,,4.4441,2,zone_move_3->2
Бендеры,Хомутяновка,Школьная улица,13,3,4.6607,3.3772,4.595,4.6575,0.0,False,False,,4.465,2,zone_move_3->2
Бендеры,Хомутяновка,Школьная улица,15,3,4.6836,3.4001,4.618,4.6803,0.0,False,False,,4.4878,2,zone_move_3->2
Бендеры,Хомутяновка,Школьная улица,17,3,4.7027,3.4191,4.637,4.6993,0.0,False,False,,4.5068,2,zone_move_3->2
Бендеры,Хомутяновка,Школьная улица,18,3,4.6005,3.317,4.535,4.5974,0.0,False,False,,4.4049,2,zone_move_3->2
Бендеры,Хомутяновка,Школьная улица,19,3,4.7175,3.434,4.652,4.7141,0.0,False,False,,4.5216,2,zone_move_3->2
Бендеры,Хомутяновка,Школьная улица,21,3,4.8069,3.5234,4.741,4.8034,0.0,False,False,,4.6109,2,zone_move_3->2
Бендеры,Хомутяновка,Школьная улица,23,3,4.8143,3.8669,4.782,4.8105,0.0,False,False,,4.6685,2,zone_move_3->2
Бендеры,Хомутяновка,Школьная улица,24,3,4.9259,3.6424,4.861,4.922,0.0,False,False,,4.7295,2,zone_move_3->2
Бендеры,Хомутяновка,Школьная улица,27,3,4.8974,3.6139,4.832,4.8936,0.0,False,False,,4.7011,2,zone_move_3->2
Бендеры,Хомутяновка,Школьная улица,29,3,4.9324,3.6489,4.867,4.9285,0.0,False,False,,4.736,2,zone_move_3->2
Бендеры,Хомутяновка,Школьная улица,39,3,4.5796,3.2059,4.505,4.5767,0.0,False,False,,4.3707,2,zone_move_3->2
Бендеры,Хомутяновка,Школьная улица,41,3,4.4759,3.3096,4.422,4.4729,0.0,False,False,,4.298,2,zone_move_3->2
Бендеры,Хомутяновка,Школьная улица,134,3,4.6285,3.3449,4.563,4.6254,0.0,False,False,,4.4329,2,zone_move_3->2
Бендеры,Хомутяновка,Школьная улица,136,3,4.486,3.2995,4.43,4.483,0.0,False,False,,4.3051,2,zone_move_3->2
Бендеры,Хомутяновка,переулок Бородина,1,3,5.1725,2.9254,4.925,5.1692,0.0,False,False,,4.8322,2,zone_move_3->2
Бендеры,Хомутяновка,переулок Бородина,4,3,5.1712,2.9242,4.924,5.1679,0.0,False,False,,4.8309,2,zone_move_3->2
Бендеры,Хомутяновка,переулок Бородина,5,3,5.1723,2.9253,4.925,5.1691,0.0,False,False,,4.8321,2,zone_move_3->2
Бендеры,Хомутяновка,переулок Бородина,6 кв. 1,3,5.2684,3.0214,5.021,5.2649,0.0,False,False,,4.9279,2,zone_move_3->2
Бендеры,Хомутяновка,переулок Бородина,6 кв. 2,3,5.2536,3.0066,5.006,5.2502,0.0,False,False,,4.9132,2,zone_move_3->2
Бендеры,Хомутяновка,переулок Бородина,9,3,5.2664,3.0194,4.966,5.2629,0.0,False,False,,4.9259,2,zone_move_3->2
Бендеры,Хомутяновка,переулок Бородина,9,3,5.2129,2.9658,4.966,5.2095,0.0,False,False,,4.8725,2,zone_move_3->2
Бендеры,Хомутяновка,переулок Бородина,11,3,5.129,2.882,4.881,5.1259,0.0,False,False,,4.7889,2,zone_move_3->2
Бендеры,Хомутяновка,переулок Бородина,11,3,5.1471,2.9001,4.881,5.1439,0.0,False,False,,4.8069,2,zone_move_3->2
Бендеры,Хомутяновка,переулок Лермонтова,1,3,5.2848,3.0211,5.035,5.2812,0.0,False,False,,4.9417,2,zone_move_3->2
Бендеры,Хомутяновка,переулок Лермонтова,7,3,5.3502,3.0865,5.1,5.3465,0.0,False,False,,5.007,2,zone_move_3->2
Бендеры,Хомутяновка,переулок Лермонтова,13а,3,5.1631,2.7632,4.892,5.16,0.0,False,False,,4.8001,2,zone_move_3->2
Бендеры,Хомутяновка,переулок Лермонтова,15,3,5.015,2.7705,4.768,5.0121,0.0,False,False,,4.6755,2,zone_move_3->2
Бендеры,Хомутяновка,переулок Лермонтова,16,3,5.4284,3.2941,5.198,5.4244,0.0,False,False,,5.1043,2,zone_move_3->2
Бендеры,Хомутяновка,переулок Лермонтова,17,3,5.3902,3.1265,5.14,5.3863,0.0,False,False,,5.0468,2,zone_move_3->2
Бендеры,Хомутяновка,переулок Лермонтова,17,3,5.5248,3.1978,5.14,5.5205,0.0,False,False,,5.1715,2,zone_move_3->2
Бендеры,Хомутяновка,переулок Лермонтова,25,3,5.4418,3.2808,5.207,5.4377,0.0,False,False,,5.1136,2,zone_move_3->2
Бендеры,Хомутяновка,переулок Лермонтова,40,3,5.4268,3.1631,5.177,5.4228,0.0,False,False,,5.0833,2,zone_move_3->2
Бендеры,Хомутяновка,переулок Лермонтова,57,3,5.112,2.8483,4.862,5.1088,0.0,False,False,,4.7693,2,zone_move_3->2
Бендеры,Хомутяновка,переулок Лермонтова,58,3,5.1406,2.8768,4.89,5.1373,0.0,False,False,,4.7978,2,zone_move_3->2
Бендеры,Хомутяновка,переулок Лермонтова,59,3,5.2047,2.941,4.954,5.2013,0.0,False,False,,4.8618,2,zone_move_3->2
Бендеры,Хомутяновка,переулок Лермонтова,60,3,5.1413,2.8776,4.891,5.1381,0.0,False,False,,4.7986,2,zone_move_3->2
Бендеры,Хомутяновка,переулок Лермонтова,64,3,5.2479,2.9842,4.998,5.2444,0.0,False,False,,4.9049,2,zone_move_3->2
Бендеры,Хомутяновка,переулок Лермонтова,64,3,5.3274,3.0637,4.998,5.3237,0.0,False,False,,4.9842,2,zone_move_3->2
Бендеры,Хомутяновка,переулок Лермонтова,66,3,5.2443,2.9806,4.995,5.2408,0.0,False,False,,4.9013,2,zone_move_3->2
Бендеры,Хомутяновка,переулок Лермонтова,66,3,5.3282,3.0645,4.995,5.3245,0.0,False,False,,4.985,2,zone_move_3->2
Бендеры,Хомутяновка,переулок Лермонтова,67,3,5.2981,3.0344,5.048,5.2945,0.0,False,False,,4.955,2,zone_move_3->2
Бендеры,Хомутяновка,переулок Лермонтова,69,3,5.2967,3.033,5.047,5.2931,0.0,False,False,,4.9536,2,zone_move_3->2
Бендеры,Хомутяновка,переулок Лермонтова,90,3,5.0927,2.6928,4.822,5.0898,0.0,False,False,,4.7299,2,zone_move_3->2
Бендеры,Хомутяновка,переулок Лермонтова,92,3,5.0787,2.7068,4.812,5.0758,0.0,False,False,,4.7201,2,zone_move_3->2
Бендеры,Хомутяновка,переулок Лермонтова,94,3,5.0637,2.7219,4.802,5.0607,0.0,False,False,,4.7095,2,zone_move_3->2
Бендеры,Хомутяновка,переулок Лермонтова,96,3,5.0497,2.7358,4.792,5.0468,0.0,False,False,,4.6998,2,zone_move_3->2
Бендеры,Хомутяновка,переулок Лермонтова,98,3,5.0484,2.7847,4.799,5.0454,0.0,False,False,,4.7059,2,zone_move_3->2
Бендеры,Хомутяновка,переулок Лермонтова,100,3,5.0488,2.7851,4.799,5.0458,0.0,False,False,,4.7063,2,zone_move_3->2
Бендеры,Хомутяновка,переулок Лермонтова,102,3,4.9939,2.7917,4.753,4.9909,0.0,False,False,,4.6606,2,zone_move_3->2
Бендеры,Хомутяновка,переулок Лермонтова,104,3,4.9791,2.8064,4.743,4.9762,0.0,False,False,,4.6503,2,zone_move_3->2
Бендеры,Хомутяновка,переулок Осипенко,1,4,6.4907,2.6072,5.91,6.4864,0.0,False,False,,5.9039,2,zone_move_4->2
Бендеры,Хомутяновка,переулок Осипенко,1,4,6.4032,2.5197,5.91,6.399,0.0,False,False,,5.8165,2,zone_move_4->2
Бендеры,Хомутяновка,переулок Осипенко,1,4,6.4456,2.5622,5.91,6.4414,0.0,False,False,,5.8589,2,zone_move_4->2
Бендеры,Хомутяновка,переулок Осипенко,2,4,6.3177,2.4342,5.825,6.3137,0.0,False,False,,5.7312,2,zone_move_4->2
Бендеры,Хомутяновка,переулок Осипенко,2,4,6.4825,2.599,5.825,6.4783,0.0,False,False,,5.8958,2,zone_move_4->2
Бендеры,Хомутяновка,переулок Осипенко,2,4,6.3852,2.5017,5.825,6.381,0.0,False,False,,5.7985,2,zone_move_4->2
Бендеры,Хомутяновка,переулок Осипенко,4,4,6.4762,2.5928,5.984,6.472,0.0,False,False,,5.8895,2,zone_move_4->2
Бендеры,Хомутяновка,переулок Осипенко,6,4,6.5371,2.6536,6.044,6.5328,0.0,False,False,,5.9503,2,zone_move_4->2
Бендеры,Хомутяновка,переулок Осипенко,9,4,6.5352,2.6517,6.042,6.5308,0.0,False,False,,5.9483,2,zone_move_4->2
Бендеры,Хомутяновка,переулок Осипенко,11,4,6.592,2.7085,6.099,6.5876,0.0,False,False,,6.0051,2,zone_move_4->2
Бендеры,Хомутяновка,переулок Осипенко,15,4,6.5368,2.6534,6.044,6.5326,0.0,False,False,,5.9501,2,zone_move_4->2
Бендеры,Хомутяновка,переулок Полоза,6,4,6.1955,3.2601,5.844,6.1906,0.0,False,False,,5.7502,2,zone_move_4->2
Бендеры,Хомутяновка,переулок Полоза,6,4,6.2271,3.2917,5.844,6.2221,0.0,False,False,,5.7817,2,zone_move_4->2
Бендеры,Хомутяновка,переулок Полоза,49,4,6.2119,3.2765,5.861,6.2071,0.0,False,False,,5.7667,2,zone_move_4->2
Бендеры,Хомутяновка,переулок Полоза,78,4,6.3173,3.3819,5.966,6.3123,0.0,False,False,,5.8719,2,zone_move_4->2
Бендеры,Хомутяновка,улица 23 Августа,1,3,5.3007,3.5611,5.13,5.2964,0.0,False,False,,5.0355,2,zone_move_3->2
Бендеры,Хомутяновка,улица 23 Августа,2,3,5.3165,3.577,5.142,5.3122,0.0,False,False,,5.0513,2,zone_move_3->2
Бендеры,Хомутяновка,улица 23 Августа,2,3,5.3133,3.5737,5.142,5.309,0.0,False,False,,5.0481,2,zone_move_3->2
Бендеры,Хомутяновка,улица 23 Августа,3,3,5.3347,3.5952,5.164,5.3305,0.0,False,False,,5.0696,2,zone_move_3->2
Бендеры,Хомутяновка,улица 23 Августа,4,3,5.3285,3.589,5.157,5.3243,0.0,False,False,,5.0634,2,zone_move_3->2
Бендеры,Хомутяновка,улица 23 Августа,5,3,5.3489,3.6094,5.178,5.3447,0.0,False,False,,5.0838,2,zone_move_3->2
Бендеры,Хомутяновка,улица 23 Августа,6,3,5.3431,3.6036,5.172,5.3388,0.0,False,False,,5.0779,2,zone_move_3->2
Бендеры,Хомутяновка,улица 23 Августа,7,3,5.3666,3.6271,5.195,5.3623,0.0,False,False,,5.1014,2,zone_move_3->2
Бендеры,Хомутяновка,улица 23 Августа,8,3,5.356,3.6165,5.185,5.3518,0.0,False,False,,5.0909,2,zone_move_3->2
Бендеры,Хомутяновка,улица 23 Августа,10,3,5.371,3.6314,5.199,5.3667,0.0,False,False,,5.1058,2,zone_move_3->2
Бендеры,Хомутяновка,улица 23 Августа,12,3,5.3938,3.6543,5.222,5.3896,0.0,False,False,,5.1287,2,zone_move_3->2
Бендеры,Хомутяновка,улица 23 Августа,14,3,5.4185,3.6789,5.247,5.4142,0.0,False,False,,5.1533,2,zone_move_3->2
Бендеры,Хомутяновка,улица 23 Августа,39,3,5.4012,3.6617,5.23,5.397,0.0,False,False,,5.1361,2,zone_move_3->2
Бендеры,Хомутяновка,улица 23 Августа,41,3,5.2858,3.5462,5.114,5.2815,0.0,False,False,,5.0206,2,zone_move_3->2
Бендеры,Хомутяновка,улица 40 лет Советской Пионерии,3,3,5.62,2.9738,5.313,5.616,0.0,False,False,,5.2191,2,zone_move_3->2
Бендеры,Хомутяновка,улица 40 лет Советской Пионерии,4,3,5.6353,2.9892,5.328,5.6313,0.0,False,False,,5.2344,2,zone_move_3->2
Бендеры,Хомутяновка,улица 40 лет Советской Пионерии,5,3,5.6525,3.0063,5.345,5.6484,0.0,False,False,,5.2515,2,zone_move_3->2
Бендеры,Хомутяновка,улица 40 лет Советской Пионерии,9,3,5.6708,3.0246,5.364,5.6666,0.0,False,False,,5.2697,2,zone_move_3->2
Бендеры,Хомутяновка,улица 40 лет Советской Пионерии,12,3,5.7486,3.087,5.439,5.7443,0.0,False,False,,5.3451,2,zone_move_3->2
Бендеры,Хомутяновка,улица 40 лет Советской Пионерии,14,3,5.7303,3.1053,5.426,5.7259,0.0,False,False,,5.3322,2,zone_move_3->2
Бендеры,Хомутяновка,улица 40 лет Советской Пионерии,35,3,5.3005,2.6544,4.993,5.2974,0.0,False,False,,4.9005,2,zone_move_3->2
Бендеры,Хомутяновка,улица 40 лет Советской Пионерии,35,3,5.3961,2.75,4.993,5.3928,0.0,False,False,,4.9959,2,zone_move_3->2
Бендеры,Хомутяновка,улица 40 лет Советской Пионерии,37,3,5.2988,2.6526,4.992,5.2957,0.0,False,False,,4.8988,2,zone_move_3->2
Бендеры,Хомутяновка,улица 40 лет Советской Пионерии,37,3,5.3966,2.7504,4.992,5.3932,0.0,False,False,,4.9963,2,zone_move_3->2
Бендеры,Хомутяновка,улица 40 лет Советской Пионерии,41,3,5.5633,2.9171,5.256,5.5595,0.0,False,False,,5.1626,2,zone_move_3->2
Бендеры,Хомутяновка,улица 40 лет Советской Пионерии,43,3,5.5697,2.9235,5.262,5.5658,0.0,False,False,,5.1689,2,zone_move_3->2
Бендеры,Хомутяновка,улица 40 лет Советской Пионерии,44,3,5.4353,2.7891,5.128,5.4318,0.0,False,False,,5.0349,2,zone_move_3->2
Бендеры,Хомутяновка,улица 40 лет Советской Пионерии,46,3,5.4354,2.7892,5.128,5.4319,0.0,False,False,,5.035,2,zone_move_3->2
Бендеры,Хомутяновка,улица 40 лет Советской Пионерии,47,3,5.4875,2.8414,5.18,5.4839,0.0,False,False,,5.087,2,zone_move_3->2
Бендеры,Хомутяновка,улица 40 лет Советской Пионерии,68,3,5.2748,2.5107,4.95,5.2719,0.0,False,False,,4.8573,2,zone_move_3->2
Бендеры,Хомутяновка,улица 40 лет Советской Пионерии,70,3,5.2601,2.5254,4.939,5.2572,0.0,False,False,,4.8471,2,zone_move_3->2
Бендеры,Хомутяновка,улица 40 лет Советской Пионерии,72,3,5.2476,2.5379,4.931,5.2447,0.0,False,False,,4.8383,2,zone_move_3->2
Бендеры,Хомутяновка,улица 40 лет Советской Пионерии,74,3,5.2371,2.5909,4.93,5.2341,0.0,False,False,,4.8372,2,zone_move_3->2
Бендеры,Хомутяновка,улица 40 лет Советской Пионерии,76,3,5.2375,2.5914,4.93,5.2346,0.0,False,False,,4.8377,2,zone_move_3->2
Бендеры,Хомутяновка,улица 50 лет ВЛКСМ,1,4,6.251,2.3675,5.758,6.247,0.0,False,False,,5.6645,2,zone_move_4->2
Бендеры,Хомутяновка,улица 50 лет ВЛКСМ,5а/1,3,5.8865,2.0291,5.397,5.8835,0.0,False,False,,5.3049,2,zone_move_3->2
Бендеры,Хомутяновка,улица 50 лет ВЛКСМ,5а/4,3,5.855,1.9977,5.366,5.852,0.0,False,False,,5.2734,2,zone_move_3->2
Бендеры,Хомутяновка,улица 50 лет ВЛКСМ,6,4,6.3929,2.5094,5.9,6.3887,0.0,False,False,,5.8062,2,zone_move_4->2
Бендеры,Хомутяновка,улица 50 лет ВЛКСМ,6а,3,6.3985,2.515,5.555,6.3942,0.0,False,False,,5.8117,2,zone_move_3->2
Бендеры,Хомутяновка,улица 50 лет ВЛКСМ,6а,3,5.9638,2.6419,5.555,5.9595,0.0,False,False,,5.4612,2,zone_move_3->2
Бендеры,Хомутяновка,улица 50 лет ВЛКСМ,7а,4,5.991,2.6595,5.581,5.9866,0.0,False,False,,5.4869,2,zone_move_4->2
Бендеры,Хомутяновка,улица 50 лет ВЛКСМ,7а,4,6.0101,2.6405,5.581,6.0056,0.0,False,False,,5.5002,2,zone_move_4->2
Бендеры,Хомутяновка,улица 50 лет ВЛКСМ,7а,4,6.6681,2.7846,5.581,6.6634,0.0,False,False,,6.0809,3,zone_move_4->3
Бендеры,Хомутяновка,улица 50 лет ВЛКСМ,11,4,6.3757,2.4922,5.883,6.3715,0.0,False,False,,5.789,2,zone_move_4->2
Бендеры,Хомутяновка,улица 50 лет ВЛКСМ,13,3,6.0127,1.9698,5.496,6.0096,0.0,False,False,,5.4032,2,zone_move_3->2
Бендеры,Хомутяновка,улица 50 лет ВЛКСМ,50а,3,5.9893,1.9464,5.473,5.9862,0.0,False,False,,5.3798,2,zone_move_3->2
Бендеры,Хомутяновка,улица 50 лет ВЛКСМ,52б,3,5.7543,2.0313,5.285,5.7513,0.0,False,False,,5.1929,2,zone_move_3->2
Бендеры,Хомутяновка,улица Академика Фёдорова,3,1,1.3544,4.0898,1.691,1.3521,0.0,False,False,,1.762,1,
Бендеры,Хомутяновка,улица Академика Фёдорова,5,1,1.4735,4.209,1.848,1.4711,0.0,False,False,,1.881,1,
Бендеры,Хомутяновка,улица Академика Фёдорова,16,1,1.3179,4.0533,1.654,1.3156,0.0,False,False,,1.7255,1,
Бендеры,Хомутяновка,улица Академика Фёдорова,16,1,1.3519,4.0873,1.654,1.3496,0.0,False,False,,1.7595,1,
Бендеры,Хомутяновка,улица Академика Фёдорова,18,1,1.4397,4.1751,1.776,1.4372,0.0,False,False,,1.8471,1,
Бендеры,Хомутяновка,улица Академика Фёдорова,20,1,1.4103,4.1458,1.746,1.408,0.0,False,False,,1.8179,1,
Бендеры,Хомутяновка,улица Академика Фёдорова,24,1,1.4447,4.1802,1.781,1.4424,0.0,False,False,,1.8523,1,
Бендеры,Хомутяновка,улица Академика Фёдорова,26,1,1.485,4.2205,1.821,1.4826,0.0,False,False,,1.8925,1,
Бендеры,Хомутяновка,улица Академика Фёдорова,28,1,1.5231,4.2585,1.859,1.5207,0.0,False,False,,1.9306,1,
Бендеры,Хомутяновка,улица Академика Фёдорова,30,1,1.5513,4.2867,1.888,1.5489,0.0,False,False,,1.9588,1,
Бендеры,Хомутяновка,улица Бориса Главана,3,3,4.328,3.5391,4.312,4.325,0.0,False,False,,4.2067,2,zone_move_3->2
Бендеры,Хомутяновка,улица Бориса Главана,5,3,4.3105,3.5216,4.294,4.3074,0.0,False,False,,4.1891,2,zone_move_3->2
Бендеры,Хомутяновка,улица Бориса Главана,5а,3,4.2761,3.5823,4.27,4.2731,0.0,False,False,,4.1691,2,zone_move_3->2
Бендеры,Хомутяновка,улица Бориса Главана,7,3,4.3749,3.586,4.358,4.3717,0.0,False,False,,4.2534,2,zone_move_3->2
Бендеры,Хомутяновка,улица Бориса Главана,9,3,4.4143,3.6254,4.398,4.411,0.0,False,False,,4.2927,2,zone_move_3->2
Бендеры,Хомутяновка,улица Бориса Главана,11,3,4.4535,3.6646,4.437,4.4501,0.0,False,False,,4.3318,2,zone_move_3->2
Бендеры,Хомутяновка,улица Бориса Главана,13,3,4.5029,3.7141,4.487,4.4994,0.0,False,False,,4.3811,2,zone_move_3->2
Бендеры,Хомутяновка,улица Бориса Главана,15,3,4.5377,3.7489,4.522,4.5341,0.0,False,False,,4.4158,2,zone_move_3->2
Бендеры,Хомутяновка,улица Бориса Главана,16,3,4.3461,3.5573,4.33,4.343,0.0,False,False,,4.2247,2,zone_move_3->2
Бендеры,Хомутяновка,улица Бориса Главана,17,3,4.5574,3.7686,4.541,4.5538,0.0,False,False,,4.4355,2,zone_move_3->2
Бендеры,Хомутяновка,улица Бориса Главана,18,3,4.3291,3.5402,4.313,4.326,0.0,False,False,,4.2077,2,zone_move_3->2
Бендеры,Хомутяновка,улица Бориса Главана,19,3,4.6125,3.8236,4.596,4.6087,0.0,False,False,,4.4904,2,zone_move_3->2
Бендеры,Хомутяновка,улица Бориса Главана,20,3,4.3172,3.5283,4.301,4.3142,0.0,False,False,,4.1959,2,zone_move_3->2
Бендеры,Хомутяновка,улица Бориса Главана,22,3,4.3303,3.5414,4.314,4.3272,0.0,False,False,,4.2089,2,zone_move_3->2
Бендеры,Хомутяновка,улица Бориса Главана,24,3,4.3511,3.5622,4.335,4.3479,0.0,False,False,,4.2296,2,zone_move_3->2
Бендеры,Хомутяновка,улица Бориса Главана,24а,3,4.4155,3.6266,4.399,4.4122,0.0,False,False,,4.2939,2,zone_move_3->2
Бендеры,Хомутяновка,улица Бориса Главана,32а,3,4.6368,3.732,4.609,4.6329,0.0,False,False,,4.4973,2,zone_move_3->2
Бендеры,Хомутяновка,улица Бориса Главана,34,3,4.6584,3.7104,4.626,4.6545,0.0,False,False,,4.5124,2,zone_move_3->2
Бендеры,Хомутяновка,улица Бориса Главана,40,3,4.5989,3.81,4.582,4.5951,0.0,False,False,,4.4768,2,zone_move_3->2
Бендеры,Хомутяновка,улица Бориса Главана,42,3,4.6103,3.8214,4.594,4.6065,0.0,False,False,,4.4882,2,zone_move_3->2
Бендеры,Хомутяновка,улица Бориса Главана,44,3,4.6677,3.8788,4.652,4.6638,0.0,False,False,,4.5455,2,zone_move_3->2
Бендеры,Хомутяновка,улица Бориса Главана,46,3,4.724,3.9351,4.708,4.7199,0.0,False,False,,4.6016,2,zone_move_3->2
Бендеры,Хомутяновка,улица Бориса Главана,47,3,4.3446,3.4409,4.317,4.3417,0.0,False,False,,4.2062,2,zone_move_3->2
Бендеры,Хомутяновка,улица Бориса Главана,48,3,4.7598,3.9709,4.743,4.7557,0.0,False,False,,4.6374,2,zone_move_3->2
Бендеры,Хомутяновка,улица Бориса Главана,49,3,4.3294,3.4561,4.305,4.3265,0.0,False,False,,4.1956,2,zone_move_3->2
Бендеры,Хомутяновка,улица Бориса Главана,50,3,4.7768,3.9879,4.761,4.7726,0.0,False,False,,4.6543,2,zone_move_3->2
Бендеры,Хомутяновка,улица Бориса Главана,51,3,4.312,3.4736,4.291,4.309,0.0,False,False,,4.1833,2,zone_move_3->2
Бендеры,Хомутяновка,улица Бориса Главана,52,3,4.8045,4.0156,4.788,4.8003,0.0,False,False,,4.682,2,zone_move_3->2
Бендеры,Хомутяновка,улица Бориса Главана,144,3,4.3259,3.4597,4.302,4.3229,0.0,False,False,,4.193,2,zone_move_3->2
Бендеры,Хомутяновка,улица Бородина,1,3,5.3291,2.722,5.027,5.326,0.0,False,False,,4.935,2,zone_move_3->2
Бендеры,Хомутяновка,улица Бородина,1,3,5.3467,2.7395,5.027,5.3435,0.0,False,False,,4.9525,2,zone_move_3->2
Бендеры,Хомутяновка,улица Бородина,2,3,5.2068,2.7135,4.894,5.2037,0.0,False,False,,4.8298,2,zone_move_3->2
Бендеры,Хомутяновка,улица Бородина,2,3,5.1636,2.7638,4.894,5.1606,0.0,False,False,,4.8007,2,zone_move_3->2
Бендеры,Хомутяновка,улица Бородина,7,3,5.1565,2.8095,4.894,5.1533,0.0,False,False,,4.8013,2,zone_move_3->2
Бендеры,Хомутяновка,улица Бородина,9,3,5.158,2.6276,4.868,5.1551,0.0,False,False,,4.7756,2,zone_move_3->2
Бендеры,Хомутяновка,улица Бородина,9,3,5.1388,2.8272,4.868,5.1357,0.0,False,False,,4.789,2,zone_move_3->2
Бендеры,Хомутяновка,улица Бородина,13,3,5.1143,2.6712,4.838,5.1114,0.0,False,False,,4.745,2,zone_move_3->2
Бендеры,Хомутяновка,улица Бородина,13,3,5.0802,2.994,4.838,5.0771,0.0,False,False,,4.7642,2,zone_move_3->2
Бендеры,Хомутяновка,улица Бородина,15,3,5.0642,2.9781,4.841,5.0611,0.0,False,False,,4.7482,2,zone_move_3->2
Бендеры,Хомутяновка,улица Бородина,17,3,5.0373,2.9512,4.814,5.0342,0.0,False,False,,4.7213,2,zone_move_3->2
Бендеры,Хомутяновка,улица Бородина,17,3,5.0641,2.978,4.814,5.061,0.0,False,False,,4.7481,2,zone_move_3->2
Бендеры,Хомутяновка,улица Бородина,78,3,5.18,2.6055,4.884,5.1771,0.0,False,False,,4.791,2,zone_move_3->2
Бендеры,Хомутяновка,улица Бородина,80,3,5.1652,2.6203,4.873,5.1623,0.0,False,False,,4.7806,2,zone_move_3->2
Бендеры,Хомутяновка,улица Бородина,82,3,5.1502,2.6353,4.863,5.1473,0.0,False,False,,4.7701,2,zone_move_3->2
Бендеры,Хомутяновка,улица Бородина,84,3,5.1367,2.6489,4.853,5.1337,0.0,False,False,,4.7606,2,zone_move_3->2
Бендеры,Хомутяновка,улица Георге Асаке,8,2,2.4511,5.1866,2.788,2.4489,0.0,False,False,,2.8588,1,zone_move_2->1
Бендеры,Хомутяновка,улица Гоголя,1,4,6.1953,2.3118,5.702,6.1915,0.0,False,False,,5.609,2,zone_move_4->2
Бендеры,Хомутяновка,улица Гоголя,2,4,6.2273,2.3438,5.735,6.2236,0.0,False,False,,5.6411,2,zone_move_4->2
Бендеры,Хомутяновка,улица Гоголя,3,4,6.2129,2.3294,5.72,6.2091,0.0,False,False,,5.6266,2,zone_move_4->2
Бендеры,Хомутяновка,улица Гоголя,4,3,5.8883,2.36,5.449,5.8846,0.0,False,False,,5.3554,2,zone_move_3->2
Бендеры,Хомутяновка,улица Гоголя,5,4,6.2301,2.3466,5.737,6.2263,0.0,False,False,,5.6438,2,zone_move_4->2
Бендеры,Хомутяновка,улица Гоголя,6,3,5.8739,2.3744,5.439,5.8702,0.0,False,False,,5.3453,2,zone_move_3->2
Бендеры,Хомутяновка,улица Гоголя,7,3,5.8871,2.3611,5.448,5.8834,0.0,False,False,,5.3545,2,zone_move_3->2
Бендеры,Хомутяновка,улица Гоголя,8,3,5.8573,2.391,5.427,5.8536,0.0,False,False,,5.3337,2,zone_move_3->2
Бендеры,Хомутяновка,улица Гоголя,9,3,5.8724,2.3759,5.437,5.8687,0.0,False,False,,5.3443,2,zone_move_3->2
Бендеры,Хомутяновка,улица Гоголя,10,3,5.843,2.4053,5.417,5.8393,0.0,False,False,,5.3237,2,zone_move_3->2
Бендеры,Хомутяновка,улица Гоголя,11,3,5.8573,2.391,5.427,5.8536,0.0,False,False,,5.3337,2,zone_move_3->2
Бендеры,Хомутяновка,улица Гоголя,13,3,5.8407,2.4076,5.415,5.837,0.0,False,False,,5.3221,2,zone_move_3->2
Бендеры,Хомутяновка,улица Гоголя,14,3,5.8169,2.4583,5.403,5.8132,0.0,False,False,,5.3094,2,zone_move_3->2
Бендеры,Хомутяновка,улица Гоголя,16,3,5.7666,2.4767,5.363,5.7629,0.0,False,False,,5.2694,2,zone_move_3->2
Бендеры,Хомутяновка,улица Гоголя,18,3,5.7502,2.493,5.352,5.7466,0.0,False,False,,5.258,2,zone_move_3->2
Бендеры,Хомутяновка,улица Гоголя,19,3,5.7649,2.4784,5.362,5.7612,0.0,False,False,,5.2683,2,zone_move_3->2
Бендеры,Хомутяновка,улица Гоголя,20,3,5.7338,2.5095,5.34,5.7301,0.0,False,False,,5.2465,2,zone_move_3->2
Бендеры,Хомутяновка,улица Гоголя,21,3,5.7501,2.4931,5.351,5.7465,0.0,False,False,,5.258,2,zone_move_3->2
Бендеры,Хомутяновка,улица Гоголя,22,3,5.7168,2.5265,5.328,5.7131,0.0,False,False,,5.2346,2,zone_move_3->2
Бендеры,Хомутяновка,улица Гоголя,23,3,5.7331,2.5102,5.34,5.7294,0.0,False,False,,5.246,2,zone_move_3->2
Бендеры,Хомутяновка,улица Гоголя,24,3,5.7016,2.5417,5.317,5.6979,0.0,False,False,,5.224,2,zone_move_3->2
Бендеры,Хомутяновка,улица Гоголя,25,3,5.7184,2.5249,5.329,5.7147,0.0,False,False,,5.2357,2,zone_move_3->2
Бендеры,Хомутяновка,улица Гоголя,26,3,5.6872,2.5561,5.307,5.6835,0.0,False,False,,5.2139,2,zone_move_3->2
Бендеры,Хомутяновка,улица Гоголя,27,3,5.7015,2.5418,5.317,5.6978,0.0,False,False,,5.2239,2,zone_move_3->2
Бендеры,Хомутяновка,улица Гоголя,29,3,5.6847,2.5586,5.305,5.681,0.0,False,False,,5.2121,2,zone_move_3->2
Бендеры,Хомутяновка,улица Гоголя,32,3,5.6784,2.736,5.327,5.6747,0.0,False,False,,5.2334,2,zone_move_3->2
Бендеры,Хомутяновка,улица Гоголя,34,3,5.6101,2.7533,5.272,5.6064,0.0,False,False,,5.1779,2,zone_move_3->2
Бендеры,Хомутяновка,улица Гоголя,35,3,5.6815,2.7391,5.33,5.6778,0.0,False,False,,5.2365,2,zone_move_3->2
Бендеры,Хомутяновка,улица Гоголя,36,3,5.5951,2.7683,5.261,5.5914,0.0,False,False,,5.1674,2,zone_move_3->2
Бендеры,Хомутяновка,улица Гоголя,37,3,5.6055,2.7579,5.268,5.6018,0.0,False,False,,5.1747,2,zone_move_3->2
Бендеры,Хомутяновка,улица Гоголя,38,3,5.5735,2.7899,5.245,5.5698,0.0,False,False,,5.1523,2,zone_move_3->2
Бендеры,Хомутяновка,улица Гоголя,39,3,5.5916,2.7718,5.258,5.5879,0.0,False,False,,5.165,2,zone_move_3->2
Бендеры,Хомутяновка,улица Гоголя,40,3,5.5602,2.9141,5.253,5.5566,0.0,False,False,,5.1597,2,zone_move_3->2
Бендеры,Хомутяновка,улица Гоголя,41,3,5.5773,2.7861,5.248,5.5736,0.0,False,False,,5.155,2,zone_move_3->2
Бендеры,Хомутяновка,улица Гоголя,42,3,5.5425,2.8963,5.235,5.5388,0.0,False,False,,5.1419,2,zone_move_3->2
Бендеры,Хомутяновка,улица Гоголя,43,3,5.5626,2.8008,5.238,5.5589,0.0,False,False,,5.1447,2,zone_move_3->2
Бендеры,Хомутяновка,улица Гоголя,44,3,5.5221,2.8759,5.214,5.5184,0.0,False,False,,5.1215,2,zone_move_3->2
Бендеры,Хомутяновка,улица Гоголя,45,3,5.5417,2.8955,5.235,5.538,0.0,False,False,,5.1411,2,zone_move_3->2
Бендеры,Хомутяновка,улица Гоголя,46,3,5.5226,2.8764,5.215,5.5189,0.0,False,False,,5.122,2,zone_move_3->2
Бендеры,Хомутяновка,улица Гоголя,48,3,5.5406,2.8944,5.233,5.5369,0.0,False,False,,5.14,2,zone_move_3->2
Бендеры,Хомутяновка,улица Гоголя,49,3,5.5238,2.8777,5.216,5.5201,0.0,False,False,,5.1232,2,zone_move_3->2
Бендеры,Хомутяновка,улица Гоголя,50,3,5.4507,2.9119,5.159,5.447,0.0,False,False,,5.0662,2,zone_move_3->2
Бендеры,Хомутяновка,улица Гоголя,51,3,5.5415,2.8954,5.234,5.5379,0.0,False,False,,5.141,2,zone_move_3->2
Бендеры,Хомутяновка,улица Гоголя,52,3,5.4331,2.9295,5.147,5.4294,0.0,False,False,,5.0539,2,zone_move_3->2
Бендеры,Хомутяновка,улица Гоголя,53,3,5.4509,2.9117,5.16,5.4472,0.0,False,False,,5.0664,2,zone_move_3->2
Бендеры,Хомутяновка,улица Гоголя,54,3,5.4157,2.9468,5.135,5.4121,0.0,False,False,,5.0418,2,zone_move_3->2
Бендеры,Хомутяновка,улица Гоголя,55,3,5.4364,2.9262,5.149,5.4328,0.0,False,False,,5.0563,2,zone_move_3->2
Бендеры,Хомутяновка,улица Гоголя,56,3,5.3995,2.963,5.123,5.3959,0.0,False,False,,5.0305,2,zone_move_3->2
Бендеры,Хомутяновка,улица Гоголя,57,3,5.4167,2.9459,5.136,5.413,0.0,False,False,,5.0424,2,zone_move_3->2
Бендеры,Хомутяновка,улица Гоголя,58,3,5.3841,3.1204,5.134,5.3805,0.0,False,False,,5.041,2,zone_move_3->2
Бендеры,Хомутяновка,улица Гоголя,59,3,5.3969,2.9657,5.122,5.3932,0.0,False,False,,5.0286,2,zone_move_3->2
Бендеры,Хомутяновка,улица Гоголя,60,3,5.3646,3.1009,5.114,5.3609,0.0,False,False,,5.0214,2,zone_move_3->2
Бендеры,Хомутяновка,улица Гоголя,61,3,5.3819,3.1181,5.132,5.3782,0.0,False,False,,5.0387,2,zone_move_3->2
Бендеры,Хомутяновка,улица Гоголя,62,3,5.3445,3.0808,5.095,5.3408,0.0,False,False,,5.0013,2,zone_move_3->2
Бендеры,Хомутяновка,улица Гоголя,63,3,5.363,3.0993,5.113,5.3593,0.0,False,False,,5.0198,2,zone_move_3->2
Бендеры,Хомутяновка,улица Гоголя,65,3,5.347,3.0833,5.097,5.3433,0.0,False,False,,5.0038,2,zone_move_3->2
Бендеры,Хомутяновка,улица Гоголя,68,3,5.3568,3.0931,5.107,5.3531,0.0,False,False,,5.0136,2,zone_move_3->2
Бендеры,Хомутяновка,улица Гоголя,69,3,5.3609,3.0972,5.111,5.3572,0.0,False,False,,5.0177,2,zone_move_3->2
Бендеры,Хомутяновка,улица Гоголя,70,3,5.3687,3.105,5.119,5.365,0.0,False,False,,5.0255,2,zone_move_3->2
Бендеры,Хомутяновка,улица Гоголя,73,3,5.3754,3.1117,5.126,5.3717,0.0,False,False,,5.0322,2,zone_move_3->2
Бендеры,Хомутяновка,улица Дзержинского,12,1,1.4457,4.1812,1.782,1.4438,0.0,False,False,,1.8537,1,
Бендеры,Хомутяновка,улица Дзержинского,36,1,1.2239,3.9594,1.561,1.222,0.0,False,False,,1.6319,1,
Бендеры,Хомутяновка,улица Дзержинского,38,1,1.2567,3.9921,1.593,1.2547,0.0,False,False,,1.6646,1,
Бендеры,Хомутяновка,улица Дзержинского,42,1,1.3203,4.0558,1.656,1.3184,0.0,False,False,,1.7283,1,
Бендеры,Хомутяновка,улица Дзержинского,42A,1,1.2967,4.0321,1.633,1.2947,0.0,False,False,,1.7046,1,
Бендеры,Хомутяновка,улица Дзержинского,46,1,1.507,4.2424,1.843,1.5051,0.0,False,False,,1.915,1,
Бендеры,Хомутяновка,улица Добродеева,1,3,4.8947,2.98,4.697,4.8916,0.0,False,False,,4.6045,2,zone_move_3->2
Бендеры,Хомутяновка,улица Добродеева,2,3,5.1058,3.1912,4.908,5.1022,0.0,False,False,,4.8151,2,zone_move_3->2
Бендеры,Хомутяновка,улица Добродеева,3,3,4.9091,2.9945,4.712,4.9061,0.0,False,False,,4.619,2,zone_move_3->2
Бендеры,Хомутяновка,улица Добродеева,4,3,5.3125,3.573,5.141,5.3084,0.0,False,False,,5.0475,2,zone_move_3->2
Бендеры,Хомутяновка,улица Добродеева,5,3,4.9236,3.009,4.726,4.9205,0.0,False,False,,4.6334,2,zone_move_3->2
Бендеры,Хомутяновка,улица Добродеева,7,3,4.9363,3.0216,4.739,4.9331,0.0,False,False,,4.646,2,zone_move_3->2
Бендеры,Хомутяновка,улица Добродеева,9,3,4.9503,3.0356,4.753,4.9471,0.0,False,False,,4.66,2,zone_move_3->2
Бендеры,Хомутяновка,улица Добродеева,11,3,4.9644,3.0498,4.767,4.9612,0.0,False,False,,4.6741,2,zone_move_3->2
Бендеры,Хомутяновка,улица Добродеева,13,3,4.9788,3.0642,4.781,4.9756,0.0,False,False,,4.6885,2,zone_move_3->2
Бендеры,Хомутяновка,улица Добродеева,15,3,4.9915,3.0768,4.794,4.9882,0.0,False,False,,4.7011,2,zone_move_3->2
Бендеры,Хомутяновка,улица Добродеева,17,3,5.0049,3.0902,4.807,5.0015,0.0,False,False,,4.7144,2,zone_move_3->2
Бендеры,Хомутяновка,улица Добродеева,19,3,5.0161,3.1014,4.818,5.0127,0.0,False,False,,4.7256,2,zone_move_3->2
Бендеры,Хомутяновка,улица Добродеева,21,3,5.0927,3.178,4.895,5.0891,0.0,False,False,,4.802,2,zone_move_3->2
Бендеры,Хомутяновка,улица Добродеева,23,3,5.1071,3.1924,4.91,5.1035,0.0,False,False,,4.8164,2,zone_move_3->2
Бендеры,Хомутяновка,улица Добродеева,25,3,5.1219,3.2073,4.924,5.1183,0.0,False,False,,4.8312,2,zone_move_3->2
Бендеры,Хомутяновка,улица Добродеева,27,3,5.135,3.2203,4.938,5.1313,0.0,False,False,,4.8442,2,zone_move_3->2
Бендеры,Хомутяновка,улица Добродеева,29,3,5.1498,3.2352,4.952,5.1461,0.0,False,False,,4.859,2,zone_move_3->2
Бендеры,Хомутяновка,улица Добродеева,31,3,5.165,3.2504,4.967,5.1613,0.0,False,False,,4.8742,2,zone_move_3->2
Бендеры,Хомутяновка,улица Добродеева,33,3,5.1921,3.2774,4.995,5.1882,0.0,False,False,,4.9011,2,zone_move_3->2
Бендеры,Хомутяновка,улица Добродеева,35,3,5.2635,3.3537,5.067,5.2595,0.0,False,False,,4.9731,2,zone_move_3->2
Бендеры,Хомутяновка,улица Добродеева,37,3,5.3275,3.588,5.157,5.3234,0.0,False,False,,5.0625,2,zone_move_3->2
Бендеры,Хомутяновка,улица Добродеева,59,3,5.2514,3.3008,5.049,5.2474,0.0,False,False,,4.9549,2,zone_move_3->2
Бендеры,Хомутяновка,улица Добродеева,79,3,5.0153,3.1006,4.818,5.0119,0.0,False,False,,4.7248,2,zone_move_3->2
Бендеры,Хомутяновка,улица Добродеева,79а,3,4.9258,3.0112,4.728,4.9227,0.0,False,False,,4.6356,2,zone_move_3->2
Бендеры,Хомутяновка,улица Добродеева,81,3,5.0273,3.1126,4.83,5.0239,0.0,False,False,,4.7368,2,zone_move_3->2
Бендеры,Хомутяновка,улица Добродеева,82,3,5.0694,3.1547,4.872,5.0659,0.0,False,False,,4.7788,2,zone_move_3->2
Бендеры,Хомутяновка,улица Добродеева,84,3,5.0706,3.1559,4.873,5.0671,0.0,False,False,,4.78,2,zone_move_3->2
Бендеры,Хомутяновка,улица Добродеева,116,3,4.8939,2.8916,4.683,4.891,0.0,False,False,,4.5907,2,zone_move_3->2
Бендеры,Хомутяновка,улица Добродеева,118,3,4.8776,2.9079,4.672,4.8747,0.0,False,False,,4.5793,2,zone_move_3->2
Бендеры,Хомутяновка,улица Добродеева,120,3,4.8706,2.956,4.673,4.8676,0.0,False,False,,4.5805,2,zone_move_3->2
Бендеры,Хомутяновка,улица Добродеева,122,3,4.833,2.9525,4.64,4.8301,0.0,False,False,,4.5481,2,zone_move_3->2
Бендеры,Хомутяновка,улица Добродеева,122,3,4.8708,2.9561,4.64,4.8678,0.0,False,False,,4.5807,2,zone_move_3->2
Бендеры,Хомутяновка,улица Добродеева,124,3,4.8178,2.9677,4.63,4.8149,0.0,False,False,,4.5374,2,zone_move_3->2
Бендеры,Хомутяновка,улица Ивана Шимкова,52,3,5.9985,2.1151,5.506,5.9953,0.0,False,False,,5.4128,2,zone_move_3->2
Бендеры,Хомутяновка,улица Ивана Шимкова,52а,3,6.0217,1.9788,5.505,6.0186,0.0,False,False,,5.4122,2,zone_move_3->2
Бендеры,Хомутяновка,улица Интернационалистов,5,4,7.2531,3.3696,6.76,7.2476,0.0,False,False,,6.6651,3,zone_move_4->3
Бендеры,Хомутяновка,улица Интернационалистов,7,4,7.1343,3.2508,6.642,7.1287,0.0,False,False,,6.5462,3,zone_move_4->3
Бендеры,Хомутяновка,улица Интернационалистов,9,4,7.3109,3.4274,6.818,7.3052,0.0,False,False,,6.7227,3,zone_move_4->3
Бендеры,Хомутяновка,улица Интернационалистов,11,4,7.1755,3.292,6.683,7.1698,0.0,False,False,,6.5873,3,zone_move_4->3
Бендеры,Хомутяновка,улица Интернационалистов,13,4,7.2609,3.3774,6.768,7.255,0.0,False,False,,6.6725,3,zone_move_4->3
Бендеры,Хомутяновка,улица Интернационалистов,13а,4,6.6682,3.438,6.274,6.3909,0.2718,True,True,"[29.448118, 46.828936]",6.3322,3,route_leaves_and_reenters_city;zone_move_4->3;in_city_address_with_outside_route_segment
Бендеры,Хомутяновка,улица Интернационалистов,13б,4,6.6479,3.4177,6.253,6.3706,0.2718,True,True,"[29.448118, 46.828936]",6.3119,3,route_leaves_and_reenters_city;zone_move_4->3;in_city_address_with_outside_route_segment
Бендеры,Хомутяновка,улица Интернационалистов,15,4,6.3696,3.4715,6.024,6.3646,0.0,False,False,,5.9298,2,zone_move_4->2
Бендеры,Хомутяновка,улица Калашникова,3,3,4.6192,3.6719,4.587,4.6157,0.0,False,False,,4.4737,2,zone_move_3->2
Бендеры,Хомутяновка,улица Калашникова,4,3,4.6623,3.715,4.63,4.6587,0.0,False,False,,4.5167,2,zone_move_3->2
Бендеры,Хомутяновка,улица Калашникова,5,3,4.6381,3.6908,4.606,4.6345,0.0,False,False,,4.4925,2,zone_move_3->2
Бендеры,Хомутяновка,улица Калашникова,6,3,4.7323,3.785,4.679,4.7287,0.0,False,False,,4.5867,2,zone_move_3->2
Бендеры,Хомутяновка,улица Калашникова,6а,3,4.7858,3.8384,4.754,4.782,0.0,False,False,,4.64,2,zone_move_3->2
Бендеры,Хомутяновка,улица Калашникова,7,3,4.6489,3.7016,4.617,4.6453,0.0,False,False,,4.5033,2,zone_move_3->2
Бендеры,Хомутяновка,улица Калашникова,8,3,4.8956,3.7896,4.848,4.8918,0.0,False,False,,4.7259,2,zone_move_3->2
Бендеры,Хомутяновка,улица Калашникова,8,3,4.9323,3.7529,4.848,4.9285,0.0,False,False,,4.7516,2,zone_move_3->2
Бендеры,Хомутяновка,улица Калашникова,9,3,4.6602,3.7128,4.629,4.6566,0.0,False,False,,4.5146,2,zone_move_3->2
Бендеры,Хомутяновка,улица Калашникова,11,3,4.6772,3.7299,4.645,4.6736,0.0,False,False,,4.5316,2,zone_move_3->2
Бендеры,Хомутяновка,улица Калашникова,12,3,5.0328,3.7657,4.969,5.0289,0.0,False,False,,4.8388,2,zone_move_3->2
Бендеры,Хомутяновка,улица Калашникова,13,3,4.6907,3.7434,4.659,4.6871,0.0,False,False,,4.5451,2,zone_move_3->2
Бендеры,Хомутяновка,улица Калашникова,14а,3,5.5804,3.8409,5.409,5.5756,0.0,False,False,,5.3147,2,zone_move_3->2
Бендеры,Хомутяновка,улица Калашникова,15,3,4.7093,3.762,4.677,4.7057,0.0,False,False,,4.5637,2,zone_move_3->2
Бендеры,Хомутяновка,улица Калашникова,17,3,4.7321,3.7848,4.7,4.7285,0.0,False,False,,4.5865,2,zone_move_3->2
Бендеры,Хомутяновка,улица Калашникова,19,3,4.7426,3.7952,4.711,4.7389,0.0,False,False,,4.5969,2,zone_move_3->2
Бендеры,Хомутяновка,улица Калашникова,21,3,4.7974,3.7302,4.753,4.7936,0.0,False,False,,4.6335,2,zone_move_3->2
Бендеры,Хомутяновка,улица Калашникова,22,3,5.4833,3.7437,5.312,5.4785,0.0,False,False,,5.2176,2,zone_move_3->2
Бендеры,Хомутяновка,улица Калашникова,23,3,4.8246,3.7029,4.775,4.8209,0.0,False,False,,4.6527,2,zone_move_3->2
Бендеры,Хомутяновка,улица Калашникова,25,3,4.7956,3.6129,4.74,4.7919,0.0,False,False,,4.6146,2,zone_move_3->2
Бендеры,Хомутяновка,улица Калашникова,25,3,4.8399,3.6912,4.74,4.8361,0.0,False,False,,4.6638,2,zone_move_3->2
Бендеры,Хомутяновка,улица Калашникова,29,3,4.8629,3.7142,4.811,4.8591,0.0,False,False,,4.6868,2,zone_move_3->2
Бендеры,Хомутяновка,улица Калашникова,31,3,4.8789,3.7303,4.827,4.8751,0.0,False,False,,4.7028,2,zone_move_3->2
Бендеры,Хомутяновка,улица Калашникова,33,3,4.8961,3.7892,4.848,4.8922,0.0,False,False,,4.7262,2,zone_move_3->2
Бендеры,Хомутяновка,улица Калашникова,35,3,4.9231,3.7622,4.87,4.9192,0.0,False,False,,4.7451,2,zone_move_3->2
Бендеры,Хомутяновка,улица Калашникова,37,3,4.9391,3.7461,4.883,4.9353,0.0,False,False,,4.7563,2,zone_move_3->2
Бендеры,Хомутяновка,улица Калашникова,39,3,4.9581,3.7272,4.898,4.9542,0.0,False,False,,4.7696,2,zone_move_3->2
Бендеры,Хомутяновка,улица Калашникова,41,3,5.0014,3.7344,4.938,4.9975,0.0,False,False,,4.8074,2,zone_move_3->2
Бендеры,Хомутяновка,улица Калашникова,43,3,5.0082,3.7411,4.944,5.0043,0.0,False,False,,4.8142,2,zone_move_3->2
Бендеры,Хомутяновка,улица Калашникова,44,4,6.1033,3.3425,5.779,5.8467,0.2516,True,True,"[29.45035, 46.824986]",5.8266,2,route_leaves_and_reenters_city;zone_move_4->2;in_city_address_with_outside_route_segment
Бендеры,Хомутяновка,улица Калашникова,45,3,5.026,3.759,4.962,5.0221,0.0,False,False,,4.832,2,zone_move_3->2
Бендеры,Хомутяновка,улица Калашникова,46,4,6.0401,3.2793,5.715,5.7835,0.2516,True,True,"[29.45035, 46.824986]",5.7634,2,route_leaves_and_reenters_city;zone_move_4->2;in_city_address_with_outside_route_segment
Бендеры,Хомутяновка,улица Калашникова,47,3,5.046,3.8646,4.959,5.042,0.0,False,False,,4.8647,2,zone_move_3->2
Бендеры,Хомутяновка,улица Калашникова,48,4,6.0548,3.294,5.73,5.7981,0.2516,True,True,"[29.45035, 46.824986]",5.778,2,route_leaves_and_reenters_city;zone_move_4->2;in_city_address_with_outside_route_segment
Бендеры,Хомутяновка,улица Калашникова,49,3,5.5935,3.854,5.422,5.5887,0.0,False,False,,5.3278,2,zone_move_3->2
Бендеры,Хомутяновка,улица Калашникова,50,4,6.0786,3.3177,5.754,5.8219,0.2516,True,True,"[29.45035, 46.824986]",5.8018,2,route_leaves_and_reenters_city;zone_move_4->2;in_city_address_with_outside_route_segment
Бендеры,Хомутяновка,улица Калашникова,53,3,5.5674,3.8279,5.396,5.5625,0.0,False,False,,5.3016,2,zone_move_3->2
Бендеры,Хомутяновка,улица Калашникова,54,4,6.0963,3.3355,5.772,5.8396,0.2516,True,True,"[29.45035, 46.824986]",5.8195,2,route_leaves_and_reenters_city;zone_move_4->2;in_city_address_with_outside_route_segment
Бендеры,Хомутяновка,улица Калашникова,55,3,5.5567,3.8172,5.385,5.5519,0.0,False,False,,5.291,2,zone_move_3->2
Бендеры,Хомутяновка,улица Калашникова,56,4,6.1101,3.3493,5.785,5.8535,0.2516,True,True,"[29.45035, 46.824986]",5.8334,2,route_leaves_and_reenters_city;zone_move_4->2;in_city_address_with_outside_route_segment
Бендеры,Хомутяновка,улица Калашникова,57,3,5.5363,3.7968,5.365,5.5315,0.0,False,False,,5.2706,2,zone_move_3->2
Бендеры,Хомутяновка,улица Калашникова,58,4,6.1239,3.3631,5.8,5.8673,0.2516,True,True,"[29.45035, 46.824986]",5.8472,2,route_leaves_and_reenters_city;zone_move_4->2;in_city_address_with_outside_route_segment
Бендеры,Хомутяновка,улица Калашникова,60,4,6.1373,3.3765,5.813,5.8806,0.2516,True,True,"[29.45035, 46.824986]",5.8605,2,route_leaves_and_reenters_city;zone_move_4->2;in_city_address_with_outside_route_segment
Бендеры,Хомутяновка,улица Калашникова,62,4,6.1535,3.3926,5.829,5.8968,0.2516,True,True,"[29.45035, 46.824986]",5.8767,2,route_leaves_and_reenters_city;zone_move_4->2;in_city_address_with_outside_route_segment
Бендеры,Хомутяновка,улица Калашникова,64,4,6.1678,3.415,5.844,5.9111,0.2516,True,True,"[29.45035, 46.824986]",5.8922,2,route_leaves_and_reenters_city;zone_move_4->2;in_city_address_with_outside_route_segment
Бендеры,Хомутяновка,улица Калашникова,66,4,6.1791,3.4037,5.853,5.9225,0.2516,True,True,"[29.45035, 46.824986]",5.9002,2,route_leaves_and_reenters_city;zone_move_4->2;in_city_address_with_outside_route_segment
Бендеры,Хомутяновка,улица Калашникова,68,4,6.3229,3.3875,5.972,6.3179,0.0,False,False,,5.8775,2,zone_move_4->2
Бендеры,Хомутяновка,улица Калашникова,70,4,6.3064,3.371,5.956,6.3014,0.0,False,False,,5.861,2,zone_move_4->2
Бендеры,Хомутяновка,улица Калашникова,72,4,6.29,3.3546,5.94,6.285,0.0,False,False,,5.8446,2,zone_move_4->2
Бендеры,Хомутяновка,улица Кошевого,1,4,6.0415,3.1061,5.691,6.037,0.0,False,False,,5.5966,2,zone_move_4->2
Бендеры,Хомутяновка,улица Кошевого,1а,4,6.0135,3.0781,5.662,6.0091,0.0,False,False,,5.5687,2,zone_move_4->2
Бендеры,Хомутяновка,улица Кошевого,3,4,6.1056,3.1703,5.755,6.101,0.0,False,False,,5.6606,2,zone_move_4->2
Бендеры,Хомутяновка,улица Кошевого,4,4,5.9412,3.0058,5.591,5.9369,0.0,False,False,,5.4965,2,zone_move_4->2
Бендеры,Хомутяновка,улица Кошевого,5,4,6.1209,3.1855,5.77,6.1163,0.0,False,False,,5.6759,2,zone_move_4->2
Бендеры,Хомутяновка,улица Кошевого,6,4,5.9684,3.033,5.617,5.964,0.0,False,False,,5.5236,2,zone_move_4->2
Бендеры,Хомутяновка,улица Кошевого,7,4,6.0385,3.2025,5.703,5.7818,0.2516,True,True,"[29.45035, 46.824986]",5.7505,2,route_leaves_and_reenters_city;zone_move_4->2;in_city_address_with_outside_route_segment
Бендеры,Хомутяновка,улица Кошевого,8,4,5.9848,3.0494,5.634,5.9804,0.0,False,False,,5.54,2,zone_move_4->2
Бендеры,Хомутяновка,улица Кошевого,9,4,6.0259,3.2152,5.694,5.7691,0.2516,True,True,"[29.45035, 46.824986]",5.7416,2,route_leaves_and_reenters_city;zone_move_4->2;in_city_address_with_outside_route_segment
Бендеры,Хомутяновка,улица Кошевого,10,4,6.0065,3.0711,5.656,6.0021,0.0,False,False,,5.5617,2,zone_move_4->2
Бендеры,Хомутяновка,улица Кошевого,10а,4,6.0357,3.1003,5.684,6.0312,0.0,False,False,,5.5908,2,zone_move_4->2
Бендеры,Хомутяновка,улица Кошевого,14,4,6.0778,3.1424,5.712,6.0732,0.0,False,False,,5.6328,2,zone_move_4->2
Бендеры,Хомутяновка,улица Кошевого,14,4,6.0511,3.19,5.712,5.7943,0.2516,True,True,"[29.45035, 46.824986]",5.7592,2,route_leaves_and_reenters_city;zone_move_4->2;in_city_address_with_outside_route_segment
Бендеры,Хомутяновка,улица Кошевого,16,4,6.0317,3.2093,5.698,5.775,0.2516,True,True,"[29.45035, 46.824986]",5.7457,2,route_leaves_and_reenters_city;zone_move_4->2;in_city_address_with_outside_route_segment
Бендеры,Хомутяновка,улица Кошевого,38,4,6.0665,3.3591,5.75,5.7443,0.317,True,False,"[29.45035, 46.824986]",5.8466,2,zone_move_4->2;in_city_address_with_outside_route_segment
Бендеры,Хомутяновка,улица Кошевого,42,4,5.9944,3.2869,5.678,5.7443,0.2451,True,False,"[29.45035, 46.824986]",5.7267,2,zone_move_4->2;in_city_address_with_outside_route_segment
Бендеры,Хомутяновка,улица Крянгэ,1,3,5.3403,3.6008,5.169,5.3363,0.0,False,False,,5.0754,2,zone_move_3->2
Бендеры,Хомутяновка,улица Крянгэ,6,3,5.3158,3.5762,5.145,5.3117,0.0,False,False,,5.0508,2,zone_move_3->2
Бендеры,Хомутяновка,улица Крянгэ,7,3,5.4947,3.1559,5.233,5.4906,0.0,False,False,,5.1397,2,zone_move_3->2
Бендеры,Хомутяновка,улица Крянгэ,8,3,5.3312,3.5917,5.16,5.3271,0.0,False,False,,5.0662,2,zone_move_3->2
Бендеры,Хомутяновка,улица Крянгэ,10,3,5.3482,3.6087,5.177,5.3441,0.0,False,False,,5.0832,2,zone_move_3->2
Бендеры,Хомутяновка,улица Крянгэ,12,3,5.3655,3.626,5.194,5.3615,0.0,False,False,,5.1006,2,zone_move_3->2
Бендеры,Хомутяновка,улица Крянгэ,13,3,5.6992,3.1187,5.402,5.6951,0.0,False,False,,5.3079,2,zone_move_3->2
Бендеры,Хомутяновка,улица Крянгэ,14,3,5.38,3.6405,5.209,5.376,0.0,False,False,,5.1151,2,zone_move_3->2
Бендеры,Хомутяновка,улица Крянгэ,15,3,5.704,3.0665,5.398,5.6998,0.0,False,False,,5.3041,2,zone_move_3->2
Бендеры,Хомутяновка,улица Крянгэ,17,3,5.7469,3.1094,5.441,5.7427,0.0,False,False,,5.347,2,zone_move_3->2
Бендеры,Хомутяновка,улица Крянгэ,20,3,5.4443,3.2062,5.198,5.4403,0.0,False,False,,5.1045,2,zone_move_3->2
Бендеры,Хомутяновка,улица Крянгэ,22,3,5.4611,3.1894,5.21,5.4571,0.0,False,False,,5.1162,2,zone_move_3->2
Бендеры,Хомутяновка,улица Крянгэ,24,3,5.4795,3.1711,5.223,5.4755,0.0,False,False,,5.1291,2,zone_move_3->2
Бендеры,Хомутяновка,улица Крянгэ,34,3,5.5671,3.0834,5.284,5.5631,0.0,False,False,,5.1904,2,zone_move_3->2
Бендеры,Хомутяновка,улица Крянгэ,36,3,5.5824,3.0681,5.295,5.5784,0.0,False,False,,5.2012,2,zone_move_3->2
Бендеры,Хомутяновка,улица Крянгэ,40,3,5.75,3.0357,5.433,5.7458,0.0,False,False,,5.3386,2,zone_move_3->2
Бендеры,Хомутяновка,улица Крянгэ,42,3,5.7069,2.9927,5.389,5.7029,0.0,False,False,,5.2956,2,zone_move_3->2
Бендеры,Хомутяновка,улица Крянгэ,44,4,5.9673,2.8725,5.593,5.963,0.0,False,False,,5.4987,2,zone_move_4->2
Бендеры,Хомутяновка,улица Куйбышева,1,3,4.6871,3.8125,4.662,4.6832,0.0,False,False,,4.5521,2,zone_move_3->2
Бендеры,Хомутяновка,улица Куйбышева,2,3,4.6771,3.8026,4.653,4.6733,0.0,False,False,,4.5422,2,zone_move_3->2
Бендеры,Хомутяновка,улица Куйбышева,4,3,4.6947,3.8201,4.67,4.6908,0.0,False,False,,4.5597,2,zone_move_3->2
Бендеры,Хомутяновка,улица Куйбышева,5,3,4.7525,3.878,4.727,4.7486,0.0,False,False,,4.6175,2,zone_move_3->2
Бендеры,Хомутяновка,улица Куйбышева,6,3,4.7121,3.8375,4.687,4.7082,0.0,False,False,,4.5771,2,zone_move_3->2
Бендеры,Хомутяновка,улица Куйбышева,7,3,4.7717,3.8971,4.747,4.7677,0.0,False,False,,4.6366,2,zone_move_3->2
Бендеры,Хомутяновка,улица Куйбышева,8,3,4.7255,3.8509,4.701,4.7216,0.0,False,False,,4.5905,2,zone_move_3->2
Бендеры,Хомутяновка,улица Куйбышева,9,3,4.7908,3.9162,4.766,4.7868,0.0,False,False,,4.6557,2,zone_move_3->2
Бендеры,Хомутяновка,улица Куйбышева,10,3,4.752,3.8774,4.728,4.7481,0.0,False,False,,4.617,2,zone_move_3->2
Бендеры,Хомутяновка,улица Куйбышева,11,3,4.8128,3.9382,4.788,4.8088,0.0,False,False,,4.6777,2,zone_move_3->2
Бендеры,Хомутяновка,улица Куйбышева,12,3,4.7746,3.9,4.75,4.7706,0.0,False,False,,4.6395,2,zone_move_3->2
Бендеры,Хомутяновка,улица Куйбышева,13,3,4.8353,3.9607,4.81,4.8313,0.0,False,False,,4.7002,2,zone_move_3->2
Бендеры,Хомутяновка,улица Куйбышева,14,3,4.7991,3.9245,4.774,4.7951,0.0,False,False,,4.664,2,zone_move_3->2
Бендеры,Хомутяновка,улица Куйбышева,15,3,4.9953,4.0401,4.828,4.9912,0.0,False,False,,4.8478,2,zone_move_3->2
Бендеры,Хомутяновка,улица Куйбышева,15,3,4.8526,3.978,4.828,4.8486,0.0,False,False,,4.7175,2,zone_move_3->2
Бендеры,Хомутяновка,улица Куйбышева,16,3,4.8173,3.9427,4.792,4.8133,0.0,False,False,,4.6822,2,zone_move_3->2
Бендеры,Хомутяновка,улица Куйбышева,17,3,4.8689,3.9943,4.844,4.8648,0.0,False,False,,4.7337,2,zone_move_3->2
Бендеры,Хомутяновка,улица Куйбышева,18,3,4.8459,3.9713,4.822,4.8419,0.0,False,False,,4.7108,2,zone_move_3->2
Бендеры,Хомутяновка,улица Куйбышева,19,3,4.8986,4.024,4.874,4.8945,0.0,False,False,,4.7634,2,zone_move_3->2
Бендеры,Хомутяновка,улица Куйбышева,20,3,4.8689,3.9943,4.845,4.8648,0.0,False,False,,4.7337,2,zone_move_3->2
Бендеры,Хомутяновка,улица Куйбышева,21,3,4.9244,4.111,4.905,4.9203,0.0,False,False,,4.7982,2,zone_move_3->2
Бендеры,Хомутяновка,улица Куйбышева,22,3,4.8921,4.0176,4.868,4.8881,0.0,False,False,,4.757,2,zone_move_3->2
Бендеры,Хомутяновка,улица Куйбышева,23,3,4.9459,4.0895,4.923,4.9418,0.0,False,False,,4.8133,2,zone_move_3->2
Бендеры,Хомутяновка,улица Куйбышева,24,3,4.9123,4.1231,4.896,4.9082,0.0,False,False,,4.7897,2,zone_move_3->2
Бендеры,Хомутяновка,улица Куйбышева,25,3,4.9648,4.0706,4.938,4.9606,0.0,False,False,,4.8264,2,zone_move_3->2
Бендеры,Хомутяновка,улица Куйбышева,26,3,4.9262,4.1091,4.908,4.9221,0.0,False,False,,4.7994,2,zone_move_3->2
Бендеры,Хомутяновка,улица Куйбышева,27,3,4.9863,4.0491,4.955,4.9822,0.0,False,False,,4.8415,2,zone_move_3->2
Бендеры,Хомутяновка,улица Куйбышева,28,3,4.9411,4.0943,4.919,4.937,0.0,False,False,,4.8099,2,zone_move_3->2
Бендеры,Хомутяновка,улица Куйбышева,29,3,5.007,4.0284,4.972,5.0028,0.0,False,False,,4.8559,2,zone_move_3->2
Бендеры,Хомутяновка,улица Куйбышева,30,3,4.9581,4.0773,4.933,4.954,0.0,False,False,,4.8218,2,zone_move_3->2
Бендеры,Хомутяновка,улица Куйбышева,31,3,5.0202,4.0151,4.982,5.0161,0.0,False,False,,4.8653,2,zone_move_3->2
Бендеры,Хомутяновка,улица Куйбышева,32,3,4.9716,4.0638,4.943,4.9674,0.0,False,False,,4.8312,2,zone_move_3->2
Бендеры,Хомутяновка,улица Куйбышева,33,3,5.0466,3.9888,5.004,5.0424,0.0,False,False,,4.8837,2,zone_move_3->2
Бендеры,Хомутяновка,улица Куйбышева,34,3,4.9958,4.0395,4.963,4.9917,0.0,False,False,,4.8482,2,zone_move_3->2
Бендеры,Хомутяновка,улица Куйбышева,35,3,5.7085,3.969,5.537,5.7035,0.0,False,False,,5.4426,2,zone_move_3->2
Бендеры,Хомутяновка,улица Куйбышева,37,3,5.6594,3.9199,5.489,5.6544,0.0,False,False,,5.3935,2,zone_move_3->2
Бендеры,Хомутяновка,улица Куйбышева,37а,3,5.6852,3.9457,5.514,5.6802,0.0,False,False,,5.4193,2,zone_move_3->2
Бендеры,Хомутяновка,улица Куйбышева,39,3,5.6272,3.8876,5.456,5.6222,0.0,False,False,,5.3613,2,zone_move_3->2
Бендеры,Хомутяновка,улица Куйбышева,40,3,5.06,3.9754,4.987,5.0558,0.0,False,False,,4.893,2,zone_move_3->2
Бендеры,Хомутяновка,улица Куйбышева,42,3,5.6987,3.9592,5.527,5.6937,0.0,False,False,,5.4328,2,zone_move_3->2
Бендеры,Хомутяновка,улица Куйбышева,44,3,5.6735,3.934,5.502,5.6685,0.0,False,False,,5.4076,2,zone_move_3->2
Бендеры,Хомутяновка,улица Куйбышева,46,3,5.6593,3.9198,5.488,5.6543,0.0,False,False,,5.3934,2,zone_move_3->2
Бендеры,Хомутяновка,улица Куйбышева,48,3,5.6302,3.8907,5.459,5.6253,0.0,False,False,,5.3644,2,zone_move_3->2
Бендеры,Хомутяновка,улица Куйбышева,50,3,5.6046,3.8651,5.434,5.5997,0.0,False,False,,5.3388,2,zone_move_3->2
Бендеры,Хомутяновка,улица Куйбышева,51,3,5.6755,3.936,5.504,5.6705,0.0,False,False,,5.4096,2,zone_move_3->2
Бендеры,Хомутяновка,улица Куйбышева,52,3,5.5404,3.8009,5.37,5.5355,0.0,False,False,,5.2746,2,zone_move_3->2
Бендеры,Хомутяновка,улица Лермонтова,2,3,5.9502,2.8555,5.576,5.946,0.0,False,False,,5.4817,2,zone_move_3->2
Бендеры,Хомутяновка,улица Лермонтова,4,3,5.7899,2.9228,5.45,5.7856,0.0,False,False,,5.3555,2,zone_move_3->2
Бендеры,Хомутяновка,улица Лермонтова,5,4,5.9526,3.3065,5.645,5.9482,0.0,False,False,,5.5513,2,zone_move_4->2
Бендеры,Хомутяновка,улица Лермонтова,7,3,5.9277,2.8329,5.553,5.9235,0.0,False,False,,5.4592,2,zone_move_3->2
Бендеры,Хомутяновка,улица Лермонтова,9,3,5.9415,2.8468,5.567,5.9374,0.0,False,False,,5.4731,2,zone_move_3->2
Бендеры,Хомутяновка,улица Лермонтова,11,3,5.8079,2.8668,5.456,5.8036,0.0,False,False,,5.3624,2,zone_move_3->2
Бендеры,Хомутяновка,улица Лермонтова,13,3,5.7893,2.8853,5.443,5.7851,0.0,False,False,,5.3495,2,zone_move_3->2
Бендеры,Хомутяновка,улица Лермонтова,15,3,5.7735,2.9011,5.432,5.7693,0.0,False,False,,5.3384,2,zone_move_3->2
Бендеры,Хомутяновка,улица Лермонтова,16,3,5.7199,2.9548,5.394,5.7156,0.0,False,False,,5.3008,2,zone_move_3->2
Бендеры,Хомутяновка,улица Лермонтова,17,3,5.7549,2.9197,5.419,5.7507,0.0,False,False,,5.3254,2,zone_move_3->2
Бендеры,Хомутяновка,улица Лермонтова,18,3,5.5622,3.0068,5.268,5.5584,0.0,False,False,,5.175,2,zone_move_3->2
Бендеры,Хомутяновка,улица Лермонтова,18,3,5.7204,2.9542,5.268,5.7162,0.0,False,False,,5.3012,2,zone_move_3->2
Бендеры,Хомутяновка,улица Лермонтова,21,3,5.5608,3.0083,5.268,5.5569,0.0,False,False,,5.1739,2,zone_move_3->2
Бендеры,Хомутяновка,улица Лермонтова,23,3,5.5427,3.0263,5.255,5.5389,0.0,False,False,,5.1613,2,zone_move_3->2
Бендеры,Хомутяновка,улица Лермонтова,24,3,5.5267,3.0424,5.244,5.5228,0.0,False,False,,5.15,2,zone_move_3->2
Бендеры,Хомутяновка,улица Лермонтова,25,3,5.5228,3.0463,5.241,5.5189,0.0,False,False,,5.1473,2,zone_move_3->2
Бендеры,Хомутяновка,улица Лермонтова,29,3,5.4926,3.0765,5.22,5.4887,0.0,False,False,,5.1262,2,zone_move_3->2
Бендеры,Хомутяновка,улица Лермонтова,31,3,5.474,3.0951,5.207,5.4701,0.0,False,False,,5.1132,2,zone_move_3->2
Бендеры,Хомутяновка,улица Лермонтова,33,3,5.4566,3.2978,5.223,5.4527,0.0,False,False,,5.1289,2,zone_move_3->2
Бендеры,Хомутяновка,улица Лермонтова,35,3,5.4423,3.2834,5.208,5.4384,0.0,False,False,,5.1146,2,zone_move_3->2
Бендеры,Хомутяновка,улица Лермонтова,37,3,5.424,3.2652,5.19,5.4201,0.0,False,False,,5.0963,2,zone_move_3->2
Бендеры,Хомутяновка,улица Лермонтова,38,3,5.4143,3.2555,5.18,5.4104,0.0,False,False,,5.0866,2,zone_move_3->2
Бендеры,Хомутяновка,улица Лермонтова,38а,3,5.1612,3.4217,4.99,5.1573,0.0,False,False,,4.8964,2,zone_move_3->2
Бендеры,Хомутяновка,улица Лермонтова,38а,3,5.1753,3.4358,4.99,5.1714,0.0,False,False,,4.9105,2,zone_move_3->2
Бендеры,Хомутяновка,улица Лермонтова,39,3,5.4197,3.2608,5.173,5.4158,0.0,False,False,,5.092,2,zone_move_3->2
Бендеры,Хомутяновка,улица Лермонтова,39,3,5.4072,3.2484,5.173,5.4034,0.0,False,False,,5.0796,2,zone_move_3->2
Бендеры,Хомутяновка,улица Лермонтова,41,3,5.3753,3.2418,5.145,5.3714,0.0,False,False,,5.0514,2,zone_move_3->2
Бендеры,Хомутяновка,улица Лермонтова,43,3,5.3616,3.2555,5.135,5.3578,0.0,False,False,,5.0419,2,zone_move_3->2
Бендеры,Хомутяновка,улица Лермонтова,45,3,5.3479,3.2692,5.126,5.344,0.0,False,False,,5.0322,2,zone_move_3->2
Бендеры,Хомутяновка,улица Лермонтова,49,3,5.3123,3.5728,5.141,5.3084,0.0,False,False,,5.0475,2,zone_move_3->2
Бендеры,Хомутяновка,улица Лермонтова,50,3,5.3014,3.5619,5.13,5.2975,0.0,False,False,,5.0366,2,zone_move_3->2
Бендеры,Хомутяновка,улица Лермонтова,51,3,5.2943,3.5547,5.123,5.2904,0.0,False,False,,5.0295,2,zone_move_3->2
Бендеры,Хомутяновка,улица Лермонтова,56,3,5.2012,3.4617,5.03,5.1973,0.0,False,False,,4.9364,2,zone_move_3->2
Бендеры,Хомутяновка,улица Лермонтова,60,3,5.1595,3.42,4.988,5.1556,0.0,False,False,,4.8947,2,zone_move_3->2
Бендеры,Хомутяновка,улица Ломоносова,1,3,5.7285,3.3076,5.455,5.7241,0.0,False,False,,5.3609,2,zone_move_3->2
Бендеры,Хомутяновка,улица Ломоносова,2,3,5.8003,3.3794,5.527,5.7957,0.0,False,False,,5.4325,2,zone_move_3->2
Бендеры,Хомутяновка,улица Ломоносова,2А,3,5.8162,3.3281,5.533,5.8116,0.0,False,False,,5.4383,2,zone_move_3->2
Бендеры,Хомутяновка,улица Ломоносова,4,3,5.8638,3.2804,5.566,5.8592,0.0,False,False,,5.4716,2,zone_move_3->2
Бендеры,Хомутяновка,улица Ломоносова,6,4,5.888,3.2563,5.583,5.8833,0.0,False,False,,5.4885,2,zone_move_4->2
Бендеры,Хомутяновка,улица Ломоносова,8,4,5.9326,3.2117,5.614,5.9279,0.0,False,False,,5.5197,2,zone_move_4->2
Бендеры,Хомутяновка,улица Ломоносова,12,4,5.9544,3.1899,5.629,5.9497,0.0,False,False,,5.5349,2,zone_move_4->2
Бендеры,Хомутяновка,улица Ломоносова,12,4,6.0078,3.1773,5.629,6.0031,0.0,False,False,,5.5784,2,zone_move_4->2
Бендеры,Хомутяновка,улица Ломоносова,12a,4,5.9678,3.1765,5.639,5.9631,0.0,False,False,,5.5443,2,zone_move_4->2
Бендеры,Хомутяновка,улица Ломоносова,15,4,5.8792,3.2651,5.577,5.8746,0.0,False,False,,5.4824,2,zone_move_4->2
Бендеры,Хомутяновка,улица Ломоносова,16,4,6.0108,3.1803,5.676,6.0061,0.0,False,False,,5.5814,2,zone_move_4->2
Бендеры,Хомутяновка,улица Ломоносова,17,3,5.7467,3.3258,5.473,5.7421,0.0,False,False,,5.3789,2,zone_move_3->2
Бендеры,Хомутяновка,улица Ломоносова,18,4,6.0239,3.1934,5.689,6.0192,0.0,False,False,,5.5945,2,zone_move_4->2
Бендеры,Хомутяновка,улица Ломоносова,19,4,5.9278,3.2165,5.611,5.9231,0.0,False,False,,5.5163,2,zone_move_4->2
Бендеры,Хомутяновка,улица Ломоносова,20,4,6.0608,3.216,5.724,6.0561,0.0,False,False,,5.6293,2,zone_move_4->2
Бендеры,Хомутяновка,улица Ломоносова,21,4,6.0357,3.2051,5.701,6.031,0.0,False,False,,5.6063,2,zone_move_4->2
Бендеры,Хомутяновка,улица Ломоносова,23,4,6.0488,3.228,5.713,6.0441,0.0,False,False,,5.6209,2,zone_move_4->2
Бендеры,Хомутяновка,улица Ломоносова,24,4,6.1657,3.2303,5.815,6.161,0.0,False,False,,5.7206,2,zone_move_4->2
Бендеры,Хомутяновка,улица Ломоносова,25,4,6.0613,3.2154,5.724,6.0567,0.0,False,False,,5.6297,2,zone_move_4->2
Бендеры,Хомутяновка,улица Ломоносова,26,4,6.1807,3.2453,5.83,6.1761,0.0,False,False,,5.7357,2,zone_move_4->2
Бендеры,Хомутяновка,улица Ломоносова,27,4,6.1334,3.198,5.783,6.1287,0.0,False,False,,5.6883,2,zone_move_4->2
Бендеры,Хомутяновка,улица Ломоносова,28,4,6.1998,3.2644,5.849,6.1952,0.0,False,False,,5.7548,2,zone_move_4->2
Бендеры,Хомутяновка,улица Ломоносова,29,4,6.1434,3.208,5.792,6.1387,0.0,False,False,,5.6983,2,zone_move_4->2
Бендеры,Хомутяновка,улица Ломоносова,30,4,6.216,3.2806,5.866,6.2113,0.0,False,False,,5.7709,2,zone_move_4->2
Бендеры,Хомутяновка,улица Ломоносова,31,4,6.1594,3.224,5.809,6.1548,0.0,False,False,,5.7144,2,zone_move_4->2
Бендеры,Хомутяновка,улица Ломоносова,32,4,6.2172,3.2819,5.867,6.2124,0.0,False,False,,5.772,2,zone_move_4->2
Бендеры,Хомутяновка,улица Ломоносова,33,4,6.1722,3.2369,5.822,6.1676,0.0,False,False,,5.7272,2,zone_move_4->2
Бендеры,Хомутяновка,улица Ломоносова,35,4,6.1851,3.2497,5.834,6.1804,0.0,False,False,,5.74,2,zone_move_4->2
Бендеры,Хомутяновка,улица Ломоносова,37,4,6.1998,3.2644,5.849,6.1952,0.0,False,False,,5.7548,2,zone_move_4->2
Бендеры,Хомутяновка,улица Ломоносова,41,4,6.2312,3.2958,5.881,6.2266,0.0,False,False,,5.7862,2,zone_move_4->2
Бендеры,Хомутяновка,улица Ломоносова,45,4,6.2162,3.2808,5.866,6.2113,0.0,False,False,,5.7709,2,zone_move_4->2
Бендеры,Хомутяновка,улица Ломоносова,47,4,6.1953,3.2599,5.844,6.1905,0.0,False,False,,5.7501,2,zone_move_4->2
Бендеры,Хомутяновка,улица Матросова,3,3,5.8646,3.2184,5.557,5.8603,0.0,False,False,,5.4634,2,zone_move_3->2
Бендеры,Хомутяновка,улица Матросова,4,4,5.8878,3.2417,5.581,5.8836,0.0,False,False,,5.4867,2,zone_move_4->2
Бендеры,Хомутяновка,улица Матросова,5,3,5.8612,3.215,5.554,5.8569,0.0,False,False,,5.46,2,zone_move_3->2
Бендеры,Хомутяновка,улица Матросова,6,3,5.8449,3.1988,5.537,5.8407,0.0,False,False,,5.4438,2,zone_move_3->2
Бендеры,Хомутяновка,улица Матросова,7,3,5.8198,3.1737,5.513,5.8156,0.0,False,False,,5.4187,2,zone_move_3->2
Бендеры,Хомутяновка,улица Матросова,8,3,5.8278,3.1817,5.52,5.8236,0.0,False,False,,5.4267,2,zone_move_3->2
Бендеры,Хомутяновка,улица Матросова,9,3,5.8006,3.1545,5.494,5.7964,0.0,False,False,,5.3995,2,zone_move_3->2
Бендеры,Хомутяновка,улица Матросова,10,3,5.7224,3.0762,5.415,5.7181,0.0,False,False,,5.3212,2,zone_move_3->2
Бендеры,Хомутяновка,улица Матросова,10,3,5.8098,3.1636,5.415,5.8056,0.0,False,False,,5.4087,2,zone_move_3->2
Бендеры,Хомутяновка,улица Матросова,11,3,5.7772,3.131,5.47,5.7729,0.0,False,False,,5.376,2,zone_move_3->2
Бендеры,Хомутяновка,улица Матросова,12,3,5.7937,3.1475,5.486,5.7895,0.0,False,False,,5.3926,2,zone_move_3->2
Бендеры,Хомутяновка,улица Матросова,13,3,5.5779,3.1,5.296,5.574,0.0,False,False,,5.2023,2,zone_move_3->2
Бендеры,Хомутяновка,улица Матросова,14,3,5.7767,3.1305,5.469,5.7725,0.0,False,False,,5.3756,2,zone_move_3->2
Бендеры,Хомутяновка,улица Матросова,15,3,5.5332,3.2695,5.283,5.5292,0.0,False,False,,5.1897,2,zone_move_3->2
Бендеры,Хомутяновка,улица Матросова,16,3,5.7549,3.1087,5.448,5.7507,0.0,False,False,,5.3538,2,zone_move_3->2
Бендеры,Хомутяновка,улица Матросова,18,3,5.5873,3.0907,5.303,5.5833,0.0,False,False,,5.2088,2,zone_move_3->2
Бендеры,Хомутяновка,улица Матросова,19,3,5.3047,3.1899,5.077,5.301,0.0,False,False,,4.9838,2,zone_move_3->2
Бендеры,Хомутяновка,улица Матросова,20,3,5.571,3.107,5.291,5.567,0.0,False,False,,5.1974,2,zone_move_3->2
Бендеры,Хомутяновка,улица Матросова,21,3,5.2866,3.208,5.064,5.2829,0.0,False,False,,4.9711,2,zone_move_3->2
Бендеры,Хомутяновка,улица Матросова,22,3,5.5539,3.1241,5.279,5.55,0.0,False,False,,5.1855,2,zone_move_3->2
Бендеры,Хомутяновка,улица Матросова,23,3,5.2701,3.3554,5.072,5.2664,0.0,False,False,,4.9793,2,zone_move_3->2
Бендеры,Хомутяновка,улица Матросова,25,3,5.2503,3.3356,5.053,5.2466,0.0,False,False,,4.9595,2,zone_move_3->2
Бендеры,Хомутяновка,улица Матросова,26,3,5.536,3.2723,5.286,5.5321,0.0,False,False,,5.1926,2,zone_move_3->2
Бендеры,Хомутяновка,улица Матросова,27,3,5.2332,3.3186,5.035,5.2295,0.0,False,False,,4.9424,2,zone_move_3->2
Бендеры,Хомутяновка,улица Матросова,28,3,5.5203,3.2566,5.27,5.5164,0.0,False,False,,5.1769,2,zone_move_3->2
Бендеры,Хомутяновка,улица Матросова,29,3,5.2179,3.3032,5.02,5.2142,0.0,False,False,,4.9271,2,zone_move_3->2
Бендеры,Хомутяновка,улица Матросова,30,3,5.5012,3.2375,5.251,5.4972,0.0,False,False,,5.1577,2,zone_move_3->2
Бендеры,Хомутяновка,улица Матросова,32,3,5.4844,3.2207,5.234,5.4805,0.0,False,False,,5.141,2,zone_move_3->2
Бендеры,Хомутяновка,улица Матросова,34,3,5.4685,3.2048,5.218,5.4645,0.0,False,False,,5.125,2,zone_move_3->2
Бендеры,Хомутяновка,улица Матросова,35,3,5.1663,3.2516,4.969,5.1626,0.0,False,False,,4.8755,2,zone_move_3->2
Бендеры,Хомутяновка,улица Матросова,36,3,5.4502,3.1864,5.2,5.4462,0.0,False,False,,5.1067,2,zone_move_3->2
Бендеры,Хомутяновка,улица Матросова,38,3,5.433,3.1692,5.183,5.429,0.0,False,False,,5.0895,2,zone_move_3->2
Бендеры,Хомутяновка,улица Матросова,42,3,5.3207,3.1739,5.088,5.3171,0.0,False,False,,4.9951,2,zone_move_3->2
Бендеры,Хомутяновка,улица Матросова,44,3,5.3007,3.1939,5.074,5.297,0.0,False,False,,4.981,2,zone_move_3->2
Бендеры,Хомутяновка,улица Матросова,46,3,5.2851,3.2095,5.064,5.2814,0.0,False,False,,4.9701,2,zone_move_3->2
Бендеры,Хомутяновка,улица Матросова,50,3,5.2512,3.3365,5.053,5.2475,0.0,False,False,,4.9604,2,zone_move_3->2
Бендеры,Хомутяновка,улица Матросова,52,3,5.233,3.3183,5.035,5.2293,0.0,False,False,,4.9422,2,zone_move_3->2
Бендеры,Хомутяновка,улица Матросова,54,3,5.2178,3.3031,5.02,5.2141,0.0,False,False,,4.927,2,zone_move_3->2
Бендеры,Хомутяновка,улица Осипенко,4,3,5.9169,2.5118,5.496,5.913,0.0,False,False,,5.4023,2,zone_move_3->2
Бендеры,Хомутяновка,улица Осипенко,5,4,6.3118,2.4283,5.819,6.3078,0.0,False,False,,5.7253,2,zone_move_4->2
Бендеры,Хомутяновка,улица Осипенко,6,3,5.8446,2.5261,5.436,5.8406,0.0,False,False,,5.3429,2,zone_move_3->2
Бендеры,Хомутяновка,улица Осипенко,7,3,5.9266,2.443,5.493,5.9227,0.0,False,False,,5.4002,2,zone_move_3->2
Бендеры,Хомутяновка,улица Осипенко,8,3,5.8151,2.5556,5.416,5.8112,0.0,False,False,,5.3223,2,zone_move_3->2
Бендеры,Хомутяновка,улица Осипенко,10,3,5.7997,2.571,5.405,5.7958,0.0,False,False,,5.3115,2,zone_move_3->2
Бендеры,Хомутяновка,улица Осипенко,12,3,5.7856,2.585,5.395,5.7817,0.0,False,False,,5.3016,2,zone_move_3->2
Бендеры,Хомутяновка,улица Осипенко,13,3,5.9184,2.5134,5.497,5.9145,0.0,False,False,,5.4038,2,zone_move_3->2
Бендеры,Хомутяновка,улица Осипенко,14,3,5.7679,2.6028,5.383,5.764,0.0,False,False,,5.2893,2,zone_move_3->2
Бендеры,Хомутяновка,улица Осипенко,15,3,5.8421,2.5286,5.434,5.8382,0.0,False,False,,5.3412,2,zone_move_3->2
Бендеры,Хомутяновка,улица Осипенко,16,3,5.7016,2.6689,5.336,5.6977,0.0,False,False,,5.2428,2,zone_move_3->2
Бендеры,Хомутяновка,улица Осипенко,17,3,5.8248,2.5458,5.423,5.8209,0.0,False,False,,5.3291,2,zone_move_3->2
Бендеры,Хомутяновка,улица Осипенко,18,3,5.6719,2.6986,5.316,5.668,0.0,False,False,,5.222,2,zone_move_3->2
Бендеры,Хомутяновка,улица Осипенко,19,3,5.8091,2.5616,5.411,5.8051,0.0,False,False,,5.318,2,zone_move_3->2
Бендеры,Хомутяновка,улица Осипенко,20,3,5.6562,2.7144,5.305,5.6522,0.0,False,False,,5.211,2,zone_move_3->2
Бендеры,Хомутяновка,улица Осипенко,21,3,5.7926,2.5781,5.4,5.7887,0.0,False,False,,5.3066,2,zone_move_3->2
Бендеры,Хомутяновка,улица Осипенко,23,3,5.7749,2.5958,5.388,5.7709,0.0,False,False,,5.2941,2,zone_move_3->2
Бендеры,Хомутяновка,улица Осипенко,24,3,5.5309,3.0047,5.242,5.527,0.0,False,False,,5.1481,2,zone_move_3->2
Бендеры,Хомутяновка,улица Осипенко,26,3,5.5125,3.0231,5.229,5.5086,0.0,False,False,,5.1352,2,zone_move_3->2
Бендеры,Хомутяновка,улица Осипенко,28,3,5.4868,3.0488,5.211,5.4829,0.0,False,False,,5.1172,2,zone_move_3->2
Бендеры,Хомутяновка,улица Осипенко,30,3,5.4657,3.2019,5.216,5.4617,0.0,False,False,,5.1222,2,zone_move_3->2
Бендеры,Хомутяновка,улица Осипенко,31,3,5.6973,2.6733,5.333,5.6933,0.0,False,False,,5.2397,2,zone_move_3->2
Бендеры,Хомутяновка,улица Осипенко,33,3,5.6818,2.6888,5.322,5.6779,0.0,False,False,,5.229,2,zone_move_3->2
Бендеры,Хомутяновка,улица Осипенко,35,3,5.6636,2.7069,5.309,5.6597,0.0,False,False,,5.2162,2,zone_move_3->2
Бендеры,Хомутяновка,улица Осипенко,37,3,5.6495,2.7211,5.299,5.6456,0.0,False,False,,5.2064,2,zone_move_3->2
Бендеры,Хомутяновка,улица Осипенко,39,3,5.6313,2.7393,5.287,5.6274,0.0,False,False,,5.1936,2,zone_move_3->2
Бендеры,Хомутяновка,улица Осипенко,45,3,5.6284,2.9822,5.321,5.6245,0.0,False,False,,5.2276,2,zone_move_3->2
Бендеры,Хомутяновка,улица Осипенко,47,3,5.537,2.9986,5.246,5.5331,0.0,False,False,,5.1524,2,zone_move_3->2
Бендеры,Хомутяновка,улица Осипенко,49,3,5.5199,3.0157,5.234,5.516,0.0,False,False,,5.1404,2,zone_move_3->2
Бендеры,Хомутяновка,улица Осипенко,51,3,5.5034,3.0322,5.222,5.4995,0.0,False,False,,5.1289,2,zone_move_3->2
Бендеры,Хомутяновка,улица Осипенко,53,3,5.4854,3.0502,5.209,5.4815,0.0,False,False,,5.1163,2,zone_move_3->2
Бендеры,Хомутяновка,улица Осипенко,55,3,5.4689,3.2052,5.219,5.465,0.0,False,False,,5.1255,2,zone_move_3->2
Бендеры,Хомутяновка,улица Осипенко,57,3,5.4507,3.187,5.201,5.4468,0.0,False,False,,5.1073,2,zone_move_3->2
Бендеры,Хомутяновка,улица Осипенко,59,3,5.4329,3.1692,5.183,5.429,0.0,False,False,,5.0895,2,zone_move_3->2
Бендеры,Хомутяновка,улица Островского,2,3,4.5644,3.6341,4.534,4.5609,0.0,False,False,,4.4214,2,zone_move_3->2
Бендеры,Хомутяновка,улица Островского,5,3,4.528,3.5977,4.498,4.5246,0.0,False,False,,4.3851,2,zone_move_3->2
Бендеры,Хомутяновка,улица Островского,7,3,4.5082,3.5778,4.478,4.5048,0.0,False,False,,4.3653,2,zone_move_3->2
Бендеры,Хомутяновка,улица Островского,9,3,4.4921,3.5617,4.462,4.4888,0.0,False,False,,4.3493,2,zone_move_3->2
Бендеры,Хомутяновка,улица Островского,10,3,4.4736,3.5433,4.444,4.4704,0.0,False,False,,4.3309,2,zone_move_3->2
Бендеры,Хомутяновка,улица Островского,11,3,4.4669,3.5366,4.437,4.4637,0.0,False,False,,4.3242,2,zone_move_3->2
Бендеры,Хомутяновка,улица Павлика Морозова,1,4,6.6541,2.7706,6.161,6.6494,0.0,False,False,,6.0669,2,zone_move_4->2
Бендеры,Хомутяновка,улица Павлика Морозова,1,4,6.6974,2.8139,6.161,6.6927,0.0,False,False,,6.1102,3,zone_move_4->3
Бендеры,Хомутяновка,улица Павлика Морозова,2,4,6.6391,2.7556,6.147,6.6344,0.0,False,False,,6.0519,2,zone_move_4->2
Бендеры,Хомутяновка,улица Павлика Морозова,3,4,6.6664,2.7829,6.174,6.6617,0.0,False,False,,6.0792,3,zone_move_4->3
Бендеры,Хомутяновка,улица Павлика Морозова,4,4,6.6681,2.7846,6.175,6.6634,0.0,False,False,,6.0809,3,zone_move_4->3
Бендеры,Хомутяновка,улица Павлика Морозова,5,4,6.6597,2.7763,6.167,6.6551,0.0,False,False,,6.0726,2,zone_move_4->2
Бендеры,Хомутяновка,улица Павлика Морозова,6,4,6.7278,2.8443,6.235,6.7231,0.0,False,False,,6.1406,3,zone_move_4->3
Бендеры,Хомутяновка,улица Павлика Морозова,7,4,6.7562,2.8727,6.264,6.7514,0.0,False,False,,6.1689,3,zone_move_4->3
Бендеры,Хомутяновка,улица Павлика Морозова,8,4,6.8234,2.9399,6.331,6.8186,0.0,False,False,,6.2361,3,zone_move_4->3
Бендеры,Хомутяновка,улица Павлика Морозова,8,4,6.8794,2.9959,6.331,6.8746,0.0,False,False,,6.2921,3,zone_move_4->3
Бендеры,Хомутяновка,улица Павлика Морозова,13,4,6.8323,2.9489,6.339,6.8275,0.0,False,False,,6.245,3,zone_move_4->3
Бендеры,Хомутяновка,улица Ползунова,2,3,5.6278,2.3876,5.232,5.6246,0.0,False,False,,5.1386,2,zone_move_3->2
Бендеры,Хомутяновка,улица Ползунова,4,3,5.6429,2.4028,5.247,5.6398,0.0,False,False,,5.1538,2,zone_move_3->2
Бендеры,Хомутяновка,улица Ползунова,6,3,5.5642,2.419,5.182,5.5611,0.0,False,False,,5.0894,2,zone_move_3->2
Бендеры,Хомутяновка,улица Ползунова,8,3,5.5496,2.4337,5.172,5.5464,0.0,False,False,,5.0791,2,zone_move_3->2
Бендеры,Хомутяновка,улица Ползунова,9,3,5.5321,2.4512,5.159,5.5289,0.0,False,False,,5.0668,2,zone_move_3->2
Бендеры,Хомутяновка,улица Ползунова,10,3,5.5366,2.4467,5.163,5.5334,0.0,False,False,,5.07,2,zone_move_3->2
Бендеры,Хомутяновка,улица Ползунова,11,3,5.5174,2.575,5.166,5.5142,0.0,False,False,,5.0729,2,zone_move_3->2
Бендеры,Хомутяновка,улица Ползунова,12,3,5.5209,2.4623,5.152,5.5178,0.0,False,False,,5.0591,2,zone_move_3->2
Бендеры,Хомутяновка,улица Ползунова,13,3,5.5035,2.5611,5.151,5.5004,0.0,False,False,,5.0591,2,zone_move_3->2
Бендеры,Хомутяновка,улица Ползунова,14,3,5.5066,2.5642,5.155,5.5034,0.0,False,False,,5.0621,2,zone_move_3->2
Бендеры,Хомутяновка,улица Ползунова,15,3,5.4878,2.5455,5.136,5.4847,0.0,False,False,,5.0434,2,zone_move_3->2
Бендеры,Хомутяновка,улица Ползунова,16,3,5.4942,2.5518,5.142,5.491,0.0,False,False,,5.0497,2,zone_move_3->2
Бендеры,Хомутяновка,улица Ползунова,21,3,5.4888,2.5464,5.137,5.4856,0.0,False,False,,5.0443,2,zone_move_3->2
Бендеры,Хомутяновка,улица Ползунова,22,3,5.4865,2.5441,5.135,5.4833,0.0,False,False,,5.042,2,zone_move_3->2
Бендеры,Хомутяновка,улица Ползунова,23,3,5.4208,2.5625,5.081,5.4176,0.0,False,False,,4.9889,2,zone_move_3->2
Бендеры,Хомутяновка,улица Ползунова,24,3,5.4249,2.5584,5.085,5.4217,0.0,False,False,,4.9918,2,zone_move_3->2
Бендеры,Хомутяновка,улица Ползунова,25,3,5.4069,2.5764,5.072,5.4037,0.0,False,False,,4.9792,2,zone_move_3->2
Бендеры,Хомутяновка,улица Ползунова,26,3,5.4094,2.5739,5.074,5.4062,0.0,False,False,,4.9809,2,zone_move_3->2
Бендеры,Хомутяновка,улица Ползунова,27,3,5.392,2.5913,5.062,5.3888,0.0,False,False,,4.9688,2,zone_move_3->2
Бендеры,Хомутяновка,улица Ползунова,28,3,5.3943,2.589,5.063,5.3911,0.0,False,False,,4.9704,2,zone_move_3->2
Бендеры,Хомутяновка,улица Ползунова,29,3,5.3768,2.6064,5.051,5.3737,0.0,False,False,,4.9582,2,zone_move_3->2
Бендеры,Хомутяновка,улица Ползунова,30,3,5.3795,2.6038,5.053,5.3763,0.0,False,False,,4.96,2,zone_move_3->2
Бендеры,Хомутяновка,улица Ползунова,31,3,5.3644,2.7182,5.057,5.3612,0.0,False,False,,4.9643,2,zone_move_3->2
Бендеры,Хомутяновка,улица Ползунова,32,3,5.3642,2.718,5.057,5.361,0.0,False,False,,4.9641,2,zone_move_3->2
Бендеры,Хомутяновка,улица Ползунова,33,3,5.3482,2.7021,5.041,5.3451,0.0,False,False,,4.9482,2,zone_move_3->2
Бендеры,Хомутяновка,улица Ползунова,34,3,5.3495,2.7033,5.043,5.3463,0.0,False,False,,4.9494,2,zone_move_3->2
Бендеры,Хомутяновка,улица Ползунова,36,3,5.3335,2.6873,5.026,5.3303,0.0,False,False,,4.9334,2,zone_move_3->2
Бендеры,Хомутяновка,улица Ползунова,38,3,5.3347,2.6885,5.027,5.3315,0.0,False,False,,4.9346,2,zone_move_3->2
Бендеры,Хомутяновка,улица Ползунова,39,3,5.3487,2.7025,5.041,5.3455,0.0,False,False,,4.9486,2,zone_move_3->2
Бендеры,Хомутяновка,улица Ползунова,40,3,5.3617,2.7155,5.054,5.3585,0.0,False,False,,4.9616,2,zone_move_3->2
Бендеры,Хомутяновка,улица Ползунова,41,3,5.2568,2.7319,4.968,5.2537,0.0,False,False,,4.875,2,zone_move_3->2
Бендеры,Хомутяновка,улица Ползунова,42,3,5.2578,2.731,4.969,5.2546,0.0,False,False,,4.8756,2,zone_move_3->2
Бендеры,Хомутяновка,улица Ползунова,43,3,5.2437,2.745,4.959,5.2405,0.0,False,False,,4.8658,2,zone_move_3->2
Бендеры,Хомутяновка,улица Ползунова,44,3,5.2415,2.7472,4.957,5.2383,0.0,False,False,,4.8642,2,zone_move_3->2
Бендеры,Хомутяновка,улица Ползунова,45,3,5.2253,2.7635,4.946,5.2221,0.0,False,False,,4.8529,2,zone_move_3->2
Бендеры,Хомутяновка,улица Ползунова,46,3,5.2279,2.7608,4.948,5.2247,0.0,False,False,,4.8547,2,zone_move_3->2
Бендеры,Хомутяновка,улица Ползунова,47,3,5.21,2.7787,4.935,5.2069,0.0,False,False,,4.8422,2,zone_move_3->2
Бендеры,Хомутяновка,улица Ползунова,48,3,5.2147,2.7741,4.938,5.2115,0.0,False,False,,4.8455,2,zone_move_3->2
Бендеры,Хомутяновка,улица Ползунова,49,3,5.1962,2.7925,4.946,5.193,0.0,False,False,,4.8325,2,zone_move_3->2
Бендеры,Хомутяновка,улица Ползунова,50,3,5.1997,2.7891,4.928,5.1965,0.0,False,False,,4.835,2,zone_move_3->2
Бендеры,Хомутяновка,улица Ползунова,51,3,5.1811,2.9174,4.931,5.1779,0.0,False,False,,4.8384,2,zone_move_3->2
Бендеры,Хомутяновка,улица Ползунова,52,3,5.1849,2.9212,4.935,5.1817,0.0,False,False,,4.8422,2,zone_move_3->2
Бендеры,Хомутяновка,улица Ползунова,53,3,5.1674,2.9037,4.918,5.1642,0.0,False,False,,4.8247,2,zone_move_3->2
Бендеры,Хомутяновка,улица Ползунова,54,3,5.1711,2.9074,4.921,5.1679,0.0,False,False,,4.8284,2,zone_move_3->2
Бендеры,Хомутяновка,улица Ползунова,55,3,5.1546,2.8909,4.905,5.1514,0.0,False,False,,4.8119,2,zone_move_3->2
Бендеры,Хомутяновка,улица Ползунова,56,3,5.1567,2.893,4.907,5.1535,0.0,False,False,,4.814,2,zone_move_3->2
Бендеры,Хомутяновка,улица Ползунова,59,3,5.1405,2.8768,4.89,5.1373,0.0,False,False,,4.7978,2,zone_move_3->2
Бендеры,Хомутяновка,улица Ползунова,61,3,5.1565,2.8928,4.906,5.1533,0.0,False,False,,4.8138,2,zone_move_3->2
Бендеры,Хомутяновка,улица Ползунова,62,3,5.1508,2.8871,4.901,5.1476,0.0,False,False,,4.8081,2,zone_move_3->2
Бендеры,Хомутяновка,улица Ползунова,63,3,5.0779,2.9065,4.842,5.0747,0.0,False,False,,4.749,2,zone_move_3->2
Бендеры,Хомутяновка,улица Ползунова,64,3,5.0824,2.902,4.845,5.0792,0.0,False,False,,4.7522,2,zone_move_3->2
Бендеры,Хомутяновка,улица Ползунова,65,3,5.064,2.9203,4.832,5.0609,0.0,False,False,,4.7394,2,zone_move_3->2
Бендеры,Хомутяновка,улица Ползунова,66,3,5.0684,2.916,4.835,5.0652,0.0,False,False,,4.7424,2,zone_move_3->2
Бендеры,Хомутяновка,улица Ползунова,68,3,5.0547,2.9297,4.825,5.0515,0.0,False,False,,4.7328,2,zone_move_3->2
Бендеры,Хомутяновка,улица Ползунова,69,3,5.0339,2.9505,4.811,5.0308,0.0,False,False,,4.7183,2,zone_move_3->2
Бендеры,Хомутяновка,улица Ползунова,70,3,5.0365,2.9479,4.813,5.0333,0.0,False,False,,4.7201,2,zone_move_3->2
Бендеры,Хомутяновка,улица Ползунова,71,3,5.018,2.9664,4.8,5.0148,0.0,False,False,,4.7071,2,zone_move_3->2
Бендеры,Хомутяновка,улица Ползунова,72,3,5.0241,2.9603,4.804,5.0209,0.0,False,False,,4.7114,2,zone_move_3->2
Бендеры,Хомутяновка,улица Ползунова,73,3,5.0051,3.0904,4.807,5.0019,0.0,False,False,,4.7148,2,zone_move_3->2
Бендеры,Хомутяновка,улица Ползунова,74,3,5.0096,3.0949,4.812,5.0064,0.0,False,False,,4.7193,2,zone_move_3->2
Бендеры,Хомутяновка,улица Ползунова,75,3,4.9931,3.0784,4.796,4.9899,0.0,False,False,,4.7028,2,zone_move_3->2
Бендеры,Хомутяновка,улица Ползунова,76,3,4.9934,3.0788,4.796,4.9902,0.0,False,False,,4.7031,2,zone_move_3->2
Бендеры,Хомутяновка,улица Ползунова,86,3,5.1228,2.6627,4.844,5.1199,0.0,False,False,,4.7509,2,zone_move_3->2
Бендеры,Хомутяновка,улица Ползунова,88,3,5.1076,2.6779,4.833,5.1047,0.0,False,False,,4.7403,2,zone_move_3->2
Бендеры,Хомутяновка,улица Полоза,2,4,5.9276,2.9922,5.577,5.9233,0.0,False,False,,5.4829,2,zone_move_4->2
Бендеры,Хомутяновка,улица Полоза,2а,3,5.9127,2.9773,5.562,5.9084,0.0,False,False,,5.468,2,zone_move_3->2
Бендеры,Хомутяновка,улица Полоза,3,4,5.9518,3.0164,5.601,5.9475,0.0,False,False,,5.5071,2,zone_move_4->2
Бендеры,Хомутяновка,улица Полоза,4,4,6.0384,3.1031,5.688,6.034,0.0,False,False,,5.5936,2,zone_move_4->2
Бендеры,Хомутяновка,улица Полоза,5,4,5.9675,3.0322,5.617,5.9632,0.0,False,False,,5.5228,2,zone_move_4->2
Бендеры,Хомутяновка,улица Полоза,6,4,6.0615,3.1261,5.711,6.0569,0.0,False,False,,5.6165,2,zone_move_4->2
Бендеры,Хомутяновка,улица Полоза,8,4,6.1218,3.1864,5.772,6.1173,0.0,False,False,,5.6769,2,zone_move_4->2
Бендеры,Хомутяновка,улица Полоза,9,4,6.0095,3.0741,5.658,6.0051,0.0,False,False,,5.5647,2,zone_move_4->2
Бендеры,Хомутяновка,улица Полоза,10,4,7.2199,3.3364,5.817,7.2143,0.0,False,False,,6.6318,3,zone_move_4->3
Бендеры,Хомутяновка,улица Полоза,10,4,6.1674,3.232,5.817,6.1628,0.0,False,False,,5.7224,2,zone_move_4->2
Бендеры,Хомутяновка,улица Полоза,11,4,6.0242,3.0888,5.673,6.0197,0.0,False,False,,5.5793,2,zone_move_4->2
Бендеры,Хомутяновка,улица Полоза,12,4,6.2089,3.2736,5.858,6.2043,0.0,False,False,,5.7639,2,zone_move_4->2
Бендеры,Хомутяновка,улица Полоза,13,4,6.0387,3.1033,5.688,6.0341,0.0,False,False,,5.5937,2,zone_move_4->2
Бендеры,Хомутяновка,улица Полоза,14,4,6.0457,3.1103,5.695,6.0412,0.0,False,False,,5.6008,2,zone_move_4->2
Бендеры,Хомутяновка,улица Полоза,15,4,6.0563,3.1209,5.705,6.0517,0.0,False,False,,5.6113,2,zone_move_4->2
Бендеры,Хомутяновка,улица Полоза,16,4,6.1222,3.1868,5.772,6.1177,0.0,False,False,,5.6773,2,zone_move_4->2
Бендеры,Хомутяновка,улица Полоза,18,4,6.0876,3.1523,5.737,6.0831,0.0,False,False,,5.6427,2,zone_move_4->2
Бендеры,Хомутяновка,улица Полоза,20,4,6.131,3.1956,5.78,6.1264,0.0,False,False,,5.686,2,zone_move_4->2
Бендеры,Хомутяновка,улица Сергея Ревенялэ,2,3,5.2416,3.0415,4.982,5.2381,0.0,False,False,,4.9081,2,zone_move_3->2
Бендеры,Хомутяновка,улица Сергея Ревенялэ,2,3,5.2045,3.1184,4.982,5.201,0.0,False,False,,4.8881,2,zone_move_3->2
Бендеры,Хомутяновка,улица Сергея Ревенялэ,2а/1,3,5.0946,3.3551,4.983,5.0911,0.0,False,False,,4.8302,2,zone_move_3->2
Бендеры,Хомутяновка,улица Сергея Ревенялэ,3,3,5.2323,3.1462,5.008,5.2288,0.0,False,False,,4.9159,2,zone_move_3->2
Бендеры,Хомутяновка,улица Сергея Ревенялэ,5,3,5.2172,3.1311,4.994,5.2137,0.0,False,False,,4.9008,2,zone_move_3->2
Бендеры,Хомутяновка,улица Сергея Ревенялэ,"6 кв. 3,4",3,5.3508,2.9617,5.082,5.3472,0.0,False,False,,4.9889,2,zone_move_3->2
Бендеры,Хомутяновка,улица Сергея Ревенялэ,7,3,5.261,3.1748,5.038,5.2574,0.0,False,False,,4.9445,2,zone_move_3->2
Бендеры,Хомутяновка,улица Сергея Ревенялэ,8 кв. 1,3,5.3581,2.9283,5.082,5.3546,0.0,False,False,,4.9902,2,zone_move_3->2
Бендеры,Хомутяновка,улица Сергея Ревенялэ,9,3,5.1455,3.2065,4.944,5.1419,0.0,False,False,,4.8511,2,zone_move_3->2
Бендеры,Хомутяновка,улица Сергея Ревенялэ,11,3,5.1245,3.2274,4.929,5.1209,0.0,False,False,,4.8364,2,zone_move_3->2
Бендеры,Хомутяновка,улица Сергея Ревенялэ,13,3,5.0889,3.263,4.969,5.0853,0.0,False,False,,4.8115,2,zone_move_3->2
Бендеры,Хомутяновка,улица Спартака,1,3,5.7556,2.6473,5.379,5.7516,0.0,False,False,,5.2854,2,zone_move_3->2
Бендеры,Хомутяновка,улица Спартака,3,3,5.7824,2.6741,5.406,5.7783,0.0,False,False,,5.3121,2,zone_move_3->2
Бендеры,Хомутяновка,улица Спартака,4,3,5.7864,2.6781,5.41,5.7824,0.0,False,False,,5.3162,2,zone_move_3->2
Бендеры,Хомутяновка,улица Спартака,5,3,5.8018,2.6935,5.425,5.7977,0.0,False,False,,5.3315,2,zone_move_3->2
Бендеры,Хомутяновка,улица Спартака,6,3,5.8027,2.6944,5.426,5.7986,0.0,False,False,,5.3324,2,zone_move_3->2
Бендеры,Хомутяновка,улица Спартака,8,3,5.8201,2.7118,5.444,5.816,0.0,False,False,,5.3498,2,zone_move_3->2
Бендеры,Хомутяновка,улица Спартака,17,3,5.4479,2.5055,5.096,5.4447,0.0,False,False,,5.0034,2,zone_move_3->2
Бендеры,Хомутяновка,улица Спартака,17,3,5.5417,2.5993,5.096,5.5383,0.0,False,False,,5.097,2,zone_move_3->2
Бендеры,Хомутяновка,улица Спартака,18,3,5.4749,2.5325,5.123,5.4717,0.0,False,False,,5.0304,2,zone_move_3->2
Бендеры,Хомутяновка,улица Спартака,19,3,5.4427,2.5003,5.091,5.4396,0.0,False,False,,4.9983,2,zone_move_3->2
Бендеры,Хомутяновка,улица Спартака,19,3,5.5419,2.5996,5.091,5.5385,0.0,False,False,,5.0972,2,zone_move_3->2
Бендеры,Хомутяновка,улица Спартака,20,3,5.4754,2.533,5.124,5.4722,0.0,False,False,,5.0309,2,zone_move_3->2
Бендеры,Хомутяновка,улица Спартака,25,3,5.7161,2.7737,5.364,5.7123,0.0,False,False,,5.271,2,zone_move_3->2
Бендеры,Хомутяновка,улица Спартака,27,3,5.7157,2.7733,5.364,5.7118,0.0,False,False,,5.2705,2,zone_move_3->2
Бендеры,Хомутяновка,улица Спартака,28,3,5.5824,2.64,5.231,5.5789,0.0,False,False,,5.1376,2,zone_move_3->2
Бендеры,Хомутяновка,улица Спартака,28,3,5.6823,2.7399,5.231,5.6785,0.0,False,False,,5.2372,2,zone_move_3->2
Бендеры,Хомутяновка,улица Спартака,29,3,5.7081,2.7657,5.356,5.7043,0.0,False,False,,5.263,2,zone_move_3->2
Бендеры,Хомутяновка,улица Спартака,30,3,5.5817,2.6393,5.23,5.5782,0.0,False,False,,5.1369,2,zone_move_3->2
Бендеры,Хомутяновка,улица Спартака,30,3,5.6625,2.7201,5.23,5.6588,0.0,False,False,,5.2175,2,zone_move_3->2
Бендеры,Хомутяновка,улица Спартака,31,3,5.6327,2.6903,5.281,5.6291,0.0,False,False,,5.1878,2,zone_move_3->2
Бендеры,Хомутяновка,улица Спартака,33,3,5.6288,2.6864,5.277,5.6252,0.0,False,False,,5.1839,2,zone_move_3->2
Бендеры,Хомутяновка,улица Спартака,54,3,5.4081,2.3775,5.043,5.4052,0.0,False,False,,4.9507,2,zone_move_3->2
Бендеры,Хомутяновка,улица Спартака,56,3,5.3856,2.4433,5.034,5.3827,0.0,False,False,,4.9414,2,zone_move_3->2
Бендеры,Хомутяновка,улица Спартака,58,3,5.3823,2.44,5.031,5.3794,0.0,False,False,,4.9381,2,zone_move_3->2
Бендеры,Хомутяновка,улица Спартака,60,3,5.334,2.4516,4.991,5.331,0.0,False,False,,4.8987,2,zone_move_3->2
Бендеры,Хомутяновка,улица Спартака,62,3,5.3229,2.4626,4.983,5.32,0.0,False,False,,4.891,2,zone_move_3->2
Бендеры,Хомутяновка,улица Спартака,64,3,5.3052,2.4803,4.971,5.3023,0.0,False,False,,4.8786,2,zone_move_3->2
Бендеры,Хомутяновка,улица Спартака,66,3,5.2909,2.4946,4.961,5.288,0.0,False,False,,4.8686,2,zone_move_3->2
Бендеры,Хомутяновка,улица Старого,2,3,5.084,3.3445,4.972,5.0803,0.0,False,False,,4.8194,2,zone_move_3->2
Бендеры,Хомутяновка,улица Старого,2а,3,4.9699,3.2304,4.859,4.9665,0.0,False,False,,4.7056,2,zone_move_3->2
Бендеры,Хомутяновка,улица Старого,2а,3,5.1769,3.4374,4.859,5.1731,0.0,False,False,,4.9122,2,zone_move_3->2
Бендеры,Хомутяновка,улица Старого,2а,3,5.0134,3.2738,4.859,5.01,0.0,False,False,,4.7491,2,zone_move_3->2
Бендеры,Хомутяновка,улица Старого,3,3,5.0901,3.3506,4.979,5.0864,0.0,False,False,,4.8255,2,zone_move_3->2
Бендеры,Хомутяновка,улица Старого,4,3,4.8079,3.0684,4.637,4.8048,0.0,False,False,,4.5439,2,zone_move_3->2
Бендеры,Хомутяновка,улица Старого,6,3,4.8217,3.0822,4.65,4.8187,0.0,False,False,,4.5578,2,zone_move_3->2
Бендеры,Хомутяновка,улица Старого,8,3,4.8359,3.0963,4.664,4.8327,0.0,False,False,,4.5718,2,zone_move_3->2
Бендеры,Хомутяновка,улица Старого,9,3,4.8443,3.1048,4.76,4.8412,0.0,False,False,,4.5803,2,zone_move_3->2
Бендеры,Хомутяновка,улица Старого,10,3,4.8492,3.1097,4.678,4.8461,0.0,False,False,,4.5852,2,zone_move_3->2
Бендеры,Хомутяновка,улица Старого,11,3,4.7997,3.1815,4.701,4.7965,0.0,False,False,,4.5538,2,zone_move_3->2
Бендеры,Хомутяновка,улица Старого,12,3,4.8622,3.1226,4.691,4.859,0.0,False,False,,4.5981,2,zone_move_3->2
Бендеры,Хомутяновка,улица Старого,13,3,5.0373,3.2978,4.866,5.0337,0.0,False,False,,4.7728,2,zone_move_3->2
Бендеры,Хомутяновка,улица Старого,14,3,4.875,3.1355,4.704,4.8718,0.0,False,False,,4.6109,2,zone_move_3->2
Бендеры,Хомутяновка,улица Старого,16,3,4.8891,3.1496,4.718,4.8859,0.0,False,False,,4.625,2,zone_move_3->2
Бендеры,Хомутяновка,улица Старого,18,3,4.9025,3.163,4.731,4.8992,0.0,False,False,,4.6383,2,zone_move_3->2
Бендеры,Хомутяновка,улица Старого,19,3,5.1,3.3605,4.929,5.0962,0.0,False,False,,4.8353,2,zone_move_3->2
Бендеры,Хомутяновка,улица Старого,20,3,4.9159,3.1764,4.745,4.9126,0.0,False,False,,4.6517,2,zone_move_3->2
Бендеры,Хомутяновка,улица Старого,21,3,5.1253,3.3858,4.954,5.1215,0.0,False,False,,4.8606,2,zone_move_3->2
Бендеры,Хомутяновка,улица Старого,21/1,3,4.8017,2.9838,4.619,4.7988,0.0,False,False,,4.5262,2,zone_move_3->2
Бендеры,Хомутяновка,улица Старого,23,3,4.7413,3.0443,4.635,4.7384,0.0,False,False,,4.4839,2,zone_move_3->2
Бендеры,Хомутяновка,улица Старого,25,3,4.7212,3.0644,4.618,4.7182,0.0,False,False,,4.4697,2,zone_move_3->2
Бендеры,Хомутяновка,улица Старого,27,3,4.9819,3.483,4.875,4.9783,0.0,False,False,,4.7535,2,zone_move_3->2
Бендеры,Хомутяновка,улица Старого,39,3,5.1813,3.4418,5.01,5.1773,0.0,False,False,,4.9164,2,zone_move_3->2
Бендеры,Хомутяновка,улица Старого,40,3,5.2277,3.4882,5.057,5.2236,0.0,False,False,,4.9627,2,zone_move_3->2
Бендеры,Хомутяновка,улица Старого,126,3,4.8035,2.982,4.62,4.8006,0.0,False,False,,4.5274,2,zone_move_3->2
Бендеры,Хомутяновка,улица Старого,128,3,4.7868,2.9988,4.608,4.7838,0.0,False,False,,4.5157,2,zone_move_3->2
Бендеры,Хомутяновка,улица Старого,130Б,3,4.737,3.0485,4.631,4.7341,0.0,False,False,,4.4809,2,zone_move_3->2
Бендеры,Хомутяновка,улица Старого,130а,3,4.8303,3.0908,4.659,4.8273,0.0,False,False,,4.5664,2,zone_move_3->2
Бендеры,Хомутяновка,улица Толстого,3,3,5.9392,2.6173,5.531,5.935,0.0,False,False,,5.4367,2,zone_move_3->2
Бендеры,Хомутяновка,улица Толстого,5,3,5.8788,2.7705,5.502,5.8746,0.0,False,False,,5.4084,2,zone_move_3->2
Бендеры,Хомутяновка,улица Толстого,7,3,5.8666,2.7583,5.49,5.8625,0.0,False,False,,5.3963,2,zone_move_3->2
Бендеры,Хомутяновка,улица Толстого,8,3,5.8708,2.7625,5.495,5.8666,0.0,False,False,,5.4004,2,zone_move_3->2
Бендеры,Хомутяновка,улица Толстого,10,3,5.8573,2.749,5.481,5.8531,0.0,False,False,,5.3869,2,zone_move_3->2
Бендеры,Хомутяновка,улица Толстого,11,3,5.8045,2.7664,5.438,5.8003,0.0,False,False,,5.3446,2,zone_move_3->2
Бендеры,Хомутяновка,улица Толстого,12,3,5.8425,2.7342,5.466,5.8383,0.0,False,False,,5.3721,2,zone_move_3->2
Бендеры,Хомутяновка,улица Толстого,13,3,5.7901,2.7807,5.428,5.7859,0.0,False,False,,5.3345,2,zone_move_3->2
Бендеры,Хомутяновка,улица Толстого,14,3,5.844,2.7358,5.468,5.8399,0.0,False,False,,5.3737,2,zone_move_3->2
Бендеры,Хомутяновка,улица Толстого,15,3,5.7765,2.7943,5.419,5.7723,0.0,False,False,,5.325,2,zone_move_3->2
Бендеры,Хомутяновка,улица Толстого,16,3,5.861,2.7527,5.484,5.8568,0.0,False,False,,5.3906,2,zone_move_3->2
Бендеры,Хомутяновка,улица Толстого,17,3,5.7613,2.8095,5.408,5.7571,0.0,False,False,,5.3144,2,zone_move_3->2
Бендеры,Хомутяновка,улица Толстого,18,3,5.8003,2.7705,5.435,5.7961,0.0,False,False,,5.3417,2,zone_move_3->2
Бендеры,Хомутяновка,улица Толстого,19,3,5.7479,2.823,5.398,5.7437,0.0,False,False,,5.305,2,zone_move_3->2
Бендеры,Хомутяновка,улица Толстого,20,3,5.7729,2.7979,5.416,5.7687,0.0,False,False,,5.3225,2,zone_move_3->2
Бендеры,Хомутяновка,улица Толстого,21,3,5.7248,3.0786,5.389,5.7206,0.0,False,False,,5.3237,2,zone_move_3->2
Бендеры,Хомутяновка,улица Толстого,21,3,5.7348,2.8361,5.389,5.7306,0.0,False,False,,5.2958,2,zone_move_3->2
Бендеры,Хомутяновка,улица Тургенева,1,3,5.0704,3.3309,4.959,5.0669,0.0,False,False,,4.806,2,zone_move_3->2
Бендеры,Хомутяновка,улица Тургенева,3,3,4.8288,3.3708,4.746,4.8251,0.0,False,False,,4.6065,2,zone_move_3->2
Бендеры,Хомутяновка,улица Тургенева,4,3,4.696,3.6661,4.655,4.6924,0.0,False,False,,4.538,2,zone_move_3->2
Бендеры,Хомутяновка,улица Тургенева,4,3,4.696,3.6662,4.655,4.6925,0.0,False,False,,4.5381,2,zone_move_3->2
Бендеры,Хомутяновка,улица Тургенева,7,3,4.7682,3.4314,4.698,4.7645,0.0,False,False,,4.5641,2,zone_move_3->2
Бендеры,Хомутяновка,улица Тургенева,9,3,4.7323,3.4673,4.669,4.7286,0.0,False,False,,4.5389,2,zone_move_3->2
Бендеры,Хомутяновка,улица Тургенева,13,3,4.6535,3.6237,4.613,4.6499,0.0,False,False,,4.4955,2,zone_move_3->2
Бендеры,Хомутяновка,улица Тургенева,15,3,4.6684,3.6385,4.628,4.6648,0.0,False,False,,4.5104,2,zone_move_3->2
Бендеры,Хомутяновка,улица Тургенева,17,3,4.6841,3.6543,4.644,4.6805,0.0,False,False,,4.5261,2,zone_move_3->2
Бендеры,Хомутяновка,улица Халтурина,2а/1,3,5.066,3.3265,4.955,5.0626,0.0,False,False,,4.8017,2,zone_move_3->2
Бендеры,Хомутяновка,улица Халтурина,6,3,5.1546,3.0684,4.931,5.1511,0.0,False,False,,4.8382,2,zone_move_3->2
Бендеры,Хомутяновка,улица Халтурина,19,3,4.9679,2.8818,4.745,4.9649,0.0,False,False,,4.652,2,zone_move_3->2
Бендеры,Хомутяновка,улица Халтурина,106,3,4.9661,2.8194,4.733,4.9632,0.0,False,False,,4.6412,2,zone_move_3->2
Бендеры,Хомутяновка,улица Халтурина,108,3,4.952,2.8335,4.724,4.9491,0.0,False,False,,4.6314,2,zone_move_3->2
Бендеры,Хомутяновка,улица Халтурина,110,3,4.9358,2.8497,4.713,4.9329,0.0,False,False,,4.62,2,zone_move_3->2
Бендеры,Хомутяновка,улица Халтурина,112,3,4.9216,2.8639,4.703,4.9187,0.0,False,False,,4.6101,2,zone_move_3->2
Бендеры,Хомутяновка,улица Халтурина,114,3,4.9079,2.8777,4.693,4.905,0.0,False,False,,4.6005,2,zone_move_3->2
Бендеры,Хомутяновка,улица Чайковского,1,3,5.1784,3.4389,5.007,5.1746,0.0,False,False,,4.9137,2,zone_move_3->2
Бендеры,Хомутяновка,улица Чайковского,2,3,5.1966,3.4571,5.025,5.1926,0.0,False,False,,4.9317,2,zone_move_3->2
Бендеры,Хомутяновка,улица Чайковского,3,3,5.0529,3.554,4.966,5.049,0.0,False,False,,4.8242,2,zone_move_3->2
Бендеры,Хомутяновка,улица Чайковского,4,3,5.23,3.4905,5.059,5.226,0.0,False,False,,4.9651,2,zone_move_3->2
Бендеры,Хомутяновка,улица Чайковского,6,3,5.247,3.5075,5.076,5.2431,0.0,False,False,,4.9822,2,zone_move_3->2
Бендеры,Хомутяновка,улица Чайковского,8,3,5.2581,3.5186,5.087,5.2541,0.0,False,False,,4.9932,2,zone_move_3->2
Бендеры,Хомутяновка,улица Чайковского,12,3,4.9942,3.5978,4.917,4.9902,0.0,False,False,,4.7808,2,zone_move_3->2
Бендеры,Хомутяновка,улица Чайковского,14,3,4.9595,3.6326,4.89,4.9555,0.0,False,False,,4.7565,2,zone_move_3->2
Бендеры,Хомутяновка,улица Чернышевского,26,3,4.4511,4.4162,4.51,4.4467,0.0,False,False,,4.4415,2,zone_move_3->2
Бендеры,Хомутяновка,улица Чехова,1,3,4.8401,3.3934,4.72,4.8366,0.0,False,False,,4.6196,2,zone_move_3->2
Бендеры,Хомутяновка,улица Чехова,1,3,4.8069,3.308,4.72,4.8036,0.0,False,False,,4.5788,2,zone_move_3->2
Бендеры,Хомутяновка,улица Чехова,2,3,4.801,3.3021,4.714,4.7978,0.0,False,False,,4.573,2,zone_move_3->2
Бендеры,Хомутяновка,улица Чехова,3,3,4.9311,3.4322,4.844,4.9274,0.0,False,False,,4.7026,2,zone_move_3->2
Бендеры,Хомутяновка,улица Чехова,4,3,4.9262,3.3449,4.831,4.9226,0.0,False,False,,4.6855,2,zone_move_3->2
Бендеры,Хомутяновка,улица Чехова,8,3,4.9747,3.4758,4.887,4.9711,0.0,False,False,,4.7463,2,zone_move_3->2
Бендеры,Хомутяновка,улица Чехова,10,3,5.019,3.4472,4.925,5.0152,0.0,False,False,,4.7795,2,zone_move_3->2
Бендеры,Хомутяновка,улица Чехова,10,3,5.0572,3.5554,4.925,5.0532,0.0,False,False,,4.828,2,zone_move_3->2
Бендеры,Хомутяновка,улица Чехова,14а,3,4.9046,3.4057,4.818,4.901,0.0,False,False,,4.6762,2,zone_move_3->2
Бендеры,Хомутяновка,улица Чехова,27,3,4.6962,3.0893,4.598,4.6933,0.0,False,False,,4.4523,2,zone_move_3->2
Бендеры,Хомутяновка,улица Чехова,29,3,4.6793,3.1062,4.585,4.6764,0.0,False,False,,4.4405,2,zone_move_3->2
Бендеры,Хомутяновка,улица Чехова,30,3,5.0995,3.5977,5.012,5.0954,0.0,False,False,,4.8702,2,zone_move_3->2
Бендеры,Хомутяновка,улица Чехова,31,3,4.6631,3.1224,4.572,4.6602,0.0,False,False,,4.4292,2,zone_move_3->2
Бендеры,Хомутяновка,улица Чехова,130,3,4.8286,3.3297,4.742,4.8253,0.0,False,False,,4.6005,2,zone_move_3->2
Бендеры,Хомутяновка,улица Чехова,132,3,4.7428,3.2438,4.656,4.7396,0.0,False,False,,4.5148,2,zone_move_3->2
