settlement_ru,district_ru,street_ru,housenumber,current_zone,central_km,bam_km,current_expected_km,in_city_km,outside_city_km,crosses_boundary,reenters_city,first_exit_lonlat,eq_km_A,recalculated_zone_A,qa_flag
Парканы,Парканы,Заводская улица,1,4,7.0754,7.8067,7.11,1.597,5.4695,True,False,"[29.491402, 46.832239]",10.8222,4,
Парканы,Парканы,Заводская улица,2,4,7.0708,7.8021,7.106,1.597,5.4649,True,False,"[29.491402, 46.832239]",10.8146,4,
Парканы,Парканы,Заводская улица,4 А,4,7.1162,7.8475,7.152,1.597,5.5102,True,False,"[29.491402, 46.832239]",10.8901,4,
Парканы,Парканы,Коммунистическая улица,1,3,4.5458,5.2771,4.581,1.597,2.9433,True,False,"[29.491402, 46.832239]",6.6119,3,
Парканы,Парканы,Коммунистическая улица,3,3,4.562,5.2933,4.597,1.597,2.9595,True,False,"[29.491402, 46.832239]",6.6389,3,
Парканы,Парканы,Коммунистическая улица,4,3,4.5498,5.2811,4.585,1.597,2.9473,True,False,"[29.491402, 46.832239]",6.6186,3,
Парканы,Парканы,Коммунистическая улица,5,3,4.5875,5.3187,4.623,1.597,2.9848,True,False,"[29.491402, 46.832239]",6.6811,3,
Парканы,Парканы,Коммунистическая улица,6,3,4.5706,5.3019,4.606,1.597,2.968,True,False,"[29.491402, 46.832239]",6.6531,3,
Парканы,Парканы,Коммунистическая улица,7,3,4.6076,5.3389,4.643,1.597,3.005,True,False,"[29.491402, 46.832239]",6.7147,3,
Парканы,Парканы,Коммунистическая улица,8,3,4.5889,5.3202,4.624,1.597,2.9863,True,False,"[29.491402, 46.832239]",6.6836,3,
Парканы,Парканы,Коммунистическая улица,9,3,4.6276,5.3588,4.663,1.597,3.0249,True,False,"[29.491402, 46.832239]",6.7479,3,
Парканы,Парканы,Коммунистическая улица,10,3,4.607,5.3383,4.642,1.597,3.0043,True,False,"[29.491402, 46.832239]",6.7136,3,
Парканы,Парканы,Коммунистическая улица,11,3,4.646,5.3773,4.681,1.597,3.0433,True,False,"[29.491402, 46.832239]",6.7786,3,
Парканы,Парканы,Коммунистическая улица,12,3,4.6261,5.3574,4.662,1.597,3.0234,True,False,"[29.491402, 46.832239]",6.7454,3,
Парканы,Парканы,Коммунистическая улица,13,3,4.6661,5.3974,4.702,1.597,3.0633,True,False,"[29.491402, 46.832239]",6.8119,3,
Парканы,Парканы,Коммунистическая улица,14,3,4.644,5.3753,4.679,1.597,3.0412,True,False,"[29.491402, 46.832239]",6.7751,3,
Парканы,Парканы,Коммунистическая улица,15,3,4.6844,5.4157,4.719,1.597,3.0816,True,False,"[29.491402, 46.832239]",6.8424,3,
Парканы,Парканы,Коммунистическая улица,16,3,4.661,5.3923,4.697,1.597,3.0582,True,False,"[29.491402, 46.832239]",6.8034,3,
Парканы,Парканы,Коммунистическая улица,17,3,4.7036,5.4349,4.739,1.597,3.1007,True,False,"[29.491402, 46.832239]",6.8742,3,
Парканы,Парканы,Коммунистическая улица,18,3,4.6754,5.4067,4.711,1.597,3.0726,True,False,"[29.491402, 46.832239]",6.8274,3,
Парканы,Парканы,Коммунистическая улица,19,3,4.7217,5.453,4.757,1.597,3.1188,True,False,"[29.491402, 46.832239]",6.9044,3,
Парканы,Парканы,Коммунистическая улица,20,3,4.6918,5.4231,4.727,1.597,3.0889,True,False,"[29.491402, 46.832239]",6.8546,3,
Парканы,Парканы,Коммунистическая улица,21,3,4.7397,5.471,4.775,1.597,3.1367,True,False,"[29.491402, 46.832239]",6.9342,3,
Парканы,Парканы,Коммунистическая улица,22,3,4.7087,5.44,4.744,1.597,3.1058,True,False,"[29.491402, 46.832239]",6.8827,3,
Парканы,Парканы,Коммунистическая улица,22,3,4.7302,5.4615,4.744,1.597,3.1272,True,False,"[29.491402, 46.832239]",6.9184,3,
Парканы,Парканы,Коммунистическая улица,23,3,4.761,5.4923,4.796,1.597,3.158,True,False,"[29.491402, 46.832239]",6.9697,3,
Парканы,Парканы,Коммунистическая улица,25,3,4.7812,5.5125,4.817,1.597,3.1781,True,False,"[29.491402, 46.832239]",7.0032,3,
Парканы,Парканы,Коммунистическая улица,26,3,4.7525,5.4838,4.787,1.597,3.1495,True,False,"[29.491402, 46.832239]",6.9556,3,
Парканы,Парканы,Коммунистическая улица,27,3,4.8022,5.5335,4.838,1.597,3.199,True,False,"[29.491402, 46.832239]",7.0381,3,
Парканы,Парканы,Коммунистическая улица,29,3,4.8243,5.5556,4.86,1.597,3.2212,True,False,"[29.491402, 46.832239]",7.0751,3,
Парканы,Парканы,Коммунистическая улица,30,3,4.8539,5.5852,4.889,1.597,3.2501,True,False,"[29.491402, 46.832239]",7.1232,3,
Парканы,Парканы,Коммунистическая улица,31,3,4.8566,5.5878,4.892,1.597,3.2527,True,False,"[29.491402, 46.832239]",7.1276,3,
Парканы,Парканы,Коммунистическая улица,32,3,4.8303,5.5616,4.865,1.597,3.2266,True,False,"[29.491402, 46.832239]",7.0841,3,
Парканы,Парканы,Коммунистическая улица,33,3,4.8207,5.552,4.856,1.597,3.217,True,False,"[29.491402, 46.832239]",7.0681,3,
Парканы,Парканы,Коммунистическая улица,34,3,4.81,5.5413,4.845,1.597,3.2063,True,False,"[29.491402, 46.832239]",7.0502,3,
Парканы,Парканы,Коммунистическая улица,35,3,4.8001,5.5314,4.835,1.597,3.1964,True,False,"[29.491402, 46.832239]",7.0337,3,
Парканы,Парканы,Коммунистическая улица,36,3,4.7876,5.5189,4.823,1.597,3.1839,True,False,"[29.491402, 46.832239]",7.0129,3,
Парканы,Парканы,Коммунистическая улица,37,3,4.7805,5.5118,4.816,1.597,3.1768,True,False,"[29.491402, 46.832239]",7.0011,3,
Парканы,Парканы,Коммунистическая улица,38,3,4.7653,5.4966,4.8,1.597,3.1617,True,False,"[29.491402, 46.832239]",6.9759,3,
Парканы,Парканы,Коммунистическая улица,39,3,4.765,5.4963,4.801,1.597,3.1613,True,False,"[29.491402, 46.832239]",6.9752,3,
Парканы,Парканы,Коммунистическая улица,41,3,4.747,5.4783,4.782,1.597,3.1434,True,False,"[29.491402, 46.832239]",6.9454,3,
Парканы,Парканы,Комсомольская улица,1,2,3.5938,4.3251,3.63,1.597,1.9902,True,False,"[29.491402, 46.832239]",5.0234,2,
Парканы,Парканы,Комсомольская улица,3,2,3.6279,4.3592,3.664,1.597,2.0243,True,False,"[29.491402, 46.832239]",5.0802,2,
Парканы,Парканы,Комсомольская улица,4,2,3.6233,4.3546,3.659,1.597,2.0197,True,False,"[29.491402, 46.832239]",5.0726,2,
Парканы,Парканы,Комсомольская улица,5,2,3.6472,4.3785,3.683,1.597,2.0436,True,False,"[29.491402, 46.832239]",5.1124,2,
Парканы,Парканы,Комсомольская улица,6,2,3.6467,4.378,3.682,1.597,2.0431,True,False,"[29.491402, 46.832239]",5.1116,2,
Парканы,Парканы,Комсомольская улица,7,2,3.6704,4.4017,3.706,1.597,2.0668,True,False,"[29.491402, 46.832239]",5.1511,2,
Парканы,Парканы,Комсомольская улица,8,2,3.6683,4.3995,3.703,1.597,2.0646,True,False,"[29.491402, 46.832239]",5.1474,2,
Парканы,Парканы,Комсомольская улица,9,2,3.6953,4.4266,3.731,1.597,2.0917,True,False,"[29.491402, 46.832239]",5.1926,2,
Парканы,Парканы,Комсомольская улица,10,2,3.6862,4.4175,3.722,1.597,2.0826,True,False,"[29.491402, 46.832239]",5.1774,2,
Парканы,Парканы,Комсомольская улица,11,2,3.7131,4.4444,3.749,1.597,2.1095,True,False,"[29.491402, 46.832239]",5.2222,2,
Парканы,Парканы,Комсомольская улица,12,2,3.7039,4.4352,3.739,1.597,2.1003,True,False,"[29.491402, 46.832239]",5.2069,2,
Парканы,Парканы,Комсомольская улица,13,2,3.7323,4.4636,3.767,1.597,2.1287,True,False,"[29.491402, 46.832239]",5.2542,2,
Парканы,Парканы,Комсомольская улица,14,2,3.7194,4.4507,3.755,1.597,2.1158,True,False,"[29.491402, 46.832239]",5.2327,2,
Парканы,Парканы,Комсомольская улица,15,2,3.7528,4.4841,3.788,1.597,2.1492,True,False,"[29.491402, 46.832239]",5.2884,2,
Парканы,Парканы,Комсомольская улица,16,2,3.7364,4.4676,3.505,1.597,2.1328,True,False,"[29.491402, 46.832239]",5.2611,2,
Парканы,Парканы,Комсомольская улица,16,2,3.4695,4.2008,3.505,1.597,1.8661,True,False,"[29.491402, 46.832239]",4.8166,2,
Парканы,Парканы,Комсомольская улица,17,2,3.7696,4.5009,3.805,1.597,2.166,True,False,"[29.491402, 46.832239]",5.3164,2,
Парканы,Парканы,Комсомольская улица,18а,2,3.5157,4.247,3.551,1.597,1.9122,True,False,"[29.491402, 46.832239]",4.8934,2,
Парканы,Парканы,Комсомольская улица,20,2,3.6184,4.3497,3.653,1.597,2.0146,True,False,"[29.491402, 46.832239]",5.0641,2,
Парканы,Парканы,Комсомольская улица,21,2,3.7886,4.5199,3.824,1.597,2.185,True,False,"[29.491402, 46.832239]",5.3481,2,
Парканы,Парканы,Комсомольская улица,22,2,3.7875,4.5188,3.822,1.597,2.1839,True,False,"[29.491402, 46.832239]",5.3462,2,
Парканы,Парканы,Комсомольская улица,23,2,3.8054,4.5367,3.841,1.597,2.2018,True,False,"[29.491402, 46.832239]",5.3761,2,
Парканы,Парканы,Комсомольская улица,25,2,3.8255,4.5568,3.861,1.597,2.2219,True,False,"[29.491402, 46.832239]",5.4096,2,
Парканы,Парканы,Комсомольская улица,26,2,3.8244,4.5557,3.859,1.597,2.2208,True,False,"[29.491402, 46.832239]",5.4077,2,
Парканы,Парканы,Комсомольская улица,27,2,3.8456,4.5769,3.881,1.597,2.242,True,False,"[29.491402, 46.832239]",5.4431,2,
Парканы,Парканы,Комсомольская улица,28,2,3.8435,4.5748,3.879,1.597,2.2399,True,False,"[29.491402, 46.832239]",5.4396,2,
Парканы,Парканы,Комсомольская улица,30,2,3.8658,4.5971,3.901,1.597,2.2622,True,False,"[29.491402, 46.832239]",5.4767,2,
Парканы,Парканы,Комсомольская улица,31,2,3.8656,4.5969,3.901,1.597,2.262,True,False,"[29.491402, 46.832239]",5.4764,2,
Парканы,Парканы,Комсомольская улица,32,2,3.8836,4.6149,3.919,1.597,2.28,True,False,"[29.491402, 46.832239]",5.5064,2,
Парканы,Парканы,Комсомольская улица,33,2,3.8867,4.618,3.923,1.597,2.2831,True,False,"[29.491402, 46.832239]",5.5116,2,
Парканы,Парканы,Комсомольская улица,34,2,3.9002,4.6315,3.936,1.597,2.2966,True,False,"[29.491402, 46.832239]",5.5341,2,
Парканы,Парканы,Комсомольская улица,35,2,3.9044,4.6357,3.94,1.597,2.3009,True,False,"[29.491402, 46.832239]",5.5412,2,
Парканы,Парканы,Комсомольская улица,36,2,3.9157,4.647,3.952,1.597,2.3122,True,False,"[29.491402, 46.832239]",5.5601,2,
Парканы,Парканы,Комсомольская улица,37,2,3.9445,4.6758,3.98,1.597,2.341,True,False,"[29.491402, 46.832239]",5.6081,2,
Парканы,Парканы,Комсомольская улица,38,2,3.9357,4.667,3.972,1.597,2.3322,True,False,"[29.491402, 46.832239]",5.5934,2,
Парканы,Парканы,Комсомольская улица,39,2,3.99,4.7213,4.025,1.597,2.3865,True,False,"[29.491402, 46.832239]",5.6839,2,
Парканы,Парканы,Комсомольская улица,41,2,4.0134,4.7447,4.049,1.597,2.4099,True,False,"[29.491402, 46.832239]",5.7229,2,
Парканы,Парканы,Комсомольская улица,42,2,3.8622,4.5935,3.897,1.597,2.259,True,False,"[29.491402, 46.832239]",5.4714,2,
Парканы,Парканы,Комсомольская улица,43,2,4.0342,4.7655,4.07,1.597,2.4307,True,False,"[29.491402, 46.832239]",5.7576,2,
Парканы,Парканы,Комсомольская улица,44,2,4.0151,4.7464,4.05,1.597,2.4116,True,False,"[29.491402, 46.832239]",5.7257,2,
Парканы,Парканы,Комсомольская улица,45,2,4.0519,4.7832,4.059,1.597,2.4484,True,False,"[29.491402, 46.832239]",5.7871,2,
Парканы,Парканы,Комсомольская улица,45,2,4.024,4.7553,4.059,1.597,2.4205,True,False,"[29.491402, 46.832239]",5.7406,2,
Парканы,Парканы,Комсомольская улица,46,2,4.0337,4.765,4.07,1.597,2.4302,True,False,"[29.491402, 46.832239]",5.7567,2,
Парканы,Парканы,Комсомольская улица,47,3,4.0717,4.803,4.107,1.597,2.4681,True,False,"[29.491402, 46.832239]",5.8199,2,zone_move_3->2
Парканы,Парканы,Комсомольская улица,48,3,4.0561,4.7874,4.091,1.597,2.4526,True,False,"[29.491402, 46.832239]",5.7941,2,zone_move_3->2
Парканы,Парканы,Комсомольская улица,49,3,4.0915,4.8228,4.127,1.597,2.488,True,False,"[29.491402, 46.832239]",5.8531,2,zone_move_3->2
Парканы,Парканы,Комсомольская улица,51,3,4.1095,4.8408,4.145,1.597,2.5059,True,False,"[29.491402, 46.832239]",5.8829,2,zone_move_3->2
Парканы,Парканы,Комсомольская улица,52,3,4.1004,4.8317,4.136,1.597,2.4968,True,False,"[29.491402, 46.832239]",5.8677,2,zone_move_3->2
Парканы,Парканы,Комсомольская улица,53,3,4.1327,4.864,4.168,1.597,2.5292,True,False,"[29.491402, 46.832239]",5.9217,2,zone_move_3->2
Парканы,Парканы,Комсомольская улица,54,3,4.1197,4.851,4.156,1.597,2.5161,True,False,"[29.491402, 46.832239]",5.8999,2,zone_move_3->2
Парканы,Парканы,Комсомольская улица,55,3,4.1501,4.8814,4.186,1.597,2.5466,True,False,"[29.491402, 46.832239]",5.9507,2,zone_move_3->2
Парканы,Парканы,Комсомольская улица,56,3,4.1433,4.8745,4.179,1.597,2.5397,True,False,"[29.491402, 46.832239]",5.9392,2,zone_move_3->2
Парканы,Парканы,Комсомольская улица,57,3,4.1708,4.9021,4.206,1.597,2.5672,True,False,"[29.491402, 46.832239]",5.9851,2,zone_move_3->2
Парканы,Парканы,Комсомольская улица,58,3,4.1665,4.8978,4.202,1.597,2.5629,True,False,"[29.491402, 46.832239]",5.9779,2,zone_move_3->2
Парканы,Парканы,Комсомольская улица,60,3,4.1887,4.92,4.224,1.597,2.5851,True,False,"[29.491402, 46.832239]",6.0149,2,zone_move_3->2
Парканы,Парканы,Комсомольская улица,61,3,4.1925,4.9237,4.228,1.597,2.5889,True,False,"[29.491402, 46.832239]",6.0212,2,zone_move_3->2
Парканы,Парканы,Комсомольская улица,63,3,4.2139,4.9452,4.25,1.597,2.6104,True,False,"[29.491402, 46.832239]",6.0571,2,zone_move_3->2
Парканы,Парканы,Комсомольская улица,64,3,4.232,4.9633,4.267,1.597,2.6284,True,False,"[29.491402, 46.832239]",6.0871,3,
Парканы,Парканы,Комсомольская улица,65,3,4.2369,4.9682,4.273,1.597,2.6333,True,False,"[29.491402, 46.832239]",6.0952,3,
Парканы,Парканы,Комсомольская улица,66,3,4.2512,4.9825,4.287,1.597,2.6476,True,False,"[29.491402, 46.832239]",6.1191,3,
Парканы,Парканы,Комсомольская улица,67,3,4.2581,4.9893,4.294,1.597,2.6545,True,False,"[29.491402, 46.832239]",6.1306,3,
Парканы,Парканы,Комсомольская улица,68,3,4.2724,5.0037,4.308,1.597,2.6688,True,False,"[29.491402, 46.832239]",6.1544,3,
Парканы,Парканы,Комсомольская улица,69,3,4.284,5.0153,4.32,1.597,2.6804,True,False,"[29.491402, 46.832239]",6.1737,3,
Парканы,Парканы,Комсомольская улица,71,3,4.307,5.0383,4.342,1.597,2.7034,True,False,"[29.491402, 46.832239]",6.2121,3,
Парканы,Парканы,Комсомольская улица,72,3,4.311,5.0423,4.346,1.597,2.7075,True,False,"[29.491402, 46.832239]",6.2189,3,
Парканы,Парканы,Комсомольская улица,73,3,4.3317,5.063,4.368,1.597,2.7281,True,False,"[29.491402, 46.832239]",6.2532,3,
Парканы,Парканы,Комсомольская улица,74,3,4.3306,5.0619,4.366,1.597,2.7271,True,False,"[29.491402, 46.832239]",6.2516,3,
Парканы,Парканы,Комсомольская улица,75,3,4.348,5.0793,4.383,1.597,2.7444,True,False,"[29.491402, 46.832239]",6.2804,3,
Парканы,Парканы,Комсомольская улица,76,3,4.3544,5.0857,4.389,1.597,2.7508,True,False,"[29.491402, 46.832239]",6.2911,3,
Парканы,Парканы,Комсомольская улица,77,3,4.3686,5.0999,4.404,1.597,2.765,True,False,"[29.491402, 46.832239]",6.3147,3,
Парканы,Парканы,Комсомольская улица,78,3,4.3726,5.1039,4.409,1.597,2.7691,True,False,"[29.491402, 46.832239]",6.3216,3,
Парканы,Парканы,Комсомольская улица,80,3,4.3987,5.13,4.434,1.597,2.7951,True,False,"[29.491402, 46.832239]",6.3649,3,
Парканы,Парканы,Комсомольская улица,82,3,4.4225,5.1538,4.458,1.597,2.8189,True,False,"[29.491402, 46.832239]",6.4046,3,
Парканы,Парканы,Комсомольская улица,84,3,4.4495,5.1808,4.485,1.597,2.8459,True,False,"[29.491402, 46.832239]",6.4496,3,
Парканы,Парканы,Комсомольская улица,86,3,4.4779,5.2091,4.513,1.597,2.8742,True,False,"[29.491402, 46.832239]",6.4967,3,
Парканы,Парканы,Комсомольская улица,87,3,4.4636,5.1949,4.499,1.597,2.86,True,False,"[29.491402, 46.832239]",6.4731,3,
Парканы,Парканы,Комсомольская улица,88,3,4.5029,5.2342,4.538,1.597,2.8992,True,False,"[29.491402, 46.832239]",6.5384,3,
Парканы,Парканы,Комсомольская улица,89,3,4.4806,5.2119,4.516,1.597,2.877,True,False,"[29.491402, 46.832239]",6.5014,3,
Парканы,Парканы,Комсомольская улица,90,3,4.5265,5.2578,4.562,1.597,2.9229,True,False,"[29.491402, 46.832239]",6.5779,3,
Парканы,Парканы,Комсомольская улица,92,3,4.5591,5.2904,4.595,1.597,2.9554,True,False,"[29.491402, 46.832239]",6.6321,3,
Парканы,Парканы,Комсомольская улица,93,3,4.5076,5.2389,4.543,1.597,2.904,True,False,"[29.491402, 46.832239]",6.5464,3,
Парканы,Парканы,Комсомольская улица,94,3,4.5961,5.3274,4.631,1.597,2.9925,True,False,"[29.491402, 46.832239]",6.6939,3,
Парканы,Парканы,Комсомольская улица,95,3,4.523,5.2543,4.558,1.597,2.9193,True,False,"[29.491402, 46.832239]",6.5719,3,
Парканы,Парканы,Комсомольская улица,97,3,4.5407,5.272,4.576,1.597,2.9371,True,False,"[29.491402, 46.832239]",6.6016,3,
Парканы,Парканы,Комсомольская улица,99,3,4.5506,5.2819,4.586,1.597,2.9469,True,False,"[29.491402, 46.832239]",6.6179,3,
Парканы,Парканы,Комсомольская улица,100,3,4.819,5.5503,4.855,1.597,3.2155,True,False,"[29.491402, 46.832239]",7.0656,3,
Парканы,Парканы,Комсомольская улица,101,3,4.571,5.3023,4.607,1.597,2.9673,True,False,"[29.491402, 46.832239]",6.6519,3,
Парканы,Парканы,Комсомольская улица,102,3,4.837,5.5683,4.872,1.597,3.2335,True,False,"[29.491402, 46.832239]",7.0956,3,
Парканы,Парканы,Комсомольская улица,103,3,4.5878,5.319,4.623,1.597,2.9841,True,False,"[29.491402, 46.832239]",6.6799,3,
Парканы,Парканы,Комсомольская улица,104,3,4.8528,5.5841,4.888,1.597,3.2492,True,False,"[29.491402, 46.832239]",7.1217,3,
Парканы,Парканы,Комсомольская улица,105,3,4.6045,5.3358,4.64,1.597,3.0009,True,False,"[29.491402, 46.832239]",6.7079,3,
Парканы,Парканы,Комсомольская улица,106,3,4.8704,5.6017,4.906,1.597,3.2668,True,False,"[29.491402, 46.832239]",7.1511,3,
Парканы,Парканы,Комсомольская улица,107,3,4.6212,5.3525,4.657,1.597,3.0176,True,False,"[29.491402, 46.832239]",6.7357,3,
Парканы,Парканы,Комсомольская улица,108,3,4.889,5.6203,4.924,1.597,3.2855,True,False,"[29.491402, 46.832239]",7.1822,3,
Парканы,Парканы,Комсомольская улица,109,3,4.6443,5.3756,4.68,1.597,3.0406,True,False,"[29.491402, 46.832239]",6.7741,3,
Парканы,Парканы,Комсомольская улица,110,3,4.9047,5.636,4.94,1.597,3.3011,True,False,"[29.491402, 46.832239]",7.2082,3,
Парканы,Парканы,Комсомольская улица,111,3,4.5799,5.3112,4.616,1.597,2.9764,True,False,"[29.491402, 46.832239]",6.6671,3,
Парканы,Парканы,Комсомольская улица,112,3,4.9184,5.6497,4.954,1.597,3.3148,True,False,"[29.491402, 46.832239]",7.2311,3,
Парканы,Парканы,Комсомольская улица,113,3,4.595,5.3263,4.631,1.597,2.9915,True,False,"[29.491402, 46.832239]",6.6922,3,
Парканы,Парканы,Комсомольская улица,114,3,4.9311,5.6623,4.966,1.597,3.3275,True,False,"[29.491402, 46.832239]",7.2522,3,
Парканы,Парканы,Комсомольская улица,115,3,4.6096,5.3409,4.645,1.597,3.0061,True,False,"[29.491402, 46.832239]",6.7166,3,
Парканы,Парканы,Комсомольская улица,116,3,4.9438,5.675,4.979,1.597,3.3402,True,False,"[29.491402, 46.832239]",7.2734,3,
Парканы,Парканы,Комсомольская улица,117,3,4.629,5.3602,4.665,1.597,3.0254,True,False,"[29.491402, 46.832239]",6.7487,3,
Парканы,Парканы,Комсомольская улица,118,3,4.9586,5.6899,4.994,1.597,3.355,True,False,"[29.491402, 46.832239]",7.2981,3,
Парканы,Парканы,Комсомольская улица,119,3,4.6488,5.3801,4.684,1.597,3.0453,True,False,"[29.491402, 46.832239]",6.7819,3,
Парканы,Парканы,Комсомольская улица,120,3,4.9678,5.6991,5.003,1.597,3.3641,True,False,"[29.491402, 46.832239]",7.3132,3,
Парканы,Парканы,Комсомольская улица,121,3,4.6658,5.3971,4.701,1.597,3.0623,True,False,"[29.491402, 46.832239]",6.8102,3,
Парканы,Парканы,Комсомольская улица,124,3,4.9898,5.7211,5.026,1.597,3.3862,True,False,"[29.491402, 46.832239]",7.3501,3,
Парканы,Парканы,Комсомольская улица,125,3,4.6814,5.4127,4.717,1.597,3.0779,True,False,"[29.491402, 46.832239]",6.8362,3,
Парканы,Парканы,Комсомольская улица,125,3,4.6985,5.4298,4.717,1.597,3.095,True,False,"[29.491402, 46.832239]",6.8647,3,
Парканы,Парканы,Комсомольская улица,126,3,5.0015,5.7328,5.037,1.597,3.3979,True,False,"[29.491402, 46.832239]",7.3696,3,
Парканы,Парканы,Комсомольская улица,127,3,4.7157,5.447,4.751,1.597,3.1122,True,False,"[29.491402, 46.832239]",6.8934,3,
Парканы,Парканы,Комсомольская улица,128,3,5.0154,5.7467,5.051,1.597,3.4117,True,False,"[29.491402, 46.832239]",7.3926,3,
Парканы,Парканы,Комсомольская улица,129,3,4.7296,5.4609,4.765,1.597,3.1261,True,False,"[29.491402, 46.832239]",6.9166,3,
Парканы,Парканы,Комсомольская улица,130,3,5.0287,5.76,5.064,1.597,3.425,True,False,"[29.491402, 46.832239]",7.4147,3,
Парканы,Парканы,Комсомольская улица,131,3,4.7442,5.4755,4.78,1.597,3.1406,True,False,"[29.491402, 46.832239]",6.9407,3,
Парканы,Парканы,Комсомольская улица,132,3,5.0412,5.7725,5.077,1.597,3.4375,True,False,"[29.491402, 46.832239]",7.4356,3,
Парканы,Парканы,Комсомольская улица,133,3,4.7602,5.4915,4.796,1.597,3.1567,True,False,"[29.491402, 46.832239]",6.9676,3,
Парканы,Парканы,Комсомольская улица,134,3,5.0553,5.7866,5.09,1.597,3.4516,True,False,"[29.491402, 46.832239]",7.4591,3,
Парканы,Парканы,Комсомольская улица,135,3,4.7749,5.5062,4.81,1.597,3.1713,True,False,"[29.491402, 46.832239]",6.9919,3,
Парканы,Парканы,Комсомольская улица,136,3,5.0662,5.7975,5.102,1.597,3.4624,True,False,"[29.491402, 46.832239]",7.4771,3,
Парканы,Парканы,Комсомольская улица,137,3,4.7932,5.5245,4.829,1.597,3.1897,True,False,"[29.491402, 46.832239]",7.0226,3,
Парканы,Парканы,Комсомольская улица,138,3,5.0806,5.8119,5.116,1.597,3.4769,True,False,"[29.491402, 46.832239]",7.5012,3,
Парканы,Парканы,Комсомольская улица,139,3,4.8109,5.5422,4.846,1.597,3.2074,True,False,"[29.491402, 46.832239]",7.0521,3,
Парканы,Парканы,Комсомольская улица,140,3,5.0932,5.8245,5.129,1.597,3.4895,True,False,"[29.491402, 46.832239]",7.5222,3,
Парканы,Парканы,Комсомольская улица,141,3,4.8285,5.5598,4.864,1.597,3.225,True,False,"[29.491402, 46.832239]",7.0814,3,
Парканы,Парканы,Комсомольская улица,142,3,5.1097,5.841,5.145,1.597,3.5059,True,False,"[29.491402, 46.832239]",7.5496,3,
Парканы,Парканы,Комсомольская улица,143,3,4.8512,5.5825,4.887,1.597,3.2476,True,False,"[29.491402, 46.832239]",7.1191,3,
Парканы,Парканы,Комсомольская улица,143,3,4.8678,5.5991,4.887,1.597,3.2642,True,False,"[29.491402, 46.832239]",7.1467,3,
Парканы,Парканы,Комсомольская улица,144,3,5.124,5.8553,5.159,1.597,3.5202,True,False,"[29.491402, 46.832239]",7.5734,3,
Парканы,Парканы,Комсомольская улица,145,3,4.8858,5.6171,4.921,1.597,3.2822,True,False,"[29.491402, 46.832239]",7.1767,3,
Парканы,Парканы,Комсомольская улица,146,3,5.1457,5.877,5.181,1.597,3.5419,True,False,"[29.491402, 46.832239]",7.6096,3,
Парканы,Парканы,Комсомольская улица,147,3,4.9089,5.6402,4.944,1.597,3.3053,True,False,"[29.491402, 46.832239]",7.2152,3,
Парканы,Парканы,Комсомольская улица,148,3,5.1606,5.8919,5.196,1.597,3.5568,True,False,"[29.491402, 46.832239]",7.6344,3,
Парканы,Парканы,Комсомольская улица,149,3,4.9225,5.6538,4.958,1.597,3.3189,True,False,"[29.491402, 46.832239]",7.2379,3,
Парканы,Парканы,Комсомольская улица,150,3,5.1741,5.9054,5.209,1.597,3.5703,True,False,"[29.491402, 46.832239]",7.6569,3,
Парканы,Парканы,Комсомольская улица,151,3,4.9442,5.6755,4.979,1.597,3.3406,True,False,"[29.491402, 46.832239]",7.2741,3,
Парканы,Парканы,Комсомольская улица,152,3,5.221,5.9523,5.257,1.597,3.6171,True,False,"[29.491402, 46.832239]",7.7349,3,
Парканы,Парканы,Комсомольская улица,152,3,5.2497,5.981,5.257,1.597,3.6458,True,False,"[29.491402, 46.832239]",7.7827,3,
Парканы,Парканы,Комсомольская улица,153,3,4.9562,5.6875,4.991,1.597,3.3526,True,False,"[29.491402, 46.832239]",7.2941,3,
Парканы,Парканы,Комсомольская улица,154,3,5.2335,5.9648,5.269,1.597,3.6296,True,False,"[29.491402, 46.832239]",7.7557,3,
Парканы,Парканы,Комсомольская улица,154,3,5.2614,5.9927,5.269,1.597,3.6575,True,False,"[29.491402, 46.832239]",7.8022,3,
Парканы,Парканы,Комсомольская улица,155,3,4.9714,5.7027,5.007,1.597,3.3678,True,False,"[29.491402, 46.832239]",7.3194,3,
Парканы,Парканы,Комсомольская улица,156,3,5.2818,6.0131,5.317,1.597,3.6779,True,False,"[29.491402, 46.832239]",7.8362,3,
Парканы,Парканы,Комсомольская улица,157,3,4.9857,5.717,5.021,1.597,3.3821,True,False,"[29.491402, 46.832239]",7.3432,3,
Парканы,Парканы,Комсомольская улица,158,3,5.2935,6.0248,5.329,1.597,3.6895,True,False,"[29.491402, 46.832239]",7.8556,3,
Парканы,Парканы,Комсомольская улица,159,3,4.9985,5.7298,5.034,1.597,3.3949,True,False,"[29.491402, 46.832239]",7.3646,3,
Парканы,Парканы,Комсомольская улица,160,3,5.3057,6.037,5.341,1.597,3.7017,True,False,"[29.491402, 46.832239]",7.8759,3,
Парканы,Парканы,Комсомольская улица,161,3,5.0227,5.754,5.059,1.597,3.419,True,False,"[29.491402, 46.832239]",7.4047,3,
Парканы,Парканы,Комсомольская улица,162,3,5.3177,6.049,5.353,1.597,3.7137,True,False,"[29.491402, 46.832239]",7.8959,3,
Парканы,Парканы,Комсомольская улица,163,3,5.048,5.7793,5.083,1.597,3.4443,True,False,"[29.491402, 46.832239]",7.4469,3,
Парканы,Парканы,Комсомольская улица,164,3,5.332,6.0633,5.367,1.597,3.728,True,False,"[29.491402, 46.832239]",7.9197,3,
Парканы,Парканы,Комсомольская улица,165,3,5.0705,5.8017,5.106,1.597,3.4667,True,False,"[29.491402, 46.832239]",7.4842,3,
Парканы,Парканы,Комсомольская улица,166,3,5.3942,6.1255,5.43,1.597,3.7902,True,False,"[29.491402, 46.832239]",8.0234,3,
Парканы,Парканы,Комсомольская улица,167,3,5.0963,5.8276,5.132,1.597,3.4926,True,False,"[29.491402, 46.832239]",7.5274,3,
Парканы,Парканы,Комсомольская улица,168,3,5.3917,6.123,5.427,1.597,3.7877,True,False,"[29.491402, 46.832239]",8.0192,3,
Парканы,Парканы,Комсомольская улица,169,3,5.1288,5.8601,5.164,1.597,3.525,True,False,"[29.491402, 46.832239]",7.5814,3,
Парканы,Парканы,Комсомольская улица,171,3,5.1612,5.8925,5.197,1.597,3.5574,True,False,"[29.491402, 46.832239]",7.6354,3,
Парканы,Парканы,Комсомольская улица,173,3,5.1919,5.9232,5.227,1.597,3.588,True,False,"[29.491402, 46.832239]",7.6864,3,
Парканы,Парканы,Комсомольская улица,175,3,5.267,5.9983,5.302,1.597,3.663,True,False,"[29.491402, 46.832239]",7.8114,3,
Парканы,Парканы,Красный переулок,1,3,4.8709,5.6022,4.906,1.597,3.2678,True,False,"[29.491402, 46.832239]",7.1527,3,
Парканы,Парканы,Красный переулок,2,3,4.843,5.5743,4.879,1.597,3.2398,True,False,"[29.491402, 46.832239]",7.1061,3,
Парканы,Парканы,Красный переулок,2,3,4.8921,5.6234,4.879,1.597,3.289,True,False,"[29.491402, 46.832239]",7.1881,3,
Парканы,Парканы,Красный переулок,3,3,4.9211,5.6524,4.956,1.597,3.3179,True,False,"[29.491402, 46.832239]",7.2362,3,
Парканы,Парканы,Красный переулок,4,3,4.8958,5.6271,4.931,1.597,3.2926,True,False,"[29.491402, 46.832239]",7.1941,3,
Парканы,Парканы,Красный переулок,5,3,4.9548,5.6861,4.99,1.597,3.3515,True,False,"[29.491402, 46.832239]",7.2922,3,
Парканы,Парканы,Красный переулок,7,3,5.0,5.7313,5.035,1.597,3.3968,True,False,"[29.491402, 46.832239]",7.3677,3,
Парканы,Парканы,Красный переулок,8,3,5.032,5.7633,5.068,1.597,3.4288,True,False,"[29.491402, 46.832239]",7.4211,3,
Парканы,Парканы,Красный переулок,9,3,5.0214,5.7527,5.057,1.597,3.4182,True,False,"[29.491402, 46.832239]",7.4034,3,
Парканы,Парканы,Красный переулок,10,3,5.0513,5.7826,5.087,1.597,3.4481,True,False,"[29.491402, 46.832239]",7.4532,3,
Парканы,Парканы,Красный переулок,11,3,5.0683,5.7996,5.083,1.597,3.4651,True,False,"[29.491402, 46.832239]",7.4816,3,
Парканы,Парканы,Красный переулок,11,3,5.0476,5.7789,5.083,1.597,3.4444,True,False,"[29.491402, 46.832239]",7.4471,3,
Парканы,Парканы,Красный переулок,12,3,5.0677,5.7989,5.103,1.597,3.4644,True,False,"[29.491402, 46.832239]",7.4804,3,
Парканы,Парканы,Красный переулок,13,3,5.0856,5.8169,5.121,1.597,3.4824,True,False,"[29.491402, 46.832239]",7.5104,3,
Парканы,Парканы,Красный переулок,15,3,5.0967,5.828,5.132,1.597,3.4935,True,False,"[29.491402, 46.832239]",7.5289,3,
Парканы,Парканы,Красный переулок,28,3,4.8331,5.5644,4.869,1.597,3.2299,True,False,"[29.491402, 46.832239]",7.0896,3,
Парканы,Парканы,Молодёжная улица,1,4,5.555,6.2863,5.591,1.597,3.949,True,False,"[29.491402, 46.832239]",8.2881,3,zone_move_4->3
Парканы,Парканы,Молодёжная улица,2,4,5.5806,6.3119,5.616,1.597,3.9746,True,False,"[29.491402, 46.832239]",8.3307,3,zone_move_4->3
Парканы,Парканы,Молодёжная улица,3,4,5.5965,6.3278,5.632,1.597,3.9905,True,False,"[29.491402, 46.832239]",8.3572,3,zone_move_4->3
Парканы,Парканы,Молодёжная улица,4,4,5.603,6.3343,5.639,1.597,3.997,True,False,"[29.491402, 46.832239]",8.3681,3,zone_move_4->3
Парканы,Парканы,Молодёжная улица,5,4,5.6224,6.3537,5.657,1.597,4.0164,True,False,"[29.491402, 46.832239]",8.4004,4,
Парканы,Парканы,Молодёжная улица,6,4,5.6198,6.3511,5.655,1.597,4.0138,True,False,"[29.491402, 46.832239]",8.3961,4,
Парканы,Парканы,Молодёжная улица,7,4,5.647,6.3783,5.682,1.597,4.041,True,False,"[29.491402, 46.832239]",8.4414,4,
Парканы,Парканы,Молодёжная улица,9,4,5.6683,6.3996,5.704,1.597,4.0623,True,False,"[29.491402, 46.832239]",8.4769,4,
Парканы,Парканы,Молодёжная улица,10,4,5.6516,6.3829,5.687,1.597,4.0456,True,False,"[29.491402, 46.832239]",8.4491,4,
Парканы,Парканы,Молодёжная улица,11,4,5.692,6.4233,5.728,1.597,4.086,True,False,"[29.491402, 46.832239]",8.5164,4,
Парканы,Парканы,Молодёжная улица,12,4,5.6731,6.4044,5.709,1.597,4.0671,True,False,"[29.491402, 46.832239]",8.4849,4,
Парканы,Парканы,Молодёжная улица,13,4,5.7124,6.4437,5.748,1.597,4.1064,True,False,"[29.491402, 46.832239]",8.5504,4,
Парканы,Парканы,Молодёжная улица,14,4,5.6989,6.4302,5.735,1.597,4.0929,True,False,"[29.491402, 46.832239]",8.5279,4,
Парканы,Парканы,Молодёжная улица,15,4,5.737,6.4683,5.772,1.597,4.131,True,False,"[29.491402, 46.832239]",8.5914,4,
Парканы,Парканы,Молодёжная улица,16,4,5.7204,6.4517,5.756,1.597,4.1144,True,False,"[29.491402, 46.832239]",8.5637,4,
Парканы,Парканы,Молодёжная улица,17,4,5.7608,6.4921,5.796,1.597,4.1548,True,False,"[29.491402, 46.832239]",8.6311,4,
Парканы,Парканы,Молодёжная улица,18,4,5.7408,6.4721,5.777,1.597,4.1348,True,False,"[29.491402, 46.832239]",8.5977,4,
Парканы,Парканы,Молодёжная улица,19,4,5.7901,6.5213,5.825,1.597,4.184,True,False,"[29.491402, 46.832239]",8.6797,4,
Парканы,Парканы,Молодёжная улица,20,4,5.76,6.4913,5.795,1.597,4.154,True,False,"[29.491402, 46.832239]",8.6297,4,
Парканы,Парканы,Молодёжная улица,21,4,5.8127,6.544,5.848,1.597,4.2067,True,False,"[29.491402, 46.832239]",8.7176,4,
Парканы,Парканы,Молодёжная улица,22,4,5.7791,6.5104,5.815,1.597,4.1731,True,False,"[29.491402, 46.832239]",8.6616,4,
Парканы,Парканы,Молодёжная улица,23,4,5.8353,6.5666,5.871,1.597,4.2293,True,False,"[29.491402, 46.832239]",8.7552,4,
Парканы,Парканы,Молодёжная улица,24,4,5.7993,6.5306,5.835,1.597,4.1933,True,False,"[29.491402, 46.832239]",8.6952,4,
Парканы,Парканы,Молодёжная улица,24,4,5.8551,6.5864,5.835,1.597,4.2491,True,False,"[29.491402, 46.832239]",8.7882,4,
Парканы,Парканы,Молодёжная улица,25,4,5.8592,6.5905,5.895,1.597,4.2532,True,False,"[29.491402, 46.832239]",8.7951,4,
Парканы,Парканы,Молодёжная улица,26,4,5.8221,6.5534,5.858,1.597,4.2161,True,False,"[29.491402, 46.832239]",8.7332,4,
Парканы,Парканы,Молодёжная улица,27,4,5.8885,6.6198,5.924,1.597,4.2826,True,False,"[29.491402, 46.832239]",8.8441,4,
Парканы,Парканы,Молодёжная улица,28,4,5.8457,6.577,5.881,1.597,4.2397,True,False,"[29.491402, 46.832239]",8.7726,4,
Парканы,Парканы,Молодёжная улица,29,4,5.9154,6.6467,5.951,1.597,4.3095,True,False,"[29.491402, 46.832239]",8.8889,4,
Парканы,Парканы,Молодёжная улица,30,4,5.866,6.5973,5.902,1.597,4.26,True,False,"[29.491402, 46.832239]",8.8064,4,
Парканы,Парканы,Молодёжная улица,31,4,5.9392,6.6705,5.975,1.597,4.3332,True,False,"[29.491402, 46.832239]",8.9284,4,
Парканы,Парканы,Молодёжная улица,32,4,5.8928,6.6241,5.928,1.597,4.2868,True,False,"[29.491402, 46.832239]",8.8511,4,
Парканы,Парканы,Молодёжная улица,33,4,5.964,6.6953,5.999,1.597,4.358,True,False,"[29.491402, 46.832239]",8.9697,4,
Парканы,Парканы,Молодёжная улица,34,4,5.9188,6.6501,5.954,1.597,4.3128,True,False,"[29.491402, 46.832239]",8.8944,4,
Парканы,Парканы,Молодёжная улица,35,4,5.9844,6.7157,6.02,1.597,4.3785,True,False,"[29.491402, 46.832239]",9.0039,4,
Парканы,Парканы,Молодёжная улица,36,4,5.9404,6.6717,5.976,1.597,4.3345,True,False,"[29.491402, 46.832239]",8.9306,4,
Парканы,Парканы,Молодёжная улица,37,4,6.0126,6.7439,6.049,1.597,4.4066,True,False,"[29.491402, 46.832239]",9.0507,4,
Парканы,Парканы,Молодёжная улица,38,4,5.9665,6.6978,6.002,1.597,4.3606,True,False,"[29.491402, 46.832239]",8.9741,4,
Парканы,Парканы,Молодёжная улица,39,4,6.0364,6.7677,6.072,1.597,4.4304,True,False,"[29.491402, 46.832239]",9.0904,4,
Парканы,Парканы,Молодёжная улица,40,4,5.9889,6.7202,6.024,1.597,4.383,True,False,"[29.491402, 46.832239]",9.0114,4,
Парканы,Парканы,Молодёжная улица,41,4,6.0451,6.7764,6.08,1.597,4.4391,True,False,"[29.491402, 46.832239]",9.1049,4,
Парканы,Парканы,Молодёжная улица,42,4,6.0123,6.7435,6.047,1.597,4.4063,True,False,"[29.491402, 46.832239]",9.0502,4,
Парканы,Парканы,Молодёжная улица,43,4,6.5886,7.3198,6.624,1.597,4.9817,True,False,"[29.491402, 46.832239]",10.0092,4,
Парканы,Парканы,Молодёжная улица,44,4,6.6294,7.3607,6.624,1.597,5.0226,True,False,"[29.491402, 46.832239]",10.0774,4,
Парканы,Парканы,Молодёжная улица,44,4,6.5892,7.3205,6.624,1.597,4.9824,True,False,"[29.491402, 46.832239]",10.0104,4,
Парканы,Парканы,Молодёжная улица,45,4,6.5649,7.2962,6.593,1.597,4.9581,True,False,"[29.491402, 46.832239]",9.9699,4,
Парканы,Парканы,Молодёжная улица,45,4,6.5574,7.2887,6.593,1.597,4.9506,True,False,"[29.491402, 46.832239]",9.9574,4,
Парканы,Парканы,Молодёжная улица,46,4,6.6045,7.3358,6.599,1.597,4.9977,True,False,"[29.491402, 46.832239]",10.0359,4,
Парканы,Парканы,Молодёжная улица,46,4,6.5639,7.2952,6.599,1.597,4.9571,True,False,"[29.491402, 46.832239]",9.9682,4,
Парканы,Парканы,Молодёжная улица,47,4,6.5447,7.276,6.58,1.597,4.9379,True,False,"[29.491402, 46.832239]",9.9362,4,
Парканы,Парканы,Молодёжная улица,48,4,6.5788,7.3101,6.575,1.597,4.9719,True,False,"[29.491402, 46.832239]",9.9929,4,
Парканы,Парканы,Молодёжная улица,48,4,6.5407,7.2719,6.575,1.597,4.9338,True,False,"[29.491402, 46.832239]",9.9294,4,
Парканы,Парканы,Молодёжная улица,49,4,6.5208,7.2521,6.556,1.597,4.914,True,False,"[29.491402, 46.832239]",9.8964,4,
Парканы,Парканы,Молодёжная улица,50,4,6.5553,7.2866,6.552,1.597,4.9484,True,False,"[29.491402, 46.832239]",9.9537,4,
Парканы,Парканы,Молодёжная улица,50,4,6.5169,7.2482,6.552,1.597,4.91,True,False,"[29.491402, 46.832239]",9.8897,4,
Парканы,Парканы,Молодёжная улица,51,4,6.5006,7.2319,6.536,1.597,4.8938,True,False,"[29.491402, 46.832239]",9.8627,4,
Парканы,Парканы,Молодёжная улица,52,4,6.5293,7.2606,6.565,1.597,4.9224,True,False,"[29.491402, 46.832239]",9.9104,4,
Парканы,Парканы,Молодёжная улица,53,4,6.4782,7.2095,6.514,1.597,4.8713,True,False,"[29.491402, 46.832239]",9.8252,4,
Парканы,Парканы,Молодёжная улица,54,4,6.5021,7.2334,6.537,1.597,4.8953,True,False,"[29.491402, 46.832239]",9.8652,4,
Парканы,Парканы,Молодёжная улица,55,4,6.4556,7.1869,6.466,1.597,4.8488,True,False,"[29.491402, 46.832239]",9.7877,4,
Парканы,Парканы,Молодёжная улица,55,4,6.4309,7.1622,6.466,1.597,4.8241,True,False,"[29.491402, 46.832239]",9.7466,4,
Парканы,Парканы,Молодёжная улица,56,4,6.474,7.2053,6.476,1.597,4.8671,True,False,"[29.491402, 46.832239]",9.8182,4,
Парканы,Парканы,Молодёжная улица,56,4,6.4409,7.1722,6.476,1.597,4.8341,True,False,"[29.491402, 46.832239]",9.7632,4,
Парканы,Парканы,Молодёжная улица,57,4,6.4309,7.1622,6.466,1.597,4.8241,True,False,"[29.491402, 46.832239]",9.7466,4,
Парканы,Парканы,Молодёжная улица,58,4,6.4415,7.1728,6.477,1.597,4.8346,True,False,"[29.491402, 46.832239]",9.7641,4,
Парканы,Парканы,Молодёжная улица,59,4,6.404,7.1353,6.44,1.597,4.7971,True,False,"[29.491402, 46.832239]",9.7016,4,
Парканы,Парканы,Молодёжная улица,60,4,6.4109,7.1422,6.447,1.597,4.804,True,False,"[29.491402, 46.832239]",9.7131,4,
Парканы,Парканы,Молодёжная улица,61,4,6.3746,7.1059,6.376,1.597,4.7677,True,False,"[29.491402, 46.832239]",9.6526,4,
Парканы,Парканы,Молодёжная улица,61,4,6.3404,7.0717,6.376,1.597,4.7335,True,False,"[29.491402, 46.832239]",9.5956,4,
Парканы,Парканы,Молодёжная улица,62,4,6.3802,7.1115,6.415,1.597,4.7734,True,False,"[29.491402, 46.832239]",9.6621,4,
Парканы,Парканы,Молодёжная улица,64,4,6.3476,7.0789,6.383,1.597,4.7407,True,False,"[29.491402, 46.832239]",9.6076,4,
Парканы,Парканы,Молодёжная улица,65,4,6.3136,7.0449,6.349,1.597,4.7067,True,False,"[29.491402, 46.832239]",9.5509,4,
Парканы,Парканы,Молодёжная улица,66,4,6.3151,7.0464,6.351,1.597,4.7083,True,False,"[29.491402, 46.832239]",9.5536,4,
Парканы,Парканы,Молодёжная улица,68,4,6.2857,7.017,6.321,1.597,4.6789,True,False,"[29.491402, 46.832239]",9.5046,4,
Парканы,Парканы,Молодёжная улица,69,4,6.2261,6.9574,6.261,1.597,4.6193,True,False,"[29.491402, 46.832239]",9.4052,4,
Парканы,Парканы,Молодёжная улица,70,4,6.2633,6.9946,6.299,1.597,4.6564,True,False,"[29.491402, 46.832239]",9.4671,4,
Парканы,Парканы,Молодёжная улица,71,4,6.2657,6.997,6.301,1.597,4.6588,True,False,"[29.491402, 46.832239]",9.4711,4,
Парканы,Парканы,Молодёжная улица,72,4,6.251,6.9823,6.287,1.597,4.6441,True,False,"[29.491402, 46.832239]",9.4466,4,
Парканы,Парканы,Молодёжная улица,73,4,6.2863,7.0176,6.321,1.597,4.6794,True,False,"[29.491402, 46.832239]",9.5054,4,
Парканы,Парканы,Молодёжная улица,74,4,6.2711,7.0024,6.307,1.597,4.6643,True,False,"[29.491402, 46.832239]",9.4802,4,
Парканы,Парканы,Молодёжная улица,75,4,6.3054,7.0367,6.341,1.597,4.6985,True,False,"[29.491402, 46.832239]",9.5372,4,
Парканы,Парканы,Молодёжная улица,76,4,6.2916,7.0228,6.327,1.597,4.6847,True,False,"[29.491402, 46.832239]",9.5142,4,
Парканы,Парканы,Молодёжная улица,77,4,6.3225,7.0538,6.358,1.597,4.7156,True,False,"[29.491402, 46.832239]",9.5657,4,
Парканы,Парканы,Молодёжная улица,78,4,6.3075,7.0388,6.343,1.597,4.7006,True,False,"[29.491402, 46.832239]",9.5407,4,
Парканы,Парканы,Молодёжная улица,79,4,6.3424,7.0737,6.377,1.597,4.7355,True,False,"[29.491402, 46.832239]",9.5989,4,
Парканы,Парканы,Молодёжная улица,79,4,6.381,7.1123,6.377,1.597,4.7742,True,False,"[29.491402, 46.832239]",9.6634,4,
Парканы,Парканы,Молодёжная улица,80,4,6.3277,7.059,6.364,1.597,4.7208,True,False,"[29.491402, 46.832239]",9.5744,4,
Парканы,Парканы,Молодёжная улица,81,4,6.3618,7.0931,6.397,1.597,4.7549,True,False,"[29.491402, 46.832239]",9.6312,4,
Парканы,Парканы,Молодёжная улица,82,4,6.3432,7.0745,6.379,1.597,4.7363,True,False,"[29.491402, 46.832239]",9.6002,4,
Парканы,Парканы,Молодёжная улица,83,4,6.3831,7.1143,6.418,1.597,4.7762,True,False,"[29.491402, 46.832239]",9.6667,4,
Парканы,Парканы,Молодёжная улица,84,4,6.3614,7.0927,6.397,1.597,4.7546,True,False,"[29.491402, 46.832239]",9.6307,4,
Парканы,Парканы,Молодёжная улица,85,4,6.4034,7.1347,6.439,1.597,4.7965,True,False,"[29.491402, 46.832239]",9.7006,4,
Парканы,Парканы,Молодёжная улица,86,4,6.3871,7.1184,6.422,1.597,4.7802,True,False,"[29.491402, 46.832239]",9.6734,4,
Парканы,Парканы,Молодёжная улица,87,4,6.4205,7.1518,6.455,1.597,4.8136,True,False,"[29.491402, 46.832239]",9.7291,4,
Парканы,Парканы,Молодёжная улица,88,4,6.4052,7.1365,6.44,1.597,4.7983,True,False,"[29.491402, 46.832239]",9.7036,4,
Парканы,Парканы,Молодёжная улица,89,4,6.4374,7.1687,6.473,1.597,4.8305,True,False,"[29.491402, 46.832239]",9.7572,4,
Парканы,Парканы,Молодёжная улица,90,4,6.4234,7.1547,6.459,1.597,4.8165,True,False,"[29.491402, 46.832239]",9.7339,4,
Парканы,Парканы,Молодёжная улица,91,4,6.4541,7.1854,6.49,1.597,4.8473,True,False,"[29.491402, 46.832239]",9.7852,4,
Парканы,Парканы,Молодёжная улица,92,4,6.4458,7.1771,6.482,1.597,4.8389,True,False,"[29.491402, 46.832239]",9.7712,4,
Парканы,Парканы,Молодёжная улица,93,4,6.4734,7.2047,6.508,1.597,4.8666,True,False,"[29.491402, 46.832239]",9.8174,4,
Парканы,Парканы,Молодёжная улица,94,4,6.4705,7.2018,6.505,1.597,4.8637,True,False,"[29.491402, 46.832239]",9.8126,4,
Парканы,Парканы,Молодёжная улица,95,4,6.4913,7.2226,6.526,1.597,4.8845,True,False,"[29.491402, 46.832239]",9.8472,4,
Парканы,Парканы,Молодёжная улица,96,4,6.49,7.2213,6.526,1.597,4.8831,True,False,"[29.491402, 46.832239]",9.8449,4,
Парканы,Парканы,Молодёжная улица,97,4,6.5057,7.237,6.541,1.597,4.8989,True,False,"[29.491402, 46.832239]",9.8712,4,
Парканы,Парканы,Молодёжная улица,98,4,6.5112,7.2425,6.546,1.597,4.9044,True,False,"[29.491402, 46.832239]",9.8804,4,
Парканы,Парканы,Молодёжная улица,98,4,6.5103,7.2416,6.546,1.597,4.9035,True,False,"[29.491402, 46.832239]",9.8789,4,
Парканы,Парканы,Молодёжная улица,99,4,6.5239,7.2552,6.559,1.597,4.9171,True,False,"[29.491402, 46.832239]",9.9016,4,
Парканы,Парканы,Молодёжная улица,100,4,6.5293,7.2606,6.565,1.597,4.9225,True,False,"[29.491402, 46.832239]",9.9106,4,
Парканы,Парканы,Молодёжная улица,101,4,6.5416,7.2729,6.577,1.597,4.9347,True,False,"[29.491402, 46.832239]",9.9309,4,
Парканы,Парканы,Молодёжная улица,105,4,6.5734,7.3047,6.609,1.597,4.9665,True,False,"[29.491402, 46.832239]",9.9839,4,
Парканы,Парканы,Молодёжная улица,107,4,6.5899,7.3212,6.626,1.597,4.9831,True,False,"[29.491402, 46.832239]",10.0116,4,
Парканы,Парканы,Молодёжная улица,109,4,6.6079,7.3392,6.643,1.597,5.0011,True,False,"[29.491402, 46.832239]",10.0416,4,
Парканы,Парканы,Молодёжная улица,111,4,6.6227,7.354,6.658,1.597,5.0159,True,False,"[29.491402, 46.832239]",10.0662,4,
Парканы,Парканы,Молодёжная улица,112,4,6.5518,7.2831,6.587,1.597,4.945,True,False,"[29.491402, 46.832239]",9.9481,4,
Парканы,Парканы,Молодёжная улица,113,4,6.6371,7.3684,6.672,1.597,5.0303,True,False,"[29.491402, 46.832239]",10.0902,4,
Парканы,Парканы,Молодёжная улица,114,4,6.5709,7.3022,6.606,1.597,4.9641,True,False,"[29.491402, 46.832239]",9.9799,4,
Парканы,Парканы,Молодёжная улица,115,4,6.6518,7.3831,6.687,1.597,5.045,True,False,"[29.491402, 46.832239]",10.1147,4,
Парканы,Парканы,Молодёжная улица,116,4,6.5913,7.3226,6.627,1.597,4.9844,True,False,"[29.491402, 46.832239]",10.0137,4,
Парканы,Парканы,Молодёжная улица,117,4,6.6732,7.4045,6.708,1.597,5.0664,True,False,"[29.491402, 46.832239]",10.1504,4,
Парканы,Парканы,Молодёжная улица,118,4,6.6071,7.3384,6.643,1.597,5.0003,True,False,"[29.491402, 46.832239]",10.0402,4,
Парканы,Парканы,Молодёжная улица,119,4,6.6957,7.427,6.731,1.597,5.0889,True,False,"[29.491402, 46.832239]",10.1879,4,
Парканы,Парканы,Молодёжная улица,120,4,6.6294,7.3606,6.665,1.597,5.0225,True,False,"[29.491402, 46.832239]",10.0772,4,
Парканы,Парканы,Молодёжная улица,121,4,6.7398,7.4711,6.757,1.597,5.133,True,False,"[29.491402, 46.832239]",10.2614,4,
Парканы,Парканы,Молодёжная улица,121,4,6.7214,7.4527,6.757,1.597,5.1146,True,False,"[29.491402, 46.832239]",10.2307,4,
Парканы,Парканы,Молодёжная улица,122,4,6.6516,7.3829,6.687,1.597,5.0448,True,False,"[29.491402, 46.832239]",10.1144,4,
Парканы,Парканы,Молодёжная улица,124,4,6.6721,7.4034,6.708,1.597,5.0653,True,False,"[29.491402, 46.832239]",10.1486,4,
Парканы,Парканы,Пионерская улица,1,3,4.4022,5.1335,4.437,1.597,2.7994,True,False,"[29.491402, 46.832239]",6.3721,3,
Парканы,Парканы,Пионерская улица,2,3,4.341,5.0723,4.376,1.597,2.7384,True,False,"[29.491402, 46.832239]",6.2704,3,
Парканы,Парканы,Пионерская улица,3,3,4.5088,5.2401,4.544,1.597,2.9054,True,False,"[29.491402, 46.832239]",6.5487,3,
Парканы,Парканы,Пионерская улица,4,3,4.4236,5.1549,4.459,1.597,2.8208,True,False,"[29.491402, 46.832239]",6.4077,3,
Парканы,Парканы,Пионерская улица,5,3,4.8258,5.5571,4.861,1.597,3.2214,True,False,"[29.491402, 46.832239]",7.0754,3,
Парканы,Парканы,Пионерская улица,6,3,4.4431,5.1744,4.478,1.597,2.8403,True,False,"[29.491402, 46.832239]",6.4402,3,
Парканы,Парканы,Пионерская улица,7,3,5.0296,5.7609,4.958,1.597,3.4247,True,False,"[29.491402, 46.832239]",7.4142,3,
Парканы,Парканы,Пионерская улица,8,3,4.5154,5.2467,4.551,1.597,2.9121,True,False,"[29.491402, 46.832239]",6.5599,3,
Парканы,Парканы,Пионерская улица,9,3,5.1115,5.8428,5.04,1.597,3.5063,True,False,"[29.491402, 46.832239]",7.5502,3,
Парканы,Парканы,Пионерская улица,10,3,4.4988,5.2301,4.534,1.597,2.8955,True,False,"[29.491402, 46.832239]",6.5322,3,
Парканы,Парканы,Пионерская улица,12,3,4.4822,5.2135,4.518,1.597,2.8789,True,False,"[29.491402, 46.832239]",6.5046,3,
Парканы,Парканы,Пионерская улица,14,3,4.4634,5.1947,4.499,1.597,2.8602,True,False,"[29.491402, 46.832239]",6.4734,3,
Парканы,Парканы,Пионерская улица,16,3,4.44,5.1712,4.476,1.597,2.8368,True,False,"[29.491402, 46.832239]",6.4344,3,
Парканы,Парканы,Пионерская улица,18,3,4.4677,5.199,4.503,1.597,2.8644,True,False,"[29.491402, 46.832239]",6.4804,3,
Парканы,Парканы,Пионерская улица,18а,3,4.4341,5.1654,4.469,1.597,2.8309,True,False,"[29.491402, 46.832239]",6.4246,3,
Парканы,Парканы,Пионерская улица,20,3,4.4905,5.2217,4.526,1.597,2.8871,True,False,"[29.491402, 46.832239]",6.5182,3,
Парканы,Парканы,Пионерская улица,22,3,4.5128,5.2441,4.548,1.597,2.9094,True,False,"[29.491402, 46.832239]",6.5554,3,
Парканы,Парканы,Пионерская улица,26,3,4.5977,5.329,4.634,1.597,2.9942,True,False,"[29.491402, 46.832239]",6.6967,3,
Парканы,Парканы,Пионерская улица,28,3,4.8303,5.5616,4.865,1.597,3.2259,True,False,"[29.491402, 46.832239]",7.0829,3,
Парканы,Парканы,Пионерская улица,30,3,4.9185,5.6498,4.954,1.597,3.3139,True,False,"[29.491402, 46.832239]",7.2296,3,
Парканы,Парканы,Пионерская улица,32,3,5.0093,5.7406,4.937,1.597,3.4045,True,False,"[29.491402, 46.832239]",7.3806,3,
Парканы,Парканы,Пионерская улица,83,3,5.184,5.9153,5.112,1.597,3.5787,True,False,"[29.491402, 46.832239]",7.6709,3,
Парканы,Парканы,Пионерская улица,85,3,5.1911,5.9223,5.119,1.597,3.5857,True,False,"[29.491402, 46.832239]",7.6826,3,
Парканы,Парканы,Пионерская улица,88а,3,5.1332,5.8645,5.061,1.597,3.5281,True,False,"[29.491402, 46.832239]",7.5866,3,
Парканы,Парканы,Пионерская улица,98,3,4.5176,5.2488,4.553,1.597,2.9142,True,False,"[29.491402, 46.832239]",6.5634,3,
Парканы,Парканы,Пионерская улица,100а,3,4.8036,5.5349,4.839,1.597,3.1993,True,False,"[29.491402, 46.832239]",7.0386,3,
Парканы,Парканы,Пионерская улица,103,3,4.3156,5.0469,4.351,1.597,2.7131,True,False,"[29.491402, 46.832239]",6.2282,3,
Парканы,Парканы,Садовая улица,1,2,3.3909,4.1222,3.427,1.597,1.7881,True,False,"[29.491402, 46.832239]",4.6866,2,
Парканы,Парканы,Садовая улица,2,2,3.3939,4.1251,3.429,1.597,1.7911,True,False,"[29.491402, 46.832239]",4.6916,2,
Парканы,Парканы,Садовая улица,3,2,3.4113,4.1425,3.447,1.597,1.8085,True,False,"[29.491402, 46.832239]",4.7206,2,
Парканы,Парканы,Садовая улица,4,2,3.4131,4.1443,3.449,1.597,1.8103,True,False,"[29.491402, 46.832239]",4.7236,2,
Парканы,Парканы,Садовая улица,5,2,3.4323,4.1636,3.468,1.597,1.8295,True,False,"[29.491402, 46.832239]",4.7556,2,
Парканы,Парканы,Садовая улица,5а,2,3.4536,4.1849,3.489,1.597,1.8509,True,False,"[29.491402, 46.832239]",4.7912,2,
Парканы,Парканы,Садовая улица,6,2,3.4379,4.1692,3.473,1.597,1.8352,True,False,"[29.491402, 46.832239]",4.7651,2,
Парканы,Парканы,Садовая улица,7,2,3.4753,4.2066,3.511,1.597,1.8726,True,False,"[29.491402, 46.832239]",4.8274,2,
Парканы,Парканы,Садовая улица,9,2,3.491,4.2223,3.526,1.597,1.8882,True,False,"[29.491402, 46.832239]",4.8534,2,
Парканы,Парканы,Садовая улица,10,2,3.4805,4.2117,3.516,1.597,1.8777,True,False,"[29.491402, 46.832239]",4.8359,2,
Парканы,Парканы,Садовая улица,11,2,3.5079,4.2391,3.543,1.597,1.9051,True,False,"[29.491402, 46.832239]",4.8816,2,
Парканы,Парканы,Садовая улица,12,2,3.5084,4.2397,3.544,1.597,1.9056,True,False,"[29.491402, 46.832239]",4.8824,2,
Парканы,Парканы,Садовая улица,13,2,3.5239,4.2552,3.559,1.597,1.9211,True,False,"[29.491402, 46.832239]",4.9082,2,
Парканы,Парканы,Садовая улица,14,2,3.5313,4.2625,3.567,1.597,1.9285,True,False,"[29.491402, 46.832239]",4.9206,2,
Парканы,Парканы,Садовая улица,15,2,3.5442,4.2755,3.58,1.597,1.9414,True,False,"[29.491402, 46.832239]",4.9421,2,
Парканы,Парканы,Садовая улица,16,2,3.5491,4.2804,3.584,1.597,1.9463,True,False,"[29.491402, 46.832239]",4.9502,2,
Парканы,Парканы,Садовая улица,17,2,3.5627,4.294,3.598,1.597,1.96,True,False,"[29.491402, 46.832239]",4.9731,2,
Парканы,Парканы,Садовая улица,18,2,3.568,4.2993,3.604,1.597,1.9652,True,False,"[29.491402, 46.832239]",4.9817,2,
Парканы,Парканы,Садовая улица,19,2,3.5831,4.3144,3.618,1.597,1.9803,True,False,"[29.491402, 46.832239]",5.0069,2,
Парканы,Парканы,Садовая улица,20,2,3.5896,4.3208,3.624,1.597,1.9868,True,False,"[29.491402, 46.832239]",5.0177,2,
Парканы,Парканы,Садовая улица,21,2,3.6015,4.3328,3.637,1.597,1.9987,True,False,"[29.491402, 46.832239]",5.0376,2,
Парканы,Парканы,Садовая улица,22,2,3.6054,4.3366,3.641,1.597,2.0026,True,False,"[29.491402, 46.832239]",5.0441,2,
Парканы,Парканы,Садовая улица,23,2,3.6185,4.3498,3.654,1.597,2.0158,True,False,"[29.491402, 46.832239]",5.0661,2,
Парканы,Парканы,Садовая улица,24,2,3.6315,4.3628,3.666,1.597,2.0287,True,False,"[29.491402, 46.832239]",5.0876,2,
Парканы,Парканы,Садовая улица,25,2,3.63,4.3613,3.666,1.597,2.0273,True,False,"[29.491402, 46.832239]",5.0852,2,
Парканы,Парканы,Садовая улица,26,2,3.6708,4.4021,3.706,1.597,2.0681,True,False,"[29.491402, 46.832239]",5.1532,2,
Парканы,Парканы,Садовая улица,27,2,3.652,4.3832,3.687,1.597,2.0492,True,False,"[29.491402, 46.832239]",5.1217,2,
Парканы,Парканы,Садовая улица,28,2,3.6945,4.4258,3.73,1.597,2.0917,True,False,"[29.491402, 46.832239]",5.1926,2,
Парканы,Парканы,Садовая улица,29,2,3.6721,4.4034,3.707,1.597,2.0693,True,False,"[29.491402, 46.832239]",5.1552,2,
Парканы,Парканы,Садовая улица,30,2,3.7263,4.4576,3.761,1.597,2.1236,True,False,"[29.491402, 46.832239]",5.2457,2,
Парканы,Парканы,Садовая улица,31,2,3.6915,4.4228,3.726,1.597,2.0887,True,False,"[29.491402, 46.832239]",5.1876,2,
Парканы,Парканы,Садовая улица,32,2,3.7521,4.4834,3.787,1.597,2.1493,True,False,"[29.491402, 46.832239]",5.2886,2,
Парканы,Парканы,Садовая улица,33,2,3.7086,4.4399,3.744,1.597,2.1058,True,False,"[29.491402, 46.832239]",5.2161,2,
Парканы,Парканы,Садовая улица,34,2,3.7777,4.509,3.813,1.597,2.175,True,False,"[29.491402, 46.832239]",5.3314,2,
Парканы,Парканы,Садовая улица,35,2,3.7245,4.4558,3.76,1.597,2.1218,True,False,"[29.491402, 46.832239]",5.2427,2,
Парканы,Парканы,Садовая улица,36,2,3.808,4.5393,3.843,1.597,2.2053,True,False,"[29.491402, 46.832239]",5.3819,2,
Парканы,Парканы,Садовая улица,37,2,3.7416,4.4729,3.777,1.597,2.1389,True,False,"[29.491402, 46.832239]",5.2712,2,
Парканы,Парканы,Садовая улица,38,2,3.8442,4.5755,3.879,1.597,2.2415,True,False,"[29.491402, 46.832239]",5.4422,2,
Парканы,Парканы,Садовая улица,39,2,3.7595,4.4908,3.795,1.597,2.1568,True,False,"[29.491402, 46.832239]",5.3011,2,
Парканы,Парканы,Садовая улица,40,2,3.8735,4.6048,3.909,1.597,2.2708,True,False,"[29.491402, 46.832239]",5.4911,2,
Парканы,Парканы,Садовая улица,41,2,3.7774,4.5087,3.813,1.597,2.1747,True,False,"[29.491402, 46.832239]",5.3309,2,
Парканы,Парканы,Садовая улица,42,2,3.8913,4.6226,3.926,1.597,2.2886,True,False,"[29.491402, 46.832239]",5.5207,2,
Парканы,Парканы,Садовая улица,43,2,3.7954,4.5267,3.831,1.597,2.1927,True,False,"[29.491402, 46.832239]",5.3609,2,
Парканы,Парканы,Садовая улица,44,2,3.9278,4.6591,3.963,1.597,2.3251,True,False,"[29.491402, 46.832239]",5.5816,2,
Парканы,Парканы,Садовая улица,45,2,3.8132,4.5445,3.849,1.597,2.2105,True,False,"[29.491402, 46.832239]",5.3906,2,
Парканы,Парканы,Садовая улица,46,2,3.9516,4.6829,3.986,1.597,2.3488,True,False,"[29.491402, 46.832239]",5.6211,2,
Парканы,Парканы,Садовая улица,47,2,3.8352,4.5665,3.871,1.597,2.2325,True,False,"[29.491402, 46.832239]",5.4272,2,
Парканы,Парканы,Садовая улица,48,2,4.0253,4.7566,4.061,1.597,2.4227,True,False,"[29.491402, 46.832239]",5.7442,2,
Парканы,Парканы,Садовая улица,49,2,3.8522,4.5835,3.888,1.597,2.2495,True,False,"[29.491402, 46.832239]",5.4556,2,
Парканы,Парканы,Садовая улица,50,2,4.0042,4.7355,4.039,1.597,2.4016,True,False,"[29.491402, 46.832239]",5.7091,2,
Парканы,Парканы,Садовая улица,51,2,3.8701,4.6014,3.906,1.597,2.2674,True,False,"[29.491402, 46.832239]",5.4854,2,
Парканы,Парканы,Садовая улица,51а,2,3.8915,4.6228,3.927,1.597,2.2888,True,False,"[29.491402, 46.832239]",5.5211,2,
Парканы,Парканы,Садовая улица,52,2,3.9799,4.7111,4.015,1.597,2.3773,True,False,"[29.491402, 46.832239]",5.6686,2,
Парканы,Парканы,Садовая улица,53,2,3.9064,4.6377,3.942,1.597,2.3037,True,False,"[29.491402, 46.832239]",5.5459,2,
Парканы,Парканы,Садовая улица,54,3,4.075,4.8062,4.11,1.597,2.4724,True,False,"[29.491402, 46.832239]",5.8271,2,zone_move_3->2
Парканы,Парканы,Садовая улица,55,2,3.9226,4.6539,3.958,1.597,2.3199,True,False,"[29.491402, 46.832239]",5.5729,2,
Парканы,Парканы,Садовая улица,56,3,4.0973,4.8286,4.133,1.597,2.4948,True,False,"[29.491402, 46.832239]",5.8644,2,zone_move_3->2
Парканы,Парканы,Садовая улица,57,2,3.9414,4.6727,3.977,1.597,2.3386,True,False,"[29.491402, 46.832239]",5.6041,2,
Парканы,Парканы,Садовая улица,58,3,4.1241,4.8554,4.16,1.597,2.5216,True,False,"[29.491402, 46.832239]",5.9091,2,zone_move_3->2
Парканы,Парканы,Садовая улица,59,2,4.0302,4.7615,4.066,1.597,2.4276,True,False,"[29.491402, 46.832239]",5.7524,2,
Парканы,Парканы,Садовая улица,60,3,4.1505,4.8818,4.185,1.597,2.548,True,False,"[29.491402, 46.832239]",5.9531,2,zone_move_3->2
Парканы,Парканы,Садовая улица,61,2,4.0112,4.7425,4.047,1.597,2.4086,True,False,"[29.491402, 46.832239]",5.7207,2,
Парканы,Парканы,Садовая улица,62,3,4.1764,4.9077,4.212,1.597,2.5739,True,False,"[29.491402, 46.832239]",5.9962,2,zone_move_3->2
Парканы,Парканы,Садовая улица,63,2,3.9923,4.7236,4.028,1.597,2.3897,True,False,"[29.491402, 46.832239]",5.6892,2,
Парканы,Парканы,Садовая улица,64,3,4.2011,4.9324,4.237,1.597,2.5986,True,False,"[29.491402, 46.832239]",6.0374,2,zone_move_3->2
Парканы,Парканы,Садовая улица,65,2,3.9713,4.7026,4.007,1.597,2.3687,True,False,"[29.491402, 46.832239]",5.6542,2,
Парканы,Парканы,Садовая улица,66,3,4.2236,4.9549,4.26,1.597,2.6211,True,False,"[29.491402, 46.832239]",6.0749,3,
Парканы,Парканы,Садовая улица,67,2,3.9843,4.7156,4.02,1.597,2.3818,True,False,"[29.491402, 46.832239]",5.6761,2,
Парканы,Парканы,Садовая улица,68,3,4.2471,4.9784,4.282,1.597,2.6446,True,False,"[29.491402, 46.832239]",6.1141,3,
Парканы,Парканы,Садовая улица,69,2,4.014,4.7453,4.049,1.597,2.4114,True,False,"[29.491402, 46.832239]",5.7254,2,
Парканы,Парканы,Садовая улица,70,3,4.2728,5.004,4.308,1.597,2.6702,True,False,"[29.491402, 46.832239]",6.1567,3,
Парканы,Парканы,Садовая улица,71,3,4.0537,4.785,4.089,1.597,2.4512,True,False,"[29.491402, 46.832239]",5.7917,2,zone_move_3->2
Парканы,Парканы,Садовая улица,72,3,4.2936,5.0249,4.329,1.597,2.6911,True,False,"[29.491402, 46.832239]",6.1916,3,
Парканы,Парканы,Садовая улица,73,3,4.0534,4.7847,4.089,1.597,2.4509,True,False,"[29.491402, 46.832239]",5.7912,2,zone_move_3->2
Парканы,Парканы,Садовая улица,74,3,4.3244,5.0557,4.36,1.597,2.7219,True,False,"[29.491402, 46.832239]",6.2429,3,
Парканы,Парканы,Садовая улица,75,3,4.0709,4.8022,4.106,1.597,2.4684,True,False,"[29.491402, 46.832239]",5.8204,2,zone_move_3->2
Парканы,Парканы,Садовая улица,76,3,4.3528,5.0841,4.388,1.597,2.7503,True,False,"[29.491402, 46.832239]",6.2902,3,
Парканы,Парканы,Садовая улица,77,3,4.0813,4.8125,4.117,1.597,2.4787,True,False,"[29.491402, 46.832239]",5.8376,2,zone_move_3->2
Парканы,Парканы,Садовая улица,77а,3,4.0943,4.8256,4.13,1.597,2.4918,True,False,"[29.491402, 46.832239]",5.8594,2,zone_move_3->2
Парканы,Парканы,Садовая улица,78,3,4.3772,5.1085,4.413,1.597,2.7747,True,False,"[29.491402, 46.832239]",6.3309,3,
Парканы,Парканы,Садовая улица,79,2,4.1071,4.8384,4.051,1.597,2.5046,True,False,"[29.491402, 46.832239]",5.8807,2,
Парканы,Парканы,Садовая улица,79,2,4.0159,4.7472,4.051,1.597,2.4134,True,False,"[29.491402, 46.832239]",5.7287,2,
Парканы,Парканы,Садовая улица,80,3,4.4067,5.138,4.442,1.597,2.8042,True,False,"[29.491402, 46.832239]",6.3801,3,
Парканы,Парканы,Садовая улица,81,3,4.1202,4.8515,4.085,1.597,2.5177,True,False,"[29.491402, 46.832239]",5.9026,2,zone_move_3->2
Парканы,Парканы,Садовая улица,81,3,4.05,4.7813,4.085,1.597,2.4475,True,False,"[29.491402, 46.832239]",5.7856,2,zone_move_3->2
Парканы,Парканы,Садовая улица,82,3,4.4312,5.1625,4.466,1.597,2.8286,True,False,"[29.491402, 46.832239]",6.4207,3,
Парканы,Парканы,Садовая улица,82,3,4.4609,5.1922,4.466,1.597,2.8584,True,False,"[29.491402, 46.832239]",6.4704,3,
Парканы,Парканы,Садовая улица,83,3,4.1354,4.8666,4.171,1.597,2.5328,True,False,"[29.491402, 46.832239]",5.9277,2,zone_move_3->2
Парканы,Парканы,Садовая улица,84,3,4.459,5.1903,4.495,1.597,2.8564,True,False,"[29.491402, 46.832239]",6.4671,3,
Парканы,Парканы,Садовая улица,85,3,4.1618,4.8931,4.107,1.597,2.5593,True,False,"[29.491402, 46.832239]",5.9719,2,zone_move_3->2
Парканы,Парканы,Садовая улица,85,3,4.0714,4.8027,4.107,1.597,2.4689,True,False,"[29.491402, 46.832239]",5.8212,2,zone_move_3->2
Парканы,Парканы,Садовая улица,85а,3,4.1477,4.879,4.094,1.597,2.5452,True,False,"[29.491402, 46.832239]",5.9484,2,zone_move_3->2
Парканы,Парканы,Садовая улица,85а,3,4.0583,4.7896,4.094,1.597,2.4558,True,False,"[29.491402, 46.832239]",5.7994,2,zone_move_3->2
Парканы,Парканы,Садовая улица,86,3,5.3607,6.092,5.396,1.597,3.7558,True,False,"[29.491402, 46.832239]",7.9661,3,
Парканы,Парканы,Садовая улица,87,3,4.1897,4.921,4.225,1.597,2.5872,True,False,"[29.491402, 46.832239]",6.0184,2,zone_move_3->2
Парканы,Парканы,Садовая улица,87а,3,4.1748,4.9061,4.21,1.597,2.5723,True,False,"[29.491402, 46.832239]",5.9936,2,zone_move_3->2
Парканы,Парканы,Садовая улица,88,3,5.3134,6.0447,5.349,1.597,3.7085,True,False,"[29.491402, 46.832239]",7.8872,3,
Парканы,Парканы,Садовая улица,88,3,5.3349,6.0662,5.349,1.597,3.73,True,False,"[29.491402, 46.832239]",7.9231,3,
Парканы,Парканы,Садовая улица,89,3,4.2036,4.9349,4.239,1.597,2.6011,True,False,"[29.491402, 46.832239]",6.0416,2,zone_move_3->2
Парканы,Парканы,Садовая улица,91,3,4.2192,4.9505,4.255,1.597,2.6167,True,False,"[29.491402, 46.832239]",6.0676,2,zone_move_3->2
Парканы,Парканы,Садовая улица,92,3,5.3417,6.073,5.377,1.597,3.7369,True,False,"[29.491402, 46.832239]",7.9346,3,
Парканы,Парканы,Садовая улица,94,3,5.3771,6.1084,5.413,1.597,3.7722,True,False,"[29.491402, 46.832239]",7.9934,3,
Парканы,Парканы,Садовая улица,95,3,4.2487,4.98,4.284,1.597,2.6462,True,False,"[29.491402, 46.832239]",6.1167,3,
Парканы,Парканы,Садовая улица,96,3,5.4082,6.1395,5.444,1.597,3.8033,True,False,"[29.491402, 46.832239]",8.0452,3,
Парканы,Парканы,Садовая улица,97,3,4.2631,4.9944,4.298,1.597,2.6605,True,False,"[29.491402, 46.832239]",6.1406,3,
Парканы,Парканы,Садовая улица,99,3,4.2795,5.0108,4.314,1.597,2.677,True,False,"[29.491402, 46.832239]",6.1681,3,
Парканы,Парканы,Садовая улица,101,3,4.2811,5.0124,4.316,1.597,2.6786,True,False,"[29.491402, 46.832239]",6.1707,3,
Парканы,Парканы,Садовая улица,101а,3,4.3056,5.0369,4.341,1.597,2.7031,True,False,"[29.491402, 46.832239]",6.2116,3,
Парканы,Парканы,Садовая улица,103,3,4.3189,5.0502,4.354,1.597,2.7164,True,False,"[29.491402, 46.832239]",6.2337,3,
Парканы,Парканы,Садовая улица,105,3,4.3336,5.0649,4.369,1.597,2.731,True,False,"[29.491402, 46.832239]",6.2581,3,
Парканы,Парканы,Садовая улица,107,3,4.3502,5.0815,4.386,1.597,2.7476,True,False,"[29.491402, 46.832239]",6.2857,3,
Парканы,Парканы,Садовая улица,109,3,4.3664,5.0977,4.401,1.597,2.7639,True,False,"[29.491402, 46.832239]",6.3129,3,
Парканы,Парканы,Садовая улица,111,3,4.3815,5.1128,4.417,1.597,2.779,True,False,"[29.491402, 46.832239]",6.3381,3,
Парканы,Парканы,Садовая улица,113,3,4.3991,5.1304,4.435,1.597,2.7966,True,False,"[29.491402, 46.832239]",6.3674,3,
Парканы,Парканы,Садовая улица,115,3,4.4219,5.1532,4.458,1.597,2.8194,True,False,"[29.491402, 46.832239]",6.4054,3,
Парканы,Парканы,Садовая улица,117,3,4.4395,5.1708,4.475,1.597,2.8369,True,False,"[29.491402, 46.832239]",6.4346,3,
Парканы,Парканы,Садовая улица,119,3,4.4602,5.1915,4.496,1.597,2.8577,True,False,"[29.491402, 46.832239]",6.4692,3,
Парканы,Парканы,Садовая улица,121,3,5.362,6.0933,5.397,1.597,3.7571,True,False,"[29.491402, 46.832239]",7.9682,3,
Парканы,Парканы,Садовая улица,125,3,5.3028,6.034,5.338,1.597,3.6979,True,False,"[29.491402, 46.832239]",7.8696,3,
Парканы,Парканы,Садовая улица,127,3,5.349,6.0803,5.385,1.597,3.7441,True,False,"[29.491402, 46.832239]",7.9466,3,
Парканы,Парканы,Садовая улица,129,3,5.3998,6.1311,5.435,1.597,3.7949,True,False,"[29.491402, 46.832239]",8.0312,3,
Парканы,Парканы,Светлая улица,5,4,5.541,6.2723,5.577,1.597,3.9368,True,False,"[29.491402, 46.832239]",8.2677,3,zone_move_4->3
Парканы,Парканы,Степная улица,2,4,5.6131,6.3443,5.648,1.597,4.0069,True,False,"[29.491402, 46.832239]",8.3846,4,
Парканы,Парканы,Степная улица,4,4,5.6316,6.3629,5.666,1.597,4.0254,True,False,"[29.491402, 46.832239]",8.4154,4,
Парканы,Парканы,Степная улица,6,4,5.6517,6.383,5.688,1.597,4.0455,True,False,"[29.491402, 46.832239]",8.4489,4,
Парканы,Парканы,Степная улица,8,4,5.6705,6.4018,5.706,1.597,4.0643,True,False,"[29.491402, 46.832239]",8.4802,4,
Парканы,Парканы,Степная улица,10,4,5.6883,6.4196,5.724,1.597,4.0821,True,False,"[29.491402, 46.832239]",8.5099,4,
Парканы,Парканы,Степная улица,12,4,5.7074,6.4387,5.743,1.597,4.1012,True,False,"[29.491402, 46.832239]",8.5417,4,
Парканы,Парканы,Степная улица,14,4,5.7242,6.4555,5.759,1.597,4.118,True,False,"[29.491402, 46.832239]",8.5697,4,
Парканы,Парканы,Степная улица,16,4,5.7422,6.4735,5.777,1.597,4.1361,True,False,"[29.491402, 46.832239]",8.5999,4,
Парканы,Парканы,Степная улица,18,4,5.757,6.4883,5.793,1.597,4.1508,True,False,"[29.491402, 46.832239]",8.6244,4,
Парканы,Парканы,Степная улица,20,4,5.774,6.5053,5.81,1.597,4.1679,True,False,"[29.491402, 46.832239]",8.6529,4,
Парканы,Парканы,Степная улица,22,4,5.794,6.5253,5.829,1.597,4.1878,True,False,"[29.491402, 46.832239]",8.6861,4,
Парканы,Парканы,Степная улица,24,4,5.8096,6.5409,5.845,1.597,4.2035,True,False,"[29.491402, 46.832239]",8.7122,4,
Парканы,Парканы,Степная улица,26,4,5.8253,6.5566,5.861,1.597,4.2191,True,False,"[29.491402, 46.832239]",8.7382,4,
Парканы,Парканы,Степная улица,28,4,5.8433,6.5746,5.878,1.597,4.2371,True,False,"[29.491402, 46.832239]",8.7682,4,
Парканы,Парканы,Степная улица,30,4,5.8588,6.5901,5.894,1.597,4.2527,True,False,"[29.491402, 46.832239]",8.7942,4,
Парканы,Парканы,Степная улица,32,4,5.8803,6.6116,5.916,1.597,4.2742,True,False,"[29.491402, 46.832239]",8.8301,4,
Парканы,Парканы,Степная улица,34,4,5.8959,6.6272,5.931,1.597,4.2898,True,False,"[29.491402, 46.832239]",8.8561,4,
Парканы,Парканы,Степная улица,36,4,5.9099,6.6412,5.945,1.597,4.3038,True,False,"[29.491402, 46.832239]",8.8794,4,
Парканы,Парканы,Степная улица,38,4,5.9288,6.6601,5.964,1.597,4.3227,True,False,"[29.491402, 46.832239]",8.9109,4,
Парканы,Парканы,Степная улица,40,4,5.9434,6.6747,5.979,1.597,4.3373,True,False,"[29.491402, 46.832239]",8.9352,4,
Парканы,Парканы,Степная улица,42,4,5.9593,6.6906,5.994,1.597,4.3531,True,False,"[29.491402, 46.832239]",8.9616,4,
Парканы,Парканы,Степная улица,44,4,5.9769,6.7082,6.012,1.597,4.3708,True,False,"[29.491402, 46.832239]",8.9911,4,
Парканы,Парканы,Степная улица,46,4,5.9929,6.7242,6.028,1.597,4.3868,True,False,"[29.491402, 46.832239]",9.0177,4,
Парканы,Парканы,Степная улица,48,4,6.0059,6.7372,6.042,1.597,4.3998,True,False,"[29.491402, 46.832239]",9.0394,4,
Парканы,Парканы,Степная улица,50,4,6.0204,6.7517,6.056,1.597,4.4143,True,False,"[29.491402, 46.832239]",9.0636,4,
Парканы,Парканы,Степная улица,52,4,6.0351,6.7664,6.07,1.597,4.4289,True,False,"[29.491402, 46.832239]",9.0879,4,
Парканы,Парканы,Степная улица,54,4,6.0508,6.7821,6.086,1.597,4.4447,True,False,"[29.491402, 46.832239]",9.1142,4,
Парканы,Парканы,Степная улица,56,4,6.0657,6.797,6.101,1.597,4.4596,True,False,"[29.491402, 46.832239]",9.1391,4,
Парканы,Парканы,Степная улица,58,4,6.0783,6.8096,6.114,1.597,4.4722,True,False,"[29.491402, 46.832239]",9.1601,4,
Парканы,Парканы,Степная улица,60,4,6.0927,6.824,6.128,1.597,4.4866,True,False,"[29.491402, 46.832239]",9.1841,4,
Парканы,Парканы,Степная улица,62,4,6.6809,7.4122,6.716,1.597,5.0739,True,False,"[29.491402, 46.832239]",10.1629,4,
Парканы,Парканы,Степная улица,64,4,6.6658,7.3971,6.701,1.597,5.0588,True,False,"[29.491402, 46.832239]",10.1377,4,
Парканы,Парканы,Степная улица,66,4,6.6502,7.3815,6.686,1.597,5.0433,True,False,"[29.491402, 46.832239]",10.1119,4,
Парканы,Парканы,Степная улица,68,4,6.6344,7.3657,6.67,1.597,5.0274,True,False,"[29.491402, 46.832239]",10.0854,4,
Парканы,Парканы,Степная улица,70,4,6.6171,7.3484,6.653,1.597,5.0101,True,False,"[29.491402, 46.832239]",10.0566,4,
Парканы,Парканы,Степная улица,72,4,6.5961,7.3274,6.632,1.597,4.9891,True,False,"[29.491402, 46.832239]",10.0216,4,
Парканы,Парканы,Степная улица,74,4,6.5784,7.3097,6.614,1.597,4.9714,True,False,"[29.491402, 46.832239]",9.9921,4,
Парканы,Парканы,Степная улица,76,4,6.5604,7.2917,6.595,1.597,4.9534,True,False,"[29.491402, 46.832239]",9.9621,4,
Парканы,Парканы,Степная улица,78,4,6.5423,7.2736,6.578,1.597,4.9353,True,False,"[29.491402, 46.832239]",9.9319,4,
Парканы,Парканы,Степная улица,80,4,6.5265,7.2578,6.562,1.597,4.9195,True,False,"[29.491402, 46.832239]",9.9056,4,
Парканы,Парканы,Степная улица,82,4,6.5082,7.2395,6.543,1.597,4.9012,True,False,"[29.491402, 46.832239]",9.8751,4,
Парканы,Парканы,Степная улица,84,4,6.4903,7.2216,6.526,1.597,4.8833,True,False,"[29.491402, 46.832239]",9.8452,4,
Парканы,Парканы,Степная улица,86,4,6.4711,7.2024,6.507,1.597,4.8641,True,False,"[29.491402, 46.832239]",9.8132,4,
Парканы,Парканы,Степная улица,88,4,6.4532,7.1845,6.489,1.597,4.8462,True,False,"[29.491402, 46.832239]",9.7834,4,
Парканы,Парканы,Степная улица,90,4,6.4384,7.1697,6.474,1.597,4.8313,True,False,"[29.491402, 46.832239]",9.7586,4,
Парканы,Парканы,Степная улица,92,4,6.4225,7.1538,6.458,1.597,4.8155,True,False,"[29.491402, 46.832239]",9.7322,4,
Парканы,Парканы,Степная улица,94,4,6.4001,7.1314,6.436,1.597,4.7931,True,False,"[29.491402, 46.832239]",9.6949,4,
Парканы,Парканы,Степная улица,96,4,6.381,7.1123,6.416,1.597,4.774,True,False,"[29.491402, 46.832239]",9.6631,4,
Парканы,Парканы,улица Благоева,1,2,3.7911,4.5224,3.718,1.597,2.1879,True,False,"[29.491402, 46.832239]",5.3529,2,
Парканы,Парканы,улица Благоева,1,2,4.1685,4.8998,3.718,1.597,2.5658,True,False,"[29.491402, 46.832239]",5.9827,2,
Парканы,Парканы,улица Благоева,1,2,3.6821,4.4134,3.718,1.597,2.0794,True,False,"[29.491402, 46.832239]",5.1721,2,
Парканы,Парканы,улица Благоева,1,2,4.1058,4.8371,3.718,1.597,2.5031,True,False,"[29.491402, 46.832239]",5.8782,2,
Парканы,Парканы,улица Благоева,5,2,3.8332,4.5645,3.736,1.597,2.2301,True,False,"[29.491402, 46.832239]",5.4232,2,
Парканы,Парканы,улица Благоева,5,2,3.7005,4.4318,3.736,1.597,2.0975,True,False,"[29.491402, 46.832239]",5.2022,2,
Парканы,Парканы,улица Благоева,6,2,3.6505,4.3817,3.484,1.597,2.0473,True,False,"[29.491402, 46.832239]",5.1186,2,
Парканы,Парканы,улица Благоева,6,2,3.4487,4.18,3.484,1.597,1.8459,True,False,"[29.491402, 46.832239]",4.7829,2,
Парканы,Парканы,улица Благоева,7,2,3.8499,4.5812,3.885,1.597,2.2468,True,False,"[29.491402, 46.832239]",5.4511,2,
Парканы,Парканы,улица Благоева,7,2,3.9652,4.6965,3.885,1.597,2.3614,True,False,"[29.491402, 46.832239]",5.6421,2,
Парканы,Парканы,улица Благоева,8,2,3.6666,4.3979,3.517,1.597,2.0634,True,False,"[29.491402, 46.832239]",5.1454,2,
Парканы,Парканы,улица Благоева,8,2,3.4823,4.2136,3.517,1.597,1.8795,True,False,"[29.491402, 46.832239]",4.8389,2,
Парканы,Парканы,улица Благоева,9,2,3.8711,4.6024,3.906,1.597,2.268,True,False,"[29.491402, 46.832239]",5.4864,2,
Парканы,Парканы,улица Благоева,10,2,3.5843,4.3156,3.619,1.597,1.9813,True,False,"[29.491402, 46.832239]",5.0086,2,
Парканы,Парканы,улица Благоева,12,2,3.497,4.2283,3.532,1.597,1.8943,True,False,"[29.491402, 46.832239]",4.8636,2,
Парканы,Парканы,улица Благоева,14,2,3.7763,4.5076,3.812,1.597,2.1731,True,False,"[29.491402, 46.832239]",5.3282,2,
Парканы,Парканы,улица Благоева,16,2,3.7841,4.5154,3.819,1.597,2.1809,True,False,"[29.491402, 46.832239]",5.3412,2,
Парканы,Парканы,улица Благоева,18,2,3.8042,4.5355,3.839,1.597,2.2011,True,False,"[29.491402, 46.832239]",5.3749,2,
Парканы,Парканы,улица Благоева,20,2,3.8231,4.5544,3.858,1.597,2.22,True,False,"[29.491402, 46.832239]",5.4064,2,
Парканы,Парканы,улица Благоева,22,2,3.8487,4.58,3.884,1.597,2.2456,True,False,"[29.491402, 46.832239]",5.4491,2,
Парканы,Парканы,улица Благоева,24,2,3.8598,4.5911,3.895,1.597,2.2567,True,False,"[29.491402, 46.832239]",5.4676,2,
Парканы,Парканы,улица Благоева,26,2,3.8712,4.6025,3.906,1.597,2.2681,True,False,"[29.491402, 46.832239]",5.4866,2,
Парканы,Парканы,улица Благоева,28,2,3.8848,4.6161,3.92,1.597,2.2817,True,False,"[29.491402, 46.832239]",5.5092,2,
Парканы,Парканы,улица Благоева,30,2,3.9067,4.638,3.942,1.597,2.3036,True,False,"[29.491402, 46.832239]",5.5457,2,
Парканы,Парканы,улица Благоева,32,2,3.9275,4.6588,3.963,1.597,2.3244,True,False,"[29.491402, 46.832239]",5.5804,2,
Парканы,Парканы,улица Благоева,34,2,3.9421,4.6734,3.978,1.597,2.339,True,False,"[29.491402, 46.832239]",5.6047,2,
Парканы,Парканы,улица Благоева,36,2,3.9607,4.692,3.996,1.597,2.3576,True,False,"[29.491402, 46.832239]",5.6357,2,
Парканы,Парканы,улица Благоева,38,2,3.9801,4.7114,4.015,1.597,2.377,True,False,"[29.491402, 46.832239]",5.6681,2,
Парканы,Парканы,улица Благоева,38,2,4.0015,4.7328,4.015,1.597,2.3984,True,False,"[29.491402, 46.832239]",5.7037,2,
Парканы,Парканы,улица Благоева,40,2,3.9971,4.7284,4.032,1.597,2.394,True,False,"[29.491402, 46.832239]",5.6964,2,
Парканы,Парканы,улица Благоева,42,2,4.0083,4.7396,4.044,1.597,2.4052,True,False,"[29.491402, 46.832239]",5.7151,2,
Парканы,Парканы,улица Благоева,44,2,4.0299,4.7612,4.065,1.597,2.4268,True,False,"[29.491402, 46.832239]",5.7511,2,
Парканы,Парканы,улица Благоева,46,3,4.0578,4.7891,4.093,1.597,2.4547,True,False,"[29.491402, 46.832239]",5.7976,2,zone_move_3->2
Парканы,Парканы,улица Благоева,47,3,4.8635,5.5948,4.899,1.597,3.2595,True,False,"[29.491402, 46.832239]",7.1389,3,
Парканы,Парканы,улица Благоева,47а,3,4.8465,5.5778,4.882,1.597,3.2425,True,False,"[29.491402, 46.832239]",7.1106,3,
Парканы,Парканы,улица Благоева,48,3,4.0759,4.8072,4.111,1.597,2.4728,True,False,"[29.491402, 46.832239]",5.8277,2,zone_move_3->2
Парканы,Парканы,улица Благоева,49,3,4.1914,4.9226,4.227,1.597,2.5887,True,False,"[29.491402, 46.832239]",6.0209,2,zone_move_3->2
Парканы,Парканы,улица Благоева,50,3,4.0933,4.8246,4.129,1.597,2.4902,True,False,"[29.491402, 46.832239]",5.8567,2,zone_move_3->2
Парканы,Парканы,улица Благоева,52,3,4.1218,4.8531,4.157,1.597,2.5187,True,False,"[29.491402, 46.832239]",5.9042,2,zone_move_3->2
Парканы,Парканы,улица Благоева,54,3,4.1472,4.8785,4.183,1.597,2.5441,True,False,"[29.491402, 46.832239]",5.9466,2,zone_move_3->2
Парканы,Парканы,улица Благоева,56,3,4.1715,4.9028,4.207,1.597,2.5683,True,False,"[29.491402, 46.832239]",5.9869,2,zone_move_3->2
Парканы,Парканы,улица Благоева,58,3,4.1976,4.9289,4.233,1.597,2.5945,True,False,"[29.491402, 46.832239]",6.0306,2,zone_move_3->2
Парканы,Парканы,улица Благоева,60,3,4.2096,4.9409,4.245,1.597,2.6065,True,False,"[29.491402, 46.832239]",6.0506,2,zone_move_3->2
Парканы,Парканы,улица Благоева,62,3,4.2237,4.955,4.259,1.597,2.6205,True,False,"[29.491402, 46.832239]",6.0739,3,
Парканы,Парканы,улица Благоева,64,3,4.9089,5.6402,4.944,1.597,3.3049,True,False,"[29.491402, 46.832239]",7.2146,3,
Парканы,Парканы,улица Благоева,66,3,4.8726,5.6039,4.908,1.597,3.2686,True,False,"[29.491402, 46.832239]",7.1541,3,
Парканы,Парканы,улица Благоева,68,3,4.8525,5.5838,4.888,1.597,3.2485,True,False,"[29.491402, 46.832239]",7.1206,3,
Парканы,Парканы,улица Благоева,70,3,4.8275,5.5588,4.863,1.597,3.2235,True,False,"[29.491402, 46.832239]",7.0789,3,
Парканы,Парканы,улица Благоева,72,3,4.8074,5.5387,4.843,1.597,3.2035,True,False,"[29.491402, 46.832239]",7.0456,3,
Парканы,Парканы,улица Будённого,1,3,5.5107,6.242,5.546,1.597,3.906,True,False,"[29.491402, 46.832239]",8.2164,3,
Парканы,Парканы,улица Будённого,3,3,5.537,6.2683,5.572,1.597,3.9323,True,False,"[29.491402, 46.832239]",8.2602,3,
Парканы,Парканы,улица Будённого,4,3,5.2391,5.9704,5.274,1.597,3.6352,True,False,"[29.491402, 46.832239]",7.7651,3,
Парканы,Парканы,улица Будённого,6,3,5.2551,5.9864,5.29,1.597,3.6511,True,False,"[29.491402, 46.832239]",7.7916,3,
Парканы,Парканы,улица Будённого,8,3,5.4196,6.1509,5.455,1.597,3.8152,True,False,"[29.491402, 46.832239]",8.0651,3,
Парканы,Парканы,улица Будённого,10,3,5.4191,6.1504,5.454,1.597,3.8147,True,False,"[29.491402, 46.832239]",8.0642,3,
Парканы,Парканы,улица Будённого,12,3,5.4365,6.1678,5.471,1.597,3.8321,True,False,"[29.491402, 46.832239]",8.0932,3,
Парканы,Парканы,улица Будённого,14,3,5.4517,6.183,5.487,1.597,3.8472,True,False,"[29.491402, 46.832239]",8.1184,3,
Парканы,Парканы,улица Будённого,16,3,5.4657,6.197,5.501,1.597,3.8611,True,False,"[29.491402, 46.832239]",8.1416,3,
Парканы,Парканы,улица Будённого,16,3,5.4809,6.2122,5.501,1.597,3.8763,True,False,"[29.491402, 46.832239]",8.1669,3,
Парканы,Парканы,улица Будённого,18,3,5.4978,6.2291,5.533,1.597,3.8931,True,False,"[29.491402, 46.832239]",8.1949,3,
Парканы,Парканы,улица Будённого,20,3,5.5152,6.2465,5.549,1.597,3.9106,True,False,"[29.491402, 46.832239]",8.2241,3,
Парканы,Парканы,улица Будённого,22,3,5.5312,6.2625,5.566,1.597,3.9265,True,False,"[29.491402, 46.832239]",8.2506,3,
Парканы,Парканы,улица Будённого,24,4,5.5496,6.2808,5.585,1.597,3.9448,True,False,"[29.491402, 46.832239]",8.2811,3,zone_move_4->3
Парканы,Парканы,улица Будённого,155,4,5.6209,6.3522,5.656,1.597,4.0159,True,False,"[29.491402, 46.832239]",8.3996,4,
Парканы,Парканы,улица Будённого,190,4,5.7488,6.4801,5.784,1.597,4.1435,True,False,"[29.491402, 46.832239]",8.6122,4,
Парканы,Парканы,улица Ворошилова,1,2,3.8917,4.623,3.928,1.597,2.2871,True,False,"[29.491402, 46.832239]",5.5182,2,
Парканы,Парканы,улица Ворошилова,2,2,3.9576,4.6889,3.993,1.597,2.3529,True,False,"[29.491402, 46.832239]",5.6279,2,
Парканы,Парканы,улица Ворошилова,5,2,4.0138,4.7451,4.049,1.597,2.409,True,False,"[29.491402, 46.832239]",5.7214,2,
Парканы,Парканы,улица Ворошилова,6,2,3.9865,4.7178,4.022,1.597,2.3817,True,False,"[29.491402, 46.832239]",5.6759,2,
Парканы,Парканы,улица Ворошилова,7,2,4.0331,4.7644,4.064,1.597,2.4284,True,False,"[29.491402, 46.832239]",5.7537,2,
Парканы,Парканы,улица Ворошилова,7,2,4.0282,4.7595,4.064,1.597,2.4234,True,False,"[29.491402, 46.832239]",5.7454,2,
Парканы,Парканы,улица Ворошилова,8,2,4.0008,4.7321,4.036,1.597,2.3961,True,False,"[29.491402, 46.832239]",5.6999,2,
Парканы,Парканы,улица Ворошилова,9,3,4.0518,4.7831,4.087,1.597,2.4471,True,False,"[29.491402, 46.832239]",5.7849,2,zone_move_3->2
Парканы,Парканы,улица Ворошилова,10,2,4.0149,4.7462,4.05,1.597,2.4102,True,False,"[29.491402, 46.832239]",5.7234,2,
Парканы,Парканы,улица Ворошилова,11,3,4.0691,4.8004,4.105,1.597,2.4644,True,False,"[29.491402, 46.832239]",5.8137,2,zone_move_3->2
Парканы,Парканы,улица Ворошилова,12,2,4.0309,4.7622,4.066,1.597,2.4262,True,False,"[29.491402, 46.832239]",5.7501,2,
Парканы,Парканы,улица Ворошилова,14,3,4.0468,4.778,4.082,1.597,2.442,True,False,"[29.491402, 46.832239]",5.7764,2,zone_move_3->2
Парканы,Парканы,улица Ворошилова,15,3,4.093,4.8243,4.128,1.597,2.4883,True,False,"[29.491402, 46.832239]",5.8536,2,zone_move_3->2
Парканы,Парканы,улица Ворошилова,16,3,4.0639,4.7952,4.099,1.597,2.4592,True,False,"[29.491402, 46.832239]",5.8051,2,zone_move_3->2
Парканы,Парканы,улица Ворошилова,17,3,4.1126,4.8439,4.148,1.597,2.5079,True,False,"[29.491402, 46.832239]",5.8862,2,zone_move_3->2
Парканы,Парканы,улица Ворошилова,18,3,4.0811,4.8124,4.116,1.597,2.4764,True,False,"[29.491402, 46.832239]",5.8337,2,zone_move_3->2
Парканы,Парканы,улица Ворошилова,20,3,4.0984,4.8297,4.134,1.597,2.4937,True,False,"[29.491402, 46.832239]",5.8626,2,zone_move_3->2
Парканы,Парканы,улица Ворошилова,22,3,4.1154,4.8467,4.15,1.597,2.5106,True,False,"[29.491402, 46.832239]",5.8907,2,zone_move_3->2
Парканы,Парканы,улица Ворошилова,24,3,4.1318,4.863,4.168,1.597,2.527,True,False,"[29.491402, 46.832239]",5.9181,2,zone_move_3->2
Парканы,Парканы,улица Ворошилова,25,3,4.181,4.9123,4.216,1.597,2.5763,True,False,"[29.491402, 46.832239]",6.0002,2,zone_move_3->2
Парканы,Парканы,улица Ворошилова,26,3,4.1471,4.8784,4.182,1.597,2.5424,True,False,"[29.491402, 46.832239]",5.9437,2,zone_move_3->2
Парканы,Парканы,улица Ворошилова,27,3,4.2165,4.9478,4.252,1.597,2.6118,True,False,"[29.491402, 46.832239]",6.0594,2,zone_move_3->2
Парканы,Парканы,улица Ворошилова,28,3,4.161,4.8922,4.197,1.597,2.5562,True,False,"[29.491402, 46.832239]",5.9667,2,zone_move_3->2
Парканы,Парканы,улица Ворошилова,29,3,4.2327,4.964,4.268,1.597,2.6279,True,False,"[29.491402, 46.832239]",6.0862,3,
Парканы,Парканы,улица Ворошилова,30,3,4.1785,4.9097,4.214,1.597,2.5737,True,False,"[29.491402, 46.832239]",5.9959,2,zone_move_3->2
Парканы,Парканы,улица Ворошилова,31,3,4.2444,4.9757,4.28,1.597,2.6397,True,False,"[29.491402, 46.832239]",6.1059,3,
Парканы,Парканы,улица Ворошилова,32,3,4.2896,5.0209,4.325,1.597,2.6849,True,False,"[29.491402, 46.832239]",6.1812,3,
Парканы,Парканы,улица Ворошилова,32а,3,4.2282,4.9595,4.264,1.597,2.6235,True,False,"[29.491402, 46.832239]",6.0789,3,
Парканы,Парканы,улица Ворошилова,33,3,4.2606,4.9919,4.296,1.597,2.6559,True,False,"[29.491402, 46.832239]",6.1329,3,
Парканы,Парканы,улица Ворошилова,34,3,4.3275,5.0588,4.363,1.597,2.7228,True,False,"[29.491402, 46.832239]",6.2444,3,
Парканы,Парканы,улица Ворошилова,35,3,4.2754,5.0067,4.311,1.597,2.6707,True,False,"[29.491402, 46.832239]",6.1576,3,
Парканы,Парканы,улица Ворошилова,36,3,4.344,5.0752,4.379,1.597,2.7392,True,False,"[29.491402, 46.832239]",6.2717,3,
Парканы,Парканы,улица Ворошилова,37,3,4.3043,5.0356,4.339,1.597,2.6996,True,False,"[29.491402, 46.832239]",6.2057,3,
Парканы,Парканы,улица Ворошилова,38,3,4.3617,5.093,4.397,1.597,2.7569,True,False,"[29.491402, 46.832239]",6.3012,3,
Парканы,Парканы,улица Ворошилова,39,3,4.3205,5.0518,4.356,1.597,2.7158,True,False,"[29.491402, 46.832239]",6.2327,3,
Парканы,Парканы,улица Ворошилова,40,3,4.3805,5.1118,4.416,1.597,2.7757,True,False,"[29.491402, 46.832239]",6.3326,3,
Парканы,Парканы,улица Ворошилова,41,3,4.342,5.0733,4.377,1.597,2.7372,True,False,"[29.491402, 46.832239]",6.2684,3,
Парканы,Парканы,улица Ворошилова,42,3,4.3995,5.1308,4.435,1.597,2.7947,True,False,"[29.491402, 46.832239]",6.3642,3,
Парканы,Парканы,улица Ворошилова,43,3,4.361,5.0923,4.396,1.597,2.7562,True,False,"[29.491402, 46.832239]",6.3001,3,
Парканы,Парканы,улица Ворошилова,44,3,4.4157,5.147,4.451,1.597,2.811,True,False,"[29.491402, 46.832239]",6.3914,3,
Парканы,Парканы,улица Ворошилова,45,3,4.3802,5.1115,4.416,1.597,2.7755,True,False,"[29.491402, 46.832239]",6.3322,3,
Парканы,Парканы,улица Ворошилова,47,3,4.402,5.1333,4.437,1.597,2.7973,True,False,"[29.491402, 46.832239]",6.3686,3,
Парканы,Парканы,улица Ворошилова,48,3,4.4359,5.1672,4.472,1.597,2.8312,True,False,"[29.491402, 46.832239]",6.4251,3,
Парканы,Парканы,улица Ворошилова,49,3,4.4224,5.1537,4.458,1.597,2.8177,True,False,"[29.491402, 46.832239]",6.4026,3,
Парканы,Парканы,улица Ворошилова,50,3,4.4522,5.1835,4.487,1.597,2.8475,True,False,"[29.491402, 46.832239]",6.4522,3,
Парканы,Парканы,улица Ворошилова,51,3,4.4409,5.1722,4.476,1.597,2.8362,True,False,"[29.491402, 46.832239]",6.4334,3,
Парканы,Парканы,улица Ворошилова,52,3,4.4671,5.1984,4.502,1.597,2.8623,True,False,"[29.491402, 46.832239]",6.4769,3,
Парканы,Парканы,улица Ворошилова,53,3,4.4585,5.1898,4.494,1.597,2.8537,True,False,"[29.491402, 46.832239]",6.4626,3,
Парканы,Парканы,улица Ворошилова,54,3,4.4814,5.2127,4.516,1.597,2.8767,True,False,"[29.491402, 46.832239]",6.5009,3,
Парканы,Парканы,улица Ворошилова,55,3,4.4771,5.2084,4.513,1.597,2.8723,True,False,"[29.491402, 46.832239]",6.4936,3,
Парканы,Парканы,улица Ворошилова,56,3,4.5008,5.2321,4.536,1.597,2.8961,True,False,"[29.491402, 46.832239]",6.5332,3,
Парканы,Парканы,улица Ворошилова,57,3,4.4956,5.2269,4.531,1.597,2.8908,True,False,"[29.491402, 46.832239]",6.5244,3,
Парканы,Парканы,улица Ворошилова,58,3,4.5227,5.254,4.557,1.597,2.9179,True,False,"[29.491402, 46.832239]",6.5696,3,
Парканы,Парканы,улица Ворошилова,59,3,4.5119,5.2432,4.547,1.597,2.9071,True,False,"[29.491402, 46.832239]",6.5516,3,
Парканы,Парканы,улица Ворошилова,60,3,4.5422,5.2735,4.578,1.597,2.9375,True,False,"[29.491402, 46.832239]",6.6022,3,
Парканы,Парканы,улица Ворошилова,61,3,4.5272,5.2585,4.563,1.597,2.9225,True,False,"[29.491402, 46.832239]",6.5772,3,
Парканы,Парканы,улица Ворошилова,61а,3,4.5444,5.2757,4.58,1.597,2.9397,True,False,"[29.491402, 46.832239]",6.6059,3,
Парканы,Парканы,улица Ворошилова,62,3,4.5622,5.2935,4.597,1.597,2.9574,True,False,"[29.491402, 46.832239]",6.6354,3,
Парканы,Парканы,улица Ворошилова,63,3,4.5576,5.2889,4.594,1.597,2.9529,True,False,"[29.491402, 46.832239]",6.6279,3,
Парканы,Парканы,улица Ворошилова,64,3,4.5778,5.3091,4.613,1.597,2.9731,True,False,"[29.491402, 46.832239]",6.6616,3,
Парканы,Парканы,улица Ворошилова,65,3,4.5764,5.3077,4.612,1.597,2.9716,True,False,"[29.491402, 46.832239]",6.6591,3,
Парканы,Парканы,улица Ворошилова,66,3,4.5927,5.324,4.628,1.597,2.9879,True,False,"[29.491402, 46.832239]",6.6862,3,
Парканы,Парканы,улица Ворошилова,67,3,4.595,5.3263,4.63,1.597,2.9902,True,False,"[29.491402, 46.832239]",6.6901,3,
Парканы,Парканы,улица Ворошилова,68,3,4.6098,5.3411,4.645,1.597,3.0051,True,False,"[29.491402, 46.832239]",6.7149,3,
Парканы,Парканы,улица Ворошилова,69,3,4.6107,5.342,4.646,1.597,3.0059,True,False,"[29.491402, 46.832239]",6.7162,3,
Парканы,Парканы,улица Ворошилова,70,3,4.6329,5.3642,4.668,1.597,3.0281,True,False,"[29.491402, 46.832239]",6.7532,3,
Парканы,Парканы,улица Ворошилова,71,3,4.6277,5.359,4.663,1.597,3.0229,True,False,"[29.491402, 46.832239]",6.7446,3,
Парканы,Парканы,улица Ворошилова,72,3,4.6496,5.3809,4.685,1.597,3.0448,True,False,"[29.491402, 46.832239]",6.7811,3,
Парканы,Парканы,улица Ворошилова,73,3,4.6451,5.3764,4.681,1.597,3.0403,True,False,"[29.491402, 46.832239]",6.7736,3,
Парканы,Парканы,улица Ворошилова,74,3,4.669,5.4003,4.704,1.597,3.0642,True,False,"[29.491402, 46.832239]",6.8134,3,
Парканы,Парканы,улица Ворошилова,75,3,4.6671,5.3984,4.702,1.597,3.0623,True,False,"[29.491402, 46.832239]",6.8102,3,
Парканы,Парканы,улица Ворошилова,76,3,4.6865,5.4178,4.722,1.597,3.0818,True,False,"[29.491402, 46.832239]",6.8427,3,
Парканы,Парканы,улица Ворошилова,77,3,4.6904,5.4217,4.726,1.597,3.0856,True,False,"[29.491402, 46.832239]",6.8491,3,
Парканы,Парканы,улица Ворошилова,78,3,4.7065,5.4378,4.742,1.597,3.1017,True,False,"[29.491402, 46.832239]",6.8759,3,
Парканы,Парканы,улица Ворошилова,79,3,4.7117,5.443,4.747,1.597,3.1069,True,False,"[29.491402, 46.832239]",6.8846,3,
Парканы,Парканы,улица Ворошилова,80,3,4.7239,5.4552,4.759,1.597,3.1191,True,False,"[29.491402, 46.832239]",6.9049,3,
Парканы,Парканы,улица Ворошилова,81,3,4.7334,5.4647,4.769,1.597,3.1286,True,False,"[29.491402, 46.832239]",6.9207,3,
Парканы,Парканы,улица Ворошилова,82,3,4.7422,5.4735,4.778,1.597,3.1374,True,False,"[29.491402, 46.832239]",6.9354,3,
Парканы,Парканы,улица Ворошилова,84,3,4.7662,5.4975,4.801,1.597,3.1614,True,False,"[29.491402, 46.832239]",6.9754,3,
Парканы,Парканы,улица Ворошилова,85,3,4.7525,5.4838,4.788,1.597,3.1477,True,False,"[29.491402, 46.832239]",6.9526,3,
Парканы,Парканы,улица Ворошилова,86,3,4.787,5.5182,4.822,1.597,3.1821,True,False,"[29.491402, 46.832239]",7.0099,3,
Парканы,Парканы,улица Ворошилова,87,3,4.8132,5.5445,4.81,1.597,3.2084,True,False,"[29.491402, 46.832239]",7.0537,3,
Парканы,Парканы,улица Ворошилова,87,3,4.7742,5.5055,4.81,1.597,3.1694,True,False,"[29.491402, 46.832239]",6.9887,3,
Парканы,Парканы,улица Ворошилова,88,3,4.8097,5.541,4.845,1.597,3.2049,True,False,"[29.491402, 46.832239]",7.0479,3,
Парканы,Парканы,улица Ворошилова,89;91,3,4.7919,5.5231,4.827,1.597,3.187,True,False,"[29.491402, 46.832239]",7.0181,3,
Парканы,Парканы,улица Ворошилова,90,3,4.8303,5.5616,4.866,1.597,3.2255,True,False,"[29.491402, 46.832239]",7.0822,3,
Парканы,Парканы,улица Ворошилова,92,3,4.8866,5.6178,4.922,1.597,3.2817,True,False,"[29.491402, 46.832239]",7.1759,3,
Парканы,Парканы,улица Ворошилова,93,3,4.8327,5.564,4.869,1.597,3.2278,True,False,"[29.491402, 46.832239]",7.0861,3,
Парканы,Парканы,улица Ворошилова,94,3,4.9005,5.6318,4.936,1.597,3.2957,True,False,"[29.491402, 46.832239]",7.1992,3,
Парканы,Парканы,улица Ворошилова,95,3,4.8531,5.5844,4.888,1.597,3.2482,True,False,"[29.491402, 46.832239]",7.1201,3,
Парканы,Парканы,улица Ворошилова,96,3,4.9131,5.6444,4.948,1.597,3.3082,True,False,"[29.491402, 46.832239]",7.2201,3,
Парканы,Парканы,улица Ворошилова,97,3,4.8891,5.6204,4.924,1.597,3.2843,True,False,"[29.491402, 46.832239]",7.1802,3,
Парканы,Парканы,улица Ворошилова,98,3,4.9281,5.6594,4.963,1.597,3.3233,True,False,"[29.491402, 46.832239]",7.2452,3,
Парканы,Парканы,улица Ворошилова,99,3,4.9101,5.6414,4.945,1.597,3.3053,True,False,"[29.491402, 46.832239]",7.2152,3,
Парканы,Парканы,улица Ворошилова,99,3,4.9329,5.6642,4.945,1.597,3.328,True,False,"[29.491402, 46.832239]",7.2531,3,
Парканы,Парканы,улица Ворошилова,100,3,4.9435,5.6747,4.979,1.597,3.3386,True,False,"[29.491402, 46.832239]",7.2707,3,
Парканы,Парканы,улица Ворошилова,101,3,4.9542,5.6855,4.99,1.597,3.3493,True,False,"[29.491402, 46.832239]",7.2886,3,
Парканы,Парканы,улица Ворошилова,102,3,4.9559,5.6872,4.992,1.597,3.351,True,False,"[29.491402, 46.832239]",7.2914,3,
Парканы,Парканы,улица Ворошилова,103,3,4.9911,5.7224,5.026,1.597,3.3862,True,False,"[29.491402, 46.832239]",7.3501,3,
Парканы,Парканы,улица Ворошилова,104,3,4.9725,5.7038,5.009,1.597,3.3676,True,False,"[29.491402, 46.832239]",7.3191,3,
Парканы,Парканы,улица Ворошилова,105,3,5.0124,5.7437,5.047,1.597,3.4075,True,False,"[29.491402, 46.832239]",7.3856,3,
Парканы,Парканы,улица Ворошилова,106,3,4.9888,5.7201,5.024,1.597,3.3839,True,False,"[29.491402, 46.832239]",7.3462,3,
Парканы,Парканы,улица Ворошилова,107,3,5.034,5.7653,5.07,1.597,3.4291,True,False,"[29.491402, 46.832239]",7.4216,3,
Парканы,Парканы,улица Ворошилова,108,3,5.0049,5.7361,5.04,1.597,3.4,True,False,"[29.491402, 46.832239]",7.3731,3,
Парканы,Парканы,улица Ворошилова,109,3,5.0574,5.7886,5.092,1.597,3.4525,True,False,"[29.491402, 46.832239]",7.4606,3,
Парканы,Парканы,улица Ворошилова,110,3,5.0219,5.7532,5.057,1.597,3.417,True,False,"[29.491402, 46.832239]",7.4014,3,
Парканы,Парканы,улица Ворошилова,111,3,5.0774,5.8087,5.113,1.597,3.4725,True,False,"[29.491402, 46.832239]",7.4939,3,
Парканы,Парканы,улица Ворошилова,112,3,5.0385,5.7698,5.074,1.597,3.4336,True,False,"[29.491402, 46.832239]",7.4291,3,
Парканы,Парканы,улица Ворошилова,113,3,5.0953,5.8266,5.131,1.597,3.4904,True,False,"[29.491402, 46.832239]",7.5237,3,
Парканы,Парканы,улица Ворошилова,114,3,5.0548,5.7861,5.09,1.597,3.4499,True,False,"[29.491402, 46.832239]",7.4562,3,
Парканы,Парканы,улица Ворошилова,115,3,5.1133,5.8446,5.148,1.597,3.5084,True,False,"[29.491402, 46.832239]",7.5537,3,
Парканы,Парканы,улица Ворошилова,116,3,5.0732,5.8045,5.108,1.597,3.4683,True,False,"[29.491402, 46.832239]",7.4869,3,
Парканы,Парканы,улица Ворошилова,117,3,5.1331,5.8644,5.168,1.597,3.5282,True,False,"[29.491402, 46.832239]",7.5867,3,
Парканы,Парканы,улица Ворошилова,118,3,5.0912,5.8225,5.127,1.597,3.4863,True,False,"[29.491402, 46.832239]",7.5169,3,
Парканы,Парканы,улица Ворошилова,119,3,5.1524,5.8837,5.187,1.597,3.5475,True,False,"[29.491402, 46.832239]",7.6189,3,
Парканы,Парканы,улица Ворошилова,120,3,5.1105,5.8418,5.146,1.597,3.5056,True,False,"[29.491402, 46.832239]",7.5491,3,
Парканы,Парканы,улица Ворошилова,121,3,5.1672,5.8985,5.203,1.597,3.5623,True,False,"[29.491402, 46.832239]",7.6436,3,
Парканы,Парканы,улица Ворошилова,122,3,5.1301,5.8614,5.165,1.597,3.5252,True,False,"[29.491402, 46.832239]",7.5817,3,
Парканы,Парканы,улица Ворошилова,123,3,5.1878,5.9191,5.223,1.597,3.5829,True,False,"[29.491402, 46.832239]",7.6779,3,
Парканы,Парканы,улица Ворошилова,124,3,5.1507,5.882,5.186,1.597,3.5458,True,False,"[29.491402, 46.832239]",7.6161,3,
Парканы,Парканы,улица Ворошилова,125,3,5.2061,5.9374,5.241,1.597,3.6012,True,False,"[29.491402, 46.832239]",7.7084,3,
Парканы,Парканы,улица Ворошилова,126,3,5.1754,5.9067,5.211,1.597,3.5705,True,False,"[29.491402, 46.832239]",7.6572,3,
Парканы,Парканы,улица Ворошилова,127,3,5.2231,5.9544,5.258,1.597,3.6182,True,False,"[29.491402, 46.832239]",7.7367,3,
Парканы,Парканы,улица Ворошилова,128,3,5.1934,5.9247,5.229,1.597,3.5885,True,False,"[29.491402, 46.832239]",7.6872,3,
Парканы,Парканы,улица Ворошилова,129,3,5.2404,5.9717,5.276,1.597,3.6355,True,False,"[29.491402, 46.832239]",7.7656,3,
Парканы,Парканы,улица Ворошилова,130,3,5.2131,5.9444,5.249,1.597,3.6082,True,False,"[29.491402, 46.832239]",7.7201,3,
Парканы,Парканы,улица Ворошилова,131,3,5.2585,5.9898,5.294,1.597,3.6535,True,False,"[29.491402, 46.832239]",7.7956,3,
Парканы,Парканы,улица Ворошилова,132,3,5.2281,5.9594,5.263,1.597,3.6232,True,False,"[29.491402, 46.832239]",7.7451,3,
Парканы,Парканы,улица Ворошилова,133,3,5.2752,6.0065,5.311,1.597,3.6702,True,False,"[29.491402, 46.832239]",7.8234,3,
Парканы,Парканы,улица Ворошилова,134,3,5.2437,5.975,5.28,1.597,3.6388,True,False,"[29.491402, 46.832239]",7.7711,3,
Парканы,Парканы,улица Ворошилова,135,3,5.2921,6.0234,5.328,1.597,3.6872,True,False,"[29.491402, 46.832239]",7.8517,3,
Парканы,Парканы,улица Ворошилова,136,3,5.2618,5.9931,5.297,1.597,3.6568,True,False,"[29.491402, 46.832239]",7.8011,3,
Парканы,Парканы,улица Ворошилова,137,3,5.3108,6.0421,5.347,1.597,3.7058,True,False,"[29.491402, 46.832239]",7.8827,3,
Парканы,Парканы,улица Ворошилова,137а,3,5.3322,6.0635,5.367,1.597,3.7273,True,False,"[29.491402, 46.832239]",7.9186,3,
Парканы,Парканы,улица Ворошилова,138,3,5.2779,6.0091,5.313,1.597,3.6729,True,False,"[29.491402, 46.832239]",7.8279,3,
Парканы,Парканы,улица Ворошилова,139,3,5.3549,6.0862,5.391,1.597,3.75,True,False,"[29.491402, 46.832239]",7.9564,3,
Парканы,Парканы,улица Ворошилова,140,3,5.2962,6.0275,5.331,1.597,3.6912,True,False,"[29.491402, 46.832239]",7.8584,3,
Парканы,Парканы,улица Ворошилова,141,3,5.374,6.1053,5.409,1.597,3.7691,True,False,"[29.491402, 46.832239]",7.9882,3,
Парканы,Парканы,улица Ворошилова,142,3,5.3156,6.0469,5.351,1.597,3.7107,True,False,"[29.491402, 46.832239]",7.8909,3,
Парканы,Парканы,улица Ворошилова,144,3,5.3333,6.0646,5.369,1.597,3.7283,True,False,"[29.491402, 46.832239]",7.9202,3,
Парканы,Парканы,улица Ворошилова,145,3,5.4281,6.1594,5.463,1.597,3.8232,True,False,"[29.491402, 46.832239]",8.0784,3,
Парканы,Парканы,улица Ворошилова,146,3,5.3489,6.0802,5.384,1.597,3.744,True,False,"[29.491402, 46.832239]",7.9464,3,
Парканы,Парканы,улица Ворошилова,147,3,5.4454,6.1767,5.48,1.597,3.8405,True,False,"[29.491402, 46.832239]",8.1072,3,
Парканы,Парканы,улица Ворошилова,148,3,5.3676,6.0989,5.402,1.597,3.7626,True,False,"[29.491402, 46.832239]",7.9774,3,
Парканы,Парканы,улица Ворошилова,149,3,5.4621,6.1934,5.498,1.597,3.8572,True,False,"[29.491402, 46.832239]",8.1351,3,
Парканы,Парканы,улица Ворошилова,150,3,5.3829,6.1142,5.419,1.597,3.778,True,False,"[29.491402, 46.832239]",8.0031,3,
Парканы,Парканы,улица Ворошилова,151,3,5.4822,6.2135,5.517,1.597,3.8772,True,False,"[29.491402, 46.832239]",8.1684,3,
Парканы,Парканы,улица Ворошилова,152,3,5.3985,6.1297,5.434,1.597,3.7935,True,False,"[29.491402, 46.832239]",8.0289,3,
Парканы,Парканы,улица Ворошилова,153,4,5.6309,6.3622,5.666,1.597,4.026,True,False,"[29.491402, 46.832239]",8.4164,4,
Парканы,Парканы,улица Ворошилова,154,3,5.4166,6.1478,5.451,1.597,3.8116,True,False,"[29.491402, 46.832239]",8.0591,3,
Парканы,Парканы,улица Ворошилова,156,3,5.4349,6.1662,5.47,1.597,3.8299,True,False,"[29.491402, 46.832239]",8.0896,3,
Парканы,Парканы,улица Ворошилова,157,4,5.6259,6.3572,5.662,1.597,4.021,True,False,"[29.491402, 46.832239]",8.4081,4,
Парканы,Парканы,улица Ворошилова,158,3,5.4556,6.1869,5.491,1.597,3.8506,True,False,"[29.491402, 46.832239]",8.1241,3,
Парканы,Парканы,улица Ворошилова,159,4,5.6417,6.3729,5.677,1.597,4.0368,True,False,"[29.491402, 46.832239]",8.4344,4,
Парканы,Парканы,улица Ворошилова,160,3,5.4752,6.2065,5.511,1.597,3.8702,True,False,"[29.491402, 46.832239]",8.1567,3,
Парканы,Парканы,улица Ворошилова,161,4,5.6595,6.3908,5.695,1.597,4.0546,True,False,"[29.491402, 46.832239]",8.4641,4,
Парканы,Парканы,улица Ворошилова,162,4,5.6347,6.3659,5.67,1.597,4.0297,True,False,"[29.491402, 46.832239]",8.4226,4,
Парканы,Парканы,улица Ворошилова,163,4,5.5513,6.2826,5.587,1.597,3.9468,True,False,"[29.491402, 46.832239]",8.2844,3,zone_move_4->3
Парканы,Парканы,улица Ворошилова,166,4,5.6321,6.3634,5.667,1.597,4.0272,True,False,"[29.491402, 46.832239]",8.4184,4,
Парканы,Парканы,улица Гагарина,1,3,5.169,5.9003,5.204,1.597,3.5657,True,False,"[29.491402, 46.832239]",7.6492,3,
Парканы,Парканы,улица Гагарина,2,3,5.1554,5.8866,5.191,1.597,3.552,True,False,"[29.491402, 46.832239]",7.6264,3,
Парканы,Парканы,улица Гагарина,3,3,5.1851,5.9163,5.22,1.597,3.5817,True,False,"[29.491402, 46.832239]",7.6759,3,
Парканы,Парканы,улица Гагарина,4,3,5.171,5.9022,5.206,1.597,3.5676,True,False,"[29.491402, 46.832239]",7.6524,3,
Парканы,Парканы,улица Гагарина,5,3,5.2014,5.9327,5.237,1.597,3.5981,True,False,"[29.491402, 46.832239]",7.7032,3,
Парканы,Парканы,улица Гагарина,6,3,5.1863,5.9176,5.222,1.597,3.583,True,False,"[29.491402, 46.832239]",7.6781,3,
Парканы,Парканы,улица Гагарина,7,3,5.2148,5.946,5.25,1.597,3.6114,True,False,"[29.491402, 46.832239]",7.7254,3,
Парканы,Парканы,улица Гагарина,8,3,5.204,5.9352,5.24,1.597,3.6006,True,False,"[29.491402, 46.832239]",7.7074,3,
Парканы,Парканы,улица Гагарина,9,3,5.2288,5.96,5.264,1.597,3.6254,True,False,"[29.491402, 46.832239]",7.7487,3,
Парканы,Парканы,улица Гагарина,10,3,5.2193,5.9506,5.254,1.597,3.616,True,False,"[29.491402, 46.832239]",7.7331,3,
Парканы,Парканы,улица Гагарина,11,3,5.2417,5.9729,5.277,1.597,3.6383,True,False,"[29.491402, 46.832239]",7.7702,3,
Парканы,Парканы,улица Гагарина,12,3,5.2369,5.9682,5.272,1.597,3.6336,True,False,"[29.491402, 46.832239]",7.7624,3,
Парканы,Парканы,улица Гагарина,13,3,5.2594,5.9907,5.295,1.597,3.656,True,False,"[29.491402, 46.832239]",7.7997,3,
Парканы,Парканы,улица Гагарина,14,3,5.1182,5.8495,5.154,1.597,3.5149,True,False,"[29.491402, 46.832239]",7.5646,3,
Парканы,Парканы,улица Гагарина,14,3,5.2536,5.9849,5.154,1.597,3.6502,True,False,"[29.491402, 46.832239]",7.7901,3,
Парканы,Парканы,улица Гагарина,15,3,5.2743,6.0056,5.31,1.597,3.671,True,False,"[29.491402, 46.832239]",7.8247,3,
Парканы,Парканы,улица Гагарина,16,3,5.2703,6.0016,5.306,1.597,3.6669,True,False,"[29.491402, 46.832239]",7.8179,3,
Парканы,Парканы,улица Гагарина,17,3,5.2877,6.019,5.323,1.597,3.6843,True,False,"[29.491402, 46.832239]",7.8469,3,
Парканы,Парканы,улица Гагарина,18,3,5.2893,6.0206,5.324,1.597,3.6859,True,False,"[29.491402, 46.832239]",7.8496,3,
Парканы,Парканы,улица Гагарина,19,3,5.3013,6.0326,5.337,1.597,3.698,True,False,"[29.491402, 46.832239]",7.8697,3,
Парканы,Парканы,улица Гагарина,20,3,5.3066,6.0379,5.342,1.597,3.7032,True,False,"[29.491402, 46.832239]",7.8784,3,
Парканы,Парканы,улица Гагарина,21,3,5.317,6.0483,5.353,1.597,3.7137,True,False,"[29.491402, 46.832239]",7.8959,3,
Парканы,Парканы,улица Гагарина,22,3,5.3206,6.0519,5.356,1.597,3.7172,True,False,"[29.491402, 46.832239]",7.9017,3,
Парканы,Парканы,улица Гагарина,23,3,5.3341,6.0654,5.37,1.597,3.7307,True,False,"[29.491402, 46.832239]",7.9242,3,
Парканы,Парканы,улица Гагарина,24,3,5.3385,6.0698,5.374,1.597,3.7352,True,False,"[29.491402, 46.832239]",7.9317,3,
Парканы,Парканы,улица Гагарина,25,3,5.3487,6.08,5.384,1.597,3.7454,True,False,"[29.491402, 46.832239]",7.9487,3,
Парканы,Парканы,улица Гагарина,26,3,5.3555,6.0868,5.391,1.597,3.7521,True,False,"[29.491402, 46.832239]",7.9599,3,
Парканы,Парканы,улица Гагарина,27,3,5.3645,6.0958,5.399,1.597,3.7611,True,False,"[29.491402, 46.832239]",7.9749,3,
Парканы,Парканы,улица Гагарина,28,3,5.3709,6.1022,5.407,1.597,3.7675,True,False,"[29.491402, 46.832239]",7.9856,3,
Парканы,Парканы,улица Гагарина,29,3,5.3758,6.1071,5.411,1.597,3.7724,True,False,"[29.491402, 46.832239]",7.9937,3,
Парканы,Парканы,улица Гагарина,30,3,5.5314,6.2627,5.567,1.597,3.9282,True,False,"[29.491402, 46.832239]",8.2534,3,
Парканы,Парканы,улица Гагарина,31,3,5.5341,6.2654,5.569,1.597,3.9309,True,False,"[29.491402, 46.832239]",8.2579,3,
Парканы,Парканы,улица Гагарина,32,3,5.5174,6.2487,5.553,1.597,3.9142,True,False,"[29.491402, 46.832239]",8.2301,3,
Парканы,Парканы,улица Гагарина,33,3,5.5167,6.248,5.553,1.597,3.9136,True,False,"[29.491402, 46.832239]",8.2291,3,
Парканы,Парканы,улица Гагарина,34,3,5.5004,6.2317,5.535,1.597,3.8972,True,False,"[29.491402, 46.832239]",8.2017,3,
Парканы,Парканы,улица Гагарина,35,3,5.5,6.2313,5.536,1.597,3.8968,True,False,"[29.491402, 46.832239]",8.2011,3,
Парканы,Парканы,улица Гагарина,36,3,5.4852,6.2165,5.52,1.597,3.882,True,False,"[29.491402, 46.832239]",8.1764,3,
Парканы,Парканы,улица Гагарина,37,3,5.4876,6.2189,5.523,1.597,3.8844,True,False,"[29.491402, 46.832239]",8.1804,3,
Парканы,Парканы,улица Гагарина,38,3,5.4692,6.2004,5.504,1.597,3.866,True,False,"[29.491402, 46.832239]",8.1497,3,
Парканы,Парканы,улица Гагарина,39,3,5.4736,6.2049,5.509,1.597,3.8704,True,False,"[29.491402, 46.832239]",8.1571,3,
Парканы,Парканы,улица Гагарина,39а,3,5.4586,6.1899,5.494,1.597,3.8554,True,False,"[29.491402, 46.832239]",8.1321,3,
Парканы,Парканы,улица Гагарина,40,3,5.4512,6.1825,5.487,1.597,3.848,True,False,"[29.491402, 46.832239]",8.1197,3,
Парканы,Парканы,улица Гагарина,41,3,5.4407,6.172,5.476,1.597,3.8375,True,False,"[29.491402, 46.832239]",8.1022,3,
Парканы,Парканы,улица Гагарина,43,3,5.431,6.1623,5.467,1.597,3.8278,True,False,"[29.491402, 46.832239]",8.0861,3,
Парканы,Парканы,улица Гоголя,2,2,3.8409,4.5722,3.87,1.597,2.2373,True,False,"[29.491402, 46.832239]",5.4352,2,
Парканы,Парканы,улица Гоголя,2,2,3.834,4.5652,3.87,1.597,2.2303,True,False,"[29.491402, 46.832239]",5.4236,2,
Парканы,Парканы,улица Гоголя,3,2,3.9167,4.6479,3.952,1.597,2.3131,True,False,"[29.491402, 46.832239]",5.5616,2,
Парканы,Парканы,улица Гоголя,4,2,3.8746,4.6059,3.884,1.597,2.271,True,False,"[29.491402, 46.832239]",5.4914,2,
Парканы,Парканы,улица Гоголя,4,2,3.8483,4.5796,3.884,1.597,2.2447,True,False,"[29.491402, 46.832239]",5.4476,2,
Парканы,Парканы,улица Гоголя,5,2,3.9471,4.6784,3.983,1.597,2.3435,True,False,"[29.491402, 46.832239]",5.6122,2,
Парканы,Парканы,улица Гоголя,5,2,3.9487,4.68,3.983,1.597,2.3452,True,False,"[29.491402, 46.832239]",5.6151,2,
Парканы,Парканы,улица Гоголя,6,2,3.8896,4.6209,3.914,1.597,2.286,True,False,"[29.491402, 46.832239]",5.5164,2,
Парканы,Парканы,улица Гоголя,6,2,3.8782,4.6095,3.914,1.597,2.2747,True,False,"[29.491402, 46.832239]",5.4976,2,
Парканы,Парканы,улица Гоголя,8,2,3.9024,4.6337,3.931,1.597,2.2988,True,False,"[29.491402, 46.832239]",5.5377,2,
Парканы,Парканы,улица Гоголя,8,2,3.8953,4.6266,3.931,1.597,2.2917,True,False,"[29.491402, 46.832239]",5.5259,2,
Парканы,Парканы,улица Гоголя,14,2,3.729,4.4603,3.764,1.597,2.1256,True,False,"[29.491402, 46.832239]",5.2491,2,
Парканы,Парканы,улица Гоголя,15,2,4.0362,4.7675,4.071,1.597,2.4319,True,False,"[29.491402, 46.832239]",5.7596,2,
Парканы,Парканы,улица Гоголя,16,2,3.7456,4.4769,3.781,1.597,2.1421,True,False,"[29.491402, 46.832239]",5.2766,2,
Парканы,Парканы,улица Гоголя,17,3,4.1806,4.9119,4.216,1.597,2.5759,True,False,"[29.491402, 46.832239]",5.9996,2,zone_move_3->2
Парканы,Парканы,улица Гоголя,18,2,3.7821,4.5134,3.818,1.597,2.1786,True,False,"[29.491402, 46.832239]",5.3374,2,
Парканы,Парканы,улица Гоголя,19,3,4.2188,4.9501,4.254,1.597,2.614,True,False,"[29.491402, 46.832239]",6.0631,2,zone_move_3->2
Парканы,Парканы,улица Гоголя,20,2,3.798,4.5293,3.834,1.597,2.1944,True,False,"[29.491402, 46.832239]",5.3637,2,
Парканы,Парканы,улица Гоголя,22,2,3.831,4.5623,3.866,1.597,2.2273,True,False,"[29.491402, 46.832239]",5.4186,2,
Парканы,Парканы,улица Гоголя,24,2,3.8492,4.5805,3.884,1.597,2.2455,True,False,"[29.491402, 46.832239]",5.4489,2,
Парканы,Парканы,улица Гоголя,26,2,3.8653,4.5966,3.9,1.597,2.2616,True,False,"[29.491402, 46.832239]",5.4757,2,
Парканы,Парканы,улица Гоголя,28,2,3.8825,4.6138,3.918,1.597,2.2787,True,False,"[29.491402, 46.832239]",5.5042,2,
Парканы,Парканы,улица Гоголя,30,2,3.8984,4.6297,3.934,1.597,2.2946,True,False,"[29.491402, 46.832239]",5.5307,2,
Парканы,Парканы,улица Гоголя,32,2,3.9187,4.65,3.954,1.597,2.3147,True,False,"[29.491402, 46.832239]",5.5642,2,
Парканы,Парканы,улица Гоголя,34,2,3.9375,4.6688,3.973,1.597,2.3335,True,False,"[29.491402, 46.832239]",5.5956,2,
Парканы,Парканы,улица Гоголя,36,2,3.9605,4.6918,3.996,1.597,2.3564,True,False,"[29.491402, 46.832239]",5.6337,2,
Парканы,Парканы,улица Гоголя,38,2,3.9839,4.7152,4.019,1.597,2.3798,True,False,"[29.491402, 46.832239]",5.6727,2,
Парканы,Парканы,улица Гоголя,40,2,4.0073,4.7386,4.043,1.597,2.4031,True,False,"[29.491402, 46.832239]",5.7116,2,
Парканы,Парканы,улица Гоголя,42,2,4.0212,4.7525,4.057,1.597,2.417,True,False,"[29.491402, 46.832239]",5.7347,2,
Парканы,Парканы,улица Гоголя,46,3,4.0689,4.8002,4.09,1.597,2.4646,True,False,"[29.491402, 46.832239]",5.8141,2,zone_move_3->2
Парканы,Парканы,улица Гоголя,46,3,4.0545,4.7858,4.09,1.597,2.4502,True,False,"[29.491402, 46.832239]",5.7901,2,zone_move_3->2
Парканы,Парканы,улица Гоголя,48,3,4.0875,4.8188,4.123,1.597,2.4831,True,False,"[29.491402, 46.832239]",5.8449,2,zone_move_3->2
Парканы,Парканы,улица Гоголя,50,3,4.1041,4.8354,4.14,1.597,2.4996,True,False,"[29.491402, 46.832239]",5.8724,2,zone_move_3->2
Парканы,Парканы,улица Гоголя,52,3,4.1244,4.8557,4.16,1.597,2.5199,True,False,"[29.491402, 46.832239]",5.9062,2,zone_move_3->2
Парканы,Парканы,улица Гоголя,56,3,4.1526,4.8839,4.188,1.597,2.548,True,False,"[29.491402, 46.832239]",5.9531,2,zone_move_3->2
Парканы,Парканы,улица Гоголя,58,3,4.173,4.9043,4.209,1.597,2.5683,True,False,"[29.491402, 46.832239]",5.9869,2,zone_move_3->2
Парканы,Парканы,улица Гоголя,62,3,4.1885,4.9198,4.224,1.597,2.5838,True,False,"[29.491402, 46.832239]",6.0127,2,zone_move_3->2
Парканы,Парканы,улица Гоголя,64А,3,4.2042,4.9355,4.24,1.597,2.5994,True,False,"[29.491402, 46.832239]",6.0387,2,zone_move_3->2
Парканы,Парканы,улица Гоголя,64Б,3,4.2141,4.9454,4.249,1.597,2.6093,True,False,"[29.491402, 46.832239]",6.0552,2,zone_move_3->2
Парканы,Парканы,улица Гоголя,66,3,4.2431,4.9744,4.279,1.597,2.6383,True,False,"[29.491402, 46.832239]",6.1036,3,
Парканы,Парканы,улица Гоголя,68,3,4.2664,4.9977,4.302,1.597,2.6615,True,False,"[29.491402, 46.832239]",6.1422,3,
Парканы,Парканы,улица Горького,1,3,4.5512,5.2824,4.587,1.597,2.9446,True,False,"[29.491402, 46.832239]",6.6141,3,
Парканы,Парканы,улица Горького,3,3,4.5795,5.3107,4.614,1.597,2.9729,True,False,"[29.491402, 46.832239]",6.6612,3,
Парканы,Парканы,улица Горького,4,3,4.5673,5.2986,4.603,1.597,2.9608,True,False,"[29.491402, 46.832239]",6.6411,3,
Парканы,Парканы,улица Горького,5,3,4.6278,5.3591,4.663,1.597,3.0213,True,False,"[29.491402, 46.832239]",6.7419,3,
Парканы,Парканы,улица Горького,6,3,4.5799,5.3112,4.616,1.597,2.9734,True,False,"[29.491402, 46.832239]",6.6621,3,
Парканы,Парканы,улица Горького,7,3,4.6011,5.3324,4.636,1.597,2.9945,True,False,"[29.491402, 46.832239]",6.6972,3,
Парканы,Парканы,улица Горького,8,3,4.5946,5.3259,4.63,1.597,2.9881,True,False,"[29.491402, 46.832239]",6.6866,3,
Парканы,Парканы,улица Горького,9,3,4.6522,5.3834,4.687,1.597,3.0456,True,False,"[29.491402, 46.832239]",6.7824,3,
Парканы,Парканы,улица Горького,10,3,4.6084,5.3397,4.644,1.597,3.0019,True,False,"[29.491402, 46.832239]",6.7096,3,
Парканы,Парканы,улица Горького,11,3,4.6738,5.4051,4.71,1.597,3.0672,True,False,"[29.491402, 46.832239]",6.8184,3,
Парканы,Парканы,улица Горького,12,3,4.622,5.3533,4.657,1.597,3.0155,True,False,"[29.491402, 46.832239]",6.7322,3,
Парканы,Парканы,улица Горького,13,3,4.6932,5.4245,4.729,1.597,3.0867,True,False,"[29.491402, 46.832239]",6.8509,3,
Парканы,Парканы,улица Горького,14,3,4.6365,5.3678,4.672,1.597,3.03,True,False,"[29.491402, 46.832239]",6.7564,3,
Парканы,Парканы,улица Горького,15,3,4.712,5.4432,4.748,1.597,3.1054,True,False,"[29.491402, 46.832239]",6.8821,3,
Парканы,Парканы,улица Горького,16,3,4.6492,5.3805,4.685,1.597,3.0426,True,False,"[29.491402, 46.832239]",6.7774,3,
Парканы,Парканы,улица Горького,17,3,4.7299,5.4612,4.766,1.597,3.1234,True,False,"[29.491402, 46.832239]",6.9121,3,
Парканы,Парканы,улица Горького,18,3,4.6619,5.3932,4.697,1.597,3.0553,True,False,"[29.491402, 46.832239]",6.7986,3,
Парканы,Парканы,улица Горького,20,3,4.6735,5.4048,4.709,1.597,3.067,True,False,"[29.491402, 46.832239]",6.8181,3,
Парканы,Парканы,улица Горького,21,3,4.7491,5.4804,4.784,1.597,3.1425,True,False,"[29.491402, 46.832239]",6.9439,3,
Парканы,Парканы,улица Горького,22,3,4.685,5.4163,4.72,1.597,3.0784,True,False,"[29.491402, 46.832239]",6.8371,3,
Парканы,Парканы,улица Горького,23,3,4.7672,5.4984,4.803,1.597,3.1606,True,False,"[29.491402, 46.832239]",6.9741,3,
Парканы,Парканы,улица Горького,24,3,4.6962,5.4275,4.732,1.597,3.0896,True,False,"[29.491402, 46.832239]",6.8557,3,
Парканы,Парканы,улица Горького,25,3,4.7863,5.5176,4.821,1.597,3.1798,True,False,"[29.491402, 46.832239]",7.0061,3,
Парканы,Парканы,улица Горького,26,3,4.7096,5.4409,4.745,1.597,3.103,True,False,"[29.491402, 46.832239]",6.8781,3,
Парканы,Парканы,улица Горького,27,3,4.8054,5.5367,4.841,1.597,3.1989,True,False,"[29.491402, 46.832239]",7.0379,3,
Парканы,Парканы,улица Горького,28,3,4.7197,5.451,4.756,1.597,3.1132,True,False,"[29.491402, 46.832239]",6.8951,3,
Парканы,Парканы,улица Горького,29,3,4.8271,5.5584,4.862,1.597,3.2206,True,False,"[29.491402, 46.832239]",7.0741,3,
Парканы,Парканы,улица Горького,30,3,4.7348,5.466,4.77,1.597,3.1282,True,False,"[29.491402, 46.832239]",6.9201,3,
Парканы,Парканы,улица Горького,31,3,4.844,5.5753,4.88,1.597,3.2375,True,False,"[29.491402, 46.832239]",7.1022,3,
Парканы,Парканы,улица Горького,32,3,4.745,5.4763,4.78,1.597,3.1385,True,False,"[29.491402, 46.832239]",6.9372,3,
Парканы,Парканы,улица Горького,33,3,4.8648,5.5961,4.9,1.597,3.2583,True,False,"[29.491402, 46.832239]",7.1369,3,
Парканы,Парканы,улица Горького,34,3,4.7549,5.4861,4.791,1.597,3.1483,True,False,"[29.491402, 46.832239]",6.9536,3,
Парканы,Парканы,улица Горького,35,3,4.8818,5.6131,4.918,1.597,3.2752,True,False,"[29.491402, 46.832239]",7.1651,3,
Парканы,Парканы,улица Горького,36,3,4.7656,5.4969,4.801,1.597,3.159,True,False,"[29.491402, 46.832239]",6.9714,3,
Парканы,Парканы,улица Горького,37,3,4.9046,5.6359,4.94,1.597,3.2981,True,False,"[29.491402, 46.832239]",7.2032,3,
Парканы,Парканы,улица Горького,38,3,4.7769,5.5082,4.812,1.597,3.1703,True,False,"[29.491402, 46.832239]",6.9902,3,
Парканы,Парканы,улица Горького,39,3,4.9272,5.6585,4.962,1.597,3.3207,True,False,"[29.491402, 46.832239]",7.2409,3,
Парканы,Парканы,улица Горького,40,3,4.7881,5.5194,4.824,1.597,3.1816,True,False,"[29.491402, 46.832239]",7.0091,3,
Парканы,Парканы,улица Горького,41,3,4.9496,5.6809,4.985,1.597,3.3431,True,False,"[29.491402, 46.832239]",7.2782,3,
Парканы,Парканы,улица Горького,42,3,4.7994,5.5307,4.834,1.597,3.1929,True,False,"[29.491402, 46.832239]",7.0279,3,
Парканы,Парканы,улица Горького,43,3,4.9744,5.7056,5.01,1.597,3.3678,True,False,"[29.491402, 46.832239]",7.3194,3,
Парканы,Парканы,улица Горького,44,3,4.8095,5.5408,4.845,1.597,3.2029,True,False,"[29.491402, 46.832239]",7.0446,3,
Парканы,Парканы,улица Горького,45,3,4.9996,5.7309,5.035,1.597,3.3931,True,False,"[29.491402, 46.832239]",7.3616,3,
Парканы,Парканы,улица Горького,47,3,5.0256,5.7569,5.06,1.597,3.4191,True,False,"[29.491402, 46.832239]",7.4049,3,
Парканы,Парканы,улица Горького,48,3,4.8218,5.5531,4.857,1.597,3.2152,True,False,"[29.491402, 46.832239]",7.0651,3,
Парканы,Парканы,улица Горького,49;53,3,5.0437,5.775,5.079,1.597,3.4372,True,False,"[29.491402, 46.832239]",7.4351,3,
Парканы,Парканы,улица Горького,50,3,4.8332,5.5645,4.868,1.597,3.2267,True,False,"[29.491402, 46.832239]",7.0842,3,
Парканы,Парканы,улица Горького,51,3,5.0626,5.7939,5.098,1.597,3.4561,True,False,"[29.491402, 46.832239]",7.4666,3,
Парканы,Парканы,улица Горького,52,3,4.8436,5.5749,4.879,1.597,3.237,True,False,"[29.491402, 46.832239]",7.1014,3,
Парканы,Парканы,улица Горького,54,3,4.8567,5.588,4.893,1.597,3.2501,True,False,"[29.491402, 46.832239]",7.1232,3,
Парканы,Парканы,улица Горького,55,3,5.0797,5.811,5.115,1.597,3.4732,True,False,"[29.491402, 46.832239]",7.4951,3,
Парканы,Парканы,улица Горького,56,3,4.872,5.6033,4.907,1.597,3.2655,True,False,"[29.491402, 46.832239]",7.1489,3,
Парканы,Парканы,улица Горького,57,3,5.0979,5.8292,5.133,1.597,3.4914,True,False,"[29.491402, 46.832239]",7.5254,3,
Парканы,Парканы,улица Горького,58,3,4.8867,5.618,4.922,1.597,3.2802,True,False,"[29.491402, 46.832239]",7.1734,3,
Парканы,Парканы,улица Горького,58,3,4.9794,5.7107,4.922,1.597,3.3729,True,False,"[29.491402, 46.832239]",7.3279,3,
Парканы,Парканы,улица Горького,59,3,5.1181,5.8494,5.153,1.597,3.5116,True,False,"[29.491402, 46.832239]",7.5591,3,
Парканы,Парканы,улица Горького,60,3,4.9049,5.6362,4.94,1.597,3.2984,True,False,"[29.491402, 46.832239]",7.2037,3,
Парканы,Парканы,улица Горького,61,3,5.1362,5.8675,5.092,1.597,3.5297,True,False,"[29.491402, 46.832239]",7.5892,3,
Парканы,Парканы,улица Горького,61,3,5.0561,5.7874,5.092,1.597,3.4496,True,False,"[29.491402, 46.832239]",7.4557,3,
Парканы,Парканы,улица Горького,62,3,4.9228,5.6541,4.958,1.597,3.3163,True,False,"[29.491402, 46.832239]",7.2336,3,
Парканы,Парканы,улица Горького,64,3,4.9384,5.6697,4.973,1.597,3.3319,True,False,"[29.491402, 46.832239]",7.2596,3,
Парканы,Парканы,улица Горького,66,3,4.9649,5.6961,5.0,1.597,3.3583,True,False,"[29.491402, 46.832239]",7.3036,3,
Парканы,Парканы,улица Горького,67,3,5.1542,5.8855,5.19,1.597,3.5477,True,False,"[29.491402, 46.832239]",7.6192,3,
Парканы,Парканы,улица Горького,68,3,4.9794,5.7107,5.015,1.597,3.3729,True,False,"[29.491402, 46.832239]",7.3279,3,
Парканы,Парканы,улица Горького,69,3,5.17,5.9013,5.206,1.597,3.5635,True,False,"[29.491402, 46.832239]",7.6456,3,
Парканы,Парканы,улица Горького,70,3,4.9955,5.7268,5.031,1.597,3.389,True,False,"[29.491402, 46.832239]",7.3547,3,
Парканы,Парканы,улица Горького,71,3,5.1853,5.9166,5.221,1.597,3.5789,True,False,"[29.491402, 46.832239]",7.6712,3,
Парканы,Парканы,улица Горького,72,3,5.0101,5.7414,5.046,1.597,3.4036,True,False,"[29.491402, 46.832239]",7.3791,3,
Парканы,Парканы,улица Горького,73,3,5.2009,5.9322,5.236,1.597,3.5944,True,False,"[29.491402, 46.832239]",7.6971,3,
Парканы,Парканы,улица Горького,74,3,5.0259,5.7572,5.062,1.597,3.4194,True,False,"[29.491402, 46.832239]",7.4054,3,
Парканы,Парканы,улица Горького,75,3,5.1853,5.9166,5.221,1.597,3.5789,True,False,"[29.491402, 46.832239]",7.6712,3,
Парканы,Парканы,улица Горького,76,3,5.0417,5.773,5.077,1.597,3.4352,True,False,"[29.491402, 46.832239]",7.4317,3,
Парканы,Парканы,улица Горького,77,3,5.2165,5.9478,5.251,1.597,3.61,True,False,"[29.491402, 46.832239]",7.7231,3,
Парканы,Парканы,улица Горького,78,3,5.0563,5.7876,5.092,1.597,3.4498,True,False,"[29.491402, 46.832239]",7.4561,3,
Парканы,Парканы,улица Горького,79,3,5.2332,5.9645,5.268,1.597,3.6268,True,False,"[29.491402, 46.832239]",7.7511,3,
Парканы,Парканы,улица Горького,80,3,5.0701,5.8014,5.106,1.597,3.4636,True,False,"[29.491402, 46.832239]",7.4791,3,
Парканы,Парканы,улица Горького,81,3,5.249,5.9803,5.285,1.597,3.6425,True,False,"[29.491402, 46.832239]",7.7772,3,
Парканы,Парканы,улица Горького,82,3,5.0846,5.8159,5.12,1.597,3.4781,True,False,"[29.491402, 46.832239]",7.5032,3,
Парканы,Парканы,улица Горького,83,3,5.2636,5.9949,5.299,1.597,3.6571,True,False,"[29.491402, 46.832239]",7.8016,3,
Парканы,Парканы,улица Горького,84,3,5.0995,5.8308,5.135,1.597,3.493,True,False,"[29.491402, 46.832239]",7.5281,3,
Парканы,Парканы,улица Горького,85,3,5.2826,6.0138,5.318,1.597,3.6761,True,False,"[29.491402, 46.832239]",7.8332,3,
Парканы,Парканы,улица Горького,86,3,5.1153,5.8466,5.15,1.597,3.5088,True,False,"[29.491402, 46.832239]",7.5544,3,
Парканы,Парканы,улица Горького,87,3,5.3004,6.0317,5.336,1.597,3.6939,True,False,"[29.491402, 46.832239]",7.8629,3,
Парканы,Парканы,улица Горького,88,3,5.1288,5.8601,5.164,1.597,3.5224,True,False,"[29.491402, 46.832239]",7.5771,3,
Парканы,Парканы,улица Горького,89,3,5.3161,6.0474,5.351,1.597,3.7097,True,False,"[29.491402, 46.832239]",7.8892,3,
Парканы,Парканы,улица Горького,90,3,5.1444,5.8757,5.18,1.597,3.5379,True,False,"[29.491402, 46.832239]",7.6029,3,
Парканы,Парканы,улица Горького,91,3,5.3314,6.0627,5.366,1.597,3.725,True,False,"[29.491402, 46.832239]",7.9147,3,
Парканы,Парканы,улица Горького,92,3,5.1647,5.896,5.2,1.597,3.5582,True,False,"[29.491402, 46.832239]",7.6367,3,
Парканы,Парканы,улица Горького,93,3,5.3481,6.0794,5.383,1.597,3.7417,True,False,"[29.491402, 46.832239]",7.9426,3,
Парканы,Парканы,улица Горького,94,3,5.1862,5.9175,5.222,1.597,3.5798,True,False,"[29.491402, 46.832239]",7.6727,3,
Парканы,Парканы,улица Горького,95,3,5.3716,6.1029,5.407,1.597,3.7651,True,False,"[29.491402, 46.832239]",7.9816,3,
Парканы,Парканы,улица Горького,96,3,5.202,5.9333,5.237,1.597,3.5955,True,False,"[29.491402, 46.832239]",7.6989,3,
Парканы,Парканы,улица Горького,97,3,5.394,6.1253,5.429,1.597,3.7875,True,False,"[29.491402, 46.832239]",8.0189,3,
Парканы,Парканы,улица Горького,98,3,5.2187,5.95,5.254,1.597,3.6122,True,False,"[29.491402, 46.832239]",7.7267,3,
Парканы,Парканы,улица Горького,99,3,5.4207,6.152,5.456,1.597,3.8143,True,False,"[29.491402, 46.832239]",8.0636,3,
Парканы,Парканы,улица Горького,100,3,5.2376,5.9689,5.273,1.597,3.6311,True,False,"[29.491402, 46.832239]",7.7582,3,
Парканы,Парканы,улица Горького,101,3,5.4464,6.1777,5.482,1.597,3.8399,True,False,"[29.491402, 46.832239]",8.1062,3,
Парканы,Парканы,улица Горького,102,3,5.2542,5.9855,5.29,1.597,3.6477,True,False,"[29.491402, 46.832239]",7.7859,3,
Парканы,Парканы,улица Горького,103,3,5.4677,6.199,5.503,1.597,3.8612,True,False,"[29.491402, 46.832239]",8.1417,3,
Парканы,Парканы,улица Горького,104,3,5.2722,6.0035,5.307,1.597,3.6657,True,False,"[29.491402, 46.832239]",7.8159,3,
Парканы,Парканы,улица Горького,105,3,5.5159,6.2472,5.443,1.597,3.91,True,False,"[29.491402, 46.832239]",8.2231,3,
Парканы,Парканы,улица Горького,106,3,5.2869,6.0182,5.323,1.597,3.6804,True,False,"[29.491402, 46.832239]",7.8404,3,
Парканы,Парканы,улица Горького,106,3,5.3251,6.0564,5.323,1.597,3.7186,True,False,"[29.491402, 46.832239]",7.9041,3,
Парканы,Парканы,улица Горького,108,3,5.3251,6.0564,5.361,1.597,3.7186,True,False,"[29.491402, 46.832239]",7.9041,3,
Парканы,Парканы,улица Горького,109,3,5.5403,6.2716,5.469,1.597,3.9345,True,False,"[29.491402, 46.832239]",8.2639,3,
Парканы,Парканы,улица Горького,110,3,5.3081,6.0394,5.343,1.597,3.7017,True,False,"[29.491402, 46.832239]",7.8759,3,
Парканы,Парканы,улица Горького,111,3,5.5647,6.296,5.493,1.597,3.9588,True,False,"[29.491402, 46.832239]",8.3044,3,
Парканы,Парканы,улица Горького,112,3,5.3429,6.0742,5.378,1.597,3.7365,True,False,"[29.491402, 46.832239]",7.9339,3,
Парканы,Парканы,улица Горького,113,3,5.5913,6.3226,5.519,1.597,3.9854,True,False,"[29.491402, 46.832239]",8.3487,3,
Парканы,Парканы,улица Горького,114,3,5.3609,6.0921,5.396,1.597,3.7544,True,False,"[29.491402, 46.832239]",7.9637,3,
Парканы,Парканы,улица Горького,115,3,5.6148,6.3461,5.543,1.597,4.0089,True,False,"[29.491402, 46.832239]",8.3879,4,zone_move_3->4
Парканы,Парканы,улица Горького,116,3,5.3776,6.1089,5.413,1.597,3.7711,True,False,"[29.491402, 46.832239]",7.9916,3,
Парканы,Парканы,улица Горького,117,3,5.6394,6.3706,5.567,1.597,4.0335,True,False,"[29.491402, 46.832239]",8.4289,4,zone_move_3->4
Парканы,Парканы,улица Горького,118,3,5.3976,6.1289,5.433,1.597,3.7912,True,False,"[29.491402, 46.832239]",8.0251,3,
Парканы,Парканы,улица Горького,119,4,5.666,6.3973,5.594,1.597,4.0601,True,False,"[29.491402, 46.832239]",8.4732,4,
Парканы,Парканы,улица Горького,120,3,5.4144,6.1457,5.45,1.597,3.8079,True,False,"[29.491402, 46.832239]",8.0529,3,
Парканы,Парканы,улица Горького,121,4,5.6918,6.4231,5.62,1.597,4.0859,True,False,"[29.491402, 46.832239]",8.5162,4,
Парканы,Парканы,улица Горького,122,3,5.4312,6.1625,5.467,1.597,3.8248,True,False,"[29.491402, 46.832239]",8.0811,3,
Парканы,Парканы,улица Горького,123,4,5.7107,6.442,5.638,1.597,4.1048,True,False,"[29.491402, 46.832239]",8.5477,4,
Парканы,Парканы,улица Горького,124,3,5.4467,6.178,5.482,1.597,3.8403,True,False,"[29.491402, 46.832239]",8.1069,3,
Парканы,Парканы,улица Горького,125,4,5.7279,6.4592,5.655,1.597,4.1221,True,False,"[29.491402, 46.832239]",8.5766,4,
Парканы,Парканы,улица Горького,126,3,5.4634,6.1947,5.499,1.597,3.857,True,False,"[29.491402, 46.832239]",8.1347,3,
Парканы,Парканы,улица Горького,127,4,5.7433,6.4746,5.672,1.597,4.1374,True,False,"[29.491402, 46.832239]",8.6021,4,
Парканы,Парканы,улица Горького,128,3,5.5354,6.2667,5.464,1.597,3.9295,True,False,"[29.491402, 46.832239]",8.2556,3,
Парканы,Парканы,улица Горького,129,3,5.7617,6.493,5.548,1.597,4.1559,True,False,"[29.491402, 46.832239]",8.6329,4,zone_move_3->4
Парканы,Парканы,улица Горького,129,3,5.621,6.3523,5.548,1.597,4.0152,True,False,"[29.491402, 46.832239]",8.3984,4,zone_move_3->4
Парканы,Парканы,улица Горького,130,3,5.5511,6.2824,5.479,1.597,3.9452,True,False,"[29.491402, 46.832239]",8.2817,3,
Парканы,Парканы,улица Горького,131,4,6.0408,6.7721,6.076,1.597,4.4355,True,False,"[29.491402, 46.832239]",9.0989,4,
Парканы,Парканы,улица Горького,132,3,5.5721,6.3034,5.5,1.597,3.9662,True,False,"[29.491402, 46.832239]",8.3167,3,
Парканы,Парканы,улица Горького,133,4,6.0244,6.7557,6.059,1.597,4.4191,True,False,"[29.491402, 46.832239]",9.0716,4,
Парканы,Парканы,улица Горького,134,3,5.5878,6.3191,5.516,1.597,3.982,True,False,"[29.491402, 46.832239]",8.3431,3,
Парканы,Парканы,улица Горького,135,4,6.0104,6.7417,6.046,1.597,4.4051,True,False,"[29.491402, 46.832239]",9.0482,4,
Парканы,Парканы,улица Горького,136,3,5.6058,6.3371,5.533,1.597,4.0,True,False,"[29.491402, 46.832239]",8.3731,3,
Парканы,Парканы,улица Горького,137,4,5.9946,6.7259,5.638,1.597,4.3893,True,False,"[29.491402, 46.832239]",9.0219,4,
Парканы,Парканы,улица Горького,137,4,5.7096,6.4409,5.638,1.597,4.1037,True,False,"[29.491402, 46.832239]",8.5459,4,
Парканы,Парканы,улица Горького,138,3,5.6235,6.3548,5.551,1.597,4.0176,True,False,"[29.491402, 46.832239]",8.4024,4,zone_move_3->4
Парканы,Парканы,улица Горького,139,4,5.9786,6.7099,6.014,1.597,4.3733,True,False,"[29.491402, 46.832239]",8.9952,4,
Парканы,Парканы,улица Горького,140,3,5.6414,6.3727,5.569,1.597,4.0355,True,False,"[29.491402, 46.832239]",8.4322,4,zone_move_3->4
Парканы,Парканы,улица Горького,141,4,5.9629,6.6942,5.999,1.597,4.3576,True,False,"[29.491402, 46.832239]",8.9691,4,
Парканы,Парканы,улица Горького,142,4,5.6569,6.3882,5.585,1.597,4.051,True,False,"[29.491402, 46.832239]",8.4581,4,
Парканы,Парканы,улица Горького,143,4,5.9494,6.6807,5.984,1.597,4.3441,True,False,"[29.491402, 46.832239]",8.9466,4,
Парканы,Парканы,улица Горького,144,4,5.6712,6.4025,5.599,1.597,4.0654,True,False,"[29.491402, 46.832239]",8.4821,4,
Парканы,Парканы,улица Горького,145,4,5.9324,6.6637,5.968,1.597,4.3271,True,False,"[29.491402, 46.832239]",8.9182,4,
Парканы,Парканы,улица Горького,146,4,5.688,6.4193,5.616,1.597,4.0821,True,False,"[29.491402, 46.832239]",8.5099,4,
Парканы,Парканы,улица Горького,147,4,5.9167,6.648,5.953,1.597,4.3114,True,False,"[29.491402, 46.832239]",8.8921,4,
Парканы,Парканы,улица Горького,148,4,5.7058,6.4371,5.634,1.597,4.0999,True,False,"[29.491402, 46.832239]",8.5396,4,
Парканы,Парканы,улица Горького,149,4,5.9022,6.6335,5.938,1.597,4.2969,True,False,"[29.491402, 46.832239]",8.8679,4,
Парканы,Парканы,улица Горького,150,4,5.7203,6.4515,5.648,1.597,4.1144,True,False,"[29.491402, 46.832239]",8.5637,4,
Парканы,Парканы,улица Горького,151,4,5.8884,6.6197,5.909,1.597,4.2831,True,False,"[29.491402, 46.832239]",8.8449,4,
Парканы,Парканы,улица Горького,151,4,5.873,6.6043,5.909,1.597,4.2677,True,False,"[29.491402, 46.832239]",8.8192,4,
Парканы,Парканы,улица Горького,152,4,5.7386,6.4699,5.666,1.597,4.1327,True,False,"[29.491402, 46.832239]",8.5942,4,
Парканы,Парканы,улица Горького,153,4,5.8571,6.5884,5.892,1.597,4.2518,True,False,"[29.491402, 46.832239]",8.7927,4,
Парканы,Парканы,улица Горького,154,4,5.7551,6.4864,5.683,1.597,4.1493,True,False,"[29.491402, 46.832239]",8.6219,4,
Парканы,Парканы,улица Горького,156,4,5.7689,6.5001,5.697,1.597,4.163,True,False,"[29.491402, 46.832239]",8.6447,4,
Парканы,Парканы,улица Горького,157,4,5.8423,6.5736,5.878,1.597,4.237,True,False,"[29.491402, 46.832239]",8.7681,4,
Парканы,Парканы,улица Горького,158,4,6.0339,6.7651,6.069,1.597,4.4286,True,False,"[29.491402, 46.832239]",9.0874,4,
Парканы,Парканы,улица Горького,159,4,5.8275,6.5588,5.863,1.597,4.2222,True,False,"[29.491402, 46.832239]",8.7434,4,
Парканы,Парканы,улица Горького,160,4,6.0169,6.7482,6.052,1.597,4.4116,True,False,"[29.491402, 46.832239]",9.0591,4,
Парканы,Парканы,улица Горького,161,4,5.8121,6.5434,5.848,1.597,4.2067,True,False,"[29.491402, 46.832239]",8.7176,4,
Парканы,Парканы,улица Горького,162,4,5.9983,6.7296,6.034,1.597,4.393,True,False,"[29.491402, 46.832239]",9.0281,4,
Парканы,Парканы,улица Горького,163,4,5.7963,6.5276,5.831,1.597,4.1909,True,False,"[29.491402, 46.832239]",8.6912,4,
Парканы,Парканы,улица Горького,164,4,5.9814,6.7127,6.017,1.597,4.3761,True,False,"[29.491402, 46.832239]",8.9999,4,
Парканы,Парканы,улица Горького,165,4,5.7805,6.5118,5.816,1.597,4.1751,True,False,"[29.491402, 46.832239]",8.6649,4,
Парканы,Парканы,улица Горького,166,4,5.9656,6.6969,6.001,1.597,4.3603,True,False,"[29.491402, 46.832239]",8.9736,4,
Парканы,Парканы,улица Горького,167,4,5.7644,6.4957,5.8,1.597,4.1591,True,False,"[29.491402, 46.832239]",8.6382,4,
Парканы,Парканы,улица Горького,168,4,5.9462,6.6775,5.982,1.597,4.3409,True,False,"[29.491402, 46.832239]",8.9412,4,
Парканы,Парканы,улица Горького,169,4,5.7756,6.5069,5.811,1.597,4.1703,True,False,"[29.491402, 46.832239]",8.6569,4,
Парканы,Парканы,улица Горького,170,4,5.9292,6.6605,5.965,1.597,4.3239,True,False,"[29.491402, 46.832239]",8.9129,4,
Парканы,Парканы,улица Горького,171,4,5.7923,6.5236,5.828,1.597,4.1869,True,False,"[29.491402, 46.832239]",8.6846,4,
Парканы,Парканы,улица Горького,172,4,5.9133,6.6446,5.949,1.597,4.308,True,False,"[29.491402, 46.832239]",8.8864,4,
Парканы,Парканы,улица Горького,173,4,5.8101,6.5413,5.846,1.597,4.2047,True,False,"[29.491402, 46.832239]",8.7142,4,
Парканы,Парканы,улица Горького,174,4,5.8994,6.6307,5.934,1.597,4.2941,True,False,"[29.491402, 46.832239]",8.8632,4,
Парканы,Парканы,улица Горького,176,4,5.8836,6.6149,5.919,1.597,4.2783,True,False,"[29.491402, 46.832239]",8.8369,4,
Парканы,Парканы,улица Горького,178,4,5.8687,6.6,5.904,1.597,4.2634,True,False,"[29.491402, 46.832239]",8.8121,4,
Парканы,Парканы,улица Горького,180,4,5.8507,6.5819,5.886,1.597,4.2453,True,False,"[29.491402, 46.832239]",8.7819,4,
Парканы,Парканы,улица Горького,182,4,5.8338,6.5651,5.869,1.597,4.2285,True,False,"[29.491402, 46.832239]",8.7539,4,
Парканы,Парканы,улица Горького,184,4,5.8171,6.5484,5.852,1.597,4.2118,True,False,"[29.491402, 46.832239]",8.7261,4,
Парканы,Парканы,улица Горького,186,4,5.8027,6.534,5.838,1.597,4.1974,True,False,"[29.491402, 46.832239]",8.7021,4,
Парканы,Парканы,улица Горького,188,4,5.788,6.5193,5.823,1.597,4.1827,True,False,"[29.491402, 46.832239]",8.6776,4,
Парканы,Парканы,улица Горького,192,4,5.7847,6.516,5.821,1.597,4.1794,True,False,"[29.491402, 46.832239]",8.6721,4,
Парканы,Парканы,улица Димитрова,4,2,4.0065,4.7378,4.042,1.597,2.4037,True,False,"[29.491402, 46.832239]",5.7126,2,
Парканы,Парканы,улица Димитрова,4,2,4.0068,4.7381,4.042,1.597,2.4041,True,False,"[29.491402, 46.832239]",5.7132,2,
Парканы,Парканы,улица Димитрова,5,2,3.9916,4.7229,4.027,1.597,2.3888,True,False,"[29.491402, 46.832239]",5.6877,2,
Парканы,Парканы,улица Димитрова,5,2,3.994,4.7253,4.027,1.597,2.3912,True,False,"[29.491402, 46.832239]",5.6917,2,
Парканы,Парканы,улица Димитрова,6,2,3.5046,4.2359,3.54,1.597,1.9021,True,False,"[29.491402, 46.832239]",4.8766,2,
Парканы,Парканы,улица Димитрова,8,2,3.6244,4.3557,3.659,1.597,2.022,True,False,"[29.491402, 46.832239]",5.0764,2,
Парканы,Парканы,улица Димитрова,8а,2,3.653,4.3843,3.688,1.597,2.0506,True,False,"[29.491402, 46.832239]",5.1241,2,
Парканы,Парканы,улица Димитрова,10,2,3.6936,4.4249,3.729,1.597,2.0912,True,False,"[29.491402, 46.832239]",5.1917,2,
Парканы,Парканы,улица Димитрова,12,2,3.7171,4.4484,3.753,1.597,2.1147,True,False,"[29.491402, 46.832239]",5.2309,2,
Парканы,Парканы,улица Димитрова,14,2,3.7558,4.4871,3.791,1.597,2.1534,True,False,"[29.491402, 46.832239]",5.2954,2,
Парканы,Парканы,улица Димитрова,16,2,3.7969,4.5282,3.832,1.597,2.1945,True,False,"[29.491402, 46.832239]",5.3639,2,
Парканы,Парканы,улица Димитрова,18,2,3.8204,4.5517,3.855,1.597,2.218,True,False,"[29.491402, 46.832239]",5.4031,2,
Парканы,Парканы,улица Димитрова,25,2,3.7396,4.4709,3.775,1.597,2.1372,True,False,"[29.491402, 46.832239]",5.2684,2,
Парканы,Парканы,улица Димитрова,27,2,3.7705,4.5018,3.806,1.597,2.1681,True,False,"[29.491402, 46.832239]",5.3199,2,
Парканы,Парканы,улица Димитрова,29,2,3.7985,4.5298,3.834,1.597,2.1961,True,False,"[29.491402, 46.832239]",5.3666,2,
Парканы,Парканы,улица Димитрова,29а,2,3.7381,4.4694,3.774,1.597,2.1357,True,False,"[29.491402, 46.832239]",5.2659,2,
Парканы,Парканы,улица Димитрова,31,2,3.8159,4.5472,3.852,1.597,2.2135,True,False,"[29.491402, 46.832239]",5.3956,2,
Парканы,Парканы,улица Димитрова,32,2,3.8821,4.6134,3.918,1.597,2.2798,True,False,"[29.491402, 46.832239]",5.5061,2,
Парканы,Парканы,улица Димитрова,33,2,3.8395,4.5708,3.875,1.597,2.2371,True,False,"[29.491402, 46.832239]",5.4349,2,
Парканы,Парканы,улица Димитрова,34,2,3.9114,4.6427,3.947,1.597,2.309,True,False,"[29.491402, 46.832239]",5.5547,2,
Парканы,Парканы,улица Димитрова,35,2,3.8597,4.5909,3.895,1.597,2.2573,True,False,"[29.491402, 46.832239]",5.4686,2,
Парканы,Парканы,улица Димитрова,36,2,3.9315,4.6628,3.967,1.597,2.3291,True,False,"[29.491402, 46.832239]",5.5882,2,
Парканы,Парканы,улица Димитрова,37,2,3.8791,4.6104,3.914,1.597,2.2767,True,False,"[29.491402, 46.832239]",5.5009,2,
Парканы,Парканы,улица Димитрова,38,2,3.9496,4.6809,3.985,1.597,2.3473,True,False,"[29.491402, 46.832239]",5.6186,2,
Парканы,Парканы,улица Димитрова,39,2,3.893,4.6243,3.929,1.597,2.2906,True,False,"[29.491402, 46.832239]",5.5241,2,
Парканы,Парканы,улица Димитрова,40,2,3.9661,4.6974,4.001,1.597,2.3637,True,False,"[29.491402, 46.832239]",5.6459,2,
Парканы,Парканы,улица Димитрова,41,2,3.9306,4.6619,3.966,1.597,2.3282,True,False,"[29.491402, 46.832239]",5.5867,2,
Парканы,Парканы,улица Димитрова,42,2,3.9845,4.7158,4.02,1.597,2.3822,True,False,"[29.491402, 46.832239]",5.6767,2,
Парканы,Парканы,улица Димитрова,44,2,4.0073,4.7386,4.043,1.597,2.4049,True,False,"[29.491402, 46.832239]",5.7146,2,
Парканы,Парканы,улица Дружбы,1,4,6.6213,7.3526,6.657,1.597,5.0157,True,False,"[29.491402, 46.832239]",10.0659,4,
Парканы,Парканы,улица Дружбы,2,4,6.6358,7.3671,6.671,1.597,5.0303,True,False,"[29.491402, 46.832239]",10.0902,4,
Парканы,Парканы,улица Дружбы,3,4,6.6461,7.3774,6.681,1.597,5.0405,True,False,"[29.491402, 46.832239]",10.1072,4,
Парканы,Парканы,улица Дружбы,4,4,6.6594,7.3907,6.695,1.597,5.0538,True,False,"[29.491402, 46.832239]",10.1294,4,
Парканы,Парканы,улица Дружбы,5,4,6.6668,7.3981,6.703,1.597,5.0613,True,False,"[29.491402, 46.832239]",10.1419,4,
Парканы,Парканы,улица Дружбы,7,4,6.6905,7.4218,6.725,1.597,5.085,True,False,"[29.491402, 46.832239]",10.1814,4,
Парканы,Парканы,улица Дружбы,9,4,6.712,7.4433,6.747,1.597,5.1065,True,False,"[29.491402, 46.832239]",10.2172,4,
Парканы,Парканы,улица Дружбы,11,4,6.7309,7.4622,6.766,1.597,5.1254,True,False,"[29.491402, 46.832239]",10.2487,4,
Парканы,Парканы,улица Дружбы,13,4,6.7488,7.48,6.784,1.597,5.1432,True,False,"[29.491402, 46.832239]",10.2784,4,
Парканы,Парканы,улица Дружбы,15,4,6.7688,7.5001,6.804,1.597,5.1633,True,False,"[29.491402, 46.832239]",10.3119,4,
Парканы,Парканы,улица Дружбы,16,4,6.8782,7.6095,6.913,1.597,5.2727,True,False,"[29.491402, 46.832239]",10.4942,4,
Парканы,Парканы,улица Дружбы,17,4,6.7856,7.5169,6.821,1.597,5.1801,True,False,"[29.491402, 46.832239]",10.3399,4,
Парканы,Парканы,улица Дружбы,19,4,6.8061,7.5374,6.842,1.597,5.2006,True,False,"[29.491402, 46.832239]",10.3741,4,
Парканы,Парканы,улица Дружбы,21,4,6.8262,7.5575,6.861,1.597,5.2207,True,False,"[29.491402, 46.832239]",10.4076,4,
Парканы,Парканы,улица Дружбы,23,4,6.8433,7.5746,6.878,1.597,5.2378,True,False,"[29.491402, 46.832239]",10.4361,4,
Парканы,Парканы,улица Дружбы,25,4,6.8655,7.5968,6.901,1.597,5.26,True,False,"[29.491402, 46.832239]",10.4731,4,
Парканы,Парканы,улица Дружбы,27,4,6.8902,7.6215,6.925,1.597,5.2847,True,False,"[29.491402, 46.832239]",10.5142,4,
Парканы,Парканы,улица Калинина,1,3,4.689,5.4203,4.724,1.597,3.0865,True,False,"[29.491402, 46.832239]",6.8506,3,
Парканы,Парканы,улица Калинина,2,3,4.7656,5.4969,4.801,1.597,3.1629,True,False,"[29.491402, 46.832239]",6.9779,3,
Парканы,Парканы,улица Калинина,3,3,4.7057,5.437,4.741,1.597,3.1031,True,False,"[29.491402, 46.832239]",6.8782,3,
Парканы,Парканы,улица Калинина,4,3,4.782,5.5133,4.818,1.597,3.1793,True,False,"[29.491402, 46.832239]",7.0052,3,
Парканы,Парканы,улица Калинина,5,3,4.723,5.4543,4.758,1.597,3.1204,True,False,"[29.491402, 46.832239]",6.9071,3,
Парканы,Парканы,улица Калинина,8,3,4.8063,5.5376,4.842,1.597,3.2035,True,False,"[29.491402, 46.832239]",7.0456,3,
Парканы,Парканы,улица Калинина,9,3,4.7404,5.4717,4.776,1.597,3.1378,True,False,"[29.491402, 46.832239]",6.9361,3,
Парканы,Парканы,улица Калинина,9,3,4.758,5.4892,4.776,1.597,3.1553,True,False,"[29.491402, 46.832239]",6.9652,3,
Парканы,Парканы,улица Калинина,10,3,4.8186,5.5499,4.854,1.597,3.2158,True,False,"[29.491402, 46.832239]",7.0661,3,
Парканы,Парканы,улица Калинина,11,3,4.7739,5.5052,4.809,1.597,3.1712,True,False,"[29.491402, 46.832239]",6.9917,3,
Парканы,Парканы,улица Калинина,12,3,4.8313,5.5625,4.866,1.597,3.2284,True,False,"[29.491402, 46.832239]",7.0871,3,
Парканы,Парканы,улица Калинина,13,3,4.7912,5.5225,4.827,1.597,3.1885,True,False,"[29.491402, 46.832239]",7.0206,3,
Парканы,Парканы,улица Калинина,14,3,4.8505,5.5818,4.886,1.597,3.2476,True,False,"[29.491402, 46.832239]",7.1191,3,
Парканы,Парканы,улица Калинина,15,3,4.8086,5.5399,4.844,1.597,3.2058,True,False,"[29.491402, 46.832239]",7.0494,3,
Парканы,Парканы,улица Калинина,16,3,4.8669,5.5982,4.902,1.597,3.264,True,False,"[29.491402, 46.832239]",7.1464,3,
Парканы,Парканы,улица Калинина,17,3,4.8273,5.5586,4.863,1.597,3.2245,True,False,"[29.491402, 46.832239]",7.0806,3,
Парканы,Парканы,улица Калинина,18,3,4.8815,5.6128,4.917,1.597,3.2785,True,False,"[29.491402, 46.832239]",7.1706,3,
Парканы,Парканы,улица Калинина,19,3,4.8444,5.5757,4.88,1.597,3.2416,True,False,"[29.491402, 46.832239]",7.1091,3,
Парканы,Парканы,улица Калинина,20,3,4.91,5.6412,4.945,1.597,3.3069,True,False,"[29.491402, 46.832239]",7.2179,3,
Парканы,Парканы,улица Калинина,21,3,4.8608,5.5921,4.896,1.597,3.2579,True,False,"[29.491402, 46.832239]",7.1362,3,
Парканы,Парканы,улица Калинина,23,3,4.8782,5.6095,4.914,1.597,3.2753,True,False,"[29.491402, 46.832239]",7.1652,3,
Парканы,Парканы,улица Калинина,25,3,4.8986,5.6299,4.934,1.597,3.2956,True,False,"[29.491402, 46.832239]",7.1991,3,
Парканы,Парканы,улица Калинина,27,3,4.9178,5.649,4.953,1.597,3.3147,True,False,"[29.491402, 46.832239]",7.2309,3,
Парканы,Парканы,улица Карла Маркса,1,3,4.202,4.9333,4.197,1.597,2.5968,True,False,"[29.491402, 46.832239]",6.0344,2,zone_move_3->2
Парканы,Парканы,улица Карла Маркса,1,3,4.1622,4.8935,4.197,1.597,2.557,True,False,"[29.491402, 46.832239]",5.9681,2,zone_move_3->2
Парканы,Парканы,улица Карла Маркса,2,3,4.1357,4.867,4.171,1.597,2.5305,True,False,"[29.491402, 46.832239]",5.9239,2,zone_move_3->2
Парканы,Парканы,улица Карла Маркса,4,3,4.1526,4.8839,4.188,1.597,2.5474,True,False,"[29.491402, 46.832239]",5.9521,2,zone_move_3->2
Парканы,Парканы,улица Карла Маркса,5,3,4.4431,5.1744,4.452,1.597,2.8381,True,False,"[29.491402, 46.832239]",6.4366,3,
Парканы,Парканы,улица Карла Маркса,5,3,4.4164,5.1477,4.452,1.597,2.8113,True,False,"[29.491402, 46.832239]",6.3919,3,
Парканы,Парканы,улица Карла Маркса,6,3,4.1691,4.9003,4.204,1.597,2.5638,True,False,"[29.491402, 46.832239]",5.9794,2,zone_move_3->2
Парканы,Парканы,улица Карла Маркса,7,3,4.4124,5.1437,4.448,1.597,2.8074,True,False,"[29.491402, 46.832239]",6.3854,3,
Парканы,Парканы,улица Карла Маркса,8,3,4.184,4.9152,4.219,1.597,2.5787,True,False,"[29.491402, 46.832239]",6.0042,2,zone_move_3->2
Парканы,Парканы,улица Карла Маркса,9,3,4.322,5.0533,4.358,1.597,2.717,True,False,"[29.491402, 46.832239]",6.2347,3,
Парканы,Парканы,улица Карла Маркса,10,3,4.2036,4.9349,4.239,1.597,2.5984,True,False,"[29.491402, 46.832239]",6.0371,2,zone_move_3->2
Парканы,Парканы,улица Карла Маркса,11,3,4.3332,5.0645,4.369,1.597,2.7282,True,False,"[29.491402, 46.832239]",6.2534,3,
Парканы,Парканы,улица Карла Маркса,12,3,4.2198,4.9511,4.256,1.597,2.6146,True,False,"[29.491402, 46.832239]",6.0641,2,zone_move_3->2
Парканы,Парканы,улица Карла Маркса,13,3,4.348,5.0793,4.384,1.597,2.743,True,False,"[29.491402, 46.832239]",6.2781,3,
Парканы,Парканы,улица Карла Маркса,14,3,4.2343,4.9656,4.27,1.597,2.6291,True,False,"[29.491402, 46.832239]",6.0882,3,
Парканы,Парканы,улица Карла Маркса,15,3,4.3668,5.0981,4.402,1.597,2.7618,True,False,"[29.491402, 46.832239]",6.3094,3,
Парканы,Парканы,улица Карла Маркса,17,3,4.396,5.1273,4.432,1.597,2.791,True,False,"[29.491402, 46.832239]",6.3581,3,
Парканы,Парканы,улица Карла Маркса,18,3,4.4871,5.2184,4.523,1.597,2.8821,True,False,"[29.491402, 46.832239]",6.5099,3,
Парканы,Парканы,улица Карла Маркса,19,3,4.4198,5.1511,4.455,1.597,2.8147,True,False,"[29.491402, 46.832239]",6.3976,3,
Парканы,Парканы,улица Карла Маркса,20,3,4.4528,5.1841,4.489,1.597,2.8478,True,False,"[29.491402, 46.832239]",6.4527,3,
Парканы,Парканы,улица Карла Маркса,21,3,4.4339,5.1652,4.47,1.597,2.8289,True,False,"[29.491402, 46.832239]",6.4212,3,
Парканы,Парканы,улица Карла Маркса,22,3,4.4252,5.1565,4.461,1.597,2.8201,True,False,"[29.491402, 46.832239]",6.4066,3,
Парканы,Парканы,улица Карла Маркса,22,3,4.4389,5.1702,4.461,1.597,2.8339,True,False,"[29.491402, 46.832239]",6.4296,3,
Парканы,Парканы,улица Карла Маркса,23,3,4.4442,5.1755,4.48,1.597,2.8392,True,False,"[29.491402, 46.832239]",6.4384,3,
Парканы,Парканы,улица Карла Маркса,24,3,4.3992,5.1305,4.434,1.597,2.7942,True,False,"[29.491402, 46.832239]",6.3634,3,
Парканы,Парканы,улица Карла Маркса,25,3,4.4592,5.1905,4.495,1.597,2.8542,True,False,"[29.491402, 46.832239]",6.4634,3,
Парканы,Парканы,улица Карла Маркса,25a,3,4.1045,4.8358,4.14,1.597,2.4992,True,False,"[29.491402, 46.832239]",5.8717,2,zone_move_3->2
Парканы,Парканы,улица Карла Маркса,27,3,4.4707,5.202,4.506,1.597,2.8657,True,False,"[29.491402, 46.832239]",6.4826,3,
Парканы,Парканы,улица Карла Маркса,29,3,4.4924,5.2237,4.528,1.597,2.8874,True,False,"[29.491402, 46.832239]",6.5187,3,
Парканы,Парканы,улица Карла Маркса,30,3,4.3225,5.0538,4.358,1.597,2.7175,True,False,"[29.491402, 46.832239]",6.2356,3,
Парканы,Парканы,улица Карла Маркса,31,3,4.5214,5.2527,4.557,1.597,2.9164,True,False,"[29.491402, 46.832239]",6.5671,3,
Парканы,Парканы,улица Карла Маркса,32,3,4.3089,5.0402,4.345,1.597,2.7039,True,False,"[29.491402, 46.832239]",6.2129,3,
Парканы,Парканы,улица Карла Маркса,33,3,4.5496,5.2809,4.585,1.597,2.9446,True,False,"[29.491402, 46.832239]",6.6141,3,
Парканы,Парканы,улица Карла Маркса,34,3,4.3225,5.0538,4.358,1.597,2.7174,True,False,"[29.491402, 46.832239]",6.2354,3,
Парканы,Парканы,улица Карла Маркса,35,3,4.5714,5.3027,4.606,1.597,2.9664,True,False,"[29.491402, 46.832239]",6.6504,3,
Парканы,Парканы,улица Карла Маркса,36,3,4.3367,5.068,4.372,1.597,2.7317,True,False,"[29.491402, 46.832239]",6.2592,3,
Парканы,Парканы,улица Карла Маркса,37,3,4.5877,5.319,4.623,1.597,2.9827,True,False,"[29.491402, 46.832239]",6.6776,3,
Парканы,Парканы,улица Карла Маркса,38,3,4.3562,5.0875,4.392,1.597,2.7512,True,False,"[29.491402, 46.832239]",6.2917,3,
Парканы,Парканы,улица Карла Маркса,39,3,4.605,5.3363,4.64,1.597,3.0,True,False,"[29.491402, 46.832239]",6.7064,3,
Парканы,Парканы,улица Карла Маркса,40,3,4.3745,5.1058,4.41,1.597,2.7695,True,False,"[29.491402, 46.832239]",6.3222,3,
Парканы,Парканы,улица Карла Маркса,41,3,4.6229,5.3542,4.658,1.597,3.0179,True,False,"[29.491402, 46.832239]",6.7362,3,
Парканы,Парканы,улица Карла Маркса,42,3,4.3935,5.1248,4.429,1.597,2.7885,True,False,"[29.491402, 46.832239]",6.3539,3,
Парканы,Парканы,улица Карла Маркса,43,3,4.6415,5.3728,4.677,1.597,3.0365,True,False,"[29.491402, 46.832239]",6.7672,3,
Парканы,Парканы,улица Карла Маркса,44,3,4.4083,5.1396,4.444,1.597,2.8033,True,False,"[29.491402, 46.832239]",6.3786,3,
Парканы,Парканы,улица Карла Маркса,45,3,4.659,5.3903,4.695,1.597,3.054,True,False,"[29.491402, 46.832239]",6.7964,3,
Парканы,Парканы,улица Карла Маркса,45а,3,4.6753,5.4066,4.711,1.597,3.0703,True,False,"[29.491402, 46.832239]",6.8236,3,
Парканы,Парканы,улица Карла Маркса,46,3,4.424,5.1553,4.46,1.597,2.8189,True,False,"[29.491402, 46.832239]",6.4046,3,
Парканы,Парканы,улица Карла Маркса,47,3,4.6871,5.4184,4.723,1.597,3.0821,True,False,"[29.491402, 46.832239]",6.8432,3,
Парканы,Парканы,улица Карла Маркса,48,3,4.444,5.1753,4.479,1.597,2.839,True,False,"[29.491402, 46.832239]",6.4381,3,
Парканы,Парканы,улица Карла Маркса,49,3,4.7136,5.4449,4.749,1.597,3.1086,True,False,"[29.491402, 46.832239]",6.8874,3,
Парканы,Парканы,улица Карла Маркса,50,3,4.4583,5.1896,4.494,1.597,2.8533,True,False,"[29.491402, 46.832239]",6.4619,3,
Парканы,Парканы,улица Карла Маркса,51,3,4.739,5.4703,4.774,1.597,3.1339,True,False,"[29.491402, 46.832239]",6.9296,3,
Парканы,Парканы,улица Карла Маркса,52,3,4.4754,5.2067,4.51,1.597,2.8704,True,False,"[29.491402, 46.832239]",6.4904,3,
Парканы,Парканы,улица Карла Маркса,53,3,4.7586,5.4899,4.794,1.597,3.1536,True,False,"[29.491402, 46.832239]",6.9624,3,
Парканы,Парканы,улица Карла Маркса,54,3,4.4893,5.2206,4.525,1.597,2.8843,True,False,"[29.491402, 46.832239]",6.5136,3,
Парканы,Парканы,улица Карла Маркса,55,3,4.7798,5.511,4.815,1.597,3.1747,True,False,"[29.491402, 46.832239]",6.9976,3,
Парканы,Парканы,улица Карла Маркса,56,3,4.5028,5.2341,4.538,1.597,2.8978,True,False,"[29.491402, 46.832239]",6.5361,3,
Парканы,Парканы,улица Карла Маркса,57,3,4.8143,5.5455,4.85,1.597,3.2092,True,False,"[29.491402, 46.832239]",7.0551,3,
Парканы,Парканы,улица Карла Маркса,58,3,4.5256,5.2569,4.561,1.597,2.9206,True,False,"[29.491402, 46.832239]",6.5741,3,
Парканы,Парканы,улица Карла Маркса,59,3,4.841,5.5723,4.876,1.597,3.236,True,False,"[29.491402, 46.832239]",7.0997,3,
Парканы,Парканы,улица Карла Маркса,60,3,4.5395,5.2708,4.575,1.597,2.9345,True,False,"[29.491402, 46.832239]",6.5972,3,
Парканы,Парканы,улица Карла Маркса,61,3,4.8579,5.5892,4.893,1.597,3.2529,True,False,"[29.491402, 46.832239]",7.1279,3,
Парканы,Парканы,улица Карла Маркса,62,3,4.5525,5.2838,4.588,1.597,2.9475,True,False,"[29.491402, 46.832239]",6.6189,3,
Парканы,Парканы,улица Карла Маркса,63,3,4.8926,5.6239,4.928,1.597,3.2876,True,False,"[29.491402, 46.832239]",7.1857,3,
Парканы,Парканы,улица Карла Маркса,64,3,4.571,5.3022,4.607,1.597,2.9659,True,False,"[29.491402, 46.832239]",6.6496,3,
Парканы,Парканы,улица Карла Маркса,65,3,4.9078,5.6391,4.943,1.597,3.3028,True,False,"[29.491402, 46.832239]",7.2111,3,
Парканы,Парканы,улица Карла Маркса,66,3,4.5909,5.3222,4.626,1.597,2.9859,True,False,"[29.491402, 46.832239]",6.6829,3,
Парканы,Парканы,улица Карла Маркса,67,3,4.9185,5.6497,4.954,1.597,3.3134,True,False,"[29.491402, 46.832239]",7.2287,3,
Парканы,Парканы,улица Карла Маркса,68,3,4.6113,5.3426,4.647,1.597,3.0063,True,False,"[29.491402, 46.832239]",6.7169,3,
Парканы,Парканы,улица Карла Маркса,69,3,4.9341,5.6654,4.969,1.597,3.3291,True,False,"[29.491402, 46.832239]",7.2549,3,
Парканы,Парканы,улица Карла Маркса,70,3,4.6269,5.3582,4.663,1.597,3.0219,True,False,"[29.491402, 46.832239]",6.7429,3,
Парканы,Парканы,улица Карла Маркса,71,3,4.9467,5.678,4.982,1.597,3.3416,True,False,"[29.491402, 46.832239]",7.2757,3,
Парканы,Парканы,улица Карла Маркса,71,3,4.9983,5.7296,4.982,1.597,3.3933,True,False,"[29.491402, 46.832239]",7.3619,3,
Парканы,Парканы,улица Карла Маркса,72,3,4.6398,5.3711,4.675,1.597,3.0348,True,False,"[29.491402, 46.832239]",6.7644,3,
Парканы,Парканы,улица Карла Маркса,73,3,4.9754,5.7067,5.01,1.597,3.3704,True,False,"[29.491402, 46.832239]",7.3237,3,
Парканы,Парканы,улица Карла Маркса,74,3,4.6526,5.3839,4.688,1.597,3.0476,True,False,"[29.491402, 46.832239]",6.7857,3,
Парканы,Парканы,улица Карла Маркса,75,3,4.9997,5.731,5.035,1.597,3.3947,True,False,"[29.491402, 46.832239]",7.3642,3,
Парканы,Парканы,улица Карла Маркса,75а,3,4.9849,5.7162,5.02,1.597,3.3798,True,False,"[29.491402, 46.832239]",7.3394,3,
Парканы,Парканы,улица Карла Маркса,76,3,4.6688,5.4001,4.704,1.597,3.0638,True,False,"[29.491402, 46.832239]",6.8127,3,
Парканы,Парканы,улица Карла Маркса,77,3,5.0503,5.7816,5.085,1.597,3.4453,True,False,"[29.491402, 46.832239]",7.4486,3,
Парканы,Парканы,улица Карла Маркса,78,3,4.6863,5.4176,4.721,1.597,3.0813,True,False,"[29.491402, 46.832239]",6.8419,3,
Парканы,Парканы,улица Карла Маркса,79,3,5.0622,5.7935,5.097,1.597,3.4571,True,False,"[29.491402, 46.832239]",7.4682,3,
Парканы,Парканы,улица Карла Маркса,80,3,4.7052,5.4365,4.74,1.597,3.1002,True,False,"[29.491402, 46.832239]",6.8734,3,
Парканы,Парканы,улица Карла Маркса,81,3,5.1008,5.8321,5.136,1.597,3.4957,True,False,"[29.491402, 46.832239]",7.5326,3,
Парканы,Парканы,улица Карла Маркса,82,3,4.7273,5.4586,4.763,1.597,3.1223,True,False,"[29.491402, 46.832239]",6.9102,3,
Парканы,Парканы,улица Карла Маркса,84,3,4.7599,5.4912,4.795,1.597,3.1548,True,False,"[29.491402, 46.832239]",6.9644,3,
Парканы,Парканы,улица Карла Маркса,85,3,5.1656,5.8969,5.201,1.597,3.5605,True,False,"[29.491402, 46.832239]",7.6406,3,
Парканы,Парканы,улица Карла Маркса,86,3,4.7849,5.5162,4.82,1.597,3.1798,True,False,"[29.491402, 46.832239]",7.0061,3,
Парканы,Парканы,улица Карла Маркса,87,3,5.1796,5.9109,5.215,1.597,3.5746,True,False,"[29.491402, 46.832239]",7.6641,3,
Парканы,Парканы,улица Карла Маркса,88,3,4.8053,5.5366,4.841,1.597,3.2003,True,False,"[29.491402, 46.832239]",7.0402,3,
Парканы,Парканы,улица Карла Маркса,89,3,5.2015,5.9328,5.237,1.597,3.5964,True,False,"[29.491402, 46.832239]",7.7004,3,
Парканы,Парканы,улица Карла Маркса,90,3,4.8264,5.5577,4.862,1.597,3.2214,True,False,"[29.491402, 46.832239]",7.0754,3,
Парканы,Парканы,улица Карла Маркса,91,3,5.219,5.9503,5.255,1.597,3.6139,True,False,"[29.491402, 46.832239]",7.7296,3,
Парканы,Парканы,улица Карла Маркса,92,3,4.8501,5.5814,4.886,1.597,3.2451,True,False,"[29.491402, 46.832239]",7.1149,3,
Парканы,Парканы,улица Карла Маркса,93,3,5.2384,5.9697,5.274,1.597,3.6333,True,False,"[29.491402, 46.832239]",7.7619,3,
Парканы,Парканы,улица Карла Маркса,94,3,4.8655,5.5968,4.901,1.597,3.2605,True,False,"[29.491402, 46.832239]",7.1406,3,
Парканы,Парканы,улица Карла Маркса,96,3,4.881,5.6123,4.917,1.597,3.276,True,False,"[29.491402, 46.832239]",7.1664,3,
Парканы,Парканы,улица Карла Маркса,98,3,4.9157,5.647,4.951,1.597,3.3107,True,False,"[29.491402, 46.832239]",7.2242,3,
Парканы,Парканы,улица Карла Маркса,99,3,5.3042,6.0355,5.339,1.597,3.6991,True,False,"[29.491402, 46.832239]",7.8716,3,
Парканы,Парканы,улица Карла Маркса,100,3,4.9347,5.666,4.971,1.597,3.3297,True,False,"[29.491402, 46.832239]",7.2559,3,
Парканы,Парканы,улица Карла Маркса,101,3,5.3189,6.0502,5.354,1.597,3.7138,True,False,"[29.491402, 46.832239]",7.8961,3,
Парканы,Парканы,улица Карла Маркса,102,3,4.9466,5.6778,4.981,1.597,3.3415,True,False,"[29.491402, 46.832239]",7.2756,3,
Парканы,Парканы,улица Карла Маркса,103,3,5.3449,6.0762,5.38,1.597,3.7397,True,False,"[29.491402, 46.832239]",7.9392,3,
Парканы,Парканы,улица Карла Маркса,104,3,4.9638,5.6951,4.999,1.597,3.3588,True,False,"[29.491402, 46.832239]",7.3044,3,
Парканы,Парканы,улица Карла Маркса,105,3,5.3646,6.0959,5.4,1.597,3.7594,True,False,"[29.491402, 46.832239]",7.9721,3,
Парканы,Парканы,улица Карла Маркса,106,3,4.9779,5.7092,5.013,1.597,3.3728,True,False,"[29.491402, 46.832239]",7.3277,3,
Парканы,Парканы,улица Карла Маркса,107,3,5.3766,6.1079,5.412,1.597,3.7715,True,False,"[29.491402, 46.832239]",7.9922,3,
Парканы,Парканы,улица Карла Маркса,108,3,4.9972,5.7285,5.033,1.597,3.3921,True,False,"[29.491402, 46.832239]",7.3599,3,
Парканы,Парканы,улица Карла Маркса,109,3,5.4057,6.137,5.441,1.597,3.8005,True,False,"[29.491402, 46.832239]",8.0406,3,
Парканы,Парканы,улица Карла Маркса,110,3,5.0092,5.7405,5.045,1.597,3.4042,True,False,"[29.491402, 46.832239]",7.3801,3,
Парканы,Парканы,улица Карла Маркса,111,3,5.4544,6.1857,5.49,1.597,3.8491,True,False,"[29.491402, 46.832239]",8.1216,3,
Парканы,Парканы,улица Карла Маркса,112,3,5.028,5.7593,5.064,1.597,3.423,True,False,"[29.491402, 46.832239]",7.4114,3,
Парканы,Парканы,улица Карла Маркса,113,4,5.7147,6.446,5.75,1.597,4.1092,True,False,"[29.491402, 46.832239]",8.5551,4,
Парканы,Парканы,улица Карла Маркса,114,3,5.0423,5.7736,5.077,1.597,3.4373,True,False,"[29.491402, 46.832239]",7.4352,3,
Парканы,Парканы,улица Карла Маркса,115,4,5.6805,6.4118,5.716,1.597,4.0749,True,False,"[29.491402, 46.832239]",8.4979,4,
Парканы,Парканы,улица Карла Маркса,116,3,5.0559,5.7872,5.091,1.597,3.4509,True,False,"[29.491402, 46.832239]",7.4579,3,
Парканы,Парканы,улица Карла Маркса,117,4,5.6504,6.3816,5.686,1.597,4.0448,True,False,"[29.491402, 46.832239]",8.4477,4,
Парканы,Парканы,улица Карла Маркса,118,3,5.0796,5.8109,5.115,1.597,3.4746,True,False,"[29.491402, 46.832239]",7.4974,3,
Парканы,Парканы,улица Карла Маркса,119,4,5.6156,6.3468,5.651,1.597,4.01,True,False,"[29.491402, 46.832239]",8.3897,4,
Парканы,Парканы,улица Карла Маркса,120,3,5.0933,5.8245,5.128,1.597,3.4882,True,False,"[29.491402, 46.832239]",7.5201,3,
Парканы,Парканы,улица Карла Маркса,121,4,5.5746,6.3059,5.61,1.597,3.9691,True,False,"[29.491402, 46.832239]",8.3216,3,zone_move_4->3
Парканы,Парканы,улица Карла Маркса,122,3,5.1284,5.8597,5.164,1.597,3.5233,True,False,"[29.491402, 46.832239]",7.5786,3,
Парканы,Парканы,улица Карла Маркса,123,4,5.6235,6.3548,5.659,1.597,4.018,True,False,"[29.491402, 46.832239]",8.4031,4,
Парканы,Парканы,улица Карла Маркса,124,3,5.1584,5.8897,5.193,1.597,3.5534,True,False,"[29.491402, 46.832239]",7.6287,3,
Парканы,Парканы,улица Карла Маркса,125,4,5.6375,6.3688,5.673,1.597,4.032,True,False,"[29.491402, 46.832239]",8.4264,4,
Парканы,Парканы,улица Карла Маркса,126,3,5.184,5.9153,5.219,1.597,3.579,True,False,"[29.491402, 46.832239]",7.6714,3,
Парканы,Парканы,улица Карла Маркса,127,4,5.6542,6.3855,5.689,1.597,4.0487,True,False,"[29.491402, 46.832239]",8.4542,4,
Парканы,Парканы,улица Карла Маркса,128,3,5.1997,5.931,5.235,1.597,3.5946,True,False,"[29.491402, 46.832239]",7.6974,3,
Парканы,Парканы,улица Карла Маркса,129,4,5.6713,6.4026,5.707,1.597,4.0658,True,False,"[29.491402, 46.832239]",8.4827,4,
Парканы,Парканы,улица Карла Маркса,130,3,5.2113,5.9426,5.247,1.597,3.6062,True,False,"[29.491402, 46.832239]",7.7167,3,
Парканы,Парканы,улица Карла Маркса,130,3,5.2364,5.9677,5.247,1.597,3.6313,True,False,"[29.491402, 46.832239]",7.7586,3,
Парканы,Парканы,улица Карла Маркса,131,4,5.6849,6.4162,5.72,1.597,4.0794,True,False,"[29.491402, 46.832239]",8.5054,4,
Парканы,Парканы,улица Карла Маркса,131,4,5.7349,6.4662,5.72,1.597,4.1294,True,False,"[29.491402, 46.832239]",8.5887,4,
Парканы,Парканы,улица Карла Маркса,132,3,5.2316,5.9629,5.267,1.597,3.6265,True,False,"[29.491402, 46.832239]",7.7506,3,
Парканы,Парканы,улица Карла Маркса,133,4,5.7004,6.4317,5.736,1.597,4.0949,True,False,"[29.491402, 46.832239]",8.5312,4,
Парканы,Парканы,улица Карла Маркса,134,3,5.2522,5.9835,5.288,1.597,3.6471,True,False,"[29.491402, 46.832239]",7.7849,3,
Парканы,Парканы,улица Карла Маркса,135,4,5.716,6.4473,5.751,1.597,4.1105,True,False,"[29.491402, 46.832239]",8.5572,4,
Парканы,Парканы,улица Карла Маркса,136,3,5.2921,6.0234,5.328,1.597,3.687,True,False,"[29.491402, 46.832239]",7.8514,3,
Парканы,Парканы,улица Карла Маркса,137,4,5.7296,6.4609,5.765,1.597,4.1241,True,False,"[29.491402, 46.832239]",8.5799,4,
Парканы,Парканы,улица Карла Маркса,138,3,5.3087,6.04,5.344,1.597,3.7036,True,False,"[29.491402, 46.832239]",7.8791,3,
Парканы,Парканы,улица Карла Маркса,139,4,5.7431,6.4744,5.779,1.597,4.1376,True,False,"[29.491402, 46.832239]",8.6024,4,
Парканы,Парканы,улица Карла Маркса,140,3,5.3214,6.0527,5.342,1.597,3.7163,True,False,"[29.491402, 46.832239]",7.9002,3,
Парканы,Парканы,улица Карла Маркса,140,3,5.3067,6.038,5.342,1.597,3.7016,True,False,"[29.491402, 46.832239]",7.8757,3,
Парканы,Парканы,улица Карла Маркса,141,4,5.7566,6.4879,5.792,1.597,4.1511,True,False,"[29.491402, 46.832239]",8.6249,4,
Парканы,Парканы,улица Карла Маркса,142,3,5.3404,6.0716,5.375,1.597,3.7352,True,False,"[29.491402, 46.832239]",7.9317,3,
Парканы,Парканы,улица Карла Маркса,143,4,5.7703,6.5016,5.806,1.597,4.1648,True,False,"[29.491402, 46.832239]",8.6477,4,
Парканы,Парканы,улица Карла Маркса,144,3,5.3676,6.0989,5.403,1.597,3.7624,True,False,"[29.491402, 46.832239]",7.9771,3,
Парканы,Парканы,улица Карла Маркса,145,4,5.7836,6.5149,5.819,1.597,4.1781,True,False,"[29.491402, 46.832239]",8.6699,4,
Парканы,Парканы,улица Карла Маркса,146,3,5.386,6.1173,5.421,1.597,3.7808,True,False,"[29.491402, 46.832239]",8.0077,3,
Парканы,Парканы,улица Карла Маркса,147,4,5.7983,6.5296,5.834,1.597,4.1928,True,False,"[29.491402, 46.832239]",8.6944,4,
Парканы,Парканы,улица Карла Маркса,148,3,5.4024,6.1337,5.438,1.597,3.7972,True,False,"[29.491402, 46.832239]",8.0351,3,
Парканы,Парканы,улица Карла Маркса,149,4,5.8148,6.5461,5.851,1.597,4.2094,True,False,"[29.491402, 46.832239]",8.7221,4,
Парканы,Парканы,улица Карла Маркса,150,3,5.4221,6.1534,5.458,1.597,3.8169,True,False,"[29.491402, 46.832239]",8.0679,3,
Парканы,Парканы,улица Карла Маркса,151,4,5.831,6.5623,5.867,1.597,4.2255,True,False,"[29.491402, 46.832239]",8.7489,4,
Парканы,Парканы,улица Карла Маркса,151,4,5.9459,6.6772,5.867,1.597,4.3404,True,False,"[29.491402, 46.832239]",8.9404,4,
Парканы,Парканы,улица Карла Маркса,152,3,5.4415,6.1728,5.477,1.597,3.8363,True,False,"[29.491402, 46.832239]",8.1002,3,
Парканы,Парканы,улица Карла Маркса,153,4,5.8491,6.5803,5.884,1.597,4.2436,True,False,"[29.491402, 46.832239]",8.7791,4,
Парканы,Парканы,улица Карла Маркса,154,4,5.7375,6.4688,5.773,1.597,4.132,True,False,"[29.491402, 46.832239]",8.5931,4,
Парканы,Парканы,улица Карла Маркса,155,4,5.8637,6.595,5.899,1.597,4.2582,True,False,"[29.491402, 46.832239]",8.8034,4,
Парканы,Парканы,улица Карла Маркса,156,4,5.7129,6.4442,5.748,1.597,4.1074,True,False,"[29.491402, 46.832239]",8.5521,4,
Парканы,Парканы,улица Карла Маркса,157,4,5.8793,6.6106,5.915,1.597,4.2739,True,False,"[29.491402, 46.832239]",8.8296,4,
Парканы,Парканы,улица Карла Маркса,158,4,5.6928,6.4241,5.728,1.597,4.0873,True,False,"[29.491402, 46.832239]",8.5186,4,
Парканы,Парканы,улица Карла Маркса,159,4,5.8964,6.6277,5.932,1.597,4.291,True,False,"[29.491402, 46.832239]",8.8581,4,
Парканы,Парканы,улица Карла Маркса,160,4,5.6731,6.4044,5.708,1.597,4.0676,True,False,"[29.491402, 46.832239]",8.4857,4,
Парканы,Парканы,улица Карла Маркса,161,4,5.9144,6.6456,5.949,1.597,4.3089,True,False,"[29.491402, 46.832239]",8.8879,4,
Парканы,Парканы,улица Карла Маркса,161,4,5.9999,6.7312,5.949,1.597,4.3945,True,False,"[29.491402, 46.832239]",9.0306,4,
Парканы,Парканы,улица Карла Маркса,161,4,5.9996,6.7309,5.949,1.597,4.3941,True,False,"[29.491402, 46.832239]",9.0299,4,
Парканы,Парканы,улица Карла Маркса,162,4,5.6506,6.3819,5.686,1.597,4.0451,True,False,"[29.491402, 46.832239]",8.4482,4,
Парканы,Парканы,улица Карла Маркса,163,4,5.9448,6.676,5.98,1.597,4.3393,True,False,"[29.491402, 46.832239]",8.9386,4,
Парканы,Парканы,улица Карла Маркса,164,4,5.6323,6.3636,5.667,1.597,4.0268,True,False,"[29.491402, 46.832239]",8.4177,4,
Парканы,Парканы,улица Карла Маркса,165,4,5.9649,6.6962,6.001,1.597,4.3594,True,False,"[29.491402, 46.832239]",8.9721,4,
Парканы,Парканы,улица Карла Маркса,166,4,5.6131,6.3444,5.648,1.597,4.0076,True,False,"[29.491402, 46.832239]",8.3857,4,
Парканы,Парканы,улица Карла Маркса,167,4,5.984,6.7153,6.019,1.597,4.3786,True,False,"[29.491402, 46.832239]",9.0041,4,
Парканы,Парканы,улица Карла Маркса,168,4,5.639,6.3703,5.675,1.597,4.0334,True,False,"[29.491402, 46.832239]",8.4287,4,
Парканы,Парканы,улица Карла Маркса,169,4,6.0191,6.7504,6.055,1.597,4.4136,True,False,"[29.491402, 46.832239]",9.0624,4,
Парканы,Парканы,улица Карла Маркса,170,4,5.6149,6.3462,5.651,1.597,4.0094,True,False,"[29.491402, 46.832239]",8.3887,4,
Парканы,Парканы,улица Карла Маркса,171,4,6.0646,6.7958,6.1,1.597,4.4591,True,False,"[29.491402, 46.832239]",9.1382,4,
Парканы,Парканы,улица Карла Маркса,172,4,5.6314,6.3627,5.667,1.597,4.0259,True,False,"[29.491402, 46.832239]",8.4162,4,
Парканы,Парканы,улица Карла Маркса,173,4,6.0723,6.8036,6.108,1.597,4.4668,True,False,"[29.491402, 46.832239]",9.1511,4,
Парканы,Парканы,улица Карла Маркса,174,4,5.6473,6.3786,5.682,1.597,4.0417,True,False,"[29.491402, 46.832239]",8.4426,4,
Парканы,Парканы,улица Карла Маркса,175,4,6.0885,6.8198,6.124,1.597,4.483,True,False,"[29.491402, 46.832239]",9.1781,4,
Парканы,Парканы,улица Карла Маркса,176,4,5.6631,6.3944,5.699,1.597,4.0576,True,False,"[29.491402, 46.832239]",8.4691,4,
Парканы,Парканы,улица Карла Маркса,177,4,6.1031,6.8344,6.139,1.597,4.4977,True,False,"[29.491402, 46.832239]",9.2026,4,
Парканы,Парканы,улица Карла Маркса,178,4,5.6755,6.4068,5.711,1.597,4.07,True,False,"[29.491402, 46.832239]",8.4897,4,
Парканы,Парканы,улица Карла Маркса,178а,4,5.6912,6.4225,5.727,1.597,4.0857,True,False,"[29.491402, 46.832239]",8.5159,4,
Парканы,Парканы,улица Карла Маркса,179,4,6.1192,6.8505,6.154,1.597,4.5137,True,False,"[29.491402, 46.832239]",9.2292,4,
Парканы,Парканы,улица Карла Маркса,179,4,6.1536,6.8849,6.154,1.597,4.5482,True,False,"[29.491402, 46.832239]",9.2867,4,
Парканы,Парканы,улица Карла Маркса,180,4,5.7077,6.439,5.743,1.597,4.1022,True,False,"[29.491402, 46.832239]",8.5434,4,
Парканы,Парканы,улица Карла Маркса,181,4,6.1349,6.8662,6.17,1.597,4.5295,True,False,"[29.491402, 46.832239]",9.2556,4,
Парканы,Парканы,улица Карла Маркса,181,4,6.1685,6.8998,6.17,1.597,4.5631,True,False,"[29.491402, 46.832239]",9.3116,4,
Парканы,Парканы,улица Карла Маркса,182,4,5.7224,6.4537,5.758,1.597,4.1169,True,False,"[29.491402, 46.832239]",8.5679,4,
Парканы,Парканы,улица Карла Маркса,182,4,5.7275,6.4588,5.758,1.597,4.122,True,False,"[29.491402, 46.832239]",8.5764,4,
Парканы,Парканы,улица Карла Маркса,183,4,6.1507,6.882,6.186,1.597,4.5452,True,False,"[29.491402, 46.832239]",9.2817,4,
Парканы,Парканы,улица Карла Маркса,184,4,5.7382,6.4695,5.774,1.597,4.1327,True,False,"[29.491402, 46.832239]",8.5942,4,
Парканы,Парканы,улица Карла Маркса,185,4,6.1683,6.8996,6.204,1.597,4.5629,True,False,"[29.491402, 46.832239]",9.3112,4,
Парканы,Парканы,улица Карла Маркса,185,4,6.1979,6.9292,6.204,1.597,4.5925,True,False,"[29.491402, 46.832239]",9.3606,4,
Парканы,Парканы,улица Карла Маркса,186,4,5.7529,6.4842,5.788,1.597,4.1474,True,False,"[29.491402, 46.832239]",8.6187,4,
Парканы,Парканы,улица Карла Маркса,187,4,6.1842,6.9155,6.219,1.597,4.5787,True,False,"[29.491402, 46.832239]",9.3376,4,
Парканы,Парканы,улица Карла Маркса,188,4,5.7686,6.4999,5.803,1.597,4.1631,True,False,"[29.491402, 46.832239]",8.6449,4,
Парканы,Парканы,улица Карла Маркса,189,4,6.201,6.9323,6.236,1.597,4.5956,True,False,"[29.491402, 46.832239]",9.3657,4,
Парканы,Парканы,улица Карла Маркса,190,4,5.7808,6.5121,5.816,1.597,4.1753,True,False,"[29.491402, 46.832239]",8.6652,4,
Парканы,Парканы,улица Карла Маркса,191,4,6.2146,6.9459,6.25,1.597,4.6092,True,False,"[29.491402, 46.832239]",9.3884,4,
Парканы,Парканы,улица Карла Маркса,192,4,5.7955,6.5268,5.831,1.597,4.19,True,False,"[29.491402, 46.832239]",8.6897,4,
Парканы,Парканы,улица Карла Маркса,193,4,6.2294,6.9607,6.264,1.597,4.624,True,False,"[29.491402, 46.832239]",9.4131,4,
Парканы,Парканы,улица Карла Маркса,194,4,5.8111,6.5424,5.846,1.597,4.2056,True,False,"[29.491402, 46.832239]",8.7157,4,
Парканы,Парканы,улица Карла Маркса,195,4,6.2443,6.9756,6.28,1.597,4.6389,True,False,"[29.491402, 46.832239]",9.4379,4,
Парканы,Парканы,улица Карла Маркса,196,4,5.8224,6.5537,5.857,1.597,4.2169,True,False,"[29.491402, 46.832239]",8.7346,4,
Парканы,Парканы,улица Карла Маркса,197,4,6.2598,6.9911,6.296,1.597,4.6544,True,False,"[29.491402, 46.832239]",9.4637,4,
Парканы,Парканы,улица Карла Маркса,198,4,5.8357,6.5669,5.871,1.597,4.2302,True,False,"[29.491402, 46.832239]",8.7567,4,
Парканы,Парканы,улица Карла Маркса,199,4,6.2745,7.0058,6.31,1.597,4.6691,True,False,"[29.491402, 46.832239]",9.4882,4,
Парканы,Парканы,улица Карла Маркса,200,4,5.8492,6.5805,5.885,1.597,4.2437,True,False,"[29.491402, 46.832239]",8.7792,4,
Парканы,Парканы,улица Карла Маркса,200,4,5.859,6.5902,5.885,1.597,4.2535,True,False,"[29.491402, 46.832239]",8.7956,4,
Парканы,Парканы,улица Карла Маркса,201,4,6.2903,7.0216,6.326,1.597,4.6849,True,False,"[29.491402, 46.832239]",9.5146,4,
Парканы,Парканы,улица Карла Маркса,202,4,5.8637,6.595,5.899,1.597,4.2582,True,False,"[29.491402, 46.832239]",8.8034,4,
Парканы,Парканы,улица Карла Маркса,203,4,6.3046,7.0359,6.339,1.597,4.6992,True,False,"[29.491402, 46.832239]",9.5384,4,
Парканы,Парканы,улица Карла Маркса,204,4,5.8761,6.6074,5.912,1.597,4.2706,True,False,"[29.491402, 46.832239]",8.8241,4,
Парканы,Парканы,улица Карла Маркса,204,4,5.8945,6.6258,5.912,1.597,4.2891,True,False,"[29.491402, 46.832239]",8.8549,4,
Парканы,Парканы,улица Карла Маркса,205,4,6.3201,7.0514,6.355,1.597,4.7147,True,False,"[29.491402, 46.832239]",9.5642,4,
Парканы,Парканы,улица Карла Маркса,206,4,5.8885,6.6197,5.924,1.597,4.283,True,False,"[29.491402, 46.832239]",8.8447,4,
Парканы,Парканы,улица Карла Маркса,207,4,6.3344,7.0657,6.37,1.597,4.729,True,False,"[29.491402, 46.832239]",9.5881,4,
Парканы,Парканы,улица Карла Маркса,208,4,5.9029,6.6342,5.938,1.597,4.2974,True,False,"[29.491402, 46.832239]",8.8687,4,
Парканы,Парканы,улица Карла Маркса,208,4,5.9272,6.6585,5.938,1.597,4.3217,True,False,"[29.491402, 46.832239]",8.9092,4,
Парканы,Парканы,улица Карла Маркса,209,4,6.3511,7.0824,6.386,1.597,4.7458,True,False,"[29.491402, 46.832239]",9.6161,4,
Парканы,Парканы,улица Карла Маркса,210,4,5.9155,6.6468,5.951,1.597,4.31,True,False,"[29.491402, 46.832239]",8.8897,4,
Парканы,Парканы,улица Карла Маркса,211,4,6.3668,7.0981,6.403,1.597,4.7614,True,False,"[29.491402, 46.832239]",9.6421,4,
Парканы,Парканы,улица Карла Маркса,212,4,5.9302,6.6615,5.966,1.597,4.3248,True,False,"[29.491402, 46.832239]",8.9144,4,
Парканы,Парканы,улица Карла Маркса,213,4,6.3745,7.1058,6.41,1.597,4.7691,True,False,"[29.491402, 46.832239]",9.6549,4,
Парканы,Парканы,улица Карла Маркса,214,4,5.9425,6.6738,5.978,1.597,4.337,True,False,"[29.491402, 46.832239]",8.9347,4,
Парканы,Парканы,улица Карла Маркса,215,4,6.3941,7.1254,6.43,1.597,4.7887,True,False,"[29.491402, 46.832239]",9.6876,4,
Парканы,Парканы,улица Карла Маркса,216,4,5.9606,6.6919,5.996,1.597,4.3552,True,False,"[29.491402, 46.832239]",8.9651,4,
Парканы,Парканы,улица Карла Маркса,216,4,5.9631,6.6944,5.996,1.597,4.3576,True,False,"[29.491402, 46.832239]",8.9691,4,
Парканы,Парканы,улица Карла Маркса,217,4,6.4076,7.1389,6.443,1.597,4.8022,True,False,"[29.491402, 46.832239]",9.7101,4,
Парканы,Парканы,улица Карла Маркса,218,4,5.9762,6.7075,6.011,1.597,4.3707,True,False,"[29.491402, 46.832239]",8.9909,4,
Парканы,Парканы,улица Карла Маркса,219,4,6.419,7.1503,6.454,1.597,4.8136,True,False,"[29.491402, 46.832239]",9.7291,4,
Парканы,Парканы,улица Карла Маркса,220,4,5.9897,6.721,6.025,1.597,4.3842,True,False,"[29.491402, 46.832239]",9.0134,4,
Парканы,Парканы,улица Карла Маркса,220,4,6.0394,6.7707,6.025,1.597,4.434,True,False,"[29.491402, 46.832239]",9.0964,4,
Парканы,Парканы,улица Карла Маркса,221,4,6.4325,7.1638,6.468,1.597,4.8271,True,False,"[29.491402, 46.832239]",9.7516,4,
Парканы,Парканы,улица Карла Маркса,222,4,6.0092,6.7404,6.044,1.597,4.4037,True,False,"[29.491402, 46.832239]",9.0459,4,
Парканы,Парканы,улица Карла Маркса,222а,4,6.0273,6.7586,6.063,1.597,4.4218,True,False,"[29.491402, 46.832239]",9.0761,4,
Парканы,Парканы,улица Карла Маркса,223,4,6.4493,7.1806,6.485,1.597,4.844,True,False,"[29.491402, 46.832239]",9.7797,4,
Парканы,Парканы,улица Карла Маркса,224,4,6.0622,6.7935,6.081,1.597,4.4567,True,False,"[29.491402, 46.832239]",9.1342,4,
Парканы,Парканы,улица Карла Маркса,224,4,6.0454,6.7767,6.081,1.597,4.44,True,False,"[29.491402, 46.832239]",9.1064,4,
Парканы,Парканы,улица Карла Маркса,225,4,6.4638,7.1951,6.499,1.597,4.8585,True,False,"[29.491402, 46.832239]",9.8039,4,
Парканы,Парканы,улица Карла Маркса,227,4,6.4764,7.2077,6.512,1.597,4.8711,True,False,"[29.491402, 46.832239]",9.8249,4,
Парканы,Парканы,улица Карла Маркса,228,4,6.079,6.8103,6.114,1.597,4.4736,True,False,"[29.491402, 46.832239]",9.1624,4,
Парканы,Парканы,улица Карла Маркса,229,4,6.4901,7.2213,6.526,1.597,4.8847,True,False,"[29.491402, 46.832239]",9.8476,4,
Парканы,Парканы,улица Карла Маркса,230,4,6.0947,6.8259,6.121,1.597,4.4892,True,False,"[29.491402, 46.832239]",9.1884,4,
Парканы,Парканы,улица Карла Маркса,230,4,6.0852,6.8165,6.121,1.597,4.4798,True,False,"[29.491402, 46.832239]",9.1727,4,
Парканы,Парканы,улица Карла Маркса,231,4,6.5049,7.2362,6.541,1.597,4.8995,True,False,"[29.491402, 46.832239]",9.8722,4,
Парканы,Парканы,улица Карла Маркса,231,4,6.6034,7.3346,6.541,1.597,4.998,True,False,"[29.491402, 46.832239]",10.0364,4,
Парканы,Парканы,улица Карла Маркса,232,4,6.1094,6.8407,6.145,1.597,4.504,True,False,"[29.491402, 46.832239]",9.2131,4,
Парканы,Парканы,улица Карла Маркса,233,4,6.5571,7.2883,6.592,1.597,4.9516,True,False,"[29.491402, 46.832239]",9.9591,4,
Парканы,Парканы,улица Карла Маркса,234,4,6.125,6.8563,6.161,1.597,4.5196,True,False,"[29.491402, 46.832239]",9.2391,4,
Парканы,Парканы,улица Карла Маркса,236,4,6.1417,6.873,6.177,1.597,4.5362,True,False,"[29.491402, 46.832239]",9.2667,4,
Парканы,Парканы,улица Карла Маркса,238,4,6.1586,6.8899,6.194,1.597,4.5532,True,False,"[29.491402, 46.832239]",9.2951,4,
Парканы,Парканы,улица Карла Маркса,240,4,6.1745,6.9058,6.21,1.597,4.5691,True,False,"[29.491402, 46.832239]",9.3216,4,
Парканы,Парканы,улица Карла Маркса,241,4,7.1125,7.8438,7.148,1.597,5.5072,True,False,"[29.491402, 46.832239]",10.8851,4,
Парканы,Парканы,улица Карла Маркса,242,4,6.1935,6.9248,6.228,1.597,4.5881,True,False,"[29.491402, 46.832239]",9.3532,4,
Парканы,Парканы,улица Карла Маркса,243,4,6.5978,7.329,6.633,1.597,4.9924,True,False,"[29.491402, 46.832239]",10.0271,4,
Парканы,Парканы,улица Карла Маркса,244,4,6.2069,6.9382,6.243,1.597,4.6015,True,False,"[29.491402, 46.832239]",9.3756,4,
Парканы,Парканы,улица Карла Маркса,246,4,6.2204,6.9517,6.256,1.597,4.615,True,False,"[29.491402, 46.832239]",9.3981,4,
Парканы,Парканы,улица Карла Маркса,248,4,6.2351,6.9664,6.27,1.597,4.6297,True,False,"[29.491402, 46.832239]",9.4226,4,
Парканы,Парканы,улица Карла Маркса,250,4,6.2486,6.9799,6.284,1.597,4.6432,True,False,"[29.491402, 46.832239]",9.4451,4,
Парканы,Парканы,улица Карла Маркса,252,4,6.262,6.9933,6.297,1.597,4.6566,True,False,"[29.491402, 46.832239]",9.4674,4,
Парканы,Парканы,улица Карла Маркса,254,4,6.2742,7.0055,6.31,1.597,4.6688,True,False,"[29.491402, 46.832239]",9.4877,4,
Парканы,Парканы,улица Карла Маркса,256,4,6.2865,7.0178,6.322,1.597,4.6811,True,False,"[29.491402, 46.832239]",9.5082,4,
Парканы,Парканы,улица Карла Маркса,258,4,6.2989,7.0302,6.334,1.597,4.6935,True,False,"[29.491402, 46.832239]",9.5289,4,
Парканы,Парканы,улица Карла Маркса,260,4,6.31,7.0413,6.346,1.597,4.7046,True,False,"[29.491402, 46.832239]",9.5474,4,
Парканы,Парканы,улица Карла Маркса,261,4,6.7469,7.4782,6.783,1.597,5.1416,True,False,"[29.491402, 46.832239]",10.2757,4,
Парканы,Парканы,улица Карла Маркса,262,4,6.3223,7.0535,6.357,1.597,4.7169,True,False,"[29.491402, 46.832239]",9.5679,4,
Парканы,Парканы,улица Карла Маркса,263,4,6.7641,7.4954,6.799,1.597,5.1588,True,False,"[29.491402, 46.832239]",10.3044,4,
Парканы,Парканы,улица Карла Маркса,264,4,6.3335,7.0648,6.369,1.597,4.7281,True,False,"[29.491402, 46.832239]",9.5866,4,
Парканы,Парканы,улица Карла Маркса,265,4,6.7833,7.5146,6.819,1.597,5.178,True,False,"[29.491402, 46.832239]",10.3364,4,
Парканы,Парканы,улица Карла Маркса,266,4,6.3468,7.0781,6.382,1.597,4.7414,True,False,"[29.491402, 46.832239]",9.6087,4,
Парканы,Парканы,улица Карла Маркса,267,4,6.802,7.5333,6.838,1.597,5.1967,True,False,"[29.491402, 46.832239]",10.3676,4,
Парканы,Парканы,улица Карла Маркса,268,4,6.359,7.0903,6.394,1.597,4.7536,True,False,"[29.491402, 46.832239]",9.6291,4,
Парканы,Парканы,улица Карла Маркса,269,4,6.8177,7.549,6.853,1.597,5.2124,True,False,"[29.491402, 46.832239]",10.3937,4,
Парканы,Парканы,улица Карла Маркса,270,4,6.3693,7.1005,6.405,1.597,4.7639,True,False,"[29.491402, 46.832239]",9.6462,4,
Парканы,Парканы,улица Карла Маркса,271,4,6.8369,7.5682,6.873,1.597,5.2316,True,False,"[29.491402, 46.832239]",10.4257,4,
Парканы,Парканы,улица Карла Маркса,272,4,6.3817,7.113,6.417,1.597,4.7764,True,False,"[29.491402, 46.832239]",9.6671,4,
Парканы,Парканы,улица Карла Маркса,274,4,6.3943,7.1256,6.43,1.597,4.789,True,False,"[29.491402, 46.832239]",9.6881,4,
Парканы,Парканы,улица Карла Маркса,276,4,6.4066,7.1379,6.442,1.597,4.8012,True,False,"[29.491402, 46.832239]",9.7084,4,
Парканы,Парканы,улица Карла Маркса,278,4,6.4167,7.148,6.452,1.597,4.8113,True,False,"[29.491402, 46.832239]",9.7252,4,
Парканы,Парканы,улица Карла Маркса,280,4,6.4291,7.1604,6.464,1.597,4.8237,True,False,"[29.491402, 46.832239]",9.7459,4,
Парканы,Парканы,улица Карла Маркса,282,4,6.4442,7.1755,6.479,1.597,4.8388,True,False,"[29.491402, 46.832239]",9.7711,4,
Парканы,Парканы,улица Карла Маркса,284,4,6.4623,7.1936,6.498,1.597,4.8569,True,False,"[29.491402, 46.832239]",9.8012,4,
Парканы,Парканы,улица Карла Маркса,286,4,6.478,7.2093,6.513,1.597,4.8727,True,False,"[29.491402, 46.832239]",9.8276,4,
Парканы,Парканы,улица Карла Маркса,288,4,6.496,7.2273,6.531,1.597,4.8907,True,False,"[29.491402, 46.832239]",9.8576,4,
Парканы,Парканы,улица Карла Маркса,290,4,6.5151,7.2464,6.551,1.597,4.9098,True,False,"[29.491402, 46.832239]",9.8894,4,
Парканы,Парканы,улица Карла Маркса,296,4,6.5543,7.2856,6.589,1.597,4.9489,True,False,"[29.491402, 46.832239]",9.9546,4,
Парканы,Парканы,улица Карла Маркса,298,4,6.5789,7.3102,6.614,1.597,4.9736,True,False,"[29.491402, 46.832239]",9.9957,4,
Парканы,Парканы,улица Карла Маркса,300,4,6.5925,7.3238,6.628,1.597,4.9871,True,False,"[29.491402, 46.832239]",10.0182,4,
Парканы,Парканы,улица Карла Маркса,302,4,6.6083,7.3396,6.643,1.597,5.0029,True,False,"[29.491402, 46.832239]",10.0446,4,
Парканы,Парканы,улица Карла Маркса,304,4,6.6275,7.3588,6.663,1.597,5.0222,True,False,"[29.491402, 46.832239]",10.0767,4,
Парканы,Парканы,улица Карла Маркса,306,4,6.6455,7.3768,6.681,1.597,5.0401,True,False,"[29.491402, 46.832239]",10.1066,4,
Парканы,Парканы,улица Карла Маркса,308,4,6.6644,7.3957,6.7,1.597,5.0591,True,False,"[29.491402, 46.832239]",10.1382,4,
Парканы,Парканы,улица Карла Маркса,310,4,6.6904,7.4217,6.726,1.597,5.0851,True,False,"[29.491402, 46.832239]",10.1816,4,
Парканы,Парканы,улица Карла Маркса,312,4,6.7085,7.4398,6.744,1.597,5.1032,True,False,"[29.491402, 46.832239]",10.2117,4,
Парканы,Парканы,улица Карла Маркса,314,4,6.7267,7.458,6.763,1.597,5.1214,True,False,"[29.491402, 46.832239]",10.2421,4,
Парканы,Парканы,улица Карла Маркса,314,4,6.7615,7.4928,6.763,1.597,5.1562,True,False,"[29.491402, 46.832239]",10.3001,4,
Парканы,Парканы,улица Карла Маркса,316,4,6.7445,7.4758,6.779,1.597,5.1392,True,False,"[29.491402, 46.832239]",10.2717,4,
Парканы,Парканы,улица Карла Маркса,318,4,6.7611,7.4923,6.796,1.597,5.1557,True,False,"[29.491402, 46.832239]",10.2992,4,
Парканы,Парканы,улица Карла Маркса,320,4,6.7805,7.5118,6.816,1.597,5.1752,True,False,"[29.491402, 46.832239]",10.3317,4,
Парканы,Парканы,улица Карла Маркса,322,4,6.8003,7.5315,6.835,1.597,5.1949,True,False,"[29.491402, 46.832239]",10.3646,4,
Парканы,Парканы,улица Карла Маркса,324,4,6.8158,7.5471,6.851,1.597,5.2105,True,False,"[29.491402, 46.832239]",10.3906,4,
Парканы,Парканы,улица Карла Маркса,326,4,6.8305,7.5618,6.865,1.597,5.2252,True,False,"[29.491402, 46.832239]",10.4151,4,
Парканы,Парканы,улица Карла Маркса,328,4,6.8483,7.5796,6.884,1.597,5.243,True,False,"[29.491402, 46.832239]",10.4447,4,
Парканы,Парканы,улица Карла Маркса,329,4,7.0099,7.7412,7.044,1.597,5.4046,True,False,"[29.491402, 46.832239]",10.7141,4,
Парканы,Парканы,улица Карла Маркса,330,4,6.864,7.5953,6.9,1.597,5.2587,True,False,"[29.491402, 46.832239]",10.4709,4,
Парканы,Парканы,улица Карла Маркса,332,4,6.8808,7.6121,6.916,1.597,5.2755,True,False,"[29.491402, 46.832239]",10.4989,4,
Парканы,Парканы,улица Карла Маркса,334,4,6.8976,7.6289,6.934,1.597,5.2924,True,False,"[29.491402, 46.832239]",10.5271,4,
Парканы,Парканы,улица Карла Маркса,336,4,6.9191,7.6504,6.954,1.597,5.3138,True,False,"[29.491402, 46.832239]",10.5627,4,
Парканы,Парканы,улица Карла Маркса,338,4,6.937,7.6683,6.972,1.597,5.3317,True,False,"[29.491402, 46.832239]",10.5926,4,
Парканы,Парканы,улица Карла Маркса,340,4,6.9517,7.683,6.987,1.597,5.3464,True,False,"[29.491402, 46.832239]",10.6171,4,
Парканы,Парканы,улица Карла Маркса,342,4,6.9722,7.7035,7.008,1.597,5.367,True,False,"[29.491402, 46.832239]",10.6514,4,
Парканы,Парканы,улица Карла Маркса,344,4,6.9934,7.7247,7.029,1.597,5.3882,True,False,"[29.491402, 46.832239]",10.6867,4,
Парканы,Парканы,улица Карла Маркса,346,4,7.0071,7.7384,7.043,1.597,5.4018,True,False,"[29.491402, 46.832239]",10.7094,4,
Парканы,Парканы,улица Карла Маркса,348,4,7.1103,7.8416,7.146,1.597,5.5051,True,False,"[29.491402, 46.832239]",10.8816,4,
Парканы,Парканы,улица Кирова,3,3,4.7425,5.4738,4.778,1.597,3.1386,True,False,"[29.491402, 46.832239]",6.9374,3,
Парканы,Парканы,улица Кирова,5,3,4.7573,5.4886,4.793,1.597,3.1534,True,False,"[29.491402, 46.832239]",6.9621,3,
Парканы,Парканы,улица Кирова,7,3,4.7731,5.5044,4.809,1.597,3.1692,True,False,"[29.491402, 46.832239]",6.9884,3,
Парканы,Парканы,улица Кирова,9,3,4.7865,5.5178,4.822,1.597,3.1826,True,False,"[29.491402, 46.832239]",7.0107,3,
Парканы,Парканы,улица Кирова,11,3,4.8023,5.5336,4.837,1.597,3.1983,True,False,"[29.491402, 46.832239]",7.0369,3,
Парканы,Парканы,улица Кирова,13,3,4.8198,5.5511,4.855,1.597,3.2158,True,False,"[29.491402, 46.832239]",7.0661,3,
Парканы,Парканы,улица Кирова,15,3,4.8363,5.5676,4.872,1.597,3.2323,True,False,"[29.491402, 46.832239]",7.0936,3,
Парканы,Парканы,улица Кирова,17,3,4.8549,5.5862,4.89,1.597,3.2509,True,False,"[29.491402, 46.832239]",7.1246,3,
Парканы,Парканы,улица Кирова,19,3,4.8707,5.602,4.906,1.597,3.2667,True,False,"[29.491402, 46.832239]",7.1509,3,
Парканы,Парканы,улица Кирова,21,3,4.8897,5.621,4.926,1.597,3.2857,True,False,"[29.491402, 46.832239]",7.1826,3,
Парканы,Парканы,улица Кирова,23,3,4.9099,5.6412,4.945,1.597,3.3059,True,False,"[29.491402, 46.832239]",7.2162,3,
Парканы,Парканы,улица Кирова,25,3,4.9339,5.6652,4.969,1.597,3.3299,True,False,"[29.491402, 46.832239]",7.2562,3,
Парканы,Парканы,улица Кирова,29,3,5.2351,5.9664,5.27,1.597,3.6307,True,False,"[29.491402, 46.832239]",7.7576,3,
Парканы,Парканы,улица Кирова,31,3,5.2045,5.9358,5.239,1.597,3.6001,True,False,"[29.491402, 46.832239]",7.7066,3,
Парканы,Парканы,улица Кирова,33,3,5.1559,5.8872,5.191,1.597,3.5516,True,False,"[29.491402, 46.832239]",7.6257,3,
Парканы,Парканы,улица Кирова,35,3,5.1628,5.8941,5.198,1.597,3.5585,True,False,"[29.491402, 46.832239]",7.6372,3,
Парканы,Парканы,улица Кирова,37,3,5.1874,5.9187,5.223,1.597,3.583,True,False,"[29.491402, 46.832239]",7.6781,3,
Парканы,Парканы,улица Кирова,39,3,5.289,6.0202,5.325,1.597,3.6845,True,False,"[29.491402, 46.832239]",7.8472,3,
Парканы,Парканы,улица Кирова,39а,3,5.2038,5.9351,5.24,1.597,3.5995,True,False,"[29.491402, 46.832239]",7.7056,3,
Парканы,Парканы,улица Кирова,41,3,5.3243,6.0556,5.36,1.597,3.7199,True,False,"[29.491402, 46.832239]",7.9062,3,
Парканы,Парканы,улица Кирова,43,3,5.3553,6.0865,5.391,1.597,3.7508,True,False,"[29.491402, 46.832239]",7.9577,3,
Парканы,Парканы,улица Кирова,45,3,5.3883,6.1196,5.424,1.597,3.7838,True,False,"[29.491402, 46.832239]",8.0127,3,
Парканы,Парканы,улица Кирова,47,3,5.4169,6.1482,5.453,1.597,3.8124,True,False,"[29.491402, 46.832239]",8.0604,3,
Парканы,Парканы,улица Кирова,49,3,5.4447,6.176,5.48,1.597,3.8402,True,False,"[29.491402, 46.832239]",8.1067,3,
Парканы,Парканы,улица Кирова,51,3,5.4757,6.207,5.511,1.597,3.8712,True,False,"[29.491402, 46.832239]",8.1584,3,
Парканы,Парканы,улица Кирова,53,3,5.503,6.2343,5.539,1.597,3.8985,True,False,"[29.491402, 46.832239]",8.2039,3,
Парканы,Парканы,улица Кирова,55,3,5.529,6.2603,5.564,1.597,3.9244,True,False,"[29.491402, 46.832239]",8.2471,3,
Парканы,Парканы,улица Кирова,57,4,5.5523,6.2836,5.588,1.597,3.9477,True,False,"[29.491402, 46.832239]",8.2859,3,zone_move_4->3
Парканы,Парканы,улица Кирова,59,4,5.8636,6.5949,5.9,1.597,4.2591,True,False,"[29.491402, 46.832239]",8.8049,4,
Парканы,Парканы,улица Кирова,61,4,5.8376,6.5689,5.873,1.597,4.2331,True,False,"[29.491402, 46.832239]",8.7616,4,
Парканы,Парканы,улица Кирова,63,4,5.8083,6.5396,5.844,1.597,4.2038,True,False,"[29.491402, 46.832239]",8.7127,4,
Парканы,Парканы,улица Кирова,65,4,5.7869,6.5182,5.823,1.597,4.1824,True,False,"[29.491402, 46.832239]",8.6771,4,
Парканы,Парканы,улица Кирова,67,3,4.7478,5.4791,4.783,1.597,3.1439,True,False,"[29.491402, 46.832239]",6.9462,3,
Парканы,Парканы,улица Кирова,69,3,4.7626,5.4939,4.798,1.597,3.1588,True,False,"[29.491402, 46.832239]",6.9711,3,
Парканы,Парканы,улица Кирова,69,3,4.7995,5.5308,4.798,1.597,3.1956,True,False,"[29.491402, 46.832239]",7.0324,3,
Парканы,Парканы,улица Кирова,71,3,4.7828,5.5141,4.818,1.597,3.179,True,False,"[29.491402, 46.832239]",7.0047,3,
Парканы,Парканы,улица Кирова,71,3,4.8147,5.546,4.818,1.597,3.2109,True,False,"[29.491402, 46.832239]",7.0579,3,
Парканы,Парканы,улица Кирова,73,3,4.7975,5.5288,4.833,1.597,3.1936,True,False,"[29.491402, 46.832239]",7.0291,3,
Парканы,Парканы,улица Кирова,73,3,4.8296,5.5609,4.833,1.597,3.2257,True,False,"[29.491402, 46.832239]",7.0826,3,
Парканы,Парканы,улица Кирова,75,3,4.8263,5.5576,4.862,1.597,3.2224,True,False,"[29.491402, 46.832239]",7.0771,3,
Парканы,Парканы,улица Кирова,75,3,4.8481,5.5794,4.862,1.597,3.2442,True,False,"[29.491402, 46.832239]",7.1134,3,
Парканы,Парканы,улица Кирова,77,3,4.8478,5.5791,4.884,1.597,3.2439,True,False,"[29.491402, 46.832239]",7.1129,3,
Парканы,Парканы,улица Кирова,79,3,4.8842,5.6155,4.919,1.597,3.2803,True,False,"[29.491402, 46.832239]",7.1736,3,
Парканы,Парканы,улица Кирова,79,3,4.8971,5.6283,4.919,1.597,3.2931,True,False,"[29.491402, 46.832239]",7.1949,3,
Парканы,Парканы,улица Кирова,80,3,4.7335,5.4648,4.769,1.597,3.1297,True,False,"[29.491402, 46.832239]",6.9226,3,
Парканы,Парканы,улица Кирова,81,3,4.9049,5.6362,4.941,1.597,3.3009,True,False,"[29.491402, 46.832239]",7.2079,3,
Парканы,Парканы,улица Кирова,82,3,4.7533,5.4845,4.789,1.597,3.1494,True,False,"[29.491402, 46.832239]",6.9554,3,
Парканы,Парканы,улица Кирова,83,3,4.9293,5.6606,4.965,1.597,3.3253,True,False,"[29.491402, 46.832239]",7.2486,3,
Парканы,Парканы,улица Кирова,84,3,4.7661,5.4974,4.802,1.597,3.1623,True,False,"[29.491402, 46.832239]",6.9769,3,
Парканы,Парканы,улица Кирова,85,3,4.9501,5.6814,4.985,1.597,3.3462,True,False,"[29.491402, 46.832239]",7.2834,3,
Парканы,Парканы,улица Кирова,86,3,4.7801,5.5114,4.815,1.597,3.1763,True,False,"[29.491402, 46.832239]",7.0002,3,
Парканы,Парканы,улица Кирова,87,3,4.9881,5.7194,5.024,1.597,3.3841,True,False,"[29.491402, 46.832239]",7.3466,3,
Парканы,Парканы,улица Кирова,87,3,4.9908,5.7221,5.024,1.597,3.3867,True,False,"[29.491402, 46.832239]",7.3509,3,
Парканы,Парканы,улица Кирова,88,3,4.7951,5.5264,4.83,1.597,3.1913,True,False,"[29.491402, 46.832239]",7.0252,3,
Парканы,Парканы,улица Кирова,89,3,4.9994,5.7307,5.035,1.597,3.3954,True,False,"[29.491402, 46.832239]",7.3654,3,
Парканы,Парканы,улица Кирова,90,3,4.8104,5.5417,4.846,1.597,3.2065,True,False,"[29.491402, 46.832239]",7.0506,3,
Парканы,Парканы,улица Кирова,90,3,4.8244,5.5557,4.846,1.597,3.2206,True,False,"[29.491402, 46.832239]",7.0741,3,
Парканы,Парканы,улица Кирова,92,3,4.8253,5.5566,4.861,1.597,3.2215,True,False,"[29.491402, 46.832239]",7.0756,3,
Парканы,Парканы,улица Кирова,92,3,4.8479,5.5792,4.861,1.597,3.244,True,False,"[29.491402, 46.832239]",7.1131,3,
Парканы,Парканы,улица Кирова,93,3,5.0333,5.7646,5.068,1.597,3.4292,True,False,"[29.491402, 46.832239]",7.4217,3,
Парканы,Парканы,улица Кирова,94,3,4.846,5.5772,4.882,1.597,3.242,True,False,"[29.491402, 46.832239]",7.1097,3,
Парканы,Парканы,улица Кирова,96,3,4.8684,5.5997,4.904,1.597,3.2645,True,False,"[29.491402, 46.832239]",7.1472,3,
Парканы,Парканы,улица Кирова,98,3,4.8815,5.6128,4.917,1.597,3.2776,True,False,"[29.491402, 46.832239]",7.1691,3,
Парканы,Парканы,улица Кирова,100,3,4.9071,5.6384,4.943,1.597,3.3032,True,False,"[29.491402, 46.832239]",7.2117,3,
Парканы,Парканы,улица Кирова,102,3,4.9248,5.6561,4.96,1.597,3.3208,True,False,"[29.491402, 46.832239]",7.2411,3,
Парканы,Парканы,улица Кирова,104,3,4.9499,5.6812,4.985,1.597,3.3459,True,False,"[29.491402, 46.832239]",7.2829,3,
Парканы,Парканы,улица Кирова,106,3,4.9744,5.7057,5.01,1.597,3.3704,True,False,"[29.491402, 46.832239]",7.3237,3,
Парканы,Парканы,улица Кирова,108,3,4.9942,5.7255,5.029,1.597,3.3902,True,False,"[29.491402, 46.832239]",7.3567,3,
Парканы,Парканы,улица Кирова,110,3,5.0228,5.7541,5.059,1.597,3.4188,True,False,"[29.491402, 46.832239]",7.4044,3,
Парканы,Парканы,улица Кирова,110,3,5.0498,5.7811,5.059,1.597,3.4457,True,False,"[29.491402, 46.832239]",7.4492,3,
Парканы,Парканы,улица Кирова,112,3,5.0471,5.7784,5.082,1.597,3.443,True,False,"[29.491402, 46.832239]",7.4447,3,
Парканы,Парканы,улица Кирова,112,3,5.0836,5.8149,5.082,1.597,3.4795,True,False,"[29.491402, 46.832239]",7.5056,3,
Парканы,Парканы,улица Кирова,112 Г,3,5.1351,5.8664,5.17,1.597,3.531,True,False,"[29.491402, 46.832239]",7.5914,3,
Парканы,Парканы,улица Кирова,112а,3,5.0731,5.8044,5.108,1.597,3.469,True,False,"[29.491402, 46.832239]",7.4881,3,
Парканы,Парканы,улица Кирова,112б,3,5.0952,5.8265,5.131,1.597,3.4911,True,False,"[29.491402, 46.832239]",7.5249,3,
Парканы,Парканы,улица Кирова,112в,3,5.1639,5.8952,5.197,1.597,3.5597,True,False,"[29.491402, 46.832239]",7.6392,3,
Парканы,Парканы,улица Кирова,112в,3,5.1622,5.8935,5.197,1.597,3.558,True,False,"[29.491402, 46.832239]",7.6364,3,
Парканы,Парканы,улица Кирова,114,3,5.1445,5.8758,5.179,1.597,3.5404,True,False,"[29.491402, 46.832239]",7.6071,3,
Парканы,Парканы,улица Кирова,116,3,5.1806,5.9119,5.216,1.597,3.5764,True,False,"[29.491402, 46.832239]",7.6671,3,
Парканы,Парканы,улица Кирова,118,3,5.2011,5.9324,5.236,1.597,3.597,True,False,"[29.491402, 46.832239]",7.7014,3,
Парканы,Парканы,улица Кирова,120,3,5.2179,5.9492,5.254,1.597,3.6137,True,False,"[29.491402, 46.832239]",7.7292,3,
Парканы,Парканы,улица Кирова,122,3,5.2331,5.9644,5.269,1.597,3.6289,True,False,"[29.491402, 46.832239]",7.7546,3,
Парканы,Парканы,улица Кирова,124,3,5.2519,5.9832,5.287,1.597,3.6477,True,False,"[29.491402, 46.832239]",7.7859,3,
Парканы,Парканы,улица Кирова,126,3,5.2686,5.9999,5.304,1.597,3.6644,True,False,"[29.491402, 46.832239]",7.8137,3,
Парканы,Парканы,улица Кирова,128,3,5.2897,6.021,5.325,1.597,3.6855,True,False,"[29.491402, 46.832239]",7.8489,3,
Парканы,Парканы,улица Кирова,130,3,5.3063,6.0376,5.342,1.597,3.7021,True,False,"[29.491402, 46.832239]",7.8766,3,
Парканы,Парканы,улица Кирова,132,3,5.3236,6.0549,5.359,1.597,3.7194,True,False,"[29.491402, 46.832239]",7.9054,3,
Парканы,Парканы,улица Кирова,134,3,5.3447,6.076,5.381,1.597,3.7405,True,False,"[29.491402, 46.832239]",7.9406,3,
Парканы,Парканы,улица Кирова,136,3,5.3684,6.0997,5.404,1.597,3.7642,True,False,"[29.491402, 46.832239]",7.9801,3,
Парканы,Парканы,улица Кирова,138,3,5.3908,6.1221,5.426,1.597,3.7866,True,False,"[29.491402, 46.832239]",8.0174,3,
Парканы,Парканы,улица Кирова,140,3,5.4213,6.1526,5.456,1.597,3.817,True,False,"[29.491402, 46.832239]",8.0681,3,
Парканы,Парканы,улица Кирова,142,3,5.4665,6.1978,5.501,1.597,3.8623,True,False,"[29.491402, 46.832239]",8.1436,3,
Парканы,Парканы,улица Кирова,144,3,5.5026,6.2339,5.538,1.597,3.8983,True,False,"[29.491402, 46.832239]",8.2036,3,
Парканы,Парканы,улица Кирова,146,3,5.5276,6.2589,5.563,1.597,3.9234,True,False,"[29.491402, 46.832239]",8.2454,3,
Парканы,Парканы,улица Кирова,148,4,5.5493,6.2806,5.585,1.597,3.9451,True,False,"[29.491402, 46.832239]",8.2816,3,zone_move_4->3
Парканы,Парканы,улица Кирова,150,4,5.5765,6.3078,5.612,1.597,3.9722,True,False,"[29.491402, 46.832239]",8.3267,3,zone_move_4->3
Парканы,Парканы,улица Кирова,154,4,5.6867,6.418,5.705,1.597,4.0822,True,False,"[29.491402, 46.832239]",8.5101,4,
Парканы,Парканы,улица Кирова,154,4,5.6696,6.4009,5.705,1.597,4.0652,True,False,"[29.491402, 46.832239]",8.4817,4,
Парканы,Парканы,улица Кирова,156,4,5.6617,6.393,5.697,1.597,4.0573,True,False,"[29.491402, 46.832239]",8.4686,4,
Парканы,Парканы,улица Кирова,156,4,5.7105,6.4418,5.697,1.597,4.106,True,False,"[29.491402, 46.832239]",8.5497,4,
Парканы,Парканы,улица Кирова,158,4,5.615,6.3463,5.65,1.597,4.0108,True,False,"[29.491402, 46.832239]",8.3911,4,
Парканы,Парканы,улица Кирова,160,4,5.6355,6.3668,5.671,1.597,4.0312,True,False,"[29.491402, 46.832239]",8.4251,4,
Парканы,Парканы,улица Ковалёва,2,4,5.7411,6.4724,5.776,1.597,4.1354,True,False,"[29.491402, 46.832239]",8.5987,4,
Парканы,Парканы,улица Ковалёва,4,4,5.7618,6.4931,5.797,1.597,4.156,True,False,"[29.491402, 46.832239]",8.6331,4,
Парканы,Парканы,улица Ковалёва,6,4,5.7842,6.5155,5.82,1.597,4.1785,True,False,"[29.491402, 46.832239]",8.6706,4,
Парканы,Парканы,улица Ковалёва,8,4,5.8063,6.5376,5.842,1.597,4.2006,True,False,"[29.491402, 46.832239]",8.7074,4,
Парканы,Парканы,улица Ковалёва,10,4,5.8254,6.5567,5.861,1.597,4.2197,True,False,"[29.491402, 46.832239]",8.7392,4,
Парканы,Парканы,улица Ковалёва,12,4,5.8658,6.597,5.901,1.597,4.26,True,False,"[29.491402, 46.832239]",8.8064,4,
Парканы,Парканы,улица Ковалёва,14,4,5.8937,6.625,5.929,1.597,4.288,True,False,"[29.491402, 46.832239]",8.8531,4,
Парканы,Парканы,улица Ковалёва,16,4,5.9277,6.659,5.963,1.597,4.322,True,False,"[29.491402, 46.832239]",8.9097,4,
Парканы,Парканы,улица Ковалёва,18,4,5.9702,6.7015,6.006,1.597,4.3645,True,False,"[29.491402, 46.832239]",8.9806,4,
Парканы,Парканы,улица Ковалёва,20,4,5.9939,6.7252,6.03,1.597,4.3882,True,False,"[29.491402, 46.832239]",9.0201,4,
Парканы,Парканы,улица Ковалёва,22,4,6.0209,6.7522,6.057,1.597,4.4152,True,False,"[29.491402, 46.832239]",9.0651,4,
Парканы,Парканы,улица Ковалёва,34,4,6.2551,6.9864,6.29,1.597,4.6494,True,False,"[29.491402, 46.832239]",9.4554,4,
Парканы,Парканы,улица Ковалёва,88,4,6.355,7.0863,6.39,1.597,4.7494,True,False,"[29.491402, 46.832239]",9.6221,4,
Парканы,Парканы,улица Ковалёва,96,4,6.3809,7.1122,6.416,1.597,4.7753,True,False,"[29.491402, 46.832239]",9.6652,4,
Парканы,Парканы,улица Котовского,1,2,3.7863,4.5176,3.821,1.597,2.1821,True,False,"[29.491402, 46.832239]",5.3432,2,
Парканы,Парканы,улица Котовского,2,2,3.7865,4.5178,3.821,1.597,2.1823,True,False,"[29.491402, 46.832239]",5.3436,2,
Парканы,Парканы,улица Котовского,3,2,3.8075,4.5387,3.843,1.597,2.2033,True,False,"[29.491402, 46.832239]",5.3786,2,
Парканы,Парканы,улица Котовского,4,2,3.8042,4.5355,3.839,1.597,2.2,True,False,"[29.491402, 46.832239]",5.3731,2,
Парканы,Парканы,улица Котовского,5,2,3.823,4.5543,3.859,1.597,2.2188,True,False,"[29.491402, 46.832239]",5.4044,2,
Парканы,Парканы,улица Котовского,6,2,3.8221,4.5534,3.857,1.597,2.2179,True,False,"[29.491402, 46.832239]",5.4029,2,
Парканы,Парканы,улица Котовского,6а,2,3.8378,4.5691,3.874,1.597,2.2336,True,False,"[29.491402, 46.832239]",5.4291,2,
Парканы,Парканы,улица Котовского,7,2,3.716,4.4473,3.751,1.597,2.1119,True,False,"[29.491402, 46.832239]",5.2262,2,
Парканы,Парканы,улица Котовского,8,2,3.8635,4.5948,3.898,1.597,2.2593,True,False,"[29.491402, 46.832239]",5.4719,2,
Парканы,Парканы,улица Котовского,9,2,3.7465,4.4778,3.782,1.597,2.1423,True,False,"[29.491402, 46.832239]",5.2769,2,
Парканы,Парканы,улица Котовского,10,2,3.8871,4.6184,3.922,1.597,2.2829,True,False,"[29.491402, 46.832239]",5.5112,2,
Парканы,Парканы,улица Котовского,11,2,3.7673,4.4986,3.803,1.597,2.163,True,False,"[29.491402, 46.832239]",5.3114,2,
Парканы,Парканы,улица Котовского,12,2,3.9117,4.643,3.947,1.597,2.3075,True,False,"[29.491402, 46.832239]",5.5522,2,
Парканы,Парканы,улица Котовского,13,2,3.791,4.5223,3.826,1.597,2.1867,True,False,"[29.491402, 46.832239]",5.3509,2,
Парканы,Парканы,улица Котовского,14,2,3.9341,4.6654,3.97,1.597,2.33,True,False,"[29.491402, 46.832239]",5.5897,2,
Парканы,Парканы,улица Котовского,16,2,3.9564,4.6877,3.992,1.597,2.3522,True,False,"[29.491402, 46.832239]",5.6267,2,
Парканы,Парканы,улица Котовского,18,2,3.9809,4.7122,4.016,1.597,2.3767,True,False,"[29.491402, 46.832239]",5.6676,2,
Парканы,Парканы,улица Котовского,18,2,3.9809,4.7122,4.016,1.597,2.3767,True,False,"[29.491402, 46.832239]",5.6676,2,
Парканы,Парканы,улица Котовского,19,2,3.9997,4.731,4.028,1.597,2.3955,True,False,"[29.491402, 46.832239]",5.6989,2,
Парканы,Парканы,улица Котовского,19,2,3.9929,4.7242,4.028,1.597,2.3887,True,False,"[29.491402, 46.832239]",5.6876,2,
Парканы,Парканы,улица Котовского,20,2,4.0065,4.7378,4.042,1.597,2.4023,True,False,"[29.491402, 46.832239]",5.7102,2,
Парканы,Парканы,улица Котовского,21,2,4.0197,4.751,4.044,1.597,2.4155,True,False,"[29.491402, 46.832239]",5.7322,2,
Парканы,Парканы,улица Котовского,21,2,4.0085,4.7398,4.044,1.597,2.4044,True,False,"[29.491402, 46.832239]",5.7137,2,
Парканы,Парканы,улица Котовского,23,2,4.0332,4.7645,4.063,1.597,2.4291,True,False,"[29.491402, 46.832239]",5.7549,2,
Парканы,Парканы,улица Котовского,23,2,4.0275,4.7588,4.063,1.597,2.4234,True,False,"[29.491402, 46.832239]",5.7454,2,
Парканы,Парканы,улица Котовского,25,3,4.0476,4.7789,4.083,1.597,2.4435,True,False,"[29.491402, 46.832239]",5.7789,2,zone_move_3->2
Парканы,Парканы,улица Котовского,26,3,4.1183,4.8496,4.154,1.597,2.5141,True,False,"[29.491402, 46.832239]",5.8966,2,zone_move_3->2
Парканы,Парканы,улица Котовского,27,3,4.0594,4.7907,4.095,1.597,2.4552,True,False,"[29.491402, 46.832239]",5.7984,2,zone_move_3->2
Парканы,Парканы,улица Котовского,28,3,4.1221,4.8534,4.153,1.597,2.5179,True,False,"[29.491402, 46.832239]",5.9029,2,zone_move_3->2
Парканы,Парканы,улица Котовского,28,3,4.1174,4.8487,4.153,1.597,2.5132,True,False,"[29.491402, 46.832239]",5.8951,2,zone_move_3->2
Парканы,Парканы,улица Котовского,29,3,4.0633,4.7946,4.099,1.597,2.4592,True,False,"[29.491402, 46.832239]",5.8051,2,zone_move_3->2
Парканы,Парканы,улица Котовского,29,3,4.0736,4.8049,4.099,1.597,2.4694,True,False,"[29.491402, 46.832239]",5.8221,2,zone_move_3->2
Парканы,Парканы,улица Котовского,30,3,4.1379,4.8692,4.158,1.597,2.5338,True,False,"[29.491402, 46.832239]",5.9294,2,zone_move_3->2
Парканы,Парканы,улица Котовского,30,3,4.1232,4.8544,4.158,1.597,2.519,True,False,"[29.491402, 46.832239]",5.9047,2,zone_move_3->2
Парканы,Парканы,улица Котовского,31,3,4.1206,4.8519,4.14,1.597,2.5165,True,False,"[29.491402, 46.832239]",5.9006,2,zone_move_3->2
Парканы,Парканы,улица Котовского,31,3,4.1043,4.8356,4.14,1.597,2.5002,True,False,"[29.491402, 46.832239]",5.8734,2,zone_move_3->2
Парканы,Парканы,улица Котовского,32,3,4.1573,4.8886,4.182,1.597,2.5532,True,False,"[29.491402, 46.832239]",5.9617,2,zone_move_3->2
Парканы,Парканы,улица Котовского,32,3,4.147,4.8783,4.182,1.597,2.5428,True,False,"[29.491402, 46.832239]",5.9444,2,zone_move_3->2
Парканы,Парканы,улица Котовского,33,3,4.1369,4.8682,4.157,1.597,2.5327,True,False,"[29.491402, 46.832239]",5.9276,2,zone_move_3->2
Парканы,Парканы,улица Котовского,33,3,4.1219,4.8532,4.157,1.597,2.5177,True,False,"[29.491402, 46.832239]",5.9026,2,zone_move_3->2
Парканы,Парканы,улица Котовского,34,3,4.176,4.9073,4.194,1.597,2.5719,True,False,"[29.491402, 46.832239]",5.9929,2,zone_move_3->2
Парканы,Парканы,улица Котовского,34,3,4.1594,4.8907,4.194,1.597,2.5553,True,False,"[29.491402, 46.832239]",5.9652,2,zone_move_3->2
Парканы,Парканы,улица Котовского,35,3,4.1438,4.8751,4.179,1.597,2.5397,True,False,"[29.491402, 46.832239]",5.9392,2,zone_move_3->2
Парканы,Парканы,улица Котовского,36,3,4.1982,4.9295,4.212,1.597,2.5941,True,False,"[29.491402, 46.832239]",6.0299,2,zone_move_3->2
Парканы,Парканы,улица Котовского,36,3,4.1767,4.908,4.212,1.597,2.5726,True,False,"[29.491402, 46.832239]",5.9941,2,zone_move_3->2
Парканы,Парканы,улица Котовского,37,3,4.1586,4.8899,4.194,1.597,2.5544,True,False,"[29.491402, 46.832239]",5.9637,2,zone_move_3->2
Парканы,Парканы,улица Котовского,37,3,4.1746,4.9059,4.194,1.597,2.5705,True,False,"[29.491402, 46.832239]",5.9906,2,zone_move_3->2
Парканы,Парканы,улица Котовского,38,3,4.219,4.9503,4.228,1.597,2.6149,True,False,"[29.491402, 46.832239]",6.0646,2,zone_move_3->2
Парканы,Парканы,улица Котовского,38,3,4.193,4.9243,4.228,1.597,2.5888,True,False,"[29.491402, 46.832239]",6.0211,2,zone_move_3->2
Парканы,Парканы,улица Котовского,39,3,4.1759,4.9072,4.212,1.597,2.5718,True,False,"[29.491402, 46.832239]",5.9927,2,zone_move_3->2
Парканы,Парканы,улица Котовского,39,3,4.1947,4.926,4.212,1.597,2.5906,True,False,"[29.491402, 46.832239]",6.0241,2,zone_move_3->2
Парканы,Парканы,улица Котовского,40,3,4.2388,4.9701,4.243,1.597,2.6347,True,False,"[29.491402, 46.832239]",6.0976,3,
Парканы,Парканы,улица Котовского,40,3,4.2081,4.9394,4.243,1.597,2.604,True,False,"[29.491402, 46.832239]",6.0464,2,zone_move_3->2
Парканы,Парканы,улица Котовского,41,3,4.1968,4.9281,4.232,1.597,2.5927,True,False,"[29.491402, 46.832239]",6.0276,2,zone_move_3->2
Парканы,Парканы,улица Котовского,41,3,4.2125,4.9438,4.232,1.597,2.6084,True,False,"[29.491402, 46.832239]",6.0537,2,zone_move_3->2
Парканы,Парканы,улица Котовского,42,3,4.2581,4.9894,4.258,1.597,2.6539,True,False,"[29.491402, 46.832239]",6.1296,3,
Парканы,Парканы,улица Котовского,42,3,4.2224,4.9537,4.258,1.597,2.6183,True,False,"[29.491402, 46.832239]",6.0702,2,zone_move_3->2
Парканы,Парканы,улица Котовского,43,3,4.2208,4.9521,4.256,1.597,2.6166,True,False,"[29.491402, 46.832239]",6.0674,2,zone_move_3->2
Парканы,Парканы,улица Котовского,43,3,4.2246,4.9559,4.256,1.597,2.6205,True,False,"[29.491402, 46.832239]",6.0739,3,
Парканы,Парканы,улица Котовского,44,3,4.2747,5.006,4.272,1.597,2.6705,True,False,"[29.491402, 46.832239]",6.1572,3,
Парканы,Парканы,улица Котовского,44,3,4.2363,4.9676,4.272,1.597,2.6322,True,False,"[29.491402, 46.832239]",6.0934,3,
Парканы,Парканы,улица Котовского,45,3,4.2425,4.9738,4.278,1.597,2.6384,True,False,"[29.491402, 46.832239]",6.1037,3,
Парканы,Парканы,улица Котовского,46,3,4.2935,5.0248,4.329,1.597,2.6893,True,False,"[29.491402, 46.832239]",6.1886,3,
Парканы,Парканы,улица Котовского,47,3,4.2592,4.9905,4.295,1.597,2.655,True,False,"[29.491402, 46.832239]",6.1314,3,
Парканы,Парканы,улица Котовского,48,3,4.3136,5.0449,4.349,1.597,2.7095,True,False,"[29.491402, 46.832239]",6.2222,3,
Парканы,Парканы,улица Котовского,49,3,4.281,5.0123,4.317,1.597,2.6768,True,False,"[29.491402, 46.832239]",6.1677,3,
Парканы,Парканы,улица Котовского,50,3,4.3288,5.0601,4.364,1.597,2.7247,True,False,"[29.491402, 46.832239]",6.2476,3,
Парканы,Парканы,улица Котовского,51,3,4.3108,5.042,4.346,1.597,2.7066,True,False,"[29.491402, 46.832239]",6.2174,3,
Парканы,Парканы,улица Котовского,52,3,4.3487,5.08,4.384,1.597,2.7445,True,False,"[29.491402, 46.832239]",6.2806,3,
Парканы,Парканы,улица Котовского,53,3,4.3351,5.0664,4.37,1.597,2.7309,True,False,"[29.491402, 46.832239]",6.2579,3,
Парканы,Парканы,улица Котовского,53,3,4.3351,5.0664,4.37,1.597,2.7309,True,False,"[29.491402, 46.832239]",6.2579,3,
Парканы,Парканы,улица Котовского,54,3,4.368,5.0993,4.404,1.597,2.7638,True,False,"[29.491402, 46.832239]",6.3127,3,
Парканы,Парканы,улица Котовского,55,3,4.3553,5.0866,4.385,1.597,2.7512,True,False,"[29.491402, 46.832239]",6.2917,3,
Парканы,Парканы,улица Котовского,55,3,4.3488,5.0801,4.385,1.597,2.7446,True,False,"[29.491402, 46.832239]",6.2807,3,
Парканы,Парканы,улица Котовского,57,3,4.3731,5.1044,4.409,1.597,2.769,True,False,"[29.491402, 46.832239]",6.3214,3,
Парканы,Парканы,улица Котовского,57,3,4.3909,5.1222,4.409,1.597,2.7867,True,False,"[29.491402, 46.832239]",6.3509,3,
Парканы,Парканы,улица Котовского,57 А,3,4.3767,5.1079,4.412,1.597,2.7725,True,False,"[29.491402, 46.832239]",6.3272,3,
Парканы,Парканы,улица Котовского,58,3,4.4061,5.1374,4.441,1.597,2.8019,True,False,"[29.491402, 46.832239]",6.3762,3,
Парканы,Парканы,улица Котовского,59,3,4.3916,5.1229,4.427,1.597,2.7874,True,False,"[29.491402, 46.832239]",6.3521,3,
Парканы,Парканы,улица Котовского,59,3,4.4173,5.1485,4.427,1.597,2.8131,True,False,"[29.491402, 46.832239]",6.3949,3,
Парканы,Парканы,улица Котовского,59,3,4.4034,5.1347,4.427,1.597,2.7992,True,False,"[29.491402, 46.832239]",6.3717,3,
Парканы,Парканы,улица Котовского,60,3,4.4234,5.1547,4.373,1.597,2.8192,True,False,"[29.491402, 46.832239]",6.4051,3,
Парканы,Парканы,улица Котовского,60,3,4.351,5.0823,4.373,1.597,2.7468,True,False,"[29.491402, 46.832239]",6.2844,3,
Парканы,Парканы,улица Котовского,60,3,4.3372,5.0685,4.373,1.597,2.7331,True,False,"[29.491402, 46.832239]",6.2616,3,
Парканы,Парканы,улица Котовского,61,3,4.4112,5.1425,4.447,1.597,2.8071,True,False,"[29.491402, 46.832239]",6.3849,3,
Парканы,Парканы,улица Котовского,61,3,4.4311,5.1624,4.447,1.597,2.827,True,False,"[29.491402, 46.832239]",6.4181,3,
Парканы,Парканы,улица Котовского,62,3,4.4398,5.1711,4.4,1.597,2.8356,True,False,"[29.491402, 46.832239]",6.4324,3,
Парканы,Парканы,улица Котовского,62,3,4.3645,5.0958,4.4,1.597,2.7603,True,False,"[29.491402, 46.832239]",6.3069,3,
Парканы,Парканы,улица Котовского,63,3,4.4284,5.1597,4.464,1.597,2.8242,True,False,"[29.491402, 46.832239]",6.4134,3,
Парканы,Парканы,улица Котовского,63,3,4.4438,5.1751,4.464,1.597,2.8396,True,False,"[29.491402, 46.832239]",6.4391,3,
Парканы,Парканы,улица Котовского,64,3,4.4575,5.1888,4.415,1.597,2.8533,True,False,"[29.491402, 46.832239]",6.4619,3,
Парканы,Парканы,улица Котовского,64,3,4.3794,5.1107,4.415,1.597,2.7753,True,False,"[29.491402, 46.832239]",6.3319,3,
Парканы,Парканы,улица Котовского,64а,3,4.472,5.2033,4.507,1.597,2.8678,True,False,"[29.491402, 46.832239]",6.4861,3,
Парканы,Парканы,улица Котовского,65,3,4.4478,5.1791,4.483,1.597,2.8436,True,False,"[29.491402, 46.832239]",6.4457,3,
Парканы,Парканы,улица Котовского,65,3,4.4587,5.19,4.483,1.597,2.8545,True,False,"[29.491402, 46.832239]",6.4639,3,
Парканы,Парканы,улица Котовского,66,3,4.4839,5.2152,4.428,1.597,2.8797,True,False,"[29.491402, 46.832239]",6.5059,3,
Парканы,Парканы,улица Котовского,66,3,4.3922,5.1235,4.428,1.597,2.788,True,False,"[29.491402, 46.832239]",6.3531,3,
Парканы,Парканы,улица Котовского,67,3,4.4656,5.1969,4.501,1.597,2.8614,True,False,"[29.491402, 46.832239]",6.4754,3,
Парканы,Парканы,улица Котовского,67,3,4.4866,5.2178,4.501,1.597,2.8824,True,False,"[29.491402, 46.832239]",6.5104,3,
Парканы,Парканы,улица Котовского,67а,3,4.4879,5.2192,4.523,1.597,2.8837,True,False,"[29.491402, 46.832239]",6.5126,3,
Парканы,Парканы,улица Котовского,68,3,4.497,5.2283,4.447,1.597,2.8928,True,False,"[29.491402, 46.832239]",6.5277,3,
Парканы,Парканы,улица Котовского,68,3,4.4115,5.1428,4.447,1.597,2.8073,True,False,"[29.491402, 46.832239]",6.3852,3,
Парканы,Парканы,улица Котовского,69,3,4.5093,5.2406,4.545,1.597,2.9051,True,False,"[29.491402, 46.832239]",6.5482,3,
Парканы,Парканы,улица Котовского,69,3,4.5259,5.2571,4.545,1.597,2.9216,True,False,"[29.491402, 46.832239]",6.5757,3,
Парканы,Парканы,улица Котовского,69,3,4.5163,5.2476,4.545,1.597,2.9121,True,False,"[29.491402, 46.832239]",6.5599,3,
Парканы,Парканы,улица Котовского,70,3,4.5133,5.2446,4.466,1.597,2.9091,True,False,"[29.491402, 46.832239]",6.5549,3,
Парканы,Парканы,улица Котовского,70,3,4.4308,5.1621,4.466,1.597,2.8266,True,False,"[29.491402, 46.832239]",6.4174,3,
Парканы,Парканы,улица Котовского,71,3,4.5366,5.2679,4.564,1.597,2.9324,True,False,"[29.491402, 46.832239]",6.5937,3,
Парканы,Парканы,улица Котовского,71,3,4.5289,5.2601,4.564,1.597,2.9246,True,False,"[29.491402, 46.832239]",6.5807,3,
Парканы,Парканы,улица Котовского,72,3,4.5274,5.2587,4.485,1.597,2.9232,True,False,"[29.491402, 46.832239]",6.5784,3,
Парканы,Парканы,улица Котовского,72,3,4.45,5.1813,4.485,1.597,2.8458,True,False,"[29.491402, 46.832239]",6.4494,3,
Парканы,Парканы,улица Котовского,73,3,4.5612,5.2925,4.577,1.597,2.957,True,False,"[29.491402, 46.832239]",6.6347,3,
Парканы,Парканы,улица Котовского,73,3,4.5417,5.273,4.577,1.597,2.9375,True,False,"[29.491402, 46.832239]",6.6022,3,
Парканы,Парканы,улица Котовского,74,3,4.5386,5.2699,4.505,1.597,2.9344,True,False,"[29.491402, 46.832239]",6.5971,3,
Парканы,Парканы,улица Котовского,74,3,4.4694,5.2007,4.505,1.597,2.8652,True,False,"[29.491402, 46.832239]",6.4817,3,
Парканы,Парканы,улица Котовского,75,3,4.5905,5.3218,4.627,1.597,2.9863,True,False,"[29.491402, 46.832239]",6.6836,3,
Парканы,Парканы,улица Котовского,76,3,4.5506,5.2819,4.534,1.597,2.9464,True,False,"[29.491402, 46.832239]",6.6171,3,
Парканы,Парканы,улица Котовского,76,3,4.4983,5.2296,4.534,1.597,2.8941,True,False,"[29.491402, 46.832239]",6.5299,3,
Парканы,Парканы,улица Котовского,78,3,4.5638,5.295,4.55,1.597,2.9595,True,False,"[29.491402, 46.832239]",6.6389,3,
Парканы,Парканы,улица Котовского,78,3,4.5142,5.2455,4.55,1.597,2.91,True,False,"[29.491402, 46.832239]",6.5564,3,
Парканы,Парканы,улица Котовского,79,3,4.6093,5.3406,4.634,1.597,3.0051,True,False,"[29.491402, 46.832239]",6.7149,3,
Парканы,Парканы,улица Котовского,79,3,4.5981,5.3294,4.634,1.597,2.9939,True,False,"[29.491402, 46.832239]",6.6962,3,
Парканы,Парканы,улица Котовского,80,3,4.5385,5.2698,4.574,1.597,2.9343,True,False,"[29.491402, 46.832239]",6.5969,3,
Парканы,Парканы,улица Котовского,81,3,4.6296,5.3609,4.648,1.597,3.0254,True,False,"[29.491402, 46.832239]",6.7487,3,
Парканы,Парканы,улица Котовского,81,3,4.613,5.3443,4.648,1.597,3.0088,True,False,"[29.491402, 46.832239]",6.7211,3,
Парканы,Парканы,улица Котовского,82,3,4.5948,5.3261,4.602,1.597,2.9905,True,False,"[29.491402, 46.832239]",6.6906,3,
Парканы,Парканы,улица Котовского,82,3,4.5663,5.2976,4.602,1.597,2.9621,True,False,"[29.491402, 46.832239]",6.6432,3,
Парканы,Парканы,улица Котовского,83,3,4.651,5.3823,4.66,1.597,3.0468,True,False,"[29.491402, 46.832239]",6.7844,3,
Парканы,Парканы,улица Котовского,83,3,4.6247,5.356,4.66,1.597,3.0204,True,False,"[29.491402, 46.832239]",6.7404,3,
Парканы,Парканы,улица Котовского,84,3,4.6121,5.3434,4.648,1.597,3.0079,True,False,"[29.491402, 46.832239]",6.7196,3,
Парканы,Парканы,улица Котовского,85,3,4.6744,5.4057,4.675,1.597,3.0701,True,False,"[29.491402, 46.832239]",6.8232,3,
Парканы,Парканы,улица Котовского,85,3,4.6397,5.371,4.675,1.597,3.0355,True,False,"[29.491402, 46.832239]",6.7656,3,
Парканы,Парканы,улица Котовского,86,3,4.6271,5.3584,4.643,1.597,3.0229,True,False,"[29.491402, 46.832239]",6.7446,3,
Парканы,Парканы,улица Котовского,86,3,4.6075,5.3388,4.643,1.597,3.0033,True,False,"[29.491402, 46.832239]",6.7119,3,
Парканы,Парканы,улица Котовского,87,3,4.693,5.4243,4.689,1.597,3.0888,True,False,"[29.491402, 46.832239]",6.8544,3,
Парканы,Парканы,улица Котовского,87,3,4.6534,5.3847,4.689,1.597,3.0492,True,False,"[29.491402, 46.832239]",6.7884,3,
Парканы,Парканы,улица Котовского,88,3,4.6424,5.3737,4.657,1.597,3.0381,True,False,"[29.491402, 46.832239]",6.7699,3,
Парканы,Парканы,улица Котовского,88,3,4.6219,5.3531,4.657,1.597,3.0176,True,False,"[29.491402, 46.832239]",6.7357,3,
Парканы,Парканы,улица Котовского,89,3,4.6668,5.3981,4.702,1.597,3.0626,True,False,"[29.491402, 46.832239]",6.8107,3,
Парканы,Парканы,улица Котовского,90,3,4.659,5.3903,4.672,1.597,3.0548,True,False,"[29.491402, 46.832239]",6.7977,3,
Парканы,Парканы,улица Котовского,90,3,4.6369,5.3682,4.672,1.597,3.0327,True,False,"[29.491402, 46.832239]",6.7609,3,
Парканы,Парканы,улица Котовского,91,3,4.7109,5.4422,4.716,1.597,3.1067,True,False,"[29.491402, 46.832239]",6.8842,3,
Парканы,Парканы,улица Котовского,91,3,4.6808,5.4121,4.716,1.597,3.0765,True,False,"[29.491402, 46.832239]",6.8339,3,
Парканы,Парканы,улица Котовского,91 А,3,4.6951,5.4264,4.73,1.597,3.0909,True,False,"[29.491402, 46.832239]",6.8579,3,
Парканы,Парканы,улица Котовского,92,3,4.6767,5.408,4.69,1.597,3.0724,True,False,"[29.491402, 46.832239]",6.8271,3,
Парканы,Парканы,улица Котовского,92,3,4.6543,5.3856,4.69,1.597,3.05,True,False,"[29.491402, 46.832239]",6.7897,3,
Парканы,Парканы,улица Котовского,93,3,4.7313,5.4626,4.767,1.597,3.1271,True,False,"[29.491402, 46.832239]",6.9182,3,
Парканы,Парканы,улица Котовского,94,3,4.6943,5.4256,4.712,1.597,3.09,True,False,"[29.491402, 46.832239]",6.8564,3,
Парканы,Парканы,улица Котовского,94,3,4.6773,5.4086,4.712,1.597,3.073,True,False,"[29.491402, 46.832239]",6.8281,3,
Парканы,Парканы,улица Котовского,96,3,4.7154,5.4467,4.744,1.597,3.1112,True,False,"[29.491402, 46.832239]",6.8917,3,
Парканы,Парканы,улица Котовского,96,3,4.7085,5.4398,4.744,1.597,3.1042,True,False,"[29.491402, 46.832239]",6.8801,3,
Парканы,Парканы,улица Котовского,98,3,4.737,5.4683,4.773,1.597,3.1328,True,False,"[29.491402, 46.832239]",6.9277,3,
Парканы,Парканы,улица Котовского,101,3,4.7554,5.4867,4.791,1.597,3.1511,True,False,"[29.491402, 46.832239]",6.9582,3,
Парканы,Парканы,улица Котовского,102,3,4.797,5.5283,4.832,1.597,3.1927,True,False,"[29.491402, 46.832239]",7.0276,3,
Парканы,Парканы,улица Котовского,103,3,4.7961,5.5274,4.832,1.597,3.1919,True,False,"[29.491402, 46.832239]",7.0262,3,
Парканы,Парканы,улица Котовского,104,3,4.8146,5.5459,4.85,1.597,3.2103,True,False,"[29.491402, 46.832239]",7.0569,3,
Парканы,Парканы,улица Котовского,105,3,4.8138,5.5451,4.849,1.597,3.2095,True,False,"[29.491402, 46.832239]",7.0556,3,
Парканы,Парканы,улица Котовского,106,3,4.8341,5.5654,4.869,1.597,3.2298,True,False,"[29.491402, 46.832239]",7.0894,3,
Парканы,Парканы,улица Котовского,107,3,4.8295,5.5608,4.865,1.597,3.2252,True,False,"[29.491402, 46.832239]",7.0817,3,
Парканы,Парканы,улица Котовского,108,3,4.852,5.5833,4.888,1.597,3.2477,True,False,"[29.491402, 46.832239]",7.1192,3,
Парканы,Парканы,улица Котовского,109,3,4.8452,5.5765,4.88,1.597,3.241,True,False,"[29.491402, 46.832239]",7.1081,3,
Парканы,Парканы,улица Котовского,110,3,4.868,5.5993,4.904,1.597,3.2637,True,False,"[29.491402, 46.832239]",7.1459,3,
Парканы,Парканы,улица Котовского,111,3,4.8633,5.5946,4.899,1.597,3.259,True,False,"[29.491402, 46.832239]",7.1381,3,
Парканы,Парканы,улица Котовского,112,3,4.884,5.6153,4.919,1.597,3.2797,True,False,"[29.491402, 46.832239]",7.1726,3,
Парканы,Парканы,улица Котовского,113,3,4.8799,5.6112,4.915,1.597,3.2756,True,False,"[29.491402, 46.832239]",7.1657,3,
Парканы,Парканы,улица Котовского,114,3,4.9025,5.6338,4.938,1.597,3.2982,True,False,"[29.491402, 46.832239]",7.2034,3,
Парканы,Парканы,улица Котовского,116,3,4.9181,5.6494,4.954,1.597,3.3138,True,False,"[29.491402, 46.832239]",7.2294,3,
Парканы,Парканы,улица Котовского,117,3,4.898,5.6293,4.933,1.597,3.2937,True,False,"[29.491402, 46.832239]",7.1959,3,
Парканы,Парканы,улица Котовского,118,3,4.9349,5.6661,4.97,1.597,3.3305,True,False,"[29.491402, 46.832239]",7.2572,3,
Парканы,Парканы,улица Котовского,119,3,4.9152,5.6465,4.951,1.597,3.3109,True,False,"[29.491402, 46.832239]",7.2246,3,
Парканы,Парканы,улица Котовского,120,3,4.9523,5.6836,4.987,1.597,3.348,True,False,"[29.491402, 46.832239]",7.2864,3,
Парканы,Парканы,улица Котовского,121,3,4.9356,5.6669,4.971,1.597,3.3313,True,False,"[29.491402, 46.832239]",7.2586,3,
Парканы,Парканы,улица Котовского,122,3,4.969,5.7003,5.004,1.597,3.3647,True,False,"[29.491402, 46.832239]",7.3142,3,
Парканы,Парканы,улица Котовского,123,3,4.951,5.6823,4.986,1.597,3.3467,True,False,"[29.491402, 46.832239]",7.2842,3,
Парканы,Парканы,улица Котовского,124,3,4.9871,5.7184,5.023,1.597,3.3828,True,False,"[29.491402, 46.832239]",7.3444,3,
Парканы,Парканы,улица Котовского,125,3,4.9666,5.6979,5.002,1.597,3.3623,True,False,"[29.491402, 46.832239]",7.3102,3,
Парканы,Парканы,улица Котовского,125,3,4.981,5.7123,5.002,1.597,3.3766,True,False,"[29.491402, 46.832239]",7.3341,3,
Парканы,Парканы,улица Котовского,126,3,5.0034,5.7347,5.039,1.597,3.399,True,False,"[29.491402, 46.832239]",7.3714,3,
Парканы,Парканы,улица Котовского,127,3,4.9852,5.7165,5.021,1.597,3.3809,True,False,"[29.491402, 46.832239]",7.3412,3,
Парканы,Парканы,улица Котовского,128,3,5.0222,5.7535,5.058,1.597,3.4178,True,False,"[29.491402, 46.832239]",7.4027,3,
Парканы,Парканы,улица Котовского,129,3,5.0058,5.7371,5.041,1.597,3.4015,True,False,"[29.491402, 46.832239]",7.3756,3,
Парканы,Парканы,улица Котовского,130,3,5.0368,5.768,5.072,1.597,3.4324,True,False,"[29.491402, 46.832239]",7.4271,3,
Парканы,Парканы,улица Котовского,131,3,5.0252,5.7565,5.061,1.597,3.4208,True,False,"[29.491402, 46.832239]",7.4077,3,
Парканы,Парканы,улица Котовского,132,3,5.0508,5.7821,5.086,1.597,3.4465,True,False,"[29.491402, 46.832239]",7.4506,3,
Парканы,Парканы,улица Котовского,133,3,5.0437,5.775,5.079,1.597,3.4394,True,False,"[29.491402, 46.832239]",7.4387,3,
Парканы,Парканы,улица Котовского,134,3,5.0662,5.7975,5.101,1.597,3.4619,True,False,"[29.491402, 46.832239]",7.4762,3,
Парканы,Парканы,улица Котовского,135,3,5.0595,5.7908,5.095,1.597,3.4552,True,False,"[29.491402, 46.832239]",7.4651,3,
Парканы,Парканы,улица Котовского,136,3,5.083,5.8143,5.118,1.597,3.4786,True,False,"[29.491402, 46.832239]",7.5041,3,
Парканы,Парканы,улица Котовского,137,3,5.0738,5.8051,5.109,1.597,3.4695,True,False,"[29.491402, 46.832239]",7.4889,3,
Парканы,Парканы,улица Котовского,138,3,5.0997,5.831,5.136,1.597,3.4954,True,False,"[29.491402, 46.832239]",7.5321,3,
Парканы,Парканы,улица Котовского,139,3,5.0861,5.8174,5.122,1.597,3.4818,True,False,"[29.491402, 46.832239]",7.5094,3,
Парканы,Парканы,улица Котовского,140,3,5.117,5.8482,5.152,1.597,3.5126,True,False,"[29.491402, 46.832239]",7.5607,3,
Парканы,Парканы,улица Котовского,141,3,5.1065,5.8378,5.142,1.597,3.5021,True,False,"[29.491402, 46.832239]",7.5432,3,
Парканы,Парканы,улица Котовского,142,3,5.1374,5.8687,5.173,1.597,3.533,True,False,"[29.491402, 46.832239]",7.5947,3,
Парканы,Парканы,улица Котовского,143,3,5.1222,5.8535,5.157,1.597,3.5179,True,False,"[29.491402, 46.832239]",7.5696,3,
Парканы,Парканы,улица Котовского,144,3,5.1611,5.8924,5.197,1.597,3.5568,True,False,"[29.491402, 46.832239]",7.6344,3,
Парканы,Парканы,улица Котовского,145,3,5.1345,5.8658,5.17,1.597,3.5302,True,False,"[29.491402, 46.832239]",7.5901,3,
Парканы,Парканы,улица Котовского,146,3,5.1865,5.9178,5.222,1.597,3.5822,True,False,"[29.491402, 46.832239]",7.6767,3,
Парканы,Парканы,улица Котовского,147,3,5.1499,5.8812,5.185,1.597,3.5456,True,False,"[29.491402, 46.832239]",7.6157,3,
Парканы,Парканы,улица Котовского,148,3,5.2088,5.9401,5.244,1.597,3.6044,True,False,"[29.491402, 46.832239]",7.7137,3,
Парканы,Парканы,улица Котовского,149,3,5.1629,5.8942,5.199,1.597,3.5586,True,False,"[29.491402, 46.832239]",7.6374,3,
Парканы,Парканы,улица Котовского,150,3,5.2325,5.9638,5.268,1.597,3.6282,True,False,"[29.491402, 46.832239]",7.7534,3,
Парканы,Парканы,улица Котовского,151,3,5.179,5.9102,5.214,1.597,3.5746,True,False,"[29.491402, 46.832239]",7.6641,3,
Парканы,Парканы,улица Котовского,152,3,5.2616,5.9929,5.297,1.597,3.6572,True,False,"[29.491402, 46.832239]",7.8017,3,
Парканы,Парканы,улица Котовского,153,3,5.1946,5.9259,5.23,1.597,3.5903,True,False,"[29.491402, 46.832239]",7.6902,3,
Парканы,Парканы,улица Котовского,154,3,5.2858,6.0171,5.321,1.597,3.6814,True,False,"[29.491402, 46.832239]",7.8421,3,
Парканы,Парканы,улица Котовского,155,3,5.2106,5.9419,5.246,1.597,3.6062,True,False,"[29.491402, 46.832239]",7.7167,3,
Парканы,Парканы,улица Котовского,156,3,5.3094,6.0407,5.345,1.597,3.705,True,False,"[29.491402, 46.832239]",7.8814,3,
Парканы,Парканы,улица Котовского,157,3,5.2263,5.9576,5.261,1.597,3.6219,True,False,"[29.491402, 46.832239]",7.7429,3,
Парканы,Парканы,улица Котовского,158,3,5.3349,6.0662,5.37,1.597,3.7305,True,False,"[29.491402, 46.832239]",7.9239,3,
Парканы,Парканы,улица Котовского,159,3,5.2419,5.9732,5.277,1.597,3.6376,True,False,"[29.491402, 46.832239]",7.7691,3,
Парканы,Парканы,улица Котовского,160,3,5.3555,6.0868,5.391,1.597,3.7511,True,False,"[29.491402, 46.832239]",7.9582,3,
Парканы,Парканы,улица Котовского,161,3,5.2574,5.9886,5.293,1.597,3.653,True,False,"[29.491402, 46.832239]",7.7947,3,
Парканы,Парканы,улица Котовского,162,3,5.3756,6.1069,5.41,1.597,3.7712,True,False,"[29.491402, 46.832239]",7.9917,3,
Парканы,Парканы,улица Котовского,163,3,5.2748,6.0061,5.31,1.597,3.6704,True,False,"[29.491402, 46.832239]",7.8237,3,
Парканы,Парканы,улица Котовского,165,3,5.2902,6.0215,5.326,1.597,3.6859,True,False,"[29.491402, 46.832239]",7.8496,3,
Парканы,Парканы,улица Котовского,167,3,5.3085,6.0398,5.344,1.597,3.7041,True,False,"[29.491402, 46.832239]",7.8799,3,
Парканы,Парканы,улица Котовского,169,3,5.3323,6.0636,5.368,1.597,3.7279,True,False,"[29.491402, 46.832239]",7.9196,3,
Парканы,Парканы,улица Котовского,171,3,5.3516,6.0829,5.387,1.597,3.7472,True,False,"[29.491402, 46.832239]",7.9517,3,
Парканы,Парканы,улица Котовского,173,3,5.3707,6.102,5.406,1.597,3.7663,True,False,"[29.491402, 46.832239]",7.9836,3,
Парканы,Парканы,улица Котовского,175,3,5.3968,6.1281,5.432,1.597,3.7924,True,False,"[29.491402, 46.832239]",8.0271,3,
Парканы,Парканы,улица Ленина,1,2,3.1663,3.8976,3.202,1.597,1.5639,True,False,"[29.491402, 46.832239]",4.3129,2,
Парканы,Парканы,улица Ленина,3,2,3.1808,3.9121,3.217,1.597,1.5785,True,False,"[29.491402, 46.832239]",4.3372,2,
Парканы,Парканы,улица Ленина,4,2,3.231,3.9623,3.266,1.597,1.6286,True,False,"[29.491402, 46.832239]",4.4207,2,
Парканы,Парканы,улица Ленина,5,2,3.1997,3.931,3.235,1.597,1.5974,True,False,"[29.491402, 46.832239]",4.3687,2,
Парканы,Парканы,улица Ленина,6,2,3.2743,4.0056,3.309,1.597,1.6719,True,False,"[29.491402, 46.832239]",4.4929,2,
Парканы,Парканы,улица Ленина,7,2,3.2143,3.9455,3.249,1.597,1.6119,True,False,"[29.491402, 46.832239]",4.3929,2,
Парканы,Парканы,улица Ленина,8,2,3.2922,4.0235,3.327,1.597,1.6898,True,False,"[29.491402, 46.832239]",4.5227,2,
Парканы,Парканы,улица Ленина,9,2,3.2301,3.9614,3.266,1.597,1.6277,True,False,"[29.491402, 46.832239]",4.4192,2,
Парканы,Парканы,улица Ленина,10,2,3.2479,3.9792,3.283,1.597,1.6455,True,False,"[29.491402, 46.832239]",4.4489,2,
Парканы,Парканы,улица Ленина,10,2,3.315,4.0463,3.283,1.597,1.7126,True,False,"[29.491402, 46.832239]",4.5607,2,
Парканы,Парканы,улица Ленина,11,2,3.2668,3.9981,3.302,1.597,1.6644,True,False,"[29.491402, 46.832239]",4.4804,2,
Парканы,Парканы,улица Ленина,12,2,3.3342,4.0655,3.37,1.597,1.7318,True,False,"[29.491402, 46.832239]",4.5927,2,
Парканы,Парканы,улица Ленина,13,2,3.2817,4.013,3.317,1.597,1.6793,True,False,"[29.491402, 46.832239]",4.5052,2,
Парканы,Парканы,улица Ленина,14,2,3.3548,4.0861,3.39,1.597,1.7525,True,False,"[29.491402, 46.832239]",4.6272,2,
Парканы,Парканы,улица Ленина,15,2,3.2941,4.0254,3.33,1.597,1.6917,True,False,"[29.491402, 46.832239]",4.5259,2,
Парканы,Парканы,улица Ленина,16,2,3.3743,4.1056,3.41,1.597,1.772,True,False,"[29.491402, 46.832239]",4.6597,2,
Парканы,Парканы,улица Ленина,17,2,3.3076,4.0389,3.343,1.597,1.7052,True,False,"[29.491402, 46.832239]",4.5484,2,
Парканы,Парканы,улица Ленина,18,2,3.3943,4.1256,3.43,1.597,1.7919,True,False,"[29.491402, 46.832239]",4.6929,2,
Парканы,Парканы,улица Ленина,19,2,3.3222,4.0535,3.357,1.597,1.7198,True,False,"[29.491402, 46.832239]",4.5727,2,
Парканы,Парканы,улица Ленина,20,2,3.4207,4.1519,3.456,1.597,1.8183,True,False,"[29.491402, 46.832239]",4.7369,2,
Парканы,Парканы,улица Ленина,21,2,3.3333,4.0646,3.369,1.597,1.7309,True,False,"[29.491402, 46.832239]",4.5912,2,
Парканы,Парканы,улица Ленина,22,2,3.4409,4.1722,3.476,1.597,1.8386,True,False,"[29.491402, 46.832239]",4.7707,2,
Парканы,Парканы,улица Ленина,23,2,3.35,4.0813,3.386,1.597,1.7476,True,False,"[29.491402, 46.832239]",4.6191,2,
Парканы,Парканы,улица Ленина,24,2,3.4673,4.1986,3.503,1.597,1.865,True,False,"[29.491402, 46.832239]",4.8147,2,
Парканы,Парканы,улица Ленина,25,2,3.365,4.0963,3.401,1.597,1.7627,True,False,"[29.491402, 46.832239]",4.6442,2,
Парканы,Парканы,улица Ленина,26,2,3.4876,4.2189,3.523,1.597,1.8853,True,False,"[29.491402, 46.832239]",4.8486,2,
Парканы,Парканы,улица Ленина,28,2,3.5102,4.2415,3.546,1.597,1.9078,True,False,"[29.491402, 46.832239]",4.8861,2,
Парканы,Парканы,улица Ленина,29,2,3.3941,4.1254,3.429,1.597,1.7918,True,False,"[29.491402, 46.832239]",4.6927,2,
Парканы,Парканы,улица Ленина,30,2,3.5332,4.2644,3.569,1.597,1.9308,True,False,"[29.491402, 46.832239]",4.9244,2,
Парканы,Парканы,улица Ленина,31,2,3.4111,4.1424,3.446,1.597,1.8088,True,False,"[29.491402, 46.832239]",4.7211,2,
Парканы,Парканы,улица Ленина,32,2,3.5573,4.2886,3.592,1.597,1.9549,True,False,"[29.491402, 46.832239]",4.9646,2,
Парканы,Парканы,улица Ленина,33,2,3.427,4.1583,3.462,1.597,1.8246,True,False,"[29.491402, 46.832239]",4.7474,2,
Парканы,Парканы,улица Ленина,33,2,3.4392,4.1705,3.462,1.597,1.8369,True,False,"[29.491402, 46.832239]",4.7679,2,
Парканы,Парканы,улица Ленина,35,2,3.4509,4.1822,3.486,1.597,1.8486,True,False,"[29.491402, 46.832239]",4.7874,2,
Парканы,Парканы,улица Ленина,36,2,3.5797,4.311,3.615,1.597,1.9774,True,False,"[29.491402, 46.832239]",5.0021,2,
Парканы,Парканы,улица Ленина,38,2,3.6046,4.3359,3.64,1.597,2.0023,True,False,"[29.491402, 46.832239]",5.0436,2,
Парканы,Парканы,улица Ленина,39,2,3.4654,4.1967,3.501,1.597,1.863,True,False,"[29.491402, 46.832239]",4.8114,2,
Парканы,Парканы,улица Ленина,40,2,3.6258,4.3571,3.661,1.597,2.0235,True,False,"[29.491402, 46.832239]",5.0789,2,
Парканы,Парканы,улица Ленина,42,2,3.6446,4.3759,3.68,1.597,2.0422,True,False,"[29.491402, 46.832239]",5.1101,2,
Парканы,Парканы,улица Ленина,44,2,3.6624,4.3937,3.698,1.597,2.06,True,False,"[29.491402, 46.832239]",5.1397,2,
Парканы,Парканы,улица Ленина,45,2,3.5068,4.2381,3.542,1.597,1.9044,True,False,"[29.491402, 46.832239]",4.8804,2,
Парканы,Парканы,улица Ленина,46,2,3.7049,4.4362,3.741,1.597,2.1025,True,False,"[29.491402, 46.832239]",5.2106,2,
Парканы,Парканы,улица Ленина,47,2,3.5201,4.2514,3.555,1.597,1.9177,True,False,"[29.491402, 46.832239]",4.9026,2,
Парканы,Парканы,улица Ленина,48,2,3.7227,4.454,3.758,1.597,2.1203,True,False,"[29.491402, 46.832239]",5.2402,2,
Парканы,Парканы,улица Ленина,49,2,3.5378,4.2691,3.573,1.597,1.9355,True,False,"[29.491402, 46.832239]",4.9322,2,
Парканы,Парканы,улица Ленина,50,2,3.7431,4.4744,3.779,1.597,2.1407,True,False,"[29.491402, 46.832239]",5.2742,2,
Парканы,Парканы,улица Ленина,51,2,3.5514,4.2827,3.587,1.597,1.949,True,False,"[29.491402, 46.832239]",4.9547,2,
Парканы,Парканы,улица Ленина,52,2,3.7655,4.4968,3.801,1.597,2.1631,True,False,"[29.491402, 46.832239]",5.3116,2,
Парканы,Парканы,улица Ленина,53,2,3.5756,4.3069,3.611,1.597,1.9733,True,False,"[29.491402, 46.832239]",4.9952,2,
Парканы,Парканы,улица Ленина,54,2,3.7838,4.5151,3.82,1.597,2.1814,True,False,"[29.491402, 46.832239]",5.3421,2,
Парканы,Парканы,улица Ленина,55,2,3.7179,4.4492,3.753,1.597,2.1155,True,False,"[29.491402, 46.832239]",5.2322,2,
Парканы,Парканы,улица Ленина,55А,2,3.6777,4.409,3.713,1.597,2.0753,True,False,"[29.491402, 46.832239]",5.1652,2,
Парканы,Парканы,улица Ленина,56,2,3.7985,4.5297,3.834,1.597,2.1961,True,False,"[29.491402, 46.832239]",5.3666,2,
Парканы,Парканы,улица Ленина,57,2,3.7522,4.4835,3.788,1.597,2.1498,True,False,"[29.491402, 46.832239]",5.2894,2,
Парканы,Парканы,улица Ленина,58,2,3.8138,4.5451,3.849,1.597,2.2114,True,False,"[29.491402, 46.832239]",5.3921,2,
Парканы,Парканы,улица Ленина,59,2,3.7809,4.5122,3.816,1.597,2.1785,True,False,"[29.491402, 46.832239]",5.3372,2,
Парканы,Парканы,улица Ленина,60,2,3.831,4.5623,3.866,1.597,2.2286,True,False,"[29.491402, 46.832239]",5.4207,2,
Парканы,Парканы,улица Ленина,61,2,3.8,4.5313,3.836,1.597,2.1976,True,False,"[29.491402, 46.832239]",5.3691,2,
Парканы,Парканы,улица Ленина,62,2,3.8452,4.5765,3.881,1.597,2.2428,True,False,"[29.491402, 46.832239]",5.4444,2,
Парканы,Парканы,улица Ленина,63,2,3.823,4.5543,3.859,1.597,2.2206,True,False,"[29.491402, 46.832239]",5.4074,2,
Парканы,Парканы,улица Ленина,64,2,3.8609,4.5922,3.896,1.597,2.2585,True,False,"[29.491402, 46.832239]",5.4706,2,
Парканы,Парканы,улица Ленина,65,2,3.844,4.5753,3.88,1.597,2.2416,True,False,"[29.491402, 46.832239]",5.4424,2,
Парканы,Парканы,улица Ленина,66,2,3.8774,4.6086,3.913,1.597,2.2749,True,False,"[29.491402, 46.832239]",5.4979,2,
Парканы,Парканы,улица Ленина,67,2,3.8641,4.5954,3.9,1.597,2.2617,True,False,"[29.491402, 46.832239]",5.4759,2,
Парканы,Парканы,улица Ленина,68,2,3.8917,4.623,3.927,1.597,2.2893,True,False,"[29.491402, 46.832239]",5.5219,2,
Парканы,Парканы,улица Ленина,69,2,3.8891,4.6204,3.924,1.597,2.2867,True,False,"[29.491402, 46.832239]",5.5176,2,
Парканы,Парканы,улица Ленина,70,2,3.905,4.6363,3.94,1.597,2.3026,True,False,"[29.491402, 46.832239]",5.5441,2,
Парканы,Парканы,улица Ленина,71,2,3.9048,4.6361,3.941,1.597,2.3024,True,False,"[29.491402, 46.832239]",5.5437,2,
Парканы,Парканы,улица Ленина,72,2,3.9175,4.6488,3.953,1.597,2.3151,True,False,"[29.491402, 46.832239]",5.5649,2,
Парканы,Парканы,улица Ленина,73,2,3.9202,4.6515,3.956,1.597,2.3178,True,False,"[29.491402, 46.832239]",5.5694,2,
Парканы,Парканы,улица Ленина,74,2,3.9311,4.6624,3.966,1.597,2.3287,True,False,"[29.491402, 46.832239]",5.5876,2,
Парканы,Парканы,улица Ленина,75,2,3.9379,4.6692,3.973,1.597,2.3355,True,False,"[29.491402, 46.832239]",5.5989,2,
Парканы,Парканы,улица Ленина,76,2,3.9428,4.6741,3.978,1.597,2.3404,True,False,"[29.491402, 46.832239]",5.6071,2,
Парканы,Парканы,улица Ленина,77,2,3.9536,4.6849,3.989,1.597,2.3512,True,False,"[29.491402, 46.832239]",5.6251,2,
Парканы,Парканы,улица Ленина,78,2,3.9548,4.6861,3.99,1.597,2.3524,True,False,"[29.491402, 46.832239]",5.6271,2,
Парканы,Парканы,улица Ленина,79,2,3.9719,4.7032,4.007,1.597,2.3695,True,False,"[29.491402, 46.832239]",5.6556,2,
Парканы,Парканы,улица Ленина,80,2,3.9659,4.6972,4.002,1.597,2.3634,True,False,"[29.491402, 46.832239]",5.6454,2,
Парканы,Парканы,улица Ленина,81,2,3.9913,4.7226,4.027,1.597,2.3888,True,False,"[29.491402, 46.832239]",5.6877,2,
Парканы,Парканы,улица Ленина,82,2,3.9813,4.7126,4.017,1.597,2.3789,True,False,"[29.491402, 46.832239]",5.6712,2,
Парканы,Парканы,улица Ленина,83,2,4.0109,4.7422,4.046,1.597,2.4085,True,False,"[29.491402, 46.832239]",5.7206,2,
Парканы,Парканы,улица Ленина,83а,3,4.1368,4.8681,4.172,1.597,2.5343,True,False,"[29.491402, 46.832239]",5.9302,2,zone_move_3->2
Парканы,Парканы,улица Ленина,84,2,3.9959,4.7272,4.031,1.597,2.3935,True,False,"[29.491402, 46.832239]",5.6956,2,
Парканы,Парканы,улица Ленина,85,3,4.1321,4.8634,4.167,1.597,2.5296,True,False,"[29.491402, 46.832239]",5.9224,2,zone_move_3->2
Парканы,Парканы,улица Ленина,86,2,4.017,4.7483,4.053,1.597,2.4146,True,False,"[29.491402, 46.832239]",5.7307,2,
Парканы,Парканы,улица Ленина,86а,2,4.0306,4.7619,4.066,1.597,2.4282,True,False,"[29.491402, 46.832239]",5.7534,2,
Парканы,Парканы,улица Ленина,87,3,4.1465,4.8778,4.182,1.597,2.544,True,False,"[29.491402, 46.832239]",5.9464,2,zone_move_3->2
Парканы,Парканы,улица Ленина,88,3,4.0467,4.778,4.082,1.597,2.4442,True,False,"[29.491402, 46.832239]",5.7801,2,zone_move_3->2
Парканы,Парканы,улица Ленина,89,3,4.1649,4.8962,4.2,1.597,2.5625,True,False,"[29.491402, 46.832239]",5.9772,2,zone_move_3->2
Парканы,Парканы,улица Ленина,90,3,4.0608,4.7921,4.097,1.597,2.4584,True,False,"[29.491402, 46.832239]",5.8037,2,zone_move_3->2
Парканы,Парканы,улица Ленина,91,3,4.1837,4.915,4.219,1.597,2.5813,True,False,"[29.491402, 46.832239]",6.0086,2,zone_move_3->2
Парканы,Парканы,улица Ленина,92,3,4.0783,4.8096,4.114,1.597,2.4758,True,False,"[29.491402, 46.832239]",5.8327,2,zone_move_3->2
Парканы,Парканы,улица Ленина,93,3,4.2005,4.9318,4.236,1.597,2.598,True,False,"[29.491402, 46.832239]",6.0364,2,zone_move_3->2
Парканы,Парканы,улица Ленина,94,3,4.096,4.8273,4.131,1.597,2.4936,True,False,"[29.491402, 46.832239]",5.8624,2,zone_move_3->2
Парканы,Парканы,улица Ленина,95,3,4.2143,4.9455,4.25,1.597,2.6118,True,False,"[29.491402, 46.832239]",6.0594,2,zone_move_3->2
Парканы,Парканы,улица Ленина,96,3,4.1112,4.8425,4.147,1.597,2.5088,True,False,"[29.491402, 46.832239]",5.8877,2,zone_move_3->2
Парканы,Парканы,улица Ленина,97,3,4.2307,4.962,4.266,1.597,2.6282,True,False,"[29.491402, 46.832239]",6.0867,3,
Парканы,Парканы,улица Ленина,98,3,4.129,4.8603,4.164,1.597,2.5265,True,False,"[29.491402, 46.832239]",5.9172,2,zone_move_3->2
Парканы,Парканы,улица Ленина,99,3,4.2448,4.9761,4.28,1.597,2.6423,True,False,"[29.491402, 46.832239]",6.1102,3,
Парканы,Парканы,улица Ленина,100,3,4.148,4.8793,4.183,1.597,2.5456,True,False,"[29.491402, 46.832239]",5.9491,2,zone_move_3->2
Парканы,Парканы,улица Ленина,101,3,4.2617,4.993,4.297,1.597,2.6593,True,False,"[29.491402, 46.832239]",6.1386,3,
Парканы,Парканы,улица Ленина,102,3,4.1631,4.8944,4.199,1.597,2.5607,True,False,"[29.491402, 46.832239]",5.9742,2,zone_move_3->2
Парканы,Парканы,улица Ленина,104,3,4.1786,4.9099,4.214,1.597,2.5761,True,False,"[29.491402, 46.832239]",5.9999,2,zone_move_3->2
Парканы,Парканы,улица Ленина,105,3,4.3219,5.0532,4.357,1.597,2.7194,True,False,"[29.491402, 46.832239]",6.2387,3,
Парканы,Парканы,улица Ленина,106,3,4.1939,4.9252,4.229,1.597,2.5915,True,False,"[29.491402, 46.832239]",6.0256,2,zone_move_3->2
Парканы,Парканы,улица Ленина,107,3,4.3451,5.0764,4.38,1.597,2.7427,True,False,"[29.491402, 46.832239]",6.2776,3,
Парканы,Парканы,улица Ленина,108,3,4.2095,4.9408,4.245,1.597,2.607,True,False,"[29.491402, 46.832239]",6.0514,2,zone_move_3->2
Парканы,Парканы,улица Ленина,109,3,4.3742,5.1055,4.41,1.597,2.7717,True,False,"[29.491402, 46.832239]",6.3259,3,
Парканы,Парканы,улица Ленина,109,3,4.3954,5.1267,4.41,1.597,2.793,True,False,"[29.491402, 46.832239]",6.3614,3,
Парканы,Парканы,улица Ленина,110,3,4.227,4.9583,4.263,1.597,2.6245,True,False,"[29.491402, 46.832239]",6.0806,3,
Парканы,Парканы,улица Ленина,111,3,4.422,5.1533,4.458,1.597,2.8196,True,False,"[29.491402, 46.832239]",6.4057,3,
Парканы,Парканы,улица Ленина,112,3,4.2447,4.976,4.28,1.597,2.6422,True,False,"[29.491402, 46.832239]",6.1101,3,
Парканы,Парканы,улица Ленина,113,3,4.4747,5.206,4.51,1.597,2.8723,True,False,"[29.491402, 46.832239]",6.4936,3,
Парканы,Парканы,улица Ленина,114,3,4.2603,4.9916,4.295,1.597,2.6579,True,False,"[29.491402, 46.832239]",6.1362,3,
Парканы,Парканы,улица Ленина,115,3,4.6042,5.3354,4.64,1.597,3.0017,True,False,"[29.491402, 46.832239]",6.7092,3,
Парканы,Парканы,улица Ленина,116,3,4.2845,5.0158,4.32,1.597,2.682,True,False,"[29.491402, 46.832239]",6.1764,3,
Парканы,Парканы,улица Ленина,117,3,4.682,5.4133,4.717,1.597,3.0796,True,False,"[29.491402, 46.832239]",6.8391,3,
Парканы,Парканы,улица Ленина,118,3,4.3049,5.0361,4.34,1.597,2.7024,True,False,"[29.491402, 46.832239]",6.2104,3,
Парканы,Парканы,улица Ленина,119,3,4.6992,5.4305,4.735,1.597,3.0968,True,False,"[29.491402, 46.832239]",6.8677,3,
Парканы,Парканы,улица Ленина,120,3,4.3215,5.0528,4.357,1.597,2.7191,True,False,"[29.491402, 46.832239]",6.2382,3,
Парканы,Парканы,улица Ленина,121,3,4.713,5.4443,4.748,1.597,3.1106,True,False,"[29.491402, 46.832239]",6.8907,3,
Парканы,Парканы,улица Ленина,122,3,4.3393,5.0706,4.374,1.597,2.7369,True,False,"[29.491402, 46.832239]",6.2679,3,
Парканы,Парканы,улица Ленина,123,3,4.7275,5.4588,4.763,1.597,3.125,True,False,"[29.491402, 46.832239]",6.9147,3,
Парканы,Парканы,улица Ленина,124,3,4.355,5.0863,4.391,1.597,2.7526,True,False,"[29.491402, 46.832239]",6.2941,3,
Парканы,Парканы,улица Ленина,125,3,4.7458,5.4771,4.781,1.597,3.1433,True,False,"[29.491402, 46.832239]",6.9452,3,
Парканы,Парканы,улица Ленина,126,3,4.3706,5.1019,4.406,1.597,2.7682,True,False,"[29.491402, 46.832239]",6.3201,3,
Парканы,Парканы,улица Ленина,127,3,4.7599,5.4912,4.795,1.597,3.1574,True,False,"[29.491402, 46.832239]",6.9687,3,
Парканы,Парканы,улица Ленина,128,3,4.3863,5.1176,4.422,1.597,2.7838,True,False,"[29.491402, 46.832239]",6.3461,3,
Парканы,Парканы,улица Ленина,129,3,4.7755,5.5068,4.811,1.597,3.173,True,False,"[29.491402, 46.832239]",6.9947,3,
Парканы,Парканы,улица Ленина,130,3,4.4097,5.1409,4.445,1.597,2.8072,True,False,"[29.491402, 46.832239]",6.3851,3,
Парканы,Парканы,улица Ленина,131,3,4.7935,5.5248,4.829,1.597,3.191,True,False,"[29.491402, 46.832239]",7.0247,3,
Парканы,Парканы,улица Ленина,132,3,4.4296,5.1609,4.465,1.597,2.8271,True,False,"[29.491402, 46.832239]",6.4182,3,
Парканы,Парканы,улица Ленина,133,3,5.078,5.8093,5.113,1.597,3.4753,True,False,"[29.491402, 46.832239]",7.4986,3,
Парканы,Парканы,улица Ленина,133а,3,5.0283,5.7596,5.064,1.597,3.4257,True,False,"[29.491402, 46.832239]",7.4159,3,
Парканы,Парканы,улица Ленина,134,3,4.4486,5.1799,4.484,1.597,2.8462,True,False,"[29.491402, 46.832239]",6.4501,3,
Парканы,Парканы,улица Ленина,136,3,4.4646,5.1959,4.5,1.597,2.8622,True,False,"[29.491402, 46.832239]",6.4767,3,
Парканы,Парканы,улица Ленина,138,3,4.4858,5.2171,4.521,1.597,2.8833,True,False,"[29.491402, 46.832239]",6.5119,3,
Парканы,Парканы,улица Ленина,140,3,4.5056,5.2369,4.541,1.597,2.9032,True,False,"[29.491402, 46.832239]",6.5451,3,
Парканы,Парканы,улица Ленина,142,3,4.5179,5.2492,4.554,1.597,2.9155,True,False,"[29.491402, 46.832239]",6.5656,3,
Парканы,Парканы,улица Ленина,144,3,4.5336,5.2649,4.569,1.597,2.9312,True,False,"[29.491402, 46.832239]",6.5917,3,
Парканы,Парканы,улица Ленина,146,3,4.5485,5.2798,4.583,1.597,2.9461,True,False,"[29.491402, 46.832239]",6.6166,3,
Парканы,Парканы,улица Ленина,148,3,4.5619,5.2932,4.597,1.597,2.9594,True,False,"[29.491402, 46.832239]",6.6387,3,
Парканы,Парканы,улица Ленина,150,3,4.582,5.3132,4.617,1.597,2.9795,True,False,"[29.491402, 46.832239]",6.6722,3,
Парканы,Парканы,улица Ленина,152,3,4.5981,5.3294,4.634,1.597,2.9957,True,False,"[29.491402, 46.832239]",6.6992,3,
Парканы,Парканы,улица Ленина,154,3,4.6186,5.3499,4.654,1.597,3.0161,True,False,"[29.491402, 46.832239]",6.7332,3,
Парканы,Парканы,улица Ленина,156,3,4.6455,5.3768,4.681,1.597,3.043,True,False,"[29.491402, 46.832239]",6.7781,3,
Парканы,Парканы,улица Ленина,158,3,4.67,5.4012,4.705,1.597,3.0675,True,False,"[29.491402, 46.832239]",6.8189,3,
Парканы,Парканы,улица Ленина,160,3,4.7516,5.4829,4.787,1.597,3.149,True,False,"[29.491402, 46.832239]",6.9547,3,
Парканы,Парканы,улица Ленина,200,4,5.8682,6.5995,5.903,1.597,4.2654,True,False,"[29.491402, 46.832239]",8.8154,4,
Парканы,Парканы,улица Маяковского,1,3,5.3963,6.1276,5.432,1.597,3.7921,True,False,"[29.491402, 46.832239]",8.0266,3,
Парканы,Парканы,улица Маяковского,3,3,5.4432,6.1744,5.479,1.597,3.8388,True,False,"[29.491402, 46.832239]",8.1044,3,
Парканы,Парканы,улица Маяковского,4,3,5.328,6.0593,5.363,1.597,3.724,True,False,"[29.491402, 46.832239]",7.9131,3,
Парканы,Парканы,улица Маяковского,6,3,5.3428,6.0741,5.378,1.597,3.7387,True,False,"[29.491402, 46.832239]",7.9376,3,
Парканы,Парканы,улица Маяковского,8,3,5.3594,6.0907,5.395,1.597,3.7553,True,False,"[29.491402, 46.832239]",7.9652,3,
Парканы,Парканы,улица Маяковского,10,3,5.3739,6.1052,5.409,1.597,3.7697,True,False,"[29.491402, 46.832239]",7.9892,3,
Парканы,Парканы,улица Маяковского,14,3,5.389,6.1203,5.424,1.597,3.7848,True,False,"[29.491402, 46.832239]",8.0144,3,
Парканы,Парканы,улица Маяковского,16,3,5.4063,6.1376,5.442,1.597,3.8021,True,False,"[29.491402, 46.832239]",8.0432,3,
Парканы,Парканы,улица Маяковского,18,3,5.4247,6.156,5.46,1.597,3.8205,True,False,"[29.491402, 46.832239]",8.0739,3,
Парканы,Парканы,улица Маяковского,20,3,5.4446,6.1759,5.48,1.597,3.8403,True,False,"[29.491402, 46.832239]",8.1069,3,
Парканы,Парканы,улица Маяковского,22,3,5.4677,6.199,5.503,1.597,3.8634,True,False,"[29.491402, 46.832239]",8.1454,3,
Парканы,Парканы,улица Маяковского,24,3,5.4922,6.2235,5.528,1.597,3.8878,True,False,"[29.491402, 46.832239]",8.1861,3,
Парканы,Парканы,улица Маяковского,26,3,5.51,6.2412,5.545,1.597,3.9055,True,False,"[29.491402, 46.832239]",8.2156,3,
Парканы,Парканы,улица Маяковского,28,4,5.5495,6.2808,5.585,1.597,3.9449,True,False,"[29.491402, 46.832239]",8.2812,3,zone_move_4->3
Парканы,Парканы,улица Маяковского,30,4,5.5644,6.2957,5.6,1.597,3.9598,True,False,"[29.491402, 46.832239]",8.3061,3,zone_move_4->3
Парканы,Парканы,улица Маяковского,32,4,5.5787,6.31,5.614,1.597,3.9741,True,False,"[29.491402, 46.832239]",8.3299,3,zone_move_4->3
Парканы,Парканы,улица Маяковского,34,4,5.5921,6.3234,5.628,1.597,3.9874,True,False,"[29.491402, 46.832239]",8.3521,3,zone_move_4->3
Парканы,Парканы,улица Маяковского,36,4,5.606,6.3373,5.641,1.597,4.0012,True,False,"[29.491402, 46.832239]",8.3751,3,zone_move_4->3
Парканы,Парканы,улица Маяковского,38,4,5.6201,6.3514,5.655,1.597,4.0153,True,False,"[29.491402, 46.832239]",8.3986,4,
Парканы,Парканы,улица Маяковского,40,4,5.6345,6.3658,5.67,1.597,4.0297,True,False,"[29.491402, 46.832239]",8.4226,4,
Парканы,Парканы,улица Маяковского,42,4,5.6506,6.3819,5.686,1.597,4.0457,True,False,"[29.491402, 46.832239]",8.4492,4,
Парканы,Парканы,улица Маяковского,46,4,5.6656,6.3969,5.701,1.597,4.0607,True,False,"[29.491402, 46.832239]",8.4742,4,
Парканы,Парканы,улица Маяковского,48,4,5.6839,6.4152,5.719,1.597,4.0789,True,False,"[29.491402, 46.832239]",8.5046,4,
Парканы,Парканы,улица Маяковского,165,3,5.5399,6.2712,5.576,1.597,3.9353,True,False,"[29.491402, 46.832239]",8.2652,3,
Парканы,Парканы,улица Маяковского,168,3,5.5084,6.2397,5.544,1.597,3.904,True,False,"[29.491402, 46.832239]",8.2131,3,
Парканы,Парканы,улица Маяковского,185,4,5.6907,6.422,5.726,1.597,4.0857,True,False,"[29.491402, 46.832239]",8.5159,4,
Парканы,Парканы,улица Маяковского,198,4,5.6542,6.3855,5.69,1.597,4.0493,True,False,"[29.491402, 46.832239]",8.4552,4,
Парканы,Парканы,улица Мичурина,2,3,4.801,5.5323,4.837,1.597,3.1969,True,False,"[29.491402, 46.832239]",7.0346,3,
Парканы,Парканы,улица Мичурина,3,3,4.815,5.5463,4.851,1.597,3.211,True,False,"[29.491402, 46.832239]",7.0581,3,
Парканы,Парканы,улица Мичурина,4,3,4.8373,5.5686,4.873,1.597,3.2333,True,False,"[29.491402, 46.832239]",7.0952,3,
Парканы,Парканы,улица Мичурина,5,3,4.8295,5.5608,4.865,1.597,3.2254,True,False,"[29.491402, 46.832239]",7.0821,3,
Парканы,Парканы,улица Мичурина,6,3,4.873,5.6042,4.908,1.597,3.2689,True,False,"[29.491402, 46.832239]",7.1546,3,
Парканы,Парканы,улица Мичурина,7,3,4.8471,5.5784,4.882,1.597,3.2431,True,False,"[29.491402, 46.832239]",7.1116,3,
Парканы,Парканы,улица Мичурина,8,3,4.8817,5.6129,4.917,1.597,3.2776,True,False,"[29.491402, 46.832239]",7.1691,3,
Парканы,Парканы,улица Мичурина,9,3,4.8654,5.5967,4.901,1.597,3.2613,True,False,"[29.491402, 46.832239]",7.1419,3,
Парканы,Парканы,улица Мичурина,10,3,4.9003,5.6316,4.935,1.597,3.2962,True,False,"[29.491402, 46.832239]",7.2001,3,
Парканы,Парканы,улица Мичурина,11,3,4.8791,5.6104,4.915,1.597,3.275,True,False,"[29.491402, 46.832239]",7.1647,3,
Парканы,Парканы,улица Мичурина,12,3,4.9233,5.6546,4.959,1.597,3.3192,True,False,"[29.491402, 46.832239]",7.2384,3,
Парканы,Парканы,улица Мичурина,13,3,4.8953,5.6266,4.931,1.597,3.2912,True,False,"[29.491402, 46.832239]",7.1917,3,
Парканы,Парканы,улица Мичурина,14,3,4.939,5.6703,4.974,1.597,3.3349,True,False,"[29.491402, 46.832239]",7.2646,3,
Парканы,Парканы,улица Мичурина,15,3,4.9123,5.6436,4.947,1.597,3.3082,True,False,"[29.491402, 46.832239]",7.2201,3,
Парканы,Парканы,улица Мичурина,16,3,4.952,5.6833,4.987,1.597,3.3479,True,False,"[29.491402, 46.832239]",7.2862,3,
Парканы,Парканы,улица Мичурина,17,3,4.9293,5.6606,4.965,1.597,3.3252,True,False,"[29.491402, 46.832239]",7.2484,3,
Парканы,Парканы,улица Мичурина,18,3,4.967,5.6983,5.002,1.597,3.3629,True,False,"[29.491402, 46.832239]",7.3112,3,
Парканы,Парканы,улица Мичурина,19,3,4.9506,5.6819,4.986,1.597,3.3465,True,False,"[29.491402, 46.832239]",7.2839,3,
Парканы,Парканы,улица Мичурина,20,3,4.9952,5.7265,5.03,1.597,3.3911,True,False,"[29.491402, 46.832239]",7.3582,3,
Парканы,Парканы,улица Мичурина,21,3,4.9692,5.7005,5.004,1.597,3.3651,True,False,"[29.491402, 46.832239]",7.3149,3,
Парканы,Парканы,улица Мичурина,22,3,5.0202,5.7514,5.056,1.597,3.416,True,False,"[29.491402, 46.832239]",7.3997,3,
Парканы,Парканы,улица Мичурина,23,3,4.9905,5.7218,5.026,1.597,3.3864,True,False,"[29.491402, 46.832239]",7.3504,3,
Парканы,Парканы,улица Мичурина,24,3,5.3733,6.1046,5.408,1.597,3.7686,True,False,"[29.491402, 46.832239]",7.9874,3,
Парканы,Парканы,улица Мичурина,25,3,5.0076,5.7389,5.043,1.597,3.4035,True,False,"[29.491402, 46.832239]",7.3789,3,
Парканы,Парканы,улица Мичурина,26,3,5.3593,6.0906,5.394,1.597,3.7547,True,False,"[29.491402, 46.832239]",7.9642,3,
Парканы,Парканы,улица Мичурина,27,3,5.0223,5.7535,5.058,1.597,3.4181,True,False,"[29.491402, 46.832239]",7.4032,3,
Парканы,Парканы,улица Мичурина,28,3,5.3307,6.062,5.366,1.597,3.726,True,False,"[29.491402, 46.832239]",7.9164,3,
Парканы,Парканы,улица Мичурина,29,3,5.3572,6.0885,5.393,1.597,3.7526,True,False,"[29.491402, 46.832239]",7.9607,3,
Парканы,Парканы,улица Мичурина,29,3,5.3725,6.1038,5.393,1.597,3.7679,True,False,"[29.491402, 46.832239]",7.9862,3,
Парканы,Парканы,улица Мичурина,30,3,5.3009,6.0322,5.336,1.597,3.6963,True,False,"[29.491402, 46.832239]",7.8669,3,
Парканы,Парканы,улица Мичурина,30а,3,5.3156,6.0469,5.351,1.597,3.711,True,False,"[29.491402, 46.832239]",7.8914,3,
Парканы,Парканы,улица Мичурина,31,3,5.3422,6.0735,5.378,1.597,3.7376,True,False,"[29.491402, 46.832239]",7.9357,3,
Парканы,Парканы,улица Мичурина,32,3,5.2837,6.0149,5.319,1.597,3.6791,True,False,"[29.491402, 46.832239]",7.8382,3,
Парканы,Парканы,улица Мичурина,33,3,5.3237,6.055,5.359,1.597,3.7191,True,False,"[29.491402, 46.832239]",7.9049,3,
Парканы,Парканы,улица Мичурина,34,3,5.2623,5.9935,5.297,1.597,3.6577,True,False,"[29.491402, 46.832239]",7.8026,3,
Парканы,Парканы,улица Мичурина,35,3,5.3021,6.0334,5.337,1.597,3.6974,True,False,"[29.491402, 46.832239]",7.8687,3,
Парканы,Парканы,улица Мичурина,37,3,5.2864,6.0177,5.322,1.597,3.6818,True,False,"[29.491402, 46.832239]",7.8427,3,
Парканы,Парканы,улица Мичурина,38,3,5.2595,5.9907,5.295,1.597,3.6549,True,False,"[29.491402, 46.832239]",7.7979,3,
Парканы,Парканы,улица Мичурина,39,3,5.2715,6.0027,5.307,1.597,3.6669,True,False,"[29.491402, 46.832239]",7.8179,3,
Парканы,Парканы,улица Мичурина,40,3,5.2912,6.0225,5.327,1.597,3.6866,True,False,"[29.491402, 46.832239]",7.8507,3,
Парканы,Парканы,улица Мичурина,41,3,5.227,5.9583,5.262,1.597,3.6224,True,False,"[29.491402, 46.832239]",7.7437,3,
Парканы,Парканы,улица Мичурина,42,3,5.3184,6.0497,5.354,1.597,3.7137,True,False,"[29.491402, 46.832239]",7.8959,3,
Парканы,Парканы,улица Мичурина,43,3,5.2576,5.9889,5.293,1.597,3.653,True,False,"[29.491402, 46.832239]",7.7947,3,
Парканы,Парканы,улица Мичурина,44,3,5.3453,6.0766,5.381,1.597,3.7406,True,False,"[29.491402, 46.832239]",7.9407,3,
Парканы,Парканы,улица Мичурина,46,3,5.3738,6.1051,5.409,1.597,3.7691,True,False,"[29.491402, 46.832239]",7.9882,3,
Парканы,Парканы,улица Мичурина,47,3,5.2879,6.0192,5.323,1.597,3.6833,True,False,"[29.491402, 46.832239]",7.8452,3,
Парканы,Парканы,улица Мичурина,48,3,5.3973,6.1286,5.433,1.597,3.7927,True,False,"[29.491402, 46.832239]",8.0276,3,
Парканы,Парканы,улица Мичурина,49,3,5.311,6.0423,5.346,1.597,3.7064,True,False,"[29.491402, 46.832239]",7.8837,3,
Парканы,Парканы,улица Мичурина,50,3,5.4237,6.155,5.459,1.597,3.819,True,False,"[29.491402, 46.832239]",8.0714,3,
Парканы,Парканы,улица Мичурина,51,3,5.3397,6.071,5.375,1.597,3.7351,True,False,"[29.491402, 46.832239]",7.9316,3,
Парканы,Парканы,улица Мичурина,52,3,5.4525,6.1838,5.488,1.597,3.8478,True,False,"[29.491402, 46.832239]",8.1194,3,
Парканы,Парканы,улица Мичурина,53,3,5.3672,6.0985,5.402,1.597,3.7625,True,False,"[29.491402, 46.832239]",7.9772,3,
Парканы,Парканы,улица Мичурина,54,3,5.4734,6.2047,5.509,1.597,3.8687,True,False,"[29.491402, 46.832239]",8.1542,3,
Парканы,Парканы,улица Мичурина,55,3,5.3919,6.1232,5.427,1.597,3.7872,True,False,"[29.491402, 46.832239]",8.0184,3,
Парканы,Парканы,улица Мичурина,56,3,5.493,6.2243,5.529,1.597,3.8883,True,False,"[29.491402, 46.832239]",8.1869,3,
Парканы,Парканы,улица Мичурина,57,3,5.4165,6.1478,5.452,1.597,3.8118,True,False,"[29.491402, 46.832239]",8.0594,3,
Парканы,Парканы,улица Мичурина,58,3,5.5101,6.2414,5.545,1.597,3.9054,True,False,"[29.491402, 46.832239]",8.2154,3,
Парканы,Парканы,улица Мичурина,59,3,5.4485,6.1797,5.484,1.597,3.8437,True,False,"[29.491402, 46.832239]",8.1126,3,
Парканы,Парканы,улица Мичурина,60,3,5.53,6.2613,5.566,1.597,3.9253,True,False,"[29.491402, 46.832239]",8.2486,3,
Парканы,Парканы,улица Мичурина,61,3,5.4705,6.2017,5.506,1.597,3.8658,True,False,"[29.491402, 46.832239]",8.1494,3,
Парканы,Парканы,улица Мичурина,62,4,5.5494,6.2807,5.585,1.597,3.9447,True,False,"[29.491402, 46.832239]",8.2809,3,zone_move_4->3
Парканы,Парканы,улица Мичурина,63,3,5.4914,6.2227,5.527,1.597,3.8867,True,False,"[29.491402, 46.832239]",8.1842,3,
Парканы,Парканы,улица Мичурина,64,4,5.5659,6.2972,5.601,1.597,3.9612,True,False,"[29.491402, 46.832239]",8.3084,3,zone_move_4->3
Парканы,Парканы,улица Мичурина,65,3,5.538,6.2693,5.573,1.597,3.9333,True,False,"[29.491402, 46.832239]",8.2619,3,
Парканы,Парканы,улица Мичурина,66,4,5.5856,6.3169,5.621,1.597,3.9808,True,False,"[29.491402, 46.832239]",8.3411,3,zone_move_4->3
Парканы,Парканы,улица Мичурина,67,3,5.5369,6.2682,5.573,1.597,3.9322,True,False,"[29.491402, 46.832239]",8.2601,3,
Парканы,Парканы,улица Мичурина,68,4,5.6059,6.3372,5.641,1.597,4.0012,True,False,"[29.491402, 46.832239]",8.3751,3,zone_move_4->3
Парканы,Парканы,улица Мичурина,69,4,5.5576,6.2888,5.593,1.597,3.9528,True,False,"[29.491402, 46.832239]",8.2944,3,zone_move_4->3
Парканы,Парканы,улица Мичурина,70,4,5.6226,6.3539,5.658,1.597,4.0178,True,False,"[29.491402, 46.832239]",8.4027,4,
Парканы,Парканы,улица Мичурина,71,4,5.5778,6.3091,5.613,1.597,3.973,True,False,"[29.491402, 46.832239]",8.3281,3,zone_move_4->3
Парканы,Парканы,улица Мичурина,72,4,5.6425,6.3738,5.677,1.597,4.0378,True,False,"[29.491402, 46.832239]",8.4361,4,
Парканы,Парканы,улица Мичурина,73,4,5.5962,6.3275,5.631,1.597,3.9914,True,False,"[29.491402, 46.832239]",8.3587,3,zone_move_4->3
Парканы,Парканы,улица Мичурина,74,4,5.6589,6.3902,5.694,1.597,4.0541,True,False,"[29.491402, 46.832239]",8.4632,4,
Парканы,Парканы,улица Мичурина,75,4,5.6139,6.3452,5.649,1.597,4.0091,True,False,"[29.491402, 46.832239]",8.3882,4,
Парканы,Парканы,улица Мичурина,76,4,5.9477,6.679,5.983,1.597,4.343,True,False,"[29.491402, 46.832239]",8.9447,4,
Парканы,Парканы,улица Мичурина,77,4,5.6287,6.36,5.664,1.597,4.024,True,False,"[29.491402, 46.832239]",8.4131,4,
Парканы,Парканы,улица Мичурина,78,4,5.9288,6.6601,5.964,1.597,4.3241,True,False,"[29.491402, 46.832239]",8.9132,4,
Парканы,Парканы,улица Мичурина,78,4,5.955,6.6863,5.964,1.597,4.3503,True,False,"[29.491402, 46.832239]",8.9569,4,
Парканы,Парканы,улица Мичурина,79,4,5.6487,6.38,5.684,1.597,4.0439,True,False,"[29.491402, 46.832239]",8.4462,4,
Парканы,Парканы,улица Мичурина,80,4,5.9056,6.6369,5.941,1.597,4.3009,True,False,"[29.491402, 46.832239]",8.8746,4,
Парканы,Парканы,улица Мичурина,81,4,5.9525,6.6838,5.988,1.597,4.3478,True,False,"[29.491402, 46.832239]",8.9527,4,
Парканы,Парканы,улица Мичурина,82,4,5.8856,6.6168,5.921,1.597,4.2809,True,False,"[29.491402, 46.832239]",8.8412,4,
Парканы,Парканы,улица Мичурина,83,4,5.9347,6.666,5.97,1.597,4.33,True,False,"[29.491402, 46.832239]",8.9231,4,
Парканы,Парканы,улица Мичурина,83,4,5.9409,6.6722,5.97,1.597,4.3362,True,False,"[29.491402, 46.832239]",8.9334,4,
Парканы,Парканы,улица Мичурина,84,4,5.8636,6.5948,5.899,1.597,4.2589,True,False,"[29.491402, 46.832239]",8.8046,4,
Парканы,Парканы,улица Мичурина,85,4,5.918,6.6493,5.953,1.597,4.3133,True,False,"[29.491402, 46.832239]",8.8952,4,
Парканы,Парканы,улица Мичурина,86,4,5.8462,6.5775,5.882,1.597,4.2415,True,False,"[29.491402, 46.832239]",8.7756,4,
Парканы,Парканы,улица Мичурина,87,4,5.902,6.6333,5.938,1.597,4.2973,True,False,"[29.491402, 46.832239]",8.8686,4,
Парканы,Парканы,улица Мичурина,88,4,5.8322,6.5634,5.868,1.597,4.2275,True,False,"[29.491402, 46.832239]",8.7522,4,
Парканы,Парканы,улица Мичурина,89,4,5.8847,6.616,5.92,1.597,4.28,True,False,"[29.491402, 46.832239]",8.8397,4,
Парканы,Парканы,улица Мичурина,90,4,5.8351,6.5664,5.87,1.597,4.2304,True,False,"[29.491402, 46.832239]",8.7571,4,
Парканы,Парканы,улица Мичурина,91,4,5.866,6.5973,5.902,1.597,4.2613,True,False,"[29.491402, 46.832239]",8.8086,4,
Парканы,Парканы,улица Мичурина,93,4,5.8473,6.5786,5.883,1.597,4.2426,True,False,"[29.491402, 46.832239]",8.7774,4,
Парканы,Парканы,улица Мичурина,95,4,5.7926,6.5238,5.828,1.597,4.1879,True,False,"[29.491402, 46.832239]",8.6862,4,
Парканы,Парканы,улица Мичурина,97,4,5.7963,6.5276,5.832,1.597,4.1917,True,False,"[29.491402, 46.832239]",8.6926,4,
Парканы,Парканы,улица Мичурина,99,4,5.8366,6.5679,5.872,1.597,4.2319,True,False,"[29.491402, 46.832239]",8.7596,4,
Парканы,Парканы,улица Мичурина,100,4,5.8818,6.6131,5.917,1.597,4.2772,True,False,"[29.491402, 46.832239]",8.8351,4,
Парканы,Парканы,улица Мичурина,101,4,5.8541,6.5854,5.89,1.597,4.2494,True,False,"[29.491402, 46.832239]",8.7887,4,
Парканы,Парканы,улица Мичурина,102,4,5.9015,6.6328,5.937,1.597,4.2969,True,False,"[29.491402, 46.832239]",8.8679,4,
Парканы,Парканы,улица Мичурина,103,4,5.8684,6.5997,5.868,1.597,4.2637,True,False,"[29.491402, 46.832239]",8.8126,4,
Парканы,Парканы,улица Мичурина,103,4,5.8996,6.6309,5.868,1.597,4.2949,True,False,"[29.491402, 46.832239]",8.8646,4,
Парканы,Парканы,улица Мичурина,103,4,5.8325,6.5637,5.868,1.597,4.2278,True,False,"[29.491402, 46.832239]",8.7527,4,
Парканы,Парканы,улица Мичурина,104,4,5.9223,6.6536,5.958,1.597,4.3176,True,False,"[29.491402, 46.832239]",8.9024,4,
Парканы,Парканы,улица Мичурина,104,4,6.0115,6.7428,5.958,1.597,4.4068,True,False,"[29.491402, 46.832239]",9.0511,4,
Парканы,Парканы,улица Мичурина,105,4,5.8849,6.6161,5.92,1.597,4.2802,True,False,"[29.491402, 46.832239]",8.8401,4,
Парканы,Парканы,улица Мичурина,105,4,5.913,6.6443,5.92,1.597,4.3083,True,False,"[29.491402, 46.832239]",8.8869,4,
Парканы,Парканы,улица Мичурина,106,4,5.9426,6.6739,5.978,1.597,4.338,True,False,"[29.491402, 46.832239]",8.9364,4,
Парканы,Парканы,улица Мичурина,106,4,6.285,7.0163,5.978,1.597,4.6804,True,False,"[29.491402, 46.832239]",9.5071,4,
Парканы,Парканы,улица Мичурина,107,4,5.9305,6.6618,5.966,1.597,4.3258,True,False,"[29.491402, 46.832239]",8.9161,4,
Парканы,Парканы,улица Мичурина,108,4,5.9629,6.6942,5.999,1.597,4.3582,True,False,"[29.491402, 46.832239]",8.9701,4,
Парканы,Парканы,улица Мичурина,108,4,6.2624,6.9937,5.999,1.597,4.6578,True,False,"[29.491402, 46.832239]",9.4694,4,
Парканы,Парканы,улица Мичурина,109,4,5.9491,6.6804,5.984,1.597,4.3444,True,False,"[29.491402, 46.832239]",8.9471,4,
Парканы,Парканы,улица Мичурина,110,4,6.2376,6.9689,6.019,1.597,4.633,True,False,"[29.491402, 46.832239]",9.4281,4,
Парканы,Парканы,улица Мичурина,110,4,5.9836,6.7149,6.019,1.597,4.3789,True,False,"[29.491402, 46.832239]",9.0046,4,
Парканы,Парканы,улица Мичурина,111,4,5.9663,6.6976,6.001,1.597,4.3616,True,False,"[29.491402, 46.832239]",8.9757,4,
Парканы,Парканы,улица Мичурина,113,4,5.9869,6.7181,6.022,1.597,4.3822,True,False,"[29.491402, 46.832239]",9.0101,4,
Парканы,Парканы,улица Мичурина,114,4,6.1987,6.93,6.234,1.597,4.594,True,False,"[29.491402, 46.832239]",9.3631,4,
Парканы,Парканы,улица Мичурина,116,4,6.1775,6.9088,6.214,1.597,4.5729,True,False,"[29.491402, 46.832239]",9.3279,4,
Парканы,Парканы,улица Мичурина,118,4,6.1946,6.9259,6.23,1.597,4.59,True,False,"[29.491402, 46.832239]",9.3564,4,
Парканы,Парканы,улица Мичурина,120,4,6.2222,6.9535,6.253,1.597,4.6176,True,False,"[29.491402, 46.832239]",9.4024,4,
Парканы,Парканы,улица Мичурина,120,4,6.2176,6.9488,6.253,1.597,4.6129,True,False,"[29.491402, 46.832239]",9.3946,4,
Парканы,Парканы,улица Мичурина,121,4,6.0105,6.7418,6.046,1.597,4.4058,True,False,"[29.491402, 46.832239]",9.0494,4,
Парканы,Парканы,улица Мичурина,122,4,6.2459,6.9772,6.208,1.597,4.6413,True,False,"[29.491402, 46.832239]",9.4419,4,
Парканы,Парканы,улица Мичурина,122,4,6.1728,6.9041,6.208,1.597,4.5682,True,False,"[29.491402, 46.832239]",9.3201,4,
Парканы,Парканы,улица Мичурина,123,4,6.0378,6.7691,6.074,1.597,4.4331,True,False,"[29.491402, 46.832239]",9.0949,4,
Парканы,Парканы,улица Мичурина,124,4,6.2687,7.0,6.304,1.597,4.6641,True,False,"[29.491402, 46.832239]",9.4799,4,
Парканы,Парканы,улица Мичурина,125,4,6.2667,6.998,6.302,1.597,4.6621,True,False,"[29.491402, 46.832239]",9.4766,4,
Парканы,Парканы,улица Мичурина,126,4,6.3099,7.0412,6.345,1.597,4.7052,True,False,"[29.491402, 46.832239]",9.5484,4,
Парканы,Парканы,улица Мичурина,127,4,6.2422,6.9735,6.278,1.597,4.6376,True,False,"[29.491402, 46.832239]",9.4357,4,
Парканы,Парканы,улица Мичурина,128,4,6.3186,7.0498,6.354,1.597,4.714,True,False,"[29.491402, 46.832239]",9.5631,4,
Парканы,Парканы,улица Мичурина,129,4,6.2061,6.9374,6.242,1.597,4.6015,True,False,"[29.491402, 46.832239]",9.3756,4,
Парканы,Парканы,улица Мичурина,130,4,6.3352,7.0664,6.371,1.597,4.7306,True,False,"[29.491402, 46.832239]",9.5907,4,
Парканы,Парканы,улица Мичурина,131,4,6.1559,6.8872,6.191,1.597,4.5513,True,False,"[29.491402, 46.832239]",9.2919,4,
Парканы,Парканы,улица Мичурина,132,4,6.3577,7.089,6.393,1.597,4.7531,True,False,"[29.491402, 46.832239]",9.6282,4,
Парканы,Парканы,улица Мичурина,133,4,6.2052,6.9365,6.241,1.597,4.6006,True,False,"[29.491402, 46.832239]",9.3741,4,
Парканы,Парканы,улица Мичурина,134,4,6.3779,7.1092,6.414,1.597,4.7733,True,False,"[29.491402, 46.832239]",9.6619,4,
Парканы,Парканы,улица Мичурина,135,4,6.224,6.9553,6.26,1.597,4.6194,True,False,"[29.491402, 46.832239]",9.4054,4,
Парканы,Парканы,улица Мичурина,136,4,6.3971,7.1284,6.433,1.597,4.7925,True,False,"[29.491402, 46.832239]",9.6939,4,
Парканы,Парканы,улица Мичурина,137,4,6.2457,6.977,6.281,1.597,4.6411,True,False,"[29.491402, 46.832239]",9.4416,4,
Парканы,Парканы,улица Мичурина,138,4,6.4161,7.1474,6.452,1.597,4.8115,True,False,"[29.491402, 46.832239]",9.7256,4,
Парканы,Парканы,улица Мичурина,139,4,6.265,6.9963,6.3,1.597,4.6604,True,False,"[29.491402, 46.832239]",9.4737,4,
Парканы,Парканы,улица Мичурина,140,4,6.44,7.1713,6.415,1.597,4.8354,True,False,"[29.491402, 46.832239]",9.7654,4,
Парканы,Парканы,улица Мичурина,140,4,6.3798,7.1111,6.415,1.597,4.7753,True,False,"[29.491402, 46.832239]",9.6652,4,
Парканы,Парканы,улица Мичурина,141,4,6.2795,7.0108,6.315,1.597,4.6749,True,False,"[29.491402, 46.832239]",9.4979,4,
Парканы,Парканы,улица Мичурина,142,4,6.4655,7.1968,6.501,1.597,4.8609,True,False,"[29.491402, 46.832239]",9.8079,4,
Парканы,Парканы,улица Мичурина,143,4,6.2963,7.0276,6.332,1.597,4.6917,True,False,"[29.491402, 46.832239]",9.5259,4,
Парканы,Парканы,улица Мичурина,144,4,6.4921,7.2234,6.528,1.597,4.8876,True,False,"[29.491402, 46.832239]",9.8524,4,
Парканы,Парканы,улица Мичурина,145,4,6.3084,7.0397,6.344,1.597,4.7038,True,False,"[29.491402, 46.832239]",9.5461,4,
Парканы,Парканы,улица Мичурина,145а,4,6.325,7.0563,6.361,1.597,4.7204,True,False,"[29.491402, 46.832239]",9.5737,4,
Парканы,Парканы,улица Мичурина,146,4,6.5226,7.2539,6.558,1.597,4.918,True,False,"[29.491402, 46.832239]",9.9031,4,
Парканы,Парканы,улица Мичурина,147,4,6.3404,7.0717,6.376,1.597,4.7358,True,False,"[29.491402, 46.832239]",9.5994,4,
Парканы,Парканы,улица Мичурина,148,4,6.5429,7.2742,6.579,1.597,4.9384,True,False,"[29.491402, 46.832239]",9.9371,4,
Парканы,Парканы,улица Мичурина,149,4,6.3605,7.0918,6.396,1.597,4.7559,True,False,"[29.491402, 46.832239]",9.6329,4,
Парканы,Парканы,улица Мичурина,150,4,6.5675,7.2987,6.603,1.597,4.9629,True,False,"[29.491402, 46.832239]",9.9779,4,
Парканы,Парканы,улица Мичурина,151,4,6.38,7.1112,6.416,1.597,4.7754,True,False,"[29.491402, 46.832239]",9.6654,4,
Парканы,Парканы,улица Мичурина,153,4,6.399,7.1303,6.434,1.597,4.7945,True,False,"[29.491402, 46.832239]",9.6972,4,
Парканы,Парканы,улица Мичурина,154,4,6.6327,7.364,6.668,1.597,5.0281,True,False,"[29.491402, 46.832239]",10.0866,4,
Парканы,Парканы,улица Мичурина,155,4,6.4193,7.1505,6.455,1.597,4.8147,True,False,"[29.491402, 46.832239]",9.7309,4,
Парканы,Парканы,улица Мичурина,156,4,6.6502,7.3815,6.685,1.597,5.0457,True,False,"[29.491402, 46.832239]",10.1159,4,
Парканы,Парканы,улица Мичурина,156а,4,6.6669,7.3982,6.702,1.597,5.0624,True,False,"[29.491402, 46.832239]",10.1437,4,
Парканы,Парканы,улица Мичурина,157,4,6.4428,7.1741,6.478,1.597,4.8383,True,False,"[29.491402, 46.832239]",9.7702,4,
Парканы,Парканы,улица Мичурина,158,4,6.6827,7.414,6.718,1.597,5.0781,True,False,"[29.491402, 46.832239]",10.1699,4,
Парканы,Парканы,улица Мичурина,159,4,6.4815,7.2127,6.443,1.597,4.8769,True,False,"[29.491402, 46.832239]",9.8346,4,
Парканы,Парканы,улица Мичурина,159,4,6.4072,7.1385,6.443,1.597,4.8026,True,False,"[29.491402, 46.832239]",9.7107,4,
Парканы,Парканы,улица Мичурина,160,4,6.7027,7.434,6.739,1.597,5.0982,True,False,"[29.491402, 46.832239]",10.2034,4,
Парканы,Парканы,улица Мичурина,161,4,6.5104,7.2417,6.545,1.597,4.9059,True,False,"[29.491402, 46.832239]",9.8829,4,
Парканы,Парканы,улица Мичурина,162,4,7.2127,7.944,7.248,1.597,5.6082,True,False,"[29.491402, 46.832239]",11.0534,4,
Парканы,Парканы,улица Мичурина,163,4,6.5464,7.2777,6.582,1.597,4.9419,True,False,"[29.491402, 46.832239]",9.9429,4,
Парканы,Парканы,улица Мичурина,164,4,7.1958,7.9271,7.231,1.597,5.5913,True,False,"[29.491402, 46.832239]",11.0252,4,
Парканы,Парканы,улица Мичурина,165,4,6.5654,7.2967,6.601,1.597,4.9609,True,False,"[29.491402, 46.832239]",9.9746,4,
Парканы,Парканы,улица Мичурина,166,4,7.1759,7.9072,7.212,1.597,5.5714,True,False,"[29.491402, 46.832239]",10.9921,4,
Парканы,Парканы,улица Мичурина,167,4,6.5868,7.3181,6.622,1.597,4.9823,True,False,"[29.491402, 46.832239]",10.0102,4,
Парканы,Парканы,улица Мичурина,168,4,7.1552,7.8865,7.191,1.597,5.5507,True,False,"[29.491402, 46.832239]",10.9576,4,
Парканы,Парканы,улица Мичурина,169,4,6.6116,7.3429,6.647,1.597,5.0071,True,False,"[29.491402, 46.832239]",10.0516,4,
Парканы,Парканы,улица Мичурина,170,4,7.137,7.8683,7.172,1.597,5.5325,True,False,"[29.491402, 46.832239]",10.9272,4,
Парканы,Парканы,улица Мичурина,171,4,6.6295,7.3608,6.665,1.597,5.025,True,False,"[29.491402, 46.832239]",10.0814,4,
Парканы,Парканы,улица Мичурина,171а,4,6.649,7.3803,6.684,1.597,5.0445,True,False,"[29.491402, 46.832239]",10.1139,4,
Парканы,Парканы,улица Мичурина,172,4,7.1131,7.8444,7.149,1.597,5.5086,True,False,"[29.491402, 46.832239]",10.8874,4,
Парканы,Парканы,улица Мичурина,173,4,6.6681,7.3994,6.704,1.597,5.0636,True,False,"[29.491402, 46.832239]",10.1457,4,
Парканы,Парканы,улица Мичурина,174,4,7.0871,7.8184,7.122,1.597,5.4826,True,False,"[29.491402, 46.832239]",10.8441,4,
Парканы,Парканы,улица Мичурина,175,4,6.6884,7.4197,6.69,1.597,5.0839,True,False,"[29.491402, 46.832239]",10.1796,4,
Парканы,Парканы,улица Мичурина,175,4,6.6545,7.3858,6.69,1.597,5.05,True,False,"[29.491402, 46.832239]",10.1231,4,
Парканы,Парканы,улица Мичурина,176,4,7.0658,7.7971,7.101,1.597,5.4613,True,False,"[29.491402, 46.832239]",10.8086,4,
Парканы,Парканы,улица Мичурина,177,4,6.713,7.4443,6.748,1.597,5.1084,True,False,"[29.491402, 46.832239]",10.2204,4,
Парканы,Парканы,улица Мичурина,178,4,7.0444,7.7757,7.08,1.597,5.4399,True,False,"[29.491402, 46.832239]",10.7729,4,
Парканы,Парканы,улица Мичурина,179,4,7.2018,7.9331,7.237,1.597,5.5973,True,False,"[29.491402, 46.832239]",11.0352,4,
Парканы,Парканы,улица Мичурина,180,4,7.0035,7.7348,7.039,1.597,5.3989,True,False,"[29.491402, 46.832239]",10.7046,4,
Парканы,Парканы,улица Мичурина,181,4,7.1837,7.915,7.219,1.597,5.5792,True,False,"[29.491402, 46.832239]",11.0051,4,
Парканы,Парканы,улица Мичурина,183,4,7.1642,7.8955,7.199,1.597,5.5597,True,False,"[29.491402, 46.832239]",10.9726,4,
Парканы,Парканы,улица Мичурина,185,4,7.1447,7.876,7.181,1.597,5.5402,True,False,"[29.491402, 46.832239]",10.9401,4,
Парканы,Парканы,улица Мичурина,187,4,7.1258,7.857,7.161,1.597,5.5212,True,False,"[29.491402, 46.832239]",10.9084,4,
Парканы,Парканы,улица Мичурина,188,4,7.0268,7.7581,7.062,1.597,5.4223,True,False,"[29.491402, 46.832239]",10.7436,4,
Парканы,Парканы,улица Мичурина,189,4,7.1076,7.8389,7.143,1.597,5.503,True,False,"[29.491402, 46.832239]",10.8781,4,
Парканы,Парканы,улица Мичурина,191,4,7.0884,7.8197,7.123,1.597,5.4838,True,False,"[29.491402, 46.832239]",10.8461,4,
Парканы,Парканы,улица Мичурина,193,4,7.0647,7.796,7.1,1.597,5.4601,True,False,"[29.491402, 46.832239]",10.8066,4,
Парканы,Парканы,улица Мичурина,195,4,7.0468,7.7781,7.082,1.597,5.4423,True,False,"[29.491402, 46.832239]",10.7769,4,
Парканы,Парканы,улица Мичурина,197,4,7.0245,7.7558,7.06,1.597,5.4199,True,False,"[29.491402, 46.832239]",10.7396,4,
Парканы,Парканы,улица Мичурина,199,4,7.0054,7.7367,7.041,1.597,5.4008,True,False,"[29.491402, 46.832239]",10.7077,4,
Парканы,Парканы,улица Мичурина,201,4,6.9641,7.6954,6.999,1.597,5.3596,True,False,"[29.491402, 46.832239]",10.6391,4,
Парканы,Парканы,улица Петра Николаева,1,3,4.1703,4.9016,4.205,1.597,2.5677,True,False,"[29.491402, 46.832239]",5.9859,2,zone_move_3->2
Парканы,Парканы,улица Петра Николаева,2,3,4.1665,4.8978,4.202,1.597,2.564,True,False,"[29.491402, 46.832239]",5.9797,2,zone_move_3->2
Парканы,Парканы,улица Петра Николаева,3,3,4.1909,4.9222,4.226,1.597,2.5883,True,False,"[29.491402, 46.832239]",6.0202,2,zone_move_3->2
Парканы,Парканы,улица Петра Николаева,4,3,4.1832,4.9145,4.218,1.597,2.5806,True,False,"[29.491402, 46.832239]",6.0074,2,zone_move_3->2
Парканы,Парканы,улица Петра Николаева,5,3,4.2138,4.9451,4.25,1.597,2.6112,True,False,"[29.491402, 46.832239]",6.0584,2,zone_move_3->2
Парканы,Парканы,улица Петра Николаева,6,3,4.1989,4.9302,4.235,1.597,2.5963,True,False,"[29.491402, 46.832239]",6.0336,2,zone_move_3->2
Парканы,Парканы,улица Петра Николаева,7,3,4.2368,4.968,4.272,1.597,2.6341,True,False,"[29.491402, 46.832239]",6.0966,3,
Парканы,Парканы,улица Петра Николаева,8,3,4.2128,4.9441,4.248,1.597,2.6102,True,False,"[29.491402, 46.832239]",6.0567,2,zone_move_3->2
Парканы,Парканы,улица Петра Николаева,9,3,4.2641,4.9954,4.299,1.597,2.6615,True,False,"[29.491402, 46.832239]",6.1422,3,
Парканы,Парканы,улица Петра Николаева,10,3,4.229,4.9603,4.265,1.597,2.6264,True,False,"[29.491402, 46.832239]",6.0837,3,
Парканы,Парканы,улица Петра Николаева,11,3,4.2854,5.0167,4.32,1.597,2.6827,True,False,"[29.491402, 46.832239]",6.1776,3,
Парканы,Парканы,улица Петра Николаева,12,3,4.2452,4.9765,4.281,1.597,2.6426,True,False,"[29.491402, 46.832239]",6.1107,3,
Парканы,Парканы,улица Петра Николаева,13,3,4.3051,5.0364,4.34,1.597,2.7024,True,False,"[29.491402, 46.832239]",6.2104,3,
Парканы,Парканы,улица Петра Николаева,14,3,4.2623,4.9935,4.297,1.597,2.6596,True,False,"[29.491402, 46.832239]",6.1391,3,
Парканы,Парканы,улица Петра Николаева,15,3,4.3294,5.0607,4.365,1.597,2.7268,True,False,"[29.491402, 46.832239]",6.2511,3,
Парканы,Парканы,улица Петра Николаева,16,3,4.275,5.0062,4.31,1.597,2.6723,True,False,"[29.491402, 46.832239]",6.1602,3,
Парканы,Парканы,улица Петра Николаева,17,3,4.3542,5.0855,4.39,1.597,2.7515,True,False,"[29.491402, 46.832239]",6.2922,3,
Парканы,Парканы,улица Петра Николаева,18,3,4.295,5.0263,4.33,1.597,2.6923,True,False,"[29.491402, 46.832239]",6.1936,3,
Парканы,Парканы,улица Петра Николаева,19,3,4.3744,5.1057,4.41,1.597,2.7717,True,False,"[29.491402, 46.832239]",6.3259,3,
Парканы,Парканы,улица Петра Николаева,20,3,4.3113,5.0426,4.347,1.597,2.7086,True,False,"[29.491402, 46.832239]",6.2207,3,
Парканы,Парканы,улица Петра Николаева,21,3,4.3981,5.1294,4.434,1.597,2.7954,True,False,"[29.491402, 46.832239]",6.3654,3,
Парканы,Парканы,улица Петра Николаева,22,3,4.3343,5.0656,4.37,1.597,2.7316,True,False,"[29.491402, 46.832239]",6.2591,3,
Парканы,Парканы,улица Петра Николаева,23,3,4.4218,5.1531,4.457,1.597,2.8191,True,False,"[29.491402, 46.832239]",6.4049,3,
Парканы,Парканы,улица Петра Николаева,24,3,4.3626,5.0939,4.398,1.597,2.7599,True,False,"[29.491402, 46.832239]",6.3062,3,
Парканы,Парканы,улица Петра Николаева,25,3,5.3075,6.0387,5.342,1.597,3.7029,True,False,"[29.491402, 46.832239]",7.8779,3,
Парканы,Парканы,улица Петра Николаева,26,3,4.3849,5.1162,4.42,1.597,2.7822,True,False,"[29.491402, 46.832239]",6.3434,3,
Парканы,Парканы,улица Петра Николаева,27,3,5.2844,6.0157,5.32,1.597,3.6799,True,False,"[29.491402, 46.832239]",7.8396,3,
Парканы,Парканы,улица Петра Николаева,28,3,4.4076,5.1389,4.443,1.597,2.8049,True,False,"[29.491402, 46.832239]",6.3812,3,
Парканы,Парканы,улица Петра Николаева,29,3,5.2627,5.994,5.298,1.597,3.6582,True,False,"[29.491402, 46.832239]",7.8034,3,
Парканы,Парканы,улица Петра Николаева,30,3,4.4283,5.1596,4.464,1.597,2.8256,True,False,"[29.491402, 46.832239]",6.4157,3,
Парканы,Парканы,улица Петра Николаева,31,3,5.2337,5.9649,5.269,1.597,3.6291,True,False,"[29.491402, 46.832239]",7.7549,3,
Парканы,Парканы,улица Петра Николаева,32,3,5.2996,6.0309,5.335,1.597,3.695,True,False,"[29.491402, 46.832239]",7.8647,3,
Парканы,Парканы,улица Петра Николаева,33,3,5.2026,5.9339,5.238,1.597,3.5981,True,False,"[29.491402, 46.832239]",7.7032,3,
Парканы,Парканы,улица Петра Николаева,34,3,5.2757,6.007,5.311,1.597,3.6712,True,False,"[29.491402, 46.832239]",7.8251,3,
Парканы,Парканы,улица Петра Николаева,35,3,5.1809,5.9122,5.216,1.597,3.5764,True,False,"[29.491402, 46.832239]",7.6671,3,
Парканы,Парканы,улица Петра Николаева,36,3,5.2458,5.9771,5.282,1.597,3.6412,True,False,"[29.491402, 46.832239]",7.7751,3,
Парканы,Парканы,улица Петра Николаева,37,3,5.1726,5.9039,5.208,1.597,3.5681,True,False,"[29.491402, 46.832239]",7.6532,3,
Парканы,Парканы,улица Петра Николаева,38,3,5.2219,5.9532,5.258,1.597,3.6174,True,False,"[29.491402, 46.832239]",7.7354,3,
Парканы,Парканы,улица Петра Николаева,39,3,5.1822,5.9134,5.218,1.597,3.5777,True,False,"[29.491402, 46.832239]",7.6692,3,
Парканы,Парканы,улица Петра Николаева,40,3,5.2002,5.9315,5.236,1.597,3.5957,True,False,"[29.491402, 46.832239]",7.6992,3,
Парканы,Парканы,улица Петра Николаева,41,3,5.1989,5.9301,5.234,1.597,3.5944,True,False,"[29.491402, 46.832239]",7.6971,3,
Парканы,Парканы,улица Петра Николаева,42,3,5.1768,5.9081,5.213,1.597,3.5723,True,False,"[29.491402, 46.832239]",7.6602,3,
Парканы,Парканы,улица Петра Николаева,43,3,5.2145,5.9458,5.25,1.597,3.61,True,False,"[29.491402, 46.832239]",7.7231,3,
Парканы,Парканы,улица Петра Николаева,44,3,5.1432,5.8745,5.179,1.597,3.5387,True,False,"[29.491402, 46.832239]",7.6042,3,
Парканы,Парканы,улица Петра Николаева,45,3,5.2291,5.9604,5.265,1.597,3.6246,True,False,"[29.491402, 46.832239]",7.7474,3,
Парканы,Парканы,улица Петра Николаева,46,3,5.1862,5.9175,5.221,1.597,3.5817,True,False,"[29.491402, 46.832239]",7.6759,3,
Парканы,Парканы,улица Петра Николаева,47,3,5.2438,5.9751,5.279,1.597,3.6393,True,False,"[29.491402, 46.832239]",7.7719,3,
Парканы,Парканы,улица Петра Николаева,48,3,5.2218,5.953,5.257,1.597,3.6172,True,False,"[29.491402, 46.832239]",7.7351,3,
Парканы,Парканы,улица Петра Николаева,49,3,5.2601,5.9914,5.295,1.597,3.6556,True,False,"[29.491402, 46.832239]",7.7991,3,
Парканы,Парканы,улица Петра Николаева,50,3,5.2535,5.9848,5.289,1.597,3.649,True,False,"[29.491402, 46.832239]",7.7881,3,
Парканы,Парканы,улица Петра Николаева,51,3,5.2804,6.0117,5.316,1.597,3.6759,True,False,"[29.491402, 46.832239]",7.8329,3,
Парканы,Парканы,улица Петра Николаева,52,3,5.2871,6.0184,5.323,1.597,3.6826,True,False,"[29.491402, 46.832239]",7.8441,3,
Парканы,Парканы,улица Петра Николаева,53,3,5.2935,6.0247,5.329,1.597,3.6889,True,False,"[29.491402, 46.832239]",7.8546,3,
Парканы,Парканы,улица Петра Николаева,54,3,5.3138,6.045,5.349,1.597,3.7092,True,False,"[29.491402, 46.832239]",7.8884,3,
Парканы,Парканы,улица Петра Николаева,55,3,5.3108,6.0421,5.346,1.597,3.7063,True,False,"[29.491402, 46.832239]",7.8836,3,
Парканы,Парканы,улица Петра Николаева,56,3,5.3341,6.0654,5.37,1.597,3.7295,True,False,"[29.491402, 46.832239]",7.9222,3,
Парканы,Парканы,улица Петра Николаева,57,3,5.3264,6.0577,5.362,1.597,3.7219,True,False,"[29.491402, 46.832239]",7.9096,3,
Парканы,Парканы,улица Петра Николаева,58,3,5.3584,6.0897,5.393,1.597,3.7539,True,False,"[29.491402, 46.832239]",7.9629,3,
Парканы,Парканы,улица Петра Николаева,59,3,5.3424,6.0737,5.378,1.597,3.7379,True,False,"[29.491402, 46.832239]",7.9362,3,
Парканы,Парканы,улица Петра Николаева,60,3,5.3824,6.1137,5.418,1.597,3.7778,True,False,"[29.491402, 46.832239]",8.0027,3,
Парканы,Парканы,улица Петра Николаева,61,3,5.3584,6.0897,5.394,1.597,3.7539,True,False,"[29.491402, 46.832239]",7.9629,3,
Парканы,Парканы,улица Петра Николаева,62,3,5.4065,6.1378,5.442,1.597,3.8019,True,False,"[29.491402, 46.832239]",8.0429,3,
Парканы,Парканы,улица Петра Николаева,63,3,5.3728,6.1041,5.408,1.597,3.7682,True,False,"[29.491402, 46.832239]",7.9867,3,
Парканы,Парканы,улица Петра Николаева,64,3,5.4331,6.1644,5.469,1.597,3.8285,True,False,"[29.491402, 46.832239]",8.0872,3,
Парканы,Парканы,улица Петра Николаева,65,3,5.3877,6.119,5.423,1.597,3.7831,True,False,"[29.491402, 46.832239]",8.0116,3,
Парканы,Парканы,улица Петра Николаева,66,3,5.4584,6.1897,5.494,1.597,3.8538,True,False,"[29.491402, 46.832239]",8.1294,3,
Парканы,Парканы,улица Петра Николаева,67,3,5.4025,6.1338,5.438,1.597,3.7979,True,False,"[29.491402, 46.832239]",8.0362,3,
Парканы,Парканы,улица Петра Николаева,68,3,5.4814,6.2127,5.517,1.597,3.8768,True,False,"[29.491402, 46.832239]",8.1677,3,
Парканы,Парканы,улица Петра Николаева,69,3,5.4194,6.1507,5.454,1.597,3.8148,True,False,"[29.491402, 46.832239]",8.0644,3,
Парканы,Парканы,улица Петра Николаева,70,3,5.5031,6.2344,5.538,1.597,3.8985,True,False,"[29.491402, 46.832239]",8.2039,3,
Парканы,Парканы,улица Петра Николаева,71,3,5.4348,6.1661,5.47,1.597,3.8302,True,False,"[29.491402, 46.832239]",8.0901,3,
Парканы,Парканы,улица Петра Николаева,72,3,5.5263,6.2576,5.562,1.597,3.9217,True,False,"[29.491402, 46.832239]",8.2426,3,
Парканы,Парканы,улица Петра Николаева,73,3,5.4524,6.1837,5.488,1.597,3.8478,True,False,"[29.491402, 46.832239]",8.1194,3,
Парканы,Парканы,улица Петра Николаева,74,4,5.5481,6.2794,5.584,1.597,3.9435,True,False,"[29.491402, 46.832239]",8.2789,3,zone_move_4->3
Парканы,Парканы,улица Петра Николаева,75,3,5.4661,6.1974,5.501,1.597,3.8615,True,False,"[29.491402, 46.832239]",8.1422,3,
Парканы,Парканы,улица Петра Николаева,76,4,5.5678,6.2991,5.603,1.597,3.9632,True,False,"[29.491402, 46.832239]",8.3117,3,zone_move_4->3
Парканы,Парканы,улица Петра Николаева,77,3,5.4824,6.2137,5.517,1.597,3.8778,True,False,"[29.491402, 46.832239]",8.1694,3,
Парканы,Парканы,улица Петра Николаева,78,4,5.9221,6.6534,5.958,1.597,4.3177,True,False,"[29.491402, 46.832239]",8.9026,4,
Парканы,Парканы,улица Петра Николаева,79,3,5.5011,6.2324,5.537,1.597,3.8965,True,False,"[29.491402, 46.832239]",8.2006,3,
Парканы,Парканы,улица Петра Николаева,80,4,5.9002,6.6314,5.935,1.597,4.2957,True,False,"[29.491402, 46.832239]",8.8659,4,
Парканы,Парканы,улица Петра Николаева,81,3,5.5154,6.2467,5.551,1.597,3.9108,True,False,"[29.491402, 46.832239]",8.2244,3,
Парканы,Парканы,улица Петра Николаева,82,4,5.8787,6.61,5.914,1.597,4.2743,True,False,"[29.491402, 46.832239]",8.8302,4,
Парканы,Парканы,улица Петра Николаева,83,3,5.5339,6.2652,5.569,1.597,3.9292,True,False,"[29.491402, 46.832239]",8.2551,3,
Парканы,Парканы,улица Петра Николаева,84,4,5.8574,6.5887,5.893,1.597,4.253,True,False,"[29.491402, 46.832239]",8.7947,4,
Парканы,Парканы,улица Петра Николаева,85,4,5.5532,6.2845,5.589,1.597,3.9486,True,False,"[29.491402, 46.832239]",8.2874,3,zone_move_4->3
Парканы,Парканы,улица Петра Николаева,86,4,5.836,6.5673,5.872,1.597,4.2315,True,False,"[29.491402, 46.832239]",8.7589,4,
Парканы,Парканы,улица Петра Николаева,87,4,5.9376,6.6689,5.609,1.597,4.3332,True,False,"[29.491402, 46.832239]",8.9284,4,
Парканы,Парканы,улица Петра Николаева,87,4,5.8781,6.6094,5.609,1.597,4.2736,True,False,"[29.491402, 46.832239]",8.8291,4,
Парканы,Парканы,улица Петра Николаева,88,4,5.8128,6.5441,5.848,1.597,4.2083,True,False,"[29.491402, 46.832239]",8.7202,4,
Парканы,Парканы,улица Петра Николаева,89,4,5.9204,6.6517,5.956,1.597,4.316,True,False,"[29.491402, 46.832239]",8.8997,4,
Парканы,Парканы,улица Петра Николаева,90,4,5.7871,6.5183,5.822,1.597,4.1826,True,False,"[29.491402, 46.832239]",8.6774,4,
Парканы,Парканы,улица Петра Николаева,91,4,5.9002,6.6314,5.936,1.597,4.2957,True,False,"[29.491402, 46.832239]",8.8659,4,
Парканы,Парканы,улица Петра Николаева,92,4,5.7675,6.4988,5.803,1.597,4.163,True,False,"[29.491402, 46.832239]",8.6447,4,
Парканы,Парканы,улица Петра Николаева,93,4,5.8842,6.6155,5.919,1.597,4.2797,True,False,"[29.491402, 46.832239]",8.8392,4,
Парканы,Парканы,улица Петра Николаева,94,4,5.7414,6.4727,5.777,1.597,4.1369,True,False,"[29.491402, 46.832239]",8.6012,4,
Парканы,Парканы,улица Петра Николаева,96,4,5.7233,6.4546,5.759,1.597,4.1188,True,False,"[29.491402, 46.832239]",8.5711,4,
Парканы,Парканы,улица Петра Николаева,98,4,5.7229,6.4542,5.706,1.597,4.1184,True,False,"[29.491402, 46.832239]",8.5704,4,
Парканы,Парканы,улица Петра Николаева,98,4,5.6706,6.4019,5.706,1.597,4.0661,True,False,"[29.491402, 46.832239]",8.4832,4,
Парканы,Парканы,улица Петра Николаева,100,4,5.7545,6.4858,5.79,1.597,4.15,True,False,"[29.491402, 46.832239]",8.6231,4,
Парканы,Парканы,улица Петра Николаева,102,4,5.7914,6.5226,5.822,1.597,4.1869,True,False,"[29.491402, 46.832239]",8.6846,4,
Парканы,Парканы,улица Петра Николаева,102,4,5.7867,6.518,5.822,1.597,4.1822,True,False,"[29.491402, 46.832239]",8.6767,4,
Парканы,Парканы,улица Петра Николаева,103а,3,5.215,5.9463,5.251,1.597,3.6108,True,False,"[29.491402, 46.832239]",7.7244,3,
Парканы,Парканы,улица Петра Николаева,104,4,5.8256,6.5569,5.86,1.597,4.2211,True,False,"[29.491402, 46.832239]",8.7416,4,
Парканы,Парканы,улица Петра Николаева,106,4,5.865,6.5963,5.9,1.597,4.2606,True,False,"[29.491402, 46.832239]",8.8074,4,
Парканы,Парканы,улица Петра Николаева,108,4,5.9039,6.6352,5.939,1.597,4.2994,True,False,"[29.491402, 46.832239]",8.8721,4,
Парканы,Парканы,улица Петра Николаева,110,4,5.9425,6.6738,5.955,1.597,4.338,True,False,"[29.491402, 46.832239]",8.9364,4,
Парканы,Парканы,улица Петра Николаева,110,4,5.9203,6.6516,5.955,1.597,4.3158,True,False,"[29.491402, 46.832239]",8.8994,4,
Парканы,Парканы,улица Петра Николаева,112,4,5.9725,6.7038,5.986,1.597,4.368,True,False,"[29.491402, 46.832239]",8.9864,4,
Парканы,Парканы,улица Петра Николаева,112,4,5.9506,6.6819,5.986,1.597,4.3461,True,False,"[29.491402, 46.832239]",8.9499,4,
Парканы,Парканы,улица Петра Николаева,114,4,6.0054,6.7367,6.013,1.597,4.401,True,False,"[29.491402, 46.832239]",9.0414,4,
Парканы,Парканы,улица Петра Николаева,114,4,5.9784,6.7097,6.013,1.597,4.3739,True,False,"[29.491402, 46.832239]",8.9962,4,
Парканы,Парканы,улица Петра Николаева,116,4,6.2061,6.9374,6.045,1.597,4.6016,True,False,"[29.491402, 46.832239]",9.3757,4,
Парканы,Парканы,улица Петра Николаева,116,4,6.0104,6.7416,6.045,1.597,4.4059,True,False,"[29.491402, 46.832239]",9.0496,4,
Парканы,Парканы,улица Петра Николаева,118,4,6.1713,6.9026,6.207,1.597,4.5668,True,False,"[29.491402, 46.832239]",9.3177,4,
Парканы,Парканы,улица Петра Николаева,118,4,6.1978,6.929,6.207,1.597,4.5933,True,False,"[29.491402, 46.832239]",9.3619,4,
Парканы,Парканы,улица Петра Николаева,120,4,6.1384,6.8697,6.133,1.597,4.5339,True,False,"[29.491402, 46.832239]",9.2629,4,
Парканы,Парканы,улица Петра Николаева,120,4,6.0973,6.8286,6.133,1.597,4.4928,True,False,"[29.491402, 46.832239]",9.1944,4,
Парканы,Парканы,улица Петра Николаева,122,4,6.1359,6.8672,6.171,1.597,4.5314,True,False,"[29.491402, 46.832239]",9.2587,4,
Парканы,Парканы,улица Петра Николаева,124,4,6.1541,6.8854,6.19,1.597,4.5496,True,False,"[29.491402, 46.832239]",9.2891,4,
Парканы,Парканы,улица Петра Николаева,125а,3,5.4641,6.1954,5.5,1.597,3.8599,True,False,"[29.491402, 46.832239]",8.1396,3,
Парканы,Парканы,улица Петра Николаева,126,4,6.1733,6.9045,6.208,1.597,4.5687,True,False,"[29.491402, 46.832239]",9.3209,4,
Парканы,Парканы,улица Петра Николаева,126,4,6.1809,6.9122,6.208,1.597,4.5764,True,False,"[29.491402, 46.832239]",9.3337,4,
Парканы,Парканы,улица Петра Николаева,128,4,6.1932,6.9245,6.229,1.597,4.5887,True,False,"[29.491402, 46.832239]",9.3542,4,
Парканы,Парканы,улица Петра Николаева,128,4,6.2069,6.9382,6.229,1.597,4.6024,True,False,"[29.491402, 46.832239]",9.3771,4,
Парканы,Парканы,улица Петра Николаева,130,4,6.2132,6.9445,6.248,1.597,4.6087,True,False,"[29.491402, 46.832239]",9.3876,4,
Парканы,Парканы,улица Петра Николаева,130,4,6.2383,6.9695,6.248,1.597,4.6338,True,False,"[29.491402, 46.832239]",9.4294,4,
Парканы,Парканы,улица Петра Николаева,132,4,6.2333,6.9646,6.269,1.597,4.6288,True,False,"[29.491402, 46.832239]",9.4211,4,
Парканы,Парканы,улица Петра Николаева,132,4,6.2632,6.9945,6.269,1.597,4.6587,True,False,"[29.491402, 46.832239]",9.4709,4,
Парканы,Парканы,улица Петра Николаева,133а,4,5.5591,6.2904,5.595,1.597,3.9549,True,False,"[29.491402, 46.832239]",8.2979,3,zone_move_4->3
Парканы,Парканы,улица Петра Николаева,134,4,6.2523,6.9836,6.287,1.597,4.6478,True,False,"[29.491402, 46.832239]",9.4527,4,
Парканы,Парканы,улица Петра Николаева,134,4,6.2865,7.0178,6.287,1.597,4.682,True,False,"[29.491402, 46.832239]",9.5097,4,
Парканы,Парканы,улица Петра Николаева,135а,4,5.8857,6.617,5.921,1.597,4.2812,True,False,"[29.491402, 46.832239]",8.8417,4,
Парканы,Парканы,улица Петра Николаева,136,4,6.2728,7.004,6.308,1.597,4.6683,True,False,"[29.491402, 46.832239]",9.4869,4,
Парканы,Парканы,улица Петра Николаева,136,4,6.3115,7.0428,6.308,1.597,4.707,True,False,"[29.491402, 46.832239]",9.5514,4,
Парканы,Парканы,улица Петра Николаева,137 А,4,5.9673,6.6986,6.002,1.597,4.3629,True,False,"[29.491402, 46.832239]",8.9779,4,
Парканы,Парканы,улица Петра Николаева,138,4,6.2909,7.0221,6.326,1.597,4.6864,True,False,"[29.491402, 46.832239]",9.5171,4,
Парканы,Парканы,улица Петра Николаева,138,4,6.3336,7.0648,6.326,1.597,4.7291,True,False,"[29.491402, 46.832239]",9.5882,4,
Парканы,Парканы,улица Петра Николаева,140,4,6.3142,7.0455,6.35,1.597,4.7097,True,False,"[29.491402, 46.832239]",9.5559,4,
Парканы,Парканы,улица Петра Николаева,140,4,6.3642,7.0955,6.35,1.597,4.7598,True,False,"[29.491402, 46.832239]",9.6394,4,
Парканы,Парканы,улица Петра Николаева,142,4,6.333,7.0643,6.369,1.597,4.7285,True,False,"[29.491402, 46.832239]",9.5872,4,
Парканы,Парканы,улица Петра Николаева,142,4,6.4105,7.1418,6.369,1.597,4.8061,True,False,"[29.491402, 46.832239]",9.7166,4,
Парканы,Парканы,улица Петра Николаева,144,4,6.3536,7.0849,6.389,1.597,4.7491,True,False,"[29.491402, 46.832239]",9.6216,4,
Парканы,Парканы,улица Петра Николаева,144,4,6.4434,7.1746,6.389,1.597,4.8389,True,False,"[29.491402, 46.832239]",9.7712,4,
Парканы,Парканы,улица Петра Николаева,146,4,6.3748,7.1061,6.41,1.597,4.7703,True,False,"[29.491402, 46.832239]",9.6569,4,
Парканы,Парканы,улица Петра Николаева,146,4,6.4621,7.1934,6.41,1.597,4.8577,True,False,"[29.491402, 46.832239]",9.8026,4,
Парканы,Парканы,улица Петра Николаева,147,4,5.7218,6.453,5.758,1.597,4.1175,True,False,"[29.491402, 46.832239]",8.5689,4,
Парканы,Парканы,улица Петра Николаева,147,4,5.9862,6.7175,5.758,1.597,4.3817,True,False,"[29.491402, 46.832239]",9.0092,4,
Парканы,Парканы,улица Петра Николаева,148,4,6.3939,7.1252,6.43,1.597,4.7894,True,False,"[29.491402, 46.832239]",9.6887,4,
Парканы,Парканы,улица Петра Николаева,149,4,5.7471,6.4784,5.783,1.597,4.1429,True,False,"[29.491402, 46.832239]",8.6112,4,
Парканы,Парканы,улица Петра Николаева,149,4,6.0013,6.7326,5.783,1.597,4.3969,True,False,"[29.491402, 46.832239]",9.0346,4,
Парканы,Парканы,улица Петра Николаева,149,4,6.1973,6.9286,5.783,1.597,4.5928,True,False,"[29.491402, 46.832239]",9.3611,4,
Парканы,Парканы,улица Петра Николаева,150,4,6.4176,7.1489,6.453,1.597,4.8132,True,False,"[29.491402, 46.832239]",9.7284,4,
Парканы,Парканы,улица Петра Николаева,150,4,6.7425,7.4738,6.453,1.597,5.1381,True,False,"[29.491402, 46.832239]",10.2699,4,
Парканы,Парканы,улица Петра Николаева,151,4,5.7808,6.5121,5.816,1.597,4.1766,True,False,"[29.491402, 46.832239]",8.6674,4,
Парканы,Парканы,улица Петра Николаева,151,4,6.2227,6.954,5.816,1.597,4.6182,True,False,"[29.491402, 46.832239]",9.4034,4,
Парканы,Парканы,улица Петра Николаева,151,4,6.1833,6.9146,5.816,1.597,4.5788,True,False,"[29.491402, 46.832239]",9.3377,4,
Парканы,Парканы,улица Петра Николаева,152,4,6.442,7.1733,6.477,1.597,4.8375,True,False,"[29.491402, 46.832239]",9.7689,4,
Парканы,Парканы,улица Петра Николаева,154,4,6.4623,7.1936,6.498,1.597,4.8579,True,False,"[29.491402, 46.832239]",9.8029,4,
Парканы,Парканы,улица Петра Николаева,155,4,5.8434,6.5747,5.879,1.597,4.2392,True,False,"[29.491402, 46.832239]",8.7717,4,
Парканы,Парканы,улица Петра Николаева,155,4,6.1877,6.9189,5.879,1.597,4.5832,True,False,"[29.491402, 46.832239]",9.3451,4,
Парканы,Парканы,улица Петра Николаева,155,4,6.1472,6.8785,5.879,1.597,4.5426,True,False,"[29.491402, 46.832239]",9.2774,4,
Парканы,Парканы,улица Петра Николаева,156,4,6.5812,7.3125,6.617,1.597,4.9769,True,False,"[29.491402, 46.832239]",10.0012,4,
Парканы,Парканы,улица Петра Николаева,157,4,5.868,6.5993,5.903,1.597,4.2638,True,False,"[29.491402, 46.832239]",8.8127,4,
Парканы,Парканы,улица Петра Николаева,157,4,6.1697,6.901,5.903,1.597,4.5652,True,False,"[29.491402, 46.832239]",9.3151,4,
Парканы,Парканы,улица Петра Николаева,157,4,6.1375,6.8688,5.903,1.597,4.533,True,False,"[29.491402, 46.832239]",9.2614,4,
Парканы,Парканы,улица Петра Николаева,158,4,6.735,7.4662,6.77,1.597,5.1306,True,False,"[29.491402, 46.832239]",10.2574,4,
Парканы,Парканы,улица Петра Николаева,159,4,5.8882,6.6195,5.924,1.597,4.284,True,False,"[29.491402, 46.832239]",8.8464,4,
Парканы,Парканы,улица Петра Николаева,159,4,6.1462,6.8774,5.924,1.597,4.5416,True,False,"[29.491402, 46.832239]",9.2757,4,
Парканы,Парканы,улица Петра Николаева,159,4,6.1262,6.8575,5.924,1.597,4.5217,True,False,"[29.491402, 46.832239]",9.2426,4,
Парканы,Парканы,улица Петра Николаева,161,4,5.907,6.6383,5.942,1.597,4.3028,True,False,"[29.491402, 46.832239]",8.8777,4,
Парканы,Парканы,улица Петра Николаева,161,4,6.1262,6.8575,5.942,1.597,4.5217,True,False,"[29.491402, 46.832239]",9.2426,4,
Парканы,Парканы,улица Петра Николаева,161,4,6.1279,6.8591,5.942,1.597,4.5233,True,False,"[29.491402, 46.832239]",9.2452,4,
Парканы,Парканы,улица Петра Николаева,162,4,5.6579,6.3892,5.693,1.597,4.0537,True,False,"[29.491402, 46.832239]",8.4626,4,
Парканы,Парканы,улица Петра Николаева,162а,4,5.677,6.4083,5.713,1.597,4.0727,True,False,"[29.491402, 46.832239]",8.4942,4,
Парканы,Парканы,улица Петра Николаева,163,4,5.925,6.6563,5.96,1.597,4.3208,True,False,"[29.491402, 46.832239]",8.9077,4,
Парканы,Парканы,улица Петра Николаева,163,4,6.1323,6.8636,5.96,1.597,4.5278,True,False,"[29.491402, 46.832239]",9.2527,4,
Парканы,Парканы,улица Петра Николаева,163,4,6.1489,6.8802,5.96,1.597,4.5444,True,False,"[29.491402, 46.832239]",9.2804,4,
Парканы,Парканы,улица Петра Николаева,164,4,5.702,6.4333,5.738,1.597,4.0977,True,False,"[29.491402, 46.832239]",8.5359,4,
Парканы,Парканы,улица Петра Николаева,165,4,5.9438,6.6751,5.979,1.597,4.3396,True,False,"[29.491402, 46.832239]",8.9391,4,
Парканы,Парканы,улица Петра Николаева,165,4,6.1615,6.8928,5.979,1.597,4.557,True,False,"[29.491402, 46.832239]",9.3014,4,
Парканы,Парканы,улица Петра Николаева,165,4,6.1576,6.8889,5.979,1.597,4.553,True,False,"[29.491402, 46.832239]",9.2947,4,
Парканы,Парканы,улица Петра Николаева,166,4,5.7214,6.4527,5.757,1.597,4.1172,True,False,"[29.491402, 46.832239]",8.5684,4,
Парканы,Парканы,улица Петра Николаева,167а,4,5.9597,6.691,5.995,1.597,4.3555,True,False,"[29.491402, 46.832239]",8.9656,4,
Парканы,Парканы,улица Петра Николаева,168,4,5.74,6.4713,5.776,1.597,4.1358,True,False,"[29.491402, 46.832239]",8.5994,4,
Парканы,Парканы,улица Петра Николаева,169,4,6.0071,6.7384,6.042,1.597,4.4029,True,False,"[29.491402, 46.832239]",9.0446,4,
Парканы,Парканы,улица Петра Николаева,169,4,6.2185,6.9498,6.042,1.597,4.6139,True,False,"[29.491402, 46.832239]",9.3962,4,
Парканы,Парканы,улица Петра Николаева,169,4,6.2199,6.9512,6.042,1.597,4.6154,True,False,"[29.491402, 46.832239]",9.3987,4,
Парканы,Парканы,улица Петра Николаева,170,4,5.7603,6.4916,5.796,1.597,4.156,True,False,"[29.491402, 46.832239]",8.6331,4,
Парканы,Парканы,улица Петра Николаева,171,4,6.0193,6.7506,6.055,1.597,4.4151,True,False,"[29.491402, 46.832239]",9.0649,4,
Парканы,Парканы,улица Петра Николаева,171,4,6.2241,6.9554,6.055,1.597,4.6196,True,False,"[29.491402, 46.832239]",9.4057,4,
Парканы,Парканы,улица Петра Николаева,171,4,6.2321,6.9634,6.055,1.597,4.6276,True,False,"[29.491402, 46.832239]",9.4191,4,
Парканы,Парканы,улица Петра Николаева,172,4,5.7798,6.5111,5.815,1.597,4.1756,True,False,"[29.491402, 46.832239]",8.6657,4,
Парканы,Парканы,улица Петра Николаева,173,4,6.0361,6.7674,6.071,1.597,4.4319,True,False,"[29.491402, 46.832239]",9.0929,4,
Парканы,Парканы,улица Петра Николаева,173,4,6.2432,6.9745,6.071,1.597,4.6387,True,False,"[29.491402, 46.832239]",9.4376,4,
Парканы,Парканы,улица Петра Николаева,173,4,6.2501,6.9814,6.071,1.597,4.6456,True,False,"[29.491402, 46.832239]",9.4491,4,
Парканы,Парканы,улица Петра Николаева,174,4,5.8009,6.5322,5.837,1.597,4.1967,True,False,"[29.491402, 46.832239]",8.7009,4,
Парканы,Парканы,улица Петра Николаева,175,4,6.0527,6.784,6.088,1.597,4.4486,True,False,"[29.491402, 46.832239]",9.1207,4,
Парканы,Парканы,улица Петра Николаева,175,4,6.2614,6.9927,6.088,1.597,4.6569,True,False,"[29.491402, 46.832239]",9.4679,4,
Парканы,Парканы,улица Петра Николаева,175,4,6.2712,7.0025,6.088,1.597,4.6667,True,False,"[29.491402, 46.832239]",9.4842,4,
Парканы,Парканы,улица Петра Николаева,176,4,5.8164,6.5477,5.852,1.597,4.2122,True,False,"[29.491402, 46.832239]",8.7267,4,
Парканы,Парканы,улица Петра Николаева,178,4,5.83,6.5613,5.866,1.597,4.2258,True,False,"[29.491402, 46.832239]",8.7494,4,
Парканы,Парканы,улица Петра Николаева,179,4,6.099,6.8303,6.134,1.597,4.4948,True,False,"[29.491402, 46.832239]",9.1977,4,
Парканы,Парканы,улица Петра Николаева,179,4,6.3014,7.0327,6.134,1.597,4.6969,True,False,"[29.491402, 46.832239]",9.5346,4,
Парканы,Парканы,улица Петра Николаева,179,4,6.3075,7.0388,6.134,1.597,4.703,True,False,"[29.491402, 46.832239]",9.5447,4,
Парканы,Парканы,улица Петра Николаева,180,4,5.8489,6.5802,5.884,1.597,4.2447,True,False,"[29.491402, 46.832239]",8.7809,4,
Парканы,Парканы,улица Петра Николаева,180а,4,5.8645,6.5958,5.899,1.597,4.2603,True,False,"[29.491402, 46.832239]",8.8069,4,
Парканы,Парканы,улица Петра Николаева,181,4,6.117,6.8483,6.153,1.597,4.5128,True,False,"[29.491402, 46.832239]",9.2277,4,
Парканы,Парканы,улица Петра Николаева,181,4,6.3183,7.0496,6.153,1.597,4.7138,True,False,"[29.491402, 46.832239]",9.5627,4,
Парканы,Парканы,улица Петра Николаева,181,4,6.3257,7.057,6.153,1.597,4.7212,True,False,"[29.491402, 46.832239]",9.5751,4,
Парканы,Парканы,улица Петра Николаева,182,4,5.8835,6.6148,5.919,1.597,4.2793,True,False,"[29.491402, 46.832239]",8.8386,4,
Парканы,Парканы,улица Петра Николаева,183,4,6.1394,6.8707,6.175,1.597,4.5352,True,False,"[29.491402, 46.832239]",9.2651,4,
Парканы,Парканы,улица Петра Николаева,183,4,6.3329,7.0642,6.175,1.597,4.7284,True,False,"[29.491402, 46.832239]",9.5871,4,
Парканы,Парканы,улица Петра Николаева,183,4,6.3498,7.0811,6.175,1.597,4.7454,True,False,"[29.491402, 46.832239]",9.6154,4,
Парканы,Парканы,улица Петра Николаева,184,4,5.9026,6.6338,5.938,1.597,4.2983,True,False,"[29.491402, 46.832239]",8.8702,4,
Парканы,Парканы,улица Петра Николаева,185,4,6.1652,6.8965,6.2,1.597,4.561,True,False,"[29.491402, 46.832239]",9.3081,4,
Парканы,Парканы,улица Петра Николаева,185,4,6.3486,7.0799,6.2,1.597,4.7441,True,False,"[29.491402, 46.832239]",9.6132,4,
Парканы,Парканы,улица Петра Николаева,185,4,6.3732,7.1045,6.2,1.597,4.7687,True,False,"[29.491402, 46.832239]",9.6542,4,
Парканы,Парканы,улица Петра Николаева,186,4,5.9226,6.6539,5.958,1.597,4.3184,True,False,"[29.491402, 46.832239]",8.9037,4,
Парканы,Парканы,улица Петра Николаева,187,4,6.1935,6.9248,6.229,1.597,4.5893,True,False,"[29.491402, 46.832239]",9.3552,4,
Парканы,Парканы,улица Петра Николаева,187,4,6.3652,7.0965,6.229,1.597,4.7608,True,False,"[29.491402, 46.832239]",9.6411,4,
Парканы,Парканы,улица Петра Николаева,187,4,6.3923,7.1236,6.229,1.597,4.7879,True,False,"[29.491402, 46.832239]",9.6862,4,
Парканы,Парканы,улица Петра Николаева,188,4,5.936,6.6673,5.972,1.597,4.3318,True,False,"[29.491402, 46.832239]",8.9261,4,
Парканы,Парканы,улица Петра Николаева,189,4,6.2157,6.9469,6.251,1.597,4.6115,True,False,"[29.491402, 46.832239]",9.3922,4,
Парканы,Парканы,улица Петра Николаева,189,4,6.3854,7.1167,6.251,1.597,4.7809,True,False,"[29.491402, 46.832239]",9.6746,4,
Парканы,Парканы,улица Петра Николаева,189,4,6.4192,7.1505,6.251,1.597,4.8147,True,False,"[29.491402, 46.832239]",9.7309,4,
Парканы,Парканы,улица Петра Николаева,190,4,5.9696,6.7009,6.005,1.597,4.3654,True,False,"[29.491402, 46.832239]",8.9821,4,
Парканы,Парканы,улица Петра Николаева,190а,4,5.9506,6.6819,5.987,1.597,4.3464,True,False,"[29.491402, 46.832239]",8.9504,4,
Парканы,Парканы,улица Петра Николаева,191,4,6.2361,6.9673,6.271,1.597,4.6319,True,False,"[29.491402, 46.832239]",9.4262,4,
Парканы,Парканы,улица Петра Николаева,191,4,6.4023,7.1336,6.271,1.597,4.7979,True,False,"[29.491402, 46.832239]",9.7029,4,
Парканы,Парканы,улица Петра Николаева,191,4,6.4362,7.1674,6.271,1.597,4.8317,True,False,"[29.491402, 46.832239]",9.7592,4,
Парканы,Парканы,улица Петра Николаева,192,4,6.0094,6.7407,6.045,1.597,4.4052,True,False,"[29.491402, 46.832239]",9.0484,4,
Парканы,Парканы,улица Петра Николаева,193,4,6.257,6.9883,6.293,1.597,4.6529,True,False,"[29.491402, 46.832239]",9.4612,4,
Парканы,Парканы,улица Петра Николаева,193,4,6.4192,7.1505,6.293,1.597,4.8147,True,False,"[29.491402, 46.832239]",9.7309,4,
Парканы,Парканы,улица Петра Николаева,193,4,6.4576,7.1889,6.293,1.597,4.8532,True,False,"[29.491402, 46.832239]",9.7951,4,
Парканы,Парканы,улица Петра Николаева,194,4,6.0306,6.7619,6.066,1.597,4.4264,True,False,"[29.491402, 46.832239]",9.0837,4,
Парканы,Парканы,улица Петра Николаева,196,4,6.0508,6.7821,6.086,1.597,4.4467,True,False,"[29.491402, 46.832239]",9.1176,4,
Парканы,Парканы,улица Петра Николаева,197,4,6.3008,7.0321,6.336,1.597,4.6967,True,False,"[29.491402, 46.832239]",9.5342,4,
Парканы,Парканы,улица Петра Николаева,197,4,6.4539,7.1852,6.336,1.597,4.8495,True,False,"[29.491402, 46.832239]",9.7889,4,
Парканы,Парканы,улица Петра Николаева,197,4,6.7508,7.4821,6.336,1.597,5.1465,True,False,"[29.491402, 46.832239]",10.2839,4,
Парканы,Парканы,улица Петра Николаева,198,4,6.0687,6.8,6.105,1.597,4.4645,True,False,"[29.491402, 46.832239]",9.1472,4,
Парканы,Парканы,улица Петра Николаева,199,4,6.3155,7.0468,6.351,1.597,4.7114,True,False,"[29.491402, 46.832239]",9.5587,4,
Парканы,Парканы,улица Петра Николаева,199,4,6.468,7.1992,6.351,1.597,4.8635,True,False,"[29.491402, 46.832239]",9.8122,4,
Парканы,Парканы,улица Петра Николаева,199,4,6.7353,7.4666,6.351,1.597,5.1309,True,False,"[29.491402, 46.832239]",10.2579,4,
Парканы,Парканы,улица Петра Николаева,200,4,6.0877,6.819,6.123,1.597,4.4835,True,False,"[29.491402, 46.832239]",9.1789,4,
Парканы,Парканы,улица Петра Николаева,201,4,6.3349,7.0662,6.37,1.597,4.7308,True,False,"[29.491402, 46.832239]",9.5911,4,
Парканы,Парканы,улица Петра Николаева,201,4,6.7575,7.4888,6.37,1.597,5.1532,True,False,"[29.491402, 46.832239]",10.2951,4,
Парканы,Парканы,улица Петра Николаева,202,4,6.1122,6.8435,6.148,1.597,4.508,True,False,"[29.491402, 46.832239]",9.2197,4,
Парканы,Парканы,улица Петра Николаева,203,4,6.3629,7.0942,6.398,1.597,4.7587,True,False,"[29.491402, 46.832239]",9.6376,4,
Парканы,Парканы,улица Петра Николаева,203,4,6.7397,7.471,6.398,1.597,5.1354,True,False,"[29.491402, 46.832239]",10.2654,4,
Парканы,Парканы,улица Петра Николаева,204,4,6.1357,6.867,6.171,1.597,4.5315,True,False,"[29.491402, 46.832239]",9.2589,4,
Парканы,Парканы,улица Петра Николаева,205,4,6.382,7.1132,6.418,1.597,4.7778,True,False,"[29.491402, 46.832239]",9.6694,4,
Парканы,Парканы,улица Петра Николаева,205,4,6.7231,7.4543,6.418,1.597,5.1187,True,False,"[29.491402, 46.832239]",10.2376,4,
Парканы,Парканы,улица Петра Николаева,206,4,6.1604,6.8917,6.195,1.597,4.5562,True,False,"[29.491402, 46.832239]",9.3001,4,
Парканы,Парканы,улица Петра Николаева,207,4,6.4083,7.1396,6.444,1.597,4.8042,True,False,"[29.491402, 46.832239]",9.7134,4,
Парканы,Парканы,улица Петра Николаева,207,4,6.703,7.4343,6.444,1.597,5.0987,True,False,"[29.491402, 46.832239]",10.2042,4,
Парканы,Парканы,улица Петра Николаева,208,4,6.1784,6.9097,6.214,1.597,4.5742,True,False,"[29.491402, 46.832239]",9.3301,4,
Парканы,Парканы,улица Петра Николаева,209,4,6.4283,7.1596,6.463,1.597,4.8242,True,False,"[29.491402, 46.832239]",9.7467,4,
Парканы,Парканы,улица Петра Николаева,209,4,6.683,7.4143,6.463,1.597,5.0786,True,False,"[29.491402, 46.832239]",10.1707,4,
Парканы,Парканы,улица Петра Николаева,210,4,6.1963,6.9276,6.231,1.597,4.5921,True,False,"[29.491402, 46.832239]",9.3599,4,
Парканы,Парканы,улица Петра Николаева,210а,4,6.213,6.9443,6.248,1.597,4.6088,True,False,"[29.491402, 46.832239]",9.3877,4,
Парканы,Парканы,улица Петра Николаева,211,4,6.4519,7.1832,6.487,1.597,4.8478,True,False,"[29.491402, 46.832239]",9.7861,4,
Парканы,Парканы,улица Петра Николаева,211,4,6.6653,7.3966,6.487,1.597,5.0609,True,False,"[29.491402, 46.832239]",10.1412,4,
Парканы,Парканы,улица Петра Николаева,212,4,6.2275,6.9588,6.263,1.597,4.6234,True,False,"[29.491402, 46.832239]",9.4121,4,
Парканы,Парканы,улица Петра Николаева,212а,4,6.2456,6.9769,6.281,1.597,4.6414,True,False,"[29.491402, 46.832239]",9.4421,4,
Парканы,Парканы,улица Петра Николаева,213,4,6.4709,7.2022,6.506,1.597,4.8668,True,False,"[29.491402, 46.832239]",9.8177,4,
Парканы,Парканы,улица Петра Николаева,213,4,6.6511,7.3824,6.506,1.597,5.0467,True,False,"[29.491402, 46.832239]",10.1176,4,
Парканы,Парканы,улица Петра Николаева,214,4,6.2623,6.9936,6.298,1.597,4.6581,True,False,"[29.491402, 46.832239]",9.4699,4,
Парканы,Парканы,улица Петра Николаева,215,4,6.5181,7.2494,6.554,1.597,4.9139,True,False,"[29.491402, 46.832239]",9.8962,4,
Парканы,Парканы,улица Петра Николаева,215,4,6.6356,7.3668,6.554,1.597,5.0312,True,False,"[29.491402, 46.832239]",10.0917,4,
Парканы,Парканы,улица Петра Николаева,216,4,6.2814,7.0127,6.317,1.597,4.6773,True,False,"[29.491402, 46.832239]",9.5019,4,
Парканы,Парканы,улица Петра Николаева,216а,4,6.2995,7.0308,6.335,1.597,4.6953,True,False,"[29.491402, 46.832239]",9.5319,4,
Парканы,Парканы,улица Петра Николаева,217,4,6.5177,7.249,6.553,1.597,4.9135,True,False,"[29.491402, 46.832239]",9.8956,4,
Парканы,Парканы,улица Петра Николаева,217,4,6.6298,7.361,6.553,1.597,5.0254,True,False,"[29.491402, 46.832239]",10.0821,4,
Парканы,Парканы,улица Петра Николаева,217а,4,6.5291,7.2604,6.565,1.597,4.925,True,False,"[29.491402, 46.832239]",9.9147,4,
Парканы,Парканы,улица Петра Николаева,218,4,6.3221,7.0534,6.358,1.597,4.718,True,False,"[29.491402, 46.832239]",9.5697,4,
Парканы,Парканы,улица Петра Николаева,219,4,6.5458,7.2771,6.581,1.597,4.9418,True,False,"[29.491402, 46.832239]",9.9427,4,
Парканы,Парканы,улица Петра Николаева,219,4,6.6428,7.3741,6.581,1.597,5.0384,True,False,"[29.491402, 46.832239]",10.1037,4,
Парканы,Парканы,улица Петра Николаева,220,4,6.3453,7.0766,6.381,1.597,4.7412,True,False,"[29.491402, 46.832239]",9.6084,4,
Парканы,Парканы,улица Петра Николаева,221,4,6.5628,7.2941,6.598,1.597,4.9588,True,False,"[29.491402, 46.832239]",9.9711,4,
Парканы,Парканы,улица Петра Николаева,221,4,6.6584,7.3897,6.598,1.597,5.054,True,False,"[29.491402, 46.832239]",10.1297,4,
Парканы,Парканы,улица Петра Николаева,221а,4,6.5839,7.3152,6.619,1.597,4.9798,True,False,"[29.491402, 46.832239]",10.0061,4,
Парканы,Парканы,улица Петра Николаева,222,4,6.3679,7.0992,6.403,1.597,4.7638,True,False,"[29.491402, 46.832239]",9.6461,4,
Парканы,Парканы,улица Петра Николаева,223,4,6.6021,7.3334,6.637,1.597,4.998,True,False,"[29.491402, 46.832239]",10.0364,4,
Парканы,Парканы,улица Петра Николаева,223,4,6.6708,7.402,6.637,1.597,5.0664,True,False,"[29.491402, 46.832239]",10.1504,4,
Парканы,Парканы,улица Петра Николаева,224,4,6.3893,7.1206,6.425,1.597,4.7852,True,False,"[29.491402, 46.832239]",9.6817,4,
Парканы,Парканы,улица Петра Николаева,225,4,6.6201,7.3514,6.656,1.597,5.016,True,False,"[29.491402, 46.832239]",10.0664,4,
Парканы,Парканы,улица Петра Николаева,225,4,6.6861,7.4173,6.656,1.597,5.0817,True,False,"[29.491402, 46.832239]",10.1759,4,
Парканы,Парканы,улица Петра Николаева,226,4,6.4095,7.1408,6.445,1.597,4.8054,True,False,"[29.491402, 46.832239]",9.7154,4,
Парканы,Парканы,улица Петра Николаева,227,4,6.6358,7.3671,6.671,1.597,5.0318,True,False,"[29.491402, 46.832239]",10.0927,4,
Парканы,Парканы,улица Петра Николаева,227,4,6.7067,7.438,6.671,1.597,5.1023,True,False,"[29.491402, 46.832239]",10.2102,4,
Парканы,Парканы,улица Петра Николаева,228,4,6.4332,7.1645,6.468,1.597,4.8291,True,False,"[29.491402, 46.832239]",9.7549,4,
Парканы,Парканы,улица Петра Николаева,228,4,6.4582,7.1895,6.468,1.597,4.8541,True,False,"[29.491402, 46.832239]",9.7966,4,
Парканы,Парканы,улица Петра Николаева,229,4,6.6537,7.385,6.689,1.597,5.0497,True,False,"[29.491402, 46.832239]",10.1226,4,
Парканы,Парканы,улица Петра Николаева,229,4,6.7193,7.4506,6.689,1.597,5.1149,True,False,"[29.491402, 46.832239]",10.2312,4,
Парканы,Парканы,улица Петра Николаева,230,4,6.4556,7.1869,6.491,1.597,4.8515,True,False,"[29.491402, 46.832239]",9.7922,4,
Парканы,Парканы,улица Петра Николаева,231,4,6.6694,7.4007,6.705,1.597,5.0653,True,False,"[29.491402, 46.832239]",10.1486,4,
Парканы,Парканы,улица Петра Николаева,231,4,6.7356,7.4669,6.705,1.597,5.1312,True,False,"[29.491402, 46.832239]",10.2584,4,
Парканы,Парканы,улица Петра Николаева,232,4,6.4766,7.2079,6.512,1.597,4.8726,True,False,"[29.491402, 46.832239]",9.8274,4,
Парканы,Парканы,улица Петра Николаева,233,4,6.6853,7.4166,6.72,1.597,5.0812,True,False,"[29.491402, 46.832239]",10.1751,4,
Парканы,Парканы,улица Петра Николаева,233,4,6.7514,7.4827,6.72,1.597,5.147,True,False,"[29.491402, 46.832239]",10.2847,4,
Парканы,Парканы,улица Петра Николаева,234,4,6.498,7.2293,6.534,1.597,4.894,True,False,"[29.491402, 46.832239]",9.8631,4,
Парканы,Парканы,улица Петра Николаева,235,4,6.7694,7.5006,6.805,1.597,5.1649,True,False,"[29.491402, 46.832239]",10.3146,4,
Парканы,Парканы,улица Петра Николаева,236,4,6.5182,7.2495,6.553,1.597,4.9141,True,False,"[29.491402, 46.832239]",9.8966,4,
Парканы,Парканы,улица Петра Николаева,238,4,6.5382,7.2695,6.574,1.597,4.9341,True,False,"[29.491402, 46.832239]",9.9299,4,
Парканы,Парканы,улица Петра Николаева,240,4,6.5542,7.2855,6.589,1.597,4.9501,True,False,"[29.491402, 46.832239]",9.9566,4,
Парканы,Парканы,улица Петра Николаева,242,4,6.5808,7.3121,6.616,1.597,4.9767,True,False,"[29.491402, 46.832239]",10.0009,4,
Парканы,Парканы,улица Петра Николаева,244,4,6.6012,7.3325,6.637,1.597,4.9971,True,False,"[29.491402, 46.832239]",10.0349,4,
Парканы,Парканы,улица Пушкина,1,2,3.3126,4.0439,3.348,1.597,1.7098,True,False,"[29.491402, 46.832239]",4.5561,2,
Парканы,Парканы,улица Пушкина,2,2,3.3247,4.0559,3.345,1.597,1.7217,True,False,"[29.491402, 46.832239]",4.5759,2,
Парканы,Парканы,улица Пушкина,2,2,3.3094,4.0407,3.345,1.597,1.7066,True,False,"[29.491402, 46.832239]",4.5507,2,
Парканы,Парканы,улица Пушкина,4,2,3.3277,4.059,3.363,1.597,1.7249,True,False,"[29.491402, 46.832239]",4.5812,2,
Парканы,Парканы,улица Пушкина,5,2,3.3408,4.0721,3.376,1.597,1.738,True,False,"[29.491402, 46.832239]",4.6031,2,
Парканы,Парканы,улица Пушкина,6,2,3.3684,4.0997,3.382,1.597,1.7653,True,False,"[29.491402, 46.832239]",4.6486,2,
Парканы,Парканы,улица Пушкина,6,2,3.3465,4.0778,3.382,1.597,1.7437,True,False,"[29.491402, 46.832239]",4.6126,2,
Парканы,Парканы,улица Пушкина,7,2,3.3557,4.087,3.391,1.597,1.7529,True,False,"[29.491402, 46.832239]",4.6279,2,
Парканы,Парканы,улица Пушкина,8,2,3.3885,4.1198,3.402,1.597,1.7854,True,False,"[29.491402, 46.832239]",4.6821,2,
Парканы,Парканы,улица Пушкина,8,2,3.3664,4.0977,3.402,1.597,1.7636,True,False,"[29.491402, 46.832239]",4.6457,2,
Парканы,Парканы,улица Пушкина,9,2,3.37,4.1013,3.406,1.597,1.7672,True,False,"[29.491402, 46.832239]",4.6517,2,
Парканы,Парканы,улица Пушкина,10,2,3.3854,4.1167,3.421,1.597,1.7826,True,False,"[29.491402, 46.832239]",4.6774,2,
Парканы,Парканы,улица Пушкина,11,2,3.3855,4.1168,3.421,1.597,1.7827,True,False,"[29.491402, 46.832239]",4.6776,2,
Парканы,Парканы,улица Пушкина,13,2,3.4043,4.1355,3.44,1.597,1.8014,True,False,"[29.491402, 46.832239]",4.7087,2,
Парканы,Парканы,улица Пушкина,14,2,3.4256,4.1569,3.461,1.597,1.8228,True,False,"[29.491402, 46.832239]",4.7444,2,
Парканы,Парканы,улица Пушкина,15,2,3.4212,4.1525,3.457,1.597,1.8184,True,False,"[29.491402, 46.832239]",4.7371,2,
Парканы,Парканы,улица Пушкина,16,2,3.4397,4.171,3.476,1.597,1.8369,True,False,"[29.491402, 46.832239]",4.7679,2,
Парканы,Парканы,улица Пушкина,17,2,3.439,4.1703,3.475,1.597,1.8362,True,False,"[29.491402, 46.832239]",4.7667,2,
Парканы,Парканы,улица Пушкина,18,2,3.4572,4.1885,3.493,1.597,1.8544,True,False,"[29.491402, 46.832239]",4.7971,2,
Парканы,Парканы,улица Пушкина,19,2,3.4599,4.1912,3.495,1.597,1.8571,True,False,"[29.491402, 46.832239]",4.8016,2,
Парканы,Парканы,улица Пушкина,21,2,3.4784,4.2097,3.514,1.597,1.8756,True,False,"[29.491402, 46.832239]",4.8324,2,
Парканы,Парканы,улица Пушкина,22,2,3.5045,4.2358,3.54,1.597,1.9017,True,False,"[29.491402, 46.832239]",4.8759,2,
Парканы,Парканы,улица Пушкина,23,2,3.4949,4.2262,3.53,1.597,1.8921,True,False,"[29.491402, 46.832239]",4.8599,2,
Парканы,Парканы,улица Пушкина,24,2,3.5202,4.2515,3.556,1.597,1.9173,True,False,"[29.491402, 46.832239]",4.9019,2,
Парканы,Парканы,улица Пушкина,25,2,3.5105,4.2418,3.546,1.597,1.9077,True,False,"[29.491402, 46.832239]",4.8859,2,
Парканы,Парканы,улица Пушкина,26,2,3.5369,4.2682,3.572,1.597,1.9341,True,False,"[29.491402, 46.832239]",4.9299,2,
Парканы,Парканы,улица Пушкина,27,2,3.5273,4.2585,3.563,1.597,1.9244,True,False,"[29.491402, 46.832239]",4.9137,2,
Парканы,Парканы,улица Пушкина,28,2,3.5515,4.2828,3.587,1.597,1.9487,True,False,"[29.491402, 46.832239]",4.9542,2,
Парканы,Парканы,улица Пушкина,29,2,3.5448,4.2761,3.581,1.597,1.942,True,False,"[29.491402, 46.832239]",4.9431,2,
Парканы,Парканы,улица Пушкина,30,2,3.5643,4.2956,3.6,1.597,1.9614,True,False,"[29.491402, 46.832239]",4.9754,2,
Парканы,Парканы,улица Пушкина,31,2,3.5627,4.294,3.598,1.597,1.9599,True,False,"[29.491402, 46.832239]",4.9729,2,
Парканы,Парканы,улица Пушкина,32,2,3.5829,4.3142,3.618,1.597,1.9801,True,False,"[29.491402, 46.832239]",5.0066,2,
Парканы,Парканы,улица Пушкина,33,2,3.581,4.3123,3.617,1.597,1.9782,True,False,"[29.491402, 46.832239]",5.0034,2,
Парканы,Парканы,улица Пушкина,34,2,3.5986,4.3299,3.634,1.597,1.9957,True,False,"[29.491402, 46.832239]",5.0326,2,
Парканы,Парканы,улица Пушкина,35,2,3.6007,4.332,3.636,1.597,1.9978,True,False,"[29.491402, 46.832239]",5.0361,2,
Парканы,Парканы,улица Пушкина,36,2,3.6178,4.3491,3.653,1.597,2.015,True,False,"[29.491402, 46.832239]",5.0647,2,
Парканы,Парканы,улица Пушкина,37,2,3.621,4.3523,3.656,1.597,2.0181,True,False,"[29.491402, 46.832239]",5.0699,2,
Парканы,Парканы,улица Пушкина,38,2,3.6346,4.3659,3.67,1.597,2.0317,True,False,"[29.491402, 46.832239]",5.0926,2,
Парканы,Парканы,улица Пушкина,39,2,3.6416,4.3729,3.678,1.597,2.0388,True,False,"[29.491402, 46.832239]",5.1044,2,
Парканы,Парканы,улица Пушкина,40,2,3.6513,4.3826,3.687,1.597,2.0485,True,False,"[29.491402, 46.832239]",5.1206,2,
Парканы,Парканы,улица Пушкина,41,2,3.6627,4.394,3.698,1.597,2.0599,True,False,"[29.491402, 46.832239]",5.1396,2,
Парканы,Парканы,улица Пушкина,42,2,3.669,4.4003,3.704,1.597,2.0661,True,False,"[29.491402, 46.832239]",5.1499,2,
Парканы,Парканы,улица Пушкина,43,2,3.6818,4.4131,3.718,1.597,2.079,True,False,"[29.491402, 46.832239]",5.1714,2,
Парканы,Парканы,улица Пушкина,44,2,3.6883,4.4196,3.724,1.597,2.0855,True,False,"[29.491402, 46.832239]",5.1822,2,
Парканы,Парканы,улица Пушкина,45,2,3.7031,4.4344,3.739,1.597,2.1002,True,False,"[29.491402, 46.832239]",5.2067,2,
Парканы,Парканы,улица Пушкина,46,2,3.7237,4.455,3.759,1.597,2.1208,True,False,"[29.491402, 46.832239]",5.2411,2,
Парканы,Парканы,улица Пушкина,47,2,3.7326,4.4639,3.768,1.597,2.1298,True,False,"[29.491402, 46.832239]",5.2561,2,
Парканы,Парканы,улица Пушкина,48,2,3.8072,4.5385,3.81,1.597,2.2043,True,False,"[29.491402, 46.832239]",5.3802,2,
Парканы,Парканы,улица Пушкина,48,2,3.7748,4.5061,3.81,1.597,2.1721,True,False,"[29.491402, 46.832239]",5.3266,2,
Парканы,Парканы,улица Пушкина,49,2,3.7496,4.4809,3.785,1.597,2.1468,True,False,"[29.491402, 46.832239]",5.2844,2,
Парканы,Парканы,улица Пушкина,50,2,3.8246,4.5559,3.86,1.597,2.2217,True,False,"[29.491402, 46.832239]",5.4092,2,
Парканы,Парканы,улица Пушкина,51,2,3.7703,4.5016,3.805,1.597,2.1674,True,False,"[29.491402, 46.832239]",5.3187,2,
Парканы,Парканы,улица Пушкина,52,2,3.8419,4.5732,3.877,1.597,2.239,True,False,"[29.491402, 46.832239]",5.4381,2,
Парканы,Парканы,улица Пушкина,53,2,3.793,4.5243,3.829,1.597,2.1901,True,False,"[29.491402, 46.832239]",5.3566,2,
Парканы,Парканы,улица Пушкина,54,2,3.8615,4.5928,3.897,1.597,2.2586,True,False,"[29.491402, 46.832239]",5.4707,2,
Парканы,Парканы,улица Пушкина,55,2,3.8117,4.543,3.847,1.597,2.2088,True,False,"[29.491402, 46.832239]",5.3877,2,
Парканы,Парканы,улица Пушкина,56,2,3.8763,4.6076,3.911,1.597,2.2734,True,False,"[29.491402, 46.832239]",5.4954,2,
Парканы,Парканы,улица Пушкина,57,2,3.833,4.5643,3.868,1.597,2.2301,True,False,"[29.491402, 46.832239]",5.4232,2,
Парканы,Парканы,улица Пушкина,58,2,3.8916,4.6229,3.927,1.597,2.2887,True,False,"[29.491402, 46.832239]",5.5209,2,
Парканы,Парканы,улица Пушкина,59,2,3.8544,4.5857,3.889,1.597,2.2515,True,False,"[29.491402, 46.832239]",5.4589,2,
Парканы,Парканы,улица Пушкина,60,2,3.9116,4.6429,3.947,1.597,2.3087,True,False,"[29.491402, 46.832239]",5.5542,2,
Парканы,Парканы,улица Пушкина,61,2,3.8764,4.6077,3.912,1.597,2.2735,True,False,"[29.491402, 46.832239]",5.4956,2,
Парканы,Парканы,улица Пушкина,62,2,3.9293,4.6605,3.965,1.597,2.3263,True,False,"[29.491402, 46.832239]",5.5836,2,
Парканы,Парканы,улица Пушкина,63,2,3.8974,4.6287,3.933,1.597,2.2944,True,False,"[29.491402, 46.832239]",5.5304,2,
Парканы,Парканы,улица Пушкина,64,2,3.9476,4.6789,3.983,1.597,2.3447,True,False,"[29.491402, 46.832239]",5.6142,2,
Парканы,Парканы,улица Пушкина,65,2,3.9224,4.6537,3.958,1.597,2.3194,True,False,"[29.491402, 46.832239]",5.5721,2,
Парканы,Парканы,улица Пушкина,66,2,3.9653,4.6966,4.001,1.597,2.3623,True,False,"[29.491402, 46.832239]",5.6436,2,
Парканы,Парканы,улица Пушкина,67,2,3.9497,4.681,3.986,1.597,2.3467,True,False,"[29.491402, 46.832239]",5.6176,2,
Парканы,Парканы,улица Пушкина,68,2,3.9813,4.7126,4.016,1.597,2.3783,True,False,"[29.491402, 46.832239]",5.6702,2,
Парканы,Парканы,улица Пушкина,68,2,3.9979,4.7292,4.016,1.597,2.3949,True,False,"[29.491402, 46.832239]",5.6979,2,
Парканы,Парканы,улица Пушкина,69,2,3.9766,4.7079,4.012,1.597,2.3737,True,False,"[29.491402, 46.832239]",5.6626,2,
Парканы,Парканы,улица Пушкина,70,2,4.0139,4.7452,4.049,1.597,2.4109,True,False,"[29.491402, 46.832239]",5.7246,2,
Парканы,Парканы,улица Пушкина,71,2,4.0034,4.7347,4.039,1.597,2.4004,True,False,"[29.491402, 46.832239]",5.7071,2,
Парканы,Парканы,улица Пушкина,72,2,4.0393,4.7706,4.075,1.597,2.4363,True,False,"[29.491402, 46.832239]",5.7669,2,
Парканы,Парканы,улица Пушкина,72а,2,4.0277,4.7589,4.063,1.597,2.4247,True,False,"[29.491402, 46.832239]",5.7476,2,
Парканы,Парканы,улица Пушкина,73,2,4.0267,4.7579,4.062,1.597,2.4237,True,False,"[29.491402, 46.832239]",5.7459,2,
Парканы,Парканы,улица Пушкина,74,3,4.0566,4.7879,4.092,1.597,2.4536,True,False,"[29.491402, 46.832239]",5.7957,2,zone_move_3->2
Парканы,Парканы,улица Пушкина,75,3,4.0507,4.7819,4.086,1.597,2.4477,True,False,"[29.491402, 46.832239]",5.7859,2,zone_move_3->2
Парканы,Парканы,улица Пушкина,76,3,4.0733,4.8046,4.108,1.597,2.4702,True,False,"[29.491402, 46.832239]",5.8234,2,zone_move_3->2
Парканы,Парканы,улица Пушкина,77,3,4.0727,4.804,4.108,1.597,2.4697,True,False,"[29.491402, 46.832239]",5.8226,2,zone_move_3->2
Парканы,Парканы,улица Пушкина,78,3,4.0886,4.8199,4.124,1.597,2.4856,True,False,"[29.491402, 46.832239]",5.8491,2,zone_move_3->2
Парканы,Парканы,улица Пушкина,79,3,4.0963,4.8276,4.132,1.597,2.4933,True,False,"[29.491402, 46.832239]",5.8619,2,zone_move_3->2
Парканы,Парканы,улица Пушкина,80,3,4.1019,4.8332,4.137,1.597,2.4989,True,False,"[29.491402, 46.832239]",5.8712,2,zone_move_3->2
Парканы,Парканы,улица Пушкина,81,3,4.1283,4.8596,4.163,1.597,2.5253,True,False,"[29.491402, 46.832239]",5.9152,2,zone_move_3->2
Парканы,Парканы,улица Пушкина,82,3,4.1229,4.8542,4.159,1.597,2.5199,True,False,"[29.491402, 46.832239]",5.9062,2,zone_move_3->2
Парканы,Парканы,улица Пушкина,83,3,4.1566,4.8879,4.192,1.597,2.5536,True,False,"[29.491402, 46.832239]",5.9624,2,zone_move_3->2
Парканы,Парканы,улица Пушкина,84,3,4.1422,4.8735,4.178,1.597,2.5392,True,False,"[29.491402, 46.832239]",5.9384,2,zone_move_3->2
Парканы,Парканы,улица Пушкина,85,3,4.185,4.9163,4.221,1.597,2.5819,True,False,"[29.491402, 46.832239]",6.0096,2,zone_move_3->2
Парканы,Парканы,улица Пушкина,86,3,4.1629,4.8942,4.198,1.597,2.5599,True,False,"[29.491402, 46.832239]",5.9729,2,zone_move_3->2
Парканы,Парканы,улица Пушкина,87,3,4.2067,4.938,4.242,1.597,2.6036,True,False,"[29.491402, 46.832239]",6.0457,2,zone_move_3->2
Парканы,Парканы,улица Пушкина,88,3,4.1836,4.9149,4.219,1.597,2.5805,True,False,"[29.491402, 46.832239]",6.0072,2,zone_move_3->2
Парканы,Парканы,улица Пушкина,89,3,4.2373,4.9686,4.273,1.597,2.6342,True,False,"[29.491402, 46.832239]",6.0967,3,
Парканы,Парканы,улица Пушкина,90,3,4.2016,4.9329,4.237,1.597,2.5985,True,False,"[29.491402, 46.832239]",6.0372,2,zone_move_3->2
Парканы,Парканы,улица Пушкина,91,3,4.268,4.9993,4.303,1.597,2.6649,True,False,"[29.491402, 46.832239]",6.1479,3,
Парканы,Парканы,улица Пушкина,92,3,4.217,4.9483,4.253,1.597,2.6139,True,False,"[29.491402, 46.832239]",6.0629,2,zone_move_3->2
Парканы,Парканы,улица Пушкина,93,3,4.3009,5.0322,4.337,1.597,2.6978,True,False,"[29.491402, 46.832239]",6.2027,3,
Парканы,Парканы,улица Пушкина,94,3,4.2393,4.9706,4.275,1.597,2.6362,True,False,"[29.491402, 46.832239]",6.1001,3,
Парканы,Парканы,улица Пушкина,95,3,4.3342,5.0655,4.37,1.597,2.7311,True,False,"[29.491402, 46.832239]",6.2582,3,
Парканы,Парканы,улица Пушкина,96,3,4.2599,4.9912,4.295,1.597,2.6568,True,False,"[29.491402, 46.832239]",6.1344,3,
Парканы,Парканы,улица Пушкина,97,3,4.3588,5.0901,4.394,1.597,2.7557,True,False,"[29.491402, 46.832239]",6.2992,3,
Парканы,Парканы,улица Пушкина,98,3,4.2802,5.0115,4.316,1.597,2.6771,True,False,"[29.491402, 46.832239]",6.1682,3,
Парканы,Парканы,улица Пушкина,99,3,4.3816,5.1129,4.417,1.597,2.7784,True,False,"[29.491402, 46.832239]",6.3371,3,
Парканы,Парканы,улица Пушкина,100,3,4.3011,5.0324,4.337,1.597,2.698,True,False,"[29.491402, 46.832239]",6.2031,3,
Парканы,Парканы,улица Пушкина,101,3,4.4062,5.1375,4.441,1.597,2.803,True,False,"[29.491402, 46.832239]",6.3781,3,
Парканы,Парканы,улица Пушкина,102,3,4.3218,5.0531,4.358,1.597,2.7187,True,False,"[29.491402, 46.832239]",6.2376,3,
Парканы,Парканы,улица Пушкина,104,3,4.3479,5.0792,4.383,1.597,2.7448,True,False,"[29.491402, 46.832239]",6.2811,3,
Парканы,Парканы,улица Пушкина,106,3,4.3648,5.0961,4.4,1.597,2.7617,True,False,"[29.491402, 46.832239]",6.3092,3,
Парканы,Парканы,улица Пушкина,108,3,4.3842,5.1155,4.419,1.597,2.781,True,False,"[29.491402, 46.832239]",6.3414,3,
Парканы,Парканы,улица Пушкина,110,3,4.4051,5.1364,4.44,1.597,2.8019,True,False,"[29.491402, 46.832239]",6.3762,3,
Парканы,Парканы,улица Романенко,1,3,5.0578,5.7891,5.094,1.597,3.4532,True,False,"[29.491402, 46.832239]",7.4617,3,
Парканы,Парканы,улица Романенко,2,3,5.0518,5.7831,5.087,1.597,3.4472,True,False,"[29.491402, 46.832239]",7.4517,3,
Парканы,Парканы,улица Романенко,3,3,5.097,5.8283,5.133,1.597,3.4924,True,False,"[29.491402, 46.832239]",7.5271,3,
Парканы,Парканы,улица Романенко,3а,3,5.0764,5.8077,5.112,1.597,3.4718,True,False,"[29.491402, 46.832239]",7.4927,3,
Парканы,Парканы,улица Романенко,4,3,5.0739,5.8052,5.109,1.597,3.4693,True,False,"[29.491402, 46.832239]",7.4886,3,
Парканы,Парканы,улица Романенко,5,3,5.1163,5.8476,5.152,1.597,3.5117,True,False,"[29.491402, 46.832239]",7.5592,3,
Парканы,Парканы,улица Романенко,6,3,5.0959,5.8272,5.131,1.597,3.4912,True,False,"[29.491402, 46.832239]",7.5251,3,
Парканы,Парканы,улица Романенко,7,3,5.1367,5.868,5.172,1.597,3.532,True,False,"[29.491402, 46.832239]",7.5931,3,
Парканы,Парканы,улица Романенко,8,3,5.1185,5.8497,5.153,1.597,3.5138,True,False,"[29.491402, 46.832239]",7.5627,3,
Парканы,Парканы,улица Романенко,9,3,5.1611,5.8924,5.197,1.597,3.5564,True,False,"[29.491402, 46.832239]",7.6337,3,
Парканы,Парканы,улица Романенко,10,3,5.1414,5.8727,5.177,1.597,3.5368,True,False,"[29.491402, 46.832239]",7.6011,3,
Парканы,Парканы,улица Романенко,11,3,5.1775,5.9088,5.213,1.597,3.5728,True,False,"[29.491402, 46.832239]",7.6611,3,
Парканы,Парканы,улица Романенко,12,3,5.1617,5.8929,5.197,1.597,3.557,True,False,"[29.491402, 46.832239]",7.6347,3,
Парканы,Парканы,улица Романенко,13,3,5.1937,5.925,5.23,1.597,3.589,True,False,"[29.491402, 46.832239]",7.6881,3,
Парканы,Парканы,улица Романенко,14,3,5.1822,5.9135,5.218,1.597,3.5775,True,False,"[29.491402, 46.832239]",7.6689,3,
Парканы,Парканы,улица Романенко,15,4,5.6219,6.3532,5.657,1.597,4.0166,True,False,"[29.491402, 46.832239]",8.4007,4,
Парканы,Парканы,улица Романенко,16,4,5.6282,6.3595,5.664,1.597,4.023,True,False,"[29.491402, 46.832239]",8.4114,4,
Парканы,Парканы,улица Романенко,17,4,5.6054,6.3367,5.64,1.597,4.0001,True,False,"[29.491402, 46.832239]",8.3732,3,zone_move_4->3
Парканы,Парканы,улица Романенко,18,4,5.5889,6.3202,5.625,1.597,3.9837,True,False,"[29.491402, 46.832239]",8.3459,3,zone_move_4->3
Парканы,Парканы,улица Романенко,19,4,5.5869,6.3182,5.622,1.597,3.9817,True,False,"[29.491402, 46.832239]",8.3426,3,zone_move_4->3
Парканы,Парканы,улица Романенко,20,4,5.5662,6.2975,5.602,1.597,3.961,True,False,"[29.491402, 46.832239]",8.3081,3,zone_move_4->3
Парканы,Парканы,улица Романенко,21,4,5.5679,6.2992,5.603,1.597,3.9627,True,False,"[29.491402, 46.832239]",8.3109,3,zone_move_4->3
Парканы,Парканы,улица Романенко,22,4,5.5442,6.2755,5.58,1.597,3.939,True,False,"[29.491402, 46.832239]",8.2714,3,zone_move_4->3
Парканы,Парканы,улица Романенко,23,4,5.5467,6.278,5.582,1.597,3.9415,True,False,"[29.491402, 46.832239]",8.2756,3,zone_move_4->3
Парканы,Парканы,улица Романенко,24,3,5.5137,6.245,5.549,1.597,3.9085,True,False,"[29.491402, 46.832239]",8.2206,3,
Парканы,Парканы,улица Романенко,25,3,5.5225,6.2537,5.536,1.597,3.9173,True,False,"[29.491402, 46.832239]",8.2352,3,
Парканы,Парканы,улица Романенко,25,3,5.5007,6.232,5.536,1.597,3.8955,True,False,"[29.491402, 46.832239]",8.1989,3,
Парканы,Парканы,улица Романенко,26,3,5.4955,6.2268,5.531,1.597,3.8903,True,False,"[29.491402, 46.832239]",8.1902,3,
Парканы,Парканы,улица Романенко,27,3,5.5,6.2313,5.535,1.597,3.8949,True,False,"[29.491402, 46.832239]",8.1979,3,
Парканы,Парканы,улица Романенко,28,3,5.4608,6.1921,5.496,1.597,3.8556,True,False,"[29.491402, 46.832239]",8.1324,3,
Парканы,Парканы,улица Романенко,29,3,5.476,6.2073,5.512,1.597,3.8709,True,False,"[29.491402, 46.832239]",8.1579,3,
Парканы,Парканы,улица Романенко,30,3,5.4734,6.2047,5.509,1.597,3.8682,True,False,"[29.491402, 46.832239]",8.1534,3,
Парканы,Парканы,улица Романенко,31,4,5.5619,6.2932,5.597,1.597,3.9567,True,False,"[29.491402, 46.832239]",8.3009,3,zone_move_4->3
Парканы,Парканы,улица Романенко,32,3,5.4917,6.223,5.527,1.597,3.8866,True,False,"[29.491402, 46.832239]",8.1841,3,
Парканы,Парканы,улица Романенко,33,4,5.5758,6.3071,5.611,1.597,3.9706,True,False,"[29.491402, 46.832239]",8.3241,3,zone_move_4->3
Парканы,Парканы,улица Романенко,34,3,5.5094,6.2407,5.544,1.597,3.9042,True,False,"[29.491402, 46.832239]",8.2134,3,
Парканы,Парканы,улица Романенко,35,4,5.5951,6.3264,5.631,1.597,3.9899,True,False,"[29.491402, 46.832239]",8.3562,3,zone_move_4->3
Парканы,Парканы,улица Романенко,35а,4,5.6107,6.342,5.646,1.597,4.0055,True,False,"[29.491402, 46.832239]",8.3822,4,
Парканы,Парканы,улица Романенко,36,3,5.5261,6.2574,5.562,1.597,3.9209,True,False,"[29.491402, 46.832239]",8.2412,3,
Парканы,Парканы,улица Романенко,37,4,5.6307,6.362,5.666,1.597,4.0254,True,False,"[29.491402, 46.832239]",8.4154,4,
Парканы,Парканы,улица Романенко,38,4,5.5446,6.2759,5.58,1.597,3.9394,True,False,"[29.491402, 46.832239]",8.2721,3,zone_move_4->3
Парканы,Парканы,улица Романенко,39,4,5.652,6.3833,5.688,1.597,4.0468,True,False,"[29.491402, 46.832239]",8.4511,4,
Парканы,Парканы,улица Романенко,40,4,5.5633,6.2946,5.599,1.597,3.9581,True,False,"[29.491402, 46.832239]",8.3032,3,zone_move_4->3
Парканы,Парканы,улица Романенко,41,4,5.672,6.4033,5.707,1.597,4.0667,True,False,"[29.491402, 46.832239]",8.4842,4,
Парканы,Парканы,улица Романенко,42,4,5.581,6.3123,5.617,1.597,3.9758,True,False,"[29.491402, 46.832239]",8.3327,3,zone_move_4->3
Парканы,Парканы,улица Романенко,43,4,5.6916,6.4229,5.727,1.597,4.0864,True,False,"[29.491402, 46.832239]",8.5171,4,
Парканы,Парканы,улица Романенко,44,4,5.6012,6.3325,5.637,1.597,3.996,True,False,"[29.491402, 46.832239]",8.3664,3,zone_move_4->3
Парканы,Парканы,улица Романенко,45,4,5.7139,6.4452,5.749,1.597,4.1087,True,False,"[29.491402, 46.832239]",8.5542,4,
Парканы,Парканы,улица Романенко,46,4,5.6182,6.3495,5.654,1.597,4.0129,True,False,"[29.491402, 46.832239]",8.3946,4,
Парканы,Парканы,улица Романенко,47,4,5.7346,6.4659,5.77,1.597,4.1293,True,False,"[29.491402, 46.832239]",8.5886,4,
Парканы,Парканы,улица Романенко,48,4,5.6436,6.3749,5.679,1.597,4.0383,True,False,"[29.491402, 46.832239]",8.4369,4,
Парканы,Парканы,улица Романенко,50,4,5.6625,6.3938,5.698,1.597,4.0573,True,False,"[29.491402, 46.832239]",8.4686,4,
Парканы,Парканы,улица Романенко,50а,4,5.6827,6.414,5.718,1.597,4.0775,True,False,"[29.491402, 46.832239]",8.5022,4,
Парканы,Парканы,улица Романенко,51,4,5.7555,6.4868,5.791,1.597,4.1503,True,False,"[29.491402, 46.832239]",8.6236,4,
Парканы,Парканы,улица Романенко,52,4,5.7016,6.4329,5.738,1.597,4.0964,True,False,"[29.491402, 46.832239]",8.5337,4,
Парканы,Парканы,улица Романенко,53,4,5.7755,6.5068,5.811,1.597,4.1702,True,False,"[29.491402, 46.832239]",8.6567,4,
Парканы,Парканы,улица Романенко,54,4,5.7217,6.453,5.757,1.597,4.1164,True,False,"[29.491402, 46.832239]",8.5671,4,
Парканы,Парканы,улица Романенко,55,4,5.7972,6.5285,5.833,1.597,4.1919,True,False,"[29.491402, 46.832239]",8.6929,4,
Парканы,Парканы,улица Романенко,56,4,5.7358,6.4671,5.771,1.597,4.1305,True,False,"[29.491402, 46.832239]",8.5906,4,
Парканы,Парканы,улица Романенко,57,4,5.8189,6.5502,5.854,1.597,4.2137,True,False,"[29.491402, 46.832239]",8.7292,4,
Парканы,Парканы,улица Романенко,58,4,5.7504,6.4817,5.786,1.597,4.1451,True,False,"[29.491402, 46.832239]",8.6149,4,
Парканы,Парканы,улица Романенко,59,4,5.8405,6.5718,5.876,1.597,4.2352,True,False,"[29.491402, 46.832239]",8.7651,4,
Парканы,Парканы,улица Романенко,60,4,5.7684,6.4997,5.804,1.597,4.1631,True,False,"[29.491402, 46.832239]",8.6449,4,
Парканы,Парканы,улица Романенко,60а,4,5.7843,6.5156,5.82,1.597,4.179,True,False,"[29.491402, 46.832239]",8.6714,4,
Парканы,Парканы,улица Романенко,61,4,5.8595,6.5908,5.895,1.597,4.2542,True,False,"[29.491402, 46.832239]",8.7967,4,
Парканы,Парканы,улица Романенко,62,4,5.803,6.5343,5.838,1.597,4.1977,True,False,"[29.491402, 46.832239]",8.7026,4,
Парканы,Парканы,улица Романенко,62а,4,5.821,6.5523,5.856,1.597,4.2157,True,False,"[29.491402, 46.832239]",8.7326,4,
Парканы,Парканы,улица Романенко,63,4,5.8801,6.6114,5.915,1.597,4.2748,True,False,"[29.491402, 46.832239]",8.8311,4,
Парканы,Парканы,улица Романенко,64,4,5.8396,6.5709,5.875,1.597,4.2344,True,False,"[29.491402, 46.832239]",8.7637,4,
Парканы,Парканы,улица Романенко,65,4,5.9008,6.6321,5.936,1.597,4.2955,True,False,"[29.491402, 46.832239]",8.8656,4,
Парканы,Парканы,улица Романенко,66,4,5.856,6.5873,5.891,1.597,4.2507,True,False,"[29.491402, 46.832239]",8.7909,4,
Парканы,Парканы,улица Романенко,67,4,6.1466,6.8779,6.182,1.597,4.5414,True,False,"[29.491402, 46.832239]",9.2754,4,
Парканы,Парканы,улица Романенко,67а,4,6.0644,6.7957,6.099,1.597,4.4593,True,False,"[29.491402, 46.832239]",9.1386,4,
Парканы,Парканы,улица Романенко,68,4,5.8723,6.6036,5.908,1.597,4.267,True,False,"[29.491402, 46.832239]",8.8181,4,
Парканы,Парканы,улица Романенко,69,4,6.1071,6.8384,6.142,1.597,4.502,True,False,"[29.491402, 46.832239]",9.2097,4,
Парканы,Парканы,улица Романенко,70,4,5.8883,6.6196,5.924,1.597,4.283,True,False,"[29.491402, 46.832239]",8.8447,4,
Парканы,Парканы,улица Романенко,70а,4,5.9038,6.6351,5.939,1.597,4.2985,True,False,"[29.491402, 46.832239]",8.8706,4,
Парканы,Парканы,улица Романенко,71,4,6.1279,6.8592,6.118,1.597,4.5227,True,False,"[29.491402, 46.832239]",9.2442,4,
Парканы,Парканы,улица Романенко,71,4,6.0828,6.8141,6.118,1.597,4.4777,True,False,"[29.491402, 46.832239]",9.1692,4,
Парканы,Парканы,улица Романенко,72,4,6.1452,6.8765,6.181,1.597,4.5401,True,False,"[29.491402, 46.832239]",9.2732,4,
Парканы,Парканы,улица Романенко,73,4,6.0188,6.7501,6.054,1.597,4.4138,True,False,"[29.491402, 46.832239]",9.0627,4,
Парканы,Парканы,улица Романенко,73а,4,6.0622,6.7935,6.098,1.597,4.4571,True,False,"[29.491402, 46.832239]",9.1349,4,
Парканы,Парканы,улица Романенко,74,4,6.0951,6.8264,6.131,1.597,4.49,True,False,"[29.491402, 46.832239]",9.1897,4,
Парканы,Парканы,улица Романенко,75,4,6.0776,6.8089,6.113,1.597,4.4725,True,False,"[29.491402, 46.832239]",9.1606,4,
Парканы,Парканы,улица Романенко,76,4,6.0717,6.803,6.107,1.597,4.4666,True,False,"[29.491402, 46.832239]",9.1507,4,
Парканы,Парканы,улица Романенко,77,4,6.0919,6.8232,6.128,1.597,4.4868,True,False,"[29.491402, 46.832239]",9.1844,4,
Парканы,Парканы,улица Романенко,77,4,6.1081,6.8394,6.128,1.597,4.503,True,False,"[29.491402, 46.832239]",9.2114,4,
Парканы,Парканы,улица Романенко,78,4,6.0434,6.7747,6.079,1.597,4.4383,True,False,"[29.491402, 46.832239]",9.1036,4,
Парканы,Парканы,улица Романенко,79,4,6.1257,6.857,6.161,1.597,4.5206,True,False,"[29.491402, 46.832239]",9.2407,4,
Парканы,Парканы,улица Романенко,80,4,6.0545,6.7858,6.09,1.597,4.4494,True,False,"[29.491402, 46.832239]",9.1221,4,
Парканы,Парканы,улица Романенко,81,4,6.1428,6.8741,6.178,1.597,4.5377,True,False,"[29.491402, 46.832239]",9.2692,4,
Парканы,Парканы,улица Романенко,82,4,6.0788,6.8101,6.114,1.597,4.4737,True,False,"[29.491402, 46.832239]",9.1626,4,
Парканы,Парканы,улица Романенко,83,4,6.1574,6.8887,6.193,1.597,4.5523,True,False,"[29.491402, 46.832239]",9.2936,4,
Парканы,Парканы,улица Романенко,84,4,6.1031,6.8344,6.138,1.597,4.498,True,False,"[29.491402, 46.832239]",9.2031,4,
Парканы,Парканы,улица Романенко,85,4,6.1715,6.9028,6.207,1.597,4.5663,True,False,"[29.491402, 46.832239]",9.3169,4,
Парканы,Парканы,улица Романенко,86,4,6.1717,6.903,6.162,1.597,4.5666,True,False,"[29.491402, 46.832239]",9.3174,4,
Парканы,Парканы,улица Романенко,86,4,6.1268,6.8581,6.162,1.597,4.5217,True,False,"[29.491402, 46.832239]",9.2426,4,
Парканы,Парканы,улица Романенко,87,4,6.1858,6.9171,6.221,1.597,4.5807,True,False,"[29.491402, 46.832239]",9.3409,4,
Парканы,Парканы,улица Романенко,88,4,6.1924,6.9237,6.185,1.597,4.5873,True,False,"[29.491402, 46.832239]",9.3519,4,
Парканы,Парканы,улица Романенко,88,4,6.1496,6.8809,6.185,1.597,4.5445,True,False,"[29.491402, 46.832239]",9.2806,4,
Парканы,Парканы,улица Романенко,89,4,6.2003,6.9316,6.236,1.597,4.5951,True,False,"[29.491402, 46.832239]",9.3649,4,
Парканы,Парканы,улица Романенко,90,4,6.2134,6.9447,6.249,1.597,4.6083,True,False,"[29.491402, 46.832239]",9.3869,4,
Парканы,Парканы,улица Романенко,91,4,6.2145,6.9458,6.25,1.597,4.6094,True,False,"[29.491402, 46.832239]",9.3887,4,
Парканы,Парканы,улица Романенко,92,4,6.2351,6.9664,6.27,1.597,4.6299,True,False,"[29.491402, 46.832239]",9.4229,4,
Парканы,Парканы,улица Романенко,93,4,6.2276,6.9588,6.263,1.597,4.6224,True,False,"[29.491402, 46.832239]",9.4104,4,
Парканы,Парканы,улица Романенко,94,4,6.2559,6.9872,6.291,1.597,4.6508,True,False,"[29.491402, 46.832239]",9.4577,4,
Парканы,Парканы,улица Романенко,95,4,6.2443,6.9756,6.28,1.597,4.6392,True,False,"[29.491402, 46.832239]",9.4384,4,
Парканы,Парканы,улица Романенко,96,4,6.2766,7.0079,6.312,1.597,4.6714,True,False,"[29.491402, 46.832239]",9.4921,4,
Парканы,Парканы,улица Романенко,97,4,6.2602,6.9915,6.296,1.597,4.6551,True,False,"[29.491402, 46.832239]",9.4649,4,
Парканы,Парканы,улица Романенко,98,4,6.2975,7.0288,6.333,1.597,4.6924,True,False,"[29.491402, 46.832239]",9.5271,4,
Парканы,Парканы,улица Романенко,99,4,6.2756,7.0069,6.311,1.597,4.6705,True,False,"[29.491402, 46.832239]",9.4906,4,
Парканы,Парканы,улица Романенко,100,4,6.3164,7.0477,6.352,1.597,4.7113,True,False,"[29.491402, 46.832239]",9.5586,4,
Парканы,Парканы,улица Романенко,101,4,6.2921,7.0233,6.327,1.597,4.6869,True,False,"[29.491402, 46.832239]",9.5179,4,
Парканы,Парканы,улица Романенко,101а,4,6.3104,7.0417,6.345,1.597,4.7053,True,False,"[29.491402, 46.832239]",9.5486,4,
Парканы,Парканы,улица Романенко,102,4,6.3353,7.0666,6.371,1.597,4.7301,True,False,"[29.491402, 46.832239]",9.5899,4,
Парканы,Парканы,улица Романенко,103,4,6.33,7.0613,6.365,1.597,4.7248,True,False,"[29.491402, 46.832239]",9.5811,4,
Парканы,Парканы,улица Романенко,104,4,6.3541,7.0854,6.389,1.597,4.749,True,False,"[29.491402, 46.832239]",9.6214,4,
Парканы,Парканы,улица Романенко,105,4,6.4902,7.2215,6.526,1.597,4.8852,True,False,"[29.491402, 46.832239]",9.8484,4,
Парканы,Парканы,улица Романенко,106,4,6.4831,7.2144,6.519,1.597,4.8782,True,False,"[29.491402, 46.832239]",9.8367,4,
Парканы,Парканы,улица Романенко,107,4,6.4699,7.2012,6.505,1.597,4.865,True,False,"[29.491402, 46.832239]",9.8147,4,
Парканы,Парканы,улица Романенко,108,4,6.4632,7.1945,6.499,1.597,4.8583,True,False,"[29.491402, 46.832239]",9.8036,4,
Парканы,Парканы,улица Романенко,109,4,6.4451,7.1764,6.48,1.597,4.8402,True,False,"[29.491402, 46.832239]",9.7734,4,
Парканы,Парканы,улица Романенко,110,4,6.4494,7.1807,6.485,1.597,4.8445,True,False,"[29.491402, 46.832239]",9.7806,4,
Парканы,Парканы,улица Романенко,111,4,6.4089,7.1402,6.444,1.597,4.804,True,False,"[29.491402, 46.832239]",9.7131,4,
Парканы,Парканы,улица Романенко,112,4,6.4334,7.1647,6.469,1.597,4.8285,True,False,"[29.491402, 46.832239]",9.7539,4,
Парканы,Парканы,улица Романенко,113,4,6.4501,7.1814,6.486,1.597,4.8452,True,False,"[29.491402, 46.832239]",9.7817,4,
Парканы,Парканы,улица Романенко,114,4,6.4699,7.2012,6.505,1.597,4.8649,True,False,"[29.491402, 46.832239]",9.8146,4,
Парканы,Парканы,улица Романенко,115,4,6.4684,7.1997,6.504,1.597,4.8634,True,False,"[29.491402, 46.832239]",9.8121,4,
Парканы,Парканы,улица Романенко,116,4,6.4615,7.1928,6.497,1.597,4.8566,True,False,"[29.491402, 46.832239]",9.8007,4,
Парканы,Парканы,улица Романенко,117,4,6.4845,7.2158,6.52,1.597,4.8796,True,False,"[29.491402, 46.832239]",9.8391,4,
Парканы,Парканы,улица Романенко,118,4,6.483,7.2143,6.519,1.597,4.8781,True,False,"[29.491402, 46.832239]",9.8366,4,
Парканы,Парканы,улица Романенко,119,4,6.5069,7.2382,6.542,1.597,4.902,True,False,"[29.491402, 46.832239]",9.8764,4,
Парканы,Парканы,улица Романенко,120,4,6.5067,7.238,6.542,1.597,4.9018,True,False,"[29.491402, 46.832239]",9.8761,4,
Парканы,Парканы,улица Романенко,121,4,6.5235,7.2548,6.559,1.597,4.9186,True,False,"[29.491402, 46.832239]",9.9041,4,
Парканы,Парканы,улица Романенко,122,4,6.5289,7.2602,6.564,1.597,4.924,True,False,"[29.491402, 46.832239]",9.9131,4,
Парканы,Парканы,улица Романенко,123,4,6.5439,7.2752,6.579,1.597,4.939,True,False,"[29.491402, 46.832239]",9.9381,4,
Парканы,Парканы,улица Романенко,124,4,6.5534,7.2847,6.589,1.597,4.9485,True,False,"[29.491402, 46.832239]",9.9539,4,
Парканы,Парканы,улица Романенко,125,4,6.565,7.2963,6.601,1.597,4.9601,True,False,"[29.491402, 46.832239]",9.9732,4,
Парканы,Парканы,улица Романенко,126,4,6.5724,7.3037,6.607,1.597,4.9675,True,False,"[29.491402, 46.832239]",9.9856,4,
Парканы,Парканы,улица Романенко,127,4,6.5864,7.3177,6.622,1.597,4.9815,True,False,"[29.491402, 46.832239]",10.0089,4,
Парканы,Парканы,улица Романенко,128,4,6.5948,7.3261,6.63,1.597,4.9899,True,False,"[29.491402, 46.832239]",10.0229,4,
Парканы,Парканы,улица Романенко,129,4,6.6076,7.3389,6.643,1.597,5.0027,True,False,"[29.491402, 46.832239]",10.0442,4,
Парканы,Парканы,улица Романенко,130,4,6.6116,7.3429,6.647,1.597,5.0067,True,False,"[29.491402, 46.832239]",10.0509,4,
Парканы,Парканы,улица Романенко,131,4,6.6244,7.3557,6.66,1.597,5.0195,True,False,"[29.491402, 46.832239]",10.0722,4,
Парканы,Парканы,улица Романенко,132,4,6.6306,7.3619,6.666,1.597,5.0257,True,False,"[29.491402, 46.832239]",10.0826,4,
Парканы,Парканы,улица Романенко,133,4,6.6457,7.377,6.681,1.597,5.0408,True,False,"[29.491402, 46.832239]",10.1077,4,
Парканы,Парканы,улица Романенко,134,4,6.6518,7.3831,6.687,1.597,5.0469,True,False,"[29.491402, 46.832239]",10.1179,4,
Парканы,Парканы,улица Романенко,135,4,6.6658,7.3971,6.701,1.597,5.0609,True,False,"[29.491402, 46.832239]",10.1412,4,
Парканы,Парканы,улица Романенко,136,4,6.6699,7.4012,6.705,1.597,5.0651,True,False,"[29.491402, 46.832239]",10.1482,4,
Парканы,Парканы,улица Романенко,137,4,6.6871,7.4184,6.722,1.597,5.0823,True,False,"[29.491402, 46.832239]",10.1769,4,
Парканы,Парканы,улица Романенко,138,4,6.6866,7.4179,6.722,1.597,5.0817,True,False,"[29.491402, 46.832239]",10.1759,4,
Парканы,Парканы,улица Романенко,139,4,6.705,7.4363,6.74,1.597,5.1002,True,False,"[29.491402, 46.832239]",10.2067,4,
Парканы,Парканы,улица Романенко,140,4,6.7077,7.439,6.743,1.597,5.1028,True,False,"[29.491402, 46.832239]",10.2111,4,
Парканы,Парканы,улица Романенко,141,4,6.7254,7.4567,6.761,1.597,5.1205,True,False,"[29.491402, 46.832239]",10.2406,4,
Парканы,Парканы,улица Романенко,142,4,6.7266,7.4579,6.762,1.597,5.1217,True,False,"[29.491402, 46.832239]",10.2426,4,
Парканы,Парканы,улица Романенко,143,4,6.7479,7.4791,6.783,1.597,5.143,True,False,"[29.491402, 46.832239]",10.2781,4,
Парканы,Парканы,улица Романенко,144,4,6.7491,7.4804,6.785,1.597,5.1442,True,False,"[29.491402, 46.832239]",10.2801,4,
Парканы,Парканы,улица Романенко,145,4,6.767,7.4983,6.803,1.597,5.1621,True,False,"[29.491402, 46.832239]",10.3099,4,
Парканы,Парканы,улица Романенко,146,4,6.7713,7.5026,6.806,1.597,5.1665,True,False,"[29.491402, 46.832239]",10.3172,4,
Парканы,Парканы,улица Романенко,147,4,6.7847,7.516,6.821,1.597,5.1799,True,False,"[29.491402, 46.832239]",10.3396,4,
Парканы,Парканы,улица Романенко,148,4,6.7916,7.5228,6.827,1.597,5.1867,True,False,"[29.491402, 46.832239]",10.3509,4,
Парканы,Парканы,улица Романенко,149,4,7.415,8.1462,7.451,1.597,5.8101,True,False,"[29.491402, 46.832239]",11.3899,4,
Парканы,Парканы,улица Романенко,150,4,7.4068,8.1381,7.442,1.597,5.8019,True,False,"[29.491402, 46.832239]",11.3762,4,
Парканы,Парканы,улица Романенко,151,4,7.3947,8.126,7.43,1.597,5.7898,True,False,"[29.491402, 46.832239]",11.3561,4,
Парканы,Парканы,улица Романенко,152,4,7.3877,8.119,7.423,1.597,5.7828,True,False,"[29.491402, 46.832239]",11.3444,4,
Парканы,Парканы,улица Романенко,153,4,7.3735,8.1048,7.408,1.597,5.7686,True,False,"[29.491402, 46.832239]",11.3207,4,
Парканы,Парканы,улица Романенко,154,4,7.3653,8.0966,7.401,1.597,5.7604,True,False,"[29.491402, 46.832239]",11.3071,4,
Парканы,Парканы,улица Романенко,155,4,7.3512,8.0825,7.386,1.597,5.7463,True,False,"[29.491402, 46.832239]",11.2836,4,
Парканы,Парканы,улица Романенко,156,4,7.3452,8.0765,7.38,1.597,5.7403,True,False,"[29.491402, 46.832239]",11.2736,4,
Парканы,Парканы,улица Романенко,157,4,7.3323,8.0636,7.367,1.597,5.7274,True,False,"[29.491402, 46.832239]",11.2521,4,
Парканы,Парканы,улица Романенко,158,4,7.3261,8.0573,7.362,1.597,5.7211,True,False,"[29.491402, 46.832239]",11.2416,4,
Парканы,Парканы,улица Романенко,159,4,7.3089,8.0402,7.344,1.597,5.704,True,False,"[29.491402, 46.832239]",11.2131,4,
Парканы,Парканы,улица Романенко,160,4,7.3048,8.0361,7.34,1.597,5.6999,True,False,"[29.491402, 46.832239]",11.2062,4,
Парканы,Парканы,улица Романенко,161,4,7.282,8.0133,7.317,1.597,5.6771,True,False,"[29.491402, 46.832239]",11.1682,4,
Парканы,Парканы,улица Романенко,162,4,7.2826,8.0138,7.318,1.597,5.6776,True,False,"[29.491402, 46.832239]",11.1691,4,
Парканы,Парканы,улица Романенко,163,4,7.2574,7.9887,7.292,1.597,5.6525,True,False,"[29.491402, 46.832239]",11.1272,4,
Парканы,Парканы,улица Романенко,164,4,7.2601,7.9914,7.296,1.597,5.6552,True,False,"[29.491402, 46.832239]",11.1317,4,
Парканы,Парканы,улица Романенко,165,4,7.2338,7.9651,7.269,1.597,5.6289,True,False,"[29.491402, 46.832239]",11.0879,4,
Парканы,Парканы,улица Романенко,166,4,7.2421,7.9734,7.277,1.597,5.6371,True,False,"[29.491402, 46.832239]",11.1016,4,
Парканы,Парканы,улица Романенко,167,4,7.2124,7.9437,7.248,1.597,5.6075,True,False,"[29.491402, 46.832239]",11.0522,4,
Парканы,Парканы,улица Романенко,168,4,7.2177,7.949,7.254,1.597,5.6128,True,False,"[29.491402, 46.832239]",11.0611,4,
Парканы,Парканы,улица Романенко,169,4,7.1812,7.9125,7.217,1.597,5.5763,True,False,"[29.491402, 46.832239]",11.0002,4,
Парканы,Парканы,улица Романенко,170,4,7.1998,7.9311,7.235,1.597,5.5949,True,False,"[29.491402, 46.832239]",11.0312,4,
Парканы,Парканы,улица Романенко,171,4,7.1089,7.8402,7.144,1.597,5.504,True,False,"[29.491402, 46.832239]",10.8797,4,
Парканы,Парканы,улица Романенко,172,4,7.1742,7.9055,7.21,1.597,5.5692,True,False,"[29.491402, 46.832239]",10.9884,4,
Парканы,Парканы,улица Романенко,174,4,7.1515,7.8828,7.187,1.597,5.5465,True,False,"[29.491402, 46.832239]",10.9506,4,
Парканы,Парканы,улица Русакова,1,4,5.7162,6.4475,5.752,1.597,4.1107,True,False,"[29.491402, 46.832239]",8.5576,4,
Парканы,Парканы,улица Русакова,2,4,5.7298,6.4611,5.765,1.597,4.1243,True,False,"[29.491402, 46.832239]",8.5802,4,
Парканы,Парканы,улица Русакова,3,4,5.6993,6.4306,5.735,1.597,4.0938,True,False,"[29.491402, 46.832239]",8.5294,4,
Парканы,Парканы,улица Русакова,4,4,5.7126,6.4439,5.748,1.597,4.1071,True,False,"[29.491402, 46.832239]",8.5516,4,
Парканы,Парканы,улица Русакова,5,4,5.6731,6.4044,5.708,1.597,4.0676,True,False,"[29.491402, 46.832239]",8.4857,4,
Парканы,Парканы,улица Русакова,6,4,5.6969,6.4282,5.733,1.597,4.0914,True,False,"[29.491402, 46.832239]",8.5254,4,
Парканы,Парканы,улица Русакова,8,4,5.6799,6.4112,5.715,1.597,4.0744,True,False,"[29.491402, 46.832239]",8.4971,4,
Парканы,Парканы,улица Русакова,9,4,5.6478,6.3791,5.684,1.597,4.0423,True,False,"[29.491402, 46.832239]",8.4436,4,
Парканы,Парканы,улица Русакова,10,4,5.6597,6.391,5.695,1.597,4.0542,True,False,"[29.491402, 46.832239]",8.4634,4,
Парканы,Парканы,улица Русакова,11,4,5.6241,6.3554,5.659,1.597,4.0186,True,False,"[29.491402, 46.832239]",8.4041,4,
Парканы,Парканы,улица Русакова,12,4,5.6414,6.3727,5.677,1.597,4.0359,True,False,"[29.491402, 46.832239]",8.4329,4,
Парканы,Парканы,улица Русакова,13,4,5.6006,6.3319,5.636,1.597,3.9951,True,False,"[29.491402, 46.832239]",8.3649,3,zone_move_4->3
Парканы,Парканы,улица Русакова,14,4,5.6213,6.3525,5.657,1.597,4.0157,True,False,"[29.491402, 46.832239]",8.3992,4,
Парканы,Парканы,улица Русакова,15,4,5.5811,6.3124,5.617,1.597,3.9756,True,False,"[29.491402, 46.832239]",8.3324,3,zone_move_4->3
Парканы,Парканы,улица Русакова,17,4,5.5608,6.2921,5.596,1.597,3.9553,True,False,"[29.491402, 46.832239]",8.2986,3,zone_move_4->3
Парканы,Парканы,улица Русакова,18,4,5.5994,6.3307,5.635,1.597,3.9939,True,False,"[29.491402, 46.832239]",8.3629,3,zone_move_4->3
Парканы,Парканы,улица Русакова,19,3,5.5401,6.2714,5.576,1.597,3.9346,True,False,"[29.491402, 46.832239]",8.2641,3,
Парканы,Парканы,улица Русакова,20,4,5.5767,6.308,5.612,1.597,3.9712,True,False,"[29.491402, 46.832239]",8.3251,3,zone_move_4->3
Парканы,Парканы,улица Русакова,21,3,5.5176,6.2489,5.553,1.597,3.9121,True,False,"[29.491402, 46.832239]",8.2266,3,
Парканы,Парканы,улица Русакова,22,4,5.5574,6.2887,5.593,1.597,3.9519,True,False,"[29.491402, 46.832239]",8.2929,3,zone_move_4->3
Парканы,Парканы,улица Русакова,22,4,5.5696,6.3009,5.593,1.597,3.9641,True,False,"[29.491402, 46.832239]",8.3132,3,zone_move_4->3
Парканы,Парканы,улица Русакова,23,3,5.4891,6.2204,5.525,1.597,3.8836,True,False,"[29.491402, 46.832239]",8.1791,3,
Парканы,Парканы,улица Русакова,24,3,5.5374,6.2687,5.573,1.597,3.9318,True,False,"[29.491402, 46.832239]",8.2594,3,
Парканы,Парканы,улица Русакова,26,3,5.5126,6.2439,5.548,1.597,3.9071,True,False,"[29.491402, 46.832239]",8.2182,3,
Парканы,Парканы,улица Русакова,27,3,5.4342,6.1655,5.47,1.597,3.8288,True,False,"[29.491402, 46.832239]",8.0877,3,
Парканы,Парканы,улица Русакова,28,3,5.4884,6.2197,5.524,1.597,3.8829,True,False,"[29.491402, 46.832239]",8.1779,3,
Парканы,Парканы,улица Русакова,29,3,5.4549,6.1862,5.49,1.597,3.8495,True,False,"[29.491402, 46.832239]",8.1222,3,
Парканы,Парканы,улица Русакова,30,3,5.4669,6.1982,5.502,1.597,3.8614,True,False,"[29.491402, 46.832239]",8.1421,3,
Парканы,Парканы,улица Русакова,31,3,5.4772,6.2084,5.512,1.597,3.8718,True,False,"[29.491402, 46.832239]",8.1594,3,
Парканы,Парканы,улица Русакова,32,3,5.4476,6.1789,5.483,1.597,3.8421,True,False,"[29.491402, 46.832239]",8.1099,3,
Парканы,Парканы,улица Русакова,33,3,5.4951,6.2264,5.531,1.597,3.8897,True,False,"[29.491402, 46.832239]",8.1892,3,
Парканы,Парканы,улица Русакова,34,3,5.4341,6.1654,5.469,1.597,3.8286,True,False,"[29.491402, 46.832239]",8.0874,3,
Парканы,Парканы,улица Русакова,35,3,5.5099,6.2412,5.546,1.597,3.9045,True,False,"[29.491402, 46.832239]",8.2139,3,
Парканы,Парканы,улица Русакова,36,3,5.4107,6.142,5.446,1.597,3.8052,True,False,"[29.491402, 46.832239]",8.0484,3,
Парканы,Парканы,улица Русакова,37,3,5.5301,6.2614,5.566,1.597,3.9247,True,False,"[29.491402, 46.832239]",8.2476,3,
Парканы,Парканы,улица Русакова,38,3,5.421,6.1523,5.456,1.597,3.8156,True,False,"[29.491402, 46.832239]",8.0657,3,
Парканы,Парканы,улица Русакова,39,4,5.5468,6.2781,5.582,1.597,3.9414,True,False,"[29.491402, 46.832239]",8.2754,3,zone_move_4->3
Парканы,Парканы,улица Русакова,40,3,5.4345,6.1657,5.47,1.597,3.8291,True,False,"[29.491402, 46.832239]",8.0882,3,
Парканы,Парканы,улица Русакова,41,4,5.5636,6.2949,5.598,1.597,3.9582,True,False,"[29.491402, 46.832239]",8.3034,3,zone_move_4->3
Парканы,Парканы,улица Русакова,42,3,5.4492,6.1805,5.484,1.597,3.8438,True,False,"[29.491402, 46.832239]",8.1127,3,
Парканы,Парканы,улица Русакова,43,4,5.5814,6.3127,5.617,1.597,3.976,True,False,"[29.491402, 46.832239]",8.3331,3,zone_move_4->3
Парканы,Парканы,улица Русакова,44,3,5.4636,6.1949,5.499,1.597,3.8582,True,False,"[29.491402, 46.832239]",8.1367,3,
Парканы,Парканы,улица Русакова,45,4,5.5993,6.3306,5.635,1.597,3.994,True,False,"[29.491402, 46.832239]",8.3631,3,zone_move_4->3
Парканы,Парканы,улица Русакова,45,4,5.9038,6.6351,5.635,1.597,4.2979,True,False,"[29.491402, 46.832239]",8.8696,4,
Парканы,Парканы,улица Русакова,46,3,5.4769,6.2082,5.513,1.597,3.8715,True,False,"[29.491402, 46.832239]",8.1589,3,
Парканы,Парканы,улица Русакова,47,4,5.9294,6.6607,5.964,1.597,4.3235,True,False,"[29.491402, 46.832239]",8.9122,4,
Парканы,Парканы,улица Русакова,48,3,5.4908,6.2221,5.502,1.597,3.8854,True,False,"[29.491402, 46.832239]",8.1821,3,
Парканы,Парканы,улица Русакова,48,3,5.4664,6.1977,5.502,1.597,3.861,True,False,"[29.491402, 46.832239]",8.1414,3,
Парканы,Парканы,улица Русакова,49,4,5.9105,6.6418,5.946,1.597,4.3045,True,False,"[29.491402, 46.832239]",8.8806,4,
Парканы,Парканы,улица Русакова,50,3,5.5059,6.2372,5.541,1.597,3.9005,True,False,"[29.491402, 46.832239]",8.2072,3,
Парканы,Парканы,улица Русакова,51,4,5.8865,6.6178,5.922,1.597,4.2805,True,False,"[29.491402, 46.832239]",8.8406,4,
Парканы,Парканы,улица Русакова,52,3,5.5215,6.2528,5.557,1.597,3.9161,True,False,"[29.491402, 46.832239]",8.2332,3,
Парканы,Парканы,улица Русакова,53,4,5.8636,6.5949,5.899,1.597,4.2576,True,False,"[29.491402, 46.832239]",8.8024,4,
Парканы,Парканы,улица Русакова,54,3,5.5393,6.2706,5.575,1.597,3.9339,True,False,"[29.491402, 46.832239]",8.2629,3,
Парканы,Парканы,улица Русакова,55,4,5.7937,6.525,5.829,1.597,4.1878,True,False,"[29.491402, 46.832239]",8.6861,4,
Парканы,Парканы,улица Русакова,56,4,5.5539,6.2852,5.584,1.597,3.9485,True,False,"[29.491402, 46.832239]",8.2872,3,zone_move_4->3
Парканы,Парканы,улица Русакова,56,4,5.549,6.2803,5.584,1.597,3.9436,True,False,"[29.491402, 46.832239]",8.2791,3,zone_move_4->3
Парканы,Парканы,улица Русакова,57,4,5.8579,6.5892,5.894,1.597,4.2519,True,False,"[29.491402, 46.832239]",8.7929,4,
Парканы,Парканы,улица Русакова,58,4,5.5685,6.2998,5.604,1.597,3.9631,True,False,"[29.491402, 46.832239]",8.3116,3,zone_move_4->3
Парканы,Парканы,улица Русакова,59,4,5.9092,6.6405,5.944,1.597,4.3033,True,False,"[29.491402, 46.832239]",8.8786,4,
Парканы,Парканы,улица Русакова,60,4,5.5841,6.3154,5.62,1.597,3.9787,True,False,"[29.491402, 46.832239]",8.3376,3,zone_move_4->3
Парканы,Парканы,улица Русакова,61,4,5.9385,6.6698,5.974,1.597,4.3326,True,False,"[29.491402, 46.832239]",8.9274,4,
Парканы,Парканы,улица Русакова,62,4,5.6019,6.3332,5.637,1.597,3.9965,True,False,"[29.491402, 46.832239]",8.3672,3,zone_move_4->3
Парканы,Парканы,улица Русакова,63,4,5.9853,6.7166,6.02,1.597,4.3794,True,False,"[29.491402, 46.832239]",9.0054,4,
Парканы,Парканы,улица Русакова,64,4,5.927,6.6583,5.962,1.597,4.321,True,False,"[29.491402, 46.832239]",8.9081,4,
Парканы,Парканы,улица Русакова,65,4,6.0167,6.748,6.052,1.597,4.4108,True,False,"[29.491402, 46.832239]",9.0577,4,
Парканы,Парканы,улица Русакова,66,4,5.907,6.6383,5.943,1.597,4.301,True,False,"[29.491402, 46.832239]",8.8747,4,
Парканы,Парканы,улица Русакова,67,4,6.1283,6.8596,6.163,1.597,4.5223,True,False,"[29.491402, 46.832239]",9.2436,4,
Парканы,Парканы,улица Русакова,68,4,5.8932,6.6244,5.929,1.597,4.2872,True,False,"[29.491402, 46.832239]",8.8517,4,
Парканы,Парканы,улица Русакова,69,4,6.1642,6.8955,6.2,1.597,4.5583,True,False,"[29.491402, 46.832239]",9.3036,4,
Парканы,Парканы,улица Русакова,70,4,5.8788,6.61,5.914,1.597,4.2728,True,False,"[29.491402, 46.832239]",8.8277,4,
Парканы,Парканы,улица Русакова,71,4,6.1899,6.9212,6.226,1.597,4.584,True,False,"[29.491402, 46.832239]",9.3464,4,
Парканы,Парканы,улица Русакова,72,4,5.8634,6.5946,5.898,1.597,4.2574,True,False,"[29.491402, 46.832239]",8.8021,4,
Парканы,Парканы,улица Русакова,73,4,6.2171,6.9484,6.252,1.597,4.6112,True,False,"[29.491402, 46.832239]",9.3917,4,
Парканы,Парканы,улица Русакова,74,4,5.8501,6.5814,5.885,1.597,4.2441,True,False,"[29.491402, 46.832239]",8.7799,4,
Парканы,Парканы,улица Русакова,75,4,6.2437,6.975,6.279,1.597,4.6378,True,False,"[29.491402, 46.832239]",9.4361,4,
Парканы,Парканы,улица Русакова,76,4,5.8336,6.5649,5.869,1.597,4.2276,True,False,"[29.491402, 46.832239]",8.7524,4,
Парканы,Парканы,улица Русакова,77,4,6.2616,6.9929,6.297,1.597,4.6557,True,False,"[29.491402, 46.832239]",9.4659,4,
Парканы,Парканы,улица Русакова,79,4,6.3352,7.0665,6.371,1.597,4.7293,True,False,"[29.491402, 46.832239]",9.5886,4,
Парканы,Парканы,улица Русакова,88,4,5.9748,6.7061,6.01,1.597,4.3688,True,False,"[29.491402, 46.832239]",8.9877,4,
Парканы,Парканы,улица Русакова,161,4,6.29,7.0213,6.325,1.597,4.6841,True,False,"[29.491402, 46.832239]",9.5132,4,
Парканы,Парканы,улица Русакова,169,4,6.4398,7.1711,6.475,1.597,4.834,True,False,"[29.491402, 46.832239]",9.7631,4,
Парканы,Парканы,улица Русакова,195,4,6.1359,6.8672,6.171,1.597,4.53,True,False,"[29.491402, 46.832239]",9.2564,4,
Парканы,Парканы,улица Свердлова,1,4,6.3525,7.0837,6.267,1.597,4.7473,True,False,"[29.491402, 46.832239]",9.6186,4,
Парканы,Парканы,улица Свердлова,1,4,6.3153,7.0466,6.267,1.597,4.7101,True,False,"[29.491402, 46.832239]",9.5566,4,
Парканы,Парканы,улица Свердлова,1,4,6.2321,6.9634,6.267,1.597,4.6269,True,False,"[29.491402, 46.832239]",9.4179,4,
Парканы,Парканы,улица Свердлова,1а,4,6.1983,6.9296,6.233,1.597,4.5931,True,False,"[29.491402, 46.832239]",9.3616,4,
Парканы,Парканы,улица Свердлова,2,4,6.1867,6.918,6.222,1.597,4.5815,True,False,"[29.491402, 46.832239]",9.3422,4,
Парканы,Парканы,улица Свердлова,3,4,6.3928,7.1241,6.309,1.597,4.7876,True,False,"[29.491402, 46.832239]",9.6857,4,
Парканы,Парканы,улица Свердлова,3,4,6.2738,7.0051,6.309,1.597,4.6686,True,False,"[29.491402, 46.832239]",9.4874,4,
Парканы,Парканы,улица Свердлова,4,4,6.2057,6.937,6.241,1.597,4.6005,True,False,"[29.491402, 46.832239]",9.3739,4,
Парканы,Парканы,улица Свердлова,6,4,6.2237,6.955,6.26,1.597,4.6185,True,False,"[29.491402, 46.832239]",9.4039,4,
Парканы,Парканы,улица Свердлова,8,4,6.2429,6.9742,6.278,1.597,4.6377,True,False,"[29.491402, 46.832239]",9.4359,4,
Парканы,Парканы,улица Свердлова,9,4,6.4583,7.1896,6.493,1.597,4.8531,True,False,"[29.491402, 46.832239]",9.7949,4,
Парканы,Парканы,улица Свердлова,10,4,6.2632,6.9945,6.299,1.597,4.658,True,False,"[29.491402, 46.832239]",9.4697,4,
Парканы,Парканы,улица Свердлова,11,4,6.4279,7.1592,6.464,1.597,4.8227,True,False,"[29.491402, 46.832239]",9.7442,4,
Парканы,Парканы,улица Свердлова,12,4,6.2813,7.0126,6.316,1.597,4.6761,True,False,"[29.491402, 46.832239]",9.4999,4,
Парканы,Парканы,улица Свердлова,13,4,6.4867,7.218,6.522,1.597,4.8815,True,False,"[29.491402, 46.832239]",9.8422,4,
Парканы,Парканы,улица Свердлова,14,4,6.2969,7.0282,6.332,1.597,4.6917,True,False,"[29.491402, 46.832239]",9.5259,4,
Парканы,Парканы,улица Свердлова,16,4,6.3159,7.0472,6.351,1.597,4.7107,True,False,"[29.491402, 46.832239]",9.5576,4,
Парканы,Парканы,улица Свердлова,17,4,6.5236,7.2549,6.559,1.597,4.9184,True,False,"[29.491402, 46.832239]",9.9037,4,
Парканы,Парканы,улица Свердлова,18,4,6.3337,7.065,6.37,1.597,4.7285,True,False,"[29.491402, 46.832239]",9.5872,4,
Парканы,Парканы,улица Свердлова,18а,4,6.3508,7.082,6.387,1.597,4.7456,True,False,"[29.491402, 46.832239]",9.6157,4,
Парканы,Парканы,улица Свердлова,19,4,6.685,7.4163,6.72,1.597,5.0797,True,False,"[29.491402, 46.832239]",10.1726,4,
Парканы,Парканы,улица Свердлова,20,4,6.3651,7.0964,6.4,1.597,4.7599,True,False,"[29.491402, 46.832239]",9.6396,4,
Парканы,Парканы,улица Свердлова,21,4,6.6648,7.3961,6.7,1.597,5.0595,True,False,"[29.491402, 46.832239]",10.1389,4,
Парканы,Парканы,улица Свердлова,22,4,6.3799,7.1112,6.415,1.597,4.7747,True,False,"[29.491402, 46.832239]",9.6642,4,
Парканы,Парканы,улица Свердлова,23,4,6.6402,7.3715,6.675,1.597,5.0349,True,False,"[29.491402, 46.832239]",10.0979,4,
Парканы,Парканы,улица Свердлова,24,4,6.3954,7.1267,6.431,1.597,4.7902,True,False,"[29.491402, 46.832239]",9.6901,4,
Парканы,Парканы,улица Свердлова,25,4,6.6273,7.3586,6.663,1.597,5.022,True,False,"[29.491402, 46.832239]",10.0764,4,
Парканы,Парканы,улица Свердлова,27,4,6.6118,7.3431,6.647,1.597,5.0065,True,False,"[29.491402, 46.832239]",10.0506,4,
Парканы,Парканы,улица Свердлова,29,4,6.5783,7.3096,6.614,1.597,4.9731,True,False,"[29.491402, 46.832239]",9.9949,4,
Парканы,Парканы,улица Свердлова,30,4,6.4103,7.1416,6.445,1.597,4.8051,True,False,"[29.491402, 46.832239]",9.7149,4,
Парканы,Парканы,улица Свердлова,31,4,6.621,7.3523,6.657,1.597,5.0157,True,False,"[29.491402, 46.832239]",10.0659,4,
Парканы,Парканы,улица Свердлова,32,4,6.4227,7.154,6.459,1.597,4.8176,True,False,"[29.491402, 46.832239]",9.7357,4,
Парканы,Парканы,улица Свердлова,33,4,6.6506,7.3819,6.686,1.597,5.0453,True,False,"[29.491402, 46.832239]",10.1152,4,
Парканы,Парканы,улица Свердлова,34,4,6.4399,7.1712,6.475,1.597,4.8347,True,False,"[29.491402, 46.832239]",9.7642,4,
Парканы,Парканы,улица Свердлова,35,4,6.6769,7.4082,6.713,1.597,5.0716,True,False,"[29.491402, 46.832239]",10.1591,4,
Парканы,Парканы,улица Свердлова,36,4,6.4534,7.1847,6.489,1.597,4.8482,True,False,"[29.491402, 46.832239]",9.7867,4,
Парканы,Парканы,улица Свердлова,36,4,6.4849,7.2162,6.489,1.597,4.8797,True,False,"[29.491402, 46.832239]",9.8392,4,
Парканы,Парканы,улица Свердлова,37,4,6.7007,7.4319,6.736,1.597,5.0954,True,False,"[29.491402, 46.832239]",10.1987,4,
Парканы,Парканы,улица Свердлова,38,4,6.469,7.2003,6.504,1.597,4.8638,True,False,"[29.491402, 46.832239]",9.8127,4,
Парканы,Парканы,улица Свердлова,39,4,6.725,7.4563,6.76,1.597,5.1198,True,False,"[29.491402, 46.832239]",10.2394,4,
Парканы,Парканы,улица Свердлова,40,4,6.5005,7.2317,6.536,1.597,4.8953,True,False,"[29.491402, 46.832239]",9.8652,4,
Парканы,Парканы,улица Свердлова,41,4,6.7506,7.4819,6.787,1.597,5.1453,True,False,"[29.491402, 46.832239]",10.2819,4,
Парканы,Парканы,улица Свердлова,42,4,6.5163,7.2476,6.552,1.597,4.9111,True,False,"[29.491402, 46.832239]",9.8916,4,
Парканы,Парканы,улица Свердлова,43,4,6.7772,7.5085,6.812,1.597,5.1719,True,False,"[29.491402, 46.832239]",10.3262,4,
Парканы,Парканы,улица Свердлова,44,4,6.5321,7.2633,6.567,1.597,4.9269,True,False,"[29.491402, 46.832239]",9.9179,4,
Парканы,Парканы,улица Свердлова,45,4,6.8008,7.5321,6.836,1.597,5.1955,True,False,"[29.491402, 46.832239]",10.3656,4,
Парканы,Парканы,улица Свердлова,46,4,6.5455,7.2768,6.581,1.597,4.9403,True,False,"[29.491402, 46.832239]",9.9402,4,
Парканы,Парканы,улица Свердлова,47,4,6.827,7.5583,6.863,1.597,5.2217,True,False,"[29.491402, 46.832239]",10.4092,4,
Парканы,Парканы,улица Свердлова,48,4,6.6809,7.4122,6.716,1.597,5.0756,True,False,"[29.491402, 46.832239]",10.1657,4,
Парканы,Парканы,улица Свердлова,49,4,6.8608,7.5921,6.897,1.597,5.2555,True,False,"[29.491402, 46.832239]",10.4656,4,
Парканы,Парканы,улица Свердлова,50,4,6.6665,7.3978,6.702,1.597,5.0612,True,False,"[29.491402, 46.832239]",10.1417,4,
Парканы,Парканы,улица Свердлова,51,4,6.8857,7.617,6.921,1.597,5.2805,True,False,"[29.491402, 46.832239]",10.5072,4,
Парканы,Парканы,улица Свердлова,52,4,6.6572,7.3885,6.692,1.597,5.0519,True,False,"[29.491402, 46.832239]",10.1262,4,
Парканы,Парканы,улица Свердлова,53,4,7.5746,8.3059,7.61,1.597,5.9694,True,False,"[29.491402, 46.832239]",11.6554,4,
Парканы,Парканы,улица Свердлова,54,4,6.6412,7.3725,6.656,1.597,5.0359,True,False,"[29.491402, 46.832239]",10.0996,4,
Парканы,Парканы,улица Свердлова,54,4,6.6207,7.352,6.656,1.597,5.0154,True,False,"[29.491402, 46.832239]",10.0654,4,
Парканы,Парканы,улица Свердлова,55,4,7.5574,8.2887,7.592,1.597,5.9522,True,False,"[29.491402, 46.832239]",11.6267,4,
Парканы,Парканы,улица Свердлова,56,4,6.6121,7.3434,6.647,1.597,5.0067,True,False,"[29.491402, 46.832239]",10.0509,4,
Парканы,Парканы,улица Свердлова,56,4,6.6118,7.3431,6.647,1.597,5.0065,True,False,"[29.491402, 46.832239]",10.0506,4,
Парканы,Парканы,улица Свердлова,57,4,7.538,8.2693,7.573,1.597,5.9328,True,False,"[29.491402, 46.832239]",11.5944,4,
Парканы,Парканы,улица Свердлова,58,4,6.6114,7.3426,6.647,1.597,5.006,True,False,"[29.491402, 46.832239]",10.0497,4,
Парканы,Парканы,улица Свердлова,59,4,7.5213,8.2526,7.557,1.597,5.9161,True,False,"[29.491402, 46.832239]",11.5666,4,
Парканы,Парканы,улица Свердлова,60,4,6.6224,7.3537,6.658,1.597,5.0171,True,False,"[29.491402, 46.832239]",10.0682,4,
Парканы,Парканы,улица Свердлова,61,4,7.5018,8.2331,7.537,1.597,5.8966,True,False,"[29.491402, 46.832239]",11.5341,4,
Парканы,Парканы,улица Свердлова,62,4,6.6384,7.3697,6.674,1.597,5.0331,True,False,"[29.491402, 46.832239]",10.0949,4,
Парканы,Парканы,улица Свердлова,63,4,7.4838,8.2151,7.519,1.597,5.8786,True,False,"[29.491402, 46.832239]",11.5041,4,
Парканы,Парканы,улица Свердлова,64,4,6.6568,7.3881,6.692,1.597,5.0515,True,False,"[29.491402, 46.832239]",10.1256,4,
Парканы,Парканы,улица Свердлова,65,4,7.4659,8.1972,7.502,1.597,5.8607,True,False,"[29.491402, 46.832239]",11.4742,4,
Парканы,Парканы,улица Свердлова,66,4,6.6653,7.3966,6.7,1.597,5.06,True,False,"[29.491402, 46.832239]",10.1397,4,
Парканы,Парканы,улица Свердлова,67,4,7.4491,8.1804,7.484,1.597,5.8439,True,False,"[29.491402, 46.832239]",11.4462,4,
Парканы,Парканы,улица Свердлова,68,4,6.68,7.4113,6.715,1.597,5.0747,True,False,"[29.491402, 46.832239]",10.1642,4,
Парканы,Парканы,улица Свердлова,69,4,7.4312,8.1624,7.467,1.597,5.8259,True,False,"[29.491402, 46.832239]",11.4162,4,
Парканы,Парканы,улица Свердлова,70,4,6.6947,7.426,6.73,1.597,5.0894,True,False,"[29.491402, 46.832239]",10.1887,4,
Парканы,Парканы,улица Свердлова,71,4,7.4155,8.1468,7.451,1.597,5.8102,True,False,"[29.491402, 46.832239]",11.3901,4,
Парканы,Парканы,улица Свердлова,72,4,6.7095,7.4407,6.745,1.597,5.1042,True,False,"[29.491402, 46.832239]",10.2134,4,
Парканы,Парканы,улица Свердлова,73,4,7.4008,8.1321,7.436,1.597,5.7956,True,False,"[29.491402, 46.832239]",11.3657,4,
Парканы,Парканы,улица Свердлова,74,4,6.7253,7.4566,6.76,1.597,5.12,True,False,"[29.491402, 46.832239]",10.2397,4,
Парканы,Парканы,улица Свердлова,75,4,7.3859,8.1172,7.421,1.597,5.7807,True,False,"[29.491402, 46.832239]",11.3409,4,
Парканы,Парканы,улица Свердлова,76,4,6.7389,7.4702,6.774,1.597,5.1337,True,False,"[29.491402, 46.832239]",10.2626,4,
Парканы,Парканы,улица Свердлова,77,4,7.3701,8.1014,7.406,1.597,5.7649,True,False,"[29.491402, 46.832239]",11.3146,4,
Парканы,Парканы,улица Свердлова,78,4,6.7545,7.4858,6.79,1.597,5.1492,True,False,"[29.491402, 46.832239]",10.2884,4,
Парканы,Парканы,улица Свердлова,79,4,7.3525,8.0838,7.388,1.597,5.7472,True,False,"[29.491402, 46.832239]",11.2851,4,
Парканы,Парканы,улица Свердлова,80,4,6.7681,7.4994,6.803,1.597,5.1628,True,False,"[29.491402, 46.832239]",10.3111,4,
Парканы,Парканы,улица Свердлова,81,4,7.3343,8.0656,7.37,1.597,5.7291,True,False,"[29.491402, 46.832239]",11.2549,4,
Парканы,Парканы,улица Свердлова,82,4,6.7838,7.515,6.819,1.597,5.1785,True,False,"[29.491402, 46.832239]",10.3372,4,
Парканы,Парканы,улица Свердлова,83,4,7.3084,8.0397,7.344,1.597,5.7032,True,False,"[29.491402, 46.832239]",11.2117,4,
Парканы,Парканы,улица Свердлова,84,4,6.7996,7.5309,6.835,1.597,5.1943,True,False,"[29.491402, 46.832239]",10.3636,4,
Парканы,Парканы,улица Свердлова,85,4,7.2962,8.0275,7.332,1.597,5.691,True,False,"[29.491402, 46.832239]",11.1914,4,
Парканы,Парканы,улица Свердлова,86,4,6.8155,7.5468,6.85,1.597,5.2102,True,False,"[29.491402, 46.832239]",10.3901,4,
Парканы,Парканы,улица Свердлова,87,4,7.2844,8.0157,7.32,1.597,5.6792,True,False,"[29.491402, 46.832239]",11.1717,4,
Парканы,Парканы,улица Свердлова,88,4,6.8279,7.5592,6.864,1.597,5.2226,True,False,"[29.491402, 46.832239]",10.4107,4,
Парканы,Парканы,улица Свердлова,89,4,7.2628,7.9941,7.298,1.597,5.6576,True,False,"[29.491402, 46.832239]",11.1357,4,
Парканы,Парканы,улица Свердлова,90,4,6.8435,7.5748,6.879,1.597,5.2382,True,False,"[29.491402, 46.832239]",10.4367,4,
Парканы,Парканы,улица Свердлова,92,4,6.8594,7.5907,6.895,1.597,5.2542,True,False,"[29.491402, 46.832239]",10.4634,4,
Парканы,Парканы,улица Свердлова,94,4,6.8751,7.6064,6.91,1.597,5.2698,True,False,"[29.491402, 46.832239]",10.4894,4,
Парканы,Парканы,улица Свердлова,96,4,6.8887,7.62,6.924,1.597,5.2834,True,False,"[29.491402, 46.832239]",10.5121,4,
Парканы,Парканы,улица Свердлова,98,4,7.5748,8.3061,7.61,1.597,5.9696,True,False,"[29.491402, 46.832239]",11.6557,4,
Парканы,Парканы,улица Свердлова,100,4,7.5602,8.2915,7.595,1.597,5.9551,True,False,"[29.491402, 46.832239]",11.6316,4,
Парканы,Парканы,улица Свердлова,102,4,7.5458,8.2771,7.581,1.597,5.9406,True,False,"[29.491402, 46.832239]",11.6074,4,
Парканы,Парканы,улица Свердлова,104,4,7.5309,8.2622,7.566,1.597,5.9257,True,False,"[29.491402, 46.832239]",11.5826,4,
Парканы,Парканы,улица Свердлова,106,4,7.5148,8.246,7.55,1.597,5.9096,True,False,"[29.491402, 46.832239]",11.5557,4,
Парканы,Парканы,улица Свердлова,108,4,7.5011,8.2324,7.536,1.597,5.8959,True,False,"[29.491402, 46.832239]",11.5329,4,
Парканы,Парканы,улица Свердлова,110,4,7.4865,8.2178,7.522,1.597,5.8813,True,False,"[29.491402, 46.832239]",11.5086,4,
Парканы,Парканы,улица Свердлова,112,4,7.4733,8.2046,7.493,1.597,5.8681,True,False,"[29.491402, 46.832239]",11.4866,4,
Парканы,Парканы,улица Свердлова,112,4,7.4575,8.1888,7.493,1.597,5.8523,True,False,"[29.491402, 46.832239]",11.4602,4,
Парканы,Парканы,улица Свердлова,114,4,7.4419,8.1732,7.478,1.597,5.8367,True,False,"[29.491402, 46.832239]",11.4342,4,
Парканы,Парканы,улица Свердлова,118,4,7.4284,8.1596,7.463,1.597,5.8231,True,False,"[29.491402, 46.832239]",11.4116,4,
Парканы,Парканы,улица Свердлова,120,4,7.4128,8.1441,7.448,1.597,5.8076,True,False,"[29.491402, 46.832239]",11.3857,4,
Парканы,Парканы,улица Свердлова,122,4,7.3969,8.1281,7.433,1.597,5.7916,True,False,"[29.491402, 46.832239]",11.3591,4,
Парканы,Парканы,улица Свердлова,124,4,7.38,8.1113,7.415,1.597,5.7748,True,False,"[29.491402, 46.832239]",11.3311,4,
Парканы,Парканы,улица Свердлова,126,4,7.3631,8.0944,7.399,1.597,5.7579,True,False,"[29.491402, 46.832239]",11.3029,4,
Парканы,Парканы,улица Свердлова,128,4,7.3441,8.0754,7.38,1.597,5.7388,True,False,"[29.491402, 46.832239]",11.2711,4,
Парканы,Парканы,улица Свердлова,130,4,7.3294,8.0607,7.365,1.597,5.7242,True,False,"[29.491402, 46.832239]",11.2467,4,
Парканы,Парканы,улица Свердлова,132,4,7.3103,8.0416,7.346,1.597,5.7051,True,False,"[29.491402, 46.832239]",11.2149,4,
Парканы,Парканы,улица Свердлова,134,4,7.2914,8.0227,7.327,1.597,5.6862,True,False,"[29.491402, 46.832239]",11.1834,4,
Парканы,Парканы,улица Свердлова,136,4,7.2765,8.0078,7.304,1.597,5.6712,True,False,"[29.491402, 46.832239]",11.1584,4,
Парканы,Парканы,улица Свердлова,136,4,7.268,7.9993,7.304,1.597,5.6627,True,False,"[29.491402, 46.832239]",11.1442,4,
Парканы,Парканы,улица Сергея Лазо,2,2,3.9858,4.7171,4.021,1.597,2.3817,True,False,"[29.491402, 46.832239]",5.6759,2,
Парканы,Парканы,улица Сергея Лазо,3,2,4.0149,4.7462,4.051,1.597,2.4109,True,False,"[29.491402, 46.832239]",5.7246,2,
Парканы,Парканы,улица Сергея Лазо,4,2,3.9969,4.7282,4.033,1.597,2.3928,True,False,"[29.491402, 46.832239]",5.6944,2,
Парканы,Парканы,улица Сергея Лазо,5,3,4.0409,4.7721,4.076,1.597,2.4368,True,False,"[29.491402, 46.832239]",5.7677,2,zone_move_3->2
Парканы,Парканы,улица Сергея Лазо,6,2,4.0248,4.7561,4.061,1.597,2.4207,True,False,"[29.491402, 46.832239]",5.7409,2,
Парканы,Парканы,улица Сергея Лазо,7,3,4.0622,4.7935,4.097,1.597,2.4581,True,False,"[29.491402, 46.832239]",5.8032,2,zone_move_3->2
Парканы,Парканы,улица Сергея Лазо,8,3,4.0467,4.778,4.082,1.597,2.4426,True,False,"[29.491402, 46.832239]",5.7774,2,zone_move_3->2
Парканы,Парканы,улица Сергея Лазо,9,3,4.0903,4.8216,4.125,1.597,2.4862,True,False,"[29.491402, 46.832239]",5.8501,2,zone_move_3->2
Парканы,Парканы,улица Сергея Лазо,10,3,4.0805,4.8118,4.116,1.597,2.4764,True,False,"[29.491402, 46.832239]",5.8337,2,zone_move_3->2
Парканы,Парканы,улица Сергея Лазо,11,3,4.117,4.8483,4.153,1.597,2.5129,True,False,"[29.491402, 46.832239]",5.8946,2,zone_move_3->2
Парканы,Парканы,улица Сергея Лазо,12,3,4.1151,4.8464,4.15,1.597,2.511,True,False,"[29.491402, 46.832239]",5.8914,2,zone_move_3->2
Парканы,Парканы,улица Сергея Лазо,13,3,4.143,4.8743,4.178,1.597,2.5389,True,False,"[29.491402, 46.832239]",5.9379,2,zone_move_3->2
Парканы,Парканы,улица Сергея Лазо,14,3,4.1308,4.8621,4.166,1.597,2.5267,True,False,"[29.491402, 46.832239]",5.9176,2,zone_move_3->2
Парканы,Парканы,улица Сергея Лазо,15,3,4.1697,4.9009,4.205,1.597,2.5656,True,False,"[29.491402, 46.832239]",5.9824,2,zone_move_3->2
Парканы,Парканы,улица Сергея Лазо,16,3,4.1503,4.8816,4.185,1.597,2.5463,True,False,"[29.491402, 46.832239]",5.9502,2,zone_move_3->2
Парканы,Парканы,улица Сергея Лазо,17,3,4.1959,4.9272,4.232,1.597,2.5918,True,False,"[29.491402, 46.832239]",6.0261,2,zone_move_3->2
Парканы,Парканы,улица Сергея Лазо,18,2,3.9659,4.6972,4.001,1.597,2.3623,True,False,"[29.491402, 46.832239]",5.6436,2,
Парканы,Парканы,улица Сергея Лазо,18,2,4.1822,4.9135,4.001,1.597,2.5781,True,False,"[29.491402, 46.832239]",6.0032,2,
Парканы,Парканы,улица Сергея Лазо,19,3,4.2213,4.9525,4.257,1.597,2.6172,True,False,"[29.491402, 46.832239]",6.0684,2,zone_move_3->2
Парканы,Парканы,улица Сергея Лазо,20,2,3.988,4.7193,4.023,1.597,2.3844,True,False,"[29.491402, 46.832239]",5.6804,2,
Парканы,Парканы,улица Сергея Лазо,20,2,4.2114,4.9427,4.023,1.597,2.6073,True,False,"[29.491402, 46.832239]",6.0519,2,
Парканы,Парканы,улица Сергея Лазо,21,3,4.2375,4.9688,4.272,1.597,2.6334,True,False,"[29.491402, 46.832239]",6.0954,3,
Парканы,Парканы,улица Сергея Лазо,22,2,4.0234,4.7546,4.059,1.597,2.4198,True,False,"[29.491402, 46.832239]",5.7394,2,
Парканы,Парканы,улица Сергея Лазо,22,2,4.2305,4.9618,4.059,1.597,2.6264,True,False,"[29.491402, 46.832239]",6.0837,3,zone_move_2->3
Парканы,Парканы,улица Сергея Лазо,23,3,4.2588,4.9901,4.294,1.597,2.6547,True,False,"[29.491402, 46.832239]",6.1309,3,
Парканы,Парканы,улица Сергея Лазо,24,3,4.2473,4.9785,4.282,1.597,2.6432,True,False,"[29.491402, 46.832239]",6.1117,3,
Парканы,Парканы,улица Сергея Лазо,25,3,4.2888,5.0201,4.324,1.597,2.6847,True,False,"[29.491402, 46.832239]",6.1809,3,
Парканы,Парканы,улица Сергея Лазо,26,3,4.279,5.0103,4.314,1.597,2.6749,True,False,"[29.491402, 46.832239]",6.1646,3,
Парканы,Парканы,улица Сергея Лазо,27,3,4.3337,5.065,4.369,1.597,2.7296,True,False,"[29.491402, 46.832239]",6.2557,3,
Парканы,Парканы,улица Сергея Лазо,29,3,4.3599,5.0912,4.395,1.597,2.7558,True,False,"[29.491402, 46.832239]",6.2994,3,
Парканы,Парканы,улица Сергея Лазо,31,3,4.3795,5.1108,4.415,1.597,2.7754,True,False,"[29.491402, 46.832239]",6.3321,3,
Парканы,Парканы,улица Сергея Лазо,33,3,4.3966,5.1279,4.432,1.597,2.7925,True,False,"[29.491402, 46.832239]",6.3606,3,
Парканы,Парканы,улица Сергея Лазо,35,3,4.4182,5.1494,4.453,1.597,2.814,True,False,"[29.491402, 46.832239]",6.3964,3,
Парканы,Парканы,улица Сергея Лазо,37,3,4.4367,5.168,4.472,1.597,2.8326,True,False,"[29.491402, 46.832239]",6.4274,3,
Парканы,Парканы,улица Сергея Лазо,39,3,4.4725,5.2038,4.508,1.597,2.8683,True,False,"[29.491402, 46.832239]",6.4869,3,
Парканы,Парканы,улица Сергея Лазо,41,3,4.501,5.2323,4.536,1.597,2.8968,True,False,"[29.491402, 46.832239]",6.5344,3,
Парканы,Парканы,улица Сергея Лазо,43,3,4.535,5.2663,4.571,1.597,2.9308,True,False,"[29.491402, 46.832239]",6.5911,3,
Парканы,Парканы,улица Сергея Лазо,45,3,4.5679,5.2992,4.604,1.597,2.9637,True,False,"[29.491402, 46.832239]",6.6459,3,
Парканы,Парканы,улица Сергея Лазо,47,3,4.5818,5.3131,4.617,1.597,2.9776,True,False,"[29.491402, 46.832239]",6.6691,3,
Парканы,Парканы,улица Сергея Лазо,49,3,4.5984,5.3297,4.634,1.597,2.9942,True,False,"[29.491402, 46.832239]",6.6967,3,
Парканы,Парканы,улица Сергея Лазо,50,3,4.3916,5.1229,4.427,1.597,2.7879,True,False,"[29.491402, 46.832239]",6.3529,3,
Парканы,Парканы,улица Сергея Лазо,50,3,4.5832,5.3145,4.427,1.597,2.979,True,False,"[29.491402, 46.832239]",6.6714,3,
Парканы,Парканы,улица Сергея Лазо,51,3,4.9538,5.6851,4.989,1.597,3.3498,True,False,"[29.491402, 46.832239]",7.2894,3,
Парканы,Парканы,улица Сергея Лазо,52,3,4.4106,5.1419,4.446,1.597,2.8069,True,False,"[29.491402, 46.832239]",6.3846,3,
Парканы,Парканы,улица Сергея Лазо,52,3,4.9631,5.6944,4.446,1.597,3.359,True,False,"[29.491402, 46.832239]",7.3047,3,
Парканы,Парканы,улица Сергея Лазо,53,3,4.9285,5.6598,4.964,1.597,3.3245,True,False,"[29.491402, 46.832239]",7.2472,3,
Парканы,Парканы,улица Сергея Лазо,54,3,4.4271,5.1584,4.462,1.597,2.8234,True,False,"[29.491402, 46.832239]",6.4121,3,
Парканы,Парканы,улица Сергея Лазо,54,3,4.9491,5.6803,4.462,1.597,3.345,True,False,"[29.491402, 46.832239]",7.2814,3,
Парканы,Парканы,улица Сергея Лазо,55,3,4.914,5.6453,4.949,1.597,3.31,True,False,"[29.491402, 46.832239]",7.2231,3,
Парканы,Парканы,улица Сергея Лазо,56,3,4.4401,5.1714,4.476,1.597,2.8365,True,False,"[29.491402, 46.832239]",6.4339,3,
Парканы,Парканы,улица Сергея Лазо,56,3,4.9164,5.6477,4.476,1.597,3.3123,True,False,"[29.491402, 46.832239]",7.2269,3,
Парканы,Парканы,улица Сергея Лазо,57,3,4.8996,5.6308,4.935,1.597,3.2955,True,False,"[29.491402, 46.832239]",7.1989,3,
Парканы,Парканы,улица Сергея Лазо,58,3,4.4558,5.1871,4.491,1.597,2.8522,True,False,"[29.491402, 46.832239]",6.4601,3,
Парканы,Парканы,улица Сергея Лазо,58,3,4.8923,5.6236,4.491,1.597,3.2883,True,False,"[29.491402, 46.832239]",7.1869,3,
Парканы,Парканы,улица Сергея Лазо,59,3,4.8873,5.6186,4.922,1.597,3.2833,True,False,"[29.491402, 46.832239]",7.1786,3,
Парканы,Парканы,улица Сергея Лазо,60,3,4.4847,5.216,4.521,1.597,2.8811,True,False,"[29.491402, 46.832239]",6.5082,3,
Парканы,Парканы,улица Сергея Лазо,60,3,4.8799,5.6111,4.521,1.597,3.2758,True,False,"[29.491402, 46.832239]",7.1661,3,
Парканы,Парканы,улица Сергея Лазо,61,3,4.8645,5.5957,4.9,1.597,3.2604,True,False,"[29.491402, 46.832239]",7.1404,3,
Парканы,Парканы,улица Сергея Лазо,62,3,4.8683,5.5996,4.904,1.597,3.2643,True,False,"[29.491402, 46.832239]",7.1469,3,
Парканы,Парканы,улица Сергея Лазо,63,3,4.8529,5.5842,4.888,1.597,3.2489,True,False,"[29.491402, 46.832239]",7.1212,3,
Парканы,Парканы,улица Сергея Лазо,64,3,4.842,5.5733,4.877,1.597,3.238,True,False,"[29.491402, 46.832239]",7.1031,3,
Парканы,Парканы,улица Сергея Лазо,65,3,4.8357,5.567,4.872,1.597,3.2317,True,False,"[29.491402, 46.832239]",7.0926,3,
Парканы,Парканы,улица Сергея Лазо,66,3,4.8292,5.5605,4.865,1.597,3.2252,True,False,"[29.491402, 46.832239]",7.0817,3,
Парканы,Парканы,улица Сергея Лазо,67,3,4.8184,5.5497,4.853,1.597,3.2144,True,False,"[29.491402, 46.832239]",7.0637,3,
Парканы,Парканы,улица Сергея Лазо,68,3,4.815,5.5463,4.85,1.597,3.211,True,False,"[29.491402, 46.832239]",7.0581,3,
Парканы,Парканы,улица Сергея Лазо,69,3,4.7996,5.5309,4.835,1.597,3.1956,True,False,"[29.491402, 46.832239]",7.0324,3,
Парканы,Парканы,улица Сергея Лазо,70,3,4.7761,5.5074,4.811,1.597,3.1721,True,False,"[29.491402, 46.832239]",6.9932,3,
Парканы,Парканы,улица Сергея Лазо,70,3,4.79,5.5213,4.811,1.597,3.186,True,False,"[29.491402, 46.832239]",7.0164,3,
Парканы,Парканы,улица Сергея Лазо,71,3,4.7878,5.5191,4.823,1.597,3.1838,True,False,"[29.491402, 46.832239]",7.0127,3,
Парканы,Парканы,улица Суворова,1,3,4.671,5.4023,4.706,1.597,3.0656,True,False,"[29.491402, 46.832239]",6.8157,3,
Парканы,Парканы,улица Суворова,1,3,4.6836,5.4149,4.706,1.597,3.0782,True,False,"[29.491402, 46.832239]",6.8367,3,
Парканы,Парканы,улица Суворова,2а,3,4.68,5.4113,4.716,1.597,3.0746,True,False,"[29.491402, 46.832239]",6.8307,3,
Парканы,Парканы,улица Суворова,4,3,4.7068,5.4381,4.742,1.597,3.1015,True,False,"[29.491402, 46.832239]",6.8756,3,
Парканы,Парканы,улица Суворова,5,3,4.7359,5.4672,4.772,1.597,3.1305,True,False,"[29.491402, 46.832239]",6.9239,3,
Парканы,Парканы,улица Суворова,6,3,4.7255,5.4568,4.761,1.597,3.1202,True,False,"[29.491402, 46.832239]",6.9067,3,
Парканы,Парканы,улица Суворова,8,3,4.7474,5.4787,4.782,1.597,3.142,True,False,"[29.491402, 46.832239]",6.9431,3,
Парканы,Парканы,улица Суворова,9,3,4.8018,5.5331,4.837,1.597,3.1964,True,False,"[29.491402, 46.832239]",7.0337,3,
Парканы,Парканы,улица Суворова,10,3,4.7688,5.5001,4.804,1.597,3.1634,True,False,"[29.491402, 46.832239]",6.9787,3,
Парканы,Парканы,улица Суворова,11,3,4.8625,5.5938,4.898,1.597,3.2571,True,False,"[29.491402, 46.832239]",7.1349,3,
Парканы,Парканы,улица Суворова,12,3,4.7933,5.5246,4.828,1.597,3.1879,True,False,"[29.491402, 46.832239]",7.0196,3,
Парканы,Парканы,улица Суворова,13,3,4.8865,5.6178,4.922,1.597,3.2811,True,False,"[29.491402, 46.832239]",7.1749,3,
Парканы,Парканы,улица Суворова,14,3,4.815,5.5463,4.85,1.597,3.2096,True,False,"[29.491402, 46.832239]",7.0557,3,
Парканы,Парканы,улица Суворова,15,3,4.9059,5.6372,4.853,1.597,3.3006,True,False,"[29.491402, 46.832239]",7.2074,3,
Парканы,Парканы,улица Суворова,15,3,4.8185,5.5498,4.853,1.597,3.2131,True,False,"[29.491402, 46.832239]",7.0616,3,
Парканы,Парканы,улица Суворова,16,3,4.8664,5.5976,4.902,1.597,3.261,True,False,"[29.491402, 46.832239]",7.1414,3,
Парканы,Парканы,улица Суворова,17,3,4.9185,5.6498,4.954,1.597,3.3131,True,False,"[29.491402, 46.832239]",7.2282,3,
Парканы,Парканы,улица Суворова,18,3,4.8804,5.6117,4.915,1.597,3.275,True,False,"[29.491402, 46.832239]",7.1647,3,
Парканы,Парканы,улица Суворова,19,3,4.9382,5.6695,4.973,1.597,3.3328,True,False,"[29.491402, 46.832239]",7.2611,3,
Парканы,Парканы,улица Суворова,20,3,4.902,5.6333,4.937,1.597,3.2967,True,False,"[29.491402, 46.832239]",7.2009,3,
Парканы,Парканы,улица Суворова,21,3,4.953,5.6843,4.988,1.597,3.3477,True,False,"[29.491402, 46.832239]",7.2859,3,
Парканы,Парканы,улица Суворова,22,3,4.921,5.6523,4.957,1.597,3.3156,True,False,"[29.491402, 46.832239]",7.2324,3,
Парканы,Парканы,улица Суворова,22,3,4.9386,5.6699,4.957,1.597,3.3333,True,False,"[29.491402, 46.832239]",7.2619,3,
Парканы,Парканы,улица Суворова,23,3,4.9725,5.7038,5.007,1.597,3.3671,True,False,"[29.491402, 46.832239]",7.3182,3,
Парканы,Парканы,улица Суворова,24,3,4.9406,5.6719,4.976,1.597,3.3352,True,False,"[29.491402, 46.832239]",7.2651,3,
Парканы,Парканы,улица Суворова,25,3,4.9875,5.7188,5.023,1.597,3.3821,True,False,"[29.491402, 46.832239]",7.3432,3,
Парканы,Парканы,улица Суворова,26,3,4.9723,5.7036,5.007,1.597,3.3669,True,False,"[29.491402, 46.832239]",7.3179,3,
Парканы,Парканы,улица Суворова,27,3,5.0037,5.735,5.039,1.597,3.3983,True,False,"[29.491402, 46.832239]",7.3702,3,
Парканы,Парканы,улица Суворова,28,3,4.9904,5.7217,5.026,1.597,3.3851,True,False,"[29.491402, 46.832239]",7.3482,3,
Парканы,Парканы,улица Суворова,29,3,5.0219,5.7532,5.057,1.597,3.4165,True,False,"[29.491402, 46.832239]",7.4006,3,
Парканы,Парканы,улица Суворова,30,3,5.0044,5.7357,5.04,1.597,3.399,True,False,"[29.491402, 46.832239]",7.3714,3,
Парканы,Парканы,улица Суворова,31,3,5.0398,5.7711,5.075,1.597,3.4345,True,False,"[29.491402, 46.832239]",7.4306,3,
Парканы,Парканы,улица Суворова,32,3,5.0218,5.7531,5.058,1.597,3.4164,True,False,"[29.491402, 46.832239]",7.4004,3,
Парканы,Парканы,улица Суворова,33,3,5.0587,5.79,5.094,1.597,3.4534,True,False,"[29.491402, 46.832239]",7.4621,3,
Парканы,Парканы,улица Суворова,34,3,5.0412,5.7725,5.076,1.597,3.4359,True,False,"[29.491402, 46.832239]",7.4329,3,
Парканы,Парканы,улица Суворова,35,3,5.0702,5.8014,5.105,1.597,3.4648,True,False,"[29.491402, 46.832239]",7.4811,3,
Парканы,Парканы,улица Суворова,36,3,5.0548,5.7861,5.09,1.597,3.4495,True,False,"[29.491402, 46.832239]",7.4556,3,
Парканы,Парканы,улица Суворова,37,3,5.0816,5.8129,5.118,1.597,3.4762,True,False,"[29.491402, 46.832239]",7.5001,3,
Парканы,Парканы,улица Суворова,38,3,5.0699,5.8012,5.105,1.597,3.4646,True,False,"[29.491402, 46.832239]",7.4807,3,
Парканы,Парканы,улица Суворова,39,3,5.0991,5.8304,5.135,1.597,3.4937,True,False,"[29.491402, 46.832239]",7.5292,3,
Парканы,Парканы,улица Суворова,40,3,5.0862,5.8175,5.122,1.597,3.4808,True,False,"[29.491402, 46.832239]",7.5077,3,
Парканы,Парканы,улица Суворова,41,3,5.1207,5.852,5.156,1.597,3.5154,True,False,"[29.491402, 46.832239]",7.5654,3,
Парканы,Парканы,улица Суворова,42,3,5.1008,5.8321,5.136,1.597,3.4955,True,False,"[29.491402, 46.832239]",7.5322,3,
Парканы,Парканы,улица Суворова,43,3,5.1408,5.8721,5.176,1.597,3.5355,True,False,"[29.491402, 46.832239]",7.5989,3,
Парканы,Парканы,улица Суворова,44,3,5.1203,5.8515,5.153,1.597,3.5149,True,False,"[29.491402, 46.832239]",7.5646,3,
Парканы,Парканы,улица Суворова,44,3,5.1187,5.8499,5.153,1.597,3.5133,True,False,"[29.491402, 46.832239]",7.5619,3,
Парканы,Парканы,улица Суворова,45,3,5.1569,5.8882,5.192,1.597,3.5515,True,False,"[29.491402, 46.832239]",7.6256,3,
Парканы,Парканы,улица Суворова,46,3,5.1404,5.8717,5.176,1.597,3.535,True,False,"[29.491402, 46.832239]",7.5981,3,
Парканы,Парканы,улица Суворова,47,3,5.1756,5.9069,5.176,1.597,3.5703,True,False,"[29.491402, 46.832239]",7.6569,3,
Парканы,Парканы,улица Суворова,47,3,5.1408,5.8721,5.176,1.597,3.5355,True,False,"[29.491402, 46.832239]",7.5989,3,
Парканы,Парканы,улица Суворова,48,3,5.1598,5.8911,5.195,1.597,3.5545,True,False,"[29.491402, 46.832239]",7.6306,3,
Парканы,Парканы,улица Суворова,48,3,5.1594,5.8907,5.195,1.597,3.554,True,False,"[29.491402, 46.832239]",7.6297,3,
Парканы,Парканы,улица Суворова,49,3,5.1973,5.9286,5.232,1.597,3.592,True,False,"[29.491402, 46.832239]",7.6931,3,
Парканы,Парканы,улица Суворова,50,3,5.1795,5.9108,5.214,1.597,3.5741,True,False,"[29.491402, 46.832239]",7.6632,3,
Парканы,Парканы,улица Суворова,51,3,5.2123,5.9436,5.248,1.597,3.607,True,False,"[29.491402, 46.832239]",7.7181,3,
Парканы,Парканы,улица Суворова,52,3,5.1953,5.9266,5.23,1.597,3.5899,True,False,"[29.491402, 46.832239]",7.6896,3,
Парканы,Парканы,улица Суворова,53,3,5.2307,5.962,5.267,1.597,3.6254,True,False,"[29.491402, 46.832239]",7.7487,3,
Парканы,Парканы,улица Суворова,54,3,5.2146,5.9459,5.249,1.597,3.6093,True,False,"[29.491402, 46.832239]",7.7219,3,
Парканы,Парканы,улица Суворова,54а,3,5.2235,5.9548,5.259,1.597,3.6182,True,False,"[29.491402, 46.832239]",7.7367,3,
Парканы,Парканы,улица Суворова,55,3,5.2546,5.9859,5.291,1.597,3.6493,True,False,"[29.491402, 46.832239]",7.7886,3,
Парканы,Парканы,улица Суворова,56,3,5.2329,5.9642,5.268,1.597,3.6276,True,False,"[29.491402, 46.832239]",7.7524,3,
Парканы,Парканы,улица Суворова,57,3,5.2728,6.0041,5.266,1.597,3.6675,True,False,"[29.491402, 46.832239]",7.8189,3,
Парканы,Парканы,улица Суворова,57,3,5.2307,5.962,5.266,1.597,3.6254,True,False,"[29.491402, 46.832239]",7.7487,3,
Парканы,Парканы,улица Суворова,58,3,5.2549,5.9862,5.289,1.597,3.6495,True,False,"[29.491402, 46.832239]",7.7889,3,
Парканы,Парканы,улица Суворова,58,3,5.2532,5.9844,5.289,1.597,3.6478,True,False,"[29.491402, 46.832239]",7.7861,3,
Парканы,Парканы,улица Суворова,59,3,5.2891,6.0204,5.324,1.597,3.6837,True,False,"[29.491402, 46.832239]",7.8459,3,
Парканы,Парканы,улица Суворова,60,3,5.2724,6.0037,5.308,1.597,3.667,True,False,"[29.491402, 46.832239]",7.8181,3,
Парканы,Парканы,улица Суворова,61,3,5.3119,6.0432,5.347,1.597,3.7066,True,False,"[29.491402, 46.832239]",7.8841,3,
Парканы,Парканы,улица Суворова,62,3,5.2894,6.0207,5.325,1.597,3.6841,True,False,"[29.491402, 46.832239]",7.8466,3,
Парканы,Парканы,улица Суворова,63,3,5.3234,6.0547,5.359,1.597,3.718,True,False,"[29.491402, 46.832239]",7.9031,3,
Парканы,Парканы,улица Суворова,64,3,5.2972,6.0285,5.333,1.597,3.6918,True,False,"[29.491402, 46.832239]",7.8594,3,
Парканы,Парканы,улица Суворова,65,3,5.3416,6.0729,5.377,1.597,3.7362,True,False,"[29.491402, 46.832239]",7.9334,3,
Парканы,Парканы,улица Суворова,66,3,5.3097,6.0409,5.345,1.597,3.7043,True,False,"[29.491402, 46.832239]",7.8802,3,
Парканы,Парканы,улица Суворова,67,3,5.3564,6.0877,5.392,1.597,3.7511,True,False,"[29.491402, 46.832239]",7.9582,3,
Парканы,Парканы,улица Суворова,68,3,5.328,6.0593,5.364,1.597,3.7226,True,False,"[29.491402, 46.832239]",7.9107,3,
Парканы,Парканы,улица Суворова,69,3,5.3715,6.1028,5.407,1.597,3.7662,True,False,"[29.491402, 46.832239]",7.9834,3,
Парканы,Парканы,улица Суворова,70,3,5.344,6.0753,5.36,1.597,3.7386,True,False,"[29.491402, 46.832239]",7.9374,3,
Парканы,Парканы,улица Суворова,70,3,5.325,6.0563,5.36,1.597,3.7196,True,False,"[29.491402, 46.832239]",7.9057,3,
Парканы,Парканы,улица Суворова,71,3,5.3848,6.1161,5.42,1.597,3.7795,True,False,"[29.491402, 46.832239]",8.0056,3,
Парканы,Парканы,улица Суворова,72,3,5.3602,6.0915,5.396,1.597,3.7549,True,False,"[29.491402, 46.832239]",7.9646,3,
Парканы,Парканы,улица Суворова,73,3,5.3995,6.1308,5.435,1.597,3.7942,True,False,"[29.491402, 46.832239]",8.0301,3,
Парканы,Парканы,улица Суворова,74,3,5.3775,6.1088,5.413,1.597,3.7721,True,False,"[29.491402, 46.832239]",7.9932,3,
Парканы,Парканы,улица Суворова,75,3,5.4111,6.1424,5.446,1.597,3.8058,True,False,"[29.491402, 46.832239]",8.0494,3,
Парканы,Парканы,улица Суворова,76,3,5.3947,6.126,5.43,1.597,3.7894,True,False,"[29.491402, 46.832239]",8.0221,3,
Парканы,Парканы,улица Суворова,77,3,5.4279,6.1592,5.463,1.597,3.8226,True,False,"[29.491402, 46.832239]",8.0774,3,
Парканы,Парканы,улица Суворова,78,3,5.4095,6.1408,5.445,1.597,3.8042,True,False,"[29.491402, 46.832239]",8.0467,3,
Парканы,Парканы,улица Суворова,79,3,5.4474,6.1786,5.483,1.597,3.842,True,False,"[29.491402, 46.832239]",8.1097,3,
Парканы,Парканы,улица Суворова,80,3,5.4185,6.1498,5.454,1.597,3.8132,True,False,"[29.491402, 46.832239]",8.0617,3,
Парканы,Парканы,улица Суворова,81,3,5.4659,6.1972,5.501,1.597,3.8605,True,False,"[29.491402, 46.832239]",8.1406,3,
Парканы,Парканы,улица Суворова,82,3,5.4323,6.1636,5.467,1.597,3.8269,True,False,"[29.491402, 46.832239]",8.0846,3,
Парканы,Парканы,улица Суворова,83,3,5.4854,6.2167,5.521,1.597,3.8801,True,False,"[29.491402, 46.832239]",8.1732,3,
Парканы,Парканы,улица Суворова,84,3,5.4508,6.1821,5.486,1.597,3.8455,True,False,"[29.491402, 46.832239]",8.1156,3,
Парканы,Парканы,улица Суворова,85,4,5.5557,6.287,5.592,1.597,3.9503,True,False,"[29.491402, 46.832239]",8.2902,3,zone_move_4->3
Парканы,Парканы,улица Суворова,86,3,5.4691,6.2004,5.505,1.597,3.8637,True,False,"[29.491402, 46.832239]",8.1459,3,
Парканы,Парканы,улица Суворова,87,4,5.5834,6.3147,5.619,1.597,3.978,True,False,"[29.491402, 46.832239]",8.3364,3,zone_move_4->3
Парканы,Парканы,улица Суворова,88,3,5.4862,6.2175,5.522,1.597,3.8809,True,False,"[29.491402, 46.832239]",8.1746,3,
Парканы,Парканы,улица Суворова,89,4,5.6063,6.3376,5.642,1.597,4.0009,True,False,"[29.491402, 46.832239]",8.3746,3,zone_move_4->3
Парканы,Парканы,улица Суворова,90,4,5.5551,6.2864,5.591,1.597,3.9497,True,False,"[29.491402, 46.832239]",8.2892,3,zone_move_4->3
Парканы,Парканы,улица Суворова,91,4,5.6251,6.3564,5.66,1.597,4.0197,True,False,"[29.491402, 46.832239]",8.4059,4,
Парканы,Парканы,улица Суворова,92,4,5.5717,6.303,5.607,1.597,3.9663,True,False,"[29.491402, 46.832239]",8.3169,3,zone_move_4->3
Парканы,Парканы,улица Суворова,93,4,5.6443,6.3756,5.679,1.597,4.0389,True,False,"[29.491402, 46.832239]",8.4379,4,
Парканы,Парканы,улица Суворова,94,4,5.5865,6.3178,5.622,1.597,3.9811,True,False,"[29.491402, 46.832239]",8.3416,3,zone_move_4->3
Парканы,Парканы,улица Суворова,95,4,5.6683,6.3996,5.704,1.597,4.0629,True,False,"[29.491402, 46.832239]",8.4779,4,
Парканы,Парканы,улица Суворова,96,4,5.603,6.3343,5.639,1.597,3.9976,True,False,"[29.491402, 46.832239]",8.3691,3,zone_move_4->3
Парканы,Парканы,улица Суворова,97,4,5.6876,6.4188,5.723,1.597,4.0821,True,False,"[29.491402, 46.832239]",8.5099,4,
Парканы,Парканы,улица Суворова,98,4,5.6167,6.348,5.652,1.597,4.0113,True,False,"[29.491402, 46.832239]",8.3919,4,
Парканы,Парканы,улица Суворова,99,4,5.7071,6.4383,5.742,1.597,4.1016,True,False,"[29.491402, 46.832239]",8.5424,4,
Парканы,Парканы,улица Суворова,100,4,5.6369,6.3682,5.672,1.597,4.0315,True,False,"[29.491402, 46.832239]",8.4256,4,
Парканы,Парканы,улица Суворова,101,4,5.7451,6.4764,5.781,1.597,4.1397,True,False,"[29.491402, 46.832239]",8.6059,4,
Парканы,Парканы,улица Суворова,102,4,5.6516,6.3829,5.688,1.597,4.0462,True,False,"[29.491402, 46.832239]",8.4501,4,
Парканы,Парканы,улица Суворова,103,4,5.768,6.4993,5.803,1.597,4.1626,True,False,"[29.491402, 46.832239]",8.6441,4,
Парканы,Парканы,улица Суворова,104,4,5.6666,6.3979,5.702,1.597,4.0612,True,False,"[29.491402, 46.832239]",8.4751,4,
Парканы,Парканы,улица Суворова,105,4,5.7883,6.5196,5.824,1.597,4.1829,True,False,"[29.491402, 46.832239]",8.6779,4,
Парканы,Парканы,улица Суворова,106,4,5.6841,6.4154,5.72,1.597,4.0787,True,False,"[29.491402, 46.832239]",8.5042,4,
Парканы,Парканы,улица Суворова,107,4,6.3445,7.0758,6.379,1.597,4.7383,True,False,"[29.491402, 46.832239]",9.6036,4,
Парканы,Парканы,улица Суворова,108,4,5.7042,6.4355,5.739,1.597,4.0988,True,False,"[29.491402, 46.832239]",8.5377,4,
Парканы,Парканы,улица Суворова,109,4,6.3218,7.0531,6.357,1.597,4.7156,True,False,"[29.491402, 46.832239]",9.5657,4,
Парканы,Парканы,улица Суворова,110,4,5.7204,6.4517,5.756,1.597,4.115,True,False,"[29.491402, 46.832239]",8.5647,4,
Парканы,Парканы,улица Суворова,111,4,6.3002,7.0315,6.335,1.597,4.6939,True,False,"[29.491402, 46.832239]",9.5296,4,
Парканы,Парканы,улица Суворова,112,4,5.7354,6.4667,5.771,1.597,4.13,True,False,"[29.491402, 46.832239]",8.5897,4,
Парканы,Парканы,улица Суворова,113,4,6.2784,7.0097,6.314,1.597,4.6722,True,False,"[29.491402, 46.832239]",9.4934,4,
Парканы,Парканы,улица Суворова,114,4,5.75,6.4813,5.786,1.597,4.1446,True,False,"[29.491402, 46.832239]",8.6141,4,
Парканы,Парканы,улица Суворова,115,4,6.2609,6.9922,6.297,1.597,4.6546,True,False,"[29.491402, 46.832239]",9.4641,4,
Парканы,Парканы,улица Суворова,116,4,5.7686,6.4999,5.803,1.597,4.1632,True,False,"[29.491402, 46.832239]",8.6451,4,
Парканы,Парканы,улица Суворова,117,4,6.2368,6.9681,6.272,1.597,4.6306,True,False,"[29.491402, 46.832239]",9.4241,4,
Парканы,Парканы,улица Суворова,118,4,5.8003,6.5316,5.836,1.597,4.1949,True,False,"[29.491402, 46.832239]",8.6979,4,
Парканы,Парканы,улица Суворова,118а,4,6.2648,6.9961,6.3,1.597,4.6586,True,False,"[29.491402, 46.832239]",9.4707,4,
Парканы,Парканы,улица Суворова,119,4,6.2176,6.9489,6.253,1.597,4.6113,True,False,"[29.491402, 46.832239]",9.3919,4,
Парканы,Парканы,улица Суворова,119,4,6.2603,6.9916,6.253,1.597,4.6541,True,False,"[29.491402, 46.832239]",9.4632,4,
Парканы,Парканы,улица Суворова,120,4,6.3314,7.0627,6.367,1.597,4.7251,True,False,"[29.491402, 46.832239]",9.5816,4,
Парканы,Парканы,улица Суворова,121,4,6.1938,6.9251,6.23,1.597,4.5875,True,False,"[29.491402, 46.832239]",9.3522,4,
Парканы,Парканы,улица Суворова,121,4,6.2377,6.969,6.23,1.597,4.6315,True,False,"[29.491402, 46.832239]",9.4256,4,
Парканы,Парканы,улица Суворова,122,4,6.3121,7.0434,6.348,1.597,4.7058,True,False,"[29.491402, 46.832239]",9.5494,4,
Парканы,Парканы,улица Суворова,123,4,6.179,6.9103,6.214,1.597,4.5728,True,False,"[29.491402, 46.832239]",9.3277,4,
Парканы,Парканы,улица Суворова,124,4,6.2745,7.0058,6.31,1.597,4.6682,True,False,"[29.491402, 46.832239]",9.4867,4,
Парканы,Парканы,улица Суворова,125,4,6.1563,6.8876,6.191,1.597,4.55,True,False,"[29.491402, 46.832239]",9.2897,4,
Парканы,Парканы,улица Суворова,126,4,6.2546,6.9859,6.29,1.597,4.6484,True,False,"[29.491402, 46.832239]",9.4537,4,
Парканы,Парканы,улица Суворова,127 сергей,4,6.1313,6.8626,6.167,1.597,4.5251,True,False,"[29.491402, 46.832239]",9.2482,4,
Парканы,Парканы,улица Суворова,128,4,6.2282,6.9595,6.264,1.597,4.622,True,False,"[29.491402, 46.832239]",9.4097,4,
Парканы,Парканы,улица Суворова,129,4,6.1122,6.8435,6.148,1.597,4.5059,True,False,"[29.491402, 46.832239]",9.2162,4,
Парканы,Парканы,улица Суворова,130,4,6.2091,6.9404,6.245,1.597,4.6028,True,False,"[29.491402, 46.832239]",9.3777,4,
Парканы,Парканы,улица Суворова,131,4,6.0954,6.8267,6.131,1.597,4.4891,True,False,"[29.491402, 46.832239]",9.1882,4,
Парканы,Парканы,улица Суворова,132,4,6.1907,6.922,6.226,1.597,4.5844,True,False,"[29.491402, 46.832239]",9.3471,4,
Парканы,Парканы,улица Суворова,133,4,6.0805,6.8117,6.116,1.597,4.4742,True,False,"[29.491402, 46.832239]",9.1634,4,
Парканы,Парканы,улица Суворова,134,4,6.1681,6.8993,6.203,1.597,4.5618,True,False,"[29.491402, 46.832239]",9.3094,4,
Парканы,Парканы,улица Суворова,135,4,6.0669,6.7981,6.102,1.597,4.4606,True,False,"[29.491402, 46.832239]",9.1407,4,
Парканы,Парканы,улица Суворова,137,4,6.0523,6.7836,6.088,1.597,4.4461,True,False,"[29.491402, 46.832239]",9.1166,4,
Парканы,Парканы,улица Суворова,138,4,6.1499,6.8812,6.185,1.597,4.5437,True,False,"[29.491402, 46.832239]",9.2792,4,
Парканы,Парканы,улица Суворова,139,4,6.0352,6.7665,6.071,1.597,4.429,True,False,"[29.491402, 46.832239]",9.0881,4,
Парканы,Парканы,улица Суворова,140,4,6.1328,6.8641,6.168,1.597,4.5265,True,False,"[29.491402, 46.832239]",9.2506,4,
Парканы,Парканы,улица Суворова,141,4,6.0193,6.7505,6.054,1.597,4.413,True,False,"[29.491402, 46.832239]",9.0614,4,
Парканы,Парканы,улица Суворова,142,4,6.1083,6.8396,6.144,1.597,4.5021,True,False,"[29.491402, 46.832239]",9.2099,4,
Парканы,Парканы,улица Суворова,143,4,6.0034,6.7347,6.038,1.597,4.3971,True,False,"[29.491402, 46.832239]",9.0349,4,
Парканы,Парканы,улица Суворова,144,4,6.0936,6.8249,6.129,1.597,4.4873,True,False,"[29.491402, 46.832239]",9.1852,4,
Парканы,Парканы,улица Суворова,145,4,5.9841,6.7154,6.015,1.597,4.3778,True,False,"[29.491402, 46.832239]",9.0027,4,
Парканы,Парканы,улица Суворова,145,4,5.9787,6.71,6.015,1.597,4.3724,True,False,"[29.491402, 46.832239]",8.9937,4,
Парканы,Парканы,улица Суворова,146,4,6.0777,6.809,6.114,1.597,4.4715,True,False,"[29.491402, 46.832239]",9.1589,4,
Парканы,Парканы,улица Суворова,147,4,6.0085,6.7398,6.044,1.597,4.4022,True,False,"[29.491402, 46.832239]",9.0434,4,
Парканы,Парканы,улица Суворова,148,4,6.0628,6.7941,6.098,1.597,4.4565,True,False,"[29.491402, 46.832239]",9.1339,4,
Парканы,Парканы,улица Суворова,149,4,6.0266,6.7579,6.061,1.597,4.4204,True,False,"[29.491402, 46.832239]",9.0737,4,
Парканы,Парканы,улица Суворова,150,4,6.0459,6.7772,6.082,1.597,4.4396,True,False,"[29.491402, 46.832239]",9.1057,4,
Парканы,Парканы,улица Суворова,151,4,6.0449,6.7762,6.08,1.597,4.4386,True,False,"[29.491402, 46.832239]",9.1041,4,
Парканы,Парканы,улица Суворова,152,4,6.0242,6.7555,6.06,1.597,4.418,True,False,"[29.491402, 46.832239]",9.0697,4,
Парканы,Парканы,улица Суворова,153,4,6.066,6.7973,6.101,1.597,4.4597,True,False,"[29.491402, 46.832239]",9.1392,4,
Парканы,Парканы,улица Суворова,154,4,6.0096,6.7409,6.045,1.597,4.4033,True,False,"[29.491402, 46.832239]",9.0452,4,
Парканы,Парканы,улица Суворова,155,4,6.086,6.8173,6.122,1.597,4.4798,True,False,"[29.491402, 46.832239]",9.1727,4,
Парканы,Парканы,улица Суворова,157,4,6.1041,6.8354,6.14,1.597,4.4978,True,False,"[29.491402, 46.832239]",9.2027,4,
Парканы,Парканы,улица Суворова,161,4,6.2128,6.9441,6.248,1.597,4.6065,True,False,"[29.491402, 46.832239]",9.3839,4,
Парканы,Парканы,улица Суворова,162,4,5.9973,6.7286,6.033,1.597,4.391,True,False,"[29.491402, 46.832239]",9.0247,4,
Парканы,Парканы,улица Суворова,169,4,6.2707,7.002,6.306,1.597,4.6645,True,False,"[29.491402, 46.832239]",9.4806,4,
Парканы,Парканы,улица Суворова,172,4,5.9864,6.7177,6.021,1.597,4.3801,True,False,"[29.491402, 46.832239]",9.0066,4,
Парканы,Парканы,улица Суворова,174,4,5.9822,6.7135,6.018,1.597,4.3758,True,False,"[29.491402, 46.832239]",8.9994,4,
Парканы,Парканы,улица Суворова,195,4,6.1752,6.9065,6.211,1.597,4.569,True,False,"[29.491402, 46.832239]",9.3214,4,
Парканы,Парканы,улица Суворова,200,4,5.9956,6.7269,6.031,1.597,4.3892,True,False,"[29.491402, 46.832239]",9.0217,4,
Парканы,Парканы,улица Фрунзе,1,3,4.1603,4.8916,4.196,1.597,2.5549,True,False,"[29.491402, 46.832239]",5.9646,2,zone_move_3->2
Парканы,Парканы,улица Фрунзе,2,3,4.1703,4.9015,4.206,1.597,2.5649,True,False,"[29.491402, 46.832239]",5.9812,2,zone_move_3->2
Парканы,Парканы,улица Фрунзе,3,3,4.1926,4.9239,4.228,1.597,2.5873,True,False,"[29.491402, 46.832239]",6.0186,2,zone_move_3->2
Парканы,Парканы,улица Фрунзе,4,3,4.1811,4.9124,4.217,1.597,2.5757,True,False,"[29.491402, 46.832239]",5.9992,2,zone_move_3->2
Парканы,Парканы,улица Фрунзе,5,3,4.2037,4.935,4.239,1.597,2.5983,True,False,"[29.491402, 46.832239]",6.0369,2,zone_move_3->2
Парканы,Парканы,улица Фрунзе,6,3,4.1985,4.9298,4.234,1.597,2.5931,True,False,"[29.491402, 46.832239]",6.0282,2,zone_move_3->2
Парканы,Парканы,улица Фрунзе,8,3,4.2061,4.9374,4.241,1.597,2.6008,True,False,"[29.491402, 46.832239]",6.0411,2,zone_move_3->2
Парканы,Парканы,улица Фрунзе,9,3,4.2218,4.9531,4.253,1.597,2.6164,True,False,"[29.491402, 46.832239]",6.0671,2,zone_move_3->2
Парканы,Парканы,улица Фрунзе,9,3,4.2169,4.9482,4.253,1.597,2.6115,True,False,"[29.491402, 46.832239]",6.0589,2,zone_move_3->2
Парканы,Парканы,улица Фрунзе,10,3,4.2185,4.9498,4.254,1.597,2.6131,True,False,"[29.491402, 46.832239]",6.0616,2,zone_move_3->2
Парканы,Парканы,улица Фрунзе,11,3,4.2424,4.9737,4.278,1.597,2.637,True,False,"[29.491402, 46.832239]",6.1014,3,
Парканы,Парканы,улица Фрунзе,12,3,4.2346,4.9659,4.27,1.597,2.6293,True,False,"[29.491402, 46.832239]",6.0886,3,
Парканы,Парканы,улица Фрунзе,13,3,4.2696,5.0009,4.304,1.597,2.6642,True,False,"[29.491402, 46.832239]",6.1467,3,
Парканы,Парканы,улица Фрунзе,14,3,4.2581,4.9894,4.294,1.597,2.6527,True,False,"[29.491402, 46.832239]",6.1276,3,
Парканы,Парканы,улица Фрунзе,15,3,4.2818,5.013,4.318,1.597,2.6764,True,False,"[29.491402, 46.832239]",6.1671,3,
Парканы,Парканы,улица Фрунзе,16,3,4.2741,5.0054,4.31,1.597,2.6687,True,False,"[29.491402, 46.832239]",6.1542,3,
Парканы,Парканы,улица Фрунзе,17,3,4.2955,5.0268,4.331,1.597,2.6901,True,False,"[29.491402, 46.832239]",6.1899,3,
Парканы,Парканы,улица Фрунзе,19,3,4.3203,5.0516,4.356,1.597,2.7149,True,False,"[29.491402, 46.832239]",6.2312,3,
Парканы,Парканы,улица Фрунзе,20,3,4.295,5.0263,4.331,1.597,2.6896,True,False,"[29.491402, 46.832239]",6.1891,3,
Парканы,Парканы,улица Фрунзе,21,3,4.3443,5.0756,4.38,1.597,2.7389,True,False,"[29.491402, 46.832239]",6.2712,3,
Парканы,Парканы,улица Фрунзе,22,3,4.3115,5.0428,4.347,1.597,2.7061,True,False,"[29.491402, 46.832239]",6.2166,3,
Парканы,Парканы,улица Фрунзе,23,3,4.3644,5.0957,4.4,1.597,2.759,True,False,"[29.491402, 46.832239]",6.3047,3,
Парканы,Парканы,улица Фрунзе,24б,3,4.1353,4.8666,4.171,1.597,2.5299,True,False,"[29.491402, 46.832239]",5.9229,2,zone_move_3->2
Парканы,Парканы,улица Фрунзе,24б,3,4.1513,4.8826,4.171,1.597,2.5459,True,False,"[29.491402, 46.832239]",5.9496,2,zone_move_3->2
Парканы,Парканы,улица Фрунзе,26,3,4.3658,5.097,4.401,1.597,2.7604,True,False,"[29.491402, 46.832239]",6.3071,3,
Парканы,Парканы,улица Фрунзе,27,3,4.3962,5.1275,4.431,1.597,2.7908,True,False,"[29.491402, 46.832239]",6.3577,3,
Парканы,Парканы,улица Фрунзе,29,3,4.4186,5.1499,4.454,1.597,2.8132,True,False,"[29.491402, 46.832239]",6.3951,3,
Парканы,Парканы,улица Фрунзе,31,3,4.4341,5.1654,4.47,1.597,2.8287,True,False,"[29.491402, 46.832239]",6.4209,3,
Парканы,Парканы,улица Фрунзе,32,3,4.4247,5.156,4.46,1.597,2.8193,True,False,"[29.491402, 46.832239]",6.4052,3,
Парканы,Парканы,улица Фрунзе,33,3,4.4615,5.1928,4.496,1.597,2.8561,True,False,"[29.491402, 46.832239]",6.4666,3,
Парканы,Парканы,улица Фрунзе,34,3,4.4337,5.165,4.469,1.597,2.8283,True,False,"[29.491402, 46.832239]",6.4202,3,
Парканы,Парканы,улица Фрунзе,35,3,4.4747,5.206,4.511,1.597,2.8693,True,False,"[29.491402, 46.832239]",6.4886,3,
Парканы,Парканы,улица Фрунзе,36,3,4.4573,5.1886,4.492,1.597,2.8519,True,False,"[29.491402, 46.832239]",6.4596,3,
Парканы,Парканы,улица Фрунзе,37,3,4.5001,5.2314,4.536,1.597,2.8947,True,False,"[29.491402, 46.832239]",6.5309,3,
Парканы,Парканы,улица Фрунзе,38,3,4.4813,5.2126,4.517,1.597,2.8759,True,False,"[29.491402, 46.832239]",6.4996,3,
Парканы,Парканы,улица Фрунзе,39,3,4.5127,5.244,4.548,1.597,2.9073,True,False,"[29.491402, 46.832239]",6.5519,3,
Парканы,Парканы,улица Фрунзе,40,3,4.4932,5.2245,4.529,1.597,2.8878,True,False,"[29.491402, 46.832239]",6.5194,3,
Парканы,Парканы,улица Фрунзе,41,3,4.5309,5.2622,4.566,1.597,2.9255,True,False,"[29.491402, 46.832239]",6.5822,3,
Парканы,Парканы,улица Фрунзе,42,3,4.5079,5.2391,4.543,1.597,2.9025,True,False,"[29.491402, 46.832239]",6.5439,3,
Парканы,Парканы,улица Фрунзе,43,3,4.5538,5.2851,4.589,1.597,2.9484,True,False,"[29.491402, 46.832239]",6.6204,3,
Парканы,Парканы,улица Фрунзе,44,3,4.5266,5.2579,4.562,1.597,2.9212,True,False,"[29.491402, 46.832239]",6.5751,3,
Парканы,Парканы,улица Фрунзе,45,3,4.5666,5.2979,4.602,1.597,2.9612,True,False,"[29.491402, 46.832239]",6.6417,3,
Парканы,Парканы,улица Фрунзе,46,3,4.5515,5.2828,4.586,1.597,2.9461,True,False,"[29.491402, 46.832239]",6.6166,3,
Парканы,Парканы,улица Фрунзе,47,3,4.5777,5.309,4.613,1.597,2.9723,True,False,"[29.491402, 46.832239]",6.6602,3,
Парканы,Парканы,улица Фрунзе,48,3,4.5688,5.3001,4.604,1.597,2.9634,True,False,"[29.491402, 46.832239]",6.6454,3,
Парканы,Парканы,улица Фрунзе,49,3,4.5929,5.3242,4.629,1.597,2.9875,True,False,"[29.491402, 46.832239]",6.6856,3,
Парканы,Парканы,улица Фрунзе,50,3,4.5919,5.3232,4.627,1.597,2.9865,True,False,"[29.491402, 46.832239]",6.6839,3,
Парканы,Парканы,улица Фрунзе,51,3,4.6096,5.3409,4.646,1.597,3.0042,True,False,"[29.491402, 46.832239]",6.7134,3,
Парканы,Парканы,улица Фрунзе,52,3,4.6081,5.3394,4.644,1.597,3.0027,True,False,"[29.491402, 46.832239]",6.7109,3,
Парканы,Парканы,улица Фрунзе,53,3,4.6305,5.3618,4.665,1.597,3.0251,True,False,"[29.491402, 46.832239]",6.7482,3,
Парканы,Парканы,улица Фрунзе,54,3,4.628,5.3593,4.664,1.597,3.0226,True,False,"[29.491402, 46.832239]",6.7441,3,
Парканы,Парканы,улица Фрунзе,55,3,4.6435,5.3748,4.679,1.597,3.0381,True,False,"[29.491402, 46.832239]",6.7699,3,
Парканы,Парканы,улица Фрунзе,56,3,4.6405,5.3718,4.676,1.597,3.0351,True,False,"[29.491402, 46.832239]",6.7649,3,
Парканы,Парканы,улица Фрунзе,57,3,4.6673,5.3986,4.703,1.597,3.0619,True,False,"[29.491402, 46.832239]",6.8096,3,
Парканы,Парканы,улица Фрунзе,58,3,4.664,5.3953,4.7,1.597,3.0586,True,False,"[29.491402, 46.832239]",6.8041,3,
Парканы,Парканы,улица Фрунзе,59,3,4.6808,5.4121,4.716,1.597,3.0754,True,False,"[29.491402, 46.832239]",6.8321,3,
Парканы,Парканы,улица Фрунзе,60,3,4.6844,5.4157,4.72,1.597,3.079,True,False,"[29.491402, 46.832239]",6.8381,3,
Парканы,Парканы,улица Фрунзе,61,3,4.7085,5.4398,4.744,1.597,3.1031,True,False,"[29.491402, 46.832239]",6.8782,3,
Парканы,Парканы,улица Фрунзе,61а,3,4.7207,5.452,4.756,1.597,3.1153,True,False,"[29.491402, 46.832239]",6.8986,3,
Парканы,Парканы,улица Фрунзе,62,3,4.7036,5.4349,4.739,1.597,3.0982,True,False,"[29.491402, 46.832239]",6.8701,3,
Парканы,Парканы,улица Фрунзе,63,3,4.7383,5.4696,4.774,1.597,3.1329,True,False,"[29.491402, 46.832239]",6.9279,3,
Парканы,Парканы,улица Фрунзе,64,3,4.7217,5.453,4.757,1.597,3.1163,True,False,"[29.491402, 46.832239]",6.9002,3,
Парканы,Парканы,улица Фрунзе,65,3,4.7698,5.501,4.806,1.597,3.1643,True,False,"[29.491402, 46.832239]",6.9802,3,
Парканы,Парканы,улица Фрунзе,66,3,4.759,5.4903,4.781,1.597,3.1536,True,False,"[29.491402, 46.832239]",6.9624,3,
Парканы,Парканы,улица Фрунзе,66,3,4.7457,5.477,4.781,1.597,3.1403,True,False,"[29.491402, 46.832239]",6.9402,3,
Парканы,Парканы,улица Фрунзе,67,3,4.7966,5.5279,4.832,1.597,3.1912,True,False,"[29.491402, 46.832239]",7.0251,3,
Парканы,Парканы,улица Фрунзе,68,3,4.7591,5.4904,4.794,1.597,3.1537,True,False,"[29.491402, 46.832239]",6.9626,3,
Парканы,Парканы,улица Фрунзе,69,3,4.8124,5.5437,4.848,1.597,3.207,True,False,"[29.491402, 46.832239]",7.0514,3,
Парканы,Парканы,улица Фрунзе,70,3,4.7698,5.501,4.805,1.597,3.1643,True,False,"[29.491402, 46.832239]",6.9802,3,
Парканы,Парканы,улица Фрунзе,71,3,4.8253,5.5566,4.86,1.597,3.2199,True,False,"[29.491402, 46.832239]",7.0729,3,
Парканы,Парканы,улица Фрунзе,72,3,4.7966,5.5279,4.832,1.597,3.1912,True,False,"[29.491402, 46.832239]",7.0251,3,
Парканы,Парканы,улица Фрунзе,73,3,4.8405,5.5718,4.876,1.597,3.2351,True,False,"[29.491402, 46.832239]",7.0982,3,
Парканы,Парканы,улица Фрунзе,74,3,4.8068,5.5381,4.843,1.597,3.2014,True,False,"[29.491402, 46.832239]",7.0421,3,
Парканы,Парканы,улица Фрунзе,75,3,4.8656,5.5969,4.901,1.597,3.2602,True,False,"[29.491402, 46.832239]",7.1401,3,
Парканы,Парканы,улица Фрунзе,76,3,4.8301,5.5614,4.865,1.597,3.2247,True,False,"[29.491402, 46.832239]",7.0809,3,
Парканы,Парканы,улица Фрунзе,77,3,4.893,5.6243,4.929,1.597,3.2876,True,False,"[29.491402, 46.832239]",7.1857,3,
Парканы,Парканы,улица Фрунзе,78,3,4.8521,5.5834,4.887,1.597,3.2467,True,False,"[29.491402, 46.832239]",7.1176,3,
Парканы,Парканы,улица Фрунзе,79,3,4.935,5.6663,4.952,1.597,3.3296,True,False,"[29.491402, 46.832239]",7.2557,3,
Парканы,Парканы,улица Фрунзе,79,3,4.9165,5.6477,4.952,1.597,3.311,True,False,"[29.491402, 46.832239]",7.2247,3,
Парканы,Парканы,улица Фрунзе,80,3,4.8746,5.6059,4.911,1.597,3.2692,True,False,"[29.491402, 46.832239]",7.1551,3,
Парканы,Парканы,улица Фрунзе,81,3,4.9606,5.6919,4.996,1.597,3.3552,True,False,"[29.491402, 46.832239]",7.2984,3,
Парканы,Парканы,улица Фрунзе,82,3,4.9009,5.6322,4.936,1.597,3.2955,True,False,"[29.491402, 46.832239]",7.1989,3,
Парканы,Парканы,улица Фрунзе,84,3,4.9239,5.6552,4.96,1.597,3.3185,True,False,"[29.491402, 46.832239]",7.2372,3,
Парканы,Парканы,улица Фрунзе,86,3,4.9608,5.6921,4.997,1.597,3.3553,True,False,"[29.491402, 46.832239]",7.2986,3,
Парканы,Парканы,улица Фрунзе,87,3,5.2008,5.9321,5.129,1.597,3.5955,True,False,"[29.491402, 46.832239]",7.6989,3,
Парканы,Парканы,улица Фрунзе,89,3,5.2351,5.9664,5.163,1.597,3.6299,True,False,"[29.491402, 46.832239]",7.7562,3,
Парканы,Парканы,улица Фрунзе,89,3,5.247,5.9783,5.163,1.597,3.6417,True,False,"[29.491402, 46.832239]",7.7759,3,
Парканы,Парканы,улица Фрунзе,90,3,5.2431,5.9744,5.171,1.597,3.6378,True,False,"[29.491402, 46.832239]",7.7694,3,
Парканы,Парканы,улица Фрунзе,91,3,5.2671,5.9984,5.195,1.597,3.6618,True,False,"[29.491402, 46.832239]",7.8094,3,
Парканы,Парканы,улица Фрунзе,92,3,5.2612,5.9925,5.189,1.597,3.6559,True,False,"[29.491402, 46.832239]",7.7996,3,
Парканы,Парканы,улица Фрунзе,94,3,5.2843,6.0156,5.203,1.597,3.679,True,False,"[29.491402, 46.832239]",7.8381,3,
Парканы,Парканы,улица Фрунзе,94,3,5.275,6.0063,5.203,1.597,3.6698,True,False,"[29.491402, 46.832239]",7.8227,3,
Парканы,Парканы,улица Фрунзе,95,3,5.3535,6.0848,5.265,1.597,3.7482,True,False,"[29.491402, 46.832239]",7.9534,3,
Парканы,Парканы,улица Фрунзе,95,3,5.3363,6.0676,5.265,1.597,3.731,True,False,"[29.491402, 46.832239]",7.9247,3,
Парканы,Парканы,улица Фрунзе,96,3,5.3047,6.036,5.232,1.597,3.6994,True,False,"[29.491402, 46.832239]",7.8721,3,
Парканы,Парканы,улица Фрунзе,97,3,5.3731,6.1044,5.301,1.597,3.7678,True,False,"[29.491402, 46.832239]",7.9861,3,
Парканы,Парканы,улица Фрунзе,98,3,5.3275,6.0588,5.256,1.597,3.7222,True,False,"[29.491402, 46.832239]",7.9101,3,
Парканы,Парканы,улица Фрунзе,99,3,5.3881,6.1193,5.316,1.597,3.7828,True,False,"[29.491402, 46.832239]",8.0111,3,
Парканы,Парканы,улица Фрунзе,100,3,5.3568,6.0881,5.284,1.597,3.7515,True,False,"[29.491402, 46.832239]",7.9589,3,
Парканы,Парканы,улица Фрунзе,101,3,5.4049,6.1362,5.333,1.597,3.7996,True,False,"[29.491402, 46.832239]",8.0391,3,
Парканы,Парканы,улица Фрунзе,102,3,5.391,6.1222,5.319,1.597,3.7857,True,False,"[29.491402, 46.832239]",8.0159,3,
Парканы,Парканы,улица Фрунзе,103,3,5.4205,6.1518,5.348,1.597,3.8152,True,False,"[29.491402, 46.832239]",8.0651,3,
Парканы,Парканы,улица Фрунзе,104,3,5.4233,6.1546,5.352,1.597,3.818,True,False,"[29.491402, 46.832239]",8.0697,3,
Парканы,Парканы,улица Фрунзе,105,3,5.4347,6.166,5.362,1.597,3.8294,True,False,"[29.491402, 46.832239]",8.0887,3,
Парканы,Парканы,улица Фрунзе,106,3,5.4439,6.1752,5.372,1.597,3.8386,True,False,"[29.491402, 46.832239]",8.1041,3,
Парканы,Парканы,улица Фрунзе,107,3,5.4502,6.1815,5.378,1.597,3.8449,True,False,"[29.491402, 46.832239]",8.1146,3,
Парканы,Парканы,улица Фрунзе,108,3,5.4731,6.2043,5.401,1.597,3.8678,True,False,"[29.491402, 46.832239]",8.1527,3,
Парканы,Парканы,улица Фрунзе,109,3,5.4567,6.188,5.384,1.597,3.8514,True,False,"[29.491402, 46.832239]",8.1254,3,
Парканы,Парканы,улица Фрунзе,110,3,5.5143,6.2456,5.442,1.597,3.909,True,False,"[29.491402, 46.832239]",8.2214,3,
Парканы,Парканы,улица Фрунзе,111,3,5.4842,6.2155,5.412,1.597,3.8789,True,False,"[29.491402, 46.832239]",8.1712,3,
Парканы,Парканы,улица Фрунзе,111а,3,5.4714,6.2027,5.399,1.597,3.8661,True,False,"[29.491402, 46.832239]",8.1499,3,
Парканы,Парканы,улица Фрунзе,112,3,5.5357,6.267,5.463,1.597,3.9304,True,False,"[29.491402, 46.832239]",8.2571,3,
Парканы,Парканы,улица Фрунзе,112,3,5.5536,6.2849,5.463,1.597,3.9484,True,False,"[29.491402, 46.832239]",8.2871,3,
Парканы,Парканы,улица Фрунзе,113,3,5.5004,6.2317,5.429,1.597,3.8951,True,False,"[29.491402, 46.832239]",8.1982,3,
Парканы,Парканы,улица Фрунзе,114,4,5.5704,6.3017,5.587,1.597,3.9653,True,False,"[29.491402, 46.832239]",8.3152,3,zone_move_4->3
Парканы,Парканы,улица Фрунзе,114,4,5.5514,6.2826,5.587,1.597,3.9463,True,False,"[29.491402, 46.832239]",8.2836,3,zone_move_4->3
Парканы,Парканы,улица Фрунзе,115,3,5.516,6.2473,5.444,1.597,3.9107,True,False,"[29.491402, 46.832239]",8.2242,3,
Парканы,Парканы,улица Фрунзе,116,3,5.5282,6.2595,5.564,1.597,3.9231,True,False,"[29.491402, 46.832239]",8.2449,3,
Парканы,Парканы,улица Фрунзе,117,3,5.5316,6.2628,5.459,1.597,3.9263,True,False,"[29.491402, 46.832239]",8.2502,3,
Парканы,Парканы,улица Фрунзе,118,3,5.5066,6.2379,5.542,1.597,3.9015,True,False,"[29.491402, 46.832239]",8.2089,3,
Парканы,Парканы,улица Фрунзе,119,3,5.5392,6.2705,5.467,1.597,3.934,True,False,"[29.491402, 46.832239]",8.2631,3,
Парканы,Парканы,улица Фрунзе,120,3,5.4867,6.218,5.522,1.597,3.8816,True,False,"[29.491402, 46.832239]",8.1757,3,
Парканы,Парканы,улица Фрунзе,121,3,5.5566,6.2879,5.485,1.597,3.9514,True,False,"[29.491402, 46.832239]",8.2921,3,
Парканы,Парканы,улица Фрунзе,122,3,5.4632,6.1945,5.498,1.597,3.8581,True,False,"[29.491402, 46.832239]",8.1366,3,
Парканы,Парканы,улица Фрунзе,123,4,5.5696,6.3009,5.605,1.597,3.9646,True,False,"[29.491402, 46.832239]",8.3141,3,zone_move_4->3
Парканы,Парканы,улица Фрунзе,125,4,5.5472,6.2785,5.583,1.597,3.9421,True,False,"[29.491402, 46.832239]",8.2766,3,zone_move_4->3
Парканы,Парканы,улица Фрунзе,127,3,5.5362,6.2675,5.572,1.597,3.9311,True,False,"[29.491402, 46.832239]",8.2582,3,
Парканы,Парканы,улица Фрунзе,129,3,5.5231,6.2544,5.559,1.597,3.918,True,False,"[29.491402, 46.832239]",8.2364,3,
Парканы,Парканы,улица Фрунзе,131,3,5.5063,6.2376,5.542,1.597,3.9012,True,False,"[29.491402, 46.832239]",8.2084,3,
Парканы,Парканы,улица Фрунзе,133,3,5.4896,6.2209,5.525,1.597,3.8845,True,False,"[29.491402, 46.832239]",8.1806,3,
Парканы,Парканы,улица Фрунзе,135,3,5.4711,6.2023,5.507,1.597,3.8659,True,False,"[29.491402, 46.832239]",8.1496,3,
Парканы,Парканы,улица Фрунзе,137,3,5.4556,6.1869,5.492,1.597,3.8505,True,False,"[29.491402, 46.832239]",8.1239,3,
Парканы,Парканы,улица Фрунзе,139,3,5.4524,6.1837,5.488,1.597,3.8473,True,False,"[29.491402, 46.832239]",8.1186,3,
Парканы,Парканы,улица Фрунзе,141,3,5.4425,6.1738,5.477,1.597,3.8374,True,False,"[29.491402, 46.832239]",8.1021,3,
Парканы,Парканы,улица Фрунзе,143,3,5.415,6.1463,5.45,1.597,3.8099,True,False,"[29.491402, 46.832239]",8.0562,3,
Парканы,Парканы,улица Чапаева,1,3,4.8248,5.5561,4.86,1.597,3.2192,True,False,"[29.491402, 46.832239]",7.0717,3,
Парканы,Парканы,улица Чапаева,2,3,4.8353,5.5666,4.87,1.597,3.2296,True,False,"[29.491402, 46.832239]",7.0891,3,
Парканы,Парканы,улица Чапаева,3,3,4.8504,5.5817,4.885,1.597,3.2447,True,False,"[29.491402, 46.832239]",7.1142,3,
Парканы,Парканы,улица Чапаева,4,3,4.8587,5.59,4.894,1.597,3.253,True,False,"[29.491402, 46.832239]",7.1281,3,
Парканы,Парканы,улица Чапаева,5,3,4.8733,5.6046,4.909,1.597,3.2677,True,False,"[29.491402, 46.832239]",7.1526,3,
Парканы,Парканы,улица Чапаева,7,3,4.8996,5.6309,4.935,1.597,3.2939,True,False,"[29.491402, 46.832239]",7.1962,3,
Парканы,Парканы,улица Чапаева,7,3,4.9095,5.6408,4.935,1.597,3.3038,True,False,"[29.491402, 46.832239]",7.2127,3,
Парканы,Парканы,улица Чапаева,8,3,4.9113,5.6426,4.947,1.597,3.3056,True,False,"[29.491402, 46.832239]",7.2157,3,
Парканы,Парканы,улица Чапаева,9,3,4.9266,5.6578,4.962,1.597,3.3209,True,False,"[29.491402, 46.832239]",7.2412,3,
Парканы,Парканы,улица Чапаева,13,3,4.9968,5.7281,5.033,1.597,3.3911,True,False,"[29.491402, 46.832239]",7.3582,3,
Парканы,Парканы,улица Чапаева,14,3,4.9961,5.7274,5.026,1.597,3.3904,True,False,"[29.491402, 46.832239]",7.3571,3,
Парканы,Парканы,улица Чапаева,14,3,4.9902,5.7215,5.026,1.597,3.3844,True,False,"[29.491402, 46.832239]",7.3471,3,
Парканы,Парканы,улица Чапаева,15,3,5.0114,5.7427,5.047,1.597,3.4056,True,False,"[29.491402, 46.832239]",7.3824,3,
Парканы,Парканы,улица Чапаева,15,3,5.0246,5.7559,5.047,1.597,3.4189,True,False,"[29.491402, 46.832239]",7.4046,3,
Парканы,Парканы,улица Чапаева,16а,3,5.3708,6.1021,5.407,1.597,3.7651,True,False,"[29.491402, 46.832239]",7.9816,3,
Парканы,Парканы,улица Чапаева,16а,3,5.5109,6.2422,5.407,1.597,3.9051,True,False,"[29.491402, 46.832239]",8.2149,3,
Парканы,Парканы,улица Чапаева,16б,3,5.4204,6.1517,5.456,1.597,3.8147,True,False,"[29.491402, 46.832239]",8.0642,3,
Парканы,Парканы,улица Чапаева,16б,3,5.5543,6.2856,5.456,1.597,3.9486,True,False,"[29.491402, 46.832239]",8.2874,3,
Парканы,Парканы,улица Чапаева,17,3,5.0249,5.7562,5.06,1.597,3.4192,True,False,"[29.491402, 46.832239]",7.4051,3,
Парканы,Парканы,улица Чапаева,19,3,5.0385,5.7698,5.074,1.597,3.4327,True,False,"[29.491402, 46.832239]",7.4276,3,
Парканы,Парканы,улица Чапаева,20а,3,5.1245,5.8558,5.113,1.597,3.5188,True,False,"[29.491402, 46.832239]",7.5711,3,
Парканы,Парканы,улица Чапаева,20а,3,5.0772,5.8084,5.113,1.597,3.4714,True,False,"[29.491402, 46.832239]",7.4921,3,
Парканы,Парканы,улица Чапаева,21,3,5.0494,5.7807,5.085,1.597,3.4437,True,False,"[29.491402, 46.832239]",7.4459,3,
Парканы,Парканы,улица Чапаева,22,3,5.5109,6.2422,5.546,1.597,3.9052,True,False,"[29.491402, 46.832239]",8.2151,3,
Парканы,Парканы,улица Чапаева,23,3,5.0642,5.7955,5.1,1.597,3.4585,True,False,"[29.491402, 46.832239]",7.4706,3,
Парканы,Парканы,улица Чапаева,24,3,5.528,6.2593,5.563,1.597,3.9223,True,False,"[29.491402, 46.832239]",8.2436,3,
Парканы,Парканы,улица Чапаева,25,3,5.0788,5.8101,5.115,1.597,3.4731,True,False,"[29.491402, 46.832239]",7.4949,3,
Парканы,Парканы,улица Чапаева,26,4,5.5438,6.2751,5.579,1.597,3.9381,True,False,"[29.491402, 46.832239]",8.2699,3,zone_move_4->3
Парканы,Парканы,улица Чапаева,27,3,5.0969,5.8282,5.132,1.597,3.4912,True,False,"[29.491402, 46.832239]",7.5251,3,
Парканы,Парканы,улица Чапаева,28,4,5.5606,6.2919,5.597,1.597,3.9549,True,False,"[29.491402, 46.832239]",8.2979,3,zone_move_4->3
Парканы,Парканы,улица Чапаева,29,3,5.1137,5.8449,5.15,1.597,3.5079,True,False,"[29.491402, 46.832239]",7.5529,3,
Парканы,Парканы,улица Чапаева,30,4,5.5774,6.3087,5.613,1.597,3.9718,True,False,"[29.491402, 46.832239]",8.3261,3,zone_move_4->3
Парканы,Парканы,улица Чапаева,31,3,5.134,5.8653,5.169,1.597,3.5283,True,False,"[29.491402, 46.832239]",7.5869,3,
Парканы,Парканы,улица Чапаева,32,4,5.595,6.3263,5.63,1.597,3.9893,True,False,"[29.491402, 46.832239]",8.3552,3,zone_move_4->3
Парканы,Парканы,улица Чапаева,33,3,5.1497,5.8809,5.185,1.597,3.5439,True,False,"[29.491402, 46.832239]",7.6129,3,
Парканы,Парканы,улица Чапаева,34,4,5.6117,6.343,5.647,1.597,4.0061,True,False,"[29.491402, 46.832239]",8.3832,4,
Парканы,Парканы,улица Чапаева,35,3,5.1655,5.8968,5.201,1.597,3.5598,True,False,"[29.491402, 46.832239]",7.6394,3,
Парканы,Парканы,улица Чапаева,36,4,5.6286,6.3599,5.664,1.597,4.0229,True,False,"[29.491402, 46.832239]",8.4112,4,
Парканы,Парканы,улица Чапаева,37,3,5.1801,5.9114,5.216,1.597,3.5744,True,False,"[29.491402, 46.832239]",7.6637,3,
Парканы,Парканы,улица Чапаева,38,4,5.6486,6.3799,5.683,1.597,4.043,True,False,"[29.491402, 46.832239]",8.4447,4,
Парканы,Парканы,улица Чапаева,39,3,5.2001,5.9314,5.236,1.597,3.5944,True,False,"[29.491402, 46.832239]",7.6971,3,
Парканы,Парканы,улица Чапаева,39а,3,5.2136,5.9449,5.249,1.597,3.6079,True,False,"[29.491402, 46.832239]",7.7196,3,
Парканы,Парканы,улица Чапаева,40,4,5.667,6.3983,5.703,1.597,4.0613,True,False,"[29.491402, 46.832239]",8.4752,4,
Парканы,Парканы,улица Чапаева,41,3,5.2311,5.9623,5.267,1.597,3.6254,True,False,"[29.491402, 46.832239]",7.7487,3,
Парканы,Парканы,улица Чапаева,42,4,5.6862,6.4174,5.722,1.597,4.0805,True,False,"[29.491402, 46.832239]",8.5072,4,
Парканы,Парканы,улица Чапаева,43,3,5.2454,5.9767,5.281,1.597,3.6397,True,False,"[29.491402, 46.832239]",7.7726,3,
Парканы,Парканы,улица Чапаева,43,3,5.2576,5.9889,5.281,1.597,3.6519,True,False,"[29.491402, 46.832239]",7.7929,3,
Парканы,Парканы,улица Чапаева,44,4,5.7072,6.4385,5.742,1.597,4.1016,True,False,"[29.491402, 46.832239]",8.5424,4,
Парканы,Парканы,улица Чапаева,45,3,5.2658,5.9971,5.301,1.597,3.6601,True,False,"[29.491402, 46.832239]",7.8066,3,
Парканы,Парканы,улица Чапаева,46,4,5.7243,6.4556,5.76,1.597,4.1186,True,False,"[29.491402, 46.832239]",8.5707,4,
Парканы,Парканы,улица Чапаева,47,3,5.2858,6.0171,5.321,1.597,3.6801,True,False,"[29.491402, 46.832239]",7.8399,3,
Парканы,Парканы,улица Чапаева,48,4,5.7401,6.4713,5.775,1.597,4.1344,True,False,"[29.491402, 46.832239]",8.5971,4,
Парканы,Парканы,улица Чапаева,49,3,5.3041,6.0354,5.34,1.597,3.6984,True,False,"[29.491402, 46.832239]",7.8704,3,
Парканы,Парканы,улица Чапаева,50,4,5.754,6.4853,5.79,1.597,4.1484,True,False,"[29.491402, 46.832239]",8.6204,4,
Парканы,Парканы,улица Чапаева,51,3,5.3212,6.0525,5.356,1.597,3.7155,True,False,"[29.491402, 46.832239]",7.8989,3,
Парканы,Парканы,улица Чапаева,52,4,5.7721,6.5034,5.808,1.597,4.1664,True,False,"[29.491402, 46.832239]",8.6504,4,
Парканы,Парканы,улица Чапаева,53,3,5.3435,6.0748,5.379,1.597,3.7378,True,False,"[29.491402, 46.832239]",7.9361,3,
Парканы,Парканы,улица Чапаева,54,4,5.7878,6.5191,5.823,1.597,4.1822,True,False,"[29.491402, 46.832239]",8.6767,4,
Парканы,Парканы,улица Чапаева,55,3,5.3589,6.0902,5.394,1.597,3.7533,True,False,"[29.491402, 46.832239]",7.9619,3,
Парканы,Парканы,улица Чапаева,56,4,5.8035,6.5348,5.839,1.597,4.1979,True,False,"[29.491402, 46.832239]",8.7029,4,
Парканы,Парканы,улица Чапаева,57,3,5.3779,6.1092,5.413,1.597,3.7722,True,False,"[29.491402, 46.832239]",7.9934,3,
Парканы,Парканы,улица Чапаева,57а,3,5.3972,6.1285,5.433,1.597,3.7916,True,False,"[29.491402, 46.832239]",8.0257,3,
Парканы,Парканы,улица Чапаева,61,3,5.4372,6.1685,5.473,1.597,3.8315,True,False,"[29.491402, 46.832239]",8.0922,3,
Парканы,Парканы,улица Чапаева,62,4,5.8496,6.5809,5.885,1.597,4.244,True,False,"[29.491402, 46.832239]",8.7797,4,
Парканы,Парканы,улица Чапаева,63,3,5.4568,6.1881,5.493,1.597,3.8511,True,False,"[29.491402, 46.832239]",8.1249,3,
Парканы,Парканы,улица Чапаева,64,4,5.8655,6.5968,5.901,1.597,4.2599,True,False,"[29.491402, 46.832239]",8.8062,4,
Парканы,Парканы,улица Чапаева,65,3,5.474,6.2053,5.51,1.597,3.8683,True,False,"[29.491402, 46.832239]",8.1536,3,
Парканы,Парканы,улица Чапаева,66,4,5.8781,6.6093,5.914,1.597,4.2724,True,False,"[29.491402, 46.832239]",8.8271,4,
Парканы,Парканы,улица Чапаева,67,3,5.4916,6.2229,5.527,1.597,3.886,True,False,"[29.491402, 46.832239]",8.1831,3,
Парканы,Парканы,улица Чапаева,68,4,5.8916,6.6229,5.927,1.597,4.286,True,False,"[29.491402, 46.832239]",8.8497,4,
Парканы,Парканы,улица Чапаева,69,3,5.5019,6.2332,5.537,1.597,3.8963,True,False,"[29.491402, 46.832239]",8.2002,3,
Парканы,Парканы,улица Чапаева,70,4,5.9064,6.6376,5.942,1.597,4.3007,True,False,"[29.491402, 46.832239]",8.8742,4,
Парканы,Парканы,улица Чапаева,71,3,5.5145,6.2458,5.55,1.597,3.9088,True,False,"[29.491402, 46.832239]",8.2211,3,
Парканы,Парканы,улица Чапаева,72,4,5.921,6.6523,5.957,1.597,4.3154,True,False,"[29.491402, 46.832239]",8.8987,4,
Парканы,Парканы,улица Чапаева,73,3,5.5276,6.2589,5.563,1.597,3.922,True,False,"[29.491402, 46.832239]",8.2431,3,
Парканы,Парканы,улица Чапаева,74,4,5.9493,6.6806,5.985,1.597,4.3436,True,False,"[29.491402, 46.832239]",8.9457,4,
Парканы,Парканы,улица Чапаева,75,4,5.5456,6.2769,5.581,1.597,3.94,True,False,"[29.491402, 46.832239]",8.2731,3,zone_move_4->3
Парканы,Парканы,улица Чапаева,76,4,6.4505,7.1818,6.486,1.597,4.8439,True,False,"[29.491402, 46.832239]",9.7796,4,
Парканы,Парканы,улица Чапаева,77,4,5.5571,6.2883,5.592,1.597,3.9514,True,False,"[29.491402, 46.832239]",8.2921,3,zone_move_4->3
Парканы,Парканы,улица Чапаева,78,4,6.4291,7.1604,6.464,1.597,4.8225,True,False,"[29.491402, 46.832239]",9.7439,4,
Парканы,Парканы,улица Чапаева,79,4,5.5705,6.3018,5.606,1.597,3.9649,True,False,"[29.491402, 46.832239]",8.3146,3,zone_move_4->3
Парканы,Парканы,улица Чапаева,80,4,6.4123,7.1436,6.448,1.597,4.8057,True,False,"[29.491402, 46.832239]",9.7159,4,
Парканы,Парканы,улица Чапаева,81,4,5.584,6.3153,5.619,1.597,3.9783,True,False,"[29.491402, 46.832239]",8.3369,3,zone_move_4->3
Парканы,Парканы,улица Чапаева,82,4,6.3942,7.1255,6.429,1.597,4.7876,True,False,"[29.491402, 46.832239]",9.6857,4,
Парканы,Парканы,улица Чапаева,83,4,5.5975,6.3287,5.633,1.597,3.9918,True,False,"[29.491402, 46.832239]",8.3594,3,zone_move_4->3
Парканы,Парканы,улица Чапаева,84,4,6.3782,7.1095,6.414,1.597,4.7716,True,False,"[29.491402, 46.832239]",9.6591,4,
Парканы,Парканы,улица Чапаева,85,4,5.6109,6.3422,5.646,1.597,4.0053,True,False,"[29.491402, 46.832239]",8.3819,4,
Парканы,Парканы,улица Чапаева,86,4,6.3636,7.0949,6.399,1.597,4.757,True,False,"[29.491402, 46.832239]",9.6347,4,
Парканы,Парканы,улица Чапаева,87,4,5.6299,6.3612,5.665,1.597,4.0243,True,False,"[29.491402, 46.832239]",8.4136,4,
Парканы,Парканы,улица Чапаева,88,4,6.3469,7.0782,6.382,1.597,4.7403,True,False,"[29.491402, 46.832239]",9.6069,4,
Парканы,Парканы,улица Чапаева,89,4,5.6652,6.3965,5.701,1.597,4.0594,True,False,"[29.491402, 46.832239]",8.4721,4,
Парканы,Парканы,улица Чапаева,90,4,6.3304,7.0616,6.365,1.597,4.7238,True,False,"[29.491402, 46.832239]",9.5794,4,
Парканы,Парканы,улица Чапаева,91,4,5.6636,6.3949,5.699,1.597,4.058,True,False,"[29.491402, 46.832239]",8.4697,4,
Парканы,Парканы,улица Чапаева,92,4,6.3136,7.0449,6.35,1.597,4.707,True,False,"[29.491402, 46.832239]",9.5514,4,
Парканы,Парканы,улица Чапаева,93,4,5.6756,6.4069,5.711,1.597,4.0699,True,False,"[29.491402, 46.832239]",8.4896,4,
Парканы,Парканы,улица Чапаева,"93а,б",4,5.6832,6.4145,5.718,1.597,4.0776,True,False,"[29.491402, 46.832239]",8.5024,4,
Парканы,Парканы,улица Чапаева,95,4,5.6953,6.4266,5.73,1.597,4.0896,True,False,"[29.491402, 46.832239]",8.5224,4,
Парканы,Парканы,улица Чапаева,96,4,6.282,7.0133,6.318,1.597,4.6754,True,False,"[29.491402, 46.832239]",9.4987,4,
Парканы,Парканы,улица Чапаева,97,4,5.7087,6.44,5.744,1.597,4.1031,True,False,"[29.491402, 46.832239]",8.5449,4,
Парканы,Парканы,улица Чапаева,98,4,6.2651,6.9964,6.3,1.597,4.6585,True,False,"[29.491402, 46.832239]",9.4706,4,
Парканы,Парканы,улица Чапаева,99,4,5.7187,6.45,5.754,1.597,4.1131,True,False,"[29.491402, 46.832239]",8.5616,4,
Парканы,Парканы,улица Чапаева,101,4,5.7324,6.4637,5.767,1.597,4.1267,True,False,"[29.491402, 46.832239]",8.5842,4,
Парканы,Парканы,улица Чапаева,102,4,6.2359,6.9672,6.271,1.597,4.6293,True,False,"[29.491402, 46.832239]",9.4219,4,
Парканы,Парканы,улица Чапаева,103,4,5.7469,6.4782,5.782,1.597,4.1413,True,False,"[29.491402, 46.832239]",8.6086,4,
Парканы,Парканы,улица Чапаева,104,4,6.2166,6.9478,6.252,1.597,4.61,True,False,"[29.491402, 46.832239]",9.3897,4,
Парканы,Парканы,улица Чапаева,105,4,5.7597,6.491,5.795,1.597,4.154,True,False,"[29.491402, 46.832239]",8.6297,4,
Парканы,Парканы,улица Чапаева,106,4,6.2008,6.9321,6.237,1.597,4.5942,True,False,"[29.491402, 46.832239]",9.3634,4,
Парканы,Парканы,улица Чапаева,107,4,5.7734,6.5047,5.808,1.597,4.1678,True,False,"[29.491402, 46.832239]",8.6527,4,
Парканы,Парканы,улица Чапаева,108,4,6.1861,6.9173,6.222,1.597,4.5794,True,False,"[29.491402, 46.832239]",9.3387,4,
Парканы,Парканы,улица Чапаева,109,4,5.7867,6.518,5.822,1.597,4.1811,True,False,"[29.491402, 46.832239]",8.6749,4,
Парканы,Парканы,улица Чапаева,110,4,6.1726,6.9038,6.208,1.597,4.5659,True,False,"[29.491402, 46.832239]",9.3162,4,
Парканы,Парканы,улица Чапаева,111,4,5.8004,6.5317,5.836,1.597,4.1947,True,False,"[29.491402, 46.832239]",8.6976,4,
Парканы,Парканы,улица Чапаева,112,4,6.1568,6.8881,6.192,1.597,4.5502,True,False,"[29.491402, 46.832239]",9.2901,4,
Парканы,Парканы,улица Чапаева,113,4,5.8137,6.545,5.849,1.597,4.208,True,False,"[29.491402, 46.832239]",8.7197,4,
Парканы,Парканы,улица Чапаева,114,4,6.1409,6.8722,6.177,1.597,4.5343,True,False,"[29.491402, 46.832239]",9.2636,4,
Парканы,Парканы,улица Чапаева,115,4,5.8243,6.5556,5.86,1.597,4.2186,True,False,"[29.491402, 46.832239]",8.7374,4,
Парканы,Парканы,улица Чапаева,115а,4,5.8385,6.5698,5.874,1.597,4.2329,True,False,"[29.491402, 46.832239]",8.7612,4,
Парканы,Парканы,улица Чапаева,116,4,6.1259,6.8571,6.161,1.597,4.5192,True,False,"[29.491402, 46.832239]",9.2384,4,
Парканы,Парканы,улица Чапаева,117,4,5.85,6.5813,5.885,1.597,4.2444,True,False,"[29.491402, 46.832239]",8.7804,4,
Парканы,Парканы,улица Чапаева,119,4,5.8625,6.5938,5.898,1.597,4.2569,True,False,"[29.491402, 46.832239]",8.8012,4,
Парканы,Парканы,улица Чапаева,121,4,5.8735,6.6048,5.909,1.597,4.2679,True,False,"[29.491402, 46.832239]",8.8196,4,
Парканы,Парканы,улица Чапаева,123,4,5.887,6.6182,5.922,1.597,4.2813,True,False,"[29.491402, 46.832239]",8.8419,4,
Парканы,Парканы,улица Чапаева,125,4,5.9005,6.6318,5.936,1.597,4.2949,True,False,"[29.491402, 46.832239]",8.8646,4,
Парканы,Парканы,улица Чапаева,126,4,6.1932,6.9245,6.228,1.597,4.5866,True,False,"[29.491402, 46.832239]",9.3507,4,
Парканы,Парканы,улица Чапаева,127,4,5.9141,6.6454,5.95,1.597,4.3085,True,False,"[29.491402, 46.832239]",8.8872,4,
Парканы,Парканы,улица Чапаева,129,4,5.9277,6.659,5.964,1.597,4.3221,True,False,"[29.491402, 46.832239]",8.9099,4,
Парканы,Парканы,улица Чапаева,130,4,6.2359,6.9672,6.271,1.597,4.6293,True,False,"[29.491402, 46.832239]",9.4219,4,
Парканы,Парканы,улица Чапаева,131а,4,6.4758,7.2071,6.511,1.597,4.8692,True,False,"[29.491402, 46.832239]",9.8217,4,
Парканы,Парканы,улица Чапаева,132,4,6.2592,6.9905,6.295,1.597,4.6526,True,False,"[29.491402, 46.832239]",9.4607,4,
Парканы,Парканы,улица Чапаева,133,4,6.4635,7.1948,6.499,1.597,4.857,True,False,"[29.491402, 46.832239]",9.8014,4,
Парканы,Парканы,улица Чапаева,134,4,6.2905,7.0218,6.326,1.597,4.6839,True,False,"[29.491402, 46.832239]",9.5129,4,
Парканы,Парканы,улица Чапаева,135,4,6.4512,7.1825,6.486,1.597,4.8447,True,False,"[29.491402, 46.832239]",9.7809,4,
Парканы,Парканы,улица Чапаева,135а,4,6.4379,7.1692,6.473,1.597,4.8313,True,False,"[29.491402, 46.832239]",9.7586,4,
Парканы,Парканы,улица Чапаева,136,4,6.3083,7.0396,6.344,1.597,4.7017,True,False,"[29.491402, 46.832239]",9.5426,4,
Парканы,Парканы,улица Чапаева,137,4,6.4232,7.1545,6.459,1.597,4.8167,True,False,"[29.491402, 46.832239]",9.7342,4,
Парканы,Парканы,улица Чапаева,138,4,6.3276,7.0589,6.363,1.597,4.721,True,False,"[29.491402, 46.832239]",9.5747,4,
Парканы,Парканы,улица Чапаева,139,4,6.4107,7.142,6.446,1.597,4.8042,True,False,"[29.491402, 46.832239]",9.7134,4,
Парканы,Парканы,улица Чапаева,140,4,6.3534,7.0847,6.389,1.597,4.7468,True,False,"[29.491402, 46.832239]",9.6177,4,
Парканы,Парканы,улица Чапаева,143,4,6.3949,7.1261,6.431,1.597,4.7883,True,False,"[29.491402, 46.832239]",9.6869,4,
Парканы,Парканы,улица Чапаева,145,4,6.3822,7.1135,6.418,1.597,4.7757,True,False,"[29.491402, 46.832239]",9.6659,4,
Парканы,Парканы,улица Чапаева,147,4,6.3677,7.099,6.403,1.597,4.7611,True,False,"[29.491402, 46.832239]",9.6416,4,
Парканы,Парканы,улица Чапаева,149,4,6.3534,7.0847,6.389,1.597,4.7469,True,False,"[29.491402, 46.832239]",9.6179,4,
Парканы,Парканы,улица Чапаева,151,4,6.3399,7.0712,6.376,1.597,4.7333,True,False,"[29.491402, 46.832239]",9.5952,4,
Парканы,Парканы,улица Чапаева,153,4,6.3266,7.0579,6.362,1.597,4.7201,True,False,"[29.491402, 46.832239]",9.5732,4,
Парканы,Парканы,улица Чапаева,155,4,6.314,7.0453,6.349,1.597,4.7075,True,False,"[29.491402, 46.832239]",9.5522,4,
Парканы,Парканы,улица Чапаева,159,4,6.2895,7.0208,6.325,1.597,4.6829,True,False,"[29.491402, 46.832239]",9.5112,4,
Парканы,Парканы,улица Чапаева,161,4,6.2749,7.0062,6.31,1.597,4.6683,True,False,"[29.491402, 46.832239]",9.4869,4,
Парканы,Парканы,улица Чапаева,163,4,6.2601,6.9914,6.296,1.597,4.6535,True,False,"[29.491402, 46.832239]",9.4622,4,
Парканы,Парканы,улица Чапаева,165,4,6.2466,6.9779,6.282,1.597,4.64,True,False,"[29.491402, 46.832239]",9.4397,4,
Парканы,Парканы,улица Чапаева,167,4,6.2307,6.962,6.266,1.597,4.6241,True,False,"[29.491402, 46.832239]",9.4132,4,
Парканы,Парканы,улица Чапаева,169,4,6.216,6.9473,6.251,1.597,4.6094,True,False,"[29.491402, 46.832239]",9.3887,4,
Парканы,Парканы,улица Чапаева,171,4,6.2034,6.9347,6.238,1.597,4.5968,True,False,"[29.491402, 46.832239]",9.3677,4,
Парканы,Парканы,улица Чапаева,173,4,6.1879,6.9191,6.223,1.597,4.5812,True,False,"[29.491402, 46.832239]",9.3417,4,
Парканы,Парканы,улица Чапаева,175,4,6.1743,6.9056,6.21,1.597,4.5677,True,False,"[29.491402, 46.832239]",9.3192,4,
Парканы,Парканы,улица Чапаева,177,4,6.1586,6.8899,6.194,1.597,4.552,True,False,"[29.491402, 46.832239]",9.2931,4,
Парканы,Парканы,улица Чапаева,179,4,6.1427,6.874,6.178,1.597,4.5361,True,False,"[29.491402, 46.832239]",9.2666,4,
Парканы,Парканы,улица Чапаева,181,4,6.1283,6.8596,6.163,1.597,4.5217,True,False,"[29.491402, 46.832239]",9.2426,4,
Парканы,Парканы,улица Чапаева,185,4,6.1241,6.8554,6.16,1.597,4.5175,True,False,"[29.491402, 46.832239]",9.2356,4,
Парканы,Парканы,улица Чапаева,187,4,6.1375,6.8688,6.173,1.597,4.5309,True,False,"[29.491402, 46.832239]",9.2579,4,
Парканы,Парканы,улица Чапаева,189,4,6.1545,6.8858,6.19,1.597,4.5478,True,False,"[29.491402, 46.832239]",9.2861,4,
Парканы,Парканы,улица Чапаева,191,4,6.166,6.8973,6.201,1.597,4.5594,True,False,"[29.491402, 46.832239]",9.3054,4,
Парканы,Парканы,улица Чапаева,193,4,6.1827,6.9139,6.218,1.597,4.576,True,False,"[29.491402, 46.832239]",9.3331,4,
Парканы,Парканы,улица Чапаева,195,4,6.1973,6.9286,6.232,1.597,4.5907,True,False,"[29.491402, 46.832239]",9.3576,4,
Парканы,Парканы,улица Чапаева,197,4,6.2143,6.9456,6.249,1.597,4.6077,True,False,"[29.491402, 46.832239]",9.3859,4,
Парканы,Парканы,улица Чапаева,199,4,6.2313,6.9626,6.267,1.597,4.6247,True,False,"[29.491402, 46.832239]",9.4142,4,
Парканы,Парканы,улица Чапаева,201,4,6.2582,6.9894,6.293,1.597,4.6516,True,False,"[29.491402, 46.832239]",9.4591,4,
Парканы,Парканы,улица Чапаева,203,4,6.2825,7.0138,6.318,1.597,4.6759,True,False,"[29.491402, 46.832239]",9.4996,4,
Парканы,Парканы,улица Чапаева,205,4,6.2937,7.025,6.329,1.597,4.6871,True,False,"[29.491402, 46.832239]",9.5182,4,
Парканы,Парканы,улица Чапаева,207,4,6.3039,7.0352,6.34,1.597,4.6973,True,False,"[29.491402, 46.832239]",9.5352,4,
Парканы,Парканы,улица Чапаева,209,4,6.315,7.0463,6.351,1.597,4.7084,True,False,"[29.491402, 46.832239]",9.5537,4,
Парканы,Парканы,улица Чапаева,211,4,6.3261,7.0574,6.362,1.597,4.7195,True,False,"[29.491402, 46.832239]",9.5722,4,
Парканы,Парканы,улица Чапаева,213,4,6.3352,7.0665,6.371,1.597,4.7286,True,False,"[29.491402, 46.832239]",9.5874,4,
Парканы,Парканы,улица Чапаева,215,4,6.3465,7.0778,6.381,1.597,4.7399,True,False,"[29.491402, 46.832239]",9.6062,4,
Парканы,Парканы,улица Чапаева,217,4,6.3578,7.0891,6.393,1.597,4.7512,True,False,"[29.491402, 46.832239]",9.6251,4,
Парканы,Парканы,улица Чапаева,219,4,6.3689,7.1002,6.405,1.597,4.7623,True,False,"[29.491402, 46.832239]",9.6436,4,
Парканы,Парканы,улица Чапаева,221,4,6.379,7.1103,6.415,1.597,4.7724,True,False,"[29.491402, 46.832239]",9.6604,4,
Парканы,Парканы,улица Чапаева,223,4,6.3891,7.1204,6.425,1.597,4.7826,True,False,"[29.491402, 46.832239]",9.6774,4,
Парканы,Парканы,улица Чапаева,225,4,6.4004,7.1317,6.435,1.597,4.7938,True,False,"[29.491402, 46.832239]",9.6961,4,
Парканы,Парканы,улица Чапаева,227,4,6.4094,7.1407,6.445,1.597,4.8028,True,False,"[29.491402, 46.832239]",9.7111,4,
Парканы,Парканы,улица Чапаева,227,4,6.5493,7.2806,6.445,1.597,4.9427,True,False,"[29.491402, 46.832239]",9.9442,4,
Парканы,Парканы,улица Чапаева,229,4,6.424,7.1553,6.459,1.597,4.8174,True,False,"[29.491402, 46.832239]",9.7354,4,
Парканы,Парканы,улица Чапаева,231,4,6.4396,7.1709,6.475,1.597,4.8331,True,False,"[29.491402, 46.832239]",9.7616,4,
Парканы,Парканы,улица Чапаева,233,4,6.4667,7.198,6.502,1.597,4.8602,True,False,"[29.491402, 46.832239]",9.8067,4,
Парканы,Парканы,улица Чапаева,235,4,6.4802,7.2115,6.516,1.597,4.8737,True,False,"[29.491402, 46.832239]",9.8292,4,
Парканы,Парканы,улица Чапаева,237,4,6.4937,7.225,6.529,1.597,4.8872,True,False,"[29.491402, 46.832239]",9.8517,4,
Парканы,Парканы,улица Чапаева,239,4,6.506,7.2373,6.541,1.597,4.8994,True,False,"[29.491402, 46.832239]",9.8721,4,
Парканы,Парканы,улица Чапаева,241,4,6.7056,7.4369,6.563,1.597,5.0991,True,False,"[29.491402, 46.832239]",10.2049,4,
Парканы,Парканы,улица Чапаева,241,4,6.5277,7.259,6.563,1.597,4.9211,True,False,"[29.491402, 46.832239]",9.9082,4,
Парканы,Парканы,улица Чехова,1а,2,4.0224,4.7537,4.058,1.597,2.42,True,False,"[29.491402, 46.832239]",5.7397,2,
Парканы,Парканы,улица Чехова,2,2,4.0325,4.7638,4.068,1.597,2.4302,True,False,"[29.491402, 46.832239]",5.7567,2,
Парканы,Парканы,улица Чехова,3,2,4.0352,4.7665,4.063,1.597,2.4327,True,False,"[29.491402, 46.832239]",5.7609,2,
Парканы,Парканы,улица Чехова,3,2,4.0269,4.7582,4.063,1.597,2.4245,True,False,"[29.491402, 46.832239]",5.7472,2,
Парканы,Парканы,улица Чехова,5,2,4.0256,4.7569,4.061,1.597,2.4233,True,False,"[29.491402, 46.832239]",5.7452,2,
Парканы,Парканы,улица Чехова,7,3,4.0424,4.7736,4.078,1.597,2.44,True,False,"[29.491402, 46.832239]",5.7731,2,zone_move_3->2
Парканы,Парканы,улица Чехова,8,3,4.1353,4.8666,4.17,1.597,2.5327,True,False,"[29.491402, 46.832239]",5.9276,2,zone_move_3->2
Парканы,Парканы,улица Чехова,9,3,4.0599,4.7912,4.095,1.597,2.4575,True,False,"[29.491402, 46.832239]",5.8022,2,zone_move_3->2
Парканы,Парканы,улица Чехова,10,3,4.7272,5.4585,4.763,1.597,3.1233,True,False,"[29.491402, 46.832239]",6.9119,3,
Парканы,Парканы,улица Чехова,11,3,4.0795,4.8108,4.115,1.597,2.4771,True,False,"[29.491402, 46.832239]",5.8349,2,zone_move_3->2
Парканы,Парканы,улица Чехова,13,3,4.1008,4.832,4.136,1.597,2.4983,True,False,"[29.491402, 46.832239]",5.8702,2,zone_move_3->2
Парканы,Парканы,улица Чехова,15,3,4.1224,4.8537,4.158,1.597,2.5199,True,False,"[29.491402, 46.832239]",5.9062,2,zone_move_3->2
Парканы,Парканы,улица Чехова,17,3,4.8085,5.5398,4.844,1.597,3.2045,True,False,"[29.491402, 46.832239]",7.0472,3,
Парканы,Парканы,улица Чехова,19,3,4.7872,5.5185,4.823,1.597,3.1832,True,False,"[29.491402, 46.832239]",7.0117,3,
Парканы,Парканы,улица Чехова,21,3,4.7677,5.499,4.803,1.597,3.1638,True,False,"[29.491402, 46.832239]",6.9794,3,
Парканы,Парканы,улица Чехова,23,3,4.7523,5.4836,4.788,1.597,3.1484,True,False,"[29.491402, 46.832239]",6.9537,3,
Парканы,Парканы,улица Чехова,27,3,4.7119,5.4432,4.747,1.597,3.1081,True,False,"[29.491402, 46.832239]",6.8866,3,
Парканы,Парканы,улица Чехова,29,3,4.6914,5.4227,4.695,1.597,3.0876,True,False,"[29.491402, 46.832239]",6.8524,3,
Парканы,Парканы,улица Чехова,29,3,4.6599,5.3912,4.695,1.597,3.0561,True,False,"[29.491402, 46.832239]",6.7999,3,
Парканы,Парканы,улица Чехова,31,3,4.6704,5.4017,4.706,1.597,3.0666,True,False,"[29.491402, 46.832239]",6.8174,3,
Парканы,Парканы,улица Чехова,33,3,4.6451,5.3764,4.68,1.597,3.0413,True,False,"[29.491402, 46.832239]",6.7752,3,
Парканы,Парканы,улица Чехова,35,3,4.8624,5.5936,4.897,1.597,3.2582,True,False,"[29.491402, 46.832239]",7.1367,3,
Парканы,Парканы,улица Чехова,37,3,4.9204,5.6517,4.956,1.597,3.3161,True,False,"[29.491402, 46.832239]",7.2332,3,
Парканы,Парканы,улица Чехова,39,3,4.988,5.7193,5.023,1.597,3.3836,True,False,"[29.491402, 46.832239]",7.3457,3,
Парканы,Парканы,улица Чехова,51,3,4.444,5.1753,4.479,1.597,2.8404,True,False,"[29.491402, 46.832239]",6.4404,3,
Парканы,Парканы,улица Чехова,53,3,4.4653,5.1965,4.501,1.597,2.8616,True,False,"[29.491402, 46.832239]",6.4757,3,
Парканы,Парканы,улица Чехова,53,3,4.4751,5.2064,4.501,1.597,2.8714,True,False,"[29.491402, 46.832239]",6.4921,3,
Парканы,Парканы,улица Чехова,55,3,4.4853,5.2166,4.521,1.597,2.8817,True,False,"[29.491402, 46.832239]",6.5092,3,
Парканы,Парканы,улица Чехова,57,3,4.5078,5.2391,4.544,1.597,2.9041,True,False,"[29.491402, 46.832239]",6.5466,3,
Парканы,Парканы,улица Чехова,57,3,4.5138,5.2451,4.544,1.597,2.9101,True,False,"[29.491402, 46.832239]",6.5566,3,
Парканы,Парканы,улица Чехова,59,3,4.5383,5.2696,4.573,1.597,2.9347,True,False,"[29.491402, 46.832239]",6.5976,3,
Парканы,Парканы,улица Чехова,59,3,4.547,5.2783,4.573,1.597,2.9433,True,False,"[29.491402, 46.832239]",6.6119,3,
Парканы,Парканы,улица Чехова,60,3,4.4832,5.2145,4.519,1.597,2.8795,True,False,"[29.491402, 46.832239]",6.5056,3,
Парканы,Парканы,улица Чехова,61,3,4.5849,5.3162,4.62,1.597,2.9813,True,False,"[29.491402, 46.832239]",6.6752,3,
Парканы,Парканы,улица Чехова,61,3,4.6294,5.3607,4.62,1.597,3.0257,True,False,"[29.491402, 46.832239]",6.7492,3,
Парканы,Парканы,улица Чехова,62,3,4.5078,5.2391,4.543,1.597,2.9041,True,False,"[29.491402, 46.832239]",6.5466,3,
Парканы,Парканы,улица Чехова,62,3,4.5092,5.2405,4.543,1.597,2.9055,True,False,"[29.491402, 46.832239]",6.5489,3,
Парканы,Парканы,улица Чехова,63,3,4.6473,5.3786,4.683,1.597,3.0436,True,False,"[29.491402, 46.832239]",6.7791,3,
Парканы,Парканы,улица Чехова,63,3,4.6507,5.382,4.683,1.597,3.047,True,False,"[29.491402, 46.832239]",6.7847,3,
Парканы,Парканы,улица Чехова,64,3,4.5349,5.2662,4.57,1.597,2.9312,True,False,"[29.491402, 46.832239]",6.5917,3,
Парканы,Парканы,улица Чехова,65,3,4.7033,5.4346,4.738,1.597,3.0995,True,False,"[29.491402, 46.832239]",6.8722,3,
Парканы,Парканы,улица Чехова,66,3,4.5552,5.2864,4.59,1.597,2.9515,True,False,"[29.491402, 46.832239]",6.6256,3,
Парканы,Парканы,улица Чехова,68,3,4.5695,5.3007,4.605,1.597,2.9658,True,False,"[29.491402, 46.832239]",6.6494,3,
Парканы,Парканы,улица Чехова,68,3,4.5728,5.3041,4.605,1.597,2.9691,True,False,"[29.491402, 46.832239]",6.6549,3,
Парканы,Парканы,улица Чехова,70,3,4.5918,5.3231,4.627,1.597,2.9881,True,False,"[29.491402, 46.832239]",6.6866,3,
Парканы,Парканы,улица Чехова,72,3,4.6265,5.3578,4.663,1.597,3.0228,True,False,"[29.491402, 46.832239]",6.7444,3,
Парканы,Парканы,улица Чехова,73,3,4.7305,5.4618,4.766,1.597,3.1266,True,False,"[29.491402, 46.832239]",6.9174,3,
Парканы,Парканы,улица Чехова,74,3,4.6593,5.3906,4.695,1.597,3.0556,True,False,"[29.491402, 46.832239]",6.7991,3,
Парканы,Парканы,улица Чехова,75,3,4.9076,5.6389,4.943,1.597,3.3033,True,False,"[29.491402, 46.832239]",7.2119,3,
Парканы,Парканы,улица Чехова,76,3,4.6777,5.409,4.713,1.597,3.0739,True,False,"[29.491402, 46.832239]",6.8296,3,
Парканы,Парканы,улица Чехова,78,3,4.705,5.4363,4.74,1.597,3.1012,True,False,"[29.491402, 46.832239]",6.8751,3,
Парканы,Парканы,улица Чехова,95,3,5.1259,5.8572,5.162,1.597,3.5211,True,False,"[29.491402, 46.832239]",7.5749,3,
Парканы,Парканы,улица Чехова,97,3,5.1258,5.857,5.161,1.597,3.5209,True,False,"[29.491402, 46.832239]",7.5746,3,
Парканы,Парканы,улица Чкалова,1,3,4.3782,5.1095,4.414,1.597,2.7721,True,False,"[29.491402, 46.832239]",6.3266,3,
Парканы,Парканы,улица Чкалова,2,3,4.3842,5.1155,4.42,1.597,2.7781,True,False,"[29.491402, 46.832239]",6.3366,3,
Парканы,Парканы,улица Чкалова,3,3,4.3892,5.1205,4.425,1.597,2.7832,True,False,"[29.491402, 46.832239]",6.3451,3,
Парканы,Парканы,улица Чкалова,4,3,4.4035,5.1348,4.438,1.597,2.7974,True,False,"[29.491402, 46.832239]",6.3687,3,
Парканы,Парканы,улица Чкалова,5,3,4.4008,5.1321,4.437,1.597,2.7948,True,False,"[29.491402, 46.832239]",6.3644,3,
Парканы,Парканы,улица Чкалова,6,3,4.4229,5.1542,4.458,1.597,2.8169,True,False,"[29.491402, 46.832239]",6.4012,3,
Парканы,Парканы,улица Чкалова,7,3,4.4133,5.1446,4.448,1.597,2.8072,True,False,"[29.491402, 46.832239]",6.3851,3,
Парканы,Парканы,улица Чкалова,10,3,4.4513,5.1826,4.487,1.597,2.8453,True,False,"[29.491402, 46.832239]",6.4486,3,
Парканы,Парканы,улица Чкалова,12,3,4.4693,5.2006,4.504,1.597,2.8633,True,False,"[29.491402, 46.832239]",6.4786,3,
Парканы,Парканы,улица Чкалова,14,3,4.4845,5.2158,4.52,1.597,2.8785,True,False,"[29.491402, 46.832239]",6.5039,3,
Парканы,Парканы,улица Чкалова,15,3,4.4695,5.2007,4.504,1.597,2.8634,True,False,"[29.491402, 46.832239]",6.4787,3,
Парканы,Парканы,улица Чкалова,16,3,4.4968,5.2281,4.532,1.597,2.8908,True,False,"[29.491402, 46.832239]",6.5244,3,
Парканы,Парканы,улица Чкалова,17,3,4.4832,5.2145,4.518,1.597,2.8772,True,False,"[29.491402, 46.832239]",6.5017,3,
Парканы,Парканы,улица Чкалова,18,3,4.5114,5.2427,4.547,1.597,2.9054,True,False,"[29.491402, 46.832239]",6.5487,3,
Парканы,Парканы,улица Чкалова,19,3,4.4968,5.2281,4.533,1.597,2.8908,True,False,"[29.491402, 46.832239]",6.5244,3,
Парканы,Парканы,улица Чкалова,20,3,4.5265,5.2578,4.562,1.597,2.9204,True,False,"[29.491402, 46.832239]",6.5737,3,
Парканы,Парканы,улица Чкалова,21,3,4.5094,5.2406,4.545,1.597,2.9033,True,False,"[29.491402, 46.832239]",6.5452,3,
Парканы,Парканы,улица Чкалова,21,3,4.5251,5.2564,4.545,1.597,2.9191,True,False,"[29.491402, 46.832239]",6.5716,3,
Парканы,Парканы,улица Чкалова,22,3,4.54,5.2713,4.576,1.597,2.934,True,False,"[29.491402, 46.832239]",6.5964,3,
Парканы,Парканы,улица Чкалова,23,3,4.5409,5.2722,4.576,1.597,2.9349,True,False,"[29.491402, 46.832239]",6.5979,3,
Парканы,Парканы,улица Чкалова,24,3,4.553,5.2843,4.588,1.597,2.947,True,False,"[29.491402, 46.832239]",6.6181,3,
Парканы,Парканы,улица Чкалова,25,3,4.5544,5.2857,4.59,1.597,2.9484,True,False,"[29.491402, 46.832239]",6.6204,3,
Парканы,Парканы,улица Чкалова,27,3,4.5695,5.3008,4.605,1.597,2.9635,True,False,"[29.491402, 46.832239]",6.6456,3,
Парканы,Парканы,улица Чкалова,29,3,4.5839,5.3152,4.619,1.597,2.9779,True,False,"[29.491402, 46.832239]",6.6696,3,
Парканы,Парканы,улица Чкалова,30,3,4.597,5.3283,4.632,1.597,2.991,True,False,"[29.491402, 46.832239]",6.6914,3,
Парканы,Парканы,улица Чкалова,31,3,4.5969,5.3282,4.633,1.597,2.9909,True,False,"[29.491402, 46.832239]",6.6912,3,
Парканы,Парканы,улица Чкалова,33,3,4.6111,5.3424,4.646,1.597,3.005,True,False,"[29.491402, 46.832239]",6.7147,3,
Парканы,Парканы,улица Чкалова,35,3,4.6273,5.3586,4.662,1.597,3.0213,True,False,"[29.491402, 46.832239]",6.7419,3,
Парканы,Парканы,улица Чкалова,36,3,4.6374,5.3687,4.673,1.597,3.0314,True,False,"[29.491402, 46.832239]",6.7587,3,
Парканы,Парканы,улица Чкалова,37,3,4.6411,5.3724,4.677,1.597,3.0351,True,False,"[29.491402, 46.832239]",6.7649,3,
Парканы,Парканы,улица Чкалова,38,3,4.6503,5.3816,4.686,1.597,3.0442,True,False,"[29.491402, 46.832239]",6.7801,3,
Парканы,Парканы,улица Чкалова,39,3,4.656,5.3873,4.691,1.597,3.05,True,False,"[29.491402, 46.832239]",6.7897,3,
Парканы,Парканы,улица Чкалова,40,3,4.6641,5.3954,4.699,1.597,3.058,True,False,"[29.491402, 46.832239]",6.8031,3,
Парканы,Парканы,улица Чкалова,41,3,4.6715,5.4027,4.707,1.597,3.0654,True,False,"[29.491402, 46.832239]",6.8154,3,
Парканы,Парканы,улица Чкалова,42,3,4.676,5.4073,4.711,1.597,3.07,True,False,"[29.491402, 46.832239]",6.8231,3,
Парканы,Парканы,улица Чкалова,43,3,4.6843,5.4155,4.719,1.597,3.0782,True,False,"[29.491402, 46.832239]",6.8367,3,
Парканы,Парканы,улица Чкалова,44,3,4.6919,5.4232,4.727,1.597,3.0858,True,False,"[29.491402, 46.832239]",6.8494,3,
Парканы,Парканы,улица Чкалова,45,3,4.6965,5.4278,4.732,1.597,3.0905,True,False,"[29.491402, 46.832239]",6.8572,3,
Парканы,Парканы,улица Чкалова,46,3,4.7058,5.4371,4.742,1.597,3.0998,True,False,"[29.491402, 46.832239]",6.8727,3,
Парканы,Парканы,улица Чкалова,47,3,4.7103,5.4416,4.746,1.597,3.1043,True,False,"[29.491402, 46.832239]",6.8802,3,
Парканы,Парканы,улица Чкалова,48,3,4.7184,5.4497,4.753,1.597,3.1123,True,False,"[29.491402, 46.832239]",6.8936,3,
Парканы,Парканы,улица Чкалова,49,3,4.7229,5.4542,4.759,1.597,3.1169,True,False,"[29.491402, 46.832239]",6.9012,3,
Парканы,Парканы,улица Чкалова,50,3,4.7301,5.4614,4.766,1.597,3.124,True,False,"[29.491402, 46.832239]",6.9131,3,
Парканы,Парканы,улица Чкалова,51,3,4.7371,5.4684,4.773,1.597,3.1311,True,False,"[29.491402, 46.832239]",6.9249,3,
Парканы,Парканы,улица Чкалова,52,3,4.7446,5.4759,4.78,1.597,3.1385,True,False,"[29.491402, 46.832239]",6.9372,3,
Парканы,Парканы,улица Чкалова,53,3,4.7506,5.4819,4.786,1.597,3.1445,True,False,"[29.491402, 46.832239]",6.9472,3,
Парканы,Парканы,улица Чкалова,54,3,4.7627,5.494,4.798,1.597,3.1567,True,False,"[29.491402, 46.832239]",6.9676,3,
Парканы,Парканы,улица Чкалова,55,3,4.7652,5.4965,4.8,1.597,3.1592,True,False,"[29.491402, 46.832239]",6.9717,3,
Парканы,Парканы,улица Чкалова,56,3,4.7832,5.5145,4.818,1.597,3.1772,True,False,"[29.491402, 46.832239]",7.0017,3,
Парканы,Парканы,улица Чкалова,57,3,4.78,5.5112,4.815,1.597,3.1739,True,False,"[29.491402, 46.832239]",6.9962,3,
Парканы,Парканы,улица Чкалова,58,3,4.8046,5.5358,4.84,1.597,3.1985,True,False,"[29.491402, 46.832239]",7.0372,3,
Парканы,Парканы,улица Чкалова,59,3,4.7937,5.525,4.83,1.597,3.1876,True,False,"[29.491402, 46.832239]",7.0191,3,
Парканы,Парканы,улица Чкалова,60,3,4.828,5.5593,4.863,1.597,3.222,True,False,"[29.491402, 46.832239]",7.0764,3,
Парканы,Парканы,улица Чкалова,61,3,4.8084,5.5397,4.844,1.597,3.2024,True,False,"[29.491402, 46.832239]",7.0437,3,
Парканы,Парканы,улица Чкалова,62,3,4.8506,5.5819,4.886,1.597,3.2446,True,False,"[29.491402, 46.832239]",7.1141,3,
Парканы,Парканы,улица Чкалова,63,3,4.8269,5.5582,4.862,1.597,3.2209,True,False,"[29.491402, 46.832239]",7.0746,3,
Парканы,Парканы,улица Чкалова,64,3,4.8731,5.6044,4.908,1.597,3.2671,True,False,"[29.491402, 46.832239]",7.1516,3,
Парканы,Парканы,улица Чкалова,65,3,4.8434,5.5746,4.878,1.597,3.2373,True,False,"[29.491402, 46.832239]",7.1019,3,
Парканы,Парканы,улица Чкалова,66,3,4.8953,5.6266,4.93,1.597,3.2893,True,False,"[29.491402, 46.832239]",7.1886,3,
Парканы,Парканы,улица Чкалова,67,3,4.8617,5.593,4.897,1.597,3.2557,True,False,"[29.491402, 46.832239]",7.1326,3,
Парканы,Парканы,улица Чкалова,68,3,4.9164,5.6477,4.952,1.597,3.3104,True,False,"[29.491402, 46.832239]",7.2237,3,
Парканы,Парканы,улица Чкалова,69,3,4.8801,5.6114,4.915,1.597,3.2741,True,False,"[29.491402, 46.832239]",7.1632,3,
Парканы,Парканы,улица Чкалова,70,3,4.9415,5.6728,4.976,1.597,3.3355,True,False,"[29.491402, 46.832239]",7.2656,3,
Парканы,Парканы,улица Чкалова,71,3,4.898,5.6293,4.933,1.597,3.292,True,False,"[29.491402, 46.832239]",7.1931,3,
Парканы,Парканы,улица Чкалова,72,3,4.9584,5.6897,4.994,1.597,3.3524,True,False,"[29.491402, 46.832239]",7.2937,3,
Парканы,Парканы,улица Чкалова,73,3,4.9136,5.6448,4.949,1.597,3.3075,True,False,"[29.491402, 46.832239]",7.2189,3,
Парканы,Парканы,улица Чкалова,74,3,4.9807,5.712,5.016,1.597,3.3747,True,False,"[29.491402, 46.832239]",7.3309,3,
Парканы,Парканы,улица Чкалова,75,3,4.9327,5.664,4.968,1.597,3.3267,True,False,"[29.491402, 46.832239]",7.2509,3,
Парканы,Парканы,улица Чкалова,76,3,5.0043,5.7356,5.039,1.597,3.3983,True,False,"[29.491402, 46.832239]",7.3702,3,
Парканы,Парканы,улица Чкалова,77,3,4.9498,5.6811,4.986,1.597,3.3438,True,False,"[29.491402, 46.832239]",7.2794,3,
Парканы,Парканы,улица Чкалова,78,3,5.0243,5.7556,5.06,1.597,3.4183,True,False,"[29.491402, 46.832239]",7.4036,3,
Парканы,Парканы,улица Чкалова,79,3,4.9676,5.6989,5.003,1.597,3.3616,True,False,"[29.491402, 46.832239]",7.3091,3,
Парканы,Парканы,улица Чкалова,80,3,5.05,5.7813,5.086,1.597,3.444,True,False,"[29.491402, 46.832239]",7.4464,3,
Парканы,Парканы,улица Чкалова,81,3,4.9845,5.7158,5.02,1.597,3.3785,True,False,"[29.491402, 46.832239]",7.3372,3,
Парканы,Парканы,улица Чкалова,82,3,5.0722,5.8034,5.108,1.597,3.4662,True,False,"[29.491402, 46.832239]",7.4834,3,
Парканы,Парканы,улица Чкалова,83,3,4.999,5.7303,5.034,1.597,3.393,True,False,"[29.491402, 46.832239]",7.3614,3,
Парканы,Парканы,улица Чкалова,84,3,5.0945,5.8258,5.13,1.597,3.4886,True,False,"[29.491402, 46.832239]",7.5207,3,
Парканы,Парканы,улица Чкалова,85,3,5.0145,5.7458,5.049,1.597,3.4085,True,False,"[29.491402, 46.832239]",7.3872,3,
Парканы,Парканы,улица Чкалова,86,3,5.1211,5.8524,5.157,1.597,3.5152,True,False,"[29.491402, 46.832239]",7.5651,3,
Парканы,Парканы,улица Чкалова,87,3,5.0291,5.7604,5.065,1.597,3.4231,True,False,"[29.491402, 46.832239]",7.4116,3,
Парканы,Парканы,улица Чкалова,88,3,5.1444,5.8757,5.18,1.597,3.5384,True,False,"[29.491402, 46.832239]",7.6037,3,
Парканы,Парканы,улица Чкалова,89,3,5.0424,5.7737,5.078,1.597,3.4365,True,False,"[29.491402, 46.832239]",7.4339,3,
Парканы,Парканы,улица Чкалова,90,3,5.1866,5.9179,5.222,1.597,3.5806,True,False,"[29.491402, 46.832239]",7.6741,3,
Парканы,Парканы,улица Чкалова,91,3,5.0569,5.7882,5.093,1.597,3.4509,True,False,"[29.491402, 46.832239]",7.4579,3,
Парканы,Парканы,улица Чкалова,92,3,5.2269,5.9582,5.263,1.597,3.6209,True,False,"[29.491402, 46.832239]",7.7412,3,
Парканы,Парканы,улица Чкалова,95,3,5.0868,5.8181,5.122,1.597,3.4809,True,False,"[29.491402, 46.832239]",7.5079,3,
Парканы,Парканы,улица Чкалова,97,3,5.0981,5.8294,5.133,1.597,3.4921,True,False,"[29.491402, 46.832239]",7.5266,3,
Парканы,Парканы,улица Чкалова,99,3,5.1114,5.8427,5.147,1.597,3.5055,True,False,"[29.491402, 46.832239]",7.5489,3,
Парканы,Парканы,улица Чкалова,101,3,5.1259,5.8572,5.161,1.597,3.5199,True,False,"[29.491402, 46.832239]",7.5729,3,
Парканы,Парканы,улица Чкалова,103,3,5.1448,5.8761,5.18,1.597,3.5389,True,False,"[29.491402, 46.832239]",7.6046,3,
Парканы,Парканы,улица Чкалова,105,3,5.1605,5.8918,5.196,1.597,3.5546,True,False,"[29.491402, 46.832239]",7.6307,3,
Парканы,Парканы,улица Чкалова,107,3,5.1872,5.9185,5.223,1.597,3.5813,True,False,"[29.491402, 46.832239]",7.6752,3,
Парканы,Парканы,улица Чкалова,109,3,5.2096,5.9409,5.245,1.597,3.6037,True,False,"[29.491402, 46.832239]",7.7126,3,
Парканы,Парканы,улица Чкалова,111,3,5.2363,5.9676,5.271,1.597,3.6304,True,False,"[29.491402, 46.832239]",7.7571,3,
Парканы,Парканы,улица Чкалова,113,3,5.2541,5.9854,5.29,1.597,3.6482,True,False,"[29.491402, 46.832239]",7.7867,3,
Парканы,Парканы,улица Чкалова,115,3,5.2742,6.0055,5.31,1.597,3.6683,True,False,"[29.491402, 46.832239]",7.8202,3,
Парканы,Парканы,улица Чкалова,117,3,5.3576,6.0889,5.286,1.597,3.7521,True,False,"[29.491402, 46.832239]",7.9599,3,
Парканы,Парканы,улица Шевченко,1а,2,3.286,4.0173,3.321,1.597,1.6836,True,False,"[29.491402, 46.832239]",4.5124,2,
Парканы,Парканы,улица Шевченко,2,3,4.6832,5.4145,4.719,1.597,3.0778,True,False,"[29.491402, 46.832239]",6.8361,3,
Парканы,Парканы,улица Шевченко,6,2,3.3454,4.0767,3.381,1.597,1.7426,True,False,"[29.491402, 46.832239]",4.6107,2,
Парканы,Парканы,улица Шевченко,7,2,3.4962,4.2275,3.532,1.597,1.893,True,False,"[29.491402, 46.832239]",4.8614,2,
Парканы,Парканы,улица Шевченко,8,3,4.5974,5.3287,4.633,1.597,2.9921,True,False,"[29.491402, 46.832239]",6.6932,3,
Парканы,Парканы,улица Шевченко,9,2,3.517,4.2483,3.552,1.597,1.9137,True,False,"[29.491402, 46.832239]",4.8959,2,
Парканы,Парканы,улица Шевченко,10,2,3.4094,4.1407,3.445,1.597,1.8062,True,False,"[29.491402, 46.832239]",4.7167,2,
Парканы,Парканы,улица Шевченко,11,2,3.5322,4.2635,3.568,1.597,1.9289,True,False,"[29.491402, 46.832239]",4.9212,2,
Парканы,Парканы,улица Шевченко,12,2,3.4304,4.1617,3.466,1.597,1.8272,True,False,"[29.491402, 46.832239]",4.7517,2,
Парканы,Парканы,улица Шевченко,13,2,3.5452,4.2765,3.581,1.597,1.9419,True,False,"[29.491402, 46.832239]",4.9429,2,
Парканы,Парканы,улица Шевченко,14,2,3.4496,4.1809,3.485,1.597,1.8463,True,False,"[29.491402, 46.832239]",4.7836,2,
Парканы,Парканы,улица Шевченко,15,2,3.5635,4.2948,3.599,1.597,1.9601,True,False,"[29.491402, 46.832239]",4.9732,2,
Парканы,Парканы,улица Шевченко,19,2,3.5771,4.3083,3.612,1.597,1.9736,True,False,"[29.491402, 46.832239]",4.9957,2,
Парканы,Парканы,улица Шевченко,21,2,3.5911,4.3224,3.627,1.597,1.9876,True,False,"[29.491402, 46.832239]",5.0191,2,
Парканы,Парканы,улица Шевченко,23,2,3.6056,4.3369,3.641,1.597,2.0021,True,False,"[29.491402, 46.832239]",5.0432,2,
Парканы,Парканы,улица Шевченко,25,2,3.6209,4.3522,3.657,1.597,2.0173,True,False,"[29.491402, 46.832239]",5.0686,2,
Парканы,Парканы,улица Шевченко,27,2,3.6431,4.3744,3.678,1.597,2.0394,True,False,"[29.491402, 46.832239]",5.1054,2,
Парканы,Парканы,улица Шевченко,29,2,3.6599,4.3912,3.696,1.597,2.0562,True,False,"[29.491402, 46.832239]",5.1334,2,
Парканы,Парканы,улица Шевченко,31,2,3.6776,4.4089,3.713,1.597,2.0738,True,False,"[29.491402, 46.832239]",5.1627,2,
Парканы,Парканы,улица Шевченко,33,2,3.697,4.4283,3.733,1.597,2.0932,True,False,"[29.491402, 46.832239]",5.1951,2,
Парканы,Парканы,улица Шевченко,35,2,3.7177,4.4489,3.753,1.597,2.1138,True,False,"[29.491402, 46.832239]",5.2294,2,
Парканы,Парканы,улица Шевченко,37,2,3.7516,4.4828,3.787,1.597,2.1476,True,False,"[29.491402, 46.832239]",5.2857,2,
Парканы,Парканы,улица Шевченко,39,2,3.7726,4.5038,3.808,1.597,2.1685,True,False,"[29.491402, 46.832239]",5.3206,2,
Парканы,Парканы,улица Шевченко,41,2,3.7955,4.5268,3.831,1.597,2.1914,True,False,"[29.491402, 46.832239]",5.3587,2,
Парканы,Парканы,улица Шевченко,43,2,3.8179,4.5492,3.853,1.597,2.2137,True,False,"[29.491402, 46.832239]",5.3959,2,
Парканы,Парканы,улица Шевченко,45,2,3.8336,4.5648,3.869,1.597,2.2293,True,False,"[29.491402, 46.832239]",5.4219,2,
Парканы,Парканы,улица Шевченко,47,2,3.8628,4.5941,3.899,1.597,2.2585,True,False,"[29.491402, 46.832239]",5.4706,2,
Парканы,Парканы,улица Шевченко,49,2,3.8849,4.6162,3.92,1.597,2.2805,True,False,"[29.491402, 46.832239]",5.5072,2,
Парканы,Парканы,улица Шевченко,51,2,3.9124,4.6437,3.948,1.597,2.308,True,False,"[29.491402, 46.832239]",5.5531,2,
Парканы,Парканы,улица Шевченко,59,2,3.9301,4.6614,3.965,1.597,2.3257,True,False,"[29.491402, 46.832239]",5.5826,2,
Парканы,Парканы,улица Шевченко,63,2,3.955,4.6863,3.99,1.597,2.3505,True,False,"[29.491402, 46.832239]",5.6239,2,
Парканы,Парканы,улица Шевченко,65,2,3.981,4.7123,4.017,1.597,2.3764,True,False,"[29.491402, 46.832239]",5.6671,2,
Парканы,Парканы,улица Шевченко,65,2,4.007,4.7383,4.017,1.597,2.4023,True,False,"[29.491402, 46.832239]",5.7102,2,
Парканы,Парканы,улица Шевченко,67,2,4.0381,4.7694,4.074,1.597,2.4333,True,False,"[29.491402, 46.832239]",5.7619,2,
Парканы,Парканы,улица Шевченко,69,3,4.0481,4.7794,4.084,1.597,2.4433,True,False,"[29.491402, 46.832239]",5.7786,2,zone_move_3->2
Парканы,Парканы,улица Шевченко,71,3,4.0666,4.7979,4.102,1.597,2.4618,True,False,"[29.491402, 46.832239]",5.8094,2,zone_move_3->2
Парканы,Парканы,улица Шевченко,75,3,4.5961,5.3274,4.631,1.597,2.9908,True,False,"[29.491402, 46.832239]",6.6911,3,
Парканы,Парканы,улица Шевченко,77,3,4.5702,5.3015,4.605,1.597,2.965,True,False,"[29.491402, 46.832239]",6.6481,3,
Парканы,Парканы,улица Шевченко,79,3,4.5499,5.2812,4.585,1.597,2.9447,True,False,"[29.491402, 46.832239]",6.6142,3,
Парканы,Парканы,улица Шевченко,81,3,4.5226,5.2539,4.558,1.597,2.9175,True,False,"[29.491402, 46.832239]",6.5689,3,
Парканы,Парканы,улица Энгельса,1,3,4.1467,4.878,4.182,1.597,2.5422,True,False,"[29.491402, 46.832239]",5.9434,2,zone_move_3->2
Парканы,Парканы,улица Энгельса,2,3,4.15,4.8813,4.185,1.597,2.5455,True,False,"[29.491402, 46.832239]",5.9489,2,zone_move_3->2
Парканы,Парканы,улица Энгельса,3,3,4.2251,4.9564,4.26,1.597,2.6206,True,False,"[29.491402, 46.832239]",6.0741,3,
Парканы,Парканы,улица Энгельса,4,3,4.1655,4.8967,4.201,1.597,2.5609,True,False,"[29.491402, 46.832239]",5.9746,2,zone_move_3->2
Парканы,Парканы,улица Энгельса,5,3,4.2733,5.0046,4.309,1.597,2.6688,True,False,"[29.491402, 46.832239]",6.1544,3,
Парканы,Парканы,улица Энгельса,6,3,4.1814,4.9127,4.217,1.597,2.5769,True,False,"[29.491402, 46.832239]",6.0012,2,zone_move_3->2
Парканы,Парканы,улица Энгельса,7,3,4.3204,5.0517,4.355,1.597,2.7158,True,False,"[29.491402, 46.832239]",6.2327,3,
Парканы,Парканы,улица Энгельса,8,3,4.1948,4.9261,4.231,1.597,2.5903,True,False,"[29.491402, 46.832239]",6.0236,2,zone_move_3->2
Парканы,Парканы,улица Энгельса,9,3,4.3504,5.0817,4.386,1.597,2.7459,True,False,"[29.491402, 46.832239]",6.2829,3,
Парканы,Парканы,улица Энгельса,10,3,4.2089,4.9402,4.244,1.597,2.6043,True,False,"[29.491402, 46.832239]",6.0469,2,zone_move_3->2
Парканы,Парканы,улица Энгельса,11,3,4.4302,5.1615,4.466,1.597,2.8256,True,False,"[29.491402, 46.832239]",6.4157,3,
Парканы,Парканы,улица Энгельса,12,3,4.2384,4.9696,4.274,1.597,2.6338,True,False,"[29.491402, 46.832239]",6.0961,3,
Парканы,Парканы,улица Энгельса,13,3,4.4621,5.1933,4.497,1.597,2.8575,True,False,"[29.491402, 46.832239]",6.4689,3,
Парканы,Парканы,улица Энгельса,14,3,4.2831,5.0144,4.319,1.597,2.6786,True,False,"[29.491402, 46.832239]",6.1707,3,
Парканы,Парканы,улица Энгельса,15,3,4.495,5.2263,4.531,1.597,2.8905,True,False,"[29.491402, 46.832239]",6.5239,3,
Парканы,Парканы,улица Энгельса,16,3,4.3587,5.09,4.394,1.597,2.7541,True,False,"[29.491402, 46.832239]",6.2966,3,
Парканы,Парканы,улица Энгельса,17,3,4.5214,5.2527,4.557,1.597,2.9169,True,False,"[29.491402, 46.832239]",6.5679,3,
Парканы,Парканы,улица Энгельса,18,3,4.3718,5.1031,4.407,1.597,2.7672,True,False,"[29.491402, 46.832239]",6.3184,3,
Парканы,Парканы,улица Энгельса,19,3,4.5487,5.28,4.584,1.597,2.9442,True,False,"[29.491402, 46.832239]",6.6134,3,
Парканы,Парканы,улица Энгельса,20,3,4.3838,5.1151,4.419,1.597,2.7793,True,False,"[29.491402, 46.832239]",6.3386,3,
Парканы,Парканы,улица Энгельса,21,3,4.5605,5.2918,4.596,1.597,2.956,True,False,"[29.491402, 46.832239]",6.6331,3,
Парканы,Парканы,улица Энгельса,22,3,4.41,5.1413,4.445,1.597,2.8054,True,False,"[29.491402, 46.832239]",6.3821,3,
Парканы,Парканы,улица Энгельса,23,3,4.5757,5.307,4.611,1.597,2.9712,True,False,"[29.491402, 46.832239]",6.6584,3,
Парканы,Парканы,улица Энгельса,24,3,4.4247,5.156,4.46,1.597,2.8201,True,False,"[29.491402, 46.832239]",6.4066,3,
Парканы,Парканы,улица Энгельса,25,3,4.592,5.3232,4.627,1.597,2.9874,True,False,"[29.491402, 46.832239]",6.6854,3,
Парканы,Парканы,улица Энгельса,26,3,4.4376,5.1689,4.473,1.597,2.8331,True,False,"[29.491402, 46.832239]",6.4282,3,
Парканы,Парканы,улица Энгельса,27,3,4.6047,5.336,4.64,1.597,3.0001,True,False,"[29.491402, 46.832239]",6.7066,3,
Парканы,Парканы,улица Энгельса,28,3,4.4663,5.1976,4.502,1.597,2.8617,True,False,"[29.491402, 46.832239]",6.4759,3,
Парканы,Парканы,улица Энгельса,29,3,4.6163,5.3475,4.652,1.597,3.0117,True,False,"[29.491402, 46.832239]",6.7259,3,
Парканы,Парканы,улица Энгельса,30,3,4.4785,5.2098,4.514,1.597,2.874,True,False,"[29.491402, 46.832239]",6.4964,3,
Парканы,Парканы,улица Энгельса,31,3,4.6314,5.3627,4.667,1.597,3.0269,True,False,"[29.491402, 46.832239]",6.7512,3,
Парканы,Парканы,улица Энгельса,32,3,4.4929,5.2242,4.529,1.597,2.8884,True,False,"[29.491402, 46.832239]",6.5204,3,
Парканы,Парканы,улица Энгельса,33,3,4.6447,5.3759,4.68,1.597,3.0401,True,False,"[29.491402, 46.832239]",6.7732,3,
Парканы,Парканы,улица Энгельса,34,3,4.5149,5.2462,4.551,1.597,2.9103,True,False,"[29.491402, 46.832239]",6.5569,3,
Парканы,Парканы,улица Энгельса,35,3,4.6573,5.3885,4.693,1.597,3.0527,True,False,"[29.491402, 46.832239]",6.7942,3,
Парканы,Парканы,улица Энгельса,36,3,4.5295,5.2608,4.565,1.597,2.9249,True,False,"[29.491402, 46.832239]",6.5812,3,
Парканы,Парканы,улица Энгельса,37,3,4.6837,5.415,4.719,1.597,3.0791,True,False,"[29.491402, 46.832239]",6.8382,3,
Парканы,Парканы,улица Энгельса,38,3,4.5504,5.2817,4.586,1.597,2.9458,True,False,"[29.491402, 46.832239]",6.6161,3,
Парканы,Парканы,улица Энгельса,39,3,4.7012,5.4325,4.737,1.597,3.0966,True,False,"[29.491402, 46.832239]",6.8674,3,
Парканы,Парканы,улица Энгельса,40,3,4.5687,5.3,4.604,1.597,2.9642,True,False,"[29.491402, 46.832239]",6.6467,3,
Парканы,Парканы,улица Энгельса,41,3,4.7146,5.4459,4.75,1.597,3.11,True,False,"[29.491402, 46.832239]",6.8897,3,
Парканы,Парканы,улица Энгельса,42,3,4.5897,5.321,4.625,1.597,2.9852,True,False,"[29.491402, 46.832239]",6.6817,3,
Парканы,Парканы,улица Энгельса,43,3,4.7297,5.461,4.766,1.597,3.1251,True,False,"[29.491402, 46.832239]",6.9149,3,
Парканы,Парканы,улица Энгельса,44,3,4.6128,5.344,4.648,1.597,3.0082,True,False,"[29.491402, 46.832239]",6.7201,3,
Парканы,Парканы,улица Энгельса,45,3,4.7451,5.4764,4.78,1.597,3.1405,True,False,"[29.491402, 46.832239]",6.9406,3,
Парканы,Парканы,улица Энгельса,46,3,4.6371,5.3683,4.673,1.597,3.0325,True,False,"[29.491402, 46.832239]",6.7606,3,
Парканы,Парканы,улица Энгельса,46а,3,4.6267,5.3579,4.562,1.597,3.0221,True,False,"[29.491402, 46.832239]",6.7432,3,
Парканы,Парканы,улица Энгельса,46а,3,4.5267,5.258,4.562,1.597,2.9221,True,False,"[29.491402, 46.832239]",6.5766,3,
Парканы,Парканы,улица Энгельса,47,3,4.7618,5.4931,4.797,1.597,3.1572,True,False,"[29.491402, 46.832239]",6.9684,3,
Парканы,Парканы,улица Энгельса,48,3,4.6617,5.393,4.697,1.597,3.0571,True,False,"[29.491402, 46.832239]",6.8016,3,
Парканы,Парканы,улица Энгельса,49,3,4.7741,5.5054,4.81,1.597,3.1695,True,False,"[29.491402, 46.832239]",6.9889,3,
Парканы,Парканы,улица Энгельса,50,3,4.6858,5.4171,4.721,1.597,3.0813,True,False,"[29.491402, 46.832239]",6.8419,3,
Парканы,Парканы,улица Энгельса,51,3,4.8002,5.5315,4.835,1.597,3.1956,True,False,"[29.491402, 46.832239]",7.0324,3,
Парканы,Парканы,улица Энгельса,52,3,4.6989,5.4302,4.734,1.597,3.0944,True,False,"[29.491402, 46.832239]",6.8637,3,
Парканы,Парканы,улица Энгельса,53,3,5.1286,5.8599,5.165,1.597,3.5242,True,False,"[29.491402, 46.832239]",7.5801,3,
Парканы,Парканы,улица Энгельса,54,3,4.7109,5.4422,4.746,1.597,3.1063,True,False,"[29.491402, 46.832239]",6.8836,3,
Парканы,Парканы,улица Энгельса,55,3,5.1152,5.8465,5.151,1.597,3.5108,True,False,"[29.491402, 46.832239]",7.5577,3,
Парканы,Парканы,улица Энгельса,56,3,4.72,5.4513,4.755,1.597,3.1155,True,False,"[29.491402, 46.832239]",6.8989,3,
Парканы,Парканы,улица Энгельса,57,3,5.0894,5.8207,5.125,1.597,3.485,True,False,"[29.491402, 46.832239]",7.5147,3,
Парканы,Парканы,улица Энгельса,58,3,4.7347,5.466,4.77,1.597,3.1301,True,False,"[29.491402, 46.832239]",6.9232,3,
Парканы,Парканы,улица Энгельса,59,3,5.0764,5.8077,5.111,1.597,3.472,True,False,"[29.491402, 46.832239]",7.4931,3,
Парканы,Парканы,улица Энгельса,60,3,4.7574,5.4887,4.793,1.597,3.1528,True,False,"[29.491402, 46.832239]",6.9611,3,
Парканы,Парканы,улица Энгельса,61,3,5.0635,5.7948,5.099,1.597,3.4591,True,False,"[29.491402, 46.832239]",7.4716,3,
Парканы,Парканы,улица Энгельса,62,3,4.7859,5.5172,4.821,1.597,3.1813,True,False,"[29.491402, 46.832239]",7.0086,3,
Парканы,Парканы,улица Энгельса,63,3,5.0503,5.7815,5.086,1.597,3.4459,True,False,"[29.491402, 46.832239]",7.4496,3,
Парканы,Парканы,улица Энгельса,64,3,4.8096,5.5409,4.845,1.597,3.205,True,False,"[29.491402, 46.832239]",7.0481,3,
Парканы,Парканы,улица Энгельса,65,3,5.0362,5.7674,5.072,1.597,3.4318,True,False,"[29.491402, 46.832239]",7.4261,3,
Парканы,Парканы,улица Энгельса,65,3,5.085,5.8163,5.072,1.597,3.4806,True,False,"[29.491402, 46.832239]",7.5074,3,
Парканы,Парканы,улица Энгельса,66,3,4.8225,5.5538,4.858,1.597,3.2179,True,False,"[29.491402, 46.832239]",7.0696,3,
Парканы,Парканы,улица Энгельса,67,3,5.0152,5.7465,5.05,1.597,3.4109,True,False,"[29.491402, 46.832239]",7.3912,3,
Парканы,Парканы,улица Энгельса,68,3,5.1277,5.859,5.163,1.597,3.5234,True,False,"[29.491402, 46.832239]",7.5787,3,
Парканы,Парканы,улица Энгельса,69,3,5.0024,5.7337,5.038,1.597,3.3981,True,False,"[29.491402, 46.832239]",7.3699,3,
Парканы,Парканы,улица Энгельса,70,3,5.1029,5.8342,5.138,1.597,3.4985,True,False,"[29.491402, 46.832239]",7.5372,3,
Парканы,Парканы,улица Энгельса,71,3,4.9868,5.7181,5.022,1.597,3.3825,True,False,"[29.491402, 46.832239]",7.3439,3,
Парканы,Парканы,улица Энгельса,71а,3,4.9753,5.7066,5.011,1.597,3.371,True,False,"[29.491402, 46.832239]",7.3247,3,
Парканы,Парканы,улица Энгельса,72,3,5.0914,5.8227,5.127,1.597,3.487,True,False,"[29.491402, 46.832239]",7.5181,3,
Парканы,Парканы,улица Энгельса,73,3,4.9625,5.6938,4.998,1.597,3.3581,True,False,"[29.491402, 46.832239]",7.3032,3,
Парканы,Парканы,улица Энгельса,74,3,5.0492,5.7805,5.085,1.597,3.4448,True,False,"[29.491402, 46.832239]",7.4477,3,
Парканы,Парканы,улица Энгельса,74а,3,5.0732,5.8045,5.109,1.597,3.4688,True,False,"[29.491402, 46.832239]",7.4877,3,
Парканы,Парканы,улица Энгельса,76,3,5.0371,5.7684,5.073,1.597,3.4328,True,False,"[29.491402, 46.832239]",7.4277,3,
Парканы,Парканы,улица Энгельса,78,3,5.0241,5.7554,5.059,1.597,3.4197,True,False,"[29.491402, 46.832239]",7.4059,3,
Парканы,Парканы,улица Энгельса,80,3,5.0079,5.7392,5.043,1.597,3.4035,True,False,"[29.491402, 46.832239]",7.3789,3,
Парканы,Парканы,улица Энгельса,82,3,4.9962,5.7275,5.031,1.597,3.3918,True,False,"[29.491402, 46.832239]",7.3594,3,
Парканы,Парканы,улица Энгельса,84,3,4.9826,5.7139,5.018,1.597,3.3782,True,False,"[29.491402, 46.832239]",7.3367,3,
Парканы,Парканы,улица Энгельса,86,3,4.9672,5.6985,5.003,1.597,3.3628,True,False,"[29.491402, 46.832239]",7.3111,3,
Парканы,Парканы,улица Энгельса,88,3,4.9421,5.6734,4.978,1.597,3.3378,True,False,"[29.491402, 46.832239]",7.2694,3,
Парканы,Парканы,улица Энгельса,88а,3,4.9525,5.6838,4.988,1.597,3.3482,True,False,"[29.491402, 46.832239]",7.2867,3,
